word	code	source	thuocl_df	xinhua	keep_reason	corpus_source_count	corpus_total_count	idiom_dual	ime_dual
啊啊啊啊	aaaa	简单鹤		0		0	0	0	0
傲岸不群	aabq	简单鹤		0		0	0	0	0
皑皑白雪	aabx	简单鹤		0		0	0	0	0
暗暗点头	aadt	简单鹤		0		0	0	0	0
暗暗高兴	aagx	简单鹤		0		0	0	0	0
暗暗吃惊	aaij	简单鹤		0		0	0	0	0
暗暗称奇	aaiq	简单鹤		0		0	0	0	0
暗暗佩服	aapf	简单鹤		0		0	0	0	0
暗暗祈祷	aaqd	简单鹤		0		0	0	0	0
暗暗庆幸	aaqx	简单鹤		0		0	0	0	0
暗暗思忖	aasc	简单鹤		0		0	0	0	0
矮矮实实	aauu	简单鹤		0		0	0	0	0
阿巴阿巴	abab	简单鹤		0		0	0	0	0
安不安全	abaq	简单鹤		0		0	0	0	0
哀兵必败	abbb	简单鹤		0		0	0	0	0
安保措施	abcu	简单鹤		0		0	0	0	0
熬不动了	abdl	简单鹤		0		0	0	0	0
阿鼻地狱	abdy	简单鹤		1		0	0	0	0
熬不过去	abgq	简单鹤		0		0	0	0	0
艾宾浩斯	abhs	简单鹤		0		0	0	0	0
熬不出头	abit	简单鹤		0		0	0	0	0
鞍不离马	ablm	简单鹤		0		0	0	0	0
爱兵如子	abrz	简单鹤		0		0	0	0	0
挨不着边	abvb	简单鹤		0		0	0	0	0
俺不中嘞	abvl	简单鹤		0		0	0	0	0
敖包相会	abxh	简单鹤		0		0	0	0	0
爱才若渴	acrk	简单鹤		1		0	0	0	0
暗藏杀机	acuj	简单鹤		0		0	0	0	0
暗藏玄机	acxj	简单鹤		0		0	0	0	0
爱答不理	adbl	简单鹤		0		0	0	0	0
爱的供养	adgy	简单鹤		0		0	0	0	0
艾迪霍尔	adhe	简单鹤		0		0	0	0	0
安定和谐	adhx	简单鹤		0		0	0	0	0
按道理讲	adlj	简单鹤		0		0	0	0	0
熬到了头	adlt	简单鹤		0		0	0	0	0
按道理说	adlu	简单鹤		0		0	0	0	0
挨冻受饿	adue	简单鹤		1		0	0	0	0
案牍之劳	advl	简单鹤		1		0	0	0	0
爱得要死	adys	简单鹤		0		0	0	0	0
安定有序	adyx	简单鹤		0		0	0	0	0
挨饿受冻	aeud	简单鹤		0		0	0	0	0
案发地点	afdd	简单鹤		0		0	0	0	0
案发当天	afdt	简单鹤		0		0	0	0	0
阿房宫赋	afgf	简单鹤		0		0	0	0	0
安抚人心	afrx	简单鹤		0		0	0	0	0
按方抓药	afvy	简单鹤		0		0	0	0	0
安分知足	afvz	简单鹤		1		0	0	0	0
案发现场	afxi	简单鹤		0		0	0	0	0
阿哥阿妹	agam	简单鹤		0		0	0	0	0
爱国将领	agjl	简单鹤		0		0	0	0	0
挨个击破	agjp	简单鹤		0		0	0	0	0
爱国基因	agjy	简单鹤		0		0	0	0	0
爱国教育	agjy	简单鹤		0		0	0	0	0
爱国力量	agll	简单鹤		0		0	0	0	0
爱狗人士	agru	简单鹤		0		0	0	0	0
爱国诗人	agur	简单鹤		0		0	0	0	0
爱国之心	agvx	简单鹤		0		0	0	0	0
爱国阵线	agvx	简单鹤		0		0	0	0	0
爱国营销	agyx	简单鹤		0		0	0	0	0
啊哈啊哈	ahah	简单鹤		0		0	0	0	0
哀鸿遍地	ahbd	简单鹤		1		0	0	0	0
懊悔不已	ahby	简单鹤		0		0	0	0	0
安魂定魄	ahdp	简单鹤		1		0	0	0	0
爱护动物	ahdw	简单鹤		0		0	0	0	0
爱好广泛	ahgf	简单鹤		0		0	0	0	0
爱护公物	ahgw	简单鹤		0		0	0	0	0
爱好和平	ahhp	简单鹤		0		0	0	0	0
爱恨交织	ahjv	简单鹤		0		0	0	0	0
暗黑模式	ahmu	简单鹤		0		0	0	0	0
爱恨情缘	ahqy	简单鹤		0		0	0	0	0
安好如初	ahri	简单鹤		0		0	0	0	0
爱护植物	ahvw	简单鹤		0		0	0	0	0
爱吃不吃	aibi	简单鹤		0		0	0	0	0
熬肠刮肚	aigd	简单鹤		1		0	0	0	0
爱吃零食	ailu	简单鹤		0		0	0	0	0
暗潮汹涌	aixy	简单鹤		0		0	0	0	0
挨肩搭背	ajdb	简单鹤		1		0	0	0	0
按揭贷款	ajdk	简单鹤		0		0	0	0	0
按揭合同	ajht	简单鹤		0		0	0	0	0
按键冲突	ajit	简单鹤		0		0	0	0	0
按键精灵	ajjl	简单鹤		0		0	0	0	0
按揭利息	ajlx	简单鹤		0		0	0	0	0
暗贱难防	ajnf	简单鹤		0		0	0	0	0
按经取穴	ajqx	简单鹤		0		0	0	0	0
安静入睡	ajru	简单鹤		0		0	0	0	0
案件审理	ajul	简单鹤		0		0	0	0	0
按揭手续	ajux	简单鹤		0		0	0	0	0
安静下来	ajxl	简单鹤		0		0	0	0	0
暗礁险滩	ajxt	简单鹤		0		0	0	0	0
按迹循踪	ajxz	简单鹤		0		0	0	0	0
埃及艳后	ajyh	简单鹤		0		0	0	0	0
爱看不看	akbk	简单鹤		0		0	0	0	0
阿克希亚	akxy	简单鹤		0		0	0	0	0
爱来不来	albl	简单鹤		0		0	0	0	0
案例分析	alfx	简单鹤		0		0	0	0	0
按老规矩	algj	简单鹤		0		0	0	0	0
案例教学	aljx	简单鹤		0		0	0	0	0
按理来讲	allj	简单鹤		0		0	0	0	0
爱莉希雅	alxy	简单鹤		0		0	0	0	0
暗流涌动	alyd	简单鹤		0		0	0	0	0
阿里云盘	alyp	简单鹤		0		0	0	0	0
安利一下	alyx	简单鹤		0		0	0	0	0
爱买不买	ambm	简单鹤		0		0	0	0	0
傲慢不逊	ambx	简单鹤		1		0	0	0	0
哀莫大焉	amdy	简单鹤		0		0	0	0	0
澳门回归	amhg	简单鹤		0		0	0	0	0
阿美莉卡	amlk	简单鹤		0		0	0	0	0
鞍马劳困	amlk	简单鹤		1		0	0	0	0
按摩女郎	amnl	简单鹤		0		0	0	0	0
啊米诺斯	amns	简单鹤		0		0	0	0	0
阿米诺斯	amns	简单鹤		0		0	0	0	0
爱猫人士	amru	简单鹤		0		0	0	0	0
爱美人士	amru	简单鹤		0		0	0	0	0
阿姆斯壮	amsv	简单鹤		0		0	0	0	0
鞍马之劳	amvl	简单鹤		1		0	0	0	0
爱慕之情	amvq	简单鹤		0		0	0	0	0
奥妙无穷	amwq	简单鹤		1		0	0	0	0
爱慕已久	amyj	简单鹤		0		0	0	0	0
按耐不住	anbv	简单鹤		0		0	0	0	0
懊恼不已	anby	简单鹤		0		0	0	0	0
碍难从命	ancm	简单鹤		1		0	0	0	0
安培定则	apdz	简单鹤		0		0	0	0	0
安贫乐贱	aplj	简单鹤		1		0	0	0	0
安贫若素	aprs	简单鹤		0		0	0	0	0
安排妥当	aptd	简单鹤		0		0	0	0	0
安排生活	apuh	简单鹤		0		0	0	0	0
安排时间	apuj	简单鹤		0		0	0	0	0
爱去不去	aqbq	简单鹤		0		0	0	0	0
哀其不争	aqbv	简单鹤		0		0	0	0	0
哀其不幸	aqbx	简单鹤		0		0	0	0	0
安全管家	aqgj	简单鹤		0		0	0	0	0
爱情故事	aqgu	简单鹤		0		0	0	0	0
爱情公寓	aqgy	简单鹤		0		0	0	0	0
按期还款	aqhk	简单鹤		0		0	0	0	0
安全出口	aqik	简单鹤		0		0	0	0	0
爱情长跑	aqip	简单鹤		0		0	0	0	0
奥奇传说	aqiu	简单鹤		0		0	0	0	0
安全出行	aqix	简单鹤		0		0	0	0	0
安全级别	aqjb	简单鹤		0		0	0	0	0
安全距离	aqjl	简单鹤		0		0	0	0	0
爱情买卖	aqmm	简单鹤		0		0	0	0	0
安全起见	aqqj	简单鹤		0		0	0	0	0
安全气囊	aqqn	简单鹤		0		0	0	0	0
安全提示	aqtu	简单鹤		0		0	0	0	0
暗区突围	aqtw	简单鹤		0		0	0	0	0
安全设备	aqub	简单鹤		0		0	0	0	0
安全事故	aqug	简单鹤		0		0	0	0	0
安全施工	aqug	简单鹤		0		0	0	0	0
安全声明	aqum	简单鹤		0		0	0	0	0
安全设施	aquu	简单鹤		0		0	0	0	0
安全使用	aquy	简单鹤		0		0	0	0	0
安全着陆	aqvl	简单鹤		0		0	0	0	0
安全卫士	aqwu	简单鹤		0		0	0	0	0
安全隐患	aqyh	简单鹤		0		0	0	0	0
安全因素	aqys	简单鹤		0		0	0	0	0
安全意识	aqyu	简单鹤		0		0	0	0	0
安全运输	aqyu	简单鹤		0		0	0	0	0
安全有效	aqyx	简单鹤		0		0	0	0	0
爱如潮水	ariu	简单鹤		0		0	0	0	0
爱如己出	arji	简单鹤		1		0	0	0	0
黯然离场	arli	简单鹤		0		0	0	0	0
安然如故	arrg	简单鹤		1		0	0	0	0
爱人如己	arrj	简单鹤		0		0	0	0	0
安然入眠	arrm	简单鹤		0		0	0	0	0
安然入睡	arru	简单鹤		0		0	0	0	0
爱如珍宝	arvb	简单鹤		1		0	0	0	0
矮人一等	aryd	简单鹤		0		0	0	0	0
昂然自得	arzd	简单鹤		1		0	0	0	0
艾斯爱慕	asam	简单鹤		0		0	0	0	0
阿斯巴甜	asbt	简单鹤		0		0	0	0	0
艾特全体	atqt	简单鹤		0		0	0	0	0
奥特之父	atvf	简单鹤		0		0	0	0	0
奥特之母	atvm	简单鹤		0		0	0	0	0
奥特之王	atvw	简单鹤		0		0	0	0	0
爱说爱笑	auax	简单鹤		0		0	0	0	0
安神补脑	aubn	简单鹤		0		0	0	0	0
爱睡不睡	aubu	简单鹤		0		0	0	0	0
爱说不说	aubu	简单鹤		0		0	0	0	0
安神定惊	audj	简单鹤		0		0	0	0	0
安神定魄	audp	简单鹤		1		0	0	0	0
安神定志	audv	简单鹤		0		0	0	0	0
奥数魔刃	aumr	简单鹤		0		0	0	0	0
爱是你我	aunw	简单鹤		0		0	0	0	0
按时起床	auqi	简单鹤		0		0	0	0	0
暗生情愫	auqs	简单鹤		0		0	0	0	0
安适如常	auri	简单鹤		1		0	0	0	0
昂首挺立	autl	简单鹤		0		0	0	0	0
安身之所	auvs	简单鹤		0		0	0	0	0
昂首望天	auwt	简单鹤		1		0	0	0	0
昂首屹立	auyl	简单鹤		0		0	0	0	0
暗中调查	avdi	简单鹤		0		0	0	0	0
安装到位	avdw	简单鹤		0		0	0	0	0
螯肢动物	avdw	简单鹤		0		0	0	0	0
安枕而卧	avew	简单鹤		1		0	0	0	0
按照规定	avgd	简单鹤		0		0	0	0	0
安装过程	avgi	简单鹤		0		0	0	0	0
暗中观察	avgi	简单鹤		0		0	0	0	0
按照惯例	avgl	简单鹤		0		0	0	0	0
癌症患者	avhv	简单鹤		0		0	0	0	0
按照传统	avit	简单鹤		0		0	0	0	0
安装程序	avix	简单鹤		0		0	0	0	0
按照计划	avjh	简单鹤		0		0	0	0	0
安装教程	avji	简单鹤		0		0	0	0	0
安装目录	avml	简单鹤		0		0	0	0	0
安卓平板	avpb	简单鹤		0		0	0	0	0
暗中盘算	avpo	简单鹤		0		0	0	0	0
安卓软件	avrj	简单鹤		0		0	0	0	0
安装软件	avrj	简单鹤		0		0	0	0	0
暗中算计	avsj	简单鹤		0		0	0	0	0
安卓思维	avsw	简单鹤		0		0	0	0	0
安装文件	avwj	简单鹤		0		0	0	0	0
癌症晚期	avwq	简单鹤		0		0	0	0	0
安卓系统	avxt	简单鹤		0		0	0	0	0
暗中相助	avxv	简单鹤		0		0	0	0	0
暗中作梗	avzg	简单鹤		0		0	0	0	0
安危祸福	awhf	简单鹤		0		0	0	0	0
啊我死了	awsl	简单鹤		0		0	0	0	0
阿伟死了	awsl	简单鹤		0		0	0	0	0
爱我中华	awvh	简单鹤		0		0	0	0	0
安慰一下	awyx	简单鹤		0		0	0	0	0
按下不表	axbb	简单鹤		0		0	0	0	0
爱信不信	axbx	简单鹤		0		0	0	0	0
奥匈帝国	axdg	简单鹤		0		0	0	0	0
安心定志	axdv	简单鹤		1		0	0	0	0
按需定制	axdv	简单鹤		0		0	0	0	0
熬心费力	axfl	简单鹤		1		0	0	0	0
爱惜公物	axgw	简单鹤		0		0	0	0	0
安心工作	axgz	简单鹤		0		0	0	0	0
爱心捐款	axjk	简单鹤		0		0	0	0	0
按下快门	axkm	简单鹤		0		0	0	0	0
安心乐意	axly	简单鹤		1		0	0	0	0
爱惜人才	axrc	简单鹤		0		0	0	0	0
安享天年	axtn	简单鹤		0		0	0	0	0
爱惜生命	axum	简单鹤		0		0	0	0	0
爱心助学	axvx	简单鹤		0		0	0	0	0
安下心来	axxl	简单鹤		0		0	0	0	0
按需选择	axxz	简单鹤		0		0	0	0	0
锕系元素	axys	简单鹤		0		0	0	0	0
安闲自得	axzd	简单鹤		1		0	0	0	0
爱惜自己	axzj	简单鹤		0		0	0	0	0
昂扬不灭	aybm	简单鹤		0		0	0	0	0
奥运冠军	aygj	简单鹤		0		0	0	0	0
爱一个人	aygr	简单鹤		0		0	0	0	0
奥运健儿	ayje	简单鹤		0		0	0	0	0
暗夜精灵	ayjl	简单鹤		0		0	0	0	0
奥运精神	ayju	简单鹤		0		0	0	0	0
哎呀妈呀	aymy	简单鹤		0		0	0	0	0
唉呀妈呀	aymy	简单鹤		0		0	0	0	0
碍于面子	aymz	简单鹤		0		0	0	0	0
遨游四海	aysh	简单鹤		0		0	0	0	0
遨游世界	ayuj	简单鹤		0		0	0	0	0
按月支付	ayvf	简单鹤		0		0	0	0	0
安有完卵	aywl	简单鹤		0		0	0	0	0
哎呀我去	aywq	简单鹤		0		0	0	0	0
哎呦我去	aywq	简单鹤		0		0	0	0	0
哎哟我去	aywq	简单鹤		0		0	0	0	0
昂扬向上	ayxu	简单鹤		0		0	0	0	0
俺也一样	ayyy	简单鹤		0		0	0	0	0
安于一隅	ayyy	简单鹤		1		0	0	0	0
肮脏不堪	azbk	简单鹤		0		0	0	0	0
爱走极端	azjd	简单鹤		0		0	0	0	0
按资论辈	azlb	简单鹤		0		0	0	0	0
按资排辈	azpb	简单鹤		0		0	0	0	0
腌臜泼才	azpc	简单鹤		0		0	0	0	0
暗自庆幸	azqx	简单鹤		0		0	0	0	0
暗自思量	azsl	简单鹤		0		0	0	0	0
暗自神伤	azuu	简单鹤		0		0	0	0	0
爱咋咋地	azzd	简单鹤		0		0	0	0	0
爱咋咋的	azzd	简单鹤		0		0	0	0	0
报案电话	badh	简单鹤		0		0	0	0	0
保安队长	badv	简单鹤		0		0	0	0	0
不安好心	bahx	简单鹤		0		0	0	0	0
不按常理	bail	简单鹤		0		0	0	0	0
不爱吃肉	bair	简单鹤		0		0	0	0	0
不安其位	baqw	简单鹤		0		0	0	0	0
不按套路	batl	简单鹤		0		0	0	0	0
不爱说话	bauh	简单鹤		0		0	0	0	0
不按顺序	baux	简单鹤		0		0	0	0	0
不安现状	baxv	简单鹤		0		0	0	0	0
宝贝不错	bbbc	简单鹤		0		0	0	0	0
版本编号	bbbh	简单鹤		0		0	0	0	0
辨别不出	bbbi	简单鹤		0		0	0	0	0
步步逼近	bbbj	简单鹤		0		0	0	0	0
表白被拒	bbbj	简单鹤		0		0	0	0	0
斑驳不堪	bbbk	简单鹤		0		0	0	0	0
半表半里	bbbl	简单鹤		0		0	0	0	0
报不报名	bbbm	简单鹤		0		0	0	0	0
百病不侵	bbbq	简单鹤		0		0	0	0	0
宝宝巴士	bbbu	简单鹤		0		0	0	0	0
不悲不喜	bbbx	简单鹤		0		0	0	0	0
包不包邮	bbby	简单鹤		0		0	0	0	0
并不存在	bbcz	简单鹤		0		0	0	0	0
版本答案	bbda	简单鹤		0		0	0	0	0
并不代表	bbdb	简单鹤		0		0	0	0	0
并不多见	bbdj	简单鹤		0		0	0	0	0
不必多礼	bbdl	简单鹤		0		0	0	0	0
不必多虑	bbdl	简单鹤		0		0	0	0	0
百般抵赖	bbdl	简单鹤		0		0	0	0	0
不变的是	bbdu	简单鹤		0		0	0	0	0
不必多说	bbdu	简单鹤		0		0	0	0	0
并不都是	bbdu	简单鹤		0		0	0	0	0
不必当真	bbdv	简单鹤		0		0	0	0	0
不必担心	bbdx	简单鹤		0		0	0	0	0
不必多言	bbdy	简单鹤		0		0	0	0	0
不被定义	bbdy	简单鹤		0		0	0	0	0
并不等于	bbdy	简单鹤		0		0	0	0	0
碧波荡漾	bbdy	简单鹤		0		0	0	0	0
奔波儿灞	bbeb	简单鹤		0		0	0	0	0
灞波儿奔	bbeb	简单鹤		0		0	0	0	0
暴毙而亡	bbew	简单鹤		0		0	0	0	0
宝贝儿子	bbez	简单鹤		0		0	0	0	0
并不反对	bbfd	简单鹤		0		0	0	0	0
并不符合	bbfh	简单鹤		0		0	0	0	0
百般奉承	bbfi	简单鹤		1		0	0	0	0
不必烦恼	bbfn	简单鹤		0		0	0	0	0
不包分配	bbfp	简单鹤		0		0	0	0	0
并不否认	bbfr	简单鹤		0		0	0	0	0
避避风头	bbft	简单鹤		0		0	0	0	0
不避风险	bbfx	简单鹤		0		0	0	0	0
并不复杂	bbfz	简单鹤		0		0	0	0	0
并不感冒	bbgm	简单鹤		0		0	0	0	0
并不公平	bbgp	简单鹤		0		0	0	0	0
不必管他	bbgt	简单鹤		0		0	0	0	0
版本更新	bbgx	简单鹤		0		0	0	0	0
百般呵护	bbhh	简单鹤		0		0	0	0	0
宝贝回家	bbhj	简单鹤		0		0	0	0	0
并不好看	bbhk	简单鹤		0		0	0	0	0
版本红利	bbhl	简单鹤		0		0	0	0	0
不抱幻想	bbhx	简单鹤		0		0	0	0	0
表白成功	bbig	简单鹤		0		0	0	0	0
不被察觉	bbij	简单鹤		0		0	0	0	0
不败传说	bbiu	简单鹤		0		0	0	0	0
步步紧逼	bbjb	简单鹤		0		0	0	0	0
并不觉得	bbjd	简单鹤		0		0	0	0	0
八部金刚	bbjg	简单鹤		0		0	0	0	0
步步紧跟	bbjg	简单鹤		0		0	0	0	0
不必惊慌	bbjh	简单鹤		0		0	0	0	0
并不仅仅	bbjj	简单鹤		0		0	0	0	0
并不尽然	bbjr	简单鹤		0		0	0	0	0
步步惊心	bbjx	简单鹤		0		0	0	0	0
不被看好	bbkh	简单鹤		0		0	0	0	0
并不看好	bbkh	简单鹤		0		0	0	0	0
并不可靠	bbkk	简单鹤		0		0	0	0	0
并不可能	bbkn	简单鹤		0		0	0	0	0
并不可怕	bbkp	简单鹤		0		0	0	0	0
不必客气	bbkq	简单鹤		0		0	0	0	0
并不看重	bbkv	简单鹤		0		0	0	0	0
并不开心	bbkx	简单鹤		0		0	0	0	0
并不可以	bbky	简单鹤		0		0	0	0	0
白白浪费	bblf	简单鹤		0		0	0	0	0
宝贝老公	bblg	简单鹤		0		0	0	0	0
步步莲花	bblh	简单鹤		1		0	0	0	0
版本落后	bblh	简单鹤		0		0	0	0	0
不被理解	bblj	简单鹤		0		0	0	0	0
并不了解	bblj	简单鹤		0		0	0	0	0
奔波劳苦	bblk	简单鹤		0		0	0	0	0
冰冰凉凉	bbll	简单鹤		0		0	0	0	0
奔波劳碌	bbll	简单鹤	232	0		0	0	0	0
宝贝老婆	bblp	简单鹤		0		0	0	0	0
并不理想	bblx	简单鹤		0		0	0	0	0
半部论语	bbly	简单鹤		1		0	0	0	0
并不明白	bbmb	简单鹤		0		0	0	0	0
并不矛盾	bbmd	简单鹤		0		0	0	0	0
比表面积	bbmj	简单鹤		0		0	0	0	0
奔波忙碌	bbml	简单鹤		0		0	0	0	0
不必勉强	bbmq	简单鹤		0		0	0	0	0
不便明说	bbmu	简单鹤		0		0	0	0	0
并不满足	bbmz	简单鹤		0		0	0	0	0
宝贝女儿	bbne	简单鹤		0		0	0	0	0
别不耐烦	bbnf	简单鹤		0		0	0	0	0
并不能够	bbng	简单鹤		0		0	0	0	0
啵啵奶茶	bbni	简单鹤		0		0	0	0	0
并不确定	bbqd	简单鹤		0		0	0	0	0
遍布全国	bbqg	简单鹤		0		0	0	0	0
并不清楚	bbqi	简单鹤		0		0	0	0	0
并不全是	bbqu	简单鹤		0		0	0	0	0
版本前瞻	bbqv	简单鹤		0		0	0	0	0
并不起眼	bbqy	简单鹤		0		0	0	0	0
百般劝阻	bbqz	简单鹤		0		0	0	0	0
不被认可	bbrk	简单鹤		0		0	0	0	0
并不认识	bbru	简单鹤		0		0	0	0	0
并不认为	bbrw	简单鹤		0		0	0	0	0
并不容易	bbry	简单鹤		0		0	0	0	0
被捕入狱	bbry	简单鹤		0		0	0	0	0
并不太好	bbth	简单鹤		0		0	0	0	0
不便透露	bbtl	简单鹤		0		0	0	0	0
八部天龙	bbtl	简单鹤		0		0	0	0	0
巴巴托斯	bbts	简单鹤		0		0	0	0	0
芭芭脱丝	bbts	简单鹤		0		0	0	0	0
并不同意	bbty	简单鹤		0		0	0	0	0
百八十遍	bbub	简单鹤		0		0	0	0	0
百八十个	bbug	简单鹤		0		0	0	0	0
不败神话	bbuh	简单鹤		0		0	0	0	0
并不适合	bbuh	简单鹤		0		0	0	0	0
遍布伤痕	bbuh	简单鹤		0		0	0	0	0
步步生莲	bbul	简单鹤		0		0	0	0	0
帮不上忙	bbum	简单鹤		0		0	0	0	0
百八十人	bbur	简单鹤		0		0	0	0	0
并不是说	bbuu	简单鹤		0		0	0	0	0
补办手续	bbux	简单鹤		0		0	0	0	0
补补身子	bbuz	简单鹤		0		0	0	0	0
并不值得	bbvd	简单鹤		0		0	0	0	0
并不知道	bbvd	简单鹤		0		0	0	0	0
不便之处	bbvi	简单鹤		0		0	0	0	0
并不支持	bbvi	简单鹤		0		0	0	0	0
八拜至交	bbvj	简单鹤		0		0	0	0	0
憋不住了	bbvl	简单鹤		0		0	0	0	0
绷不住了	bbvl	简单鹤		0		0	0	0	0
蚌埠住了	bbvl	简单鹤		0		0	0	0	0
北部战区	bbvq	简单鹤		0		0	0	0	0
并不知情	bbvq	简单鹤		0		0	0	0	0
不败战神	bbvu	简单鹤		0		0	0	0	0
并不只是	bbvu	简单鹤		0		0	0	0	0
背部指纹	bbvw	简单鹤		0		0	0	0	0
并不重要	bbvy	简单鹤		0		0	0	0	0
版本之子	bbvz	简单鹤		0		0	0	0	0
并不违背	bbwb	简单鹤		0		0	0	0	0
并不为过	bbwg	简单鹤		0		0	0	0	0
被逼无奈	bbwn	简单鹤		0		0	0	0	0
必备物品	bbwp	简单鹤		0		0	0	0	0
并不完全	bbwq	简单鹤		0		0	0	0	0
并不习惯	bbxg	简单鹤		0		0	0	0	0
并不喜欢	bbxh	简单鹤		0		0	0	0	0
斑斑血迹	bbxj	简单鹤		0		0	0	0	0
癍癍血迹	bbxj	简单鹤		0		0	0	0	0
编不下去	bbxq	简单鹤		0		0	0	0	0
并不相同	bbxt	简单鹤		0		0	0	0	0
不便细说	bbxu	简单鹤		0		0	0	0	0
不抱希望	bbxw	简单鹤		0		0	0	0	0
并不希望	bbxw	简单鹤		0		0	0	0	0
并不想要	bbxy	简单鹤		0		0	0	0	0
并不需要	bbxy	简单鹤		0		0	0	0	0
不必要的	bbyd	简单鹤		0		0	0	0	0
并不一定	bbyd	简单鹤		0		0	0	0	0
本不应该	bbyg	简单鹤		0		0	0	0	0
被边缘化	bbyh	简单鹤		0		0	0	0	0
不拔一毛	bbym	简单鹤		1		0	0	0	0
并不一致	bbyv	简单鹤		0		0	0	0	0
并不因为	bbyw	简单鹤		0		0	0	0	0
并不意外	bbyw	简单鹤		0		0	0	0	0
不必言谢	bbyx	简单鹤		0		0	0	0	0
不被允许	bbyx	简单鹤		0		0	0	0	0
并不影响	bbyx	简单鹤		0		0	0	0	0
并不一样	bbyy	简单鹤		0		0	0	0	0
病病殃殃	bbyy	简单鹤		0		0	0	0	0
并不在乎	bbzh	简单鹤		0		0	0	0	0
并不怎么	bbzm	简单鹤		0		0	0	0	0
百般阻挠	bbzn	简单鹤		0		0	0	0	0
并不赞同	bbzt	简单鹤		0		0	0	0	0
并不总是	bbzu	简单鹤		0		0	0	0	0
奔波在外	bbzw	简单鹤		0		0	0	0	0
不必在意	bbzy	简单鹤		0		0	0	0	0
并不在于	bbzy	简单鹤		0		0	0	0	0
八辈祖宗	bbzz	简单鹤		0		0	0	0	0
并存不悖	bcbb	简单鹤		1		0	0	0	0
别踩白块	bcbk	简单鹤		0		0	0	0	0
本次发布	bcfb	简单鹤		0		0	0	0	0
保存回放	bchf	简单鹤		0		0	0	0	0
本次会议	bchy	简单鹤		0		0	0	0	0
不存芥蒂	bcjd	简单鹤		1		0	0	0	0
不曾离开	bclk	简单鹤		0		0	0	0	0
不曾离去	bclq	简单鹤		0		0	0	0	0
百辞莫辩	bcmb	简单鹤		1		0	0	0	0
本次评估	bcpg	简单鹤		0		0	0	0	0
本次评选	bcpx	简单鹤		0		0	0	0	0
保存期限	bcqx	简单鹤		0		0	0	0	0
保存体力	bctl	简单鹤		0		0	0	0	0
百层挑战	bctv	简单鹤		0		0	0	0	0
不曾停歇	bctx	简单鹤		0		0	0	0	0
保存设置	bcuv	简单鹤		0		0	0	0	0
彼苍者天	bcvt	简单鹤		0		0	0	0	0
保存完好	bcwh	简单鹤		0		0	0	0	0
彼此相关	bcxg	简单鹤		0		0	0	0	0
彼此信任	bcxr	简单鹤		0		0	0	0	0
饱餐一顿	bcyd	简单鹤		0		0	0	0	0
不存在了	bczl	简单鹤		0		0	0	0	0
被动挨打	bdad	简单鹤		0		0	0	0	0
不得安宁	bdan	简单鹤		0		0	0	0	0
不得不爱	bdba	简单鹤		0		0	0	0	0
不得不服	bdbf	简单鹤		0		0	0	0	0
不得不看	bdbk	简单鹤		0		0	0	0	0
百度百科	bdbk	简单鹤		0		0	0	0	0
不得不来	bdbl	简单鹤		0		0	0	0	0
表弟表妹	bdbm	简单鹤		0		0	0	0	0
病得不轻	bdbq	简单鹤		0		0	0	0	0
不得不说	bdbu	简单鹤		0		0	0	0	0
不当不正	bdbv	简单鹤		1		0	0	0	0
保大保小	bdbx	简单鹤		0		0	0	0	0
不得不用	bdby	简单鹤		0		0	0	0	0
不叠被子	bdbz	简单鹤		0		0	0	0	0
不得不做	bdbz	简单鹤		0		0	0	0	0
不得不走	bdbz	简单鹤		0		0	0	0	0
百度词典	bdcd	简单鹤		0		0	0	0	0
不打草稿	bdcg	简单鹤		0		0	0	0	0
本地磁盘	bdcp	简单鹤		0		0	0	0	0
不道德的	bddd	简单鹤		0		0	0	0	0
别的地方	bddf	简单鹤		0		0	0	0	0
不懂道理	bddl	简单鹤		0		0	0	0	0
百度地图	bddt	简单鹤		0		0	0	0	0
不单单是	bddu	简单鹤		0		0	0	0	0
遍地都是	bddu	简单鹤		0		0	0	0	0
别的东西	bddx	简单鹤		0		0	0	0	0
不登大雅	bddy	简单鹤		1		0	0	0	0
不断恶化	bdeh	简单鹤		0		0	0	0	0
白得发光	bdfg	简单鹤		0		0	0	0	0
白的发光	bdfg	简单鹤		0		0	0	0	0
不定方程	bdfi	简单鹤		0		0	0	0	0
本地服务	bdfw	简单鹤		0		0	0	0	0
波动范围	bdfw	简单鹤		0		0	0	0	0
不断发现	bdfx	简单鹤		0		0	0	0	0
百度翻译	bdfy	简单鹤		0		0	0	0	0
不断改变	bdgb	简单鹤		0		0	0	0	0
不懂规矩	bdgj	简单鹤		0		0	0	0	0
不得干涉	bdgu	简单鹤		0		0	0	0	0
不断改善	bdgu	简单鹤		0		0	0	0	0
不懂行情	bdhq	简单鹤		0		0	0	0	0
不大会玩	bdhw	简单鹤		0		0	0	0	0
白底红字	bdhz	简单鹤		0		0	0	0	0
白底黑字	bdhz	简单鹤		0		0	0	0	0
半点差错	bdic	简单鹤		0		0	0	0	0
不断尝试	bdiu	简单鹤		0		0	0	0	0
不定积分	bdjf	简单鹤		0		0	0	0	0
八大金刚	bdjg	简单鹤		0		0	0	0	0
不断积累	bdjl	简单鹤		0		0	0	0	0
被动技能	bdjn	简单鹤		0		0	0	0	0
勃大茎深	bdju	简单鹤		0		0	0	0	0
不懂就问	bdjw	简单鹤		0		0	0	0	0
八度空间	bdkj	简单鹤		0		0	0	0	0
百度快照	bdkv	简单鹤		0		0	0	0	0
不打诳语	bdky	简单鹤		0		0	0	0	0
不大了解	bdlj	简单鹤		0		0	0	0	0
本地连接	bdlj	简单鹤		0		0	0	0	0
不达目的	bdmd	简单鹤		0		0	0	0	0
不动明王	bdmw	简单鹤		0		0	0	0	0
不但没有	bdmy	简单鹤		0		0	0	0	0
布丁奶茶	bdni	简单鹤		0		0	0	0	0
不动脑筋	bdnj	简单鹤		0		0	0	0	0
表达能力	bdnl	简单鹤		0		0	0	0	0
笨蛋奶妈	bdnm	简单鹤		0		0	0	0	0
不动脑子	bdnz	简单鹤		0		0	0	0	0
不带脑子	bdnz	简单鹤		0		0	0	0	0
彼得帕克	bdpk	简单鹤		0		0	0	0	0
必读篇目	bdpm	简单鹤		0		0	0	0	0
不断前进	bdqj	简单鹤		0		0	0	0	0
剥夺权利	bdql	简单鹤		0		0	0	0	0
不但如此	bdrc	简单鹤		0		0	0	0	0
不当人看	bdrk	简单鹤		0		0	0	0	0
不打扰了	bdrl	简单鹤		0		0	0	0	0
不得入内	bdrn	简单鹤		0		0	0	0	0
不当人子	bdrz	简单鹤		1		0	0	0	0
别的什么	bdsm	简单鹤		0		0	0	0	0
病毒扫描	bdsm	简单鹤		0		0	0	0	0
百度搜索	bdss	简单鹤		0		0	0	0	0
百度贴吧	bdtb	简单鹤		0		0	0	0	0
白帝托孤	bdtg	简单鹤		0		0	0	0	0
百度推广	bdtg	简单鹤		0		0	0	0	0
半岛铁盒	bdth	简单鹤		0		0	0	0	0
拔得头筹	bdti	简单鹤		0		0	0	0	0
不断提升	bdtu	简单鹤		0		0	0	0	0
宝岛台湾	bdtw	简单鹤		0		0	0	0	0
不大同意	bdty	简单鹤		0		0	0	0	0
不等同于	bdty	简单鹤		0		0	0	0	0
不大适合	bduh	简单鹤		0		0	0	0	0
白帝圣剑	bduj	简单鹤		0		0	0	0	0
不多说了	bdul	简单鹤		0		0	0	0	0
百度视频	bdup	简单鹤		0		0	0	0	0
别的事情	bduq	简单鹤		0		0	0	0	0
不断深入	bdur	简单鹤		0		0	0	0	0
不得少于	bduy	简单鹤		0		0	0	0	0
兵多者败	bdvb	简单鹤		1		0	0	0	0
百度知道	bdvd	简单鹤		0		0	0	0	0
不打折扣	bdvk	简单鹤		0		0	0	0	0
博德之门	bdvm	简单鹤		0		0	0	0	0
白底照片	bdvp	简单鹤		0		0	0	0	0
不带这样	bdvy	简单鹤		0		0	0	0	0
本地文件	bdwj	简单鹤		0		0	0	0	0
病毒文件	bdwj	简单鹤		0		0	0	0	0
百度文库	bdwk	简单鹤		0		0	0	0	0
不得无礼	bdwl	简单鹤		0		0	0	0	0
百度外卖	bdwm	简单鹤		0		0	0	0	0
百度网盘	bdwp	简单鹤		0		0	0	0	0
拔吊无情	bdwq	简单鹤		0		0	0	0	0
拔屌无情	bdwq	简单鹤		0		0	0	0	0
别的问题	bdwt	简单鹤		0		0	0	0	0
绑定微信	bdwx	简单鹤		0		0	0	0	0
不到万一	bdwy	简单鹤		0		0	0	0	0
不大习惯	bdxg	简单鹤		0		0	0	0	0
不端行为	bdxw	简单鹤		0		0	0	0	0
不大相信	bdxx	简单鹤		0		0	0	0	0
八大行星	bdxx	简单鹤		0		0	0	0	0
白带异常	bdyi	简单鹤		0		0	0	0	0
弊大于利	bdyl	简单鹤		0		0	0	0	0
百度云盘	bdyp	简单鹤		0		0	0	0	0
别的意思	bdys	简单鹤		0		0	0	0	0
笨得要死	bdys	简单鹤		0		0	0	0	0
不到一天	bdyt	简单鹤		0		0	0	0	0
背地一套	bdyt	简单鹤		0		0	0	0	0
不得延误	bdyw	简单鹤		0		0	0	0	0
不得有误	bdyw	简单鹤		0		0	0	0	0
不断涌现	bdyx	简单鹤		0		0	0	0	0
百度一下	bdyx	简单鹤		0		0	0	0	0
霸道总裁	bdzc	简单鹤		0		0	0	0	0
不断增强	bdzq	简单鹤		0		0	0	0	0
避而不答	bebd	简单鹤		0		0	0	0	0
背恩负义	befy	简单鹤		1		0	0	0	0
巴尔喀什	beku	简单鹤		0		0	0	0	0
不二人选	berx	简单鹤		0		0	0	0	0
不贰之臣	bevi	简单鹤		0		0	0	0	0
孛儿只斤	bevj	简单鹤		0		0	0	0	0
不二之选	bevx	简单鹤		0		0	0	0	0
播放不了	bfbl	简单鹤		0		0	0	0	0
伯父伯母	bfbm	简单鹤		0		0	0	0	0
不愤不启	bfbq	简单鹤		1		0	0	0	0
不服憋着	bfbv	简单鹤		0		0	0	0	0
不服不行	bfbx	简单鹤		0		0	0	0	0
不负此生	bfcu	简单鹤		0		0	0	0	0
不复当年	bfdn	简单鹤		0		0	0	0	0
不分敌我	bfdw	简单鹤	24	0		0	0	0	0
不分大小	bfdx	简单鹤		0		0	0	0	0
不分敌友	bfdy	简单鹤		0		0	0	0	0
北方方言	bffy	简单鹤		0		0	0	0	0
波分复用	bffy	简单鹤		0		0	0	0	0
不分高低	bfgd	简单鹤		0		0	0	0	0
白费功夫	bfgf	简单鹤		0		0	0	0	0
播放工具	bfgj	简单鹤		0		0	0	0	0
部分功能	bfgn	简单鹤		0		0	0	0	0
不分高下	bfgx	简单鹤		0		0	0	0	0
不分好歹	bfhd	简单鹤		0		0	0	0	0
不分好坏	bfhh	简单鹤		0		0	0	0	0
白发红颜	bfhy	简单鹤		1		0	0	0	0
不服就干	bfjg	简单鹤		0		0	0	0	0
避繁就简	bfjj	简单鹤		0		0	0	0	0
步伐加快	bfjk	简单鹤		0		0	0	0	0
部分课程	bfki	简单鹤		0		0	0	0	0
部分科目	bfkm	简单鹤		0		0	0	0	0
播放控制	bfkv	简单鹤		0		0	0	0	0
白费苦心	bfkx	简单鹤		0		0	0	0	0
不服来辩	bflb	简单鹤		0		0	0	0	0
八方来财	bflc	简单鹤		0		0	0	0	0
不服来干	bflg	简单鹤		0		0	0	0	0
兵分两路	bfll	简单鹤		0		0	0	0	0
不费力气	bflq	简单鹤		0		0	0	0	0
部分利润	bflr	简单鹤		0		0	0	0	0
不分老少	bflu	简单鹤		0		0	0	0	0
不服来战	bflv	简单鹤		0		0	0	0	0
并非没有	bfmy	简单鹤		0		0	0	0	0
北方民族	bfmz	简单鹤		0		0	0	0	0
不分南北	bfnb	简单鹤		0		0	0	0	0
不分年龄	bfnl	简单鹤		0		0	0	0	0
不分男女	bfnn	简单鹤		0		0	0	0	0
不分你我	bfnw	简单鹤		0		0	0	0	0
并非偶然	bfor	简单鹤		0		0	0	0	0
拜佛求经	bfqj	简单鹤		0		0	0	0	0
白发青衫	bfqu	简单鹤		1		0	0	0	0
不分轻重	bfqv	简单鹤		0		0	0	0	0
白发千丈	bfqv	简单鹤		1		0	0	0	0
边防前线	bfqx	简单鹤		0		0	0	0	0
不分日夜	bfry	简单鹤		0		0	0	0	0
不负所托	bfst	简单鹤		0		0	0	0	0
部分通过	bftg	简单鹤		0		0	0	0	0
部分同学	bftx	简单鹤		0		0	0	0	0
不负韶华	bfuh	简单鹤		0		0	0	0	0
报复社会	bfuh	简单鹤		0		0	0	0	0
白费时间	bfuj	简单鹤		0		0	0	0	0
波风水门	bfum	简单鹤		0		0	0	0	0
边防哨所	bfus	简单鹤		0		0	0	0	0
奔赴战场	bfvi	简单鹤		0		0	0	0	0
不负重托	bfvt	简单鹤		0		0	0	0	0
不分先后	bfxh	简单鹤		0		0	0	0	0
不发信号	bfxh	简单鹤		0		0	0	0	0
被发现了	bfxl	简单鹤		0		0	0	0	0
暴风吸入	bfxr	简单鹤		0		0	0	0	0
白费心思	bfxs	简单鹤		0		0	0	0	0
别放心上	bfxu	简单鹤		0		0	0	0	0
八分音符	bfyf	简单鹤		0		0	0	0	0
播放影片	bfyp	简单鹤		0		0	0	0	0
暴风影视	bfyu	简单鹤		0		0	0	0	0
笔锋一转	bfyv	简单鹤		0		0	0	0	0
并非因为	bfyw	简单鹤		0		0	0	0	0
不负责的	bfzd	简单鹤		0		0	0	0	0
不飞则已	bfzy	简单鹤		0		0	0	0	0
不顾安危	bgaw	简单鹤		0		0	0	0	0
不高不矮	bgba	简单鹤		0		0	0	0	0
表哥表姐	bgbj	简单鹤		0		0	0	0	0
不肝不氪	bgbk	简单鹤		0		0	0	0	0
不敢保证	bgbv	简单鹤		0		0	0	0	0
不管不问	bgbw	简单鹤		0		0	0	0	0
宝贵财富	bgcf	简单鹤		0		0	0	0	0
别搞错了	bgcl	简单鹤		0		0	0	0	0
办公电话	bgdh	简单鹤		0		0	0	0	0
不敢怠慢	bgdm	简单鹤		0		0	0	0	0
半个多月	bgdy	简单鹤		0		0	0	0	0
不敢放弃	bgfq	简单鹤		0		0	0	0	0
变更法人	bgfr	简单鹤		0		0	0	0	0
白骨夫人	bgfr	简单鹤		0		0	0	0	0
办公费用	bgfy	简单鹤		0		0	0	0	0
包干负责	bgfz	简单鹤		0		0	0	0	0
不敢高攀	bggp	简单鹤		1		0	0	0	0
不敢恭维	bggw	简单鹤		0		0	0	0	0
不顾后果	bghg	简单鹤		0		0	0	0	0
不过还好	bghh	简单鹤		0		0	0	0	0
办公环境	bghj	简单鹤		0		0	0	0	0
不给活路	bghl	简单鹤		0		0	0	0	0
不干好事	bghu	简单鹤		0		0	0	0	0
不敢或忘	bghw	简单鹤		0		0	0	0	0
摆个臭脸	bgil	简单鹤		0		0	0	0	0
不改初衷	bgiv	简单鹤		0		0	0	0	0
不给机会	bgjh	简单鹤		0		0	0	0	0
不敢接受	bgju	简单鹤		0		0	0	0	0
不过就是	bgju	简单鹤		0		0	0	0	0
白骨教主	bgjv	简单鹤		0		0	0	0	0
不够尽兴	bgjx	简单鹤		0		0	0	0	0
宝贵经验	bgjy	简单鹤		0		0	0	0	0
宾馆客房	bgkf	简单鹤		0		0	0	0	0
不过可以	bgky	简单鹤		0		0	0	0	0
巴格拉斯	bgls	简单鹤		0		0	0	0	0
悲观论调	bglt	简单鹤		0		0	0	0	0
不惯毛病	bgmb	简单鹤		0		0	0	0	0
不敢面对	bgmd	简单鹤		0		0	0	0	0
逼格满满	bgmm	简单鹤		0		0	0	0	0
不给面子	bgmz	简单鹤		0		0	0	0	0
不管你了	bgnl	简单鹤		0		0	0	0	0
不关你事	bgnu	简单鹤		0		0	0	0	0
不过脑子	bgnz	简单鹤		0		0	0	0	0
不敢确定	bgqd	简单鹤		0		0	0	0	0
不顾前后	bgqh	简单鹤		1		0	0	0	0
不够清楚	bgqi	简单鹤		0		0	0	0	0
背过气来	bgql	简单鹤		0		0	0	0	0
百怪千奇	bgqq	简单鹤		1		0	0	0	0
背过气去	bgqq	简单鹤		0		0	0	0	0
拜鬼求神	bgqu	简单鹤		1		0	0	0	0
悲观情绪	bgqx	简单鹤		0		0	0	0	0
办公软件	bgrj	简单鹤		0		0	0	0	0
本国人民	bgrm	简单鹤		0		0	0	0	0
办公人员	bgry	简单鹤		0		0	0	0	0
不过三秒	bgsm	简单鹤		0		0	0	0	0
不告诉你	bgsn	简单鹤		0		0	0	0	0
悲观态度	bgtd	简单鹤		0		0	0	0	0
不管他了	bgtl	简单鹤		0		0	0	0	0
不改头像	bgtx	简单鹤		0		0	0	0	0
不过是个	bgug	简单鹤		0		0	0	0	0
不敢说话	bguh	简单鹤		0		0	0	0	0
半个时辰	bgui	简单鹤		0		0	0	0	0
不够熟练	bgul	简单鹤		0		0	0	0	0
宝贵生命	bgum	简单鹤		0		0	0	0	0
不顾生死	bgus	简单鹤		0		0	0	0	0
不敢擅专	bguv	简单鹤		0		0	0	0	0
不敢奢望	bguw	简单鹤		0		0	0	0	0
补过拾遗	bguy	简单鹤		1		0	0	0	0
不归之路	bgvl	简单鹤		0		0	0	0	0
败鼓之皮	bgvp	简单鹤		1		0	0	0	0
不轨之徒	bgvt	简单鹤		1		0	0	0	0
半个钟头	bgvt	简单鹤		0		0	0	0	0
不干正事	bgvu	简单鹤		0		0	0	0	0
不敢直视	bgvu	简单鹤		0		0	0	0	0
不过这些	bgvx	简单鹤		0		0	0	0	0
不归我管	bgwg	简单鹤		0		0	0	0	0
败国亡家	bgwj	简单鹤		1		0	0	0	0
不关我事	bgwu	简单鹤		0		0	0	0	0
别跟我说	bgwu	简单鹤		0		0	0	0	0
不管许多	bgxd	简单鹤		0		0	0	0	0
不高兴了	bgxl	简单鹤		0		0	0	0	0
闭关修炼	bgxl	简单鹤		0		0	0	0	0
不感兴趣	bgxq	简单鹤		0		0	0	0	0
半个星期	bgxq	简单鹤		0		0	0	0	0
八个小时	bgxu	简单鹤		0		0	0	0	0
半个小时	bgxu	简单鹤		0		0	0	0	0
倍感欣慰	bgxw	简单鹤		0		0	0	0	0
不敢想象	bgxx	简单鹤		0		0	0	0	0
不敢相信	bgxx	简单鹤		0		0	0	0	0
不过现在	bgxz	简单鹤		0		0	0	0	0
不够用的	bgyd	简单鹤		0		0	0	0	0
半个月后	bgyh	简单鹤		0		0	0	0	0
宝贵意见	bgyj	简单鹤		0		0	0	0	0
倍感压力	bgyl	简单鹤		0		0	0	0	0
半个月前	bgyq	简单鹤		0		0	0	0	0
不够资格	bgzg	简单鹤		0		0	0	0	0
不敢自专	bgzv	简单鹤		1		0	0	0	0
保护安全	bhaq	简单鹤		0		0	0	0	0
变化不大	bhbd	简单鹤		0		0	0	0	0
变化不定	bhbd	简单鹤		0		0	0	0	0
拔河比赛	bhbs	简单鹤		0		0	0	0	0
保护措施	bhcu	简单鹤		0		0	0	0	0
白盒测试	bhcu	简单鹤		0		0	0	0	0
闭合电路	bhdl	简单鹤		0		0	0	0	0
不好多说	bhdu	简单鹤		0		0	0	0	0
保护动物	bhdw	简单鹤		0		0	0	0	0
不会放弃	bhfq	简单鹤		0		0	0	0	0
不会改变	bhgb	简单鹤		0		0	0	0	0
变化规律	bhgl	简单鹤		0		0	0	0	0
变化很大	bhhd	简单鹤		0		0	0	0	0
不会后悔	bhhh	简单鹤		0		0	0	0	0
不会回来	bhhl	简单鹤		0		0	0	0	0
不会很难	bhhn	简单鹤		0		0	0	0	0
不会怀孕	bhhy	简单鹤		0		0	0	0	0
不合常理	bhil	简单鹤		0		0	0	0	0
不会承认	bhir	简单鹤		0		0	0	0	0
避祸就福	bhjf	简单鹤		1		0	0	0	0
不好交差	bhji	简单鹤		0		0	0	0	0
不好解决	bhjj	简单鹤		0		0	0	0	0
跋扈将军	bhjj	简单鹤		0		0	0	0	0
避害就利	bhjl	简单鹤		1		0	0	0	0
不会接受	bhju	简单鹤		0		0	0	0	0
保护机制	bhjv	简单鹤		0		0	0	0	0
不会开心	bhkx	简单鹤		0		0	0	0	0
白鹤亮翅	bhli	简单鹤		0		0	0	0	0
不合逻辑	bhlj	简单鹤		0		0	0	0	0
不好理解	bhlj	简单鹤		0		0	0	0	0
不回来了	bhll	简单鹤		0		0	0	0	0
碧海蓝天	bhlt	简单鹤		0		0	0	0	0
不会那么	bhnm	简单鹤		0		0	0	0	0
不好判断	bhpd	简单鹤		0		0	0	0	0
暴虎冯河	bhph	简单鹤		1		0	0	0	0
不好评价	bhpj	简单鹤		0		0	0	0	0
不会抛弃	bhpq	简单鹤		0		0	0	0	0
不好确定	bhqd	简单鹤		0		0	0	0	0
不好惹的	bhrd	简单鹤		0		0	0	0	0
不会容忍	bhrr	简单鹤		0		0	0	0	0
变化如神	bhru	简单鹤		1		0	0	0	0
不会认为	bhrw	简单鹤		0		0	0	0	0
不会思考	bhsk	简单鹤		0		0	0	0	0
不好推辞	bhtc	简单鹤		0		0	0	0	0
保号套餐	bhtc	简单鹤		0		0	0	0	0
不会太好	bhth	简单鹤		0		0	0	0	0
不会太难	bhtn	简单鹤		0		0	0	0	0
不好收场	bhui	简单鹤		0		0	0	0	0
不好说了	bhul	简单鹤		0		0	0	0	0
笔画输入	bhur	简单鹤		0		0	0	0	0
拨号上网	bhuw	简单鹤		0		0	0	0	0
不好使用	bhuy	简单鹤		0		0	0	0	0
不会知道	bhvd	简单鹤		0		0	0	0	0
不会这么	bhvm	简单鹤		0		0	0	0	0
抱憾终身	bhvu	简单鹤		0		0	0	0	0
不会这样	bhvy	简单鹤		0		0	0	0	0
不会忘记	bhwj	简单鹤		0		0	0	0	0
拨号网络	bhwl	简单鹤		0		0	0	0	0
不会为难	bhwn	简单鹤		0		0	0	0	0
崩坏学园	bhxy	简单鹤		0		0	0	0	0
不会因此	bhyc	简单鹤		0		0	0	0	0
不会有错	bhyc	简单鹤		0		0	0	0	0
背后一刀	bhyd	简单鹤		0		0	0	0	0
扳回一城	bhyi	简单鹤		0		0	0	0	0
保护眼睛	bhyj	简单鹤		0		0	0	0	0
扳回一局	bhyj	简单鹤		0		0	0	0	0
背后有人	bhyr	简单鹤		0		0	0	0	0
保护隐私	bhys	简单鹤		0		0	0	0	0
碧海云天	bhyt	简单鹤		0		0	0	0	0
冰寒于水	bhyu	简单鹤		1		0	0	0	0
碧海银沙	bhyu	简单鹤		0		0	0	0	0
不会因为	bhyw	简单鹤		0		0	0	0	0
保护自己	bhzj	简单鹤		0		0	0	0	0
不会再有	bhzy	简单鹤		0		0	0	0	0
保持安静	biaj	简单鹤		0		0	0	0	0
保持不变	bibb	简单鹤		0		0	0	0	0
不吃不喝	bibh	简单鹤		0		0	0	0	0
不吹不黑	bibh	简单鹤		0		0	0	0	0
奔驰宝马	bibm	简单鹤		0		0	0	0	0
不吵不闹	bibn	简单鹤		0		0	0	0	0
包吃包住	bibv	简单鹤		0		0	0	0	0
把持不住	bibv	简单鹤		0		0	0	0	0
百吃不厌	biby	简单鹤		0		0	0	0	0
彼长此消	bicx	简单鹤		0		0	0	0	0
白炽电灯	bidd	简单鹤		0		0	0	0	0
不逞多让	bidr	简单鹤		0		0	0	0	0
八尺大人	bidr	简单鹤		0		0	0	0	0
不吃东西	bidx	简单鹤		0		0	0	0	0
保持队形	bidx	简单鹤		0		0	0	0	0
不成反被	bifb	简单鹤		0		0	0	0	0
八重宫司	bigs	简单鹤		0		0	0	0	0
不出差错	biic	简单鹤		0		0	0	0	0
保持传统	biit	简单鹤		0		0	0	0	0
保持初心	biix	简单鹤		0		0	0	0	0
补偿金额	bije	简单鹤		0		0	0	0	0
保持距离	bijl	简单鹤		0		0	0	0	0
备尝艰辛	bijx	简单鹤		0		0	0	0	0
不成敬意	bijy	简单鹤		0		0	0	0	0
编程开发	bikf	简单鹤		0		0	0	0	0
不穿裤子	bikz	简单鹤		0		0	0	0	0
保持冷静	bilj	简单鹤		0		0	0	0	0
不出来了	bill	简单鹤		0		0	0	0	0
保持联络	bill	简单鹤		0		0	0	0	0
保持联系	bilx	简单鹤		0		0	0	0	0
不吹牛逼	binb	简单鹤		0		0	0	0	0
不穿内裤	bink	简单鹤		0		0	0	0	0
补充能量	binl	简单鹤		0		0	0	0	0
憋出内伤	binu	简单鹤		0		0	0	0	0
搬唇弄舌	binu	简单鹤		1		0	0	0	0
保持平衡	biph	简单鹤		0		0	0	0	0
不成气候	biqh	简单鹤		0		0	0	0	0
保持清洁	biqj	简单鹤		0		0	0	0	0
必承其重	biqv	简单鹤		0		0	0	0	0
编程软件	birj	简单鹤		0		0	0	0	0
补充任务	birw	简单鹤		0		0	0	0	0
补充体力	bitl	简单鹤		0		0	0	0	0
不成体系	bitx	简单鹤		0		0	0	0	0
保持神秘	bium	简单鹤		0		0	0	0	0
补充说明	bium	简单鹤		0		0	0	0	0
悲春伤秋	biuq	简单鹤		0		0	0	0	0
八重神子	biuz	简单鹤		0		0	0	0	0
不成正比	bivb	简单鹤		0		0	0	0	0
不传之秘	bivm	简单鹤		0		0	0	0	0
保持状态	bivt	简单鹤		0		0	0	0	0
被称之为	bivw	简单鹤		0		0	0	0	0
保持质疑	bivy	简单鹤		0		0	0	0	0
变成这样	bivy	简单鹤		0		0	0	0	0
保持稳定	biwd	简单鹤		0		0	0	0	0
逼娼为娼	biwi	简单鹤		0		0	0	0	0
补充文件	biwj	简单鹤		0		0	0	0	0
逼娼为良	biwl	简单鹤		0		0	0	0	0
不成问题	biwt	简单鹤		0		0	0	0	0
不吃香菜	bixc	简单鹤		0		0	0	0	0
报仇血恨	bixh	简单鹤		0		0	0	0	0
变成现实	bixu	简单鹤		0		0	0	0	0
边陲小镇	bixv	简单鹤		0		0	0	0	0
不穿衣服	biyf	简单鹤		0		0	0	0	0
摆出一副	biyf	简单鹤		0		0	0	0	0
变成一个	biyg	简单鹤		0		0	0	0	0
不齿于人	biyr	简单鹤		1		0	0	0	0
补充一下	biyx	简单鹤		0		0	0	0	0
保持原样	biyy	简单鹤		0		0	0	0	0
编程语言	biyy	简单鹤		0		0	0	0	0
保洁阿姨	bjay	简单鹤		0		0	0	0	0
比较悲观	bjbg	简单鹤		0		0	0	0	0
不仅不会	bjbh	简单鹤		0		0	0	0	0
不急不缓	bjbh	简单鹤		0		0	0	0	0
不仅不能	bjbn	简单鹤		0		0	0	0	0
比较薄弱	bjbr	简单鹤		0		0	0	0	0
包接包送	bjbs	简单鹤		0		0	0	0	0
半就半推	bjbt	简单鹤		0		0	0	0	0
比较便宜	bjby	简单鹤		0		0	0	0	0
不急不躁	bjbz	简单鹤		0		0	0	0	0
不接电话	bjdh	简单鹤		0		0	0	0	0
报警电话	bjdh	简单鹤		0		0	0	0	0
不计代价	bjdj	简单鹤		0		0	0	0	0
不记得了	bjdl	简单鹤		0		0	0	0	0
不讲道理	bjdl	简单鹤		0		0	0	0	0
边境地区	bjdq	简单鹤		0		0	0	0	0
不计得失	bjdu	简单鹤		0		0	0	0	0
白金大神	bjdu	简单鹤		0		0	0	0	0
鼻甲肥大	bjfd	简单鹤		0		0	0	0	0
比较反感	bjfg	简单鹤		0		0	0	0	0
不进反退	bjft	简单鹤		0		0	0	0	0
波及范围	bjfw	简单鹤		0		0	0	0	0
不加分析	bjfx	简单鹤		0		0	0	0	0
不惊反喜	bjfx	简单鹤		0		0	0	0	0
不减反增	bjfz	简单鹤		0		0	0	0	0
比较尴尬	bjgg	简单鹤		0		0	0	0	0
编辑功能	bjgn	简单鹤		0		0	0	0	0
八九个人	bjgr	简单鹤		0		0	0	0	0
保洁公司	bjgs	简单鹤		0		0	0	0	0
搬家公司	bjgs	简单鹤		0		0	0	0	0
背景故事	bjgu	简单鹤		0		0	0	0	0
八九个月	bjgy	简单鹤		0		0	0	0	0
钣金工艺	bjgy	简单鹤		0		0	0	0	0
不计后果	bjhg	简单鹤		0		0	0	0	0
比较罕见	bjhj	简单鹤		0		0	0	0	0
北京户口	bjhk	简单鹤		0		0	0	0	0
不就好了	bjhl	简单鹤		0		0	0	0	0
比较合理	bjhl	简单鹤		0		0	0	0	0
比较好听	bjht	简单鹤		0		0	0	0	0
比较合适	bjhu	简单鹤		0		0	0	0	0
比较好玩	bjhw	简单鹤		0		0	0	0	0
不计成本	bjib	简单鹤		0		0	0	0	0
比较充分	bjif	简单鹤		0		0	0	0	0
百结愁肠	bjii	简单鹤		1		0	0	0	0
比较常见	bjij	简单鹤		0		0	0	0	0
边境冲突	bjit	简单鹤		0		0	0	0	0
并将成为	bjiw	简单鹤		0		0	0	0	0
不讲诚信	bjix	简单鹤		0		0	0	0	0
北京朝阳	bjiy	简单鹤		0		0	0	0	0
比较常用	bjiy	简单鹤		0		0	0	0	0
百家讲坛	bjjt	简单鹤		0		0	0	0	0
不积跬步	bjkb	简单鹤		0		0	0	0	0
比较开放	bjkf	简单鹤		0		0	0	0	0
半角空格	bjkg	简单鹤		0		0	0	0	0
白驹空谷	bjkg	简单鹤		1		0	0	0	0
闭卷考试	bjku	简单鹤		0		0	0	0	0
北京烤鸭	bjky	简单鹤		0		0	0	0	0
把酒临风	bjlf	简单鹤		0		0	0	0	0
比较落后	bjlh	简单鹤		0		0	0	0	0
比较了解	bjlj	简单鹤		0		0	0	0	0
绑架勒索	bjls	简单鹤		0		0	0	0	0
比较老实	bjlu	简单鹤		0		0	0	0	0
比较理想	bjlx	简单鹤		0		0	0	0	0
兵精粮足	bjlz	简单鹤		1		0	0	0	0
不计免赔	bjmp	简单鹤		0		0	0	0	0
比较明显	bjmx	简单鹤		0		0	0	0	0
不仅没有	bjmy	简单鹤		0		0	0	0	0
不讲面子	bjmz	简单鹤		0		0	0	0	0
不禁能够	bjng	简单鹤		0		0	0	0	0
比较能干	bjng	简单鹤		0		0	0	0	0
败家娘们	bjnm	简单鹤		0		0	0	0	0
不拘泥于	bjny	简单鹤		0		0	0	0	0
北极鲶鱼	bjny	简单鹤		0		0	0	0	0
比较强大	bjqd	简单鹤		0		0	0	0	0
比较奇怪	bjqg	简单鹤		0		0	0	0	0
遍及全国	bjqg	简单鹤		0		0	0	0	0
半角全角	bjqj	简单鹤		0		0	0	0	0
比较勤快	bjqk	简单鹤		0		0	0	0	0
坂井泉水	bjqu	简单鹤		0		0	0	0	0
比较认可	bjrk	简单鹤		0		0	0	0	0
半截入土	bjrt	简单鹤		1		0	0	0	0
悲剧人物	bjrw	简单鹤		0		0	0	0	0
悲剧色彩	bjsc	简单鹤		0		0	0	0	0
不加思考	bjsk	简单鹤		0		0	0	0	0
不经思考	bjsk	简单鹤		0		0	0	0	0
比较特别	bjtb	简单鹤		0		0	0	0	0
表决通过	bjtg	简单鹤		0		0	0	0	0
比较突出	bjti	简单鹤		0		0	0	0	0
比较推荐	bjtj	简单鹤		0		0	0	0	0
编辑推荐	bjtj	简单鹤		0		0	0	0	0
边界条件	bjtj	简单鹤		0		0	0	0	0
背景图片	bjtp	简单鹤		0		0	0	0	0
不忌生冷	bjul	简单鹤		0		0	0	0	0
比较顺利	bjul	简单鹤		0		0	0	0	0
比肩神明	bjum	简单鹤		0		0	0	0	0
不就是想	bjux	简单鹤		0		0	0	0	0
毕竟是要	bjuy	简单鹤		0		0	0	0	0
边际收益	bjuy	简单鹤		0		0	0	0	0
半截身子	bjuz	简单鹤		0		0	0	0	0
不羁之才	bjvc	简单鹤		1		0	0	0	0
不久之前	bjvq	简单鹤		0		0	0	0	0
背景知识	bjvu	简单鹤		0		0	0	0	0
倍加珍惜	bjvx	简单鹤		0		0	0	0	0
白金之星	bjvx	简单鹤		0		0	0	0	0
比较重要	bjvy	简单鹤		0		0	0	0	0
不讲武德	bjwd	简单鹤		0		0	0	0	0
不尽完美	bjwm	简单鹤		0		0	0	0	0
比较委婉	bjww	简单鹤		0		0	0	0	0
不禁想到	bjxd	简单鹤		0		0	0	0	0
拔尖选调	bjxd	简单鹤		0		0	0	0	0
冰肌雪肤	bjxf	简单鹤		0		0	0	0	0
败家媳妇	bjxf	简单鹤		0		0	0	0	0
比较喜欢	bjxh	简单鹤		0		0	0	0	0
颁奖现场	bjxi	简单鹤		0		0	0	0	0
比较先进	bjxj	简单鹤		0		0	0	0	0
比较现实	bjxu	简单鹤		0		0	0	0	0
不讲信用	bjxy	简单鹤		0		0	0	0	0
边际效应	bjxy	简单鹤		0		0	0	0	0
不经意的	bjyd	简单鹤		0		0	0	0	0
败局已定	bjyd	简单鹤		0		0	0	0	0
不经意间	bjyj	简单鹤		0		0	0	0	0
比较有名	bjym	简单鹤		0		0	0	0	0
不计一切	bjyq	简单鹤		0		0	0	0	0
不讲义气	bjyq	简单鹤		0		0	0	0	0
颁奖仪式	bjyu	简单鹤		0		0	0	0	0
比较严重	bjyv	简单鹤		0		0	0	0	0
不仅因为	bjyw	简单鹤		0		0	0	0	0
不禁要问	bjyw	简单鹤		0		0	0	0	0
不拘言笑	bjyx	简单鹤		0		0	0	0	0
博君一笑	bjyx	简单鹤		0		0	0	0	0
背景音乐	bjyy	简单鹤		0		0	0	0	0
不见踪迹	bjzj	简单鹤		0		0	0	0	0
编辑资料	bjzl	简单鹤		0		0	0	0	0
背景资料	bjzl	简单鹤		0		0	0	0	0
比较自然	bjzr	简单鹤		0		0	0	0	0
比较仔细	bjzx	简单鹤		0		0	0	0	0
不仅在于	bjzy	简单鹤		0		0	0	0	0
不见踪影	bjzy	简单鹤		0		0	0	0	0
不快不慢	bkbm	简单鹤		0		0	0	0	0
不可比拟	bkbn	简单鹤		0		0	0	0	0
百看不腻	bkbn	简单鹤		0		0	0	0	0
不可不信	bkbx	简单鹤		0		0	0	0	0
不肯罢休	bkbx	简单鹤		0		0	0	0	0
百科辞典	bkcd	简单鹤		0		0	0	0	0
不可错过	bkcg	简单鹤		0		0	0	0	0
百科大全	bkdq	简单鹤		0		0	0	0	0
不可代替	bkdt	简单鹤		0		0	0	0	0
报考单位	bkdw	简单鹤		0		0	0	0	0
不可遏制	bkev	简单鹤		0		0	0	0	0
不可遏止	bkev	简单鹤		0		0	0	0	0
八块腹肌	bkfj	简单鹤		0		0	0	0	0
不可分离	bkfl	简单鹤		0		0	0	0	0
不开发票	bkfp	简单鹤		0		0	0	0	0
帮困扶贫	bkfp	简单鹤		0		0	0	0	0
不可复制	bkfv	简单鹤		0		0	0	0	0
不可改变	bkgb	简单鹤		0		0	0	0	0
不可更换	bkgh	简单鹤		0		0	0	0	0
不可回避	bkhb	简单鹤		0		0	0	0	0
不可恢复	bkhf	简单鹤		0		0	0	0	0
不可回收	bkhu	简单鹤		0		0	0	0	0
不可兼得	bkjd	简单鹤		0		0	0	0	0
不可加入	bkjr	简单鹤		0		0	0	0	0
不可接受	bkju	简单鹤		0		0	0	0	0
不可克服	bkkf	简单鹤		0		0	0	0	0
贝克兰德	bkld	简单鹤		0		0	0	0	0
不可理解	bklj	简单鹤		0		0	0	0	0
本科论文	bklw	简单鹤		0		0	0	0	0
不可枚举	bkmj	简单鹤		1		0	0	0	0
不可描述	bkmu	简单鹤		0		0	0	0	0
不可没有	bkmy	简单鹤		0		0	0	0	0
不可能不	bknb	简单鹤		0		0	0	0	0
不可能吧	bknb	简单鹤		0		0	0	0	0
不可能会	bknh	简单鹤		0		0	0	0	0
不可能是	bknu	简单鹤		0		0	0	0	0
不可能说	bknu	简单鹤		0		0	0	0	0
不可能有	bkny	简单鹤		0		0	0	0	0
不可强求	bkqq	简单鹤		0		0	0	0	0
不可全信	bkqx	简单鹤		0		0	0	0	0
不可容忍	bkrr	简单鹤		0		0	0	0	0
不可饶恕	bkru	简单鹤		0		0	0	0	0
不可替代	bktd	简单鹤		0		0	0	0	0
别卡太死	bkts	简单鹤		0		0	0	0	0
不可推卸	bktx	简单鹤		0		0	0	0	0
报刊书籍	bkuj	简单鹤		0		0	0	0	0
不愧是你	bkun	简单鹤		0		0	0	0	0
不愧是我	bkuw	简单鹤		0		0	0	0	0
不可掌控	bkvk	简单鹤		0		0	0	0	0
不可琢磨	bkvm	简单鹤		0		0	0	0	0
报考专业	bkvy	简单鹤		0		0	0	0	0
本科专业	bkvy	简单鹤		0		0	0	0	0
不可谓不	bkwb	简单鹤		0		0	0	0	0
不可违背	bkwb	简单鹤		0		0	0	0	0
本科文凭	bkwp	简单鹤		0		0	0	0	0
不开玩笑	bkwx	简单鹤		0		0	0	0	0
不可外扬	bkwy	简单鹤		0		0	0	0	0
不可懈怠	bkxd	简单鹤		0		0	0	0	0
不可小视	bkxu	简单鹤		0		0	0	0	0
不可以的	bkyd	简单鹤		0		0	0	0	0
不快也光	bkyg	简单鹤		0		0	0	0	0
半框眼镜	bkyj	简单鹤		0		0	0	0	0
不可原谅	bkyl	简单鹤		0		0	0	0	0
不可预料	bkyl	简单鹤		0		0	0	0	0
不可以吗	bkym	简单鹤		0		0	0	0	0
不可预知	bkyv	简单鹤		0		0	0	0	0
本科院校	bkyx	简单鹤		0		0	0	0	0
不可造次	bkzc	简单鹤		1		0	0	0	0
拨款总额	bkze	简单鹤		0		0	0	0	0
包括在内	bkzn	简单鹤		0		0	0	0	0
不可再生	bkzu	简单鹤		0		0	0	0	0
病理变化	blbh	简单鹤		0		0	0	0	0
变来变去	blbq	简单鹤		0		0	0	0	0
摆了摆手	blbu	简单鹤		0		0	0	0	0
不理不问	blbw	简单鹤		0		0	0	0	0
奔流不息	blbx	简单鹤	432	0		0	0	0	0
暴露本性	blbx	简单鹤		0		0	0	0	0
波澜不兴	blbx	简单鹤		0		0	0	0	0
不稂不莠	blby	简单鹤		1		0	0	0	0
败柳残花	blch	简单鹤		1		0	0	0	0
碧蓝档案	blda	简单鹤		0		0	0	0	0
濒临倒闭	bldb	简单鹤		0		0	0	0	0
并列第二	blde	简单鹤		0		0	0	0	0
并列第三	blds	简单鹤		0		0	0	0	0
本来打算	blds	简单鹤		0		0	0	0	0
不了多少	bldu	简单鹤		0		0	0	0	0
并列第一	bldy	简单鹤		0		0	0	0	0
半路返回	blfh	简单鹤		0		0	0	0	0
别浪费了	blfl	简单鹤		0		0	0	0	0
壁垒分明	blfm	简单鹤	168	0		0	0	0	0
比例分配	blfp	简单鹤		0		0	0	0	0
病理反射	blfu	简单鹤		0		0	0	0	0
别来烦我	blfw	简单鹤		0		0	0	0	0
伯劳飞燕	blfy	简单鹤		1		0	0	0	0
暴力犯罪	blfz	简单鹤		0		0	0	0	0
病理改变	blgb	简单鹤		0		0	0	0	0
爸了个根	blgg	简单鹤		0		0	0	0	0
病理过程	blgi	简单鹤		0		0	0	0	0
不露圭角	blgj	简单鹤		1		0	0	0	0
博览古今	blgj	简单鹤		1		0	0	0	0
暴力革命	blgm	简单鹤		0		0	0	0	0
变了个人	blgr	简单鹤		0		0	0	0	0
臂力过人	blgr	简单鹤		0		0	0	0	0
白领公寓	blgy	简单鹤		0		0	0	0	0
不良后果	blhg	简单鹤		0		0	0	0	0
不留痕迹	blhj	简单鹤		0		0	0	0	0
不留后路	blhl	简单鹤		0		0	0	0	0
碧落黄泉	blhq	简单鹤		1		0	0	0	0
本来还想	blhx	简单鹤		0		0	0	0	0
碧蓝航线	blhx	简单鹤		0		0	0	0	0
爆冷出局	blij	简单鹤		0		0	0	0	0
波兰蠢驴	blil	简单鹤		0		0	0	0	0
拔类超群	bliq	简单鹤		1		0	0	0	0
不理朝政	bliv	简单鹤		0		0	0	0	0
步履沉重	bliv	简单鹤		0		0	0	0	0
不了解了	bljl	简单鹤		0		0	0	0	0
不良记录	bljl	简单鹤		0		0	0	0	0
暴力机器	bljq	简单鹤		0		0	0	0	0
臂力惊人	bljr	简单鹤		0		0	0	0	0
本来就是	blju	简单鹤		0		0	0	0	0
拨乱济危	bljw	简单鹤		1		0	0	0	0
本来就有	bljy	简单鹤		0		0	0	0	0
暴力抗法	blkf	简单鹤		0		0	0	0	0
博丽灵梦	bllm	简单鹤		0		0	0	0	0
白领丽人	bllr	简单鹤		0		0	0	0	0
暴露目标	blmb	简单鹤	193	0		0	0	0	0
暴力摩托	blmt	简单鹤		0		0	0	0	0
暴力美学	blmx	简单鹤		0		0	0	0	0
不理你了	blnl	简单鹤		0		0	0	0	0
暴露年龄	blnl	简单鹤		0		0	0	0	0
不老女神	blnu	简单鹤		0		0	0	0	0
不老男神	blnu	简单鹤		0		0	0	0	0
布洛妮娅	blny	简单鹤		0		0	0	0	0
濒临破产	blpi	简单鹤		0		0	0	0	0
暴力破解	blpj	简单鹤		0		0	0	0	0
不利情况	blqk	简单鹤		0		0	0	0	0
不留情面	blqm	简单鹤		0		0	0	0	0
病理切片	blqp	简单鹤		0		0	0	0	0
不良企图	blqt	简单鹤		0		0	0	0	0
不良情绪	blqx	简单鹤		0		0	0	0	0
暴力倾向	blqx	简单鹤		0		0	0	0	0
步履轻盈	blqy	简单鹤		0		0	0	0	0
本来如此	blrc	简单鹤		0		0	0	0	0
濒临死亡	blsw	简单鹤		0		0	0	0	0
表里同病	bltb	简单鹤		0		0	0	0	0
病理特点	bltd	简单鹤		0		0	0	0	0
不利条件	bltj	简单鹤		0		0	0	0	0
卑劣手段	blud	简单鹤		0		0	0	0	0
暴力手段	blud	简单鹤		0		0	0	0	0
不良嗜好	bluh	简单鹤		0		0	0	0	0
巴黎世家	bluj	简单鹤		0		0	0	0	0
保留实力	blul	简单鹤		0		0	0	0	0
不良少年	blun	简单鹤		0		0	0	0	0
拨乱视听	blut	简单鹤		0		0	0	0	0
办理手续	blux	简单鹤		0		0	0	0	0
别来沾边	blvb	简单鹤		0		0	0	0	0
本来准备	blvb	简单鹤		0		0	0	0	0
暴力执法	blvf	简单鹤		0		0	0	0	0
半路折回	blvh	简单鹤		0		0	0	0	0
不利之处	blvi	简单鹤		0		0	0	0	0
不吝指教	blvj	简单鹤		1		0	0	0	0
玻璃制品	blvp	简单鹤		0		0	0	0	0
暴露智商	blvu	简单鹤		0		0	0	0	0
不吝珠玉	blvy	简单鹤		1		0	0	0	0
堡垒之夜	blvy	简单鹤		0		0	0	0	0
本来只有	blvy	简单鹤		0		0	0	0	0
八六五笔	blwb	简单鹤		0		0	0	0	0
不劳无获	blwh	简单鹤		0		0	0	0	0
暴力问题	blwt	简单鹤		0		0	0	0	0
本来我想	blwx	简单鹤		0		0	0	0	0
白露未晞	blwx	简单鹤		0		0	0	0	0
不落下风	blxf	简单鹤		0		0	0	0	0
表里相符	blxf	简单鹤		1		0	0	0	0
不良习惯	blxg	简单鹤		0		0	0	0	0
保留下来	blxl	简单鹤		0		0	0	0	0
不良习气	blxq	简单鹤		0		0	0	0	0
暴力行为	blxw	简单鹤		0		0	0	0	0
不良现象	blxx	简单鹤		0		0	0	0	0
暴露行踪	blxz	简单鹤		0		0	0	0	0
不良引导	blyd	简单鹤		0		0	0	0	0
布朗运动	blyd	简单鹤		0		0	0	0	0
白龙鱼服	blyf	简单鹤		1		0	0	0	0
不留遗憾	blyh	简单鹤		0		0	0	0	0
不良诱惑	blyh	简单鹤		0		0	0	0	0
本来已经	blyj	简单鹤		0		0	0	0	0
本来以为	blyw	简单鹤		0		0	0	0	0
不利影响	blyx	简单鹤		0		0	0	0	0
白了一眼	blyy	简单鹤		0		0	0	0	0
不论怎样	blzy	简单鹤		0		0	0	0	0
避免不了	bmbl	简单鹤		0		0	0	0	0
闭门不纳	bmbn	简单鹤		1		0	0	0	0
报名参加	bmcj	简单鹤		0		0	0	0	0
便民措施	bmcu	简单鹤		0		0	0	0	0
八门遁甲	bmdj	简单鹤		0		0	0	0	0
报名登记	bmdj	简单鹤		0		0	0	0	0
北美大陆	bmdl	简单鹤		0		0	0	0	0
报名地址	bmdv	简单鹤		0		0	0	0	0
保密单位	bmdw	简单鹤		0		0	0	0	0
报名方法	bmff	简单鹤		0		0	0	0	0
保密发货	bmfh	简单鹤		0		0	0	0	0
百米飞人	bmfr	简单鹤		0		0	0	0	0
部门负责	bmfz	简单鹤		0		0	0	0	0
表面功夫	bmgf	简单鹤		0		0	0	0	0
部门管理	bmgl	简单鹤		0		0	0	0	0
保密功能	bmgn	简单鹤		0		0	0	0	0
别卖关子	bmgz	简单鹤		0		0	0	0	0
半亩花田	bmht	简单鹤		0		0	0	0	0
保密画质	bmhv	简单鹤		0		0	0	0	0
百米冲刺	bmic	简单鹤		0		0	0	0	0
避免出错	bmic	简单鹤		0		0	0	0	0
北面称臣	bmii	简单鹤		1		0	0	0	0
标明出处	bmii	简单鹤		0		0	0	0	0
避免冲突	bmit	简单鹤		0		0	0	0	0
避免出现	bmix	简单鹤		0		0	0	0	0
薄命佳人	bmjr	简单鹤		1		0	0	0	0
表明立场	bmli	简单鹤		0		0	0	0	0
不美宁缺	bmnq	简单鹤		0		0	0	0	0
表面朋友	bmpy	简单鹤		0		0	0	0	0
不满情绪	bmqx	简单鹤		0		0	0	0	0
膘满肉肥	bmrf	简单鹤		0		0	0	0	0
不慕荣利	bmrl	简单鹤		0		0	0	0	0
报名日期	bmrq	简单鹤		0		0	0	0	0
表面搜点	bmsd	简单鹤		0		0	0	0	0
不谋私利	bmsl	简单鹤		0		0	0	0	0
表明态度	bmtd	简单鹤		0		0	0	0	0
报名条件	bmtj	简单鹤		0		0	0	0	0
编码提示	bmtu	简单鹤		0		0	0	0	0
百万特效	bmtx	简单鹤		0		0	0	0	0
八面受敌	bmud	简单鹤		1		0	0	0	0
表面上看	bmuk	简单鹤		0		0	0	0	0
编码上屏	bmup	简单鹤		0		0	0	0	0
八门神器	bmuq	简单鹤		0		0	0	0	0
部门主管	bmvg	简单鹤		0		0	0	0	0
不明之处	bmvi	简单鹤		0		0	0	0	0
半面之交	bmvj	简单鹤		1		0	0	0	0
不灭之握	bmvw	简单鹤		0		0	0	0	0
背面指纹	bmvw	简单鹤		0		0	0	0	0
辨明真相	bmvx	简单鹤		0		0	0	0	0
部门职责	bmvz	简单鹤		0		0	0	0	0
病名为爱	bmwa	简单鹤		0		0	0	0	0
兵马未动	bmwd	简单鹤	316	0		0	0	0	0
表面温度	bmwd	简单鹤		0		0	0	0	0
百米五虎	bmwh	简单鹤		0		0	0	0	0
避免误会	bmwh	简单鹤		0		0	0	0	0
表面兄弟	bmxd	简单鹤		0		0	0	0	0
报名系统	bmxt	简单鹤		0		0	0	0	0
不满现状	bmxv	简单鹤		0		0	0	0	0
保密协议	bmxy	简单鹤		0		0	0	0	0
白忙一场	bmyi	简单鹤		0		0	0	0	0
不满一年	bmyn	简单鹤		0		0	0	0	0
不名一钱	bmyq	简单鹤		1		0	0	0	0
不明原委	bmyw	简单鹤		0		0	0	0	0
不明原因	bmyy	简单鹤		0		0	0	0	0
不明意义	bmyy	简单鹤		0		0	0	0	0
不满足于	bmzy	简单鹤		0		0	0	0	0
半年不到	bnbd	简单鹤		0		0	0	0	0
不年不节	bnbj	简单鹤		0		0	0	0	0
不男不女	bnbn	简单鹤		0		0	0	0	0
不能不说	bnbu	简单鹤		0		0	0	0	0
不能保证	bnbv	简单鹤		0		0	0	0	0
不能错过	bncg	简单鹤		0		0	0	0	0
不能动弹	bndd	简单鹤		0		0	0	0	0
百年诞辰	bndi	简单鹤		0		0	0	0	0
不能多说	bndu	简单鹤		0		0	0	0	0
百年第一	bndy	简单鹤		0		0	0	0	0
不怒而威	bnew	简单鹤		0		0	0	0	0
不耐烦地	bnfd	简单鹤		0		0	0	0	0
百年奋斗	bnfd	简单鹤		0		0	0	0	0
不耐烦了	bnfl	简单鹤		0		0	0	0	0
不能否认	bnfr	简单鹤		0		0	0	0	0
不难发现	bnfx	简单鹤		0		0	0	0	0
本能反应	bnfy	简单鹤		0		0	0	0	0
百年孤独	bngd	简单鹤		0		0	0	0	0
别难过了	bngl	简单鹤		0		0	0	0	0
不能苟同	bngt	简单鹤		0		0	0	0	0
不能呼吸	bnhx	简单鹤		0		0	0	0	0
不能超过	bnig	简单鹤		0		0	0	0	0
不能成为	bniw	简单鹤		0		0	0	0	0
不能解决	bnjj	简单鹤		0		0	0	0	0
不能接受	bnju	简单鹤		0		0	0	0	0
不能肯定	bnkd	简单鹤		0		0	0	0	0
八年抗战	bnkv	简单鹤		0		0	0	0	0
百年老店	bnld	简单鹤		0		0	0	0	0
不能理解	bnlj	简单鹤		0		0	0	0	0
不能两全	bnlq	简单鹤		0		0	0	0	0
不能乱说	bnlu	简单鹤		0		0	0	0	0
不难明白	bnmb	简单鹤		0		0	0	0	0
不能没有	bnmy	简单鹤		0		0	0	0	0
包你满意	bnmy	简单鹤		0		0	0	0	0
保暖内衣	bnny	简单鹤		0		0	0	0	0
百年品牌	bnpp	简单鹤		0		0	0	0	0
不能确定	bnqd	简单鹤		0		0	0	0	0
不耐其烦	bnqf	简单鹤		0		0	0	0	0
拜年枪法	bnqf	简单鹤		0		0	0	0	0
不能忍受	bnru	简单鹤		0		0	0	0	0
拜你所赐	bnsc	简单鹤		0		0	0	0	0
不能逃避	bntb	简单鹤		0		0	0	0	0
不能同意	bnty	简单鹤		0		0	0	0	0
不能生存	bnuc	简单鹤		0		0	0	0	0
半年时间	bnuj	简单鹤		0		0	0	0	0
不能胜任	bnur	简单鹤		0		0	0	0	0
不能实现	bnux	简单鹤		0		0	0	0	0
不能使用	bnuy	简单鹤		0		0	0	0	0
不能适应	bnuy	简单鹤		0		0	0	0	0
半年之内	bnvn	简单鹤		0		0	0	0	0
不能直视	bnvu	简单鹤		0		0	0	0	0
暴怒之下	bnvx	简单鹤		0		0	0	0	0
不能这样	bnvy	简单鹤		0		0	0	0	0
不能忘怀	bnwh	简单鹤	451	0		0	0	0	0
不能忘记	bnwj	简单鹤		0		0	0	0	0
不难想见	bnxj	简单鹤		0		0	0	0	0
不能幸免	bnxm	简单鹤		0		0	0	0	0
不能显示	bnxu	简单鹤		0		0	0	0	0
不能吸烟	bnxy	简单鹤		0		0	0	0	0
不能原谅	bnyl	简单鹤		0		0	0	0	0
半年以内	bnyn	简单鹤		0		0	0	0	0
不能允许	bnyx	简单鹤		0		0	0	0	0
帮你一下	bnyx	简单鹤		0		0	0	0	0
不能自理	bnzl	简单鹤		0		0	0	0	0
不能自制	bnzv	简单鹤		0		0	0	0	0
不能阻止	bnzv	简单鹤		0		0	0	0	0
不能左右	bnzy	简单鹤		0		0	0	0	0
北欧神话	bouh	简单鹤		0		0	0	0	0
不怕不怕	bpbp	简单鹤		0		0	0	0	0
别怕别怕	bpbp	简单鹤		0		0	0	0	0
不骗不抢	bpbq	简单鹤		0		0	0	0	0
不胖不瘦	bpbu	简单鹤		0		0	0	0	0
编排方式	bpfu	简单鹤		0		0	0	0	0
包皮过长	bpgi	简单鹤		0		0	0	0	0
背叛革命	bpgm	简单鹤		0		0	0	0	0
包皮环切	bphq	简单鹤		0		0	0	0	0
剥皮抽筋	bpij	简单鹤		1		0	0	0	0
编排节目	bpjm	简单鹤		0		0	0	0	0
被迫叫停	bpjt	简单鹤		0		0	0	0	0
不怕困难	bpkn	简单鹤		0		0	0	0	0
变频空调	bpkt	简单鹤		0		0	0	0	0
不凭良心	bplx	简单鹤		0		0	0	0	0
鞭炮齐鸣	bpqm	简单鹤		0		0	0	0	0
帮派体系	bptx	简单鹤		0		0	0	0	0
不怕失败	bpub	简单鹤		0		0	0	0	0
白嫖失败	bpub	简单鹤		0		0	0	0	0
包皮手术	bpuu	简单鹤		0		0	0	0	0
抱朴守拙	bpuv	简单鹤		0		0	0	0	0
白跑一趟	bpyt	简单鹤		0		0	0	0	0
不配拥有	bpyy	简单鹤		0		0	0	0	0
被迫营业	bpyy	简单鹤		0		0	0	0	0
被迫自卫	bpzw	简单鹤		0		0	0	0	0
版权保护	bqbh	简单鹤		0		0	0	0	0
表情变化	bqbh	简单鹤		0		0	0	0	0
不弃不离	bqbl	简单鹤		0		0	0	0	0
不屈白银	bqby	简单鹤		0		0	0	0	0
霸气侧漏	bqcl	简单鹤		0		0	0	0	0
不确定的	bqdd	简单鹤		0		0	0	0	0
不全都是	bqdu	简单鹤		0		0	0	0	0
八岐大蛇	bqdu	简单鹤		0		0	0	0	0
不擒二毛	bqem	简单鹤		1		0	0	0	0
表情丰富	bqff	简单鹤		0		0	0	0	0
表情符号	bqfh	简单鹤		0		0	0	0	0
避其锋芒	bqfm	简单鹤		0		0	0	0	0
避其锋锐	bqfr	简单鹤		0		0	0	0	0
把枪放下	bqfx	简单鹤		0		0	0	0	0
表情管理	bqgl	简单鹤		0		0	0	0	0
表情各异	bqgy	简单鹤		0		0	0	0	0
不求回报	bqhb	简单鹤		0		0	0	0	0
步其后尘	bqhi	简单鹤		0		0	0	0	0
病情好转	bqhv	简单鹤		0		0	0	0	0
不清楚了	bqil	简单鹤		0		0	0	0	0
避强击弱	bqjr	简单鹤		1		0	0	0	0
兵器技术	bqju	简单鹤		0		0	0	0	0
板起脸孔	bqlk	简单鹤		0		0	0	0	0
并且能够	bqng	简单鹤		0		0	0	0	0
比起你来	bqnl	简单鹤		0		0	0	0	0
表情平静	bqpj	简单鹤		0		0	0	0	0
避其锐气	bqrq	简单鹤		0		0	0	0	0
比起他来	bqtl	简单鹤		0		0	0	0	0
比起她来	bqtl	简单鹤		0		0	0	0	0
辨清是非	bquf	简单鹤		0		0	0	0	0
版权声明	bqum	简单鹤		0		0	0	0	0
棒球少年	bqun	简单鹤		0		0	0	0	0
本期视频	bqup	简单鹤		0		0	0	0	0
版权收入	bqur	简单鹤		0		0	0	0	0
搬起石头	bqut	简单鹤		0		0	0	0	0
霸气十足	bquz	简单鹤		0		0	0	0	0
比起这个	bqvg	简单鹤		0		0	0	0	0
勃起至今	bqvj	简单鹤		0		0	0	0	0
表情狰狞	bqvn	简单鹤		0		0	0	0	0
比起我来	bqwl	简单鹤		0		0	0	0	0
霸气外露	bqwl	简单鹤		0		0	0	0	0
不期修古	bqxg	简单鹤		1		0	0	0	0
不抢一秒	bqym	简单鹤		0		0	0	0	0
冰清玉润	bqyr	简单鹤		1		0	0	0	0
版权意识	bqyu	简单鹤		0		0	0	0	0
悲情英雄	bqyx	简单鹤		0		0	0	0	0
补气养血	bqyx	简单鹤		0		0	0	0	0
闭起嘴巴	bqzb	简单鹤		0		0	0	0	0
八旗子弟	bqzd	简单鹤		0		0	0	0	0
不起作用	bqzy	简单鹤		0		0	0	0	0
不请自坐	bqzz	简单鹤		0		0	0	0	0
被人暗算	bras	简单鹤		0		0	0	0	0
不容错过	brcg	简单鹤		0		0	0	0	0
不如从前	brcq	简单鹤		0		0	0	0	0
被人打扰	brdr	简单鹤		0		0	0	0	0
半入耳式	breu	简单鹤		0		0	0	0	0
不容分辩	brfb	简单鹤		0		0	0	0	0
甏肉干饭	brgf	简单鹤		0		0	0	0	0
不容回避	brhb	简单鹤		0		0	0	0	0
必然产物	briw	简单鹤		0		0	0	0	0
拨冗出席	brix	简单鹤		0		0	0	0	0
薄如蝉翼	briy	简单鹤		0		0	0	0	0
别人家的	brjd	简单鹤		0		0	0	0	0
百人计划	brjh	简单鹤		0		0	0	0	0
必然可以	brky	简单鹤		0		0	0	0	0
不忍离开	brlk	简单鹤		0		0	0	0	0
步入老年	brln	简单鹤		0		0	0	0	0
不忍离去	brlq	简单鹤		0		0	0	0	0
必然联系	brlx	简单鹤		0		0	0	0	0
被人利用	brly	简单鹤		0		0	0	0	0
甏肉米饭	brmf	简单鹤		0		0	0	0	0
被任命为	brmw	简单鹤		0		0	0	0	0
必然如此	brrc	简单鹤		0		0	0	0	0
被人认为	brrw	简单鹤		0		0	0	0	0
被人算计	brsj	简单鹤		0		0	0	0	0
不容推翻	brtf	简单鹤		0		0	0	0	0
不如跳舞	brtw	简单鹤		0		0	0	0	0
不如他意	brty	简单鹤		0		0	0	0	0
不如她意	brty	简单鹤		0		0	0	0	0
步入社会	bruh	简单鹤		0		0	0	0	0
必然事件	bruj	简单鹤		0		0	0	0	0
不认识路	brul	简单鹤		0		0	0	0	0
不如说是	bruu	简单鹤		0		0	0	0	0
百日誓师	bruu	简单鹤		0		0	0	0	0
不认识字	bruz	简单鹤		0		0	0	0	0
比如这个	brvg	简单鹤		0		0	0	0	0
步入中年	brvn	简单鹤		0		0	0	0	0
步入正题	brvt	简单鹤		0		0	0	0	0
不如这样	brvy	简单鹤		0		0	0	0	0
白人问号	brwh	简单鹤		0		0	0	0	0
被认为是	brwu	简单鹤		0		0	0	0	0
不如我意	brwy	简单鹤		0		0	0	0	0
白人小哥	brxg	简单鹤		0		0	0	0	0
被人喜欢	brxh	简单鹤		0		0	0	0	0
被人陷害	brxh	简单鹤		0		0	0	0	0
不染纤尘	brxi	简单鹤		0		0	0	0	0
不让须眉	brxm	简单鹤		0		0	0	0	0
必然选择	brxz	简单鹤		0		0	0	0	0
博人眼球	bryq	简单鹤		0		0	0	0	0
必然要求	bryq	简单鹤		0		0	0	0	0
本人已死	brys	简单鹤		0		0	0	0	0
不溶于水	bryu	简单鹤		0		0	0	0	0
必然也是	bryu	简单鹤		0		0	0	0	0
不让自己	brzj	简单鹤		0		0	0	0	0
不忍卒听	brzt	简单鹤		0		0	0	0	0
不忍卒视	brzu	简单鹤		0		0	0	0	0
不松不紧	bsbj	简单鹤		0		0	0	0	0
不塞不流	bsbl	简单鹤		0		0	0	0	0
不死不灭	bsbm	简单鹤		0		0	0	0	0
比赛第二	bsde	简单鹤		0		0	0	0	0
泊松分布	bsfb	简单鹤		0		0	0	0	0
白色风车	bsfi	简单鹤		0		0	0	0	0
泊松过程	bsgi	简单鹤		0		0	0	0	0
变速齿轮	bsil	简单鹤		0		0	0	0	0
本色出演	bsiy	简单鹤		0		0	0	0	0
白色家电	bsjd	简单鹤		0		0	0	0	0
比赛结束	bsju	简单鹤		0		0	0	0	0
比赛开始	bsku	简单鹤		0		0	0	0	0
百死莫赎	bsmu	简单鹤		0		0	0	0	0
白丝女仆	bsnp	简单鹤		0		0	0	0	0
不遂人愿	bsry	简单鹤		0		0	0	0	0
不算什么	bssm	简单鹤		0		0	0	0	0
拔丝土豆	bstd	简单鹤		0		0	0	0	0
不死图腾	bstt	简单鹤		0		0	0	0	0
不死之身	bsvu	简单鹤		0		0	0	0	0
不死战神	bsvu	简单鹤		0		0	0	0	0
伴随症状	bsvv	简单鹤		0		0	0	0	0
贝斯笑话	bsxh	简单鹤		0		0	0	0	0
比赛项目	bsxm	简单鹤		0		0	0	0	0
保土安民	btam	简单鹤		0		0	0	0	0
不太安全	btaq	简单鹤		0		0	0	0	0
摆脱不了	btbl	简单鹤		0		0	0	0	0
不偷不抢	btbq	简单鹤		0		0	0	0	0
拜托拜托	btbt	简单鹤		0		0	0	0	0
悲痛不止	btbv	简单鹤		0		0	0	0	0
不太对劲	btdj	简单鹤		0		0	0	0	0
不通道理	btdl	简单鹤		0		0	0	0	0
不同的人	btdr	简单鹤		0		0	0	0	0
不同的是	btdu	简单鹤		0		0	0	0	0
白条额度	bted	简单鹤		0		0	0	0	0
爆体而亡	btew	简单鹤		0		0	0	0	0
不同而已	btey	简单鹤		0		0	0	0	0
不太方便	btfb	简单鹤		0		0	0	0	0
不退反进	btfj	简单鹤		0		0	0	0	0
不太光彩	btgc	简单鹤		0		0	0	0	0
别太过分	btgf	简单鹤		0		0	0	0	0
不同国家	btgj	简单鹤		0		0	0	0	0
不太公平	btgp	简单鹤		0		0	0	0	0
不太甘心	btgx	简单鹤		0		0	0	0	0
不太高兴	btgx	简单鹤		0		0	0	0	0
不太好办	bthb	简单鹤		0		0	0	0	0
不太好吧	bthb	简单鹤		0		0	0	0	0
不太好看	bthk	简单鹤		0		0	0	0	0
不太合适	bthu	简单鹤		0		0	0	0	0
不同尺寸	btic	简单鹤		0		0	0	0	0
不同场合	btih	简单鹤		0		0	0	0	0
不同阶段	btjd	简单鹤		0		0	0	0	0
补贴金额	btje	简单鹤		0		0	0	0	0
不同见解	btjj	简单鹤		0		0	0	0	0
悲痛交加	btjj	简单鹤		0		0	0	0	0
不太健康	btjk	简单鹤		0		0	0	0	0
不太吉利	btjl	简单鹤		0		0	0	0	0
拔腿就跑	btjp	简单鹤		0		0	0	0	0
爆头机器	btjq	简单鹤		0		0	0	0	0
本台记者	btjv	简单鹤		0		0	0	0	0
补贴家用	btjy	简单鹤		0		0	0	0	0
不同看法	btkf	简单鹤		0		0	0	0	0
不太看好	btkh	简单鹤		0		0	0	0	0
不太可能	btkn	简单鹤		0		0	0	0	0
抱头乱串	btli	简单鹤		0		0	0	0	0
不太了解	btlj	简单鹤		0		0	0	0	0
不同流俗	btls	简单鹤		1		0	0	0	0
不太理想	btlx	简单鹤		0		0	0	0	0
不太明白	btmb	简单鹤		0		0	0	0	0
不透明度	btmd	简单鹤		0		0	0	0	0
不太明显	btmx	简单鹤		0		0	0	0	0
不太满意	btmy	简单鹤		0		0	0	0	0
本同末异	btmy	简单鹤		1		0	0	0	0
摆脱贫困	btpk	简单鹤		0		0	0	0	0
摆脱贫穷	btpq	简单鹤		0		0	0	0	0
奔腾咆哮	btpx	简单鹤		0		0	0	0	0
不太清楚	btqi	简单鹤		0		0	0	0	0
不同情况	btqk	简单鹤		0		0	0	0	0
抱团取暖	btqn	简单鹤		0		0	0	0	0
不太情愿	btqy	简单鹤		0		0	0	0	0
变态人格	btrg	简单鹤		0		0	0	0	0
波涛如怒	btrn	简单鹤		0		0	0	0	0
不听人劝	btrq	简单鹤		0		0	0	0	0
不太认同	btrt	简单鹤		0		0	0	0	0
不太认识	btru	简单鹤		0		0	0	0	0
不太容易	btry	简单鹤		0		0	0	0	0
巴头探脑	bttn	简单鹤		1		0	0	0	0
不同时代	btud	简单鹤		0		0	0	0	0
不太舒服	btuf	简单鹤		0		0	0	0	0
不听使唤	btuh	简单鹤		0		0	0	0	0
不太适合	btuh	简单鹤		0		0	0	0	0
遍体生寒	btuh	简单鹤		0		0	0	0	0
半天时间	btuj	简单鹤		0		0	0	0	0
不通事理	btul	简单鹤		0		0	0	0	0
本土势力	btul	简单鹤		0		0	0	0	0
不同时期	btuq	简单鹤		0		0	0	0	0
不太熟悉	btux	简单鹤		0		0	0	0	0
不同声音	btuy	简单鹤		0		0	0	0	0
不太知道	btvd	简单鹤		0		0	0	0	0
不太直观	btvg	简单鹤		0		0	0	0	0
不听指挥	btvh	简单鹤		0		0	0	0	0
不妥之处	btvi	简单鹤		0		0	0	0	0
不同主张	btvv	简单鹤		0		0	0	0	0
不同往常	btwi	简单鹤		0		0	0	0	0
白天晚上	btwu	简单鹤		0		0	0	0	0
不太习惯	btxg	简单鹤		0		0	0	0	0
不太像话	btxh	简单鹤		0		0	0	0	0
不太喜欢	btxh	简单鹤		0		0	0	0	0
不同小可	btxk	简单鹤		0		0	0	0	0
不太想事	btxu	简单鹤		0		0	0	0	0
不太现实	btxu	简单鹤		0		0	0	0	0
不同性质	btxv	简单鹤		0		0	0	0	0
不太相信	btxx	简单鹤		0		0	0	0	0
本台消息	btxx	简单鹤		0		0	0	0	0
不提也罢	btyb	简单鹤		0		0	0	0	0
不太友好	btyh	简单鹤		0		0	0	0	0
补天浴日	btyr	简单鹤		1		0	0	0	0
不太严重	btyv	简单鹤		0		0	0	0	0
帮他一下	btyx	简单鹤		0		0	0	0	0
帮她一下	btyx	简单鹤		0		0	0	0	0
不太一样	btyy	简单鹤		0		0	0	0	0
表示哀悼	buad	简单鹤		0		0	0	0	0
不是不报	bubb	简单鹤		0		0	0	0	0
不闪不避	bubb	简单鹤		0		0	0	0	0
不是办法	bubf	简单鹤		0		0	0	0	0
拜神拜鬼	bubg	简单鹤		0		0	0	0	0
不受保护	bubh	简单鹤		0		0	0	0	0
不是不会	bubh	简单鹤		0		0	0	0	0
绊手绊脚	bubj	简单鹤		0		0	0	0	0
不是本人	bubr	简单鹤		0		0	0	0	0
保熟保甜	bubt	简单鹤		0		0	0	0	0
半熟不熟	bubu	简单鹤		0		0	0	0	0
不是不行	bubx	简单鹤		0		0	0	0	0
不输不赢	buby	简单鹤		0		0	0	0	0
博士毕业	buby	简单鹤		0		0	0	0	0
北师大版	budb	简单鹤		0		0	0	0	0
巴适得板	budb	简单鹤		0		0	0	0	0
比啥都强	budq	简单鹤		0		0	0	0	0
办事大厅	budt	简单鹤		0		0	0	0	0
博识多通	budt	简单鹤		1		0	0	0	0
不是对手	budu	简单鹤		0		0	0	0	0
八十大寿	budu	简单鹤		0		0	0	0	0
本山大叔	budu	简单鹤		0		0	0	0	0
不是东西	budx	简单鹤		0		0	0	0	0
不施粉黛	bufd	简单鹤		0		0	0	0	0
别说废话	bufh	简单鹤		0		0	0	0	0
不甚分明	bufm	简单鹤		0		0	0	0	0
饱受非议	bufy	简单鹤		0		0	0	0	0
饱受诟病	bugb	简单鹤		0		0	0	0	0
不少工夫	bugf	简单鹤		0		0	0	0	0
保守估计	bugj	简单鹤		0		0	0	0	0
不是哥们	bugm	简单鹤		0		0	0	0	0
布什戈门	bugm	简单鹤		0		0	0	0	0
北上广深	bugu	简单鹤		0		0	0	0	0
备受关注	bugv	简单鹤		0		0	0	0	0
倍受鼓舞	bugw	简单鹤		0		0	0	0	0
不是很懂	buhd	简单鹤		0		0	0	0	0
不是很高	buhg	简单鹤		0		0	0	0	0
不是很差	buhi	简单鹤		0		0	0	0	0
不是很快	buhk	简单鹤		0		0	0	0	0
不是好鸟	buhn	简单鹤		0		0	0	0	0
八十出头	buit	简单鹤		0		0	0	0	0
不胜传说	buiu	简单鹤		0		0	0	0	0
白上吹雪	buix	简单鹤		0		0	0	0	0
备受煎熬	buja	简单鹤		0		0	0	0	0
饱受煎熬	buja	简单鹤		0		0	0	0	0
不是绝对	bujd	简单鹤		0		0	0	0	0
办事机构	bujg	简单鹤		0		0	0	0	0
不说假话	bujh	简单鹤		0		0	0	0	0
饱受饥寒	bujh	简单鹤		0		0	0	0	0
不守纪律	bujl	简单鹤		0		0	0	0	0
逼上绝路	bujl	简单鹤		0		0	0	0	0
本身就是	buju	简单鹤		0		0	0	0	0
别墅靠海	bukh	简单鹤		0		0	0	0	0
笔试科目	bukm	简单鹤		0		0	0	0	0
本硕连读	buld	简单鹤		0		0	0	0	0
百世轮回	bulh	简单鹤		0		0	0	0	0
不甚了解	bulj	简单鹤		0		0	0	0	0
表示理解	bulj	简单鹤		0		0	0	0	0
不失礼貌	bulm	简单鹤		0		0	0	0	0
备受凌辱	bulr	简单鹤		0		0	0	0	0
碧水蓝天	bult	简单鹤		0		0	0	0	0
博士论文	bulw	简单鹤		0		0	0	0	0
闭上了眼	buly	简单鹤		0		0	0	0	0
报上名来	buml	简单鹤		0		0	0	0	0
表示满意	bumy	简单鹤		0		0	0	0	0
不是你的	bund	简单鹤		0		0	0	0	0
不是那个	bung	简单鹤		0		0	0	0	0
不是那里	bunl	简单鹤		0		0	0	0	0
不是那么	bunm	简单鹤		0		0	0	0	0
八十年前	bunq	简单鹤		0		0	0	0	0
不是难事	bunu	简单鹤		0		0	0	0	0
不是那样	buny	简单鹤		0		0	0	0	0
比试切磋	buqc	简单鹤		0		0	0	0	0
不受侵犯	buqf	简单鹤		0		0	0	0	0
不是任何	burh	简单鹤		0		0	0	0	0
变声软件	burj	简单鹤		0		0	0	0	0
别说什么	busm	简单鹤		0		0	0	0	0
保守思想	busx	简单鹤		0		0	0	0	0
毕生所学	busx	简单鹤		0		0	0	0	0
不是特别	butb	简单鹤		0		0	0	0	0
备受推崇	buti	简单鹤		0		0	0	0	0
表示同情	butq	简单鹤		0		0	0	0	0
别睡太死	buts	简单鹤		0		0	0	0	0
表示同意	buty	简单鹤		0		0	0	0	0
不是时候	buuh	简单鹤		0		0	0	0	0
巴氏杀菌	buuj	简单鹤		0		0	0	0	0
闭上双眼	buuy	简单鹤		0		0	0	0	0
不是真的	buvd	简单鹤		0		0	0	0	0
保守治疗	buvl	简单鹤		0		0	0	0	0
不是这么	buvm	简单鹤		0		0	0	0	0
备受瞩目	buvm	简单鹤		0		0	0	0	0
八十周年	buvn	简单鹤		0		0	0	0	0
不受支配	buvp	简单鹤		0		0	0	0	0
毕生追求	buvq	简单鹤		0		0	0	0	0
百兽之王	buvw	简单鹤		0		0	0	0	0
不是这样	buvy	简单鹤		0		0	0	0	0
饱受争议	buvy	简单鹤		0		0	0	0	0
不是味儿	buwe	简单鹤		0		0	0	0	0
不食五谷	buwg	简单鹤		0		0	0	0	0
百事无成	buwi	简单鹤		1		0	0	0	0
不是为了	buwl	简单鹤		0		0	0	0	0
不是我们	buwm	简单鹤		0		0	0	0	0
博士文凭	buwp	简单鹤		0		0	0	0	0
不是完全	buwq	简单鹤		0		0	0	0	0
不是问题	buwt	简单鹤		0		0	0	0	0
不是我说	buwu	简单鹤		0		0	0	0	0
必输无疑	buwy	简单鹤		0		0	0	0	0
不是兄弟	buxd	简单鹤		0		0	0	0	0
背上行囊	buxn	简单鹤		0		0	0	0	0
不受限制	buxv	简单鹤		0		0	0	0	0
不实信息	buxx	简单鹤		0		0	0	0	0
不说也罢	buyb	简单鹤		0		0	0	0	0
不是一个	buyg	简单鹤		0		0	0	0	0
不食烟火	buyh	简单鹤		1		0	0	0	0
冰山一角	buyj	简单鹤		0		0	0	0	0
闭上眼睛	buyj	简单鹤		0		0	0	0	0
补上一课	buyk	简单鹤		0		0	0	0	0
不实言论	buyl	简单鹤		0		0	0	0	0
不是一路	buyl	简单鹤		0		0	0	0	0
搬上银幕	buym	简单鹤		0		0	0	0	0
八十一难	buyn	简单鹤		0		0	0	0	0
不受约束	buyu	简单鹤		0		0	0	0	0
不是一种	buyv	简单鹤		0		0	0	0	0
不是以为	buyw	简单鹤		0		0	0	0	0
不是因为	buyw	简单鹤		0		0	0	0	0
不受影响	buyx	简单鹤		0		0	0	0	0
不是有意	buyy	简单鹤		0		0	0	0	0
倍受尊敬	buzj	简单鹤		0		0	0	0	0
表示尊重	buzv	简单鹤		0		0	0	0	0
不是滋味	buzw	简单鹤		0		0	0	0	0
爆炸案件	bvaj	简单鹤		0		0	0	0	0
不置褒贬	bvbb	简单鹤		1		0	0	0	0
暴涨暴跌	bvbd	简单鹤	1153	0		0	0	0	0
半殖半封	bvbf	简单鹤		0		0	0	0	0
备战备荒	bvbh	简单鹤		0		0	0	0	0
避战不出	bvbi	简单鹤		0		0	0	0	0
不重不轻	bvbq	简单鹤		0		0	0	0	0
不着寸缕	bvcl	简单鹤		0		0	0	0	0
本周词云	bvcy	简单鹤		0		0	0	0	0
标准答案	bvda	简单鹤		0		0	0	0	0
不知道的	bvdd	简单鹤		0		0	0	0	0
秉烛待旦	bvdd	简单鹤		1		0	0	0	0
不知对否	bvdf	简单鹤		0		0	0	0	0
不知多久	bvdj	简单鹤		0		0	0	0	0
不知道了	bvdl	简单鹤		0		0	0	0	0
不知道呢	bvdn	简单鹤		0		0	0	0	0
不知道捏	bvdn	简单鹤		0		0	0	0	0
编制方案	bvfa	简单鹤		0		0	0	0	0
标准方程	bvfi	简单鹤		0		0	0	0	0
变着法子	bvfz	简单鹤		0		0	0	0	0
不知高低	bvgd	简单鹤		1		0	0	0	0
兵者诡道	bvgd	简单鹤		0		0	0	0	0
本质高手	bvgu	简单鹤		0		0	0	0	0
辩证关系	bvgx	简单鹤		0		0	0	0	0
不知悔改	bvhg	简单鹤		0		0	0	0	0
不知好坏	bvhh	简单鹤		0		0	0	0	0
不知何处	bvhi	简单鹤		0		0	0	0	0
不着痕迹	bvhj	简单鹤		0		0	0	0	0
别装糊涂	bvht	简单鹤		0		0	0	0	0
不知何时	bvhu	简单鹤		0		0	0	0	0
不知火舞	bvhw	简单鹤		0		0	0	0	0
屏住呼吸	bvhx	简单鹤		0		0	0	0	0
摒住呼吸	bvhx	简单鹤		0		0	0	0	0
变着花样	bvhy	简单鹤		0		0	0	0	0
白昼黑夜	bvhy	简单鹤		0		0	0	0	0
标准尺度	bvid	简单鹤		0		0	0	0	0
扮猪吃虎	bvih	简单鹤		0		0	0	0	0
不支持了	bvil	简单鹤		0		0	0	0	0
保值储蓄	bvix	简单鹤		0		0	0	0	0
编制程序	bvix	简单鹤		0		0	0	0	0
宾主尽欢	bvjh	简单鹤		0		0	0	0	0
标准结局	bvjj	简单鹤		0		0	0	0	0
不知进取	bvjq	简单鹤		0		0	0	0	0
不追既往	bvjw	简单鹤		1		0	0	0	0
爆炸极限	bvjx	简单鹤		0		0	0	0	0
笔诛口伐	bvkf	简单鹤		0		0	0	0	0
标准开局	bvkj	简单鹤		0		0	0	0	0
不知利害	bvlh	简单鹤		1		0	0	0	0
不知廉耻	bvli	简单鹤		0		0	0	0	0
不斩来使	bvlu	简单鹤		0		0	0	0	0
不知名的	bvmd	简单鹤		0		0	0	0	0
笔诛墨伐	bvmf	简单鹤		1		0	0	0	0
彼之蜜糖	bvmt	简单鹤		0		0	0	0	0
报章媒体	bvmt	简单鹤		0		0	0	0	0
不知恁地	bvnd	简单鹤		0		0	0	0	0
不知疲倦	bvpj	简单鹤		0		0	0	0	0
彼之砒霜	bvpu	简单鹤		0		0	0	0	0
本质区别	bvqb	简单鹤		0		0	0	0	0
辨证求因	bvqy	简单鹤		0		0	0	0	0
不知如何	bvrh	简单鹤		0		0	0	0	0
包装容器	bvrq	简单鹤		0		0	0	0	0
别招惹她	bvrt	简单鹤		0		0	0	0	0
标志认证	bvrv	简单鹤		0		0	0	0	0
笔者认为	bvrw	简单鹤		0		0	0	0	0
不着四六	bvsl	简单鹤		0		0	0	0	0
不知所谓	bvsw	简单鹤		0		0	0	0	0
帮助他人	bvtr	简单鹤		0		0	0	0	0
本质特征	bvtv	简单鹤		0		0	0	0	0
保障体系	bvtx	简单鹤		0		0	0	0	0
败者食尘	bvui	简单鹤		0		0	0	0	0
伯仲叔季	bvuj	简单鹤		1		0	0	0	0
不知生死	bvus	简单鹤		0		0	0	0	0
保重身体	bvut	简单鹤		0		0	0	0	0
本质上是	bvuu	简单鹤		0		0	0	0	0
不治身亡	bvuw	简单鹤		0		0	0	0	0
闭着双眼	bvuy	简单鹤		0		0	0	0	0
标准指法	bvvf	简单鹤		0		0	0	0	0
不知真假	bvvj	简单鹤		0		0	0	0	0
标准状况	bvvk	简单鹤		0		0	0	0	0
保证质量	bvvl	简单鹤		0		0	0	0	0
不止这些	bvvx	简单鹤		0		0	0	0	0
北镇中学	bvvx	简单鹤		0		0	0	0	0
帮助中心	bvvx	简单鹤		0		0	0	0	0
帮助文档	bvwd	简单鹤		0		0	0	0	0
不知为何	bvwh	简单鹤		0		0	0	0	0
帮助文件	bvwj	简单鹤		0		0	0	0	0
败者为寇	bvwk	简单鹤		0		0	0	0	0
摆正位置	bvwv	简单鹤		0		0	0	0	0
不知下落	bvxl	简单鹤	271	0		0	0	0	0
保障系统	bvxt	简单鹤		0		0	0	0	0
摆正心态	bvxt	简单鹤		0		0	0	0	0
不知虚实	bvxu	简单鹤		0		0	0	0	0
标准形式	bvxu	简单鹤		0		0	0	0	0
不准吸烟	bvxy	简单鹤		0		0	0	0	0
保证需要	bvxy	简单鹤		0		0	0	0	0
不至于吧	bvyb	简单鹤		0		0	0	0	0
不只一次	bvyc	简单鹤		0		0	0	0	0
不止一个	bvyg	简单鹤		0		0	0	0	0
不沾烟火	bvyh	简单鹤		0		0	0	0	0
不眨眼睛	bvyj	简单鹤		0		0	0	0	0
闭着眼睛	bvyj	简单鹤		0		0	0	0	0
保障有力	bvyl	简单鹤		0		0	0	0	0
不值一钱	bvyq	简单鹤		1		0	0	0	0
本质要求	bvyq	简单鹤		0		0	0	0	0
补中益气	bvyq	简单鹤		0		0	0	0	0
秉烛夜谈	bvyt	简单鹤		0		0	0	0	0
不占优势	bvyu	简单鹤		0		0	0	0	0
不止一种	bvyv	简单鹤		0		0	0	0	0
白纸一张	bvyv	简单鹤		0		0	0	0	0
笔者以为	bvyw	简单鹤		0		0	0	0	0
备注一下	bvyx	简单鹤		0		0	0	0	0
不知缘由	bvyy	简单鹤		0		0	0	0	0
不知咋的	bvzd	简单鹤		0		0	0	0	0
不知怎的	bvzd	简单鹤	340	0		0	0	0	0
不知自量	bvzl	简单鹤		1		0	0	0	0
不知怎么	bvzm	简单鹤		0		0	0	0	0
帮我安排	bwap	简单鹤		0		0	0	0	0
不为别的	bwbd	简单鹤		0		0	0	0	0
把握不好	bwbh	简单鹤		0		0	0	0	0
把握不了	bwbl	简单鹤		0		0	0	0	0
霸王本色	bwbs	简单鹤		0		0	0	0	0
并无不妥	bwbt	简单鹤		0		0	0	0	0
把握不住	bwbv	简单鹤		0		0	0	0	0
不枉此行	bwcx	简单鹤		0		0	0	0	0
博闻多识	bwdu	简单鹤		1		0	0	0	0
不无得意	bwdy	简单鹤		0		0	0	0	0
把握分寸	bwfc	简单鹤		0		0	0	0	0
百万粉丝	bwfs	简单鹤		0		0	0	0	0
被我发现	bwfx	简单鹤		0		0	0	0	0
不无感慨	bwgk	简单鹤		0		0	0	0	0
不无好处	bwhi	简单鹤		0		0	0	0	0
保卫和平	bwhp	简单鹤		0		0	0	0	0
不外乎是	bwhu	简单鹤		0		0	0	0	0
霸王茶姬	bwij	简单鹤		0		0	0	0	0
百万撤离	bwil	简单鹤		0		0	0	0	0
霸王举鼎	bwjd	简单鹤		0		0	0	0	0
不畏艰难	bwjn	简单鹤		0		0	0	0	0
保卫家园	bwjy	简单鹤		0		0	0	0	0
避无可避	bwkb	简单鹤		0		0	0	0	0
不问可知	bwkv	简单鹤		0		0	0	0	0
别忘了啊	bwla	简单鹤		0		0	0	0	0
别无良策	bwlc	简单鹤		0		0	0	0	0
不为牛后	bwnh	简单鹤		0		0	0	0	0
别无其他	bwqt	简单鹤		0		0	0	0	0
不完全是	bwqu	简单鹤		0		0	0	0	0
不畏权势	bwqu	简单鹤		0		0	0	0	0
不外如是	bwru	简单鹤		0		0	0	0	0
百味人生	bwru	简单鹤		0		0	0	0	0
不为所惑	bwsh	简单鹤		0		0	0	0	0
不为所知	bwsv	简单鹤		0		0	0	0	0
百万填词	bwtc	简单鹤		0		0	0	0	0
被委托方	bwtf	简单鹤		0		0	0	0	0
霸王条款	bwtk	简单鹤		0		0	0	0	0
别无他念	bwtn	简单鹤		0		0	0	0	0
别无他途	bwtt	简单鹤		0		0	0	0	0
伴我同行	bwtx	简单鹤		0		0	0	0	0
别无他想	bwtx	简单鹤		0		0	0	0	0
别无他选	bwtx	简单鹤		0		0	0	0	0
别无他用	bwty	简单鹤		0		0	0	0	0
不问是非	bwuf	简单鹤		0		0	0	0	0
别无想法	bwxf	简单鹤		0		0	0	0	0
变为现实	bwxu	简单鹤		0		0	0	0	0
霸王项羽	bwxy	简单鹤		0		0	0	0	0
别无下载	bwxz	简单鹤		0		0	0	0	0
百万英镑	bwyb	简单鹤		0		0	0	0	0
不无遗憾	bwyh	简单鹤		0		0	0	0	0
百万运镜	bwyj	简单鹤		0		0	0	0	0
百无一漏	bwyl	简单鹤		0		0	0	0	0
伴我一生	bwyu	简单鹤		0		0	0	0	0
帮我一下	bwyx	简单鹤		0		0	0	0	0
百味杂陈	bwzi	简单鹤		0		0	0	0	0
笔削褒贬	bxbb	简单鹤		1		0	0	0	0
表现不错	bxbc	简单鹤		0		0	0	0	0
边学边干	bxbg	简单鹤		0		0	0	0	0
包学包会	bxbh	简单鹤		0		0	0	0	0
本性不坏	bxbh	简单鹤		0		0	0	0	0
本性暴露	bxbl	简单鹤		0		0	0	0	0
本相毕露	bxbl	简单鹤		1		0	0	0	0
补血补气	bxbq	简单鹤		0		0	0	0	0
本虚标实	bxbu	简单鹤		0		0	0	0	0
半信不信	bxbx	简单鹤		1		0	0	0	0
不限次数	bxcu	简单鹤		0		0	0	0	0
必须达到	bxdd	简单鹤		0		0	0	0	0
不幸得很	bxdh	简单鹤		0		0	0	0	0
不惜代价	bxdj	简单鹤		0		0	0	0	0
便携电脑	bxdn	简单鹤		0		0	0	0	0
不幸的是	bxdu	简单鹤		0		0	0	0	0
不想多说	bxdu	简单鹤		0		0	0	0	0
备选方案	bxfa	简单鹤		0		0	0	0	0
必须服从	bxfc	简单鹤		0		0	0	0	0
冰雪覆盖	bxfg	简单鹤		0		0	0	0	0
不相符合	bxfh	简单鹤		0		0	0	0	0
不许反悔	bxfh	简单鹤		0		0	0	0	0
不想付出	bxfi	简单鹤		0		0	0	0	0
报销发票	bxfp	简单鹤		0		0	0	0	0
不想放弃	bxfq	简单鹤		0		0	0	0	0
表现方式	bxfu	简单鹤		0		0	0	0	0
八项规定	bxgd	简单鹤		0		0	0	0	0
报效国家	bxgj	简单鹤		0		0	0	0	0
不信鬼神	bxgu	简单鹤		0		0	0	0	0
不想活了	bxhl	简单鹤		0		0	0	0	0
不喜欢你	bxhn	简单鹤		0		0	0	0	0
表现出了	bxil	简单鹤		0		0	0	0	0
表现出来	bxil	简单鹤		0		0	0	0	0
必须承认	bxir	简单鹤		0		0	0	0	0
表现出色	bxis	简单鹤		0		0	0	0	0
不相冲突	bxit	简单鹤		0		0	0	0	0
笔下超生	bxiu	简单鹤		1		0	0	0	0
编写程序	bxix	简单鹤		0		0	0	0	0
不想加班	bxjb	简单鹤		0		0	0	0	0
不像假的	bxjd	简单鹤		0		0	0	0	0
不想见到	bxjd	简单鹤		0		0	0	0	0
保险金额	bxje	简单鹤		0		0	0	0	0
保险机构	bxjg	简单鹤		0		0	0	0	0
必须坚持	bxji	简单鹤		0		0	0	0	0
必须加强	bxjq	简单鹤		0		0	0	0	0
必须接受	bxju	简单鹤		0		0	0	0	0
必修课程	bxki	简单鹤		0		0	0	0	0
必须考虑	bxkl	简单鹤		0		0	0	0	0
表现良好	bxlh	简单鹤		0		0	0	0	0
不想离开	bxlk	简单鹤		0		0	0	0	0
保险理赔	bxlp	简单鹤		0		0	0	0	0
八旬老人	bxlr	简单鹤		0		0	0	0	0
必须能够	bxng	简单鹤		0		0	0	0	0
本性难改	bxng	简单鹤		0		0	0	0	0
巴西牛排	bxnp	简单鹤		0		0	0	0	0
屏息凝神	bxnu	简单鹤		0		0	0	0	0
不削能玩	bxnw	简单鹤		0		0	0	0	0
冰雪女王	bxnw	简单鹤		0		0	0	0	0
秉性难移	bxny	简单鹤		0		0	0	0	0
保险赔付	bxpf	简单鹤		0		0	0	0	0
不消片刻	bxpk	简单鹤		0		0	0	0	0
表现平平	bxpp	简单鹤		0		0	0	0	0
保险起见	bxqj	简单鹤		0		0	0	0	0
不下去了	bxql	简单鹤		0		0	0	0	0
不相容性	bxrx	简单鹤		0		0	0	0	0
不恤人言	bxry	简单鹤		1		0	0	0	0
冰雪四拼	bxsp	简单鹤		0		0	0	0	0
不幸死亡	bxsw	简单鹤		0		0	0	0	0
办学条件	bxtj	简单鹤		0		0	0	0	0
不许失败	bxub	简单鹤		0		0	0	0	0
不嫌事大	bxud	简单鹤		0		0	0	0	0
不现实的	bxud	简单鹤		0		0	0	0	0
半小时前	bxuq	简单鹤		0		0	0	0	0
变性手术	bxuu	简单鹤		0		0	0	0	0
必须慎重	bxuv	简单鹤		0		0	0	0	0
不幸身亡	bxuw	简单鹤		0		0	0	0	0
不相适应	bxuy	简单鹤		0		0	0	0	0
不屑置辩	bxvb	简单鹤		0		0	0	0	0
不像真的	bxvd	简单鹤		0		0	0	0	0
不想知道	bxvd	简单鹤		0		0	0	0	0
不想长大	bxvd	简单鹤		0		0	0	0	0
不朽之物	bxvw	简单鹤		0		0	0	0	0
宝相庄严	bxvy	简单鹤		0		0	0	0	0
不想玩了	bxwl	简单鹤		0		0	0	0	0
不相往来	bxwl	简单鹤		0		0	0	0	0
布响丸辣	bxwl	简单鹤		0		0	0	0	0
不喜勿喷	bxwp	简单鹤		0		0	0	0	0
不喜勿入	bxwr	简单鹤		0		0	0	0	0
百星王者	bxwv	简单鹤		0		0	0	0	0
不惜血本	bxxb	简单鹤		0		0	0	0	0
不修小节	bxxj	简单鹤		1		0	0	0	0
不相信你	bxxn	简单鹤		0		0	0	0	0
本星系群	bxxq	简单鹤		0		0	0	0	0
不相信他	bxxt	简单鹤		0		0	0	0	0
不相信我	bxxw	简单鹤		0		0	0	0	0
必须相信	bxxx	简单鹤		0		0	0	0	0
不像演的	bxyd	简单鹤		0		0	0	0	0
不祥预感	bxyg	简单鹤		0		0	0	0	0
不幸遇害	bxyh	简单鹤		0		0	0	0	0
不消一会	bxyh	简单鹤		0		0	0	0	0
把心一横	bxyh	简单鹤		0		0	0	0	0
不需要了	bxyl	简单鹤		0		0	0	0	0
不幸遇难	bxyn	简单鹤		0		0	0	0	0
不像以前	bxyq	简单鹤		0		0	0	0	0
不惜一切	bxyq	简单鹤		0		0	0	0	0
不幸言中	bxyv	简单鹤		0		0	0	0	0
暴雪游戏	bxyx	简单鹤		0		0	0	0	0
表现优秀	bxyx	简单鹤		0		0	0	0	0
必须要有	bxyy	简单鹤		0		0	0	0	0
不像样子	bxyz	简单鹤		0		0	0	0	0
不暇自哀	bxza	简单鹤		0		0	0	0	0
必须做到	bxzd	简单鹤		0		0	0	0	0
必先自宫	bxzg	简单鹤		0		0	0	0	0
表现自己	bxzj	简单鹤		0		0	0	0	0
不孝子孙	bxzs	简单鹤		0		0	0	0	0
不幸遭遇	bxzy	简单鹤		0		0	0	0	0
百依百从	bybc	简单鹤		1		0	0	0	0
不愠不火	bybh	简单鹤		0		0	0	0	0
病因病机	bybj	简单鹤		0		0	0	0	0
半倚半靠	bybk	简单鹤		0		0	0	0	0
闭眼不看	bybk	简单鹤		0		0	0	0	0
不要碧莲	bybl	简单鹤		0		0	0	0	0
不要逼脸	bybl	简单鹤		0		0	0	0	0
百亿补贴	bybt	简单鹤		0		0	0	0	0
不孕不育	byby	简单鹤		0		0	0	0	0
不要错过	bycg	简单鹤		0		0	0	0	0
宾语从句	bycj	简单鹤		0		0	0	0	0
便宜从事	bycu	简单鹤		1		0	0	0	0
本月词云	bycy	简单鹤		0		0	0	0	0
榜一大哥	bydg	简单鹤		0		0	0	0	0
不一定会	bydh	简单鹤		0		0	0	0	0
必要的话	bydh	简单鹤		0		0	0	0	0
备用电池	bydi	简单鹤		0		0	0	0	0
百元大钞	bydi	简单鹤		0		0	0	0	0
不要多久	bydj	简单鹤		0		0	0	0	0
包邮到家	bydj	简单鹤		0		0	0	0	0
拜亚动力	bydl	简单鹤		0		0	0	0	0
不一定能	bydn	简单鹤		0		0	0	0	0
不一定是	bydu	简单鹤		0		0	0	0	0
不用多说	bydu	简单鹤		0		0	0	0	0
不要当真	bydv	简单鹤		0		0	0	0	0
不用担心	bydx	简单鹤		0		0	0	0	0
不要担心	bydx	简单鹤		0		0	0	0	0
不一定有	bydy	简单鹤		0		0	0	0	0
不一定要	bydy	简单鹤		0		0	0	0	0
不一定在	bydz	简单鹤		0		0	0	0	0
白眼儿狼	byel	简单鹤		0		0	0	0	0
匕瘾犯了	byfl	简单鹤		0		0	0	0	0
不要放弃	byfq	简单鹤		0		0	0	0	0
别有风趣	byfq	简单鹤		1		0	0	0	0
不应该的	bygd	简单鹤		0		0	0	0	0
便宜贵贱	bygj	简单鹤		0		0	0	0	0
不用管了	bygl	简单鹤		0		0	0	0	0
不应该是	bygu	简单鹤		0		0	0	0	0
不愿回答	byhd	简单鹤		0		0	0	0	0
哺育后代	byhd	简单鹤		0		0	0	0	0
表演痕迹	byhj	简单鹤		0		0	0	0	0
不用害怕	byhp	简单鹤		0		0	0	0	0
不要害怕	byhp	简单鹤		0		0	0	0	0
不一回事	byhu	简单鹤		0		0	0	0	0
不要灰心	byhx	简单鹤		0		0	0	0	0
必有回响	byhx	简单鹤		0		0	0	0	0
抱有幻想	byhx	简单鹤		0		0	0	0	0
不易察觉	byij	简单鹤		0		0	0	0	0
不愿承认	byir	简单鹤		0		0	0	0	0
巴以冲突	byit	简单鹤		0		0	0	0	0
暴雨成灾	byiz	简单鹤		0		0	0	0	0
不以己悲	byjb	简单鹤		0		0	0	0	0
北影教材	byjc	简单鹤		0		0	0	0	0
边缘检测	byjc	简单鹤		0		0	0	0	0
不要见怪	byjg	简单鹤		0		0	0	0	0
奔逸绝尘	byji	简单鹤		1		0	0	0	0
半夜鸡叫	byjj	简单鹤		0		0	0	0	0
不宜久留	byjl	简单鹤		0		0	0	0	0
表演节目	byjm	简单鹤		0		0	0	0	0
八一军旗	byjq	简单鹤		0		0	0	0	0
边缘计算	byjs	简单鹤		0		0	0	0	0
不用解释	byju	简单鹤		0		0	0	0	0
不宜居住	byjv	简单鹤		0		0	0	0	0
不要紧张	byjv	简单鹤		0		0	0	0	0
拨云见雾	byjw	简单鹤		0		0	0	0	0
不遗巨细	byjx	简单鹤		1		0	0	0	0
不用客气	bykq	简单鹤		0		0	0	0	0
不要客气	bykq	简单鹤		0		0	0	0	0
不亦快哉	bykz	简单鹤		0		0	0	0	0
不予理睬	bylc	简单鹤		0		0	0	0	0
不要脸的	byld	简单鹤		0		0	0	0	0
不用来了	byll	简单鹤		0		0	0	0	0
不义联盟	bylm	简单鹤		0		0	0	0	0
白云蓝天	bylt	简单鹤		0		0	0	0	0
不用劳神	bylu	简单鹤		0		0	0	0	0
不依赖于	byly	简单鹤		0		0	0	0	0
不要每次	bymc	简单鹤		0		0	0	0	0
不要命地	bymd	简单鹤		0		0	0	0	0
不要命的	bymd	简单鹤		0		0	0	0	0
抱有目的	bymd	简单鹤		0		0	0	0	0
不要命了	byml	简单鹤		0		0	0	0	0
柏油马路	byml	简单鹤		0		0	0	0	0
不要勉强	bymq	简单鹤		0		0	0	0	0
不要面子	bymz	简单鹤		0		0	0	0	0
北燕南飞	bynf	简单鹤		0		0	0	0	0
不要难过	byng	简单鹤		0		0	0	0	0
不予评价	bypj	简单鹤		0		0	0	0	0
白衣飘飘	bypp	简单鹤		0		0	0	0	0
布衣黔首	byqu	简单鹤		1		0	0	0	0
拔营起寨	byqv	简单鹤		0		0	0	0	0
暴雨如注	byrv	简单鹤		0		0	0	0	0
不要认为	byrw	简单鹤		0		0	0	0	0
必有所求	bysq	简单鹤		0		0	0	0	0
必有所图	byst	简单鹤		0		0	0	0	0
必有所失	bysu	简单鹤		0		0	0	0	0
毕业通知	bytv	简单鹤		0		0	0	0	0
不要刷屏	byub	简单鹤		0		0	0	0	0
必要手段	byud	简单鹤		0		0	0	0	0
不亦说乎	byuh	简单鹤		0		0	0	0	0
必要时候	byuh	简单鹤		0		0	0	0	0
白云深处	byui	简单鹤		0		0	0	0	0
拜月神教	byuj	简单鹤		0		0	0	0	0
不用说了	byul	简单鹤		0		0	0	0	0
不雅视频	byup	简单鹤		0		0	0	0	0
边远山区	byuq	简单鹤		0		0	0	0	0
布衣蔬食	byuu	简单鹤		1		0	0	0	0
本月上旬	byux	简单鹤		0		0	0	0	0
毕业实习	byux	简单鹤		0		0	0	0	0
兵役制度	byvd	简单鹤		0		0	0	0	0
布衣之交	byvj	简单鹤		1		0	0	0	0
不要这么	byvm	简单鹤		0		0	0	0	0
必有重谢	byvx	简单鹤		0		0	0	0	0
本月中旬	byvx	简单鹤		0		0	0	0	0
白夜追凶	byvx	简单鹤		0		0	0	0	0
闭一只眼	byvy	简单鹤		0		0	0	0	0
不虞之灾	byvz	简单鹤		0		0	0	0	0
毕业晚会	bywh	简单鹤		0		0	0	0	0
不易忘记	bywj	简单鹤		0		0	0	0	0
不要忘记	bywj	简单鹤		0		0	0	0	0
不要忘了	bywl	简单鹤		0		0	0	0	0
巴以问题	bywt	简单鹤		0		0	0	0	0
不用我说	bywu	简单鹤		0		0	0	0	0
必有我师	bywu	简单鹤	72	0		0	0	0	0
不意味着	bywv	简单鹤		0		0	0	0	0
不以物喜	bywx	简单鹤		0		0	0	0	0
白玉无瑕	bywx	简单鹤		1		0	0	0	0
表音文字	bywz	简单鹤		0		0	0	0	0
抱有想法	byxf	简单鹤		0		0	0	0	0
报怨雪耻	byxi	简单鹤		0		0	0	0	0
不要小看	byxk	简单鹤		0		0	0	0	0
白眼相看	byxk	简单鹤		1		0	0	0	0
半夜醒来	byxl	简单鹤		0		0	0	0	0
帮一下忙	byxm	简单鹤		0		0	0	0	0
不养闲人	byxr	简单鹤		0		0	0	0	0
边缘行者	byxv	简单鹤		0		0	0	0	0
抱有希望	byxw	简单鹤		0		0	0	0	0
不要相信	byxx	简单鹤		0		0	0	0	0
本月下旬	byxx	简单鹤		0		0	0	0	0
不要也罢	byyb	简单鹤		0		0	0	0	0
不一样的	byyd	简单鹤		0		0	0	0	0
百亿影帝	byyd	简单鹤		0		0	0	0	0
别有一番	byyf	简单鹤		0		0	0	0	0
备用钥匙	byyi	简单鹤		0		0	0	0	0
不一样了	byyl	简单鹤		0		0	0	0	0
必有一死	byys	简单鹤		0		0	0	0	0
不疑有他	byyt	简单鹤		0		0	0	0	0
必有一失	byyu	简单鹤	42	0		0	0	0	0
不要以为	byyw	简单鹤		0		0	0	0	0
不要因为	byyw	简单鹤		0		0	0	0	0
毕业院校	byyx	简单鹤		0		0	0	0	0
不用做了	byzl	简单鹤		0		0	0	0	0
不用再说	byzu	简单鹤		0		0	0	0	0
不要阻止	byzv	简单鹤		0		0	0	0	0
不要在意	byzy	简单鹤		0		0	0	0	0
本意在于	byzy	简单鹤		0		0	0	0	0
暴躁不安	bzba	简单鹤		0		0	0	0	0
不醉不归	bzbg	简单鹤		0		0	0	0	0
八字不合	bzbh	简单鹤		0		0	0	0	0
不增不减	bzbj	简单鹤		0		0	0	0	0
边走边聊	bzbl	简单鹤		0		0	0	0	0
不作不死	bzbs	简单鹤		0		0	0	0	0
鼻子不通	bzbt	简单鹤		0		0	0	0	0
边做边像	bzbx	简单鹤		0		0	0	0	0
不在此例	bzcl	简单鹤		0		0	0	0	0
鼻子底下	bzdx	简单鹤		0		0	0	0	0
不曾放弃	bzfq	简单鹤		0		0	0	0	0
不做凤尾	bzfw	简单鹤		0		0	0	0	0
别再烦我	bzfw	简单鹤		0		0	0	0	0
不做好事	bzhu	简单鹤		0		0	0	0	0
编造谎言	bzhy	简单鹤		0		0	0	0	0
班子成员	bziy	简单鹤		0		0	0	0	0
不自觉地	bzjd	简单鹤		0		0	0	0	0
不自觉的	bzjd	简单鹤		0		0	0	0	0
被做局了	bzjl	简单鹤		0		0	0	0	0
不再考虑	bzkl	简单鹤		0		0	0	0	0
兵足粮广	bzlg	简单鹤		0		0	0	0	0
暴躁老哥	bzlg	简单鹤		0		0	0	0	0
憋足了劲	bzlj	简单鹤		0		0	0	0	0
编组练习	bzlx	简单鹤		0		0	0	0	0
不怎么好	bzmh	简单鹤		0		0	0	0	0
暴走漫画	bzmh	简单鹤		0		0	0	0	0
别做梦了	bzml	简单鹤		0		0	0	0	0
不再满足	bzmz	简单鹤		0		0	0	0	0
宝藏女孩	bznh	简单鹤		0		0	0	0	0
宝藏男孩	bznh	简单鹤		0		0	0	0	0
不再年轻	bznq	简单鹤		0		0	0	0	0
抱子弄孙	bzns	简单鹤		1		0	0	0	0
搬嘴弄舌	bznu	简单鹤		0		0	0	0	0
不自然的	bzrd	简单鹤		0		0	0	0	0
不在人世	bzru	简单鹤		0		0	0	0	0
不再逃避	bztb	简单鹤		0		0	0	0	0
必遭天谴	bztq	简单鹤		0		0	0	0	0
不择生冷	bzul	简单鹤		1		0	0	0	0
摆在首位	bzuw	简单鹤		0		0	0	0	0
不走正路	bzvl	简单鹤		0		0	0	0	0
不在状态	bzvt	简单鹤		0		0	0	0	0
不再只是	bzvu	简单鹤		0		0	0	0	0
不再赘述	bzvu	简单鹤		0		0	0	0	0
不做指望	bzvw	简单鹤		0		0	0	0	0
败则为寇	bzwk	简单鹤		0		0	0	0	0
不走弯路	bzwl	简单鹤		0		0	0	0	0
不再为难	bzwn	简单鹤		0		0	0	0	0
憋在心里	bzxl	简单鹤		0		0	0	0	0
不再需要	bzxy	简单鹤		0		0	0	0	0
不赞一词	bzyc	简单鹤		1		0	0	0	0
别赞要脸	bzyl	简单鹤		0		0	0	0	0
不足与谋	bzym	简单鹤		1		0	0	0	0
不再要求	bzyq	简单鹤		0		0	0	0	0
不在一起	bzyq	简单鹤		0		0	0	0	0
别再犹豫	bzyy	简单鹤		0		0	0	0	0
擦背挨肩	cbaj	简单鹤		0		0	0	0	0
惨白惨白	cbcb	简单鹤		0		0	0	0	0
存不存在	cbcz	简单鹤		0		0	0	0	0
从北到南	cbdn	简单鹤		0		0	0	0	0
从不放弃	cbfq	简单鹤		0		0	0	0	0
错不悔改	cbhg	简单鹤		0		0	0	0	0
猜不出来	cbil	简单鹤		0		0	0	0	0
从表面看	cbmk	简单鹤		0		0	0	0	0
从不满足	cbmz	简单鹤		0		0	0	0	0
苍白如纸	cbrv	简单鹤		0		0	0	0	0
从不认为	cbrw	简单鹤		0		0	0	0	0
慈悲如月	cbry	简单鹤		0		0	0	0	0
慈不掌兵	cbvb	简单鹤		0		0	0	0	0
才薄智浅	cbvq	简单鹤		1		0	0	0	0
从本质上	cbvu	简单鹤		0		0	0	0	0
才不至于	cbvy	简单鹤		0		0	0	0	0
财不外露	cbwl	简单鹤		0		0	0	0	0
从北向南	cbxn	简单鹤		0		0	0	0	0
才不相信	cbxx	简单鹤		0		0	0	0	0
凑不要脸	cbyl	简单鹤		0		0	0	0	0
措词不当	ccbd	简单鹤		0		0	0	0	0
措辞不当	ccbd	简单鹤		0		0	0	0	0
层层把关	ccbg	简单鹤		0		0	0	0	0
层层递进	ccdj	简单鹤		0		0	0	0	0
匆匆而过	cceg	简单鹤		0		0	0	0	0
匆匆告辞	ccgc	简单鹤		0		0	0	0	0
匆匆过客	ccgk	简单鹤		0		0	0	0	0
从此开始	ccku	简单鹤		0		0	0	0	0
淙淙流水	cclu	简单鹤		0		0	0	0	0
匆匆那年	ccnn	简单鹤		0		0	0	0	0
措辞强硬	ccqy	简单鹤		0		0	0	0	0
摧残人性	ccrx	简单鹤		0		0	0	0	0
层层深入	ccur	简单鹤		0		0	0	0	0
草草收尾	ccuw	简单鹤		0		0	0	0	0
仓促之间	ccvj	简单鹤		0		0	0	0	0
猜错主角	ccvj	简单鹤		0		0	0	0	0
仓促行事	ccxu	简单鹤		0		0	0	0	0
淙淙小溪	ccxx	简单鹤		0		0	0	0	0
从低到高	cddg	简单鹤		0		0	0	0	0
从东到西	cddx	简单鹤		0		0	0	0	0
从大到小	cddx	简单鹤		0		0	0	0	0
猜得出来	cdil	简单鹤		0		0	0	0	0
菜得抠脚	cdkj	简单鹤		0		0	0	0	0
菜都凉了	cdll	简单鹤		0		0	0	0	0
错得离谱	cdlp	简单鹤		0		0	0	0	0
材大难用	cdny	简单鹤		1		0	0	0	0
菜得一逼	cdyb	简单鹤		0		0	0	0	0
菜的一逼	cdyb	简单鹤		0		0	0	0	0
猜对有奖	cdyj	简单鹤		0		0	0	0	0
凑到一起	cdyq	简单鹤		0		0	0	0	0
藏而不露	cebl	简单鹤		0		0	0	0	0
仓耳今楷	cejk	简单鹤		0		0	0	0	0
聪耳明目	cemm	简单鹤		0		0	0	0	0
侧耳倾听	ceqt	简单鹤		0		0	0	0	0
侧方停车	cfti	简单鹤		0		0	0	0	0
从高到低	cgdd	简单鹤		0		0	0	0	0
从各方面	cgfm	简单鹤		0		0	0	0	0
篡改成绩	cgij	简单鹤		0		0	0	0	0
存感激恩	cgje	简单鹤		0		0	0	0	0
参观教学	cgjx	简单鹤		0		0	0	0	0
错怪你了	cgnl	简单鹤		0		0	0	0	0
才高气清	cgqq	简单鹤		1		0	0	0	0
凑个热闹	cgrn	简单鹤		0		0	0	0	0
才高识广	cgug	简单鹤		0		0	0	0	0
参观指导	cgvd	简单鹤		0		0	0	0	0
草根文化	cgwh	简单鹤		0		0	0	0	0
错估形势	cgxu	简单鹤		0		0	0	0	0
擦干眼泪	cgyl	简单鹤		0		0	0	0	0
采花大盗	chdd	简单鹤		0		0	0	0	0
参横斗转	chdv	简单鹤		1		0	0	0	0
从何而来	chel	简单鹤		0		0	0	0	0
策划服务	chfw	简单鹤		0		0	0	0	0
聪慧过人	chgr	简单鹤		0		0	0	0	0
才会出现	chix	简单鹤		0		0	0	0	0
错恨难返	chnf	简单鹤		0		0	0	0	0
慈航普度	chpd	简单鹤		0		0	0	0	0
仓皇逃窜	chtc	简单鹤		0		0	0	0	0
仓皇逃跑	chtp	简单鹤		0		0	0	0	0
从何时起	chuq	简单鹤		0		0	0	0	0
从何说起	chuq	简单鹤		0		0	0	0	0
残害忠良	chvl	简单鹤		0		0	0	0	0
才会这样	chvy	简单鹤		0		0	0	0	0
从何下手	chxu	简单鹤		0		0	0	0	0
此话一出	chyi	简单鹤		0		0	0	0	0
此话怎讲	chzj	简单鹤		0		0	0	0	0
财产安全	ciaq	简单鹤		0		0	0	0	0
此仇不报	cibb	简单鹤		0		0	0	0	0
摧城拔寨	cibv	简单鹤		0		0	0	0	0
蹭吃蹭喝	cich	简单鹤		0		0	0	0	0
参禅打坐	cidz	简单鹤		0		0	0	0	0
擦出火花	cihh	简单鹤		0		0	0	0	0
从长计较	cijj	简单鹤		1		0	0	0	0
操持家务	cijw	简单鹤		0		0	0	0	0
存储空间	cikj	简单鹤		0		0	0	0	0
猜出来了	cill	简单鹤		0		0	0	0	0
财产评估	cipg	简单鹤		0		0	0	0	0
磁场强度	ciqd	简单鹤		0		0	0	0	0
财产权利	ciql	简单鹤		0		0	0	0	0
存储容量	cirl	简单鹤		0		0	0	0	0
存储设备	ciub	简单鹤		0		0	0	0	0
存储数据	ciuj	简单鹤		0		0	0	0	0
财产转移	civy	简单鹤		0		0	0	0	0
此处无声	ciwu	简单鹤		0		0	0	0	0
此处应有	ciyy	简单鹤		0		0	0	0	0
参加比赛	cjbs	简单鹤		0		0	0	0	0
错就错在	cjcz	简单鹤		0		0	0	0	0
菜就多练	cjdl	简单鹤		0		0	0	0	0
曾经的你	cjdn	简单鹤		0		0	0	0	0
残局大师	cjdu	简单鹤		0		0	0	0	0
促进发展	cjfv	简单鹤		0		0	0	0	0
参加高考	cjgk	简单鹤		0		0	0	0	0
参加工作	cjgz	简单鹤		0		0	0	0	0
参加活动	cjhd	简单鹤		0		0	0	0	0
菜鸡互啄	cjhv	简单鹤		0		0	0	0	0
参加会议	cjhy	简单鹤		0		0	0	0	0
参加考试	cjku	简单鹤		0		0	0	0	0
参加劳动	cjld	简单鹤		0		0	0	0	0
从今日起	cjrq	简单鹤		0		0	0	0	0
从即日起	cjrq	简单鹤		0		0	0	0	0
参加人数	cjru	简单鹤		0		0	0	0	0
参加人员	cjry	简单鹤		0		0	0	0	0
裁减人员	cjry	简单鹤		0		0	0	0	0
错就是错	cjuc	简单鹤		0		0	0	0	0
曾经说过	cjug	简单鹤		0		0	0	0	0
刺激战场	cjvi	简单鹤		0		0	0	0	0
参加学习	cjxx	简单鹤		0		0	0	0	0
曾经拥有	cjyy	简单鹤		0		0	0	0	0
刺激作用	cjzy	简单鹤		0		0	0	0	0
仓颉造字	cjzz	简单鹤		0		0	0	0	0
参考参考	ckck	简单鹤		0		0	0	0	0
参考答案	ckda	简单鹤		0		0	0	0	0
采矿工程	ckgi	简单鹤		0		0	0	0	0
词库处理	ckil	简单鹤		0		0	0	0	0
参考教材	ckjc	简单鹤		0		0	0	0	0
侧刻键帽	ckjm	简单鹤		0		0	0	0	0
参考价值	ckjv	简单鹤		0		0	0	0	0
参考链接	cklj	简单鹤		0		0	0	0	0
才可能是	cknu	简单鹤		0		0	0	0	0
参考手册	ckuc	简单鹤		0		0	0	0	0
参考书目	ckum	简单鹤		0		0	0	0	0
参考文献	ckwx	简单鹤		0		0	0	0	0
刺客信条	ckxt	简单鹤		0		0	0	0	0
存款余额	ckye	简单鹤		0		0	0	0	0
参考意见	ckyj	简单鹤		0		0	0	0	0
才可以是	ckyu	简单鹤		0		0	0	0	0
存款业务	ckyw	简单鹤		0		0	0	0	0
参考意义	ckyy	简单鹤		0		0	0	0	0
从来不觉	clbj	简单鹤		0		0	0	0	0
从来不看	clbk	简单鹤		0		0	0	0	0
从来不用	clby	简单鹤		0		0	0	0	0
蹙了蹙眉	clcm	简单鹤		0		0	0	0	0
从来都没	cldm	简单鹤		0		0	0	0	0
从来都是	cldu	简单鹤		0		0	0	0	0
丛林法则	clfz	简单鹤		0		0	0	0	0
才略过人	clgr	简单鹤		0		0	0	0	0
材料检测	cljc	简单鹤		0		0	0	0	0
从来就是	clju	简单鹤		0		0	0	0	0
磁力链接	cllj	简单鹤		0		0	0	0	0
从理论上	cllu	简单鹤		0		0	0	0	0
此类事件	cluj	简单鹤		0		0	0	0	0
草榴社区	cluq	简单鹤		0		0	0	0	0
从历史上	cluu	简单鹤		0		0	0	0	0
沧浪之水	clvu	简单鹤		0		0	0	0	0
测量误差	clwi	简单鹤		0		0	0	0	0
材料物理	clwl	简单鹤		0		0	0	0	0
财力雄厚	clxh	简单鹤		0		0	0	0	0
此类现象	clxx	简单鹤		0		0	0	0	0
从来也没	clym	简单鹤		0		0	0	0	0
错买错卖	cmcm	简单鹤		0		0	0	0	0
聪明懂事	cmdu	简单鹤		0		0	0	0	0
从没发现	cmfx	简单鹤		0		0	0	0	0
催眠高潮	cmgi	简单鹤		0		0	0	0	0
聪明过人	cmgr	简单鹤	152	0		0	0	0	0
聪明好学	cmhx	简单鹤		0		0	0	0	0
才貌兼备	cmjb	简单鹤		0		0	0	0	0
从没见过	cmjg	简单鹤		0		0	0	0	0
从没看过	cmkg	简单鹤		0		0	0	0	0
催眠疗法	cmlf	简单鹤		0		0	0	0	0
草帽路飞	cmlf	简单鹤		0		0	0	0	0
侧面描写	cmmx	简单鹤		0		0	0	0	0
仓木麻衣	cmmy	简单鹤		0		0	0	0	0
参谋人员	cmry	简单鹤		0		0	0	0	0
从没听过	cmtg	简单鹤		0		0	0	0	0
从明天起	cmtq	简单鹤		0		0	0	0	0
从没听说	cmtu	简单鹤		0		0	0	0	0
从没说过	cmug	简单鹤		0		0	0	0	0
聪明之处	cmvi	简单鹤		0		0	0	0	0
此面向敌	cmxd	简单鹤		0		0	0	0	0
从没想过	cmxg	简单鹤		0		0	0	0	0
草帽小子	cmxz	简单鹤		0		0	0	0	0
从没有过	cmyg	简单鹤		0		0	0	0	0
此门已坏	cmyh	简单鹤		0		0	0	0	0
草帽一伙	cmyh	简单鹤		0		0	0	0	0
草木一春	cmyi	简单鹤		0		0	0	0	0
草木鱼虫	cmyi	简单鹤		0		0	0	0	0
草木一秋	cmyq	简单鹤		0		0	0	0	0
催眠音声	cmyu	简单鹤		0		0	0	0	0
从没做过	cmzg	简单鹤		0		0	0	0	0
菜鸟裹裹	cngg	简单鹤		0		0	0	0	0
策驽砺钝	cnld	简单鹤		1		0	0	0	0
从哪里来	cnll	简单鹤		0		0	0	0	0
操你妈逼	cnmb	简单鹤		0		0	0	0	0
艹你妈逼	cnmb	简单鹤		0		0	0	0	0
草你妈逼	cnmb	简单鹤		0		0	0	0	0
操你妈的	cnmd	简单鹤		0		0	0	0	0
艹你妈的	cnmd	简单鹤		0		0	0	0	0
操你奶奶	cnnn	简单鹤		0		0	0	0	0
草你奶奶	cnnn	简单鹤		0		0	0	0	0
从娘胎里	cntl	简单鹤		0		0	0	0	0
从那天起	cntq	简单鹤		0		0	0	0	0
从那时候	cnuh	简单鹤		0		0	0	0	0
从南向北	cnxb	简单鹤		0		0	0	0	0
猜你喜欢	cnxh	简单鹤		0		0	0	0	0
残年余力	cnyl	简单鹤		1		0	0	0	0
菜鸟驿站	cnyv	简单鹤		0		0	0	0	0
从你做起	cnzq	简单鹤		0		0	0	0	0
磁盘清理	cpql	简单鹤		0		0	0	0	0
彩票中奖	cpvj	简单鹤		0		0	0	0	0
脆皮炸鸡	cpvj	简单鹤		0		0	0	0	0
彩排现场	cpxi	简单鹤		0		0	0	0	0
采取步骤	cqbv	简单鹤		0		0	0	0	0
从前到后	cqdh	简单鹤		0		0	0	0	0
萃取而出	cqei	简单鹤		0		0	0	0	0
才气过人	cqgr	简单鹤		1		0	0	0	0
从轻处理	cqil	简单鹤		0		0	0	0	0
从轻处置	cqiv	简单鹤		0		0	0	0	0
藏起来了	cqll	简单鹤		0		0	0	0	0
擦拳磨掌	cqmv	简单鹤		1		0	0	0	0
篡权谋位	cqmw	简单鹤		0		0	0	0	0
彩旗飘飘	cqpp	简单鹤		0		0	0	0	0
从其所好	cqsh	简单鹤		0		0	0	0	0
从前往后	cqwh	简单鹤		0		0	0	0	0
才气无双	cqwu	简单鹤		1		0	0	0	0
采取行动	cqxd	简单鹤		0		0	0	0	0
藏巧于拙	cqyv	简单鹤		1		0	0	0	0
擦枪走火	cqzh	简单鹤		0		0	0	0	0
从容冷静	crlj	简单鹤		0		0	0	0	0
次日清晨	crqi	简单鹤		0		0	0	0	0
灿若桃花	crth	简单鹤		0		0	0	0	0
翠绕珠围	crvw	简单鹤		1		0	0	0	0
灿然一笑	cryx	简单鹤		0		0	0	0	0
寸丝不挂	csbg	简单鹤		1		0	0	0	0
参赛记录	csjl	简单鹤		0		0	0	0	0
财色兼收	csju	简单鹤		0		0	0	0	0
沧桑坎坷	cskk	简单鹤		0		0	0	0	0
操碎了心	cslx	简单鹤		0		0	0	0	0
参赛选手	csxu	简单鹤		0		0	0	0	0
参赛资格	cszg	简单鹤		0		0	0	0	0
从头到脚	ctdj	简单鹤		0		0	0	0	0
刺探敌情	ctdq	简单鹤		0		0	0	0	0
苍天大树	ctdu	简单鹤		0		0	0	0	0
撮土焚香	ctfx	简单鹤		1		0	0	0	0
从头彻尾	ctiw	简单鹤		1		0	0	0	0
刺探军情	ctjq	简单鹤		0		0	0	0	0
惨痛教训	ctjx	简单鹤		0		0	0	0	0
从头来过	ctlg	简单鹤		0		0	0	0	0
操他妈的	ctmd	简单鹤		0		0	0	0	0
艹他妈的	ctmd	简单鹤		0		0	0	0	0
草他妈的	ctmd	简单鹤		0		0	0	0	0
粗头蛮脑	ctmn	简单鹤		0		0	0	0	0
踩踏事件	ctuj	简单鹤		0		0	0	0	0
此帖终结	ctvj	简单鹤		0		0	0	0	0
从头学起	ctxq	简单鹤		0		0	0	0	0
从头做起	ctzq	简单鹤		0		0	0	0	0
苍天在上	ctzu	简单鹤		0		0	0	0	0
测试版本	cubb	简单鹤		0		0	0	0	0
才疏德薄	cudb	简单鹤		1		0	0	0	0
测试订单	cudd	简单鹤		0		0	0	0	0
措施得力	cudl	简单鹤		0		0	0	0	0
搓手顿足	cudz	简单鹤		1		0	0	0	0
苍山洱海	cueh	简单鹤		0		0	0	0	0
参数方程	cufi	简单鹤		0		0	0	0	0
才识过人	cugr	简单鹤		1		0	0	0	0
慈善机构	cujg	简单鹤		0		0	0	0	0
从实践中	cujv	简单鹤		0		0	0	0	0
参数拉满	culm	简单鹤		0		0	0	0	0
草率了事	culu	简单鹤		0		0	0	0	0
粗识皮毛	cupm	简单鹤		0		0	0	0	0
厕身其间	cuqj	简单鹤		1		0	0	0	0
菜少僧多	cusd	简单鹤		0		0	0	0	0
才疏识浅	cuuq	简单鹤		0		0	0	0	0
才疏志大	cuvd	简单鹤		1		0	0	0	0
藏身之地	cuvd	简单鹤		0		0	0	0	0
藏身之处	cuvi	简单鹤		0		0	0	0	0
从实招来	cuvl	简单鹤		0		0	0	0	0
此生无悔	cuwh	简单鹤		0		0	0	0	0
此生无憾	cuwh	简单鹤		0		0	0	0	0
从上往下	cuwx	简单鹤		0		0	0	0	0
草率行事	cuxu	简单鹤		0		0	0	0	0
次数限制	cuxv	简单鹤		0		0	0	0	0
从上向下	cuxx	简单鹤		0		0	0	0	0
才是一个	cuyg	简单鹤		0		0	0	0	0
测试用例	cuyl	简单鹤		0		0	0	0	0
才是一种	cuyv	简单鹤		0		0	0	0	0
测试一下	cuyx	简单鹤		0		0	0	0	0
菜是原罪	cuyz	简单鹤		0		0	0	0	0
次生灾害	cuzh	简单鹤		0		0	0	0	0
此生足矣	cuzy	简单鹤		0		0	0	0	0
辞职不干	cvbg	简单鹤		0		0	0	0	0
辞职报告	cvbg	简单鹤		0		0	0	0	0
财政拨款	cvbk	简单鹤		0		0	0	0	0
从重从快	cvck	简单鹤		0		0	0	0	0
残肢断臂	cvdb	简单鹤		0		0	0	0	0
惨重代价	cvdj	简单鹤		0		0	0	0	0
挫折教育	cvjy	简单鹤		0		0	0	0	0
财政开支	cvkv	简单鹤		0		0	0	0	0
辞职考研	cvky	简单鹤		0		0	0	0	0
从中谋取	cvmq	简单鹤		0		0	0	0	0
蹙着眉头	cvmt	简单鹤		0		0	0	0	0
材质贴图	cvtt	简单鹤		0		0	0	0	0
寸止挑战	cvtv	简单鹤		0		0	0	0	0
辞职申请	cvuq	简单鹤		0		0	0	0	0
财政税收	cvuu	简单鹤		0		0	0	0	0
财政收支	cvuv	简单鹤		0		0	0	0	0
从中受益	cvuy	简单鹤		0		0	0	0	0
侧着身子	cvuz	简单鹤		0		0	0	0	0
财政状况	cvvk	简单鹤		0		0	0	0	0
厕纸文学	cvwx	简单鹤		0		0	0	0	0
从众心理	cvxl	简单鹤		0		0	0	0	0
寸止系列	cvxl	简单鹤		0		0	0	0	0
从众效应	cvxy	简单鹤		0		0	0	0	0
藏着掖着	cvyv	简单鹤		0		0	0	0	0
从中作祟	cvzs	简单鹤		0		0	0	0	0
存亡安危	cwaw	简单鹤		1		0	0	0	0
财务报表	cwbb	简单鹤		0		0	0	0	0
财务报告	cwbg	简单鹤		0		0	0	0	0
从外到内	cwdn	简单鹤		0		0	0	0	0
从未改变	cwgb	简单鹤		0		0	0	0	0
从未见过	cwjg	简单鹤		0		0	0	0	0
存亡继绝	cwjj	简单鹤		1		0	0	0	0
赐我力量	cwll	简单鹤		0		0	0	0	0
从未谋面	cwmm	简单鹤		0		0	0	0	0
财务年度	cwnd	简单鹤		0		0	0	0	0
错误难免	cwnm	简单鹤		0		0	0	0	0
错误思想	cwsx	简单鹤		0		0	0	0	0
从未失手	cwuu	简单鹤		0		0	0	0	0
财务指标	cwvb	简单鹤		0		0	0	0	0
财务主管	cwvg	简单鹤	843	0		0	0	0	0
错误之处	cwvi	简单鹤		0		0	0	0	0
财务状况	cwvk	简单鹤		0		0	0	0	0
策无遗算	cwys	简单鹤		1		0	0	0	0
财务自由	cwzy	简单鹤		0		0	0	0	0
从西到东	cxdd	简单鹤		0		0	0	0	0
从下到上	cxdu	简单鹤		0		0	0	0	0
从心而欲	cxey	简单鹤		0		0	0	0	0
雌性高潮	cxgi	简单鹤		0		0	0	0	0
才学过人	cxgr	简单鹤		0		0	0	0	0
促销活动	cxhd	简单鹤		0		0	0	0	0
雌性激素	cxjs	简单鹤		0		0	0	0	0
雌雄莫辨	cxmb	简单鹤		0		0	0	0	0
此行目的	cxmd	简单鹤		0		0	0	0	0
藏形匿影	cxny	简单鹤		1		0	0	0	0
才想起来	cxql	简单鹤		0		0	0	0	0
从下往上	cxwu	简单鹤		0		0	0	0	0
从西向东	cxxd	简单鹤		0		0	0	0	0
藏息相辅	cxxf	简单鹤		0		0	0	0	0
促膝夜谈	cxyt	简单鹤		0		0	0	0	0
雌雄异体	cxyt	简单鹤		0		0	0	0	0
参与不了	cybl	简单鹤		0		0	0	0	0
葱油拌面	cybm	简单鹤		0		0	0	0	0
采阳补阴	cyby	简单鹤		0		0	0	0	0
采阴补阳	cyby	简单鹤		0		0	0	0	0
粗衣淡饭	cydf	简单鹤		1		0	0	0	0
采样定理	cydl	简单鹤		0		0	0	0	0
从业多年	cydn	简单鹤		0		0	0	0	0
从易到难	cydn	简单鹤		0		0	0	0	0
此言得之	cydv	简单鹤		0		0	0	0	0
次要方面	cyfm	简单鹤		0		0	0	0	0
财源广进	cygj	简单鹤	456	0		0	0	0	0
聪颖过人	cygr	简单鹤	50	0		0	0	0	0
苍蝇馆子	cygz	简单鹤		0		0	0	0	0
从严处理	cyil	简单鹤		0		0	0	0	0
此言差也	cyiy	简单鹤		0		0	0	0	0
此言差矣	cyiy	简单鹤		0		0	0	0	0
词语接龙	cyjl	简单鹤		0		0	0	0	0
才有可能	cykn	简单鹤		0		0	0	0	0
从一开始	cyku	简单鹤		0		0	0	0	0
词语联想	cylx	简单鹤		0		0	0	0	0
村野匹夫	cypf	简单鹤		1		0	0	0	0
踩一捧一	cypy	简单鹤		0		0	0	0	0
苍蝇拍子	cypz	简单鹤		0		0	0	0	0
词义缩小	cysx	简单鹤		0		0	0	0	0
残余势力	cyul	简单鹤		0		0	0	0	0
此喻甚妙	cyum	简单鹤		0		0	0	0	0
彩云之南	cyvn	简单鹤		0		0	0	0	0
才艺展示	cyvu	简单鹤		0		0	0	0	0
彩云追月	cyvy	简单鹤		0		0	0	0	0
从右至左	cyvz	简单鹤		0		0	0	0	0
餐饮文化	cywh	简单鹤		0		0	0	0	0
从右往左	cywz	简单鹤		0		0	0	0	0
从右向左	cyxz	简单鹤		0		0	0	0	0
此言一出	cyyi	简单鹤		0		0	0	0	0
此言有理	cyyl	简单鹤		0		0	0	0	0
参与游戏	cyyx	简单鹤		0		0	0	0	0
存有疑心	cyyx	简单鹤		0		0	0	0	0
惨遭报复	czbf	简单鹤		0		0	0	0	0
操作步骤	czbv	简单鹤		0		0	0	0	0
搓澡大汉	czdh	简单鹤		0		0	0	0	0
惨遭毒手	czdu	简单鹤		0		0	0	0	0
操作对象	czdx	简单鹤		0		0	0	0	0
操作方法	czff	简单鹤		0		0	0	0	0
嘈杂纷乱	czfl	简单鹤		0		0	0	0	0
操作过程	czgi	简单鹤		0		0	0	0	0
操作环境	czhj	简单鹤		0		0	0	0	0
存在差距	czij	简单鹤		0		0	0	0	0
操作程序	czix	简单鹤		0		0	0	0	0
操作技能	czjn	简单鹤		0		0	0	0	0
踩在脚下	czjx	简单鹤		0		0	0	0	0
藏踪蹑迹	cznj	简单鹤		1		0	0	0	0
厕足其间	czqj	简单鹤		1		0	0	0	0
操作人员	czry	简单鹤		0		0	0	0	0
惨遭屠戮	cztl	简单鹤		0		0	0	0	0
惨遭淘汰	cztt	简单鹤		0		0	0	0	0
搓澡师傅	czuf	简单鹤		0		0	0	0	0
惨遭杀害	czuh	简单鹤		0		0	0	0	0
惨遭杀戮	czul	简单鹤		0		0	0	0	0
从左至右	czvy	简单鹤		0		0	0	0	0
存在问题	czwt	简单鹤		0		0	0	0	0
从左往右	czwy	简单鹤		0		0	0	0	0
藏在心底	czxd	简单鹤		0		0	0	0	0
藏在心里	czxl	简单鹤		0		0	0	0	0
从左向右	czxy	简单鹤		0		0	0	0	0
存在一个	czyg	简单鹤		0		0	0	0	0
凑在一起	czyq	简单鹤		0		0	0	0	0
存在一种	czyv	简单鹤		0		0	0	0	0
档案管理	dagl	简单鹤		0		0	0	0	0
打熬筋骨	dajg	简单鹤		0		0	0	0	0
答案就是	daju	简单鹤		0		0	0	0	0
敌暗我明	dawm	简单鹤		0		0	0	0	0
大半部分	dbbf	简单鹤		0		0	0	0	0
盗版必究	dbbj	简单鹤		0		0	0	0	0
断编残简	dbcj	简单鹤		1		0	0	0	0
大把大把	dbdb	简单鹤		0		0	0	0	0
得不到的	dbdd	简单鹤		0		0	0	0	0
打不到车	dbdi	简单鹤		0		0	0	0	0
动不动就	dbdj	简单鹤		0		0	0	0	0
当不当讲	dbdj	简单鹤		0		0	0	0	0
点兵点将	dbdj	简单鹤		0		0	0	0	0
打不动了	dbdl	简单鹤		0		0	0	0	0
定板大帽	dbdm	简单鹤		0		0	0	0	0
钉板大帽	dbdm	简单鹤		0		0	0	0	0
独步当时	dbdu	简单鹤		1		0	0	0	0
带兵打仗	dbdv	简单鹤		0		0	0	0	0
电表倒转	dbdv	简单鹤		0		0	0	0	0
打包带走	dbdz	简单鹤		0		0	0	0	0
大败而归	dbeg	简单鹤		0		0	0	0	0
多不方便	dbfb	简单鹤		0		0	0	0	0
逮捕法办	dbfb	简单鹤		0		0	0	0	0
大部分的	dbfd	简单鹤		0		0	0	0	0
大部分人	dbfr	简单鹤		0		0	0	0	0
大部分是	dbfu	简单鹤		0		0	0	0	0
对比分析	dbfx	简单鹤		0		0	0	0	0
盗版光碟	dbgd	简单鹤		0		0	0	0	0
底部广告	dbgg	简单鹤		0		0	0	0	0
盗版光盘	dbgp	简单鹤		0		0	0	0	0
打不过去	dbgq	简单鹤		0		0	0	0	0
第八回合	dbhh	简单鹤		0		0	0	0	0
单笔画键	dbhj	简单鹤		0		0	0	0	0
多半好评	dbhp	简单鹤		0		0	0	0	0
大变活人	dbhr	简单鹤		0		0	0	0	0
多边会谈	dbht	简单鹤		0		0	0	0	0
打不还手	dbhu	简单鹤		0		0	0	0	0
单板滑雪	dbhx	简单鹤		0		0	0	0	0
代表会议	dbhy	简单鹤		0		0	0	0	0
多边合作	dbhz	简单鹤		0		0	0	0	0
打不出来	dbil	简单鹤		0		0	0	0	0
帝吧出征	dbiv	简单鹤		0		0	0	0	0
大病初愈	dbiy	简单鹤		0		0	0	0	0
打不出字	dbiz	简单鹤		0		0	0	0	0
大饼卷葱	dbjc	简单鹤		0		0	0	0	0
达标检测	dbjc	简单鹤		0		0	0	0	0
都不觉得	dbjd	简单鹤		0		0	0	0	0
打表计价	dbjj	简单鹤		0		0	0	0	0
等不及了	dbjl	简单鹤		0		0	0	0	0
大败亏输	dbku	简单鹤		1		0	0	0	0
都不吭声	dbku	简单鹤		0		0	0	0	0
打不了字	dblz	简单鹤		0		0	0	0	0
都不明白	dbmb	简单鹤		0		0	0	0	0
淡薄名利	dbml	简单鹤		0		0	0	0	0
大笔买卖	dbmm	简单鹤		0		0	0	0	0
单边贸易	dbmy	简单鹤		0		0	0	0	0
德不配位	dbpw	简单鹤		0		0	0	0	0
夺宝奇兵	dbqb	简单鹤		0		0	0	0	0
都不清楚	dbqi	简单鹤		0		0	0	0	0
丢兵弃甲	dbqj	简单鹤		0		0	0	0	0
对不起了	dbql	简单鹤		0		0	0	0	0
大步如飞	dbrf	简单鹤		0		0	0	0	0
盗版软件	dbrj	简单鹤		0		0	0	0	0
大白若辱	dbrr	简单鹤		0		0	0	0	0
堵不如疏	dbru	简单鹤		0		0	0	0	0
代表人物	dbrw	简单鹤		0		0	0	0	0
都不忍心	dbrx	简单鹤		0		0	0	0	0
多不容易	dbry	简单鹤		0		0	0	0	0
都不容易	dbry	简单鹤		0		0	0	0	0
大被同眠	dbtm	简单鹤		0		0	0	0	0
多边谈判	dbtp	简单鹤		0		0	0	0	0
地爆天星	dbtx	简单鹤		0		0	0	0	0
大把时光	dbug	简单鹤		0		0	0	0	0
大把时间	dbuj	简单鹤		0		0	0	0	0
等比数列	dbul	简单鹤		0		0	0	0	0
独臂神尼	dbun	简单鹤		0		0	0	0	0
待办事项	dbux	简单鹤		0		0	0	0	0
断背山下	dbux	简单鹤		0		0	0	0	0
倒不知道	dbvd	简单鹤		0		0	0	0	0
都不知道	dbvd	简单鹤		0		0	0	0	0
导播赵干	dbvg	简单鹤		0		0	0	0	0
对不住了	dbvl	简单鹤		0		0	0	0	0
顶不住了	dbvl	简单鹤		0		0	0	0	0
东部战区	dbvq	简单鹤		0		0	0	0	0
对比之下	dbvx	简单鹤		0		0	0	0	0
的帮助下	dbvx	简单鹤		0		0	0	0	0
都不重要	dbvy	简单鹤		0		0	0	0	0
都不为过	dbwg	简单鹤		0		0	0	0	0
德邦物流	dbwl	简单鹤		0		0	0	0	0
大包小包	dbxb	简单鹤		0		0	0	0	0
都不喜欢	dbxh	简单鹤		0		0	0	0	0
呆不下去	dbxq	简单鹤		0		0	0	0	0
待不下去	dbxq	简单鹤		0		0	0	0	0
都不需要	dbxy	简单鹤		0		0	0	0	0
倒不一定	dbyd	简单鹤		0		0	0	0	0
大半夜的	dbyd	简单鹤		0		0	0	0	0
东北雨姐	dbyj	简单鹤		0		0	0	0	0
大兵压境	dbyj	简单鹤		0		0	0	0	0
大摆筵席	dbyx	简单鹤		0		0	0	0	0
杜比音效	dbyx	简单鹤		0		0	0	0	0
都不一样	dbyy	简单鹤		0		0	0	0	0
代表资格	dbzg	简单鹤		0		0	0	0	0
代表作品	dbzp	简单鹤		0		0	0	0	0
地表最强	dbzq	简单鹤		0		0	0	0	0
倒不在意	dbzy	简单鹤		0		0	0	0	0
对雌宝具	dcbj	简单鹤		0		0	0	0	0
打擦边球	dcbq	简单鹤		0		0	0	0	0
动次打次	dcdc	简单鹤		0		0	0	0	0
断层第一	dcdy	简单鹤		0		0	0	0	0
电磁干扰	dcgr	简单鹤		0		0	0	0	0
多藏厚亡	dchw	简单鹤		1		0	0	0	0
多次出现	dcix	简单鹤		0		0	0	0	0
到此结束	dcju	简单鹤		0		0	0	0	0
多次考察	dcki	简单鹤		0		0	0	0	0
底层逻辑	dclj	简单鹤		0		0	0	0	0
断层领先	dclx	简单鹤		0		0	0	0	0
多次强调	dcqt	简单鹤		0		0	0	0	0
多次前往	dcqw	简单鹤		0		0	0	0	0
底层人民	dcrm	简单鹤		0		0	0	0	0
打词爽的	dcud	简单鹤		0		0	0	0	0
对错之分	dcvf	简单鹤		0		0	0	0	0
大葱蘸酱	dcvj	简单鹤		0		0	0	0	0
独裁政治	dcvv	简单鹤		0		0	0	0	0
东凑西凑	dcxc	简单鹤		0		0	0	0	0
东凑西借	dcxj	简单鹤		0		0	0	0	0
点灯熬油	dday	简单鹤		0		0	0	0	0
多多包涵	ddbh	简单鹤		0		0	0	0	0
道德绑架	ddbj	简单鹤		0		0	0	0	0
担待不起	ddbq	简单鹤		0		0	0	0	0
单点不送	ddbs	简单鹤		0		0	0	0	0
打得半死	ddbs	简单鹤		0		0	0	0	0
大大不同	ddbt	简单鹤		0		0	0	0	0
多多保重	ddbv	简单鹤		0		0	0	0	0
抵挡不住	ddbv	简单鹤		0		0	0	0	0
吊带背心	ddbx	简单鹤		0		0	0	0	0
大大促进	ddcj	简单鹤		0		0	0	0	0
断点测试	ddcu	简单鹤		0		0	0	0	0
懂的都懂	dddd	简单鹤		0		0	0	0	0
滴滴打车	dddi	简单鹤		0		0	0	0	0
动刀动枪	dddq	简单鹤		0		0	0	0	0
锻刀大赛	ddds	简单鹤		0		0	0	0	0
低等动物	dddw	简单鹤		0		0	0	0	0
定点单位	dddw	简单鹤		0		0	0	0	0
道德底线	dddx	简单鹤		0		0	0	0	0
大大的有	dddy	简单鹤		0		0	0	0	0
断档第一	dddy	简单鹤		0		0	0	0	0
打断复读	ddfd	简单鹤		0		0	0	0	0
大地飞歌	ddfg	简单鹤		0		0	0	0	0
等等方面	ddfm	简单鹤		0		0	0	0	0
得道飞升	ddfu	简单鹤		0		0	0	0	0
单调乏味	ddfw	简单鹤		0		0	0	0	0
大胆放心	ddfx	简单鹤		0		0	0	0	0
敌对分子	ddfz	简单鹤		0		0	0	0	0
跌到谷底	ddgd	简单鹤		0		0	0	0	0
跌打滚爬	ddgp	简单鹤		0		0	0	0	0
得道高人	ddgr	简单鹤		0		0	0	0	0
得道高僧	ddgs	简单鹤		0		0	0	0	0
多多关照	ddgv	简单鹤		0		0	0	0	0
得到缓解	ddhj	简单鹤		0		0	0	0	0
打电话来	ddhl	简单鹤		0		0	0	0	0
得到好评	ddhp	简单鹤		0		0	0	0	0
弟弟行为	ddhw	简单鹤		0		0	0	0	0
等待成本	ddib	简单鹤		0		0	0	0	0
带队冲锋	ddif	简单鹤		0		0	0	0	0
多点触控	ddik	简单鹤		0		0	0	0	0
抖动窗口	ddik	简单鹤		0		0	0	0	0
多点触摸	ddim	简单鹤		0		0	0	0	0
得道成仙	ddix	简单鹤		0		0	0	0	0
大大超越	ddiy	简单鹤		0		0	0	0	0
大大降低	ddjd	简单鹤		0		0	0	0	0
蛋打鸡飞	ddjf	简单鹤		0		0	0	0	0
独到见解	ddjj	简单鹤		0		0	0	0	0
道德建设	ddju	简单鹤		0		0	0	0	0
等待救援	ddjy	简单鹤		0		0	0	0	0
得到肯定	ddkd	简单鹤		0		0	0	0	0
大胆狂徒	ddkt	简单鹤		0		0	0	0	0
打底裤袜	ddkw	简单鹤		0		0	0	0	0
多多了解	ddlj	简单鹤		0		0	0	0	0
道德沦丧	ddls	简单鹤		0		0	0	0	0
的道路上	ddlu	简单鹤		0		0	0	0	0
达到目标	ddmb	简单鹤		0		0	0	0	0
道德模范	ddmf	简单鹤		0		0	0	0	0
大屌萌妹	ddmm	简单鹤		0		0	0	0	0
弟弟妹妹	ddmm	简单鹤		0		0	0	0	0
电动摩托	ddmt	简单鹤		0		0	0	0	0
多多美言	ddmy	简单鹤		0		0	0	0	0
逗逗你的	ddnd	简单鹤		0		0	0	0	0
动动脑子	ddnz	简单鹤		0		0	0	0	0
达到平衡	ddph	简单鹤		0		0	0	0	0
道德评价	ddpj	简单鹤		0		0	0	0	0
多多平台	ddpt	简单鹤		0		0	0	0	0
道德情操	ddqc	简单鹤		0		0	0	0	0
滴答清单	ddqd	简单鹤		0		0	0	0	0
大大强化	ddqh	简单鹤		0		0	0	0	0
颠倒乾坤	ddqk	简单鹤		1		0	0	0	0
大都如此	ddrc	简单鹤		0		0	0	0	0
低端人口	ddrk	简单鹤		0		0	0	0	0
得到认可	ddrk	简单鹤		0		0	0	0	0
打动人心	ddrx	简单鹤		0		0	0	0	0
大大缩短	ddsd	简单鹤		0		0	0	0	0
短道速滑	ddsh	简单鹤		0		0	0	0	0
电动三轮	ddsl	简单鹤		0		0	0	0	0
多大岁数	ddsu	简单鹤		0		0	0	0	0
跌打损伤	ddsu	简单鹤		0		0	0	0	0
多端同步	ddtb	简单鹤		0		0	0	0	0
敌对态度	ddtd	简单鹤		0		0	0	0	0
点滴体会	ddth	简单鹤		0		0	0	0	0
大胆突破	ddtp	简单鹤		0		0	0	0	0
大胆探索	ddts	简单鹤		0		0	0	0	0
大大提升	ddtu	简单鹤		0		0	0	0	0
得到体现	ddtx	简单鹤		0		0	0	0	0
大道同源	ddty	简单鹤		0		0	0	0	0
大多数的	ddud	简单鹤		0		0	0	0	0
打单爽的	ddud	简单鹤		0		0	0	0	0
多大事儿	ddue	简单鹤		0		0	0	0	0
打断施法	dduf	简单鹤		0		0	0	0	0
到底是个	ddug	简单鹤		0		0	0	0	0
地底世界	dduj	简单鹤		0		0	0	0	0
等待时机	dduj	简单鹤		0		0	0	0	0
敌对势力	ddul	简单鹤		0		0	0	0	0
道德水平	ddup	简单鹤		0		0	0	0	0
钝刀杀人	ddur	简单鹤		0		0	0	0	0
得道升天	ddut	简单鹤		0		0	0	0	0
动动手指	dduv	简单鹤		0		0	0	0	0
道德水准	dduv	简单鹤		0		0	0	0	0
低等生物	dduw	简单鹤		0		0	0	0	0
多多指导	ddvd	简单鹤		0		0	0	0	0
多多指点	ddvd	简单鹤		0		0	0	0	0
多多指教	ddvj	简单鹤		0		0	0	0	0
大道至简	ddvj	简单鹤		0		0	0	0	0
大打折扣	ddvk	简单鹤		0		0	0	0	0
当打之年	ddvn	简单鹤		0		0	0	0	0
大胆追求	ddvq	简单鹤		0		0	0	0	0
敌对状态	ddvt	简单鹤		0		0	0	0	0
低等植物	ddvw	简单鹤		0		0	0	0	0
懂得珍惜	ddvx	简单鹤		0		0	0	0	0
等等这些	ddvx	简单鹤		0		0	0	0	0
多多注意	ddvy	简单鹤		0		0	0	0	0
大帝之资	ddvz	简单鹤		0		0	0	0	0
道德准则	ddvz	简单鹤		0		0	0	0	0
独断万古	ddwg	简单鹤		0		0	0	0	0
道德问题	ddwt	简单鹤		0		0	0	0	0
当代文学	ddwx	简单鹤		0		0	0	0	0
东颠西倒	ddxd	简单鹤		0		0	0	0	0
道道霞光	ddxg	简单鹤		0		0	0	0	0
大大削弱	ddxr	简单鹤		0		0	0	0	0
敌对行为	ddxw	简单鹤		0		0	0	0	0
对赌协议	ddxy	简单鹤		0		0	0	0	0
道地药材	ddyc	简单鹤		0		0	0	0	0
得到一个	ddyg	简单鹤		0		0	0	0	0
达到一个	ddyg	简单鹤		0		0	0	0	0
多呆一会	ddyh	简单鹤		0		0	0	0	0
瞪大眼睛	ddyj	简单鹤		0		0	0	0	0
多多原谅	ddyl	简单鹤		0		0	0	0	0
冻得要死	ddys	简单鹤		0		0	0	0	0
大电音寺	ddys	简单鹤		0		0	0	0	0
多多驿站	ddyv	简单鹤		0		0	0	0	0
淡淡一笑	ddyx	简单鹤		0		0	0	0	0
道德原则	ddyz	简单鹤		0		0	0	0	0
大大增加	ddzj	简单鹤		0		0	0	0	0
大大增强	ddzq	简单鹤		0		0	0	0	0
到底怎样	ddzy	简单鹤		0		0	0	0	0
第二部分	debf	简单鹤		0		0	0	0	0
大额存单	decd	简单鹤		0		0	0	0	0
点儿词库	deck	简单鹤		0		0	0	0	0
第二定律	dedl	简单鹤		0		0	0	0	0
第二方面	defm	简单鹤		0		0	0	0	0
第二个月	degy	简单鹤		0		0	0	0	0
大额红包	dehb	简单鹤		0		0	0	0	0
第二回合	dehh	简单鹤		0		0	0	0	0
第二集团	dejt	简单鹤		0		0	0	0	0
第二件事	deju	简单鹤		0		0	0	0	0
第二课堂	dekt	简单鹤		0		0	0	0	0
第二人称	deri	简单鹤		0		0	0	0	0
第二梯队	detd	简单鹤		0		0	0	0	0
第二时间	deuj	简单鹤		0		0	0	0	0
大额转账	devv	简单鹤		0		0	0	0	0
得而诛之	devv	简单鹤		0		0	0	0	0
斗而铸锥	devv	简单鹤		1		0	0	0	0
第二志愿	devy	简单鹤		0		0	0	0	0
点儿五笔	dewb	简单鹤		0		0	0	0	0
多而无用	dewy	简单鹤		0		0	0	0	0
第二性征	dexv	简单鹤		0		0	0	0	0
低分辨率	dfbl	简单鹤		0		0	0	0	0
对付不了	dfbl	简单鹤		0		0	0	0	0
挡风玻璃	dfbl	简单鹤		0		0	0	0	0
当风秉烛	dfbv	简单鹤		1		0	0	0	0
大幅标语	dfby	简单鹤		0		0	0	0	0
东方大国	dfdg	简单鹤		0		0	0	0	0
党风党纪	dfdj	简单鹤		0		0	0	0	0
巅峰对决	dfdj	简单鹤		0		0	0	0	0
多方打听	dfdt	简单鹤		0		0	0	0	0
的份儿上	dfeu	简单鹤		0		0	0	0	0
东方发白	dffb	简单鹤		0		0	0	0	0
地方法官	dffg	简单鹤		0		0	0	0	0
地方法规	dffg	简单鹤		0		0	0	0	0
地方风味	dffw	简单鹤		0		0	0	0	0
地方法院	dffy	简单鹤		0		0	0	0	0
毒副反应	dffy	简单鹤		0		0	0	0	0
地方官员	dfgy	简单鹤		0		0	0	0	0
颠覆传统	dfit	简单鹤		0		0	0	0	0
大幅降低	dfjd	简单鹤		0		0	0	0	0
多方介入	dfjr	简单鹤		0		0	0	0	0
刀法精湛	dfjv	简单鹤		0		0	0	0	0
大风降温	dfjw	简单鹤		0		0	0	0	0
东风快递	dfkd	简单鹤		0		0	0	0	0
党风廉政	dflv	简单鹤		0		0	0	0	0
单方面的	dfmd	简单鹤		0		0	0	0	0
多方面的	dfmd	简单鹤		0		0	0	0	0
多方求助	dfqv	简单鹤		0		0	0	0	0
大风起兮	dfqx	简单鹤		0		0	0	0	0
对方球员	dfqy	简单鹤		0		0	0	0	0
倒反天罡	dftg	简单鹤		0		0	0	0	0
大幅提高	dftg	简单鹤		0		0	0	0	0
大幅提升	dftu	简单鹤		0		0	0	0	0
打发时间	dfuj	简单鹤		0		0	0	0	0
东方时空	dfuk	简单鹤		0		0	0	0	0
大幅上涨	dfuv	简单鹤		0		0	0	0	0
大发神威	dfuw	简单鹤		0		0	0	0	0
毒发身亡	dfuw	简单鹤		0		0	0	0	0
东方树叶	dfuy	简单鹤		0		0	0	0	0
大幅上扬	dfuy	简单鹤		0		0	0	0	0
东方甄选	dfvx	简单鹤		0		0	0	0	0
巅峰之作	dfvz	简单鹤		0		0	0	0	0
东方文明	dfwm	简单鹤		0		0	0	0	0
点份外卖	dfwm	简单鹤		0		0	0	0	0
的范围内	dfwn	简单鹤		0		0	0	0	0
大方无隅	dfwy	简单鹤		0		0	0	0	0
东扶西倒	dfxd	简单鹤		1		0	0	0	0
大幅下降	dfxj	简单鹤		0		0	0	0	0
豆腐西施	dfxu	简单鹤		0		0	0	0	0
大幅优化	dfyh	简单鹤		0		0	0	0	0
顶风作案	dfza	简单鹤		0		0	0	0	0
打翻在地	dfzd	简单鹤		0		0	0	0	0
多个版本	dgbb	简单鹤		0		0	0	0	0
多国部队	dgbd	简单鹤		0		0	0	0	0
打个比方	dgbf	简单鹤		0		0	0	0	0
丢官罢职	dgbv	简单鹤		0		0	0	0	0
打个比喻	dgby	简单鹤		0		0	0	0	0
动感地带	dgdd	简单鹤		0		0	0	0	0
地瓜淀粉	dgdf	简单鹤		0		0	0	0	0
定格动画	dgdh	简单鹤		0		0	0	0	0
打个电话	dgdh	简单鹤		0		0	0	0	0
打过电话	dgdh	简单鹤		0		0	0	0	0
单根独苗	dgdm	简单鹤		0		0	0	0	0
大概都是	dgdu	简单鹤		0		0	0	0	0
帝国大业	dgdy	简单鹤		0		0	0	0	0
打高尔夫	dgef	简单鹤		0		0	0	0	0
当官发财	dgfc	简单鹤		0		0	0	0	0
大国工匠	dggj	简单鹤		0		0	0	0	0
德国骨科	dggk	简单鹤		0		0	0	0	0
的过程中	dgiv	简单鹤		0		0	0	0	0
懂个锤子	dgiz	简单鹤		0		0	0	0	0
大概几点	dgjd	简单鹤		0		0	0	0	0
打过交道	dgjd	简单鹤		0		0	0	0	0
倒挂金钩	dgjg	简单鹤		0		0	0	0	0
德国进口	dgjk	简单鹤		0		0	0	0	0
大国崛起	dgjq	简单鹤		0		0	0	0	0
大高加索	dgjs	简单鹤		0		0	0	0	0
大概就是	dgju	简单鹤		0		0	0	0	0
断根绝种	dgjv	简单鹤		1		0	0	0	0
打个胶先	dgjx	简单鹤		0		0	0	0	0
打个胶线	dgjx	简单鹤		0		0	0	0	0
打狗看主	dgkv	简单鹤		1		0	0	0	0
大过滤器	dglq	简单鹤		0		0	0	0	0
带沟里去	dglq	简单鹤		0		0	0	0	0
都干嘛呢	dgmn	简单鹤		0		0	0	0	0
大过年的	dgnd	简单鹤		0		0	0	0	0
渡过难关	dgng	简单鹤		0		0	0	0	0
导光凝胶	dgnj	简单鹤		0		0	0	0	0
打个喷嚏	dgpt	简单鹤		0		0	0	0	0
多个品种	dgpv	简单鹤		0		0	0	0	0
丹桂飘香	dgpx	简单鹤		0		0	0	0	0
多个朋友	dgpy	简单鹤		0		0	0	0	0
顶个屁用	dgpy	简单鹤		0		0	0	0	0
打感情牌	dgqp	简单鹤		0		0	0	0	0
夺冠热门	dgrm	简单鹤		0		0	0	0	0
调过头来	dgtl	简单鹤		0		0	0	0	0
大概是吧	dgub	简单鹤		0		0	0	0	0
帝国时代	dgud	简单鹤		0		0	0	0	0
动过手脚	dguj	简单鹤		0		0	0	0	0
打个招呼	dgvh	简单鹤		0		0	0	0	0
打过照面	dgvm	简单鹤		0		0	0	0	0
达官知命	dgvm	简单鹤		1		0	0	0	0
达观知命	dgvm	简单鹤		1		0	0	0	0
大国重器	dgvq	简单鹤		0		0	0	0	0
打工战士	dgvu	简单鹤		0		0	0	0	0
逮个正着	dgvv	简单鹤		0		0	0	0	0
等过阵子	dgvz	简单鹤		0		0	0	0	0
都给我哭	dgwk	简单鹤		0		0	0	0	0
带给我们	dgwm	简单鹤		0		0	0	0	0
点个外卖	dgwm	简单鹤		0		0	0	0	0
都给我笑	dgwx	简单鹤		0		0	0	0	0
多个心眼	dgxy	简单鹤		0		0	0	0	0
大概需要	dgxy	简单鹤		0		0	0	0	0
登高一呼	dgyh	简单鹤		1		0	0	0	0
大功一件	dgyj	简单鹤		0		0	0	0	0
躲过一劫	dgyj	简单鹤		0		0	0	0	0
登高远眺	dgyt	简单鹤		0		0	0	0	0
大概也是	dgyu	简单鹤		0		0	0	0	0
对公业务	dgyw	简单鹤		0		0	0	0	0
打个游戏	dgyx	简单鹤		0		0	0	0	0
道诡异仙	dgyx	简单鹤		0		0	0	0	0
多国语言	dgyy	简单鹤		0		0	0	0	0
断骨增高	dgzg	简单鹤		0		0	0	0	0
打个暂停	dgzt	简单鹤		0		0	0	0	0
大会报告	dhbg	简单鹤		0		0	0	0	0
动画表情	dhbq	简单鹤		0		0	0	0	0
电话采访	dhcf	简单鹤		0		0	0	0	0
大红灯笼	dhdl	简单鹤		0		0	0	0	0
多喝点水	dhdu	简单鹤		0		0	0	0	0
等候多时	dhdu	简单鹤		0		0	0	0	0
电话地址	dhdv	简单鹤		0		0	0	0	0
都很方便	dhfb	简单鹤		0		0	0	0	0
电话服务	dhfw	简单鹤		0		0	0	0	0
大化改新	dhgx	简单鹤		0		0	0	0	0
对华关系	dhgx	简单鹤		0		0	0	0	0
大呼过瘾	dhgy	简单鹤		0		0	0	0	0
敌后工作	dhgz	简单鹤		0		0	0	0	0
但行好事	dhhu	简单鹤		0		0	0	0	0
大黑耗子	dhhz	简单鹤		0		0	0	0	0
大获成功	dhig	简单鹤		0		0	0	0	0
电话传真	dhiv	简单鹤		0		0	0	0	0
电话查询	dhix	简单鹤		0		0	0	0	0
电话计费	dhjf	简单鹤		0		0	0	0	0
大好机会	dhjh	简单鹤		0		0	0	0	0
逗号句号	dhjh	简单鹤		0		0	0	0	0
刁滑奸诈	dhjv	简单鹤		1		0	0	0	0
点火开关	dhkg	简单鹤		0		0	0	0	0
电话空号	dhkh	简单鹤		0		0	0	0	0
大会开幕	dhkm	简单鹤		0		0	0	0	0
东海龙宫	dhlg	简单鹤		0		0	0	0	0
都回来了	dhll	简单鹤		0		0	0	0	0
电话铃声	dhlu	简单鹤		0		0	0	0	0
东海龙王	dhlw	简单鹤		0		0	0	0	0
电话联系	dhlx	简单鹤		0		0	0	0	0
电话面试	dhmu	简单鹤		0		0	0	0	0
当红明星	dhmx	简单鹤		0		0	0	0	0
对华贸易	dhmy	简单鹤		0		0	0	0	0
都还没有	dhmy	简单鹤		0		0	0	0	0
大和民族	dhmz	简单鹤		0		0	0	0	0
大好年华	dhnh	简单鹤		0		0	0	0	0
点火尿炕	dhnk	简单鹤		0		0	0	0	0
动画片儿	dhpe	简单鹤		0		0	0	0	0
打虎拍蝇	dhpy	简单鹤		0		0	0	0	0
大好前程	dhqi	简单鹤		0		0	0	0	0
大户人家	dhrj	简单鹤		0		0	0	0	0
多喝热水	dhru	简单鹤		0		0	0	0	0
带回宿舍	dhsu	简单鹤		0		0	0	0	0
对华投资	dhtz	简单鹤		0		0	0	0	0
电话手表	dhub	简单鹤		0		0	0	0	0
敦煌石窟	dhuk	简单鹤		0		0	0	0	0
大火收汁	dhuv	简单鹤		0		0	0	0	0
定海神珍	dhuv	简单鹤		0		0	0	0	0
对华政策	dhvc	简单鹤		0		0	0	0	0
打好招呼	dhvh	简单鹤		0		0	0	0	0
大会召开	dhvk	简单鹤		0		0	0	0	0
都很喜欢	dhxh	简单鹤		0		0	0	0	0
电话销售	dhxu	简单鹤		0		0	0	0	0
东海扬尘	dhyi	简单鹤		1		0	0	0	0
大吼一声	dhyu	简单鹤		0		0	0	0	0
大喊一声	dhyu	简单鹤		0		0	0	0	0
打会游戏	dhyx	简单鹤		0		0	0	0	0
待会再说	dhzu	简单鹤		0		0	0	0	0
等会再说	dhzu	简单鹤		0		0	0	0	0
都差不多	dibd	简单鹤		0		0	0	0	0
多重曝光	dibg	简单鹤		0		0	0	0	0
大差不差	dibi	简单鹤		0		0	0	0	0
地产板块	dibk	简单鹤		0		0	0	0	0
当场毙命	dibm	简单鹤		0		0	0	0	0
大仇得报	didb	简单鹤		0		0	0	0	0
到处都有	didy	简单鹤		0		0	0	0	0
当成儿戏	diex	简单鹤		0		0	0	0	0
大乘佛法	diff	简单鹤		0		0	0	0	0
调查方法	diff	简单鹤		0		0	0	0	0
大乘佛教	difj	简单鹤		0		0	0	0	0
调查分析	difx	简单鹤		0		0	0	0	0
电池管理	digl	简单鹤		0		0	0	0	0
达成共识	digu	简单鹤		0		0	0	0	0
多重好礼	dihl	简单鹤		0		0	0	0	0
当场出丑	diii	简单鹤		1		0	0	0	0
独出己见	dijj	简单鹤		1		0	0	0	0
得出结论	dijl	简单鹤		0		0	0	0	0
大乘金仙	dijx	简单鹤		0		0	0	0	0
到处可见	dikj	简单鹤		0		0	0	0	0
东床快婿	dikx	简单鹤		1		0	0	0	0
倒车雷达	dild	简单鹤		0		0	0	0	0
当场裂开	dilk	简单鹤		0		0	0	0	0
大处落墨	dilm	简单鹤		1		0	0	0	0
达成目标	dimb	简单鹤		0		0	0	0	0
达成目的	dimd	简单鹤		0		0	0	0	0
电车难题	dint	简单鹤		0		0	0	0	0
电场强度	diqd	简单鹤		0		0	0	0	0
洞察其奸	diqj	简单鹤		1		0	0	0	0
当场去世	diqu	简单鹤		0		0	0	0	0
调查取证	diqv	简单鹤		0		0	0	0	0
钓成翘嘴	diqz	简单鹤		0		0	0	0	0
多重人格	dirg	简单鹤		0		0	0	0	0
倒车入库	dirk	简单鹤		0		0	0	0	0
电池损耗	dish	简单鹤		0		0	0	0	0
端茶送客	disk	简单鹤		0		0	0	0	0
当场死亡	disw	简单鹤		0		0	0	0	0
大吃特吃	diti	简单鹤		0		0	0	0	0
当场退役	dity	简单鹤		0		0	0	0	0
多长时间	diuj	简单鹤		0		0	0	0	0
等差数列	diul	简单鹤		0		0	0	0	0
大肠湿热	diur	简单鹤		0		0	0	0	0
当场身亡	diuw	简单鹤		0		0	0	0	0
到处转转	divv	简单鹤		0		0	0	0	0
调查问卷	diwj	简单鹤		0		0	0	0	0
大肠虚寒	dixh	简单鹤		0		0	0	0	0
东扯西扯	dixi	简单鹤		0		0	0	0	0
达成协议	dixy	简单鹤		0		0	0	0	0
当成一个	diyg	简单鹤		0		0	0	0	0
得出一个	diyg	简单鹤		0		0	0	0	0
弹出页面	diym	简单鹤		0		0	0	0	0
当场殒命	diym	简单鹤		0		0	0	0	0
洞察一切	diyq	简单鹤		1		0	0	0	0
当成一种	diyv	简单鹤		0		0	0	0	0
达成一致	diyv	简单鹤		0		0	0	0	0
倒车影像	diyx	简单鹤		0		0	0	0	0
到处走走	dizz	简单鹤		0		0	0	0	0
点击播放	djbf	简单鹤		0		0	0	0	0
登记表格	djbg	简单鹤		0		0	0	0	0
等级不够	djbg	简单鹤		0		0	0	0	0
动机不纯	djbi	简单鹤		0		0	0	0	0
短见薄识	djbu	简单鹤		1		0	0	0	0
大匠不斫	djbv	简单鹤		0		0	0	0	0
单击此处	djci	简单鹤		0		0	0	0	0
递交辞呈	djci	简单鹤		0		0	0	0	0
东京喰种	djcv	简单鹤		0		0	0	0	0
待价藏珠	djcv	简单鹤		0		0	0	0	0
低级错误	djcw	简单鹤		0		0	0	0	0
等价代换	djdh	简单鹤		0		0	0	0	0
打击对象	djdx	简单鹤		0		0	0	0	0
独家发布	djfb	简单鹤		0		0	0	0	0
大将风度	djfd	简单鹤	80	0		0	0	0	0
打击犯罪	djfz	简单鹤		0		0	0	0	0
断句鬼才	djgc	简单鹤		0		0	0	0	0
顶级过肺	djgf	简单鹤		0		0	0	0	0
独家冠名	djgm	简单鹤		0		0	0	0	0
党建工作	djgz	简单鹤		0		0	0	0	0
第九回合	djhh	简单鹤		0		0	0	0	0
大家还是	djhu	简单鹤		0		0	0	0	0
打简出繁	djif	简单鹤		0		0	0	0	0
电锯惊魂	djjh	简单鹤		0		0	0	0	0
大家记住	djjv	简单鹤		0		0	0	0	0
对角矩阵	djjv	简单鹤		0		0	0	0	0
堆金积玉	djjy	简单鹤		1		0	0	0	0
大家可以	djky	简单鹤		0		0	0	0	0
顶级理解	djlj	简单鹤		0		0	0	0	0
断绝来往	djlw	简单鹤		0		0	0	0	0
多加练习	djlx	简单鹤		0		0	0	0	0
断绝联系	djlx	简单鹤		0		0	0	0	0
打鸡骂狗	djmg	简单鹤		1		0	0	0	0
单机模式	djmu	简单鹤		0		0	0	0	0
顶级期刊	djqk	简单鹤		0		0	0	0	0
大叫起来	djql	简单鹤		0		0	0	0	0
掉进去了	djql	简单鹤		0		0	0	0	0
大家认为	djrw	简单鹤		0		0	0	0	0
断金碎玉	djsy	简单鹤		0		0	0	0	0
地角天涯	djty	简单鹤		1		0	0	0	0
渡劫失败	djub	简单鹤		0		0	0	0	0
对就是对	djud	简单鹤		0		0	0	0	0
度假胜地	djud	简单鹤		0		0	0	0	0
多久时间	djuj	简单鹤		0		0	0	0	0
待机时间	djuj	简单鹤		0		0	0	0	0
低级水平	djup	简单鹤		0		0	0	0	0
睹景伤情	djuq	简单鹤		1		0	0	0	0
登记手续	djux	简单鹤		0		0	0	0	0
等级上限	djux	简单鹤		0		0	0	0	0
大家知道	djvd	简单鹤		0		0	0	0	0
多加照顾	djvg	简单鹤		0		0	0	0	0
斗酒只鸡	djvj	简单鹤		1		0	0	0	0
低价转让	djvr	简单鹤		0		0	0	0	0
待机状态	djvt	简单鹤		0		0	0	0	0
当今之事	djvu	简单鹤		0		0	0	0	0
多加注意	djvy	简单鹤		0		0	0	0	0
电竞玩家	djwj	简单鹤		0		0	0	0	0
断绝往来	djwl	简单鹤	207	0		0	0	0	0
冬季外套	djwt	简单鹤		0		0	0	0	0
敌进我退	djwt	简单鹤		0		0	0	0	0
大局为重	djwv	简单鹤		0		0	0	0	0
大橘为重	djwv	简单鹤		0		0	0	0	0
低价销售	djxu	简单鹤		0		0	0	0	0
电竞选手	djxu	简单鹤		0		0	0	0	0
独家新闻	djxw	简单鹤		0		0	0	0	0
大橘已定	djyd	简单鹤		0		0	0	0	0
定睛一看	djyk	简单鹤		0		0	0	0	0
多久以前	djyq	简单鹤		0		0	0	0	0
大家一起	djyq	简单鹤		0		0	0	0	0
杜绝一切	djyq	简单鹤		0		0	0	0	0
大叫一声	djyu	简单鹤		0		0	0	0	0
大局意识	djyu	简单鹤		0		0	0	0	0
第九艺术	djyu	简单鹤		0		0	0	0	0
刀剑英雄	djyx	简单鹤		0		0	0	0	0
单机游戏	djyx	简单鹤		0		0	0	0	0
道教用语	djyy	简单鹤		0		0	0	0	0
打击罪恶	djze	简单鹤		0		0	0	0	0
大块朵颐	dkdy	简单鹤		1		0	0	0	0
低开低走	dkdz	简单鹤		0		0	0	0	0
贷款额度	dked	简单鹤		0		0	0	0	0
打开方式	dkfu	简单鹤		0		0	0	0	0
低空飞行	dkfx	简单鹤		0		0	0	0	0
大可放心	dkfx	简单鹤		0		0	0	0	0
低开高走	dkgz	简单鹤		0		0	0	0	0
大口喝酒	dkhj	简单鹤		0		0	0	0	0
大开城门	dkim	简单鹤		0		0	0	0	0
大口喘气	dkiq	简单鹤		0		0	0	0	0
大口吃肉	dkir	简单鹤		0		0	0	0	0
打开链接	dklj	简单鹤		0		0	0	0	0
断开连接	dklj	简单鹤		0		0	0	0	0
抵抗力强	dklq	简单鹤		0		0	0	0	0
抵抗能力	dknl	简单鹤		0		0	0	0	0
都可能是	dknu	简单鹤		0		0	0	0	0
的可能性	dknx	简单鹤		0		0	0	0	0
迪克牛仔	dknz	简单鹤		0		0	0	0	0
低空飘过	dkpg	简单鹤		0		0	0	0	0
刀口舔血	dktx	简单鹤		0		0	0	0	0
大开杀戒	dkuj	简单鹤		0		0	0	0	0
待客之道	dkvd	简单鹤		0		0	0	0	0
打开文件	dkwj	简单鹤		0		0	0	0	0
大块文章	dkwv	简单鹤		1		0	0	0	0
打开网页	dkwy	简单鹤		0		0	0	0	0
打卡下班	dkxb	简单鹤		0		0	0	0	0
打开心扉	dkxf	简单鹤		0		0	0	0	0
对抗训练	dkxl	简单鹤		0		0	0	0	0
对抗心魔	dkxm	简单鹤		0		0	0	0	0
东诓西骗	dkxp	简单鹤		1		0	0	0	0
大哭一场	dkyi	简单鹤		0		0	0	0	0
等宽字体	dkzt	简单鹤		0		0	0	0	0
道路安全	dlaq	简单鹤		0		0	0	0	0
带来不便	dlbb	简单鹤		0		0	0	0	0
达拉崩吧	dlbb	简单鹤		0		0	0	0	0
独立博客	dlbk	简单鹤		0		0	0	0	0
电力板块	dlbk	简单鹤		0		0	0	0	0
等了半天	dlbt	简单鹤		0		0	0	0	0
得力帮手	dlbu	简单鹤		0		0	0	0	0
得来不易	dlby	简单鹤		0		0	0	0	0
动力不足	dlbz	简单鹤		0		0	0	0	0
跺了跺脚	dldj	简单鹤		0		0	0	0	0
掂量掂量	dldl	简单鹤		0		0	0	0	0
斗罗大陆	dldl	简单鹤		0		0	0	0	0
踱来踱去	dldq	简单鹤		0		0	0	0	0
点了点头	dldt	简单鹤		0		0	0	0	0
定了定神	dldu	简单鹤		0		0	0	0	0
断了的弦	dldx	简单鹤		0		0	0	0	0
夺路而逃	dlet	简单鹤		0		0	0	0	0
打了个盹	dlgd	简单鹤		0		0	0	0	0
电量过低	dlgd	简单鹤		0		0	0	0	0
跌落谷底	dlgd	简单鹤		0		0	0	0	0
打了广告	dlgg	简单鹤		0		0	0	0	0
得力干将	dlgj	简单鹤		0		0	0	0	0
大炼钢铁	dlgt	简单鹤		0		0	0	0	0
第六回合	dlhh	简单鹤		0		0	0	0	0
动力火车	dlhi	简单鹤		0		0	0	0	0
等了好久	dlhj	简单鹤		0		0	0	0	0
带来和平	dlhp	简单鹤		0		0	0	0	0
代理合同	dlht	简单鹤		0		0	0	0	0
带来好运	dlhy	简单鹤		0		0	0	0	0
大龄产妇	dlif	简单鹤		0		0	0	0	0
道路畅通	dlit	简单鹤		0		0	0	0	0
大量出现	dlix	简单鹤		0		0	0	0	0
独立创作	dliz	简单鹤		0		0	0	0	0
代理机构	dljg	简单鹤		0		0	0	0	0
大力金刚	dljg	简单鹤		0		0	0	0	0
独立结构	dljg	简单鹤		0		0	0	0	0
登录就送	dljs	简单鹤		0		0	0	0	0
道路交通	dljt	简单鹤		0		0	0	0	0
大力建设	dlju	简单鹤		0		0	0	0	0
打了鸡血	dljx	简单鹤		0		0	0	0	0
独立经营	dljy	简单鹤		0		0	0	0	0
大力开发	dlkf	简单鹤		0		0	0	0	0
都来看看	dlkk	简单鹤		0		0	0	0	0
带来困难	dlkn	简单鹤		0		0	0	0	0
丢雷楼谋	dllm	简单鹤		0		0	0	0	0
代理律师	dllu	简单鹤		0		0	0	0	0
地理老师	dllu	简单鹤		0		0	0	0	0
滴溜溜转	dllv	简单鹤		0		0	0	0	0
断了联系	dllx	简单鹤		0		0	0	0	0
顶礼模拜	dlmb	简单鹤		0		0	0	0	0
带来麻烦	dlmf	简单鹤		0		0	0	0	0
倒了霉了	dlml	简单鹤		0		0	0	0	0
独立密码	dlmm	简单鹤		0		0	0	0	0
登录密码	dlmm	简单鹤		0		0	0	0	0
到了没有	dlmy	简单鹤		0		0	0	0	0
大佬牛逼	dlnb	简单鹤		0		0	0	0	0
到了你家	dlnj	简单鹤		0		0	0	0	0
到了哪里	dlnl	简单鹤		0		0	0	0	0
独立女性	dlnx	简单鹤		0		0	0	0	0
独立男性	dlnx	简单鹤		0		0	0	0	0
大脸盘子	dlpz	简单鹤		0		0	0	0	0
多了去了	dlql	简单鹤		0		0	0	0	0
迪丽热巴	dlrb	简单鹤		0		0	0	0	0
独立人格	dlrg	简单鹤		0		0	0	0	0
地理条件	dltj	简单鹤		0		0	0	0	0
到了时候	dluh	简单鹤		0		0	0	0	0
大量生产	dlui	简单鹤		0		0	0	0	0
动了手脚	dluj	简单鹤		0		0	0	0	0
动了杀机	dluj	简单鹤		0		0	0	0	0
单联双控	dluk	简单鹤		0		0	0	0	0
跌落神坛	dlut	简单鹤		0		0	0	0	0
大力水手	dluu	简单鹤		0		0	0	0	0
大撸伤身	dluu	简单鹤		0		0	0	0	0
动力十足	dluz	简单鹤		0		0	0	0	0
独立主格	dlvg	简单鹤		0		0	0	0	0
到了之后	dlvh	简单鹤		0		0	0	0	0
打乱阵脚	dlvj	简单鹤		0		0	0	0	0
独立主权	dlvq	简单鹤		0		0	0	0	0
得力助手	dlvu	简单鹤		0		0	0	0	0
到了我家	dlwj	简单鹤		0		0	0	0	0
得力文具	dlwj	简单鹤		0		0	0	0	0
带来幸福	dlxf	简单鹤		0		0	0	0	0
丢了西瓜	dlxg	简单鹤		0		0	0	0	0
大力宣传	dlxi	简单鹤		0		0	0	0	0
等了许久	dlxj	简单鹤		0		0	0	0	0
掉了下来	dlxl	简单鹤		0		0	0	0	0
丢了性命	dlxm	简单鹤		0		0	0	0	0
倒了血霉	dlxm	简单鹤		0		0	0	0	0
动力系统	dlxt	简单鹤		0		0	0	0	0
独立行事	dlxu	简单鹤		0		0	0	0	0
独立行使	dlxu	简单鹤		0		0	0	0	0
独立学院	dlxy	简单鹤		0		0	0	0	0
独立宣言	dlxy	简单鹤		0		0	0	0	0
到了现在	dlxz	简单鹤		0		0	0	0	0
动力小子	dlxz	简单鹤		0		0	0	0	0
打了一顿	dlyd	简单鹤		0		0	0	0	0
等了又等	dlyd	简单鹤		0		0	0	0	0
多了一个	dlyg	简单鹤		0		0	0	0	0
到了以后	dlyh	简单鹤		0		0	0	0	0
打了一架	dlyj	简单鹤		0		0	0	0	0
跌了一跤	dlyj	简单鹤		0		0	0	0	0
大老远来	dlyl	简单鹤		0		0	0	0	0
打老远来	dlyl	简单鹤		0		0	0	0	0
大量涌入	dlyr	简单鹤		0		0	0	0	0
大雷音寺	dlys	简单鹤		0		0	0	0	0
地理优势	dlyu	简单鹤		0		0	0	0	0
独立意识	dlyu	简单鹤		0		0	0	0	0
道路运输	dlyu	简单鹤		0		0	0	0	0
的另一种	dlyv	简单鹤		0		0	0	0	0
独立游戏	dlyx	简单鹤		0		0	0	0	0
独立运营	dlyy	简单鹤		0		0	0	0	0
瞪了一眼	dlyy	简单鹤		0		0	0	0	0
到了最后	dlzh	简单鹤		0		0	0	0	0
大佬坐姿	dlzz	简单鹤		0		0	0	0	0
大门不出	dmbi	简单鹤		0		0	0	0	0
盗墓笔记	dmbj	简单鹤	965	0		0	0	0	0
但没必要	dmby	简单鹤		0		0	0	0	0
点名表扬	dmby	简单鹤		0		0	0	0	0
倒霉催的	dmcd	简单鹤		0		0	0	0	0
多么多么	dmdm	简单鹤		0		0	0	0	0
大魔导师	dmdu	简单鹤		0		0	0	0	0
当面对质	dmdv	简单鹤		0		0	0	0	0
夺门而去	dmeq	简单鹤		0		0	0	0	0
都没发现	dmfx	简单鹤		0		0	0	0	0
大漠孤烟	dmgy	简单鹤		0		0	0	0	0
弹幕护体	dmht	简单鹤		0		0	0	0	0
斗米尺布	dmib	简单鹤		1		0	0	0	0
淡墨惊风	dmjf	简单鹤		0		0	0	0	0
独门绝技	dmjj	简单鹤		0		0	0	0	0
当面交易	dmjy	简单鹤		0		0	0	0	0
多么可笑	dmkx	简单鹤		0		0	0	0	0
夺命连环	dmlh	简单鹤		0		0	0	0	0
都没力气	dmlq	简单鹤		0		0	0	0	0
独门秘籍	dmmj	简单鹤		0		0	0	0	0
多么迷人	dmmr	简单鹤		0		0	0	0	0
点名批评	dmpp	简单鹤		0		0	0	0	0
当面请教	dmqj	简单鹤		0		0	0	0	0
倒霉透顶	dmtd	简单鹤		0		0	0	0	0
都没听过	dmtg	简单鹤		0		0	0	0	0
动漫图片	dmtp	简单鹤		0		0	0	0	0
多谋少断	dmud	简单鹤		0		0	0	0	0
打满伤害	dmuh	简单鹤		0		0	0	0	0
夺命书生	dmuu	简单鹤		0		0	0	0	0
点明主旨	dmvv	简单鹤		0		0	0	0	0
蝶梦庄周	dmvv	简单鹤		0		0	0	0	0
低眉折腰	dmvy	简单鹤		1		0	0	0	0
敌明我暗	dmwa	简单鹤		0		0	0	0	0
都没问题	dmwt	简单鹤		0		0	0	0	0
都没想到	dmxd	简单鹤		0		0	0	0	0
多么幸福	dmxf	简单鹤		0		0	0	0	0
打磨细节	dmxj	简单鹤		0		0	0	0	0
多么希望	dmxw	简单鹤		0		0	0	0	0
登门谢罪	dmxz	简单鹤		0		0	0	0	0
打马扬鞭	dmyb	简单鹤		0		0	0	0	0
单名一个	dmyg	简单鹤		0		0	0	0	0
都没有了	dmyl	简单鹤		0		0	0	0	0
达摩祖师	dmzu	简单鹤		0		0	0	0	0
待你不薄	dnbb	简单鹤		0		0	0	0	0
对你不好	dnbh	简单鹤		0		0	0	0	0
队内不和	dnbh	简单鹤		0		0	0	0	0
大脑半球	dnbq	简单鹤		0		0	0	0	0
等你等待	dndd	简单鹤		0		0	0	0	0
电脑电池	dndi	简单鹤		0		0	0	0	0
动能定理	dndl	简单鹤		0		0	0	0	0
东尼大木	dndm	简单鹤		0		0	0	0	0
队内地位	dndw	简单鹤		0		0	0	0	0
电脑电源	dndy	简单鹤		0		0	0	0	0
到哪儿去	dneq	简单鹤		0		0	0	0	0
对你而言	dney	简单鹤		0		0	0	0	0
东南方向	dnfx	简单鹤		0		0	0	0	0
顶你个肺	dngf	简单鹤		0		0	0	0	0
电脑管家	dngj	简单鹤		0		0	0	0	0
大脑过载	dngz	简单鹤		0		0	0	0	0
电脑黑客	dnhk	简单鹤		0		0	0	0	0
党内监督	dnjd	简单鹤		0		0	0	0	0
电脑键盘	dnjp	简单鹤		0		0	0	0	0
电脑截图	dnjt	简单鹤		0		0	0	0	0
大难将至	dnjv	简单鹤		0		0	0	0	0
都能看出	dnki	简单鹤		0		0	0	0	0
大脑空空	dnkk	简单鹤		0		0	0	0	0
带你看看	dnkk	简单鹤		0		0	0	0	0
电脑蓝屏	dnlp	简单鹤		0		0	0	0	0
到哪里去	dnlq	简单鹤		0		0	0	0	0
对你来说	dnlu	简单鹤		0		0	0	0	0
到哪里玩	dnlw	简单鹤		0		0	0	0	0
都能明白	dnmb	简单鹤		0		0	0	0	0
电脑模式	dnmu	简单鹤		0		0	0	0	0
电脑配件	dnpj	简单鹤		0		0	0	0	0
电脑屏幕	dnpm	简单鹤		0		0	0	0	0
到哪去了	dnql	简单鹤		0		0	0	0	0
电脑软件	dnrj	简单鹤		0		0	0	0	0
电脑死机	dnsj	简单鹤		0		0	0	0	0
丹尼斯吴	dnsw	简单鹤		0		0	0	0	0
打娘胎里	dntl	简单鹤		0		0	0	0	0
到那时候	dnuh	简单鹤		0		0	0	0	0
大牛双拼	dnup	简单鹤		0		0	0	0	0
打那时起	dnuq	简单鹤		0		0	0	0	0
电脑主板	dnvb	简单鹤		0		0	0	0	0
多年之后	dnvh	简单鹤		0		0	0	0	0
多年之前	dnvq	简单鹤		0		0	0	0	0
多年未见	dnwj	简单鹤		0		0	0	0	0
电脑文件	dnwj	简单鹤		0		0	0	0	0
电脑玩家	dnwj	简单鹤		0		0	0	0	0
多年以后	dnyh	简单鹤		0		0	0	0	0
多年以来	dnyl	简单鹤		0		0	0	0	0
电脑硬盘	dnyp	简单鹤		0		0	0	0	0
多年以前	dnyq	简单鹤		0		0	0	0	0
懂你意思	dnys	简单鹤		0		0	0	0	0
电脑游戏	dnyx	简单鹤		0		0	0	0	0
电脑应用	dnyy	简单鹤		0		0	0	0	0
貂皮大衣	dpdy	简单鹤		0		0	0	0	0
大盘高开	dpgk	简单鹤		0		0	0	0	0
多频合一	dphy	简单鹤		0		0	0	0	0
刀片超车	dpii	简单鹤		0		0	0	0	0
打破传统	dpit	简单鹤		0		0	0	0	0
打破僵局	dpjj	简单鹤		0		0	0	0	0
打破纪录	dpjl	简单鹤		0		0	0	0	0
打破记录	dpjl	简单鹤		0		0	0	0	0
大盘蓝筹	dpli	简单鹤		0		0	0	0	0
打疲劳战	dplv	简单鹤		0		0	0	0	0
箪瓢陋巷	dplx	简单鹤		0		0	0	0	0
大牌明星	dpmx	简单鹤		0		0	0	0	0
打乒乓球	dppq	简单鹤		0		0	0	0	0
大批人马	dprm	简单鹤		0		0	0	0	0
德配天地	dptd	简单鹤		1		0	0	0	0
道破天机	dptj	简单鹤		0		0	0	0	0
东鹏特饮	dpty	简单鹤		0		0	0	0	0
单排上分	dpuf	简单鹤		0		0	0	0	0
打破砂锅	dpug	简单鹤		0		0	0	0	0
大屏手机	dpuj	简单鹤		0		0	0	0	0
打破质疑	dpvy	简单鹤		0		0	0	0	0
敌疲我打	dpwd	简单鹤		0		0	0	0	0
东飘西泊	dpxb	简单鹤		1		0	0	0	0
达泊西汀	dpxt	简单鹤		0		0	0	0	0
大胖小子	dpxz	简单鹤		0		0	0	0	0
跌破眼镜	dpyj	简单鹤		0		0	0	0	0
毒品走私	dpzs	简单鹤		0		0	0	0	0
单亲爸爸	dqbb	简单鹤		0		0	0	0	0
的确不错	dqbc	简单鹤		0		0	0	0	0
大巧不工	dqbg	简单鹤		0		0	0	0	0
定期报告	dqbg	简单鹤		0		0	0	0	0
的确不会	dqbh	简单鹤		0		0	0	0	0
点起笔区	dqbq	简单鹤		0		0	0	0	0
底气不足	dqbz	简单鹤		0		0	0	0	0
地球磁场	dqci	简单鹤		0		0	0	0	0
定期存款	dqck	简单鹤		0		0	0	0	0
堆砌辞藻	dqcz	简单鹤		0		0	0	0	0
大秦帝国	dqdg	简单鹤		0		0	0	0	0
点球大战	dqdv	简单鹤		0		0	0	0	0
动圈耳机	dqej	简单鹤		0		0	0	0	0
定期复查	dqfi	简单鹤		0		0	0	0	0
对齐方式	dqfu	简单鹤		0		0	0	0	0
蹈其覆辙	dqfv	简单鹤		1		0	0	0	0
刀枪棍棒	dqgb	简单鹤		0		0	0	0	0
电气工程	dqgi	简单鹤		0		0	0	0	0
带球过人	dqgr	简单鹤		0		0	0	0	0
第七回合	dqhh	简单鹤		0		0	0	0	0
斗气化马	dqhm	简单鹤		0		0	0	0	0
当且仅当	dqjd	简单鹤		0		0	0	0	0
定期检查	dqji	简单鹤		0		0	0	0	0
踮起脚尖	dqjj	简单鹤		0		0	0	0	0
氮气加速	dqjs	简单鹤		0		0	0	0	0
打起精神	dqju	简单鹤		0		0	0	0	0
定期举行	dqjx	简单鹤		0		0	0	0	0
地区开发	dqkf	简单鹤		0		0	0	0	0
的情况是	dqku	简单鹤		0		0	0	0	0
的情况下	dqkx	简单鹤		0		0	0	0	0
的确可以	dqky	简单鹤		0		0	0	0	0
吊起来打	dqld	简单鹤		0		0	0	0	0
打起来了	dqll	简单鹤		0		0	0	0	0
短期利润	dqlr	简单鹤		0		0	0	0	0
倒骑毛驴	dqml	简单鹤		0		0	0	0	0
当前目录	dqml	简单鹤		0		0	0	0	0
单亲妈妈	dqmm	简单鹤		0		0	0	0	0
道歉赔礼	dqpl	简单鹤		0		0	0	0	0
短期培训	dqpx	简单鹤		0		0	0	0	0
当前情况	dqqk	简单鹤		0		0	0	0	0
的确起了	dqql	简单鹤		0		0	0	0	0
的确如此	dqrc	简单鹤		0		0	0	0	0
当前任务	dqrw	简单鹤		0		0	0	0	0
地勤人员	dqry	简单鹤		0		0	0	0	0
盗窃团伙	dqth	简单鹤		0		0	0	0	0
对其他人	dqtr	简单鹤		0		0	0	0	0
的前提下	dqtx	简单鹤		0		0	0	0	0
电气设备	dqub	简单鹤		0		0	0	0	0
的确是个	dqug	简单鹤		0		0	0	0	0
当前社会	dquh	简单鹤		0		0	0	0	0
夺取胜利	dqul	简单鹤		0		0	0	0	0
道歉视频	dqup	简单鹤		0		0	0	0	0
夺妻之恨	dqvh	简单鹤		0		0	0	0	0
当前状况	dqvk	简单鹤		0		0	0	0	0
带球撞人	dqvr	简单鹤		0		0	0	0	0
大清王朝	dqwi	简单鹤		0		0	0	0	0
大清亡了	dqwl	简单鹤		0		0	0	0	0
大清完了	dqwl	简单鹤		0		0	0	0	0
当前位置	dqwv	简单鹤		0		0	0	0	0
地球卫星	dqwx	简单鹤		0		0	0	0	0
电器维修	dqwx	简单鹤		0		0	0	0	0
单曲循环	dqxh	简单鹤		0		0	0	0	0
东瞧西看	dqxk	简单鹤		0		0	0	0	0
定情信物	dqxw	简单鹤		0		0	0	0	0
的情形下	dqxx	简单鹤		0		0	0	0	0
掉钱眼里	dqyl	简单鹤		0		0	0	0	0
大气压强	dqyq	简单鹤		0		0	0	0	0
堕入爱河	drah	简单鹤		0		0	0	0	0
当然不会	drbh	简单鹤		0		0	0	0	0
多日不见	drbj	简单鹤		0		0	0	0	0
当然不能	drbn	简单鹤		0		0	0	0	0
当然不怕	drbp	简单鹤		0		0	0	0	0
大热必死	drbs	简单鹤		0		0	0	0	0
当然不同	drbt	简单鹤		0		0	0	0	0
当然不是	drbu	简单鹤		0		0	0	0	0
当然不用	drby	简单鹤		0		0	0	0	0
断人财路	drcl	简单鹤		0		0	0	0	0
跌入低谷	drdg	简单鹤		0		0	0	0	0
大人大量	drdl	简单鹤		0		0	0	0	0
跌入谷底	drgd	简单鹤		0		0	0	0	0
担任顾问	drgw	简单鹤		0		0	0	0	0
多人互动	drhd	简单鹤		0		0	0	0	0
对任何事	drhu	简单鹤		0		0	0	0	0
待人和善	drhu	简单鹤		0		0	0	0	0
大人孩子	drhz	简单鹤		0		0	0	0	0
待人接客	drjk	简单鹤		0		0	0	0	0
大人君子	drjz	简单鹤		0		0	0	0	0
冬日可爱	drka	简单鹤		1		0	0	0	0
当然可以	drky	简单鹤		0		0	0	0	0
多人联机	drlj	简单鹤		0		0	0	0	0
多人聊天	drlt	简单鹤		0		0	0	0	0
当然明白	drmb	简单鹤		0		0	0	0	0
堕入魔道	drmd	简单鹤		0		0	0	0	0
单人模式	drmu	简单鹤		0		0	0	0	0
多人模式	drmu	简单鹤		0		0	0	0	0
当然没有	drmy	简单鹤		0		0	0	0	0
淡若清风	drqf	简单鹤		0		0	0	0	0
堕入情网	drqw	简单鹤		0		0	0	0	0
夺人所爱	drsa	简单鹤		0		0	0	0	0
夺人所好	drsh	简单鹤		1		0	0	0	0
动若脱兔	drtt	简单鹤		0		0	0	0	0
当然是了	drul	简单鹤		0		0	0	0	0
多人伤亡	druw	简单鹤		0		0	0	0	0
当然是要	druy	简单鹤		0		0	0	0	0
当然知道	drvd	简单鹤		0		0	0	0	0
待人之道	drvd	简单鹤		0		0	0	0	0
担任职务	drvw	简单鹤		0		0	0	0	0
吊人胃口	drwk	简单鹤		0		0	0	0	0
敌弱我强	drwq	简单鹤		0		0	0	0	0
动人心肺	drxf	简单鹤		0		0	0	0	0
大人小孩	drxh	简单鹤		0		0	0	0	0
带入现实	drxu	简单鹤		0		0	0	0	0
当然希望	drxw	简单鹤		0		0	0	0	0
多人运动	dryd	简单鹤		0		0	0	0	0
当然应该	dryg	简单鹤		0		0	0	0	0
待人以诚	dryi	简单鹤		0		0	0	0	0
荡然一空	dryk	简单鹤		0		0	0	0	0
待人以礼	dryl	简单鹤		0		0	0	0	0
当然也是	dryu	简单鹤		0		0	0	0	0
待人友善	dryu	简单鹤		0		0	0	0	0
当然因为	dryw	简单鹤		0		0	0	0	0
单人游戏	dryx	简单鹤		0		0	0	0	0
多人游戏	dryx	简单鹤		0		0	0	0	0
的日子里	drzl	简单鹤		0		0	0	0	0
抵死不从	dsbc	简单鹤		0		0	0	0	0
第三部分	dsbf	简单鹤		0		0	0	0	0
第四部分	dsbf	简单鹤		0		0	0	0	0
低俗不堪	dsbk	简单鹤		0		0	0	0	0
打碎玻璃	dsbl	简单鹤		0		0	0	0	0
单丝不线	dsbx	简单鹤		1		0	0	0	0
打扫厕所	dscs	简单鹤		0		0	0	0	0
第三定律	dsdl	简单鹤		0		0	0	0	0
打扫房间	dsfj	简单鹤		0		0	0	0	0
第三方库	dsfk	简单鹤		0		0	0	0	0
大肆鼓吹	dsgi	简单鹤		0		0	0	0	0
都死光了	dsgl	简单鹤		0		0	0	0	0
第三个月	dsgy	简单鹤		0		0	0	0	0
第四官员	dsgy	简单鹤		0		0	0	0	0
第三回合	dshh	简单鹤		0		0	0	0	0
第四回合	dshh	简单鹤		0		0	0	0	0
大肆吹鼓	dsig	简单鹤		0		0	0	0	0
冻死街头	dsjt	简单鹤		0		0	0	0	0
迪斯科米	dskm	简单鹤		0		0	0	0	0
等什么君	dsmj	简单鹤		0		0	0	0	0
第四面墙	dsmq	简单鹤		0		0	0	0	0
东萨摩亚	dsmy	简单鹤		0		0	0	0	0
第三年度	dsnd	简单鹤		0		0	0	0	0
屌丝男士	dsnu	简单鹤		0		0	0	0	0
屌丝逆袭	dsnx	简单鹤		0		0	0	0	0
大肆咆哮	dspx	简单鹤		0		0	0	0	0
都算轻的	dsqd	简单鹤		0		0	0	0	0
第三人称	dsri	简单鹤		0		0	0	0	0
第三条腿	dstt	简单鹤		0		0	0	0	0
第四天灾	dstz	简单鹤		0		0	0	0	0
冻死我了	dswl	简单鹤		0		0	0	0	0
逗死我了	dswl	简单鹤		0		0	0	0	0
定速巡航	dsxh	简单鹤		0		0	0	0	0
第三性征	dsxv	简单鹤		0		0	0	0	0
对私业务	dsyw	简单鹤		0		0	0	0	0
代替不了	dtbl	简单鹤		0		0	0	0	0
动弹不了	dtbl	简单鹤		0		0	0	0	0
动态变量	dtbl	简单鹤		0		0	0	0	0
点太背了	dtbl	简单鹤		0		0	0	0	0
动态壁纸	dtbv	简单鹤		0		0	0	0	0
带头大哥	dtdg	简单鹤		0		0	0	0	0
当头对面	dtdm	简单鹤		1		0	0	0	0
打听打听	dtdt	简单鹤		0		0	0	0	0
点头答应	dtdy	简单鹤		0		0	0	0	0
动铁耳机	dtej	简单鹤		0		0	0	0	0
大体而论	dtel	简单鹤		0		0	0	0	0
对他而言	dtey	简单鹤		0		0	0	0	0
对她而言	dtey	简单鹤		0		0	0	0	0
大头儿子	dtez	简单鹤		0		0	0	0	0
对天发誓	dtfu	简单鹤	105	0		0	0	0	0
动态范围	dtfw	简单鹤		0		0	0	0	0
动态规划	dtgh	简单鹤		0		0	0	0	0
打通关节	dtgj	简单鹤		0		0	0	0	0
电梯公寓	dtgy	简单鹤		0		0	0	0	0
大铁棍子	dtgz	简单鹤		0		0	0	0	0
带头冲锋	dtif	简单鹤		0		0	0	0	0
点头称是	dtiu	简单鹤	514	0		0	0	0	0
低碳经济	dtjj	简单鹤		0		0	0	0	0
蛋疼菊紧	dtjj	简单鹤		0		0	0	0	0
大堂经理	dtjl	简单鹤		0		0	0	0	0
掉头就跑	dtjp	简单鹤		0		0	0	0	0
答题技巧	dtjq	简单鹤		0		0	0	0	0
倒头就睡	dtju	简单鹤		0		0	0	0	0
的条件下	dtjx	简单鹤		0		0	0	0	0
掉头就走	dtjz	简单鹤		0		0	0	0	0
地图理解	dtlj	简单鹤		0		0	0	0	0
大体老师	dtlu	简单鹤		0		0	0	0	0
对他来说	dtlu	简单鹤		0		0	0	0	0
对她来说	dtlu	简单鹤		0		0	0	0	0
登台亮相	dtlx	简单鹤		0		0	0	0	0
登徒浪子	dtlz	简单鹤		0		0	0	0	0
动态模糊	dtmh	简单鹤		0		0	0	0	0
对台贸易	dtmy	简单鹤		0		0	0	0	0
地铁跑酷	dtpk	简单鹤		0		0	0	0	0
低头认错	dtrc	简单鹤		0		0	0	0	0
点头认可	dtrk	简单鹤		0		0	0	0	0
低头认罪	dtrz	简单鹤		0		0	0	0	0
动态图片	dttp	简单鹤		0		0	0	0	0
动态调频	dttp	简单鹤		0		0	0	0	0
刀头舔血	dttx	简单鹤		0		0	0	0	0
点头同意	dtty	简单鹤		0		0	0	0	0
多贴少补	dtub	简单鹤		0		0	0	0	0
多退少补	dtub	简单鹤		0		0	0	0	0
低碳生活	dtuh	简单鹤		0		0	0	0	0
低调奢华	dtuh	简单鹤		0		0	0	0	0
动态数据	dtuj	简单鹤		0		0	0	0	0
动态视觉	dtuj	简单鹤		0		0	0	0	0
动态视力	dtul	简单鹤		0		0	0	0	0
多图杀猫	dtum	简单鹤		0		0	0	0	0
电獭少女	dtun	简单鹤		0		0	0	0	0
大唐盛世	dtuu	简单鹤		0		0	0	0	0
点头示意	dtuy	简单鹤		0		0	0	0	0
动态数组	dtuz	简单鹤		0		0	0	0	0
独特之处	dtvi	简单鹤		0		0	0	0	0
动态照片	dtvp	简单鹤		0		0	0	0	0
点头致意	dtvy	简单鹤		0		0	0	0	0
敌退我进	dtwj	简单鹤		0		0	0	0	0
当天晚上	dtwu	简单鹤		0		0	0	0	0
敌退我追	dtwv	简单鹤		0		0	0	0	0
东跳西窜	dtxc	简单鹤		0		0	0	0	0
大头小脚	dtxj	简单鹤		0		0	0	0	0
东偷西摸	dtxm	简单鹤		1		0	0	0	0
打听消息	dtxx	简单鹤		0		0	0	0	0
多提意见	dtyj	简单鹤		0		0	0	0	0
低头一看	dtyk	简单鹤		0		0	0	0	0
单体宇宙	dtyv	简单鹤		0		0	0	0	0
大体一致	dtyv	简单鹤		0		0	0	0	0
地铁沿线	dtyx	简单鹤		0		0	0	0	0
打听一下	dtyx	简单鹤		0		0	0	0	0
低头做人	dtzr	简单鹤		0		0	0	0	0
读书百遍	dubb	简单鹤		0		0	0	0	0
大事不好	dubh	简单鹤		0		0	0	0	0
躲闪不及	dubj	简单鹤		0		0	0	0	0
大厦崩塌	dubt	简单鹤		0		0	0	0	0
抵受不住	dubv	简单鹤		0		0	0	0	0
都说不完	dubw	简单鹤		0		0	0	0	0
大收藏家	ducj	简单鹤		0		0	0	0	0
单手操作	ducz	简单鹤		0		0	0	0	0
倒数第二	dude	简单鹤		0		0	0	0	0
多少地方	dudf	简单鹤		0		0	0	0	0
对谁都好	dudh	简单鹤		0		0	0	0	0
大受打击	dudj	简单鹤		0		0	0	0	0
断手断脚	dudj	简单鹤		0		0	0	0	0
定食定量	dudl	简单鹤		0		0	0	0	0
大叔大妈	dudm	简单鹤		0		0	0	0	0
端屎端尿	dudn	简单鹤		0		0	0	0	0
动手打人	dudr	简单鹤		0		0	0	0	0
倒数第三	duds	简单鹤		0		0	0	0	0
多少东西	dudx	简单鹤		0		0	0	0	0
倒数第一	dudy	简单鹤		0		0	0	0	0
都是浮云	dufy	简单鹤		0		0	0	0	0
独上高楼	dugl	简单鹤		0		0	0	0	0
单身公寓	dugy	简单鹤		0		0	0	0	0
地水火风	duhf	简单鹤		0		0	0	0	0
大声呼喊	duhh	简单鹤		0		0	0	0	0
打上花火	duhh	简单鹤		0		0	0	0	0
电视盒子	duhz	简单鹤		0		0	0	0	0
登神长阶	duij	简单鹤		0		0	0	0	0
都市传说	duiu	简单鹤		0		0	0	0	0
多试几次	dujc	简单鹤		0		0	0	0	0
大商巨贾	dujg	简单鹤		0		0	0	0	0
堆山积海	dujh	简单鹤		1		0	0	0	0
短时间里	dujl	简单鹤		0		0	0	0	0
都市激情	dujq	简单鹤		0		0	0	0	0
短时间中	dujv	简单鹤		0		0	0	0	0
读书看报	dukb	简单鹤		0		0	0	0	0
单手空格	dukg	简单鹤		0		0	0	0	0
定时开关	dukg	简单鹤		0		0	0	0	0
电视栏目	dulm	简单鹤		0		0	0	0	0
遁世离群	dulq	简单鹤		1		0	0	0	0
大声密谋	dumm	简单鹤		0		0	0	0	0
单手模式	dumu	简单鹤		0		0	0	0	0
电视明星	dumx	简单鹤		0		0	0	0	0
但是没有	dumy	简单鹤		0		0	0	0	0
倒是没有	dumy	简单鹤		0		0	0	0	0
大事年表	dunb	简单鹤		0		0	0	0	0
动手能力	dunl	简单鹤		0		0	0	0	0
都是那么	dunm	简单鹤		0		0	0	0	0
多少年前	dunq	简单鹤		0		0	0	0	0
单身女人	dunr	简单鹤		0		0	0	0	0
单身男人	dunr	简单鹤		0		0	0	0	0
单身女性	dunx	简单鹤		0		0	0	0	0
单身男性	dunx	简单鹤		0		0	0	0	0
都是那样	duny	简单鹤		0		0	0	0	0
单身女子	dunz	简单鹤		0		0	0	0	0
单身男子	dunz	简单鹤		0		0	0	0	0
电视屏幕	dupm	简单鹤		0		0	0	0	0
大施拳脚	duqj	简单鹤		0		0	0	0	0
单身青年	duqn	简单鹤		0		0	0	0	0
地势崎岖	duqq	简单鹤		0		0	0	0	0
大圣娶亲	duqq	简单鹤		0		0	0	0	0
的事情中	duqv	简单鹤		0		0	0	0	0
都是人才	durc	简单鹤		0		0	0	0	0
都是如此	durc	简单鹤		0		0	0	0	0
但是如果	durg	简单鹤		0		0	0	0	0
大声嚷嚷	durr	简单鹤		0		0	0	0	0
多少日子	durz	简单鹤		0		0	0	0	0
的士速递	dusd	简单鹤		0		0	0	0	0
大杀四方	dusf	简单鹤		0		0	0	0	0
大输特输	dutu	简单鹤		0		0	0	0	0
电视天线	dutx	简单鹤		0		0	0	0	0
鼎盛时代	duud	简单鹤		0		0	0	0	0
多少时间	duuj	简单鹤		0		0	0	0	0
多少事情	duuq	简单鹤		0		0	0	0	0
鼎盛时期	duuq	简单鹤		0		0	0	0	0
大失水准	duuv	简单鹤		0		0	0	0	0
多少沾点	duvd	简单鹤		0		0	0	0	0
但是这个	duvg	简单鹤		0		0	0	0	0
得失之患	duvh	简单鹤		0		0	0	0	0
大神支招	duvv	简单鹤		0		0	0	0	0
都是渣渣	duvv	简单鹤		0		0	0	0	0
顶上战争	duvv	简单鹤		0		0	0	0	0
但是这些	duvx	简单鹤		0		0	0	0	0
滴水未进	duwj	简单鹤		0		0	0	0	0
但是我们	duwm	简单鹤		0		0	0	0	0
都是问题	duwt	简单鹤		0		0	0	0	0
多说无益	duwy	简单鹤		0		0	0	0	0
东闪西躲	duxd	简单鹤		0		0	0	0	0
丢失信号	duxh	简单鹤		0		0	0	0	0
大声喧哗	duxh	简单鹤		0		0	0	0	0
东升西落	duxl	简单鹤		0		0	0	0	0
独上西楼	duxl	简单鹤		0		0	0	0	0
道士下山	duxu	简单鹤		0		0	0	0	0
都市小说	duxu	简单鹤		0		0	0	0	0
但是现在	duxz	简单鹤		0		0	0	0	0
多少有点	duyd	简单鹤		0		0	0	0	0
都是要的	duyd	简单鹤		0		0	0	0	0
都是一个	duyg	简单鹤		0		0	0	0	0
单双引号	duyh	简单鹤		0		0	0	0	0
大手一挥	duyh	简单鹤		0		0	0	0	0
大伤元气	duyq	简单鹤		0		0	0	0	0
都是一种	duyv	简单鹤		0		0	0	0	0
但是因为	duyw	简单鹤		0		0	0	0	0
都是因为	duyw	简单鹤		0		0	0	0	0
多少有些	duyx	简单鹤		0		0	0	0	0
都是一些	duyx	简单鹤		0		0	0	0	0
对视一眼	duyy	简单鹤		0		0	0	0	0
都是一样	duyy	简单鹤		0		0	0	0	0
大受赞扬	duzy	简单鹤		0		0	0	0	0
懂装不懂	dvbd	简单鹤		0		0	0	0	0
单指操作	dvcz	简单鹤		0		0	0	0	0
都知道了	dvdl	简单鹤		0		0	0	0	0
大众点评	dvdp	简单鹤		0		0	0	0	0
德之大者	dvdv	简单鹤		0		0	0	0	0
党政分开	dvfk	简单鹤		0		0	0	0	0
掉转方向	dvfx	简单鹤		0		0	0	0	0
渎职犯罪	dvfz	简单鹤		0		0	0	0	0
党政干部	dvgb	简单鹤		0		0	0	0	0
跌至谷底	dvgd	简单鹤		0		0	0	0	0
地质工程	dvgi	简单鹤		0		0	0	0	0
掉帧攻击	dvgj	简单鹤		0		0	0	0	0
地质公园	dvgy	简单鹤		0		0	0	0	0
当众出丑	dvii	简单鹤	75	0		0	0	0	0
打针吃药	dviy	简单鹤		0		0	0	0	0
地质结构	dvjg	简单鹤		0		0	0	0	0
点阵激光	dvjg	简单鹤		0		0	0	0	0
大展交脚	dvjj	简单鹤		0		0	0	0	0
大智近妖	dvjy	简单鹤		0		0	0	0	0
地主老财	dvlc	简单鹤		0		0	0	0	0
对症良方	dvlf	简单鹤		0		0	0	0	0
读者来信	dvlx	简单鹤		0		0	0	0	0
瞪着两眼	dvly	简单鹤		0		0	0	0	0
斗志满满	dvmm	简单鹤		0		0	0	0	0
当者披靡	dvpm	简单鹤		0		0	0	0	0
对战平台	dvpt	简单鹤		0		0	0	0	0
带状疱疹	dvpv	简单鹤		0		0	0	0	0
多种渠道	dvqd	简单鹤		0		0	0	0	0
大展拳脚	dvqj	简单鹤		0		0	0	0	0
掉转枪口	dvqk	简单鹤		0		0	0	0	0
挡住去路	dvql	简单鹤		0		0	0	0	0
大众情人	dvqr	简单鹤		0		0	0	0	0
掉转枪头	dvqt	简单鹤		0		0	0	0	0
调转枪头	dvqt	简单鹤		0		0	0	0	0
道之所存	dvsc	简单鹤		0		0	0	0	0
端正态度	dvtd	简单鹤		0		0	0	0	0
得之坦然	dvtr	简单鹤		0		0	0	0	0
斗战圣佛	dvuf	简单鹤		0		0	0	0	0
大展神威	dvuw	简单鹤		0		0	0	0	0
瞪着双眼	dvuy	简单鹤		0		0	0	0	0
丁真珍珠	dvvv	简单鹤		0		0	0	0	0
得知真相	dvvx	简单鹤		0		0	0	0	0
大猪肘子	dvvz	简单鹤		0		0	0	0	0
大众文化	dvwh	简单鹤		0		0	0	0	0
敌驻我扰	dvwr	简单鹤		0		0	0	0	0
读者文摘	dvwv	简单鹤		0		0	0	0	0
得之我幸	dvwx	简单鹤		0		0	0	0	0
大致相当	dvxd	简单鹤		0		0	0	0	0
大专学历	dvxl	简单鹤		0		0	0	0	0
大致相同	dvxt	简单鹤		0		0	0	0	0
多种形式	dvxu	简单鹤		0		0	0	0	0
大赚一笔	dvyb	简单鹤		0		0	0	0	0
大战一场	dvyi	简单鹤		0		0	0	0	0
瞪着眼睛	dvyj	简单鹤		0		0	0	0	0
大专以上	dvyu	简单鹤		0		0	0	0	0
带着一种	dvyv	简单鹤		0		0	0	0	0
掉帧严重	dvyv	简单鹤		0		0	0	0	0
的重要性	dvyx	简单鹤		0		0	0	0	0
动物保护	dwbh	简单鹤		0		0	0	0	0
大未必佳	dwbj	简单鹤		0		0	0	0	0
耽误不了	dwbl	简单鹤		0		0	0	0	0
大为不满	dwbm	简单鹤		0		0	0	0	0
大为不同	dwbt	简单鹤		0		0	0	0	0
对位单杀	dwdu	简单鹤		0		0	0	0	0
单位地址	dwdv	简单鹤		0		0	0	0	0
对我而言	dwey	简单鹤		0		0	0	0	0
单位犯罪	dwfz	简单鹤		0		0	0	0	0
对外公布	dwgb	简单鹤		0		0	0	0	0
大为感动	dwgd	简单鹤		0		0	0	0	0
大为光火	dwgh	简单鹤		0		0	0	0	0
党务工作	dwgz	简单鹤		0		0	0	0	0
地位很高	dwhg	简单鹤		0		0	0	0	0
第五回合	dwhh	简单鹤		0		0	0	0	0
大碗喝酒	dwhj	简单鹤		0		0	0	0	0
低温超导	dwid	简单鹤		0		0	0	0	0
对位处刑	dwix	简单鹤		0		0	0	0	0
但我觉得	dwjd	简单鹤		0		0	0	0	0
对外交流	dwjl	简单鹤		0		0	0	0	0
大为惊奇	dwjq	简单鹤		0		0	0	0	0
对外交往	dwjw	简单鹤		0		0	0	0	0
等位基因	dwjy	简单鹤		0		0	0	0	0
跌无可跌	dwkd	简单鹤		0		0	0	0	0
点我开始	dwku	简单鹤		0		0	0	0	0
对外扩张	dwkv	简单鹤		0		0	0	0	0
单位领导	dwld	简单鹤		0		0	0	0	0
弹丸论破	dwlp	简单鹤		0		0	0	0	0
达瓦里氏	dwlu	简单鹤		0		0	0	0	0
达瓦里希	dwlx	简单鹤		0		0	0	0	0
单位面积	dwmj	简单鹤		0		0	0	0	0
当我没说	dwmu	简单鹤		0		0	0	0	0
低温慢煮	dwmv	简单鹤		0		0	0	0	0
大为恼火	dwnh	简单鹤		0		0	0	0	0
动歪脑筋	dwnj	简单鹤		0		0	0	0	0
玷污清白	dwqb	简单鹤		0		0	0	0	0
第五人格	dwrg	简单鹤		0		0	0	0	0
度无死角	dwsj	简单鹤		0		0	0	0	0
大威天龙	dwtl	简单鹤		0		0	0	0	0
的问题上	dwtu	简单鹤		0		0	0	0	0
的问题是	dwtu	简单鹤		0		0	0	0	0
敌我双方	dwuf	简单鹤		0		0	0	0	0
动物世界	dwuj	简单鹤		0		0	0	0	0
地外生命	dwum	简单鹤		0		0	0	0	0
动物实验	dwuy	简单鹤		0		0	0	0	0
多维数组	dwuz	简单鹤		0		0	0	0	0
大为震惊	dwvj	简单鹤		0		0	0	0	0
单位招聘	dwvp	简单鹤		0		0	0	0	0
挡我者死	dwvs	简单鹤		0		0	0	0	0
帝王之术	dwvu	简单鹤		0		0	0	0	0
耽误正事	dwvu	简单鹤		0		0	0	0	0
帝王之学	dwvx	简单鹤		0		0	0	0	0
帝王之音	dwvy	简单鹤		0		0	0	0	0
打歪主意	dwvy	简单鹤		0		0	0	0	0
帝王之姿	dwvz	简单鹤		0		0	0	0	0
对我胃口	dwwk	简单鹤		0		0	0	0	0
到我玩了	dwwl	简单鹤		0		0	0	0	0
弹丸小国	dwxg	简单鹤		0		0	0	0	0
东问西问	dwxw	简单鹤		0		0	0	0	0
帝王引擎	dwyq	简单鹤		0		0	0	0	0
懂我意思	dwys	简单鹤		0		0	0	0	0
对外援助	dwyv	简单鹤		0		0	0	0	0
动物医学	dwyx	简单鹤		0		0	0	0	0
对望一眼	dwyy	简单鹤		0		0	0	0	0
典型案例	dxal	简单鹤		0		0	0	0	0
东西不错	dxbc	简单鹤		0		0	0	0	0
打小报告	dxbg	简单鹤		0		0	0	0	0
对雄宝具	dxbj	简单鹤		0		0	0	0	0
大卸八块	dxbk	简单鹤		0		0	0	0	0
定向爆破	dxbp	简单鹤		0		0	0	0	0
道心不稳	dxbw	简单鹤		0		0	0	0	0
大刑伺候	dxch	简单鹤		0		0	0	0	0
大写的服	dxdf	简单鹤		0		0	0	0	0
涤瑕荡秽	dxdh	简单鹤		1		0	0	0	0
等效电路	dxdl	简单鹤		0		0	0	0	0
丹霞地貌	dxdm	简单鹤		0		0	0	0	0
担心的事	dxdu	简单鹤		0		0	0	0	0
担心的是	dxdu	简单鹤		0		0	0	0	0
地下二层	dxec	简单鹤		0		0	0	0	0
刀削斧刻	dxfk	简单鹤		0		0	0	0	0
短信发送	dxfs	简单鹤		0		0	0	0	0
单膝跪地	dxgd	简单鹤		0		0	0	0	0
低吸高抛	dxgp	简单鹤		0		0	0	0	0
地下工作	dxgz	简单鹤		0		0	0	0	0
担心害怕	dxhp	简单鹤		0		0	0	0	0
地下黑拳	dxhq	简单鹤		0		0	0	0	0
胆小好色	dxhs	简单鹤		0		0	0	0	0
大小合适	dxhu	简单鹤		0		0	0	0	0
单向好友	dxhy	简单鹤		0		0	0	0	0
大型会议	dxhy	简单鹤		0		0	0	0	0
大小伙子	dxhz	简单鹤		0		0	0	0	0
大小尺寸	dxic	简单鹤		0		0	0	0	0
地下车库	dxik	简单鹤		0		0	0	0	0
断线重连	dxil	简单鹤		0		0	0	0	0
低性价比	dxjb	简单鹤		0		0	0	0	0
打下基础	dxji	简单鹤		0		0	0	0	0
大限将至	dxjv	简单鹤		0		0	0	0	0
地下交易	dxjy	简单鹤		0		0	0	0	0
大学教育	dxjy	简单鹤		0		0	0	0	0
独享经验	dxjy	简单鹤		0		0	0	0	0
多谢款待	dxkd	简单鹤		0		0	0	0	0
电信宽带	dxkd	简单鹤		0		0	0	0	0
刀下留情	dxlq	简单鹤		0		0	0	0	0
低下了头	dxlt	简单鹤		0		0	0	0	0
大学老师	dxlu	简单鹤		0		0	0	0	0
带薪拉屎	dxlu	简单鹤		0		0	0	0	0
打心理战	dxlv	简单鹤		0		0	0	0	0
答谢礼物	dxlw	简单鹤		0		0	0	0	0
单线联系	dxlx	简单鹤		0		0	0	0	0
倒血霉了	dxml	简单鹤		0		0	0	0	0
道消魔长	dxmv	简单鹤		0		0	0	0	0
大胸妹子	dxmz	简单鹤		0		0	0	0	0
打消念头	dxnt	简单鹤		0		0	0	0	0
地下偶像	dxox	简单鹤		0		0	0	0	0
道心破碎	dxps	简单鹤		0		0	0	0	0
大学期间	dxqj	简单鹤		0		0	0	0	0
大笑起来	dxql	简单鹤		0		0	0	0	0
掉下去了	dxql	简单鹤		0		0	0	0	0
滴血认亲	dxrq	简单鹤		0		0	0	0	0
地下三层	dxsc	简单鹤		0		0	0	0	0
大写锁定	dxsd	简单鹤		0		0	0	0	0
定向思维	dxsw	简单鹤		0		0	0	0	0
窦性停搏	dxtb	简单鹤		0		0	0	0	0
地下通道	dxtd	简单鹤		0		0	0	0	0
兑现天赋	dxtf	简单鹤		0		0	0	0	0
低下头来	dxtl	简单鹤		0		0	0	0	0
地下铁路	dxtl	简单鹤		0		0	0	0	0
歹戏拖棚	dxtp	简单鹤		0		0	0	0	0
短信通知	dxtv	简单鹤		0		0	0	0	0
大学同学	dxtx	简单鹤		0		0	0	0	0
电信设备	dxub	简单鹤		0		0	0	0	0
大学时代	dxud	简单鹤		0		0	0	0	0
典型示范	dxuf	简单鹤		0		0	0	0	0
单向收费	dxuf	简单鹤		0		0	0	0	0
大学时光	dxug	简单鹤		0		0	0	0	0
大学生活	dxuh	简单鹤		0		0	0	0	0
等些时候	dxuh	简单鹤		0		0	0	0	0
电信手机	dxuj	简单鹤		0		0	0	0	0
等些时间	dxuj	简单鹤		0		0	0	0	0
定下神来	dxul	简单鹤		0		0	0	0	0
蹲下身来	dxul	简单鹤		0		0	0	0	0
大学水平	dxup	简单鹤		0		0	0	0	0
跌下神坛	dxut	简单鹤		0		0	0	0	0
地下水位	dxuw	简单鹤		0		0	0	0	0
的形势下	dxux	简单鹤		0		0	0	0	0
大写数字	dxuz	简单鹤		0		0	0	0	0
蹲下身子	dxuz	简单鹤		0		0	0	0	0
刀下之鬼	dxvg	简单鹤		0		0	0	0	0
断袖之癖	dxvp	简单鹤		1		0	0	0	0
电信诈骗	dxvp	简单鹤		0		0	0	0	0
等闲置之	dxvv	简单鹤		0		0	0	0	0
地下五笔	dxwb	简单鹤		0		0	0	0	0
大学物理	dxwl	简单鹤		0		0	0	0	0
大象无形	dxwx	简单鹤		0		0	0	0	0
大小相等	dxxd	简单鹤		0		0	0	0	0
单膝下跪	dxxg	简单鹤		0		0	0	0	0
大学校长	dxxi	简单鹤		0		0	0	0	0
带薪休假	dxxj	简单鹤		0		0	0	0	0
大学学历	dxxl	简单鹤		0		0	0	0	0
窦性心律	dxxl	简单鹤		0		0	0	0	0
大型项目	dxxm	简单鹤		0		0	0	0	0
倒屣相迎	dxxy	简单鹤		1		0	0	0	0
大学校园	dxxy	简单鹤		0		0	0	0	0
单项选择	dxxz	简单鹤		0		0	0	0	0
多项选择	dxxz	简单鹤		0		0	0	0	0
地下一层	dxyc	简单鹤		0		0	0	0	0
等下一次	dxyc	简单鹤		0		0	0	0	0
斗心眼儿	dxye	简单鹤		0		0	0	0	0
丹心玉壶	dxyh	简单鹤		0		0	0	0	0
答谢宴会	dxyh	简单鹤		0		0	0	0	0
打心眼里	dxyl	简单鹤		0		0	0	0	0
裆下一凉	dxyl	简单鹤		0		0	0	0	0
地下一年	dxyn	简单鹤		0		0	0	0	0
丁香医生	dxyu	简单鹤		0		0	0	0	0
地下有知	dxyv	简单鹤		0		0	0	0	0
大学英语	dxyy	简单鹤		0		0	0	0	0
地下组织	dxzv	简单鹤		0		0	0	0	0
多有不便	dybb	简单鹤		0		0	0	0	0
动也不动	dybd	简单鹤		0		0	0	0	0
东亚病夫	dybf	简单鹤		0		0	0	0	0
敌友不分	dybf	简单鹤		0		0	0	0	0
第一部分	dybf	简单鹤		0		0	0	0	0
调研报告	dybg	简单鹤		0		0	0	0	0
但愿不会	dybh	简单鹤		0		0	0	0	0
倒也罢了	dybl	简单鹤		0		0	0	0	0
电眼逼人	dybr	简单鹤		0		0	0	0	0
答应别人	dybr	简单鹤		0		0	0	0	0
倒也不是	dybu	简单鹤		0		0	0	0	0
第一次的	dycd	简单鹤		0		0	0	0	0
定语从句	dycj	简单鹤		0		0	0	0	0
抵押担保	dydb	简单鹤		0		0	0	0	0
抵押贷款	dydk	简单鹤		0		0	0	0	0
第一定律	dydl	简单鹤		0		0	0	0	0
定一定神	dydu	简单鹤		0		0	0	0	0
对应的是	dydu	简单鹤		0		0	0	0	0
得意地笑	dydx	简单鹤		0		0	0	0	0
得意的笑	dydx	简单鹤		0		0	0	0	0
断崖第一	dydy	简单鹤		0		0	0	0	0
多有得罪	dydz	简单鹤		0		0	0	0	0
得意弟子	dydz	简单鹤		0		0	0	0	0
第一反应	dyfy	简单鹤		0		0	0	0	0
毒瘾发作	dyfz	简单鹤		0		0	0	0	0
冬泳怪鸽	dygg	简单鹤		0		0	0	0	0
第一感觉	dygj	简单鹤		0		0	0	0	0
地狱归来	dygl	简单鹤		0		0	0	0	0
大雁归来	dygl	简单鹤		0		0	0	0	0
电源管理	dygl	简单鹤		0		0	0	0	0
东亚共荣	dygr	简单鹤		0		0	0	0	0
第一个人	dygr	简单鹤		0		0	0	0	0
对应关系	dygx	简单鹤		0		0	0	0	0
第一个月	dygy	简单鹤		0		0	0	0	0
等一会儿	dyhe	简单鹤		0		0	0	0	0
第一回合	dyhh	简单鹤		0		0	0	0	0
大有好处	dyhi	简单鹤		0		0	0	0	0
电影画面	dyhm	简单鹤		0		0	0	0	0
地狱绘图	dyht	简单鹤		0		0	0	0	0
当一回事	dyhu	简单鹤		0		0	0	0	0
得意后生	dyhu	简单鹤		0		0	0	0	0
大有好转	dyhv	简单鹤		0		0	0	0	0
谍影重重	dyii	简单鹤		0		0	0	0	0
电源插头	dyit	简单鹤		0		0	0	0	0
第一场雪	dyix	简单鹤		0		0	0	0	0
大有进步	dyjb	简单鹤		0		0	0	0	0
单元检测	dyjc	简单鹤		0		0	0	0	0
第一句话	dyjh	简单鹤		0		0	0	0	0
电影解说	dyju	简单鹤		0		0	0	0	0
第一件事	dyju	简单鹤		0		0	0	0	0
动摇军心	dyjx	简单鹤		0		0	0	0	0
电源开关	dykg	简单鹤		0		0	0	0	0
地狱开局	dykj	简单鹤		0		0	0	0	0
倒要看看	dykk	简单鹤		0		0	0	0	0
都有可能	dykn	简单鹤		0		0	0	0	0
抖音快手	dyku	简单鹤		0		0	0	0	0
断崖领先	dylx	简单鹤		0		0	0	0	0
打羽毛球	dymq	简单鹤		0		0	0	0	0
地狱模式	dymu	简单鹤		0		0	0	0	0
电源模式	dymu	简单鹤		0		0	0	0	0
等于没说	dymu	简单鹤		0		0	0	0	0
电影明星	dymx	简单鹤		0		0	0	0	0
地狱难度	dynd	简单鹤		0		0	0	0	0
对于那个	dyng	简单鹤		0		0	0	0	0
对于那些	dynx	简单鹤		0		0	0	0	0
电影频道	dypd	简单鹤		0		0	0	0	0
大雨瓢泼	dypp	简单鹤		0		0	0	0	0
电影拍摄	dypu	简单鹤		0		0	0	0	0
大异其趣	dyqq	简单鹤		0		0	0	0	0
大有前途	dyqt	简单鹤		0		0	0	0	0
地域歧视	dyqu	简单鹤		0		0	0	0	0
动员群众	dyqv	简单鹤		0		0	0	0	0
但愿如此	dyrc	简单鹤		0		0	0	0	0
第一人称	dyri	简单鹤		0		0	0	0	0
多元认识	dyru	简单鹤		0		0	0	0	0
的意思吗	dysm	简单鹤		0		0	0	0	0
的意思是	dysu	简单鹤		0		0	0	0	0
第一梯队	dytd	简单鹤		0		0	0	0	0
第一桶金	dytj	简单鹤		0		0	0	0	0
大赢特赢	dyty	简单鹤		0		0	0	0	0
大有收获	dyuh	简单鹤		0		0	0	0	0
第一时间	dyuj	简单鹤		0		0	0	0	0
第一视角	dyuj	简单鹤		0		0	0	0	0
第一深情	dyuq	简单鹤		0		0	0	0	0
斗鱼主播	dyvb	简单鹤		0		0	0	0	0
斗鱼直播	dyvb	简单鹤		0		0	0	0	0
钓鱼执法	dyvf	简单鹤		0		0	0	0	0
对于这个	dyvg	简单鹤		0		0	0	0	0
地狱之火	dyvh	简单鹤		0		0	0	0	0
地狱之门	dyvm	简单鹤		0		0	0	0	0
地缘政治	dyvv	简单鹤		0		0	0	0	0
对于这些	dyvx	简单鹤		0		0	0	0	0
第一志愿	dyvy	简单鹤		0		0	0	0	0
但也未必	dywb	简单鹤		0		0	0	0	0
倒也未必	dywb	简单鹤		0		0	0	0	0
倒也无妨	dywf	简单鹤		0		0	0	0	0
多元文化	dywh	简单鹤		0		0	0	0	0
对于我们	dywm	简单鹤		0		0	0	0	0
得鱼忘筌	dywq	简单鹤		1		0	0	0	0
抖音小店	dyxd	简单鹤		0		0	0	0	0
地狱笑话	dyxh	简单鹤		0		0	0	0	0
第一现场	dyxi	简单鹤		0		0	0	0	0
东洋雪莲	dyxl	简单鹤		0		0	0	0	0
的一系列	dyxl	简单鹤		0		0	0	0	0
的影响下	dyxx	简单鹤		0		0	0	0	0
大约需要	dyxy	简单鹤		0		0	0	0	0
对于一个	dyyg	简单鹤		0		0	0	0	0
都有一个	dyyg	简单鹤		0		0	0	0	0
大预言家	dyyj	简单鹤		0		0	0	0	0
带预言家	dyyj	简单鹤		0		0	0	0	0
定眼一看	dyyk	简单鹤		0		0	0	0	0
多有意思	dyys	简单鹤		0		0	0	0	0
地域优势	dyyu	简单鹤		0		0	0	0	0
的原因是	dyyu	简单鹤		0		0	0	0	0
多元宇宙	dyyv	简单鹤		0		0	0	0	0
都有一种	dyyv	简单鹤		0		0	0	0	0
第一要务	dyyw	简单鹤		0		0	0	0	0
对于一些	dyyx	简单鹤		0		0	0	0	0
第一印象	dyyx	简单鹤		0		0	0	0	0
大院子弟	dyzd	简单鹤		0		0	0	0	0
电子表格	dzbg	简单鹤		0		0	0	0	0
大资本家	dzbj	简单鹤		0		0	0	0	0
电子包浆	dzbj	简单鹤		0		0	0	0	0
电子病历	dzbl	简单鹤		0		0	0	0	0
得罪不起	dzbq	简单鹤		0		0	0	0	0
动作捕捉	dzbv	简单鹤		0		0	0	0	0
胆子不小	dzbx	简单鹤		0		0	0	0	0
大嘴巴子	dzbz	简单鹤		0		0	0	0	0
电子词典	dzcd	简单鹤		0		0	0	0	0
独自等待	dzdd	简单鹤		0		0	0	0	0
大灾大难	dzdn	简单鹤		0		0	0	0	0
动作大片	dzdp	简单鹤		0		0	0	0	0
电子毒品	dzdp	简单鹤		0		0	0	0	0
电子电器	dzdq	简单鹤		0		0	0	0	0
肚子饿了	dzel	简单鹤		0		0	0	0	0
当作儿戏	dzex	简单鹤		0		0	0	0	0
电子发票	dzfp	简单鹤		0		0	0	0	0
电子货币	dzhb	简单鹤		0		0	0	0	0
胆子好大	dzhd	简单鹤		0		0	0	0	0
对子哈特	dzht	简单鹤		0		0	0	0	0
动作迟缓	dzih	简单鹤		0		0	0	0	0
电子宠物	dziw	简单鹤		0		0	0	0	0
电子积木	dzjm	简单鹤		0		0	0	0	0
打字兼职	dzjv	简单鹤		0		0	0	0	0
大宗交易	dzjy	简单鹤		0		0	0	0	0
带资进组	dzjz	简单鹤		0		0	0	0	0
刁钻刻薄	dzkb	简单鹤		1		0	0	0	0
点赞狂魔	dzkm	简单鹤		0		0	0	0	0
电子垃圾	dzlj	简单鹤		0		0	0	0	0
电子镣铐	dzlk	简单鹤		0		0	0	0	0
动作描写	dzmx	简单鹤		0		0	0	0	0
电子木鱼	dzmy	简单鹤		0		0	0	0	0
蛋仔派对	dzpd	简单鹤		0		0	0	0	0
当做朋友	dzpy	简单鹤		0		0	0	0	0
电子盆栽	dzpz	简单鹤		0		0	0	0	0
电子钱包	dzqb	简单鹤		0		0	0	0	0
道阻且长	dzqi	简单鹤		0		0	0	0	0
电子期刊	dzqk	简单鹤		0		0	0	0	0
独自凄凉	dzql	简单鹤		0		0	0	0	0
挡在前面	dzqm	简单鹤		0		0	0	0	0
电子签名	dzqm	简单鹤		0		0	0	0	0
独尊儒术	dzru	简单鹤		0		0	0	0	0
打字速度	dzsd	简单鹤		0		0	0	0	0
电子天平	dztp	简单鹤		0		0	0	0	0
电子通讯	dztx	简单鹤		0		0	0	0	0
带在身边	dzub	简单鹤		0		0	0	0	0
电子设备	dzub	简单鹤		0		0	0	0	0
电子商贸	dzum	简单鹤		0		0	0	0	0
短暂失明	dzum	简单鹤		0		0	0	0	0
大宗商品	dzup	简单鹤		0		0	0	0	0
顶字上屏	dzup	简单鹤		0		0	0	0	0
多做实事	dzuu	简单鹤		0		0	0	0	0
带在身上	dzuu	简单鹤		0		0	0	0	0
电子时钟	dzuv	简单鹤		0		0	0	0	0
动作指导	dzvd	简单鹤		0		0	0	0	0
电子账单	dzvd	简单鹤		0		0	0	0	0
胆子真大	dzvd	简单鹤		0		0	0	0	0
点赞之交	dzvj	简单鹤		0		0	0	0	0
点子扎手	dzvu	简单鹤		0		0	0	0	0
电子文档	dzwd	简单鹤		0		0	0	0	0
电子网络	dzwl	简单鹤		0		0	0	0	0
堵在胸口	dzxk	简单鹤		0		0	0	0	0
待在原地	dzyd	简单鹤		0		0	0	0	0
当作一个	dzyg	简单鹤		0		0	0	0	0
当做一个	dzyg	简单鹤		0		0	0	0	0
电子移民	dzym	简单鹤		0		0	0	0	0
独自一人	dzyr	简单鹤		0		0	0	0	0
地造一双	dzyu	简单鹤		0		0	0	0	0
当作一种	dzyv	简单鹤		0		0	0	0	0
电子阳痿	dzyw	简单鹤		0		0	0	0	0
电子邮箱	dzyx	简单鹤		0		0	0	0	0
恩爱夫妻	eafq	简单鹤		0		0	0	0	0
恩爱情仇	eaqi	简单鹤		0		0	0	0	0
二百多个	ebdg	简单鹤		0		0	0	0	0
二八定律	ebdl	简单鹤		0		0	0	0	0
二八法则	ebfz	简单鹤		0		0	0	0	0
而不会是	ebhu	简单鹤		0		0	0	0	0
而不仅仅	ebjj	简单鹤		0		0	0	0	0
二八年华	ebnh	简单鹤	24	0		0	0	0	0
一百年前	ebnq	简单鹤		0		0	0	0	0
而不能说	ebnu	简单鹤		0		0	0	0	0
二逼青年	ebqn	简单鹤		0		0	0	0	0
饿不死人	ebsr	简单鹤		0		0	0	0	0
而不知道	ebvd	简单鹤		0		0	0	0	0
而不只是	ebvu	简单鹤		0		0	0	0	0
耳边响起	ebxq	简单鹤		0		0	0	0	0
二步验证	ebyv	简单鹤		0		0	0	0	0
二八原则	ebyz	简单鹤		0		0	0	0	0
而不在于	ebzy	简单鹤		0		0	0	0	0
二次编码	ecbm	简单鹤		0		0	0	0	0
二次定位	ecdw	简单鹤		0		0	0	0	0
二次根号	ecgh	简单鹤		0		0	0	0	0
恩存感激	ecgj	简单鹤		0		0	0	0	0
二次加工	ecjg	简单鹤		0		0	0	0	0
二寸照片	ecvp	简单鹤		0		0	0	0	0
二等残废	edcf	简单鹤		0		0	0	0	0
额定电流	eddl	简单鹤		0		0	0	0	0
额定电压	eddy	简单鹤		0		0	0	0	0
耳朵底子	eddz	简单鹤		0		0	0	0	0
耳朵根子	edgz	简单鹤		0		0	0	0	0
耳朵怀孕	edhy	简单鹤		0		0	0	0	0
耳朵眼儿	edye	简单鹤		0		0	0	0	0
饿得要死	edys	简单鹤		0		0	0	0	0
摁倒在地	edzd	简单鹤		0		0	0	0	0
呃呃呃呃	eeee	简单鹤		0		0	0	0	0
饿饿饭饭	eeff	简单鹤		0		0	0	0	0
饿莩遍野	efby	简单鹤		1		0	0	0	0
二分查找	efiv	简单鹤		0		0	0	0	0
二分音符	efyf	简单鹤		0		0	0	0	0
二改二传	egei	简单鹤		0		0	0	0	0
二鬼拍门	egpm	简单鹤		0		0	0	0	0
恶鬼投胎	egtt	简单鹤		0		0	0	0	0
饿鬼投胎	egtt	简单鹤		0		0	0	0	0
二更食堂	egut	简单鹤		0		0	0	0	0
二个小时	egxu	简单鹤		0		0	0	0	0
耳根子软	egzr	简单鹤		0		0	0	0	0
恶狠狠地	ehhd	简单鹤		0		0	0	0	0
耳红面赤	ehmi	简单鹤		1		0	0	0	0
娥皇女英	ehny	简单鹤		0		0	0	0	0
饿虎扑羊	ehpy	简单鹤		1		0	0	0	0
耳后生风	ehuf	简单鹤		1		0	0	0	0
二虎相斗	ehxd	简单鹤		0		0	0	0	0
二虎相争	ehxv	简单鹤		0		0	0	0	0
二传二改	eieg	简单鹤		0		0	0	0	0
二简次选	ejcx	简单鹤		0		0	0	0	0
二级公路	ejgl	简单鹤		0		0	0	0	0
耳机接口	ejjk	简单鹤		0		0	0	0	0
耳机漏电	ejld	简单鹤		0		0	0	0	0
二级域名	ejym	简单鹤		0		0	0	0	0
二轮复习	elfx	简单鹤		0		0	0	0	0
恶劣环境	elhj	简单鹤		0		0	0	0	0
二硫化硒	elhx	简单鹤		0		0	0	0	0
二连击破	eljp	简单鹤		0		0	0	0	0
二力平衡	elph	简单鹤		0		0	0	0	0
饿狼扑食	elpu	简单鹤		0		0	0	0	0
恶龙咆哮	elpx	简单鹤		0		0	0	0	0
二路汽车	elqi	简单鹤		0		0	0	0	0
恶劣条件	eltj	简单鹤		0		0	0	0	0
二流水平	elup	简单鹤		0		0	0	0	0
二郎真君	elvj	简单鹤		0		0	0	0	0
二龙戏凤	elxf	简单鹤		0		0	0	0	0
二零一零	elyl	简单鹤		0		0	0	0	0
恶劣影响	elyx	简单鹤		0		0	0	0	0
二门不迈	embm	简单鹤		0		0	0	0	0
耳目闭塞	embs	简单鹤		1		0	0	0	0
耳鸣耳聋	emel	简单鹤		0		0	0	0	0
噩梦降临	emjl	简单鹤		0		0	0	0	0
耳鸣目眩	emmx	简单鹤		0		0	0	0	0
二码上屏	emup	简单鹤		0		0	0	0	0
耳目众多	emvd	简单鹤		1		0	0	0	0
二品大员	epdy	简单鹤		0		0	0	0	0
饿殍枕藉	epvj	简单鹤		1		0	0	0	0
而且不会	eqbh	简单鹤		0		0	0	0	0
而且不能	eqbn	简单鹤		0		0	0	0	0
而且都是	eqdu	简单鹤		0		0	0	0	0
而且都有	eqdy	简单鹤		0		0	0	0	0
而且还会	eqhh	简单鹤		0		0	0	0	0
而且还是	eqhu	简单鹤		0		0	0	0	0
而且可以	eqky	简单鹤		0		0	0	0	0
而且没有	eqmy	简单鹤		0		0	0	0	0
饿其体肤	eqtf	简单鹤		0		0	0	0	0
而且这个	eqvg	简单鹤		0		0	0	0	0
而且需要	eqxy	简单鹤		0		0	0	0	0
而且因为	eqyw	简单鹤		0		0	0	0	0
恶其余胥	eqyx	简单鹤		0		0	0	0	0
二人同心	ertx	简单鹤	27	0		0	0	0	0
二三个人	esgr	简单鹤		0		0	0	0	0
饿死街头	esjt	简单鹤		0		0	0	0	0
儿孙绕膝	esrx	简单鹤		0		0	0	0	0
饿死事小	esux	简单鹤		0		0	0	0	0
饿死我了	eswl	简单鹤		0		0	0	0	0
饿死我啦	eswl	简单鹤		0		0	0	0	0
儿童不宜	etby	简单鹤		0		0	0	0	0
儿童读物	etdw	简单鹤		0		0	0	0	0
儿童服装	etfv	简单鹤		0		0	0	0	0
儿童发育	etfy	简单鹤		0		0	0	0	0
儿童歌曲	etgq	简单鹤		0		0	0	0	0
儿童教育	etjy	简单鹤		0		0	0	0	0
耳听目染	etmr	简单鹤		0		0	0	0	0
儿童入学	etrx	简单鹤		0		0	0	0	0
儿童手表	etub	简单鹤		0		0	0	0	0
儿童时代	etud	简单鹤		0		0	0	0	0
耳听是虚	etux	简单鹤		0		0	0	0	0
儿童用品	etyp	简单鹤		0		0	0	0	0
儿童医院	etyy	简单鹤		0		0	0	0	0
儿童座椅	etzy	简单鹤		0		0	0	0	0
二十多个	eudg	简单鹤		0		0	0	0	0
二手电脑	eudn	简单鹤		0		0	0	0	0
二十分钟	eufv	简单鹤		0		0	0	0	0
二手玫瑰	eumg	简单鹤		0		0	0	0	0
而是没有	eumy	简单鹤		0		0	0	0	0
二十年代	eund	简单鹤		0		0	0	0	0
二十年前	eunq	简单鹤		0		0	0	0	0
二手市场	euui	简单鹤		0		0	0	0	0
而是这个	euvg	简单鹤		0		0	0	0	0
二十周年	euvn	简单鹤		0		0	0	0	0
而是为了	euwl	简单鹤		0		0	0	0	0
二手物品	euwp	简单鹤		0		0	0	0	0
而是需要	euxy	简单鹤		0		0	0	0	0
而是一个	euyg	简单鹤		0		0	0	0	0
而是应该	euyg	简单鹤		0		0	0	0	0
二室一厅	euyt	简单鹤		0		0	0	0	0
而是一种	euyv	简单鹤		0		0	0	0	0
而是因为	euyw	简单鹤		0		0	0	0	0
遏制不住	evbv	简单鹤		0		0	0	0	0
饿着肚子	evdz	简单鹤		0		0	0	0	0
二者兼顾	evjg	简单鹤		0		0	0	0	0
二战老兵	evlb	简单鹤		0		0	0	0	0
二战期间	evqj	简单鹤		0		0	0	0	0
二者之间	evvj	简单鹤		0		0	0	0	0
恩威并用	ewby	简单鹤		1		0	0	0	0
俄乌冲突	ewit	简单鹤		0		0	0	0	0
俄乌局势	ewju	简单鹤		0		0	0	0	0
二维空间	ewkj	简单鹤		0		0	0	0	0
扼腕痛惜	ewtx	简单鹤		0		0	0	0	0
耳闻是虚	ewux	简单鹤		0		0	0	0	0
二维数组	ewuz	简单鹤		0		0	0	0	0
而我知道	ewvd	简单鹤		0		0	0	0	0
俄乌战争	ewvv	简单鹤		0		0	0	0	0
恶性犯罪	exfz	简单鹤		0		0	0	0	0
二线城市	exiu	简单鹤		0		0	0	0	0
二西莫夫	exmf	简单鹤		0		0	0	0	0
耳熏目染	exmr	简单鹤		0		0	0	0	0
恶心呕吐	exot	简单鹤		0		0	0	0	0
恶心死了	exsl	简单鹤		0		0	0	0	0
恶性事件	exuj	简单鹤		0		0	0	0	0
厄运重重	eyii	简单鹤		0		0	0	0	0
恶意举报	eyjb	简单鹤		0		0	0	0	0
二元结构	eyjg	简单鹤		0		0	0	0	0
恶意竞争	eyjv	简单鹤		0		0	0	0	0
恶意欺诈	eyqv	简单鹤		0		0	0	0	0
恶意软件	eyrj	简单鹤		0		0	0	0	0
恩怨是非	eyuf	简单鹤		0		0	0	0	0
恶意行为	eyxw	简单鹤		0		0	0	0	0
二元一次	eyyc	简单鹤		0		0	0	0	0
恶意引导	eyyd	简单鹤		0		0	0	0	0
鳄鱼眼泪	eyyl	简单鹤		1		0	0	0	0
嗯造果盘	ezgp	简单鹤		0		0	0	0	0
嗯造米线	ezmx	简单鹤		0		0	0	0	0
妨碍公务	fagw	简单鹤		0		0	0	0	0
伏案工作	fagz	简单鹤		0		0	0	0	0
父爱如山	faru	简单鹤		0		0	0	0	0
肺癌晚期	fawq	简单鹤		0		0	0	0	0
分辨不出	fbbi	简单鹤		0		0	0	0	0
分布不均	fbbj	简单鹤		0		0	0	0	0
翻版必究	fbbj	简单鹤		0		0	0	0	0
分辨不清	fbbq	简单鹤		0		0	0	0	0
分兵把守	fbbu	简单鹤		0		0	0	0	0
腐败变质	fbbv	简单鹤		0		0	0	0	0
风必摧之	fbcv	简单鹤		0		0	0	0	0
方便的话	fbdh	简单鹤		0		0	0	0	0
方便多了	fbdl	简单鹤		0		0	0	0	0
方不方便	fbfb	简单鹤		0		0	0	0	0
符不符合	fbfh	简单鹤		0		0	0	0	0
分布广泛	fbgf	简单鹤		0		0	0	0	0
奋臂高呼	fbgh	简单鹤		0		0	0	0	0
方便顾客	fbgk	简单鹤		0		0	0	0	0
肺部感染	fbgr	简单鹤		0		0	0	0	0
发表回复	fbhf	简单鹤		0		0	0	0	0
分别会见	fbhj	简单鹤		0		0	0	0	0
奋臂挥拳	fbhq	简单鹤		0		0	0	0	0
伏笔回收	fbhu	简单鹤		0		0	0	0	0
返本还源	fbhy	简单鹤		1		0	0	0	0
发不出来	fbil	简单鹤		0		0	0	0	0
发不出去	fbiq	简单鹤		0		0	0	0	0
分部积分	fbjf	简单鹤		0		0	0	0	0
封闭僵化	fbjh	简单鹤		0		0	0	0	0
防爆警察	fbji	简单鹤		0		0	0	0	0
发表解肌	fbjj	简单鹤		0		0	0	0	0
发病机制	fbjv	简单鹤		0		0	0	0	0
发表看法	fbkf	简单鹤		0		0	0	0	0
封闭空间	fbkj	简单鹤		0		0	0	0	0
方便快捷	fbkj	简单鹤		0		0	0	0	0
放不开了	fbkl	简单鹤		0		0	0	0	0
发表论文	fblw	简单鹤		0		0	0	0	0
风暴龙王	fblw	简单鹤		0		0	0	0	0
凤表龙姿	fblz	简单鹤		1		0	0	0	0
肤白貌美	fbmm	简单鹤		0		0	0	0	0
斐波那契	fbnq	简单鹤		0		0	0	0	0
分不清楚	fbqi	简单鹤		0		0	0	0	0
方便起见	fbqj	简单鹤		0		0	0	0	0
方便群众	fbqv	简单鹤		0		0	0	0	0
腐败透顶	fbtd	简单鹤		0		0	0	0	0
佛本是道	fbud	简单鹤		0		0	0	0	0
封闭施工	fbug	简单鹤		0		0	0	0	0
匪帮说唱	fbui	简单鹤		0		0	0	0	0
发表社论	fbul	简单鹤		0		0	0	0	0
发表声明	fbum	简单鹤		0		0	0	0	0
扶不上墙	fbuq	简单鹤		0		0	0	0	0
分步实施	fbuu	简单鹤		0		0	0	0	0
福不双至	fbuv	简单鹤		0		0	0	0	0
防病治病	fbvb	简单鹤		0		0	0	0	0
封闭状态	fbvt	简单鹤		0		0	0	0	0
风暴之主	fbvv	简单鹤		0		0	0	0	0
富比王侯	fbwh	简单鹤		0		0	0	0	0
方便行人	fbxr	简单鹤		0		0	0	0	0
放不下心	fbxx	简单鹤		0		0	0	0	0
方便用户	fbyh	简单鹤		0		0	0	0	0
发表演说	fbyu	简单鹤		0		0	0	0	0
方便一下	fbyx	简单鹤		0		0	0	0	0
服从安排	fcap	简单鹤		0		0	0	0	0
非此不可	fcbk	简单鹤		0		0	0	0	0
服从命令	fcml	简单鹤		0		0	0	0	0
芳草萋萋	fcqq	简单鹤		0		0	0	0	0
服从调剂	fctj	简单鹤		0		0	0	0	0
服从指令	fcvl	简单鹤		0		0	0	0	0
服从整体	fcvt	简单鹤		0		0	0	0	0
讽刺挖苦	fcwk	简单鹤		0		0	0	0	0
风采依旧	fcyj	简单鹤		0		0	0	0	0
方寸已乱	fcyl	简单鹤		1		0	0	0	0
发财要命	fcym	简单鹤		0		0	0	0	0
讽刺意味	fcyw	简单鹤		0		0	0	0	0
服从组织	fczv	简单鹤		0		0	0	0	0
负担不起	fdbq	简单鹤		0		0	0	0	0
反倒不如	fdbr	简单鹤		0		0	0	0	0
逢赌必输	fdbu	简单鹤		0		0	0	0	0
奋斗到底	fddd	简单鹤		0		0	0	0	0
发动地鸣	fddm	简单鹤		0		0	0	0	0
放到地上	fddu	简单鹤		0		0	0	0	0
樊登读书	fddu	简单鹤		0		0	0	0	0
反帝反封	fdff	简单鹤		0		0	0	0	0
反动分子	fdfz	简单鹤		0		0	0	0	0
贩毒分子	fdfz	简单鹤		0		0	0	0	0
飞得更高	fdgg	简单鹤		0		0	0	0	0
分担工作	fdgz	简单鹤		0		0	0	0	0
凫短鹤长	fdhi	简单鹤		1		0	0	0	0
放到后面	fdhm	简单鹤		0		0	0	0	0
分段函数	fdhu	简单鹤		0		0	0	0	0
翻斗花园	fdhy	简单鹤		0		0	0	0	0
房贷车贷	fdid	简单鹤		0		0	0	0	0
辅导机构	fdjg	简单鹤		0		0	0	0	0
非打即骂	fdjm	简单鹤		0		0	0	0	0
法定节日	fdjr	简单鹤		0		0	0	0	0
反动集团	fdjt	简单鹤		0		0	0	0	0
辅导老师	fdlu	简单鹤		0		0	0	0	0
富得流油	fdly	简单鹤		0		0	0	0	0
福大命大	fdmd	简单鹤		0		0	0	0	0
肥遯鸣高	fdmg	简单鹤		1		0	0	0	0
非但没有	fdmy	简单鹤		0		0	0	0	0
伐地那非	fdnf	简单鹤		0		0	0	0	0
放到前面	fdqm	简单鹤		0		0	0	0	0
发动群众	fdqv	简单鹤		0		0	0	0	0
非但如此	fdrc	简单鹤		0		0	0	0	0
放大缩小	fdsx	简单鹤		0		0	0	0	0
法度森严	fdsy	简单鹤		0		0	0	0	0
房东太太	fdtt	简单鹤		0		0	0	0	0
佛挡杀佛	fduf	简单鹤		0		0	0	0	0
费点时间	fduj	简单鹤		0		0	0	0	0
反动势力	fdul	简单鹤		0		0	0	0	0
方得始终	fduv	简单鹤		0		0	0	0	0
奋斗终生	fdvu	简单鹤		0		0	0	0	0
奋斗终身	fdvu	简单鹤		0		0	0	0	0
发动战争	fdvv	简单鹤		0		0	0	0	0
发到网上	fdwu	简单鹤		0		0	0	0	0
反对无效	fdwx	简单鹤		0		0	0	0	0
浮点小数	fdxu	简单鹤		0		0	0	0	0
风大雨大	fdyd	简单鹤		0		0	0	0	0
反对意见	fdyj	简单鹤		0		0	0	0	0
分担压力	fdyl	简单鹤		0		0	0	0	0
反动言论	fdyl	简单鹤		0		0	0	0	0
反对一切	fdyq	简单鹤		0		0	0	0	0
烦得要死	fdys	简单鹤		0		0	0	0	0
法定义务	fdyw	简单鹤		0		0	0	0	0
釜底游鱼	fdyy	简单鹤		1		0	0	0	0
服毒自尽	fdzj	简单鹤		0		0	0	0	0
服毒自杀	fdzu	简单鹤		0		0	0	0	0
反而不好	febh	简单鹤		0		0	0	0	0
反而不成	febi	简单鹤		0		0	0	0	0
反而不能	febn	简单鹤		0		0	0	0	0
肥而不腻	febn	简单鹤		0		0	0	0	0
反而不妥	febt	简单鹤		0		0	0	0	0
逢二进一	fejy	简单鹤		0		0	0	0	0
飞儿乐团	felt	简单鹤		0		0	0	0	0
飞蛾扑灯	fepd	简单鹤		0		0	0	0	0
反而无用	fewy	简单鹤		0		0	0	0	0
付费挨骂	ffam	简单鹤		0		0	0	0	0
方法不错	ffbc	简单鹤		0		0	0	0	0
反复鞭尸	ffbu	简单鹤		0		0	0	0	0
反复操练	ffcl	简单鹤		0		0	0	0	0
防范措施	ffcu	简单鹤		0		0	0	0	0
反复操作	ffcz	简单鹤		0		0	0	0	0
非法操作	ffcz	简单鹤		0		0	0	0	0
反复多次	ffdc	简单鹤		0		0	0	0	0
付费点击	ffdj	简单鹤		0		0	0	0	0
发放贷款	ffdk	简单鹤		0		0	0	0	0
非法堕胎	ffdt	简单鹤		0		0	0	0	0
发奋读书	ffdu	简单鹤		0		0	0	0	0
负负得正	ffdv	简单鹤		0		0	0	0	0
付费订阅	ffdy	简单鹤		0		0	0	0	0
纷纷而至	ffev	简单鹤		0		0	0	0	0
非法贩卖	fffm	简单鹤		0		0	0	0	0
付费方式	fffu	简单鹤		0		0	0	0	0
反复发作	fffz	简单鹤		0		0	0	0	0
反复观察	ffgi	简单鹤		0		0	0	0	0
反复观看	ffgk	简单鹤		0		0	0	0	0
付费功能	ffgn	简单鹤		0		0	0	0	0
非法改装	ffgv	简单鹤		0		0	0	0	0
非法雇佣	ffgy	简单鹤		0		0	0	0	0
发放工资	ffgz	简单鹤		0		0	0	0	0
非法活动	ffhd	简单鹤		0		0	0	0	0
反复横跳	ffht	简单鹤		0		0	0	0	0
非法出版	ffib	简单鹤		0		0	0	0	0
非凡成就	ffij	简单鹤		0		0	0	0	0
非法出口	ffik	简单鹤		0		0	0	0	0
防腐处理	ffil	简单鹤		0		0	0	0	0
非法传销	ffix	简单鹤		0		0	0	0	0
非法拘禁	ffjj	简单鹤		0		0	0	0	0
付费节目	ffjm	简单鹤		0		0	0	0	0
付费加入	ffjr	简单鹤		0		0	0	0	0
防范机制	ffjv	简单鹤		0		0	0	0	0
非法集资	ffjz	简单鹤		0		0	0	0	0
发发牢骚	ffls	简单鹤		0		0	0	0	0
反复练习	fflx	简单鹤		0		0	0	0	0
非法利益	ffly	简单鹤		0		0	0	0	0
付费模式	ffmu	简单鹤		0		0	0	0	0
丰富内涵	ffnh	简单鹤		0		0	0	0	0
非法内容	ffnr	简单鹤		0		0	0	0	0
附凤攀龙	ffpl	简单鹤		1		0	0	0	0
反复确认	ffqr	简单鹤		0		0	0	0	0
反复强调	ffqt	简单鹤		0		0	0	0	0
反复去世	ffqu	简单鹤		0		0	0	0	0
付费入群	ffrq	简单鹤		0		0	0	0	0
非法入侵	ffrq	简单鹤		0		0	0	0	0
凡夫肉眼	ffry	简单鹤		1		0	0	0	0
反复思考	ffsk	简单鹤		0		0	0	0	0
反复讨论	fftl	简单鹤		0		0	0	0	0
反复提示	fftu	简单鹤		0		0	0	0	0
反复提醒	fftx	简单鹤		0		0	0	0	0
非法手段	ffud	简单鹤		0		0	0	0	0
付费视角	ffuj	简单鹤		0		0	0	0	0
付费视频	ffup	简单鹤		0		0	0	0	0
防风手套	ffut	简单鹤		0		0	0	0	0
非法生意	ffuy	简单鹤		0		0	0	0	0
反复琢磨	ffvm	简单鹤		0		0	0	0	0
非负整数	ffvu	简单鹤		0		0	0	0	0
发放完毕	ffwb	简单鹤		0		0	0	0	0
放飞心情	ffxq	简单鹤		0		0	0	0	0
发愤学习	ffxx	简单鹤		0		0	0	0	0
非法移民	ffym	简单鹤		0		0	0	0	0
反复要求	ffyq	简单鹤		0		0	0	0	0
非法组队	ffzd	简单鹤		0		0	0	0	0
反复再三	ffzs	简单鹤		0		0	0	0	0
仿佛在说	ffzu	简单鹤		0		0	0	0	0
非法组织	ffzv	简单鹤		0		0	0	0	0
放飞自我	ffzw	简单鹤		0		0	0	0	0
富贵安康	fgak	简单鹤		0		0	0	0	0
富国安民	fgam	简单鹤		1		0	0	0	0
富贵不骄	fgbj	简单鹤		0		0	0	0	0
分工不同	fgbt	简单鹤		0		0	0	0	0
风光不再	fgbz	简单鹤		0		0	0	0	0
封官赐爵	fgcj	简单鹤		0		0	0	0	0
风光大葬	fgdz	简单鹤		0		0	0	0	0
复工复产	fgfi	简单鹤		0		0	0	0	0
发光发亮	fgfl	简单鹤		0		0	0	0	0
发光发热	fgfr	简单鹤		0		0	0	0	0
覆盖范围	fgfw	简单鹤		0		0	0	0	0
分工负责	fgfz	简单鹤		0		0	0	0	0
富贵花开	fghk	简单鹤		0		0	0	0	0
富贵长命	fgim	简单鹤		0		0	0	0	0
法规出台	fgit	简单鹤		0		0	0	0	0
法国进口	fgjk	简单鹤		0		0	0	0	0
放高利贷	fgld	简单鹤		0		0	0	0	0
凤骨龙姿	fglz	简单鹤		1		0	0	0	0
分工明确	fgmq	简单鹤		0		0	0	0	0
富贵人家	fgrj	简单鹤		0		0	0	0	0
分工如下	fgrx	简单鹤		0		0	0	0	0
佛骨舍利	fgul	简单鹤		0		0	0	0	0
附骨之蛆	fgvq	简单鹤		0		0	0	0	0
风光无两	fgwl	简单鹤		0		0	0	0	0
发个微信	fgwx	简单鹤		0		0	0	0	0
风光无限	fgwx	简单鹤		0		0	0	0	0
反戈相向	fgxx	简单鹤		1		0	0	0	0
发个信息	fgxx	简单鹤		0		0	0	0	0
分工协作	fgxz	简单鹤		0		0	0	0	0
非惯用手	fgyu	简单鹤		0		0	0	0	0
放歌纵酒	fgzj	简单鹤		1		0	0	0	0
富贵尊荣	fgzr	简单鹤		0		0	0	0	0
符号表情	fhbq	简单鹤		0		0	0	0	0
符合标准	fhbv	简单鹤		0		0	0	0	0
封侯拜相	fhbx	简单鹤		0		0	0	0	0
发挥才能	fhcn	简单鹤		0		0	0	0	0
防护措施	fhcu	简单鹤		0		0	0	0	0
分号次选	fhcx	简单鹤		0		0	0	0	0
防火防盗	fhfd	简单鹤		0		0	0	0	0
泛函分析	fhfx	简单鹤		0		0	0	0	0
符合规定	fhgd	简单鹤		0		0	0	0	0
符合规范	fhgf	简单鹤		0		0	0	0	0
符合规律	fhgl	简单鹤		0		0	0	0	0
符合国情	fhgq	简单鹤		0		0	0	0	0
繁华唱遍	fhib	简单鹤		0		0	0	0	0
发挥出来	fhil	简单鹤		0		0	0	0	0
符合常理	fhil	简单鹤		0		0	0	0	0
凤凰传奇	fhiq	简单鹤		0		0	0	0	0
繁华盛世	fhiu	简单鹤		0		0	0	0	0
符合程序	fhix	简单鹤		0		0	0	0	0
非黑即白	fhjb	简单鹤		0		0	0	0	0
防滑脚垫	fhjd	简单鹤		0		0	0	0	0
分红计划	fhjh	简单鹤		0		0	0	0	0
粉红骷髅	fhkl	简单鹤		0		0	0	0	0
防护口罩	fhkv	简单鹤		0		0	0	0	0
繁华落尽	fhlj	简单鹤		0		0	0	0	0
丰厚利润	fhlr	简单鹤		0		0	0	0	0
飞鹤奶粉	fhnf	简单鹤		0		0	0	0	0
绯红女巫	fhnw	简单鹤		0		0	0	0	0
符合人设	fhru	简单鹤		0		0	0	0	0
饭后甜点	fhtd	简单鹤		0		0	0	0	0
发挥特长	fhtv	简单鹤		0		0	0	0	0
符合题意	fhty	简单鹤		0		0	0	0	0
发挥失常	fhui	简单鹤		0		0	0	0	0
废话少说	fhuu	简单鹤		0		0	0	0	0
符华上仙	fhux	简单鹤		0		0	0	0	0
发挥稳定	fhwd	简单鹤		0		0	0	0	0
发挥想象	fhxx	简单鹤		0		0	0	0	0
放回原处	fhyi	简单鹤		0		0	0	0	0
发挥优势	fhyu	简单鹤		0		0	0	0	0
防护意识	fhyu	简单鹤		0		0	0	0	0
符合原著	fhyv	简单鹤		0		0	0	0	0
非常昂贵	fiag	简单鹤		0		0	0	0	0
非常安静	fiaj	简单鹤		0		0	0	0	0
非常安全	fiaq	简单鹤		0		0	0	0	0
非常不错	fibc	简单鹤		0		0	0	0	0
非常悲观	fibg	简单鹤		0		0	0	0	0
非常不好	fibh	简单鹤		0		0	0	0	0
废黜百家	fibj	简单鹤		0		0	0	0	0
非常抱歉	fibq	简单鹤		0		0	0	0	0
非常不同	fibt	简单鹤		0		0	0	0	0
粉尘爆炸	fibv	简单鹤		0		0	0	0	0
非常不幸	fibx	简单鹤		0		0	0	0	0
非常便宜	fiby	简单鹤		0		0	0	0	0
非常必要	fiby	简单鹤		0		0	0	0	0
非常聪明	ficm	简单鹤		0		0	0	0	0
非常脆弱	ficr	简单鹤		0		0	0	0	0
非常错误	ficw	简单鹤		0		0	0	0	0
翻肠倒肚	fidd	简单鹤		0		0	0	0	0
非常大的	fidd	简单鹤		0		0	0	0	0
付出代价	fidj	简单鹤		0		0	0	0	0
非常担心	fidx	简单鹤		0		0	0	0	0
非常得意	fidy	简单鹤		0		0	0	0	0
飞驰而过	fieg	简单鹤		0		0	0	0	0
非常恶劣	fiel	简单鹤		0		0	0	0	0
飞驰而来	fiel	简单鹤		0		0	0	0	0
飞驰而去	fieq	简单鹤		0		0	0	0	0
非常方便	fifb	简单鹤		0		0	0	0	0
非常发达	fifd	简单鹤		0		0	0	0	0
非常丰富	fiff	简单鹤		0		0	0	0	0
非常非常	fifi	简单鹤		0		0	0	0	0
防尘防水	fifu	简单鹤		0		0	0	0	0
方差分析	fifx	简单鹤		0		0	0	0	0
非常复杂	fifz	简单鹤		0		0	0	0	0
非常尴尬	figg	简单鹤		0		0	0	0	0
非常关键	figj	简单鹤		0		0	0	0	0
非常感激	figj	简单鹤		0		0	0	0	0
房产管理	figl	简单鹤		0		0	0	0	0
非常关注	figv	简单鹤		0		0	0	0	0
非常火爆	fihb	简单鹤		0		0	0	0	0
付出很多	fihd	简单鹤		0		0	0	0	0
付出行动	fihd	简单鹤		0		0	0	0	0
非常好的	fihd	简单鹤		0		0	0	0	0
非常好看	fihk	简单鹤		0		0	0	0	0
非常合理	fihl	简单鹤		0		0	0	0	0
非常好奇	fihq	简单鹤		0		0	0	0	0
非常合适	fihu	简单鹤		0		0	0	0	0
发出号召	fihv	简单鹤		0		0	0	0	0
非常好笑	fihx	简单鹤		0		0	0	0	0
非常活跃	fihy	简单鹤		0		0	0	0	0
非常出色	fiis	简单鹤		0		0	0	0	0
非常骄傲	fija	简单鹤		0		0	0	0	0
非常激动	fijd	简单鹤		0		0	0	0	0
非常简单	fijd	简单鹤		0		0	0	0	0
发出惊呼	fijh	简单鹤		0		0	0	0	0
非蠢即坏	fijh	简单鹤		0		0	0	0	0
非常积极	fijj	简单鹤		0		0	0	0	0
非常讲究	fijj	简单鹤		0		0	0	0	0
非常激烈	fijl	简单鹤		0		0	0	0	0
非常坚强	fijq	简单鹤		0		0	0	0	0
非常惊人	fijr	简单鹤		0		0	0	0	0
非常棘手	fiju	简单鹤		0		0	0	0	0
非常紧张	fijv	简单鹤		0		0	0	0	0
非常绝望	fijw	简单鹤		0		0	0	0	0
非常可爱	fika	简单鹤		0		0	0	0	0
非常恐怖	fikb	简单鹤		0		0	0	0	0
丰巢快递	fikd	简单鹤		0		0	0	0	0
非常肯定	fikd	简单鹤		0		0	0	0	0
非常可恨	fikh	简单鹤		0		0	0	0	0
非常看好	fikh	简单鹤		0		0	0	0	0
非常快乐	fikl	简单鹤		0		0	0	0	0
非常困难	fikn	简单鹤		0		0	0	0	0
非常苦恼	fikn	简单鹤		0		0	0	0	0
非常可惜	fikx	简单鹤		0		0	0	0	0
非常可笑	fikx	简单鹤		0		0	0	0	0
付出劳动	fild	简单鹤		0		0	0	0	0
非常乐观	filg	简单鹤		0		0	0	0	0
非常厉害	filh	简单鹤		0		0	0	0	0
非常落后	filh	简单鹤		0		0	0	0	0
非常了解	filj	简单鹤		0		0	0	0	0
非常理解	filj	简单鹤		0		0	0	0	0
风尘碌碌	fill	简单鹤		1		0	0	0	0
负重练习	filx	简单鹤		0		0	0	0	0
废长立幼	fily	简单鹤		0		0	0	0	0
非常乐意	fily	简单鹤		0		0	0	0	0
分成两组	filz	简单鹤		0		0	0	0	0
非常明白	fimb	简单鹤		0		0	0	0	0
非常矛盾	fimd	简单鹤		0		0	0	0	0
非常敏感	fimg	简单鹤		0		0	0	0	0
非常漫长	fimi	简单鹤		0		0	0	0	0
房产面积	fimj	简单鹤		0		0	0	0	0
非常美丽	fiml	简单鹤		0		0	0	0	0
房产买卖	fimm	简单鹤		0		0	0	0	0
非常密切	fimq	简单鹤		0		0	0	0	0
非常明确	fimq	简单鹤		0		0	0	0	0
非常陌生	fimu	简单鹤		0		0	0	0	0
非常难过	fing	简单鹤		0		0	0	0	0
非常恼火	finh	简单鹤		0		0	0	0	0
非常年轻	finq	简单鹤		0		0	0	0	0
非常难受	finu	简单鹤		0		0	0	0	0
非常难忘	finw	简单鹤		0		0	0	0	0
扶持农业	finy	简单鹤		0		0	0	0	0
非常普遍	fipb	简单鹤		0		0	0	0	0
非常佩服	fipf	简单鹤		0		0	0	0	0
非常平静	fipj	简单鹤		0		0	0	0	0
非常迫切	fipq	简单鹤		0		0	0	0	0
非常普通	fipt	简单鹤		0		0	0	0	0
非常朴实	fipu	简单鹤		0		0	0	0	0
非常平稳	fipw	简单鹤		0		0	0	0	0
非常强大	fiqd	简单鹤		0		0	0	0	0
非常气愤	fiqf	简单鹤		0		0	0	0	0
非常奇怪	fiqg	简单鹤		0		0	0	0	0
非常奇妙	fiqm	简单鹤		0		0	0	0	0
非常轻松	fiqs	简单鹤		0		0	0	0	0
非常热烈	firl	简单鹤		0		0	0	0	0
非常热闹	firn	简单鹤		0		0	0	0	0
非常认同	firt	简单鹤		0		0	0	0	0
非常认真	firv	简单鹤		0		0	0	0	0
非常荣幸	firx	简单鹤		0		0	0	0	0
非常容易	firy	简单鹤		0		0	0	0	0
非常随便	fisb	简单鹤		0		0	0	0	0
废除死刑	fisx	简单鹤		0		0	0	0	0
非常特别	fitb	简单鹤		0		0	0	0	0
非常突出	fiti	简单鹤		0		0	0	0	0
非常痛苦	fitk	简单鹤		0		0	0	0	0
非常特殊	fitu	简单鹤		0		0	0	0	0
非常痛心	fitx	简单鹤		0		0	0	0	0
非常少的	fiud	简单鹤		0		0	0	0	0
非常手段	fiud	简单鹤		0		0	0	0	0
非常适合	fiuh	简单鹤		0		0	0	0	0
非常时刻	fiuk	简单鹤		0		0	0	0	0
非常深刻	fiuk	简单鹤		0		0	0	0	0
非常生气	fiuq	简单鹤		0		0	0	0	0
非常深入	fiur	简单鹤		0		0	0	0	0
非常熟悉	fiux	简单鹤		0		0	0	0	0
发出声音	fiuy	简单鹤		0		0	0	0	0
非常值得	fivd	简单鹤		0		0	0	0	0
非常之好	fivh	简单鹤		0		0	0	0	0
非常之处	fivi	简单鹤		0		0	0	0	0
房产中介	fivj	简单鹤		0		0	0	0	0
非常准确	fivq	简单鹤		0		0	0	0	0
非常正确	fivq	简单鹤		0		0	0	0	0
非常之时	fivu	简单鹤		0		0	0	0	0
覆巢之下	fivx	简单鹤		0		0	0	0	0
非常之行	fivx	简单鹤		0		0	0	0	0
非常稳定	fiwd	简单鹤		0		0	0	0	0
发出文件	fiwj	简单鹤		0		0	0	0	0
非常完美	fiwm	简单鹤		0		0	0	0	0
非常危险	fiwx	简单鹤		0		0	0	0	0
非常兴奋	fixf	简单鹤		0		0	0	0	0
非常喜欢	fixh	简单鹤		0		0	0	0	0
非常辛苦	fixk	简单鹤		0		0	0	0	0
非常信任	fixr	简单鹤		0		0	0	0	0
非常相似	fixs	简单鹤		0		0	0	0	0
非常欣赏	fixu	简单鹤		0		0	0	0	0
非常细致	fixv	简单鹤		0		0	0	0	0
非常向往	fixw	简单鹤		0		0	0	0	0
非常希望	fixw	简单鹤		0		0	0	0	0
反常现象	fixx	简单鹤		0		0	0	0	0
非常小心	fixx	简单鹤		0		0	0	0	0
非常幸运	fixy	简单鹤		0		0	0	0	0
非常需要	fixy	简单鹤		0		0	0	0	0
丰川祥子	fixz	简单鹤		0		0	0	0	0
非常应该	fiyg	简单鹤		0		0	0	0	0
非常友好	fiyh	简单鹤		0		0	0	0	0
非常遗憾	fiyh	简单鹤		0		0	0	0	0
非常优美	fiym	简单鹤		0		0	0	0	0
非常有名	fiym	简单鹤		0		0	0	0	0
付出一切	fiyq	简单鹤		0		0	0	0	0
非常有趣	fiyq	简单鹤		0		0	0	0	0
非常严肃	fiys	简单鹤		0		0	0	0	0
非常优秀	fiyx	简单鹤		0		0	0	0	0
非常有限	fiyx	简单鹤		0		0	0	0	0
非常有用	fiyy	简单鹤		0		0	0	0	0
非常用字	fiyz	简单鹤		0		0	0	0	0
非常糟糕	fizg	简单鹤		0		0	0	0	0
非常自然	fizr	简单鹤		0		0	0	0	0
非常仔细	fizx	简单鹤		0		0	0	0	0
分斤掰两	fjbl	简单鹤		1		0	0	0	0
附加保险	fjbx	简单鹤		0		0	0	0	0
分筋错骨	fjcg	简单鹤		0		0	0	0	0
飞机大炮	fjdp	简单鹤		0		0	0	0	0
附近的人	fjdr	简单鹤		0		0	0	0	0
附加服务	fjfw	简单鹤		0		0	0	0	0
放假回家	fjhj	简单鹤		0		0	0	0	0
房间号码	fjhm	简单鹤		0		0	0	0	0
风紧扯呼	fjih	简单鹤		0		0	0	0	0
坊间传闻	fjiw	简单鹤		0		0	0	0	0
费尽了心	fjlx	简单鹤		0		0	0	0	0
非镜面屏	fjmp	简单鹤		0		0	0	0	0
风景迷人	fjmr	简单鹤		0		0	0	0	0
飞机模型	fjmx	简单鹤		0		0	0	0	0
附加内容	fjnr	简单鹤		0		0	0	0	0
费尽脑子	fjnz	简单鹤		0		0	0	0	0
费尽钱财	fjqc	简单鹤		0		0	0	0	0
飞机起飞	fjqf	简单鹤		0		0	0	0	0
放假期间	fjqj	简单鹤		0		0	0	0	0
罚酒三杯	fjsb	简单鹤		0		0	0	0	0
腹肌撕裂	fjsl	简单鹤		0		0	0	0	0
费尽思量	fjsl	简单鹤		0		0	0	0	0
封建思想	fjsx	简单鹤		0		0	0	0	0
风急天高	fjtg	简单鹤		0		0	0	0	0
附加条件	fjtj	简单鹤		0		0	0	0	0
封建统治	fjtv	简单鹤		0		0	0	0	0
封建时代	fjud	简单鹤		0		0	0	0	0
封建时期	fjuq	简单鹤		0		0	0	0	0
飞机失事	fjuu	简单鹤		0		0	0	0	0
反间之计	fjvj	简单鹤		1		0	0	0	0
封建专制	fjvv	简单鹤		0		0	0	0	0
封见主义	fjvy	简单鹤		0		0	0	0	0
飞机制造	fjvz	简单鹤		0		0	0	0	0
房价下跌	fjxd	简单鹤		0		0	0	0	0
放假以后	fjyh	简单鹤		0		0	0	0	0
反将一军	fjyj	简单鹤		0		0	0	0	0
丰俭由人	fjyr	简单鹤		0		0	0	0	0
佛教用语	fjyy	简单鹤		0		0	0	0	0
封建糟粕	fjzp	简单鹤		0		0	0	0	0
疯狂暗示	fkau	简单鹤		0		0	0	0	0
逢考必过	fkbg	简单鹤		0		0	0	0	0
放空大脑	fkdn	简单鹤		0		0	0	0	0
反恐斗争	fkdv	简单鹤		0		0	0	0	0
付款方式	fkfu	简单鹤		0		0	0	0	0
反恐合作	fkhz	简单鹤		0		0	0	0	0
罚款处理	fkil	简单鹤		0		0	0	0	0
凡客诚品	fkip	简单鹤		0		0	0	0	0
翻空出奇	fkiq	简单鹤		1		0	0	0	0
防空警报	fkjb	简单鹤		0		0	0	0	0
访客记录	fkjl	简单鹤		0		0	0	0	0
佛靠金装	fkjv	简单鹤		0		0	0	0	0
反恐精英	fkjy	简单鹤		0		0	0	0	0
防空雷达	fkld	简单鹤		0		0	0	0	0
放空脑子	fknz	简单鹤		0		0	0	0	0
俯瞰全场	fkqi	简单鹤		0		0	0	0	0
放开思想	fksx	简单鹤		0		0	0	0	0
付款通道	fktd	简单鹤		0		0	0	0	0
罚款数额	fkue	简单鹤		0		0	0	0	0
疯狂输出	fkui	简单鹤		0		0	0	0	0
放开手脚	fkuj	简单鹤		0		0	0	0	0
佛口圣心	fkux	简单鹤		0		0	0	0	0
佛口蛇心	fkux	简单鹤		1		0	0	0	0
分开使用	fkuy	简单鹤		0		0	0	0	0
方可使用	fkuy	简单鹤		0		0	0	0	0
反馈意见	fkyj	简单鹤		0		0	0	0	0
反抗压迫	fkyp	简单鹤		0		0	0	0	0
妇科炎症	fkyv	简单鹤		0		0	0	0	0
疯狂英语	fkyy	简单鹤		0		0	0	0	0
法律保护	flbh	简单鹤		0		0	0	0	0
翻录必究	flbj	简单鹤		0		0	0	0	0
分类标签	flbq	简单鹤		0		0	0	0	0
翻脸不认	flbr	简单鹤		0		0	0	0	0
法律保障	flbv	简单鹤		0		0	0	0	0
分类词库	flck	简单鹤		0		0	0	0	0
福利彩票	flcp	简单鹤		0		0	0	0	0
发了大财	fldc	简单鹤		0		0	0	0	0
犯了大忌	fldj	简单鹤		0		0	0	0	0
飞离地面	fldm	简单鹤		0		0	0	0	0
峰峦叠嶂	fldv	简单鹤		0		0	0	0	0
法律地位	fldw	简单鹤		0		0	0	0	0
福利待遇	fldy	简单鹤		0		0	0	0	0
焚林而田	flet	简单鹤		1		0	0	0	0
风力发电	flfd	简单鹤		0		0	0	0	0
奋力反抗	flfk	简单鹤		0		0	0	0	0
法律服务	flfw	简单鹤		0		0	0	0	0
纷乱复杂	flfz	简单鹤		0		0	0	0	0
法律规定	flgd	简单鹤		0		0	0	0	0
分裂国家	flgj	简单鹤		0		0	0	0	0
放了个屁	flgp	简单鹤		0		0	0	0	0
发来贺电	flhd	简单鹤		0		0	0	0	0
福利活动	flhd	简单鹤		0		0	0	0	0
法律环境	flhj	简单鹤		0		0	0	0	0
风林火山	flhu	简单鹤		0		0	0	0	0
翻脸成仇	flii	简单鹤		0		0	0	0	0
分离重码	flim	简单鹤		0		0	0	0	0
法律常识	fliu	简单鹤		0		0	0	0	0
法律程序	flix	简单鹤		0		0	0	0	0
风流绝代	fljd	简单鹤		0		0	0	0	0
分类价格	fljg	简单鹤		0		0	0	0	0
福利基金	fljj	简单鹤		0		0	0	0	0
分裂间期	fljq	简单鹤		0		0	0	0	0
傅雷家书	flju	简单鹤		0		0	0	0	0
法律解释	flju	简单鹤		0		0	0	0	0
奋力角逐	fljv	简单鹤		0		0	0	0	0
封狼居胥	fljx	简单鹤		0		0	0	0	0
风流快活	flkh	简单鹤		0		0	0	0	0
发来看看	flkk	简单鹤		0		0	0	0	0
法律空子	flkz	简单鹤		0		0	0	0	0
分类垃圾	fllj	简单鹤		0		0	0	0	0
费了老劲	fllj	简单鹤		0		0	0	0	0
费力劳心	fllx	简单鹤		1		0	0	0	0
犯了毛病	flmb	简单鹤		0		0	0	0	0
风流名士	flmu	简单鹤		0		0	0	0	0
服了你了	flnl	简单鹤		0		0	0	0	0
防狼喷剂	flpj	简单鹤		0		0	0	0	0
防狼喷雾	flpw	简单鹤		0		0	0	0	0
法律培训	flpx	简单鹤		0		0	0	0	0
风流千古	flqg	简单鹤		1		0	0	0	0
奋力抢救	flqj	简单鹤		0		0	0	0	0
法律权威	flqw	简单鹤		0		0	0	0	0
峰峦如聚	flrj	简单鹤		0		0	0	0	0
风流儒雅	flry	简单鹤		1		0	0	0	0
法律诉讼	flss	简单鹤		0		0	0	0	0
分类讨论	fltl	简单鹤		0		0	0	0	0
法律条例	fltl	简单鹤		0		0	0	0	0
犯了天条	fltt	简单鹤		0		0	0	0	0
法律条文	fltw	简单鹤		0		0	0	0	0
法律手段	flud	简单鹤		0		0	0	0	0
福禄双全	fluq	简单鹤		1		0	0	0	0
放量上涨	fluv	简单鹤		0		0	0	0	0
风流水转	fluv	简单鹤		0		0	0	0	0
福禄寿喜	flux	简单鹤	199	0		0	0	0	0
福禄寿禧	flux	简单鹤		0		0	0	0	0
福利事业	fluy	简单鹤		0		0	0	0	0
涪陵榨菜	flvc	简单鹤		0		0	0	0	0
法律制度	flvd	简单鹤		0		0	0	0	0
奋力追赶	flvg	简单鹤		0		0	0	0	0
犯了众怒	flvn	简单鹤		0		0	0	0	0
法律文件	flwj	简单鹤		0		0	0	0	0
翻脸无情	flwq	简单鹤		0		0	0	0	0
法律文书	flwu	简单鹤		0		0	0	0	0
分类网站	flwv	简单鹤		0		0	0	0	0
放量下跌	flxd	简单鹤		0		0	0	0	0
奋力向前	flxq	简单鹤		0		0	0	0	0
奋力一搏	flyb	简单鹤		0		0	0	0	0
翻了一倍	flyb	简单鹤		0		0	0	0	0
发了一个	flyg	简单鹤		0		0	0	0	0
法律依据	flyj	简单鹤		0		0	0	0	0
法律援助	flyv	简单鹤		0		0	0	0	0
风灵月影	flyy	简单鹤		0		0	0	0	0
放明白点	fmbd	简单鹤		0		0	0	0	0
负面报道	fmbd	简单鹤		0		0	0	0	0
锋芒逼人	fmbr	简单鹤		1		0	0	0	0
佛门弟子	fmdz	简单鹤		0		0	0	0	0
放马过来	fmgl	简单鹤		0		0	0	0	0
飞沫传播	fmib	简单鹤		0		0	0	0	0
放慢脚步	fmjb	简单鹤		0		0	0	0	0
佛门净地	fmjd	简单鹤		0		0	0	0	0
放慢进度	fmjd	简单鹤		0		0	0	0	0
封茗囧菌	fmjj	简单鹤		0		0	0	0	0
佛门戒律	fmjl	简单鹤		0		0	0	0	0
佛门净土	fmjt	简单鹤		0		0	0	0	0
负面评价	fmpj	简单鹤		0		0	0	0	0
负面评论	fmpl	简单鹤		0		0	0	0	0
夫目前犯	fmqf	简单鹤		0		0	0	0	0
风貌全国	fmqg	简单鹤		0		0	0	0	0
风靡全国	fmqg	简单鹤		0		0	0	0	0
肥马轻裘	fmqq	简单鹤		1		0	0	0	0
风靡全球	fmqq	简单鹤		0		0	0	0	0
负面情绪	fmqx	简单鹤		0		0	0	0	0
父母双亡	fmuw	简单鹤		0		0	0	0	0
父母之恩	fmve	简单鹤		0		0	0	0	0
父母之命	fmvm	简单鹤		0		0	0	0	0
反面无情	fmwq	简单鹤		1		0	0	0	0
父母兄弟	fmxd	简单鹤		0		0	0	0	0
伐毛洗髓	fmxs	简单鹤		1		0	0	0	0
奉命行事	fmxu	简单鹤		0		0	0	0	0
负面新闻	fmxw	简单鹤		0		0	0	0	0
负面因素	fmys	简单鹤		0		0	0	0	0
负面影响	fmyx	简单鹤		0		0	0	0	0
蜂蜜柚子	fmyz	简单鹤		0		0	0	0	0
负面作用	fmzy	简单鹤		0		0	0	0	0
非你不可	fnbk	简单鹤		0		0	0	0	0
妇女代表	fndb	简单鹤		0		0	0	0	0
妇女大会	fndh	简单鹤		0		0	0	0	0
妇女地位	fndw	简单鹤		0		0	0	0	0
份内份外	fnfw	简单鹤		0		0	0	0	0
肥醲甘脆	fngc	简单鹤		0		0	0	0	0
父女关系	fngx	简单鹤		0		0	0	0	0
飞鸟和蝉	fnhi	简单鹤		0		0	0	0	0
佛怒火莲	fnhl	简单鹤		0		0	0	0	0
妇女健康	fnjk	简单鹤		0		0	0	0	0
父女两人	fnlr	简单鹤		0		0	0	0	0
非你莫属	fnmu	简单鹤		0		0	0	0	0
妇女权利	fnql	简单鹤		0		0	0	0	0
父女情深	fnqu	简单鹤		0		0	0	0	0
妇女权益	fnqy	简单鹤		0		0	0	0	0
佛怒唐莲	fntl	简单鹤		0		0	0	0	0
妇女团体	fntt	简单鹤		0		0	0	0	0
份内之事	fnvu	简单鹤		0		0	0	0	0
妇女之友	fnvy	简单鹤		0		0	0	0	0
妇女卫生	fnwu	简单鹤		0		0	0	0	0
放你一马	fnym	简单鹤		0		0	0	0	0
妇女组织	fnzv	简单鹤		0		0	0	0	0
非欧几何	fojh	简单鹤		0		0	0	0	0
风评被害	fpbh	简单鹤		0		0	0	0	0
分配方案	fpfa	简单鹤		0		0	0	0	0
分配方式	fpfu	简单鹤		0		0	0	0	0
风评反转	fpfv	简单鹤		0		0	0	0	0
分配公平	fpgp	简单鹤		0		0	0	0	0
扶贫开发	fpkf	简单鹤		0		0	0	0	0
分配利润	fplr	简单鹤		0		0	0	0	0
疯批美人	fpmr	简单鹤		0		0	0	0	0
分配情况	fpqk	简单鹤		0		0	0	0	0
分配任务	fprw	简单鹤		0		0	0	0	0
反派人物	fprw	简单鹤		0		0	0	0	0
分配土地	fptd	简单鹤		0		0	0	0	0
分配体制	fptv	简单鹤		0		0	0	0	0
幅频特性	fptx	简单鹤		0		0	0	0	0
抚平伤口	fpuk	简单鹤		0		0	0	0	0
分配政策	fpvc	简单鹤		0		0	0	0	0
分配完毕	fpwb	简单鹤		0		0	0	0	0
幅频响应	fpxy	简单鹤		0		0	0	0	0
分配原则	fpyz	简单鹤		0		0	0	0	0
分歧不大	fqbd	简单鹤		0		0	0	0	0
饭前便后	fqbh	简单鹤		0		0	0	0	0
非去不可	fqbk	简单鹤		0		0	0	0	0
肺气不宣	fqbx	简单鹤		0		0	0	0	0
风前残烛	fqcv	简单鹤		1		0	0	0	0
放弃抵抗	fqdk	简单鹤		0		0	0	0	0
分清敌友	fqdy	简单鹤		0		0	0	0	0
夫妻恩爱	fqea	简单鹤		0		0	0	0	0
富强发达	fqfd	简单鹤		0		0	0	0	0
奋起反抗	fqfk	简单鹤		0		0	0	0	0
夫妻肺片	fqfp	简单鹤		0		0	0	0	0
夫妻感情	fqgq	简单鹤		0		0	0	0	0
夫妻关系	fqgx	简单鹤		0		0	0	0	0
发起话题	fqht	简单鹤		0		0	0	0	0
番茄炒蛋	fqid	简单鹤		0		0	0	0	0
风起潮涌	fqiy	简单鹤		0		0	0	0	0
负气出走	fqiz	简单鹤		0		0	0	0	0
发起进攻	fqjg	简单鹤		0		0	0	0	0
分期开发	fqkf	简单鹤		0		0	0	0	0
飞起来了	fqll	简单鹤		0		0	0	0	0
番茄连招	fqlv	简单鹤		0		0	0	0	0
父亲母亲	fqmq	简单鹤		0		0	0	0	0
富强民主	fqmv	简单鹤		0		0	0	0	0
分期免息	fqmx	简单鹤		0		0	0	0	0
扶清灭洋	fqmy	简单鹤		0		0	0	0	0
放轻松点	fqsd	简单鹤		0		0	0	0	0
番茄土豆	fqtd	简单鹤		0		0	0	0	0
非全贴合	fqth	简单鹤		0		0	0	0	0
发起投票	fqtp	简单鹤		0		0	0	0	0
发起偷袭	fqtx	简单鹤		0		0	0	0	0
夫妻双方	fquf	简单鹤		0		0	0	0	0
风情少妇	fquf	简单鹤		0		0	0	0	0
夫妻生活	fquh	简单鹤		0		0	0	0	0
肺气上逆	fqun	简单鹤		0		0	0	0	0
夫妻双双	fquu	简单鹤		0		0	0	0	0
夫妻之间	fqvj	简单鹤		0		0	0	0	0
放弃治疗	fqvl	简单鹤		0		0	0	0	0
房前屋后	fqwh	简单鹤		0		0	0	0	0
饭圈文化	fqwh	简单鹤		0		0	0	0	0
非请勿进	fqwj	简单鹤		0		0	0	0	0
非请勿入	fqwr	简单鹤		0		0	0	0	0
番茄小说	fqxu	简单鹤		0		0	0	0	0
饭前洗手	fqxu	简单鹤		0		0	0	0	0
发群消息	fqxx	简单鹤		0		0	0	0	0
枫桥夜泊	fqyb	简单鹤		0		0	0	0	0
风清云淡	fqyd	简单鹤		0		0	0	0	0
夫妻一场	fqyi	简单鹤		0		0	0	0	0
飞起一脚	fqyj	简单鹤		0		0	0	0	0
分区压力	fqyl	简单鹤		0		0	0	0	0
风趣幽默	fqym	简单鹤		0		0	0	0	0
放弃一切	fqyq	简单鹤		0		0	0	0	0
飞墙走壁	fqzb	简单鹤		0		0	0	0	0
负起责任	fqzr	简单鹤		0		0	0	0	0
法人变更	frbg	简单鹤		0		0	0	0	0
逢人便说	frbu	简单鹤		0		0	0	0	0
肥肉大酒	frdj	简单鹤		0		0	0	0	0
法人地位	frdw	简单鹤		0		0	0	0	0
繁荣发展	frfv	简单鹤		0		0	0	0	0
附儒风雅	frfy	简单鹤		0		0	0	0	0
肥肉厚酒	frhj	简单鹤		0		0	0	0	0
繁荣经济	frjj	简单鹤		0		0	0	0	0
富人家庭	frjt	简单鹤		0		0	0	0	0
逢人就说	frju	简单鹤		0		0	0	0	0
放入口中	frkv	简单鹤		0		0	0	0	0
反人类罪	frlz	简单鹤		0		0	0	0	0
否认三连	frsl	简单鹤		0		0	0	0	0
法人身份	fruf	简单鹤		0		0	0	0	0
否认事实	fruu	简单鹤		0		0	0	0	0
凡人之躯	frvq	简单鹤		0		0	0	0	0
繁荣文化	frwh	简单鹤		0		0	0	0	0
芙蓉王源	frwy	简单鹤		0		0	0	0	0
妇人心肠	frxi	简单鹤		0		0	0	0	0
凡人修真	frxv	简单鹤		0		0	0	0	0
凡人修仙	frxx	简单鹤		0		0	0	0	0
否认一切	fryq	简单鹤		0		0	0	0	0
弗如远甚	fryu	简单鹤		0		0	0	0	0
富人游戏	fryx	简单鹤		0		0	0	0	0
方枘圆凿	fryz	简单鹤		1		0	0	0	0
凡人遭殃	frzy	简单鹤		0		0	0	0	0
放任自由	frzy	简单鹤		0		0	0	0	0
奋死抵抗	fsdk	简单鹤		0		0	0	0	0
分散对齐	fsdq	简单鹤		0		0	0	0	0
发送短信	fsdx	简单鹤		0		0	0	0	0
放松放松	fsfs	简单鹤		0		0	0	0	0
飞速发展	fsfv	简单鹤		0		0	0	0	0
分散风险	fsfx	简单鹤		0		0	0	0	0
粉丝互动	fshd	简单鹤		0		0	0	0	0
粉丝画像	fshx	简单鹤		0		0	0	0	0
非死即伤	fsju	简单鹤		0		0	0	0	0
粉丝列表	fslb	简单鹤		0		0	0	0	0
粉丝滤镜	fslj	简单鹤		0		0	0	0	0
粉丝粘度	fsnd	简单鹤		0		0	0	0	0
粉丝黏性	fsnx	简单鹤		0		0	0	0	0
烦死人了	fsrl	简单鹤		0		0	0	0	0
发散思维	fssw	简单鹤		0		0	0	0	0
发送失败	fsub	简单鹤		0		0	0	0	0
放松身心	fsux	简单鹤		0		0	0	0	0
肤色正确	fsvq	简单鹤		0		0	0	0	0
烦死我了	fswl	简单鹤		0		0	0	0	0
方遂吾愿	fswy	简单鹤		0		0	0	0	0
飞速行驶	fsxu	简单鹤		0		0	0	0	0
封锁消息	fsxx	简单鹤		0		0	0	0	0
父死子继	fszj	简单鹤		0		0	0	0	0
坟头蹦迪	ftbd	简单鹤		0		0	0	0	0
非他不嫁	ftbj	简单鹤		0		0	0	0	0
非他不可	ftbk	简单鹤		0		0	0	0	0
非她不娶	ftbq	简单鹤		0		0	0	0	0
粪土不如	ftbr	简单鹤		1		0	0	0	0
飞天大草	ftdc	简单鹤		0		0	0	0	0
飞天遁地	ftdd	简单鹤		0		0	0	0	0
分田到户	ftdh	简单鹤		0		0	0	0	0
非同等闲	ftdx	简单鹤		0		0	0	0	0
腹痛腹胀	ftfv	简单鹤		0		0	0	0	0
非通归字	ftgz	简单鹤		0		0	0	0	0
分体键盘	ftjp	简单鹤		0		0	0	0	0
飞天茅台	ftmt	简单鹤		0		0	0	0	0
非他莫属	ftmu	简单鹤		0		0	0	0	0
非她莫属	ftmu	简单鹤		0		0	0	0	0
扶她奶茶	ftni	简单鹤		0		0	0	0	0
沸腾期待	ftqd	简单鹤		0		0	0	0	0
法庭认定	ftrd	简单鹤		0		0	0	0	0
飞天入地	ftrd	简单鹤		0		0	0	0	0
凡胎肉眼	ftry	简单鹤		1		0	0	0	0
法庭调查	ftti	简单鹤		0		0	0	0	0
法庭调解	fttj	简单鹤		0		0	0	0	0
发帖时间	ftuj	简单鹤		0		0	0	0	0
法庭上见	ftuj	简单鹤		0		0	0	0	0
焚天煮海	ftvh	简单鹤		0		0	0	0	0
风头正盛	ftvu	简单鹤		0		0	0	0	0
繁体中文	ftvw	简单鹤		0		0	0	0	0
肥田沃地	ftwd	简单鹤		0		0	0	0	0
分头行动	ftxd	简单鹤		0		0	0	0	0
法天象地	ftxd	简单鹤		0		0	0	0	0
放他一马	ftym	简单鹤		0		0	0	0	0
非同以往	ftyw	简单鹤		0		0	0	0	0
伏尸遍野	fuby	简单鹤		0		0	0	0	0
防水材料	fucl	简单鹤		0		0	0	0	0
发生错误	fucw	简单鹤		0		0	0	0	0
放声大喊	fudh	简单鹤		0		0	0	0	0
放声大哭	fudk	简单鹤		0		0	0	0	0
反射定律	fudl	简单鹤		0		0	0	0	0
放声大笑	fudx	简单鹤		0		0	0	0	0
负手而立	fuel	简单鹤		0		0	0	0	0
飞逝而去	fueq	简单鹤		0		0	0	0	0
缚手缚脚	fufj	简单鹤		0		0	0	0	0
费时费力	fufl	简单鹤		0		0	0	0	0
风水泛滥	fufl	简单鹤		0		0	0	0	0
发生改变	fugb	简单鹤		0		0	0	0	0
放声高歌	fugg	简单鹤		0		0	0	0	0
放声歌唱	fugi	简单鹤		0		0	0	0	0
发烧感冒	fugm	简单鹤		0		0	0	0	0
发生关系	fugx	简单鹤		0		0	0	0	0
腹式呼吸	fuhx	简单鹤		0		0	0	0	0
发生冲突	fuit	简单鹤		0		0	0	0	0
法术穿透	fuit	简单鹤		0		0	0	0	0
防水卷材	fujc	简单鹤		0		0	0	0	0
复式结构	fujg	简单鹤		0		0	0	0	0
焚烧秸秆	fujg	简单鹤		0		0	0	0	0
逢十进一	fujy	简单鹤		0		0	0	0	0
反手可得	fukd	简单鹤		1		0	0	0	0
发生口角	fukj	简单鹤		0		0	0	0	0
分手快乐	fukl	简单鹤		0		0	0	0	0
法式面包	fumb	简单鹤		0		0	0	0	0
发生矛盾	fumd	简单鹤		0		0	0	0	0
复试名单	fumd	简单鹤		0		0	0	0	0
废什么话	fumh	简单鹤		0		0	0	0	0
放射免疫	fumy	简单鹤		0		0	0	0	0
凡是那些	funx	简单鹤		0		0	0	0	0
福寿齐天	fuqt	简单鹤		1		0	0	0	0
丰神如玉	fury	简单鹤		0		0	0	0	0
附属三院	fusy	简单鹤		0		0	0	0	0
浮上水面	fuum	简单鹤		0		0	0	0	0
飞身上马	fuum	简单鹤		0		0	0	0	0
风声水起	fuuq	简单鹤		0		0	0	0	0
飞上枝头	fuvt	简单鹤		0		0	0	0	0
封神之战	fuvv	简单鹤		0		0	0	0	0
淝水之战	fuvv	简单鹤		0		0	0	0	0
凡是这些	fuvx	简单鹤		0		0	0	0	0
附属中学	fuvx	简单鹤		0		0	0	0	0
防身武器	fuwq	简单鹤		0		0	0	0	0
发生问题	fuwt	简单鹤		0		0	0	0	0
发射卫星	fuwx	简单鹤		0		0	0	0	0
发生危险	fuwx	简单鹤		0		0	0	0	0
翻身下马	fuxm	简单鹤		0		0	0	0	0
浮上心头	fuxt	简单鹤		0		0	0	0	0
俯拾仰取	fuyq	简单鹤		1		0	0	0	0
发生意外	fuyw	简单鹤		0		0	0	0	0
肺肾阴虚	fuyx	简单鹤		0		0	0	0	0
分数最高	fuzg	简单鹤		0		0	0	0	0
翻身做主	fuzv	简单鹤		0		0	0	0	0
发生作用	fuzy	简单鹤		0		0	0	0	0
腹中兵甲	fvbj	简单鹤		1		0	0	0	0
肺朝百脉	fvbm	简单鹤		0		0	0	0	0
反正不是	fvbu	简单鹤		0		0	0	0	0
繁征博引	fvby	简单鹤		1		0	0	0	0
防治措施	fvcu	简单鹤		0		0	0	0	0
发展党员	fvdy	简单鹤		0		0	0	0	0
发展而来	fvel	简单鹤		0		0	0	0	0
发之肺腑	fvff	简单鹤		0		0	0	0	0
方正飞腾	fvft	简单鹤		0		0	0	0	0
发展方式	fvfu	简单鹤		0		0	0	0	0
方正飞翔	fvfx	简单鹤		0		0	0	0	0
法制轨道	fvgd	简单鹤		0		0	0	0	0
纺织工程	fvgi	简单鹤		0		0	0	0	0
非洲国家	fvgj	简单鹤		0		0	0	0	0
法治观念	fvgn	简单鹤		0		0	0	0	0
防止感染	fvgr	简单鹤		0		0	0	0	0
服装公司	fvgs	简单鹤		0		0	0	0	0
发展缓慢	fvhm	简单鹤		0		0	0	0	0
发展进步	fvjb	简单鹤		0		0	0	0	0
防治疾病	fvjb	简单鹤		0		0	0	0	0
风中劲草	fvjc	简单鹤		0		0	0	0	0
辅助解封	fvjf	简单鹤		0		0	0	0	0
分支机构	fvjg	简单鹤		0		0	0	0	0
发展机会	fvjh	简单鹤		0		0	0	0	0
发展计划	fvjh	简单鹤		0		0	0	0	0
辅助检查	fvji	简单鹤		0		0	0	0	0
发展较快	fvjk	简单鹤		0		0	0	0	0
非洲进口	fvjk	简单鹤		0		0	0	0	0
仿真技术	fvju	简单鹤		0		0	0	0	0
发展空间	fvkj	简单鹤		0		0	0	0	0
防止浪费	fvlf	简单鹤		0		0	0	0	0
泛着泪光	fvlg	简单鹤		0		0	0	0	0
发展历程	fvli	简单鹤		0		0	0	0	0
复制链接	fvlj	简单鹤		0		0	0	0	0
风中凌乱	fvll	简单鹤		0		0	0	0	0
发展理念	fvln	简单鹤		0		0	0	0	0
饭桌礼仪	fvly	简单鹤		0		0	0	0	0
发展模式	fvmu	简单鹤		0		0	0	0	0
法制频道	fvpd	简单鹤		0		0	0	0	0
服装批发	fvpf	简单鹤		0		0	0	0	0
防止破坏	fvph	简单鹤		0		0	0	0	0
肺主皮毛	fvpm	简单鹤		0		0	0	0	0
服装品牌	fvpp	简单鹤		0		0	0	0	0
发展潜力	fvql	简单鹤		0		0	0	0	0
发展起来	fvql	简单鹤		0		0	0	0	0
反治其身	fvqu	简单鹤		1		0	0	0	0
负重前行	fvqx	简单鹤		0		0	0	0	0
法治思维	fvsw	简单鹤		0		0	0	0	0
发展思想	fvsx	简单鹤		0		0	0	0	0
仿制图章	fvtv	简单鹤		0		0	0	0	0
方正书版	fvub	简单鹤		0		0	0	0	0
辅助设备	fvub	简单鹤		0		0	0	0	0
辅助手段	fvud	简单鹤		0		0	0	0	0
法治社会	fvuh	简单鹤		0		0	0	0	0
辅助设计	fvuj	简单鹤		0		0	0	0	0
发展水平	fvup	简单鹤		0		0	0	0	0
发展时期	fvuq	简单鹤		0		0	0	0	0
发展势头	fvut	简单鹤		0		0	0	0	0
发展壮大	fvvd	简单鹤		0		0	0	0	0
风烛之年	fvvn	简单鹤		1		0	0	0	0
复制粘贴	fvvt	简单鹤		0		0	0	0	0
付诸行动	fvxd	简单鹤		0		0	0	0	0
繁枝细节	fvxj	简单鹤		1		0	0	0	0
负重训练	fvxl	简单鹤		0		0	0	0	0
发展迅猛	fvxm	简单鹤		0		0	0	0	0
服装鞋帽	fvxm	简单鹤		0		0	0	0	0
发展下去	fvxq	简单鹤		0		0	0	0	0
发展下线	fvxx	简单鹤		0		0	0	0	0
附赘悬疣	fvxy	简单鹤		1		0	0	0	0
附赘悬肬	fvxy	简单鹤		0		0	0	0	0
发展要求	fvyq	简单鹤		0		0	0	0	0
纺织印染	fvyr	简单鹤		0		0	0	0	0
反正也是	fvyu	简单鹤		0		0	0	0	0
辅助验证	fvyv	简单鹤		0		0	0	0	0
反之也行	fvyx	简单鹤		0		0	0	0	0
釜中游鱼	fvyy	简单鹤		1		0	0	0	0
分文不收	fwbu	简单鹤		0		0	0	0	0
防伪标识	fwbu	简单鹤		0		0	0	0	0
防伪标志	fwbv	简单鹤		0		0	0	0	0
服务电话	fwdh	简单鹤		0		0	0	0	0
服务到位	fwdw	简单鹤		0		0	0	0	0
废物点心	fwdx	简单鹤		0		0	0	0	0
服务对象	fwdx	简单鹤		0		0	0	0	0
房屋抵押	fwdy	简单鹤		0		0	0	0	0
服务方案	fwfa	简单鹤		0		0	0	0	0
符文法师	fwfu	简单鹤		0		0	0	0	0
服务费用	fwfy	简单鹤		0		0	0	0	0
防卫过当	fwgd	简单鹤		0		0	0	0	0
房屋公摊	fwgt	简单鹤		0		0	0	0	0
房屋合同	fwht	简单鹤		0		0	0	0	0
服务窗口	fwik	简单鹤		0		0	0	0	0
服务承诺	fwin	简单鹤		0		0	0	0	0
服务产品	fwip	简单鹤		0		0	0	0	0
放我出去	fwiq	简单鹤		0		0	0	0	0
服务产业	fwiy	简单鹤		0		0	0	0	0
服务经理	fwjl	简单鹤		0		0	0	0	0
访问记录	fwjl	简单鹤		0		0	0	0	0
凤舞九天	fwjt	简单鹤		0		0	0	0	0
房屋建筑	fwjv	简单鹤		0		0	0	0	0
范围扩大	fwkd	简单鹤		0		0	0	0	0
法外狂徒	fwkt	简单鹤		0		0	0	0	0
服务列表	fwlb	简单鹤		0		0	0	0	0
分为两派	fwlp	简单鹤		0		0	0	0	0
分为两种	fwlv	简单鹤		0		0	0	0	0
服务类型	fwlx	简单鹤		0		0	0	0	0
废物利用	fwly	简单鹤		0		0	0	0	0
非我莫属	fwmu	简单鹤		0		0	0	0	0
服务贸易	fwmy	简单鹤		0		0	0	0	0
范围内的	fwnd	简单鹤		0		0	0	0	0
服务能力	fwnl	简单鹤		0		0	0	0	0
服务内容	fwnr	简单鹤		0		0	0	0	0
绯闻女友	fwny	简单鹤		0		0	0	0	0
绯闻男友	fwny	简单鹤		0		0	0	0	0
访问期间	fwqj	简单鹤		0		0	0	0	0
扶我起来	fwql	简单鹤		0		0	0	0	0
服务区内	fwqn	简单鹤		0		0	0	0	0
访问人次	fwrc	简单鹤		0		0	0	0	0
访问人数	fwru	简单鹤		0		0	0	0	0
防伪认证	fwrv	简单鹤		0		0	0	0	0
服务人员	fwry	简单鹤		0		0	0	0	0
访问调查	fwti	简单鹤		0		0	0	0	0
服务投诉	fwts	简单鹤		0		0	0	0	0
服务体系	fwtx	简单鹤		0		0	0	0	0
奉为上宾	fwub	简单鹤		0		0	0	0	0
访问深度	fwud	简单鹤		0		0	0	0	0
房屋设计	fwuj	简单鹤		0		0	0	0	0
服务时间	fwuj	简单鹤		0		0	0	0	0
蜂窝数据	fwuj	简单鹤		0		0	0	0	0
奉为神明	fwum	简单鹤		0		0	0	0	0
服务上门	fwum	简单鹤		0		0	0	0	0
服务水平	fwup	简单鹤		0		0	0	0	0
服务周到	fwvd	简单鹤		0		0	0	0	0
范围之广	fwvg	简单鹤		0		0	0	0	0
房屋中介	fwvj	简单鹤		0		0	0	0	0
服务状况	fwvk	简单鹤		0		0	0	0	0
范围之内	fwvn	简单鹤		0		0	0	0	0
符文战士	fwvu	简单鹤		0		0	0	0	0
服务需求	fwxq	简单鹤		0		0	0	0	0
服务系统	fwxt	简单鹤		0		0	0	0	0
服务一流	fwyl	简单鹤		0		0	0	0	0
放我嘴里	fwzl	简单鹤		0		0	0	0	0
防卫姿态	fwzt	简单鹤		0		0	0	0	0
风闻奏事	fwzu	简单鹤		0		0	0	0	0
奉献爱心	fxax	简单鹤		0		0	0	0	0
芳心暗许	fxax	简单鹤		0		0	0	0	0
分析报告	fxbg	简单鹤		0		0	0	0	0
分析比较	fxbj	简单鹤		0		0	0	0	0
放心不了	fxbl	简单鹤		0		0	0	0	0
方向不明	fxbm	简单鹤		0		0	0	0	0
放学别跑	fxbp	简单鹤		0		0	0	0	0
负心薄幸	fxbx	简单鹤		0		0	0	0	0
发现不足	fxbz	简单鹤		0		0	0	0	0
放学别走	fxbz	简单鹤		0		0	0	0	0
发现错误	fxcw	简单鹤		0		0	0	0	0
反向操作	fxcz	简单鹤		0		0	0	0	0
犯下大错	fxdc	简单鹤		0		0	0	0	0
放心大胆	fxdd	简单鹤		0		0	0	0	0
放下电话	fxdh	简单鹤		0		0	0	0	0
发现端倪	fxdn	简单鹤		0		0	0	0	0
夫西地酸	fxds	简单鹤		0		0	0	0	0
分享动态	fxdt	简单鹤		0		0	0	0	0
反向大招	fxdv	简单鹤		0		0	0	0	0
风险抵押	fxdy	简单鹤		0		0	0	0	0
放下担子	fxdz	简单鹤		0		0	0	0	0
风险防范	fxff	简单鹤		0		0	0	0	0
费心费力	fxfl	简单鹤		0		0	0	0	0
分享发文	fxfw	简单鹤		0		0	0	0	0
复习复习	fxfx	简单鹤		0		0	0	0	0
复习功课	fxgk	简单鹤		0		0	0	0	0
风险管理	fxgl	简单鹤		0		0	0	0	0
风险很大	fxhd	简单鹤		0		0	0	0	0
芳香化湿	fxhu	简单鹤		0		0	0	0	0
芳香化浊	fxhv	简单鹤		0		0	0	0	0
分析化学	fxhx	简单鹤		0		0	0	0	0
分享经验	fxjy	简单鹤		0		0	0	0	0
防汛抗旱	fxkh	简单鹤		0		0	0	0	0
复习考试	fxku	简单鹤		0		0	0	0	0
风险控制	fxkv	简单鹤		0		0	0	0	0
焚香礼拜	fxlb	简单鹤		1		0	0	0	0
分享链接	fxlj	简单鹤		0		0	0	0	0
反向链接	fxlj	简单鹤		0		0	0	0	0
反响抹零	fxml	简单鹤		0		0	0	0	0
繁星满天	fxmt	简单鹤		0		0	0	0	0
发现没有	fxmy	简单鹤		0		0	0	0	0
焚香沐浴	fxmy	简单鹤		0		0	0	0	0
分析能力	fxnl	简单鹤		0		0	0	0	0
芳香浓郁	fxny	简单鹤		0		0	0	0	0
芳香扑鼻	fxpb	简单鹤		0		0	0	0	0
分析判断	fxpd	简单鹤		0		0	0	0	0
风险评估	fxpg	简单鹤		0		0	0	0	0
发现情况	fxqk	简单鹤		0		0	0	0	0
反响强烈	fxql	简单鹤		0		0	0	0	0
复习全书	fxqu	简单鹤		0		0	0	0	0
防汛抢险	fxqx	简单鹤		0		0	0	0	0
分析软件	fxrj	简单鹤		0		0	0	0	0
发行日期	fxrq	简单鹤		0		0	0	0	0
飞行任务	fxrw	简单鹤		0		0	0	0	0
分析人员	fxry	简单鹤		0		0	0	0	0
赴险如夷	fxry	简单鹤		1		0	0	0	0
法修散打	fxsd	简单鹤		0		0	0	0	0
飞行速度	fxsd	简单鹤		0		0	0	0	0
繁星似锦	fxsj	简单鹤		0		0	0	0	0
反向搜图	fxst	简单鹤		0		0	0	0	0
法相天地	fxtd	简单鹤		0		0	0	0	0
风险太大	fxtd	简单鹤		0		0	0	0	0
反向套路	fxtl	简单鹤		0		0	0	0	0
分析天平	fxtp	简单鹤		0		0	0	0	0
风行天下	fxtx	简单鹤		0		0	0	0	0
俯下身去	fxuq	简单鹤		0		0	0	0	0
繁星闪烁	fxuu	简单鹤		0		0	0	0	0
放心使用	fxuy	简单鹤		0		0	0	0	0
放心食用	fxuy	简单鹤		0		0	0	0	0
伏下身子	fxuz	简单鹤		0		0	0	0	0
俯下身子	fxuz	简单鹤		0		0	0	0	0
分享知识	fxvu	简单鹤		0		0	0	0	0
分析问题	fxwt	简单鹤		0		0	0	0	0
发现问题	fxwt	简单鹤		0		0	0	0	0
负心违愿	fxwy	简单鹤		1		0	0	0	0
方向相反	fxxf	简单鹤		0		0	0	0	0
反向宣传	fxxi	简单鹤		0		0	0	0	0
放下心来	fxxl	简单鹤		0		0	0	0	0
飞行性能	fxxn	简单鹤		0		0	0	0	0
分析系统	fxxt	简单鹤		0		0	0	0	0
风险系数	fxxu	简单鹤		0		0	0	0	0
发现行踪	fxxz	简单鹤		0		0	0	0	0
飞向远方	fxyf	简单鹤		0		0	0	0	0
反向优化	fxyh	简单鹤		0		0	0	0	0
放学以后	fxyh	简单鹤		0		0	0	0	0
分析研究	fxyj	简单鹤		0		0	0	0	0
风险意识	fxyu	简单鹤		0		0	0	0	0
分析原因	fxyy	简单鹤		0		0	0	0	0
放心早餐	fxzc	简单鹤		0		0	0	0	0
风险自担	fxzd	简单鹤		0		0	0	0	0
赋闲在家	fxzj	简单鹤		0		0	0	0	0
复习资料	fxzl	简单鹤		0		0	0	0	0
分形杂色	fxzs	简单鹤		0		0	0	0	0
抚心自问	fxzw	简单鹤		1		0	0	0	0
富有爱心	fyax	简单鹤		0		0	0	0	0
分一杯羹	fybg	简单鹤		0		0	0	0	0
非要不可	fybk	简单鹤		0		0	0	0	0
发育不良	fybl	简单鹤		0		0	0	0	0
风雨变迁	fybq	简单鹤		0		0	0	0	0
法院裁定	fycd	简单鹤		0		0	0	0	0
风雨沧桑	fycs	简单鹤		0		0	0	0	0
风言醋语	fycy	简单鹤		1		0	0	0	0
斧钺刀叉	fydi	简单鹤		0		0	0	0	0
发扬蹈厉	fydl	简单鹤		1		0	0	0	0
风雨大作	fydz	简单鹤		0		0	0	0	0
服药方法	fyff	简单鹤		0		0	0	0	0
幅员广大	fygd	简单鹤		0		0	0	0	0
斧钺钩叉	fygi	简单鹤		0		0	0	0	0
反应过来	fygl	简单鹤		0		0	0	0	0
放言高论	fygl	简单鹤		1		0	0	0	0
反应过敏	fygm	简单鹤		0		0	0	0	0
防御功能	fygn	简单鹤		0		0	0	0	0
富有感情	fygq	简单鹤		0		0	0	0	0
鲱鱼罐头	fygt	简单鹤		0		0	0	0	0
反应很大	fyhd	简单鹤		0		0	0	0	0
反引号键	fyhj	简单鹤		0		0	0	0	0
富于幻想	fyhx	简单鹤		0		0	0	0	0
反应迟钝	fyid	简单鹤		0		0	0	0	0
富有成果	fyig	简单鹤		0		0	0	0	0
发育迟缓	fyih	简单鹤		0		0	0	0	0
反映出来	fyil	简单鹤		0		0	0	0	0
抚养成人	fyir	简单鹤		0		0	0	0	0
法医鉴定	fyjd	简单鹤		0		0	0	0	0
费用金额	fyje	简单鹤		0		0	0	0	0
分忧解愁	fyji	简单鹤		0		0	0	0	0
封印解除	fyji	简单鹤		0		0	0	0	0
反应激烈	fyjl	简单鹤		0		0	0	0	0
分忧解难	fyjn	简单鹤		0		0	0	0	0
封印卷轴	fyjv	简单鹤		0		0	0	0	0
防御机制	fyjv	简单鹤		0		0	0	0	0
富有经验	fyjy	简单鹤		0		0	0	0	0
费用扣除	fyki	简单鹤		0		0	0	0	0
放眼看去	fykq	简单鹤		0		0	0	0	0
风雨雷电	fyld	简单鹤		0		0	0	0	0
反应良好	fylh	简单鹤		0		0	0	0	0
反应灵敏	fylm	简单鹤		0		0	0	0	0
奉养老人	fylr	简单鹤		0		0	0	0	0
发扬民主	fymv	简单鹤		0		0	0	0	0
费用明细	fymx	简单鹤		0		0	0	0	0
富有内涵	fynh	简单鹤		0		0	0	0	0
反应能力	fynl	简单鹤		0		0	0	0	0
奋勇拼搏	fypb	简单鹤		0		0	0	0	0
奋勇前进	fyqj	简单鹤		0		0	0	0	0
反映情况	fyqk	简单鹤		0		0	0	0	0
反应强烈	fyql	简单鹤		0		0	0	0	0
反映强烈	fyql	简单鹤		0		0	0	0	0
翻译软件	fyrj	简单鹤		0		0	0	0	0
反应速度	fysd	简单鹤		0		0	0	0	0
飞也似的	fysd	简单鹤		0		0	0	0	0
飞耀速录	fysl	简单鹤		0		0	0	0	0
烽烟四起	fysq	简单鹤		0		0	0	0	0
风雨突变	fytb	简单鹤		0		0	0	0	0
法眼通天	fytt	简单鹤		0		0	0	0	0
奋勇杀敌	fyud	简单鹤		0		0	0	0	0
方圆十里	fyul	简单鹤		0		0	0	0	0
繁衍生息	fyux	简单鹤		0		0	0	0	0
俯仰生姿	fyuz	简单鹤		0		0	0	0	0
扶摇万里	fywl	简单鹤		1		0	0	0	0
放眼未来	fywl	简单鹤		0		0	0	0	0
敷衍我们	fywm	简单鹤		0		0	0	0	0
放眼望去	fywq	简单鹤		0		0	0	0	0
反以为荣	fywr	简单鹤		0		0	0	0	0
反映问题	fywt	简单鹤		0		0	0	0	0
妇幼卫生	fywu	简单鹤		0		0	0	0	0
浮语虚辞	fyxc	简单鹤		1		0	0	0	0
飞扬小鹤	fyxh	简单鹤		0		0	0	0	0
分引选重	fyxi	简单鹤		0		0	0	0	0
奋勇向前	fyxq	简单鹤		0		0	0	0	0
防御系统	fyxt	简单鹤		0		0	0	0	0
反咬一口	fyyk	简单鹤	309	0		0	0	0	0
俯仰由人	fyyr	简单鹤		1		0	0	0	0
富有营养	fyyy	简单鹤		0		0	0	0	0
飞鹰走狗	fyzg	简单鹤		1		0	0	0	0
服药自尽	fyzj	简单鹤		0		0	0	0	0
费用自理	fyzl	简单鹤		0		0	0	0	0
翻译作品	fyzp	简单鹤		0		0	0	0	0
纷纭杂沓	fyzt	简单鹤		1		0	0	0	0
服药自杀	fyzu	简单鹤		0		0	0	0	0
犯罪案件	fzaj	简单鹤		0		0	0	0	0
非做不可	fzbk	简单鹤		0		0	0	0	0
负责部门	fzbm	简单鹤		0		0	0	0	0
佛祖保佑	fzby	简单鹤		0		0	0	0	0
分赃不匀	fzby	简单鹤		0		0	0	0	0
烦躁不已	fzby	简单鹤		0		0	0	0	0
复杂多变	fzdb	简单鹤		0		0	0	0	0
复杂得多	fzdd	简单鹤		0		0	0	0	0
犯罪动机	fzdj	简单鹤		0		0	0	0	0
放在地上	fzdu	简单鹤		0		0	0	0	0
发自肺腑	fzff	简单鹤		0		0	0	0	0
分子分母	fzfm	简单鹤		0		0	0	0	0
负责管理	fzgl	简单鹤		0		0	0	0	0
父子关系	fzgx	简单鹤		0		0	0	0	0
犯罪成本	fzib	简单鹤		0		0	0	0	0
负载均衡	fzjh	简单鹤		0		0	0	0	0
犯罪记录	fzjl	简单鹤		0		0	0	0	0
犯罪既遂	fzjs	简单鹤		0		0	0	0	0
犯罪集团	fzjt	简单鹤		0		0	0	0	0
分组教学	fzjx	简单鹤		0		0	0	0	0
父子两人	fzlr	简单鹤		0		0	0	0	0
复杂矛盾	fzmd	简单鹤		0		0	0	0	0
放在旁边	fzpb	简单鹤		0		0	0	0	0
夫尊妻贵	fzqg	简单鹤		0		0	0	0	0
犯罪前科	fzqk	简单鹤		0		0	0	0	0
父子情深	fzqu	简单鹤		0		0	0	0	0
负责任的	fzrd	简单鹤		0		0	0	0	0
副总司令	fzsl	简单鹤		0		0	0	0	0
反遭天谴	fztq	简单鹤		0		0	0	0	0
负责同志	fztv	简单鹤		0		0	0	0	0
犯罪数额	fzue	简单鹤		0		0	0	0	0
分组数据	fzuj	简单鹤		0		0	0	0	0
犯罪事实	fzuu	简单鹤		0		0	0	0	0
放在首位	fzuw	简单鹤		0		0	0	0	0
分子质量	fzvl	简单鹤		0		0	0	0	0
发纵指示	fzvu	简单鹤		1		0	0	0	0
犯罪未遂	fzws	简单鹤		0		0	0	0	0
犯罪现场	fzxi	简单鹤		0		0	0	0	0
放在心里	fzxl	简单鹤		0		0	0	0	0
犯罪心理	fzxl	简单鹤		0		0	0	0	0
犯罪嫌疑	fzxy	简单鹤		0		0	0	0	0
放在一块	fzyk	简单鹤		0		0	0	0	0
放在一起	fzyq	简单鹤		0		0	0	0	0
反作用于	fzyy	简单鹤		0		0	0	0	0
个案分析	gafx	简单鹤		0		0	0	0	0
敢爱敢恨	gagh	简单鹤		0		0	0	0	0
公安民警	gamj	简单鹤		0		0	0	0	0
高矮胖瘦	gapu	简单鹤		0		0	0	0	0
各安其业	gaqy	简单鹤		0		0	0	0	0
各安天命	gatm	简单鹤		0		0	0	0	0
公安执法	gavf	简单鹤		0		0	0	0	0
关爱智障	gavv	简单鹤		0		0	0	0	0
公安战线	gavx	简单鹤		0		0	0	0	0
高岸为谷	gawg	简单鹤		0		0	0	0	0
肝癌晚期	gawq	简单鹤		0		0	0	0	0
隔岸相望	gaxw	简单鹤		0		0	0	0	0
关爱有加	gayj	简单鹤		0		0	0	0	0
苟安一隅	gayy	简单鹤		1		0	0	0	0
高傲自大	gazd	简单鹤		1		0	0	0	0
根本不会	gbbh	简单鹤		0		0	0	0	0
根本变化	gbbh	简单鹤		0		0	0	0	0
改变不了	gbbl	简单鹤		0		0	0	0	0
根本不是	gbbu	简单鹤		0		0	0	0	0
丐帮帮主	gbbv	简单鹤		0		0	0	0	0
根本保证	gbbv	简单鹤		0		0	0	0	0
根本保障	gbbv	简单鹤		0		0	0	0	0
根本不用	gbby	简单鹤		0		0	0	0	0
敢不从命	gbcm	简单鹤		0		0	0	0	0
公布答案	gbda	简单鹤		0		0	0	0	0
个别地方	gbdf	简单鹤		0		0	0	0	0
功不抵过	gbdg	简单鹤		0		0	0	0	0
干部大会	gbdh	简单鹤		0		0	0	0	0
过不多久	gbdj	简单鹤		0		0	0	0	0
个百分点	gbfd	简单鹤		0		0	0	0	0
概不负责	gbfz	简单鹤		0		0	0	0	0
搁笔供奉	gbgf	简单鹤		0		0	0	0	0
改不过来	gbgl	简单鹤		0		0	0	0	0
顾不过来	gbgl	简单鹤		0		0	0	0	0
告别过去	gbgq	简单鹤		0		0	0	0	0
告不告诉	gbgs	简单鹤		0		0	0	0	0
拐不过弯	gbgw	简单鹤		0		0	0	0	0
高不高兴	gbgx	简单鹤		0		0	0	0	0
干部工作	gbgz	简单鹤		0		0	0	0	0
赶不回去	gbhq	简单鹤		0		0	0	0	0
该不会是	gbhu	简单鹤		0		0	0	0	0
根本好转	gbhv	简单鹤		0		0	0	0	0
根本就不	gbjb	简单鹤		0		0	0	0	0
宫爆鸡丁	gbjd	简单鹤		0		0	0	0	0
广播讲话	gbjh	简单鹤		0		0	0	0	0
根本解决	gbjj	简单鹤		0		0	0	0	0
根本就是	gbju	简单鹤		0		0	0	0	0
改变看法	gbkf	简单鹤		0		0	0	0	0
干部考核	gbkh	简单鹤		0		0	0	0	0
个把礼拜	gblb	简单鹤		0		0	0	0	0
过不了关	gblg	简单鹤		0		0	0	0	0
过不了审	gblu	简单鹤		0		0	0	0	0
隔壁老王	gblw	简单鹤		0		0	0	0	0
改变路线	gblx	简单鹤		0		0	0	0	0
哥布林语	gbly	简单鹤		0		0	0	0	0
搞不明白	gbmb	简单鹤		0		0	0	0	0
根本目的	gbmd	简单鹤		0		0	0	0	0
改变面貌	gbmm	简单鹤		0		0	0	0	0
根本没戏	gbmx	简单鹤		0		0	0	0	0
改变命运	gbmy	简单鹤		0		0	0	0	0
根本没有	gbmy	简单鹤		0		0	0	0	0
归并排序	gbpx	简单鹤		0		0	0	0	0
根本区别	gbqb	简单鹤		0		0	0	0	0
搞不清楚	gbqi	简单鹤		0		0	0	0	0
告白气球	gbqq	简单鹤		0		0	0	0	0
敢不如命	gbrm	简单鹤		0		0	0	0	0
告别人世	gbru	简单鹤		0		0	0	0	0
改变态度	gbtd	简单鹤		0		0	0	0	0
果宝特攻	gbtg	简单鹤		0		0	0	0	0
根本途径	gbtj	简单鹤		0		0	0	0	0
改变世界	gbuj	简单鹤		0		0	0	0	0
跟不上了	gbul	简单鹤		0		0	0	0	0
高壁深垒	gbul	简单鹤		0		0	0	0	0
干部制度	gbvd	简单鹤		0		0	0	0	0
干部职工	gbvg	简单鹤		0		0	0	0	0
攻彼之长	gbvi	简单鹤		0		0	0	0	0
个把钟头	gbvt	简单鹤		0		0	0	0	0
干部战士	gbvu	简单鹤		0		0	0	0	0
改变主意	gbvy	简单鹤		0		0	0	0	0
根本无法	gbwf	简单鹤		0		0	0	0	0
改变未来	gbwl	简单鹤		0		0	0	0	0
胳膊腕子	gbwz	简单鹤		0		0	0	0	0
姑表兄弟	gbxd	简单鹤		0		0	0	0	0
肝败吓疯	gbxf	简单鹤		0		0	0	0	0
各不相干	gbxg	简单鹤		0		0	0	0	0
鬼不像鬼	gbxg	简单鹤		0		0	0	0	0
个把星期	gbxq	简单鹤		0		0	0	0	0
干不下去	gbxq	简单鹤		0		0	0	0	0
个半小时	gbxu	简单鹤		0		0	0	0	0
个把小时	gbxu	简单鹤		0		0	0	0	0
改变现状	gbxv	简单鹤		0		0	0	0	0
个别现象	gbxx	简单鹤		0		0	0	0	0
公办学校	gbxx	简单鹤		0		0	0	0	0
各霸一方	gbyf	简单鹤		0		0	0	0	0
改变一切	gbyq	简单鹤		0		0	0	0	0
更不要说	gbyu	简单鹤		0		0	0	0	0
各表一枝	gbyv	简单鹤		0		0	0	0	0
改变自己	gbzj	简单鹤		0		0	0	0	0
卦不走空	gbzk	简单鹤		0		0	0	0	0
干部子女	gbzn	简单鹤		0		0	0	0	0
歌词大意	gcdy	简单鹤		0		0	0	0	0
高层交往	gcjw	简单鹤		0		0	0	0	0
各从其志	gcqv	简单鹤		1		0	0	0	0
歌词烫嘴	gctz	简单鹤		0		0	0	0	0
高层往来	gcwl	简单鹤		0		0	0	0	0
感到不安	gdba	简单鹤		0		0	0	0	0
固定不变	gdbb	简单鹤		0		0	0	0	0
固定不动	gdbd	简单鹤		0		0	0	0	0
干点别的	gdbd	简单鹤		0		0	0	0	0
狗都不看	gdbk	简单鹤		0		0	0	0	0
鼓大包了	gdbl	简单鹤		0		0	0	0	0
高低不平	gdbp	简单鹤		0		0	0	0	0
各大报纸	gdbv	简单鹤		0		0	0	0	0
过度包装	gdbv	简单鹤		0		0	0	0	0
狗都不玩	gdbw	简单鹤		0		0	0	0	0
感动不已	gdby	简单鹤		0		0	0	0	0
过度操劳	gdcl	简单鹤		0		0	0	0	0
高端操作	gdcz	简单鹤		0		0	0	0	0
更多的人	gddr	简单鹤		0		0	0	0	0
更多的是	gddu	简单鹤		0		0	0	0	0
高等动物	gddw	简单鹤		0		0	0	0	0
高度发达	gdfd	简单鹤		0		0	0	0	0
港独分子	gdfz	简单鹤		0		0	0	0	0
高度负责	gdfz	简单鹤		0		0	0	0	0
广大干部	gdgb	简单鹤		0		0	0	0	0
更多更好	gdgh	简单鹤		0		0	0	0	0
过得更好	gdgh	简单鹤		0		0	0	0	0
敢打敢拼	gdgp	简单鹤		0		0	0	0	0
古典钢琴	gdgq	简单鹤		0		0	0	0	0
高度关注	gdgv	简单鹤		0		0	0	0	0
搞东搞西	gdgx	简单鹤		0		0	0	0	0
固定工作	gdgz	简单鹤		0		0	0	0	0
高端会所	gdhs	简单鹤		0		0	0	0	0
割地称臣	gdii	简单鹤		1		0	0	0	0
耕读传家	gdij	简单鹤		0		0	0	0	0
跟打成绩	gdij	简单鹤		0		0	0	0	0
关灯吃面	gdim	简单鹤		0		0	0	0	0
共度春宵	gdix	简单鹤		0		0	0	0	0
感到骄傲	gdja	简单鹤		0		0	0	0	0
怪盗基德	gdjd	简单鹤		0		0	0	0	0
过度解读	gdjd	简单鹤		0		0	0	0	0
孤岛惊魂	gdjh	简单鹤		0		0	0	0	0
共度佳节	gdjj	简单鹤		0		0	0	0	0
果断拒绝	gdjj	简单鹤		0		0	0	0	0
高度警觉	gdjj	简单鹤		0		0	0	0	0
古典吉他	gdjt	简单鹤		0		0	0	0	0
高度警惕	gdjt	简单鹤		0		0	0	0	0
固定句式	gdju	简单鹤		0		0	0	0	0
高度紧张	gdjv	简单鹤		0		0	0	0	0
高度集中	gdjv	简单鹤		0		0	0	0	0
感到惊讶	gdjy	简单鹤		0		0	0	0	0
高度肯定	gdkd	简单鹤		0		0	0	0	0
感到困惑	gdkh	简单鹤		0		0	0	0	0
感到快乐	gdkl	简单鹤		0		0	0	0	0
感到困难	gdkn	简单鹤		0		0	0	0	0
高大魁梧	gdkw	简单鹤		0		0	0	0	0
过度劳累	gdll	简单鹤		0		0	0	0	0
各大媒体	gdmt	简单鹤		0		0	0	0	0
搞点明堂	gdmt	简单鹤		0		0	0	0	0
古典名著	gdmv	简单鹤		0		0	0	0	0
感到满意	gdmy	简单鹤		0		0	0	0	0
搞定没有	gdmy	简单鹤		0		0	0	0	0
感到满足	gdmz	简单鹤		0		0	0	0	0
共度难关	gdng	简单鹤		0		0	0	0	0
共渡难关	gdng	简单鹤		0		0	0	0	0
感到难堪	gdnk	简单鹤		0		0	0	0	0
规定年限	gdnx	简单鹤		0		0	0	0	0
干得漂亮	gdpl	简单鹤		0		0	0	0	0
干的漂亮	gdpl	简单鹤		0		0	0	0	0
孤独求败	gdqb	简单鹤		0		0	0	0	0
高低起伏	gdqf	简单鹤		0		0	0	0	0
感到奇怪	gdqg	简单鹤		0		0	0	0	0
割地求和	gdqh	简单鹤		1		0	0	0	0
挂到期了	gdql	简单鹤		0		0	0	0	0
股东权利	gdql	简单鹤		0		0	0	0	0
广大青年	gdqn	简单鹤		0		0	0	0	0
高端人口	gdrk	简单鹤		0		0	0	0	0
广大人民	gdrm	简单鹤		0		0	0	0	0
感到荣幸	gdrx	简单鹤		0		0	0	0	0
过段日子	gdrz	简单鹤		0		0	0	0	0
干点什么	gdsm	简单鹤		0		0	0	0	0
规定条件	gdtj	简单鹤		0		0	0	0	0
感到痛苦	gdtk	简单鹤		0		0	0	0	0
跪地痛哭	gdtk	简单鹤		0		0	0	0	0
各地天气	gdtq	简单鹤		0		0	0	0	0
古代社会	gduh	简单鹤		0		0	0	0	0
规定时间	gduj	简单鹤		0		0	0	0	0
过段时间	gduj	简单鹤		0		0	0	0	0
广大市民	gdum	简单鹤		0		0	0	0	0
固定收入	gdur	简单鹤		0		0	0	0	0
鬼打熟人	gdur	简单鹤		0		0	0	0	0
管道疏通	gdut	简单鹤		0		0	0	0	0
广东深圳	gduv	简单鹤		0		0	0	0	0
攻敌之短	gdvd	简单鹤		0		0	0	0	0
感动中国	gdvg	简单鹤		0		0	0	0	0
股东账户	gdvh	简单鹤		0		0	0	0	0
孤独终老	gdvl	简单鹤		0		0	0	0	0
广岛之恋	gdvl	简单鹤		0		0	0	0	0
扛鼎之力	gdvl	简单鹤		0		0	0	0	0
高大威猛	gdwm	简单鹤		0		0	0	0	0
感到为难	gdwn	简单鹤		0		0	0	0	0
固定位置	gdwv	简单鹤		0		0	0	0	0
孤独无助	gdwv	简单鹤		0		0	0	0	0
古代文学	gdwx	简单鹤		0		0	0	0	0
感到幸福	gdxf	简单鹤		0		0	0	0	0
高等学府	gdxf	简单鹤		0		0	0	0	0
赶到现场	gdxi	简单鹤		0		0	0	0	0
个多小时	gdxu	简单鹤		0		0	0	0	0
古典小说	gdxu	简单鹤		0		0	0	0	0
功大于过	gdyg	简单鹤		0		0	0	0	0
孤独摇滚	gdyg	简单鹤		0		0	0	0	0
广大员工	gdyg	简单鹤		0		0	0	0	0
功德一件	gdyj	简单鹤		0		0	0	0	0
过得愉快	gdyk	简单鹤		0		0	0	0	0
古典音乐	gdyl	简单鹤		0		0	0	0	0
肝胆胰脾	gdyp	简单鹤		0		0	0	0	0
共度一生	gdyu	简单鹤		0		0	0	0	0
高度一致	gdyv	简单鹤		0		0	0	0	0
咯噔一下	gdyx	简单鹤		0		0	0	0	0
工地英语	gdyy	简单鹤		0		0	0	0	0
跪倒在地	gdzd	简单鹤		0		0	0	0	0
感到自豪	gdzh	简单鹤		0		0	0	0	0
高度赞扬	gdzy	简单鹤		0		0	0	0	0
光而不耀	geby	简单鹤		0		0	0	0	0
感恩的心	gedx	简单鹤		0		0	0	0	0
高额回报	gehb	简单鹤		0		0	0	0	0
高额利润	gelr	简单鹤		0		0	0	0	0
高额利益	gely	简单鹤		0		0	0	0	0
改恶向善	gexu	简单鹤		1		0	0	0	0
恭而有礼	geyl	简单鹤		1		0	0	0	0
狗耳月牙	geyy	简单鹤		0		0	0	0	0
功夫不好	gfbh	简单鹤		0		0	0	0	0
巭孬嫑烎	gfbh	简单鹤		0		0	0	0	0
巭孬嫑莪	gfbh	简单鹤		0		0	0	0	0
古法编程	gfbi	简单鹤		0		0	0	0	0
高分辨率	gfbl	简单鹤		0		0	0	0	0
各方代表	gfdb	简单鹤		0		0	0	0	0
各分东西	gfdx	简单鹤		0		0	0	0	0
国服第一	gfdy	简单鹤		0		0	0	0	0
官方公告	gfgg	简单鹤		0		0	0	0	0
国防工程	gfgi	简单鹤		0		0	0	0	0
广泛关注	gfgv	简单鹤		0		0	0	0	0
搞风搞雨	gfgy	简单鹤		0		0	0	0	0
广泛好评	gfhp	简单鹤		0		0	0	0	0
购房合同	gfht	简单鹤		0		0	0	0	0
高峰会议	gfhy	简单鹤		0		0	0	0	0
官方合作	gfhz	简单鹤		0		0	0	0	0
广泛传播	gfib	简单鹤		0		0	0	0	0
辜负春心	gfix	简单鹤		0		0	0	0	0
过分解读	gfjd	简单鹤		0		0	0	0	0
古肥今瘠	gfjj	简单鹤		1		0	0	0	0
官方结局	gfjj	简单鹤		0		0	0	0	0
官方解释	gfju	简单鹤		0		0	0	0	0
高附加值	gfjv	简单鹤		0		0	0	0	0
过分了啊	gfla	简单鹤		0		0	0	0	0
官方联动	gfld	简单鹤		0		0	0	0	0
广泛流传	gfli	简单鹤		0		0	0	0	0
国防力量	gfll	简单鹤		0		0	0	0	0
过分劳累	gfll	简单鹤		0		0	0	0	0
广泛流行	gflx	简单鹤		0		0	0	0	0
公费旅游	gfly	简单鹤		0		0	0	0	0
各方利益	gfly	简单鹤		0		0	0	0	0
国富民丰	gfmf	简单鹤		1		0	0	0	0
过分敏感	gfmg	简单鹤		0		0	0	0	0
各方情况	gfqk	简单鹤		0		0	0	0	0
国服前三	gfqs	简单鹤		0		0	0	0	0
过分强调	gfqt	简单鹤		0		0	0	0	0
国服前十	gfqu	简单鹤		0		0	0	0	0
国服前五	gfqw	简单鹤		0		0	0	0	0
广泛认同	gfrt	简单鹤		0		0	0	0	0
官方认证	gfrv	简单鹤		0		0	0	0	0
官方通报	gftb	简单鹤		0		0	0	0	0
官方吐槽	gftc	简单鹤		0		0	0	0	0
广泛深入	gfur	简单鹤		0		0	0	0	0
广泛使用	gfuy	简单鹤		0		0	0	0	0
规范执法	gfvf	简单鹤		0		0	0	0	0
官方账号	gfvh	简单鹤		0		0	0	0	0
攻防转换	gfvh	简单鹤		0		0	0	0	0
官方宣布	gfxb	简单鹤		0		0	0	0	0
赶赴现场	gfxi	简单鹤		0		0	0	0	0
广泛兴趣	gfxq	简单鹤		0		0	0	0	0
过分渲染	gfxr	简单鹤		0		0	0	0	0
官匪一家	gfyj	简单鹤		0		0	0	0	0
过分要求	gfyq	简单鹤		0		0	0	0	0
攻防一体	gfyt	简单鹤		0		0	0	0	0
高飞远走	gfyz	简单鹤		1		0	0	0	0
贵妃醉酒	gfzj	简单鹤		0		0	0	0	0
官方赞助	gfzv	简单鹤		0		0	0	0	0
公共安全	ggaq	简单鹤		0		0	0	0	0
各个部分	ggbf	简单鹤		0		0	0	0	0
亘古不灭	ggbm	简单鹤		1		0	0	0	0
公共财产	ggci	简单鹤		0		0	0	0	0
各个层面	ggcm	简单鹤		0		0	0	0	0
公共厕所	ggcs	简单鹤		0		0	0	0	0
各国代表	ggdb	简单鹤		0		0	0	0	0
港港单单	ggdd	简单鹤		0		0	0	0	0
给个答复	ggdf	简单鹤		0		0	0	0	0
高攻低防	ggdf	简单鹤		0		0	0	0	0
公共电话	ggdh	简单鹤		0		0	0	0	0
各个地区	ggdq	简单鹤		0		0	0	0	0
谷歌地球	ggdq	简单鹤		0		0	0	0	0
谷歌地图	ggdt	简单鹤		0		0	0	0	0
高贵得体	ggdt	简单鹤		0		0	0	0	0
功过得失	ggdu	简单鹤		0		0	0	0	0
个个都有	ggdy	简单鹤		0		0	0	0	0
高跟儿鞋	ggex	简单鹤		0		0	0	0	0
改革发展	ggfv	简单鹤		0		0	0	0	0
骨干分子	ggfz	简单鹤		0		0	0	0	0
咕咕嘎嘎	gggg	简单鹤		0		0	0	0	0
瓜瓜果果	gggg	简单鹤		0		0	0	0	0
各个国家	gggj	简单鹤		0		0	0	0	0
公共管理	gggl	简单鹤		0		0	0	0	0
广告公司	gggs	简单鹤		0		0	0	0	0
功高盖主	gggv	简单鹤		0		0	0	0	0
更高更远	gggy	简单鹤		0		0	0	0	0
滚滚红尘	gghi	简单鹤		0		0	0	0	0
各个环节	gghj	简单鹤		0		0	0	0	0
过个好年	gghn	简单鹤		0		0	0	0	0
给个好评	gghp	简单鹤		0		0	0	0	0
归国华侨	gghq	简单鹤		0		0	0	0	0
给个差评	ggip	简单鹤		0		0	0	0	0
改革创新	ggix	简单鹤		0		0	0	0	0
骨干成员	ggiy	简单鹤		0		0	0	0	0
公共机构	ggjg	简单鹤		0		0	0	0	0
给个机会	ggjh	简单鹤		0		0	0	0	0
哥哥姐姐	ggjj	简单鹤		0		0	0	0	0
公共健康	ggjk	简单鹤		0		0	0	0	0
各个角落	ggjl	简单鹤		0		0	0	0	0
骨骼惊奇	ggjq	简单鹤		0		0	0	0	0
骨干教师	ggju	简单鹤		0		0	0	0	0
格格娇笑	ggjx	简单鹤		0		0	0	0	0
广告客户	ggkh	简单鹤		0		0	0	0	0
刮骨疗毒	ggld	简单鹤		0		0	0	0	0
功高劳苦	gglk	简单鹤		0		0	0	0	0
刮骨疗伤	gglu	简单鹤		0		0	0	0	0
汩汩流血	gglx	简单鹤		0		0	0	0	0
观光旅游	ggly	简单鹤		0		0	0	0	0
给个面子	ggmz	简单鹤		0		0	0	0	0
冈格尼尔	ggne	简单鹤		0		0	0	0	0
公关能力	ggnl	简单鹤		0		0	0	0	0
高估你了	ggnl	简单鹤		0		0	0	0	0
公告内容	ggnr	简单鹤		0		0	0	0	0
国共内战	ggnv	简单鹤		0		0	0	0	0
谷歌拼音	ggpy	简单鹤		0		0	0	0	0
高高飘扬	ggpy	简单鹤		0		0	0	0	0
刚刚起步	ggqb	简单鹤		0		0	0	0	0
骨骼清奇	ggqq	简单鹤		0		0	0	0	0
谷歌搜索	ggss	简单鹤		0		0	0	0	0
哥哥嫂子	ggsz	简单鹤		0		0	0	0	0
公关团队	ggtd	简单鹤		0		0	0	0	0
功盖天地	ggtd	简单鹤		0		0	0	0	0
广告投放	ggtf	简单鹤		0		0	0	0	0
高光时刻	gguk	简单鹤		0		0	0	0	0
搞怪视频	ggup	简单鹤		0		0	0	0	0
关谷神奇	gguq	简单鹤		0		0	0	0	0
公共事务	gguw	简单鹤		0		0	0	0	0
公共事业	gguy	简单鹤		0		0	0	0	0
乖乖站好	ggvh	简单鹤		0		0	0	0	0
广告植入	ggvr	简单鹤		0		0	0	0	0
公共主页	ggvy	简单鹤		0		0	0	0	0
亘古未变	ggwb	简单鹤		0		0	0	0	0
刚刚下班	ggxb	简单鹤		0		0	0	0	0
功过相抵	ggxd	简单鹤		0		0	0	0	0
谷歌相机	ggxj	简单鹤		0		0	0	0	0
各个学科	ggxk	简单鹤		0		0	0	0	0
攻关项目	ggxm	简单鹤		0		0	0	0	0
滚滚向前	ggxq	简单鹤		0		0	0	0	0
灌溉系统	ggxt	简单鹤		0		0	0	0	0
广告效应	ggxy	简单鹤		0		0	0	0	0
杠杆原理	ggyl	简单鹤		0		0	0	0	0
更高要求	ggyq	简单鹤		0		0	0	0	0
高高跃起	ggyq	简单鹤		0		0	0	0	0
过过眼瘾	ggyy	简单鹤		0		0	0	0	0
高干子弟	ggzd	简单鹤		0		0	0	0	0
个工作日	ggzr	简单鹤		0		0	0	0	0
孤高自许	ggzx	简单鹤		0		0	0	0	0
公共资源	ggzy	简单鹤		0		0	0	0	0
杠杆作用	ggzy	简单鹤		0		0	0	0	0
骨灰拌饭	ghbf	简单鹤		0		0	0	0	0
果核剥壳	ghbk	简单鹤		0		0	0	0	0
干活不累	ghbl	简单鹤		0		0	0	0	0
光辉典范	ghdf	简单鹤		0		0	0	0	0
刚回到家	ghdj	简单鹤		0		0	0	0	0
刮胡刀片	ghdp	简单鹤		0		0	0	0	0
干旱地区	ghdq	简单鹤		0		0	0	0	0
共和党人	ghdr	简单鹤		0		0	0	0	0
国会大厦	ghdu	简单鹤		0		0	0	0	0
恭候多时	ghdu	简单鹤		0		0	0	0	0
规划方案	ghfa	简单鹤		0		0	0	0	0
肝火犯肺	ghff	简单鹤		0		0	0	0	0
搞好关系	ghgx	简单鹤		0		0	0	0	0
光环加顶	ghjd	简单鹤		0		0	0	0	0
恭候佳音	ghjy	简单鹤		0		0	0	0	0
高呼口号	ghkh	简单鹤		0		0	0	0	0
更何况是	ghku	简单鹤		0		0	0	0	0
干货满满	ghmm	简单鹤		0		0	0	0	0
刚好碰上	ghpu	简单鹤		0		0	0	0	0
规划人生	ghru	简单鹤		0		0	0	0	0
光辉岁月	ghsy	简单鹤		0		0	0	0	0
公号私用	ghsy	简单鹤		0		0	0	0	0
官号私用	ghsy	简单鹤		0		0	0	0	0
关怀体贴	ghtt	简单鹤		0		0	0	0	0
光华深处	ghui	简单鹤		0		0	0	0	0
光辉事迹	ghuj	简单鹤		0		0	0	0	0
鬼火少年	ghun	简单鹤		0		0	0	0	0
规划实施	ghuu	简单鹤		0		0	0	0	0
国货之光	ghvg	简单鹤		0		0	0	0	0
共和政体	ghvt	简单鹤		0		0	0	0	0
工会主席	ghvx	简单鹤		0		0	0	0	0
刚好相反	ghxf	简单鹤		0		0	0	0	0
更好一点	ghyd	简单鹤		0		0	0	0	0
更好一些	ghyx	简单鹤		0		0	0	0	0
国会议员	ghyy	简单鹤		0		0	0	0	0
沟壑纵横	ghzh	简单鹤		0		0	0	0	0
贯穿苍穹	gicq	简单鹤		0		0	0	0	0
滚床单不	gidb	简单鹤		0		0	0	0	0
贯彻到底	gidd	简单鹤		0		0	0	0	0
国产动画	gidh	简单鹤		0		0	0	0	0
过场动画	gidh	简单鹤		0		0	0	0	0
过程当中	gidv	简单鹤		0		0	0	0	0
构成犯罪	gifz	简单鹤		0		0	0	0	0
管吃管喝	gigh	简单鹤		0		0	0	0	0
工程管理	gigl	简单鹤		0		0	0	0	0
管吃管住	gigv	简单鹤		0		0	0	0	0
工程进度	gijd	简单鹤		0		0	0	0	0
干沉默了	giml	简单鹤		0		0	0	0	0
观察能力	ginl	简单鹤		0		0	0	0	0
鼓唇弄舌	ginu	简单鹤		1		0	0	0	0
国产品牌	gipp	简单鹤		0		0	0	0	0
感触颇深	gipu	简单鹤		0		0	0	0	0
敢吃螃蟹	gipx	简单鹤		0		0	0	0	0
构成侵权	giqq	简单鹤		0		0	0	0	0
国产软件	girj	简单鹤		0		0	0	0	0
鬼畜素材	gisc	简单鹤		0		0	0	0	0
高城深池	giui	简单鹤		1		0	0	0	0
各种事情	giuq	简单鹤		0		0	0	0	0
公车上锁	gius	简单鹤		0		0	0	0	0
公车上书	giuu	简单鹤		0		0	0	0	0
贯彻始终	giuv	简单鹤	548	0		0	0	0	0
贯穿始终	giuv	简单鹤		0		0	0	0	0
工程招标	givb	简单鹤		0		0	0	0	0
国产之光	givg	简单鹤		0		0	0	0	0
滚出中国	givg	简单鹤		0		0	0	0	0
工程质量	givl	简单鹤		0		0	0	0	0
过程之中	givv	简单鹤		0		0	0	0	0
刚吃完饭	giwf	简单鹤		0		0	0	0	0
高产稳产	giwi	简单鹤		0		0	0	0	0
国潮外卖	giwm	简单鹤		0		0	0	0	0
构成威胁	giwx	简单鹤		0		0	0	0	0
贯穿星辰	gixi	简单鹤		0		0	0	0	0
构成要件	giyj	简单鹤		0		0	0	0	0
肝肠欲裂	giyl	简单鹤		0		0	0	0	0
该吃药了	giyl	简单鹤		0		0	0	0	0
共处一室	giyu	简单鹤		0		0	0	0	0
攻城野战	giyv	简单鹤		1		0	0	0	0
国产游戏	giyx	简单鹤		0		0	0	0	0
观察一下	giyx	简单鹤		0		0	0	0	0
歌唱祖国	gizg	简单鹤		0		0	0	0	0
工程造价	gizj	简单鹤		0		0	0	0	0
国产自拍	gizp	简单鹤		0		0	0	0	0
观察仔细	gizx	简单鹤		0		0	0	0	0
感觉不错	gjbc	简单鹤		0		0	0	0	0
感觉不到	gjbd	简单鹤		0		0	0	0	0
感觉不好	gjbh	简单鹤		0		0	0	0	0
光讲不练	gjbl	简单鹤		0		0	0	0	0
感觉不如	gjbr	简单鹤		0		0	0	0	0
攻击别人	gjbr	简单鹤		0		0	0	0	0
国家补贴	gjbt	简单鹤		0		0	0	0	0
感觉不同	gjbt	简单鹤		0		0	0	0	0
高居榜首	gjbu	简单鹤		0		0	0	0	0
根基不稳	gjbw	简单鹤		0		0	0	0	0
估计不足	gjbz	简单鹤		0		0	0	0	0
国家宝藏	gjbz	简单鹤		0		0	0	0	0
感觉错了	gjcl	简单鹤		0		0	0	0	0
高价彩礼	gjcl	简单鹤		0		0	0	0	0
格局打开	gjdk	简单鹤		0		0	0	0	0
感觉到了	gjdl	简单鹤		0		0	0	0	0
格局大了	gjdl	简单鹤		0		0	0	0	0
公鸡打鸣	gjdm	简单鹤		0		0	0	0	0
高价低配	gjdp	简单鹤		0		0	0	0	0
国家二级	gjej	简单鹤		0		0	0	0	0
更加方便	gjfb	简单鹤		0		0	0	0	0
国家法律	gjfl	简单鹤		0		0	0	0	0
国家分配	gjfp	简单鹤		0		0	0	0	0
国家繁荣	gjfr	简单鹤		0		0	0	0	0
攻击范围	gjfw	简单鹤		0		0	0	0	0
各级干部	gjgb	简单鹤		0		0	0	0	0
国家干部	gjgb	简单鹤		0		0	0	0	0
诡谲怪诞	gjgd	简单鹤		1		0	0	0	0
改建工程	gjgi	简单鹤		0		0	0	0	0
国际冠军	gjgj	简单鹤		0		0	0	0	0
高级官员	gjgy	简单鹤		0		0	0	0	0
感觉很好	gjhh	简单鹤		0		0	0	0	0
感觉还好	gjhh	简单鹤		0		0	0	0	0
更加合理	gjhl	简单鹤		0		0	0	0	0
关键还是	gjhu	简单鹤		0		0	0	0	0
感觉还是	gjhu	简单鹤		0		0	0	0	0
国家号召	gjhv	简单鹤		0		0	0	0	0
国际场合	gjih	简单鹤		0		0	0	0	0
国际长途	gjit	简单鹤		0		0	0	0	0
公交车站	gjiv	简单鹤		0		0	0	0	0
国际酒店	gjjd	简单鹤		0		0	0	0	0
过激举动	gjjd	简单鹤		0		0	0	0	0
高级酒店	gjjd	简单鹤		0		0	0	0	0
攻击间隔	gjjg	简单鹤		0		0	0	0	0
高级军官	gjjg	简单鹤		0		0	0	0	0
国家经济	gjjj	简单鹤		0		0	0	0	0
国际季军	gjjj	简单鹤		0		0	0	0	0
工匠精神	gjju	简单鹤		0		0	0	0	0
国际巨星	gjjx	简单鹤		0		0	0	0	0
关键就在	gjjz	简单鹤		0		0	0	0	0
国家开放	gjkf	简单鹤		0		0	0	0	0
更加快捷	gjkj	简单鹤		0		0	0	0	0
攻坚克难	gjkn	简单鹤		0		0	0	0	0
高级考试	gjku	简单鹤		0		0	0	0	0
硅基流动	gjld	简单鹤		0		0	0	0	0
感觉良好	gjlh	简单鹤		0		0	0	0	0
更加厉害	gjlh	简单鹤		0		0	0	0	0
国际联网	gjlw	简单鹤		0		0	0	0	0
工具理性	gjlx	简单鹤		0		0	0	0	0
广结良缘	gjly	简单鹤		1		0	0	0	0
高筋面粉	gjmf	简单鹤		0		0	0	0	0
宫颈糜烂	gjml	简单鹤		0		0	0	0	0
国际名牌	gjmp	简单鹤		0		0	0	0	0
国进民退	gjmt	简单鹤		0		0	0	0	0
国际明星	gjmx	简单鹤		0		0	0	0	0
更加明显	gjmx	简单鹤		0		0	0	0	0
国际漫游	gjmy	简单鹤		0		0	0	0	0
干将莫邪	gjmy	简单鹤		1		0	0	0	0
国家民族	gjmz	简单鹤		0		0	0	0	0
根据内容	gjnr	简单鹤		0		0	0	0	0
更加强大	gjqd	简单鹤		0		0	0	0	0
感觉器官	gjqg	简单鹤		0		0	0	0	0
高洁情怀	gjqh	简单鹤		0		0	0	0	0
国家前途	gjqt	简单鹤		0		0	0	0	0
贵极人臣	gjri	简单鹤		1		0	0	0	0
工具软件	gjrj	简单鹤		0		0	0	0	0
国际认可	gjrk	简单鹤		0		0	0	0	0
甘居人下	gjrx	简单鹤		0		0	0	0	0
国家三级	gjsj	简单鹤		0		0	0	0	0
管见所及	gjsj	简单鹤		1		0	0	0	0
高级搜索	gjss	简单鹤		0		0	0	0	0
国际赛事	gjsu	简单鹤		0		0	0	0	0
感极涕零	gjtl	简单鹤		1		0	0	0	0
古今同梦	gjtm	简单鹤		0		0	0	0	0
赶紧收藏	gjuc	简单鹤		0		0	0	0	0
高技术力	gjul	简单鹤		0		0	0	0	0
高级水平	gjup	简单鹤		0		0	0	0	0
关键时期	gjuq	简单鹤		0		0	0	0	0
共济失调	gjut	简单鹤		0		0	0	0	0
股价上涨	gjuv	简单鹤		0		0	0	0	0
高级设置	gjuv	简单鹤		0		0	0	0	0
国际视野	gjuy	简单鹤		0		0	0	0	0
关键指标	gjvb	简单鹤		0		0	0	0	0
国际知名	gjvm	简单鹤		0		0	0	0	0
公交站牌	gjvp	简单鹤		0		0	0	0	0
感激之情	gjvq	简单鹤		0		0	0	0	0
公交站台	gjvt	简单鹤		0		0	0	0	0
国际政治	gjvv	简单鹤		0		0	0	0	0
感觉这样	gjvy	简单鹤		0		0	0	0	0
更加重要	gjvy	简单鹤		0		0	0	0	0
共进午餐	gjwc	简单鹤		0		0	0	0	0
干就完了	gjwl	简单鹤		0		0	0	0	0
更加完善	gjwu	简单鹤		0		0	0	0	0
国际玩笑	gjwx	简单鹤		0		0	0	0	0
公鸡下蛋	gjxd	简单鹤		0		0	0	0	0
国际刑警	gjxj	简单鹤		0		0	0	0	0
公交线路	gjxl	简单鹤		0		0	0	0	0
格局小了	gjxl	简单鹤		0		0	0	0	0
根据需要	gjxy	简单鹤		0		0	0	0	0
国家一级	gjyj	简单鹤		0		0	0	0	0
国际亚军	gjyj	简单鹤		0		0	0	0	0
国际舆论	gjyl	简单鹤		0		0	0	0	0
过激言论	gjyl	简单鹤		0		0	0	0	0
关键因素	gjys	简单鹤		0		0	0	0	0
刚极易折	gjyv	简单鹤		0		0	0	0	0
国家意志	gjyv	简单鹤		0		0	0	0	0
更加严重	gjyv	简单鹤		0		0	0	0	0
国际要闻	gjyw	简单鹤		0		0	0	0	0
关键原因	gjyy	简单鹤		0		0	0	0	0
古今异义	gjyy	简单鹤		0		0	0	0	0
国际资本	gjzb	简单鹤		0		0	0	0	0
共进早餐	gjzc	简单鹤		0		0	0	0	0
干净做事	gjzu	简单鹤		0		0	0	0	0
感慨悲歌	gkbg	简单鹤		0		0	0	0	0
光看不说	gkbu	简单鹤		0		0	0	0	0
公开道歉	gkdq	简单鹤		0		0	0	0	0
高开低走	gkdz	简单鹤		0		0	0	0	0
公开发表	gkfb	简单鹤		0		0	0	0	0
顾客反馈	gkfk	简单鹤		0		0	0	0	0
高考分数	gkfu	简单鹤		0		0	0	0	0
高空飞行	gkfx	简单鹤		0		0	0	0	0
观看广告	gkgg	简单鹤		0		0	0	0	0
高开高走	gkgz	简单鹤		0		0	0	0	0
公开活动	gkhd	简单鹤		0		0	0	0	0
公开喊话	gkhh	简单鹤		0		0	0	0	0
隔空喊话	gkhh	简单鹤		0		0	0	0	0
高考成绩	gkij	简单鹤		0		0	0	0	0
公开处刑	gkix	简单鹤		0		0	0	0	0
高考机器	gkjq	简单鹤		0		0	0	0	0
高考落榜	gklb	简单鹤		0		0	0	0	0
怪可怜的	gkld	简单鹤		0		0	0	0	0
公开露面	gklm	简单鹤		0		0	0	0	0
高考录取	gklq	简单鹤		0		0	0	0	0
公开秘密	gkmm	简单鹤		0		0	0	0	0
攻克难关	gkng	简单鹤		0		0	0	0	0
公开曝光	gkpg	简单鹤		0		0	0	0	0
公开批评	gkpp	简单鹤		0		0	0	0	0
高空抛物	gkpw	简单鹤		0		0	0	0	0
顾客群体	gkqt	简单鹤		0		0	0	0	0
高考体检	gktj	简单鹤		0		0	0	0	0
公开透明	gktm	简单鹤		0		0	0	0	0
顾客投诉	gkts	简单鹤		0		0	0	0	0
高空跳伞	gkts	简单鹤		0		0	0	0	0
共克时艰	gkuj	简单鹤		0		0	0	0	0
高考试题	gkut	简单鹤		0		0	0	0	0
港口设施	gkuu	简单鹤		0		0	0	0	0
公开招标	gkvb	简单鹤		0		0	0	0	0
管窥之见	gkvj	简单鹤		0		0	0	0	0
高空坠物	gkvw	简单鹤		0		0	0	0	0
高考状元	gkvy	简单鹤		0		0	0	0	0
公开宣传	gkxi	简单鹤		0		0	0	0	0
刮开有奖	gkyj	简单鹤		0		0	0	0	0
观看影片	gkyp	简单鹤		0		0	0	0	0
工科院校	gkyx	简单鹤		0		0	0	0	0
高考作文	gkzw	简单鹤		0		0	0	0	0
古里八怪	glbg	简单鹤		0		0	0	0	0
搞了半天	glbt	简单鹤		0		0	0	0	0
过了半天	glbt	简单鹤		0		0	0	0	0
干了错事	glcu	简单鹤		0		0	0	0	0
过了多久	gldj	简单鹤		0		0	0	0	0
鼓励大家	gldj	简单鹤		0		0	0	0	0
各路大神	gldu	简单鹤		0		0	0	0	0
功力大增	gldz	简单鹤		0		0	0	0	0
过量服药	glfy	简单鹤		0		0	0	0	0
各论各的	glgd	简单鹤		0		0	0	0	0
管理规定	glgd	简单鹤		0		0	0	0	0
旮旯给木	glgm	简单鹤		0		0	0	0	0
改来改去	glgq	简单鹤		0		0	0	0	0
灌篮高手	glgu	简单鹤		0		0	0	0	0
公路干线	glgx	简单鹤		0		0	0	0	0
光临惠顾	glhg	简单鹤		0		0	0	0	0
旮旯胡同	glht	简单鹤		0		0	0	0	0
葛立恒数	glhu	简单鹤		0		0	0	0	0
高龄产妇	glif	简单鹤		0		0	0	0	0
古老传统	glit	简单鹤		0		0	0	0	0
过了几秒	gljm	简单鹤		0		0	0	0	0
过了几年	gljn	简单鹤		0		0	0	0	0
过了几日	gljr	简单鹤		0		0	0	0	0
过了几天	gljt	简单鹤		0		0	0	0	0
过了几周	gljv	简单鹤		0		0	0	0	0
各类考试	glku	简单鹤		0		0	0	0	0
骨灵冷火	gllh	简单鹤		0		0	0	0	0
过了两天	gllt	简单鹤		0		0	0	0	0
过路买卖	glmm	简单鹤		0		0	0	0	0
管理模式	glmu	简单鹤		0		0	0	0	0
给了没有	glmy	简单鹤		0		0	0	0	0
古老民族	glmz	简单鹤		0		0	0	0	0
古力娜扎	glnv	简单鹤		0		0	0	0	0
规律排精	glpj	简单鹤		0		0	0	0	0
过了片刻	glpk	简单鹤		0		0	0	0	0
更阑人静	glrj	简单鹤		1		0	0	0	0
各路人马	glrm	简单鹤		0		0	0	0	0
干了什么	glsm	简单鹤		0		0	0	0	0
格林童话	glth	简单鹤		0		0	0	0	0
勾栏听曲	gltq	简单鹤		0		0	0	0	0
功力深厚	gluh	简单鹤		0		0	0	0	0
跟了上去	gluq	简单鹤		0		0	0	0	0
各路神仙	glux	简单鹤		0		0	0	0	0
鼓励支持	glvi	简单鹤		0		0	0	0	0
管理知识	glvu	简单鹤		0		0	0	0	0
勾栏瓦肆	glws	简单鹤		0		0	0	0	0
各类问题	glwt	简单鹤		0		0	0	0	0
勾栏瓦舍	glwu	简单鹤		0		0	0	0	0
鼓励消费	glxf	简单鹤		0		0	0	0	0
管理系统	glxt	简单鹤		0		0	0	0	0
过了一会	glyh	简单鹤		0		0	0	0	0
过路阴阳	glyy	简单鹤		0		0	0	0	0
膏粱子弟	glzd	简单鹤		1		0	0	0	0
官僚作风	glzf	简单鹤		0		0	0	0	0
冠名播出	gmbi	简单鹤		0		0	0	0	0
光明大道	gmdd	简单鹤		0		0	0	0	0
古明地恋	gmdl	简单鹤		0		0	0	0	0
革命道路	gmdl	简单鹤		0		0	0	0	0
革命斗争	gmdv	简单鹤		0		0	0	0	0
革命队伍	gmdw	简单鹤		0		0	0	0	0
光敏癫痫	gmdx	简单鹤		0		0	0	0	0
关门弟子	gmdz	简单鹤		0		0	0	0	0
拐卖儿童	gmet	简单鹤		0		0	0	0	0
关门放狗	gmfg	简单鹤		0		0	0	0	0
感冒发烧	gmfu	简单鹤		0		0	0	0	0
革命干部	gmgb	简单鹤		0		0	0	0	0
各忙各的	gmgd	简单鹤		0		0	0	0	0
干没干过	gmgg	简单鹤		0		0	0	0	0
国民闺女	gmgn	简单鹤		0		0	0	0	0
各门各派	gmgp	简单鹤		0		0	0	0	0
革命歌曲	gmgq	简单鹤		0		0	0	0	0
革命工作	gmgz	简单鹤		0		0	0	0	0
规模宏大	gmhd	简单鹤		0		0	0	0	0
沟满壕平	gmhp	简单鹤		1		0	0	0	0
灌迷魂汤	gmht	简单鹤		0		0	0	0	0
购买记录	gmjl	简单鹤		0		0	0	0	0
伽马矫正	gmjv	简单鹤		0		0	0	0	0
规模空前	gmkq	简单鹤		0		0	0	0	0
革命烈士	gmlu	简单鹤		0		0	0	0	0
革命理想	gmlx	简单鹤		0		0	0	0	0
革命领袖	gmlx	简单鹤		0		0	0	0	0
古墓丽影	gmly	简单鹤		0		0	0	0	0
诡秘莫测	gmmc	简单鹤		1		0	0	0	0
购买能力	gmnl	简单鹤		0		0	0	0	0
果咩那塞	gmns	简单鹤		0		0	0	0	0
光明女神	gmnu	简单鹤		0		0	0	0	0
国民女神	gmnu	简单鹤		0		0	0	0	0
国民男神	gmnu	简单鹤		0		0	0	0	0
国民女婿	gmnx	简单鹤		0		0	0	0	0
广袤千里	gmql	简单鹤		0		0	0	0	0
革命任务	gmrw	简单鹤		0		0	0	0	0
鬼迷日眼	gmry	简单鹤		0		0	0	0	0
肛门松弛	gmsi	简单鹤		0		0	0	0	0
国民素质	gmsv	简单鹤		0		0	0	0	0
购买设备	gmub	简单鹤		0		0	0	0	0
鬼马双星	gmux	简单鹤		0		0	0	0	0
规模之大	gmvd	简单鹤		0		0	0	0	0
高明之处	gmvi	简单鹤		0		0	0	0	0
过命之交	gmvj	简单鹤		0		0	0	0	0
革命政权	gmvq	简单鹤		0		0	0	0	0
鬼灭之刃	gmvr	简单鹤		0		0	0	0	0
诡秘之主	gmvv	简单鹤		0		0	0	0	0
关门捉贼	gmvz	简单鹤		0		0	0	0	0
广袤无边	gmwb	简单鹤		0		0	0	0	0
关门歇业	gmxy	简单鹤		0		0	0	0	0
国民岳父	gmyf	简单鹤		0		0	0	0	0
狗命要紧	gmyj	简单鹤		0		0	0	0	0
干冒烟了	gmyl	简单鹤		0		0	0	0	0
哥们义气	gmyq	简单鹤		0		0	0	0	0
革命意志	gmyv	简单鹤		0		0	0	0	0
割脉自杀	gmzu	简单鹤		0		0	0	0	0
钙奶饼干	gnbg	简单鹤		0		0	0	0	0
功能测试	gncu	简单鹤		0		0	0	0	0
给你点赞	gndz	简单鹤		0		0	0	0	0
国内国际	gngj	简单鹤		0		0	0	0	0
国内环境	gnhj	简单鹤		0		0	0	0	0
给你好看	gnhk	简单鹤		0		0	0	0	0
隔年皇历	gnhl	简单鹤		1		0	0	0	0
国内产品	gnip	简单鹤		0		0	0	0	0
国内长途	gnit	简单鹤		0		0	0	0	0
观念创新	gnix	简单鹤		0		0	0	0	0
国内经济	gnjj	简单鹤		0		0	0	0	0
姑娘家家	gnjj	简单鹤		0		0	0	0	0
功能减退	gnjt	简单鹤		0		0	0	0	0
国内竞争	gnjv	简单鹤		0		0	0	0	0
国内空白	gnkb	简单鹤		0		0	0	0	0
国内客户	gnkh	简单鹤		0		0	0	0	0
国内流量	gnll	简单鹤		0		0	0	0	0
国内领先	gnlx	简单鹤		0		0	0	0	0
滚你妹的	gnmd	简单鹤		0		0	0	0	0
跟你们说	gnmu	简单鹤		0		0	0	0	0
国内贸易	gnmy	简单鹤		0		0	0	0	0
给你没有	gnmy	简单鹤		0		0	0	0	0
给你面子	gnmz	简单鹤		0		0	0	0	0
关你鸟事	gnnu	简单鹤		0		0	0	0	0
国内排名	gnpm	简单鹤		0		0	0	0	0
关你屁事	gnpu	简单鹤		0		0	0	0	0
功能强大	gnqd	简单鹤		0		0	0	0	0
归纳起来	gnql	简单鹤		0		0	0	0	0
功能齐全	gnqq	简单鹤		0		0	0	0	0
国内人才	gnrc	简单鹤		0		0	0	0	0
归纳推理	gntl	简单鹤		0		0	0	0	0
够你受的	gnud	简单鹤		0		0	0	0	0
国内首创	gnui	简单鹤		0		0	0	0	0
关你啥事	gnuu	简单鹤		0		0	0	0	0
搁你身上	gnuu	简单鹤		0		0	0	0	0
功能障碍	gnva	简单鹤		0		0	0	0	0
功能主治	gnvv	简单鹤		0		0	0	0	0
功能维护	gnwh	简单鹤		0		0	0	0	0
工农万岁	gnws	简单鹤		0		0	0	0	0
跟你相比	gnxb	简单鹤		0		0	0	0	0
国内形势	gnxu	简单鹤		0		0	0	0	0
给你一个	gnyg	简单鹤		0		0	0	0	0
高能预警	gnyj	简单鹤		0		0	0	0	0
跟你一起	gnyq	简单鹤		0		0	0	0	0
国内要闻	gnyw	简单鹤		0		0	0	0	0
归纳演绎	gnyy	简单鹤		0		0	0	0	0
跟你一样	gnyy	简单鹤		0		0	0	0	0
国内最大	gnzd	简单鹤		0		0	0	0	0
归纳总结	gnzj	简单鹤		0		0	0	0	0
各凭本事	gpbu	简单鹤		0		0	0	0	0
高攀不上	gpbu	简单鹤		0		0	0	0	0
高频词汇	gpch	简单鹤		0		0	0	0	0
公平对决	gpdj	简单鹤		0		0	0	0	0
割袍断义	gpdy	简单鹤		0		0	0	0	0
公屏打字	gpdz	简单鹤		0		0	0	0	0
狗屁倒灶	gpdz	简单鹤		0		0	0	0	0
股票分红	gpfh	简单鹤		0		0	0	0	0
公平公正	gpgv	简单鹤		0		0	0	0	0
股票价格	gpjg	简单鹤		0		0	0	0	0
公平竞技	gpjj	简单鹤		0		0	0	0	0
股票基金	gpjj	简单鹤		0		0	0	0	0
光盘加密	gpjm	简单鹤		0		0	0	0	0
高频考点	gpkd	简单鹤		0		0	0	0	0
公派留学	gplx	简单鹤		0		0	0	0	0
龟派气功	gpqg	简单鹤		0		0	0	0	0
龟派神功	gpug	简单鹤		0		0	0	0	0
各派势力	gpul	简单鹤		0		0	0	0	0
挂牌上市	gpuu	简单鹤		0		0	0	0	0
股票指数	gpvu	简单鹤		0		0	0	0	0
公平正义	gpvy	简单鹤		0		0	0	0	0
公平无私	gpws	简单鹤		1		0	0	0	0
挂牌营业	gpyy	简单鹤		0		0	0	0	0
公平原则	gpyz	简单鹤		0		0	0	0	0
观其变化	gqbh	简单鹤		0		0	0	0	0
姑且不提	gqbt	简单鹤		0		0	0	0	0
观棋不语	gqby	简单鹤		0		0	0	0	0
钢琴弹唱	gqdi	简单鹤		0		0	0	0	0
过去的事	gqdu	简单鹤		0		0	0	0	0
高清电视	gqdu	简单鹤		0		0	0	0	0
高清电影	gqdy	简单鹤		0		0	0	0	0
股权分置	gqfv	简单鹤		0		0	0	0	0
国企改革	gqgg	简单鹤		0		0	0	0	0
肝气横逆	gqhn	简单鹤		0		0	0	0	0
感情冲动	gqid	简单鹤		0		0	0	0	0
搞清楚了	gqil	简单鹤		0		0	0	0	0
高清重制	gqiv	简单鹤		0		0	0	0	0
感情纠葛	gqjg	简单鹤		0		0	0	0	0
感情交流	gqjl	简单鹤		0		0	0	0	0
国庆假期	gqjq	简单鹤		0		0	0	0	0
供求矛盾	gqmd	简单鹤		0		0	0	0	0
隔墙瞄人	gqmr	简单鹤		0		0	0	0	0
过桥米线	gqmx	简单鹤		0		0	0	0	0
感情破裂	gqpl	简单鹤		0		0	0	0	0
岗前培训	gqpx	简单鹤		0		0	0	0	0
归侨侨眷	gqqj	简单鹤		0		0	0	0	0
感情融洽	gqrq	简单鹤		0		0	0	0	0
感情色彩	gqsc	简单鹤		0		0	0	0	0
公器私用	gqsy	简单鹤		0		0	0	0	0
感情投资	gqtz	简单鹤		0		0	0	0	0
感情深厚	gquh	简单鹤		0		0	0	0	0
感情生活	gquh	简单鹤		0		0	0	0	0
感情世界	gquj	简单鹤		0		0	0	0	0
寡情少义	gquy	简单鹤		0		0	0	0	0
刚枪指挥	gqvh	简单鹤		0		0	0	0	0
感情真好	gqvh	简单鹤		0		0	0	0	0
贵圈真乱	gqvl	简单鹤		0		0	0	0	0
关切之情	gqvq	简单鹤		0		0	0	0	0
苟且之事	gqvu	简单鹤		0		0	0	0	0
苟且之心	gqvx	简单鹤		1		0	0	0	0
感情稳定	gqwd	简单鹤		0		0	0	0	0
过气网红	gqwh	简单鹤		0		0	0	0	0
感情危机	gqwj	简单鹤		0		0	0	0	0
过去未来	gqwl	简单鹤		0		0	0	0	0
高清无码	gqwm	简单鹤		0		0	0	0	0
高清晰度	gqxd	简单鹤		0		0	0	0	0
高清修复	gqxf	简单鹤		0		0	0	0	0
国庆阅兵	gqyb	简单鹤		0		0	0	0	0
国企员工	gqyg	简单鹤		0		0	0	0	0
宫崎英高	gqyg	简单鹤		0		0	0	0	0
肝气郁结	gqyj	简单鹤		0		0	0	0	0
过去一年	gqyn	简单鹤		0		0	0	0	0
过期药品	gqyp	简单鹤		0		0	0	0	0
肝气郁滞	gqyv	简单鹤		0		0	0	0	0
钢琴演奏	gqyz	简单鹤		0		0	0	0	0
个人爱好	grah	简单鹤		0		0	0	0	0
果然不错	grbc	简单鹤		0		0	0	0	0
公若不弃	grbq	简单鹤		0		0	0	0	0
个人词库	grck	简单鹤		0		0	0	0	0
隔热材料	grcl	简单鹤		0		0	0	0	0
个人档案	grda	简单鹤		0		0	0	0	0
高人点拨	grdb	简单鹤		0		0	0	0	0
个人电脑	grdn	简单鹤		0		0	0	0	0
个人得失	grdu	简单鹤		0		0	0	0	0
公然反对	grfd	简单鹤		0		0	0	0	0
个人防护	grfh	简单鹤		0		0	0	0	0
骨肉分离	grfl	简单鹤	716	0		0	0	0	0
个人观点	grgd	简单鹤		0		0	0	0	0
个人感觉	grgj	简单鹤		0		0	0	0	0
光荣革命	grgm	简单鹤		0		0	0	0	0
个人感情	grgq	简单鹤		0		0	0	0	0
供热公司	grgs	简单鹤		0		0	0	0	0
个人感受	grgu	简单鹤		0		0	0	0	0
感人故事	grgu	简单鹤		0		0	0	0	0
个人成分	grif	简单鹤		0		0	0	0	0
个人成就	grij	简单鹤		0		0	0	0	0
个人成绩	grij	简单鹤		0		0	0	0	0
个人觉得	grjd	简单鹤		0		0	0	0	0
个人竞技	grjj	简单鹤		0		0	0	0	0
个人简介	grjj	简单鹤		0		0	0	0	0
个人见解	grjj	简单鹤		0		0	0	0	0
个人简历	grjl	简单鹤		0		0	0	0	0
个人经历	grjl	简单鹤		0		0	0	0	0
个人建议	grjy	简单鹤		0		0	0	0	0
个人魅力	grml	简单鹤		0		0	0	0	0
个人名义	grmy	简单鹤		0		0	0	0	0
个人名誉	grmy	简单鹤		0		0	0	0	0
个人能力	grnl	简单鹤		0		0	0	0	0
个人评价	grpj	简单鹤		0		0	0	0	0
个人热点	grrd	简单鹤		0		0	0	0	0
个人认为	grrw	简单鹤		0		0	0	0	0
个人荣誉	grry	简单鹤		0		0	0	0	0
故入人罪	grrz	简单鹤		1		0	0	0	0
果如所料	grsl	简单鹤		0		0	0	0	0
光荣使命	grum	简单鹤		0		0	0	0	0
个人收入	grur	简单鹤		0		0	0	0	0
高人指点	grvd	简单鹤		0		0	0	0	0
个人追求	grvq	简单鹤		0		0	0	0	0
个人主页	grvy	简单鹤		0		0	0	0	0
个人物品	grwp	简单鹤		0		0	0	0	0
工人万岁	grws	简单鹤		0		0	0	0	0
个人卫生	grwu	简单鹤		0		0	0	0	0
个人网站	grwv	简单鹤		0		0	0	0	0
光荣下播	grxb	简单鹤		0		0	0	0	0
个人喜好	grxh	简单鹤		0		0	0	0	0
怪人协会	grxh	简单鹤		0		0	0	0	0
勾人心魄	grxp	简单鹤		0		0	0	0	0
贵人相助	grxv	简单鹤		0		0	0	0	0
个人信息	grxx	简单鹤		0		0	0	0	0
个人选择	grxz	简单鹤		0		0	0	0	0
个人眼光	gryg	简单鹤		0		0	0	0	0
个人业绩	gryj	简单鹤		0		0	0	0	0
个人意见	gryj	简单鹤		0		0	0	0	0
个人愚见	gryj	简单鹤		0		0	0	0	0
个人养老	gryl	简单鹤		0		0	0	0	0
个人隐私	grys	简单鹤		0		0	0	0	0
个人意志	gryv	简单鹤		0		0	0	0	0
给人一种	gryv	简单鹤		0		0	0	0	0
个人英雄	gryx	简单鹤		0		0	0	0	0
个人邮箱	gryx	简单鹤		0		0	0	0	0
个人原因	gryy	简单鹤		0		0	0	0	0
个人意愿	gryy	简单鹤		0		0	0	0	0
个人资料	grzl	简单鹤		0		0	0	0	0
个人自由	grzy	简单鹤		0		0	0	0	0
光速变脸	gsbl	简单鹤		0		0	0	0	0
告诉别人	gsbr	简单鹤		0		0	0	0	0
公司倒闭	gsdb	简单鹤		0		0	0	0	0
告诉对方	gsdf	简单鹤		0		0	0	0	0
公司地址	gsdv	简单鹤		0		0	0	0	0
高斯分布	gsfb	简单鹤		0		0	0	0	0
光速飞船	gsfi	简单鹤		0		0	0	0	0
高速发展	gsfv	简单鹤		0		0	0	0	0
高斯过程	gsgi	简单鹤		0		0	0	0	0
公司规模	gsgm	简单鹤		0		0	0	0	0
赶死赶命	gsgm	简单鹤		0		0	0	0	0
敢扫敢赔	gsgp	简单鹤		0		0	0	0	0
光速滑跪	gshg	简单鹤		0		0	0	0	0
光速回家	gshj	简单鹤		0		0	0	0	0
光速出警	gsij	简单鹤		0		0	0	0	0
公司产品	gsip	简单鹤		0		0	0	0	0
鼓瑟吹笙	gsiu	简单鹤		0		0	0	0	0
赶森超载	gsiz	简单鹤		0		0	0	0	0
公司经营	gsjy	简单鹤		0		0	0	0	0
公司利润	gslr	简单鹤		0		0	0	0	0
公司老总	gslz	简单鹤		0		0	0	0	0
搞什么鬼	gsmg	简单鹤		0		0	0	0	0
高斯模糊	gsmh	简单鹤		0		0	0	0	0
干什么呢	gsmn	简单鹤		0		0	0	0	0
干什么用	gsmy	简单鹤		0		0	0	0	0
告诉你们	gsnm	简单鹤		0		0	0	0	0
光速切割	gsqg	简单鹤		0		0	0	0	0
跟随其后	gsqh	简单鹤		0		0	0	0	0
龟速前进	gsqj	简单鹤		0		0	0	0	0
鼓瑟齐鸣	gsqm	简单鹤		0		0	0	0	0
光速去世	gsqu	简单鹤		0		0	0	0	0
告诉人们	gsrm	简单鹤		0		0	0	0	0
公司团建	gstj	简单鹤		0		0	0	0	0
告诉他们	gstm	简单鹤		0		0	0	0	0
高速神言	gsuy	简单鹤		0		0	0	0	0
公司职员	gsvy	简单鹤		0		0	0	0	0
高僧预测	gsyc	简单鹤		0		0	0	0	0
公司员工	gsyg	简单鹤		0		0	0	0	0
公司业绩	gsyj	简单鹤		0		0	0	0	0
骨髓移植	gsyv	简单鹤		0		0	0	0	0
公司业务	gsyw	简单鹤		0		0	0	0	0
告诉自己	gszj	简单鹤		0		0	0	0	0
共同爱好	gtah	简单鹤		0		0	0	0	0
狗头保命	gtbm	简单鹤		0		0	0	0	0
狗头表情	gtbq	简单鹤		0		0	0	0	0
更谈不上	gtbu	简单鹤		0		0	0	0	0
感叹不已	gtby	简单鹤		0		0	0	0	0
共同参与	gtcy	简单鹤		0		0	0	0	0
鬼图打码	gtdm	简单鹤		0		0	0	0	0
广庭大众	gtdv	简单鹤		1		0	0	0	0
故态复发	gtff	简单鹤		0		0	0	0	0
共同繁荣	gtfr	简单鹤		0		0	0	0	0
共同关注	gtgv	简单鹤		0		0	0	0	0
港台歌星	gtgx	简单鹤		0		0	0	0	0
给条活路	gthl	简单鹤		0		0	0	0	0
钢铁洪流	gthl	简单鹤		0		0	0	0	0
共同话题	gtht	简单鹤		0		0	0	0	0
共同好友	gthy	简单鹤		0		0	0	0	0
个体差异	gtiy	简单鹤		0		0	0	0	0
工藤静香	gtjx	简单鹤		0		0	0	0	0
改天继续	gtjx	简单鹤		0		0	0	0	0
骨头架子	gtjz	简单鹤		0		0	0	0	0
国通快递	gtkd	简单鹤		0		0	0	0	0
共同开发	gtkf	简单鹤		0		0	0	0	0
个体劳动	gtld	简单鹤		0		0	0	0	0
狗头萝莉	gtll	简单鹤		0		0	0	0	0
公摊面积	gtmj	简单鹤		0		0	0	0	0
跟他们说	gtmu	简单鹤		0		0	0	0	0
给他没有	gtmy	简单鹤		0		0	0	0	0
给她没有	gtmy	简单鹤		0		0	0	0	0
干他娘的	gtnd	简单鹤		0		0	0	0	0
感天泣地	gtqd	简单鹤		0		0	0	0	0
共同签署	gtqu	简单鹤		0		0	0	0	0
共同任务	gtrw	简单鹤		0		0	0	0	0
共同提高	gttg	简单鹤		0		0	0	0	0
共同推出	gtti	简单鹤		0		0	0	0	0
高台跳水	gttu	简单鹤		0		0	0	0	0
够他受的	gtud	简单鹤		0		0	0	0	0
够她受的	gtud	简单鹤		0		0	0	0	0
共同生活	gtuh	简单鹤		0		0	0	0	0
共同声明	gtum	简单鹤		0		0	0	0	0
罐头食品	gtup	简单鹤		0		0	0	0	0
光腿神器	gtuq	简单鹤		0		0	0	0	0
钢铁直女	gtvn	简单鹤		0		0	0	0	0
钢铁直男	gtvn	简单鹤		0		0	0	0	0
寡头政治	gtvv	简单鹤		0		0	0	0	0
各条战线	gtvx	简单鹤		0		0	0	0	0
共同维护	gtwh	简单鹤		0		0	0	0	0
共同完成	gtwi	简单鹤		0		0	0	0	0
跟他相比	gtxb	简单鹤		0		0	0	0	0
共同行动	gtxd	简单鹤		0		0	0	0	0
哥谭小丑	gtxi	简单鹤		0		0	0	0	0
高通骁龙	gtxl	简单鹤		0		0	0	0	0
罐头笑声	gtxu	简单鹤		0		0	0	0	0
钙铁锌硒	gtxx	简单鹤		0		0	0	0	0
共同心愿	gtxy	简单鹤		0		0	0	0	0
工藤新一	gtxy	简单鹤		0		0	0	0	0
沟通协作	gtxz	简单鹤		0		0	0	0	0
固体饮料	gtyl	简单鹤		0		0	0	0	0
固态硬盘	gtyp	简单鹤		0		0	0	0	0
干他一票	gtyp	简单鹤		0		0	0	0	0
跟他一起	gtyq	简单鹤		0		0	0	0	0
跟他一样	gtyy	简单鹤		0		0	0	0	0
跟她一样	gtyy	简单鹤		0		0	0	0	0
跟它一样	gtyy	简单鹤		0		0	0	0	0
改天再说	gtzu	简单鹤		0		0	0	0	0
国土资源	gtzy	简单鹤		0		0	0	0	0
感受不到	gubd	简单鹤		0		0	0	0	0
过时不候	gubh	简单鹤		0		0	0	0	0
故事背景	gubj	简单鹤		0		0	0	0	0
光说不练	gubl	简单鹤		0		0	0	0	0
工商部门	gubm	简单鹤		0		0	0	0	0
割舍不去	gubq	简单鹤		0		0	0	0	0
狗屎不如	gubr	简单鹤		0		0	0	0	0
高烧不退	gubt	简单鹤		0		0	0	0	0
该说不说	gubu	简单鹤		0		0	0	0	0
割舍不下	gubx	简单鹤		0		0	0	0	0
工伤保险	gubx	简单鹤		0		0	0	0	0
光说不做	gubz	简单鹤		0		0	0	0	0
感受到的	gudd	简单鹤		0		0	0	0	0
公式打法	gudf	简单鹤		0		0	0	0	0
故事大纲	gudg	简单鹤		0		0	0	0	0
感受到了	gudl	简单鹤		0		0	0	0	0
古神低语	gudy	简单鹤		0		0	0	0	0
拱手而降	guej	简单鹤		1		0	0	0	0
高手风范	guff	简单鹤		0		0	0	0	0
赶上风口	gufk	简单鹤		0		0	0	0	0
干湿分离	gufl	简单鹤		0		0	0	0	0
关上房门	gufm	简单鹤		0		0	0	0	0
告上法庭	guft	简单鹤		0		0	0	0	0
过失犯罪	gufz	简单鹤		0		0	0	0	0
故事梗概	gugg	简单鹤		0		0	0	0	0
格式工厂	gugi	简单鹤		0		0	0	0	0
高手过招	gugv	简单鹤		0		0	0	0	0
高声呼喊	guhh	简单鹤		0		0	0	0	0
广受好评	guhp	简单鹤		0		0	0	0	0
股市行情	guhq	简单鹤		0		0	0	0	0
工商行政	guhv	简单鹤		0		0	0	0	0
广受欢迎	guhy	简单鹤		0		0	0	0	0
关上窗户	guih	简单鹤		0		0	0	0	0
古是今非	gujf	简单鹤		1		0	0	0	0
高尚精神	guju	简单鹤		0		0	0	0	0
观赏价值	gujv	简单鹤		0		0	0	0	0
杠上开花	gukh	简单鹤		0		0	0	0	0
跟谁俩呢	guln	简单鹤		0		0	0	0	0
怪石嶙峋	gulx	简单鹤		0		0	0	0	0
高尚品格	gupg	简单鹤		0		0	0	0	0
高尚品质	gupv	简单鹤		0		0	0	0	0
高尚情操	guqc	简单鹤		0		0	0	0	0
故事情节	guqj	简单鹤		0		0	0	0	0
干啥去了	guql	简单鹤		0		0	0	0	0
高手如林	gurl	简单鹤		0		0	0	0	0
跟上时代	guud	简单鹤		0		0	0	0	0
改善生活	guuh	简单鹤		0		0	0	0	0
攻守转换	guvh	简单鹤		0		0	0	0	0
盖世武功	guwg	简单鹤		0		0	0	0	0
国士无双	guwu	简单鹤		1		0	0	0	0
干啥玩意	guwy	简单鹤		0		0	0	0	0
高山峡谷	guxg	简单鹤		0		0	0	0	0
更深一步	guyb	简单鹤		0		0	0	0	0
共侍一夫	guyf	简单鹤		0		0	0	0	0
更是一种	guyv	简单鹤		0		0	0	0	0
感受一下	guyx	简单鹤		0		0	0	0	0
攻守易形	guyx	简单鹤		0		0	0	0	0
干啥子哦	guzo	简单鹤		0		0	0	0	0
公式做题	guzt	简单鹤		0		0	0	0	0
共筑爱巢	gvai	简单鹤		0		0	0	0	0
各种版本	gvbb	简单鹤		0		0	0	0	0
各种办法	gvbf	简单鹤		0		0	0	0	0
各种不同	gvbt	简单鹤		0		0	0	0	0
高中毕业	gvby	简单鹤		0		0	0	0	0
光着膀子	gvbz	简单鹤		0		0	0	0	0
国之栋梁	gvdl	简单鹤		0		0	0	0	0
故纸堆里	gvdl	简单鹤		0		0	0	0	0
刚中带柔	gvdr	简单鹤		0		0	0	0	0
公制单位	gvdw	简单鹤		0		0	0	0	0
公主殿下	gvdx	简单鹤		0		0	0	0	0
钩直饵咸	gvex	简单鹤		0		0	0	0	0
各种方法	gvff	简单鹤		0		0	0	0	0
甘旨肥浓	gvfn	简单鹤		1		0	0	0	0
归真返璞	gvfp	简单鹤		0		0	0	0	0
各种方式	gvfu	简单鹤		0		0	0	0	0
公正法治	gvfv	简单鹤		0		0	0	0	0
各种规格	gvgg	简单鹤		0		0	0	0	0
跟着感觉	gvgj	简单鹤		0		0	0	0	0
各找各妈	gvgm	简单鹤		0		0	0	0	0
贵州贵阳	gvgy	简单鹤		0		0	0	0	0
革职查办	gvib	简单鹤		0		0	0	0	0
公众场合	gvih	简单鹤		0		0	0	0	0
高中阶段	gvjd	简单鹤		0		0	0	0	0
公证机关	gvjg	简单鹤		0		0	0	0	0
高知家庭	gvjt	简单鹤		0		0	0	0	0
贵重金属	gvju	简单鹤		0		0	0	0	0
关注列表	gvlb	简单鹤		0		0	0	0	0
公主连结	gvlj	简单鹤		0		0	0	0	0
各种类型	gvlx	简单鹤		0		0	0	0	0
公众利益	gvly	简单鹤		0		0	0	0	0
各种理由	gvly	简单鹤		0		0	0	0	0
观众老爷	gvly	简单鹤		0		0	0	0	0
各种矛盾	gvmd	简单鹤		0		0	0	0	0
古装美女	gvmn	简单鹤		0		0	0	0	0
古装美男	gvmn	简单鹤		0		0	0	0	0
隔着屏幕	gvpm	简单鹤		0		0	0	0	0
公众平台	gvpt	简单鹤		0		0	0	0	0
观众朋友	gvpy	简单鹤		0		0	0	0	0
改正缺点	gvqd	简单鹤		0		0	0	0	0
各种情况	gvqk	简单鹤		0		0	0	0	0
各种情形	gvqx	简单鹤		0		0	0	0	0
观者如潮	gvri	简单鹤		0		0	0	0	0
公众人物	gvrw	简单鹤		0		0	0	0	0
个中三昧	gvsm	简单鹤	24	0		0	0	0	0
公忠体国	gvtg	简单鹤		1		0	0	0	0
公众投票	gvtp	简单鹤		0		0	0	0	0
高中同学	gvtx	简单鹤		0		0	0	0	0
高中生活	gvuh	简单鹤		0		0	0	0	0
公众事物	gvuw	简单鹤		0		0	0	0	0
故障诊断	gvvd	简单鹤		0		0	0	0	0
股掌之间	gvvj	简单鹤		0		0	0	0	0
股掌之中	gvvv	简单鹤		0		0	0	0	0
各种职业	gvvy	简单鹤		0		0	0	0	0
歌者文明	gvwm	简单鹤		0		0	0	0	0
各种问题	gvwt	简单鹤		0		0	0	0	0
公众微信	gvwx	简单鹤		0		0	0	0	0
各种想法	gvxf	简单鹤		0		0	0	0	0
高中学历	gvxl	简单鹤		0		0	0	0	0
更主要的	gvyd	简单鹤		0		0	0	0	0
更重要的	gvyd	简单鹤		0		0	0	0	0
各种诱惑	gvyh	简单鹤		0		0	0	0	0
公众舆论	gvyl	简单鹤		0		0	0	0	0
各种因素	gvys	简单鹤		0		0	0	0	0
公之与众	gvyv	简单鹤		0		0	0	0	0
个中原委	gvyw	简单鹤		0		0	0	0	0
关注一下	gvyx	简单鹤		0		0	0	0	0
高职院校	gvyx	简单鹤		0		0	0	0	0
各种原因	gvyy	简单鹤		0		0	0	0	0
各种做法	gvzf	简单鹤		0		0	0	0	0
岗位补贴	gwbt	简单鹤		0		0	0	0	0
高温补贴	gwbt	简单鹤		0		0	0	0	0
歌舞表演	gwby	简单鹤		0		0	0	0	0
各位代表	gwdb	简单鹤		0		0	0	0	0
关我屌事	gwdu	简单鹤		0		0	0	0	0
鼓舞斗志	gwdv	简单鹤		0		0	0	0	0
各玩各的	gwgd	简单鹤		0		0	0	0	0
购物广场	gwgi	简单鹤		0		0	0	0	0
各位观众	gwgv	简单鹤		0		0	0	0	0
高位厚禄	gwhl	简单鹤		1		0	0	0	0
高温超导	gwid	简单鹤		0		0	0	0	0
公务缠身	gwiu	简单鹤		0		0	0	0	0
歌舞伎町	gwjt	简单鹤		0		0	0	0	0
高位截肢	gwjv	简单鹤		0		0	0	0	0
各位看官	gwkg	简单鹤		0		0	0	0	0
国外客户	gwkh	简单鹤		0		0	0	0	0
各位领导	gwld	简单鹤		0		0	0	0	0
高危漏洞	gwld	简单鹤		0		0	0	0	0
更为灵活	gwlh	简单鹤		0		0	0	0	0
怪物猎人	gwlr	简单鹤		0		0	0	0	0
各位老师	gwlu	简单鹤		0		0	0	0	0
更为理想	gwlx	简单鹤		0		0	0	0	0
跟我们说	gwmu	简单鹤		0		0	0	0	0
更为浓厚	gwnh	简单鹤		0		0	0	0	0
关我鸟事	gwnu	简单鹤		0		0	0	0	0
更为迫切	gwpq	简单鹤		0		0	0	0	0
购物平台	gwpt	简单鹤		0		0	0	0	0
关我屁事	gwpu	简单鹤		0		0	0	0	0
各位朋友	gwpy	简单鹤		0		0	0	0	0
高危人群	gwrq	简单鹤		0		0	0	0	0
甘为人梯	gwrt	简单鹤		0		0	0	0	0
公务人员	gwry	简单鹤		0		0	0	0	0
各位同学	gwtx	简单鹤		0		0	0	0	0
贵我双方	gwuf	简单鹤		0		0	0	0	0
购物商场	gwui	简单鹤		0		0	0	0	0
过往甚密	gwum	简单鹤		0		0	0	0	0
鼓舞士气	gwuq	简单鹤		0		0	0	0	0
搁我身上	gwuu	简单鹤		0		0	0	0	0
干我这行	gwvh	简单鹤		0		0	0	0	0
光武中兴	gwvx	简单鹤		0		0	0	0	0
格外注意	gwvy	简单鹤		0		0	0	0	0
该我玩了	gwwl	简单鹤		0		0	0	0	0
过往行人	gwxr	简单鹤		0		0	0	0	0
更为显著	gwxv	简单鹤		0		0	0	0	0
格外小心	gwxx	简单鹤		0		0	0	0	0
给我一个	gwyg	简单鹤		0		0	0	0	0
跟我一起	gwyq	简单鹤		0		0	0	0	0
国外友人	gwyr	简单鹤		0		0	0	0	0
更为严重	gwyv	简单鹤		0		0	0	0	0
跟我一样	gwyy	简单鹤		0		0	0	0	0
过往云烟	gwyy	简单鹤		0		0	0	0	0
古玩字画	gwzh	简单鹤		0		0	0	0	0
割腕自杀	gwzu	简单鹤		0		0	0	0	0
关心爱护	gxah	简单鹤		0		0	0	0	0
关系不错	gxbc	简单鹤		0		0	0	0	0
关系不大	gxbd	简单鹤		0		0	0	0	0
关系不好	gxbh	简单鹤		0		0	0	0	0
光学变焦	gxbj	简单鹤		0		0	0	0	0
关心别人	gxbr	简单鹤		0		0	0	0	0
供血不足	gxbz	简单鹤		0		0	0	0	0
各项措施	gxcu	简单鹤		0		0	0	0	0
搞笑担当	gxdd	简单鹤		0		0	0	0	0
各项贷款	gxdk	简单鹤		0		0	0	0	0
惯性定律	gxdl	简单鹤		0		0	0	0	0
高姓大名	gxdm	简单鹤		1		0	0	0	0
国学大师	gxdu	简单鹤		0		0	0	0	0
高兴的是	gxdu	简单鹤		0		0	0	0	0
个性短语	gxdy	简单鹤		0		0	0	0	0
搞小动作	gxdz	简单鹤		0		0	0	0	0
关系恶化	gxeh	简单鹤		0		0	0	0	0
高兴而来	gxel	简单鹤		0		0	0	0	0
光学防抖	gxfd	简单鹤		0		0	0	0	0
刚下飞机	gxfj	简单鹤		0		0	0	0	0
股息分配	gxfp	简单鹤		0		0	0	0	0
关系匪浅	gxfq	简单鹤		0		0	0	0	0
管辖范围	gxfw	简单鹤		0		0	0	0	0
感谢分享	gxfx	简单鹤		0		0	0	0	0
各项规定	gxgd	简单鹤		0		0	0	0	0
更新公告	gxgg	简单鹤		0		0	0	0	0
更新观念	gxgn	简单鹤		0		0	0	0	0
高兴过头	gxgt	简单鹤		0		0	0	0	0
高兴坏了	gxhl	简单鹤		0		0	0	0	0
关小黑屋	gxhw	简单鹤		0		0	0	0	0
高兴极了	gxjl	简单鹤		0		0	0	0	0
供需见面	gxjm	简单鹤		0		0	0	0	0
更相减损	gxjs	简单鹤		0		0	0	0	0
工薪家庭	gxjt	简单鹤		0		0	0	0	0
共享宽带	gxkd	简单鹤		0		0	0	0	0
广西老表	gxlb	简单鹤		0		0	0	0	0
感谢老板	gxlb	简单鹤		0		0	0	0	0
高下立见	gxlj	简单鹤		0		0	0	0	0
高下立判	gxlp	简单鹤		0		0	0	0	0
高效利用	gxly	简单鹤		0		0	0	0	0
供需矛盾	gxmd	简单鹤		0		0	0	0	0
肝性脑病	gxnb	简单鹤		0		0	0	0	0
隔靴挠痒	gxny	简单鹤		0		0	0	0	0
感谢陪伴	gxpb	简单鹤		0		0	0	0	0
关系平等	gxpd	简单鹤		0		0	0	0	0
干性皮肤	gxpf	简单鹤		0		0	0	0	0
更新频率	gxpl	简单鹤		0		0	0	0	0
高薪聘请	gxpq	简单鹤		0		0	0	0	0
高兴起来	gxql	简单鹤		0		0	0	0	0
个性签名	gxqm	简单鹤		0		0	0	0	0
关系融洽	gxrq	简单鹤		0		0	0	0	0
更新日志	gxrv	简单鹤		0		0	0	0	0
高校认证	gxrv	简单鹤		0		0	0	0	0
过些日子	gxrz	简单鹤		0		0	0	0	0
惯性思维	gxsw	简单鹤		0		0	0	0	0
关系挺好	gxth	简单鹤		0		0	0	0	0
个性突出	gxti	简单鹤		0		0	0	0	0
个性推荐	gxtj	简单鹤		0		0	0	0	0
关心体贴	gxtt	简单鹤		0		0	0	0	0
个性特征	gxtv	简单鹤		0		0	0	0	0
感谢上帝	gxud	简单鹤		0		0	0	0	0
顾小失大	gxud	简单鹤		1		0	0	0	0
搞笑视频	gxup	简单鹤		0		0	0	0	0
各项指标	gxvb	简单鹤		0		0	0	0	0
各项政策	gxvc	简单鹤		0		0	0	0	0
关系重大	gxvd	简单鹤		0		0	0	0	0
各项制度	gxvd	简单鹤		0		0	0	0	0
共享账号	gxvh	简单鹤		0		0	0	0	0
功勋卓著	gxvv	简单鹤		0		0	0	0	0
更新完毕	gxwb	简单鹤		0		0	0	0	0
共享文件	gxwj	简单鹤		0		0	0	0	0
更新文件	gxwj	简单鹤		0		0	0	0	0
革心洗面	gxxm	简单鹤		0		0	0	0	0
高血压病	gxyb	简单鹤		0		0	0	0	0
高薪养廉	gxyl	简单鹤		0		0	0	0	0
感谢有你	gxyn	简单鹤		0		0	0	0	0
更弦易辙	gxyv	简单鹤		1		0	0	0	0
更新游戏	gxyx	简单鹤		0		0	0	0	0
共享资料	gxzl	简单鹤		0		0	0	0	0
关心则乱	gxzl	简单鹤		0		0	0	0	0
个性资源	gxzy	简单鹤		0		0	0	0	0
共享资源	gxzy	简单鹤		0		0	0	0	0
公益宝贝	gybb	简单鹤		0		0	0	0	0
过硬本领	gybl	简单鹤		0		0	0	0	0
滚一边去	gybq	简单鹤		0		0	0	0	0
歌咏比赛	gybs	简单鹤		0		0	0	0	0
过一本线	gybx	简单鹤		0		0	0	0	0
各有不足	gybz	简单鹤		0		0	0	0	0
国有财产	gyci	简单鹤		0		0	0	0	0
各有侧重	gycv	简单鹤		0		0	0	0	0
国语对白	gydb	简单鹤		0		0	0	0	0
工业大国	gydg	简单鹤		0		0	0	0	0
该有多好	gydh	简单鹤		0		0	0	0	0
感应电流	gydl	简单鹤		0		0	0	0	0
故意刁难	gydn	简单鹤		0		0	0	0	0
广义地说	gydu	简单鹤		0		0	0	0	0
皈依佛门	gyfm	简单鹤		0		0	0	0	0
古一法师	gyfu	简单鹤		0		0	0	0	0
故意放水	gyfu	简单鹤		0		0	0	0	0
工业发展	gyfv	简单鹤		0		0	0	0	0
故意犯罪	gyfz	简单鹤		0		0	0	0	0
各有各的	gygd	简单鹤		0		0	0	0	0
国有国法	gygf	简单鹤		0		0	0	0	0
公益广告	gygg	简单鹤		0		0	0	0	0
各有各好	gygh	简单鹤		0		0	0	0	0
工业工程	gygi	简单鹤		0		0	0	0	0
工业国家	gygj	简单鹤		0		0	0	0	0
工业光魔	gygm	简单鹤		0		0	0	0	0
雇佣工人	gygr	简单鹤		0		0	0	0	0
孤言寡语	gygy	简单鹤		0		0	0	0	0
公益活动	gyhd	简单鹤		0		0	0	0	0
各有好处	gyhi	简单鹤		0		0	0	0	0
各有长处	gyii	简单鹤		0		0	0	0	0
赶英超美	gyim	简单鹤		0		0	0	0	0
工业产品	gyip	简单鹤		0		0	0	0	0
工业城市	gyiu	简单鹤		0		0	0	0	0
敢于尝试	gyiu	简单鹤		0		0	0	0	0
鬼影缠身	gyiu	简单鹤		0		0	0	0	0
给予警告	gyjg	简单鹤		0		0	0	0	0
格言警句	gyjj	简单鹤		0		0	0	0	0
惯用伎俩	gyjl	简单鹤		0		0	0	0	0
过于苛刻	gykk	简单鹤		0		0	0	0	0
狗眼看人	gykr	简单鹤		1		0	0	0	0
过于落后	gylh	简单鹤		0		0	0	0	0
工业垃圾	gylj	简单鹤		0		0	0	0	0
诡异莫测	gymc	简单鹤		0		0	0	0	0
光耀门楣	gymm	简单鹤		0		0	0	0	0
光耀门庭	gymt	简单鹤		0		0	0	0	0
鬼影迷踪	gymz	简单鹤		0		0	0	0	0
顾影弄姿	gynz	简单鹤		1		0	0	0	0
归于平静	gypj	简单鹤		0		0	0	0	0
关音菩萨	gyps	简单鹤		0		0	0	0	0
光耀千古	gyqg	简单鹤		0		0	0	0	0
公元前后	gyqh	简单鹤		0		0	0	0	0
工银瑞信	gyrx	简单鹤		0		0	0	0	0
国育速录	gysl	简单鹤		0		0	0	0	0
各有所取	gysq	简单鹤		0		0	0	0	0
各有特点	gytd	简单鹤		0		0	0	0	0
雇佣童工	gytg	简单鹤		0		0	0	0	0
工业糖精	gytj	简单鹤		0		0	0	0	0
归园田居	gytj	简单鹤		0		0	0	0	0
归于失败	gyub	简单鹤		0		0	0	0	0
工业时代	gyud	简单鹤		0		0	0	0	0
高压手段	gyud	简单鹤		0		0	0	0	0
工业社会	gyuh	简单鹤		0		0	0	0	0
工业设计	gyuj	简单鹤		0		0	0	0	0
肝阳上亢	gyuk	简单鹤		0		0	0	0	0
高压水枪	gyuq	简单鹤		0		0	0	0	0
故意杀人	gyur	简单鹤		0		0	0	0	0
公用设施	gyuu	简单鹤		0		0	0	0	0
高压政策	gyvc	简单鹤		0		0	0	0	0
光翼展开	gyvk	简单鹤		0		0	0	0	0
过于真实	gyvu	简单鹤		0		0	0	0	0
工业战线	gyvx	简单鹤		0		0	0	0	0
高压中心	gyvx	简单鹤		0		0	0	0	0
过于先进	gyxj	简单鹤		0		0	0	0	0
高优先级	gyxj	简单鹤		0		0	0	0	0
高原现象	gyxx	简单鹤		0		0	0	0	0
各有优点	gyyd	简单鹤		0		0	0	0	0
各有用处	gyyi	简单鹤		0		0	0	0	0
各有优劣	gyyl	简单鹤		0		0	0	0	0
工业原料	gyyl	简单鹤		0		0	0	0	0
固有一死	gyys	简单鹤		0		0	0	0	0
更有意思	gyys	简单鹤		0		0	0	0	0
工业用水	gyyu	简单鹤		0		0	0	0	0
割以永治	gyyv	简单鹤		0		0	0	0	0
歌以咏志	gyyv	简单鹤		0		0	0	0	0
更有意义	gyyy	简单鹤		0		0	0	0	0
故意作对	gyzd	简单鹤		0		0	0	0	0
观音坐莲	gyzl	简单鹤		0		0	0	0	0
公约组织	gyzv	简单鹤		0		0	0	0	0
工作安排	gzap	简单鹤		0		0	0	0	0
个子不高	gzbg	简单鹤		0		0	0	0	0
工资不高	gzbg	简单鹤		0		0	0	0	0
工作部署	gzbu	简单鹤		0		0	0	0	0
故作多情	gzdq	简单鹤		0		0	0	0	0
更糟的是	gzdu	简单鹤		0		0	0	0	0
跪在地上	gzdu	简单鹤		0		0	0	0	0
工作方针	gzfv	简单鹤		0		0	0	0	0
工作负责	gzfz	简单鹤		0		0	0	0	0
个子高高	gzgg	简单鹤		0		0	0	0	0
工资管理	gzgl	简单鹤		0		0	0	0	0
规则怪谈	gzgt	简单鹤		0		0	0	0	0
工作关系	gzgx	简单鹤		0		0	0	0	0
个子很高	gzhg	简单鹤		0		0	0	0	0
工资很高	gzhg	简单鹤		0		0	0	0	0
工作环境	gzhj	简单鹤		0		0	0	0	0
构造函数	gzhu	简单鹤		0		0	0	0	0
贵族积分	gzjf	简单鹤		0		0	0	0	0
工作机会	gzjh	简单鹤		0		0	0	0	0
光子精灵	gzjl	简单鹤		0		0	0	0	0
关在家里	gzjl	简单鹤		0		0	0	0	0
工作经历	gzjl	简单鹤		0		0	0	0	0
故作坚强	gzjq	简单鹤		0		0	0	0	0
狗坐轿子	gzjz	简单鹤		0		0	0	0	0
工作狂魔	gzkm	简单鹤		0		0	0	0	0
工作力度	gzld	简单鹤		0		0	0	0	0
工作流程	gzli	简单鹤		0		0	0	0	0
该怎么办	gzmb	简单鹤		0		0	0	0	0
该怎么样	gzmy	简单鹤		0		0	0	0	0
给足面子	gzmz	简单鹤		0		0	0	0	0
工作难度	gznd	简单鹤		0		0	0	0	0
工作能力	gznl	简单鹤		0		0	0	0	0
工作内容	gznr	简单鹤		0		0	0	0	0
工作年限	gznx	简单鹤		0		0	0	0	0
庚子赔款	gzpk	简单鹤		0		0	0	0	0
故作清高	gzqg	简单鹤		0		0	0	0	0
工作情况	gzqk	简单鹤		0		0	0	0	0
各族群众	gzqv	简单鹤		0		0	0	0	0
工作日内	gzrn	简单鹤		0		0	0	0	0
工作日志	gzrv	简单鹤		0		0	0	0	0
改造思想	gzsx	简单鹤		0		0	0	0	0
工作态度	gztd	简单鹤		0		0	0	0	0
工作通知	gztv	简单鹤		0		0	0	0	0
工作生活	gzuh	简单鹤		0		0	0	0	0
工作顺利	gzul	简单鹤		0		0	0	0	0
鼓足士气	gzuq	简单鹤		0		0	0	0	0
工资收入	gzur	简单鹤		0		0	0	0	0
故作镇定	gzvd	简单鹤		0		0	0	0	0
故作镇静	gzvj	简单鹤		0		0	0	0	0
贵在真实	gzvu	简单鹤		0		0	0	0	0
工作之余	gzvy	简单鹤		0		0	0	0	0
工作性质	gzxv	简单鹤		0		0	0	0	0
工作学习	gzxx	简单鹤		0		0	0	0	0
各走一边	gzyb	简单鹤		0		0	0	0	0
贵族运动	gzyd	简单鹤		0		0	0	0	0
工作压力	gzyl	简单鹤		0		0	0	0	0
工作原理	gzyl	简单鹤		0		0	0	0	0
工作要求	gzyq	简单鹤		0		0	0	0	0
刚则易折	gzyv	简单鹤		0		0	0	0	0
工作原因	gzyy	简单鹤		0		0	0	0	0
工作原则	gzyz	简单鹤		0		0	0	0	0
挂在嘴边	gzzb	简单鹤		0		0	0	0	0
贵族子弟	gzzd	简单鹤		0		0	0	0	0
工作责任	gzzr	简单鹤		0		0	0	0	0
挂在嘴上	gzzu	简单鹤		0		0	0	0	0
好啊好啊	haha	简单鹤		0		0	0	0	0
黑暗降临	hajl	简单鹤		0		0	0	0	0
黑暗料理	hall	简单鹤		0		0	0	0	0
黑暗模式	hamu	简单鹤		0		0	0	0	0
黑暗森林	hasl	简单鹤		0		0	0	0	0
黑暗之魂	havh	简单鹤		0		0	0	0	0
厚彼薄此	hbbc	简单鹤		0		0	0	0	0
后半部分	hbbf	简单鹤		0		0	0	0	0
毫不保留	hbbl	简单鹤		0		0	0	0	0
环保部门	hbbm	简单鹤		0		0	0	0	0
货币贬值	hbbv	简单鹤		0		0	0	0	0
很不错的	hbcd	简单鹤		0		0	0	0	0
河北彩花	hbch	简单鹤		0		0	0	0	0
很不错了	hbcl	简单鹤		0		0	0	0	0
货不对板	hbdb	简单鹤		0		0	0	0	0
很不得劲	hbdj	简单鹤		0		0	0	0	0
号被盗了	hbdl	简单鹤		0		0	0	0	0
货不对路	hbdl	简单鹤		0		0	0	0	0
黑帮大佬	hbdl	简单鹤		0		0	0	0	0
话不多说	hbdu	简单鹤		0		0	0	0	0
黑白电视	hbdu	简单鹤		0		0	0	0	0
何必当真	hbdv	简单鹤		0		0	0	0	0
货币单位	hbdw	简单鹤		0		0	0	0	0
黑白电影	hbdy	简单鹤		0		0	0	0	0
好不方便	hbfb	简单鹤		0		0	0	0	0
很不方便	hbfb	简单鹤		0		0	0	0	0
花呗分期	hbfq	简单鹤		0		0	0	0	0
毫不放松	hbfs	简单鹤		0		0	0	0	0
海拔高度	hbgd	简单鹤		0		0	0	0	0
很不规范	hbgf	简单鹤		0		0	0	0	0
缓不过气	hbgq	简单鹤		0		0	0	0	0
互不干扰	hbgr	简单鹤		0		0	0	0	0
合并感染	hbgr	简单鹤		0		0	0	0	0
伙伴关系	hbgx	简单鹤		0		0	0	0	0
很不高兴	hbgx	简单鹤		0		0	0	0	0
汇报工作	hbgz	简单鹤		0		0	0	0	0
好不好啊	hbha	简单鹤		0		0	0	0	0
好吧好吧	hbhb	简单鹤		0		0	0	0	0
黑帮火并	hbhb	简单鹤		0		0	0	0	0
很不好过	hbhg	简单鹤		0		0	0	0	0
毫不含糊	hbhh	简单鹤		0		0	0	0	0
好不好吃	hbhi	简单鹤		0		0	0	0	0
好不好记	hbhj	简单鹤		0		0	0	0	0
好不好看	hbhk	简单鹤		0		0	0	0	0
很不合理	hbhl	简单鹤		0		0	0	0	0
货币回笼	hbhl	简单鹤		0		0	0	0	0
好不好嘛	hbhm	简单鹤		0		0	0	0	0
好不好呢	hbhn	简单鹤		0		0	0	0	0
害不害怕	hbhp	简单鹤		0		0	0	0	0
花不花钱	hbhq	简单鹤		0		0	0	0	0
很不划算	hbhs	简单鹤		0		0	0	0	0
货币换算	hbhs	简单鹤		0		0	0	0	0
会不会是	hbhu	简单鹤		0		0	0	0	0
合不合适	hbhu	简单鹤		0		0	0	0	0
会不会玩	hbhw	简单鹤		0		0	0	0	0
好不好玩	hbhw	简单鹤		0		0	0	0	0
好不好用	hbhy	简单鹤		0		0	0	0	0
花不出去	hbiq	简单鹤		0		0	0	0	0
汇编程序	hbix	简单鹤		0		0	0	0	0
好不讲理	hbjl	简单鹤		0		0	0	0	0
谎报军情	hbjq	简单鹤		0		0	0	0	0
活不见人	hbjr	简单鹤		0		0	0	0	0
货币金融	hbjr	简单鹤		0		0	0	0	0
讳病忌医	hbjy	简单鹤		0		0	0	0	0
回报可观	hbkg	简单鹤		0		0	0	0	0
环保科技	hbkj	简单鹤		0		0	0	0	0
好不快乐	hbkl	简单鹤		0		0	0	0	0
很不客气	hbkq	简单鹤		0		0	0	0	0
毫不夸张	hbkv	简单鹤		0		0	0	0	0
好不开心	hbkx	简单鹤		0		0	0	0	0
很不开心	hbkx	简单鹤		0		0	0	0	0
互不理睬	hblc	简单鹤		0		0	0	0	0
黑白两道	hbld	简单鹤		0		0	0	0	0
河坝老哥	hblg	简单鹤		0		0	0	0	0
合不拢了	hbll	简单鹤		0		0	0	0	0
回不来了	hbll	简单鹤		0		0	0	0	0
环保理念	hbln	简单鹤		0		0	0	0	0
毫不吝啬	hbls	简单鹤		0		0	0	0	0
合不拢腿	hblt	简单鹤		0		0	0	0	0
回不了头	hblt	简单鹤		0		0	0	0	0
还不了手	hblu	简单鹤		0		0	0	0	0
还不明白	hbmb	简单鹤		0		0	0	0	0
还不明确	hbmq	简单鹤		0		0	0	0	0
很不满意	hbmy	简单鹤		0		0	0	0	0
还不满意	hbmy	简单鹤		0		0	0	0	0
活不耐烦	hbnf	简单鹤		0		0	0	0	0
何必那么	hbnm	简单鹤		0		0	0	0	0
挥兵南下	hbnx	简单鹤		0		0	0	0	0
何必那样	hbny	简单鹤		0		0	0	0	0
毫不奇怪	hbqg	简单鹤		0		0	0	0	0
很不清楚	hbqi	简单鹤		0		0	0	0	0
还不清楚	hbqi	简单鹤		0		0	0	0	0
汇报情况	hbqk	简单鹤		0		0	0	0	0
回不去了	hbql	简单鹤		0		0	0	0	0
何必强求	hbqq	简单鹤		0		0	0	0	0
火遍全球	hbqq	简单鹤		0		0	0	0	0
火爆全网	hbqw	简单鹤		0		0	0	0	0
火遍全网	hbqw	简单鹤		0		0	0	0	0
很不情愿	hbqy	简单鹤		0		0	0	0	0
互不让步	hbrb	简单鹤		0		0	0	0	0
何必如此	hbrc	简单鹤		0		0	0	0	0
好不热闹	hbrn	简单鹤		0		0	0	0	0
互不认识	hbru	简单鹤		0		0	0	0	0
还不如说	hbru	简单鹤		0		0	0	0	0
很不容易	hbry	简单鹤		0		0	0	0	0
好不随便	hbsb	简单鹤		0		0	0	0	0
还不死心	hbsx	简单鹤		0		0	0	0	0
黑白通吃	hbti	简单鹤		0		0	0	0	0
海豹突击	hbtj	简单鹤		0		0	0	0	0
虎不食儿	hbue	简单鹤		1		0	0	0	0
很不舒服	hbuf	简单鹤		0		0	0	0	0
毫不设防	hbuf	简单鹤		0		0	0	0	0
回报社会	hbuh	简单鹤		0		0	0	0	0
很不适合	hbuh	简单鹤		0		0	0	0	0
火遍世界	hbuj	简单鹤		0		0	0	0	0
还不睡觉	hbuj	简单鹤		0		0	0	0	0
核爆神曲	hbuq	简单鹤		0		0	0	0	0
毫不手软	hbur	简单鹤		0		0	0	0	0
毫不示弱	hbur	简单鹤		0		0	0	0	0
黑白双煞	hbuu	简单鹤		0		0	0	0	0
环比上涨	hbuv	简单鹤		0		0	0	0	0
很不适应	hbuy	简单鹤		0		0	0	0	0
还不属于	hbuy	简单鹤		0		0	0	0	0
货币政策	hbvc	简单鹤		0		0	0	0	0
后不着店	hbvd	简单鹤		0		0	0	0	0
还不知道	hbvd	简单鹤		0		0	0	0	0
很不正常	hbvi	简单鹤		0		0	0	0	0
黑白照片	hbvp	简单鹤		0		0	0	0	0
毫不知情	hbvq	简单鹤		0		0	0	0	0
虎贲之师	hbvu	简单鹤		0		0	0	0	0
还不至于	hbvy	简单鹤		0		0	0	0	0
很不稳定	hbwd	简单鹤		0		0	0	0	0
毫不畏惧	hbwj	简单鹤		0		0	0	0	0
悍不畏死	hbws	简单鹤		0		0	0	0	0
河北卫视	hbwu	简单鹤		0		0	0	0	0
海捕文书	hbwu	简单鹤		0		0	0	0	0
环比下跌	hbxd	简单鹤		0		0	0	0	0
很不喜欢	hbxh	简单鹤		0		0	0	0	0
黑白相间	hbxj	简单鹤		0		0	0	0	0
还不行吗	hbxm	简单鹤		0		0	0	0	0
互不相欠	hbxq	简单鹤		0		0	0	0	0
活不下去	hbxq	简单鹤		0		0	0	0	0
互不相容	hbxr	简单鹤		0		0	0	0	0
毫不逊色	hbxs	简单鹤		0		0	0	0	0
合并消息	hbxx	简单鹤		0		0	0	0	0
狠不下心	hbxx	简单鹤		0		0	0	0	0
很不一般	hbyb	简单鹤		0		0	0	0	0
还不一定	hbyd	简单鹤		0		0	0	0	0
很不应该	hbyg	简单鹤		0		0	0	0	0
毫不隐瞒	hbym	简单鹤		0		0	0	0	0
含悲饮泣	hbyq	简单鹤		0		0	0	0	0
互不影响	hbyx	简单鹤		0		0	0	0	0
环比增长	hbzi	简单鹤		0		0	0	0	0
货币组织	hbzv	简单鹤		0		0	0	0	0
毫不作为	hbzw	简单鹤		0		0	0	0	0
毫不在意	hbzy	简单鹤		0		0	0	0	0
还不足以	hbzy	简单鹤		0		0	0	0	0
荒草丛生	hccu	简单鹤		0		0	0	0	0
宏才大略	hcdl	简单鹤		1		0	0	0	0
划词翻译	hcfy	简单鹤		0		0	0	0	0
好菜好饭	hchf	简单鹤		0		0	0	0	0
花丛老手	hclu	简单鹤		0		0	0	0	0
荤菜素价	hcsj	简单鹤		0		0	0	0	0
获此殊荣	hcur	简单鹤		0		0	0	0	0
何错之有	hcvy	简单鹤		0		0	0	0	0
花残月缺	hcyq	简单鹤		1		0	0	0	0
黑道白道	hdbd	简单鹤		0		0	0	0	0
好歹不分	hdbf	简单鹤		0		0	0	0	0
很大变化	hdbh	简单鹤		0		0	0	0	0
回答不来	hdbl	简单鹤		0		0	0	0	0
皇帝陛下	hdbx	简单鹤		0		0	0	0	0
很多不足	hdbz	简单鹤		0		0	0	0	0
活动策划	hdch	简单鹤		0		0	0	0	0
灰度测试	hdcu	简单鹤		0		0	0	0	0
好多地方	hddf	简单鹤		0		0	0	0	0
很多地方	hddf	简单鹤		0		0	0	0	0
黑道大哥	hddg	简单鹤		0		0	0	0	0
很大打击	hddj	简单鹤		0		0	0	0	0
很多的人	hddr	简单鹤		0		0	0	0	0
互动地图	hddt	简单鹤		0		0	0	0	0
很多的事	hddu	简单鹤		0		0	0	0	0
好多东西	hddx	简单鹤		0		0	0	0	0
很多东西	hddx	简单鹤		0		0	0	0	0
很多都有	hddy	简单鹤		0		0	0	0	0
好的方法	hdff	简单鹤		0		0	0	0	0
货到付款	hdfk	简单鹤		0		0	0	0	0
很多方面	hdfm	简单鹤		0		0	0	0	0
花点功夫	hdgf	简单鹤		0		0	0	0	0
很多国家	hdgj	简单鹤		0		0	0	0	0
很大概率	hdgl	简单鹤		0		0	0	0	0
恒定功率	hdgl	简单鹤		0		0	0	0	0
回到过去	hdgq	简单鹤		0		0	0	0	0
欢度国庆	hdgq	简单鹤		0		0	0	0	0
很大关系	hdgx	简单鹤		0		0	0	0	0
好多好多	hdhd	简单鹤		0		0	0	0	0
很多很多	hdhd	简单鹤		0		0	0	0	0
很多坏处	hdhi	简单鹤		0		0	0	0	0
好的环境	hdhj	简单鹤		0		0	0	0	0
获得好评	hdhp	简单鹤		0		0	0	0	0
旱的旱死	hdhs	简单鹤		0		0	0	0	0
忽大忽小	hdhx	简单鹤		0		0	0	0	0
很大程度	hdid	简单鹤		0		0	0	0	0
获得成功	hdig	简单鹤		0		0	0	0	0
很大成绩	hdij	简单鹤		0		0	0	0	0
画地成牢	hdil	简单鹤		1		0	0	0	0
换代产品	hdip	简单鹤		0		0	0	0	0
很大差异	hdiy	简单鹤		0		0	0	0	0
活动经费	hdjf	简单鹤		0		0	0	0	0
回到家后	hdjh	简单鹤		0		0	0	0	0
很多机会	hdjh	简单鹤		0		0	0	0	0
很大机会	hdjh	简单鹤		0		0	0	0	0
回到家里	hdjl	简单鹤		0		0	0	0	0
回到家中	hdjv	简单鹤		0		0	0	0	0
好的建议	hdjy	简单鹤		0		0	0	0	0
好的开端	hdkd	简单鹤		0		0	0	0	0
很大可能	hdkn	简单鹤		0		0	0	0	0
活动流程	hdli	简单鹤		0		0	0	0	0
回到了家	hdlj	简单鹤		0		0	0	0	0
混蛋逻辑	hdlj	简单鹤		0		0	0	0	0
坏得流脓	hdln	简单鹤		0		0	0	0	0
滑动摩擦	hdmc	简单鹤		0		0	0	0	0
横断面积	hdmj	简单鹤		0		0	0	0	0
很大难度	hdnd	简单鹤		0		0	0	0	0
很多年后	hdnh	简单鹤		0		0	0	0	0
好多年了	hdnl	简单鹤		0		0	0	0	0
很多年了	hdnl	简单鹤		0		0	0	0	0
活动能力	hdnl	简单鹤		0		0	0	0	0
好多年前	hdnq	简单鹤		0		0	0	0	0
很多年前	hdnq	简单鹤		0		0	0	0	0
活动内容	hdnr	简单鹤		0		0	0	0	0
黑得漂亮	hdpl	简单鹤		0		0	0	0	0
活动评选	hdpx	简单鹤		0		0	0	0	0
很多朋友	hdpy	简单鹤		0		0	0	0	0
活动期间	hdqj	简单鹤		0		0	0	0	0
很多人的	hdrd	简单鹤		0		0	0	0	0
很多时候	hdsh	简单鹤		0		0	0	0	0
很大提高	hdtg	简单鹤		0		0	0	0	0
很多同学	hdtx	简单鹤		0		0	0	0	0
互动体验	hdty	简单鹤		0		0	0	0	0
活动时间	hduj	简单鹤		0		0	0	0	0
海底世界	hduj	简单鹤		0		0	0	0	0
还得是你	hdun	简单鹤		0		0	0	0	0
很多事情	hduq	简单鹤		0		0	0	0	0
横倒竖歪	hduw	简单鹤		0		0	0	0	0
很多事项	hdux	简单鹤		0		0	0	0	0
红底照片	hdvp	简单鹤		0		0	0	0	0
回答正确	hdvq	简单鹤		0		0	0	0	0
皇帝诏曰	hdvy	简单鹤		0		0	0	0	0
很多问题	hdwt	简单鹤		0		0	0	0	0
很大问题	hdwt	简单鹤		0		0	0	0	0
好的想法	hdxf	简单鹤		0		0	0	0	0
很多想法	hdxf	简单鹤		0		0	0	0	0
花都谢了	hdxl	简单鹤		0		0	0	0	0
活动项目	hdxm	简单鹤		0		0	0	0	0
憨豆先生	hdxu	简单鹤		0		0	0	0	0
很大希望	hdxw	简单鹤		0		0	0	0	0
获得学位	hdxw	简单鹤		0		0	0	0	0
蝴蝶效应	hdxy	简单鹤		0		0	0	0	0
回到现在	hdxz	简单鹤		0		0	0	0	0
活到现在	hdxz	简单鹤		0		0	0	0	0
慌得一逼	hdyb	简单鹤		0		0	0	0	0
回到原点	hdyd	简单鹤		0		0	0	0	0
很大压力	hdyl	简单鹤		0		0	0	0	0
慌得一匹	hdyp	简单鹤		0		0	0	0	0
慌得一批	hdyp	简单鹤		0		0	0	0	0
很多要求	hdyq	简单鹤		0		0	0	0	0
很大影响	hdyx	简单鹤		0		0	0	0	0
很多原因	hdyy	简单鹤		0		0	0	0	0
话到嘴边	hdzb	简单鹤		0		0	0	0	0
昏倒在地	hdzd	简单鹤		0		0	0	0	0
活到最后	hdzh	简单鹤		0		0	0	0	0
回到最初	hdzi	简单鹤		0		0	0	0	0
很大作用	hdzy	简单鹤		0		0	0	0	0
花儿朵朵	hedd	简单鹤		0		0	0	0	0
皇恩浩荡	hehd	简单鹤		0		0	0	0	0
海尔兄弟	hexd	简单鹤		0		0	0	0	0
花儿谢了	hexl	简单鹤		0		0	0	0	0
霍尔效应	hexy	简单鹤		0		0	0	0	0
回复惨案	hfca	简单鹤		0		0	0	0	0
合法财产	hfci	简单鹤		0		0	0	0	0
合法夫妻	hffq	简单鹤		0		0	0	0	0
恢复分区	hffq	简单鹤		0		0	0	0	0
回防高地	hfgd	简单鹤		0		0	0	0	0
恢复出厂	hfii	简单鹤		0		0	0	0	0
混分巨首	hfju	简单鹤		0		0	0	0	0
合法经营	hfjy	简单鹤		0		0	0	0	0
红粉骷髅	hfkl	简单鹤		0		0	0	0	0
合法萝莉	hfll	简单鹤		0		0	0	0	0
寒风凛冽	hfll	简单鹤		0		0	0	0	0
寒风凛凛	hfll	简单鹤		0		0	0	0	0
话分两头	hflt	简单鹤		0		0	0	0	0
恢复理智	hflv	简单鹤		0		0	0	0	0
合法利益	hfly	简单鹤		0		0	0	0	0
火凤燎原	hfly	简单鹤		0		0	0	0	0
恢复默认	hfmr	简单鹤		0		0	0	0	0
哈夫曼树	hfmu	简单鹤		0		0	0	0	0
恢复名誉	hfmy	简单鹤		0		0	0	0	0
合法权利	hfql	简单鹤		0		0	0	0	0
何方人氏	hfru	简单鹤		0		0	0	0	0
回复如下	hfrx	简单鹤		0		0	0	0	0
鹤发松姿	hfsz	简单鹤		1		0	0	0	0
画风突变	hftb	简单鹤		0		0	0	0	0
恢复体力	hftl	简单鹤		0		0	0	0	0
黑粉头子	hftz	简单鹤		0		0	0	0	0
合法收入	hfur	简单鹤		0		0	0	0	0
何方神圣	hfuu	简单鹤		0		0	0	0	0
恢复中华	hfvh	简单鹤		0		0	0	0	0
恢复正常	hfvi	简单鹤		0		0	0	0	0
恢复主权	hfvq	简单鹤		0		0	0	0	0
胡肥钟瘦	hfvu	简单鹤		0		0	0	0	0
祸福无门	hfwm	简单鹤		1		0	0	0	0
化腐为奇	hfwq	简单鹤		1		0	0	0	0
祸福相生	hfxu	简单鹤		1		0	0	0	0
荒废学业	hfxy	简单鹤		0		0	0	0	0
话费余额	hfye	简单鹤		0		0	0	0	0
恢复元气	hfyq	简单鹤		0		0	0	0	0
恢复原状	hfyv	简单鹤		0		0	0	0	0
恢复原样	hfyy	简单鹤		0		0	0	0	0
护肤养颜	hfyy	简单鹤		0		0	0	0	0
很负责任	hfzr	简单鹤		0		0	0	0	0
还搞不清	hgbq	简单鹤		0		0	0	0	0
换个地方	hgdf	简单鹤		0		0	0	0	0
火锅底料	hgdl	简单鹤		0		0	0	0	0
后宫动漫	hgdm	简单鹤		0		0	0	0	0
活该倒霉	hgdm	简单鹤		0		0	0	0	0
横贯东西	hgdx	简单鹤		0		0	0	0	0
换个方法	hgff	简单鹤		0		0	0	0	0
荷官发牌	hgfp	简单鹤		0		0	0	0	0
涵盖范围	hgfw	简单鹤		0		0	0	0	0
回归分析	hgfx	简单鹤		0		0	0	0	0
魂归故里	hggl	简单鹤		0		0	0	0	0
回顾过去	hggq	简单鹤		0		0	0	0	0
换个话题	hght	简单鹤		0		0	0	0	0
化工产品	hgip	简单鹤		0		0	0	0	0
合格产品	hgip	简单鹤		0		0	0	0	0
火光冲天	hgit	简单鹤	2386	0		0	0	0	0
宏观角度	hgjd	简单鹤		0		0	0	0	0
换个角度	hgjd	简单鹤		0		0	0	0	0
缓过劲儿	hgje	简单鹤		0		0	0	0	0
海关检查	hgji	简单鹤		0		0	0	0	0
缓过劲来	hgjl	简单鹤		0		0	0	0	0
回归开头	hgkt	简单鹤		0		0	0	0	0
换个口味	hgkw	简单鹤		0		0	0	0	0
华冠丽服	hglf	简单鹤		1		0	0	0	0
混个脸熟	hglu	简单鹤		0		0	0	0	0
魂归来兮	hglx	简单鹤		0		0	0	0	0
含垢纳污	hgnw	简单鹤		1		0	0	0	0
回归片头	hgpt	简单鹤		0		0	0	0	0
昏古七了	hgql	简单鹤		0		0	0	0	0
昏过去了	hgql	简单鹤		0		0	0	0	0
缓过气来	hgql	简单鹤		0		0	0	0	0
会过日子	hgrz	简单鹤		0		0	0	0	0
环顾四周	hgsv	简单鹤		0		0	0	0	0
划过天际	hgtj	简单鹤		0		0	0	0	0
回过头去	hgtq	简单鹤		0		0	0	0	0
火光通天	hgtt	简单鹤		0		0	0	0	0
怀古伤今	hguj	简单鹤		0		0	0	0	0
回过神来	hgul	简单鹤		0		0	0	0	0
缓过神来	hgul	简单鹤		0		0	0	0	0
护国神山	hguu	简单鹤		0		0	0	0	0
回归玩家	hgwj	简单鹤		0		0	0	0	0
回过味来	hgwl	简单鹤		0		0	0	0	0
换个位置	hgwv	简单鹤		0		0	0	0	0
很高兴的	hgxd	简单鹤		0		0	0	0	0
回国效力	hgxl	简单鹤		0		0	0	0	0
后果严重	hgyv	简单鹤		0		0	0	0	0
回顾一下	hgyx	简单鹤		0		0	0	0	0
好果子吃	hgzi	简单鹤		0		0	0	0	0
回顾总结	hgzj	简单鹤		0		0	0	0	0
回归自然	hgzr	简单鹤		0		0	0	0	0
汉化补丁	hhbd	简单鹤		0		0	0	0	0
后悔不该	hhbg	简单鹤		0		0	0	0	0
豪横跋扈	hhbh	简单鹤		1		0	0	0	0
豪华别墅	hhbu	简单鹤		0		0	0	0	0
还好不是	hhbu	简单鹤		0		0	0	0	0
好坏参半	hhcb	简单鹤		0		0	0	0	0
黑盒测试	hhcu	简单鹤		0		0	0	0	0
混合动力	hhdl	简单鹤		0		0	0	0	0
恢宏大气	hhdq	简单鹤		0		0	0	0	0
恢弘大气	hhdq	简单鹤		0		0	0	0	0
活活打死	hhds	简单鹤		0		0	0	0	0
好好读书	hhdu	简单鹤		0		0	0	0	0
好活当赏	hhdu	简单鹤		0		0	0	0	0
呵呵大笑	hhdx	简单鹤		0		0	0	0	0
哼哈二将	hhej	简单鹤		0		0	0	0	0
活活饿死	hhes	简单鹤		0		0	0	0	0
缓缓而行	hhex	简单鹤		0		0	0	0	0
绘画风格	hhfg	简单鹤		0		0	0	0	0
好好反思	hhfs	简单鹤		0		0	0	0	0
化合反应	hhfy	简单鹤		0		0	0	0	0
好好管管	hhgg	简单鹤		0		0	0	0	0
合乎规律	hhgl	简单鹤		0		0	0	0	0
黄花姑娘	hhgn	简单鹤		0		0	0	0	0
好好改造	hhgz	简单鹤		0		0	0	0	0
好合好散	hhhs	简单鹤		0		0	0	0	0
好好活着	hhhv	简单鹤		0		0	0	0	0
好好吃饭	hhif	简单鹤		0		0	0	0	0
辉煌成就	hhij	简单鹤		0		0	0	0	0
活活撑死	hhis	简单鹤		0		0	0	0	0
护航舰队	hhjd	简单鹤		0		0	0	0	0
鸿鹄将至	hhjv	简单鹤		1		0	0	0	0
好好款待	hhkd	简单鹤		0		0	0	0	0
好好看看	hhkk	简单鹤		0		0	0	0	0
换换口味	hhkw	简单鹤		0		0	0	0	0
挥毫落笔	hhlb	简单鹤		0		0	0	0	0
缓缓流动	hhld	简单鹤		0		0	0	0	0
挥霍浪费	hhlf	简单鹤		0		0	0	0	0
画虎类狗	hhlg	简单鹤		1		0	0	0	0
很好理解	hhlj	简单鹤		0		0	0	0	0
活活累死	hhls	简单鹤		0		0	0	0	0
好好利用	hhly	简单鹤		0		0	0	0	0
缓和矛盾	hhmd	简单鹤		0		0	0	0	0
混合模式	hhmu	简单鹤		0		0	0	0	0
黄花女儿	hhne	简单鹤		0		0	0	0	0
好好努力	hhnl	简单鹤		0		0	0	0	0
皇后娘娘	hhnn	简单鹤		0		0	0	0	0
换换脑子	hhnz	简单鹤		0		0	0	0	0
好好配合	hhph	简单鹤		0		0	0	0	0
活活气死	hhqs	简单鹤		0		0	0	0	0
昏昏入睡	hhru	简单鹤		0		0	0	0	0
混合溶液	hhry	简单鹤		0		0	0	0	0
火花四溅	hhsj	简单鹤		0		0	0	0	0
后悔死了	hhsl	简单鹤		0		0	0	0	0
挥毫洒墨	hhsm	简单鹤		0		0	0	0	0
好好听啊	hhta	简单鹤		0		0	0	0	0
豪华套房	hhtf	简单鹤		0		0	0	0	0
黑虎掏心	hhtx	简单鹤		0		0	0	0	0
混合双打	hhud	简单鹤		0		0	0	0	0
好好说话	hhuh	简单鹤		0		0	0	0	0
婚后生活	hhuh	简单鹤		0		0	0	0	0
好好睡觉	hhuj	简单鹤		0		0	0	0	0
洪荒世界	hhuj	简单鹤		0		0	0	0	0
昏昏睡去	hhuq	简单鹤		0		0	0	0	0
活活烧死	hhus	简单鹤		0		0	0	0	0
护花使者	hhuv	简单鹤		0		0	0	0	0
呵呵傻笑	hhux	简单鹤		0		0	0	0	0
虎鹤双形	hhux	简单鹤		0		0	0	0	0
合乎周礼	hhvl	简单鹤		0		0	0	0	0
合乎粥礼	hhvl	简单鹤		0		0	0	0	0
悔恨之泪	hhvl	简单鹤		0		0	0	0	0
悔恨终生	hhvu	简单鹤		0		0	0	0	0
好好珍惜	hhvx	简单鹤		0		0	0	0	0
赫赫威名	hhwm	简单鹤		0		0	0	0	0
毁坏文物	hhww	简单鹤		0		0	0	0	0
浩瀚星空	hhxk	简单鹤		0		0	0	0	0
好好享受	hhxu	简单鹤		0		0	0	0	0
好好学习	hhxx	简单鹤		0		0	0	0	0
好好想想	hhxx	简单鹤		0		0	0	0	0
皇后乐队	hhyd	简单鹤		0		0	0	0	0
辉煌业绩	hhyj	简单鹤		0		0	0	0	0
合乎要求	hhyq	简单鹤		0		0	0	0	0
呵呵一笑	hhyx	简单鹤		0		0	0	0	0
哈哈一笑	hhyx	简单鹤		0		0	0	0	0
嘿嘿一笑	hhyx	简单鹤		0		0	0	0	0
挥挥衣袖	hhyx	简单鹤		0		0	0	0	0
好好做做	hhzz	简单鹤		0		0	0	0	0
好吃不贵	hibg	简单鹤		0		0	0	0	0
何尝不是	hibu	简单鹤		0		0	0	0	0
何出此言	hicy	简单鹤		0		0	0	0	0
好处多多	hidd	简单鹤		0		0	0	0	0
混吃等死	hids	简单鹤		0		0	0	0	0
红尘滚滚	higg	简单鹤		0		0	0	0	0
或长或短	hihd	简单鹤		0		0	0	0	0
或迟或早	hihz	简单鹤		0		0	0	0	0
红尘客栈	hikv	简单鹤		0		0	0	0	0
横穿马路	himl	简单鹤		0		0	0	0	0
怀揣梦想	himx	简单鹤		0		0	0	0	0
会场气氛	hiqf	简单鹤		0		0	0	0	0
豁出去了	hiql	简单鹤		0		0	0	0	0
寒蝉凄切	hiqq	简单鹤		1		0	0	0	0
汗出如浆	hirj	简单鹤		0		0	0	0	0
货车司机	hisj	简单鹤		0		0	0	0	0
好长时间	hiuj	简单鹤		0		0	0	0	0
很长时间	hiuj	简单鹤		0		0	0	0	0
回春之术	hivu	简单鹤		1		0	0	0	0
活出真我	hivw	简单鹤		0		0	0	0	0
很成问题	hiwt	简单鹤		0		0	0	0	0
红尘万丈	hiwv	简单鹤		0		0	0	0	0
横插一刀	hiyd	简单鹤		0		0	0	0	0
还差一点	hiyd	简单鹤		0		0	0	0	0
横插一杠	hiyg	简单鹤		0		0	0	0	0
回嗔作喜	hizx	简单鹤		1		0	0	0	0
环境变量	hjbl	简单鹤		0		0	0	0	0
缓解病情	hjbq	简单鹤		0		0	0	0	0
挥军北上	hjbu	简单鹤		0		0	0	0	0
海景别墅	hjbu	简单鹤		0		0	0	0	0
黄金白银	hjby	简单鹤		0		0	0	0	0
后劲不足	hjbz	简单鹤		0		0	0	0	0
皇家赌场	hjdi	简单鹤		0		0	0	0	0
获奖典礼	hjdl	简单鹤		0		0	0	0	0
还记得吗	hjdm	简单鹤		0		0	0	0	0
惠及大众	hjdv	简单鹤		0		0	0	0	0
环境恶化	hjeh	简单鹤		0		0	0	0	0
环境恶劣	hjel	简单鹤		0		0	0	0	0
划江而治	hjev	简单鹤		0		0	0	0	0
后继乏力	hjfl	简单鹤		0		0	0	0	0
火箭发射	hjfu	简单鹤		0		0	0	0	0
皇家翻译	hjfy	简单鹤		0		0	0	0	0
黑金古刀	hjgd	简单鹤		0		0	0	0	0
回家过年	hjgn	简单鹤		0		0	0	0	0
好几个月	hjgy	简单鹤		0		0	0	0	0
获奖感言	hjgy	简单鹤		0		0	0	0	0
好酒好菜	hjhc	简单鹤		0		0	0	0	0
好借好还	hjhh	简单鹤		0		0	0	0	0
很久很久	hjhj	简单鹤		0		0	0	0	0
花见花开	hjhk	简单鹤		0		0	0	0	0
坏就坏在	hjhz	简单鹤		0		0	0	0	0
化茧成蝶	hjid	简单鹤		0		0	0	0	0
回家吃饭	hjif	简单鹤		0		0	0	0	0
好几句话	hjjh	简单鹤		0		0	0	0	0
喝假酒了	hjjl	简单鹤		0		0	0	0	0
豪俊金曲	hjjq	简单鹤		0		0	0	0	0
黄金矿工	hjkg	简单鹤		0		0	0	0	0
回家看看	hjkk	简单鹤		0		0	0	0	0
化解矛盾	hjmd	简单鹤		0		0	0	0	0
获奖名单	hjmd	简单鹤		0		0	0	0	0
好久没见	hjmj	简单鹤		0		0	0	0	0
横截面积	hjmj	简单鹤		0		0	0	0	0
环境描写	hjmx	简单鹤		0		0	0	0	0
很久没有	hjmy	简单鹤		0		0	0	0	0
还就那个	hjng	简单鹤		0		0	0	0	0
挥军南下	hjnx	简单鹤		0		0	0	0	0
缓解疲劳	hjpl	简单鹤		0		0	0	0	0
浑金璞玉	hjpy	简单鹤		1		0	0	0	0
环境气候	hjqh	简单鹤		0		0	0	0	0
环境清洁	hjqj	简单鹤		0		0	0	0	0
皇家骑士	hjqu	简单鹤		0		0	0	0	0
缓急轻重	hjqv	简单鹤		1		0	0	0	0
荤价素菜	hjsc	简单鹤		0		0	0	0	0
黄金三章	hjsv	简单鹤		0		0	0	0	0
黄金岁月	hjsy	简单鹤		0		0	0	0	0
好酒贪杯	hjtb	简单鹤		1		0	0	0	0
环境太差	hjti	简单鹤		0		0	0	0	0
好几十年	hjun	简单鹤		0		0	0	0	0
海角社区	hjuq	简单鹤		0		0	0	0	0
寒极生热	hjur	简单鹤		0		0	0	0	0
回家种地	hjvd	简单鹤		0		0	0	0	0
很久之后	hjvh	简单鹤		0		0	0	0	0
好久之前	hjvq	简单鹤		0		0	0	0	0
很久之前	hjvq	简单鹤		0		0	0	0	0
缓急止痛	hjvt	简单鹤		0		0	0	0	0
呼叫转移	hjvy	简单鹤		0		0	0	0	0
虎踞中原	hjvy	简单鹤		0		0	0	0	0
祸及无辜	hjwg	简单鹤		0		0	0	0	0
后继无力	hjwl	简单鹤		0		0	0	0	0
黄金万两	hjwl	简单鹤		0		0	0	0	0
环境问题	hjwt	简单鹤		0		0	0	0	0
沪江网校	hjwx	简单鹤		0		0	0	0	0
怀瑾握瑜	hjwy	简单鹤		1		0	0	0	0
换届选举	hjxj	简单鹤		0		0	0	0	0
花尽心思	hjxs	简单鹤		0		0	0	0	0
呼叫系统	hjxt	简单鹤		0		0	0	0	0
黄金一代	hjyd	简单鹤		0		0	0	0	0
很久以后	hjyh	简单鹤		0		0	0	0	0
很久以来	hjyl	简单鹤		0		0	0	0	0
环境优美	hjym	简单鹤		0		0	0	0	0
好久以前	hjyq	简单鹤		0		0	0	0	0
很久以前	hjyq	简单鹤		0		0	0	0	0
环境因素	hjys	简单鹤		0		0	0	0	0
缓解一下	hjyx	简单鹤		0		0	0	0	0
横加阻拦	hjzl	简单鹤		0		0	0	0	0
寒假作业	hjzy	简单鹤		0		0	0	0	0
环境资源	hjzy	简单鹤		0		0	0	0	0
好看爱看	hkak	简单鹤		0		0	0	0	0
花开不败	hkbb	简单鹤		0		0	0	0	0
好看不火	hkbh	简单鹤		0		0	0	0	0
红口白牙	hkby	简单鹤		0		0	0	0	0
黑客帝国	hkdg	简单鹤		0		0	0	0	0
混口饭吃	hkfi	简单鹤		0		0	0	0	0
很快过去	hkgq	简单鹤		0		0	0	0	0
户口关系	hkgx	简单鹤		0		0	0	0	0
航空航天	hkht	简单鹤		0		0	0	0	0
很快就会	hkjh	简单鹤		0		0	0	0	0
很快就好	hkjh	简单鹤		0		0	0	0	0
很快就来	hkjl	简单鹤		0		0	0	0	0
很快就能	hkjn	简单鹤		0		0	0	0	0
很快结束	hkju	简单鹤		0		0	0	0	0
划开界线	hkjx	简单鹤		0		0	0	0	0
花开两朵	hkld	简单鹤		0		0	0	0	0
何苦来哉	hklz	简单鹤		0		0	0	0	0
何苦乃尔	hkne	简单鹤		0		0	0	0	0
很可能会	hknh	简单鹤		0		0	0	0	0
很可能就	hknj	简单鹤		0		0	0	0	0
很可能是	hknu	简单鹤		0		0	0	0	0
何苦如此	hkrc	简单鹤		0		0	0	0	0
花开四季	hksj	简单鹤		0		0	0	0	0
红框挑战	hktv	简单鹤		0		0	0	0	0
好客山东	hkud	简单鹤		0		0	0	0	0
昏聩无能	hkwn	简单鹤		1		0	0	0	0
汇款余额	hkye	简单鹤		0		0	0	0	0
黑框眼镜	hkyj	简单鹤		0		0	0	0	0
海来阿木	hlam	简单鹤		0		0	0	0	0
合理安排	hlap	简单鹤		0		0	0	0	0
混乱不堪	hlbk	简单鹤		0		0	0	0	0
囫囵半片	hlbp	简单鹤		1		0	0	0	0
很了不起	hlbq	简单鹤		0		0	0	0	0
花了不少	hlbu	简单鹤		0		0	0	0	0
衡量标准	hlbv	简单鹤		0		0	0	0	0
活力不足	hlbz	简单鹤		0		0	0	0	0
火力不足	hlbz	简单鹤		0		0	0	0	0
含量测定	hlcd	简单鹤		0		0	0	0	0
哈啰单车	hldi	简单鹤		0		0	0	0	0
很蓝的啦	hldl	简单鹤		0		0	0	0	0
合理搭配	hldp	简单鹤		0		0	0	0	0
挥泪而别	hleb	简单鹤		0		0	0	0	0
挥泪告别	hlgb	简单鹤		0		0	0	0	0
红脸关公	hlgg	简单鹤		0		0	0	0	0
缓了过来	hlgl	简单鹤		0		0	0	0	0
昏了过去	hlgq	简单鹤		0		0	0	0	0
互利共赢	hlgy	简单鹤		0		0	0	0	0
晃了晃头	hlht	简单鹤		0		0	0	0	0
挥了挥手	hlhu	简单鹤		0		0	0	0	0
呼兰河传	hlhv	简单鹤		0		0	0	0	0
黄绿合战	hlhv	简单鹤		0		0	0	0	0
互利合作	hlhz	简单鹤		0		0	0	0	0
豁了出去	hliq	简单鹤		0		0	0	0	0
回炉重造	hliz	简单鹤		0		0	0	0	0
喝了假酒	hljj	简单鹤		0		0	0	0	0
惑乱军心	hljx	简单鹤		0		0	0	0	0
后来看到	hlkd	简单鹤		0		0	0	0	0
合理开发	hlkf	简单鹤		0		0	0	0	0
毁林开荒	hlkh	简单鹤		0		0	0	0	0
呼了口气	hlkq	简单鹤		0		0	0	0	0
喝了口水	hlku	简单鹤		0		0	0	0	0
合理利用	hlly	简单鹤		0		0	0	0	0
活力满满	hlmm	简单鹤		0		0	0	0	0
好了没有	hlmy	简单鹤		0		0	0	0	0
获利能力	hlnl	简单鹤		0		0	0	0	0
虎老娘们	hlnm	简单鹤		0		0	0	0	0
获利颇丰	hlpf	简单鹤		0		0	0	0	0
火力全开	hlqk	简单鹤		0		0	0	0	0
喊了起来	hlql	简单鹤		0		0	0	0	0
好了起来	hlql	简单鹤		0		0	0	0	0
护理人员	hlry	简单鹤		0		0	0	0	0
红绿色盲	hlsm	简单鹤		0		0	0	0	0
横拉竖挡	hlud	简单鹤		0		0	0	0	0
会来事儿	hlue	简单鹤		0		0	0	0	0
慌了手脚	hluj	简单鹤		0		0	0	0	0
互利双赢	hluy	简单鹤		0		0	0	0	0
合理使用	hluy	简单鹤		0		0	0	0	0
虎狼之词	hlvc	简单鹤		0		0	0	0	0
毫厘之间	hlvj	简单鹤		0		0	0	0	0
混乱状态	hlvt	简单鹤		0		0	0	0	0
虎狼之师	hlvu	简单鹤		0		0	0	0	0
慌乱之中	hlvv	简单鹤		0		0	0	0	0
混乱之中	hlvv	简单鹤		0		0	0	0	0
虎狼之威	hlvw	简单鹤		0		0	0	0	0
虎狼之心	hlvx	简单鹤		0		0	0	0	0
虎狼之穴	hlvx	简单鹤		0		0	0	0	0
何陋之有	hlvy	简单鹤		0		0	0	0	0
后来我就	hlwj	简单鹤		0		0	0	0	0
后来先到	hlxd	简单鹤		0		0	0	0	0
葫芦兄弟	hlxd	简单鹤		0		0	0	0	0
厚里谢特	hlxt	简单鹤		0		0	0	0	0
火了一把	hlyb	简单鹤		0		0	0	0	0
喝了一口	hlyk	简单鹤		0		0	0	0	0
喉咙一甜	hlyt	简单鹤		0		0	0	0	0
红了樱桃	hlyt	简单鹤		0		0	0	0	0
哼了一声	hlyu	简单鹤		0		0	0	0	0
喊了一声	hlyu	简单鹤		0		0	0	0	0
火力优势	hlyu	简单鹤		0		0	0	0	0
换了一种	hlyv	简单鹤		0		0	0	0	0
火力压制	hlyv	简单鹤		0		0	0	0	0
魂类游戏	hlyx	简单鹤		0		0	0	0	0
旱涝灾害	hlzh	简单鹤		0		0	0	0	0
洪涝灾害	hlzh	简单鹤		0		0	0	0	0
回炉再造	hlzz	简单鹤		0		0	0	0	0
好梦不长	hmbi	简单鹤		1		0	0	0	0
黑猫白猫	hmbm	简单鹤		0		0	0	0	0
还没等到	hmdd	简单鹤		0		0	0	0	0
还没达到	hmdd	简单鹤		0		0	0	0	0
毁灭殆尽	hmdj	简单鹤		0		0	0	0	0
合目的性	hmdx	简单鹤		0		0	0	0	0
画面过曝	hmgb	简单鹤		0		0	0	0	0
毁灭高潮	hmgi	简单鹤		0		0	0	0	0
毫米汞柱	hmgv	简单鹤		0		0	0	0	0
还没吃完	hmiw	简单鹤		0		0	0	0	0
黑猫警长	hmji	简单鹤		0		0	0	0	0
红木家具	hmjj	简单鹤		0		0	0	0	0
虹膜解锁	hmjs	简单鹤		0		0	0	0	0
豪门巨室	hmju	简单鹤		1		0	0	0	0
哈曼卡顿	hmkd	简单鹤		0		0	0	0	0
还没看到	hmkd	简单鹤		0		0	0	0	0
话密了嗷	hmla	简单鹤		0		0	0	0	0
汉莫拉比	hmlb	简单鹤		0		0	0	0	0
很明了了	hmll	简单鹤		0		0	0	0	0
缓慢流淌	hmlt	简单鹤		0		0	0	0	0
横眉冷眼	hmly	简单鹤		1		0	0	0	0
好梦难成	hmni	简单鹤		1		0	0	0	0
豪门千金	hmqj	简单鹤		0		0	0	0	0
画面太美	hmtm	简单鹤		0		0	0	0	0
好谋善断	hmud	简单鹤		1		0	0	0	0
好谋少决	hmuj	简单鹤		0		0	0	0	0
毫末之利	hmvl	简单鹤		0		0	0	0	0
慌忙之中	hmvv	简单鹤		0		0	0	0	0
还没想好	hmxh	简单鹤		0		0	0	0	0
很明显是	hmxu	简单鹤		0		0	0	0	0
缓慢行驶	hmxu	简单鹤		0		0	0	0	0
很满意了	hmyl	简单鹤		0		0	0	0	0
豪迈有力	hmyl	简单鹤		0		0	0	0	0
很没意思	hmys	简单鹤		0		0	0	0	0
画面一转	hmyv	简单鹤		0		0	0	0	0
还没有完	hmyw	简单鹤		0		0	0	0	0
很难比较	hnbj	简单鹤		0		0	0	0	0
很难避免	hnbm	简单鹤		0		0	0	0	0
还能不能	hnbn	简单鹤		0		0	0	0	0
很难辨认	hnbr	简单鹤		0		0	0	0	0
很难保证	hnbv	简单鹤		0		0	0	0	0
很难把握	hnbw	简单鹤		0		0	0	0	0
很难对付	hndf	简单鹤		0		0	0	0	0
好女费汉	hnfh	简单鹤		0		0	0	0	0
很难发觉	hnfj	简单鹤		0		0	0	0	0
很难发现	hnfx	简单鹤		0		0	0	0	0
很难改变	hngb	简单鹤		0		0	0	0	0
糊弄糊弄	hnhn	简单鹤		0		0	0	0	0
婚内出轨	hnig	简单鹤		0		0	0	0	0
很难承受	hniu	简单鹤		0		0	0	0	0
湖南长沙	hniu	简单鹤		0		0	0	0	0
很难接受	hnju	简单鹤		0		0	0	0	0
很难解释	hnju	简单鹤		0		0	0	0	0
很难驾驭	hnjy	简单鹤		0		0	0	0	0
很难开口	hnkk	简单鹤		0		0	0	0	0
很难控制	hnkv	简单鹤		0		0	0	0	0
很难理解	hnlj	简单鹤		0		0	0	0	0
很难判断	hnpd	简单鹤		0		0	0	0	0
很难区别	hnqb	简单鹤		0		0	0	0	0
很难确定	hnqd	简单鹤		0		0	0	0	0
很难区分	hnqf	简单鹤		0		0	0	0	0
很难听到	hntd	简单鹤		0		0	0	0	0
很难突破	hntp	简单鹤		0		0	0	0	0
很难统一	hnty	简单鹤		0		0	0	0	0
很难收场	hnui	简单鹤		0		0	0	0	0
很难实现	hnux	简单鹤		0		0	0	0	0
很难知道	hnvd	简单鹤		0		0	0	0	0
还能这样	hnvy	简单鹤		0		0	0	0	0
河南卫视	hnwu	简单鹤		0		0	0	0	0
很难相信	hnxx	简单鹤		0		0	0	0	0
后娘养的	hnyd	简单鹤		0		0	0	0	0
很难应付	hnyf	简单鹤		0		0	0	0	0
核能预警	hnyj	简单鹤		0		0	0	0	0
和你一起	hnyq	简单鹤		0		0	0	0	0
和你一样	hnyy	简单鹤		0		0	0	0	0
很难做到	hnzd	简单鹤		0		0	0	0	0
还能咋地	hnzd	简单鹤		0		0	0	0	0
还能怎样	hnzy	简单鹤		0		0	0	0	0
和平发展	hpfv	简单鹤		0		0	0	0	0
好评返现	hpfx	简单鹤		0		0	0	0	0
红牌罚下	hpfx	简单鹤		0		0	0	0	0
和平过渡	hpgd	简单鹤		0		0	0	0	0
活泼好动	hphd	简单鹤		0		0	0	0	0
嗨皮嗨皮	hphp	简单鹤		0		0	0	0	0
海帕杰顿	hpjd	简单鹤		0		0	0	0	0
和平精英	hpjy	简单鹤		0		0	0	0	0
后排靠窗	hpki	简单鹤		0		0	0	0	0
和平利用	hply	简单鹤		0		0	0	0	0
和平年代	hpnd	简单鹤		0		0	0	0	0
虎扑女神	hpnu	简单鹤		0		0	0	0	0
虎扑评分	hppf	简单鹤		0		0	0	0	0
喝瓶啤酒	hppj	简单鹤		0		0	0	0	0
害怕起来	hpql	简单鹤		0		0	0	0	0
好评如潮	hpri	简单鹤		0		0	0	0	0
合浦珠还	hpvh	简单鹤		1		0	0	0	0
和平稳定	hpwd	简单鹤		0		0	0	0	0
和平外交	hpwj	简单鹤		0		0	0	0	0
和平相处	hpxi	简单鹤		0		0	0	0	0
和平友好	hpyh	简单鹤		0		0	0	0	0
红皮鸭子	hpyz	简单鹤		0		0	0	0	0
后排座位	hpzw	简单鹤		0		0	0	0	0
红旗不倒	hqbd	简单鹤		0		0	0	0	0
后勤部门	hqbm	简单鹤		0		0	0	0	0
好巧不巧	hqbq	简单鹤		0		0	0	0	0
横起笔区	hqbq	简单鹤		0		0	0	0	0
活期存款	hqck	简单鹤		0		0	0	0	0
何其毒也	hqdy	简单鹤		1		0	0	0	0
获取方式	hqfu	简单鹤		0		0	0	0	0
行情分析	hqfx	简单鹤		0		0	0	0	0
好奇怪啊	hqga	简单鹤		0		0	0	0	0
婚庆公司	hqgs	简单鹤		0		0	0	0	0
后勤工作	hqgz	简单鹤		0		0	0	0	0
华侨华人	hqhr	简单鹤		0		0	0	0	0
或轻或重	hqhv	简单鹤		0		0	0	0	0
豪气冲天	hqit	简单鹤		0		0	0	0	0
后勤基地	hqjd	简单鹤		0		0	0	0	0
婚前检查	hqji	简单鹤		0		0	0	0	0
护妻狂魔	hqkm	简单鹤		0		0	0	0	0
好起来了	hqll	简单鹤		0		0	0	0	0
火前留名	hqlm	简单鹤		0		0	0	0	0
火钳刘明	hqlm	简单鹤		0		0	0	0	0
红墙绿瓦	hqlw	简单鹤		0		0	0	0	0
环球旅行	hqlx	简单鹤		0		0	0	0	0
唤起民众	hqmv	简单鹤		0		0	0	0	0
黑漆抹乌	hqmw	简单鹤		0		0	0	0	0
婚前同居	hqtj	简单鹤		0		0	0	0	0
获取途径	hqtj	简单鹤		0		0	0	0	0
环球时报	hqub	简单鹤		0		0	0	0	0
和泉纱雾	hquw	简单鹤		0		0	0	0	0
回去之前	hqvq	简单鹤		0		0	0	0	0
后期制作	hqvz	简单鹤		0		0	0	0	0
回去问问	hqww	简单鹤		0		0	0	0	0
寒气袭人	hqxr	简单鹤		0		0	0	0	0
何其相似	hqxs	简单鹤		0		0	0	0	0
花拳秀腿	hqxt	简单鹤		0		0	0	0	0
好奇心重	hqxv	简单鹤		0		0	0	0	0
行情预测	hqyc	简单鹤		0		0	0	0	0
虎躯一震	hqyv	简单鹤		0		0	0	0	0
豪情在天	hqzt	简单鹤		0		0	0	0	0
回去再说	hqzu	简单鹤		0		0	0	0	0
涣然冰释	hrbu	简单鹤		1		0	0	0	0
忽然发现	hrfx	简单鹤		0		0	0	0	0
花入各眼	hrgy	简单鹤		0		0	0	0	0
忽然觉得	hrjd	简单鹤		0		0	0	0	0
好人难做	hrnz	简单鹤	191	0		0	0	0	0
混入其中	hrqv	简单鹤		0		0	0	0	0
恍然若失	hrru	简单鹤		1		0	0	0	0
何人所为	hrsw	简单鹤		0		0	0	0	0
忽然听见	hrtj	简单鹤		0		0	0	0	0
忽然之间	hrvj	简单鹤		0		0	0	0	0
黑人问号	hrwh	简单鹤		0		0	0	0	0
恍若未闻	hrww	简单鹤		0		0	0	0	0
黑人兄弟	hrxd	简单鹤		0		0	0	0	0
黑人小哥	hrxg	简单鹤		0		0	0	0	0
忽然像是	hrxu	简单鹤		0		0	0	0	0
黑人牙膏	hryg	简单鹤		0		0	0	0	0
含乳饮料	hryl	简单鹤		0		0	0	0	0
黑人音乐	hryy	简单鹤		0		0	0	0	0
赫然在目	hrzm	简单鹤		0		0	0	0	0
荤素搭配	hsdp	简单鹤		0		0	0	0	0
核算单位	hsdw	简单鹤		0		0	0	0	0
黄色废料	hsfl	简单鹤		0		0	0	0	0
火速赶到	hsgd	简单鹤		0		0	0	0	0
昏死过去	hsgq	简单鹤		0		0	0	0	0
核酸检测	hsjc	简单鹤		0		0	0	0	0
横死街头	hsjt	简单鹤		0		0	0	0	0
红色精神	hsju	简单鹤		0		0	0	0	0
还算可以	hsky	简单鹤		0		0	0	0	0
黑丝美腿	hsmt	简单鹤		0		0	0	0	0
晦涩难懂	hsnd	简单鹤		0		0	0	0	0
会所嫩模	hsnm	简单鹤		0		0	0	0	0
黑丝女仆	hsnp	简单鹤		0		0	0	0	0
害死人了	hsrl	简单鹤		0		0	0	0	0
骇死人了	hsrl	简单鹤		0		0	0	0	0
黑色人种	hsrv	简单鹤		0		0	0	0	0
灰色收入	hsur	简单鹤		0		0	0	0	0
红色炸弹	hsvd	简单鹤		0		0	0	0	0
互诉衷肠	hsvi	简单鹤		0		0	0	0	0
红色政权	hsvq	简单鹤		0		0	0	0	0
害死我了	hswl	简单鹤		0		0	0	0	0
骇死我了	hswl	简单鹤		0		0	0	0	0
黄色网站	hswv	简单鹤		0		0	0	0	0
黑色玩笑	hswx	简单鹤		0		0	0	0	0
黄色笑话	hsxh	简单鹤		0		0	0	0	0
黑色笑话	hsxh	简单鹤		0		0	0	0	0
会死星人	hsxr	简单鹤		0		0	0	0	0
活塞运动	hsyd	简单鹤		0		0	0	0	0
红色预警	hsyj	简单鹤		0		0	0	0	0
还挺不错	htbc	简单鹤		0		0	0	0	0
后天八卦	htbg	简单鹤		0		0	0	0	0
好听不火	htbh	简单鹤		0		0	0	0	0
宏图大略	htdl	简单鹤	77	0		0	0	0	0
宏图大展	htdv	简单鹤		0		0	0	0	0
哄堂大孝	htdx	简单鹤		0		0	0	0	0
合同范本	htfb	简单鹤		0		0	0	0	0
回天改命	htgm	简单鹤		0		0	0	0	0
黄土高坡	htgp	简单鹤		0		0	0	0	0
航天工业	htgy	简单鹤		0		0	0	0	0
合同合法	hthf	简单鹤		0		0	0	0	0
航天航空	hthk	简单鹤		0		0	0	0	0
灰头灰脸	hthl	简单鹤		0		0	0	0	0
猴头猴脑	hthn	简单鹤		1		0	0	0	0
好听好听	htht	简单鹤		0		0	0	0	0
活态传承	htii	简单鹤		0		0	0	0	0
合同成交	htij	简单鹤		0		0	0	0	0
后台处理	htil	简单鹤		0		0	0	0	0
合同金额	htje	简单鹤		0		0	0	0	0
合同纠纷	htjf	简单鹤		0		0	0	0	0
护体金光	htjg	简单鹤		0		0	0	0	0
红糖姜茶	htji	简单鹤		0		0	0	0	0
会谈纪要	htjy	简单鹤		0		0	0	0	0
汇通快递	htkd	简单鹤		0		0	0	0	0
回头看看	htkk	简单鹤		0		0	0	0	0
化痰开窍	htkq	简单鹤		0		0	0	0	0
荒唐可笑	htkx	简单鹤		0		0	0	0	0
河图洛书	htlu	简单鹤		0		0	0	0	0
毁天灭地	htmd	简单鹤		0		0	0	0	0
哄抬批价	htpj	简单鹤		0		0	0	0	0
环太平洋	htpy	简单鹤		0		0	0	0	0
互通情报	htqb	简单鹤		0		0	0	0	0
合同签订	htqd	简单鹤		0		0	0	0	0
合同期间	htqj	简单鹤		0		0	0	0	0
合同期内	htqn	简单鹤		0		0	0	0	0
后台私信	htsx	简单鹤		0		0	0	0	0
糊涂透顶	httd	简单鹤		0		0	0	0	0
灰头土面	httm	简单鹤		1		0	0	0	0
伙同他人	httr	简单鹤		0		0	0	0	0
孩提时代	htud	简单鹤		0		0	0	0	0
合同双方	htuf	简单鹤		0		0	0	0	0
合同生效	htux	简单鹤		0		0	0	0	0
怀胎十月	htuy	简单鹤		0		0	0	0	0
活体实验	htuy	简单鹤		0		0	0	0	0
航天事业	htuy	简单鹤		0		0	0	0	0
荒唐之举	htvj	简单鹤		0		0	0	0	0
化痰止咳	htvk	简单鹤		0		0	0	0	0
秽土转生	htvu	简单鹤		0		0	0	0	0
后天中午	htvw	简单鹤		0		0	0	0	0
回头望去	htwq	简单鹤		0		0	0	0	0
后天晚上	htwu	简单鹤		0		0	0	0	0
回头望月	htwy	简单鹤		0		0	0	0	0
黑天瞎地	htxd	简单鹤		0		0	0	0	0
烘托渲染	htxr	简单鹤		1		0	0	0	0
后天下午	htxw	简单鹤		0		0	0	0	0
回头想想	htxx	简单鹤		0		0	0	0	0
合同协议	htxy	简单鹤		0		0	0	0	0
回头一看	htyk	简单鹤		0		0	0	0	0
和他一起	htyq	简单鹤		0		0	0	0	0
和她一起	htyq	简单鹤		0		0	0	0	0
荷塘月色	htys	简单鹤		0		0	0	0	0
糊涂一时	htyu	简单鹤		0		0	0	0	0
回头一望	htyw	简单鹤		0		0	0	0	0
和他一样	htyy	简单鹤		0		0	0	0	0
和她一样	htyy	简单鹤		0		0	0	0	0
和它一样	htyy	简单鹤		0		0	0	0	0
后天早晨	htzi	简单鹤		0		0	0	0	0
华佗再世	htzu	简单鹤		0		0	0	0	0
华佗在世	htzu	简单鹤		0		0	0	0	0
后天早上	htzu	简单鹤		0		0	0	0	0
回头再说	htzu	简单鹤		0		0	0	0	0
沪上阿姨	huay	简单鹤		0		0	0	0	0
火山爆发	hubf	简单鹤		0		0	0	0	0
横生变故	hubg	简单鹤		0		0	0	0	0
还是不行	hubh	简单鹤		0		0	0	0	0
还是比较	hubj	简单鹤		0		0	0	0	0
昏睡百年	hubn	简单鹤		0		0	0	0	0
还说不清	hubq	简单鹤		0		0	0	0	0
还说不准	hubv	简单鹤		0		0	0	0	0
划上等号	hudh	简单鹤		0		0	0	0	0
浑身哆嗦	huds	简单鹤		0		0	0	0	0
火山地震	hudv	简单鹤		0		0	0	0	0
回声定位	hudw	简单鹤		0		0	0	0	0
浑身发抖	hufd	简单鹤		0		0	0	0	0
还是非常	hufi	简单鹤		0		0	0	0	0
喉舌分离	hufl	简单鹤		0		0	0	0	0
挥手告别	hugb	简单鹤		0		0	0	0	0
黄沙滚滚	hugg	简单鹤		0		0	0	0	0
还是个谜	hugm	简单鹤		0		0	0	0	0
很受鼓舞	hugw	简单鹤		0		0	0	0	0
昏睡红茶	huhi	简单鹤		0		0	0	0	0
很少回去	huhq	简单鹤		0		0	0	0	0
化湿和胃	huhw	简单鹤		0		0	0	0	0
会声会影	huhy	简单鹤		0		0	0	0	0
火烧赤壁	huib	简单鹤		0		0	0	0	0
很少出现	huix	简单鹤		0		0	0	0	0
皇上驾到	hujd	简单鹤		0		0	0	0	0
合适就好	hujh	简单鹤		0		0	0	0	0
夯实基础	huji	简单鹤		0		0	0	0	0
好事将近	hujj	简单鹤		0		0	0	0	0
护士姐姐	hujj	简单鹤		0		0	0	0	0
横尸街头	hujt	简单鹤		0		0	0	0	0
还是建议	hujy	简单鹤		0		0	0	0	0
寒湿困脾	hukp	简单鹤		0		0	0	0	0
回收开头	hukt	简单鹤		0		0	0	0	0
还是可以	huky	简单鹤		0		0	0	0	0
好生了得	huld	简单鹤		0		0	0	0	0
花式撸管	hulg	简单鹤		0		0	0	0	0
回收利用	huly	简单鹤		0		0	0	0	0
海上明珠	humv	简单鹤		0		0	0	0	0
还是能够	hung	简单鹤		0		0	0	0	0
还是那个	hung	简单鹤		0		0	0	0	0
和尚念经	hunj	简单鹤		0		0	0	0	0
还是你皮	hunp	简单鹤		0		0	0	0	0
红烧牛肉	hunr	简单鹤		0		0	0	0	0
浑身难受	hunu	简单鹤		0		0	0	0	0
挥师南下	hunx	简单鹤		0		0	0	0	0
还是那样	huny	简单鹤		0		0	0	0	0
红烧排骨	hupg	简单鹤		0		0	0	0	0
幻兽帕鲁	hupl	简单鹤		0		0	0	0	0
横竖撇捺	hupn	简单鹤		0		0	0	0	0
好生奇怪	huqg	简单鹤		0		0	0	0	0
很是奇怪	huqg	简单鹤		0		0	0	0	0
红烧茄子	huqz	简单鹤		0		0	0	0	0
还是如此	hurc	简单鹤		0		0	0	0	0
海上日出	huri	简单鹤		0		0	0	0	0
环视四周	husv	简单鹤		0		0	0	0	0
很少听到	hutd	简单鹤		0		0	0	0	0
海神唐三	huts	简单鹤		0		0	0	0	0
函数图像	hutx	简单鹤		0		0	0	0	0
函数图象	hutx	简单鹤		0		0	0	0	0
浑身是宝	huub	简单鹤		0		0	0	0	0
会是谁呢	huun	简单鹤		0		0	0	0	0
黑市商人	huur	简单鹤		0		0	0	0	0
浑身湿透	huut	简单鹤		0		0	0	0	0
浑身上下	huux	简单鹤		0		0	0	0	0
华山之巅	huvd	简单鹤		0		0	0	0	0
还手之力	huvl	简单鹤		0		0	0	0	0
回收主线	huvx	简单鹤		0		0	0	0	0
衡水中学	huvx	简单鹤		0		0	0	0	0
还是这样	huvy	简单鹤		0		0	0	0	0
颔首致意	huvy	简单鹤		0		0	0	0	0
华氏温标	huwb	简单鹤		0		0	0	0	0
华氏温度	huwd	简单鹤		0		0	0	0	0
火水未济	huwj	简单鹤		0		0	0	0	0
浑身无力	huwl	简单鹤		0		0	0	0	0
化身万千	huwq	简单鹤		0		0	0	0	0
很是喜欢	huxh	简单鹤		0		0	0	0	0
荒山野地	huyd	简单鹤		0		0	0	0	0
还是一个	huyg	简单鹤		0		0	0	0	0
很少有人	huyr	简单鹤		0		0	0	0	0
还是一种	huyv	简单鹤		0		0	0	0	0
还是因为	huyw	简单鹤		0		0	0	0	0
红石音乐	huyy	简单鹤		0		0	0	0	0
还是一样	huyy	简单鹤		0		0	0	0	0
坏事做尽	huzj	简单鹤		0		0	0	0	0
坏事做绝	huzj	简单鹤		0		0	0	0	0
祸首罪魁	huzk	简单鹤		1		0	0	0	0
回执编号	hvbh	简单鹤		0		0	0	0	0
会者不难	hvbn	简单鹤		0		0	0	0	0
黑纸白字	hvbz	简单鹤		0		0	0	0	0
换种方式	hvfu	简单鹤		0		0	0	0	0
好战分子	hvfz	简单鹤		0		0	0	0	0
火之高兴	hvgx	简单鹤		0		0	0	0	0
活着回来	hvhl	简单鹤		0		0	0	0	0
画质好评	hvhp	简单鹤		0		0	0	0	0
活着回去	hvhq	简单鹤		0		0	0	0	0
河住江翻	hvjf	简单鹤		0		0	0	0	0
花枝乱颤	hvli	简单鹤		0		0	0	0	0
画质拉满	hvlm	简单鹤		0		0	0	0	0
蕙质兰心	hvlx	简单鹤		0		0	0	0	0
晃着脑袋	hvnd	简单鹤		0		0	0	0	0
含着热泪	hvrl	简单鹤		0		0	0	0	0
画中世界	hvuj	简单鹤		0		0	0	0	0
横折弯钩	hvwg	简单鹤		0		0	0	0	0
化妆舞会	hvwh	简单鹤		0		0	0	0	0
行政许可	hvxk	简单鹤		0		0	0	0	0
互助友爱	hvya	简单鹤		0		0	0	0	0
很重要的	hvyd	简单鹤		0		0	0	0	0
含着眼泪	hvyl	简单鹤		0		0	0	0	0
悔之已晚	hvyw	简单鹤		0		0	0	0	0
合辙押韵	hvyy	简单鹤		0		0	0	0	0
毫无波动	hwbd	简单鹤		0		0	0	0	0
毫无变化	hwbh	简单鹤		0		0	0	0	0
华为不卡	hwbk	简单鹤		0		0	0	0	0
毫无波澜	hwbl	简单鹤		0		0	0	0	0
海外博主	hwbv	简单鹤		0		0	0	0	0
毫无必要	hwby	简单鹤		0		0	0	0	0
汉武大帝	hwdd	简单鹤		0		0	0	0	0
还未达到	hwdd	简单鹤		0		0	0	0	0
核外电子	hwdz	简单鹤		0		0	0	0	0
毫无恶意	hwey	简单鹤		0		0	0	0	0
毫无防备	hwfb	简单鹤		0		0	0	0	0
毫无负担	hwfd	简单鹤		0		0	0	0	0
混碗饭吃	hwfi	简单鹤		0		0	0	0	0
毫无反应	hwfy	简单鹤		0		0	0	0	0
环卫工人	hwgr	简单鹤		0		0	0	0	0
毫无痕迹	hwhj	简单鹤		0		0	0	0	0
很晚回来	hwhl	简单鹤		0		0	0	0	0
华为盒子	hwhz	简单鹤		0		0	0	0	0
毫无察觉	hwij	简单鹤		0		0	0	0	0
猴王出世	hwiu	简单鹤		0		0	0	0	0
毫无结果	hwjg	简单鹤		0		0	0	0	0
海外机构	hwjg	简单鹤		0		0	0	0	0
毫无价值	hwjv	简单鹤		0		0	0	0	0
毫无节制	hwjv	简单鹤		0		0	0	0	0
毫无进展	hwjv	简单鹤		0		0	0	0	0
恨屋及乌	hwjw	简单鹤		0		0	0	0	0
毫无卵用	hwly	简单鹤		0		0	0	0	0
毫无目标	hwmb	简单鹤		0		0	0	0	0
海外媒体	hwmt	简单鹤		0		0	0	0	0
毫无难度	hwnd	简单鹤		0		0	0	0	0
毫无能力	hwnl	简单鹤		0		0	0	0	0
毫无牵挂	hwqg	简单鹤		0		0	0	0	0
含污忍垢	hwrg	简单鹤		1		0	0	0	0
壕无人性	hwrx	简单鹤		0		0	0	0	0
毫无所觉	hwsj	简单鹤		0		0	0	0	0
海外同胞	hwtb	简单鹤		0		0	0	0	0
好为事端	hwud	简单鹤		1		0	0	0	0
和我商量	hwul	简单鹤		0		0	0	0	0
和我说了	hwul	简单鹤		0		0	0	0	0
毫无水平	hwup	简单鹤		0		0	0	0	0
毫无生气	hwuq	简单鹤		0		0	0	0	0
毫无胜算	hwus	简单鹤		0		0	0	0	0
话未说完	hwuw	简单鹤		0		0	0	0	0
毫无准备	hwvb	简单鹤		0		0	0	0	0
毫无章法	hwvf	简单鹤		0		0	0	0	0
毫无知觉	hwvj	简单鹤		0		0	0	0	0
和我无关	hwwg	简单鹤		0		0	0	0	0
毫无悬念	hwxn	简单鹤		0		0	0	0	0
毫无兴趣	hwxq	简单鹤		0		0	0	0	0
货物销售	hwxu	简单鹤		0		0	0	0	0
毫无希望	hwxw	简单鹤		0		0	0	0	0
河外星系	hwxx	简单鹤		0		0	0	0	0
户外运动	hwyd	简单鹤		0		0	0	0	0
毫无压力	hwyl	简单鹤		0		0	0	0	0
毫无鸭梨	hwyl	简单鹤		0		0	0	0	0
户外用品	hwyp	简单鹤		0		0	0	0	0
和我一起	hwyq	简单鹤		0		0	0	0	0
合为一体	hwyt	简单鹤		0		0	0	0	0
毫无意外	hwyw	简单鹤		0		0	0	0	0
和我一样	hwyy	简单鹤		0		0	0	0	0
海外资本	hwzb	简单鹤		0		0	0	0	0
毫无作用	hwzy	简单鹤		0		0	0	0	0
后续版本	hxbb	简单鹤		0		0	0	0	0
含胸拔背	hxbb	简单鹤		0		0	0	0	0
化学变化	hxbh	简单鹤		0		0	0	0	0
核心部门	hxbm	简单鹤		0		0	0	0	0
互相残杀	hxcu	简单鹤		0		0	0	0	0
回想当初	hxdi	简单鹤		0		0	0	0	0
含羞带怯	hxdq	简单鹤		0		0	0	0	0
化学递质	hxdv	简单鹤		0		0	0	0	0
红心大战	hxdv	简单鹤		0		0	0	0	0
核心地位	hxdw	简单鹤		0		0	0	0	0
呼啸而来	hxel	简单鹤		0		0	0	0	0
华夏儿女	hxen	简单鹤		0		0	0	0	0
呼啸而至	hxev	简单鹤		0		0	0	0	0
狠下功夫	hxgf	简单鹤		0		0	0	0	0
互相鼓励	hxgl	简单鹤		0		0	0	0	0
混淆概念	hxgn	简单鹤		0		0	0	0	0
互相干扰	hxgr	简单鹤		0		0	0	0	0
互相沟通	hxgt	简单鹤		0		0	0	0	0
互相关心	hxgx	简单鹤		0		0	0	0	0
湖心公园	hxgy	简单鹤		0		0	0	0	0
后续工作	hxgz	简单鹤		0		0	0	0	0
核心工作	hxgz	简单鹤		0		0	0	0	0
好学好记	hxhj	简单鹤		0		0	0	0	0
核心环节	hxhj	简单鹤		0		0	0	0	0
花谢花开	hxhk	简单鹤		0		0	0	0	0
互相合作	hxhz	简单鹤		0		0	0	0	0
互相垂直	hxiv	简单鹤		0		0	0	0	0
核心出装	hxiv	简单鹤		0		0	0	0	0
核心成员	hxiy	简单鹤		0		0	0	0	0
呼吸急促	hxjc	简单鹤		0		0	0	0	0
化学结构	hxjg	简单鹤		0		0	0	0	0
或许就会	hxjh	简单鹤		0		0	0	0	0
或许就是	hxju	简单鹤		0		0	0	0	0
核心价值	hxjv	简单鹤		0		0	0	0	0
火星救援	hxjy	简单鹤		0		0	0	0	0
火线精英	hxjy	简单鹤		0		0	0	0	0
核心科技	hxkj	简单鹤		0		0	0	0	0
呼吸困难	hxkn	简单鹤		0		0	0	0	0
花心萝卜	hxlb	简单鹤		0		0	0	0	0
互相理解	hxlj	简单鹤		0		0	0	0	0
核心理念	hxln	简单鹤		0		0	0	0	0
化学老师	hxlu	简单鹤		0		0	0	0	0
蕙心兰质	hxlv	简单鹤		1		0	0	0	0
互相来往	hxlw	简单鹤		0		0	0	0	0
横向联系	hxlx	简单鹤		0		0	0	0	0
火星老仙	hxlx	简单鹤		0		0	0	0	0
互相利用	hxly	简单鹤		0		0	0	0	0
核心利益	hxly	简单鹤		0		0	0	0	0
户型面积	hxmj	简单鹤		0		0	0	0	0
和谐美满	hxmm	简单鹤		0		0	0	0	0
唤醒民众	hxmv	简单鹤		0		0	0	0	0
好像没有	hxmy	简单鹤		0		0	0	0	0
华夏民族	hxmz	简单鹤		0		0	0	0	0
核心内容	hxnr	简单鹤		0		0	0	0	0
核心平台	hxpt	简单鹤		0		0	0	0	0
互相碰撞	hxpv	简单鹤		0		0	0	0	0
呼吸平稳	hxpw	简单鹤		0		0	0	0	0
横行其道	hxqd	简单鹤		0		0	0	0	0
核心期刊	hxqk	简单鹤		0		0	0	0	0
回想起来	hxql	简单鹤		0		0	0	0	0
互相欺骗	hxqp	简单鹤		0		0	0	0	0
互相让步	hxrb	简单鹤		0		0	0	0	0
核心人物	hxrw	简单鹤		0		0	0	0	0
火星四溅	hxsj	简单鹤		0		0	0	0	0
核心思想	hxsx	简单鹤		0		0	0	0	0
核心素养	hxsy	简单鹤		0		0	0	0	0
花香四溢	hxsy	简单鹤		0		0	0	0	0
含胸驼背	hxtb	简单鹤		0		0	0	0	0
红袖添香	hxtx	简单鹤	188	0		0	0	0	0
和谐统一	hxty	简单鹤		0		0	0	0	0
海鲜市场	hxui	简单鹤		0		0	0	0	0
呼吸衰竭	hxuj	简单鹤		0		0	0	0	0
幻想时间	hxuj	简单鹤		0		0	0	0	0
好像是有	hxuy	简单鹤		0		0	0	0	0
好像是在	hxuz	简单鹤		0		0	0	0	0
好想知道	hxvd	简单鹤		0		0	0	0	0
很想知道	hxvd	简单鹤		0		0	0	0	0
互相支持	hxvi	简单鹤		0		0	0	0	0
或许只是	hxvu	简单鹤		0		0	0	0	0
户型展示	hxvu	简单鹤		0		0	0	0	0
互相往来	hxwl	简单鹤		0		0	0	0	0
华夏文明	hxwm	简单鹤		0		0	0	0	0
化学污染	hxwr	简单鹤		0		0	0	0	0
呼吸兴奋	hxxf	简单鹤		0		0	0	0	0
和谐相处	hxxi	简单鹤		0		0	0	0	0
核心显卡	hxxk	简单鹤		0		0	0	0	0
坏消息是	hxxu	简单鹤		0		0	0	0	0
好消息是	hxxu	简单鹤		0		0	0	0	0
互相依存	hxyc	简单鹤		0		0	0	0	0
好像有点	hxyd	简单鹤		0		0	0	0	0
化学阉割	hxyg	简单鹤		0		0	0	0	0
呼吸一滞	hxyv	简单鹤		0		0	0	0	0
或许因为	hxyw	简单鹤		0		0	0	0	0
回想一下	hxyx	简单鹤		0		0	0	0	0
还想咋地	hxzd	简单鹤		0		0	0	0	0
华夏子孙	hxzs	简单鹤		0		0	0	0	0
化学作用	hxzy	简单鹤		0		0	0	0	0
鸿雁哀鸣	hyam	简单鹤		1		0	0	0	0
行业标杆	hybg	简单鹤		0		0	0	0	0
怀冤抱屈	hybq	简单鹤		1		0	0	0	0
婚姻不顺	hybu	简单鹤		0		0	0	0	0
还有不少	hybu	简单鹤		0		0	0	0	0
很有帮助	hybv	简单鹤		0		0	0	0	0
行业标准	hybv	简单鹤		0		0	0	0	0
还有必要	hyby	简单鹤		0		0	0	0	0
还要不要	hyby	简单鹤		0		0	0	0	0
厚养薄葬	hybz	简单鹤		0		0	0	0	0
汉语词典	hycd	简单鹤		0		0	0	0	0
话音才落	hycl	简单鹤		0		0	0	0	0
很有才能	hycn	简单鹤		0		0	0	0	0
好一点点	hydd	简单鹤		0		0	0	0	0
欢迎大家	hydj	简单鹤		0		0	0	0	0
好有道理	hydl	简单鹤		0		0	0	0	0
很有道理	hydl	简单鹤		0		0	0	0	0
还有的人	hydr	简单鹤		0		0	0	0	0
好友动态	hydt	简单鹤		0		0	0	0	0
鸿运当头	hydt	简单鹤		0		0	0	0	0
黄杨钿甜	hydt	简单鹤		0		0	0	0	0
还有多少	hydu	简单鹤		0		0	0	0	0
海洋动物	hydw	简单鹤		0		0	0	0	0
怀疑对象	hydx	简单鹤		0		0	0	0	0
怀有敌意	hydy	简单鹤		0		0	0	0	0
祸因恶积	hyej	简单鹤		0		0	0	0	0
和衣而睡	hyeu	简单鹤		0		0	0	0	0
弘扬佛法	hyff	简单鹤		0		0	0	0	0
黑云翻滚	hyfg	简单鹤		0		0	0	0	0
火郁发之	hyfv	简单鹤		0		0	0	0	0
行业发展	hyfv	简单鹤		0		0	0	0	0
会员服务	hyfw	简单鹤		0		0	0	0	0
互有高低	hygd	简单鹤		0		0	0	0	0
很有感触	hygi	简单鹤		0		0	0	0	0
很有感觉	hygj	简单鹤		0		0	0	0	0
行业股票	hygp	简单鹤		0		0	0	0	0
回阳固脱	hygt	简单鹤		0		0	0	0	0
还有高手	hygu	简单鹤		0		0	0	0	0
好友关系	hygx	简单鹤		0		0	0	0	0
很有个性	hygx	简单鹤		0		0	0	0	0
很有关系	hygx	简单鹤		0		0	0	0	0
红眼果蝇	hygy	简单鹤		0		0	0	0	0
还有好多	hyhd	简单鹤		0		0	0	0	0
还有很多	hyhd	简单鹤		0		0	0	0	0
好一会儿	hyhe	简单鹤		0		0	0	0	0
欢迎惠顾	hyhg	简单鹤		0		0	0	0	0
行有行规	hyhg	简单鹤		0		0	0	0	0
很有好处	hyhi	简单鹤		0		0	0	0	0
忽远忽近	hyhj	简单鹤		0		0	0	0	0
很有活力	hyhl	简单鹤		0		0	0	0	0
欢迎回来	hyhl	简单鹤		0		0	0	0	0
黄莺出谷	hyig	简单鹤		0		0	0	0	0
沪爷冲击	hyij	简单鹤		0		0	0	0	0
花月成双	hyiu	简单鹤		0		0	0	0	0
很有成效	hyix	简单鹤		0		0	0	0	0
汉语成语	hyiy	简单鹤		0		0	0	0	0
欢迎乘坐	hyiz	简单鹤		0		0	0	0	0
货源充足	hyiz	简单鹤		0		0	0	0	0
会议决定	hyjd	简单鹤		0		0	0	0	0
华语教父	hyjf	简单鹤		0		0	0	0	0
还有几个	hyjg	简单鹤		0		0	0	0	0
还有机会	hyjh	简单鹤		0		0	0	0	0
行业健康	hyjk	简单鹤		0		0	0	0	0
会议记录	hyjl	简单鹤		0		0	0	0	0
欢迎加入	hyjr	简单鹤		0		0	0	0	0
活要见人	hyjr	简单鹤		0		0	0	0	0
婚姻家庭	hyjt	简单鹤		0		0	0	0	0
会议结束	hyju	简单鹤		0		0	0	0	0
很有精神	hyju	简单鹤		0		0	0	0	0
很有价值	hyjv	简单鹤		0		0	0	0	0
好游快爆	hykb	简单鹤		0		0	0	0	0
会议开幕	hykm	简单鹤		0		0	0	0	0
很有可能	hykn	简单鹤		0		0	0	0	0
还有可能	hykn	简单鹤		0		0	0	0	0
互有利弊	hylb	简单鹤		0		0	0	0	0
会员礼包	hylb	简单鹤		0		0	0	0	0
好友列表	hylb	简单鹤		0		0	0	0	0
获益良多	hyld	简单鹤		0		0	0	0	0
很有乐趣	hylq	简单鹤		0		0	0	0	0
好友聊天	hylt	简单鹤		0		0	0	0	0
行业龙头	hylt	简单鹤		0		0	0	0	0
好友名单	hymd	简单鹤		0		0	0	0	0
行业冥灯	hymd	简单鹤		0		0	0	0	0
行业门户	hymh	简单鹤		0		0	0	0	0
婚姻美满	hymm	简单鹤		0		0	0	0	0
护眼模式	hymu	简单鹤		0		0	0	0	0
还有没有	hymy	简单鹤		0		0	0	0	0
还有哪个	hyng	简单鹤		0		0	0	0	0
还有那个	hyng	简单鹤		0		0	0	0	0
还有那么	hynm	简单鹤		0		0	0	0	0
好意难却	hynq	简单鹤		0		0	0	0	0
会议内容	hynr	简单鹤		0		0	0	0	0
还用你说	hynu	简单鹤		0		0	0	0	0
还要你说	hynu	简单鹤		0		0	0	0	0
还有哪些	hynx	简单鹤		0		0	0	0	0
还有那些	hynx	简单鹤		0		0	0	0	0
行业排名	hypm	简单鹤		0		0	0	0	0
会议批准	hypv	简单鹤		0		0	0	0	0
活跃气氛	hyqf	简单鹤		0		0	0	0	0
行业翘楚	hyqi	简单鹤		0		0	0	0	0
会议期间	hyqj	简单鹤		0		0	0	0	0
皓月千里	hyql	简单鹤		1		0	0	0	0
很有起色	hyqs	简单鹤		0		0	0	0	0
很有前途	hyqt	简单鹤		0		0	0	0	0
鸿运齐天	hyqt	简单鹤		0		0	0	0	0
很有气势	hyqu	简单鹤		0		0	0	0	0
荒野求生	hyqu	简单鹤		0		0	0	0	0
华语群星	hyqx	简单鹤		0		0	0	0	0
会员权益	hyqy	简单鹤		0		0	0	0	0
合营企业	hyqy	简单鹤		0		0	0	0	0
荒野起源	hyqy	简单鹤		0		0	0	0	0
怀疑人生	hyru	简单鹤		0		0	0	0	0
还有什么	hysm	简单鹤		0		0	0	0	0
好意思说	hysu	简单鹤		0		0	0	0	0
很有特点	hytd	简单鹤		0		0	0	0	0
很有同感	hytg	简单鹤		0		0	0	0	0
华语天后	hyth	简单鹤		0		0	0	0	0
好友推荐	hytj	简单鹤		0		0	0	0	0
幻影坦克	hytk	简单鹤		0		0	0	0	0
后仰跳投	hytt	简单鹤		0		0	0	0	0
活跃天数	hytu	简单鹤		0		0	0	0	0
会议通知	hytv	简单鹤		0		0	0	0	0
华语天王	hytw	简单鹤		0		0	0	0	0
互有胜负	hyuf	简单鹤		0		0	0	0	0
环游世界	hyuj	简单鹤		0		0	0	0	0
还有时间	hyuj	简单鹤		0		0	0	0	0
很有实力	hyul	简单鹤		0		0	0	0	0
还用说吗	hyum	简单鹤		0		0	0	0	0
欢迎使用	hyuy	简单鹤		0		0	0	0	0
怀孕生子	hyuz	简单鹤		0		0	0	0	0
后有追兵	hyvb	简单鹤		0		0	0	0	0
虎牙主播	hyvb	简单鹤		0		0	0	0	0
虎牙直播	hyvb	简单鹤		0		0	0	0	0
合议制度	hyvd	简单鹤		0		0	0	0	0
还有这个	hyvg	简单鹤		0		0	0	0	0
会议指出	hyvi	简单鹤		0		0	0	0	0
婚姻状况	hyvk	简单鹤		0		0	0	0	0
还有这么	hyvm	简单鹤		0		0	0	0	0
弘扬正气	hyvq	简单鹤		0		0	0	0	0
会议主题	hyvt	简单鹤		0		0	0	0	0
婚姻状态	hyvt	简单鹤		0		0	0	0	0
行业知识	hyvu	简单鹤		0		0	0	0	0
还有这事	hyvu	简单鹤		0		0	0	0	0
还有这样	hyvy	简单鹤		0		0	0	0	0
好一阵子	hyvz	简单鹤		0		0	0	0	0
会议文件	hywj	简单鹤		0		0	0	0	0
海洋污染	hywr	简单鹤		0		0	0	0	0
很有问题	hywt	简单鹤		0		0	0	0	0
回忆往事	hywu	简单鹤		0		0	0	0	0
还以为是	hywu	简单鹤		0		0	0	0	0
秽言污语	hywy	简单鹤		1		0	0	0	0
还有许多	hyxd	简单鹤		0		0	0	0	0
很有效果	hyxg	简单鹤		0		0	0	0	0
会议现场	hyxi	简单鹤		0		0	0	0	0
很有兴趣	hyxq	简单鹤		0		0	0	0	0
欢迎新人	hyxr	简单鹤		0		0	0	0	0
还有些人	hyxr	简单鹤		0		0	0	0	0
还有心思	hyxs	简单鹤		0		0	0	0	0
会议形式	hyxu	简单鹤		0		0	0	0	0
还有些事	hyxu	简单鹤		0		0	0	0	0
还有希望	hyxw	简单鹤		0		0	0	0	0
很有信心	hyxx	简单鹤		0		0	0	0	0
还有一次	hyyc	简单鹤		0		0	0	0	0
还有一点	hyyd	简单鹤		0		0	0	0	0
会有一个	hyyg	简单鹤		0		0	0	0	0
还有一个	hyyg	简单鹤		0		0	0	0	0
红颜易老	hyyl	简单鹤		0		0	0	0	0
话音一落	hyyl	简单鹤		0		0	0	0	0
怀疑一切	hyyq	简单鹤		0		0	0	0	0
很有意思	hyys	简单鹤		0		0	0	0	0
华语乐坛	hyyt	简单鹤		0		0	0	0	0
很有一套	hyyt	简单鹤		0		0	0	0	0
好友验证	hyyv	简单鹤		0		0	0	0	0
还有一种	hyyv	简单鹤		0		0	0	0	0
回忆一下	hyyx	简单鹤		0		0	0	0	0
还有一些	hyyx	简单鹤		0		0	0	0	0
汉英字典	hyzd	简单鹤		0		0	0	0	0
汉语字典	hyzd	简单鹤		0		0	0	0	0
会议资料	hyzl	简单鹤		0		0	0	0	0
欢迎再来	hyzl	简单鹤		0		0	0	0	0
花样作死	hyzs	简单鹤		0		0	0	0	0
婚姻自主	hyzv	简单鹤		0		0	0	0	0
很有作用	hyzy	简单鹤		0		0	0	0	0
合作方式	hzfu	简单鹤		0		0	0	0	0
合作共赢	hzgy	简单鹤		0		0	0	0	0
合作伙伴	hzhb	简单鹤		0		0	0	0	0
猴子猴孙	hzhs	简单鹤		0		0	0	0	0
孩子还小	hzhx	简单鹤		0		0	0	0	0
很早很早	hzhz	简单鹤		0		0	0	0	0
合作基础	hzji	简单鹤		0		0	0	0	0
猴子捞月	hzly	简单鹤		0		0	0	0	0
会怎么样	hzmy	简单鹤		0		0	0	0	0
好在哪里	hznl	简单鹤		0		0	0	0	0
活罪难逃	hznt	简单鹤		0		0	0	0	0
孩子脾气	hzpq	简单鹤		0		0	0	0	0
化作泡影	hzpy	简单鹤		0		0	0	0	0
合作前景	hzqj	简单鹤		0		0	0	0	0
孩子他爸	hztb	简单鹤		0		0	0	0	0
孩子他妈	hztm	简单鹤		0		0	0	0	0
猴子偷桃	hztt	简单鹤		0		0	0	0	0
黑子说话	hzuh	简单鹤		0		0	0	0	0
合作事宜	hzuy	简单鹤		0		0	0	0	0
还在这里	hzvl	简单鹤		0		0	0	0	0
黑泽志玲	hzvl	简单鹤		0		0	0	0	0
很早之前	hzvq	简单鹤		0		0	0	0	0
红嘴朱雀	hzvq	简单鹤		0		0	0	0	0
合作完成	hzwi	简单鹤		0		0	0	0	0
耗子尾汁	hzwv	简单鹤		0		0	0	0	0
汉字系统	hzxt	简单鹤		0		0	0	0	0
惠泽一方	hzyf	简单鹤		0		0	0	0	0
合作愉快	hzyk	简单鹤		0		0	0	0	0
混在一起	hzyq	简单鹤		0		0	0	0	0
合作意识	hzyu	简单鹤		0		0	0	0	0
横遭意外	hzyw	简单鹤		0		0	0	0	0
合作意向	hzyx	简单鹤		0		0	0	0	0
含在嘴里	hzzl	简单鹤		0		0	0	0	0
出埃及记	iajj	简单鹤		0		0	0	0	0
长按扫码	iasm	简单鹤		0		0	0	0	0
纯爱战士	iavu	简单鹤		0		0	0	0	0
纯爱战神	iavu	简单鹤		0		0	0	0	0
吃不饱饭	ibbf	简单鹤		0		0	0	0	0
初步方案	ibfa	简单鹤		0		0	0	0	0
插播广告	ibgg	简单鹤		0		0	0	0	0
成本管理	ibgl	简单鹤		0		0	0	0	0
床边故事	ibgu	简单鹤		0		0	0	0	0
长臂管辖	ibgx	简单鹤		0		0	0	0	0
船舶工业	ibgy	简单鹤		0		0	0	0	0
差别很大	ibhd	简单鹤		0		0	0	0	0
撤不回了	ibhl	简单鹤		0		0	0	0	0
承包合同	ibht	简单鹤		0		0	0	0	0
差别很小	ibhx	简单鹤		0		0	0	0	0
出不出来	ibil	简单鹤		0		0	0	0	0
承不承认	ibir	简单鹤		0		0	0	0	0
初步成效	ibix	简单鹤		0		0	0	0	0
重磅嘉宾	ibjb	简单鹤		0		0	0	0	0
吃百家饭	ibjf	简单鹤		0		0	0	0	0
储备基金	ibjj	简单鹤		0		0	0	0	0
初步建立	ibjl	简单鹤		0		0	0	0	0
尘白禁区	ibjq	简单鹤		0		0	0	0	0
承包空屏	ibkp	简单鹤		0		0	0	0	0
承包空瓶	ibkp	简单鹤		0		0	0	0	0
成本控制	ibkv	简单鹤		0		0	0	0	0
吃饱了饭	iblf	简单鹤		0		0	0	0	0
吃饱了撑	ibli	简单鹤		0		0	0	0	0
丑不拉几	iblj	简单鹤		0		0	0	0	0
出不来了	ibll	简单鹤		0		0	0	0	0
秤不离砣	iblt	简单鹤		1		0	0	0	0
臣卜木曹	ibmc	简单鹤		0		0	0	0	0
插标卖首	ibmu	简单鹤		0		0	0	0	0
初步判断	ibpd	简单鹤		0		0	0	0	0
初步确定	ibqd	简单鹤		0		0	0	0	0
吃不起饭	ibqf	简单鹤		0		0	0	0	0
出不去了	ibql	简单鹤		0		0	0	0	0
春播秋收	ibqu	简单鹤		0		0	0	0	0
诚不欺我	ibqw	简单鹤		0		0	0	0	0
差不太多	ibtd	简单鹤		0		0	0	0	0
传播途径	ibtj	简单鹤		0		0	0	0	0
初步统计	ibtj	简单鹤		0		0	0	0	0
吃不上饭	ibuf	简单鹤		0		0	0	0	0
插不上话	ibuh	简单鹤		0		0	0	0	0
唱不上去	ibuq	简单鹤		0		0	0	0	0
喘不上气	ibuq	简单鹤		0		0	0	0	0
称不上是	ibuu	简单鹤		0		0	0	0	0
撑不住了	ibvl	简单鹤		0		0	0	0	0
赤壁之战	ibvv	简单鹤		0		0	0	0	0
蝉不知雪	ibvx	简单鹤		1		0	0	0	0
吃不下饭	ibxf	简单鹤		0		0	0	0	0
传不习乎	ibxh	简单鹤		0		0	0	0	0
初步形成	ibxi	简单鹤		0		0	0	0	0
吃不下了	ibxl	简单鹤		0		0	0	0	0
吃不消了	ibxl	简单鹤		0		0	0	0	0
除弊兴利	ibxl	简单鹤		0		0	0	0	0
吃不下去	ibxq	简单鹤		0		0	0	0	0
撑不下去	ibxq	简单鹤		0		0	0	0	0
称霸一方	ibyf	简单鹤		0		0	0	0	0
翅膀硬了	ibyl	简单鹤		0		0	0	0	0
成倍增加	ibzj	简单鹤		0		0	0	0	0
初次分配	icfp	简单鹤		0		0	0	0	0
屮艸芔茻	ichm	简单鹤		0		0	0	0	0
纯粹出于	iciy	简单鹤		0		0	0	0	0
初次接触	icji	简单鹤		0		0	0	0	0
纯粹就是	icju	简单鹤		0		0	0	0	0
谄词令色	icls	简单鹤		1		0	0	0	0
吃错了药	icly	简单鹤		0		0	0	0	0
吃错药了	icyl	简单鹤		0		0	0	0	0
承担不了	idbl	简单鹤		0		0	0	0	0
承担不起	idbq	简单鹤		0		0	0	0	0
程度不同	idbt	简单鹤		0		0	0	0	0
长短不一	idby	简单鹤		0		0	0	0	0
彻底摧毁	idch	简单鹤		0		0	0	0	0
尺短寸长	idci	简单鹤		1		0	0	0	0
超电磁炮	idcp	简单鹤		0		0	0	0	0
彻底颠覆	iddf	简单鹤		0		0	0	0	0
充电电池	iddi	简单鹤		0		0	0	0	0
长度单位	iddw	简单鹤		0		0	0	0	0
吃点东西	iddx	简单鹤		0		0	0	0	0
超导电性	iddx	简单鹤		0		0	0	0	0
长点儿心	idex	简单鹤		0		0	0	0	0
车贷房贷	idfd	简单鹤		0		0	0	0	0
彻底翻车	idfi	简单鹤		0		0	0	0	0
超大附件	idfj	简单鹤		0		0	0	0	0
彻底疯狂	idfk	简单鹤		0		0	0	0	0
彻底放弃	idfq	简单鹤		0		0	0	0	0
触底反弹	idft	简单鹤		0		0	0	0	0
承担风险	idfx	简单鹤		0		0	0	0	0
重点工作	idgz	简单鹤		0		0	0	0	0
吃点好的	idhd	简单鹤		0		0	0	0	0
柴多火旺	idhw	简单鹤		0		0	0	0	0
差得很远	idhy	简单鹤		0		0	0	0	0
超大城市	idiu	简单鹤		0		0	0	0	0
差点就被	idjb	简单鹤		0		0	0	0	0
彻底绝望	idjw	简单鹤		0		0	0	0	0
吃大亏了	idkl	简单鹤		0		0	0	0	0
差点哭了	idkl	简单鹤		0		0	0	0	0
彻底凉凉	idll	简单鹤		0		0	0	0	0
彻底破坏	idph	简单鹤		0		0	0	0	0
承担赔偿	idpi	简单鹤		0		0	0	0	0
持刀抢劫	idqj	简单鹤		0		0	0	0	0
船到桥头	idqt	简单鹤		0		0	0	0	0
充当人质	idrv	简单鹤		0		0	0	0	0
重打赛文	idsw	简单鹤		0		0	0	0	0
戳到痛处	idti	简单鹤		0		0	0	0	0
尝到甜头	idtt	简单鹤		0		0	0	0	0
场地设计	iduj	简单鹤		0		0	0	0	0
抽点时间	iduj	简单鹤		0		0	0	0	0
充电视频	idup	简单鹤		0		0	0	0	0
持刀伤人	idur	简单鹤		0		0	0	0	0
持刀杀人	idur	简单鹤		0		0	0	0	0
称得上是	iduu	简单鹤		0		0	0	0	0
传道受业	iduy	简单鹤		1		0	0	0	0
拆弹专家	idvj	简单鹤		0		0	0	0	0
沉得住气	idvq	简单鹤		0		0	0	0	0
床第之事	idvu	简单鹤		0		0	0	0	0
超度众生	idvu	简单鹤		1		0	0	0	0
车底战神	idvu	简单鹤		0		0	0	0	0
传动装置	idvv	简单鹤		0		0	0	0	0
彻底完成	idwi	简单鹤		0		0	0	0	0
差点忘了	idwl	简单鹤		0		0	0	0	0
彻底完了	idwl	简单鹤		0		0	0	0	0
超度亡灵	idwl	简单鹤		0		0	0	0	0
出大问题	idwt	简单鹤		0		0	0	0	0
充当先锋	idxf	简单鹤		0		0	0	0	0
冲动消费	idxf	简单鹤		0		0	0	0	0
掺东西了	idxl	简单鹤		0		0	0	0	0
触动心灵	idxl	简单鹤		0		0	0	0	0
传动系统	idxt	简单鹤		0		0	0	0	0
传递信息	idxx	简单鹤		0		0	0	0	0
长大以后	idyh	简单鹤		0		0	0	0	0
差得远了	idyl	简单鹤		0		0	0	0	0
差点意思	idys	简单鹤		0		0	0	0	0
蠢得要死	idys	简单鹤		0		0	0	0	0
产大于销	idyx	简单鹤		0		0	0	0	0
传达一下	idyx	简单鹤		0		0	0	0	0
承担责任	idzr	简单鹤		0		0	0	0	0
迟到早退	idzt	简单鹤		0		0	0	0	0
穿搭自由	idzy	简单鹤		0		0	0	0	0
吹耳边风	iebf	简单鹤		0		0	0	0	0
痴儿呆女	iedn	简单鹤		1		0	0	0	0
超额完成	iewi	简单鹤		0		0	0	0	0
丑恶嘴脸	iezl	简单鹤		0		0	0	0	0
充分表达	ifbd	简单鹤		0		0	0	0	0
触发被动	ifbd	简单鹤		0		0	0	0	0
充分表明	ifbm	简单鹤		0		0	0	0	0
串反并同	ifbt	简单鹤		0		0	0	0	0
充分表现	ifbx	简单鹤		0		0	0	0	0
充分必要	ifby	简单鹤		0		0	0	0	0
尘封多年	ifdn	简单鹤		0		0	0	0	0
春风荡漾	ifdy	简单鹤		0		0	0	0	0
差分方程	iffi	简单鹤		0		0	0	0	0
触犯法律	iffl	简单鹤		0		0	0	0	0
春风拂面	iffm	简单鹤		0		0	0	0	0
充分发展	iffv	简单鹤		0		0	0	0	0
成分复杂	iffz	简单鹤		0		0	0	0	0
乘法公式	ifgu	简单鹤		0		0	0	0	0
重复出现	ifix	简单鹤		0		0	0	0	0
长发及腰	ifjy	简单鹤		0		0	0	0	0
充分开发	ifkf	简单鹤		0		0	0	0	0
乘法口诀	ifkj	简单鹤		0		0	0	0	0
充分考虑	ifkl	简单鹤		0		0	0	0	0
出发了没	iflm	简单鹤		0		0	0	0	0
触发连招	iflv	简单鹤		0		0	0	0	0
出发没有	ifmy	简单鹤		0		0	0	0	0
重复内容	ifnr	简单鹤		0		0	0	0	0
嘲风弄月	ifny	简单鹤		1		0	0	0	0
长发飘飘	ifpp	简单鹤		0		0	0	0	0
吃饭去了	ifql	简单鹤		0		0	0	0	0
重返赛场	ifsi	简单鹤		0		0	0	0	0
春风送暖	ifsn	简单鹤		0		0	0	0	0
充分条件	iftj	简单鹤		0		0	0	0	0
充分听取	iftq	简单鹤		0		0	0	0	0
重复上屏	ifub	简单鹤		0		0	0	0	0
吃饭时间	ifuj	简单鹤		0		0	0	0	0
吃饭睡觉	ifuj	简单鹤		0		0	0	0	0
春风十里	iful	简单鹤		0		0	0	0	0
乘风转舵	ifvd	简单鹤		1		0	0	0	0
充分证明	ifvm	简单鹤		0		0	0	0	0
充分挖掘	ifwj	简单鹤		0		0	0	0	0
重返未来	ifwl	简单鹤		0		0	0	0	0
重返舞台	ifwt	简单鹤		0		0	0	0	0
茶饭无心	ifwx	简单鹤		1		0	0	0	0
充分信任	ifxr	简单鹤		0		0	0	0	0
充分行使	ifxu	简单鹤		0		0	0	0	0
重复一次	ifyc	简单鹤		0		0	0	0	0
乘风扬帆	ifyf	简单鹤		0		0	0	0	0
尘封已久	ifyj	简单鹤		0		0	0	0	0
重复再来	ifzl	简单鹤		0		0	0	0	0
冲锋在前	ifzq	简单鹤		0		0	0	0	0
陈古不化	igbh	简单鹤		0		0	0	0	0
长跪不起	igbq	简单鹤		0		0	0	0	0
垂拱而治	igev	简单鹤		1		0	0	0	0
成果斐然	igfr	简单鹤		0		0	0	0	0
成果丰硕	igfu	简单鹤		0		0	0	0	0
出国访问	igfw	简单鹤		0		0	0	0	0
出国护照	ighv	简单鹤		0		0	0	0	0
成果鉴定	igjd	简单鹤		0		0	0	0	0
超管警告	igjg	简单鹤		0		0	0	0	0
崇高精神	igju	简单鹤		0		0	0	0	0
常规教学	igjx	简单鹤		0		0	0	0	0
出国考察	igki	简单鹤		0		0	0	0	0
唇干口燥	igkz	简单鹤		1		0	0	0	0
出国留学	iglx	简单鹤		0		0	0	0	0
出国旅游	igly	简单鹤		0		0	0	0	0
崇高目标	igmb	简单鹤		0		0	0	0	0
吃干抹净	igmj	简单鹤		0		0	0	0	0
闯关模式	igmu	简单鹤		0		0	0	0	0
成功破获	igph	简单鹤		0		0	0	0	0
崇高品质	igpv	简单鹤		0		0	0	0	0
喘过气来	igql	简单鹤		0		0	0	0	0
春光融融	igrr	简单鹤		0		0	0	0	0
成功人士	igru	简单鹤		0		0	0	0	0
唱歌跳舞	igtw	简单鹤		0		0	0	0	0
炒股失败	igub	简单鹤		0		0	0	0	0
出国深造	iguz	简单鹤		0		0	0	0	0
成功之母	igvm	简单鹤		0		0	0	0	0
春光乍泄	igvx	简单鹤		0		0	0	0	0
成功卫冕	igwm	简单鹤		0		0	0	0	0
驰高鹜远	igwy	简单鹤		1		0	0	0	0
冲冠一怒	igyn	简单鹤		0		0	0	0	0
春光旖旎	igyn	简单鹤		0		0	0	0	0
常规要求	igyq	简单鹤		0		0	0	0	0
传国玉玺	igyx	简单鹤		0		0	0	0	0
尺规作图	igzt	简单鹤		0		0	0	0	0
成功在望	igzw	简单鹤		0		0	0	0	0
钗横鬓乱	ihbl	简单鹤		1		0	0	0	0
晨昏颠倒	ihdd	简单鹤		0		0	0	0	0
重回巅峰	ihdf	简单鹤		0		0	0	0	0
唱红打黑	ihdh	简单鹤		0		0	0	0	0
传唤调查	ihdi	简单鹤		0		0	0	0	0
穿红带绿	ihdl	简单鹤		0		0	0	0	0
穿红戴绿	ihdl	简单鹤		0		0	0	0	0
吃坏肚子	ihdz	简单鹤		0		0	0	0	0
超乎常人	ihir	简单鹤		0		0	0	0	0
蠢话连篇	ihlp	简单鹤		0		0	0	0	0
长河落日	ihlr	简单鹤		0		0	0	0	0
吃喝拉撒	ihls	简单鹤		0		0	0	0	0
冲昏了头	ihlt	简单鹤		0		0	0	0	0
传话太监	ihtj	简单鹤		0		0	0	0	0
成何体统	ihtt	简单鹤	151	0		0	0	0	0
畅怀痛饮	ihty	简单鹤		0		0	0	0	0
撤回失败	ihub	简单鹤		0		0	0	0	0
吃花生米	ihum	简单鹤		0		0	0	0	0
重回视野	ihuy	简单鹤		0		0	0	0	0
车祸现场	ihxi	简单鹤		0		0	0	0	0
重获新生	ihxu	简单鹤		0		0	0	0	0
超乎想象	ihxx	简单鹤		0		0	0	0	0
吃喝用度	ihyd	简单鹤		0		0	0	0	0
产后抑郁	ihyy	简单鹤		0		0	0	0	0
超出部分	iibf	简单鹤		0		0	0	0	0
出厂编号	iibh	简单鹤		0		0	0	0	0
迟迟不见	iibj	简单鹤		0		0	0	0	0
迟迟不来	iibl	简单鹤		0		0	0	0	0
重重包围	iibw	简单鹤		0		0	0	0	0
处处都是	iidu	简单鹤		0		0	0	0	0
超常发挥	iifh	简单鹤		0		0	0	0	0
超出范围	iifw	简单鹤		0		0	0	0	0
重重关卡	iigk	简单鹤		0		0	0	0	0
赤橙黄绿	iihl	简单鹤		0		0	0	0	0
常常会有	iihy	简单鹤		0		0	0	0	0
处处掣肘	iiiv	简单鹤		0		0	0	0	0
楚楚可人	iikr	简单鹤		1		0	0	0	0
潺潺流淌	iili	简单鹤		0		0	0	0	0
垂垂暮年	iimn	简单鹤		0		0	0	0	0
迟迟没有	iimy	简单鹤		0		0	0	0	0
长城内外	iinw	简单鹤		0		0	0	0	0
处处碰壁	iipb	简单鹤		0		0	0	0	0
常常如此	iirc	简单鹤		0		0	0	0	0
出厂日期	iirq	简单鹤		0		0	0	0	0
驰骋沙场	iiui	简单鹤		0		0	0	0	0
抽出时间	iiuj	简单鹤		0		0	0	0	0
出差申请	iiuq	简单鹤		0		0	0	0	0
沉沉睡去	iiuq	简单鹤		0		0	0	0	0
痴痴傻傻	iiuu	简单鹤		0		0	0	0	0
出厂设置	iiuv	简单鹤		0		0	0	0	0
长城守望	iiuw	简单鹤		0		0	0	0	0
唇齿之邦	iivb	简单鹤		1		0	0	0	0
处处针对	iivd	简单鹤		0		0	0	0	0
扯扯拽拽	iivv	简单鹤		0		0	0	0	0
超出之外	iivw	简单鹤		0		0	0	0	0
传承文明	iiwm	简单鹤		0		0	0	0	0
串成一气	iiyq	简单鹤		0		0	0	0	0
超出预期	iiyq	简单鹤		0		0	0	0	0
常常因为	iiyw	简单鹤		0		0	0	0	0
处惊不变	ijbb	简单鹤		0		0	0	0	0
察觉不出	ijbi	简单鹤		0		0	0	0	0
陈旧不堪	ijbk	简单鹤		0		0	0	0	0
川剧变脸	ijbl	简单鹤		0		0	0	0	0
超级变态	ijbt	简单鹤		0		0	0	0	0
超级不爽	ijbu	简单鹤		0		0	0	0	0
长久不衰	ijbu	简单鹤		0		0	0	0	0
超级版主	ijbv	简单鹤		0		0	0	0	0
吃惊不已	ijby	简单鹤		0		0	0	0	0
乘坚策肥	ijcf	简单鹤		1		0	0	0	0
出嫁从夫	ijcf	简单鹤		0		0	0	0	0
常见错误	ijcw	简单鹤		0		0	0	0	0
超级大爆	ijdb	简单鹤		0		0	0	0	0
察觉到了	ijdl	简单鹤		0		0	0	0	0
超级电脑	ijdn	简单鹤		0		0	0	0	0
成就大我	ijdw	简单鹤		0		0	0	0	0
长街短巷	ijdx	简单鹤		1		0	0	0	0
穿金戴银	ijdy	简单鹤		0		0	0	0	0
出尽风头	ijft	简单鹤		0		0	0	0	0
处级干部	ijgb	简单鹤		0		0	0	0	0
超级感动	ijgd	简单鹤		0		0	0	0	0
处境尴尬	ijgg	简单鹤		0		0	0	0	0
重见光明	ijgm	简单鹤		0		0	0	0	0
陈旧观念	ijgn	简单鹤		0		0	0	0	0
城际高铁	ijgt	简单鹤		0		0	0	0	0
沉静寡言	ijgy	简单鹤		1		0	0	0	0
楚界汉河	ijhh	简单鹤		1		0	0	0	0
超级火山	ijhu	简单鹤		0		0	0	0	0
超级会员	ijhy	简单鹤		0		0	0	0	0
初级产品	ijip	简单鹤		0		0	0	0	0
出简出全	ijiq	简单鹤		0		0	0	0	0
车接车送	ijis	简单鹤		0		0	0	0	0
初具雏形	ijix	简单鹤		0		0	0	0	0
超级加倍	ijjb	简单鹤		0		0	0	0	0
超级加辈	ijjb	简单鹤		0		0	0	0	0
超级街霸	ijjb	简单鹤		0		0	0	0	0
成交金额	ijje	简单鹤		0		0	0	0	0
拆机键帽	ijjm	简单鹤		0		0	0	0	0
超级矿工	ijkg	简单鹤		0		0	0	0	0
超级快充	ijki	简单鹤		0		0	0	0	0
春节快乐	ijkl	简单鹤		0		0	0	0	0
初级考试	ijku	简单鹤		0		0	0	0	0
唇焦口燥	ijkz	简单鹤		1		0	0	0	0
超级链接	ijlj	简单鹤		0		0	0	0	0
吃尽了苦	ijlk	简单鹤		0		0	0	0	0
掣襟露肘	ijlv	简单鹤		1		0	0	0	0
常见毛病	ijmb	简单鹤		0		0	0	0	0
超级敏感	ijmg	简单鹤		0		0	0	0	0
超级玛丽	ijml	简单鹤		0		0	0	0	0
醇酒美人	ijmr	简单鹤		1		0	0	0	0
超级模特	ijmt	简单鹤		0		0	0	0	0
成就梦想	ijmx	简单鹤		0		0	0	0	0
超级明星	ijmx	简单鹤		0		0	0	0	0
超级女声	ijnu	简单鹤		0		0	0	0	0
出简让全	ijrq	简单鹤		0		0	0	0	0
耻居人下	ijrx	简单鹤		1		0	0	0	0
成绩统计	ijtj	简单鹤		0		0	0	0	0
超级推荐	ijtj	简单鹤		0		0	0	0	0
车技太逊	ijtx	简单鹤		0		0	0	0	0
长江天险	ijtx	简单鹤		0		0	0	0	0
超级兔子	ijtz	简单鹤		0		0	0	0	0
唇焦舌敝	ijub	简单鹤		1		0	0	0	0
差距甚大	ijud	简单鹤		0		0	0	0	0
唇尖舌利	ijul	简单鹤		1		0	0	0	0
长见识了	ijul	简单鹤		0		0	0	0	0
初级水平	ijup	简单鹤		0		0	0	0	0
吃惊受怕	ijup	简单鹤		1		0	0	0	0
成就事业	ijuy	简单鹤		0		0	0	0	0
长江上游	ijuy	简单鹤		0		0	0	0	0
超级战队	ijvd	简单鹤		0		0	0	0	0
厂家直发	ijvf	简单鹤		0		0	0	0	0
春节祝福	ijvf	简单鹤		0		0	0	0	0
厂家直供	ijvg	简单鹤		0		0	0	0	0
初级职称	ijvi	简单鹤		0		0	0	0	0
超级战舰	ijvj	简单鹤		0		0	0	0	0
察己知人	ijvr	简单鹤		1		0	0	0	0
车间主任	ijvr	简单鹤		0		0	0	0	0
成绩卓著	ijvv	简单鹤		0		0	0	0	0
沉肩坠肘	ijvv	简单鹤		0		0	0	0	0
厂家直销	ijvx	简单鹤		0		0	0	0	0
超级五笔	ijwb	简单鹤		0		0	0	0	0
尺籍伍符	ijwf	简单鹤		1		0	0	0	0
春节晚会	ijwh	简单鹤		0		0	0	0	0
超级玩家	ijwj	简单鹤		0		0	0	0	0
出家为僧	ijws	简单鹤		0		0	0	0	0
常见问题	ijwt	简单鹤		0		0	0	0	0
传记文学	ijwx	简单鹤		0		0	0	0	0
超级细菌	ijxj	简单鹤		0		0	0	0	0
长江学者	ijxv	简单鹤		0		0	0	0	0
出家修行	ijxx	简单鹤		0		0	0	0	0
冲激响应	ijxy	简单鹤		0		0	0	0	0
长江下游	ijxy	简单鹤		0		0	0	0	0
持家有道	ijyd	简单鹤		0		0	0	0	0
超级月亮	ijyl	简单鹤		0		0	0	0	0
长久以来	ijyl	简单鹤		0		0	0	0	0
成绩优秀	ijyx	简单鹤		0		0	0	0	0
超级英雄	ijyx	简单鹤		0		0	0	0	0
赤口白舌	ikbu	简单鹤		1		0	0	0	0
出口不逊	ikbx	简单鹤		0		0	0	0	0
窗口抖动	ikdd	简单鹤		0		0	0	0	0
敞开大门	ikdm	简单鹤		0		0	0	0	0
诚恳待人	ikdr	简单鹤		0		0	0	0	0
窗口单位	ikdw	简单鹤		0		0	0	0	0
沉疴痼疾	ikgj	简单鹤		0		0	0	0	0
出口规模	ikgm	简单鹤		0		0	0	0	0
敞开供应	ikgy	简单鹤		0		0	0	0	0
岔开话题	ikht	简单鹤		0		0	0	0	0
扯开话题	ikht	简单鹤		0		0	0	0	0
出口货物	ikhw	简单鹤		0		0	0	0	0
常看常新	ikix	简单鹤		0		0	0	0	0
出口成脏	ikiz	简单鹤		0		0	0	0	0
初窥门径	ikmj	简单鹤		0		0	0	0	0
出口贸易	ikmy	简单鹤		0		0	0	0	0
沉疴难起	iknq	简单鹤		1		0	0	0	0
查看全部	ikqb	简单鹤		0		0	0	0	0
冲开人群	ikrq	简单鹤		0		0	0	0	0
沉疴宿疾	iksj	简单鹤		1		0	0	0	0
扯开嗓子	iksz	简单鹤		0		0	0	0	0
出口退税	iktu	简单鹤		0		0	0	0	0
长空万里	ikwl	简单鹤		0		0	0	0	0
敞开心扉	ikxf	简单鹤		0		0	0	0	0
敞开胸怀	ikxh	简单鹤		0		0	0	0	0
出口项目	ikxm	简单鹤		0		0	0	0	0
吃糠咽菜	ikyc	简单鹤		0		0	0	0	0
产科医生	ikyu	简单鹤		0		0	0	0	0
抽卡游戏	ikyx	简单鹤		0		0	0	0	0
出来挨打	ilad	简单鹤		0		0	0	0	0
吃了暗亏	ilak	简单鹤		0		0	0	0	0
吃了顿饭	ildf	简单鹤		0		0	0	0	0
成了定局	ildj	简单鹤		0		0	0	0	0
车辆登记	ildj	简单鹤		0		0	0	0	0
吃了大亏	ildk	简单鹤		0		0	0	0	0
豺狼当路	ildl	简单鹤		1		0	0	0	0
出了大事	ildu	简单鹤		0		0	0	0	0
出了点事	ildu	简单鹤		0		0	0	0	0
车轮大战	ildv	简单鹤		0		0	0	0	0
初恋对象	ildx	简单鹤		0		0	0	0	0
掺了东西	ildx	简单鹤		0		0	0	0	0
传来噩耗	ileh	简单鹤		0		0	0	0	0
出离愤怒	ilfn	简单鹤		0		0	0	0	0
处理方式	ilfu	简单鹤		0		0	0	0	0
吃了个饭	ilgf	简单鹤		0		0	0	0	0
车轮滚滚	ilgg	简单鹤		0		0	0	0	0
处理工具	ilgj	简单鹤		0		0	0	0	0
处理干净	ilgj	简单鹤		0		0	0	0	0
车辆管理	ilgl	简单鹤		0		0	0	0	0
冲了过去	ilgq	简单鹤		0		0	0	0	0
穿了过去	ilgq	简单鹤		0		0	0	0	0
出了好多	ilhd	简单鹤		0		0	0	0	0
出了很多	ilhd	简单鹤		0		0	0	0	0
出了差错	ilic	简单鹤		0		0	0	0	0
齿轮传动	ilid	简单鹤		0		0	0	0	0
出来吃饭	ilif	简单鹤		0		0	0	0	0
出了车祸	ilih	简单鹤		0		0	0	0	0
传了出来	ilil	简单鹤		0		0	0	0	0
冲了出来	ilil	简单鹤		0		0	0	0	0
冲了出去	iliq	简单鹤		0		0	0	0	0
车辆出入	ilir	简单鹤		0		0	0	0	0
车来车往	iliw	简单鹤		0		0	0	0	0
处理结果	iljg	简单鹤		0		0	0	0	0
车力巨人	iljr	简单鹤		0		0	0	0	0
查理九世	ilju	简单鹤		0		0	0	0	0
乘龙佳婿	iljx	简单鹤		1		0	0	0	0
出了口气	ilkq	简单鹤		0		0	0	0	0
吹了口气	ilkq	简单鹤		0		0	0	0	0
喘了口气	ilkq	简单鹤		0		0	0	0	0
处理逻辑	illj	简单鹤		0		0	0	0	0
出来了吗	illm	简单鹤		0		0	0	0	0
出了毛病	ilmb	简单鹤		0		0	0	0	0
吃了没病	ilmb	简单鹤		0		0	0	0	0
出了名的	ilmd	简单鹤		0		0	0	0	0
长路漫漫	ilmm	简单鹤		0		0	0	0	0
出来没有	ilmy	简单鹤		0		0	0	0	0
吃了没有	ilmy	简单鹤		0		0	0	0	0
处理能力	ilnl	简单鹤		0		0	0	0	0
出了哪些	ilnx	简单鹤		0		0	0	0	0
出了那些	ilnx	简单鹤		0		0	0	0	0
初恋女友	ilny	简单鹤		0		0	0	0	0
初恋男友	ilny	简单鹤		0		0	0	0	0
车辆牌照	ilpv	简单鹤		0		0	0	0	0
吃了枪子	ilqz	简单鹤		0		0	0	0	0
出了什么	ilsm	简单鹤		0		0	0	0	0
出了事情	iluq	简单鹤		0		0	0	0	0
处理事务	iluw	简单鹤		0		0	0	0	0
除了这个	ilvg	简单鹤		0		0	0	0	0
豺狼之心	ilvx	简单鹤		0		0	0	0	0
除了这些	ilvx	简单鹤		0		0	0	0	0
出了问题	ilwt	简单鹤		0		0	0	0	0
处理问题	ilwt	简单鹤		0		0	0	0	0
车辆违章	ilwv	简单鹤		0		0	0	0	0
撤离现场	ilxi	简单鹤		0		0	0	0	0
吃了小亏	ilxk	简单鹤		0		0	0	0	0
沉了下来	ilxl	简单鹤		0		0	0	0	0
出了一点	ilyd	简单鹤		0		0	0	0	0
吃了一惊	ilyj	简单鹤		0		0	0	0	0
吵了一架	ilyj	简单鹤		0		0	0	0	0
成了一种	ilyv	简单鹤		0		0	0	0	0
出了一些	ilyx	简单鹤		0		0	0	0	0
处理一下	ilyx	简单鹤		0		0	0	0	0
炒了鱿鱼	ilyy	简单鹤		0		0	0	0	0
瞅了一眼	ilyy	简单鹤		0		0	0	0	0
出毛病了	imbl	简单鹤		0		0	0	0	0
城门不失	imbu	简单鹤		0		0	0	0	0
沉默不说	imbu	简单鹤		0		0	0	0	0
沉迷不醒	imbx	简单鹤		0		0	0	0	0
瞋目而视	imeu	简单鹤		0		0	0	0	0
瞠目而视	imeu	简单鹤		1		0	0	0	0
出面干涉	imgu	简单鹤		0		0	0	0	0
承蒙关照	imgv	简单鹤		0		0	0	0	0
承蒙厚爱	imha	简单鹤		0		0	0	0	0
充满欢乐	imhl	简单鹤		0		0	0	0	0
充满好奇	imhq	简单鹤		0		0	0	0	0
车门焊死	imhs	简单鹤		0		0	0	0	0
沉没成本	imib	简单鹤		0		0	0	0	0
吃没吃过	imig	简单鹤		0		0	0	0	0
沉湎酒色	imjs	简单鹤		1		0	0	0	0
充满恐惧	imkj	简单鹤		0		0	0	0	0
充满坎坷	imkk	简单鹤		0		0	0	0	0
充满快乐	imkl	简单鹤		0		0	0	0	0
充满渴望	imkw	简单鹤		0		0	0	0	0
车马劳顿	imld	简单鹤		0		0	0	0	0
出卖灵魂	imlh	简单鹤		1		0	0	0	0
充满力量	imll	简单鹤		0		0	0	0	0
愁眉泪眼	imly	简单鹤		1		0	0	0	0
吃嘛嘛香	immx	简单鹤		0		0	0	0	0
虫鸣鸟叫	imnj	简单鹤		0		0	0	0	0
沉迷女色	imns	简单鹤		0		0	0	0	0
沉迷男色	imns	简单鹤		0		0	0	0	0
充满耐心	imnx	简单鹤		0		0	0	0	0
沉迷其中	imqv	简单鹤		0		0	0	0	0
充满热情	imrq	简单鹤		0		0	0	0	0
臣门如市	imru	简单鹤		1		0	0	0	0
驰名商标	imub	简单鹤		0		0	0	0	0
触目伤怀	imuh	简单鹤		1		0	0	0	0
沉迷手机	imuj	简单鹤		0		0	0	0	0
成名之战	imvv	简单鹤		0		0	0	0	0
查明真相	imvx	简单鹤		0		0	0	0	0
愁眉皱眼	imvy	简单鹤		0		0	0	0	0
成名之作	imvz	简单鹤		0		0	0	0	0
除魔卫道	imwd	简单鹤		0		0	0	0	0
春末夏初	imxi	简单鹤		0		0	0	0	0
充满希望	imxw	简单鹤		0		0	0	0	0
臭骂一顿	imyd	简单鹤		0		0	0	0	0
出门右拐	imyg	简单鹤		0		0	0	0	0
车没油了	imyl	简单鹤		0		0	0	0	0
出门右转	imyv	简单鹤		0		0	0	0	0
沉迷游戏	imyx	简单鹤		0		0	0	0	0
长门有希	imyx	简单鹤		0		0	0	0	0
出门左转	imzv	简单鹤		0		0	0	0	0
充满自信	imzx	简单鹤		0		0	0	0	0
常年不懈	inbx	简单鹤		0		0	0	0	0
趁你不在	inbz	简单鹤		0		0	0	0	0
吃奶的劲	indj	简单鹤		0		0	0	0	0
陈年旧事	inju	简单鹤		0		0	0	0	0
陈年旧账	injv	简单鹤		0		0	0	0	0
场内交易	injy	简单鹤		0		0	0	0	0
吹牛老爹	inld	简单鹤		0		0	0	0	0
陈年老酒	inlj	简单鹤		0		0	0	0	0
陈年老图	inlt	简单鹤		0		0	0	0	0
超能力者	inlv	简单鹤		0		0	0	0	0
陈年老账	inlv	简单鹤		0		0	0	0	0
成年男子	innz	简单鹤		0		0	0	0	0
馋你身子	inuz	简单鹤		0		0	0	0	0
刹那之间	invj	简单鹤		0		0	0	0	0
处女之身	invu	简单鹤		0		0	0	0	0
除你之外	invw	简单鹤		0		0	0	0	0
除你武器	inwq	简单鹤		0		0	0	0	0
陈年往事	inwu	简单鹤		0		0	0	0	0
成年仪式	inyu	简单鹤		0		0	0	0	0
除你以外	inyw	简单鹤		0		0	0	0	0
除那以外	inyw	简单鹤		0		0	0	0	0
瞅你咋地	inzd	简单鹤		0		0	0	0	0
瞅你咋的	inzd	简单鹤		0		0	0	0	0
常年在外	inzw	简单鹤		0		0	0	0	0
长年在外	inzw	简单鹤		0		0	0	0	0
产品分类	ipfl	简单鹤		0		0	0	0	0
冲破樊篱	ipfl	简单鹤		0		0	0	0	0
产品规格	ipgg	简单鹤		0		0	0	0	0
车牌号码	iphm	简单鹤		0		0	0	0	0
产品出口	ipik	简单鹤		0		0	0	0	0
产品创新	ipix	简单鹤		0		0	0	0	0
产品价格	ipjg	简单鹤		0		0	0	0	0
产品简介	ipjj	简单鹤		0		0	0	0	0
产品经理	ipjl	简单鹤		0		0	0	0	0
产品介绍	ipju	简单鹤		0		0	0	0	0
产品交易	ipjy	简单鹤		0		0	0	0	0
产品开发	ipkf	简单鹤		0		0	0	0	0
长篇阔论	ipkl	简单鹤		0		0	0	0	0
长袍马褂	ipmg	简单鹤		0		0	0	0	0
产品名称	ipmi	简单鹤		0		0	0	0	0
产品目录	ipml	简单鹤		0		0	0	0	0
产品评测	ippc	简单鹤		0		0	0	0	0
产品批号	ipph	简单鹤		0		0	0	0	0
差评如潮	ipri	简单鹤		0		0	0	0	0
产品认证	iprv	简单鹤		0		0	0	0	0
产品特色	ipts	简单鹤		0		0	0	0	0
成批生产	ipui	简单鹤		0		0	0	0	0
产品数量	ipul	简单鹤		0		0	0	0	0
长平之战	ipvv	简单鹤		0		0	0	0	0
产品型号	ipxh	简单鹤		0		0	0	0	0
产品研发	ipyf	简单鹤		0		0	0	0	0
趁其不备	iqbb	简单鹤		0		0	0	0	0
长期不断	iqbd	简单鹤		0		0	0	0	0
产权保护	iqbh	简单鹤		0		0	0	0	0
长期不懈	iqbx	简单鹤		0		0	0	0	0
长期存在	iqcz	简单鹤		0		0	0	0	0
超前点播	iqdb	简单鹤		0		0	0	0	0
重启大法	iqdf	简单鹤		0		0	0	0	0
重启电脑	iqdn	简单鹤		0		0	0	0	0
长期打算	iqds	简单鹤		0		0	0	0	0
春秋鼎盛	iqdu	简单鹤		1		0	0	0	0
春秋冬夏	iqdx	简单鹤		0		0	0	0	0
春情荡漾	iqdy	简单鹤		0		0	0	0	0
超强二笔	iqeb	简单鹤		0		0	0	0	0
茶前饭后	iqfh	简单鹤		0		0	0	0	0
超前发展	iqfv	简单鹤		0		0	0	0	0
长期发展	iqfv	简单鹤		0		0	0	0	0
城区规划	iqgh	简单鹤		0		0	0	0	0
产权关系	iqgx	简单鹤		0		0	0	0	0
长期合同	iqht	简单鹤		0		0	0	0	0
吃青春饭	iqif	简单鹤		0		0	0	0	0
逞强充能	iqin	简单鹤		0		0	0	0	0
长期积累	iqjl	简单鹤		0		0	0	0	0
产权交易	iqjy	简单鹤		0		0	0	0	0
宠妻狂魔	iqkm	简单鹤		0		0	0	0	0
长期困扰	iqkr	简单鹤		0		0	0	0	0
臭棋篓子	iqlz	简单鹤		0		0	0	0	0
车前马后	iqmh	简单鹤		0		0	0	0	0
产权明晰	iqmx	简单鹤		0		0	0	0	0
痴情女子	iqnz	简单鹤		0		0	0	0	0
乘轻驱肥	iqqf	简单鹤		1		0	0	0	0
长期如此	iqrc	简单鹤		0		0	0	0	0
重启人生	iqru	简单鹤		0		0	0	0	0
传奇色彩	iqsc	简单鹤		0		0	0	0	0
长期提供	iqtg	简单鹤		0		0	0	0	0
长期投资	iqtz	简单鹤		0		0	0	0	0
持枪视角	iquj	简单鹤		0		0	0	0	0
长期实践	iquj	简单鹤		0		0	0	0	0
重启试试	iquu	简单鹤		0		0	0	0	0
长期使用	iquy	简单鹤		0		0	0	0	0
产权制度	iqvd	简单鹤		0		0	0	0	0
春秋五霸	iqwb	简单鹤		0		0	0	0	0
超强五笔	iqwb	简单鹤		0		0	0	0	0
重庆卫视	iqwu	简单鹤		0		0	0	0	0
充气娃娃	iqww	简单鹤		0		0	0	0	0
长期下去	iqxq	简单鹤		0		0	0	0	0
超前享受	iqxu	简单鹤		0		0	0	0	0
出去一趟	iqyt	简单鹤		0		0	0	0	0
超前意识	iqyu	简单鹤		0		0	0	0	0
出奇一致	iqyv	简单鹤		0		0	0	0	0
出去一下	iqyx	简单鹤		0		0	0	0	0
长期在外	iqzw	简单鹤		0		0	0	0	0
出去走走	iqzz	简单鹤		0		0	0	0	0
冲任不固	irbg	简单鹤		0		0	0	0	0
成人本科	irbk	简单鹤		0		0	0	0	0
出入登记	irdj	简单鹤		0		0	0	0	0
超然度外	irdw	简单鹤		0		0	0	0	0
成人电影	irdy	简单鹤		0		0	0	0	0
齿如瓠犀	irhx	简单鹤		0		0	0	0	0
承认差距	irij	简单鹤		0		0	0	0	0
初入江湖	irjh	简单鹤		0		0	0	0	0
仇人见面	irjm	简单鹤		0		0	0	0	0
出入平安	irpa	简单鹤		0		0	0	0	0
插入排序	irpx	简单鹤		0		0	0	0	0
吃软怕硬	irpy	简单鹤		0		0	0	0	0
春荣秋枯	irqk	简单鹤		0		0	0	0	0
诚如斯言	irsy	简单鹤		0		0	0	0	0
怆然涕下	irtx	简单鹤		1		0	0	0	0
插入文本	irwb	简单鹤		0		0	0	0	0
传入我国	irwg	简单鹤		0		0	0	0	0
成人网站	irwv	简单鹤		0		0	0	0	0
耻辱下播	irxb	简单鹤		0		0	0	0	0
成人笑话	irxh	简单鹤		0		0	0	0	0
仇人相见	irxj	简单鹤	35	0		0	0	0	0
宠辱偕忘	irxw	简单鹤		0		0	0	0	0
成人用品	iryp	简单鹤		0		0	0	0	0
春日野穹	iryq	简单鹤		0		0	0	0	0
成人仪式	iryu	简单鹤		0		0	0	0	0
春日野悠	iryy	简单鹤		0		0	0	0	0
吃人嘴软	irzr	简单鹤		0		0	0	0	0
出入自由	irzy	简单鹤		0		0	0	0	0
成色不错	isbc	简单鹤		0		0	0	0	0
重塑金身	isju	简单鹤		0		0	0	0	0
沉思良久	islj	简单鹤		0		0	0	0	0
吵什么吵	ismi	简单鹤		0		0	0	0	0
瞅什么瞅	ismi	简单鹤		0		0	0	0	0
重塑肉身	isru	简单鹤		0		0	0	0	0
沉思熟虑	isul	简单鹤		1		0	0	0	0
出馊主意	isvy	简单鹤		0		0	0	0	0
出色完成	iswi	简单鹤		0		0	0	0	0
愁死我了	iswl	简单鹤		0		0	0	0	0
臭死我了	iswl	简单鹤		0		0	0	0	0
超速行驶	isxu	简单鹤		0		0	0	0	0
橙色预警	isyj	简单鹤		0		0	0	0	0
趁他不在	itbz	简单鹤		0		0	0	0	0
趁她不在	itbz	简单鹤		0		0	0	0	0
冲天而起	iteq	简单鹤		0		0	0	0	0
差天共地	itgd	简单鹤		0		0	0	0	0
传统产业	itiy	简单鹤		0		0	0	0	0
唱跳俱佳	itjj	简单鹤		0		0	0	0	0
传统节目	itjm	简单鹤		0		0	0	0	0
长途客车	itki	简单鹤		0		0	0	0	0
长途客运	itky	简单鹤		0		0	0	0	0
长途列车	itli	简单鹤		0		0	0	0	0
茶荼散尽	itsj	简单鹤		0		0	0	0	0
传统思维	itsw	简单鹤		0		0	0	0	0
传统思想	itsx	简单鹤		0		0	0	0	0
传统社会	ituh	简单鹤		0		0	0	0	0
传统市场	itui	简单鹤		0		0	0	0	0
传统手艺	ituy	简单鹤		0		0	0	0	0
传统生意	ituy	简单鹤		0		0	0	0	0
传统文明	itwm	简单鹤		0		0	0	0	0
城通网盘	itwp	简单鹤		0		0	0	0	0
传统武术	itwu	简单鹤		0		0	0	0	0
差太远了	ityl	简单鹤		0		0	0	0	0
抽屉原理	ityl	简单鹤		0		0	0	0	0
传统艺能	ityn	简单鹤		0		0	0	0	0
长叹一声	ityu	简单鹤		0		0	0	0	0
长途运输	ityu	简单鹤		0		0	0	0	0
传统医学	ityx	简单鹤		0		0	0	0	0
传统意义	ityy	简单鹤		0		0	0	0	0
出庭作证	itzv	简单鹤		0		0	0	0	0
常熟阿诺	iuan	简单鹤		0		0	0	0	0
谄上傲下	iuax	简单鹤		1		0	0	0	0
产生变化	iubh	简单鹤		0		0	0	0	0
创世兵魂	iubh	简单鹤		0		0	0	0	0
处事不惊	iubj	简单鹤		0		0	0	0	0
承受不起	iubq	简单鹤		0		0	0	0	0
承受不住	iubv	简单鹤		0		0	0	0	0
产生错觉	iucj	简单鹤		0		0	0	0	0
出事地点	iudd	简单鹤		0		0	0	0	0
城市道路	iudl	简单鹤		0		0	0	0	0
承受得起	iudq	简单鹤		0		0	0	0	0
垂手而立	iuel	简单鹤		0		0	0	0	0
抽身而去	iueq	简单鹤		0		0	0	0	0
处事方法	iuff	简单鹤		0		0	0	0	0
产生分歧	iufq	简单鹤		0		0	0	0	0
城市发展	iufv	简单鹤		0		0	0	0	0
承受范围	iufw	简单鹤		0		0	0	0	0
床上功夫	iugf	简单鹤		0		0	0	0	0
城市管理	iugl	简单鹤		0		0	0	0	0
产生共鸣	iugm	简单鹤		0		0	0	0	0
城市规模	iugm	简单鹤		0		0	0	0	0
城市户口	iuhk	简单鹤		0		0	0	0	0
出身寒门	iuhm	简单鹤		0		0	0	0	0
出身寒微	iuhw	简单鹤		0		0	0	0	0
插上翅膀	iuib	简单鹤		0		0	0	0	0
纯属扯淡	iuid	简单鹤		0		0	0	0	0
传世经典	iujd	简单鹤		0		0	0	0	0
初始阶段	iujd	简单鹤		0		0	0	0	0
常设机构	iujg	简单鹤		0		0	0	0	0
成熟击键	iujj	简单鹤		0		0	0	0	0
传授经验	iujy	简单鹤		0		0	0	0	0
出手阔绰	iuki	简单鹤		0		0	0	0	0
诚实可靠	iukk	简单鹤		0		0	0	0	0
产生抗体	iukt	简单鹤		0		0	0	0	0
城市猎人	iulr	简单鹤		0		0	0	0	0
初始密码	iumm	简单鹤		0		0	0	0	0
初生牛犊	iund	简单鹤		0		0	0	0	0
出生年份	iunf	简单鹤		0		0	0	0	0
纯属偶然	iuor	简单鹤		0		0	0	0	0
出身贫寒	iuph	简单鹤		0		0	0	0	0
纯属巧合	iuqh	简单鹤		0		0	0	0	0
插手其中	iuqv	简单鹤		0		0	0	0	0
谄上欺下	iuqx	简单鹤		1		0	0	0	0
成双入对	iurd	简单鹤		0		0	0	0	0
出生日期	iurq	简单鹤		0		0	0	0	0
垂首贴耳	iute	简单鹤		0		0	0	0	0
城市铁路	iutl	简单鹤		0		0	0	0	0
超世脱俗	iuts	简单鹤		0		0	0	0	0
承受伤害	iuuh	简单鹤		0		0	0	0	0
城市社区	iuuq	简单鹤		0		0	0	0	0
出手伤人	iuur	简单鹤		0		0	0	0	0
出手杀人	iuur	简单鹤		0		0	0	0	0
城市生态	iuut	简单鹤		0		0	0	0	0
诚实守信	iuux	简单鹤		0		0	0	0	0
传说中的	iuvd	简单鹤		0		0	0	0	0
处世之道	iuvd	简单鹤		0		0	0	0	0
成神之路	iuvl	简单鹤		0		0	0	0	0
朝圣之路	iuvl	简单鹤		0		0	0	0	0
出生证明	iuvm	简单鹤		0		0	0	0	0
初始状态	iuvt	简单鹤		0		0	0	0	0
创始之柱	iuvv	简单鹤		0		0	0	0	0
处世哲学	iuvx	简单鹤		0		0	0	0	0
陈胜吴广	iuwg	简单鹤		0		0	0	0	0
传输文件	iuwj	简单鹤		0		0	0	0	0
出师未捷	iuwj	简单鹤		0		0	0	0	0
城市污染	iuwr	简单鹤		0		0	0	0	0
成熟稳重	iuwv	简单鹤		0		0	0	0	0
传说限定	iuxd	简单鹤		0		0	0	0	0
出手相救	iuxj	简单鹤		0		0	0	0	0
出手相助	iuxv	简单鹤		0		0	0	0	0
出生行为	iuxw	简单鹤		0		0	0	0	0
畜生行为	iuxw	简单鹤		0		0	0	0	0
重拾信心	iuxx	简单鹤		0		0	0	0	0
传输协议	iuxy	简单鹤		0		0	0	0	0
潮水一般	iuyb	简单鹤		0		0	0	0	0
重申一遍	iuyb	简单鹤		0		0	0	0	0
床上运动	iuyd	简单鹤		0		0	0	0	0
穿上衣服	iuyf	简单鹤		0		0	0	0	0
纯属娱乐	iuyl	简单鹤		0		0	0	0	0
纯属意外	iuyw	简单鹤		0		0	0	0	0
产生影响	iuyx	简单鹤		0		0	0	0	0
冲上云霄	iuyx	简单鹤		0		0	0	0	0
城市越野	iuyy	简单鹤		0		0	0	0	0
处事原则	iuyz	简单鹤		0		0	0	0	0
处事作风	iuzf	简单鹤		0		0	0	0	0
初中毕业	ivby	简单鹤		0		0	0	0	0
查找边缘	ivby	简单鹤		0		0	0	0	0
喘着粗气	ivcq	简单鹤		0		0	0	0	0
传真电话	ivdh	简单鹤		0		0	0	0	0
沉重代价	ivdj	简单鹤		0		0	0	0	0
扯着蛋了	ivdl	简单鹤		0		0	0	0	0
重装电脑	ivdn	简单鹤		0		0	0	0	0
超重低音	ivdy	简单鹤		0		0	0	0	0
惩治腐败	ivfb	简单鹤		0		0	0	0	0
沉重负担	ivfd	简单鹤		0		0	0	0	0
充值返现	ivfx	简单鹤		0		0	0	0	0
重振国威	ivgw	简单鹤		0		0	0	0	0
除这个外	ivgw	简单鹤		0		0	0	0	0
查证核实	ivhu	简单鹤		0		0	0	0	0
重整河山	ivhu	简单鹤		0		0	0	0	0
常驻机构	ivjg	简单鹤		0		0	0	0	0
初中教师	ivju	简单鹤		0		0	0	0	0
程朱理学	ivlx	简单鹤		0		0	0	0	0
长这么大	ivmd	简单鹤		0		0	0	0	0
纯真年代	ivnd	简单鹤		0		0	0	0	0
吃斋念佛	ivnf	简单鹤		0		0	0	0	0
趁着年轻	ivnq	简单鹤		0		0	0	0	0
垂直起降	ivqj	简单鹤		0		0	0	0	0
传之其人	ivqr	简单鹤		0		0	0	0	0
成长日记	ivrj	简单鹤		0		0	0	0	0
重装软件	ivrj	简单鹤		0		0	0	0	0
垂直入坑	ivrk	简单鹤		0		0	0	0	0
城镇人口	ivrk	简单鹤		0		0	0	0	0
常住人口	ivrk	简单鹤		0		0	0	0	0
查找替换	ivth	简单鹤		0		0	0	0	0
初中同学	ivtx	简单鹤		0		0	0	0	0
垂直鼠标	ivub	简单鹤		0		0	0	0	0
初中生活	ivuh	简单鹤		0		0	0	0	0
长知识了	ivul	简单鹤		0		0	0	0	0
查证属实	ivuu	简单鹤		0		0	0	0	0
传真照片	ivvp	简单鹤		0		0	0	0	0
池中之物	ivvw	简单鹤		0		0	0	0	0
垂直握把	ivwb	简单鹤		0		0	0	0	0
成者王侯	ivwh	简单鹤		0		0	0	0	0
吃着碗里	ivwl	简单鹤		0		0	0	0	0
成者为王	ivww	简单鹤		0		0	0	0	0
戳中笑点	ivxd	简单鹤		0		0	0	0	0
初中学历	ivxl	简单鹤		0		0	0	0	0
充值系统	ivxt	简单鹤		0		0	0	0	0
重装系统	ivxt	简单鹤		0		0	0	0	0
垂直向下	ivxx	简单鹤		0		0	0	0	0
诚挚谢意	ivxy	简单鹤		0		0	0	0	0
沉着应对	ivyd	简单鹤		0		0	0	0	0
吃这一套	ivyt	简单鹤		0		0	0	0	0
沉着应战	ivyv	简单鹤		0		0	0	0	0
除这以外	ivyw	简单鹤		0		0	0	0	0
肠胃不适	iwbu	简单鹤		0		0	0	0	0
趁我不在	iwbz	简单鹤		0		0	0	0	0
吃完饭了	iwfl	简单鹤		0		0	0	0	0
吃完饭没	iwfm	简单鹤		0		0	0	0	0
成文法系	iwfx	简单鹤		0		0	0	0	0
常温常压	iwiy	简单鹤		0		0	0	0	0
场外交易	iwjy	简单鹤		0		0	0	0	0
成为可能	iwkn	简单鹤		0		0	0	0	0
冲我来的	iwld	简单鹤		0		0	0	0	0
吃完了没	iwlm	简单鹤		0		0	0	0	0
超威蓝猫	iwlm	简单鹤		0		0	0	0	0
常务理事	iwlu	简单鹤		0		0	0	0	0
成为那个	iwng	简单鹤		0		0	0	0	0
臭味难闻	iwnw	简单鹤		0		0	0	0	0
成为朋友	iwpy	简单鹤		0		0	0	0	0
出问题了	iwtl	简单鹤		0		0	0	0	0
宠物食品	iwup	简单鹤		0		0	0	0	0
馋我身子	iwuz	简单鹤		0		0	0	0	0
厨王争霸	iwvb	简单鹤		0		0	0	0	0
春晚直播	iwvb	简单鹤		0		0	0	0	0
场外指导	iwvd	简单鹤		0		0	0	0	0
除我之外	iwvw	简单鹤		0		0	0	0	0
传为笑柄	iwxb	简单鹤		1		0	0	0	0
成为现实	iwxu	简单鹤		0		0	0	0	0
成为一个	iwyg	简单鹤		0		0	0	0	0
场外因素	iwys	简单鹤		0		0	0	0	0
宠物医生	iwyu	简单鹤		0		0	0	0	0
场外援助	iwyv	简单鹤		0		0	0	0	0
成为一种	iwyv	简单鹤		0		0	0	0	0
除我以外	iwyw	简单鹤		0		0	0	0	0
重新安排	ixap	简单鹤		0		0	0	0	0
出行安全	ixaq	简单鹤		0		0	0	0	0
持续不断	ixbd	简单鹤		0		0	0	0	0
痴心不改	ixbg	简单鹤		0		0	0	0	0
赤心报国	ixbg	简单鹤		1		0	0	0	0
痴心不悔	ixbh	简单鹤		0		0	0	0	0
重新编辑	ixbj	简单鹤		0		0	0	0	0
重心不稳	ixbw	简单鹤		0		0	0	0	0
程序编写	ixbx	简单鹤		0		0	0	0	0
垂涎不已	ixby	简单鹤		0		0	0	0	0
闯下大祸	ixdh	简单鹤		0		0	0	0	0
出现端倪	ixdn	简单鹤		0		0	0	0	0
初现端倪	ixdn	简单鹤		0		0	0	0	0
持续多年	ixdn	简单鹤		0		0	0	0	0
重新定义	ixdy	简单鹤		0		0	0	0	0
出现分歧	ixfq	简单鹤		0		0	0	0	0
出新高度	ixgd	简单鹤		0		0	0	0	0
城乡规划	ixgh	简单鹤		0		0	0	0	0
出席观看	ixgk	简单鹤		0		0	0	0	0
抽象概念	ixgn	简单鹤		0		0	0	0	0
出现故障	ixgv	简单鹤		0		0	0	0	0
持续关注	ixgv	简单鹤		0		0	0	0	0
出席活动	ixhd	简单鹤		0		0	0	0	0
重新获得	ixhd	简单鹤		0		0	0	0	0
潮汐海灵	ixhl	简单鹤		0		0	0	0	0
产销合同	ixht	简单鹤		0		0	0	0	0
出席会议	ixhy	简单鹤		0		0	0	0	0
吃现成饭	ixif	简单鹤		0		0	0	0	0
撤消处分	ixif	简单鹤		0		0	0	0	0
创新成果	ixig	简单鹤		0		0	0	0	0
查询成绩	ixij	简单鹤		0		0	0	0	0
呈现出来	ixil	简单鹤		0		0	0	0	0
畅销产品	ixip	简单鹤		0		0	0	0	0
辰戌丑未	ixiw	简单鹤		0		0	0	0	0
重新振作	ixiz	简单鹤		0		0	0	0	0
撤销决定	ixjd	简单鹤		0		0	0	0	0
痴心绝对	ixjd	简单鹤		0		0	0	0	0
城乡结合	ixjh	简单鹤		0		0	0	0	0
城乡经济	ixjj	简单鹤		0		0	0	0	0
程序接口	ixjk	简单鹤		0		0	0	0	0
创新纪录	ixjl	简单鹤		0		0	0	0	0
创新机制	ixjv	简单鹤		0		0	0	0	0
长效机制	ixjv	简单鹤		0		0	0	0	0
诚信经营	ixjy	简单鹤		0		0	0	0	0
重新开始	ixku	简单鹤		0		0	0	0	0
重新来过	ixlg	简单鹤		0		0	0	0	0
敞胸露怀	ixlh	简单鹤		0		0	0	0	0
重新连接	ixlj	简单鹤		0		0	0	0	0
春心萌动	ixmd	简单鹤		0		0	0	0	0
扯线木偶	ixmo	简单鹤		0		0	0	0	0
吃相难看	ixnk	简单鹤		0		0	0	0	0
创新能力	ixnl	简单鹤		0		0	0	0	0
创新驱动	ixqd	简单鹤		0		0	0	0	0
重新启动	ixqd	简单鹤		0		0	0	0	0
出现奇迹	ixqj	简单鹤		0		0	0	0	0
出现情况	ixqk	简单鹤		0		0	0	0	0
撤销起诉	ixqs	简单鹤		0		0	0	0	0
创新人才	ixrc	简单鹤		0		0	0	0	0
城乡人民	ixrm	简单鹤		0		0	0	0	0
出席人数	ixru	简单鹤		0		0	0	0	0
长相厮守	ixsu	简单鹤		0		0	0	0	0
传销团伙	ixth	简单鹤		0		0	0	0	0
城乡统筹	ixti	简单鹤		0		0	0	0	0
传销头子	ixtz	简单鹤		0		0	0	0	0
持续输出	ixui	简单鹤		0		0	0	0	0
重新上传	ixui	简单鹤		0		0	0	0	0
持续时间	ixuj	简单鹤		0		0	0	0	0
畅销商品	ixup	简单鹤		0		0	0	0	0
重新输入	ixur	简单鹤		0		0	0	0	0
持续上升	ixuu	简单鹤		0		0	0	0	0
重新支付	ixvf	简单鹤		0		0	0	0	0
除夕祝福	ixvf	简单鹤		0		0	0	0	0
储蓄账户	ixvh	简单鹤		0		0	0	0	0
朝鲜战场	ixvi	简单鹤		0		0	0	0	0
喘息之间	ixvj	简单鹤		1		0	0	0	0
初学乍练	ixvl	简单鹤		0		0	0	0	0
城下之辱	ixvr	简单鹤		1		0	0	0	0
撤消职务	ixvw	简单鹤		0		0	0	0	0
程序正义	ixvy	简单鹤		0		0	0	0	0
出现问题	ixwt	简单鹤		0		0	0	0	0
沉下心来	ixxl	简单鹤		0		0	0	0	0
重新洗牌	ixxp	简单鹤		0		0	0	0	0
持续下去	ixxq	简单鹤		0		0	0	0	0
成像系统	ixxt	简单鹤		0		0	0	0	0
查询系统	ixxt	简单鹤		0		0	0	0	0
超星系团	ixxt	简单鹤		0		0	0	0	0
出现异常	ixyi	简单鹤		0		0	0	0	0
诚信友善	ixyu	简单鹤		0		0	0	0	0
出现意外	ixyw	简单鹤		0		0	0	0	0
抽象意义	ixyy	简单鹤		0		0	0	0	0
重新组合	ixzh	简单鹤		0		0	0	0	0
重新再来	ixzl	简单鹤		0		0	0	0	0
重新做人	ixzr	简单鹤	1528	0		0	0	0	0
出于爱好	iyah	简单鹤		0		0	0	0	0
出于爱护	iyah	简单鹤		0		0	0	0	0
出言安慰	iyaw	简单鹤		0		0	0	0	0
出于爱心	iyax	简单鹤		0		0	0	0	0
彻夜不归	iybg	简单鹤		0		0	0	0	0
彻夜不绝	iybj	简单鹤		0		0	0	0	0
川渝暴龙	iybl	简单鹤		0		0	0	0	0
成员变量	iybl	简单鹤		0		0	0	0	0
产业部门	iybm	简单鹤		0		0	0	0	0
出于本能	iybn	简单鹤		0		0	0	0	0
彻夜不停	iybt	简单鹤		0		0	0	0	0
愁云不展	iybv	简单鹤		0		0	0	0	0
沉吟不语	iyby	简单鹤		1		0	0	0	0
穿衣打扮	iydb	简单鹤		0		0	0	0	0
成语典故	iydg	简单鹤		0		0	0	0	0
差一点就	iydj	简单鹤		0		0	0	0	0
抽样定理	iydl	简单鹤		0		0	0	0	0
穿衣搭配	iydp	简单鹤		0		0	0	0	0
吃药打针	iydv	简单鹤		0		0	0	0	0
沉冤得雪	iydx	简单鹤		0		0	0	0	0
臭要饭的	iyfd	简单鹤		0		0	0	0	0
常用方法	iyff	简单鹤		0		0	0	0	0
处以罚款	iyfk	简单鹤		0		0	0	0	0
出一份力	iyfl	简单鹤		0		0	0	0	0
长远发展	iyfv	简单鹤		0		0	0	0	0
传言非虚	iyfx	简单鹤		0		0	0	0	0
出于公道	iygd	简单鹤		0		0	0	0	0
创意工坊	iygf	简单鹤		0		0	0	0	0
长远规划	iygh	简单鹤		0		0	0	0	0
产业构成	iygi	简单鹤		0		0	0	0	0
冲晕过去	iygq	简单鹤		0		0	0	0	0
出于关心	iygx	简单鹤		0		0	0	0	0
插一杠子	iygz	简单鹤		0		0	0	0	0
抽烟喝酒	iyhj	简单鹤		0		0	0	0	0
差以毫厘	iyhl	简单鹤		0		0	0	0	0
出于好奇	iyhq	简单鹤		0		0	0	0	0
成员函数	iyhu	简单鹤		0		0	0	0	0
出于好意	iyhy	简单鹤		0		0	0	0	0
穿衣吃饭	iyif	简单鹤		0		0	0	0	0
创业成功	iyig	简单鹤		0		0	0	0	0
彻夜长谈	iyit	简单鹤		0		0	0	0	0
惩一警百	iyjb	简单鹤		1		0	0	0	0
产业经济	iyjj	简单鹤		0		0	0	0	0
重要进展	iyjv	简单鹤		0		0	0	0	0
成一家言	iyjy	简单鹤		1		0	0	0	0
抽样检验	iyjy	简单鹤		0		0	0	0	0
长远看来	iykl	简单鹤		0		0	0	0	0
喘一口气	iykq	简单鹤		0		0	0	0	0
成员列表	iylb	简单鹤		0		0	0	0	0
出于礼貌	iylm	简单鹤		0		0	0	0	0
处于劣势	iylu	简单鹤		0		0	0	0	0
长远来说	iylu	简单鹤		0		0	0	0	0
臭鱼烂虾	iylx	简单鹤		0		0	0	0	0
诚意满满	iymm	简单鹤		0		0	0	0	0
谗言佞语	iyny	简单鹤		1		0	0	0	0
抽样判决	iypj	简单鹤		0		0	0	0	0
沉吟片刻	iypk	简单鹤		0		0	0	0	0
创业平台	iypt	简单鹤		0		0	0	0	0
出言劝告	iyqg	简单鹤		0		0	0	0	0
出于人道	iyrd	简单鹤		0		0	0	0	0
耻言人过	iyrg	简单鹤		1		0	0	0	0
春雨如油	iyry	简单鹤		1		0	0	0	0
尺有所长	iysi	简单鹤		0		0	0	0	0
超音速录	iysl	简单鹤		0		0	0	0	0
充要条件	iytj	简单鹤		0		0	0	0	0
产业升级	iyuj	简单鹤		0		0	0	0	0
创意设计	iyuj	简单鹤		0		0	0	0	0
穿越时空	iyuk	简单鹤		0		0	0	0	0
长远之策	iyvc	简单鹤		0		0	0	0	0
朝野震动	iyvd	简单鹤		0		0	0	0	0
长远之计	iyvj	简单鹤		0		0	0	0	0
处以斩首	iyvu	简单鹤		0		0	0	0	0
出言制止	iyvv	简单鹤		0		0	0	0	0
沉冤昭雪	iyvx	简单鹤		0		0	0	0	0
创业未半	iywb	简单鹤		0		0	0	0	0
抽样误差	iywi	简单鹤		0		0	0	0	0
出音味来	iywl	简单鹤		0		0	0	0	0
初音未来	iywl	简单鹤		0		0	0	0	0
尘缘未了	iywl	简单鹤		0		0	0	0	0
彻夜无眠	iywm	简单鹤		0		0	0	0	0
创意性地	iyxd	简单鹤		0		0	0	0	0
处于下风	iyxf	简单鹤		0		0	0	0	0
穿衣显瘦	iyxu	简单鹤		0		0	0	0	0
超越自我	iyzw	简单鹤		0		0	0	0	0
穿衣自由	iyzy	简单鹤		0		0	0	0	0
橙子便利	izbl	简单鹤		0		0	0	0	0
吃罪不起	izbq	简单鹤		0		0	0	0	0
迟早的事	izdu	简单鹤		0		0	0	0	0
迟早都要	izdy	简单鹤		0		0	0	0	0
重足而立	izel	简单鹤		1		0	0	0	0
创造发明	izfm	简单鹤		0		0	0	0	0
乘坐火车	izhi	简单鹤		0		0	0	0	0
创造出了	izil	简单鹤		0		0	0	0	0
创造出来	izil	简单鹤		0		0	0	0	0
重子重孙	izis	简单鹤		0		0	0	0	0
创造机会	izjh	简单鹤		0		0	0	0	0
创作激励	izjl	简单鹤		0		0	0	0	0
创作机器	izjq	简单鹤		0		0	0	0	0
创作激情	izjq	简单鹤		0		0	0	0	0
重组家庭	izjt	简单鹤		0		0	0	0	0
创造价值	izjv	简单鹤		0		0	0	0	0
锤子科技	izkj	简单鹤		0		0	0	0	0
创造历史	izlu	简单鹤		0		0	0	0	0
创作瓶颈	izpj	简单鹤		0		0	0	0	0
创造奇迹	izqj	简单鹤		0		0	0	0	0
沉醉其中	izqv	简单鹤		0		0	0	0	0
创作热情	izrq	简单鹤		0		0	0	0	0
出租司机	izsj	简单鹤		0		0	0	0	0
迟则生变	izub	简单鹤		0		0	0	0	0
锤子手机	izuj	简单鹤		0		0	0	0	0
床笫之欢	izvh	简单鹤		0		0	0	0	0
床笫之间	izvj	简单鹤		0		0	0	0	0
出在这里	izvl	简单鹤		0		0	0	0	0
床笫之私	izvs	简单鹤		1		0	0	0	0
处子之身	izvu	简单鹤		0		0	0	0	0
种族问题	izwt	简单鹤		0		0	0	0	0
成则为王	izww	简单鹤		0		0	0	0	0
创造需求	izxq	简单鹤		0		0	0	0	0
车载系统	izxt	简单鹤		0		0	0	0	0
重走西游	izxy	简单鹤		0		0	0	0	0
创造一个	izyg	简单鹤		0		0	0	0	0
创作欲望	izyw	简单鹤		0		0	0	0	0
吃枣药丸	izyw	简单鹤		0		0	0	0	0
迟早要完	izyw	简单鹤		0		0	0	0	0
车载音乐	izyy	简单鹤		0		0	0	0	0
成字字根	izzg	简单鹤		0		0	0	0	0
兼爱非攻	jafg	简单鹤		0		0	0	0	0
建安七子	jaqz	简单鹤		0		0	0	0	0
倨傲无礼	jawl	简单鹤		0		0	0	0	0
局部变量	jbbl	简单鹤		0		0	0	0	0
基本保障	jbbv	简单鹤		0		0	0	0	0
绝不罢休	jbbx	简单鹤		0		0	0	0	0
基本操作	jbcz	简单鹤		0		0	0	0	0
脚本操作	jbcz	简单鹤		0		0	0	0	0
夹逼定理	jbdl	简单鹤		0		0	0	0	0
借不到钱	jbdq	简单鹤		0		0	0	0	0
菊部地区	jbdq	简单鹤		0		0	0	0	0
记不大清	jbdq	简单鹤		0		0	0	0	0
基本单位	jbdw	简单鹤		0		0	0	0	0
局部多云	jbdy	简单鹤		0		0	0	0	0
既病防变	jbfb	简单鹤		0		0	0	0	0
绝不放弃	jbfq	简单鹤		0		0	0	0	0
决不否认	jbfr	简单鹤		0		0	0	0	0
绝不放手	jbfu	简单鹤		0		0	0	0	0
基本格局	jbgj	简单鹤		0		0	0	0	0
基本功能	jbgn	简单鹤		0		0	0	0	0
基本概念	jbgn	简单鹤		0		0	0	0	0
极不公平	jbgp	简单鹤		0		0	0	0	0
基本国情	jbgq	简单鹤		0		0	0	0	0
拒不悔改	jbhg	简单鹤		0		0	0	0	0
几百回合	jbhh	简单鹤		0		0	0	0	0
绝不含糊	jbhh	简单鹤		0		0	0	0	0
极不合理	jbhl	简单鹤		0		0	0	0	0
就不会有	jbhy	简单鹤		0		0	0	0	0
竞标成功	jbig	简单鹤		0		0	0	0	0
嫁不出去	jbiq	简单鹤		0		0	0	0	0
拒不承认	jbir	简单鹤		0		0	0	0	0
疾病缠身	jbiu	简单鹤		0		0	0	0	0
基本成型	jbix	简单鹤		0		0	0	0	0
基本程序	jbix	简单鹤		0		0	0	0	0
觉不觉得	jbjd	简单鹤		0		0	0	0	0
记不记得	jbjd	简单鹤		0		0	0	0	0
经不经过	jbjg	简单鹤		0		0	0	0	0
就比较好	jbjh	简单鹤		0		0	0	0	0
紧不紧张	jbjv	简单鹤		0		0	0	0	0
惊不惊喜	jbjx	简单鹤		0		0	0	0	0
基本框架	jbkj	简单鹤		0		0	0	0	0
进步空间	jbkj	简单鹤		0		0	0	0	0
绝不可能	jbkn	简单鹤		0		0	0	0	0
绝不可以	jbky	简单鹤		0		0	0	0	0
进不了门	jblm	简单鹤		0		0	0	0	0
基本理念	jbln	简单鹤		0		0	0	0	0
脚步踉跄	jblq	简单鹤		0		0	0	0	0
基本模式	jbmu	简单鹤		0		0	0	0	0
基本没有	jbmy	简单鹤		0		0	0	0	0
决不能够	jbng	简单鹤		0		0	0	0	0
几百年前	jbnq	简单鹤		0		0	0	0	0
基本农田	jbnt	简单鹤		0		0	0	0	0
拒不配合	jbph	简单鹤		0		0	0	0	0
极不平衡	jbph	简单鹤		0		0	0	0	0
基本普及	jbpj	简单鹤		0		0	0	0	0
记不清了	jbql	简单鹤		0		0	0	0	0
进不去门	jbqm	简单鹤		0		0	0	0	0
绝不轻饶	jbqr	简单鹤		0		0	0	0	0
极不情愿	jbqy	简单鹤		0		0	0	0	0
久病入络	jbrl	简单鹤		0		0	0	0	0
举办日期	jbrq	简单鹤		0		0	0	0	0
基本人权	jbrq	简单鹤		0		0	0	0	0
绝不容忍	jbrr	简单鹤		0		0	0	0	0
基本任务	jbrw	简单鹤		0		0	0	0	0
绝版人物	jbrw	简单鹤		0		0	0	0	0
间不容息	jbrx	简单鹤		1		0	0	0	0
基本思路	jbsl	简单鹤		0		0	0	0	0
基本思想	jbsx	简单鹤		0		0	0	0	0
基本素养	jbsy	简单鹤		0		0	0	0	0
基本特点	jbtd	简单鹤		0		0	0	0	0
基本途径	jbtj	简单鹤		0		0	0	0	0
家被偷了	jbtl	简单鹤		0		0	0	0	0
结伴同行	jbtx	简单鹤		0		0	0	0	0
几把套子	jbtz	简单鹤		0		0	0	0	0
竞标失败	jbub	简单鹤		0		0	0	0	0
脊背生寒	jbuh	简单鹤		0		0	0	0	0
加笔上屏	jbup	简单鹤		0		0	0	0	0
进步神速	jbus	简单鹤		0		0	0	0	0
紧闭双眼	jbuy	简单鹤		0		0	0	0	0
绝不食言	jbuy	简单鹤		0		0	0	0	0
酒吧驻场	jbvi	简单鹤		0		0	0	0	0
基本职能	jbvn	简单鹤		0		0	0	0	0
戒备状态	jbvt	简单鹤		0		0	0	0	0
接不住戏	jbvx	简单鹤		0		0	0	0	0
夹逼准则	jbvz	简单鹤		0		0	0	0	0
极不稳定	jbwd	简单鹤		0		0	0	0	0
绝不为过	jbwg	简单鹤		0		0	0	0	0
基本完成	jbwi	简单鹤		0		0	0	0	0
几百万年	jbwn	简单鹤		0		0	0	0	0
劲爆尾杀	jbwu	简单鹤		0		0	0	0	0
箭不虚发	jbxf	简单鹤		1		0	0	0	0
家暴现场	jbxi	简单鹤		0		0	0	0	0
基本形式	jbxu	简单鹤		0		0	0	0	0
基本信息	jbxx	简单鹤		0		0	0	0	0
静不下心	jbxx	简单鹤		0		0	0	0	0
就不一定	jbyd	简单鹤		0		0	0	0	0
鸡巴硬了	jbyl	简单鹤		0		0	0	0	0
技不压身	jbyu	简单鹤		0		0	0	0	0
基本一致	jbyv	简单鹤		0		0	0	0	0
金杯玉盏	jbyv	简单鹤		0		0	0	0	0
基本组成	jbzi	简单鹤		0		0	0	0	0
基本组织	jbzv	简单鹤		0		0	0	0	0
举措不当	jcbd	简单鹤		1		0	0	0	0
就此别过	jcbg	简单鹤		0		0	0	0	0
决策部门	jcbm	简单鹤		0		0	0	0	0
就此罢手	jcbu	简单鹤		0		0	0	0	0
就此罢休	jcbx	简单鹤		0		0	0	0	0
精彩表演	jcby	简单鹤		0		0	0	0	0
精彩对局	jcdj	简单鹤		0		0	0	0	0
就此打住	jcdv	简单鹤		0		0	0	0	0
决策方案	jcfa	简单鹤		0		0	0	0	0
就此放弃	jcfq	简单鹤		0		0	0	0	0
基层法院	jcfy	简单鹤		0		0	0	0	0
基层管理	jcgl	简单鹤		0		0	0	0	0
建材公司	jcgs	简单鹤		0		0	0	0	0
基层工作	jcgz	简单鹤		0		0	0	0	0
精彩回放	jchf	简单鹤		0		0	0	0	0
韭菜盒子	jchz	简单鹤		0		0	0	0	0
见词就打	jcjd	简单鹤		0		0	0	0	0
韭菜鸡蛋	jcjd	简单鹤		0		0	0	0	0
精彩节目	jcjm	简单鹤		0		0	0	0	0
精彩镜头	jcjt	简单鹤		0		0	0	0	0
基层建设	jcju	简单鹤		0		0	0	0	0
就此结束	jcju	简单鹤		0		0	0	0	0
精彩击杀	jcju	简单鹤		0		0	0	0	0
饥餐渴饮	jcky	简单鹤		1		0	0	0	0
就此了断	jcld	简单鹤		0		0	0	0	0
就此了结	jclj	简单鹤		0		0	0	0	0
精彩内容	jcnr	简单鹤		0		0	0	0	0
基层群众	jcqv	简单鹤		0		0	0	0	0
积草囤粮	jctl	简单鹤		0		0	0	0	0
就此停止	jctv	简单鹤		0		0	0	0	0
精彩时刻	jcuk	简单鹤		0		0	0	0	0
紧蹙双眉	jcum	简单鹤		0		0	0	0	0
决策水平	jcup	简单鹤		0		0	0	0	0
就此收尾	jcuw	简单鹤		0		0	0	0	0
精彩之极	jcvj	简单鹤		0		0	0	0	0
检测中心	jcvx	简单鹤		0		0	0	0	0
建材王哥	jcwg	简单鹤		0		0	0	0	0
就此完结	jcwj	简单鹤		0		0	0	0	0
基操勿六	jcwl	简单鹤		0		0	0	0	0
建此伟业	jcwy	简单鹤		0		0	0	0	0
结草衔环	jcxh	简单鹤		1		0	0	0	0
仅此一次	jcyc	简单鹤		0		0	0	0	0
仅此一家	jcyj	简单鹤		0		0	0	0	0
仅此一人	jcyr	简单鹤		0		0	0	0	0
仅此一位	jcyw	简单鹤		0		0	0	0	0
就此一项	jcyx	简单鹤		0		0	0	0	0
就此作罢	jczb	简单鹤		0		0	0	0	0
觉得不错	jdbc	简单鹤		0		0	0	0	0
绝对不会	jdbh	简单鹤		0		0	0	0	0
捡到宝了	jdbl	简单鹤		0		0	0	0	0
极度不满	jdbm	简单鹤		0		0	0	0	0
监督部门	jdbm	简单鹤		0		0	0	0	0
绝对不能	jdbn	简单鹤		0		0	0	0	0
旧的不去	jdbq	简单鹤		0		0	0	0	0
京东白条	jdbt	简单鹤		0		0	0	0	0
绝对不同	jdbt	简单鹤		0		0	0	0	0
绝对不小	jdbx	简单鹤		0		0	0	0	0
绝对不行	jdbx	简单鹤		0		0	0	0	0
绝对不要	jdby	简单鹤		0		0	0	0	0
简单粗暴	jdcb	简单鹤		0		0	0	0	0
鸡肚菜花	jdch	简单鹤		0		0	0	0	0
经典操作	jdcz	简单鹤		0		0	0	0	0
近的地方	jddf	简单鹤		0		0	0	0	0
急得跺脚	jddj	简单鹤		0		0	0	0	0
基底动脉	jddm	简单鹤		0		0	0	0	0
静电电容	jddr	简单鹤		0		0	0	0	0
接待大厅	jddt	简单鹤		0		0	0	0	0
记得戴套	jddt	简单鹤		0		0	0	0	0
绝对定位	jddw	简单鹤		0		0	0	0	0
建党大业	jddy	简单鹤		0		0	0	0	0
角度刁钻	jddz	简单鹤		0		0	0	0	0
较大幅度	jdfd	简单鹤		0		0	0	0	0
假道伐虢	jdfg	简单鹤		0		0	0	0	0
绝代风华	jdfh	简单鹤		0		0	0	0	0
焦点访谈	jdft	简单鹤		0		0	0	0	0
绝地逢生	jdfu	简单鹤		0		0	0	0	0
既定方针	jdfv	简单鹤		0		0	0	0	0
降低风险	jdfx	简单鹤		0		0	0	0	0
几多风雨	jdfy	简单鹤		0		0	0	0	0
戒断反应	jdfy	简单鹤		0		0	0	0	0
绝对防御	jdfy	简单鹤		0		0	0	0	0
巨大改变	jdgb	简单鹤		0		0	0	0	0
鸡蛋灌饼	jdgb	简单鹤		0		0	0	0	0
降低高度	jdgd	简单鹤		0		0	0	0	0
监督管理	jdgl	简单鹤		0		0	0	0	0
酒店管理	jdgl	简单鹤		0		0	0	0	0
绝顶高手	jdgu	简单鹤		0		0	0	0	0
巨大贡献	jdgx	简单鹤		0		0	0	0	0
静电感应	jdgy	简单鹤		0		0	0	0	0
接待工作	jdgz	简单鹤		0		0	0	0	0
经典回顾	jdhg	简单鹤		0		0	0	0	0
经典好歌	jdhg	简单鹤		0		0	0	0	0
觉得好笑	jdhx	简单鹤		0		0	0	0	0
巨大成功	jdig	简单鹤		0		0	0	0	0
嫁得出去	jdiq	简单鹤		0		0	0	0	0
介电常数	jdiu	简单鹤		0		0	0	0	0
监督程序	jdix	简单鹤		0		0	0	0	0
鸡蛋煎饼	jdjb	简单鹤		0		0	0	0	0
监督机构	jdjg	简单鹤		0		0	0	0	0
监督检查	jdji	简单鹤		0		0	0	0	0
就地解决	jdjj	简单鹤		0		0	0	0	0
加大剂量	jdjl	简单鹤		0		0	0	0	0
鉴定结论	jdjl	简单鹤		0		0	0	0	0
静电键盘	jdjp	简单鹤		0		0	0	0	0
觉得惊奇	jdjq	简单鹤		0		0	0	0	0
军队建设	jdju	简单鹤		0		0	0	0	0
尖端技术	jdju	简单鹤		0		0	0	0	0
监督机制	jdjv	简单鹤		0		0	0	0	0
监督矩阵	jdjv	简单鹤		0		0	0	0	0
坚定决心	jdjx	简单鹤		0		0	0	0	0
极度匮乏	jdkf	简单鹤		0		0	0	0	0
尖端科技	jdkj	简单鹤		0		0	0	0	0
经典开局	jdkj	简单鹤		0		0	0	0	0
极度困难	jdkn	简单鹤		0		0	0	0	0
极端困难	jdkn	简单鹤		0		0	0	0	0
简单可行	jdkx	简单鹤		0		0	0	0	0
绝对可以	jdky	简单鹤		0		0	0	0	0
加大力度	jdld	简单鹤		0		0	0	0	0
经典老番	jdlf	简单鹤		0		0	0	0	0
经典老歌	jdlg	简单鹤		0		0	0	0	0
机动灵活	jdlh	简单鹤		0		0	0	0	0
简单来讲	jdlj	简单鹤		0		0	0	0	0
绝对路径	jdlj	简单鹤		0		0	0	0	0
巨大力量	jdll	简单鹤		0		0	0	0	0
绝对力量	jdll	简单鹤		0		0	0	0	0
经典老图	jdlt	简单鹤		0		0	0	0	0
简单来说	jdlu	简单鹤		0		0	0	0	0
经典力学	jdlx	简单鹤		0		0	0	0	0
绝对领域	jdly	简单鹤		0		0	0	0	0
既定目标	jdmb	简单鹤		0		0	0	0	0
京东秒送	jdms	简单鹤		0		0	0	0	0
就当没说	jdmu	简单鹤		0		0	0	0	0
决定命运	jdmy	简单鹤		0		0	0	0	0
绝对没有	jdmy	简单鹤		0		0	0	0	0
脚底抹油	jdmy	简单鹤		0		0	0	0	0
降低难度	jdnd	简单鹤		0		0	0	0	0
简单男孩	jdnh	简单鹤		0		0	0	0	0
极端女权	jdnq	简单鹤		0		0	0	0	0
巨大潜力	jdql	简单鹤		0		0	0	0	0
角度清奇	jdqq	简单鹤		0		0	0	0	0
绝地求生	jdqu	简单鹤		0		0	0	0	0
觉得如何	jdrh	简单鹤		0		0	0	0	0
交代任务	jdrw	简单鹤		0		0	0	0	0
夹带私货	jdsh	简单鹤		0		0	0	0	0
掘地三尺	jdsi	简单鹤		0		0	0	0	0
加大投入	jdtr	简单鹤		0		0	0	0	0
决定胜负	jduf	简单鹤		0		0	0	0	0
脚底生风	jduf	简单鹤		0		0	0	0	0
绝对是个	jdug	简单鹤		0		0	0	0	0
几点睡觉	jduj	简单鹤		0		0	0	0	0
交待事实	jduu	简单鹤		0		0	0	0	0
既定事实	jduu	简单鹤		0		0	0	0	0
极度舒适	jduu	简单鹤		0		0	0	0	0
简单实用	jduy	简单鹤		0		0	0	0	0
惊呆众人	jdvr	简单鹤		0		0	0	0	0
教导主任	jdvr	简单鹤		0		0	0	0	0
鉴定证书	jdvu	简单鹤		0		0	0	0	0
就得这样	jdvy	简单鹤		0		0	0	0	0
鉴定完毕	jdwb	简单鹤		0		0	0	0	0
降低温度	jdwd	简单鹤		0		0	0	0	0
经典物理	jdwl	简单鹤		0		0	0	0	0
京东外卖	jdwm	简单鹤		0		0	0	0	0
记得我吗	jdwm	简单鹤		0		0	0	0	0
解答问题	jdwt	简单鹤		0		0	0	0	0
绝地武士	jdwu	简单鹤		0		0	0	0	0
家电维修	jdwx	简单鹤		0		0	0	0	0
极度危险	jdwx	简单鹤		0		0	0	0	0
近代文学	jdwx	简单鹤		0		0	0	0	0
惊掉下巴	jdxb	简单鹤		0		0	0	0	0
坚定信念	jdxn	简单鹤		0		0	0	0	0
绝对信任	jdxr	简单鹤		0		0	0	0	0
积德行善	jdxu	简单鹤		0		0	0	0	0
经典小说	jdxu	简单鹤		0		0	0	0	0
九大行星	jdxx	简单鹤		0		0	0	0	0
简单易懂	jdyd	简单鹤		0		0	0	0	0
绝对音感	jdyg	简单鹤		0		0	0	0	0
决定一切	jdyq	简单鹤		0		0	0	0	0
降低要求	jdyq	简单鹤		0		0	0	0	0
绝对因素	jdys	简单鹤		0		0	0	0	0
坚定意志	jdyv	简单鹤	1532	0		0	0	0	0
经典作品	jdzp	简单鹤		0		0	0	0	0
尽到责任	jdzr	简单鹤		0		0	0	0	0
极端自私	jdzs	简单鹤		0		0	0	0	0
就当作是	jdzu	简单鹤		0		0	0	0	0
极端组织	jdzv	简单鹤		0		0	0	0	0
交待罪行	jdzx	简单鹤		0		0	0	0	0
绝对自信	jdzx	简单鹤		0		0	0	0	0
巨大作用	jdzy	简单鹤		0		0	0	0	0
交而不泄	jebx	简单鹤		0		0	0	0	0
金额不限	jebx	简单鹤		0		0	0	0	0
鸡儿梆硬	jeby	简单鹤		0		0	0	0	0
巨额财富	jecf	简单鹤		0		0	0	0	0
巨额财产	jeci	简单鹤		0		0	0	0	0
剪恶除奸	jeij	简单鹤		1		0	0	0	0
巨额利润	jelr	简单鹤		0		0	0	0	0
惊谔失色	jeus	简单鹤		0		0	0	0	0
巨额债务	jevw	简单鹤		0		0	0	0	0
惊愕万分	jewf	简单鹤		0		0	0	0	0
饥饿游戏	jeyx	简单鹤		0		0	0	0	0
饥饿营销	jeyx	简单鹤		0		0	0	0	0
甲方爸爸	jfbb	简单鹤		0		0	0	0	0
交封不杀	jfbu	简单鹤		0		0	0	0	0
经费爆炸	jfbv	简单鹤		0		0	0	0	0
金发碧眼	jfby	简单鹤		0		0	0	0	0
经费不足	jfbz	简单鹤		0		0	0	0	0
军阀割据	jfgj	简单鹤		0		0	0	0	0
鸡飞狗叫	jfgj	简单鹤		1		0	0	0	0
加法公式	jfgu	简单鹤		0		0	0	0	0
鸡飞狗走	jfgz	简单鹤		1		0	0	0	0
警匪换边	jfhb	简单鹤		0		0	0	0	0
军阀混战	jfhv	简单鹤		0		0	0	0	0
解放初期	jfiq	简单鹤		0		0	0	0	0
绝非常人	jfir	简单鹤		0		0	0	0	0
吉房出租	jfiz	简单鹤		0		0	0	0	0
经费困难	jfkn	简单鹤		0		0	0	0	0
军费开支	jfkv	简单鹤		0		0	0	0	0
经费开销	jfkx	简单鹤		0		0	0	0	0
街坊邻居	jflj	简单鹤		0		0	0	0	0
金发女郎	jfnl	简单鹤		0		0	0	0	0
绝非偶然	jfor	简单鹤		0		0	0	0	0
激发潜能	jfqn	简单鹤		0		0	0	0	0
夹缝求生	jfqu	简单鹤		0		0	0	0	0
结发妻子	jfqz	简单鹤		0		0	0	0	0
简繁通打	jftd	简单鹤		0		0	0	0	0
简繁同体	jftt	简单鹤		0		0	0	0	0
夹缝生存	jfuc	简单鹤		0		0	0	0	0
积分商城	jfui	简单鹤		0		0	0	0	0
尖峰时刻	jfuk	简单鹤		0		0	0	0	0
绝非善类	jful	简单鹤		0		0	0	0	0
极负盛名	jfum	简单鹤		0		0	0	0	0
解放双手	jfuu	简单鹤		0		0	0	0	0
交付使用	jfuy	简单鹤		0		0	0	0	0
见风是雨	jfuy	简单鹤		1		0	0	0	0
几分钟后	jfvh	简单鹤		0		0	0	0	0
简繁转换	jfvh	简单鹤		0		0	0	0	0
几分钟前	jfvq	简单鹤		0		0	0	0	0
肌肤之亲	jfvq	简单鹤		0		0	0	0	0
经费战士	jfvu	简单鹤		0		0	0	0	0
精分现场	jfxi	简单鹤		0		0	0	0	0
几分相似	jfxs	简单鹤		0		0	0	0	0
甲方乙方	jfyf	简单鹤		0		0	0	0	0
解放以来	jfyl	简单鹤		0		0	0	0	0
决非易事	jfyu	简单鹤		0		0	0	0	0
均方意义	jfyy	简单鹤		0		0	0	0	0
绝非有意	jfyy	简单鹤		0		0	0	0	0
价格昂贵	jgag	简单鹤		0		0	0	0	0
极个别的	jgbd	简单鹤		0		0	0	0	0
价格不菲	jgbf	简单鹤		0		0	0	0	0
金刚不坏	jgbh	简单鹤		0		0	0	0	0
结果表明	jgbm	简单鹤		0		0	0	0	0
极个别人	jgbr	简单鹤		0		0	0	0	0
叫个不停	jgbt	简单鹤		0		0	0	0	0
久攻不下	jgbx	简单鹤		0		0	0	0	0
价格便宜	jgby	简单鹤		0		0	0	0	0
杰哥不要	jgby	简单鹤		0		0	0	0	0
价格刺客	jgck	简单鹤		0		0	0	0	0
谨供参考	jgck	简单鹤		0		0	0	0	0
金光大道	jgdd	简单鹤		0		0	0	0	0
将功抵过	jgdg	简单鹤		0		0	0	0	0
接个电话	jgdh	简单鹤		0		0	0	0	0
几个东西	jgdx	简单鹤		0		0	0	0	0
九个多月	jgdy	简单鹤		0		0	0	0	0
加工而成	jgei	简单鹤		0		0	0	0	0
揭棺而起	jgeq	简单鹤		0		0	0	0	0
几个方面	jgfm	简单鹤		0		0	0	0	0
角弓反张	jgfv	简单鹤		0		0	0	0	0
价格公道	jggd	简单鹤		0		0	0	0	0
价格感人	jggr	简单鹤		0		0	0	0	0
几个回合	jghh	简单鹤		0		0	0	0	0
接过话茬	jghi	简单鹤		0		0	0	0	0
举国欢庆	jghq	简单鹤		0		0	0	0	0
加个好友	jghy	简单鹤		0		0	0	0	0
建国初期	jgiq	简单鹤		0		0	0	0	0
几个礼拜	jglb	简单鹤		0		0	0	0	0
几个来回	jglh	简单鹤		0		0	0	0	0
进攻路线	jglx	简单鹤		0		0	0	0	0
举个例子	jglz	简单鹤		0		0	0	0	0
举个栗子	jglz	简单鹤		0		0	0	0	0
紧赶慢赶	jgmg	简单鹤		0		0	0	0	0
击鼓鸣金	jgmj	简单鹤		1		0	0	0	0
交给你了	jgnl	简单鹤		0		0	0	0	0
经过努力	jgnl	简单鹤		0		0	0	0	0
巾帼女子	jgnz	简单鹤		0		0	0	0	0
价格偏高	jgpg	简单鹤		0		0	0	0	0
经过批准	jgpv	简单鹤		0		0	0	0	0
价格平稳	jgpw	简单鹤		0		0	0	0	0
交个朋友	jgpy	简单鹤		0		0	0	0	0
吉光片羽	jgpy	简单鹤		1		0	0	0	0
静观其便	jgqb	简单鹤		0		0	0	0	0
家国情怀	jgqh	简单鹤		0		0	0	0	0
价格区间	jgqj	简单鹤		0		0	0	0	0
结果却是	jgqu	简单鹤		0		0	0	0	0
军工企业	jgqy	简单鹤		0		0	0	0	0
结果如何	jgrh	简单鹤		0		0	0	0	0
劲歌热舞	jgrw	简单鹤		0		0	0	0	0
家给人足	jgrz	简单鹤		1		0	0	0	0
经过思考	jgsk	简单鹤		0		0	0	0	0
伽刚特尔	jgte	简单鹤		0		0	0	0	0
机关团体	jgtt	简单鹤		0		0	0	0	0
家国天下	jgtx	简单鹤		0		0	0	0	0
均告失败	jgub	简单鹤		0		0	0	0	0
几个时辰	jgui	简单鹤		0		0	0	0	0
几个世纪	jguj	简单鹤		0		0	0	0	0
间隔时间	jguj	简单鹤		0		0	0	0	0
见过世面	jgum	简单鹤		0		0	0	0	0
紧跟时事	jguu	简单鹤		0		0	0	0	0
机关事务	jguw	简单鹤		0		0	0	0	0
经国之才	jgvc	简单鹤		1		0	0	0	0
价高者得	jgvd	简单鹤		0		0	0	0	0
就该知道	jgvd	简单鹤		0		0	0	0	0
监管制度	jgvd	简单鹤		0		0	0	0	0
几个钟头	jgvt	简单鹤		0		0	0	0	0
就该这样	jgvy	简单鹤		0		0	0	0	0
尽管这样	jgvy	简单鹤		0		0	0	0	0
坚固无比	jgwb	简单鹤		0		0	0	0	0
叫个外卖	jgwm	简单鹤		0		0	0	0	0
加个微信	jgwx	简单鹤		0		0	0	0	0
经过训练	jgxl	简单鹤		0		0	0	0	0
几个星期	jgxq	简单鹤		0		0	0	0	0
九个小时	jgxu	简单鹤		0		0	0	0	0
几个小时	jgxu	简单鹤		0		0	0	0	0
结果显示	jgxu	简单鹤		0		0	0	0	0
经过一次	jgyc	简单鹤		0		0	0	0	0
几个月后	jgyh	简单鹤		0		0	0	0	0
建国以后	jgyh	简单鹤		0		0	0	0	0
仅供娱乐	jgyl	简单鹤		0		0	0	0	0
见过一面	jgym	简单鹤		0		0	0	0	0
几个月前	jgyq	简单鹤		0		0	0	0	0
几个意思	jgys	简单鹤		0		0	0	0	0
节骨眼上	jgyu	简单鹤		0		0	0	0	0
几个原因	jgyy	简单鹤		0		0	0	0	0
叫个暂停	jgzt	简单鹤		0		0	0	0	0
结果怎样	jgzy	简单鹤		0		0	0	0	0
几乎不会	jhbh	简单鹤		0		0	0	0	0
就好比说	jhbu	简单鹤		0		0	0	0	0
交货地点	jhdd	简单鹤		0		0	0	0	0
机会多多	jhdd	简单鹤		0		0	0	0	0
集合地点	jhdd	简单鹤		0		0	0	0	0
见货打货	jhdh	简单鹤		0		0	0	0	0
狡猾的人	jhdr	简单鹤		0		0	0	0	0
几乎都是	jhdu	简单鹤		0		0	0	0	0
结婚对象	jhdx	简单鹤		0		0	0	0	0
江湖儿女	jhen	简单鹤		0		0	0	0	0
江湖恩怨	jhey	简单鹤		0		0	0	0	0
几何分布	jhfb	简单鹤		0		0	0	0	0
机会丰富	jhff	简单鹤		0		0	0	0	0
近乎疯狂	jhfk	简单鹤		0		0	0	0	0
计划分配	jhfp	简单鹤		0		0	0	0	0
交互方式	jhfu	简单鹤		0		0	0	0	0
交货方式	jhfu	简单鹤		0		0	0	0	0
今后发展	jhfv	简单鹤		0		0	0	0	0
进行规范	jhgf	简单鹤		0		0	0	0	0
江湖规矩	jhgj	简单鹤		0		0	0	0	0
激活工具	jhgj	简单鹤		0		0	0	0	0
计划供应	jhgy	简单鹤		0		0	0	0	0
今后工作	jhgz	简单鹤		0		0	0	0	0
几何画板	jhhb	简单鹤		0		0	0	0	0
积化和差	jhhi	简单鹤		0		0	0	0	0
净化环境	jhhj	简单鹤		0		0	0	0	0
江河湖泊	jhhp	简单鹤		0		0	0	0	0
机会成本	jhib	简单鹤		0		0	0	0	0
交换场地	jhid	简单鹤		0		0	0	0	0
就会觉得	jhjd	简单鹤		0		0	0	0	0
酒后驾车	jhji	简单鹤		0		0	0	0	0
江湖救急	jhjj	简单鹤		0		0	0	0	0
今后几天	jhjt	简单鹤		0		0	0	0	0
敬候佳音	jhjy	简单鹤		0		0	0	0	0
交换看法	jhkf	简单鹤		0		0	0	0	0
酒后开车	jhki	简单鹤		0		0	0	0	0
今后两年	jhln	简单鹤		0		0	0	0	0
今后两天	jhlt	简单鹤		0		0	0	0	0
江湖郎中	jhlv	简单鹤		0		0	0	0	0
结婚领证	jhlv	简单鹤		0		0	0	0	0
酒后乱性	jhlx	简单鹤		0		0	0	0	0
激化矛盾	jhmd	简单鹤		0		0	0	0	0
机会渺茫	jhmm	简单鹤		0		0	0	0	0
几乎没有	jhmy	简单鹤		0		0	0	0	0
机会难得	jhnd	简单鹤		0		0	0	0	0
交换女友	jhny	简单鹤		0		0	0	0	0
交换情侣	jhql	简单鹤		0		0	0	0	0
江湖人称	jhri	简单鹤		0		0	0	0	0
江湖人士	jhru	简单鹤		0		0	0	0	0
就很容易	jhry	简单鹤		0		0	0	0	0
今后三年	jhsn	简单鹤		0		0	0	0	0
今后三天	jhst	简单鹤		0		0	0	0	0
襟怀坦荡	jhtd	简单鹤		0		0	0	0	0
交换设备	jhub	简单鹤		0		0	0	0	0
激活失败	jhub	简单鹤		0		0	0	0	0
计划失败	jhub	简单鹤		0		0	0	0	0
旧货市场	jhui	简单鹤		0		0	0	0	0
交互设计	jhuj	简单鹤		0		0	0	0	0
结合时事	jhuu	简单鹤		0		0	0	0	0
计划实施	jhuu	简单鹤		0		0	0	0	0
简化手续	jhux	简单鹤		0		0	0	0	0
计划指标	jhvb	简单鹤		0		0	0	0	0
就好这口	jhvk	简单鹤		0		0	0	0	0
计划周密	jhvm	简单鹤		0		0	0	0	0
军火展示	jhvu	简单鹤		0		0	0	0	0
结婚证书	jhvu	简单鹤		0		0	0	0	0
近海之王	jhvw	简单鹤		0		0	0	0	0
江湖之远	jhvy	简单鹤		0		0	0	0	0
几乎为零	jhwl	简单鹤		0		0	0	0	0
近乎完美	jhwm	简单鹤		0		0	0	0	0
江湖险恶	jhxe	简单鹤		0		0	0	0	0
驾鹤西去	jhxq	简单鹤		0		0	0	0	0
就好像是	jhxu	简单鹤		0		0	0	0	0
精华消息	jhxx	简单鹤		0		0	0	0	0
驾鹤西游	jhxy	简单鹤		1		0	0	0	0
计划有变	jhyb	简单鹤		0		0	0	0	0
救火扬沸	jhyf	简单鹤		1		0	0	0	0
菊花一紧	jhyj	简单鹤		0		0	0	0	0
加好友吗	jhym	简单鹤		0		0	0	0	0
惊鸿一面	jhym	简单鹤		0		0	0	0	0
捡回一命	jhym	简单鹤		0		0	0	0	0
嫁祸于你	jhyn	简单鹤		0		0	0	0	0
江湖医生	jhyu	简单鹤		0		0	0	0	0
嫁祸于我	jhyw	简单鹤		0		0	0	0	0
集会游行	jhyx	简单鹤		0		0	0	0	0
交互英语	jhyy	简单鹤		0		0	0	0	0
江湖再见	jhzj	简单鹤		0		0	0	0	0
接触不到	jibd	简单鹤		0		0	0	0	0
基础不好	jibh	简单鹤		0		0	0	0	0
检查不出	jibi	简单鹤		0		0	0	0	0
觉察不出	jibi	简单鹤		0		0	0	0	0
基础不牢	jibl	简单鹤		0		0	0	0	0
接触不良	jibl	简单鹤		0		0	0	0	0
基础薄弱	jibr	简单鹤		0		0	0	0	0
机场巴士	jibu	简单鹤		0		0	0	0	0
坚持到底	jidd	简单鹤		0		0	0	0	0
家常豆腐	jidf	简单鹤		0		0	0	0	0
进场动画	jidh	简单鹤		0		0	0	0	0
九齿钉耙	jidp	简单鹤		0		0	0	0	0
金翅大鹏	jidp	简单鹤		0		0	0	0	0
机场大厅	jidt	简单鹤		0		0	0	0	0
疾驰而过	jieg	简单鹤		0		0	0	0	0
疾驰而来	jiel	简单鹤		0		0	0	0	0
绝尘而去	jieq	简单鹤		0		0	0	0	0
奖惩分明	jifm	简单鹤		0		0	0	0	0
继承发展	jifv	简单鹤		0		0	0	0	0
坚持访问	jifw	简单鹤		0		0	0	0	0
继承发扬	jify	简单鹤		0		0	0	0	0
解除封印	jify	简单鹤		0		0	0	0	0
鸡肠狗肚	jigd	简单鹤		1		0	0	0	0
杰出贡献	jigx	简单鹤		0		0	0	0	0
检查更新	jigx	简单鹤		0		0	0	0	0
交叉火力	jihl	简单鹤		0		0	0	0	0
解除合同	jiht	简单鹤		0		0	0	0	0
解除好友	jihy	简单鹤		0		0	0	0	0
经常出现	jiix	简单鹤		0		0	0	0	0
检查结果	jijg	简单鹤		0		0	0	0	0
解除警戒	jijj	简单鹤		0		0	0	0	0
检查机制	jijv	简单鹤		0		0	0	0	0
结城结弦	jijx	简单鹤		0		0	0	0	0
继承家业	jijy	简单鹤		0		0	0	0	0
解除禁言	jijy	简单鹤		0		0	0	0	0
基础课程	jiki	简单鹤		0		0	0	0	0
交叉路口	jilk	简单鹤		0		0	0	0	0
九重魔鹤	jimh	简单鹤		0		0	0	0	0
接触面积	jimj	简单鹤		0		0	0	0	0
九尺男儿	jine	简单鹤		0		0	0	0	0
杰出青年	jiqn	简单鹤		0		0	0	0	0
杰出人才	jirc	简单鹤		0		0	0	0	0
经常如此	jirc	简单鹤		0		0	0	0	0
坚持认为	jirw	简单鹤		0		0	0	0	0
旧仇宿怨	jisy	简单鹤		1		0	0	0	0
警察同志	jitv	简单鹤		0		0	0	0	0
进场特效	jitx	简单鹤		0		0	0	0	0
基础上的	jiud	简单鹤		0		0	0	0	0
接触生活	jiuh	简单鹤		0		0	0	0	0
进场时机	jiuj	简单鹤		0		0	0	0	0
精虫上脑	jiun	简单鹤		0		0	0	0	0
检查身体	jiut	简单鹤		0		0	0	0	0
奖惩制度	jivd	简单鹤		0		0	0	0	0
检查治疗	jivl	简单鹤		0		0	0	0	0
金池长老	jivl	简单鹤		0		0	0	0	0
纠缠之缘	jivy	简单鹤		0		0	0	0	0
检查完毕	jiwb	简单鹤		0		0	0	0	0
家丑外扬	jiwy	简单鹤		0		0	0	0	0
竭诚相待	jixd	简单鹤		1		0	0	0	0
检查一下	jiyx	简单鹤		0		0	0	0	0
紧急安排	jjap	简单鹤		0		0	0	0	0
经济安全	jjaq	简单鹤		0		0	0	0	0
胶卷安全	jjaq	简单鹤		0		0	0	0	0
焦急不安	jjba	简单鹤		0		0	0	0	0
经济白洞	jjbd	简单鹤		0		0	0	0	0
借机报复	jjbf	简单鹤		0		0	0	0	0
即将爆发	jjbf	简单鹤		0		0	0	0	0
解决办法	jjbf	简单鹤		0		0	0	0	0
久假不归	jjbg	简单鹤		1		0	0	0	0
居家办公	jjbg	简单鹤		0		0	0	0	0
急剧变化	jjbh	简单鹤		0		0	0	0	0
即将变成	jjbi	简单鹤		0		0	0	0	0
经济补偿	jjbi	简单鹤		0		0	0	0	0
几经比较	jjbj	简单鹤		0		0	0	0	0
决计不可	jjbk	简单鹤		0		0	0	0	0
句句不离	jjbl	简单鹤		0		0	0	0	0
解决不了	jjbl	简单鹤		0		0	0	0	0
仅仅表明	jjbm	简单鹤		0		0	0	0	0
久久不能	jjbn	简单鹤		0		0	0	0	0
久久不散	jjbs	简单鹤		0		0	0	0	0
几经波折	jjbv	简单鹤		0		0	0	0	0
紧急避险	jjbx	简单鹤		0		0	0	0	0
久久不语	jjby	简单鹤		0		0	0	0	0
坚决不要	jjby	简单鹤		0		0	0	0	0
紧急避孕	jjby	简单鹤		0		0	0	0	0
积极参加	jjcj	简单鹤		0		0	0	0	0
荆棘丛生	jjcu	简单鹤		1		0	0	0	0
经济大国	jjdg	简单鹤		0		0	0	0	0
急救电话	jjdh	简单鹤		0		0	0	0	0
奸计得逞	jjdi	简单鹤		0		0	0	0	0
经济独立	jjdl	简单鹤		0		0	0	0	0
金角大王	jjdw	简单鹤		0		0	0	0	0
精尽而亡	jjew	简单鹤		0		0	0	0	0
踽踽而行	jjex	简单鹤		0		0	0	0	0
坚决反对	jjfd	简单鹤		0		0	0	0	0
经济发达	jjfd	简单鹤		0		0	0	0	0
经济负担	jjfd	简单鹤		0		0	0	0	0
几经反复	jjff	简单鹤		0		0	0	0	0
解决方法	jjff	简单鹤		0		0	0	0	0
借机发挥	jjfh	简单鹤		0		0	0	0	0
借机发难	jjfn	简单鹤		0		0	0	0	0
瘠己肥人	jjfr	简单鹤		1		0	0	0	0
经济复苏	jjfs	简单鹤		0		0	0	0	0
经济封锁	jjfs	简单鹤		0		0	0	0	0
拒绝访问	jjfw	简单鹤		0		0	0	0	0
家境富裕	jjfy	简单鹤		0		0	0	0	0
坚决贯彻	jjgi	简单鹤		0		0	0	0	0
进京赶考	jjgk	简单鹤		0		0	0	0	0
居家隔离	jjgl	简单鹤		0		0	0	0	0
经济规模	jjgm	简单鹤		0		0	0	0	0
酒精过敏	jjgm	简单鹤		0		0	0	0	0
紧急关头	jjgt	简单鹤		0		0	0	0	0
吉吉国王	jjgw	简单鹤		0		0	0	0	0
交接工作	jjgz	简单鹤		0		0	0	0	0
经济黑洞	jjhd	简单鹤		0		0	0	0	0
紧急呼叫	jjhj	简单鹤		0		0	0	0	0
经济合同	jjht	简单鹤		0		0	0	0	0
寂静欢喜	jjhx	简单鹤		0		0	0	0	0
经济处罚	jjif	简单鹤		0		0	0	0	0
经济成分	jjif	简单鹤		0		0	0	0	0
紧急出口	jjik	简单鹤		0		0	0	0	0
拒绝承认	jjir	简单鹤		0		0	0	0	0
即将成为	jjiw	简单鹤		0		0	0	0	0
拒绝交待	jjjd	简单鹤		0		0	0	0	0
检举揭发	jjjf	简单鹤		0		0	0	0	0
击节叫好	jjjh	简单鹤		0		0	0	0	0
经济计划	jjjh	简单鹤		0		0	0	0	0
纪检监察	jjji	简单鹤		0		0	0	0	0
几斤几两	jjjl	简单鹤		0		0	0	0	0
经济交流	jjjl	简单鹤		0		0	0	0	0
积极进取	jjjq	简单鹤		0		0	0	0	0
经济机制	jjjv	简单鹤		0		0	0	0	0
经济交往	jjjw	简单鹤		0		0	0	0	0
间接接吻	jjjw	简单鹤		0		0	0	0	0
紧急戒严	jjjy	简单鹤		0		0	0	0	0
间接经验	jjjy	简单鹤		0		0	0	0	0
经济开放	jjkf	简单鹤		0		0	0	0	0
几经考虑	jjkl	简单鹤		0		0	0	0	0
即将开幕	jjkm	简单鹤		0		0	0	0	0
基建狂魔	jjkm	简单鹤		0		0	0	0	0
经济困难	jjkn	简单鹤		0		0	0	0	0
解决困难	jjkn	简单鹤		0		0	0	0	0
即将开始	jjku	简单鹤		0		0	0	0	0
几经考验	jjky	简单鹤		0		0	0	0	0
经济落后	jjlh	简单鹤		0		0	0	0	0
即将来临	jjll	简单鹤		0		0	0	0	0
紧紧拉住	jjlv	简单鹤		0		0	0	0	0
即将来袭	jjlx	简单鹤		0		0	0	0	0
居家旅行	jjlx	简单鹤		0		0	0	0	0
经济联系	jjlx	简单鹤		0		0	0	0	0
经济来源	jjly	简单鹤		0		0	0	0	0
经济目标	jjmb	简单鹤		0		0	0	0	0
夹击妹抖	jjmd	简单鹤		0		0	0	0	0
积极面对	jjmd	简单鹤		0		0	0	0	0
久经磨炼	jjml	简单鹤		0		0	0	0	0
酒精棉球	jjmq	简单鹤		0		0	0	0	0
竞技模式	jjmu	简单鹤		0		0	0	0	0
经济能力	jjnl	简单鹤		0		0	0	0	0
经济频道	jjpd	简单鹤		0		0	0	0	0
经济评估	jjpg	简单鹤		0		0	0	0	0
家境贫寒	jjph	简单鹤		0		0	0	0	0
积极配合	jjph	简单鹤		0		0	0	0	0
金句频出	jjpi	简单鹤		0		0	0	0	0
家境贫困	jjpk	简单鹤		0		0	0	0	0
竞价拍卖	jjpm	简单鹤		0		0	0	0	0
竞价排名	jjpm	简单鹤		0		0	0	0	0
经济疲软	jjpr	简单鹤		0		0	0	0	0
节节攀升	jjpu	简单鹤		0		0	0	0	0
急剧膨胀	jjpv	简单鹤		0		0	0	0	0
经济情报	jjqb	简单鹤		0		0	0	0	0
经济起飞	jjqf	简单鹤		0		0	0	0	0
紧急情况	jjqk	简单鹤		0		0	0	0	0
倔强青铜	jjqt	简单鹤		0		0	0	0	0
几经曲折	jjqv	简单鹤		0		0	0	0	0
积极情绪	jjqx	简单鹤		0		0	0	0	0
精尽人亡	jjrw	简单鹤		0		0	0	0	0
艰巨任务	jjrw	简单鹤		0		0	0	0	0
久居人下	jjrx	简单鹤		1		0	0	0	0
精简人员	jjry	简单鹤		0		0	0	0	0
尽己所能	jjsn	简单鹤		0		0	0	0	0
荆棘塞途	jjst	简单鹤		1		0	0	0	0
紧急送医	jjsy	简单鹤		0		0	0	0	0
技惊四座	jjsz	简单鹤		0		0	0	0	0
积极态度	jjtd	简单鹤		0		0	0	0	0
积极推动	jjtd	简单鹤		0		0	0	0	0
拣精剔肥	jjtf	简单鹤		0		0	0	0	0
即将推出	jjti	简单鹤		0		0	0	0	0
经济条件	jjtj	简单鹤		0		0	0	0	0
解决途径	jjtj	简单鹤		0		0	0	0	0
经济调控	jjtk	简单鹤		0		0	0	0	0
近几天来	jjtl	简单鹤		0		0	0	0	0
经济头脑	jjtn	简单鹤		0		0	0	0	0
积极探索	jjts	简单鹤		0		0	0	0	0
竞技体育	jjty	简单鹤		0		0	0	0	0
经济手段	jjud	简单鹤		0		0	0	0	0
仅仅是个	jjug	简单鹤		0		0	0	0	0
经济实惠	jjuh	简单鹤		0		0	0	0	0
积极上进	jjuj	简单鹤		0		0	0	0	0
紧急事件	jjuj	简单鹤		0		0	0	0	0
纪检书记	jjuj	简单鹤		0		0	0	0	0
绝佳时机	jjuj	简单鹤		0		0	0	0	0
见见世面	jjum	简单鹤		0		0	0	0	0
近几十年	jjun	简单鹤		0		0	0	0	0
经济水平	jjup	简单鹤		0		0	0	0	0
经济实体	jjut	简单鹤		0		0	0	0	0
经济渗透	jjut	简单鹤		0		0	0	0	0
句句属实	jjuu	简单鹤		0		0	0	0	0
急剧上升	jjuu	简单鹤		0		0	0	0	0
经济上行	jjux	简单鹤		0		0	0	0	0
经济适用	jjuy	简单鹤		0		0	0	0	0
禁忌之爱	jjva	简单鹤		0		0	0	0	0
交警支队	jjvd	简单鹤		0		0	0	0	0
解决战斗	jjvd	简单鹤		0		0	0	0	0
酒精中毒	jjvd	简单鹤		0		0	0	0	0
借酒装疯	jjvf	简单鹤		0		0	0	0	0
甲级战犯	jjvf	简单鹤		0		0	0	0	0
经济转轨	jjvg	简单鹤		0		0	0	0	0
基金账户	jjvh	简单鹤		0		0	0	0	0
竭尽忠诚	jjvi	简单鹤		0		0	0	0	0
阶级之间	jjvj	简单鹤		0		0	0	0	0
籍籍之名	jjvm	简单鹤		0		0	0	0	0
仅仅只能	jjvn	简单鹤		0		0	0	0	0
及笄之年	jjvn	简单鹤		0		0	0	0	0
积极争取	jjvq	简单鹤		0		0	0	0	0
仅仅只是	jjvu	简单鹤		0		0	0	0	0
紧接着说	jjvu	简单鹤		0		0	0	0	0
假假真真	jjvv	简单鹤		0		0	0	0	0
紧紧掌握	jjvw	简单鹤		0		0	0	0	0
锦江之星	jjvx	简单鹤		0		0	0	0	0
焦急万分	jjwf	简单鹤		0		0	0	0	0
坚决维护	jjwh	简单鹤		0		0	0	0	0
经济文化	jjwh	简单鹤		0		0	0	0	0
经济往来	jjwl	简单鹤		0		0	0	0	0
接近尾声	jjwu	简单鹤		0		0	0	0	0
讲究卫生	jjwu	简单鹤		0		0	0	0	0
借鸡下蛋	jjxd	简单鹤		0		0	0	0	0
积极行动	jjxd	简单鹤		0		0	0	0	0
紧急行动	jjxd	简单鹤		0		0	0	0	0
积极心态	jjxt	简单鹤		0		0	0	0	0
经济萧条	jjxt	简单鹤		0		0	0	0	0
渐渐消失	jjxu	简单鹤		0		0	0	0	0
经济下行	jjxx	简单鹤		0		0	0	0	0
积极响应	jjxy	简单鹤		0		0	0	0	0
经济协作	jjxz	简单鹤		0		0	0	0	0
紧急预案	jjya	简单鹤		0		0	0	0	0
几近于道	jjyd	简单鹤		0		0	0	0	0
积极应对	jjyd	简单鹤		0		0	0	0	0
建交以来	jjyl	简单鹤		0		0	0	0	0
酒精饮料	jjyl	简单鹤		0		0	0	0	0
坚决要求	jjyq	简单鹤		0		0	0	0	0
解决一切	jjyq	简单鹤		0		0	0	0	0
阶级跃迁	jjyq	简单鹤		0		0	0	0	0
交接仪式	jjyu	简单鹤		0		0	0	0	0
家境殷实	jjyu	简单鹤		0		0	0	0	0
仅仅因为	jjyw	简单鹤		0		0	0	0	0
经济增长	jjzi	简单鹤		0		0	0	0	0
句句在理	jjzl	简单鹤		0		0	0	0	0
经济责任	jjzr	简单鹤		0		0	0	0	0
击节赞叹	jjzt	简单鹤		0		0	0	0	0
荆棘载途	jjzt	简单鹤		1		0	0	0	0
击节赞赏	jjzu	简单鹤		0		0	0	0	0
仅仅在于	jjzy	简单鹤		0		0	0	0	0
久看不厌	jkby	简单鹤		0		0	0	0	0
荆轲刺秦	jkcq	简单鹤		0		0	0	0	0
监控对象	jkdx	简单鹤		0		0	0	0	0
尽可放心	jkfx	简单鹤		0		0	0	0	0
艰苦环境	jkhj	简单鹤		0		0	0	0	0
进口产品	jkip	简单鹤		0		0	0	0	0
加快脚步	jkjb	简单鹤		0		0	0	0	0
加快进度	jkjd	简单鹤		0		0	0	0	0
捐款捐物	jkjw	简单鹤		0		0	0	0	0
加快开发	jkkf	简单鹤		0		0	0	0	0
尽快落实	jklu	简单鹤		0		0	0	0	0
架空历史	jklu	简单鹤		0		0	0	0	0
监考老师	jklu	简单鹤		0		0	0	0	0
几可乱真	jklv	简单鹤		0		0	0	0	0
艰苦磨炼	jkml	简单鹤		0		0	0	0	0
进口贸易	jkmy	简单鹤		0		0	0	0	0
尽可能的	jknd	简单鹤		0		0	0	0	0
卷款跑路	jkpl	简单鹤		0		0	0	0	0
即刻启程	jkqi	简单鹤		0		0	0	0	0
健康情况	jkqk	简单鹤		0		0	0	0	0
卷款潜逃	jkqt	简单鹤		0		0	0	0	0
健康人群	jkrq	简单鹤		0		0	0	0	0
健康人生	jkru	简单鹤		0		0	0	0	0
监控人员	jkry	简单鹤		0		0	0	0	0
加快速度	jksd	简单鹤		0		0	0	0	0
艰苦岁月	jksy	简单鹤		0		0	0	0	0
渐亏凸月	jkty	简单鹤		0		0	0	0	0
教科书般	jkub	简单鹤		0		0	0	0	0
健康是福	jkuf	简单鹤		0		0	0	0	0
惊恐失色	jkus	简单鹤		1		0	0	0	0
疾控中心	jkvx	简单鹤		0		0	0	0	0
接口文档	jkwd	简单鹤		0		0	0	0	0
健康幸福	jkxf	简单鹤		0		0	0	0	0
进可以攻	jkyg	简单鹤		0		0	0	0	0
即可拥有	jkyy	简单鹤		0		0	0	0	0
纪录保持	jlbi	简单鹤		0		0	0	0	0
尽量避免	jlbm	简单鹤		0		0	0	0	0
尽量不要	jlby	简单鹤		0		0	0	0	0
卷帘大将	jldj	简单鹤		0		0	0	0	0
借力打力	jldl	简单鹤		0		0	0	0	0
将来打算	jlds	简单鹤		0		0	0	0	0
交流电源	jldy	简单鹤		0		0	0	0	0
距离多远	jldy	简单鹤		0		0	0	0	0
结庐而居	jlej	简单鹤		0		0	0	0	0
降落凡尘	jlfi	简单鹤		0		0	0	0	0
锦鲤附体	jlft	简单鹤		0		0	0	0	0
交流方式	jlfu	简单鹤		0		0	0	0	0
接连发生	jlfu	简单鹤		0		0	0	0	0
截了个图	jlgt	简单鹤		0		0	0	0	0
精力过剩	jlgu	简单鹤		0		0	0	0	0
尽量回避	jlhb	简单鹤		0		0	0	0	0
交流活动	jlhd	简单鹤		0		0	0	0	0
涓流充电	jlid	简单鹤		0		0	0	0	0
蛟龙出海	jlih	简单鹤		0		0	0	0	0
奖励金额	jlje	简单鹤		0		0	0	0	0
激励计划	jljh	简单鹤		0		0	0	0	0
激烈交火	jljh	简单鹤		0		0	0	0	0
橘里橘气	jljq	简单鹤		0		0	0	0	0
娇兰佳人	jljr	简单鹤		0		0	0	0	0
极乐净土	jljt	简单鹤		0		0	0	0	0
激烈竞争	jljv	简单鹤		0		0	0	0	0
精力集中	jljv	简单鹤		0		0	0	0	0
交流经验	jljy	简单鹤		0		0	0	0	0
吉良吉影	jljy	简单鹤		0		0	0	0	0
积累经验	jljy	简单鹤		0		0	0	0	0
近来可好	jlkh	简单鹤		0		0	0	0	0
经历坎坷	jlkk	简单鹤		0		0	0	0	0
进来看看	jlkk	简单鹤		0		0	0	0	0
竭力控制	jlkv	简单鹤		0		0	0	0	0
建立连接	jllj	简单鹤		0		0	0	0	0
叫了两声	jllu	简单鹤		0		0	0	0	0
激烈矛盾	jlmd	简单鹤		0		0	0	0	0
家里没矿	jlmk	简单鹤		0		0	0	0	0
经历磨难	jlmn	简单鹤		0		0	0	0	0
建立模型	jlmx	简单鹤		0		0	0	0	0
近两年来	jlnl	简单鹤		0		0	0	0	0
交流平台	jlpt	简单鹤		0		0	0	0	0
戒律清规	jlqg	简单鹤		0		0	0	0	0
计量器具	jlqj	简单鹤		0		0	0	0	0
叫了起来	jlql	简单鹤		0		0	0	0	0
焦虑情绪	jlqx	简单鹤		0		0	0	0	0
举例如下	jlrx	简单鹤		0		0	0	0	0
监理人员	jlry	简单鹤		0		0	0	0	0
交流思想	jlsx	简单鹤		0		0	0	0	0
几两碎银	jlsy	简单鹤		0		0	0	0	0
建立索引	jlsy	简单鹤		0		0	0	0	0
交流讨论	jltl	简单鹤		0		0	0	0	0
捡了条命	jltm	简单鹤		0		0	0	0	0
交了实底	jlud	简单鹤		0		0	0	0	0
记录数据	jluj	简单鹤		0		0	0	0	0
脚镣手铐	jluk	简单鹤		0		0	0	0	0
久留之地	jlvd	简单鹤		0		0	0	0	0
奖励制度	jlvd	简单鹤		0		0	0	0	0
金兰之交	jlvj	简单鹤		1		0	0	0	0
捡了芝麻	jlvm	简单鹤		0		0	0	0	0
尽量争取	jlvq	简单鹤		0		0	0	0	0
巨鹿之战	jlvv	简单鹤		0		0	0	0	0
精灵五笔	jlwb	简单鹤		0		0	0	0	0
精力旺盛	jlwu	简单鹤		0		0	0	0	0
亟来问讯	jlwx	简单鹤		0		0	0	0	0
纪律委员	jlwy	简单鹤		0		0	0	0	0
剧烈运动	jlyd	简单鹤		0		0	0	0	0
建立一个	jlyg	简单鹤		0		0	0	0	0
净莲妖火	jlyh	简单鹤		0		0	0	0	0
接了一句	jlyj	简单鹤		0		0	0	0	0
家里有矿	jlyk	简单鹤		0		0	0	0	0
建立一种	jlyv	简单鹤		0		0	0	0	0
尽了义务	jlyw	简单鹤		0		0	0	0	0
精力有限	jlyx	简单鹤		0		0	0	0	0
记录一下	jlyx	简单鹤		0		0	0	0	0
尽量做到	jlzd	简单鹤		0		0	0	0	0
军旅作家	jlzj	简单鹤		0		0	0	0	0
积累资金	jlzj	简单鹤		0		0	0	0	0
救命稻草	jmdc	简单鹤		0		0	0	0	0
就没打算	jmds	简单鹤		0		0	0	0	0
绝命毒师	jmdu	简单鹤		0		0	0	0	0
卷毛狒狒	jmff	简单鹤		0		0	0	0	0
经贸发展	jmfv	简单鹤		0		0	0	0	0
紧密关系	jmgx	简单鹤		0		0	0	0	0
加密货币	jmhb	简单鹤		0		0	0	0	0
积满灰尘	jmhi	简单鹤		0		0	0	0	0
救命毫毛	jmhm	简单鹤		0		0	0	0	0
绝命火焰	jmhy	简单鹤		0		0	0	0	0
旧梦重温	jmiw	简单鹤		0		0	0	0	0
精美礼品	jmlp	简单鹤		0		0	0	0	0
经贸领域	jmly	简单鹤		0		0	0	0	0
镜面魔方	jmmf	简单鹤		0		0	0	0	0
寂寞难耐	jmnn	简单鹤		0		0	0	0	0
绝密内容	jmnr	简单鹤		0		0	0	0	0
举目破败	jmpb	简单鹤		0		0	0	0	0
紧密配合	jmph	简单鹤		0		0	0	0	0
经贸洽谈	jmqt	简单鹤		0		0	0	0	0
假面骑士	jmqu	简单鹤		0		0	0	0	0
寂寞如雪	jmrx	简单鹤		0		0	0	0	0
九门提督	jmtd	简单鹤		0		0	0	0	0
加密通话	jmth	简单鹤		0		0	0	0	0
禁漫天堂	jmtt	简单鹤		0		0	0	0	0
加密通信	jmtx	简单鹤		0		0	0	0	0
警民同心	jmtx	简单鹤		0		0	0	0	0
寂寞少妇	jmuf	简单鹤		0		0	0	0	0
居民收入	jmur	简单鹤		0		0	0	0	0
静脉输液	jmuy	简单鹤		0		0	0	0	0
巨魔战将	jmvj	简单鹤		0		0	0	0	0
几面之缘	jmvy	简单鹤		0		0	0	0	0
机密文件	jmwj	简单鹤		0		0	0	0	0
经贸往来	jmwl	简单鹤		0		0	0	0	0
就没问题	jmwt	简单鹤		0		0	0	0	0
加冕为王	jmww	简单鹤		0		0	0	0	0
姐妹兄弟	jmxd	简单鹤		0		0	0	0	0
居民消费	jmxf	简单鹤		0		0	0	0	0
紧密相关	jmxg	简单鹤		0		0	0	0	0
节目效果	jmxg	简单鹤		0		0	0	0	0
紧密相连	jmxl	简单鹤		0		0	0	0	0
剑眉星目	jmxm	简单鹤		0		0	0	0	0
绝密信息	jmxx	简单鹤		0		0	0	0	0
节目需要	jmxy	简单鹤		0		0	0	0	0
健美运动	jmyd	简单鹤		0		0	0	0	0
金马影帝	jmyd	简单鹤		0		0	0	0	0
见面以后	jmyh	简单鹤		0		0	0	0	0
聚美优品	jmyp	简单鹤		0		0	0	0	0
军民一致	jmyv	简单鹤		0		0	0	0	0
精满自溢	jmzy	简单鹤		0		0	0	0	0
今年安排	jnap	简单鹤		0		0	0	0	0
纪念大会	jndh	简单鹤		0		0	0	0	0
叫你过来	jngl	简单鹤		0		0	0	0	0
节能环保	jnhb	简单鹤		0		0	0	0	0
就你会玩	jnhw	简单鹤		0		0	0	0	0
节能减排	jnjp	简单鹤		0		0	0	0	0
机能减退	jnjt	简单鹤		0		0	0	0	0
借你吉言	jnjy	简单鹤		0		0	0	0	0
借您吉言	jnjy	简单鹤		0		0	0	0	0
今年开春	jnki	简单鹤		0		0	0	0	0
机能亢进	jnkj	简单鹤		0		0	0	0	0
技能冷却	jnlq	简单鹤		0		0	0	0	0
机能磨损	jnms	简单鹤		0		0	0	0	0
技能描述	jnmu	简单鹤		0		0	0	0	0
节能模式	jnmu	简单鹤		0		0	0	0	0
技能培训	jnpx	简单鹤		0		0	0	0	0
技能培养	jnpy	简单鹤		0		0	0	0	0
俊男倩女	jnqn	简单鹤		0		0	0	0	0
艰难取胜	jnqu	简单鹤		0		0	0	0	0
尽你所能	jnsn	简单鹤		0		0	0	0	0
鸡你太美	jntm	简单鹤		0		0	0	0	0
就你事多	jnud	简单鹤		0		0	0	0	0
几年时间	jnuj	简单鹤		0		0	0	0	0
技能升级	jnuj	简单鹤		0		0	0	0	0
倦鸟知还	jnvh	简单鹤		1		0	0	0	0
几年之内	jnvn	简单鹤		0		0	0	0	0
艰难无比	jnwb	简单鹤		0		0	0	0	0
加你微信	jnwx	简单鹤		0		0	0	0	0
几年下来	jnxl	简单鹤		0		0	0	0	0
技能训练	jnxl	简单鹤		0		0	0	0	0
奸佞小人	jnxr	简单鹤		0		0	0	0	0
纪念仪式	jnyu	简单鹤		0		0	0	0	0
九年义务	jnyw	简单鹤		0		0	0	0	0
纪念意义	jnyy	简单鹤		0		0	0	0	0
佳偶天成	joti	简单鹤	22	0		0	0	0	0
极品飞车	jpfi	简单鹤		0		0	0	0	0
卷铺盖卷	jpgj	简单鹤		0		0	0	0	0
经皮给药	jpgy	简单鹤		0		0	0	0	0
精品好帖	jpht	简单鹤		0		0	0	0	0
金牌讲师	jpju	简单鹤		0		0	0	0	0
检票进站	jpjv	简单鹤		0		0	0	0	0
精品课程	jpki	简单鹤		0		0	0	0	0
挤破脑袋	jpnd	简单鹤		0		0	0	0	0
金牌调解	jptj	简单鹤		0		0	0	0	0
键盘鼠标	jpub	简单鹤		0		0	0	0	0
极品五笔	jpwb	简单鹤		0		0	0	0	0
就怕万一	jpwy	简单鹤		0		0	0	0	0
加强安全	jqaq	简单鹤		0		0	0	0	0
金枪不倒	jqbd	简单鹤		0		0	0	0	0
极其宝贵	jqbg	简单鹤		0		0	0	0	0
究其背后	jqbh	简单鹤		0		0	0	0	0
旌旗蔽日	jqbr	简单鹤		1		0	0	0	0
就轻避重	jqbv	简单鹤		0		0	0	0	0
极其残忍	jqcr	简单鹤		0		0	0	0	0
夹七带八	jqdb	简单鹤		0		0	0	0	0
金钱地位	jqdw	简单鹤		0		0	0	0	0
极其恶劣	jqel	简单鹤		0		0	0	0	0
加强防范	jqff	简单鹤		0		0	0	0	0
极其丰富	jqff	简单鹤		0		0	0	0	0
健全法制	jqfv	简单鹤		0		0	0	0	0
究其根本	jqgb	简单鹤		0		0	0	0	0
激起公愤	jqgf	简单鹤		0		0	0	0	0
坚强后盾	jqhd	简单鹤		0		0	0	0	0
极其害怕	jqhp	简单鹤		0		0	0	0	0
加强合作	jqhz	简单鹤		0		0	0	0	0
激情唱响	jqix	简单鹤		0		0	0	0	0
极其简单	jqjd	简单鹤		0		0	0	0	0
近亲结婚	jqjh	简单鹤		0		0	0	0	0
敬请见谅	jqjl	简单鹤		0		0	0	0	0
进去看看	jqkk	简单鹤		0		0	0	0	0
极其可怕	jqkp	简单鹤		0		0	0	0	0
娇俏可人	jqkr	简单鹤		0		0	0	0	0
坚强领导	jqld	简单鹤		0		0	0	0	0
敬请谅解	jqlj	简单鹤		0		0	0	0	0
记起来了	jqll	简单鹤		0		0	0	0	0
敬请留意	jqly	简单鹤		0		0	0	0	0
金钱利益	jqly	简单鹤		0		0	0	0	0
近期目标	jqmb	简单鹤		0		0	0	0	0
激起民愤	jqmf	简单鹤		0		0	0	0	0
娇妻美妾	jqmq	简单鹤		0		0	0	0	0
几千年后	jqnh	简单鹤		0		0	0	0	0
几千年来	jqnl	简单鹤		0		0	0	0	0
几千年前	jqnq	简单鹤		0		0	0	0	0
腱鞘囊肿	jqnv	简单鹤		0		0	0	0	0
极其平常	jqpi	简单鹤		0		0	0	0	0
加权平均	jqpj	简单鹤		0		0	0	0	0
卷钱跑路	jqpl	简单鹤		0		0	0	0	0
敬请期待	jqqd	简单鹤		0		0	0	0	0
极其缺乏	jqqf	简单鹤		0		0	0	0	0
坚强起来	jqql	简单鹤		0		0	0	0	0
极其强烈	jqql	简单鹤		0		0	0	0	0
剑气如虹	jqrh	简单鹤		0		0	0	0	0
姬圈天菜	jqtc	简单鹤		0		0	0	0	0
九球天后	jqth	简单鹤		0		0	0	0	0
减轻疼痛	jqtt	简单鹤		0		0	0	0	0
机器设备	jqub	简单鹤		0		0	0	0	0
交情甚笃	jqud	简单鹤		0		0	0	0	0
敬请收看	jquk	简单鹤		0		0	0	0	0
举起手来	jqul	简单鹤		0		0	0	0	0
举起双手	jquu	简单鹤		0		0	0	0	0
讲求实效	jqux	简单鹤		0		0	0	0	0
近期召开	jqvk	简单鹤		0		0	0	0	0
几千万年	jqwn	简单鹤		0		0	0	0	0
接洽为盼	jqwp	简单鹤		0		0	0	0	0
减轻污染	jqwr	简单鹤		0		0	0	0	0
极其危险	jqwx	简单鹤		0		0	0	0	0
几千万元	jqwy	简单鹤		0		0	0	0	0
加强训练	jqxl	简单鹤		0		0	0	0	0
尽情享受	jqxu	简单鹤		0		0	0	0	0
机器学习	jqxx	简单鹤		0		0	0	0	0
剧情需要	jqxy	简单鹤		0		0	0	0	0
急切需要	jqxy	简单鹤		0		0	0	0	0
借钱消灾	jqxz	简单鹤		0		0	0	0	0
坚强有力	jqyl	简单鹤		0		0	0	0	0
究其原理	jqyl	简单鹤		0		0	0	0	0
九浅一深	jqyu	简单鹤		0		0	0	0	0
坚强意志	jqyv	简单鹤		0		0	0	0	0
极其严重	jqyv	简单鹤		0		0	0	0	0
究其原委	jqyw	简单鹤		0		0	0	0	0
及其影响	jqyx	简单鹤		0		0	0	0	0
夹七杂八	jqzb	简单鹤		0		0	0	0	0
金融部门	jrbm	简单鹤		0		0	0	0	0
居然不是	jrbu	简单鹤		0		0	0	0	0
今日词云	jrcy	简单鹤		0		0	0	0	0
金融大鳄	jrde	简单鹤		0		0	0	0	0
见人打卦	jrdg	简单鹤		0		0	0	0	0
今日得见	jrdj	简单鹤		0		0	0	0	0
接人待物	jrdw	简单鹤		0		0	0	0	0
计日而待	jred	简单鹤		1		0	0	0	0
金融风暴	jrfb	简单鹤		0		0	0	0	0
肌肉发达	jrfd	简单鹤		0		0	0	0	0
简入繁出	jrfi	简单鹤		0		0	0	0	0
瘠人肥己	jrfj	简单鹤		1		0	0	0	0
截然分开	jrfk	简单鹤		0		0	0	0	0
进入方式	jrfu	简单鹤		0		0	0	0	0
节日氛围	jrfw	简单鹤		0		0	0	0	0
金融服务	jrfw	简单鹤		0		0	0	0	0
金融风险	jrfx	简单鹤		0		0	0	0	0
精日分子	jrfz	简单鹤		0		0	0	0	0
金融犯罪	jrfz	简单鹤		0		0	0	0	0
金融改革	jrgg	简单鹤		0		0	0	0	0
金融工具	jrgj	简单鹤		0		0	0	0	0
金融寡头	jrgt	简单鹤		0		0	0	0	0
今日工作	jrgz	简单鹤		0		0	0	0	0
金融环境	jrhj	简单鹤		0		0	0	0	0
节日欢乐	jrhl	简单鹤		0		0	0	0	0
嫁入豪门	jrhm	简单鹤		0		0	0	0	0
惊人尺寸	jric	简单鹤		0		0	0	0	0
卷入车底	jrid	简单鹤		0		0	0	0	0
叫人吃惊	jrij	简单鹤		0		0	0	0	0
君辱臣死	jris	简单鹤		1		0	0	0	0
加入成员	jriy	简单鹤		0		0	0	0	0
假日酒店	jrjd	简单鹤		0		0	0	0	0
金融经济	jrjj	简单鹤		0		0	0	0	0
加入进去	jrjq	简单鹤		0		0	0	0	0
今日今时	jrju	简单鹤		0		0	0	0	0
肌肉记忆	jrjy	简单鹤		0		0	0	0	0
计日可待	jrkd	简单鹤		1		0	0	0	0
即溶咖啡	jrkf	简单鹤		0		0	0	0	0
计日可期	jrkq	简单鹤		1		0	0	0	0
进入课堂	jrkt	简单鹤		0		0	0	0	0
居然可以	jrky	简单鹤		0		0	0	0	0
竟然可以	jrky	简单鹤		0		0	0	0	0
既然来了	jrll	简单鹤		0		0	0	0	0
肌肉力量	jrll	简单鹤		0		0	0	0	0
肌肉拉伤	jrlu	简单鹤		0		0	0	0	0
节日礼物	jrlw	简单鹤		0		0	0	0	0
金融领域	jrly	简单鹤		0		0	0	0	0
居然没词	jrmc	简单鹤		0		0	0	0	0
肌肉猛男	jrmn	简单鹤		0		0	0	0	0
进入梦乡	jrmx	简单鹤		0		0	0	0	0
假如没有	jrmy	简单鹤		0		0	0	0	0
居然没有	jrmy	简单鹤		0		0	0	0	0
居然能够	jrng	简单鹤		0		0	0	0	0
竟然能够	jrng	简单鹤		0		0	0	0	0
尖锐批评	jrpp	简单鹤		0		0	0	0	0
家人朋友	jrpy	简单鹤		0		0	0	0	0
节日气氛	jrqf	简单鹤		0		0	0	0	0
节日期间	jrqj	简单鹤		0		0	0	0	0
加入其中	jrqv	简单鹤		0		0	0	0	0
今日人品	jrrp	简单鹤		0		0	0	0	0
肌肉松弛	jrsi	简单鹤		0		0	0	0	0
今日天气	jrtq	简单鹤		0		0	0	0	0
今日头条	jrtt	简单鹤		0		0	0	0	0
今日首绷	jrub	简单鹤		0		0	0	0	0
接入设备	jrub	简单鹤		0		0	0	0	0
敬如上宾	jrub	简单鹤		1		0	0	0	0
金融时报	jrub	简单鹤		0		0	0	0	0
居然是词	jruc	简单鹤		0		0	0	0	0
竟然是词	jruc	简单鹤		0		0	0	0	0
疾如闪电	jrud	简单鹤		0		0	0	0	0
今日说法	jruf	简单鹤		0		0	0	0	0
节日祝福	jrvf	简单鹤		0		0	0	0	0
即日执行	jrvh	简单鹤		0		0	0	0	0
进入正片	jrvp	简单鹤		0		0	0	0	0
金融证券	jrvq	简单鹤		0		0	0	0	0
进入状态	jrvt	简单鹤		0		0	0	0	0
金融中心	jrvx	简单鹤		0		0	0	0	0
惊人之语	jrvy	简单鹤		0		0	0	0	0
既然这样	jrvy	简单鹤		0		0	0	0	0
近日无仇	jrwi	简单鹤		0		0	0	0	0
既然我们	jrwm	简单鹤		0		0	0	0	0
酒肉兄弟	jrxd	简单鹤		1		0	0	0	0
嘉然小姐	jrxj	简单鹤		0		0	0	0	0
肌肉线条	jrxt	简单鹤		0		0	0	0	0
金融系统	jrxt	简单鹤		0		0	0	0	0
假如需要	jrxy	简单鹤		0		0	0	0	0
居然有词	jryc	简单鹤		0		0	0	0	0
竟然有词	jryc	简单鹤		0		0	0	0	0
见人有份	jryf	简单鹤		0		0	0	0	0
见人有分	jryf	简单鹤		0		0	0	0	0
既然已经	jryj	简单鹤		0		0	0	0	0
节日愉快	jryk	简单鹤		0		0	0	0	0
救人一命	jrym	简单鹤	568	0		0	0	0	0
今日要闻	jryw	简单鹤		0		0	0	0	0
金融业务	jryw	简单鹤		0		0	0	0	0
军人优先	jryx	简单鹤		0		0	0	0	0
佳人有约	jryy	简单鹤		0		0	0	0	0
角色扮演	jsby	简单鹤		0		0	0	0	0
结算动画	jsdh	简单鹤		0		0	0	0	0
竞赛大佬	jsdl	简单鹤		0		0	0	0	0
金色大厅	jsdt	简单鹤		0		0	0	0	0
计算单位	jsdw	简单鹤		0		0	0	0	0
金色的雨	jsdy	简单鹤		0		0	0	0	0
教唆粉丝	jsfs	简单鹤		0		0	0	0	0
计算公式	jsgu	简单鹤		0		0	0	0	0
金色传说	jsiu	简单鹤		0		0	0	0	0
计算结果	jsjg	简单鹤		0		0	0	0	0
结算界面	jsjm	简单鹤		0		0	0	0	0
解锁技能	jsjn	简单鹤		0		0	0	0	0
极速秒传	jsmi	简单鹤		0		0	0	0	0
绝色美人	jsmr	简单鹤		0		0	0	0	0
紧锁眉头	jsmt	简单鹤		0		0	0	0	0
减速慢行	jsmx	简单鹤		0		0	0	0	0
金色年华	jsnh	简单鹤		0		0	0	0	0
锦瑟年华	jsnh	简单鹤		1		0	0	0	0
极速攀升	jspu	简单鹤		0		0	0	0	0
紧随其后	jsqh	简单鹤		0		0	0	0	0
见色起意	jsqy	简单鹤		0		0	0	0	0
急死人了	jsrl	简单鹤		0		0	0	0	0
紧随时事	jsuu	简单鹤		0		0	0	0	0
将死之人	jsvr	简单鹤		0		0	0	0	0
疾速追杀	jsvu	简单鹤		0		0	0	0	0
集散中心	jsvx	简单鹤		0		0	0	0	0
就算这样	jsvy	简单鹤		0		0	0	0	0
急死我了	jswl	简单鹤		0		0	0	0	0
见色忘义	jswy	简单鹤		0		0	0	0	0
见色忘友	jswy	简单鹤		0		0	0	0	0
境随心转	jsxv	简单鹤		0		0	0	0	0
金锁玉关	jsyg	简单鹤		0		0	0	0	0
结算页面	jsym	简单鹤		0		0	0	0	0
景色旖旎	jsyn	简单鹤		0		0	0	0	0
景色宜人	jsyr	简单鹤		0		0	0	0	0
计算有误	jsyw	简单鹤		0		0	0	0	0
具体安排	jtap	简单鹤		0		0	0	0	0
交通不便	jtbb	简单鹤		0		0	0	0	0
几天不见	jtbj	简单鹤		0		0	0	0	0
家庭背景	jtbj	简单鹤		0		0	0	0	0
交通便利	jtbl	简单鹤		0		0	0	0	0
急头白脸	jtbl	简单鹤		0		0	0	0	0
静态变量	jtbl	简单鹤		0		0	0	0	0
筋头巴脑	jtbn	简单鹤		0		0	0	0	0
交通补贴	jtbt	简单鹤		0		0	0	0	0
今天白天	jtbt	简单鹤		0		0	0	0	0
交通标志	jtbv	简单鹤		0		0	0	0	0
今天傍晚	jtbw	简单鹤		0		0	0	0	0
接头霸王	jtbw	简单鹤		0		0	0	0	0
街头霸王	jtbw	简单鹤		0		0	0	0	0
惊叹不已	jtby	简单鹤	1876	0		0	0	0	0
街头采访	jtcf	简单鹤		0		0	0	0	0
家庭财产	jtci	简单鹤		0		0	0	0	0
践踏草坪	jtcp	简单鹤		0		0	0	0	0
具体措施	jtcu	简单鹤		0		0	0	0	0
进退存亡	jtcw	简单鹤		1		0	0	0	0
接头地点	jtdd	简单鹤		0		0	0	0	0
惊天大瓜	jtdg	简单鹤		0		0	0	0	0
交通堵塞	jtds	简单鹤		0		0	0	0	0
家庭地址	jtdv	简单鹤		0		0	0	0	0
家庭地位	jtdw	简单鹤		0		0	0	0	0
家庭弟位	jtdw	简单鹤		0		0	0	0	0
监听耳机	jtej	简单鹤		0		0	0	0	0
具体而言	jtey	简单鹤		0		0	0	0	0
交通方便	jtfb	简单鹤		0		0	0	0	0
交通发达	jtfd	简单鹤		0		0	0	0	0
家庭负担	jtfd	简单鹤		0		0	0	0	0
具体方法	jtff	简单鹤		0		0	0	0	0
解题过程	jtgi	简单鹤		0		0	0	0	0
家庭观念	jtgn	简单鹤		0		0	0	0	0
家庭关系	jtgx	简单鹤		0		0	0	0	0
集体活动	jthd	简单鹤		0		0	0	0	0
家庭和睦	jthm	简单鹤		0		0	0	0	0
今天好像	jthx	简单鹤		0		0	0	0	0
家庭婚姻	jthy	简单鹤		0		0	0	0	0
集体沉默	jtim	简单鹤		0		0	0	0	0
交替出现	jtix	简单鹤		0		0	0	0	0
家庭聚餐	jtjc	简单鹤		0		0	0	0	0
集体决策	jtjc	简单鹤		0		0	0	0	0
家庭纠纷	jtjf	简单鹤		0		0	0	0	0
剧透警告	jtjg	简单鹤		0		0	0	0	0
晶体结构	jtjg	简单鹤		0		0	0	0	0
倔头犟脑	jtjn	简单鹤		0		0	0	0	0
阶梯教室	jtju	简单鹤		0		0	0	0	0
家庭困难	jtkn	简单鹤		0		0	0	0	0
集体劳动	jtld	简单鹤		0		0	0	0	0
鸡汤来咯	jtlg	简单鹤		0		0	0	0	0
具体流程	jtli	简单鹤		0		0	0	0	0
据他了解	jtlj	简单鹤		0		0	0	0	0
据她了解	jtlj	简单鹤		0		0	0	0	0
交通路线	jtlx	简单鹤		0		0	0	0	0
具体例子	jtlz	简单鹤		0		0	0	0	0
剪贴蒙版	jtmb	简单鹤		0		0	0	0	0
家庭矛盾	jtmd	简单鹤		0		0	0	0	0
接听免费	jtmf	简单鹤		0		0	0	0	0
具体名称	jtmi	简单鹤		0		0	0	0	0
家庭美满	jtmm	简单鹤		0		0	0	0	0
惊天秘密	jtmm	简单鹤		0		0	0	0	0
街头卖艺	jtmy	简单鹤		0		0	0	0	0
家庭贫困	jtpk	简单鹤		0		0	0	0	0
家庭朋友	jtpy	简单鹤		0		0	0	0	0
具体任务	jtrw	简单鹤		0		0	0	0	0
解题思路	jtsl	简单鹤		0		0	0	0	0
家庭琐事	jtsu	简单鹤		0		0	0	0	0
具体条件	jttj	简单鹤		0		0	0	0	0
家庭条件	jttj	简单鹤		0		0	0	0	0
具体体现	jttx	简单鹤		0		0	0	0	0
街头涂鸦	jtty	简单鹤		0		0	0	0	0
九天神兵	jtub	简单鹤		0		0	0	0	0
具体数额	jtue	简单鹤		0		0	0	0	0
家庭收入	jtur	简单鹤		0		0	0	0	0
净坛使者	jtuv	简单鹤		0		0	0	0	0
具体事项	jtux	简单鹤		0		0	0	0	0
劲头十足	jtuz	简单鹤		0		0	0	0	0
集体智慧	jtvh	简单鹤		0		0	0	0	0
家庭状况	jtvk	简单鹤		0		0	0	0	0
交通肇事	jtvu	简单鹤		0		0	0	0	0
家庭住址	jtvv	简单鹤		0		0	0	0	0
今天中午	jtvw	简单鹤		0		0	0	0	0
简体中文	jtvw	简单鹤		0		0	0	0	0
交通网络	jtwl	简单鹤		0		0	0	0	0
今天我们	jtwm	简单鹤		0		0	0	0	0
今天晚上	jtwu	简单鹤		0		0	0	0	0
家庭幸福	jtxf	简单鹤		0		0	0	0	0
交通信号	jtxh	简单鹤		0		0	0	0	0
具体型号	jtxh	简单鹤		0		0	0	0	0
几天下来	jtxl	简单鹤		0		0	0	0	0
九天玄女	jtxn	简单鹤		0		0	0	0	0
交通系统	jtxt	简单鹤		0		0	0	0	0
具体信息	jtxx	简单鹤		0		0	0	0	0
具体行踪	jtxz	简单鹤		0		0	0	0	0
几天以后	jtyh	简单鹤		0		0	0	0	0
今天夜间	jtyj	简单鹤		0		0	0	0	0
交通要塞	jtys	简单鹤		0		0	0	0	0
镜头一转	jtyv	简单鹤		0		0	0	0	0
具体应用	jtyy	简单鹤		0		0	0	0	0
镜头语言	jtyy	简单鹤		0		0	0	0	0
今天早晨	jtzi	简单鹤		0		0	0	0	0
今天早上	jtzu	简单鹤		0		0	0	0	0
及时报告	jubg	简单鹤		0		0	0	0	0
据实禀告	jubg	简单鹤		0		0	0	0	0
举手表决	jubj	简单鹤		0		0	0	0	0
技术壁垒	jubl	简单鹤		0		0	0	0	0
接受不了	jubl	简单鹤		0		0	0	0	0
解释不了	jubl	简单鹤		0		0	0	0	0
就是不能	jubn	简单鹤		0		0	0	0	0
经受不起	jubq	简单鹤		0		0	0	0	0
建设兵团	jubt	简单鹤		0		0	0	0	0
技术标准	jubv	简单鹤		0		0	0	0	0
技术爆炸	jubv	简单鹤		0		0	0	0	0
接受采访	jucf	简单鹤		0		0	0	0	0
精神错乱	jucl	简单鹤	134	0		0	0	0	0
金属材料	jucl	简单鹤		0		0	0	0	0
技术层面	jucm	简单鹤		0		0	0	0	0
技术措施	jucu	简单鹤		0		0	0	0	0
精神氮泵	judb	简单鹤		0		0	0	0	0
江诗丹顿	judd	简单鹤		0		0	0	0	0
局势大好	judh	简单鹤		0		0	0	0	0
橘势大好	judh	简单鹤		0		0	0	0	0
接受调查	judi	简单鹤		0		0	0	0	0
九十度角	judj	简单鹤		0		0	0	0	0
绝世独立	judl	简单鹤		1		0	0	0	0
技术大牛	judn	简单鹤		0		0	0	0	0
经受得起	judq	简单鹤		0		0	0	0	0
健身达人	judr	简单鹤		0		0	0	0	0
解释的通	judt	简单鹤		0		0	0	0	0
九十大寿	judu	简单鹤		0		0	0	0	0
介绍对象	judx	简单鹤		0		0	0	0	0
就是等于	judy	简单鹤		0		0	0	0	0
技术方案	jufa	简单鹤		0		0	0	0	0
旧伤复发	juff	简单鹤		0		0	0	0	0
精神风貌	jufm	简单鹤		0		0	0	0	0
技术封锁	jufs	简单鹤		0		0	0	0	0
几十分钟	jufv	简单鹤		0		0	0	0	0
及时发现	jufx	简单鹤		0		0	0	0	0
举手发言	jufy	简单鹤		0		0	0	0	0
精神富足	jufz	简单鹤		0		0	0	0	0
及时赶到	jugd	简单鹤		0		0	0	0	0
精神股东	jugd	简单鹤		0		0	0	0	0
近身格斗	jugd	简单鹤		0		0	0	0	0
技术骨干	jugg	简单鹤		0		0	0	0	0
建设规划	jugh	简单鹤		0		0	0	0	0
坚守国门	jugm	简单鹤		0		0	0	0	0
举世公认	jugr	简单鹤		0		0	0	0	0
绝世高人	jugr	简单鹤		0		0	0	0	0
技术公司	jugs	简单鹤		0		0	0	0	0
绝世高手	jugu	简单鹤		0		0	0	0	0
精神鼓舞	jugw	简单鹤		0		0	0	0	0
技术更新	jugx	简单鹤		0		0	0	0	0
技术过硬	jugy	简单鹤		0		0	0	0	0
搅屎棍子	jugz	简单鹤		0		0	0	0	0
及时汇报	juhb	简单鹤		0		0	0	0	0
及时回复	juhf	简单鹤		0		0	0	0	0
绝世好活	juhh	简单鹤		0		0	0	0	0
技术储备	juib	简单鹤		0		0	0	0	0
节省成本	juib	简单鹤		0		0	0	0	0
精神出轨	juig	简单鹤		0		0	0	0	0
净身出户	juih	简单鹤		0		0	0	0	0
及时处理	juil	简单鹤		0		0	0	0	0
介绍产品	juip	简单鹤		0		0	0	0	0
建设成为	juiw	简单鹤		0		0	0	0	0
精神疾病	jujb	简单鹤		0		0	0	0	0
交手机费	jujf	简单鹤		0		0	0	0	0
金属加工	jujg	简单鹤		0		0	0	0	0
健身计划	jujh	简单鹤		0		0	0	0	0
军事计划	jujh	简单鹤		0		0	0	0	0
晋升机会	jujh	简单鹤		0		0	0	0	0
戒杀戒嗔	juji	简单鹤		0		0	0	0	0
技术技能	jujn	简单鹤		0		0	0	0	0
精神枷锁	jujs	简单鹤		0		0	0	0	0
精神寄托	jujt	简单鹤		0		0	0	0	0
精神紧张	jujv	简单鹤		0		0	0	0	0
加深记忆	jujy	简单鹤		0		0	0	0	0
精神可嘉	jukj	简单鹤		0		0	0	0	0
计时开始	juku	简单鹤		0		0	0	0	0
金蛇狂舞	jukw	简单鹤		0		0	0	0	0
接受考验	juky	简单鹤		0		0	0	0	0
技术落后	julh	简单鹤		0		0	0	0	0
军事路线	julx	简单鹤		0		0	0	0	0
精神领袖	julx	简单鹤		0		0	0	0	0
计深虑远	july	简单鹤		1		0	0	0	0
精神满满	jumm	简单鹤		0		0	0	0	0
绝世美女	jumn	简单鹤		0		0	0	0	0
驾驶模式	jumu	简单鹤		0		0	0	0	0
金氏脉学	jumx	简单鹤		0		0	0	0	0
即使没有	jumy	简单鹤		0		0	0	0	0
技术难度	jund	简单鹤		0		0	0	0	0
就是那个	jung	简单鹤		0		0	0	0	0
几十年后	junh	简单鹤		0		0	0	0	0
几十年间	junj	简单鹤		0		0	0	0	0
鉴赏能力	junl	简单鹤		0		0	0	0	0
就是那么	junm	简单鹤		0		0	0	0	0
九十年前	junq	简单鹤		0		0	0	0	0
几十年前	junq	简单鹤		0		0	0	0	0
技术能手	junu	简单鹤		0		0	0	0	0
就是那些	junx	简单鹤		0		0	0	0	0
精神赔偿	jupi	简单鹤		0		0	0	0	0
金属疲劳	jupl	简单鹤		0		0	0	0	0
技术配套	jupt	简单鹤		0		0	0	0	0
计数排序	jupx	简单鹤		0		0	0	0	0
见识浅薄	juqb	简单鹤		0		0	0	0	0
健身器材	juqc	简单鹤		0		0	0	0	0
经世奇才	juqc	简单鹤		0		0	0	0	0
健身气功	juqg	简单鹤		0		0	0	0	0
解释清楚	juqi	简单鹤		0		0	0	0	0
江山如故	jurg	简单鹤		1		0	0	0	0
接受任务	jurw	简单鹤		0		0	0	0	0
军事素质	jusv	简单鹤		0		0	0	0	0
绝世天才	jutc	简单鹤		0		0	0	0	0
绝世唐门	jutm	简单鹤		0		0	0	0	0
技术突破	jutp	简单鹤		0		0	0	0	0
键鼠套装	jutv	简单鹤		0		0	0	0	0
举手投降	jutx	简单鹤		0		0	0	0	0
击杀特效	jutx	简单鹤		0		0	0	0	0
即时通讯	jutx	简单鹤		0		0	0	0	0
接收天线	jutx	简单鹤		0		0	0	0	0
江山社稷	juuj	简单鹤		0		0	0	0	0
节省时间	juuj	简单鹤		0		0	0	0	0
精神胜利	juul	简单鹤		0		0	0	0	0
解释说明	juum	简单鹤		0		0	0	0	0
剪水双瞳	juut	简单鹤		0		0	0	0	0
精神实质	juuv	简单鹤		0		0	0	0	0
技术受限	juux	简单鹤		0		0	0	0	0
就是说呀	juuy	简单鹤		0		0	0	0	0
建设事业	juuy	简单鹤		0		0	0	0	0
坚守阵地	juvd	简单鹤		0		0	0	0	0
结束战斗	juvd	简单鹤		0		0	0	0	0
精神振奋	juvf	简单鹤		0		0	0	0	0
就是直接	juvj	简单鹤		0		0	0	0	0
技术专家	juvj	简单鹤		0		0	0	0	0
接受治疗	juvl	简单鹤		0		0	0	0	0
就是这么	juvm	简单鹤		0		0	0	0	0
九十周年	juvn	简单鹤		0		0	0	0	0
具身智能	juvn	简单鹤		0		0	0	0	0
即使只是	juvu	简单鹤		0		0	0	0	0
就是这些	juvx	简单鹤		0		0	0	0	0
绝世武功	juwg	简单鹤		0		0	0	0	0
接收文件	juwj	简单鹤		0		0	0	0	0
绝杀无解	juwj	简单鹤		0		0	0	0	0
就是为了	juwl	简单鹤		0		0	0	0	0
技术问题	juwt	简单鹤		0		0	0	0	0
绝世王者	juwv	简单鹤		0		0	0	0	0
纪实文学	juwx	简单鹤		0		0	0	0	0
精神小伙	juxh	简单鹤		0		0	0	0	0
技术先进	juxj	简单鹤		0		0	0	0	0
精神小妹	juxm	简单鹤		0		0	0	0	0
净水系统	juxt	简单鹤		0		0	0	0	0
接受现实	juxu	简单鹤		0		0	0	0	0
谨慎行事	juxu	简单鹤		0		0	0	0	0
就是现在	juxz	简单鹤		0		0	0	0	0
技术协作	juxz	简单鹤		0		0	0	0	0
精神续作	juxz	简单鹤		0		0	0	0	0
就是一个	juyg	简单鹤		0		0	0	0	0
精神压力	juyl	简单鹤		0		0	0	0	0
技术移民	juym	简单鹤		0		0	0	0	0
见上一面	juym	简单鹤		0		0	0	0	0
精神药品	juyp	简单鹤		0		0	0	0	0
计生用品	juyp	简单鹤		0		0	0	0	0
决胜因素	juys	简单鹤		0		0	0	0	0
即时演算	juys	简单鹤		0		0	0	0	0
江山一统	juyt	简单鹤		0		0	0	0	0
金山银山	juyu	简单鹤		0		0	0	0	0
军事援助	juyv	简单鹤		0		0	0	0	0
就是一种	juyv	简单鹤		0		0	0	0	0
精神一震	juyv	简单鹤		0		0	0	0	0
就是以为	juyw	简单鹤		0		0	0	0	0
加深印象	juyx	简单鹤		0		0	0	0	0
解释一下	juyx	简单鹤		0		0	0	0	0
仅适用于	juyy	简单鹤		0		0	0	0	0
及时足额	juze	简单鹤		0		0	0	0	0
技术总工	juzg	简单鹤		0		0	0	0	0
教师资格	juzg	简单鹤		0		0	0	0	0
技术暂停	juzt	简单鹤		0		0	0	0	0
节省资源	juzy	简单鹤		0		0	0	0	0
焦灼不安	jvba	简单鹤	118	0		0	0	0	0
金主爸爸	jvbb	简单鹤		0		0	0	0	0
静止不动	jvbd	简单鹤		0		0	0	0	0
举止不凡	jvbf	简单鹤		1		0	0	0	0
价值不菲	jvbf	简单鹤		0		0	0	0	0
接踵比肩	jvbj	简单鹤		1		0	0	0	0
急诊病人	jvbr	简单鹤		0		0	0	0	0
记者采访	jvcf	简单鹤		0		0	0	0	0
紧张刺激	jvcj	简单鹤		0		0	0	0	0
精准踩雷	jvcl	简单鹤		0		0	0	0	0
禁止参赛	jvcs	简单鹤		0		0	0	0	0
纠正错误	jvcw	简单鹤		0		0	0	0	0
脊柱侧弯	jvcw	简单鹤		0		0	0	0	0
九转大肠	jvdi	简单鹤		0		0	0	0	0
尽职调查	jvdi	简单鹤		0		0	0	0	0
就知道了	jvdl	简单鹤		0		0	0	0	0
就职典礼	jvdl	简单鹤		0		0	0	0	0
居中对齐	jvdq	简单鹤		0		0	0	0	0
截至当日	jvdr	简单鹤		0		0	0	0	0
举证倒置	jvdv	简单鹤		0		0	0	0	0
兼职打字	jvdz	简单鹤		0		0	0	0	0
鸡争鹅斗	jved	简单鹤		1		0	0	0	0
精制而成	jvei	简单鹤		0		0	0	0	0
赍志而没	jvem	简单鹤		1		0	0	0	0
建筑风格	jvfg	简单鹤		0		0	0	0	0
精准扶贫	jvfp	简单鹤		0		0	0	0	0
九州风神	jvfu	简单鹤		0		0	0	0	0
记账方式	jvfu	简单鹤		0		0	0	0	0
近战法师	jvfu	简单鹤		0		0	0	0	0
家政服务	jvfw	简单鹤		0		0	0	0	0
集中反映	jvfy	简单鹤		0		0	0	0	0
就这个吧	jvgb	简单鹤		0		0	0	0	0
建筑工程	jvgi	简单鹤		0		0	0	0	0
集中供暖	jvgn	简单鹤		0		0	0	0	0
建筑工人	jvgr	简单鹤		0		0	0	0	0
机智过人	jvgr	简单鹤		0		0	0	0	0
建筑工业	jvgy	简单鹤		0		0	0	0	0
九转还魂	jvhh	简单鹤		0		0	0	0	0
九转回肠	jvhi	简单鹤		0		0	0	0	0
居住环境	jvhj	简单鹤		0		0	0	0	0
进展缓慢	jvhm	简单鹤		0		0	0	0	0
绝症患者	jvhv	简单鹤		0		0	0	0	0
江浙沪皖	jvhw	简单鹤		0		0	0	0	0
价值尺度	jvid	简单鹤		0		0	0	0	0
九转金丹	jvjd	简单鹤		0		0	0	0	0
就这几个	jvjg	简单鹤		0		0	0	0	0
尽忠竭力	jvjl	简单鹤		1		0	0	0	0
集中精力	jvjl	简单鹤		0		0	0	0	0
紧张局面	jvjm	简单鹤		0		0	0	0	0
矩阵键盘	jvjp	简单鹤		0		0	0	0	0
机制健全	jvjq	简单鹤		0		0	0	0	0
九蒸九晒	jvju	简单鹤		0		0	0	0	0
集中精神	jvju	简单鹤		0		0	0	0	0
简直就像	jvjx	简单鹤		0		0	0	0	0
禁止交易	jvjy	简单鹤		0		0	0	0	0
脚趾扣地	jvkd	简单鹤		0		0	0	0	0
加州旅馆	jvlg	简单鹤		0		0	0	0	0
加州理工	jvlg	简单鹤		0		0	0	0	0
价值理念	jvln	简单鹤		0		0	0	0	0
见证历史	jvlu	简单鹤		0		0	0	0	0
酒桌礼仪	jvly	简单鹤		0		0	0	0	0
甲种粒子	jvlz	简单鹤		0		0	0	0	0
就这么办	jvmb	简单鹤		0		0	0	0	0
居住面积	jvmj	简单鹤		0		0	0	0	0
截至目前	jvmq	简单鹤		0		0	0	0	0
紧皱眉头	jvmt	简单鹤		0		0	0	0	0
就这么说	jvmu	简单鹤		0		0	0	0	0
就这么做	jvmz	简单鹤		0		0	0	0	0
急诊内科	jvnk	简单鹤		0		0	0	0	0
记住你了	jvnl	简单鹤		0		0	0	0	0
精致女生	jvnu	简单鹤		0		0	0	0	0
价值评估	jvpg	简单鹤		0		0	0	0	0
举止轻浮	jvqf	简单鹤		0		0	0	0	0
见证奇迹	jvqj	简单鹤		0		0	0	0	0
截至去年	jvqn	简单鹤		0		0	0	0	0
健壮如牛	jvrn	简单鹤		0		0	0	0	0
禁止入内	jvrn	简单鹤		0		0	0	0	0
截止日期	jvrq	简单鹤		0		0	0	0	0
机智如我	jvrw	简单鹤		0		0	0	0	0
九洲四海	jvsh	简单鹤		1		0	0	0	0
居住条件	jvtj	简单鹤		0		0	0	0	0
急支糖浆	jvtj	简单鹤		0		0	0	0	0
集中讨论	jvtl	简单鹤		0		0	0	0	0
居中调停	jvtt	简单鹤		0		0	0	0	0
记者提问	jvtw	简单鹤		0		0	0	0	0
价值体系	jvtx	简单鹤		0		0	0	0	0
集中体现	jvtx	简单鹤		0		0	0	0	0
举止投足	jvtz	简单鹤		0		0	0	0	0
接着说道	jvud	简单鹤		0		0	0	0	0
竞争手段	jvud	简单鹤		0		0	0	0	0
交战双方	jvuf	简单鹤		0		0	0	0	0
建筑施工	jvug	简单鹤		0		0	0	0	0
竞争上岗	jvug	简单鹤		0		0	0	0	0
建筑设计	jvuj	简单鹤		0		0	0	0	0
截止时间	jvuj	简单鹤		0		0	0	0	0
进展顺利	jvul	简单鹤		0		0	0	0	0
建筑式样	jvuy	简单鹤		0		0	0	0	0
节制生育	jvuy	简单鹤		0		0	0	0	0
脚趾抓地	jvvd	简单鹤		0		0	0	0	0
激战正酣	jvvh	简单鹤		0		0	0	0	0
进制转换	jvvh	简单鹤		0		0	0	0	0
夹着尾巴	jvwb	简单鹤		0		0	0	0	0
贱者无敌	jvwd	简单鹤		0		0	0	0	0
接着往下	jvwx	简单鹤		0		0	0	0	0
居住小区	jvxq	简单鹤		0		0	0	0	0
建筑形式	jvxu	简单鹤		0		0	0	0	0
街知巷闻	jvxw	简单鹤		0		0	0	0	0
就这样吧	jvyb	简单鹤		0		0	0	0	0
仅止于此	jvyc	简单鹤		0		0	0	0	0
就这样的	jvyd	简单鹤		0		0	0	0	0
江浙一带	jvyd	简单鹤		0		0	0	0	0
见者有分	jvyf	简单鹤		0		0	0	0	0
就这一个	jvyg	简单鹤		0		0	0	0	0
夹着眼睛	jvyj	简单鹤		0		0	0	0	0
就这样了	jvyl	简单鹤		0		0	0	0	0
聚众淫乱	jvyl	简单鹤		0		0	0	0	0
机智幽默	jvym	简单鹤		0		0	0	0	0
剪纸艺术	jvyu	简单鹤		0		0	0	0	0
精准营销	jvyx	简单鹤		0		0	0	0	0
紧张有序	jvyx	简单鹤		0		0	0	0	0
就这样子	jvyz	简单鹤		0		0	0	0	0
句斟字酌	jvzv	简单鹤		1		0	0	0	0
极为不利	jwbl	简单鹤		0		0	0	0	0
极为不满	jwbm	简单鹤		0		0	0	0	0
较为薄弱	jwbr	简单鹤		0		0	0	0	0
既往病史	jwbu	简单鹤		0		0	0	0	0
据我猜测	jwcc	简单鹤		0		0	0	0	0
举枉措直	jwcv	简单鹤		1		0	0	0	0
据我猜想	jwcx	简单鹤		0		0	0	0	0
绝无此意	jwcy	简单鹤		0		0	0	0	0
降维打击	jwdj	简单鹤		0		0	0	0	0
净网大师	jwdu	简单鹤		0		0	0	0	0
几无敌手	jwdu	简单鹤		0		0	0	0	0
惊闻噩耗	jweh	简单鹤		0		0	0	0	0
极为恶劣	jwel	简单鹤		0		0	0	0	0
极为方便	jwfb	简单鹤		0		0	0	0	0
极为发达	jwfd	简单鹤		0		0	0	0	0
较为丰富	jwff	简单鹤		0		0	0	0	0
极为反感	jwfg	简单鹤		0		0	0	0	0
极为愤怒	jwfn	简单鹤		0		0	0	0	0
紧握扶手	jwfu	简单鹤		0		0	0	0	0
极为尴尬	jwgg	简单鹤		0		0	0	0	0
极为罕见	jwhj	简单鹤		0		0	0	0	0
加为好友	jwhy	简单鹤		0		0	0	0	0
加我好友	jwhy	简单鹤		0		0	0	0	0
金无赤金	jwij	简单鹤		0		0	0	0	0
极为出色	jwis	简单鹤		0		0	0	0	0
教无常师	jwiu	简单鹤		1		0	0	0	0
家无长物	jwiw	简单鹤		0		0	0	0	0
境外机构	jwjg	简单鹤		0		0	0	0	0
极为艰苦	jwjk	简单鹤		0		0	0	0	0
极为惊人	jwjr	简单鹤		0		0	0	0	0
极为恐怖	jwkb	简单鹤		0		0	0	0	0
巨物恐惧	jwkj	简单鹤		0		0	0	0	0
结为伉俪	jwkl	简单鹤		0		0	0	0	0
绝无可能	jwkn	简单鹤		0		0	0	0	0
极为可怕	jwkp	简单鹤		0		0	0	0	0
据我了解	jwlj	简单鹤		0		0	0	0	0
皆为利来	jwll	简单鹤		0		0	0	0	0
就我来说	jwlu	简单鹤		0		0	0	0	0
皆为利往	jwlw	简单鹤		0		0	0	0	0
境外旅游	jwly	简单鹤		0		0	0	0	0
戒为良药	jwly	简单鹤		0		0	0	0	0
极为敏感	jwmg	简单鹤		0		0	0	0	0
境外媒体	jwmt	简单鹤		0		0	0	0	0
极为满意	jwmy	简单鹤		0		0	0	0	0
极为难看	jwnk	简单鹤		0		0	0	0	0
家无宁日	jwnr	简单鹤		0		0	0	0	0
极为普通	jwpt	简单鹤		0		0	0	0	0
极为强大	jwqd	简单鹤		0		0	0	0	0
经外奇穴	jwqx	简单鹤		0		0	0	0	0
极为热情	jwrq	简单鹤		0		0	0	0	0
极为认真	jwrv	简单鹤		0		0	0	0	0
警务人员	jwry	简单鹤		0		0	0	0	0
计无所出	jwsi	简单鹤		1		0	0	0	0
见物思人	jwsr	简单鹤		0		0	0	0	0
计无所施	jwsu	简单鹤		1		0	0	0	0
就我所知	jwsv	简单鹤		0		0	0	0	0
极为痛苦	jwtk	简单鹤		0		0	0	0	0
极为挑剔	jwtt	简单鹤		0		0	0	0	0
境外投资	jwtz	简单鹤		0		0	0	0	0
境外水军	jwuj	简单鹤		0		0	0	0	0
纪委书记	jwuj	简单鹤		0		0	0	0	0
境外势力	jwul	简单鹤		0		0	0	0	0
就完事了	jwul	简单鹤		0		0	0	0	0
较为深入	jwur	简单鹤		0		0	0	0	0
局外之人	jwvr	简单鹤		1		0	0	0	0
敬畏之心	jwvx	简单鹤		0		0	0	0	0
净网行动	jwxd	简单鹤		0		0	0	0	0
极为先进	jwxj	简单鹤		0		0	0	0	0
进网许可	jwxk	简单鹤		0		0	0	0	0
健胃消食	jwxu	简单鹤		0		0	0	0	0
君无戏言	jwxy	简单鹤		0		0	0	0	0
绝味鸭脖	jwyb	简单鹤		0		0	0	0	0
举无遗策	jwyc	简单鹤		1		0	0	0	0
较为有利	jwyl	简单鹤		0		0	0	0	0
竟无一人	jwyr	简单鹤		0		0	0	0	0
境外资本	jwzb	简单鹤		0		0	0	0	0
精心安排	jxap	简单鹤		0		0	0	0	0
敬贤爱士	jxau	简单鹤		1		0	0	0	0
记性不错	jxbc	简单鹤		0		0	0	0	0
惊喜不断	jxbd	简单鹤		0		0	0	0	0
进行比对	jxbd	简单鹤		0		0	0	0	0
夹心饼干	jxbg	简单鹤		0		0	0	0	0
记性不好	jxbh	简单鹤		0		0	0	0	0
精心编排	jxbp	简单鹤		0		0	0	0	0
即兴表演	jxby	简单鹤		0		0	0	0	0
蒹霞苍苍	jxcc	简单鹤		0		0	0	0	0
教学参考	jxck	简单鹤		0		0	0	0	0
教学大楼	jxdl	简单鹤		0		0	0	0	0
精心打造	jxdz	简单鹤		0		0	0	0	0
继续恶化	jxeh	简单鹤		0		0	0	0	0
机械风暴	jxfb	简单鹤		0		0	0	0	0
继续奋斗	jxfd	简单鹤		0		0	0	0	0
即兴发挥	jxfh	简单鹤		0		0	0	0	0
键线分离	jxfl	简单鹤		0		0	0	0	0
极限翻盘	jxfp	简单鹤		0		0	0	0	0
进行分配	jxfp	简单鹤		0		0	0	0	0
机械飞升	jxfu	简单鹤		0		0	0	0	0
继续发展	jxfv	简单鹤		0		0	0	0	0
叫醒服务	jxfw	简单鹤		0		0	0	0	0
进行分析	jxfx	简单鹤		0		0	0	0	0
继续发扬	jxfy	简单鹤		0		0	0	0	0
急性发作	jxfz	简单鹤		0		0	0	0	0
机械革命	jxgm	简单鹤		0		0	0	0	0
举行会谈	jxht	简单鹤		0		0	0	0	0
加下好友	jxhy	简单鹤		0		0	0	0	0
居心何在	jxhz	简单鹤		0		0	0	0	0
精心筹备	jxib	简单鹤		0		0	0	0	0
捡现成的	jxid	简单鹤		0		0	0	0	0
军训成果	jxig	简单鹤		0		0	0	0	0
教学成果	jxig	简单鹤		0		0	0	0	0
竞选成功	jxig	简单鹤		0		0	0	0	0
教学进度	jxjd	简单鹤		0		0	0	0	0
教学计划	jxjh	简单鹤		0		0	0	0	0
机械键盘	jxjp	简单鹤		0		0	0	0	0
机械降神	jxju	简单鹤		0		0	0	0	0
渐行渐远	jxjy	简单鹤		0		0	0	0	0
接下来的	jxld	简单鹤		0		0	0	0	0
极限拉扯	jxli	简单鹤		0		0	0	0	0
积蓄力量	jxll	简单鹤		0		0	0	0	0
脚下留情	jxlq	简单鹤		0		0	0	0	0
敬贤礼士	jxlu	简单鹤		1		0	0	0	0
教学论文	jxlw	简单鹤		0		0	0	0	0
结下梁子	jxlz	简单鹤		0		0	0	0	0
机械瞄准	jxmv	简单鹤		0		0	0	0	0
教学难点	jxnd	简单鹤		0		0	0	0	0
觉醒年代	jxnd	简单鹤		0		0	0	0	0
锦绣年华	jxnh	简单鹤		0		0	0	0	0
继续努力	jxnl	简单鹤		0		0	0	0	0
鲸吸牛饮	jxny	简单鹤		1		0	0	0	0
精选评论	jxpl	简单鹤		0		0	0	0	0
尽显疲态	jxpt	简单鹤		0		0	0	0	0
精心培养	jxpy	简单鹤		0		0	0	0	0
竭心全力	jxql	简单鹤		0		0	0	0	0
继续前行	jxqx	简单鹤		0		0	0	0	0
觉醒人士	jxru	简单鹤		0		0	0	0	0
教学人员	jxry	简单鹤		0		0	0	0	0
检修人员	jxry	简单鹤		0		0	0	0	0
吉祥三宝	jxsb	简单鹤		0		0	0	0	0
觉醒天赋	jxtf	简单鹤		0		0	0	0	0
极限偷家	jxtj	简单鹤		0		0	0	0	0
继续推进	jxtj	简单鹤		0		0	0	0	0
界限突破	jxtp	简单鹤		0		0	0	0	0
进行投票	jxtp	简单鹤		0		0	0	0	0
教学特色	jxts	简单鹤		0		0	0	0	0
尽显颓势	jxtu	简单鹤		0		0	0	0	0
极限逃生	jxtu	简单鹤		0		0	0	0	0
极限挑战	jxtv	简单鹤		0		0	0	0	0
进行调整	jxtv	简单鹤		0		0	0	0	0
津血同源	jxty	简单鹤		0		0	0	0	0
机械手表	jxub	简单鹤		0		0	0	0	0
降下神罚	jxuf	简单鹤		0		0	0	0	0
觉醒时刻	jxuk	简单鹤		0		0	0	0	0
教学水平	jxup	简单鹤		0		0	0	0	0
教学视频	jxup	简单鹤		0		0	0	0	0
继续深造	jxuz	简单鹤		0		0	0	0	0
精心准备	jxvb	简单鹤		0		0	0	0	0
简谐振动	jxvd	简单鹤		0		0	0	0	0
觉醒之战	jxvv	简单鹤		0		0	0	0	0
惊险无比	jxwb	简单鹤		0		0	0	0	0
继续完成	jxwi	简单鹤		0		0	0	0	0
继续维持	jxwi	简单鹤		0		0	0	0	0
降下帷幕	jxwm	简单鹤		0		0	0	0	0
碱性物质	jxwv	简单鹤		0		0	0	0	0
锦绣文章	jxwv	简单鹤		0		0	0	0	0
寄希望在	jxwz	简单鹤		0		0	0	0	0
侥幸心理	jxxl	简单鹤		0		0	0	0	0
静下心来	jxxl	简单鹤		0		0	0	0	0
继续下去	jxxq	简单鹤		0		0	0	0	0
积习相沿	jxxy	简单鹤		0		0	0	0	0
稷下学院	jxxy	简单鹤		0		0	0	0	0
机械运动	jxyd	简单鹤		0		0	0	0	0
极限运动	jxyd	简单鹤		0		0	0	0	0
简谐运动	jxyd	简单鹤		0		0	0	0	0
就像一个	jxyg	简单鹤		0		0	0	0	0
机械原理	jxyl	简单鹤		0		0	0	0	0
机械硬盘	jxyp	简单鹤		0		0	0	0	0
教学要求	jxyq	简单鹤		0		0	0	0	0
急性咽炎	jxyy	简单鹤		0		0	0	0	0
检验报告	jybg	简单鹤		0		0	0	0	0
迥异不同	jybt	简单鹤		0		0	0	0	0
经验不足	jybz	简单鹤		0		0	0	0	0
精于此道	jycd	简单鹤		0		0	0	0	0
经营策略	jycl	简单鹤		0		0	0	0	0
记忆错乱	jycl	简单鹤		0		0	0	0	0
竟有此事	jycu	简单鹤		0		0	0	0	0
就一定会	jydh	简单鹤		0		0	0	0	0
解疑答惑	jydh	简单鹤		0		0	0	0	0
极有道理	jydl	简单鹤		0		0	0	0	0
家用电脑	jydn	简单鹤		0		0	0	0	0
就一定能	jydn	简单鹤		0		0	0	0	0
加油打气	jydq	简单鹤		0		0	0	0	0
经营单位	jydw	简单鹤		0		0	0	0	0
饥鹰饿虎	jyeh	简单鹤		1		0	0	0	0
家有儿女	jyen	简单鹤	451	0		0	0	0	0
举一废百	jyfb	简单鹤		1		0	0	0	0
均匀分布	jyfb	简单鹤		0		0	0	0	0
瘠义肥辞	jyfc	简单鹤		1		0	0	0	0
交易份额	jyfe	简单鹤		0		0	0	0	0
简约风格	jyfg	简单鹤		0		0	0	0	0
军用飞机	jyfj	简单鹤		0		0	0	0	0
降妖伏魔	jyfm	简单鹤		0		0	0	0	0
假一罚十	jyfu	简单鹤		0		0	0	0	0
加以分析	jyfx	简单鹤		0		0	0	0	0
经营风险	jyfx	简单鹤		0		0	0	0	0
假药贩子	jyfz	简单鹤		0		0	0	0	0
记忆宫殿	jygd	简单鹤		0		0	0	0	0
霁月光风	jygf	简单鹤		1		0	0	0	0
技艺高超	jygi	简单鹤		0		0	0	0	0
加以改进	jygj	简单鹤		0		0	0	0	0
经营规模	jygm	简单鹤		0		0	0	0	0
加以改正	jygv	简单鹤		0		0	0	0	0
就业岗位	jygw	简单鹤		0		0	0	0	0
记忆恢复	jyhf	简单鹤		0		0	0	0	0
就业环境	jyhj	简单鹤		0		0	0	0	0
基岩后台	jyht	简单鹤		0		0	0	0	0
就业合同	jyht	简单鹤		0		0	0	0	0
经营合同	jyht	简单鹤		0		0	0	0	0
经营成本	jyib	简单鹤		0		0	0	0	0
京爷冲击	jyij	简单鹤		0		0	0	0	0
积忧成疾	jyij	简单鹤		1		0	0	0	0
迥异常人	jyir	简单鹤		0		0	0	0	0
基因检测	jyjc	简单鹤		0		0	0	0	0
精英阶层	jyjc	简单鹤		0		0	0	0	0
家有家规	jyjg	简单鹤		0		0	0	0	0
教育机构	jyjg	简单鹤		0		0	0	0	0
教育计划	jyjh	简单鹤		0		0	0	0	0
经验加成	jyji	简单鹤		0		0	0	0	0
交易记录	jyjl	简单鹤		0		0	0	0	0
经验积累	jyjl	简单鹤		0		0	0	0	0
节约金钱	jyjq	简单鹤		0		0	0	0	0
交易截图	jyjt	简单鹤		0		0	0	0	0
记忆金属	jyju	简单鹤		0		0	0	0	0
加以纠正	jyjv	简单鹤		0		0	0	0	0
经营教育	jyjy	简单鹤		0		0	0	0	0
精油开背	jykb	简单鹤		0		0	0	0	0
家用空调	jykd	简单鹤		0		0	0	0	0
娇艳可人	jykr	简单鹤		0		0	0	0	0
节约开支	jykv	简单鹤		0		0	0	0	0
将遇良才	jylc	简单鹤		1		0	0	0	0
经营理念	jyln	简单鹤		0		0	0	0	0
节约粮食	jylu	简单鹤		0		0	0	0	0
加以利用	jyly	简单鹤		0		0	0	0	0
剑与魔法	jymf	简单鹤		0		0	0	0	0
椒盐蘑菇	jymg	简单鹤		0		0	0	0	0
记忆模糊	jymh	简单鹤		0		0	0	0	0
经营模式	jymu	简单鹤		0		0	0	0	0
静音模式	jymu	简单鹤		0		0	0	0	0
就依你的	jynd	简单鹤		0		0	0	0	0
记忆能力	jynl	简单鹤		0		0	0	0	0
假一赔百	jypb	简单鹤		0		0	0	0	0
假一赔三	jypo	简单鹤		0		0	0	0	0
假一赔十	jypu	简单鹤		0		0	0	0	0
加以培养	jypy	简单鹤		0		0	0	0	0
加以区别	jyqb	简单鹤		0		0	0	0	0
解压软件	jyrj	简单鹤		0		0	0	0	0
就业人口	jyrk	简单鹤		0		0	0	0	0
交易日期	jyrq	简单鹤		0		0	0	0	0
精英人士	jyru	简单鹤		0		0	0	0	0
锦衣肉食	jyru	简单鹤		1		0	0	0	0
精于算计	jysj	简单鹤		0		0	0	0	0
记忆碎片	jysp	简单鹤		0		0	0	0	0
基因突变	jytb	简单鹤		0		0	0	0	0
精油推背	jytb	简单鹤		0		0	0	0	0
禁言套餐	jytc	简单鹤		0		0	0	0	0
加以提高	jytg	简单鹤		0		0	0	0	0
金银铜铁	jytt	简单鹤		0		0	0	0	0
教育体系	jytx	简单鹤		0		0	0	0	0
教育失败	jyub	简单鹤		0		0	0	0	0
节约时间	jyuj	简单鹤		0		0	0	0	0
记忆深刻	jyuk	简单鹤		0		0	0	0	0
简要说明	jyum	简单鹤		0		0	0	0	0
加以使用	jyuy	简单鹤		0		0	0	0	0
金银珠宝	jyvb	简单鹤		0		0	0	0	0
经营之道	jyvd	简单鹤		0		0	0	0	0
降央卓玛	jyvm	简单鹤		0		0	0	0	0
加油助威	jyvw	简单鹤		0		0	0	0	0
将有助于	jyvy	简单鹤		0		0	0	0	0
就依我的	jywd	简单鹤		0		0	0	0	0
静音微动	jywd	简单鹤		0		0	0	0	0
机要文件	jywj	简单鹤		0		0	0	0	0
解压文件	jywj	简单鹤		0		0	0	0	0
今夜无眠	jywm	简单鹤		0		0	0	0	0
就意味着	jywv	简单鹤		0		0	0	0	0
军用物资	jywz	简单鹤		0		0	0	0	0
救援物资	jywz	简单鹤		0		0	0	0	0
激扬文字	jywz	简单鹤		0		0	0	0	0
精英小队	jyxd	简单鹤		0		0	0	0	0
加以修改	jyxg	简单鹤		0		0	0	0	0
记忆消除	jyxi	简单鹤		0		0	0	0	0
九曜星君	jyxj	简单鹤		0		0	0	0	0
经营许可	jyxk	简单鹤		0		0	0	0	0
加一下你	jyxn	简单鹤		0		0	0	0	0
金银细软	jyxr	简单鹤		0		0	0	0	0
加以限制	jyxv	简单鹤		0		0	0	0	0
寄予希望	jyxw	简单鹤		0		0	0	0	0
竞业协议	jyxy	简单鹤		0		0	0	0	0
经营有方	jyyf	简单鹤		0		0	0	0	0
就有一个	jyyg	简单鹤		0		0	0	0	0
剑与远征	jyyv	简单鹤		0		0	0	0	0
节约用纸	jyyv	简单鹤		0		0	0	0	0
锦衣夜行	jyyx	简单鹤		0		0	0	0	0
教育意义	jyyy	简单鹤		0		0	0	0	0
既要又要	jyyy	简单鹤		0		0	0	0	0
经验做法	jyzf	简单鹤		0		0	0	0	0
几欲作呕	jyzo	简单鹤		0		0	0	0	0
教育资源	jyzy	简单鹤		0		0	0	0	0
节约资源	jyzy	简单鹤		0		0	0	0	0
君子爱财	jzac	简单鹤		0		0	0	0	0
焦躁不安	jzba	简单鹤	1122	0		0	0	0	0
极坐标系	jzbx	简单鹤		0		0	0	0	0
就在此刻	jzck	简单鹤		0		0	0	0	0
就在此时	jzcu	简单鹤		0		0	0	0	0
节奏大师	jzdu	简单鹤		0		0	0	0	0
君子风度	jzfd	简单鹤		0		0	0	0	0
及早发现	jzfx	简单鹤		0		0	0	0	0
就在刚才	jzgc	简单鹤		0		0	0	0	0
就在刚刚	jzgg	简单鹤		0		0	0	0	0
局座高见	jzgj	简单鹤		0		0	0	0	0
京藏公路	jzgl	简单鹤		0		0	0	0	0
就足够了	jzgl	简单鹤		0		0	0	0	0
谨遵教诲	jzjh	简单鹤		0		0	0	0	0
救灾救难	jzjn	简单鹤		0		0	0	0	0
尖嘴利舌	jzlu	简单鹤		0		0	0	0	0
君子翩翩	jzpp	简单鹤		0		0	0	0	0
橘子汽水	jzqu	简单鹤		0		0	0	0	0
就在其中	jzqv	简单鹤		0		0	0	0	0
家族企业	jzqy	简单鹤		0		0	0	0	0
见字如面	jzrm	简单鹤		0		0	0	0	0
剧组人员	jzry	简单鹤		0		0	0	0	0
加载失败	jzub	简单鹤		0		0	0	0	0
就在身边	jzub	简单鹤		0		0	0	0	0
急则生变	jzub	简单鹤		0		0	0	0	0
君子慎独	jzud	简单鹤		0		0	0	0	0
就在这里	jzvl	简单鹤		0		0	0	0	0
就在这时	jzvu	简单鹤		0		0	0	0	0
教子无方	jzwf	简单鹤		0		0	0	0	0
急在心里	jzxl	简单鹤		0		0	0	0	0
记在心里	jzxl	简单鹤		0		0	0	0	0
酒醉心明	jzxm	简单鹤		0		0	0	0	0
记在心上	jzxu	简单鹤		0		0	0	0	0
记在心中	jzxv	简单鹤		0		0	0	0	0
就在于此	jzyc	简单鹤		0		0	0	0	0
家族遗传	jzyi	简单鹤		0		0	0	0	0
就在眼前	jzyq	简单鹤		0		0	0	0	0
聚在一起	jzyq	简单鹤		0		0	0	0	0
挤作一团	jzyt	简单鹤		0		0	0	0	0
可爱单推	kadt	简单鹤		0		0	0	0	0
可爱超了	kail	简单鹤		0		0	0	0	0
可爱想操	kaxc	简单鹤		0		0	0	0	0
可爱香草	kaxc	简单鹤		0		0	0	0	0
可爱想日	kaxr	简单鹤		0		0	0	0	0
开辟道路	kbdl	简单鹤		0		0	0	0	0
看不到了	kbdl	简单鹤		0		0	0	0	0
阔别多年	kbdn	简单鹤		0		0	0	0	0
可悲的是	kbdu	简单鹤		0		0	0	0	0
空白对照	kbdv	简单鹤		0		0	0	0	0
口不对心	kbdx	简单鹤		0		0	0	0	0
恐怖电影	kbdy	简单鹤		0		0	0	0	0
靠边儿站	kbev	简单鹤		0		0	0	0	0
看不过来	kbgl	简单鹤		0		0	0	0	0
看不过去	kbgq	简单鹤		0		0	0	0	0
阔步高谈	kbgt	简单鹤		1		0	0	0	0
恐怖故事	kbgu	简单鹤		0		0	0	0	0
可别怪我	kbgw	简单鹤		0		0	0	0	0
狂暴鸿儒	kbhr	简单鹤		0		0	0	0	0
看不出来	kbil	简单鹤		0		0	0	0	0
看不见的	kbjd	简单鹤		0		0	0	0	0
可不就是	kbju	简单鹤		0		0	0	0	0
看不见我	kbjw	简单鹤		0		0	0	0	0
快不快乐	kbkl	简单鹤		0		0	0	0	0
考不考虑	kbkl	简单鹤		0		0	0	0	0
困不困难	kbkn	简单鹤		0		0	0	0	0
靠不靠谱	kbkp	简单鹤		0		0	0	0	0
开不开心	kbkx	简单鹤		0		0	0	0	0
开不了口	kblk	简单鹤		0		0	0	0	0
看不明白	kbmb	简单鹤		0		0	0	0	0
可不便宜	kbpy	简单鹤		0		0	0	0	0
看不清楚	kbqi	简单鹤		0		0	0	0	0
看不起我	kbqw	简单鹤		0		0	0	0	0
恐怖如斯	kbrs	简单鹤		0		0	0	0	0
可不认为	kbrw	简单鹤		0		0	0	0	0
捆绑套餐	kbtc	简单鹤		0		0	0	0	0
看不太懂	kbtd	简单鹤		0		0	0	0	0
可不太好	kbth	简单鹤		0		0	0	0	0
口碑太差	kbti	简单鹤		0		0	0	0	0
靠边停车	kbti	简单鹤		0		0	0	0	0
看不太清	kbtq	简单鹤		0		0	0	0	0
可不是吗	kbum	简单鹤		0		0	0	0	0
看不上你	kbun	简单鹤		0		0	0	0	0
快步上前	kbuq	简单鹤		0		0	0	0	0
可不知道	kbvd	简单鹤		0		0	0	0	0
可悲之处	kbvi	简单鹤		0		0	0	0	0
恐怖之处	kbvi	简单鹤		0		0	0	0	0
扛不住了	kbvl	简单鹤		0		0	0	0	0
口碑下滑	kbxh	简单鹤		0		0	0	0	0
快不行了	kbxl	简单鹤		0		0	0	0	0
看不下去	kbxq	简单鹤		0		0	0	0	0
抗败血素	kbxs	简单鹤		0		0	0	0	0
恐怖小说	kbxu	简单鹤		0		0	0	0	0
捆绑销售	kbxu	简单鹤		0		0	0	0	0
可不一定	kbyd	简单鹤		0		0	0	0	0
空不异色	kbys	简单鹤		0		0	0	0	0
可别怨我	kbyw	简单鹤		0		0	0	0	0
刻板印象	kbyx	简单鹤		0		0	0	0	0
恐怖游戏	kbyx	简单鹤		0		0	0	0	0
可变资本	kbzb	简单鹤		0		0	0	0	0
可不咋的	kbzd	简单鹤		0		0	0	0	0
哭错坟了	kcfl	简单鹤		0		0	0	0	0
库存货物	kchw	简单鹤		0		0	0	0	0
库存充足	kciz	简单鹤		0		0	0	0	0
口灿莲花	kclh	简单鹤		0		0	0	0	0
可曾知道	kcvd	简单鹤		0		0	0	0	0
肯定不够	kdbg	简单鹤		0		0	0	0	0
肯定不会	kdbh	简单鹤		0		0	0	0	0
看都不看	kdbk	简单鹤		0		0	0	0	0
肯定不能	kdbn	简单鹤		0		0	0	0	0
肯定不要	kdby	简单鹤		0		0	0	0	0
空荡荡的	kddd	简单鹤		0		0	0	0	0
卡顿掉帧	kddv	简单鹤		0		0	0	0	0
快递地址	kddv	简单鹤		0		0	0	0	0
快递单子	kddz	简单鹤		0		0	0	0	0
快递分拣	kdfj	简单鹤		0		0	0	0	0
亏大发了	kdfl	简单鹤		0		0	0	0	0
扩大规模	kdgm	简单鹤		0		0	0	0	0
扩大共识	kdgu	简单鹤		0		0	0	0	0
扩大出口	kdik	简单鹤		0		0	0	0	0
肯定就会	kdjh	简单鹤		0		0	0	0	0
口袋精灵	kdjl	简单鹤		0		0	0	0	0
宽带接入	kdjr	简单鹤		0		0	0	0	0
肯定就要	kdjy	简单鹤		0		0	0	0	0
可丁可卯	kdkm	简单鹤		0		0	0	0	0
肯定可以	kdky	简单鹤		0		0	0	0	0
看到了吧	kdlb	简单鹤		0		0	0	0	0
困顿潦倒	kdld	简单鹤		0		0	0	0	0
宽带连接	kdlj	简单鹤		0		0	0	0	0
开达膜原	kdmy	简单鹤		0		0	0	0	0
肯定没有	kdmy	简单鹤		0		0	0	0	0
开动脑筋	kdnj	简单鹤		0		0	0	0	0
扩大内需	kdnx	简单鹤		0		0	0	0	0
客大欺店	kdqd	简单鹤		0		0	0	0	0
康定情歌	kdqg	简单鹤		0		0	0	0	0
看得清楚	kdqi	简单鹤		0		0	0	0	0
看得太重	kdtv	简单鹤		0		0	0	0	0
可代替性	kdtx	简单鹤		0		0	0	0	0
扩大市场	kdui	简单鹤		0		0	0	0	0
扩大生产	kdui	简单鹤		0		0	0	0	0
夸大事实	kduu	简单鹤		0		0	0	0	0
肯定是要	kduy	简单鹤		0		0	0	0	0
堪当重任	kdvr	简单鹤		0		0	0	0	0
快递小哥	kdxg	简单鹤		0		0	0	0	0
扩大销售	kdxu	简单鹤		0		0	0	0	0
肯定要比	kdyb	简单鹤		0		0	0	0	0
口袋妖怪	kdyg	简单鹤		0		0	0	0	0
看到一个	kdyg	简单鹤		0		0	0	0	0
肯定也是	kdyu	简单鹤		0		0	0	0	0
扩大影响	kdyx	简单鹤		0		0	0	0	0
看到一些	kdyx	简单鹤		0		0	0	0	0
看到最后	kdzh	简单鹤		0		0	0	0	0
渴而穿井	keij	简单鹤		1		0	0	0	0
克服不了	kfbl	简单鹤		0		0	0	0	0
看法不同	kfbt	简单鹤		0		0	0	0	0
口伐笔诛	kfbv	简单鹤		0		0	0	0	0
客服代表	kfdb	简单鹤		0		0	0	0	0
开发大脑	kfdn	简单鹤		0		0	0	0	0
开放地区	kfdq	简单鹤		0		0	0	0	0
狂风大作	kfdz	简单鹤		0		0	0	0	0
开发费用	kffy	简单鹤		0		0	0	0	0
开放搞活	kfgh	简单鹤		0		0	0	0	0
开发工具	kfgj	简单鹤		0		0	0	0	0
开发规模	kfgm	简单鹤		0		0	0	0	0
开放购买	kfgm	简单鹤		0		0	0	0	0
空腹高心	kfgx	简单鹤		1		0	0	0	0
口服给药	kfgy	简单鹤		0		0	0	0	0
开发工作	kfgz	简单鹤		0		0	0	0	0
开发环境	kfhj	简单鹤		0		0	0	0	0
狂风呼啸	kfhx	简单鹤		0		0	0	0	0
跨凤乘鸾	kfil	简单鹤		1		0	0	0	0
狂风巨浪	kfjl	简单鹤		0		0	0	0	0
跨服交流	kfjl	简单鹤		0		0	0	0	0
开放口岸	kfka	简单鹤		0		0	0	0	0
考风考纪	kfkj	简单鹤		0		0	0	0	0
跨服聊天	kflt	简单鹤		0		0	0	0	0
开发面积	kfmj	简单鹤		0		0	0	0	0
开发平台	kfpt	简单鹤		0		0	0	0	0
克服缺点	kfqd	简单鹤		0		0	0	0	0
开赴前线	kfqx	简单鹤		0		0	0	0	0
客服热线	kfrx	简单鹤		0		0	0	0	0
口服溶液	kfry	简单鹤		0		0	0	0	0
客服人员	kfry	简单鹤		0		0	0	0	0
开发人员	kfry	简单鹤		0		0	0	0	0
开放世界	kfuj	简单鹤		0		0	0	0	0
砍伐树木	kfum	简单鹤		0		0	0	0	0
康复治疗	kfvl	简单鹤		0		0	0	0	0
开发智力	kfvl	简单鹤		0		0	0	0	0
开发中心	kfvx	简单鹤		0		0	0	0	0
开服玩家	kfwj	简单鹤		0		0	0	0	0
开封王婆	kfwp	简单鹤		0		0	0	0	0
康复训练	kfxl	简单鹤		0		0	0	0	0
开发项目	kfxm	简单鹤		0		0	0	0	0
康复新液	kfxy	简单鹤		0		0	0	0	0
开发协议	kfxy	简单鹤		0		0	0	0	0
开服元老	kfyl	简单鹤		0		0	0	0	0
口服药物	kfyw	简单鹤		0		0	0	0	0
康复医学	kfyx	简单鹤		0		0	0	0	0
开放资本	kfzb	简单鹤		0		0	0	0	0
开发资源	kfzy	简单鹤		0		0	0	0	0
客观标准	kgbv	简单鹤		0		0	0	0	0
可供参考	kgck	简单鹤		0		0	0	0	0
开工典礼	kgdl	简单鹤		0		0	0	0	0
开关电源	kgdy	简单鹤		0		0	0	0	0
看个电影	kgdy	简单鹤		0		0	0	0	0
考古发掘	kgfj	简单鹤		0		0	0	0	0
客观分析	kgfx	简单鹤		0		0	0	0	0
客观公允	kggy	简单鹤		0		0	0	0	0
开国皇帝	kghd	简单鹤		0		0	0	0	0
客观环境	kghj	简单鹤		0		0	0	0	0
空谷传声	kgiu	简单鹤		1		0	0	0	0
看个锤子	kgiz	简单鹤		0		0	0	0	0
口感绝佳	kgjj	简单鹤		0		0	0	0	0
旷古绝今	kgjj	简单鹤		0		0	0	0	0
看个究竟	kgjj	简单鹤		0		0	0	0	0
旷古绝伦	kgjl	简单鹤		1		0	0	0	0
开工建设	kgju	简单鹤		0		0	0	0	0
考公靠编	kgkb	简单鹤		0		0	0	0	0
可观利润	kglr	简单鹤		0		0	0	0	0
客观评价	kgpj	简单鹤		0		0	0	0	0
砍瓜切菜	kgqc	简单鹤	91	0		0	0	0	0
客观全面	kgqm	简单鹤		0		0	0	0	0
旷古奇闻	kgqw	简单鹤		1		0	0	0	0
空谷跫音	kgqy	简单鹤		0		0	0	0	0
卡冈图雅	kgty	简单鹤		0		0	0	0	0
客观世界	kguj	简单鹤		0		0	0	0	0
开馆授徒	kgut	简单鹤		0		0	0	0	0
可供使用	kguy	简单鹤		0		0	0	0	0
客观实在	kguz	简单鹤		0		0	0	0	0
刻骨之恨	kgvh	简单鹤		0		0	0	0	0
可贵之处	kgvi	简单鹤		0		0	0	0	0
开个玩笑	kgwx	简单鹤		0		0	0	0	0
考公务员	kgwy	简单鹤		0		0	0	0	0
客观许可	kgxk	简单鹤		0		0	0	0	0
开工项目	kgxm	简单鹤		0		0	0	0	0
客观现实	kgxu	简单鹤		0		0	0	0	0
可供选择	kgxz	简单鹤		0		0	0	0	0
客观要求	kgyq	简单鹤		0		0	0	0	0
客观因素	kgys	简单鹤		0		0	0	0	0
开棺验尸	kgyu	简单鹤		0		0	0	0	0
客观允许	kgyx	简单鹤		0		0	0	0	0
酷狗音乐	kgyy	简单鹤		0		0	0	0	0
跨国资本	kgzb	简单鹤		0		0	0	0	0
开高走低	kgzd	简单鹤		0		0	0	0	0
狂歌醉舞	kgzw	简单鹤		0		0	0	0	0
困惑不已	khby	简单鹤		0		0	0	0	0
开怀大孝	khdx	简单鹤		0		0	0	0	0
考核成绩	khij	简单鹤		0		0	0	0	0
亢害承制	khiv	简单鹤		0		0	0	0	0
考核奖惩	khji	简单鹤		0		0	0	0	0
课后练习	khlx	简单鹤		0		0	0	0	0
哭红了眼	khly	简单鹤		0		0	0	0	0
看花了眼	khly	简单鹤		0		0	0	0	0
考核内容	khnr	简单鹤		0		0	0	0	0
考核评比	khpb	简单鹤		0		0	0	0	0
考核评定	khpd	简单鹤		0		0	0	0	0
开会讨论	khtl	简单鹤		0		0	0	0	0
考核指标	khvb	简单鹤		0		0	0	0	0
可恨之处	khvi	简单鹤		0		0	0	0	0
跨行转账	khvv	简单鹤		0		0	0	0	0
科幻文学	khwx	简单鹤		0		0	0	0	0
刻画无盐	khwy	简单鹤		1		0	0	0	0
客户协议	khxy	简单鹤		0		0	0	0	0
课程安排	kiap	简单鹤		0		0	0	0	0
口齿不清	kibq	简单鹤		0		0	0	0	0
课程标准	kibv	简单鹤		0		0	0	0	0
开场表演	kiby	简单鹤		0		0	0	0	0
口出此言	kicy	简单鹤		0		0	0	0	0
考察对象	kidx	简单鹤		0		0	0	0	0
开出发票	kifp	简单鹤		0		0	0	0	0
考察工作	kigz	简单鹤		0		0	0	0	0
扣除成本	kiib	简单鹤		0		0	0	0	0
开除出党	kiid	简单鹤		0		0	0	0	0
空巢家庭	kijt	简单鹤		0		0	0	0	0
堪称楷模	kikm	简单鹤		0		0	0	0	0
看出来了	kill	简单鹤		0		0	0	0	0
哭成泪人	kilr	简单鹤		0		0	0	0	0
空巢老人	kilr	简单鹤		0		0	0	0	0
口齿留香	kilx	简单鹤		0		0	0	0	0
开除女籍	kinj	简单鹤		0		0	0	0	0
开除男籍	kinj	简单鹤		0		0	0	0	0
看出破绽	kipv	简单鹤		0		0	0	0	0
口齿清晰	kiqx	简单鹤		0		0	0	0	0
卡车司机	kisj	简单鹤		0		0	0	0	0
客车司机	kisj	简单鹤		0		0	0	0	0
课程设计	kiuj	简单鹤		0		0	0	0	0
哭出声来	kiul	简单鹤		0		0	0	0	0
口齿生香	kiux	简单鹤		1		0	0	0	0
堪称完美	kiwm	简单鹤		0		0	0	0	0
口出污言	kiwy	简单鹤		0		0	0	0	0
可耻下场	kixi	简单鹤		0		0	0	0	0
开除学籍	kixj	简单鹤		0		0	0	0	0
堪称一流	kiyl	简单鹤		0		0	0	0	0
看穿一切	kiyq	简单鹤		0		0	0	0	0
开出租车	kizi	简单鹤		0		0	0	0	0
客场作战	kizv	简单鹤		0		0	0	0	0
空军部队	kjbd	简单鹤		0		0	0	0	0
开局暴击	kjbj	简单鹤		0		0	0	0	0
空间背景	kjbj	简单鹤		0		0	0	0	0
空间不足	kjbz	简单鹤		0		0	0	0	0
氪金大佬	kjdl	简单鹤		0		0	0	0	0
跨境电商	kjdu	简单鹤		0		0	0	0	0
科技队伍	kjdw	简单鹤		0		0	0	0	0
空间分布	kjfb	简单鹤		0		0	0	0	0
科技发达	kjfd	简单鹤		0		0	0	0	0
科技扶贫	kjfp	简单鹤		0		0	0	0	0
科技发展	kjfv	简单鹤		0		0	0	0	0
科技服务	kjfw	简单鹤		0		0	0	0	0
空间轨道	kjgd	简单鹤		0		0	0	0	0
科技攻关	kjgg	简单鹤		0		0	0	0	0
跨界歌王	kjgw	简单鹤		0		0	0	0	0
空间构型	kjgx	简单鹤		0		0	0	0	0
科技工作	kjgz	简单鹤		0		0	0	0	0
科技狠活	kjhh	简单鹤		0		0	0	0	0
铠甲合体	kjht	简单鹤		0		0	0	0	0
科技合作	kjhz	简单鹤		0		0	0	0	0
开家长会	kjih	简单鹤		0		0	0	0	0
快捷酒店	kjjd	简单鹤		0		0	0	0	0
框架结构	kjjg	简单鹤		0		0	0	0	0
科技交流	kjjl	简单鹤		0		0	0	0	0
空间技术	kjju	简单鹤		0		0	0	0	0
科技教育	kjjy	简单鹤		0		0	0	0	0
快捷快递	kjkd	简单鹤		0		0	0	0	0
克俭克勤	kjkq	简单鹤		1		0	0	0	0
可惊可叹	kjkt	简单鹤		0		0	0	0	0
快进快退	kjkt	简单鹤		0		0	0	0	0
科举考试	kjku	简单鹤		0		0	0	0	0
科技领域	kjly	简单鹤		0		0	0	0	0
开机密码	kjmm	简单鹤		0		0	0	0	0
科技美学	kjmx	简单鹤		0		0	0	0	0
看见没有	kjmy	简单鹤		0		0	0	0	0
空间扭曲	kjnq	简单鹤		0		0	0	0	0
科技情报	kjqb	简单鹤		0		0	0	0	0
开机启动	kjqd	简单鹤		0		0	0	0	0
科技推广	kjtg	简单鹤		0		0	0	0	0
科技投入	kjtr	简单鹤		0		0	0	0	0
科技图书	kjtu	简单鹤		0		0	0	0	0
快即是慢	kjum	简单鹤		0		0	0	0	0
空即是色	kjus	简单鹤		0		0	0	0	0
科举制度	kjvd	简单鹤		0		0	0	0	0
快捷指令	kjvl	简单鹤		0		0	0	0	0
开机状态	kjvt	简单鹤		0		0	0	0	0
科技中心	kjvx	简单鹤		0		0	0	0	0
科技战线	kjvx	简单鹤		0		0	0	0	0
恪尽职责	kjvz	简单鹤		0		0	0	0	0
开局王炸	kjwv	简单鹤		0		0	0	0	0
科技研发	kjyf	简单鹤		0		0	0	0	0
看见一个	kjyg	简单鹤		0		0	0	0	0
宽进严出	kjyi	简单鹤		0		0	0	0	0
铠甲勇士	kjyu	简单鹤		0		0	0	0	0
开机自启	kjzq	简单鹤		0		0	0	0	0
可靠保证	kkbv	简单鹤		0		0	0	0	0
空口白牙	kkby	简单鹤		0		0	0	0	0
苦苦等待	kkdd	简单鹤		0		0	0	0	0
苦苦等候	kkdh	简单鹤		0		0	0	0	0
卡酷动漫	kkdm	简单鹤		0		0	0	0	0
看看对面	kkdm	简单鹤		0		0	0	0	0
看看而已	kkey	简单鹤		0		0	0	0	0
可控范围	kkfw	简单鹤		0		0	0	0	0
开垦荒地	kkhd	简单鹤		0		0	0	0	0
可靠程度	kkid	简单鹤		0		0	0	0	0
开口讲话	kkjh	简单鹤		0		0	0	0	0
看看就好	kkjh	简单鹤		0		0	0	0	0
看看价钱	kkjq	简单鹤		0		0	0	0	0
扣扣空间	kkkj	简单鹤		0		0	0	0	0
卡卡罗特	kklt	简单鹤		0		0	0	0	0
看看你的	kknd	简单鹤		0		0	0	0	0
刻苦努力	kknl	简单鹤		0		0	0	0	0
看看情况	kkqk	简单鹤		0		0	0	0	0
开口说话	kkuh	简单鹤		0		0	0	0	0
看看实力	kkul	简单鹤		0		0	0	0	0
开阔视野	kkuy	简单鹤		0		0	0	0	0
苦苦追求	kkvq	简单鹤		0		0	0	0	0
苦苦挣扎	kkvv	简单鹤		0		0	0	0	0
苦苦追寻	kkvx	简单鹤		0		0	0	0	0
看看我的	kkwd	简单鹤		0		0	0	0	0
看看行不	kkxb	简单鹤		0		0	0	0	0
苦苦相逼	kkxb	简单鹤		0		0	0	0	0
苦苦相求	kkxq	简单鹤		0		0	0	0	0
口快心直	kkxv	简单鹤		1		0	0	0	0
慷慨相助	kkxv	简单鹤		0		0	0	0	0
看看再说	kkzu	简单鹤		0		0	0	0	0
刻苦钻研	kkzy	简单鹤		0		0	0	0	0
可了不得	klbd	简单鹤		0		0	0	0	0
看了半天	klbt	简单鹤		0		0	0	0	0
看来不是	klbu	简单鹤		0		0	0	0	0
可拉倒吧	kldb	简单鹤		0		0	0	0	0
开朗大方	kldf	简单鹤		0		0	0	0	0
可怜的娃	kldw	简单鹤		0		0	0	0	0
考虑范围	klfw	简单鹤		0		0	0	0	0
看了个呆	klgd	简单鹤		0		0	0	0	0
恐龙扛狼	klgl	简单鹤		0		0	0	0	0
刻录光盘	klgp	简单鹤		0		0	0	0	0
快来个人	klgr	简单鹤		0		0	0	0	0
考虑后果	klhg	简单鹤		0		0	0	0	0
快乐崇拜	klib	简单鹤		0		0	0	0	0
靠脸吃饭	klif	简单鹤		0		0	0	0	0
快乐成长	klii	简单鹤		0		0	0	0	0
可了劲的	kljd	简单鹤		0		0	0	0	0
看了进去	kljq	简单鹤		0		0	0	0	0
可理解为	kljw	简单鹤		0		0	0	0	0
恐龙快打	klkd	简单鹤		0		0	0	0	0
考虑考虑	klkl	简单鹤		0		0	0	0	0
快乐老家	kllj	简单鹤		0		0	0	0	0
克拉马依	klmy	简单鹤		0		0	0	0	0
看来那次	klnc	简单鹤		0		0	0	0	0
可怜女子	klnz	简单鹤		0		0	0	0	0
可怜男子	klnz	简单鹤		0		0	0	0	0
考虑清楚	klqi	简单鹤		0		0	0	0	0
哭了起来	klql	简单鹤		0		0	0	0	0
快来人啊	klra	简单鹤		0		0	0	0	0
刻录软件	klrj	简单鹤		0		0	0	0	0
快乐人生	klru	简单鹤		0		0	0	0	0
看来是的	klud	简单鹤		0		0	0	0	0
看了上来	klul	简单鹤		0		0	0	0	0
开颅手术	kluu	简单鹤		0		0	0	0	0
看来这次	klvc	简单鹤		0		0	0	0	0
考虑周到	klvd	简单鹤		0		0	0	0	0
可怜之处	klvi	简单鹤		0		0	0	0	0
看来只能	klvn	简单鹤		0		0	0	0	0
可怜之人	klvr	简单鹤		0		0	0	0	0
酷冷至尊	klvz	简单鹤		0		0	0	0	0
开了先河	klxh	简单鹤		0		0	0	0	0
快乐星球	klxq	简单鹤		0		0	0	0	0
快乐学习	klxx	简单鹤		0		0	0	0	0
快了一步	klyb	简单鹤		0		0	0	0	0
看了一遍	klyb	简单鹤		0		0	0	0	0
看了又看	klyk	简单鹤		0		0	0	0	0
克莱因瓶	klyp	简单鹤		0		0	0	0	0
看了一圈	klyq	简单鹤		0		0	0	0	0
看来也是	klyu	简单鹤		0		0	0	0	0
看了一下	klyx	简单鹤		0		0	0	0	0
考虑一下	klyx	简单鹤		0		0	0	0	0
看了一眼	klyy	简单鹤		0		0	0	0	0
考虑在内	klzn	简单鹤		0		0	0	0	0
考虑再三	klzs	简单鹤		0		0	0	0	0
康忙北鼻	kmbb	简单鹤		0		0	0	0	0
看明白了	kmbl	简单鹤		0		0	0	0	0
快没电了	kmdl	简单鹤		0		0	0	0	0
空码顶屏	kmdp	简单鹤		0		0	0	0	0
快马加编	kmjb	简单鹤		0		0	0	0	0
开门见史	kmju	简单鹤		0		0	0	0	0
看没看到	kmkd	简单鹤		0		0	0	0	0
看没看过	kmkg	简单鹤		0		0	0	0	0
看没看见	kmkj	简单鹤		0		0	0	0	0
科目考试	kmku	简单鹤		0		0	0	0	0
可没料到	kmld	简单鹤		0		0	0	0	0
开幕雷击	kmlj	简单鹤		0		0	0	0	0
开麦骂人	kmmr	简单鹤		0		0	0	0	0
孔庙祈福	kmqf	简单鹤		0		0	0	0	0
快门速度	kmsd	简单鹤		0		0	0	0	0
枯木死灰	kmsh	简单鹤		1		0	0	0	0
孔孟思想	kmsx	简单鹤		0		0	0	0	0
开麦叹气	kmtq	简单鹤		0		0	0	0	0
口没遮拦	kmvl	简单鹤		0		0	0	0	0
快马弯刀	kmwd	简单鹤		0		0	0	0	0
可没想到	kmxd	简单鹤		0		0	0	0	0
空忙一场	kmyi	简单鹤		0		0	0	0	0
渴慕已久	kmyj	简单鹤		0		0	0	0	0
可能不会	knbh	简单鹤		0		0	0	0	0
可能不是	knbu	简单鹤		0		0	0	0	0
可能不行	knbx	简单鹤		0		0	0	0	0
可能的话	kndh	简单鹤		0		0	0	0	0
可能都有	kndy	简单鹤		0		0	0	0	0
可能还会	knhh	简单鹤		0		0	0	0	0
可能会有	knhy	简单鹤		0		0	0	0	0
可能还有	knhy	简单鹤		0		0	0	0	0
可能成为	kniw	简单鹤		0		0	0	0	0
可能出现	knix	简单鹤		0		0	0	0	0
可能就得	knjd	简单鹤		0		0	0	0	0
可能就会	knjh	简单鹤		0		0	0	0	0
可能就是	knju	简单鹤		0		0	0	0	0
扣你几哇	knjw	简单鹤		0		0	0	0	0
可能就要	knjy	简单鹤		0		0	0	0	0
可能就在	knjz	简单鹤		0		0	0	0	0
可能没有	knmy	简单鹤		0		0	0	0	0
困难群众	knqv	简单鹤		0		0	0	0	0
可能是吧	knub	简单鹤		0		0	0	0	0
可能是个	knug	简单鹤		0		0	0	0	0
可能事件	knuj	简单鹤		0		0	0	0	0
咳逆上气	knuq	简单鹤		0		0	0	0	0
困难时期	knuq	简单鹤		0		0	0	0	0
恐难胜任	knur	简单鹤		0		0	0	0	0
可能是在	knuz	简单鹤		0		0	0	0	0
可能知道	knvd	简单鹤		0		0	0	0	0
可能只是	knvu	简单鹤		0		0	0	0	0
可能只有	knvy	简单鹤		0		0	0	0	0
可能需要	knxy	简单鹤		0		0	0	0	0
可能也会	knyh	简单鹤		0		0	0	0	0
可能已经	knyj	简单鹤		0		0	0	0	0
可能引起	knyq	简单鹤		0		0	0	0	0
可能也是	knyu	简单鹤		0		0	0	0	0
可能因为	knyw	简单鹤		0		0	0	0	0
卡皮巴拉	kpbl	简单鹤		0		0	0	0	0
卡牌大师	kpdu	简单鹤		0		0	0	0	0
可怕的是	kpdu	简单鹤		0		0	0	0	0
宽袍大袖	kpdx	简单鹤		0		0	0	0	0
恐怕就是	kpju	简单鹤		0		0	0	0	0
科普教育	kpjy	简单鹤		0		0	0	0	0
恐怕没有	kpmy	简单鹤		0		0	0	0	0
考评体系	kptx	简单鹤		0		0	0	0	0
酷品世家	kpuj	简单鹤		0		0	0	0	0
科普视频	kpup	简单鹤		0		0	0	0	0
跨屏输入	kpur	简单鹤		0		0	0	0	0
考评制度	kpvd	简单鹤		0		0	0	0	0
科普知识	kpvu	简单鹤		0		0	0	0	0
科普宣传	kpxi	简单鹤		0		0	0	0	0
卡片相机	kpxj	简单鹤		0		0	0	0	0
卡片消息	kpxx	简单鹤		0		0	0	0	0
开篇伊始	kpyu	简单鹤		0		0	0	0	0
开派祖师	kpzu	简单鹤		0		0	0	0	0
空枪保号	kqbh	简单鹤		0		0	0	0	0
空气不好	kqbh	简单鹤		0		0	0	0	0
口气不善	kqbu	简单鹤		0		0	0	0	0
空气对流	kqdl	简单鹤		0		0	0	0	0
可气的是	kqdu	简单鹤		0		0	0	0	0
看群公告	kqgg	简单鹤		0		0	0	0	0
空前活跃	kqhy	简单鹤		0		0	0	0	0
看清楚了	kqil	简单鹤		0		0	0	0	0
渴求进步	kqjb	简单鹤		0		0	0	0	0
看清局面	kqjm	简单鹤		0		0	0	0	0
快去快回	kqkh	简单鹤		0		0	0	0	0
快去快来	kqkl	简单鹤		0		0	0	0	0
孔雀开屏	kqkp	简单鹤		0		0	0	0	0
客气客气	kqkq	简单鹤		0		0	0	0	0
口腔溃疡	kqky	简单鹤		0		0	0	0	0
空气刘海	kqlh	简单鹤		0		0	0	0	0
科权禄忌	kqlj	简单鹤		0		0	0	0	0
空气流通	kqlt	简单鹤		0		0	0	0	0
口气清新	kqqx	简单鹤		0		0	0	0	0
空气清新	kqqx	简单鹤		0		0	0	0	0
考前突击	kqtj	简单鹤		0		0	0	0	0
口轻舌薄	kqub	简单鹤		1		0	0	0	0
康乾盛世	kquu	简单鹤		0		0	0	0	0
考勤制度	kqvd	简单鹤		0		0	0	0	0
空气炸锅	kqvg	简单鹤		0		0	0	0	0
可取之处	kqvi	简单鹤		0		0	0	0	0
看清真相	kqvx	简单鹤		0		0	0	0	0
空气稀薄	kqxb	简单鹤		0		0	0	0	0
苦其心智	kqxv	简单鹤		0		0	0	0	0
客气一点	kqyd	简单鹤		0		0	0	0	0
看齐意识	kqyu	简单鹤		0		0	0	0	0
口腔医学	kqyx	简单鹤		0		0	0	0	0
口腔医院	kqyy	简单鹤		0		0	0	0	0
看人打卦	krdg	简单鹤		0		0	0	0	0
狂热粉丝	krfs	简单鹤		0		0	0	0	0
狂热分子	krfz	简单鹤		0		0	0	0	0
刻入骨髓	krgs	简单鹤		0		0	0	0	0
溘然过世	krgu	简单鹤		0		0	0	0	0
刻入灵魂	krlh	简单鹤		0		0	0	0	0
旷日离久	krlj	简单鹤		1		0	0	0	0
抗日奇侠	krqx	简单鹤		0		0	0	0	0
狂人日记	krrj	简单鹤		0		0	0	0	0
孔融让梨	krrl	简单鹤		0		0	0	0	0
快如闪电	krud	简单鹤		0		0	0	0	0
看人说话	kruh	简单鹤		0		0	0	0	0
溘然逝去	kruq	简单鹤		0		0	0	0	0
看人真准	krvv	简单鹤		0		0	0	0	0
看人下菜	krxc	简单鹤		0		0	0	0	0
看人行事	krxu	简单鹤		1		0	0	0	0
快速发展	ksfv	简单鹤		0		0	0	0	0
开锁公司	ksgs	简单鹤		0		0	0	0	0
快速充电	ksid	简单鹤		0		0	0	0	0
快速持续	ksix	简单鹤		0		0	0	0	0
看似矛盾	ksmd	简单鹤		0		0	0	0	0
看什么看	ksmk	简单鹤		0		0	0	0	0
快速排序	kspx	简单鹤		0		0	0	0	0
亏损企业	ksqy	简单鹤		0		0	0	0	0
看似容易	ksry	简单鹤		0		0	0	0	0
快速通道	kstd	简单鹤		0		0	0	0	0
快速推进	kstj	简单鹤		0		0	0	0	0
快速提升	kstu	简单鹤		0		0	0	0	0
渴死我了	kswl	简单鹤		0		0	0	0	0
快速行动	ksxd	简单鹤		0		0	0	0	0
口似悬河	ksxh	简单鹤		1		0	0	0	0
快速响应	ksxy	简单鹤		0		0	0	0	0
快速眼动	ksyd	简单鹤		0		0	0	0	0
客似云来	ksyl	简单鹤		0		0	0	0	0
开题报告	ktbg	简单鹤		0		0	0	0	0
课堂笔记	ktbj	简单鹤		0		0	0	0	0
口吐白沫	ktbm	简单鹤		0		0	0	0	0
口吐芬芳	ktff	简单鹤		0		0	0	0	0
课题成果	ktig	简单鹤		0		0	0	0	0
课题经费	ktjf	简单鹤		0		0	0	0	0
课堂纪律	ktjl	简单鹤		0		0	0	0	0
开拓精神	ktju	简单鹤		0		0	0	0	0
开头结尾	ktjw	简单鹤		0		0	0	0	0
客套客套	ktkt	简单鹤		0		0	0	0	0
口吐莲花	ktlh	简单鹤		0		0	0	0	0
卡秃噜皮	ktlp	简单鹤		0		0	0	0	0
枯藤老树	ktlu	简单鹤		0		0	0	0	0
课堂练习	ktlx	简单鹤		0		0	0	0	0
磕头碰脑	ktpn	简单鹤		1		0	0	0	0
开通热线	ktrx	简单鹤		0		0	0	0	0
口吐人言	ktry	简单鹤		0		0	0	0	0
看图填空	kttk	简单鹤		0		0	0	0	0
口头通知	kttv	简单鹤		0		0	0	0	0
课堂提问	kttw	简单鹤		0		0	0	0	0
课题申报	ktub	简单鹤		0		0	0	0	0
看图说话	ktuh	简单鹤		0		0	0	0	0
开拓市场	ktui	简单鹤		0		0	0	0	0
开庭审理	ktul	简单鹤		0		0	0	0	0
开拓视野	ktuy	简单鹤		0		0	0	0	0
看图识字	ktuz	简单鹤		0		0	0	0	0
口吐珠玑	ktvj	简单鹤		1		0	0	0	0
空天战机	ktvj	简单鹤		0		0	0	0	0
空谈误国	ktwg	简单鹤		0		0	0	0	0
看图写话	ktxh	简单鹤		0		0	0	0	0
课题项目	ktxm	简单鹤		0		0	0	0	0
口吐鲜血	ktxx	简单鹤		0		0	0	0	0
口头协议	ktxy	简单鹤		0		0	0	0	0
看透一切	ktyq	简单鹤		0		0	0	0	0
开脱罪责	ktzz	简单鹤		0		0	0	0	0
开始按钮	kuan	简单鹤		0		0	0	0	0
考试安排	kuap	简单鹤		0		0	0	0	0
考试必过	kubg	简单鹤		0		0	0	0	0
口授笔录	kubl	简单鹤		0		0	0	0	0
考试报名	kubm	简单鹤		0		0	0	0	0
开始表演	kuby	简单鹤		0		0	0	0	0
开始菜单	kucd	简单鹤		0		0	0	0	0
考试地点	kudd	简单鹤		0		0	0	0	0
考试大纲	kudg	简单鹤		0		0	0	0	0
快手抖音	kudy	简单鹤		0		0	0	0	0
空手而回	kueh	简单鹤		0		0	0	0	0
考试辅导	kufd	简单鹤		0		0	0	0	0
考试分数	kufu	简单鹤		0		0	0	0	0
考试范围	kufw	简单鹤		0		0	0	0	0
考试合格	kuhg	简单鹤		0		0	0	0	0
开始慌了	kuhl	简单鹤		0		0	0	0	0
考试成绩	kuij	简单鹤		0		0	0	0	0
开始阶段	kujd	简单鹤		0		0	0	0	0
枯水季节	kujj	简单鹤		0		0	0	0	0
考试机器	kujq	简单鹤		0		0	0	0	0
开始进入	kujr	简单鹤		0		0	0	0	0
枯树开花	kukh	简单鹤		1		0	0	0	0
考试科目	kukm	简单鹤		0		0	0	0	0
叩石垦壤	kukr	简单鹤		1		0	0	0	0
看傻了眼	kuly	简单鹤		0		0	0	0	0
开山老祖	kulz	简单鹤		1		0	0	0	0
开始明白	kumb	简单鹤		0		0	0	0	0
可数名词	kumc	简单鹤		0		0	0	0	0
可是没有	kumy	简单鹤		0		0	0	0	0
恪守女德	kund	简单鹤		0		0	0	0	0
恪守男德	kund	简单鹤		0		0	0	0	0
酷暑难当	kund	简单鹤		0		0	0	0	0
看上你了	kunl	简单鹤		0		0	0	0	0
昆山片玉	kupy	简单鹤		1		0	0	0	0
扣屎盆子	kupz	简单鹤		0		0	0	0	0
可是如果	kurg	简单鹤		0		0	0	0	0
考试日期	kurq	简单鹤		0		0	0	0	0
开始同步	kutb	简单鹤		0		0	0	0	0
看上他了	kutl	简单鹤		0		0	0	0	0
看上她了	kutl	简单鹤		0		0	0	0	0
考试说明	kuum	简单鹤		0		0	0	0	0
开始使用	kuuy	简单鹤		0		0	0	0	0
口舌之便	kuvb	简单鹤		0		0	0	0	0
可是这个	kuvg	简单鹤		0		0	0	0	0
开设账户	kuvh	简单鹤		0		0	0	0	0
口舌之快	kuvk	简单鹤		0		0	0	0	0
口舌之利	kuvl	简单鹤		0		0	0	0	0
考试指南	kuvn	简单鹤		0		0	0	0	0
科室主任	kuvr	简单鹤		0		0	0	0	0
开始着手	kuvu	简单鹤		0		0	0	0	0
可是这些	kuvx	简单鹤		0		0	0	0	0
开始执行	kuvx	简单鹤		0		0	0	0	0
开山之作	kuvz	简单鹤		0		0	0	0	0
开山之祖	kuvz	简单鹤		0		0	0	0	0
看上我了	kuwl	简单鹤		0		0	0	0	0
可是我们	kuwm	简单鹤		0		0	0	0	0
开始行动	kuxd	简单鹤		0		0	0	0	0
可是现在	kuxz	简单鹤		0		0	0	0	0
开始吟唱	kuyi	简单鹤		0		0	0	0	0
看傻眼了	kuyl	简单鹤		0		0	0	0	0
昆山玉碎	kuys	简单鹤		0		0	0	0	0
开始游戏	kuyx	简单鹤		0		0	0	0	0
可是又有	kuyy	简单鹤		0		0	0	0	0
考试作弊	kuzb	简单鹤		0		0	0	0	0
控制不了	kvbl	简单鹤		0		0	0	0	0
控制变量	kvbl	简单鹤		0		0	0	0	0
控制病情	kvbq	简单鹤		0		0	0	0	0
空中巴士	kvbu	简单鹤		0		0	0	0	0
克制不住	kvbv	简单鹤		0		0	0	0	0
控制不住	kvbv	简单鹤		0		0	0	0	0
抗旨不尊	kvbz	简单鹤		0		0	0	0	0
抗旨不遵	kvbz	简单鹤		0		0	0	0	0
铠装电缆	kvdl	简单鹤		0		0	0	0	0
看着都疼	kvdt	简单鹤		0		0	0	0	0
空中飞人	kvfr	简单鹤		0		0	0	0	0
控制工程	kvgi	简单鹤		0		0	0	0	0
看着锅里	kvgl	简单鹤		0		0	0	0	0
空中管制	kvgv	简单鹤		0		0	0	0	0
开展活动	kvhd	简单鹤		0		0	0	0	0
空中花园	kvhy	简单鹤		0		0	0	0	0
控制成本	kvib	简单鹤		0		0	0	0	0
空中加油	kvjy	简单鹤		0		0	0	0	0
控制开关	kvkg	简单鹤		0		0	0	0	0
看这看那	kvkn	简单鹤		0		0	0	0	0
控制人口	kvrk	简单鹤		0		0	0	0	0
开枝散叶	kvsy	简单鹤		0		0	0	0	0
哭着说道	kvud	简单鹤		0		0	0	0	0
夸张手法	kvuf	简单鹤		0		0	0	0	0
看着舒服	kvuf	简单鹤		0		0	0	0	0
抗战胜利	kvul	简单鹤		0		0	0	0	0
抗战时期	kvuq	简单鹤		0		0	0	0	0
空中转体	kvvt	简单鹤		0		0	0	0	0
控制中心	kvvx	简单鹤		0		0	0	0	0
开展宣传	kvxi	简单鹤		0		0	0	0	0
空中巡逻	kvxl	简单鹤		0		0	0	0	0
控制芯片	kvxp	简单鹤		0		0	0	0	0
宽窄巷子	kvxz	简单鹤		0		0	0	0	0
控制原理	kvyl	简单鹤		0		0	0	0	0
苦中有乐	kvyl	简单鹤		0		0	0	0	0
苦中有甜	kvyt	简单鹤		0		0	0	0	0
控制饮食	kvyu	简单鹤		0		0	0	0	0
看着眼熟	kvyu	简单鹤		0		0	0	0	0
开展业务	kvyw	简单鹤		0		0	0	0	0
口味独特	kwdt	简单鹤		0		0	0	0	0
看我动态	kwdt	简单鹤		0		0	0	0	0
课外读物	kwdw	简单鹤		0		0	0	0	0
课外辅导	kwfd	简单鹤		0		0	0	0	0
快问快答	kwkd	简单鹤		0		0	0	0	0
苦无良策	kwlc	简单鹤		0		0	0	0	0
课外练习	kwlx	简单鹤		0		0	0	0	0
口吻生花	kwuh	简单鹤		1		0	0	0	0
开胃生津	kwuj	简单鹤		0		0	0	0	0
看望慰问	kwww	简单鹤		0		0	0	0	0
开胃小菜	kwxc	简单鹤		0		0	0	0	0
开玩笑的	kwxd	简单鹤		0		0	0	0	0
渴望已久	kwyj	简单鹤		0		0	0	0	0
看我眼色	kwys	简单鹤		0		0	0	0	0
口歪眼斜	kwyx	简单鹤		0		0	0	0	0
口味一样	kwyy	简单鹤		0		0	0	0	0
酷我音乐	kwyy	简单鹤		0		0	0	0	0
口歪嘴斜	kwzx	简单鹤		0		0	0	0	0
课外作业	kwzy	简单鹤		0		0	0	0	0
开学报道	kxbd	简单鹤		0		0	0	0	0
可惜不是	kxbu	简单鹤		0		0	0	0	0
科学道理	kxdl	简单鹤		0		0	0	0	0
可惜的是	kxdu	简单鹤		0		0	0	0	0
可笑的是	kxdu	简单鹤		0		0	0	0	0
开心的笑	kxdx	简单鹤		0		0	0	0	0
可想而之	kxev	简单鹤		0		0	0	0	0
可行方案	kxfa	简单鹤		0		0	0	0	0
科学方法	kxff	简单鹤		0		0	0	0	0
科学发明	kxfm	简单鹤		0		0	0	0	0
科学发展	kxfv	简单鹤		0		0	0	0	0
科学发现	kxfx	简单鹤		0		0	0	0	0
科学规范	kxgf	简单鹤		0		0	0	0	0
科学高峰	kxgf	简单鹤		0		0	0	0	0
科学根据	kxgj	简单鹤		0		0	0	0	0
科学顾问	kxgw	简单鹤		0		0	0	0	0
科学成果	kxig	简单鹤		0		0	0	0	0
开心就好	kxjh	简单鹤		0		0	0	0	0
空虚寂寞	kxjm	简单鹤		0		0	0	0	0
科学计算	kxjs	简单鹤		0		0	0	0	0
开箱即用	kxjy	简单鹤		0		0	0	0	0
可喜可贺	kxkh	简单鹤		0		0	0	0	0
科学考察	kxki	简单鹤		0		0	0	0	0
空心萝卜	kxlb	简单鹤		0		0	0	0	0
科学论断	kxld	简单鹤		0		0	0	0	0
科学理论	kxll	简单鹤		0		0	0	0	0
科学论证	kxlv	简单鹤		0		0	0	0	0
科学论文	kxlw	简单鹤		0		0	0	0	0
开心麻花	kxmh	简单鹤		0		0	0	0	0
科学普及	kxpj	简单鹤		0		0	0	0	0
开心死了	kxsl	简单鹤		0		0	0	0	0
科学思想	kxsx	简单鹤		0		0	0	0	0
科学态度	kxtd	简单鹤		0		0	0	0	0
科学探索	kxts	简单鹤		0		0	0	0	0
空心汤圆	kxty	简单鹤		1		0	0	0	0
科学实践	kxuj	简单鹤		0		0	0	0	0
空闲时间	kxuj	简单鹤		0		0	0	0	0
胯下受辱	kxur	简单鹤		0		0	0	0	0
跨下受辱	kxur	简单鹤		0		0	0	0	0
科学上网	kxuw	简单鹤		0		0	0	0	0
科学试验	kxuy	简单鹤		0		0	0	0	0
可喜之处	kxvi	简单鹤		0		0	0	0	0
可笑之极	kxvj	简单鹤		0		0	0	0	0
科学之母	kxvm	简单鹤		0		0	0	0	0
科学证明	kxvm	简单鹤		0		0	0	0	0
开学之前	kxvq	简单鹤		0		0	0	0	0
科学种田	kxvt	简单鹤		0		0	0	0	0
科学著作	kxvz	简单鹤		0		0	0	0	0
科学文献	kxwx	简单鹤		0		0	0	0	0
空喜一场	kxyi	简单鹤		0		0	0	0	0
开心一刻	kxyk	简单鹤		0		0	0	0	0
胯下一凉	kxyl	简单鹤		0		0	0	0	0
科学仪器	kxyq	简单鹤		0		0	0	0	0
科学有效	kxyx	简单鹤		0		0	0	0	0
开小灶了	kxzl	简单鹤		0		0	0	0	0
口语表达	kybd	简单鹤		0		0	0	0	0
抗压背锅	kybg	简单鹤		0		0	0	0	0
考研必过	kybg	简单鹤		0		0	0	0	0
看也不看	kybk	简单鹤		0		0	0	0	0
科研部门	kybm	简单鹤		0		0	0	0	0
可以不用	kyby	简单鹤		0		0	0	0	0
可以不要	kyby	简单鹤		0		0	0	0	0
可以得到	kydd	简单鹤		0		0	0	0	0
可以达到	kydd	简单鹤		0		0	0	0	0
可以的话	kydh	简单鹤		0		0	0	0	0
开业典礼	kydl	简单鹤		0		0	0	0	0
可以断言	kydy	简单鹤		0		0	0	0	0
可以发挥	kyfh	简单鹤		0		0	0	0	0
可以发现	kyfx	简单鹤		0		0	0	0	0
可疑分子	kyfz	简单鹤		0		0	0	0	0
考验干部	kygb	简单鹤		0		0	0	0	0
可以缓解	kyhj	简单鹤		0		0	0	0	0
可以尝试	kyiu	简单鹤		0		0	0	0	0
可以承受	kyiu	简单鹤		0		0	0	0	0
可以成为	kyiw	简单鹤		0		0	0	0	0
刻意解读	kyjd	简单鹤		0		0	0	0	0
可以见到	kyjd	简单鹤		0		0	0	0	0
口语交际	kyjj	简单鹤		0		0	0	0	0
科研基金	kyjj	简单鹤		0		0	0	0	0
可以看到	kykd	简单鹤		0		0	0	0	0
可以肯定	kykd	简单鹤		0		0	0	0	0
可以克服	kykf	简单鹤		0		0	0	0	0
可以看出	kyki	简单鹤		0		0	0	0	0
可以看见	kykj	简单鹤		0		0	0	0	0
可以考虑	kykl	简单鹤		0		0	0	0	0
可盐可甜	kykt	简单鹤		0		0	0	0	0
可以可以	kyky	简单鹤		0		0	0	0	0
可以理解	kylj	简单鹤		0		0	0	0	0
可以了吗	kylm	简单鹤		0		0	0	0	0
刻意练习	kylx	简单鹤		0		0	0	0	0
刻意模仿	kymf	简单鹤		0		0	0	0	0
开源免费	kymf	简单鹤		0		0	0	0	0
刻意抹黑	kymh	简单鹤		0		0	0	0	0
可以瞑目	kymm	简单鹤		0		0	0	0	0
可以确定	kyqd	简单鹤		0		0	0	0	0
抗压强度	kyqd	简单鹤		0		0	0	0	0
刻意求工	kyqg	简单鹤		1		0	0	0	0
可以确认	kyqr	简单鹤		0		0	0	0	0
开源软件	kyrj	简单鹤		0		0	0	0	0
可以容忍	kyrr	简单鹤		0		0	0	0	0
可以入手	kyru	简单鹤		0		0	0	0	0
可以忍受	kyru	简单鹤		0		0	0	0	0
快意人生	kyru	简单鹤		0		0	0	0	0
考验人性	kyrx	简单鹤		0		0	0	0	0
可疑人员	kyry	简单鹤		0		0	0	0	0
课余时间	kyuj	简单鹤		0		0	0	0	0
可以试试	kyuu	简单鹤		0		0	0	0	0
可以说是	kyuu	简单鹤		0		0	0	0	0
开元盛世	kyuu	简单鹤		0		0	0	0	0
可以实现	kyux	简单鹤		0		0	0	0	0
可以知道	kyvd	简单鹤		0		0	0	0	0
可以这么	kyvm	简单鹤		0		0	0	0	0
枯鱼之肆	kyvs	简单鹤		1		0	0	0	0
考验智商	kyvu	简单鹤		0		0	0	0	0
客运中心	kyvx	简单鹤		0		0	0	0	0
可以这样	kyvy	简单鹤		0		0	0	0	0
可以完成	kywi	简单鹤		0		0	0	0	0
口眼歪斜	kywx	简单鹤		0		0	0	0	0
可以相处	kyxi	简单鹤		0		0	0	0	0
可以想见	kyxj	简单鹤		0		0	0	0	0
开源项目	kyxm	简单鹤		0		0	0	0	0
苦言相劝	kyxq	简单鹤		0		0	0	0	0
可以想像	kyxx	简单鹤		0		0	0	0	0
可以想象	kyxx	简单鹤		0		0	0	0	0
可以休矣	kyxy	简单鹤		0		0	0	0	0
开源协议	kyxy	简单鹤		0		0	0	0	0
可以选择	kyxz	简单鹤		0		0	0	0	0
可以预见	kyyj	简单鹤		0		0	0	0	0
可以原谅	kyyl	简单鹤		0		0	0	0	0
刻意隐瞒	kyym	简单鹤		0		0	0	0	0
可引用性	kyyx	简单鹤		0		0	0	0	0
可应用于	kyyy	简单鹤		0		0	0	0	0
考研英语	kyyy	简单鹤		0		0	0	0	0
快走不送	kzbs	简单鹤		0		0	0	0	0
稇载而归	kzeg	简单鹤		0		0	0	0	0
快嘴快舌	kzku	简单鹤		0		0	0	0	0
快哉快哉	kzkz	简单鹤		0		0	0	0	0
快走快走	kzkz	简单鹤		0		0	0	0	0
裤子拉链	kzll	简单鹤		0		0	0	0	0
看走了眼	kzly	简单鹤		0		0	0	0	0
可造之才	kzvc	简单鹤		0		0	0	0	0
可造之材	kzvc	简单鹤		0		0	0	0	0
筷子兄弟	kzxd	简单鹤		0		0	0	0	0
看在眼底	kzyd	简单鹤		0		0	0	0	0
看走眼了	kzyl	简单鹤		0		0	0	0	0
立案调查	ladi	简单鹤		0		0	0	0	0
恋爱大师	ladu	简单鹤		0		0	0	0	0
两岸关系	lagx	简单鹤		0		0	0	0	0
懒癌患者	lahv	简单鹤		0		0	0	0	0
立案查处	laii	简单鹤		0		0	0	0	0
另案处理	lail	简单鹤		0		0	0	0	0
恋爱模拟	lamn	简单鹤		0		0	0	0	0
两岸人民	larm	简单鹤		0		0	0	0	0
两岸统一	laty	简单鹤		0		0	0	0	0
懒癌晚期	lawq	简单鹤		0		0	0	0	0
离岸信托	laxt	简单鹤		0		0	0	0	0
两鬓斑白	lbbb	简单鹤		0		0	0	0	0
萝卜白菜	lbbc	简单鹤		0		0	0	0	0
老八辈子	lbbz	简单鹤		0		0	0	0	0
聊表寸心	lbcx	简单鹤		1		0	0	0	0
冷不丁地	lbdd	简单鹤		0		0	0	0	0
连奔带跑	lbdp	简单鹤		0		0	0	0	0
老板大气	lbdq	简单鹤		0		0	0	0	0
鲁班大师	lbdu	简单鹤		0		0	0	0	0
领兵打仗	lbdv	简单鹤		0		0	0	0	0
两不耽误	lbdw	简单鹤		0		0	0	0	0
轮不到我	lbdw	简单鹤		0		0	0	0	0
连本带息	lbdx	简单鹤		0		0	0	0	0
冷不防地	lbfd	简单鹤		0		0	0	0	0
冷不防的	lbfd	简单鹤		0		0	0	0	0
两倍工资	lbgz	简单鹤		0		0	0	0	0
老板换碟	lbhd	简单鹤		0		0	0	0	0
老兵回归	lbhg	简单鹤		0		0	0	0	0
老板糊涂	lbht	简单鹤		0		0	0	0	0
来不及了	lbjl	简单鹤		0		0	0	0	0
略表敬意	lbjy	简单鹤		0		0	0	0	0
礼不可废	lbkf	简单鹤		0		0	0	0	0
萝卜开会	lbkh	简单鹤		0		0	0	0	0
离不开了	lbkl	简单鹤		0		0	0	0	0
厉不厉害	lblh	简单鹤		0		0	0	0	0
老爸老妈	lblm	简单鹤		0		0	0	0	0
淋病梅毒	lbmd	简单鹤		0		0	0	0	0
萝卜青菜	lbqc	简单鹤		0		0	0	0	0
鲁班七号	lbqh	简单鹤		0		0	0	0	0
两不情愿	lbqy	简单鹤		0		0	0	0	0
拎包入住	lbrv	简单鹤		0		0	0	0	0
老不死的	lbsd	简单鹤		0		0	0	0	0
鲁邦三世	lbsu	简单鹤		0		0	0	0	0
蓝白条纹	lbtw	简单鹤		0		0	0	0	0
力拔山河	lbuh	简单鹤		0		0	0	0	0
礼部尚书	lbuu	简单鹤		0		0	0	0	0
两把刷子	lbuz	简单鹤		0		0	0	0	0
拦不住的	lbvd	简单鹤		0		0	0	0	0
留不住的	lbvd	简单鹤		0		0	0	0	0
老不正经	lbvj	简单鹤		0		0	0	0	0
老蚌珠胎	lbvt	简单鹤		1		0	0	0	0
两不相干	lbxg	简单鹤		0		0	0	0	0
拉不下脸	lbxl	简单鹤		0		0	0	0	0
两不相欠	lbxq	简单鹤		0		0	0	0	0
聊表心意	lbxy	简单鹤		0		0	0	0	0
聊表谢意	lbxy	简单鹤		0		0	0	0	0
两步验证	lbyv	简单鹤		0		0	0	0	0
略表尊敬	lbzj	简单鹤		0		0	0	0	0
楞次定律	lcdl	简单鹤		0		0	0	0	0
理财产品	lcip	简单鹤		0		0	0	0	0
粮草先行	lcxx	简单鹤	345	0		0	0	0	0
联词消字	lcxz	简单鹤		0		0	0	0	0
连词消字	lcxz	简单鹤		0		0	0	0	0
流窜作案	lcza	简单鹤		0		0	0	0	0
脸都白了	ldbl	简单鹤		0		0	0	0	0
来得不巧	ldbq	简单鹤		0		0	0	0	0
累得半死	ldbs	简单鹤		0		0	0	0	0
利多弊少	ldbu	简单鹤		0		0	0	0	0
粮多草广	ldcg	简单鹤		1		0	0	0	0
领导才能	ldcn	简单鹤		0		0	0	0	0
量大从优	ldcy	简单鹤		0		0	0	0	0
两端对齐	lddq	简单鹤		0		0	0	0	0
垄断地位	lddw	简单鹤		0		0	0	0	0
领导地位	lddw	简单鹤		0		0	0	0	0
伶仃大醉	lddz	简单鹤		0		0	0	0	0
领导方法	ldff	简单鹤		0		0	0	0	0
两地分居	ldfj	简单鹤		0		0	0	0	0
领导负责	ldfz	简单鹤		0		0	0	0	0
量大管饱	ldgb	简单鹤		0		0	0	0	0
伶仃孤苦	ldgk	简单鹤		1		0	0	0	0
劳动果实	ldgu	简单鹤		0		0	0	0	0
领导岗位	ldgw	简单鹤		0		0	0	0	0
劳动工资	ldgz	简单鹤		0		0	0	0	0
来电话了	ldhl	简单鹤		0		0	0	0	0
来电号码	ldhm	简单鹤		0		0	0	0	0
流动红旗	ldhq	简单鹤		0		0	0	0	0
劳动成果	ldig	简单鹤		0		0	0	0	0
落地成盒	ldih	简单鹤		0		0	0	0	0
劳动产品	ldip	简单鹤		0		0	0	0	0
懒得出奇	ldiq	简单鹤		0		0	0	0	0
龙的传人	ldir	简单鹤		0		0	0	0	0
领导成员	ldiy	简单鹤		0		0	0	0	0
领导机构	ldjg	简单鹤		0		0	0	0	0
领导讲话	ldjh	简单鹤		0		0	0	0	0
雷电将军	ldjj	简单鹤		0		0	0	0	0
来电记录	ldjl	简单鹤		0		0	0	0	0
劳动技能	ldjn	简单鹤		0		0	0	0	0
来得及时	ldju	简单鹤		0		0	0	0	0
凛冬将至	ldjv	简单鹤		0		0	0	0	0
劳动价值	ldjv	简单鹤		0		0	0	0	0
料敌机先	ldjx	简单鹤		0		0	0	0	0
懒得理会	ldlh	简单鹤		0		0	0	0	0
乱丢垃圾	ldlj	简单鹤		0		0	0	0	0
六丁六甲	ldlj	简单鹤		0		0	0	0	0
来都来了	ldll	简单鹤		0		0	0	0	0
领导力量	ldll	简单鹤		0		0	0	0	0
垄断利润	ldlr	简单鹤		0		0	0	0	0
涝的涝死	ldls	简单鹤		0		0	0	0	0
来电铃声	ldlu	简单鹤		0		0	0	0	0
留点面子	ldmz	简单鹤		0		0	0	0	0
领导能力	ldnl	简单鹤		0		0	0	0	0
拉动内需	ldnx	简单鹤		0		0	0	0	0
老店欺客	ldqk	简单鹤		0		0	0	0	0
理当如此	ldrc	简单鹤		0		0	0	0	0
狼多肉少	ldru	简单鹤		0		0	0	0	0
流动人员	ldry	简单鹤		0		0	0	0	0
来点什么	ldsm	简单鹤		0		0	0	0	0
聊点什么	ldsm	简单鹤		0		0	0	0	0
来得太快	ldtk	简单鹤		0		0	0	0	0
龙的天空	ldtk	简单鹤		0		0	0	0	0
领导同志	ldtv	简单鹤		0		0	0	0	0
老的少的	ldud	简单鹤		0		0	0	0	0
烂到手里	ldul	简单鹤		0		0	0	0	0
落地实施	lduu	简单鹤		0		0	0	0	0
陆地神仙	ldux	简单鹤		0		0	0	0	0
劳动仲裁	ldvc	简单鹤		0		0	0	0	0
领导致辞	ldvc	简单鹤		0		0	0	0	0
力大砖飞	ldvf	简单鹤		0		0	0	0	0
来电转接	ldvj	简单鹤		0		0	0	0	0
来到这里	ldvl	简单鹤		0		0	0	0	0
蓝底照片	ldvp	简单鹤		0		0	0	0	0
落袋为安	ldwa	简单鹤		0		0	0	0	0
老大无成	ldwi	简单鹤		1		0	0	0	0
轮到我了	ldwl	简单鹤		0		0	0	0	0
劳动卫生	ldwu	简单鹤		0		0	0	0	0
劳动委员	ldwy	简单鹤		0		0	0	0	0
拉动消费	ldxf	简单鹤		0		0	0	0	0
略懂一二	ldye	简单鹤		0		0	0	0	0
老掉牙了	ldyl	简单鹤		0		0	0	0	0
来大姨妈	ldym	简单鹤		0		0	0	0	0
累得要死	ldys	简单鹤		0		0	0	0	0
领地意识	ldyu	简单鹤		0		0	0	0	0
垄断资本	ldzb	简单鹤		0		0	0	0	0
领导作风	ldzf	简单鹤		0		0	0	0	0
牢底坐穿	ldzi	简单鹤		0		0	0	0	0
连带责任	ldzr	简单鹤		0		0	0	0	0
老而不死	lebs	简单鹤		1		0	0	0	0
老二刺螈	lecy	简单鹤		0		0	0	0	0
老二次元	lecy	简单鹤		0		0	0	0	0
聊复尔尔	lfee	简单鹤		1		0	0	0	0
浪费感情	lfgq	简单鹤		0		0	0	0	0
立法机构	lfjg	简单鹤		0		0	0	0	0
龙凤吉祥	lfjx	简单鹤		0		0	0	0	0
浪费可耻	lfki	简单鹤		0		0	0	0	0
两房两厅	lflt	简单鹤		0		0	0	0	0
浪费青春	lfqi	简单鹤		0		0	0	0	0
恋父情结	lfqj	简单鹤		0		0	0	0	0
洛夫斯基	lfsj	简单鹤		0		0	0	0	0
了凡四训	lfsx	简单鹤		0		0	0	0	0
浪费天赋	lftf	简单鹤		0		0	0	0	0
浪费生命	lfum	简单鹤		0		0	0	0	0
轮番上阵	lfuv	简单鹤		0		0	0	0	0
落发为僧	lfws	简单鹤		0		0	0	0	0
凉风习习	lfxx	简单鹤		0		0	0	0	0
两房一厅	lfyt	简单鹤		0		0	0	0	0
流风遗韵	lfyy	简单鹤		0		0	0	0	0
零分作文	lfzw	简单鹤		0		0	0	0	0
立国安邦	lgab	简单鹤		1		0	0	0	0
楼管阿姨	lgay	简单鹤		0		0	0	0	0
流感病毒	lgbd	简单鹤		0		0	0	0	0
两个部分	lgbf	简单鹤		0		0	0	0	0
六根不净	lgbj	简单鹤		0		0	0	0	0
立棍单打	lgdd	简单鹤		0		0	0	0	0
留个电话	lgdh	简单鹤		0		0	0	0	0
轮毂电机	lgdj	简单鹤		0		0	0	0	0
乱棍打死	lgds	简单鹤		0		0	0	0	0
两个多月	lgdy	简单鹤		0		0	0	0	0
六个多月	lgdy	简单鹤		0		0	0	0	0
两个方面	lgfm	简单鹤		0		0	0	0	0
龙肝凤脑	lgfn	简单鹤		1		0	0	0	0
两个概念	lggn	简单鹤		0		0	0	0	0
六个核桃	lght	简单鹤		0		0	0	0	0
凉宫春日	lgir	简单鹤		0		0	0	0	0
两国交兵	lgjb	简单鹤		0		0	0	0	0
两个极端	lgjd	简单鹤		0		0	0	0	0
乐高积木	lgjm	简单鹤		0		0	0	0	0
留个纪念	lgjn	简单鹤		0		0	0	0	0
脸滚键盘	lgjp	简单鹤		0		0	0	0	0
两国交战	lgjv	简单鹤		0		0	0	0	0
两个礼拜	lglb	简单鹤		0		0	0	0	0
灵感来源	lgly	简单鹤		0		0	0	0	0
冷锅冷灶	lglz	简单鹤		0		0	0	0	0
擂鼓鸣金	lgmj	简单鹤		1		0	0	0	0
老公骂我	lgmw	简单鹤		0		0	0	0	0
镂骨铭心	lgmx	简单鹤		1		0	0	0	0
留个念想	lgnx	简单鹤		0		0	0	0	0
两个人的	lgrd	简单鹤		0		0	0	0	0
乐观态度	lgtd	简单鹤		0		0	0	0	0
两个世界	lguj	简单鹤		0		0	0	0	0
牢固树立	lgul	简单鹤		0		0	0	0	0
两国之间	lgvj	简单鹤		0		0	0	0	0
两个钟头	lgvt	简单鹤		0		0	0	0	0
了个正着	lgvv	简单鹤		0		0	0	0	0
雷公助我	lgvw	简单鹤		0		0	0	0	0
灵光乍现	lgvx	简单鹤		0		0	0	0	0
里勾外联	lgwl	简单鹤		0		0	0	0	0
两个星期	lgxq	简单鹤		0		0	0	0	0
两个小时	lgxu	简单鹤		0		0	0	0	0
六个小时	lgxu	简单鹤		0		0	0	0	0
留个心眼	lgxy	简单鹤		0		0	0	0	0
两个月内	lgyn	简单鹤		0		0	0	0	0
灵光一闪	lgyu	简单鹤		0		0	0	0	0
路过一下	lgyx	简单鹤		0		0	0	0	0
老公早安	lgza	简单鹤		0		0	0	0	0
灵魂伴侣	lhbl	简单鹤		0		0	0	0	0
老虎苍蝇	lhcy	简单鹤		0		0	0	0	0
灵活多变	lhdb	简单鹤		0		0	0	0	0
连喊带叫	lhdj	简单鹤		0		0	0	0	0
落后地区	lhdq	简单鹤		0		0	0	0	0
联合发布	lhfb	简单鹤		0		0	0	0	0
良好风气	lhfq	简单鹤		0		0	0	0	0
灵魂附体	lhft	简单鹤		0		0	0	0	0
灵魂发问	lhfw	简单鹤		0		0	0	0	0
老虎发威	lhfw	简单鹤		0		0	0	0	0
联合发文	lhfw	简单鹤		0		0	0	0	0
良好反应	lhfy	简单鹤		0		0	0	0	0
绿化工程	lhgi	简单鹤		0		0	0	0	0
落后国家	lhgj	简单鹤		0		0	0	0	0
良好关系	lhgx	简单鹤		0		0	0	0	0
流汗黄豆	lhhd	简单鹤		0		0	0	0	0
联欢活动	lhhd	简单鹤		0		0	0	0	0
灵魂画家	lhhj	简单鹤		0		0	0	0	0
良好环境	lhhj	简单鹤		0		0	0	0	0
灵魂画师	lhhu	简单鹤		0		0	0	0	0
灵魂画手	lhhu	简单鹤		0		0	0	0	0
灵魂出壳	lhik	简单鹤		0		0	0	0	0
灵活处理	lhil	简单鹤		0		0	0	0	0
老好吃了	lhil	简单鹤		0		0	0	0	0
联合出台	lhit	简单鹤		0		0	0	0	0
量化间隔	lhjg	简单鹤		0		0	0	0	0
良好局面	lhjm	简单鹤		0		0	0	0	0
良好教育	lhjy	简单鹤		0		0	0	0	0
量化交易	lhjy	简单鹤		0		0	0	0	0
灵魂拷问	lhkw	简单鹤		0		0	0	0	0
乱喊乱叫	lhlj	简单鹤		0		0	0	0	0
老火靓汤	lhlt	简单鹤		0		0	0	0	0
路虎揽胜	lhlu	简单鹤		0		0	0	0	0
两会期间	lhqj	简单鹤		0		0	0	0	0
良好前景	lhqj	简单鹤		0		0	0	0	0
连花清瘟	lhqw	简单鹤		0		0	0	0	0
老汉推车	lhti	简单鹤		0		0	0	0	0
良好条件	lhtj	简单鹤		0		0	0	0	0
老糊涂了	lhtl	简单鹤		0		0	0	0	0
林海听涛	lhtt	简单鹤		0		0	0	0	0
灵魂深处	lhui	简单鹤		0		0	0	0	0
例会时间	lhuj	简单鹤		0		0	0	0	0
落花时节	lhuj	简单鹤		0		0	0	0	0
良好市民	lhum	简单鹤		0		0	0	0	0
屡获殊荣	lhur	简单鹤		0		0	0	0	0
良好势头	lhut	简单鹤		0		0	0	0	0
连环杀手	lhuu	简单鹤		0		0	0	0	0
理化指标	lhvb	简单鹤		0		0	0	0	0
罹患重病	lhvb	简单鹤		0		0	0	0	0
轮回之境	lhvj	简单鹤		0		0	0	0	0
良好状况	lhvk	简单鹤		0		0	0	0	0
落后状况	lhvk	简单鹤		0		0	0	0	0
冷汗直流	lhvl	简单鹤		0		0	0	0	0
冷汗直冒	lhvm	简单鹤		0		0	0	0	0
六合之内	lhvn	简单鹤		1		0	0	0	0
炉灰渣子	lhvz	简单鹤		0		0	0	0	0
龙虎相斗	lhxd	简单鹤		0		0	0	0	0
蓝海项目	lhxm	简单鹤		0		0	0	0	0
脸红心跳	lhxt	简单鹤		0		0	0	0	0
拉回现实	lhxu	简单鹤		0		0	0	0	0
灵魂写手	lhxu	简单鹤		0		0	0	0	0
来回运费	lhyf	简单鹤		0		0	0	0	0
流行音乐	lhyl	简单鹤		0		0	0	0	0
落后愚昧	lhym	简单鹤		0		0	0	0	0
良好愿望	lhyw	简单鹤		0		0	0	0	0
联合演习	lhyx	简单鹤		0		0	0	0	0
零和游戏	lhyx	简单鹤		0		0	0	0	0
灵活运用	lhyy	简单鹤		0		0	0	0	0
离愁别恨	libh	简单鹤		0		0	0	0	0
临床表现	libx	简单鹤		0		0	0	0	0
廉耻道德	lidd	简单鹤		0		0	0	0	0
落成典礼	lidl	简单鹤		0		0	0	0	0
连吃带拿	lidn	简单鹤		0		0	0	0	0
连吹带捧	lidp	简单鹤		0		0	0	0	0
临场反应	lify	简单鹤		0		0	0	0	0
流传很广	lihg	简单鹤		0		0	0	0	0
临床护理	lihl	简单鹤		0		0	0	0	0
流淌出来	liil	简单鹤		0		0	0	0	0
凌迟处死	liis	简单鹤		0		0	0	0	0
立场坚定	lijd	简单鹤		0		0	0	0	0
屡创佳绩	lijj	简单鹤		0		0	0	0	0
露出鸡脚	lijj	简单鹤		0		0	0	0	0
凌晨两点	lild	简单鹤		0		0	0	0	0
流出来了	lill	简单鹤		0		0	0	0	0
露出来了	lill	简单鹤		0		0	0	0	0
临床疗效	lilx	简单鹤		0		0	0	0	0
俐齿伶牙	lily	简单鹤		1		0	0	0	0
露出马脚	limj	简单鹤	1113	0		0	0	0	0
露出破绽	lipv	简单鹤		0		0	0	0	0
凌晨三点	lisd	简单鹤		0		0	0	0	0
凌晨四点	lisd	简单鹤		0		0	0	0	0
临床死亡	lisw	简单鹤		0		0	0	0	0
流传至今	livj	简单鹤		0		0	0	0	0
临床症状	livv	简单鹤		0		0	0	0	0
临床治愈	livy	简单鹤		0		0	0	0	0
龙场悟道	liwd	简单鹤		0		0	0	0	0
流程文件	liwj	简单鹤		0		0	0	0	0
立场问题	liwt	简单鹤		0		0	0	0	0
屡创新高	lixg	简单鹤		0		0	0	0	0
累创新高	lixg	简单鹤		0		0	0	0	0
露出笑意	lixy	简单鹤		0		0	0	0	0
来迟一步	liyb	简单鹤		0		0	0	0	0
凌晨一点	liyd	简单鹤		0		0	0	0	0
临床医学	liyx	简单鹤		0		0	0	0	0
流传作案	liza	简单鹤		0		0	0	0	0
累觉不爱	ljba	简单鹤		0		0	0	0	0
劣迹斑斑	ljbb	简单鹤		0		0	0	0	0
另据报道	ljbd	简单鹤		0		0	0	0	0
临近不惑	ljbh	简单鹤		0		0	0	0	0
逻辑闭环	ljbh	简单鹤		0		0	0	0	0
理解不了	ljbl	简单鹤		0		0	0	0	0
理解不能	ljbn	简单鹤		0		0	0	0	0
累见不鲜	ljbx	简单鹤		0		0	0	0	0
路经此地	ljcd	简单鹤		0		0	0	0	0
廉洁从政	ljcv	简单鹤		0		0	0	0	0
逻辑错误	ljcw	简单鹤		0		0	0	0	0
乱箭攒心	ljcx	简单鹤		1		0	0	0	0
零九大法	ljdf	简单鹤		0		0	0	0	0
两军对垒	ljdl	简单鹤		0		0	0	0	0
链接地址	ljdv	简单鹤		0		0	0	0	0
垃圾短信	ljdx	简单鹤		0		0	0	0	0
龙驹凤雏	ljfi	简单鹤		1		0	0	0	0
棱角分明	ljfm	简单鹤		0		0	0	0	0
两极反转	ljfv	简单鹤		0		0	0	0	0
路径分析	ljfx	简单鹤		0		0	0	0	0
逻辑分析	ljfx	简单鹤		0		0	0	0	0
垃圾广告	ljgg	简单鹤		0		0	0	0	0
逻辑关系	ljgx	简单鹤		0		0	0	0	0
邻近海域	ljhy	简单鹤		0		0	0	0	0
连接出错	ljic	简单鹤		0		0	0	0	0
老将出马	ljim	简单鹤		0		0	0	0	0
连接超时	ljiu	简单鹤		0		0	0	0	0
老肩巨滑	ljjh	简单鹤		0		0	0	0	0
历尽艰苦	ljjk	简单鹤		0		0	0	0	0
立即进入	ljjr	简单鹤		0		0	0	0	0
两军交战	ljjv	简单鹤		0		0	0	0	0
六角括号	ljkh	简单鹤		0		0	0	0	0
历尽苦难	ljkn	简单鹤		0		0	0	0	0
六级考试	ljku	简单鹤		0		0	0	0	0
来就来吧	ljlb	简单鹤		0		0	0	0	0
了解了解	ljlj	简单鹤		0		0	0	0	0
旅进旅退	ljlt	简单鹤		1		0	0	0	0
恋酒迷花	ljmh	简单鹤		1		0	0	0	0
历经磨炼	ljml	简单鹤		0		0	0	0	0
历尽磨难	ljmn	简单鹤		0		0	0	0	0
联机模式	ljmu	简单鹤		0		0	0	0	0
邻家女孩	ljnh	简单鹤		0		0	0	0	0
理解能力	ljnl	简单鹤		0		0	0	0	0
立即启动	ljqd	简单鹤		0		0	0	0	0
量价齐跌	ljqd	简单鹤		0		0	0	0	0
累建奇功	ljqg	简单鹤		0		0	0	0	0
垃圾清理	ljql	简单鹤		0		0	0	0	0
拉进群里	ljql	简单鹤		0		0	0	0	0
来拒去留	ljql	简单鹤		0		0	0	0	0
恋奸情热	ljqr	简单鹤		0		0	0	0	0
领军企业	ljqy	简单鹤		0		0	0	0	0
里脊肉饼	ljrb	简单鹤		0		0	0	0	0
历经岁月	ljsy	简单鹤		0		0	0	0	0
恋酒贪杯	ljtb	简单鹤		0		0	0	0	0
离家太远	ljty	简单鹤		0		0	0	0	0
乱嚼舌根	ljug	简单鹤		0		0	0	0	0
了解世界	ljuj	简单鹤		0		0	0	0	0
牢记使命	ljum	简单鹤		0		0	0	0	0
垃圾食品	ljup	简单鹤		0		0	0	0	0
立即生效	ljux	简单鹤		0		0	0	0	0
链接失效	ljux	简单鹤		0		0	0	0	0
路径追踪	ljvz	简单鹤		0		0	0	0	0
零九五笔	ljwb	简单鹤		0		0	0	0	0
六键无冲	ljwi	简单鹤		0		0	0	0	0
垃圾文件	ljwj	简单鹤		0		0	0	0	0
理解万岁	ljws	简单鹤		0		0	0	0	0
了解问题	ljwt	简单鹤		0		0	0	0	0
牢记心中	ljxv	简单鹤		0		0	0	0	0
了结心愿	ljxy	简单鹤		0		0	0	0	0
立即下载	ljxz	简单鹤		0		0	0	0	0
两脚一蹬	ljyd	简单鹤		0		0	0	0	0
略举一二	ljye	简单鹤		0		0	0	0	0
路径依赖	ljyl	简单鹤		0		0	0	0	0
立即引起	ljyq	简单鹤		0		0	0	0	0
劣迹艺人	ljyr	简单鹤		0		0	0	0	0
了解一下	ljyx	简单鹤		0		0	0	0	0
垃圾游戏	ljyx	简单鹤		0		0	0	0	0
理解一下	ljyx	简单鹤		0		0	0	0	0
逻辑自洽	ljzq	简单鹤		0		0	0	0	0
牢记在心	ljzx	简单鹤		0		0	0	0	0
牢记在胸	ljzx	简单鹤		0		0	0	0	0
连接资源	ljzy	简单鹤		0		0	0	0	0
拉开比分	lkbf	简单鹤		0		0	0	0	0
力可拔山	lkbu	简单鹤		1		0	0	0	0
理亏词穷	lkcq	简单鹤		0		0	0	0	0
劳苦大众	lkdv	简单鹤		0		0	0	0	0
拉开差距	lkij	简单鹤		0		0	0	0	0
凌空抽射	lkiu	简单鹤		0		0	0	0	0
立刻就要	lkjy	简单鹤		0		0	0	0	0
零宽空格	lkkg	简单鹤		0		0	0	0	0
乐开了花	lklh	简单鹤		0		0	0	0	0
烂柯棋缘	lkqy	简单鹤		0		0	0	0	0
离开人间	lkrj	简单鹤		0		0	0	0	0
离开人世	lkru	简单鹤		0		0	0	0	0
理科数学	lkux	简单鹤		0		0	0	0	0
两口之家	lkvj	简单鹤		0		0	0	0	0
拉开战幕	lkvm	简单鹤		0		0	0	0	0
理科状元	lkvy	简单鹤		0		0	0	0	0
理论部分	llbf	简单鹤		0		0	0	0	0
累累白骨	llbg	简单鹤		0		0	0	0	0
绿了芭蕉	llbj	简单鹤		0		0	0	0	0
力量薄弱	llbr	简单鹤		0		0	0	0	0
罗里吧嗦	llbs	简单鹤		0		0	0	0	0
浪里白条	llbt	简单鹤		0		0	0	0	0
力量对比	lldb	简单鹤		0		0	0	0	0
流量大户	lldh	简单鹤		0		0	0	0	0
留了电话	lldh	简单鹤		0		0	0	0	0
流浪地球	lldq	简单鹤		0		0	0	0	0
连连点头	lldt	简单鹤		0		0	0	0	0
老来得子	lldz	简单鹤		0		0	0	0	0
乱了分寸	llfc	简单鹤		0		0	0	0	0
乱了方寸	llfc	简单鹤		0		0	0	0	0
恋恋风尘	llfi	简单鹤		0		0	0	0	0
联络方式	llfu	简单鹤		0		0	0	0	0
理论分析	llfx	简单鹤		0		0	0	0	0
劳累过度	llgd	简单鹤		0		0	0	0	0
流量管家	llgj	简单鹤		0		0	0	0	0
理论根据	llgj	简单鹤		0		0	0	0	0
联络工具	llgj	简单鹤		0		0	0	0	0
录了个屏	llgp	简单鹤		0		0	0	0	0
联络感情	llgq	简单鹤		0		0	0	0	0
流浪歌手	llgu	简单鹤		0		0	0	0	0
流泪黄豆	llhd	简单鹤		0		0	0	0	0
淋漓酣畅	llhi	简单鹤		0		0	0	0	0
邻里和睦	llhm	简单鹤		0		0	0	0	0
料理后事	llhu	简单鹤		0		0	0	0	0
泪流成河	llih	简单鹤		0		0	0	0	0
寥寥几个	lljg	简单鹤		0		0	0	0	0
寥寥几句	lljj	简单鹤		0		0	0	0	0
浏览记录	lljl	简单鹤		0		0	0	0	0
流浪街头	lljt	简单鹤		0		0	0	0	0
流落街头	lljt	简单鹤		0		0	0	0	0
来了老弟	llld	简单鹤		0		0	0	0	0
聊来聊去	lllq	简单鹤		0		0	0	0	0
力量流失	lllu	简单鹤		0		0	0	0	0
姥姥姥爷	llly	简单鹤		0		0	0	0	0
理论码长	llmi	简单鹤		0		0	0	0	0
浏览模式	llmu	简单鹤		0		0	0	0	0
流量明星	llmx	简单鹤		0		0	0	0	0
理论模型	llmx	简单鹤		0		0	0	0	0
连累你们	llnm	简单鹤		0		0	0	0	0
拉了泡屎	llpu	简单鹤		0		0	0	0	0
力量强大	llqd	简单鹤		0		0	0	0	0
屡立奇功	llqg	简单鹤		0		0	0	0	0
拦路抢劫	llqj	简单鹤		0		0	0	0	0
朗朗青天	llqt	简单鹤		0		0	0	0	0
流浪乞讨	llqt	简单鹤		0		0	0	0	0
历来如此	llrc	简单鹤		0		0	0	0	0
老龄人口	llrk	简单鹤		0		0	0	0	0
泪流如雨	llry	简单鹤		0		0	0	0	0
氯雷他定	lltd	简单鹤		0		0	0	0	0
琳琅天上	lltu	简单鹤		0		0	0	0	0
流落天涯	llty	简单鹤		1		0	0	0	0
累累硕果	llug	简单鹤		0		0	0	0	0
理论水平	llup	简单鹤		0		0	0	0	0
寥寥数人	llur	简单鹤		0		0	0	0	0
老了十岁	llus	简单鹤		0		0	0	0	0
琉璃神社	lluu	简单鹤		0		0	0	0	0
理论数学	llux	简单鹤		0		0	0	0	0
寥寥数语	lluy	简单鹤		0		0	0	0	0
沦落至此	llvc	简单鹤		0		0	0	0	0
拉了壮丁	llvd	简单鹤		0		0	0	0	0
莅临指导	llvd	简单鹤		0		0	0	0	0
屡立战功	llvg	简单鹤		0		0	0	0	0
乱了阵脚	llvj	简单鹤		0		0	0	0	0
邻里之间	llvj	简单鹤		0		0	0	0	0
理论证明	llvm	简单鹤		0		0	0	0	0
理论知识	llvu	简单鹤		0		0	0	0	0
林林种种	llvv	简单鹤		0		0	0	0	0
牢牢掌握	llvw	简单鹤		0		0	0	0	0
另立中央	llvy	简单鹤		0		0	0	0	0
理论物理	llwl	简单鹤		0		0	0	0	0
理论问题	llwt	简单鹤		0		0	0	0	0
理论务虚	llwx	简单鹤		0		0	0	0	0
力量雄厚	llxh	简单鹤		0		0	0	0	0
乱了心神	llxu	简单鹤		0		0	0	0	0
流量小生	llxu	简单鹤		0		0	0	0	0
来了一个	llyg	简单鹤		0		0	0	0	0
老脸一红	llyh	简单鹤		0		0	0	0	0
来了一批	llyp	简单鹤		0		0	0	0	0
留了一手	llyu	简单鹤		0		0	0	0	0
流落异乡	llyx	简单鹤		0		0	0	0	0
洛伦兹力	llzl	简单鹤		0		0	0	0	0
裸露在外	llzw	简单鹤		0		0	0	0	0
猎猎作响	llzx	简单鹤		0		0	0	0	0
理论最优	llzy	简单鹤		0		0	0	0	0
雷鸣八卦	lmbg	简单鹤		0		0	0	0	0
两面包夹	lmbj	简单鹤		0		0	0	0	0
栏目包装	lmbv	简单鹤		0		0	0	0	0
黎曼猜想	lmcx	简单鹤		0		0	0	0	0
连蒙带猜	lmdc	简单鹤		0		0	0	0	0
连蒙带唬	lmdh	简单鹤		0		0	0	0	0
连蒙带骗	lmdp	简单鹤		0		0	0	0	0
礼貌待人	lmdr	简单鹤		0		0	0	0	0
连名带姓	lmdx	简单鹤		0		0	0	0	0
联袂而至	lmev	简单鹤		1		0	0	0	0
劳民费财	lmfc	简单鹤		1		0	0	0	0
罗马法系	lmfx	简单鹤		0		0	0	0	0
冷门歌手	lmgu	简单鹤		0		0	0	0	0
廉明公正	lmgv	简单鹤		1		0	0	0	0
另谋出路	lmil	简单鹤		0		0	0	0	0
联名举报	lmjb	简单鹤		0		0	0	0	0
两面夹攻	lmjg	简单鹤	58	0		0	0	0	0
黎曼几何	lmjh	简单鹤		0		0	0	0	0
撸猫看戏	lmkx	简单鹤		0		0	0	0	0
来没来过	lmlg	简单鹤		0		0	0	0	0
来嘛来嘛	lmlm	简单鹤		0		0	0	0	0
老马恋栈	lmlv	简单鹤		1		0	0	0	0
冷眉冷眼	lmly	简单鹤		0		0	0	0	0
铃木美咲	lmmx	简单鹤		0		0	0	0	0
恋妹情结	lmqj	简单鹤		0		0	0	0	0
恋母情结	lmqj	简单鹤		0		0	0	0	0
流氓软件	lmrj	简单鹤		0		0	0	0	0
黎明曙光	lmug	简单鹤		0		0	0	0	0
冷漠无情	lmwq	简单鹤		0		0	0	0	0
流氓习气	lmxq	简单鹤		0		0	0	0	0
柳眉杏眼	lmxy	简单鹤		0		0	0	0	0
临门一脚	lmyj	简单鹤		0		0	0	0	0
罗马字母	lmzm	简单鹤		0		0	0	0	0
冷门资源	lmzy	简单鹤		0		0	0	0	0
临难不惧	lnbj	简单鹤		1		0	0	0	0
两年多来	lndl	简单鹤		0		0	0	0	0
老年得子	lndz	简单鹤		0		0	0	0	0
老年妇女	lnfn	简单鹤		0		0	0	0	0
力能扛鼎	lngd	简单鹤		1		0	0	0	0
颅内高潮	lngi	简单鹤		0		0	0	0	0
老年公寓	lngy	简单鹤		0		0	0	0	0
辽宁朝阳	lniy	简单鹤		0		0	0	0	0
老年健康	lnjk	简单鹤		0		0	0	0	0
来年开春	lnki	简单鹤		0		0	0	0	0
驴年马月	lnmy	简单鹤		1		0	0	0	0
老年人口	lnrk	简单鹤		0		0	0	0	0
雷诺氏病	lnub	简单鹤		0		0	0	0	0
历年真题	lnvt	简单鹤		0		0	0	0	0
里嫩外焦	lnwj	简单鹤		0		0	0	0	0
鲁难未已	lnwy	简单鹤	29	0		0	0	0	0
两女一杯	lnyb	简单鹤		0		0	0	0	0
老年医学	lnyx	简单鹤		0		0	0	0	0
老婆大人	lpdr	简单鹤		0		0	0	0	0
礼品发放	lpff	简单鹤		0		0	0	0	0
老婆孩子	lphz	简单鹤		0		0	0	0	0
来瓶啤酒	lppj	简单鹤		0		0	0	0	0
良品铺子	lppz	简单鹤		0		0	0	0	0
录屏软件	lprj	简单鹤		0		0	0	0	0
脸皮太薄	lptb	简单鹤		0		0	0	0	0
脸皮太厚	lpth	简单鹤		0		0	0	0	0
老婆早安	lpza	简单鹤		0		0	0	0	0
录取办法	lqbf	简单鹤		0		0	0	0	0
屡劝不改	lqbg	简单鹤		0		0	0	0	0
篮球比赛	lqbs	简单鹤		0		0	0	0	0
篮球裁判	lqcp	简单鹤		0		0	0	0	0
了却残生	lqcu	简单鹤		0		0	0	0	0
来去方便	lqfb	简单鹤		0		0	0	0	0
灵气复苏	lqfs	简单鹤		0		0	0	0	0
六七个人	lqgr	简单鹤		0		0	0	0	0
六七个月	lqgy	简单鹤		0		0	0	0	0
亮起红灯	lqhd	简单鹤		0		0	0	0	0
禄权科忌	lqkj	简单鹤		0		0	0	0	0
录取考生	lqku	简单鹤		0		0	0	0	0
聊起来了	lqll	简单鹤		0		0	0	0	0
录取名单	lqmd	简单鹤		0		0	0	0	0
六期免息	lqmx	简单鹤		0		0	0	0	0
录取批次	lqpc	简单鹤		0		0	0	0	0
离亲叛众	lqpv	简单鹤		0		0	0	0	0
来去如风	lqrf	简单鹤		0		0	0	0	0
录取人员	lqry	简单鹤		0		0	0	0	0
离奇死亡	lqsw	简单鹤		0		0	0	0	0
录取通知	lqtv	简单鹤		0		0	0	0	0
理清头绪	lqtx	简单鹤		0		0	0	0	0
六七十分	lquf	简单鹤		0		0	0	0	0
临期食品	lqup	简单鹤		0		0	0	0	0
六亲无助	lqwv	简单鹤		0		0	0	0	0
撸起袖子	lqxz	简单鹤		0		0	0	0	0
另起一行	lqyh	简单鹤		0		0	0	0	0
来去自如	lqzr	简单鹤		0		0	0	0	0
令人安慰	lraw	简单鹤		0		0	0	0	0
利润不大	lrbd	简单鹤		0		0	0	0	0
令人不快	lrbk	简单鹤		0		0	0	0	0
录入错误	lrcw	简单鹤		0		0	0	0	0
令人胆寒	lrdh	简单鹤		0		0	0	0	0
令人担心	lrdx	简单鹤		0		0	0	0	0
令人扼腕	lrew	简单鹤		0		0	0	0	0
令人反感	lrfg	简单鹤		0		0	0	0	0
令人愤慨	lrfk	简单鹤		0		0	0	0	0
令人愤怒	lrfn	简单鹤		0		0	0	0	0
令人烦恼	lrfn	简单鹤		0		0	0	0	0
利润分配	lrfp	简单鹤		0		0	0	0	0
落入法网	lrfw	简单鹤		0		0	0	0	0
令人尴尬	lrgg	简单鹤		0		0	0	0	0
令人感慨	lrgk	简单鹤		0		0	0	0	0
令人感叹	lrgt	简单鹤		0		0	0	0	0
令人高兴	lrgx	简单鹤		0		0	0	0	0
令人害怕	lrhp	简单鹤		0		0	0	0	0
令人回味	lrhw	简单鹤		0		0	0	0	0
令人怀疑	lrhy	简单鹤		0		0	0	0	0
令人吃惊	lrij	简单鹤		0		0	0	0	0
令人瞠目	lrim	简单鹤		0		0	0	0	0
利刃出鞘	lriq	简单鹤		0		0	0	0	0
令人骄傲	lrja	简单鹤		0		0	0	0	0
令人激动	lrjd	简单鹤		0		0	0	0	0
列入计划	lrjh	简单鹤		0		0	0	0	0
令人叫绝	lrjj	简单鹤		0		0	0	0	0
令人敬佩	lrjp	简单鹤		0		0	0	0	0
令人惊叹	lrjt	简单鹤		0		0	0	0	0
令人敬畏	lrjw	简单鹤		0		0	0	0	0
令人惊喜	lrjx	简单鹤		0		0	0	0	0
令人惊讶	lrjy	简单鹤		0		0	0	0	0
乱扔垃圾	lrlj	简单鹤		0		0	0	0	0
令人目眩	lrmx	简单鹤		0		0	0	0	0
令人难过	lrng	简单鹤		0		0	0	0	0
令人恼火	lrnh	简单鹤		0		0	0	0	0
令人难堪	lrnk	简单鹤		0		0	0	0	0
令人难以	lrny	简单鹤		0		0	0	0	0
令人期待	lrqd	简单鹤		0		0	0	0	0
令人气愤	lrqf	简单鹤		0		0	0	0	0
领如蝤蛴	lrqq	简单鹤		0		0	0	0	0
礼让三分	lrsf	简单鹤		0		0	0	0	0
两人三脚	lrsj	简单鹤		0		0	0	0	0
落入俗套	lrst	简单鹤		0		0	0	0	0
令人头疼	lrtt	简单鹤		0		0	0	0	0
令人头秃	lrtt	简单鹤		0		0	0	0	0
令人痛心	lrtx	简单鹤		0		0	0	0	0
令人讨厌	lrty	简单鹤		0		0	0	0	0
两人世界	lruj	简单鹤		0		0	0	0	0
利润水平	lrup	简单鹤		0		0	0	0	0
令人失望	lruw	简单鹤		0		0	0	0	0
令人震撼	lrvh	简单鹤		0		0	0	0	0
两人之间	lrvj	简单鹤		0		0	0	0	0
令人震惊	lrvj	简单鹤		0		0	0	0	0
凛然正气	lrvq	简单鹤		0		0	0	0	0
令人窒息	lrvx	简单鹤		0		0	0	0	0
利润微薄	lrwb	简单鹤		0		0	0	0	0
令人无法	lrwf	简单鹤		0		0	0	0	0
恋人未满	lrwm	简单鹤		0		0	0	0	0
令人兴奋	lrxf	简单鹤		0		0	0	0	0
令人心寒	lrxh	简单鹤		0		0	0	0	0
寥若星辰	lrxi	简单鹤		0		0	0	0	0
令人心折	lrxv	简单鹤		0		0	0	0	0
令人向往	lrxw	简单鹤		0		0	0	0	0
令人欣慰	lrxw	简单鹤		0		0	0	0	0
令人遐想	lrxx	简单鹤		0		0	0	0	0
令人遗憾	lryh	简单鹤		0		0	0	0	0
落日余晖	lryh	简单鹤	328	0		0	0	0	0
令人厌倦	lryj	简单鹤		0		0	0	0	0
令人忧伤	lryu	简单鹤		0		0	0	0	0
令人厌恶	lryw	简单鹤		0		0	0	0	0
令人意外	lryw	简单鹤		0		0	0	0	0
令人尊敬	lrzj	简单鹤		0		0	0	0	0
令人赞叹	lrzt	简单鹤		0		0	0	0	0
利润增长	lrzv	简单鹤		0		0	0	0	0
淋溶作用	lrzy	简单鹤		0		0	0	0	0
勒索病毒	lsbd	简单鹤		0		0	0	0	0
两三百个	lsbg	简单鹤		0		0	0	0	0
理所不容	lsbr	简单鹤		1		0	0	0	0
脸色惨白	lscb	简单鹤		0		0	0	0	0
脸色苍白	lscb	简单鹤		0		0	0	0	0
脸色大变	lsdb	简单鹤		0		0	0	0	0
泪洒当场	lsdi	简单鹤		0		0	0	0	0
绿色对局	lsdj	简单鹤		0		0	0	0	0
两三分钟	lsfv	简单鹤		0		0	0	0	0
绿色革命	lsgm	简单鹤		0		0	0	0	0
两三个人	lsgr	简单鹤		0		0	0	0	0
两三个钟	lsgv	简单鹤		0		0	0	0	0
两三个月	lsgy	简单鹤		0		0	0	0	0
拉丝工艺	lsgy	简单鹤		0		0	0	0	0
两三个字	lsgz	简单鹤		0		0	0	0	0
绿色环保	lshb	简单鹤		0		0	0	0	0
拉三扯四	lsis	简单鹤		1		0	0	0	0
连锁酒店	lsjd	简单鹤		0		0	0	0	0
两三句话	lsjh	简单鹤		0		0	0	0	0
露宿街头	lsjt	简单鹤		0		0	0	0	0
连锁经营	lsjy	简单鹤		0		0	0	0	0
赖死赖活	lslh	简单鹤		0		0	0	0	0
力所能为	lsnw	简单鹤		0		0	0	0	0
勒索钱财	lsqc	简单鹤		0		0	0	0	0
绿色软件	lsrj	简单鹤		0		0	0	0	0
绿色通道	lstd	简单鹤		0		0	0	0	0
脸色铁青	lstq	简单鹤		0		0	0	0	0
脸色煞白	lsub	简单鹤		0		0	0	0	0
连锁商店	lsud	简单鹤		0		0	0	0	0
离散数学	lsux	简单鹤		0		0	0	0	0
类似之处	lsvi	简单鹤		0		0	0	0	0
脸色微变	lswb	简单鹤		0		0	0	0	0
乐死我了	lswl	简单鹤		0		0	0	0	0
累死我了	lswl	简单鹤		0		0	0	0	0
类似问题	lswt	简单鹤		0		0	0	0	0
绿色消费	lsxf	简单鹤		0		0	0	0	0
两三小时	lsxu	简单鹤		0		0	0	0	0
类似现象	lsxx	简单鹤		0		0	0	0	0
脸色一变	lsyb	简单鹤		0		0	0	0	0
六四运动	lsyd	简单鹤		0		0	0	0	0
脸色阴沉	lsyi	简单鹤		0		0	0	0	0
蓝色预警	lsyj	简单鹤		0		0	0	0	0
来头不小	ltbx	简单鹤		0		0	0	0	0
老天保佑	ltby	简单鹤		0		0	0	0	0
蓝天白云	ltby	简单鹤		0		0	0	0	0
两条道路	ltdl	简单鹤		0		0	0	0	0
连头带脑	ltdn	简单鹤		0		0	0	0	0
聊天打屁	ltdp	简单鹤		0		0	0	0	0
连汤带水	ltdu	简单鹤		1		0	0	0	0
理塘丁真	ltdv	简单鹤		0		0	0	0	0
连头带尾	ltdw	简单鹤		0		0	0	0	0
愣头儿青	lteq	简单鹤		0		0	0	0	0
老头发力	ltfl	简单鹤		0		0	0	0	0
楼梯扶手	ltfu	简单鹤		0		0	0	0	0
聊天方式	ltfu	简单鹤		0		0	0	0	0
聊天鬼才	ltgc	简单鹤		0		0	0	0	0
搂头盖脸	ltgl	简单鹤		0		0	0	0	0
流通股票	ltgp	简单鹤		0		0	0	0	0
流通货币	lthb	简单鹤		0		0	0	0	0
留条后路	lthl	简单鹤		0		0	0	0	0
留条活路	lthl	简单鹤		0		0	0	0	0
两头害怕	lthp	简单鹤		0		0	0	0	0
聊天窗口	ltik	简单鹤		0		0	0	0	0
龙头产品	ltip	简单鹤		0		0	0	0	0
立体几何	ltjh	简单鹤		0		0	0	0	0
聊天记录	ltjl	简单鹤		0		0	0	0	0
露头就秒	ltjm	简单鹤		0		0	0	0	0
兰亭集序	ltjx	简单鹤		0		0	0	0	0
立体开发	ltkf	简单鹤		0		0	0	0	0
老天开眼	ltky	简单鹤		0		0	0	0	0
龙头老大	ltld	简单鹤		0		0	0	0	0
乱停乱放	ltlf	简单鹤		0		0	0	0	0
乱涂乱画	ltlh	简单鹤		0		0	0	0	0
旅途劳累	ltll	简单鹤		0		0	0	0	0
两条路线	ltlx	简单鹤		0		0	0	0	0
露天煤矿	ltmk	简单鹤		0		0	0	0	0
灵堂卖片	ltmp	简单鹤		0		0	0	0	0
另投明主	ltmv	简单鹤		0		0	0	0	0
龙体欠安	ltqa	简单鹤		0		0	0	0	0
龙头企业	ltqy	简单鹤		0		0	0	0	0
聊天软件	ltrj	简单鹤		0		0	0	0	0
论坛人气	ltrq	简单鹤		0		0	0	0	0
灵通人士	ltru	简单鹤		0		0	0	0	0
老坛酸菜	ltsc	简单鹤		0		0	0	0	0
两梯三户	ltsh	简单鹤		0		0	0	0	0
六韬三略	ltsl	简单鹤		1		0	0	0	0
流通体制	lttv	简单鹤		0		0	0	0	0
流通手段	ltud	简单鹤		0		0	0	0	0
雷霆手段	ltud	简单鹤		0		0	0	0	0
两头受气	ltuq	简单鹤		0		0	0	0	0
炼铜术士	ltuu	简单鹤		0		0	0	0	0
流通市值	ltuv	简单鹤		0		0	0	0	0
论坛首页	ltuy	简单鹤		0		0	0	0	0
领土主权	ltvq	简单鹤		0		0	0	0	0
里通外合	ltwh	简单鹤		0		0	0	0	0
良田万顷	ltwq	简单鹤		0		0	0	0	0
莱特兄弟	ltxd	简单鹤		0		0	0	0	0
骆驼祥子	ltxz	简单鹤		0		0	0	0	0
离他远点	ltyd	简单鹤		0		0	0	0	0
聋天哑地	ltyd	简单鹤		0		0	0	0	0
连体婴儿	ltye	简单鹤		0		0	0	0	0
两天以后	ltyh	简单鹤		0		0	0	0	0
雷霆一击	ltyj	简单鹤	59	0		0	0	0	0
旅途愉快	ltyk	简单鹤		0		0	0	0	0
雷霆雨露	ltyl	简单鹤		0		0	0	0	0
凌霜傲雪	luax	简单鹤		0		0	0	0	0
历史必然	lubr	简单鹤		0		0	0	0	0
屡试不中	lubv	简单鹤		0		0	0	0	0
敛声屏息	lubx	简单鹤		1		0	0	0	0
流水淙淙	lucc	简单鹤		0		0	0	0	0
孪生弟弟	ludd	简单鹤		0		0	0	0	0
来说的话	ludh	简单鹤		0		0	0	0	0
连说带唱	ludi	简单鹤		0		0	0	0	0
历史地理	ludl	简单鹤		0		0	0	0	0
落实到人	ludr	简单鹤		0		0	0	0	0
六十大寿	ludu	简单鹤		0		0	0	0	0
历史地位	ludw	简单鹤		0		0	0	0	0
历史底蕴	ludy	简单鹤		0		0	0	0	0
历史第一	ludy	简单鹤		0		0	0	0	0
留守儿童	luet	简单鹤		0		0	0	0	0
略施粉黛	lufd	简单鹤		0		0	0	0	0
历史发展	lufv	简单鹤		0		0	0	0	0
孪生哥哥	lugg	简单鹤		0		0	0	0	0
历史规律	lugl	简单鹤		0		0	0	0	0
历史贡献	lugx	简单鹤		0		0	0	0	0
隶属关系	lugx	简单鹤		0		0	0	0	0
临时工作	lugz	简单鹤		0		0	0	0	0
老实回答	luhd	简单鹤		0		0	0	0	0
历史回顾	luhg	简单鹤		0		0	0	0	0
六十花甲	luhj	简单鹤		0		0	0	0	0
老鼠和猫	luhm	简单鹤		0		0	0	0	0
炼神还虚	luhx	简单鹤		0		0	0	0	0
临时成绩	luij	简单鹤		0		0	0	0	0
六十出头	luit	简单鹤		0		0	0	0	0
流式传输	luiu	简单鹤		0		0	0	0	0
炉石传说	luiu	简单鹤		0		0	0	0	0
历史阶段	lujd	简单鹤		0		0	0	0	0
老实交代	lujd	简单鹤		0		0	0	0	0
连声叫好	lujh	简单鹤		0		0	0	0	0
孪生姐姐	lujj	简单鹤		0		0	0	0	0
历史记录	lujl	简单鹤		0		0	0	0	0
历史价值	lujv	简单鹤		0		0	0	0	0
历史经验	lujy	简单鹤		0		0	0	0	0
历史记载	lujz	简单鹤		0		0	0	0	0
泪水涟涟	lull	简单鹤		0		0	0	0	0
留守老人	lulr	简单鹤		0		0	0	0	0
楼上楼下	lulx	简单鹤		0		0	0	0	0
历史名城	lumi	简单鹤		0		0	0	0	0
烈士暮年	lumn	简单鹤	63	0		0	0	0	0
历史名人	lumr	简单鹤		0		0	0	0	0
历史命运	lumy	简单鹤		0		0	0	0	0
六十年前	lunq	简单鹤		0		0	0	0	0
庐山瀑布	lupb	简单鹤		0		0	0	0	0
历史篇章	lupv	简单鹤		0		0	0	0	0
临时拼音	lupy	简单鹤		0		0	0	0	0
两受其害	luqh	简单鹤		0		0	0	0	0
雷神托尔	lute	简单鹤		0		0	0	0	0
历史投稿	lutg	简单鹤		0		0	0	0	0
临时停车	luti	简单鹤		0		0	0	0	0
老少通吃	luti	简单鹤		0		0	0	0	0
临时停靠	lutk	简单鹤		0		0	0	0	0
利水通淋	lutl	简单鹤		0		0	0	0	0
零售市场	luui	简单鹤		0		0	0	0	0
历史数据	luuj	简单鹤		0		0	0	0	0
历史时刻	luuk	简单鹤		0		0	0	0	0
老师上课	luuk	简单鹤		0		0	0	0	0
两手准备	luvb	简单鹤		0		0	0	0	0
临时准备	luvb	简单鹤		0		0	0	0	0
落实政策	luvc	简单鹤		0		0	0	0	0
乱世重典	luvd	简单鹤		0		0	0	0	0
临时账户	luvh	简单鹤		0		0	0	0	0
楼上正解	luvj	简单鹤		0		0	0	0	0
历史状况	luvk	简单鹤		0		0	0	0	0
六十周年	luvn	简单鹤		0		0	0	0	0
历史传统	luvt	简单鹤		0		0	0	0	0
乱世之中	luvv	简单鹤		0		0	0	0	0
历史政治	luvv	简单鹤		0		0	0	0	0
历史转折	luvv	简单鹤		0		0	0	0	0
历史正文	luvw	简单鹤		0		0	0	0	0
历史真相	luvx	简单鹤		0		0	0	0	0
落实执行	luvx	简单鹤		0		0	0	0	0
临时维护	luwh	简单鹤		0		0	0	0	0
临时文件	luwj	简单鹤		0		0	0	0	0
老少无欺	luwq	简单鹤		0		0	0	0	0
历史舞台	luwt	简单鹤		0		0	0	0	0
历史唯一	luwy	简单鹤		0		0	0	0	0
历史新低	luxd	简单鹤		0		0	0	0	0
历史新高	luxg	简单鹤		0		0	0	0	0
利水消肿	luxv	简单鹤		0		0	0	0	0
铃声下载	luxz	简单鹤		0		0	0	0	0
历史沿革	luyg	简单鹤		0		0	0	0	0
撸上一管	luyg	简单鹤		0		0	0	0	0
脸上一红	luyh	简单鹤		0		0	0	0	0
历史遗迹	luyj	简单鹤		0		0	0	0	0
历史遗留	luyl	简单鹤		0		0	0	0	0
劳师远征	luyv	简单鹤		0		0	0	0	0
烂熟于胸	luyx	简单鹤		0		0	0	0	0
历史最高	luzg	简单鹤		0		0	0	0	0
律师资格	luzg	简单鹤		0		0	0	0	0
历史最佳	luzj	简单鹤		0		0	0	0	0
来世再见	luzj	简单鹤		0		0	0	0	0
历史责任	luzr	简单鹤		0		0	0	0	0
老神在在	luzz	简单鹤		0		0	0	0	0
立正挨打	lvad	简单鹤		0		0	0	0	0
赖着不走	lvbz	简单鹤		0		0	0	0	0
连枝带叶	lvdy	简单鹤		1		0	0	0	0
龙章凤姿	lvfz	简单鹤		1		0	0	0	0
两只胳膊	lvgb	简单鹤		0		0	0	0	0
留着过年	lvgn	简单鹤		0		0	0	0	0
廉政公署	lvgu	简单鹤		0		0	0	0	0
来者何人	lvhr	简单鹤		0		0	0	0	0
卤煮火烧	lvhu	简单鹤		0		0	0	0	0
劣质产品	lvip	简单鹤		0		0	0	0	0
领证结婚	lvjh	简单鹤		0		0	0	0	0
隆重举行	lvjx	简单鹤		0		0	0	0	0
理智看待	lvkd	简单鹤		0		0	0	0	0
连州跨郡	lvkj	简单鹤		1		0	0	0	0
两种可能	lvkn	简单鹤		0		0	0	0	0
隆重开业	lvky	简单鹤		0		0	0	0	0
兰州拉面	lvlm	简单鹤		0		0	0	0	0
临阵磨刀	lvmd	简单鹤		1		0	0	0	0
六指琴魔	lvqm	简单鹤		0		0	0	0	0
乱中取胜	lvqu	简单鹤		0		0	0	0	0
零帧起手	lvqu	简单鹤		0		0	0	0	0
隆重庆祝	lvqv	简单鹤		0		0	0	0	0
聆竹听风	lvtf	简单鹤		0		0	0	0	0
隆重推出	lvti	简单鹤		0		0	0	0	0
临阵退缩	lvts	简单鹤	207	0		0	0	0	0
临阵逃脱	lvtt	简单鹤		0		0	0	0	0
离职通知	lvtv	简单鹤		0		0	0	0	0
临终之际	lvvj	简单鹤		0		0	0	0	0
离职证明	lvvm	简单鹤		0		0	0	0	0
留之无用	lvwy	简单鹤		0		0	0	0	0
两只眼睛	lvyj	简单鹤		0		0	0	0	0
莱维贝贝	lwbb	简单鹤		0		0	0	0	0
临危不顾	lwbg	简单鹤		1		0	0	0	0
离我而去	lweq	简单鹤		0		0	0	0	0
论文发表	lwfb	简单鹤		0		0	0	0	0
力微饭否	lwff	简单鹤		0		0	0	0	0
来我房间	lwfj	简单鹤		0		0	0	0	0
龙王归来	lwgl	简单鹤		0		0	0	0	0
列文虎克	lwhk	简单鹤		0		0	0	0	0
劳务合同	lwht	简单鹤		0		0	0	0	0
狼窝虎穴	lwhx	简单鹤		0		0	0	0	0
论文查重	lwii	简单鹤		0		0	0	0	0
略微出手	lwiu	简单鹤		0		0	0	0	0
了无惧意	lwjy	简单鹤		0		0	0	0	0
恋无可恋	lwkl	简单鹤		0		0	0	0	0
了无乐趣	lwlq	简单鹤		0		0	0	0	0
蓝纹奶酪	lwnl	简单鹤		0		0	0	0	0
领悟能力	lwnl	简单鹤		0		0	0	0	0
令我难以	lwny	简单鹤		0		0	0	0	0
劳务派遣	lwpq	简单鹤		0		0	0	0	0
了无牵挂	lwqg	简单鹤		0		0	0	0	0
老无所靠	lwsk	简单鹤		0		0	0	0	0
老无所依	lwsy	简单鹤	873	0		0	0	0	0
列为重点	lwvd	简单鹤		0		0	0	0	0
沦为笑柄	lwxb	简单鹤		0		0	0	0	0
聊慰心灵	lwxl	简单鹤		0		0	0	0	0
来晚一步	lwyb	简单鹤		0		0	0	0	0
另外一个	lwyg	简单鹤		0		0	0	0	0
另外一种	lwyv	简单鹤		0		0	0	0	0
了无音讯	lwyx	简单鹤		0		0	0	0	0
另外一些	lwyx	简单鹤		0		0	0	0	0
良心不安	lxba	简单鹤		0		0	0	0	0
另想办法	lxbf	简单鹤		0		0	0	0	0
理想抱负	lxbf	简单鹤		0		0	0	0	0
连续播放	lxbf	简单鹤		0		0	0	0	0
两相比较	lxbj	简单鹤		0		0	0	0	0
老朽不堪	lxbk	简单鹤		0		0	0	0	0
联系不上	lxbu	简单鹤		0		0	0	0	0
冷笑不语	lxby	简单鹤		0		0	0	0	0
龙性本淫	lxby	简单鹤		0		0	0	0	0
略嫌不足	lxbz	简单鹤		0		0	0	0	0
略显不足	lxbz	简单鹤		0		0	0	0	0
落雪打冻	lxdd	简单鹤		0		0	0	0	0
龙行龘龘	lxdd	简单鹤		0		0	0	0	0
联想到了	lxdl	简单鹤		0		0	0	0	0
连续登录	lxdl	简单鹤		0		0	0	0	0
联想电脑	lxdn	简单鹤		0		0	0	0	0
连续多年	lxdn	简单鹤		0		0	0	0	0
离线地图	lxdt	简单鹤		0		0	0	0	0
领先地位	lxdw	简单鹤		0		0	0	0	0
离席而去	lxeq	简单鹤		0		0	0	0	0
留下伏笔	lxfb	简单鹤		0		0	0	0	0
离线发送	lxfs	简单鹤		0		0	0	0	0
劳心费神	lxfu	简单鹤		0		0	0	0	0
良性发展	lxfv	简单鹤		0		0	0	0	0
路线方针	lxfv	简单鹤		0		0	0	0	0
良心发现	lxfx	简单鹤		0		0	0	0	0
离休干部	lxgb	简单鹤		0		0	0	0	0
另行规定	lxgd	简单鹤		0		0	0	0	0
连续高潮	lxgi	简单鹤		0		0	0	0	0
螺旋杆菌	lxgj	简单鹤		0		0	0	0	0
流行感冒	lxgm	简单鹤		0		0	0	0	0
两性关系	lxgx	简单鹤		0		0	0	0	0
连续工作	lxgz	简单鹤		0		0	0	0	0
炼虚合道	lxhd	简单鹤		0		0	0	0	0
六星好评	lxhp	简单鹤		0		0	0	0	0
履行合同	lxht	简单鹤		0		0	0	0	0
例行会议	lxhy	简单鹤		0		0	0	0	0
另寻出路	lxil	简单鹤		0		0	0	0	0
另行处理	lxil	简单鹤		0		0	0	0	0
零星几点	lxjd	简单鹤		0		0	0	0	0
理想境界	lxjj	简单鹤		0		0	0	0	0
旅行吉他	lxjt	简单鹤		0		0	0	0	0
良性竞争	lxjv	简单鹤		0		0	0	0	0
洛希极限	lxjx	简单鹤		0		0	0	0	0
蓝翔技校	lxjx	简单鹤		0		0	0	0	0
理性看待	lxkd	简单鹤		0		0	0	0	0
良宵苦短	lxkd	简单鹤		0		0	0	0	0
流行看法	lxkf	简单鹤		0		0	0	0	0
留下来的	lxld	简单鹤		0		0	0	0	0
来信来访	lxlf	简单鹤		0		0	0	0	0
连下两城	lxli	简单鹤		0		0	0	0	0
拉下脸来	lxll	简单鹤		0		0	0	0	0
六旬老人	lxlr	简单鹤		0		0	0	0	0
联系联系	lxlx	简单鹤		0		0	0	0	0
留下烙印	lxly	简单鹤		0		0	0	0	0
连续内射	lxnu	简单鹤		0		0	0	0	0
履行诺言	lxny	简单鹤		0		0	0	0	0
零星片段	lxpd	简单鹤		0		0	0	0	0
流血漂橹	lxpl	简单鹤		0		0	0	0	0
恋兄情结	lxqj	简单鹤		0		0	0	0	0
留学期间	lxqj	简单鹤		0		0	0	0	0
联系起来	lxql	简单鹤		0		0	0	0	0
领袖群伦	lxql	简单鹤		0		0	0	0	0
郎心似铁	lxst	简单鹤		0		0	0	0	0
灵形速影	lxsy	简单鹤		0		0	0	0	0
另寻他处	lxti	简单鹤		0		0	0	0	0
乱序双编	lxub	简单鹤		0		0	0	0	0
流血事件	lxuj	简单鹤		0		0	0	0	0
领先水平	lxup	简单鹤		0		0	0	0	0
利息收入	lxur	简单鹤		0		0	0	0	0
螺旋升天	lxut	简单鹤		0		0	0	0	0
冷血杀手	lxuu	简单鹤		0		0	0	0	0
隆胸手术	lxuu	简单鹤		0		0	0	0	0
立下战功	lxvg	简单鹤		0		0	0	0	0
连续中出	lxvi	简单鹤		0		0	0	0	0
两性之间	lxvj	简单鹤		0		0	0	0	0
连续榨精	lxvj	简单鹤		0		0	0	0	0
陆续展开	lxvk	简单鹤		0		0	0	0	0
理想状态	lxvt	简单鹤		0		0	0	0	0
凉血止血	lxvx	简单鹤		0		0	0	0	0
履行职责	lxvz	简单鹤		0		0	0	0	0
恋新忘旧	lxwj	简单鹤		1		0	0	0	0
离线文件	lxwj	简单鹤		0		0	0	0	0
良心未泯	lxwm	简单鹤		0		0	0	0	0
落下帷幕	lxwm	简单鹤		0		0	0	0	0
理性消费	lxxf	简单鹤		0		0	0	0	0
理想信念	lxxn	简单鹤		0		0	0	0	0
离线消息	lxxx	简单鹤		0		0	0	0	0
联想小新	lxxx	简单鹤		0		0	0	0	0
两心相悦	lxxy	简单鹤		0		0	0	0	0
领先一步	lxyb	简单鹤		0		0	0	0	0
另行约定	lxyd	简单鹤		0		0	0	0	0
留下遗憾	lxyh	简单鹤		0		0	0	0	0
六险一金	lxyj	简单鹤		0		0	0	0	0
立项依据	lxyj	简单鹤		0		0	0	0	0
亮瞎眼了	lxyl	简单鹤		0		0	0	0	0
流下眼泪	lxyl	简单鹤		0		0	0	0	0
礼下于人	lxyr	简单鹤		0		0	0	0	0
理性因素	lxys	简单鹤		0		0	0	0	0
镧系元素	lxys	简单鹤		0		0	0	0	0
冷笑一声	lxyu	简单鹤		0		0	0	0	0
履行义务	lxyw	简单鹤		0		0	0	0	0
留下阴影	lxyy	简单鹤		0		0	0	0	0
离弦走板	lxzb	简单鹤		1		0	0	0	0
连续作战	lxzv	简单鹤		0		0	0	0	0
立业安邦	lyab	简单鹤		1		0	0	0	0
另有安排	lyap	简单鹤		0		0	0	0	0
礼乐崩坏	lybh	简单鹤		0		0	0	0	0
来源不明	lybm	简单鹤		0		0	0	0	0
林业部门	lybm	简单鹤		0		0	0	0	0
路遇不平	lybp	简单鹤		0		0	0	0	0
略有不同	lybt	简单鹤		0		0	0	0	0
唠一辈子	lybz	简单鹤		0		0	0	0	0
略有不足	lybz	简单鹤		0		0	0	0	0
来也匆匆	lycc	简单鹤		0		0	0	0	0
录音磁带	lycd	简单鹤		0		0	0	0	0
林荫大道	lydd	简单鹤		0		0	0	0	0
雷雨大风	lydf	简单鹤		0		0	0	0	0
另有打算	lyds	简单鹤		0		0	0	0	0
领域大神	lydu	简单鹤		0		0	0	0	0
略有耳闻	lyew	简单鹤		0		0	0	0	0
两眼翻白	lyfb	简单鹤		0		0	0	0	0
两眼发呆	lyfd	简单鹤		0		0	0	0	0
泪雨纷飞	lyff	简单鹤		0		0	0	0	0
两眼发光	lyfg	简单鹤		0		0	0	0	0
两眼放光	lyfg	简单鹤		0		0	0	0	0
两眼发黑	lyfh	简单鹤		0		0	0	0	0
龙吟凤哕	lyfh	简单鹤		0		0	0	0	0
六月飞霜	lyfu	简单鹤		1		0	0	0	0
两眼发直	lyfv	简单鹤		0		0	0	0	0
六月飞雪	lyfx	简单鹤		0		0	0	0	0
六眼飞鱼	lyfy	简单鹤		0		0	0	0	0
旅游观光	lygg	简单鹤		0		0	0	0	0
旅游攻略	lygl	简单鹤		0		0	0	0	0
另一个人	lygr	简单鹤		0		0	0	0	0
利益关系	lygx	简单鹤		0		0	0	0	0
了一会儿	lyhe	简单鹤		0		0	0	0	0
老眼昏花	lyhh	简单鹤		0		0	0	0	0
烈焰红唇	lyhi	简单鹤		0		0	0	0	0
蓝印户口	lyhk	简单鹤		0		0	0	0	0
另一回事	lyhu	简单鹤		0		0	0	0	0
理由充分	lyif	简单鹤		0		0	0	0	0
利益冲突	lyit	简单鹤		0		0	0	0	0
另一句话	lyjh	简单鹤		0		0	0	0	0
累月经年	lyjn	简单鹤		1		0	0	0	0
蓝牙键盘	lyjp	简单鹤		0		0	0	0	0
旅游景区	lyjq	简单鹤		0		0	0	0	0
利益均摊	lyjt	简单鹤		0		0	0	0	0
利益集团	lyjt	简单鹤		0		0	0	0	0
利用价值	lyjv	简单鹤		0		0	0	0	0
临渊结网	lyjw	简单鹤		0		0	0	0	0
留有空间	lykj	简单鹤		0		0	0	0	0
临渊履薄	lylb	简单鹤		0		0	0	0	0
蓝银领域	lyly	简单鹤		0		0	0	0	0
两眼摸黑	lymh	简单鹤		0		0	0	0	0
泪眼模糊	lymh	简单鹤		0		0	0	0	0
流域面积	lymj	简单鹤		0		0	0	0	0
蓝牙模块	lymk	简单鹤		0		0	0	0	0
泪眼朦胧	lyml	简单鹤		0		0	0	0	0
略有磨损	lyms	简单鹤		0		0	0	0	0
卵用没有	lymy	简单鹤		0		0	0	0	0
泪眼婆娑	lypo	简单鹤		0		0	0	0	0
泪雨滂沱	lypt	简单鹤		0		0	0	0	0
滥用权力	lyql	简单鹤		0		0	0	0	0
另有企图	lyqt	简单鹤		0		0	0	0	0
利益驱使	lyqu	简单鹤		0		0	0	0	0
旅游签证	lyqv	简单鹤		0		0	0	0	0
理应如此	lyrc	简单鹤		0		0	0	0	0
旅游热线	lyrx	简单鹤		0		0	0	0	0
理由如下	lyrx	简单鹤		0		0	0	0	0
另有任用	lyry	简单鹤		0		0	0	0	0
略有所成	lysi	简单鹤		0		0	0	0	0
利益诉求	lysq	简单鹤		0		0	0	0	0
略有所闻	lysw	简单鹤		0		0	0	0	0
另有图谋	lytm	简单鹤		0		0	0	0	0
另有他意	lyty	简单鹤		0		0	0	0	0
另有他用	lyty	简单鹤		0		0	0	0	0
蓝牙鼠标	lyub	简单鹤		0		0	0	0	0
卵与石斗	lyud	简单鹤		1		0	0	0	0
灵异事件	lyuj	简单鹤		0		0	0	0	0
老艺术家	lyuj	简单鹤		0		0	0	0	0
零溢事件	lyuj	简单鹤		0		0	0	0	0
恋与深空	lyuk	简单鹤		0		0	0	0	0
裸眼视力	lyul	简单鹤		0		0	0	0	0
龙阳之好	lyvh	简单鹤		0		0	0	0	0
蓝颜知己	lyvj	简单鹤		0		0	0	0	0
领域展开	lyvk	简单鹤		0		0	0	0	0
铃芽之旅	lyvl	简单鹤		0		0	0	0	0
利用职权	lyvq	简单鹤		0		0	0	0	0
另一种人	lyvr	简单鹤		0		0	0	0	0
利益主体	lyvt	简单鹤		0		0	0	0	0
利用职务	lyvw	简单鹤		0		0	0	0	0
另有文章	lywv	简单鹤		0		0	0	0	0
利益相关	lyxg	简单鹤		0		0	0	0	0
另有新欢	lyxh	简单鹤		0		0	0	0	0
略有小成	lyxi	简单鹤		0		0	0	0	0
略有下降	lyxj	简单鹤		0		0	0	0	0
礼仪小姐	lyxj	简单鹤		0		0	0	0	0
乐意效劳	lyxl	简单鹤		0		0	0	0	0
旅游线路	lyxl	简单鹤		0		0	0	0	0
另一些人	lyxr	简单鹤		0		0	0	0	0
灵异现象	lyxx	简单鹤		0		0	0	0	0
两眼一闭	lyyb	简单鹤		0		0	0	0	0
两眼一黑	lyyh	简单鹤		0		0	0	0	0
亮有一计	lyyj	简单鹤		0		0	0	0	0
留有余力	lyyl	简单鹤		0		0	0	0	0
老演员了	lyyl	简单鹤		0		0	0	0	0
另有隐情	lyyq	简单鹤		0		0	0	0	0
利有攸往	lyyw	简单鹤		0		0	0	0	0
滥用药物	lyyw	简单鹤		0		0	0	0	0
留意一下	lyyx	简单鹤		0		0	0	0	0
蓝牙音箱	lyyx	简单鹤		0		0	0	0	0
另有原因	lyyy	简单鹤		0		0	0	0	0
鲁豫有约	lyyy	简单鹤		0		0	0	0	0
聊以卒岁	lyzs	简单鹤		1		0	0	0	0
聊以自娱	lyzy	简单鹤		1		0	0	0	0
另作安排	lzap	简单鹤		0		0	0	0	0
量子波动	lzbd	简单鹤		0		0	0	0	0
立足本职	lzbv	简单鹤		0		0	0	0	0
落在地上	lzdu	简单鹤		0		0	0	0	0
烂在肚子	lzdz	简单鹤		0		0	0	0	0
劳资关系	lzgx	简单鹤		0		0	0	0	0
乱葬岗子	lzgz	简单鹤		0		0	0	0	0
路在何方	lzhf	简单鹤		0		0	0	0	0
落在后面	lzhm	简单鹤		0		0	0	0	0
劳资纠纷	lzjf	简单鹤		0		0	0	0	0
离子交换	lzjh	简单鹤		0		0	0	0	0
量子纠缠	lzji	简单鹤		0		0	0	0	0
留作纪念	lzjn	简单鹤		0		0	0	0	0
路在脚下	lzjx	简单鹤		0		0	0	0	0
路走宽了	lzkl	简单鹤		0		0	0	0	0
量子理论	lzll	简单鹤		0		0	0	0	0
龙子龙孙	lzls	简单鹤		0		0	0	0	0
愣在那里	lznl	简单鹤		0		0	0	0	0
来踪去迹	lzqj	简单鹤		1		0	0	0	0
禄在其中	lzqv	简单鹤		0		0	0	0	0
量子速读	lzsd	简单鹤		0		0	0	0	0
粒子特效	lztx	简单鹤		0		0	0	0	0
量子通信	lztx	简单鹤		0		0	0	0	0
另作他用	lzty	简单鹤		0		0	0	0	0
烂在手里	lzul	简单鹤		0		0	0	0	0
留在这里	lzvl	简单鹤		0		0	0	0	0
赖在这里	lzvl	简单鹤		0		0	0	0	0
路走窄了	lzvl	简单鹤		0		0	0	0	0
落子无悔	lzwh	简单鹤		0		0	0	0	0
立字为据	lzwj	简单鹤		0		0	0	0	0
量子物理	lzwl	简单鹤		0		0	0	0	0
良作无人	lzwr	简单鹤		0		0	0	0	0
留在心上	lzxu	简单鹤		0		0	0	0	0
晾在一边	lzyb	简单鹤		0		0	0	0	0
量子幽灵	lzyl	简单鹤		0		0	0	0	0
连在一起	lzyq	简单鹤		0		0	0	0	0
咧嘴一笑	lzyx	简单鹤		0		0	0	0	0
明暗对比	madb	简单鹤		0		0	0	0	0
民安国泰	magt	简单鹤		1		0	0	0	0
没安好心	mahx	简单鹤		0		0	0	0	0
莫挨老子	malz	简单鹤		0		0	0	0	0
面部表情	mbbq	简单鹤		0		0	0	0	0
摩拜单车	mbdi	简单鹤		0		0	0	0	0
目标达成	mbdi	简单鹤		0		0	0	0	0
面部代偿	mbdi	简单鹤		0		0	0	0	0
末班地铁	mbdt	简单鹤		0		0	0	0	0
描边大师	mbdu	简单鹤		0		0	0	0	0
明摆的事	mbdu	简单鹤		0		0	0	0	0
膜拜大神	mbdu	简单鹤		0		0	0	0	0
目标定位	mbdw	简单鹤		0		0	0	0	0
没办法啊	mbfa	简单鹤		0		0	0	0	0
没办法的	mbfd	简单鹤		0		0	0	0	0
没办法了	mbfl	简单鹤		0		0	0	0	0
秘不发丧	mbfs	简单鹤		0		0	0	0	0
命不该绝	mbgj	简单鹤		0		0	0	0	0
满不高兴	mbgx	简单鹤		0		0	0	0	0
目标函数	mbhu	简单鹤		0		0	0	0	0
卖不出去	mbiq	简单鹤		0		0	0	0	0
貌不出众	mbiv	简单鹤		0		0	0	0	0
面部解锁	mbjs	简单鹤		0		0	0	0	0
目标价位	mbjw	简单鹤		0		0	0	0	0
命不久矣	mbjy	简单鹤		0		0	0	0	0
目标客户	mbkh	简单鹤		0		0	0	0	0
明白了吧	mblb	简单鹤		0		0	0	0	0
免不了的	mbld	简单鹤		0		0	0	0	0
目标利润	mblr	简单鹤		0		0	0	0	0
民办老师	mblu	简单鹤		0		0	0	0	0
明不明白	mbmb	简单鹤		0		0	0	0	0
目标明确	mbmq	简单鹤		0		0	0	0	0
没病没灾	mbmz	简单鹤		0		0	0	0	0
貌比潘安	mbpa	简单鹤		0		0	0	0	0
漫步其中	mbqv	简单鹤		0		0	0	0	0
弥补缺陷	mbqx	简单鹤		0		0	0	0	0
目标人选	mbrx	简单鹤		0		0	0	0	0
面壁思过	mbsg	简单鹤		0		0	0	0	0
面部特写	mbtx	简单鹤		0		0	0	0	0
末笔识别	mbub	简单鹤		0		0	0	0	0
面部识别	mbub	简单鹤		0		0	0	0	0
目标市场	mbui	简单鹤		0		0	0	0	0
明白事理	mbul	简单鹤		0		0	0	0	0
面壁十年	mbun	简单鹤		0		0	0	0	0
目标实现	mbux	简单鹤		0		0	0	0	0
命比纸薄	mbvb	简单鹤		0		0	0	0	0
明摆着的	mbvd	简单鹤		0		0	0	0	0
瞒不住了	mbvl	简单鹤		0		0	0	0	0
绵薄之力	mbvl	简单鹤		0		0	0	0	0
明辨真伪	mbvw	简单鹤		0		0	0	0	0
明白无误	mbww	简单鹤		0		0	0	0	0
抹不下脸	mbxl	简单鹤		0		0	0	0	0
民办学校	mbxx	简单鹤		0		0	0	0	0
没必要吧	mbyb	简单鹤		0		0	0	0	0
目标用户	mbyh	简单鹤		0		0	0	0	0
茅厕顿开	mcdk	简单鹤		0		0	0	0	0
每次都是	mcdu	简单鹤		0		0	0	0	0
每次都要	mcdy	简单鹤		0		0	0	0	0
名词解释	mcju	简单鹤		0		0	0	0	0
梅菜扣肉	mckr	简单鹤		0		0	0	0	0
名存千古	mcqg	简单鹤		0		0	0	0	0
木村拓哉	mctz	简单鹤		0		0	0	0	0
摩擦阻力	mczl	简单鹤		0		0	0	0	0
目的不纯	mdbi	简单鹤		0		0	0	0	0
秒懂百科	mdbk	简单鹤		0		0	0	0	0
目的不同	mdbt	简单鹤		0		0	0	0	0
冒大不韪	mdbw	简单鹤		1		0	0	0	0
面对错误	mdcw	简单鹤		0		0	0	0	0
满地打滚	mddg	简单鹤		0		0	0	0	0
谋定而动	mded	简单鹤		0		0	0	0	0
命大福大	mdfd	简单鹤		0		0	0	0	0
妙到毫巅	mdhd	简单鹤		0		0	0	0	0
末代皇帝	mdhd	简单鹤		0		0	0	0	0
没到火候	mdhh	简单鹤		0		0	0	0	0
没当回事	mdhu	简单鹤		0		0	0	0	0
矛盾重重	mdii	简单鹤		0		0	0	0	0
麻豆传媒	mdim	简单鹤		0		0	0	0	0
矛盾冲突	mdit	简单鹤		0		0	0	0	0
美得出水	mdiu	简单鹤		0		0	0	0	0
矛盾激化	mdjh	简单鹤		0		0	0	0	0
矛盾加剧	mdjj	简单鹤		0		0	0	0	0
矛盾激烈	mdjl	简单鹤		0		0	0	0	0
目的就是	mdju	简单鹤		0		0	0	0	0
摸底考试	mdku	简单鹤		0		0	0	0	0
没得聊了	mdll	简单鹤		0		0	0	0	0
买定离手	mdlu	简单鹤		0		0	0	0	0
没掉链子	mdlz	简单鹤		0		0	0	0	0
慢点慢点	mdmd	简单鹤		0		0	0	0	0
摩多摩多	mdmd	简单鹤		0		0	0	0	0
猛打猛冲	mdmi	简单鹤		0		0	0	0	0
没爹没娘	mdmn	简单鹤		0		0	0	0	0
目的明确	mdmq	简单鹤		0		0	0	0	0
门都没有	mdmy	简单鹤		0		0	0	0	0
摩登女郎	mdnl	简单鹤		0		0	0	0	0
没带脑子	mdnz	简单鹤		0		0	0	0	0
毛多弱火	mdrh	简单鹤		0		0	0	0	0
名刀孙膑	mdsb	简单鹤		0		0	0	0	0
名动四方	mdsf	简单鹤		0		0	0	0	0
名刀司命	mdsm	简单鹤		0		0	0	0	0
面对死亡	mdsw	简单鹤		0		0	0	0	0
名动天下	mdtx	简单鹤		0		0	0	0	0
摩登时代	mdud	简单鹤		0		0	0	0	0
某段时间	mduj	简单鹤		0		0	0	0	0
没得商量	mdul	简单鹤		0		0	0	0	0
麻袋装钱	mdvq	简单鹤		0		0	0	0	0
魔道中人	mdvr	简单鹤		0		0	0	0	0
妈的智障	mdvv	简单鹤		0		0	0	0	0
名单之外	mdvw	简单鹤		0		0	0	0	0
满地找牙	mdvy	简单鹤		0		0	0	0	0
矛盾转移	mdvy	简单鹤		0		0	0	0	0
门店销售	mdxu	简单鹤		0		0	0	0	0
没戴眼镜	mdyj	简单鹤		0		0	0	0	0
忙得要死	mdys	简单鹤		0		0	0	0	0
莫得意思	mdys	简单鹤		0		0	0	0	0
猛地一怔	mdyv	简单鹤		0		0	0	0	0
魔道祖师	mdzu	简单鹤		0		0	0	0	0
目的在于	mdzy	简单鹤		0		0	0	0	0
摩尔定律	medl	简单鹤		0		0	0	0	0
谋而后动	mehd	简单鹤		0		0	0	0	0
买二送一	mesy	简单鹤		0		0	0	0	0
迷而知返	mevf	简单鹤		1		0	0	0	0
马尔扎哈	mevh	简单鹤		0		0	0	0	0
买二赠一	mezy	简单鹤		0		0	0	0	0
魔法对轰	mfdh	简单鹤		0		0	0	0	0
墨菲定律	mfdl	简单鹤		0		0	0	0	0
麻烦大了	mfdl	简单鹤		0		0	0	0	0
模范带头	mfdt	简单鹤		0		0	0	0	0
没法过了	mfgl	简单鹤		0		0	0	0	0
命赴黄泉	mfhq	简单鹤		0		0	0	0	0
民风淳朴	mfip	简单鹤		0		0	0	0	0
民风纯朴	mfip	简单鹤		0		0	0	0	0
没法交流	mfjl	简单鹤		0		0	0	0	0
免费空间	mfkj	简单鹤		0		0	0	0	0
买房买车	mfmi	简单鹤		0		0	0	0	0
没房没车	mfmi	简单鹤		0		0	0	0	0
民风民俗	mfms	简单鹤		0		0	0	0	0
麻烦你了	mfnl	简单鹤		0		0	0	0	0
麻烦您了	mfnl	简单鹤		0		0	0	0	0
免费软件	mfrj	简单鹤		0		0	0	0	0
免费入库	mfrk	简单鹤		0		0	0	0	0
模范人物	mfrw	简单鹤		0		0	0	0	0
免费入学	mfrx	简单鹤		0		0	0	0	0
马翻人仰	mfry	简单鹤		1		0	0	0	0
麻烦死了	mfsl	简单鹤		0		0	0	0	0
末法时代	mfud	简单鹤		0		0	0	0	0
魔法伤害	mfuh	简单鹤		0		0	0	0	0
免费升级	mfuj	简单鹤		0		0	0	0	0
魔法少女	mfun	简单鹤		0		0	0	0	0
免费试玩	mfuw	简单鹤		0		0	0	0	0
免费注册	mfvc	简单鹤		0		0	0	0	0
毛发无损	mfws	简单鹤		0		0	0	0	0
没法想象	mfxx	简单鹤		0		0	0	0	0
免费下载	mfxz	简单鹤		0		0	0	0	0
满腹疑惑	mfyh	简单鹤		0		0	0	0	0
免费邮箱	mfyx	简单鹤		0		0	0	0	0
眉飞眼笑	mfyx	简单鹤		1		0	0	0	0
免费赠送	mfzs	简单鹤		0		0	0	0	0
满分作文	mfzw	简单鹤		0		0	0	0	0
忙个不停	mgbt	简单鹤		0		0	0	0	0
每个地方	mgdf	简单鹤		0		0	0	0	0
魔功大成	mgdi	简单鹤		0		0	0	0	0
目光呆滞	mgdv	简单鹤		0		0	0	0	0
美国队长	mgdv	简单鹤		0		0	0	0	0
某个东西	mgdx	简单鹤		0		0	0	0	0
美国大选	mgdx	简单鹤		0		0	0	0	0
某个方面	mgfm	简单鹤		0		0	0	0	0
买个放心	mgfx	简单鹤		0		0	0	0	0
每个国家	mggj	简单鹤		0		0	0	0	0
美国公民	mggm	简单鹤		0		0	0	0	0
敏感话题	mght	简单鹤		0		0	0	0	0
玫瑰花园	mghy	简单鹤		0		0	0	0	0
某个程度	mgid	简单鹤		0		0	0	0	0
目光长远	mgiy	简单鹤		0		0	0	0	0
某个角度	mgjd	简单鹤		0		0	0	0	0
每个阶段	mgjd	简单鹤		0		0	0	0	0
美国经济	mgjj	简单鹤		0		0	0	0	0
美国进口	mgjk	简单鹤		0		0	0	0	0
魔鬼教练	mgjl	简单鹤		0		0	0	0	0
玫瑰金色	mgjs	简单鹤		0		0	0	0	0
面广量大	mgld	简单鹤		0		0	0	0	0
没搞明白	mgmb	简单鹤		0		0	0	0	0
美国内战	mgnv	简单鹤		0		0	0	0	0
没搞清楚	mgqi	简单鹤		0		0	0	0	0
命该如此	mgrc	简单鹤		0		0	0	0	0
每个人都	mgrd	简单鹤		0		0	0	0	0
美国人民	mgrm	简单鹤		0		0	0	0	0
目光所及	mgsj	简单鹤		0		0	0	0	0
漫过头顶	mgtd	简单鹤		0		0	0	0	0
美国甜心	mgtx	简单鹤		0		0	0	0	0
美国士兵	mgub	简单鹤		0		0	0	0	0
魔鬼身材	mguc	简单鹤		0		0	0	0	0
蒙古上单	mgud	简单鹤		0		0	0	0	0
美国社会	mguh	简单鹤		0		0	0	0	0
敏感时期	mguq	简单鹤		0		0	0	0	0
某个事情	mguq	简单鹤		0		0	0	0	0
目光闪烁	mguu	简单鹤		0		0	0	0	0
每股收益	mguy	简单鹤		0		0	0	0	0
每个周末	mgvm	简单鹤		0		0	0	0	0
免冠照片	mgvp	简单鹤		0		0	0	0	0
目光灼灼	mgvv	简单鹤		0		0	0	0	0
没个正型	mgvx	简单鹤		0		0	0	0	0
没个正形	mgvx	简单鹤		0		0	0	0	0
铭感五内	mgwn	简单鹤		1		0	0	0	0
敏感问题	mgwt	简单鹤		0		0	0	0	0
某个问题	mgwt	简单鹤		0		0	0	0	0
蒙古下单	mgxd	简单鹤		0		0	0	0	0
没关系吗	mgxm	简单鹤		0		0	0	0	0
每个星期	mgxq	简单鹤		0		0	0	0	0
每个小时	mgxu	简单鹤		0		0	0	0	0
目光远大	mgyd	简单鹤		0		0	0	0	0
没过一会	mgyh	简单鹤		0		0	0	0	0
美国影片	mgyp	简单鹤		0		0	0	0	0
埋锅造饭	mgzf	简单鹤		0		0	0	0	0
马虎不得	mhbd	简单鹤		0		0	0	0	0
幕后布局	mhbj	简单鹤		0		0	0	0	0
幕后策划	mhch	简单鹤		0		0	0	0	0
梦回巅峰	mhdf	简单鹤		0		0	0	0	0
门户大开	mhdk	简单鹤		0		0	0	0	0
幕后大佬	mhdl	简单鹤		0		0	0	0	0
萌混过关	mhgg	简单鹤		0		0	0	0	0
美化环境	mhhj	简单鹤		0		0	0	0	0
满怀豪情	mhhq	简单鹤		0		0	0	0	0
幕后黑手	mhhu	简单鹤		0		0	0	0	0
幕后花絮	mhhx	简单鹤		0		0	0	0	0
美好幻想	mhhx	简单鹤		0		0	0	0	0
没怀好意	mhhy	简单鹤		0		0	0	0	0
美好回忆	mhhy	简单鹤		0		0	0	0	0
猛虎出山	mhiu	简单鹤		1		0	0	0	0
模糊查询	mhix	简单鹤		0		0	0	0	0
美好家园	mhjy	简单鹤		0		0	0	0	0
美好记忆	mhjy	简单鹤		0		0	0	0	0
梦幻联动	mhld	简单鹤		0		0	0	0	0
明后两天	mhlt	简单鹤		0		0	0	0	0
猫和老鼠	mhlu	简单鹤		0		0	0	0	0
美好理想	mhlx	简单鹤		0		0	0	0	0
美好明天	mhmt	简单鹤		0		0	0	0	0
美好年华	mhnh	简单鹤		0		0	0	0	0
猛虎扑食	mhpu	简单鹤		0		0	0	0	0
没好气地	mhqd	简单鹤		0		0	0	0	0
满怀期待	mhqd	简单鹤		0		0	0	0	0
美好前程	mhqi	简单鹤		0		0	0	0	0
貌合情离	mhql	简单鹤		1		0	0	0	0
美好前途	mhqt	简单鹤		0		0	0	0	0
满怀期望	mhqw	简单鹤		0		0	0	0	0
眠花宿柳	mhsl	简单鹤		1		0	0	0	0
幕后推手	mhtu	简单鹤		0		0	0	0	0
梦回时分	mhuf	简单鹤		0		0	0	0	0
美好时光	mhug	简单鹤		0		0	0	0	0
迷惑事件	mhuj	简单鹤		0		0	0	0	0
没话说了	mhul	简单鹤		0		0	0	0	0
迷惑视听	mhut	简单鹤		1		0	0	0	0
蛮荒之地	mhvd	简单鹤		0		0	0	0	0
美好祝福	mhvf	简单鹤		0		0	0	0	0
没话找话	mhvh	简单鹤		0		0	0	0	0
梦幻之旅	mhvl	简单鹤		0		0	0	0	0
幕后真凶	mhvx	简单鹤		0		0	0	0	0
门户网站	mhwv	简单鹤		0		0	0	0	0
魔幻现实	mhxu	简单鹤		0		0	0	0	0
满怀希望	mhxw	简单鹤		0		0	0	0	0
迷惑行为	mhxw	简单鹤		0		0	0	0	0
梦幻西游	mhxy	简单鹤		0		0	0	0	0
梅花易数	mhyu	简单鹤		0		0	0	0	0
没活硬整	mhyv	简单鹤		0		0	0	0	0
美好愿望	mhyw	简单鹤		0		0	0	0	0
幕后英雄	mhyx	简单鹤		0		0	0	0	0
谋朝篡位	micw	简单鹤		0		0	0	0	0
面朝大海	midh	简单鹤		0		0	0	0	0
没差多少	midu	简单鹤		0		0	0	0	0
名垂后世	mihu	简单鹤		1		0	0	0	0
梅川酷子	mikz	简单鹤		0		0	0	0	0
没穿裤子	mikz	简单鹤		0		0	0	0	0
没吃没喝	mimh	简单鹤		0		0	0	0	0
梅川内酷	mink	简单鹤		0		0	0	0	0
没穿内裤	mink	简单鹤		0		0	0	0	0
面沉如水	miru	简单鹤		0		0	0	0	0
民淳俗厚	mish	简单鹤		1		0	0	0	0
马齿徒增	mitz	简单鹤		1		0	0	0	0
没处说理	miul	简单鹤		0		0	0	0	0
没出现过	mixg	简单鹤		0		0	0	0	0
卖出信号	mixh	简单鹤		0		0	0	0	0
没穿衣服	miyf	简单鹤		0		0	0	0	0
名臣勇将	miyj	简单鹤		0		0	0	0	0
名家辈出	mjbi	简单鹤		0		0	0	0	0
没见到过	mjdg	简单鹤		0		0	0	0	0
名家大赏	mjdu	简单鹤		0		0	0	0	0
民间工艺	mjgy	简单鹤		0		0	0	0	0
民间疾苦	mjjk	简单鹤		0		0	0	0	0
民间交往	mjjw	简单鹤		0		0	0	0	0
面积扩大	mjkd	简单鹤		0		0	0	0	0
敏捷开发	mjkf	简单鹤		0		0	0	0	0
密集恐惧	mjkj	简单鹤		0		0	0	0	0
民间力量	mjll	简单鹤		0		0	0	0	0
每家每户	mjmh	简单鹤		0		0	0	0	0
毛脚女婿	mjnx	简单鹤		0		0	0	0	0
美酒飘香	mjpx	简单鹤		0		0	0	0	0
满级人类	mjrl	简单鹤		0		0	0	0	0
没见人影	mjry	简单鹤		0		0	0	0	0
磨叽死了	mjsl	简单鹤		0		0	0	0	0
墨迹天气	mjtq	简单鹤		0		0	0	0	0
慢即是快	mjuk	简单鹤		0		0	0	0	0
某件事情	mjuq	简单鹤		0		0	0	0	0
每件事情	mjuq	简单鹤		0		0	0	0	0
灭绝师太	mjut	简单鹤		0		0	0	0	0
每件事物	mjuw	简单鹤		0		0	0	0	0
目击证人	mjvr	简单鹤		0		0	0	0	0
卖家旺旺	mjww	简单鹤		0		0	0	0	0
米津玄师	mjxu	简单鹤		0		0	0	0	0
摸金校尉	mjxw	简单鹤		1		0	0	0	0
慢嚼细咽	mjxy	简单鹤		0		0	0	0	0
民间资本	mjzb	简单鹤		0		0	0	0	0
募集资金	mjzj	简单鹤		0		0	0	0	0
没交作业	mjzy	简单鹤		0		0	0	0	0
迈克阿瑟	mkas	简单鹤		0		0	0	0	0
玛卡巴卡	mkbk	简单鹤		0		0	0	0	0
没可比性	mkbx	简单鹤		0		0	0	0	0
毛孔粗大	mkcd	简单鹤		0		0	0	0	0
没看错人	mkcr	简单鹤		0		0	0	0	0
没看到人	mkdr	简单鹤		0		0	0	0	0
猫科动物	mkdw	简单鹤		0		0	0	0	0
门框范围	mkfw	简单鹤		0		0	0	0	0
满口胡言	mkhy	简单鹤		0		0	0	0	0
没看出来	mkil	简单鹤		0		0	0	0	0
没看见过	mkjg	简单鹤		0		0	0	0	0
没考虑到	mkld	简单鹤		0		0	0	0	0
没空理你	mkln	简单鹤		0		0	0	0	0
没空理我	mklw	简单鹤		0		0	0	0	0
没看太懂	mktd	简单鹤		0		0	0	0	0
没控制住	mkvv	简单鹤		0		0	0	0	0
没苦硬吃	mkyi	简单鹤		0		0	0	0	0
没了办法	mlbf	简单鹤		0		0	0	0	0
满脸错愕	mlce	简单鹤		0		0	0	0	0
面露菜色	mlcs	简单鹤		0		0	0	0	0
名列第八	mldb	简单鹤		0		0	0	0	0
名列第二	mlde	简单鹤		0		0	0	0	0
麻辣豆腐	mldf	简单鹤		0		0	0	0	0
没来得及	mldj	简单鹤		0		0	0	0	0
美丽动人	mldr	简单鹤		0		0	0	0	0
名列第三	mlds	简单鹤		0		0	0	0	0
名列第十	mldu	简单鹤		0		0	0	0	0
满脸堆笑	mldx	简单鹤	390	0		0	0	0	0
买了佛冷	mlfl	简单鹤		0		0	0	0	0
买了否冷	mlfl	简单鹤		0		0	0	0	0
美丽富饶	mlfr	简单鹤		0		0	0	0	0
妈了个逼	mlgb	简单鹤		0		0	0	0	0
马勒戈壁	mlgb	简单鹤		0		0	0	0	0
妈了个蛋	mlgd	简单鹤		0		0	0	0	0
妈了个鸡	mlgj	简单鹤		0		0	0	0	0
猛龙过江	mlgj	简单鹤		0		0	0	0	0
喵了个咪	mlgm	简单鹤		0		0	0	0	0
猫了个咪	mlgm	简单鹤		0		0	0	0	0
镁铝合金	mlhj	简单鹤		0		0	0	0	0
卖了换钱	mlhq	简单鹤		0		0	0	0	0
满脸横肉	mlhr	简单鹤		0		0	0	0	0
满脸潮红	mlih	简单鹤		0		0	0	0	0
满脸春色	mlis	简单鹤		1		0	0	0	0
目力惊人	mljr	简单鹤		0		0	0	0	0
名流巨子	mljz	简单鹤		1		0	0	0	0
末路狂花	mlkh	简单鹤		0		0	0	0	0
面临困难	mlkn	简单鹤		0		0	0	0	0
梦里老家	mllj	简单鹤		0		0	0	0	0
没脸没皮	mlmp	简单鹤		0		0	0	0	0
摸来摸去	mlmq	简单鹤		0		0	0	0	0
没老没少	mlmu	简单鹤		0		0	0	0	0
买了没有	mlmy	简单鹤		0		0	0	0	0
眯了眯眼	mlmy	简单鹤		0		0	0	0	0
抿了抿嘴	mlmz	简单鹤		0		0	0	0	0
妙龄女郎	mlnl	简单鹤		0		0	0	0	0
满脸怒容	mlnr	简单鹤		0		0	0	0	0
美丽女子	mlnz	简单鹤		0		0	0	0	0
面临破产	mlpi	简单鹤		0		0	0	0	0
名列其中	mlqv	简单鹤		0		0	0	0	0
玛丽乔亚	mlqy	简单鹤		0		0	0	0	0
猛龙入江	mlrj	简单鹤		0		0	0	0	0
美丽人生	mlru	简单鹤		0		0	0	0	0
麻辣兔头	mltt	简单鹤		0		0	0	0	0
魅力时刻	mluk	简单鹤		0		0	0	0	0
妙龄少女	mlun	简单鹤		0		0	0	0	0
马路杀手	mluu	简单鹤		0		0	0	0	0
马力十足	mluz	简单鹤		0		0	0	0	0
满脸稚气	mlvq	简单鹤		0		0	0	0	0
陌路之人	mlvr	简单鹤		0		0	0	0	0
米粒之珠	mlvv	简单鹤		1		0	0	0	0
满脸皱纹	mlvw	简单鹤		0		0	0	0	0
没了主意	mlvy	简单鹤		0		0	0	0	0
满脸褶子	mlvz	简单鹤		0		0	0	0	0
螟蛉之子	mlvz	简单鹤		0		0	0	0	0
面临问题	mlwt	简单鹤		0		0	0	0	0
没良心的	mlxd	简单鹤		0		0	0	0	0
没了想法	mlxf	简单鹤		0		0	0	0	0
慢了下来	mlxl	简单鹤		0		0	0	0	0
美丽心灵	mlxl	简单鹤		0		0	0	0	0
没了性命	mlxm	简单鹤		0		0	0	0	0
满脸笑容	mlxr	简单鹤		0		0	0	0	0
面露喜色	mlxs	简单鹤		0		0	0	0	0
慢了一步	mlyb	简单鹤		0		0	0	0	0
没来由的	mlyd	简单鹤		0		0	0	0	0
骂了一顿	mlyd	简单鹤		0		0	0	0	0
买了一个	mlyg	简单鹤		0		0	0	0	0
骂了一句	mlyj	简单鹤		0		0	0	0	0
瞄了一眼	mlyy	简单鹤		0		0	0	0	0
明灭不定	mmbd	简单鹤		0		0	0	0	0
木马病毒	mmbd	简单鹤		0		0	0	0	0
买卖不分	mmbf	简单鹤		0		0	0	0	0
密码保护	mmbh	简单鹤		0		0	0	0	0
满目苍凉	mmcl	简单鹤		0		0	0	0	0
盲目从众	mmcv	简单鹤		0		0	0	0	0
密码错误	mmcw	简单鹤		0		0	0	0	0
茫茫大海	mmdh	简单鹤		0		0	0	0	0
密码登录	mmdl	简单鹤		0		0	0	0	0
美妙动听	mmdt	简单鹤		0		0	0	0	0
慢慢都是	mmdu	简单鹤		0		0	0	0	0
面命耳提	mmet	简单鹤		1		0	0	0	0
麻麻烦烦	mmff	简单鹤		0		0	0	0	0
盲目发展	mmfv	简单鹤		0		0	0	0	0
默默奉献	mmfx	简单鹤		0		0	0	0	0
绵绵瓜瓞	mmgd	简单鹤		1		0	0	0	0
盲目跟风	mmgf	简单鹤		0		0	0	0	0
猫猫狗狗	mmgg	简单鹤		0		0	0	0	0
蒙面歌王	mmgw	简单鹤		0		0	0	0	0
默默耕耘	mmgy	简单鹤		0		0	0	0	0
名门公子	mmgz	简单鹤		0		0	0	0	0
命门火衰	mmhu	简单鹤		0		0	0	0	0
秘密会议	mmhy	简单鹤		0		0	0	0	0
秘密花园	mmhy	简单鹤		0		0	0	0	0
蒙面唱将	mmij	简单鹤		0		0	0	0	0
漫漫长路	mmil	简单鹤		0		0	0	0	0
满面愁容	mmir	简单鹤		0		0	0	0	0
蒙面超人	mmir	简单鹤		0		0	0	0	0
默默承受	mmiu	简单鹤		0		0	0	0	0
密码重置	mmiv	简单鹤		0		0	0	0	0
满门抄斩	mmiv	简单鹤		0		0	0	0	0
木马程序	mmix	简单鹤		0		0	0	0	0
秘密基地	mmjd	简单鹤		0		0	0	0	0
慢慢接触	mmji	简单鹤		0		0	0	0	0
磨磨唧唧	mmjj	简单鹤		0		0	0	0	0
卖萌可耻	mmki	简单鹤		0		0	0	0	0
明明可以	mmky	简单鹤		0		0	0	0	0
慢慢来吧	mmlb	简单鹤		0		0	0	0	0
默默离去	mmlq	简单鹤		0		0	0	0	0
妈妈咪呀	mmmy	简单鹤		0		0	0	0	0
明明没有	mmmy	简单鹤		0		0	0	0	0
面目扭曲	mmnq	简单鹤		0		0	0	0	0
满目凄凉	mmql	简单鹤		1		0	0	0	0
秘密潜入	mmqr	简单鹤		0		0	0	0	0
眉目清秀	mmqx	简单鹤		0		0	0	0	0
埋没人才	mmrc	简单鹤		0		0	0	0	0
茫茫人海	mmrh	简单鹤		0		0	0	0	0
泯灭人性	mmrx	简单鹤		0		0	0	0	0
梦寐所求	mmsq	简单鹤		0		0	0	0	0
明目退翳	mmty	简单鹤		0		0	0	0	0
妈妈生的	mmud	简单鹤		0		0	0	0	0
明面上的	mmud	简单鹤		0		0	0	0	0
买卖双方	mmuf	简单鹤		0		0	0	0	0
明明是个	mmug	简单鹤		0		0	0	0	0
满目山河	mmuh	简单鹤		0		0	0	0	0
名门世家	mmuj	简单鹤		0		0	0	0	0
明明是你	mmun	简单鹤		0		0	0	0	0
密码输入	mmur	简单鹤		0		0	0	0	0
慢慢熟悉	mmux	简单鹤		0		0	0	0	0
明明知道	mmvd	简单鹤		0		0	0	0	0
免密支付	mmvf	简单鹤		0		0	0	0	0
默默祝福	mmvf	简单鹤		0		0	0	0	0
名门之后	mmvh	简单鹤		0		0	0	0	0
名门正派	mmvp	简单鹤		0		0	0	0	0
密码正确	mmvq	简单鹤		0		0	0	0	0
门面转让	mmvr	简单鹤		0		0	0	0	0
灭门之罪	mmvz	简单鹤		0		0	0	0	0
秘密武器	mmwq	简单鹤		0		0	0	0	0
每每想到	mmxd	简单鹤		0		0	0	0	0
秘密行动	mmxd	简单鹤		0		0	0	0	0
美满幸福	mmxf	简单鹤		0		0	0	0	0
密码泄漏	mmxl	简单鹤		0		0	0	0	0
慢慢消失	mmxu	简单鹤		0		0	0	0	0
盲目相信	mmxx	简单鹤		0		0	0	0	0
毛毛细雨	mmxy	简单鹤		0		0	0	0	0
茫茫夜色	mmys	简单鹤		0		0	0	0	0
密码验证	mmyv	简单鹤		0		0	0	0	0
盲目自信	mmzx	简单鹤		0		0	0	0	0
猛男必看	mnbk	简单鹤		0		0	0	0	0
萌娘百科	mnbk	简单鹤		0		0	0	0	0
米诺地尔	mnde	简单鹤		0		0	0	0	0
模拟对抗	mndk	简单鹤		0		0	0	0	0
魔女斗篷	mndp	简单鹤		0		0	0	0	0
没你的事	mndu	简单鹤		0		0	0	0	0
模拟电子	mndz	简单鹤		0		0	0	0	0
母女二人	mner	简单鹤		0		0	0	0	0
模拟分析	mnfx	简单鹤		0		0	0	0	0
没那个胆	mngd	简单鹤		0		0	0	0	0
母女盖饭	mngf	简单鹤		0		0	0	0	0
没那工夫	mngf	简单鹤		0		0	0	0	0
泌尿感染	mngr	简单鹤		0		0	0	0	0
母女关系	mngx	简单鹤		0		0	0	0	0
木讷寡言	mngy	简单鹤		1		0	0	0	0
美女荷官	mnhg	简单鹤		0		0	0	0	0
米诺环素	mnhs	简单鹤		0		0	0	0	0
没那回事	mnhu	简单鹤		0		0	0	0	0
明年今日	mnjr	简单鹤		0		0	0	0	0
模拟交易	mnjy	简单鹤		0		0	0	0	0
模拟经营	mnjy	简单鹤		0		0	0	0	0
模拟卡车	mnki	简单鹤		0		0	0	0	0
模拟考场	mnki	简单鹤		0		0	0	0	0
模拟考试	mnku	简单鹤		0		0	0	0	0
模拟恋爱	mnla	简单鹤		0		0	0	0	0
猛男落泪	mnll	简单鹤		0		0	0	0	0
母女两人	mnlr	简单鹤		0		0	0	0	0
模拟练习	mnlx	简单鹤		0		0	0	0	0
没弄明白	mnmb	简单鹤		0		0	0	0	0
没那么多	mnmd	简单鹤		0		0	0	0	0
没那么好	mnmh	简单鹤		0		0	0	0	0
没那么快	mnmk	简单鹤		0		0	0	0	0
某年某月	mnmy	简单鹤		0		0	0	0	0
明年年底	mnnd	简单鹤		0		0	0	0	0
明年年初	mnni	简单鹤		0		0	0	0	0
泌尿内科	mnnk	简单鹤		0		0	0	0	0
美女你谁	mnnu	简单鹤		0		0	0	0	0
没女朋友	mnpy	简单鹤		0		0	0	0	0
没男朋友	mnpy	简单鹤		0		0	0	0	0
模拟人生	mnru	简单鹤		0		0	0	0	0
美女如云	mnry	简单鹤		0		0	0	0	0
模拟通信	mntx	简单鹤		0		0	0	0	0
美女帅哥	mnug	简单鹤		0		0	0	0	0
模拟生活	mnuh	简单鹤		0		0	0	0	0
模拟输出	mnui	简单鹤		0		0	0	0	0
每年收入	mnur	简单鹤		0		0	0	0	0
模拟试题	mnut	简单鹤		0		0	0	0	0
泌尿生殖	mnuv	简单鹤		0		0	0	0	0
模拟实验	mnuy	简单鹤		0		0	0	0	0
模拟山羊	mnuy	简单鹤		0		0	0	0	0
美女主播	mnvb	简单鹤		0		0	0	0	0
美女找茬	mnvi	简单鹤		0		0	0	0	0
泌尿外科	mnwk	简单鹤		0		0	0	0	0
模拟信号	mnxh	简单鹤		0		0	0	0	0
模拟系统	mnxt	简单鹤		0		0	0	0	0
没那闲心	mnxx	简单鹤		0		0	0	0	0
每年一度	mnyd	简单鹤		0		0	0	0	0
卖男鬻女	mnyn	简单鹤		1		0	0	0	0
没碰到过	mpdg	简单鹤		0		0	0	0	0
名牌大学	mpdx	简单鹤		0		0	0	0	0
每平方米	mpfm	简单鹤		0		0	0	0	0
冒泡防踢	mpft	简单鹤		0		0	0	0	0
门牌号码	mphm	简单鹤		0		0	0	0	0
卖破烂的	mpld	简单鹤		0		0	0	0	0
没凭没据	mpmj	简单鹤		0		0	0	0	0
冒泡排序	mppx	简单鹤		0		0	0	0	0
蒙骗无知	mpwv	简单鹤		0		0	0	0	0
名牌效应	mpxy	简单鹤		0		0	0	0	0
母凭子贵	mpzg	简单鹤		0		0	0	0	0
磨破嘴皮	mpzp	简单鹤		0		0	0	0	0
每期必看	mqbk	简单鹤		0		0	0	0	0
谋权篡位	mqcw	简单鹤		0		0	0	0	0
面墙而立	mqel	简单鹤		1		0	0	0	0
鸣琴而治	mqev	简单鹤		1		0	0	0	0
明确反对	mqfd	简单鹤		0		0	0	0	0
明确分工	mqfg	简单鹤		0		0	0	0	0
明确方向	mqfx	简单鹤		0		0	0	0	0
煤气管道	mqgd	简单鹤		0		0	0	0	0
勉强够格	mqgg	简单鹤		0		0	0	0	0
密切观察	mqgi	简单鹤		0		0	0	0	0
密切关注	mqgv	简单鹤		0		0	0	0	0
没钱花了	mqhl	简单鹤		0		0	0	0	0
密切合作	mqhz	简单鹤		0		0	0	0	0
明确承认	mqir	简单鹤		0		0	0	0	0
勉强及格	mqjg	简单鹤		0		0	0	0	0
明确记载	mqjz	简单鹤		0		0	0	0	0
目前看来	mqkl	简单鹤		0		0	0	0	0
目前来看	mqlk	简单鹤		0		0	0	0	0
目前利润	mqlr	简单鹤		0		0	0	0	0
目前来说	mqlu	简单鹤		0		0	0	0	0
谋取利益	mqly	简单鹤		0		0	0	0	0
明确目标	mqmb	简单鹤		0		0	0	0	0
明确目的	mqmd	简单鹤		0		0	0	0	0
没权没势	mqmu	简单鹤		0		0	0	0	0
明前奶绿	mqnl	简单鹤		0		0	0	0	0
目前普遍	mqpb	简单鹤		0		0	0	0	0
密切平面	mqpm	简单鹤		0		0	0	0	0
目前确定	mqqd	简单鹤		0		0	0	0	0
摸清情况	mqqk	简单鹤		0		0	0	0	0
目前情况	mqqk	简单鹤		0		0	0	0	0
没钱认命	mqrm	简单鹤		0		0	0	0	0
满腔热枕	mqrv	简单鹤		1		0	0	0	0
明确任务	mqrw	简单鹤		0		0	0	0	0
目前条件	mqtj	简单鹤		0		0	0	0	0
明清时期	mquq	简单鹤		0		0	0	0	0
眯起双眼	mquy	简单鹤		0		0	0	0	0
煤气中毒	mqvd	简单鹤		0		0	0	0	0
密切注意	mqvy	简单鹤		0		0	0	0	0
门前屋后	mqwh	简单鹤		0		0	0	0	0
勉强维持	mqwi	简单鹤		0		0	0	0	0
明确宣布	mqxb	简单鹤		0		0	0	0	0
明确信号	mqxh	简单鹤		0		0	0	0	0
慕强心理	mqxl	简单鹤		0		0	0	0	0
煤气泄漏	mqxl	简单鹤		0		0	0	0	0
密切协作	mqxz	简单鹤		0		0	0	0	0
马前小卒	mqxz	简单鹤		0		0	0	0	0
明枪易躲	mqyd	简单鹤	47	0		0	0	0	0
眯起眼睛	mqyj	简单鹤		0		0	0	0	0
勉强一战	mqyv	简单鹤		0		0	0	0	0
墨奇音形	mqyx	简单鹤		0		0	0	0	0
明确责任	mqzr	简单鹤		0		0	0	0	0
盲人按摩	mram	简单鹤		0		0	0	0	0
美容按摩	mram	简单鹤		0		0	0	0	0
默认安装	mrav	简单鹤		0		0	0	0	0
魔人布欧	mrbo	简单鹤		0		0	0	0	0
每日壁纸	mrbv	简单鹤		0		0	0	0	0
盲人把烛	mrbv	简单鹤		1		0	0	0	0
茫然不知	mrbv	简单鹤		0		0	0	0	0
命如草芥	mrcj	简单鹤		0		0	0	0	0
默认词库	mrck	简单鹤		0		0	0	0	0
骂人的话	mrdh	简单鹤		0		0	0	0	0
每日大赛	mrds	简单鹤		0		0	0	0	0
明日方舟	mrfv	简单鹤		0		0	0	0	0
慢如龟爬	mrgp	简单鹤		0		0	0	0	0
每日更新	mrgx	简单鹤		0		0	0	0	0
名人荟萃	mrhc	简单鹤		0		0	0	0	0
面如寒霜	mrhu	简单鹤		0		0	0	0	0
靡然成风	mrif	简单鹤		1		0	0	0	0
没认出来	mril	简单鹤		0		0	0	0	0
面容姣好	mrjh	简单鹤		0		0	0	0	0
末日降临	mrjl	简单鹤		0		0	0	0	0
每日礼包	mrlb	简单鹤		0		0	0	0	0
没人理睬	mrlc	简单鹤		0		0	0	0	0
没人拦你	mrln	简单鹤		0		0	0	0	0
末日乐园	mrly	简单鹤		0		0	0	0	0
猫人码表	mrmb	简单鹤		0		0	0	0	0
每人每次	mrmc	简单鹤		0		0	0	0	0
每人每年	mrmn	简单鹤		0		0	0	0	0
每人每天	mrmt	简单鹤		0		0	0	0	0
名人名言	mrmy	简单鹤		0		0	0	0	0
名人名作	mrmz	简单鹤		0		0	0	0	0
貌若潘安	mrpa	简单鹤		0		0	0	0	0
默认皮肤	mrpf	简单鹤		0		0	0	0	0
美人胚子	mrpz	简单鹤		0		0	0	0	0
每日签到	mrqd	简单鹤		0		0	0	0	0
每日任务	mrrw	简单鹤		0		0	0	0	0
美人如玉	mrry	简单鹤		0		0	0	0	0
茫然四顾	mrsg	简单鹤		0		0	0	0	0
面如桃花	mrth	简单鹤		0		0	0	0	0
每日推荐	mrtj	简单鹤		0		0	0	0	0
每日挑战	mrtv	简单鹤		0		0	0	0	0
美如天仙	mrtx	简单鹤		0		0	0	0	0
末日审判	mrup	简单鹤		0		0	0	0	0
贸然上前	mruq	简单鹤		0		0	0	0	0
默认设置	mruv	简单鹤		0		0	0	0	0
盲人说象	mrux	简单鹤		1		0	0	0	0
没人知道	mrvd	简单鹤		0		0	0	0	0
魅人之处	mrvi	简单鹤		0		0	0	0	0
泯然众人	mrvr	简单鹤		0		0	0	0	0
默认状态	mrvt	简单鹤		0		0	0	0	0
美容中心	mrvx	简单鹤		0		0	0	0	0
美容整型	mrvx	简单鹤		0		0	0	0	0
面如重枣	mrvz	简单鹤		0		0	0	0	0
默认网关	mrwg	简单鹤		0		0	0	0	0
毛绒玩具	mrwj	简单鹤		0		0	0	0	0
没人问起	mrwq	简单鹤		0		0	0	0	0
茫然无知	mrwv	简单鹤		0		0	0	0	0
迷人微笑	mrwx	简单鹤		0		0	0	0	0
母乳喂养	mrwy	简单鹤		0		0	0	0	0
默然无语	mrwy	简单鹤		0		0	0	0	0
默然相爱	mrxa	简单鹤		0		0	0	0	0
贸然行动	mrxd	简单鹤		0		0	0	0	0
买入信号	mrxh	简单鹤		0		0	0	0	0
昴日星君	mrxj	简单鹤		0		0	0	0	0
迷人笑容	mrxr	简单鹤		0		0	0	0	0
名人效应	mrxy	简单鹤		0		0	0	0	0
每人一份	mryf	简单鹤		0		0	0	0	0
每日一题	mryt	简单鹤		0		0	0	0	0
名人轶事	mryu	简单鹤		0		0	0	0	0
每日一水	mryu	简单鹤		0		0	0	0	0
美容养生	mryu	简单鹤		0		0	0	0	0
美容养颜	mryy	简单鹤		0		0	0	0	0
默认应用	mryy	简单鹤		0		0	0	0	0
面色苍白	mscb	简单鹤		0		0	0	0	0
摩斯电码	msdm	简单鹤		0		0	0	0	0
马赛回旋	mshx	简单鹤		0		0	0	0	0
面色潮红	msih	简单鹤		0		0	0	0	0
免死金牌	msjp	简单鹤		0		0	0	0	0
喵斯快跑	mskp	简单鹤		0		0	0	0	0
卖死卖活	msmh	简单鹤		0		0	0	0	0
没什么空	msmk	简单鹤		0		0	0	0	0
摩斯密码	msmm	简单鹤		0		0	0	0	0
没什么用	msmy	简单鹤		0		0	0	0	0
面色凝重	msnv	简单鹤		0		0	0	0	0
貌似潘安	mspa	简单鹤		0		0	0	0	0
面色如土	msrt	简单鹤		1		0	0	0	0
面色铁青	mstq	简单鹤		0		0	0	0	0
冒死相救	msxj	简单鹤		0		0	0	0	0
明骚易躲	msyd	简单鹤		0		0	0	0	0
面色一沉	msyi	简单鹤		0		0	0	0	0
埋三怨四	msys	简单鹤		0		0	0	0	0
明推暗就	mtaj	简单鹤		1		0	0	0	0
媒体报道	mtbd	简单鹤		0		0	0	0	0
苗头不对	mtbd	简单鹤		0		0	0	0	0
满头白发	mtbf	简单鹤		0		0	0	0	0
明天白天	mtbt	简单鹤		0		0	0	0	0
明天傍晚	mtbw	简单鹤		0		0	0	0	0
每天傍晚	mtbw	简单鹤		0		0	0	0	0
没听错吧	mtcb	简单鹤		0		0	0	0	0
母胎单身	mtdu	简单鹤		0		0	0	0	0
满天都是	mtdu	简单鹤		0		0	0	0	0
蒙头大睡	mtdu	简单鹤		0		0	0	0	0
漫天大雪	mtdx	简单鹤		0		0	0	0	0
漫天风沙	mtfu	简单鹤		0		0	0	0	0
满天繁星	mtfx	简单鹤		0		0	0	0	0
弥天盖地	mtgd	简单鹤		0		0	0	0	0
木头疙瘩	mtgd	简单鹤		0		0	0	0	0
麦田怪圈	mtgq	简单鹤		0		0	0	0	0
莫谈国事	mtgu	简单鹤		0		0	0	0	0
莫谈国是	mtgu	简单鹤		0		0	0	0	0
明天黄昏	mthh	简单鹤		0		0	0	0	0
每天黄昏	mthh	简单鹤		0		0	0	0	0
漫天花雨	mthy	简单鹤		0		0	0	0	0
马桶搋子	mtiz	简单鹤		0		0	0	0	0
眉头紧蹙	mtjc	简单鹤		0		0	0	0	0
眉头紧锁	mtjs	简单鹤		0		0	0	0	0
媒体记者	mtjv	简单鹤		0		0	0	0	0
眉头紧皱	mtjv	简单鹤		0		0	0	0	0
美图看看	mtkk	简单鹤		0		0	0	0	0
明天开始	mtku	简单鹤		0		0	0	0	0
明天凌晨	mtli	简单鹤		0		0	0	0	0
每天凌晨	mtli	简单鹤		0		0	0	0	0
明天黎明	mtlm	简单鹤		0		0	0	0	0
每天黎明	mtlm	简单鹤		0		0	0	0	0
没听明白	mtmb	简单鹤		0		0	0	0	0
漫天漫地	mtmd	简单鹤		0		0	0	0	0
秒天秒地	mtmd	简单鹤		0		0	0	0	0
明天你好	mtnh	简单鹤		0		0	0	0	0
媒体披露	mtpl	简单鹤		0		0	0	0	0
明天清晨	mtqi	简单鹤		0		0	0	0	0
每天清晨	mtqi	简单鹤		0		0	0	0	0
没听清楚	mtqi	简单鹤		0		0	0	0	0
每天上班	mtub	简单鹤		0		0	0	0	0
没听说过	mtug	简单鹤		0		0	0	0	0
没图说个	mtug	简单鹤		0		0	0	0	0
满头是汗	mtuh	简单鹤		0		0	0	0	0
每天上午	mtuw	简单鹤		0		0	0	0	0
庙堂之上	mtvu	简单鹤		0		0	0	0	0
明天中午	mtvw	简单鹤		0		0	0	0	0
每天中午	mtvw	简单鹤		0		0	0	0	0
眉头微蹙	mtwc	简单鹤		0		0	0	0	0
美团外卖	mtwm	简单鹤		0		0	0	0	0
明天晚上	mtwu	简单鹤		0		0	0	0	0
每天晚上	mtwu	简单鹤		0		0	0	0	0
眉头微皱	mtwv	简单鹤		0		0	0	0	0
每天下班	mtxb	简单鹤		0		0	0	0	0
满天星光	mtxg	简单鹤		0		0	0	0	0
毛头小伙	mtxh	简单鹤		0		0	0	0	0
媒体宣传	mtxi	简单鹤		0		0	0	0	0
每天下午	mtxw	简单鹤		0		0	0	0	0
木桶效应	mtxy	简单鹤		0		0	0	0	0
马太效应	mtxy	简单鹤		0		0	0	0	0
每天一部	mtyb	简单鹤		0		0	0	0	0
满头银发	mtyf	简单鹤		0		0	0	0	0
木桶原理	mtyl	简单鹤		0		0	0	0	0
明天夜晚	mtyw	简单鹤		0		0	0	0	0
每天夜晚	mtyw	简单鹤		0		0	0	0	0
明天一早	mtyz	简单鹤		0		0	0	0	0
明天早晨	mtzi	简单鹤		0		0	0	0	0
每天早晨	mtzi	简单鹤		0		0	0	0	0
明天再说	mtzu	简单鹤		0		0	0	0	0
明天早上	mtzu	简单鹤		0		0	0	0	0
每天早上	mtzu	简单鹤		0		0	0	0	0
命题作文	mtzw	简单鹤		0		0	0	0	0
名声不好	mubh	简单鹤		0		0	0	0	0
美式霸凌	mubl	简单鹤		0		0	0	0	0
迷失本性	mubx	简单鹤		0		0	0	0	0
没啥必要	muby	简单鹤		0		0	0	0	0
没收财产	muci	简单鹤		0		0	0	0	0
没剩多少	mudu	简单鹤		0		0	0	0	0
没啥大事	mudu	简单鹤		0		0	0	0	0
茅山道士	mudu	简单鹤		0		0	0	0	0
名声大震	mudv	简单鹤		0		0	0	0	0
魔术方块	mufk	简单鹤		0		0	0	0	0
民事法律	mufl	简单鹤		0		0	0	0	0
藐视法庭	muft	简单鹤		0		0	0	0	0
没啥反应	mufy	简单鹤		0		0	0	0	0
美式发音	mufy	简单鹤		0		0	0	0	0
没说过话	mugh	简单鹤		0		0	0	0	0
没啥感觉	mugj	简单鹤		0		0	0	0	0
名师高徒	mugt	简单鹤		0		0	0	0	0
没上过学	mugx	简单鹤		0		0	0	0	0
名声赫赫	muhh	简单鹤		0		0	0	0	0
马上回来	muhl	简单鹤		0		0	0	0	0
美声唱法	muif	简单鹤		0		0	0	0	0
面试成功	muig	简单鹤		0		0	0	0	0
没说出口	muik	简单鹤		0		0	0	0	0
马上就到	mujd	简单鹤		0		0	0	0	0
民事纠纷	mujf	简单鹤		0		0	0	0	0
没事就好	mujh	简单鹤		0		0	0	0	0
美式居合	mujh	简单鹤		0		0	0	0	0
没时间了	mujl	简单鹤		0		0	0	0	0
美式九球	mujq	简单鹤		0		0	0	0	0
名师讲堂	mujt	简单鹤		0		0	0	0	0
美式截停	mujt	简单鹤		0		0	0	0	0
马上就行	mujx	简单鹤		0		0	0	0	0
马上就要	mujy	简单鹤		0		0	0	0	0
马上就走	mujz	简单鹤		0		0	0	0	0
猫屎咖啡	mukf	简单鹤		0		0	0	0	0
没事可干	mukg	简单鹤		0		0	0	0	0
马上看花	mukh	简单鹤		1		0	0	0	0
没啥可说	muku	简单鹤		0		0	0	0	0
马上开始	muku	简单鹤		0		0	0	0	0
梅山六圣	mulu	简单鹤		0		0	0	0	0
美术老师	mulu	简单鹤		0		0	0	0	0
没啥两样	muly	简单鹤		0		0	0	0	0
没啥理由	muly	简单鹤		0		0	0	0	0
没啥毛病	mumb	简单鹤		0		0	0	0	0
没什么错	mumc	简单鹤		0		0	0	0	0
忙手忙脚	mumj	简单鹤		0		0	0	0	0
名实难副	munf	简单鹤		1		0	0	0	0
貌胜潘安	mupa	简单鹤		0		0	0	0	0
民事赔偿	mupi	简单鹤		0		0	0	0	0
美术培训	mupx	简单鹤		0		0	0	0	0
没啥区别	muqb	简单鹤		0		0	0	0	0
目视前方	muqf	简单鹤		0		0	0	0	0
骂上热搜	murs	简单鹤		0		0	0	0	0
名声扫地	musd	简单鹤		0		0	0	0	0
蒙受损失	musu	简单鹤		0		0	0	0	0
民事调解	mutj	简单鹤		0		0	0	0	0
密室逃脱	mutt	简单鹤		0		0	0	0	0
美食特写	mutx	简单鹤		0		0	0	0	0
美术设计	muuj	简单鹤		0		0	0	0	0
魔兽世界	muuj	简单鹤		0		0	0	0	0
闷声赚钱	muvq	简单鹤		0		0	0	0	0
满是皱纹	muvw	简单鹤		0		0	0	0	0
米十五笔	muwb	简单鹤		0		0	0	0	0
卖身为奴	muwn	简单鹤		0		0	0	0	0
没啥问题	muwt	简单鹤		0		0	0	0	0
梅山兄弟	muxd	简单鹤		0		0	0	0	0
马上行动	muxd	简单鹤		0		0	0	0	0
名声显赫	muxh	简单鹤		0		0	0	0	0
民事行为	muxw	简单鹤		0		0	0	0	0
没使用过	muyg	简单鹤		0		0	0	0	0
没啥用处	muyi	简单鹤		0		0	0	0	0
美式幽默	muym	简单鹤		0		0	0	0	0
猫鼠游戏	muyx	简单鹤		0		0	0	0	0
没啥意义	muyy	简单鹤		0		0	0	0	0
美式英语	muyy	简单鹤		0		0	0	0	0
蒙上阴影	muyy	简单鹤		0		0	0	0	0
迷失自我	muzw	简单鹤		0		0	0	0	0
每周必看	mvbk	简单鹤		0		0	0	0	0
民众参与	mvcy	简单鹤		0		0	0	0	0
美洲大蠊	mvdl	简单鹤		0		0	0	0	0
美洲大陆	mvdl	简单鹤		0		0	0	0	0
门诊大楼	mvdl	简单鹤		0		0	0	0	0
明知道是	mvdu	简单鹤		0		0	0	0	0
某种东西	mvdx	简单鹤		0		0	0	0	0
某种方法	mvff	简单鹤		0		0	0	0	0
铭诸肺腑	mvff	简单鹤		1		0	0	0	0
某种方式	mvfu	简单鹤		0		0	0	0	0
民主法制	mvfv	简单鹤		0		0	0	0	0
蜜汁尴尬	mvgg	简单鹤		0		0	0	0	0
面罩共鸣	mvgm	简单鹤		0		0	0	0	0
蜜汁好听	mvht	简单鹤		0		0	0	0	0
没这回事	mvhu	简单鹤		0		0	0	0	0
忙中出错	mvic	简单鹤	372	0		0	0	0	0
忙中出乱	mvil	简单鹤		0		0	0	0	0
马中赤兔	mvit	简单鹤		0		0	0	0	0
蜜汁叉烧	mviu	简单鹤		0		0	0	0	0
民主决策	mvjc	简单鹤		0		0	0	0	0
木质结构	mvjg	简单鹤		0		0	0	0	0
木制吉他	mvjt	简单鹤		0		0	0	0	0
梦中惊醒	mvjx	简单鹤		0		0	0	0	0
满纸空文	mvkw	简单鹤		0		0	0	0	0
满纸空言	mvky	简单鹤		1		0	0	0	0
每周礼包	mvlb	简单鹤		0		0	0	0	0
猫捉老鼠	mvlu	简单鹤		0		0	0	0	0
摸着良心	mvlx	简单鹤		0		0	0	0	0
命中目标	mvmb	简单鹤		0		0	0	0	0
买这买那	mvmn	简单鹤		0		0	0	0	0
忙这忙那	mvmn	简单鹤		0		0	0	0	0
忙着忙着	mvmv	简单鹤		0		0	0	0	0
木制品厂	mvpi	简单鹤		0		0	0	0	0
每周签到	mvqd	简单鹤		0		0	0	0	0
某种情况	mvqk	简单鹤		0		0	0	0	0
梦中情猫	mvqm	简单鹤		0		0	0	0	0
卖主求荣	mvqr	简单鹤		1		0	0	0	0
梦中情人	mvqr	简单鹤		0		0	0	0	0
目指气使	mvqu	简单鹤		1		0	0	0	0
冒着热气	mvrq	简单鹤		0		0	0	0	0
每周任务	mvrw	简单鹤		0		0	0	0	0
忙中添乱	mvtl	简单鹤		0		0	0	0	0
蜜汁凸起	mvtq	简单鹤		0		0	0	0	0
蜜汁视角	mvuj	简单鹤		0		0	0	0	0
某种事物	mvuw	简单鹤		0		0	0	0	0
民主政权	mvvq	简单鹤		0		0	0	0	0
民主政体	mvvt	简单鹤		0		0	0	0	0
拇指外翻	mvwf	简单鹤		0		0	0	0	0
墨汁未干	mvwg	简单鹤		1		0	0	0	0
满朝文武	mvww	简单鹤		0		0	0	0	0
蜜汁微笑	mvwx	简单鹤		0		0	0	0	0
迷之微笑	mvwx	简单鹤		0		0	0	0	0
民主选举	mvxj	简单鹤		0		0	0	0	0
民主协商	mvxu	简单鹤		0		0	0	0	0
民主形式	mvxu	简单鹤		0		0	0	0	0
民主宪政	mvxv	简单鹤		0		0	0	0	0
忙中有错	mvyc	简单鹤		1		0	0	0	0
眯着眼睛	mvyj	简单鹤		0		0	0	0	0
蒙住眼睛	mvyj	简单鹤		0		0	0	0	0
蜜汁自信	mvzx	简单鹤		0		0	0	0	0
迷之自信	mvzx	简单鹤		0		0	0	0	0
迷雾重重	mwii	简单鹤		0		0	0	0	0
蛮王冲撞	mwiv	简单鹤		0		0	0	0	0
慢无可慢	mwkm	简单鹤		0		0	0	0	0
骂我可以	mwky	简单鹤		0		0	0	0	0
没问清楚	mwqi	简单鹤		0		0	0	0	0
莫问前程	mwqi	简单鹤		0		0	0	0	0
没问题了	mwtl	简单鹤		0		0	0	0	0
末位淘汰	mwtt	简单鹤		0		0	0	0	0
漫威宇宙	mwyv	简单鹤		0		0	0	0	0
渺无音信	mwyx	简单鹤		1		0	0	0	0
蜜雪冰城	mxbi	简单鹤		0		0	0	0	0
暮雪白头	mxbt	简单鹤		0		0	0	0	0
明显不是	mxbu	简单鹤		0		0	0	0	0
萌新爆照	mxbv	简单鹤		0		0	0	0	0
没想到吧	mxdb	简单鹤		0		0	0	0	0
某些地方	mxdf	简单鹤		0		0	0	0	0
面向大海	mxdh	简单鹤		0		0	0	0	0
某些东西	mxdx	简单鹤		0		0	0	0	0
面向对象	mxdx	简单鹤		0		0	0	0	0
门下弟子	mxdz	简单鹤		0		0	0	0	0
埋下伏笔	mxfb	简单鹤		0		0	0	0	0
满血复活	mxfh	简单鹤		0		0	0	0	0
某些国家	mxgj	简单鹤		0		0	0	0	0
明显改善	mxgu	简单鹤		0		0	0	0	0
冒险活动	mxhd	简单鹤		0		0	0	0	0
迷信活动	mxhd	简单鹤		0		0	0	0	0
明显好转	mxhv	简单鹤		0		0	0	0	0
明显降低	mxjd	简单鹤		0		0	0	0	0
明显加快	mxjk	简单鹤		0		0	0	0	0
明显减弱	mxjr	简单鹤		0		0	0	0	0
冒险精神	mxju	简单鹤		0		0	0	0	0
门线技术	mxju	简单鹤		0		0	0	0	0
没想明白	mxmb	简单鹤		0		0	0	0	0
梦想破灭	mxpm	简单鹤		0		0	0	0	0
没兴趣的	mxqd	简单鹤		0		0	0	0	0
萌新求带	mxqd	简单鹤		0		0	0	0	0
没想清楚	mxqi	简单鹤		0		0	0	0	0
没想起来	mxql	简单鹤		0		0	0	0	0
迷信权威	mxqw	简单鹤		0		0	0	0	0
慢性死亡	mxsw	简单鹤		0		0	0	0	0
迷信思想	mxsx	简单鹤		0		0	0	0	0
明显提升	mxtu	简单鹤		0		0	0	0	0
梦醒时分	mxuf	简单鹤		0		0	0	0	0
某些时候	mxuh	简单鹤		0		0	0	0	0
母系社会	mxuh	简单鹤		0		0	0	0	0
面向市场	mxui	简单鹤		0		0	0	0	0
面向世界	mxuj	简单鹤		0		0	0	0	0
某些事情	mxuq	简单鹤		0		0	0	0	0
买凶杀人	mxur	简单鹤		0		0	0	0	0
慢性肾衰	mxuu	简单鹤		0		0	0	0	0
木樨柿子	mxuz	简单鹤		0		0	0	0	0
母系氏族	mxuz	简单鹤		0		0	0	0	0
明星主播	mxvb	简单鹤		0		0	0	0	0
某些问题	mxwt	简单鹤		0		0	0	0	0
慢性胃炎	mxwy	简单鹤		0		0	0	0	0
明星选手	mxxu	简单鹤		0		0	0	0	0
满心希望	mxxw	简单鹤		0		0	0	0	0
命悬一发	mxyf	简单鹤		0		0	0	0	0
面向用户	mxyh	简单鹤		0		0	0	0	0
明仙宇宙	mxyv	简单鹤		0		0	0	0	0
慢性咽炎	mxyy	简单鹤		0		0	0	0	0
某些原因	mxyy	简单鹤		0		0	0	0	0
门下走狗	mxzg	简单鹤		0		0	0	0	0
明显增加	mxzj	简单鹤		0		0	0	0	0
蚂蚁阿福	myaf	简单鹤		0		0	0	0	0
没有别的	mybd	简单鹤		0		0	0	0	0
某一部分	mybf	简单鹤		0		0	0	0	0
没有变化	mybh	简单鹤		0		0	0	0	0
贸易保护	mybh	简单鹤		0		0	0	0	0
绵延不绝	mybj	简单鹤		0		0	0	0	0
美颜暴击	mybj	简单鹤		0		0	0	0	0
没有白来	mybl	简单鹤		0		0	0	0	0
没有不同	mybt	简单鹤		0		0	0	0	0
名誉博士	mybu	简单鹤		0		0	0	0	0
没有把握	mybw	简单鹤		0		0	0	0	0
蚂蚁财富	mycf	简单鹤		0		0	0	0	0
没有错误	mycw	简单鹤		0		0	0	0	0
没有大碍	myda	简单鹤		0		0	0	0	0
没有答案	myda	简单鹤		0		0	0	0	0
没有得到	mydd	简单鹤		0		0	0	0	0
某一地方	mydf	简单鹤		0		0	0	0	0
没有地方	mydf	简单鹤		0		0	0	0	0
没有到过	mydg	简单鹤		0		0	0	0	0
没遇到过	mydg	简单鹤		0		0	0	0	0
没有的话	mydh	简单鹤		0		0	0	0	0
没有动静	mydj	简单鹤		0		0	0	0	0
玛雅大姐	mydj	简单鹤		0		0	0	0	0
没有道理	mydl	简单鹤		0		0	0	0	0
蛮有道理	mydl	简单鹤		0		0	0	0	0
面有得色	myds	简单鹤		0		0	0	0	0
霉运当头	mydt	简单鹤		0		0	0	0	0
没有多少	mydu	简单鹤		0		0	0	0	0
没有的事	mydu	简单鹤		0		0	0	0	0
木郁达之	mydv	简单鹤		0		0	0	0	0
没有东西	mydx	简单鹤		0		0	0	0	0
没有定性	mydx	简单鹤		0		0	0	0	0
没有大用	mydy	简单鹤		0		0	0	0	0
莫予毒也	mydy	简单鹤		1		0	0	0	0
没有恶意	myey	简单鹤		0		0	0	0	0
没有防备	myfb	简单鹤		0		0	0	0	0
没有分寸	myfc	简单鹤		0		0	0	0	0
没有方法	myff	简单鹤		0		0	0	0	0
民用飞机	myfj	简单鹤		0		0	0	0	0
每一方面	myfm	简单鹤		0		0	0	0	0
没有否认	myfr	简单鹤		0		0	0	0	0
没有发生	myfu	简单鹤		0		0	0	0	0
磨牙费舌	myfu	简单鹤		0		0	0	0	0
每一分钟	myfv	简单鹤		0		0	0	0	0
没有发现	myfx	简单鹤		0		0	0	0	0
没有反应	myfy	简单鹤		0		0	0	0	0
没有法子	myfz	简单鹤		0		0	0	0	0
眉眼高低	mygd	简单鹤		0		0	0	0	0
魔音灌耳	myge	简单鹤		0		0	0	0	0
没有搞好	mygh	简单鹤		0		0	0	0	0
没有感觉	mygj	简单鹤		0		0	0	0	0
没有规律	mygl	简单鹤		0		0	0	0	0
免疫功能	mygn	简单鹤		0		0	0	0	0
没有感情	mygq	简单鹤		0		0	0	0	0
某一个人	mygr	简单鹤		0		0	0	0	0
每一个人	mygr	简单鹤		0		0	0	0	0
绵阳高中	mygv	简单鹤		0		0	0	0	0
忙于公务	mygw	简单鹤		0		0	0	0	0
贸易关系	mygx	简单鹤		0		0	0	0	0
每一个月	mygy	简单鹤		0		0	0	0	0
每一个字	mygz	简单鹤		0		0	0	0	0
没有工作	mygz	简单鹤		0		0	0	0	0
蚂蚁花呗	myhb	简单鹤		0		0	0	0	0
贸易伙伴	myhb	简单鹤		0		0	0	0	0
没有获得	myhd	简单鹤		0		0	0	0	0
眯一会儿	myhe	简单鹤		0		0	0	0	0
没有好处	myhi	简单鹤		0		0	0	0	0
没有好人	myhr	简单鹤		0		0	0	0	0
猛一回头	myht	简单鹤		0		0	0	0	0
没有好事	myhu	简单鹤		0		0	0	0	0
没有话说	myhu	简单鹤		0		0	0	0	0
名扬海外	myhw	简单鹤		0		0	0	0	0
名誉会员	myhy	简单鹤		0		0	0	0	0
没有好言	myhy	简单鹤		0		0	0	0	0
没有差别	myib	简单鹤		0		0	0	0	0
满意程度	myid	简单鹤		0		0	0	0	0
没有成功	myig	简单鹤		0		0	0	0	0
没有成见	myij	简单鹤		0		0	0	0	0
民用产品	myip	简单鹤		0		0	0	0	0
没有成为	myiw	简单鹤		0		0	0	0	0
没有出息	myix	简单鹤		0		0	0	0	0
没有出现	myix	简单鹤		0		0	0	0	0
贸易赤字	myiz	简单鹤		0		0	0	0	0
蚂蚁借呗	myjb	简单鹤		0		0	0	0	0
没有见到	myjd	简单鹤		0		0	0	0	0
蚂蚁金服	myjf	简单鹤		0		0	0	0	0
没有经过	myjg	简单鹤		0		0	0	0	0
没有结果	myjg	简单鹤		0		0	0	0	0
每一句话	myjh	简单鹤		0		0	0	0	0
没有机会	myjh	简单鹤		0		0	0	0	0
民用机场	myji	简单鹤		0		0	0	0	0
名言警句	myjj	简单鹤		0		0	0	0	0
没有精力	myjl	简单鹤		0		0	0	0	0
漫游记录	myjl	简单鹤		0		0	0	0	0
没有几天	myjt	简单鹤		0		0	0	0	0
没有尽头	myjt	简单鹤		0		0	0	0	0
名誉教授	myju	简单鹤		0		0	0	0	0
每一件事	myju	简单鹤		0		0	0	0	0
民用建筑	myjv	简单鹤		0		0	0	0	0
没有见着	myjv	简单鹤		0		0	0	0	0
没有界限	myjx	简单鹤		0		0	0	0	0
没有可比	mykb	简单鹤		0		0	0	0	0
没有看错	mykc	简单鹤		0		0	0	0	0
没有看到	mykd	简单鹤		0		0	0	0	0
没有看法	mykf	简单鹤		0		0	0	0	0
没有看出	myki	简单鹤		0		0	0	0	0
蔓延开来	mykl	简单鹤		0		0	0	0	0
没有可能	mykn	简单鹤		0		0	0	0	0
没有困难	mykn	简单鹤		0		0	0	0	0
没有客气	mykq	简单鹤		0		0	0	0	0
面有愧色	myks	简单鹤		0		0	0	0	0
没有看头	mykt	简单鹤		0		0	0	0	0
没有可说	myku	简单鹤		0		0	0	0	0
每月礼包	mylb	简单鹤		0		0	0	0	0
没有料到	myld	简单鹤		0		0	0	0	0
没有了吗	mylm	简单鹤		0		0	0	0	0
没有礼貌	mylm	简单鹤		0		0	0	0	0
没有联系	mylx	简单鹤		0		0	0	0	0
没有两样	myly	简单鹤		0		0	0	0	0
没有理由	myly	简单鹤		0		0	0	0	0
没有明白	mymb	简单鹤		0		0	0	0	0
没有目标	mymb	简单鹤		0		0	0	0	0
贸易摩擦	mymc	简单鹤		0		0	0	0	0
名烟名酒	mymj	简单鹤		0		0	0	0	0
名言名句	mymj	简单鹤		0		0	0	0	0
某月某日	mymr	简单鹤		0		0	0	0	0
没有明堂	mymt	简单鹤		0		0	0	0	0
每一秒钟	mymv	简单鹤		0		0	0	0	0
没有面子	mymz	简单鹤		0		0	0	0	0
没有难度	mynd	简单鹤		0		0	0	0	0
没有能够	myng	简单鹤		0		0	0	0	0
没有那个	myng	简单鹤		0		0	0	0	0
免疫能力	mynl	简单鹤		0		0	0	0	0
没有能力	mynl	简单鹤		0		0	0	0	0
没有那么	mynm	简单鹤		0		0	0	0	0
没有内味	mynw	简单鹤		0		0	0	0	0
没有耐心	mynx	简单鹤		0		0	0	0	0
美颜拍逼	mypb	简单鹤		0		0	0	0	0
贸易平衡	myph	简单鹤		0		0	0	0	0
没有区别	myqb	简单鹤		0		0	0	0	0
每月签到	myqd	简单鹤		0		0	0	0	0
没有确定	myqd	简单鹤		0		0	0	0	0
绵延起伏	myqf	简单鹤		0		0	0	0	0
没有去过	myqg	简单鹤		0		0	0	0	0
卖友求荣	myqr	简单鹤		1		0	0	0	0
没有企图	myqt	简单鹤		0		0	0	0	0
没有前途	myqt	简单鹤		0		0	0	0	0
没有趣味	myqw	简单鹤		0		0	0	0	0
没有如果	myrg	简单鹤		0		0	0	0	0
明月入怀	myrh	简单鹤		1		0	0	0	0
没有任何	myrh	简单鹤		0		0	0	0	0
没有人能	myrn	简单鹤		0		0	0	0	0
媚眼如丝	myrs	简单鹤		0		0	0	0	0
每月任务	myrw	简单鹤		0		0	0	0	0
没有丝毫	mysh	简单鹤		0		0	0	0	0
没意思了	mysl	简单鹤		0		0	0	0	0
蚂蚁森林	mysl	简单鹤		0		0	0	0	0
没有什么	mysm	简单鹤		0		0	0	0	0
没有素质	mysv	简单鹤		0		0	0	0	0
没有听到	mytd	简单鹤		0		0	0	0	0
没有听见	mytj	简单鹤		0		0	0	0	0
没有条件	mytj	简单鹤		0		0	0	0	0
没有退路	mytl	简单鹤		0		0	0	0	0
贸易谈判	mytp	简单鹤		0		0	0	0	0
母仪天下	mytx	简单鹤		0		0	0	0	0
没有他意	myty	简单鹤		0		0	0	0	0
蜜语甜言	myty	简单鹤		0		0	0	0	0
没意识到	myud	简单鹤		0		0	0	0	0
没有收到	myud	简单鹤		0		0	0	0	0
没有说过	myug	简单鹤		0		0	0	0	0
没有说话	myuh	简单鹤		0		0	0	0	0
没有时间	myuj	简单鹤		0		0	0	0	0
木有事情	myuq	简单鹤		0		0	0	0	0
蚂蚁上树	myuu	简单鹤		0		0	0	0	0
名誉市长	myuv	简单鹤		0		0	0	0	0
磨牙吮血	myux	简单鹤		1		0	0	0	0
麻衣神相	myux	简单鹤		0		0	0	0	0
没有声音	myuy	简单鹤		0		0	0	0	0
没有准备	myvb	简单鹤		0		0	0	0	0
没有找到	myvd	简单鹤		0		0	0	0	0
没有这个	myvg	简单鹤		0		0	0	0	0
没有止境	myvj	简单鹤		0		0	0	0	0
眉宇之间	myvj	简单鹤		0		0	0	0	0
名誉长老	myvl	简单鹤		0		0	0	0	0
没有这么	myvm	简单鹤		0		0	0	0	0
明艳照人	myvr	简单鹤		0		0	0	0	0
没有知识	myvu	简单鹤		0		0	0	0	0
美元指数	myvu	简单鹤		0		0	0	0	0
没有指望	myvw	简单鹤		0		0	0	0	0
没有之一	myvy	简单鹤		0		0	0	0	0
没有这样	myvy	简单鹤		0		0	0	0	0
没有完成	mywi	简单鹤		0		0	0	0	0
没有忘记	mywj	简单鹤		0		0	0	0	0
玛雅文明	mywm	简单鹤		0		0	0	0	0
没有污染	mywr	简单鹤		0		0	0	0	0
没有问题	mywt	简单鹤		0		0	0	0	0
美玉无瑕	mywx	简单鹤		1		0	0	0	0
没有想法	myxf	简单鹤		0		0	0	0	0
没有想过	myxg	简单鹤		0		0	0	0	0
没有效果	myxg	简单鹤		0		0	0	0	0
没有信号	myxh	简单鹤		0		0	0	0	0
没有想好	myxh	简单鹤		0		0	0	0	0
名誉校长	myxi	简单鹤		0		0	0	0	0
母语羞耻	myxi	简单鹤		0		0	0	0	0
没有兴趣	myxq	简单鹤		0		0	0	0	0
没有心情	myxq	简单鹤		0		0	0	0	0
没有心思	myxs	简单鹤		0		0	0	0	0
免疫系统	myxt	简单鹤		0		0	0	0	0
没有学上	myxu	简单鹤		0		0	0	0	0
没有希望	myxw	简单鹤		0		0	0	0	0
没有下限	myxx	简单鹤		0		0	0	0	0
没有信心	myxx	简单鹤		0		0	0	0	0
魔焰猩猩	myxx	简单鹤		0		0	0	0	0
没有需要	myxy	简单鹤		0		0	0	0	0
没有一次	myyc	简单鹤		0		0	0	0	0
免疫应答	myyd	简单鹤		0		0	0	0	0
没有一点	myyd	简单鹤		0		0	0	0	0
没有一个	myyg	简单鹤		0		0	0	0	0
没有优惠	myyh	简单鹤		0		0	0	0	0
没有遗憾	myyh	简单鹤		0		0	0	0	0
没有用处	myyi	简单鹤		0		0	0	0	0
没有意见	myyj	简单鹤		0		0	0	0	0
没有压力	myyl	简单鹤		0		0	0	0	0
母婴用品	myyp	简单鹤		0		0	0	0	0
没有勇气	myyq	简单鹤		0		0	0	0	0
蛮有一套	myyt	简单鹤		0		0	0	0	0
母语优势	myyu	简单鹤		0		0	0	0	0
美衣玉食	myyu	简单鹤		0		0	0	0	0
免疫抑制	myyv	简单鹤		0		0	0	0	0
没有一种	myyv	简单鹤		0		0	0	0	0
没有因为	myyw	简单鹤		0		0	0	0	0
没有疑问	myyw	简单鹤		0		0	0	0	0
没有印象	myyx	简单鹤		0		0	0	0	0
没有影响	myyx	简单鹤		0		0	0	0	0
没有音讯	myyx	简单鹤		0		0	0	0	0
没有原因	myyy	简单鹤		0		0	0	0	0
没有意义	myyy	简单鹤		0		0	0	0	0
民营资本	myzb	简单鹤		0		0	0	0	0
没有做好	myzh	简单鹤		0		0	0	0	0
没有作声	myzu	简单鹤		0		0	0	0	0
买一赠一	myzy	简单鹤		0		0	0	0	0
没有作用	myzy	简单鹤		0		0	0	0	0
民族败类	mzbl	简单鹤		0		0	0	0	0
满足不了	mzbl	简单鹤		0		0	0	0	0
慢走不送	mzbs	简单鹤		0		0	0	0	0
民族地区	mzdq	简单鹤		0		0	0	0	0
民族大学	mzdx	简单鹤		0		0	0	0	0
民族大义	mzdy	简单鹤		0		0	0	0	0
民族分裂	mzfl	简单鹤		0		0	0	0	0
面子工程	mzgi	简单鹤		0		0	0	0	0
民族国家	mzgj	简单鹤		0		0	0	0	0
民族感情	mzgq	简单鹤		0		0	0	0	0
面子果实	mzgu	简单鹤		0		0	0	0	0
母子关系	mzgx	简单鹤		0		0	0	0	0
民族关系	mzgx	简单鹤		0		0	0	0	0
民族仇恨	mzih	简单鹤		0		0	0	0	0
免遭劫难	mzjn	简单鹤		0		0	0	0	0
卯足了劲	mzlj	简单鹤		0		0	0	0	0
铆足了劲	mzlj	简单鹤		0		0	0	0	0
民族乐器	mzlq	简单鹤		0		0	0	0	0
母子连心	mzlx	简单鹤		0		0	0	0	0
没滋没味	mzmw	简单鹤		0		0	0	0	0
民族命运	mzmy	简单鹤		0		0	0	0	0
美则美矣	mzmy	简单鹤		0		0	0	0	0
满嘴喷粪	mzpf	简单鹤		0		0	0	0	0
民族品牌	mzpp	简单鹤		0		0	0	0	0
民族气节	mzqj	简单鹤		0		0	0	0	0
母子情深	mzqu	简单鹤		0		0	0	0	0
民族融合	mzrh	简单鹤		0		0	0	0	0
民族素质	mzsv	简单鹤		0		0	0	0	0
满足私欲	mzsy	简单鹤		0		0	0	0	0
民族统一	mzty	简单鹤		0		0	0	0	0
魅族手机	mzuj	简单鹤		0		0	0	0	0
免责声明	mzum	简单鹤		0		0	0	0	0
帽子叔叔	mzuu	简单鹤		0		0	0	0	0
没在身上	mzuu	简单鹤		0		0	0	0	0
埋在心底	mzxd	简单鹤		0		0	0	0	0
每走一步	mzyb	简单鹤		0		0	0	0	0
民族自豪	mzzh	简单鹤		0		0	0	0	0
满嘴脏话	mzzh	简单鹤		0		0	0	0	0
民族宗教	mzzj	简单鹤		0		0	0	0	0
你被捕了	nbbl	简单鹤		0		0	0	0	0
你并不是	nbbu	简单鹤		0		0	0	0	0
你别不信	nbbx	简单鹤		0		0	0	0	0
内部财务	nbcw	简单鹤		0		0	0	0	0
牛逼的很	nbdh	简单鹤		0		0	0	0	0
你不对劲	nbdj	简单鹤		0		0	0	0	0
难比登天	nbdt	简单鹤		0		0	0	0	0
那不废话	nbfh	简单鹤		0		0	0	0	0
内部分配	nbfp	简单鹤		0		0	0	0	0
你比方说	nbfu	简单鹤		0		0	0	0	0
内部管理	nbgl	简单鹤		0		0	0	0	0
那不过是	nbgu	简单鹤		0		0	0	0	0
内部构造	nbgz	简单鹤		0		0	0	0	0
牛逼哄哄	nbhh	简单鹤		0		0	0	0	0
内部环境	nbhj	简单鹤		0		0	0	0	0
牛逼坏了	nbhl	简单鹤		0		0	0	0	0
南北差距	nbij	简单鹤		0		0	0	0	0
拿不出来	nbil	简单鹤		0		0	0	0	0
拿不出手	nbiu	简单鹤		0		0	0	0	0
难不成是	nbiu	简单鹤		0		0	0	0	0
南北差异	nbiy	简单鹤		0		0	0	0	0
你不觉得	nbjd	简单鹤		0		0	0	0	0
内部交流	nbjl	简单鹤		0		0	0	0	0
那不就是	nbju	简单鹤		0		0	0	0	0
那不就行	nbjx	简单鹤		0		0	0	0	0
内部空间	nbkj	简单鹤		0		0	0	0	0
那不可能	nbkn	简单鹤		0		0	0	0	0
内部刊物	nbkw	简单鹤		0		0	0	0	0
南北两侧	nblc	简单鹤		0		0	0	0	0
南北绿豆	nbld	简单鹤		0		0	0	0	0
内部流出	nbli	简单鹤		0		0	0	0	0
鸟不拉屎	nblu	简单鹤		0		0	0	0	0
弄不明白	nbmb	简单鹤		0		0	0	0	0
闹不明白	nbmb	简单鹤		0		0	0	0	0
你币没了	nbml	简单鹤		0		0	0	0	0
能不能够	nbng	简单鹤		0		0	0	0	0
努不努力	nbnl	简单鹤		0		0	0	0	0
能不能用	nbny	简单鹤		0		0	0	0	0
你被骗了	nbpl	简单鹤		0		0	0	0	0
你不确定	nbqd	简单鹤		0		0	0	0	0
弄不清楚	nbqi	简单鹤		0		0	0	0	0
你比如说	nbru	简单鹤		0		0	0	0	0
内部人士	nbru	简单鹤		0		0	0	0	0
内部人员	nbry	简单鹤		0		0	0	0	0
你爸死了	nbsl	简单鹤		0		0	0	0	0
内部条件	nbtj	简单鹤		0		0	0	0	0
南北通衢	nbtq	简单鹤		0		0	0	0	0
南北通透	nbtt	简单鹤		0		0	0	0	0
农本商末	nbum	简单鹤		0		0	0	0	0
南部山区	nbuq	简单鹤		0		0	0	0	0
你不知道	nbvd	简单鹤		0		0	0	0	0
能不知道	nbvd	简单鹤		0		0	0	0	0
南部战区	nbvq	简单鹤		0		0	0	0	0
难辨真伪	nbvw	简单鹤		0		0	0	0	0
你别忘记	nbwj	简单鹤		0		0	0	0	0
内部文件	nbwj	简单鹤		0		0	0	0	0
你别忘了	nbwl	简单鹤		0		0	0	0	0
那必须的	nbxd	简单鹤		0		0	0	0	0
内部消化	nbxh	简单鹤		0		0	0	0	0
你不希望	nbxw	简单鹤		0		0	0	0	0
内部消息	nbxx	简单鹤		0		0	0	0	0
那不一定	nbyd	简单鹤		0		0	0	0	0
女不养狗	nbyg	简单鹤		0		0	0	0	0
男不养猫	nbym	简单鹤		0		0	0	0	0
你不也是	nbyu	简单鹤		0		0	0	0	0
那不一样	nbyy	简单鹤		0		0	0	0	0
内部资料	nbzl	简单鹤		0		0	0	0	0
你不早说	nbzu	简单鹤		0		0	0	0	0
内部资源	nbzy	简单鹤		0		0	0	0	0
农村保险	ncbx	简单鹤		0		0	0	0	0
内存不足	ncbz	简单鹤		0		0	0	0	0
农村地区	ncdq	简单鹤		0		0	0	0	0
农村妇女	ncfn	简单鹤		0		0	0	0	0
农村户口	nchk	简单鹤		0		0	0	0	0
内存储器	nciq	简单鹤		0		0	0	0	0
男才女貌	ncnm	简单鹤		0		0	0	0	0
农村群众	ncqv	简单鹤		0		0	0	0	0
农村人口	ncrk	简单鹤		0		0	0	0	0
内存释放	ncuf	简单鹤		0		0	0	0	0
你猜我画	ncwh	简单鹤		0		0	0	0	0
内测玩家	ncwj	简单鹤		0		0	0	0	0
内存泄漏	ncxl	简单鹤		0		0	0	0	0
内测邀请	ncyq	简单鹤		0		0	0	0	0
内测资格	nczg	简单鹤		0		0	0	0	0
南帝北丐	ndbg	简单鹤		0		0	0	0	0
那倒不会	ndbh	简单鹤		0		0	0	0	0
难道不能	ndbn	简单鹤		0		0	0	0	0
难道不怕	ndbp	简单鹤		0		0	0	0	0
那倒不如	ndbr	简单鹤		0		0	0	0	0
那倒不是	ndbu	简单鹤		0		0	0	0	0
难道不是	ndbu	简单鹤		0		0	0	0	0
扭断脖子	ndbz	简单鹤		0		0	0	0	0
难得聪明	ndcm	简单鹤		0		0	0	0	0
难当此任	ndcr	简单鹤		0		0	0	0	0
年度财务	ndcw	简单鹤		0		0	0	0	0
年度第二	ndde	简单鹤		0		0	0	0	0
拿刀动枪	nddq	简单鹤		0		0	0	0	0
难当大任	nddr	简单鹤		0		0	0	0	0
年度第三	ndds	简单鹤		0		0	0	0	0
年度第一	nddy	简单鹤		0		0	0	0	0
难度动作	nddz	简单鹤		0		0	0	0	0
脑袋瓜子	ndgz	简单鹤		0		0	0	0	0
难度很大	ndhd	简单鹤		0		0	0	0	0
难度很高	ndhg	简单鹤		0		0	0	0	0
年代后期	ndhq	简单鹤		0		0	0	0	0
你滴寒王	ndhw	简单鹤		0		0	0	0	0
难度很小	ndhx	简单鹤		0		0	0	0	0
难道还有	ndhy	简单鹤		0		0	0	0	0
难道还要	ndhy	简单鹤		0		0	0	0	0
拿得出手	ndiu	简单鹤		0		0	0	0	0
内地警方	ndjf	简单鹤		0		0	0	0	0
脑袋空空	ndkk	简单鹤		0		0	0	0	0
难道可以	ndky	简单鹤		0		0	0	0	0
年度利润	ndlr	简单鹤		0		0	0	0	0
年代末期	ndmq	简单鹤		0		0	0	0	0
难道没有	ndmy	简单鹤		0		0	0	0	0
你的名字	ndmz	简单鹤		0		0	0	0	0
男的女的	ndnd	简单鹤		0		0	0	0	0
女大难留	ndnl	简单鹤		1		0	0	0	0
男多女少	ndnu	简单鹤		0		0	0	0	0
难道你是	ndnu	简单鹤		0		0	0	0	0
你的那些	ndnx	简单鹤		0		0	0	0	0
年底前后	ndqh	简单鹤		0		0	0	0	0
那当然了	ndrl	简单鹤		0		0	0	0	0
那当然是	ndru	简单鹤		0		0	0	0	0
你爹死了	ndsl	简单鹤		0		0	0	0	0
牛刀杀鸡	nduj	简单鹤		0		0	0	0	0
那段时间	nduj	简单鹤		0		0	0	0	0
年度爽文	nduw	简单鹤		0		0	0	0	0
那都是些	ndux	简单鹤		0		0	0	0	0
年度收益	nduy	简单鹤		0		0	0	0	0
你得知道	ndvd	简单鹤		0		0	0	0	0
难道只能	ndvn	简单鹤		0		0	0	0	0
年代中期	ndvq	简单鹤		0		0	0	0	0
你的这些	ndvx	简单鹤		0		0	0	0	0
拿定主意	ndvy	简单鹤		0		0	0	0	0
难道只有	ndvy	简单鹤		0		0	0	0	0
年底完成	ndwi	简单鹤		0		0	0	0	0
你的问题	ndwt	简单鹤		0		0	0	0	0
你对我说	ndwu	简单鹤		0		0	0	0	0
女大学生	ndxu	简单鹤		0		0	0	0	0
难度系数	ndxu	简单鹤		0		0	0	0	0
你的心中	ndxv	简单鹤		0		0	0	0	0
难道需要	ndxy	简单鹤		0		0	0	0	0
难度选择	ndxz	简单鹤		0		0	0	0	0
你大爷的	ndyd	简单鹤		0		0	0	0	0
难道应该	ndyg	简单鹤		0		0	0	0	0
难得有空	ndyk	简单鹤		0		0	0	0	0
年代以来	ndyl	简单鹤		0		0	0	0	0
哪都有你	ndyn	简单鹤		0		0	0	0	0
脑袋有泡	ndyp	简单鹤		0		0	0	0	0
你的意思	ndys	简单鹤		0		0	0	0	0
那倒也是	ndyu	简单鹤		0		0	0	0	0
年度游戏	ndyx	简单鹤		0		0	0	0	0
那倒也行	ndyx	简单鹤		0		0	0	0	0
年度总结	ndzj	简单鹤		0		0	0	0	0
年度最佳	ndzj	简单鹤		0		0	0	0	0
那档子事	ndzu	简单鹤		0		0	0	0	0
哪儿的话	nedh	简单鹤		0		0	0	0	0
你二大爷	nedy	简单鹤		0		0	0	0	0
哪儿来的	neld	简单鹤		0		0	0	0	0
女儿女婿	nenx	简单鹤		0		0	0	0	0
哪儿去了	neql	简单鹤		0		0	0	0	0
能否按照	nfav	简单鹤		0		0	0	0	0
难分彼此	nfbc	简单鹤		0		0	0	0	0
能否保持	nfbi	简单鹤		0		0	0	0	0
南方地区	nfdq	简单鹤		0		0	0	0	0
那副德性	nfdx	简单鹤		0		0	0	0	0
年方二八	nfeb	简单鹤		0		0	0	0	0
能否遏制	nfev	简单鹤		0		0	0	0	0
能否符合	nffh	简单鹤		0		0	0	0	0
逆风翻盘	nffp	简单鹤		0		0	0	0	0
能否发展	nffv	简单鹤		0		0	0	0	0
能否改变	nfgb	简单鹤		0		0	0	0	0
难分高低	nfgd	简单鹤		0		0	0	0	0
能否获得	nfhd	简单鹤		0		0	0	0	0
农夫和蛇	nfhu	简单鹤		0		0	0	0	0
年费会员	nfhy	简单鹤		0		0	0	0	0
能否成为	nfiw	简单鹤		0		0	0	0	0
能否持续	nfix	简单鹤		0		0	0	0	0
能否坚持	nfji	简单鹤		0		0	0	0	0
南方口音	nfky	简单鹤		0		0	0	0	0
闹翻了天	nflt	简单鹤		0		0	0	0	0
能否落实	nflu	简单鹤		0		0	0	0	0
逆否命题	nfmt	简单鹤		0		0	0	0	0
能否满足	nfmz	简单鹤		0		0	0	0	0
能否取得	nfqd	简单鹤		0		0	0	0	0
南方谈话	nfth	简单鹤		0		0	0	0	0
能否突破	nftp	简单鹤		0		0	0	0	0
难分胜负	nfuf	简单鹤		0		0	0	0	0
难分上下	nfux	简单鹤		0		0	0	0	0
难分仲伯	nfvb	简单鹤		0		0	0	0	0
能否知道	nfvd	简单鹤		0		0	0	0	0
内服外敷	nfwf	简单鹤		0		0	0	0	0
能否完成	nfwi	简单鹤		0		0	0	0	0
南方卫视	nfwu	简单鹤		0		0	0	0	0
女服务生	nfwu	简单鹤		0		0	0	0	0
能否享受	nfxu	简单鹤		0		0	0	0	0
难分轩轾	nfxv	简单鹤		0		0	0	0	0
女飞行员	nfxy	简单鹤		0		0	0	0	0
农夫与蛇	nfyu	简单鹤		0		0	0	0	0
能够按照	ngav	简单鹤		0		0	0	0	0
那个不错	ngbc	简单鹤		0		0	0	0	0
那个办法	ngbf	简单鹤		0		0	0	0	0
那个部分	ngbf	简单鹤		0		0	0	0	0
能够保持	ngbi	简单鹤		0		0	0	0	0
能够摆脱	ngbt	简单鹤		0		0	0	0	0
那个不是	ngbu	简单鹤		0		0	0	0	0
你管不着	ngbv	简单鹤		0		0	0	0	0
哪个不知	ngbv	简单鹤		0		0	0	0	0
年过八旬	ngbx	简单鹤		0		0	0	0	0
能够得到	ngdd	简单鹤		0		0	0	0	0
哪个地方	ngdf	简单鹤		0		0	0	0	0
那个地方	ngdf	简单鹤		0		0	0	0	0
能够带给	ngdg	简单鹤		0		0	0	0	0
那该多好	ngdh	简单鹤		0		0	0	0	0
拈弓搭箭	ngdj	简单鹤		0		0	0	0	0
能够打破	ngdp	简单鹤		0		0	0	0	0
哪个地区	ngdq	简单鹤		0		0	0	0	0
那个大人	ngdr	简单鹤		0		0	0	0	0
那个东西	ngdx	简单鹤		0		0	0	0	0
你个二逼	ngeb	简单鹤		0		0	0	0	0
你个二货	ngeh	简单鹤		0		0	0	0	0
能够覆盖	ngfg	简单鹤		0		0	0	0	0
那个房间	ngfj	简单鹤		0		0	0	0	0
哪个方面	ngfm	简单鹤		0		0	0	0	0
能够放弃	ngfq	简单鹤		0		0	0	0	0
那个过程	nggi	简单鹤		0		0	0	0	0
哪个国家	nggj	简单鹤		0		0	0	0	0
能够更快	nggk	简单鹤		0		0	0	0	0
你敢吼我	nghw	简单鹤		0		0	0	0	0
女歌唱家	ngij	简单鹤		0		0	0	0	0
能够出来	ngil	简单鹤		0		0	0	0	0
你个畜生	ngiu	简单鹤		0		0	0	0	0
那个角度	ngjd	简单鹤		0		0	0	0	0
能够解决	ngjj	简单鹤		0		0	0	0	0
能够健康	ngjk	简单鹤		0		0	0	0	0
农杆菌素	ngjs	简单鹤		0		0	0	0	0
能够接受	ngju	简单鹤		0		0	0	0	0
能够克服	ngkf	简单鹤		0		0	0	0	0
能够看出	ngki	简单鹤		0		0	0	0	0
能够可靠	ngkk	简单鹤		0		0	0	0	0
能够控制	ngkv	简单鹤		0		0	0	0	0
能够理解	nglj	简单鹤		0		0	0	0	0
能够离开	nglk	简单鹤		0		0	0	0	0
闹够了没	nglm	简单鹤		0		0	0	0	0
钮钴禄氏	nglu	简单鹤		0		0	0	0	0
能够连续	nglx	简单鹤		0		0	0	0	0
你干嘛啊	ngma	简单鹤		0		0	0	0	0
那个没有	ngmy	简单鹤		0		0	0	0	0
农耕民族	ngmz	简单鹤		0		0	0	0	0
那个年代	ngnd	简单鹤		0		0	0	0	0
能够拿出	ngni	简单鹤		0		0	0	0	0
那个女人	ngnr	简单鹤		0		0	0	0	0
那个男人	ngnr	简单鹤		0		0	0	0	0
能够平安	ngpa	简单鹤		0		0	0	0	0
内购破解	ngpj	简单鹤		0		0	0	0	0
脑干缺失	ngqu	简单鹤		0		0	0	0	0
能够如此	ngrc	简单鹤		0		0	0	0	0
那个人的	ngrd	简单鹤		0		0	0	0	0
你告诉他	ngst	简单鹤		0		0	0	0	0
你告诉她	ngst	简单鹤		0		0	0	0	0
年过三十	ngsu	简单鹤		0		0	0	0	0
你告诉我	ngsw	简单鹤		0		0	0	0	0
能够体会	ngth	简单鹤		0		0	0	0	0
能够提出	ngti	简单鹤		0		0	0	0	0
能够突破	ngtp	简单鹤		0		0	0	0	0
能够提前	ngtq	简单鹤		0		0	0	0	0
你跟他说	ngtu	简单鹤		0		0	0	0	0
你跟她说	ngtu	简单鹤		0		0	0	0	0
你个傻逼	ngub	简单鹤		0		0	0	0	0
那个时代	ngud	简单鹤		0		0	0	0	0
哪个时候	nguh	简单鹤		0		0	0	0	0
那个时候	nguh	简单鹤		0		0	0	0	0
那个世界	nguj	简单鹤		0		0	0	0	0
那个事情	nguq	简单鹤		0		0	0	0	0
那个时期	nguq	简单鹤		0		0	0	0	0
那个声音	nguy	简单鹤		0		0	0	0	0
男高中生	ngvu	简单鹤		0		0	0	0	0
那个只是	ngvu	简单鹤		0		0	0	0	0
内顾之忧	ngvy	简单鹤		1		0	0	0	0
农耕文明	ngwm	简单鹤		0		0	0	0	0
哪个问题	ngwt	简单鹤		0		0	0	0	0
那个问题	ngwt	简单鹤		0		0	0	0	0
你跟我说	ngwu	简单鹤		0		0	0	0	0
哪个学校	ngxx	简单鹤		0		0	0	0	0
那个需要	ngxy	简单鹤		0		0	0	0	0
那个意思	ngys	简单鹤		0		0	0	0	0
那个也是	ngyu	简单鹤		0		0	0	0	0
那个游戏	ngyx	简单鹤		0		0	0	0	0
那个样子	ngyz	简单鹤		0		0	0	0	0
那还不错	nhbc	简单鹤		0		0	0	0	0
你会不会	nhbh	简单鹤		0		0	0	0	0
奈何不了	nhbl	简单鹤		0		0	0	0	0
那还不如	nhbr	简单鹤		0		0	0	0	0
你还别说	nhbu	简单鹤		0		0	0	0	0
农户贷款	nhdk	简单鹤		0		0	0	0	0
那还得了	nhdl	简单鹤		0		0	0	0	0
内涵段子	nhdz	简单鹤		0		0	0	0	0
拈花而笑	nhex	简单鹤		0		0	0	0	0
内涵丰富	nhff	简单鹤		0		0	0	0	0
浓厚氛围	nhfw	简单鹤		0		0	0	0	0
那很坏了	nhhl	简单鹤		0		0	0	0	0
那很好了	nhhl	简单鹤		0		0	0	0	0
那还了得	nhld	简单鹤		0		0	0	0	0
你好厉害	nhlh	简单鹤		0		0	0	0	0
你很厉害	nhlh	简单鹤		0		0	0	0	0
你好牛逼	nhnb	简单鹤		0		0	0	0	0
你好你好	nhnh	简单鹤		0		0	0	0	0
男孩女孩	nhnh	简单鹤		0		0	0	0	0
农户签订	nhqd	简单鹤		0		0	0	0	0
你好骚啊	nhsa	简单鹤		0		0	0	0	0
年华似水	nhsu	简单鹤		0		0	0	0	0
那回事儿	nhue	简单鹤		0		0	0	0	0
那还是人	nhur	简单鹤		0		0	0	0	0
你画我猜	nhwc	简单鹤		0		0	0	0	0
你好我好	nhwh	简单鹤		0		0	0	0	0
怒吼一声	nhyu	简单鹤		0		0	0	0	0
内化于心	nhyx	简单鹤		0		0	0	0	0
女孩子的	nhzd	简单鹤		0		0	0	0	0
男孩子的	nhzd	简单鹤		0		0	0	0	0
你很在意	nhzy	简单鹤		0		0	0	0	0
奈何做贼	nhzz	简单鹤		0		0	0	0	0
酿成大错	nidc	简单鹤		0		0	0	0	0
能撑多久	nidj	简单鹤		0		0	0	0	0
难成大器	nidq	简单鹤		0		0	0	0	0
能成大事	nidu	简单鹤		0		0	0	0	0
亻尔女子	nihc	简单鹤		0		0	0	0	0
你吃了吗	nilm	简单鹤		0		0	0	0	0
闹出乱子	nilz	简单鹤		0		0	0	0	0
奶茶妹妹	nimm	简单鹤		0		0	0	0	0
能吃能喝	ninh	简单鹤		0		0	0	0	0
能吃能睡	ninu	简单鹤		0		0	0	0	0
能出其右	niqy	简单鹤		0		0	0	0	0
拿出勇气	niyq	简单鹤		0		0	0	0	0
逆臣贼子	nizz	简单鹤		1		0	0	0	0
年近半百	njbb	简单鹤		0		0	0	0	0
脑浆崩裂	njbl	简单鹤		0		0	0	0	0
脑浆迸裂	njbl	简单鹤		0		0	0	0	0
年纪大了	njdl	简单鹤		0		0	0	0	0
那就对了	njdl	简单鹤		0		0	0	0	0
你觉得呢	njdn	简单鹤		0		0	0	0	0
年级第一	njdy	简单鹤		0		0	0	0	0
怒极反笑	njfx	简单鹤		0		0	0	0	0
内家功夫	njgf	简单鹤		0		0	0	0	0
那就好了	njhl	简单鹤		0		0	0	0	0
那就好咯	njhl	简单鹤		0		0	0	0	0
那就很难	njhn	简单鹤		0		0	0	0	0
鸟叫蝉鸣	njim	简单鹤		0		0	0	0	0
那几句话	njjh	简单鹤		0		0	0	0	0
脑机接口	njjk	简单鹤		0		0	0	0	0
那就可能	njkn	简单鹤		0		0	0	0	0
那就可以	njky	简单鹤		0		0	0	0	0
凝聚力量	njll	简单鹤		0		0	0	0	0
那就没有	njmy	简单鹤		0		0	0	0	0
那就奇怪	njqg	简单鹤		0		0	0	0	0
凝聚人心	njrx	简单鹤		0		0	0	0	0
那就算了	njsl	简单鹤		0		0	0	0	0
那就说明	njum	简单鹤		0		0	0	0	0
哪件事情	njuq	简单鹤		0		0	0	0	0
那件事情	njuq	简单鹤		0		0	0	0	0
你就知道	njvd	简单鹤		0		0	0	0	0
那就只能	njvn	简单鹤		0		0	0	0	0
年级主任	njvr	简单鹤		0		0	0	0	0
那就这样	njvy	简单鹤		0		0	0	0	0
那就完了	njwl	简单鹤		0		0	0	0	0
难及万一	njwy	简单鹤		0		0	0	0	0
那就行了	njxl	简单鹤		0		0	0	0	0
匿迹销声	njxu	简单鹤		1		0	0	0	0
南极仙翁	njxw	简单鹤		0		0	0	0	0
年纪小小	njxx	简单鹤		0		0	0	0	0
农家小院	njxy	简单鹤		0		0	0	0	0
年交易额	njye	简单鹤		0		0	0	0	0
那叫一个	njyg	简单鹤		0		0	0	0	0
那就要看	njyk	简单鹤		0		0	0	0	0
脑筋一转	njyv	简单鹤		0		0	0	0	0
那可不成	nkbi	简单鹤		0		0	0	0	0
那可不是	nkbu	简单鹤		0		0	0	0	0
那可不行	nkbx	简单鹤		0		0	0	0	0
宁可不要	nkby	简单鹤		0		0	0	0	0
能看得到	nkdd	简单鹤		0		0	0	0	0
宁可放弃	nkfq	简单鹤		0		0	0	0	0
能看出来	nkil	简单鹤		0		0	0	0	0
你看看你	nkkn	简单鹤		0		0	0	0	0
那可能是	nknu	简单鹤		0		0	0	0	0
宁可忍受	nkru	简单鹤		0		0	0	0	0
囊括四海	nksh	简单鹤		1		0	0	0	0
难看死了	nksl	简单鹤		0		0	0	0	0
奈克瑟斯	nkss	简单鹤		0		0	0	0	0
诺克萨斯	nkss	简单鹤		0		0	0	0	0
讷口少言	nkuy	简单鹤		1		0	0	0	0
你看着办	nkvb	简单鹤		0		0	0	0	0
内科主任	nkvr	简单鹤		0		0	0	0	0
你可知罪	nkvz	简单鹤		0		0	0	0	0
宁可牺牲	nkxu	简单鹤		0		0	0	0	0
你看又急	nkyj	简单鹤		0		0	0	0	0
你可以去	nkyq	简单鹤		0		0	0	0	0
内科医生	nkyu	简单鹤		0		0	0	0	0
能力不够	nlbg	简单鹤		0		0	0	0	0
哪里不好	nlbh	简单鹤		0		0	0	0	0
捏了把汗	nlbh	简单鹤		0		0	0	0	0
努力保持	nlbi	简单鹤		0		0	0	0	0
能连不交	nlbj	简单鹤		0		0	0	0	0
努力避免	nlbm	简单鹤		0		0	0	0	0
拿来吧你	nlbn	简单鹤		0		0	0	0	0
能力薄弱	nlbr	简单鹤		0		0	0	0	0
南粮北调	nlbt	简单鹤		0		0	0	0	0
闹了半天	nlbt	简单鹤		0		0	0	0	0
年龄不小	nlbx	简单鹤		0		0	0	0	0
能力不足	nlbz	简单鹤		0		0	0	0	0
能力测试	nlcu	简单鹤		0		0	0	0	0
努力打拼	nldp	简单鹤		0		0	0	0	0
内陆地区	nldq	简单鹤		0		0	0	0	0
哪里都是	nldu	简单鹤		0		0	0	0	0
闹里打转	nldv	简单鹤		0		0	0	0	0
能量代谢	nldx	简单鹤		0		0	0	0	0
能力发挥	nlfh	简单鹤		0		0	0	0	0
努力付出	nlfi	简单鹤		0		0	0	0	0
能力范畴	nlfi	简单鹤		0		0	0	0	0
能力发展	nlfv	简单鹤		0		0	0	0	0
能力范围	nlfw	简单鹤		0		0	0	0	0
努力方向	nlfx	简单鹤		0		0	0	0	0
能力分析	nlfx	简单鹤		0		0	0	0	0
努力改变	nlgb	简单鹤		0		0	0	0	0
尿路感染	nlgr	简单鹤		0		0	0	0	0
努力改善	nlgu	简单鹤		0		0	0	0	0
努力工作	nlgz	简单鹤		0		0	0	0	0
那路或多	nlhd	简单鹤		0		0	0	0	0
能力很差	nlhi	简单鹤		0		0	0	0	0
你脸红啦	nlhl	简单鹤		0		0	0	0	0
逆流成河	nlih	简单鹤		0		0	0	0	0
能力出色	nlis	简单鹤		0		0	0	0	0
努力坚持	nlji	简单鹤		0		0	0	0	0
努力开辟	nlkb	简单鹤		0		0	0	0	0
能力考核	nlkh	简单鹤		0		0	0	0	0
努力开创	nlki	简单鹤		0		0	0	0	0
努力开拓	nlkt	简单鹤		0		0	0	0	0
努力练习	nllx	简单鹤		0		0	0	0	0
纳了闷了	nlml	简单鹤		0		0	0	0	0
哪里哪里	nlnl	简单鹤		0		0	0	0	0
弄来弄去	nlnq	简单鹤		0		0	0	0	0
闹来闹去	nlnq	简单鹤		0		0	0	0	0
挠了挠头	nlnt	简单鹤		0		0	0	0	0
男来女往	nlnw	简单鹤		0		0	0	0	0
能里能外	nlnw	简单鹤		0		0	0	0	0
努力拼搏	nlpb	简单鹤		0		0	0	0	0
能力评估	nlpg	简单鹤		0		0	0	0	0
能力评价	nlpj	简单鹤		0		0	0	0	0
能力培训	nlpx	简单鹤		0		0	0	0	0
能力培养	nlpy	简单鹤		0		0	0	0	0
哪里去了	nlql	简单鹤		0		0	0	0	0
你老人家	nlrj	简单鹤		0		0	0	0	0
您老人家	nlrj	简单鹤		0		0	0	0	0
年龄人口	nlrk	简单鹤		0		0	0	0	0
难凉热血	nlrx	简单鹤		0		0	0	0	0
能力所及	nlsj	简单鹤		0		0	0	0	0
能力所限	nlsx	简单鹤		0		0	0	0	0
能力突出	nlti	简单鹤		0		0	0	0	0
努力推进	nltj	简单鹤		0		0	0	0	0
努力拓宽	nltk	简单鹤		0		0	0	0	0
内力深厚	nluh	简单鹤		0		0	0	0	0
能量守恒	nluh	简单鹤		0		0	0	0	0
能力水平	nlup	简单鹤		0		0	0	0	0
努力适应	nluy	简单鹤		0		0	0	0	0
女流之辈	nlvb	简单鹤	30	0		0	0	0	0
你来真的	nlvd	简单鹤		0		0	0	0	0
哪里知道	nlvd	简单鹤		0		0	0	0	0
努力争取	nlvq	简单鹤		0		0	0	0	0
努力赚钱	nlvq	简单鹤		0		0	0	0	0
努力之下	nlvx	简单鹤		0		0	0	0	0
努力无悔	nlwh	简单鹤		0		0	0	0	0
努力完成	nlwi	简单鹤		0		0	0	0	0
你来我去	nlwq	简单鹤		0		0	0	0	0
努力微笑	nlwx	简单鹤		0		0	0	0	0
年龄性别	nlxb	简单鹤		0		0	0	0	0
能量消耗	nlxh	简单鹤		0		0	0	0	0
能力训练	nlxl	简单鹤		0		0	0	0	0
能力一般	nlyb	简单鹤		0		0	0	0	0
哪里有卖	nlym	简单鹤		0		0	0	0	0
纳兰嫣然	nlyr	简单鹤		0		0	0	0	0
能力有限	nlyx	简单鹤		0		0	0	0	0
努力做到	nlzd	简单鹤		0		0	0	0	0
农民伯伯	nmbb	简单鹤		0		0	0	0	0
你妈逼的	nmbd	简单鹤		0		0	0	0	0
你们不会	nmbh	简单鹤		0		0	0	0	0
你妈逼你	nmbn	简单鹤		0		0	0	0	0
你们不是	nmbu	简单鹤		0		0	0	0	0
那么便宜	nmby	简单鹤		0		0	0	0	0
纳木措湖	nmch	简单鹤		0		0	0	0	0
耐磨材料	nmcl	简单鹤		0		0	0	0	0
那么多年	nmdn	简单鹤		0		0	0	0	0
那么多人	nmdr	简单鹤		0		0	0	0	0
那么多天	nmdt	简单鹤		0		0	0	0	0
脑满肥肠	nmfi	简单鹤		0		0	0	0	0
你妈个逼	nmgb	简单鹤		0		0	0	0	0
你们够了	nmgl	简单鹤		0		0	0	0	0
农民革命	nmgm	简单鹤		0		0	0	0	0
纳米工艺	nmgy	简单鹤		0		0	0	0	0
那么好的	nmhd	简单鹤		0		0	0	0	0
你妈臭比	nmib	简单鹤		0		0	0	0	0
你妈臭逼	nmib	简单鹤		0		0	0	0	0
牛魔酬宾	nmib	简单鹤		0		0	0	0	0
你们觉得	nmjd	简单鹤		0		0	0	0	0
那么简单	nmjd	简单鹤		0		0	0	0	0
那么几个	nmjg	简单鹤		0		0	0	0	0
那么就会	nmjh	简单鹤		0		0	0	0	0
娘们唧唧	nmjj	简单鹤		0		0	0	0	0
那么久了	nmjl	简单鹤		0		0	0	0	0
农民家庭	nmjt	简单鹤		0		0	0	0	0
那么几天	nmjt	简单鹤		0		0	0	0	0
那么就是	nmju	简单鹤		0		0	0	0	0
那美克星	nmkx	简单鹤		0		0	0	0	0
你们两个	nmlg	简单鹤		0		0	0	0	0
那么厉害	nmlh	简单鹤		0		0	0	0	0
驽马恋栈	nmlv	简单鹤		1		0	0	0	0
你妈卖批	nmmp	简单鹤		0		0	0	0	0
你忙你的	nmnd	简单鹤		0		0	0	0	0
男默女泪	nmnl	简单鹤		0		0	0	0	0
农民群众	nmqv	简单鹤		0		0	0	0	0
南蛮入侵	nmrq	简单鹤		0		0	0	0	0
那么容易	nmry	简单鹤		0		0	0	0	0
你妈死了	nmsl	简单鹤		0		0	0	0	0
你没听错	nmtc	简单鹤		0		0	0	0	0
你没事吧	nmub	简单鹤		0		0	0	0	0
你们说过	nmug	简单鹤		0		0	0	0	0
那没事了	nmul	简单鹤		0		0	0	0	0
农民收入	nmur	简单鹤		0		0	0	0	0
那么这个	nmvg	简单鹤		0		0	0	0	0
你妈炸了	nmvl	简单鹤		0		0	0	0	0
那么这样	nmvy	简单鹤		0		0	0	0	0
那么我们	nmwm	简单鹤		0		0	0	0	0
农民问题	nmwt	简单鹤		0		0	0	0	0
那么喜欢	nmxh	简单鹤		0		0	0	0	0
内幕消息	nmxx	简单鹤		0		0	0	0	0
匿名消息	nmxx	简单鹤		0		0	0	0	0
那么一次	nmyc	简单鹤		0		0	0	0	0
那么一点	nmyd	简单鹤		0		0	0	0	0
那么一个	nmyg	简单鹤		0		0	0	0	0
那么一种	nmyv	简单鹤		0		0	0	0	0
那么一些	nmyx	简单鹤		0		0	0	0	0
你们自己	nmzj	简单鹤		0		0	0	0	0
哪门子事	nmzu	简单鹤		0		0	0	0	0
忸怩不安	nnba	简单鹤		1		0	0	0	0
男女不限	nnbx	简单鹤		0		0	0	0	0
男女对唱	nndi	简单鹤		0		0	0	0	0
难念的经	nndj	简单鹤		0		0	0	0	0
男女对立	nndl	简单鹤		0		0	0	0	0
男女搭配	nndp	简单鹤		0		0	0	0	0
喃喃地说	nndu	简单鹤		0		0	0	0	0
尿尿分叉	nnfi	简单鹤		0		0	0	0	0
奶奶个腿	nngt	简单鹤		0		0	0	0	0
奶奶个熊	nngx	简单鹤		0		0	0	0	0
袅袅炊烟	nniy	简单鹤		0		0	0	0	0
那你就去	nnjq	简单鹤		0		0	0	0	0
那年今日	nnjr	简单鹤		0		0	0	0	0
诺诺连声	nnlu	简单鹤		1		0	0	0	0
哪年哪月	nnny	简单鹤		0		0	0	0	0
袅袅娉娉	nnpp	简单鹤		1		0	0	0	0
男女朋友	nnpy	简单鹤		0		0	0	0	0
年年如此	nnrc	简单鹤		0		0	0	0	0
你娘死了	nnsl	简单鹤		0		0	0	0	0
男女通吃	nnti	简单鹤		0		0	0	0	0
男女双打	nnud	简单鹤		0		0	0	0	0
男女之别	nnvb	简单鹤		0		0	0	0	0
男女之分	nnvf	简单鹤		0		0	0	0	0
男女之间	nnvj	简单鹤		0		0	0	0	0
男女之事	nnvu	简单鹤		0		0	0	0	0
能奈我何	nnwh	简单鹤		0		0	0	0	0
你侬我侬	nnwn	简单鹤		0		0	0	0	0
那你问我	nnww	简单鹤		0		0	0	0	0
涅槃重生	npiu	简单鹤		0		0	0	0	0
那片蓝天	nplt	简单鹤		0		0	0	0	0
尿频尿急	npnj	简单鹤		0		0	0	0	0
你凭什么	npsm	简单鹤		0		0	0	0	0
你怕什么	npsm	简单鹤		0		0	0	0	0
南派三叔	npsu	简单鹤		0		0	0	0	0
那片天空	nptk	简单鹤		0		0	0	0	0
拿钱办事	nqbu	简单鹤		0		0	0	0	0
那岂不是	nqbu	简单鹤		0		0	0	0	0
怒其不争	nqbv	简单鹤		0		0	0	0	0
年轻夫妇	nqff	简单鹤		0		0	0	0	0
你去干掉	nqgd	简单鹤		0		0	0	0	0
牛气哄哄	nqhh	简单鹤		0		0	0	0	0
弄清楚了	nqil	简单鹤		0		0	0	0	0
年轻老师	nqlu	简单鹤		0		0	0	0	0
南拳妈妈	nqmm	简单鹤		0		0	0	0	0
你去哪里	nqnl	简单鹤		0		0	0	0	0
年轻男女	nqnn	简单鹤		0		0	0	0	0
年轻女子	nqnz	简单鹤		0		0	0	0	0
年轻男子	nqnz	简单鹤		0		0	0	0	0
年轻生命	nqum	简单鹤		0		0	0	0	0
年轻少女	nqun	简单鹤		0		0	0	0	0
年轻真好	nqvh	简单鹤		0		0	0	0	0
你抢我夺	nqwd	简单鹤		0		0	0	0	0
怒气未消	nqwx	简单鹤		0		0	0	0	0
你情我愿	nqwy	简单鹤		0		0	0	0	0
年轻小伙	nqxh	简单鹤		0		0	0	0	0
年轻学生	nqxu	简单鹤		0		0	0	0	0
女权运动	nqyd	简单鹤		0		0	0	0	0
怒气已消	nqyx	简单鹤		0		0	0	0	0
你若安好	nrah	简单鹤		0		0	0	0	0
女人不爱	nrba	简单鹤		0		0	0	0	0
内容不多	nrbd	简单鹤		0		0	0	0	0
诺如病毒	nrbd	简单鹤		0		0	0	0	0
男人不坏	nrbh	简单鹤		0		0	0	0	0
能人辈出	nrbi	简单鹤		0		0	0	0	0
内容包括	nrbk	简单鹤		0		0	0	0	0
男人本色	nrbs	简单鹤		0		0	0	0	0
内容不详	nrbx	简单鹤		0		0	0	0	0
纳入财政	nrcv	简单鹤		0		0	0	0	0
纳入地方	nrdf	简单鹤		0		0	0	0	0
内容丰富	nrff	简单鹤		0		0	0	0	0
内容分发	nrff	简单鹤		0		0	0	0	0
牛肉粿条	nrgt	简单鹤		0		0	0	0	0
牛肉拉面	nrlm	简单鹤		0		0	0	0	0
拿人钱财	nrqc	简单鹤		0		0	0	0	0
纳入其中	nrqv	简单鹤		0		0	0	0	0
那人却在	nrqz	简单鹤		0		0	0	0	0
内容如下	nrrx	简单鹤		0		0	0	0	0
拿人手短	nrud	简单鹤		0		0	0	0	0
内容审核	nruh	简单鹤		0		0	0	0	0
你若盛开	nruk	简单鹤		0		0	0	0	0
内容摘要	nrvy	简单鹤		0		0	0	0	0
懦弱无能	nrwn	简单鹤		0		0	0	0	0
内容详实	nrxu	简单鹤		0		0	0	0	0
纳入医保	nryb	简单鹤		0		0	0	0	0
能人异士	nryu	简单鹤		0		0	0	0	0
能忍则忍	nrzr	简单鹤		0		0	0	0	0
宁死不从	nsbc	简单鹤		0		0	0	0	0
宁死不降	nsbj	简单鹤		0		0	0	0	0
能散不连	nsbl	简单鹤		0		0	0	0	0
你死定了	nsdl	简单鹤		0		0	0	0	0
拿死工资	nsgz	简单鹤		0		0	0	0	0
你算老几	nslj	简单鹤		0		0	0	0	0
纳头便拜	ntbb	简单鹤		0		0	0	0	0
你逃不掉	ntbd	简单鹤		0		0	0	0	0
农田保护	ntbh	简单鹤		0		0	0	0	0
那天傍晚	ntbw	简单鹤		0		0	0	0	0
逆天而行	ntex	简单鹤		0		0	0	0	0
那套房子	ntfz	简单鹤		0		0	0	0	0
农田灌溉	ntgg	简单鹤		0		0	0	0	0
逆天改命	ntgm	简单鹤		0		0	0	0	0
扭头就跑	ntjp	简单鹤		0		0	0	0	0
难逃劫数	ntju	简单鹤		0		0	0	0	0
扭头就走	ntjz	简单鹤		0		0	0	0	0
那天看到	ntkd	简单鹤		0		0	0	0	0
那天看见	ntkj	简单鹤		0		0	0	0	0
扭头看看	ntkk	简单鹤		0		0	0	0	0
扭头看去	ntkq	简单鹤		0		0	0	0	0
那天开始	ntku	简单鹤		0		0	0	0	0
那天凌晨	ntli	简单鹤		0		0	0	0	0
那条路上	ntlu	简单鹤		0		0	0	0	0
你他妈比	ntmb	简单鹤		0		0	0	0	0
你他妈逼	ntmb	简单鹤		0		0	0	0	0
你他妈的	ntmd	简单鹤		0		0	0	0	0
你特么的	ntmd	简单鹤		0		0	0	0	0
你他娘的	ntnd	简单鹤		0		0	0	0	0
闹腾闹腾	ntnt	简单鹤		0		0	0	0	0
那天清晨	ntqi	简单鹤		0		0	0	0	0
难逃其咎	ntqj	简单鹤		0		0	0	0	0
宁停三分	ntsf	简单鹤		0		0	0	0	0
难听死了	ntsl	简单鹤		0		0	0	0	0
念头通达	nttd	简单鹤		0		0	0	0	0
那天上午	ntuw	简单鹤		0		0	0	0	0
那天中午	ntvw	简单鹤		0		0	0	0	0
你听我说	ntwu	简单鹤		0		0	0	0	0
那天晚上	ntwu	简单鹤		0		0	0	0	0
能体现出	ntxi	简单鹤		0		0	0	0	0
那天下午	ntxw	简单鹤		0		0	0	0	0
你太有才	ntyc	简单鹤		0		0	0	0	0
那套衣服	ntyf	简单鹤		0		0	0	0	0
那天以后	ntyh	简单鹤		0		0	0	0	0
难逃一劫	ntyj	简单鹤		0		0	0	0	0
扭头一看	ntyk	简单鹤		0		0	0	0	0
那天夜里	ntyl	简单鹤		0		0	0	0	0
年头月尾	ntyw	简单鹤		1		0	0	0	0
那天早晨	ntzi	简单鹤		0		0	0	0	0
那天早上	ntzu	简单鹤		0		0	0	0	0
凝神屏气	nubq	简单鹤		0		0	0	0	0
你是不是	nubu	简单鹤		0		0	0	0	0
你说不说	nubu	简单鹤		0		0	0	0	0
你是不想	nubx	简单鹤		0		0	0	0	0
你说得对	nudd	简单鹤		0		0	0	0	0
你说的对	nudd	简单鹤		0		0	0	0	0
纳税大户	nudh	简单鹤		0		0	0	0	0
年少多金	nudj	简单鹤		0		0	0	0	0
那是多么	nudm	简单鹤		0		0	0	0	0
那是当然	nudr	简单鹤		0		0	0	0	0
你说的是	nudu	简单鹤		0		0	0	0	0
逆势而行	nuex	简单鹤		0		0	0	0	0
那是过去	nugq	简单鹤		0		0	0	0	0
女生公寓	nugy	简单鹤		0		0	0	0	0
男生公寓	nugy	简单鹤		0		0	0	0	0
能说出口	nuik	简单鹤		0		0	0	0	0
纳什均衡	nujh	简单鹤		0		0	0	0	0
男上加男	nujn	简单鹤		0		0	0	0	0
那时开始	nuku	简单鹤		0		0	0	0	0
南山可移	nuky	简单鹤		1		0	0	0	0
能伸能屈	nunq	简单鹤		1		0	0	0	0
男生女体	nunt	简单鹤		0		0	0	0	0
女生男相	nunx	简单鹤		0		0	0	0	0
男生女相	nunx	简单鹤		0		0	0	0	0
逆市飘红	nuph	简单鹤		0		0	0	0	0
凝神屏息	nupx	简单鹤		0		0	0	0	0
能说清楚	nuqi	简单鹤		0		0	0	0	0
难受死了	nusl	简单鹤		0		0	0	0	0
你是什么	nusm	简单鹤		0		0	0	0	0
你说什么	nusm	简单鹤		0		0	0	0	0
那是什么	nusm	简单鹤		0		0	0	0	0
女生宿舍	nusu	简单鹤		0		0	0	0	0
男生宿舍	nusu	简单鹤		0		0	0	0	0
你是谁啊	nuua	简单鹤		0		0	0	0	0
纳税申报	nuub	简单鹤		0		0	0	0	0
年少时光	nuug	简单鹤		0		0	0	0	0
逆势上涨	nuuv	简单鹤		0		0	0	0	0
溺水身亡	nuuw	简单鹤		0		0	0	0	0
凝视深渊	nuuy	简单鹤		0		0	0	0	0
内射中出	nuvi	简单鹤		0		0	0	0	0
难受之极	nuvj	简单鹤		0		0	0	0	0
那是为了	nuwl	简单鹤		0		0	0	0	0
女生外向	nuwx	简单鹤		0		0	0	0	0
逆势下跌	nuxd	简单鹤		0		0	0	0	0
那是一次	nuyc	简单鹤		0		0	0	0	0
你是有多	nuyd	简单鹤		0		0	0	0	0
那是一个	nuyg	简单鹤		0		0	0	0	0
那是一种	nuyv	简单鹤		0		0	0	0	0
年少有为	nuyw	简单鹤		0		0	0	0	0
那是因为	nuyw	简单鹤		0		0	0	0	0
女士优先	nuyx	简单鹤		0		0	0	0	0
虐杀原形	nuyx	简单鹤		0		0	0	0	0
那是一些	nuyx	简单鹤		0		0	0	0	0
那是自然	nuzr	简单鹤		0		0	0	0	0
能省则省	nuzu	简单鹤		0		0	0	0	0
女生自用	nuzy	简单鹤		0		0	0	0	0
男生自用	nuzy	简单鹤		0		0	0	0	0
南征北伐	nvbf	简单鹤		1		0	0	0	0
那种办法	nvbf	简单鹤		0		0	0	0	0
捏着把汗	nvbh	简单鹤		0		0	0	0	0
难者不会	nvbh	简单鹤		0		0	0	0	0
你这不是	nvbu	简单鹤		0		0	0	0	0
南瞻部洲	nvbv	简单鹤		0		0	0	0	0
捻转补泻	nvbx	简单鹤		0		0	0	0	0
捏着鼻子	nvbz	简单鹤		0		0	0	0	0
逆转裁判	nvcp	简单鹤		0		0	0	0	0
你知道不	nvdb	简单鹤		0		0	0	0	0
你知道吧	nvdb	简单鹤		0		0	0	0	0
你知道的	nvdd	简单鹤		0		0	0	0	0
那种地方	nvdf	简单鹤		0		0	0	0	0
女装大佬	nvdl	简单鹤		0		0	0	0	0
你知道吗	nvdm	简单鹤		0		0	0	0	0
那种东西	nvdx	简单鹤		0		0	0	0	0
那种感觉	nvgj	简单鹤		0		0	0	0	0
那种感情	nvgq	简单鹤		0		0	0	0	0
那种关系	nvgx	简单鹤		0		0	0	0	0
女主持人	nvir	简单鹤		0		0	0	0	0
男主持人	nvir	简单鹤		0		0	0	0	0
乃至今后	nvjh	简单鹤		0		0	0	0	0
年终奖金	nvjj	简单鹤		0		0	0	0	0
扭转局面	nvjm	简单鹤		0		0	0	0	0
那种激情	nvjq	简单鹤		0		0	0	0	0
鸟之将死	nvjs	简单鹤		0		0	0	0	0
扭转局势	nvju	简单鹤		0		0	0	0	0
哪朝哪代	nvnd	简单鹤		0		0	0	0	0
哪吒闹海	nvnh	简单鹤		0		0	0	0	0
年终盘点	nvpd	简单鹤		0		0	0	0	0
男主人公	nvrg	简单鹤		0		0	0	0	0
那种热情	nvrq	简单鹤		0		0	0	0	0
囊中所有	nvsy	简单鹤		0		0	0	0	0
那种事情	nvuq	简单鹤		0		0	0	0	0
能征善战	nvuv	简单鹤		0		0	0	0	0
扭转战局	nvvj	简单鹤		0		0	0	0	0
逆之者亡	nvvw	简单鹤		0		0	0	0	0
闹着玩的	nvwd	简单鹤		0		0	0	0	0
内政外交	nvwj	简单鹤		0		0	0	0	0
那种问题	nvwt	简单鹤		0		0	0	0	0
你知我知	nvwv	简单鹤		0		0	0	0	0
那种想法	nvxf	简单鹤		0		0	0	0	0
你着相了	nvxl	简单鹤		0		0	0	0	0
闹钟响了	nvxl	简单鹤		0		0	0	0	0
那种心情	nvxq	简单鹤		0		0	0	0	0
那种心态	nvxt	简单鹤		0		0	0	0	0
能者先享	nvxx	简单鹤		0		0	0	0	0
耐着性子	nvxz	简单鹤		0		0	0	0	0
那种压力	nvyl	简单鹤		0		0	0	0	0
那我不管	nwbg	简单鹤		0		0	0	0	0
那我不会	nwbh	简单鹤		0		0	0	0	0
那我不去	nwbq	简单鹤		0		0	0	0	0
女娲毕设	nwbu	简单鹤		0		0	0	0	0
那我不要	nwby	简单鹤		0		0	0	0	0
纳污藏垢	nwcg	简单鹤		0		0	0	0	0
你无敌了	nwdl	简单鹤		0		0	0	0	0
女王大人	nwdr	简单鹤		0		0	0	0	0
那位大人	nwdr	简单鹤		0		0	0	0	0
内外妇儿	nwfe	简单鹤		0		0	0	0	0
那我过去	nwgq	简单鹤		0		0	0	0	0
那我还不	nwhb	简单鹤		0		0	0	0	0
那我还得	nwhd	简单鹤		0		0	0	0	0
那我还没	nwhm	简单鹤		0		0	0	0	0
那我还能	nwhn	简单鹤		0		0	0	0	0
那我回去	nwhq	简单鹤		0		0	0	0	0
内外呼应	nwhy	简单鹤		0		0	0	0	0
内网穿透	nwit	简单鹤		0		0	0	0	0
那我觉得	nwjd	简单鹤		0		0	0	0	0
内外结合	nwjh	简单鹤		0		0	0	0	0
内外夹击	nwjj	简单鹤		0		0	0	0	0
年味渐浓	nwjn	简单鹤		0		0	0	0	0
宁为鸡头	nwjt	简单鹤		0		0	0	0	0
难忘今宵	nwjx	简单鹤		0		0	0	0	0
那我就要	nwjy	简单鹤		0		0	0	0	0
那我可不	nwkb	简单鹤		0		0	0	0	0
那我肯定	nwkd	简单鹤		0		0	0	0	0
那我可就	nwkj	简单鹤		0		0	0	0	0
那我看看	nwkk	简单鹤		0		0	0	0	0
那我可能	nwkn	简单鹤		0		0	0	0	0
那吾克热	nwkr	简单鹤		0		0	0	0	0
拿我开涮	nwku	简单鹤		0		0	0	0	0
那我可以	nwky	简单鹤		0		0	0	0	0
内外矛盾	nwmd	简单鹤		0		0	0	0	0
那我宁可	nwnk	简单鹤		0		0	0	0	0
那我宁愿	nwny	简单鹤		0		0	0	0	0
女卫生间	nwuj	简单鹤		0		0	0	0	0
鸟为食亡	nwuw	简单鹤	75	0		0	0	0	0
你我之间	nwvj	简单鹤		0		0	0	0	0
那我只能	nwvn	简单鹤		0		0	0	0	0
那我只有	nwvy	简单鹤		0		0	0	0	0
你问我答	nwwd	简单鹤		0		0	0	0	0
你玩我呢	nwwn	简单鹤		0		0	0	0	0
那我问你	nwwn	简单鹤		0		0	0	0	0
那我相信	nwxx	简单鹤		0		0	0	0	0
那我现在	nwxz	简单鹤		0		0	0	0	0
那我应该	nwyg	简单鹤		0		0	0	0	0
宁心安神	nxau	简单鹤		0		0	0	0	0
内心不安	nxba	简单鹤		0		0	0	0	0
那些办法	nxbf	简单鹤		0		0	0	0	0
哪些变化	nxbh	简单鹤		0		0	0	0	0
拿下比赛	nxbs	简单鹤		0		0	0	0	0
年薪百万	nxbw	简单鹤		0		0	0	0	0
你信不信	nxbx	简单鹤		0		0	0	0	0
你想不想	nxbx	简单鹤		0		0	0	0	0
哪些措施	nxcu	简单鹤		0		0	0	0	0
内心独白	nxdb	简单鹤		0		0	0	0	0
耐心等待	nxdd	简单鹤		0		0	0	0	0
哪些地方	nxdf	简单鹤		0		0	0	0	0
那些地方	nxdf	简单鹤		0		0	0	0	0
你先等会	nxdh	简单鹤		0		0	0	0	0
内线电话	nxdh	简单鹤		0		0	0	0	0
你想多了	nxdl	简单鹤		0		0	0	0	0
你想得美	nxdm	简单鹤		0		0	0	0	0
那些东西	nxdx	简单鹤		0		0	0	0	0
那些方法	nxff	简单鹤		0		0	0	0	0
哪些方面	nxfm	简单鹤		0		0	0	0	0
那些国家	nxgj	简单鹤		0		0	0	0	0
那些关系	nxgx	简单鹤		0		0	0	0	0
那些花儿	nxhe	简单鹤		0		0	0	0	0
哪些好处	nxhi	简单鹤		0		0	0	0	0
那些回忆	nxhy	简单鹤		0		0	0	0	0
那些孩子	nxhz	简单鹤		0		0	0	0	0
内心充满	nxim	简单鹤		0		0	0	0	0
农畜产品	nxip	简单鹤		0		0	0	0	0
女性健康	nxjk	简单鹤		0		0	0	0	0
耐心解释	nxju	简单鹤		0		0	0	0	0
那些记忆	nxjy	简单鹤		0		0	0	0	0
你先开的	nxkd	简单鹤		0		0	0	0	0
内心空虚	nxkx	简单鹤		0		0	0	0	0
女性力量	nxll	简单鹤		0		0	0	0	0
男性力量	nxll	简单鹤		0		0	0	0	0
那些哪次	nxnc	简单鹤		0		0	0	0	0
女性频道	nxpd	简单鹤		0		0	0	0	0
内心平静	nxpj	简单鹤		0		0	0	0	0
女性朋友	nxpy	简单鹤		0		0	0	0	0
男性朋友	nxpy	简单鹤		0		0	0	0	0
哪些情况	nxqk	简单鹤		0		0	0	0	0
年薪千万	nxqw	简单鹤		0		0	0	0	0
那些人的	nxrd	简单鹤		0		0	0	0	0
那些日子	nxrz	简单鹤		0		0	0	0	0
逆向思维	nxsw	简单鹤		0		0	0	0	0
哪些条件	nxtj	简单鹤		0		0	0	0	0
内心痛苦	nxtk	简单鹤		0		0	0	0	0
耐心听取	nxtq	简单鹤		0		0	0	0	0
那些同事	nxtu	简单鹤		0		0	0	0	0
年销售额	nxue	简单鹤		0		0	0	0	0
那些事儿	nxue	简单鹤		0		0	0	0	0
那些时候	nxuh	简单鹤		0		0	0	0	0
女洗手间	nxuj	简单鹤		0		0	0	0	0
男洗手间	nxuj	简单鹤		0		0	0	0	0
那些事情	nxuq	简单鹤		0		0	0	0	0
奴性十足	nxuz	简单鹤		0		0	0	0	0
女性玩家	nxwj	简单鹤		0		0	0	0	0
男性玩家	nxwj	简单鹤		0		0	0	0	0
哪些问题	nxwt	简单鹤		0		0	0	0	0
那些问题	nxwt	简单鹤		0		0	0	0	0
内心想法	nxxf	简单鹤		0		0	0	0	0
内向性格	nxxg	简单鹤		0		0	0	0	0
你想想看	nxxk	简单鹤		0		0	0	0	0
逆向行驶	nxxu	简单鹤		0		0	0	0	0
农信银行	nxyh	简单鹤		0		0	0	0	0
你想怎样	nxzy	简单鹤		0		0	0	0	0
那样安静	nyaj	简单鹤		0		0	0	0	0
能源安全	nyaq	简单鹤		0		0	0	0	0
你有病吧	nybb	简单鹤		0		0	0	0	0
难以表达	nybd	简单鹤		0		0	0	0	0
那一部分	nybf	简单鹤		0		0	0	0	0
能源板块	nybk	简单鹤		0		0	0	0	0
哪也不去	nybq	简单鹤		0		0	0	0	0
难以辨认	nybr	简单鹤		0		0	0	0	0
你也不是	nybu	简单鹤		0		0	0	0	0
那也不行	nybx	简单鹤		0		0	0	0	0
那样才会	nych	简单鹤		0		0	0	0	0
匿影藏形	nycx	简单鹤		1		0	0	0	0
哪有此意	nycy	简单鹤		0		0	0	0	0
能愿动词	nydc	简单鹤		0		0	0	0	0
难以达到	nydd	简单鹤		0		0	0	0	0
难以对付	nydf	简单鹤		0		0	0	0	0
奶油蛋糕	nydg	简单鹤		0		0	0	0	0
那样的话	nydh	简单鹤		0		0	0	0	0
农业贷款	nydk	简单鹤		0		0	0	0	0
那样的呢	nydn	简单鹤		0		0	0	0	0
那样的人	nydr	简单鹤		0		0	0	0	0
难于度日	nydr	简单鹤		0		0	0	0	0
难以分辨	nyfb	简单鹤		0		0	0	0	0
难以防范	nyff	简单鹤		0		0	0	0	0
难以发挥	nyfh	简单鹤		0		0	0	0	0
哪一方面	nyfm	简单鹤		0		0	0	0	0
那一方面	nyfm	简单鹤		0		0	0	0	0
难以抚平	nyfp	简单鹤		0		0	0	0	0
农业丰收	nyfu	简单鹤		0		0	0	0	0
难以服众	nyfv	简单鹤		0		0	0	0	0
农业服务	nyfw	简单鹤		0		0	0	0	0
难以发现	nyfx	简单鹤		0		0	0	0	0
难以改变	nygb	简单鹤		0		0	0	0	0
难以根除	nygi	简单鹤		0		0	0	0	0
农用工具	nygj	简单鹤		0		0	0	0	0
难以估计	nygj	简单鹤		0		0	0	0	0
挪用公款	nygk	简单鹤		0		0	0	0	0
难以估量	nygl	简单鹤		0		0	0	0	0
那一个人	nygr	简单鹤		0		0	0	0	0
难以割舍	nygu	简单鹤		0		0	0	0	0
年一贯制	nygv	简单鹤		0		0	0	0	0
能源供应	nygy	简单鹤		0		0	0	0	0
那有何妨	nyhf	简单鹤		0		0	0	0	0
你有何干	nyhg	简单鹤		0		0	0	0	0
能源化工	nyhg	简单鹤		0		0	0	0	0
农业户口	nyhk	简单鹤		0		0	0	0	0
难易程度	nyid	简单鹤		0		0	0	0	0
弄月嘲风	nyif	简单鹤		1		0	0	0	0
疑云重重	nyii	简单鹤		0		0	0	0	0
难以察觉	nyij	简单鹤		0		0	0	0	0
那一刹那	nyin	简单鹤		0		0	0	0	0
难以承受	nyiu	简单鹤		0		0	0	0	0
农业产值	nyiv	简单鹤		0		0	0	0	0
难以成为	nyiw	简单鹤		0		0	0	0	0
农业产业	nyiy	简单鹤		0		0	0	0	0
能源结构	nyjg	简单鹤		0		0	0	0	0
你已急哭	nyjk	简单鹤		0		0	0	0	0
娘要嫁人	nyjr	简单鹤		0		0	0	0	0
难以接受	nyju	简单鹤		0		0	0	0	0
难以驾驭	nyjy	简单鹤		0		0	0	0	0
难以抉择	nyjz	简单鹤		0		0	0	0	0
难以克服	nykf	简单鹤		0		0	0	0	0
难以抗拒	nykj	简单鹤		0		0	0	0	0
难以开口	nykk	简单鹤		0		0	0	0	0
那有可能	nykn	简单鹤		0		0	0	0	0
那样可怕	nykp	简单鹤		0		0	0	0	0
难以控制	nykv	简单鹤		0		0	0	0	0
农业科学	nykx	简单鹤		0		0	0	0	0
能源浪费	nylf	简单鹤		0		0	0	0	0
难以落实	nylu	简单鹤		0		0	0	0	0
能源领域	nyly	简单鹤		0		0	0	0	0
难以描述	nymu	简单鹤		0		0	0	0	0
你也没有	nymy	简单鹤		0		0	0	0	0
农业频道	nypd	简单鹤		0		0	0	0	0
奶油泡芙	nypf	简单鹤		0		0	0	0	0
难以平复	nypf	简单鹤		0		0	0	0	0
难以平衡	nyph	简单鹤		0		0	0	0	0
难以平静	nypj	简单鹤		0		0	0	0	0
能言巧辩	nyqb	简单鹤		1		0	0	0	0
难以取得	nyqd	简单鹤		0		0	0	0	0
难以区分	nyqf	简单鹤		0		0	0	0	0
难以亲近	nyqj	简单鹤		0		0	0	0	0
难以企及	nyqj	简单鹤	1377	0		0	0	0	0
你要去哪	nyqn	简单鹤		0		0	0	0	0
难以取舍	nyqu	简单鹤		0		0	0	0	0
那又如何	nyrh	简单鹤		0		0	0	0	0
农业人口	nyrk	简单鹤		0		0	0	0	0
难以入眠	nyrm	简单鹤		0		0	0	0	0
难以容忍	nyrr	简单鹤		0		0	0	0	0
难以入睡	nyru	简单鹤		0		0	0	0	0
那样容易	nyry	简单鹤		0		0	0	0	0
难以诉说	nysu	简单鹤		0		0	0	0	0
难以替代	nytd	简单鹤		0		0	0	0	0
难以提高	nytg	简单鹤		0		0	0	0	0
那样痛苦	nytk	简单鹤		0		0	0	0	0
农业投入	nytr	简单鹤		0		0	0	0	0
难以提升	nytu	简单鹤		0		0	0	0	0
难掩颓势	nytu	简单鹤		0		0	0	0	0
农业投资	nytz	简单鹤		0		0	0	0	0
难以适从	nyuc	简单鹤		0		0	0	0	0
农业社会	nyuh	简单鹤		0		0	0	0	0
难以释怀	nyuh	简单鹤		0		0	0	0	0
哪有时间	nyuj	简单鹤		0		0	0	0	0
那一瞬间	nyuj	简单鹤		0		0	0	0	0
那一霎那	nyun	简单鹤		0		0	0	0	0
难以胜任	nyur	简单鹤		0		0	0	0	0
难以实现	nyux	简单鹤		0		0	0	0	0
难以使用	nyuy	简单鹤		0		0	0	0	0
难以适应	nyuy	简单鹤		0		0	0	0	0
你要知道	nyvd	简单鹤		0		0	0	0	0
宁有种乎	nyvh	简单鹤		0		0	0	0	0
难以招架	nyvj	简单鹤		0		0	0	0	0
难以捉摸	nyvm	简单鹤		0		0	0	0	0
难以琢磨	nyvm	简单鹤		0		0	0	0	0
你也只是	nyvu	简单鹤		0		0	0	0	0
那也只是	nyvu	简单鹤		0		0	0	0	0
那也只有	nyvy	简单鹤		0		0	0	0	0
难以完成	nywi	简单鹤		0		0	0	0	0
能源危机	nywj	简单鹤		0		0	0	0	0
难以忘记	nywj	简单鹤		0		0	0	0	0
农业文明	nywm	简单鹤		0		0	0	0	0
你以为呢	nywn	简单鹤		0		0	0	0	0
能源问题	nywt	简单鹤		0		0	0	0	0
难以消除	nyxi	简单鹤		0		0	0	0	0
难以形容	nyxr	简单鹤		0		0	0	0	0
难以相信	nyxx	简单鹤		0		0	0	0	0
难以下咽	nyxy	简单鹤		0		0	0	0	0
难以预测	nyyc	简单鹤		0		0	0	0	0
囊萤夜读	nyyd	简单鹤		0		0	0	0	0
那样一个	nyyg	简单鹤		0		0	0	0	0
难以言传	nyyi	简单鹤		0		0	0	0	0
你有意见	nyyj	简单鹤		0		0	0	0	0
能有一天	nyyt	简单鹤		0		0	0	0	0
难以言说	nyyu	简单鹤		0		0	0	0	0
那样一种	nyyv	简单鹤		0		0	0	0	0
农业院校	nyyx	简单鹤		0		0	0	0	0
难以言选	nyyx	简单鹤		0		0	0	0	0
难以言喻	nyyy	简单鹤		0		0	0	0	0
难以逾越	nyyy	简单鹤		0		0	0	0	0
难以做到	nyzd	简单鹤		0		0	0	0	0
你又咋了	nyzl	简单鹤		0		0	0	0	0
那又咋了	nyzl	简单鹤		0		0	0	0	0
难有作为	nyzw	简单鹤		0		0	0	0	0
你要自信	nyzx	简单鹤		0		0	0	0	0
那又怎样	nyzy	简单鹤		0		0	0	0	0
难以自抑	nyzy	简单鹤		0		0	0	0	0
拿走不谢	nzbx	简单鹤		0		0	0	0	0
你在逗我	nzdw	简单鹤		0		0	0	0	0
呢子大衣	nzdy	简单鹤		0		0	0	0	0
能走多远	nzdy	简单鹤		0		0	0	0	0
内在规律	nzgl	简单鹤		0		0	0	0	0
你在干嘛	nzgm	简单鹤		0		0	0	0	0
牛仔很忙	nzhm	简单鹤		0		0	0	0	0
你自己的	nzjd	简单鹤		0		0	0	0	0
能在今年	nzjn	简单鹤		0		0	0	0	0
宁做鸡头	nzjt	简单鹤		0		0	0	0	0
脑子进水	nzju	简单鹤		0		0	0	0	0
内在价值	nzjv	简单鹤		0		0	0	0	0
脑子空白	nzkb	简单鹤		0		0	0	0	0
那怎么办	nzmb	简单鹤		0		0	0	0	0
那怎么会	nzmh	简单鹤		0		0	0	0	0
你怎么看	nzmk	简单鹤		0		0	0	0	0
你怎么了	nzml	简单鹤		0		0	0	0	0
那怎么了	nzml	简单鹤		0		0	0	0	0
那怎么是	nzmu	简单鹤		0		0	0	0	0
你怎么样	nzmy	简单鹤		0		0	0	0	0
你在哪里	nznl	简单鹤		0		0	0	0	0
男左女右	nzny	简单鹤		0		0	0	0	0
怒则气上	nzqu	简单鹤		0		0	0	0	0
脑子太笨	nztb	简单鹤		0		0	0	0	0
女子跳水	nztu	简单鹤		0		0	0	0	0
男子跳水	nztu	简单鹤		0		0	0	0	0
捏造事实	nzuu	简单鹤		0		0	0	0	0
你咋知道	nzvd	简单鹤		0		0	0	0	0
你自找的	nzvd	简单鹤		0		0	0	0	0
女子校生	nzxu	简单鹤		0		0	0	0	0
你再想想	nzxx	简单鹤		0		0	0	0	0
女子学校	nzxx	简单鹤		0		0	0	0	0
脑子有病	nzyb	简单鹤		0		0	0	0	0
女子乐队	nzyd	简单鹤		0		0	0	0	0
脑子有洞	nzyd	简单鹤		0		0	0	0	0
脑子有坑	nzyk	简单鹤		0		0	0	0	0
脑子有泡	nzyp	简单鹤		0		0	0	0	0
内在要求	nzyq	简单鹤		0		0	0	0	0
黏在一起	nzyq	简单鹤		0		0	0	0	0
脑子一热	nzyr	简单鹤		0		0	0	0	0
脑子有屎	nzyu	简单鹤		0		0	0	0	0
偶尔发生	oefu	简单鹤		0		0	0	0	0
偶尔发现	oefx	简单鹤		0		0	0	0	0
偶尔出去	oeiq	简单鹤		0		0	0	0	0
偶尔出现	oeix	简单鹤		0		0	0	0	0
偶尔经过	oejg	简单鹤		0		0	0	0	0
偶尔看到	oekd	简单鹤		0		0	0	0	0
偶尔看见	oekj	简单鹤		0		0	0	0	0
偶尔可以	oeky	简单鹤		0		0	0	0	0
偶尔路过	oelg	简单鹤		0		0	0	0	0
偶尔碰到	oepd	简单鹤		0		0	0	0	0
偶尔听到	oetd	简单鹤		0		0	0	0	0
偶尔想到	oexd	简单鹤		0		0	0	0	0
偶尔想起	oexq	简单鹤		0		0	0	0	0
偶尔一次	oeyc	简单鹤		0		0	0	0	0
偶尔遇到	oeyd	简单鹤		0		0	0	0	0
偶发事件	ofuj	简单鹤		0		0	0	0	0
偶感风寒	ogfh	简单鹤		0		0	0	0	0
哦齁淫叫	ohyj	简单鹤		0		0	0	0	0
欧美地区	omdq	简单鹤		0		0	0	0	0
欧美电影	omdy	简单鹤		0		0	0	0	0
欧美风情	omfq	简单鹤		0		0	0	0	0
欧美国家	omgj	简单鹤		0		0	0	0	0
欧内的手	ondu	简单鹤		0		0	0	0	0
嗯呐嗯呐	onon	简单鹤		0		0	0	0	0
偶然发现	orfx	简单鹤		0		0	0	0	0
偶然出现	orix	简单鹤		0		0	0	0	0
偶然看到	orkd	简单鹤		0		0	0	0	0
偶然看见	orkj	简单鹤		0		0	0	0	0
偶然路过	orlg	简单鹤		0		0	0	0	0
偶然碰到	orpd	简单鹤		0		0	0	0	0
偶然情况	orqk	简单鹤		0		0	0	0	0
偶然事件	oruj	简单鹤		0		0	0	0	0
偶然想到	orxd	简单鹤		0		0	0	0	0
偶然想起	orxq	简单鹤		0		0	0	0	0
偶然现象	orxx	简单鹤		0		0	0	0	0
偶然相遇	orxy	简单鹤		0		0	0	0	0
偶然因素	orys	简单鹤		0		0	0	0	0
呕吐不止	otbv	简单鹤		0		0	0	0	0
欧式几何	oujh	简单鹤		0		0	0	0	0
欧洲进口	ovjk	简单鹤		0		0	0	0	0
偶像包袱	oxbf	简单鹤		0		0	0	0	0
偶像崇拜	oxib	简单鹤		0		0	0	0	0
偶像天团	oxtt	简单鹤		0		0	0	0	0
呕哑嘲哳	oyiv	简单鹤		0		0	0	0	0
哦呀斯密	oysm	简单鹤		0		0	0	0	0
平安归来	pagl	简单鹤		0		0	0	0	0
平安就好	pajh	简单鹤		0		0	0	0	0
偏爱之物	pavw	简单鹤		0		0	0	0	0
漂泊不定	pbbd	简单鹤		0		0	0	0	0
平板电脑	pbdn	简单鹤		0		0	0	0	0
平步登天	pbdt	简单鹤		1		0	0	0	0
排病反应	pbfy	简单鹤		0		0	0	0	0
普遍反映	pbfy	简单鹤		0		0	0	0	0
普遍法则	pbfz	简单鹤		0		0	0	0	0
排版功能	pbgn	简单鹤		0		0	0	0	0
破冰行动	pbhd	简单鹤		0		0	0	0	0
评比活动	pbhd	简单鹤		0		0	0	0	0
破壁计划	pbjh	简单鹤		0		0	0	0	0
拼搏精神	pbju	简单鹤		0		0	0	0	0
跑不了了	pbll	简单鹤		0		0	0	0	0
跑不了庙	pblm	简单鹤		0		0	0	0	0
赔本买卖	pbmm	简单鹤		0		0	0	0	0
漂不漂亮	pbpl	简单鹤		0		0	0	0	0
跑步前进	pbqj	简单鹤		0		0	0	0	0
配备齐全	pbqq	简单鹤		0		0	0	0	0
平白如话	pbrh	简单鹤		0		0	0	0	0
普遍认同	pbrt	简单鹤		0		0	0	0	0
普遍推广	pbtg	简单鹤		0		0	0	0	0
普遍推行	pbtx	简单鹤		0		0	0	0	0
脾不统血	pbtx	简单鹤		0		0	0	0	0
蓬勃朝气	pbvq	简单鹤		0		0	0	0	0
漂泊无定	pbwd	简单鹤		1		0	0	0	0
皮薄馅多	pbxd	简单鹤		0		0	0	0	0
皮薄馅大	pbxd	简单鹤		0		0	0	0	0
普遍原理	pbyl	简单鹤		0		0	0	0	0
漂泊异乡	pbyx	简单鹤		0		0	0	0	0
蓬荜增辉	pbzh	简单鹤		0		0	0	0	0
漂泊在外	pbzw	简单鹤		0		0	0	0	0
骗财骗色	pcpo	简单鹤		0		0	0	0	0
破财消灾	pcxz	简单鹤		0		0	0	0	0
贫道不孤	pdbg	简单鹤		0		0	0	0	0
普渡慈航	pdch	简单鹤		0		0	0	0	0
判断错误	pdcw	简单鹤		0		0	0	0	0
皮蛋豆腐	pddf	简单鹤		0		0	0	0	0
批斗大会	pddh	简单鹤		0		0	0	0	0
平等待人	pddr	简单鹤		0		0	0	0	0
屁大点事	pddu	简单鹤		0		0	0	0	0
平等地位	pddw	简单鹤		0		0	0	0	0
攀登高峰	pdgf	简单鹤		0		0	0	0	0
判断过程	pdgi	简单鹤		0		0	0	0	0
排队购买	pdgm	简单鹤		0		0	0	0	0
品德高尚	pdgu	简单鹤		0		0	0	0	0
平等公正	pdgv	简单鹤		0		0	0	0	0
平等关系	pdgx	简单鹤		0		0	0	0	0
品德教育	pdjy	简单鹤		0		0	0	0	0
跑断了腿	pdlt	简单鹤		0		0	0	0	0
碰到麻烦	pdmf	简单鹤		0		0	0	0	0
抛到脑后	pdnh	简单鹤		0		0	0	0	0
碰到难题	pdnt	简单鹤		0		0	0	0	0
跑东跑西	pdpx	简单鹤		0		0	0	0	0
坡道起步	pdqb	简单鹤		0		0	0	0	0
排队枪毙	pdqb	简单鹤		0		0	0	0	0
平淡如水	pdru	简单鹤		0		0	0	0	0
平淡日子	pdrz	简单鹤		0		0	0	0	0
皮蛋瘦肉	pdur	简单鹤		0		0	0	0	0
判断失误	pduw	简单鹤		0		0	0	0	0
碰到问题	pdwt	简单鹤		0		0	0	0	0
怕得要命	pdym	简单鹤		0		0	0	0	0
怕得要死	pdys	简单鹤		0		0	0	0	0
排毒养颜	pdyy	简单鹤		0		0	0	0	0
排队自首	pdzu	简单鹤		0		0	0	0	0
平等自愿	pdzy	简单鹤		0		0	0	0	0
破而不立	pebl	简单鹤		0		0	0	0	0
破而后立	pehl	简单鹤		0		0	0	0	0
佩恩六道	peld	简单鹤		0		0	0	0	0
炮二平五	pepw	简单鹤		0		0	0	0	0
皮肤暗沉	pfai	简单鹤		0		0	0	0	0
贫富不均	pfbj	简单鹤		0		0	0	0	0
评分标准	pfbv	简单鹤		0		0	0	0	0
频分多址	pfdv	简单鹤		0		0	0	0	0
票房毒药	pfdy	简单鹤		0		0	0	0	0
排放法规	pffg	简单鹤		0		0	0	0	0
贫富分化	pffh	简单鹤		0		0	0	0	0
频分复用	pffy	简单鹤		0		0	0	0	0
皮肤过敏	pfgm	简单鹤		0		0	0	0	0
皮肤护理	pfhl	简单鹤		0		0	0	0	0
评分解禁	pfjj	简单鹤		0		0	0	0	0
批发零售	pflu	简单鹤		0		0	0	0	0
佩服佩服	pfpf	简单鹤		0		0	0	0	0
匍匐前进	pfqj	简单鹤		0		0	0	0	0
排放情况	pfqk	简单鹤		0		0	0	0	0
脾肺气虚	pfqx	简单鹤		0		0	0	0	0
抛夫弃子	pfqz	简单鹤		0		0	0	0	0
平凡人生	pfru	简单鹤		0		0	0	0	0
皮肤松弛	pfsi	简单鹤		0		0	0	0	0
皮肤碎片	pfsp	简单鹤		0		0	0	0	0
皮肤瘙痒	pfsy	简单鹤		0		0	0	0	0
颇负盛名	pfum	简单鹤		0		0	0	0	0
票房收入	pfur	简单鹤		0		0	0	0	0
平凡之路	pfvl	简单鹤		0		0	0	0	0
皮肤粘膜	pfvm	简单鹤		0		0	0	0	0
皮肤正确	pfvq	简单鹤		0		0	0	0	0
排放污染	pfwr	简单鹤		0		0	0	0	0
排放污水	pfwu	简单鹤		0		0	0	0	0
排放许可	pfxk	简单鹤		0		0	0	0	0
颇费心思	pfxs	简单鹤		0		0	0	0	0
匹夫一怒	pfyn	简单鹤		0		0	0	0	0
批发业务	pfyw	简单鹤		0		0	0	0	0
评估报告	pgbg	简单鹤		0		0	0	0	0
陪个不是	pgbu	简单鹤		0		0	0	0	0
捧高踩低	pgcd	简单鹤		0		0	0	0	0
苹果电脑	pgdn	简单鹤		0		0	0	0	0
屁股底下	pgdx	简单鹤		0		0	0	0	0
偏根怪根	pggg	简单鹤		0		0	0	0	0
品格高尚	pggu	简单鹤		0		0	0	0	0
盘根查底	pgid	简单鹤		0		0	0	0	0
怕个锤子	pgiz	简单鹤		0		0	0	0	0
攀高结贵	pgjg	简单鹤		1		0	0	0	0
排骨教主	pgjv	简单鹤		0		0	0	0	0
破格录取	pglq	简单鹤		0		0	0	0	0
批改练习	pglx	简单鹤		0		0	0	0	0
怕个毛线	pgmx	简单鹤		0		0	0	0	0
评估内容	pgnr	简单鹤		0		0	0	0	0
平肝潜阳	pgqy	简单鹤		0		0	0	0	0
捧个人场	pgri	简单鹤		0		0	0	0	0
苹果软件	pgrj	简单鹤		0		0	0	0	0
跑过头了	pgtl	简单鹤		0		0	0	0	0
苹果手表	pgub	简单鹤		0		0	0	0	0
爬高上低	pgud	简单鹤		0		0	0	0	0
苹果手机	pguj	简单鹤		0		0	0	0	0
评估指标	pgvb	简单鹤		0		0	0	0	0
攀高枝儿	pgve	简单鹤		0		0	0	0	0
评估专家	pgvj	简单鹤		0		0	0	0	0
破瓜之痛	pgvt	简单鹤		0		0	0	0	0
平肝息风	pgxf	简单鹤		0		0	0	0	0
评估项目	pgxm	简单鹤		0		0	0	0	0
跑官要官	pgyg	简单鹤		0		0	0	0	0
苹果用户	pgyh	简单鹤		0		0	0	0	0
评估意见	pgyj	简单鹤		0		0	0	0	0
评估业务	pgyw	简单鹤		0		0	0	0	0
徘徊不前	phbq	简单鹤	668	0		0	0	0	0
排好队形	phdx	简单鹤		0		0	0	0	0
破坏队形	phdx	简单鹤		0		0	0	0	0
排行第一	phdy	简单鹤		0		0	0	0	0
配合工作	phgz	简单鹤		0		0	0	0	0
破坏活动	phhd	简单鹤		0		0	0	0	0
破坏环境	phhj	简单鹤		0		0	0	0	0
皮魂合一	phhy	简单鹤		0		0	0	0	0
破坏婚姻	phhy	简单鹤		0		0	0	0	0
破坏军婚	phjh	简单鹤		0		0	0	0	0
配合教学	phjx	简单鹤		0		0	0	0	0
配合默契	phmq	简单鹤		0		0	0	0	0
平衡能力	phnl	简单鹤		0		0	0	0	0
破坏气氛	phqf	简单鹤		0		0	0	0	0
彷徨四顾	phsg	简单鹤		0		0	0	0	0
彷徨失措	phuc	简单鹤		0		0	0	0	0
破坏社会	phuh	简单鹤		0		0	0	0	0
破坏生态	phut	简单鹤		0		0	0	0	0
配合使用	phuy	简单鹤		0		0	0	0	0
攀花折柳	phvl	简单鹤		1		0	0	0	0
配合治疗	phvl	简单鹤		0		0	0	0	0
配合无间	phwj	简单鹤		0		0	0	0	0
平滑细分	phxf	简单鹤		0		0	0	0	0
破坏现场	phxi	简单鹤		0		0	0	0	0
破坏行为	phxw	简单鹤		0		0	0	0	0
平常不过	pibg	简单鹤		0		0	0	0	0
赔偿标准	pibv	简单鹤		0		0	0	0	0
破产边缘	piby	简单鹤		0		0	0	0	0
破产倒闭	pidb	简单鹤		0		0	0	0	0
排除干扰	pigr	简单鹤		0		0	0	0	0
排除故障	pigv	简单鹤		0		0	0	0	0
赔偿金额	pije	简单鹤		0		0	0	0	0
派出机构	pijg	简单鹤		0		0	0	0	0
劈成两半	pilb	简单鹤		0		0	0	0	0
偏出门框	pimk	简单鹤		0		0	0	0	0
偏出门柱	pimv	简单鹤		0		0	0	0	0
骗吃骗喝	piph	简单鹤		0		0	0	0	0
排查清楚	piqi	简单鹤		0		0	0	0	0
平常日子	pirz	简单鹤		0		0	0	0	0
赔偿损失	pisu	简单鹤		0		0	0	0	0
排出体外	pitw	简单鹤		0		0	0	0	0
排除危害	piwh	简单鹤		0		0	0	0	0
破除心魔	pixm	简单鹤		0		0	0	0	0
破窗效应	pixy	简单鹤		0		0	0	0	0
排成一行	piyh	简单鹤		0		0	0	0	0
排除隐患	piyh	简单鹤		0		0	0	0	0
排成一列	piyl	简单鹤		0		0	0	0	0
排成一排	piyp	简单鹤		0		0	0	0	0
扑哧一笑	piyx	简单鹤		0		0	0	0	0
赔偿原则	piyz	简单鹤		0		0	0	0	0
排除在外	pizw	简单鹤		0		0	0	0	0
片甲不存	pjbc	简单鹤		1		0	0	0	0
判决被告	pjbg	简单鹤		0		0	0	0	0
评价标准	pjbv	简单鹤		0		0	0	0	0
旁击侧敲	pjcq	简单鹤		0		0	0	0	0
披枷戴锁	pjds	简单鹤		1		0	0	0	0
普及读物	pjdw	简单鹤		0		0	0	0	0
普降大雪	pjdx	简单鹤		0		0	0	0	0
平均分配	pjfp	简单鹤		0		0	0	0	0
评价方式	pjfu	简单鹤		0		0	0	0	0
评价很高	pjhg	简单鹤		0		0	0	0	0
平均产量	pjil	简单鹤		0		0	0	0	0
评价机制	pjjv	简单鹤		0		0	0	0	0
普及开来	pjkl	简单鹤		0		0	0	0	0
平静面对	pjmd	简单鹤		0		0	0	0	0
平均每年	pjmn	简单鹤		0		0	0	0	0
平均每人	pjmr	简单鹤		0		0	0	0	0
平均每天	pjmt	简单鹤		0		0	0	0	0
评价模式	pjmu	简单鹤		0		0	0	0	0
评价模型	pjmx	简单鹤		0		0	0	0	0
破镜难圆	pjny	简单鹤		0		0	0	0	0
跑进跑出	pjpi	简单鹤		0		0	0	0	0
拼尽全力	pjql	简单鹤		0		0	0	0	0
平均人数	pjru	简单鹤		0		0	0	0	0
平静如水	pjru	简单鹤		0		0	0	0	0
判决如下	pjrx	简单鹤		0		0	0	0	0
牝鸡司晨	pjsi	简单鹤		1		0	0	0	0
判决条件	pjtj	简单鹤		0		0	0	0	0
评价体系	pjtx	简单鹤		0		0	0	0	0
平均收益	pjuy	简单鹤		0		0	0	0	0
撇家舍业	pjuy	简单鹤		0		0	0	0	0
评价指标	pjvb	简单鹤		0		0	0	0	0
炮舰政策	pjvc	简单鹤		0		0	0	0	0
平均涨幅	pjvf	简单鹤		0		0	0	0	0
平均学历	pjxl	简单鹤		0		0	0	0	0
平静下来	pjxl	简单鹤		0		0	0	0	0
评价一下	pjyx	简单鹤		0		0	0	0	0
贫困儿童	pket	简单鹤		0		0	0	0	0
抛开烦恼	pkfn	简单鹤		0		0	0	0	0
片刻功夫	pkgf	简单鹤		0		0	0	0	0
凭空出现	pkix	简单鹤		0		0	0	0	0
贫苦家庭	pkjt	简单鹤		0		0	0	0	0
怕苦怕累	pkpl	简单鹤		0		0	0	0	0
贫困人口	pkrk	简单鹤		0		0	0	0	0
贫苦生活	pkuh	简单鹤		0		0	0	0	0
片刻之后	pkvh	简单鹤		0		0	0	0	0
片刻之间	pkvj	简单鹤		0		0	0	0	0
贫困问题	pkwt	简单鹤		0		0	0	0	0
凭空臆造	pkyz	简单鹤	31	0		0	0	0	0
纰漏百出	plbi	简单鹤		0		0	0	0	0
普罗丢撒	plds	简单鹤		0		0	0	0	0
凭栏而坐	plez	简单鹤		0		0	0	0	0
扑棱蛾子	plez	简单鹤		0		0	0	0	0
扑了个空	plgk	简单鹤		0		0	0	0	0
跑了过来	plgl	简单鹤		0		0	0	0	0
漂亮姐姐	pljj	简单鹤		0		0	0	0	0
跑了进来	pljl	简单鹤		0		0	0	0	0
排列紧密	pljm	简单鹤		0		0	0	0	0
疲劳驾驶	plju	简单鹤		0		0	0	0	0
霹雳娇娃	pljw	简单鹤		0		0	0	0	0
拼了老命	pllm	简单鹤		0		0	0	0	0
拼了命地	plmd	简单鹤		0		0	0	0	0
漂亮妹妹	plmm	简单鹤		0		0	0	0	0
漂亮美眉	plmm	简单鹤		0		0	0	0	0
普罗米亚	plmy	简单鹤		0		0	0	0	0
漂亮女孩	plnh	简单鹤		0		0	0	0	0
漂亮男孩	plnh	简单鹤		0		0	0	0	0
跑来跑去	plpq	简单鹤		0		0	0	0	0
飘来飘去	plpq	简单鹤		0		0	0	0	0
拍了拍手	plpu	简单鹤		0		0	0	0	0
撇了撇嘴	plpz	简单鹤		0		0	0	0	0
频来入梦	plrm	简单鹤		0		0	0	0	0
判了死刑	plsx	简单鹤		0		0	0	0	0
排列顺序	plux	简单鹤		0		0	0	0	0
偏离正轨	plvg	简单鹤		0		0	0	0	0
疲劳战术	plvu	简单鹤		0		0	0	0	0
普罗之主	plvv	简单鹤		0		0	0	0	0
炮烙之刑	plvx	简单鹤		0		0	0	0	0
蒲柳之姿	plvz	简单鹤		1		0	0	0	0
评论文章	plwv	简单鹤		0		0	0	0	0
凭良心讲	plxj	简单鹤		0		0	0	0	0
蓬莱仙境	plxj	简单鹤		0		0	0	0	0
凭良心谈	plxt	简单鹤		0		0	0	0	0
凭良心说	plxu	简单鹤		0		0	0	0	0
跑了一个	plyg	简单鹤		0		0	0	0	0
瞟了一眼	plyy	简单鹤		0		0	0	0	0
瞥了一眼	plyy	简单鹤		0		0	0	0	0
排列组合	plzh	简单鹤		0		0	0	0	0
屏幕保护	pmbh	简单鹤		0		0	0	0	0
蓬门荜户	pmbh	简单鹤		1		0	0	0	0
拍马不及	pmbj	简单鹤		0		0	0	0	0
破门得分	pmdf	简单鹤		0		0	0	0	0
拼命抵抗	pmdk	简单鹤		0		0	0	0	0
排名第一	pmdy	简单鹤		0		0	0	0	0
品貌非凡	pmff	简单鹤		1		0	0	0	0
拼命工作	pmgz	简单鹤		0		0	0	0	0
拍卖会上	pmhu	简单鹤		0		0	0	0	0
品貌出众	pmiv	简单鹤		0		0	0	0	0
屏幕键盘	pmjp	简单鹤		0		0	0	0	0
屏幕截图	pmjt	简单鹤		0		0	0	0	0
屏幕镜像	pmjx	简单鹤		0		0	0	0	0
拍卖交易	pmjy	简单鹤		0		0	0	0	0
排名靠前	pmkq	简单鹤		0		0	0	0	0
屏幕快照	pmkv	简单鹤		0		0	0	0	0
排面拉满	pmlm	简单鹤		0		0	0	0	0
屏幕录制	pmlv	简单鹤		0		0	0	0	0
屏幕录像	pmlx	简单鹤		0		0	0	0	0
平面模特	pmmt	简单鹤		0		0	0	0	0
铺眉蒙眼	pmmy	简单鹤		1		0	0	0	0
拍马难及	pmnj	简单鹤		0		0	0	0	0
拍马难追	pmnv	简单鹤		0		0	0	0	0
破门破壁	pmpb	简单鹤		0		0	0	0	0
排名情况	pmqk	简单鹤		0		0	0	0	0
片面强调	pmqt	简单鹤		0		0	0	0	0
缥缈如云	pmry	简单鹤		0		0	0	0	0
屏幕素质	pmsv	简单鹤		0		0	0	0	0
屏幕识别	pmub	简单鹤		0		0	0	0	0
泡沫时代	pmud	简单鹤		0		0	0	0	0
屏幕上方	pmuf	简单鹤		0		0	0	0	0
平面设计	pmuj	简单鹤		0		0	0	0	0
拍卖商品	pmup	简单鹤		0		0	0	0	0
拍卖收入	pmur	简单鹤		0		0	0	0	0
平民玩家	pmwj	简单鹤		0		0	0	0	0
泡面文学	pmwx	简单鹤		0		0	0	0	0
屏幕下方	pmxf	简单鹤		0		0	0	0	0
拍卖行业	pmxy	简单鹤		0		0	0	0	0
排名优化	pmyh	简单鹤		0		0	0	0	0
陪你到老	pndl	简单鹤		0		0	0	0	0
拍摄技巧	pnjq	简单鹤		0		0	0	0	0
陪你聊天	pnlt	简单鹤		0		0	0	0	0
跑哪去了	pnql	简单鹤		0		0	0	0	0
睥睨群雄	pnqx	简单鹤		0		0	0	0	0
琵琶别抱	ppbb	简单鹤		1		0	0	0	0
偏旁部首	ppbu	简单鹤		0		0	0	0	0
评判标准	ppbv	简单鹤		0		0	0	0	0
偏偏不信	ppbx	简单鹤		0		0	0	0	0
啪啪打脸	ppdl	简单鹤		0		0	0	0	0
品牌电脑	ppdn	简单鹤		0		0	0	0	0
偏僻地区	ppdq	简单鹤		0		0	0	0	0
频频点头	ppdt	简单鹤		0		0	0	0	0
频频发生	ppfu	简单鹤		0		0	0	0	0
品牌服装	ppfv	简单鹤		0		0	0	0	0
品牌公司	ppgs	简单鹤		0		0	0	0	0
频谱函数	pphu	简单鹤		0		0	0	0	0
泡泡茶壶	ppih	简单鹤		0		0	0	0	0
品牌产品	ppip	简单鹤		0		0	0	0	0
频频出现	ppix	简单鹤		0		0	0	0	0
批判继承	ppji	简单鹤		0		0	0	0	0
品牌建设	ppju	简单鹤		0		0	0	0	0
匹配机制	ppjv	简单鹤		0		0	0	0	0
品牌价值	ppjv	简单鹤		0		0	0	0	0
批评教育	ppjy	简单鹤		0		0	0	0	0
品牌开发	ppkf	简单鹤		0		0	0	0	0
品牌理念	ppln	简单鹤		0		0	0	0	0
怦怦乱跳	pplt	简单鹤		0		0	0	0	0
品牌名称	ppmi	简单鹤		0		0	0	0	0
拍拍马屁	ppmp	简单鹤		0		0	0	0	0
泡泡玛特	ppmt	简单鹤		0		0	0	0	0
拍拍屁股	pppg	简单鹤		0		0	0	0	0
品牌汽车	ppqi	简单鹤		0		0	0	0	0
乒乓球网	ppqw	简单鹤		0		0	0	0	0
品牌企业	ppqy	简单鹤		0		0	0	0	0
批评人士	ppru	简单鹤		0		0	0	0	0
品牌推广	pptg	简单鹤		0		0	0	0	0
品牌推出	ppti	简单鹤		0		0	0	0	0
品牌提升	pptu	简单鹤		0		0	0	0	0
批判社会	ppuh	简单鹤		0		0	0	0	0
爬坡上坎	ppuk	简单鹤		0		0	0	0	0
怦怦直跳	ppvt	简单鹤		0		0	0	0	0
品牌消费	ppxf	简单鹤		0		0	0	0	0
拍拍胸脯	ppxf	简单鹤		0		0	0	0	0
品牌项目	ppxm	简单鹤		0		0	0	0	0
澎湃新闻	ppxw	简单鹤		0		0	0	0	0
品牌形象	ppxx	简单鹤		0		0	0	0	0
品牌效应	ppxy	简单鹤		0		0	0	0	0
品牌溢价	ppyj	简单鹤		0		0	0	0	0
批评意见	ppyj	简单鹤		0		0	0	0	0
碰碰运气	ppyq	简单鹤		0		0	0	0	0
泡泡游戏	ppyx	简单鹤		0		0	0	0	0
劈啪作响	ppzx	简单鹤		0		0	0	0	0
脾气不好	pqbh	简单鹤		0		0	0	0	0
撇起笔区	pqbq	简单鹤		0		0	0	0	0
脾气暴躁	pqbz	简单鹤		0		0	0	0	0
攀亲道故	pqdg	简单鹤		0		0	0	0	0
盆腔共鸣	pqgm	简单鹤		0		0	0	0	0
脾气火爆	pqhb	简单鹤		0		0	0	0	0
脾气很大	pqhd	简单鹤		0		0	0	0	0
派遣机构	pqjg	简单鹤		0		0	0	0	0
赔钱机场	pqji	简单鹤		0		0	0	0	0
骠骑将军	pqjj	简单鹤		0		0	0	0	0
脾气急躁	pqjz	简单鹤		0		0	0	0	0
聘请律师	pqlu	简单鹤		0		0	0	0	0
抛妻离子	pqlz	简单鹤		0		0	0	0	0
骗取钱财	pqqc	简单鹤		0		0	0	0	0
迫切期待	pqqd	简单鹤		0		0	0	0	0
判清是非	pquf	简单鹤		0		0	0	0	0
脾气性格	pqxg	简单鹤		0		0	0	0	0
迫切希望	pqxw	简单鹤		0		0	0	0	0
脾气下陷	pqxx	简单鹤		0		0	0	0	0
派人参加	prcj	简单鹤		0		0	0	0	0
飘然而过	preg	简单鹤		0		0	0	0	0
飘然而去	preq	简单鹤		0		0	0	0	0
飘然而至	prev	简单鹤		0		0	0	0	0
烹饪方法	prff	简单鹤		0		0	0	0	0
飘若浮云	prfy	简单鹤		0		0	0	0	0
派人过来	prgl	简单鹤		0		0	0	0	0
派人过去	prgq	简单鹤		0		0	0	0	0
判若鸿沟	prhg	简单鹤		1		0	0	0	0
聘任合同	prht	简单鹤		0		0	0	0	0
烹饪技巧	prjq	简单鹤		0		0	0	0	0
旁人看来	prkl	简单鹤		0		0	0	0	0
沛然莫御	prmy	简单鹤		0		0	0	0	0
骗人钱财	prqc	简单鹤		0		0	0	0	0
派人前去	prqq	简单鹤		0		0	0	0	0
派人前往	prqw	简单鹤		0		0	0	0	0
派人调查	prti	简单鹤		0		0	0	0	0
皮肉生意	pruy	简单鹤		0		0	0	0	0
皮肉之苦	prvk	简单鹤		0		0	0	0	0
聘任职务	prvw	简单鹤		0		0	0	0	0
怕人笑话	prxh	简单鹤		0		0	0	0	0
旁搜博采	psbc	简单鹤		1		0	0	0	0
破损不堪	psbk	简单鹤		0		0	0	0	0
菩萨保佑	psby	简单鹤		0		0	0	0	0
朴素大方	psdf	简单鹤		0		0	0	0	0
拼死抵抗	psdk	简单鹤		0		0	0	0	0
菩萨低眉	psdm	简单鹤		1		0	0	0	0
配送范围	psfw	简单鹤		0		0	0	0	0
婆娑世界	psuj	简单鹤		0		0	0	0	0
配送时间	psuj	简单鹤		0		0	0	0	0
破碎虚空	psxk	简单鹤		0		0	0	0	0
拼死一搏	psyb	简单鹤		0		0	0	0	0
配套办法	ptbf	简单鹤		0		0	0	0	0
配套部件	ptbj	简单鹤		0		0	0	0	0
普通百姓	ptbx	简单鹤		0		0	0	0	0
配套措施	ptcu	简单鹤		0		0	0	0	0
泼天大祸	ptdh	简单鹤		1		0	0	0	0
蟠桃大会	ptdh	简单鹤		0		0	0	0	0
普通党员	ptdy	简单鹤		0		0	0	0	0
娉婷婀娜	pten	简单鹤		1		0	0	0	0
破涕而笑	ptex	简单鹤		0		0	0	0	0
配套改革	ptgg	简单鹤		0		0	0	0	0
配套工程	ptgi	简单鹤		0		0	0	0	0
普通攻击	ptgj	简单鹤		0		0	0	0	0
蓬头垢脸	ptgl	简单鹤		0		0	0	0	0
普通高中	ptgv	简单鹤		0		0	0	0	0
普通高校	ptgx	简单鹤		0		0	0	0	0
平台规则	ptgz	简单鹤		0		0	0	0	0
破天荒地	pthd	简单鹤		0		0	0	0	0
破天荒的	pthd	简单鹤		0		0	0	0	0
普通键盘	ptjp	简单鹤		0		0	0	0	0
普通家庭	ptjt	简单鹤		0		0	0	0	0
配套技术	ptju	简单鹤		0		0	0	0	0
疲态尽显	ptjx	简单鹤		0		0	0	0	0
普通快递	ptkd	简单鹤		0		0	0	0	0
平台开发	ptkf	简单鹤		0		0	0	0	0
平坦宽阔	ptkk	简单鹤		0		0	0	0	0
泼天流量	ptll	简单鹤		0		0	0	0	0
普通民众	ptmv	简单鹤		0		0	0	0	0
娉婷袅娜	ptnn	简单鹤		1		0	0	0	0
普通朋友	ptpy	简单鹤		0		0	0	0	0
普通青年	ptqn	简单鹤		0		0	0	0	0
配套齐全	ptqq	简单鹤		0		0	0	0	0
普通群众	ptqv	简单鹤		0		0	0	0	0
配套企业	ptqy	简单鹤		0		0	0	0	0
普通人员	ptry	简单鹤		0		0	0	0	0
配套条件	pttj	简单鹤		0		0	0	0	0
配套设备	ptub	简单鹤		0		0	0	0	0
配套生产	ptui	简单鹤		0		0	0	0	0
普通水平	ptup	简单鹤		0		0	0	0	0
配套商品	ptup	简单鹤		0		0	0	0	0
普天率土	ptut	简单鹤		1		0	0	0	0
配套设施	ptuu	简单鹤		0		0	0	0	0
蟠桃盛宴	ptuy	简单鹤		0		0	0	0	0
平台支持	ptvi	简单鹤		0		0	0	0	0
平头正脸	ptvl	简单鹤		1		0	0	0	0
普通中学	ptvx	简单鹤		0		0	0	0	0
普通玩家	ptwj	简单鹤		0		0	0	0	0
普通外科	ptwk	简单鹤		0		0	0	0	0
配套完善	ptwu	简单鹤		0		0	0	0	0
普通用户	ptyh	简单鹤		0		0	0	0	0
扑通一声	ptyu	简单鹤		0		0	0	0	0
破涕一笑	ptyx	简单鹤		0		0	0	0	0
配套资金	ptzj	简单鹤		0		0	0	0	0
菩提祖师	ptzu	简单鹤		0		0	0	0	0
披霜带露	pudl	简单鹤		0		0	0	0	0
葡式蛋挞	pudt	简单鹤		0		0	0	0	0
拍摄电影	pudy	简单鹤		0		0	0	0	0
排水工程	pugi	简单鹤		0		0	0	0	0
拍摄功能	pugn	简单鹤		0		0	0	0	0
平时关系	pugx	简单鹤		0		0	0	0	0
颇受好评	puhp	简单鹤		0		0	0	0	0
普世价值	pujv	简单鹤		0		0	0	0	0
怕啥来啥	pulu	简单鹤		0		0	0	0	0
披上绿装	pulv	简单鹤		0		0	0	0	0
脾肾两虚	pulx	简单鹤		0		0	0	0	0
拍摄模式	pumu	简单鹤		0		0	0	0	0
屁事没有	pumy	简单鹤		0		0	0	0	0
平生所好	push	简单鹤		0		0	0	0	0
平生所愿	pusy	简单鹤		0		0	0	0	0
平时上班	puub	简单鹤		0		0	0	0	0
平时上课	puuk	简单鹤		0		0	0	0	0
平实质朴	puvp	简单鹤		0		0	0	0	0
喷射战士	puvu	简单鹤		0		0	0	0	0
平生之志	puvv	简单鹤		0		0	0	0	0
平生之愿	puvy	简单鹤		0		0	0	0	0
披上外衣	puwy	简单鹤		0		0	0	0	0
拍摄效果	puxg	简单鹤		0		0	0	0	0
平时喜欢	puxh	简单鹤		0		0	0	0	0
平时训练	puxl	简单鹤		0		0	0	0	0
排水系统	puxt	简单鹤		0		0	0	0	0
派上用场	puyi	简单鹤		0		0	0	0	0
排山压卵	puyl	简单鹤		1		0	0	0	0
平时在家	puzj	简单鹤		0		0	0	0	0
配置比例	pvbl	简单鹤		0		0	0	0	0
批准部门	pvbm	简单鹤		0		0	0	0	0
品质保证	pvbv	简单鹤		0		0	0	0	0
批准逮捕	pvdb	简单鹤		0		0	0	0	0
批准登记	pvdj	简单鹤		0		0	0	0	0
脾之大络	pvdl	简单鹤		0		0	0	0	0
批准单位	pvdw	简单鹤		0		0	0	0	0
排众而出	pvei	简单鹤		0		0	0	0	0
品质恶劣	pvel	简单鹤		0		0	0	0	0
批准发布	pvfb	简单鹤		0		0	0	0	0
品种繁多	pvfd	简单鹤		0		0	0	0	0
品种丰富	pvff	简单鹤		0		0	0	0	0
配置方式	pvfu	简单鹤		0		0	0	0	0
批准发行	pvfx	简单鹤		0		0	0	0	0
品种很多	pvhd	简单鹤		0		0	0	0	0
品质超群	pviq	简单鹤		0		0	0	0	0
拍照角度	pvjd	简单鹤		0		0	0	0	0
配置基金	pvjj	简单鹤		0		0	0	0	0
批准进口	pvjk	简单鹤		0		0	0	0	0
脾主肌肉	pvjr	简单鹤		0		0	0	0	0
配置机制	pvjv	简单鹤		0		0	0	0	0
品种开发	pvkf	简单鹤		0		0	0	0	0
批准开工	pvkg	简单鹤		0		0	0	0	0
铺展开来	pvkl	简单鹤		0		0	0	0	0
品质良好	pvlh	简单鹤		0		0	0	0	0
拼着老命	pvlm	简单鹤		0		0	0	0	0
膨胀螺丝	pvls	简单鹤		0		0	0	0	0
凭着良心	pvlx	简单鹤		0		0	0	0	0
抛诸脑后	pvnh	简单鹤		0		0	0	0	0
品种齐全	pvqq	简单鹤		0		0	0	0	0
培植亲信	pvqx	简单鹤		0		0	0	0	0
脾主四肢	pvsv	简单鹤		0		0	0	0	0
碰撞体积	pvtj	简单鹤		0		0	0	0	0
碰撞事故	pvug	简单鹤		0		0	0	0	0
拍照手机	pvuj	简单鹤		0		0	0	0	0
脾主升清	pvuq	简单鹤		0		0	0	0	0
批准执行	pvvx	简单鹤		0		0	0	0	0
批准文号	pvwh	简单鹤		0		0	0	0	0
配置文件	pvwj	简单鹤		0		0	0	0	0
拍着胸脯	pvxf	简单鹤		0		0	0	0	0
配置系统	pvxt	简单鹤		0		0	0	0	0
脾主运化	pvyh	简单鹤		0		0	0	0	0
颇为不易	pwby	简单鹤		0		0	0	0	0
评委点评	pwdp	简单鹤		0		0	0	0	0
平稳发展	pwfv	简单鹤		0		0	0	0	0
平稳过渡	pwgd	简单鹤		0		0	0	0	0
颇为尴尬	pwgg	简单鹤		0		0	0	0	0
颇为感慨	pwgk	简单鹤		0		0	0	0	0
破瓦寒窑	pwhy	简单鹤		0		0	0	0	0
破妄金瞳	pwjt	简单鹤		0		0	0	0	0
颇为紧张	pwjv	简单鹤		0		0	0	0	0
排位连胜	pwlu	简单鹤		0		0	0	0	0
评委老师	pwlu	简单鹤		0		0	0	0	0
颇为满意	pwmy	简单鹤		0		0	0	0	0
颇为期待	pwqd	简单鹤		0		0	0	0	0
平稳推进	pwtj	简单鹤		0		0	0	0	0
评委投票	pwtp	简单鹤		0		0	0	0	0
颇为头疼	pwtt	简单鹤		0		0	0	0	0
脾胃湿热	pwur	简单鹤		0		0	0	0	0
颇为微妙	pwwm	简单鹤		0		0	0	0	0
脾胃虚寒	pwxh	简单鹤		0		0	0	0	0
脾胃虚弱	pwxr	简单鹤		0		0	0	0	0
盼望已久	pwyj	简单鹤		0		0	0	0	0
平稳运行	pwyx	简单鹤		0		0	0	0	0
脾胃阳虚	pwyx	简单鹤		0		0	0	0	0
品行不端	pxbd	简单鹤		0		0	0	0	0
盘旋而上	pxeu	简单鹤		0		0	0	0	0
盘膝而坐	pxez	简单鹤		0		0	0	0	0
培训公司	pxgs	简单鹤		0		0	0	0	0
婆媳关系	pxgx	简单鹤		0		0	0	0	0
培训工作	pxgz	简单鹤		0		0	0	0	0
培训成果	pxig	简单鹤		0		0	0	0	0
培训基地	pxjd	简单鹤		0		0	0	0	0
培训机构	pxjg	简单鹤		0		0	0	0	0
培训课程	pxki	简单鹤		0		0	0	0	0
平行空间	pxkj	简单鹤		0		0	0	0	0
培训老师	pxlu	简单鹤		0		0	0	0	0
婆媳矛盾	pxmd	简单鹤		0		0	0	0	0
平息怒火	pxnh	简单鹤		0		0	0	0	0
配享太庙	pxtm	简单鹤		0		0	0	0	0
破晓时分	pxuf	简单鹤		0		0	0	0	0
平行世界	pxuj	简单鹤		0		0	0	0	0
平行时空	pxuk	简单鹤		0		0	0	0	0
平息争端	pxvd	简单鹤		0		0	0	0	0
屏下指纹	pxvw	简单鹤		0		0	0	0	0
平息下来	pxxl	简单鹤		0		0	0	0	0
培训项目	pxxm	简单鹤		0		0	0	0	0
培训学校	pxxx	简单鹤		0		0	0	0	0
平行宇宙	pxyv	简单鹤		0		0	0	0	0
偏远地区	pydq	简单鹤		0		0	0	0	0
喷涌而出	pyei	简单鹤		0		0	0	0	0
培养方案	pyfa	简单鹤		0		0	0	0	0
培养方法	pyff	简单鹤		0		0	0	0	0
培养方向	pyfx	简单鹤		0		0	0	0	0
培养感情	pygq	简单鹤		0		0	0	0	0
朋友关注	pygv	简单鹤		0		0	0	0	0
朋友关系	pygx	简单鹤		0		0	0	0	0
颇有好感	pyhg	简单鹤		0		0	0	0	0
聘用合同	pyht	简单鹤		0		0	0	0	0
培养成本	pyib	简单鹤		0		0	0	0	0
培养出来	pyil	简单鹤		0		0	0	0	0
颇有成效	pyix	简单鹤		0		0	0	0	0
培养机构	pyjg	简单鹤		0		0	0	0	0
朋友聚会	pyjh	简单鹤		0		0	0	0	0
拼音加加	pyjj	简单鹤		0		0	0	0	0
频移键控	pyjk	简单鹤		0		0	0	0	0
凭亿近人	pyjr	简单鹤		0		0	0	0	0
朋友介绍	pyju	简单鹤		0		0	0	0	0
培养教育	pyjy	简单鹤		0		0	0	0	0
屁眼交易	pyjy	简单鹤		0		0	0	0	0
朋友来访	pylf	简单鹤		0		0	0	0	0
破衣褴衫	pylu	简单鹤		0		0	0	0	0
培养模式	pymu	简单鹤		0		0	0	0	0
朋友难当	pynd	简单鹤		0		0	0	0	0
培养培养	pypy	简单鹤		0		0	0	0	0
皮痒求锤	pyqi	简单鹤		0		0	0	0	0
拼音全键	pyqj	简单鹤		0		0	0	0	0
朋友圈子	pyqz	简单鹤		0		0	0	0	0
培养人才	pyrc	简单鹤		0		0	0	0	0
聘用人员	pyry	简单鹤		0		0	0	0	0
颇有天赋	pytf	简单鹤		0		0	0	0	0
颇有同感	pytg	简单鹤		0		0	0	0	0
朋友推荐	pytj	简单鹤		0		0	0	0	0
朋友身边	pyub	简单鹤		0		0	0	0	0
培育市场	pyui	简单鹤		0		0	0	0	0
迫于生计	pyuj	简单鹤		0		0	0	0	0
偏远山区	pyuq	简单鹤		0		0	0	0	0
拼音输入	pyur	简单鹤		0		0	0	0	0
平庸之辈	pyvb	简单鹤		0		0	0	0	0
颇有微词	pywc	简单鹤		0		0	0	0	0
迫于无奈	pywn	简单鹤		0		0	0	0	0
颇以为然	pywr	简单鹤		0		0	0	0	0
颇有心得	pyxd	简单鹤		0		0	0	0	0
旁逸斜出	pyxi	简单鹤	65	0		0	0	0	0
迫于形势	pyxu	简单鹤		0		0	0	0	0
疲于应付	pyyf	简单鹤		0		0	0	0	0
迫于压力	pyyl	简单鹤		0		0	0	0	0
配音演员	pyyy	简单鹤		0		0	0	0	0
烹羊宰牛	pyzn	简单鹤		0		0	0	0	0
趴在地上	pzdu	简单鹤		0		0	0	0	0
抛在脑后	pznh	简单鹤		0		0	0	0	0
捧在手里	pzul	简单鹤		0		0	0	0	0
捧在手心	pzux	简单鹤		0		0	0	0	0
去暗投明	qatm	简单鹤		1		0	0	0	0
区别不大	qbbd	简单鹤		0		0	0	0	0
前半部分	qbbf	简单鹤		0		0	0	0	0
千般不好	qbbh	简单鹤		0		0	0	0	0
全部变成	qbbi	简单鹤		0		0	0	0	0
情报部门	qbbm	简单鹤		0		0	0	0	0
前半辈子	qbbz	简单鹤		0		0	0	0	0
千杯不醉	qbbz	简单鹤		0		0	0	0	0
却不得不	qbdb	简单鹤		0		0	0	0	0
抢班夺权	qbdq	简单鹤		0		0	0	0	0
全部都有	qbdy	简单鹤		0		0	0	0	0
全部都在	qbdz	简单鹤		0		0	0	0	0
气不忿儿	qbfe	简单鹤		0		0	0	0	0
全部符合	qbfh	简单鹤		0		0	0	0	0
全部返还	qbfh	简单鹤		0		0	0	0	0
岂不更好	qbgh	简单鹤		0		0	0	0	0
七八个人	qbgr	简单鹤		0		0	0	0	0
七八个月	qbgy	简单鹤		0		0	0	0	0
全部工作	qbgz	简单鹤		0		0	0	0	0
岂不怪哉	qbgz	简单鹤		0		0	0	0	0
情报工作	qbgz	简单鹤		0		0	0	0	0
区别很大	qbhd	简单鹤		0		0	0	0	0
区别很小	qbhx	简单鹤		0		0	0	0	0
瞧不出来	qbil	简单鹤		0		0	0	0	0
全部家当	qbjd	简单鹤		0		0	0	0	0
起步阶段	qbjd	简单鹤		0		0	0	0	0
情报机构	qbjg	简单鹤		0		0	0	0	0
卿本佳人	qbjr	简单鹤		0		0	0	0	0
全部结束	qbju	简单鹤		0		0	0	0	0
区别开来	qbkl	简单鹤		0		0	0	0	0
却不可能	qbkn	简单鹤		0		0	0	0	0
岂不可惜	qbkx	简单鹤		0		0	0	0	0
岂不快哉	qbkz	简单鹤		0		0	0	0	0
起不来了	qbll	简单鹤		0		0	0	0	0
情报来源	qbly	简单鹤		0		0	0	0	0
岂不美哉	qbmz	简单鹤		0		0	0	0	0
却不能够	qbng	简单鹤		0		0	0	0	0
奇不奇怪	qbqg	简单鹤		0		0	0	0	0
亲笔签名	qbqm	简单鹤		0		0	0	0	0
瞧不起你	qbqn	简单鹤		0		0	0	0	0
岂不轻松	qbqs	简单鹤		0		0	0	0	0
轻不轻松	qbqs	简单鹤		0		0	0	0	0
强不强壮	qbqv	简单鹤		0		0	0	0	0
瞧不起我	qbqw	简单鹤		0		0	0	0	0
妻不如妾	qbrq	简单鹤		0		0	0	0	0
妾不如偷	qbrt	简单鹤		0		0	0	0	0
情报搜集	qbsj	简单鹤		0		0	0	0	0
求本索源	qbsy	简单鹤		0		0	0	0	0
全班同学	qbtx	简单鹤		0		0	0	0	0
七八十分	qbuf	简单鹤		0		0	0	0	0
抢步上前	qbuq	简单鹤		0		0	0	0	0
气不摄血	qbux	简单鹤		0		0	0	0	0
穷不失义	qbuy	简单鹤		1		0	0	0	0
却不知道	qbvd	简单鹤		0		0	0	0	0
确保质量	qbvl	简单鹤		0		0	0	0	0
情报中心	qbvx	简单鹤		0		0	0	0	0
确保正宗	qbvz	简单鹤		0		0	0	0	0
千遍万遍	qbwb	简单鹤		0		0	0	0	0
全部完成	qbwi	简单鹤		0		0	0	0	0
轻薄无礼	qbwl	简单鹤		1		0	0	0	0
切比雪夫	qbxf	简单鹤		0		0	0	0	0
全部消失	qbxu	简单鹤		0		0	0	0	0
求不应供	qbyg	简单鹤		0		0	0	0	0
全部用完	qbyw	简单鹤		0		0	0	0	0
情报有误	qbyw	简单鹤		0		0	0	0	0
清白做人	qbzr	简单鹤		0		0	0	0	0
区别在于	qbzy	简单鹤		0		0	0	0	0
曲错币无	qcbw	简单鹤		0		0	0	0	0
七彩丹霞	qcdx	简单鹤		0		0	0	0	0
清仓查库	qcik	简单鹤		0		0	0	0	0
青菜萝卜	qclb	简单鹤		0		0	0	0	0
清脆明亮	qcml	简单鹤		0		0	0	0	0
切磋切磋	qcqc	简单鹤		0		0	0	0	0
青葱岁月	qcsy	简单鹤		0		0	0	0	0
千层套路	qctl	简单鹤		0		0	0	0	0
轻财重义	qcvy	简单鹤		1		0	0	0	0
清仓挖潜	qcwq	简单鹤		0		0	0	0	0
七彩祥云	qcxy	简单鹤		0		0	0	0	0
清脆悦耳	qcye	简单鹤		0		0	0	0	0
七彩阳光	qcyg	简单鹤		0		0	0	0	0
亲测有效	qcyx	简单鹤		0		0	0	0	0
七逗八逗	qdbd	简单鹤		0		0	0	0	0
请多包涵	qdbh	简单鹤		0		0	0	0	0
确定不了	qdbl	简单鹤		0		0	0	0	0
气得半死	qdbs	简单鹤		0		0	0	0	0
全都不是	qdbu	简单鹤		0		0	0	0	0
确定不是	qdbu	简单鹤		0		0	0	0	0
曲对币有	qdby	简单鹤		0		0	0	0	0
骑电动车	qddi	简单鹤		0		0	0	0	0
取得贷款	qddk	简单鹤		0		0	0	0	0
千订大佬	qddl	简单鹤		0		0	0	0	0
驱动电路	qddl	简单鹤		0		0	0	0	0
确定的是	qddu	简单鹤		0		0	0	0	0
气得发抖	qdfd	简单鹤		0		0	0	0	0
确定方向	qdfx	简单鹤		0		0	0	0	0
请多关照	qdgv	简单鹤		0		0	0	0	0
确定关系	qdgx	简单鹤		0		0	0	0	0
驱动更新	qdgx	简单鹤		0		0	0	0	0
器大活好	qdhh	简单鹤		0		0	0	0	0
期待很久	qdhj	简单鹤		0		0	0	0	0
启动画面	qdhm	简单鹤		0		0	0	0	0
签订合同	qdht	简单鹤		0		0	0	0	0
取得成功	qdig	简单鹤		0		0	0	0	0
取得进步	qdjb	简单鹤		0		0	0	0	0
启动经费	qdjf	简单鹤		0		0	0	0	0
确定价格	qdjg	简单鹤		0		0	0	0	0
启动界面	qdjm	简单鹤		0		0	0	0	0
启动机器	qdjq	简单鹤		0		0	0	0	0
强打精神	qdju	简单鹤		0		0	0	0	0
取得进展	qdjv	简单鹤		0		0	0	0	0
前端开发	qdkf	简单鹤		0		0	0	0	0
七度空间	qdkj	简单鹤		0		0	0	0	0
强得可怕	qdkp	简单鹤		0		0	0	0	0
强盗逻辑	qdlj	简单鹤		0		0	0	0	0
取得联络	qdll	简单鹤		0		0	0	0	0
强大力量	qdll	简单鹤		0		0	0	0	0
取得联系	qdlx	简单鹤		0		0	0	0	0
全都没有	qdmy	简单鹤		0		0	0	0	0
情到浓时	qdnu	简单鹤		0		0	0	0	0
期待期待	qdqd	简单鹤		0		0	0	0	0
全党全军	qdqj	简单鹤		0		0	0	0	0
签到签退	qdqt	简单鹤		0		0	0	0	0
签订契约	qdqy	简单鹤		0		0	0	0	0
驱动软件	qdrj	简单鹤		0		0	0	0	0
确定日期	qdrq	简单鹤		0		0	0	0	0
取得荣誉	qdry	简单鹤		0		0	0	0	0
前段日子	qdrz	简单鹤		0		0	0	0	0
取得突破	qdtp	简单鹤		0		0	0	0	0
启动市场	qdui	简单鹤		0		0	0	0	0
情到深处	qdui	简单鹤		0		0	0	0	0
取得胜利	qdul	简单鹤		0		0	0	0	0
气大伤身	qduu	简单鹤		0		0	0	0	0
钱多事少	qduu	简单鹤		0		0	0	0	0
强大之处	qdvi	简单鹤		0		0	0	0	0
请多指教	qdvj	简单鹤		0		0	0	0	0
起点中文	qdvw	简单鹤		0		0	0	0	0
启东中学	qdvx	简单鹤		0		0	0	0	0
强大威力	qdwl	简单鹤		0		0	0	0	0
强大武器	qdwq	简单鹤		0		0	0	0	0
取得效果	qdxg	简单鹤		0		0	0	0	0
起到效果	qdxg	简单鹤		0		0	0	0	0
抢得先机	qdxj	简单鹤		0		0	0	0	0
强大需求	qdxq	简单鹤		0		0	0	0	0
取得信任	qdxr	简单鹤		0		0	0	0	0
期待已久	qdyj	简单鹤		0		0	0	0	0
求道于盲	qdym	简单鹤		1		0	0	0	0
气得要死	qdys	简单鹤		0		0	0	0	0
启动仪式	qdyu	简单鹤		0		0	0	0	0
清淡饮食	qdyu	简单鹤		0		0	0	0	0
请等一下	qdyx	简单鹤		0		0	0	0	0
轻度抑郁	qdyy	简单鹤		0		0	0	0	0
启动资金	qdzj	简单鹤		0		0	0	0	0
圈地自萌	qdzm	简单鹤		0		0	0	0	0
求而不得	qebd	简单鹤		0		0	0	0	0
全额拨款	qebk	简单鹤		0		0	0	0	0
全额保险	qebx	简单鹤		0		0	0	0	0
全额担保	qedb	简单鹤		0		0	0	0	0
全额返还	qefh	简单鹤		0		0	0	0	0
全额赔偿	qepi	简单鹤		0		0	0	0	0
倾耳倾听	qeqt	简单鹤		0		0	0	0	0
亲耳听到	qetd	简单鹤		0		0	0	0	0
全额退款	qetk	简单鹤		0		0	0	0	0
全额支付	qevf	简单鹤		0		0	0	0	0
群二维码	qewm	简单鹤		0		0	0	0	0
缺乏爱心	qfax	简单鹤		0		0	0	0	0
气愤不过	qfbg	简单鹤		0		0	0	0	0
区分不了	qfbl	简单鹤		0		0	0	0	0
庆父不死	qfbs	简单鹤	21	0		0	0	0	0
侵犯财产	qfci	简单鹤		0		0	0	0	0
前方低能	qfdn	简单鹤		0		0	0	0	0
前方到站	qfdv	简单鹤		0		0	0	0	0
区分大小	qfdx	简单鹤		0		0	0	0	0
群发单显	qfdx	简单鹤		0		0	0	0	0
全服第一	qfdy	简单鹤		0		0	0	0	0
清风拂面	qffm	简单鹤		0		0	0	0	0
缺乏规模	qfgm	简单鹤		0		0	0	0	0
前方高能	qfgn	简单鹤		0		0	0	0	0
奇峰怪石	qfgu	简单鹤		0		0	0	0	0
勤奋工作	qfgz	简单鹤		0		0	0	0	0
气氛很好	qfhh	简单鹤		0		0	0	0	0
缺乏活力	qfhl	简单鹤		0		0	0	0	0
前方核能	qfhn	简单鹤		0		0	0	0	0
勤奋好学	qfhx	简单鹤		0		0	0	0	0
轻纺产品	qfip	简单鹤		0		0	0	0	0
祛风除湿	qfiu	简单鹤		0		0	0	0	0
祛风解表	qfjb	简单鹤		0		0	0	0	0
缺乏监督	qfjd	简单鹤		0		0	0	0	0
前方记者	qfjv	简单鹤		0		0	0	0	0
缺乏经验	qfjy	简单鹤		0		0	0	0	0
区分开来	qfkl	简单鹤		0		0	0	0	0
气氛浓厚	qfnh	简单鹤		0		0	0	0	0
恰逢其会	qfqh	简单鹤		0		0	0	0	0
缺乏情趣	qfqq	简单鹤		0		0	0	0	0
缺乏人才	qfrc	简单鹤		0		0	0	0	0
侵犯人权	qfrq	简单鹤		0		0	0	0	0
切分碎盖	qfsg	简单鹤		0		0	0	0	0
秋风瑟瑟	qfss	简单鹤		0		0	0	0	0
秋风送爽	qfsu	简单鹤		0		0	0	0	0
欠费停机	qftj	简单鹤		0		0	0	0	0
缺乏证据	qfvj	简单鹤		0		0	0	0	0
清风阵阵	qfvv	简单鹤		0		0	0	0	0
欠费中心	qfvx	简单鹤		0		0	0	0	0
清风徐来	qfxl	简单鹤		0		0	0	0	0
缺乏信任	qfxr	简单鹤		0		0	0	0	0
秋风萧瑟	qfxs	简单鹤		0		0	0	0	0
勤奋学习	qfxx	简单鹤		0		0	0	0	0
缺乏勇气	qfyq	简单鹤		0		0	0	0	0
奇峰异石	qfyu	简单鹤		0		0	0	0	0
缺乏营养	qfyy	简单鹤		0		0	0	0	0
清风自来	qfzl	简单鹤		0		0	0	0	0
缺乏责任	qfzr	简单鹤		0		0	0	0	0
缺乏自信	qfzx	简单鹤		0		0	0	0	0
起反作用	qfzy	简单鹤		0		0	0	0	0
气个半死	qgbs	简单鹤		0		0	0	0	0
奇怪得很	qgdh	简单鹤		0		0	0	0	0
情歌对唱	qgdi	简单鹤		0		0	0	0	0
全国大赛	qgds	简单鹤		0		0	0	0	0
奇怪的是	qgdu	简单鹤		0		0	0	0	0
气功大师	qgdu	简单鹤		0		0	0	0	0
墙根底下	qgdx	简单鹤		0		0	0	0	0
七个多月	qgdy	简单鹤		0		0	0	0	0
全国第一	qgdy	简单鹤		0		0	0	0	0
起个大早	qgdz	简单鹤		0		0	0	0	0
曲肱而枕	qgev	简单鹤		1		0	0	0	0
全国范围	qgfw	简单鹤		0		0	0	0	0
全国公安	qgga	简单鹤		0		0	0	0	0
全国高考	qggk	简单鹤		0		0	0	0	0
求根公式	qggu	简单鹤		0		0	0	0	0
去国怀乡	qghx	简单鹤		0		0	0	0	0
千古绝对	qgjd	简单鹤		0		0	0	0	0
全国解放	qgjf	简单鹤		0		0	0	0	0
全国季军	qgjj	简单鹤		0		0	0	0	0
全国经济	qgjj	简单鹤		0		0	0	0	0
全国纪录	qgjl	简单鹤		0		0	0	0	0
强弓劲弩	qgjn	简单鹤		1		0	0	0	0
全国可飞	qgkf	简单鹤		0		0	0	0	0
全国联保	qglb	简单鹤		0		0	0	0	0
全国绿化	qglh	简单鹤		0		0	0	0	0
全国流量	qgll	简单鹤		0		0	0	0	0
全国劳模	qglm	简单鹤		0		0	0	0	0
千古留名	qglm	简单鹤		0		0	0	0	0
全国连锁	qgls	简单鹤		0		0	0	0	0
强国论坛	qglt	简单鹤		0		0	0	0	0
全国联网	qglw	简单鹤		0		0	0	0	0
清锅冷灶	qglz	简单鹤		1		0	0	0	0
秋高马肥	qgmf	简单鹤		1		0	0	0	0
千古名句	qgmj	简单鹤		0		0	0	0	0
清肝明目	qgmm	简单鹤		0		0	0	0	0
全国农村	qgnc	简单鹤		0		0	0	0	0
全国农民	qgnm	简单鹤		0		0	0	0	0
全国农业	qgny	简单鹤		0		0	0	0	0
全国排名	qgpm	简单鹤		0		0	0	0	0
强国强种	qgqv	简单鹤		0		0	0	0	0
全国前五	qgqw	简单鹤		0		0	0	0	0
且歌且行	qgqx	简单鹤		0		0	0	0	0
倾盖如故	qgrg	简单鹤		1		0	0	0	0
全国人口	qgrk	简单鹤		0		0	0	0	0
全国统考	qgtk	简单鹤		0		0	0	0	0
全国天气	qgtq	简单鹤		0		0	0	0	0
全国统一	qgty	简单鹤		0		0	0	0	0
全国通用	qgty	简单鹤		0		0	0	0	0
情感生活	qguh	简单鹤		0		0	0	0	0
情感世界	qguj	简单鹤		0		0	0	0	0
全国首位	qguw	简单鹤		0		0	0	0	0
全国上下	qgux	简单鹤		0		0	0	0	0
起锅烧油	qguy	简单鹤		0		0	0	0	0
情感障碍	qgva	简单鹤		0		0	0	0	0
琴歌指弹	qgvd	简单鹤		0		0	0	0	0
情感专家	qgvj	简单鹤		0		0	0	0	0
千古真理	qgvl	简单鹤		0		0	0	0	0
千古无二	qgwe	简单鹤		0		0	0	0	0
窃格瓦拉	qgwl	简单鹤		0		0	0	0	0
全国闻名	qgwm	简单鹤		0		0	0	0	0
前古未有	qgwy	简单鹤		1		0	0	0	0
奇功伟业	qgwy	简单鹤		0		0	0	0	0
全国宣传	qgxi	简单鹤		0		0	0	0	0
全国先进	qgxj	简单鹤		0		0	0	0	0
七个小时	qgxu	简单鹤		0		0	0	0	0
全国新闻	qgxw	简单鹤		0		0	0	0	0
求购信息	qgxx	简单鹤		0		0	0	0	0
全国亚军	qgyj	简单鹤		0		0	0	0	0
奇功一件	qgyj	简单鹤		0		0	0	0	0
强弓硬弩	qgyn	简单鹤		0		0	0	0	0
器官移植	qgyv	简单鹤		0		0	0	0	0
强国有我	qgyw	简单鹤		0		0	0	0	0
其怪自败	qgzb	简单鹤		0		0	0	0	0
岂敢造次	qgzc	简单鹤		0		0	0	0	0
全国最大	qgzd	简单鹤		0		0	0	0	0
起过作用	qgzy	简单鹤		0		0	0	0	0
气化不利	qhbl	简单鹤		0		0	0	0	0
前后不一	qhby	简单鹤		0		0	0	0	0
前后奔走	qhbz	简单鹤		0		0	0	0	0
权衡得失	qhdu	简单鹤		0		0	0	0	0
气候恶劣	qhel	简单鹤		0		0	0	0	0
气候反常	qhfi	简单鹤		0		0	0	0	0
强化服务	qhfw	简单鹤		0		0	0	0	0
气候干旱	qhgh	简单鹤		0		0	0	0	0
强化管理	qhgl	简单鹤		0		0	0	0	0
期货公司	qhgs	简单鹤		0		0	0	0	0
求和公式	qhgu	简单鹤		0		0	0	0	0
气候环境	qhhj	简单鹤		0		0	0	0	0
前后呼应	qhhy	简单鹤		0		0	0	0	0
期货监管	qhjg	简单鹤		0		0	0	0	0
全会精神	qhju	简单鹤		0		0	0	0	0
强行解释	qhju	简单鹤		0		0	0	0	0
期货交易	qhjy	简单鹤		0		0	0	0	0
钱货两清	qhlq	简单鹤		0		0	0	0	0
前后留神	qhlu	简单鹤		0		0	0	0	0
前后联系	qhlx	简单鹤		0		0	0	0	0
前后矛盾	qhmd	简单鹤		0		0	0	0	0
雀魂麻将	qhmj	简单鹤		0		0	0	0	0
秋后蚂蚱	qhmv	简单鹤		0		0	0	0	0
清华南都	qhnd	简单鹤		0		0	0	0	0
黢黑黢黑	qhqh	简单鹤		0		0	0	0	0
气候情况	qhqk	简单鹤		0		0	0	0	0
侵华日军	qhrj	简单鹤		0		0	0	0	0
气候湿润	qhur	简单鹤		0		0	0	0	0
侵华战争	qhvv	简单鹤		0		0	0	0	0
千好万好	qhwh	简单鹤		0		0	0	0	0
秋后问斩	qhwv	简单鹤		0		0	0	0	0
强化训练	qhxl	简单鹤		0		0	0	0	0
前后相属	qhxu	简单鹤		0		0	0	0	0
气候异常	qhyi	简单鹤		0		0	0	0	0
漆黑一片	qhyp	简单鹤		0		0	0	0	0
气候宜人	qhyr	简单鹤		0		0	0	0	0
前后一致	qhyv	简单鹤		0		0	0	0	0
青春宝贵	qibg	简单鹤		0		0	0	0	0
汽车保险	qibx	简单鹤		0		0	0	0	0
清茶淡饭	qidf	简单鹤		0		0	0	0	0
汽车导航	qidh	简单鹤		0		0	0	0	0
清楚得很	qidh	简单鹤		0		0	0	0	0
求锤得锤	qidi	简单鹤		0		0	0	0	0
气冲斗牛	qidn	简单鹤		1		0	0	0	0
气沉丹田	qidt	简单鹤		0		0	0	0	0
情场得意	qidy	简单鹤		0		0	0	0	0
亲传弟子	qidz	简单鹤		0		0	0	0	0
弃城而逃	qiet	简单鹤		0		0	0	0	0
情仇恩怨	qiey	简单鹤		0		0	0	0	0
去吃饭了	qifl	简单鹤		0		0	0	0	0
全程高能	qign	简单鹤		0		0	0	0	0
汽车工业	qigy	简单鹤		0		0	0	0	0
清除缓存	qihc	简单鹤		0		0	0	0	0
清朝画质	qihv	简单鹤		0		0	0	0	0
全场沉默	qiim	简单鹤		0		0	0	0	0
清朝老兵	qilb	简单鹤		0		0	0	0	0
清朝老片	qilp	简单鹤		0		0	0	0	0
全程录像	qilx	简单鹤		0		0	0	0	0
七尺男儿	qine	简单鹤		0		0	0	0	0
青春年华	qinh	简单鹤		0		0	0	0	0
青春偶像	qiox	简单鹤		0		0	0	0	0
全程陪同	qipt	简单鹤		0		0	0	0	0
驱车前往	qiqw	简单鹤		0		0	0	0	0
青春气息	qiqx	简单鹤		0		0	0	0	0
枪出如龙	qirl	简单鹤		0		0	0	0	0
清澈如水	qiru	简单鹤		0		0	0	0	0
切成臊子	qisz	简单鹤		0		0	0	0	0
清除数据	qiuj	简单鹤		0		0	0	0	0
情场失意	qiuy	简单鹤		0		0	0	0	0
倾城之恋	qivl	简单鹤		0		0	0	0	0
全场瞩目	qivm	简单鹤		0		0	0	0	0
切齿之痛	qivt	简单鹤		0		0	0	0	0
起床战争	qivv	简单鹤		0		0	0	0	0
奇臭无比	qiwb	简单鹤		0		0	0	0	0
汽车尾灯	qiwd	简单鹤		0		0	0	0	0
千穿万穿	qiwi	简单鹤		0		0	0	0	0
群除我佬	qiwl	简单鹤		0		0	0	0	0
前尘往事	qiwu	简单鹤		0		0	0	0	0
青春文学	qiwx	简单鹤		0		0	0	0	0
前程无忧	qiwy	简单鹤		0		0	0	0	0
清除血迹	qixj	简单鹤		0		0	0	0	0
前程远大	qiyd	简单鹤		0		0	0	0	0
汽车洋房	qiyf	简单鹤		0		0	0	0	0
汽车养护	qiyh	简单鹤		0		0	0	0	0
清除异己	qiyj	简单鹤		0		0	0	0	0
前朝遗老	qiyl	简单鹤		0		0	0	0	0
棋差一着	qiyv	简单鹤		0		0	0	0	0
青春永驻	qiyv	简单鹤		0		0	0	0	0
全场最佳	qizj	简单鹤		0		0	0	0	0
七借八凑	qjbc	简单鹤		0		0	0	0	0
奇迹般的	qjbd	简单鹤		0		0	0	0	0
全家不饿	qjbe	简单鹤		0		0	0	0	0
千金不换	qjbh	简单鹤	48	0		0	0	0	0
全角半角	qjbj	简单鹤		0		0	0	0	0
全局变量	qjbl	简单鹤		0		0	0	0	0
青筋暴露	qjbl	简单鹤		0		0	0	0	0
青筋暴起	qjbq	简单鹤		0		0	0	0	0
抢救病人	qjbr	简单鹤		0		0	0	0	0
区间测速	qjcs	简单鹤		0		0	0	0	0
屈居第二	qjde	简单鹤		0		0	0	0	0
群居动物	qjdw	简单鹤		0		0	0	0	0
切金断玉	qjdy	简单鹤		0		0	0	0	0
情节恶劣	qjel	简单鹤		0		0	0	0	0
气绝而亡	qjew	简单鹤		0		0	0	0	0
全角符号	qjfh	简单鹤		0		0	0	0	0
穷家富路	qjfl	简单鹤	48	0		0	0	0	0
抢尽风头	qjft	简单鹤		0		0	0	0	0
清洁服务	qjfw	简单鹤		0		0	0	0	0
前进方向	qjfx	简单鹤		0		0	0	0	0
区级干部	qjgb	简单鹤		0		0	0	0	0
全局观念	qjgn	简单鹤		0		0	0	0	0
全局高刷	qjgu	简单鹤		0		0	0	0	0
全局光照	qjgv	简单鹤		0		0	0	0	0
请教各位	qjgw	简单鹤		0		0	0	0	0
前几个月	qjgy	简单鹤		0		0	0	0	0
前脚刚走	qjgz	简单鹤		0		0	0	0	0
侨居海外	qjhw	简单鹤		0		0	0	0	0
前街后巷	qjhx	简单鹤		1		0	0	0	0
全军出击	qjij	简单鹤		0		0	0	0	0
旗舰产品	qjip	简单鹤		0		0	0	0	0
强筋健骨	qjjg	简单鹤		0		0	0	0	0
强军计划	qjjh	简单鹤		0		0	0	0	0
敲金击石	qjju	简单鹤		1		0	0	0	0
全角空格	qjkg	简单鹤		0		0	0	0	0
清洁空气	qjkq	简单鹤		0		0	0	0	0
前景堪忧	qjky	简单鹤		0		0	0	0	0
轻解罗裳	qjli	简单鹤		0		0	0	0	0
全家老小	qjlx	简单鹤		0		0	0	0	0
勤加练习	qjlx	简单鹤		0		0	0	0	0
七舅姥爷	qjly	简单鹤		0		0	0	0	0
清洁面部	qjmb	简单鹤		0		0	0	0	0
情景模拟	qjmn	简单鹤		0		0	0	0	0
情景模式	qjmu	简单鹤		0		0	0	0	0
千斤买笑	qjmx	简单鹤		0		0	0	0	0
千金买笑	qjmx	简单鹤		1		0	0	0	0
奇迹暖暖	qjnn	简单鹤		0		0	0	0	0
千金难求	qjnq	简单鹤		0		0	0	0	0
清洁能源	qjny	简单鹤		0		0	0	0	0
清洁皮肤	qjpf	简单鹤		0		0	0	0	0
七进七出	qjqi	简单鹤		0		0	0	0	0
切记切记	qjqj	简单鹤		0		0	0	0	0
倾尽全力	qjql	简单鹤		0		0	0	0	0
其疾如风	qjrf	简单鹤		0		0	0	0	0
前景如何	qjrh	简单鹤		0		0	0	0	0
屈节辱命	qjrm	简单鹤		1		0	0	0	0
穷极思变	qjsb	简单鹤		1		0	0	0	0
千金散尽	qjsj	简单鹤		0		0	0	0	0
七局四胜	qjsu	简单鹤		0		0	0	0	0
全景天窗	qjti	简单鹤		0		0	0	0	0
全军突击	qjtj	简单鹤		0		0	0	0	0
旗舰手机	qjuj	简单鹤		0		0	0	0	0
枪击事件	qjuj	简单鹤		0		0	0	0	0
起脚射门	qjum	简单鹤		0		0	0	0	0
拳击手套	qjut	简单鹤		0		0	0	0	0
千斤重担	qjvd	简单鹤	265	0		0	0	0	0
千钧重负	qjvf	简单鹤		1		0	0	0	0
千斤之力	qjvl	简单鹤		0		0	0	0	0
强军之路	qjvl	简单鹤		0		0	0	0	0
青筋直冒	qjvm	简单鹤		0		0	0	0	0
强奸致死	qjvs	简单鹤		0		0	0	0	0
青筋直跳	qjvt	简单鹤		0		0	0	0	0
千金之子	qjvz	简单鹤		1		0	0	0	0
全键无冲	qjwi	简单鹤		0		0	0	0	0
齐集于此	qjyc	简单鹤		0		0	0	0	0
千斤一发	qjyf	简单鹤		0		0	0	0	0
千金一刻	qjyk	简单鹤		1		0	0	0	0
清洁用品	qjyp	简单鹤		0		0	0	0	0
穷尽一生	qjyu	简单鹤		0		0	0	0	0
起居饮食	qjyu	简单鹤		0		0	0	0	0
千金一掷	qjyv	简单鹤		1		0	0	0	0
情节严重	qjyv	简单鹤		0		0	0	0	0
请教一下	qjyx	简单鹤		0		0	0	0	0
勤俭自强	qjzq	简单鹤		0		0	0	0	0
强极则辱	qjzr	简单鹤		0		0	0	0	0
奇迹再现	qjzx	简单鹤		0		0	0	0	0
情况不对	qkbd	简单鹤		0		0	0	0	0
情况不妙	qkbm	简单鹤		0		0	0	0	0
情况不同	qkbt	简单鹤		0		0	0	0	0
轻口薄舌	qkbu	简单鹤		1		0	0	0	0
情况不详	qkbx	简单鹤		0		0	0	0	0
清空弹匣	qkdx	简单鹤		0		0	0	0	0
情况恶化	qkeh	简单鹤		0		0	0	0	0
求口饭吃	qkfi	简单鹤		0		0	0	0	0
情况分析	qkfx	简单鹤		0		0	0	0	0
情况反映	qkfy	简单鹤		0		0	0	0	0
情况复杂	qkfz	简单鹤		0		0	0	0	0
情况改变	qkgb	简单鹤		0		0	0	0	0
情况很好	qkhh	简单鹤		0		0	0	0	0
请客喝酒	qkhj	简单鹤		0		0	0	0	0
请客吃饭	qkif	简单鹤		0		0	0	0	0
情况处理	qkil	简单鹤		0		0	0	0	0
欠款金额	qkje	简单鹤		0		0	0	0	0
情况简介	qkjj	简单鹤		0		0	0	0	0
情况紧急	qkjj	简单鹤		0		0	0	0	0
情况良好	qklh	简单鹤		0		0	0	0	0
顷刻炼化	qklh	简单鹤		0		0	0	0	0
巧克力糖	qklt	简单鹤		0		0	0	0	0
情况如何	qkrh	简单鹤		0		0	0	0	0
穷苦人家	qkrj	简单鹤		0		0	0	0	0
轻狂岁月	qksy	简单鹤		0		0	0	0	0
情况通报	qktb	简单鹤		0		0	0	0	0
情况突然	qktr	简单鹤		0		0	0	0	0
情况之下	qkvx	简单鹤		0		0	0	0	0
乾坤未定	qkwd	简单鹤		0		0	0	0	0
情况危险	qkwx	简单鹤		0		0	0	0	0
请看下集	qkxj	简单鹤		0		0	0	0	0
情况有变	qkyb	简单鹤		0		0	0	0	0
全框眼镜	qkyj	简单鹤		0		0	0	0	0
情况严重	qkyv	简单鹤		0		0	0	0	0
情况怎样	qkzy	简单鹤		0		0	0	0	0
曲里八拐	qlbg	简单鹤		0		0	0	0	0
前来拜见	qlbj	简单鹤		0		0	0	0	0
强烈鄙视	qlbu	简单鹤		0		0	0	0	0
权利保障	qlbv	简单鹤		0		0	0	0	0
七老八小	qlbx	简单鹤		0		0	0	0	0
千里奔袭	qlbx	简单鹤		0		0	0	0	0
前来参观	qlcg	简单鹤		0		0	0	0	0
强力措施	qlcu	简单鹤		0		0	0	0	0
丘陵地带	qldd	简单鹤		0		0	0	0	0
全力对付	qldf	简单鹤		0		0	0	0	0
权力斗争	qldv	简单鹤		0		0	0	0	0
全力打造	qldz	简单鹤		0		0	0	0	0
千里鹅毛	qlem	简单鹤		1		0	0	0	0
倾力而为	qlew	简单鹤		0		0	0	0	0
权力腐败	qlfb	简单鹤		0		0	0	0	0
强烈反弹	qlfd	简单鹤		0		0	0	0	0
强烈反差	qlfi	简单鹤		0		0	0	0	0
曲率飞船	qlfi	简单鹤		0		0	0	0	0
强烈反抗	qlfk	简单鹤		0		0	0	0	0
权力分配	qlfp	简单鹤		0		0	0	0	0
全力发展	qlfv	简单鹤		0		0	0	0	0
强烈反应	qlfy	简单鹤		0		0	0	0	0
全力搞好	qlgh	简单鹤		0		0	0	0	0
奇了怪了	qlgl	简单鹤		0		0	0	0	0
情侣关系	qlgx	简单鹤		0		0	0	0	0
确立关系	qlgx	简单鹤		0		0	0	0	0
潜力很大	qlhd	简单鹤		0		0	0	0	0
签了合同	qlht	简单鹤		0		0	0	0	0
清理好友	qlhy	简单鹤		0		0	0	0	0
全力出击	qlij	简单鹤		0		0	0	0	0
千里传音	qliy	简单鹤		0		0	0	0	0
情侣酒店	qljd	简单鹤		0		0	0	0	0
潜力巨大	qljd	简单鹤		0		0	0	0	0
权力机构	qljg	简单鹤		0		0	0	0	0
凄厉叫声	qlju	简单鹤		0		0	0	0	0
千里江山	qlju	简单鹤		0		0	0	0	0
青莲居士	qlju	简单鹤		0		0	0	0	0
强烈建议	qljy	简单鹤		0		0	0	0	0
全力开火	qlkh	简单鹤		0		0	0	0	0
强力开火	qlkh	简单鹤		0		0	0	0	0
情侣空间	qlkj	简单鹤		0		0	0	0	0
强冷空气	qlkq	简单鹤		0		0	0	0	0
侵略扩张	qlkv	简单鹤		0		0	0	0	0
强烈渴望	qlkw	简单鹤		0		0	0	0	0
清理垃圾	qllj	简单鹤		0		0	0	0	0
去留两难	qlln	简单鹤		0		0	0	0	0
确立目标	qlmb	简单鹤		0		0	0	0	0
清理门户	qlmh	简单鹤		0		0	0	0	0
轻拢慢捻	qlmn	简单鹤		0		0	0	0	0
去了哪里	qlnl	简单鹤		0		0	0	0	0
青楼女子	qlnz	简单鹤		0		0	0	0	0
全力拼搏	qlpb	简单鹤		0		0	0	0	0
强烈批评	qlpp	简单鹤		0		0	0	0	0
强烈期待	qlqd	简单鹤		0		0	0	0	0
全力抢救	qlqj	简单鹤		0		0	0	0	0
敲了敲门	qlqm	简单鹤		0		0	0	0	0
情侣气泡	qlqp	简单鹤		0		0	0	0	0
墙里墙外	qlqw	简单鹤		0		0	0	0	0
情侣套餐	qltc	简单鹤		0		0	0	0	0
千里同风	qltf	简单鹤		1		0	0	0	0
全力推进	qltj	简单鹤		0		0	0	0	0
强烈推荐	qltj	简单鹤		0		0	0	0	0
清利头目	qltm	简单鹤		0		0	0	0	0
情侣套装	qltv	简单鹤		0		0	0	0	0
情侣头像	qltx	简单鹤		0		0	0	0	0
情侣手表	qlub	简单鹤		0		0	0	0	0
骑脸输出	qlui	简单鹤		0		0	0	0	0
清凉爽口	qluk	简单鹤		0		0	0	0	0
全力抓好	qlvh	简单鹤		0		0	0	0	0
清理助手	qlvu	简单鹤		0		0	0	0	0
千里之外	qlvw	简单鹤		0		0	0	0	0
千里之足	qlvz	简单鹤		1		0	0	0	0
千恋万花	qlwh	简单鹤		0		0	0	0	0
全力完成	qlwi	简单鹤		0		0	0	0	0
清理卫生	qlwu	简单鹤		0		0	0	0	0
潜力无限	qlwx	简单鹤		0		0	0	0	0
潜龙勿用	qlwy	简单鹤		0		0	0	0	0
权力寻租	qlxz	简单鹤		0		0	0	0	0
去了一个	qlyg	简单鹤		0		0	0	0	0
强拉硬拽	qlyv	简单鹤		0		0	0	0	0
强烈欲望	qlyw	简单鹤		0		0	0	0	0
权利义务	qlyw	简单鹤		0		0	0	0	0
权力游戏	qlyx	简单鹤		0		0	0	0	0
棋类游戏	qlyx	简单鹤		0		0	0	0	0
清理一下	qlyx	简单鹤		0		0	0	0	0
全民动员	qmdy	简单鹤		0		0	0	0	0
全面二孩	qmeh	简单鹤		0		0	0	0	0
全面发挥	qmfh	简单鹤		0		0	0	0	0
全面放开	qmfk	简单鹤		0		0	0	0	0
亲妈发牌	qmfp	简单鹤		0		0	0	0	0
全面分析	qmfx	简单鹤		0		0	0	0	0
全面改革	qmgg	简单鹤		0		0	0	0	0
乞悯告怜	qmgl	简单鹤		0		0	0	0	0
全面恢复	qmhf	简单鹤		0		0	0	0	0
全面衡量	qmhl	简单鹤		0		0	0	0	0
全面和平	qmhp	简单鹤		0		0	0	0	0
全面合作	qmhz	简单鹤		0		0	0	0	0
全面彻底	qmid	简单鹤		0		0	0	0	0
全面撤退	qmit	简单鹤		0		0	0	0	0
全面创新	qmix	简单鹤		0		0	0	0	0
球面几何	qmjh	简单鹤		0		0	0	0	0
亲密接触	qmji	简单鹤		0		0	0	0	0
全面兼容	qmjr	简单鹤		0		0	0	0	0
阡陌交通	qmjt	简单鹤		0		0	0	0	0
全民健身	qmju	简单鹤		0		0	0	0	0
全面禁止	qmjv	简单鹤		0		0	0	0	0
勤勉尽责	qmjz	简单鹤		0		0	0	0	0
全面客观	qmkg	简单鹤		0		0	0	0	0
全面考核	qmkh	简单鹤		0		0	0	0	0
全面考察	qmki	简单鹤		0		0	0	0	0
全面开拓	qmkt	简单鹤		0		0	0	0	0
期末考试	qmku	简单鹤		0		0	0	0	0
全民抗战	qmkv	简单鹤		0		0	0	0	0
全面开展	qmkv	简单鹤		0		0	0	0	0
全面开战	qmkv	简单鹤		0		0	0	0	0
却没料到	qmld	简单鹤		0		0	0	0	0
全民联赛	qmls	简单鹤		0		0	0	0	0
启蒙老师	qmlu	简单鹤		0		0	0	0	0
全面履行	qmlx	简单鹤		0		0	0	0	0
全麦面包	qmmb	简单鹤		0		0	0	0	0
清末民初	qmmi	简单鹤		0		0	0	0	0
全面能力	qmnl	简单鹤		0		0	0	0	0
全面碾压	qmny	简单鹤		0		0	0	0	0
全面评估	qmpg	简单鹤		0		0	0	0	0
全面排查	qmpi	简单鹤		0		0	0	0	0
全面铺开	qmpk	简单鹤		0		0	0	0	0
全面剖析	qmpx	简单鹤		0		0	0	0	0
去没去过	qmqg	简单鹤		0		0	0	0	0
启蒙思想	qmsx	简单鹤		0		0	0	0	0
全面突破	qmtp	简单鹤		0		0	0	0	0
全面投入	qmtr	简单鹤		0		0	0	0	0
全面实现	qmux	简单鹤		0		0	0	0	0
全面展开	qmvk	简单鹤		0		0	0	0	0
全面准确	qmvq	简单鹤		0		0	0	0	0
轻蔑之色	qmvs	简单鹤		0		0	0	0	0
球墨铸铁	qmvt	简单鹤		0		0	0	0	0
全面战争	qmvv	简单鹤		0		0	0	0	0
全面掌握	qmvw	简单鹤		0		0	0	0	0
全码无重	qmwi	简单鹤		0		0	0	0	0
千磨万难	qmwn	简单鹤		0		0	0	0	0
其妙无穷	qmwq	简单鹤		0		0	0	0	0
却没想到	qmxd	简单鹤		0		0	0	0	0
却没想过	qmxg	简单鹤		0		0	0	0	0
全面下降	qmxj	简单鹤		0		0	0	0	0
全面小康	qmxk	简单鹤		0		0	0	0	0
全明星赛	qmxs	简单鹤		0		0	0	0	0
全民修仙	qmxx	简单鹤		0		0	0	0	0
其鸣也哀	qmya	简单鹤		0		0	0	0	0
全民义务	qmyw	简单鹤		0		0	0	0	0
阡陌纵横	qmzh	简单鹤		0		0	0	0	0
期末作业	qmzy	简单鹤		0		0	0	0	0
请你保重	qnbv	简单鹤		0		0	0	0	0
去你的吧	qndb	简单鹤		0		0	0	0	0
千年第一	qndy	简单鹤		0		0	0	0	0
清南二号	qneh	简单鹤		0		0	0	0	0
去哪儿网	qnew	简单鹤		0		0	0	0	0
请你放心	qnfx	简单鹤		0		0	0	0	0
请您放心	qnfx	简单鹤		0		0	0	0	0
青年干部	qngb	简单鹤		0		0	0	0	0
擒拿格斗	qngd	简单鹤		0		0	0	0	0
青年工人	qngr	简单鹤		0		0	0	0	0
青年公寓	qngy	简单鹤		0		0	0	0	0
全年工作	qngz	简单鹤		0		0	0	0	0
去哪吃饭	qnif	简单鹤		0		0	0	0	0
青年教师	qnju	简单鹤		0		0	0	0	0
潜能开发	qnkf	简单鹤		0		0	0	0	0
去年开始	qnku	简单鹤		0		0	0	0	0
千年老二	qnle	简单鹤		0		0	0	0	0
去哪里了	qnll	简单鹤		0		0	0	0	0
青年旅社	qnlu	简单鹤		0		0	0	0	0
青年旅舍	qnlu	简单鹤		0		0	0	0	0
千年灵芝	qnlv	简单鹤		0		0	0	0	0
千年老妖	qnly	简单鹤		0		0	0	0	0
去你妈逼	qnmb	简单鹤		0		0	0	0	0
去你妈的	qnmd	简单鹤		0		0	0	0	0
去你妹的	qnmd	简单鹤		0		0	0	0	0
去年年底	qnnd	简单鹤		0		0	0	0	0
去年年初	qnni	简单鹤		0		0	0	0	0
去年年末	qnnm	简单鹤		0		0	0	0	0
去你奶奶	qnnn	简单鹤		0		0	0	0	0
青年男女	qnnn	简单鹤		0		0	0	0	0
千年难遇	qnny	简单鹤		0		0	0	0	0
青年男子	qnnz	简单鹤		0		0	0	0	0
去年排名	qnpm	简单鹤		0		0	0	0	0
青年人才	qnrc	简单鹤		0		0	0	0	0
圈内人士	qnru	简单鹤		0		0	0	0	0
全年任务	qnrw	简单鹤		0		0	0	0	0
去年同期	qntq	简单鹤		0		0	0	0	0
瞧你说的	qnud	简单鹤		0		0	0	0	0
青年时代	qnud	简单鹤		0		0	0	0	0
青年时期	qnuq	简单鹤		0		0	0	0	0
七年之痒	qnvy	简单鹤		0		0	0	0	0
千年王八	qnwb	简单鹤		0		0	0	0	0
青年文摘	qnwv	简单鹤		0		0	0	0	0
全年无休	qnwx	简单鹤		0		0	0	0	0
去年夏天	qnxt	简单鹤		0		0	0	0	0
倾囊相助	qnxv	简单鹤	244	0		0	0	0	0
倩女幽魂	qnyh	简单鹤	294	0		0	0	0	0
千年一见	qnyj	简单鹤		0		0	0	0	0
强尼银手	qnyu	简单鹤		0		0	0	0	0
七平八稳	qpbw	简单鹤		0		0	0	0	0
全票当选	qpdx	简单鹤		0		0	0	0	0
裘皮大衣	qpdy	简单鹤		0		0	0	0	0
倾盆而下	qpex	简单鹤		0		0	0	0	0
全盘否定	qpfd	简单鹤		0		0	0	0	0
全盘否认	qpfr	简单鹤		0		0	0	0	0
起跑反应	qpfy	简单鹤		0		0	0	0	0
前排出售	qpiu	简单鹤		0		0	0	0	0
俏皮可爱	qpka	简单鹤		0		0	0	0	0
全盘考虑	qpkl	简单鹤		0		0	0	0	0
前排留名	qplm	简单鹤		0		0	0	0	0
强迫命令	qpml	简单鹤		0		0	0	0	0
枪炮齐鸣	qpqm	简单鹤		0		0	0	0	0
轻颦浅笑	qpqx	简单鹤		0		0	0	0	0
全票通过	qptg	简单鹤		0		0	0	0	0
清平世界	qpuj	简单鹤		1		0	0	0	0
拳怕少壮	qpuv	简单鹤		0		0	0	0	0
起跑线上	qpxu	简单鹤		0		0	0	0	0
强迫行为	qpxw	简单鹤		0		0	0	0	0
期盼已久	qpyj	简单鹤		0		0	0	0	0
侵权必究	qqbj	简单鹤		0		0	0	0	0
全球变暖	qqbn	简单鹤		0		0	0	0	0
枪枪爆头	qqbt	简单鹤		0		0	0	0	0
请求帮助	qqbv	简单鹤		0		0	0	0	0
前期表现	qqbx	简单鹤		0		0	0	0	0
区区此心	qqcx	简单鹤		1		0	0	0	0
青青草原	qqcy	简单鹤		0		0	0	0	0
全球第二	qqde	简单鹤		0		0	0	0	0
轻轻打开	qqdk	简单鹤		0		0	0	0	0
全球第六	qqdl	简单鹤		0		0	0	0	0
拳拳到肉	qqdr	简单鹤		0		0	0	0	0
全球第三	qqds	简单鹤		0		0	0	0	0
全球第四	qqds	简单鹤		0		0	0	0	0
确切的说	qqdu	简单鹤		0		0	0	0	0
全球第五	qqdw	简单鹤		0		0	0	0	0
全球第一	qqdy	简单鹤		0		0	0	0	0
倾情奉献	qqfx	简单鹤		0		0	0	0	0
全球发行	qqfx	简单鹤		0		0	0	0	0
前期费用	qqfy	简单鹤		0		0	0	0	0
全球公敌	qqgd	简单鹤		0		0	0	0	0
全球各地	qqgd	简单鹤		0		0	0	0	0
亲切关怀	qqgh	简单鹤		0		0	0	0	0
前期工程	qqgi	简单鹤		0		0	0	0	0
悄悄关注	qqgv	简单鹤		0		0	0	0	0
群起攻之	qqgv	简单鹤		0		0	0	0	0
全球高武	qqgw	简单鹤		0		0	0	0	0
千秋功业	qqgy	简单鹤		0		0	0	0	0
前期工作	qqgz	简单鹤		0		0	0	0	0
请求互动	qqhd	简单鹤		0		0	0	0	0
前情回顾	qqhg	简单鹤		0		0	0	0	0
妻妾成群	qqiq	简单鹤		0		0	0	0	0
请求超时	qqiu	简单鹤		0		0	0	0	0
权倾朝野	qqiy	简单鹤		0		0	0	0	0
群情激昂	qqja	简单鹤		0		0	0	0	0
情趣酒店	qqjd	简单鹤		0		0	0	0	0
去去就回	qqjh	简单鹤		0		0	0	0	0
取其精华	qqjh	简单鹤		0		0	0	0	0
全球经济	qqjj	简单鹤		0		0	0	0	0
全球金融	qqjr	简单鹤		0		0	0	0	0
恰恰就像	qqjx	简单鹤		0		0	0	0	0
去取快递	qqkd	简单鹤		0		0	0	0	0
前期开发	qqkf	简单鹤		0		0	0	0	0
全球客户	qqkh	简单鹤		0		0	0	0	0
请求宽恕	qqku	简单鹤		0		0	0	0	0
悄悄来到	qqld	简单鹤		0		0	0	0	0
悄悄离去	qqlq	简单鹤		0		0	0	0	0
七窍流血	qqlx	简单鹤	113	0		0	0	0	0
全球领先	qqlx	简单鹤		0		0	0	0	0
七擒孟获	qqmh	简单鹤		0		0	0	0	0
强抢民女	qqmn	简单鹤		0		0	0	0	0
求求你了	qqnl	简单鹤		0		0	0	0	0
情趣内衣	qqny	简单鹤		0		0	0	0	0
全球票房	qqpf	简单鹤		0		0	0	0	0
圈钱跑路	qqpl	简单鹤		0		0	0	0	0
全球排名	qqpm	简单鹤		0		0	0	0	0
全球品牌	qqpp	简单鹤		0		0	0	0	0
亲戚朋友	qqpy	简单鹤		0		0	0	0	0
恰恰如此	qqrc	简单鹤		0		0	0	0	0
全球人口	qqrk	简单鹤		0		0	0	0	0
确切日期	qqrq	简单鹤		0		0	0	0	0
群情骚动	qqsd	简单鹤		0		0	0	0	0
全取三分	qqsf	简单鹤		0		0	0	0	0
全球同步	qqtb	简单鹤		0		0	0	0	0
全情投入	qqtr	简单鹤		0		0	0	0	0
全球统一	qqty	简单鹤		0		0	0	0	0
前情提要	qqty	简单鹤		0		0	0	0	0
全球首发	qquf	简单鹤		0		0	0	0	0
全球首富	qquf	简单鹤		0		0	0	0	0
区区之见	qqvj	简单鹤		0		0	0	0	0
请求支援	qqvy	简单鹤		0		0	0	0	0
全球闻名	qqwm	简单鹤		0		0	0	0	0
七桥问题	qqwt	简单鹤		0		0	0	0	0
全球问题	qqwt	简单鹤		0		0	0	0	0
情趣娃娃	qqww	简单鹤		0		0	0	0	0
鹊桥相会	qqxh	简单鹤		0		0	0	0	0
侵权行为	qqxw	简单鹤		0		0	0	0	0
确切消息	qqxx	简单鹤		0		0	0	0	0
轻轻一按	qqya	简单鹤		0		0	0	0	0
亲切友好	qqyh	简单鹤		0		0	0	0	0
情趣用品	qqyp	简单鹤		0		0	0	0	0
芊芊玉手	qqyu	简单鹤		0		0	0	0	0
请求援助	qqyv	简单鹤		0		0	0	0	0
千千音乐	qqyy	简单鹤		0		0	0	0	0
轻轻一跃	qqyy	简单鹤		0		0	0	0	0
去其糟粕	qqzp	简单鹤		0		0	0	0	0
恰恰在于	qqzy	简单鹤		0		0	0	0	0
清热安胎	qrat	简单鹤		0		0	0	0	0
全然不惧	qrbj	简单鹤		0		0	0	0	0
全然不觉	qrbj	简单鹤		0		0	0	0	0
弃如敝履	qrbl	简单鹤		0		0	0	0	0
弃若敝履	qrbl	简单鹤		0		0	0	0	0
全然不同	qrbt	简单鹤		0		0	0	0	0
求人办事	qrbu	简单鹤		0		0	0	0	0
悄然而来	qrel	简单鹤		0		0	0	0	0
悄然而去	qreq	简单鹤		0		0	0	0	0
悄然而逝	qreu	简单鹤		0		0	0	0	0
悄然而至	qrev	简单鹤		0		0	0	0	0
亲如骨血	qrgx	简单鹤		0		0	0	0	0
轻若鸿毛	qrhm	简单鹤		1		0	0	0	0
清热化痰	qrht	简单鹤		0		0	0	0	0
确认产权	qriq	简单鹤		0		0	0	0	0
悄然出现	qrix	简单鹤		0		0	0	0	0
亲如姐弟	qrjd	简单鹤		0		0	0	0	0
穷人家庭	qrjt	简单鹤		0		0	0	0	0
清热开窍	qrkq	简单鹤		0		0	0	0	0
清热凉血	qrlx	简单鹤		0		0	0	0	0
确认目标	qrmb	简单鹤		0		0	0	0	0
全然没有	qrmy	简单鹤		0		0	0	0	0
前任女友	qrny	简单鹤		0		0	0	0	0
前任男友	qrny	简单鹤		0		0	0	0	0
千人千面	qrqm	简单鹤		0		0	0	0	0
确认签字	qrqz	简单鹤		0		0	0	0	0
强人锁男	qrsn	简单鹤		0		0	0	0	0
确认提交	qrtj	简单鹤		0		0	0	0	0
侵入体内	qrtn	简单鹤		0		0	0	0	0
确认投资	qrtz	简单鹤		0		0	0	0	0
确认收货	qruh	简单鹤		0		0	0	0	0
其人之道	qrvd	简单鹤		0		0	0	0	0
确认支付	qrvf	简单鹤		0		0	0	0	0
去日无多	qrwd	简单鹤		0		0	0	0	0
全然忘记	qrwj	简单鹤		0		0	0	0	0
确认无误	qrww	简单鹤		0		0	0	0	0
情如兄弟	qrxd	简单鹤		0		0	0	0	0
确认相关	qrxg	简单鹤		0		0	0	0	0
清热泻火	qrxh	简单鹤		0		0	0	0	0
亲如兄妹	qrxm	简单鹤		0		0	0	0	0
取人性命	qrxm	简单鹤		0		0	0	0	0
悄然兴起	qrxq	简单鹤		0		0	0	0	0
强弱悬殊	qrxu	简单鹤		0		0	0	0	0
确认信息	qrxx	简单鹤		0		0	0	0	0
确认一遍	qryb	简单鹤		0		0	0	0	0
奇人异事	qryu	简单鹤		0		0	0	0	0
泣如雨下	qryx	简单鹤		0		0	0	0	0
确认一下	qryx	简单鹤		0		0	0	0	0
青丝白发	qsbf	简单鹤		0		0	0	0	0
求死不能	qsbn	简单鹤		0		0	0	0	0
七损八益	qsby	简单鹤		1		0	0	0	0
全损画质	qshv	简单鹤		0		0	0	0	0
穷思极想	qsjx	简单鹤		0		0	0	0	0
权色交易	qsjy	简单鹤		0		0	0	0	0
钱色交易	qsjy	简单鹤		0		0	0	0	0
浅色模式	qsmu	简单鹤		0		0	0	0	0
气死偶咧	qsol	简单鹤		0		0	0	0	0
秋色平分	qspf	简单鹤		1		0	0	0	0
琴瑟琵琶	qspp	简单鹤		0		0	0	0	0
全速前进	qsqj	简单鹤		0		0	0	0	0
缺三少四	qsus	简单鹤		0		0	0	0	0
取死之道	qsvd	简单鹤		0		0	0	0	0
琴瑟之好	qsvh	简单鹤		1		0	0	0	0
清算账目	qsvm	简单鹤		0		0	0	0	0
气死我了	qswl	简单鹤		0		0	0	0	0
千算万算	qsws	简单鹤		0		0	0	0	0
气随血脱	qsxt	简单鹤		0		0	0	0	0
轻松写意	qsxy	简单鹤		0		0	0	0	0
轻松愉快	qsyk	简单鹤		0		0	0	0	0
全损音质	qsyv	简单鹤		0		0	0	0	0
轻松自如	qszr	简单鹤		0		0	0	0	0
前途暗淡	qtad	简单鹤		0		0	0	0	0
其他办法	qtbf	简单鹤		0		0	0	0	0
前天傍晚	qtbw	简单鹤		0		0	0	0	0
全体代表	qtdb	简单鹤		0		0	0	0	0
其他地方	qtdf	简单鹤		0		0	0	0	0
其它地方	qtdf	简单鹤		0		0	0	0	0
抢滩登陆	qtdl	简单鹤		0		0	0	0	0
其他地区	qtdq	简单鹤		0		0	0	0	0
其他的人	qtdr	简单鹤		0		0	0	0	0
其它的人	qtdr	简单鹤		0		0	0	0	0
其他东西	qtdx	简单鹤		0		0	0	0	0
全体党员	qtdy	简单鹤		0		0	0	0	0
晴天多云	qtdy	简单鹤		0		0	0	0	0
其它方面	qtfm	简单鹤		0		0	0	0	0
且听风吟	qtfy	简单鹤		0		0	0	0	0
其他国家	qtgj	简单鹤		0		0	0	0	0
其它国家	qtgj	简单鹤		0		0	0	0	0
全体公民	qtgm	简单鹤		0		0	0	0	0
清汤挂面	qtgm	简单鹤		0		0	0	0	0
清汤火锅	qthg	简单鹤		0		0	0	0	0
前凸后翘	qthq	简单鹤		0		0	0	0	0
全体会员	qthy	简单鹤		0		0	0	0	0
前台处理	qtil	简单鹤		0		0	0	0	0
全体船员	qtiy	简单鹤		0		0	0	0	0
前台接待	qtjd	简单鹤		0		0	0	0	0
情同姐妹	qtjm	简单鹤		0		0	0	0	0
其他技能	qtjn	简单鹤		0		0	0	0	0
全体禁言	qtjy	简单鹤		0		0	0	0	0
囚徒困境	qtkj	简单鹤		0		0	0	0	0
前天开始	qtku	简单鹤		0		0	0	0	0
轻体力活	qtlh	简单鹤		0		0	0	0	0
泣涕涟涟	qtll	简单鹤		0		0	0	0	0
且听龙吟	qtly	简单鹤		0		0	0	0	0
祛痰利咽	qtly	简单鹤		0		0	0	0	0
去他妈的	qtmd	简单鹤		0		0	0	0	0
穷途末录	qtml	简单鹤		0		0	0	0	0
前途渺茫	qtmm	简单鹤		0		0	0	0	0
前途命运	qtmy	简单鹤		0		0	0	0	0
群体免疫	qtmy	简单鹤		0		0	0	0	0
去他娘的	qtnd	简单鹤		0		0	0	0	0
气体排放	qtpf	简单鹤		0		0	0	0	0
企图破坏	qtph	简单鹤		0		0	0	0	0
其他情况	qtqk	简单鹤		0		0	0	0	0
全体起立	qtql	简单鹤		0		0	0	0	0
其他人的	qtrd	简单鹤		0		0	0	0	0
其它任何	qtrh	简单鹤		0		0	0	0	0
气体燃料	qtrl	简单鹤		0		0	0	0	0
全体人民	qtrm	简单鹤		0		0	0	0	0
全体人员	qtry	简单鹤		0		0	0	0	0
其他人员	qtry	简单鹤		0		0	0	0	0
七天退换	qtth	简单鹤		0		0	0	0	0
前提条件	qttj	简单鹤		0		0	0	0	0
全体同学	qttx	简单鹤		0		0	0	0	0
青铜时代	qtud	简单鹤		0		0	0	0	0
其他时间	qtuj	简单鹤		0		0	0	0	0
其他事情	qtuq	简单鹤		0		0	0	0	0
前天上午	qtuw	简单鹤		0		0	0	0	0
缺头少尾	qtuw	简单鹤		0		0	0	0	0
其他事项	qtux	简单鹤		0		0	0	0	0
穷途之哭	qtvk	简单鹤		1		0	0	0	0
青藤之恋	qtvl	简单鹤		0		0	0	0	0
擎天之柱	qtvv	简单鹤		1		0	0	0	0
前天中午	qtvw	简单鹤		0		0	0	0	0
前提之下	qtvx	简单鹤		0		0	0	0	0
全体职员	qtvy	简单鹤		0		0	0	0	0
清谈误国	qtwg	简单鹤		0		0	0	0	0
其他问题	qtwt	简单鹤		0		0	0	0	0
前天晚上	qtwu	简单鹤		0		0	0	0	0
全天无休	qtwx	简单鹤		0		0	0	0	0
前途无限	qtwx	简单鹤		0		0	0	0	0
千挑万选	qtwx	简单鹤		0		0	0	0	0
情同兄弟	qtxd	简单鹤		0		0	0	0	0
其他想法	qtxf	简单鹤		0		0	0	0	0
前天下午	qtxw	简单鹤		0		0	0	0	0
企图玄学	qtxx	简单鹤		0		0	0	0	0
其他信息	qtxx	简单鹤		0		0	0	0	0
其他选项	qtxx	简单鹤		0		0	0	0	0
强调一遍	qtyb	简单鹤		0		0	0	0	0
全体员工	qtyg	简单鹤		0		0	0	0	0
炁体源流	qtyl	简单鹤		0		0	0	0	0
其他因素	qtys	简单鹤		0		0	0	0	0
轻叹一声	qtyu	简单鹤		0		0	0	0	0
擎天一柱	qtyv	简单鹤		0		0	0	0	0
擎天玉柱	qtyv	简单鹤		0		0	0	0	0
洽谈业务	qtyw	简单鹤		0		0	0	0	0
其他一些	qtyx	简单鹤		0		0	0	0	0
其它一些	qtyx	简单鹤		0		0	0	0	0
其他原因	qtyy	简单鹤		0		0	0	0	0
前天早晨	qtzi	简单鹤		0		0	0	0	0
前天早上	qtzu	简单鹤		0		0	0	0	0
欺霜傲雪	quax	简单鹤		1		0	0	0	0
求生不得	qubd	简单鹤	26	0		0	0	0	0
泉水蹦迪	qubd	简单鹤		0		0	0	0	0
求神拜佛	qubf	简单鹤		0		0	0	0	0
请示报告	qubg	简单鹤		0		0	0	0	0
青山不改	qubg	简单鹤		0		0	0	0	0
弃帅保车	qubi	简单鹤		0		0	0	0	0
糗事百科	qubk	简单鹤		0		0	0	0	0
全市第二	qude	简单鹤		0		0	0	0	0
七十大寿	qudu	简单鹤		0		0	0	0	0
全市第一	qudy	简单鹤		0		0	0	0	0
气势大增	qudz	简单鹤		0		0	0	0	0
螓首蛾眉	quem	简单鹤		1		0	0	0	0
亲生儿子	quez	简单鹤		0		0	0	0	0
全身发抖	qufd	简单鹤		0		0	0	0	0
全身发冷	qufl	简单鹤		0		0	0	0	0
全省各地	qugd	简单鹤		0		0	0	0	0
强势归来	qugl	简单鹤		0		0	0	0	0
亲属关系	qugx	简单鹤		0		0	0	0	0
强势互补	quhb	简单鹤		0		0	0	0	0
群山环抱	quhb	简单鹤		0		0	0	0	0
强势回归	quhg	简单鹤		0		0	0	0	0
其实还是	quhu	简单鹤		0		0	0	0	0
其实还有	quhy	简单鹤		0		0	0	0	0
牵手成功	quig	简单鹤		0		0	0	0	0
全身赤裸	quil	简单鹤		0		0	0	0	0
七十出头	quit	简单鹤		0		0	0	0	0
全世界的	qujd	简单鹤		0		0	0	0	0
切实解决	qujj	简单鹤		0		0	0	0	0
气数将尽	qujj	简单鹤		0		0	0	0	0
其实就是	quju	简单鹤		0		0	0	0	0
情深伉俪	qukl	简单鹤		0		0	0	0	0
其实可以	quky	简单鹤		0		0	0	0	0
确实可以	quky	简单鹤		0		0	0	0	0
确实厉害	qulh	简单鹤		0		0	0	0	0
强手裂颅	qull	简单鹤		0		0	0	0	0
情商拉满	qulm	简单鹤		0		0	0	0	0
全身力气	qulq	简单鹤		0		0	0	0	0
墙上芦苇	qulw	简单鹤		0		0	0	0	0
巧施妙计	qumj	简单鹤		0		0	0	0	0
亲生母亲	qumq	简单鹤		0		0	0	0	0
其实没有	qumy	简单鹤		0		0	0	0	0
确实没有	qumy	简单鹤		0		0	0	0	0
全身麻醉	qumz	简单鹤		0		0	0	0	0
确实牛逼	qunb	简单鹤		0		0	0	0	0
雀实牛逼	qunb	简单鹤		0		0	0	0	0
其势难当	qund	简单鹤		0		0	0	0	0
亲生女儿	qune	简单鹤		0		0	0	0	0
其实那个	qung	简单鹤		0		0	0	0	0
七十年前	qunq	简单鹤		0		0	0	0	0
全身皮肤	qupf	简单鹤		0		0	0	0	0
强势品种	qupv	简单鹤		0		0	0	0	0
翘首盼望	qupw	简单鹤		0		0	0	0	0
泉水泡澡	qupz	简单鹤		0		0	0	0	0
翘首期盼	quqp	简单鹤		0		0	0	0	0
全始全终	quqv	简单鹤		1		0	0	0	0
确实如此	qurc	简单鹤		0		0	0	0	0
其实如果	qurg	简单鹤		0		0	0	0	0
强手如云	qury	简单鹤		0		0	0	0	0
亲生孙女	qusn	简单鹤		0		0	0	0	0
欺霜赛雪	qusx	简单鹤		0		0	0	0	0
亲生孙子	qusz	简单鹤		0		0	0	0	0
切实提高	qutg	简单鹤		0		0	0	0	0
亲身体会	quth	简单鹤		0		0	0	0	0
全身体检	qutj	简单鹤		0		0	0	0	0
全是套路	qutl	简单鹤		0		0	0	0	0
全省天气	qutq	简单鹤		0		0	0	0	0
全身投入	qutr	简单鹤		0		0	0	0	0
亲身体验	quty	简单鹤		0		0	0	0	0
轻声识别	quub	简单鹤		0		0	0	0	0
钱少事多	quud	简单鹤		0		0	0	0	0
齐刷刷地	quud	简单鹤		0		0	0	0	0
全盛时期	quuq	简单鹤		0		0	0	0	0
全胜时期	quuq	简单鹤		0		0	0	0	0
请神上身	quuu	简单鹤		0		0	0	0	0
全身上下	quux	简单鹤		0		0	0	0	0
其实是有	quuy	简单鹤		0		0	0	0	0
其实是要	quuy	简单鹤		0		0	0	0	0
栖身之地	quvd	简单鹤		0		0	0	0	0
缺少证据	quvj	简单鹤		0		0	0	0	0
求生之路	quvl	简单鹤		0		0	0	0	0
七十周年	quvn	简单鹤		0		0	0	0	0
其实只是	quvu	简单鹤		0		0	0	0	0
雀鼠之争	quvv	简单鹤		1		0	0	0	0
其实只要	quvy	简单鹤		0		0	0	0	0
求师问道	quwd	简单鹤		0		0	0	0	0
切实维护	quwh	简单鹤		0		0	0	0	0
情势危急	quwj	简单鹤		0		0	0	0	0
全身无力	quwl	简单鹤		0		0	0	0	0
其实我们	quwm	简单鹤		0		0	0	0	0
气煞我也	quwy	简单鹤		0		0	0	0	0
全身心地	quxd	简单鹤		0		0	0	0	0
前摄像头	quxt	简单鹤		0		0	0	0	0
气势雄伟	quxw	简单鹤		0		0	0	0	0
其实需要	quxy	简单鹤		0		0	0	0	0
其实现在	quxz	简单鹤		0		0	0	0	0
其实也不	quyb	简单鹤		0		0	0	0	0
其实一个	quyg	简单鹤		0		0	0	0	0
却是一个	quyg	简单鹤		0		0	0	0	0
气数已尽	quyj	简单鹤	101	0		0	0	0	0
情深缘浅	quyq	简单鹤		0		0	0	0	0
求生欲望	quyw	简单鹤		0		0	0	0	0
切实有效	quyx	简单鹤		0		0	0	0	0
前世有缘	quyy	简单鹤		0		0	0	0	0
亲生子女	quzn	简单鹤		0		0	0	0	0
强身自卫	quzw	简单鹤		0		0	0	0	0
群众安全	qvaq	简单鹤		0		0	0	0	0
前瞻版本	qvbb	简单鹤		0		0	0	0	0
气质不错	qvbc	简单鹤		0		0	0	0	0
其中不乏	qvbf	简单鹤		0		0	0	0	0
欠债不还	qvbh	简单鹤		0		0	0	0	0
其中包括	qvbk	简单鹤		0		0	0	0	0
牵着鼻子	qvbz	简单鹤		0		0	0	0	0
强者电量	qvdl	简单鹤		0		0	0	0	0
取值范围	qvfw	简单鹤		0		0	0	0	0
强者发型	qvfx	简单鹤		0		0	0	0	0
群众反映	qvfy	简单鹤		0		0	0	0	0
强制高潮	qvgi	简单鹤		0		0	0	0	0
强制更新	qvgx	简单鹤		0		0	0	0	0
群众工作	qvgz	简单鹤		0		0	0	0	0
强者画风	qvhf	简单鹤		0		0	0	0	0
前瞻后顾	qvhg	简单鹤		1		0	0	0	0
欠账还钱	qvhq	简单鹤		0		0	0	0	0
秦砖汉瓦	qvhw	简单鹤		0		0	0	0	0
驱逐出境	qvij	简单鹤		0		0	0	0	0
骑着车子	qviz	简单鹤		0		0	0	0	0
全职家丁	qvjd	简单鹤		0		0	0	0	0
其中几个	qvjg	简单鹤		0		0	0	0	0
群众疾苦	qvjk	简单鹤		0		0	0	0	0
青轴键盘	qvjp	简单鹤		0		0	0	0	0
强制记忆	qvjy	简单鹤		0		0	0	0	0
千兆宽带	qvkd	简单鹤		0		0	0	0	0
群众来访	qvlf	简单鹤		0		0	0	0	0
其中两个	qvlg	简单鹤		0		0	0	0	0
全职猎人	qvlr	简单鹤		0		0	0	0	0
其中两位	qvlw	简单鹤		0		0	0	0	0
清蒸鲈鱼	qvly	简单鹤		0		0	0	0	0
清朝末年	qvmn	简单鹤		0		0	0	0	0
其中某些	qvmx	简单鹤		0		0	0	0	0
群众满意	qvmy	简单鹤		0		0	0	0	0
弃之脑后	qvnh	简单鹤		0		0	0	0	0
轻装前进	qvqj	简单鹤	239	0		0	0	0	0
且战且退	qvqt	简单鹤		0		0	0	0	0
强者如云	qvry	简单鹤		0		0	0	0	0
屈指算来	qvsl	简单鹤		0		0	0	0	0
七政四余	qvsy	简单鹤		0		0	0	0	0
全站推广	qvtg	简单鹤		0		0	0	0	0
强制退出	qvti	简单鹤		0		0	0	0	0
强制退场	qvti	简单鹤		0		0	0	0	0
全职太太	qvtt	简单鹤		0		0	0	0	0
群众团体	qvtt	简单鹤		0		0	0	0	0
强制手段	qvud	简单鹤		0		0	0	0	0
球状闪电	qvud	简单鹤		0		0	0	0	0
抢占市场	qvui	简单鹤		0		0	0	0	0
起止时间	qvuj	简单鹤		0		0	0	0	0
缺肢少腿	qvut	简单鹤		0		0	0	0	0
强制征兵	qvvb	简单鹤		0		0	0	0	0
全职主妇	qvvf	简单鹤		0		0	0	0	0
强制榨精	qvvj	简单鹤		0		0	0	0	0
求职招聘	qvvp	简单鹤		0		0	0	0	0
切指之痛	qvvt	简单鹤		0		0	0	0	0
强者之运	qvvy	简单鹤		0		0	0	0	0
千宅万户	qvwh	简单鹤		0		0	0	0	0
群众文化	qvwh	简单鹤		0		0	0	0	0
取之无尽	qvwj	简单鹤		0		0	0	0	0
千兆网络	qvwl	简单鹤		0		0	0	0	0
强者为王	qvww	简单鹤		0		0	0	0	0
曲折蜿蜒	qvwy	简单鹤		0		0	0	0	0
群众信访	qvxf	简单鹤		0		0	0	0	0
抢占先机	qvxj	简单鹤		0		0	0	0	0
强装笑脸	qvxl	简单鹤		0		0	0	0	0
趋众心理	qvxl	简单鹤		0		0	0	0	0
欺诈行为	qvxw	简单鹤		0		0	0	0	0
气滞血瘀	qvxy	简单鹤		0		0	0	0	0
取之有道	qvyd	简单鹤		0		0	0	0	0
其中一个	qvyg	简单鹤		0		0	0	0	0
奇珍异果	qvyg	简单鹤		0		0	0	0	0
取之于蓝	qvyl	简单鹤		0		0	0	0	0
掐指一算	qvys	简单鹤		0		0	0	0	0
其中一种	qvyv	简单鹤		0		0	0	0	0
其中有诈	qvyv	简单鹤		0		0	0	0	0
其中一位	qvyw	简单鹤		0		0	0	0	0
求知欲望	qvyw	简单鹤		0		0	0	0	0
其中一些	qvyx	简单鹤		0		0	0	0	0
琼枝玉叶	qvyy	简单鹤		1		0	0	0	0
群众演员	qvyy	简单鹤		0		0	0	0	0
枪支自由	qvzy	简单鹤		0		0	0	0	0
趣味盎然	qwar	简单鹤		0		0	0	0	0
七歪八倒	qwbd	简单鹤		0		0	0	0	0
请勿泊车	qwbi	简单鹤		0		0	0	0	0
千万不可	qwbk	简单鹤		0		0	0	0	0
权威部门	qwbm	简单鹤		0		0	0	0	0
千万不能	qwbn	简单鹤		0		0	0	0	0
全文背诵	qwbs	简单鹤		0		0	0	0	0
千万不要	qwby	简单鹤		0		0	0	0	0
前往参观	qwcg	简单鹤		0		0	0	0	0
请勿打扰	qwdr	简单鹤		0		0	0	0	0
权威地位	qwdw	简单鹤		0		0	0	0	0
弃我而去	qweq	简单鹤		0		0	0	0	0
全网封锁	qwfs	简单鹤		0		0	0	0	0
千万粉丝	qwfs	简单鹤		0		0	0	0	0
全网封杀	qwfu	简单鹤		0		0	0	0	0
穷文富武	qwfw	简单鹤		0		0	0	0	0
全文公布	qwgb	简单鹤		0		0	0	0	0
轻微骨折	qwgv	简单鹤		0		0	0	0	0
前挽后推	qwht	简单鹤		1		0	0	0	0
情为何物	qwhw	简单鹤		0		0	0	0	0
请勿触摸	qwim	简单鹤		0		0	0	0	0
权威机构	qwjg	简单鹤		0		0	0	0	0
请勿进入	qwjr	简单鹤		0		0	0	0	0
全文检索	qwjs	简单鹤		0		0	0	0	0
千万记住	qwjv	简单鹤		0		0	0	0	0
全文链接	qwlj	简单鹤		0		0	0	0	0
请勿模仿	qwmf	简单鹤		0		0	0	0	0
权威媒体	qwmt	简单鹤		0		0	0	0	0
期望能够	qwng	简单鹤		0		0	0	0	0
请勿入内	qwrn	简单鹤		0		0	0	0	0
秦王绕柱	qwrv	简单鹤		0		0	0	0	0
全文如下	qwrx	简单鹤		0		0	0	0	0
全网首播	qwub	简单鹤		0		0	0	0	0
全网首发	qwuf	简单鹤		0		0	0	0	0
权威说法	qwuf	简单鹤		0		0	0	0	0
区委书记	qwuj	简单鹤		0		0	0	0	0
全网首杀	qwuu	简单鹤		0		0	0	0	0
全无声息	qwux	简单鹤		0		0	0	0	0
权威专家	qwvj	简单鹤		0		0	0	0	0
勤王之师	qwvu	简单鹤		0		0	0	0	0
千万注意	qwvy	简单鹤		0		0	0	0	0
趣味相投	qwxt	简单鹤		0		0	0	0	0
千万小心	qwxx	简单鹤		0		0	0	0	0
请勿吸烟	qwxy	简单鹤		0		0	0	0	0
全文下载	qwxz	简单鹤		0		0	0	0	0
全文阅读	qwyd	简单鹤		0		0	0	0	0
奇闻轶事	qwyu	简单鹤		0		0	0	0	0
趣闻轶事	qwyu	简单鹤		0		0	0	0	0
请问一下	qwyx	简单鹤		0		0	0	0	0
清心安神	qxau	简单鹤		0		0	0	0	0
全新版本	qxbb	简单鹤		0		0	0	0	0
情绪波动	qxbd	简单鹤		0		0	0	0	0
全险半挂	qxbg	简单鹤		0		0	0	0	0
情绪变化	qxbh	简单鹤		0		0	0	0	0
全线崩溃	qxbk	简单鹤		0		0	0	0	0
情绪崩溃	qxbk	简单鹤		0		0	0	0	0
取象比类	qxbl	简单鹤		0		0	0	0	0
其心必异	qxby	简单鹤		0		0	0	0	0
全县第二	qxde	简单鹤		0		0	0	0	0
全校第二	qxde	简单鹤		0		0	0	0	0
情绪低落	qxdl	简单鹤		0		0	0	0	0
庆幸的是	qxdu	简单鹤		0		0	0	0	0
全县第一	qxdy	简单鹤		0		0	0	0	0
全校第一	qxdy	简单鹤		0		0	0	0	0
取消订阅	qxdy	简单鹤		0		0	0	0	0
权限分配	qxfp	简单鹤		0		0	0	0	0
抢先发售	qxfu	简单鹤		0		0	0	0	0
情绪高昂	qxga	简单鹤		0		0	0	0	0
全线贯通	qxgt	简单鹤		0		0	0	0	0
取消关注	qxgv	简单鹤		0		0	0	0	0
情绪高涨	qxgv	简单鹤		0		0	0	0	0
潜心贯注	qxgv	简单鹤		0		0	0	0	0
取消成绩	qxij	简单鹤		0		0	0	0	0
情绪激昂	qxja	简单鹤		0		0	0	0	0
情绪激动	qxjd	简单鹤		0		0	0	0	0
曲线积分	qxjf	简单鹤		0		0	0	0	0
曲线救国	qxjg	简单鹤		0		0	0	0	0
前线记者	qxjv	简单鹤		0		0	0	0	0
敲响警钟	qxjv	简单鹤		0		0	0	0	0
强行加戏	qxjx	简单鹤		0		0	0	0	0
其心可鉴	qxkj	简单鹤		0		0	0	0	0
情绪控制	qxkv	简单鹤		0		0	0	0	0
权限控制	qxkv	简单鹤		0		0	0	0	0
气血两燔	qxlf	简单鹤		0		0	0	0	0
全新理念	qxln	简单鹤		0		0	0	0	0
七旬老人	qxlr	简单鹤		0		0	0	0	0
去心邻域	qxly	简单鹤		0		0	0	0	0
求新立异	qxly	简单鹤		0		0	0	0	0
潜形匿迹	qxnj	简单鹤		1		0	0	0	0
全新内容	qxnr	简单鹤		0		0	0	0	0
其臭如兰	qxrl	简单鹤		0		0	0	0	0
清醒认识	qxru	简单鹤		0		0	0	0	0
枪响人亡	qxrw	简单鹤		0		0	0	0	0
前些日子	qxrz	简单鹤		0		0	0	0	0
全线通车	qxti	简单鹤		0		0	0	0	0
弃械投降	qxtj	简单鹤		0		0	0	0	0
清醒头脑	qxtn	简单鹤		0		0	0	0	0
全线投入	qxtr	简单鹤		0		0	0	0	0
清新脱俗	qxts	简单鹤		0		0	0	0	0
情绪调整	qxtv	简单鹤		0		0	0	0	0
全息投影	qxty	简单鹤		0		0	0	0	0
全新体验	qxty	简单鹤		0		0	0	0	0
抢先体验	qxty	简单鹤		0		0	0	0	0
气血双补	qxub	简单鹤		0		0	0	0	0
情绪失控	qxuk	简单鹤		0		0	0	0	0
气血失调	qxut	简单鹤		0		0	0	0	0
全校师生	qxuu	简单鹤		0		0	0	0	0
权限设置	qxuv	简单鹤		0		0	0	0	0
裙下之臣	qxvi	简单鹤		0		0	0	0	0
求学之路	qxvl	简单鹤		0		0	0	0	0
潜心专研	qxvy	简单鹤		0		0	0	0	0
轻型握把	qxwb	简单鹤		0		0	0	0	0
情绪稳定	qxwd	简单鹤		0		0	0	0	0
求学问道	qxwd	简单鹤		0		0	0	0	0
气息微弱	qxwr	简单鹤		0		0	0	0	0
情绪宣泄	qxxx	简单鹤		0		0	0	0	0
抢先一步	qxyb	简单鹤		0		0	0	0	0
曲线运动	qxyd	简单鹤		0		0	0	0	0
清晰易懂	qxyd	简单鹤		0		0	0	0	0
潜心研究	qxyj	简单鹤		0		0	0	0	0
七星娱乐	qxyl	简单鹤		0		0	0	0	0
谦逊有礼	qxyl	简单鹤		0		0	0	0	0
起性欲了	qxyl	简单鹤		0		0	0	0	0
起星欲了	qxyl	简单鹤		0		0	0	0	0
轻笑一声	qxyu	简单鹤		0		0	0	0	0
清新自然	qxzr	简单鹤		0		0	0	0	0
潜心钻研	qxzy	简单鹤		0		0	0	0	0
其余部分	qybf	简单鹤		0		0	0	0	0
七晕八拐	qybg	简单鹤		0		0	0	0	0
权益保护	qybh	简单鹤		0		0	0	0	0
青眼白龙	qybl	简单鹤		0		0	0	0	0
奇异博士	qybu	简单鹤		0		0	0	0	0
欺压百姓	qybx	简单鹤		0		0	0	0	0
跫音不响	qybx	简单鹤		0		0	0	0	0
乔伊波伊	qyby	简单鹤		0		0	0	0	0
去也匆匆	qycc	简单鹤		0		0	0	0	0
确有此事	qycu	简单鹤		0		0	0	0	0
企业财务	qycw	简单鹤		0		0	0	0	0
弃医从文	qycw	简单鹤		0		0	0	0	0
区域代理	qydl	简单鹤		0		0	0	0	0
企业单位	qydw	简单鹤		0		0	0	0	0
全员恶人	qyer	简单鹤		0		0	0	0	0
全员发挥	qyfh	简单鹤		0		0	0	0	0
曲意奉承	qyfi	简单鹤		0		0	0	0	0
轻易放弃	qyfq	简单鹤		0		0	0	0	0
轻言放弃	qyfq	简单鹤		0		0	0	0	0
轻易放手	qyfu	简单鹤		0		0	0	0	0
企业发展	qyfv	简单鹤		0		0	0	0	0
曲意奉迎	qyfy	简单鹤		1		0	0	0	0
前摇过长	qygi	简单鹤		0		0	0	0	0
企业改制	qygv	简单鹤		0		0	0	0	0
奇言怪语	qygy	简单鹤		0		0	0	0	0
亲眼见到	qyjd	简单鹤		0		0	0	0	0
前一阶段	qyjd	简单鹤		0		0	0	0	0
全员加速	qyjs	简单鹤		0		0	0	0	0
企业精神	qyju	简单鹤		0		0	0	0	0
契约精神	qyju	简单鹤		0		0	0	0	0
亲眼见证	qyjv	简单鹤		0		0	0	0	0
全员禁言	qyjy	简单鹤		0		0	0	0	0
亲眼看到	qykd	简单鹤		0		0	0	0	0
亲眼看见	qykj	简单鹤		0		0	0	0	0
其言可恕	qyku	简单鹤		0		0	0	0	0
企业老板	qylb	简单鹤		0		0	0	0	0
轻移莲步	qylb	简单鹤		0		0	0	0	0
企业利润	qylr	简单鹤		0		0	0	0	0
请原谅我	qylw	简单鹤		0		0	0	0	0
气阴两虚	qylx	简单鹤		0		0	0	0	0
千亿美元	qymy	简单鹤		0		0	0	0	0
全员内鬼	qyng	简单鹤		0		0	0	0	0
企业年金	qynj	简单鹤		0		0	0	0	0
奇痒难耐	qynn	简单鹤		0		0	0	0	0
奇痒难忍	qynr	简单鹤		0		0	0	0	0
趋于平衡	qyph	简单鹤		0		0	0	0	0
企业破产	qypi	简单鹤		0		0	0	0	0
千与千寻	qyqx	简单鹤		0		0	0	0	0
妾意如棉	qyrm	简单鹤		0		0	0	0	0
企业融资	qyrz	简单鹤		0		0	0	0	0
亲眼所见	qysj	简单鹤		0		0	0	0	0
穷源溯流	qysl	简单鹤		1		0	0	0	0
强硬态度	qytd	简单鹤		0		0	0	0	0
窃玉偷香	qytx	简单鹤		1		0	0	0	0
轻易上当	qyud	简单鹤		0		0	0	0	0
缺衣少吃	qyui	简单鹤		0		0	0	0	0
潜意识里	qyul	简单鹤		0		0	0	0	0
迁延时日	qyur	简单鹤		1		0	0	0	0
区域生态	qyut	简单鹤		0		0	0	0	0
潜意识中	qyuv	简单鹤		0		0	0	0	0
七月十五	qyuw	简单鹤		0		0	0	0	0
前沿阵地	qyvd	简单鹤		0		0	0	0	0
企业状况	qyvk	简单鹤		0		0	0	0	0
祛瘀止痛	qyvt	简单鹤		0		0	0	0	0
企业证书	qyvu	简单鹤		0		0	0	0	0
气压中心	qyvx	简单鹤		0		0	0	0	0
前一阵子	qyvz	简单鹤		0		0	0	0	0
全员卧底	qywd	简单鹤		0		0	0	0	0
趋于稳定	qywd	简单鹤		0		0	0	0	0
企业文化	qywh	简单鹤		0		0	0	0	0
企业微信	qywx	简单鹤		0		0	0	0	0
犬牙相错	qyxc	简单鹤		1		0	0	0	0
青眼相加	qyxj	简单鹤		0		0	0	0	0
琼瑶小说	qyxu	简单鹤		0		0	0	0	0
犬牙相制	qyxv	简单鹤		1		0	0	0	0
请允许我	qyxw	简单鹤		0		0	0	0	0
去意已定	qyyd	简单鹤		0		0	0	0	0
穷于应付	qyyf	简单鹤		0		0	0	0	0
取悦于民	qyym	简单鹤		0		0	0	0	0
其言也善	qyyu	简单鹤	92	0		0	0	0	0
犬牙鹰爪	qyyv	简单鹤		1		0	0	0	0
企业邮箱	qyyx	简单鹤		0		0	0	0	0
其义自见	qyzj	简单鹤		0		0	0	0	0
企业责任	qyzr	简单鹤		0		0	0	0	0
区域自治	qyzv	简单鹤		0		0	0	0	0
弃卒保车	qzbi	简单鹤		0		0	0	0	0
启奏陛下	qzbx	简单鹤		0		0	0	0	0
亲自操刀	qzcd	简单鹤		0		0	0	0	0
亲自参加	qzcj	简单鹤		0		0	0	0	0
亲自到场	qzdi	简单鹤		0		0	0	0	0
亲自动手	qzdu	简单鹤		0		0	0	0	0
亲自督阵	qzdv	简单鹤		0		0	0	0	0
妻子儿女	qzen	简单鹤		0		0	0	0	0
亲自负责	qzfz	简单鹤		0		0	0	0	0
潜在顾客	qzgk	简单鹤		0		0	0	0	0
签字盖章	qzgv	简单鹤		0		0	0	0	0
亲子关系	qzgx	简单鹤		0		0	0	0	0
启奏皇上	qzhu	简单鹤		0		0	0	0	0
强作欢颜	qzhy	简单鹤		0		0	0	0	0
签字画押	qzhy	简单鹤		0		0	0	0	0
亲子鉴定	qzjd	简单鹤		0		0	0	0	0
潜在客户	qzkh	简单鹤		0		0	0	0	0
潜在力量	qzll	简单鹤		0		0	0	0	0
权责明确	qzmq	简单鹤		0		0	0	0	0
亲自陪同	qzpt	简单鹤		0		0	0	0	0
亲自指挥	qzvh	简单鹤		0		0	0	0	0
轻罪重判	qzvp	简单鹤		0		0	0	0	0
弃子争先	qzvx	简单鹤		0		0	0	0	0
潜在危机	qzwj	简单鹤		0		0	0	0	0
潜在危险	qzwx	简单鹤		0		0	0	0	0
骑自行车	qzxi	简单鹤		0		0	0	0	0
潜在用户	qzyh	简单鹤		0		0	0	0	0
蜷作一团	qzyt	简单鹤		0		0	0	0	0
前奏一响	qzyx	简单鹤		0		0	0	0	0
热爱国家	ragj	简单鹤		0		0	0	0	0
热爱工作	ragz	简单鹤		0		0	0	0	0
热爱和平	rahp	简单鹤		0		0	0	0	0
热爱家乡	rajx	简单鹤		0		0	0	0	0
热爱劳动	rald	简单鹤		0		0	0	0	0
热爱人民	rarm	简单鹤		0		0	0	0	0
热爱生活	rauh	简单鹤		0		0	0	0	0
仁爱之心	ravx	简单鹤		0		0	0	0	0
热爱祖国	razg	简单鹤		0		0	0	0	0
入不抵出	rbdi	简单鹤		0		0	0	0	0
容不得人	rbdr	简单鹤		0		0	0	0	0
人不犯我	rbfw	简单鹤	198	0		0	0	0	0
绕不过来	rbgl	简单鹤		0		0	0	0	0
绕不过去	rbgq	简单鹤		0		0	0	0	0
日本鬼子	rbgz	简单鹤		0		0	0	0	0
人比花娇	rbhj	简单鹤		0		0	0	0	0
日本和牛	rbhn	简单鹤		0		0	0	0	0
认不出来	rbil	简单鹤		0		0	0	0	0
日本沉没	rbim	简单鹤		0		0	0	0	0
日本进口	rbjk	简单鹤		0		0	0	0	0
若不及时	rbju	简单鹤		0		0	0	0	0
仍不乐观	rblg	简单鹤		0		0	0	0	0
饶不了你	rbln	简单鹤		0		0	0	0	0
仍保留着	rblv	简单鹤		0		0	0	0	0
日本麻将	rbmj	简单鹤		0		0	0	0	0
仍不清楚	rbqi	简单鹤		0		0	0	0	0
让不让人	rbrr	简单鹤		0		0	0	0	0
认不认识	rbru	简单鹤		0		0	0	0	0
容不容易	rbry	简单鹤		0		0	0	0	0
日本天皇	rbth	简单鹤		0		0	0	0	0
软笔书法	rbuf	简单鹤		0		0	0	0	0
日本首相	rbux	简单鹤		0		0	0	0	0
忍不住了	rbvl	简单鹤		0		0	0	0	0
如臂指使	rbvu	简单鹤		0		0	0	0	0
人不像人	rbxr	简单鹤		0		0	0	0	0
人不走时	rbzu	简单鹤		0		0	0	0	0
人材辈出	rcbi	简单鹤		0		0	0	0	0
如此灿烂	rccl	简单鹤		0		0	0	0	0
如此才能	rccn	简单鹤		0		0	0	0	0
人才档案	rcda	简单鹤		0		0	0	0	0
如此地步	rcdb	简单鹤		0		0	0	0	0
如此大胆	rcdd	简单鹤		0		0	0	0	0
如此动人	rcdr	简单鹤		0		0	0	0	0
人才队伍	rcdw	简单鹤		0		0	0	0	0
人才待遇	rcdy	简单鹤		0		0	0	0	0
如此恶毒	rced	简单鹤		0		0	0	0	0
如此恶劣	rcel	简单鹤		0		0	0	0	0
如此反复	rcff	简单鹤		0		0	0	0	0
如此规模	rcgm	简单鹤		0		0	0	0	0
如此感人	rcgr	简单鹤		0		0	0	0	0
如此关心	rcgx	简单鹤		0		0	0	0	0
人才公寓	rcgy	简单鹤		0		0	0	0	0
人才荟萃	rchc	简单鹤		0		0	0	0	0
如此辉煌	rchh	简单鹤		0		0	0	0	0
如此害怕	rchp	简单鹤		0		0	0	0	0
人才储备	rcib	简单鹤		0		0	0	0	0
如此成功	rcig	简单鹤		0		0	0	0	0
人才建设	rcju	简单鹤		0		0	0	0	0
容错机制	rcjv	简单鹤		0		0	0	0	0
如此肯定	rckd	简单鹤		0		0	0	0	0
如此可见	rckj	简单鹤		0		0	0	0	0
如此快乐	rckl	简单鹤		0		0	0	0	0
如此困难	rckn	简单鹤		0		0	0	0	0
如此可怕	rckp	简单鹤		0		0	0	0	0
如此宽容	rckr	简单鹤		0		0	0	0	0
如此渴望	rckw	简单鹤		0		0	0	0	0
如此开心	rckx	简单鹤		0		0	0	0	0
如此了得	rcld	简单鹤		0		0	0	0	0
人才流失	rclu	简单鹤		0		0	0	0	0
如此美好	rcmh	简单鹤		0		0	0	0	0
如此漫长	rcmi	简单鹤		0		0	0	0	0
如此美妙	rcmm	简单鹤		0		0	0	0	0
惹草拈花	rcnh	简单鹤		1		0	0	0	0
如此平淡	rcpd	简单鹤		0		0	0	0	0
如此平凡	rcpf	简单鹤		0		0	0	0	0
如此漂亮	rcpl	简单鹤		0		0	0	0	0
人才培训	rcpx	简单鹤		0		0	0	0	0
人才强国	rcqg	简单鹤		0		0	0	0	0
如此热情	rcrq	简单鹤		0		0	0	0	0
认错态度	rctd	简单鹤		0		0	0	0	0
如此痛苦	rctk	简单鹤		0		0	0	0	0
如此突然	rctr	简单鹤		0		0	0	0	0
如此体贴	rctt	简单鹤		0		0	0	0	0
如此甚好	rcuh	简单鹤		0		0	0	0	0
如此之多	rcvd	简单鹤		0		0	0	0	0
如此之大	rcvd	简单鹤		0		0	0	0	0
如此之高	rcvg	简单鹤		0		0	0	0	0
如此之好	rcvh	简单鹤		0		0	0	0	0
冗词赘句	rcvj	简单鹤		1		0	0	0	0
如此之快	rcvk	简单鹤		0		0	0	0	0
如此之深	rcvu	简单鹤		0		0	0	0	0
如此往复	rcwf	简单鹤		0		0	0	0	0
人材外流	rcwl	简单鹤		0		0	0	0	0
如此完美	rcwm	简单鹤		0		0	0	0	0
如此温暖	rcwn	简单鹤		0		0	0	0	0
人才选拔	rcxb	简单鹤		0		0	0	0	0
如此幸福	rcxf	简单鹤		0		0	0	0	0
如此喜欢	rcxh	简单鹤		0		0	0	0	0
如此下去	rcxq	简单鹤		0		0	0	0	0
如此形容	rcxr	简单鹤		0		0	0	0	0
人才信息	rcxx	简单鹤		0		0	0	0	0
如此下作	rcxz	简单鹤		0		0	0	0	0
人菜瘾大	rcyd	简单鹤		0		0	0	0	0
如此一番	rcyf	简单鹤		0		0	0	0	0
人才引进	rcyj	简单鹤		0		0	0	0	0
如此用心	rcyx	简单鹤		0		0	0	0	0
人才资源	rczy	简单鹤		0		0	0	0	0
热度不减	rdbj	简单鹤		0		0	0	0	0
荣登榜首	rdbu	简单鹤		0		0	0	0	0
任督二脉	rdem	简单鹤		0		0	0	0	0
热带风暴	rdfb	简单鹤		0		0	0	0	0
燃灯古佛	rdgf	简单鹤		0		0	0	0	0
人大会议	rdhy	简单鹤		0		0	0	0	0
人道酬诚	rdii	简单鹤		0		0	0	0	0
人道酬善	rdiu	简单鹤		0		0	0	0	0
人大常委	rdiw	简单鹤		0		0	0	0	0
人大立法	rdlf	简单鹤		0		0	0	0	0
认定目标	rdmb	简单鹤		0		0	0	0	0
人都麻了	rdml	简单鹤		0		0	0	0	0
人淡如菊	rdrj	简单鹤		0		0	0	0	0
人多热闹	rdrn	简单鹤		0		0	0	0	0
人大提案	rdta	简单鹤		0		0	0	0	0
人大通过	rdtg	简单鹤		0		0	0	0	0
人多事烦	rduf	简单鹤		0		0	0	0	0
人单势孤	rdug	简单鹤		1		0	0	0	0
入党申请	rduq	简单鹤		0		0	0	0	0
认定事实	rduu	简单鹤		0		0	0	0	0
认定手续	rdux	简单鹤		0		0	0	0	0
人多事杂	rduz	简单鹤		0		0	0	0	0
人多智广	rdvg	简单鹤		0		0	0	0	0
人多为患	rdwh	简单鹤		0		0	0	0	0
人地相关	rdxg	简单鹤		0		0	0	0	0
热岛效应	rdxy	简单鹤		0		0	0	0	0
热得要死	rdys	简单鹤		0		0	0	0	0
人的一生	rdyu	简单鹤		0		0	0	0	0
人多眼杂	rdyz	简单鹤	56	0		0	0	0	0
让二追三	revs	简单鹤		0		0	0	0	0
人而无信	rewx	简单鹤	205	0		0	0	0	0
乳房下垂	rfxi	简单鹤		0		0	0	0	0
日防夜防	rfyf	简单鹤		0		0	0	0	0
软饭硬吃	rfyi	简单鹤		0		0	0	0	0
如果不会	rgbh	简单鹤		0		0	0	0	0
如果不能	rgbn	简单鹤		0		0	0	0	0
如果不是	rgbu	简单鹤		0		0	0	0	0
人格测试	rgcu	简单鹤		0		0	0	0	0
如果大家	rgdj	简单鹤		0		0	0	0	0
人格分裂	rgfl	简单鹤		0		0	0	0	0
若干方面	rgfm	简单鹤		0		0	0	0	0
人工复审	rgfu	简单鹤		0		0	0	0	0
认购方式	rgfu	简单鹤		0		0	0	0	0
人工繁殖	rgfv	简单鹤		0		0	0	0	0
人工服务	rgfw	简单鹤		0		0	0	0	0
人格分析	rgfx	简单鹤		0		0	0	0	0
人工翻译	rgfy	简单鹤		0		0	0	0	0
荣归故里	rggl	简单鹤		0		0	0	0	0
人格高尚	rggu	简单鹤		0		0	0	0	0
人工合成	rghi	简单鹤		0		0	0	0	0
人工成本	rgib	简单鹤		0		0	0	0	0
如果觉得	rgjd	简单鹤		0		0	0	0	0
认购价格	rgjg	简单鹤		0		0	0	0	0
如果仅仅	rgjj	简单鹤		0		0	0	0	0
人工客服	rgkf	简单鹤		0		0	0	0	0
人过留名	rglm	简单鹤		0		0	0	0	0
人格魅力	rgml	简单鹤		0		0	0	0	0
如果没有	rgmy	简单鹤		0		0	0	0	0
如果能够	rgng	简单鹤		0		0	0	0	0
若干年后	rgnh	简单鹤		0		0	0	0	0
如果你们	rgnm	简单鹤		0		0	0	0	0
若干年前	rgnq	简单鹤		0		0	0	0	0
如果你是	rgnu	简单鹤		0		0	0	0	0
如果你有	rgny	简单鹤		0		0	0	0	0
人格缺陷	rgqx	简单鹤		0		0	0	0	0
如果认为	rgrw	简单鹤		0		0	0	0	0
如果他们	rgtm	简单鹤		0		0	0	0	0
如果他是	rgtu	简单鹤		0		0	0	0	0
如果他有	rgty	简单鹤		0		0	0	0	0
人鬼殊途	rgut	简单鹤		0		0	0	0	0
如果说是	rguu	简单鹤		0		0	0	0	0
如果实在	rguz	简单鹤		0		0	0	0	0
如果这个	rgvg	简单鹤		0		0	0	0	0
弱冠之年	rgvn	简单鹤		0		0	0	0	0
如果只是	rgvu	简单鹤		0		0	0	0	0
人工智障	rgvv	简单鹤		0		0	0	0	0
如果这些	rgvx	简单鹤		0		0	0	0	0
如果只有	rgvy	简单鹤		0		0	0	0	0
如果这样	rgvy	简单鹤		0		0	0	0	0
如果我们	rgwm	简单鹤		0		0	0	0	0
如果我是	rgwu	简单鹤		0		0	0	0	0
如果想要	rgxy	简单鹤		0		0	0	0	0
如果需要	rgxy	简单鹤		0		0	0	0	0
人工心脏	rgxz	简单鹤		0		0	0	0	0
人工选择	rgxz	简单鹤		0		0	0	0	0
如果现在	rgxz	简单鹤		0		0	0	0	0
如果一个	rgyg	简单鹤		0		0	0	0	0
若干意见	rgyj	简单鹤		0		0	0	0	0
人各有命	rgym	简单鹤		0		0	0	0	0
如果要想	rgyx	简单鹤		0		0	0	0	0
日拱一卒	rgyz	简单鹤		0		0	0	0	0
认购资本	rgzb	简单鹤		0		0	0	0	0
如果自己	rgzj	简单鹤		0		0	0	0	0
人工造林	rgzl	简单鹤		0		0	0	0	0
人贵自立	rgzl	简单鹤		0		0	0	0	0
人格尊严	rgzy	简单鹤		0		0	0	0	0
任何办法	rhbf	简单鹤		0		0	0	0	0
任何变化	rhbh	简单鹤		0		0	0	0	0
如何才能	rhcn	简单鹤		0		0	0	0	0
如何操作	rhcz	简单鹤		0		0	0	0	0
任何地点	rhdd	简单鹤		0		0	0	0	0
任何地方	rhdf	简单鹤		0		0	0	0	0
任何的人	rhdr	简单鹤		0		0	0	0	0
任何的事	rhdu	简单鹤		0		0	0	0	0
任何东西	rhdx	简单鹤		0		0	0	0	0
任何方面	rhfm	简单鹤		0		0	0	0	0
任何方式	rhfu	简单鹤		0		0	0	0	0
任何关系	rhgx	简单鹤		0		0	0	0	0
人还活着	rhhv	简单鹤		0		0	0	0	0
如何见得	rhjd	简单鹤		0		0	0	0	0
如何解决	rhjj	简单鹤		0		0	0	0	0
如何解释	rhju	简单鹤		0		0	0	0	0
然后就是	rhju	简单鹤		0		0	0	0	0
任何建议	rhjy	简单鹤		0		0	0	0	0
如何看待	rhkd	简单鹤		0		0	0	0	0
如花美眷	rhmj	简单鹤		0		0	0	0	0
人海茫茫	rhmm	简单鹤		0		0	0	0	0
如何能够	rhng	简单鹤		0		0	0	0	0
如何评价	rhpj	简单鹤		0		0	0	0	0
任何人的	rhrd	简单鹤		0		0	0	0	0
如花似朵	rhsd	简单鹤		1		0	0	0	0
如何使得	rhud	简单鹤		0		0	0	0	0
任何时间	rhuj	简单鹤		0		0	0	0	0
任何时刻	rhuk	简单鹤		0		0	0	0	0
任何事情	rhuq	简单鹤		0		0	0	0	0
任何事物	rhuw	简单鹤		0		0	0	0	0
任何事项	rhux	简单鹤		0		0	0	0	0
人后受罪	rhuz	简单鹤		0		0	0	0	0
如何掌握	rhvw	简单鹤		0		0	0	0	0
任何问题	rhwt	简单鹤		0		0	0	0	0
日后想起	rhxq	简单鹤		0		0	0	0	0
任何形式	rhxu	简单鹤		0		0	0	0	0
如花笑靥	rhxy	简单鹤		0		0	0	0	0
任何一次	rhyc	简单鹤		0		0	0	0	0
如何应对	rhyd	简单鹤		0		0	0	0	0
任何一方	rhyf	简单鹤		0		0	0	0	0
任何一个	rhyg	简单鹤		0		0	0	0	0
人活一世	rhyu	简单鹤		0		0	0	0	0
任何一种	rhyv	简单鹤		0		0	0	0	0
任何一位	rhyw	简单鹤		0		0	0	0	0
任何意义	rhyy	简单鹤		0		0	0	0	0
日后再说	rhzu	简单鹤		0		0	0	0	0
然后怎样	rhzy	简单鹤		0		0	0	0	0
日程安排	riap	简单鹤		0		0	0	0	0
蠕虫病毒	ribd	简单鹤		0		0	0	0	0
人畜不分	ribf	简单鹤		0		0	0	0	0
日常办公	ribg	简单鹤		0		0	0	0	0
日常操作	ricz	简单鹤		0		0	0	0	0
日出东方	ridf	简单鹤		0		0	0	0	0
入场动画	ridh	简单鹤		0		0	0	0	0
日常对话	ridh	简单鹤		0		0	0	0	0
日常费用	rify	简单鹤		0		0	0	0	0
日常活动	rihd	简单鹤		0		0	0	0	0
人车合一	rihy	简单鹤		0		0	0	0	0
日常检查	riji	简单鹤		0		0	0	0	0
日常交流	rijl	简单鹤		0		0	0	0	0
日常记录	rijl	简单鹤		0		0	0	0	0
日常交往	rijw	简单鹤		0		0	0	0	0
日常开支	rikv	简单鹤		0		0	0	0	0
热潮列车	rili	简单鹤		0		0	0	0	0
认出来了	rill	简单鹤		0		0	0	0	0
人潮如涌	riry	简单鹤		0		0	0	0	0
日出三竿	risg	简单鹤		1		0	0	0	0
润肠通便	ritb	简单鹤		0		0	0	0	0
忍唱挑战	ritv	简单鹤		0		0	0	0	0
如潮水般	riub	简单鹤		0		0	0	0	0
日常事务	riuw	简单鹤		0		0	0	0	0
日常使用	riuy	简单鹤		0		0	0	0	0
日常支出	rivi	简单鹤		0		0	0	0	0
人畜无害	riwh	简单鹤		0		0	0	0	0
日常训练	rixl	简单鹤		0		0	0	0	0
日常行为	rixw	简单鹤		0		0	0	0	0
人潮汹涌	rixy	简单鹤		0		0	0	0	0
日常用品	riyp	简单鹤		0		0	0	0	0
绕场一周	riyv	简单鹤		0		0	0	0	0
日常业务	riyw	简单鹤		0		0	0	0	0
日长一线	riyx	简单鹤		1		0	0	0	0
热结膀胱	rjbg	简单鹤		0		0	0	0	0
人间悲剧	rjbj	简单鹤		0		0	0	0	0
人间百态	rjbt	简单鹤		0		0	0	0	0
任君采撷	rjcx	简单鹤		0		0	0	0	0
软件发布	rjfb	简单鹤		0		0	0	0	0
人机分离	rjfl	简单鹤		0		0	0	0	0
人均分配	rjfp	简单鹤		0		0	0	0	0
人间凡品	rjfp	简单鹤		0		0	0	0	0
软件管家	rjgj	简单鹤		0		0	0	0	0
人际沟通	rjgt	简单鹤		0		0	0	0	0
人剑合一	rjhy	简单鹤		0		0	0	0	0
人机合一	rjhy	简单鹤		0		0	0	0	0
人家孩子	rjhz	简单鹤		0		0	0	0	0
软件盒子	rjhz	简单鹤		0		0	0	0	0
人均产值	rjiv	简单鹤		0		0	0	0	0
软件产业	rjiy	简单鹤		0		0	0	0	0
人间极乐	rjjl	简单鹤		0		0	0	0	0
软件界面	rjjm	简单鹤		0		0	0	0	0
人间极品	rjjp	简单鹤		0		0	0	0	0
人间绝色	rjjs	简单鹤		0		0	0	0	0
人际交往	rjjw	简单鹤		0		0	0	0	0
软件漏洞	rjld	简单鹤		0		0	0	0	0
日渐临近	rjlj	简单鹤		0		0	0	0	0
人间冷暖	rjln	简单鹤		0		0	0	0	0
人均利润	rjlr	简单鹤		0		0	0	0	0
人间理想	rjlx	简单鹤		0		0	0	0	0
仍将面临	rjml	简单鹤		0		0	0	0	0
日间模式	rjmu	简单鹤		0		0	0	0	0
人间美味	rjmw	简单鹤		0		0	0	0	0
热结旁流	rjpl	简单鹤		0		0	0	0	0
日进千金	rjqj	简单鹤		0		0	0	0	0
软坚散结	rjsj	简单鹤		0		0	0	0	0
儒家思想	rjsx	简单鹤		0		0	0	0	0
热极生风	rjuf	简单鹤		0		0	0	0	0
人间失格	rjug	简单鹤		0		0	0	0	0
热极生寒	rjuh	简单鹤		0		0	0	0	0
软件市场	rjui	简单鹤		0		0	0	0	0
人均寿命	rjum	简单鹤		0		0	0	0	0
人均水平	rjup	简单鹤		0		0	0	0	0
日渐式微	rjuw	简单鹤		0		0	0	0	0
人间正道	rjvd	简单鹤		0		0	0	0	0
人间真实	rjvu	简单鹤		0		0	0	0	0
儒家文化	rjwh	简单鹤		0		0	0	0	0
日进万金	rjwj	简单鹤		0		0	0	0	0
人均消费	rjxf	简单鹤		0		0	0	0	0
人间仙境	rjxj	简单鹤		0		0	0	0	0
人间凶器	rjxq	简单鹤		0		0	0	0	0
儒家学说	rjxu	简单鹤		0		0	0	0	0
软件学院	rjxy	简单鹤		0		0	0	0	0
任君选择	rjxz	简单鹤		0		0	0	0	0
软件下载	rjxz	简单鹤		0		0	0	0	0
软件研发	rjyf	简单鹤		0		0	0	0	0
日精月华	rjyh	简单鹤		0		0	0	0	0
日就月将	rjyj	简单鹤		1		0	0	0	0
入境游客	rjyk	简单鹤		0		0	0	0	0
人机验证	rjyv	简单鹤		0		0	0	0	0
人间尤物	rjyw	简单鹤		0		0	0	0	0
人口比例	rkbl	简单鹤		0		0	0	0	0
人口爆炸	rkbv	简单鹤		0		0	0	0	0
人口大国	rkdg	简单鹤		0		0	0	0	0
人口分布	rkfb	简单鹤		0		0	0	0	0
人口构成	rkgi	简单鹤		0		0	0	0	0
人口规模	rkgm	简单鹤		0		0	0	0	0
人口过剩	rkgu	简单鹤		0		0	0	0	0
认可程度	rkid	简单鹤		0		0	0	0	0
人口稠密	rkim	简单鹤		0		0	0	0	0
人口结构	rkjg	简单鹤		0		0	0	0	0
人口基数	rkju	简单鹤		0		0	0	0	0
人口控制	rkkv	简单鹤		0		0	0	0	0
人口流动	rkld	简单鹤		0		0	0	0	0
人口密度	rkmd	简单鹤		0		0	0	0	0
人口密集	rkmj	简单鹤		0		0	0	0	0
人口迁移	rkqy	简单鹤		0		0	0	0	0
人口锐减	rkrj	简单鹤		0		0	0	0	0
让开让开	rkrk	简单鹤		0		0	0	0	0
人口容量	rkrl	简单鹤		0		0	0	0	0
人口素质	rksv	简单鹤		0		0	0	0	0
人口数量	rkul	简单鹤		0		0	0	0	0
人口众多	rkvd	简单鹤		0		0	0	0	0
人口问题	rkwt	简单鹤		0		0	0	0	0
人口稀少	rkxu	简单鹤		0		0	0	0	0
人口压力	rkyl	简单鹤		0		0	0	0	0
人靠衣装	rkyv	简单鹤		0		0	0	0	0
人口总数	rkzu	简单鹤		0		0	0	0	0
人口资源	rkzy	简单鹤		0		0	0	0	0
人力财力	rlcl	简单鹤		0		0	0	0	0
弱柳扶风	rlff	简单鹤		0		0	0	0	0
人类返祖	rlfz	简单鹤		0		0	0	0	0
如来佛祖	rlfz	简单鹤		0		0	0	0	0
人类公敌	rlgd	简单鹤		0		0	0	0	0
热浪滚滚	rlgg	简单鹤		0		0	0	0	0
日了狗了	rlgl	简单鹤		0		0	0	0	0
热力公司	rlgs	简单鹤		0		0	0	0	0
热辣滚烫	rlgt	简单鹤		0		0	0	0	0
热烈鼓掌	rlgv	简单鹤		0		0	0	0	0
人老花黄	rlhh	简单鹤		0		0	0	0	0
人力成本	rlib	简单鹤		0		0	0	0	0
人老成精	rlij	简单鹤		0		0	0	0	0
人来车往	rliw	简单鹤		0		0	0	0	0
人类进步	rljb	简单鹤		0		0	0	0	0
人类健康	rljk	简单鹤		0		0	0	0	0
绕了几圈	rljq	简单鹤		0		0	0	0	0
饶了几圈	rljq	简单鹤		0		0	0	0	0
人脸解锁	rljs	简单鹤		0		0	0	0	0
人类精神	rlju	简单鹤		0		0	0	0	0
人类极限	rljx	简单鹤		0		0	0	0	0
人类劳动	rlld	简单鹤		0		0	0	0	0
人类历史	rllu	简单鹤		0		0	0	0	0
热烈庆祝	rlqv	简单鹤		0		0	0	0	0
绕来绕去	rlrq	简单鹤		0		0	0	0	0
人流如织	rlrv	简单鹤		0		0	0	0	0
让梨推枣	rltz	简单鹤		0		0	0	0	0
人类世界	rluj	简单鹤		0		0	0	0	0
日落时间	rluj	简单鹤		0		0	0	0	0
肉类食品	rlup	简单鹤		0		0	0	0	0
扰乱视听	rlut	简单鹤		0		0	0	0	0
如来神掌	rluv	简单鹤		0		0	0	0	0
热量炸弹	rlvd	简单鹤		0		0	0	0	0
热烈祝贺	rlvh	简单鹤		0		0	0	0	0
人类文明	rlwm	简单鹤		0		0	0	0	0
日落西沉	rlxi	简单鹤		0		0	0	0	0
人离乡贱	rlxj	简单鹤		1		0	0	0	0
人力需求	rlxq	简单鹤		0		0	0	0	0
绕了一圈	rlyq	简单鹤		0		0	0	0	0
日来月往	rlyw	简单鹤		1		0	0	0	0
容量有限	rlyx	简单鹤		0		0	0	0	0
人类幼崽	rlyz	简单鹤		0		0	0	0	0
人民财产	rmci	简单鹤		0		0	0	0	0
人没到齐	rmdq	简单鹤		0		0	0	0	0
热门单曲	rmdq	简单鹤		0		0	0	0	0
如蒙大赦	rmdu	简单鹤		0		0	0	0	0
人民大众	rmdv	简单鹤		0		0	0	0	0
热敏电阻	rmdz	简单鹤		0		0	0	0	0
惹麻烦了	rmfl	简单鹤		0		0	0	0	0
人脉关系	rmgx	简单鹤		0		0	0	0	0
容貌焦虑	rmjl	简单鹤		0		0	0	0	0
人民教师	rmju	简单鹤		0		0	0	0	0
人民教育	rmjy	简单鹤		0		0	0	0	0
入门课程	rmki	简单鹤		0		0	0	0	0
人民利益	rmly	简单鹤		0		0	0	0	0
软媒魔方	rmmf	简单鹤		0		0	0	0	0
人民内部	rmnb	简单鹤		0		0	0	0	0
热门评论	rmpl	简单鹤		0		0	0	0	0
入幕之宾	rmvb	简单鹤		1		0	0	0	0
热门微博	rmwb	简单鹤		0		0	0	0	0
人美心善	rmxu	简单鹤		0		0	0	0	0
日暮西山	rmxu	简单鹤		0		0	0	0	0
扰民有术	rmyu	简单鹤		0		0	0	0	0
人脉资源	rmzy	简单鹤		0		0	0	0	0
热门资源	rmzy	简单鹤		0		0	0	0	0
容纳不下	rnbx	简单鹤		0		0	0	0	0
日你妈逼	rnmb	简单鹤		0		0	0	0	0
日你麻痹	rnmb	简单鹤		0		0	0	0	0
日你妈的	rnmd	简单鹤		0		0	0	0	0
日你妹的	rnmd	简单鹤		0		0	0	0	0
让你满意	rnmy	简单鹤		0		0	0	0	0
让您满意	rnmy	简单鹤		0		0	0	0	0
日你奶奶	rnnn	简单鹤		0		0	0	0	0
若能如此	rnrc	简单鹤		0		0	0	0	0
热闹热闹	rnrn	简单鹤		0		0	0	0	0
如你所想	rnsx	简单鹤		0		0	0	0	0
如你所愿	rnsy	简单鹤		0		0	0	0	0
如您所愿	rnsy	简单鹤		0		0	0	0	0
任你挑选	rntx	简单鹤		0		0	0	0	0
惹你生气	rnuq	简单鹤		0		0	0	0	0
如你这般	rnvb	简单鹤		0		0	0	0	0
日内完成	rnwi	简单鹤		0		0	0	0	0
日你爷爷	rnyy	简单鹤		0		0	0	0	0
人品爆发	rpbf	简单鹤		0		0	0	0	0
人品低下	rpdx	简单鹤		0		0	0	0	0
人品过硬	rpgy	简单鹤		0		0	0	0	0
人皮合一	rphy	简单鹤		0		0	0	0	0
人怕出名	rpim	简单鹤		0		0	0	0	0
人品出众	rpiv	简单鹤		0		0	0	0	0
人品问题	rpwt	简单鹤		0		0	0	0	0
任凭宰割	rpzg	简单鹤		0		0	0	0	0
日前报道	rqbd	简单鹤		0		0	0	0	0
热情奔放	rqbf	简单鹤		0		0	0	0	0
热情帮助	rqbv	简单鹤		0		0	0	0	0
人气不旺	rqbw	简单鹤		0		0	0	0	0
日趋恶化	rqeh	简单鹤		0		0	0	0	0
日趋丰富	rqff	简单鹤		0		0	0	0	0
人球分过	rqfg	简单鹤		0		0	0	0	0
如蛆附骨	rqfg	简单鹤		0		0	0	0	0
人情风俗	rqfs	简单鹤		0		0	0	0	0
热情粉丝	rqfs	简单鹤		0		0	0	0	0
日前发生	rqfu	简单鹤		0		0	0	0	0
日前公布	rqgb	简单鹤		0		0	0	0	0
日趋规范	rqgf	简单鹤		0		0	0	0	0
热情关怀	rqgh	简单鹤		0		0	0	0	0
日前购买	rqgm	简单鹤		0		0	0	0	0
热情高涨	rqgv	简单鹤		0		0	0	0	0
人情关系	rqgx	简单鹤		0		0	0	0	0
人气火爆	rqhb	简单鹤		0		0	0	0	0
日前获得	rqhd	简单鹤		0		0	0	0	0
热情很高	rqhg	简单鹤		0		0	0	0	0
热情好客	rqhk	简单鹤		0		0	0	0	0
日趋合理	rqhl	简单鹤		0		0	0	0	0
日前获悉	rqhx	简单鹤		0		0	0	0	0
热情欢迎	rqhy	简单鹤		0		0	0	0	0
日趋成熟	rqiu	简单鹤		0		0	0	0	0
日前举办	rqjb	简单鹤		0		0	0	0	0
热情接待	rqjd	简单鹤		0		0	0	0	0
人群健康	rqjk	简单鹤		0		0	0	0	0
日趋激烈	rqjl	简单鹤		0		0	0	0	0
日期计算	rqjs	简单鹤		0		0	0	0	0
如期举行	rqjx	简单鹤		0		0	0	0	0
日趋扩大	rqkd	简单鹤		0		0	0	0	0
热情开朗	rqkl	简单鹤		0		0	0	0	0
人情练达	rqld	简单鹤		0		0	0	0	0
燃起来了	rqll	简单鹤		0		0	0	0	0
人群密集	rqmj	简单鹤		0		0	0	0	0
人前卖弄	rqmn	简单鹤		0		0	0	0	0
日趋密切	rqmq	简单鹤		0		0	0	0	0
人气偶像	rqox	简单鹤		0		0	0	0	0
人气排行	rqph	简单鹤		0		0	0	0	0
日前披露	rqpl	简单鹤		0		0	0	0	0
日清日高	rqrg	简单鹤		0		0	0	0	0
如漆似胶	rqsj	简单鹤		0		0	0	0	0
日前透露	rqtl	简单鹤		0		0	0	0	0
日期时间	rquj	简单鹤		0		0	0	0	0
人情事理	rqul	简单鹤		0		0	0	0	0
如期实现	rqux	简单鹤		0		0	0	0	0
日前召开	rqvk	简单鹤		0		0	0	0	0
如期完工	rqwg	简单鹤		0		0	0	0	0
如期完成	rqwi	简单鹤		0		0	0	0	0
人情往来	rqwl	简单鹤		0		0	0	0	0
人权问题	rqwt	简单鹤		0		0	0	0	0
日趋完善	rqwu	简单鹤		0		0	0	0	0
柔情无限	rqwx	简单鹤		0		0	0	0	0
人取我与	rqwy	简单鹤		1		0	0	0	0
日前宣布	rqxb	简单鹤		0		0	0	0	0
人前显贵	rqxg	简单鹤		0		0	0	0	0
融洽相处	rqxi	简单鹤		0		0	0	0	0
日趋下降	rqxj	简单鹤		0		0	0	0	0
人前显圣	rqxu	简单鹤		0		0	0	0	0
认清形势	rqxu	简单鹤		0		0	0	0	0
认清现实	rqxu	简单鹤		0		0	0	0	0
热切希望	rqxw	简单鹤		0		0	0	0	0
日趋严重	rqyv	简单鹤		0		0	0	0	0
认清自己	rqzj	简单鹤		0		0	0	0	0
人气作品	rqzp	简单鹤		0		0	0	0	0
如若不成	rrbi	简单鹤		0		0	0	0	0
让人不解	rrbj	简单鹤		0		0	0	0	0
如若不肯	rrbk	简单鹤		0		0	0	0	0
仍然不能	rrbn	简单鹤		0		0	0	0	0
人人都能	rrdn	简单鹤		0		0	0	0	0
人肉盾牌	rrdp	简单鹤		0		0	0	0	0
荣辱得失	rrdu	简单鹤		0		0	0	0	0
融入段位	rrdw	简单鹤		0		0	0	0	0
让人担心	rrdx	简单鹤		0		0	0	0	0
融入分段	rrfd	简单鹤		0		0	0	0	0
让人犯愁	rrfi	简单鹤		0		0	0	0	0
人若犯我	rrfw	简单鹤		0		0	0	0	0
日入过百	rrgb	简单鹤		0		0	0	0	0
让人感到	rrgd	简单鹤		0		0	0	0	0
日入过千	rrgq	简单鹤		0		0	0	0	0
日入过万	rrgw	简单鹤		0		0	0	0	0
人人喊打	rrhd	简单鹤		0		0	0	0	0
软弱涣散	rrhs	简单鹤		0		0	0	0	0
让人纠心	rrjx	简单鹤		0		0	0	0	0
仍然可以	rrky	简单鹤		0		0	0	0	0
惹人怜爱	rrla	简单鹤		0		0	0	0	0
仍然没有	rrmy	简单鹤		0		0	0	0	0
让人难以	rrny	简单鹤		0		0	0	0	0
柔弱女子	rrnz	简单鹤		0		0	0	0	0
扰人清梦	rrqm	简单鹤		0		0	0	0	0
忍辱求全	rrqq	简单鹤		0		0	0	0	0
人肉搜索	rrss	简单鹤		0		0	0	0	0
让人头痛	rrtt	简单鹤		0		0	0	0	0
融入社会	rruh	简单鹤		0		0	0	0	0
冉冉升起	rruq	简单鹤		0		0	0	0	0
冉冉上升	rruu	简单鹤		0		0	0	0	0
让人失望	rruw	简单鹤		0		0	0	0	0
人人桌面	rrvm	简单鹤		0		0	0	0	0
惹人注意	rrvy	简单鹤		0		0	0	0	0
让人无法	rrwf	简单鹤		0		0	0	0	0
人人为我	rrww	简单鹤		0		0	0	0	0
热入心包	rrxb	简单鹤		0		0	0	0	0
让人笑话	rrxh	简单鹤		0		0	0	0	0
柔软细腻	rrxn	简单鹤		0		0	0	0	0
让人心疼	rrxt	简单鹤		0		0	0	0	0
荣辱兴衰	rrxu	简单鹤		0		0	0	0	0
人人有份	rryf	简单鹤	524	0		0	0	0	0
日入一千	rryq	简单鹤		0		0	0	0	0
任人鱼肉	rryr	简单鹤		0		0	0	0	0
人人影视	rryu	简单鹤		0		0	0	0	0
日入一万	rryw	简单鹤		0		0	0	0	0
让人意外	rryw	简单鹤		0		0	0	0	0
热搜第一	rsdy	简单鹤		0		0	0	0	0
润色润色	rsrs	简单鹤		0		0	0	0	0
热死我了	rswl	简单鹤		0		0	0	0	0
如同白昼	rtbv	简单鹤		0		0	0	0	0
人体彩绘	rtch	简单鹤		0		0	0	0	0
如同登天	rtdt	简单鹤		0		0	0	0	0
如同地狱	rtdy	简单鹤		0		0	0	0	0
如同儿戏	rtex	简单鹤		0		0	0	0	0
肉体凡胎	rtft	简单鹤		0		0	0	0	0
人体工程	rtgi	简单鹤		0		0	0	0	0
人体工学	rtgx	简单鹤		0		0	0	0	0
人体辉光	rthg	简单鹤		0		0	0	0	0
人体健康	rtjk	简单鹤		0		0	0	0	0
人体机能	rtjn	简单鹤		0		0	0	0	0
人体解剖	rtjp	简单鹤		0		0	0	0	0
人体科学	rtkx	简单鹤		0		0	0	0	0
人头落地	rtld	简单鹤		0		0	0	0	0
人体模特	rtmt	简单鹤		0		0	0	0	0
乳头内陷	rtnx	简单鹤		0		0	0	0	0
人体器官	rtqg	简单鹤		0		0	0	0	0
如图所示	rtsu	简单鹤		0		0	0	0	0
如他所愿	rtsy	简单鹤		0		0	0	0	0
如她所愿	rtsy	简单鹤		0		0	0	0	0
日吞吐量	rttl	简单鹤		0		0	0	0	0
如同筛糠	rtuk	简单鹤		0		0	0	0	0
人体实验	rtuy	简单鹤		0		0	0	0	0
人体摄影	rtuy	简单鹤		0		0	0	0	0
如他这般	rtvb	简单鹤		0		0	0	0	0
人体炸弹	rtvd	简单鹤		0		0	0	0	0
人体蜈蚣	rtwg	简单鹤		0		0	0	0	0
认同危机	rtwj	简单鹤		0		0	0	0	0
如汤沃雪	rtwx	简单鹤		1		0	0	0	0
人体细胞	rtxb	简单鹤		0		0	0	0	0
人头汹涌	rtxy	简单鹤		0		0	0	0	0
饶他一命	rtym	简单鹤		0		0	0	0	0
人体艺术	rtyu	简单鹤		0		0	0	0	0
人体自燃	rtzr	简单鹤		0		0	0	0	0
人体组织	rtzv	简单鹤		0		0	0	0	0
乳头自慰	rtzw	简单鹤		0		0	0	0	0
人身安全	ruaq	简单鹤		0		0	0	0	0
认识不到	rubd	简单鹤		0		0	0	0	0
人声本家	rubj	简单鹤		0		0	0	0	0
认识不久	rubj	简单鹤		0		0	0	0	0
人设崩了	rubl	简单鹤		0		0	0	0	0
人生百态	rubt	简单鹤		0		0	0	0	0
忍受不住	rubv	简单鹤		0		0	0	0	0
人事不醒	rubx	简单鹤		1		0	0	0	0
人手不足	rubz	简单鹤		0		0	0	0	0
认识不足	rubz	简单鹤		0		0	0	0	0
人身财产	ruci	简单鹤		0		0	0	0	0
认识错误	rucw	简单鹤		0		0	0	0	0
人事档案	ruda	简单鹤		0		0	0	0	0
人生巅峰	rudf	简单鹤		0		0	0	0	0
人生道路	rudl	简单鹤		0		0	0	0	0
忍受得了	rudl	简单鹤		0		0	0	0	0
入室盗窃	rudq	简单鹤		0		0	0	0	0
认识的人	rudr	简单鹤		0		0	0	0	0
人生导师	rudu	简单鹤		0		0	0	0	0
弱势地位	rudw	简单鹤		0		0	0	0	0
肉食动物	rudw	简单鹤		0		0	0	0	0
人生得意	rudy	简单鹤		0		0	0	0	0
入室弟子	rudz	简单鹤	413	0		0	0	0	0
如是而已	ruey	简单鹤		0		0	0	0	0
人生奋斗	rufd	简单鹤		0		0	0	0	0
如数奉还	rufh	简单鹤		0		0	0	0	0
人声分离	rufl	简单鹤		0		0	0	0	0
人事分配	rufp	简单鹤		0		0	0	0	0
肉身翻墙	rufq	简单鹤		0		0	0	0	0
认识肤浅	rufq	简单鹤		0		0	0	0	0
如实反映	rufy	简单鹤		0		0	0	0	0
妊娠反应	rufy	简单鹤		0		0	0	0	0
人事干部	rugb	简单鹤		0		0	0	0	0
人生规划	rugh	简单鹤		0		0	0	0	0
乳首高潮	rugi	简单鹤		0		0	0	0	0
人生轨迹	rugj	简单鹤		0		0	0	0	0
人生感慨	rugk	简单鹤		0		0	0	0	0
人事管理	rugl	简单鹤		0		0	0	0	0
仍是个谜	rugm	简单鹤		0		0	0	0	0
人生观念	rugn	简单鹤		0		0	0	0	0
人神共怒	rugn	简单鹤		0		0	0	0	0
人生感悟	rugw	简单鹤		0		0	0	0	0
人事关系	rugx	简单鹤		0		0	0	0	0
人事工作	rugz	简单鹤		0		0	0	0	0
如实汇报	ruhb	简单鹤		0		0	0	0	0
认识程度	ruid	简单鹤		0		0	0	0	0
肉身成圣	ruiu	简单鹤		0		0	0	0	0
如实交待	rujd	简单鹤		0		0	0	0	0
瑞士军刀	rujd	简单鹤		0		0	0	0	0
人生几何	rujh	简单鹤		0		0	0	0	0
人生经历	rujl	简单鹤		0		0	0	0	0
人生价值	rujv	简单鹤		0		0	0	0	0
人生苦短	rukd	简单鹤		0		0	0	0	0
人生坎坷	rukk	简单鹤		0		0	0	0	0
肉身开团	rukt	简单鹤		0		0	0	0	0
人生旅途	rult	简单鹤		0		0	0	0	0
人生路上	rulu	简单鹤		0		0	0	0	0
人生目标	rumb	简单鹤		0		0	0	0	0
惹上麻烦	rumf	简单鹤		0		0	0	0	0
认识模糊	rumh	简单鹤		0		0	0	0	0
人生梦想	rumx	简单鹤		0		0	0	0	0
人生难得	rund	简单鹤		0		0	0	0	0
认识能力	runl	简单鹤		0		0	0	0	0
人事培训	rupx	简单鹤		0		0	0	0	0
人傻钱多	ruqd	简单鹤		0		0	0	0	0
入室抢劫	ruqj	简单鹤		0		0	0	0	0
弱势群体	ruqt	简单鹤		0		0	0	0	0
人身权益	ruqy	简单鹤		0		0	0	0	0
日事日毕	rurb	简单鹤		0		0	0	0	0
人生日历	rurl	简单鹤		0		0	0	0	0
人生如棋	rurq	简单鹤		0		0	0	0	0
认识认识	ruru	简单鹤		0		0	0	0	0
人生态度	rutd	简单鹤		0		0	0	0	0
人生体验	ruty	简单鹤		0		0	0	0	0
人身伤害	ruuh	简单鹤		0		0	0	0	0
认识社会	ruuh	简单鹤		0		0	0	0	0
如数上交	ruuj	简单鹤		0		0	0	0	0
认识水平	ruup	简单鹤		0		0	0	0	0
弱水时砂	ruuu	简单鹤		0		0	0	0	0
如使指臂	ruvb	简单鹤		0		0	0	0	0
燃烧脂肪	ruvf	简单鹤		0		0	0	0	0
如受重击	ruvj	简单鹤		0		0	0	0	0
如实招来	ruvl	简单鹤		0		0	0	0	0
人生追求	ruvq	简单鹤		0		0	0	0	0
容身之所	ruvs	简单鹤		0		0	0	0	0
人事专员	ruvy	简单鹤		0		0	0	0	0
若是这样	ruvy	简单鹤		0		0	0	0	0
人谁无过	ruwg	简单鹤		0		0	0	0	0
人生无常	ruwi	简单鹤		0		0	0	0	0
认识问题	ruwt	简单鹤		0		0	0	0	0
人身威胁	ruwx	简单鹤		0		0	0	0	0
人生信念	ruxn	简单鹤		0		0	0	0	0
人手一本	ruyb	简单鹤		0		0	0	0	0
人手一份	ruyf	简单鹤		0		0	0	0	0
人生赢家	ruyj	简单鹤		0		0	0	0	0
人生阅历	ruyl	简单鹤		0		0	0	0	0
人数优势	ruyu	简单鹤		0		0	0	0	0
人是衣妆	ruyv	简单鹤		0		0	0	0	0
认识一下	ruyx	简单鹤		0		0	0	0	0
如实作答	ruzd	简单鹤		0		0	0	0	0
乳首自慰	ruzw	简单鹤		0		0	0	0	0
仁者爱人	rvar	简单鹤		0		0	0	0	0
仁者爱山	rvau	简单鹤		0		0	0	0	0
入站必刷	rvbu	简单鹤		0		0	0	0	0
任重才轻	rvcq	简单鹤		1		0	0	0	0
认真对待	rvdd	简单鹤		0		0	0	0	0
柔中带刚	rvdg	简单鹤		0		0	0	0	0
任职单位	rvdw	简单鹤		0		0	0	0	0
入驻抖音	rvdy	简单鹤		0		0	0	0	0
弱智儿童	rvet	简单鹤		0		0	0	0	0
认知范围	rvfw	简单鹤		0		0	0	0	0
认证服务	rvfw	简单鹤		0		0	0	0	0
认知功能	rvgn	简单鹤		0		0	0	0	0
入职合同	rvht	简单鹤		0		0	0	0	0
热者寒之	rvhv	简单鹤		0		0	0	0	0
认证产品	rvip	简单鹤		0		0	0	0	0
人之将死	rvjs	简单鹤	85	0		0	0	0	0
入站考核	rvkh	简单鹤		0		0	0	0	0
认真考虑	rvkl	简单鹤		0		0	0	0	0
入驻快手	rvku	简单鹤		0		0	0	0	0
人中吕布	rvlb	简单鹤		0		0	0	0	0
任职期间	rvqj	简单鹤		0		0	0	0	0
如琢如磨	rvrm	简单鹤		0		0	0	0	0
仁者人也	rvry	简单鹤		0		0	0	0	0
认真听取	rvtq	简单鹤		0		0	0	0	0
忍者神龟	rvug	简单鹤		0		0	0	0	0
认知障碍	rvva	简单鹤		0		0	0	0	0
入主中原	rvvy	简单鹤		0		0	0	0	0
仁者无敌	rvwd	简单鹤		0		0	0	0	0
认真完成	rvwi	简单鹤		0		0	0	0	0
人证物证	rvwv	简单鹤		0		0	0	0	0
绕着弯子	rvwz	简单鹤		0		0	0	0	0
认证系统	rvxt	简单鹤		0		0	0	0	0
认真研究	rvyj	简单鹤		0		0	0	0	0
人证一致	rvyv	简单鹤		0		0	0	0	0
任职资格	rvzg	简单鹤		0		0	0	0	0
认真总结	rvzj	简单鹤		0		0	0	0	0
认真仔细	rvzx	简单鹤		0		0	0	0	0
攘外安内	rwan	简单鹤		1		0	0	0	0
任务安排	rwap	简单鹤		0		0	0	0	0
人物等级	rwdj	简单鹤		0		0	0	0	0
任务道具	rwdj	简单鹤		0		0	0	0	0
人文地理	rwdl	简单鹤		0		0	0	0	0
任务繁重	rwfv	简单鹤		0		0	0	0	0
让我访问	rwfw	简单鹤		0		0	0	0	0
人文关怀	rwgh	简单鹤		0		0	0	0	0
人为干扰	rwgr	简单鹤		0		0	0	0	0
人文环境	rwhj	简单鹤		0		0	0	0	0
人文景观	rwjg	简单鹤		0		0	0	0	0
任务艰巨	rwjj	简单鹤		0		0	0	0	0
让我加入	rwjr	简单鹤		0		0	0	0	0
让我进入	rwjr	简单鹤		0		0	0	0	0
人文精神	rwju	简单鹤		0		0	0	0	0
任务结束	rwju	简单鹤		0		0	0	0	0
人物刻画	rwkh	简单鹤		0		0	0	0	0
让我康康	rwkk	简单鹤		0		0	0	0	0
让我看看	rwkk	简单鹤		0		0	0	0	0
任务落实	rwlu	简单鹤		0		0	0	0	0
任务目标	rwmb	简单鹤		0		0	0	0	0
让我难以	rwny	简单鹤		0		0	0	0	0
人为破坏	rwph	简单鹤		0		0	0	0	0
人物群像	rwqx	简单鹤		0		0	0	0	0
扰我清修	rwqx	简单鹤		0		0	0	0	0
人五人六	rwrl	简单鹤	26	0		0	0	0	0
人文素质	rwsv	简单鹤		0		0	0	0	0
人文素养	rwsy	简单鹤		0		0	0	0	0
人物图片	rwtp	简单鹤		0		0	0	0	0
让我听听	rwtt	简单鹤		0		0	0	0	0
任务失败	rwub	简单鹤		0		0	0	0	0
人文社会	rwuh	简单鹤		0		0	0	0	0
乳味未干	rwwg	简单鹤		0		0	0	0	0
任务完成	rwwi	简单鹤		0		0	0	0	0
人文学科	rwxk	简单鹤		0		0	0	0	0
让我想想	rwxx	简单鹤		0		0	0	0	0
饶我一命	rwym	简单鹤		0		0	0	0	0
人为因素	rwys	简单鹤		0		0	0	0	0
人为原因	rwyy	简单鹤		0		0	0	0	0
入围作品	rwzp	简单鹤		0		0	0	0	0
人心安定	rxad	简单鹤		0		0	0	0	0
人性本恶	rxbe	简单鹤		0		0	0	0	0
人性本善	rxbu	简单鹤		0		0	0	0	0
热心帮助	rxbv	简单鹤		0		0	0	0	0
如下操作	rxcz	简单鹤		0		0	0	0	0
热心读者	rxdv	简单鹤		0		0	0	0	0
人心浮动	rxfd	简单鹤		0		0	0	0	0
如下方法	rxff	简单鹤		0		0	0	0	0
热线服务	rxfw	简单鹤		0		0	0	0	0
人小鬼大	rxgd	简单鹤	142	0		0	0	0	0
人性关怀	rxgh	简单鹤		0		0	0	0	0
热心观众	rxgv	简单鹤		0		0	0	0	0
热血高校	rxgx	简单鹤		0		0	0	0	0
入学成绩	rxij	简单鹤		0		0	0	0	0
热销产品	rxip	简单鹤		0		0	0	0	0
如下几种	rxjv	简单鹤		0		0	0	0	0
瑞幸咖啡	rxkf	简单鹤		0		0	0	0	0
入学考试	rxku	简单鹤		0		0	0	0	0
热线联系	rxlx	简单鹤		0		0	0	0	0
人心莫测	rxmc	简单鹤		1		0	0	0	0
人血馒头	rxmt	简单鹤		0		0	0	0	0
热血男儿	rxne	简单鹤		0		0	0	0	0
仍须努力	rxnl	简单鹤		0		0	0	0	0
如下情况	rxqk	简单鹤		0		0	0	0	0
热血青年	rxqn	简单鹤		0		0	0	0	0
热心群众	rxqv	简单鹤		0		0	0	0	0
任选其一	rxqy	简单鹤		0		0	0	0	0
人性弱点	rxrd	简单鹤		0		0	0	0	0
柔心弱骨	rxrg	简单鹤		1		0	0	0	0
人心如面	rxrm	简单鹤		1		0	0	0	0
人心思乱	rxsl	简单鹤		0		0	0	0	0
如下特点	rxtd	简单鹤		0		0	0	0	0
人形坦克	rxtk	简单鹤		0		0	0	0	0
入戏太深	rxtu	简单鹤		0		0	0	0	0
入学通知	rxtv	简单鹤		0		0	0	0	0
瑞星杀毒	rxud	简单鹤		0		0	0	0	0
日销售额	rxue	简单鹤		0		0	0	0	0
如下说明	rxum	简单鹤		0		0	0	0	0
热心市民	rxum	简单鹤		0		0	0	0	0
入学申请	rxuq	简单鹤		0		0	0	0	0
容膝之地	rxvd	简单鹤		1		0	0	0	0
热心支持	rxvi	简单鹤		0		0	0	0	0
荣幸之至	rxvv	简单鹤		0		0	0	0	0
人心稳定	rxwd	简单鹤		0		0	0	0	0
热心网友	rxwy	简单鹤		0		0	0	0	0
人心向善	rxxu	简单鹤		0		0	0	0	0
如下要求	rxyq	简单鹤		0		0	0	0	0
日行一善	rxyu	简单鹤		0		0	0	0	0
入选作品	rxzp	简单鹤		0		0	0	0	0
如有不妥	rybt	简单鹤		0		0	0	0	0
容易把握	rybw	简单鹤		0		0	0	0	0
如有必要	ryby	简单鹤		0		0	0	0	0
日月蹉跎	ryct	简单鹤		1		0	0	0	0
容易操作	rycz	简单鹤		0		0	0	0	0
容易得多	rydd	简单鹤		0		0	0	0	0
绕一大圈	rydq	简单鹤		0		0	0	0	0
日益恶化	ryeh	简单鹤		0		0	0	0	0
如蚁附膻	ryfd	简单鹤		1		0	0	0	0
肉眼凡夫	ryff	简单鹤		1		0	0	0	0
任意发挥	ryfh	简单鹤		0		0	0	0	0
日夜奋战	ryfv	简单鹤		0		0	0	0	0
容易感到	rygd	简单鹤		0		0	0	0	0
日益巩固	rygg	简单鹤		0		0	0	0	0
锐意改革	rygg	简单鹤		0		0	0	0	0
日月光华	rygh	简单鹤		0		0	0	0	0
人员构成	rygi	简单鹤		0		0	0	0	0
容易感冒	rygm	简单鹤		0		0	0	0	0
日月合壁	ryhb	简单鹤		1		0	0	0	0
人与环境	ryhj	简单鹤		0		0	0	0	0
日益活跃	ryhy	简单鹤		0		0	0	0	0
日益猖獗	ryij	简单鹤		0		0	0	0	0
荣誉出品	ryip	简单鹤		0		0	0	0	0
日益成为	ryiw	简单鹤		0		0	0	0	0
容易出现	ryix	简单鹤		0		0	0	0	0
人员经费	ryjf	简单鹤		0		0	0	0	0
荣耀积分	ryjf	简单鹤		0		0	0	0	0
日益加剧	ryjj	简单鹤		0		0	0	0	0
日益加快	ryjk	简单鹤		0		0	0	0	0
日益激烈	ryjl	简单鹤		0		0	0	0	0
日益紧密	ryjm	简单鹤		0		0	0	0	0
日益健全	ryjq	简单鹤		0		0	0	0	0
人用金试	ryju	简单鹤		0		0	0	0	0
如意吉祥	ryjx	简单鹤		0		0	0	0	0
仁义君子	ryjz	简单鹤		1		0	0	0	0
日益扩大	rykd	简单鹤		0		0	0	0	0
容易看出	ryki	简单鹤		0		0	0	0	0
日月可鉴	rykj	简单鹤		0		0	0	0	0
肉眼可见	rykj	简单鹤		0		0	0	0	0
容易理解	rylj	简单鹤		0		0	0	0	0
如有雷同	rylt	简单鹤		0		0	0	0	0
日月丽天	rylt	简单鹤		1		0	0	0	0
容易明白	rymb	简单鹤		0		0	0	0	0
如有冒犯	rymf	简单鹤		0		0	0	0	0
人员密集	rymj	简单鹤		0		0	0	0	0
日益密切	rymq	简单鹤		0		0	0	0	0
容易么我	rymw	简单鹤		0		0	0	0	0
容易吗我	rymw	简单鹤		0		0	0	0	0
日益明显	rymx	简单鹤		0		0	0	0	0
容易满足	rymz	简单鹤		0		0	0	0	0
日益普及	rypj	简单鹤		0		0	0	0	0
日夜牵挂	ryqg	简单鹤		0		0	0	0	0
日月齐光	ryqg	简单鹤		0		0	0	0	0
日益强烈	ryql	简单鹤		0		0	0	0	0
人言人殊	ryru	简单鹤		0		0	0	0	0
热因热用	ryry	简单鹤		0		0	0	0	0
儒雅随和	rysh	简单鹤		0		0	0	0	0
人有三急	rysj	简单鹤		0		0	0	0	0
日夜思念	rysn	简单鹤		0		0	0	0	0
日益提高	rytg	简单鹤		0		0	0	0	0
日益突出	ryti	简单鹤		0		0	0	0	0
任意时间	ryuj	简单鹤		0		0	0	0	0
荣耀水晶	ryuj	简单鹤		0		0	0	0	0
人妖殊途	ryut	简单鹤		0		0	0	0	0
如有神助	ryuv	简单鹤		0		0	0	0	0
人员伤亡	ryuw	简单鹤		0		0	0	0	0
让一追二	ryve	简单鹤		0		0	0	0	0
荣誉证书	ryvu	简单鹤		0		0	0	0	0
人员往来	rywl	简单鹤		0		0	0	0	0
如有问题	rywt	简单鹤		0		0	0	0	0
如烟往事	rywu	简单鹤		0		0	0	0	0
荣耀王者	rywv	简单鹤		0		0	0	0	0
软玉温香	rywx	简单鹤		1		0	0	0	0
容易想到	ryxd	简单鹤		0		0	0	0	0
任意修改	ryxg	简单鹤		0		0	0	0	0
日益显露	ryxl	简单鹤		0		0	0	0	0
荣誉勋章	ryxv	简单鹤		0		0	0	0	0
日益显现	ryxx	简单鹤		0		0	0	0	0
如有需要	ryxy	简单鹤		0		0	0	0	0
如有一宝	ryyb	简单鹤		0		0	0	0	0
任意一个	ryyg	简单鹤		0		0	0	0	0
人员优化	ryyh	简单鹤		0		0	0	0	0
任意一款	ryyk	简单鹤		0		0	0	0	0
容颜易老	ryyl	简单鹤		0		0	0	0	0
容易引起	ryyq	简单鹤		0		0	0	0	0
任意一天	ryyt	简单鹤		0		0	0	0	0
若有一天	ryyt	简单鹤		0		0	0	0	0
人要衣装	ryyv	简单鹤		0		0	0	0	0
日益严重	ryyv	简单鹤		0		0	0	0	0
人云也云	ryyy	简单鹤		0		0	0	0	0
日益月滋	ryyz	简单鹤		1		0	0	0	0
日益增多	ryzd	简单鹤		0		0	0	0	0
如有再犯	ryzf	简单鹤		0		0	0	0	0
日益增强	ryzq	简单鹤		0		0	0	0	0
人与自然	ryzr	简单鹤		0		0	0	0	0
日益增长	ryzv	简单鹤		0		0	0	0	0
人言啧啧	ryzz	简单鹤		1		0	0	0	0
让子弹飞	rzdf	简单鹤		0		0	0	0	0
人走灯灭	rzdm	简单鹤		0		0	0	0	0
认罪服法	rzff	简单鹤		0		0	0	0	0
人造飞船	rzfi	简单鹤		0		0	0	0	0
如醉方醒	rzfx	简单鹤		1		0	0	0	0
融资功能	rzgn	简单鹤		0		0	0	0	0
日子过去	rzgq	简单鹤		0		0	0	0	0
人造黑洞	rzhd	简单鹤		0		0	0	0	0
认罪悔过	rzhg	简单鹤		0		0	0	0	0
润燥化痰	rzht	简单鹤		0		0	0	0	0
日子久了	rzjl	简单鹤		0		0	0	0	0
人在囧途	rzjt	简单鹤		0		0	0	0	0
融资困难	rzkn	简单鹤		0		0	0	0	0
如遭雷击	rzlj	简单鹤		0		0	0	0	0
日子难熬	rzna	简单鹤		0		0	0	0	0
日子难过	rzng	简单鹤		0		0	0	0	0
认罪认罚	rzrf	简单鹤		0		0	0	0	0
润燥通便	rztb	简单鹤		0		0	0	0	0
人在天涯	rzty	简单鹤		0		0	0	0	0
人造太阳	rzty	简单鹤		0		0	0	0	0
日在校园	rzxy	简单鹤		0		0	0	0	0
人择原理	rzyl	简单鹤		0		0	0	0	0
日滋月益	rzyy	简单鹤		1		0	0	0	0
伞兵部队	sbbd	简单鹤		0		0	0	0	0
散步的鹤	sbdh	简单鹤		0		0	0	0	0
死不带去	sbdq	简单鹤		0		0	0	0	0
死不答应	sbdy	简单鹤		0		0	0	0	0
随波荡漾	sbdy	简单鹤		0		0	0	0	0
随便翻开	sbfk	简单鹤		0		0	0	0	0
随便放弃	sbfq	简单鹤		0		0	0	0	0
三倍工资	sbgz	简单鹤		0		0	0	0	0
三百回合	sbhh	简单鹤		0		0	0	0	0
死不承认	sbir	简单鹤		0		0	0	0	0
思不出位	sbiw	简单鹤		1		0	0	0	0
散播焦虑	sbjl	简单鹤		0		0	0	0	0
死不见尸	sbju	简单鹤		0		0	0	0	0
随便看看	sbkk	简单鹤		0		0	0	0	0
酸不溜丢	sbld	简单鹤		0		0	0	0	0
酸不拉几	sblj	简单鹤		0		0	0	0	0
塞班论坛	sblt	简单鹤		0		0	0	0	0
三波六折	sblv	简单鹤		0		0	0	0	0
斯巴拉西	sblx	简单鹤		0		0	0	0	0
三边贸易	sbmy	简单鹤		0		0	0	0	0
随便你了	sbnl	简单鹤		0		0	0	0	0
赛博朋克	sbpk	简单鹤		0		0	0	0	0
死不认错	sbrc	简单鹤		0		0	0	0	0
死不认账	sbrv	简单鹤		0		0	0	0	0
赛博算命	sbsm	简单鹤		0		0	0	0	0
三病四痛	sbst	简单鹤		1		0	0	0	0
算不算数	sbsu	简单鹤		0		0	0	0	0
算不算是	sbsu	简单鹤		0		0	0	0	0
算不上是	sbuu	简单鹤		0		0	0	0	0
随便说说	sbuu	简单鹤		0		0	0	0	0
赛博神医	sbuy	简单鹤		0		0	0	0	0
随便问问	sbww	简单鹤		0		0	0	0	0
所必需的	sbxd	简单鹤		0		0	0	0	0
死不旋踵	sbxv	简单鹤		1		0	0	0	0
三步一岗	sbyg	简单鹤		0		0	0	0	0
随便一个	sbyg	简单鹤		0		0	0	0	0
色不异空	sbyk	简单鹤		0		0	0	0	0
死不要脸	sbyl	简单鹤		0		0	0	0	0
随便一说	sbyu	简单鹤		0		0	0	0	0
三本院校	sbyx	简单鹤		0		0	0	0	0
散布谣言	sbyy	简单鹤		0		0	0	0	0
三次根号	scgh	简单鹤		0		0	0	0	0
素材荤价	schj	简单鹤		0		0	0	0	0
三寸金莲	scjl	简单鹤	237	0		0	0	0	0
似曾相熟	scxu	简单鹤		0		0	0	0	0
色彩鲜艳	scxy	简单鹤		0		0	0	0	0
三菜一汤	scyt	简单鹤		0		0	0	0	0
四菜一汤	scyt	简单鹤		0		0	0	0	0
骚动不安	sdba	简单鹤		0		0	0	0	0
死都不肯	sdbk	简单鹤		0		0	0	0	0
死都不怕	sdbp	简单鹤		0		0	0	0	0
死都不信	sdbx	简单鹤		0		0	0	0	0
死得不冤	sdby	简单鹤		0		0	0	0	0
死都不要	sdby	简单鹤		0		0	0	0	0
四大才子	sdcz	简单鹤		0		0	0	0	0
四大恶人	sder	简单鹤		0		0	0	0	0
死得很惨	sdhc	简单鹤		0		0	0	0	0
缩地成寸	sdic	简单鹤		0		0	0	0	0
四渡赤水	sdiu	简单鹤		0		0	0	0	0
苏东剧变	sdjb	简单鹤		0		0	0	0	0
三大金刚	sdjg	简单鹤		0		0	0	0	0
四大金刚	sdjg	简单鹤		0		0	0	0	0
缩短距离	sdjl	简单鹤		0		0	0	0	0
四大家族	sdjz	简单鹤		0		0	0	0	0
速冻饺子	sdjz	简单鹤		0		0	0	0	0
所带来的	sdld	简单鹤		0		0	0	0	0
死的明白	sdmb	简单鹤		0		0	0	0	0
锁定目标	sdmb	简单鹤		0		0	0	0	0
四大名旦	sdmd	简单鹤		0		0	0	0	0
死打蛮缠	sdmi	简单鹤		0		0	0	0	0
四大美女	sdmn	简单鹤		0		0	0	0	0
死得难看	sdnk	简单鹤		0		0	0	0	0
随到随学	sdsx	简单鹤		0		0	0	0	0
随地吐痰	sdtt	简单鹤		0		0	0	0	0
三点透视	sdtu	简单鹤		0		0	0	0	0
四大天王	sdtw	简单鹤		0		0	0	0	0
速冻汤圆	sdty	简单鹤		0		0	0	0	0
速冻水饺	sduj	简单鹤		0		0	0	0	0
锁定胜局	sduj	简单鹤		0		0	0	0	0
算得上是	sduu	简单鹤		0		0	0	0	0
所导致的	sdvd	简单鹤		0		0	0	0	0
速度之快	sdvk	简单鹤		0		0	0	0	0
速度真快	sdvk	简单鹤		0		0	0	0	0
三短一长	sdyi	简单鹤		0		0	0	0	0
搔到痒处	sdyi	简单鹤		1		0	0	0	0
死得冤枉	sdyw	简单鹤		0		0	0	0	0
色而不淫	seby	简单鹤		0		0	0	0	0
丝恩发怨	sefy	简单鹤		1		0	0	0	0
速尔快递	sekd	简单鹤		0		0	0	0	0
死而无怨	sewy	简单鹤		1		0	0	0	0
四方大脸	sfdl	简单鹤		0		0	0	0	0
随风而动	sfed	简单鹤		0		0	0	0	0
似非而是	sfeu	简单鹤		0		0	0	0	0
三方会谈	sfht	简单鹤		0		0	0	0	0
司法程序	sfix	简单鹤		0		0	0	0	0
司法鉴定	sfjd	简单鹤		0		0	0	0	0
司法救济	sfjj	简单鹤		0		0	0	0	0
司法解释	sfju	简单鹤		0		0	0	0	0
司法救助	sfjv	简单鹤		0		0	0	0	0
随风飘动	sfpd	简单鹤		0		0	0	0	0
随风飘荡	sfpd	简单鹤		0		0	0	0	0
随风飘散	sfps	简单鹤		0		0	0	0	0
随风飘扬	sfpy	简单鹤		0		0	0	0	0
散发气味	sfqw	简单鹤		0		0	0	0	0
三方软件	sfrj	简单鹤		0		0	0	0	0
三分天下	sftx	简单鹤		0		0	0	0	0
算法设计	sfuj	简单鹤		0		0	0	0	0
司法制度	sfvd	简单鹤		0		0	0	0	0
三坟五典	sfwd	简单鹤		1		0	0	0	0
三方协议	sfxy	简单鹤		0		0	0	0	0
四分音符	sfyf	简单鹤		0		0	0	0	0
三房一厅	sfyt	简单鹤		0		0	0	0	0
随风摇曳	sfyy	简单鹤		0		0	0	0	0
宿管阿姨	sgay	简单鹤		0		0	0	0	0
三个部分	sgbf	简单鹤		0		0	0	0	0
三观不同	sgbt	简单鹤		0		0	0	0	0
三观不正	sgbv	简单鹤		0		0	0	0	0
三顾草庐	sgcl	简单鹤		1		0	0	0	0
三国鼎立	sgdl	简单鹤		0		0	0	0	0
宿管大妈	sgdm	简单鹤		0		0	0	0	0
三个多钟	sgdv	简单鹤		0		0	0	0	0
三个多月	sgdy	简单鹤		0		0	0	0	0
四个多月	sgdy	简单鹤		0		0	0	0	0
宿管大爷	sgdy	简单鹤		0		0	0	0	0
三个方面	sgfm	简单鹤		0		0	0	0	0
四个方面	sgfm	简单鹤		0		0	0	0	0
三观冲击	sgij	简单鹤		0		0	0	0	0
三跪九拜	sgjb	简单鹤		0		0	0	0	0
随高就低	sgjd	简单鹤		1		0	0	0	0
三观尽毁	sgjh	简单鹤		0		0	0	0	0
四国军棋	sgjq	简单鹤		0		0	0	0	0
撕肝裂胆	sgld	简单鹤		0		0	0	0	0
仨瓜俩枣	sglz	简单鹤		0		0	0	0	0
死个明白	sgmb	简单鹤		0		0	0	0	0
四格漫画	sgmh	简单鹤		0		0	0	0	0
塑钢门窗	sgmi	简单鹤		0		0	0	0	0
四顾茫然	sgmr	简单鹤		0		0	0	0	0
三个面向	sgmx	简单鹤		0		0	0	0	0
搜狗拼音	sgpy	简单鹤		0		0	0	0	0
死贵死贵	sgsg	简单鹤		0		0	0	0	0
三更时分	sguf	简单鹤		0		0	0	0	0
搜狗输入	sgur	简单鹤		0		0	0	0	0
所关注的	sgvd	简单鹤		0		0	0	0	0
三个钟头	sgvt	简单鹤		0		0	0	0	0
搜狗五笔	sgwb	简单鹤		0		0	0	0	0
三个问题	sgwt	简单鹤		0		0	0	0	0
三个星期	sgxq	简单鹤		0		0	0	0	0
三个小时	sgxu	简单鹤		0		0	0	0	0
四个小时	sgxu	简单鹤		0		0	0	0	0
三国小镇	sgxv	简单鹤		0		0	0	0	0
死过一次	sgyc	简单鹤		0		0	0	0	0
丝毫不减	shbj	简单鹤		0		0	0	0	0
死活不肯	shbk	简单鹤		0		0	0	0	0
丝毫不输	shbu	简单鹤		0		0	0	0	0
死活不信	shbx	简单鹤		0		0	0	0	0
赛后采访	shcf	简单鹤		0		0	0	0	0
四海鼎沸	shdf	简单鹤		1		0	0	0	0
送货到家	shdj	简单鹤		0		0	0	0	0
三和大神	shdu	简单鹤		0		0	0	0	0
死灰槁木	shgm	简单鹤		1		0	0	0	0
扫黑除恶	shie	简单鹤		0		0	0	0	0
三花聚顶	shjd	简单鹤		0		0	0	0	0
丝滑连招	shlv	简单鹤		0		0	0	0	0
丝毫没有	shmy	简单鹤		0		0	0	0	0
森海塞尔	shse	简单鹤		0		0	0	0	0
嘶哈嘶哈	shsh	简单鹤		0		0	0	0	0
斯哈斯哈	shsh	简单鹤		0		0	0	0	0
索贿受贿	shuh	简单鹤		0		0	0	0	0
四海之内	shvn	简单鹤		0		0	0	0	0
散寒止痛	shvt	简单鹤		0		0	0	0	0
三回五次	shwc	简单鹤		1		0	0	0	0
撒花完结	shwj	简单鹤		0		0	0	0	0
四海兄弟	shxd	简单鹤		0		0	0	0	0
似乎有点	shyd	简单鹤		0		0	0	0	0
似乎有些	shyx	简单鹤		0		0	0	0	0
虽迟但到	sidd	简单鹤		0		0	0	0	0
四处打听	sidt	简单鹤		0		0	0	0	0
三重否定	sifd	简单鹤		0		0	0	0	0
四川成都	siid	简单鹤		0		0	0	0	0
三茶六饭	silf	简单鹤		1		0	0	0	0
四川麻将	simj	简单鹤		0		0	0	0	0
私闯民宅	simv	简单鹤		0		0	0	0	0
四处漂泊	sipb	简单鹤		0		0	0	0	0
四处碰壁	sipb	简单鹤		0		0	0	0	0
所产生的	siud	简单鹤		0		0	0	0	0
四处张望	sivw	简单鹤		0		0	0	0	0
四处寻找	sixv	简单鹤		0		0	0	0	0
三长一短	siyd	简单鹤		0		0	0	0	0
四处摇人	siyr	简单鹤		0		0	0	0	0
缩成一团	siyt	简单鹤		0		0	0	0	0
所具备的	sjbd	简单鹤		0		0	0	0	0
随机播放	sjbf	简单鹤		0		0	0	0	0
四脚八叉	sjbi	简单鹤		0		0	0	0	0
思君不见	sjbj	简单鹤		0		0	0	0	0
随机变量	sjbl	简单鹤		0		0	0	0	0
三级标题	sjbt	简单鹤		0		0	0	0	0
赛季报销	sjbx	简单鹤		0		0	0	0	0
死记呆背	sjdb	简单鹤		0		0	0	0	0
三角地带	sjdd	简单鹤		0		0	0	0	0
随机弹道	sjdd	简单鹤		0		0	0	0	0
三角定位	sjdw	简单鹤		0		0	0	0	0
俗家弟子	sjdz	简单鹤		0		0	0	0	0
伺机而动	sjed	简单鹤	625	0		0	0	0	0
四季分明	sjfm	简单鹤		0		0	0	0	0
随机附赠	sjfz	简单鹤		0		0	0	0	0
随机过程	sjgi	简单鹤		0		0	0	0	0
四角号码	sjhm	简单鹤		0		0	0	0	0
三教合一	sjhy	简单鹤		0		0	0	0	0
四季常春	sjii	简单鹤		0		0	0	0	0
随机抽取	sjiq	简单鹤		0		0	0	0	0
随机抽样	sjiy	简单鹤		0		0	0	0	0
四级考试	sjku	简单鹤		0		0	0	0	0
三阶魔方	sjmf	简单鹤		0		0	0	0	0
四阶魔方	sjmf	简单鹤		0		0	0	0	0
三驾马车	sjmi	简单鹤		0		0	0	0	0
撒娇卖俏	sjmq	简单鹤		1		0	0	0	0
四季平安	sjpa	简单鹤		0		0	0	0	0
酸碱平衡	sjph	简单鹤		0		0	0	0	0
四键平台	sjpt	简单鹤		0		0	0	0	0
搜集情报	sjqb	简单鹤		0		0	0	0	0
耸肩缩背	sjsb	简单鹤		1		0	0	0	0
三江四海	sjsh	简单鹤		0		0	0	0	0
三进三出	sjsi	简单鹤		0		0	0	0	0
随机生成	sjui	简单鹤		0		0	0	0	0
随机属性	sjux	简单鹤		0		0	0	0	0
搜集整理	sjvl	简单鹤		0		0	0	0	0
私家侦探	sjvt	简单鹤		0		0	0	0	0
三界之外	sjvw	简单鹤		0		0	0	0	0
三角握把	sjwb	简单鹤		0		0	0	0	0
三江五湖	sjwh	简单鹤		1		0	0	0	0
随机信号	sjxh	简单鹤		0		0	0	0	0
随机循环	sjxh	简单鹤		0		0	0	0	0
三家性奴	sjxn	简单鹤		0		0	0	0	0
三军用命	sjym	简单鹤		0		0	0	0	0
伺机作案	sjza	简单鹤		0		0	0	0	0
苏卡不列	skbl	简单鹤		0		0	0	0	0
送快递的	skdd	简单鹤		0		0	0	0	0
思考方法	skff	简单鹤		0		0	0	0	0
三口两口	sklk	简单鹤		0		0	0	0	0
思考人生	skru	简单鹤		0		0	0	0	0
随口说说	skuu	简单鹤		0		0	0	0	0
三口之家	skvj	简单鹤		0		0	0	0	0
四口之家	skvj	简单鹤		0		0	0	0	0
思考问题	skwt	简单鹤		0		0	0	0	0
随口一说	skyu	简单鹤		0		0	0	0	0
思考一下	skyx	简单鹤		0		0	0	0	0
思考再三	skzs	简单鹤		0		0	0	0	0
酸了吧唧	slbj	简单鹤		0		0	0	0	0
森萝财团	slct	简单鹤		0		0	0	0	0
森林大火	sldh	简单鹤		0		0	0	0	0
洒泪当场	sldi	简单鹤		0		0	0	0	0
思路打开	sldk	简单鹤		0		0	0	0	0
四轮定位	sldw	简单鹤		0		0	0	0	0
塑料袋子	sldz	简单鹤		0		0	0	0	0
溯流而上	sleu	简单鹤		0		0	0	0	0
三轮复习	slfx	简单鹤		0		0	0	0	0
缩了回去	slhq	简单鹤		0		0	0	0	0
四连超凡	slif	简单鹤		0		0	0	0	0
塑料产品	slip	简单鹤		0		0	0	0	0
骚浪贱货	sljh	简单鹤		0		0	0	0	0
塑料姐妹	sljm	简单鹤		0		0	0	0	0
苏联解体	sljt	简单鹤		0		0	0	0	0
三连决胜	slju	简单鹤		0		0	0	0	0
松了口气	slkq	简单鹤		0		0	0	0	0
死了没埋	slmm	简单鹤		0		0	0	0	0
扫落马下	slmx	简单鹤		0		0	0	0	0
思路清晰	slqx	简单鹤		0		0	0	0	0
溯流穷源	slqy	简单鹤		1		0	0	0	0
耸了耸肩	slsj	简单鹤		0		0	0	0	0
死了算了	slsl	简单鹤		0		0	0	0	0
算了算了	slsl	简单鹤		0		0	0	0	0
算来算去	slsq	简单鹤		0		0	0	0	0
塑料托盘	sltp	简单鹤		0		0	0	0	0
死老太婆	sltp	简单鹤		0		0	0	0	0
死老头子	sltz	简单鹤		0		0	0	0	0
私立中学	slvx	简单鹤		0		0	0	0	0
塑料兄弟	slxd	简单鹤		0		0	0	0	0
苏联笑话	slxh	简单鹤		0		0	0	0	0
耸了下肩	slxj	简单鹤		0		0	0	0	0
私立学校	slxx	简单鹤		0		0	0	0	0
碎了一地	slyd	简单鹤		0		0	0	0	0
扫了一眼	slyy	简单鹤		0		0	0	0	0
扫描病毒	smbd	简单鹤		0		0	0	0	0
什么办法	smbf	简单鹤		0		0	0	0	0
碎面包屑	smbx	简单鹤		0		0	0	0	0
什么地点	smdd	简单鹤		0		0	0	0	0
所面对的	smdd	简单鹤		0		0	0	0	0
什么都会	smdh	简单鹤		0		0	0	0	0
四码定长	smdi	简单鹤		0		0	0	0	0
什么动静	smdj	简单鹤		0		0	0	0	0
宿命对决	smdj	简单鹤		0		0	0	0	0
扫描电镜	smdj	简单鹤		0		0	0	0	0
扫码登录	smdl	简单鹤		0		0	0	0	0
扫码登陆	smdl	简单鹤		0		0	0	0	0
什么东西	smdx	简单鹤		0		0	0	0	0
死妈东西	smdx	简单鹤		0		0	0	0	0
什么都有	smdy	简单鹤		0		0	0	0	0
什么方案	smfa	简单鹤		0		0	0	0	0
什么方法	smff	简单鹤		0		0	0	0	0
私密发货	smfh	简单鹤		0		0	0	0	0
扫码付款	smfk	简单鹤		0		0	0	0	0
什么方面	smfm	简单鹤		0		0	0	0	0
什么方式	smfu	简单鹤		0		0	0	0	0
什么反应	smfy	简单鹤		0		0	0	0	0
什么勾巴	smgb	简单鹤		0		0	0	0	0
什么感觉	smgj	简单鹤		0		0	0	0	0
什么概念	smgn	简单鹤		0		0	0	0	0
扫码关注	smgv	简单鹤		0		0	0	0	0
什么关系	smgx	简单鹤		0		0	0	0	0
什么工作	smgz	简单鹤		0		0	0	0	0
什么规则	smgz	简单鹤		0		0	0	0	0
三面环山	smhu	简单鹤		0		0	0	0	0
四面环山	smhu	简单鹤		0		0	0	0	0
什么程度	smid	简单鹤		0		0	0	0	0
什么价格	smjg	简单鹤		0		0	0	0	0
榫卯结构	smjg	简单鹤		0		0	0	0	0
私募基金	smjj	简单鹤		0		0	0	0	0
什么建议	smjy	简单鹤		0		0	0	0	0
什么看法	smkf	简单鹤		0		0	0	0	0
四面开花	smkh	简单鹤		0		0	0	0	0
四面漏风	smlf	简单鹤		0		0	0	0	0
扫码领取	smlq	简单鹤		0		0	0	0	0
什么来着	smlv	简单鹤		0		0	0	0	0
宋明理学	smlx	简单鹤		0		0	0	0	0
什么理由	smly	简单鹤		0		0	0	0	0
司马老贼	smlz	简单鹤		0		0	0	0	0
什么毛病	smmb	简单鹤		0		0	0	0	0
什么目的	smmd	简单鹤		0		0	0	0	0
什么眉目	smmm	简单鹤		0		0	0	0	0
私密马赛	smms	简单鹤		0		0	0	0	0
什么名字	smmz	简单鹤		0		0	0	0	0
什么年代	smnd	简单鹤		0		0	0	0	0
岁末年关	smng	简单鹤		0		0	0	0	0
什么区别	smqb	简单鹤		0		0	0	0	0
三脉七轮	smql	简单鹤		0		0	0	0	0
什么人的	smrd	简单鹤		0		0	0	0	0
似梦似幻	smsh	简单鹤		0		0	0	0	0
什么什么	smsm	简单鹤		0		0	0	0	0
什么态度	smtd	简单鹤		0		0	0	0	0
岁暮天寒	smth	简单鹤		1		0	0	0	0
什么条件	smtj	简单鹤		0		0	0	0	0
什么事啊	smua	简单鹤		0		0	0	0	0
四面树敌	smud	简单鹤		0		0	0	0	0
什么时间	smuj	简单鹤		0		0	0	0	0
什么水平	smup	简单鹤		0		0	0	0	0
什么事情	smuq	简单鹤		0		0	0	0	0
什么声音	smuy	简单鹤		0		0	0	0	0
宿命之敌	smvd	简单鹤		0		0	0	0	0
扫码支付	smvf	简单鹤		0		0	0	0	0
三昧真火	smvh	简单鹤		0		0	0	0	0
什么状况	smvk	简单鹤		0		0	0	0	0
什么味道	smwd	简单鹤		0		0	0	0	0
什么位置	smwv	简单鹤		0		0	0	0	0
什么玩意	smwy	简单鹤		0		0	0	0	0
死妈玩意	smwy	简单鹤		0		0	0	0	0
四目相接	smxj	简单鹤		0		0	0	0	0
算命先生	smxu	简单鹤		0		0	0	0	0
什么样的	smyd	简单鹤		0		0	0	0	0
所没有的	smyd	简单鹤		0		0	0	0	0
什么意思	smys	简单鹤		0		0	0	0	0
什么影响	smyx	简单鹤		0		0	0	0	0
什么意义	smyy	简单鹤		0		0	0	0	0
什么样子	smyz	简单鹤		0		0	0	0	0
什么资格	smzg	简单鹤		0		0	0	0	0
三年不鸣	snbm	简单鹤		0		0	0	0	0
随你的便	sndb	简单鹤		0		0	0	0	0
思念对方	sndf	简单鹤		0		0	0	0	0
索尼大法	sndf	简单鹤		0		0	0	0	0
算你倒楣	sndm	简单鹤		0		0	0	0	0
算你倒霉	sndm	简单鹤		0		0	0	0	0
思念家乡	snjx	简单鹤		0		0	0	0	0
三娘教子	snjz	简单鹤		0		0	0	0	0
三年六班	snlb	简单鹤		0		0	0	0	0
三年两载	snlz	简单鹤		0		0	0	0	0
三年模拟	snmn	简单鹤		0		0	0	0	0
撒尿牛丸	snnw	简单鹤		0		0	0	0	0
思念亲人	snqr	简单鹤		0		0	0	0	0
所能提供	sntg	简单鹤		0		0	0	0	0
三年时间	snuj	简单鹤		0		0	0	0	0
四年时间	snuj	简单鹤		0		0	0	0	0
送你上去	snuq	简单鹤		0		0	0	0	0
三年之艾	snva	简单鹤		1		0	0	0	0
所能形容	snxr	简单鹤		0		0	0	0	0
三年血赚	snxv	简单鹤		0		0	0	0	0
三男一狗	snyg	简单鹤		0		0	0	0	0
苏宁易购	snyg	简单鹤		0		0	0	0	0
送你一程	snyi	简单鹤		0		0	0	0	0
算你走运	snzy	简单鹤		0		0	0	0	0
三品大员	spdy	简单鹤		0		0	0	0	0
撕皮出道	spid	简单鹤		0		0	0	0	0
算盘落空	splk	简单鹤		0		0	0	0	0
三陪女郎	spnl	简单鹤		0		0	0	0	0
撒泼耍赖	spul	简单鹤		0		0	0	0	0
三陪小姐	spxj	简单鹤		0		0	0	0	0
色情暴力	sqbl	简单鹤		0		0	0	0	0
俗气得很	sqdh	简单鹤		0		0	0	0	0
色情电影	sqdy	简单鹤		0		0	0	0	0
随其发展	sqfv	简单鹤		0		0	0	0	0
斯琴高丽	sqgl	简单鹤		0		0	0	0	0
色情成瘾	sqiy	简单鹤		0		0	0	0	0
三千雷动	sqld	简单鹤		0		0	0	0	0
宋齐梁陈	sqli	简单鹤		0		0	0	0	0
三期免息	sqmx	简单鹤		0		0	0	0	0
色情明星	sqmx	简单鹤		0		0	0	0	0
速去速回	sqsh	简单鹤		0		0	0	0	0
三起三落	sqsl	简单鹤		0		0	0	0	0
三请四邀	sqsy	简单鹤		0		0	0	0	0
色情图片	sqtp	简单鹤		0		0	0	0	0
色情视频	squp	简单鹤		0		0	0	0	0
赛前准备	sqvb	简单鹤		0		0	0	0	0
丧亲之痛	sqvt	简单鹤		0		0	0	0	0
色情网站	sqwv	简单鹤		0		0	0	0	0
四气五味	sqww	简单鹤		0		0	0	0	0
四驱兄弟	sqxd	简单鹤		0		0	0	0	0
色情小说	sqxu	简单鹤		0		0	0	0	0
私企员工	sqyg	简单鹤		0		0	0	0	0
色情淫秽	sqyh	简单鹤		0		0	0	0	0
虽然不能	srbn	简单鹤		0		0	0	0	0
虽然不是	srbu	简单鹤		0		0	0	0	0
私人财产	srci	简单鹤		0		0	0	0	0
骚扰电话	srdh	简单鹤		0		0	0	0	0
虽然但是	srdu	简单鹤		0		0	0	0	0
私人恩怨	srey	简单鹤		0		0	0	0	0
私人飞机	srfj	简单鹤		0		0	0	0	0
虽然过去	srgq	简单鹤		0		0	0	0	0
私人关系	srgx	简单鹤		0		0	0	0	0
虽然很好	srhh	简单鹤		0		0	0	0	0
虽然还没	srhm	简单鹤		0		0	0	0	0
虽然很难	srhn	简单鹤		0		0	0	0	0
虽然害怕	srhp	简单鹤		0		0	0	0	0
私人会所	srhs	简单鹤		0		0	0	0	0
三人成众	sriv	简单鹤		0		0	0	0	0
虽然看到	srkd	简单鹤		0		0	0	0	0
私人空间	srkj	简单鹤		0		0	0	0	0
虽然可能	srkn	简单鹤		0		0	0	0	0
虽然开始	srku	简单鹤		0		0	0	0	0
虽然可以	srky	简单鹤		0		0	0	0	0
私人老板	srlb	简单鹤		0		0	0	0	0
骚扰拦截	srlj	简单鹤		0		0	0	0	0
虽然离开	srlk	简单鹤		0		0	0	0	0
三日两日	srlr	简单鹤		0		0	0	0	0
虽然忙碌	srml	简单鹤		0		0	0	0	0
虽然没能	srmn	简单鹤		0		0	0	0	0
私人秘书	srmu	简单鹤		0		0	0	0	0
虽然没有	srmy	简单鹤		0		0	0	0	0
虽然年轻	srnq	简单鹤		0		0	0	0	0
虽然如此	srrc	简单鹤		0		0	0	0	0
虽然痛苦	srtk	简单鹤		0		0	0	0	0
三人同心	srtx	简单鹤		0		0	0	0	0
私人生活	sruh	简单鹤		0		0	0	0	0
私人时间	sruj	简单鹤		0		0	0	0	0
私人住宅	srvv	简单鹤		0		0	0	0	0
私人物品	srwp	简单鹤		0		0	0	0	0
虽然辛苦	srxk	简单鹤		0		0	0	0	0
私人笑声	srxu	简单鹤		0		0	0	0	0
私人性质	srxv	简单鹤		0		0	0	0	0
私人行为	srxw	简单鹤		0		0	0	0	0
私人信息	srxx	简单鹤		0		0	0	0	0
私人学校	srxx	简单鹤		0		0	0	0	0
三人一狗	sryg	简单鹤		0		0	0	0	0
死人一个	sryg	简单鹤		0		0	0	0	0
悚然一惊	sryj	简单鹤		0		0	0	0	0
损人益己	sryj	简单鹤		1		0	0	0	0
斯人已逝	sryu	简单鹤		0		0	0	0	0
私人医生	sryu	简单鹤		0		0	0	0	0
私人医院	sryy	简单鹤		0		0	0	0	0
私人影院	sryy	简单鹤		0		0	0	0	0
四散奔逃	ssbt	简单鹤		0		0	0	0	0
丝丝点点	ssdd	简单鹤		0		0	0	0	0
四色定理	ssdl	简单鹤		0		0	0	0	0
随俗浮沉	ssfi	简单鹤		1		0	0	0	0
三四分钟	ssfv	简单鹤		0		0	0	0	0
琐碎繁杂	ssfz	简单鹤		0		0	0	0	0
三四个人	ssgr	简单鹤		0		0	0	0	0
三四个月	ssgy	简单鹤		0		0	0	0	0
色素沉淀	ssid	简单鹤		0		0	0	0	0
色素沉着	ssiv	简单鹤		0		0	0	0	0
搜索结果	ssjg	简单鹤		0		0	0	0	0
搜索建议	ssjy	简单鹤		0		0	0	0	0
酥酥麻麻	ssmm	简单鹤		0		0	0	0	0
碎碎平安	sspa	简单鹤		0		0	0	0	0
思索片刻	sspk	简单鹤		0		0	0	0	0
搜索算法	sssf	简单鹤		0		0	0	0	0
搜索指数	ssvu	简单鹤		0		0	0	0	0
虽死无憾	sswh	简单鹤		0		0	0	0	0
丝丝小雨	ssxy	简单鹤		0		0	0	0	0
搜索一下	ssyx	简单鹤		0		0	0	0	0
思索再三	sszs	简单鹤		0		0	0	0	0
三天不打	stbd	简单鹤		0		0	0	0	0
随堂测验	stcy	简单鹤		0		0	0	0	0
所托非人	stfr	简单鹤		0		0	0	0	0
三堂会审	sthu	简单鹤		0		0	0	0	0
撒腿就跑	stjp	简单鹤		0		0	0	0	0
三头六面	stlm	简单鹤		1		0	0	0	0
三头两绪	stlx	简单鹤		1		0	0	0	0
随他去吧	stqb	简单鹤		0		0	0	0	0
三天之内	stvn	简单鹤		0		0	0	0	0
扫榻相迎	stxy	简单鹤		0		0	0	0	0
三通一达	styd	简单鹤		0		0	0	0	0
算是不错	subc	简单鹤		0		0	0	0	0
丧尸病毒	subd	简单鹤		0		0	0	0	0
所剩不多	subd	简单鹤		0		0	0	0	0
四十不惑	subh	简单鹤		0		0	0	0	0
死伤遍野	suby	简单鹤		0		0	0	0	0
损失惨重	sucv	简单鹤		0		0	0	0	0
三十多个	sudg	简单鹤		0		0	0	0	0
四十多个	sudg	简单鹤		0		0	0	0	0
所说的话	sudh	简单鹤		0		0	0	0	0
苏珊大妈	sudm	简单鹤		0		0	0	0	0
三十多年	sudn	简单鹤		0		0	0	0	0
所属单位	sudw	简单鹤		0		0	0	0	0
随时都有	sudy	简单鹤		0		0	0	0	0
撒手而去	sueq	简单鹤		0		0	0	0	0
琐事繁多	sufd	简单鹤		0		0	0	0	0
随书附送	sufs	简单鹤		0		0	0	0	0
似睡非睡	sufu	简单鹤		0		0	0	0	0
三十分钟	sufv	简单鹤		0		0	0	0	0
四十分钟	sufv	简单鹤		0		0	0	0	0
随书附赠	sufz	简单鹤		0		0	0	0	0
随时恭候	sugh	简单鹤		0		0	0	0	0
随手关门	sugm	简单鹤		0		0	0	0	0
三十好几	suhj	简单鹤		0		0	0	0	0
三十出头	suit	简单鹤		0		0	0	0	0
四十出头	suit	简单鹤		0		0	0	0	0
三十几岁	sujs	简单鹤		0		0	0	0	0
所受教育	sujy	简单鹤		0		0	0	0	0
随时可能	sukn	简单鹤		0		0	0	0	0
四十开外	sukw	简单鹤		0		0	0	0	0
随时可以	suky	简单鹤		0		0	0	0	0
三十六变	sulb	简单鹤		0		0	0	0	0
死神来了	sull	简单鹤		0		0	0	0	0
送上门的	sumd	简单鹤		0		0	0	0	0
送上门来	suml	简单鹤		0		0	0	0	0
三十年代	sund	简单鹤		0		0	0	0	0
四十年代	sund	简单鹤		0		0	0	0	0
随时能够	sung	简单鹤		0		0	0	0	0
三十年前	sunq	简单鹤		0		0	0	0	0
四十年前	sunq	简单鹤		0		0	0	0	0
损失赔偿	supi	简单鹤		0		0	0	0	0
三审判决	supj	简单鹤		0		0	0	0	0
虽说如此	surc	简单鹤		0		0	0	0	0
四十如虎	surh	简单鹤		0		0	0	0	0
三十如狼	surl	简单鹤		0		0	0	0	0
似水柔情	surq	简单鹤		0		0	0	0	0
三十三天	sust	简单鹤		1		0	0	0	0
随时准备	suvb	简单鹤		0		0	0	0	0
三十周年	suvn	简单鹤		0		0	0	0	0
四十周年	suvn	简单鹤		0		0	0	0	0
扫射转移	suvy	简单鹤		0		0	0	0	0
虽说这样	suvy	简单鹤		0		0	0	0	0
死神之子	suvz	简单鹤		0		0	0	0	0
死水微澜	suwl	简单鹤		0		0	0	0	0
随身物品	suwp	简单鹤		0		0	0	0	0
死伤无数	suwu	简单鹤		0		0	0	0	0
三生万物	suww	简单鹤		0		0	0	0	0
丧失信心	suxx	简单鹤		0		0	0	0	0
所使用的	suyd	简单鹤		0		0	0	0	0
死生由命	suym	简单鹤		0		0	0	0	0
三上悠亚	suyy	简单鹤		0		0	0	0	0
所知不多	svbd	简单鹤		0		0	0	0	0
四肢不全	svbq	简单鹤		0		0	0	0	0
四柱八字	svbz	简单鹤		0		0	0	0	0
死战到底	svdd	简单鹤		0		0	0	0	0
素质低下	svdx	简单鹤		0		0	0	0	0
色中饿鬼	sveg	简单鹤		0		0	0	0	0
随之而出	svei	简单鹤		0		0	0	0	0
四肢发达	svfd	简单鹤		0		0	0	0	0
四肢乏力	svfl	简单鹤		0		0	0	0	0
诉诸法律	svfl	简单鹤		0		0	0	0	0
四诊合参	svhc	简单鹤		0		0	0	0	0
四肢抽搐	svii	简单鹤		0		0	0	0	0
四肢拘急	svjj	简单鹤		0		0	0	0	0
四肢健全	svjq	简单鹤		0		0	0	0	0
所占面积	svmj	简单鹤		0		0	0	0	0
四肢麻木	svmm	简单鹤		0		0	0	0	0
散装啤酒	svpj	简单鹤		0		0	0	0	0
三战全胜	svqu	简单鹤		0		0	0	0	0
素质三连	svsl	简单鹤		0		0	0	0	0
三只松鼠	svsu	简单鹤		0		0	0	0	0
随着时间	svuj	简单鹤		0		0	0	0	0
所知甚少	svuu	简单鹤		0		0	0	0	0
死者为大	svwd	简单鹤		0		0	0	0	0
四肢无力	svwl	简单鹤		0		0	0	0	0
苏州园林	svyl	简单鹤		0		0	0	0	0
死亡芭比	swbb	简单鹤		0		0	0	0	0
死亡笔记	swbj	简单鹤		0		0	0	0	0
斯文败类	swbl	简单鹤		0		0	0	0	0
死亡半区	swbq	简单鹤		0		0	0	0	0
三维动画	swdh	简单鹤		0		0	0	0	0
塞翁得马	swdm	简单鹤		1		0	0	0	0
算我倒霉	swdm	简单鹤		0		0	0	0	0
思维导图	swdt	简单鹤		0		0	0	0	0
思维定势	swdu	简单鹤		0		0	0	0	0
思维定式	swdu	简单鹤		0		0	0	0	0
思维风暴	swfb	简单鹤		0		0	0	0	0
思维负担	swfd	简单鹤		0		0	0	0	0
思维方法	swff	简单鹤		0		0	0	0	0
思维发散	swfs	简单鹤		0		0	0	0	0
思维方式	swfu	简单鹤		0		0	0	0	0
三五分钟	swfv	简单鹤		0		0	0	0	0
三湾改编	swgb	简单鹤		0		0	0	0	0
思维固化	swgh	简单鹤		0		0	0	0	0
死亡公路	swgl	简单鹤		0		0	0	0	0
死亡搁浅	swgq	简单鹤		0		0	0	0	0
四五个人	swgr	简单鹤		0		0	0	0	0
四五个月	swgy	简单鹤		0		0	0	0	0
死亡回放	swhf	简单鹤		0		0	0	0	0
所为何故	swhg	简单鹤		0		0	0	0	0
所为何来	swhl	简单鹤		0		0	0	0	0
所为何事	swhu	简单鹤		0		0	0	0	0
三无产品	swip	简单鹤		0		0	0	0	0
俗务缠身	swiu	简单鹤		0		0	0	0	0
酸文假醋	swjc	简单鹤		1		0	0	0	0
缩微胶卷	swjj	简单鹤		0		0	0	0	0
三维建模	swjm	简单鹤		0		0	0	0	0
死亡竞赛	swjs	简单鹤		0		0	0	0	0
三维空间	swkj	简单鹤		0		0	0	0	0
思维逻辑	swlj	简单鹤		0		0	0	0	0
三维立体	swlt	简单鹤		0		0	0	0	0
死亡名单	swmd	简单鹤		0		0	0	0	0
思维敏捷	swmj	简单鹤		0		0	0	0	0
思维模式	swmu	简单鹤		0		0	0	0	0
三维模型	swmx	简单鹤		0		0	0	0	0
丝袜奶茶	swni	简单鹤		0		0	0	0	0
嗦我牛牛	swnn	简单鹤		0		0	0	0	0
死亡凝视	swnu	简单鹤		0		0	0	0	0
嗦我牛子	swnz	简单鹤		0		0	0	0	0
思维判断	swpd	简单鹤		0		0	0	0	0
三维软件	swrj	简单鹤		0		0	0	0	0
三无人员	swry	简单鹤		0		0	0	0	0
三维弹球	swtq	简单鹤		0		0	0	0	0
三维贴图	swtt	简单鹤		0		0	0	0	0
随我同行	swtx	简单鹤		0		0	0	0	0
死亡时间	swuj	简单鹤		0		0	0	0	0
死亡视角	swuj	简单鹤		0		0	0	0	0
送我上去	swuq	简单鹤		0		0	0	0	0
死亡诗社	swuu	简单鹤		0		0	0	0	0
三维数组	swuz	简单鹤		0		0	0	0	0
四维数组	swuz	简单鹤		0		0	0	0	0
三味真火	swvh	简单鹤		0		0	0	0	0
死亡证明	swvm	简单鹤		0		0	0	0	0
死亡之组	swvz	简单鹤		0		0	0	0	0
死亡威胁	swwx	简单鹤		0		0	0	0	0
思维习惯	swxg	简单鹤		0		0	0	0	0
死亡陷阱	swxj	简单鹤		0		0	0	0	0
死亡小组	swxz	简单鹤		0		0	0	0	0
算无遗策	swyc	简单鹤		1		0	0	0	0
思维运动	swyd	简单鹤		0		0	0	0	0
所谓伊人	swyr	简单鹤		0		0	0	0	0
塞我嘴里	swzl	简单鹤		0		0	0	0	0
思想包袱	sxbf	简单鹤		0		0	0	0	0
死性不改	sxbg	简单鹤		0		0	0	0	0
素袖藏金	sxcj	简单鹤		0		0	0	0	0
所幸的是	sxdu	简单鹤		0		0	0	0	0
伺隙而动	sxed	简单鹤		0		0	0	0	0
扫兴而归	sxeg	简单鹤		0		0	0	0	0
思想负担	sxfd	简单鹤		0		0	0	0	0
丝血反杀	sxfu	简单鹤		0		0	0	0	0
三仙归洞	sxgd	简单鹤		0		0	0	0	0
思想高度	sxgd	简单鹤		0		0	0	0	0
思想观念	sxgn	简单鹤		0		0	0	0	0
三星高照	sxgv	简单鹤		0		0	0	0	0
四下观望	sxgw	简单鹤		0		0	0	0	0
思想钢印	sxgy	简单鹤		0		0	0	0	0
思想汇报	sxhb	简单鹤		0		0	0	0	0
四下环顾	sxhg	简单鹤		0		0	0	0	0
思想混乱	sxhl	简单鹤		0		0	0	0	0
死刑核准	sxhv	简单鹤		0		0	0	0	0
思想活跃	sxhy	简单鹤		0		0	0	0	0
思想成熟	sxiu	简单鹤		0		0	0	0	0
思想境界	sxjj	简单鹤		0		0	0	0	0
三姓家奴	sxjn	简单鹤		0		0	0	0	0
三旬九食	sxju	简单鹤		1		0	0	0	0
思想觉悟	sxjw	简单鹤		0		0	0	0	0
速效救心	sxjx	简单鹤		0		0	0	0	0
思想开放	sxkf	简单鹤		0		0	0	0	0
思想理论	sxll	简单鹤		0		0	0	0	0
三下两下	sxlx	简单鹤		0		0	0	0	0
思想矛盾	sxmd	简单鹤		0		0	0	0	0
思想品德	sxpd	简单鹤		0		0	0	0	0
思想启蒙	sxqm	简单鹤		0		0	0	0	0
思乡情切	sxqq	简单鹤		0		0	0	0	0
思贤如渴	sxrk	简单鹤		1		0	0	0	0
三兄四弟	sxsd	简单鹤		0		0	0	0	0
思想束缚	sxuf	简单鹤		0		0	0	0	0
思想深刻	sxuk	简单鹤		0		0	0	0	0
思想实验	sxuy	简单鹤		0		0	0	0	0
思想准备	sxvb	简单鹤		0		0	0	0	0
三相之力	sxvl	简单鹤		0		0	0	0	0
思乡之情	sxvq	简单鹤		0		0	0	0	0
思想政治	sxvv	简单鹤		0		0	0	0	0
四喜丸子	sxwz	简单鹤		0		0	0	0	0
四禧丸子	sxwz	简单鹤		0		0	0	0	0
所需要的	sxyd	简单鹤		0		0	0	0	0
思想压力	sxyl	简单鹤		0		0	0	0	0
思想意识	sxyu	简单鹤		0		0	0	0	0
死心眼子	sxyz	简单鹤		0		0	0	0	0
死于安乐	syal	简单鹤		0		0	0	0	0
四野八荒	sybh	简单鹤		0		0	0	0	0
思源笔记	sybj	简单鹤		0		0	0	0	0
岁月变迁	sybq	简单鹤		0		0	0	0	0
死一边去	sybq	简单鹤		0		0	0	0	0
虽远必诛	sybv	简单鹤		0		0	0	0	0
所言不虚	sybx	简单鹤		0		0	0	0	0
死因不详	sybx	简单鹤		0		0	0	0	0
宿雨餐风	sycf	简单鹤		1		0	0	0	0
所以才会	sych	简单鹤		0		0	0	0	0
所有地方	sydf	简单鹤		0		0	0	0	0
所有的人	sydr	简单鹤		0		0	0	0	0
所有东西	sydx	简单鹤		0		0	0	0	0
肆意而为	syew	简单鹤		0		0	0	0	0
四一分推	syft	简单鹤		0		0	0	0	0
肆意非为	syfw	简单鹤		0		0	0	0	0
所言非虚	syfx	简单鹤		0		0	0	0	0
所有费用	syfy	简单鹤		0		0	0	0	0
四羊方尊	syfz	简单鹤		0		0	0	0	0
所有国家	sygj	简单鹤		0		0	0	0	0
所蕴含的	syhd	简单鹤		0		0	0	0	0
死于话多	syhd	简单鹤		0		0	0	0	0
肆意横流	syhl	简单鹤		0		0	0	0	0
似有还无	syhw	简单鹤		0		0	0	0	0
私营成分	syif	简单鹤		0		0	0	0	0
所有经过	syjg	简单鹤		0		0	0	0	0
私有经济	syjj	简单鹤		0		0	0	0	0
所言极是	syju	简单鹤		0		0	0	0	0
死要见尸	syju	简单鹤		0		0	0	0	0
松一口气	sykq	简单鹤		0		0	0	0	0
岁月留痕	sylh	简单鹤		0		0	0	0	0
撒哟啦啦	syll	简单鹤		0		0	0	0	0
岁月流逝	sylu	简单鹤		0		0	0	0	0
所有利益	syly	简单鹤		0		0	0	0	0
岁月漫长	symv	简单鹤		0		0	0	0	0
所以那个	syng	简单鹤		0		0	0	0	0
撒由那拉	synl	简单鹤		0		0	0	0	0
所以那样	syny	简单鹤		0		0	0	0	0
所有情况	syqk	简单鹤		0		0	0	0	0
四有青年	syqn	简单鹤		0		0	0	0	0
所有人的	syrd	简单鹤		0		0	0	0	0
缩阳入腹	syrf	简单鹤		0		0	0	0	0
所以如果	syrg	简单鹤		0		0	0	0	0
所有人员	syry	简单鹤		0		0	0	0	0
似有似无	sysw	简单鹤		0		0	0	0	0
所有条件	sytj	简单鹤		0		0	0	0	0
嗓音甜美	sytm	简单鹤		0		0	0	0	0
所有时间	syuj	简单鹤		0		0	0	0	0
所以说呢	syun	简单鹤		0		0	0	0	0
所有事情	syuq	简单鹤		0		0	0	0	0
岁月史书	syuu	简单鹤		0		0	0	0	0
所言甚是	syuu	简单鹤		0		0	0	0	0
所有事项	syux	简单鹤		0		0	0	0	0
所以知道	syvd	简单鹤		0		0	0	0	0
所以这个	syvg	简单鹤		0		0	0	0	0
所以这是	syvu	简单鹤		0		0	0	0	0
所以这样	syvy	简单鹤		0		0	0	0	0
所以我就	sywj	简单鹤		0		0	0	0	0
所以我们	sywm	简单鹤		0		0	0	0	0
岁月无情	sywq	简单鹤		0		0	0	0	0
所有问题	sywt	简单鹤		0		0	0	0	0
肆意妄行	sywx	简单鹤		0		0	0	0	0
所以我在	sywz	简单鹤		0		0	0	0	0
所以现在	syxz	简单鹤		0		0	0	0	0
所拥有的	syyd	简单鹤		0		0	0	0	0
所有一切	syyq	简单鹤		0		0	0	0	0
所有原因	syyy	简单鹤		0		0	0	0	0
四字词语	szcy	简单鹤		0		0	0	0	0
四字弟弟	szdd	简单鹤		0		0	0	0	0
所在地址	szdv	简单鹤		0		0	0	0	0
似醉非醉	szfz	简单鹤		0		0	0	0	0
所做出的	szid	简单鹤		0		0	0	0	0
所造成的	szid	简单鹤		0		0	0	0	0
四字成语	sziy	简单鹤		0		0	0	0	0
死罪可免	szkm	简单鹤		0		0	0	0	0
嗓子沙哑	szuy	简单鹤		0		0	0	0	0
所在之处	szvi	简单鹤		0		0	0	0	0
死在这里	szvl	简单鹤		0		0	0	0	0
所做之事	szvu	简单鹤		0		0	0	0	0
疼爱有加	tayj	简单鹤		0		0	0	0	0
凸凹有致	tayv	简单鹤		0		0	0	0	0
特别报道	tbbd	简单鹤		0		0	0	0	0
逃避不掉	tbbd	简单鹤		0		0	0	0	0
逃避不了	tbbl	简单鹤		0		0	0	0	0
特别不同	tbbt	简单鹤		0		0	0	0	0
通臂白猿	tbby	简单鹤		0		0	0	0	0
挺不错的	tbcd	简单鹤		0		0	0	0	0
听不大懂	tbdd	简单鹤		0		0	0	0	0
逃不掉的	tbdd	简单鹤		0		0	0	0	0
坦白地讲	tbdj	简单鹤		0		0	0	0	0
淘宝店铺	tbdp	简单鹤		0		0	0	0	0
太不懂事	tbdu	简单鹤		0		0	0	0	0
填饱肚子	tbdz	简单鹤		0		0	0	0	0
特别规定	tbgd	简单鹤		0		0	0	0	0
跳不过去	tbgq	简单鹤		0		0	0	0	0
同步更新	tbgx	简单鹤		0		0	0	0	0
特别高兴	tbgx	简单鹤		0		0	0	0	0
特别好看	tbhk	简单鹤		0		0	0	0	0
特别好评	tbhp	简单鹤		0		0	0	0	0
投畀豺虎	tbih	简单鹤		1		0	0	0	0
替补出场	tbii	简单鹤		0		0	0	0	0
听不出来	tbil	简单鹤		0		0	0	0	0
逃不出来	tbil	简单鹤		0		0	0	0	0
逃不出去	tbiq	简单鹤		0		0	0	0	0
腾不出手	tbiu	简单鹤		0		0	0	0	0
替补出战	tbiv	简单鹤		0		0	0	0	0
他不觉得	tbjd	简单鹤		0		0	0	0	0
坦白交代	tbjd	简单鹤		0		0	0	0	0
太不讲究	tbjj	简单鹤		0		0	0	0	0
特别讲究	tbjj	简单鹤		0		0	0	0	0
同胞姐妹	tbjm	简单鹤		0		0	0	0	0
特别节目	tbjm	简单鹤		0		0	0	0	0
听不进去	tbjq	简单鹤		0		0	0	0	0
投标竞争	tbjv	简单鹤		0		0	0	0	0
头把交椅	tbjy	简单鹤		0		0	0	0	0
贴补家用	tbjy	简单鹤		0		0	0	0	0
添兵减灶	tbjz	简单鹤		1		0	0	0	0
淘宝客服	tbkf	简单鹤		0		0	0	0	0
天崩开局	tbkj	简单鹤		0		0	0	0	0
填补空缺	tbkq	简单鹤		0		0	0	0	0
脱不开身	tbku	简单鹤		0		0	0	0	0
特别看重	tbkv	简单鹤		0		0	0	0	0
逃避劳动	tbld	简单鹤		0		0	0	0	0
砣不离秤	tbli	简单鹤		0		0	0	0	0
脱不了壳	tblk	简单鹤		0		0	0	0	0
淘宝联盟	tblm	简单鹤		0		0	0	0	0
脱不了身	tblu	简单鹤		0		0	0	0	0
徒步旅行	tblx	简单鹤		0		0	0	0	0
徒步旅游	tbly	简单鹤		0		0	0	0	0
淘宝买家	tbmj	简单鹤		0		0	0	0	0
淘宝卖家	tbmj	简单鹤		0		0	0	0	0
特别鸣谢	tbmx	简单鹤		0		0	0	0	0
特别难受	tbnu	简单鹤		0		0	0	0	0
他不确定	tbqd	简单鹤		0		0	0	0	0
听不清楚	tbqi	简单鹤		0		0	0	0	0
提不起劲	tbqj	简单鹤		0		0	0	0	0
通报情况	tbqk	简单鹤		0		0	0	0	0
抬不起头	tbqt	简单鹤		0		0	0	0	0
探本穷源	tbqy	简单鹤		1		0	0	0	0
替补球员	tbqy	简单鹤		0		0	0	0	0
倘不如此	tbrc	简单鹤		0		0	0	0	0
太不容易	tbry	简单鹤		0		0	0	0	0
挺不容易	tbry	简单鹤		0		0	0	0	0
特别容易	tbry	简单鹤		0		0	0	0	0
听不太懂	tbtd	简单鹤		0		0	0	0	0
妥不妥当	tbtd	简单鹤		0		0	0	0	0
同比提高	tbtg	简单鹤		0		0	0	0	0
太变态了	tbtl	简单鹤		0		0	0	0	0
听不太清	tbtq	简单鹤		0		0	0	0	0
停杯投箸	tbtv	简单鹤		0		0	0	0	0
同班同学	tbtx	简单鹤		0		0	0	0	0
同不同意	tbty	简单鹤		0		0	0	0	0
谈不上好	tbuh	简单鹤		0		0	0	0	0
替补上场	tbui	简单鹤		0		0	0	0	0
淘宝商城	tbui	简单鹤		0		0	0	0	0
特别声明	tbum	简单鹤		0		0	0	0	0
铁板神数	tbuu	简单鹤		0		0	0	0	0
天不生我	tbuw	简单鹤		0		0	0	0	0
特别是在	tbuz	简单鹤		0		0	0	0	0
头部主播	tbvb	简单鹤		0		0	0	0	0
特别之处	tbvi	简单鹤		0		0	0	0	0
鲐背之年	tbvn	简单鹤		0		0	0	0	0
同步助手	tbvu	简单鹤		0		0	0	0	0
填报志愿	tbvy	简单鹤		0		0	0	0	0
特别注意	tbvy	简单鹤		0		0	0	0	0
特别重要	tbvy	简单鹤		0		0	0	0	0
同步完成	tbwi	简单鹤		0		0	0	0	0
特别效果	tbxg	简单鹤		0		0	0	0	0
特别喜欢	tbxh	简单鹤		0		0	0	0	0
同比下降	tbxj	简单鹤		0		0	0	0	0
停不下来	tbxl	简单鹤		0		0	0	0	0
他不希望	tbxw	简单鹤		0		0	0	0	0
太不小心	tbxx	简单鹤		0		0	0	0	0
太不像样	tbxy	简单鹤		0		0	0	0	0
特别需要	tbxy	简单鹤		0		0	0	0	0
特别小组	tbxz	简单鹤		0		0	0	0	0
通臂猿猴	tbyh	简单鹤		0		0	0	0	0
同病异治	tbyv	简单鹤		0		0	0	0	0
特别影响	tbyx	简单鹤		0		0	0	0	0
太不一样	tbyy	简单鹤		0		0	0	0	0
铁板鱿鱼	tbyy	简单鹤		0		0	0	0	0
同比增长	tbzi	简单鹤		0		0	0	0	0
同比增加	tbzj	简单鹤		0		0	0	0	0
逃避责任	tbzr	简单鹤		0		0	0	0	0
逃避罪责	tbzz	简单鹤		0		0	0	0	0
天材地宝	tcdb	简单鹤		0		0	0	0	0
天残地缺	tcdq	简单鹤		0		0	0	0	0
题材广泛	tcgf	简单鹤		0		0	0	0	0
调仓换股	tchg	简单鹤		0		0	0	0	0
糖醋里脊	tclj	简单鹤		0		0	0	0	0
图层蒙版	tcmb	简单鹤		0		0	0	0	0
糖醋排骨	tcpg	简单鹤		0		0	0	0	0
天蚕土豆	tctd	简单鹤		0		0	0	0	0
特此声明	tcum	简单鹤		0		0	0	0	0
天才少年	tcun	简单鹤		0		0	0	0	0
特此证明	tcvm	简单鹤		0		0	0	0	0
题材新颖	tcxy	简单鹤		0		0	0	0	0
吐槽一句	tcyj	简单鹤		0		0	0	0	0
特大暴雨	tdby	简单鹤		0		0	0	0	0
头都大了	tddl	简单鹤		0		0	0	0	0
提灯定损	tdds	简单鹤		0		0	0	0	0
天地大同	tddt	简单鹤		0		0	0	0	0
态度恶劣	tdel	简单鹤		0		0	0	0	0
甜到发齁	tdfh	简单鹤		0		0	0	0	0
贴地飞行	tdfx	简单鹤		0		0	0	0	0
台独分子	tdfz	简单鹤		0		0	0	0	0
土地公公	tdgg	简单鹤		0		0	0	0	0
痛断肝肠	tdgi	简单鹤		0		0	0	0	0
态度和蔼	tdha	简单鹤		0		0	0	0	0
态度很好	tdhh	简单鹤		0		0	0	0	0
态度很差	tdhi	简单鹤		0		0	0	0	0
特定环境	tdhj	简单鹤		0		0	0	0	0
太当回事	tdhu	简单鹤		0		0	0	0	0
天妒红颜	tdhy	简单鹤		0		0	0	0	0
团队合作	tdhz	简单鹤		0		0	0	0	0
土地承包	tdib	简单鹤		0		0	0	0	0
听得出来	tdil	简单鹤		0		0	0	0	0
土地出让	tdir	简单鹤		0		0	0	0	0
特大城市	tdiu	简单鹤		0		0	0	0	0
团队竞技	tdjj	简单鹤		0		0	0	0	0
态度坚决	tdjj	简单鹤		0		0	0	0	0
团队经理	tdjl	简单鹤		0		0	0	0	0
土地开发	tdkf	简单鹤		0		0	0	0	0
天地可鉴	tdkj	简单鹤		0		0	0	0	0
太对了哥	tdlg	简单鹤		0		0	0	0	0
天打雷轰	tdlh	简单鹤		0		0	0	0	0
头顶冒汗	tdmh	简单鹤		0		0	0	0	0
太倒霉了	tdml	简单鹤		0		0	0	0	0
土地买卖	tdmm	简单鹤		0		0	0	0	0
态度明确	tdmq	简单鹤		0		0	0	0	0
听到没有	tdmy	简单鹤		0		0	0	0	0
团队配合	tdph	简单鹤		0		0	0	0	0
托毒排脓	tdpn	简单鹤		0		0	0	0	0
土地批租	tdpz	简单鹤		0		0	0	0	0
舔犊情深	tdqu	简单鹤		0		0	0	0	0
态度强硬	tdqy	简单鹤		0		0	0	0	0
坦荡如砥	tdrd	简单鹤		0		0	0	0	0
特定人群	tdrq	简单鹤		0		0	0	0	0
太嘚瑟了	tdsl	简单鹤		0		0	0	0	0
挺大岁数	tdsu	简单鹤		0		0	0	0	0
踢到铁板	tdtb	简单鹤		0		0	0	0	0
太多太多	tdtd	简单鹤		0		0	0	0	0
天地同寿	tdtu	简单鹤		0		0	0	0	0
荼毒生灵	tdul	简单鹤		1		0	0	0	0
土地审批	tdup	简单鹤		0		0	0	0	0
态度生硬	tduy	简单鹤		0		0	0	0	0
听党指挥	tdvh	简单鹤		0		0	0	0	0
天地之间	tdvj	简单鹤		0		0	0	0	0
听得真切	tdvq	简单鹤		0		0	0	0	0
土地转让	tdvr	简单鹤		0		0	0	0	0
听懂掌声	tdvu	简单鹤		0		0	0	0	0
同等重要	tdvy	简单鹤		0		0	0	0	0
头大无比	tdwb	简单鹤		0		0	0	0	0
团队文化	tdwh	简单鹤		0		0	0	0	0
天地为证	tdwv	简单鹤		0		0	0	0	0
天地玄黄	tdxh	简单鹤		0		0	0	0	0
恬淡虚无	tdxw	简单鹤		0		0	0	0	0
特大喜讯	tdxx	简单鹤		0		0	0	0	0
团队协作	tdxz	简单鹤		0		0	0	0	0
他大爷的	tdyd	简单鹤		0		0	0	0	0
痛打一顿	tdyd	简单鹤		0		0	0	0	0
天地银行	tdyh	简单鹤		0		0	0	0	0
调大音量	tdyl	简单鹤		0		0	0	0	0
疼得要命	tdym	简单鹤		0		0	0	0	0
疼得要死	tdys	简单鹤		0		0	0	0	0
太大影响	tdyx	简单鹤		0		0	0	0	0
天地造化	tdzh	简单鹤		0		0	0	0	0
添丁增口	tdzk	简单鹤		0		0	0	0	0
土地资源	tdzy	简单鹤		0		0	0	0	0
痛而不言	teby	简单鹤		0		0	0	0	0
胎儿发育	tefy	简单鹤		0		0	0	0	0
同恶相助	texv	简单鹤		1		0	0	0	0
挺而走险	tezx	简单鹤		1		0	0	0	0
挺方便的	tfbd	简单鹤		0		0	0	0	0
特发此状	tfcv	简单鹤		0		0	0	0	0
特发此证	tfcv	简单鹤		0		0	0	0	0
投反对票	tfdp	简单鹤		0		0	0	0	0
突发恶疾	tfej	简单鹤		0		0	0	0	0
推翻重来	tfil	简单鹤		0		0	0	0	0
徒费唇舌	tfiu	简单鹤		1		0	0	0	0
天赋出众	tfiv	简单鹤		0		0	0	0	0
突发疾病	tfjb	简单鹤		0		0	0	0	0
统分结合	tfjh	简单鹤		0		0	0	0	0
天赋觉醒	tfjx	简单鹤		0		0	0	0	0
图费口舌	tfku	简单鹤		0		0	0	0	0
托福考试	tfku	简单鹤		0		0	0	0	0
通风良好	tflh	简单鹤		0		0	0	0	0
掏粪男孩	tfnh	简单鹤		0		0	0	0	0
突发情况	tfqk	简单鹤		0		0	0	0	0
天赋权利	tfql	简单鹤		0		0	0	0	0
突发奇想	tfqx	简单鹤		0		0	0	0	0
天赋人权	tfrq	简单鹤		0		0	0	0	0
通风条件	tftj	简单鹤		0		0	0	0	0
同父同母	tftm	简单鹤		0		0	0	0	0
投放市场	tfui	简单鹤		0		0	0	0	0
听风是雨	tfuy	简单鹤		0		0	0	0	0
突发状况	tfvk	简单鹤		0		0	0	0	0
托付终生	tfvu	简单鹤		0		0	0	0	0
托付终身	tfvu	简单鹤		0		0	0	0	0
徒费心神	tfxu	简单鹤		0		0	0	0	0
剃发易服	tfyf	简单鹤		0		0	0	0	0
同分异构	tfyg	简单鹤		0		0	0	0	0
通关存档	tgcd	简单鹤		0		0	0	0	0
提供参考	tgck	简单鹤		0		0	0	0	0
天罡地煞	tgdu	简单鹤		0		0	0	0	0
踏歌而去	tgeq	简单鹤		0		0	0	0	0
踏歌而行	tgex	简单鹤		0		0	0	0	0
提供方便	tgfb	简单鹤		0		0	0	0	0
提高幅度	tgfd	简单鹤		0		0	0	0	0
通过付款	tgfk	简单鹤		0		0	0	0	0
太过分了	tgfl	简单鹤		0		0	0	0	0
铁杆粉丝	tgfs	简单鹤		0		0	0	0	0
推广方式	tgfu	简单鹤		0		0	0	0	0
提供服务	tgfw	简单鹤		0		0	0	0	0
讨个公道	tggd	简单鹤		0		0	0	0	0
跳过广告	tggg	简单鹤		0		0	0	0	0
托古改制	tggv	简单鹤		0		0	0	0	0
退耕还牧	tghm	简单鹤		0		0	0	0	0
提供产品	tgip	简单鹤		0		0	0	0	0
体格检查	tgji	简单鹤		0		0	0	0	0
探个究竟	tgjj	简单鹤		0		0	0	0	0
提高技术	tgju	简单鹤		0		0	0	0	0
通过决议	tgjy	简单鹤		0		0	0	0	0
图个乐子	tglz	简单鹤		0		0	0	0	0
贪功冒进	tgmj	简单鹤		0		0	0	0	0
提高能力	tgnl	简单鹤		0		0	0	0	0
通过努力	tgnl	简单鹤		0		0	0	0	0
通过评估	tgpg	简单鹤		0		0	0	0	0
提供平台	tgpt	简单鹤		0		0	0	0	0
通观全局	tgqj	简单鹤		0		0	0	0	0
痛贯天灵	tgtl	简单鹤		0		0	0	0	0
讨个说法	tguf	简单鹤		0		0	0	0	0
听歌识曲	tguq	简单鹤		0		0	0	0	0
通过申请	tguq	简单鹤		0		0	0	0	0
同归殊途	tgut	简单鹤		1		0	0	0	0
天狗食月	tguy	简单鹤		0		0	0	0	0
铁棍山药	tguy	简单鹤		0		0	0	0	0
体感温度	tgwd	简单鹤		0		0	0	0	0
通关文牒	tgwd	简单鹤		0		0	0	0	0
太感谢了	tgxl	简单鹤		0		0	0	0	0
提高性能	tgxn	简单鹤		0		0	0	0	0
挺感兴趣	tgxq	简单鹤		0		0	0	0	0
提供线索	tgxs	简单鹤		0		0	0	0	0
通过学习	tgxx	简单鹤		0		0	0	0	0
体感游戏	tgyx	简单鹤		0		0	0	0	0
提供资金	tgzj	简单鹤		0		0	0	0	0
体会不出	thbi	简单鹤		0		0	0	0	0
体会到了	thdl	简单鹤		0		0	0	0	0
头号敌人	thdr	简单鹤		0		0	0	0	0
天回地转	thdv	简单鹤		0		0	0	0	0
童话大王	thdw	简单鹤		0		0	0	0	0
听候发落	thfl	简单鹤		0		0	0	0	0
桃花夫人	thfr	简单鹤		0		0	0	0	0
头号粉丝	thfs	简单鹤		0		0	0	0	0
头号公敌	thgd	简单鹤		0		0	0	0	0
讨回公道	thgd	简单鹤		0		0	0	0	0
偷换概念	thgn	简单鹤		0		0	0	0	0
天潢贵胄	thgv	简单鹤		1		0	0	0	0
太好喝了	thhl	简单鹤		0		0	0	0	0
通话号码	thhm	简单鹤		0		0	0	0	0
汰换合同	thht	简单鹤		0		0	0	0	0
挺好吃的	thid	简单鹤		0		0	0	0	0
同化成功	thig	简单鹤		0		0	0	0	0
退货成功	thig	简单鹤		0		0	0	0	0
太好吃了	thil	简单鹤		0		0	0	0	0
同行衬托	thit	简单鹤		0		0	0	0	0
通话记录	thjl	简单鹤		0		0	0	0	0
挺好看的	thkd	简单鹤		0		0	0	0	0
天胡开局	thkj	简单鹤		0		0	0	0	0
太好看了	thkl	简单鹤		0		0	0	0	0
挑花了眼	thly	简单鹤		0		0	0	0	0
通话录音	thly	简单鹤		0		0	0	0	0
天皇老子	thlz	简单鹤		0		0	0	0	0
讨好卖乖	thmg	简单鹤		0		0	0	0	0
铁汉柔情	thrq	简单鹤		0		0	0	0	0
头号人物	thrw	简单鹤		0		0	0	0	0
痰火扰心	thrx	简单鹤		0		0	0	0	0
痛何如哉	thrz	简单鹤		0		0	0	0	0
挺好听的	thtd	简单鹤		0		0	0	0	0
退货退款	thtk	简单鹤		0		0	0	0	0
太好听了	thtl	简单鹤		0		0	0	0	0
拖后腿了	thtl	简单鹤		0		0	0	0	0
听话听音	thty	简单鹤		0		0	0	0	0
天黑之前	thvq	简单鹤		0		0	0	0	0
挺好玩的	thwd	简单鹤		0		0	0	0	0
头号玩家	thwj	简单鹤		0		0	0	0	0
太好玩了	thwl	简单鹤		0		0	0	0	0
停火协议	thxy	简单鹤		0		0	0	0	0
挺好用的	thyd	简单鹤		0		0	0	0	0
太好用了	thyl	简单鹤		0		0	0	0	0
调和营卫	thyw	简单鹤		0		0	0	0	0
体会一下	thyx	简单鹤		0		0	0	0	0
天珩字库	thzk	简单鹤		0		0	0	0	0
同化作用	thzy	简单鹤		0		0	0	0	0
坦诚布公	tibg	简单鹤		0		0	0	0	0
太长不看	tibk	简单鹤		0		0	0	0	0
通常不是	tibu	简单鹤		0		0	0	0	0
突出表现	tibx	简单鹤		0		0	0	0	0
通常都会	tidh	简单鹤		0		0	0	0	0
退出登录	tidl	简单鹤		0		0	0	0	0
退出登陆	tidl	简单鹤		0		0	0	0	0
统筹发展	tifv	简单鹤		0		0	0	0	0
同城服务	tifw	简单鹤		0		0	0	0	0
调查发现	tifx	简单鹤		0		0	0	0	0
退出重进	tiij	简单鹤		0		0	0	0	0
铁杵成针	tiiv	简单鹤		1		0	0	0	0
退出江湖	tijh	简单鹤		0		0	0	0	0
提出看法	tikf	简单鹤		0		0	0	0	0
提出控告	tikg	简单鹤		0		0	0	0	0
腾出空间	tikj	简单鹤		0		0	0	0	0
突出困难	tikn	简单鹤		0		0	0	0	0
腾出空位	tikw	简单鹤		0		0	0	0	0
提出抗议	tiky	简单鹤		0		0	0	0	0
弹窗拦截	tilj	简单鹤		0		0	0	0	0
通常来讲	tilj	简单鹤		0		0	0	0	0
退出历史	tilu	简单鹤		0		0	0	0	0
通常来说	tilu	简单鹤		0		0	0	0	0
挑出毛病	timb	简单鹤		0		0	0	0	0
突出矛盾	timd	简单鹤		0		0	0	0	0
调查摸底	timd	简单鹤		0		0	0	0	0
体察民情	timq	简单鹤		0		0	0	0	0
提出赔偿	tipi	简单鹤		0		0	0	0	0
提出批评	tipp	简单鹤		0		0	0	0	0
脱产培训	tipx	简单鹤		0		0	0	0	0
踢出群聊	tiql	简单鹤		0		0	0	0	0
退出群聊	tiql	简单鹤		0		0	0	0	0
提出条件	titj	简单鹤		0		0	0	0	0
探出头来	titl	简单鹤		0		0	0	0	0
同吃同住	titv	简单鹤		0		0	0	0	0
突出体现	titx	简单鹤		0		0	0	0	0
天朝上国	tiug	简单鹤		0		0	0	0	0
太长时间	tiuj	简单鹤		0		0	0	0	0
挺长时间	tiuj	简单鹤		0		0	0	0	0
腾出时间	tiuj	简单鹤		0		0	0	0	0
腾出手来	tiul	简单鹤		0		0	0	0	0
天朝上品	tiup	简单鹤		0		0	0	0	0
提出申请	tiuq	简单鹤		0		0	0	0	0
逃出生天	tiut	简单鹤		0		0	0	0	0
通常是指	tiuv	简单鹤		0		0	0	0	0
突出重点	tivd	简单鹤		0		0	0	0	0
突出主题	tivt	简单鹤		0		0	0	0	0
突出重围	tivw	简单鹤		0		0	0	0	0
提出问题	tiwt	简单鹤		0		0	0	0	0
突出问题	tiwt	简单鹤		0		0	0	0	0
停车位置	tiwv	简单鹤		0		0	0	0	0
腾出位置	tiwv	简单鹤		0		0	0	0	0
提出需求	tixq	简单鹤		0		0	0	0	0
统筹协调	tixt	简单鹤		0		0	0	0	0
调查小组	tixz	简单鹤		0		0	0	0	0
踏出一步	tiyb	简单鹤		0		0	0	0	0
提出意见	tiyj	简单鹤		0		0	0	0	0
推出一款	tiyk	简单鹤		0		0	0	0	0
汤臣一品	tiyp	简单鹤		0		0	0	0	0
提出要求	tiyq	简单鹤		0		0	0	0	0
推迟一天	tiyt	简单鹤		0		0	0	0	0
同处一室	tiyu	简单鹤		0		0	0	0	0
退出游戏	tiyx	简单鹤		0		0	0	0	0
提出异议	tiyy	简单鹤		0		0	0	0	0
同城自提	tizt	简单鹤		0		0	0	0	0
统计报表	tjbb	简单鹤		0		0	0	0	0
突击步枪	tjbq	简单鹤		0		0	0	0	0
田径比赛	tjbs	简单鹤		0		0	0	0	0
特技表演	tjby	简单鹤		0		0	0	0	0
突击测试	tjcu	简单鹤		0		0	0	0	0
统计错误	tjcw	简单鹤		0		0	0	0	0
团结带领	tjdl	简单鹤		0		0	0	0	0
太简单了	tjdl	简单鹤		0		0	0	0	0
田间地头	tjdt	简单鹤		0		0	0	0	0
特级大师	tjdu	简单鹤		0		0	0	0	0
团结奋斗	tjfd	简单鹤		0		0	0	0	0
统计方法	tjff	简单鹤		0		0	0	0	0
跳狙飞人	tjfr	简单鹤		0		0	0	0	0
厅级干部	tjgb	简单鹤		0		0	0	0	0
条件格式	tjgu	简单鹤		0		0	0	0	0
条件很差	tjhi	简单鹤		0		0	0	0	0
推荐好友	tjhy	简单鹤		0		0	0	0	0
统计结果	tjjg	简单鹤		0		0	0	0	0
突击检查	tjji	简单鹤		0		0	0	0	0
推荐机制	tjjv	简单鹤		0		0	0	0	0
调节机制	tjjv	简单鹤		0		0	0	0	0
推己及物	tjjw	简单鹤		1		0	0	0	0
梯级开发	tjkf	简单鹤		0		0	0	0	0
条件苛刻	tjkk	简单鹤		0		0	0	0	0
谈今论古	tjlg	简单鹤		1		0	0	0	0
听见了吗	tjlm	简单鹤		0		0	0	0	0
推荐名额	tjme	简单鹤		0		0	0	0	0
推荐免试	tjmu	简单鹤		0		0	0	0	0
推进民主	tjmv	简单鹤		0		0	0	0	0
统计年报	tjnb	简单鹤		0		0	0	0	0
统计年鉴	tjnj	简单鹤		0		0	0	0	0
同居女友	tjny	简单鹤		0		0	0	0	0
同居男友	tjny	简单鹤		0		0	0	0	0
团结拼搏	tjpb	简单鹤		0		0	0	0	0
天纪排盘	tjpp	简单鹤		0		0	0	0	0
推荐品牌	tjpp	简单鹤		0		0	0	0	0
天将破晓	tjpx	简单鹤		0		0	0	0	0
推荐朋友	tjpy	简单鹤		0		0	0	0	0
听进去了	tjql	简单鹤		0		0	0	0	0
团结起来	tjql	简单鹤		0		0	0	0	0
团结群众	tjqv	简单鹤		0		0	0	0	0
提交日期	tjrq	简单鹤		0		0	0	0	0
条件如下	tjrx	简单鹤		0		0	0	0	0
统计人员	tjry	简单鹤		0		0	0	0	0
唐家三少	tjsu	简单鹤		0		0	0	0	0
条件所限	tjsx	简单鹤		0		0	0	0	0
退居三线	tjsx	简单鹤		0		0	0	0	0
铜浇铁铸	tjtv	简单鹤		1		0	0	0	0
突击提问	tjtw	简单鹤		0		0	0	0	0
统计特性	tjtx	简单鹤		0		0	0	0	0
团结统一	tjty	简单鹤		0		0	0	0	0
太谨慎了	tjul	简单鹤		0		0	0	0	0
提交事务	tjuw	简单鹤		0		0	0	0	0
碳基生物	tjuw	简单鹤		0		0	0	0	0
推荐使用	tjuy	简单鹤		0		0	0	0	0
他就知道	tjvd	简单鹤		0		0	0	0	0
她就知道	tjvd	简单鹤		0		0	0	0	0
天假之年	tjvn	简单鹤		1		0	0	0	0
天降正义	tjvy	简单鹤		0		0	0	0	0
土鸡瓦狗	tjwg	简单鹤		1		0	0	0	0
停机维护	tjwh	简单鹤		0		0	0	0	0
铁甲小宝	tjxb	简单鹤		0		0	0	0	0
田间小道	tjxd	简单鹤		0		0	0	0	0
条件限制	tjxv	简单鹤		0		0	0	0	0
推荐一款	tjyk	简单鹤		0		0	0	0	0
胎教音乐	tjyl	简单鹤		0		0	0	0	0
调节音量	tjyl	简单鹤		0		0	0	0	0
脱缰野马	tjym	简单鹤		0		0	0	0	0
条件有限	tjyx	简单鹤		0		0	0	0	0
条件优越	tjyy	简单鹤		0		0	0	0	0
统计意义	tjyy	简单鹤		0		0	0	0	0
太可爱了	tkal	简单鹤		0		0	0	0	0
痛苦不堪	tkbk	简单鹤		0		0	0	0	0
太恐怖了	tkbl	简单鹤		0		0	0	0	0
填空补缺	tkbq	简单鹤		0		0	0	0	0
太空电梯	tkdt	简单鹤		0		0	0	0	0
瞳孔地震	tkdv	简单鹤		0		0	0	0	0
瞳孔放大	tkfd	简单鹤		0		0	0	0	0
讨口饭吃	tkfi	简单鹤		0		0	0	0	0
腾空飞脚	tkfj	简单鹤		0		0	0	0	0
腿控福利	tkfl	简单鹤		0		0	0	0	0
太空歌剧	tkgj	简单鹤		0		0	0	0	0
太空海盗	tkhd	简单鹤		0		0	0	0	0
太可怜了	tkll	简单鹤		0		0	0	0	0
摊开来说	tklu	简单鹤		0		0	0	0	0
太空旅行	tklx	简单鹤		0		0	0	0	0
拓宽领域	tkly	简单鹤		0		0	0	0	0
太空漫步	tkmb	简单鹤		0		0	0	0	0
痛苦面具	tkmj	简单鹤		0		0	0	0	0
痛苦难耐	tknn	简单鹤		0		0	0	0	0
条款内容	tknr	简单鹤		0		0	0	0	0
太可怕了	tkpl	简单鹤		0		0	0	0	0
太可怕啦	tkpl	简单鹤		0		0	0	0	0
体亏屁思	tkps	简单鹤		0		0	0	0	0
掏空钱包	tkqb	简单鹤		0		0	0	0	0
拓宽渠道	tkqd	简单鹤		0		0	0	0	0
太客气了	tkql	简单鹤		0		0	0	0	0
拓宽思路	tksl	简单鹤		0		0	0	0	0
铁口神断	tkud	简单鹤		0		0	0	0	0
坦克世界	tkuj	简单鹤		0		0	0	0	0
退款说明	tkum	简单鹤		0		0	0	0	0
太空史诗	tkuu	简单鹤		0		0	0	0	0
铁口直断	tkvd	简单鹤		0		0	0	0	0
痛苦万分	tkwf	简单鹤		0		0	0	0	0
瞳孔微缩	tkws	简单鹤		0		0	0	0	0
痛哭一场	tkyi	简单鹤		0		0	0	0	0
偷窥隐私	tkys	简单鹤		0		0	0	0	0
偷来暗去	tlaq	简单鹤		0		0	0	0	0
土了吧唧	tlbj	简单鹤		0		0	0	0	0
条理不清	tlbq	简单鹤		0		0	0	0	0
听了半天	tlbt	简单鹤		0		0	0	0	0
体力不支	tlbv	简单鹤		0		0	0	0	0
听力测试	tlcu	简单鹤		0		0	0	0	0
图灵测试	tlcu	简单鹤		0		0	0	0	0
坦率地讲	tldj	简单鹤		0		0	0	0	0
泰勒定理	tldl	简单鹤		0		0	0	0	0
透露风声	tlfu	简单鹤		0		0	0	0	0
秃噜反账	tlfv	简单鹤		0		0	0	0	0
秃撸反账	tlfv	简单鹤		0		0	0	0	0
讨论范围	tlfw	简单鹤		0		0	0	0	0
铁路公安	tlga	简单鹤		0		0	0	0	0
天雷滚滚	tlgg	简单鹤		0		0	0	0	0
铁路工程	tlgi	简单鹤		0		0	0	0	0
脱离关系	tlgx	简单鹤		0		0	0	0	0
太厉害了	tlhl	简单鹤		0		0	0	0	0
太厉害啦	tlhl	简单鹤		0		0	0	0	0
拖了后腿	tlht	简单鹤		0		0	0	0	0
讨论话题	tlht	简单鹤		0		0	0	0	0
讨论会上	tlhu	简单鹤		0		0	0	0	0
天理何在	tlhz	简单鹤		0		0	0	0	0
跳脸嘲讽	tlif	简单鹤		0		0	0	0	0
同类产品	tlip	简单鹤		0		0	0	0	0
逃了出去	tliq	简单鹤		0		0	0	0	0
屯粮积草	tljc	简单鹤		1		0	0	0	0
讨论决定	tljd	简单鹤		0		0	0	0	0
通令嘉奖	tljj	简单鹤		0		0	0	0	0
太垃圾了	tljl	简单鹤		0		0	0	0	0
涕泪交零	tljl	简单鹤		1		0	0	0	0
铁路交通	tljt	简单鹤		0		0	0	0	0
铁路建设	tlju	简单鹤		0		0	0	0	0
铁路口岸	tlka	简单鹤		0		0	0	0	0
同理可得	tlkd	简单鹤		0		0	0	0	0
贴脸开大	tlkd	简单鹤		0		0	0	0	0
脱离苦海	tlkh	简单鹤		0		0	0	0	0
脱离困境	tlkj	简单鹤		0		0	0	0	0
叹了口气	tlkq	简单鹤		0		0	0	0	0
吐了口气	tlkq	简单鹤		0		0	0	0	0
贴脸空枪	tlkq	简单鹤		0		0	0	0	0
特兰克斯	tlks	简单鹤		0		0	0	0	0
听力考试	tlku	简单鹤		0		0	0	0	0
铁路旅客	tllk	简单鹤		0		0	0	0	0
天伦乐事	tllu	简单鹤		0		0	0	0	0
捅了老窝	tllw	简单鹤		0		0	0	0	0
太离谱了	tlpl	简单鹤		0		0	0	0	0
秃噜皮了	tlpl	简单鹤		0		0	0	0	0
抬了起来	tlql	简单鹤		0		0	0	0	0
跳了起来	tlql	简单鹤		0		0	0	0	0
条理清晰	tlqx	简单鹤		0		0	0	0	0
铁律如山	tlru	简单鹤		0		0	0	0	0
同龄人中	tlrv	简单鹤		0		0	0	0	0
天理人心	tlrx	简单鹤		0		0	0	0	0
泰拉瑞亚	tlry	简单鹤		0		0	0	0	0
讨论通过	tltg	简单鹤		0		0	0	0	0
讨论探究	tltj	简单鹤		0		0	0	0	0
讨论讨论	tltl	简单鹤		0		0	0	0	0
挑了挑眉	tltm	简单鹤		0		0	0	0	0
摊了摊手	tltu	简单鹤		0		0	0	0	0
同龄退休	tltx	简单鹤		0		0	0	0	0
铁路投资	tltz	简单鹤		0		0	0	0	0
脱离生活	tluh	简单鹤		0		0	0	0	0
透露实情	tluq	简单鹤		0		0	0	0	0
同卵双生	tluu	简单鹤		0		0	0	0	0
听力障碍	tlva	简单鹤		0		0	0	0	0
套路直播	tlvb	简单鹤		0		0	0	0	0
脱离战局	tlvj	简单鹤		0		0	0	0	0
泰勒展开	tlvk	简单鹤		0		0	0	0	0
吐露真情	tlvq	简单鹤		0		0	0	0	0
天籁之声	tlvu	简单鹤		0		0	0	0	0
天理昭彰	tlvv	简单鹤		1		0	0	0	0
倘来之物	tlvw	简单鹤		1		0	0	0	0
天籁之音	tlvy	简单鹤		0		0	0	0	0
徒劳往返	tlwf	简单鹤		1		0	0	0	0
讨论问题	tlwt	简单鹤		0		0	0	0	0
脱离危险	tlwx	简单鹤		0		0	0	0	0
脱落细胞	tlxb	简单鹤		0		0	0	0	0
袒露心扉	tlxf	简单鹤		0		0	0	0	0
体力消耗	tlxh	简单鹤		0		0	0	0	0
逃离现场	tlxi	简单鹤		0		0	0	0	0
脱离险境	tlxj	简单鹤		0		0	0	0	0
停了下来	tlxl	简单鹤		0		0	0	0	0
铁路项目	tlxm	简单鹤		0		0	0	0	0
同力协契	tlxq	简单鹤		1		0	0	0	0
退了下去	tlxq	简单鹤		0		0	0	0	0
铁路系统	tlxt	简单鹤		0		0	0	0	0
吐露心声	tlxu	简单鹤		0		0	0	0	0
脱离现实	tlxu	简单鹤		0		0	0	0	0
袒露心声	tlxu	简单鹤		0		0	0	0	0
通力协作	tlxz	简单鹤		0		0	0	0	0
徒留遗憾	tlyh	简单鹤		0		0	0	0	0
讨论研究	tlyj	简单鹤		0		0	0	0	0
叹了一声	tlyu	简单鹤		0		0	0	0	0
通辽宇宙	tlyv	简单鹤		0		0	0	0	0
讨论一下	tlyx	简单鹤		0		0	0	0	0
铁路沿线	tlyx	简单鹤		0		0	0	0	0
推拉摇移	tlyy	简单鹤		0		0	0	0	0
跳楼自杀	tlzu	简单鹤		0		0	0	0	0
甜蜜爱情	tmaq	简单鹤		0		0	0	0	0
他妈逼的	tmbd	简单鹤		0		0	0	0	0
听明白了	tmbl	简单鹤		0		0	0	0	0
推门而入	tmer	简单鹤		0		0	0	0	0
挺麻烦的	tmfd	简单鹤		0		0	0	0	0
太麻烦了	tmfl	简单鹤		0		0	0	0	0
添麻烦了	tmfl	简单鹤		0		0	0	0	0
唾沫横飞	tmhf	简单鹤		0		0	0	0	0
探明储量	tmil	简单鹤		0		0	0	0	0
他们觉得	tmjd	简单鹤		0		0	0	0	0
拖慢进度	tmjd	简单鹤		0		0	0	0	0
透明胶带	tmjd	简单鹤		0		0	0	0	0
土木结构	tmjg	简单鹤		0		0	0	0	0
透明窟窿	tmkl	简单鹤		0		0	0	0	0
太没良心	tmlx	简单鹤		0		0	0	0	0
脱敏练习	tmlx	简单鹤		0		0	0	0	0
天猫魔盒	tmmh	简单鹤		0		0	0	0	0
他们没有	tmmy	简单鹤		0		0	0	0	0
天命难违	tmnw	简单鹤		0		0	0	0	0
他们认为	tmrw	简单鹤		0		0	0	0	0
提名人选	tmrx	简单鹤		0		0	0	0	0
听没听过	tmtg	简单鹤		0		0	0	0	0
通明透亮	tmtl	简单鹤		0		0	0	0	0
体貌特征	tmtv	简单鹤		0		0	0	0	0
同名同姓	tmtx	简单鹤		0		0	0	0	0
他们说过	tmug	简单鹤		0		0	0	0	0
甜蜜双排	tmup	简单鹤		0		0	0	0	0
同门师兄	tmux	简单鹤		0		0	0	0	0
她们知道	tmvd	简单鹤		0		0	0	0	0
他们之间	tmvj	简单鹤		0		0	0	0	0
同名专辑	tmvj	简单鹤		0		0	0	0	0
脱帽致敬	tmvj	简单鹤		0		0	0	0	0
天命之年	tmvn	简单鹤		0		0	0	0	0
天命昭昭	tmvv	简单鹤		0		0	0	0	0
天命之子	tmvz	简单鹤		0		0	0	0	0
脱敏训练	tmxl	简单鹤		0		0	0	0	0
贪慕虚荣	tmxr	简单鹤		0		0	0	0	0
同名小说	tmxu	简单鹤		0		0	0	0	0
听命行事	tmxu	简单鹤		0		0	0	0	0
唾沫星子	tmxz	简单鹤		0		0	0	0	0
同码一行	tmyx	简单鹤		0		0	0	0	0
他们自己	tmzj	简单鹤		0		0	0	0	0
她们自己	tmzj	简单鹤		0		0	0	0	0
太牛逼了	tnbl	简单鹤		0		0	0	0	0
头脑不清	tnbq	简单鹤		0		0	0	0	0
体能测试	tncu	简单鹤		0		0	0	0	0
童年噩梦	tnem	简单鹤		0		0	0	0	0
头脑风暴	tnfb	简单鹤		0		0	0	0	0
头脑发达	tnfd	简单鹤		0		0	0	0	0
童年回忆	tnhy	简单鹤		0		0	0	0	0
套你猴子	tnhz	简单鹤		0		0	0	0	0
体能储备	tnib	简单鹤		0		0	0	0	0
头脑简单	tnjd	简单鹤		0		0	0	0	0
头脑灵活	tnlh	简单鹤		0		0	0	0	0
托尼老师	tnlu	简单鹤		0		0	0	0	0
天怒民怨	tnmy	简单鹤		0		0	0	0	0
他奶奶的	tnnd	简单鹤		0		0	0	0	0
太年轻了	tnql	简单鹤		0		0	0	0	0
同年同日	tntr	简单鹤		0		0	0	0	0
同年同月	tnty	简单鹤		0		0	0	0	0
体内水分	tnuf	简单鹤		0		0	0	0	0
体内射精	tnuj	简单鹤		0		0	0	0	0
太那啥了	tnul	简单鹤		0		0	0	0	0
太难受了	tnul	简单鹤		0		0	0	0	0
天女下凡	tnxf	简单鹤		0		0	0	0	0
同你一起	tnyq	简单鹤		0		0	0	0	0
童年阴影	tnyy	简单鹤		0		0	0	0	0
图片保存	tpbc	简单鹤		0		0	0	0	0
图片编辑	tpbj	简单鹤		0		0	0	0	0
投票表决	tpbj	简单鹤		0		0	0	0	0
谈判代表	tpdb	简单鹤		0		0	0	0	0
贴片电阻	tpdz	简单鹤		0		0	0	0	0
头皮发麻	tpfm	简单鹤		0		0	0	0	0
头皮发炸	tpfv	简单鹤		0		0	0	0	0
突破防线	tpfx	简单鹤		0		0	0	0	0
同频共振	tpgv	简单鹤		0		0	0	0	0
套皮出道	tpid	简单鹤		0		0	0	0	0
图片成绩	tpij	简单鹤		0		0	0	0	0
投票决定	tpjd	简单鹤		0		0	0	0	0
投票结果	tpjg	简单鹤		0		0	0	0	0
逃跑计划	tpjh	简单鹤		0		0	0	0	0
特派记者	tpjv	简单鹤		0		0	0	0	0
通盘考虑	tpkl	简单鹤		0		0	0	0	0
投票开始	tpku	简单鹤		0		0	0	0	0
图片里的	tpld	简单鹤		0		0	0	0	0
挺漂亮的	tpld	简单鹤		0		0	0	0	0
太漂亮了	tpll	简单鹤		0		0	0	0	0
图片类型	tplx	简单鹤		0		0	0	0	0
逃跑路线	tplx	简单鹤		0		0	0	0	0
突破难关	tpng	简单鹤		0		0	0	0	0
头破七分	tpqf	简单鹤		0		0	0	0	0
突破天际	tptj	简单鹤		0		0	0	0	0
谈判双方	tpuf	简单鹤		0		0	0	0	0
图片下载	tpxz	简单鹤		0		0	0	0	0
太便宜了	tpyl	简单鹤		0		0	0	0	0
天蓬元帅	tpyu	简单鹤		0		0	0	0	0
提前安排	tqap	简单鹤		0		0	0	0	0
天气不错	tqbc	简单鹤		0		0	0	0	0
天气不好	tqbh	简单鹤		0		0	0	0	0
提取编码	tqbm	简单鹤		0		0	0	0	0
提前半年	tqbn	简单鹤		0		0	0	0	0
提前半天	tqbt	简单鹤		0		0	0	0	0
套期保值	tqbv	简单鹤		0		0	0	0	0
提取存款	tqck	简单鹤		0		0	0	0	0
通衢大道	tqdd	简单鹤		0		0	0	0	0
同仇敌慨	tqdk	简单鹤		1		0	0	0	0
挑起对立	tqdl	简单鹤		0		0	0	0	0
天气恶劣	tqel	简单鹤		0		0	0	0	0
提取方法	tqff	简单鹤		0		0	0	0	0
提前付款	tqfk	简单鹤		0		0	0	0	0
挺奇怪的	tqgd	简单鹤		0		0	0	0	0
太奇怪了	tqgl	简单鹤		0		0	0	0	0
头腔共鸣	tqgm	简单鹤		0		0	0	0	0
臀腔共鸣	tqgm	简单鹤		0		0	0	0	0
提起公诉	tqgs	简单鹤		0		0	0	0	0
拖欠工资	tqgz	简单鹤		0		0	0	0	0
挑起祸端	tqhd	简单鹤		0		0	0	0	0
天气很好	tqhh	简单鹤		0		0	0	0	0
天气寒冷	tqhl	简单鹤		0		0	0	0	0
天气回暖	tqhn	简单鹤		0		0	0	0	0
天气好热	tqhr	简单鹤		0		0	0	0	0
天气很热	tqhr	简单鹤		0		0	0	0	0
提取货物	tqhw	简单鹤		0		0	0	0	0
提前出发	tqif	简单鹤		0		0	0	0	0
听泉鉴宝	tqjb	简单鹤		0		0	0	0	0
提前交卷	tqjj	简单鹤		0		0	0	0	0
天气降温	tqjw	简单鹤		0		0	0	0	0
提前进组	tqjz	简单鹤		0		0	0	0	0
太巧了吧	tqlb	简单鹤		0		0	0	0	0
太强了吧	tqlb	简单鹤		0		0	0	0	0
提前来到	tqld	简单鹤		0		0	0	0	0
提前离开	tqlk	简单鹤		0		0	0	0	0
抬起了头	tqlt	简单鹤		0		0	0	0	0
抬起目光	tqmg	简单鹤		0		0	0	0	0
台前幕后	tqmh	简单鹤		0		0	0	0	0
抬起脑袋	tqnd	简单鹤		0		0	0	0	0
太奇葩了	tqpl	简单鹤		0		0	0	0	0
提前跑路	tqpl	简单鹤		0		0	0	0	0
听取批评	tqpp	简单鹤		0		0	0	0	0
天气晴好	tqqh	简单鹤		0		0	0	0	0
天气情况	tqqk	简单鹤		0		0	0	0	0
天气晴朗	tqql	简单鹤		0		0	0	0	0
提前确认	tqqr	简单鹤		0		0	0	0	0
吐气如兰	tqrl	简单鹤		0		0	0	0	0
同情弱者	tqrv	简单鹤		0		0	0	0	0
提起诉讼	tqss	简单鹤		0		0	0	0	0
天气太热	tqtr	简单鹤		0		0	0	0	0
提前通知	tqtv	简单鹤		0		0	0	0	0
提前退休	tqtx	简单鹤		0		0	0	0	0
铁器时代	tqud	简单鹤		0		0	0	0	0
同期收入	tqur	简单鹤		0		0	0	0	0
提枪上阵	tquv	简单鹤		0		0	0	0	0
提请审议	tquy	简单鹤		0		0	0	0	0
探求真理	tqvl	简单鹤		0		0	0	0	0
天气之子	tqvz	简单鹤		0		0	0	0	0
提前完工	tqwg	简单鹤		0		0	0	0	0
提前完成	tqwi	简单鹤		0		0	0	0	0
提取文件	tqwj	简单鹤		0		0	0	0	0
天气温暖	tqwn	简单鹤		0		0	0	0	0
提起往事	tqwu	简单鹤		0		0	0	0	0
抬起下巴	tqxb	简单鹤		0		0	0	0	0
提前下班	tqxb	简单鹤		0		0	0	0	0
提前消费	tqxf	简单鹤		0		0	0	0	0
提起兴趣	tqxq	简单鹤		0		0	0	0	0
偷窃行为	tqxw	简单鹤		0		0	0	0	0
挺起腰板	tqyb	简单鹤		0		0	0	0	0
提前预定	tqyd	简单鹤		0		0	0	0	0
天气异常	tqyi	简单鹤		0		0	0	0	0
听取意见	tqyj	简单鹤		0		0	0	0	0
天气已晴	tqyq	简单鹤		0		0	0	0	0
天气炎热	tqyr	简单鹤		0		0	0	0	0
天气原因	tqyy	简单鹤		0		0	0	0	0
同期增长	tqzi	简单鹤		0		0	0	0	0
突然发生	trfu	简单鹤		0		0	0	0	0
突然发现	trfx	简单鹤		0		0	0	0	0
天人共鉴	trgj	简单鹤		1		0	0	0	0
土壤改良	trgl	简单鹤		0		0	0	0	0
天然浑成	trhi	简单鹤		0		0	0	0	0
突然出现	trix	简单鹤		0		0	0	0	0
突然觉得	trjd	简单鹤		0		0	0	0	0
投入金额	trje	简单鹤		0		0	0	0	0
天人交感	trjg	简单鹤		0		0	0	0	0
听人介绍	trju	简单鹤		0		0	0	0	0
天人交战	trjv	简单鹤		0		0	0	0	0
投入机制	trjv	简单鹤		0		0	0	0	0
天人吉相	trjx	简单鹤		0		0	0	0	0
坦然面对	trmd	简单鹤		0		0	0	0	0
天然免疫	trmy	简单鹤		0		0	0	0	0
天然屏障	trpv	简单鹤		0		0	0	0	0
天如人愿	trry	简单鹤		0		0	0	0	0
突然死亡	trsw	简单鹤		0		0	0	0	0
铁人三项	trsx	简单鹤		0		0	0	0	0
土壤水分	truf	简单鹤		0		0	0	0	0
踏入社会	truh	简单鹤		0		0	0	0	0
投入实践	truj	简单鹤		0		0	0	0	0
他认识你	trun	简单鹤		0		0	0	0	0
她认识你	trun	简单鹤		0		0	0	0	0
坦然受之	truv	简单鹤		0		0	0	0	0
投入实战	truv	简单鹤		0		0	0	0	0
突然之间	trvj	简单鹤		0		0	0	0	0
天人五衰	trwu	简单鹤		0		0	0	0	0
突然想到	trxd	简单鹤		0		0	0	0	0
突然行动	trxd	简单鹤		0		0	0	0	0
天人相隔	trxg	简单鹤		0		0	0	0	0
突然想起	trxq	简单鹤		0		0	0	0	0
同人小说	trxu	简单鹤		0		0	0	0	0
替人消灾	trxz	简单鹤		0		0	0	0	0
天然氧吧	tryb	简单鹤		0		0	0	0	0
挺容易的	tryd	简单鹤		0		0	0	0	0
痰热壅肺	tryf	简单鹤		0		0	0	0	0
天人永隔	tryg	简单鹤		0		0	0	0	0
太容易了	tryl	简单鹤		0		0	0	0	0
投入运行	tryx	简单鹤		0		0	0	0	0
通融一下	tryx	简单鹤		0		0	0	0	0
投入运营	tryy	简单鹤		0		0	0	0	0
天色不早	tsbz	简单鹤		0		0	0	0	0
探索发现	tsfx	简单鹤		0		0	0	0	0
田所浩二	tshe	简单鹤		0		0	0	0	0
通俗唱法	tsif	简单鹤		0		0	0	0	0
提速降费	tsjf	简单鹤		0		0	0	0	0
碳酸教父	tsjf	简单鹤		0		0	0	0	0
探索精神	tsju	简单鹤		0		0	0	0	0
推送机制	tsjv	简单鹤		0		0	0	0	0
天色渐晚	tsjw	简单鹤		0		0	0	0	0
探索科学	tskx	简单鹤		0		0	0	0	0
通俗来讲	tslj	简单鹤		0		0	0	0	0
探索世界	tsuj	简单鹤		0		0	0	0	0
唐僧师徒	tsut	简单鹤		0		0	0	0	0
天色尚早	tsuz	简单鹤		0		0	0	0	0
太岁星君	tsxj	简单鹤		0		0	0	0	0
桃色新闻	tsxw	简单鹤		0		0	0	0	0
天色已晚	tsyw	简单鹤		0		0	0	0	0
逃脱不掉	ttbd	简单鹤		0		0	0	0	0
谈吐不凡	ttbf	简单鹤		0		0	0	0	0
逃脱不了	ttbl	简单鹤		0		0	0	0	0
天庭饱满	ttbm	简单鹤		0		0	0	0	0
团体比赛	ttbs	简单鹤		0		0	0	0	0
通天本事	ttbu	简单鹤		0		0	0	0	0
团团包围	ttbw	简单鹤		0		0	0	0	0
团体保险	ttbx	简单鹤		0		0	0	0	0
疼痛不已	ttby	简单鹤		0		0	0	0	0
贪图便宜	ttby	简单鹤		0		0	0	0	0
饕餮大餐	ttdc	简单鹤		0		0	0	0	0
堂堂登场	ttdi	简单鹤		0		0	0	0	0
条条大路	ttdl	简单鹤		0		0	0	0	0
天天都能	ttdn	简单鹤		0		0	0	0	0
天天动听	ttdt	简单鹤		0		0	0	0	0
体态婀娜	tten	简单鹤		0		0	0	0	0
贪图富贵	ttfg	简单鹤		0		0	0	0	0
天天飞车	ttfi	简单鹤		0		0	0	0	0
体态丰盈	ttfy	简单鹤		0		0	0	0	0
团体冠军	ttgj	简单鹤		0		0	0	0	0
天天高兴	ttgx	简单鹤		0		0	0	0	0
退田还湖	tthh	简单鹤		0		0	0	0	0
退田还湿	tthu	简单鹤		0		0	0	0	0
套他猴子	tthz	简单鹤		0		0	0	0	0
团体成绩	ttij	简单鹤		0		0	0	0	0
淘汰出局	ttij	简单鹤		0		0	0	0	0
团体成员	ttiy	简单鹤		0		0	0	0	0
天台集合	ttjh	简单鹤		0		0	0	0	0
同台竞技	ttjj	简单鹤		0		0	0	0	0
滔天巨浪	ttjl	简单鹤		0		0	0	0	0
天天见面	ttjm	简单鹤		0		0	0	0	0
天天静听	ttjt	简单鹤		0		0	0	0	0
谭谈交通	ttjt	简单鹤		0		0	0	0	0
滔滔江水	ttju	简单鹤		0		0	0	0	0
铁桶江山	ttju	简单鹤		1		0	0	0	0
通天教主	ttjv	简单鹤		0		0	0	0	0
贪图口腹	ttkf	简单鹤		0		0	0	0	0
太痛苦了	ttkl	简单鹤		0		0	0	0	0
偷偷看片	ttkp	简单鹤		0		0	0	0	0
天天酷跑	ttkp	简单鹤		0		0	0	0	0
体坛快讯	ttkx	简单鹤		0		0	0	0	0
天天开心	ttkx	简单鹤		0		0	0	0	0
天天连萌	ttlm	简单鹤		0		0	0	0	0
听听你的	ttnd	简单鹤		0		0	0	0	0
滔天怒火	ttnh	简单鹤		0		0	0	0	0
吞吐能力	ttnl	简单鹤		0		0	0	0	0
天天那样	ttny	简单鹤		0		0	0	0	0
提桶跑路	ttpl	简单鹤		0		0	0	0	0
贪图钱财	ttqc	简单鹤		0		0	0	0	0
吞炭漆身	ttqu	简单鹤		1		0	0	0	0
体态轻盈	ttqy	简单鹤		0		0	0	0	0
天天如此	ttrc	简单鹤		0		0	0	0	0
挺秃然的	ttrd	简单鹤		0		0	0	0	0
挺突然的	ttrd	简单鹤		0		0	0	0	0
太突然了	ttrl	简单鹤		0		0	0	0	0
推推嚷嚷	ttrr	简单鹤		0		0	0	0	0
头疼死了	ttsl	简单鹤		0		0	0	0	0
铜头铁臂	tttb	简单鹤		1		0	0	0	0
吞天吐海	ttth	简单鹤		0		0	0	0	0
忐忐忑忑	tttt	简单鹤		1		0	0	0	0
托塔天王	tttw	简单鹤		0		0	0	0	0
剃头挑子	tttz	简单鹤		0		0	0	0	0
通体舒畅	ttui	简单鹤		0		0	0	0	0
通透世界	ttuj	简单鹤		0		0	0	0	0
吐吐舌头	ttut	简单鹤		0		0	0	0	0
通体舒泰	ttut	简单鹤		0		0	0	0	0
饕餮盛宴	ttuy	简单鹤		0		0	0	0	0
头痛之极	ttvj	简单鹤		0		0	0	0	0
天天这样	ttvy	简单鹤		0		0	0	0	0
天堂制造	ttvz	简单鹤		0		0	0	0	0
滔天之罪	ttvz	简单鹤		1		0	0	0	0
疼痛万分	ttwf	简单鹤		0		0	0	0	0
天体物理	ttwl	简单鹤		0		0	0	0	0
体贴温柔	ttwr	简单鹤		0		0	0	0	0
探讨问题	ttwt	简单鹤		0		0	0	0	0
头天晚上	ttwu	简单鹤		0		0	0	0	0
抬头望月	ttwy	简单鹤		0		0	0	0	0
滔滔雄辩	ttxb	简单鹤		0		0	0	0	0
天塌下来	ttxl	简单鹤		0		0	0	0	0
贪图享乐	ttxl	简单鹤		0		0	0	0	0
贪图小利	ttxl	简单鹤		0		0	0	0	0
天天象棋	ttxq	简单鹤		0		0	0	0	0
头痛项强	ttxq	简单鹤		0		0	0	0	0
头条新闻	ttxw	简单鹤		0		0	0	0	0
天体运动	ttyd	简单鹤		0		0	0	0	0
同台演出	ttyi	简单鹤		0		0	0	0	0
抬头一看	ttyk	简单鹤		0		0	0	0	0
头痛欲裂	ttyl	简单鹤		0		0	0	0	0
通同一气	ttyq	简单鹤		1		0	0	0	0
抬头做事	ttzu	简单鹤		0		0	0	0	0
贴身保镖	tubb	简单鹤		0		0	0	0	0
特殊办法	tubf	简单鹤		0		0	0	0	0
妥善保管	tubg	简单鹤		0		0	0	0	0
贴上标签	tubq	简单鹤		0		0	0	0	0
探视病人	tubr	简单鹤		0		0	0	0	0
听声辨位	tubw	简单鹤		0		0	0	0	0
他是不想	tubx	简单鹤		0		0	0	0	0
天生不足	tubz	简单鹤		0		0	0	0	0
特殊材料	tucl	简单鹤		0		0	0	0	0
同时存在	tucz	简单鹤		0		0	0	0	0
提升等级	tudj	简单鹤		0		0	0	0	0
摊上大事	tudu	简单鹤		0		0	0	0	0
天上地下	tudx	简单鹤		0		0	0	0	0
听说而已	tuey	简单鹤		0		0	0	0	0
提升幅度	tufd	简单鹤		0		0	0	0	0
特殊符号	tufh	简单鹤		0		0	0	0	0
特使夫人	tufr	简单鹤		0		0	0	0	0
他山攻错	tugc	简单鹤		1		0	0	0	0
天使光环	tugh	简单鹤		0		0	0	0	0
替身攻击	tugj	简单鹤		0		0	0	0	0
跳水冠军	tugj	简单鹤		0		0	0	0	0
特殊工种	tugv	简单鹤		0		0	0	0	0
铁扇公主	tugv	简单鹤		0		0	0	0	0
特殊功效	tugx	简单鹤		0		0	0	0	0
泰山鸿毛	tuhm	简单鹤		1		0	0	0	0
徒手画圆	tuhy	简单鹤		0		0	0	0	0
特殊含义	tuhy	简单鹤		0		0	0	0	0
头上长草	tuic	简单鹤		0		0	0	0	0
特殊场合	tuih	简单鹤		0		0	0	0	0
头上长疱	tuip	简单鹤		0		0	0	0	0
同声传译	tuiy	简单鹤		0		0	0	0	0
偷食禁果	tujg	简单鹤		0		0	0	0	0
特殊津贴	tujt	简单鹤		0		0	0	0	0
徒手健身	tuju	简单鹤		0		0	0	0	0
特殊句式	tuju	简单鹤		0		0	0	0	0
同时进行	tujx	简单鹤		0		0	0	0	0
通商口岸	tuka	简单鹤		0		0	0	0	0
提升空间	tukj	简单鹤		0		0	0	0	0
头上流脓	tuln	简单鹤		0		0	0	0	0
图书目录	tuml	简单鹤		0		0	0	0	0
天生蛮力	tuml	简单鹤		0		0	0	0	0
调试模式	tumu	简单鹤		0		0	0	0	0
贴身秘书	tumu	简单鹤		0		0	0	0	0
头上冒烟	tumy	简单鹤		0		0	0	0	0
特殊癖好	tuph	简单鹤		0		0	0	0	0
弹射起步	tuqb	简单鹤		0		0	0	0	0
特殊情形	tuqx	简单鹤		0		0	0	0	0
特殊人才	turc	简单鹤		0		0	0	0	0
提上日程	turi	简单鹤		0		0	0	0	0
特殊任务	turw	简单鹤		0		0	0	0	0
唐诗宋词	tusc	简单鹤		0		0	0	0	0
脱水死亡	tusw	简单鹤		0		0	0	0	0
同上同下	tutx	简单鹤		0		0	0	0	0
天上太阳	tuty	简单鹤		0		0	0	0	0
听谁说的	tuud	简单鹤		0		0	0	0	0
特殊手段	tuud	简单鹤		0		0	0	0	0
摊上事儿	tuue	简单鹤		0		0	0	0	0
特殊身份	tuuf	简单鹤		0		0	0	0	0
天生神力	tuul	简单鹤		0		0	0	0	0
摊上事了	tuul	简单鹤		0		0	0	0	0
贴身侍女	tuun	简单鹤		0		0	0	0	0
特殊时期	tuuq	简单鹤		0		0	0	0	0
透视视图	tuut	简单鹤		0		0	0	0	0
特殊照顾	tuvg	简单鹤		0		0	0	0	0
特殊之处	tuvi	简单鹤		0		0	0	0	0
坦率直言	tuvy	简单鹤		0		0	0	0	0
痛失网名	tuwm	简单鹤		0		0	0	0	0
太上忘情	tuwq	简单鹤		1		0	0	0	0
天生万物	tuww	简单鹤		0		0	0	0	0
替身娃娃	tuww	简单鹤		0		0	0	0	0
天使下凡	tuxf	简单鹤		0		0	0	0	0
天神下凡	tuxf	简单鹤		0		0	0	0	0
天山雪莲	tuxl	简单鹤		0		0	0	0	0
提升性能	tuxn	简单鹤		0		0	0	0	0
特殊需求	tuxq	简单鹤		0		0	0	0	0
天上星星	tuxx	简单鹤		0		0	0	0	0
偷师学艺	tuxy	简单鹤		0		0	0	0	0
特殊需要	tuxy	简单鹤		0		0	0	0	0
天生一对	tuyd	简单鹤		0		0	0	0	0
他是一个	tuyg	简单鹤		0		0	0	0	0
它是一个	tuyg	简单鹤		0		0	0	0	0
提上议程	tuyi	简单鹤		0		0	0	0	0
天上月亮	tuyl	简单鹤		0		0	0	0	0
同时也能	tuyn	简单鹤		0		0	0	0	0
投上一票	tuyp	简单鹤		0		0	0	0	0
天上一天	tuyt	简单鹤		0		0	0	0	0
天生异瞳	tuyt	简单鹤		0		0	0	0	0
特殊用途	tuyt	简单鹤		0		0	0	0	0
它是一种	tuyv	简单鹤		0		0	0	0	0
天生尤物	tuyw	简单鹤		1		0	0	0	0
替身演员	tuyy	简单鹤		0		0	0	0	0
特殊原因	tuyy	简单鹤		0		0	0	0	0
特殊意义	tuyy	简单鹤		0		0	0	0	0
特殊字符	tuzf	简单鹤		0		0	0	0	0
头上做窝	tuzw	简单鹤		0		0	0	0	0
提升自我	tuzw	简单鹤		0		0	0	0	0
体制编制	tvbv	简单鹤		0		0	0	0	0
调整词序	tvcx	简单鹤		0		0	0	0	0
调整弹道	tvdd	简单鹤		0		0	0	0	0
天朝地府	tvdf	简单鹤		0		0	0	0	0
同轴电缆	tvdl	简单鹤	35	0		0	0	0	0
同桌的你	tvdn	简单鹤		0		0	0	0	0
天照大神	tvdu	简单鹤		0		0	0	0	0
统治地位	tvdw	简单鹤		0		0	0	0	0
调整幅度	tvfd	简单鹤		0		0	0	0	0
调整风帆	tvff	简单鹤		0		0	0	0	0
停止发货	tvfh	简单鹤		0		0	0	0	0
特征方程	tvfi	简单鹤		0		0	0	0	0
通胀风险	tvfx	简单鹤		0		0	0	0	0
通知规定	tvgd	简单鹤		0		0	0	0	0
通知顾客	tvgk	简单鹤		0		0	0	0	0
停止工作	tvgz	简单鹤		0		0	0	0	0
拖住后腿	tvht	简单鹤		0		0	0	0	0
停止呼吸	tvhx	简单鹤		0		0	0	0	0
调整计划	tvjh	简单鹤		0		0	0	0	0
天之骄女	tvjn	简单鹤		0		0	0	0	0
挑战极限	tvjx	简单鹤		0		0	0	0	0
同指跨排	tvkp	简单鹤		0		0	0	0	0
同指连击	tvlj	简单鹤		0		0	0	0	0
停止录制	tvlv	简单鹤		0		0	0	0	0
同志们好	tvmh	简单鹤		0		0	0	0	0
挑战模式	tvmu	简单鹤		0		0	0	0	0
特征明显	tvmx	简单鹤		0		0	0	0	0
头撞南墙	tvnq	简单鹤		0		0	0	0	0
听众朋友	tvpy	简单鹤		0		0	0	0	0
弹指如飞	tvrf	简单鹤		0		0	0	0	0
调整图层	tvtc	简单鹤		0		0	0	0	0
他追她逃	tvtt	简单鹤		0		0	0	0	0
停止施工	tvug	简单鹤		0		0	0	0	0
太真实了	tvul	简单鹤		0		0	0	0	0
调整站位	tvvw	简单鹤		0		0	0	0	0
通知中心	tvvx	简单鹤		0		0	0	0	0
他真我哭	tvwk	简单鹤		0		0	0	0	0
天助我也	tvwy	简单鹤		0		0	0	0	0
调整心态	tvxt	简单鹤		0		0	0	0	0
停战协议	tvxy	简单鹤		0		0	0	0	0
停止响应	tvxy	简单鹤		0		0	0	0	0
挺直腰板	tvyb	简单鹤		0		0	0	0	0
挺重要的	tvyd	简单鹤		0		0	0	0	0
添置衣服	tvyf	简单鹤		0		0	0	0	0
听着音乐	tvyl	简单鹤		0		0	0	0	0
太重要了	tvyl	简单鹤		0		0	0	0	0
通知要求	tvyq	简单鹤		0		0	0	0	0
通知一声	tvyu	简单鹤		0		0	0	0	0
天真幼稚	tvyv	简单鹤		0		0	0	0	0
听者有心	tvyx	简单鹤		0		0	0	0	0
停止营业	tvyy	简单鹤		0		0	0	0	0
听者有意	tvyy	简单鹤		0		0	0	0	0
挑战自我	tvzw	简单鹤		0		0	0	0	0
调整坐姿	tvzz	简单鹤		0		0	0	0	0
贪污案件	twaj	简单鹤		0		0	0	0	0
体温变化	twbh	简单鹤		0		0	0	0	0
胎位不正	twbv	简单鹤		0		0	0	0	0
台湾当局	twdj	简单鹤		0		0	0	0	0
投喂动物	twdw	简单鹤		0		0	0	0	0
图文打印	twdy	简单鹤		0		0	0	0	0
贪污腐败	twfb	简单鹤		0		0	0	0	0
条未过半	twgb	简单鹤		0		0	0	0	0
滕王阁序	twgx	简单鹤		0		0	0	0	0
提问环节	twhj	简单鹤		0		0	0	0	0
贪污贿赂	twhl	简单鹤		0		0	0	0	0
图文混排	twhp	简单鹤		0		0	0	0	0
图文教程	twji	简单鹤		0		0	0	0	0
听我解释	twju	简单鹤		0		0	0	0	0
退无可退	twkt	简单鹤		0		0	0	0	0
贪污浪费	twlf	简单鹤		0		0	0	0	0
天外来物	twlw	简单鹤		0		0	0	0	0
天王老爷	twly	简单鹤		0		0	0	0	0
贪玩蓝月	twly	简单鹤		0		0	0	0	0
突围模式	twmu	简单鹤		0		0	0	0	0
天威难测	twnc	简单鹤		0		0	0	0	0
天无宁日	twnr	简单鹤		0		0	0	0	0
土味情话	twqh	简单鹤		0		0	0	0	0
台湾人民	twrm	简单鹤		0		0	0	0	0
台湾台北	twtb	简单鹤		0		0	0	0	0
铁腕统治	twtv	简单鹤		0		0	0	0	0
贪污数额	twue	简单鹤		0		0	0	0	0
体温升高	twug	简单鹤		0		0	0	0	0
体外受精	twuj	简单鹤		0		0	0	0	0
团委书记	twuj	简单鹤		0		0	0	0	0
土味视频	twup	简单鹤		0		0	0	0	0
图文无关	twwg	简单鹤		0		0	0	0	0
体外循环	twxh	简单鹤		0		0	0	0	0
天文学科	twxk	简单鹤		0		0	0	0	0
天外陨铁	twyt	简单鹤		0		0	0	0	0
托物言志	twyv	简单鹤		0		0	0	0	0
天线宝宝	txbb	简单鹤		0		0	0	0	0
天下霸唱	txbi	简单鹤		0		0	0	0	0
通宵不眠	txbm	简单鹤		0		0	0	0	0
天性不足	txbz	简单鹤		0		0	0	0	0
天下苍生	txcu	简单鹤		0		0	0	0	0
提醒对方	txdf	简单鹤		0		0	0	0	0
碳性电池	txdi	简单鹤		0		0	0	0	0
天下大平	txdp	简单鹤		0		0	0	0	0
天下大势	txdu	简单鹤		0		0	0	0	0
铁血丹心	txdx	简单鹤		0		0	0	0	0
天下独一	txdy	简单鹤		0		0	0	0	0
偷心盗贼	txdz	简单鹤		0		0	0	0	0
调戏妇女	txfn	简单鹤		0		0	0	0	0
退休干部	txgb	简单鹤		0		0	0	0	0
同心共利	txgl	简单鹤		0		0	0	0	0
退休工人	txgr	简单鹤		0		0	0	0	0
铁血皇城	txhi	简单鹤		0		0	0	0	0
太喜欢了	txhl	简单鹤		0		0	0	0	0
腾讯会员	txhy	简单鹤		0		0	0	0	0
腾讯会议	txhy	简单鹤		0		0	0	0	0
体现出了	txil	简单鹤		0		0	0	0	0
图像处理	txil	简单鹤		0		0	0	0	0
推销产品	txip	简单鹤		0		0	0	0	0
听信谗言	txiy	简单鹤		0		0	0	0	0
停下脚步	txjb	简单鹤		0		0	0	0	0
同学聚会	txjh	简单鹤		0		0	0	0	0
通信技术	txju	简单鹤		0		0	0	0	0
体现价值	txjv	简单鹤		0		0	0	0	0
同性交友	txjy	简单鹤		0		0	0	0	0
坦胸露背	txlb	简单鹤		0		0	0	0	0
通信联络	txll	简单鹤		0		0	0	0	0
袒胸露乳	txlr	简单鹤		0		0	0	0	0
同学们好	txmh	简单鹤		0		0	0	0	0
提线木偶	txmo	简单鹤		0		0	0	0	0
天心难测	txnc	简单鹤		0		0	0	0	0
同学你好	txnh	简单鹤		0		0	0	0	0
体形庞大	txpd	简单鹤		0		0	0	0	0
同性朋友	txpy	简单鹤		0		0	0	0	0
通讯器材	txqc	简单鹤		0		0	0	0	0
同学群体	txqt	简单鹤		0		0	0	0	0
天下奇闻	txqw	简单鹤		0		0	0	0	0
同小取小	txqx	简单鹤		0		0	0	0	0
偷香窃玉	txqy	简单鹤		1		0	0	0	0
挑选人才	txrc	简单鹤		0		0	0	0	0
通讯软件	txrj	简单鹤		0		0	0	0	0
太吓人了	txrl	简单鹤		0		0	0	0	0
推贤让能	txrn	简单鹤		1		0	0	0	0
填写日期	txrq	简单鹤		0		0	0	0	0
天下壤壤	txrr	简单鹤		0		0	0	0	0
天下攘攘	txrr	简单鹤		0		0	0	0	0
退休人员	txry	简单鹤		0		0	0	0	0
谈性色变	txsb	简单鹤		0		0	0	0	0
贴心贴肺	txtf	简单鹤		0		0	0	0	0
体现特色	txts	简单鹤		0		0	0	0	0
挺胸抬头	txtt	简单鹤		0		0	0	0	0
同喜同喜	txtx	简单鹤		0		0	0	0	0
通信设备	txub	简单鹤		0		0	0	0	0
通讯设备	txub	简单鹤		0		0	0	0	0
腾讯视频	txup	简单鹤		0		0	0	0	0
同学生日	txur	简单鹤		0		0	0	0	0
天性使然	txur	简单鹤		0		0	0	0	0
痛下杀手	txuu	简单鹤		0		0	0	0	0
通信设施	txuu	简单鹤		0		0	0	0	0
退休手续	txux	简单鹤		0		0	0	0	0
谈笑之间	txvj	简单鹤		0		0	0	0	0
图像质量	txvl	简单鹤		0		0	0	0	0
特效炸裂	txvl	简单鹤		0		0	0	0	0
天选之女	txvn	简单鹤		0		0	0	0	0
天选之人	txvr	简单鹤		0		0	0	0	0
天选之子	txvz	简单鹤		0		0	0	0	0
特效制作	txvz	简单鹤		0		0	0	0	0
腾讯文档	txwd	简单鹤		0		0	0	0	0
天下武功	txwg	简单鹤		0		0	0	0	0
天下无贼	txwz	简单鹤		0		0	0	0	0
掏心窝子	txwz	简单鹤		0		0	0	0	0
特效小哥	txxg	简单鹤		0		0	0	0	0
同性相斥	txxi	简单鹤		0		0	0	0	0
通信线路	txxl	简单鹤		0		0	0	0	0
踏雪寻梅	txxm	简单鹤		0		0	0	0	0
图形渲染	txxr	简单鹤		0		0	0	0	0
通信系统	txxt	简单鹤		0		0	0	0	0
腾讯新闻	txxw	简单鹤		0		0	0	0	0
天下熙熙	txxx	简单鹤		0		0	0	0	0
躺下休息	txxx	简单鹤		0		0	0	0	0
通信协议	txxy	简单鹤		0		0	0	0	0
腾讯元宝	txyb	简单鹤		0		0	0	0	0
调小音量	txyl	简单鹤		0		0	0	0	0
通信原理	txyl	简单鹤		0		0	0	0	0
叹息一声	txyu	简单鹤		0		0	0	0	0
提醒一下	txyx	简单鹤		0		0	0	0	0
铁血英雄	txyx	简单鹤		0		0	0	0	0
啼笑因缘	txyy	简单鹤		0		0	0	0	0
特型演员	txyy	简单鹤		0		0	0	0	0
填写资料	txzl	简单鹤		0		0	0	0	0
天下足球	txzq	简单鹤		0		0	0	0	0
统一安排	tyap	简单鹤		0		0	0	0	0
头也不回	tybh	简单鹤		0		0	0	0	0
天涯比邻	tybl	简单鹤		1		0	0	0	0
同样不能	tybn	简单鹤		0		0	0	0	0
涂鸦表情	tybq	简单鹤		0		0	0	0	0
体育比赛	tybs	简单鹤		0		0	0	0	0
头也不抬	tybt	简单鹤		0		0	0	0	0
统一包装	tybv	简单鹤		0		0	0	0	0
统一标准	tybv	简单鹤		0		0	0	0	0
头一次见	tycj	简单鹤		0		0	0	0	0
太有才了	tycl	简单鹤		0		0	0	0	0
体育彩票	tycp	简单鹤		0		0	0	0	0
特邀代表	tydb	简单鹤		0		0	0	0	0
同一地点	tydd	简单鹤		0		0	0	0	0
同样的话	tydh	简单鹤		0		0	0	0	0
同样道理	tydl	简单鹤		0		0	0	0	0
天已大亮	tydl	简单鹤		0		0	0	0	0
太阳底下	tydx	简单鹤		0		0	0	0	0
统一大业	tydy	简单鹤		0		0	0	0	0
统一发货	tyfh	简单鹤		0		0	0	0	0
统一分配	tyfp	简单鹤		0		0	0	0	0
太阳辐射	tyfu	简单鹤		0		0	0	0	0
统一服装	tyfv	简单鹤		0		0	0	0	0
统一规定	tygd	简单鹤		0		0	0	0	0
统一规划	tygh	简单鹤		0		0	0	0	0
体育广场	tygi	简单鹤		0		0	0	0	0
体育过程	tygi	简单鹤		0		0	0	0	0
同一个人	tygr	简单鹤		0		0	0	0	0
太阳高照	tygv	简单鹤		0		0	0	0	0
头一回见	tyhj	简单鹤		0		0	0	0	0
脱氧核糖	tyht	简单鹤		0		0	0	0	0
同一级别	tyjb	简单鹤		0		0	0	0	0
特邀嘉宾	tyjb	简单鹤		0		0	0	0	0
脱衣解带	tyjd	简单鹤		0		0	0	0	0
体育健儿	tyje	简单鹤		0		0	0	0	0
同样结果	tyjg	简单鹤		0		0	0	0	0
统一计划	tyjh	简单鹤		0		0	0	0	0
体育健康	tyjk	简单鹤		0		0	0	0	0
添衣加裤	tyjk	简单鹤		0		0	0	0	0
童颜巨乳	tyjr	简单鹤		0		0	0	0	0
统一计算	tyjs	简单鹤		0		0	0	0	0
体育精神	tyju	简单鹤		0		0	0	0	0
同一件事	tyju	简单鹤		0		0	0	0	0
特约记者	tyjv	简单鹤		0		0	0	0	0
体育教学	tyjx	简单鹤		0		0	0	0	0
特约经销	tyjx	简单鹤		0		0	0	0	0
统一进行	tyjx	简单鹤		0		0	0	0	0
统一口令	tykl	简单鹤		0		0	0	0	0
叹一口气	tykq	简单鹤		0		0	0	0	0
抬眼看向	tykx	简单鹤		0		0	0	0	0
同样可以	tyky	简单鹤		0		0	0	0	0
听雨两笔	tylb	简单鹤		0		0	0	0	0
天雨流芳	tylf	简单鹤		0		0	0	0	0
体育老师	tylu	简单鹤		0		0	0	0	0
太阳落山	tylu	简单鹤		0		0	0	0	0
同一类型	tylx	简单鹤		0		0	0	0	0
田园牧歌	tymg	简单鹤		0		0	0	0	0
体育明星	tymx	简单鹤		0		0	0	0	0
它有没有	tymy	简单鹤		0		0	0	0	0
天意弄人	tynr	简单鹤		0		0	0	0	0
天意难违	tynw	简单鹤		0		0	0	0	0
体育频道	typd	简单鹤		0		0	0	0	0
贴邮票处	typi	简单鹤		0		0	0	0	0
统一全国	tyqg	简单鹤		0		0	0	0	0
团员青年	tyqn	简单鹤		0		0	0	0	0
通义千问	tyqw	简单鹤		0		0	0	0	0
同样情形	tyqx	简单鹤		0		0	0	0	0
同样如此	tyrc	简单鹤		0		0	0	0	0
统一认识	tyru	简单鹤		0		0	0	0	0
逃也似地	tysd	简单鹤		0		0	0	0	0
逃也似的	tysd	简单鹤		0		0	0	0	0
逃逸速度	tysd	简单鹤		0		0	0	0	0
逃逸司机	tysj	简单鹤		0		0	0	0	0
讨厌死了	tysl	简单鹤		0		0	0	0	0
体育赛事	tysu	简单鹤		0		0	0	0	0
藤原拓海	tyth	简单鹤		0		0	0	0	0
同样条件	tytj	简单鹤		0		0	0	0	0
头晕头痛	tytt	简单鹤		0		0	0	0	0
同一首歌	tyug	简单鹤		0		0	0	0	0
同一时间	tyuj	简单鹤		0		0	0	0	0
拖延时间	tyuj	简单鹤		0		0	0	0	0
同一时期	tyuq	简单鹤		0		0	0	0	0
天涯神贴	tyut	简单鹤		0		0	0	0	0
体育设施	tyuu	简单鹤		0		0	0	0	0
太乙神数	tyuu	简单鹤		0		0	0	0	0
同一事物	tyuw	简单鹤		0		0	0	0	0
同样适用	tyuy	简单鹤		0		0	0	0	0
同意支付	tyvf	简单鹤		0		0	0	0	0
统一指挥	tyvh	简单鹤		0		0	0	0	0
统一指令	tyvl	简单鹤		0		0	0	0	0
檀渊之盟	tyvm	简单鹤		0		0	0	0	0
同样重要	tyvy	简单鹤		0		0	0	0	0
涂鸦之作	tyvz	简单鹤		0		0	0	0	0
体育委员	tywy	简单鹤		0		0	0	0	0
投医问药	tywy	简单鹤		0		0	0	0	0
统一行动	tyxd	简单鹤		0		0	0	0	0
痛痒相关	tyxg	简单鹤		1		0	0	0	0
体育训练	tyxl	简单鹤		0		0	0	0	0
体育项目	tyxm	简单鹤		0		0	0	0	0
同样形式	tyxu	简单鹤		0		0	0	0	0
天要下雨	tyxy	简单鹤		0		0	0	0	0
同样一个	tyyg	简单鹤		0		0	0	0	0
脱衣有肉	tyyr	简单鹤		0		0	0	0	0
太有意思	tyys	简单鹤		0		0	0	0	0
挺有意思	tyys	简单鹤		0		0	0	0	0
同样也是	tyyu	简单鹤		0		0	0	0	0
体验一下	tyyx	简单鹤		0		0	0	0	0
统一一下	tyyx	简单鹤		0		0	0	0	0
统一祖国	tyzg	简单鹤		0		0	0	0	0
统一组织	tyzv	简单鹤		0		0	0	0	0
投资比例	tzbl	简单鹤		0		0	0	0	0
吐字不清	tzbq	简单鹤		0		0	0	0	0
通则不痛	tzbt	简单鹤		0		0	0	0	0
天资聪慧	tzch	简单鹤		0		0	0	0	0
天资聪明	tzcm	简单鹤		0		0	0	0	0
天资聪颖	tzcy	简单鹤		0		0	0	0	0
躺在地上	tzdu	简单鹤		0		0	0	0	0
头足倒置	tzdv	简单鹤		1		0	0	0	0
徒增烦恼	tzfn	简单鹤		0		0	0	0	0
投资方式	tzfu	简单鹤		0		0	0	0	0
投资风险	tzfx	简单鹤		0		0	0	0	0
投资规划	tzgh	简单鹤		0		0	0	0	0
投资管理	tzgl	简单鹤		0		0	0	0	0
天资过人	tzgr	简单鹤		0		0	0	0	0
投资回报	tzhb	简单鹤		0		0	0	0	0
投资合同	tzht	简单鹤		0		0	0	0	0
投资成本	tzib	简单鹤		0		0	0	0	0
提早出发	tzif	简单鹤		0		0	0	0	0
投资产品	tzip	简单鹤		0		0	0	0	0
投赞成票	tzip	简单鹤		0		0	0	0	0
躺在床上	tziu	简单鹤		0		0	0	0	0
投资决策	tzjc	简单鹤		0		0	0	0	0
投资机会	tzjh	简单鹤		0		0	0	0	0
投资基金	tzjj	简单鹤		0		0	0	0	0
天子脚下	tzjx	简单鹤		0		0	0	0	0
投资理财	tzlc	简单鹤		0		0	0	0	0
投资理念	tzln	简单鹤		0		0	0	0	0
投资利润	tzlr	简单鹤		0		0	0	0	0
投资品种	tzpv	简单鹤		0		0	0	0	0
投资渠道	tzqd	简单鹤		0		0	0	0	0
投资气氛	tzqf	简单鹤		0		0	0	0	0
吐字清晰	tzqx	简单鹤		0		0	0	0	0
投子认负	tzrf	简单鹤		0		0	0	0	0
投资入股	tzrg	简单鹤		0		0	0	0	0
投子认输	tzru	简单鹤		0		0	0	0	0
投资水平	tzup	简单鹤		0		0	0	0	0
天纵之才	tzvc	简单鹤		0		0	0	0	0
天纵英才	tzyc	简单鹤		0		0	0	0	0
天造一对	tzyd	简单鹤		0		0	0	0	0
贴在一起	tzyq	简单鹤		0		0	0	0	0
投资业务	tzyw	简单鹤		0		0	0	0	0
投资意向	tzyx	简单鹤		0		0	0	0	0
深谙此道	uacd	简单鹤		0		0	0	0	0
涉案金额	uaje	简单鹤		0		0	0	0	0
深谙其道	uaqd	简单鹤		0		0	0	0	0
深谙人心	uarx	简单鹤		0		0	0	0	0
神爱世人	uaur	简单鹤		0		0	0	0	0
上半部分	ubbf	简单鹤		0		0	0	0	0
尚不包括	ubbk	简单鹤		0		0	0	0	0
设备采购	ubcg	简单鹤		0		0	0	0	0
恕不从命	ubcm	简单鹤		0		0	0	0	0
说白道黑	ubdh	简单鹤		1		0	0	0	0
生不带来	ubdl	简单鹤		0		0	0	0	0
舍不得你	ubdn	简单鹤		0		0	0	0	0
身边的人	ubdr	简单鹤		0		0	0	0	0
势比登天	ubdt	简单鹤		0		0	0	0	0
傻逼东西	ubdx	简单鹤		0		0	0	0	0
叔伯弟兄	ubdx	简单鹤		0		0	0	0	0
十步芳草	ubfc	简单鹤		1		0	0	0	0
上不封顶	ubfd	简单鹤		0		0	0	0	0
恕不奉告	ubfg	简单鹤		0		0	0	0	0
是不够的	ubgd	简单鹤		0		0	0	0	0
数不过来	ubgl	简单鹤		0		0	0	0	0
鼠标滚轮	ubgl	简单鹤		0		0	0	0	0
识别功能	ubgn	简单鹤		0		0	0	0	0
双倍工资	ubgz	简单鹤		0		0	0	0	0
收保护费	ubhf	简单鹤		0		0	0	0	0
睡不好觉	ubhj	简单鹤		0		0	0	0	0
水不涵木	ubhm	简单鹤		0		0	0	0	0
双边会谈	ubht	简单鹤		0		0	0	0	0
实变函数	ubhu	简单鹤		0		0	0	0	0
双板滑雪	ubhx	简单鹤		0		0	0	0	0
收兵回营	ubhy	简单鹤		0		0	0	0	0
双边合作	ubhz	简单鹤		0		0	0	0	0
说不出的	ubid	简单鹤		0		0	0	0	0
说不出话	ubih	简单鹤		0		0	0	0	0
设备陈旧	ubij	简单鹤		0		0	0	0	0
说不出来	ubil	简单鹤		0		0	0	0	0
设备产品	ubip	简单鹤		0		0	0	0	0
伤病缠身	ubiu	简单鹤		0		0	0	0	0
时不久留	ubjl	简单鹤		0		0	0	0	0
熟不拘礼	ubjl	简单鹤		0		0	0	0	0
鼠标键盘	ubjp	简单鹤		0		0	0	0	0
十八九岁	ubjs	简单鹤		0		0	0	0	0
鼠标加速	ubjs	简单鹤		0		0	0	0	0
双倍快乐	ubkl	简单鹤		0		0	0	0	0
是不可能	ubkn	简单鹤		0		0	0	0	0
伤病困扰	ubkr	简单鹤		0		0	0	0	0
申报课题	ubkt	简单鹤		0		0	0	0	0
受不了的	ubld	简单鹤		0		0	0	0	0
硕博连读	ubld	简单鹤		0		0	0	0	0
受不了你	ubln	简单鹤		0		0	0	0	0
上不来气	ublq	简单鹤		0		0	0	0	0
稍不留神	ublu	简单鹤		0		0	0	0	0
上不了网	ublw	简单鹤		0		0	0	0	0
双边领域	ubly	简单鹤		0		0	0	0	0
说不明白	ubmb	简单鹤		0		0	0	0	0
神笔马良	ubml	简单鹤		0		0	0	0	0
尚不明确	ubmq	简单鹤		0		0	0	0	0
上班摸鱼	ubmy	简单鹤		0		0	0	0	0
受不鸟了	ubnl	简单鹤		0		0	0	0	0
数百年来	ubnl	简单鹤		0		0	0	0	0
肾不纳气	ubnq	简单鹤		0		0	0	0	0
数不清的	ubqd	简单鹤		0		0	0	0	0
尚不清楚	ubqi	简单鹤		0		0	0	0	0
上不去了	ubql	简单鹤		0		0	0	0	0
设备齐全	ubqq	简单鹤		0		0	0	0	0
深表歉意	ubqy	简单鹤		0		0	0	0	0
少不入川	ubri	简单鹤		0		0	0	0	0
士兵突击	ubtj	简单鹤		0		0	0	0	0
睡不踏实	ubtu	简单鹤		0		0	0	0	0
是不是啊	ubua	简单鹤		0		0	0	0	0
是褒是贬	ubub	简单鹤		0		0	0	0	0
是不是词	ubuc	简单鹤		0		0	0	0	0
舒不舒服	ubuf	简单鹤		0		0	0	0	0
是不是个	ubug	简单鹤		0		0	0	0	0
适不适合	ubuh	简单鹤		0		0	0	0	0
上班时间	ubuj	简单鹤		0		0	0	0	0
使不上力	ubul	简单鹤		0		0	0	0	0
生不生气	ubuq	简单鹤		0		0	0	0	0
是不是有	ubuy	简单鹤		0		0	0	0	0
适不适用	ubuy	简单鹤		0		0	0	0	0
谁不知道	ubvd	简单鹤		0		0	0	0	0
睡不着觉	ubvj	简单鹤		0		0	0	0	0
鼠标中键	ubvj	简单鹤		0		0	0	0	0
申报专利	ubvl	简单鹤		0		0	0	0	0
睡不着了	ubvl	简单鹤		0		0	0	0	0
书本知识	ubvu	简单鹤		0		0	0	0	0
圣杯战争	ubvv	简单鹤		0		0	0	0	0
鼠标指针	ubvv	简单鹤		0		0	0	0	0
生病住院	ubvy	简单鹤		0		0	0	0	0
稍不注意	ubvy	简单鹤		0		0	0	0	0
鼠标微动	ubwd	简单鹤		0		0	0	0	0
摔杯为号	ubwh	简单鹤		0		0	0	0	0
设备维护	ubwh	简单鹤		0		0	0	0	0
誓不为人	ubwr	简单鹤		0		0	0	0	0
设备维修	ubwx	简单鹤		0		0	0	0	0
时不我与	ubwy	简单鹤		1		0	0	0	0
识别文字	ubwz	简单鹤		0		0	0	0	0
叔伯兄弟	ubxd	简单鹤		0		0	0	0	0
是不行的	ubxd	简单鹤		0		0	0	0	0
谁不喜欢	ubxh	简单鹤		0		0	0	0	0
瘦不下来	ubxl	简单鹤		0		0	0	0	0
上北下南	ubxn	简单鹤		0		0	0	0	0
上蹦下跳	ubxt	简单鹤		0		0	0	0	0
识别系统	ubxt	简单鹤		0		0	0	0	0
深表谢意	ubxy	简单鹤		0		0	0	0	0
山不厌高	ubyg	简单鹤		0		0	0	0	0
鼠标右键	ubyj	简单鹤		0		0	0	0	0
鼠标引擎	ubyq	简单鹤		0		0	0	0	0
恕不远送	ubys	简单鹤		0		0	0	0	0
是不一样	ubyy	简单鹤		0		0	0	0	0
山不在高	ubzg	简单鹤		0		0	0	0	0
鼠标左键	ubzj	简单鹤		0		0	0	0	0
申报资料	ubzl	简单鹤		0		0	0	0	0
水不在深	ubzu	简单鹤		0		0	0	0	0
恃才放旷	ucfk	简单鹤		0		0	0	0	0
生存方式	ucfu	简单鹤		0		0	0	0	0
身材高大	ucgd	简单鹤		0		0	0	0	0
身材管理	ucgl	简单鹤		0		0	0	0	0
身材火辣	uchl	简单鹤		0		0	0	0	0
恃才居傲	ucja	简单鹤		0		0	0	0	0
收藏价值	ucjv	简单鹤		0		0	0	0	0
生存竞争	ucjv	简单鹤		0		0	0	0	0
生存空间	uckj	简单鹤		0		0	0	0	0
身材魁梧	uckw	简单鹤		0		0	0	0	0
身材苗条	ucmt	简单鹤		0		0	0	0	0
烧菜弄饭	ucnf	简单鹤		0		0	0	0	0
上次那个	ucng	简单鹤		0		0	0	0	0
生存能力	ucnl	简单鹤		0		0	0	0	0
深层清洁	ucqj	简单鹤		0		0	0	0	0
嗜财如命	ucrm	简单鹤		0		0	0	0	0
视财如命	ucrm	简单鹤		1		0	0	0	0
上层人士	ucru	简单鹤		0		0	0	0	0
伤残人士	ucru	简单鹤		0		0	0	0	0
生存所迫	ucsp	简单鹤		0		0	0	0	0
生存条件	uctj	简单鹤		0		0	0	0	0
剩菜剩饭	ucuf	简单鹤		0		0	0	0	0
生存之道	ucvd	简单鹤		0		0	0	0	0
省财政厅	ucvt	简单鹤		0		0	0	0	0
身材匀称	ucyi	简单鹤		0		0	0	0	0
生存压力	ucyl	简单鹤		0		0	0	0	0
受此影响	ucyx	简单鹤		0		0	0	0	0
实测有效	ucyx	简单鹤		0		0	0	0	0
生存游戏	ucyx	简单鹤		0		0	0	0	0
深层原因	ucyy	简单鹤		0		0	0	0	0
恃才自傲	ucza	简单鹤		0		0	0	0	0
刷存在感	uczg	简单鹤		0		0	0	0	0
谁都不爱	udba	简单鹤		0		0	0	0	0
书读百遍	udbb	简单鹤		0		0	0	0	0
说得不错	udbc	简单鹤		0		0	0	0	0
说的不错	udbc	简单鹤		0		0	0	0	0
说短不短	udbd	简单鹤		0		0	0	0	0
受到保护	udbh	简单鹤		0		0	0	0	0
啥都不会	udbh	简单鹤		0		0	0	0	0
声带闭合	udbh	简单鹤		0		0	0	0	0
时代变了	udbl	简单鹤		0		0	0	0	0
食大便了	udbl	简单鹤		0		0	0	0	0
伤得不轻	udbq	简单鹤		0		0	0	0	0
啥都别说	udbu	简单鹤		0		0	0	0	0
上帝保佑	udby	简单鹤		0		0	0	0	0
手段残忍	udcr	简单鹤		0		0	0	0	0
删档测试	udcu	简单鹤		0		0	0	0	0
说的都对	uddd	简单鹤		0		0	0	0	0
手段毒辣	uddl	简单鹤		0		0	0	0	0
说的道理	uddl	简单鹤		0		0	0	0	0
谁带的妹	uddm	简单鹤		0		0	0	0	0
试点单位	uddw	简单鹤		0		0	0	0	0
手段恶劣	udel	简单鹤		0		0	0	0	0
时代峰俊	udfj	简单鹤		0		0	0	0	0
时代风貌	udfm	简单鹤		0		0	0	0	0
是敌非友	udfy	简单鹤		0		0	0	0	0
说的过去	udgq	简单鹤		0		0	0	0	0
受到感染	udgr	简单鹤		0		0	0	0	0
十大高手	udgu	简单鹤		0		0	0	0	0
湿地公园	udgy	简单鹤		0		0	0	0	0
水多活好	udhh	简单鹤		0		0	0	0	0
说得很好	udhh	简单鹤		0		0	0	0	0
受到好评	udhp	简单鹤		0		0	0	0	0
说得好听	udht	简单鹤		0		0	0	0	0
说的好听	udht	简单鹤		0		0	0	0	0
受到惩罚	udif	简单鹤		0		0	0	0	0
说得出口	udik	简单鹤		0		0	0	0	0
熟读成诵	udis	简单鹤		0		0	0	0	0
说得简单	udjd	简单鹤		0		0	0	0	0
束带结发	udjf	简单鹤		1		0	0	0	0
输得精光	udjg	简单鹤		0		0	0	0	0
生旦净丑	udji	简单鹤		0		0	0	0	0
手动加速	udjs	简单鹤		0		0	0	0	0
十赌九输	udju	简单鹤		0		0	0	0	0
说的就是	udju	简单鹤		0		0	0	0	0
术到极致	udjv	简单鹤		0		0	0	0	0
上岛咖啡	udkf	简单鹤		0		0	0	0	0
手动开关	udkg	简单鹤		0		0	0	0	0
实地考查	udki	简单鹤		0		0	0	0	0
少得可怜	udkl	简单鹤		0		0	0	0	0
圣诞礼品	udlp	简单鹤		0		0	0	0	0
省点力气	udlq	简单鹤		0		0	0	0	0
剩蛋老人	udlr	简单鹤		0		0	0	0	0
失独老人	udlr	简单鹤		0		0	0	0	0
摔断了腿	udlt	简单鹤		0		0	0	0	0
圣诞礼物	udlw	简单鹤		0		0	0	0	0
实弹练习	udlx	简单鹤		0		0	0	0	0
山东蓝翔	udlx	简单鹤		0		0	0	0	0
上帝粒子	udlz	简单鹤		0		0	0	0	0
说得没错	udmc	简单鹤		0		0	0	0	0
是多么的	udmd	简单鹤		0		0	0	0	0
省得麻烦	udmf	简单鹤		0		0	0	0	0
省电模式	udmu	简单鹤		0		0	0	0	0
竖大拇指	udmv	简单鹤		0		0	0	0	0
收到没有	udmy	简单鹤		0		0	0	0	0
十多年来	udnl	简单鹤		0		0	0	0	0
十多年前	udnq	简单鹤		0		0	0	0	0
说得难听	udnt	简单鹤		0		0	0	0	0
受到破坏	udph	简单鹤		0		0	0	0	0
稍待片刻	udpk	简单鹤		0		0	0	0	0
稍等片刻	udpk	简单鹤		0		0	0	0	0
受到批评	udpp	简单鹤		0		0	0	0	0
实地取材	udqc	简单鹤		0		0	0	0	0
受到侵害	udqh	简单鹤		0		0	0	0	0
双洞齐开	udqk	简单鹤		0		0	0	0	0
受到牵连	udql	简单鹤		0		0	0	0	0
说得轻巧	udqq	简单鹤		0		0	0	0	0
说得轻松	udqs	简单鹤		0		0	0	0	0
舍短取长	udqv	简单鹤		1		0	0	0	0
时代气息	udqx	简单鹤		0		0	0	0	0
霜打茄子	udqz	简单鹤		0		0	0	0	0
杀毒软件	udrj	简单鹤		0		0	0	0	0
嗜赌如命	udrm	简单鹤		0		0	0	0	0
深度思考	udsk	简单鹤		0		0	0	0	0
深度思索	udss	简单鹤		0		0	0	0	0
时代特色	udts	简单鹤		0		0	0	0	0
上得厅堂	udtt	简单鹤		0		0	0	0	0
上达天听	udtt	简单鹤		0		0	0	0	0
深度体验	udty	简单鹤		0		0	0	0	0
孰对孰错	uduc	简单鹤		0		0	0	0	0
是对是错	uduc	简单鹤		0		0	0	0	0
实打实的	udud	简单鹤		0		0	0	0	0
首都师范	uduf	简单鹤		0		0	0	0	0
上帝视角	uduj	简单鹤		0		0	0	0	0
深度睡眠	udum	简单鹤		0		0	0	0	0
沙雕视频	udup	简单鹤		0		0	0	0	0
手动输入	udur	简单鹤		0		0	0	0	0
神挡杀神	uduu	简单鹤		0		0	0	0	0
是敌是友	uduy	简单鹤		0		0	0	0	0
上帝之鞭	udvb	简单鹤		0		0	0	0	0
谁都知道	udvd	简单鹤		0		0	0	0	0
睡得着觉	udvj	简单鹤		0		0	0	0	0
时代周刊	udvk	简单鹤		0		0	0	0	0
说到这里	udvl	简单鹤		0		0	0	0	0
上帝之手	udvu	简单鹤		0		0	0	0	0
睡得正香	udvx	简单鹤		0		0	0	0	0
生的伟大	udwd	简单鹤		0		0	0	0	0
受到污染	udwr	简单鹤		0		0	0	0	0
山东卫视	udwu	简单鹤		0		0	0	0	0
受到威胁	udwx	简单鹤		0		0	0	0	0
声带小结	udxj	简单鹤		0		0	0	0	0
圣地巡礼	udxl	简单鹤		0		0	0	0	0
升斗小民	udxm	简单鹤		0		0	0	0	0
生动形象	udxx	简单鹤		0		0	0	0	0
世代相沿	udxy	简单鹤		0		0	0	0	0
圣地巡游	udxy	简单鹤		0		0	0	0	0
说得也对	udyd	简单鹤		0		0	0	0	0
使动用法	udyf	简单鹤		0		0	0	0	0
世代友好	udyh	简单鹤		0		0	0	0	0
盛大宴会	udyh	简单鹤		0		0	0	0	0
杀敌一千	udyq	简单鹤		0		0	0	0	0
生动有趣	udyq	简单鹤		0		0	0	0	0
示敌以弱	udyr	简单鹤		0		0	0	0	0
傻得要死	udys	简单鹤		0		0	0	0	0
十大元帅	udyu	简单鹤		0		0	0	0	0
说的也是	udyu	简单鹤		0		0	0	0	0
实弹演习	udyx	简单鹤		0		0	0	0	0
稍等一下	udyx	简单鹤		0		0	0	0	0
受到阻碍	udza	简单鹤		0		0	0	0	0
摔倒在地	udzd	简单鹤		0		0	0	0	0
手动再见	udzj	简单鹤		0		0	0	0	0
上吊自杀	udzu	简单鹤		0		0	0	0	0
生而不同	uebt	简单鹤		0		0	0	0	0
数额不限	uebx	简单鹤		0		0	0	0	0
少儿不宜	ueby	简单鹤		0		0	0	0	0
少儿读物	uedw	简单鹤		0		0	0	0	0
善恶分明	uefm	简单鹤		0		0	0	0	0
时而感到	uegd	简单鹤		0		0	0	0	0
十二个月	uegy	简单鹤		0		0	0	0	0
十二经络	uejl	简单鹤		0		0	0	0	0
十二经脉	uejm	简单鹤		0		0	0	0	0
少儿节目	uejm	简单鹤		0		0	0	0	0
少儿频道	uepd	简单鹤		0		0	0	0	0
生而平等	uepd	简单鹤		0		0	0	0	0
十二三岁	uess	简单鹤		0		0	0	0	0
十二天王	uetw	简单鹤		0		0	0	0	0
十二属相	ueux	简单鹤		0		0	0	0	0
视而未见	uewj	简单鹤		0		0	0	0	0
十二小时	uexu	简单鹤		0		0	0	0	0
十二星座	uexz	简单鹤		0		0	0	0	0
是非不辨	ufbb	简单鹤		0		0	0	0	0
伤风败德	ufbd	简单鹤		0		0	0	0	0
是非不分	ufbf	简单鹤		0		0	0	0	0
十分宝贵	ufbg	简单鹤		0		0	0	0	0
少妇白洁	ufbj	简单鹤		0		0	0	0	0
身份背景	ufbj	简单鹤		0		0	0	0	0
十分不利	ufbl	简单鹤		0		0	0	0	0
十分悲痛	ufbt	简单鹤		0		0	0	0	0
收费标准	ufbv	简单鹤		0		0	0	0	0
十分把握	ufbw	简单鹤		0		0	0	0	0
十分必要	ufby	简单鹤		0		0	0	0	0
爽翻白眼	ufby	简单鹤		0		0	0	0	0
施法材料	ufcl	简单鹤		0		0	0	0	0
顺丰次日	ufcr	简单鹤		0		0	0	0	0
事发地点	ufdd	简单鹤		0		0	0	0	0
事发当天	ufdt	简单鹤		0		0	0	0	0
十分独特	ufdt	简单鹤		0		0	0	0	0
身份地位	ufdw	简单鹤		0		0	0	0	0
身份低下	ufdx	简单鹤		0		0	0	0	0
十分得意	ufdy	简单鹤		0		0	0	0	0
示范动作	ufdz	简单鹤		0		0	0	0	0
十分恩爱	ufea	简单鹤		0		0	0	0	0
顺风而呼	ufeh	简单鹤		1		0	0	0	0
十分丰富	ufff	简单鹤		0		0	0	0	0
十分反感	uffg	简单鹤		0		0	0	0	0
十分愤怒	uffn	简单鹤		0		0	0	0	0
双方分歧	uffq	简单鹤		0		0	0	0	0
十分繁荣	uffr	简单鹤		0		0	0	0	0
收费服务	uffw	简单鹤		0		0	0	0	0
时分复用	uffy	简单鹤		0		0	0	0	0
十分复杂	uffz	简单鹤		0		0	0	0	0
是否关闭	ufgb	简单鹤		0		0	0	0	0
杀伐果断	ufgd	简单鹤		0		0	0	0	0
始发改签	ufgq	简单鹤		0		0	0	0	0
省分公司	ufgs	简单鹤		0		0	0	0	0
十分感谢	ufgx	简单鹤		0		0	0	0	0
是非好歹	ufhd	简单鹤		0		0	0	0	0
十分猖獗	ufij	简单鹤		0		0	0	0	0
杀伐决断	ufjd	简单鹤	42	0		0	0	0	0
示范基地	ufjd	简单鹤		0		0	0	0	0
十分艰巨	ufjj	简单鹤		0		0	0	0	0
十分激烈	ufjl	简单鹤		0		0	0	0	0
是否接受	ufju	简单鹤		0		0	0	0	0
上房揭瓦	ufjw	简单鹤		0		0	0	0	0
十分恐怖	ufkb	简单鹤		0		0	0	0	0
顺丰快递	ufkd	简单鹤		0		0	0	0	0
十分看好	ufkh	简单鹤		0		0	0	0	0
十分快乐	ufkl	简单鹤		0		0	0	0	0
十分可能	ufkn	简单鹤		0		0	0	0	0
十分困难	ufkn	简单鹤		0		0	0	0	0
十分可怕	ufkp	简单鹤		0		0	0	0	0
十分渴望	ufkw	简单鹤		0		0	0	0	0
是否可以	ufky	简单鹤		0		0	0	0	0
十分了得	ufld	简单鹤		0		0	0	0	0
十分乐观	uflg	简单鹤		0		0	0	0	0
十分了解	uflj	简单鹤		0		0	0	0	0
是否明白	ufmb	简单鹤		0		0	0	0	0
十分麻烦	ufmf	简单鹤		0		0	0	0	0
十分明确	ufmq	简单鹤		0		0	0	0	0
十分明显	ufmx	简单鹤		0		0	0	0	0
十分满意	ufmy	简单鹤		0		0	0	0	0
烧饭弄菜	ufnc	简单鹤		0		0	0	0	0
十分难得	ufnd	简单鹤		0		0	0	0	0
胜负难分	ufnf	简单鹤		0		0	0	0	0
十分难过	ufng	简单鹤		0		0	0	0	0
十分难看	ufnk	简单鹤		0		0	0	0	0
胜负难料	ufnl	简单鹤		0		0	0	0	0
十分普遍	ufpb	简单鹤		0		0	0	0	0
十分漂亮	ufpl	简单鹤		0		0	0	0	0
十分确定	ufqd	简单鹤		0		0	0	0	0
双方签订	ufqd	简单鹤		0		0	0	0	0
十分奇怪	ufqg	简单鹤		0		0	0	0	0
十分钦佩	ufqp	简单鹤		0		0	0	0	0
双方确认	ufqr	简单鹤		0		0	0	0	0
十分轻松	ufqs	简单鹤		0		0	0	0	0
双方球员	ufqy	简单鹤		0		0	0	0	0
首发球员	ufqy	简单鹤		0		0	0	0	0
十分热闹	ufrn	简单鹤		0		0	0	0	0
十分荣幸	ufrx	简单鹤		0		0	0	0	0
十分如意	ufry	简单鹤		0		0	0	0	0
顺丰速运	ufsy	简单鹤		0		0	0	0	0
事发突然	uftr	简单鹤		0		0	0	0	0
收复失地	ufud	简单鹤		0		0	0	0	0
十方世界	ufuj	简单鹤		0		0	0	0	0
是否属实	ufuu	简单鹤		0		0	0	0	0
十分熟悉	ufux	简单鹤		0		0	0	0	0
是否准备	ufvb	简单鹤		0		0	0	0	0
十方诸佛	ufvf	简单鹤		0		0	0	0	0
是否支持	ufvi	简单鹤		0		0	0	0	0
十分震惊	ufvj	简单鹤		0		0	0	0	0
身份证件	ufvj	简单鹤		0		0	0	0	0
十分正确	ufvq	简单鹤		0		0	0	0	0
首发阵容	ufvr	简单鹤		0		0	0	0	0
十分重要	ufvy	简单鹤		0		0	0	0	0
示范文本	ufwb	简单鹤		0		0	0	0	0
十分完美	ufwm	简单鹤		0		0	0	0	0
胜负未知	ufwv	简单鹤		0		0	0	0	0
十分危险	ufwx	简单鹤		0		0	0	0	0
十分喜爱	ufxa	简单鹤		0		0	0	0	0
十分喜欢	ufxh	简单鹤		0		0	0	0	0
十分详尽	ufxj	简单鹤		0		0	0	0	0
十分相似	ufxs	简单鹤		0		0	0	0	0
十分迅速	ufxs	简单鹤		0		0	0	0	0
双方协商	ufxu	简单鹤		0		0	0	0	0
十分想往	ufxw	简单鹤		0		0	0	0	0
十分欣慰	ufxw	简单鹤		0		0	0	0	0
十分相像	ufxx	简单鹤		0		0	0	0	0
神妃仙子	ufxz	简单鹤		0		0	0	0	0
十分严格	ufyg	简单鹤		0		0	0	0	0
十分严厉	ufyl	简单鹤		0		0	0	0	0
十分严密	ufym	简单鹤		0		0	0	0	0
十分有趣	ufyq	简单鹤		0		0	0	0	0
收发由心	ufyx	简单鹤		0		0	0	0	0
烧饭做菜	ufzc	简单鹤		0		0	0	0	0
十分自然	ufzr	简单鹤		0		0	0	0	0
市公安局	ugaj	简单鹤		0		0	0	0	0
省公安厅	ugat	简单鹤		0		0	0	0	0
上个版本	ugbb	简单鹤		0		0	0	0	0
石锅拌饭	ugbf	简单鹤		0		0	0	0	0
十个八个	ugbg	简单鹤		0		0	0	0	0
身高臂长	ugbi	简单鹤		0		0	0	0	0
说个不停	ugbt	简单鹤		0		0	0	0	0
上个厕所	ugcs	简单鹤		0		0	0	0	0
手工操作	ugcz	简单鹤		0		0	0	0	0
施工地点	ugdd	简单鹤		0		0	0	0	0
事故多发	ugdf	简单鹤		0		0	0	0	0
砂锅豆腐	ugdf	简单鹤		0		0	0	0	0
神功大成	ugdi	简单鹤		0		0	0	0	0
时光倒流	ugdl	简单鹤		0		0	0	0	0
时隔多年	ugdn	简单鹤		0		0	0	0	0
十个多月	ugdy	简单鹤		0		0	0	0	0
善贾而沽	ugeg	简单鹤		1		0	0	0	0
施工方案	ugfa	简单鹤		0		0	0	0	0
收购废品	ugfp	简单鹤		0		0	0	0	0
谁敢放肆	ugfs	简单鹤		0		0	0	0	0
施工范围	ugfw	简单鹤		0		0	0	0	0
生根发芽	ugfy	简单鹤		0		0	0	0	0
水果罐头	uggt	简单鹤		0		0	0	0	0
睡个好觉	ughj	简单鹤		0		0	0	0	0
是个好人	ughr	简单鹤		0		0	0	0	0
施工合同	ught	简单鹤		0		0	0	0	0
神功护体	ught	简单鹤		0		0	0	0	0
生稿成绩	ugij	简单鹤		0		0	0	0	0
说个锤子	ugiz	简单鹤		0		0	0	0	0
上个季度	ugjd	简单鹤		0		0	0	0	0
收购计划	ugjh	简单鹤		0		0	0	0	0
时光胶囊	ugjn	简单鹤		0		0	0	0	0
时光机器	ugjq	简单鹤		0		0	0	0	0
上古卷轴	ugjv	简单鹤		0		0	0	0	0
手工劳动	ugld	简单鹤		0		0	0	0	0
疏肝理气	uglq	简单鹤		0		0	0	0	0
诗歌朗诵	ugls	简单鹤		0		0	0	0	0
睡过了头	uglt	简单鹤		0		0	0	0	0
时光流逝	uglu	简单鹤		0		0	0	0	0
上古老物	uglw	简单鹤		0		0	0	0	0
伸个懒腰	ugly	简单鹤		0		0	0	0	0
帅哥美女	ugmn	简单鹤		0		0	0	0	0
说个没完	ugmw	简单鹤		0		0	0	0	0
是个男人	ugnr	简单鹤		0		0	0	0	0
帅哥你谁	ugnu	简单鹤		0		0	0	0	0
睡过去了	ugql	简单鹤		0		0	0	0	0
手感全无	ugqw	简单鹤		0		0	0	0	0
深感歉意	ugqy	简单鹤		0		0	0	0	0
事故认定	ugrd	简单鹤		0		0	0	0	0
时光如水	ugru	简单鹤		0		0	0	0	0
施工日志	ugrv	简单鹤		0		0	0	0	0
水果忍者	ugrv	简单鹤		0		0	0	0	0
是个人物	ugrw	简单鹤		0		0	0	0	0
深感荣幸	ugrx	简单鹤		0		0	0	0	0
施工人员	ugry	简单鹤		0		0	0	0	0
时光隧道	ugsd	简单鹤		0		0	0	0	0
诗歌散文	ugsw	简单鹤		0		0	0	0	0
施工团队	ugtd	简单鹤		0		0	0	0	0
瘦高挑儿	ugte	简单鹤		0		0	0	0	0
手感太差	ugti	简单鹤		0		0	0	0	0
睡过头了	ugtl	简单鹤		0		0	0	0	0
身高体重	ugtv	简单鹤		0		0	0	0	0
谁跟谁啊	ugua	简单鹤		0		0	0	0	0
熟高熟低	ugud	简单鹤		0		0	0	0	0
水果沙拉	ugul	简单鹤		0		0	0	0	0
上古时期	uguq	简单鹤		0		0	0	0	0
山高水远	uguy	简单鹤	65	0		0	0	0	0
帅哥主播	ugvb	简单鹤		0		0	0	0	0
收官之战	ugvv	简单鹤		0		0	0	0	0
手工制作	ugvz	简单鹤		0		0	0	0	0
时光未老	ugwl	简单鹤		0		0	0	0	0
深谷为陵	ugwl	简单鹤		1		0	0	0	0
是个问题	ugwt	简单鹤		0		0	0	0	0
伤感文学	ugwx	简单鹤		0		0	0	0	0
实干兴邦	ugxb	简单鹤		0		0	0	0	0
十个小时	ugxu	简单鹤		0		0	0	0	0
少管闲事	ugxu	简单鹤		0		0	0	0	0
试过一次	ugyc	简单鹤		0		0	0	0	0
说过一次	ugyc	简单鹤		0		0	0	0	0
上个月的	ugyd	简单鹤		0		0	0	0	0
胜过一切	ugyq	简单鹤		0		0	0	0	0
深感自豪	ugzh	简单鹤		0		0	0	0	0
时候不到	uhbd	简单鹤		0		0	0	0	0
社会背景	uhbj	简单鹤		0		0	0	0	0
水火不侵	uhbq	简单鹤		0		0	0	0	0
伤害爆炸	uhbv	简单鹤		0		0	0	0	0
生活保障	uhbv	简单鹤		0		0	0	0	0
生活不易	uhby	简单鹤		0		0	0	0	0
说黑道白	uhdb	简单鹤		1		0	0	0	0
社会底层	uhdc	简单鹤		0		0	0	0	0
说话带刺	uhdc	简单鹤		0		0	0	0	0
社会大哥	uhdg	简单鹤		0		0	0	0	0
时候到了	uhdl	简单鹤		0		0	0	0	0
是何道理	uhdl	简单鹤		0		0	0	0	0
生活方面	uhfm	简单鹤		0		0	0	0	0
社会风貌	uhfm	简单鹤		0		0	0	0	0
社会分配	uhfp	简单鹤		0		0	0	0	0
社会抚养	uhfy	简单鹤		0		0	0	0	0
史海钩沉	uhgi	简单鹤		0		0	0	0	0
社会工程	uhgi	简单鹤		0		0	0	0	0
摄魂勾魄	uhgp	简单鹤		0		0	0	0	0
社会公平	uhgp	简单鹤		0		0	0	0	0
神话故事	uhgu	简单鹤		0		0	0	0	0
社会公约	uhgy	简单鹤		0		0	0	0	0
生活成本	uhib	简单鹤		0		0	0	0	0
善后处理	uhil	简单鹤		0		0	0	0	0
神话传说	uhiu	简单鹤		0		0	0	0	0
社会结构	uhjg	简单鹤		0		0	0	0	0
水火既济	uhjj	简单鹤		0		0	0	0	0
社会经济	uhjj	简单鹤		0		0	0	0	0
生活经历	uhjl	简单鹤		0		0	0	0	0
伤害减免	uhjm	简单鹤		0		0	0	0	0
社会集团	uhjt	简单鹤		0		0	0	0	0
审核机制	uhjv	简单鹤		0		0	0	0	0
社会救助	uhjv	简单鹤		0		0	0	0	0
身患绝症	uhjv	简单鹤		0		0	0	0	0
社会交往	uhjw	简单鹤		0		0	0	0	0
生活经验	uhjy	简单鹤		0		0	0	0	0
社会精英	uhjy	简单鹤		0		0	0	0	0
社会经验	uhjy	简单鹤		0		0	0	0	0
社会恐慌	uhkh	简单鹤		0		0	0	0	0
深海恐惧	uhkj	简单鹤		0		0	0	0	0
生活空间	uhkj	简单鹤		0		0	0	0	0
生活困难	uhkn	简单鹤		0		0	0	0	0
收获良多	uhld	简单鹤		0		0	0	0	0
生活乐趣	uhlq	简单鹤		0		0	0	0	0
社会矛盾	uhmd	简单鹤		0		0	0	0	0
收获满满	uhmm	简单鹤		0		0	0	0	0
生活美满	uhmm	简单鹤		0		0	0	0	0
生化魔人	uhmr	简单鹤		0		0	0	0	0
爽滑慢舔	uhmt	简单鹤		0		0	0	0	0
生化母体	uhmt	简单鹤		0		0	0	0	0
霜花满天	uhmt	简单鹤		0		0	0	0	0
社会民主	uhmv	简单鹤		0		0	0	0	0
收获颇丰	uhpf	简单鹤		0		0	0	0	0
生活贫困	uhpk	简单鹤		0		0	0	0	0
删号跑路	uhpl	简单鹤		0		0	0	0	0
神话破灭	uhpm	简单鹤		0		0	0	0	0
山河破碎	uhps	简单鹤		0		0	0	0	0
生活品质	uhpv	简单鹤		0		0	0	0	0
生活品位	uhpw	简单鹤		0		0	0	0	0
生活起居	uhqj	简单鹤		0		0	0	0	0
生活情趣	uhqq	简单鹤		0		0	0	0	0
生活融洽	uhrq	简单鹤		0		0	0	0	0
社会思潮	uhsi	简单鹤		0		0	0	0	0
水花四溅	uhsj	简单鹤		0		0	0	0	0
首行缩进	uhsj	简单鹤		0		0	0	0	0
生活所迫	uhsp	简单鹤		0		0	0	0	0
山河四省	uhsu	简单鹤		0		0	0	0	0
生活琐事	uhsu	简单鹤		0		0	0	0	0
生活态度	uhtd	简单鹤		0		0	0	0	0
生活体验	uhty	简单鹤		0		0	0	0	0
涉黑涉恶	uhue	简单鹤		0		0	0	0	0
社会事务	uhuw	简单鹤		0		0	0	0	0
神话生物	uhuw	简单鹤		0		0	0	0	0
社会实验	uhuy	简单鹤		0		0	0	0	0
税后收益	uhuy	简单鹤		0		0	0	0	0
说话声音	uhuy	简单鹤		0		0	0	0	0
身患重病	uhvb	简单鹤		0		0	0	0	0
事后诸葛	uhvg	简单鹤		0		0	0	0	0
生活状况	uhvk	简单鹤		0		0	0	0	0
生活质量	uhvl	简单鹤		0		0	0	0	0
社会招聘	uhvp	简单鹤		0		0	0	0	0
升华主题	uhvt	简单鹤		0		0	0	0	0
生活状态	uhvt	简单鹤		0		0	0	0	0
社会转型	uhvx	简单鹤		0		0	0	0	0
时候未到	uhwd	简单鹤		0		0	0	0	0
社会稳定	uhwd	简单鹤		0		0	0	0	0
生化危机	uhwj	简单鹤		0		0	0	0	0
生化武器	uhwq	简单鹤		0		0	0	0	0
山呼万岁	uhws	简单鹤		0		0	0	0	0
生活问题	uhwt	简单鹤		0		0	0	0	0
伤痕文学	uhwx	简单鹤		0		0	0	0	0
生活委员	uhwy	简单鹤		0		0	0	0	0
生活物资	uhwz	简单鹤		0		0	0	0	0
晒后修复	uhxf	简单鹤		0		0	0	0	0
蚀魂销骨	uhxg	简单鹤		0		0	0	0	0
社会心理	uhxl	简单鹤		0		0	0	0	0
生活需求	uhxq	简单鹤		0		0	0	0	0
社会需求	uhxq	简单鹤		0		0	0	0	0
社会习俗	uhxs	简单鹤		0		0	0	0	0
社会现实	uhxu	简单鹤		0		0	0	0	0
社会性质	uhxv	简单鹤		0		0	0	0	0
社会现状	uhxv	简单鹤		0		0	0	0	0
社会行为	uhxw	简单鹤		0		0	0	0	0
社会形象	uhxx	简单鹤		0		0	0	0	0
社会现象	uhxx	简单鹤		0		0	0	0	0
是何缘故	uhyg	简单鹤		0		0	0	0	0
伤害溢出	uhyi	简单鹤		0		0	0	0	0
审核意见	uhyj	简单鹤		0		0	0	0	0
生活愉快	uhyk	简单鹤		0		0	0	0	0
生活压力	uhyl	简单鹤		0		0	0	0	0
抒怀言志	uhyv	简单鹤		0		0	0	0	0
社会影响	uhyx	简单鹤		0		0	0	0	0
是何原因	uhyy	简单鹤		0		0	0	0	0
是何用意	uhyy	简单鹤		0		0	0	0	0
社会意义	uhyy	简单鹤		0		0	0	0	0
生活作风	uhzf	简单鹤		0		0	0	0	0
生火做饭	uhzf	简单鹤		0		0	0	0	0
稍后再看	uhzk	简单鹤		0		0	0	0	0
生活自理	uhzl	简单鹤		0		0	0	0	0
社会责任	uhzr	简单鹤		0		0	0	0	0
稍后再试	uhzu	简单鹤		0		0	0	0	0
稍后再说	uhzu	简单鹤		0		0	0	0	0
生活作息	uhzx	简单鹤		0		0	0	0	0
社会资源	uhzy	简单鹤		0		0	0	0	0
市场波动	uibd	简单鹤		0		0	0	0	0
审查报告	uibg	简单鹤		0		0	0	0	0
伤春悲秋	uibq	简单鹤		0		0	0	0	0
市场策划	uich	简单鹤		0		0	0	0	0
上传词提	uict	简单鹤		0		0	0	0	0
恃宠而骄	uiej	简单鹤		0		0	0	0	0
双重否定	uifd	简单鹤		0		0	0	0	0
事出反常	uifi	简单鹤		0		0	0	0	0
市场繁荣	uifr	简单鹤		0		0	0	0	0
市场发展	uifv	简单鹤		0		0	0	0	0
生产发展	uifv	简单鹤		0		0	0	0	0
市场风险	uifx	简单鹤		0		0	0	0	0
生产规模	uigm	简单鹤		0		0	0	0	0
时常跟着	uigv	简单鹤		0		0	0	0	0
山川河流	uihl	简单鹤		0		0	0	0	0
生产车间	uiij	简单鹤		0		0	0	0	0
市场开放	uikf	简单鹤		0		0	0	0	0
视触叩听	uikt	简单鹤		0		0	0	0	0
双厨狂喜	uikx	简单鹤		0		0	0	0	0
生产劳动	uild	简单鹤		0		0	0	0	0
市场评估	uipg	简单鹤		0		0	0	0	0
市场疲软	uipr	简单鹤		0		0	0	0	0
市场前景	uiqj	简单鹤		0		0	0	0	0
身处其中	uiqv	简单鹤		0		0	0	0	0
生产企业	uiqy	简单鹤		0		0	0	0	0
双重人格	uirg	简单鹤		0		0	0	0	0
生产日期	uirq	简单鹤		0		0	0	0	0
市长热线	uirx	简单鹤		0		0	0	0	0
师出同门	uitm	简单鹤		0		0	0	0	0
市场调研	uity	简单鹤		0		0	0	0	0
生产设备	uiub	简单鹤		0		0	0	0	0
输出设备	uiub	简单鹤		0		0	0	0	0
上床睡觉	uiuj	简单鹤		0		0	0	0	0
伸出手来	uiul	简单鹤		0		0	0	0	0
生产水平	uiup	简单鹤		0		0	0	0	0
伸出双手	uiuu	简单鹤		0		0	0	0	0
生产设施	uiuu	简单鹤		0		0	0	0	0
事成之前	uivq	简单鹤		0		0	0	0	0
市场主体	uivt	简单鹤		0		0	0	0	0
双城之战	uivv	简单鹤		0		0	0	0	0
市场秩序	uivx	简单鹤		0		0	0	0	0
生产秩序	uivx	简单鹤		0		0	0	0	0
上传文件	uiwj	简单鹤		0		0	0	0	0
删除文件	uiwj	简单鹤		0		0	0	0	0
输出信号	uixh	简单鹤		0		0	0	0	0
身处险境	uixj	简单鹤		0		0	0	0	0
上床下桌	uixv	简单鹤		0		0	0	0	0
时辰已到	uiyd	简单鹤		0		0	0	0	0
双重压力	uiyl	简单鹤		0		0	0	0	0
伸出援手	uiyu	简单鹤		0		0	0	0	0
市场运营	uiyy	简单鹤		0		0	0	0	0
时间安排	ujap	简单鹤		0		0	0	0	0
数据保存	ujbc	简单鹤		0		0	0	0	0
时间不多	ujbd	简单鹤		0		0	0	0	0
尸检报告	ujbg	简单鹤		0		0	0	0	0
时间宝贵	ujbg	简单鹤		0		0	0	0	0
数据保护	ujbh	简单鹤		0		0	0	0	0
时机不好	ujbh	简单鹤		0		0	0	0	0
手脚冰凉	ujbl	简单鹤		0		0	0	0	0
闪击波兰	ujbl	简单鹤		0		0	0	0	0
十九八七	ujbq	简单鹤		0		0	0	0	0
世间百态	ujbt	简单鹤		0		0	0	0	0
市井百态	ujbt	简单鹤		0		0	0	0	0
手机壁纸	ujbv	简单鹤		0		0	0	0	0
瞬间爆炸	ujbv	简单鹤		0		0	0	0	0
手脚并用	ujby	简单鹤		0		0	0	0	0
时间不早	ujbz	简单鹤		0		0	0	0	0
身价倍增	ujbz	简单鹤		0		0	0	0	0
时间仓促	ujcc	简单鹤		0		0	0	0	0
时间刺客	ujck	简单鹤		0		0	0	0	0
事急从权	ujcq	简单鹤		0		0	0	0	0
神经脆弱	ujcr	简单鹤		0		0	0	0	0
实际参数	ujcu	简单鹤		0		0	0	0	0
社稷次之	ujcv	简单鹤		0		0	0	0	0
时局动荡	ujdd	简单鹤		0		0	0	0	0
世界第二	ujde	简单鹤		0		0	0	0	0
数据对接	ujdj	简单鹤		0		0	0	0	0
双击打开	ujdk	简单鹤		0		0	0	0	0
时间倒流	ujdl	简单鹤		0		0	0	0	0
时间到了	ujdl	简单鹤		0		0	0	0	0
手机电脑	ujdn	简单鹤		0		0	0	0	0
世界大赛	ujds	简单鹤		0		0	0	0	0
世界第三	ujds	简单鹤		0		0	0	0	0
世界地图	ujdt	简单鹤		0		0	0	0	0
神经大条	ujdt	简单鹤		0		0	0	0	0
手机电视	ujdu	简单鹤		0		0	0	0	0
数据丢失	ujdu	简单鹤		0		0	0	0	0
神经递质	ujdv	简单鹤		0		0	0	0	0
时间单位	ujdw	简单鹤		0		0	0	0	0
世家大族	ujdz	简单鹤		0		0	0	0	0
时间丰富	ujff	简单鹤		0		0	0	0	0
升降浮沉	ujfi	简单鹤		0		0	0	0	0
受击反馈	ujfk	简单鹤		0		0	0	0	0
世界妇女	ujfn	简单鹤		0		0	0	0	0
数据分析	ujfx	简单鹤		0		0	0	0	0
市级干部	ujgb	简单鹤		0		0	0	0	0
省级干部	ujgb	简单鹤		0		0	0	0	0
上交国家	ujgj	简单鹤		0		0	0	0	0
上缴国库	ujgk	简单鹤		0		0	0	0	0
时间管理	ujgl	简单鹤		0		0	0	0	0
时间观念	ujgn	简单鹤		0		0	0	0	0
时间过去	ujgq	简单鹤		0		0	0	0	0
十佳歌手	ujgu	简单鹤		0		0	0	0	0
时间关系	ujgx	简单鹤		0		0	0	0	0
上架感言	ujgy	简单鹤		0		0	0	0	0
时间够用	ujgy	简单鹤		0		0	0	0	0
身家过亿	ujgy	简单鹤		0		0	0	0	0
升级改造	ujgz	简单鹤		0		0	0	0	0
双剑合璧	ujhb	简单鹤		0		0	0	0	0
实践活动	ujhd	简单鹤		0		0	0	0	0
社交活动	ujhd	简单鹤		0		0	0	0	0
手机话费	ujhf	简单鹤		0		0	0	0	0
数据恢复	ujhf	简单鹤		0		0	0	0	0
社交悍匪	ujhf	简单鹤		0		0	0	0	0
世界环境	ujhj	简单鹤		0		0	0	0	0
手机号码	ujhm	简单鹤		0		0	0	0	0
时间成本	ujib	简单鹤		0		0	0	0	0
视距传播	ujib	简单鹤		0		0	0	0	0
手机充电	ujid	简单鹤		0		0	0	0	0
时间长短	ujid	简单鹤		0		0	0	0	0
神经冲动	ujid	简单鹤		0		0	0	0	0
世纪宠儿	ujie	简单鹤		0		0	0	0	0
时间充分	ujif	简单鹤		0		0	0	0	0
睡觉吃饭	ujif	简单鹤		0		0	0	0	0
实践成果	ujig	简单鹤		0		0	0	0	0
设计初稿	ujig	简单鹤		0		0	0	0	0
时间长了	ujil	简单鹤		0		0	0	0	0
数据传输	ujiu	简单鹤		0		0	0	0	0
时机成熟	ujiu	简单鹤		0		0	0	0	0
手机充值	ujiv	简单鹤		0		0	0	0	0
实践创新	ujix	简单鹤		0		0	0	0	0
时间充裕	ujiy	简单鹤		0		0	0	0	0
时间充足	ujiz	简单鹤		0		0	0	0	0
时间紧促	ujjc	简单鹤		0		0	0	0	0
时间节点	ujjd	简单鹤		0		0	0	0	0
数据结构	ujjg	简单鹤		0		0	0	0	0
实践经历	ujjl	简单鹤		0		0	0	0	0
时间紧迫	ujjp	简单鹤		0		0	0	0	0
删减剧情	ujjq	简单鹤		0		0	0	0	0
手机截图	ujjt	简单鹤		0		0	0	0	0
时间静止	ujjv	简单鹤		0		0	0	0	0
升级经验	ujjy	简单鹤		0		0	0	0	0
手机静音	ujjy	简单鹤		0		0	0	0	0
时间跨度	ujkd	简单鹤		0		0	0	0	0
设计开发	ujkf	简单鹤		0		0	0	0	0
少讲空话	ujkh	简单鹤		0		0	0	0	0
实际困难	ujkn	简单鹤		0		0	0	0	0
十几块钱	ujkq	简单鹤		0		0	0	0	0
上机考试	ujku	简单鹤		0		0	0	0	0
实际控制	ujkv	简单鹤		0		0	0	0	0
数据录入	ujlr	简单鹤		0		0	0	0	0
赏金猎人	ujlr	简单鹤		0		0	0	0	0
手机聊天	ujlt	简单鹤		0		0	0	0	0
手机论坛	ujlt	简单鹤		0		0	0	0	0
时间流逝	ujlu	简单鹤		0		0	0	0	0
实机录制	ujlv	简单鹤		0		0	0	0	0
世界领先	ujlx	简单鹤		0		0	0	0	0
数据类型	ujlx	简单鹤		0		0	0	0	0
手机录音	ujly	简单鹤		0		0	0	0	0
社交礼仪	ujly	简单鹤		0		0	0	0	0
稍加留意	ujly	简单鹤		0		0	0	0	0
世界名画	ujmh	简单鹤		0		0	0	0	0
实际面积	ujmj	简单鹤		0		0	0	0	0
神经募集	ujmj	简单鹤		0		0	0	0	0
上级目录	ujml	简单鹤		0		0	0	0	0
手脚麻利	ujml	简单鹤		0		0	0	0	0
世界名牌	ujmp	简单鹤		0		0	0	0	0
世纪末期	ujmq	简单鹤		0		0	0	0	0
世界末日	ujmr	简单鹤		0		0	0	0	0
社交媒体	ujmt	简单鹤		0		0	0	0	0
世界名著	ujmv	简单鹤		0		0	0	0	0
数据模型	ujmx	简单鹤		0		0	0	0	0
世界贸易	ujmy	简单鹤		0		0	0	0	0
十级美颜	ujmy	简单鹤		0		0	0	0	0
数据漫游	ujmy	简单鹤		0		0	0	0	0
世界民族	ujmz	简单鹤		0		0	0	0	0
十几年后	ujnh	简单鹤		0		0	0	0	0
神经内科	ujnk	简单鹤		0		0	0	0	0
实践能力	ujnl	简单鹤		0		0	0	0	0
实际年龄	ujnl	简单鹤		0		0	0	0	0
社交能力	ujnl	简单鹤		0		0	0	0	0
石矶娘娘	ujnn	简单鹤		0		0	0	0	0
十几年前	ujnq	简单鹤		0		0	0	0	0
删减内容	ujnr	简单鹤		0		0	0	0	0
设计内容	ujnr	简单鹤		0		0	0	0	0
世界难题	ujnt	简单鹤		0		0	0	0	0
世纪难题	ujnt	简单鹤		0		0	0	0	0
手机闹钟	ujnv	简单鹤		0		0	0	0	0
手机配件	ujpj	简单鹤		0		0	0	0	0
视觉疲劳	ujpl	简单鹤		0		0	0	0	0
世界排名	ujpm	简单鹤		0		0	0	0	0
手机屏幕	ujpm	简单鹤		0		0	0	0	0
手机平台	ujpt	简单鹤		0		0	0	0	0
时间排序	ujpx	简单鹤		0		0	0	0	0
身家千万	ujqw	简单鹤		0		0	0	0	0
身娇肉贵	ujrg	简单鹤		0		0	0	0	0
手机软件	ujrj	简单鹤		0		0	0	0	0
世界人口	ujrk	简单鹤		0		0	0	0	0
时间日期	ujrq	简单鹤		0		0	0	0	0
时间如梭	ujrs	简单鹤		0		0	0	0	0
尸积如山	ujru	简单鹤		0		0	0	0	0
善解人衣	ujry	简单鹤		0		0	0	0	0
时间隧道	ujsd	简单鹤		0		0	0	0	0
视角锁定	ujsd	简单鹤		0		0	0	0	0
设计思路	ujsl	简单鹤		0		0	0	0	0
设计思想	ujsx	简单鹤		0		0	0	0	0
数据同步	ujtb	简单鹤		0		0	0	0	0
伤筋痛骨	ujtg	简单鹤		0		0	0	0	0
杀鸡屠狗	ujtg	简单鹤		0		0	0	0	0
时间太长	ujti	简单鹤		0		0	0	0	0
数据统计	ujtj	简单鹤		0		0	0	0	0
世纪同框	ujtk	简单鹤		0		0	0	0	0
时间太快	ujtk	简单鹤		0		0	0	0	0
手机贴膜	ujtm	简单鹤		0		0	0	0	0
时间停止	ujtv	简单鹤		0		0	0	0	0
设计图纸	ujtv	简单鹤		0		0	0	0	0
实际体验	ujty	简单鹤		0		0	0	0	0
时间推移	ujty	简单鹤		0		0	0	0	0
视觉体验	ujty	简单鹤		0		0	0	0	0
数据上报	ujub	简单鹤		0		0	0	0	0
设计手册	ujuc	简单鹤		0		0	0	0	0
失节事大	ujud	简单鹤		0		0	0	0	0
世界首富	ujuf	简单鹤		0		0	0	0	0
书接上回	ujuh	简单鹤		0		0	0	0	0
说句实话	ujuh	简单鹤		0		0	0	0	0
失敬失敬	ujuj	简单鹤		0		0	0	0	0
实际上呢	ujun	简单鹤		0		0	0	0	0
世界水平	ujup	简单鹤		0		0	0	0	0
实际水平	ujup	简单鹤		0		0	0	0	0
实际收入	ujur	简单鹤		0		0	0	0	0
实际上是	ujuu	简单鹤		0		0	0	0	0
世界首位	ujuw	简单鹤		0		0	0	0	0
时间顺序	ujux	简单鹤		0		0	0	0	0
世间少有	ujuy	简单鹤		0		0	0	0	0
视觉盛宴	ujuy	简单鹤		0		0	0	0	0
输就输在	ujuz	简单鹤		0		0	0	0	0
世界之大	ujvd	简单鹤		0		0	0	0	0
世界之巅	ujvd	简单鹤		0		0	0	0	0
手机震动	ujvd	简单鹤		0		0	0	0	0
手机支付	ujvf	简单鹤		0		0	0	0	0
视觉中国	ujvg	简单鹤		0		0	0	0	0
数据支撑	ujvi	简单鹤		0		0	0	0	0
手机支架	ujvj	简单鹤		0		0	0	0	0
收集证据	ujvj	简单鹤		0		0	0	0	0
水晶之恋	ujvl	简单鹤		0		0	0	0	0
世界著名	ujvm	简单鹤		0		0	0	0	0
嗜痂之癖	ujvp	简单鹤		1		0	0	0	0
身肩重任	ujvr	简单鹤		0		0	0	0	0
手机助手	ujvu	简单鹤		0		0	0	0	0
世界政治	ujvv	简单鹤		0		0	0	0	0
世纪之战	ujvv	简单鹤		0		0	0	0	0
稍加注意	ujvy	简单鹤		0		0	0	0	0
世界之最	ujvz	简单鹤		0		0	0	0	0
时机未到	ujwd	简单鹤		0		0	0	0	0
时间未到	ujwd	简单鹤		0		0	0	0	0
伤及无辜	ujwg	简单鹤		0		0	0	0	0
实际完成	ujwi	简单鹤		0		0	0	0	0
神经外科	ujwk	简单鹤		0		0	0	0	0
神经网络	ujwl	简单鹤		0		0	0	0	0
世界文明	ujwm	简单鹤		0		0	0	0	0
视觉污染	ujwr	简单鹤		0		0	0	0	0
世界舞台	ujwt	简单鹤		0		0	0	0	0
世间万物	ujww	简单鹤		0		0	0	0	0
实际效果	ujxg	简单鹤		0		0	0	0	0
视觉效果	ujxg	简单鹤		0		0	0	0	0
手机信号	ujxh	简单鹤		0		0	0	0	0
时间循环	ujxh	简单鹤		0		0	0	0	0
谁家小孩	ujxh	简单鹤		0		0	0	0	0
神级现场	ujxi	简单鹤		0		0	0	0	0
上绞刑架	ujxj	简单鹤		0		0	0	0	0
市井小民	ujxm	简单鹤		0		0	0	0	0
市井小人	ujxr	简单鹤		1		0	0	0	0
世界形势	ujxu	简单鹤		0		0	0	0	0
数据显示	ujxu	简单鹤		0		0	0	0	0
时间限制	ujxv	简单鹤		0		0	0	0	0
时机已到	ujyd	简单鹤		0		0	0	0	0
时间一到	ujyd	简单鹤		0		0	0	0	0
瞬间移动	ujyd	简单鹤		0		0	0	0	0
世界遗产	ujyi	简单鹤		0		0	0	0	0
时间一长	ujyi	简单鹤		0		0	0	0	0
时间一久	ujyj	简单鹤		0		0	0	0	0
世界一流	ujyl	简单鹤		0		0	0	0	0
实机演示	ujyu	简单鹤		0		0	0	0	0
身居要职	ujyv	简单鹤		0		0	0	0	0
身居要位	ujyw	简单鹤		0		0	0	0	0
时间有限	ujyx	简单鹤		0		0	0	0	0
实际应用	ujyy	简单鹤		0		0	0	0	0
手机应用	ujyy	简单鹤		0		0	0	0	0
世界坐标	ujzb	简单鹤		0		0	0	0	0
设计总监	ujzj	简单鹤		0		0	0	0	0
视觉暂留	ujzl	简单鹤		0		0	0	0	0
上机作业	ujzy	简单鹤		0		0	0	0	0
实际作用	ujzy	简单鹤		0		0	0	0	0
暑假作业	ujzy	简单鹤		0		0	0	0	0
时刻保持	ukbi	简单鹤		0		0	0	0	0
舒克贝塔	ukbt	简单鹤		0		0	0	0	0
深刻把握	ukbw	简单鹤		0		0	0	0	0
甩开膀子	ukbz	简单鹤		0		0	0	0	0
时刻都在	ukdz	简单鹤		0		0	0	0	0
首开风气	ukfq	简单鹤		0		0	0	0	0
深刻反思	ukfs	简单鹤		0		0	0	0	0
蛇口蜂针	ukfv	简单鹤		1		0	0	0	0
时空回溯	ukhs	简单鹤		0		0	0	0	0
时空穿越	ukiy	简单鹤		0		0	0	0	0
授课计划	ukjh	简单鹤		0		0	0	0	0
数控机床	ukji	简单鹤		0		0	0	0	0
时空警察	ukji	简单鹤		0		0	0	0	0
首开纪录	ukjl	简单鹤		0		0	0	0	0
深刻记忆	ukjy	简单鹤		0		0	0	0	0
闪客快打	ukkd	简单鹤		0		0	0	0	0
深刻领会	uklh	简单鹤		0		0	0	0	0
深刻理解	uklj	简单鹤		0		0	0	0	0
是可能的	uknd	简单鹤		0		0	0	0	0
时刻陪伴	ukpb	简单鹤		0		0	0	0	0
删库跑路	ukpl	简单鹤		0		0	0	0	0
绳捆索绑	uksb	简单鹤		0		0	0	0	0
时空隧道	uksd	简单鹤		0		0	0	0	0
深刻思想	uksx	简单鹤		0		0	0	0	0
伤口撒盐	uksy	简单鹤		0		0	0	0	0
时刻提醒	uktx	简单鹤		0		0	0	0	0
双卡双待	ukud	简单鹤		0		0	0	0	0
矧可射思	ukus	简单鹤		0		0	0	0	0
实况转播	ukvb	简单鹤		0		0	0	0	0
时刻准备	ukvb	简单鹤		0		0	0	0	0
生克制化	ukvh	简单鹤		0		0	0	0	0
声卡战士	ukvu	简单鹤		0		0	0	0	0
刷卡消费	ukxf	简单鹤		0		0	0	0	0
是可以的	ukyd	简单鹤		0		0	0	0	0
深刻印象	ukyx	简单鹤		0		0	0	0	0
手口足病	ukzb	简单鹤		0		0	0	0	0
书刊杂志	ukzv	简单鹤		0		0	0	0	0
审理案件	ulaj	简单鹤		0		0	0	0	0
生理变化	ulbh	简单鹤		0		0	0	0	0
傻了吧唧	ulbj	简单鹤		0		0	0	0	0
双链笔记	ulbj	简单鹤		0		0	0	0	0
师老兵疲	ulbp	简单鹤		1		0	0	0	0
实力不强	ulbq	简单鹤		0		0	0	0	0
实力不俗	ulbs	简单鹤		0		0	0	0	0
说了不算	ulbs	简单鹤		0		0	0	0	0
说了半天	ulbt	简单鹤		0		0	0	0	0
生理不适	ulbu	简单鹤		0		0	0	0	0
说了白说	ulbu	简单鹤		0		0	0	0	0
实力暴涨	ulbv	简单鹤		0		0	0	0	0
说来惭愧	ulck	简单鹤		0		0	0	0	0
杀戮地带	uldd	简单鹤		0		0	0	0	0
顺利到达	uldd	简单鹤		0		0	0	0	0
闪亮登场	uldi	简单鹤		0		0	0	0	0
实力倒退	uldt	简单鹤		0		0	0	0	0
上了大学	uldx	简单鹤		0		0	0	0	0
实力大增	uldz	简单鹤		0		0	0	0	0
适龄儿童	ulet	简单鹤		0		0	0	0	0
失了分寸	ulfc	简单鹤		0		0	0	0	0
上了飞机	ulfj	简单鹤		0		0	0	0	0
上了发条	ulft	简单鹤		0		0	0	0	0
顺利发展	ulfv	简单鹤		0		0	0	0	0
水落归槽	ulgc	简单鹤		1		0	0	0	0
十六宫格	ulgg	简单鹤		0		0	0	0	0
顺利过关	ulgg	简单鹤		0		0	0	0	0
双料冠军	ulgj	简单鹤		0		0	0	0	0
睡了个觉	ulgj	简单鹤		0		0	0	0	0
生理功能	ulgn	简单鹤		0		0	0	0	0
数量关系	ulgx	简单鹤		0		0	0	0	0
生理活动	ulhd	简单鹤		0		0	0	0	0
睡了会儿	ulhe	简单鹤		0		0	0	0	0
熟练程度	ulid	简单鹤		0		0	0	0	0
十里长亭	ulit	简单鹤		1		0	0	0	0
生理健康	uljk	简单鹤		0		0	0	0	0
胜利结算	uljs	简单鹤		0		0	0	0	0
杀戮尖塔	uljt	简单鹤		0		0	0	0	0
上来就是	ulju	简单鹤		0		0	0	0	0
顺利举行	uljx	简单鹤		0		0	0	0	0
十聋九哑	uljy	简单鹤		0		0	0	0	0
史料记载	uljz	简单鹤		0		0	0	0	0
数量可观	ulkg	简单鹤		0		0	0	0	0
舒了口气	ulkq	简单鹤		0		0	0	0	0
顺利开展	ulkv	简单鹤		0		0	0	0	0
胜利凯旋	ulkx	简单鹤		0		0	0	0	0
山里灵活	ullh	简单鹤		0		0	0	0	0
神里绫华	ullh	简单鹤		0		0	0	0	0
树立理想	ullx	简单鹤		0		0	0	0	0
水陆两用	ully	简单鹤		0		0	0	0	0
说漏了嘴	ullz	简单鹤		0		0	0	0	0
视力模糊	ulmh	简单鹤		0		0	0	0	0
上了年纪	ulnj	简单鹤		0		0	0	0	0
手里拿着	ulnv	简单鹤		0		0	0	0	0
手里捧着	ulpv	简单鹤		0		0	0	0	0
神乐七奈	ulqn	简单鹤		0		0	0	0	0
神楽七奈	ulqn	简单鹤		0		0	0	0	0
十六七岁	ulqs	简单鹤		0		0	0	0	0
石榴裙下	ulqx	简单鹤		0		0	0	0	0
收揽人心	ulrx	简单鹤		0		0	0	0	0
说来容易	ulry	简单鹤		0		0	0	0	0
顺利通过	ultg	简单鹤		0		0	0	0	0
十里桃花	ulth	简单鹤		0		0	0	0	0
数理统计	ultj	简单鹤		0		0	0	0	0
顺利推进	ultj	简单鹤		0		0	0	0	0
说来听听	ultt	简单鹤		0		0	0	0	0
生理特征	ultv	简单鹤		0		0	0	0	0
神罗天征	ultv	简单鹤		0		0	0	0	0
顺利上岸	ulua	简单鹤		0		0	0	0	0
十连双黄	uluh	简单鹤		0		0	0	0	0
少林圣僧	ulus	简单鹤		0		0	0	0	0
谁来谁死	ulus	简单鹤		0		0	0	0	0
收了神通	ulut	简单鹤		0		0	0	0	0
顺利实现	ulux	简单鹤		0		0	0	0	0
数量众多	ulvd	简单鹤		0		0	0	0	0
势利之交	ulvj	简单鹤		0		0	0	0	0
胜利召开	ulvk	简单鹤		0		0	0	0	0
生理周期	ulvq	简单鹤		0		0	0	0	0
手拉着手	ulvu	简单鹤		0		0	0	0	0
审理之中	ulvv	简单鹤		0		0	0	0	0
熟练掌握	ulvw	简单鹤		0		0	0	0	0
收敛止血	ulvx	简单鹤		0		0	0	0	0
受了委屈	ulwq	简单鹤		0		0	0	0	0
神劳形瘁	ulxc	简单鹤		0		0	0	0	0
实力相当	ulxd	简单鹤		0		0	0	0	0
售楼小姐	ulxj	简单鹤		0		0	0	0	0
生理需求	ulxq	简单鹤		0		0	0	0	0
势利小人	ulxr	简单鹤		0		0	0	0	0
生理需要	ulxy	简单鹤		0		0	0	0	0
少了一个	ulyg	简单鹤		0		0	0	0	0
摔了一跤	ulyj	简单鹤		0		0	0	0	0
睡了一觉	ulyj	简单鹤		0		0	0	0	0
说了一句	ulyj	简单鹤		0		0	0	0	0
上了一课	ulyk	简单鹤		0		0	0	0	0
湿了眼眶	ulyk	简单鹤		0		0	0	0	0
输了赢了	ulyl	简单鹤		0		0	0	0	0
说来也巧	ulyq	简单鹤		0		0	0	0	0
生理因素	ulys	简单鹤		0		0	0	0	0
商量一下	ulyx	简单鹤		0		0	0	0	0
手留余香	ulyx	简单鹤		0		0	0	0	0
试了一下	ulyx	简单鹤		0		0	0	0	0
省立医院	ulyy	简单鹤		0		0	0	0	0
上了贼船	ulzi	简单鹤		0		0	0	0	0
矢量字体	ulzt	简单鹤		0		0	0	0	0
水利资源	ulzy	简单鹤		0		0	0	0	0
水力资源	ulzy	简单鹤		0		0	0	0	0
上门按摩	umam	简单鹤		0		0	0	0	0
生命安全	umaq	简单鹤		0		0	0	0	0
书面表达	umbd	简单鹤		0		0	0	0	0
使命必达	umbd	简单鹤		0		0	0	0	0
说明白点	umbd	简单鹤		0		0	0	0	0
数码变焦	umbj	简单鹤		0		0	0	0	0
生命不止	umbv	简单鹤		0		0	0	0	0
睡眠不足	umbz	简单鹤		0		0	0	0	0
书面材料	umcl	简单鹤		0		0	0	0	0
双盲测试	umcu	简单鹤		0		0	0	0	0
神秘大奖	umdj	简单鹤		0		0	0	0	0
水墨丹青	umdq	简单鹤		0		0	0	0	0
神马东西	umdx	简单鹤		0		0	0	0	0
神马东锡	umdx	简单鹤		0		0	0	0	0
神秘复苏	umfs	简单鹤		0		0	0	0	0
水磨功夫	umgf	简单鹤		0		0	0	0	0
实名观看	umgk	简单鹤		0		0	0	0	0
神秘顾客	umgk	简单鹤		0		0	0	0	0
审美过时	umgu	简单鹤		0		0	0	0	0
声名赫赫	umhh	简单鹤		0		0	0	0	0
神秘海域	umhy	简单鹤		0		0	0	0	0
实名举报	umjb	简单鹤		0		0	0	0	0
神秘嘉宾	umjb	简单鹤		0		0	0	0	0
双眉紧蹙	umjc	简单鹤		0		0	0	0	0
睡眠监测	umjc	简单鹤		0		0	0	0	0
双面间谍	umjd	简单鹤		0		0	0	0	0
实木家具	umjj	简单鹤		0		0	0	0	0
审美降级	umjj	简单鹤		0		0	0	0	0
说没就没	umjm	简单鹤		0		0	0	0	0
生命尽头	umjt	简单鹤		0		0	0	0	0
数码技术	umju	简单鹤		0		0	0	0	0
审美畸形	umjx	简单鹤		0		0	0	0	0
生命迹象	umjx	简单鹤		0		0	0	0	0
书面记载	umjz	简单鹤		0		0	0	0	0
生命可贵	umkg	简单鹤		0		0	0	0	0
数码科技	umkj	简单鹤		0		0	0	0	0
睡梦罗汉	umlh	简单鹤		0		0	0	0	0
神秘老人	umlr	简单鹤		0		0	0	0	0
沙漠骆驼	umlt	简单鹤		0		0	0	0	0
说明来意	umly	简单鹤		0		0	0	0	0
说明理由	umly	简单鹤		0		0	0	0	0
神秘面纱	ummu	简单鹤		0		0	0	0	0
盛名难却	umnq	简单鹤		0		0	0	0	0
上门女婿	umnx	简单鹤		0		0	0	0	0
神秘女子	umnz	简单鹤		0		0	0	0	0
神秘男子	umnz	简单鹤		0		0	0	0	0
审美疲劳	umpl	简单鹤		0		0	0	0	0
上门取件	umqj	简单鹤		0		0	0	0	0
神马情况	umqk	简单鹤		0		0	0	0	0
上门乞讨	umqt	简单鹤		0		0	0	0	0
生命起源	umqy	简单鹤		0		0	0	0	0
神目如电	umrd	简单鹤		0		0	0	0	0
双目如炬	umrj	简单鹤		0		0	0	0	0
实名认证	umrv	简单鹤		0		0	0	0	0
收买人心	umrx	简单鹤		0		0	0	0	0
睡眠瘫痪	umth	简单鹤		0		0	0	0	0
书面通知	umtv	简单鹤		0		0	0	0	0
水蜜桃轴	umtv	简单鹤		0		0	0	0	0
生命体征	umtv	简单鹤		0		0	0	0	0
神庙逃亡	umtw	简单鹤		0		0	0	0	0
说没说过	umug	简单鹤		0		0	0	0	0
甚么时候	umuh	简单鹤		0		0	0	0	0
神马事情	umuq	简单鹤		0		0	0	0	0
实名上网	umuw	简单鹤		0		0	0	0	0
双盲实验	umuy	简单鹤		0		0	0	0	0
神秘失踪	umuz	简单鹤		0		0	0	0	0
生命中的	umvd	简单鹤		0		0	0	0	0
上面这个	umvg	简单鹤		0		0	0	0	0
生命之歌	umvg	简单鹤		0		0	0	0	0
沙漠之狼	umvl	简单鹤		0		0	0	0	0
睡眠质量	umvl	简单鹤		0		0	0	0	0
生命周期	umvq	简单鹤		0		0	0	0	0
省民政厅	umvt	简单鹤		0		0	0	0	0
上面这种	umvv	简单鹤		0		0	0	0	0
上面这些	umvx	简单鹤		0		0	0	0	0
盛名之下	umvx	简单鹤	339	0		0	0	0	0
生命之源	umvy	简单鹤		0		0	0	0	0
舒眉展眼	umvy	简单鹤		1		0	0	0	0
说明文档	umwd	简单鹤		0		0	0	0	0
说明文件	umwj	简单鹤		0		0	0	0	0
双目微眯	umwm	简单鹤		0		0	0	0	0
说明问题	umwt	简单鹤		0		0	0	0	0
生命危险	umwx	简单鹤		0		0	0	0	0
舍命相救	umxj	简单鹤		0		0	0	0	0
数码相框	umxk	简单鹤		0		0	0	0	0
实名羡慕	umxm	简单鹤		0		0	0	0	0
神秘现象	umxx	简单鹤		0		0	0	0	0
舍命一击	umyj	简单鹤		0		0	0	0	0
受命于天	umyt	简单鹤		0		0	0	0	0
双目圆睁	umyv	简单鹤		0		0	0	0	0
声名远扬	umyy	简单鹤		0		0	0	0	0
上门自提	umzt	简单鹤		0		0	0	0	0
鼠眉贼眼	umzy	简单鹤		0		0	0	0	0
少年阿宾	unab	简单鹤		0		0	0	0	0
十年不晚	unbw	简单鹤		0		0	0	0	0
手脑并用	unby	简单鹤		0		0	0	0	0
少年得志	undv	简单鹤		0		0	0	0	0
尚能饭否	unff	简单鹤		0		0	0	0	0
水泥封心	unfx	简单鹤		0		0	0	0	0
是那个吗	ungm	简单鹤		0		0	0	0	0
水泥工业	ungy	简单鹤		0		0	0	0	0
少女怀春	unhi	简单鹤		0		0	0	0	0
水泥产量	unil	简单鹤		0		0	0	0	0
少女卷轴	unjv	简单鹤		0		0	0	0	0
室内空气	unkq	简单鹤		0		0	0	0	0
十年老兵	unlb	简单鹤		0		0	0	0	0
十年老粉	unlf	简单鹤		0		0	0	0	0
说哪里话	unlh	简单鹤		0		0	0	0	0
少女萝莉	unll	简单鹤		0		0	0	0	0
山南路远	unly	简单鹤		0		0	0	0	0
是那么的	unmd	简单鹤		0		0	0	0	0
神女劈观	unpg	简单鹤		0		0	0	0	0
少女祈祷	unqd	简单鹤		0		0	0	0	0
上哪去找	unqv	简单鹤		0		0	0	0	0
受虐倾向	unqx	简单鹤		0		0	0	0	0
少女前线	unqx	简单鹤		0		0	0	0	0
上年同期	untq	简单鹤		0		0	0	0	0
水逆退散	unts	简单鹤		0		0	0	0	0
室内天线	untx	简单鹤		0		0	0	0	0
少女时代	unud	简单鹤		0		0	0	0	0
室内设计	unuj	简单鹤		0		0	0	0	0
耍弄手腕	unuw	简单鹤		0		0	0	0	0
孰难孰易	unuy	简单鹤		0		0	0	0	0
霎那之间	unvj	简单鹤		0		0	0	0	0
盛怒之下	unvx	简单鹤		0		0	0	0	0
十年之约	unvy	简单鹤		0		0	0	0	0
室内污染	unwr	简单鹤		0		0	0	0	0
恕你无罪	unwz	简单鹤		0		0	0	0	0
谁能想到	unxd	简单鹤		0		0	0	0	0
室内效果	unxg	简单鹤		0		0	0	0	0
谁能相信	unxx	简单鹤		0		0	0	0	0
十年饮冰	unyb	简单鹤		0		0	0	0	0
少女乐队	unyd	简单鹤		0		0	0	0	0
是那样的	unyd	简单鹤		0		0	0	0	0
受你影响	unyx	简单鹤		0		0	0	0	0
水能载舟	unzv	简单鹤	282	0		0	0	0	0
杀牛宰羊	unzy	简单鹤		0		0	0	0	0
食品安全	upaq	简单鹤		0		0	0	0	0
视频播放	upbf	简单鹤		0		0	0	0	0
视频编辑	upbj	简单鹤		0		0	0	0	0
视频裁判	upcp	简单鹤		0		0	0	0	0
视频电话	updh	简单鹤		0		0	0	0	0
售票大厅	updt	简单鹤		0		0	0	0	0
审判方式	upfu	简单鹤		0		0	0	0	0
晒屁股了	upgl	简单鹤		0		0	0	0	0
食品公司	upgs	简单鹤		0		0	0	0	0
审批工作	upgz	简单鹤		0		0	0	0	0
食品化工	uphg	简单鹤		0		0	0	0	0
视频会员	uphy	简单鹤		0		0	0	0	0
视频会议	uphy	简单鹤		0		0	0	0	0
商品价格	upjg	简单鹤		0		0	0	0	0
审判机关	upjg	简单鹤		0		0	0	0	0
视频教程	upji	简单鹤		0		0	0	0	0
生平仅见	upjj	简单鹤		0		0	0	0	0
视频剪辑	upjj	简单鹤		0		0	0	0	0
双拼加形	upjx	简单鹤		0		0	0	0	0
诗朋酒友	upjy	简单鹤		1		0	0	0	0
食品科学	upkx	简单鹤		0		0	0	0	0
上坡路段	upld	简单鹤		0		0	0	0	0
拾破烂的	upld	简单鹤		0		0	0	0	0
收破烂的	upld	简单鹤		0		0	0	0	0
说漂亮话	uplh	简单鹤		0		0	0	0	0
审批流程	upli	简单鹤		0		0	0	0	0
视频聊天	uplt	简单鹤		0		0	0	0	0
视频录像	uplx	简单鹤		0		0	0	0	0
双拼奶茶	upni	简单鹤		0		0	0	0	0
商品拍卖	uppm	简单鹤		0		0	0	0	0
水平如镜	uprj	简单鹤		0		0	0	0	0
视频软件	uprj	简单鹤		0		0	0	0	0
上屏速度	upsd	简单鹤		0		0	0	0	0
视频通话	upth	简单鹤		0		0	0	0	0
双排上分	upuf	简单鹤		0		0	0	0	0
视频时长	upui	简单鹤		0		0	0	0	0
视频申诉	upus	简单鹤		0		0	0	0	0
视频水印	upuy	简单鹤		0		0	0	0	0
视频制作	upvz	简单鹤		0		0	0	0	0
视频文件	upwj	简单鹤		0		0	0	0	0
食品污染	upwr	简单鹤		0		0	0	0	0
视频网站	upwv	简单鹤		0		0	0	0	0
顺坡下驴	upxl	简单鹤		0		0	0	0	0
射频消融	upxr	简单鹤		0		0	0	0	0
商品销售	upxu	简单鹤		0		0	0	0	0
视频下载	upxz	简单鹤		0		0	0	0	0
食品药品	upyp	简单鹤		0		0	0	0	0
双聘院士	upyu	简单鹤		0		0	0	0	0
水平有限	upyx	简单鹤		0		0	0	0	0
蛇皮走位	upzw	简单鹤		0		0	0	0	0
神奇宝贝	uqbb	简单鹤		0		0	0	0	0
申请报告	uqbg	简单鹤		0		0	0	0	0
事情暴露	uqbl	简单鹤		0		0	0	0	0
事情败露	uqbl	简单鹤		0		0	0	0	0
申请办理	uqbl	简单鹤		0		0	0	0	0
帅气逼人	uqbr	简单鹤		0		0	0	0	0
十七八岁	uqbs	简单鹤		0		0	0	0	0
收钱办事	uqbu	简单鹤		0		0	0	0	0
申请登记	uqdj	简单鹤		0		0	0	0	0
上强度了	uqdl	简单鹤		0		0	0	0	0
士气大振	uqdv	简单鹤		0		0	0	0	0
申请单位	uqdw	简单鹤		0		0	0	0	0
士气大增	uqdz	简单鹤		0		0	0	0	0
申请额度	uqed	简单鹤		0		0	0	0	0
竖起耳朵	uqed	简单鹤		0		0	0	0	0
授权发布	uqfb	简单鹤		0		0	0	0	0
授权方式	uqfu	简单鹤		0		0	0	0	0
顺其发展	uqfv	简单鹤		0		0	0	0	0
社区服务	uqfw	简单鹤		0		0	0	0	0
收取费用	uqfy	简单鹤		0		0	0	0	0
失去高光	uqgg	简单鹤		0		0	0	0	0
失去感觉	uqgj	简单鹤		0		0	0	0	0
数千公里	uqgl	简单鹤		0		0	0	0	0
申请购买	uqgm	简单鹤		0		0	0	0	0
睡前故事	uqgu	简单鹤		0		0	0	0	0
士气高涨	uqgv	简单鹤		0		0	0	0	0
失去光泽	uqgz	简单鹤		0		0	0	0	0
申请互动	uqhd	简单鹤		0		0	0	0	0
失去活力	uqhl	简单鹤		0		0	0	0	0
说起话来	uqhl	简单鹤		0		0	0	0	0
生取活拿	uqhn	简单鹤		0		0	0	0	0
生擒活拿	uqhn	简单鹤		0		0	0	0	0
生擒活捉	uqhv	简单鹤		0		0	0	0	0
杀气冲天	uqit	简单鹤		0		0	0	0	0
盛情接待	uqjd	简单鹤		0		0	0	0	0
神情激愤	uqjf	简单鹤		0		0	0	0	0
事情经过	uqjg	简单鹤		0		0	0	0	0
十亲九故	uqjg	简单鹤		1		0	0	0	0
失去机会	uqjh	简单鹤		0		0	0	0	0
申请加入	uqjr	简单鹤		0		0	0	0	0
社区建设	uqju	简单鹤		0		0	0	0	0
神情矍铄	uqju	简单鹤		0		0	0	0	0
申请开办	uqkb	简单鹤		0		0	0	0	0
省钱快报	uqkb	简单鹤		0		0	0	0	0
晒妻狂魔	uqkm	简单鹤		0		0	0	0	0
时崎狂三	uqks	简单鹤		0		0	0	0	0
申请课题	uqkt	简单鹤		0		0	0	0	0
失去控制	uqkv	简单鹤		0		0	0	0	0
失去灵魂	uqlh	简单鹤		0		0	0	0	0
失去连接	uqlj	简单鹤		0		0	0	0	0
删前留名	uqlm	简单鹤		0		0	0	0	0
神情落寞	uqlm	简单鹤		0		0	0	0	0
失去理智	uqlv	简单鹤		0		0	0	0	0
失去理性	uqlx	简单鹤		0		0	0	0	0
失去联系	uqlx	简单鹤		0		0	0	0	0
失去目标	uqmb	简单鹤		0		0	0	0	0
失去目的	uqmd	简单鹤		0		0	0	0	0
使枪弄棒	uqnb	简单鹤		0		0	0	0	0
耍枪弄棒	uqnb	简单鹤		0		0	0	0	0
数千年来	uqnl	简单鹤		0		0	0	0	0
神奇女侠	uqnx	简单鹤		0		0	0	0	0
失去平衡	uqph	简单鹤		0		0	0	0	0
申请赔偿	uqpi	简单鹤		0		0	0	0	0
申请批准	uqpv	简单鹤		0		0	0	0	0
申请取得	uqqd	简单鹤		0		0	0	0	0
十去其九	uqqj	简单鹤		0		0	0	0	0
杀妻求将	uqqj	简单鹤		1		0	0	0	0
恃强欺弱	uqqr	简单鹤		0		0	0	0	0
神清气闲	uqqx	简单鹤		0		0	0	0	0
尚且如此	uqrc	简单鹤		0		0	0	0	0
申请日期	uqrq	简单鹤		0		0	0	0	0
深切认识	uqru	简单鹤		0		0	0	0	0
孀妻弱子	uqrz	简单鹤		1		0	0	0	0
申请条件	uqtj	简单鹤		0		0	0	0	0
申请退款	uqtk	简单鹤		0		0	0	0	0
事情突然	uqtr	简单鹤		0		0	0	0	0
说七说八	uqub	简单鹤		0		0	0	0	0
石器时代	uqud	简单鹤		0		0	0	0	0
生前视频	uqup	简单鹤		0		0	0	0	0
孰强孰弱	uqur	简单鹤		0		0	0	0	0
双栖双宿	uqus	简单鹤		1		0	0	0	0
失去知觉	uqvj	简单鹤		0		0	0	0	0
申请专利	uqvl	简单鹤		0		0	0	0	0
手牵着手	uqvu	简单鹤		0		0	0	0	0
神情专注	uqvv	简单鹤		0		0	0	0	0
社区文化	uqwh	简单鹤		0		0	0	0	0
士气旺盛	uqwu	简单鹤		0		0	0	0	0
上七下八	uqxb	简单鹤		0		0	0	0	0
失去兴趣	uqxq	简单鹤		0		0	0	0	0
失去笑容	uqxr	简单鹤		0		0	0	0	0
收起笑容	uqxr	简单鹤		0		0	0	0	0
失去信心	uqxx	简单鹤		0		0	0	0	0
授权协议	uqxy	简单鹤		0		0	0	0	0
社区学院	uqxy	简单鹤		0		0	0	0	0
生前友好	uqyh	简单鹤		0		0	0	0	0
升旗仪式	uqyu	简单鹤		0		0	0	0	0
失去意识	uqyu	简单鹤		0		0	0	0	0
身轻言微	uqyw	简单鹤		1		0	0	0	0
受其影响	uqyx	简单鹤		0		0	0	0	0
失去意义	uqyy	简单鹤		0		0	0	0	0
失去自由	uqzy	简单鹤		0		0	0	0	0
时日不多	urbd	简单鹤		0		0	0	0	0
首日补丁	urbd	简单鹤		0		0	0	0	0
收入不菲	urbf	简单鹤		0		0	0	0	0
霜染白发	urbf	简单鹤		0		0	0	0	0
视若不见	urbj	简单鹤		0		0	0	0	0
视如敝屣	urbx	简单鹤		1		0	0	0	0
杀人夺宝	urdb	简单鹤		0		0	0	0	0
生日蛋糕	urdg	简单鹤		0		0	0	0	0
深入敌后	urdh	简单鹤		0		0	0	0	0
深入调查	urdi	简单鹤		0		0	0	0	0
食肉动物	urdw	简单鹤		0		0	0	0	0
视若等闲	urdx	简单鹤		0		0	0	0	0
上任鹅城	urei	简单鹤		0		0	0	0	0
输入方案	urfa	简单鹤		0		0	0	0	0
深入腹地	urfd	简单鹤		0		0	0	0	0
杀人父母	urfm	简单鹤		0		0	0	0	0
视如粪土	urft	简单鹤		1		0	0	0	0
深入分析	urfx	简单鹤		0		0	0	0	0
使人感到	urgd	简单鹤		0		0	0	0	0
输入功能	urgn	简单鹤		0		0	0	0	0
山容海纳	urhn	简单鹤		1		0	0	0	0
摄人魂魄	urhp	简单鹤		0		0	0	0	0
收入差距	urij	简单鹤		0		0	0	0	0
深入持久	urij	简单鹤		0		0	0	0	0
双人成行	urix	简单鹤		0		0	0	0	0
杀人成性	urix	简单鹤		0		0	0	0	0
深入交流	urjl	简单鹤		0		0	0	0	0
杀人机器	urjq	简单鹤		0		0	0	0	0
熟人介绍	urju	简单鹤		0		0	0	0	0
十人九痔	urjv	简单鹤		0		0	0	0	0
圣人君子	urjz	简单鹤		0		0	0	0	0
视如寇仇	urki	简单鹤		1		0	0	0	0
输入口令	urkl	简单鹤		0		0	0	0	0
深入理解	urlj	简单鹤		0		0	0	0	0
势如累卵	urll	简单鹤		0		0	0	0	0
生日礼品	urlp	简单鹤		0		0	0	0	0
生日礼物	urlw	简单鹤		0		0	0	0	0
收入来源	urly	简单鹤		0		0	0	0	0
输入密码	urmm	简单鹤		0		0	0	0	0
世人面前	urmq	简单鹤		0		0	0	0	0
双人模式	urmu	简单鹤		0		0	0	0	0
圣人模式	urmu	简单鹤		0		0	0	0	0
收入囊中	urnv	简单鹤		0		0	0	0	0
湿热内蕴	urny	简单鹤		0		0	0	0	0
生日派对	urpd	简单鹤		0		0	0	0	0
输入平台	urpt	简单鹤		0		0	0	0	0
杀人抛尸	urpu	简单鹤		0		0	0	0	0
收入情况	urqk	简单鹤		0		0	0	0	0
收容遣送	urqs	简单鹤		0		0	0	0	0
手如柔荑	urry	简单鹤		0		0	0	0	0
受人所托	urst	简单鹤		0		0	0	0	0
受人唆使	ursu	简单鹤		0		0	0	0	0
收入提高	urtg	简单鹤		0		0	0	0	0
深入探讨	urtt	简单鹤		0		0	0	0	0
输入体验	urty	简单鹤		0		0	0	0	0
时日尚短	urud	简单鹤		0		0	0	0	0
是人是鬼	urug	简单鹤		0		0	0	0	0
输入输出	urui	简单鹤		0		0	0	0	0
市容市貌	urum	简单鹤		0		0	0	0	0
深入实施	uruu	简单鹤		0		0	0	0	0
熟人熟事	uruu	简单鹤		0		0	0	0	0
水软山温	uruw	简单鹤		1		0	0	0	0
视若珍宝	urvb	简单鹤		0		0	0	0	0
生日祝福	urvf	简单鹤		0		0	0	0	0
收入状况	urvk	简单鹤		0		0	0	0	0
受人支配	urvp	简单鹤		0		0	0	0	0
受人之托	urvt	简单鹤		0		0	0	0	0
受人指使	urvu	简单鹤		0		0	0	0	0
输入中文	urvw	简单鹤		0		0	0	0	0
杀人诛心	urvx	简单鹤		0		0	0	0	0
十日终焉	urvy	简单鹤		0		0	0	0	0
收入稳定	urwd	简单鹤		0		0	0	0	0
时日无多	urwd	简单鹤		0		0	0	0	0
是人我吃	urwi	简单鹤		0		0	0	0	0
诗人握持	urwi	简单鹤		0		0	0	0	0
生人勿进	urwj	简单鹤		0		0	0	0	0
诗人握特	urwt	简单鹤		0		0	0	0	0
深入我心	urwx	简单鹤		0		0	0	0	0
摄人心魂	urxh	简单鹤		0		0	0	0	0
生如夏花	urxh	简单鹤		0		0	0	0	0
熟人相轻	urxq	简单鹤		0		0	0	0	0
输入系统	urxt	简单鹤		0		0	0	0	0
杀人凶手	urxu	简单鹤		0		0	0	0	0
深入细致	urxv	简单鹤		0		0	0	0	0
顺人应天	uryt	简单鹤		1		0	0	0	0
杀人游戏	uryx	简单鹤		0		0	0	0	0
熟稔于心	uryx	简单鹤		0		0	0	0	0
熟人作案	urza	简单鹤		0		0	0	0	0
受人尊敬	urzj	简单鹤		0		0	0	0	0
誓死不从	usbc	简单鹤		0		0	0	0	0
生死不顾	usbg	简单鹤		0		0	0	0	0
誓死不降	usbj	简单鹤		0		0	0	0	0
生死不明	usbm	简单鹤		0		0	0	0	0
杀死比赛	usbs	简单鹤		0		0	0	0	0
生死不知	usbv	简单鹤		0		0	0	0	0
生死边缘	usby	简单鹤		0		0	0	0	0
手撕大狙	usdj	简单鹤		0		0	0	0	0
生死对决	usdj	简单鹤		0		0	0	0	0
失散多年	usdn	简单鹤		0		0	0	0	0
身死道消	usdx	简单鹤		0		0	0	0	0
疏散风邪	usfx	简单鹤		0		0	0	0	0
睡死过去	usgq	简单鹤		0		0	0	0	0
少私寡欲	usgy	简单鹤		1		0	0	0	0
世所罕见	ushj	简单鹤		0		0	0	0	0
神色慌张	ushv	简单鹤		0		0	0	0	0
生死狙击	usjj	简单鹤		0		0	0	0	0
说散就散	usjs	简单鹤		0		0	0	0	0
生死抉择	usjz	简单鹤		0		0	0	0	0
生死看淡	uskd	简单鹤		0		0	0	0	0
生死轮回	uslh	简单鹤		0		0	0	0	0
神色凛然	uslr	简单鹤		0		0	0	0	0
是什么啊	usma	简单鹤		0		0	0	0	0
慎思明辨	usmb	简单鹤		0		0	0	0	0
深色模式	usmu	简单鹤		0		0	0	0	0
生死难料	usnl	简单鹤		0		0	0	0	0
神色凝重	usnv	简单鹤		0		0	0	0	0
神色如常	usri	简单鹤		0		0	0	0	0
十三四岁	usss	简单鹤		0		0	0	0	0
上岁数了	usul	简单鹤		0		0	0	0	0
双宿双栖	usuq	简单鹤		0		0	0	0	0
世俗之见	usvj	简单鹤		1		0	0	0	0
生死之战	usvv	简单鹤		0		0	0	0	0
世俗之物	usvw	简单鹤		0		0	0	0	0
食髓知味	usvw	简单鹤		0		0	0	0	0
十四五岁	usws	简单鹤		0		0	0	0	0
十死无生	uswu	简单鹤		0		0	0	0	0
生死相伴	usxb	简单鹤		0		0	0	0	0
生死相搏	usxb	简单鹤		0		0	0	0	0
社死现场	usxi	简单鹤		0		0	0	0	0
生死相随	usxs	简单鹤		0		0	0	0	0
生死线上	usxu	简单鹤		0		0	0	0	0
生死相许	usxx	简单鹤		0		0	0	0	0
神色一黯	usya	简单鹤		0		0	0	0	0
生死一搏	usyb	简单鹤		0		0	0	0	0
生死予夺	usyd	简单鹤		1		0	0	0	0
生死一劫	usyj	简单鹤		0		0	0	0	0
神色严峻	usyj	简单鹤		0		0	0	0	0
生死有命	usym	简单鹤		0		0	0	0	0
身体倍棒	utbb	简单鹤		0		0	0	0	0
身体不好	utbh	简单鹤		0		0	0	0	0
身体不适	utbu	简单鹤		0		0	0	0	0
上天保佑	utby	简单鹤		0		0	0	0	0
十天半月	utby	简单鹤		0		0	0	0	0
胜天半子	utbz	简单鹤		0		0	0	0	0
身体锻炼	utdl	简单鹤		0		0	0	0	0
伸腿瞪眼	utdy	简单鹤		0		0	0	0	0
身体放松	utfs	简单鹤		0		0	0	0	0
事态发展	utfv	简单鹤		0		0	0	0	0
生态工程	utgi	简单鹤		0		0	0	0	0
师徒关系	utgx	简单鹤		0		0	0	0	0
身体恢复	uthf	简单鹤		0		0	0	0	0
山体滑坡	uthp	简单鹤		0		0	0	0	0
是条汉子	uthz	简单鹤		0		0	0	0	0
社团成员	utiy	简单鹤		0		0	0	0	0
视听结合	utjh	简单鹤		0		0	0	0	0
身体接触	utji	简单鹤		0		0	0	0	0
身体检查	utji	简单鹤		0		0	0	0	0
视同缴纳	utjn	简单鹤		0		0	0	0	0
身体机能	utjn	简单鹤		0		0	0	0	0
实体键盘	utjp	简单鹤		0		0	0	0	0
尸体解剖	utjp	简单鹤		0		0	0	0	0
说停就停	utjt	简单鹤		0		0	0	0	0
手头紧张	utjv	简单鹤		0		0	0	0	0
申通快递	utkd	简单鹤		0		0	0	0	0
手头宽裕	utky	简单鹤		0		0	0	0	0
豕突狼奔	utlb	简单鹤		1		0	0	0	0
生态廊道	utld	简单鹤		0		0	0	0	0
伤透了心	utlx	简单鹤		0		0	0	0	0
视同陌路	utml	简单鹤		1		0	0	0	0
势头明显	utmx	简单鹤		0		0	0	0	0
伤透脑筋	utnj	简单鹤		0		0	0	0	0
生态农业	utny	简单鹤		0		0	0	0	0
沙滩排球	utpq	简单鹤		0		0	0	0	0
生态屏障	utpv	简单鹤		0		0	0	0	0
手提皮箱	utpx	简单鹤		0		0	0	0	0
身体器官	utqg	简单鹤		0		0	0	0	0
身体欠肛	utqg	简单鹤		0		0	0	0	0
身体情况	utqk	简单鹤		0		0	0	0	0
师徒四人	utsr	简单鹤		0		0	0	0	0
身体素质	utsv	简单鹤		0		0	0	0	0
生态体系	uttx	简单鹤		0		0	0	0	0
视听设备	utub	简单鹤		0		0	0	0	0
事态升级	utuj	简单鹤		0		0	0	0	0
试探试探	utut	简单鹤		0		0	0	0	0
视听盛宴	utuy	简单鹤		0		0	0	0	0
身体状况	utvk	简单鹤		0		0	0	0	0
势头正猛	utvm	简单鹤		0		0	0	0	0
生态文化	utwh	简单鹤		0		0	0	0	0
生态危机	utwj	简单鹤		0		0	0	0	0
生态文明	utwm	简单鹤		0		0	0	0	0
水体污染	utwr	简单鹤		0		0	0	0	0
实体娃娃	utww	简单鹤		0		0	0	0	0
少头无尾	utww	简单鹤		0		0	0	0	0
伤痛文学	utwx	简单鹤		0		0	0	0	0
水天相接	utxj	简单鹤		0		0	0	0	0
身体虚弱	utxr	简单鹤		0		0	0	0	0
生态效益	utxy	简单鹤		0		0	0	0	0
深田咏美	utym	简单鹤		0		0	0	0	0
事态严重	utyv	简单鹤		0		0	0	0	0
生态养殖	utyv	简单鹤		0		0	0	0	0
试探一下	utyx	简单鹤		0		0	0	0	0
身体语言	utyy	简单鹤		0		0	0	0	0
叔叔阿姨	uuay	简单鹤		0		0	0	0	0
甩手不干	uubg	简单鹤		0		0	0	0	0
水上芭蕾	uubl	简单鹤		0		0	0	0	0
伤势不轻	uubq	简单鹤		0		0	0	0	0
双手抱头	uubt	简单鹤		0		0	0	0	0
实属不易	uuby	简单鹤		0		0	0	0	0
收拾残局	uucj	简单鹤		0		0	0	0	0
世事沧桑	uucs	简单鹤		0		0	0	0	0
少食多餐	uudc	简单鹤		0		0	0	0	0
说啥都行	uudh	简单鹤		0		0	0	0	0
上升到了	uudl	简单鹤		0		0	0	0	0
世事洞明	uudm	简单鹤		0		0	0	0	0
啥事都没	uudm	简单鹤		0		0	0	0	0
生杀大权	uudq	简单鹤		0		0	0	0	0
顺手的事	uudu	简单鹤		0		0	0	0	0
收拾东西	uudx	简单鹤		0		0	0	0	0
深山大泽	uudz	简单鹤		0		0	0	0	0
说说而已	uuey	简单鹤		0		0	0	0	0
绅士风度	uufd	简单鹤		0		0	0	0	0
收拾房间	uufj	简单鹤		0		0	0	0	0
身首分离	uufl	简单鹤		0		0	0	0	0
闪闪发亮	uufl	简单鹤		0		0	0	0	0
生身父母	uufm	简单鹤		0		0	0	0	0
深受感动	uugd	简单鹤		0		0	0	0	0
深深感到	uugd	简单鹤		0		0	0	0	0
手上功夫	uugf	简单鹤		0		0	0	0	0
深受鼓舞	uugw	简单鹤		0		0	0	0	0
事事关心	uugx	简单鹤		0		0	0	0	0
实时更新	uugx	简单鹤		0		0	0	0	0
师生关系	uugx	简单鹤		0		0	0	0	0
收受贿赂	uuhl	简单鹤		0		0	0	0	0
是时候了	uuhl	简单鹤		0		0	0	0	0
双手合十	uuhu	简单鹤		0		0	0	0	0
深受欢迎	uuhy	简单鹤		0		0	0	0	0
双手插兜	uuid	简单鹤		0		0	0	0	0
实时处理	uuil	简单鹤		0		0	0	0	0
实时传输	uuiu	简单鹤		0		0	0	0	0
身受重伤	uuiu	简单鹤		0		0	0	0	0
山上彻也	uuiy	简单鹤		0		0	0	0	0
删删减减	uujj	简单鹤		0		0	0	0	0
身手矫健	uujj	简单鹤		0		0	0	0	0
实时监控	uujk	简单鹤		0		0	0	0	0
上世纪末	uujm	简单鹤		0		0	0	0	0
甩身就走	uujz	简单鹤		0		0	0	0	0
双手空格	uukg	简单鹤		0		0	0	0	0
树上开花	uukh	简单鹤		1		0	0	0	0
上升空间	uukj	简单鹤		0		0	0	0	0
硕士论文	uulw	简单鹤		0		0	0	0	0
水上乐园	uuly	简单鹤		0		0	0	0	0
是什么呢	uumn	简单鹤		0		0	0	0	0
生身母亲	uumq	简单鹤		0		0	0	0	0
盛世美颜	uumy	简单鹤		0		0	0	0	0
逝水年华	uunh	简单鹤		0		0	0	0	0
时事评论	uupl	简单鹤		0		0	0	0	0
深受启发	uuqf	简单鹤		0		0	0	0	0
深受其扰	uuqr	简单鹤		0		0	0	0	0
上升趋势	uuqu	简单鹤		0		0	0	0	0
事实确凿	uuqz	简单鹤		0		0	0	0	0
事实如此	uurc	简单鹤		0		0	0	0	0
事实认定	uurd	简单鹤		0		0	0	0	0
声声入耳	uure	简单鹤		0		0	0	0	0
水上人家	uurj	简单鹤		0		0	0	0	0
上市日期	uurq	简单鹤		0		0	0	0	0
顺手人情	uurq	简单鹤		0		0	0	0	0
瞬时速度	uusd	简单鹤		0		0	0	0	0
舍身饲虎	uush	简单鹤		0		0	0	0	0
收拾停当	uutd	简单鹤		0		0	0	0	0
失声痛哭	uutk	简单鹤		0		0	0	0	0
双手双脚	uuuj	简单鹤		0		0	0	0	0
神圣使命	uuum	简单鹤		0		0	0	0	0
是生是死	uuus	简单鹤		0		0	0	0	0
世殊事异	uuuy	简单鹤		0		0	0	0	0
杀声震天	uuvt	简单鹤		0		0	0	0	0
水生植物	uuvw	简单鹤		0		0	0	0	0
上上之选	uuvx	简单鹤		0		0	0	0	0
事实真相	uuvx	简单鹤		0		0	0	0	0
摄氏温标	uuwb	简单鹤		0		0	0	0	0
谁是卧底	uuwd	简单鹤		0		0	0	0	0
双生武魂	uuwh	简单鹤		0		0	0	0	0
少说为妙	uuwm	简单鹤		0		0	0	0	0
实属无奈	uuwn	简单鹤		0		0	0	0	0
上述问题	uuwt	简单鹤		0		0	0	0	0
伤势未愈	uuwy	简单鹤		0		0	0	0	0
收拾屋子	uuwz	简单鹤		0		0	0	0	0
声势显赫	uuxh	简单鹤		0		0	0	0	0
尸山血海	uuxh	简单鹤		1		0	0	0	0
收拾行囊	uuxn	简单鹤		0		0	0	0	0
甚是想念	uuxn	简单鹤		0		0	0	0	0
湿身诱惑	uuyh	简单鹤		0		0	0	0	0
睡上一觉	uuyj	简单鹤		0		0	0	0	0
双双殒命	uuym	简单鹤		0		0	0	0	0
伸手要钱	uuyq	简单鹤		0		0	0	0	0
双手运球	uuyq	简单鹤		0		0	0	0	0
实时演算	uuys	简单鹤		0		0	0	0	0
是啥意思	uuys	简单鹤		0		0	0	0	0
伤势严重	uuyv	简单鹤		0		0	0	0	0
深受影响	uuyx	简单鹤		0		0	0	0	0
史上最贵	uuzg	简单鹤		0		0	0	0	0
说实在话	uuzh	简单鹤		0		0	0	0	0
双手赞成	uuzi	简单鹤		0		0	0	0	0
史上最佳	uuzj	简单鹤		0		0	0	0	0
说声再见	uuzj	简单鹤		0		0	0	0	0
史上最牛	uuzn	简单鹤		0		0	0	0	0
史上最全	uuzq	简单鹤		0		0	0	0	0
史上最强	uuzq	简单鹤		0		0	0	0	0
沙沙作响	uuzx	简单鹤		0		0	0	0	0
霜之哀伤	uvau	简单鹤		0		0	0	0	0
逝者安息	uvax	简单鹤		0		0	0	0	0
述职报告	uvbg	简单鹤		0		0	0	0	0
施展不开	uvbk	简单鹤		0		0	0	0	0
善者不来	uvbl	简单鹤		0		0	0	0	0
数值爆炸	uvbv	简单鹤		0		0	0	0	0
舍证从脉	uvcm	简单鹤		0		0	0	0	0
是真的吗	uvdm	简单鹤		0		0	0	0	0
谁知道呢	uvdn	简单鹤		0		0	0	0	0
失之淡然	uvdr	简单鹤		0		0	0	0	0
市制单位	uvdw	简单鹤		0		0	0	0	0
上涨幅度	uvfd	简单鹤		0		0	0	0	0
施政方针	uvfv	简单鹤		0		0	0	0	0
数值分析	uvfx	简单鹤		0		0	0	0	0
施政纲领	uvgl	简单鹤		0		0	0	0	0
是这个理	uvgl	简单鹤		0		0	0	0	0
生殖隔离	uvgl	简单鹤		0		0	0	0	0
是这个吗	uvgm	简单鹤		0		0	0	0	0
神志恍惚	uvhh	简单鹤		0		0	0	0	0
生殖崇拜	uvib	简单鹤		0		0	0	0	0
谁主沉浮	uvif	简单鹤		0		0	0	0	0
舌绽春雷	uvil	简单鹤		0		0	0	0	0
甚至出现	uvix	简单鹤		0		0	0	0	0
盛装出席	uvix	简单鹤		0		0	0	0	0
说正经的	uvjd	简单鹤		0		0	0	0	0
始终坚持	uvji	简单鹤		0		0	0	0	0
设置界面	uvjm	简单鹤		0		0	0	0	0
升职加薪	uvjx	简单鹤		0		0	0	0	0
始终坚信	uvjx	简单鹤		0		0	0	0	0
实战经验	uvjy	简单鹤		0		0	0	0	0
升值空间	uvkj	简单鹤		0		0	0	0	0
舌绽莲花	uvlh	简单鹤		0		0	0	0	0
十指连弹	uvlt	简单鹤		0		0	0	0	0
神之领域	uvly	简单鹤		0		0	0	0	0
施展魔法	uvmf	简单鹤		0		0	0	0	0
是这么个	uvmg	简单鹤		0		0	0	0	0
始终没有	uvmy	简单鹤		0		0	0	0	0
肾主纳气	uvnq	简单鹤		0		0	0	0	0
实质内容	uvnr	简单鹤		0		0	0	0	0
生殖器官	uvqg	简单鹤		0		0	0	0	0
慎重起见	uvqj	简单鹤		0		0	0	0	0
施展拳脚	uvqj	简单鹤		0		0	0	0	0
收支情况	uvqk	简单鹤		0		0	0	0	0
受众群体	uvqt	简单鹤		0		0	0	0	0
始终强调	uvqt	简单鹤		0		0	0	0	0
水煮肉片	uvrp	简单鹤		0		0	0	0	0
始终认为	uvrw	简单鹤		0		0	0	0	0
上肢瘫痪	uvth	简单鹤		0		0	0	0	0
闪展腾挪	uvtn	简单鹤		0		0	0	0	0
孰重孰轻	uvuq	简单鹤		0		0	0	0	0
谁重谁轻	uvuq	简单鹤		0		0	0	0	0
神之使者	uvuv	简单鹤		0		0	0	0	0
说着说着	uvuv	简单鹤		0		0	0	0	0
生长周期	uvvq	简单鹤		0		0	0	0	0
说着玩的	uvwd	简单鹤		0		0	0	0	0
失之我命	uvwm	简单鹤		0		0	0	0	0
胜者为王	uvww	简单鹤		0		0	0	0	0
食之无味	uvww	简单鹤		0		0	0	0	0
说者无心	uvwx	简单鹤		0		0	0	0	0
顺着网线	uvwx	简单鹤		0		0	0	0	0
说者无意	uvwy	简单鹤		0		0	0	0	0
说着笑着	uvxv	简单鹤		0		0	0	0	0
是这样的	uvyd	简单鹤		0		0	0	0	0
是这样吗	uvym	简单鹤		0		0	0	0	0
神之一手	uvyu	简单鹤		0		0	0	0	0
身之以往	uvyw	简单鹤		0		0	0	0	0
省中医院	uvyy	简单鹤		0		0	0	0	0
生长因子	uvyz	简单鹤		0		0	0	0	0
杀猪宰羊	uvzy	简单鹤		0		0	0	0	0
视物不清	uwbq	简单鹤		0		0	0	0	0
殊为不易	uwby	简单鹤		0		0	0	0	0
稍微不足	uwbz	简单鹤		0		0	0	0	0
伤亡惨重	uwcv	简单鹤		0		0	0	0	0
尚未达到	uwdd	简单鹤		0		0	0	0	0
上网导航	uwdh	简单鹤		0		0	0	0	0
尚无定论	uwdl	简单鹤		0		0	0	0	0
书无店烧	uwdu	简单鹤		0		0	0	0	0
商务大厦	uwdu	简单鹤		0		0	0	0	0
声威大震	uwdv	简单鹤		1		0	0	0	0
书无店砸	uwdz	简单鹤		0		0	0	0	0
十万伏特	uwft	简单鹤		0		0	0	0	0
十五分钟	uwfv	简单鹤		0		0	0	0	0
首尾贯通	uwgt	简单鹤		0		0	0	0	0
收尾工作	uwgz	简单鹤		0		0	0	0	0
涉外活动	uwhd	简单鹤		0		0	0	0	0
生物合成	uwhi	简单鹤		0		0	0	0	0
首尾呼应	uwhy	简单鹤		0		0	0	0	0
商务合作	uwhz	简单鹤		0		0	0	0	0
生完孩子	uwhz	简单鹤		0		0	0	0	0
室温超导	uwid	简单鹤		0		0	0	0	0
身无长处	uwii	简单鹤		1		0	0	0	0
上屋抽梯	uwit	简单鹤		0		0	0	0	0
事无常师	uwiu	简单鹤		1		0	0	0	0
市委常委	uwiw	简单鹤		0		0	0	0	0
事无绝对	uwjd	简单鹤		0		0	0	0	0
收尾阶段	uwjd	简单鹤		0		0	0	0	0
涉外经济	uwjj	简单鹤		0		0	0	0	0
爽文剧情	uwjq	简单鹤		0		0	0	0	0
尚武精神	uwju	简单鹤		0		0	0	0	0
售完即止	uwjv	简单鹤		0		0	0	0	0
收为己用	uwjy	简单鹤		0		0	0	0	0
上网卡顿	uwkd	简单鹤		0		0	0	0	0
爽文开局	uwkj	简单鹤		0		0	0	0	0
事未可知	uwkv	简单鹤		0		0	0	0	0
尚未可知	uwkv	简单鹤		0		0	0	0	0
身位控制	uwkv	简单鹤		0		0	0	0	0
十五六岁	uwls	简单鹤		0		0	0	0	0
上网聊天	uwlt	简单鹤		0		0	0	0	0
生物老师	uwlu	简单鹤		0		0	0	0	0
商务目的	uwmd	简单鹤		0		0	0	0	0
生物灭绝	uwmj	简单鹤		0		0	0	0	0
恕我冒昧	uwmm	简单鹤		0		0	0	0	0
殊为难得	uwnd	简单鹤		0		0	0	0	0
谁问你了	uwnl	简单鹤		0		0	0	0	0
受窝囊气	uwnq	简单鹤		0		0	0	0	0
爽文女主	uwnv	简单鹤		0		0	0	0	0
爽文男主	uwnv	简单鹤		0		0	0	0	0
使我难忘	uwnw	简单鹤		0		0	0	0	0
商务培训	uwpx	简单鹤		0		0	0	0	0
水文气象	uwqx	简单鹤		0		0	0	0	0
涉外企业	uwqy	简单鹤		0		0	0	0	0
伤亡人数	uwru	简单鹤		0		0	0	0	0
失望透顶	uwtd	简单鹤		0		0	0	0	0
商务谈判	uwtp	简单鹤		0		0	0	0	0
水文特征	uwtv	简单鹤		0		0	0	0	0
室外天线	uwtx	简单鹤		0		0	0	0	0
食物特写	uwtx	简单鹤		0		0	0	0	0
身外身法	uwuf	简单鹤		0		0	0	0	0
声闻数里	uwul	简单鹤		0		0	0	0	0
恕我失礼	uwul	简单鹤		0		0	0	0	0
省卫生厅	uwut	简单鹤		0		0	0	0	0
视为至宝	uwvb	简单鹤		0		0	0	0	0
生物制药	uwvy	简单鹤		0		0	0	0	0
尚未完成	uwwi	简单鹤		0		0	0	0	0
视为无效	uwwx	简单鹤		0		0	0	0	0
上闻下达	uwxd	简单鹤		0		0	0	0	0
守望先锋	uwxf	简单鹤		0		0	0	0	0
首尾相接	uwxj	简单鹤		0		0	0	0	0
商务信息	uwxx	简单鹤		0		0	0	0	0
生物信息	uwxx	简单鹤		0		0	0	0	0
稍微有点	uwyd	简单鹤		0		0	0	0	0
身微言轻	uwyq	简单鹤		1		0	0	0	0
数万雨丝	uwys	简单鹤		0		0	0	0	0
生我养我	uwyw	简单鹤		0		0	0	0	0
受我影响	uwyx	简单鹤		0		0	0	0	0
生物医学	uwyx	简单鹤		0		0	0	0	0
商务英语	uwyy	简单鹤		0		0	0	0	0
生物医药	uwyy	简单鹤		0		0	0	0	0
射我嘴里	uwzl	简单鹤		0		0	0	0	0
双向奔赴	uxbf	简单鹤		0		0	0	0	0
实习报告	uxbg	简单鹤		0		0	0	0	0
实训报告	uxbg	简单鹤		0		0	0	0	0
说小不小	uxbx	简单鹤		0		0	0	0	0
稍嫌不足	uxbz	简单鹤		0		0	0	0	0
生性猜忌	uxcj	简单鹤		0		0	0	0	0
伤心惨目	uxcm	简单鹤		1		0	0	0	0
山乡村野	uxcy	简单鹤		0		0	0	0	0
梳洗打扮	uxdb	简单鹤		0		0	0	0	0
上下颠倒	uxdd	简单鹤		0		0	0	0	0
兽性大发	uxdf	简单鹤		0		0	0	0	0
诗兴大发	uxdf	简单鹤		0		0	0	0	0
神仙打架	uxdj	简单鹤		0		0	0	0	0
上行带宽	uxdk	简单鹤		0		0	0	0	0
上下打量	uxdl	简单鹤		0		0	0	0	0
上下倒置	uxdv	简单鹤		0		0	0	0	0
生性多疑	uxdy	简单鹤		0		0	0	0	0
首席弟子	uxdz	简单鹤		0		0	0	0	0
率性而为	uxew	简单鹤		0		0	0	0	0
上下分屏	uxfb	简单鹤		0		0	0	0	0
上下浮动	uxfd	简单鹤		0		0	0	0	0
上下翻滚	uxfg	简单鹤		0		0	0	0	0
蛇心佛口	uxfk	简单鹤		1		0	0	0	0
实现方式	uxfu	简单鹤		0		0	0	0	0
神仙反应	uxfy	简单鹤		0		0	0	0	0
涉嫌犯罪	uxfz	简单鹤		0		0	0	0	0
神仙妃子	uxfz	简单鹤		0		0	0	0	0
伤心过度	uxgd	简单鹤		0		0	0	0	0
双膝跪地	uxgd	简单鹤		0		0	0	0	0
失血过多	uxgd	简单鹤		0		0	0	0	0
数学公式	uxgu	简单鹤		0		0	0	0	0
实行承包	uxib	简单鹤		0		0	0	0	0
神形兼备	uxjb	简单鹤		0		0	0	0	0
神仙精怪	uxjg	简单鹤		0		0	0	0	0
数形结合	uxjh	简单鹤		0		0	0	0	0
神仙姐姐	uxjj	简单鹤		0		0	0	0	0
身陷绝境	uxjj	简单鹤		0		0	0	0	0
上下交困	uxjk	简单鹤		1		0	0	0	0
刷新记录	uxjl	简单鹤		0		0	0	0	0
实习经历	uxjl	简单鹤		0		0	0	0	0
数学建模	uxjm	简单鹤		0		0	0	0	0
身心俱疲	uxjp	简单鹤		0		0	0	0	0
上线就送	uxjs	简单鹤		0		0	0	0	0
身心俱损	uxjs	简单鹤		0		0	0	0	0
身形健硕	uxju	简单鹤		0		0	0	0	0
实习经验	uxjy	简单鹤		0		0	0	0	0
双向开关	uxkg	简单鹤		0		0	0	0	0
升学考试	uxku	简单鹤		0		0	0	0	0
生性凉薄	uxlb	简单鹤		0		0	0	0	0
上下撸动	uxld	简单鹤		0		0	0	0	0
时下流行	uxlh	简单鹤		0		0	0	0	0
双向链接	uxlj	简单鹤		0		0	0	0	0
伤心落泪	uxll	简单鹤		0		0	0	0	0
实现利润	uxlr	简单鹤		0		0	0	0	0
上下楼梯	uxlt	简单鹤		0		0	0	0	0
书写历史	uxlu	简单鹤		0		0	0	0	0
数学老师	uxlu	简单鹤		0		0	0	0	0
实现理想	uxlx	简单鹤		0		0	0	0	0
实现目标	uxmb	简单鹤		0		0	0	0	0
少心没肺	uxmf	简单鹤		0		0	0	0	0
手心冒汗	uxmh	简单鹤		0		0	0	0	0
蛇蝎美人	uxmr	简单鹤		0		0	0	0	0
实现梦想	uxmx	简单鹤		0		0	0	0	0
数学模型	uxmx	简单鹤		0		0	0	0	0
伤心难过	uxng	简单鹤		0		0	0	0	0
神仙难救	uxnj	简单鹤		0		0	0	0	0
身心疲惫	uxpb	简单鹤		0		0	0	0	0
首先排除	uxpi	简单鹤		0		0	0	0	0
上下起伏	uxqf	简单鹤		0		0	0	0	0
闪现迁坟	uxqf	简单鹤		0		0	0	0	0
上学期间	uxqj	简单鹤		0		0	0	0	0
实习期间	uxqj	简单鹤		0		0	0	0	0
审讯期间	uxqj	简单鹤		0		0	0	0	0
手续齐全	uxqq	简单鹤		0		0	0	0	0
上下求索	uxqs	简单鹤		0		0	0	0	0
设下圈套	uxqt	简单鹤		0		0	0	0	0
深陷其中	uxqv	简单鹤		0		0	0	0	0
数学期望	uxqw	简单鹤		0		0	0	0	0
生效日期	uxrq	简单鹤		0		0	0	0	0
上下跳动	uxtd	简单鹤		0		0	0	0	0
实现突破	uxtp	简单鹤		0		0	0	0	0
事先通知	uxtv	简单鹤		0		0	0	0	0
水系特征	uxtv	简单鹤		0		0	0	0	0
手心手背	uxub	简单鹤		0		0	0	0	0
涉嫌受贿	uxuh	简单鹤		0		0	0	0	0
师兄师姐	uxuj	简单鹤		0		0	0	0	0
省心省力	uxul	简单鹤		0		0	0	0	0
事先声明	uxum	简单鹤		0		0	0	0	0
水秀山明	uxum	简单鹤		1		0	0	0	0
手写输入	uxur	简单鹤		0		0	0	0	0
身陷桎梏	uxvg	简单鹤		0		0	0	0	0
伤心之处	uxvi	简单鹤		0		0	0	0	0
上下之间	uxvj	简单鹤		0		0	0	0	0
伤心之事	uxvu	简单鹤		0		0	0	0	0
蛇蝎之心	uxvx	简单鹤		0		0	0	0	0
少小无猜	uxwc	简单鹤		1		0	0	0	0
涉嫌违规	uxwg	简单鹤		0		0	0	0	0
世袭罔替	uxwt	简单鹤		0		0	0	0	0
蛇蝎为心	uxwx	简单鹤		1		0	0	0	0
上行下达	uxxd	简单鹤		0		0	0	0	0
沙县小吃	uxxi	简单鹤		0		0	0	0	0
双星系统	uxxt	简单鹤		0		0	0	0	0
实习协议	uxxy	简单鹤		0		0	0	0	0
水性扬花	uxyh	简单鹤		0		0	0	0	0
升学压力	uxyl	简单鹤		0		0	0	0	0
刷新页面	uxym	简单鹤		0		0	0	0	0
失信于人	uxyr	简单鹤		0		0	0	0	0
神仙颜值	uxyv	简单鹤		0		0	0	0	0
熟悉业务	uxyw	简单鹤		0		0	0	0	0
神仙作息	uxzx	简单鹤		0		0	0	0	0
师心自用	uxzy	简单鹤		1		0	0	0	0
谁也不爱	uyba	简单鹤		0		0	0	0	0
啥也不懂	uybd	简单鹤		0		0	0	0	0
商鞅变法	uybf	简单鹤		0		0	0	0	0
啥也不管	uybg	简单鹤		0		0	0	0	0
实验报告	uybg	简单鹤		0		0	0	0	0
啥也不会	uybh	简单鹤		0		0	0	0	0
时运不齐	uybq	简单鹤		1		0	0	0	0
啥也不是	uybu	简单鹤		0		0	0	0	0
事业编制	uybv	简单鹤		0		0	0	0	0
商业保险	uybx	简单鹤		0		0	0	0	0
山野村夫	uycf	简单鹤		0		0	0	0	0
生意参谋	uycm	简单鹤		0		0	0	0	0
事有凑巧	uycq	简单鹤		0		0	0	0	0
省油的灯	uydd	简单鹤		0		0	0	0	0
商业大亨	uydh	简单鹤		0		0	0	0	0
石油大亨	uydh	简单鹤		0		0	0	0	0
沈阳大街	uydj	简单鹤		0		0	0	0	0
商业贷款	uydk	简单鹤		0		0	0	0	0
实验大楼	uydl	简单鹤		0		0	0	0	0
是有多么	uydm	简单鹤		0		0	0	0	0
双语对照	uydv	简单鹤		0		0	0	0	0
首要地位	uydw	简单鹤		0		0	0	0	0
食欲大增	uydz	简单鹤		0		0	0	0	0
十一二岁	uyes	简单鹤		0		0	0	0	0
授业恩师	uyeu	简单鹤		0		0	0	0	0
顺意而为	uyew	简单鹤		0		0	0	0	0
上幼儿园	uyey	简单鹤		0		0	0	0	0
是友非敌	uyfd	简单鹤		0		0	0	0	0
深夜放毒	uyfd	简单鹤		0		0	0	0	0
十月分娩	uyfm	简单鹤		0		0	0	0	0
事业发展	uyfv	简单鹤		0		0	0	0	0
声音发哑	uyfy	简单鹤		0		0	0	0	0
使用规定	uygd	简单鹤		0		0	0	0	0
使用过度	uygd	简单鹤		0		0	0	0	0
手淫过度	uygd	简单鹤		0		0	0	0	0
生涯规划	uygh	简单鹤		0		0	0	0	0
石油工程	uygi	简单鹤		0		0	0	0	0
生育工具	uygj	简单鹤		0		0	0	0	0
使用功能	uygn	简单鹤		0		0	0	0	0
深有感受	uygu	简单鹤		0		0	0	0	0
实验高中	uygv	简单鹤		0		0	0	0	0
杀意感知	uygv	简单鹤		0		0	0	0	0
十一个月	uygy	简单鹤		0		0	0	0	0
商业活动	uyhd	简单鹤		0		0	0	0	0
商业互吹	uyhi	简单鹤		0		0	0	0	0
睡意昏沉	uyhi	简单鹤		0		0	0	0	0
使用痕迹	uyhj	简单鹤		0		0	0	0	0
适应环境	uyhj	简单鹤		0		0	0	0	0
商业互捧	uyhp	简单鹤		0		0	0	0	0
十月怀胎	uyht	简单鹤		0		0	0	0	0
声音好听	uyht	简单鹤		0		0	0	0	0
山羊胡子	uyhz	简单鹤		0		0	0	0	0
稍有差池	uyii	简单鹤		0		0	0	0	0
使用场景	uyij	简单鹤		0		0	0	0	0
尚有差距	uyij	简单鹤		0		0	0	0	0
顺应潮流	uyil	简单鹤		0		0	0	0	0
实用程序	uyix	简单鹤		0		0	0	0	0
试用阶段	uyjd	简单鹤		0		0	0	0	0
剩余金额	uyje	简单鹤		0		0	0	0	0
商业巨鳄	uyje	简单鹤		0		0	0	0	0
上一节课	uyjk	简单鹤		0		0	0	0	0
深渊巨口	uyjk	简单鹤		0		0	0	0	0
使用记录	uyjl	简单鹤		0		0	0	0	0
声乐教练	uyjl	简单鹤		0		0	0	0	0
实验结论	uyjl	简单鹤		0		0	0	0	0
商业机密	uyjm	简单鹤		0		0	0	0	0
使用技巧	uyjq	简单鹤		0		0	0	0	0
摄影技巧	uyjq	简单鹤		0		0	0	0	0
生育机器	uyjq	简单鹤		0		0	0	0	0
商业价值	uyjv	简单鹤		0		0	0	0	0
上衣口袋	uykd	简单鹤		0		0	0	0	0
视野开阔	uykk	简单鹤		0		0	0	0	0
石油勘探	uykt	简单鹤		0		0	0	0	0
受益良多	uyld	简单鹤		0		0	0	0	0
鲨鱼辣椒	uylj	简单鹤		0		0	0	0	0
剩余劳力	uyll	简单鹤		0		0	0	0	0
商业利润	uylr	简单鹤		0		0	0	0	0
赡养老人	uylr	简单鹤		0		0	0	0	0
首要目标	uymb	简单鹤		0		0	0	0	0
双眼朦胧	uyml	简单鹤		0		0	0	0	0
睡眼朦胧	uyml	简单鹤		0		0	0	0	0
睡眼矇眬	uyml	简单鹤		0		0	0	0	0
商业秘密	uymm	简单鹤		0		0	0	0	0
商业模式	uymu	简单鹤		0		0	0	0	0
啥也没有	uymy	简单鹤		0		0	0	0	0
谁也没有	uymy	简单鹤		0		0	0	0	0
顺应民意	uymy	简单鹤		0		0	0	0	0
生育能力	uynl	简单鹤		0		0	0	0	0
水饮内停	uynt	简单鹤		0		0	0	0	0
深渊凝视	uynu	简单鹤		0		0	0	0	0
使用年限	uynx	简单鹤		0		0	0	0	0
使用频率	uypl	简单鹤		0		0	0	0	0
漱玉平民	uypm	简单鹤		0		0	0	0	0
树影婆娑	uyps	简单鹤		0		0	0	0	0
双眼皮贴	uypt	简单鹤		0		0	0	0	0
商业配套	uypt	简单鹤		0		0	0	0	0
使用培训	uypx	简单鹤		0		0	0	0	0
说也奇怪	uyqg	简单鹤		0		0	0	0	0
双影奇境	uyqj	简单鹤		0		0	0	0	0
试用期间	uyqj	简单鹤		0		0	0	0	0
使用期限	uyqx	简单鹤		0		0	0	0	0
商业气息	uyqx	简单鹤		0		0	0	0	0
事已如此	uyrc	简单鹤		0		0	0	0	0
失业人口	uyrk	简单鹤		0		0	0	0	0
使用人数	uyru	简单鹤		0		0	0	0	0
失业人数	uyru	简单鹤		0		0	0	0	0
首要任务	uyrw	简单鹤		0		0	0	0	0
失业人员	uyry	简单鹤		0		0	0	0	0
食用色素	uyss	简单鹤		0		0	0	0	0
深有所悟	uysw	简单鹤		0		0	0	0	0
声音太大	uytd	简单鹤		0		0	0	0	0
摄影团队	uytd	简单鹤		0		0	0	0	0
寿与天齐	uytq	简单鹤		0		0	0	0	0
上有天堂	uytt	简单鹤		0		0	0	0	0
神游天外	uytw	简单鹤		0		0	0	0	0
神游太虚	uytx	简单鹤		0		0	0	0	0
使用体验	uyty	简单鹤		0		0	0	0	0
实验设备	uyub	简单鹤		0		0	0	0	0
适应社会	uyuh	简单鹤		0		0	0	0	0
实验数据	uyuj	简单鹤		0		0	0	0	0
谁优谁劣	uyul	简单鹤		0		0	0	0	0
神瑛侍者	uyuv	简单鹤		0		0	0	0	0
世易时移	uyuy	简单鹤		0		0	0	0	0
上有政策	uyvc	简单鹤		0		0	0	0	0
谁与争锋	uyvf	简单鹤		0		0	0	0	0
术有专攻	uyvg	简单鹤		0		0	0	0	0
善游者溺	uyvn	简单鹤		1		0	0	0	0
受用终身	uyvu	简单鹤		0		0	0	0	0
试验装置	uyvv	简单鹤		0		0	0	0	0
商业中心	uyvx	简单鹤		0		0	0	0	0
石油危机	uywj	简单鹤		0		0	0	0	0
使用武力	uywl	简单鹤		0		0	0	0	0
受益无穷	uywq	简单鹤		0		0	0	0	0
双眼无神	uywu	简单鹤		0		0	0	0	0
商业网站	uywv	简单鹤		0		0	0	0	0
首要位置	uywv	简单鹤		0		0	0	0	0
实业兴邦	uyxb	简单鹤		0		0	0	0	0
使用习惯	uyxg	简单鹤		0		0	0	0	0
使用效果	uyxg	简单鹤		0		0	0	0	0
使用许可	uyxk	简单鹤		0		0	0	0	0
上一星期	uyxq	简单鹤		0		0	0	0	0
事有蹊跷	uyxq	简单鹤		0		0	0	0	0
睡眼惺松	uyxs	简单鹤		0		0	0	0	0
商业系统	uyxt	简单鹤		0		0	0	0	0
商业行为	uyxw	简单鹤		0		0	0	0	0
首因效应	uyxy	简单鹤		0		0	0	0	0
商业用电	uyyd	简单鹤		0		0	0	0	0
善意引导	uyyd	简单鹤		0		0	0	0	0
是一样的	uyyd	简单鹤		0		0	0	0	0
神一样的	uyyd	简单鹤		0		0	0	0	0
诗与远方	uyyf	简单鹤		0		0	0	0	0
生于忧患	uyyh	简单鹤		0		0	0	0	0
实验仪器	uyyq	简单鹤		0		0	0	0	0
山肴野蔌	uyys	简单鹤		1		0	0	0	0
商业用途	uyyt	简单鹤		0		0	0	0	0
施以援手	uyyu	简单鹤		0		0	0	0	0
赡养义务	uyyw	简单鹤		0		0	0	0	0
深远影响	uyyx	简单鹤		0		0	0	0	0
上原亚衣	uyyy	简单鹤		0		0	0	0	0
深远意义	uyyy	简单鹤		0		0	0	0	0
试用资格	uyzg	简单鹤		0		0	0	0	0
是又怎样	uyzy	简单鹤		0		0	0	0	0
实在不行	uzbx	简单鹤		0		0	0	0	0
熵增定律	uzdl	简单鹤		0		0	0	0	0
师资队伍	uzdw	简单鹤		0		0	0	0	0
啥子东西	uzdx	简单鹤		0		0	0	0	0
数字电子	uzdz	简单鹤		0		0	0	0	0
啥子关系	uzgx	简单鹤		0		0	0	0	0
是最好的	uzhd	简单鹤		0		0	0	0	0
身在何处	uzhi	简单鹤		0		0	0	0	0
实在很难	uzhn	简单鹤		0		0	0	0	0
擅自决定	uzjd	简单鹤		0		0	0	0	0
始祖巨人	uzjr	简单鹤		0		0	0	0	0
擅自加入	uzjr	简单鹤		0		0	0	0	0
说走就走	uzjz	简单鹤		0		0	0	0	0
数字控制	uzkv	简单鹤		0		0	0	0	0
受灾面积	uzmj	简单鹤		0		0	0	0	0
是怎么了	uzml	简单鹤		0		0	0	0	0
数字媒体	uzmt	简单鹤		0		0	0	0	0
实在没有	uzmy	简单鹤		0		0	0	0	0
是怎么样	uzmy	简单鹤		0		0	0	0	0
实在难得	uznd	简单鹤		0		0	0	0	0
涉足其间	uzqj	简单鹤		0		0	0	0	0
湿阻气滞	uzqv	简单鹤		0		0	0	0	0
身在其中	uzqv	简单鹤		0		0	0	0	0
失踪人口	uzrk	简单鹤		0		0	0	0	0
是最骚的	uzsd	简单鹤		0		0	0	0	0
数字囤积	uztj	简单鹤		0		0	0	0	0
实在是高	uzug	简单鹤		0		0	0	0	0
数字生命	uzum	简单鹤		0		0	0	0	0
失足少女	uzun	简单鹤		0		0	0	0	0
数字视频	uzup	简单鹤		0		0	0	0	0
数字振动	uzvd	简单鹤		0		0	0	0	0
善自珍重	uzvi	简单鹤		0		0	0	0	0
世子之争	uzvv	简单鹤		0		0	0	0	0
擅作主张	uzvv	简单鹤		0		0	0	0	0
数字尾巴	uzwb	简单鹤		0		0	0	0	0
善自为谋	uzwm	简单鹤		1		0	0	0	0
手足相残	uzxc	简单鹤		0		0	0	0	0
手足兄弟	uzxd	简单鹤		0		0	0	0	0
数字信号	uzxh	简单鹤		0		0	0	0	0
数字相机	uzxj	简单鹤		0		0	0	0	0
稍作休整	uzxv	简单鹤		0		0	0	0	0
是怎样的	uzyd	简单鹤		0		0	0	0	0
身子一缩	uzys	简单鹤		0		0	0	0	0
身子一震	uzyv	简单鹤		0		0	0	0	0
治安管理	vagl	简单鹤		0		0	0	0	0
治安处罚	vaif	简单鹤		0		0	0	0	0
长按加速	vajs	简单鹤		0		0	0	0	0
至暗时刻	vauk	简单鹤		0		0	0	0	0
治安状况	vavk	简单鹤		0		0	0	0	0
致癌物质	vawv	简单鹤		0		0	0	0	0
钟爱有加	vayj	简单鹤		0		0	0	0	0
这波不亏	vbbk	简单鹤		0		0	0	0	0
主办部门	vbbm	简单鹤		0		0	0	0	0
这并不是	vbbu	简单鹤		0		0	0	0	0
重兵把守	vbbu	简单鹤		0		0	0	0	0
准备不足	vbbz	简单鹤		0		0	0	0	0
准备材料	vbcl	简单鹤		0		0	0	0	0
找不到北	vbdb	简单鹤		0		0	0	0	0
战败动画	vbdh	简单鹤		0		0	0	0	0
找不到了	vbdl	简单鹤		0		0	0	0	0
装逼打脸	vbdl	简单鹤		0		0	0	0	0
中部地区	vbdq	简单鹤		0		0	0	0	0
周边地区	vbdq	简单鹤		0		0	0	0	0
铸币大头	vbdt	简单鹤		0		0	0	0	0
主办单位	vbdw	简单鹤		0		0	0	0	0
准备动作	vbdz	简单鹤		0		0	0	0	0
战败而逃	vbet	简单鹤		0		0	0	0	0
质壁分离	vbfl	简单鹤		0		0	0	0	0
这部分人	vbfr	简单鹤		0		0	0	0	0
逐步发展	vbfv	简单鹤		0		0	0	0	0
抓捕归案	vbga	简单鹤		0		0	0	0	0
张榜公布	vbgb	简单鹤		0		0	0	0	0
直播鬼才	vbgc	简单鹤		0		0	0	0	0
占卜工具	vbgj	简单鹤		0		0	0	0	0
周边国家	vbgj	简单鹤		0		0	0	0	0
转变观念	vbgn	简单鹤		0		0	0	0	0
这不公平	vbgp	简单鹤		0		0	0	0	0
这不过是	vbgu	简单鹤		0		0	0	0	0
转不过弯	vbgw	简单鹤		0		0	0	0	0
准备活动	vbhd	简单鹤		0		0	0	0	0
直播回放	vbhf	简单鹤		0		0	0	0	0
周边环境	vbhj	简单鹤		0		0	0	0	0
准备好了	vbhl	简单鹤		0		0	0	0	0
找不回来	vbhl	简单鹤		0		0	0	0	0
整不会了	vbhl	简单鹤		0		0	0	0	0
准备好没	vbhm	简单鹤		0		0	0	0	0
真白花音	vbhy	简单鹤		0		0	0	0	0
准备充分	vbif	简单鹤		0		0	0	0	0
准备出发	vbif	简单鹤		0		0	0	0	0
重磅出击	vbij	简单鹤		0		0	0	0	0
找不出来	vbil	简单鹤		0		0	0	0	0
直播吃屎	vbiu	简单鹤		0		0	0	0	0
逐步成为	vbiw	简单鹤		0		0	0	0	0
直播吃翔	vbix	简单鹤		0		0	0	0	0
直播处刑	vbix	简单鹤		0		0	0	0	0
准备充足	vbiz	简单鹤		0		0	0	0	0
真不简单	vbjd	简单鹤		0		0	0	0	0
逐步降低	vbjd	简单鹤		0		0	0	0	0
骤不及防	vbjf	简单鹤		1		0	0	0	0
转变经济	vbjj	简单鹤		0		0	0	0	0
这不仅仅	vbjj	简单鹤		0		0	0	0	0
逐步解决	vbjj	简单鹤		0		0	0	0	0
装备精良	vbjl	简单鹤		0		0	0	0	0
智不及谋	vbjm	简单鹤		0		0	0	0	0
战败结算	vbjs	简单鹤		0		0	0	0	0
这不仅是	vbju	简单鹤		0		0	0	0	0
这不就是	vbju	简单鹤		0		0	0	0	0
主瓣宽度	vbkd	简单鹤		0		0	0	0	0
逐步扩大	vbkd	简单鹤		0		0	0	0	0
这不可能	vbkn	简单鹤		0		0	0	0	0
准备开始	vbku	简单鹤		0		0	0	0	0
真不愧是	vbku	简单鹤		0		0	0	0	0
这不科学	vbkx	简单鹤		0		0	0	0	0
睁不开眼	vbky	简单鹤		0		0	0	0	0
这不可以	vbky	简单鹤		0		0	0	0	0
张不开嘴	vbkz	简单鹤		0		0	0	0	0
粥吧老哥	vblg	简单鹤		0		0	0	0	0
朝避猛虎	vbmh	简单鹤		0		0	0	0	0
这般模样	vbmy	简单鹤		0		0	0	0	0
这不能不	vbnb	简单鹤		0		0	0	0	0
这般年纪	vbnj	简单鹤		0		0	0	0	0
占卜婆婆	vbpp	简单鹤		0		0	0	0	0
直播平台	vbpt	简单鹤		0		0	0	0	0
治病求本	vbqb	简单鹤		0		0	0	0	0
站不起来	vbql	简单鹤		0		0	0	0	0
逐步取消	vbqx	简单鹤		0		0	0	0	0
直播天才	vbtc	简单鹤		0		0	0	0	0
准备妥当	vbtd	简单鹤		0		0	0	0	0
转变态度	vbtd	简单鹤		0		0	0	0	0
这步田地	vbtd	简单鹤		0		0	0	0	0
逐步推广	vbtg	简单鹤		0		0	0	0	0
逐步提高	vbtg	简单鹤		0		0	0	0	0
逐步推出	vbti	简单鹤		0		0	0	0	0
逐步推进	vbtj	简单鹤		0		0	0	0	0
针贬时弊	vbub	简单鹤		0		0	0	0	0
直播事故	vbug	简单鹤		0		0	0	0	0
真不是个	vbug	简单鹤		0		0	0	0	0
直板手机	vbuj	简单鹤		0		0	0	0	0
丈八蛇矛	vbum	简单鹤		0		0	0	0	0
正版授权	vbuq	简单鹤		0		0	0	0	0
真不是人	vbur	简单鹤		0		0	0	0	0
逐步深入	vbur	简单鹤		0		0	0	0	0
这不是说	vbuu	简单鹤		0		0	0	0	0
逐步实现	vbux	简单鹤		0		0	0	0	0
找不着北	vbvb	简单鹤		0		0	0	0	0
找不着调	vbvd	简单鹤		0		0	0	0	0
真不知道	vbvd	简单鹤		0		0	0	0	0
支不支持	vbvi	简单鹤		0		0	0	0	0
照搬照抄	vbvi	简单鹤		0		0	0	0	0
逐步展开	vbvk	简单鹤		0		0	0	0	0
中部战区	vbvq	简单鹤		0		0	0	0	0
准不准确	vbvq	简单鹤		0		0	0	0	0
直奔主题	vbvt	简单鹤		0		0	0	0	0
朝八晚六	vbwl	简单鹤		0		0	0	0	0
逐步完善	vbwu	简单鹤		0		0	0	0	0
朝八晚五	vbww	简单鹤		0		0	0	0	0
直播效果	vbxg	简单鹤		0		0	0	0	0
抓捕现场	vbxi	简单鹤		0		0	0	0	0
直播仙人	vbxr	简单鹤		0		0	0	0	0
重磅消息	vbxx	简单鹤		0		0	0	0	0
直播修音	vbxy	简单鹤		0		0	0	0	0
这不需要	vbxy	简单鹤		0		0	0	0	0
止步于此	vbyc	简单鹤		0		0	0	0	0
真不要脸	vbyl	简单鹤		0		0	0	0	0
准备一切	vbyq	简单鹤		0		0	0	0	0
这不也是	vbyu	简单鹤		0		0	0	0	0
准备一下	vbyx	简单鹤		0		0	0	0	0
这不一样	vbyy	简单鹤		0		0	0	0	0
致病因子	vbyz	简单鹤		0		0	0	0	0
志不在此	vbzc	简单鹤		0		0	0	0	0
主不在乎	vbzh	简单鹤		0		0	0	0	0
整不自信	vbzx	简单鹤		0		0	0	0	0
逐步走向	vbzx	简单鹤		0		0	0	0	0
找不自在	vbzz	简单鹤		0		0	0	0	0
这次不是	vcbu	简单鹤		0		0	0	0	0
政策措施	vccu	简单鹤		0		0	0	0	0
找错地方	vcdf	简单鹤		0		0	0	0	0
注册登录	vcdl	简单鹤		0		0	0	0	0
这才对嘛	vcdm	简单鹤		0		0	0	0	0
这词都有	vcdy	简单鹤		0		0	0	0	0
主次分明	vcfm	简单鹤		0		0	0	0	0
这才发现	vcfx	简单鹤		0		0	0	0	0
这次估计	vcgj	简单鹤		0		0	0	0	0
知错即改	vcjg	简单鹤		0		0	0	0	0
知错就改	vcjg	简单鹤		0		0	0	0	0
注册认证	vcrv	简单鹤		0		0	0	0	0
这次任务	vcrw	简单鹤		0		0	0	0	0
周村烧饼	vcub	简单鹤		0		0	0	0	0
注册商标	vcub	简单鹤		0		0	0	0	0
注册失败	vcub	简单鹤		0		0	0	0	0
斩草为马	vcwm	简单鹤		0		0	0	0	0
震仓洗盘	vcxp	简单鹤		0		0	0	0	0
仲裁协议	vcxy	简单鹤		0		0	0	0	0
这才像样	vcxy	简单鹤		0		0	0	0	0
这次一定	vcyd	简单鹤		0		0	0	0	0
珍藏已久	vcyj	简单鹤		0		0	0	0	0
政策因素	vcys	简单鹤		0		0	0	0	0
注册资金	vczj	简单鹤		0		0	0	0	0
忠党爱国	vdag	简单鹤		0		0	0	0	0
重大案件	vdaj	简单鹤		0		0	0	0	0
真的爱你	vdan	简单鹤		0		0	0	0	0
抓到把柄	vdbb	简单鹤		0		0	0	0	0
中道崩殂	vdbc	简单鹤		0		0	0	0	0
真的不错	vdbc	简单鹤		0		0	0	0	0
长得不错	vdbc	简单鹤		0		0	0	0	0
重大变化	vdbh	简单鹤		0		0	0	0	0
战斗堡垒	vdbl	简单鹤		0		0	0	0	0
只多不少	vdbu	简单鹤		0		0	0	0	0
渣都不剩	vdbu	简单鹤		0		0	0	0	0
这倒不是	vdbu	简单鹤		0		0	0	0	0
制定标准	vdbv	简单鹤		0		0	0	0	0
制度保障	vdbv	简单鹤		0		0	0	0	0
招待不周	vdbv	简单鹤		0		0	0	0	0
照打不误	vdbw	简单鹤		0		0	0	0	0
真的不想	vdbx	简单鹤		0		0	0	0	0
正当此时	vdcu	简单鹤		0		0	0	0	0
找到答案	vdda	简单鹤		0		0	0	0	0
这等地步	vddb	简单鹤		0		0	0	0	0
正道的光	vddg	简单鹤		0		0	0	0	0
准点打卡	vddk	简单鹤		0		0	0	0	0
置顶动态	vddt	简单鹤		0		0	0	0	0
占大多数	vddu	简单鹤		0		0	0	0	0
指导地位	vddw	简单鹤		0		0	0	0	0
战斗方法	vdff	简单鹤		0		0	0	0	0
制定法律	vdfl	简单鹤		0		0	0	0	0
诸多方面	vdfm	简单鹤		0		0	0	0	0
重大方面	vdfm	简单鹤		0		0	0	0	0
值得反思	vdfs	简单鹤		0		0	0	0	0
战斗方式	vdfu	简单鹤		0		0	0	0	0
重大发现	vdfx	简单鹤		0		0	0	0	0
质的飞跃	vdfy	简单鹤		0		0	0	0	0
制度改革	vdgg	简单鹤		0		0	0	0	0
找到感觉	vdgj	简单鹤		0		0	0	0	0
知道个屁	vdgp	简单鹤		0		0	0	0	0
重点高校	vdgx	简单鹤		0		0	0	0	0
制定规则	vdgz	简单鹤		0		0	0	0	0
指导工作	vdgz	简单鹤		0		0	0	0	0
真的很棒	vdhb	简单鹤		0		0	0	0	0
真的好吃	vdhi	简单鹤		0		0	0	0	0
真的很丑	vdhi	简单鹤		0		0	0	0	0
妆都花了	vdhl	简单鹤		0		0	0	0	0
真的好吗	vdhm	简单鹤		0		0	0	0	0
真的很美	vdhm	简单鹤		0		0	0	0	0
值得怀念	vdhn	简单鹤		0		0	0	0	0
遮挡号牌	vdhp	简单鹤		0		0	0	0	0
止跌回升	vdhu	简单鹤		0		0	0	0	0
值得回味	vdhw	简单鹤		0		0	0	0	0
值得回忆	vdhy	简单鹤		0		0	0	0	0
值得崇拜	vdib	简单鹤		0		0	0	0	0
装订成册	vdic	简单鹤		0		0	0	0	0
值得称道	vdid	简单鹤		0		0	0	0	0
主动出击	vdij	简单鹤		0		0	0	0	0
重大成就	vdij	简单鹤		0		0	0	0	0
主动承认	vdir	简单鹤		0		0	0	0	0
值得骄傲	vdja	简单鹤		0		0	0	0	0
重大疾病	vdjb	简单鹤		0		0	0	0	0
重大决策	vdjc	简单鹤		0		0	0	0	0
真的假的	vdjd	简单鹤		0		0	0	0	0
知道就好	vdjh	简单鹤		0		0	0	0	0
值得借鉴	vdjj	简单鹤		0		0	0	0	0
整顿纪律	vdjl	简单鹤		0		0	0	0	0
这段经历	vdjl	简单鹤		0		0	0	0	0
折叠键盘	vdjp	简单鹤		0		0	0	0	0
制度健全	vdjq	简单鹤		0		0	0	0	0
直到今日	vdjr	简单鹤		0		0	0	0	0
指弹吉他	vdjt	简单鹤		0		0	0	0	0
直到今天	vdjt	简单鹤		0		0	0	0	0
指导教师	vdju	简单鹤		0		0	0	0	0
战地记者	vdjv	简单鹤		0		0	0	0	0
知道就行	vdjx	简单鹤		0		0	0	0	0
值得肯定	vdkd	简单鹤		0		0	0	0	0
整段垮掉	vdkd	简单鹤		0		0	0	0	0
值得考虑	vdkl	简单鹤		0		0	0	0	0
重点考虑	vdkl	简单鹤		0		0	0	0	0
真的可以	vdky	简单鹤		0		0	0	0	0
这都可以	vdky	简单鹤		0		0	0	0	0
知道了吧	vdlb	简单鹤		0		0	0	0	0
找到了个	vdlg	简单鹤		0		0	0	0	0
重大立功	vdlg	简单鹤		0		0	0	0	0
知道了吗	vdlm	简单鹤		0		0	0	0	0
置顶聊天	vdlt	简单鹤		0		0	0	0	0
正当理由	vdly	简单鹤		0		0	0	0	0
找点乐子	vdlz	简单鹤		0		0	0	0	0
占地面积	vdmj	简单鹤		0		0	0	0	0
振动模式	vdmu	简单鹤		0		0	0	0	0
中岛美雪	vdmx	简单鹤		0		0	0	0	0
真的没有	vdmy	简单鹤		0		0	0	0	0
这倒没有	vdmy	简单鹤		0		0	0	0	0
战斗民族	vdmz	简单鹤		0		0	0	0	0
这顶帽子	vdmz	简单鹤		0		0	0	0	0
真的能够	vdng	简单鹤		0		0	0	0	0
整顿内娱	vdny	简单鹤		0		0	0	0	0
这都能赢	vdny	简单鹤		0		0	0	0	0
中等偏下	vdpx	简单鹤		0		0	0	0	0
值得期待	vdqd	简单鹤		0		0	0	0	0
值得庆贺	vdqh	简单鹤		0		0	0	0	0
纸短情长	vdqi	简单鹤		1		0	0	0	0
斩钉切铁	vdqt	简单鹤		1		0	0	0	0
止跌企稳	vdqw	简单鹤		0		0	0	0	0
值得庆幸	vdqx	简单鹤		0		0	0	0	0
主动请缨	vdqy	简单鹤		0		0	0	0	0
只得如此	vdrc	简单鹤		0		0	0	0	0
值得人们	vdrm	简单鹤		0		0	0	0	0
重大任务	vdrw	简单鹤		0		0	0	0	0
这段日子	vdrz	简单鹤		0		0	0	0	0
值得推广	vdtg	简单鹤		0		0	0	0	0
中东土豪	vdth	简单鹤		0		0	0	0	0
涨得通红	vdth	简单鹤		0		0	0	0	0
真的挺好	vdth	简单鹤		0		0	0	0	0
值得讨论	vdtl	简单鹤		0		0	0	0	0
正道坦途	vdtt	简单鹤		0		0	0	0	0
直达天听	vdtt	简单鹤		0		0	0	0	0
中毒太深	vdtu	简单鹤		0		0	0	0	0
战地天使	vdtu	简单鹤		0		0	0	0	0
质的提升	vdtu	简单鹤		0		0	0	0	0
中等身材	vduc	简单鹤		0		0	0	0	0
这都是词	vduc	简单鹤		0		0	0	0	0
正当手段	vdud	简单鹤		0		0	0	0	0
掌灯时分	vduf	简单鹤		0		0	0	0	0
真的是个	vdug	简单鹤		0		0	0	0	0
这段时间	vduj	简单鹤		0		0	0	0	0
这点时间	vduj	简单鹤		0		0	0	0	0
正当盛年	vdun	简单鹤		0		0	0	0	0
中等水平	vdup	简单鹤		0		0	0	0	0
值多少钱	vduq	简单鹤		0		0	0	0	0
值得商榷	vduq	简单鹤		0		0	0	0	0
中等收入	vdur	简单鹤		0		0	0	0	0
值得深思	vdus	简单鹤		0		0	0	0	0
这都是啥	vduu	简单鹤		0		0	0	0	0
中毒身亡	vduw	简单鹤		0		0	0	0	0
重大失误	vduw	简单鹤		0		0	0	0	0
遮挡视线	vdux	简单鹤		0		0	0	0	0
重大事项	vdux	简单鹤		0		0	0	0	0
睁大双眼	vduy	简单鹤		0		0	0	0	0
诸多事宜	vduy	简单鹤		0		0	0	0	0
找点事做	vduz	简单鹤		0		0	0	0	0
真的是在	vduz	简单鹤		0		0	0	0	0
镇店之宝	vdvb	简单鹤		0		0	0	0	0
制导炸弹	vdvd	简单鹤		0		0	0	0	0
真的真的	vdvd	简单鹤		0		0	0	0	0
直到这天	vdvt	简单鹤		0		0	0	0	0
值得珍惜	vdvx	简单鹤		0		0	0	0	0
重点中学	vdvx	简单鹤		0		0	0	0	0
赚点外快	vdwk	简单鹤		0		0	0	0	0
值得我们	vdwm	简单鹤		0		0	0	0	0
制度文明	vdwm	简单鹤		0		0	0	0	0
诸多问题	vdwt	简单鹤		0		0	0	0	0
争夺王位	vdww	简单鹤		0		0	0	0	0
长点心吧	vdxb	简单鹤		0		0	0	0	0
真的想法	vdxf	简单鹤		0		0	0	0	0
值得信赖	vdxl	简单鹤		0		0	0	0	0
沾点喜气	vdxq	简单鹤		0		0	0	0	0
值得信任	vdxr	简单鹤		0		0	0	0	0
战斗系统	vdxt	简单鹤		0		0	0	0	0
诊断系统	vdxt	简单鹤		0		0	0	0	0
这点小事	vdxu	简单鹤		0		0	0	0	0
重大嫌疑	vdxy	简单鹤		0		0	0	0	0
长得一般	vdyb	简单鹤		0		0	0	0	0
这都有词	vdyc	简单鹤		0		0	0	0	0
真的有点	vdyd	简单鹤		0		0	0	0	0
找到一个	vdyg	简单鹤		0		0	0	0	0
真的应该	vdyg	简单鹤		0		0	0	0	0
终端用户	vdyh	简单鹤		0		0	0	0	0
指导意见	vdyj	简单鹤		0		0	0	0	0
值得一看	vdyk	简单鹤		0		0	0	0	0
值得一去	vdyq	简单鹤		0		0	0	0	0
正当要求	vdyq	简单鹤		0		0	0	0	0
诸多因素	vdys	简单鹤		0		0	0	0	0
值得一试	vdyu	简单鹤		0		0	0	0	0
这倒也是	vdyu	简单鹤		0		0	0	0	0
值得一玩	vdyw	简单鹤		0		0	0	0	0
战斗英雄	vdyx	简单鹤		0		0	0	0	0
值得拥有	vdyy	简单鹤		0		0	0	0	0
重大意义	vdyy	简单鹤		0		0	0	0	0
重度抑郁	vdyy	简单鹤		0		0	0	0	0
指导原则	vdyz	简单鹤		0		0	0	0	0
直到最后	vdzh	简单鹤		0		0	0	0	0
知道自己	vdzj	简单鹤		0		0	0	0	0
这档子事	vdzu	简单鹤		0		0	0	0	0
直而不肆	vebs	简单鹤		0		0	0	0	0
中俄关系	vegx	简单鹤		0		0	0	0	0
转而看好	vekh	简单鹤		0		0	0	0	0
中二时期	veuq	简单鹤		0		0	0	0	0
振耳欲聋	veyl	简单鹤		0		0	0	0	0
政府安排	vfap	简单鹤		0		0	0	0	0
这份爱情	vfaq	简单鹤		0		0	0	0	0
政府颁布	vfbb	简单鹤		0		0	0	0	0
执法不公	vfbg	简单鹤		0		0	0	0	0
政府报告	vfbg	简单鹤		0		0	0	0	0
这份报告	vfbg	简单鹤		0		0	0	0	0
住房补贴	vfbt	简单鹤		0		0	0	0	0
政府补贴	vfbt	简单鹤		0		0	0	0	0
住房保障	vfbv	简单鹤		0		0	0	0	0
政府措施	vfcu	简单鹤		0		0	0	0	0
政府代表	vfdb	简单鹤		0		0	0	0	0
知法懂法	vfdf	简单鹤		0		0	0	0	0
这副德性	vfdx	简单鹤		0		0	0	0	0
政府干预	vfgy	简单鹤		0		0	0	0	0
追风赶月	vfgy	简单鹤		0		0	0	0	0
支付货款	vfhk	简单鹤		0		0	0	0	0
转发抽奖	vfij	简单鹤		0		0	0	0	0
政府开发	vfkf	简单鹤		0		0	0	0	0
涨粉狂魔	vfkm	简单鹤		0		0	0	0	0
支付款项	vfkx	简单鹤		0		0	0	0	0
执法力度	vfld	简单鹤		0		0	0	0	0
支付流程	vfli	简单鹤		0		0	0	0	0
正反两面	vflm	简单鹤		0		0	0	0	0
支付密码	vfmm	简单鹤		0		0	0	0	0
真服你了	vfnl	简单鹤		0		0	0	0	0
支付企业	vfqy	简单鹤		0		0	0	0	0
招蜂惹蝶	vfrd	简单鹤		1		0	0	0	0
执法人员	vfry	简单鹤		0		0	0	0	0
正房太太	vftt	简单鹤		0		0	0	0	0
征服世界	vfuj	简单鹤		0		0	0	0	0
政府首脑	vfun	简单鹤		0		0	0	0	0
转发说说	vfuu	简单鹤		0		0	0	0	0
政府主席	vfvx	简单鹤		0		0	0	0	0
照方抓药	vfvy	简单鹤		0		0	0	0	0
政府委派	vfwp	简单鹤		0		0	0	0	0
支付现金	vfxj	简单鹤		0		0	0	0	0
执法效能	vfxn	简单鹤		0		0	0	0	0
制服诱惑	vfyh	简单鹤		0		0	0	0	0
支付业务	vfyw	简单鹤		0		0	0	0	0
陟罚臧否	vfzp	简单鹤		1		0	0	0	0
政府组织	vfzv	简单鹤		0		0	0	0	0
这个不错	vgbc	简单鹤		0		0	0	0	0
找个班上	vgbu	简单鹤		0		0	0	0	0
照顾不周	vgbv	简单鹤		0		0	0	0	0
职工餐厅	vgct	简单鹤		0		0	0	0	0
这个才是	vgcu	简单鹤		0		0	0	0	0
这个地步	vgdb	简单鹤		0		0	0	0	0
找个地方	vgdf	简单鹤		0		0	0	0	0
这个地方	vgdf	简单鹤		0		0	0	0	0
中国大陆	vgdl	简单鹤		0		0	0	0	0
这个道理	vgdl	简单鹤		0		0	0	0	0
中国地图	vgdt	简单鹤		0		0	0	0	0
这个倒是	vgdu	简单鹤		0		0	0	0	0
这个东西	vgdx	简单鹤		0		0	0	0	0
争个第一	vgdy	简单鹤		0		0	0	0	0
州官放火	vgfh	简单鹤	221	0		0	0	0	0
这个方面	vgfm	简单鹤		0		0	0	0	0
这个范围	vgfw	简单鹤		0		0	0	0	0
跖狗吠尧	vgfy	简单鹤		1		0	0	0	0
中国功夫	vggf	简单鹤		0		0	0	0	0
整个过程	vggi	简单鹤		0		0	0	0	0
这个过程	vggi	简单鹤		0		0	0	0	0
中国公民	vggm	简单鹤		0		0	0	0	0
中国国情	vggq	简单鹤		0		0	0	0	0
中国汉堡	vghb	简单鹤		0		0	0	0	0
战功赫赫	vghh	简单鹤		0		0	0	0	0
这个还好	vghh	简单鹤		0		0	0	0	0
这个话题	vght	简单鹤		0		0	0	0	0
这个好说	vghu	简单鹤		0		0	0	0	0
遮光窗帘	vgil	简单鹤		0		0	0	0	0
终古常新	vgix	简单鹤		0		0	0	0	0
这个角度	vgjd	简单鹤		0		0	0	0	0
找个机会	vgjh	简单鹤		0		0	0	0	0
这个机会	vgjh	简单鹤		0		0	0	0	0
中国经济	vgjj	简单鹤		0		0	0	0	0
转轨经济	vgjj	简单鹤		0		0	0	0	0
周公解梦	vgjm	简单鹤		0		0	0	0	0
这个礼拜	vglb	简单鹤		0		0	0	0	0
珍贵礼物	vglw	简单鹤		0		0	0	0	0
这个例子	vglz	简单鹤		0		0	0	0	0
这个目标	vgmb	简单鹤		0		0	0	0	0
这个没有	vgmy	简单鹤		0		0	0	0	0
这个名字	vgmz	简单鹤		0		0	0	0	0
这个民族	vgmz	简单鹤		0		0	0	0	0
这个年代	vgnd	简单鹤		0		0	0	0	0
这个年纪	vgnj	简单鹤		0		0	0	0	0
主观评价	vgpj	简单鹤		0		0	0	0	0
斩瓜切菜	vgqc	简单鹤		0		0	0	0	0
正该如此	vgrc	简单鹤		0		0	0	0	0
中国人的	vgrd	简单鹤		0		0	0	0	0
这个人的	vgrd	简单鹤		0		0	0	0	0
这个日期	vgrq	简单鹤		0		0	0	0	0
主观条件	vgtj	简单鹤		0		0	0	0	0
转过头去	vgtq	简单鹤		0		0	0	0	0
这个时代	vgud	简单鹤		0		0	0	0	0
中国首富	vguf	简单鹤		0		0	0	0	0
这个时候	vguh	简单鹤		0		0	0	0	0
这个社会	vguh	简单鹤		0		0	0	0	0
找个时间	vguj	简单鹤		0		0	0	0	0
整个世界	vguj	简单鹤		0		0	0	0	0
这个世界	vguj	简单鹤		0		0	0	0	0
转过身来	vgul	简单鹤		0		0	0	0	0
这个是吗	vgum	简单鹤		0		0	0	0	0
转过身去	vguq	简单鹤		0		0	0	0	0
这个事情	vguq	简单鹤		0		0	0	0	0
转过身体	vgut	简单鹤		0		0	0	0	0
转过身子	vguz	简单鹤		0		0	0	0	0
镇国之宝	vgvb	简单鹤		0		0	0	0	0
镇馆之宝	vgvb	简单鹤		0		0	0	0	0
周公之礼	vgvl	简单鹤		0		0	0	0	0
抓个正着	vgvv	简单鹤		0		0	0	0	0
这锅我背	vgwb	简单鹤		0		0	0	0	0
烛光晚餐	vgwc	简单鹤		0		0	0	0	0
中国文化	vgwh	简单鹤		0		0	0	0	0
这个我会	vgwh	简单鹤		0		0	0	0	0
中国武警	vgwj	简单鹤		0		0	0	0	0
中国玩家	vgwj	简单鹤		0		0	0	0	0
转过弯来	vgwl	简单鹤		0		0	0	0	0
中国文明	vgwm	简单鹤		0		0	0	0	0
这个问题	vgwt	简单鹤		0		0	0	0	0
终归无效	vgwx	简单鹤		0		0	0	0	0
烛光晚宴	vgwy	简单鹤		0		0	0	0	0
这个想法	vgxf	简单鹤		0		0	0	0	0
朝过夕改	vgxg	简单鹤		1		0	0	0	0
这个系列	vgxl	简单鹤		0		0	0	0	0
中国选手	vgxu	简单鹤		0		0	0	0	0
抓个现行	vgxx	简单鹤		0		0	0	0	0
长个心眼	vgxy	简单鹤		0		0	0	0	0
中国烟草	vgyc	简单鹤		0		0	0	0	0
这个应该	vgyg	简单鹤		0		0	0	0	0
赚个吆喝	vgyh	简单鹤		0		0	0	0	0
只顾眼前	vgyq	简单鹤		0		0	0	0	0
这个意思	vgys	简单鹤		0		0	0	0	0
中国邮政	vgyv	简单鹤		0		0	0	0	0
朝歌夜弦	vgyx	简单鹤		1		0	0	0	0
珍贵影像	vgyx	简单鹤		0		0	0	0	0
这个原因	vgyy	简单鹤		0		0	0	0	0
这个样子	vgyz	简单鹤		0		0	0	0	0
这还不够	vhbg	简单鹤		0		0	0	0	0
这还不算	vhbs	简单鹤		0		0	0	0	0
这还不是	vhbu	简单鹤		0		0	0	0	0
只换不修	vhbx	简单鹤		0		0	0	0	0
中华大地	vhdd	简单鹤		0		0	0	0	0
这还得了	vhdl	简单鹤		0		0	0	0	0
中和反应	vhfy	简单鹤		0		0	0	0	0
抓获归案	vhga	简单鹤		0		0	0	0	0
这很合理	vhhl	简单鹤		0		0	0	0	0
这恒河里	vhhl	简单鹤		0		0	0	0	0
中华传统	vhit	简单鹤		0		0	0	0	0
之后成为	vhiw	简单鹤		0		0	0	0	0
找回场子	vhiz	简单鹤		0		0	0	0	0
智慧结晶	vhjj	简单鹤		0		0	0	0	0
指挥交通	vhjt	简单鹤		0		0	0	0	0
这还了得	vhld	简单鹤		0		0	0	0	0
战痕累累	vhll	简单鹤		0		0	0	0	0
涨红了脸	vhll	简单鹤		0		0	0	0	0
这合理吗	vhlm	简单鹤		0		0	0	0	0
这河里吗	vhlm	简单鹤		0		0	0	0	0
忠厚老实	vhlu	简单鹤		0		0	0	0	0
震撼来袭	vhlx	简单鹤		0		0	0	0	0
账户名称	vhmi	简单鹤		0		0	0	0	0
找回密码	vhmm	简单鹤		0		0	0	0	0
账号密码	vhmm	简单鹤		0		0	0	0	0
账户密码	vhmm	简单鹤		0		0	0	0	0
找回面子	vhmz	简单鹤		0		0	0	0	0
正合你意	vhny	简单鹤		0		0	0	0	0
值回票价	vhpj	简单鹤		0		0	0	0	0
追欢取乐	vhql	简单鹤		1		0	0	0	0
只好如此	vhrc	简单鹤		0		0	0	0	0
智慧人生	vhru	简单鹤		0		0	0	0	0
昭和时代	vhud	简单鹤		0		0	0	0	0
这话说得	vhud	简单鹤		0		0	0	0	0
这话说的	vhud	简单鹤		0		0	0	0	0
这回事儿	vhue	简单鹤		0		0	0	0	0
震撼首发	vhuf	简单鹤		0		0	0	0	0
这还是个	vhug	简单鹤		0		0	0	0	0
智慧识屏	vhup	简单鹤		0		0	0	0	0
这还是人	vhur	简单鹤		0		0	0	0	0
执行文件	vhwj	简单鹤		0		0	0	0	0
正好相反	vhxf	简单鹤		0		0	0	0	0
转换效率	vhxl	简单鹤		0		0	0	0	0
震撼心灵	vhxl	简单鹤		0		0	0	0	0
账户余额	vhye	简单鹤		0		0	0	0	0
指挥有方	vhyf	简单鹤		0		0	0	0	0
这话一出	vhyi	简单鹤		0		0	0	0	0
这还用说	vhyu	简单鹤		0		0	0	0	0
这还用问	vhyw	简单鹤		0		0	0	0	0
只好作罢	vhzb	简单鹤		0		0	0	0	0
主很在乎	vhzh	简单鹤		0		0	0	0	0
中和作用	vhzy	简单鹤		0		0	0	0	0
展翅翱翔	viax	简单鹤		0		0	0	0	0
职场霸凌	vibl	简单鹤		0		0	0	0	0
支持不住	vibv	简单鹤		0		0	0	0	0
支撑不住	vibv	简单鹤		0		0	0	0	0
争吵不休	vibx	简单鹤		0		0	0	0	0
支撑材料	vicl	简单鹤		0		0	0	0	0
指出错误	vicw	简单鹤		0		0	0	0	0
正常操作	vicz	简单鹤		0		0	0	0	0
主持大局	vidj	简单鹤		0		0	0	0	0
终成大器	vidq	简单鹤		0		0	0	0	0
职场得意	vidy	简单鹤		0		0	0	0	0
正常儿童	viet	简单鹤		0		0	0	0	0
正常发挥	vifh	简单鹤		0		0	0	0	0
展翅飞翔	vifx	简单鹤		0		0	0	0	0
主持公道	vigd	简单鹤		0		0	0	0	0
支持国产	vigi	简单鹤		0		0	0	0	0
正常关系	vigx	简单鹤		0		0	0	0	0
主持工作	vigz	简单鹤		0		0	0	0	0
朱唇皓齿	vihi	简单鹤		1		0	0	0	0
张敞画眉	vihm	简单鹤		1		0	0	0	0
知耻后勇	vihy	简单鹤		0		0	0	0	0
侦查机关	vijg	简单鹤		0		0	0	0	0
专车接送	vijs	简单鹤		0		0	0	0	0
照常进行	vijx	简单鹤		0		0	0	0	0
正常开展	vikv	简单鹤		0		0	0	0	0
争长论短	vild	简单鹤		1		0	0	0	0
找出来了	vill	简单鹤		0		0	0	0	0
炸出来了	vill	简单鹤		0		0	0	0	0
中超联赛	vils	简单鹤		0		0	0	0	0
正常来说	vilu	简单鹤		0		0	0	0	0
职场礼仪	vily	简单鹤		0		0	0	0	0
支持媒体	vimt	简单鹤		0		0	0	0	0
正常模式	vimu	简单鹤		0		0	0	0	0
中出内射	vinu	简单鹤		0		0	0	0	0
支持平台	vipt	简单鹤		0		0	0	0	0
正常渠道	viqd	简单鹤		0		0	0	0	0
正常体温	vitw	简单鹤		0		0	0	0	0
逐出师门	vium	简单鹤		0		0	0	0	0
支持正版	vivb	简单鹤		0		0	0	0	0
照抄照搬	vivb	简单鹤		0		0	0	0	0
主持召开	vivk	简单鹤		0		0	0	0	0
支持中文	vivw	简单鹤		0		0	0	0	0
转嗔为喜	viwx	简单鹤		1		0	0	0	0
真诚相待	vixd	简单鹤		0		0	0	0	0
职场新人	vixr	简单鹤		0		0	0	0	0
中场休息	vixx	简单鹤		0		0	0	0	0
支持一波	viyb	简单鹤		0		0	0	0	0
争创一流	viyl	简单鹤		0		0	0	0	0
主场优势	viyu	简单鹤		0		0	0	0	0
支持一下	viyx	简单鹤		0		0	0	0	0
主场作战	vizv	简单鹤		0		0	0	0	0
忠君爱国	vjag	简单鹤		0		0	0	0	0
镇惊安神	vjau	简单鹤		0		0	0	0	0
榨精病栋	vjbd	简单鹤		0		0	0	0	0
装甲部队	vjbd	简单鹤		0		0	0	0	0
逐渐变得	vjbd	简单鹤		0		0	0	0	0
忠君报国	vjbg	简单鹤		0		0	0	0	0
政见不合	vjbh	简单鹤		0		0	0	0	0
只进不出	vjbi	简单鹤		0		0	0	0	0
直接变成	vjbi	简单鹤		0		0	0	0	0
战绩不佳	vjbj	简单鹤		0		0	0	0	0
质监部门	vjbm	简单鹤		0		0	0	0	0
质检标准	vjbv	简单鹤		0		0	0	0	0
终极兵王	vjbw	简单鹤		0		0	0	0	0
震惊不已	vjby	简单鹤		0		0	0	0	0
证据不足	vjbz	简单鹤		0		0	0	0	0
真假参半	vjcb	简单鹤		0		0	0	0	0
拯救苍生	vjcu	简单鹤		0		0	0	0	0
直接参与	vjcy	简单鹤		0		0	0	0	0
直接点踩	vjdc	简单鹤		0		0	0	0	0
主角登场	vjdi	简单鹤		0		0	0	0	0
终极对决	vjdj	简单鹤		0		0	0	0	0
这就对了	vjdl	简单鹤		0		0	0	0	0
阵脚大乱	vjdl	简单鹤		0		0	0	0	0
中间对齐	vjdq	简单鹤		0		0	0	0	0
拯救地球	vjdq	简单鹤		0		0	0	0	0
斩将夺旗	vjdq	简单鹤		1		0	0	0	0
政教分离	vjfl	简单鹤		0		0	0	0	0
中介服务	vjfw	简单鹤		0		0	0	0	0
直接费用	vjfy	简单鹤		0		0	0	0	0
逐渐改变	vjgb	简单鹤		0		0	0	0	0
指甲盖儿	vjge	简单鹤		0		0	0	0	0
主角光环	vjgh	简单鹤		0		0	0	0	0
这就够了	vjgl	简单鹤		0		0	0	0	0
真菌感染	vjgr	简单鹤		0		0	0	0	0
直接关系	vjgx	简单鹤		0		0	0	0	0
征集活动	vjhd	简单鹤		0		0	0	0	0
直接忽略	vjhl	简单鹤		0		0	0	0	0
终极火力	vjhl	简单鹤		0		0	0	0	0
中奖号码	vjhm	简单鹤		0		0	0	0	0
终究还是	vjhu	简单鹤		0		0	0	0	0
专家会诊	vjhv	简单鹤		0		0	0	0	0
政教合一	vjhy	简单鹤	844	0		0	0	0	0
政纪处分	vjif	简单鹤		0		0	0	0	0
昭君出塞	vjis	简单鹤		0		0	0	0	0
终将成为	vjiw	简单鹤		0		0	0	0	0
重金酬谢	vjix	简单鹤		0		0	0	0	0
中介机构	vjjg	简单鹤		0		0	0	0	0
这几句话	vjjh	简单鹤		0		0	0	0	0
直接接触	vjji	简单鹤		0		0	0	0	0
逐渐加快	vjjk	简单鹤		0		0	0	0	0
逐渐减小	vjjx	简单鹤		0		0	0	0	0
这就叫作	vjjz	简单鹤		0		0	0	0	0
这就叫做	vjjz	简单鹤		0		0	0	0	0
战绩可查	vjki	简单鹤		0		0	0	0	0
中级考试	vjku	简单鹤		0		0	0	0	0
逐渐开始	vjku	简单鹤		0		0	0	0	0
终极猎手	vjlu	简单鹤		0		0	0	0	0
逐渐沦为	vjlw	简单鹤		0		0	0	0	0
筑基灵液	vjly	简单鹤		0		0	0	0	0
着急忙慌	vjmh	简单鹤		0		0	0	0	0
证件名称	vjmi	简单鹤		0		0	0	0	0
招军买马	vjmm	简单鹤		1		0	0	0	0
皱紧眉头	vjmt	简单鹤		0		0	0	0	0
斋戒沐浴	vjmy	简单鹤		0		0	0	0	0
至今没有	vjmy	简单鹤		0		0	0	0	0
知己难求	vjnq	简单鹤		0		0	0	0	0
捉奸拿双	vjnu	简单鹤		0		0	0	0	0
贞节牌坊	vjpf	简单鹤		0		0	0	0	0
主机平台	vjpt	简单鹤		0		0	0	0	0
重金求子	vjqz	简单鹤		0		0	0	0	0
震惊四座	vjsz	简单鹤		0		0	0	0	0
指尖陀螺	vjtl	简单鹤		0		0	0	0	0
针灸推拿	vjtn	简单鹤		0		0	0	0	0
仗剑天涯	vjty	简单鹤		0		0	0	0	0
执剑天涯	vjty	简单鹤		0		0	0	0	0
这就是爱	vjua	简单鹤		0		0	0	0	0
忠奸善恶	vjue	简单鹤		0		0	0	0	0
正经事儿	vjue	简单鹤		0		0	0	0	0
占据上风	vjuf	简单鹤		0		0	0	0	0
这就是个	vjug	简单鹤		0		0	0	0	0
抓紧时间	vjuj	简单鹤		0		0	0	0	0
拯救世界	vjuj	简单鹤		0		0	0	0	0
震惊世界	vjuj	简单鹤		0		0	0	0	0
涨见识了	vjul	简单鹤		0		0	0	0	0
重金收买	vjum	简单鹤		0		0	0	0	0
这件事情	vjuq	简单鹤		0		0	0	0	0
整句输入	vjur	简单鹤		0		0	0	0	0
逐渐上升	vjuu	简单鹤		0		0	0	0	0
准静止锋	vjvf	简单鹤		0		0	0	0	0
招架之力	vjvl	简单鹤		0		0	0	0	0
正经职业	vjvy	简单鹤		0		0	0	0	0
直角握把	vjwb	简单鹤		0		0	0	0	0
重剑无锋	vjwf	简单鹤		0		0	0	0	0
震惊万分	vjwf	简单鹤		0		0	0	0	0
终极威慑	vjwu	简单鹤		0		0	0	0	0
捉奸现场	vjxi	简单鹤		0		0	0	0	0
逐渐形成	vjxi	简单鹤		0		0	0	0	0
占尽先机	vjxj	简单鹤		0		0	0	0	0
逐渐下降	vjxj	简单鹤		0		0	0	0	0
直击心灵	vjxl	简单鹤		0		0	0	0	0
这就行了	vjxl	简单鹤		0		0	0	0	0
长记性了	vjxl	简单鹤		0		0	0	0	0
折节下士	vjxu	简单鹤		1		0	0	0	0
直击要害	vjyh	简单鹤		0		0	0	0	0
直接影响	vjyx	简单鹤		0		0	0	0	0
直角坐标	vjzb	简单鹤		0		0	0	0	0
逐渐增多	vjzd	简单鹤		0		0	0	0	0
逐渐增大	vjzd	简单鹤		0		0	0	0	0
捉奸在床	vjzi	简单鹤		0		0	0	0	0
追究责任	vjzr	简单鹤		0		0	0	0	0
这可不好	vkbh	简单鹤		0		0	0	0	0
这可不是	vkbu	简单鹤		0		0	0	0	0
真空包装	vkbv	简单鹤		0		0	0	0	0
专科毕业	vkby	简单鹤		0		0	0	0	0
张口闭眼	vkby	简单鹤		0		0	0	0	0
主客颠倒	vkdd	简单鹤		1		0	0	0	0
止咳化痰	vkht	简单鹤		0		0	0	0	0
召开会议	vkhy	简单鹤		0		0	0	0	0
张口就来	vkjl	简单鹤		0		0	0	0	0
战况激烈	vkjl	简单鹤		0		0	0	0	0
章口就莱	vkjl	简单鹤		0		0	0	0	0
众口交赞	vkjz	简单鹤		1		0	0	0	0
炸开了锅	vklg	简单鹤		0		0	0	0	0
睁开了眼	vkly	简单鹤		0		0	0	0	0
张开了嘴	vklz	简单鹤		0		0	0	0	0
这可能是	vknu	简单鹤		0		0	0	0	0
这恐怕是	vkpu	简单鹤		0		0	0	0	0
掌控全场	vkqi	简单鹤		0		0	0	0	0
这块热土	vkrt	简单鹤		0		0	0	0	0
众口如一	vkry	简单鹤		1		0	0	0	0
这可是个	vkug	简单鹤		0		0	0	0	0
众口烁金	vkuj	简单鹤		0		0	0	0	0
中考试题	vkut	简单鹤		0		0	0	0	0
张开双腿	vkut	简单鹤		0		0	0	0	0
针孔摄像	vkux	简单鹤		0		0	0	0	0
睁开双眼	vkuy	简单鹤		0		0	0	0	0
准考证号	vkvh	简单鹤		0		0	0	0	0
专科文凭	vkwp	简单鹤		0		0	0	0	0
真可谓是	vkwu	简单鹤		0		0	0	0	0
主控芯片	vkxp	简单鹤		0		0	0	0	0
只可远观	vkyg	简单鹤		0		0	0	0	0
张开眼睛	vkyj	简单鹤		0		0	0	0	0
睁开眼来	vkyl	简单鹤		0		0	0	0	0
这可以是	vkyu	简单鹤		0		0	0	0	0
这可以说	vkyu	简单鹤		0		0	0	0	0
张开嘴巴	vkzb	简单鹤		0		0	0	0	0
质量不好	vlbh	简单鹤		0		0	0	0	0
真了不起	vlbq	简单鹤		0		0	0	0	0
战力不详	vlbx	简单鹤		0		0	0	0	0
质量不行	vlbx	简单鹤		0		0	0	0	0
政令不一	vlby	简单鹤		1		0	0	0	0
智力残疾	vlcj	简单鹤		0		0	0	0	0
整理材料	vlcl	简单鹤		0		0	0	0	0
质量单位	vldw	简单鹤		0		0	0	0	0
整理东西	vldx	简单鹤		0		0	0	0	0
智力低下	vldx	简单鹤		0		0	0	0	0
质量第一	vldy	简单鹤		0		0	0	0	0
种类繁多	vlfd	简单鹤		0		0	0	0	0
战略高度	vlgd	简单鹤		0		0	0	0	0
治理工程	vlgi	简单鹤		0		0	0	0	0
中立国家	vlgj	简单鹤		0		0	0	0	0
钟楼怪人	vlgr	简单鹤		0		0	0	0	0
转了个身	vlgu	简单鹤		0		0	0	0	0
战略构想	vlgx	简单鹤		0		0	0	0	0
重力感应	vlgy	简单鹤		0		0	0	0	0
站了出来	vlil	简单鹤		0		0	0	0	0
战略决策	vljc	简单鹤		0		0	0	0	0
质量监督	vljd	简单鹤		0		0	0	0	0
战略进攻	vljg	简单鹤		0		0	0	0	0
转了几圈	vljq	简单鹤		0		0	0	0	0
钟离假死	vljs	简单鹤		0		0	0	0	0
治理机制	vljv	简单鹤		0		0	0	0	0
占领空屏	vlkp	简单鹤		0		0	0	0	0
占领空瓶	vlkp	简单鹤		0		0	0	0	0
直流口水	vlku	简单鹤		0		0	0	0	0
战略利益	vlly	简单鹤		0		0	0	0	0
这里面的	vlmd	简单鹤		0		0	0	0	0
朝令暮改	vlmg	简单鹤		1		0	0	0	0
真理面前	vlmq	简单鹤		0		0	0	0	0
主流媒体	vlmt	简单鹤		0		0	0	0	0
助力梦想	vlmx	简单鹤		0		0	0	0	0
斩落马下	vlmx	简单鹤		0		0	0	0	0
装聋卖哑	vlmy	简单鹤		0		0	0	0	0
质量评比	vlpb	简单鹤		0		0	0	0	0
整理平台	vlpt	简单鹤		0		0	0	0	0
主流配置	vlpv	简单鹤		0		0	0	0	0
皱了起来	vlql	简单鹤		0		0	0	0	0
站了起来	vlql	简单鹤		0		0	0	0	0
智力缺陷	vlqx	简单鹤		0		0	0	0	0
质量认证	vlrv	简单鹤		0		0	0	0	0
战略任务	vlrw	简单鹤		0		0	0	0	0
整理素材	vlsc	简单鹤		0		0	0	0	0
逐鹿天下	vltx	简单鹤		0		0	0	0	0
真龙天子	vltz	简单鹤		1		0	0	0	0
占了上风	vluf	简单鹤		0		0	0	0	0
震楼神器	vluq	简单鹤		0		0	0	0	0
坠楼身亡	vluw	简单鹤		0		0	0	0	0
招揽生意	vluy	简单鹤		0		0	0	0	0
智力障碍	vlva	简单鹤		0		0	0	0	0
皱了皱鼻	vlvb	简单鹤		0		0	0	0	0
张了张口	vlvk	简单鹤		0		0	0	0	0
整理整理	vlvl	简单鹤		0		0	0	0	0
皱了皱眉	vlvm	简单鹤		0		0	0	0	0
智联招聘	vlvp	简单鹤		0		0	0	0	0
周六周日	vlvr	简单鹤		0		0	0	0	0
招了招手	vlvu	简单鹤		0		0	0	0	0
涿鹿之战	vlvv	简单鹤		0		0	0	0	0
眨了眨眼	vlvy	简单鹤		0		0	0	0	0
张了张嘴	vlvz	简单鹤		0		0	0	0	0
主流文化	vlwh	简单鹤		0		0	0	0	0
照亮未来	vlwl	简单鹤		0		0	0	0	0
这类问题	vlwt	简单鹤		0		0	0	0	0
质量下降	vlxj	简单鹤		0		0	0	0	0
壮烈牺牲	vlxu	简单鹤	3123	0		0	0	0	0
抓了现行	vlxx	简单鹤		0		0	0	0	0
战略协议	vlxy	简单鹤		0		0	0	0	0
质量效应	vlxy	简单鹤		0		0	0	0	0
战略协作	vlxz	简单鹤		0		0	0	0	0
占了一半	vlyb	简单鹤		0		0	0	0	0
战略眼光	vlyg	简单鹤		0		0	0	0	0
重力异常	vlyi	简单鹤		0		0	0	0	0
转了一圈	vlyq	简单鹤		0		0	0	0	0
肿瘤医院	vlyy	简单鹤		0		0	0	0	0
整理资源	vlzy	简单鹤		0		0	0	0	0
真没办法	vmbf	简单鹤		0		0	0	0	0
执迷不悔	vmbh	简单鹤		0		0	0	0	0
琢磨不透	vmbt	简单鹤		0		0	0	0	0
周密部署	vmbu	简单鹤		0		0	0	0	0
执迷不醒	vmbx	简单鹤		1		0	0	0	0
真没必要	vmby	简单鹤		0		0	0	0	0
知命不忧	vmby	简单鹤		1		0	0	0	0
专门从事	vmcu	简单鹤		0		0	0	0	0
纸面参数	vmcu	简单鹤		0		0	0	0	0
这么多次	vmdc	简单鹤		0		0	0	0	0
这么多的	vmdd	简单鹤		0		0	0	0	0
这么大的	vmdd	简单鹤		0		0	0	0	0
这么多个	vmdg	简单鹤		0		0	0	0	0
中门对狙	vmdj	简单鹤		0		0	0	0	0
致命打击	vmdj	简单鹤		0		0	0	0	0
致命打鸡	vmdj	简单鹤		0		0	0	0	0
这么多年	vmdn	简单鹤		0		0	0	0	0
这么多人	vmdr	简单鹤		0		0	0	0	0
这么多天	vmdt	简单鹤		0		0	0	0	0
这么多种	vmdv	简单鹤		0		0	0	0	0
肿么肥事	vmfu	简单鹤		0		0	0	0	0
指明方向	vmfx	简单鹤		0		0	0	0	0
证明过程	vmgi	简单鹤		0		0	0	0	0
这么高兴	vmgx	简单鹤		0		0	0	0	0
这么好的	vmhd	简单鹤		0		0	0	0	0
沾满灰尘	vmhi	简单鹤		0		0	0	0	0
这么好看	vmhk	简单鹤		0		0	0	0	0
这门婚事	vmhu	简单鹤		0		0	0	0	0
注明出处	vmii	简单鹤		0		0	0	0	0
桌面窗口	vmik	简单鹤		0		0	0	0	0
这么重要	vmiy	简单鹤		0		0	0	0	0
这么简单	vmjd	简单鹤		0		0	0	0	0
正面交锋	vmjf	简单鹤		0		0	0	0	0
砖木结构	vmjg	简单鹤		0		0	0	0	0
周密计划	vmjh	简单鹤		0		0	0	0	0
专门技术	vmju	简单鹤		0		0	0	0	0
彰明较著	vmjv	简单鹤		1		0	0	0	0
致命节奏	vmjz	简单鹤		0		0	0	0	0
诛灭九族	vmjz	简单鹤		0		0	0	0	0
直面恐惧	vmkj	简单鹤		0		0	0	0	0
这么快就	vmkj	简单鹤		0		0	0	0	0
芝麻开门	vmkm	简单鹤		0		0	0	0	0
致命空枪	vmkq	简单鹤		0		0	0	0	0
中美两国	vmlg	简单鹤		0		0	0	0	0
直冒冷汗	vmlh	简单鹤		0		0	0	0	0
这么厉害	vmlh	简单鹤		0		0	0	0	0
钟鸣漏尽	vmlj	简单鹤		1		0	0	0	0
这么离谱	vmlp	简单鹤		0		0	0	0	0
这么麻烦	vmmf	简单鹤		0		0	0	0	0
这么牛逼	vmnb	简单鹤		0		0	0	0	0
这么难过	vmng	简单鹤		0		0	0	0	0
这么漂亮	vmpl	简单鹤		0		0	0	0	0
知名品牌	vmpp	简单鹤		0		0	0	0	0
这么便宜	vmpy	简单鹤		0		0	0	0	0
这门亲事	vmqu	简单鹤		0		0	0	0	0
致命缺陷	vmqx	简单鹤		0		0	0	0	0
专门人才	vmrc	简单鹤		0		0	0	0	0
致命弱点	vmrd	简单鹤		0		0	0	0	0
这么容易	vmry	简单鹤		0		0	0	0	0
真没素质	vmsv	简单鹤		0		0	0	0	0
众目四望	vmsw	简单鹤		0		0	0	0	0
专门调查	vmti	简单鹤		0		0	0	0	0
直面天命	vmtm	简单鹤		0		0	0	0	0
这么说的	vmud	简单鹤		0		0	0	0	0
驻美使馆	vmug	简单鹤		0		0	0	0	0
逐梦韶华	vmuh	简单鹤		0		0	0	0	0
这么说来	vmul	简单鹤		0		0	0	0	0
致命失误	vmuw	简单鹤		0		0	0	0	0
展眉舒眼	vmuy	简单鹤		0		0	0	0	0
正面战场	vmvi	简单鹤		0		0	0	0	0
众妙之门	vmvm	简单鹤		0		0	0	0	0
正面指纹	vmvw	简单鹤		0		0	0	0	0
真名真姓	vmvx	简单鹤		0		0	0	0	0
知名网红	vmwh	简单鹤		0		0	0	0	0
这么晚了	vmwl	简单鹤		0		0	0	0	0
昭明文选	vmwx	简单鹤		0		0	0	0	0
这么喜欢	vmxh	简单鹤		0		0	0	0	0
证明效力	vmxl	简单鹤		0		0	0	0	0
这么些年	vmxn	简单鹤		0		0	0	0	0
这么下去	vmxq	简单鹤		0		0	0	0	0
芝麻信用	vmxy	简单鹤		0		0	0	0	0
这么一次	vmyc	简单鹤		0		0	0	0	0
这么一点	vmyd	简单鹤		0		0	0	0	0
这么样的	vmyd	简单鹤		0		0	0	0	0
账面余额	vmye	简单鹤		0		0	0	0	0
这么一个	vmyg	简单鹤		0		0	0	0	0
专门研究	vmyj	简单鹤		0		0	0	0	0
致命一击	vmyj	简单鹤		0		0	0	0	0
桌面音频	vmyp	简单鹤		0		0	0	0	0
真没意思	vmys	简单鹤		0		0	0	0	0
这么一说	vmyu	简单鹤		0		0	0	0	0
这么一种	vmyv	简单鹤		0		0	0	0	0
琢磨一下	vmyx	简单鹤		0		0	0	0	0
这么一些	vmyx	简单鹤		0		0	0	0	0
著名作家	vmzj	简单鹤		0		0	0	0	0
证明自己	vmzj	简单鹤		0		0	0	0	0
智能电话	vndh	简单鹤		0		0	0	0	0
指哪打哪	vndn	简单鹤		0		0	0	0	0
中年大叔	vndu	简单鹤		0		0	0	0	0
智能对象	vndx	简单鹤		0		0	0	0	0
中年得子	vndz	简单鹤		0		0	0	0	0
知男而上	vneu	简单鹤		0		0	0	0	0
中年发福	vnff	简单鹤		0		0	0	0	0
中年夫妇	vnff	简单鹤		0		0	0	0	0
中年妇女	vnfn	简单鹤		0		0	0	0	0
质能关系	vngx	简单鹤		0		0	0	0	0
猪脑过载	vngz	简单鹤		0		0	0	0	0
祝你好运	vnhy	简单鹤		0		0	0	0	0
祝你成功	vnig	简单鹤		0		0	0	0	0
智能检测	vnjc	简单鹤		0		0	0	0	0
智能家居	vnjj	简单鹤		0		0	0	0	0
祝你健康	vnjk	简单鹤		0		0	0	0	0
周年纪念	vnjn	简单鹤		0		0	0	0	0
祝你快乐	vnkl	简单鹤		0		0	0	0	0
中年老登	vnld	简单鹤		0		0	0	0	0
智能模块	vnmk	简单鹤		0		0	0	0	0
智能门锁	vnms	简单鹤		0		0	0	0	0
中年男人	vnnr	简单鹤		0		0	0	0	0
众怒难违	vnnw	简单鹤		0		0	0	0	0
中年女子	vnnz	简单鹤		0		0	0	0	0
中年男子	vnnz	简单鹤		0		0	0	0	0
重农轻商	vnqu	简单鹤		0		0	0	0	0
只能如此	vnrc	简单鹤		0		0	0	0	0
招你惹你	vnrn	简单鹤		0		0	0	0	0
智能手表	vnub	简单鹤		0		0	0	0	0
只能是个	vnug	简单鹤		0		0	0	0	0
智能手环	vnuh	简单鹤		0		0	0	0	0
只能说明	vnum	简单鹤		0		0	0	0	0
智能双拼	vnup	简单鹤		0		0	0	0	0
智能输入	vnur	简单鹤		0		0	0	0	0
真乃神人	vnur	简单鹤		0		0	0	0	0
智能终端	vnvd	简单鹤		0		0	0	0	0
质能转换	vnvh	简单鹤		0		0	0	0	0
宅男宅女	vnvn	简单鹤		0		0	0	0	0
智能助手	vnvu	简单鹤		0		0	0	0	0
只能这样	vnvy	简单鹤		0		0	0	0	0
中年危机	vnwj	简单鹤		0		0	0	0	0
中你下怀	vnxh	简单鹤		0		0	0	0	0
智能选重	vnxi	简单鹤		0		0	0	0	0
逐年下降	vnxj	简单鹤		0		0	0	0	0
中年油腻	vnyn	简单鹤		0		0	0	0	0
智能音箱	vnyx	简单鹤		0		0	0	0	0
转念一想	vnyx	简单鹤		0		0	0	0	0
这你也信	vnyx	简单鹤		0		0	0	0	0
只能作罢	vnzb	简单鹤		0		0	0	0	0
招聘部门	vpbm	简单鹤		0		0	0	0	0
正片叠底	vpdd	简单鹤		0		0	0	0	0
支配地位	vpdw	简单鹤		0		0	0	0	0
招聘公司	vpgs	简单鹤		0		0	0	0	0
招聘岗位	vpgw	简单鹤		0		0	0	0	0
猪朋狗友	vpgy	简单鹤		1		0	0	0	0
招聘经理	vpjl	简单鹤		0		0	0	0	0
正片结束	vpju	简单鹤		0		0	0	0	0
招聘考试	vpku	简单鹤		0		0	0	0	0
正片开始	vpku	简单鹤		0		0	0	0	0
招聘培训	vppx	简单鹤		0		0	0	0	0
招聘启事	vpqu	简单鹤		0		0	0	0	0
智谱清言	vpqy	简单鹤		0		0	0	0	0
招聘人才	vprc	简单鹤		0		0	0	0	0
招聘人员	vpry	简单鹤		0		0	0	0	0
这片土地	vptd	简单鹤		0		0	0	0	0
诈骗团伙	vpth	简单鹤		0		0	0	0	0
治贫脱困	vptk	简单鹤		0		0	0	0	0
真皮沙发	vpuf	简单鹤		0		0	0	0	0
这篇文章	vpwv	简单鹤		0		0	0	0	0
只怕万一	vpwy	简单鹤		0		0	0	0	0
招聘现场	vpxi	简单鹤		0		0	0	0	0
招聘要求	vpyq	简单鹤		0		0	0	0	0
真皮组织	vpzv	简单鹤		0		0	0	0	0
追求爱情	vqaq	简单鹤		0		0	0	0	0
正确安装	vqav	简单鹤		0		0	0	0	0
争其必然	vqbr	简单鹤		0		0	0	0	0
只强不弱	vqbr	简单鹤		0		0	0	0	0
中气不足	vqbz	简单鹤		0		0	0	0	0
追求刺激	vqcj	简单鹤		0		0	0	0	0
正气存内	vqcn	简单鹤		0		0	0	0	0
正确答案	vqda	简单鹤		0		0	0	0	0
准确地说	vqdu	简单鹤		0		0	0	0	0
准确的说	vqdu	简单鹤		0		0	0	0	0
战前动员	vqdy	简单鹤		0		0	0	0	0
壮起胆子	vqdz	简单鹤		0		0	0	0	0
正确方法	vqff	简单鹤		0		0	0	0	0
政企分开	vqfk	简单鹤		0		0	0	0	0
职权范围	vqfw	简单鹤		0		0	0	0	0
正确方向	vqfx	简单鹤		0		0	0	0	0
真情告白	vqgb	简单鹤		0		0	0	0	0
摘取桂冠	vqgg	简单鹤		0		0	0	0	0
主权国家	vqgj	简单鹤		0		0	0	0	0
追求光明	vqgm	简单鹤		0		0	0	0	0
证券公司	vqgs	简单鹤		0		0	0	0	0
蒸汽火车	vqhi	简单鹤		0		0	0	0	0
周期函数	vqhu	简单鹤		0		0	0	0	0
重拳出击	vqij	简单鹤		0		0	0	0	0
证券机构	vqjg	简单鹤		0		0	0	0	0
追求极致	vqjv	简单鹤		0		0	0	0	0
追求极限	vqjx	简单鹤		0		0	0	0	0
正确看待	vqkd	简单鹤		0		0	0	0	0
中秋快乐	vqkl	简单鹤		0		0	0	0	0
撞枪口上	vqku	简单鹤		0		0	0	0	0
追求科学	vqkx	简单鹤		0		0	0	0	0
准确来讲	vqlj	简单鹤		0		0	0	0	0
真情流露	vqll	简单鹤		0		0	0	0	0
站起来了	vqll	简单鹤		0		0	0	0	0
准确来说	vqlu	简单鹤		0		0	0	0	0
正确路线	vqlx	简单鹤		0		0	0	0	0
皱起眉头	vqmt	简单鹤		0		0	0	0	0
正确评估	vqpg	简单鹤		0		0	0	0	0
蒸汽朋克	vqpk	简单鹤		0		0	0	0	0
知情人士	vqru	简单鹤		0		0	0	0	0
追求速度	vqsd	简单鹤		0		0	0	0	0
赵钱孙李	vqsl	简单鹤		0		0	0	0	0
证券投资	vqtz	简单鹤		0		0	0	0	0
蒸汽时代	vqud	简单鹤		0		0	0	0	0
正确示范	vquf	简单鹤		0		0	0	0	0
争取时间	vquj	简单鹤		0		0	0	0	0
争取胜利	vqul	简单鹤		0		0	0	0	0
站起身来	vqul	简单鹤		0		0	0	0	0
这期视频	vqup	简单鹤		0		0	0	0	0
知情识趣	vquq	简单鹤		0		0	0	0	0
追求事业	vquy	简单鹤		0		0	0	0	0
中气十足	vquz	简单鹤		0		0	0	0	0
中秋祝福	vqvf	简单鹤		0		0	0	0	0
追求真理	vqvl	简单鹤		0		0	0	0	0
争取争取	vqvq	简单鹤		0		0	0	0	0
重情重义	vqvy	简单鹤		0		0	0	0	0
追求幸福	vqxf	简单鹤		0		0	0	0	0
周期信号	vqxh	简单鹤		0		0	0	0	0
追求效率	vqxu	简单鹤		0		0	0	0	0
正确引导	vqyd	简单鹤		0		0	0	0	0
挣钱养家	vqyj	简单鹤		0		0	0	0	0
赚钱养家	vqyj	简单鹤		0		0	0	0	0
追求责任	vqzr	简单鹤		0		0	0	0	0
装腔作态	vqzt	简单鹤		1		0	0	0	0
正确姿势	vqzu	简单鹤		0		0	0	0	0
坠入爱河	vrah	简单鹤		0		0	0	0	0
终日奔波	vrbb	简单鹤		0		0	0	0	0
众人侧目	vrcm	简单鹤		0		0	0	0	0
猪肉大葱	vrdc	简单鹤		0		0	0	0	0
沾染毒品	vrdp	简单鹤		0		0	0	0	0
阵容搭配	vrdp	简单鹤		0		0	0	0	0
转入地下	vrdx	简单鹤		0		0	0	0	0
状若疯癫	vrfd	简单鹤		0		0	0	0	0
真人出道	vrid	简单鹤		0		0	0	0	0
众人皆醉	vrjz	简单鹤		0		0	0	0	0
真人快打	vrkd	简单鹤		0		0	0	0	0
注入灵魂	vrlh	简单鹤		0		0	0	0	0
知荣明耻	vrmi	简单鹤		0		0	0	0	0
准入门槛	vrmk	简单鹤		0		0	0	0	0
这人能处	vrni	简单鹤		0		0	0	0	0
阵容庞大	vrpd	简单鹤		0		0	0	0	0
阵容强大	vrqd	简单鹤		0		0	0	0	0
重如千钧	vrqj	简单鹤		0		0	0	0	0
重若千钧	vrqj	简单鹤		0		0	0	0	0
坠入情网	vrqw	简单鹤		0		0	0	0	0
坠入深渊	vruy	简单鹤		0		0	0	0	0
整日整夜	vrvy	简单鹤		0		0	0	0	0
直人直语	vrvy	简单鹤		0		0	0	0	0
正如我意	vrwy	简单鹤		0		0	0	0	0
招人喜欢	vrxh	简单鹤		0		0	0	0	0
招人稀罕	vrxh	简单鹤		0		0	0	0	0
整日酗酒	vrxj	简单鹤		0		0	0	0	0
沾染因果	vryg	简单鹤		0		0	0	0	0
直入云霄	vryx	简单鹤		0		0	0	0	0
整容医院	vryy	简单鹤		0		0	0	0	0
至死不变	vsbb	简单鹤		1		0	0	0	0
正四边形	vsbx	简单鹤		0		0	0	0	0
知三当三	vsds	简单鹤		0		0	0	0	0
折损过半	vsgb	简单鹤		0		0	0	0	0
装死卖活	vsmh	简单鹤		0		0	0	0	0
诸色人等	vsrd	简单鹤		1		0	0	0	0
这算什么	vssm	简单鹤		0		0	0	0	0
战死沙场	vsui	简单鹤		0		0	0	0	0
昼思夜想	vsyx	简单鹤		1		0	0	0	0
朝思夜想	vsyx	简单鹤		0		0	0	0	0
珠胎暗结	vtaj	简单鹤		0		0	0	0	0
状态不好	vtbh	简单鹤		0		0	0	0	0
主题笔记	vtbj	简单鹤		0		0	0	0	0
折腾半天	vtbt	简单鹤		0		0	0	0	0
中听的话	vtdh	简单鹤		0		0	0	0	0
主题党日	vtdr	简单鹤		0		0	0	0	0
准提道人	vtdr	简单鹤		0		0	0	0	0
整天到晚	vtdw	简单鹤		0		0	0	0	0
整天都在	vtdz	简单鹤		0		0	0	0	0
肢体动作	vtdz	简单鹤		0		0	0	0	0
整体风格	vtfg	简单鹤		0		0	0	0	0
整体房价	vtfj	简单鹤		0		0	0	0	0
粘贴复制	vtfv	简单鹤		0		0	0	0	0
主体工程	vtgi	简单鹤		0		0	0	0	0
主题广场	vtgi	简单鹤		0		0	0	0	0
整体感觉	vtgj	简单鹤		0		0	0	0	0
整体观念	vtgn	简单鹤		0		0	0	0	0
主题公园	vtgy	简单鹤		0		0	0	0	0
专题汇报	vthb	简单鹤		0		0	0	0	0
整体出口	vtik	简单鹤		0		0	0	0	0
整体出让	vtir	简单鹤		0		0	0	0	0
中途辍学	vtix	简单鹤		0		0	0	0	0
主体结构	vtjg	简单鹤		0		0	0	0	0
专题节目	vtjm	简单鹤		0		0	0	0	0
转头就跑	vtjp	简单鹤		0		0	0	0	0
主体间性	vtjx	简单鹤		0		0	0	0	0
重体力活	vtlh	简单鹤		0		0	0	0	0
状态拉满	vtlm	简单鹤		0		0	0	0	0
整体来说	vtlu	简单鹤		0		0	0	0	0
这条路上	vtlu	简单鹤		0		0	0	0	0
专题论文	vtlw	简单鹤		0		0	0	0	0
主题乐园	vtly	简单鹤		0		0	0	0	0
真他妈的	vtmd	简单鹤		0		0	0	0	0
这他妈的	vtmd	简单鹤		0		0	0	0	0
猪突猛进	vtmj	简单鹤		0		0	0	0	0
指条明路	vtml	简单鹤		0		0	0	0	0
主题明确	vtmq	简单鹤		0		0	0	0	0
主题模式	vtmu	简单鹤		0		0	0	0	0
整体配合	vtph	简单鹤		0		0	0	0	0
整体疲软	vtpr	简单鹤		0		0	0	0	0
朝廷钦犯	vtqf	简单鹤		0		0	0	0	0
主题思想	vtsx	简单鹤		0		0	0	0	0
整体提高	vttg	简单鹤		0		0	0	0	0
专题调查	vtti	简单鹤		0		0	0	0	0
整体提升	vttu	简单鹤		0		0	0	0	0
这套说辞	vtuc	简单鹤		0		0	0	0	0
主题升华	vtuh	简单鹤		0		0	0	0	0
这天上午	vtuw	简单鹤		0		0	0	0	0
朝堂之上	vtvu	简单鹤		0		0	0	0	0
诸天万界	vtwj	简单鹤		0		0	0	0	0
周陶王林	vtwl	简单鹤		0		0	0	0	0
这天晚上	vtwu	简单鹤		0		0	0	0	0
整体效果	vtxg	简单鹤		0		0	0	0	0
整体下滑	vtxh	简单鹤		0		0	0	0	0
状态下滑	vtxh	简单鹤		0		0	0	0	0
主题鲜明	vtxm	简单鹤		0		0	0	0	0
整体性能	vtxn	简单鹤		0		0	0	0	0
这天下午	vtxw	简单鹤		0		0	0	0	0
专题研讨	vtyt	简单鹤		0		0	0	0	0
主体意识	vtyu	简单鹤		0		0	0	0	0
整体优势	vtyu	简单鹤		0		0	0	0	0
真太阳时	vtyu	简单鹤		0		0	0	0	0
这天早上	vtzu	简单鹤		0		0	0	0	0
竹筒粽子	vtzz	简单鹤		0		0	0	0	0
正式版本	vubb	简单鹤		0		0	0	0	0
正式颁布	vubb	简单鹤		0		0	0	0	0
这说不定	vubd	简单鹤		0		0	0	0	0
只守不攻	vubg	简单鹤		0		0	0	0	0
装神扮鬼	vubg	简单鹤		0		0	0	0	0
终身不娶	vubq	简单鹤		0		0	0	0	0
指数爆炸	vubv	简单鹤		0		0	0	0	0
终身不忘	vubw	简单鹤		0		0	0	0	0
着实不易	vuby	简单鹤		0		0	0	0	0
诸事不宜	vuby	简单鹤		0		0	0	0	0
至善词库	vuck	简单鹤		0		0	0	0	0
真实存在	vucz	简单鹤		0		0	0	0	0
这是对的	vudd	简单鹤		0		0	0	0	0
逐水而居	vuej	简单鹤		0		0	0	0	0
制胜法宝	vufb	简单鹤		0		0	0	0	0
指数分布	vufb	简单鹤		0		0	0	0	0
正式发布	vufb	简单鹤		0		0	0	0	0
知识丰富	vuff	简单鹤		0		0	0	0	0
忠实粉丝	vufs	简单鹤		0		0	0	0	0
忠实顾客	vugk	简单鹤		0		0	0	0	0
证书过期	vugq	简单鹤		0		0	0	0	0
真实感受	vugu	简单鹤		0		0	0	0	0
真实故事	vugu	简单鹤		0		0	0	0	0
众神归位	vugw	简单鹤		0		0	0	0	0
正式工作	vugz	简单鹤		0		0	0	0	0
展示活动	vuhd	简单鹤		0		0	0	0	0
诸神黄昏	vuhh	简单鹤		0		0	0	0	0
战术喝水	vuhu	简单鹤		0		0	0	0	0
咒术回战	vuhv	简单鹤		0		0	0	0	0
战术后仰	vuhy	简单鹤		0		0	0	0	0
正式会员	vuhy	简单鹤		0		0	0	0	0
正式出版	vuib	简单鹤		0		0	0	0	0
知识储备	vuib	简单鹤		0		0	0	0	0
智商差距	vuij	简单鹤		0		0	0	0	0
终身成就	vuij	简单鹤		0		0	0	0	0
战术撤退	vuit	简单鹤		0		0	0	0	0
正式成为	vuiw	简单鹤		0		0	0	0	0
转世重修	vuix	简单鹤		0		0	0	0	0
终身监禁	vujj	简单鹤		0		0	0	0	0
真实经历	vujl	简单鹤		0		0	0	0	0
只身进入	vujr	简单鹤		0		0	0	0	0
知识竞赛	vujs	简单鹤		0		0	0	0	0
终生禁赛	vujs	简单鹤		0		0	0	0	0
招生简章	vujv	简单鹤		0		0	0	0	0
转身就走	vujz	简单鹤		0		0	0	0	0
中式恐怖	vukb	简单鹤		0		0	0	0	0
专属客服	vukf	简单鹤		0		0	0	0	0
正式开幕	vukm	简单鹤		0		0	0	0	0
战胜困难	vukn	简单鹤		0		0	0	0	0
正式开通	vukt	简单鹤		0		0	0	0	0
纸上空谈	vukt	简单鹤		0		0	0	0	0
招生考试	vuku	简单鹤		0		0	0	0	0
正式开始	vuku	简单鹤		0		0	0	0	0
真实可信	vukx	简单鹤		0		0	0	0	0
真是厉害	vulh	简单鹤		0		0	0	0	0
至上励合	vulh	简单鹤		0		0	0	0	0
转身离开	vulk	简单鹤		0		0	0	0	0
终身免费	vumf	简单鹤		0		0	0	0	0
战术目镜	vumj	简单鹤		0		0	0	0	0
着什么急	vumj	简单鹤		0		0	0	0	0
知识盲区	vumq	简单鹤		0		0	0	0	0
中式美学	vumx	简单鹤		0		0	0	0	0
只是没有	vumy	简单鹤		0		0	0	0	0
这是你的	vund	简单鹤		0		0	0	0	0
这是哪个	vung	简单鹤		0		0	0	0	0
真实年龄	vunl	简单鹤		0		0	0	0	0
这是哪里	vunl	简单鹤		0		0	0	0	0
撞上南墙	vunq	简单鹤		0		0	0	0	0
战术挠头	vunt	简单鹤		0		0	0	0	0
终生难忘	vunw	简单鹤		0		0	0	0	0
终身难忘	vunw	简单鹤		0		0	0	0	0
众生平等	vupd	简单鹤		0		0	0	0	0
置身其中	vuqv	简单鹤		0		0	0	0	0
置身其外	vuqw	简单鹤		0		0	0	0	0
正式启用	vuqy	简单鹤		0		0	0	0	0
知识迁移	vuqy	简单鹤		0		0	0	0	0
展示容错	vurc	简单鹤		0		0	0	0	0
正是如此	vurc	简单鹤		0		0	0	0	0
真是人才	vurc	简单鹤		0		0	0	0	0
掌声如雷	vurl	简单鹤		0		0	0	0	0
招谁惹谁	vuru	简单鹤		0		0	0	0	0
正式入职	vurv	简单鹤		0		0	0	0	0
震慑人心	vurx	简单鹤		0		0	0	0	0
肇事司机	vusj	简单鹤		0		0	0	0	0
这是什么	vusm	简单鹤		0		0	0	0	0
注射死刑	vusx	简单鹤		0		0	0	0	0
智商太低	vutd	简单鹤		0		0	0	0	0
知识图谱	vutp	简单鹤		0		0	0	0	0
只是听说	vutu	简单鹤		0		0	0	0	0
知识体系	vutx	简单鹤		0		0	0	0	0
肇事逃逸	vuty	简单鹤		0		0	0	0	0
真实身份	vuuf	简单鹤		0		0	0	0	0
正是时候	vuuh	简单鹤		0		0	0	0	0
真实伤害	vuuh	简单鹤		0		0	0	0	0
真实事件	vuuj	简单鹤		0		0	0	0	0
真实数据	vuuj	简单鹤		0		0	0	0	0
真实水平	vuup	简单鹤		0		0	0	0	0
知识水平	vuup	简单鹤		0		0	0	0	0
诸事顺遂	vuus	简单鹤		0		0	0	0	0
诸事顺心	vuux	简单鹤		0		0	0	0	0
终生事业	vuuy	简单鹤		0		0	0	0	0
终生受益	vuuy	简单鹤		0		0	0	0	0
转瞬之间	vuvj	简单鹤		1		0	0	0	0
只手遮天	vuvt	简单鹤		0		0	0	0	0
众神之战	vuvv	简单鹤		0		0	0	0	0
诸神之战	vuvv	简单鹤		0		0	0	0	0
众神之王	vuvw	简单鹤		0		0	0	0	0
重赏之下	vuvx	简单鹤	142	0		0	0	0	0
只是这样	vuvy	简单鹤		0		0	0	0	0
战神之弈	vuvy	简单鹤		0		0	0	0	0
真是这样	vuvy	简单鹤		0		0	0	0	0
直射温度	vuwd	简单鹤		0		0	0	0	0
这是我的	vuwd	简单鹤		0		0	0	0	0
终身未婚	vuwh	简单鹤		0		0	0	0	0
终身未嫁	vuwj	简单鹤		0		0	0	0	0
只是为了	vuwl	简单鹤		0		0	0	0	0
这是为了	vuwl	简单鹤		0		0	0	0	0
这是我们	vuwm	简单鹤		0		0	0	0	0
终身未娶	vuwq	简单鹤		0		0	0	0	0
这是为啥	vuwu	简单鹤		0		0	0	0	0
真水无香	vuwx	简单鹤		0		0	0	0	0
指鼠为鸭	vuwy	简单鹤		0		0	0	0	0
正式宣布	vuxb	简单鹤		0		0	0	0	0
芝士雪豹	vuxb	简单鹤		0		0	0	0	0
斩首行动	vuxd	简单鹤		0		0	0	0	0
真实想法	vuxf	简单鹤		0		0	0	0	0
直抒胸怀	vuxh	简单鹤		0		0	0	0	0
真实需求	vuxq	简单鹤		0		0	0	0	0
知识星球	vuxq	简单鹤		0		0	0	0	0
主摄像头	vuxt	简单鹤		0		0	0	0	0
正视现实	vuxu	简单鹤		0		0	0	0	0
正山小种	vuxv	简单鹤		0		0	0	0	0
真实写照	vuxv	简单鹤		0		0	0	0	0
只是希望	vuxw	简单鹤		0		0	0	0	0
终身学习	vuxx	简单鹤		0		0	0	0	0
至少需要	vuxy	简单鹤		0		0	0	0	0
知识渊博	vuyb	简单鹤		0		0	0	0	0
只是一个	vuyg	简单鹤		0		0	0	0	0
这是一个	vuyg	简单鹤		0		0	0	0	0
正事要紧	vuyj	简单鹤		0		0	0	0	0
正式页面	vuym	简单鹤		0		0	0	0	0
掌声有请	vuyq	简单鹤		0		0	0	0	0
真实意图	vuyt	简单鹤		0		0	0	0	0
只是一种	vuyv	简单鹤		0		0	0	0	0
这是一种	vuyv	简单鹤		0		0	0	0	0
只是因为	vuyw	简单鹤		0		0	0	0	0
这是因为	vuyw	简单鹤		0		0	0	0	0
直上云霄	vuyx	简单鹤		0		0	0	0	0
真实有效	vuyx	简单鹤		0		0	0	0	0
中式英语	vuyy	简单鹤		0		0	0	0	0
正式营业	vuyy	简单鹤		0		0	0	0	0
这是自然	vuzr	简单鹤		0		0	0	0	0
战术暂停	vuzt	简单鹤		0		0	0	0	0
正是在下	vuzx	简单鹤		0		0	0	0	0
智者爱水	vvau	简单鹤		0		0	0	0	0
重镇安神	vvau	简单鹤		0		0	0	0	0
站着不动	vvbd	简单鹤		0		0	0	0	0
这种办法	vvbf	简单鹤		0		0	0	0	0
政治庇护	vvbh	简单鹤		0		0	0	0	0
只赚不赔	vvbp	简单鹤		0		0	0	0	0
重症病人	vvbr	简单鹤		0		0	0	0	0
政治把戏	vvbx	简单鹤		0		0	0	0	0
置之不用	vvby	简单鹤		0		0	0	0	0
政治错误	vvcw	简单鹤		0		0	0	0	0
这种操作	vvcz	简单鹤		0		0	0	0	0
这种地步	vvdb	简单鹤		0		0	0	0	0
这种地方	vvdf	简单鹤		0		0	0	0	0
中值定理	vvdl	简单鹤		0		0	0	0	0
这种东西	vvdx	简单鹤		0		0	0	0	0
壮壮胆子	vvdz	简单鹤		0		0	0	0	0
壮着胆子	vvdz	简单鹤		0		0	0	0	0
扺掌而谈	vvet	简单鹤		0		0	0	0	0
折衷方案	vvfa	简单鹤		0		0	0	0	0
展转反侧	vvfc	简单鹤		0		0	0	0	0
这种方法	vvff	简单鹤		0		0	0	0	0
掌中佛国	vvfg	简单鹤		0		0	0	0	0
政治方面	vvfm	简单鹤		0		0	0	0	0
执政方式	vvfu	简单鹤		0		0	0	0	0
这种方式	vvfu	简单鹤		0		0	0	0	0
政治方向	vvfx	简单鹤		0		0	0	0	0
逐帧分析	vvfx	简单鹤		0		0	0	0	0
这种感觉	vvgj	简单鹤		0		0	0	0	0
逐帧观看	vvgk	简单鹤		0		0	0	0	0
柱着拐杖	vvgv	简单鹤		0		0	0	0	0
这种关系	vvgx	简单鹤		0		0	0	0	0
蜘蛛感应	vvgy	简单鹤		0		0	0	0	0
政治黑暗	vvha	简单鹤		0		0	0	0	0
政治活动	vvhd	简单鹤		0		0	0	0	0
政治环境	vvhj	简单鹤		0		0	0	0	0
这种环境	vvhj	简单鹤		0		0	0	0	0
终止合同	vvht	简单鹤		0		0	0	0	0
真正含义	vvhy	简单鹤		0		0	0	0	0
这种程度	vvid	简单鹤		0		0	0	0	0
整装出发	vvif	简单鹤		0		0	0	0	0
郑重承诺	vvin	简单鹤		0		0	0	0	0
怔怔出神	vviu	简单鹤		0		0	0	0	0
真正成为	vviw	简单鹤		0		0	0	0	0
支柱产业	vviy	简单鹤		0		0	0	0	0
站住脚跟	vvjg	简单鹤		0		0	0	0	0
抓住机会	vvjh	简单鹤		0		0	0	0	0
战争机器	vvjq	简单鹤		0		0	0	0	0
直至今日	vvjr	简单鹤		0		0	0	0	0
政治集团	vvjt	简单鹤		0		0	0	0	0
政治觉悟	vvjw	简单鹤		0		0	0	0	0
种种迹象	vvjx	简单鹤		0		0	0	0	0
照照镜子	vvjz	简单鹤		0		0	0	0	0
这种可能	vvkn	简单鹤		0		0	0	0	0
政治领导	vvld	简单鹤		0		0	0	0	0
政治立场	vvli	简单鹤		0		0	0	0	0
政治力量	vvll	简单鹤		0		0	0	0	0
政治理论	vvll	简单鹤		0		0	0	0	0
政治历史	vvlu	简单鹤		0		0	0	0	0
政治老师	vvlu	简单鹤		0		0	0	0	0
智者乐水	vvlu	简单鹤		0		0	0	0	0
政治路线	vvlx	简单鹤		0		0	0	0	0
政治目的	vvmd	简单鹤		0		0	0	0	0
种植面积	vvmj	简单鹤		0		0	0	0	0
政治面貌	vvmm	简单鹤		0		0	0	0	0
皱皱眉头	vvmt	简单鹤		0		0	0	0	0
皱着眉头	vvmt	简单鹤		0		0	0	0	0
征召模式	vvmu	简单鹤		0		0	0	0	0
照这么说	vvmu	简单鹤		0		0	0	0	0
政治民主	vvmv	简单鹤		0		0	0	0	0
战争迷雾	vvmw	简单鹤		0		0	0	0	0
壮志难酬	vvni	简单鹤		0		0	0	0	0
珍珠奶茶	vvni	简单鹤		0		0	0	0	0
政治派别	vvpb	简单鹤		0		0	0	0	0
战争破坏	vvph	简单鹤		0		0	0	0	0
政治迫害	vvph	简单鹤		0		0	0	0	0
种种情况	vvqk	简单鹤		0		0	0	0	0
着重强调	vvqt	简单鹤		0		0	0	0	0
直至如今	vvrj	简单鹤		0		0	0	0	0
直指人心	vvrx	简单鹤		0		0	0	0	0
专职人员	vvry	简单鹤		0		0	0	0	0
政治逃犯	vvtf	简单鹤		0		0	0	0	0
政治条件	vvtj	简单鹤		0		0	0	0	0
站长推荐	vvtj	简单鹤		0		0	0	0	0
主战坦克	vvtk	简单鹤		0		0	0	0	0
政治头脑	vvtn	简单鹤		0		0	0	0	0
政治手段	vvud	简单鹤		0		0	0	0	0
这种说法	vvuf	简单鹤		0		0	0	0	0
这种时候	vvuh	简单鹤		0		0	0	0	0
中专说唱	vvui	简单鹤		0		0	0	0	0
政治审查	vvui	简单鹤		0		0	0	0	0
站桩输出	vvui	简单鹤		0		0	0	0	0
找准时机	vvuj	简单鹤		0		0	0	0	0
抓住时机	vvuj	简单鹤		0		0	0	0	0
政治事件	vvuj	简单鹤		0		0	0	0	0
涨知识了	vvul	简单鹤		0		0	0	0	0
政治生命	vvum	简单鹤		0		0	0	0	0
政治水平	vvup	简单鹤		0		0	0	0	0
这种事情	vvuq	简单鹤		0		0	0	0	0
注重实效	vvux	简单鹤		0		0	0	0	0
政治生涯	vvuy	简单鹤		0		0	0	0	0
镇宅之宝	vvvb	简单鹤		0		0	0	0	0
镇站之宝	vvvb	简单鹤		0		0	0	0	0
着重指出	vvvi	简单鹤		0		0	0	0	0
注重质量	vvvl	简单鹤		0		0	0	0	0
正值壮年	vvvn	简单鹤		0		0	0	0	0
转账支票	vvvp	简单鹤		0		0	0	0	0
政治正确	vvvq	简单鹤		0		0	0	0	0
蜘蛛侦探	vvvt	简单鹤		0		0	0	0	0
止战之殇	vvvu	简单鹤		0		0	0	0	0
战至终章	vvvv	简单鹤		0		0	0	0	0
政治哲学	vvvx	简单鹤		0		0	0	0	0
政治文化	vvwh	简单鹤		0		0	0	0	0
政治危机	vvwj	简单鹤		0		0	0	0	0
朝中无人	vvwr	简单鹤		0		0	0	0	0
政治舞台	vvwt	简单鹤		0		0	0	0	0
这种问题	vvwt	简单鹤		0		0	0	0	0
这种想法	vvxf	简单鹤		0		0	0	0	0
政治宣传	vvxi	简单鹤		0		0	0	0	0
辗转相除	vvxi	简单鹤		0		0	0	0	0
珍珠项链	vvxl	简单鹤		0		0	0	0	0
沾沾喜气	vvxq	简单鹤		0		0	0	0	0
中专学校	vvxx	简单鹤		0		0	0	0	0
壮志雄心	vvxx	简单鹤		0		0	0	0	0
这种现象	vvxx	简单鹤		0		0	0	0	0
终止协议	vvxy	简单鹤		0		0	0	0	0
正中要害	vvyh	简单鹤		0		0	0	0	0
战争遗迹	vvyj	简单鹤		0		0	0	0	0
眨着眼睛	vvyj	简单鹤		0		0	0	0	0
睁着眼睛	vvyj	简单鹤		0		0	0	0	0
政治阴谋	vvym	简单鹤		0		0	0	0	0
照着要求	vvyq	简单鹤		0		0	0	0	0
这种颜色	vvys	简单鹤		0		0	0	0	0
重重有赏	vvyu	简单鹤		0		0	0	0	0
种种疑问	vvyw	简单鹤		0		0	0	0	0
政治野心	vvyx	简单鹤		0		0	0	0	0
真正意义	vvyy	简单鹤		0		0	0	0	0
这种样子	vvyz	简单鹤		0		0	0	0	0
周转资金	vvzj	简单鹤		0		0	0	0	0
浊者自浊	vvzv	简单鹤		0		0	0	0	0
智珠在握	vvzw	简单鹤		0		0	0	0	0
政治资源	vvzy	简单鹤		0		0	0	0	0
中文标点	vwbd	简单鹤		0		0	0	0	0
知无不尽	vwbj	简单鹤		0		0	0	0	0
转弯半径	vwbj	简单鹤		0		0	0	0	0
战无不克	vwbk	简单鹤		1		0	0	0	0
掌握本领	vwbl	简单鹤		0		0	0	0	0
中午不睡	vwbu	简单鹤		0		0	0	0	0
正五边形	vwbx	简单鹤		0		0	0	0	0
正为此事	vwcu	简单鹤		0		0	0	0	0
掌握大权	vwdq	简单鹤		0		0	0	0	0
驻外大使	vwdu	简单鹤		0		0	0	0	0
中文打字	vwdz	简单鹤		0		0	0	0	0
掌握分寸	vwfc	简单鹤		0		0	0	0	0
掌握方向	vwfx	简单鹤		0		0	0	0	0
政务公开	vwgk	简单鹤		0		0	0	0	0
铸我辉煌	vwhh	简单鹤		0		0	0	0	0
砖瓦结构	vwjg	简单鹤		0		0	0	0	0
中文键盘	vwjp	简单鹤		0		0	0	0	0
职务津贴	vwjt	简单鹤		0		0	0	0	0
中文解释	vwju	简单鹤		0		0	0	0	0
阵亡将士	vwju	简单鹤		0		0	0	0	0
中外记者	vwjv	简单鹤		0		0	0	0	0
占为己有	vwjy	简单鹤		0		0	0	0	0
掌握科学	vwkx	简单鹤		0		0	0	0	0
真伪莫辩	vwmb	简单鹤		0		0	0	0	0
掌握命运	vwmy	简单鹤		0		0	0	0	0
真伪难辨	vwnb	简单鹤		0		0	0	0	0
这位女士	vwnu	简单鹤		0		0	0	0	0
掌握平衡	vwph	简单鹤		0		0	0	0	0
中文平台	vwpt	简单鹤		0		0	0	0	0
周王陶林	vwtl	简单鹤		0		0	0	0	0
指纹识别	vwub	简单鹤		0		0	0	0	0
正午时分	vwuf	简单鹤		0		0	0	0	0
驻外使节	vwuj	简单鹤		0		0	0	0	0
周围事物	vwuw	简单鹤		0		0	0	0	0
职务之便	vwvb	简单鹤		0		0	0	0	0
掌握主动	vwvd	简单鹤		0		0	0	0	0
掌握之中	vwvv	简单鹤		0		0	0	0	0
周吴郑王	vwvw	简单鹤		0		0	0	0	0
抓娃娃机	vwwj	简单鹤		0		0	0	0	0
中文网站	vwwv	简单鹤		0		0	0	0	0
朝闻夕改	vwxg	简单鹤		1		0	0	0	0
朝闻夕死	vwxs	简单鹤		1		0	0	0	0
中文系统	vwxt	简单鹤		0		0	0	0	0
中文信息	vwxx	简单鹤		0		0	0	0	0
中文域名	vwym	简单鹤		0		0	0	0	0
指纹验证	vwyv	简单鹤		0		0	0	0	0
中文字幕	vwzm	简单鹤		0		0	0	0	0
真想不到	vxbd	简单鹤		0		0	0	0	0
这些办法	vxbf	简单鹤		0		0	0	0	0
征信报告	vxbg	简单鹤		0		0	0	0	0
整型变量	vxbl	简单鹤		0		0	0	0	0
真相败露	vxbl	简单鹤		0		0	0	0	0
这些不同	vxbt	简单鹤		0		0	0	0	0
遮羞蔽体	vxbt	简单鹤		0		0	0	0	0
中学毕业	vxby	简单鹤		0		0	0	0	0
窒息孢子	vxbz	简单鹤		0		0	0	0	0
锥心刺骨	vxcg	简单鹤		0		0	0	0	0
铸下大错	vxdc	简单鹤		0		0	0	0	0
中心地带	vxdd	简单鹤		0		0	0	0	0
周旋到底	vxdd	简单鹤		0		0	0	0	0
这些地方	vxdf	简单鹤		0		0	0	0	0
助学贷款	vxdk	简单鹤		0		0	0	0	0
真香定律	vxdl	简单鹤		0		0	0	0	0
这些都是	vxdu	简单鹤		0		0	0	0	0
专项斗争	vxdv	简单鹤		0		0	0	0	0
这些东西	vxdx	简单鹤		0		0	0	0	0
窒息而死	vxes	简单鹤		0		0	0	0	0
真心付出	vxfi	简单鹤		0		0	0	0	0
这些方面	vxfm	简单鹤		0		0	0	0	0
众星拱北	vxgb	简单鹤		1		0	0	0	0
中小股东	vxgd	简单鹤		0		0	0	0	0
这些国家	vxgj	简单鹤		0		0	0	0	0
装修公司	vxgs	简单鹤		0		0	0	0	0
执行公务	vxgw	简单鹤		0		0	0	0	0
衷心感谢	vxgx	简单鹤		0		0	0	0	0
中心环节	vxhj	简单鹤		0		0	0	0	0
注销户口	vxhk	简单鹤		0		0	0	0	0
秩序混乱	vxhl	简单鹤		0		0	0	0	0
这些话题	vxht	简单鹤		0		0	0	0	0
知行合一	vxhy	简单鹤		0		0	0	0	0
这些孩子	vxhz	简单鹤		0		0	0	0	0
只许成功	vxig	简单鹤		0		0	0	0	0
崭新出厂	vxii	简单鹤		0		0	0	0	0
崭新出品	vxip	简单鹤		0		0	0	0	0
崭新出土	vxit	简单鹤		0		0	0	0	0
政协常委	vxiw	简单鹤		0		0	0	0	0
中学阶段	vxjd	简单鹤		0		0	0	0	0
专项经费	vxjf	简单鹤		0		0	0	0	0
真香警告	vxjg	简单鹤		0		0	0	0	0
专项计划	vxjh	简单鹤		0		0	0	0	0
中西结合	vxjh	简单鹤		0		0	0	0	0
专项检查	vxji	简单鹤		0		0	0	0	0
知心姐姐	vxjj	简单鹤		0		0	0	0	0
征信记录	vxjl	简单鹤		0		0	0	0	0
直线距离	vxjl	简单鹤		0		0	0	0	0
主线剧情	vxjq	简单鹤		0		0	0	0	0
支线剧情	vxjq	简单鹤		0		0	0	0	0
忠孝节悌	vxjt	简单鹤		0		0	0	0	0
这下可好	vxkh	简单鹤		0		0	0	0	0
中学老师	vxlu	简单鹤		0		0	0	0	0
专项练习	vxlx	简单鹤		0		0	0	0	0
崭新面貌	vxmm	简单鹤		0		0	0	0	0
珍馐美味	vxmw	简单鹤		0		0	0	0	0
抓心挠肺	vxnf	简单鹤		0		0	0	0	0
抓心挠肝	vxng	简单鹤		0		0	0	0	0
中心内容	vxnr	简单鹤		0		0	0	0	0
这些情况	vxqk	简单鹤		0		0	0	0	0
这些人的	vxrd	简单鹤		0		0	0	0	0
宅心仁厚	vxrh	简单鹤		0		0	0	0	0
主线任务	vxrw	简单鹤		0		0	0	0	0
支线任务	vxrw	简单鹤		0		0	0	0	0
这些日子	vxrz	简单鹤		0		0	0	0	0
这些天来	vxtl	简单鹤		0		0	0	0	0
中学同学	vxtx	简单鹤		0		0	0	0	0
中学时代	vxud	简单鹤		0		0	0	0	0
这些时候	vxuh	简单鹤		0		0	0	0	0
珍惜时间	vxuj	简单鹤		0		0	0	0	0
珍惜生命	vxum	简单鹤		0		0	0	0	0
中学水平	vxup	简单鹤		0		0	0	0	0
这些事情	vxuq	简单鹤		0		0	0	0	0
整形手术	vxuu	简单鹤		0		0	0	0	0
直线上升	vxuu	简单鹤		0		0	0	0	0
只想知道	vxvd	简单鹤		0		0	0	0	0
衷心祝福	vxvf	简单鹤		0		0	0	0	0
主显账号	vxvh	简单鹤		0		0	0	0	0
专项整治	vxvv	简单鹤		0		0	0	0	0
仲夏之夜	vxvy	简单鹤		0		0	0	0	0
衷心祝愿	vxvy	简单鹤		0		0	0	0	0
智械危机	vxwj	简单鹤		0		0	0	0	0
整形外科	vxwk	简单鹤		0		0	0	0	0
中学文凭	vxwp	简单鹤		0		0	0	0	0
这些问题	vxwt	简单鹤		0		0	0	0	0
直线下降	vxxj	简单鹤		0		0	0	0	0
直系血亲	vxxq	简单鹤		0		0	0	0	0
正邪相争	vxxv	简单鹤		0		0	0	0	0
衷心希望	vxxw	简单鹤		0		0	0	0	0
专心学习	vxxx	简单鹤		0		0	0	0	0
终须一别	vxyb	简单鹤		0		0	0	0	0
直心眼儿	vxye	简单鹤		0		0	0	0	0
众星云集	vxyj	简单鹤		0		0	0	0	0
征询意见	vxyj	简单鹤		0		0	0	0	0
摘下眼镜	vxyj	简单鹤		0		0	0	0	0
治学严谨	vxyj	简单鹤		0		0	0	0	0
这厢有礼	vxyl	简单鹤		0		0	0	0	0
中学语文	vxyw	简单鹤		0		0	0	0	0
这些原因	vxyy	简单鹤		0		0	0	0	0
专项资金	vxzj	简单鹤		0		0	0	0	0
珍稀资源	vxzy	简单鹤		0		0	0	0	0
注意安全	vyaq	简单鹤		0		0	0	0	0
这样不对	vybd	简单鹤		0		0	0	0	0
主要部分	vybf	简单鹤		0		0	0	0	0
重要部分	vybf	简单鹤		0		0	0	0	0
重要报告	vybg	简单鹤		0		0	0	0	0
专业八级	vybj	简单鹤		0		0	0	0	0
主要包括	vybk	简单鹤		0		0	0	0	0
专业壁垒	vybl	简单鹤		0		0	0	0	0
住院病人	vybr	简单鹤		0		0	0	0	0
昼夜不停	vybt	简单鹤		0		0	0	0	0
只要不是	vybu	简单鹤		0		0	0	0	0
眨也不眨	vybv	简单鹤		0		0	0	0	0
眨眼补帧	vybv	简单鹤		0		0	0	0	0
中央部委	vybw	简单鹤		0		0	0	0	0
重要部位	vybw	简单鹤		0		0	0	0	0
这也不行	vybx	简单鹤		0		0	0	0	0
这样不行	vybx	简单鹤		0		0	0	0	0
中英词典	vycd	简单鹤		0		0	0	0	0
这一次的	vycd	简单鹤		0		0	0	0	0
这样才对	vycd	简单鹤		0		0	0	0	0
主语从句	vycj	简单鹤		0		0	0	0	0
状语从句	vycj	简单鹤		0		0	0	0	0
这样才能	vycn	简单鹤		0		0	0	0	0
真有此事	vycu	简单鹤		0		0	0	0	0
职业操守	vycu	简单鹤		0		0	0	0	0
中央财政	vycv	简单鹤		0		0	0	0	0
正有此意	vycy	简单鹤		0		0	0	0	0
昼夜颠倒	vydd	简单鹤		0		0	0	0	0
重要得多	vydd	简单鹤		0		0	0	0	0
这样倒好	vydh	简单鹤		0		0	0	0	0
质押贷款	vydk	简单鹤		0		0	0	0	0
注意到了	vydl	简单鹤		0		0	0	0	0
争议地区	vydq	简单鹤		0		0	0	0	0
这样的人	vydr	简单鹤		0		0	0	0	0
重要的是	vydu	简单鹤		0		0	0	0	0
中英对照	vydv	简单鹤		0		0	0	0	0
正义斗争	vydv	简单鹤		0		0	0	0	0
重要地位	vydw	简单鹤		0		0	0	0	0
这样都行	vydx	简单鹤		0		0	0	0	0
专业动作	vydz	简单鹤		0		0	0	0	0
主要方面	vyfm	简单鹤		0		0	0	0	0
真有福气	vyfq	简单鹤		0		0	0	0	0
主要方式	vyfu	简单鹤		0		0	0	0	0
重要方式	vyfu	简单鹤		0		0	0	0	0
专业方向	vyfx	简单鹤		0		0	0	0	0
指引方向	vyfx	简单鹤		0		0	0	0	0
终于发现	vyfx	简单鹤		0		0	0	0	0
主要负责	vyfz	简单鹤		0		0	0	0	0
转业干部	vygb	简单鹤		0		0	0	0	0
主要观点	vygd	简单鹤		0		0	0	0	0
眨眼工夫	vygf	简单鹤		0		0	0	0	0
转眼工夫	vygf	简单鹤		0		0	0	0	0
职业规划	vygh	简单鹤		0		0	0	0	0
制药工程	vygi	简单鹤		0		0	0	0	0
主要管理	vygl	简单鹤		0		0	0	0	0
重要关头	vygt	简单鹤		0		0	0	0	0
置业顾问	vygw	简单鹤		0		0	0	0	0
卓越贡献	vygx	简单鹤		0		0	0	0	0
主要工作	vygz	简单鹤		0		0	0	0	0
这样很好	vyhh	简单鹤		0		0	0	0	0
这样好了	vyhl	简单鹤		0		0	0	0	0
这样好吗	vyhm	简单鹤		0		0	0	0	0
这有何难	vyhn	简单鹤		0		0	0	0	0
转移话题	vyht	简单鹤		0		0	0	0	0
主要还是	vyhu	简单鹤		0		0	0	0	0
主要成分	vyif	简单鹤		0		0	0	0	0
止于唇齿	vyii	简单鹤		0		0	0	0	0
斩妖除魔	vyim	简单鹤		0		0	0	0	0
这一刹那	vyin	简单鹤		0		0	0	0	0
中央常委	vyiw	简单鹤		0		0	0	0	0
状元及第	vyjd	简单鹤		0		0	0	0	0
只有几个	vyjg	简单鹤		0		0	0	0	0
这样就好	vyjh	简单鹤		0		0	0	0	0
专业技能	vyjn	简单鹤		0		0	0	0	0
昼夜交替	vyjt	简单鹤		0		0	0	0	0
这已经是	vyju	简单鹤		0		0	0	0	0
主要机制	vyjv	简单鹤		0		0	0	0	0
注意节制	vyjv	简单鹤		0		0	0	0	0
注意脚下	vyjx	简单鹤		0		0	0	0	0
重要经验	vyjy	简单鹤		0		0	0	0	0
这样可好	vykh	简单鹤		0		0	0	0	0
专业课程	vyki	简单鹤		0		0	0	0	0
主要考虑	vykl	简单鹤		0		0	0	0	0
这样看来	vykl	简单鹤		0		0	0	0	0
真有可能	vykn	简单鹤		0		0	0	0	0
这也可能	vykn	简单鹤		0		0	0	0	0
这有可能	vykn	简单鹤		0		0	0	0	0
终于可以	vyky	简单鹤		0		0	0	0	0
这样可以	vyky	简单鹤		0		0	0	0	0
中央领导	vyld	简单鹤		0		0	0	0	0
这样来看	vylk	简单鹤		0		0	0	0	0
主要力量	vyll	简单鹤		0		0	0	0	0
职业联赛	vyls	简单鹤		0		0	0	0	0
这一路上	vylu	简单鹤		0		0	0	0	0
这样来说	vylu	简单鹤		0		0	0	0	0
专业领域	vyly	简单鹤		0		0	0	0	0
主要理由	vyly	简单鹤		0		0	0	0	0
主要来自	vylz	简单鹤		0		0	0	0	0
主要目标	vymb	简单鹤		0		0	0	0	0
战云密布	vymb	简单鹤		0		0	0	0	0
主要目的	vymd	简单鹤		0		0	0	0	0
转移矛盾	vymd	简单鹤		0		0	0	0	0
专业目录	vyml	简单鹤		0		0	0	0	0
枝叶茂盛	vymu	简单鹤		0		0	0	0	0
斩于马下	vymx	简单鹤		0		0	0	0	0
朝云暮雨	vymy	简单鹤		1		0	0	0	0
占用内存	vync	简单鹤		0		0	0	0	0
真有你的	vynd	简单鹤		0		0	0	0	0
这也难怪	vyng	简单鹤		0		0	0	0	0
中医内科	vynk	简单鹤		0		0	0	0	0
职业能力	vynl	简单鹤		0		0	0	0	0
知音难觅	vynm	简单鹤		0		0	0	0	0
知音难求	vynq	简单鹤		0		0	0	0	0
这一难题	vynt	简单鹤		0		0	0	0	0
这一年中	vynv	简单鹤		0		0	0	0	0
知音难寻	vynx	简单鹤		0		0	0	0	0
职业女性	vynx	简单鹤		0		0	0	0	0
这样那样	vyny	简单鹤		0		0	0	0	0
枝源派本	vypb	简单鹤		1		0	0	0	0
正义切割	vyqg	简单鹤		0		0	0	0	0
重要情况	vyqk	简单鹤		0		0	0	0	0
正义群殴	vyqo	简单鹤		0		0	0	0	0
真有其人	vyqr	简单鹤		0		0	0	0	0
重友轻色	vyqs	简单鹤		0		0	0	0	0
真有其事	vyqu	简单鹤		0		0	0	0	0
职业拳手	vyqu	简单鹤		0		0	0	0	0
朝阳群众	vyqv	简单鹤		0		0	0	0	0
战意全无	vyqw	简单鹤		0		0	0	0	0
质疑权威	vyqw	简单鹤		0		0	0	0	0
正因如此	vyrc	简单鹤		0		0	0	0	0
专业人士	vyru	简单鹤		0		0	0	0	0
职业赛场	vysi	简单鹤		0		0	0	0	0
专业四级	vysj	简单鹤		0		0	0	0	0
庄严肃穆	vysm	简单鹤		0		0	0	0	0
这有什么	vysm	简单鹤		0		0	0	0	0
专业素质	vysv	简单鹤		0		0	0	0	0
中庸思想	vysx	简单鹤		0		0	0	0	0
专业素养	vysy	简单鹤		0		0	0	0	0
职业素养	vysy	简单鹤		0		0	0	0	0
专业团队	vytd	简单鹤		0		0	0	0	0
征用土地	vytd	简单鹤		0		0	0	0	0
这样挺好	vyth	简单鹤		0		0	0	0	0
主要途径	vytj	简单鹤		0		0	0	0	0
重要条件	vytj	简单鹤		0		0	0	0	0
直咽唾沫	vytm	简单鹤		0		0	0	0	0
折翼天使	vytu	简单鹤		0		0	0	0	0
这样说吧	vyub	简单鹤		0		0	0	0	0
这也是词	vyuc	简单鹤		0		0	0	0	0
这样说道	vyud	简单鹤		0		0	0	0	0
震源深度	vyud	简单鹤		0		0	0	0	0
正义史官	vyug	简单鹤		0		0	0	0	0
这一首歌	vyug	简单鹤		0		0	0	0	0
周游世界	vyuj	简单鹤		0		0	0	0	0
这一瞬间	vyuj	简单鹤		0		0	0	0	0
重要事件	vyuj	简单鹤		0		0	0	0	0
这样说来	vyul	简单鹤		0		0	0	0	0
展眼舒眉	vyum	简单鹤		1		0	0	0	0
专业水平	vyup	简单鹤		0		0	0	0	0
忠勇双全	vyuq	简单鹤		0		0	0	0	0
注意身体	vyut	简单鹤		0		0	0	0	0
正义使者	vyuv	简单鹤		0		0	0	0	0
坠崖身亡	vyuw	简单鹤		0		0	0	0	0
重要事项	vyux	简单鹤		0		0	0	0	0
专业术语	vyuy	简单鹤		0		0	0	0	0
职业生涯	vyuy	简单鹤		0		0	0	0	0
正义制裁	vyvc	简单鹤		0		0	0	0	0
职业战队	vyvd	简单鹤		0		0	0	0	0
转移支付	vyvf	简单鹤		0		0	0	0	0
肘腋之患	vyvh	简单鹤		1		0	0	0	0
眨眼之间	vyvj	简单鹤		0		0	0	0	0
住院治疗	vyvl	简单鹤		0		0	0	0	0
重要战略	vyvl	简单鹤		0		0	0	0	0
直言正色	vyvs	简单鹤		1		0	0	0	0
职业中转	vyvv	简单鹤		0		0	0	0	0
只有这些	vyvx	简单鹤		0		0	0	0	0
正义执行	vyvx	简单鹤		0		0	0	0	0
中原五白	vywb	简单鹤		0		0	0	0	0
中央王朝	vywi	简单鹤		0		0	0	0	0
昼夜温差	vywi	简单鹤		0		0	0	0	0
职业玩家	vywj	简单鹤		0		0	0	0	0
中医外科	vywk	简单鹤		0		0	0	0	0
主要为了	vywl	简单鹤		0		0	0	0	0
质疑问难	vywn	简单鹤		1		0	0	0	0
这一问题	vywt	简单鹤		0		0	0	0	0
注意卫生	vywu	简单鹤		0		0	0	0	0
重要文献	vywx	简单鹤		0		0	0	0	0
直言相告	vyxg	简单鹤		0		0	0	0	0
注意细节	vyxj	简单鹤		0		0	0	0	0
专业训练	vyxl	简单鹤		0		0	0	0	0
这一系列	vyxl	简单鹤		0		0	0	0	0
重要项目	vyxm	简单鹤		0		0	0	0	0
这样下去	vyxq	简单鹤		0		0	0	0	0
职业选手	vyxu	简单鹤		0		0	0	0	0
这一现象	vyxx	简单鹤		0		0	0	0	0
只有一次	vyyc	简单鹤		0		0	0	0	0
只有一点	vyyd	简单鹤		0		0	0	0	0
猪一样的	vyyd	简单鹤		0		0	0	0	0
只有一个	vyyg	简单鹤		0		0	0	0	0
这样一个	vyyg	简单鹤		0		0	0	0	0
重要依据	vyyj	简单鹤		0		0	0	0	0
睁眼一看	vyyk	简单鹤		0		0	0	0	0
终有一日	vyyr	简单鹤		0		0	0	0	0
真有意思	vyys	简单鹤		0		0	0	0	0
终有一天	vyyt	简单鹤		0		0	0	0	0
执业医师	vyyu	简单鹤		0		0	0	0	0
这样一说	vyyu	简单鹤		0		0	0	0	0
只有一种	vyyv	简单鹤		0		0	0	0	0
忠于原著	vyyv	简单鹤		0		0	0	0	0
这样一种	vyyv	简单鹤		0		0	0	0	0
主要因为	vyyw	简单鹤		0		0	0	0	0
展颜一笑	vyyx	简单鹤		0		0	0	0	0
职业院校	vyyx	简单鹤		0		0	0	0	0
这样也行	vyyx	简单鹤		0		0	0	0	0
重要原因	vyyy	简单鹤		0		0	0	0	0
这样子啊	vyza	简单鹤		0		0	0	0	0
这样子的	vyzd	简单鹤		0		0	0	0	0
只有自己	vyzj	简单鹤		0		0	0	0	0
注意嘴脸	vyzl	简单鹤		0		0	0	0	0
这样子吗	vyzm	简单鹤		0		0	0	0	0
珠玉在前	vyzq	简单鹤		0		0	0	0	0
正在播出	vzbi	简单鹤		0		0	0	0	0
只增不减	vzbj	简单鹤		0		0	0	0	0
拙嘴笨腮	vzbs	简单鹤		1		0	0	0	0
照做不误	vzbw	简单鹤		0		0	0	0	0
重在参与	vzcy	简单鹤		0		0	0	0	0
正在调查	vzdi	简单鹤		0		0	0	0	0
众醉独醒	vzdx	简单鹤		1		0	0	0	0
制作而成	vzei	简单鹤		0		0	0	0	0
种子发芽	vzfy	简单鹤		0		0	0	0	0
站在高处	vzgi	简单鹤		0		0	0	0	0
驻足观看	vzgk	简单鹤		0		0	0	0	0
种族观念	vzgn	简单鹤		0		0	0	0	0
志在高远	vzgy	简单鹤		0		0	0	0	0
正在缓冲	vzhi	简单鹤		0		0	0	0	0
栀子花开	vzhk	简单鹤		0		0	0	0	0
种族毁灭	vzhm	简单鹤		0		0	0	0	0
专做坏事	vzhu	简单鹤		0		0	0	0	0
正在充电	vzid	简单鹤		0		0	0	0	0
正宗传人	vzir	简单鹤		0		0	0	0	0
知足常足	vziz	简单鹤		0		0	0	0	0
制作精良	vzjl	简单鹤		0		0	0	0	0
宅在家里	vzjl	简单鹤		0		0	0	0	0
张嘴就来	vzjl	简单鹤		0		0	0	0	0
宅在家中	vzjv	简单鹤		0		0	0	0	0
正在考虑	vzkl	简单鹤		0		0	0	0	0
这怎么办	vzmb	简单鹤		0		0	0	0	0
制造矛盾	vzmd	简单鹤		0		0	0	0	0
种族灭绝	vzmj	简单鹤		0		0	0	0	0
这怎么了	vzml	简单鹤		0		0	0	0	0
这怎么行	vzmx	简单鹤		0		0	0	0	0
这怎么样	vzmy	简单鹤		0		0	0	0	0
站在那里	vznl	简单鹤		0		0	0	0	0
捉贼拿赃	vznz	简单鹤		0		0	0	0	0
只字片言	vzpy	简单鹤		0		0	0	0	0
重罪轻判	vzqp	简单鹤		0		0	0	0	0
制作人员	vzry	简单鹤		0		0	0	0	0
种族天赋	vztf	简单鹤		0		0	0	0	0
智子视角	vzuj	简单鹤		0		0	0	0	0
正在升级	vzuj	简单鹤		0		0	0	0	0
涨姿势了	vzul	简单鹤		0		0	0	0	0
正在输入	vzur	简单鹤		0		0	0	0	0
长子长孙	vzvs	简单鹤		0		0	0	0	0
只字未改	vzwg	简单鹤		0		0	0	0	0
止增笑耳	vzxe	简单鹤		0		0	0	0	0
站在原地	vzyd	简单鹤		0		0	0	0	0
站在一起	vzyq	简单鹤		0		0	0	0	0
粘在一起	vzyq	简单鹤		0		0	0	0	0
为爱发电	wafd	简单鹤		0		0	0	0	0
我爱发明	wafm	简单鹤		0		0	0	0	0
为爱鼓掌	wagv	简单鹤		0		0	0	0	0
为爱痴狂	waik	简单鹤		0		0	0	0	0
五爱论坛	walt	简单鹤		0		0	0	0	0
吾爱破解	wapj	简单鹤		0		0	0	0	0
未谙世事	wauu	简单鹤		0		0	0	0	0
我爱我家	wawj	简单鹤		0		0	0	0	0
胃癌晚期	wawq	简单鹤		0		0	0	0	0
歪比巴卜	wbbb	简单鹤		0		0	0	0	0
万般不好	wbbh	简单鹤		0		0	0	0	0
未必不可	wbbk	简单鹤		0		0	0	0	0
未必不能	wbbn	简单鹤		0		0	0	0	0
万般不舍	wbbu	简单鹤		0		0	0	0	0
我并不是	wbbu	简单鹤		0		0	0	0	0
我不到啊	wbda	简单鹤		0		0	0	0	0
望不到边	wbdb	简单鹤		0		0	0	0	0
我不对劲	wbdj	简单鹤		0		0	0	0	0
我不打搅	wbdj	简单鹤		0		0	0	0	0
王八犊子	wbdz	简单鹤		0		0	0	0	0
无比丰富	wbff	简单鹤		0		0	0	0	0
我不犯人	wbfr	简单鹤		0		0	0	0	0
我必犯人	wbfr	简单鹤		0		0	0	0	0
我不放心	wbfx	简单鹤		0		0	0	0	0
我不敢看	wbgk	简单鹤		0		0	0	0	0
无比广阔	wbgk	简单鹤		0		0	0	0	0
完本感言	wbgy	简单鹤		0		0	0	0	0
无比怀念	wbhn	简单鹤		0		0	0	0	0
微博话题	wbht	简单鹤		0		0	0	0	0
微博会员	wbhy	简单鹤		0		0	0	0	0
微博超话	wbih	简单鹤		0		0	0	0	0
文本处理	wbil	简单鹤		0		0	0	0	0
违背常理	wbil	简单鹤		0		0	0	0	0
未被承认	wbir	简单鹤		0		0	0	0	0
无比沉重	wbiv	简单鹤		0		0	0	0	0
我不记得	wbjd	简单鹤		0		0	0	0	0
五笔九键	wbjj	简单鹤		0		0	0	0	0
五笔加加	wbjj	简单鹤		0		0	0	0	0
王不见王	wbjw	简单鹤		0		0	0	0	0
我不介意	wbjy	简单鹤		0		0	0	0	0
微不可察	wbki	简单鹤		0		0	0	0	0
微不可见	wbkj	简单鹤		0		0	0	0	0
吾辈楷模	wbkm	简单鹤		0		0	0	0	0
我辈楷模	wbkm	简单鹤		0		0	0	0	0
我不可能	wbkn	简单鹤		0		0	0	0	0
我不可以	wbky	简单鹤		0		0	0	0	0
我本可以	wbky	简单鹤		0		0	0	0	0
万般留恋	wbll	简单鹤		0		0	0	0	0
五笔联盟	wblm	简单鹤		0		0	0	0	0
我不明白	wbmb	简单鹤		0		0	0	0	0
外部矛盾	wbmd	简单鹤		0		0	0	0	0
无比美好	wbmh	简单鹤		0		0	0	0	0
温补命门	wbmm	简单鹤		0		0	0	0	0
我不满意	wbmy	简单鹤		0		0	0	0	0
违背民意	wbmy	简单鹤		0		0	0	0	0
五百年前	wbnq	简单鹤		0		0	0	0	0
温补脾肾	wbpu	简单鹤		0		0	0	0	0
温补脾胃	wbpw	简单鹤		0		0	0	0	0
五笔拼音	wbpy	简单鹤		0		0	0	0	0
我不确定	wbqd	简单鹤		0		0	0	0	0
无比强大	wbqd	简单鹤		0		0	0	0	0
无比期待	wbqd	简单鹤		0		0	0	0	0
我不清楚	wbqi	简单鹤		0		0	0	0	0
五笔全键	wbqj	简单鹤		0		0	0	0	0
卧冰求鲤	wbql	简单鹤		0		0	0	0	0
玩不起了	wbql	简单鹤		0		0	0	0	0
无不如此	wbrc	简单鹤		0		0	0	0	0
未必如此	wbrc	简单鹤		0		0	0	0	0
未被认可	wbrk	简单鹤		0		0	0	0	0
我不认识	wbru	简单鹤		0		0	0	0	0
我不认为	wbrw	简单鹤		0		0	0	0	0
五弊三缺	wbsq	简单鹤		0		0	0	0	0
温病条辨	wbtb	简单鹤		0		0	0	0	0
物宝天华	wbth	简单鹤		0		0	0	0	0
外部条件	wbtj	简单鹤		0		0	0	0	0
稳步推进	wbtj	简单鹤		0		0	0	0	0
无比痛苦	wbtk	简单鹤		0		0	0	0	0
我不同意	wbty	简单鹤		0		0	0	0	0
我不说话	wbuh	简单鹤		0		0	0	0	0
外部世界	wbuj	简单鹤		0		0	0	0	0
外表上看	wbuk	简单鹤		0		0	0	0	0
外部势力	wbul	简单鹤		0		0	0	0	0
无本生利	wbul	简单鹤		0		0	0	0	0
稳步上升	wbuu	简单鹤		0		0	0	0	0
无本生意	wbuy	简单鹤		0		0	0	0	0
我不知道	wbvd	简单鹤		0		0	0	0	0
微薄之力	wbvl	简单鹤		0		0	0	0	0
我不中了	wbvl	简单鹤		0		0	0	0	0
未必正确	wbvq	简单鹤		0		0	0	0	0
王霸之气	wbvq	简单鹤		0		0	0	0	0
微博之夜	wbvy	简单鹤		0		0	0	0	0
无本之源	wbvy	简单鹤		0		0	0	0	0
歪比歪比	wbwb	简单鹤		0		0	0	0	0
文本文档	wbwd	简单鹤		0		0	0	0	0
稳不稳定	wbwd	简单鹤		0		0	0	0	0
无不无聊	wbwl	简单鹤		0		0	0	0	0
温饱问题	wbwt	简单鹤		0		0	0	0	0
无悲无喜	wbwx	简单鹤		0		0	0	0	0
无病无灾	wbwz	简单鹤		0		0	0	0	0
未病先防	wbxf	简单鹤		0		0	0	0	0
我不喜欢	wbxh	简单鹤		0		0	0	0	0
我不行了	wbxl	简单鹤		0		0	0	0	0
外部需求	wbxq	简单鹤		0		0	0	0	0
完本小说	wbxu	简单鹤		0		0	0	0	0
我不希望	wbxw	简单鹤		0		0	0	0	0
五笔学习	wbxx	简单鹤		0		0	0	0	0
我不相信	wbxx	简单鹤		0		0	0	0	0
我不需要	wbxy	简单鹤		0		0	0	0	0
我不一定	wbyd	简单鹤		0		0	0	0	0
外部压力	wbyl	简单鹤		0		0	0	0	0
位卑言轻	wbyq	简单鹤		0		0	0	0	0
我不愿意	wbyy	简单鹤		0		0	0	0	0
外部资本	wbzb	简单鹤		0		0	0	0	0
五笔字根	wbzg	简单鹤		0		0	0	0	0
无比自豪	wbzh	简单鹤		0		0	0	0	0
无病自灸	wbzj	简单鹤		0		0	0	0	0
违背自然	wbzr	简单鹤		0		0	0	0	0
违背祖宗	wbzz	简单鹤		0		0	0	0	0
无从得知	wcdv	简单鹤		0		0	0	0	0
为此而来	wcel	简单鹤		0		0	0	0	0
文采斐然	wcfr	简单鹤		0		0	0	0	0
文采飞扬	wcfy	简单鹤		0		0	0	0	0
无参函数	wchu	简单鹤		0		0	0	0	0
外存储器	wciq	简单鹤		0		0	0	0	0
文才出众	wciv	简单鹤		0		0	0	0	0
外层空间	wckj	简单鹤		0		0	0	0	0
未曾谋面	wcmm	简单鹤		0		0	0	0	0
卧槽牛逼	wcnb	简单鹤		0		0	0	0	0
我草牛逼	wcnb	简单鹤		0		0	0	0	0
卧槽泥马	wcnm	简单鹤		0		0	0	0	0
我操你妈	wcnm	简单鹤		0		0	0	0	0
我艹你妈	wcnm	简单鹤		0		0	0	0	0
我草泥马	wcnm	简单鹤		0		0	0	0	0
无猜扫雷	wcsl	简单鹤		0		0	0	0	0
我屮似你	wcsn	简单鹤		0		0	0	0	0
我操死你	wcsn	简单鹤		0		0	0	0	0
我草死你	wcsn	简单鹤		0		0	0	0	0
我操他妈	wctm	简单鹤		0		0	0	0	0
未曾设想	wcux	简单鹤		0		0	0	0	0
无从知道	wcvd	简单鹤		0		0	0	0	0
无从知晓	wcvx	简单鹤		0		0	0	0	0
卧槽卧槽	wcwc	简单鹤		0		0	0	0	0
无才无德	wcwd	简单鹤		0		0	0	0	0
未曾想过	wcxg	简单鹤		0		0	0	0	0
无从想起	wcxq	简单鹤		0		0	0	0	0
无从选择	wcxz	简单鹤		0		0	0	0	0
五菜一汤	wcyt	简单鹤		0		0	0	0	0
无此一项	wcyx	简单鹤		0		0	0	0	0
无此雅兴	wcyx	简单鹤		0		0	0	0	0
稳操左券	wczq	简单鹤		1		0	0	0	0
吾道不孤	wdbg	简单鹤		0		0	0	0	0
味道不好	wdbh	简单鹤		0		0	0	0	0
五毒不侵	wdbq	简单鹤		0		0	0	0	0
我都不想	wdbx	简单鹤		0		0	0	0	0
我带点儿	wdde	简单鹤		0		0	0	0	0
万订大佬	wddl	简单鹤		0		0	0	0	0
韦达定理	wddl	简单鹤		0		0	0	0	0
稳定发挥	wdfh	简单鹤		0		0	0	0	0
稳定发展	wdfv	简单鹤		0		0	0	0	0
万达广场	wdgi	简单鹤		0		0	0	0	0
万道光芒	wdgm	简单鹤		0		0	0	0	0
稳定更新	wdgx	简单鹤		0		0	0	0	0
外地工作	wdgz	简单鹤		0		0	0	0	0
稳定工作	wdgz	简单鹤		0		0	0	0	0
玩得很开	wdhk	简单鹤		0		0	0	0	0
伟大航路	wdhl	简单鹤		0		0	0	0	0
外地出差	wdii	简单鹤		0		0	0	0	0
稳定产出	wdii	简单鹤		0		0	0	0	0
武德充沛	wdip	简单鹤		0		0	0	0	0
蚊叮虫咬	wdiy	简单鹤		0		0	0	0	0
温带季风	wdjf	简单鹤		0		0	0	0	0
万道金光	wdjg	简单鹤		0		0	0	0	0
为的就是	wdju	简单鹤		0		0	0	0	0
伟大精神	wdju	简单鹤		0		0	0	0	0
无敌金身	wdju	简单鹤		0		0	0	0	0
稳定局势	wdju	简单鹤		0		0	0	0	0
玩得开心	wdkx	简单鹤		0		0	0	0	0
外地口音	wdky	简单鹤		0		0	0	0	0
我都可以	wdky	简单鹤		0		0	0	0	0
王道乐土	wdlt	简单鹤		0		0	0	0	0
伟大理想	wdlx	简单鹤		0		0	0	0	0
伟大领袖	wdlx	简单鹤		0		0	0	0	0
无端联想	wdlx	简单鹤		0		0	0	0	0
伟大目标	wdmb	简单鹤		0		0	0	0	0
外道魔像	wdmx	简单鹤		0		0	0	0	0
我的梦想	wdmx	简单鹤		0		0	0	0	0
我的妈呀	wdmy	简单鹤		0		0	0	0	0
我的名字	wdmz	简单鹤		0		0	0	0	0
我带你飞	wdnf	简单鹤		0		0	0	0	0
忘到脑后	wdnh	简单鹤		0		0	0	0	0
我的那些	wdnx	简单鹤		0		0	0	0	0
稳定平衡	wdph	简单鹤		0		0	0	0	0
我的朋友	wdpy	简单鹤		0		0	0	0	0
稳定人心	wdrx	简单鹤		0		0	0	0	0
挖地三尺	wdsi	简单鹤		0		0	0	0	0
我的天啊	wdta	简单鹤		0		0	0	0	0
玩的挺花	wdth	简单鹤		0		0	0	0	0
温度调节	wdtj	简单鹤		0		0	0	0	0
我的天呐	wdtn	简单鹤		0		0	0	0	0
我的天哪	wdtn	简单鹤		0		0	0	0	0
我的同事	wdtu	简单鹤		0		0	0	0	0
我的同学	wdtx	简单鹤		0		0	0	0	0
无敌天下	wdtx	简单鹤		1		0	0	0	0
我的天呀	wdty	简单鹤		0		0	0	0	0
望断天涯	wdty	简单鹤		0		0	0	0	0
无胆鼠辈	wdub	简单鹤		0		0	0	0	0
我的上帝	wdud	简单鹤		0		0	0	0	0
稳定输出	wdui	简单鹤		0		0	0	0	0
我的世界	wduj	简单鹤		0		0	0	0	0
我的手机	wduj	简单鹤		0		0	0	0	0
我的事情	wduq	简单鹤		0		0	0	0	0
稳定收入	wdur	简单鹤		0		0	0	0	0
豌豆射手	wduu	简单鹤		0		0	0	0	0
我都知道	wdvd	简单鹤		0		0	0	0	0
污点证人	wdvr	简单鹤		0		0	0	0	0
万订之姿	wdvz	简单鹤		0		0	0	0	0
无端指责	wdvz	简单鹤		0		0	0	0	0
我的文档	wdwd	简单鹤		0		0	0	0	0
无毒无害	wdwh	简单鹤		0		0	0	0	0
我的问题	wdwt	简单鹤		0		0	0	0	0
无大无小	wdwx	简单鹤		1		0	0	0	0
我的想法	wdxf	简单鹤		0		0	0	0	0
万道霞光	wdxg	简单鹤		0		0	0	0	0
我的膝盖	wdxg	简单鹤		0		0	0	0	0
味道鲜美	wdxm	简单鹤		0		0	0	0	0
为点小事	wdxu	简单鹤		0		0	0	0	0
我倒希望	wdxw	简单鹤		0		0	0	0	0
我到现在	wdxz	简单鹤		0		0	0	0	0
外地游客	wdyk	简单鹤		0		0	0	0	0
稳得一批	wdyp	简单鹤		0		0	0	0	0
稳的一批	wdyp	简单鹤		0		0	0	0	0
我的意思	wdys	简单鹤		0		0	0	0	0
我的祖国	wdzg	简单鹤		0		0	0	0	0
武道宗师	wdzu	简单鹤		0		0	0	0	0
五大贼王	wdzw	简单鹤		0		0	0	0	0
忘恩背义	weby	简单鹤		1		0	0	0	0
万恶之首	wevu	简单鹤		0		0	0	0	0
望而兴叹	wext	简单鹤		0		0	0	0	0
无法安排	wfap	简单鹤		0		0	0	0	0
无法按时	wfau	简单鹤		0		0	0	0	0
无法按照	wfav	简单鹤		0		0	0	0	0
无法安心	wfax	简单鹤		0		0	0	0	0
违法办案	wfba	简单鹤		0		0	0	0	0
万夫不当	wfbd	简单鹤		1		0	0	0	0
无法变更	wfbg	简单鹤		0		0	0	0	0
无法保护	wfbh	简单鹤		0		0	0	0	0
无法避免	wfbm	简单鹤		0		0	0	0	0
无法比拟	wfbn	简单鹤		0		0	0	0	0
万分抱歉	wfbq	简单鹤		0		0	0	0	0
无法摆脱	wfbt	简单鹤		0		0	0	0	0
无法保证	wfbv	简单鹤		0		0	0	0	0
无氟冰箱	wfbx	简单鹤		0		0	0	0	0
无法比喻	wfby	简单鹤		0		0	0	0	0
我佛慈悲	wfcb	简单鹤		0		0	0	0	0
无法达到	wfdd	简单鹤		0		0	0	0	0
无法对付	wfdf	简单鹤		0		0	0	0	0
无法抵抗	wfdk	简单鹤		0		0	0	0	0
汪峰定律	wfdl	简单鹤		0		0	0	0	0
无法代替	wfdt	简单鹤		0		0	0	0	0
无法分辨	wffb	简单鹤		0		0	0	0	0
无法反驳	wffb	简单鹤		0		0	0	0	0
违反法定	wffd	简单鹤		0		0	0	0	0
无法发出	wffi	简单鹤		0		0	0	0	0
无防腐剂	wffj	简单鹤		0		0	0	0	0
微风拂面	wffm	简单鹤		0		0	0	0	0
无法放弃	wffq	简单鹤		0		0	0	0	0
无法否认	wffr	简单鹤		0		0	0	0	0
无法发送	wffs	简单鹤		0		0	0	0	0
无法访问	wffw	简单鹤		0		0	0	0	0
无法发现	wffx	简单鹤		0		0	0	0	0
违犯规定	wfgd	简单鹤		0		0	0	0	0
枉费工夫	wfgf	简单鹤		1		0	0	0	0
无法更改	wfgg	简单鹤		0		0	0	0	0
无法观看	wfgk	简单鹤		0		0	0	0	0
无法估量	wfgl	简单鹤		0		0	0	0	0
无法沟通	wfgt	简单鹤		0		0	0	0	0
万分感谢	wfgx	简单鹤		0		0	0	0	0
万法归宗	wfgz	简单鹤		0		0	0	0	0
无法回避	wfhb	简单鹤		0		0	0	0	0
无法回答	wfhd	简单鹤		0		0	0	0	0
外附魂骨	wfhg	简单鹤		0		0	0	0	0
无法化解	wfhj	简单鹤		0		0	0	0	0
无法忽略	wfhl	简单鹤		0		0	0	0	0
无法回头	wfht	简单鹤		0		0	0	0	0
温肺化饮	wfhy	简单鹤		0		0	0	0	0
违法成本	wfib	简单鹤		0		0	0	0	0
无法成为	wfiw	简单鹤		0		0	0	0	0
无法超越	wfiy	简单鹤		0		0	0	0	0
万佛朝宗	wfiz	简单鹤		0		0	0	0	0
无法决定	wfjd	简单鹤		0		0	0	0	0
违法金额	wfje	简单鹤		0		0	0	0	0
无法解除	wfji	简单鹤		0		0	0	0	0
无法拒绝	wfjj	简单鹤		0		0	0	0	0
无法解决	wfjj	简单鹤		0		0	0	0	0
无法交流	wfjl	简单鹤		0		0	0	0	0
违反纪律	wfjl	简单鹤		0		0	0	0	0
违犯纪律	wfjl	简单鹤		0		0	0	0	0
往返机票	wfjp	简单鹤		0		0	0	0	0
无法进去	wfjq	简单鹤		0		0	0	0	0
万分沮丧	wfjs	简单鹤		0		0	0	0	0
无法解脱	wfjt	简单鹤		0		0	0	0	0
无法解释	wfju	简单鹤		0		0	0	0	0
无非就是	wfju	简单鹤		0		0	0	0	0
无法集中	wfjv	简单鹤		0		0	0	0	0
万分景仰	wfjy	简单鹤		0		0	0	0	0
无法克服	wfkf	简单鹤		0		0	0	0	0
无法看出	wfki	简单鹤		0		0	0	0	0
无法抗拒	wfkj	简单鹤		0		0	0	0	0
无法开启	wfkq	简单鹤		0		0	0	0	0
枉费口舌	wfku	简单鹤		0		0	0	0	0
无法控制	wfkv	简单鹤		0		0	0	0	0
无法可想	wfkx	简单鹤		0		0	0	0	0
无法跨越	wfky	简单鹤		0		0	0	0	0
往返路费	wflf	简单鹤		0		0	0	0	0
无法理解	wflj	简单鹤		0		0	0	0	0
无法连接	wflj	简单鹤		0		0	0	0	0
无法领取	wflq	简单鹤		0		0	0	0	0
无法领悟	wflw	简单鹤		0		0	0	0	0
无法利用	wfly	简单鹤		0		0	0	0	0
无法弥补	wfmb	简单鹤		0		0	0	0	0
无法面对	wfmd	简单鹤		0		0	0	0	0
无法满足	wfmz	简单鹤		0		0	0	0	0
无法判断	wfpd	简单鹤		0		0	0	0	0
无法平衡	wfph	简单鹤		0		0	0	0	0
无法平静	wfpj	简单鹤		0		0	0	0	0
无法平息	wfpx	简单鹤		0		0	0	0	0
无法确定	wfqd	简单鹤		0		0	0	0	0
无法区分	wfqf	简单鹤		0		0	0	0	0
无缝切换	wfqh	简单鹤		0		0	0	0	0
无法企及	wfqj	简单鹤		0		0	0	0	0
违法情节	wfqj	简单鹤		0		0	0	0	0
我放弃了	wfql	简单鹤		0		0	0	0	0
无法确认	wfqr	简单鹤		0		0	0	0	0
无法认定	wfrd	简单鹤		0		0	0	0	0
无法忍耐	wfrn	简单鹤		0		0	0	0	0
无法忍受	wfru	简单鹤		0		0	0	0	0
万分荣幸	wfrx	简单鹤		0		0	0	0	0
违法所得	wfsd	简单鹤		0		0	0	0	0
微分碎盖	wfsg	简单鹤		0		0	0	0	0
无法逃避	wftb	简单鹤		0		0	0	0	0
无法替代	wftd	简单鹤		0		0	0	0	0
无法体会	wfth	简单鹤		0		0	0	0	0
无法统计	wftj	简单鹤		0		0	0	0	0
往返徒劳	wftl	简单鹤		1		0	0	0	0
舞法天女	wftn	简单鹤		0		0	0	0	0
无法逃脱	wftt	简单鹤		0		0	0	0	0
无法停止	wftv	简单鹤		0		0	0	0	0
无法生存	wfuc	简单鹤		0		0	0	0	0
无法释怀	wfuh	简单鹤		0		0	0	0	0
唯分数论	wful	简单鹤		0		0	0	0	0
无法说明	wfum	简单鹤		0		0	0	0	0
违法审判	wfup	简单鹤		0		0	0	0	0
违法收入	wfur	简单鹤		0		0	0	0	0
无法实现	wfux	简单鹤		0		0	0	0	0
无法适应	wfuy	简单鹤		0		0	0	0	0
无法知道	wfvd	简单鹤		0		0	0	0	0
无法执行	wfvh	简单鹤		0		0	0	0	0
违反直觉	wfvj	简单鹤		0		0	0	0	0
温肺止咳	wfvk	简单鹤		0		0	0	0	0
无法战胜	wfvu	简单鹤		0		0	0	0	0
无法直视	wfvu	简单鹤		0		0	0	0	0
无法掌握	wfvw	简单鹤		0		0	0	0	0
无法稳定	wfwd	简单鹤		0		0	0	0	0
无法忘怀	wfwh	简单鹤		0		0	0	0	0
无法挽回	wfwh	简单鹤		0		0	0	0	0
无房无车	wfwi	简单鹤		0		0	0	0	0
无法完成	wfwi	简单鹤		0		0	0	0	0
无法忘记	wfwj	简单鹤		0		0	0	0	0
无缝衔接	wfxj	简单鹤		0		0	0	0	0
无法形容	wfxr	简单鹤		0		0	0	0	0
枉费心思	wfxs	简单鹤		1		0	0	0	0
无福消受	wfxu	简单鹤		0		0	0	0	0
无法选中	wfxv	简单鹤		0		0	0	0	0
无法想象	wfxx	简单鹤		0		0	0	0	0
无法选择	wfxz	简单鹤		0		0	0	0	0
无法应对	wfyd	简单鹤		0		0	0	0	0
无法预料	wfyl	简单鹤		0		0	0	0	0
无法言明	wfym	简单鹤		0		0	0	0	0
无法要求	wfyq	简单鹤		0		0	0	0	0
无法言说	wfyu	简单鹤		0		0	0	0	0
无法预知	wfyv	简单鹤		0		0	0	0	0
无法言喻	wfyy	简单鹤		0		0	0	0	0
无法逾越	wfyy	简单鹤		0		0	0	0	0
违反原则	wfyz	简单鹤		0		0	0	0	0
无法阻挡	wfzd	简单鹤		0		0	0	0	0
无风自动	wfzd	简单鹤		0		0	0	0	0
无法阻止	wfzv	简单鹤		0		0	0	0	0
无法左右	wfzy	简单鹤		0		0	0	0	0
无官不贪	wgbt	简单鹤		0		0	0	0	0
五官不正	wgbv	简单鹤		0		0	0	0	0
我敢保证	wgbv	简单鹤		0		0	0	0	0
违规操作	wgcz	简单鹤		0		0	0	0	0
五官端正	wgdv	简单鹤		0		0	0	0	0
五个多月	wgdy	简单鹤		0		0	0	0	0
无功而退	wget	简单鹤		0		0	0	0	0
无果而终	wgev	简单鹤		0		0	0	0	0
未果而终	wgev	简单鹤		0		0	0	0	0
外感风寒	wgfh	简单鹤		0		0	0	0	0
无根浮萍	wgfp	简单鹤		0		0	0	0	0
外感风热	wgfr	简单鹤		0		0	0	0	0
武功高强	wggq	简单鹤		0		0	0	0	0
王冠会掉	wghd	简单鹤		0		0	0	0	0
网关超时	wgiu	简单鹤		0		0	0	0	0
我刚吃完	wgiw	简单鹤		0		0	0	0	0
玩个锤子	wgiz	简单鹤		0		0	0	0	0
我感觉到	wgjd	简单鹤		0		0	0	0	0
武功尽废	wgjf	简单鹤		0		0	0	0	0
我刚进来	wgjl	简单鹤		0		0	0	0	0
无骨鸡柳	wgjl	简单鹤		0		0	0	0	0
违规记录	wgjl	简单鹤		0		0	0	0	0
无骨鸡爪	wgjv	简单鹤		0		0	0	0	0
万古留芳	wglf	简单鹤		1		0	0	0	0
五谷轮回	wglh	简单鹤		0		0	0	0	0
万国来朝	wgli	简单鹤		0		0	0	0	0
问个明白	wgmb	简单鹤		0		0	0	0	0
武功秘籍	wgmj	简单鹤		0		0	0	0	0
外国媒体	wgmt	简单鹤		0		0	0	0	0
违规昵称	wgni	简单鹤		0		0	0	0	0
我跟你急	wgnj	简单鹤		0		0	0	0	0
我跟你讲	wgnj	简单鹤		0		0	0	0	0
我给你说	wgnu	简单鹤		0		0	0	0	0
我跟你说	wgnu	简单鹤		0		0	0	0	0
外国朋友	wgpy	简单鹤		0		0	0	0	0
问个清楚	wgqi	简单鹤		0		0	0	0	0
文革期间	wgqj	简单鹤		0		0	0	0	0
围观群众	wgqv	简单鹤		0		0	0	0	0
外国人才	wgrc	简单鹤		0		0	0	0	0
无关人等	wgrd	简单鹤		0		0	0	0	0
我国人民	wgrm	简单鹤		0		0	0	0	0
外国人少	wgru	简单鹤		0		0	0	0	0
我告诉你	wgsn	简单鹤		0		0	0	0	0
我告诉他	wgst	简单鹤		0		0	0	0	0
我告诉她	wgst	简单鹤		0		0	0	0	0
我跟他急	wgtj	简单鹤		0		0	0	0	0
玩个痛快	wgtk	简单鹤		0		0	0	0	0
我刚躺下	wgtx	简单鹤		0		0	0	0	0
外国投资	wgtz	简单鹤		0		0	0	0	0
弯弓射雕	wgud	简单鹤		0		0	0	0	0
玩梗适度	wgud	简单鹤		0		0	0	0	0
我跟谁急	wguj	简单鹤		0		0	0	0	0
外国商人	wgur	简单鹤		0		0	0	0	0
罔顾事实	wguu	简单鹤		0		0	0	0	0
我刚睡醒	wgux	简单鹤		0		0	0	0	0
弯弓射月	wguy	简单鹤		0		0	0	0	0
为官之道	wgvd	简单鹤		0		0	0	0	0
亡国之君	wgvj	简单鹤		0		0	0	0	0
无骨炸鸡	wgvj	简单鹤		0		0	0	0	0
亡国之器	wgvq	简单鹤		1		0	0	0	0
无根之水	wgvu	简单鹤		0		0	0	0	0
卫国战争	wgvv	简单鹤		0		0	0	0	0
无关政治	wgvv	简单鹤		0		0	0	0	0
乌龟王八	wgwb	简单鹤		0		0	0	0	0
外国文化	wgwh	简单鹤		0		0	0	0	0
外公外婆	wgwp	简单鹤		0		0	0	0	0
问个问题	wgwt	简单鹤		0		0	0	0	0
外国文学	wgwx	简单鹤		0		0	0	0	0
外国小哥	wgxg	简单鹤		0		0	0	0	0
为国效力	wgxl	简单鹤		0		0	0	0	0
外国血统	wgxt	简单鹤		0		0	0	0	0
五个小时	wgxu	简单鹤		0		0	0	0	0
我刚想说	wgxu	简单鹤		0		0	0	0	0
违规行为	wgxw	简单鹤		0		0	0	0	0
外国游客	wgyk	简单鹤		0		0	0	0	0
外国友人	wgyr	简单鹤		0		0	0	0	0
外挂字幕	wgzm	简单鹤		0		0	0	0	0
我该怎么	wgzm	简单鹤		0		0	0	0	0
外国作品	wgzp	简单鹤		0		0	0	0	0
违规作业	wgzy	简单鹤		0		0	0	0	0
威化饼干	whbg	简单鹤		0		0	0	0	0
文化不高	whbg	简单鹤		0		0	0	0	0
玩会电脑	whdn	简单鹤		0		0	0	0	0
文化底蕴	whdy	简单鹤		0		0	0	0	0
为黑而黑	wheh	简单鹤		0		0	0	0	0
为何而来	whel	简单鹤		0		0	0	0	0
乌黑发亮	whfl	简单鹤		0		0	0	0	0
文化广场	whgi	简单鹤		0		0	0	0	0
文化环境	whhj	简单鹤		0		0	0	0	0
文化荒漠	whhm	简单鹤		0		0	0	0	0
文化冲击	whij	简单鹤		0		0	0	0	0
我会出手	whiu	简单鹤		0		0	0	0	0
文化常识	whiu	简单鹤		0		0	0	0	0
文化产业	whiy	简单鹤		0		0	0	0	0
文化创造	whiz	简单鹤		0		0	0	0	0
误会解除	whji	简单鹤		0		0	0	0	0
危害健康	whjk	简单鹤		0		0	0	0	0
问候家人	whjr	简单鹤		0		0	0	0	0
我喝口水	whku	简单鹤		0		0	0	0	0
文化考试	whku	简单鹤		0		0	0	0	0
我好厉害	whlh	简单鹤		0		0	0	0	0
我很厉害	whlh	简单鹤		0		0	0	0	0
往好里说	whlu	简单鹤		0		0	0	0	0
文化绿洲	whlv	简单鹤		0		0	0	0	0
文火慢炖	whmd	简单鹤		0		0	0	0	0
万壑千岩	whqy	简单鹤		1		0	0	0	0
文化认同	whrt	简单鹤		0		0	0	0	0
挽回损失	whsu	简单鹤		0		0	0	0	0
文化素养	whsy	简单鹤		0		0	0	0	0
我糊涂了	whtl	简单鹤		0		0	0	0	0
文化输出	whui	简单鹤		0		0	0	0	0
五虎上将	whuj	简单鹤		0		0	0	0	0
危害生命	whum	简单鹤		0		0	0	0	0
文化沙漠	whum	简单鹤		0		0	0	0	0
我很生气	whuq	简单鹤		0		0	0	0	0
外汇收入	whur	简单鹤		0		0	0	0	0
万壑争流	whvl	简单鹤		1		0	0	0	0
武魂真身	whvu	简单鹤		0		0	0	0	0
文化战线	whvx	简单鹤		0		0	0	0	0
维护完成	whwi	简单鹤		0		0	0	0	0
未婚未育	whwy	简单鹤		0		0	0	0	0
我好想你	whxn	简单鹤		0		0	0	0	0
文化形式	whxu	简单鹤		0		0	0	0	0
为害一方	whyf	简单鹤		0		0	0	0	0
往后余生	whyu	简单鹤		0		0	0	0	0
我还以为	whyw	简单鹤		0		0	0	0	0
挽回影响	whyx	简单鹤		0		0	0	0	0
我很愿意	whyy	简单鹤		0		0	0	0	0
文化造纸	whzv	简单鹤		0		0	0	0	0
文化自信	whzx	简单鹤		0		0	0	0	0
无处安放	wiaf	简单鹤		0		0	0	0	0
无处安身	wiau	简单鹤		0		0	0	0	0
完成安装	wiav	简单鹤		0		0	0	0	0
我差不多	wibd	简单鹤		0		0	0	0	0
未尝不利	wibl	简单鹤		0		0	0	0	0
未尝不是	wibu	简单鹤		0		0	0	0	0
外出参观	wicg	简单鹤		0		0	0	0	0
无处存身	wicu	简单鹤		0		0	0	0	0
无处藏身	wicu	简单鹤		0		0	0	0	0
无处躲藏	widc	简单鹤		0		0	0	0	0
无处遁形	widx	简单鹤		0		0	0	0	0
围城打援	widy	简单鹤		1		0	0	0	0
物产丰富	wiff	简单鹤		0		0	0	0	0
无偿服务	wifw	简单鹤		0		0	0	0	0
无耻行径	wihj	简单鹤		0		0	0	0	0
完成合同	wiht	简单鹤		0		0	0	0	0
玩出花样	wihy	简单鹤		0		0	0	0	0
维持长久	wiij	简单鹤		0		0	0	0	0
维持局面	wijm	简单鹤		0		0	0	0	0
完成交易	wijy	简单鹤		0		0	0	0	0
外出考察	wiki	简单鹤		0		0	0	0	0
无处可去	wikq	简单鹤		0		0	0	0	0
无处可寻	wikx	简单鹤		0		0	0	0	0
无处可走	wikz	简单鹤		0		0	0	0	0
完成论文	wilw	简单鹤		0		0	0	0	0
无耻谰言	wily	简单鹤		0		0	0	0	0
外弛内张	winv	简单鹤		0		0	0	0	0
维持平衡	wiph	简单鹤		0		0	0	0	0
无处容身	wiru	简单鹤		0		0	0	0	0
误闯天家	witj	简单鹤		0		0	0	0	0
维持生活	wiuh	简单鹤		0		0	0	0	0
维持生计	wiuj	简单鹤		0		0	0	0	0
完成使命	wium	简单鹤		0		0	0	0	0
维持生命	wium	简单鹤		0		0	0	0	0
无偿使用	wiuy	简单鹤		0		0	0	0	0
望穿双眼	wiuy	简单鹤		0		0	0	0	0
万乘之国	wivg	简单鹤		0		0	0	0	0
无耻至极	wivj	简单鹤		0		0	0	0	0
维持秩序	wivx	简单鹤		0		0	0	0	0
闻出味道	wiwd	简单鹤		0		0	0	0	0
文臣武将	wiwj	简单鹤		0		0	0	0	0
无拆无修	wiwx	简单鹤		0		0	0	0	0
我超喜欢	wixh	简单鹤		0		0	0	0	0
维持现场	wixi	简单鹤		0		0	0	0	0
无耻下流	wixl	简单鹤		0		0	0	0	0
完成项目	wixm	简单鹤		0		0	0	0	0
无处寻觅	wixm	简单鹤		0		0	0	0	0
维持下去	wixq	简单鹤		0		0	0	0	0
无耻小人	wixr	简单鹤		0		0	0	0	0
无处下手	wixu	简单鹤		0		0	0	0	0
无耻行为	wixw	简单鹤		0		0	0	0	0
卧床休息	wixx	简单鹤		0		0	0	0	0
无偿献血	wixx	简单鹤		0		0	0	0	0
未尝一败	wiyb	简单鹤		0		0	0	0	0
我差一点	wiyd	简单鹤		0		0	0	0	0
完成以后	wiyh	简单鹤		0		0	0	0	0
外出游历	wiyl	简单鹤		0		0	0	0	0
围成一圈	wiyq	简单鹤		0		0	0	0	0
无偿援助	wiyv	简单鹤		0		0	0	0	0
维持原状	wiyv	简单鹤		0		0	0	0	0
维基百科	wjbk	简单鹤		0		0	0	0	0
无级变速	wjbs	简单鹤		0		0	0	0	0
我就蹭蹭	wjcc	简单鹤		0		0	0	0	0
未检测到	wjcd	简单鹤		0		0	0	0	0
问及此事	wjcu	简单鹤		0		0	0	0	0
万军丛中	wjcv	简单鹤		0		0	0	0	0
无尽的爱	wjda	简单鹤		0		0	0	0	0
我谨代表	wjdb	简单鹤		0		0	0	0	0
未接电话	wjdh	简单鹤		0		0	0	0	0
无甲大狙	wjdj	简单鹤		0		0	0	0	0
忘记打卡	wjdk	简单鹤		0		0	0	0	0
文件打开	wjdk	简单鹤		0		0	0	0	0
我惊呆了	wjdl	简单鹤		0		0	0	0	0
五金电器	wjdq	简单鹤		0		0	0	0	0
我觉得是	wjdu	简单鹤		0		0	0	0	0
文件大小	wjdx	简单鹤		0		0	0	0	0
无间地狱	wjdy	简单鹤		0		0	0	0	0
稳居第一	wjdy	简单鹤		0		0	0	0	0
渭泾分明	wjfm	简单鹤		0		0	0	0	0
忘记烦恼	wjfn	简单鹤		0		0	0	0	0
文件发送	wjfs	简单鹤		0		0	0	0	0
握紧扶手	wjfu	简单鹤		0		0	0	0	0
物价飞涨	wjfv	简单鹤		0		0	0	0	0
武警官兵	wjgb	简单鹤		0		0	0	0	0
文件规定	wjgd	简单鹤		0		0	0	0	0
危机公关	wjgg	简单鹤		0		0	0	0	0
文件管理	wjgl	简单鹤		0		0	0	0	0
无级滚轮	wjgl	简单鹤		0		0	0	0	0
忘记过去	wjgq	简单鹤		0		0	0	0	0
危急关头	wjgt	简单鹤		0		0	0	0	0
危机关头	wjgt	简单鹤		0		0	0	0	0
戊己庚辛	wjgx	简单鹤		0		0	0	0	0
外交活动	wjhd	简单鹤		0		0	0	0	0
妄加揣测	wjic	简单鹤		0		0	0	0	0
五金产品	wjip	简单鹤		0		0	0	0	0
文件传输	wjiu	简单鹤		0		0	0	0	0
无奖竞猜	wjjc	简单鹤		0		0	0	0	0
五金加工	wjjg	简单鹤		0		0	0	0	0
外交解决	wjjj	简单鹤		0		0	0	0	0
文件加密	wjjm	简单鹤		0		0	0	0	0
外接键盘	wjjp	简单鹤		0		0	0	0	0
网际快车	wjki	简单鹤		0		0	0	0	0
我尽力了	wjll	简单鹤		0		0	0	0	0
伪记录片	wjlp	简单鹤		0		0	0	0	0
五脊六兽	wjlu	简单鹤		1		0	0	0	0
文件名称	wjmi	简单鹤		0		0	0	0	0
文件目录	wjml	简单鹤		0		0	0	0	0
忘记密码	wjmm	简单鹤		0		0	0	0	0
我舅姥爷	wjmy	简单鹤		0		0	0	0	0
妄加评论	wjpl	简单鹤		0		0	0	0	0
未经批准	wjpv	简单鹤		0		0	0	0	0
物价平稳	wjpw	简单鹤		0		0	0	0	0
未经人事	wjru	简单鹤		0		0	0	0	0
外交人员	wjry	简单鹤		0		0	0	0	0
完结撒花	wjsh	简单鹤		0		0	0	0	0
未经思考	wjsk	简单鹤		0		0	0	0	0
五局三胜	wjsu	简单鹤		0		0	0	0	0
物及所需	wjsx	简单鹤		0		0	0	0	0
为己所有	wjsy	简单鹤		0		0	0	0	0
为己所用	wjsy	简单鹤		0		0	0	0	0
温经通络	wjtl	简单鹤		0		0	0	0	0
温经通脉	wjtm	简单鹤		0		0	0	0	0
未经同意	wjty	简单鹤		0		0	0	0	0
外交事件	wjuj	简单鹤		0		0	0	0	0
外交使节	wjuj	简单鹤		0		0	0	0	0
危急时刻	wjuk	简单鹤		0		0	0	0	0
危及生命	wjum	简单鹤		0		0	0	0	0
我就说嘛	wjum	简单鹤		0		0	0	0	0
未经授权	wjuq	简单鹤		0		0	0	0	0
外交使团	wjut	简单鹤		0		0	0	0	0
无尽深渊	wjuy	简单鹤		0		0	0	0	0
无甲沙鹰	wjuy	简单鹤		0		0	0	0	0
我就知道	wjvd	简单鹤		0		0	0	0	0
武警中队	wjvd	简单鹤		0		0	0	0	0
我就只想	wjvx	简单鹤		0		0	0	0	0
无惊无险	wjwx	简单鹤		0		0	0	0	0
文件下发	wjxf	简单鹤		0		0	0	0	0
违纪行为	wjxw	简单鹤		0		0	0	0	0
微机原理	wjyl	简单鹤		0		0	0	0	0
文具用品	wjyp	简单鹤		0		0	0	0	0
外界因素	wjys	简单鹤		0		0	0	0	0
危机意识	wjyv	简单鹤		0		0	0	0	0
未经允许	wjyx	简单鹤		0		0	0	0	0
文件资料	wjzl	简单鹤		0		0	0	0	0
胃口不错	wkbc	简单鹤		0		0	0	0	0
胃口变大	wkbd	简单鹤		0		0	0	0	0
我可不敢	wkbg	简单鹤		0		0	0	0	0
我可不管	wkbg	简单鹤		0		0	0	0	0
我可不能	wkbn	简单鹤		0		0	0	0	0
唯快不破	wkbp	简单鹤		0		0	0	0	0
我可不信	wkbx	简单鹤		0		0	0	0	0
我可不想	wkbx	简单鹤		0		0	0	0	0
胃口不小	wkbx	简单鹤		0		0	0	0	0
胃口变小	wkbx	简单鹤		0		0	0	0	0
我可不要	wkby	简单鹤		0		0	0	0	0
碗口粗细	wkcx	简单鹤		0		0	0	0	0
顽抗到底	wkdd	简单鹤		0		0	0	0	0
胃口大开	wkdk	简单鹤		0		0	0	0	0
我看到了	wkdl	简单鹤		0		0	0	0	0
无可改变	wkgb	简单鹤		0		0	0	0	0
无可回避	wkhb	简单鹤		0		0	0	0	0
无刻键帽	wkjm	简单鹤		0		0	0	0	0
无可抗拒	wkkj	简单鹤		0		0	0	0	0
我可能会	wknh	简单鹤		0		0	0	0	0
文科数学	wkux	简单鹤		0		0	0	0	0
五口之家	wkvj	简单鹤		0		0	0	0	0
我看未必	wkwb	简单鹤		0		0	0	0	0
无愧我心	wkwx	简单鹤		0		0	0	0	0
外科医师	wkyu	简单鹤		0		0	0	0	0
外科医生	wkyu	简单鹤		0		0	0	0	0
物理变化	wlbh	简单鹤		0		0	0	0	0
网络暴力	wlbl	简单鹤		0		0	0	0	0
为了表明	wlbm	简单鹤		0		0	0	0	0
网恋奔现	wlbx	简单鹤		0		0	0	0	0
网络测速	wlcs	简单鹤		0		0	0	0	0
蔚蓝档案	wlda	简单鹤		0		0	0	0	0
为了得到	wldd	简单鹤		0		0	0	0	0
为了达到	wldd	简单鹤		0		0	0	0	0
外来打工	wldg	简单鹤		0		0	0	0	0
为了大家	wldj	简单鹤		0		0	0	0	0
网络带宽	wldk	简单鹤		0		0	0	0	0
无论到哪	wldn	简单鹤		0		0	0	0	0
网络电视	wldu	简单鹤		0		0	0	0	0
卧龙凤雏	wlfi	简单鹤		0		0	0	0	0
我了个草	wlgc	简单鹤		0		0	0	0	0
我勒个擦	wlgc	简单鹤		0		0	0	0	0
我勒个豆	wlgd	简单鹤		0		0	0	0	0
我嘞个豆	wlgd	简单鹤		0		0	0	0	0
网络工程	wlgi	简单鹤		0		0	0	0	0
温良恭俭	wlgj	简单鹤		0		0	0	0	0
物理规律	wlgl	简单鹤		0		0	0	0	0
我了个去	wlgq	简单鹤		0		0	0	0	0
我勒个去	wlgq	简单鹤		0		0	0	0	0
我嘞个去	wlgq	简单鹤		0		0	0	0	0
网络歌曲	wlgq	简单鹤		0		0	0	0	0
五六个人	wlgr	简单鹤		0		0	0	0	0
武林高手	wlgu	简单鹤		0		0	0	0	0
网络歌手	wlgu	简单鹤		0		0	0	0	0
网络共享	wlgx	简单鹤		0		0	0	0	0
五六个月	wlgy	简单鹤		0		0	0	0	0
为了工作	wlgz	简单鹤		0		0	0	0	0
蔚蓝海岸	wlha	简单鹤		0		0	0	0	0
无论何地	wlhd	简单鹤		0		0	0	0	0
万两黄金	wlhj	简单鹤		0		0	0	0	0
网络环境	wlhj	简单鹤		0		0	0	0	0
网络黑客	wlhk	简单鹤		0		0	0	0	0
往来寒热	wlhr	简单鹤		0		0	0	0	0
网络红人	wlhr	简单鹤		0		0	0	0	0
万里河山	wlhu	简单鹤		0		0	0	0	0
无论何时	wlhu	简单鹤		0		0	0	0	0
为了好玩	wlhw	简单鹤		0		0	0	0	0
为了孩子	wlhz	简单鹤		0		0	0	0	0
无聊盒子	wlhz	简单鹤		0		0	0	0	0
物理超度	wlid	简单鹤		0		0	0	0	0
万里长空	wlik	简单鹤		0		0	0	0	0
武力解决	wljj	简单鹤		0		0	0	0	0
为了健康	wljk	简单鹤		0		0	0	0	0
为了将来	wljl	简单鹤		0		0	0	0	0
为了加强	wljq	简单鹤		0		0	0	0	0
无脸见人	wljr	简单鹤		0		0	0	0	0
文理兼通	wljt	简单鹤		0		0	0	0	0
五连绝世	wlju	简单鹤		0		0	0	0	0
为了竞争	wljv	简单鹤		0		0	0	0	0
物理降温	wljw	简单鹤		0		0	0	0	0
网络教育	wljy	简单鹤		0		0	0	0	0
网络卡顿	wlkd	简单鹤		0		0	0	0	0
无量空处	wlki	简单鹤		0		0	0	0	0
网络课程	wlki	简单鹤		0		0	0	0	0
王力口乐	wlkl	简单鹤		0		0	0	0	0
未来可期	wlkq	简单鹤		0		0	0	0	0
无路可寻	wlkx	简单鹤		0		0	0	0	0
网络连接	wllj	简单鹤		0		0	0	0	0
网络流量	wlll	简单鹤		0		0	0	0	0
未来两年	wlln	简单鹤		0		0	0	0	0
瓦罗兰特	wllt	简单鹤		0		0	0	0	0
网络聊天	wllt	简单鹤		0		0	0	0	0
网络论坛	wllt	简单鹤		0		0	0	0	0
物理老师	wllu	简单鹤		0		0	0	0	0
问了没啊	wlma	简单鹤		0		0	0	0	0
无脸面对	wlmd	简单鹤		0		0	0	0	0
为了明天	wlmt	简单鹤		0		0	0	0	0
无良媒体	wlmt	简单鹤		0		0	0	0	0
为了谋生	wlmu	简单鹤		0		0	0	0	0
问了没有	wlmy	简单鹤		0		0	0	0	0
为了能够	wlng	简单鹤		0		0	0	0	0
为了你好	wlnh	简单鹤		0		0	0	0	0
为了你们	wlnm	简单鹤		0		0	0	0	0
外冷内热	wlnr	简单鹤		0		0	0	0	0
网络平台	wlpt	简单鹤		0		0	0	0	0
网络喷子	wlpz	简单鹤		0		0	0	0	0
网络乞丐	wlqg	简单鹤		0		0	0	0	0
万里晴空	wlqk	简单鹤		0		0	0	0	0
外来侵略	wlql	简单鹤		0		0	0	0	0
位列其中	wlqv	简单鹤		0		0	0	0	0
网络人才	wlrc	简单鹤		0		0	0	0	0
网络热词	wlrc	简单鹤		0		0	0	0	0
威令四方	wlsf	简单鹤		0		0	0	0	0
无聊死了	wlsl	简单鹤		0		0	0	0	0
无力吐槽	wltc	简单鹤		0		0	0	0	0
无聊透顶	wltd	简单鹤		0		0	0	0	0
蔚蓝天空	wltk	简单鹤		0		0	0	0	0
为了他们	wltm	简单鹤		0		0	0	0	0
乌兰托娅	wlty	简单鹤		0		0	0	0	0
无量天尊	wltz	简单鹤		0		0	0	0	0
为了生存	wluc	简单鹤		0		0	0	0	0
无论是从	wluc	简单鹤		0		0	0	0	0
网络时代	wlud	简单鹤		0		0	0	0	0
物理伤害	wluh	简单鹤		0		0	0	0	0
网络生活	wluh	简单鹤		0		0	0	0	0
无良商家	wluj	简单鹤		0		0	0	0	0
未来世界	wluj	简单鹤		0		0	0	0	0
为了胜利	wlul	简单鹤		0		0	0	0	0
网络实名	wlum	简单鹤		0		0	0	0	0
网络神曲	wluq	简单鹤		0		0	0	0	0
未来收入	wlur	简单鹤		0		0	0	0	0
五六十岁	wlus	简单鹤		0		0	0	0	0
无论是谁	wluu	简单鹤		0		0	0	0	0
为了实现	wlux	简单鹤		0		0	0	0	0
物理实验	wluy	简单鹤		0		0	0	0	0
物理诊断	wlvd	简单鹤		0		0	0	0	0
网络终端	wlvd	简单鹤		0		0	0	0	0
无力支付	wlvf	简单鹤		0		0	0	0	0
网络支付	wlvf	简单鹤		0		0	0	0	0
为了这个	wlvg	简单鹤		0		0	0	0	0
往来账户	wlvh	简单鹤		0		0	0	0	0
无聊之极	wlvj	简单鹤		0		0	0	0	0
无聊至极	wlvj	简单鹤		0		0	0	0	0
未来之路	wlvl	简单鹤		0		0	0	0	0
往来账目	wlvm	简单鹤		0		0	0	0	0
我来助你	wlvn	简单鹤		0		0	0	0	0
网络诈骗	wlvp	简单鹤		0		0	0	0	0
为了争取	wlvq	简单鹤		0		0	0	0	0
我老丈人	wlvr	简单鹤		0		0	0	0	0
网络知识	wlvu	简单鹤		0		0	0	0	0
未来之星	wlvx	简单鹤		0		0	0	0	0
网络中心	wlvx	简单鹤		0		0	0	0	0
万里之遥	wlvy	简单鹤		0		0	0	0	0
诬良为盗	wlwd	简单鹤		1		0	0	0	0
外来务工	wlwg	简单鹤		0		0	0	0	0
物理外挂	wlwg	简单鹤		0		0	0	0	0
网络维护	wlwh	简单鹤		0		0	0	0	0
威利旺卡	wlwk	简单鹤		0		0	0	0	0
哇凉哇凉	wlwl	简单鹤		0		0	0	0	0
为了我们	wlwm	简单鹤		0		0	0	0	0
威力无穷	wlwq	简单鹤		0		0	0	0	0
武林外传	wlwv	简单鹤		0		0	0	0	0
威力无限	wlwx	简单鹤		0		0	0	0	0
位列仙班	wlxb	简单鹤		0		0	0	0	0
为了幸福	wlxf	简单鹤		0		0	0	0	0
物理效果	wlxg	简单鹤		0		0	0	0	0
网络系统	wlxt	简单鹤		0		0	0	0	0
网络小说	wlxu	简单鹤		0		0	0	0	0
物流信息	wlxx	简单鹤		0		0	0	0	0
物理现象	wlxx	简单鹤		0		0	0	0	0
晚了一步	wlyb	简单鹤		0		0	0	0	0
晚来一步	wlyb	简单鹤		0		0	0	0	0
为了一个	wlyg	简单鹤		0		0	0	0	0
为了以后	wlyh	简单鹤		0		0	0	0	0
围炉夜话	wlyh	简单鹤		0		0	0	0	0
网络延迟	wlyi	简单鹤		0		0	0	0	0
网络异常	wlyi	简单鹤		0		0	0	0	0
问了一句	wlyj	简单鹤		0		0	0	0	0
网络硬盘	wlyp	简单鹤		0		0	0	0	0
无理要求	wlyq	简单鹤		0		0	0	0	0
物理引擎	wlyq	简单鹤		0		0	0	0	0
武林夜市	wlyu	简单鹤		0		0	0	0	0
问了一下	wlyx	简单鹤		0		0	0	0	0
望了一眼	wlyy	简单鹤		0		0	0	0	0
物理意义	wlyy	简单鹤		0		0	0	0	0
网络用语	wlyy	简单鹤		0		0	0	0	0
为了做到	wlzd	简单鹤		0		0	0	0	0
为了做好	wlzh	简单鹤		0		0	0	0	0
为了自己	wlzj	简单鹤		0		0	0	0	0
无论怎么	wlzm	简单鹤		0		0	0	0	0
未来走向	wlzx	简单鹤		0		0	0	0	0
涡轮增压	wlzy	简单鹤		0		0	0	0	0
完美闭环	wmbh	简单鹤		0		0	0	0	0
微妙变化	wmbh	简单鹤		0		0	0	0	0
顽冥不化	wmbh	简单鹤		0		0	0	0	0
我们不能	wmbn	简单鹤		0		0	0	0	0
万码奔腾	wmbt	简单鹤		0		0	0	0	0
我们不是	wmbu	简单鹤		0		0	0	0	0
我们必须	wmbx	简单鹤		0		0	0	0	0
我们不约	wmby	简单鹤		0		0	0	0	0
我们不要	wmby	简单鹤		0		0	0	0	0
我们才能	wmcn	简单鹤		0		0	0	0	0
我们的爱	wmda	简单鹤		0		0	0	0	0
无目的地	wmdd	简单鹤		0		0	0	0	0
我们都会	wmdh	简单鹤		0		0	0	0	0
五码定长	wmdi	简单鹤		0		0	0	0	0
我们大家	wmdj	简单鹤		0		0	0	0	0
外卖到了	wmdl	简单鹤		0		0	0	0	0
妩媚动人	wmdr	简单鹤		0		0	0	0	0
我们当然	wmdr	简单鹤		0		0	0	0	0
我们都是	wmdu	简单鹤		0		0	0	0	0
我们当中	wmdv	简单鹤		0		0	0	0	0
我们单位	wmdw	简单鹤		0		0	0	0	0
我们对于	wmdy	简单鹤		0		0	0	0	0
我们都要	wmdy	简单鹤		0		0	0	0	0
为民服务	wmfw	简单鹤		0		0	0	0	0
我们发现	wmfx	简单鹤		0		0	0	0	0
完美告白	wmgb	简单鹤		0		0	0	0	0
文明观猴	wmgh	简单鹤		0		0	0	0	0
卫冕冠军	wmgj	简单鹤		0		0	0	0	0
文明观球	wmgq	简单鹤		0		0	0	0	0
外贸公司	wmgs	简单鹤		0		0	0	0	0
文明观赛	wmgs	简单鹤		0		0	0	0	0
万码归一	wmgy	简单鹤		0		0	0	0	0
威名赫赫	wmhh	简单鹤		0		0	0	0	0
无名火起	wmhq	简单鹤		0		0	0	0	0
文明和谐	wmhx	简单鹤		0		0	0	0	0
我们还要	wmhy	简单鹤		0		0	0	0	0
文明乘车	wmii	简单鹤		0		0	0	0	0
文明城市	wmiu	简单鹤		0		0	0	0	0
我们几个	wmjg	简单鹤		0		0	0	0	0
我们将会	wmjh	简单鹤		0		0	0	0	0
我们就会	wmjh	简单鹤		0		0	0	0	0
我们经常	wmji	简单鹤		0		0	0	0	0
完美结局	wmjj	简单鹤		0		0	0	0	0
完美解决	wmjj	简单鹤		0		0	0	0	0
我们今天	wmjt	简单鹤		0		0	0	0	0
我们就是	wmju	简单鹤		0		0	0	0	0
我们就说	wmju	简单鹤		0		0	0	0	0
我们将要	wmjy	简单鹤		0		0	0	0	0
我们就要	wmjy	简单鹤		0		0	0	0	0
玩命加载	wmjz	简单鹤		0		0	0	0	0
无密可保	wmkb	简单鹤		0		0	0	0	0
我们看到	wmkd	简单鹤		0		0	0	0	0
完美开局	wmkj	简单鹤		0		0	0	0	0
我们可能	wmkn	简单鹤		0		0	0	0	0
我们可是	wmku	简单鹤		0		0	0	0	0
我们开始	wmku	简单鹤		0		0	0	0	0
我们可以	wmky	简单鹤		0		0	0	0	0
我们两个	wmlg	简单鹤		0		0	0	0	0
我们联合	wmlh	简单鹤		0		0	0	0	0
无码流出	wmli	简单鹤		0		0	0	0	0
我迷路了	wmll	简单鹤		0		0	0	0	0
万亩良田	wmlt	简单鹤		0		0	0	0	0
我们老师	wmlu	简单鹤		0		0	0	0	0
我们没有	wmmy	简单鹤		0		0	0	0	0
我们能够	wmng	简单鹤		0		0	0	0	0
我们那个	wmng	简单鹤		0		0	0	0	0
外贸逆差	wmni	简单鹤		0		0	0	0	0
王母娘娘	wmnn	简单鹤		0		0	0	0	0
无名女尸	wmnu	简单鹤		0		0	0	0	0
无名男尸	wmnu	简单鹤		0		0	0	0	0
我们能赢	wmny	简单鹤		0		0	0	0	0
完美平台	wmpt	简单鹤		0		0	0	0	0
闻名全国	wmqg	简单鹤		0		0	0	0	0
闻名全球	wmqq	简单鹤		0		0	0	0	0
寤寐求之	wmqv	简单鹤		1		0	0	0	0
我们如果	wmrg	简单鹤		0		0	0	0	0
我们仍然	wmrr	简单鹤		0		0	0	0	0
我没听错	wmtc	简单鹤		0		0	0	0	0
文墨天机	wmtj	简单鹤		0		0	0	0	0
万民同乐	wmtl	简单鹤		0		0	0	0	0
外面天气	wmtq	简单鹤		0		0	0	0	0
五毛特效	wmtx	简单鹤		0		0	0	0	0
闻名天下	wmtx	简单鹤		0		0	0	0	0
我们同样	wmty	简单鹤		0		0	0	0	0
完美闪避	wmub	简单鹤		0		0	0	0	0
无名鼠辈	wmub	简单鹤		0		0	0	0	0
完美收官	wmug	简单鹤		0		0	0	0	0
我没说过	wmug	简单鹤		0		0	0	0	0
文明生产	wmui	简单鹤		0		0	0	0	0
完美世界	wmuj	简单鹤		0		0	0	0	0
闻名世界	wmuj	简单鹤		0		0	0	0	0
完美时刻	wmuk	简单鹤		0		0	0	0	0
我们知道	wmvd	简单鹤		0		0	0	0	0
我们这儿	wmve	简单鹤		0		0	0	0	0
文明执法	wmvf	简单鹤		0		0	0	0	0
我们中国	wmvg	简单鹤		0		0	0	0	0
微妙之处	wmvi	简单鹤		0		0	0	0	0
我们之间	wmvj	简单鹤		0		0	0	0	0
我们终将	wmvj	简单鹤		0		0	0	0	0
我们这里	wmvl	简单鹤		0		0	0	0	0
我们只能	wmvn	简单鹤		0		0	0	0	0
我们只是	wmvu	简单鹤		0		0	0	0	0
我们之中	wmvv	简单鹤		0		0	0	0	0
我们这种	wmvv	简单鹤		0		0	0	0	0
我们这些	wmvx	简单鹤		0		0	0	0	0
位面之子	wmvz	简单鹤		0		0	0	0	0
王码五笔	wmwb	简单鹤		0		0	0	0	0
无名无份	wmwf	简单鹤		0		0	0	0	0
玩没玩过	wmwg	简单鹤		0		0	0	0	0
无门无派	wmwp	简单鹤		0		0	0	0	0
我没问题	wmwt	简单鹤		0		0	0	0	0
我没想到	wmxd	简单鹤		0		0	0	0	0
外卖小哥	wmxg	简单鹤		0		0	0	0	0
完美谢幕	wmxm	简单鹤		0		0	0	0	0
我们需要	wmxy	简单鹤		0		0	0	0	0
我们现在	wmxz	简单鹤		0		0	0	0	0
威名远播	wmyb	简单鹤		0		0	0	0	0
我们一定	wmyd	简单鹤		0		0	0	0	0
我们也会	wmyh	简单鹤		0		0	0	0	0
无明业火	wmyh	简单鹤		1		0	0	0	0
我们已经	wmyj	简单鹤		0		0	0	0	0
我没意见	wmyj	简单鹤		0		0	0	0	0
我们一起	wmyq	简单鹤		0		0	0	0	0
我们一直	wmyv	简单鹤		0		0	0	0	0
我们以为	wmyw	简单鹤		0		0	0	0	0
我们也许	wmyx	简单鹤		0		0	0	0	0
文明用语	wmyy	简单鹤		0		0	0	0	0
为母则刚	wmzg	简单鹤		0		0	0	0	0
我们自己	wmzj	简单鹤		0		0	0	0	0
我们总是	wmzu	简单鹤		0		0	0	0	0
为民做主	wmzv	简单鹤		0		0	0	0	0
万年不变	wnbb	简单鹤		0		0	0	0	0
往年不同	wnbt	简单鹤		0		0	0	0	0
为你等待	wndd	简单鹤		0		0	0	0	0
未能得逞	wndi	简单鹤		0		0	0	0	0
问牛答马	wndm	简单鹤		0		0	0	0	0
为你而来	wnel	简单鹤		0		0	0	0	0
往哪儿跑	wnep	简单鹤		0		0	0	0	0
无奈放弃	wnfq	简单鹤		0		0	0	0	0
为您服务	wnfw	简单鹤		0		0	0	0	0
五年高考	wngk	简单鹤		0		0	0	0	0
吴牛喘月	wniy	简单鹤		1		0	0	0	0
为你骄傲	wnja	简单鹤		0		0	0	0	0
五内俱崩	wnjb	简单鹤		1		0	0	0	0
万念俱寂	wnjj	简单鹤		1		0	0	0	0
无能狂怒	wnkn	简单鹤		0		0	0	0	0
五年老兵	wnlb	简单鹤		0		0	0	0	0
万年灵芝	wnlv	简单鹤		0		0	0	0	0
未能满足	wnmz	简单鹤		0		0	0	0	0
玩弄女性	wnnx	简单鹤		0		0	0	0	0
玩弄权术	wnqu	简单鹤		0		0	0	0	0
畏难情绪	wnqx	简单鹤		0		0	0	0	0
无脑输出	wnui	简单鹤		0		0	0	0	0
无奈之举	wnvj	简单鹤		0		0	0	0	0
为你着想	wnvx	简单鹤		0		0	0	0	0
无奈之下	wnvx	简单鹤		0		0	0	0	0
未能完成	wnwi	简单鹤		0		0	0	0	0
舞弄文墨	wnwm	简单鹤		1		0	0	0	0
往年相比	wnxb	简单鹤		0		0	0	0	0
未能幸免	wnxm	简单鹤		0		0	0	0	0
万宁象棋	wnxq	简单鹤		0		0	0	0	0
无奈选择	wnxz	简单鹤		0		0	0	0	0
万能钥匙	wnyi	简单鹤		0		0	0	0	0
万能遥控	wnyk	简单鹤		0		0	0	0	0
为你自豪	wnzh	简单鹤		0		0	0	0	0
万念杂陈	wnzi	简单鹤		0		0	0	0	0
玩偶姐姐	wojj	简单鹤		0		0	0	0	0
王牌部队	wpbd	简单鹤		0		0	0	0	0
万平方米	wpfm	简单鹤		0		0	0	0	0
王牌机师	wpju	简单鹤		0		0	0	0	0
网盘拉新	wplx	简单鹤		0		0	0	0	0
宛平南路	wpnl	简单鹤		0		0	0	0	0
完全按照	wqav	简单鹤		0		0	0	0	0
万顷碧波	wqbb	简单鹤		0		0	0	0	0
完全不符	wqbf	简单鹤		0		0	0	0	0
完全不顾	wqbg	简单鹤		0		0	0	0	0
完全不会	wqbh	简单鹤		0		0	0	0	0
完全不能	wqbn	简单鹤		0		0	0	0	0
无巧不巧	wqbq	简单鹤		0		0	0	0	0
完全不同	wqbt	简单鹤		0		0	0	0	0
完全不是	wqbu	简单鹤		0		0	0	0	0
完全不像	wqbx	简单鹤		0		0	0	0	0
完全错误	wqcw	简单鹤		0		0	0	0	0
完全达到	wqdd	简单鹤		0		0	0	0	0
无情打击	wqdj	简单鹤		0		0	0	0	0
亡妻斗罗	wqdl	简单鹤		0		0	0	0	0
武器大师	wqdu	简单鹤		0		0	0	0	0
武器弹药	wqdy	简单鹤		0		0	0	0	0
王权富贵	wqfg	简单鹤		0		0	0	0	0
完全符合	wqfh	简单鹤		0		0	0	0	0
完全放心	wqfx	简单鹤		0		0	0	0	0
外企公司	wqgs	简单鹤		0		0	0	0	0
外戚干政	wqgv	简单鹤		0		0	0	0	0
往期回顾	wqhg	简单鹤		0		0	0	0	0
完全彻底	wqid	简单鹤		0		0	0	0	0
无情嘲讽	wqif	简单鹤		0		0	0	0	0
完全成为	wqiw	简单鹤		0		0	0	0	0
完全就是	wqju	简单鹤		0		0	0	0	0
我去看看	wqkk	简单鹤		0		0	0	0	0
完全可以	wqky	简单鹤		0		0	0	0	0
五亲六眷	wqlj	简单鹤		1		0	0	0	0
为期两年	wqln	简单鹤		0		0	0	0	0
无穷乐趣	wqlq	简单鹤		0		0	0	0	0
万顷良田	wqlt	简单鹤		0		0	0	0	0
歪曲历史	wqlu	简单鹤		0		0	0	0	0
雾气笼罩	wqlv	简单鹤		0		0	0	0	0
完全免费	wqmf	简单鹤		0		0	0	0	0
乌漆嘛黑	wqmh	简单鹤		0		0	0	0	0
乌漆抹黑	wqmh	简单鹤		0		0	0	0	0
围裙妈妈	wqmm	简单鹤		0		0	0	0	0
完全没有	wqmy	简单鹤		0		0	0	0	0
完全满足	wqmz	简单鹤		0		0	0	0	0
我去你的	wqnd	简单鹤		0		0	0	0	0
完全能够	wqng	简单鹤		0		0	0	0	0
五千年来	wqnl	简单鹤		0		0	0	0	0
我劝你们	wqnm	简单鹤		0		0	0	0	0
我去你妈	wqnm	简单鹤		0		0	0	0	0
我去你妹	wqnm	简单鹤		0		0	0	0	0
无情殴打	wqod	简单鹤		0		0	0	0	0
无球跑动	wqpd	简单鹤		0		0	0	0	0
完全平方	wqpf	简单鹤		0		0	0	0	0
尾气排放	wqpf	简单鹤		0		0	0	0	0
为情所伤	wqsu	简单鹤		0		0	0	0	0
无情铁手	wqtu	简单鹤		0		0	0	0	0
完全统一	wqty	简单鹤		0		0	0	0	0
歪七竖八	wqub	简单鹤		0		0	0	0	0
完全胜利	wqul	简单鹤		0		0	0	0	0
我去睡了	wqul	简单鹤		0		0	0	0	0
围棋少年	wqun	简单鹤		0		0	0	0	0
胃气上逆	wqun	简单鹤		0		0	0	0	0
务求实效	wqux	简单鹤		0		0	0	0	0
完全照搬	wqvb	简单鹤		0		0	0	0	0
完全知道	wqvd	简单鹤		0		0	0	0	0
无缺完好	wqwh	简单鹤		0		0	0	0	0
完全忘记	wqwj	简单鹤		0		0	0	0	0
完全忘了	wqwl	简单鹤		0		0	0	0	0
我请问了	wqwl	简单鹤		0		0	0	0	0
无气无力	wqwl	简单鹤		0		0	0	0	0
我且问你	wqwn	简单鹤		0		0	0	0	0
我请问呢	wqwn	简单鹤		0		0	0	0	0
网球王子	wqwz	简单鹤		0		0	0	0	0
完全相反	wqxf	简单鹤		0		0	0	0	0
完全信任	wqxr	简单鹤		0		0	0	0	0
完全相同	wqxt	简单鹤		0		0	0	0	0
完全消失	wqxu	简单鹤		0		0	0	0	0
完全相信	wqxx	简单鹤		0		0	0	0	0
完全响应	wqxy	简单鹤		0		0	0	0	0
无球掩护	wqyh	简单鹤		0		0	0	0	0
为期一年	wqyn	简单鹤		0		0	0	0	0
我妻由乃	wqyn	简单鹤		0		0	0	0	0
完全一致	wqyv	简单鹤		0		0	0	0	0
卫气营血	wqyx	简单鹤		0		0	0	0	0
完全一样	wqyy	简单鹤		0		0	0	0	0
吴桥杂技	wqzj	简单鹤		0		0	0	0	0
挖潜增效	wqzx	简单鹤		0		0	0	0	0
无肉不欢	wrbh	简单鹤		0		0	0	0	0
为人不善	wrbu	简单鹤		0		0	0	0	0
温柔大方	wrdf	简单鹤		0		0	0	0	0
无人反对	wrfd	简单鹤		0		0	0	0	0
无人飞机	wrfj	简单鹤		0		0	0	0	0
无人防守	wrfu	简单鹤		0		0	0	0	0
为人方正	wrfv	简单鹤		0		0	0	0	0
污染防治	wrfv	简单鹤		0		0	0	0	0
污染工业	wrgy	简单鹤		0		0	0	0	0
为人厚道	wrhd	简单鹤		0		0	0	0	0
无人回答	wrhd	简单鹤		0		0	0	0	0
万人合唱	wrhi	简单鹤		0		0	0	0	0
无任何时	wrhu	简单鹤		0		0	0	0	0
为人称道	wrid	简单鹤		0		0	0	0	0
污染程度	wrid	简单鹤		0		0	0	0	0
污染处理	wril	简单鹤		0		0	0	0	0
无人监管	wrjg	简单鹤		0		0	0	0	0
温热经纬	wrjw	简单鹤		0		0	0	0	0
五日均线	wrjx	简单鹤		0		0	0	0	0
温柔可爱	wrka	简单鹤		0		0	0	0	0
无人可比	wrkb	简单鹤		0		0	0	0	0
无人可挡	wrkd	简单鹤		0		0	0	0	0
无人可敌	wrkd	简单鹤		0		0	0	0	0
为人开朗	wrkl	简单鹤		0		0	0	0	0
污染空气	wrkq	简单鹤		0		0	0	0	0
无人看守	wrku	简单鹤		0		0	0	0	0
无人可用	wrky	简单鹤		0		0	0	0	0
无人理睬	wrlc	简单鹤		0		0	0	0	0
污染浪费	wrlf	简单鹤		0		0	0	0	0
稳如老狗	wrlg	简单鹤		0		0	0	0	0
无人理会	wrlh	简单鹤		0		0	0	0	0
万人民币	wrmb	简单鹤		0		0	0	0	0
我人没了	wrml	简单鹤		0		0	0	0	0
我人麻了	wrml	简单鹤		0		0	0	0	0
温柔美丽	wrml	简单鹤		0		0	0	0	0
无人能挡	wrnd	简单鹤		0		0	0	0	0
我日你妈	wrnm	简单鹤		0		0	0	0	0
我日你妹	wrnm	简单鹤		0		0	0	0	0
我日你娘	wrnn	简单鹤		0		0	0	0	0
无人匹敌	wrpd	简单鹤		0		0	0	0	0
污染排放	wrpf	简单鹤		0		0	0	0	0
温柔漂亮	wrpl	简单鹤		0		0	0	0	0
微软拼音	wrpy	简单鹤		0		0	0	0	0
污染情况	wrqk	简单鹤		0		0	0	0	0
外人前面	wrqm	简单鹤		0		0	0	0	0
往日荣光	wrrg	简单鹤		0		0	0	0	0
无任如何	wrrh	简单鹤		0		0	0	0	0
温柔如水	wrru	简单鹤		0		0	0	0	0
温润如玉	wrry	简单鹤		0		0	0	0	0
文人骚客	wrsk	简单鹤		0		0	0	0	0
温柔似水	wrsu	简单鹤		0		0	0	0	0
吾日三省	wrsx	简单鹤		0		0	0	0	0
无人替代	wrtd	简单鹤		0		0	0	0	0
宛若天成	wrti	简单鹤		0		0	0	0	0
污染调查	wrti	简单鹤		0		0	0	0	0
温柔甜美	wrtm	简单鹤		0		0	0	0	0
温柔体贴	wrtt	简单鹤		0		0	0	0	0
污染事故	wrug	简单鹤		0		0	0	0	0
无人生还	wruh	简单鹤		0		0	0	0	0
污染事件	wruj	简单鹤		0		0	0	0	0
无人深空	wruk	简单鹤		0		0	0	0	0
我人傻了	wrul	简单鹤		0		0	0	0	0
我认输了	wrul	简单鹤		0		0	0	0	0
无人售票	wrup	简单鹤		0		0	0	0	0
污染生态	wrut	简单鹤		0		0	0	0	0
为人熟知	wruv	简单鹤		0		0	0	0	0
为人说项	wrux	简单鹤		1		0	0	0	0
无人值班	wrvb	简单鹤		0		0	0	0	0
无人直播	wrvb	简单鹤		0		0	0	0	0
无人知道	wrvd	简单鹤		0		0	0	0	0
为人忠厚	wrvh	简单鹤		0		0	0	0	0
污染状况	wrvk	简单鹤		0		0	0	0	0
危如朝露	wrvl	简单鹤		1		0	0	0	0
污染治理	wrvl	简单鹤		0		0	0	0	0
万人瞩目	wrvm	简单鹤		0		0	0	0	0
为人正派	wrvp	简单鹤		0		0	0	0	0
侮辱智商	wrvu	简单鹤		0		0	0	0	0
无人值守	wrvu	简单鹤		0		0	0	0	0
为人着想	wrvx	简单鹤		0		0	0	0	0
微软五笔	wrwb	简单鹤		0		0	0	0	0
污染问题	wrwt	简单鹤		0		0	0	0	0
往日无怨	wrwy	简单鹤		0		0	0	0	0
污染项目	wrxm	简单鹤		0		0	0	0	0
温柔细腻	wrxn	简单鹤		0		0	0	0	0
五仁月饼	wryb	简单鹤		0		0	0	0	0
微软雅黑	wryh	简单鹤		0		0	0	0	0
微弱优势	wryu	简单鹤		0		0	0	0	0
文人雅士	wryu	简单鹤		0		0	0	0	0
无人在意	wrzy	简单鹤		0		0	0	0	0
文丝不动	wsbd	简单鹤		1		0	0	0	0
武松打虎	wsdh	简单鹤		0		0	0	0	0
猥琐大叔	wsdu	简单鹤		0		0	0	0	0
无所屌谓	wsdw	简单鹤		0		0	0	0	0
无丝分裂	wsfl	简单鹤		0		0	0	0	0
无私分享	wsfx	简单鹤		0		0	0	0	0
猥琐发育	wsfy	简单鹤		0		0	0	0	0
无所挂碍	wsga	简单鹤		0		0	0	0	0
无所忌讳	wsjh	简单鹤		1		0	0	0	0
无所愧疚	wskj	简单鹤		0		0	0	0	0
往死里打	wsld	简单鹤		0		0	0	0	0
往死里干	wslg	简单鹤		0		0	0	0	0
往死里搞	wslg	简单鹤		0		0	0	0	0
往死里弄	wsln	简单鹤		0		0	0	0	0
往死里整	wslv	简单鹤		0		0	0	0	0
为什么不	wsmb	简单鹤		0		0	0	0	0
文思敏捷	wsmj	简单鹤		0		0	0	0	0
为什么呢	wsmn	简单鹤		0		0	0	0	0
雾淞拼音	wspy	简单鹤		0		0	0	0	0
无所牵挂	wsqg	简单鹤		0		0	0	0	0
万岁千秋	wsqq	简单鹤		1		0	0	0	0
文思泉涌	wsqy	简单鹤		0		0	0	0	0
无所他求	wstq	简单鹤		0		0	0	0	0
无所谓了	wswl	简单鹤		0		0	0	0	0
物色物色	wsws	简单鹤		0		0	0	0	0
无所依傍	wsyb	简单鹤		0		0	0	0	0
五四以来	wsyl	简单鹤		0		0	0	0	0
无损音乐	wsyl	简单鹤		0		0	0	0	0
无损压缩	wsys	简单鹤		0		0	0	0	0
万死一生	wsyu	简单鹤		1		0	0	0	0
无损音质	wsyv	简单鹤		0		0	0	0	0
无私援助	wsyv	简单鹤		0		0	0	0	0
我所欲也	wsyy	简单鹤		0		0	0	0	0
问题不大	wtbd	简单鹤		0		0	0	0	0
无头苍蝇	wtcy	简单鹤		0		0	0	0	0
问题答案	wtda	简单鹤		0		0	0	0	0
问题导向	wtdx	简单鹤		0		0	0	0	0
沃特法克	wtfk	简单鹤		0		0	0	0	0
无痛分娩	wtfm	简单鹤		0		0	0	0	0
勿谈国事	wtgu	简单鹤		0		0	0	0	0
问题根源	wtgy	简单鹤		0		0	0	0	0
文体活动	wthd	简单鹤		0		0	0	0	0
吴涛鸿儒	wthr	简单鹤		0		0	0	0	0
无套轰入	wthr	简单鹤		0		0	0	0	0
问题还是	wthu	简单鹤		0		0	0	0	0
问题何在	wthz	简单鹤		0		0	0	0	0
无套抽插	wtii	简单鹤		0		0	0	0	0
问题产品	wtip	简单鹤		0		0	0	0	0
问题产生	wtiu	简单鹤		0		0	0	0	0
问题出现	wtix	简单鹤		0		0	0	0	0
问题出在	wtiz	简单鹤		0		0	0	0	0
问题解答	wtjd	简单鹤		0		0	0	0	0
问题解决	wtjj	简单鹤		0		0	0	0	0
问题来了	wtll	简单鹤		0		0	0	0	0
委托律师	wtlu	简单鹤		0		0	0	0	0
委托买卖	wtmm	简单鹤		0		0	0	0	0
问题描述	wtmu	简单鹤		0		0	0	0	0
外台秘要	wtmy	简单鹤		0		0	0	0	0
无头女尸	wtnu	简单鹤		0		0	0	0	0
无头男尸	wtnu	简单鹤		0		0	0	0	0
无套内射	wtnu	简单鹤		0		0	0	0	0
为突破口	wtpk	简单鹤		0		0	0	0	0
稳妥起见	wtqj	简单鹤		0		0	0	0	0
无头骑士	wtqu	简单鹤		0		0	0	0	0
无痛人流	wtrl	简单鹤		0		0	0	0	0
问题人物	wtrw	简单鹤		0		0	0	0	0
问题所在	wtsz	简单鹤		0		0	0	0	0
稳妥推进	wttj	简单鹤		0		0	0	0	0
问题讨论	wttl	简单鹤		0		0	0	0	0
问题探讨	wttt	简单鹤		0		0	0	0	0
委托投资	wttz	简单鹤		0		0	0	0	0
委托手续	wtux	简单鹤		0		0	0	0	0
卧榻之侧	wtvc	简单鹤		0		0	0	0	0
无套中出	wtvi	简单鹤		0		0	0	0	0
卧榻之旁	wtvp	简单鹤		0		0	0	0	0
卧榻之上	wtvu	简单鹤		0		0	0	0	0
畏头畏尾	wtww	简单鹤		0		0	0	0	0
为天下先	wtxx	简单鹤		0		0	0	0	0
无图言吊	wtyd	简单鹤		0		0	0	0	0
无图言屌	wtyd	简单鹤		0		0	0	0	0
舞台艺术	wtyu	简单鹤		0		0	0	0	0
问题严重	wtyv	简单鹤		0		0	0	0	0
问题意识	wtyv	简单鹤		0		0	0	0	0
我说不好	wubh	简单鹤		0		0	0	0	0
无商不奸	wubj	简单鹤		0		0	0	0	0
往事不堪	wubk	简单鹤		0		0	0	0	0
卫生标准	wubv	简单鹤		0		0	0	0	0
我是不想	wubx	简单鹤		0		0	0	0	0
文身断发	wudf	简单鹤		1		0	0	0	0
网上代购	wudg	简单鹤		0		0	0	0	0
顽石点头	wudt	简单鹤		1		0	0	0	0
无说服力	wufl	简单鹤		0		0	0	0	0
无事发生	wufu	简单鹤		0		0	0	0	0
无视风险	wufx	简单鹤		0		0	0	0	0
网上购买	wugm	简单鹤		0		0	0	0	0
务实高效	wugx	简单鹤		0		0	0	0	0
五十出头	wuit	简单鹤		0		0	0	0	0
未删减版	wujb	简单鹤		0		0	0	0	0
污水净化	wujh	简单鹤		0		0	0	0	0
万事皆空	wujk	简单鹤		0		0	0	0	0
网上交易	wujy	简单鹤		0		0	0	0	0
卫食健字	wujz	简单鹤		0		0	0	0	0
无事可做	wukz	简单鹤		0		0	0	0	0
我是雷锋	wulf	简单鹤		0		0	0	0	0
网上聊天	wult	简单鹤		0		0	0	0	0
卫生棉条	wumt	简单鹤		0		0	0	0	0
无上美味	wumw	简单鹤		0		0	0	0	0
五十年代	wund	简单鹤		0		0	0	0	0
五十年前	wunq	简单鹤		0		0	0	0	0
污水排放	wupf	简单鹤		0		0	0	0	0
温室气体	wuqt	简单鹤		0		0	0	0	0
往事如梦	wurm	简单鹤		0		0	0	0	0
往事如烟	wury	简单鹤		0		0	0	0	0
往事随风	wusf	简单鹤		0		0	0	0	0
午时三刻	wusk	简单鹤		0		0	0	0	0
无伤速通	wust	简单鹤		0		0	0	0	0
无事退朝	wuti	简单鹤		0		0	0	0	0
网上投诉	wuts	简单鹤		0		0	0	0	0
我说停停	wutt	简单鹤		0		0	0	0	0
无绳跳绳	wutu	简单鹤		0		0	0	0	0
为时太晚	wutw	简单鹤		0		0	0	0	0
外设天下	wutx	简单鹤		0		0	0	0	0
网上书店	wuud	简单鹤		0		0	0	0	0
唯手熟尔	wuue	简单鹤		0		0	0	0	0
无手射精	wuuj	简单鹤		0		0	0	0	0
万事胜意	wuuy	简单鹤	47	0		0	0	0	0
万事顺意	wuuy	简单鹤		0		0	0	0	0
完善制度	wuvd	简单鹤		0		0	0	0	0
武术指导	wuvd	简单鹤		0		0	0	0	0
五十周年	wuvn	简单鹤		0		0	0	0	0
万兽之王	wuvw	简单鹤		0		0	0	0	0
晚睡晚起	wuwq	简单鹤		0		0	0	0	0
雾山五行	wuwx	简单鹤		0		0	0	0	0
卫生委员	wuwy	简单鹤		0		0	0	0	0
委身现状	wuxv	简单鹤		0		0	0	0	0
温声细语	wuxy	简单鹤		0		0	0	0	0
午时已到	wuyd	简单鹤		0		0	0	0	0
吾谁与归	wuyg	简单鹤		1		0	0	0	0
我是一个	wuyg	简单鹤		0		0	0	0	0
晚上有空	wuyk	简单鹤		0		0	0	0	0
我试一下	wuyx	简单鹤		0		0	0	0	0
往事已矣	wuyy	简单鹤		0		0	0	0	0
我上早八	wuzb	简单鹤		0		0	0	0	0
为知笔记	wvbj	简单鹤		0		0	0	0	0
王之宝库	wvbk	简单鹤		0		0	0	0	0
稳赚不赔	wvbp	简单鹤		0		0	0	0	0
危重病人	wvbr	简单鹤		0		0	0	0	0
物质保障	wvbv	简单鹤		0		0	0	0	0
我这辈子	wvbz	简单鹤		0		0	0	0	0
为之侧目	wvcm	简单鹤		0		0	0	0	0
物质层面	wvcm	简单鹤		0		0	0	0	0
违章操作	wvcz	简单鹤		0		0	0	0	0
物主代词	wvdc	简单鹤		0		0	0	0	0
稳重大方	wvdf	简单鹤		0		0	0	0	0
我找到了	wvdl	简单鹤		0		0	0	0	0
物质的量	wvdl	简单鹤		0		0	0	0	0
外置大脑	wvdn	简单鹤		0		0	0	0	0
为之动心	wvdx	简单鹤		0		0	0	0	0
物质代谢	wvdx	简单鹤		0		0	0	0	0
物质待遇	wvdy	简单鹤		0		0	0	0	0
捂着肚子	wvdz	简单鹤		0		0	0	0	0
为之奋斗	wvfd	简单鹤		0		0	0	0	0
王者风范	wvff	简单鹤		0		0	0	0	0
误中副车	wvfi	简单鹤		0		0	0	0	0
违章罚款	wvfk	简单鹤		0		0	0	0	0
违者罚款	wvfk	简单鹤		0		0	0	0	0
万种风情	wvfq	简单鹤		0		0	0	0	0
武装分子	wvfz	简单鹤		0		0	0	0	0
文中广告	wvgg	简单鹤		0		0	0	0	0
物质鼓励	wvgl	简单鹤		0		0	0	0	0
王者归来	wvgl	简单鹤		0		0	0	0	0
万丈光芒	wvgm	简单鹤		0		0	0	0	0
外置光驱	wvgq	简单鹤		0		0	0	0	0
文章盖世	wvgu	简单鹤		1		0	0	0	0
位置共享	wvgx	简单鹤		0		0	0	0	0
物质供应	wvgy	简单鹤		0		0	0	0	0
万丈红尘	wvhi	简单鹤		0		0	0	0	0
违章超车	wvii	简单鹤		0		0	0	0	0
武装冲突	wvit	简单鹤		0		0	0	0	0
我只觉得	wvjd	简单鹤		0		0	0	0	0
物质交换	wvjh	简单鹤		0		0	0	0	0
无证驾驶	wvju	简单鹤		0		0	0	0	0
无照经营	wvjy	简单鹤		0		0	0	0	0
无证经营	wvjy	简单鹤		0		0	0	0	0
万兆宽带	wvkd	简单鹤		0		0	0	0	0
吾之蜜糖	wvmt	简单鹤		0		0	0	0	0
王之蔑视	wvmu	简单鹤		0		0	0	0	0
王者农药	wvny	简单鹤		0		0	0	0	0
文章评论	wvpl	简单鹤		0		0	0	0	0
吾之砒霜	wvpu	简单鹤		0		0	0	0	0
违章拍照	wvpv	简单鹤		0		0	0	0	0
万众期待	wvqd	简单鹤		0		0	0	0	0
武装侵略	wvql	简单鹤		0		0	0	0	0
物种起源	wvqy	简单鹤		0		0	0	0	0
武装入侵	wvrq	简单鹤		0		0	0	0	0
武装人员	wvry	简单鹤		0		0	0	0	0
违章停车	wvti	简单鹤		0		0	0	0	0
武装挑衅	wvtx	简单鹤		0		0	0	0	0
无证上岗	wvug	简单鹤		0		0	0	0	0
物质生产	wvui	简单鹤		0		0	0	0	0
物质世界	wvuj	简单鹤		0		0	0	0	0
网站设计	wvuj	简单鹤		0		0	0	0	0
胃主受纳	wvun	简单鹤		0		0	0	0	0
物质水平	wvup	简单鹤		0		0	0	0	0
无主之地	wvvd	简单鹤		0		0	0	0	0
文章指出	wvvi	简单鹤		0		0	0	0	0
为之震惊	wvvj	简单鹤		0		0	0	0	0
王者之气	wvvq	简单鹤		0		0	0	0	0
文章主题	wvvt	简单鹤		0		0	0	0	0
无职转生	wvvu	简单鹤		0		0	0	0	0
王者之师	wvvu	简单鹤		0		0	0	0	0
问这问那	wvwn	简单鹤		0		0	0	0	0
无知无畏	wvww	简单鹤		0		0	0	0	0
万中无一	wvwy	简单鹤		0		0	0	0	0
为之心动	wvxd	简单鹤		0		0	0	0	0
王者峡谷	wvxg	简单鹤		0		0	0	0	0
物质消耗	wvxh	简单鹤		0		0	0	0	0
未战先怯	wvxq	简单鹤		0		0	0	0	0
物质形态	wvxt	简单鹤		0		0	0	0	0
物质享受	wvxu	简单鹤		0		0	0	0	0
万丈雄心	wvxx	简单鹤		0		0	0	0	0
为之一亮	wvyl	简单鹤		0		0	0	0	0
外置硬盘	wvyp	简单鹤		0		0	0	0	0
未之有也	wvyy	简单鹤		0		0	0	0	0
违章作业	wvzy	简单鹤		0		0	0	0	0
文物保护	wwbh	简单鹤		0		0	0	0	0
万万不能	wwbn	简单鹤		0		0	0	0	0
威武霸气	wwbq	简单鹤		0		0	0	0	0
微微蹙眉	wwcm	简单鹤		0		0	0	0	0
微微蹙起	wwcq	简单鹤		0		0	0	0	0
哇哇大叫	wwdj	简单鹤		0		0	0	0	0
哇哇大哭	wwdk	简单鹤		0		0	0	0	0
微微点头	wwdt	简单鹤		0		0	0	0	0
唯我独醒	wwdx	简单鹤		0		0	0	0	0
文无第一	wwdy	简单鹤		0		0	0	0	0
为我而来	wwel	简单鹤		0		0	0	0	0
万物复苏	wwfs	简单鹤		0		0	0	0	0
勿忘国耻	wwgi	简单鹤		0		0	0	0	0
为我高兴	wwgx	简单鹤		0		0	0	0	0
未闻花名	wwhm	简单鹤		0		0	0	0	0
微微颤抖	wwid	简单鹤		0		0	0	0	0
往往就会	wwjh	简单鹤		0		0	0	0	0
往往就是	wwju	简单鹤		0		0	0	0	0
文物考古	wwkg	简单鹤		0		0	0	0	0
往往可以	wwky	简单鹤		0		0	0	0	0
唯唯连声	wwlu	简单鹤		1		0	0	0	0
物我两忘	wwlw	简单鹤		0		0	0	0	0
万万没有	wwmy	简单鹤		0		0	0	0	0
往往没有	wwmy	简单鹤		0		0	0	0	0
我问你答	wwnd	简单鹤		0		0	0	0	0
舞文弄法	wwnf	简单鹤		1		0	0	0	0
文物普查	wwpi	简单鹤		0		0	0	0	0
文物拍卖	wwpm	简单鹤		0		0	0	0	0
兀兀穷年	wwqn	简单鹤		0		0	0	0	0
万物起源	wwqy	简单鹤		0		0	0	0	0
无畏契约	wwqy	简单鹤		0		0	0	0	0
我为人人	wwrr	简单鹤		0		0	0	0	0
温婉柔雅	wwry	简单鹤		0		0	0	0	0
无畏时刻	wwuk	简单鹤		0		0	0	0	0
往往只能	wwvn	简单鹤		0		0	0	0	0
未为晚也	wwwy	简单鹤		0		0	0	0	0
无问西东	wwxd	简单鹤		0		0	0	0	0
威武雄壮	wwxv	简单鹤		0		0	0	0	0
往往需要	wwxy	简单鹤		0		0	0	0	0
微微一荡	wwyd	简单鹤		0		0	0	0	0
魏武遗风	wwyf	简单鹤		0		0	0	0	0
万物有灵	wwyl	简单鹤		0		0	0	0	0
微微一怔	wwyv	简单鹤		0		0	0	0	0
微微一皱	wwyv	简单鹤		0		0	0	0	0
往往因为	wwyw	简单鹤		0		0	0	0	0
微微一笑	wwyx	简单鹤		0		0	0	0	0
我问一下	wwyx	简单鹤		0		0	0	0	0
嗡嗡作响	wwzx	简单鹤		0		0	0	0	0
我想不到	wxbd	简单鹤		0		0	0	0	0
微信步数	wxbu	简单鹤		0		0	0	0	0
无限宝石	wxbu	简单鹤		0		0	0	0	0
微笑不语	wxby	简单鹤		0		0	0	0	0
妄下定论	wxdl	简单鹤		0		0	0	0	0
我想到了	wxdl	简单鹤		0		0	0	0	0
无效打码	wxdm	简单鹤		0		0	0	0	0
无限点券	wxdq	简单鹤		0		0	0	0	0
无需多说	wxdu	简单鹤		0		0	0	0	0
无形当中	wxdv	简单鹤		0		0	0	0	0
妄下断语	wxdy	简单鹤		0		0	0	0	0
无需多言	wxdy	简单鹤		0		0	0	0	0
无线耳机	wxej	简单鹤		0		0	0	0	0
无暇分身	wxfu	简单鹤		0		0	0	0	0
无性繁殖	wxfv	简单鹤		0		0	0	0	0
卫星广播	wxgb	简单鹤		0		0	0	0	0
无限感激	wxgj	简单鹤		0		0	0	0	0
无限感慨	wxgk	简单鹤		0		0	0	0	0
闻讯赶来	wxgl	简单鹤		0		0	0	0	0
维修工人	wxgr	简单鹤		0		0	0	0	0
无心过问	wxgw	简单鹤		0		0	0	0	0
乌须黑发	wxhf	简单鹤		0		0	0	0	0
无限火力	wxhl	简单鹤		0		0	0	0	0
我喜欢你	wxhn	简单鹤		0		0	0	0	0
五星好评	wxhp	简单鹤		0		0	0	0	0
微信好友	wxhy	简单鹤		0		0	0	0	0
无性婚姻	wxhy	简单鹤		0		0	0	0	0
无限重打	wxid	简单鹤		0		0	0	0	0
文学成就	wxij	简单鹤		0		0	0	0	0
维修车间	wxij	简单鹤		0		0	0	0	0
无限猖狂	wxik	简单鹤		0		0	0	0	0
无心插柳	wxil	简单鹤		0		0	0	0	0
文学常识	wxiu	简单鹤		0		0	0	0	0
无线传输	wxiu	简单鹤		0		0	0	0	0
无限进步	wxjb	简单鹤		0		0	0	0	0
无限金币	wxjb	简单鹤		0		0	0	0	0
危险境地	wxjd	简单鹤		0		0	0	0	0
维修经费	wxjf	简单鹤		0		0	0	0	0
无暇兼顾	wxjg	简单鹤		0		0	0	0	0
我想静静	wxjj	简单鹤		0		0	0	0	0
妄下结论	wxjl	简单鹤		0		0	0	0	0
无线键盘	wxjp	简单鹤		0		0	0	0	0
无线接入	wxjr	简单鹤		0		0	0	0	0
文献检索	wxjs	简单鹤		0		0	0	0	0
危险驾驶	wxju	简单鹤		0		0	0	0	0
无线键鼠	wxju	简单鹤		0		0	0	0	0
无序竞争	wxjv	简单鹤		0		0	0	0	0
无限恐怖	wxkb	简单鹤		0		0	0	0	0
无线宽带	wxkd	简单鹤		0		0	0	0	0
无懈可乘	wxki	简单鹤		0		0	0	0	0
外星科技	wxkj	简单鹤		0		0	0	0	0
无限空间	wxkj	简单鹤		0		0	0	0	0
我先看看	wxkk	简单鹤		0		0	0	0	0
文学刊物	wxkw	简单鹤		0		0	0	0	0
无限乱斗	wxld	简单鹤		0		0	0	0	0
文学理论	wxll	简单鹤		0		0	0	0	0
无限流量	wxll	简单鹤		0		0	0	0	0
往心里去	wxlq	简单鹤		0		0	0	0	0
无线路由	wxly	简单鹤		0		0	0	0	0
微笑面对	wxmd	简单鹤		0		0	0	0	0
文学名著	wxmv	简单鹤		0		0	0	0	0
我想你了	wxnl	简单鹤		0		0	0	0	0
文学批评	wxpp	简单鹤		0		0	0	0	0
无线平台	wxpt	简单鹤		0		0	0	0	0
无限热爱	wxra	简单鹤		0		0	0	0	0
维修人员	wxry	简单鹤		0		0	0	0	0
微信扫码	wxsm	简单鹤		0		0	0	0	0
完形填空	wxtk	简单鹤		0		0	0	0	0
无限体力	wxtl	简单鹤		0		0	0	0	0
温馨提示	wxtu	简单鹤		0		0	0	0	0
无限套娃	wxtw	简单鹤		0		0	0	0	0
微信头像	wxtx	简单鹤		0		0	0	0	0
万象天引	wxty	简单鹤		0		0	0	0	0
无线鼠标	wxub	简单鹤		0		0	0	0	0
我小时候	wxuh	简单鹤		0		0	0	0	0
五星上将	wxuj	简单鹤		0		0	0	0	0
五星市民	wxum	简单鹤		0		0	0	0	0
外星生命	wxum	简单鹤		0		0	0	0	0
无限生命	wxum	简单鹤		0		0	0	0	0
卫星转播	wxvb	简单鹤		0		0	0	0	0
无形装逼	wxvb	简单鹤		0		0	0	0	0
我想知道	wxvd	简单鹤		0		0	0	0	0
微信支付	wxvf	简单鹤		0		0	0	0	0
微信账号	wxvh	简单鹤		0		0	0	0	0
无心之举	wxvj	简单鹤		0		0	0	0	0
无形之手	wxvu	简单鹤		0		0	0	0	0
无心之失	wxvu	简单鹤		0		0	0	0	0
微信转账	wxvv	简单鹤		0		0	0	0	0
无形之中	wxvv	简单鹤		0		0	0	0	0
维修中心	wxvx	简单鹤		0		0	0	0	0
无心之言	wxvy	简单鹤		0		0	0	0	0
违心之言	wxvy	简单鹤		0		0	0	0	0
文学著作	wxvz	简单鹤		0		0	0	0	0
无暇之作	wxvz	简单鹤		0		0	0	0	0
无喜无悲	wxwb	简单鹤		0		0	0	0	0
无小无大	wxwd	简单鹤		0		0	0	0	0
外星文明	wxwm	简单鹤		0		0	0	0	0
无形威压	wxwy	简单鹤		0		0	0	0	0
无形无影	wxwy	简单鹤		1		0	0	0	0
卫星信号	wxxh	简单鹤		0		0	0	0	0
无限循环	wxxh	简单鹤		0		0	0	0	0
我相信你	wxxn	简单鹤		0		0	0	0	0
微信消息	wxxx	简单鹤		0		0	0	0	0
文学修养	wxxy	简单鹤		0		0	0	0	0
无限元宝	wxyb	简单鹤		0		0	0	0	0
维系于此	wxyc	简单鹤		0		0	0	0	0
无限月读	wxyd	简单鹤		0		0	0	0	0
我心永恒	wxyh	简单鹤		0		0	0	0	0
温馨一刻	wxyk	简单鹤		0		0	0	0	0
卫星云图	wxyt	简单鹤		0		0	0	0	0
微信语音	wxyy	简单鹤		0		0	0	0	0
文心一言	wxyy	简单鹤		0		0	0	0	0
无须再忍	wxzr	简单鹤		0		0	0	0	0
我现在是	wxzu	简单鹤		0		0	0	0	0
文献综述	wxzu	简单鹤		0		0	0	0	0
无限钻石	wxzu	简单鹤		0		0	0	0	0
唯一爱好	wyah	简单鹤		0		0	0	0	0
握有把柄	wybb	简单鹤		0		0	0	0	0
无一不备	wybb	简单鹤		1		0	0	0	0
我有办法	wybf	简单鹤		0		0	0	0	0
我也不会	wybh	简单鹤		0		0	0	0	0
唯一标准	wybv	简单鹤		0		0	0	0	0
无一不知	wybv	简单鹤		1		0	0	0	0
我也不想	wybx	简单鹤		0		0	0	0	0
文艺表演	wyby	简单鹤		0		0	0	0	0
无一不在	wybz	简单鹤		0		0	0	0	0
无语苍天	wyct	简单鹤		0		0	0	0	0
万用电表	wydb	简单鹤		0		0	0	0	0
谓语动词	wydc	简单鹤		0		0	0	0	0
我有点儿	wyde	简单鹤		0		0	0	0	0
我一定会	wydh	简单鹤		0		0	0	0	0
无意点开	wydk	简单鹤		0		0	0	0	0
畏影恶迹	wyej	简单鹤		1		0	0	0	0
唯一方式	wyfu	简单鹤		0		0	0	0	0
我有感觉	wygj	简单鹤		0		0	0	0	0
武艺高强	wygq	简单鹤		0		0	0	0	0
我一个人	wygr	简单鹤		0		0	0	0	0
文娱活动	wyhd	简单鹤		0		0	0	0	0
无氧呼吸	wyhx	简单鹤		0		0	0	0	0
我已出舱	wyic	简单鹤		0		0	0	0	0
五一长假	wyij	简单鹤		0		0	0	0	0
唯一出路	wyil	简单鹤		0		0	0	0	0
文艺创作	wyiz	简单鹤		0		0	0	0	0
我也觉得	wyjd	简单鹤		0		0	0	0	0
婉言拒绝	wyjj	简单鹤		0		0	0	0	0
我已急哭	wyjk	简单鹤		0		0	0	0	0
文艺节目	wyjm	简单鹤		0		0	0	0	0
我已经是	wyju	简单鹤		0		0	0	0	0
外语教学	wyjx	简单鹤		0		0	0	0	0
无药可解	wykj	简单鹤		0		0	0	0	0
网易考拉	wykl	简单鹤		0		0	0	0	0
我有可能	wykn	简单鹤		0		0	0	0	0
无药可治	wykv	简单鹤		0		0	0	0	0
唯一可行	wykx	简单鹤		0		0	0	0	0
唯一可以	wyky	简单鹤		0		0	0	0	0
无药可医	wyky	简单鹤		0		0	0	0	0
五颜六彩	wylc	简单鹤		0		0	0	0	0
未预料到	wyld	简单鹤		0		0	0	0	0
文艺理论	wyll	简单鹤		0		0	0	0	0
乌云笼罩	wylv	简单鹤		0		0	0	0	0
乌云密布	wymb	简单鹤		0		0	0	0	0
无颜面对	wymd	简单鹤		0		0	0	0	0
无意冒犯	wymf	简单鹤		0		0	0	0	0
午夜梦回	wymh	简单鹤		0		0	0	0	0
万亿美元	wymy	简单鹤		0		0	0	0	0
我也没有	wymy	简单鹤		0		0	0	0	0
唯一能够	wyng	简单鹤		0		0	0	0	0
我要闹了	wynl	简单鹤		0		0	0	0	0
无语凝噎	wyny	简单鹤		0		0	0	0	0
唯一确定	wyqd	简单鹤		0		0	0	0	0
蜿蜒起伏	wyqf	简单鹤		0		0	0	0	0
蜿蜒曲折	wyqv	简单鹤		0		0	0	0	0
无语死了	wysl	简单鹤		0		0	0	0	0
唯一所能	wysn	简单鹤		0		0	0	0	0
网页搜索	wyss	简单鹤		0		0	0	0	0
弯腰驼背	wytb	简单鹤		0		0	0	0	0
文艺团体	wytt	简单鹤		0		0	0	0	0
午夜时分	wyuf	简单鹤		0		0	0	0	0
网瘾少女	wyun	简单鹤		0		0	0	0	0
未诣世事	wyuu	简单鹤		0		0	0	0	0
文艺事业	wyuy	简单鹤		0		0	0	0	0
唯一指定	wyvd	简单鹤		0		0	0	0	0
我也知道	wyvd	简单鹤		0		0	0	0	0
闻一知二	wyve	简单鹤		1		0	0	0	0
无用之功	wyvg	简单鹤		0		0	0	0	0
握有证据	wyvj	简单鹤		0		0	0	0	0
无意之间	wyvj	简单鹤		0		0	0	0	0
妄议朝廷	wyvt	简单鹤		0		0	0	0	0
唯一真史	wyvu	简单鹤		0		0	0	0	0
唯一真神	wyvu	简单鹤		0		0	0	0	0
毋庸赘述	wyvu	简单鹤		0		0	0	0	0
乌有之乡	wyvx	简单鹤		0		0	0	0	0
网易微博	wywb	简单鹤		0		0	0	0	0
玩原玩的	wywd	简单鹤		0		0	0	0	0
网鱼网咖	wywk	简单鹤		0		0	0	0	0
我以为是	wywu	简单鹤		0		0	0	0	0
危言危行	wywx	简单鹤		1		0	0	0	0
无以为业	wywy	简单鹤		0		0	0	0	0
我也喜欢	wyxh	简单鹤		0		0	0	0	0
午夜凶铃	wyxl	简单鹤		0		0	0	0	0
无一幸免	wyxm	简单鹤		0		0	0	0	0
问一下你	wyxn	简单鹤		0		0	0	0	0
问一下他	wyxt	简单鹤		0		0	0	0	0
未予显示	wyxu	简单鹤		0		0	0	0	0
网易新闻	wyxw	简单鹤		0		0	0	0	0
问一下我	wyxw	简单鹤		0		0	0	0	0
唯一想要	wyxy	简单鹤		0		0	0	0	0
唯一选择	wyxz	简单鹤		0		0	0	0	0
唯一一次	wyyc	简单鹤		0		0	0	0	0
惟一一次	wyyc	简单鹤		0		0	0	0	0
无氧运动	wyyd	简单鹤		0		0	0	0	0
无颜以对	wyyd	简单鹤		0		0	0	0	0
唯一一个	wyyg	简单鹤		0		0	0	0	0
我有一个	wyyg	简单鹤		0		0	0	0	0
我意已决	wyyj	简单鹤		0		0	0	0	0
我有一计	wyyj	简单鹤		0		0	0	0	0
我有意见	wyyj	简单鹤		0		0	0	0	0
无以言说	wyyu	简单鹤		0		0	0	0	0
我有一种	wyyv	简单鹤		0		0	0	0	0
网易严选	wyyx	简单鹤		0		0	0	0	0
网易邮箱	wyyx	简单鹤		0		0	0	0	0
唯有责任	wyzr	简单鹤		0		0	0	0	0
我做不到	wzbd	简单鹤		0		0	0	0	0
文字表情	wzbq	简单鹤		0		0	0	0	0
文字表述	wzbu	简单鹤		0		0	0	0	0
五字不行	wzbx	简单鹤		0		0	0	0	0
污渍不行	wzbx	简单鹤		0		0	0	0	0
无责底薪	wzdx	简单鹤		0		0	0	0	0
文字符号	wzfh	简单鹤		0		0	0	0	0
物资管理	wzgl	简单鹤		0		0	0	0	0
物资公司	wzgs	简单鹤		0		0	0	0	0
物资供应	wzgy	简单鹤		0		0	0	0	0
我自己的	wzjd	简单鹤		0		0	0	0	0
五脏俱焚	wzjf	简单鹤		0		0	0	0	0
外资机构	wzjg	简单鹤		0		0	0	0	0
蜗在家里	wzjl	简单鹤		0		0	0	0	0
万字解析	wzjx	简单鹤		0		0	0	0	0
物资流通	wzlt	简单鹤		0		0	0	0	0
歪嘴龙王	wzlw	简单鹤		0		0	0	0	0
我怎么办	wzmb	简单鹤		0		0	0	0	0
文字描述	wzmu	简单鹤		0		0	0	0	0
旺仔牛奶	wznn	简单鹤		0		0	0	0	0
畏罪潜逃	wzqt	简单鹤	1522	0		0	0	0	0
我在思考	wzsk	简单鹤		0		0	0	0	0
无字天书	wztu	简单鹤		0		0	0	0	0
文字识别	wzub	简单鹤		0		0	0	0	0
无罪释放	wzuf	简单鹤		0		0	0	0	0
未做说明	wzum	简单鹤		0		0	0	0	0
文字直播	wzvb	简单鹤		0		0	0	0	0
王佐之才	wzvc	简单鹤		1		0	0	0	0
王子战法	wzvf	简单鹤		0		0	0	0	0
我尊重你	wzvn	简单鹤		0		0	0	0	0
歪嘴战神	wzvu	简单鹤		0		0	0	0	0
我在线上	wzxu	简单鹤		0		0	0	0	0
外资银行	wzyh	简单鹤		0		0	0	0	0
外在要求	wzyq	简单鹤		0		0	0	0	0
文字游戏	wzyx	简单鹤		0		0	0	0	0
畏罪自杀	wzzu	简单鹤		0		0	0	0	0
小爱同学	xatx	简单鹤		0		0	0	0	0
心爱之人	xavr	简单鹤		0		0	0	0	0
相爱相杀	xaxu	简单鹤		0		0	0	0	0
喜爱夜蒲	xayp	简单鹤		0		0	0	0	0
下半部分	xbbf	简单鹤		0		0	0	0	0
细胞表面	xbbm	简单鹤		0		0	0	0	0
宣布比赛	xbbs	简单鹤		0		0	0	0	0
雪豹闭嘴	xbbz	简单鹤		0		0	0	0	0
想不到吧	xbdb	简单鹤		0		0	0	0	0
性别对立	xbdl	简单鹤		0		0	0	0	0
细胞凋亡	xbdw	简单鹤		0		0	0	0	0
性别多元	xbdy	简单鹤		0		0	0	0	0
新兵蛋子	xbdz	简单鹤		0		0	0	0	0
相伴而行	xbeh	简单鹤		0		0	0	0	0
下不封底	xbfd	简单鹤		0		0	0	0	0
细胞分裂	xbfl	简单鹤		0		0	0	0	0
宣布放弃	xbfq	简单鹤		0		0	0	0	0
小部分人	xbfr	简单鹤		0		0	0	0	0
先别管了	xbgl	简单鹤		0		0	0	0	0
醒不过来	xbgl	简单鹤		0		0	0	0	0
行不改名	xbgm	简单鹤		0		0	0	0	0
行不更名	xbgm	简单鹤	34	0		0	0	0	0
细胞功能	xbgn	简单鹤		0		0	0	0	0
学不会了	xbhl	简单鹤		0		0	0	0	0
笑不活了	xbhl	简单鹤		0		0	0	0	0
细胞坏死	xbhs	简单鹤		0		0	0	0	0
下班很晚	xbhw	简单鹤		0		0	0	0	0
写不出来	xbil	简单鹤		0		0	0	0	0
想不出来	xbil	简单鹤		0		0	0	0	0
笑不出来	xbil	简单鹤		0		0	0	0	0
夕避长蛇	xbiu	简单鹤		0		0	0	0	0
下笔成文	xbiw	简单鹤		1		0	0	0	0
学不进去	xbjq	简单鹤		0		0	0	0	0
想必就是	xbju	简单鹤		0		0	0	0	0
西部开发	xbkf	简单鹤		0		0	0	0	0
邪不可干	xbkg	简单鹤		0		0	0	0	0
笑比哭好	xbkh	简单鹤		0		0	0	0	0
宣布开幕	xbkm	简单鹤		0		0	0	0	0
选拔考试	xbku	简单鹤		0		0	0	0	0
兴邦立国	xblg	简单鹤		1		0	0	0	0
想不明白	xbmb	简单鹤		0		0	0	0	0
心病难医	xbny	简单鹤		0		0	0	0	0
箱包皮具	xbpj	简单鹤		0		0	0	0	0
星标朋友	xbpy	简单鹤		0		0	0	0	0
选拔培养	xbpy	简单鹤		0		0	0	0	0
宣布启动	xbqd	简单鹤		0		0	0	0	0
想不清楚	xbqi	简单鹤		0		0	0	0	0
下不去口	xbqk	简单鹤		0		0	0	0	0
想不起来	xbql	简单鹤		0		0	0	0	0
下不去手	xbqu	简单鹤		0		0	0	0	0
性别歧视	xbqu	简单鹤		0		0	0	0	0
新标签页	xbqy	简单鹤		0		0	0	0	0
选拔人才	xbrc	简单鹤		0		0	0	0	0
幸不辱命	xbrm	简单鹤		0		0	0	0	0
性别认同	xbrt	简单鹤		0		0	0	0	0
选拔任用	xbry	简单鹤		0		0	0	0	0
惜兵如子	xbrz	简单鹤		0		0	0	0	0
雄霸天下	xbtx	简单鹤		0		0	0	0	0
西部数据	xbuj	简单鹤		0		0	0	0	0
先不说了	xbul	简单鹤		0		0	0	0	0
细胞水平	xbup	简单鹤		0		0	0	0	0
刑部尚书	xbuu	简单鹤		0		0	0	0	0
下不着地	xbvd	简单鹤		0		0	0	0	0
西部战区	xbvq	简单鹤		0		0	0	0	0
歇逼阵容	xbvr	简单鹤		0		0	0	0	0
小步舞曲	xbwq	简单鹤		0		0	0	0	0
幸不幸福	xbxf	简单鹤		0		0	0	0	0
习不习惯	xbxg	简单鹤		0		0	0	0	0
向壁虚构	xbxg	简单鹤		1		0	0	0	0
喜不喜欢	xbxh	简单鹤		0		0	0	0	0
想不想看	xbxk	简单鹤		0		0	0	0	0
写不下去	xbxq	简单鹤		0		0	0	0	0
学不下去	xbxq	简单鹤		0		0	0	0	0
信不信我	xbxw	简单鹤		0		0	0	0	0
希不希望	xbxw	简单鹤		0		0	0	0	0
相不相信	xbxx	简单鹤		0		0	0	0	0
下不下雨	xbxy	简单鹤		0		0	0	0	0
想不想要	xbxy	简单鹤		0		0	0	0	0
需不需要	xbxy	简单鹤		0		0	0	0	0
下辈子吧	xbzb	简单鹤		0		0	0	0	0
下班走人	xbzr	简单鹤		0		0	0	0	0
细胞增殖	xbzv	简单鹤		0		0	0	0	0
小逼崽子	xbzz	简单鹤		0		0	0	0	0
乡村爱情	xcaq	简单鹤		0		0	0	0	0
下次不敢	xcbg	简单鹤		0		0	0	0	0
心存不轨	xcbg	简单鹤		0		0	0	0	0
心存感恩	xcge	简单鹤		0		0	0	0	0
心存感激	xcgj	简单鹤		0		0	0	0	0
虚词诡说	xcgu	简单鹤		1		0	0	0	0
下次还敢	xchg	简单鹤		0		0	0	0	0
下次回家	xchj	简单鹤		0		0	0	0	0
喜从何来	xchl	简单鹤		0		0	0	0	0
心存敬畏	xcjw	简单鹤		0		0	0	0	0
心慈面善	xcmu	简单鹤		0		0	0	0	0
惜财如命	xcrm	简单鹤		0		0	0	0	0
选词填空	xctk	简单鹤		0		0	0	0	0
心存善念	xcun	简单鹤		0		0	0	0	0
下次试试	xcuu	简单鹤		0		0	0	0	0
小崔说事	xcuu	简单鹤		0		0	0	0	0
心存善意	xcuy	简单鹤		0		0	0	0	0
乡村振兴	xcvx	简单鹤		0		0	0	0	0
幸存下来	xcxl	简单鹤		0		0	0	0	0
心存希望	xcxw	简单鹤		0		0	0	0	0
下次一定	xcyd	简单鹤		0		0	0	0	0
小菜一碟	xcyd	简单鹤		0		0	0	0	0
心存疑虑	xcyl	简单鹤		0		0	0	0	0
性从业者	xcyv	简单鹤		0		0	0	0	0
下次再来	xczl	简单鹤		0		0	0	0	0
相对安静	xdaj	简单鹤		0		0	0	0	0
相对安全	xdaq	简单鹤		0		0	0	0	0
行动不便	xdbb	简单鹤		0		0	0	0	0
相当不错	xdbc	简单鹤		0		0	0	0	0
想到办法	xdbf	简单鹤		0		0	0	0	0
兄弟不和	xdbh	简单鹤		0		0	0	0	0
新的不来	xdbl	简单鹤		0		0	0	0	0
想都别想	xdbx	简单鹤		0		0	0	0	0
修订草案	xdca	简单鹤		0		0	0	0	0
消毒餐具	xdcj	简单鹤		0		0	0	0	0
许多地方	xddf	简单鹤		0		0	0	0	0
相对独立	xddl	简单鹤		0		0	0	0	0
想得倒美	xddm	简单鹤		0		0	0	0	0
寻道大千	xddq	简单鹤		0		0	0	0	0
小洞大人	xddr	简单鹤		0		0	0	0	0
闲得蛋疼	xddt	简单鹤		0		0	0	0	0
闲的蛋疼	xddt	简单鹤		0		0	0	0	0
先动的手	xddu	简单鹤		0		0	0	0	0
相对定位	xddw	简单鹤		0		0	0	0	0
新的东西	xddx	简单鹤		0		0	0	0	0
许多东西	xddx	简单鹤		0		0	0	0	0
信贷额度	xded	简单鹤		0		0	0	0	0
兄弟二人	xder	简单鹤		0		0	0	0	0
限定返场	xdfi	简单鹤		0		0	0	0	0
兄弟反目	xdfm	简单鹤		0		0	0	0	0
相当复杂	xdfz	简单鹤		0		0	0	0	0
现代国家	xdgj	简单鹤		0		0	0	0	0
许多国家	xdgj	简单鹤		0		0	0	0	0
信贷管理	xdgl	简单鹤		0		0	0	0	0
行动纲领	xdgl	简单鹤		0		0	0	0	0
相当规模	xdgm	简单鹤		0		0	0	0	0
相对公平	xdgp	简单鹤		0		0	0	0	0
心动过速	xdgs	简单鹤		0		0	0	0	0
行动规划	xdgx	简单鹤		0		0	0	0	0
心电感应	xdgy	简单鹤		0		0	0	0	0
喜得贵子	xdgz	简单鹤		0		0	0	0	0
许多工作	xdgz	简单鹤		0		0	0	0	0
心都化了	xdhl	简单鹤		0		0	0	0	0
新的活力	xdhl	简单鹤		0		0	0	0	0
先大后小	xdhx	简单鹤		0		0	0	0	0
相当程度	xdid	简单鹤		0		0	0	0	0
下得厨房	xdif	简单鹤		0		0	0	0	0
许多场合	xdih	简单鹤		0		0	0	0	0
心的出口	xdik	简单鹤		0		0	0	0	0
想得出来	xdil	简单鹤		0		0	0	0	0
笑到岔气	xdiq	简单鹤		0		0	0	0	0
新的阶段	xdjd	简单鹤		0		0	0	0	0
笑点解析	xdjx	简单鹤		0		0	0	0	0
相当困难	xdkn	简单鹤		0		0	0	0	0
许多困难	xdkn	简单鹤		0		0	0	0	0
炫动卡通	xdkt	简单鹤		0		0	0	0	0
想得开心	xdkx	简单鹤		0		0	0	0	0
新店开业	xdky	简单鹤		0		0	0	0	0
相对落后	xdlh	简单鹤		0		0	0	0	0
侠盗列车	xdli	简单鹤		0		0	0	0	0
相对来讲	xdlj	简单鹤		0		0	0	0	0
相对路径	xdlj	简单鹤		0		0	0	0	0
心都凉了	xdll	简单鹤		0		0	0	0	0
相当麻烦	xdmf	简单鹤		0		0	0	0	0
现代牧场	xdmi	简单鹤		0		0	0	0	0
闲得没事	xdmu	简单鹤		0		0	0	0	0
闲的没事	xdmu	简单鹤		0		0	0	0	0
想都没想	xdmx	简单鹤		0		0	0	0	0
相当满意	xdmy	简单鹤		0		0	0	0	0
兄弟民族	xdmz	简单鹤		0		0	0	0	0
许多年后	xdnh	简单鹤		0		0	0	0	0
吓到你了	xdnl	简单鹤		0		0	0	0	0
行动能力	xdnl	简单鹤		0		0	0	0	0
许多年来	xdnl	简单鹤		0		0	0	0	0
许多年前	xdnq	简单鹤		0		0	0	0	0
心动女生	xdnu	简单鹤		0		0	0	0	0
相当普遍	xdpb	简单鹤		0		0	0	0	0
新的篇章	xdpv	简单鹤		0		0	0	0	0
新的情况	xdqk	简单鹤		0		0	0	0	0
许多情况	xdqk	简单鹤		0		0	0	0	0
行动起来	xdql	简单鹤		0		0	0	0	0
兄弟情谊	xdqy	简单鹤		0		0	0	0	0
许多人的	xdrd	简单鹤		0		0	0	0	0
小大人儿	xdre	简单鹤		0		0	0	0	0
相当热闹	xdrn	简单鹤		0		0	0	0	0
下达任务	xdrw	简单鹤		0		0	0	0	0
相当容易	xdry	简单鹤		0		0	0	0	0
心都碎了	xdsl	简单鹤		0		0	0	0	0
虚度岁月	xdsy	简单鹤		0		0	0	0	0
想得太多	xdtd	简单鹤		0		0	0	0	0
新的台阶	xdtj	简单鹤		0		0	0	0	0
兄弟同心	xdtx	简单鹤		0		0	0	0	0
相对失败	xdub	简单鹤		0		0	0	0	0
虚度时光	xdug	简单鹤		0		0	0	0	0
小的时候	xduh	简单鹤		0		0	0	0	0
现代社会	xduh	简单鹤		0		0	0	0	0
许多时候	xduh	简单鹤		0		0	0	0	0
心底深处	xdui	简单鹤		0		0	0	0	0
许多时间	xduj	简单鹤		0		0	0	0	0
许多事情	xduq	简单鹤		0		0	0	0	0
许多事项	xdux	简单鹤		0		0	0	0	0
想得周到	xdvd	简单鹤		0		0	0	0	0
想到这儿	xdve	简单鹤		0		0	0	0	0
想到这里	xdvl	简单鹤		0		0	0	0	0
行动指南	xdvn	简单鹤		0		0	0	0	0
现代战争	xdvv	简单鹤		0		0	0	0	0
相对稳定	xdwd	简单鹤		0		0	0	0	0
休得无理	xdwl	简单鹤		0		0	0	0	0
吓到我了	xdwl	简单鹤		0		0	0	0	0
闲得无聊	xdwl	简单鹤		0		0	0	0	0
新的问题	xdwt	简单鹤		0		0	0	0	0
许多问题	xdwt	简单鹤		0		0	0	0	0
相对位置	xdwv	简单鹤		0		0	0	0	0
瞎打误撞	xdwv	简单鹤		0		0	0	0	0
兄弟相残	xdxc	简单鹤		0		0	0	0	0
先到先得	xdxd	简单鹤		0		0	0	0	0
许多许多	xdxd	简单鹤		0		0	0	0	0
兄弟媳妇	xdxf	简单鹤		0		0	0	0	0
小岛秀夫	xdxf	简单鹤		0		0	0	0	0
新的想法	xdxf	简单鹤		0		0	0	0	0
学弟学妹	xdxm	简单鹤		0		0	0	0	0
行动缓慢	xdxm	简单鹤		0		0	0	0	0
行动迅速	xdxs	简单鹤		0		0	0	0	0
相对性状	xdxv	简单鹤		0		0	0	0	0
想东想西	xdxx	简单鹤		0		0	0	0	0
先导预告	xdyg	简单鹤		0		0	0	0	0
想到一个	xdyg	简单鹤		0		0	0	0	0
新的一年	xdyn	简单鹤		0		0	0	0	0
秀得一批	xdyp	简单鹤		0		0	0	0	0
秀的一批	xdyp	简单鹤		0		0	0	0	0
小赌怡情	xdyq	简单鹤		0		0	0	0	0
许多要求	xdyq	简单鹤		0		0	0	0	0
吓得要死	xdys	简单鹤		0		0	0	0	0
闲的要死	xdys	简单鹤		0		0	0	0	0
相对一笑	xdyx	简单鹤		0		0	0	0	0
新的一页	xdyy	简单鹤		0		0	0	0	0
笑到最后	xdzh	简单鹤		0		0	0	0	0
笑得最好	xdzh	简单鹤		0		0	0	0	0
兄弟姊妹	xdzm	简单鹤		0		0	0	0	0
秀而不实	xebu	简单鹤		1		0	0	0	0
笑而不语	xeby	简单鹤		0		0	0	0	0
小额贷款	xedk	简单鹤		0		0	0	0	0
小额红包	xehb	简单鹤		0		0	0	0	0
小儿痴呆	xeid	简单鹤		0		0	0	0	0
小儿推拿	xetn	简单鹤		0		0	0	0	0
小额投资	xetz	简单鹤		0		0	0	0	0
小额支付	xevf	简单鹤		0		0	0	0	0
学而知之	xevv	简单鹤		0		0	0	0	0
小额转账	xevv	简单鹤		0		0	0	0	0
小儿夜啼	xeyt	简单鹤		0		0	0	0	0
玄而又玄	xeyx	简单鹤		0		0	0	0	0
险恶用心	xeyx	简单鹤		0		0	0	0	0
想法不错	xfbc	简单鹤		0		0	0	0	0
想法不对	xfbd	简单鹤		0		0	0	0	0
消防部门	xfbm	简单鹤		0		0	0	0	0
宪法草案	xfca	简单鹤		0		0	0	0	0
消费层次	xfcc	简单鹤		0		0	0	0	0
消防大队	xfdd	简单鹤		0		0	0	0	0
消费贷款	xfdk	简单鹤		0		0	0	0	0
兄肥弟瘦	xfdu	简单鹤		1		0	0	0	0
消费对象	xfdx	简单鹤		0		0	0	0	0
心肺复苏	xffs	简单鹤		0		0	0	0	0
消费方式	xffu	简单鹤		0		0	0	0	0
消费范围	xffw	简单鹤		0		0	0	0	0
消防官兵	xfgb	简单鹤		0		0	0	0	0
宪法规定	xfgd	简单鹤		0		0	0	0	0
消防工程	xfgi	简单鹤		0		0	0	0	0
心肺功能	xfgn	简单鹤		0		0	0	0	0
消费观念	xfgn	简单鹤		0		0	0	0	0
兴奋过头	xfgt	简单鹤		0		0	0	0	0
消费公众	xfgv	简单鹤		0		0	0	0	0
修复画笔	xfhb	简单鹤		0		0	0	0	0
宣肺化痰	xfht	简单鹤		0		0	0	0	0
心房颤动	xfid	简单鹤		0		0	0	0	0
消费产品	xfip	简单鹤		0		0	0	0	0
西方传统	xfit	简单鹤		0		0	0	0	0
修复程序	xfix	简单鹤		0		0	0	0	0
兴奋激动	xfjd	简单鹤		0		0	0	0	0
学法减分	xfjf	简单鹤		0		0	0	0	0
消费积分	xfjf	简单鹤		0		0	0	0	0
消费降级	xfjj	简单鹤		0		0	0	0	0
消费记录	xfjl	简单鹤		0		0	0	0	0
西方垄断	xfld	简单鹤		0		0	0	0	0
幸福美好	xfmh	简单鹤		0		0	0	0	0
幸福美满	xfmm	简单鹤		0		0	0	0	0
乡风民俗	xfms	简单鹤		0		0	0	0	0
西方媒体	xfmt	简单鹤		0		0	0	0	0
西方民主	xfmv	简单鹤		0		0	0	0	0
西方美学	xfmx	简单鹤		0		0	0	0	0
消费能力	xfnl	简单鹤		0		0	0	0	0
幸福平安	xfpa	简单鹤		0		0	0	0	0
心房扑动	xfpd	简单鹤		0		0	0	0	0
消费疲软	xfpr	简单鹤		0		0	0	0	0
小幅攀升	xfpu	简单鹤		0		0	0	0	0
秀翻全场	xfqi	简单鹤		0		0	0	0	0
消费群体	xfqt	简单鹤		0		0	0	0	0
消费热点	xfrd	简单鹤		0		0	0	0	0
修复软件	xfrj	简单鹤		0		0	0	0	0
幸福人生	xfru	简单鹤		0		0	0	0	0
西方人士	xfru	简单鹤		0		0	0	0	0
想法太多	xftd	简单鹤		0		0	0	0	0
消防通道	xftd	简单鹤		0		0	0	0	0
削峰填谷	xftg	简单鹤		0		0	0	0	0
幸福甜蜜	xftm	简单鹤		0		0	0	0	0
心扉停止	xftv	简单鹤		0		0	0	0	0
信奉上帝	xfud	简单鹤		0		0	0	0	0
幸福时光	xfug	简单鹤		0		0	0	0	0
西方社会	xfuh	简单鹤		0		0	0	0	0
细分市场	xfui	简单鹤		0		0	0	0	0
幸福时刻	xfuk	简单鹤		0		0	0	0	0
西风瘦码	xfum	简单鹤		0		0	0	0	0
西风瘦马	xfum	简单鹤		0		0	0	0	0
宣肺止咳	xfvk	简单鹤		0		0	0	0	0
心腹之人	xfvr	简单鹤		0		0	0	0	0
心肺骤停	xfvt	简单鹤		0		0	0	0	0
幸福指数	xfvu	简单鹤		0		0	0	0	0
心腹爪牙	xfvy	简单鹤		0		0	0	0	0
幸福无比	xfwb	简单鹤		0		0	0	0	0
西方文化	xfwh	简单鹤		0		0	0	0	0
西方文明	xfwm	简单鹤		0		0	0	0	0
小范围内	xfwn	简单鹤		0		0	0	0	0
削发为僧	xfws	简单鹤		0		0	0	0	0
消费信贷	xfxd	简单鹤		0		0	0	0	0
消费陷阱	xfxj	简单鹤		0		0	0	0	0
消费项目	xfxm	简单鹤		0		0	0	0	0
仙凡有别	xfyb	简单鹤		0		0	0	0	0
消费诱导	xfyd	简单鹤		0		0	0	0	0
幸福永久	xfyj	简单鹤		0		0	0	0	0
先发优势	xfyu	简单鹤		0		0	0	0	0
相逢一笑	xfyx	简单鹤		0		0	0	0	0
心烦意燥	xfyz	简单鹤		0		0	0	0	0
星光暗淡	xgad	简单鹤		0		0	0	0	0
星光黯淡	xgad	简单鹤		0		0	0	0	0
相关案件	xgaj	简单鹤		0		0	0	0	0
下个版本	xgbb	简单鹤		0		0	0	0	0
效果不错	xgbc	简单鹤		0		0	0	0	0
相关报道	xgbd	简单鹤		0		0	0	0	0
想个办法	xgbf	简单鹤		0		0	0	0	0
相关部分	xgbf	简单鹤		0		0	0	0	0
相关报告	xgbg	简单鹤		0		0	0	0	0
性格不合	xgbh	简单鹤		0		0	0	0	0
效果拔群	xgbq	简单鹤		0		0	0	0	0
吓个半死	xgbs	简单鹤		0		0	0	0	0
习惯不同	xgbt	简单鹤		0		0	0	0	0
响个不停	xgbt	简单鹤		0		0	0	0	0
相关标准	xgbv	简单鹤		0		0	0	0	0
性格暴躁	xgbz	简单鹤		0		0	0	0	0
修改草案	xgca	简单鹤		0		0	0	0	0
星光大道	xgdd	简单鹤		0		0	0	0	0
香菇炖鸡	xgdj	简单鹤		0		0	0	0	0
修改代码	xgdm	简单鹤		0		0	0	0	0
下岗多年	xgdn	简单鹤		0		0	0	0	0
小股敌人	xgdr	简单鹤		0		0	0	0	0
小官大贪	xgdt	简单鹤		0		0	0	0	0
想干点啥	xgdu	简单鹤		0		0	0	0	0
星光大赏	xgdu	简单鹤		0		0	0	0	0
修改方案	xgfa	简单鹤		0		0	0	0	0
行个方便	xgfb	简单鹤		0		0	0	0	0
相关法规	xgfg	简单鹤		0		0	0	0	0
相关附件	xgfj	简单鹤		0		0	0	0	0
相关反馈	xgfk	简单鹤		0		0	0	0	0
相关法律	xgfl	简单鹤		0		0	0	0	0
习惯方式	xgfu	简单鹤		0		0	0	0	0
相关规定	xggd	简单鹤		0		0	0	0	0
效果更好	xggh	简单鹤		0		0	0	0	0
橡果国际	xggj	简单鹤		0		0	0	0	0
相关管理	xggl	简单鹤		0		0	0	0	0
性格怪僻	xggp	简单鹤		0		0	0	0	0
相关工作	xggz	简单鹤		0		0	0	0	0
性感荷官	xghg	简单鹤		0		0	0	0	0
香港回归	xghg	简单鹤		0		0	0	0	0
效果很好	xghh	简单鹤		0		0	0	0	0
相关函数	xghu	简单鹤		0		0	0	0	0
辛甘化阳	xghy	简单鹤		0		0	0	0	0
像个孩子	xghz	简单鹤		0		0	0	0	0
相关成本	xgib	简单鹤		0		0	0	0	0
相关程度	xgid	简单鹤		0		0	0	0	0
相关处罚	xgif	简单鹤		0		0	0	0	0
习惯就好	xgjh	简单鹤		0		0	0	0	0
性格坚强	xgjq	简单鹤		0		0	0	0	0
小官巨贪	xgjt	简单鹤		0		0	0	0	0
相干解调	xgjt	简单鹤		0		0	0	0	0
宣告结束	xgju	简单鹤		0		0	0	0	0
小鬼僵尸	xgju	简单鹤		0		0	0	0	0
相关介绍	xgju	简单鹤		0		0	0	0	0
相隔久远	xgjy	简单鹤		0		0	0	0	0
性格急躁	xgjz	简单鹤		0		0	0	0	0
相关课程	xgki	简单鹤		0		0	0	0	0
效果控件	xgkj	简单鹤		0		0	0	0	0
性格开朗	xgkl	简单鹤		0		0	0	0	0
相关科目	xgkm	简单鹤		0		0	0	0	0
下个礼拜	xglb	简单鹤		0		0	0	0	0
雪国列车	xgli	简单鹤		0		0	0	0	0
相关链接	xglj	简单鹤		0		0	0	0	0
醒过来了	xgll	简单鹤		0		0	0	0	0
效果拉满	xglm	简单鹤		0		0	0	0	0
修改论文	xglw	简单鹤		0		0	0	0	0
想个明白	xgmb	简单鹤		0		0	0	0	0
性感模特	xgmt	简单鹤		0		0	0	0	0
宣告灭亡	xgmw	简单鹤		0		0	0	0	0
效果明显	xgmx	简单鹤		0		0	0	0	0
小鬼难缠	xgni	简单鹤		0		0	0	0	0
相关内容	xgnr	简单鹤		0		0	0	0	0
性格内向	xgnx	简单鹤		0		0	0	0	0
效果评价	xgpj	简单鹤		0		0	0	0	0
相关培训	xgpx	简单鹤		0		0	0	0	0
想个清楚	xgqi	简单鹤		0		0	0	0	0
相关情况	xgqk	简单鹤		0		0	0	0	0
相隔千里	xgql	简单鹤		0		0	0	0	0
斜杠青年	xgqn	简单鹤		0		0	0	0	0
性格气质	xgqv	简单鹤		0		0	0	0	0
性格缺陷	xgqx	简单鹤		0		0	0	0	0
相关软件	xgrj	简单鹤		0		0	0	0	0
侠骨柔情	xgrq	简单鹤		0		0	0	0	0
性格软弱	xgrr	简单鹤		0		0	0	0	0
下岗人员	xgry	简单鹤		0		0	0	0	0
相关人员	xgry	简单鹤		0		0	0	0	0
想干什么	xgsm	简单鹤		0		0	0	0	0
习惯思维	xgsw	简单鹤		0		0	0	0	0
宣告死亡	xgsw	简单鹤		0		0	0	0	0
香港同胞	xgtb	简单鹤		0		0	0	0	0
细高挑儿	xgte	简单鹤		0		0	0	0	0
相关推荐	xgtj	简单鹤		0		0	0	0	0
西瓜投手	xgtu	简单鹤		0		0	0	0	0
性格特征	xgtv	简单鹤		0		0	0	0	0
像个傻瓜	xgug	简单鹤		0		0	0	0	0
小狗失落	xgul	简单鹤		0		0	0	0	0
小鹳双拼	xgup	简单鹤		0		0	0	0	0
西瓜视频	xgup	简单鹤		0		0	0	0	0
星光闪闪	xguu	简单鹤		0		0	0	0	0
相关设施	xguu	简单鹤		0		0	0	0	0
性格爽直	xguv	简单鹤		0		0	0	0	0
相关事宜	xguy	简单鹤		0		0	0	0	0
寻根追底	xgvd	简单鹤		1		0	0	0	0
兴国之魂	xgvh	简单鹤		0		0	0	0	0
效果炸裂	xgvl	简单鹤		0		0	0	0	0
兴国之要	xgvy	简单鹤		0		0	0	0	0
先干为敬	xgwj	简单鹤		0		0	0	0	0
血管外科	xgwk	简单鹤		0		0	0	0	0
相隔万里	xgwl	简单鹤		0		0	0	0	0
性格温柔	xgwr	简单鹤		0		0	0	0	0
习惯问题	xgwt	简单鹤		0		0	0	0	0
相关网站	xgwv	简单鹤		0		0	0	0	0
霞光万丈	xgwv	简单鹤		0		0	0	0	0
性格外向	xgwx	简单鹤		0		0	0	0	0
相关文献	xgwx	简单鹤		0		0	0	0	0
相顾无言	xgwy	简单鹤		0		0	0	0	0
习惯性地	xgxd	简单鹤		0		0	0	0	0
形槁心灰	xgxh	简单鹤		1		0	0	0	0
学哥学姐	xgxj	简单鹤		0		0	0	0	0
校规校纪	xgxj	简单鹤		0		0	0	0	0
相关系数	xgxu	简单鹤		0		0	0	0	0
效果显著	xgxv	简单鹤		0		0	0	0	0
习惯行为	xgxw	简单鹤		0		0	0	0	0
相关新闻	xgxw	简单鹤		0		0	0	0	0
心肝血虚	xgxx	简单鹤		0		0	0	0	0
相关信息	xgxx	简单鹤		0		0	0	0	0
相关协议	xgxy	简单鹤		0		0	0	0	0
修改意见	xgyj	简单鹤		0		0	0	0	0
献歌一首	xgyu	简单鹤		0		0	0	0	0
性感尤物	xgyw	简单鹤		0		0	0	0	0
修改一下	xgyx	简单鹤		0		0	0	0	0
星光熠熠	xgyy	简单鹤		0		0	0	0	0
习惯做法	xgzf	简单鹤		0		0	0	0	0
相关资料	xgzl	简单鹤		0		0	0	0	0
性工作者	xgzv	简单鹤		0		0	0	0	0
相关资质	xgzv	简单鹤		0		0	0	0	0
洗个澡先	xgzx	简单鹤		0		0	0	0	0
香火不断	xhbd	简单鹤		0		0	0	0	0
循环播放	xhbf	简单鹤		0		0	0	0	0
信号不好	xhbh	简单鹤		0		0	0	0	0
消化不良	xhbl	简单鹤		0		0	0	0	0
小伙伴们	xhbm	简单鹤		0		0	0	0	0
相互帮助	xhbv	简单鹤		0		0	0	0	0
凶狠残暴	xhcb	简单鹤		0		0	0	0	0
新华词典	xhcd	简单鹤		0		0	0	0	0
星汉灿烂	xhcl	简单鹤		0		0	0	0	0
相互残杀	xhcu	简单鹤		0		0	0	0	0
西河大鼓	xhdg	简单鹤		0		0	0	0	0
消耗殆尽	xhdj	简单鹤		0		0	0	0	0
喜欢的人	xhdr	简单鹤		0		0	0	0	0
信号丢失	xhdu	简单鹤		0		0	0	0	0
心怀二意	xhey	简单鹤		0		0	0	0	0
心怀恶意	xhey	简单鹤		0		0	0	0	0
新婚夫妇	xhff	简单鹤		0		0	0	0	0
喜获丰收	xhfu	简单鹤		0		0	0	0	0
小鹤飞扬	xhfy	简单鹤		0		0	0	0	0
心怀感恩	xhge	简单鹤		0		0	0	0	0
血汗工厂	xhgi	简单鹤		0		0	0	0	0
心怀感激	xhgj	简单鹤		0		0	0	0	0
吓昏古七	xhgq	简单鹤		0		0	0	0	0
吓昏过去	xhgq	简单鹤		0		0	0	0	0
小混混儿	xhhe	简单鹤		0		0	0	0	0
信号很差	xhhi	简单鹤		0		0	0	0	0
先横后竖	xhhu	简单鹤		0		0	0	0	0
心怀好意	xhhy	简单鹤		0		0	0	0	0
向何处去	xhiq	简单鹤		0		0	0	0	0
相互承认	xhir	简单鹤		0		0	0	0	0
相互冲突	xhit	简单鹤		0		0	0	0	0
信号传输	xhiu	简单鹤		0		0	0	0	0
衔环结草	xhjc	简单鹤		1		0	0	0	0
喜欢就好	xhjh	简单鹤		0		0	0	0	0
新欢旧好	xhjh	简单鹤		0		0	0	0	0
闲话家常	xhji	简单鹤		0		0	0	0	0
相互借鉴	xhjj	简单鹤		0		0	0	0	0
信号接口	xhjk	简单鹤		0		0	0	0	0
相互交流	xhjl	简单鹤		0		0	0	0	0
先后进入	xhjr	简单鹤		0		0	0	0	0
相互竞争	xhjv	简单鹤		0		0	0	0	0
心怀侥幸	xhjx	简单鹤		0		0	0	0	0
胸怀宽广	xhkg	简单鹤		0		0	0	0	0
新婚快乐	xhkl	简单鹤		0		0	0	0	0
学会宽容	xhkr	简单鹤		0		0	0	0	0
相互克制	xhkv	简单鹤		0		0	0	0	0
心花路放	xhlf	简单鹤		0		0	0	0	0
相互了解	xhlj	简单鹤		0		0	0	0	0
羞红了脸	xhll	简单鹤		0		0	0	0	0
鲜花礼品	xhlp	简单鹤		0		0	0	0	0
信号流图	xhlt	简单鹤		0		0	0	0	0
循环论证	xhlv	简单鹤		0		0	0	0	0
相互利用	xhly	简单鹤		0		0	0	0	0
相互矛盾	xhmd	简单鹤		0		0	0	0	0
西湖美景	xhmj	简单鹤		0		0	0	0	0
心怀梦想	xhmx	简单鹤		0		0	0	0	0
循环内科	xhnk	简单鹤		0		0	0	0	0
消耗能量	xhnl	简单鹤		0		0	0	0	0
续航能力	xhnl	简单鹤		0		0	0	0	0
猩红女巫	xhnw	简单鹤		0		0	0	0	0
消耗能源	xhny	简单鹤		0		0	0	0	0
相互配合	xhph	简单鹤		0		0	0	0	0
小孩脾气	xhpq	简单鹤		0		0	0	0	0
相互碰撞	xhpv	简单鹤		0		0	0	0	0
相互区别	xhqb	简单鹤		0		0	0	0	0
信号强度	xhqd	简单鹤		0		0	0	0	0
消化器官	xhqg	简单鹤		0		0	0	0	0
玄乎其玄	xhqx	简单鹤		0		0	0	0	0
相互让步	xhrb	简单鹤		0		0	0	0	0
循环冗余	xhry	简单鹤		0		0	0	0	0
学会思考	xhsk	简单鹤		0		0	0	0	0
喜欢什么	xhsm	简单鹤		0		0	0	0	0
想喝什么	xhsm	简单鹤		0		0	0	0	0
消耗体能	xhtn	简单鹤		0		0	0	0	0
先后投入	xhtr	简单鹤		0		0	0	0	0
鲜花坦途	xhtt	简单鹤		0		0	0	0	0
相互识别	xhub	简单鹤		0		0	0	0	0
续航时间	xhuj	简单鹤		0		0	0	0	0
鲜花盛开	xhuk	简单鹤		0		0	0	0	0
西红柿面	xhum	简单鹤		0		0	0	0	0
喜欢上你	xhun	简单鹤		0		0	0	0	0
小鹤双拼	xhup	简单鹤		0		0	0	0	0
闲话少说	xhuu	简单鹤		0		0	0	0	0
先后顺序	xhux	简单鹤		0		0	0	0	0
心火上炎	xhuy	简单鹤		0		0	0	0	0
相互转告	xhvg	简单鹤		0		0	0	0	0
相互转化	xhvh	简单鹤		0		0	0	0	0
巡回展出	xhvi	简单鹤		0		0	0	0	0
相互支持	xhvi	简单鹤		0		0	0	0	0
巡回展览	xhvl	简单鹤		0		0	0	0	0
携号转网	xhvw	简单鹤		0		0	0	0	0
新婚之喜	xhvx	简单鹤		0		0	0	0	0
新婚之夜	xhvy	简单鹤		0		0	0	0	0
相互制约	xhvy	简单鹤		0		0	0	0	0
相互指责	xhvz	简单鹤		0		0	0	0	0
学海无边	xhwb	简单鹤		0		0	0	0	0
先后完成	xhwi	简单鹤		0		0	0	0	0
悬壶问世	xhwu	简单鹤		1		0	0	0	0
学会为止	xhwv	简单鹤		0		0	0	0	0
幸会幸会	xhxh	简单鹤		0		0	0	0	0
现货现卖	xhxm	简单鹤		0		0	0	0	0
相互信任	xhxr	简单鹤		0		0	0	0	0
循环小数	xhxu	简单鹤		0		0	0	0	0
玄幻小说	xhxu	简单鹤		0		0	0	0	0
相互学习	xhxx	简单鹤		0		0	0	0	0
邂逅相遇	xhxy	简单鹤		1		0	0	0	0
相互拥抱	xhyb	简单鹤		0		0	0	0	0
相互依靠	xhyk	简单鹤		0		0	0	0	0
洗护用品	xhyp	简单鹤		0		0	0	0	0
虚晃一招	xhyv	简单鹤		0		0	0	0	0
小鹤音形	xhyx	简单鹤		0		0	0	0	0
相互尊重	xhzv	简单鹤		0		0	0	0	0
消耗资源	xhzy	简单鹤		0		0	0	0	0
行程安排	xiap	简单鹤		0		0	0	0	0
行车安全	xiaq	简单鹤		0		0	0	0	0
心肠不坏	xibh	简单鹤		0		0	0	0	0
宣传部门	xibm	简单鹤		0		0	0	0	0
现场报名	xibm	简单鹤		0		0	0	0	0
西楚霸王	xibw	简单鹤		0		0	0	0	0
寻常百姓	xibx	简单鹤		0		0	0	0	0
相差不小	xibx	简单鹤		0		0	0	0	0
宣传标语	xiby	简单鹤		0		0	0	0	0
现场采访	xicf	简单鹤		0		0	0	0	0
心肠歹毒	xidd	简单鹤		0		0	0	0	0
宣传大使	xidu	简单鹤		0		0	0	0	0
先吃饭吧	xifb	简单鹤		0		0	0	0	0
小乘佛教	xifj	简单鹤		0		0	0	0	0
学成归来	xigl	简单鹤		0		0	0	0	0
小城故事	xigu	简单鹤		0		0	0	0	0
现场观众	xigv	简单鹤		0		0	0	0	0
现场工作	xigz	简单鹤		0		0	0	0	0
宣传活动	xihd	简单鹤		0		0	0	0	0
现场互动	xihd	简单鹤		0		0	0	0	0
学成回国	xihg	简单鹤		0		0	0	0	0
先尝后买	xihm	简单鹤		0		0	0	0	0
形成传统	xiit	简单鹤		0		0	0	0	0
现场解决	xijj	简单鹤		0		0	0	0	0
行车记录	xijl	简单鹤		0		0	0	0	0
现场教学	xijx	简单鹤		0		0	0	0	0
宣传口号	xikh	简单鹤		0		0	0	0	0
新春快乐	xikl	简单鹤		0		0	0	0	0
宣传力度	xild	简单鹤		0		0	0	0	0
小丑面具	ximj	简单鹤		0		0	0	0	0
香车美女	ximn	简单鹤		0		0	0	0	0
西城男孩	xinh	简单鹤		0		0	0	0	0
香肠派对	xipd	简单鹤		0		0	0	0	0
消除疲劳	xipl	简单鹤		0		0	0	0	0
现场拍卖	xipm	简单鹤		0		0	0	0	0
孝出强大	xiqd	简单鹤		0		0	0	0	0
笑出强大	xiqd	简单鹤		0		0	0	0	0
形成气候	xiqh	简单鹤		0		0	0	0	0
相处融洽	xirq	简单鹤		0		0	0	0	0
想吃什么	xism	简单鹤		0		0	0	0	0
行差踏错	xitc	简单鹤		0		0	0	0	0
宣传手册	xiuc	简单鹤		0		0	0	0	0
宣传手段	xiud	简单鹤		0		0	0	0	0
下沉市场	xiui	简单鹤		0		0	0	0	0
献出生命	xium	简单鹤		0		0	0	0	0
心弛神往	xiuw	简单鹤		1		0	0	0	0
现场收音	xiuy	简单鹤		0		0	0	0	0
相差甚远	xiuy	简单鹤		0		0	0	0	0
消除障碍	xiva	简单鹤		0		0	0	0	0
新春祝福	xivf	简单鹤		0		0	0	0	0
笑出猪叫	xivj	简单鹤		0		0	0	0	0
形成一种	xiyv	简单鹤		0		0	0	0	0
宣传作用	xizy	简单鹤		0		0	0	0	0
锈迹斑斑	xjbb	简单鹤		0		0	0	0	0
性价比低	xjbd	简单鹤		0		0	0	0	0
虚假报道	xjbd	简单鹤		0		0	0	0	0
想尽办法	xjbf	简单鹤		0		0	0	0	0
性价比高	xjbg	简单鹤		0		0	0	0	0
相交不拆	xjbi	简单鹤		0		0	0	0	0
瞎鸡巴扯	xjbi	简单鹤		0		0	0	0	0
消极比赛	xjbs	简单鹤		0		0	0	0	0
星级标准	xjbv	简单鹤		0		0	0	0	0
谢绝参观	xjcg	简单鹤		0		0	0	0	0
新旧对比	xjdb	简单鹤		0		0	0	0	0
刑警大队	xjdd	简单鹤		0		0	0	0	0
现金大奖	xjdj	简单鹤		0		0	0	0	0
先进典型	xjdx	简单鹤		0		0	0	0	0
小件东西	xjdx	简单鹤		0		0	0	0	0
心旌动摇	xjdy	简单鹤		0		0	0	0	0
相继而出	xjei	简单鹤		0		0	0	0	0
席卷而去	xjeq	简单鹤		0		0	0	0	0
消极腐败	xjfb	简单鹤		0		0	0	0	0
显尽风采	xjfc	简单鹤		0		0	0	0	0
星级饭店	xjfd	简单鹤		0		0	0	0	0
先进方法	xjff	简单鹤		0		0	0	0	0
想尽方法	xjff	简单鹤		0		0	0	0	0
孝敬父母	xjfm	简单鹤		0		0	0	0	0
现金分期	xjfq	简单鹤		0		0	0	0	0
乡级干部	xjgb	简单鹤		0		0	0	0	0
县级干部	xjgb	简单鹤		0		0	0	0	0
细菌感染	xjgr	简单鹤		0		0	0	0	0
锡接过线	xjgx	简单鹤		0		0	0	0	0
先奸后杀	xjhu	简单鹤		0		0	0	0	0
相距很远	xjhy	简单鹤		0		0	0	0	0
迅捷斥候	xjih	简单鹤		0		0	0	0	0
相继出现	xjix	简单鹤		0		0	0	0	0
星际穿越	xjiy	简单鹤		0		0	0	0	0
星级酒店	xjjd	简单鹤		0		0	0	0	0
现金奖励	xjjl	简单鹤		0		0	0	0	0
相继进入	xjjr	简单鹤		0		0	0	0	0
现金结算	xjjs	简单鹤		0		0	0	0	0
相机镜头	xjjt	简单鹤		0		0	0	0	0
先进经验	xjjy	简单鹤		0		0	0	0	0
现金交易	xjjy	简单鹤		0		0	0	0	0
胸襟开阔	xjkk	简单鹤		0		0	0	0	0
行迹可疑	xjky	简单鹤		0		0	0	0	0
星级旅馆	xjlg	简单鹤		0		0	0	0	0
嗅觉灵敏	xjlm	简单鹤		0		0	0	0	0
星际联盟	xjlm	简单鹤		0		0	0	0	0
细节拉满	xjlm	简单鹤		0		0	0	0	0
先进理念	xjln	简单鹤		0		0	0	0	0
孝敬老人	xjlr	简单鹤		0		0	0	0	0
现金流入	xjlr	简单鹤		0		0	0	0	0
星际迷航	xjmh	简单鹤		0		0	0	0	0
行将灭亡	xjmw	简单鹤		0		0	0	0	0
下降明显	xjmx	简单鹤		0		0	0	0	0
相机模组	xjmz	简单鹤		0		0	0	0	0
陷进泥土	xjnt	简单鹤		0		0	0	0	0
寻机闹事	xjnu	简单鹤		0		0	0	0	0
小键盘区	xjpq	简单鹤		0		0	0	0	0
席卷全国	xjqg	简单鹤		0		0	0	0	0
相继去世	xjqu	简单鹤		0		0	0	0	0
消极情绪	xjqx	简单鹤		0		0	0	0	0
学界泰斗	xjtd	简单鹤		0		0	0	0	0
消极态度	xjtd	简单鹤		0		0	0	0	0
选举通过	xjtg	简单鹤		0		0	0	0	0
星际拓荒	xjth	简单鹤		0		0	0	0	0
学究天人	xjtr	简单鹤		1		0	0	0	0
新旧体制	xjtv	简单鹤		0		0	0	0	0
先进设备	xjub	简单鹤		0		0	0	0	0
修脚师傅	xjuf	简单鹤		0		0	0	0	0
心机深沉	xjui	简单鹤		0		0	0	0	0
现金收入	xjur	简单鹤		0		0	0	0	0
现金收支	xjuv	简单鹤		0		0	0	0	0
相距甚远	xjuy	简单鹤		0		0	0	0	0
星际争霸	xjvb	简单鹤		0		0	0	0	0
现金支付	xjvf	简单鹤		0		0	0	0	0
小鸡啄米	xjvm	简单鹤		0		0	0	0	0
星际殖民	xjvm	简单鹤		0		0	0	0	0
现金支票	xjvp	简单鹤		0		0	0	0	0
虚骄之气	xjvq	简单鹤		0		0	0	0	0
性急之人	xjvr	简单鹤		0		0	0	0	0
席卷之势	xjvu	简单鹤		0		0	0	0	0
喜剧之王	xjvw	简单鹤		0		0	0	0	0
血溅五步	xjwb	简单鹤		0		0	0	0	0
闲极无聊	xjwl	简单鹤		0		0	0	0	0
细节问题	xjwt	简单鹤		0		0	0	0	0
新疆卫视	xjwu	简单鹤		0		0	0	0	0
现金消费	xjxf	简单鹤		0		0	0	0	0
喜剧效果	xjxg	简单鹤		0		0	0	0	0
相机型号	xjxh	简单鹤		0		0	0	0	0
虚假宣传	xjxi	简单鹤		0		0	0	0	0
许久许久	xjxj	简单鹤		0		0	0	0	0
乡间小路	xjxl	简单鹤		0		0	0	0	0
希捷银河	xjyh	简单鹤		0		0	0	0	0
新建用户	xjyh	简单鹤		0		0	0	0	0
细节优化	xjyh	简单鹤		0		0	0	0	0
蓄精养锐	xjyr	简单鹤		1		0	0	0	0
消极影响	xjyx	简单鹤		0		0	0	0	0
喜剧演员	xjyy	简单鹤		0		0	0	0	0
消极作用	xjzy	简单鹤		0		0	0	0	0
学科分类	xkfl	简单鹤		0		0	0	0	0
学科发展	xkfv	简单鹤		0		0	0	0	0
学科方向	xkfx	简单鹤		0		0	0	0	0
笑看风云	xkfy	简单鹤		0		0	0	0	0
选框工具	xkgj	简单鹤		0		0	0	0	0
先快后慢	xkhm	简单鹤		0		0	0	0	0
孝口常开	xkik	简单鹤		0		0	0	0	0
新款车型	xkix	简单鹤		0		0	0	0	0
许可进入	xkjr	简单鹤		0		0	0	0	0
小康家庭	xkjt	简单鹤		0		0	0	0	0
星空两笔	xklb	简单鹤		0		0	0	0	0
休克疗法	xklf	简单鹤		0		0	0	0	0
辛苦劳累	xkll	简单鹤		0		0	0	0	0
新开楼盘	xklp	简单鹤		0		0	0	0	0
想看哪个	xkng	简单鹤		0		0	0	0	0
小看你了	xknl	简单鹤		0		0	0	0	0
辛苦你了	xknl	简单鹤		0		0	0	0	0
学科排名	xkpm	简单鹤		0		0	0	0	0
许可权限	xkqx	简单鹤		0		0	0	0	0
虚空索敌	xksd	简单鹤		0		0	0	0	0
休克死亡	xksw	简单鹤		0		0	0	0	0
心宽体肥	xktf	简单鹤		0		0	0	0	0
新款上市	xkuu	简单鹤		0		0	0	0	0
学科知识	xkvu	简单鹤		0		0	0	0	0
辛苦辛苦	xkxk	简单鹤		0		0	0	0	0
相克相生	xkxu	简单鹤		0		0	0	0	0
先看一遍	xkyb	简单鹤		0		0	0	0	0
下课以后	xkyh	简单鹤		0		0	0	0	0
胸口一热	xkyr	简单鹤		0		0	0	0	0
心理暗示	xlau	简单鹤		0		0	0	0	0
心理安慰	xlaw	简单鹤		0		0	0	0	0
心里不安	xlba	简单鹤		0		0	0	0	0
洗了把脸	xlbl	简单鹤		0		0	0	0	0
心律不齐	xlbq	简单鹤		0		0	0	0	0
心里不忍	xlbr	简单鹤		0		0	0	0	0
心理变态	xlbt	简单鹤		0		0	0	0	0
想了半天	xlbt	简单鹤		0		0	0	0	0
血流不止	xlbv	简单鹤		0		0	0	0	0
学历层次	xlcc	简单鹤		0		0	0	0	0
下拉菜单	xlcd	简单鹤		0		0	0	0	0
行令猜拳	xlcq	简单鹤		0		0	0	0	0
心理测试	xlcu	简单鹤		0		0	0	0	0
系列丛书	xlcu	简单鹤		0		0	0	0	0
详略得当	xldd	简单鹤		0		0	0	0	0
心里打鼓	xldg	简单鹤		0		0	0	0	0
效率低下	xldx	简单鹤		0		0	0	0	0
小李飞刀	xlfd	简单鹤		0		0	0	0	0
心理负担	xlfd	简单鹤		0		0	0	0	0
下了飞机	xlfj	简单鹤		0		0	0	0	0
心里烦恼	xlfn	简单鹤		0		0	0	0	0
心裂肺炸	xlfv	简单鹤		0		0	0	0	0
贤良方正	xlfv	简单鹤		1		0	0	0	0
心理分析	xlfx	简单鹤		0		0	0	0	0
心理防线	xlfx	简单鹤		0		0	0	0	0
修理费用	xlfy	简单鹤		0		0	0	0	0
心理反应	xlfy	简单鹤		0		0	0	0	0
下列规定	xlgd	简单鹤		0		0	0	0	0
线路规划	xlgh	简单鹤		0		0	0	0	0
心灵沟通	xlgt	简单鹤		0		0	0	0	0
心灵感应	xlgy	简单鹤		0		0	0	0	0
瞎了狗眼	xlgy	简单鹤		0		0	0	0	0
洗了个澡	xlgz	简单鹤		0		0	0	0	0
想了好久	xlhj	简单鹤		0		0	0	0	0
想了很久	xlhj	简单鹤		0		0	0	0	0
训练痕迹	xlhj	简单鹤		0		0	0	0	0
心里害怕	xlhp	简单鹤		0		0	0	0	0
修炼成精	xlij	简单鹤		0		0	0	0	0
心理冲突	xlit	简单鹤		0		0	0	0	0
心理创伤	xliu	简单鹤		0		0	0	0	0
行李寄存	xljc	简单鹤		0		0	0	0	0
小鹿姐姐	xljj	简单鹤		0		0	0	0	0
心理健康	xljk	简单鹤		0		0	0	0	0
心灵鸡汤	xljt	简单鹤		0		0	0	0	0
心理建设	xlju	简单鹤		0		0	0	0	0
心理教师	xlju	简单鹤		0		0	0	0	0
心理价位	xljw	简单鹤		0		0	0	0	0
线路开关	xlkg	简单鹤		0		0	0	0	0
训练科目	xlkm	简单鹤		0		0	0	0	0
吁了口气	xlkq	简单鹤		0		0	0	0	0
吸了口气	xlkq	简单鹤		0		0	0	0	0
惜老怜贫	xllp	简单鹤		1		0	0	0	0
心理老师	xllu	简单鹤		0		0	0	0	0
小鹿乱撞	xllv	简单鹤		0		0	0	0	0
心里明白	xlmb	简单鹤		0		0	0	0	0
心里没底	xlmd	简单鹤		0		0	0	0	0
心里没谱	xlmp	简单鹤		0		0	0	0	0
心理描写	xlmx	简单鹤		0		0	0	0	0
心理年龄	xlnl	简单鹤		0		0	0	0	0
心理扭曲	xlnq	简单鹤		0		0	0	0	0
下列内容	xlnr	简单鹤		0		0	0	0	0
训练内容	xlnr	简单鹤		0		0	0	0	0
心里难受	xlnu	简单鹤		0		0	0	0	0
心理平衡	xlph	简单鹤		0		0	0	0	0
想了片刻	xlpk	简单鹤		0		0	0	0	0
系列品牌	xlpp	简单鹤		0		0	0	0	0
心理品质	xlpv	简单鹤		0		0	0	0	0
系列品种	xlpv	简单鹤		0		0	0	0	0
训练强度	xlqd	简单鹤		0		0	0	0	0
下利清谷	xlqg	简单鹤		0		0	0	0	0
心里清楚	xlqi	简单鹤		0		0	0	0	0
仙露琼浆	xlqj	简单鹤		0		0	0	0	0
响了起来	xlql	简单鹤		0		0	0	0	0
想了起来	xlql	简单鹤		0		0	0	0	0
笑了起来	xlql	简单鹤		0		0	0	0	0
下列情形	xlqx	简单鹤		0		0	0	0	0
心理倾向	xlqx	简单鹤		0		0	0	0	0
心理缺陷	xlqx	简单鹤		0		0	0	0	0
向来如此	xlrc	简单鹤		0		0	0	0	0
心理弱点	xlrd	简单鹤		0		0	0	0	0
心理素质	xlsv	简单鹤		0		0	0	0	0
小脸通红	xlth	简单鹤		0		0	0	0	0
心灵上的	xlud	简单鹤		0		0	0	0	0
心理上的	xlud	简单鹤		0		0	0	0	0
心理疏导	xlud	简单鹤		0		0	0	0	0
心乱神迷	xlum	简单鹤		0		0	0	0	0
下列事项	xlux	简单鹤		0		0	0	0	0
洗脸刷牙	xluy	简单鹤		0		0	0	0	0
心理障碍	xlva	简单鹤		0		0	0	0	0
心理准备	xlvb	简单鹤		0		0	0	0	0
醒来之后	xlvh	简单鹤		0		0	0	0	0
心里着急	xlvj	简单鹤		0		0	0	0	0
心理治疗	xlvl	简单鹤		0		0	0	0	0
心理状态	xlvt	简单鹤		0		0	0	0	0
心理战术	xlvu	简单鹤		0		0	0	0	0
下流无耻	xlwi	简单鹤		0		0	0	0	0
学历文凭	xlwp	简单鹤		0		0	0	0	0
新浪微群	xlwq	简单鹤		0		0	0	0	0
心理问题	xlwt	简单鹤		0		0	0	0	0
心理卫生	xlwu	简单鹤		0		0	0	0	0
系列文章	xlwv	简单鹤		0		0	0	0	0
下了血本	xlxb	简单鹤		0		0	0	0	0
心理性别	xlxb	简单鹤		0		0	0	0	0
新郎新娘	xlxn	简单鹤		0		0	0	0	0
戏里戏外	xlxw	简单鹤		0		0	0	0	0
心里一动	xlyd	简单鹤		0		0	0	0	0
心里有底	xlyd	简单鹤		0		0	0	0	0
心里有鬼	xlyg	简单鹤		0		0	0	0	0
想了一个	xlyg	简单鹤		0		0	0	0	0
想了一会	xlyh	简单鹤		0		0	0	0	0
心里一沉	xlyi	简单鹤		0		0	0	0	0
吸了一口	xlyk	简单鹤		0		0	0	0	0
心理压力	xlyl	简单鹤		0		0	0	0	0
旋律优美	xlym	简单鹤		0		0	0	0	0
小撸怡情	xlyq	简单鹤		0		0	0	0	0
心理因素	xlys	简单鹤		0		0	0	0	0
心理医生	xlyu	简单鹤		0		0	0	0	0
想了一下	xlyx	简单鹤		0		0	0	0	0
笑了一下	xlyx	简单鹤		0		0	0	0	0
心理阴影	xlyy	简单鹤		0		0	0	0	0
心里痒痒	xlyy	简单鹤		0		0	0	0	0
学历造假	xlzj	简单鹤		0		0	0	0	0
希腊字母	xlzm	简单鹤		0		0	0	0	0
心理咨询	xlzx	简单鹤		0		0	0	0	0
心理作用	xlzy	简单鹤		0		0	0	0	0
项目安排	xmap	简单鹤		0		0	0	0	0
性命不保	xmbb	简单鹤		0		0	0	0	0
项目编号	xmbh	简单鹤		0		0	0	0	0
项目背景	xmbj	简单鹤		0		0	0	0	0
小马宝莉	xmbl	简单鹤		0		0	0	0	0
想明白了	xmbl	简单鹤		0		0	0	0	0
血脉贲张	xmbv	简单鹤		0		0	0	0	0
羡慕不已	xmby	简单鹤		0		0	0	0	0
心脉痹阻	xmbz	简单鹤		0		0	0	0	0
项目策划	xmch	简单鹤		0		0	0	0	0
项目财务	xmcw	简单鹤		0		0	0	0	0
鲜明对比	xmdb	简单鹤		0		0	0	0	0
醒目担当	xmdd	简单鹤		0		0	0	0	0
姓名电话	xmdh	简单鹤		0		0	0	0	0
消磨殆尽	xmdj	简单鹤		0		0	0	0	0
项目对接	xmdj	简单鹤		0		0	0	0	0
小猫钓鱼	xmdy	简单鹤		0		0	0	0	0
玄冥二老	xmel	简单鹤		0		0	0	0	0
项目符号	xmfh	简单鹤		0		0	0	0	0
虚名浮利	xmfl	简单鹤		0		0	0	0	0
朽木粪土	xmft	简单鹤		1		0	0	0	0
血脉偾张	xmfv	简单鹤		0		0	0	0	0
项目费用	xmfy	简单鹤		0		0	0	0	0
小马过河	xmgh	简单鹤		0		0	0	0	0
项目工程	xmgi	简单鹤		0		0	0	0	0
选美冠军	xmgj	简单鹤		0		0	0	0	0
项目管理	xmgl	简单鹤		0		0	0	0	0
兄妹关系	xmgx	简单鹤		0		0	0	0	0
选美皇后	xmhh	简单鹤		0		0	0	0	0
先慢后快	xmhk	简单鹤		0		0	0	0	0
相貌出众	xmiv	简单鹤		0		0	0	0	0
刑满出狱	xmiy	简单鹤		0		0	0	0	0
羡慕嫉妒	xmjd	简单鹤		0		0	0	0	0
项目金额	xmje	简单鹤		0		0	0	0	0
项目介绍	xmju	简单鹤		0		0	0	0	0
血脉觉醒	xmjx	简单鹤		0		0	0	0	0
项目经验	xmjy	简单鹤		0		0	0	0	0
项目开发	xmkf	简单鹤		0		0	0	0	0
项目开工	xmkg	简单鹤		0		0	0	0	0
醒目留言	xmly	简单鹤		0		0	0	0	0
休眠模式	xmmu	简单鹤		0		0	0	0	0
项目描述	xmmu	简单鹤		0		0	0	0	0
性命难保	xmnb	简单鹤		0		0	0	0	0
项目内容	xmnr	简单鹤		0		0	0	0	0
下面那种	xmnv	简单鹤		0		0	0	0	0
下面那些	xmnx	简单鹤		0		0	0	0	0
小米平板	xmpb	简单鹤		0		0	0	0	0
相貌平凡	xmpf	简单鹤		0		0	0	0	0
项目评估	xmpg	简单鹤		0		0	0	0	0
相貌平平	xmpp	简单鹤		0		0	0	0	0
胸闷气短	xmqd	简单鹤		0		0	0	0	0
迅猛前进	xmqj	简单鹤		0		0	0	0	0
项目确认	xmqr	简单鹤		0		0	0	0	0
兄妹情深	xmqu	简单鹤		0		0	0	0	0
项目任务	xmrw	简单鹤		0		0	0	0	0
项目如下	xmrx	简单鹤		0		0	0	0	0
朽木死灰	xmsh	简单鹤		1		0	0	0	0
羡慕死了	xmsl	简单鹤		0		0	0	0	0
星鸣特工	xmtg	简单鹤		0		0	0	0	0
项目施工	xmug	简单鹤		0		0	0	0	0
小米手机	xmuj	简单鹤		0		0	0	0	0
消磨时间	xmuj	简单鹤		0		0	0	0	0
项目设计	xmuj	简单鹤		0		0	0	0	0
项目审批	xmup	简单鹤		0		0	0	0	0
项目申请	xmuq	简单鹤		0		0	0	0	0
项目主管	xmvg	简单鹤		0		0	0	0	0
项目指南	xmvn	简单鹤		0		0	0	0	0
下面这种	xmvv	简单鹤		0		0	0	0	0
谢幕之战	xmvv	简单鹤		0		0	0	0	0
下面这些	xmvx	简单鹤		0		0	0	0	0
性命之忧	xmvy	简单鹤		0		0	0	0	0
项目文档	xmwd	简单鹤		0		0	0	0	0
修满学分	xmxf	简单鹤		0		0	0	0	0
想没想过	xmxg	简单鹤		0		0	0	0	0
血脉相连	xmxl	简单鹤		0		0	0	0	0
虾米音乐	xmyl	简单鹤		0		0	0	0	0
小米有品	xmyp	简单鹤		0		0	0	0	0
小码音托	xmyt	简单鹤		0		0	0	0	0
血脉压制	xmyv	简单鹤		0		0	0	0	0
邪魅一笑	xmyx	简单鹤		0		0	0	0	0
项目责任	xmzr	简单鹤		0		0	0	0	0
喜怒哀惧	xnaj	简单鹤		0		0	0	0	0
性能不好	xnbh	简单鹤		0		0	0	0	0
性能标准	xnbv	简单鹤		0		0	0	0	0
性能表现	xnbx	简单鹤		0		0	0	0	0
性能参数	xncu	简单鹤		0		0	0	0	0
性能测试	xncu	简单鹤		0		0	0	0	0
新年广场	xngi	简单鹤		0		0	0	0	0
虚拟歌姬	xngj	简单鹤		0		0	0	0	0
性能过剩	xngu	简单鹤		0		0	0	0	0
虚拟货币	xnhb	简单鹤		0		0	0	0	0
校内活动	xnhd	简单鹤		0		0	0	0	0
小女孩儿	xnhe	简单鹤		0		0	0	0	0
小男孩儿	xnhe	简单鹤		0		0	0	0	0
虚拟环境	xnhj	简单鹤		0		0	0	0	0
新年贺卡	xnhk	简单鹤		0		0	0	0	0
先难后易	xnhy	简单鹤		0		0	0	0	0
学年成绩	xnij	简单鹤		0		0	0	0	0
虚拟产品	xnip	简单鹤		0		0	0	0	0
性能差异	xniy	简单鹤		0		0	0	0	0
虚拟键盘	xnjp	简单鹤		0		0	0	0	0
仙女落泪	xnll	简单鹤		0		0	0	0	0
虚拟内存	xnnc	简单鹤		0		0	0	0	0
像你那样	xnny	简单鹤		0		0	0	0	0
虚拟偶像	xnox	简单鹤		0		0	0	0	0
虚拟世界	xnuj	简单鹤		0		0	0	0	0
小牛双拼	xnup	简单鹤		0		0	0	0	0
虚拟商品	xnup	简单鹤		0		0	0	0	0
洗脑神曲	xnuq	简单鹤		0		0	0	0	0
虚拟社区	xnuq	简单鹤		0		0	0	0	0
虚拟主播	xnvb	简单鹤		0		0	0	0	0
新年祝福	xnvf	简单鹤		0		0	0	0	0
性能稳定	xnwd	简单鹤		0		0	0	0	0
小脑萎缩	xnws	简单鹤		0		0	0	0	0
仙女下凡	xnxf	简单鹤		0		0	0	0	0
洗脑循环	xnxh	简单鹤		0		0	0	0	0
虚拟仪器	xnyq	简单鹤		0		0	0	0	0
虚拟语气	xnyq	简单鹤		0		0	0	0	0
像你一样	xnyy	简单鹤		0		0	0	0	0
西欧国家	xogj	简单鹤		0		0	0	0	0
细皮白肉	xpbr	简单鹤		0		0	0	0	0
新品发布	xpfb	简单鹤		0		0	0	0	0
先撇后捺	xphn	简单鹤		0		0	0	0	0
小屁孩子	xphz	简单鹤		0		0	0	0	0
新品开发	xpkf	简单鹤		0		0	0	0	0
吓破了胆	xpld	简单鹤		0		0	0	0	0
小鹏汽车	xpqi	简单鹤		0		0	0	0	0
新片速递	xpsd	简单鹤		0		0	0	0	0
香飘十里	xpul	简单鹤		0		0	0	0	0
新品上市	xpuu	简单鹤		0		0	0	0	0
宣判无罪	xpwz	简单鹤		0		0	0	0	0
兴趣爱好	xqah	简单鹤		0		0	0	0	0
心情不错	xqbc	简单鹤		0		0	0	0	0
心气不高	xqbg	简单鹤		0		0	0	0	0
心情不好	xqbh	简单鹤		0		0	0	0	0
兴趣部落	xqbl	简单鹤		0		0	0	0	0
掀起波澜	xqbl	简单鹤		0		0	0	0	0
心情不爽	xqbu	简单鹤		0		0	0	0	0
寻求帮助	xqbv	简单鹤		0		0	0	0	0
性情暴躁	xqbz	简单鹤		0		0	0	0	0
需求层次	xqcc	简单鹤		0		0	0	0	0
先遣测试	xqcu	简单鹤		0		0	0	0	0
心情大好	xqdh	简单鹤		0		0	0	0	0
想起当初	xqdi	简单鹤		0		0	0	0	0
心情低落	xqdl	简单鹤		0		0	0	0	0
星球大战	xqdv	简单鹤		0		0	0	0	0
相亲对象	xqdx	简单鹤		0		0	0	0	0
心情恶劣	xqel	简单鹤		0		0	0	0	0
小区附近	xqfj	简单鹤		0		0	0	0	0
乡亲父老	xqfl	简单鹤		0		0	0	0	0
血气沸腾	xqft	简单鹤		0		0	0	0	0
心情烦躁	xqfz	简单鹤		0		0	0	0	0
兴趣广泛	xqgf	简单鹤		0		0	0	0	0
性情刚烈	xqgl	简单鹤		0		0	0	0	0
胸腔共鸣	xqgm	简单鹤		0		0	0	0	0
需求规模	xqgm	简单鹤		0		0	0	0	0
想起个事	xqgu	简单鹤		0		0	0	0	0
性情豪爽	xqhu	简单鹤		0		0	0	0	0
猩球崛起	xqjq	简单鹤		0		0	0	0	0
性情急躁	xqjz	简单鹤		0		0	0	0	0
心情开朗	xqkl	简单鹤		0		0	0	0	0
想起来的	xqld	简单鹤		0		0	0	0	0
需求量大	xqld	简单鹤		0		0	0	0	0
想起来了	xqll	简单鹤		0		0	0	0	0
辛勤劳作	xqlz	简单鹤		0		0	0	0	0
凶禽猛兽	xqmu	简单鹤		0		0	0	0	0
兴趣浓厚	xqnh	简单鹤		0		0	0	0	0
辛勤努力	xqnl	简单鹤		0		0	0	0	0
香气浓郁	xqny	简单鹤		0		0	0	0	0
戏曲频道	xqpd	简单鹤		0		0	0	0	0
仙气飘飘	xqpp	简单鹤		0		0	0	0	0
心情澎湃	xqpp	简单鹤		0		0	0	0	0
小区配套	xqpt	简单鹤		0		0	0	0	0
喜庆气氛	xqqf	简单鹤		0		0	0	0	0
学期期末	xqqm	简单鹤		0		0	0	0	0
兴趣全无	xqqw	简单鹤		0		0	0	0	0
心情日记	xqrj	简单鹤		0		0	0	0	0
兴趣索然	xqsr	简单鹤		0		0	0	0	0
星穹铁道	xqtd	简单鹤		0		0	0	0	0
心气挺高	xqtg	简单鹤		0		0	0	0	0
消遣时间	xquj	简单鹤		0		0	0	0	0
兴趣使然	xqur	简单鹤		0		0	0	0	0
新奇事物	xquw	简单鹤		0		0	0	0	0
限期完成	xqwi	简单鹤		0		0	0	0	0
喜迁新居	xqxj	简单鹤		0		0	0	0	0
香气袭人	xqxr	简单鹤		0		0	0	0	0
兴趣相投	xqxt	简单鹤		0		0	0	0	0
洗清嫌疑	xqxy	简单鹤		0		0	0	0	0
兴趣小组	xqxz	简单鹤		0		0	0	0	0
心情愉悦	xqyy	简单鹤		0		0	0	0	0
稀缺资源	xqzy	简单鹤		0		0	0	0	0
先人板板	xrbb	简单鹤		0		0	0	0	0
新人报到	xrbd	简单鹤		0		0	0	0	0
写入保护	xrbh	简单鹤		0		0	0	0	0
显然不能	xrbn	简单鹤		0		0	0	0	0
显然不同	xrbt	简单鹤		0		0	0	0	0
显然不是	xrbu	简单鹤		0		0	0	0	0
新人爆照	xrbv	简单鹤		0		0	0	0	0
显然不行	xrbx	简单鹤		0		0	0	0	0
显然错误	xrcw	简单鹤		0		0	0	0	0
熏肉大饼	xrdb	简单鹤		0		0	0	0	0
羞人答答	xrdd	简单鹤		1		0	0	0	0
陷入低谷	xrdg	简单鹤		0		0	0	0	0
陷入低迷	xrdm	简单鹤		0		0	0	0	0
欣然答应	xrdy	简单鹤		0		0	0	0	0
小人儿书	xreu	简单鹤		0		0	0	0	0
血肉丰满	xrfm	简单鹤		0		0	0	0	0
细如发丝	xrfs	简单鹤		0		0	0	0	0
形容缟素	xrgs	简单鹤		0		0	0	0	0
新人红包	xrhb	简单鹤		0		0	0	0	0
陷入昏迷	xrhm	简单鹤		0		0	0	0	0
显然很难	xrhn	简单鹤		0		0	0	0	0
信任程度	xrid	简单鹤		0		0	0	0	0
陷入沉默	xrim	简单鹤		0		0	0	0	0
陷入沉思	xris	简单鹤		0		0	0	0	0
陷入重围	xriw	简单鹤		0		0	0	0	0
陷入绝境	xrjj	简单鹤		0		0	0	0	0
欣然接受	xrju	简单鹤		0		0	0	0	0
陷入绝望	xrjw	简单鹤		0		0	0	0	0
形容枯槁	xrkg	简单鹤		1		0	0	0	0
陷入困惑	xrkh	简单鹤		0		0	0	0	0
形如枯木	xrkm	简单鹤		0		0	0	0	0
陷入困难	xrkn	简单鹤		0		0	0	0	0
血肉苦弱	xrkr	简单鹤		0		0	0	0	0
吸入疗法	xrlf	简单鹤		0		0	0	0	0
性如烈火	xrlh	简单鹤		0		0	0	0	0
陷入两难	xrln	简单鹤		0		0	0	0	0
陷入矛盾	xrmd	简单鹤		0		0	0	0	0
陷入麻烦	xrmf	简单鹤		0		0	0	0	0
心如明镜	xrmj	简单鹤		0		0	0	0	0
闲人免进	xrmj	简单鹤		0		0	0	0	0
笑容凝固	xrng	简单鹤		0		0	0	0	0
渲染农场	xrni	简单鹤		0		0	0	0	0
现任男友	xrny	简单鹤		0		0	0	0	0
陷入其中	xrqv	简单鹤		0		0	0	0	0
戏如人生	xrru	简单鹤		0		0	0	0	0
心如死水	xrsu	简单鹤		0		0	0	0	0
陷入停顿	xrtd	简单鹤		0		0	0	0	0
陷入痛苦	xrtk	简单鹤		0		0	0	0	0
心如铁石	xrtu	简单鹤		1		0	0	0	0
欣然同意	xrty	简单鹤		0		0	0	0	0
虾仁猪心	xrvx	简单鹤		0		0	0	0	0
笑容转移	xrvy	简单鹤		0		0	0	0	0
信任危机	xrwj	简单鹤		0		0	0	0	0
写入文件	xrwj	简单鹤		0		0	0	0	0
陷入危机	xrwj	简单鹤		0		0	0	0	0
细如蚊呐	xrwn	简单鹤		0		0	0	0	0
细若蚊呐	xrwn	简单鹤		0		0	0	0	0
陷入误区	xrwq	简单鹤		0		0	0	0	0
雪人兄弟	xrxd	简单鹤		0		0	0	0	0
笑容消失	xrxu	简单鹤		0		0	0	0	0
旭日阳刚	xryg	简单鹤		0		0	0	0	0
闲人一个	xryg	简单鹤		0		0	0	0	0
昔人已去	xryq	简单鹤		0		0	0	0	0
细若游丝	xrys	简单鹤		0		0	0	0	0
夏日炎炎	xryy	简单鹤	905	0		0	0	0	0
挟私报复	xsbf	简单鹤		0		0	0	0	0
心思不好	xsbh	简单鹤		0		0	0	0	0
见素抱朴	xsbp	简单鹤		1		0	0	0	0
形色仓皇	xsch	简单鹤		1		0	0	0	0
心思单纯	xsdi	简单鹤		0		0	0	0	0
想死的心	xsdx	简单鹤		0		0	0	0	0
迅速恶化	xseh	简单鹤		0		0	0	0	0
迅速反应	xsfy	简单鹤		0		0	0	0	0
吓死个人	xsgr	简单鹤		0		0	0	0	0
险死还生	xshu	简单鹤		0		0	0	0	0
相思成灾	xsiz	简单鹤		0		0	0	0	0
细思极恐	xsjk	简单鹤		0		0	0	0	0
心似狂潮	xski	简单鹤		0		0	0	0	0
夕死可矣	xsky	简单鹤		0		0	0	0	0
像素墨镜	xsmj	简单鹤		0		0	0	0	0
想死你了	xsnl	简单鹤		0		0	0	0	0
稀松平常	xspi	简单鹤		0		0	0	0	0
心素如简	xsrj	简单鹤		0		0	0	0	0
吓死人了	xsrl	简单鹤		0		0	0	0	0
心丧若死	xsrs	简单鹤		0		0	0	0	0
闲散人员	xsry	简单鹤		0		0	0	0	0
心碎时刻	xsuk	简单鹤		0		0	0	0	0
心思慎密	xsum	简单鹤		0		0	0	0	0
相似之处	xsvi	简单鹤		0		0	0	0	0
心思缜密	xsvm	简单鹤		0		0	0	0	0
悬丝诊脉	xsvm	简单鹤		0		0	0	0	0
吓死我了	xswl	简单鹤		0		0	0	0	0
孝死我了	xswl	简单鹤		0		0	0	0	0
笑死我了	xswl	简单鹤		0		0	0	0	0
迅速行动	xsxd	简单鹤		0		0	0	0	0
细丝细纱	xsxu	简单鹤		0		0	0	0	0
像素游戏	xsyx	简单鹤		0		0	0	0	0
迅速增加	xszj	简单鹤		0		0	0	0	0
窸窣作响	xszx	简单鹤		0		0	0	0	0
系统安全	xtaq	简单鹤		0		0	0	0	0
相同部分	xtbf	简单鹤		0		0	0	0	0
协同办公	xtbg	简单鹤		0		0	0	0	0
心态不好	xtbh	简单鹤		0		0	0	0	0
心态崩溃	xtbk	简单鹤		0		0	0	0	0
系统崩溃	xtbk	简单鹤		0		0	0	0	0
心态崩了	xtbl	简单鹤		0		0	0	0	0
系统变量	xtbl	简单鹤		0		0	0	0	0
协调部门	xtbm	简单鹤		0		0	0	0	0
虚头巴脑	xtbn	简单鹤		0		0	0	0	0
心态崩塌	xtbt	简单鹤		0		0	0	0	0
心态爆炸	xtbv	简单鹤		0		0	0	0	0
喜头悲尾	xtbw	简单鹤		0		0	0	0	0
雄图霸业	xtby	简单鹤		0		0	0	0	0
系统词库	xtck	简单鹤		0		0	0	0	0
系统参数	xtcu	简单鹤		0		0	0	0	0
系统测试	xtcu	简单鹤		0		0	0	0	0
夏天的风	xtdf	简单鹤		0		0	0	0	0
心头大患	xtdh	简单鹤		0		0	0	0	0
系统代理	xtdl	简单鹤		0		0	0	0	0
相同的人	xtdr	简单鹤		0		0	0	0	0
心头荡漾	xtdy	简单鹤		0		0	0	0	0
兴头儿上	xteu	简单鹤		0		0	0	0	0
系统繁忙	xtfm	简单鹤		0		0	0	0	0
膝跳反射	xtfu	简单鹤		0		0	0	0	0
系统分析	xtfx	简单鹤		0		0	0	0	0
膝跳反应	xtfy	简单鹤		0		0	0	0	0
协调沟通	xtgt	简单鹤		0		0	0	0	0
心头火起	xthq	简单鹤		0		0	0	0	0
系统函数	xthu	简单鹤		0		0	0	0	0
信托产品	xtip	简单鹤		0		0	0	0	0
系统程序	xtix	简单鹤		0		0	0	0	0
信托计划	xtjh	简单鹤		0		0	0	0	0
信托基金	xtjj	简单鹤		0		0	0	0	0
心跳加快	xtjk	简单鹤		0		0	0	0	0
心跳加速	xtjs	简单鹤		0		0	0	0	0
协调机制	xtjv	简单鹤		0		0	0	0	0
相同价位	xtjw	简单鹤		0		0	0	0	0
系统逻辑	xtlj	简单鹤		0		0	0	0	0
形同陌路	xtml	简单鹤		0		0	0	0	0
系统目录	xtml	简单鹤		0		0	0	0	0
像他那样	xtny	简单鹤		0		0	0	0	0
像它那样	xtny	简单鹤		0		0	0	0	0
协调配合	xtph	简单鹤		0		0	0	0	0
心态平和	xtph	简单鹤		0		0	0	0	0
系统平台	xtpt	简单鹤		0		0	0	0	0
系统配置	xtpv	简单鹤		0		0	0	0	0
系统培训	xtpx	简单鹤		0		0	0	0	0
乡土情结	xtqj	简单鹤		0		0	0	0	0
协调起来	xtql	简单鹤		0		0	0	0	0
系统全面	xtqm	简单鹤		0		0	0	0	0
系统日期	xtrq	简单鹤		0		0	0	0	0
心态失衡	xtuh	简单鹤		0		0	0	0	0
相谈甚欢	xtuh	简单鹤		0		0	0	0	0
系统时间	xtuj	简单鹤		0		0	0	0	0
系统说明	xtum	简单鹤		0		0	0	0	0
系统之家	xtvj	简单鹤		0		0	0	0	0
心态炸了	xtvl	简单鹤		0		0	0	0	0
小摊小贩	xtxf	简单鹤		0		0	0	0	0
系统修复	xtxf	简单鹤		0		0	0	0	0
系统性能	xtxn	简单鹤		0		0	0	0	0
协同效应	xtxy	简单鹤		0		0	0	0	0
心头一动	xtyd	简单鹤		0		0	0	0	0
心头一热	xtyr	简单鹤		0		0	0	0	0
心头一跳	xtyt	简单鹤		0		0	0	0	0
协调一致	xtyv	简单鹤		0		0	0	0	0
像他一样	xtyy	简单鹤		0		0	0	0	0
像她一样	xtyy	简单鹤		0		0	0	0	0
像它一样	xtyy	简单鹤		0		0	0	0	0
系统组件	xtzj	简单鹤		0		0	0	0	0
协同作战	xtzv	简单鹤		0		0	0	0	0
协同作用	xtzy	简单鹤		0		0	0	0	0
系统资源	xtzy	简单鹤		0		0	0	0	0
学术不端	xubd	简单鹤		0		0	0	0	0
学术报告	xubg	简单鹤		0		0	0	0	0
新手保护	xubh	简单鹤		0		0	0	0	0
显示不出	xubi	简单鹤		0		0	0	0	0
携手并进	xubj	简单鹤		0		0	0	0	0
消失不见	xubj	简单鹤		0		0	0	0	0
显示不了	xubl	简单鹤		0		0	0	0	0
消受不起	xubq	简单鹤		0		0	0	0	0
先手必胜	xubu	简单鹤		0		0	0	0	0
西蜀霸王	xubw	简单鹤		0		0	0	0	0
先手必赢	xuby	简单鹤		0		0	0	0	0
形式参数	xucu	简单鹤		0		0	0	0	0
限时促销	xucx	简单鹤		0		0	0	0	0
小说大纲	xudg	简单鹤		0		0	0	0	0
小数点后	xudh	简单鹤		0		0	0	0	0
形势大好	xudh	简单鹤		0		0	0	0	0
学术妲己	xudj	简单鹤		0		0	0	0	0
新神登基	xudj	简单鹤		0		0	0	0	0
消失殆尽	xudj	简单鹤		0		0	0	0	0
新手大礼	xudl	简单鹤		0		0	0	0	0
销售地区	xudq	简单鹤		0		0	0	0	0
限时点券	xudq	简单鹤		0		0	0	0	0
想说的是	xudu	简单鹤		0		0	0	0	0
下属单位	xudw	简单鹤		0		0	0	0	0
先生大义	xudy	简单鹤		0		0	0	0	0
销售份额	xufe	简单鹤		0		0	0	0	0
雪山飞狐	xufh	简单鹤		0		0	0	0	0
刑事法律	xufl	简单鹤		0		0	0	0	0
形势发展	xufv	简单鹤		0		0	0	0	0
学术氛围	xufw	简单鹤		0		0	0	0	0
学术访问	xufw	简单鹤		0		0	0	0	0
学生干部	xugb	简单鹤		0		0	0	0	0
下水管道	xugd	简单鹤		0		0	0	0	0
悉数归还	xugh	简单鹤		0		0	0	0	0
先手攻击	xugj	简单鹤		0		0	0	0	0
心生感慨	xugk	简单鹤		0		0	0	0	0
行事诡秘	xugm	简单鹤		0		0	0	0	0
学生公寓	xugy	简单鹤		0		0	0	0	0
小事化大	xuhd	简单鹤		0		0	0	0	0
厢式货车	xuhi	简单鹤		0		0	0	0	0
销售合同	xuht	简单鹤		0		0	0	0	0
斜升函数	xuhu	简单鹤		0		0	0	0	0
学生会长	xuhv	简单鹤		0		0	0	0	0
心神合一	xuhy	简单鹤		0		0	0	0	0
刑事处罚	xuif	简单鹤		0		0	0	0	0
学术成就	xuij	简单鹤		0		0	0	0	0
显示出了	xuil	简单鹤		0		0	0	0	0
携手出线	xuix	简单鹤		0		0	0	0	0
形神兼备	xujb	简单鹤		0		0	0	0	0
销售金额	xuje	简单鹤		0		0	0	0	0
新手教程	xuji	简单鹤		0		0	0	0	0
协商解决	xujj	简单鹤		0		0	0	0	0
形神俱灭	xujm	简单鹤		0		0	0	0	0
向上兼容	xujr	简单鹤		0		0	0	0	0
学术价值	xujv	简单鹤		0		0	0	0	0
学生家长	xujv	简单鹤		0		0	0	0	0
新手教学	xujx	简单鹤		0		0	0	0	0
心生惧意	xujy	简单鹤		0		0	0	0	0
销售客户	xukh	简单鹤		0		0	0	0	0
现实可能	xukn	简单鹤		0		0	0	0	0
学术刊物	xukw	简单鹤		0		0	0	0	0
新手礼包	xulb	简单鹤		0		0	0	0	0
现实落差	xuli	简单鹤		0		0	0	0	0
学术垃圾	xulj	简单鹤		0		0	0	0	0
喜事连连	xull	简单鹤		0		0	0	0	0
销售利润	xulr	简单鹤		0		0	0	0	0
学术论坛	xult	简单鹤		0		0	0	0	0
限时免费	xumf	简单鹤		0		0	0	0	0
欣赏美景	xumj	简单鹤		0		0	0	0	0
消声灭迹	xumj	简单鹤		1		0	0	0	0
限时秒杀	xumu	简单鹤		0		0	0	0	0
显示内存	xunc	简单鹤		0		0	0	0	0
小说女主	xunv	简单鹤		0		0	0	0	0
小说男主	xunv	简单鹤		0		0	0	0	0
信守诺言	xuny	简单鹤		0		0	0	0	0
销售排行	xuph	简单鹤		0		0	0	0	0
小睡片刻	xupk	简单鹤		0		0	0	0	0
羡煞旁人	xupr	简单鹤		0		0	0	0	0
销售平台	xupt	简单鹤		0		0	0	0	0
学生培训	xupx	简单鹤		0		0	0	0	0
下手轻点	xuqd	简单鹤		0		0	0	0	0
销售渠道	xuqd	简单鹤		0		0	0	0	0
先生千古	xuqg	简单鹤		0		0	0	0	0
限时抢购	xuqg	简单鹤		0		0	0	0	0
向上取整	xuqv	简单鹤		0		0	0	0	0
学术欺诈	xuqv	简单鹤		0		0	0	0	0
携手前行	xuqx	简单鹤		0		0	0	0	0
现实如此	xurc	简单鹤		0		0	0	0	0
惜时如金	xurj	简单鹤		0		0	0	0	0
显示日期	xurq	简单鹤		0		0	0	0	0
项上人头	xurt	简单鹤		0		0	0	0	0
新手任务	xurw	简单鹤		0		0	0	0	0
学生入学	xurx	简单鹤		0		0	0	0	0
销售人员	xury	简单鹤		0		0	0	0	0
形势所迫	xusp	简单鹤		0		0	0	0	0
学术搜索	xuss	简单鹤		0		0	0	0	0
学生宿舍	xusu	简单鹤		0		0	0	0	0
学术思想	xusx	简单鹤		0		0	0	0	0
悉数退回	xuth	简单鹤		0		0	0	0	0
限时特惠	xuth	简单鹤		0		0	0	0	0
学术讨论	xutl	简单鹤		0		0	0	0	0
相识太晚	xutw	简单鹤		0		0	0	0	0
学生时代	xuud	简单鹤		0		0	0	0	0
小声说道	xuud	简单鹤		0		0	0	0	0
吸收水分	xuuf	简单鹤		0		0	0	0	0
销售市场	xuui	简单鹤		0		0	0	0	0
显示数据	xuuj	简单鹤		0		0	0	0	0
现实世界	xuuj	简单鹤		0		0	0	0	0
新手上路	xuul	简单鹤		0		0	0	0	0
学术水平	xuup	简单鹤		0		0	0	0	0
学生社团	xuut	简单鹤		0		0	0	0	0
学生食堂	xuut	简单鹤		0		0	0	0	0
学生守则	xuuz	简单鹤		0		0	0	0	0
吸收障碍	xuva	简单鹤		0		0	0	0	0
新手装备	xuvb	简单鹤		0		0	0	0	0
销售指标	xuvb	简单鹤		0		0	0	0	0
稀世之才	xuvc	简单鹤		0		0	0	0	0
限时折扣	xuvk	简单鹤		0		0	0	0	0
学术争鸣	xuvm	简单鹤		0		0	0	0	0
稀世珍品	xuvp	简单鹤		0		0	0	0	0
行使职权	xuvq	简单鹤		0		0	0	0	0
学术专著	xuvv	简单鹤		0		0	0	0	0
销售中心	xuvx	简单鹤		0		0	0	0	0
销售专员	xuvy	简单鹤		0		0	0	0	0
销售网点	xuwd	简单鹤		0		0	0	0	0
销售网络	xuwl	简单鹤		0		0	0	0	0
欣生恶死	xuws	简单鹤		0		0	0	0	0
享受舞台	xuwt	简单鹤		0		0	0	0	0
学生姓名	xuxm	简单鹤		0		0	0	0	0
形势喜人	xuxr	简单鹤		0		0	0	0	0
喜上心头	xuxt	简单鹤		0		0	0	0	0
学士学位	xuxw	简单鹤		0		0	0	0	0
牺牲小我	xuxw	简单鹤		0		0	0	0	0
学识渊博	xuyb	简单鹤		1		0	0	0	0
新生婴儿	xuye	简单鹤		0		0	0	0	0
欣赏音乐	xuyl	简单鹤		0		0	0	0	0
血手幽灵	xuyl	简单鹤		0		0	0	0	0
嘘声一片	xuyp	简单鹤		0		0	0	0	0
行胜于言	xuyy	简单鹤		0		0	0	0	0
学术造假	xuzj	简单鹤		0		0	0	0	0
小说作家	xuzj	简单鹤		0		0	0	0	0
牺牲自己	xuzj	简单鹤		0		0	0	0	0
销售总监	xuzj	简单鹤		0		0	0	0	0
洗刷罪名	xuzm	简单鹤		0		0	0	0	0
绣十字绣	xuzx	简单鹤		0		0	0	0	0
学术自由	xuzy	简单鹤		0		0	0	0	0
小众爱好	xvah	简单鹤		0		0	0	0	0
兴致盎然	xvar	简单鹤		0		0	0	0	0
心中暗喜	xvax	简单鹤		0		0	0	0	0
西装暴徒	xvbt	简单鹤		0		0	0	0	0
西装笔挺	xvbt	简单鹤		0		0	0	0	0
显著标志	xvbv	简单鹤		0		0	0	0	0
限制登录	xvdl	简单鹤		0		0	0	0	0
心中大怒	xvdn	简单鹤		0		0	0	0	0
谐振电容	xvdr	简单鹤		0		0	0	0	0
显著地位	xvdw	简单鹤		0		0	0	0	0
行政单位	xvdw	简单鹤		0		0	0	0	0
悬着的心	xvdx	简单鹤		0		0	0	0	0
性质恶劣	xvel	简单鹤		0		0	0	0	0
行政法规	xvfg	简单鹤		0		0	0	0	0
行政复议	xvfy	简单鹤		0		0	0	0	0
肖战哥哥	xvgg	简单鹤		0		0	0	0	0
先涨后降	xvhj	简单鹤		0		0	0	0	0
行政处罚	xvif	简单鹤		0		0	0	0	0
寻找出路	xvil	简单鹤		0		0	0	0	0
行政机构	xvjg	简单鹤		0		0	0	0	0
寻找机会	xvjh	简单鹤		0		0	0	0	0
心智健全	xvjq	简单鹤		0		0	0	0	0
星之卡比	xvkb	简单鹤		0		0	0	0	0
西装领带	xvld	简单鹤		0		0	0	0	0
谢主隆恩	xvle	简单鹤		0		0	0	0	0
谢主龙恩	xvle	简单鹤		0		0	0	0	0
先兆流产	xvli	简单鹤		0		0	0	0	0
笑着流泪	xvll	简单鹤		0		0	0	0	0
限制名单	xvmd	简单鹤		0		0	0	0	0
贤者模式	xvmu	简单鹤		0		0	0	0	0
闲着没事	xvmu	简单鹤		0		0	0	0	0
细斟慢酌	xvmv	简单鹤		0		0	0	0	0
小猪佩奇	xvpq	简单鹤		0		0	0	0	0
兴致缺缺	xvqq	简单鹤		0		0	0	0	0
险中求胜	xvqu	简单鹤		0		0	0	0	0
心止如水	xvru	简单鹤		0		0	0	0	0
行政人员	xvry	简单鹤		0		0	0	0	0
心中所想	xvsx	简单鹤		0		0	0	0	0
心之所向	xvsx	简单鹤		0		0	0	0	0
形状图层	xvtc	简单鹤		0		0	0	0	0
显著特点	xvtd	简单鹤		0		0	0	0	0
下肢瘫痪	xvth	简单鹤		0		0	0	0	0
笑着说道	xvud	简单鹤		0		0	0	0	0
细枝硕果	xvug	简单鹤		0		0	0	0	0
贤者时间	xvuj	简单鹤		0		0	0	0	0
限制时间	xvuj	简单鹤		0		0	0	0	0
贤者时刻	xvuk	简单鹤		0		0	0	0	0
心主神明	xvum	简单鹤		0		0	0	0	0
心主血脉	xvxm	简单鹤		0		0	0	0	0
想着想着	xvxv	简单鹤		0		0	0	0	0
先这样吧	xvyb	简单鹤		0		0	0	0	0
心中一动	xvyd	简单鹤		0		0	0	0	0
心中有愧	xvyk	简单鹤		0		0	0	0	0
先这样了	xvyl	简单鹤		0		0	0	0	0
小酌怡情	xvyq	简单鹤		0		0	0	0	0
心中一热	xvyr	简单鹤		0		0	0	0	0
心中一痛	xvyt	简单鹤		0		0	0	0	0
心中一跳	xvyt	简单鹤		0		0	0	0	0
象征意义	xvyy	简单鹤		0		0	0	0	0
行止坐卧	xvzw	简单鹤		0		0	0	0	0
兴味盎然	xwar	简单鹤		0		0	0	0	0
希望不大	xwbd	简单鹤		0		0	0	0	0
下午崩溃	xwbk	简单鹤		0		0	0	0	0
新闻标题	xwbt	简单鹤		0		0	0	0	0
行为标准	xwbv	简单鹤		0		0	0	0	0
下无寸土	xwct	简单鹤		0		0	0	0	0
幸无大碍	xwda	简单鹤		0		0	0	0	0
纤维蛋白	xwdb	简单鹤		0		0	0	0	0
希望得到	xwdd	简单鹤		0		0	0	0	0
新王登基	xwdj	简单鹤		0		0	0	0	0
新闻动态	xwdt	简单鹤		0		0	0	0	0
新闻单位	xwdw	简单鹤		0		0	0	0	0
心无二想	xwex	简单鹤		0		0	0	0	0
心无二意	xwey	简单鹤		0		0	0	0	0
新闻发布	xwfb	简单鹤		0		0	0	0	0
行为方式	xwfu	简单鹤		0		0	0	0	0
新闻服务	xwfw	简单鹤		0		0	0	0	0
新闻广播	xwgb	简单鹤		0		0	0	0	0
行为规范	xwgf	简单鹤		0		0	0	0	0
新闻公告	xwgg	简单鹤		0		0	0	0	0
行为古怪	xwgg	简单鹤		0		0	0	0	0
新闻稿件	xwgj	简单鹤		0		0	0	0	0
行为乖张	xwgv	简单鹤		0		0	0	0	0
新闻工作	xwgz	简单鹤		0		0	0	0	0
校外活动	xwhd	简单鹤		0		0	0	0	0
先外后内	xwhn	简单鹤		0		0	0	0	0
向往和平	xwhp	简单鹤		0		0	0	0	0
细微差别	xwib	简单鹤		0		0	0	0	0
新闻传媒	xwim	简单鹤		0		0	0	0	0
行伍出身	xwiu	简单鹤		0		0	0	0	0
希望成为	xwiw	简单鹤		0		0	0	0	0
希望出现	xwix	简单鹤		0		0	0	0	0
新闻机构	xwjg	简单鹤		0		0	0	0	0
相忘江湖	xwjh	简单鹤		0		0	0	0	0
新闻节目	xwjm	简单鹤		0		0	0	0	0
行为举止	xwjv	简单鹤		0		0	0	0	0
希望看到	xwkd	简单鹤		0		0	0	0	0
学位论文	xwlw	简单鹤		0		0	0	0	0
信我没错	xwmc	简单鹤		0		0	0	0	0
腥味猫罐	xwmg	简单鹤		0		0	0	0	0
相位猛冲	xwmi	简单鹤		0		0	0	0	0
希望渺茫	xwmm	简单鹤		0		0	0	0	0
漩涡鸣人	xwmr	简单鹤		0		0	0	0	0
行为模式	xwmu	简单鹤		0		0	0	0	0
行为能力	xwnl	简单鹤		0		0	0	0	0
像我那样	xwny	简单鹤		0		0	0	0	0
香味扑鼻	xwpb	简单鹤		0		0	0	0	0
新闻频道	xwpd	简单鹤		0		0	0	0	0
新闻排行	xwph	简单鹤		0		0	0	0	0
新闻评论	xwpl	简单鹤		0		0	0	0	0
新闻评选	xwpx	简单鹤		0		0	0	0	0
寻物启事	xwqu	简单鹤		0		0	0	0	0
行为倾向	xwqx	简单鹤		0		0	0	0	0
希望如此	xwrc	简单鹤		0		0	0	0	0
新闻热线	xwrx	简单鹤		0		0	0	0	0
香味四溢	xwsy	简单鹤		0		0	0	0	0
下位替代	xwtd	简单鹤		0		0	0	0	0
新闻事业	xwuy	简单鹤		0		0	0	0	0
细微之处	xwvi	简单鹤		0		0	0	0	0
雄伟壮丽	xwvl	简单鹤		0		0	0	0	0
习武之人	xwvr	简单鹤		0		0	0	0	0
学位证书	xwvu	简单鹤		0		0	0	0	0
像我这样	xwvy	简单鹤		0		0	0	0	0
行为准则	xwvz	简单鹤		0		0	0	0	0
霞鹜文楷	xwwk	简单鹤		0		0	0	0	0
心外无物	xwww	简单鹤		0		0	0	0	0
行为习惯	xwxg	简单鹤		0		0	0	0	0
新闻宣传	xwxi	简单鹤		0		0	0	0	0
系外行星	xwxx	简单鹤		0		0	0	0	0
相偎相依	xwxy	简单鹤		0		0	0	0	0
向往已久	xwyj	简单鹤		0		0	0	0	0
新闻舆论	xwyl	简单鹤		0		0	0	0	0
吓我一跳	xwyt	简单鹤		0		0	0	0	0
想问一问	xwyw	简单鹤		0		0	0	0	0
想问一下	xwyx	简单鹤		0		0	0	0	0
像我一样	xwyy	简单鹤		0		0	0	0	0
新闻资料	xwzl	简单鹤		0		0	0	0	0
炫我嘴里	xwzl	简单鹤		0		0	0	0	0
新闻自由	xwzy	简单鹤		0		0	0	0	0
旭旭宝宝	xxbb	简单鹤		0		0	0	0	0
想象不到	xxbd	简单鹤		0		0	0	0	0
想想办法	xxbf	简单鹤		0		0	0	0	0
学习报告	xxbg	简单鹤		0		0	0	0	0
小熊饼干	xxbg	简单鹤		0		0	0	0	0
休息不好	xxbh	简单鹤		0		0	0	0	0
学习不好	xxbh	简单鹤		0		0	0	0	0
想象不出	xxbi	简单鹤		0		0	0	0	0
下血本了	xxbl	简单鹤		0		0	0	0	0
血腥暴力	xxbl	简单鹤		0		0	0	0	0
信心爆棚	xxbp	简单鹤		0		0	0	0	0
消息闭塞	xxbs	简单鹤		0		0	0	0	0
信息不实	xxbu	简单鹤		0		0	0	0	0
孝心变质	xxbv	简单鹤		0		0	0	0	0
现行标准	xxbv	简单鹤		0		0	0	0	0
絮絮不止	xxbv	简单鹤		0		0	0	0	0
学习不行	xxbx	简单鹤		0		0	0	0	0
心系百姓	xxbx	简单鹤		0		0	0	0	0
唏嘘不已	xxby	简单鹤		0		0	0	0	0
小学毕业	xxby	简单鹤		0		0	0	0	0
信心不足	xxbz	简单鹤		0		0	0	0	0
信心倍增	xxbz	简单鹤		0		0	0	0	0
小溪淙淙	xxcc	简单鹤		0		0	0	0	0
心系苍生	xxcu	简单鹤		0		0	0	0	0
详细参数	xxcu	简单鹤		0		0	0	0	0
吸星大法	xxdf	简单鹤		0		0	0	0	0
心下嘀咕	xxdg	简单鹤		0		0	0	0	0
谢谢大家	xxdj	简单鹤		0		0	0	0	0
下行带宽	xxdk	简单鹤		0		0	0	0	0
下晓地理	xxdl	简单鹤		0		0	0	0	0
嬉笑打闹	xxdn	简单鹤		0		0	0	0	0
馨香祷祝	xxdv	简单鹤		1		0	0	0	0
信心大增	xxdz	简单鹤		0		0	0	0	0
信息发布	xxfb	简单鹤		0		0	0	0	0
学习方法	xxff	简单鹤		0		0	0	0	0
线性方程	xxfi	简单鹤		0		0	0	0	0
信息服务	xxfw	简单鹤		0		0	0	0	0
线性分析	xxfx	简单鹤		0		0	0	0	0
详细分析	xxfx	简单鹤		0		0	0	0	0
谢谢分享	xxfx	简单鹤		0		0	0	0	0
信息工程	xxgi	简单鹤		0		0	0	0	0
信息公开	xxgk	简单鹤		0		0	0	0	0
谢谢光临	xxgl	简单鹤		0		0	0	0	0
信息沟通	xxgt	简单鹤		0		0	0	0	0
先行告退	xxgt	简单鹤		0		0	0	0	0
谢谢观赏	xxgu	简单鹤		0		0	0	0	0
谢谢各位	xxgw	简单鹤		0		0	0	0	0
线性关系	xxgx	简单鹤		0		0	0	0	0
下下个月	xxgy	简单鹤		0		0	0	0	0
学习工作	xxgz	简单鹤		0		0	0	0	0
先息后本	xxhb	简单鹤		0		0	0	0	0
谢谢惠顾	xxhg	简单鹤		0		0	0	0	0
细心呵护	xxhh	简单鹤		0		0	0	0	0
学习环境	xxhj	简单鹤		0		0	0	0	0
新兴行业	xxhy	简单鹤		0		0	0	0	0
谢谢合作	xxhz	简单鹤		0		0	0	0	0
学习成本	xxib	简单鹤		0		0	0	0	0
信息传递	xxid	简单鹤		0		0	0	0	0
小心触电	xxid	简单鹤		0		0	0	0	0
学习成绩	xxij	简单鹤		0		0	0	0	0
新鲜出炉	xxil	简单鹤		0		0	0	0	0
休闲场所	xxis	简单鹤		0		0	0	0	0
信息查询	xxix	简单鹤		0		0	0	0	0
学习进步	xxjb	简单鹤		0		0	0	0	0
详细交代	xxjd	简单鹤		0		0	0	0	0
学校机房	xxjf	简单鹤		0		0	0	0	0
细心教诲	xxjh	简单鹤		0		0	0	0	0
心血洁净	xxjj	简单鹤		0		0	0	0	0
消息记录	xxjl	简单鹤		0		0	0	0	0
学习技巧	xxjq	简单鹤		0		0	0	0	0
雄性激素	xxjs	简单鹤		0		0	0	0	0
小学教育	xxjy	简单鹤		0		0	0	0	0
详细记载	xxjz	简单鹤		0		0	0	0	0
心胸宽广	xxkg	简单鹤		0		0	0	0	0
详细考查	xxki	简单鹤		0		0	0	0	0
谢谢夸奖	xxkj	简单鹤		0		0	0	0	0
选修科目	xxkm	简单鹤		0		0	0	0	0
相信科学	xxkx	简单鹤		0		0	0	0	0
下下礼拜	xxlb	简单鹤		0		0	0	0	0
消息列表	xxlb	简单鹤		0		0	0	0	0
谢谢老板	xxlb	简单鹤		0		0	0	0	0
信息量大	xxld	简单鹤		0		0	0	0	0
学校领导	xxld	简单鹤		0		0	0	0	0
熊熊烈火	xxlh	简单鹤		0		0	0	0	0
详细流程	xxli	简单鹤		0		0	0	0	0
谢谢理解	xxlj	简单鹤		0		0	0	0	0
先行离开	xxlk	简单鹤		0		0	0	0	0
心下栗栗	xxll	简单鹤		0		0	0	0	0
欷歔流涕	xxlt	简单鹤		0		0	0	0	0
谢谢联系	xxlx	简单鹤		0		0	0	0	0
消息来源	xxly	简单鹤		0		0	0	0	0
信息密度	xxmd	简单鹤		0		0	0	0	0
线性马达	xxmd	简单鹤		0		0	0	0	0
信心满满	xxmm	简单鹤		0		0	0	0	0
休闲模式	xxmu	简单鹤		0		0	0	0	0
详细描述	xxmu	简单鹤		0		0	0	0	0
小小年纪	xxnj	简单鹤		0		0	0	0	0
学习能力	xxnl	简单鹤		0		0	0	0	0
详细内容	xxnr	简单鹤		0		0	0	0	0
许下诺言	xxny	简单鹤		0		0	0	0	0
细细品尝	xxpi	简单鹤		0		0	0	0	0
休息片刻	xxpk	简单鹤		0		0	0	0	0
信息披露	xxpl	简单鹤		0		0	0	0	0
细细品味	xxpw	简单鹤		0		0	0	0	0
学习培训	xxpx	简单鹤		0		0	0	0	0
消息渠道	xxqd	简单鹤		0		0	0	0	0
享享清福	xxqf	简单鹤		0		0	0	0	0
小心轻放	xxqf	简单鹤		0		0	0	0	0
向下取整	xxqv	简单鹤		0		0	0	0	0
形象气质	xxqv	简单鹤		0		0	0	0	0
细嗅蔷薇	xxqw	简单鹤		0		0	0	0	0
学习曲线	xxqx	简单鹤		0		0	0	0	0
宣泄情绪	xxqx	简单鹤		0		0	0	0	0
香香软软	xxrr	简单鹤		0		0	0	0	0
虚心听取	xxtq	简单鹤		0		0	0	0	0
香香甜甜	xxtt	简单鹤		0		0	0	0	0
血腥屠杀	xxtu	简单鹤		0		0	0	0	0
徐徐图之	xxtv	简单鹤		0		0	0	0	0
心系天下	xxtx	简单鹤		0		0	0	0	0
洗洗睡吧	xxub	简单鹤		0		0	0	0	0
形象生动	xxud	简单鹤		0		0	0	0	0
闲暇时光	xxug	简单鹤		0		0	0	0	0
学习生活	xxuh	简单鹤		0		0	0	0	0
闲暇时间	xxuj	简单鹤		0		0	0	0	0
洗洗睡了	xxul	简单鹤		0		0	0	0	0
详细说明	xxum	简单鹤		0		0	0	0	0
详细说说	xxuu	简单鹤		0		0	0	0	0
新兴事物	xxuw	简单鹤		0		0	0	0	0
新鲜事物	xxuw	简单鹤		0		0	0	0	0
线下试玩	xxuw	简单鹤		0		0	0	0	0
学习使用	xxuy	简单鹤		0		0	0	0	0
信心十足	xxuz	简单鹤		0		0	0	0	0
宵小之辈	xxvb	简单鹤		0		0	0	0	0
下下之策	xxvc	简单鹤		0		0	0	0	0
现行政策	xxvc	简单鹤		0		0	0	0	0
现行制度	xxvd	简单鹤		0		0	0	0	0
下乡支教	xxvj	简单鹤		0		0	0	0	0
谢谢指教	xxvj	简单鹤		0		0	0	0	0
欣喜之情	xxvq	简单鹤		0		0	0	0	0
宵小之徒	xxvt	简单鹤		0		0	0	0	0
学习知识	xxvu	简单鹤		0		0	0	0	0
线下真实	xxvu	简单鹤		0		0	0	0	0
欣喜之余	xxvy	简单鹤		0		0	0	0	0
凶险无比	xxwb	简单鹤		0		0	0	0	0
欣喜万分	xxwf	简单鹤		0		0	0	0	0
小学文化	xxwh	简单鹤		0		0	0	0	0
雄心万丈	xxwv	简单鹤		0		0	0	0	0
学习委员	xxwy	简单鹤		0		0	0	0	0
心胸狭隘	xxxa	简单鹤		0		0	0	0	0
学习心得	xxxd	简单鹤		0		0	0	0	0
学习习惯	xxxg	简单鹤		0		0	0	0	0
小学学历	xxxl	简单鹤		0		0	0	0	0
现学现卖	xxxm	简单鹤		0		0	0	0	0
学习兴趣	xxxq	简单鹤		0		0	0	0	0
详细信息	xxxx	简单鹤		0		0	0	0	0
新鲜血液	xxxy	简单鹤		0		0	0	0	0
现学现用	xxxy	简单鹤		0		0	0	0	0
先行一步	xxyb	简单鹤		0		0	0	0	0
先下一城	xxyi	简单鹤		0		0	0	0	0
学习压力	xxyl	简单鹤		0		0	0	0	0
宣泄压力	xxyl	简单鹤		0		0	0	0	0
学习用品	xxyp	简单鹤		0		0	0	0	0
晓行夜住	xxyv	简单鹤		1		0	0	0	0
纤纤玉指	xxyv	简单鹤		0		0	0	0	0
线下约战	xxyv	简单鹤		0		0	0	0	0
休息一下	xxyx	简单鹤		0		0	0	0	0
想象一下	xxyx	简单鹤		0		0	0	0	0
欣欣自得	xxzd	简单鹤		1		0	0	0	0
学习作风	xxzf	简单鹤		0		0	0	0	0
休息在家	xxzj	简单鹤		0		0	0	0	0
学习总结	xxzj	简单鹤		0		0	0	0	0
相信自己	xxzj	简单鹤		0		0	0	0	0
学习资料	xxzl	简单鹤		0		0	0	0	0
详细资料	xxzl	简单鹤		0		0	0	0	0
小写字母	xxzm	简单鹤		0		0	0	0	0
学校组织	xxzv	简单鹤		0		0	0	0	0
线下自证	xxzv	简单鹤		0		0	0	0	0
信息资源	xxzy	简单鹤		0		0	0	0	0
学习咋样	xxzy	简单鹤		0		0	0	0	0
学习资源	xxzy	简单鹤		0		0	0	0	0
笑意盎然	xyar	简单鹤		0		0	0	0	0
蓄意报复	xybf	简单鹤		0		0	0	0	0
西一棒槌	xybi	简单鹤		0		0	0	0	0
校园暴力	xybl	简单鹤		0		0	0	0	0
校园霸凌	xybl	简单鹤		0		0	0	0	0
心有不忍	xybr	简单鹤		0		0	0	0	0
心阳暴脱	xybt	简单鹤		0		0	0	0	0
需要帮助	xybv	简单鹤		0		0	0	0	0
想也不想	xybx	简单鹤		0		0	0	0	0
西一棒子	xybz	简单鹤		0		0	0	0	0
协议草案	xyca	简单鹤		0		0	0	0	0
乡野村妇	xycf	简单鹤		0		0	0	0	0
需要采取	xycq	简单鹤		0		0	0	0	0
相应措施	xycu	简单鹤		0		0	0	0	0
悬崖陡壁	xydb	简单鹤		0		0	0	0	0
需要的话	xydh	简单鹤		0		0	0	0	0
心远地偏	xydp	简单鹤		0		0	0	0	0
吓一大跳	xydt	简单鹤		0		0	0	0	0
汹涌而出	xyei	简单鹤		0		0	0	0	0
汹涌而来	xyel	简单鹤		0		0	0	0	0
虚意逢迎	xyfy	简单鹤		0		0	0	0	0
嫌疑分子	xyfz	简单鹤		0		0	0	0	0
萧炎哥哥	xygg	简单鹤		0		0	0	0	0
心有感触	xygi	简单鹤		0		0	0	0	0
享誉国际	xygj	简单鹤		0		0	0	0	0
血缘关系	xygx	简单鹤		0		0	0	0	0
雪域高原	xygy	简单鹤		0		0	0	0	0
先用后付	xyhf	简单鹤		0		0	0	0	0
现已恢复	xyhf	简单鹤		0		0	0	0	0
需要花费	xyhf	简单鹤		0		0	0	0	0
先易后难	xyhn	简单鹤		0		0	0	0	0
先抑后扬	xyhy	简单鹤		0		0	0	0	0
胸有城府	xyif	简单鹤		1		0	0	0	0
校园春色	xyis	简单鹤		0		0	0	0	0
夕阳产业	xyiy	简单鹤		0		0	0	0	0
信誉积分	xyjf	简单鹤		0		0	0	0	0
信仰加成	xyji	简单鹤		0		0	0	0	0
下一节课	xyjk	简单鹤		0		0	0	0	0
羞于见人	xyjr	简单鹤		0		0	0	0	0
新垣结衣	xyjy	简单鹤		0		0	0	0	0
逍遥快活	xykh	简单鹤		0		0	0	0	0
歇一口气	xykq	简单鹤		0		0	0	0	0
需要宽容	xykr	简单鹤		0		0	0	0	0
学业考试	xyku	简单鹤		0		0	0	0	0
协议离婚	xylh	简单鹤		0		0	0	0	0
咸鱼腊肉	xylr	简单鹤		0		0	0	0	0
吸引了我	xylw	简单鹤		0		0	0	0	0
心有猛虎	xymh	简单鹤		0		0	0	0	0
蓄意谋杀	xymu	简单鹤		0		0	0	0	0
想也没想	xymx	简单鹤		0		0	0	0	0
血药浓度	xynd	简单鹤		0		0	0	0	0
想要哪个	xyng	简单鹤		0		0	0	0	0
想要那个	xyng	简单鹤		0		0	0	0	0
心痒难禁	xynj	简单鹤		0		0	0	0	0
血液内科	xynk	简单鹤		0		0	0	0	0
心痒难耐	xynn	简单鹤		0		0	0	0	0
幸运女神	xynu	简单鹤		0		0	0	0	0
稀有品种	xypv	简单鹤		0		0	0	0	0
协议签订	xyqd	简单鹤		0		0	0	0	0
享誉全球	xyqq	简单鹤		0		0	0	0	0
心有戚戚	xyqq	简单鹤		0		0	0	0	0
新约全书	xyqu	简单鹤		0		0	0	0	0
新月如钩	xyrg	简单鹤		0		0	0	0	0
笑靥如花	xyrh	简单鹤		0		0	0	0	0
现有人口	xyrk	简单鹤		0		0	0	0	0
细语柔声	xyru	简单鹤		0		0	0	0	0
响应速度	xysd	简单鹤		0		0	0	0	0
心有所触	xysi	简单鹤		0		0	0	0	0
心有所恋	xysl	简单鹤		0		0	0	0	0
想要什么	xysm	简单鹤		0		0	0	0	0
需要什么	xysm	简单鹤		0		0	0	0	0
心有所属	xysu	简单鹤		0		0	0	0	0
心有所想	xysx	简单鹤		0		0	0	0	0
需要通过	xytg	简单鹤		0		0	0	0	0
协议条款	xytk	简单鹤		0		0	0	0	0
悬疑推理	xytl	简单鹤		0		0	0	0	0
血液透析	xytx	简单鹤		0		0	0	0	0
下意识地	xyud	简单鹤		0		0	0	0	0
下意识的	xyud	简单鹤		0		0	0	0	0
闲余时光	xyug	简单鹤		0		0	0	0	0
星月神话	xyuh	简单鹤		0		0	0	0	0
校园生活	xyuh	简单鹤		0		0	0	0	0
享誉世界	xyuj	简单鹤		0		0	0	0	0
修养身心	xyux	简单鹤		0		0	0	0	0
闲言少叙	xyux	简单鹤		0		0	0	0	0
幸运数字	xyuz	简单鹤		0		0	0	0	0
校园治安	xyva	简单鹤		0		0	0	0	0
校园招聘	xyvp	简单鹤		0		0	0	0	0
稀有轴体	xyvt	简单鹤		0		0	0	0	0
信誉至上	xyvu	简单鹤		0		0	0	0	0
幸运之神	xyvu	简单鹤		0		0	0	0	0
享誉中外	xyvw	简单鹤		0		0	0	0	0
咸鱼之王	xyvw	简单鹤		0		0	0	0	0
洗浴中心	xyvx	简单鹤		0		0	0	0	0
信仰之跃	xyvy	简单鹤		0		0	0	0	0
需要注意	xyvy	简单鹤		0		0	0	0	0
现已完成	xywi	简单鹤		0		0	0	0	0
信仰危机	xywj	简单鹤		0		0	0	0	0
心愿未了	xywl	简单鹤		0		0	0	0	0
性欲旺盛	xywu	简单鹤		0		0	0	0	0
显要位置	xywv	简单鹤		0		0	0	0	0
血液循环	xyxh	简单鹤		0		0	0	0	0
心意相通	xyxt	简单鹤		0		0	0	0	0
相由心生	xyxu	简单鹤		0		0	0	0	0
相依相偎	xyxw	简单鹤		0		0	0	0	0
需要休息	xyxx	简单鹤		0		0	0	0	0
需要一个	xyyg	简单鹤		0		0	0	0	0
心愿已了	xyyl	简单鹤		0		0	0	0	0
洗浴用品	xyyp	简单鹤		0		0	0	0	0
吸引眼球	xyyq	简单鹤		0		0	0	0	0
下雨阴天	xyyt	简单鹤		0		0	0	0	0
需要一种	xyyv	简单鹤		0		0	0	0	0
系于一线	xyyx	简单鹤		0		0	0	0	0
笑意盈盈	xyyy	简单鹤		0		0	0	0	0
幸运字符	xyzf	简单鹤		0		0	0	0	0
洗衣做饭	xyzf	简单鹤		0		0	0	0	0
炫耀自己	xyzj	简单鹤		0		0	0	0	0
相应责任	xyzr	简单鹤		0		0	0	0	0
信仰自由	xyzy	简单鹤		0		0	0	0	0
险遭暗算	xzas	简单鹤		0		0	0	0	0
现在变成	xzbi	简单鹤		0		0	0	0	0
现在不行	xzbx	简单鹤		0		0	0	0	0
戏子当道	xzdd	简单鹤		0		0	0	0	0
现在都是	xzdu	简单鹤		0		0	0	0	0
险遭毒手	xzdu	简单鹤		0		0	0	0	0
下载地址	xzdv	简单鹤		0		0	0	0	0
协作单位	xzdw	简单鹤		0		0	0	0	0
心在滴血	xzdx	简单鹤		0		0	0	0	0
小组第一	xzdy	简单鹤		0		0	0	0	0
薪资待遇	xzdy	简单鹤		0		0	0	0	0
选择方案	xzfa	简单鹤		0		0	0	0	0
薪资范围	xzfw	简单鹤		0		0	0	0	0
先左后右	xzhy	简单鹤		0		0	0	0	0
小组合作	xzhz	简单鹤		0		0	0	0	0
新增产能	xzin	简单鹤		0		0	0	0	0
卸载重装	xziv	简单鹤		0		0	0	0	0
小组出线	xzix	简单鹤		0		0	0	0	0
薪资结构	xzjg	简单鹤		0		0	0	0	0
现在就是	xzju	简单鹤		0		0	0	0	0
想做就做	xzjz	简单鹤		0		0	0	0	0
现在看来	xzkl	简单鹤		0		0	0	0	0
选择困难	xzkn	简单鹤		0		0	0	0	0
现在可以	xzky	简单鹤		0		0	0	0	0
蝎子莱莱	xzll	简单鹤		0		0	0	0	0
现在来说	xzlu	简单鹤		0		0	0	0	0
须佐能乎	xznh	简单鹤		0		0	0	0	0
小资情调	xzqd	简单鹤		0		0	0	0	0
写在前面	xzqm	简单鹤		0		0	0	0	0
写作提纲	xztg	简单鹤		0		0	0	0	0
习总书记	xzuj	简单鹤		0		0	0	0	0
虚则实之	xzuv	简单鹤		0		0	0	0	0
现在只能	xzvn	简单鹤		0		0	0	0	0
心脏骤停	xzvt	简单鹤		0		0	0	0	0
卸载纸上	xzvu	简单鹤		0		0	0	0	0
现在这些	xzvx	简单鹤		0		0	0	0	0
现在这样	xzvy	简单鹤		0		0	0	0	0
戏子误国	xzwg	简单鹤		0		0	0	0	0
现在我们	xzwm	简单鹤		0		0	0	0	0
现在为止	xzwv	简单鹤		0		0	0	0	0
现做现结	xzxj	简单鹤		0		0	0	0	0
现做现卖	xzxm	简单鹤		0		0	0	0	0
现在需要	xzxy	简单鹤		0		0	0	0	0
先走一步	xzyb	简单鹤		0		0	0	0	0
虚左以待	xzyd	简单鹤		1		0	0	0	0
现在已经	xzyj	简单鹤		0		0	0	0	0
仙姿玉貌	xzym	简单鹤		1		0	0	0	0
写在最后	xzzh	简单鹤		0		0	0	0	0
现在暂时	xzzu	简单鹤		0		0	0	0	0
现在怎样	xzzy	简单鹤		0		0	0	0	0
银鞍白马	yabm	简单鹤		0		0	0	0	0
用爱发电	yafd	简单鹤		0		0	0	0	0
阴暗潮湿	yaiu	简单鹤		0		0	0	0	0
有安全感	yaqg	简单鹤		0		0	0	0	0
因爱生恨	yauh	简单鹤		0		0	0	0	0
由爱生恨	yauh	简单鹤		0		0	0	0	0
有案在身	yazu	简单鹤		0		0	0	0	0
右半部分	ybbf	简单鹤		0		0	0	0	0
也不必说	ybbu	简单鹤		0		0	0	0	0
扬鞭催马	ybcm	简单鹤		0		0	0	0	0
也不代表	ybdb	简单鹤		0		0	0	0	0
一笔订单	ybdd	简单鹤		0		0	0	0	0
迎宾大道	ybdd	简单鹤		0		0	0	0	0
一百多个	ybdg	简单鹤		0		0	0	0	0
已拨电话	ybdh	简单鹤		0		0	0	0	0
由不得你	ybdn	简单鹤		0		0	0	0	0
演播大厅	ybdt	简单鹤		0		0	0	0	0
也不多说	ybdu	简单鹤		0		0	0	0	0
一边呆着	ybdv	简单鹤		0		0	0	0	0
一边待着	ybdv	简单鹤		0		0	0	0	0
一步到胃	ybdw	简单鹤		0		0	0	0	0
由不得我	ybdw	简单鹤		0		0	0	0	0
一般大小	ybdx	简单鹤		0		0	0	0	0
永不凋谢	ybdx	简单鹤		0		0	0	0	0
野比大雄	ybdx	简单鹤		0		0	0	0	0
永不分离	ybfl	简单鹤		0		0	0	0	0
永不放弃	ybfq	简单鹤		0		0	0	0	0
一部分人	ybfr	简单鹤		0		0	0	0	0
一比高低	ybgd	简单鹤		0		0	0	0	0
一般规定	ybgd	简单鹤		0		0	0	0	0
也不过是	ybgu	简单鹤		0		0	0	0	0
永不过时	ybgu	简单鹤		0		0	0	0	0
一比高下	ybgx	简单鹤		0		0	0	0	0
移步换景	ybhj	简单鹤		0		0	0	0	0
一把好牌	ybhp	简单鹤		0		0	0	0	0
一把好手	ybhu	简单鹤		0		0	0	0	0
异变横生	ybhu	简单鹤		0		0	0	0	0
一并处理	ybil	简单鹤		0		0	0	0	0
衣钵传人	ybir	简单鹤		0		0	0	0	0
又被称为	ybiw	简单鹤		0		0	0	0	0
又被称作	ybiz	简单鹤		0		0	0	0	0
也不见得	ybjd	简单鹤		0		0	0	0	0
阴兵借道	ybjd	简单鹤		0		0	0	0	0
也不尽然	ybjr	简单鹤		0		0	0	0	0
游标卡尺	ybki	简单鹤		0		0	0	0	0
永不空军	ybkj	简单鹤		0		0	0	0	0
也不可能	ybkn	简单鹤		0		0	0	0	0
已不可能	ybkn	简单鹤		0		0	0	0	0
一百块钱	ybkq	简单鹤		0		0	0	0	0
预备开始	ybku	简单鹤		0		0	0	0	0
一笔开销	ybkx	简单鹤		0		0	0	0	0
也不可以	ybky	简单鹤		0		0	0	0	0
哑巴老六	ybll	简单鹤		0		0	0	0	0
永不落幕	yblm	简单鹤		0		0	0	0	0
已被领取	yblq	简单鹤		0		0	0	0	0
一包辣条	yblt	简单鹤		0		0	0	0	0
眼波流转	yblv	简单鹤		0		0	0	0	0
有背良心	yblx	简单鹤		0		0	0	0	0
有被冒犯	ybmf	简单鹤		0		0	0	0	0
永不瞑目	ybmm	简单鹤		0		0	0	0	0
御坂美琴	ybmq	简单鹤		0		0	0	0	0
一本满足	ybmz	简单鹤		0		0	0	0	0
也不能够	ybng	简单鹤		0		0	0	0	0
一把年纪	ybnj	简单鹤		0		0	0	0	0
应变能力	ybnl	简单鹤		0		0	0	0	0
药不能停	ybnt	简单鹤		0		0	0	0	0
也不能说	ybnu	简单鹤		0		0	0	0	0
也不怕你	ybpn	简单鹤		0		0	0	0	0
用不抛弃	ybpq	简单鹤		0		0	0	0	0
也不确定	ybqd	简单鹤		0		0	0	0	0
也不清楚	ybqi	简单鹤		0		0	0	0	0
引爆全场	ybqi	简单鹤		0		0	0	0	0
养不起你	ybqn	简单鹤		0		0	0	0	0
因病去世	ybqu	简单鹤		0		0	0	0	0
以表歉意	ybqy	简单鹤		0		0	0	0	0
要不然呢	ybrn	简单鹤		0		0	0	0	0
一般认为	ybrw	简单鹤		0		0	0	0	0
衣不如新	ybrx	简单鹤		0		0	0	0	0
也不容易	ybry	简单鹤		0		0	0	0	0
一拜天地	ybtd	简单鹤		0		0	0	0	0
永不停息	ybtx	简单鹤		0		0	0	0	0
永不停歇	ybtx	简单鹤		0		0	0	0	0
拥抱太阳	ybty	简单鹤		0		0	0	0	0
一半时间	ybuj	简单鹤		0		0	0	0	0
有不少人	ybur	简单鹤		0		0	0	0	0
也不失为	ybuw	简单鹤		0		0	0	0	0
永不止步	ybvb	简单鹤		0		0	0	0	0
也不知道	ybvd	简单鹤		0		0	0	0	0
一百周年	ybvn	简单鹤		0		0	0	0	0
用不着你	ybvn	简单鹤		0		0	0	0	0
也不只是	ybvu	简单鹤		0		0	0	0	0
夜半钟声	ybvu	简单鹤		0		0	0	0	0
一把抓住	ybvv	简单鹤		0		0	0	0	0
永不止息	ybvx	简单鹤		0		0	0	0	0
永不为奴	ybwn	简单鹤		0		0	0	0	0
也不完全	ybwq	简单鹤		0		0	0	0	0
永不五杀	ybwu	简单鹤		0		0	0	0	0
用不习惯	ybxg	简单鹤		0		0	0	0	0
也不逊色	ybxs	简单鹤		0		0	0	0	0
永不休止	ybxv	简单鹤		0		0	0	0	0
也不想想	ybxx	简单鹤		0		0	0	0	0
永不言败	ybyb	简单鹤		0		0	0	0	0
也不一定	ybyd	简单鹤		0		0	0	0	0
有必要的	ybyd	简单鹤		0		0	0	0	0
也不应该	ybyg	简单鹤		0		0	0	0	0
应不应该	ybyg	简单鹤		0		0	0	0	0
一笔一画	ybyh	简单鹤		0		0	0	0	0
腰板硬了	ybyl	简单鹤		0		0	0	0	0
有必要吗	ybym	简单鹤		0		0	0	0	0
越帮越忙	ybym	简单鹤		0		0	0	0	0
又白又胖	ybyp	简单鹤		0		0	0	0	0
永不言弃	ybyq	简单鹤		0		0	0	0	0
阅兵仪式	ybyu	简单鹤		0		0	0	0	0
冤不冤枉	ybyw	简单鹤		0		0	0	0	0
一本院校	ybyx	简单鹤		0		0	0	0	0
允不允许	ybyx	简单鹤		0		0	0	0	0
有悲有喜	ybyx	简单鹤		0		0	0	0	0
言必有信	ybyx	简单鹤		0		0	0	0	0
愿不愿意	ybyy	简单鹤		0		0	0	0	0
一兵一卒	ybyz	简单鹤		0		0	0	0	0
一败再败	ybzb	简单鹤		0		0	0	0	0
一步走错	ybzc	简单鹤		0		0	0	0	0
也不怎么	ybzm	简单鹤		0		0	0	0	0
一部作品	ybzp	简单鹤		0		0	0	0	0
已不再是	ybzu	简单鹤		0		0	0	0	0
易边再战	ybzv	简单鹤		0		0	0	0	0
也不在意	ybzy	简单鹤		0		0	0	0	0
一次次的	yccd	简单鹤		0		0	0	0	0
隐藏地图	ycdt	简单鹤		0		0	0	0	0
一次到位	ycdw	简单鹤		0		0	0	0	0
一词多义	ycdy	简单鹤		0		0	0	0	0
以词定字	ycdz	简单鹤		0		0	0	0	0
一次方程	ycfi	简单鹤		0		0	0	0	0
隐藏关卡	ycgk	简单鹤		0		0	0	0	0
烟草公司	ycgs	简单鹤		0		0	0	0	0
隐藏成就	ycij	简单鹤		0		0	0	0	0
一次机会	ycjh	简单鹤		0		0	0	0	0
严词拒绝	ycjj	简单鹤		0		0	0	0	0
隐藏结局	ycjj	简单鹤		0		0	0	0	0
言辞激烈	ycjl	简单鹤		0		0	0	0	0
隐藏技能	ycjn	简单鹤		0		0	0	0	0
隐藏剧情	ycjq	简单鹤		0		0	0	0	0
一猜就是	ycju	简单鹤		0		0	0	0	0
依次进行	ycjx	简单鹤		0		0	0	0	0
言辞恳切	yckq	简单鹤		0		0	0	0	0
一次两次	yclc	简单鹤		0		0	0	0	0
一次满足	ycmz	简单鹤		0		0	0	0	0
也才能够	ycng	简单鹤		0		0	0	0	0
隐藏能源	ycny	简单鹤		0		0	0	0	0
英寸屏幕	ycpm	简单鹤		0		0	0	0	0
隐藏人物	ycrw	简单鹤		0		0	0	0	0
隐藏任务	ycrw	简单鹤		0		0	0	0	0
隐藏实力	ycul	简单鹤		0		0	0	0	0
隐藏属性	ycux	简单鹤		0		0	0	0	0
忧从中来	ycvl	简单鹤		0		0	0	0	0
一寸照片	ycvp	简单鹤		0		0	0	0	0
有才无德	ycwd	简单鹤		0		0	0	0	0
以此为证	ycwv	简单鹤		0		0	0	0	0
以此为由	ycwy	简单鹤		0		0	0	0	0
与此相比	ycxb	简单鹤		0		0	0	0	0
一次性地	ycxd	简单鹤		0		0	0	0	0
一次性的	ycxd	简单鹤		0		0	0	0	0
严慈相济	ycxj	简单鹤		0		0	0	0	0
言辞犀利	ycxl	简单鹤		0		0	0	0	0
又粗又长	ycyi	简单鹤		0		0	0	0	0
越挫越勇	ycyy	简单鹤		0		0	0	0	0
隐藏字符	yczf	简单鹤		0		0	0	0	0
有错在先	yczx	简单鹤		0		0	0	0	0
言辞凿凿	yczz	简单鹤		0		0	0	0	0
印度阿三	ydas	简单鹤		0		0	0	0	0
有点不便	ydbb	简单鹤		0		0	0	0	0
言多必败	ydbb	简单鹤		0		0	0	0	0
一点不错	ydbc	简单鹤		0		0	0	0	0
一顿饱餐	ydbc	简单鹤		0		0	0	0	0
一大部分	ydbf	简单鹤		0		0	0	0	0
一点办法	ydbf	简单鹤		0		0	0	0	0
一定不会	ydbh	简单鹤		0		0	0	0	0
已读不回	ydbh	简单鹤		0		0	0	0	0
一点不假	ydbj	简单鹤		0		0	0	0	0
雨打芭蕉	ydbj	简单鹤		0		0	0	0	0
一定比例	ydbl	简单鹤		0		0	0	0	0
一点不留	ydbl	简单鹤		0		0	0	0	0
一刀毙命	ydbm	简单鹤		0		0	0	0	0
一定不能	ydbn	简单鹤		0		0	0	0	0
有点不同	ydbt	简单鹤		0		0	0	0	0
有点不妥	ydbt	简单鹤		0		0	0	0	0
一定不是	ydbu	简单鹤		0		0	0	0	0
一滴不剩	ydbu	简单鹤		0		0	0	0	0
原地爆炸	ydbv	简单鹤		0		0	0	0	0
运动博主	ydbv	简单鹤		0		0	0	0	0
一定不想	ydbx	简单鹤		0		0	0	0	0
有代表性	ydbx	简单鹤		0		0	0	0	0
一定不要	ydby	简单鹤		0		0	0	0	0
有点不足	ydbz	简单鹤		0		0	0	0	0
应对措施	ydcu	简单鹤		0		0	0	0	0
一定存在	ydcz	简单鹤		0		0	0	0	0
一顿操作	ydcz	简单鹤		0		0	0	0	0
一点都不	yddb	简单鹤		0		0	0	0	0
一点点的	yddd	简单鹤		0		0	0	0	0
有的地方	yddf	简单鹤		0		0	0	0	0
远的地方	yddf	简单鹤		0		0	0	0	0
原地等候	yddh	简单鹤		0		0	0	0	0
有多大仇	yddi	简单鹤		0		0	0	0	0
移动挡拆	yddi	简单鹤		0		0	0	0	0
异地登录	yddl	简单鹤		0		0	0	0	0
有点道理	yddl	简单鹤		0		0	0	0	0
勇斗歹徒	yddt	简单鹤		0		0	0	0	0
原地掉头	yddt	简单鹤		0		0	0	0	0
一定都是	yddu	简单鹤		0		0	0	0	0
有点东西	yddx	简单鹤		0		0	0	0	0
邮电大学	yddx	简单鹤		0		0	0	0	0
勇夺第一	yddy	简单鹤		0		0	0	0	0
移动电源	yddy	简单鹤		0		0	0	0	0
约德尔调	yded	简单鹤		0		0	0	0	0
运动耳机	ydej	简单鹤		0		0	0	0	0
一点儿也	ydey	简单鹤		0		0	0	0	0
印度飞饼	ydfb	简单鹤		0		0	0	0	0
原地复活	ydfh	简单鹤		0		0	0	0	0
一对夫妻	ydfq	简单鹤		0		0	0	0	0
一定范围	ydfw	简单鹤		0		0	0	0	0
有点复杂	ydfz	简单鹤		0		0	0	0	0
有点过分	ydgf	简单鹤		0		0	0	0	0
勇夺桂冠	ydgg	简单鹤		0		0	0	0	0
御弟哥哥	ydgg	简单鹤		0		0	0	0	0
有待观察	ydgi	简单鹤		0		0	0	0	0
有点感觉	ydgj	简单鹤		0		0	0	0	0
有的国家	ydgj	简单鹤		0		0	0	0	0
一等公民	ydgm	简单鹤		0		0	0	0	0
以点概面	ydgm	简单鹤		0		0	0	0	0
移动公司	ydgs	简单鹤		0		0	0	0	0
诱导公式	ydgu	简单鹤		0		0	0	0	0
有点固执	ydgv	简单鹤		0		0	0	0	0
一道光线	ydgx	简单鹤		0		0	0	0	0
有点搞笑	ydgx	简单鹤		0		0	0	0	0
有点后悔	ydhh	简单鹤		0		0	0	0	0
有点好处	ydhi	简单鹤		0		0	0	0	0
移动互联	ydhl	简单鹤		0		0	0	0	0
有点害怕	ydhp	简单鹤		0		0	0	0	0
一定会有	ydhy	简单鹤		0		0	0	0	0
运动场地	ydid	简单鹤		0		0	0	0	0
疑点重重	ydii	简单鹤		0		0	0	0	0
移动长城	ydii	简单鹤		0		0	0	0	0
业道酬精	ydij	简单鹤		0		0	0	0	0
以动衬静	ydij	简单鹤		0		0	0	0	0
一顿臭骂	ydim	简单鹤		0		0	0	0	0
有点冲突	ydit	简单鹤		0		0	0	0	0
应当成为	ydiw	简单鹤		0		0	0	0	0
一定阶段	ydjd	简单鹤		0		0	0	0	0
一段佳话	ydjh	简单鹤		0		0	0	0	0
原地结婚	ydjh	简单鹤		0		0	0	0	0
原定计划	ydjh	简单鹤		0		0	0	0	0
一定基础	ydji	简单鹤		0		0	0	0	0
有待解决	ydjj	简单鹤		0		0	0	0	0
有点距离	ydjl	简单鹤		0		0	0	0	0
有待加强	ydjq	简单鹤		0		0	0	0	0
原地解散	ydjs	简单鹤		0		0	0	0	0
移动角色	ydjs	简单鹤		0		0	0	0	0
一点就透	ydjt	简单鹤		0		0	0	0	0
一点就通	ydjt	简单鹤		0		0	0	0	0
一定就是	ydju	简单鹤		0		0	0	0	0
缘定今生	ydju	简单鹤		0		0	0	0	0
一点就着	ydjv	简单鹤		0		0	0	0	0
有点紧张	ydjv	简单鹤		0		0	0	0	0
有点恐怖	ydkb	简单鹤		0		0	0	0	0
韵达快递	ydkd	简单鹤		0		0	0	0	0
一点看法	ydkf	简单鹤		0		0	0	0	0
有点看法	ydkf	简单鹤		0		0	0	0	0
异度空间	ydkj	简单鹤		0		0	0	0	0
有待开垦	ydkk	简单鹤		0		0	0	0	0
元旦快乐	ydkl	简单鹤		0		0	0	0	0
有点困难	ydkn	简单鹤		0		0	0	0	0
遇到困难	ydkn	简单鹤		0		0	0	0	0
一点宽容	ydkr	简单鹤		0		0	0	0	0
有点夸张	ydkv	简单鹤		0		0	0	0	0
有点可惜	ydkx	简单鹤		0		0	0	0	0
一定可以	ydky	简单鹤		0		0	0	0	0
有道理的	ydld	简单鹤		0		0	0	0	0
玉帝老儿	ydle	简单鹤		0		0	0	0	0
已读乱回	ydlh	简单鹤		0		0	0	0	0
阅读理解	ydlj	简单鹤		0		0	0	0	0
移动流量	ydll	简单鹤		0		0	0	0	0
有点离谱	ydlp	简单鹤		0		0	0	0	0
移动联通	ydlt	简单鹤		0		0	0	0	0
一点灵犀	ydlx	简单鹤		1		0	0	0	0
有端联想	ydlx	简单鹤		0		0	0	0	0
远大理想	ydlx	简单鹤		0		0	0	0	0
有点毛病	ydmb	简单鹤		0		0	0	0	0
远大目标	ydmb	简单鹤		0		0	0	0	0
有点矛盾	ydmd	简单鹤		0		0	0	0	0
有点麻烦	ydmf	简单鹤		0		0	0	0	0
遇到麻烦	ydmf	简单鹤		0		0	0	0	0
运动模糊	ydmh	简单鹤		0		0	0	0	0
有的忙了	ydml	简单鹤		0		0	0	0	0
有点迷茫	ydmm	简单鹤		0		0	0	0	0
有点茫然	ydmr	简单鹤		0		0	0	0	0
移动梦网	ydmw	简单鹤		0		0	0	0	0
一定没有	ydmy	简单鹤		0		0	0	0	0
樱岛麻衣	ydmy	简单鹤		0		0	0	0	0
一顶帽子	ydmz	简单鹤		0		0	0	0	0
有点难办	ydnb	简单鹤		0		0	0	0	0
一定难度	ydnd	简单鹤		0		0	0	0	0
有点难度	ydnd	简单鹤		0		0	0	0	0
有点难处	ydni	简单鹤		0		0	0	0	0
有点难堪	ydnk	简单鹤		0		0	0	0	0
一道难题	ydnt	简单鹤		0		0	0	0	0
遇到难题	ydnt	简单鹤		0		0	0	0	0
运动内衣	ydny	简单鹤		0		0	0	0	0
一大批人	ydpr	简单鹤		0		0	0	0	0
一顿胖揍	ydpz	简单鹤		0		0	0	0	0
运动器材	ydqc	简单鹤		0		0	0	0	0
原地起飞	ydqf	简单鹤		0		0	0	0	0
有点情况	ydqk	简单鹤		0		0	0	0	0
月底清零	ydql	简单鹤		0		0	0	0	0
一朵奇葩	ydqp	简单鹤		0		0	0	0	0
以多取胜	ydqu	简单鹤		0		0	0	0	0
阅读全文	ydqw	简单鹤		0		0	0	0	0
悦达起亚	ydqy	简单鹤		0		0	0	0	0
也都如此	ydrc	简单鹤		0		0	0	0	0
有的人说	ydru	简单鹤		0		0	0	0	0
一段日子	ydrz	简单鹤		0		0	0	0	0
移动速度	ydsd	简单鹤		0		0	0	0	0
阴道松弛	ydsi	简单鹤		0		0	0	0	0
一大损失	ydsu	简单鹤		0		0	0	0	0
缘定三生	ydsu	简单鹤		0		0	0	0	0
原地踏步	ydtb	简单鹤		0		0	0	0	0
有点特别	ydtb	简单鹤		0		0	0	0	0
一顿痛打	ydtd	简单鹤		0		0	0	0	0
有待提高	ydtg	简单鹤		0		0	0	0	0
一代天骄	ydtj	简单鹤		0		0	0	0	0
有点头脑	ydtn	简单鹤		0		0	0	0	0
有待提升	ydtu	简单鹤		0		0	0	0	0
异地他乡	ydtx	简单鹤		0		0	0	0	0
移动设备	ydub	简单鹤		0		0	0	0	0
运动手表	ydub	简单鹤		0		0	0	0	0
有多少次	yduc	简单鹤		0		0	0	0	0
一段时光	ydug	简单鹤		0		0	0	0	0
有多少个	ydug	简单鹤		0		0	0	0	0
有的时候	yduh	简单鹤		0		0	0	0	0
运动手环	yduh	简单鹤		0		0	0	0	0
一段时间	yduj	简单鹤		0		0	0	0	0
一点时间	yduj	简单鹤		0		0	0	0	0
有段时间	yduj	简单鹤		0		0	0	0	0
一定数量	ydul	简单鹤		0		0	0	0	0
一定水平	ydup	简单鹤		0		0	0	0	0
一段时期	yduq	简单鹤		0		0	0	0	0
有待商榷	yduq	简单鹤		0		0	0	0	0
有多少人	ydur	简单鹤		0		0	0	0	0
原地社死	ydus	简单鹤		0		0	0	0	0
原地升天	ydut	简单鹤		0		0	0	0	0
有点失望	yduw	简单鹤		0		0	0	0	0
一定是有	yduy	简单鹤		0		0	0	0	0
印度神油	yduy	简单鹤		0		0	0	0	0
应对之策	ydvc	简单鹤		0		0	0	0	0
元旦祝福	ydvf	简单鹤		0		0	0	0	0
移动支付	ydvf	简单鹤		0		0	0	0	0
亚当重锤	ydvi	简单鹤		0		0	0	0	0
运动中枢	ydvu	简单鹤		0		0	0	0	0
阅读指数	ydvu	简单鹤		0		0	0	0	0
一党专政	ydvv	简单鹤		0		0	0	0	0
欲戴王冠	ydwg	简单鹤		0		0	0	0	0
元旦晚会	ydwh	简单鹤		0		0	0	0	0
移动网络	ydwl	简单鹤		0		0	0	0	0
羊大为美	ydwm	简单鹤		0		0	0	0	0
有点问题	ydwt	简单鹤		0		0	0	0	0
遇到问题	ydwt	简单鹤		0		0	0	0	0
以德为先	ydwx	简单鹤		0		0	0	0	0
有点心动	ydxd	简单鹤		0		0	0	0	0
有的兄弟	ydxd	简单鹤		0		0	0	0	0
异地相逢	ydxf	简单鹤		1		0	0	0	0
有点想法	ydxf	简单鹤		0		0	0	0	0
一朵鲜花	ydxh	简单鹤		0		0	0	0	0
运动相机	ydxj	简单鹤		0		0	0	0	0
一点小事	ydxu	简单鹤		0		0	0	0	0
由东向西	ydxx	简单鹤		0		0	0	0	0
一点心意	ydxy	简单鹤		0		0	0	0	0
愿打愿挨	ydya	简单鹤		0		0	0	0	0
一定要把	ydyb	简单鹤		0		0	0	0	0
以贷养贷	ydyd	简单鹤		0		0	0	0	0
意动用法	ydyf	简单鹤		0		0	0	0	0
有点遗憾	ydyh	简单鹤		0		0	0	0	0
越多越好	ydyh	简单鹤		0		0	0	0	0
一搭一唱	ydyi	简单鹤		0		0	0	0	0
有点异常	ydyi	简单鹤		0		0	0	0	0
印度运镜	ydyj	简单鹤		0		0	0	0	0
有待研究	ydyj	简单鹤		0		0	0	0	0
越打越快	ydyk	简单鹤		0		0	0	0	0
又当又立	ydyl	简单鹤		0		0	0	0	0
越打越慢	ydym	简单鹤		0		0	0	0	0
有的一拼	ydyp	简单鹤		0		0	0	0	0
一刀一枪	ydyq	简单鹤		0		0	0	0	0
有点意思	ydys	简单鹤		0		0	0	0	0
阅读原文	ydyw	简单鹤		0		0	0	0	0
一大一小	ydyx	简单鹤		0		0	0	0	0
一定意义	ydyy	简单鹤		0		0	0	0	0
一定要有	ydyy	简单鹤		0		0	0	0	0
晕倒在地	ydzd	简单鹤		0		0	0	0	0
一肚子火	ydzh	简单鹤		0		0	0	0	0
一肚子话	ydzh	简单鹤		0		0	0	0	0
饮弹自尽	ydzj	简单鹤		0		0	0	0	0
一睹尊容	ydzr	简单鹤		0		0	0	0	0
应对自如	ydzr	简单鹤		0		0	0	0	0
眼耳鼻喉	yebh	简单鹤		0		0	0	0	0
一儿半女	yebn	简单鹤		0		0	0	0	0
艳而不俗	yebs	简单鹤		0		0	0	0	0
余额查询	yeix	简单鹤		0		0	0	0	0
有二说二	yeue	简单鹤		0		0	0	0	0
婴儿用品	yeyp	简单鹤		0		0	0	0	0
一份爱心	yfax	简单鹤		0		0	0	0	0
依法保障	yfbv	简单鹤		0		0	0	0	0
一方霸业	yfby	简单鹤		0		0	0	0	0
预防措施	yfcu	简单鹤		0		0	0	0	0
语法错误	yfcw	简单鹤		0		0	0	0	0
依法逮捕	yfdb	简单鹤		0		0	0	0	0
要风得风	yfdf	简单鹤		0		0	0	0	0
诱发犯罪	yffz	简单鹤		0		0	0	0	0
一份关爱	yfga	简单鹤		0		0	0	0	0
一番功夫	yfgf	简单鹤		0		0	0	0	0
越发感觉	yfgj	简单鹤		0		0	0	0	0
永放光芒	yfgm	简单鹤		0		0	0	0	0
一份感情	yfgq	简单鹤		0		0	0	0	0
引发关注	yfgv	简单鹤		0		0	0	0	0
有福共享	yfgx	简单鹤		0		0	0	0	0
一番好意	yfhy	简单鹤		0		0	0	0	0
研发成本	yfib	简单鹤		0		0	0	0	0
研发成果	yfig	简单鹤		0		0	0	0	0
依法惩处	yfii	简单鹤		0		0	0	0	0
依法查处	yfii	简单鹤		0		0	0	0	0
忧愤成疾	yfij	简单鹤		1		0	0	0	0
依法处理	yfil	简单鹤		0		0	0	0	0
依法惩治	yfiv	简单鹤		0		0	0	0	0
一方巨擘	yfjb	简单鹤		0		0	0	0	0
越发觉得	yfjd	简单鹤		0		0	0	0	0
应付金额	yfje	简单鹤		0		0	0	0	0
依法监管	yfjg	简单鹤		0		0	0	0	0
迎风见长	yfji	简单鹤		0		0	0	0	0
医方集解	yfjj	简单鹤		0		0	0	0	0
一分价钱	yfjq	简单鹤		0		0	0	0	0
一反既往	yfjw	简单鹤		1		0	0	0	0
一份宽容	yfkr	简单鹤		0		0	0	0	0
一番口舌	yfku	简单鹤		0		0	0	0	0
一番苦心	yfkx	简单鹤		0		0	0	0	0
野辅联动	yfld	简单鹤		0		0	0	0	0
英法联军	yflj	简单鹤		0		0	0	0	0
应付了事	yflu	简单鹤		0		0	0	0	0
一份礼物	yflw	简单鹤		0		0	0	0	0
一方面是	yfmu	简单鹤		0		0	0	0	0
迎风冒雨	yfmy	简单鹤		0		0	0	0	0
研发能力	yfnl	简单鹤		0		0	0	0	0
依法纳税	yfnu	简单鹤		0		0	0	0	0
依法赔偿	yfpi	简单鹤		0		0	0	0	0
研发平台	yfpt	简单鹤		0		0	0	0	0
依法批准	yfpv	简单鹤		0		0	0	0	0
迎风飘扬	yfpy	简单鹤		0		0	0	0	0
依法取缔	yfqd	简单鹤		0		0	0	0	0
一份牵挂	yfqg	简单鹤		0		0	0	0	0
扬帆起航	yfqh	简单鹤		0		0	0	0	0
用非其人	yfqr	简单鹤		1		0	0	0	0
一番劝说	yfqu	简单鹤		0		0	0	0	0
一发入魂	yfrh	简单鹤		0		0	0	0	0
研发人员	yfry	简单鹤		0		0	0	0	0
有负所托	yfst	简单鹤		0		0	0	0	0
一份提案	yfta	简单鹤		0		0	0	0	0
一份调查	yfti	简单鹤		0		0	0	0	0
异父同母	yftm	简单鹤		0		0	0	0	0
一幅图片	yftp	简单鹤		0		0	0	0	0
一份通知	yftv	简单鹤		0		0	0	0	0
遇佛杀佛	yfuf	简单鹤		0		0	0	0	0
一分收获	yfuh	简单鹤		0		0	0	0	0
依法制裁	yfvc	简单鹤		0		0	0	0	0
以法治国	yfvg	简单鹤		0		0	0	0	0
依法追究	yfvj	简单鹤		0		0	0	0	0
应付账款	yfvk	简单鹤		0		0	0	0	0
以父之名	yfvm	简单鹤		0		0	0	0	0
一分钟内	yfvn	简单鹤		0		0	0	0	0
一分钟前	yfvq	简单鹤		0		0	0	0	0
一番折腾	yfvt	简单鹤		0		0	0	0	0
阴风阵阵	yfvv	简单鹤		0		0	0	0	0
依法执行	yfvx	简单鹤		0		0	0	0	0
疑犯追踪	yfvz	简单鹤		0		0	0	0	0
一份文件	yfwj	简单鹤		0		0	0	0	0
押赴刑场	yfxi	简单鹤		0		0	0	0	0
依法行事	yfxu	简单鹤		0		0	0	0	0
依法行使	yfxu	简单鹤		0		0	0	0	0
依法行政	yfxv	简单鹤		0		0	0	0	0
有房有车	yfyi	简单鹤		0		0	0	0	0
一分一厘	yfyl	简单鹤		0		0	0	0	0
以房养老	yfyl	简单鹤		0		0	0	0	0
一分一秒	yfym	简单鹤		0		0	0	0	0
岳父岳母	yfym	简单鹤		0		0	0	0	0
一房一厅	yfyt	简单鹤		0		0	0	0	0
一反一顺	yfyu	简单鹤		0		0	0	0	0
阴奉阳违	yfyw	简单鹤		0		0	0	0	0
以贩养吸	yfyx	简单鹤		0		0	0	0	0
吟风咏月	yfyy	简单鹤		1		0	0	0	0
一犯再犯	yfzf	简单鹤		0		0	0	0	0
一个爱好	ygah	简单鹤		0		0	0	0	0
严格按照	ygav	简单鹤		0		0	0	0	0
乙肝病毒	ygbd	简单鹤		0		0	0	0	0
一个办法	ygbf	简单鹤		0		0	0	0	0
一个部分	ygbf	简单鹤		0		0	0	0	0
应该不会	ygbh	简单鹤		0		0	0	0	0
严格把控	ygbk	简单鹤		0		0	0	0	0
一个不留	ygbl	简单鹤		0		0	0	0	0
一个不落	ygbl	简单鹤		0		0	0	0	0
应该不能	ygbn	简单鹤		0		0	0	0	0
一个不缺	ygbq	简单鹤		0		0	0	0	0
一个不少	ygbu	简单鹤		0		0	0	0	0
应该不是	ygbu	简单鹤		0		0	0	0	0
一概不知	ygbv	简单鹤		0		0	0	0	0
一个半月	ygby	简单鹤		0		0	0	0	0
阳光灿烂	ygcl	简单鹤		0		0	0	0	0
欲购从速	ygcs	简单鹤		0		0	0	0	0
一个错误	ygcw	简单鹤		0		0	0	0	0
阳光大道	ygdd	简单鹤		0		0	0	0	0
一个地方	ygdf	简单鹤		0		0	0	0	0
有个地方	ygdf	简单鹤		0		0	0	0	0
有轨电车	ygdi	简单鹤		0		0	0	0	0
有关当局	ygdj	简单鹤		0		0	0	0	0
油干灯尽	ygdj	简单鹤		1		0	0	0	0
一个道理	ygdl	简单鹤		0		0	0	0	0
一个顶俩	ygdl	简单鹤		0		0	0	0	0
眼光毒辣	ygdl	简单鹤		0		0	0	0	0
一个地区	ygdq	简单鹤		0		0	0	0	0
一个抵三	ygds	简单鹤		0		0	0	0	0
燕国地图	ygdt	简单鹤		0		0	0	0	0
严格地说	ygdu	简单鹤		0		0	0	0	0
一个多钟	ygdv	简单鹤		0		0	0	0	0
一个东西	ygdx	简单鹤		0		0	0	0	0
一个地下	ygdx	简单鹤		0		0	0	0	0
一个多月	ygdy	简单鹤		0		0	0	0	0
由感而发	ygef	简单鹤		0		0	0	0	0
一个二个	ygeg	简单鹤		0		0	0	0	0
有关法规	ygfg	简单鹤		0		0	0	0	0
一个房间	ygfj	简单鹤		0		0	0	0	0
有关法律	ygfl	简单鹤		0		0	0	0	0
油光发亮	ygfl	简单鹤		0		0	0	0	0
一个方面	ygfm	简单鹤		0		0	0	0	0
异国风情	ygfq	简单鹤		0		0	0	0	0
月高风轻	ygfq	简单鹤		0		0	0	0	0
因公负伤	ygfu	简单鹤		0		0	0	0	0
一贯方针	ygfv	简单鹤		0		0	0	0	0
一个方向	ygfx	简单鹤		0		0	0	0	0
一个疯子	ygfz	简单鹤		0		0	0	0	0
一个国家	yggj	简单鹤		0		0	0	0	0
严格管理	yggl	简单鹤		0		0	0	0	0
一个故事	yggu	简单鹤		0		0	0	0	0
一个关系	yggx	简单鹤		0		0	0	0	0
有个好处	yghi	简单鹤		0		0	0	0	0
一根毫毛	yghm	简单鹤		0		0	0	0	0
一根汗毛	yghm	简单鹤		0		0	0	0	0
因果函数	yghu	简单鹤		0		0	0	0	0
一个孩子	yghz	简单鹤		0		0	0	0	0
一改初衷	ygiv	简单鹤		0		0	0	0	0
远隔重洋	ygiy	简单鹤		0		0	0	0	0
阳光充足	ygiz	简单鹤		0		0	0	0	0
一个箭步	ygjb	简单鹤		0		0	0	0	0
牙关紧闭	ygjb	简单鹤		0		0	0	0	0
一个劲地	ygjd	简单鹤		0		0	0	0	0
一个角度	ygjd	简单鹤		0		0	0	0	0
一个机会	ygjh	简单鹤		0		0	0	0	0
英国进口	ygjk	简单鹤		0		0	0	0	0
严格纪律	ygjl	简单鹤		0		0	0	0	0
压根就没	ygjm	简单鹤		0		0	0	0	0
应该就是	ygju	简单鹤		0		0	0	0	0
严格教育	ygjy	简单鹤		0		0	0	0	0
阳光开朗	ygkl	简单鹤		0		0	0	0	0
亿格科威	ygkw	简单鹤		0		0	0	0	0
应该可以	ygky	简单鹤		0		0	0	0	0
一个礼拜	yglb	简单鹤		0		0	0	0	0
英国伦敦	ygld	简单鹤		0		0	0	0	0
一个两个	yglg	简单鹤		0		0	0	0	0
一个来回	yglh	简单鹤		0		0	0	0	0
严格来讲	yglj	简单鹤		0		0	0	0	0
应该来讲	yglj	简单鹤		0		0	0	0	0
严格来说	yglu	简单鹤		0		0	0	0	0
一国两智	yglv	简单鹤		0		0	0	0	0
一个来月	ygly	简单鹤		0		0	0	0	0
一个例子	yglz	简单鹤		0		0	0	0	0
有个例子	yglz	简单鹤		0		0	0	0	0
一个名额	ygme	简单鹤		0		0	0	0	0
一个没少	ygmu	简单鹤		0		0	0	0	0
一个没有	ygmy	简单鹤		0		0	0	0	0
应该没有	ygmy	简单鹤		0		0	0	0	0
有个毛用	ygmy	简单鹤		0		0	0	0	0
一个模子	ygmz	简单鹤		0		0	0	0	0
一个民族	ygmz	简单鹤		0		0	0	0	0
一股脑地	ygnd	简单鹤		0		0	0	0	0
勇敢牛牛	ygnn	简单鹤		0		0	0	0	0
英国女王	ygnw	简单鹤		0		0	0	0	0
一个频道	ygpd	简单鹤		0		0	0	0	0
阳光普照	ygpv	简单鹤		0		0	0	0	0
异国情调	ygqd	简单鹤		0		0	0	0	0
严格区分	ygqf	简单鹤		0		0	0	0	0
一个情况	ygqk	简单鹤		0		0	0	0	0
有关情况	ygqk	简单鹤		0		0	0	0	0
一杆清台	ygqt	简单鹤		0		0	0	0	0
一贯如此	ygrc	简单鹤		0		0	0	0	0
应该如此	ygrc	简单鹤		0		0	0	0	0
一个人的	ygrd	简单鹤		0		0	0	0	0
应该如何	ygrh	简单鹤		0		0	0	0	0
易感人群	ygrq	简单鹤		0		0	0	0	0
月光如水	ygru	简单鹤		0		0	0	0	0
有关人士	ygru	简单鹤		0		0	0	0	0
远古素材	ygsc	简单鹤		0		0	0	0	0
艳光四射	ygsu	简单鹤		0		0	0	0	0
一个条件	ygtj	简单鹤		0		0	0	0	0
有个条件	ygtj	简单鹤		0		0	0	0	0
冤鬼投胎	ygtt	简单鹤		0		0	0	0	0
越共探头	ygtt	简单鹤		0		0	0	0	0
一个天上	ygtu	简单鹤		0		0	0	0	0
夜观天象	ygtx	简单鹤		0		0	0	0	0
一个设备	ygub	简单鹤		0		0	0	0	0
应该是吧	ygub	简单鹤		0		0	0	0	0
远古时代	ygud	简单鹤		0		0	0	0	0
掩过饰非	yguf	简单鹤		1		0	0	0	0
应该是个	ygug	简单鹤		0		0	0	0	0
一个社会	yguh	简单鹤		0		0	0	0	0
一个时辰	ygui	简单鹤		0		0	0	0	0
一个世界	yguj	简单鹤		0		0	0	0	0
一个世纪	yguj	简单鹤		0		0	0	0	0
严格说来	ygul	简单鹤		0		0	0	0	0
应该是了	ygul	简单鹤		0		0	0	0	0
引鬼上门	ygum	简单鹤		1		0	0	0	0
一个事情	yguq	简单鹤		0		0	0	0	0
远古时期	yguq	简单鹤		0		0	0	0	0
阳光升起	yguq	简单鹤		0		0	0	0	0
应该说是	yguu	简单鹤		0		0	0	0	0
英国绅士	yguu	简单鹤		0		0	0	0	0
一个手指	yguv	简单鹤		0		0	0	0	0
一个上午	yguw	简单鹤		0		0	0	0	0
有关事项	ygux	简单鹤		0		0	0	0	0
英国首相	ygux	简单鹤		0		0	0	0	0
有关事宜	yguy	简单鹤		0		0	0	0	0
应该知道	ygvd	简单鹤		0		0	0	0	0
严格执法	ygvf	简单鹤		0		0	0	0	0
一个中国	ygvg	简单鹤		0		0	0	0	0
一国之君	ygvj	简单鹤		0		0	0	0	0
一个照面	ygvm	简单鹤		0		0	0	0	0
勇敢追求	ygvq	简单鹤		0		0	0	0	0
一个钟头	ygvt	简单鹤		0		0	0	0	0
由攻转守	ygvu	简单鹤		0		0	0	0	0
一贯主张	ygvv	简单鹤		0		0	0	0	0
严格执行	ygvx	简单鹤		0		0	0	0	0
应该这样	ygvy	简单鹤		0		0	0	0	0
忧国忘家	ygwj	简单鹤		1		0	0	0	0
一贯为人	ygwr	简单鹤		0		0	0	0	0
一个晚上	ygwu	简单鹤		0		0	0	0	0
阳光万丈	ygwv	简单鹤		0		0	0	0	0
有个万一	ygwy	简单鹤		0		0	0	0	0
有关系的	ygxd	简单鹤		0		0	0	0	0
一个想法	ygxf	简单鹤		0		0	0	0	0
因果循环	ygxh	简单鹤		0		0	0	0	0
严格训练	ygxl	简单鹤		0		0	0	0	0
有关系吗	ygxm	简单鹤		0		0	0	0	0
一个学期	ygxq	简单鹤		0		0	0	0	0
一个星期	ygxq	简单鹤		0		0	0	0	0
一个小时	ygxu	简单鹤		0		0	0	0	0
因公牺牲	ygxu	简单鹤		0		0	0	0	0
严格限制	ygxv	简单鹤		0		0	0	0	0
一个下午	ygxw	简单鹤		0		0	0	0	0
夜观星相	ygxx	简单鹤		0		0	0	0	0
夜观星象	ygxx	简单鹤		0		0	0	0	0
云宫迅音	ygxy	简单鹤		0		0	0	0	0
应该需要	ygxy	简单鹤		0		0	0	0	0
一个愿挨	ygya	简单鹤		0		0	0	0	0
应该应分	ygyf	简单鹤		0		0	0	0	0
一个月后	ygyh	简单鹤		0		0	0	0	0
有规有矩	ygyj	简单鹤		0		0	0	0	0
又甘又刻	ygyk	简单鹤		0		0	0	0	0
又肝又氪	ygyk	简单鹤		0		0	0	0	0
有个依靠	ygyk	简单鹤		0		0	0	0	0
阳光雨露	ygyl	简单鹤		0		0	0	0	0
一公一母	ygym	简单鹤		0		0	0	0	0
一个月内	ygyn	简单鹤		0		0	0	0	0
一个月前	ygyq	简单鹤		0		0	0	0	0
一个意思	ygys	简单鹤		0		0	0	0	0
一个眼神	ygyu	简单鹤		0		0	0	0	0
有个疑问	ygyw	简单鹤		0		0	0	0	0
一个原因	ygyy	简单鹤		0		0	0	0	0
严格意义	ygyy	简单鹤		0		0	0	0	0
牙根痒痒	ygyy	简单鹤		0		0	0	0	0
一个样子	ygyz	简单鹤		0		0	0	0	0
应该做的	ygzd	简单鹤		0		0	0	0	0
一贯作风	ygzf	简单鹤		0		0	0	0	0
一贯做法	ygzf	简单鹤		0		0	0	0	0
一个字母	ygzm	简单鹤		0		0	0	0	0
有何办法	yhbf	简单鹤		0		0	0	0	0
有何不好	yhbh	简单鹤		0		0	0	0	0
有何不同	yhbt	简单鹤		0		0	0	0	0
有何不妥	yhbt	简单鹤		0		0	0	0	0
誉毁参半	yhcb	简单鹤		0		0	0	0	0
英汉词典	yhcd	简单鹤		0		0	0	0	0
与会代表	yhdb	简单鹤		0		0	0	0	0
樱花大道	yhdd	简单鹤		0		0	0	0	0
银行贷款	yhdk	简单鹤		0		0	0	0	0
有很多人	yhdr	简单鹤		0		0	0	0	0
羽化登仙	yhdx	简单鹤		0		0	0	0	0
银河倒泻	yhdx	简单鹤		1		0	0	0	0
一晃而过	yheg	简单鹤		0		0	0	0	0
一会儿见	yhej	简单鹤		0		0	0	0	0
一轰而散	yhes	简单鹤		0		0	0	0	0
有何吩咐	yhff	简单鹤		0		0	0	0	0
用户反馈	yhfk	简单鹤		0		0	0	0	0
与或非门	yhfm	简单鹤		0		0	0	0	0
已婚妇女	yhfn	简单鹤		0		0	0	0	0
一会功夫	yhgf	简单鹤		0		0	0	0	0
有何贵干	yhgg	简单鹤		0		0	0	0	0
有何高见	yhgj	简单鹤		0		0	0	0	0
用户管理	yhgl	简单鹤		0		0	0	0	0
有何感受	yhgu	简单鹤		0		0	0	0	0
友好关系	yhgx	简单鹤		0		0	0	0	0
有何感想	yhgx	简单鹤		0		0	0	0	0
优化改造	yhgz	简单鹤		0		0	0	0	0
优惠活动	yhhd	简单鹤		0		0	0	0	0
晕乎乎的	yhhd	简单鹤		0		0	0	0	0
要好好的	yhhd	简单鹤		0		0	0	0	0
银行汇款	yhhk	简单鹤		0		0	0	0	0
银行汇票	yhhp	简单鹤		0		0	0	0	0
用户画像	yhhx	简单鹤		0		0	0	0	0
英汉互译	yhhy	简单鹤		0		0	0	0	0
雨后初晴	yhiq	简单鹤		0		0	0	0	0
羽化成仙	yhix	简单鹤		0		0	0	0	0
与会嘉宾	yhjb	简单鹤		0		0	0	0	0
油猴脚本	yhjb	简单鹤		0		0	0	0	0
也很简单	yhjd	简单鹤		0		0	0	0	0
阅后即焚	yhjf	简单鹤		0		0	0	0	0
一会就好	yhjh	简单鹤		0		0	0	0	0
有何见教	yhjj	简单鹤		0		0	0	0	0
友好交流	yhjl	简单鹤		0		0	0	0	0
有话就说	yhju	简单鹤		0		0	0	0	0
有何看法	yhkf	简单鹤		0		0	0	0	0
银行卡号	yhkh	简单鹤		0		0	0	0	0
优化空间	yhkj	简单鹤		0		0	0	0	0
有何困难	yhkn	简单鹤		0		0	0	0	0
艺画开天	yhkt	简单鹤		0		0	0	0	0
有话快说	yhku	简单鹤		0		0	0	0	0
友好邻邦	yhlb	简单鹤		0		0	0	0	0
与会领导	yhld	简单鹤		0		0	0	0	0
眼含泪花	yhlh	简单鹤		0		0	0	0	0
遗憾离场	yhli	简单鹤		0		0	0	0	0
用户流失	yhlu	简单鹤		0		0	0	0	0
银行流水	yhlu	简单鹤		0		0	0	0	0
友好来往	yhlw	简单鹤		0		0	0	0	0
烟花柳巷	yhlx	简单鹤		0		0	0	0	0
与狐谋皮	yhmp	简单鹤		1		0	0	0	0
易货贸易	yhmy	简单鹤		0		0	0	0	0
疑惑难决	yhnj	简单鹤		0		0	0	0	0
欲火难耐	yhnn	简单鹤		0		0	0	0	0
烟花女子	yhnz	简单鹤		0		0	0	0	0
一泓清泉	yhqq	简单鹤		0		0	0	0	0
用户群体	yhqt	简单鹤		0		0	0	0	0
也会如此	yhrc	简单鹤		0		0	0	0	0
一户人家	yhrj	简单鹤		0		0	0	0	0
遗恨人间	yhrj	简单鹤		0		0	0	0	0
眼含热泪	yhrl	简单鹤		0		0	0	0	0
殷红如血	yhrx	简单鹤		0		0	0	0	0
迎合人心	yhrx	简单鹤		0		0	0	0	0
杨辉三角	yhsj	简单鹤		0		0	0	0	0
淫秽色情	yhsq	简单鹤		0		0	0	0	0
烟花三月	yhsy	简单鹤		0		0	0	0	0
友好讨论	yhtl	简单鹤		0		0	0	0	0
雨后天晴	yhtq	简单鹤		0		0	0	0	0
永恒世界	yhuj	简单鹤		0		0	0	0	0
用户数量	yhul	简单鹤		0		0	0	0	0
淫秽视频	yhup	简单鹤		0		0	0	0	0
月黑杀人	yhur	简单鹤		0		0	0	0	0
一合之敌	yhvd	简单鹤		0		0	0	0	0
一壶浊酒	yhvj	简单鹤		0		0	0	0	0
有何指教	yhvj	简单鹤		0		0	0	0	0
银河战舰	yhvj	简单鹤		0		0	0	0	0
有话直说	yhvu	简单鹤		0		0	0	0	0
也很重要	yhvy	简单鹤		0		0	0	0	0
焰火晚会	yhwh	简单鹤		0		0	0	0	0
有何想法	yhxf	简单鹤		0		0	0	0	0
有何相干	yhxg	简单鹤		0		0	0	0	0
用户需求	yhxq	简单鹤		0		0	0	0	0
又好又快	yhyk	简单鹤		0		0	0	0	0
有何颜面	yhym	简单鹤		0		0	0	0	0
也会有人	yhyr	简单鹤		0		0	0	0	0
一呼一吸	yhyx	简单鹤		0		0	0	0	0
英汉字典	yhzd	简单鹤		0		0	0	0	0
有何做法	yhzf	简单鹤		0		0	0	0	0
以后再看	yhzk	简单鹤		0		0	0	0	0
以后再说	yhzu	简单鹤		0		0	0	0	0
迂回作战	yhzv	简单鹤		0		0	0	0	0
异常安静	yiaj	简单鹤		0		0	0	0	0
异常报错	yibc	简单鹤		0		0	0	0	0
有仇报仇	yibi	简单鹤		0		0	0	0	0
溢出屏幕	yibm	简单鹤		0		0	0	0	0
遗传病史	yibu	简单鹤		0		0	0	0	0
延迟毕业	yiby	简单鹤		0		0	0	0	0
遗传变异	yiby	简单鹤		0		0	0	0	0
远程操控	yick	简单鹤		0		0	0	0	0
一插到底	yidd	简单鹤		0		0	0	0	0
一场大火	yidh	简单鹤		0		0	0	0	0
已成定局	yidj	简单鹤		0		0	0	0	0
一超多强	yidq	简单鹤		0		0	0	0	0
一差二错	yiec	简单鹤		1		0	0	0	0
一触而发	yief	简单鹤		0		0	0	0	0
一场恶梦	yiem	简单鹤		0		0	0	0	0
原创歌手	yigu	简单鹤		0		0	0	0	0
异常火爆	yihb	简单鹤		0		0	0	0	0
远程会诊	yihv	简单鹤		0		0	0	0	0
一出好戏	yihx	简单鹤		0		0	0	0	0
一触就破	yijp	简单鹤		0		0	0	0	0
遗传基因	yijy	简单鹤		0		0	0	0	0
一场恋爱	yila	简单鹤		0		0	0	0	0
远程连接	yilj	简单鹤		0		0	0	0	0
溢出来了	yill	简单鹤		0		0	0	0	0
要出来了	yill	简单鹤		0		0	0	0	0
预处理器	yilq	简单鹤		0		0	0	0	0
一场旅行	yilx	简单鹤		0		0	0	0	0
延迟满足	yimz	简单鹤		0		0	0	0	0
原厂配件	yipj	简单鹤		0		0	0	0	0
异常情况	yiqk	简单鹤		0		0	0	0	0
移出群聊	yiql	简单鹤		0		0	0	0	0
遗臭千年	yiqn	简单鹤		1		0	0	0	0
乙醇汽油	yiqy	简单鹤		0		0	0	0	0
异常热闹	yirn	简单鹤		0		0	0	0	0
因吹丝厅	yist	简单鹤		0		0	0	0	0
永雏塔菲	yitf	简单鹤		0		0	0	0	0
延迟退休	yitx	简单鹤		0		0	0	0	0
勇闯天涯	yity	简单鹤		0		0	0	0	0
一朝天子	yitz	简单鹤		0		0	0	0	0
远程施法	yiuf	简单鹤		0		0	0	0	0
延长时间	yiuj	简单鹤		0		0	0	0	0
一场胜利	yiul	简单鹤		0		0	0	0	0
延迟上屏	yiup	简单鹤		0		0	0	0	0
有偿使用	yiuy	简单鹤		0		0	0	0	0
愚蠢至极	yivj	简单鹤		0		0	0	0	0
异常状况	yivk	简单鹤		0		0	0	0	0
阴沉着脸	yivl	简单鹤		0		0	0	0	0
远程桌面	yivm	简单鹤		0		0	0	0	0
一场战争	yivv	简单鹤		0		0	0	0	0
一城之主	yivv	简单鹤		0		0	0	0	0
也称之为	yivw	简单鹤		0		0	0	0	0
异常占用	yivy	简单鹤		0		0	0	0	0
以丑为美	yiwm	简单鹤		0		0	0	0	0
养成习惯	yixg	简单鹤		0		0	0	0	0
一场虚惊	yixj	简单鹤		0		0	0	0	0
遗传性状	yixv	简单鹤		0		0	0	0	0
有车有房	yiyf	简单鹤		0		0	0	0	0
一车一杆	yiyg	简单鹤		0		0	0	0	0
又臭又长	yiyi	简单鹤		0		0	0	0	0
已成艺术	yiyu	简单鹤		0		0	0	0	0
越扯越远	yiyy	简单鹤		0		0	0	0	0
原创作品	yizp	简单鹤		0		0	0	0	0
永久保存	yjbc	简单鹤		0		0	0	0	0
业界标杆	yjbg	简单鹤		0		0	0	0	0
研究报告	yjbg	简单鹤		0		0	0	0	0
也就不会	yjbh	简单鹤		0		0	0	0	0
也就罢了	yjbl	简单鹤		0		0	0	0	0
一击毙命	yjbm	简单鹤		0		0	0	0	0
研究表明	yjbm	简单鹤		0		0	0	0	0
一见不日	yjbr	简单鹤		0		0	0	0	0
意见不同	yjbt	简单鹤		0		0	0	0	0
月经不调	yjbt	简单鹤		0		0	0	0	0
一击必杀	yjbu	简单鹤		0		0	0	0	0
已经不是	yjbu	简单鹤		0		0	0	0	0
已经不再	yjbz	简单鹤		0		0	0	0	0
右键菜单	yjcd	简单鹤		0		0	0	0	0
一脚踩空	yjck	简单鹤		0		0	0	0	0
应急措施	yjcu	简单鹤		0		0	0	0	0
一镜到底	yjdd	简单鹤		0		0	0	0	0
有简打简	yjdj	简单鹤		0		0	0	0	0
已经到了	yjdl	简单鹤		0		0	0	0	0
引颈待戮	yjdl	简单鹤		0		0	0	0	0
犹记当年	yjdn	简单鹤		0		0	0	0	0
眼睛盯着	yjdv	简单鹤		0		0	0	0	0
银角大王	yjdw	简单鹤		0		0	0	0	0
研究对象	yjdx	简单鹤		0		0	0	0	0
一记耳光	yjeg	简单鹤		0		0	0	0	0
应急方案	yjfa	简单鹤		0		0	0	0	0
与己方便	yjfb	简单鹤		0		0	0	0	0
予己方便	yjfb	简单鹤		0		0	0	0	0
一家饭店	yjfd	简单鹤		0		0	0	0	0
应急分队	yjfd	简单鹤		0		0	0	0	0
严加防范	yjff	简单鹤		0		0	0	0	0
永久封禁	yjfj	简单鹤		0		0	0	0	0
意见反馈	yjfk	简单鹤		0		0	0	0	0
演技浮夸	yjfk	简单鹤		0		0	0	0	0
已经放弃	yjfq	简单鹤		0		0	0	0	0
业绩斐然	yjfr	简单鹤		0		0	0	0	0
永久反弹	yjft	简单鹤		0		0	0	0	0
研究发现	yjfx	简单鹤		0		0	0	0	0
研究方向	yjfx	简单鹤		0		0	0	0	0
应激反应	yjfy	简单鹤		0		0	0	0	0
远近高低	yjgd	简单鹤		0		0	0	0	0
依据惯例	yjgl	简单鹤		0		0	0	0	0
眼睛干涩	yjgs	简单鹤		0		0	0	0	0
已经过时	yjgu	简单鹤		0		0	0	0	0
一较高下	yjgx	简单鹤		0		0	0	0	0
冶金工业	yjgy	简单鹤		0		0	0	0	0
一级缓存	yjhc	简单鹤		0		0	0	0	0
一键恢复	yjhf	简单鹤		0		0	0	0	0
永劫回归	yjhg	简单鹤		0		0	0	0	0
已经很久	yjhj	简单鹤		0		0	0	0	0
应节合拍	yjhp	简单鹤		1		0	0	0	0
月经后期	yjhq	简单鹤		0		0	0	0	0
一键还原	yjhy	简单鹤		0		0	0	0	0
欲拒还迎	yjhy	简单鹤		0		0	0	0	0
永久会员	yjhy	简单鹤		0		0	0	0	0
应急车道	yjid	简单鹤		0		0	0	0	0
应急出口	yjik	简单鹤		0		0	0	0	0
已经成了	yjil	简单鹤		0		0	0	0	0
已经承诺	yjin	简单鹤		0		0	0	0	0
掩卷沉思	yjis	简单鹤		0		0	0	0	0
已经成熟	yjiu	简单鹤		0		0	0	0	0
一举成为	yjiw	简单鹤		0		0	0	0	0
一箭穿心	yjix	简单鹤		0		0	0	0	0
已经出现	yjix	简单鹤		0		0	0	0	0
有奖竞猜	yjjc	简单鹤		0		0	0	0	0
研究决定	yjjd	简单鹤		0		0	0	0	0
硬件加速	yjjs	简单鹤		0		0	0	0	0
一击即中	yjjv	简单鹤		0		0	0	0	0
研究价值	yjjv	简单鹤		0		0	0	0	0
圆角矩形	yjjx	简单鹤		0		0	0	0	0
意见建议	yjjy	简单鹤		0		0	0	0	0
研究开发	yjkf	简单鹤		0		0	0	0	0
严加看管	yjkg	简单鹤		0		0	0	0	0
眼界开阔	yjkk	简单鹤		0		0	0	0	0
研究课题	yjkt	简单鹤		0		0	0	0	0
严峻考验	yjky	简单鹤		0		0	0	0	0
已经来到	yjld	简单鹤		0		0	0	0	0
有句老话	yjlh	简单鹤		0		0	0	0	0
用尽力气	yjlq	简单鹤		0		0	0	0	0
悠久历史	yjlu	简单鹤		0		0	0	0	0
一键连招	yjlv	简单鹤		0		0	0	0	0
业界良心	yjlx	简单鹤		0		0	0	0	0
研究领域	yjly	简单鹤		0		0	0	0	0
已经没了	yjml	简单鹤		0		0	0	0	0
夜间模式	yjmu	简单鹤		0		0	0	0	0
也就没有	yjmy	简单鹤		0		0	0	0	0
已经没有	yjmy	简单鹤		0		0	0	0	0
已经拿到	yjnd	简单鹤		0		0	0	0	0
已经能够	yjng	简单鹤		0		0	0	0	0
有家难回	yjnh	简单鹤		0		0	0	0	0
桜井宁宁	yjnn	简单鹤		0		0	0	0	0
研究内容	yjnr	简单鹤		0		0	0	0	0
也就那样	yjny	简单鹤		0		0	0	0	0
一键排版	yjpb	简单鹤		0		0	0	0	0
液晶屏幕	yjpm	简单鹤		0		0	0	0	0
硬件平台	yjpt	简单鹤		0		0	0	0	0
一键签到	yjqd	简单鹤		0		0	0	0	0
已经确定	yjqd	简单鹤		0		0	0	0	0
用尽全力	yjql	简单鹤		0		0	0	0	0
沿街乞讨	yjqt	简单鹤		0		0	0	0	0
远近亲疏	yjqu	简单鹤		0		0	0	0	0
有简让全	yjrq	简单鹤		0		0	0	0	0
由俭入奢	yjru	简单鹤		0		0	0	0	0
引君入瓮	yjrw	简单鹤		0		0	0	0	0
一家三口	yjsk	简单鹤		0		0	0	0	0
一家四口	yjsk	简单鹤		0		0	0	0	0
一己私利	yjsl	简单鹤		0		0	0	0	0
一键三连	yjsl	简单鹤		0		0	0	0	0
一己私欲	yjsy	简单鹤		0		0	0	0	0
一脚踏空	yjtk	简单鹤		0		0	0	0	0
与肩同宽	yjtk	简单鹤		0		0	0	0	0
一击脱离	yjtl	简单鹤		0		0	0	0	0
用脚投票	yjtp	简单鹤		0		0	0	0	0
一脚踢死	yjts	简单鹤		0		0	0	0	0
研究探讨	yjtt	简单鹤		0		0	0	0	0
迎接挑战	yjtv	简单鹤		0		0	0	0	0
邮件通知	yjtv	简单鹤		0		0	0	0	0
一家团圆	yjty	简单鹤		0		0	0	0	0
有机蔬菜	yjuc	简单鹤		0		0	0	0	0
有机水果	yjug	简单鹤		0		0	0	0	0
友军伤害	yjuh	简单鹤		0		0	0	0	0
应急食品	yjup	简单鹤		0		0	0	0	0
有机食品	yjup	简单鹤		0		0	0	0	0
一件事情	yjuq	简单鹤		0		0	0	0	0
有件事情	yjuq	简单鹤		0		0	0	0	0
跃居首位	yjuw	简单鹤		0		0	0	0	0
已经使用	yjuy	简单鹤		0		0	0	0	0
一举中标	yjvb	简单鹤		0		0	0	0	0
以静制动	yjvd	简单鹤		0		0	0	0	0
演技炸裂	yjvl	简单鹤		0		0	0	0	0
一击致命	yjvm	简单鹤		0		0	0	0	0
研究证明	yjvm	简单鹤		0		0	0	0	0
月经周期	yjvq	简单鹤		0		0	0	0	0
研经铸史	yjvu	简单鹤		1		0	0	0	0
有奖征文	yjvw	简单鹤		0		0	0	0	0
也就这样	yjvy	简单鹤		0		0	0	0	0
已经完成	yjwi	简单鹤		0		0	0	0	0
永劫无间	yjwj	简单鹤		0		0	0	0	0
一家五口	yjwk	简单鹤		0		0	0	0	0
已经晚了	yjwl	简单鹤		0		0	0	0	0
月经紊乱	yjwl	简单鹤		0		0	0	0	0
鹰角网络	yjwl	简单鹤		0		0	0	0	0
已经完全	yjwq	简单鹤		0		0	0	0	0
有简无全	yjwq	简单鹤		0		0	0	0	0
以进为退	yjwt	简单鹤		0		0	0	0	0
衣角微脏	yjwz	简单鹤		0		0	0	0	0
永久下架	yjxj	简单鹤		0		0	0	0	0
一觉醒来	yjxl	简单鹤		0		0	0	0	0
英俊潇洒	yjxs	简单鹤		0		0	0	0	0
一件小事	yjxu	简单鹤		0		0	0	0	0
意见相左	yjxz	简单鹤		0		0	0	0	0
应急预案	yjya	简单鹤		0		0	0	0	0
一进一出	yjyi	简单鹤		0		0	0	0	0
已经有了	yjyl	简单鹤		0		0	0	0	0
一机一码	yjym	简单鹤		0		0	0	0	0
一级域名	yjym	简单鹤		0		0	0	0	0
又惊又怕	yjyp	简单鹤		0		0	0	0	0
又急又气	yjyq	简单鹤		0		0	0	0	0
越加以为	yjyw	简单鹤		0		0	0	0	0
一级演员	yjyy	简单鹤		0		0	0	0	0
牙尖嘴利	yjzl	简单鹤		0		0	0	0	0
一家子人	yjzr	简单鹤		0		0	0	0	0
抑菌作用	yjzy	简单鹤		0		0	0	0	0
一刻不停	ykbt	简单鹤		0		0	0	0	0
一看便知	ykbv	简单鹤		0		0	0	0	0
有空的话	ykdh	简单鹤		0		0	0	0	0
一哭二闹	yken	简单鹤		0		0	0	0	0
一口恶气	ykeq	简单鹤		0		0	0	0	0
御空而行	ykex	简单鹤		0		0	0	0	0
掩口而笑	ykex	简单鹤		1		0	0	0	0
一口否认	ykfr	简单鹤		0		0	0	0	0
掩口葫芦	ykhl	简单鹤		1		0	0	0	0
优酷会员	ykhy	简单鹤		0		0	0	0	0
一看就会	ykjh	简单鹤		0		0	0	0	0
一看究竟	ykjj	简单鹤		0		0	0	0	0
一看就是	ykju	简单鹤		0		0	0	0	0
一看就知	ykjv	简单鹤		0		0	0	0	0
眼看就要	ykjy	简单鹤		0		0	0	0	0
一口老血	yklx	简单鹤		0		0	0	0	0
一颗明珠	ykmv	简单鹤		0		0	0	0	0
有可能的	yknd	简单鹤		0		0	0	0	0
有口难分	yknf	简单鹤		1		0	0	0	0
有可能会	yknh	简单鹤		0		0	0	0	0
也可能是	yknu	简单鹤		0		0	0	0	0
有可能是	yknu	简单鹤		0		0	0	0	0
一刻千金	ykqj	简单鹤		1		0	0	0	0
一开始就	ykuj	简单鹤		0		0	0	0	0
遥控玩具	ykwj	简单鹤		0		0	0	0	0
也可以的	ykyd	简单鹤		0		0	0	0	0
一口一个	ykyg	简单鹤		0		0	0	0	0
一开一关	ykyg	简单鹤		0		0	0	0	0
又快又好	ykyh	简单鹤		0		0	0	0	0
眼眶一红	ykyh	简单鹤		0		0	0	0	0
又苦又累	ykyl	简单鹤		0		0	0	0	0
又哭又笑	ykyx	简单鹤		0		0	0	0	0
有空再聊	ykzl	简单鹤		0		0	0	0	0
疑虑不安	ylba	简单鹤		0		0	0	0	0
屹立不倒	ylbd	简单鹤		0		0	0	0	0
意料不到	ylbd	简单鹤		0		0	0	0	0
一两百个	ylbg	简单鹤		0		0	0	0	0
娱乐八卦	ylbg	简单鹤		0		0	0	0	0
眼泪巴叉	ylbi	简单鹤		0		0	0	0	0
一鳞半甲	ylbj	简单鹤		1		0	0	0	0
医疗保健	ylbj	简单鹤		0		0	0	0	0
于理不容	ylbr	简单鹤		0		0	0	0	0
一路飙升	ylbu	简单鹤		0		0	0	0	0
原来不是	ylbu	简单鹤		0		0	0	0	0
一脸鄙夷	ylby	简单鹤		0		0	0	0	0
一脸错愕	ylce	简单鹤		0		0	0	0	0
欲练此功	ylcg	简单鹤		0		0	0	0	0
一脸菜色	ylcs	简单鹤		0		0	0	0	0
压力测试	ylcu	简单鹤		0		0	0	0	0
有力措施	ylcu	简单鹤		0		0	0	0	0
迎来大变	yldb	简单鹤		0		0	0	0	0
有了点儿	ylde	简单鹤		0		0	0	0	0
引力弹弓	yldg	简单鹤		0		0	0	0	0
舆论大哗	yldh	简单鹤		0		0	0	0	0
娱乐大师	yldu	简单鹤		0		0	0	0	0
医疗单位	yldw	简单鹤		0		0	0	0	0
由里到外	yldw	简单鹤		0		0	0	0	0
一流大学	yldx	简单鹤		0		0	0	0	0
一掠而过	yleg	简单鹤		0		0	0	0	0
扬了二正	ylev	简单鹤		0		0	0	0	0
引领而望	ylew	简单鹤		1		0	0	0	0
阅历丰富	ylff	简单鹤		0		0	0	0	0
原路返回	ylfh	简单鹤		0		0	0	0	0
一两分钟	ylfv	简单鹤		0		0	0	0	0
一轮复习	ylfx	简单鹤		0		0	0	0	0
医疗费用	ylfy	简单鹤		0		0	0	0	0
用力过度	ylgd	简单鹤		0		0	0	0	0
舆论工具	ylgj	简单鹤		0		0	0	0	0
一路过来	ylgl	简单鹤		0		0	0	0	0
用力过猛	ylgm	简单鹤		0		0	0	0	0
一两个人	ylgr	简单鹤		0		0	0	0	0
一两个钟	ylgv	简单鹤		0		0	0	0	0
一两个月	ylgy	简单鹤		0		0	0	0	0
羊了个羊	ylgy	简单鹤		0		0	0	0	0
一两个字	ylgz	简单鹤		0		0	0	0	0
压力很大	ylhd	简单鹤		0		0	0	0	0
羊落虎口	ylhk	简单鹤		1		0	0	0	0
预留号码	ylhm	简单鹤		0		0	0	0	0
有了好转	ylhv	简单鹤		0		0	0	0	0
一脸坏笑	ylhx	简单鹤		0		0	0	0	0
原来还有	ylhy	简单鹤		0		0	0	0	0
以乐衬哀	ylia	简单鹤		0		0	0	0	0
因利乘便	ylib	简单鹤		1		0	0	0	0
一力承当	ylid	简单鹤		1		0	0	0	0
月里嫦娥	ylie	简单鹤		1		0	0	0	0
严厉处罚	ylif	简单鹤		0		0	0	0	0
预览窗格	ylig	简单鹤		0		0	0	0	0
疑虑重重	ylii	简单鹤		0		0	0	0	0
引领潮流	ylil	简单鹤		0		0	0	0	0
有力出力	ylil	简单鹤		0		0	0	0	0
游乐场所	ylis	简单鹤		0		0	0	0	0
一路畅通	ylit	简单鹤		0		0	0	0	0
阴冷潮湿	yliu	简单鹤		0		0	0	0	0
严厉惩治	yliv	简单鹤		0		0	0	0	0
远离尘嚣	ylix	简单鹤		0		0	0	0	0
眼力见儿	ylje	简单鹤		0		0	0	0	0
医疗纠纷	yljf	简单鹤		0		0	0	0	0
月亮姐姐	yljj	简单鹤		0		0	0	0	0
有利局面	yljm	简单鹤		0		0	0	0	0
有力见证	yljv	简单鹤		0		0	0	0	0
雨露均沾	yljv	简单鹤		0		0	0	0	0
原力觉醒	yljx	简单鹤		0		0	0	0	0
一路狂奔	ylkb	简单鹤		0		0	0	0	0
援老抗美	ylkm	简单鹤		0		0	0	0	0
原理框图	ylkt	简单鹤		0		0	0	0	0
压力克数	ylku	简单鹤		0		0	0	0	0
一脸苦相	ylkx	简单鹤		0		0	0	0	0
园林绿化	yllh	简单鹤		0		0	0	0	0
一脸冷漠	yllm	简单鹤		0		0	0	0	0
要了老命	yllm	简单鹤		0		0	0	0	0
幽灵猎手	yllu	简单鹤		0		0	0	0	0
一路领先	yllx	简单鹤		0		0	0	0	0
一脸懵逼	ylmb	简单鹤		0		0	0	0	0
英伦玫瑰	ylmg	简单鹤		0		0	0	0	0
一脸迷惑	ylmh	简单鹤		0		0	0	0	0
要了命了	ylml	简单鹤		0		0	0	0	0
一脸迷茫	ylmm	简单鹤		0		0	0	0	0
一脸茫然	ylmr	简单鹤		0		0	0	0	0
娱乐模式	ylmu	简单鹤		0		0	0	0	0
娱乐明星	ylmx	简单鹤		0		0	0	0	0
原来没有	ylmy	简单鹤		0		0	0	0	0
有了没有	ylmy	简单鹤		0		0	0	0	0
渔猎民族	ylmz	简单鹤		0		0	0	0	0
一路逆风	ylnf	简单鹤		0		0	0	0	0
原来那个	ylng	简单鹤		0		0	0	0	0
一两年内	ylnn	简单鹤		0		0	0	0	0
一路碾压	ylny	简单鹤		0		0	0	0	0
原来你也	ylny	简单鹤		0		0	0	0	0
娱乐频道	ylpd	简单鹤		0		0	0	0	0
音乐频道	ylpd	简单鹤		0		0	0	0	0
严厉批评	ylpp	简单鹤		0		0	0	0	0
一路攀升	ylpu	简单鹤		0		0	0	0	0
一辆汽车	ylqi	简单鹤		0		0	0	0	0
玉露琼浆	ylqj	简单鹤		0		0	0	0	0
要了亲命	ylqm	简单鹤		0		0	0	0	0
医疗器械	ylqx	简单鹤		0		0	0	0	0
一缕青烟	ylqy	简单鹤		0		0	0	0	0
缘来如此	ylrc	简单鹤		0		0	0	0	0
一脸认真	ylrv	简单鹤		0		0	0	0	0
依赖思想	ylsx	简单鹤		0		0	0	0	0
有力推动	yltd	简单鹤		0		0	0	0	0
舆论调查	ylti	简单鹤		0		0	0	0	0
音量调节	yltj	简单鹤		0		0	0	0	0
一路同行	yltx	简单鹤		0		0	0	0	0
原来是词	yluc	简单鹤		0		0	0	0	0
压力山大	ylud	简单鹤		0		0	0	0	0
有利时机	yluj	简单鹤		0		0	0	0	0
涌了上来	ylul	简单鹤		0		0	0	0	0
赢了输了	ylul	简单鹤		0		0	0	0	0
以例说明	ylum	简单鹤		0		0	0	0	0
原来是你	ylun	简单鹤		0		0	0	0	0
一流水平	ylup	简单鹤		0		0	0	0	0
于勒叔叔	yluu	简单鹤		0		0	0	0	0
医疗设施	yluu	简单鹤		0		0	0	0	0
娱乐设施	yluu	简单鹤		0		0	0	0	0
游乐设施	yluu	简单鹤		0		0	0	0	0
优劣之分	ylvf	简单鹤		0		0	0	0	0
英烈忠魂	ylvh	简单鹤		0		0	0	0	0
一脸震惊	ylvj	简单鹤		0		0	0	0	0
有了转机	ylvj	简单鹤		0		0	0	0	0
有力证据	ylvj	简单鹤		0		0	0	0	0
一路终老	ylvl	简单鹤		0		0	0	0	0
眼泪直流	ylvl	简单鹤		0		0	0	0	0
意料之内	ylvn	简单鹤		0		0	0	0	0
娱乐至死	ylvs	简单鹤		0		0	0	0	0
原来只是	ylvu	简单鹤		0		0	0	0	0
娱乐至上	ylvu	简单鹤		0		0	0	0	0
意料中事	ylvu	简单鹤		0		0	0	0	0
引流之主	ylvv	简单鹤		0		0	0	0	0
影流之主	ylvv	简单鹤		0		0	0	0	0
娱乐中心	ylvx	简单鹤		0		0	0	0	0
原来这样	ylvy	简单鹤		0		0	0	0	0
一粒种子	ylvz	简单鹤		0		0	0	0	0
元流之子	ylvz	简单鹤		0		0	0	0	0
一脸无辜	ylwg	简单鹤		0		0	0	0	0
有利无害	ylwh	简单鹤		0		0	0	0	0
一脸无奈	ylwn	简单鹤		0		0	0	0	0
有来无去	ylwq	简单鹤		0		0	0	0	0
遗留问题	ylwt	简单鹤		0		0	0	0	0
游乐王子	ylwz	简单鹤		0		0	0	0	0
一路向北	ylxb	简单鹤		0		0	0	0	0
以类相从	ylxc	简单鹤		1		0	0	0	0
有了想法	ylxf	简单鹤		0		0	0	0	0
眼露凶光	ylxg	简单鹤		0		0	0	0	0
一路下滑	ylxh	简单鹤		0		0	0	0	0
一流学科	ylxk	简单鹤		0		0	0	0	0
以泪洗脸	ylxl	简单鹤		0		0	0	0	0
遗留下来	ylxl	简单鹤		0		0	0	0	0
一溜小跑	ylxp	简单鹤		0		0	0	0	0
一路小跑	ylxp	简单鹤		0		0	0	0	0
一脸嫌弃	ylxq	简单鹤		0		0	0	0	0
一路向前	ylxq	简单鹤		0		0	0	0	0
咽了下去	ylxq	简单鹤		0		0	0	0	0
一两小时	ylxu	简单鹤		0		0	0	0	0
游龙戏珠	ylxv	简单鹤		0		0	0	0	0
医疗行为	ylxw	简单鹤		0		0	0	0	0
娱乐新闻	ylxw	简单鹤		0		0	0	0	0
一路向西	ylxx	简单鹤		0		0	0	0	0
越来越暗	ylya	简单鹤		0		0	0	0	0
又冷又饿	ylye	简单鹤		0		0	0	0	0
一楼一凤	ylyf	简单鹤		0		0	0	0	0
有了一个	ylyg	简单鹤		0		0	0	0	0
越来越高	ylyg	简单鹤		0		0	0	0	0
有来有回	ylyh	简单鹤		0		0	0	0	0
越来越差	ylyi	简单鹤		0		0	0	0	0
越来越长	ylyi	简单鹤		0		0	0	0	0
越来越近	ylyj	简单鹤		0		0	0	0	0
又累又困	ylyk	简单鹤		0		0	0	0	0
越来越快	ylyk	简单鹤		0		0	0	0	0
一愣一愣	ylyl	简单鹤		0		0	0	0	0
一帘幽梦	ylym	简单鹤		0		0	0	0	0
越来越慢	ylym	简单鹤		0		0	0	0	0
愈来愈浓	ylyn	简单鹤		0		0	0	0	0
越来越难	ylyn	简单鹤		0		0	0	0	0
游来游去	ylyq	简单鹤		0		0	0	0	0
越来越强	ylyq	简单鹤		0		0	0	0	0
一冷一热	ylyr	简单鹤		0		0	0	0	0
越来越热	ylyr	简单鹤		0		0	0	0	0
有利因素	ylys	简单鹤		0		0	0	0	0
摇了摇头	ylyt	简单鹤		0		0	0	0	0
原来也是	ylyu	简单鹤		0		0	0	0	0
有零有整	ylyv	简单鹤		0		0	0	0	0
越来越像	ylyx	简单鹤		0		0	0	0	0
咬了咬牙	ylyy	简单鹤		0		0	0	0	0
越来越远	ylyy	简单鹤		0		0	0	0	0
越来越糟	ylyz	简单鹤		0		0	0	0	0
一路走高	ylzg	简单鹤		0		0	0	0	0
一路走好	ylzh	简单鹤		0		0	0	0	0
一路走来	ylzl	简单鹤		0		0	0	0	0
以利再战	ylzv	简单鹤		0		0	0	0	0
也没办法	ymbf	简单鹤		0		0	0	0	0
一秒变脸	ymbl	简单鹤		0		0	0	0	0
圆满闭幕	ymbm	简单鹤		0		0	0	0	0
也没必要	ymby	简单鹤		0		0	0	0	0
有目的的	ymdd	简单鹤		0		0	0	0	0
幽冥地府	ymdf	简单鹤		0		0	0	0	0
玉米淀粉	ymdf	简单鹤		0		0	0	0	0
颜面丢尽	ymdj	简单鹤		0		0	0	0	0
以命抵命	ymdm	简单鹤		0		0	0	0	0
越陌度阡	ymdq	简单鹤		0		0	0	0	0
郁闷的是	ymdu	简单鹤		0		0	0	0	0
油焖大虾	ymdx	简单鹤		0		0	0	0	0
英美法系	ymfx	简单鹤		0		0	0	0	0
也没关系	ymgx	简单鹤		0		0	0	0	0
幽门梗阻	ymgz	简单鹤		0		0	0	0	0
优美环境	ymhj	简单鹤		0		0	0	0	0
幽默滑稽	ymhj	简单鹤		0		0	0	0	0
以命换命	ymhm	简单鹤		0		0	0	0	0
油门焊死	ymhs	简单鹤		0		0	0	0	0
腰马合一	ymhy	简单鹤		0		0	0	0	0
一名成员	ymiy	简单鹤		0		0	0	0	0
英明决策	ymjc	简单鹤		0		0	0	0	0
圆满解决	ymjj	简单鹤		0		0	0	0	0
要么就是	ymju	简单鹤		0		0	0	0	0
颜面尽失	ymju	简单鹤		0		0	0	0	0
幽默机智	ymjv	简单鹤		0		0	0	0	0
愚民教育	ymjy	简单鹤		0		0	0	0	0
掩面泪奔	ymlb	简单鹤		0		0	0	0	0
愚昧落后	ymlh	简单鹤		0		0	0	0	0
圆满落幕	ymlm	简单鹤		0		0	0	0	0
一抹亮色	ymls	简单鹤		0		0	0	0	0
扬名立腕	ymlw	简单鹤		0		0	0	0	0
元末明初	ymmi	简单鹤		0		0	0	0	0
原末鸣初	ymmi	简单鹤		0		0	0	0	0
倚门卖俏	ymmq	简单鹤		1		0	0	0	0
愚木脑袋	ymnd	简单鹤		0		0	0	0	0
榆木脑袋	ymnd	简单鹤		1		0	0	0	0
野蛮女友	ymny	简单鹤		0		0	0	0	0
一名男子	ymnz	简单鹤		0		0	0	0	0
也蛮拼的	ympd	简单鹤		0		0	0	0	0
迎面扑来	ympl	简单鹤		0		0	0	0	0
衣袂飘飘	ympp	简单鹤		0		0	0	0	0
延绵起伏	ymqf	简单鹤		0		0	0	0	0
一面旗帜	ymqv	简单鹤		0		0	0	0	0
郁闷死了	ymsl	简单鹤		0		0	0	0	0
也没什么	ymsm	简单鹤		0		0	0	0	0
一命速通	ymst	简单鹤		0		0	0	0	0
玉米糁子	ymsz	简单鹤		0		0	0	0	0
一命通关	ymtg	简单鹤		0		0	0	0	0
玉米投手	ymtu	简单鹤		0		0	0	0	0
验明身份	ymuf	简单鹤		0		0	0	0	0
野蛮生长	ymui	简单鹤		0		0	0	0	0
辕门射戟	ymuj	简单鹤		0		0	0	0	0
页面设计	ymuj	简单鹤		0		0	0	0	0
隐瞒事实	ymuu	简单鹤		0		0	0	0	0
页面设置	ymuv	简单鹤		0		0	0	0	0
英明神武	ymuw	简单鹤		0		0	0	0	0
隐秘之处	ymvi	简单鹤		0		0	0	0	0
一秒钟前	ymvq	简单鹤		0		0	0	0	0
仰慕之情	ymvq	简单鹤		0		0	0	0	0
妖魔外道	ymwd	简单鹤		0		0	0	0	0
野马无缰	ymwj	简单鹤		1		0	0	0	0
以梦为马	ymwm	简单鹤		0		0	0	0	0
游牧文明	ymwm	简单鹤		0		0	0	0	0
也没问题	ymwt	简单鹤		0		0	0	0	0
以命相搏	ymxb	简单鹤		0		0	0	0	0
也没想到	ymxd	简单鹤		0		0	0	0	0
游民星空	ymxk	简单鹤		0		0	0	0	0
一马一鞍	ymya	简单鹤		1		0	0	0	0
英名永存	ymyc	简单鹤		0		0	0	0	0
越描越黑	ymyh	简单鹤		0		0	0	0	0
仰慕已久	ymyj	简单鹤		0		0	0	0	0
愿买愿卖	ymym	简单鹤		0		0	0	0	0
也没有人	ymyr	简单鹤		0		0	0	0	0
有没有人	ymyr	简单鹤		0		0	0	0	0
要命一条	ymyt	简单鹤		0		0	0	0	0
英明一世	ymyu	简单鹤		0		0	0	0	0
驭民有术	ymyu	简单鹤		0		0	0	0	0
有没有完	ymyw	简单鹤		0		0	0	0	0
裕民足国	ymzg	简单鹤		1		0	0	0	0
以免造成	ymzi	简单鹤		0		0	0	0	0
迎面走来	ymzl	简单鹤		0		0	0	0	0
芋泥啵啵	ynbb	简单鹤		0		0	0	0	0
疑难病症	ynbv	简单鹤		0		0	0	0	0
有女不玩	ynbw	简单鹤		0		0	0	0	0
有男不玩	ynbw	简单鹤		0		0	0	0	0
由南到北	yndb	简单鹤		0		0	0	0	0
业内大佬	yndl	简单鹤		0		0	0	0	0
迎男而上	yneu	简单鹤		0		0	0	0	0
亦能覆舟	ynfv	简单鹤		0		0	0	0	0
用脑过度	yngd	简单鹤		0		0	0	0	0
与你何干	ynhg	简单鹤		0		0	0	0	0
于你何干	ynhg	简单鹤		0		0	0	0	0
有你好受	ynhu	简单鹤		0		0	0	0	0
意念合一	ynhy	简单鹤		0		0	0	0	0
要你何用	ynhy	简单鹤		0		0	0	0	0
一念成魔	ynim	简单鹤		0		0	0	0	0
阴囊潮湿	yniu	简单鹤		0		0	0	0	0
遇难呈祥	ynix	简单鹤		1		0	0	0	0
遇难成祥	ynix	简单鹤		1		0	0	0	0
一年两年	ynln	简单鹤		0		0	0	0	0
有那么多	ynmd	简单鹤		0		0	0	0	0
有那么好	ynmh	简单鹤		0		0	0	0	0
有你没我	ynmw	简单鹤		0		0	0	0	0
夜尿频多	ynpd	简单鹤		0		0	0	0	0
有女朋友	ynpy	简单鹤		0		0	0	0	0
有男朋友	ynpy	简单鹤		0		0	0	0	0
又能如何	ynrh	简单鹤		0		0	0	0	0
遇难同胞	yntb	简单鹤		0		0	0	0	0
有年头了	yntl	简单鹤		0		0	0	0	0
幼年时代	ynud	简单鹤		0		0	0	0	0
一年时间	ynuj	简单鹤		0		0	0	0	0
一念神魔	ynum	简单鹤		0		0	0	0	0
幼年时期	ynuq	简单鹤		0		0	0	0	0
一年收入	ynur	简单鹤		0		0	0	0	0
意念输入	ynur	简单鹤		0		0	0	0	0
一年之后	ynvh	简单鹤		0		0	0	0	0
一念之间	ynvj	简单鹤		0		0	0	0	0
依你之见	ynvj	简单鹤		0		0	0	0	0
一年之内	ynvn	简单鹤		0		0	0	0	0
一年之前	ynvq	简单鹤		0		0	0	0	0
与你无关	ynwg	简单鹤		0		0	0	0	0
与女无瓜	ynwg	简单鹤		0		0	0	0	0
有内味了	ynwl	简单鹤		0		0	0	0	0
以你为荣	ynwr	简单鹤		0		0	0	0	0
云南卫视	ynwu	简单鹤		0		0	0	0	0
阅男无数	ynwu	简单鹤		0		0	0	0	0
余怒未消	ynwx	简单鹤		0		0	0	0	0
一年一次	ynyc	简单鹤		0		0	0	0	0
一年以后	ynyh	简单鹤		0		0	0	0	0
又能怎样	ynzy	简单鹤		0		0	0	0	0
一片爱心	ypax	简单鹤		0		0	0	0	0
一篇报道	ypbd	简单鹤		0		0	0	0	0
音频播放	ypbf	简单鹤		0		0	0	0	0
眼皮打架	ypdj	简单鹤		0		0	0	0	0
一拍大腿	ypdt	简单鹤		0		0	0	0	0
眼皮底下	ypdx	简单鹤		0		0	0	0	0
一品大员	ypdy	简单鹤		0		0	0	0	0
一拍而散	ypes	简单鹤		0		0	0	0	0
一仆二主	ypev	简单鹤		0		0	0	0	0
一平方米	ypfm	简单鹤		0		0	0	0	0
一片繁荣	ypfr	简单鹤		0		0	0	0	0
一片沸腾	ypft	简单鹤		0		0	0	0	0
一批干部	ypgb	简单鹤		0		0	0	0	0
一片光明	ypgm	简单鹤		0		0	0	0	0
一屁股债	ypgv	简单鹤		0		0	0	0	0
应聘岗位	ypgw	简单鹤		0		0	0	0	0
一片黑暗	ypha	简单鹤		0		0	0	0	0
一片火海	yphh	简单鹤		0		0	0	0	0
一片混乱	yphl	简单鹤		0		0	0	0	0
一片哗然	yphr	简单鹤		0		0	0	0	0
一片欢腾	ypht	简单鹤		0		0	0	0	0
一片好心	yphx	简单鹤		0		0	0	0	0
一派胡言	yphy	简单鹤		0		0	0	0	0
有屁就放	ypjf	简单鹤		0		0	0	0	0
一片寂静	ypjj	简单鹤		0		0	0	0	0
应聘技巧	ypjq	简单鹤		0		0	0	0	0
一片空白	ypkb	简单鹤		0		0	0	0	0
有屁快放	ypkf	简单鹤		0		0	0	0	0
一篇课文	ypkw	简单鹤		0		0	0	0	0
一片乱麻	yplm	简单鹤		0		0	0	0	0
一批录取	yplq	简单鹤		0		0	0	0	0
一盆冷水	yplu	简单鹤		0		0	0	0	0
一盆凉水	yplu	简单鹤		0		0	0	0	0
一炮两响	yplx	简单鹤		0		0	0	0	0
一片茫茫	ypmm	简单鹤		0		0	0	0	0
一片茫然	ypmr	简单鹤		0		0	0	0	0
一片迷雾	ypmw	简单鹤		0		0	0	0	0
一票难求	ypnq	简单鹤		0		0	0	0	0
药品批号	ypph	简单鹤		0		0	0	0	0
一片漆黑	ypqh	简单鹤		0		0	0	0	0
一篇日记	yprj	简单鹤		0		0	0	0	0
应聘人员	ypry	简单鹤		0		0	0	0	0
一片死寂	ypsj	简单鹤		0		0	0	0	0
一炮三响	ypsx	简单鹤		0		0	0	0	0
一片坦途	yptt	简单鹤		0		0	0	0	0
一拼之力	ypvl	简单鹤		0		0	0	0	0
一片忠心	ypvx	简单鹤		0		0	0	0	0
一片真心	ypvx	简单鹤		0		0	0	0	0
扬葩振藻	ypvz	简单鹤		1		0	0	0	0
阅片无数	ypwu	简单鹤		0		0	0	0	0
一篇文章	ypwv	简单鹤		0		0	0	0	0
一片心意	ypxy	简单鹤		0		0	0	0	0
一颦一簇	ypyc	简单鹤		0		0	0	0	0
一片一片	ypyp	简单鹤		0		0	0	0	0
应聘要求	ypyq	简单鹤		0		0	0	0	0
有赔有赚	ypyv	简单鹤		0		0	0	0	0
一切安好	yqah	简单鹤		0		0	0	0	0
一起案件	yqaj	简单鹤		0		0	0	0	0
一切安排	yqap	简单鹤		0		0	0	0	0
运气爆表	yqbb	简单鹤		0		0	0	0	0
运气不错	yqbc	简单鹤		0		0	0	0	0
要求不大	yqbd	简单鹤		0		0	0	0	0
宴请八方	yqbf	简单鹤		0		0	0	0	0
一去不还	yqbh	简单鹤		0		0	0	0	0
运气不好	yqbh	简单鹤		0		0	0	0	0
一枪毙命	yqbm	简单鹤		0		0	0	0	0
引起不满	yqbm	简单鹤		0		0	0	0	0
欲求不满	yqbm	简单鹤		0		0	0	0	0
一起奔跑	yqbp	简单鹤		0		0	0	0	0
英气逼人	yqbr	简单鹤		0		0	0	0	0
引起不适	yqbu	简单鹤		0		0	0	0	0
语气不善	yqbu	简单鹤		0		0	0	0	0
友情变质	yqbv	简单鹤		0		0	0	0	0
有钱不赚	yqbv	简单鹤		0		0	0	0	0
要求不严	yqby	简单鹤		0		0	0	0	0
一切从简	yqcj	简单鹤		0		0	0	0	0
一切从严	yqcy	简单鹤		0		0	0	0	0
一千多个	yqdg	简单鹤		0		0	0	0	0
一切都好	yqdh	简单鹤		0		0	0	0	0
有钱多金	yqdj	简单鹤		0		0	0	0	0
玉砌雕阑	yqdl	简单鹤		1		0	0	0	0
一骑当千	yqdq	简单鹤		0		0	0	0	0
元气大伤	yqdu	简单鹤		0		0	0	0	0
有趣的是	yqdu	简单鹤		0		0	0	0	0
一切东西	yqdx	简单鹤		0		0	0	0	0
缘浅福薄	yqfb	简单鹤		0		0	0	0	0
义气风发	yqff	简单鹤		0		0	0	0	0
引起反感	yqfg	简单鹤		0		0	0	0	0
延期付款	yqfk	简单鹤		0		0	0	0	0
疫情防控	yqfk	简单鹤		0		0	0	0	0
逾期付款	yqfk	简单鹤		0		0	0	0	0
友情奉献	yqfx	简单鹤		0		0	0	0	0
引起反响	yqfx	简单鹤		0		0	0	0	0
一切费用	yqfy	简单鹤		0		0	0	0	0
一亲芳泽	yqfz	简单鹤		0		0	0	0	0
益气固表	yqgb	简单鹤		0		0	0	0	0
引起公愤	yqgf	简单鹤		0		0	0	0	0
要求过分	yqgf	简单鹤		0		0	0	0	0
要求更高	yqgg	简单鹤		0		0	0	0	0
要求过高	yqgg	简单鹤		0		0	0	0	0
一切过程	yqgi	简单鹤		0		0	0	0	0
一期工程	yqgi	简单鹤		0		0	0	0	0
引起共鸣	yqgm	简单鹤		0		0	0	0	0
一起过去	yqgq	简单鹤		0		0	0	0	0
友情贡献	yqgx	简单鹤		0		0	0	0	0
要求过严	yqgy	简单鹤		0		0	0	0	0
引起轰动	yqhd	简单鹤		0		0	0	0	0
一切花费	yqhf	简单鹤		0		0	0	0	0
一切后果	yqhg	简单鹤		0		0	0	0	0
要求很高	yqhg	简单鹤		0		0	0	0	0
以前还好	yqhh	简单鹤		0		0	0	0	0
运气好好	yqhh	简单鹤		0		0	0	0	0
运气好差	yqhi	简单鹤		0		0	0	0	0
一起回去	yqhq	简单鹤		0		0	0	0	0
一起吃饭	yqif	简单鹤		0		0	0	0	0
孕期出轨	yqig	简单鹤		0		0	0	0	0
有钱出钱	yqiq	简单鹤		0		0	0	0	0
一起出现	yqix	简单鹤		0		0	0	0	0
友情出演	yqiy	简单鹤		0		0	0	0	0
引起纠纷	yqjf	简单鹤		0		0	0	0	0
一切经过	yqjg	简单鹤		0		0	0	0	0
遥墙机场	yqji	简单鹤		0		0	0	0	0
一起解决	yqjj	简单鹤		0		0	0	0	0
一切皆空	yqjk	简单鹤		0		0	0	0	0
有且仅有	yqjy	简单鹤		0		0	0	0	0
以前看到	yqkd	简单鹤		0		0	0	0	0
友情客串	yqki	简单鹤		0		0	0	0	0
勇气可嘉	yqkj	简单鹤		0		0	0	0	0
一切可能	yqkn	简单鹤		0		0	0	0	0
邀请客人	yqkr	简单鹤		0		0	0	0	0
一起开始	yqku	简单鹤		0		0	0	0	0
一切开支	yqkv	简单鹤		0		0	0	0	0
一切开销	yqkx	简单鹤		0		0	0	0	0
一拳撂倒	yqld	简单鹤		0		0	0	0	0
友情链接	yqlj	简单鹤		0		0	0	0	0
一切力量	yqll	简单鹤		0		0	0	0	0
一起聊天	yqlt	简单鹤		0		0	0	0	0
一去了之	yqlv	简单鹤		0		0	0	0	0
预期目的	yqmd	简单鹤		0		0	0	0	0
元气满满	yqmm	简单鹤		0		0	0	0	0
要钱没有	yqmy	简单鹤		0		0	0	0	0
一千年前	yqnq	简单鹤		0		0	0	0	0
以前那样	yqny	简单鹤		0		0	0	0	0
一起拼搏	yqpb	简单鹤		0		0	0	0	0
眼浅皮薄	yqpb	简单鹤		0		0	0	0	0
缘浅情深	yqqu	简单鹤		0		0	0	0	0
一起庆祝	yqqv	简单鹤		0		0	0	0	0
殷切期望	yqqw	简单鹤		0		0	0	0	0
一切如常	yqri	简单鹤		0		0	0	0	0
有钱人家	yqrj	简单鹤		0		0	0	0	0
一腔热血	yqrx	简单鹤		0		0	0	0	0
有钱任性	yqrx	简单鹤		0		0	0	0	0
引起骚动	yqsd	简单鹤		0		0	0	0	0
因缺思厅	yqst	简单鹤		0		0	0	0	0
一切随缘	yqsy	简单鹤		0		0	0	0	0
友情岁月	yqsy	简单鹤		0		0	0	0	0
运气挺背	yqtb	简单鹤		0		0	0	0	0
运气太好	yqth	简单鹤		0		0	0	0	0
运气太差	yqti	简单鹤		0		0	0	0	0
友情提示	yqtu	简单鹤		0		0	0	0	0
一切顺利	yqul	简单鹤		0		0	0	0	0
益气生脉	yqum	简单鹤		0		0	0	0	0
元气少女	yqun	简单鹤		0		0	0	0	0
尤其是你	yqun	简单鹤		0		0	0	0	0
一切事情	yquq	简单鹤		0		0	0	0	0
尤其是他	yqut	简单鹤		0		0	0	0	0
尤其是她	yqut	简单鹤		0		0	0	0	0
音阙诗听	yqut	简单鹤		0		0	0	0	0
与其说是	yquu	简单鹤		0		0	0	0	0
引起舒适	yquu	简单鹤		0		0	0	0	0
尤其是我	yquw	简单鹤		0		0	0	0	0
勇气十足	yquz	简单鹤		0		0	0	0	0
运气真背	yqvb	简单鹤		0		0	0	0	0
有钱真好	yqvh	简单鹤		0		0	0	0	0
运气真好	yqvh	简单鹤		0		0	0	0	0
一切正常	yqvi	简单鹤		0		0	0	0	0
引起众怒	yqvn	简单鹤		0		0	0	0	0
引起重视	yqvu	简单鹤		0		0	0	0	0
与其这样	yqvy	简单鹤		0		0	0	0	0
尤其重要	yqvy	简单鹤		0		0	0	0	0
引起争议	yqvy	简单鹤		0		0	0	0	0
引起注意	yqvy	简单鹤		0		0	0	0	0
有且只有	yqvy	简单鹤		0		0	0	0	0
引起误会	yqwh	简单鹤		0		0	0	0	0
余情未了	yqwl	简单鹤		0		0	0	0	0
一切问题	yqwt	简单鹤		0		0	0	0	0
意气消沉	yqxi	简单鹤		0		0	0	0	0
越权行事	yqxu	简单鹤		0		0	0	0	0
眼前一暗	yqya	简单鹤		0		0	0	0	0
仪器仪表	yqyb	简单鹤		0		0	0	0	0
一起一伏	yqyf	简单鹤		0		0	0	0	0
要求严格	yqyg	简单鹤		0		0	0	0	0
又气又恨	yqyh	简单鹤		0		0	0	0	0
眼前一黑	yqyh	简单鹤		0		0	0	0	0
又气又急	yqyj	简单鹤		0		0	0	0	0
一起一落	yqyl	简单鹤		0		0	0	0	0
缘起缘灭	yqym	简单鹤		0		0	0	0	0
有求于你	yqyn	简单鹤		0		0	0	0	0
阴晴圆缺	yqyq	简单鹤		0		0	0	0	0
有求于他	yqyt	简单鹤		0		0	0	0	0
一轻一重	yqyv	简单鹤		0		0	0	0	0
有求于我	yqyw	简单鹤		0		0	0	0	0
又气又羞	yqyx	简单鹤		0		0	0	0	0
有钱有闲	yqyx	简单鹤		0		0	0	0	0
有情有义	yqyy	简单鹤		0		0	0	0	0
羽泉组合	yqzh	简单鹤		0		0	0	0	0
遇强则强	yqzq	简单鹤		0		0	0	0	0
依然不能	yrbn	简单鹤		0		0	0	0	0
悦人耳目	yrem	简单鹤		0		0	0	0	0
予人方便	yrfb	简单鹤		0		0	0	0	0
越人肥瘠	yrfj	简单鹤		0		0	0	0	0
有人发现	yrfx	简单鹤		0		0	0	0	0
诱人犯罪	yrfz	简单鹤		0		0	0	0	0
有人过来	yrgl	简单鹤		0		0	0	0	0
月入过千	yrgq	简单鹤		0		0	0	0	0
月入过万	yrgw	简单鹤		0		0	0	0	0
羊入虎口	yrhk	简单鹤		0		0	0	0	0
羊入虎群	yrhq	简单鹤		1		0	0	0	0
一人吃饱	yrib	简单鹤		0		0	0	0	0
一人成军	yrij	简单鹤		0		0	0	0	0
一人传虚	yrix	简单鹤		0		0	0	0	0
毅然决定	yrjd	简单鹤		0		0	0	0	0
亿人民币	yrmb	简单鹤		0		0	0	0	0
已然明白	yrmb	简单鹤		0		0	0	0	0
予人玫瑰	yrmg	简单鹤		0		0	0	0	0
一日女友	yrny	简单鹤		0		0	0	0	0
一日男友	yrny	简单鹤		0		0	0	0	0
有人认为	yrrw	简单鹤		0		0	0	0	0
有人送礼	yrsl	简单鹤		0		0	0	0	0
有辱斯文	yrsw	简单鹤		0		0	0	0	0
艳如桃李	yrtl	简单鹤		1		0	0	0	0
艳若桃李	yrtl	简单鹤		0		0	0	0	0
雨热同期	yrtq	简单鹤		0		0	0	0	0
有人提醒	yrtx	简单鹤		0		0	0	0	0
有人提议	yrty	简单鹤		0		0	0	0	0
油然升起	yruq	简单鹤		0		0	0	0	0
有如神助	yruv	简单鹤		0		0	0	0	0
月入十万	yruw	简单鹤		0		0	0	0	0
因人事兴	yrux	简单鹤		0		0	0	0	0
用人之际	yrvj	简单鹤		0		0	0	0	0
一人之力	yrvl	简单鹤		0		0	0	0	0
有人指使	yrvu	简单鹤		0		0	0	0	0
有人问了	yrwl	简单鹤		0		0	0	0	0
腌入味了	yrwl	简单鹤		0		0	0	0	0
一如往昔	yrwx	简单鹤		0		0	0	0	0
野人献曝	yrxp	简单鹤		1		0	0	0	0
引人遐思	yrxs	简单鹤		0		0	0	0	0
与人消灾	yrxz	简单鹤		0		0	0	0	0
仪容仪表	yryb	简单鹤		0		0	0	0	0
一日一次	yryc	简单鹤		0		0	0	0	0
一人一狗	yryg	简单鹤		0		0	0	0	0
耀人眼目	yrym	简单鹤		0		0	0	0	0
一人一票	yryp	简单鹤		0		0	0	0	0
怡然自若	yrzr	简单鹤		1		0	0	0	0
遇弱则弱	yrzr	简单鹤		0		0	0	0	0
有人赞同	yrzt	简单鹤		0		0	0	0	0
有所安排	ysap	简单鹤		0		0	0	0	0
意思不大	ysbd	简单鹤		0		0	0	0	0
一死百了	ysbl	简单鹤		0		0	0	0	0
有所不取	ysbq	简单鹤		0		0	0	0	0
疑似病人	ysbr	简单鹤		0		0	0	0	0
要死不死	ysbs	简单鹤		0		0	0	0	0
有所帮助	ysbv	简单鹤		0		0	0	0	0
预算不足	ysbz	简单鹤		0		0	0	0	0
音色断层	ysdc	简单鹤		0		0	0	0	0
以赛代练	ysdl	简单鹤		0		0	0	0	0
元素对象	ysdx	简单鹤		0		0	0	0	0
有所耳闻	ysew	简单鹤		0		0	0	0	0
有所防范	ysff	简单鹤		0		0	0	0	0
因私废公	ysfg	简单鹤		0		0	0	0	0
元素符号	ysfh	简单鹤		0		0	0	0	0
云散风流	ysfl	简单鹤		1		0	0	0	0
有所发明	ysfm	简单鹤		0		0	0	0	0
有所发展	ysfv	简单鹤		0		0	0	0	0
有所发现	ysfx	简单鹤		0		0	0	0	0
元素反应	ysfy	简单鹤		0		0	0	0	0
押三付一	ysfy	简单鹤		0		0	0	0	0
有所反应	ysfy	简单鹤		0		0	0	0	0
预算费用	ysfy	简单鹤		0		0	0	0	0
有所改变	ysgb	简单鹤		0		0	0	0	0
要素过多	ysgd	简单鹤		0		0	0	0	0
有所改观	ysgg	简单鹤		0		0	0	0	0
预算管理	ysgl	简单鹤		0		0	0	0	0
颜色革命	ysgm	简单鹤		0		0	0	0	0
有所感悟	ysgw	简单鹤		0		0	0	0	0
有所好转	yshv	简单鹤		0		0	0	0	0
有所察觉	ysij	简单鹤		0		0	0	0	0
有所成就	ysij	简单鹤		0		0	0	0	0
要素察觉	ysij	简单鹤		0		0	0	0	0
严肃处理	ysil	简单鹤		0		0	0	0	0
有所降低	ysjd	简单鹤		0		0	0	0	0
有所警觉	ysjj	简单鹤		0		0	0	0	0
有所加强	ysjq	简单鹤		0		0	0	0	0
要素集齐	ysjq	简单鹤		0		0	0	0	0
意思就是	ysju	简单鹤		0		0	0	0	0
有所建树	ysju	简单鹤		0		0	0	0	0
有所进展	ysjv	简单鹤		0		0	0	0	0
阴森恐怖	yskb	简单鹤		0		0	0	0	0
有所看法	yskf	简单鹤		0		0	0	0	0
有所考虑	yskl	简单鹤		0		0	0	0	0
阴森可怕	yskp	简单鹤		0		0	0	0	0
以死抗争	yskv	简单鹤		0		0	0	0	0
压缩开支	yskv	简单鹤		0		0	0	0	0
音色流氓	yslm	简单鹤		0		0	0	0	0
夜色撩人	yslr	简单鹤		0		0	0	0	0
夜色迷离	ysml	简单鹤		0		0	0	0	0
有什么事	ysmu	简单鹤		0		0	0	0	0
有什么用	ysmy	简单鹤		0		0	0	0	0
忧思难忘	ysnw	简单鹤		0		0	0	0	0
有所期待	ysqd	简单鹤		0		0	0	0	0
压缩软件	ysrj	简单鹤		0		0	0	0	0
有所突破	ystp	简单鹤		0		0	0	0	0
腰酸腿软	ystr	简单鹤		0		0	0	0	0
腰酸腿疼	ystt	简单鹤		0		0	0	0	0
一扫颓势	ystu	简单鹤		0		0	0	0	0
有所提升	ystu	简单鹤		0		0	0	0	0
有所收获	ysuh	简单鹤		0		0	0	0	0
野蔌山肴	ysuy	简单鹤		1		0	0	0	0
预算指标	ysvb	简单鹤		0		0	0	0	0
月色真美	ysvm	简单鹤		0		0	0	0	0
元素周期	ysvq	简单鹤		0		0	0	0	0
有所追求	ysvq	简单鹤		0		0	0	0	0
颜色正确	ysvq	简单鹤		0		0	0	0	0
因私枉法	yswf	简单鹤		0		0	0	0	0
压缩文件	yswj	简单鹤		0		0	0	0	0
烟锁雾罩	yswv	简单鹤		0		0	0	0	0
以死相逼	ysxb	简单鹤		0		0	0	0	0
有所想法	ysxf	简单鹤		0		0	0	0	0
饮食习惯	ysxg	简单鹤		0		0	0	0	0
有所下降	ysxj	简单鹤		0		0	0	0	0
严肃小说	ysxu	简单鹤		0		0	0	0	0
有所牺牲	ysxu	简单鹤		0		0	0	0	0
夜宿晓行	ysxx	简单鹤		0		0	0	0	0
一丝笑意	ysxy	简单鹤		0		0	0	0	0
匀速运动	ysyd	简单鹤		0		0	0	0	0
又酸又疼	ysyt	简单鹤		0		0	0	0	0
意思一下	ysyx	简单鹤		0		0	0	0	0
有所影响	ysyx	简单鹤		0		0	0	0	0
伊索寓言	ysyy	简单鹤		0		0	0	0	0
一题不会	ytbh	简单鹤		0		0	0	0	0
一天不差	ytbi	简单鹤		0		0	0	0	0
一天不练	ytbl	简单鹤		0		0	0	0	0
樱桃白轴	ytbv	简单鹤		0		0	0	0	0
一榻沧然	ytcr	简单鹤		0		0	0	0	0
一坨大便	ytdb	简单鹤		0		0	0	0	0
依托答辩	ytdb	简单鹤		0		0	0	0	0
一图读懂	ytdd	简单鹤		0		0	0	0	0
仪态大方	ytdf	简单鹤		0		0	0	0	0
仪态端庄	ytdv	简单鹤		0		0	0	0	0
炎头队长	ytdv	简单鹤		0		0	0	0	0
迎头而上	yteu	简单鹤		0		0	0	0	0
也挺方便	ytfb	简单鹤		0		0	0	0	0
印堂发黑	ytfh	简单鹤		0		0	0	0	0
樱桃粉轴	ytfv	简单鹤		0		0	0	0	0
一同分享	ytfx	简单鹤		0		0	0	0	0
一条广告	ytgg	简单鹤		0		0	0	0	0
于她何干	ythg	简单鹤		0		0	0	0	0
玉体横陈	ythi	简单鹤		0		0	0	0	0
有他好看	ythk	简单鹤		0		0	0	0	0
言谈话语	ythy	简单鹤		0		0	0	0	0
仰天长啸	ytix	简单鹤		0		0	0	0	0
有条件的	ytjd	简单鹤		0		0	0	0	0
一团浆糊	ytjh	简单鹤		0		0	0	0	0
一探究竟	ytjj	简单鹤		0		0	0	0	0
遗体捐献	ytjx	简单鹤		0		0	0	0	0
遗体捐赠	ytjz	简单鹤		0		0	0	0	0
圆通快递	ytkd	简单鹤		0		0	0	0	0
亚托克斯	ytks	简单鹤		0		0	0	0	0
一条裤子	ytkz	简单鹤		0		0	0	0	0
一通乱打	ytld	简单鹤		0		0	0	0	0
一梯两户	ytlh	简单鹤		0		0	0	0	0
一体两面	ytlm	简单鹤		0		0	0	0	0
一团乱麻	ytlm	简单鹤		0		0	0	0	0
一同离去	ytlq	简单鹤		0		0	0	0	0
一天两天	ytlt	简单鹤		0		0	0	0	0
樱桃绿轴	ytlv	简单鹤		0		0	0	0	0
圆头耄耋	ytmd	简单鹤		0		0	0	0	0
有头没脑	ytmn	简单鹤		1		0	0	0	0
犹太民族	ytmz	简单鹤		0		0	0	0	0
由他去吧	ytqb	简单鹤		0		0	0	0	0
以头抢地	ytqd	简单鹤		0		0	0	0	0
樱桃青轴	ytqv	简单鹤		0		0	0	0	0
一同前往	ytqw	简单鹤		0		0	0	0	0
一天三顿	ytsd	简单鹤		0		0	0	0	0
以图搜图	ytst	简单鹤		0		0	0	0	0
一天天的	yttd	简单鹤		0		0	0	0	0
一天时间	ytuj	简单鹤		0		0	0	0	0
幼态审美	ytum	简单鹤		0		0	0	0	0
原图直出	ytvi	简单鹤		0		0	0	0	0
言谈之中	ytvv	简单鹤		0		0	0	0	0
一条直线	ytvx	简单鹤		0		0	0	0	0
有挑战性	ytvx	简单鹤		0		0	0	0	0
有头无脑	ytwn	简单鹤		1		0	0	0	0
有天无日	ytwr	简单鹤		1		0	0	0	0
一天晚上	ytwu	简单鹤		0		0	0	0	0
以汤沃雪	ytwx	简单鹤		1		0	0	0	0
一条小河	ytxh	简单鹤		0		0	0	0	0
一条消息	ytxx	简单鹤		0		0	0	0	0
阴天下雨	ytxy	简单鹤		0		0	0	0	0
樱桃小嘴	ytxz	简单鹤		0		0	0	0	0
一天一次	ytyc	简单鹤		0		0	0	0	0
一天一充	ytyi	简单鹤		0		0	0	0	0
一天一宿	ytyx	简单鹤		0		0	0	0	0
有条有序	ytyx	简单鹤		0		0	0	0	0
一天一夜	ytyy	简单鹤		0		0	0	0	0
一拖再拖	ytzt	简单鹤		0		0	0	0	0
原生安卓	yuav	简单鹤		0		0	0	0	0
意识不到	yubd	简单鹤		0		0	0	0	0
玉石不分	yubf	简单鹤		1		0	0	0	0
眼神不好	yubh	简单鹤		0		0	0	0	0
与时并进	yubj	简单鹤		0		0	0	0	0
遇事不决	yubj	简单鹤		0		0	0	0	0
一身本领	yubl	简单鹤		0		0	0	0	0
意识不清	yubq	简单鹤		0		0	0	0	0
意识薄弱	yubr	简单鹤		0		0	0	0	0
有啥不同	yubt	简单鹤		0		0	0	0	0
一试便知	yubv	简单鹤		0		0	0	0	0
掩饰不住	yubv	简单鹤		0		0	0	0	0
衣衫不整	yubv	简单鹤		0		0	0	0	0
一睡不醒	yubx	简单鹤		0		0	0	0	0
一手策划	yuch	简单鹤		0		0	0	0	0
远胜从前	yucq	简单鹤		0		0	0	0	0
一手操作	yucz	简单鹤		0		0	0	0	0
一手操纵	yucz	简单鹤		0		0	0	0	0
意识淡泊	yudb	简单鹤		0		0	0	0	0
原声大碟	yudd	简单鹤		0		0	0	0	0
应声倒地	yudd	简单鹤		0		0	0	0	0
以水代酒	yudj	简单鹤		0		0	0	0	0
已是定局	yudj	简单鹤		0		0	0	0	0
意识到了	yudl	简单鹤		0		0	0	0	0
眼神躲闪	yudu	简单鹤		0		0	0	0	0
应声而倒	yued	简单鹤		0		0	0	0	0
一式二份	yuef	简单鹤		0		0	0	0	0
依山而建	yuej	简单鹤		0		0	0	0	0
有说服力	yufl	简单鹤		0		0	0	0	0
雨水丰沛	yufp	简单鹤		0		0	0	0	0
以身犯险	yufx	简单鹤		0		0	0	0	0
英式发音	yufy	简单鹤		0		0	0	0	0
运输费用	yufy	简单鹤		0		0	0	0	0
有失公道	yugd	简单鹤		0		0	0	0	0
影视广告	yugg	简单鹤		0		0	0	0	0
运输工具	yugj	简单鹤		0		0	0	0	0
妖声怪气	yugq	简单鹤		0		0	0	0	0
有伤感情	yugq	简单鹤		0		0	0	0	0
有失公正	yugv	简单鹤		0		0	0	0	0
一时高兴	yugx	简单鹤		0		0	0	0	0
养生会馆	yuhg	简单鹤		0		0	0	0	0
优势火力	yuhl	简单鹤		0		0	0	0	0
一手好牌	yuhp	简单鹤		0		0	0	0	0
一生何求	yuhq	简单鹤		0		0	0	0	0
有伤和气	yuhq	简单鹤		0		0	0	0	0
一时糊涂	yuht	简单鹤		0		0	0	0	0
医生护士	yuhu	简单鹤		0		0	0	0	0
以商会友	yuhy	简单鹤		0		0	0	0	0
因势乘便	yuib	简单鹤		0		0	0	0	0
一时冲动	yuid	简单鹤		0		0	0	0	0
元神出窍	yuiq	简单鹤		0		0	0	0	0
一声长叹	yuit	简单鹤		0		0	0	0	0
影视飓风	yujf	简单鹤		0		0	0	0	0
以示警告	yujg	简单鹤		0		0	0	0	0
艺术加工	yujg	简单鹤		0		0	0	0	0
饮食结构	yujg	简单鹤		0		0	0	0	0
一声惊呼	yujh	简单鹤		0		0	0	0	0
有时间吗	yujm	简单鹤		0		0	0	0	0
以示纪念	yujn	简单鹤		0		0	0	0	0
一手交钱	yujq	简单鹤		0		0	0	0	0
央视记者	yujv	简单鹤		0		0	0	0	0
约束机制	yujv	简单鹤		0		0	0	0	0
有手就行	yujx	简单鹤		0		0	0	0	0
应试教育	yujy	简单鹤		0		0	0	0	0
隐世家族	yujz	简单鹤		0		0	0	0	0
眼神空洞	yukd	简单鹤		0		0	0	0	0
隐身可见	yukj	简单鹤		0		0	0	0	0
一时口快	yukk	简单鹤		0		0	0	0	0
由上可知	yukv	简单鹤		0		0	0	0	0
一身冷汗	yulh	简单鹤		0		0	0	0	0
一尸两命	yulm	简单鹤		0		0	0	0	0
眼神拉丝	yuls	简单鹤		0		0	0	0	0
优生劣汰	yult	简单鹤		0		0	0	0	0
有什么错	yumc	简单鹤		0		0	0	0	0
眼神迷离	yuml	简单鹤		0		0	0	0	0
艺术魅力	yuml	简单鹤		0		0	0	0	0
有声没气	yumq	简单鹤		1		0	0	0	0
有事没事	yumu	简单鹤		0		0	0	0	0
影视明星	yumx	简单鹤		0		0	0	0	0
烟视媚行	yumx	简单鹤		1		0	0	0	0
已属难得	yund	简单鹤		0		0	0	0	0
玉石难分	yunf	简单鹤		0		0	0	0	0
易守难攻	yung	简单鹤		0		0	0	0	0
应试能力	yunl	简单鹤		0		0	0	0	0
永世难忘	yunw	简单鹤		0		0	0	0	0
永生难忘	yunw	简单鹤		0		0	0	0	0
又是那样	yuny	简单鹤		0		0	0	0	0
一生平安	yupa	简单鹤		0		0	0	0	0
一审判决	yupj	简单鹤		0		0	0	0	0
也是拼了	yupl	简单鹤		0		0	0	0	0
延时喷雾	yupw	简单鹤		0		0	0	0	0
以示清白	yuqb	简单鹤		0		0	0	0	0
有啥区别	yuqb	简单鹤		0		0	0	0	0
野兽前辈	yuqb	简单鹤		0		0	0	0	0
原神启动	yuqd	简单鹤		0		0	0	0	0
饮食清淡	yuqd	简单鹤		0		0	0	0	0
艺术气息	yuqx	简单鹤		0		0	0	0	0
以身入局	yurj	简单鹤		0		0	0	0	0
由奢入俭	yurj	简单鹤		0		0	0	0	0
有谁认识	yuru	简单鹤		0		0	0	0	0
艺术人生	yuru	简单鹤		0		0	0	0	0
又双叒叕	yurv	简单鹤		0		0	0	0	0
一生所爱	yusa	简单鹤		0		0	0	0	0
一式三份	yusf	简单鹤		0		0	0	0	0
以身饲虎	yush	简单鹤		0		0	0	0	0
豫时孙摩	yusm	简单鹤		0		0	0	0	0
以上所言	yusy	简单鹤		0		0	0	0	0
雅舍谈吃	yuti	简单鹤		0		0	0	0	0
一手托天	yutt	简单鹤		1		0	0	0	0
元始天尊	yutz	简单鹤		0		0	0	0	0
运输设备	yuub	简单鹤		0		0	0	0	0
一石数鸟	yuun	简单鹤		0		0	0	0	0
艺术水平	yuup	简单鹤		0		0	0	0	0
余生顺遂	yuus	简单鹤		0		0	0	0	0
一时失手	yuuu	简单鹤		0		0	0	0	0
有事说事	yuuu	简单鹤		0		0	0	0	0
有事烧纸	yuuv	简单鹤		0		0	0	0	0
有失水准	yuuv	简单鹤		0		0	0	0	0
以身涉险	yuux	简单鹤		0		0	0	0	0
延时摄影	yuuy	简单鹤		0		0	0	0	0
一生之敌	yuvd	简单鹤		0		0	0	0	0
由守转攻	yuvg	简单鹤		0		0	0	0	0
一时之间	yuvj	简单鹤		0		0	0	0	0
一时之快	yuvk	简单鹤		0		0	0	0	0
引上正路	yuvl	简单鹤		0		0	0	0	0
也是这么	yuvm	简单鹤		0		0	0	0	0
有事找你	yuvn	简单鹤		0		0	0	0	0
有事找她	yuvt	简单鹤		0		0	0	0	0
一手掌握	yuvw	简单鹤		0		0	0	0	0
野生植物	yuvw	简单鹤		0		0	0	0	0
以上这些	yuvx	简单鹤		0		0	0	0	0
永失吾爱	yuwa	简单鹤		0		0	0	0	0
永失我爱	yuwa	简单鹤		0		0	0	0	0
一时无二	yuwe	简单鹤		0		0	0	0	0
演示文稿	yuwg	简单鹤		0		0	0	0	0
有事外出	yuwi	简单鹤		0		0	0	0	0
有市无价	yuwj	简单鹤		0		0	0	0	0
一时无两	yuwl	简单鹤		0		0	0	0	0
也是我们	yuwm	简单鹤		0		0	0	0	0
永世无穷	yuwq	简单鹤		1		0	0	0	0
以上问题	yuwt	简单鹤		0		0	0	0	0
有啥问题	yuwt	简单鹤		0		0	0	0	0
饮食卫生	yuwu	简单鹤		0		0	0	0	0
衣食无忧	yuwy	简单鹤		0		0	0	0	0
艺术细胞	yuxb	简单鹤		0		0	0	0	0
野兽先辈	yuxb	简单鹤		0		0	0	0	0
一时想法	yuxf	简单鹤		0		0	0	0	0
艺术细菌	yuxj	简单鹤		0		0	0	0	0
延时训练	yuxl	简单鹤		0		0	0	0	0
一时兴起	yuxq	简单鹤		0		0	0	0	0
有事相求	yuxq	简单鹤		0		0	0	0	0
有事相扰	yuxr	简单鹤		0		0	0	0	0
涌上心头	yuxt	简单鹤		0		0	0	0	0
有声小说	yuxu	简单鹤		0		0	0	0	0
野兽先生	yuxu	简单鹤		0		0	0	0	0
右手小指	yuxv	简单鹤		0		0	0	0	0
央视新闻	yuxw	简单鹤		0		0	0	0	0
也是一个	yuyg	简单鹤		0		0	0	0	0
以示友好	yuyh	简单鹤		0		0	0	0	0
越少越好	yuyh	简单鹤		0		0	0	0	0
艺术已成	yuyi	简单鹤		0		0	0	0	0
一世英名	yuym	简单鹤		0		0	0	0	0
一生要强	yuyq	简单鹤		0		0	0	0	0
也是一种	yuyv	简单鹤		0		0	0	0	0
又是一种	yuyv	简单鹤		0		0	0	0	0
也是因为	yuyw	简单鹤		0		0	0	0	0
远胜于我	yuyw	简单鹤		0		0	0	0	0
一上一下	yuyx	简单鹤		0		0	0	0	0
也是一样	yuyy	简单鹤		0		0	0	0	0
吟诗作赋	yuzf	简单鹤		0		0	0	0	0
吟诗作画	yuzh	简单鹤		0		0	0	0	0
一手造成	yuzi	简单鹤		0		0	0	0	0
咬舌自尽	yuzj	简单鹤		0		0	0	0	0
野生字幕	yuzm	简单鹤		0		0	0	0	0
影视作品	yuzp	简单鹤		0		0	0	0	0
以示尊重	yuzv	简单鹤		0		0	0	0	0
优势在我	yuzw	简单鹤		0		0	0	0	0
月之暗面	yvam	简单鹤		0		0	0	0	0
阳宅爱众	yvav	简单鹤		0		0	0	0	0
有准备地	yvbd	简单鹤		0		0	0	0	0
有准备的	yvbd	简单鹤		0		0	0	0	0
一种办法	yvbf	简单鹤		0		0	0	0	0
扬州八怪	yvbg	简单鹤		0		0	0	0	0
一招毙命	yvbm	简单鹤		0		0	0	0	0
一直不能	yvbn	简单鹤		0		0	0	0	0
一张白纸	yvbv	简单鹤		0		0	0	0	0
一眨不眨	yvbv	简单鹤		0		0	0	0	0
抑制不住	yvbv	简单鹤		0		0	0	0	0
引锥刺股	yvcg	简单鹤		1		0	0	0	0
严重错误	yvcw	简单鹤	1864	0		0	0	0	0
一直存在	yvcz	简单鹤		0		0	0	0	0
一直等到	yvdd	简单鹤		0		0	0	0	0
一站到底	yvdd	简单鹤		0		0	0	0	0
颜值担当	yvdd	简单鹤		0		0	0	0	0
悠着点儿	yvde	简单鹤		0		0	0	0	0
颜值巅峰	yvdf	简单鹤		0		0	0	0	0
严重低估	yvdg	简单鹤		0		0	0	0	0
眼中带泪	yvdl	简单鹤		0		0	0	0	0
一直都是	yvdu	简单鹤		0		0	0	0	0
有这等事	yvdu	简单鹤		0		0	0	0	0
一致对外	yvdw	简单鹤		0		0	0	0	0
英制单位	yvdw	简单鹤		0		0	0	0	0
一种东西	yvdx	简单鹤		0		0	0	0	0
一直都有	yvdy	简单鹤		0		0	0	0	0
烟中恶鬼	yveg	简单鹤		0		0	0	0	0
烟中饿鬼	yveg	简单鹤		0		0	0	0	0
义重恩深	yveu	简单鹤		1		0	0	0	0
一种方法	yvff	简单鹤		0		0	0	0	0
欲振乏力	yvfl	简单鹤		0		0	0	0	0
一朝分娩	yvfm	简单鹤		0		0	0	0	0
一战封神	yvfu	简单鹤		0		0	0	0	0
翼装飞行	yvfx	简单鹤		0		0	0	0	0
一只胳膊	yvgb	简单鹤		0		0	0	0	0
依照惯例	yvgl	简单鹤		0		0	0	0	0
一转攻势	yvgu	简单鹤		0		0	0	0	0
远瞩高瞻	yvgv	简单鹤		1		0	0	0	0
一纸公文	yvgw	简单鹤		0		0	0	0	0
一种关系	yvgx	简单鹤		0		0	0	0	0
优质回答	yvhd	简单鹤		0		0	0	0	0
玉置浩二	yvhe	简单鹤		0		0	0	0	0
宇宙洪荒	yvhh	简单鹤		0		0	0	0	0
已臻化境	yvhj	简单鹤		0		0	0	0	0
眼中含泪	yvhl	简单鹤		0		0	0	0	0
一致好评	yvhp	简单鹤		0		0	0	0	0
一阵后怕	yvhp	简单鹤		0		0	0	0	0
一朝怀胎	yvht	简单鹤		0		0	0	0	0
有这回事	yvhu	简单鹤		0		0	0	0	0
一直怀疑	yvhy	简单鹤		0		0	0	0	0
严重程度	yvid	简单鹤		0		0	0	0	0
一战成功	yvig	简单鹤		0		0	0	0	0
一阵抽搐	yvii	简单鹤		0		0	0	0	0
一战成硕	yviu	简单鹤		0		0	0	0	0
颜值出众	yviv	简单鹤		0		0	0	0	0
渔舟唱晚	yviw	简单鹤		0		0	0	0	0
邮政储蓄	yvix	简单鹤		0		0	0	0	0
严重超载	yviz	简单鹤		0		0	0	0	0
一直觉得	yvjd	简单鹤		0		0	0	0	0
意志坚定	yvjd	简单鹤		0		0	0	0	0
一阵劲风	yvjf	简单鹤		0		0	0	0	0
严重警告	yvjg	简单鹤		0		0	0	0	0
有志竟成	yvji	简单鹤		1		0	0	0	0
援助交际	yvjj	简单鹤		0		0	0	0	0
亚洲纪录	yvjl	简单鹤		0		0	0	0	0
原住居民	yvjm	简单鹤		0		0	0	0	0
原著居民	yvjm	简单鹤		0		0	0	0	0
一至九品	yvjp	简单鹤		0		0	0	0	0
亚洲剧情	yvjq	简单鹤		0		0	0	0	0
意志坚强	yvjq	简单鹤		0		0	0	0	0
严正交涉	yvju	简单鹤		0		0	0	0	0
银质奖章	yvjv	简单鹤		0		0	0	0	0
邮政快递	yvkd	简单鹤		0		0	0	0	0
研制开发	yvkf	简单鹤		0		0	0	0	0
与之抗衡	yvkh	简单鹤		0		0	0	0	0
一种快乐	yvkl	简单鹤		0		0	0	0	0
一种可能	yvkn	简单鹤		0		0	0	0	0
严重困难	yvkn	简单鹤		0		0	0	0	0
幼稚可笑	yvkx	简单鹤		0		0	0	0	0
异指连击	yvlj	简单鹤		0		0	0	0	0
一种理念	yvln	简单鹤		0		0	0	0	0
雨中漫步	yvmb	简单鹤		0		0	0	0	0
有这么大	yvmd	简单鹤		0		0	0	0	0
有这么好	yvmh	简单鹤		0		0	0	0	0
掩住面孔	yvmk	简单鹤		0		0	0	0	0
寅支卯粮	yvml	简单鹤		1		0	0	0	0
有这么难	yvmn	简单鹤		0		0	0	0	0
一直没有	yvmy	简单鹤		0		0	0	0	0
一阵满足	yvmz	简单鹤		0		0	0	0	0
应召女郎	yvnl	简单鹤		0		0	0	0	0
一种偶然	yvor	简单鹤		0		0	0	0	0
与之匹敌	yvpd	简单鹤		0		0	0	0	0
严重破坏	yvph	简单鹤		0		0	0	0	0
意志品质	yvpv	简单鹤		0		0	0	0	0
严重缺乏	yvqf	简单鹤		0		0	0	0	0
愚者千虑	yvql	简单鹤		0		0	0	0	0
有志青年	yvqn	简单鹤		0		0	0	0	0
圆锥曲线	yvqx	简单鹤		0		0	0	0	0
运指如飞	yvrf	简单鹤		0		0	0	0	0
一致认可	yvrk	简单鹤		0		0	0	0	0
一直忍耐	yvrn	简单鹤		0		0	0	0	0
一致认同	yvrt	简单鹤		0		0	0	0	0
应征入伍	yvrw	简单鹤		0		0	0	0	0
医者仁心	yvrx	简单鹤		0		0	0	0	0
亚洲色情	yvsq	简单鹤		0		0	0	0	0
严重损失	yvsu	简单鹤		0		0	0	0	0
一种推测	yvtc	简单鹤		0		0	0	0	0
验证通过	yvtg	简单鹤		0		0	0	0	0
赢者通吃	yvti	简单鹤		0		0	0	0	0
胭脂水粉	yvuf	简单鹤		0		0	0	0	0
言志抒怀	yvuh	简单鹤		0		0	0	0	0
刖趾适屦	yvuj	简单鹤		1		0	0	0	0
严正声明	yvum	简单鹤		0		0	0	0	0
油炸食品	yvup	简单鹤		0		0	0	0	0
一种事情	yvuq	简单鹤		0		0	0	0	0
以正视听	yvut	简单鹤		0		0	0	0	0
移植手术	yvuu	简单鹤		0		0	0	0	0
言之尚早	yvuz	简单鹤		0		0	0	0	0
原装正版	yvvb	简单鹤		0		0	0	0	0
颜值主播	yvvb	简单鹤		0		0	0	0	0
一招制敌	yvvd	简单鹤		0		0	0	0	0
月中折桂	yvvg	简单鹤		1		0	0	0	0
一战之后	yvvh	简单鹤		0		0	0	0	0
一战之力	yvvl	简单鹤		0		0	0	0	0
一招致命	yvvm	简单鹤		0		0	0	0	0
援助之手	yvvu	简单鹤		0		0	0	0	0
勇者之心	yvvx	简单鹤		0		0	0	0	0
一直这样	yvvy	简单鹤		0		0	0	0	0
勇者无敌	yvwd	简单鹤		0		0	0	0	0
宇宙万法	yvwf	简单鹤		0		0	0	0	0
严重危害	yvwh	简单鹤		0		0	0	0	0
严重违纪	yvwj	简单鹤		0		0	0	0	0
勇者无惧	yvwj	简单鹤		0		0	0	0	0
一纸文凭	yvwp	简单鹤		0		0	0	0	0
一直往前	yvwq	简单鹤		0		0	0	0	0
云遮雾绕	yvwr	简单鹤		0		0	0	0	0
严重问题	yvwt	简单鹤		0		0	0	0	0
云遮雾罩	yvwv	简单鹤		0		0	0	0	0
言者无心	yvwx	简单鹤		0		0	0	0	0
邮政小包	yvxb	简单鹤		0		0	0	0	0
影只形单	yvxd	简单鹤		1		0	0	0	0
与之相反	yvxf	简单鹤		0		0	0	0	0
意志消沉	yvxi	简单鹤		0		0	0	0	0
一直向前	yvxq	简单鹤		0		0	0	0	0
验证系统	yvxt	简单鹤		0		0	0	0	0
一桩心事	yvxu	简单鹤		0		0	0	0	0
一种享受	yvxu	简单鹤		0		0	0	0	0
验证信息	yvxx	简单鹤		0		0	0	0	0
验证消息	yvxx	简单鹤		0		0	0	0	0
阴转小雨	yvxy	简单鹤		0		0	0	0	0
由着性子	yvxz	简单鹤		0		0	0	0	0
一周一次	yvyc	简单鹤		0		0	0	0	0
义正严词	yvyc	简单鹤		0		0	0	0	0
一正一负	yvyf	简单鹤		0		0	0	0	0
一直有个	yvyg	简单鹤		0		0	0	0	0
应知应会	yvyh	简单鹤		0		0	0	0	0
邮政银行	yvyh	简单鹤		0		0	0	0	0
一致意见	yvyj	简单鹤		0		0	0	0	0
用之于民	yvym	简单鹤		0		0	0	0	0
羊脂玉佩	yvyp	简单鹤		0		0	0	0	0
一重一轻	yvyq	简单鹤		0		0	0	0	0
一至于斯	yvys	简单鹤		1		0	0	0	0
一阵一阵	yvyv	简单鹤		0		0	0	0	0
一直在说	yvzu	简单鹤		0		0	0	0	0
一直在想	yvzx	简单鹤		0		0	0	0	0
抑制作用	yvzy	简单鹤		0		0	0	0	0
因为爱情	ywaq	简单鹤		0		0	0	0	0
眼窝凹陷	ywax	简单鹤		0		0	0	0	0
英文标点	ywbd	简单鹤		0		0	0	0	0
业务部门	ywbm	简单鹤		0		0	0	0	0
也未必能	ywbn	简单鹤		0		0	0	0	0
言无不听	ywbt	简单鹤		0		0	0	0	0
一问便知	ywbv	简单鹤		0		0	0	0	0
意外保险	ywbx	简单鹤		0		0	0	0	0
有无必要	ywby	简单鹤		0		0	0	0	0
疑问代词	ywdc	简单鹤		0		0	0	0	0
英文单词	ywdc	简单鹤		0		0	0	0	0
一文读懂	ywdd	简单鹤		0		0	0	0	0
有望达到	ywdd	简单鹤		0		0	0	0	0
一万多个	ywdg	简单鹤		0		0	0	0	0
一苇渡江	ywdj	简单鹤		0		0	0	0	0
仰望大佬	ywdl	简单鹤		0		0	0	0	0
阎王点卯	ywdm	简单鹤		0		0	0	0	0
阎王点名	ywdm	简单鹤		0		0	0	0	0
尤为短暂	ywdz	简单鹤		0		0	0	0	0
英文打字	ywdz	简单鹤		0		0	0	0	0
由外而内	ywen	简单鹤		0		0	0	0	0
于我而言	ywey	简单鹤		0		0	0	0	0
疑问副词	ywfc	简单鹤		0		0	0	0	0
亿万富豪	ywfh	简单鹤		0		0	0	0	0
以武犯禁	ywfj	简单鹤		0		0	0	0	0
业务繁忙	ywfm	简单鹤		0		0	0	0	0
业务发展	ywfv	简单鹤		0		0	0	0	0
业务范围	ywfw	简单鹤		0		0	0	0	0
意外发现	ywfx	简单鹤		0		0	0	0	0
英文翻译	ywfy	简单鹤		0		0	0	0	0
越王勾践	ywgj	简单鹤		0		0	0	0	0
业务管理	ywgl	简单鹤		0		0	0	0	0
以往惯例	ywgl	简单鹤		0		0	0	0	0
药物过量	ywgl	简单鹤		0		0	0	0	0
业务规模	ywgm	简单鹤		0		0	0	0	0
英文歌曲	ywgq	简单鹤		0		0	0	0	0
意外获得	ywhd	简单鹤		0		0	0	0	0
与我何干	ywhg	简单鹤		0		0	0	0	0
于我何干	ywhg	简单鹤		0		0	0	0	0
有我好看	ywhk	简单鹤		0		0	0	0	0
冤枉好人	ywhr	简单鹤		0		0	0	0	0
以为憾事	ywhu	简单鹤		0		0	0	0	0
欲望回声	ywhu	简单鹤		0		0	0	0	0
以舞会友	ywhy	简单鹤		0		0	0	0	0
意外怀孕	ywhy	简单鹤		0		0	0	0	0
业务合作	ywhz	简单鹤		0		0	0	0	0
药物成分	ywif	简单鹤		0		0	0	0	0
有违常理	ywil	简单鹤		0		0	0	0	0
要务缠神	ywiu	简单鹤		0		0	0	0	0
一无长物	ywiw	简单鹤		1		0	0	0	0
业务经理	ywjl	简单鹤		0		0	0	0	0
英文解释	ywju	简单鹤		0		0	0	0	0
意外惊喜	ywjx	简单鹤		0		0	0	0	0
一维空间	ywkj	简单鹤		0		0	0	0	0
引为口实	ywku	简单鹤		0		0	0	0	0
也未可知	ywkv	简单鹤		0		0	0	0	0
犹未可知	ywkv	简单鹤		0		0	0	0	0
以文乱法	ywlf	简单鹤		1		0	0	0	0
业务逻辑	ywlj	简单鹤		0		0	0	0	0
依我来看	ywlk	简单鹤		0		0	0	0	0
云雾缭绕	ywlr	简单鹤		0		0	0	0	0
烟雾缭绕	ywlr	简单鹤		0		0	0	0	0
语文老师	ywlu	简单鹤		0		0	0	0	0
药物滥用	ywly	简单鹤		0		0	0	0	0
有我没你	ywmn	简单鹤		0		0	0	0	0
因为没有	ywmy	简单鹤		0		0	0	0	0
因为那个	ywng	简单鹤		0		0	0	0	0
业务能力	ywnl	简单鹤		0		0	0	0	0
因为那样	ywny	简单鹤		0		0	0	0	0
业务培训	ywpx	简单鹤		0		0	0	0	0
愿望清单	ywqd	简单鹤		0		0	0	0	0
一味迁就	ywqj	简单鹤		0		0	0	0	0
意外情况	ywqk	简单鹤		0		0	0	0	0
欲望强烈	ywql	简单鹤		0		0	0	0	0
有为青年	ywqn	简单鹤		0		0	0	0	0
野外求生	ywqu	简单鹤		0		0	0	0	0
因为如此	ywrc	简单鹤		0		0	0	0	0
尤为如此	ywrc	简单鹤		0		0	0	0	0
亿万人民	ywrm	简单鹤		0		0	0	0	0
异位妊娠	ywru	简单鹤		0		0	0	0	0
因为什么	ywsm	简单鹤		0		0	0	0	0
以文搜图	ywst	简单鹤		0		0	0	0	0
也无所谓	ywsw	简单鹤		0		0	0	0	0
因为所以	ywsy	简单鹤		0		0	0	0	0
有问题的	ywtd	简单鹤		0		0	0	0	0
有望提高	ywtg	简单鹤		0		0	0	0	0
尤为突出	ywti	简单鹤		0		0	0	0	0
域外天魔	ywtm	简单鹤		0		0	0	0	0
有问题吗	ywtm	简单鹤		0		0	0	0	0
野外生存	ywuc	简单鹤		0		0	0	0	0
以为是个	ywug	简单鹤		0		0	0	0	0
意外伤害	ywuh	简单鹤		0		0	0	0	0
意外收获	ywuh	简单鹤		0		0	0	0	0
由我守护	ywuh	简单鹤		0		0	0	0	0
意外事件	ywuj	简单鹤		0		0	0	0	0
眼窝深陷	ywux	简单鹤		0		0	0	0	0
意味深远	ywuy	简单鹤		0		0	0	0	0
一维数组	ywuz	简单鹤		0		0	0	0	0
意外之财	ywvc	简单鹤		0		0	0	0	0
因为知道	ywvd	简单鹤		0		0	0	0	0
业务主管	ywvg	简单鹤		0		0	0	0	0
因为这个	ywvg	简单鹤		0		0	0	0	0
依我之见	ywvj	简单鹤		0		0	0	0	0
贻误战机	ywvj	简单鹤		0		0	0	0	0
药物治疗	ywvl	简单鹤		0		0	0	0	0
与我无关	ywwg	简单鹤		0		0	0	0	0
业务往来	ywwl	简单鹤		0		0	0	0	0
与我无缘	ywwy	简单鹤		0		0	0	0	0
噫呜呜噫	ywwy	简单鹤		0		0	0	0	0
仰望星空	ywxk	简单鹤		0		0	0	0	0
尤为显著	ywxv	简单鹤		0		0	0	0	0
业务学习	ywxx	简单鹤		0		0	0	0	0
扬雾运动	ywyd	简单鹤		0		0	0	0	0
因为一个	ywyg	简单鹤		0		0	0	0	0
冤枉一场	ywyi	简单鹤		0		0	0	0	0
药物依赖	ywyl	简单鹤		0		0	0	0	0
亿万资产	ywzi	简单鹤		0		0	0	0	0
英文字幕	ywzm	简单鹤		0		0	0	0	0
英文字母	ywzm	简单鹤		0		0	0	0	0
要务在身	ywzu	简单鹤		0		0	0	0	0
阳痿早泄	ywzx	简单鹤		0		0	0	0	0
野外作业	ywzy	简单鹤		0		0	0	0	0
有些不便	yxbb	简单鹤		0		0	0	0	0
以小博大	yxbd	简单鹤		0		0	0	0	0
影响不大	yxbd	简单鹤		0		0	0	0	0
游戏补丁	yxbd	简单鹤		0		0	0	0	0
一小部分	yxbf	简单鹤		0		0	0	0	0
印象不好	yxbh	简单鹤		0		0	0	0	0
影响不好	yxbh	简单鹤		0		0	0	0	0
印象笔记	yxbj	简单鹤		0		0	0	0	0
运行不了	yxbl	简单鹤		0		0	0	0	0
影响别人	yxbr	简单鹤		0		0	0	0	0
有些不同	yxbt	简单鹤		0		0	0	0	0
医学博士	yxbu	简单鹤		0		0	0	0	0
有些不是	yxbu	简单鹤		0		0	0	0	0
有效保障	yxbv	简单鹤		0		0	0	0	0
也许都不	yxdb	简单鹤		0		0	0	0	0
由西到东	yxdd	简单鹤		0		0	0	0	0
也许都会	yxdh	简单鹤		0		0	0	0	0
影响大局	yxdj	简单鹤		0		0	0	0	0
余弦定理	yxdl	简单鹤		0		0	0	0	0
也许都能	yxdn	简单鹤		0		0	0	0	0
遥想当年	yxdn	简单鹤		0		0	0	0	0
有许多人	yxdr	简单鹤		0		0	0	0	0
有新动态	yxdt	简单鹤		0		0	0	0	0
游戏大厅	yxdt	简单鹤		0		0	0	0	0
也许都是	yxdu	简单鹤		0		0	0	0	0
邮箱地址	yxdv	简单鹤		0		0	0	0	0
一些东西	yxdx	简单鹤		0		0	0	0	0
有些东西	yxdx	简单鹤		0		0	0	0	0
也许都有	yxdy	简单鹤		0		0	0	0	0
也许都要	yxdy	简单鹤		0		0	0	0	0
鸭行鹅步	yxeb	简单鹤		1		0	0	0	0
应弦而倒	yxed	简单鹤		1		0	0	0	0
一笑而过	yxeg	简单鹤		0		0	0	0	0
有线耳机	yxej	简单鹤		0		0	0	0	0
优秀儿女	yxen	简单鹤		0		0	0	0	0
雨雪霏霏	yxff	简单鹤		0		0	0	0	0
有效发挥	yxfh	简单鹤		0		0	0	0	0
云霄飞车	yxfi	简单鹤		0		0	0	0	0
一小方块	yxfk	简单鹤		0		0	0	0	0
一些方面	yxfm	简单鹤		0		0	0	0	0
有些方面	yxfm	简单鹤		0		0	0	0	0
鸭血粉丝	yxfs	简单鹤		0		0	0	0	0
以下犯上	yxfu	简单鹤		0		0	0	0	0
雨雪风霜	yxfu	简单鹤		0		0	0	0	0
游戏辅助	yxfv	简单鹤		0		0	0	0	0
影响范围	yxfw	简单鹤		0		0	0	0	0
游戏蜂窝	yxfw	简单鹤		0		0	0	0	0
优秀分子	yxfz	简单鹤		0		0	0	0	0
优秀干部	yxgb	简单鹤		0		0	0	0	0
运行轨道	yxgd	简单鹤		0		0	0	0	0
有些过分	yxgf	简单鹤		0		0	0	0	0
延禧攻略	yxgl	简单鹤		0		0	0	0	0
腋下管理	yxgl	简单鹤		0		0	0	0	0
月薪过万	yxgw	简单鹤		0		0	0	0	0
影响工作	yxgz	简单鹤		0		0	0	0	0
游戏规则	yxgz	简单鹤		0		0	0	0	0
一小会儿	yxhe	简单鹤		0		0	0	0	0
影响很坏	yxhh	简单鹤		0		0	0	0	0
影响很差	yxhi	简单鹤		0		0	0	0	0
有些好处	yxhi	简单鹤		0		0	0	0	0
以新换旧	yxhj	简单鹤		0		0	0	0	0
游戏画面	yxhm	简单鹤		0		0	0	0	0
一星好评	yxhp	简单鹤		0		0	0	0	0
有些害怕	yxhp	简单鹤		0		0	0	0	0
阴虚火旺	yxhw	简单鹤		0		0	0	0	0
以血还血	yxhx	简单鹤		0		0	0	0	0
用心何在	yxhz	简单鹤		0		0	0	0	0
运行成本	yxib	简单鹤		0		0	0	0	0
优秀成果	yxig	简单鹤		0		0	0	0	0
一线城市	yxiu	简单鹤		0		0	0	0	0
有线传输	yxiu	简单鹤		0		0	0	0	0
游戏厂商	yxiu	简单鹤		0		0	0	0	0
研学基地	yxjd	简单鹤		0		0	0	0	0
元凶巨恶	yxje	简单鹤		0		0	0	0	0
一学就废	yxjf	简单鹤		0		0	0	0	0
以下几个	yxjg	简单鹤		0		0	0	0	0
一学就会	yxjh	简单鹤		0		0	0	0	0
元宵佳节	yxjj	简单鹤		0		0	0	0	0
游戏键盘	yxjp	简单鹤		0		0	0	0	0
也许就是	yxju	简单鹤		0		0	0	0	0
游戏结束	yxju	简单鹤		0		0	0	0	0
阴险狡诈	yxjv	简单鹤		0		0	0	0	0
音信皆无	yxjw	简单鹤		0		0	0	0	0
有些困难	yxkn	简单鹤		0		0	0	0	0
有些可惜	yxkx	简单鹤		0		0	0	0	0
游戏科学	yxkx	简单鹤		0		0	0	0	0
也许可以	yxky	简单鹤		0		0	0	0	0
一系列的	yxld	简单鹤		0		0	0	0	0
研学旅行	yxlh	简单鹤		0		0	0	0	0
英雄落泪	yxll	简单鹤		0		0	0	0	0
英雄联盟	yxlm	简单鹤		0		0	0	0	0
优先录取	yxlq	简单鹤		0		0	0	0	0
一心两用	yxly	简单鹤		0		0	0	0	0
有些麻烦	yxmf	简单鹤		0		0	0	0	0
英雄模范	yxmf	简单鹤		0		0	0	0	0
英雄末路	yxml	简单鹤		0		0	0	0	0
邮箱密码	yxmm	简单鹤		0		0	0	0	0
一宿没睡	yxmu	简单鹤		0		0	0	0	0
运行内存	yxnc	简单鹤		0		0	0	0	0
有些难度	yxnd	简单鹤		0		0	0	0	0
也许能够	yxng	简单鹤		0		0	0	0	0
也许那个	yxng	简单鹤		0		0	0	0	0
阳虚内寒	yxnh	简单鹤		0		0	0	0	0
易学难精	yxnj	简单鹤		0		0	0	0	0
阴虚内热	yxnr	简单鹤		0		0	0	0	0
有些年头	yxnt	简单鹤		0		0	0	0	0
野性难驯	yxnx	简单鹤		0		0	0	0	0
油性皮肤	yxpf	简单鹤		0		0	0	0	0
游戏平衡	yxph	简单鹤		0		0	0	0	0
游戏平台	yxpt	简单鹤		0		0	0	0	0
优秀品质	yxpv	简单鹤		0		0	0	0	0
异性朋友	yxpy	简单鹤		0		0	0	0	0
一心扑在	yxpz	简单鹤		0		0	0	0	0
鱼翔浅底	yxqd	简单鹤		0		0	0	0	0
英雄气概	yxqg	简单鹤		0		0	0	0	0
贻笑千古	yxqg	简单鹤		0		0	0	0	0
一星期后	yxqh	简单鹤		0		0	0	0	0
一雪前耻	yxqi	简单鹤		0		0	0	0	0
医学奇迹	yxqj	简单鹤		0		0	0	0	0
一些情况	yxqk	简单鹤		0		0	0	0	0
一心求死	yxqs	简单鹤		0		0	0	0	0
欲先取之	yxqv	简单鹤		0		0	0	0	0
影响情绪	yxqx	简单鹤		0		0	0	0	0
鱼香茄子	yxqz	简单鹤		0		0	0	0	0
一向如此	yxrc	简单鹤		0		0	0	0	0
一些人的	yxrd	简单鹤		0		0	0	0	0
饮血茹毛	yxrm	简单鹤		1		0	0	0	0
游戏人生	yxru	简单鹤		0		0	0	0	0
一向认为	yxrw	简单鹤		0		0	0	0	0
营销人员	yxry	简单鹤		0		0	0	0	0
一些日子	yxrz	简单鹤		0		0	0	0	0
养血润燥	yxrz	简单鹤		0		0	0	0	0
英雄碎片	yxsp	简单鹤		0		0	0	0	0
影响太坏	yxth	简单鹤		0		0	0	0	0
有效途径	yxtj	简单鹤		0		0	0	0	0
雨雪天气	yxtq	简单鹤		0		0	0	0	0
游戏体验	yxty	简单鹤		0		0	0	0	0
也许是吧	yxub	简单鹤		0		0	0	0	0
有线鼠标	yxub	简单鹤		0		0	0	0	0
游戏鼠标	yxub	简单鹤		0		0	0	0	0
有效手段	yxud	简单鹤		0		0	0	0	0
月销售额	yxue	简单鹤		0		0	0	0	0
阳虚水泛	yxuf	简单鹤		0		0	0	0	0
一些时候	yxuh	简单鹤		0		0	0	0	0
有些时候	yxuh	简单鹤		0		0	0	0	0
有效射程	yxui	简单鹤		0		0	0	0	0
英雄时刻	yxuk	简单鹤		0		0	0	0	0
影响睡眠	yxum	简单鹤		0		0	0	0	0
一小时内	yxun	简单鹤		0		0	0	0	0
一些事情	yxuq	简单鹤		0		0	0	0	0
有些事情	yxuq	简单鹤		0		0	0	0	0
隐性收入	yxur	简单鹤		0		0	0	0	0
影响身体	yxut	简单鹤		0		0	0	0	0
有性生殖	yxuv	简单鹤		0		0	0	0	0
影响声誉	yxuy	简单鹤		0		0	0	0	0
影响深远	yxuy	简单鹤		0		0	0	0	0
有效数字	yxuz	简单鹤		0		0	0	0	0
游戏主播	yxvb	简单鹤		0		0	0	0	0
游戏装备	yxvb	简单鹤		0		0	0	0	0
预先指定	yxvd	简单鹤		0		0	0	0	0
依宪治国	yxvg	简单鹤		0		0	0	0	0
一线之差	yxvi	简单鹤		0		0	0	0	0
一夕之间	yxvj	简单鹤		0		0	0	0	0
有效证件	yxvj	简单鹤		0		0	0	0	0
也许只能	yxvn	简单鹤		0		0	0	0	0
有新照片	yxvp	简单鹤		0		0	0	0	0
也许只是	yxvu	简单鹤		0		0	0	0	0
一向主张	yxvv	简单鹤		0		0	0	0	0
优秀文化	yxwh	简单鹤		0		0	0	0	0
迎新晚会	yxwh	简单鹤		0		0	0	0	0
一心为民	yxwm	简单鹤		0		0	0	0	0
英雄无觅	yxwm	简单鹤		0		0	0	0	0
有些问题	yxwt	简单鹤		0		0	0	0	0
由西向东	yxxd	简单鹤		0		0	0	0	0
有些想法	yxxf	简单鹤		0		0	0	0	0
优秀学生	yxxu	简单鹤		0		0	0	0	0
异性相吸	yxxx	简单鹤		0		0	0	0	0
影响学习	yxxx	简单鹤		0		0	0	0	0
一心想要	yxxy	简单鹤		0		0	0	0	0
也许需要	yxxy	简单鹤		0		0	0	0	0
有先有后	yxyh	简单鹤		0		0	0	0	0
隐性遗传	yxyi	简单鹤		0		0	0	0	0
又羞又愧	yxyk	简单鹤		0		0	0	0	0
硬性要求	yxyq	简单鹤		0		0	0	0	0
越想越气	yxyq	简单鹤		0		0	0	0	0
影响因素	yxys	简单鹤		0		0	0	0	0
又香又甜	yxyt	简单鹤		0		0	0	0	0
亚细亚洲	yxyv	简单鹤		0		0	0	0	0
优先用血	yxyx	简单鹤		0		0	0	0	0
医学影像	yxyx	简单鹤		0		0	0	0	0
以下原则	yxyz	简单鹤		0		0	0	0	0
影响因子	yxyz	简单鹤		0		0	0	0	0
一些做法	yxzf	简单鹤		0		0	0	0	0
有效做法	yxzf	简单鹤		0		0	0	0	0
隐形字符	yxzf	简单鹤		0		0	0	0	0
有效载荷	yxzh	简单鹤		0		0	0	0	0
有形资产	yxzi	简单鹤		0		0	0	0	0
影像资料	yxzl	简单鹤		0		0	0	0	0
音像资料	yxzl	简单鹤		0		0	0	0	0
有仙则名	yxzm	简单鹤		0		0	0	0	0
优先择偶	yxzo	简单鹤		0		0	0	0	0
有限责任	yxzr	简单鹤		0		0	0	0	0
印象最深	yxzu	简单鹤		0		0	0	0	0
予以安排	yyap	简单鹤		0		0	0	0	0
语音播报	yybb	简单鹤		0		0	0	0	0
一夜暴富	yybf	简单鹤		0		0	0	0	0
有一部分	yybf	简单鹤		0		0	0	0	0
阴阳八卦	yybg	简单鹤		0		0	0	0	0
一夜爆红	yybh	简单鹤		0		0	0	0	0
永远不会	yybh	简单鹤		0		0	0	0	0
远远不及	yybj	简单鹤		0		0	0	0	0
意义不明	yybm	简单鹤		0		0	0	0	0
踊跃报名	yybm	简单鹤		0		0	0	0	0
永远不能	yybn	简单鹤		0		0	0	0	0
远远不如	yybr	简单鹤		0		0	0	0	0
友谊比赛	yybs	简单鹤		0		0	0	0	0
一夜白头	yybt	简单鹤		0		0	0	0	0
语言不通	yybt	简单鹤		0		0	0	0	0
压抑不住	yybv	简单鹤		0		0	0	0	0
远远不止	yybv	简单鹤		0		0	0	0	0
营养不足	yybz	简单鹤		0		0	0	0	0
远远不足	yybz	简单鹤		0		0	0	0	0
英语词典	yycd	简单鹤		0		0	0	0	0
应邀参加	yycj	简单鹤		0		0	0	0	0
踊跃参加	yycj	简单鹤		0		0	0	0	0
已有词组	yycz	简单鹤		0		0	0	0	0
以一敌百	yydb	简单鹤		0		0	0	0	0
英语单词	yydc	简单鹤		0		0	0	0	0
有一点点	yydd	简单鹤		0		0	0	0	0
愿意的话	yydh	简单鹤		0		0	0	0	0
一一道来	yydl	简单鹤		0		0	0	0	0
以一当千	yydq	简单鹤		0		0	0	0	0
有用的人	yydr	简单鹤		0		0	0	0	0
营业大厅	yydt	简单鹤		0		0	0	0	0
永远的神	yydu	简单鹤		0		0	0	0	0
一眼丁真	yydv	简单鹤		0		0	0	0	0
义眼丁真	yydv	简单鹤		0		0	0	0	0
一样东西	yydx	简单鹤		0		0	0	0	0
语言大学	yydx	简单鹤		0		0	0	0	0
一一对应	yydy	简单鹤		0		0	0	0	0
友谊第一	yydy	简单鹤		0		0	0	0	0
一元二次	yyec	简单鹤		0		0	0	0	0
一言而定	yyed	简单鹤		0		0	0	0	0
郁郁而终	yyev	简单鹤		0		0	0	0	0
有意而为	yyew	简单鹤		0		0	0	0	0
一跃而下	yyex	简单鹤		0		0	0	0	0
押一付二	yyfe	简单鹤		0		0	0	0	0
淫雨霏霏	yyff	简单鹤		0		0	0	0	0
语言风格	yyfg	简单鹤		0		0	0	0	0
一元方程	yyfi	简单鹤		0		0	0	0	0
一夜风流	yyfl	简单鹤		0		0	0	0	0
羽翼丰满	yyfm	简单鹤		0		0	0	0	0
一夜夫妻	yyfq	简单鹤		0		0	0	0	0
异域风情	yyfq	简单鹤		0		0	0	0	0
以言废人	yyfr	简单鹤		0		0	0	0	0
养一方人	yyfr	简单鹤		0		0	0	0	0
押一付三	yyfs	简单鹤		0		0	0	0	0
玉音放送	yyfs	简单鹤		0		0	0	0	0
英勇奋战	yyfv	简单鹤		0		0	0	0	0
原因分析	yyfx	简单鹤		0		0	0	0	0
押一付一	yyfy	简单鹤		0		0	0	0	0
英语翻译	yyfy	简单鹤		0		0	0	0	0
踊跃发言	yyfy	简单鹤		0		0	0	0	0
应用广泛	yygf	简单鹤		0		0	0	0	0
予以公告	yygg	简单鹤		0		0	0	0	0
英语国家	yygj	简单鹤		0		0	0	0	0
演绎归纳	yygn	简单鹤		0		0	0	0	0
有一个人	yygr	简单鹤		0		0	0	0	0
褕衣甘食	yygu	简单鹤		0		0	0	0	0
一一过问	yygw	简单鹤		0		0	0	0	0
也有关系	yygx	简单鹤		0		0	0	0	0
远远高于	yygy	简单鹤		0		0	0	0	0
运营活动	yyhd	简单鹤		0		0	0	0	0
养颜护肤	yyhf	简单鹤		0		0	0	0	0
语音合成	yyhi	简单鹤		0		0	0	0	0
依样画瓢	yyhp	简单鹤		0		0	0	0	0
欲语还休	yyhx	简单鹤		0		0	0	0	0
亦有差距	yyij	简单鹤		0		0	0	0	0
优异成绩	yyij	简单鹤		0		0	0	0	0
囿于成见	yyij	简单鹤		1		0	0	0	0
应用场景	yyij	简单鹤		0		0	0	0	0
予以处理	yyil	简单鹤		0		0	0	0	0
营运车辆	yyil	简单鹤		0		0	0	0	0
语言处理	yyil	简单鹤		0		0	0	0	0
一夜成名	yyim	简单鹤		0		0	0	0	0
勇于承认	yyir	简单鹤		0		0	0	0	0
一跃成为	yyiw	简单鹤		0		0	0	0	0
牙龈出血	yyix	简单鹤		0		0	0	0	0
医药产业	yyiy	简单鹤		0		0	0	0	0
阴阳交错	yyjc	简单鹤		1		0	0	0	0
音乐教父	yyjf	简单鹤		0		0	0	0	0
又有几个	yyjg	简单鹤		0		0	0	0	0
妖艳贱货	yyjh	简单鹤		0		0	0	0	0
由远及近	yyjj	简单鹤		0		0	0	0	0
游泳教练	yyjl	简单鹤		0		0	0	0	0
运营经理	yyjl	简单鹤		0		0	0	0	0
烟雨江南	yyjn	简单鹤		0		0	0	0	0
样样俱全	yyjq	简单鹤		0		0	0	0	0
也有今天	yyjt	简单鹤		0		0	0	0	0
样样精通	yyjt	简单鹤		0		0	0	0	0
有一件事	yyju	简单鹤		0		0	0	0	0
玉叶金枝	yyjv	简单鹤		1		0	0	0	0
营养价值	yyjv	简单鹤		0		0	0	0	0
英勇就义	yyjy	简单鹤		0		0	0	0	0
英勇抗敌	yykd	简单鹤		0		0	0	0	0
应用开发	yykf	简单鹤		0		0	0	0	0
狺狺狂吠	yykf	简单鹤		0		0	0	0	0
一眼看穿	yyki	简单鹤		0		0	0	0	0
也有可能	yykn	简单鹤		0		0	0	0	0
远远看去	yykq	简单鹤		0		0	0	0	0
勇于开拓	yykt	简单鹤		0		0	0	0	0
营养快线	yykx	简单鹤		0		0	0	0	0
一样可以	yyky	简单鹤		0		0	0	0	0
永远可以	yyky	简单鹤		0		0	0	0	0
远远快于	yyky	简单鹤		0		0	0	0	0
阴阳两隔	yylg	简单鹤		0		0	0	0	0
遥遥落后	yylh	简单鹤		0		0	0	0	0
岳阳楼记	yylj	简单鹤		0		0	0	0	0
炎炎烈日	yylr	简单鹤		0		0	0	0	0
烟雨楼台	yylt	简单鹤		0		0	0	0	0
语音聊天	yylt	简单鹤		0		0	0	0	0
英语老师	yylu	简单鹤		0		0	0	0	0
音乐老师	yylu	简单鹤		0		0	0	0	0
一眼沦陷	yylx	简单鹤		0		0	0	0	0
有意联系	yylx	简单鹤		0		0	0	0	0
应用领域	yyly	简单鹤		0		0	0	0	0
元婴老祖	yylz	简单鹤		0		0	0	0	0
疑云满腹	yymf	简单鹤		0		0	0	0	0
阴影面积	yymj	简单鹤		0		0	0	0	0
烟雨蒙蒙	yymm	简单鹤		0		0	0	0	0
阴雨绵绵	yymm	简单鹤		0		0	0	0	0
意义明确	yymq	简单鹤		0		0	0	0	0
有用没用	yymy	简单鹤		0		0	0	0	0
英语母语	yymy	简单鹤		0		0	0	0	0
也有那个	yyng	简单鹤		0		0	0	0	0
语言能力	yynl	简单鹤		0		0	0	0	0
永远年轻	yynq	简单鹤		0		0	0	0	0
依依难舍	yynu	简单鹤		0		0	0	0	0
要有耐心	yynx	简单鹤		0		0	0	0	0
阴阳平衡	yyph	简单鹤		0		0	0	0	0
艳压群芳	yyqf	简单鹤		0		0	0	0	0
因缘巧合	yyqh	简单鹤		0		0	0	0	0
艳压全场	yyqi	简单鹤		0		0	0	0	0
运营情况	yyqk	简单鹤		0		0	0	0	0
玉宇琼楼	yyql	简单鹤		1		0	0	0	0
样样齐全	yyqq	简单鹤		0		0	0	0	0
永远如此	yyrc	简单鹤		0		0	0	0	0
一眼认出	yyri	简单鹤		0		0	0	0	0
原因如下	yyrx	简单鹤		0		0	0	0	0
营业人员	yyry	简单鹤		0		0	0	0	0
运营人员	yyry	简单鹤		0		0	0	0	0
有意思的	yysd	简单鹤		0		0	0	0	0
一隅三反	yysf	简单鹤		1		0	0	0	0
英语四级	yysj	简单鹤		0		0	0	0	0
谣言四起	yysq	简单鹤		0		0	0	0	0
意有所指	yysv	简单鹤		0		0	0	0	0
夜有所想	yysx	简单鹤		0		0	0	0	0
悠悠岁月	yysy	简单鹤		0		0	0	0	0
原因所在	yysz	简单鹤		0		0	0	0	0
愉悦送走	yysz	简单鹤		0		0	0	0	0
意义所在	yysz	简单鹤		0		0	0	0	0
应予通报	yytb	简单鹤		0		0	0	0	0
一夜天光	yytg	简单鹤		0		0	0	0	0
语音通话	yyth	简单鹤		0		0	0	0	0
月牙天冲	yyti	简单鹤		0		0	0	0	0
应用推荐	yytj	简单鹤		0		0	0	0	0
应用商店	yyud	简单鹤		0		0	0	0	0
夜夜笙歌	yyug	简单鹤		0		0	0	0	0
应用市场	yyui	简单鹤		0		0	0	0	0
意义上看	yyuk	简单鹤		0		0	0	0	0
有约束力	yyul	简单鹤		0		0	0	0	0
予以说明	yyum	简单鹤		0		0	0	0	0
吟游诗人	yyur	简单鹤		0		0	0	0	0
营业收入	yyur	简单鹤		0		0	0	0	0
语音输入	yyur	简单鹤		0		0	0	0	0
哑言失笑	yyux	简单鹤		0		0	0	0	0
应用数学	yyux	简单鹤		0		0	0	0	0
营业声线	yyux	简单鹤		0		0	0	0	0
引喻失义	yyuy	简单鹤		1		0	0	0	0
意义深远	yyuy	简单鹤		0		0	0	0	0
有一说一	yyuy	简单鹤		0		0	0	0	0
语言障碍	yyva	简单鹤		0		0	0	0	0
一一照办	yyvb	简单鹤		0		0	0	0	0
易与之辈	yyvb	简单鹤		0		0	0	0	0
意义重大	yyvd	简单鹤		0		0	0	0	0
云雨之欢	yyvh	简单鹤		0		0	0	0	0
言语之间	yyvj	简单鹤		0		0	0	0	0
悠悠众口	yyvk	简单鹤		0		0	0	0	0
运营助理	yyvl	简单鹤		0		0	0	0	0
阴影质量	yyvl	简单鹤		0		0	0	0	0
勇于追求	yyvq	简单鹤		0		0	0	0	0
有缘之人	yyvr	简单鹤		0		0	0	0	0
以一知万	yyvw	简单鹤		1		0	0	0	0
阴影之下	yyvx	简单鹤		0		0	0	0	0
雨一直下	yyvx	简单鹤		0		0	0	0	0
原因之一	yyvy	简单鹤		0		0	0	0	0
应有之义	yyvy	简单鹤		0		0	0	0	0
月圆之夜	yyvy	简单鹤		0		0	0	0	0
有一阵子	yyvz	简单鹤		0		0	0	0	0
音乐制作	yyvz	简单鹤		0		0	0	0	0
圆月弯刀	yywd	简单鹤		0		0	0	0	0
有一无二	yywe	简单鹤		1		0	0	0	0
焉有完卵	yywl	简单鹤		0		0	0	0	0
一夜无眠	yywm	简单鹤		0		0	0	0	0
一眼万年	yywn	简单鹤		0		0	0	0	0
愿意为你	yywn	简单鹤		0		0	0	0	0
一眼望去	yywq	简单鹤		0		0	0	0	0
远远望去	yywq	简单鹤		0		0	0	0	0
有烟无伤	yywu	简单鹤		0		0	0	0	0
营养物质	yywv	简单鹤		0		0	0	0	0
阴阳五行	yywx	简单鹤		0		0	0	0	0
语言习惯	yyxg	简单鹤		0		0	0	0	0
阴阳相隔	yyxg	简单鹤		0		0	0	0	0
愿意效劳	yyxl	简单鹤		0		0	0	0	0
有印象了	yyxl	简单鹤		0		0	0	0	0
炎炎夏日	yyxr	简单鹤		0		0	0	0	0
一叶小舟	yyxv	简单鹤		0		0	0	0	0
悠悠醒转	yyxv	简单鹤		0		0	0	0	0
玉殒香消	yyxx	简单鹤		0		0	0	0	0
欲抑先扬	yyxy	简单鹤		0		0	0	0	0
一月一次	yyyc	简单鹤		0		0	0	0	0
也有一点	yyyd	简单鹤		0		0	0	0	0
有氧运动	yyyd	简单鹤		0		0	0	0	0
云雨一番	yyyf	简单鹤		0		0	0	0	0
也有一个	yyyg	简单鹤		0		0	0	0	0
又有一个	yyyg	简单鹤		0		0	0	0	0
育有一女	yyyn	简单鹤		0		0	0	0	0
婴幼用品	yyyp	简单鹤		0		0	0	0	0
一月一日	yyyr	简单鹤		0		0	0	0	0
盈盈一握	yyyw	简单鹤		0		0	0	0	0
永野一夏	yyyx	简单鹤		0		0	0	0	0
盈盈一笑	yyyx	简单鹤		0		0	0	0	0
吚吚呀呀	yyyy	简单鹤		0		0	0	0	0
育有一子	yyyz	简单鹤		0		0	0	0	0
样样在行	yyzh	简单鹤		0		0	0	0	0
有缘再见	yyzj	简单鹤		0		0	0	0	0
英语字母	yyzm	简单鹤		0		0	0	0	0
有孕在身	yyzu	简单鹤		0		0	0	0	0
原因在于	yyzy	简单鹤		0		0	0	0	0
意义在于	yyzy	简单鹤		0		0	0	0	0
验资报告	yzbg	简单鹤		0		0	0	0	0
一字不落	yzbl	简单鹤		0		0	0	0	0
疑罪从无	yzcw	简单鹤		0		0	0	0	0
疑罪从有	yzcy	简单鹤		0		0	0	0	0
以租代购	yzdg	简单鹤		0		0	0	0	0
易子而食	yzeu	简单鹤		1		0	0	0	0
圆凿方枘	yzfr	简单鹤		1		0	0	0	0
一则故事	yzgu	简单鹤		0		0	0	0	0
一字长蛇	yziu	简单鹤		0		0	0	0	0
运足力气	yzlq	简单鹤		0		0	0	0	0
燕子李三	yzls	简单鹤		0		0	0	0	0
又怎么了	yzml	简单鹤		0		0	0	0	0
又怎么能	yzmn	简单鹤		0		0	0	0	0
又怎么样	yzmy	简单鹤		0		0	0	0	0
与子同袍	yztp	简单鹤		0		0	0	0	0
与子同裳	yztu	简单鹤		0		0	0	0	0
远在他乡	yztx	简单鹤		0		0	0	0	0
永载史册	yzuc	简单鹤		0		0	0	0	0
一组数据	yzuj	简单鹤		0		0	0	0	0
一再说明	yzum	简单鹤		0		0	0	0	0
一族之长	yzvv	简单鹤		0		0	0	0	0
原则问题	yzwt	简单鹤		0		0	0	0	0
有嘴无心	yzwx	简单鹤		1		0	0	0	0
影子系统	yzxt	简单鹤		0		0	0	0	0
与子偕行	yzxx	简单鹤		0		0	0	0	0
也在于此	yzyc	简单鹤		0		0	0	0	0
一走一过	yzyg	简单鹤		0		0	0	0	0
越走越近	yzyj	简单鹤		0		0	0	0	0
又脏又累	yzyl	简单鹤		0		0	0	0	0
又怎样呢	yzyn	简单鹤		0		0	0	0	0
越走越偏	yzyp	简单鹤		0		0	0	0	0
一再要求	yzyq	简单鹤		0		0	0	0	0
一字一珠	yzyv	简单鹤		1		0	0	0	0
妍姿艳质	yzyv	简单鹤		1		0	0	0	0
一左一右	yzyy	简单鹤		0		0	0	0	0
越走越远	yzyy	简单鹤		0		0	0	0	0
作案动机	zadj	简单鹤		0		0	0	0	0
作案对象	zadx	简单鹤		0		0	0	0	0
作案分子	zafz	简单鹤		0		0	0	0	0
作案工具	zagj	简单鹤		0		0	0	0	0
作案人员	zary	简单鹤		0		0	0	0	0
作案现场	zaxi	简单鹤		0		0	0	0	0
作案嫌疑	zaxy	简单鹤		0		0	0	0	0
坐不安席	zbax	简单鹤		1		0	0	0	0
自爆步兵	zbbb	简单鹤		0		0	0	0	0
左半部分	zbbf	简单鹤		0		0	0	0	0
嘴巴嘟嘟	zbdd	简单鹤		0		0	0	0	0
再不多话	zbdh	简单鹤		0		0	0	0	0
总部大楼	zbdl	简单鹤		0		0	0	0	0
走不动了	zbdl	简单鹤		0		0	0	0	0
罪不当死	zbds	简单鹤		0		0	0	0	0
做不得声	zbdu	简单鹤		0		0	0	0	0
作弊封禁	zbfj	简单鹤		0		0	0	0	0
再比方说	zbfu	简单鹤		0		0	0	0	0
资本构成	zbgi	简单鹤		0		0	0	0	0
资本管理	zbgl	简单鹤		0		0	0	0	0
资本规模	zbgm	简单鹤		0		0	0	0	0
资本回报	zbhb	简单鹤		0		0	0	0	0
凿壁借光	zbjg	简单鹤		0		0	0	0	0
自爆卡车	zbki	简单鹤		0		0	0	0	0
总不可能	zbkn	简单鹤		0		0	0	0	0
作不了怪	zblg	简单鹤		0		0	0	0	0
脏不拉叽	zblj	简单鹤		0		0	0	0	0
做不了主	zblv	简单鹤		0		0	0	0	0
走遍美国	zbmg	简单鹤		0		0	0	0	0
早八男大	zbnd	简单鹤		0		0	0	0	0
总不能说	zbnu	简单鹤		0		0	0	0	0
做白日梦	zbrm	简单鹤		0		0	0	0	0
嘴不饶人	zbrr	简单鹤		0		0	0	0	0
再比如说	zbru	简单鹤		0		0	0	0	0
最不容易	zbry	简单鹤		0		0	0	0	0
早半天儿	zbte	简单鹤		0		0	0	0	0
资本社会	zbuh	简单鹤		0		0	0	0	0
资本输出	zbui	简单鹤		0		0	0	0	0
罪不至此	zbvc	简单鹤		0		0	0	0	0
咋不知道	zbvd	简单鹤		0		0	0	0	0
暂不支持	zbvi	简单鹤		0		0	0	0	0
坐不住了	zbvl	简单鹤		0		0	0	0	0
罪不至死	zbvs	简单鹤		0		0	0	0	0
兹不赘述	zbvu	简单鹤		0		0	0	0	0
自摆乌龙	zbwl	简单鹤		0		0	0	0	0
自卑心理	zbxl	简单鹤		0		0	0	0	0
自北向南	zbxn	简单鹤		0		0	0	0	0
坐标系统	zbxt	简单鹤		0		0	0	0	0
左闭右开	zbyk	简单鹤		0		0	0	0	0
嘴巴一张	zbyv	简单鹤		0		0	0	0	0
资本运营	zbyy	简单鹤		0		0	0	0	0
资本运作	zbyz	简单鹤		0		0	0	0	0
自编自导	zbzd	简单鹤		0		0	0	0	0
贼不走空	zbzk	简单鹤		0		0	0	0	0
咋不早说	zbzu	简单鹤		0		0	0	0	0
在不在线	zbzx	简单鹤		0		0	0	0	0
紫菜包饭	zcbf	简单鹤		0		0	0	0	0
字词避重	zcbi	简单鹤		0		0	0	0	0
遭此不幸	zcbx	简单鹤		0		0	0	0	0
字词分离	zcfl	简单鹤		0		0	0	0	0
再次发生	zcfu	简单鹤		0		0	0	0	0
走错方向	zcfx	简单鹤		0		0	0	0	0
遵从规律	zcgl	简单鹤		0		0	0	0	0
再次感谢	zcgx	简单鹤		0		0	0	0	0
字词混频	zchp	简单鹤		0		0	0	0	0
再次出现	zcix	简单鹤		0		0	0	0	0
在此基础	zcji	简单鹤		0		0	0	0	0
字词解释	zcju	简单鹤		0		0	0	0	0
再次强调	zcqt	简单鹤		0		0	0	0	0
自残倾向	zcqx	简单鹤		0		0	0	0	0
总裁助理	zcvl	简单鹤		0		0	0	0	0
走错一步	zcyb	简单鹤		0		0	0	0	0
遭此意外	zcyw	简单鹤		0		0	0	0	0
作词作曲	zczq	简单鹤		0		0	0	0	0
做得不错	zdbc	简单鹤		0		0	0	0	0
做的不错	zdbc	简单鹤		0		0	0	0	0
自动保存	zdbc	简单鹤		0		0	0	0	0
自动扳机	zdbj	简单鹤		0		0	0	0	0
自动补全	zdbq	简单鹤		0		0	0	0	0
贼胆包天	zdbt	简单鹤		0		0	0	0	0
最低保障	zdbv	简单鹤		0		0	0	0	0
遭到报应	zdby	简单鹤		0		0	0	0	0
遭到挫折	zdcv	简单鹤		0		0	0	0	0
自动断电	zddd	简单鹤		0		0	0	0	0
自动对焦	zddj	简单鹤		0		0	0	0	0
自动登录	zddl	简单鹤		0		0	0	0	0
坐到地上	zddu	简单鹤		0		0	0	0	0
子弹短信	zddx	简单鹤		0		0	0	0	0
早点儿睡	zdeu	简单鹤		0		0	0	0	0
自动关闭	zdgb	简单鹤		0		0	0	0	0
自动滚屏	zdgp	简单鹤		0		0	0	0	0
自动跟随	zdgs	简单鹤		0		0	0	0	0
做点贡献	zdgx	简单鹤		0		0	0	0	0
自动更新	zdgx	简单鹤		0		0	0	0	0
走得更远	zdgy	简单鹤		0		0	0	0	0
早得贵子	zdgz	简单鹤		0		0	0	0	0
最低工资	zdgz	简单鹤		0		0	0	0	0
自动回复	zdhf	简单鹤		0		0	0	0	0
自动换行	zdhh	简单鹤		0		0	0	0	0
坐地还钱	zdhq	简单鹤		0		0	0	0	0
早点回去	zdhq	简单鹤		0		0	0	0	0
自带混响	zdhx	简单鹤		0		0	0	0	0
最大程度	zdid	简单鹤		0		0	0	0	0
尊嘟假嘟	zdjd	简单鹤		0		0	0	0	0
最低价格	zdjg	简单鹤		0		0	0	0	0
自动加速	zdjs	简单鹤		0		0	0	0	0
自动开关	zdkg	简单鹤		0		0	0	0	0
最大可能	zdkn	简单鹤		0		0	0	0	0
藏地密码	zdmm	简单鹤		0		0	0	0	0
子盗母气	zdmq	简单鹤		0		0	0	0	0
最大努力	zdnl	简单鹤		0		0	0	0	0
走到哪里	zdnl	简单鹤		0		0	0	0	0
坐地排卵	zdpl	简单鹤		0		0	0	0	0
自动求和	zdqh	简单鹤		0		0	0	0	0
早点起床	zdqi	简单鹤		0		0	0	0	0
自动清除	zdqi	简单鹤		0		0	0	0	0
自带气场	zdqi	简单鹤		0		0	0	0	0
坐地起价	zdqj	简单鹤		0		0	0	0	0
早点起来	zdql	简单鹤		0		0	0	0	0
自动清理	zdql	简单鹤		0		0	0	0	0
最低气温	zdqw	简单鹤		0		0	0	0	0
自动取消	zdqx	简单鹤		0		0	0	0	0
最大速度	zdsd	简单鹤		0		0	0	0	0
自动锁定	zdsd	简单鹤		0		0	0	0	0
自动锁敌	zdsd	简单鹤		0		0	0	0	0
做点什么	zdsm	简单鹤		0		0	0	0	0
最大特点	zdtd	简单鹤		0		0	0	0	0
自动填充	zdti	简单鹤		0		0	0	0	0
自动退出	zdti	简单鹤		0		0	0	0	0
自动调节	zdtj	简单鹤		0		0	0	0	0
自动调频	zdtp	简单鹤		0		0	0	0	0
自动停止	zdtv	简单鹤		0		0	0	0	0
自动跳转	zdtv	简单鹤		0		0	0	0	0
早点睡吧	zdub	简单鹤		0		0	0	0	0
遭到失败	zdub	简单鹤		0		0	0	0	0
子弹时间	zduj	简单鹤		0		0	0	0	0
早点睡觉	zduj	简单鹤		0		0	0	0	0
最短时间	zduj	简单鹤		0		0	0	0	0
自动上屏	zdup	简单鹤		0		0	0	0	0
组队申请	zduq	简单鹤		0		0	0	0	0
自动拾取	zduq	简单鹤		0		0	0	0	0
自动输入	zdur	简单鹤		0		0	0	0	0
子弹上膛	zdut	简单鹤		0		0	0	0	0
最大障碍	zdva	简单鹤		0		0	0	0	0
自动追击	zdvj	简单鹤		0		0	0	0	0
最多只能	zdvn	简单鹤		0		0	0	0	0
自带碗筷	zdwk	简单鹤		0		0	0	0	0
最大问题	zdwt	简单鹤		0		0	0	0	0
最低限度	zdxd	简单鹤		0		0	0	0	0
最低限额	zdxe	简单鹤		0		0	0	0	0
自动寻路	zdxl	简单鹤		0		0	0	0	0
自动消失	zdxu	简单鹤		0		0	0	0	0
自动旋转	zdxv	简单鹤		0		0	0	0	0
自动选中	zdxv	简单鹤		0		0	0	0	0
自东向西	zdxx	简单鹤		0		0	0	0	0
最大心愿	zdxy	简单鹤		0		0	0	0	0
自动修音	zdxy	简单鹤		0		0	0	0	0
自动隐藏	zdyc	简单鹤		0		0	0	0	0
左等右等	zdyd	简单鹤		0		0	0	0	0
走到一个	zdyg	简单鹤		0		0	0	0	0
再等一会	zdyh	简单鹤		0		0	0	0	0
左等右盼	zdyp	简单鹤		0		0	0	0	0
最低要求	zdyq	简单鹤		0		0	0	0	0
组队邀请	zdyq	简单鹤		0		0	0	0	0
走动一下	zdyx	简单鹤		0		0	0	0	0
自动造词	zdzc	简单鹤		0		0	0	0	0
自动作废	zdzf	简单鹤		0		0	0	0	0
做大做强	zdzq	简单鹤		0		0	0	0	0
总打总算	zdzs	简单鹤		0		0	0	0	0
杂而不精	zebj	简单鹤		0		0	0	0	0
杂而不乱	zebl	简单鹤		0		0	0	0	0
坐而待毙	zedb	简单鹤		1		0	0	0	0
左耳朵进	zedj	简单鹤		0		0	0	0	0
罪恶勾当	zegd	简单鹤		0		0	0	0	0
总额巨大	zejd	简单鹤		0		0	0	0	0
足额领取	zelq	简单鹤		0		0	0	0	0
罪恶王冠	zewg	简单鹤		0		0	0	0	0
蕞尔小国	zexg	简单鹤		0		0	0	0	0
罪恶行径	zexj	简单鹤		0		0	0	0	0
造福百姓	zfbx	简单鹤		0		0	0	0	0
自费购买	zfgm	简单鹤		0		0	0	0	0
宗法观念	zfgn	简单鹤		0		0	0	0	0
作风过硬	zfgy	简单鹤		0		0	0	0	0
租房合同	zfht	简单鹤		0		0	0	0	0
自罚两杯	zflb	简单鹤		0		0	0	0	0
自费留学	zflx	简单鹤		0		0	0	0	0
造福人类	zfrl	简单鹤		0		0	0	0	0
造福人民	zfrm	简单鹤		0		0	0	0	0
自罚三杯	zfsb	简单鹤		0		0	0	0	0
走访调查	zfti	简单鹤		0		0	0	0	0
作风正派	zfvp	简单鹤		0		0	0	0	0
自废武功	zfwg	简单鹤		0		0	0	0	0
做俯卧撑	zfwi	简单鹤		0		0	0	0	0
自发宣传	zfxi	简单鹤		0		0	0	0	0
再发一遍	zfyb	简单鹤		0		0	0	0	0
自罚一杯	zfyb	简单鹤		0		0	0	0	0
作风优良	zfyl	简单鹤		0		0	0	0	0
作赋吟诗	zfyu	简单鹤		0		0	0	0	0
字符样式	zfyu	简单鹤		0		0	0	0	0
在发言中	zfyv	简单鹤		0		0	0	0	0
祖父祖母	zfzm	简单鹤		0		0	0	0	0
造福子孙	zfzs	简单鹤		0		0	0	0	0
最根本的	zgbd	简单鹤		0		0	0	0	0
最高标准	zgbv	简单鹤		0		0	0	0	0
自古到今	zgdj	简单鹤		0		0	0	0	0
最高的山	zgdu	简单鹤		0		0	0	0	0
糟糕的是	zgdu	简单鹤		0		0	0	0	0
祖国各地	zggd	简单鹤		0		0	0	0	0
走个过场	zggi	简单鹤		0		0	0	0	0
最高纲领	zggl	简单鹤		0		0	0	0	0
做个好梦	zghm	简单鹤		0		0	0	0	0
坐观成败	zgib	简单鹤		1		0	0	0	0
自甘沉沦	zgil	简单鹤		0		0	0	0	0
最关键的	zgjd	简单鹤		0		0	0	0	0
最高境界	zgjj	简单鹤		0		0	0	0	0
再过几年	zgjn	简单鹤		0		0	0	0	0
再过几天	zgjt	简单鹤		0		0	0	0	0
做工精致	zgjv	简单鹤		0		0	0	0	0
资格考试	zgku	简单鹤		0		0	0	0	0
做个了断	zgld	简单鹤		0		0	0	0	0
走过来的	zgld	简单鹤		0		0	0	0	0
走过路过	zglg	简单鹤		0		0	0	0	0
做个了结	zglj	简单鹤		0		0	0	0	0
再过两年	zgln	简单鹤		0		0	0	0	0
尊贵礼物	zglw	简单鹤		0		0	0	0	0
最高理想	zglx	简单鹤		0		0	0	0	0
在干嘛呢	zgmn	简单鹤		0		0	0	0	0
子宫切除	zgqi	简单鹤		0		0	0	0	0
做个人吧	zgrb	简单鹤		0		0	0	0	0
早该如此	zgrc	简单鹤		0		0	0	0	0
祖国人民	zgrm	简单鹤		0		0	0	0	0
最高速度	zgsd	简单鹤		0		0	0	0	0
糟糕透顶	zgtd	简单鹤		0		0	0	0	0
子宫脱垂	zgti	简单鹤		0		0	0	0	0
糟糕透了	zgtl	简单鹤		0		0	0	0	0
最高时速	zgus	简单鹤		0		0	0	0	0
做个实验	zguy	简单鹤		0		0	0	0	0
走狗屎运	zguy	简单鹤		0		0	0	0	0
糟糕之极	zgvj	简单鹤		0		0	0	0	0
最高战力	zgvl	简单鹤		0		0	0	0	0
最高指令	zgvl	简单鹤		0		0	0	0	0
资格证明	zgvm	简单鹤		0		0	0	0	0
最高指示	zgvu	简单鹤		0		0	0	0	0
资格证书	zgvu	简单鹤		0		0	0	0	0
最高学府	zgxf	简单鹤		0		0	0	0	0
最感兴趣	zgxq	简单鹤		0		0	0	0	0
走个形式	zgxu	简单鹤		0		0	0	0	0
做个样子	zgyz	简单鹤		0		0	0	0	0
最好不过	zhbg	简单鹤		0		0	0	0	0
做好笔记	zhbj	简单鹤		0		0	0	0	0
走好不送	zhbs	简单鹤		0		0	0	0	0
综合表现	zhbx	简单鹤		0		0	0	0	0
最好不要	zhby	简单鹤		0		0	0	0	0
作何打算	zhds	简单鹤		0		0	0	0	0
最坏打算	zhds	简单鹤		0		0	0	0	0
做好防范	zhff	简单鹤		0		0	0	0	0
组合方式	zhfu	简单鹤		0		0	0	0	0
作何反应	zhfy	简单鹤		0		0	0	0	0
综合规划	zhgh	简单鹤		0		0	0	0	0
最后关键	zhgj	简单鹤		0		0	0	0	0
最后关头	zhgt	简单鹤		0		0	0	0	0
作何感想	zhgx	简单鹤		0		0	0	0	0
最好成绩	zhij	简单鹤		0		0	0	0	0
灾后重建	zhij	简单鹤		0		0	0	0	0
作何决定	zhjd	简单鹤		0		0	0	0	0
最后结果	zhjg	简单鹤		0		0	0	0	0
做好计划	zhjh	简单鹤		0		0	0	0	0
最后机会	zhjh	简单鹤		0		0	0	0	0
作何解释	zhju	简单鹤		0		0	0	0	0
做好觉悟	zhjw	简单鹤		0		0	0	0	0
最后将要	zhjy	简单鹤		0		0	0	0	0
综合考察	zhki	简单鹤		0		0	0	0	0
最好可以	zhky	简单鹤		0		0	0	0	0
字海两分	zhlf	简单鹤		0		0	0	0	0
脏活累活	zhlh	简单鹤		0		0	0	0	0
综合来说	zhlu	简单鹤		0		0	0	0	0
再好没有	zhmy	简单鹤		0		0	0	0	0
最后没有	zhmy	简单鹤		0		0	0	0	0
最后难关	zhng	简单鹤		0		0	0	0	0
最好能够	zhng	简单鹤		0		0	0	0	0
综合能力	zhnl	简单鹤		0		0	0	0	0
皂滑弄人	zhnr	简单鹤		0		0	0	0	0
作何评价	zhpj	简单鹤		0		0	0	0	0
综合评价	zhpj	简单鹤		0		0	0	0	0
最后期限	zhqx	简单鹤		0		0	0	0	0
自毁倾向	zhqx	简单鹤		0		0	0	0	0
怎会如此	zhrc	简单鹤		0		0	0	0	0
综合素质	zhsv	简单鹤		0		0	0	0	0
综合商店	zhud	简单鹤		0		0	0	0	0
自花授粉	zhuf	简单鹤		0		0	0	0	0
最后时刻	zhuk	简单鹤		0		0	0	0	0
最后胜利	zhul	简单鹤		0		0	0	0	0
综合实力	zhul	简单鹤		0		0	0	0	0
综合收益	zhuy	简单鹤		0		0	0	0	0
作何准备	zhvb	简单鹤		0		0	0	0	0
做好准备	zhvb	简单鹤		0		0	0	0	0
最后只能	zhvn	简单鹤		0		0	0	0	0
在河之洲	zhvv	简单鹤		0		0	0	0	0
最好这样	zhvy	简单鹤		0		0	0	0	0
最后问题	zhwt	简单鹤		0		0	0	0	0
综合信息	zhxx	简单鹤		0		0	0	0	0
作何选择	zhxz	简单鹤		0		0	0	0	0
最后一步	zhyb	简单鹤		0		0	0	0	0
最后一波	zhyb	简单鹤		0		0	0	0	0
最后一遍	zhyb	简单鹤		0		0	0	0	0
最后一次	zhyc	简单鹤		0		0	0	0	0
最后一段	zhyd	简单鹤		0		0	0	0	0
最后一点	zhyd	简单鹤		0		0	0	0	0
最后一个	zhyg	简单鹤		0		0	0	0	0
最后一环	zhyh	简单鹤		0		0	0	0	0
最后一行	zhyh	简单鹤		0		0	0	0	0
最后一击	zhyj	简单鹤		0		0	0	0	0
最后一句	zhyj	简单鹤		0		0	0	0	0
最后一刻	zhyk	简单鹤		0		0	0	0	0
最后一名	zhym	简单鹤		0		0	0	0	0
最后一秒	zhym	简单鹤		0		0	0	0	0
最后一天	zhyt	简单鹤		0		0	0	0	0
最后一首	zhyu	简单鹤		0		0	0	0	0
最后一张	zhyv	简单鹤		0		0	0	0	0
最后一种	zhyv	简单鹤		0		0	0	0	0
最后一位	zhyw	简单鹤		0		0	0	0	0
最后一眼	zhyy	简单鹤		0		0	0	0	0
综合医院	zhyy	简单鹤		0		0	0	0	0
走出低谷	zidg	简单鹤		0		0	0	0	0
最长的河	zidh	简单鹤		0		0	0	0	0
坐吃等死	zids	简单鹤		0		0	0	0	0
造成恶果	zieg	简单鹤		0		0	0	0	0
藏传佛教	zifj	简单鹤		0		0	0	0	0
做出反馈	zifk	简单鹤		0		0	0	0	0
作出规定	zigd	简单鹤		0		0	0	0	0
做出规定	zigd	简单鹤		0		0	0	0	0
走出国门	zigm	简单鹤		0		0	0	0	0
作出贡献	zigx	简单鹤		0		0	0	0	0
做出贡献	zigx	简单鹤		0		0	0	0	0
做出恢复	zihf	简单鹤		0		0	0	0	0
增长缓慢	zihm	简单鹤		0		0	0	0	0
做出回应	zihy	简单鹤		0		0	0	0	0
做出承诺	ziin	简单鹤		0		0	0	0	0
做出决定	zijd	简单鹤		0		0	0	0	0
祖传技能	zijn	简单鹤		0		0	0	0	0
走出考场	ziki	简单鹤		0		0	0	0	0
走出困境	zikj	简单鹤		0		0	0	0	0
嘴臭老哥	zilg	简单鹤		0		0	0	0	0
资产流失	zilu	简单鹤		0		0	0	0	0
最初目的	zimd	简单鹤		0		0	0	0	0
泽城美雪	zimx	简单鹤		0		0	0	0	0
滋长蔓延	zimy	简单鹤		0		0	0	0	0
作出努力	zinl	简单鹤		0		0	0	0	0
做出努力	zinl	简单鹤		0		0	0	0	0
做出判断	zipd	简单鹤		0		0	0	0	0
祖传配方	zipf	简单鹤		0		0	0	0	0
资产评估	zipg	简单鹤		0		0	0	0	0
造成破坏	ziph	简单鹤		0		0	0	0	0
作出评价	zipj	简单鹤		0		0	0	0	0
增长趋势	ziqu	简单鹤		0		0	0	0	0
造成损害	zish	简单鹤		0		0	0	0	0
增长态势	zitu	简单鹤		0		0	0	0	0
造成事故	ziug	简单鹤		0		0	0	0	0
增长势头	ziut	简单鹤		0		0	0	0	0
资产注入	zivr	简单鹤		0		0	0	0	0
字丑勿怪	ziwg	简单鹤		0		0	0	0	0
再创新低	zixd	简单鹤		0		0	0	0	0
再创新高	zixg	简单鹤		0		0	0	0	0
作出选择	zixz	简单鹤		0		0	0	0	0
做出选择	zixz	简单鹤		0		0	0	0	0
走出阴霾	ziym	简单鹤		0		0	0	0	0
组成元素	ziys	简单鹤		0		0	0	0	0
造成影响	ziyx	简单鹤		0		0	0	0	0
最基本的	zjbd	简单鹤		0		0	0	0	0
早就不是	zjbu	简单鹤		0		0	0	0	0
最佳辩手	zjbu	简单鹤		0		0	0	0	0
杂技表演	zjby	简单鹤		0		0	0	0	0
最简单的	zjdd	简单鹤		0		0	0	0	0
自己动手	zjdu	简单鹤		0		0	0	0	0
自己方便	zjfb	简单鹤		0		0	0	0	0
最佳方法	zjff	简单鹤		0		0	0	0	0
最佳方式	zjfu	简单鹤		0		0	0	0	0
在家干嘛	zjgm	简单鹤		0		0	0	0	0
资金规模	zjgm	简单鹤		0		0	0	0	0
增进感情	zjgq	简单鹤		0		0	0	0	0
宗教活动	zjhd	简单鹤		0		0	0	0	0
纵酒欢歌	zjhg	简单鹤		0		0	0	0	0
资金回笼	zjhl	简单鹤		0		0	0	0	0
座机画质	zjhv	简单鹤		0		0	0	0	0
自己决定	zjjd	简单鹤		0		0	0	0	0
最近几天	zjjt	简单鹤		0		0	0	0	0
字迹娟秀	zjjx	简单鹤		0		0	0	0	0
总结教训	zjjx	简单鹤		0		0	0	0	0
最近可好	zjkh	简单鹤		0		0	0	0	0
在京开幕	zjkm	简单鹤		0		0	0	0	0
走近科学	zjkx	简单鹤		0		0	0	0	0
早就可以	zjky	简单鹤		0		0	0	0	0
字迹潦草	zjlc	简单鹤		0		0	0	0	0
紫极魔瞳	zjmt	简单鹤		0		0	0	0	0
增加难度	zjnd	简单鹤		0		0	0	0	0
在杰难逃	zjnt	简单鹤		0		0	0	0	0
钻井平台	zjpt	简单鹤		0		0	0	0	0
自家球门	zjqm	简单鹤		0		0	0	0	0
踪迹全无	zjqw	简单鹤		0		0	0	0	0
宗教人士	zjru	简单鹤		0		0	0	0	0
早就认识	zjru	简单鹤		0		0	0	0	0
早就认为	zjrw	简单鹤		0		0	0	0	0
总结如下	zjrx	简单鹤		0		0	0	0	0
最佳人选	zjrx	简单鹤		0		0	0	0	0
字节跳动	zjtd	简单鹤		0		0	0	0	0
宗教体系	zjtx	简单鹤		0		0	0	0	0
增加投资	zjtz	简单鹤		0		0	0	0	0
杂交水稻	zjud	简单鹤		0		0	0	0	0
最近删除	zjui	简单鹤		0		0	0	0	0
左键双击	zjuj	简单鹤		0		0	0	0	0
最佳时机	zjuj	简单鹤		0		0	0	0	0
嘴尖舌快	zjuk	简单鹤		0		0	0	0	0
增加收入	zjur	简单鹤		0		0	0	0	0
咱就是说	zjuu	简单鹤		0		0	0	0	0
尊敬师长	zjuv	简单鹤		0		0	0	0	0
自己手中	zjuv	简单鹤		0		0	0	0	0
宗教事务	zjuw	简单鹤		0		0	0	0	0
嘴角上扬	zjuy	简单鹤		0		0	0	0	0
最近使用	zjuy	简单鹤		0		0	0	0	0
早就知道	zjvd	简单鹤		0		0	0	0	0
紫禁之巅	zjvd	简单鹤		0		0	0	0	0
总角之交	zjvj	简单鹤		1		0	0	0	0
最佳状态	zjvt	简单鹤		0		0	0	0	0
作家助手	zjvu	简单鹤		0		0	0	0	0
自荐枕席	zjvx	简单鹤		0		0	0	0	0
早就这样	zjvy	简单鹤		0		0	0	0	0
资金外流	zjwl	简单鹤		0		0	0	0	0
早九晚五	zjww	简单鹤		0		0	0	0	0
自觉一点	zjyd	简单鹤		0		0	0	0	0
早就应该	zjyg	简单鹤		0		0	0	0	0
早就已经	zjyj	简单鹤		0		0	0	0	0
走近一看	zjyk	简单鹤		0		0	0	0	0
最近以来	zjyl	简单鹤		0		0	0	0	0
自绝于民	zjym	简单鹤		0		0	0	0	0
自己一人	zjyr	简单鹤		0		0	0	0	0
最佳优先	zjyx	简单鹤		0		0	0	0	0
杂技演员	zjyy	简单鹤		0		0	0	0	0
自觉遵守	zjzu	简单鹤		0		0	0	0	0
宗教组织	zjzv	简单鹤		0		0	0	0	0
宗教自由	zjzy	简单鹤		0		0	0	0	0
足控福利	zkfl	简单鹤		0		0	0	0	0
坐困愁城	zkii	简单鹤		0		0	0	0	0
最可怕的	zkpd	简单鹤		0		0	0	0	0
最快速度	zksd	简单鹤		0		0	0	0	0
再看一遍	zkyb	简单鹤		0		0	0	0	0
左开右闭	zkyb	简单鹤		0		0	0	0	0
左看右看	zkyk	简单鹤		0		0	0	0	0
再看一眼	zkyy	简单鹤		0		0	0	0	0
走开走开	zkzk	简单鹤		0		0	0	0	0
再苦再累	zkzl	简单鹤		0		0	0	0	0
赃款赃物	zkzw	简单鹤		0		0	0	0	0
做了错饭	zlcf	简单鹤		0		0	0	0	0
做了错事	zlcu	简单鹤		0		0	0	0	0
做了对饭	zldf	简单鹤		0		0	0	0	0
总揽大局	zldj	简单鹤		0		0	0	0	0
总揽大权	zldq	简单鹤		0		0	0	0	0
遭了毒手	zldu	简单鹤		0		0	0	0	0
最靓的仔	zldz	简单鹤		0		0	0	0	0
走了过来	zlgl	简单鹤		0		0	0	0	0
做了个梦	zlgm	简单鹤		0		0	0	0	0
走了过去	zlgq	简单鹤		0		0	0	0	0
栽了跟头	zlgt	简单鹤		0		0	0	0	0
增量更新	zlgx	简单鹤		0		0	0	0	0
资料共享	zlgx	简单鹤		0		0	0	0	0
最厉害的	zlhd	简单鹤		0		0	0	0	0
租赁合同	zlht	简单鹤		0		0	0	0	0
租赁承包	zlib	简单鹤		0		0	0	0	0
走了出来	zlil	简单鹤		0		0	0	0	0
钻了出来	zlil	简单鹤		0		0	0	0	0
走了出去	zliq	简单鹤		0		0	0	0	0
资料查询	zlix	简单鹤		0		0	0	0	0
杂粮煎饼	zljb	简单鹤		0		0	0	0	0
走了几步	zljb	简单鹤		0		0	0	0	0
走了进来	zljl	简单鹤		0		0	0	0	0
资料介绍	zlju	简单鹤		0		0	0	0	0
钻了空子	zlkz	简单鹤		0		0	0	0	0
走了两步	zllb	简单鹤		0		0	0	0	0
资料来源	zlly	简单鹤		0		0	0	0	0
遭了老罪	zllz	简单鹤		0		0	0	0	0
走路瞄地	zlmd	简单鹤		0		0	0	0	0
在两年后	zlnh	简单鹤		0		0	0	0	0
自理能力	zlnl	简单鹤		0		0	0	0	0
坐了起来	zlql	简单鹤		0		0	0	0	0
走了起来	zlql	简单鹤		0		0	0	0	0
糟老头子	zltz	简单鹤		0		0	0	0	0
做了手脚	zluj	简单鹤		0		0	0	0	0
自立山头	zlut	简单鹤		0		0	0	0	0
自乱阵脚	zlvj	简单鹤		0		0	0	0	0
总揽朝政	zlvv	简单鹤		0		0	0	0	0
藻类植物	zlvw	简单鹤		0		0	0	0	0
自立为王	zlww	简单鹤		0		0	0	0	0
坐了下来	zlxl	简单鹤		0		0	0	0	0
走漏消息	zlxx	简单鹤		0		0	0	0	0
再来一遍	zlyb	简单鹤		0		0	0	0	0
再来亿遍	zlyb	简单鹤		0		0	0	0	0
再来一次	zlyc	简单鹤		0		0	0	0	0
揍了一顿	zlyd	简单鹤		0		0	0	0	0
做了一个	zlyg	简单鹤		0		0	0	0	0
走了一个	zlyg	简单鹤		0		0	0	0	0
坐了一会	zlyh	简单鹤		0		0	0	0	0
再来一瓶	zlyp	简单鹤		0		0	0	0	0
嘴里一套	zlyt	简单鹤		0		0	0	0	0
咋啦咋啦	zlzl	简单鹤		0		0	0	0	0
遭老罪了	zlzl	简单鹤		0		0	0	0	0
自立自强	zlzq	简单鹤		0		0	0	0	0
走来走去	zlzq	简单鹤		0		0	0	0	0
自律组织	zlzv	简单鹤		0		0	0	0	0
曾母暗沙	zmau	简单鹤		0		0	0	0	0
怎么办啊	zmba	简单鹤		0		0	0	0	0
怎么不能	zmbn	简单鹤		0		0	0	0	0
怎么办呢	zmbn	简单鹤		0		0	0	0	0
怎么不是	zmbu	简单鹤		0		0	0	0	0
怎么不行	zmbx	简单鹤		0		0	0	0	0
攒眉蹙额	zmce	简单鹤		1		0	0	0	0
怎么才能	zmcn	简单鹤		0		0	0	0	0
怎么操作	zmcz	简单鹤		0		0	0	0	0
怎么地吧	zmdb	简单鹤		0		0	0	0	0
怎么都是	zmdu	简单鹤		0		0	0	0	0
做梦都想	zmdx	简单鹤		0		0	0	0	0
罪莫大焉	zmdy	简单鹤		0		0	0	0	0
择木而栖	zmeq	简单鹤		0		0	0	0	0
怎么肥四	zmfs	简单鹤		0		0	0	0	0
怎么肥事	zmfu	简单鹤		0		0	0	0	0
怎么搞的	zmgd	简单鹤		0		0	0	0	0
怎么敢当	zmgd	简单鹤		0		0	0	0	0
怎么感觉	zmgj	简单鹤		0		0	0	0	0
怎么个事	zmgu	简单鹤		0		0	0	0	0
怎么还不	zmhb	简单鹤		0		0	0	0	0
怎么会呢	zmhn	简单鹤		0		0	0	0	0
怎么会是	zmhu	简单鹤		0		0	0	0	0
怎么会有	zmhy	简单鹤		0		0	0	0	0
怎么还有	zmhy	简单鹤		0		0	0	0	0
怎么会在	zmhz	简单鹤		0		0	0	0	0
怎么还在	zmhz	简单鹤		0		0	0	0	0
怎么称呼	zmih	简单鹤		0		0	0	0	0
怎么处理	zmil	简单鹤		0		0	0	0	0
怎么解决	zmjj	简单鹤		0		0	0	0	0
怎么进入	zmjr	简单鹤		0		0	0	0	0
怎么解释	zmju	简单鹤		0		0	0	0	0
怎么可能	zmkn	简单鹤		0		0	0	0	0
怎么可以	zmky	简单鹤		0		0	0	0	0
怎么了啊	zmla	简单鹤		0		0	0	0	0
怎么了得	zmld	简单鹤		0		0	0	0	0
怎么来着	zmlv	简单鹤		0		0	0	0	0
怎么没有	zmmy	简单鹤		0		0	0	0	0
怎么能够	zmng	简单鹤		0		0	0	0	0
怎么你了	zmnl	简单鹤		0		0	0	0	0
怎么那么	zmnm	简单鹤		0		0	0	0	0
怎么能是	zmnu	简单鹤		0		0	0	0	0
怎么忍心	zmrx	简单鹤		0		0	0	0	0
怎么死的	zmsd	简单鹤		0		0	0	0	0
赞美太阳	zmty	简单鹤		0		0	0	0	0
怎么说的	zmud	简单鹤		0		0	0	0	0
宗庙社稷	zmuj	简单鹤		1		0	0	0	0
怎么说呢	zmun	简单鹤		0		0	0	0	0
怎么知道	zmvd	简单鹤		0		0	0	0	0
髭毛乍鬼	zmvg	简单鹤		0		0	0	0	0
怎么着了	zmvl	简单鹤		0		0	0	0	0
怎么这么	zmvm	简单鹤		0		0	0	0	0
怎么这样	zmvy	简单鹤		0		0	0	0	0
锃明瓦亮	zmwl	简单鹤		0		0	0	0	0
字母文字	zmwz	简单鹤		0		0	0	0	0
怎么想的	zmxd	简单鹤		0		0	0	0	0
造梦西游	zmxy	简单鹤		0		0	0	0	0
怎么现在	zmxz	简单鹤		0		0	0	0	0
怎么样啊	zmya	简单鹤		0		0	0	0	0
怎么有点	zmyd	简单鹤		0		0	0	0	0
怎么样的	zmyd	简单鹤		0		0	0	0	0
最末一个	zmyg	简单鹤		0		0	0	0	0
怎么样了	zmyl	简单鹤		0		0	0	0	0
怎么也能	zmyn	简单鹤		0		0	0	0	0
怎么样呢	zmyn	简单鹤		0		0	0	0	0
字面意思	zmys	简单鹤		0		0	0	0	0
怎么也是	zmyu	简单鹤		0		0	0	0	0
怎么又是	zmyu	简单鹤		0		0	0	0	0
赞美愚者	zmyv	简单鹤		0		0	0	0	0
怎么也在	zmyz	简单鹤		0		0	0	0	0
怎么做到	zmzd	简单鹤		0		0	0	0	0
做没做过	zmzg	简单鹤		0		0	0	0	0
怎么怎么	zmzm	简单鹤		0		0	0	0	0
坐没坐相	zmzx	简单鹤		0		0	0	0	0
最能反映	znfy	简单鹤		0		0	0	0	0
在你跟前	zngq	简单鹤		0		0	0	0	0
在你看来	znkl	简单鹤		0		0	0	0	0
在哪里啊	znla	简单鹤		0		0	0	0	0
在哪里呢	znln	简单鹤		0		0	0	0	0
在你面前	znmq	简单鹤		0		0	0	0	0
在你那边	znnb	简单鹤		0		0	0	0	0
在你旁边	znpb	简单鹤		0		0	0	0	0
子女入学	znrx	简单鹤		0		0	0	0	0
在娘胎里	zntl	简单鹤		0		0	0	0	0
在你身边	znub	简单鹤		0		0	0	0	0
在你身旁	znup	简单鹤		0		0	0	0	0
阻尼振动	znvd	简单鹤		0		0	0	0	0
在那之后	znvh	简单鹤		0		0	0	0	0
在那之前	znvq	简单鹤		0		0	0	0	0
自南向北	znxb	简单鹤		0		0	0	0	0
在那些人	znxr	简单鹤		0		0	0	0	0
子女玉帛	znyb	简单鹤		1		0	0	0	0
在那以后	znyh	简单鹤		0		0	0	0	0
在你眼里	znyl	简单鹤		0		0	0	0	0
在那一年	znyn	简单鹤		0		0	0	0	0
在你眼前	znyq	简单鹤		0		0	0	0	0
在那以前	znyq	简单鹤		0		0	0	0	0
在那一天	znyt	简单鹤		0		0	0	0	0
择偶标准	zobv	简单鹤		0		0	0	0	0
择偶条件	zotj	简单鹤		0		0	0	0	0
作品点评	zpdp	简单鹤		0		0	0	0	0
作品评价	zppj	简单鹤		0		0	0	0	0
作品题材	zptc	简单鹤		0		0	0	0	0
足球宝贝	zqbb	简单鹤		0		0	0	0	0
足球比赛	zqbs	简单鹤		0		0	0	0	0
暂且不提	zqbt	简单鹤		0		0	0	0	0
最强大脑	zqdn	简单鹤		0		0	0	0	0
纵情歌舞	zqgw	简单鹤		0		0	0	0	0
增强活力	zqhl	简单鹤		0		0	0	0	0
纵情酒色	zqjs	简单鹤		0		0	0	0	0
总起来看	zqlk	简单鹤		0		0	0	0	0
最起码的	zqmd	简单鹤		0		0	0	0	0
自取其乐	zqql	简单鹤		0		0	0	0	0
在气头上	zqtu	简单鹤		0		0	0	0	0
增强体质	zqtv	简单鹤		0		0	0	0	0
纵情山水	zquu	简单鹤		0		0	0	0	0
足球之夜	zqvy	简单鹤		0		0	0	0	0
嘴强王者	zqwv	简单鹤		0		0	0	0	0
最强王者	zqwv	简单鹤		0		0	0	0	0
做强做大	zqzd	简单鹤		0		0	0	0	0
早去早归	zqzg	简单鹤		0		0	0	0	0
早期作品	zqzp	简单鹤		0		0	0	0	0
早起早睡	zqzu	简单鹤		0		0	0	0	0
纵情恣欲	zqzy	简单鹤		0		0	0	0	0
遭人暗算	zras	简单鹤		0		0	0	0	0
责任比例	zrbl	简单鹤		0		0	0	0	0
昨日词云	zrcy	简单鹤		0		0	0	0	0
做人道理	zrdl	简单鹤		0		0	0	0	0
责任到人	zrdr	简单鹤		0		0	0	0	0
责任单位	zrdw	简单鹤		0		0	0	0	0
责任底薪	zrdx	简单鹤		0		0	0	0	0
载人登月	zrdy	简单鹤		0		0	0	0	0
择人而噬	zreu	简单鹤		0		0	0	0	0
责任分配	zrfp	简单鹤		0		0	0	0	0
择日飞升	zrfu	简单鹤		0		0	0	0	0
自然发生	zrfu	简单鹤		0		0	0	0	0
自然发展	zrfv	简单鹤		0		0	0	0	0
责任风险	zrfx	简单鹤		0		0	0	0	0
责任公司	zrgs	简单鹤		0		0	0	0	0
再然后呢	zrhn	简单鹤		0		0	0	0	0
载人航天	zrht	简单鹤		0		0	0	0	0
责任承担	zrid	简单鹤		0		0	0	0	0
昨日重现	zrix	简单鹤		0		0	0	0	0
遭人耻笑	zrix	简单鹤		0		0	0	0	0
自然景观	zrjg	简单鹤		0		0	0	0	0
自然就是	zrju	简单鹤		0		0	0	0	0
早日康复	zrkf	简单鹤		0		0	0	0	0
责任考核	zrkh	简单鹤		0		0	0	0	0
责任领导	zrld	简单鹤		0		0	0	0	0
自然晾干	zrlg	简单鹤		0		0	0	0	0
责任落实	zrlu	简单鹤		0		0	0	0	0
责任明确	zrmq	简单鹤		0		0	0	0	0
自然免疫	zrmy	简单鹤		0		0	0	0	0
责任内阁	zrng	简单鹤		0		0	0	0	0
自然拼音	zrpy	简单鹤		0		0	0	0	0
自然奇观	zrqg	简单鹤		0		0	0	0	0
责任认定	zrrd	简单鹤		0		0	0	0	0
责任条款	zrtk	简单鹤		0		0	0	0	0
在人体内	zrtn	简单鹤		0		0	0	0	0
责任体系	zrtx	简单鹤		0		0	0	0	0
自然生长	zrui	简单鹤		0		0	0	0	0
自然双拼	zrup	简单鹤		0		0	0	0	0
滋扰生事	zruu	简单鹤		0		0	0	0	0
早日实现	zrux	简单鹤		0		0	0	0	0
昨日之星	zrvx	简单鹤		0		0	0	0	0
自然哲学	zrvx	简单鹤		0		0	0	0	0
早日完成	zrwi	简单鹤		0		0	0	0	0
遭人陷害	zrxh	简单鹤		0		0	0	0	0
自然遗产	zryi	简单鹤		0		0	0	0	0
自然因素	zrys	简单鹤		0		0	0	0	0
责任自负	zrzf	简单鹤		0		0	0	0	0
责任在你	zrzn	简单鹤		0		0	0	0	0
责任在他	zrzt	简单鹤		0		0	0	0	0
责任在她	zrzt	简单鹤		0		0	0	0	0
做人做事	zrzu	简单鹤		0		0	0	0	0
责任在我	zrzw	简单鹤		0		0	0	0	0
走私案件	zsaj	简单鹤		0		0	0	0	0
自损八百	zsbb	简单鹤		0		0	0	0	0
走私毒品	zsdp	简单鹤		0		0	0	0	0
姿色过人	zsgr	简单鹤		0		0	0	0	0
最速传说	zsiu	简单鹤		0		0	0	0	0
再三交代	zsjd	简单鹤		0		0	0	0	0
再三考虑	zskl	简单鹤		0		0	0	0	0
再三恳求	zskq	简单鹤		0		0	0	0	0
子孙满堂	zsmt	简单鹤		0		0	0	0	0
姿色平平	zspp	简单鹤		0		0	0	0	0
再三请求	zsqq	简单鹤		0		0	0	0	0
再三确认	zsqr	简单鹤		0		0	0	0	0
再三强调	zsqt	简单鹤		0		0	0	0	0
子孙三代	zssd	简单鹤		0		0	0	0	0
祖孙三代	zssd	简单鹤		0		0	0	0	0
再三思考	zssk	简单鹤		0		0	0	0	0
再三思索	zsss	简单鹤		0		0	0	0	0
再三说明	zsum	简单鹤		0		0	0	0	0
紫色心情	zsxq	简单鹤		0		0	0	0	0
再三要求	zsyq	简单鹤		0		0	0	0	0
总体布局	ztbj	简单鹤		0		0	0	0	0
总体把握	ztbw	简单鹤		0		0	0	0	0
钻天打洞	ztdd	简单鹤		1		0	0	0	0
总统大选	ztdx	简单鹤		0		0	0	0	0
总体方案	ztfa	简单鹤		0		0	0	0	0
暂停服务	ztfw	简单鹤		0		0	0	0	0
在逃公主	ztgv	简单鹤		0		0	0	0	0
走桃花运	zthy	简单鹤		0		0	0	0	0
暂停成功	ztig	简单鹤		0		0	0	0	0
组团开黑	ztkh	简单鹤		0		0	0	0	0
在他看来	ztkl	简单鹤		0		0	0	0	0
在她看来	ztkl	简单鹤		0		0	0	0	0
总体来看	ztlk	简单鹤		0		0	0	0	0
总体来说	ztlu	简单鹤		0		0	0	0	0
总体目标	ztmb	简单鹤		0		0	0	0	0
增添麻烦	ztmf	简单鹤		0		0	0	0	0
字体驱动	ztqd	简单鹤		0		0	0	0	0
在逃人员	ztry	简单鹤		0		0	0	0	0
总体思路	ztsl	简单鹤		0		0	0	0	0
总统套房	zttf	简单鹤		0		0	0	0	0
总体上讲	ztuj	简单鹤		0		0	0	0	0
总体说来	ztul	简单鹤		0		0	0	0	0
总体水平	ztup	简单鹤		0		0	0	0	0
总体上说	ztuu	简单鹤		0		0	0	0	0
昨天上午	ztuw	简单鹤		0		0	0	0	0
昨天中午	ztvw	简单鹤		0		0	0	0	0
姿态万千	ztwq	简单鹤	153	0		0	0	0	0
昨天晚上	ztwu	简单鹤		0		0	0	0	0
昨天下午	ztxw	简单鹤		0		0	0	0	0
自掏腰包	ztyb	简单鹤		0		0	0	0	0
最讨厌了	ztyl	简单鹤		0		0	0	0	0
总体要求	ztyq	简单鹤		0		0	0	0	0
左挑右选	ztyx	简单鹤		0		0	0	0	0
再探再报	ztzb	简单鹤		0		0	0	0	0
昨天早晨	ztzi	简单鹤		0		0	0	0	0
自弹自唱	ztzi	简单鹤		0		0	0	0	0
昨天早上	ztzu	简单鹤		0		0	0	0	0
作声不得	zubd	简单鹤		0		0	0	0	0
做声不得	zubd	简单鹤		0		0	0	0	0
再熟不过	zubg	简单鹤		0		0	0	0	0
暂时不能	zubn	简单鹤		0		0	0	0	0
暂时不是	zubu	简单鹤		0		0	0	0	0
字数不限	zubx	简单鹤		0		0	0	0	0
暂时不行	zubx	简单鹤		0		0	0	0	0
自身不足	zubz	简单鹤		0		0	0	0	0
葬身大海	zudh	简单鹤		0		0	0	0	0
杂食动物	zudw	简单鹤		0		0	0	0	0
自身定位	zudw	简单鹤		0		0	0	0	0
嘴上功夫	zugf	简单鹤		0		0	0	0	0
增删改查	zugi	简单鹤		0		0	0	0	0
总是感觉	zugj	简单鹤		0		0	0	0	0
遵守规矩	zugj	简单鹤		0		0	0	0	0
遵守规则	zugz	简单鹤		0		0	0	0	0
早生华发	zuhf	简单鹤		0		0	0	0	0
葬身火海	zuhh	简单鹤		0		0	0	0	0
遵守合同	zuht	简单鹤		0		0	0	0	0
在社会上	zuhu	简单鹤		0		0	0	0	0
最受欢迎	zuhy	简单鹤		0		0	0	0	0
增删查改	zuig	简单鹤		0		0	0	0	0
总是觉得	zujd	简单鹤		0		0	0	0	0
昨是今非	zujf	简单鹤		0		0	0	0	0
走上绝路	zujl	简单鹤		0		0	0	0	0
遵守纪律	zujl	简单鹤		0		0	0	0	0
暂时落后	zulh	简单鹤		0		0	0	0	0
暂时领先	zulx	简单鹤		0		0	0	0	0
自身利益	zuly	简单鹤		0		0	0	0	0
暂时没空	zumk	简单鹤		0		0	0	0	0
暂时没有	zumy	简单鹤		0		0	0	0	0
自身免疫	zumy	简单鹤		0		0	0	0	0
总是那么	zunm	简单鹤		0		0	0	0	0
自恃清高	zuqg	简单鹤		0		0	0	0	0
最受青睐	zuql	简单鹤		0		0	0	0	0
走上前去	zuqq	简单鹤		0		0	0	0	0
资深人士	zuru	简单鹤		0		0	0	0	0
做事认真	zurv	简单鹤		0		0	0	0	0
怎生是好	zuuh	简单鹤		0		0	0	0	0
走上神坛	zuut	简单鹤		0		0	0	0	0
嘴上说说	zuuu	简单鹤		0		0	0	0	0
自杀身亡	zuuw	简单鹤		0		0	0	0	0
走上正轨	zuvg	简单鹤		0		0	0	0	0
总是这么	zuvm	简单鹤		0		0	0	0	0
暂时只能	zuvn	简单鹤		0		0	0	0	0
赞赏照片	zuvp	简单鹤		0		0	0	0	0
左手指月	zuvy	简单鹤		0		0	0	0	0
总是这样	zuvy	简单鹤		0		0	0	0	0
自述文件	zuwj	简单鹤		0		0	0	0	0
再世为人	zuwr	简单鹤		0		0	0	0	0
走上邪路	zuxl	简单鹤		0		0	0	0	0
字数限制	zuxv	简单鹤		0		0	0	0	0
再说一遍	zuyb	简单鹤		0		0	0	0	0
再说一次	zuyc	简单鹤		0		0	0	0	0
祖上有德	zuyd	简单鹤		0		0	0	0	0
在水一方	zuyf	简单鹤		0		0	0	0	0
燥湿运脾	zuyp	简单鹤		0		0	0	0	0
自身引起	zuyq	简单鹤		0		0	0	0	0
嘴上一套	zuyt	简单鹤		0		0	0	0	0
自树一帜	zuyv	简单鹤		1		0	0	0	0
则是因为	zuyw	简单鹤		0		0	0	0	0
杂志报刊	zvbk	简单鹤		0		0	0	0	0
最终兵器	zvbq	简单鹤		0		0	0	0	0
组织才能	zvcn	简单鹤		0		0	0	0	0
最终测试	zvcu	简单鹤		0		0	0	0	0
组织动员	zvdy	简单鹤		0		0	0	0	0
在这方面	zvfm	简单鹤		0		0	0	0	0
组织分配	zvfp	简单鹤		0		0	0	0	0
增值服务	zvfw	简单鹤		0		0	0	0	0
最终发现	zvfx	简单鹤		0		0	0	0	0
组织犯罪	zvfz	简单鹤		0		0	0	0	0
在职干部	zvgb	简单鹤		0		0	0	0	0
尊重规律	zvgl	简单鹤		0		0	0	0	0
组织观念	zvgn	简单鹤		0		0	0	0	0
最终归宿	zvgs	简单鹤		0		0	0	0	0
组织活动	zvhd	简单鹤		0		0	0	0	0
自助火锅	zvhg	简单鹤		0		0	0	0	0
再铸辉煌	zvhh	简单鹤		0		0	0	0	0
最终还是	zvhu	简单鹤		0		0	0	0	0
最终幻想	zvhx	简单鹤		0		0	0	0	0
自主呼吸	zvhx	简单鹤		0		0	0	0	0
最终成果	zvig	简单鹤		0		0	0	0	0
最终成为	zviw	简单鹤		0		0	0	0	0
自主创新	zvix	简单鹤		0		0	0	0	0
自主创业	zviy	简单鹤		0		0	0	0	0
最终决定	zvjd	简单鹤		0		0	0	0	0
最终结果	zvjg	简单鹤		0		0	0	0	0
作战计划	zvjh	简单鹤		0		0	0	0	0
早知今日	zvjr	简单鹤	224	0		0	0	0	0
最终决战	zvjv	简单鹤		0		0	0	0	0
自制力差	zvli	简单鹤		0		0	0	0	0
自知理亏	zvlk	简单鹤		0		0	0	0	0
自制力弱	zvlr	简单鹤		0		0	0	0	0
尊重历史	zvlu	简单鹤		0		0	0	0	0
最终目标	zvmb	简单鹤		0		0	0	0	0
最终目的	zvmd	简单鹤		0		0	0	0	0
自找没趣	zvmq	简单鹤		0		0	0	0	0
自主命题	zvmt	简单鹤		0		0	0	0	0
组织能力	zvnl	简单鹤		0		0	0	0	0
组织培养	zvpy	简单鹤		0		0	0	0	0
资质平庸	zvpy	简单鹤		0		0	0	0	0
自证清白	zvqb	简单鹤		0		0	0	0	0
走着瞧吧	zvqb	简单鹤		0		0	0	0	0
组织群众	zvqv	简单鹤		0		0	0	0	0
早知如此	zvrc	简单鹤		0		0	0	0	0
尊重人格	zvrg	简单鹤		0		0	0	0	0
暂住人口	zvrk	简单鹤		0		0	0	0	0
资质认证	zvrv	简单鹤		0		0	0	0	0
尊重他人	zvtr	简单鹤		0		0	0	0	0
自助天助	zvtv	简单鹤		0		0	0	0	0
尊重生命	zvum	简单鹤		0		0	0	0	0
尊重事实	zvuu	简单鹤		0		0	0	0	0
坐直身子	zvuz	简单鹤		0		0	0	0	0
尊重祝福	zvvf	简单鹤		0		0	0	0	0
资质证明	zvvm	简单鹤		0		0	0	0	0
增长知识	zvvu	简单鹤		0		0	0	0	0
资质证书	zvvu	简单鹤		0		0	0	0	0
组织文化	zvwh	简单鹤		0		0	0	0	0
自助下单	zvxd	简单鹤		0		0	0	0	0
自证陷阱	zvxj	简单鹤		0		0	0	0	0
卒章显志	zvxv	简单鹤		0		0	0	0	0
最主要的	zvyd	简单鹤		0		0	0	0	0
最重要的	zvyd	简单鹤		0		0	0	0	0
自主研发	zvyf	简单鹤		0		0	0	0	0
在这一刻	zvyk	简单鹤		0		0	0	0	0
组织严密	zvym	简单鹤		0		0	0	0	0
在这以前	zvyq	简单鹤		0		0	0	0	0
尊重原著	zvyv	简单鹤		0		0	0	0	0
增值业务	zvyw	简单鹤		0		0	0	0	0
组织语言	zvyy	简单鹤		0		0	0	0	0
自证预言	zvyy	简单鹤		0		0	0	0	0
尊重自然	zvzr	简单鹤		0		0	0	0	0
自斟自饮	zvzy	简单鹤		0		0	0	0	0
自我暗示	zwau	简单鹤		0		0	0	0	0
自我安慰	zwaw	简单鹤		0		0	0	0	0
在外奔波	zwbb	简单鹤		0		0	0	0	0
作为报答	zwbd	简单鹤		0		0	0	0	0
自我贬低	zwbd	简单鹤		0		0	0	0	0
自我保护	zwbh	简单鹤		0		0	0	0	0
自我催眠	zwcm	简单鹤		0		0	0	0	0
自我测试	zwcu	简单鹤		0		0	0	0	0
作为代价	zwdj	简单鹤		0		0	0	0	0
早晚的事	zwdu	简单鹤		0		0	0	0	0
再无斗志	zwdv	简单鹤		0		0	0	0	0
在我耳边	zweb	简单鹤		0		0	0	0	0
自我封闭	zwfb	简单鹤		0		0	0	0	0
坐稳扶好	zwfh	简单鹤		0		0	0	0	0
自我防护	zwfh	简单鹤		0		0	0	0	0
自卫反击	zwfj	简单鹤		0		0	0	0	0
自我发展	zwfv	简单鹤		0		0	0	0	0
自我感动	zwgd	简单鹤		0		0	0	0	0
自我感觉	zwgj	简单鹤		0		0	0	0	0
自我毁灭	zwhm	简单鹤		0		0	0	0	0
早晚会有	zwhy	简单鹤		0		0	0	0	0
自我怀疑	zwhy	简单鹤		0		0	0	0	0
最为成功	zwig	简单鹤		0		0	0	0	0
最为精彩	zwjc	简单鹤		0		0	0	0	0
自我监督	zwjd	简单鹤		0		0	0	0	0
作为交换	zwjh	简单鹤		0		0	0	0	0
自我检查	zwji	简单鹤		0		0	0	0	0
再无交集	zwjj	简单鹤		0		0	0	0	0
子文件夹	zwjj	简单鹤		0		0	0	0	0
自我简介	zwjj	简单鹤		0		0	0	0	0
自我奖励	zwjl	简单鹤		0		0	0	0	0
自我激励	zwjl	简单鹤		0		0	0	0	0
作为纪念	zwjn	简单鹤		0		0	0	0	0
作文竞赛	zwjs	简单鹤		0		0	0	0	0
自我检讨	zwjt	简单鹤		0		0	0	0	0
自我介绍	zwju	简单鹤		0		0	0	0	0
自我救赎	zwju	简单鹤		0		0	0	0	0
自我价值	zwjv	简单鹤		0		0	0	0	0
赠完即止	zwjv	简单鹤		0		0	0	0	0
作文结尾	zwjw	简单鹤		0		0	0	0	0
自我极意	zwjy	简单鹤		0		0	0	0	0
自我肯定	zwkd	简单鹤		0		0	0	0	0
砸瓦鲁多	zwld	简单鹤		0		0	0	0	0
子午流注	zwlv	简单鹤		0		0	0	0	0
在我们的	zwmd	简单鹤		0		0	0	0	0
在我面前	zwmq	简单鹤		0		0	0	0	0
造物弄人	zwnr	简单鹤		0		0	0	0	0
暂无评分	zwpf	简单鹤		0		0	0	0	0
自我评价	zwpj	简单鹤		0		0	0	0	0
足慰平生	zwpu	简单鹤		0		0	0	0	0
自我膨胀	zwpv	简单鹤		0		0	0	0	0
在我前面	zwqm	简单鹤		0		0	0	0	0
自我欺骗	zwqp	简单鹤		0		0	0	0	0
自我认知	zwrv	简单鹤		0		0	0	0	0
最为突出	zwti	简单鹤		0		0	0	0	0
自我调节	zwtj	简单鹤		0		0	0	0	0
自我提升	zwtu	简单鹤		0		0	0	0	0
在我身边	zwub	简单鹤		0		0	0	0	0
自我胜利	zwul	简单鹤		0		0	0	0	0
自我实现	zwux	简单鹤		0		0	0	0	0
自我设限	zwux	简单鹤		0		0	0	0	0
作为重点	zwvd	简单鹤		0		0	0	0	0
在我这里	zwvl	简单鹤		0		0	0	0	0
最为致命	zwvm	简单鹤		0		0	0	0	0
在我之上	zwvu	简单鹤		0		0	0	0	0
自我中心	zwvx	简单鹤		0		0	0	0	0
赠完为止	zwwv	简单鹤		0		0	0	0	0
在我心里	zwxl	简单鹤		0		0	0	0	0
自我欣赏	zwxu	简单鹤		0		0	0	0	0
在我心中	zwxv	简单鹤		0		0	0	0	0
自我修养	zwxy	简单鹤		0		0	0	0	0
作为一个	zwyg	简单鹤		0		0	0	0	0
在我眼里	zwyl	简单鹤		0		0	0	0	0
作为一名	zwym	简单鹤		0		0	0	0	0
子网掩码	zwym	简单鹤		0		0	0	0	0
自我要求	zwyq	简单鹤		0		0	0	0	0
自我意识	zwyu	简单鹤		0		0	0	0	0
自我约束	zwyu	简单鹤		0		0	0	0	0
作为一种	zwyv	简单鹤		0		0	0	0	0
在我眼中	zwyv	简单鹤		0		0	0	0	0
左问右问	zwyw	简单鹤		0		0	0	0	0
再问自杀	zwzu	简单鹤		0		0	0	0	0
最新版本	zxbb	简单鹤		0		0	0	0	0
最新报道	zxbd	简单鹤		0		0	0	0	0
自行百度	zxbd	简单鹤		0		0	0	0	0
再想办法	zxbf	简单鹤		0		0	0	0	0
贼心不改	zxbg	简单鹤		0		0	0	0	0
自信爆棚	zxbp	简单鹤		0		0	0	0	0
自行代入	zxdr	简单鹤		0		0	0	0	0
最新动态	zxdt	简单鹤		0		0	0	0	0
座下弟子	zxdz	简单鹤		0		0	0	0	0
罪刑法定	zxfd	简单鹤		0		0	0	0	0
在线发牌	zxfp	简单鹤		0		0	0	0	0
在线观看	zxgk	简单鹤		0		0	0	0	0
自信回头	zxht	简单鹤		0		0	0	0	0
自行车灯	zxid	简单鹤		0		0	0	0	0
走向成功	zxig	简单鹤		0		0	0	0	0
自行处理	zxil	简单鹤		0		0	0	0	0
自行解决	zxjj	简单鹤		0		0	0	0	0
在线监控	zxjk	简单鹤		0		0	0	0	0
最新进展	zxjv	简单鹤		0		0	0	0	0
在线教学	zxjx	简单鹤		0		0	0	0	0
在线解压	zxjy	简单鹤		0		0	0	0	0
在线客服	zxkf	简单鹤		0		0	0	0	0
资讯科技	zxkj	简单鹤		0		0	0	0	0
仔细看看	zxkk	简单鹤		0		0	0	0	0
仔细考虑	zxkl	简单鹤		0		0	0	0	0
自学考试	zxku	简单鹤		0		0	0	0	0
嘴下留德	zxld	简单鹤		0		0	0	0	0
自行了断	zxld	简单鹤		0		0	0	0	0
自信满满	zxmm	简单鹤		0		0	0	0	0
在校期间	zxqj	简单鹤		0		0	0	0	0
仔细瞧瞧	zxqq	简单鹤		0		0	0	0	0
再续前缘	zxqy	简单鹤		0		0	0	0	0
仔细认真	zxrv	简单鹤		0		0	0	0	0
咨询热线	zxrx	简单鹤		0		0	0	0	0
做些什么	zxsm	简单鹤		0		0	0	0	0
仔细搜索	zxss	简单鹤		0		0	0	0	0
自行搜索	zxss	简单鹤		0		0	0	0	0
坐享天成	zxti	简单鹤		0		0	0	0	0
暂行条例	zxtl	简单鹤		0		0	0	0	0
仔细推敲	zxtq	简单鹤		0		0	0	0	0
自行调整	zxtv	简单鹤		0		0	0	0	0
在线提问	zxtw	简单鹤		0		0	0	0	0
在线体验	zxty	简单鹤		0		0	0	0	0
走向社会	zxuh	简单鹤		0		0	0	0	0
自行设计	zxuj	简单鹤		0		0	0	0	0
在线视频	zxup	简单鹤		0		0	0	0	0
自信收枪	zxuq	简单鹤		0		0	0	0	0
走下神坛	zxut	简单鹤		0		0	0	0	0
仔细筛选	zxux	简单鹤		0		0	0	0	0
在线支付	zxvf	简单鹤		0		0	0	0	0
仔细琢磨	zxvm	简单鹤		0		0	0	0	0
在线状态	zxvt	简单鹤		0		0	0	0	0
仔细斟酌	zxvv	简单鹤		0		0	0	0	0
在线文档	zxwd	简单鹤		0		0	0	0	0
钻心剜骨	zxwg	简单鹤		0		0	0	0	0
自西向东	zxxd	简单鹤		0		0	0	0	0
作息习惯	zxxg	简单鹤		0		0	0	0	0
在学校里	zxxl	简单鹤		0		0	0	0	0
最新显示	zxxu	简单鹤		0		0	0	0	0
仔细想想	zxxx	简单鹤		0		0	0	0	0
仔细阅读	zxyd	简单鹤		0		0	0	0	0
在线阅读	zxyd	简单鹤		0		0	0	0	0
再下一城	zxyi	简单鹤		0		0	0	0	0
仔细研究	zxyj	简单鹤		0		0	0	0	0
仔细一看	zxyk	简单鹤		0		0	0	0	0
在线预览	zxyl	简单鹤		0		0	0	0	0
左行右立	zxyl	简单鹤		0		0	0	0	0
最新一期	zxyq	简单鹤		0		0	0	0	0
自行研制	zxyv	简单鹤		0		0	0	0	0
仔细一想	zxyx	简单鹤		0		0	0	0	0
自有安排	zyap	简单鹤		0		0	0	0	0
自由翱翔	zyax	简单鹤		0		0	0	0	0
遭遇不测	zybc	简单鹤		0		0	0	0	0
作用不大	zybd	简单鹤		0		0	0	0	0
左右不分	zybf	简单鹤		0		0	0	0	0
自有办法	zybf	简单鹤		0		0	0	0	0
自由奔放	zybf	简单鹤		0		0	0	0	0
再也不敢	zybg	简单鹤		0		0	0	0	0
再也不会	zybh	简单鹤		0		0	0	0	0
再也不见	zybj	简单鹤		0		0	0	0	0
自由搏击	zybj	简单鹤		0		0	0	0	0
再也不能	zybn	简单鹤		0		0	0	0	0
再也不是	zybu	简单鹤		0		0	0	0	0
早已不是	zybu	简单鹤		0		0	0	0	0
再也不用	zyby	简单鹤		0		0	0	0	0
再也不要	zyby	简单鹤		0		0	0	0	0
怎样才能	zycn	简单鹤		0		0	0	0	0
早有此意	zycy	简单鹤		0		0	0	0	0
综艺大观	zydg	简单鹤		0		0	0	0	0
怎样的人	zydr	简单鹤		0		0	0	0	0
早有打算	zyds	简单鹤		0		0	0	0	0
自有定数	zydu	简单鹤		0		0	0	0	0
早有耳闻	zyew	简单鹤		0		0	0	0	0
左右分屏	zyfb	简单鹤		0		0	0	0	0
早有防备	zyfb	简单鹤		0		0	0	0	0
造谣诽谤	zyfb	简单鹤		0		0	0	0	0
自有分寸	zyfc	简单鹤		0		0	0	0	0
早有防范	zyff	简单鹤		0		0	0	0	0
自由发挥	zyfh	简单鹤		0		0	0	0	0
自由分配	zyfp	简单鹤		0		0	0	0	0
资源分配	zyfp	简单鹤		0		0	0	0	0
自愿放弃	zyfq	简单鹤		0		0	0	0	0
自由飞翔	zyfx	简单鹤		0		0	0	0	0
纵欲过度	zygd	简单鹤		0		0	0	0	0
左右互搏	zyhb	简单鹤		0		0	0	0	0
自由活动	zyhd	简单鹤		0		0	0	0	0
左右互击	zyhj	简单鹤		0		0	0	0	0
资源环境	zyhj	简单鹤		0		0	0	0	0
总用户数	zyhu	简单鹤		0		0	0	0	0
作业场所	zyis	简单鹤		0		0	0	0	0
早已成为	zyiw	简单鹤		0		0	0	0	0
自愿加班	zyjb	简单鹤		0		0	0	0	0
最要紧的	zyjd	简单鹤		0		0	0	0	0
足以见得	zyjd	简单鹤		0		0	0	0	0
左右夹攻	zyjg	简单鹤		0		0	0	0	0
早有计划	zyjh	简单鹤		0		0	0	0	0
昨夜今晨	zyji	简单鹤		0		0	0	0	0
左右击键	zyjj	简单鹤		0		0	0	0	0
早有警觉	zyjj	简单鹤		0		0	0	0	0
综艺节目	zyjm	简单鹤		0		0	0	0	0
尊严尽丧	zyjs	简单鹤		0		0	0	0	0
作用就是	zyju	简单鹤		0		0	0	0	0
早已经是	zyju	简单鹤		0		0	0	0	0
资源节约	zyjy	简单鹤		0		0	0	0	0
早有看法	zykf	简单鹤		0		0	0	0	0
早有考虑	zykl	简单鹤		0		0	0	0	0
自由扩散	zyks	简单鹤		0		0	0	0	0
早已料到	zyld	简单鹤		0		0	0	0	0
总有理由	zyly	简单鹤		0		0	0	0	0
龇牙裂嘴	zylz	简单鹤		1		0	0	0	0
自有妙计	zymj	简单鹤		0		0	0	0	0
醉意朦胧	zyml	简单鹤		0		0	0	0	0
再也没能	zymn	简单鹤		0		0	0	0	0
再也没有	zymy	简单鹤		0		0	0	0	0
综艺频道	zypd	简单鹤		0		0	0	0	0
自由平等	zypd	简单鹤		0		0	0	0	0
资源配置	zypv	简单鹤		0		0	0	0	0
在一起的	zyqd	简单鹤		0		0	0	0	0
自有乾坤	zyqk	简单鹤		0		0	0	0	0
滋阴清热	zyqr	简单鹤		0		0	0	0	0
最有权威	zyqw	简单鹤		0		0	0	0	0
滋阴潜阳	zyqy	简单鹤		0		0	0	0	0
总有人说	zyru	简单鹤		0		0	0	0	0
择优任用	zyry	简单鹤		0		0	0	0	0
滋阴润燥	zyrz	简单鹤		0		0	0	0	0
早有听说	zytu	简单鹤		0		0	0	0	0
自有天收	zytu	简单鹤		0		0	0	0	0
择优上岗	zyug	简单鹤		0		0	0	0	0
在一瞬间	zyuj	简单鹤		0		0	0	0	0
怎样使用	zyuy	简单鹤		0		0	0	0	0
自由摄影	zyuy	简单鹤		0		0	0	0	0
早有准备	zyvb	简单鹤		0		0	0	0	0
足以支撑	zyvi	简单鹤		0		0	0	0	0
自由五笔	zywb	简单鹤		0		0	0	0	0
再也无法	zywf	简单鹤		0		0	0	0	0
早已忘记	zywj	简单鹤		0		0	0	0	0
早已忘了	zywl	简单鹤		0		0	0	0	0
自由往来	zywl	简单鹤		0		0	0	0	0
早有想法	zyxf	简单鹤		0		0	0	0	0
资源消耗	zyxh	简单鹤		0		0	0	0	0
嘴硬心软	zyxr	简单鹤		0		0	0	0	0
最有希望	zyxw	简单鹤		0		0	0	0	0
自由选择	zyxz	简单鹤		0		0	0	0	0
总有一个	zyyg	简单鹤		0		0	0	0	0
左摇右晃	zyyh	简单鹤		0		0	0	0	0
早有预谋	zyym	简单鹤		0		0	0	0	0
最有意思	zyys	简单鹤		0		0	0	0	0
总有一天	zyyt	简单鹤		0		0	0	0	0
总有一种	zyyv	简单鹤		0		0	0	0	0
总有一些	zyyx	简单鹤		0		0	0	0	0
自愿原则	zyyz	简单鹤		0		0	0	0	0
自由组合	zyzh	简单鹤		0		0	0	0	0
早做安排	zzap	简单鹤		0		0	0	0	0
在再不分	zzbf	简单鹤		0		0	0	0	0
再作道理	zzdl	简单鹤		1		0	0	0	0
早作打算	zzds	简单鹤		0		0	0	0	0
坐在地上	zzdu	简单鹤		0		0	0	0	0
在座的有	zzdy	简单鹤		0		0	0	0	0
自在飞扬	zzfy	简单鹤		0		0	0	0	0
总座高见	zzgj	简单鹤		0		0	0	0	0
祖宗成法	zzif	简单鹤		1		0	0	0	0
栽赃嫁祸	zzjh	简单鹤		0		0	0	0	0
自在极意	zzjy	简单鹤		0		0	0	0	0
字字铿锵	zzkq	简单鹤		0		0	0	0	0
攒足了劲	zzlj	简单鹤		0		0	0	0	0
再怎么好	zzmh	简单鹤		0		0	0	0	0
再怎么说	zzmu	简单鹤		0		0	0	0	0
再怎么样	zzmy	简单鹤		0		0	0	0	0
坐在那里	zznl	简单鹤		0		0	0	0	0
仄仄平平	zzpp	简单鹤		0		0	0	0	0
祖宗三代	zzsd	简单鹤		0		0	0	0	0
早作准备	zzvb	简单鹤		0		0	0	0	0
祖宗之法	zzvf	简单鹤		0		0	0	0	0
孜孜追求	zzvq	简单鹤		0		0	0	0	0
字字箴言	zzvy	简单鹤		0		0	0	0	0
最最重要	zzvy	简单鹤		0		0	0	0	0
自在逍遥	zzxy	简单鹤		0		0	0	0	0
再走一步	zzyb	简单鹤		0		0	0	0	0
坐在一边	zzyb	简单鹤		0		0	0	0	0
坐在原地	zzyd	简单鹤		0		0	0	0	0
足足有余	zzyy	简单鹤		1		0	0	0	0
做做样子	zzyz	简单鹤		0		0	0	0	0
自尊自爱	zzza	简单鹤		0		0	0	0	0
总在最前	zzzq	简单鹤		0		0	0	0	0
