问题ID	原文摘录	状态	目标码表	操作	原编码	原字词	新编码	新字词	目标候选位	备注	处理时间	处理结果	修改前SHA256	修改后SHA256
P0001-01	"补音后抽查发现词库缺：甄嬛传、牛轧糖、六安、嬷嬷、海参崴、张国焘、贾平凹、吐谷浑、稽首、大乘；你回复""可以"""	已修复	字词表	新增			vhi	甄嬛传		排该码位最后；三字词=三字首码，二字词=两字双拼	2026-09-17T16:23:08	新增 vhi,4=甄嬛传 → 转化成、转换成、真好吃、甄嬛传	6e4c0f246c1223fe8ef1119ca8c2200052f74580fc9f7082cbc27669571eb551	806a1d95db70b0c5d206ef86ee4ac317e2cb81f7e2cef4a33d75a5020dad7e6a
P0001-02	同上	已修复	字词表	新增			ngt	牛轧糖		排该码位最后；三字词=三字首码，二字词=两字双拼	2026-09-17T16:23:08	新增 ngt,4=牛轧糖 → 嗯、扭过头、你个头、牛轧糖	6e4c0f246c1223fe8ef1119ca8c2200052f74580fc9f7082cbc27669571eb551	806a1d95db70b0c5d206ef86ee4ac317e2cb81f7e2cef4a33d75a5020dad7e6a
P0001-03	同上	已修复	字词表	新增			huw	海参崴		排该码位最后；三字词=三字首码，二字词=两字双拼	2026-09-17T16:23:08	新增 huw,3=海参崴 → 槲、何首乌、海参崴	6e4c0f246c1223fe8ef1119ca8c2200052f74580fc9f7082cbc27669571eb551	806a1d95db70b0c5d206ef86ee4ac317e2cb81f7e2cef4a33d75a5020dad7e6a
P0001-04	同上	已修复	字词表	新增			vgt	张国焘		排该码位最后；三字词=三字首码，二字词=两字双拼	2026-09-17T16:23:08	新增 vgt,3=张国焘 → 转过头、主观题、张国焘	6e4c0f246c1223fe8ef1119ca8c2200052f74580fc9f7082cbc27669571eb551	806a1d95db70b0c5d206ef86ee4ac317e2cb81f7e2cef4a33d75a5020dad7e6a
P0001-05	同上	已修复	字词表	新增			jpw	贾平凹		排该码位最后；三字词=三字首码，二字词=两字双拼	2026-09-17T16:23:08	新增 jpw,4=贾平凹 → 杰、健脾胃、精品屋、贾平凹	6e4c0f246c1223fe8ef1119ca8c2200052f74580fc9f7082cbc27669571eb551	806a1d95db70b0c5d206ef86ee4ac317e2cb81f7e2cef4a33d75a5020dad7e6a
P0001-06	同上	已修复	字词表	新增			tyh	吐谷浑		排该码位最后；三字词=三字首码，二字词=两字双拼	2026-09-17T16:23:08	新增 tyh,4=吐谷浑 → 头一回、太阳花、头一昏、吐谷浑	6e4c0f246c1223fe8ef1119ca8c2200052f74580fc9f7082cbc27669571eb551	806a1d95db70b0c5d206ef86ee4ac317e2cb81f7e2cef4a33d75a5020dad7e6a
P0001-07	同上	已修复	字词表	新增			luan	六安		排该码位最后；三字词=三字首码，二字词=两字双拼	2026-09-17T16:23:08	新增 luan,1=六安 → 六安	6e4c0f246c1223fe8ef1119ca8c2200052f74580fc9f7082cbc27669571eb551	806a1d95db70b0c5d206ef86ee4ac317e2cb81f7e2cef4a33d75a5020dad7e6a
P0001-08	同上	已修复	字词表	新增			momo	嬷嬷		排该码位最后；三字词=三字首码，二字词=两字双拼	2026-09-17T16:23:08	新增 momo,4=嬷嬷 → 默默、藦、摸摸、嬷嬷	6e4c0f246c1223fe8ef1119ca8c2200052f74580fc9f7082cbc27669571eb551	806a1d95db70b0c5d206ef86ee4ac317e2cb81f7e2cef4a33d75a5020dad7e6a
P0001-09	同上	已修复	字词表	新增			qiuz	稽首		排该码位最后；三字词=三字首码，二字词=两字双拼	2026-09-17T16:23:08	新增 qiuz,3=稽首 → 棋手、骑手、稽首	6e4c0f246c1223fe8ef1119ca8c2200052f74580fc9f7082cbc27669571eb551	806a1d95db70b0c5d206ef86ee4ac317e2cb81f7e2cef4a33d75a5020dad7e6a
P0001-10	同上	已修复	字词表	新增			daug	大乘		排该码位最后；三字词=三字首码，二字词=两字双拼	2026-09-17T16:23:08	新增 daug,3=大乘 → 大声、大胜、大乘	6e4c0f246c1223fe8ef1119ca8c2200052f74580fc9f7082cbc27669571eb551	806a1d95db70b0c5d206ef86ee4ac317e2cb81f7e2cef4a33d75a5020dad7e6a
P0002-001	"打 jxl 首选是扩展字 耞，接下来 被挤到第二；同类共 81 个扩展字占三简位排在三字简词前。你回复""可以""：撤掉这 81 个三简，只留全码"	已修复	单字表	删除	hlx	磺				撤扩展字三简，保留全码	2026-09-17T16:27:14	删除 hlx=磺；hlx：磺 → 空	12a5fa0d62faad45f322f9bf55f0dc51e13f74570200d9b7f2a3ef084d7358cc	92440c864760118e55fa45aef0b54b9a4f05d4a8a3ad79ee89bec7ad417c93f7
P0002-002	同上	已修复	字词表	删除	hlx	磺				撤扩展字三简，保留全码	2026-09-17T16:27:14	删除 hlx=磺；hlx：磺、合理性、厚礼蟹 → 合理性、厚礼蟹	806a1d95db70b0c5d206ef86ee4ac317e2cb81f7e2cef4a33d75a5020dad7e6a	665ba6ee93a032ff70e1ca5614e533563d54b569282e18c5c52de5e66699774d
P0002-003	同上	已修复	单字表	删除	met	嚒				撤扩展字三简，保留全码	2026-09-17T16:27:14	删除 met=嚒；met：嚒 → 空	12a5fa0d62faad45f322f9bf55f0dc51e13f74570200d9b7f2a3ef084d7358cc	92440c864760118e55fa45aef0b54b9a4f05d4a8a3ad79ee89bec7ad417c93f7
P0002-004	同上	已修复	字词表	删除	met	嚒				撤扩展字三简，保留全码	2026-09-17T16:27:14	删除 met=嚒；met：嚒、马耳他 → 马耳他	806a1d95db70b0c5d206ef86ee4ac317e2cb81f7e2cef4a33d75a5020dad7e6a	665ba6ee93a032ff70e1ca5614e533563d54b569282e18c5c52de5e66699774d
P0002-005	同上	已修复	单字表	删除	pdv	犤				撤扩展字三简，保留全码	2026-09-17T16:27:14	删除 pdv=犤；pdv：犤 → 空	12a5fa0d62faad45f322f9bf55f0dc51e13f74570200d9b7f2a3ef084d7358cc	92440c864760118e55fa45aef0b54b9a4f05d4a8a3ad79ee89bec7ad417c93f7
P0002-006	同上	已修复	字词表	删除	pdv	犤				撤扩展字三简，保留全码	2026-09-17T16:27:14	删除 pdv=犤；pdv：犤、攀登者 → 攀登者	806a1d95db70b0c5d206ef86ee4ac317e2cb81f7e2cef4a33d75a5020dad7e6a	665ba6ee93a032ff70e1ca5614e533563d54b569282e18c5c52de5e66699774d
P0002-007	同上	已修复	单字表	删除	kuq	堀				撤扩展字三简，保留全码	2026-09-17T16:27:14	删除 kuq=堀；kuq：堀 → 空	12a5fa0d62faad45f322f9bf55f0dc51e13f74570200d9b7f2a3ef084d7358cc	92440c864760118e55fa45aef0b54b9a4f05d4a8a3ad79ee89bec7ad417c93f7
P0002-008	同上	已修复	字词表	删除	kuq	堀				撤扩展字三简，保留全码	2026-09-17T16:27:14	删除 kuq=堀；kuq：堀、看上去、开始前 → 看上去、开始前	806a1d95db70b0c5d206ef86ee4ac317e2cb81f7e2cef4a33d75a5020dad7e6a	665ba6ee93a032ff70e1ca5614e533563d54b569282e18c5c52de5e66699774d
P0002-009	同上	已修复	单字表	删除	kyh	崑				撤扩展字三简，保留全码	2026-09-17T16:27:14	删除 kyh=崑；kyh：崑 → 空	12a5fa0d62faad45f322f9bf55f0dc51e13f74570200d9b7f2a3ef084d7358cc	92440c864760118e55fa45aef0b54b9a4f05d4a8a3ad79ee89bec7ad417c93f7
P0002-010	同上	已修复	字词表	删除	kyh	崑				撤扩展字三简，保留全码	2026-09-17T16:27:14	删除 kyh=崑；kyh：崑、口语化、抗氧化 → 口语化、抗氧化	806a1d95db70b0c5d206ef86ee4ac317e2cb81f7e2cef4a33d75a5020dad7e6a	665ba6ee93a032ff70e1ca5614e533563d54b569282e18c5c52de5e66699774d
P0002-011	同上	已修复	单字表	删除	vds	砦				撤扩展字三简，保留全码	2026-09-17T16:27:14	删除 vds=砦；vds：砦 → 空	12a5fa0d62faad45f322f9bf55f0dc51e13f74570200d9b7f2a3ef084d7358cc	92440c864760118e55fa45aef0b54b9a4f05d4a8a3ad79ee89bec7ad417c93f7
P0002-012	同上	已修复	字词表	删除	vds	砦				撤扩展字三简，保留全码	2026-09-17T16:27:14	删除 vds=砦；vds：砦、招待所 → 招待所	806a1d95db70b0c5d206ef86ee4ac317e2cb81f7e2cef4a33d75a5020dad7e6a	665ba6ee93a032ff70e1ca5614e533563d54b569282e18c5c52de5e66699774d
P0002-013	同上	已修复	单字表	删除	lhx	鎯				撤扩展字三简，保留全码	2026-09-17T16:27:14	删除 lhx=鎯；lhx：鎯 → 空	12a5fa0d62faad45f322f9bf55f0dc51e13f74570200d9b7f2a3ef084d7358cc	92440c864760118e55fa45aef0b54b9a4f05d4a8a3ad79ee89bec7ad417c93f7
P0002-014	同上	已修复	字词表	删除	lhx	鎯				撤扩展字三简，保留全码	2026-09-17T16:27:14	删除 lhx=鎯；lhx：鎯、灵活性、流行性 → 灵活性、流行性	806a1d95db70b0c5d206ef86ee4ac317e2cb81f7e2cef4a33d75a5020dad7e6a	665ba6ee93a032ff70e1ca5614e533563d54b569282e18c5c52de5e66699774d
P0002-015	同上	已修复	单字表	删除	xyg	蟳				撤扩展字三简，保留全码	2026-09-17T16:27:14	删除 xyg=蟳；xyg：蟳 → 空	12a5fa0d62faad45f322f9bf55f0dc51e13f74570200d9b7f2a3ef084d7358cc	92440c864760118e55fa45aef0b54b9a4f05d4a8a3ad79ee89bec7ad417c93f7
P0002-016	同上	已修复	字词表	删除	xyg	蟳				撤扩展字三简，保留全码	2026-09-17T16:27:14	删除 xyg=蟳；xyg：蟳、下一个、谐音梗 → 下一个、谐音梗	806a1d95db70b0c5d206ef86ee4ac317e2cb81f7e2cef4a33d75a5020dad7e6a	665ba6ee93a032ff70e1ca5614e533563d54b569282e18c5c52de5e66699774d
P0002-017	同上	已修复	单字表	删除	gyl	丨				撤扩展字三简，保留全码	2026-09-17T16:27:14	删除 gyl=丨；gyl：丨 → 空	12a5fa0d62faad45f322f9bf55f0dc51e13f74570200d9b7f2a3ef084d7358cc	92440c864760118e55fa45aef0b54b9a4f05d4a8a3ad79ee89bec7ad417c93f7
P0002-018	同上	已修复	字词表	删除	gyl	丨				撤扩展字三简，保留全码	2026-09-17T16:27:14	删除 gyl=丨；gyl：丨、给予了、够用了 → 给予了、够用了	806a1d95db70b0c5d206ef86ee4ac317e2cb81f7e2cef4a33d75a5020dad7e6a	665ba6ee93a032ff70e1ca5614e533563d54b569282e18c5c52de5e66699774d
P0002-019	同上	已修复	单字表	删除	rgd	礽				撤扩展字三简，保留全码	2026-09-17T16:27:14	删除 rgd=礽；rgd：礽 → 空	12a5fa0d62faad45f322f9bf55f0dc51e13f74570200d9b7f2a3ef084d7358cc	92440c864760118e55fa45aef0b54b9a4f05d4a8a3ad79ee89bec7ad417c93f7
P0002-020	同上	已修复	字词表	删除	rgd	礽				撤扩展字三简，保留全码	2026-09-17T16:27:14	删除 rgd=礽；rgd：礽、日光灯、柔光灯 → 日光灯、柔光灯	806a1d95db70b0c5d206ef86ee4ac317e2cb81f7e2cef4a33d75a5020dad7e6a	665ba6ee93a032ff70e1ca5614e533563d54b569282e18c5c52de5e66699774d
P0002-021	同上	已修复	单字表	删除	dht	噹				撤扩展字三简，保留全码	2026-09-17T16:27:14	删除 dht=噹；dht：噹 → 空	12a5fa0d62faad45f322f9bf55f0dc51e13f74570200d9b7f2a3ef084d7358cc	92440c864760118e55fa45aef0b54b9a4f05d4a8a3ad79ee89bec7ad417c93f7
P0002-022	同上	已修复	字词表	删除	dht	噹				撤扩展字三简，保留全码	2026-09-17T16:27:14	删除 dht=噹；dht：噹、大后天、电话亭 → 大后天、电话亭	806a1d95db70b0c5d206ef86ee4ac317e2cb81f7e2cef4a33d75a5020dad7e6a	665ba6ee93a032ff70e1ca5614e533563d54b569282e18c5c52de5e66699774d
P0002-023	同上	已修复	单字表	删除	whq	罒				撤扩展字三简，保留全码	2026-09-17T16:27:14	删除 whq=罒；whq：罒 → 空	12a5fa0d62faad45f322f9bf55f0dc51e13f74570200d9b7f2a3ef084d7358cc	92440c864760118e55fa45aef0b54b9a4f05d4a8a3ad79ee89bec7ad417c93f7
P0002-024	同上	已修复	字词表	删除	whq	罒				撤扩展字三简，保留全码	2026-09-17T16:27:14	删除 whq=罒；whq：罒、未婚妻、文化圈 → 未婚妻、文化圈	806a1d95db70b0c5d206ef86ee4ac317e2cb81f7e2cef4a33d75a5020dad7e6a	665ba6ee93a032ff70e1ca5614e533563d54b569282e18c5c52de5e66699774d
P0002-025	同上	已修复	单字表	删除	mzx	鉾				撤扩展字三简，保留全码	2026-09-17T16:27:14	删除 mzx=鉾；mzx：鉾 → 空	12a5fa0d62faad45f322f9bf55f0dc51e13f74570200d9b7f2a3ef084d7358cc	92440c864760118e55fa45aef0b54b9a4f05d4a8a3ad79ee89bec7ad417c93f7
P0002-026	同上	已修复	字词表	删除	mzx	鉾				撤扩展字三简，保留全码	2026-09-17T16:27:14	删除 mzx=鉾；mzx：鉾、民族性 → 民族性	806a1d95db70b0c5d206ef86ee4ac317e2cb81f7e2cef4a33d75a5020dad7e6a	665ba6ee93a032ff70e1ca5614e533563d54b569282e18c5c52de5e66699774d
P0002-027	同上	已修复	单字表	删除	pbw	榀				撤扩展字三简，保留全码	2026-09-17T16:27:14	删除 pbw=榀；pbw：榀 → 空	12a5fa0d62faad45f322f9bf55f0dc51e13f74570200d9b7f2a3ef084d7358cc	92440c864760118e55fa45aef0b54b9a4f05d4a8a3ad79ee89bec7ad417c93f7
P0002-028	同上	已修复	字词表	删除	pbw	榀				撤扩展字三简，保留全码	2026-09-17T16:27:14	删除 pbw=榀；pbw：榀、陪伴我 → 陪伴我	806a1d95db70b0c5d206ef86ee4ac317e2cb81f7e2cef4a33d75a5020dad7e6a	665ba6ee93a032ff70e1ca5614e533563d54b569282e18c5c52de5e66699774d
P0002-029	同上	已修复	单字表	删除	ldt	唻				撤扩展字三简，保留全码	2026-09-17T16:27:14	删除 ldt=唻；ldt：唻 → 空	12a5fa0d62faad45f322f9bf55f0dc51e13f74570200d9b7f2a3ef084d7358cc	92440c864760118e55fa45aef0b54b9a4f05d4a8a3ad79ee89bec7ad417c93f7
P0002-030	同上	已修复	字词表	删除	ldt	唻				撤扩展字三简，保留全码	2026-09-17T16:27:14	删除 ldt=唻；ldt：唻、绿豆汤、雷达图 → 绿豆汤、雷达图	806a1d95db70b0c5d206ef86ee4ac317e2cb81f7e2cef4a33d75a5020dad7e6a	665ba6ee93a032ff70e1ca5614e533563d54b569282e18c5c52de5e66699774d
P0002-031	同上	已修复	单字表	删除	rrz	朊				撤扩展字三简，保留全码	2026-09-17T16:27:14	删除 rrz=朊；rrz：朊 → 空	12a5fa0d62faad45f322f9bf55f0dc51e13f74570200d9b7f2a3ef084d7358cc	92440c864760118e55fa45aef0b54b9a4f05d4a8a3ad79ee89bec7ad417c93f7
P0002-032	同上	已修复	字词表	删除	rrz	朊				撤扩展字三简，保留全码	2026-09-17T16:27:14	删除 rrz=朊；rrz：朊、仍然在 → 仍然在	806a1d95db70b0c5d206ef86ee4ac317e2cb81f7e2cef4a33d75a5020dad7e6a	665ba6ee93a032ff70e1ca5614e533563d54b569282e18c5c52de5e66699774d
P0002-033	同上	已修复	单字表	删除	src	痠				撤扩展字三简，保留全码	2026-09-17T16:27:14	删除 src=痠；src：痠 → 空	12a5fa0d62faad45f322f9bf55f0dc51e13f74570200d9b7f2a3ef084d7358cc	92440c864760118e55fa45aef0b54b9a4f05d4a8a3ad79ee89bec7ad417c93f7
P0002-034	同上	已修复	字词表	删除	src	痠				撤扩展字三简，保留全码	2026-09-17T16:27:14	删除 src=痠；src：痠、虽如此 → 虽如此	806a1d95db70b0c5d206ef86ee4ac317e2cb81f7e2cef4a33d75a5020dad7e6a	665ba6ee93a032ff70e1ca5614e533563d54b569282e18c5c52de5e66699774d
P0002-035	同上	已修复	单字表	删除	dmw	槙				撤扩展字三简，保留全码	2026-09-17T16:27:14	删除 dmw=槙；dmw：槙 → 空	12a5fa0d62faad45f322f9bf55f0dc51e13f74570200d9b7f2a3ef084d7358cc	92440c864760118e55fa45aef0b54b9a4f05d4a8a3ad79ee89bec7ad417c93f7
P0002-036	同上	已修复	字词表	删除	dmw	槙				撤扩展字三简，保留全码	2026-09-17T16:27:14	删除 dmw=槙；dmw：槙、大魔王、弹幕网 → 大魔王、弹幕网	806a1d95db70b0c5d206ef86ee4ac317e2cb81f7e2cef4a33d75a5020dad7e6a	665ba6ee93a032ff70e1ca5614e533563d54b569282e18c5c52de5e66699774d
P0002-037	同上	已修复	单字表	删除	hkl	耲				撤扩展字三简，保留全码	2026-09-17T16:27:14	删除 hkl=耲；hkl：耲 → 空	12a5fa0d62faad45f322f9bf55f0dc51e13f74570200d9b7f2a3ef084d7358cc	92440c864760118e55fa45aef0b54b9a4f05d4a8a3ad79ee89bec7ad417c93f7
P0002-038	同上	已修复	字词表	删除	hkl	耲				撤扩展字三简，保留全码	2026-09-17T16:27:14	删除 hkl=耲；hkl：耲、害苦了 → 害苦了	806a1d95db70b0c5d206ef86ee4ac317e2cb81f7e2cef4a33d75a5020dad7e6a	665ba6ee93a032ff70e1ca5614e533563d54b569282e18c5c52de5e66699774d
P0002-039	同上	已修复	单字表	删除	mhu	铓				撤扩展字三简，保留全码	2026-09-17T16:27:14	删除 mhu=铓；mhu：铓 → 空	12a5fa0d62faad45f322f9bf55f0dc51e13f74570200d9b7f2a3ef084d7358cc	92440c864760118e55fa45aef0b54b9a4f05d4a8a3ad79ee89bec7ad417c93f7
P0002-040	同上	已修复	字词表	删除	mhu	铓				撤扩展字三简，保留全码	2026-09-17T16:27:14	删除 mhu=铓；mhu：铓、没话说、没好事 → 没话说、没好事	806a1d95db70b0c5d206ef86ee4ac317e2cb81f7e2cef4a33d75a5020dad7e6a	665ba6ee93a032ff70e1ca5614e533563d54b569282e18c5c52de5e66699774d
P0002-041	同上	已修复	单字表	删除	fub	賦				撤扩展字三简，保留全码	2026-09-17T16:27:14	删除 fub=賦；fub：賦 → 空	12a5fa0d62faad45f322f9bf55f0dc51e13f74570200d9b7f2a3ef084d7358cc	92440c864760118e55fa45aef0b54b9a4f05d4a8a3ad79ee89bec7ad417c93f7
P0002-042	同上	已修复	字词表	删除	fub	賦				撤扩展字三简，保留全码	2026-09-17T16:27:14	删除 fub=賦；fub：賦、风湿病、封神榜 → 风湿病、封神榜	806a1d95db70b0c5d206ef86ee4ac317e2cb81f7e2cef4a33d75a5020dad7e6a	665ba6ee93a032ff70e1ca5614e533563d54b569282e18c5c52de5e66699774d
P0002-043	同上	已修复	单字表	删除	tyx	氽				撤扩展字三简，保留全码	2026-09-17T16:27:14	删除 tyx=氽；tyx：氽 → 空	12a5fa0d62faad45f322f9bf55f0dc51e13f74570200d9b7f2a3ef084d7358cc	92440c864760118e55fa45aef0b54b9a4f05d4a8a3ad79ee89bec7ad417c93f7
P0002-044	同上	已修复	字词表	删除	tyx	氽				撤扩展字三简，保留全码	2026-09-17T16:27:14	删除 tyx=氽；tyx：氽、太阳穴、太阳系 → 太阳穴、太阳系	806a1d95db70b0c5d206ef86ee4ac317e2cb81f7e2cef4a33d75a5020dad7e6a	665ba6ee93a032ff70e1ca5614e533563d54b569282e18c5c52de5e66699774d
P0002-045	同上	已修复	单字表	删除	muq	坶				撤扩展字三简，保留全码	2026-09-17T16:27:14	删除 muq=坶；muq：坶 → 空	12a5fa0d62faad45f322f9bf55f0dc51e13f74570200d9b7f2a3ef084d7358cc	92440c864760118e55fa45aef0b54b9a4f05d4a8a3ad79ee89bec7ad417c93f7
P0002-046	同上	已修复	字词表	删除	muq	坶				撤扩展字三简，保留全码	2026-09-17T16:27:14	删除 muq=坶；muq：坶、卖身契、没事情 → 卖身契、没事情	806a1d95db70b0c5d206ef86ee4ac317e2cb81f7e2cef4a33d75a5020dad7e6a	665ba6ee93a032ff70e1ca5614e533563d54b569282e18c5c52de5e66699774d
P0002-047	同上	已修复	单字表	删除	jph	岕				撤扩展字三简，保留全码	2026-09-17T16:27:14	删除 jph=岕；jph：岕 → 空	12a5fa0d62faad45f322f9bf55f0dc51e13f74570200d9b7f2a3ef084d7358cc	92440c864760118e55fa45aef0b54b9a4f05d4a8a3ad79ee89bec7ad417c93f7
P0002-048	同上	已修复	字词表	删除	jph	岕				撤扩展字三简，保留全码	2026-09-17T16:27:14	删除 jph=岕；jph：岕、键盘宏 → 键盘宏	806a1d95db70b0c5d206ef86ee4ac317e2cb81f7e2cef4a33d75a5020dad7e6a	665ba6ee93a032ff70e1ca5614e533563d54b569282e18c5c52de5e66699774d
P0002-049	同上	已修复	单字表	删除	xtw	桖				撤扩展字三简，保留全码	2026-09-17T16:27:14	删除 xtw=桖；xtw：桖 → 空	12a5fa0d62faad45f322f9bf55f0dc51e13f74570200d9b7f2a3ef084d7358cc	92440c864760118e55fa45aef0b54b9a4f05d4a8a3ad79ee89bec7ad417c93f7
P0002-050	同上	已修复	字词表	删除	xtw	桖				撤扩展字三简，保留全码	2026-09-17T16:27:14	删除 xtw=桖；xtw：桖、信天翁、校团委 → 信天翁、校团委	806a1d95db70b0c5d206ef86ee4ac317e2cb81f7e2cef4a33d75a5020dad7e6a	665ba6ee93a032ff70e1ca5614e533563d54b569282e18c5c52de5e66699774d
P0002-051	同上	已修复	单字表	删除	vhx	礃				撤扩展字三简，保留全码	2026-09-17T16:27:14	删除 vhx=礃；vhx：礃 → 空	12a5fa0d62faad45f322f9bf55f0dc51e13f74570200d9b7f2a3ef084d7358cc	92440c864760118e55fa45aef0b54b9a4f05d4a8a3ad79ee89bec7ad417c93f7
P0002-052	同上	已修复	字词表	删除	vhx	礃				撤扩展字三简，保留全码	2026-09-17T16:27:14	删除 vhx=礃；vhx：礃、智慧型 → 智慧型	806a1d95db70b0c5d206ef86ee4ac317e2cb81f7e2cef4a33d75a5020dad7e6a	665ba6ee93a032ff70e1ca5614e533563d54b569282e18c5c52de5e66699774d
P0002-053	同上	已修复	单字表	删除	fjv	憣				撤扩展字三简，保留全码	2026-09-17T16:27:14	删除 fjv=憣；fjv：憣 → 空	12a5fa0d62faad45f322f9bf55f0dc51e13f74570200d9b7f2a3ef084d7358cc	92440c864760118e55fa45aef0b54b9a4f05d4a8a3ad79ee89bec7ad417c93f7
P0002-054	同上	已修复	字词表	删除	fjv	憣				撤扩展字三简，保留全码	2026-09-17T16:27:14	删除 fjv=憣；fjv：憣、翻旧账、反击战 → 翻旧账、反击战	806a1d95db70b0c5d206ef86ee4ac317e2cb81f7e2cef4a33d75a5020dad7e6a	665ba6ee93a032ff70e1ca5614e533563d54b569282e18c5c52de5e66699774d
P0002-055	同上	已修复	单字表	删除	vft	眞				撤扩展字三简，保留全码	2026-09-17T16:27:14	删除 vft=眞；vft：眞 → 空	12a5fa0d62faad45f322f9bf55f0dc51e13f74570200d9b7f2a3ef084d7358cc	92440c864760118e55fa45aef0b54b9a4f05d4a8a3ad79ee89bec7ad417c93f7
P0002-056	同上	已修复	字词表	删除	vft	眞				撤扩展字三简，保留全码	2026-09-17T16:27:14	删除 vft=眞；vft：眞、正方体、直方图 → 正方体、直方图	806a1d95db70b0c5d206ef86ee4ac317e2cb81f7e2cef4a33d75a5020dad7e6a	665ba6ee93a032ff70e1ca5614e533563d54b569282e18c5c52de5e66699774d
P0002-057	同上	已修复	单字表	删除	djp	躭				撤扩展字三简，保留全码	2026-09-17T16:27:14	删除 djp=躭；djp：躭 → 空	12a5fa0d62faad45f322f9bf55f0dc51e13f74570200d9b7f2a3ef084d7358cc	92440c864760118e55fa45aef0b54b9a4f05d4a8a3ad79ee89bec7ad417c93f7
P0002-058	同上	已修复	字词表	删除	djp	躭				撤扩展字三简，保留全码	2026-09-17T16:27:14	删除 djp=躭；djp：躭、挡箭牌、订机票 → 挡箭牌、订机票	806a1d95db70b0c5d206ef86ee4ac317e2cb81f7e2cef4a33d75a5020dad7e6a	665ba6ee93a032ff70e1ca5614e533563d54b569282e18c5c52de5e66699774d
P0002-059	同上	已修复	单字表	删除	mix	銤				撤扩展字三简，保留全码	2026-09-17T16:27:14	删除 mix=銤；mix：銤 → 空	12a5fa0d62faad45f322f9bf55f0dc51e13f74570200d9b7f2a3ef084d7358cc	92440c864760118e55fa45aef0b54b9a4f05d4a8a3ad79ee89bec7ad417c93f7
P0002-060	同上	已修复	字词表	删除	mix	銤				撤扩展字三简，保留全码	2026-09-17T16:27:14	删除 mix=銤；mix：銤、没出息、没承想 → 没出息、没承想	806a1d95db70b0c5d206ef86ee4ac317e2cb81f7e2cef4a33d75a5020dad7e6a	665ba6ee93a032ff70e1ca5614e533563d54b569282e18c5c52de5e66699774d
P0002-061	同上	已修复	单字表	删除	ykp	煐				撤扩展字三简，保留全码	2026-09-17T16:27:14	删除 ykp=煐；ykp：煐 → 空	12a5fa0d62faad45f322f9bf55f0dc51e13f74570200d9b7f2a3ef084d7358cc	92440c864760118e55fa45aef0b54b9a4f05d4a8a3ad79ee89bec7ad417c93f7
P0002-062	同上	已修复	字词表	删除	ykp	煐				撤扩展字三简，保留全码	2026-09-17T16:27:14	删除 ykp=煐；ykp：煐、也恐怕 → 也恐怕	806a1d95db70b0c5d206ef86ee4ac317e2cb81f7e2cef4a33d75a5020dad7e6a	665ba6ee93a032ff70e1ca5614e533563d54b569282e18c5c52de5e66699774d
P0002-063	同上	已修复	单字表	删除	hxx	磆				撤扩展字三简，保留全码	2026-09-17T16:27:14	删除 hxx=磆；hxx：磆 → 空	12a5fa0d62faad45f322f9bf55f0dc51e13f74570200d9b7f2a3ef084d7358cc	92440c864760118e55fa45aef0b54b9a4f05d4a8a3ad79ee89bec7ad417c93f7
P0002-064	同上	已修复	字词表	删除	hxx	磆				撤扩展字三简，保留全码	2026-09-17T16:27:14	删除 hxx=磆；hxx：磆、好消息、坏消息 → 好消息、坏消息	806a1d95db70b0c5d206ef86ee4ac317e2cb81f7e2cef4a33d75a5020dad7e6a	665ba6ee93a032ff70e1ca5614e533563d54b569282e18c5c52de5e66699774d
P0002-065	同上	已修复	单字表	删除	ykl	霙				撤扩展字三简，保留全码	2026-09-17T16:27:14	删除 ykl=霙；ykl：霙 → 空	12a5fa0d62faad45f322f9bf55f0dc51e13f74570200d9b7f2a3ef084d7358cc	92440c864760118e55fa45aef0b54b9a4f05d4a8a3ad79ee89bec7ad417c93f7
P0002-066	同上	已修复	字词表	删除	ykl	霙				撤扩展字三简，保留全码	2026-09-17T16:27:14	删除 ykl=霙；ykl：霙、亚克力 → 亚克力	806a1d95db70b0c5d206ef86ee4ac317e2cb81f7e2cef4a33d75a5020dad7e6a	665ba6ee93a032ff70e1ca5614e533563d54b569282e18c5c52de5e66699774d
P0002-067	同上	已修复	单字表	删除	gsw	栱				撤扩展字三简，保留全码	2026-09-17T16:27:14	删除 gsw=栱；gsw：栱 → 空	12a5fa0d62faad45f322f9bf55f0dc51e13f74570200d9b7f2a3ef084d7358cc	92440c864760118e55fa45aef0b54b9a4f05d4a8a3ad79ee89bec7ad417c93f7
P0002-068	同上	已修复	字词表	删除	gsw	栱				撤扩展字三简，保留全码	2026-09-17T16:27:14	删除 gsw=栱；gsw：栱、告诉我 → 告诉我	806a1d95db70b0c5d206ef86ee4ac317e2cb81f7e2cef4a33d75a5020dad7e6a	665ba6ee93a032ff70e1ca5614e533563d54b569282e18c5c52de5e66699774d
P0002-069	同上	已修复	单字表	删除	lyh	崙				撤扩展字三简，保留全码	2026-09-17T16:27:14	删除 lyh=崙；lyh：崙 → 空	12a5fa0d62faad45f322f9bf55f0dc51e13f74570200d9b7f2a3ef084d7358cc	92440c864760118e55fa45aef0b54b9a4f05d4a8a3ad79ee89bec7ad417c93f7
P0002-070	同上	已修复	字词表	删除	lyh	崙				撤扩展字三简，保留全码	2026-09-17T16:27:14	删除 lyh=崙；lyh：崙、了一会、利用好 → 了一会、利用好	806a1d95db70b0c5d206ef86ee4ac317e2cb81f7e2cef4a33d75a5020dad7e6a	665ba6ee93a032ff70e1ca5614e533563d54b569282e18c5c52de5e66699774d
P0002-071	同上	已修复	单字表	删除	bjz	粄				撤扩展字三简，保留全码	2026-09-17T16:27:14	删除 bjz=粄；bjz：粄 → 空	12a5fa0d62faad45f322f9bf55f0dc51e13f74570200d9b7f2a3ef084d7358cc	92440c864760118e55fa45aef0b54b9a4f05d4a8a3ad79ee89bec7ad417c93f7
P0002-072	同上	已修复	字词表	删除	bjz	粄				撤扩展字三简，保留全码	2026-09-17T16:27:14	删除 bjz=粄；bjz：粄、败家子、包饺子 → 败家子、包饺子	806a1d95db70b0c5d206ef86ee4ac317e2cb81f7e2cef4a33d75a5020dad7e6a	665ba6ee93a032ff70e1ca5614e533563d54b569282e18c5c52de5e66699774d
P0002-073	同上	已修复	单字表	删除	jtq	瑴				撤扩展字三简，保留全码	2026-09-17T16:27:14	删除 jtq=瑴；jtq：瑴 → 空	12a5fa0d62faad45f322f9bf55f0dc51e13f74570200d9b7f2a3ef084d7358cc	92440c864760118e55fa45aef0b54b9a4f05d4a8a3ad79ee89bec7ad417c93f7
P0002-074	同上	已修复	字词表	删除	jtq	瑴				撤扩展字三简，保留全码	2026-09-17T16:27:14	删除 jtq=瑴；jtq：瑴、几天前、军体拳 → 几天前、军体拳	806a1d95db70b0c5d206ef86ee4ac317e2cb81f7e2cef4a33d75a5020dad7e6a	665ba6ee93a032ff70e1ca5614e533563d54b569282e18c5c52de5e66699774d
P0002-075	同上	已修复	单字表	删除	yrn	円				撤扩展字三简，保留全码	2026-09-17T16:27:14	删除 yrn=円；yrn：円 → 空	12a5fa0d62faad45f322f9bf55f0dc51e13f74570200d9b7f2a3ef084d7358cc	92440c864760118e55fa45aef0b54b9a4f05d4a8a3ad79ee89bec7ad417c93f7
P0002-076	同上	已修复	字词表	删除	yrn	円				撤扩展字三简，保留全码	2026-09-17T16:27:14	删除 yrn=円；yrn：円、也让你 → 也让你	806a1d95db70b0c5d206ef86ee4ac317e2cb81f7e2cef4a33d75a5020dad7e6a	665ba6ee93a032ff70e1ca5614e533563d54b569282e18c5c52de5e66699774d
P0002-077	同上	已修复	单字表	删除	qbg	螓				撤扩展字三简，保留全码	2026-09-17T16:27:14	删除 qbg=螓；qbg：螓 → 空	12a5fa0d62faad45f322f9bf55f0dc51e13f74570200d9b7f2a3ef084d7358cc	92440c864760118e55fa45aef0b54b9a4f05d4a8a3ad79ee89bec7ad417c93f7
P0002-078	同上	已修复	字词表	删除	qbg	螓				撤扩展字三简，保留全码	2026-09-17T16:27:14	删除 qbg=螓；qbg：螓、七八个、千百个 → 七八个、千百个	806a1d95db70b0c5d206ef86ee4ac317e2cb81f7e2cef4a33d75a5020dad7e6a	665ba6ee93a032ff70e1ca5614e533563d54b569282e18c5c52de5e66699774d
P0002-079	同上	已修复	单字表	删除	div	牴				撤扩展字三简，保留全码	2026-09-17T16:27:14	删除 div=牴；div：牴 → 空	12a5fa0d62faad45f322f9bf55f0dc51e13f74570200d9b7f2a3ef084d7358cc	92440c864760118e55fa45aef0b54b9a4f05d4a8a3ad79ee89bec7ad417c93f7
P0002-080	同上	已修复	字词表	删除	div	牴				撤扩展字三简，保留全码	2026-09-17T16:27:14	删除 div=牴；div：牴、对称轴 → 对称轴	806a1d95db70b0c5d206ef86ee4ac317e2cb81f7e2cef4a33d75a5020dad7e6a	665ba6ee93a032ff70e1ca5614e533563d54b569282e18c5c52de5e66699774d
P0002-081	同上	已修复	单字表	删除	kyw	梱				撤扩展字三简，保留全码	2026-09-17T16:27:14	删除 kyw=梱；kyw：梱 → 空	12a5fa0d62faad45f322f9bf55f0dc51e13f74570200d9b7f2a3ef084d7358cc	92440c864760118e55fa45aef0b54b9a4f05d4a8a3ad79ee89bec7ad417c93f7
P0002-082	同上	已修复	字词表	删除	kyw	梱				撤扩展字三简，保留全码	2026-09-17T16:27:14	删除 kyw=梱；kyw：梱、可以为、康有为 → 可以为、康有为	806a1d95db70b0c5d206ef86ee4ac317e2cb81f7e2cef4a33d75a5020dad7e6a	665ba6ee93a032ff70e1ca5614e533563d54b569282e18c5c52de5e66699774d
P0002-083	同上	已修复	单字表	删除	lsx	鑨				撤扩展字三简，保留全码	2026-09-17T16:27:14	删除 lsx=鑨；lsx：鑨 → 空	12a5fa0d62faad45f322f9bf55f0dc51e13f74570200d9b7f2a3ef084d7358cc	92440c864760118e55fa45aef0b54b9a4f05d4a8a3ad79ee89bec7ad417c93f7
P0002-084	同上	已修复	字词表	删除	lsx	鑨				撤扩展字三简，保留全码	2026-09-17T16:27:14	删除 lsx=鑨；lsx：鑨、老思想 → 老思想	806a1d95db70b0c5d206ef86ee4ac317e2cb81f7e2cef4a33d75a5020dad7e6a	665ba6ee93a032ff70e1ca5614e533563d54b569282e18c5c52de5e66699774d
P0002-085	同上	已修复	单字表	删除	dve	憝				撤扩展字三简，保留全码	2026-09-17T16:27:14	删除 dve=憝；dve：憝 → 空	12a5fa0d62faad45f322f9bf55f0dc51e13f74570200d9b7f2a3ef084d7358cc	92440c864760118e55fa45aef0b54b9a4f05d4a8a3ad79ee89bec7ad417c93f7
P0002-086	同上	已修复	字词表	删除	dve	憝				撤扩展字三简，保留全码	2026-09-17T16:27:14	删除 dve=憝；dve：憝、打转儿 → 打转儿	806a1d95db70b0c5d206ef86ee4ac317e2cb81f7e2cef4a33d75a5020dad7e6a	665ba6ee93a032ff70e1ca5614e533563d54b569282e18c5c52de5e66699774d
P0002-087	同上	已修复	单字表	删除	hlw	榥				撤扩展字三简，保留全码	2026-09-17T16:27:14	删除 hlw=榥；hlw：榥 → 空	12a5fa0d62faad45f322f9bf55f0dc51e13f74570200d9b7f2a3ef084d7358cc	92440c864760118e55fa45aef0b54b9a4f05d4a8a3ad79ee89bec7ad417c93f7
P0002-088	同上	已修复	字词表	删除	hlw	榥				撤扩展字三简，保留全码	2026-09-17T16:27:14	删除 hlw=榥；hlw：榥、互联网、好莱坞 → 互联网、好莱坞	806a1d95db70b0c5d206ef86ee4ac317e2cb81f7e2cef4a33d75a5020dad7e6a	665ba6ee93a032ff70e1ca5614e533563d54b569282e18c5c52de5e66699774d
P0002-089	同上	已修复	单字表	删除	jxl	耞				撤扩展字三简，保留全码	2026-09-17T16:27:14	删除 jxl=耞；jxl：耞 → 空	12a5fa0d62faad45f322f9bf55f0dc51e13f74570200d9b7f2a3ef084d7358cc	92440c864760118e55fa45aef0b54b9a4f05d4a8a3ad79ee89bec7ad417c93f7
P0002-090	同上	已修复	字词表	删除	jxl	耞				撤扩展字三简，保留全码	2026-09-17T16:27:14	删除 jxl=耞；jxl：耞、接下来、教学楼 → 接下来、教学楼	806a1d95db70b0c5d206ef86ee4ac317e2cb81f7e2cef4a33d75a5020dad7e6a	665ba6ee93a032ff70e1ca5614e533563d54b569282e18c5c52de5e66699774d
P0002-091	同上	已修复	单字表	删除	jlq	壃				撤扩展字三简，保留全码	2026-09-17T16:27:14	删除 jlq=壃；jlq：壃 → 空	12a5fa0d62faad45f322f9bf55f0dc51e13f74570200d9b7f2a3ef084d7358cc	92440c864760118e55fa45aef0b54b9a4f05d4a8a3ad79ee89bec7ad417c93f7
P0002-092	同上	已修复	字词表	删除	jlq	壃				撤扩展字三简，保留全码	2026-09-17T16:27:14	删除 jlq=壃；jlq：壃、建立起、就来气 → 建立起、就来气	806a1d95db70b0c5d206ef86ee4ac317e2cb81f7e2cef4a33d75a5020dad7e6a	665ba6ee93a032ff70e1ca5614e533563d54b569282e18c5c52de5e66699774d
P0002-093	同上	已修复	单字表	删除	zdm	菑				撤扩展字三简，保留全码	2026-09-17T16:27:14	删除 zdm=菑；zdm：菑 → 空	12a5fa0d62faad45f322f9bf55f0dc51e13f74570200d9b7f2a3ef084d7358cc	92440c864760118e55fa45aef0b54b9a4f05d4a8a3ad79ee89bec7ad417c93f7
P0002-094	同上	已修复	字词表	删除	zdm	菑				撤扩展字三简，保留全码	2026-09-17T16:27:14	删除 zdm=菑；zdm：菑、自动门 → 自动门	806a1d95db70b0c5d206ef86ee4ac317e2cb81f7e2cef4a33d75a5020dad7e6a	665ba6ee93a032ff70e1ca5614e533563d54b569282e18c5c52de5e66699774d
P0002-095	同上	已修复	单字表	删除	lgb	睖				撤扩展字三简，保留全码	2026-09-17T16:27:14	删除 lgb=睖；lgb：睖 → 空	12a5fa0d62faad45f322f9bf55f0dc51e13f74570200d9b7f2a3ef084d7358cc	92440c864760118e55fa45aef0b54b9a4f05d4a8a3ad79ee89bec7ad417c93f7
P0002-096	同上	已修复	字词表	删除	lgb	睖				撤扩展字三简，保留全码	2026-09-17T16:27:14	删除 lgb=睖；lgb：睖、两个半、老干部 → 两个半、老干部	806a1d95db70b0c5d206ef86ee4ac317e2cb81f7e2cef4a33d75a5020dad7e6a	665ba6ee93a032ff70e1ca5614e533563d54b569282e18c5c52de5e66699774d
P0002-097	同上	已修复	单字表	删除	kxr	骻				撤扩展字三简，保留全码	2026-09-17T16:27:14	删除 kxr=骻；kxr：骻 → 空	12a5fa0d62faad45f322f9bf55f0dc51e13f74570200d9b7f2a3ef084d7358cc	92440c864760118e55fa45aef0b54b9a4f05d4a8a3ad79ee89bec7ad417c93f7
P0002-098	同上	已修复	字词表	删除	kxr	骻				撤扩展字三简，保留全码	2026-09-17T16:27:14	删除 kxr=骻；kxr：骻、可信任 → 可信任	806a1d95db70b0c5d206ef86ee4ac317e2cb81f7e2cef4a33d75a5020dad7e6a	665ba6ee93a032ff70e1ca5614e533563d54b569282e18c5c52de5e66699774d
P0002-099	同上	已修复	单字表	删除	llt	啢				撤扩展字三简，保留全码	2026-09-17T16:27:14	删除 llt=啢；llt：啢 → 空	12a5fa0d62faad45f322f9bf55f0dc51e13f74570200d9b7f2a3ef084d7358cc	92440c864760118e55fa45aef0b54b9a4f05d4a8a3ad79ee89bec7ad417c93f7
P0002-100	同上	已修复	字词表	删除	llt	啢				撤扩展字三简，保留全码	2026-09-17T16:27:14	删除 llt=啢；llt：啢、聊聊天、洛丽塔 → 聊聊天、洛丽塔	806a1d95db70b0c5d206ef86ee4ac317e2cb81f7e2cef4a33d75a5020dad7e6a	665ba6ee93a032ff70e1ca5614e533563d54b569282e18c5c52de5e66699774d
P0002-101	同上	已修复	单字表	删除	kdl	欬				撤扩展字三简，保留全码	2026-09-17T16:27:14	删除 kdl=欬；kdl：欬 → 空	12a5fa0d62faad45f322f9bf55f0dc51e13f74570200d9b7f2a3ef084d7358cc	92440c864760118e55fa45aef0b54b9a4f05d4a8a3ad79ee89bec7ad417c93f7
P0002-102	同上	已修复	字词表	删除	kdl	欬				撤扩展字三简，保留全码	2026-09-17T16:27:14	删除 kdl=欬；kdl：欬、看到了、快到了 → 看到了、快到了	806a1d95db70b0c5d206ef86ee4ac317e2cb81f7e2cef4a33d75a5020dad7e6a	665ba6ee93a032ff70e1ca5614e533563d54b569282e18c5c52de5e66699774d
P0002-103	同上	已修复	单字表	删除	pbh	汖				撤扩展字三简，保留全码	2026-09-17T16:27:14	删除 pbh=汖；pbh：汖 → 空	12a5fa0d62faad45f322f9bf55f0dc51e13f74570200d9b7f2a3ef084d7358cc	92440c864760118e55fa45aef0b54b9a4f05d4a8a3ad79ee89bec7ad417c93f7
P0002-104	同上	已修复	字词表	删除	pbh	汖				撤扩展字三简，保留全码	2026-09-17T16:27:14	删除 pbh=汖；pbh：汖、瀑布汗、屏蔽环 → 瀑布汗、屏蔽环	806a1d95db70b0c5d206ef86ee4ac317e2cb81f7e2cef4a33d75a5020dad7e6a	665ba6ee93a032ff70e1ca5614e533563d54b569282e18c5c52de5e66699774d
P0002-105	同上	已修复	单字表	删除	qqq	坵				撤扩展字三简，保留全码	2026-09-17T16:27:14	删除 qqq=坵；qqq：坵 → 空	12a5fa0d62faad45f322f9bf55f0dc51e13f74570200d9b7f2a3ef084d7358cc	92440c864760118e55fa45aef0b54b9a4f05d4a8a3ad79ee89bec7ad417c93f7
P0002-106	同上	已修复	字词表	删除	qqq	坵				撤扩展字三简，保留全码	2026-09-17T16:27:14	删除 qqq=坵；qqq：坵、轻悄悄、氢气球 → 轻悄悄、氢气球	806a1d95db70b0c5d206ef86ee4ac317e2cb81f7e2cef4a33d75a5020dad7e6a	665ba6ee93a032ff70e1ca5614e533563d54b569282e18c5c52de5e66699774d
P0002-107	同上	已修复	单字表	删除	vsd	祌				撤扩展字三简，保留全码	2026-09-17T16:27:14	删除 vsd=祌；vsd：祌 → 空	12a5fa0d62faad45f322f9bf55f0dc51e13f74570200d9b7f2a3ef084d7358cc	92440c864760118e55fa45aef0b54b9a4f05d4a8a3ad79ee89bec7ad417c93f7
P0002-108	同上	已修复	字词表	删除	vsd	祌				撤扩展字三简，保留全码	2026-09-17T16:27:14	删除 vsd=祌；vsd：祌、住所地 → 住所地	806a1d95db70b0c5d206ef86ee4ac317e2cb81f7e2cef4a33d75a5020dad7e6a	665ba6ee93a032ff70e1ca5614e533563d54b569282e18c5c52de5e66699774d
P0002-109	同上	已修复	单字表	删除	qut	呿				撤扩展字三简，保留全码	2026-09-17T16:27:14	删除 qut=呿；qut：呿 → 空	12a5fa0d62faad45f322f9bf55f0dc51e13f74570200d9b7f2a3ef084d7358cc	92440c864760118e55fa45aef0b54b9a4f05d4a8a3ad79ee89bec7ad417c93f7
P0002-110	同上	已修复	字词表	删除	qut	呿				撤扩展字三简，保留全码	2026-09-17T16:27:14	删除 qut=呿；qut：呿、潜水艇 → 潜水艇	806a1d95db70b0c5d206ef86ee4ac317e2cb81f7e2cef4a33d75a5020dad7e6a	665ba6ee93a032ff70e1ca5614e533563d54b569282e18c5c52de5e66699774d
P0002-111	同上	已修复	单字表	删除	ivx	鎚				撤扩展字三简，保留全码	2026-09-17T16:27:14	删除 ivx=鎚；ivx：鎚 → 空	12a5fa0d62faad45f322f9bf55f0dc51e13f74570200d9b7f2a3ef084d7358cc	92440c864760118e55fa45aef0b54b9a4f05d4a8a3ad79ee89bec7ad417c93f7
P0002-112	同上	已修复	字词表	删除	ivx	鎚				撤扩展字三简，保留全码	2026-09-17T16:27:14	删除 ivx=鎚；ivx：鎚、垂直线 → 垂直线	806a1d95db70b0c5d206ef86ee4ac317e2cb81f7e2cef4a33d75a5020dad7e6a	665ba6ee93a032ff70e1ca5614e533563d54b569282e18c5c52de5e66699774d
P0002-113	同上	已修复	单字表	删除	dzt	唞				撤扩展字三简，保留全码	2026-09-17T16:27:14	删除 dzt=唞；dzt：唞 → 空	12a5fa0d62faad45f322f9bf55f0dc51e13f74570200d9b7f2a3ef084d7358cc	92440c864760118e55fa45aef0b54b9a4f05d4a8a3ad79ee89bec7ad417c93f7
P0002-114	同上	已修复	字词表	删除	dzt	唞				撤扩展字三简，保留全码	2026-09-17T16:27:14	删除 dzt=唞；dzt：唞、大总统、肚子疼 → 大总统、肚子疼	806a1d95db70b0c5d206ef86ee4ac317e2cb81f7e2cef4a33d75a5020dad7e6a	665ba6ee93a032ff70e1ca5614e533563d54b569282e18c5c52de5e66699774d
P0002-115	同上	已修复	单字表	删除	waf	屲				撤扩展字三简，保留全码	2026-09-17T16:27:14	删除 waf=屲；waf：屲 → 空	12a5fa0d62faad45f322f9bf55f0dc51e13f74570200d9b7f2a3ef084d7358cc	92440c864760118e55fa45aef0b54b9a4f05d4a8a3ad79ee89bec7ad417c93f7
P0002-116	同上	已修复	字词表	删除	waf	屲				撤扩展字三简，保留全码	2026-09-17T16:27:14	删除 waf=屲；waf：屲、慰安妇 → 慰安妇	806a1d95db70b0c5d206ef86ee4ac317e2cb81f7e2cef4a33d75a5020dad7e6a	665ba6ee93a032ff70e1ca5614e533563d54b569282e18c5c52de5e66699774d
P0002-117	同上	已修复	单字表	删除	pux	舖				撤扩展字三简，保留全码	2026-09-17T16:27:14	删除 pux=舖；pux：舖 → 空	12a5fa0d62faad45f322f9bf55f0dc51e13f74570200d9b7f2a3ef084d7358cc	92440c864760118e55fa45aef0b54b9a4f05d4a8a3ad79ee89bec7ad417c93f7
P0002-118	同上	已修复	字词表	删除	pux	舖				撤扩展字三简，保留全码	2026-09-17T16:27:14	删除 pux=舖；pux：舖、普适性 → 普适性	806a1d95db70b0c5d206ef86ee4ac317e2cb81f7e2cef4a33d75a5020dad7e6a	665ba6ee93a032ff70e1ca5614e533563d54b569282e18c5c52de5e66699774d
P0002-119	同上	已修复	单字表	删除	lyw	棆				撤扩展字三简，保留全码	2026-09-17T16:27:14	删除 lyw=棆；lyw：棆 → 空	12a5fa0d62faad45f322f9bf55f0dc51e13f74570200d9b7f2a3ef084d7358cc	92440c864760118e55fa45aef0b54b9a4f05d4a8a3ad79ee89bec7ad417c93f7
P0002-120	同上	已修复	字词表	删除	lyw	棆				撤扩展字三简，保留全码	2026-09-17T16:27:14	删除 lyw=棆；lyw：棆、另一位 → 另一位	806a1d95db70b0c5d206ef86ee4ac317e2cb81f7e2cef4a33d75a5020dad7e6a	665ba6ee93a032ff70e1ca5614e533563d54b569282e18c5c52de5e66699774d
P0002-121	同上	已修复	单字表	删除	hjx	鋡				撤扩展字三简，保留全码	2026-09-17T16:27:14	删除 hjx=鋡；hjx：鋡 → 空	12a5fa0d62faad45f322f9bf55f0dc51e13f74570200d9b7f2a3ef084d7358cc	92440c864760118e55fa45aef0b54b9a4f05d4a8a3ad79ee89bec7ad417c93f7
P0002-122	同上	已修复	字词表	删除	hjx	鋡				撤扩展字三简，保留全码	2026-09-17T16:27:14	删除 hjx=鋡；hjx：鋡、环境下、好记性 → 环境下、好记性	806a1d95db70b0c5d206ef86ee4ac317e2cb81f7e2cef4a33d75a5020dad7e6a	665ba6ee93a032ff70e1ca5614e533563d54b569282e18c5c52de5e66699774d
P0002-123	同上	已修复	单字表	删除	mmj	宀				撤扩展字三简，保留全码	2026-09-17T16:27:14	删除 mmj=宀；mmj：宀 → 空	12a5fa0d62faad45f322f9bf55f0dc51e13f74570200d9b7f2a3ef084d7358cc	92440c864760118e55fa45aef0b54b9a4f05d4a8a3ad79ee89bec7ad417c93f7
P0002-124	同上	已修复	字词表	删除	mmj	宀				撤扩展字三简，保留全码	2026-09-17T16:27:14	删除 mmj=宀；mmj：宀、明明就、慢慢就 → 明明就、慢慢就	806a1d95db70b0c5d206ef86ee4ac317e2cb81f7e2cef4a33d75a5020dad7e6a	665ba6ee93a032ff70e1ca5614e533563d54b569282e18c5c52de5e66699774d
P0002-125	同上	已修复	单字表	删除	ujx	鐥				撤扩展字三简，保留全码	2026-09-17T16:27:14	删除 ujx=鐥；ujx：鐥 → 空	12a5fa0d62faad45f322f9bf55f0dc51e13f74570200d9b7f2a3ef084d7358cc	92440c864760118e55fa45aef0b54b9a4f05d4a8a3ad79ee89bec7ad417c93f7
P0002-126	同上	已修复	字词表	删除	ujx	鐥				撤扩展字三简，保留全码	2026-09-17T16:27:14	删除 ujx=鐥；ujx：鐥、山脚下、上进心 → 山脚下、上进心	806a1d95db70b0c5d206ef86ee4ac317e2cb81f7e2cef4a33d75a5020dad7e6a	665ba6ee93a032ff70e1ca5614e533563d54b569282e18c5c52de5e66699774d
P0002-127	同上	已修复	单字表	删除	vlm	莊				撤扩展字三简，保留全码	2026-09-17T16:27:14	删除 vlm=莊；vlm：莊 → 空	12a5fa0d62faad45f322f9bf55f0dc51e13f74570200d9b7f2a3ef084d7358cc	92440c864760118e55fa45aef0b54b9a4f05d4a8a3ad79ee89bec7ad417c93f7
P0002-128	同上	已修复	字词表	删除	vlm	莊				撤扩展字三简，保留全码	2026-09-17T16:27:14	删除 vlm=莊；vlm：莊、真浪漫、这里面 → 真浪漫、这里面	806a1d95db70b0c5d206ef86ee4ac317e2cb81f7e2cef4a33d75a5020dad7e6a	665ba6ee93a032ff70e1ca5614e533563d54b569282e18c5c52de5e66699774d
P0002-129	同上	已修复	单字表	删除	xmx	仚				撤扩展字三简，保留全码	2026-09-17T16:27:14	删除 xmx=仚；xmx：仚 → 空	12a5fa0d62faad45f322f9bf55f0dc51e13f74570200d9b7f2a3ef084d7358cc	92440c864760118e55fa45aef0b54b9a4f05d4a8a3ad79ee89bec7ad417c93f7
P0002-130	同上	已修复	字词表	删除	xmx	仚				撤扩展字三简，保留全码	2026-09-17T16:27:14	删除 xmx=仚；xmx：仚、小魔仙 → 小魔仙	806a1d95db70b0c5d206ef86ee4ac317e2cb81f7e2cef4a33d75a5020dad7e6a	665ba6ee93a032ff70e1ca5614e533563d54b569282e18c5c52de5e66699774d
P0002-131	同上	已修复	单字表	删除	ykh	籯				撤扩展字三简，保留全码	2026-09-17T16:27:14	删除 ykh=籯；ykh：籯 → 空	12a5fa0d62faad45f322f9bf55f0dc51e13f74570200d9b7f2a3ef084d7358cc	92440c864760118e55fa45aef0b54b9a4f05d4a8a3ad79ee89bec7ad417c93f7
P0002-132	同上	已修复	字词表	删除	ykh	籯				撤扩展字三简，保留全码	2026-09-17T16:27:14	删除 ykh=籯；ykh：籯、圆括号 → 圆括号	806a1d95db70b0c5d206ef86ee4ac317e2cb81f7e2cef4a33d75a5020dad7e6a	665ba6ee93a032ff70e1ca5614e533563d54b569282e18c5c52de5e66699774d
P0002-133	同上	已修复	单字表	删除	lcg	蛯				撤扩展字三简，保留全码	2026-09-17T16:27:14	删除 lcg=蛯；lcg：蛯 → 空	12a5fa0d62faad45f322f9bf55f0dc51e13f74570200d9b7f2a3ef084d7358cc	92440c864760118e55fa45aef0b54b9a4f05d4a8a3ad79ee89bec7ad417c93f7
P0002-134	同上	已修复	字词表	删除	lcg	蛯				撤扩展字三简，保留全码	2026-09-17T16:27:14	删除 lcg=蛯；lcg：蛯、冷藏柜、来次够 → 冷藏柜、来次够	806a1d95db70b0c5d206ef86ee4ac317e2cb81f7e2cef4a33d75a5020dad7e6a	665ba6ee93a032ff70e1ca5614e533563d54b569282e18c5c52de5e66699774d
P0002-135	同上	已修复	单字表	删除	ziv	牸				撤扩展字三简，保留全码	2026-09-17T16:27:14	删除 ziv=牸；ziv：牸 → 空	12a5fa0d62faad45f322f9bf55f0dc51e13f74570200d9b7f2a3ef084d7358cc	92440c864760118e55fa45aef0b54b9a4f05d4a8a3ad79ee89bec7ad417c93f7
P0002-136	同上	已修复	字词表	删除	ziv	牸				撤扩展字三简，保留全码	2026-09-17T16:27:14	删除 ziv=牸；ziv：牸、总产值 → 总产值	806a1d95db70b0c5d206ef86ee4ac317e2cb81f7e2cef4a33d75a5020dad7e6a	665ba6ee93a032ff70e1ca5614e533563d54b569282e18c5c52de5e66699774d
P0002-137	同上	已修复	单字表	删除	tml	靦				撤扩展字三简，保留全码	2026-09-17T16:27:14	删除 tml=靦；tml：靦 → 空	12a5fa0d62faad45f322f9bf55f0dc51e13f74570200d9b7f2a3ef084d7358cc	92440c864760118e55fa45aef0b54b9a4f05d4a8a3ad79ee89bec7ad417c93f7
P0002-138	同上	已修复	字词表	删除	tml	靦				撤扩展字三简，保留全码	2026-09-17T16:27:14	删除 tml=靦；tml：靦、他们俩、他们连 → 他们俩、他们连	806a1d95db70b0c5d206ef86ee4ac317e2cb81f7e2cef4a33d75a5020dad7e6a	665ba6ee93a032ff70e1ca5614e533563d54b569282e18c5c52de5e66699774d
P0002-139	同上	已修复	单字表	删除	biz	粃				撤扩展字三简，保留全码	2026-09-17T16:27:14	删除 biz=粃；biz：粃 → 空	12a5fa0d62faad45f322f9bf55f0dc51e13f74570200d9b7f2a3ef084d7358cc	92440c864760118e55fa45aef0b54b9a4f05d4a8a3ad79ee89bec7ad417c93f7
P0002-140	同上	已修复	字词表	删除	biz	粃				撤扩展字三简，保留全码	2026-09-17T16:27:14	删除 biz=粃；biz：粃、被称作 → 被称作	806a1d95db70b0c5d206ef86ee4ac317e2cb81f7e2cef4a33d75a5020dad7e6a	665ba6ee93a032ff70e1ca5614e533563d54b569282e18c5c52de5e66699774d
P0002-141	同上	已修复	单字表	删除	mux	鉧				撤扩展字三简，保留全码	2026-09-17T16:27:14	删除 mux=鉧；mux：鉧 → 空	12a5fa0d62faad45f322f9bf55f0dc51e13f74570200d9b7f2a3ef084d7358cc	92440c864760118e55fa45aef0b54b9a4f05d4a8a3ad79ee89bec7ad417c93f7
P0002-142	同上	已修复	字词表	删除	mux	鉧				撤扩展字三简，保留全码	2026-09-17T16:27:14	删除 mux=鉧；mux：鉧、描述性 → 描述性	806a1d95db70b0c5d206ef86ee4ac317e2cb81f7e2cef4a33d75a5020dad7e6a	665ba6ee93a032ff70e1ca5614e533563d54b569282e18c5c52de5e66699774d
P0002-143	同上	已修复	单字表	删除	dkw	椗				撤扩展字三简，保留全码	2026-09-17T16:27:14	删除 dkw=椗；dkw：椗 → 空	12a5fa0d62faad45f322f9bf55f0dc51e13f74570200d9b7f2a3ef084d7358cc	92440c864760118e55fa45aef0b54b9a4f05d4a8a3ad79ee89bec7ad417c93f7
P0002-144	同上	已修复	字词表	删除	dkw	椗				撤扩展字三简，保留全码	2026-09-17T16:27:14	删除 dkw=椗；dkw：椗、读课文 → 读课文	806a1d95db70b0c5d206ef86ee4ac317e2cb81f7e2cef4a33d75a5020dad7e6a	665ba6ee93a032ff70e1ca5614e533563d54b569282e18c5c52de5e66699774d
P0002-145	同上	已修复	单字表	删除	fzs	妚				撤扩展字三简，保留全码	2026-09-17T16:27:14	删除 fzs=妚；fzs：妚 → 空	12a5fa0d62faad45f322f9bf55f0dc51e13f74570200d9b7f2a3ef084d7358cc	92440c864760118e55fa45aef0b54b9a4f05d4a8a3ad79ee89bec7ad417c93f7
P0002-146	同上	已修复	字词表	删除	fzs	妚				撤扩展字三简，保留全码	2026-09-17T16:27:14	删除 fzs=妚；fzs：妚、分组赛 → 分组赛	806a1d95db70b0c5d206ef86ee4ac317e2cb81f7e2cef4a33d75a5020dad7e6a	665ba6ee93a032ff70e1ca5614e533563d54b569282e18c5c52de5e66699774d
P0002-147	同上	已修复	单字表	删除	gsq	塨				撤扩展字三简，保留全码	2026-09-17T16:27:14	删除 gsq=塨；gsq：塨 → 空	12a5fa0d62faad45f322f9bf55f0dc51e13f74570200d9b7f2a3ef084d7358cc	92440c864760118e55fa45aef0b54b9a4f05d4a8a3ad79ee89bec7ad417c93f7
P0002-148	同上	已修复	字词表	删除	gsq	塨				撤扩展字三简，保留全码	2026-09-17T16:27:14	删除 gsq=塨；gsq：塨、钢丝球 → 钢丝球	806a1d95db70b0c5d206ef86ee4ac317e2cb81f7e2cef4a33d75a5020dad7e6a	665ba6ee93a032ff70e1ca5614e533563d54b569282e18c5c52de5e66699774d
P0002-149	同上	已修复	单字表	删除	daj	龘				撤扩展字三简，保留全码	2026-09-17T16:27:14	删除 daj=龘；daj：龘 → 空	12a5fa0d62faad45f322f9bf55f0dc51e13f74570200d9b7f2a3ef084d7358cc	92440c864760118e55fa45aef0b54b9a4f05d4a8a3ad79ee89bec7ad417c93f7
P0002-150	同上	已修复	字词表	删除	daj	龘				撤扩展字三简，保留全码	2026-09-17T16:27:14	删除 daj=龘；daj：龘、档案夹、档案局 → 档案夹、档案局	806a1d95db70b0c5d206ef86ee4ac317e2cb81f7e2cef4a33d75a5020dad7e6a	665ba6ee93a032ff70e1ca5614e533563d54b569282e18c5c52de5e66699774d
P0002-151	同上	已修复	单字表	删除	hjf	譀				撤扩展字三简，保留全码	2026-09-17T16:27:14	删除 hjf=譀；hjf：譀 → 空	12a5fa0d62faad45f322f9bf55f0dc51e13f74570200d9b7f2a3ef084d7358cc	92440c864760118e55fa45aef0b54b9a4f05d4a8a3ad79ee89bec7ad417c93f7
P0002-152	同上	已修复	字词表	删除	hjf	譀				撤扩展字三简，保留全码	2026-09-17T16:27:14	删除 hjf=譀；hjf：譀、胡椒粉、海景房 → 胡椒粉、海景房	806a1d95db70b0c5d206ef86ee4ac317e2cb81f7e2cef4a33d75a5020dad7e6a	665ba6ee93a032ff70e1ca5614e533563d54b569282e18c5c52de5e66699774d
P0002-153	同上	已修复	单字表	删除	hxh	崋				撤扩展字三简，保留全码	2026-09-17T16:27:14	删除 hxh=崋；hxh：崋 → 空	12a5fa0d62faad45f322f9bf55f0dc51e13f74570200d9b7f2a3ef084d7358cc	92440c864760118e55fa45aef0b54b9a4f05d4a8a3ad79ee89bec7ad417c93f7
P0002-154	同上	已修复	字词表	删除	hxh	崋				撤扩展字三简，保留全码	2026-09-17T16:27:14	删除 hxh=崋；hxh：崋、很喜欢、或许会 → 很喜欢、或许会	806a1d95db70b0c5d206ef86ee4ac317e2cb81f7e2cef4a33d75a5020dad7e6a	665ba6ee93a032ff70e1ca5614e533563d54b569282e18c5c52de5e66699774d
P0002-155	同上	已修复	单字表	删除	lbj	冧				撤扩展字三简，保留全码	2026-09-17T16:27:14	删除 lbj=冧；lbj：冧 → 空	12a5fa0d62faad45f322f9bf55f0dc51e13f74570200d9b7f2a3ef084d7358cc	92440c864760118e55fa45aef0b54b9a4f05d4a8a3ad79ee89bec7ad417c93f7
P0002-156	同上	已修复	字词表	删除	lbj	冧				撤扩展字三简，保留全码	2026-09-17T16:27:14	删除 lbj=冧；lbj：冧、来不及、零部件 → 来不及、零部件	806a1d95db70b0c5d206ef86ee4ac317e2cb81f7e2cef4a33d75a5020dad7e6a	665ba6ee93a032ff70e1ca5614e533563d54b569282e18c5c52de5e66699774d
P0002-157	同上	已修复	单字表	删除	pkx	砯				撤扩展字三简，保留全码	2026-09-17T16:27:14	删除 pkx=砯；pkx：砯 → 空	12a5fa0d62faad45f322f9bf55f0dc51e13f74570200d9b7f2a3ef084d7358cc	92440c864760118e55fa45aef0b54b9a4f05d4a8a3ad79ee89bec7ad417c93f7
P0002-158	同上	已修复	字词表	删除	pkx	砯				撤扩展字三简，保留全码	2026-09-17T16:27:14	删除 pkx=砯；pkx：砯、贫困县 → 贫困县	806a1d95db70b0c5d206ef86ee4ac317e2cb81f7e2cef4a33d75a5020dad7e6a	665ba6ee93a032ff70e1ca5614e533563d54b569282e18c5c52de5e66699774d
P0002-159	同上	已修复	单字表	删除	ugw	枡				撤扩展字三简，保留全码	2026-09-17T16:27:14	删除 ugw=枡；ugw：枡 → 空	12a5fa0d62faad45f322f9bf55f0dc51e13f74570200d9b7f2a3ef084d7358cc	92440c864760118e55fa45aef0b54b9a4f05d4a8a3ad79ee89bec7ad417c93f7
P0002-160	同上	已修复	字词表	删除	ugw	枡				撤扩展字三简，保留全码	2026-09-17T16:27:14	删除 ugw=枡；ugw：枡、双冠王 → 双冠王	806a1d95db70b0c5d206ef86ee4ac317e2cb81f7e2cef4a33d75a5020dad7e6a	665ba6ee93a032ff70e1ca5614e533563d54b569282e18c5c52de5e66699774d
P0002-161	同上	已修复	单字表	删除	xxm	蕸				撤扩展字三简，保留全码	2026-09-17T16:27:14	删除 xxm=蕸；xxm：蕸 → 空	12a5fa0d62faad45f322f9bf55f0dc51e13f74570200d9b7f2a3ef084d7358cc	92440c864760118e55fa45aef0b54b9a4f05d4a8a3ad79ee89bec7ad417c93f7
P0002-162	同上	已修复	字词表	删除	xxm	蕸				撤扩展字三简，保留全码	2026-09-17T16:27:14	删除 xxm=蕸；xxm：蕸、新项目、小熊猫 → 新项目、小熊猫	806a1d95db70b0c5d206ef86ee4ac317e2cb81f7e2cef4a33d75a5020dad7e6a	665ba6ee93a032ff70e1ca5614e533563d54b569282e18c5c52de5e66699774d
P0002-163	同上	已修复	字词表	新增			kyh	开洋荤		放回 2026-09-16 被扩展字占位挤出的三字简词，排最后	2026-09-17T16:27:14	新增 kyh,3=开洋荤 → 口语化、抗氧化、开洋荤	806a1d95db70b0c5d206ef86ee4ac317e2cb81f7e2cef4a33d75a5020dad7e6a	665ba6ee93a032ff70e1ca5614e533563d54b569282e18c5c52de5e66699774d
P0002-164	同上	已修复	字词表	新增			lhx	轮滑鞋		放回 2026-09-16 被扩展字占位挤出的三字简词，排最后	2026-09-17T16:27:14	新增 lhx,3=轮滑鞋 → 灵活性、流行性、轮滑鞋	806a1d95db70b0c5d206ef86ee4ac317e2cb81f7e2cef4a33d75a5020dad7e6a	665ba6ee93a032ff70e1ca5614e533563d54b569282e18c5c52de5e66699774d
P0002-165	同上	已修复	字词表	新增			xyg	像一个		放回 2026-09-16 被扩展字占位挤出的三字简词，排最后	2026-09-17T16:27:14	新增 xyg,3=像一个 → 下一个、谐音梗、像一个	806a1d95db70b0c5d206ef86ee4ac317e2cb81f7e2cef4a33d75a5020dad7e6a	665ba6ee93a032ff70e1ca5614e533563d54b569282e18c5c52de5e66699774d
P0002-166	同上	已修复	字词表	新增			gyl	公园里		放回 2026-09-16 被扩展字占位挤出的三字简词，排最后	2026-09-17T16:27:14	新增 gyl,3=公园里 → 给予了、够用了、公园里	806a1d95db70b0c5d206ef86ee4ac317e2cb81f7e2cef4a33d75a5020dad7e6a	665ba6ee93a032ff70e1ca5614e533563d54b569282e18c5c52de5e66699774d
P0002-167	同上	已修复	字词表	新增			dht	大会堂		放回 2026-09-16 被扩展字占位挤出的三字简词，排最后	2026-09-17T16:27:14	新增 dht,3=大会堂 → 大后天、电话亭、大会堂	806a1d95db70b0c5d206ef86ee4ac317e2cb81f7e2cef4a33d75a5020dad7e6a	665ba6ee93a032ff70e1ca5614e533563d54b569282e18c5c52de5e66699774d
P0002-168	同上	已修复	字词表	新增			whq	外汇券		放回 2026-09-16 被扩展字占位挤出的三字简词，排最后	2026-09-17T16:27:14	新增 whq,3=外汇券 → 未婚妻、文化圈、外汇券	806a1d95db70b0c5d206ef86ee4ac317e2cb81f7e2cef4a33d75a5020dad7e6a	665ba6ee93a032ff70e1ca5614e533563d54b569282e18c5c52de5e66699774d
P0002-169	同上	已修复	字词表	新增			tyx	通用性		放回 2026-09-16 被扩展字占位挤出的三字简词，排最后	2026-09-17T16:27:14	新增 tyx,3=通用性 → 太阳穴、太阳系、通用性	806a1d95db70b0c5d206ef86ee4ac317e2cb81f7e2cef4a33d75a5020dad7e6a	665ba6ee93a032ff70e1ca5614e533563d54b569282e18c5c52de5e66699774d
P0002-170	同上	已修复	字词表	新增			muq	莫生气		放回 2026-09-16 被扩展字占位挤出的三字简词，排最后	2026-09-17T16:27:14	新增 muq,3=莫生气 → 卖身契、没事情、莫生气	806a1d95db70b0c5d206ef86ee4ac317e2cb81f7e2cef4a33d75a5020dad7e6a	665ba6ee93a032ff70e1ca5614e533563d54b569282e18c5c52de5e66699774d
P0002-171	同上	已修复	字词表	新增			djp	登机牌		放回 2026-09-16 被扩展字占位挤出的三字简词，排最后	2026-09-17T16:27:14	新增 djp,3=登机牌 → 挡箭牌、订机票、登机牌	806a1d95db70b0c5d206ef86ee4ac317e2cb81f7e2cef4a33d75a5020dad7e6a	665ba6ee93a032ff70e1ca5614e533563d54b569282e18c5c52de5e66699774d
P0002-172	同上	已修复	字词表	新增			hxx	黑猩猩		放回 2026-09-16 被扩展字占位挤出的三字简词，排最后	2026-09-17T16:27:14	新增 hxx,3=黑猩猩 → 好消息、坏消息、黑猩猩	806a1d95db70b0c5d206ef86ee4ac317e2cb81f7e2cef4a33d75a5020dad7e6a	665ba6ee93a032ff70e1ca5614e533563d54b569282e18c5c52de5e66699774d
P0002-173	同上	已修复	字词表	新增			lyh	老用户		放回 2026-09-16 被扩展字占位挤出的三字简词，排最后	2026-09-17T16:27:14	新增 lyh,3=老用户 → 了一会、利用好、老用户	806a1d95db70b0c5d206ef86ee4ac317e2cb81f7e2cef4a33d75a5020dad7e6a	665ba6ee93a032ff70e1ca5614e533563d54b569282e18c5c52de5e66699774d
P0002-174	同上	已修复	字词表	新增			bjz	摆架子		放回 2026-09-16 被扩展字占位挤出的三字简词，排最后	2026-09-17T16:27:14	新增 bjz,3=摆架子 → 败家子、包饺子、摆架子	806a1d95db70b0c5d206ef86ee4ac317e2cb81f7e2cef4a33d75a5020dad7e6a	665ba6ee93a032ff70e1ca5614e533563d54b569282e18c5c52de5e66699774d
P0002-175	同上	已修复	字词表	新增			jtq	监听器		放回 2026-09-16 被扩展字占位挤出的三字简词，排最后	2026-09-17T16:27:14	新增 jtq,3=监听器 → 几天前、军体拳、监听器	806a1d95db70b0c5d206ef86ee4ac317e2cb81f7e2cef4a33d75a5020dad7e6a	665ba6ee93a032ff70e1ca5614e533563d54b569282e18c5c52de5e66699774d
P0002-176	同上	已修复	字词表	新增			qbg	气不过		放回 2026-09-16 被扩展字占位挤出的三字简词，排最后	2026-09-17T16:27:14	新增 qbg,3=气不过 → 七八个、千百个、气不过	806a1d95db70b0c5d206ef86ee4ac317e2cb81f7e2cef4a33d75a5020dad7e6a	665ba6ee93a032ff70e1ca5614e533563d54b569282e18c5c52de5e66699774d
P0002-177	同上	已修复	字词表	新增			hlw	葫芦娃		放回 2026-09-16 被扩展字占位挤出的三字简词，排最后	2026-09-17T16:27:14	新增 hlw,3=葫芦娃 → 互联网、好莱坞、葫芦娃	806a1d95db70b0c5d206ef86ee4ac317e2cb81f7e2cef4a33d75a5020dad7e6a	665ba6ee93a032ff70e1ca5614e533563d54b569282e18c5c52de5e66699774d
P0002-178	同上	已修复	字词表	新增			jxl	静下来		放回 2026-09-16 被扩展字占位挤出的三字简词，排最后	2026-09-17T16:27:14	新增 jxl,3=静下来 → 接下来、教学楼、静下来	806a1d95db70b0c5d206ef86ee4ac317e2cb81f7e2cef4a33d75a5020dad7e6a	665ba6ee93a032ff70e1ca5614e533563d54b569282e18c5c52de5e66699774d
P0002-179	同上	已修复	字词表	新增			jlq	交了钱		放回 2026-09-16 被扩展字占位挤出的三字简词，排最后	2026-09-17T16:27:14	新增 jlq,3=交了钱 → 建立起、就来气、交了钱	806a1d95db70b0c5d206ef86ee4ac317e2cb81f7e2cef4a33d75a5020dad7e6a	665ba6ee93a032ff70e1ca5614e533563d54b569282e18c5c52de5e66699774d
P0002-180	同上	已修复	字词表	新增			llt	乱了套		放回 2026-09-16 被扩展字占位挤出的三字简词，排最后	2026-09-17T16:27:14	新增 llt,3=乱了套 → 聊聊天、洛丽塔、乱了套	806a1d95db70b0c5d206ef86ee4ac317e2cb81f7e2cef4a33d75a5020dad7e6a	665ba6ee93a032ff70e1ca5614e533563d54b569282e18c5c52de5e66699774d
P0002-181	同上	已修复	字词表	新增			kdl	口袋里		放回 2026-09-16 被扩展字占位挤出的三字简词，排最后	2026-09-17T16:27:14	新增 kdl,3=口袋里 → 看到了、快到了、口袋里	806a1d95db70b0c5d206ef86ee4ac317e2cb81f7e2cef4a33d75a5020dad7e6a	665ba6ee93a032ff70e1ca5614e533563d54b569282e18c5c52de5e66699774d
P0002-182	同上	已修复	字词表	新增			dzt	肚子痛		放回 2026-09-16 被扩展字占位挤出的三字简词，排最后	2026-09-17T16:27:14	新增 dzt,3=肚子痛 → 大总统、肚子疼、肚子痛	806a1d95db70b0c5d206ef86ee4ac317e2cb81f7e2cef4a33d75a5020dad7e6a	665ba6ee93a032ff70e1ca5614e533563d54b569282e18c5c52de5e66699774d
P0002-183	同上	已修复	字词表	新增			ujx	数据线		放回 2026-09-16 被扩展字占位挤出的三字简词，排最后	2026-09-17T16:27:14	新增 ujx,3=数据线 → 山脚下、上进心、数据线	806a1d95db70b0c5d206ef86ee4ac317e2cb81f7e2cef4a33d75a5020dad7e6a	665ba6ee93a032ff70e1ca5614e533563d54b569282e18c5c52de5e66699774d
P0002-184	同上	已修复	字词表	新增			tml	他们来		放回 2026-09-16 被扩展字占位挤出的三字简词，排最后	2026-09-17T16:27:14	新增 tml,3=他们来 → 他们俩、他们连、他们来	806a1d95db70b0c5d206ef86ee4ac317e2cb81f7e2cef4a33d75a5020dad7e6a	665ba6ee93a032ff70e1ca5614e533563d54b569282e18c5c52de5e66699774d
P0002-185	同上	已修复	字词表	新增			hxh	好像很		放回 2026-09-16 被扩展字占位挤出的三字简词，排最后	2026-09-17T16:27:14	新增 hxh,3=好像很 → 很喜欢、或许会、好像很	806a1d95db70b0c5d206ef86ee4ac317e2cb81f7e2cef4a33d75a5020dad7e6a	665ba6ee93a032ff70e1ca5614e533563d54b569282e18c5c52de5e66699774d
P0002-186	同上	已修复	字词表	新增			lbj	老北京		放回 2026-09-16 被扩展字占位挤出的三字简词，排最后	2026-09-17T16:27:14	新增 lbj,3=老北京 → 来不及、零部件、老北京	806a1d95db70b0c5d206ef86ee4ac317e2cb81f7e2cef4a33d75a5020dad7e6a	665ba6ee93a032ff70e1ca5614e533563d54b569282e18c5c52de5e66699774d
P0004-01	虎娘 user.tcu 第二批：你在虎娘里调频/造的词	已修复	字词表	新增			ycbj	耀斑	1	你选的词提首选，腰板顺延	2026-09-17T21:30:38	新增 ycbj,1=耀斑 → 耀斑、腰板	665ba6ee93a032ff70e1ca5614e533563d54b569282e18c5c52de5e66699774d	724caec35e0de04da24f8293e2350b49b41273a0d084b63ecc3d5c405706cba5
P0004-02	同上	已修复	字词表	调序	yryh	原样			1	你选的词提首选，鸳鸯顺延	2026-09-17T21:30:38	调序 yryh：鸳鸯、原样 → 原样、鸳鸯	665ba6ee93a032ff70e1ca5614e533563d54b569282e18c5c52de5e66699774d	724caec35e0de04da24f8293e2350b49b41273a0d084b63ecc3d5c405706cba5
P0004-03	同上	已修复	字词表	新增			sygr	损管		空码位，直接补	2026-09-17T21:30:38	新增 sygr,1=损管 → 损管	665ba6ee93a032ff70e1ca5614e533563d54b569282e18c5c52de5e66699774d	724caec35e0de04da24f8293e2350b49b41273a0d084b63ecc3d5c405706cba5
P0004-04	同上	已修复	字词表	新增			izka	抽卡		空码位，直接补	2026-09-17T21:30:38	新增 izka,1=抽卡 → 抽卡	665ba6ee93a032ff70e1ca5614e533563d54b569282e18c5c52de5e66699774d	724caec35e0de04da24f8293e2350b49b41273a0d084b63ecc3d5c405706cba5
P0004-05	同上	已修复	字词表	新增			ailb	艾琳		空码位，直接补	2026-09-17T21:30:38	新增 ailb,1=艾琳 → 艾琳	665ba6ee93a032ff70e1ca5614e533563d54b569282e18c5c52de5e66699774d	724caec35e0de04da24f8293e2350b49b41273a0d084b63ecc3d5c405706cba5
P0004-06	同上	已修复	字词表	新增			jvgz	巨构		你的科幻专用词；走 jv 容错码位，不占 jugz（技术改造、搅屎棍子）	2026-09-17T21:30:38	新增 jvgz,1=巨构 → 巨构	665ba6ee93a032ff70e1ca5614e533563d54b569282e18c5c52de5e66699774d	724caec35e0de04da24f8293e2350b49b41273a0d084b63ecc3d5c405706cba5
P0005-01	仍有一些错拆字，比如含曲的字，仍然被错误的拆成了由和竖	已修复	单字表	改码	nspz	農	nsjz			群友反馈含曲的字错拆成由+丨；曲部件统一改为囗+横+丨+丨（与曲本字一致），首根 由(p)→囗(j)；新码位为空位	2026-09-21T19:58:17	改码 農：nspz → nsjz,1；nsjz：農	92440c864760118e55fa45aef0b54b9a4f05d4a8a3ad79ee89bec7ad417c93f7	ced8998ca490fd980186264c04bb8f08d3870a5fb53ea3d163ccf8e15ef74c67
P0005-02	仍有一些错拆字，比如含曲的字，仍然被错误的拆成了由和竖	已修复	字词表	改码	nspz	農	nsjz			群友反馈含曲的字错拆成由+丨；曲部件统一改为囗+横+丨+丨（与曲本字一致），首根 由(p)→囗(j)；新码位为空位	2026-09-21T19:58:17	改码 農：nspz → nsjz,1；nsjz：農	724caec35e0de04da24f8293e2350b49b41273a0d084b63ecc3d5c405706cba5	9d3fcc15e0d5dff066629e8c2dbdbb7f4e5c21b38e9e5ef6c0a3e3f5192ae1c2
P0005-03	仍有一些错拆字，比如含曲的字，仍然被错误的拆成了由和竖	已修复	单字表	改码	fgpy	鄷	fgjy			群友反馈含曲的字错拆成由+丨；曲部件统一改为囗+横+丨+丨（与曲本字一致），首根 由(p)→囗(j)；新码位为空位	2026-09-21T19:58:17	改码 鄷：fgpy → fgjy,1；fgjy：鄷	92440c864760118e55fa45aef0b54b9a4f05d4a8a3ad79ee89bec7ad417c93f7	ced8998ca490fd980186264c04bb8f08d3870a5fb53ea3d163ccf8e15ef74c67
P0005-04	仍有一些错拆字，比如含曲的字，仍然被错误的拆成了由和竖	已修复	字词表	改码	fgpy	鄷	fgjy			群友反馈含曲的字错拆成由+丨；曲部件统一改为囗+横+丨+丨（与曲本字一致），首根 由(p)→囗(j)；新码位为空位	2026-09-21T19:58:17	改码 鄷：fgpy → fgjy,1；fgjy：鄷	724caec35e0de04da24f8293e2350b49b41273a0d084b63ecc3d5c405706cba5	9d3fcc15e0d5dff066629e8c2dbdbb7f4e5c21b38e9e5ef6c0a3e3f5192ae1c2
P0006-01	排查是否存在其他人为规定拆分的字有类似问题	已修复	单字表	改码	irbg	剶	irpg			人工拆分规则漏传播（彖）；补齐后首末根变化，编码跟随；新码位为空位	2026-09-21T21:34:05	改码 剶：irbg → irpg,1；irpg：剶	ced8998ca490fd980186264c04bb8f08d3870a5fb53ea3d163ccf8e15ef74c67	8b407f2b48d6aafa8242fe7d8c201780ce4003d3628cb2eeb2577c030b818dd6
P0006-02	排查是否存在其他人为规定拆分的字有类似问题	已修复	字词表	改码	irbg	剶	irpg			人工拆分规则漏传播（彖）；补齐后首末根变化，编码跟随；新码位为空位	2026-09-21T21:34:05	改码 剶：irbg → irpg,2；irpg：船篷、剶	9d3fcc15e0d5dff066629e8c2dbdbb7f4e5c21b38e9e5ef6c0a3e3f5192ae1c2	db6c59881ff5d77686fbe04035c0d329704e34484c05efcf97800d867bf77f5b
P0006-03	排查是否存在其他人为规定拆分的字有类似问题	已修复	单字表	改码	libg	劙	lipg			人工拆分规则漏传播（彖 蠡）；补齐后首末根变化，编码跟随；新码位为空位	2026-09-21T21:34:05	改码 劙：libg → lipg,2；lipg：蠡、劙	ced8998ca490fd980186264c04bb8f08d3870a5fb53ea3d163ccf8e15ef74c67	8b407f2b48d6aafa8242fe7d8c201780ce4003d3628cb2eeb2577c030b818dd6
P0006-04	排查是否存在其他人为规定拆分的字有类似问题	已修复	字词表	改码	libg	劙	lipg			人工拆分规则漏传播（彖 蠡）；补齐后首末根变化，编码跟随；新码位为空位	2026-09-21T21:34:05	改码 劙：libg → lipg,3；lipg：蠡、力捧、劙	9d3fcc15e0d5dff066629e8c2dbdbb7f4e5c21b38e9e5ef6c0a3e3f5192ae1c2	db6c59881ff5d77686fbe04035c0d329704e34484c05efcf97800d867bf77f5b
P0006-05	排查是否存在其他人为规定拆分的字有类似问题	已修复	单字表	改码	yjwt	椼	yjwa			人工拆分规则漏传播（衍）；补齐后首末根变化，编码跟随；新码位为空位	2026-09-21T21:34:05	改码 椼：yjwt → yjwa,1；yjwa：椼	ced8998ca490fd980186264c04bb8f08d3870a5fb53ea3d163ccf8e15ef74c67	8b407f2b48d6aafa8242fe7d8c201780ce4003d3628cb2eeb2577c030b818dd6
P0006-06	排查是否存在其他人为规定拆分的字有类似问题	已修复	字词表	改码	yjwt	椼	yjwa			人工拆分规则漏传播（衍）；补齐后首末根变化，编码跟随；新码位为空位	2026-09-21T21:34:05	改码 椼：yjwt → yjwa,1；yjwa：椼	9d3fcc15e0d5dff066629e8c2dbdbb7f4e5c21b38e9e5ef6c0a3e3f5192ae1c2	db6c59881ff5d77686fbe04035c0d329704e34484c05efcf97800d867bf77f5b
P0006-07	排查是否存在其他人为规定拆分的字有类似问题	已修复	单字表	改码	xura	珬	xurp			人工拆分规则漏传播（戌）；补齐后首末根变化，编码跟随；新码位为空位	2026-09-21T21:34:05	改码 珬：xura → xurp,1；xurp：珬	ced8998ca490fd980186264c04bb8f08d3870a5fb53ea3d163ccf8e15ef74c67	8b407f2b48d6aafa8242fe7d8c201780ce4003d3628cb2eeb2577c030b818dd6
P0006-08	排查是否存在其他人为规定拆分的字有类似问题	已修复	字词表	改码	xura	珬	xurp			人工拆分规则漏传播（戌）；补齐后首末根变化，编码跟随；新码位为空位	2026-09-21T21:34:05	改码 珬：xura → xurp,1；xurp：珬	9d3fcc15e0d5dff066629e8c2dbdbb7f4e5c21b38e9e5ef6c0a3e3f5192ae1c2	db6c59881ff5d77686fbe04035c0d329704e34484c05efcf97800d867bf77f5b
P0006-09	排查是否存在其他人为规定拆分的字有类似问题	已修复	单字表	改码	yjmt	葕	yjma			人工拆分规则漏传播（衍）；补齐后首末根变化，编码跟随；新码位为空位	2026-09-21T21:34:05	改码 葕：yjmt → yjma,2；yjma：菸、葕	ced8998ca490fd980186264c04bb8f08d3870a5fb53ea3d163ccf8e15ef74c67	8b407f2b48d6aafa8242fe7d8c201780ce4003d3628cb2eeb2577c030b818dd6
P0006-10	排查是否存在其他人为规定拆分的字有类似问题	已修复	字词表	改码	yjmt	葕	yjma			人工拆分规则漏传播（衍）；补齐后首末根变化，编码跟随；新码位为空位	2026-09-21T21:34:05	改码 葕：yjmt → yjma,3；yjma：掩码、菸、葕	9d3fcc15e0d5dff066629e8c2dbdbb7f4e5c21b38e9e5ef6c0a3e3f5192ae1c2	db6c59881ff5d77686fbe04035c0d329704e34484c05efcf97800d867bf77f5b
P0006-11	排查是否存在其他人为规定拆分的字有类似问题	已修复	单字表	改码	jmxt	餰	jmxa			人工拆分规则漏传播（衍）；补齐后首末根变化，编码跟随；新码位为空位	2026-09-21T21:34:05	改码 餰：jmxt → jmxa,2；jmxa：劔、餰	ced8998ca490fd980186264c04bb8f08d3870a5fb53ea3d163ccf8e15ef74c67	8b407f2b48d6aafa8242fe7d8c201780ce4003d3628cb2eeb2577c030b818dd6
P0006-12	排查是否存在其他人为规定拆分的字有类似问题	已修复	字词表	改码	jmxt	餰	jmxa			人工拆分规则漏传播（衍）；补齐后首末根变化，编码跟随；新码位为空位	2026-09-21T21:34:05	改码 餰：jmxt → jmxa,2；jmxa：劔、餰	9d3fcc15e0d5dff066629e8c2dbdbb7f4e5c21b38e9e5ef6c0a3e3f5192ae1c2	db6c59881ff5d77686fbe04035c0d329704e34484c05efcf97800d867bf77f5b
P0007-01	含曲错拆之后的全面排查（141 部件一致性审计）	已修复	单字表	改码	yscr	庸	yscz		2	部件一致性审计：庸 族拆分订正后首末根变化。通用规范，按出简让全＋字词让位排在码位末尾	2026-09-21T22:32:57	改码 庸：yscr → yscz,2；yscz：痈、庸	8b407f2b48d6aafa8242fe7d8c201780ce4003d3628cb2eeb2577c030b818dd6	550dbd24e6c0ddc13fb788e456fda611062f4a9170b3664214173a1b1ef0657a
P0007-02	含曲错拆之后的全面排查（141 部件一致性审计）	已修复	字词表	改码	yscr	庸	yscz		2	部件一致性审计：庸 族拆分订正后首末根变化。通用规范，按出简让全＋字词让位排在码位末尾	2026-09-21T22:32:57	改码 庸：yscr → yscz,2；yscz：痈、庸	db6c59881ff5d77686fbe04035c0d329704e34484c05efcf97800d867bf77f5b	7c97f99407d0531bdd3568b51a287a2866e6bd66938173e8fdb4626a92d4eab3
P0007-03	含曲错拆之后的全面排查（141 部件一致性审计）	已修复	单字表	改码	ysvr	慵	ysvz		2	部件一致性审计：庸 族拆分订正后首末根变化。通用规范，按出简让全＋字词让位排在码位末尾	2026-09-21T22:32:57	改码 慵：ysvr → ysvz,2；ysvz：悀、慵	8b407f2b48d6aafa8242fe7d8c201780ce4003d3628cb2eeb2577c030b818dd6	550dbd24e6c0ddc13fb788e456fda611062f4a9170b3664214173a1b1ef0657a
P0007-04	含曲错拆之后的全面排查（141 部件一致性审计）	已修复	字词表	改码	ysvr	慵	ysvz		3	部件一致性审计：庸 族拆分订正后首末根变化。通用规范，按出简让全＋字词让位排在码位末尾	2026-09-21T22:32:57	改码 慵：ysvr → ysvz,3；ysvz：永州、悀、慵	db6c59881ff5d77686fbe04035c0d329704e34484c05efcf97800d867bf77f5b	7c97f99407d0531bdd3568b51a287a2866e6bd66938173e8fdb4626a92d4eab3
P0007-05	含曲错拆之后的全面排查（141 部件一致性审计）	已修复	单字表	改码	ysur	镛	ysuz		1	部件一致性审计：庸 族拆分订正后首末根变化。通用规范，按出简让全＋字词让位排在码位末尾	2026-09-21T22:32:57	改码 镛：ysur → ysuz,1；ysuz：镛	8b407f2b48d6aafa8242fe7d8c201780ce4003d3628cb2eeb2577c030b818dd6	550dbd24e6c0ddc13fb788e456fda611062f4a9170b3664214173a1b1ef0657a
P0007-06	含曲错拆之后的全面排查（141 部件一致性审计）	已修复	字词表	改码	ysur	镛	ysuz		3	部件一致性审计：庸 族拆分订正后首末根变化。通用规范，按出简让全＋字词让位排在码位末尾	2026-09-21T22:32:57	改码 镛：ysur → ysuz,3；ysuz：用手、庸手、镛	db6c59881ff5d77686fbe04035c0d329704e34484c05efcf97800d867bf77f5b	7c97f99407d0531bdd3568b51a287a2866e6bd66938173e8fdb4626a92d4eab3
P0007-07	含曲错拆之后的全面排查（141 部件一致性审计）	已修复	单字表	改码	ysqr	墉	ysqz		2	部件一致性审计：庸 族拆分订正后首末根变化。通用规范，按出简让全＋字词让位排在码位末尾	2026-09-21T22:32:57	改码 墉：ysqr → ysqz,2；ysqz：埇、墉	8b407f2b48d6aafa8242fe7d8c201780ce4003d3628cb2eeb2577c030b818dd6	550dbd24e6c0ddc13fb788e456fda611062f4a9170b3664214173a1b1ef0657a
P0007-08	含曲错拆之后的全面排查（141 部件一致性审计）	已修复	字词表	改码	ysqr	墉	ysqz		2	部件一致性审计：庸 族拆分订正后首末根变化。通用规范，按出简让全＋字词让位排在码位末尾	2026-09-21T22:32:57	改码 墉：ysqr → ysqz,2；ysqz：埇、墉	db6c59881ff5d77686fbe04035c0d329704e34484c05efcf97800d867bf77f5b	7c97f99407d0531bdd3568b51a287a2866e6bd66938173e8fdb4626a92d4eab3
P0007-09	含曲错拆之后的全面排查（141 部件一致性审计）	已修复	单字表	改码	ysdr	鳙	ysdz		2	部件一致性审计：庸 族拆分订正后首末根变化。通用规范，按出简让全＋字词让位排在码位末尾	2026-09-21T22:32:57	改码 鳙：ysdr → ysdz,2；ysdz：鲬、鳙	8b407f2b48d6aafa8242fe7d8c201780ce4003d3628cb2eeb2577c030b818dd6	550dbd24e6c0ddc13fb788e456fda611062f4a9170b3664214173a1b1ef0657a
P0007-10	含曲错拆之后的全面排查（141 部件一致性审计）	已修复	字词表	改码	ysdr	鳙	ysdz		3	部件一致性审计：庸 族拆分订正后首末根变化。通用规范，按出简让全＋字词让位排在码位末尾	2026-09-21T22:32:57	改码 鳙：ysdr → ysdz,3；ysdz：勇斗、鲬、鳙	db6c59881ff5d77686fbe04035c0d329704e34484c05efcf97800d867bf77f5b	7c97f99407d0531bdd3568b51a287a2866e6bd66938173e8fdb4626a92d4eab3
P0007-11	含曲错拆之后的全面排查（141 部件一致性审计）	已修复	单字表	改码	istl	嘃	istz		1	部件一致性审计：庸 族拆分订正后首末根变化。扩展字，按扩展字既定口径排在码位末尾	2026-09-21T22:32:57	改码 嘃：istl → istz,1；istz：嘃	8b407f2b48d6aafa8242fe7d8c201780ce4003d3628cb2eeb2577c030b818dd6	550dbd24e6c0ddc13fb788e456fda611062f4a9170b3664214173a1b1ef0657a
P0007-12	含曲错拆之后的全面排查（141 部件一致性审计）	已修复	字词表	改码	istl	嘃	istz		2	部件一致性审计：庸 族拆分订正后首末根变化。扩展字，按扩展字既定口径排在码位末尾	2026-09-21T22:32:57	改码 嘃：istl → istz,2；istz：重头、嘃	db6c59881ff5d77686fbe04035c0d329704e34484c05efcf97800d867bf77f5b	7c97f99407d0531bdd3568b51a287a2866e6bd66938173e8fdb4626a92d4eab3
P0007-13	含曲错拆之后的全面排查（141 部件一致性审计）	已修复	单字表	改码	yssl	嫞	yssz		2	部件一致性审计：庸 族拆分订正后首末根变化。扩展字，按扩展字既定口径排在码位末尾	2026-09-21T22:32:57	改码 嫞：yssl → yssz,2；yssz：踊、嫞	8b407f2b48d6aafa8242fe7d8c201780ce4003d3628cb2eeb2577c030b818dd6	550dbd24e6c0ddc13fb788e456fda611062f4a9170b3664214173a1b1ef0657a
P0007-14	含曲错拆之后的全面排查（141 部件一致性审计）	已修复	字词表	改码	yssl	嫞	yssz		2	部件一致性审计：庸 族拆分订正后首末根变化。扩展字，按扩展字既定口径排在码位末尾	2026-09-21T22:32:57	改码 嫞：yssl → yssz,2；yssz：踊、嫞	db6c59881ff5d77686fbe04035c0d329704e34484c05efcf97800d867bf77f5b	7c97f99407d0531bdd3568b51a287a2866e6bd66938173e8fdb4626a92d4eab3
P0007-15	含曲错拆之后的全面排查（141 部件一致性审计）	已修复	单字表	改码	yswl	槦	yswz		1	部件一致性审计：庸 族拆分订正后首末根变化。扩展字，按扩展字既定口径排在码位末尾	2026-09-21T22:32:57	改码 槦：yswl → yswz,1；yswz：槦	8b407f2b48d6aafa8242fe7d8c201780ce4003d3628cb2eeb2577c030b818dd6	550dbd24e6c0ddc13fb788e456fda611062f4a9170b3664214173a1b1ef0657a
P0007-16	含曲错拆之后的全面排查（141 部件一致性审计）	已修复	字词表	改码	yswl	槦	yswz		1	部件一致性审计：庸 族拆分订正后首末根变化。扩展字，按扩展字既定口径排在码位末尾	2026-09-21T22:32:57	改码 槦：yswl → yswz,1；yswz：槦	db6c59881ff5d77686fbe04035c0d329704e34484c05efcf97800d867bf77f5b	7c97f99407d0531bdd3568b51a287a2866e6bd66938173e8fdb4626a92d4eab3
P0007-17	含曲错拆之后的全面排查（141 部件一致性审计）	已修复	单字表	改码	ysnl	牅	ysnz		1	部件一致性审计：庸 族拆分订正后首末根变化。扩展字，按扩展字既定口径排在码位末尾	2026-09-21T22:32:57	改码 牅：ysnl → ysnz,1；ysnz：牅	8b407f2b48d6aafa8242fe7d8c201780ce4003d3628cb2eeb2577c030b818dd6	550dbd24e6c0ddc13fb788e456fda611062f4a9170b3664214173a1b1ef0657a
P0007-18	含曲错拆之后的全面排查（141 部件一致性审计）	已修复	字词表	改码	ysnl	牅	ysnz		1	部件一致性审计：庸 族拆分订正后首末根变化。扩展字，按扩展字既定口径排在码位末尾	2026-09-21T22:32:57	改码 牅：ysnl → ysnz,1；ysnz：牅	db6c59881ff5d77686fbe04035c0d329704e34484c05efcf97800d867bf77f5b	7c97f99407d0531bdd3568b51a287a2866e6bd66938173e8fdb4626a92d4eab3
P0007-19	含曲错拆之后的全面排查（141 部件一致性审计）	已修复	单字表	改码	qikx	欫	qivx		2	部件一致性审计：卸左 族拆分订正后首末根变化。扩展字，按扩展字既定口径排在码位末尾	2026-09-21T22:32:57	改码 欫：qikx → qivx,2；qivx：缼、欫	8b407f2b48d6aafa8242fe7d8c201780ce4003d3628cb2eeb2577c030b818dd6	550dbd24e6c0ddc13fb788e456fda611062f4a9170b3664214173a1b1ef0657a
P0007-20	含曲错拆之后的全面排查（141 部件一致性审计）	已修复	字词表	改码	qikx	欫	qivx		2	部件一致性审计：卸左 族拆分订正后首末根变化。扩展字，按扩展字既定口径排在码位末尾	2026-09-21T22:32:57	改码 欫：qikx → qivx,2；qivx：缼、欫	db6c59881ff5d77686fbe04035c0d329704e34484c05efcf97800d867bf77f5b	7c97f99407d0531bdd3568b51a287a2866e6bd66938173e8fdb4626a92d4eab3
P0007-21	含曲错拆之后的全面排查（141 部件一致性审计）	已修复	单字表	改码	nbzc	脌	nbzl		1	部件一致性审计：年 族拆分订正后首末根变化。扩展字，按扩展字既定口径排在码位末尾	2026-09-21T22:32:57	改码 脌：nbzc → nbzl,1；nbzl：脌	8b407f2b48d6aafa8242fe7d8c201780ce4003d3628cb2eeb2577c030b818dd6	550dbd24e6c0ddc13fb788e456fda611062f4a9170b3664214173a1b1ef0657a
P0007-22	含曲错拆之后的全面排查（141 部件一致性审计）	已修复	字词表	改码	nbzc	脌	nbzl		2	部件一致性审计：年 族拆分订正后首末根变化。扩展字，按扩展字既定口径排在码位末尾	2026-09-21T22:32:57	改码 脌：nbzc → nbzl,2；nbzl：内部资料、脌	db6c59881ff5d77686fbe04035c0d329704e34484c05efcf97800d867bf77f5b	7c97f99407d0531bdd3568b51a287a2866e6bd66938173e8fdb4626a92d4eab3
P0007-23	含曲错拆之后的全面排查（141 部件一致性审计）	已修复	单字表	改码	gyms	蓘	gymh		1	部件一致性审计：衮 族拆分订正后首末根变化。扩展字，按扩展字既定口径排在码位末尾	2026-09-21T22:32:57	改码 蓘：gyms → gymh,1；gymh：蓘	8b407f2b48d6aafa8242fe7d8c201780ce4003d3628cb2eeb2577c030b818dd6	550dbd24e6c0ddc13fb788e456fda611062f4a9170b3664214173a1b1ef0657a
P0007-24	含曲错拆之后的全面排查（141 部件一致性审计）	已修复	字词表	改码	gyms	蓘	gymh		1	部件一致性审计：衮 族拆分订正后首末根变化。扩展字，按扩展字既定口径排在码位末尾	2026-09-21T22:32:57	改码 蓘：gyms → gymh,1；gymh：蓘	db6c59881ff5d77686fbe04035c0d329704e34484c05efcf97800d867bf77f5b	7c97f99407d0531bdd3568b51a287a2866e6bd66938173e8fdb4626a92d4eab3
P0008-001	第一周实战·虎娘用户调频	已修复	字词表	调序	jiqi	机器			1	调到首位	2026-09-21T23:01:44	调序 jiqi：几起、机器、极其、及其 → 机器、几起、极其、及其	7c97f99407d0531bdd3568b51a287a2866e6bd66938173e8fdb4626a92d4eab3	e4bb8e347627b496352007067f2ec48753bdafafe5fd14821aa0d81fd98ce1c9
P0008-002	第一周实战·虎娘用户调频	已修复	字词表	调序	lyg	另一个			1	调到首位	2026-09-21T23:01:44	调序 lyg：了一个、另一个、晾衣杆 → 另一个、了一个、晾衣杆	7c97f99407d0531bdd3568b51a287a2866e6bd66938173e8fdb4626a92d4eab3	e4bb8e347627b496352007067f2ec48753bdafafe5fd14821aa0d81fd98ce1c9
P0008-003	第一周实战·虎娘用户调频	已修复	字词表	调序	fuke	复刻			1	调到首位	2026-09-21T23:01:44	调序 fuke：妇科、复刻 → 复刻、妇科	7c97f99407d0531bdd3568b51a287a2866e6bd66938173e8fdb4626a92d4eab3	e4bb8e347627b496352007067f2ec48753bdafafe5fd14821aa0d81fd98ce1c9
P0008-004	第一周实战·虎娘用户调频	已修复	字词表	调序	jige	几个			1	调到首位	2026-09-21T23:01:44	调序 jige：及格、鸡哥、几个 → 几个、及格、鸡哥	7c97f99407d0531bdd3568b51a287a2866e6bd66938173e8fdb4626a92d4eab3	e4bb8e347627b496352007067f2ec48753bdafafe5fd14821aa0d81fd98ce1c9
P0008-005	第一周实战·虎娘用户调频	已修复	字词表	调序	jidi	基地			1	调到首位	2026-09-21T23:01:44	调序 jidi：几滴、基地、极低 → 基地、几滴、极低	7c97f99407d0531bdd3568b51a287a2866e6bd66938173e8fdb4626a92d4eab3	e4bb8e347627b496352007067f2ec48753bdafafe5fd14821aa0d81fd98ce1c9
P0008-006	第一周实战·虎娘用户调频	已修复	字词表	调序	bdlu	白鹭			1	调到首位	2026-09-21T23:01:44	调序 bdlu：败露、白鹭、白露 → 白鹭、败露、白露	7c97f99407d0531bdd3568b51a287a2866e6bd66938173e8fdb4626a92d4eab3	e4bb8e347627b496352007067f2ec48753bdafafe5fd14821aa0d81fd98ce1c9
P0008-007	第一周实战·虎娘用户调频	已修复	字词表	调序	naui	那是			1	调到首位	2026-09-21T23:01:44	调序 naui：那时、纳什、那是 → 那是、那时、纳什	7c97f99407d0531bdd3568b51a287a2866e6bd66938173e8fdb4626a92d4eab3	e4bb8e347627b496352007067f2ec48753bdafafe5fd14821aa0d81fd98ce1c9
P0008-008	第一周实战·虎娘用户调频	已修复	字词表	调序	jiiu	基础			1	调到首位	2026-09-21T23:01:44	调序 jiiu：几处、基础、寄出、挤出 → 基础、几处、寄出、挤出	7c97f99407d0531bdd3568b51a287a2866e6bd66938173e8fdb4626a92d4eab3	e4bb8e347627b496352007067f2ec48753bdafafe5fd14821aa0d81fd98ce1c9
P0008-009	第一周实战·虎娘用户调频	已修复	字词表	调序	vryi	转移			1	调到首位	2026-09-21T23:01:44	调序 vryi：专一、转移、转义 → 转移、专一、转义	7c97f99407d0531bdd3568b51a287a2866e6bd66938173e8fdb4626a92d4eab3	e4bb8e347627b496352007067f2ec48753bdafafe5fd14821aa0d81fd98ce1c9
P0008-010	第一周实战·虎娘用户调频	已修复	字词表	调序	yibo	一波			1	调到首位	2026-09-21T23:01:44	调序 yibo：衣钵、一波 → 一波、衣钵	7c97f99407d0531bdd3568b51a287a2866e6bd66938173e8fdb4626a92d4eab3	e4bb8e347627b496352007067f2ec48753bdafafe5fd14821aa0d81fd98ce1c9
P0008-011	第一周实战·虎娘用户调频	已修复	字词表	调序	fz	否则			1	调到首位	2026-09-21T23:01:44	调序 fz：房子、负责、否则 → 否则、房子、负责	7c97f99407d0531bdd3568b51a287a2866e6bd66938173e8fdb4626a92d4eab3	e4bb8e347627b496352007067f2ec48753bdafafe5fd14821aa0d81fd98ce1c9
P0008-012	第一周实战·虎娘用户调频	已修复	单字表	调序	katq	喀			1	单字调到首位	2026-09-21T23:01:44	调序 katq：咯、喀 → 喀、咯	550dbd24e6c0ddc13fb788e456fda611062f4a9170b3664214173a1b1ef0657a	2e35d83c1f9607988fcd7bfc27590f19dc5a8c4fec2975b121cf7b93dc6f7f35
P0008-013	第一周实战·虎娘用户调频	已修复	字词表	调序	katq	喀			1	单字调到首位	2026-09-21T23:01:44	调序 katq：咯、喀 → 喀、咯	7c97f99407d0531bdd3568b51a287a2866e6bd66938173e8fdb4626a92d4eab3	e4bb8e347627b496352007067f2ec48753bdafafe5fd14821aa0d81fd98ce1c9
P0008-014	第一周实战·虎娘用户调频	已修复	字词表	新增			wokc	我靠		加词，排码位末尾	2026-09-21T23:01:44	新增 wokc,1=我靠 → 我靠	7c97f99407d0531bdd3568b51a287a2866e6bd66938173e8fdb4626a92d4eab3	e4bb8e347627b496352007067f2ec48753bdafafe5fd14821aa0d81fd98ce1c9
P0008-015	第一周实战·虎娘用户调频	已修复	字词表	新增			yuyj	寓言		加词，排码位末尾	2026-09-21T23:01:44	新增 yuyj,3=寓言 → 语言、预言、寓言	7c97f99407d0531bdd3568b51a287a2866e6bd66938173e8fdb4626a92d4eab3	e4bb8e347627b496352007067f2ec48753bdafafe5fd14821aa0d81fd98ce1c9
P0008-016	第一周实战·虎娘用户调频	已修复	字词表	新增			yudi	玉帝		加词，排码位末尾	2026-09-21T23:01:44	新增 yudi,3=玉帝 → 余地、雨滴、玉帝	7c97f99407d0531bdd3568b51a287a2866e6bd66938173e8fdb4626a92d4eab3	e4bb8e347627b496352007067f2ec48753bdafafe5fd14821aa0d81fd98ce1c9
P0008-017	第一周实战·虎娘用户调频	已修复	字词表	新增			fjjm	凡间		加词，排码位末尾	2026-09-21T23:01:44	新增 fjjm,3=凡间 → 犯贱、繁简、凡间	7c97f99407d0531bdd3568b51a287a2866e6bd66938173e8fdb4626a92d4eab3	e4bb8e347627b496352007067f2ec48753bdafafe5fd14821aa0d81fd98ce1c9
P0008-018	第一周实战·虎娘用户调频	已修复	字词表	新增			cdyz	才有		加词，排码位末尾	2026-09-21T23:01:44	新增 cdyz,2=才有 → 菜油、才有	7c97f99407d0531bdd3568b51a287a2866e6bd66938173e8fdb4626a92d4eab3	e4bb8e347627b496352007067f2ec48753bdafafe5fd14821aa0d81fd98ce1c9
P0008-019	第一周实战·虎娘用户调频	已修复	字词表	新增			yeyk	夜桜		加词，排码位末尾	2026-09-21T23:01:44	新增 yeyk,3=夜桜 → 野营、夜莺、夜桜	7c97f99407d0531bdd3568b51a287a2866e6bd66938173e8fdb4626a92d4eab3	e4bb8e347627b496352007067f2ec48753bdafafe5fd14821aa0d81fd98ce1c9
P0008-020	第一周实战·虎娘用户调频	已修复	字词表	新增			qrui	全是	1	加词并调到首位（巨构 jvgz 保留，两码都有）	2026-09-21T23:01:44	新增 qrui,1=全是 → 全是、诠释、权势、全市	7c97f99407d0531bdd3568b51a287a2866e6bd66938173e8fdb4626a92d4eab3	e4bb8e347627b496352007067f2ec48753bdafafe5fd14821aa0d81fd98ce1c9
P0008-021	第一周实战·虎娘用户调频	已修复	字词表	新增			dhww	档位	1	加词并调到首位（巨构 jvgz 保留，两码都有）	2026-09-21T23:01:44	新增 dhww,1=档位 → 档位、党委、挡位	7c97f99407d0531bdd3568b51a287a2866e6bd66938173e8fdb4626a92d4eab3	e4bb8e347627b496352007067f2ec48753bdafafe5fd14821aa0d81fd98ce1c9
P0008-022	第一周实战·虎娘用户调频	已修复	字词表	新增			jugz	巨构	1	加词并调到首位（巨构 jvgz 保留，两码都有）	2026-09-21T23:01:44	新增 jugz,1=巨构 → 巨构、技术改造、搅屎棍子、毩、毱	7c97f99407d0531bdd3568b51a287a2866e6bd66938173e8fdb4626a92d4eab3	e4bb8e347627b496352007067f2ec48753bdafafe5fd14821aa0d81fd98ce1c9
P0008-023	第一周实战·虎娘用户调频	已修复	字词表	新增			zsm	做什么	1	加词并调到首位（巨构 jvgz 保留，两码都有）	2026-09-21T23:01:44	新增 zsm,1=做什么 → 做什么	7c97f99407d0531bdd3568b51a287a2866e6bd66938173e8fdb4626a92d4eab3	e4bb8e347627b496352007067f2ec48753bdafafe5fd14821aa0d81fd98ce1c9
P0008-024	第一周实战·补夜莺二简.txt	已修复	字词表	删除	yo	有时				清单标删除	2026-09-21T23:01:44	删除 yo=有时；yo：哟、有时、一时 → 哟、一时	7c97f99407d0531bdd3568b51a287a2866e6bd66938173e8fdb4626a92d4eab3	e4bb8e347627b496352007067f2ec48753bdafafe5fd14821aa0d81fd98ce1c9
P0008-025	第一周实战·补夜莺二简.txt	已修复	字词表	删除	yo	一时				清单标删除	2026-09-21T23:01:44	删除 yo=一时；yo：哟、一时 → 哟	7c97f99407d0531bdd3568b51a287a2866e6bd66938173e8fdb4626a92d4eab3	e4bb8e347627b496352007067f2ec48753bdafafe5fd14821aa0d81fd98ce1c9
P0008-026	第一周实战·补夜莺二简.txt	已修复	字词表	新增			qq	请求	2	按清单顺序；清单未提的原有简词接在后面	2026-09-21T23:01:44	新增 qq,2=请求 → 求、请求、全球、瞧瞧	7c97f99407d0531bdd3568b51a287a2866e6bd66938173e8fdb4626a92d4eab3	e4bb8e347627b496352007067f2ec48753bdafafe5fd14821aa0d81fd98ce1c9
P0008-027	第一周实战·补夜莺二简.txt	已修复	字词表	调序	qq	全球			3	按清单顺序	2026-09-21T23:01:44	调序 qq：求、请求、全球、瞧瞧 → 求、请求、全球、瞧瞧	7c97f99407d0531bdd3568b51a287a2866e6bd66938173e8fdb4626a92d4eab3	e4bb8e347627b496352007067f2ec48753bdafafe5fd14821aa0d81fd98ce1c9
P0008-028	第一周实战·补夜莺二简.txt	已修复	字词表	新增			qr	确认	2	按清单顺序；清单未提的原有简词接在后面	2026-09-21T23:01:44	新增 qr,2=确认 → 全、确认、情人	7c97f99407d0531bdd3568b51a287a2866e6bd66938173e8fdb4626a92d4eab3	e4bb8e347627b496352007067f2ec48753bdafafe5fd14821aa0d81fd98ce1c9
P0008-029	第一周实战·补夜莺二简.txt	已修复	字词表	新增			qr	亲人	3	按清单顺序；清单未提的原有简词接在后面	2026-09-21T23:01:44	新增 qr,3=亲人 → 全、确认、亲人、情人	7c97f99407d0531bdd3568b51a287a2866e6bd66938173e8fdb4626a92d4eab3	e4bb8e347627b496352007067f2ec48753bdafafe5fd14821aa0d81fd98ce1c9
P0008-030	第一周实战·补夜莺二简.txt	已修复	字词表	新增			qp	欺骗	2	按清单顺序；清单未提的原有简词接在后面	2026-09-21T23:01:44	新增 qp,2=欺骗 → 且、欺骗	7c97f99407d0531bdd3568b51a287a2866e6bd66938173e8fdb4626a92d4eab3	e4bb8e347627b496352007067f2ec48753bdafafe5fd14821aa0d81fd98ce1c9
P0008-031	第一周实战·补夜莺二简.txt	已修复	字词表	新增			qp	期盼	3	按清单顺序；清单未提的原有简词接在后面	2026-09-21T23:01:44	新增 qp,3=期盼 → 且、欺骗、期盼	7c97f99407d0531bdd3568b51a287a2866e6bd66938173e8fdb4626a92d4eab3	e4bb8e347627b496352007067f2ec48753bdafafe5fd14821aa0d81fd98ce1c9
P0008-032	第一周实战·补夜莺二简.txt	已修复	字词表	新增			qh	强化	1	按清单顺序；清单未提的原有简词接在后面	2026-09-21T23:01:44	新增 qh,1=强化 → 强化	7c97f99407d0531bdd3568b51a287a2866e6bd66938173e8fdb4626a92d4eab3	e4bb8e347627b496352007067f2ec48753bdafafe5fd14821aa0d81fd98ce1c9
P0008-033	第一周实战·补夜莺二简.txt	已修复	字词表	新增			qh	恰好	2	按清单顺序；清单未提的原有简词接在后面	2026-09-21T23:01:44	新增 qh,2=恰好 → 强化、恰好	7c97f99407d0531bdd3568b51a287a2866e6bd66938173e8fdb4626a92d4eab3	e4bb8e347627b496352007067f2ec48753bdafafe5fd14821aa0d81fd98ce1c9
P0008-034	第一周实战·补夜莺二简.txt	已修复	字词表	新增			qc	其次	1	按清单顺序；清单未提的原有简词接在后面	2026-09-21T23:01:44	新增 qc,1=其次 → 其次	7c97f99407d0531bdd3568b51a287a2866e6bd66938173e8fdb4626a92d4eab3	e4bb8e347627b496352007067f2ec48753bdafafe5fd14821aa0d81fd98ce1c9
P0008-035	第一周实战·补夜莺二简.txt	已修复	字词表	调序	wq	完全			1	按清单顺序	2026-09-21T23:01:44	调序 wq：完全、武器 → 完全、武器	7c97f99407d0531bdd3568b51a287a2866e6bd66938173e8fdb4626a92d4eab3	e4bb8e347627b496352007067f2ec48753bdafafe5fd14821aa0d81fd98ce1c9
P0008-036	第一周实战·补夜莺二简.txt	已修复	字词表	调序	wq	武器			2	按清单顺序	2026-09-21T23:01:44	调序 wq：完全、武器 → 完全、武器	7c97f99407d0531bdd3568b51a287a2866e6bd66938173e8fdb4626a92d4eab3	e4bb8e347627b496352007067f2ec48753bdafafe5fd14821aa0d81fd98ce1c9
P0008-037	第一周实战·补夜莺二简.txt	已修复	字词表	新增			wq	委屈	3	按清单顺序；清单未提的原有简词接在后面	2026-09-21T23:01:44	新增 wq,3=委屈 → 完全、武器、委屈	7c97f99407d0531bdd3568b51a287a2866e6bd66938173e8fdb4626a92d4eab3	e4bb8e347627b496352007067f2ec48753bdafafe5fd14821aa0d81fd98ce1c9
P0008-038	第一周实战·补夜莺二简.txt	已修复	字词表	调序	wr	温柔			1	按清单顺序	2026-09-21T23:01:44	调序 wr：温柔 → 温柔	7c97f99407d0531bdd3568b51a287a2866e6bd66938173e8fdb4626a92d4eab3	e4bb8e347627b496352007067f2ec48753bdafafe5fd14821aa0d81fd98ce1c9
P0008-039	第一周实战·补夜莺二简.txt	已修复	字词表	新增			wr	围绕	2	按清单顺序；清单未提的原有简词接在后面	2026-09-21T23:01:44	新增 wr,2=围绕 → 温柔、围绕	7c97f99407d0531bdd3568b51a287a2866e6bd66938173e8fdb4626a92d4eab3	e4bb8e347627b496352007067f2ec48753bdafafe5fd14821aa0d81fd98ce1c9
P0008-040	第一周实战·补夜莺二简.txt	已修复	字词表	调序	wi	完成			1	按清单顺序	2026-09-21T23:01:44	调序 wi：完成 → 完成	7c97f99407d0531bdd3568b51a287a2866e6bd66938173e8fdb4626a92d4eab3	e4bb8e347627b496352007067f2ec48753bdafafe5fd14821aa0d81fd98ce1c9
P0008-041	第一周实战·补夜莺二简.txt	已修复	字词表	新增			wi	维持	2	按清单顺序；清单未提的原有简词接在后面	2026-09-21T23:01:44	新增 wi,2=维持 → 完成、维持	7c97f99407d0531bdd3568b51a287a2866e6bd66938173e8fdb4626a92d4eab3	e4bb8e347627b496352007067f2ec48753bdafafe5fd14821aa0d81fd98ce1c9
P0008-042	第一周实战·补夜莺二简.txt	已修复	字词表	新增			wp	物品	1	按清单顺序；清单未提的原有简词接在后面	2026-09-21T23:01:44	新增 wp,1=物品 → 物品	7c97f99407d0531bdd3568b51a287a2866e6bd66938173e8fdb4626a92d4eab3	e4bb8e347627b496352007067f2ec48753bdafafe5fd14821aa0d81fd98ce1c9
P0008-043	第一周实战·补夜莺二简.txt	已修复	字词表	新增			ws	猥琐	1	按清单顺序；清单未提的原有简词接在后面	2026-09-21T23:01:44	新增 ws,1=猥琐 → 猥琐	7c97f99407d0531bdd3568b51a287a2866e6bd66938173e8fdb4626a92d4eab3	e4bb8e347627b496352007067f2ec48753bdafafe5fd14821aa0d81fd98ce1c9
P0008-044	第一周实战·补夜莺二简.txt	已修复	字词表	新增			wc	为此	1	按清单顺序；清单未提的原有简词接在后面	2026-09-21T23:01:44	新增 wc,1=为此 → 为此、晚餐	7c97f99407d0531bdd3568b51a287a2866e6bd66938173e8fdb4626a92d4eab3	e4bb8e347627b496352007067f2ec48753bdafafe5fd14821aa0d81fd98ce1c9
P0008-045	第一周实战·补夜莺二简.txt	已修复	字词表	调序	wc	晚餐			2	按清单顺序	2026-09-21T23:01:44	调序 wc：为此、晚餐 → 为此、晚餐	7c97f99407d0531bdd3568b51a287a2866e6bd66938173e8fdb4626a92d4eab3	e4bb8e347627b496352007067f2ec48753bdafafe5fd14821aa0d81fd98ce1c9
P0008-046	第一周实战·补夜莺二简.txt	已修复	字词表	新增			wb	无比	1	按清单顺序；清单未提的原有简词接在后面	2026-09-21T23:01:44	新增 wb,1=无比 → 无比	7c97f99407d0531bdd3568b51a287a2866e6bd66938173e8fdb4626a92d4eab3	e4bb8e347627b496352007067f2ec48753bdafafe5fd14821aa0d81fd98ce1c9
P0008-047	第一周实战·补夜莺二简.txt	已修复	字词表	新增			wb	未必	2	按清单顺序；清单未提的原有简词接在后面	2026-09-21T23:01:44	新增 wb,2=未必 → 无比、未必	7c97f99407d0531bdd3568b51a287a2866e6bd66938173e8fdb4626a92d4eab3	e4bb8e347627b496352007067f2ec48753bdafafe5fd14821aa0d81fd98ce1c9
P0008-048	第一周实战·补夜莺二简.txt	已修复	字词表	新增			wb	微博	3	按清单顺序；清单未提的原有简词接在后面	2026-09-21T23:01:44	新增 wb,3=微博 → 无比、未必、微博	7c97f99407d0531bdd3568b51a287a2866e6bd66938173e8fdb4626a92d4eab3	e4bb8e347627b496352007067f2ec48753bdafafe5fd14821aa0d81fd98ce1c9
P0008-049	第一周实战·补夜莺二简.txt	已修复	字词表	调序	wn	温暖			1	按清单顺序	2026-09-21T23:01:44	调序 wn：温暖 → 温暖	7c97f99407d0531bdd3568b51a287a2866e6bd66938173e8fdb4626a92d4eab3	e4bb8e347627b496352007067f2ec48753bdafafe5fd14821aa0d81fd98ce1c9
P0008-050	第一周实战·补夜莺二简.txt	已修复	字词表	新增			wn	无奈	2	按清单顺序；清单未提的原有简词接在后面	2026-09-21T23:01:44	新增 wn,2=无奈 → 温暖、无奈	7c97f99407d0531bdd3568b51a287a2866e6bd66938173e8fdb4626a92d4eab3	e4bb8e347627b496352007067f2ec48753bdafafe5fd14821aa0d81fd98ce1c9
P0008-051	第一周实战·补夜莺二简.txt	已修复	字词表	新增			wn	未能	3	按清单顺序；清单未提的原有简词接在后面	2026-09-21T23:01:44	新增 wn,3=未能 → 温暖、无奈、未能	7c97f99407d0531bdd3568b51a287a2866e6bd66938173e8fdb4626a92d4eab3	e4bb8e347627b496352007067f2ec48753bdafafe5fd14821aa0d81fd98ce1c9
P0008-052	第一周实战·补夜莺二简.txt	已修复	字词表	新增			er	二人	2	按清单顺序；清单未提的原有简词接在后面	2026-09-21T23:01:44	新增 er,2=二人 → 二、二人	7c97f99407d0531bdd3568b51a287a2866e6bd66938173e8fdb4626a92d4eab3	e4bb8e347627b496352007067f2ec48753bdafafe5fd14821aa0d81fd98ce1c9
P0008-053	第一周实战·补夜莺二简.txt	已修复	字词表	调序	ey	而已			1	按清单顺序	2026-09-21T23:01:44	调序 ey：而已 → 而已	7c97f99407d0531bdd3568b51a287a2866e6bd66938173e8fdb4626a92d4eab3	e4bb8e347627b496352007067f2ec48753bdafafe5fd14821aa0d81fd98ce1c9
P0008-054	第一周实战·补夜莺二简.txt	已修复	字词表	新增			ey	而言	2	按清单顺序；清单未提的原有简词接在后面	2026-09-21T23:01:44	新增 ey,2=而言 → 而已、而言	7c97f99407d0531bdd3568b51a287a2866e6bd66938173e8fdb4626a92d4eab3	e4bb8e347627b496352007067f2ec48753bdafafe5fd14821aa0d81fd98ce1c9
P0008-055	第一周实战·补夜莺二简.txt	已修复	字词表	调序	eu	而是			1	按清单顺序	2026-09-21T23:01:44	调序 eu：而是 → 而是	7c97f99407d0531bdd3568b51a287a2866e6bd66938173e8fdb4626a92d4eab3	e4bb8e347627b496352007067f2ec48753bdafafe5fd14821aa0d81fd98ce1c9
P0008-056	第一周实战·补夜莺二简.txt	已修复	字词表	新增			eu	二十	2	按清单顺序；清单未提的原有简词接在后面	2026-09-21T23:01:44	新增 eu,2=二十 → 而是、二十	7c97f99407d0531bdd3568b51a287a2866e6bd66938173e8fdb4626a92d4eab3	e4bb8e347627b496352007067f2ec48753bdafafe5fd14821aa0d81fd98ce1c9
P0008-057	第一周实战·补夜莺二简.txt	已修复	字词表	新增			es	饿死	1	按清单顺序；清单未提的原有简词接在后面	2026-09-21T23:01:44	新增 es,1=饿死 → 饿死	7c97f99407d0531bdd3568b51a287a2866e6bd66938173e8fdb4626a92d4eab3	e4bb8e347627b496352007067f2ec48753bdafafe5fd14821aa0d81fd98ce1c9
P0008-058	第一周实战·补夜莺二简.txt	已修复	字词表	新增			ej	耳机	1	按清单顺序；清单未提的原有简词接在后面	2026-09-21T23:01:44	新增 ej,1=耳机 → 耳机	7c97f99407d0531bdd3568b51a287a2866e6bd66938173e8fdb4626a92d4eab3	e4bb8e347627b496352007067f2ec48753bdafafe5fd14821aa0d81fd98ce1c9
P0008-059	第一周实战·补夜莺二简.txt	已修复	字词表	新增			el	恶劣	1	按清单顺序；清单未提的原有简词接在后面	2026-09-21T23:01:44	新增 el,1=恶劣 → 恶劣	7c97f99407d0531bdd3568b51a287a2866e6bd66938173e8fdb4626a92d4eab3	e4bb8e347627b496352007067f2ec48753bdafafe5fd14821aa0d81fd98ce1c9
P0008-060	第一周实战·补夜莺二简.txt	已修复	字词表	新增			el	饿了	2	按清单顺序；清单未提的原有简词接在后面	2026-09-21T23:01:44	新增 el,2=饿了 → 恶劣、饿了	7c97f99407d0531bdd3568b51a287a2866e6bd66938173e8fdb4626a92d4eab3	e4bb8e347627b496352007067f2ec48753bdafafe5fd14821aa0d81fd98ce1c9
P0008-061	第一周实战·补夜莺二简.txt	已修复	字词表	新增			eb	而不	1	按清单顺序；清单未提的原有简词接在后面	2026-09-21T23:01:44	新增 eb,1=而不 → 而不	7c97f99407d0531bdd3568b51a287a2866e6bd66938173e8fdb4626a92d4eab3	e4bb8e347627b496352007067f2ec48753bdafafe5fd14821aa0d81fd98ce1c9
P0008-062	第一周实战·补夜莺二简.txt	已修复	字词表	新增			en	儿女	2	按清单顺序；清单未提的原有简词接在后面	2026-09-21T23:01:44	新增 en,2=儿女 → 嗯、儿女	7c97f99407d0531bdd3568b51a287a2866e6bd66938173e8fdb4626a92d4eab3	e4bb8e347627b496352007067f2ec48753bdafafe5fd14821aa0d81fd98ce1c9
P0008-063	第一周实战·补夜莺二简.txt	已修复	字词表	新增			em	恶魔	1	按清单顺序；清单未提的原有简词接在后面	2026-09-21T23:01:44	新增 em,1=恶魔 → 恶魔	7c97f99407d0531bdd3568b51a287a2866e6bd66938173e8fdb4626a92d4eab3	e4bb8e347627b496352007067f2ec48753bdafafe5fd14821aa0d81fd98ce1c9
P0008-064	第一周实战·补夜莺二简.txt	已修复	字词表	新增			em	噩梦	2	按清单顺序；清单未提的原有简词接在后面	2026-09-21T23:01:44	新增 em,2=噩梦 → 恶魔、噩梦	7c97f99407d0531bdd3568b51a287a2866e6bd66938173e8fdb4626a92d4eab3	e4bb8e347627b496352007067f2ec48753bdafafe5fd14821aa0d81fd98ce1c9
P0008-065	第一周实战·补夜莺二简.txt	已修复	字词表	新增			rq	日期	1	按清单顺序；清单未提的原有简词接在后面	2026-09-21T23:01:44	新增 rq,1=日期 → 日期、热情	7c97f99407d0531bdd3568b51a287a2866e6bd66938173e8fdb4626a92d4eab3	e4bb8e347627b496352007067f2ec48753bdafafe5fd14821aa0d81fd98ce1c9
P0008-066	第一周实战·补夜莺二简.txt	已修复	字词表	调序	rq	热情			2	按清单顺序	2026-09-21T23:01:44	调序 rq：日期、热情 → 日期、热情	7c97f99407d0531bdd3568b51a287a2866e6bd66938173e8fdb4626a92d4eab3	e4bb8e347627b496352007067f2ec48753bdafafe5fd14821aa0d81fd98ce1c9
P0008-067	第一周实战·补夜莺二简.txt	已修复	字词表	调序	rr	仍然			2	按清单顺序	2026-09-21T23:01:44	调序 rr：软、仍然、人人 → 软、仍然、人人	7c97f99407d0531bdd3568b51a287a2866e6bd66938173e8fdb4626a92d4eab3	e4bb8e347627b496352007067f2ec48753bdafafe5fd14821aa0d81fd98ce1c9
P0008-068	第一周实战·补夜莺二简.txt	已修复	字词表	新增			rr	柔软	3	按清单顺序；清单未提的原有简词接在后面	2026-09-21T23:01:44	新增 rr,3=柔软 → 软、仍然、柔软、人人	7c97f99407d0531bdd3568b51a287a2866e6bd66938173e8fdb4626a92d4eab3	e4bb8e347627b496352007067f2ec48753bdafafe5fd14821aa0d81fd98ce1c9
P0008-069	第一周实战·补夜莺二简.txt	已修复	字词表	新增			rt	如同	1	按清单顺序；清单未提的原有简词接在后面	2026-09-21T23:01:44	新增 rt,1=如同 → 如同	7c97f99407d0531bdd3568b51a287a2866e6bd66938173e8fdb4626a92d4eab3	e4bb8e347627b496352007067f2ec48753bdafafe5fd14821aa0d81fd98ce1c9
P0008-070	第一周实战·补夜莺二简.txt	已修复	字词表	新增			rt	人头	2	按清单顺序；清单未提的原有简词接在后面	2026-09-21T23:01:44	新增 rt,2=人头 → 如同、人头	7c97f99407d0531bdd3568b51a287a2866e6bd66938173e8fdb4626a92d4eab3	e4bb8e347627b496352007067f2ec48753bdafafe5fd14821aa0d81fd98ce1c9
P0008-071	第一周实战·补夜莺二简.txt	已修复	字词表	新增			rp	人品	1	按清单顺序；清单未提的原有简词接在后面	2026-09-21T23:01:44	新增 rp,1=人品 → 人品	7c97f99407d0531bdd3568b51a287a2866e6bd66938173e8fdb4626a92d4eab3	e4bb8e347627b496352007067f2ec48753bdafafe5fd14821aa0d81fd98ce1c9
P0008-072	第一周实战·补夜莺二简.txt	已修复	字词表	新增			rp	任凭	2	按清单顺序；清单未提的原有简词接在后面	2026-09-21T23:01:44	新增 rp,2=任凭 → 人品、任凭	7c97f99407d0531bdd3568b51a287a2866e6bd66938173e8fdb4626a92d4eab3	e4bb8e347627b496352007067f2ec48753bdafafe5fd14821aa0d81fd98ce1c9
P0008-073	第一周实战·补夜莺二简.txt	已修复	字词表	新增			ra	热爱	1	按清单顺序；清单未提的原有简词接在后面	2026-09-21T23:01:44	新增 ra,1=热爱 → 热爱	7c97f99407d0531bdd3568b51a287a2866e6bd66938173e8fdb4626a92d4eab3	e4bb8e347627b496352007067f2ec48753bdafafe5fd14821aa0d81fd98ce1c9
P0008-074	第一周实战·补夜莺二简.txt	已修复	字词表	新增			rd	人多	1	按清单顺序；清单未提的原有简词接在后面	2026-09-21T23:01:44	新增 rd,1=人多 → 人多	7c97f99407d0531bdd3568b51a287a2866e6bd66938173e8fdb4626a92d4eab3	e4bb8e347627b496352007067f2ec48753bdafafe5fd14821aa0d81fd98ce1c9
P0008-075	第一周实战·补夜莺二简.txt	已修复	字词表	新增			rd	认定	2	按清单顺序；清单未提的原有简词接在后面	2026-09-21T23:01:44	新增 rd,2=认定 → 人多、认定	7c97f99407d0531bdd3568b51a287a2866e6bd66938173e8fdb4626a92d4eab3	e4bb8e347627b496352007067f2ec48753bdafafe5fd14821aa0d81fd98ce1c9
P0008-076	第一周实战·补夜莺二简.txt	已修复	字词表	调序	rg	如果			2	按清单顺序	2026-09-21T23:01:44	调序 rg：仍、如果 → 仍、如果	7c97f99407d0531bdd3568b51a287a2866e6bd66938173e8fdb4626a92d4eab3	e4bb8e347627b496352007067f2ec48753bdafafe5fd14821aa0d81fd98ce1c9
P0008-077	第一周实战·补夜莺二简.txt	已修复	字词表	新增			rg	人工	3	按清单顺序；清单未提的原有简词接在后面	2026-09-21T23:01:44	新增 rg,3=人工 → 仍、如果、人工	7c97f99407d0531bdd3568b51a287a2866e6bd66938173e8fdb4626a92d4eab3	e4bb8e347627b496352007067f2ec48753bdafafe5fd14821aa0d81fd98ce1c9
P0008-078	第一周实战·补夜莺二简.txt	已修复	字词表	调序	rk	人口			1	按清单顺序	2026-09-21T23:01:44	调序 rk：人口 → 人口	7c97f99407d0531bdd3568b51a287a2866e6bd66938173e8fdb4626a92d4eab3	e4bb8e347627b496352007067f2ec48753bdafafe5fd14821aa0d81fd98ce1c9
P0008-079	第一周实战·补夜莺二简.txt	已修复	字词表	新增			rk	认可	2	按清单顺序；清单未提的原有简词接在后面	2026-09-21T23:01:44	新增 rk,2=认可 → 人口、认可	7c97f99407d0531bdd3568b51a287a2866e6bd66938173e8fdb4626a92d4eab3	e4bb8e347627b496352007067f2ec48753bdafafe5fd14821aa0d81fd98ce1c9
P0008-080	第一周实战·补夜莺二简.txt	已修复	字词表	新增			rk	入口	3	按清单顺序；清单未提的原有简词接在后面	2026-09-21T23:01:44	新增 rk,3=入口 → 人口、认可、入口	7c97f99407d0531bdd3568b51a287a2866e6bd66938173e8fdb4626a92d4eab3	e4bb8e347627b496352007067f2ec48753bdafafe5fd14821aa0d81fd98ce1c9
P0008-081	第一周实战·补夜莺二简.txt	已修复	字词表	调序	rl	人类			1	按清单顺序	2026-09-21T23:01:44	调序 rl：人类、热烈 → 人类、热烈	7c97f99407d0531bdd3568b51a287a2866e6bd66938173e8fdb4626a92d4eab3	e4bb8e347627b496352007067f2ec48753bdafafe5fd14821aa0d81fd98ce1c9
P0008-082	第一周实战·补夜莺二简.txt	已修复	字词表	调序	rl	热烈			2	按清单顺序	2026-09-21T23:01:44	调序 rl：人类、热烈 → 人类、热烈	7c97f99407d0531bdd3568b51a287a2866e6bd66938173e8fdb4626a92d4eab3	e4bb8e347627b496352007067f2ec48753bdafafe5fd14821aa0d81fd98ce1c9
P0008-083	第一周实战·补夜莺二简.txt	已修复	字词表	调序	rz	日子			2	按清单顺序	2026-09-21T23:01:44	调序 rz：肉、日子 → 肉、日子	7c97f99407d0531bdd3568b51a287a2866e6bd66938173e8fdb4626a92d4eab3	e4bb8e347627b496352007067f2ec48753bdafafe5fd14821aa0d81fd98ce1c9
P0008-084	第一周实战·补夜莺二简.txt	已修复	字词表	新增			rz	仍在	3	按清单顺序；清单未提的原有简词接在后面	2026-09-21T23:01:44	新增 rz,3=仍在 → 肉、日子、仍在	7c97f99407d0531bdd3568b51a287a2866e6bd66938173e8fdb4626a92d4eab3	e4bb8e347627b496352007067f2ec48753bdafafe5fd14821aa0d81fd98ce1c9
P0008-085	第一周实战·补夜莺二简.txt	已修复	字词表	新增			rx	如下	1	按清单顺序；清单未提的原有简词接在后面	2026-09-21T23:01:44	新增 rx,1=如下 → 如下	7c97f99407d0531bdd3568b51a287a2866e6bd66938173e8fdb4626a92d4eab3	e4bb8e347627b496352007067f2ec48753bdafafe5fd14821aa0d81fd98ce1c9
P0008-086	第一周实战·补夜莺二简.txt	已修复	字词表	新增			rx	人心	2	按清单顺序；清单未提的原有简词接在后面	2026-09-21T23:01:44	新增 rx,2=人心 → 如下、人心	7c97f99407d0531bdd3568b51a287a2866e6bd66938173e8fdb4626a92d4eab3	e4bb8e347627b496352007067f2ec48753bdafafe5fd14821aa0d81fd98ce1c9
P0008-087	第一周实战·补夜莺二简.txt	已修复	字词表	新增			rx	任性	3	按清单顺序；清单未提的原有简词接在后面	2026-09-21T23:01:44	新增 rx,3=任性 → 如下、人心、任性	7c97f99407d0531bdd3568b51a287a2866e6bd66938173e8fdb4626a92d4eab3	e4bb8e347627b496352007067f2ec48753bdafafe5fd14821aa0d81fd98ce1c9
P0008-088	第一周实战·补夜莺二简.txt	已修复	字词表	调序	rv	认真			1	按清单顺序	2026-09-21T23:01:44	调序 rv：认真 → 认真	7c97f99407d0531bdd3568b51a287a2866e6bd66938173e8fdb4626a92d4eab3	e4bb8e347627b496352007067f2ec48753bdafafe5fd14821aa0d81fd98ce1c9
P0008-089	第一周实战·补夜莺二简.txt	已修复	字词表	新增			rv	忍着	2	按清单顺序；清单未提的原有简词接在后面	2026-09-21T23:01:44	新增 rv,2=忍着 → 认真、忍着	7c97f99407d0531bdd3568b51a287a2866e6bd66938173e8fdb4626a92d4eab3	e4bb8e347627b496352007067f2ec48753bdafafe5fd14821aa0d81fd98ce1c9
P0008-090	第一周实战·补夜莺二简.txt	已修复	字词表	新增			rn	热闹	1	按清单顺序；清单未提的原有简词接在后面	2026-09-21T23:01:44	新增 rn,1=热闹 → 热闹	7c97f99407d0531bdd3568b51a287a2866e6bd66938173e8fdb4626a92d4eab3	e4bb8e347627b496352007067f2ec48753bdafafe5fd14821aa0d81fd98ce1c9
P0008-091	第一周实战·补夜莺二简.txt	已修复	字词表	新增			rn	忍耐	2	按清单顺序；清单未提的原有简词接在后面	2026-09-21T23:01:44	新增 rn,2=忍耐 → 热闹、忍耐	7c97f99407d0531bdd3568b51a287a2866e6bd66938173e8fdb4626a92d4eab3	e4bb8e347627b496352007067f2ec48753bdafafe5fd14821aa0d81fd98ce1c9
P0008-092	第一周实战·补夜莺二简.txt	已修复	字词表	新增			tp	突破	2	按清单顺序；清单未提的原有简词接在后面	2026-09-21T23:01:44	新增 tp,2=突破 → 铁、突破、投票、图片	7c97f99407d0531bdd3568b51a287a2866e6bd66938173e8fdb4626a92d4eab3	e4bb8e347627b496352007067f2ec48753bdafafe5fd14821aa0d81fd98ce1c9
P0008-093	第一周实战·补夜莺二简.txt	已修复	字词表	调序	tp	图片			3	按清单顺序	2026-09-21T23:01:44	调序 tp：铁、突破、投票、图片 → 铁、突破、图片、投票	7c97f99407d0531bdd3568b51a287a2866e6bd66938173e8fdb4626a92d4eab3	e4bb8e347627b496352007067f2ec48753bdafafe5fd14821aa0d81fd98ce1c9
P0008-094	第一周实战·补夜莺二简.txt	已修复	字词表	调序	tf	头发			1	按清单顺序	2026-09-21T23:01:44	调序 tf：头发 → 头发	7c97f99407d0531bdd3568b51a287a2866e6bd66938173e8fdb4626a92d4eab3	e4bb8e347627b496352007067f2ec48753bdafafe5fd14821aa0d81fd98ce1c9
P0008-095	第一周实战·补夜莺二简.txt	已修复	字词表	新增			tf	天赋	2	按清单顺序；清单未提的原有简词接在后面	2026-09-21T23:01:44	新增 tf,2=天赋 → 头发、天赋	7c97f99407d0531bdd3568b51a287a2866e6bd66938173e8fdb4626a92d4eab3	e4bb8e347627b496352007067f2ec48753bdafafe5fd14821aa0d81fd98ce1c9
P0008-096	第一周实战·补夜莺二简.txt	已修复	字词表	新增			tc	推测	2	按清单顺序；清单未提的原有简词接在后面	2026-09-21T23:01:44	新增 tc,2=推测 → 套、推测	7c97f99407d0531bdd3568b51a287a2866e6bd66938173e8fdb4626a92d4eab3	e4bb8e347627b496352007067f2ec48753bdafafe5fd14821aa0d81fd98ce1c9
P0008-097	第一周实战·补夜莺二简.txt	已修复	字词表	新增			tc	天才	3	按清单顺序；清单未提的原有简词接在后面	2026-09-21T23:01:44	新增 tc,3=天才 → 套、推测、天才	7c97f99407d0531bdd3568b51a287a2866e6bd66938173e8fdb4626a92d4eab3	e4bb8e347627b496352007067f2ec48753bdafafe5fd14821aa0d81fd98ce1c9
P0008-098	第一周实战·补夜莺二简.txt	已修复	字词表	调序	tb	特别			1	按清单顺序	2026-09-21T23:01:44	调序 tb：特别 → 特别	7c97f99407d0531bdd3568b51a287a2866e6bd66938173e8fdb4626a92d4eab3	e4bb8e347627b496352007067f2ec48753bdafafe5fd14821aa0d81fd98ce1c9
P0008-099	第一周实战·补夜莺二简.txt	已修复	字词表	新增			tb	淘宝	2	按清单顺序；清单未提的原有简词接在后面	2026-09-21T23:01:44	新增 tb,2=淘宝 → 特别、淘宝	7c97f99407d0531bdd3568b51a287a2866e6bd66938173e8fdb4626a92d4eab3	e4bb8e347627b496352007067f2ec48753bdafafe5fd14821aa0d81fd98ce1c9
P0008-100	第一周实战·补夜莺二简.txt	已修复	字词表	新增			tn	头脑	2	按清单顺序；清单未提的原有简词接在后面	2026-09-21T23:01:44	新增 tn,2=头脑 → 条、头脑	7c97f99407d0531bdd3568b51a287a2866e6bd66938173e8fdb4626a92d4eab3	e4bb8e347627b496352007067f2ec48753bdafafe5fd14821aa0d81fd98ce1c9
P0008-101	第一周实战·补夜莺二简.txt	已修复	字词表	新增			tn	体内	3	按清单顺序；清单未提的原有简词接在后面	2026-09-21T23:01:44	新增 tn,3=体内 → 条、头脑、体内	7c97f99407d0531bdd3568b51a287a2866e6bd66938173e8fdb4626a92d4eab3	e4bb8e347627b496352007067f2ec48753bdafafe5fd14821aa0d81fd98ce1c9
P0008-102	第一周实战·补夜莺二简.txt	已修复	字词表	新增			ys	也是	2	按清单顺序；清单未提的原有简词接在后面	2026-09-21T23:01:44	新增 ys,2=也是 → 用、也是、又是、一丝	7c97f99407d0531bdd3568b51a287a2866e6bd66938173e8fdb4626a92d4eab3	e4bb8e347627b496352007067f2ec48753bdafafe5fd14821aa0d81fd98ce1c9
P0008-103	第一周实战·补夜莺二简.txt	已修复	字词表	新增			ys	要是	3	按清单顺序；清单未提的原有简词接在后面	2026-09-21T23:01:44	新增 ys,3=要是 → 用、也是、要是、又是、一丝	7c97f99407d0531bdd3568b51a287a2866e6bd66938173e8fdb4626a92d4eab3	e4bb8e347627b496352007067f2ec48753bdafafe5fd14821aa0d81fd98ce1c9
P0008-104	第一周实战·补夜莺二简.txt	已修复	字词表	新增			us	神色	1	按清单顺序；清单未提的原有简词接在后面	2026-09-21T23:01:44	新增 us,1=神色 → 神色	7c97f99407d0531bdd3568b51a287a2866e6bd66938173e8fdb4626a92d4eab3	e4bb8e347627b496352007067f2ec48753bdafafe5fd14821aa0d81fd98ce1c9
P0008-105	第一周实战·补夜莺二简.txt	已修复	字词表	新增			us	生死	2	按清单顺序；清单未提的原有简词接在后面	2026-09-21T23:01:44	新增 us,2=生死 → 神色、生死	7c97f99407d0531bdd3568b51a287a2866e6bd66938173e8fdb4626a92d4eab3	e4bb8e347627b496352007067f2ec48753bdafafe5fd14821aa0d81fd98ce1c9
P0008-106	第一周实战·补夜莺二简.txt	已修复	字词表	调序	iw	成为			1	按清单顺序	2026-09-21T23:01:44	调序 iw：成为 → 成为	7c97f99407d0531bdd3568b51a287a2866e6bd66938173e8fdb4626a92d4eab3	e4bb8e347627b496352007067f2ec48753bdafafe5fd14821aa0d81fd98ce1c9
P0008-107	第一周实战·补夜莺二简.txt	已修复	字词表	新增			iw	称为	2	按清单顺序；清单未提的原有简词接在后面	2026-09-21T23:01:44	新增 iw,2=称为 → 成为、称为	7c97f99407d0531bdd3568b51a287a2866e6bd66938173e8fdb4626a92d4eab3	e4bb8e347627b496352007067f2ec48753bdafafe5fd14821aa0d81fd98ce1c9
P0008-108	第一周实战·补夜莺二简.txt	已修复	字词表	调序	ir	承认			2	按清单顺序	2026-09-21T23:01:44	调序 ir：穿、承认 → 穿、承认	7c97f99407d0531bdd3568b51a287a2866e6bd66938173e8fdb4626a92d4eab3	e4bb8e347627b496352007067f2ec48753bdafafe5fd14821aa0d81fd98ce1c9
P0008-109	第一周实战·补夜莺二简.txt	已修复	字词表	新增			ir	成人	3	按清单顺序；清单未提的原有简词接在后面	2026-09-21T23:01:44	新增 ir,3=成人 → 穿、承认、成人	7c97f99407d0531bdd3568b51a287a2866e6bd66938173e8fdb4626a92d4eab3	e4bb8e347627b496352007067f2ec48753bdafafe5fd14821aa0d81fd98ce1c9
P0008-110	第一周实战·补夜莺二简.txt	已修复	字词表	新增			ic	尺寸	2	按清单顺序；清单未提的原有简词接在后面	2026-09-21T23:01:44	新增 ic,2=尺寸 → 超、尺寸	7c97f99407d0531bdd3568b51a287a2866e6bd66938173e8fdb4626a92d4eab3	e4bb8e347627b496352007067f2ec48753bdafafe5fd14821aa0d81fd98ce1c9
P0008-111	第一周实战·补夜莺二简.txt	已修复	字词表	调序	iv	成长			2	按清单顺序	2026-09-21T23:01:44	调序 iv：吹、成长 → 吹、成长	7c97f99407d0531bdd3568b51a287a2866e6bd66938173e8fdb4626a92d4eab3	e4bb8e347627b496352007067f2ec48753bdafafe5fd14821aa0d81fd98ce1c9
P0008-112	第一周实战·补夜莺二简.txt	已修复	字词表	新增			iv	穿着	3	按清单顺序；清单未提的原有简词接在后面	2026-09-21T23:01:44	新增 iv,3=穿着 → 吹、成长、穿着	7c97f99407d0531bdd3568b51a287a2866e6bd66938173e8fdb4626a92d4eab3	e4bb8e347627b496352007067f2ec48753bdafafe5fd14821aa0d81fd98ce1c9
P0008-113	第一周实战·补夜莺二简.txt	已修复	字词表	新增			ib	成本	1	按清单顺序；清单未提的原有简词接在后面	2026-09-21T23:01:44	新增 ib,1=成本 → 成本、崇拜	7c97f99407d0531bdd3568b51a287a2866e6bd66938173e8fdb4626a92d4eab3	e4bb8e347627b496352007067f2ec48753bdafafe5fd14821aa0d81fd98ce1c9
P0008-114	第一周实战·补夜莺二简.txt	已修复	字词表	调序	ib	崇拜			2	按清单顺序	2026-09-21T23:01:44	调序 ib：成本、崇拜 → 成本、崇拜	7c97f99407d0531bdd3568b51a287a2866e6bd66938173e8fdb4626a92d4eab3	e4bb8e347627b496352007067f2ec48753bdafafe5fd14821aa0d81fd98ce1c9
P0008-115	第一周实战·补夜莺二简.txt	已修复	字词表	新增			in	成年	1	按清单顺序；清单未提的原有简词接在后面	2026-09-21T23:01:44	新增 in,1=成年 → 成年、承诺	7c97f99407d0531bdd3568b51a287a2866e6bd66938173e8fdb4626a92d4eab3	e4bb8e347627b496352007067f2ec48753bdafafe5fd14821aa0d81fd98ce1c9
P0008-116	第一周实战·补夜莺二简.txt	已修复	字词表	调序	in	承诺			2	按清单顺序	2026-09-21T23:01:44	调序 in：成年、承诺 → 成年、承诺	7c97f99407d0531bdd3568b51a287a2866e6bd66938173e8fdb4626a92d4eab3	e4bb8e347627b496352007067f2ec48753bdafafe5fd14821aa0d81fd98ce1c9
P0008-117	第一周实战·补夜莺二简.txt	已修复	字词表	新增			or	偶然	1	按清单顺序；清单未提的原有简词接在后面	2026-09-21T23:01:44	新增 or,1=偶然 → 偶然	7c97f99407d0531bdd3568b51a287a2866e6bd66938173e8fdb4626a92d4eab3	e4bb8e347627b496352007067f2ec48753bdafafe5fd14821aa0d81fd98ce1c9
P0008-118	第一周实战·补夜莺二简.txt	已修复	字词表	新增			ot	呕吐	1	按清单顺序；清单未提的原有简词接在后面	2026-09-21T23:01:44	新增 ot,1=呕吐 → 呕吐	7c97f99407d0531bdd3568b51a287a2866e6bd66938173e8fdb4626a92d4eab3	e4bb8e347627b496352007067f2ec48753bdafafe5fd14821aa0d81fd98ce1c9
P0008-119	第一周实战·补夜莺二简.txt	已修复	字词表	调序	pq	脾气			1	按清单顺序	2026-09-21T23:01:44	调序 pq：脾气 → 脾气	7c97f99407d0531bdd3568b51a287a2866e6bd66938173e8fdb4626a92d4eab3	e4bb8e347627b496352007067f2ec48753bdafafe5fd14821aa0d81fd98ce1c9
P0008-120	第一周实战·补夜莺二简.txt	已修复	字词表	新增			pq	贫穷	2	按清单顺序；清单未提的原有简词接在后面	2026-09-21T23:01:44	新增 pq,2=贫穷 → 脾气、贫穷	7c97f99407d0531bdd3568b51a287a2866e6bd66938173e8fdb4626a92d4eab3	e4bb8e347627b496352007067f2ec48753bdafafe5fd14821aa0d81fd98ce1c9
P0008-121	第一周实战·补夜莺二简.txt	已修复	字词表	新增			pw	颇为	2	按清单顺序；清单未提的原有简词接在后面	2026-09-21T23:01:44	新增 pw,2=颇为 → 配、颇为	7c97f99407d0531bdd3568b51a287a2866e6bd66938173e8fdb4626a92d4eab3	e4bb8e347627b496352007067f2ec48753bdafafe5fd14821aa0d81fd98ce1c9
P0008-122	第一周实战·补夜莺二简.txt	已修复	字词表	新增			pr	骗人	1	按清单顺序；清单未提的原有简词接在后面	2026-09-21T23:01:44	新增 pr,1=骗人 → 骗人	7c97f99407d0531bdd3568b51a287a2866e6bd66938173e8fdb4626a92d4eab3	e4bb8e347627b496352007067f2ec48753bdafafe5fd14821aa0d81fd98ce1c9
P0008-123	第一周实战·补夜莺二简.txt	已修复	字词表	新增			pr	派人	2	按清单顺序；清单未提的原有简词接在后面	2026-09-21T23:01:44	新增 pr,2=派人 → 骗人、派人	7c97f99407d0531bdd3568b51a287a2866e6bd66938173e8fdb4626a92d4eab3	e4bb8e347627b496352007067f2ec48753bdafafe5fd14821aa0d81fd98ce1c9
P0008-124	第一周实战·补夜莺二简.txt	已修复	字词表	新增			pi	平常	2	按清单顺序；清单未提的原有简词接在后面	2026-09-21T23:01:44	新增 pi,2=平常 → 批、平常	7c97f99407d0531bdd3568b51a287a2866e6bd66938173e8fdb4626a92d4eab3	e4bb8e347627b496352007067f2ec48753bdafafe5fd14821aa0d81fd98ce1c9
P0008-125	第一周实战·补夜莺二简.txt	已修复	字词表	新增			pi	赔偿	3	按清单顺序；清单未提的原有简词接在后面	2026-09-21T23:01:44	新增 pi,3=赔偿 → 批、平常、赔偿	7c97f99407d0531bdd3568b51a287a2866e6bd66938173e8fdb4626a92d4eab3	e4bb8e347627b496352007067f2ec48753bdafafe5fd14821aa0d81fd98ce1c9
P0008-126	第一周实战·补夜莺二简.txt	已修复	字词表	新增			ps	破碎	1	按清单顺序；清单未提的原有简词接在后面	2026-09-21T23:01:44	新增 ps,1=破碎 → 破碎	7c97f99407d0531bdd3568b51a287a2866e6bd66938173e8fdb4626a92d4eab3	e4bb8e347627b496352007067f2ec48753bdafafe5fd14821aa0d81fd98ce1c9
P0008-127	第一周实战·补夜莺二简.txt	已修复	字词表	调序	pf	皮肤			2	按清单顺序	2026-09-21T23:01:44	调序 pf：盆、皮肤 → 盆、皮肤	7c97f99407d0531bdd3568b51a287a2866e6bd66938173e8fdb4626a92d4eab3	e4bb8e347627b496352007067f2ec48753bdafafe5fd14821aa0d81fd98ce1c9
P0008-128	第一周实战·补夜莺二简.txt	已修复	字词表	新增			pf	平凡	3	按清单顺序；清单未提的原有简词接在后面	2026-09-21T23:01:44	新增 pf,3=平凡 → 盆、皮肤、平凡	7c97f99407d0531bdd3568b51a287a2866e6bd66938173e8fdb4626a92d4eab3	e4bb8e347627b496352007067f2ec48753bdafafe5fd14821aa0d81fd98ce1c9
P0008-129	第一周实战·补夜莺二简.txt	已修复	字词表	新增			pk	片刻	2	按清单顺序；清单未提的原有简词接在后面	2026-09-21T23:01:44	新增 pk,2=片刻 → 平、片刻	7c97f99407d0531bdd3568b51a287a2866e6bd66938173e8fdb4626a92d4eab3	e4bb8e347627b496352007067f2ec48753bdafafe5fd14821aa0d81fd98ce1c9
P0008-130	第一周实战·补夜莺二简.txt	已修复	字词表	调序	pv	拍照			1	按清单顺序	2026-09-21T23:01:44	调序 pv：拍照 → 拍照	7c97f99407d0531bdd3568b51a287a2866e6bd66938173e8fdb4626a92d4eab3	e4bb8e347627b496352007067f2ec48753bdafafe5fd14821aa0d81fd98ce1c9
P0008-131	第一周实战·补夜莺二简.txt	已修复	字词表	新增			pv	品质	2	按清单顺序；清单未提的原有简词接在后面	2026-09-21T23:01:44	新增 pv,2=品质 → 拍照、品质	7c97f99407d0531bdd3568b51a287a2866e6bd66938173e8fdb4626a92d4eab3	e4bb8e347627b496352007067f2ec48753bdafafe5fd14821aa0d81fd98ce1c9
P0008-132	第一周实战·补夜莺二简.txt	已修复	字词表	调序	pb	旁边			2	按清单顺序	2026-09-21T23:01:44	调序 pb：品、旁边 → 品、旁边	7c97f99407d0531bdd3568b51a287a2866e6bd66938173e8fdb4626a92d4eab3	e4bb8e347627b496352007067f2ec48753bdafafe5fd14821aa0d81fd98ce1c9
P0008-133	第一周实战·补夜莺二简.txt	已修复	字词表	新增			pb	陪伴	3	按清单顺序；清单未提的原有简词接在后面	2026-09-21T23:01:44	新增 pb,3=陪伴 → 品、旁边、陪伴	7c97f99407d0531bdd3568b51a287a2866e6bd66938173e8fdb4626a92d4eab3	e4bb8e347627b496352007067f2ec48753bdafafe5fd14821aa0d81fd98ce1c9
P0008-134	第一周实战·补夜莺二简.txt	已修复	字词表	调序	pm	排名			2	按清单顺序	2026-09-21T23:01:44	调序 pm：片、排名 → 片、排名	7c97f99407d0531bdd3568b51a287a2866e6bd66938173e8fdb4626a92d4eab3	e4bb8e347627b496352007067f2ec48753bdafafe5fd14821aa0d81fd98ce1c9
P0008-135	第一周实战·补夜莺二简.txt	已修复	字词表	新增			pm	屏幕	3	按清单顺序；清单未提的原有简词接在后面	2026-09-21T23:01:44	新增 pm,3=屏幕 → 片、排名、屏幕	7c97f99407d0531bdd3568b51a287a2866e6bd66938173e8fdb4626a92d4eab3	e4bb8e347627b496352007067f2ec48753bdafafe5fd14821aa0d81fd98ce1c9
P0008-136	第一周实战·补夜莺二简.txt	已修复	字词表	调序	aw	安慰			1	按清单顺序	2026-09-21T23:01:44	调序 aw：安慰 → 安慰	7c97f99407d0531bdd3568b51a287a2866e6bd66938173e8fdb4626a92d4eab3	e4bb8e347627b496352007067f2ec48753bdafafe5fd14821aa0d81fd98ce1c9
P0008-137	第一周实战·补夜莺二简.txt	已修复	字词表	新增			aw	安稳	2	按清单顺序；清单未提的原有简词接在后面	2026-09-21T23:01:44	新增 aw,2=安稳 → 安慰、安稳	7c97f99407d0531bdd3568b51a287a2866e6bd66938173e8fdb4626a92d4eab3	e4bb8e347627b496352007067f2ec48753bdafafe5fd14821aa0d81fd98ce1c9
P0008-138	第一周实战·补夜莺二简.txt	已修复	字词表	新增			at	艾特	1	按清单顺序；清单未提的原有简词接在后面	2026-09-21T23:01:44	新增 at,1=艾特 → 艾特	7c97f99407d0531bdd3568b51a287a2866e6bd66938173e8fdb4626a92d4eab3	e4bb8e347627b496352007067f2ec48753bdafafe5fd14821aa0d81fd98ce1c9
P0008-139	第一周实战·补夜莺二简.txt	已修复	字词表	新增			ay	阿姨	1	按清单顺序；清单未提的原有简词接在后面	2026-09-21T23:01:44	新增 ay,1=阿姨 → 阿姨、也有、也要、要用	7c97f99407d0531bdd3568b51a287a2866e6bd66938173e8fdb4626a92d4eab3	e4bb8e347627b496352007067f2ec48753bdafafe5fd14821aa0d81fd98ce1c9
P0008-140	第一周实战·补夜莺二简.txt	已修复	字词表	新增			ay	熬夜	2	按清单顺序；清单未提的原有简词接在后面	2026-09-21T23:01:44	新增 ay,2=熬夜 → 阿姨、熬夜、也有、也要、要用	7c97f99407d0531bdd3568b51a287a2866e6bd66938173e8fdb4626a92d4eab3	e4bb8e347627b496352007067f2ec48753bdafafe5fd14821aa0d81fd98ce1c9
P0008-141	第一周实战·补夜莺二简.txt	已修复	字词表	调序	au	爱上			1	按清单顺序	2026-09-21T23:01:44	调序 au：爱上 → 爱上	7c97f99407d0531bdd3568b51a287a2866e6bd66938173e8fdb4626a92d4eab3	e4bb8e347627b496352007067f2ec48753bdafafe5fd14821aa0d81fd98ce1c9
P0008-142	第一周实战·补夜莺二简.txt	已修复	字词表	新增			au	暗示	2	按清单顺序；清单未提的原有简词接在后面	2026-09-21T23:01:44	新增 au,2=暗示 → 爱上、暗示	7c97f99407d0531bdd3568b51a287a2866e6bd66938173e8fdb4626a92d4eab3	e4bb8e347627b496352007067f2ec48753bdafafe5fd14821aa0d81fd98ce1c9
P0008-143	第一周实战·补夜莺二简.txt	已修复	字词表	新增			ai	爱吃	2	按清单顺序；清单未提的原有简词接在后面	2026-09-21T23:01:44	新增 ai,2=爱吃 → 爱、爱吃	7c97f99407d0531bdd3568b51a287a2866e6bd66938173e8fdb4626a92d4eab3	e4bb8e347627b496352007067f2ec48753bdafafe5fd14821aa0d81fd98ce1c9
P0008-144	第一周实战·补夜莺二简.txt	已修复	字词表	新增			ad	黯淡	1	按清单顺序；清单未提的原有简词接在后面	2026-09-21T23:01:44	新增 ad,1=黯淡 → 黯淡	7c97f99407d0531bdd3568b51a287a2866e6bd66938173e8fdb4626a92d4eab3	e4bb8e347627b496352007067f2ec48753bdafafe5fd14821aa0d81fd98ce1c9
P0008-145	第一周实战·补夜莺二简.txt	已修复	字词表	新增			af	安抚	1	按清单顺序；清单未提的原有简词接在后面	2026-09-21T23:01:44	新增 af,1=安抚 → 安抚	7c97f99407d0531bdd3568b51a287a2866e6bd66938173e8fdb4626a92d4eab3	e4bb8e347627b496352007067f2ec48753bdafafe5fd14821aa0d81fd98ce1c9
P0008-146	第一周实战·补夜莺二简.txt	已修复	字词表	新增			ag	爱国	1	按清单顺序；清单未提的原有简词接在后面	2026-09-21T23:01:44	新增 ag,1=爱国 → 爱国	7c97f99407d0531bdd3568b51a287a2866e6bd66938173e8fdb4626a92d4eab3	e4bb8e347627b496352007067f2ec48753bdafafe5fd14821aa0d81fd98ce1c9
P0008-147	第一周实战·补夜莺二简.txt	已修复	字词表	新增			ah	爱好	2	按清单顺序；清单未提的原有简词接在后面	2026-09-21T23:01:44	新增 ah,2=爱好 → 昂、爱好	7c97f99407d0531bdd3568b51a287a2866e6bd66938173e8fdb4626a92d4eab3	e4bb8e347627b496352007067f2ec48753bdafafe5fd14821aa0d81fd98ce1c9
P0008-148	第一周实战·补夜莺二简.txt	已修复	字词表	新增			ak	安康	1	按清单顺序；清单未提的原有简词接在后面	2026-09-21T23:01:44	新增 ak,1=安康 → 安康	7c97f99407d0531bdd3568b51a287a2866e6bd66938173e8fdb4626a92d4eab3	e4bb8e347627b496352007067f2ec48753bdafafe5fd14821aa0d81fd98ce1c9
P0008-149	第一周实战·补夜莺二简.txt	已修复	字词表	新增			al	爱了	1	按清单顺序；清单未提的原有简词接在后面	2026-09-21T23:01:44	新增 al,1=爱了 → 爱了	7c97f99407d0531bdd3568b51a287a2866e6bd66938173e8fdb4626a92d4eab3	e4bb8e347627b496352007067f2ec48753bdafafe5fd14821aa0d81fd98ce1c9
P0008-150	第一周实战·补夜莺二简.txt	已修复	字词表	新增			al	案例	2	按清单顺序；清单未提的原有简词接在后面	2026-09-21T23:01:44	新增 al,2=案例 → 爱了、案例	7c97f99407d0531bdd3568b51a287a2866e6bd66938173e8fdb4626a92d4eab3	e4bb8e347627b496352007067f2ec48753bdafafe5fd14821aa0d81fd98ce1c9
P0008-151	第一周实战·补夜莺二简.txt	已修复	字词表	新增			az	案子	1	按清单顺序；清单未提的原有简词接在后面	2026-09-21T23:01:44	新增 az,1=案子 → 案子	7c97f99407d0531bdd3568b51a287a2866e6bd66938173e8fdb4626a92d4eab3	e4bb8e347627b496352007067f2ec48753bdafafe5fd14821aa0d81fd98ce1c9
P0008-152	第一周实战·补夜莺二简.txt	已修复	字词表	新增			az	暗自	2	按清单顺序；清单未提的原有简词接在后面	2026-09-21T23:01:44	新增 az,2=暗自 → 案子、暗自	7c97f99407d0531bdd3568b51a287a2866e6bd66938173e8fdb4626a92d4eab3	e4bb8e347627b496352007067f2ec48753bdafafe5fd14821aa0d81fd98ce1c9
P0008-153	第一周实战·补夜莺二简.txt	已修复	字词表	新增			ax	安心	1	按清单顺序；清单未提的原有简词接在后面	2026-09-21T23:01:44	新增 ax,1=安心 → 安心	7c97f99407d0531bdd3568b51a287a2866e6bd66938173e8fdb4626a92d4eab3	e4bb8e347627b496352007067f2ec48753bdafafe5fd14821aa0d81fd98ce1c9
P0008-154	第一周实战·补夜莺二简.txt	已修复	字词表	新增			an	按钮	2	按清单顺序；清单未提的原有简词接在后面	2026-09-21T23:01:44	新增 an,2=按钮 → 安、按钮	7c97f99407d0531bdd3568b51a287a2866e6bd66938173e8fdb4626a92d4eab3	e4bb8e347627b496352007067f2ec48753bdafafe5fd14821aa0d81fd98ce1c9
P0008-155	第一周实战·补夜莺二简.txt	已修复	字词表	新增			am	暧昧	1	按清单顺序；清单未提的原有简词接在后面	2026-09-21T23:01:44	新增 am,1=暧昧 → 暧昧	7c97f99407d0531bdd3568b51a287a2866e6bd66938173e8fdb4626a92d4eab3	e4bb8e347627b496352007067f2ec48753bdafafe5fd14821aa0d81fd98ce1c9
P0008-156	第一周实战·补夜莺二简.txt	已修复	字词表	新增			st	三天	1	按清单顺序；清单未提的原有简词接在后面	2026-09-21T23:01:44	新增 st,1=三天 → 三天	7c97f99407d0531bdd3568b51a287a2866e6bd66938173e8fdb4626a92d4eab3	e4bb8e347627b496352007067f2ec48753bdafafe5fd14821aa0d81fd98ce1c9
P0008-157	第一周实战·补夜莺二简.txt	已修复	字词表	新增			sp	碎片	1	按清单顺序；清单未提的原有简词接在后面	2026-09-21T23:01:44	新增 sp,1=碎片 → 碎片	7c97f99407d0531bdd3568b51a287a2866e6bd66938173e8fdb4626a92d4eab3	e4bb8e347627b496352007067f2ec48753bdafafe5fd14821aa0d81fd98ce1c9
P0008-158	第一周实战·补夜莺二简.txt	已修复	字词表	新增			ss	思索	2	按清单顺序；清单未提的原有简词接在后面	2026-09-21T23:01:44	新增 ss,2=思索 → 送、思索	7c97f99407d0531bdd3568b51a287a2866e6bd66938173e8fdb4626a92d4eab3	e4bb8e347627b496352007067f2ec48753bdafafe5fd14821aa0d81fd98ce1c9
P0008-159	第一周实战·补夜莺二简.txt	已修复	字词表	新增			ss	搜索	3	按清单顺序；清单未提的原有简词接在后面	2026-09-21T23:01:44	新增 ss,3=搜索 → 送、思索、搜索	7c97f99407d0531bdd3568b51a287a2866e6bd66938173e8fdb4626a92d4eab3	e4bb8e347627b496352007067f2ec48753bdafafe5fd14821aa0d81fd98ce1c9
P0008-160	第一周实战·补夜莺二简.txt	已修复	字词表	新增			sf	散发	2	按清单顺序；清单未提的原有简词接在后面	2026-09-21T23:01:44	新增 sf,2=散发 → 森、散发	7c97f99407d0531bdd3568b51a287a2866e6bd66938173e8fdb4626a92d4eab3	e4bb8e347627b496352007067f2ec48753bdafafe5fd14821aa0d81fd98ce1c9
P0008-161	第一周实战·补夜莺二简.txt	已修复	字词表	调序	sk	思考			1	按清单顺序	2026-09-21T23:01:44	调序 sk：思考 → 思考	7c97f99407d0531bdd3568b51a287a2866e6bd66938173e8fdb4626a92d4eab3	e4bb8e347627b496352007067f2ec48753bdafafe5fd14821aa0d81fd98ce1c9
P0008-162	第一周实战·补夜莺二简.txt	已修复	字词表	新增			sk	松开	2	按清单顺序；清单未提的原有简词接在后面	2026-09-21T23:01:44	新增 sk,2=松开 → 思考、松开	7c97f99407d0531bdd3568b51a287a2866e6bd66938173e8fdb4626a92d4eab3	e4bb8e347627b496352007067f2ec48753bdafafe5fd14821aa0d81fd98ce1c9
P0008-163	第一周实战·补夜莺二简.txt	已修复	字词表	新增			sl	算了	1	按清单顺序；清单未提的原有简词接在后面	2026-09-21T23:01:44	新增 sl,1=算了 → 算了、森林、苏联	7c97f99407d0531bdd3568b51a287a2866e6bd66938173e8fdb4626a92d4eab3	e4bb8e347627b496352007067f2ec48753bdafafe5fd14821aa0d81fd98ce1c9
P0008-164	第一周实战·补夜莺二简.txt	已修复	字词表	新增			sl	死了	2	按清单顺序；清单未提的原有简词接在后面	2026-09-21T23:01:44	新增 sl,2=死了 → 算了、死了、森林、苏联	7c97f99407d0531bdd3568b51a287a2866e6bd66938173e8fdb4626a92d4eab3	e4bb8e347627b496352007067f2ec48753bdafafe5fd14821aa0d81fd98ce1c9
P0008-165	第一周实战·补夜莺二简.txt	已修复	字词表	新增			sl	思路	3	按清单顺序；清单未提的原有简词接在后面	2026-09-21T23:01:44	新增 sl,3=思路 → 算了、死了、思路、森林、苏联	7c97f99407d0531bdd3568b51a287a2866e6bd66938173e8fdb4626a92d4eab3	e4bb8e347627b496352007067f2ec48753bdafafe5fd14821aa0d81fd98ce1c9
P0008-166	第一周实战·补夜莺二简.txt	已修复	字词表	新增			sc	色彩	2	按清单顺序；清单未提的原有简词接在后面	2026-09-21T23:01:44	新增 sc,2=色彩 → 扫、色彩	7c97f99407d0531bdd3568b51a287a2866e6bd66938173e8fdb4626a92d4eab3	e4bb8e347627b496352007067f2ec48753bdafafe5fd14821aa0d81fd98ce1c9
P0008-167	第一周实战·补夜莺二简.txt	已修复	字词表	新增			sn	思念	1	按清单顺序；清单未提的原有简词接在后面	2026-09-21T23:01:44	新增 sn,1=思念 → 思念	7c97f99407d0531bdd3568b51a287a2866e6bd66938173e8fdb4626a92d4eab3	e4bb8e347627b496352007067f2ec48753bdafafe5fd14821aa0d81fd98ce1c9
P0008-168	第一周实战·补夜莺二简.txt	已修复	字词表	调序	dt	冬天			1	按清单顺序	2026-09-21T23:01:44	调序 dt：冬天、地铁 → 冬天、地铁	7c97f99407d0531bdd3568b51a287a2866e6bd66938173e8fdb4626a92d4eab3	e4bb8e347627b496352007067f2ec48753bdafafe5fd14821aa0d81fd98ce1c9
P0008-169	第一周实战·补夜莺二简.txt	已修复	字词表	新增			dt	点头	2	按清单顺序；清单未提的原有简词接在后面	2026-09-21T23:01:44	新增 dt,2=点头 → 冬天、点头、地铁	7c97f99407d0531bdd3568b51a287a2866e6bd66938173e8fdb4626a92d4eab3	e4bb8e347627b496352007067f2ec48753bdafafe5fd14821aa0d81fd98ce1c9
P0008-170	第一周实战·补夜莺二简.txt	已修复	字词表	调序	dt	地铁			3	按清单顺序	2026-09-21T23:01:44	调序 dt：冬天、点头、地铁 → 冬天、点头、地铁	7c97f99407d0531bdd3568b51a287a2866e6bd66938173e8fdb4626a92d4eab3	e4bb8e347627b496352007067f2ec48753bdafafe5fd14821aa0d81fd98ce1c9
P0008-171	第一周实战·补夜莺二简.txt	已修复	字词表	新增			dp	搭配	2	按清单顺序；清单未提的原有简词接在后面	2026-09-21T23:01:44	新增 dp,2=搭配 → 爹、搭配	7c97f99407d0531bdd3568b51a287a2866e6bd66938173e8fdb4626a92d4eab3	e4bb8e347627b496352007067f2ec48753bdafafe5fd14821aa0d81fd98ce1c9
P0008-172	第一周实战·补夜莺二简.txt	已修复	字词表	新增			dp	店铺	3	按清单顺序；清单未提的原有简词接在后面	2026-09-21T23:01:44	新增 dp,3=店铺 → 爹、搭配、店铺	7c97f99407d0531bdd3568b51a287a2866e6bd66938173e8fdb4626a92d4eab3	e4bb8e347627b496352007067f2ec48753bdafafe5fd14821aa0d81fd98ce1c9
P0008-173	第一周实战·补夜莺二简.txt	已修复	字词表	调序	dh	电话			2	按清单顺序	2026-09-21T23:01:44	调序 dh：当、电话、的话 → 当、电话、的话	7c97f99407d0531bdd3568b51a287a2866e6bd66938173e8fdb4626a92d4eab3	e4bb8e347627b496352007067f2ec48753bdafafe5fd14821aa0d81fd98ce1c9
P0008-174	第一周实战·补夜莺二简.txt	已修复	字词表	新增			dh	都会	3	按清单顺序；清单未提的原有简词接在后面	2026-09-21T23:01:44	新增 dh,3=都会 → 当、电话、都会、的话	7c97f99407d0531bdd3568b51a287a2866e6bd66938173e8fdb4626a92d4eab3	e4bb8e347627b496352007067f2ec48753bdafafe5fd14821aa0d81fd98ce1c9
P0008-175	第一周实战·补夜莺二简.txt	已修复	字词表	调序	dk	打开			2	按清单顺序	2026-09-21T23:01:44	调序 dk：定、打开 → 定、打开	7c97f99407d0531bdd3568b51a287a2866e6bd66938173e8fdb4626a92d4eab3	e4bb8e347627b496352007067f2ec48753bdafafe5fd14821aa0d81fd98ce1c9
P0008-176	第一周实战·补夜莺二简.txt	已修复	字词表	新增			dk	对抗	3	按清单顺序；清单未提的原有简词接在后面	2026-09-21T23:01:44	新增 dk,3=对抗 → 定、打开、对抗	7c97f99407d0531bdd3568b51a287a2866e6bd66938173e8fdb4626a92d4eab3	e4bb8e347627b496352007067f2ec48753bdafafe5fd14821aa0d81fd98ce1c9
P0008-177	第一周实战·补夜莺二简.txt	已修复	字词表	调序	dl	带来			1	按清单顺序	2026-09-21T23:01:44	调序 dl：带来、道理、独立 → 带来、道理、独立	7c97f99407d0531bdd3568b51a287a2866e6bd66938173e8fdb4626a92d4eab3	e4bb8e347627b496352007067f2ec48753bdafafe5fd14821aa0d81fd98ce1c9
P0008-178	第一周实战·补夜莺二简.txt	已修复	字词表	新增			dl	到了	2	按清单顺序；清单未提的原有简词接在后面	2026-09-21T23:01:44	新增 dl,2=到了 → 带来、到了、道理、独立	7c97f99407d0531bdd3568b51a287a2866e6bd66938173e8fdb4626a92d4eab3	e4bb8e347627b496352007067f2ec48753bdafafe5fd14821aa0d81fd98ce1c9
P0008-179	第一周实战·补夜莺二简.txt	已修复	字词表	新增			dl	大量	3	按清单顺序；清单未提的原有简词接在后面	2026-09-21T23:01:44	新增 dl,3=大量 → 带来、到了、大量、道理、独立	7c97f99407d0531bdd3568b51a287a2866e6bd66938173e8fdb4626a92d4eab3	e4bb8e347627b496352007067f2ec48753bdafafe5fd14821aa0d81fd98ce1c9
P0008-180	第一周实战·补夜莺二简.txt	已修复	字词表	新增			dc	对此	2	按清单顺序；清单未提的原有简词接在后面	2026-09-21T23:01:44	新增 dc,2=对此 → 到、对此	7c97f99407d0531bdd3568b51a287a2866e6bd66938173e8fdb4626a92d4eab3	e4bb8e347627b496352007067f2ec48753bdafafe5fd14821aa0d81fd98ce1c9
P0008-181	第一周实战·补夜莺二简.txt	已修复	字词表	调序	db	代表			1	按清单顺序	2026-09-21T23:01:44	调序 db：代表 → 代表	7c97f99407d0531bdd3568b51a287a2866e6bd66938173e8fdb4626a92d4eab3	e4bb8e347627b496352007067f2ec48753bdafafe5fd14821aa0d81fd98ce1c9
P0008-182	第一周实战·补夜莺二简.txt	已修复	字词表	新增			db	对比	2	按清单顺序；清单未提的原有简词接在后面	2026-09-21T23:01:44	新增 db,2=对比 → 代表、对比	7c97f99407d0531bdd3568b51a287a2866e6bd66938173e8fdb4626a92d4eab3	e4bb8e347627b496352007067f2ec48753bdafafe5fd14821aa0d81fd98ce1c9
P0008-183	第一周实战·补夜莺二简.txt	已修复	字词表	调序	fr	夫人			1	按清单顺序	2026-09-21T23:01:44	调序 fr：夫人 → 夫人	7c97f99407d0531bdd3568b51a287a2866e6bd66938173e8fdb4626a92d4eab3	e4bb8e347627b496352007067f2ec48753bdafafe5fd14821aa0d81fd98ce1c9
P0008-184	第一周实战·补夜莺二简.txt	已修复	字词表	新增			fr	妇人	2	按清单顺序；清单未提的原有简词接在后面	2026-09-21T23:01:44	新增 fr,2=妇人 → 夫人、妇人	7c97f99407d0531bdd3568b51a287a2866e6bd66938173e8fdb4626a92d4eab3	e4bb8e347627b496352007067f2ec48753bdafafe5fd14821aa0d81fd98ce1c9
P0008-185	第一周实战·补夜莺二简.txt	已修复	字词表	调序	fl	法律			1	按清单顺序	2026-09-21T23:01:44	调序 fl：法律 → 法律	7c97f99407d0531bdd3568b51a287a2866e6bd66938173e8fdb4626a92d4eab3	e4bb8e347627b496352007067f2ec48753bdafafe5fd14821aa0d81fd98ce1c9
P0008-186	第一周实战·补夜莺二简.txt	已修复	字词表	新增			fl	发了	2	按清单顺序；清单未提的原有简词接在后面	2026-09-21T23:01:44	新增 fl,2=发了 → 法律、发了	7c97f99407d0531bdd3568b51a287a2866e6bd66938173e8fdb4626a92d4eab3	e4bb8e347627b496352007067f2ec48753bdafafe5fd14821aa0d81fd98ce1c9
P0008-187	第一周实战·补夜莺二简.txt	已修复	字词表	新增			fc	方才	1	按清单顺序；清单未提的原有简词接在后面	2026-09-21T23:01:44	新增 fc,1=方才 → 方才	7c97f99407d0531bdd3568b51a287a2866e6bd66938173e8fdb4626a92d4eab3	e4bb8e347627b496352007067f2ec48753bdafafe5fd14821aa0d81fd98ce1c9
P0008-188	第一周实战·补夜莺二简.txt	已修复	字词表	新增			fc	讽刺	2	按清单顺序；清单未提的原有简词接在后面	2026-09-21T23:01:44	新增 fc,2=讽刺 → 方才、讽刺	7c97f99407d0531bdd3568b51a287a2866e6bd66938173e8fdb4626a92d4eab3	e4bb8e347627b496352007067f2ec48753bdafafe5fd14821aa0d81fd98ce1c9
P0008-189	第一周实战·补夜莺二简.txt	已修复	字词表	新增			fc	服从	3	按清单顺序；清单未提的原有简词接在后面	2026-09-21T23:01:44	新增 fc,3=服从 → 方才、讽刺、服从	7c97f99407d0531bdd3568b51a287a2866e6bd66938173e8fdb4626a92d4eab3	e4bb8e347627b496352007067f2ec48753bdafafe5fd14821aa0d81fd98ce1c9
P0008-190	第一周实战·补夜莺二简.txt	已修复	字词表	调序	gw	各位			2	按清单顺序	2026-09-21T23:01:44	调序 gw：给、各位、国王 → 给、各位、国王	7c97f99407d0531bdd3568b51a287a2866e6bd66938173e8fdb4626a92d4eab3	e4bb8e347627b496352007067f2ec48753bdafafe5fd14821aa0d81fd98ce1c9
P0008-191	第一周实战·补夜莺二简.txt	已修复	字词表	新增			gw	格外	3	按清单顺序；清单未提的原有简词接在后面	2026-09-21T23:01:44	新增 gw,3=格外 → 给、各位、格外、国王	7c97f99407d0531bdd3568b51a287a2866e6bd66938173e8fdb4626a92d4eab3	e4bb8e347627b496352007067f2ec48753bdafafe5fd14821aa0d81fd98ce1c9
P0008-192	第一周实战·补夜莺二简.txt	已修复	字词表	新增			ge	感恩	2	按清单顺序；清单未提的原有简词接在后面	2026-09-21T23:01:44	新增 ge,2=感恩 → 哥、感恩	7c97f99407d0531bdd3568b51a287a2866e6bd66938173e8fdb4626a92d4eab3	e4bb8e347627b496352007067f2ec48753bdafafe5fd14821aa0d81fd98ce1c9
P0008-193	第一周实战·补夜莺二简.txt	已修复	字词表	调序	gy	关于			2	按清单顺序	2026-09-21T23:01:44	调序 gy：滚、关于、公园 → 滚、关于、公园	7c97f99407d0531bdd3568b51a287a2866e6bd66938173e8fdb4626a92d4eab3	e4bb8e347627b496352007067f2ec48753bdafafe5fd14821aa0d81fd98ce1c9
P0008-194	第一周实战·补夜莺二简.txt	已修复	字词表	新增			gy	故意	3	按清单顺序；清单未提的原有简词接在后面	2026-09-21T23:01:44	新增 gy,3=故意 → 滚、关于、故意、公园	7c97f99407d0531bdd3568b51a287a2866e6bd66938173e8fdb4626a92d4eab3	e4bb8e347627b496352007067f2ec48753bdafafe5fd14821aa0d81fd98ce1c9
P0008-195	第一周实战·补夜莺二简.txt	已修复	字词表	调序	gp	公平			1	按清单顺序	2026-09-21T23:01:44	调序 gp：公平 → 公平	7c97f99407d0531bdd3568b51a287a2866e6bd66938173e8fdb4626a92d4eab3	e4bb8e347627b496352007067f2ec48753bdafafe5fd14821aa0d81fd98ce1c9
P0008-196	第一周实战·补夜莺二简.txt	已修复	字词表	新增			gp	股票	2	按清单顺序；清单未提的原有简词接在后面	2026-09-21T23:01:44	新增 gp,2=股票 → 公平、股票	7c97f99407d0531bdd3568b51a287a2866e6bd66938173e8fdb4626a92d4eab3	e4bb8e347627b496352007067f2ec48753bdafafe5fd14821aa0d81fd98ce1c9
P0008-197	第一周实战·补夜莺二简.txt	已修复	字词表	新增			ga	公安	2	按清单顺序；清单未提的原有简词接在后面	2026-09-21T23:01:44	新增 ga,2=公安 → 嘎、公安	7c97f99407d0531bdd3568b51a287a2866e6bd66938173e8fdb4626a92d4eab3	e4bb8e347627b496352007067f2ec48753bdafafe5fd14821aa0d81fd98ce1c9
P0008-198	第一周实战·补夜莺二简.txt	已修复	字词表	新增			ga	关爱	3	按清单顺序；清单未提的原有简词接在后面	2026-09-21T23:01:44	新增 ga,3=关爱 → 嘎、公安、关爱	7c97f99407d0531bdd3568b51a287a2866e6bd66938173e8fdb4626a92d4eab3	e4bb8e347627b496352007067f2ec48753bdafafe5fd14821aa0d81fd98ce1c9
P0008-199	第一周实战·补夜莺二简.txt	已修复	字词表	调序	gh	规划			2	按清单顺序	2026-09-21T23:01:44	调序 gh：刚、规划 → 刚、规划	7c97f99407d0531bdd3568b51a287a2866e6bd66938173e8fdb4626a92d4eab3	e4bb8e347627b496352007067f2ec48753bdafafe5fd14821aa0d81fd98ce1c9
P0008-200	第一周实战·补夜莺二简.txt	已修复	字词表	新增			gh	更好	3	按清单顺序；清单未提的原有简词接在后面	2026-09-21T23:01:44	新增 gh,3=更好 → 刚、规划、更好	7c97f99407d0531bdd3568b51a287a2866e6bd66938173e8fdb4626a92d4eab3	e4bb8e347627b496352007067f2ec48753bdafafe5fd14821aa0d81fd98ce1c9
P0008-201	第一周实战·补夜莺二简.txt	已修复	字词表	调序	gc	刚才			2	按清单顺序	2026-09-21T23:01:44	调序 gc：高、刚才 → 高、刚才	7c97f99407d0531bdd3568b51a287a2866e6bd66938173e8fdb4626a92d4eab3	e4bb8e347627b496352007067f2ec48753bdafafe5fd14821aa0d81fd98ce1c9
P0008-202	第一周实战·补夜莺二简.txt	已修复	字词表	新增			gc	干脆	3	按清单顺序；清单未提的原有简词接在后面	2026-09-21T23:01:44	新增 gc,3=干脆 → 高、刚才、干脆	7c97f99407d0531bdd3568b51a287a2866e6bd66938173e8fdb4626a92d4eab3	e4bb8e347627b496352007067f2ec48753bdafafe5fd14821aa0d81fd98ce1c9
P0008-203	第一周实战·补夜莺二简.txt	已修复	字词表	新增			gm	干嘛	1	按清单顺序；清单未提的原有简词接在后面	2026-09-21T23:01:44	新增 gm,1=干嘛 → 干嘛、革命、感冒、公民	7c97f99407d0531bdd3568b51a287a2866e6bd66938173e8fdb4626a92d4eab3	e4bb8e347627b496352007067f2ec48753bdafafe5fd14821aa0d81fd98ce1c9
P0008-204	第一周实战·补夜莺二简.txt	已修复	字词表	新增			gm	购买	2	按清单顺序；清单未提的原有简词接在后面	2026-09-21T23:01:44	新增 gm,2=购买 → 干嘛、购买、革命、感冒、公民	7c97f99407d0531bdd3568b51a287a2866e6bd66938173e8fdb4626a92d4eab3	e4bb8e347627b496352007067f2ec48753bdafafe5fd14821aa0d81fd98ce1c9
P0008-205	第一周实战·补夜莺二简.txt	已修复	字词表	调序	gm	感冒			3	按清单顺序	2026-09-21T23:01:44	调序 gm：干嘛、购买、革命、感冒、公民 → 干嘛、购买、感冒、革命、公民	7c97f99407d0531bdd3568b51a287a2866e6bd66938173e8fdb4626a92d4eab3	e4bb8e347627b496352007067f2ec48753bdafafe5fd14821aa0d81fd98ce1c9
P0008-206	第一周实战·补夜莺二简.txt	已修复	字词表	新增			hw	还未	2	按清单顺序；清单未提的原有简词接在后面	2026-09-21T23:01:44	新增 hw,2=还未 → 黑、还未、好玩	7c97f99407d0531bdd3568b51a287a2866e6bd66938173e8fdb4626a92d4eab3	e4bb8e347627b496352007067f2ec48753bdafafe5fd14821aa0d81fd98ce1c9
P0008-207	第一周实战·补夜莺二简.txt	已修复	字词表	新增			hw	毫无	3	按清单顺序；清单未提的原有简词接在后面	2026-09-21T23:01:44	新增 hw,3=毫无 → 黑、还未、毫无、好玩	7c97f99407d0531bdd3568b51a287a2866e6bd66938173e8fdb4626a92d4eab3	e4bb8e347627b496352007067f2ec48753bdafafe5fd14821aa0d81fd98ce1c9
P0008-208	第一周实战·补夜莺二简.txt	已修复	字词表	新增			he	会儿	2	按清单顺序；清单未提的原有简词接在后面	2026-09-21T23:01:44	新增 he,2=会儿 → 合、会儿	7c97f99407d0531bdd3568b51a287a2866e6bd66938173e8fdb4626a92d4eab3	e4bb8e347627b496352007067f2ec48753bdafafe5fd14821aa0d81fd98ce1c9
P0008-209	第一周实战·补夜莺二简.txt	已修复	字词表	调序	hr	忽然			2	按清单顺序	2026-09-21T23:01:44	调序 hr：换、忽然 → 换、忽然	7c97f99407d0531bdd3568b51a287a2866e6bd66938173e8fdb4626a92d4eab3	e4bb8e347627b496352007067f2ec48753bdafafe5fd14821aa0d81fd98ce1c9
P0008-210	第一周实战·补夜莺二简.txt	已修复	字词表	新增			hr	好人	3	按清单顺序；清单未提的原有简词接在后面	2026-09-21T23:01:44	新增 hr,3=好人 → 换、忽然、好人	7c97f99407d0531bdd3568b51a287a2866e6bd66938173e8fdb4626a92d4eab3	e4bb8e347627b496352007067f2ec48753bdafafe5fd14821aa0d81fd98ce1c9
P0008-211	第一周实战·补夜莺二简.txt	已修复	字词表	新增			hg	后果	2	按清单顺序；清单未提的原有简词接在后面	2026-09-21T23:01:44	新增 hg,2=后果 → 横、后果、韩国	7c97f99407d0531bdd3568b51a287a2866e6bd66938173e8fdb4626a92d4eab3	e4bb8e347627b496352007067f2ec48753bdafafe5fd14821aa0d81fd98ce1c9
P0008-212	第一周实战·补夜莺二简.txt	已修复	字词表	新增			hg	回归	3	按清单顺序；清单未提的原有简词接在后面	2026-09-21T23:01:44	新增 hg,3=回归 → 横、后果、回归、韩国	7c97f99407d0531bdd3568b51a287a2866e6bd66938173e8fdb4626a92d4eab3	e4bb8e347627b496352007067f2ec48753bdafafe5fd14821aa0d81fd98ce1c9
P0008-213	第一周实战·补夜莺二简.txt	已修复	字词表	新增			hz	还在	2	按清单顺序；清单未提的原有简词接在后面	2026-09-21T23:01:44	新增 hz,2=还在 → 后、还在、孩子、合作	7c97f99407d0531bdd3568b51a287a2866e6bd66938173e8fdb4626a92d4eab3	e4bb8e347627b496352007067f2ec48753bdafafe5fd14821aa0d81fd98ce1c9
P0008-214	第一周实战·补夜莺二简.txt	已修复	字词表	调序	hz	孩子			3	按清单顺序	2026-09-21T23:01:44	调序 hz：后、还在、孩子、合作 → 后、还在、孩子、合作	7c97f99407d0531bdd3568b51a287a2866e6bd66938173e8fdb4626a92d4eab3	e4bb8e347627b496352007067f2ec48753bdafafe5fd14821aa0d81fd98ce1c9
P0008-215	第一周实战·补夜莺二简.txt	已修复	字词表	调序	hv	或者			2	按清单顺序	2026-09-21T23:01:44	调序 hv：会、或者、患者 → 会、或者、患者	7c97f99407d0531bdd3568b51a287a2866e6bd66938173e8fdb4626a92d4eab3	e4bb8e347627b496352007067f2ec48753bdafafe5fd14821aa0d81fd98ce1c9
P0008-216	第一周实战·补夜莺二简.txt	已修复	字词表	新增			hv	活着	3	按清单顺序；清单未提的原有简词接在后面	2026-09-21T23:01:44	新增 hv,3=活着 → 会、或者、活着、患者	7c97f99407d0531bdd3568b51a287a2866e6bd66938173e8fdb4626a92d4eab3	e4bb8e347627b496352007067f2ec48753bdafafe5fd14821aa0d81fd98ce1c9
P0008-217	第一周实战·补夜莺二简.txt	已修复	字词表	新增			hb	何必	1	按清单顺序；清单未提的原有简词接在后面	2026-09-21T23:01:44	新增 hb,1=何必 → 何必、伙伴	7c97f99407d0531bdd3568b51a287a2866e6bd66938173e8fdb4626a92d4eab3	e4bb8e347627b496352007067f2ec48753bdafafe5fd14821aa0d81fd98ce1c9
P0008-218	第一周实战·补夜莺二简.txt	已修复	字词表	新增			hb	还不	2	按清单顺序；清单未提的原有简词接在后面	2026-09-21T23:01:44	新增 hb,2=还不 → 何必、还不、伙伴	7c97f99407d0531bdd3568b51a287a2866e6bd66938173e8fdb4626a92d4eab3	e4bb8e347627b496352007067f2ec48753bdafafe5fd14821aa0d81fd98ce1c9
P0008-219	第一周实战·补夜莺二简.txt	已修复	字词表	新增			hn	很难	1	按清单顺序；清单未提的原有简词接在后面	2026-09-21T23:01:44	新增 hn,1=很难 → 很难、怀念	7c97f99407d0531bdd3568b51a287a2866e6bd66938173e8fdb4626a92d4eab3	e4bb8e347627b496352007067f2ec48753bdafafe5fd14821aa0d81fd98ce1c9
P0008-220	第一周实战·补夜莺二简.txt	已修复	字词表	新增			hn	还能	2	按清单顺序；清单未提的原有简词接在后面	2026-09-21T23:01:44	新增 hn,2=还能 → 很难、还能、怀念	7c97f99407d0531bdd3568b51a287a2866e6bd66938173e8fdb4626a92d4eab3	e4bb8e347627b496352007067f2ec48753bdafafe5fd14821aa0d81fd98ce1c9
P0008-221	第一周实战·补夜莺二简.txt	已修复	字词表	调序	hm	后面			1	按清单顺序	2026-09-21T23:01:44	调序 hm：后面、号码 → 后面、号码	7c97f99407d0531bdd3568b51a287a2866e6bd66938173e8fdb4626a92d4eab3	e4bb8e347627b496352007067f2ec48753bdafafe5fd14821aa0d81fd98ce1c9
P0008-222	第一周实战·补夜莺二简.txt	已修复	字词表	新增			hm	还没	2	按清单顺序；清单未提的原有简词接在后面	2026-09-21T23:01:44	新增 hm,2=还没 → 后面、还没、号码	7c97f99407d0531bdd3568b51a287a2866e6bd66938173e8fdb4626a92d4eab3	e4bb8e347627b496352007067f2ec48753bdafafe5fd14821aa0d81fd98ce1c9
P0008-223	第一周实战·补夜莺二简.txt	已修复	字词表	调序	jy	加油			2	按清单顺序	2026-09-21T23:01:44	调序 jy：军、加油、教育 → 军、加油、教育	7c97f99407d0531bdd3568b51a287a2866e6bd66938173e8fdb4626a92d4eab3	e4bb8e347627b496352007067f2ec48753bdafafe5fd14821aa0d81fd98ce1c9
P0008-224	第一周实战·补夜莺二简.txt	已修复	字词表	新增			jy	记忆	3	按清单顺序；清单未提的原有简词接在后面	2026-09-21T23:01:44	新增 jy,3=记忆 → 军、加油、记忆、教育	7c97f99407d0531bdd3568b51a287a2866e6bd66938173e8fdb4626a92d4eab3	e4bb8e347627b496352007067f2ec48753bdafafe5fd14821aa0d81fd98ce1c9
P0008-225	第一周实战·补夜莺二简.txt	已修复	字词表	调序	ji	坚持			2	按清单顺序	2026-09-21T23:01:44	调序 ji：己、坚持、警察 → 己、坚持、警察	7c97f99407d0531bdd3568b51a287a2866e6bd66938173e8fdb4626a92d4eab3	e4bb8e347627b496352007067f2ec48753bdafafe5fd14821aa0d81fd98ce1c9
P0008-226	第一周实战·补夜莺二简.txt	已修复	字词表	新增			ji	经常	3	按清单顺序；清单未提的原有简词接在后面	2026-09-21T23:01:44	新增 ji,3=经常 → 己、坚持、经常、警察	7c97f99407d0531bdd3568b51a287a2866e6bd66938173e8fdb4626a92d4eab3	e4bb8e347627b496352007067f2ec48753bdafafe5fd14821aa0d81fd98ce1c9
P0008-227	第一周实战·补夜莺二简.txt	已修复	字词表	新增			jp	键盘	2	按清单顺序；清单未提的原有简词接在后面	2026-09-21T23:01:44	新增 jp,2=键盘 → 接、键盘	7c97f99407d0531bdd3568b51a287a2866e6bd66938173e8fdb4626a92d4eab3	e4bb8e347627b496352007067f2ec48753bdafafe5fd14821aa0d81fd98ce1c9
P0008-228	第一周实战·补夜莺二简.txt	已修复	字词表	调序	jc	精彩			1	按清单顺序	2026-09-21T23:01:44	调序 jc：精彩 → 精彩	7c97f99407d0531bdd3568b51a287a2866e6bd66938173e8fdb4626a92d4eab3	e4bb8e347627b496352007067f2ec48753bdafafe5fd14821aa0d81fd98ce1c9
P0008-229	第一周实战·补夜莺二简.txt	已修复	字词表	新增			jc	几次	2	按清单顺序；清单未提的原有简词接在后面	2026-09-21T23:01:44	新增 jc,2=几次 → 精彩、几次	7c97f99407d0531bdd3568b51a287a2866e6bd66938173e8fdb4626a92d4eab3	e4bb8e347627b496352007067f2ec48753bdafafe5fd14821aa0d81fd98ce1c9
P0008-230	第一周实战·补夜莺二简.txt	已修复	字词表	调序	jv	简直			2	按清单顺序	2026-09-21T23:01:44	调序 jv：剧、记者、简直 → 剧、简直、记者	7c97f99407d0531bdd3568b51a287a2866e6bd66938173e8fdb4626a92d4eab3	e4bb8e347627b496352007067f2ec48753bdafafe5fd14821aa0d81fd98ce1c9
P0008-231	第一周实战·补夜莺二简.txt	已修复	字词表	新增			jv	接着	3	按清单顺序；清单未提的原有简词接在后面	2026-09-21T23:01:44	新增 jv,3=接着 → 剧、简直、接着、记者	7c97f99407d0531bdd3568b51a287a2866e6bd66938173e8fdb4626a92d4eab3	e4bb8e347627b496352007067f2ec48753bdafafe5fd14821aa0d81fd98ce1c9
P0008-232	第一周实战·补夜莺二简.txt	已修复	字词表	调序	jb	基本			2	按清单顺序	2026-09-21T23:01:44	调序 jb：进、基本、酒吧 → 进、基本、酒吧	7c97f99407d0531bdd3568b51a287a2866e6bd66938173e8fdb4626a92d4eab3	e4bb8e347627b496352007067f2ec48753bdafafe5fd14821aa0d81fd98ce1c9
P0008-233	第一周实战·补夜莺二简.txt	已修复	字词表	新增			jb	即便	3	按清单顺序；清单未提的原有简词接在后面	2026-09-21T23:01:44	新增 jb,3=即便 → 进、基本、即便、酒吧	7c97f99407d0531bdd3568b51a287a2866e6bd66938173e8fdb4626a92d4eab3	e4bb8e347627b496352007067f2ec48753bdafafe5fd14821aa0d81fd98ce1c9
P0008-234	第一周实战·补夜莺二简.txt	已修复	字词表	调序	jm	见面			2	按清单顺序	2026-09-21T23:01:44	调序 jm：见、节目、见面 → 见、见面、节目	7c97f99407d0531bdd3568b51a287a2866e6bd66938173e8fdb4626a92d4eab3	e4bb8e347627b496352007067f2ec48753bdafafe5fd14821aa0d81fd98ce1c9
P0008-235	第一周实战·补夜莺二简.txt	已修复	字词表	新增			jm	急忙	3	按清单顺序；清单未提的原有简词接在后面	2026-09-21T23:01:44	新增 jm,3=急忙 → 见、见面、急忙、节目	7c97f99407d0531bdd3568b51a287a2866e6bd66938173e8fdb4626a92d4eab3	e4bb8e347627b496352007067f2ec48753bdafafe5fd14821aa0d81fd98ce1c9
P0008-236	第一周实战·补夜莺二简.txt	已修复	字词表	调序	kw	渴望			1	按清单顺序	2026-09-21T23:01:44	调序 kw：渴望 → 渴望	7c97f99407d0531bdd3568b51a287a2866e6bd66938173e8fdb4626a92d4eab3	e4bb8e347627b496352007067f2ec48753bdafafe5fd14821aa0d81fd98ce1c9
P0008-237	第一周实战·补夜莺二简.txt	已修复	字词表	新增			kw	看完	2	按清单顺序；清单未提的原有简词接在后面	2026-09-21T23:01:44	新增 kw,2=看完 → 渴望、看完	7c97f99407d0531bdd3568b51a287a2866e6bd66938173e8fdb4626a92d4eab3	e4bb8e347627b496352007067f2ec48753bdafafe5fd14821aa0d81fd98ce1c9
P0008-238	第一周实战·补夜莺二简.txt	已修复	字词表	调序	kr	客人			2	按清单顺序	2026-09-21T23:01:44	调序 kr：宽、客人 → 宽、客人	7c97f99407d0531bdd3568b51a287a2866e6bd66938173e8fdb4626a92d4eab3	e4bb8e347627b496352007067f2ec48753bdafafe5fd14821aa0d81fd98ce1c9
P0008-239	第一周实战·补夜莺二简.txt	已修复	字词表	新增			kr	困扰	3	按清单顺序；清单未提的原有简词接在后面	2026-09-21T23:01:44	新增 kr,3=困扰 → 宽、客人、困扰	7c97f99407d0531bdd3568b51a287a2866e6bd66938173e8fdb4626a92d4eab3	e4bb8e347627b496352007067f2ec48753bdafafe5fd14821aa0d81fd98ce1c9
P0008-240	第一周实战·补夜莺二简.txt	已修复	字词表	新增			kt	开头	1	按清单顺序；清单未提的原有简词接在后面	2026-09-21T23:01:44	新增 kt,1=开头 → 开头	7c97f99407d0531bdd3568b51a287a2866e6bd66938173e8fdb4626a92d4eab3	e4bb8e347627b496352007067f2ec48753bdafafe5fd14821aa0d81fd98ce1c9
P0008-241	第一周实战·补夜莺二简.txt	已修复	字词表	调序	ky	可以			2	按清单顺序	2026-09-21T23:01:44	调序 ky：困、可以、快要 → 困、可以、快要	7c97f99407d0531bdd3568b51a287a2866e6bd66938173e8fdb4626a92d4eab3	e4bb8e347627b496352007067f2ec48753bdafafe5fd14821aa0d81fd98ce1c9
P0008-242	第一周实战·补夜莺二简.txt	已修复	字词表	新增			ky	刻意	3	按清单顺序；清单未提的原有简词接在后面	2026-09-21T23:01:44	新增 ky,3=刻意 → 困、可以、刻意、快要	7c97f99407d0531bdd3568b51a287a2866e6bd66938173e8fdb4626a92d4eab3	e4bb8e347627b496352007067f2ec48753bdafafe5fd14821aa0d81fd98ce1c9
P0008-243	第一周实战·补夜莺二简.txt	已修复	字词表	新增			ki	看出	1	按清单顺序；清单未提的原有简词接在后面	2026-09-21T23:01:44	新增 ki,1=看出 → 看出、开车	7c97f99407d0531bdd3568b51a287a2866e6bd66938173e8fdb4626a92d4eab3	e4bb8e347627b496352007067f2ec48753bdafafe5fd14821aa0d81fd98ce1c9
P0008-244	第一周实战·补夜莺二简.txt	已修复	字词表	调序	ki	开车			2	按清单顺序	2026-09-21T23:01:44	调序 ki：看出、开车 → 看出、开车	7c97f99407d0531bdd3568b51a287a2866e6bd66938173e8fdb4626a92d4eab3	e4bb8e347627b496352007067f2ec48753bdafafe5fd14821aa0d81fd98ce1c9
P0008-245	第一周实战·补夜莺二简.txt	已修复	字词表	新增			ks	看似	2	按清单顺序；清单未提的原有简词接在后面	2026-09-21T23:01:44	新增 ks,2=看似 → 空、看似、快速	7c97f99407d0531bdd3568b51a287a2866e6bd66938173e8fdb4626a92d4eab3	e4bb8e347627b496352007067f2ec48753bdafafe5fd14821aa0d81fd98ce1c9
P0008-246	第一周实战·补夜莺二简.txt	已修复	字词表	调序	ks	快速			3	按清单顺序	2026-09-21T23:01:44	调序 ks：空、看似、快速 → 空、看似、快速	7c97f99407d0531bdd3568b51a287a2866e6bd66938173e8fdb4626a92d4eab3	e4bb8e347627b496352007067f2ec48753bdafafe5fd14821aa0d81fd98ce1c9
P0008-247	第一周实战·补夜莺二简.txt	已修复	字词表	新增			kg	看过	2	按清单顺序；清单未提的原有简词接在后面	2026-09-21T23:01:44	新增 kg,2=看过 → 坑、看过	7c97f99407d0531bdd3568b51a287a2866e6bd66938173e8fdb4626a92d4eab3	e4bb8e347627b496352007067f2ec48753bdafafe5fd14821aa0d81fd98ce1c9
P0008-248	第一周实战·补夜莺二简.txt	已修复	字词表	新增			kg	开关	3	按清单顺序；清单未提的原有简词接在后面	2026-09-21T23:01:44	新增 kg,3=开关 → 坑、看过、开关	7c97f99407d0531bdd3568b51a287a2866e6bd66938173e8fdb4626a92d4eab3	e4bb8e347627b496352007067f2ec48753bdafafe5fd14821aa0d81fd98ce1c9
P0008-249	第一周实战·补夜莺二简.txt	已修复	字词表	调序	kh	客户			2	按清单顺序	2026-09-21T23:01:44	调序 kh：抗、客户 → 抗、客户	7c97f99407d0531bdd3568b51a287a2866e6bd66938173e8fdb4626a92d4eab3	e4bb8e347627b496352007067f2ec48753bdafafe5fd14821aa0d81fd98ce1c9
P0008-250	第一周实战·补夜莺二简.txt	已修复	字词表	新增			kh	考核	3	按清单顺序；清单未提的原有简词接在后面	2026-09-21T23:01:44	新增 kh,3=考核 → 抗、客户、考核	7c97f99407d0531bdd3568b51a287a2866e6bd66938173e8fdb4626a92d4eab3	e4bb8e347627b496352007067f2ec48753bdafafe5fd14821aa0d81fd98ce1c9
P0008-251	第一周实战·补夜莺二简.txt	已修复	字词表	调序	kz	裤子			2	按清单顺序	2026-09-21T23:01:44	调序 kz：口、裤子 → 口、裤子	7c97f99407d0531bdd3568b51a287a2866e6bd66938173e8fdb4626a92d4eab3	e4bb8e347627b496352007067f2ec48753bdafafe5fd14821aa0d81fd98ce1c9
P0008-252	第一周实战·补夜莺二简.txt	已修复	字词表	新增			kz	筷子	3	按清单顺序；清单未提的原有简词接在后面	2026-09-21T23:01:44	新增 kz,3=筷子 → 口、裤子、筷子	7c97f99407d0531bdd3568b51a287a2866e6bd66938173e8fdb4626a92d4eab3	e4bb8e347627b496352007067f2ec48753bdafafe5fd14821aa0d81fd98ce1c9
P0008-253	第一周实战·补夜莺二简.txt	已修复	字词表	新增			kc	库存	2	按清单顺序；清单未提的原有简词接在后面	2026-09-21T23:01:44	新增 kc,2=库存 → 靠、库存	7c97f99407d0531bdd3568b51a287a2866e6bd66938173e8fdb4626a92d4eab3	e4bb8e347627b496352007067f2ec48753bdafafe5fd14821aa0d81fd98ce1c9
P0008-254	第一周实战·补夜莺二简.txt	已修复	字词表	调序	kb	恐怖			1	按清单顺序	2026-09-21T23:01:44	调序 kb：恐怖 → 恐怖	7c97f99407d0531bdd3568b51a287a2866e6bd66938173e8fdb4626a92d4eab3	e4bb8e347627b496352007067f2ec48753bdafafe5fd14821aa0d81fd98ce1c9
P0008-255	第一周实战·补夜莺二简.txt	已修复	字词表	新增			kb	狂暴	2	按清单顺序；清单未提的原有简词接在后面	2026-09-21T23:01:44	新增 kb,2=狂暴 → 恐怖、狂暴	7c97f99407d0531bdd3568b51a287a2866e6bd66938173e8fdb4626a92d4eab3	e4bb8e347627b496352007067f2ec48753bdafafe5fd14821aa0d81fd98ce1c9
P0008-256	第一周实战·补夜莺二简.txt	已修复	字词表	新增			lq	力气	2	按清单顺序；清单未提的原有简词接在后面	2026-09-21T23:01:44	新增 lq,2=力气 → 流、力气	7c97f99407d0531bdd3568b51a287a2866e6bd66938173e8fdb4626a92d4eab3	e4bb8e347627b496352007067f2ec48753bdafafe5fd14821aa0d81fd98ce1c9
P0008-257	第一周实战·补夜莺二简.txt	已修复	字词表	新增			lq	离去	3	按清单顺序；清单未提的原有简词接在后面	2026-09-21T23:01:44	新增 lq,3=离去 → 流、力气、离去	7c97f99407d0531bdd3568b51a287a2866e6bd66938173e8fdb4626a92d4eab3	e4bb8e347627b496352007067f2ec48753bdafafe5fd14821aa0d81fd98ce1c9
P0008-258	第一周实战·补夜莺二简.txt	已修复	字词表	新增			lr	两人	2	按清单顺序；清单未提的原有简词接在后面	2026-09-21T23:01:44	新增 lr,2=两人 → 乱、两人、老人、恋人	7c97f99407d0531bdd3568b51a287a2866e6bd66938173e8fdb4626a92d4eab3	e4bb8e347627b496352007067f2ec48753bdafafe5fd14821aa0d81fd98ce1c9
P0008-259	第一周实战·补夜莺二简.txt	已修复	字词表	调序	lr	老人			3	按清单顺序	2026-09-21T23:01:44	调序 lr：乱、两人、老人、恋人 → 乱、两人、老人、恋人	7c97f99407d0531bdd3568b51a287a2866e6bd66938173e8fdb4626a92d4eab3	e4bb8e347627b496352007067f2ec48753bdafafe5fd14821aa0d81fd98ce1c9
P0008-260	第一周实战·补夜莺二简.txt	已修复	字词表	调序	lt	聊天			2	按清单顺序	2026-09-21T23:01:44	调序 lt：略、聊天 → 略、聊天	7c97f99407d0531bdd3568b51a287a2866e6bd66938173e8fdb4626a92d4eab3	e4bb8e347627b496352007067f2ec48753bdafafe5fd14821aa0d81fd98ce1c9
P0008-261	第一周实战·补夜莺二简.txt	已修复	字词表	新增			lt	楼梯	3	按清单顺序；清单未提的原有简词接在后面	2026-09-21T23:01:44	新增 lt,3=楼梯 → 略、聊天、楼梯	7c97f99407d0531bdd3568b51a287a2866e6bd66938173e8fdb4626a92d4eab3	e4bb8e347627b496352007067f2ec48753bdafafe5fd14821aa0d81fd98ce1c9
P0008-262	第一周实战·补夜莺二简.txt	已修复	字词表	调序	lp	老婆			2	按清单顺序	2026-09-21T23:01:44	调序 lp：列、老婆 → 列、老婆	7c97f99407d0531bdd3568b51a287a2866e6bd66938173e8fdb4626a92d4eab3	e4bb8e347627b496352007067f2ec48753bdafafe5fd14821aa0d81fd98ce1c9
P0008-263	第一周实战·补夜莺二简.txt	已修复	字词表	新增			lp	离谱	3	按清单顺序；清单未提的原有简词接在后面	2026-09-21T23:01:44	新增 lp,3=离谱 → 列、老婆、离谱	7c97f99407d0531bdd3568b51a287a2866e6bd66938173e8fdb4626a92d4eab3	e4bb8e347627b496352007067f2ec48753bdafafe5fd14821aa0d81fd98ce1c9
P0008-264	第一周实战·补夜莺二简.txt	已修复	字词表	调序	la	恋爱			2	按清单顺序	2026-09-21T23:01:44	调序 la：啦、恋爱 → 啦、恋爱	7c97f99407d0531bdd3568b51a287a2866e6bd66938173e8fdb4626a92d4eab3	e4bb8e347627b496352007067f2ec48753bdafafe5fd14821aa0d81fd98ce1c9
P0008-265	第一周实战·补夜莺二简.txt	已修复	字词表	新增			la	立案	3	按清单顺序；清单未提的原有简词接在后面	2026-09-21T23:01:44	新增 la,3=立案 → 啦、恋爱、立案	7c97f99407d0531bdd3568b51a287a2866e6bd66938173e8fdb4626a92d4eab3	e4bb8e347627b496352007067f2ec48753bdafafe5fd14821aa0d81fd98ce1c9
P0008-266	第一周实战·补夜莺二简.txt	已修复	字词表	调序	lf	浪费			1	按清单顺序	2026-09-21T23:01:44	调序 lf：浪费 → 浪费	7c97f99407d0531bdd3568b51a287a2866e6bd66938173e8fdb4626a92d4eab3	e4bb8e347627b496352007067f2ec48753bdafafe5fd14821aa0d81fd98ce1c9
P0008-267	第一周实战·补夜莺二简.txt	已修复	字词表	新增			lf	裂缝	2	按清单顺序；清单未提的原有简词接在后面	2026-09-21T23:01:44	新增 lf,2=裂缝 → 浪费、裂缝	7c97f99407d0531bdd3568b51a287a2866e6bd66938173e8fdb4626a92d4eab3	e4bb8e347627b496352007067f2ec48753bdafafe5fd14821aa0d81fd98ce1c9
P0008-268	第一周实战·补夜莺二简.txt	已修复	字词表	新增			lg	两个	2	按清单顺序；清单未提的原有简词接在后面	2026-09-21T23:01:44	新增 lg,2=两个 → 冷、两个、老公、路过	7c97f99407d0531bdd3568b51a287a2866e6bd66938173e8fdb4626a92d4eab3	e4bb8e347627b496352007067f2ec48753bdafafe5fd14821aa0d81fd98ce1c9
P0008-269	第一周实战·补夜莺二简.txt	已修复	字词表	调序	lg	路过			3	按清单顺序	2026-09-21T23:01:44	调序 lg：冷、两个、老公、路过 → 冷、两个、路过、老公	7c97f99407d0531bdd3568b51a287a2866e6bd66938173e8fdb4626a92d4eab3	e4bb8e347627b496352007067f2ec48753bdafafe5fd14821aa0d81fd98ce1c9
P0008-270	第一周实战·补夜莺二简.txt	已修复	字词表	调序	lz	来自			2	按清单顺序	2026-09-21T23:01:44	调序 lz：楼、来自 → 楼、来自	7c97f99407d0531bdd3568b51a287a2866e6bd66938173e8fdb4626a92d4eab3	e4bb8e347627b496352007067f2ec48753bdafafe5fd14821aa0d81fd98ce1c9
P0008-271	第一周实战·补夜莺二简.txt	已修复	字词表	新增			lz	留在	3	按清单顺序；清单未提的原有简词接在后面	2026-09-21T23:01:44	新增 lz,3=留在 → 楼、来自、留在	7c97f99407d0531bdd3568b51a287a2866e6bd66938173e8fdb4626a92d4eab3	e4bb8e347627b496352007067f2ec48753bdafafe5fd14821aa0d81fd98ce1c9
P0008-272	第一周实战·补夜莺二简.txt	已修复	字词表	新增			lc	两次	2	按清单顺序；清单未提的原有简词接在后面	2026-09-21T23:01:44	新增 lc,2=两次 → 老、两次	7c97f99407d0531bdd3568b51a287a2866e6bd66938173e8fdb4626a92d4eab3	e4bb8e347627b496352007067f2ec48753bdafafe5fd14821aa0d81fd98ce1c9
P0008-273	第一周实战·补夜莺二简.txt	已修复	字词表	新增			lv	两种	2	按清单顺序；清单未提的原有简词接在后面	2026-09-21T23:01:44	新增 lv,2=两种 → 吕、两种	7c97f99407d0531bdd3568b51a287a2866e6bd66938173e8fdb4626a92d4eab3	e4bb8e347627b496352007067f2ec48753bdafafe5fd14821aa0d81fd98ce1c9
P0008-274	第一周实战·补夜莺二简.txt	已修复	字词表	调序	lb	老板			2	按清单顺序	2026-09-21T23:01:44	调序 lb：林、老板 → 林、老板	7c97f99407d0531bdd3568b51a287a2866e6bd66938173e8fdb4626a92d4eab3	e4bb8e347627b496352007067f2ec48753bdafafe5fd14821aa0d81fd98ce1c9
P0008-275	第一周实战·补夜莺二简.txt	已修复	字词表	新增			lb	狼狈	3	按清单顺序；清单未提的原有简词接在后面	2026-09-21T23:01:44	新增 lb,3=狼狈 → 林、老板、狼狈	7c97f99407d0531bdd3568b51a287a2866e6bd66938173e8fdb4626a92d4eab3	e4bb8e347627b496352007067f2ec48753bdafafe5fd14821aa0d81fd98ce1c9
P0008-276	第一周实战·补夜莺二简.txt	已修复	字词表	新增			ln	两年	2	按清单顺序；清单未提的原有简词接在后面	2026-09-21T23:01:44	新增 ln,2=两年 → 聊、两年	7c97f99407d0531bdd3568b51a287a2866e6bd66938173e8fdb4626a92d4eab3	e4bb8e347627b496352007067f2ec48753bdafafe5fd14821aa0d81fd98ce1c9
P0008-277	第一周实战·补夜莺二简.txt	已修复	字词表	新增			ln	理念	3	按清单顺序；清单未提的原有简词接在后面	2026-09-21T23:01:44	新增 ln,3=理念 → 聊、两年、理念	7c97f99407d0531bdd3568b51a287a2866e6bd66938173e8fdb4626a92d4eab3	e4bb8e347627b496352007067f2ec48753bdafafe5fd14821aa0d81fd98ce1c9
P0008-278	第一周实战·补夜莺二简.txt	已修复	字词表	调序	zt	昨天			1	按清单顺序	2026-09-21T23:01:44	调序 zt：昨天、总统 → 昨天、总统	7c97f99407d0531bdd3568b51a287a2866e6bd66938173e8fdb4626a92d4eab3	e4bb8e347627b496352007067f2ec48753bdafafe5fd14821aa0d81fd98ce1c9
P0008-279	第一周实战·补夜莺二简.txt	已修复	字词表	新增			zt	总体	2	按清单顺序；清单未提的原有简词接在后面	2026-09-21T23:01:44	新增 zt,2=总体 → 昨天、总体、总统	7c97f99407d0531bdd3568b51a287a2866e6bd66938173e8fdb4626a92d4eab3	e4bb8e347627b496352007067f2ec48753bdafafe5fd14821aa0d81fd98ce1c9
P0008-280	第一周实战·补夜莺二简.txt	已修复	字词表	新增			zz	坐在	2	按清单顺序；清单未提的原有简词接在后面	2026-09-21T23:01:44	新增 zz,2=坐在 → 走、坐在	7c97f99407d0531bdd3568b51a287a2866e6bd66938173e8fdb4626a92d4eab3	e4bb8e347627b496352007067f2ec48753bdafafe5fd14821aa0d81fd98ce1c9
P0008-281	第一周实战·补夜莺二简.txt	已修复	字词表	新增			zz	走在	3	按清单顺序；清单未提的原有简词接在后面	2026-09-21T23:01:44	新增 zz,3=走在 → 走、坐在、走在	7c97f99407d0531bdd3568b51a287a2866e6bd66938173e8fdb4626a92d4eab3	e4bb8e347627b496352007067f2ec48753bdafafe5fd14821aa0d81fd98ce1c9
P0008-282	第一周实战·补夜莺二简.txt	已修复	字词表	调序	zc	再次			2	按清单顺序	2026-09-21T23:01:44	调序 zc：早、再次、早餐 → 早、再次、早餐	7c97f99407d0531bdd3568b51a287a2866e6bd66938173e8fdb4626a92d4eab3	e4bb8e347627b496352007067f2ec48753bdafafe5fd14821aa0d81fd98ce1c9
P0008-283	第一周实战·补夜莺二简.txt	已修复	字词表	新增			zc	自从	3	按清单顺序；清单未提的原有简词接在后面	2026-09-21T23:01:44	新增 zc,3=自从 → 早、再次、自从、早餐	7c97f99407d0531bdd3568b51a287a2866e6bd66938173e8fdb4626a92d4eab3	e4bb8e347627b496352007067f2ec48753bdafafe5fd14821aa0d81fd98ce1c9
P0008-284	第一周实战·补夜莺二简.txt	已修复	字词表	新增			zb	嘴巴	1	按清单顺序；清单未提的原有简词接在后面	2026-09-21T23:01:44	新增 zb,1=嘴巴 → 嘴巴	7c97f99407d0531bdd3568b51a287a2866e6bd66938173e8fdb4626a92d4eab3	e4bb8e347627b496352007067f2ec48753bdafafe5fd14821aa0d81fd98ce1c9
P0008-285	第一周实战·补夜莺二简.txt	已修复	字词表	新增			zb	资本	2	按清单顺序；清单未提的原有简词接在后面	2026-09-21T23:01:44	新增 zb,2=资本 → 嘴巴、资本	7c97f99407d0531bdd3568b51a287a2866e6bd66938173e8fdb4626a92d4eab3	e4bb8e347627b496352007067f2ec48753bdafafe5fd14821aa0d81fd98ce1c9
P0008-286	第一周实战·补夜莺二简.txt	已修复	字词表	新增			zn	在哪	1	按清单顺序；清单未提的原有简词接在后面	2026-09-21T23:01:44	新增 zn,1=在哪 → 在哪	7c97f99407d0531bdd3568b51a287a2866e6bd66938173e8fdb4626a92d4eab3	e4bb8e347627b496352007067f2ec48753bdafafe5fd14821aa0d81fd98ce1c9
P0008-287	第一周实战·补夜莺二简.txt	已修复	字词表	调序	xw	希望			1	按清单顺序	2026-09-21T23:01:44	调序 xw：希望、下午、新闻 → 希望、下午、新闻	7c97f99407d0531bdd3568b51a287a2866e6bd66938173e8fdb4626a92d4eab3	e4bb8e347627b496352007067f2ec48753bdafafe5fd14821aa0d81fd98ce1c9
P0008-288	第一周实战·补夜莺二简.txt	已修复	字词表	新增			xw	行为	2	按清单顺序；清单未提的原有简词接在后面	2026-09-21T23:01:44	新增 xw,2=行为 → 希望、行为、下午、新闻	7c97f99407d0531bdd3568b51a287a2866e6bd66938173e8fdb4626a92d4eab3	e4bb8e347627b496352007067f2ec48753bdafafe5fd14821aa0d81fd98ce1c9
P0008-289	第一周实战·补夜莺二简.txt	已修复	字词表	调序	xw	下午			3	按清单顺序	2026-09-21T23:01:44	调序 xw：希望、行为、下午、新闻 → 希望、行为、下午、新闻	7c97f99407d0531bdd3568b51a287a2866e6bd66938173e8fdb4626a92d4eab3	e4bb8e347627b496352007067f2ec48753bdafafe5fd14821aa0d81fd98ce1c9
P0008-290	第一周实战·补夜莺二简.txt	已修复	字词表	新增			xe	邪恶	1	按清单顺序；清单未提的原有简词接在后面	2026-09-21T23:01:44	新增 xe,1=邪恶 → 邪恶	7c97f99407d0531bdd3568b51a287a2866e6bd66938173e8fdb4626a92d4eab3	e4bb8e347627b496352007067f2ec48753bdafafe5fd14821aa0d81fd98ce1c9
P0008-291	第一周实战·补夜莺二简.txt	已修复	字词表	新增			xu	显示	2	按清单顺序；清单未提的原有简词接在后面	2026-09-21T23:01:44	新增 xu,2=显示 → 许、显示、先生、小时	7c97f99407d0531bdd3568b51a287a2866e6bd66938173e8fdb4626a92d4eab3	e4bb8e347627b496352007067f2ec48753bdafafe5fd14821aa0d81fd98ce1c9
P0008-292	第一周实战·补夜莺二简.txt	已修复	字词表	调序	xu	小时			3	按清单顺序	2026-09-21T23:01:44	调序 xu：许、显示、先生、小时 → 许、显示、小时、先生	7c97f99407d0531bdd3568b51a287a2866e6bd66938173e8fdb4626a92d4eab3	e4bb8e347627b496352007067f2ec48753bdafafe5fd14821aa0d81fd98ce1c9
P0008-293	第一周实战·补夜莺二简.txt	已修复	字词表	调序	xa	喜爱			1	按清单顺序	2026-09-21T23:01:44	调序 xa：喜爱 → 喜爱	7c97f99407d0531bdd3568b51a287a2866e6bd66938173e8fdb4626a92d4eab3	e4bb8e347627b496352007067f2ec48753bdafafe5fd14821aa0d81fd98ce1c9
P0008-294	第一周实战·补夜莺二简.txt	已修复	字词表	新增			xa	心爱	2	按清单顺序；清单未提的原有简词接在后面	2026-09-21T23:01:44	新增 xa,2=心爱 → 喜爱、心爱	7c97f99407d0531bdd3568b51a287a2866e6bd66938173e8fdb4626a92d4eab3	e4bb8e347627b496352007067f2ec48753bdafafe5fd14821aa0d81fd98ce1c9
P0008-295	第一周实战·补夜莺二简.txt	已修复	字词表	调序	xs	迅速			2	按清单顺序	2026-09-21T23:01:44	调序 xs：兄、迅速 → 兄、迅速	7c97f99407d0531bdd3568b51a287a2866e6bd66938173e8fdb4626a92d4eab3	e4bb8e347627b496352007067f2ec48753bdafafe5fd14821aa0d81fd98ce1c9
P0008-296	第一周实战·补夜莺二简.txt	已修复	字词表	新增			xs	相思	3	按清单顺序；清单未提的原有简词接在后面	2026-09-21T23:01:44	新增 xs,3=相思 → 兄、迅速、相思	7c97f99407d0531bdd3568b51a287a2866e6bd66938173e8fdb4626a92d4eab3	e4bb8e347627b496352007067f2ec48753bdafafe5fd14821aa0d81fd98ce1c9
P0008-297	第一周实战·补夜莺二简.txt	已修复	字词表	调序	xg	习惯			1	按清单顺序	2026-09-21T23:01:44	调序 xg：习惯、效果、香港 → 习惯、效果、香港	7c97f99407d0531bdd3568b51a287a2866e6bd66938173e8fdb4626a92d4eab3	e4bb8e347627b496352007067f2ec48753bdafafe5fd14821aa0d81fd98ce1c9
P0008-298	第一周实战·补夜莺二简.txt	已修复	字词表	调序	xg	效果			2	按清单顺序	2026-09-21T23:01:44	调序 xg：习惯、效果、香港 → 习惯、效果、香港	7c97f99407d0531bdd3568b51a287a2866e6bd66938173e8fdb4626a92d4eab3	e4bb8e347627b496352007067f2ec48753bdafafe5fd14821aa0d81fd98ce1c9
P0008-299	第一周实战·补夜莺二简.txt	已修复	字词表	新增			xg	修改	3	按清单顺序；清单未提的原有简词接在后面	2026-09-21T23:01:44	新增 xg,3=修改 → 习惯、效果、修改、香港	7c97f99407d0531bdd3568b51a287a2866e6bd66938173e8fdb4626a92d4eab3	e4bb8e347627b496352007067f2ec48753bdafafe5fd14821aa0d81fd98ce1c9
P0008-300	第一周实战·补夜莺二简.txt	已修复	字词表	调序	xx	相信			2	按清单顺序	2026-09-21T23:01:44	调序 xx：下、相信、谢谢 → 下、相信、谢谢	7c97f99407d0531bdd3568b51a287a2866e6bd66938173e8fdb4626a92d4eab3	e4bb8e347627b496352007067f2ec48753bdafafe5fd14821aa0d81fd98ce1c9
P0008-301	第一周实战·补夜莺二简.txt	已修复	字词表	新增			xx	学习	3	按清单顺序；清单未提的原有简词接在后面	2026-09-21T23:01:44	新增 xx,3=学习 → 下、相信、学习、谢谢	7c97f99407d0531bdd3568b51a287a2866e6bd66938173e8fdb4626a92d4eab3	e4bb8e347627b496352007067f2ec48753bdafafe5fd14821aa0d81fd98ce1c9
P0008-302	第一周实战·补夜莺二简.txt	已修复	字词表	调序	xv	寻找			2	按清单顺序	2026-09-21T23:01:44	调序 xv：绪、寻找、勋章 → 绪、寻找、勋章	7c97f99407d0531bdd3568b51a287a2866e6bd66938173e8fdb4626a92d4eab3	e4bb8e347627b496352007067f2ec48753bdafafe5fd14821aa0d81fd98ce1c9
P0008-303	第一周实战·补夜莺二简.txt	已修复	字词表	新增			xv	心中	3	按清单顺序；清单未提的原有简词接在后面	2026-09-21T23:01:44	新增 xv,3=心中 → 绪、寻找、心中、勋章	7c97f99407d0531bdd3568b51a287a2866e6bd66938173e8fdb4626a92d4eab3	e4bb8e347627b496352007067f2ec48753bdafafe5fd14821aa0d81fd98ce1c9
P0008-304	第一周实战·补夜莺二简.txt	已修复	字词表	调序	xn	想念			2	按清单顺序	2026-09-21T23:01:44	调序 xn：笑、新年、想念 → 笑、想念、新年	7c97f99407d0531bdd3568b51a287a2866e6bd66938173e8fdb4626a92d4eab3	e4bb8e347627b496352007067f2ec48753bdafafe5fd14821aa0d81fd98ce1c9
P0008-305	第一周实战·补夜莺二简.txt	已修复	字词表	新增			xn	信念	3	按清单顺序；清单未提的原有简词接在后面	2026-09-21T23:01:44	新增 xn,3=信念 → 笑、想念、信念、新年	7c97f99407d0531bdd3568b51a287a2866e6bd66938173e8fdb4626a92d4eab3	e4bb8e347627b496352007067f2ec48753bdafafe5fd14821aa0d81fd98ce1c9
P0008-306	第一周实战·补夜莺二简.txt	已修复	字词表	调序	cw	错误			1	按清单顺序	2026-09-21T23:01:44	调序 cw：错误 → 错误	7c97f99407d0531bdd3568b51a287a2866e6bd66938173e8fdb4626a92d4eab3	e4bb8e347627b496352007067f2ec48753bdafafe5fd14821aa0d81fd98ce1c9
P0008-307	第一周实战·补夜莺二简.txt	已修复	字词表	新增			cw	从未	2	按清单顺序；清单未提的原有简词接在后面	2026-09-21T23:01:44	新增 cw,2=从未 → 错误、从未	7c97f99407d0531bdd3568b51a287a2866e6bd66938173e8fdb4626a92d4eab3	e4bb8e347627b496352007067f2ec48753bdafafe5fd14821aa0d81fd98ce1c9
P0008-308	第一周实战·补夜莺二简.txt	已修复	字词表	新增			ce	从而	2	按清单顺序；清单未提的原有简词接在后面	2026-09-21T23:01:44	新增 ce,2=从而 → 测、从而	7c97f99407d0531bdd3568b51a287a2866e6bd66938173e8fdb4626a92d4eab3	e4bb8e347627b496352007067f2ec48753bdafafe5fd14821aa0d81fd98ce1c9
P0008-309	第一周实战·补夜莺二简.txt	已修复	字词表	新增			cr	从容	2	按清单顺序；清单未提的原有简词接在后面	2026-09-21T23:01:44	新增 cr,2=从容 → 窜、从容	7c97f99407d0531bdd3568b51a287a2866e6bd66938173e8fdb4626a92d4eab3	e4bb8e347627b496352007067f2ec48753bdafafe5fd14821aa0d81fd98ce1c9
P0008-310	第一周实战·补夜莺二简.txt	已修复	字词表	调序	cu	才是			2	按清单顺序	2026-09-21T23:01:44	调序 cu：粗、才是、测试 → 粗、才是、测试	7c97f99407d0531bdd3568b51a287a2866e6bd66938173e8fdb4626a92d4eab3	e4bb8e347627b496352007067f2ec48753bdafafe5fd14821aa0d81fd98ce1c9
P0008-311	第一周实战·补夜莺二简.txt	已修复	字词表	新增			cu	此时	3	按清单顺序；清单未提的原有简词接在后面	2026-09-21T23:01:44	新增 cu,3=此时 → 粗、才是、此时、测试	7c97f99407d0531bdd3568b51a287a2866e6bd66938173e8fdb4626a92d4eab3	e4bb8e347627b496352007067f2ec48753bdafafe5fd14821aa0d81fd98ce1c9
P0008-312	第一周实战·补夜莺二简.txt	已修复	字词表	新增			cp	裁判	1	按清单顺序；清单未提的原有简词接在后面	2026-09-21T23:01:44	新增 cp,1=裁判 → 裁判	7c97f99407d0531bdd3568b51a287a2866e6bd66938173e8fdb4626a92d4eab3	e4bb8e347627b496352007067f2ec48753bdafafe5fd14821aa0d81fd98ce1c9
P0008-313	第一周实战·补夜莺二简.txt	已修复	字词表	新增			cs	沧桑	2	按清单顺序；清单未提的原有简词接在后面	2026-09-21T23:01:44	新增 cs,2=沧桑 → 从、沧桑、厕所、彩色	7c97f99407d0531bdd3568b51a287a2866e6bd66938173e8fdb4626a92d4eab3	e4bb8e347627b496352007067f2ec48753bdafafe5fd14821aa0d81fd98ce1c9
P0008-314	第一周实战·补夜莺二简.txt	已修复	字词表	调序	cs	厕所			3	按清单顺序	2026-09-21T23:01:44	调序 cs：从、沧桑、厕所、彩色 → 从、沧桑、厕所、彩色	7c97f99407d0531bdd3568b51a287a2866e6bd66938173e8fdb4626a92d4eab3	e4bb8e347627b496352007067f2ec48753bdafafe5fd14821aa0d81fd98ce1c9
P0008-315	第一周实战·补夜莺二简.txt	已修复	字词表	新增			cd	此地	2	按清单顺序；清单未提的原有简词接在后面	2026-09-21T23:01:44	新增 cd,2=此地 → 菜、此地	7c97f99407d0531bdd3568b51a287a2866e6bd66938173e8fdb4626a92d4eab3	e4bb8e347627b496352007067f2ec48753bdafafe5fd14821aa0d81fd98ce1c9
P0008-316	第一周实战·补夜莺二简.txt	已修复	字词表	新增			cd	猜到	3	按清单顺序；清单未提的原有简词接在后面	2026-09-21T23:01:44	新增 cd,3=猜到 → 菜、此地、猜到	7c97f99407d0531bdd3568b51a287a2866e6bd66938173e8fdb4626a92d4eab3	e4bb8e347627b496352007067f2ec48753bdafafe5fd14821aa0d81fd98ce1c9
P0008-317	第一周实战·补夜莺二简.txt	已修复	字词表	新增			cg	参观	2	按清单顺序；清单未提的原有简词接在后面	2026-09-21T23:01:44	新增 cg,2=参观 → 曾、参观、错过	7c97f99407d0531bdd3568b51a287a2866e6bd66938173e8fdb4626a92d4eab3	e4bb8e347627b496352007067f2ec48753bdafafe5fd14821aa0d81fd98ce1c9
P0008-318	第一周实战·补夜莺二简.txt	已修复	字词表	新增			cg	采购	3	按清单顺序；清单未提的原有简词接在后面	2026-09-21T23:01:44	新增 cg,3=采购 → 曾、参观、采购、错过	7c97f99407d0531bdd3568b51a287a2866e6bd66938173e8fdb4626a92d4eab3	e4bb8e347627b496352007067f2ec48753bdafafe5fd14821aa0d81fd98ce1c9
P0008-319	第一周实战·补夜莺二简.txt	已修复	字词表	新增			ch	才会	2	按清单顺序；清单未提的原有简词接在后面	2026-09-21T23:01:44	新增 ch,2=才会 → 藏、才会	7c97f99407d0531bdd3568b51a287a2866e6bd66938173e8fdb4626a92d4eab3	e4bb8e347627b496352007067f2ec48753bdafafe5fd14821aa0d81fd98ce1c9
P0008-320	第一周实战·补夜莺二简.txt	已修复	字词表	新增			ck	残酷	1	按清单顺序；清单未提的原有简词接在后面	2026-09-21T23:01:44	新增 ck,1=残酷 → 残酷、此刻	7c97f99407d0531bdd3568b51a287a2866e6bd66938173e8fdb4626a92d4eab3	e4bb8e347627b496352007067f2ec48753bdafafe5fd14821aa0d81fd98ce1c9
P0008-321	第一周实战·补夜莺二简.txt	已修复	字词表	调序	ck	此刻			2	按清单顺序	2026-09-21T23:01:44	调序 ck：残酷、此刻 → 残酷、此刻	7c97f99407d0531bdd3568b51a287a2866e6bd66938173e8fdb4626a92d4eab3	e4bb8e347627b496352007067f2ec48753bdafafe5fd14821aa0d81fd98ce1c9
P0008-322	第一周实战·补夜莺二简.txt	已修复	字词表	新增			ck	参考	3	按清单顺序；清单未提的原有简词接在后面	2026-09-21T23:01:44	新增 ck,3=参考 → 残酷、此刻、参考	7c97f99407d0531bdd3568b51a287a2866e6bd66938173e8fdb4626a92d4eab3	e4bb8e347627b496352007067f2ec48753bdafafe5fd14821aa0d81fd98ce1c9
P0008-323	第一周实战·补夜莺二简.txt	已修复	字词表	调序	cz	存在			2	按清单顺序	2026-09-21T23:01:44	调序 cz：凑、存在 → 凑、存在	7c97f99407d0531bdd3568b51a287a2866e6bd66938173e8fdb4626a92d4eab3	e4bb8e347627b496352007067f2ec48753bdafafe5fd14821aa0d81fd98ce1c9
P0008-324	第一周实战·补夜莺二简.txt	已修复	字词表	新增			cz	操作	3	按清单顺序；清单未提的原有简词接在后面	2026-09-21T23:01:44	新增 cz,3=操作 → 凑、存在、操作	7c97f99407d0531bdd3568b51a287a2866e6bd66938173e8fdb4626a92d4eab3	e4bb8e347627b496352007067f2ec48753bdafafe5fd14821aa0d81fd98ce1c9
P0008-325	第一周实战·补夜莺二简.txt	已修复	字词表	新增			cx	才行	1	按清单顺序；清单未提的原有简词接在后面	2026-09-21T23:01:44	新增 cx,1=才行 → 才行	7c97f99407d0531bdd3568b51a287a2866e6bd66938173e8fdb4626a92d4eab3	e4bb8e347627b496352007067f2ec48753bdafafe5fd14821aa0d81fd98ce1c9
P0008-326	第一周实战·补夜莺二简.txt	已修复	字词表	调序	cc	从此			2	按清单顺序	2026-09-21T23:01:44	调序 cc：草、从此、猜猜 → 草、从此、猜猜	7c97f99407d0531bdd3568b51a287a2866e6bd66938173e8fdb4626a92d4eab3	e4bb8e347627b496352007067f2ec48753bdafafe5fd14821aa0d81fd98ce1c9
P0008-327	第一周实战·补夜莺二简.txt	已修复	字词表	新增			cc	猜测	3	按清单顺序；清单未提的原有简词接在后面	2026-09-21T23:01:44	新增 cc,3=猜测 → 草、从此、猜测、猜猜	7c97f99407d0531bdd3568b51a287a2866e6bd66938173e8fdb4626a92d4eab3	e4bb8e347627b496352007067f2ec48753bdafafe5fd14821aa0d81fd98ce1c9
P0008-328	第一周实战·补夜莺二简.txt	已修复	字词表	新增			cv	挫折	2	按清单顺序；清单未提的原有简词接在后面	2026-09-21T23:01:44	新增 cv,2=挫折 → 脆、挫折	7c97f99407d0531bdd3568b51a287a2866e6bd66938173e8fdb4626a92d4eab3	e4bb8e347627b496352007067f2ec48753bdafafe5fd14821aa0d81fd98ce1c9
P0008-329	第一周实战·补夜莺二简.txt	已修复	字词表	新增			cb	从不	1	按清单顺序；清单未提的原有简词接在后面	2026-09-21T23:01:44	新增 cb,1=从不 → 从不	7c97f99407d0531bdd3568b51a287a2866e6bd66938173e8fdb4626a92d4eab3	e4bb8e347627b496352007067f2ec48753bdafafe5fd14821aa0d81fd98ce1c9
P0008-330	第一周实战·补夜莺二简.txt	已修复	字词表	新增			cb	苍白	2	按清单顺序；清单未提的原有简词接在后面	2026-09-21T23:01:44	新增 cb,2=苍白 → 从不、苍白	7c97f99407d0531bdd3568b51a287a2866e6bd66938173e8fdb4626a92d4eab3	e4bb8e347627b496352007067f2ec48753bdafafe5fd14821aa0d81fd98ce1c9
P0008-331	第一周实战·补夜莺二简.txt	已修复	字词表	新增			cn	才能	1	按清单顺序；清单未提的原有简词接在后面	2026-09-21T23:01:44	新增 cn,1=才能 → 才能	7c97f99407d0531bdd3568b51a287a2866e6bd66938173e8fdb4626a92d4eab3	e4bb8e347627b496352007067f2ec48753bdafafe5fd14821aa0d81fd98ce1c9
P0008-332	第一周实战·补夜莺二简.txt	已修复	字词表	调序	cm	聪明			1	按清单顺序	2026-09-21T23:01:44	调序 cm：聪明 → 聪明	7c97f99407d0531bdd3568b51a287a2866e6bd66938173e8fdb4626a92d4eab3	e4bb8e347627b496352007067f2ec48753bdafafe5fd14821aa0d81fd98ce1c9
P0008-333	第一周实战·补夜莺二简.txt	已修复	字词表	新增			cm	匆忙	2	按清单顺序；清单未提的原有简词接在后面	2026-09-21T23:01:44	新增 cm,2=匆忙 → 聪明、匆忙	7c97f99407d0531bdd3568b51a287a2866e6bd66938173e8fdb4626a92d4eab3	e4bb8e347627b496352007067f2ec48753bdafafe5fd14821aa0d81fd98ce1c9
P0008-334	第一周实战·补夜莺二简.txt	已修复	字词表	调序	vp	照片			1	按清单顺序	2026-09-21T23:01:44	调序 vp：照片 → 照片	7c97f99407d0531bdd3568b51a287a2866e6bd66938173e8fdb4626a92d4eab3	e4bb8e347627b496352007067f2ec48753bdafafe5fd14821aa0d81fd98ce1c9
P0008-335	第一周实战·补夜莺二简.txt	已修复	字词表	新增			vp	只怕	2	按清单顺序；清单未提的原有简词接在后面	2026-09-21T23:01:44	新增 vp,2=只怕 → 照片、只怕	7c97f99407d0531bdd3568b51a287a2866e6bd66938173e8fdb4626a92d4eab3	e4bb8e347627b496352007067f2ec48753bdafafe5fd14821aa0d81fd98ce1c9
P0008-336	第一周实战·补夜莺二简.txt	已修复	字词表	新增			vs	找死	2	按清单顺序；清单未提的原有简词接在后面	2026-09-21T23:01:44	新增 vs,2=找死 → 中、找死	7c97f99407d0531bdd3568b51a287a2866e6bd66938173e8fdb4626a92d4eab3	e4bb8e347627b496352007067f2ec48753bdafafe5fd14821aa0d81fd98ce1c9
P0008-337	第一周实战·补夜莺二简.txt	已修复	字词表	调序	vl	这里			2	按清单顺序	2026-09-21T23:01:44	调序 vl：装、这里、治疗 → 装、这里、治疗	7c97f99407d0531bdd3568b51a287a2866e6bd66938173e8fdb4626a92d4eab3	e4bb8e347627b496352007067f2ec48753bdafafe5fd14821aa0d81fd98ce1c9
P0008-338	第一周实战·补夜莺二简.txt	已修复	字词表	新增			vl	质量	3	按清单顺序；清单未提的原有简词接在后面	2026-09-21T23:01:44	新增 vl,3=质量 → 装、这里、质量、治疗	7c97f99407d0531bdd3568b51a287a2866e6bd66938173e8fdb4626a92d4eab3	e4bb8e347627b496352007067f2ec48753bdafafe5fd14821aa0d81fd98ce1c9
P0008-339	第一周实战·补夜莺二简.txt	已修复	字词表	新增			vc	这次	2	按清单顺序；清单未提的原有简词接在后面	2026-09-21T23:01:44	新增 vc,2=这次 → 找、这次、政策	7c97f99407d0531bdd3568b51a287a2866e6bd66938173e8fdb4626a92d4eab3	e4bb8e347627b496352007067f2ec48753bdafafe5fd14821aa0d81fd98ce1c9
P0008-340	第一周实战·补夜莺二简.txt	已修复	字词表	新增			vc	注册	3	按清单顺序；清单未提的原有简词接在后面	2026-09-21T23:01:44	新增 vc,3=注册 → 找、这次、注册、政策	7c97f99407d0531bdd3568b51a287a2866e6bd66938173e8fdb4626a92d4eab3	e4bb8e347627b496352007067f2ec48753bdafafe5fd14821aa0d81fd98ce1c9
P0008-341	第一周实战·补夜莺二简.txt	已修复	字词表	新增			vv	这种	2	按清单顺序；清单未提的原有简词接在后面	2026-09-21T23:01:44	新增 vv,2=这种 → 追、这种、真正、战争	7c97f99407d0531bdd3568b51a287a2866e6bd66938173e8fdb4626a92d4eab3	e4bb8e347627b496352007067f2ec48753bdafafe5fd14821aa0d81fd98ce1c9
P0008-342	第一周实战·补夜莺二简.txt	已修复	字词表	调序	vv	真正			3	按清单顺序	2026-09-21T23:01:44	调序 vv：追、这种、真正、战争 → 追、这种、真正、战争	7c97f99407d0531bdd3568b51a287a2866e6bd66938173e8fdb4626a92d4eab3	e4bb8e347627b496352007067f2ec48753bdafafe5fd14821aa0d81fd98ce1c9
P0008-343	第一周实战·补夜莺二简.txt	已修复	字词表	调序	vb	准备			1	按清单顺序	2026-09-21T23:01:44	调序 vb：准备、直播、周边 → 准备、直播、周边	7c97f99407d0531bdd3568b51a287a2866e6bd66938173e8fdb4626a92d4eab3	e4bb8e347627b496352007067f2ec48753bdafafe5fd14821aa0d81fd98ce1c9
P0008-344	第一周实战·补夜莺二简.txt	已修复	字词表	新增			vb	这边	2	按清单顺序；清单未提的原有简词接在后面	2026-09-21T23:01:44	新增 vb,2=这边 → 准备、这边、直播、周边	7c97f99407d0531bdd3568b51a287a2866e6bd66938173e8fdb4626a92d4eab3	e4bb8e347627b496352007067f2ec48753bdafafe5fd14821aa0d81fd98ce1c9
P0008-345	第一周实战·补夜莺二简.txt	已修复	字词表	新增			vb	装备	3	按清单顺序；清单未提的原有简词接在后面	2026-09-21T23:01:44	新增 vb,3=装备 → 准备、这边、装备、直播、周边	7c97f99407d0531bdd3568b51a287a2866e6bd66938173e8fdb4626a92d4eab3	e4bb8e347627b496352007067f2ec48753bdafafe5fd14821aa0d81fd98ce1c9
P0008-346	第一周实战·补夜莺二简.txt	已修复	字词表	新增			vn	只能	1	按清单顺序；清单未提的原有简词接在后面	2026-09-21T23:01:44	新增 vn,1=只能 → 只能、周年	7c97f99407d0531bdd3568b51a287a2866e6bd66938173e8fdb4626a92d4eab3	e4bb8e347627b496352007067f2ec48753bdafafe5fd14821aa0d81fd98ce1c9
P0008-347	第一周实战·补夜莺二简.txt	已修复	字词表	新增			vn	之内	2	按清单顺序；清单未提的原有简词接在后面	2026-09-21T23:01:44	新增 vn,2=之内 → 只能、之内、周年	7c97f99407d0531bdd3568b51a287a2866e6bd66938173e8fdb4626a92d4eab3	e4bb8e347627b496352007067f2ec48753bdafafe5fd14821aa0d81fd98ce1c9
P0008-348	第一周实战·补夜莺二简.txt	已修复	字词表	调序	vm	证明			1	按清单顺序	2026-09-21T23:01:44	调序 vm：这么、证明、周末 → 证明、这么、周末	7c97f99407d0531bdd3568b51a287a2866e6bd66938173e8fdb4626a92d4eab3	e4bb8e347627b496352007067f2ec48753bdafafe5fd14821aa0d81fd98ce1c9
P0008-349	第一周实战·补夜莺二简.txt	已修复	字词表	调序	vm	这么			2	按清单顺序	2026-09-21T23:01:44	调序 vm：证明、这么、周末 → 证明、这么、周末	7c97f99407d0531bdd3568b51a287a2866e6bd66938173e8fdb4626a92d4eab3	e4bb8e347627b496352007067f2ec48753bdafafe5fd14821aa0d81fd98ce1c9
P0008-350	第一周实战·补夜莺二简.txt	已修复	字词表	新增			vm	专门	3	按清单顺序；清单未提的原有简词接在后面	2026-09-21T23:01:44	新增 vm,3=专门 → 证明、这么、专门、周末	7c97f99407d0531bdd3568b51a287a2866e6bd66938173e8fdb4626a92d4eab3	e4bb8e347627b496352007067f2ec48753bdafafe5fd14821aa0d81fd98ce1c9
P0008-351	第一周实战·补夜莺二简.txt	已修复	字词表	调序	bw	把握			2	按清单顺序	2026-09-21T23:01:44	调序 bw：被、把握 → 被、把握	7c97f99407d0531bdd3568b51a287a2866e6bd66938173e8fdb4626a92d4eab3	e4bb8e347627b496352007067f2ec48753bdafafe5fd14821aa0d81fd98ce1c9
P0008-352	第一周实战·补夜莺二简.txt	已修复	字词表	新增			bw	并未	3	按清单顺序；清单未提的原有简词接在后面	2026-09-21T23:01:44	新增 bw,3=并未 → 被、把握、并未	7c97f99407d0531bdd3568b51a287a2866e6bd66938173e8fdb4626a92d4eab3	e4bb8e347627b496352007067f2ec48753bdafafe5fd14821aa0d81fd98ce1c9
P0008-353	第一周实战·补夜莺二简.txt	已修复	字词表	新增			bt	不停	1	按清单顺序；清单未提的原有简词接在后面	2026-09-21T23:01:44	新增 bt,1=不停 → 不停、不同、拜托、表态	7c97f99407d0531bdd3568b51a287a2866e6bd66938173e8fdb4626a92d4eab3	e4bb8e347627b496352007067f2ec48753bdafafe5fd14821aa0d81fd98ce1c9
P0008-354	第一周实战·补夜莺二简.txt	已修复	字词表	调序	bt	不同			2	按清单顺序	2026-09-21T23:01:44	调序 bt：不停、不同、拜托、表态 → 不停、不同、拜托、表态	7c97f99407d0531bdd3568b51a287a2866e6bd66938173e8fdb4626a92d4eab3	e4bb8e347627b496352007067f2ec48753bdafafe5fd14821aa0d81fd98ce1c9
P0008-355	第一周实战·补夜莺二简.txt	已修复	字词表	新增			bt	不太	3	按清单顺序；清单未提的原有简词接在后面	2026-09-21T23:01:44	新增 bt,3=不太 → 不停、不同、不太、拜托、表态	7c97f99407d0531bdd3568b51a287a2866e6bd66938173e8fdb4626a92d4eab3	e4bb8e347627b496352007067f2ec48753bdafafe5fd14821aa0d81fd98ce1c9
P0008-356	第一周实战·补夜莺二简.txt	已修复	字词表	新增			bp	不怕	2	按清单顺序；清单未提的原有简词接在后面	2026-09-21T23:01:44	新增 bp,2=不怕 → 别、不怕	7c97f99407d0531bdd3568b51a287a2866e6bd66938173e8fdb4626a92d4eab3	e4bb8e347627b496352007067f2ec48753bdafafe5fd14821aa0d81fd98ce1c9
P0008-357	第一周实战·补夜莺二简.txt	已修复	字词表	新增			bp	被迫	3	按清单顺序；清单未提的原有简词接在后面	2026-09-21T23:01:44	新增 bp,3=被迫 → 别、不怕、被迫	7c97f99407d0531bdd3568b51a287a2866e6bd66938173e8fdb4626a92d4eab3	e4bb8e347627b496352007067f2ec48753bdafafe5fd14821aa0d81fd98ce1c9
P0008-358	第一周实战·补夜莺二简.txt	已修复	字词表	新增			ba	不安	2	按清单顺序；清单未提的原有简词接在后面	2026-09-21T23:01:44	新增 ba,2=不安 → 吧、不安	7c97f99407d0531bdd3568b51a287a2866e6bd66938173e8fdb4626a92d4eab3	e4bb8e347627b496352007067f2ec48753bdafafe5fd14821aa0d81fd98ce1c9
P0008-359	第一周实战·补夜莺二简.txt	已修复	字词表	调序	bs	比赛			1	按清单顺序	2026-09-21T23:01:44	调序 bs：比赛、白色 → 比赛、白色	7c97f99407d0531bdd3568b51a287a2866e6bd66938173e8fdb4626a92d4eab3	e4bb8e347627b496352007067f2ec48753bdafafe5fd14821aa0d81fd98ce1c9
P0008-360	第一周实战·补夜莺二简.txt	已修复	字词表	新增			bs	不算	2	按清单顺序；清单未提的原有简词接在后面	2026-09-21T23:01:44	新增 bs,2=不算 → 比赛、不算、白色	7c97f99407d0531bdd3568b51a287a2866e6bd66938173e8fdb4626a92d4eab3	e4bb8e347627b496352007067f2ec48753bdafafe5fd14821aa0d81fd98ce1c9
P0008-361	第一周实战·补夜莺二简.txt	已修复	字词表	调序	bs	白色			3	按清单顺序	2026-09-21T23:01:44	调序 bs：比赛、不算、白色 → 比赛、不算、白色	7c97f99407d0531bdd3568b51a287a2866e6bd66938173e8fdb4626a92d4eab3	e4bb8e347627b496352007067f2ec48753bdafafe5fd14821aa0d81fd98ce1c9
P0008-362	第一周实战·补夜莺二简.txt	已修复	字词表	调序	bd	不断			2	按清单顺序	2026-09-21T23:01:44	调序 bd：白、不断、报道 → 白、不断、报道	7c97f99407d0531bdd3568b51a287a2866e6bd66938173e8fdb4626a92d4eab3	e4bb8e347627b496352007067f2ec48753bdafafe5fd14821aa0d81fd98ce1c9
P0008-363	第一周实战·补夜莺二简.txt	已修复	字词表	新增			bd	变得	3	按清单顺序；清单未提的原有简词接在后面	2026-09-21T23:01:44	新增 bd,3=变得 → 白、不断、变得、报道	7c97f99407d0531bdd3568b51a287a2866e6bd66938173e8fdb4626a92d4eab3	e4bb8e347627b496352007067f2ec48753bdafafe5fd14821aa0d81fd98ce1c9
P0008-364	第一周实战·补夜莺二简.txt	已修复	字词表	调序	bj	比较			2	按清单顺序	2026-09-21T23:01:44	调序 bj：般、比较、北京 → 般、比较、北京	7c97f99407d0531bdd3568b51a287a2866e6bd66938173e8fdb4626a92d4eab3	e4bb8e347627b496352007067f2ec48753bdafafe5fd14821aa0d81fd98ce1c9
P0008-365	第一周实战·补夜莺二简.txt	已修复	字词表	新增			bj	毕竟	3	按清单顺序；清单未提的原有简词接在后面	2026-09-21T23:01:44	新增 bj,3=毕竟 → 般、比较、毕竟、北京	7c97f99407d0531bdd3568b51a287a2866e6bd66938173e8fdb4626a92d4eab3	e4bb8e347627b496352007067f2ec48753bdafafe5fd14821aa0d81fd98ce1c9
P0008-366	第一周实战·补夜莺二简.txt	已修复	字词表	新增			bl	不论	1	按清单顺序；清单未提的原有简词接在后面	2026-09-21T23:01:44	新增 bl,1=不论 → 不论、本来、巴黎、玻璃	7c97f99407d0531bdd3568b51a287a2866e6bd66938173e8fdb4626a92d4eab3	e4bb8e347627b496352007067f2ec48753bdafafe5fd14821aa0d81fd98ce1c9
P0008-367	第一周实战·补夜莺二简.txt	已修复	字词表	调序	bl	本来			2	按清单顺序	2026-09-21T23:01:44	调序 bl：不论、本来、巴黎、玻璃 → 不论、本来、巴黎、玻璃	7c97f99407d0531bdd3568b51a287a2866e6bd66938173e8fdb4626a92d4eab3	e4bb8e347627b496352007067f2ec48753bdafafe5fd14821aa0d81fd98ce1c9
P0008-368	第一周实战·补夜莺二简.txt	已修复	字词表	调序	bl	玻璃			3	按清单顺序	2026-09-21T23:01:44	调序 bl：不论、本来、巴黎、玻璃 → 不论、本来、玻璃、巴黎	7c97f99407d0531bdd3568b51a287a2866e6bd66938173e8fdb4626a92d4eab3	e4bb8e347627b496352007067f2ec48753bdafafe5fd14821aa0d81fd98ce1c9
P0008-369	第一周实战·补夜莺二简.txt	已修复	字词表	新增			bz	不在	1	按清单顺序；清单未提的原有简词接在后面	2026-09-21T23:01:44	新增 bz,1=不在 → 不在、辈子、鼻子、脖子	7c97f99407d0531bdd3568b51a287a2866e6bd66938173e8fdb4626a92d4eab3	e4bb8e347627b496352007067f2ec48753bdafafe5fd14821aa0d81fd98ce1c9
P0008-370	第一周实战·补夜莺二简.txt	已修复	字词表	新增			bz	不再	2	按清单顺序；清单未提的原有简词接在后面	2026-09-21T23:01:44	新增 bz,2=不再 → 不在、不再、辈子、鼻子、脖子	7c97f99407d0531bdd3568b51a287a2866e6bd66938173e8fdb4626a92d4eab3	e4bb8e347627b496352007067f2ec48753bdafafe5fd14821aa0d81fd98ce1c9
P0008-371	第一周实战·补夜莺二简.txt	已修复	字词表	调序	bn	不能			2	按清单顺序	2026-09-21T23:01:44	调序 bn：表、不能 → 表、不能	7c97f99407d0531bdd3568b51a287a2866e6bd66938173e8fdb4626a92d4eab3	e4bb8e347627b496352007067f2ec48753bdafafe5fd14821aa0d81fd98ce1c9
P0008-372	第一周实战·补夜莺二简.txt	已修复	字词表	新增			bn	半年	3	按清单顺序；清单未提的原有简词接在后面	2026-09-21T23:01:44	新增 bn,3=半年 → 表、不能、半年	7c97f99407d0531bdd3568b51a287a2866e6bd66938173e8fdb4626a92d4eab3	e4bb8e347627b496352007067f2ec48753bdafafe5fd14821aa0d81fd98ce1c9
P0008-373	第一周实战·补夜莺二简.txt	已修复	字词表	调序	nq	年轻			2	按清单顺序	2026-09-21T23:01:44	调序 nq：牛、年轻 → 牛、年轻	7c97f99407d0531bdd3568b51a287a2866e6bd66938173e8fdb4626a92d4eab3	e4bb8e347627b496352007067f2ec48753bdafafe5fd14821aa0d81fd98ce1c9
P0008-374	第一周实战·补夜莺二简.txt	已修复	字词表	新增			nq	拿起	3	按清单顺序；清单未提的原有简词接在后面	2026-09-21T23:01:44	新增 nq,3=拿起 → 牛、年轻、拿起	7c97f99407d0531bdd3568b51a287a2866e6bd66938173e8fdb4626a92d4eab3	e4bb8e347627b496352007067f2ec48753bdafafe5fd14821aa0d81fd98ce1c9
P0008-375	第一周实战·补夜莺二简.txt	已修复	字词表	新增			nw	那位	2	按清单顺序；清单未提的原有简词接在后面	2026-09-21T23:01:44	新增 nw,2=那位 → 内、那位、女王	7c97f99407d0531bdd3568b51a287a2866e6bd66938173e8fdb4626a92d4eab3	e4bb8e347627b496352007067f2ec48753bdafafe5fd14821aa0d81fd98ce1c9
P0008-376	第一周实战·补夜莺二简.txt	已修复	字词表	新增			nw	内外	3	按清单顺序；清单未提的原有简词接在后面	2026-09-21T23:01:44	新增 nw,3=内外 → 内、那位、内外、女王	7c97f99407d0531bdd3568b51a287a2866e6bd66938173e8fdb4626a92d4eab3	e4bb8e347627b496352007067f2ec48753bdafafe5fd14821aa0d81fd98ce1c9
P0008-377	第一周实战·补夜莺二简.txt	已修复	字词表	调序	nt	那天			2	按清单顺序	2026-09-21T23:01:44	调序 nt：虐、那天 → 虐、那天	7c97f99407d0531bdd3568b51a287a2866e6bd66938173e8fdb4626a92d4eab3	e4bb8e347627b496352007067f2ec48753bdafafe5fd14821aa0d81fd98ce1c9
P0008-378	第一周实战·补夜莺二简.txt	已修复	字词表	新增			nt	念头	3	按清单顺序；清单未提的原有简词接在后面	2026-09-21T23:01:44	新增 nt,3=念头 → 虐、那天、念头	7c97f99407d0531bdd3568b51a287a2866e6bd66938173e8fdb4626a92d4eab3	e4bb8e347627b496352007067f2ec48753bdafafe5fd14821aa0d81fd98ce1c9
P0008-379	第一周实战·补夜莺二简.txt	已修复	字词表	调序	ny	那样			1	按清单顺序	2026-09-21T23:01:44	调序 ny：那样、难以、纽约 → 那样、难以、纽约	7c97f99407d0531bdd3568b51a287a2866e6bd66938173e8fdb4626a92d4eab3	e4bb8e347627b496352007067f2ec48753bdafafe5fd14821aa0d81fd98ce1c9
P0008-380	第一周实战·补夜莺二简.txt	已修复	字词表	调序	ny	难以			2	按清单顺序	2026-09-21T23:01:44	调序 ny：那样、难以、纽约 → 那样、难以、纽约	7c97f99407d0531bdd3568b51a287a2866e6bd66938173e8fdb4626a92d4eab3	e4bb8e347627b496352007067f2ec48753bdafafe5fd14821aa0d81fd98ce1c9
P0008-381	第一周实战·补夜莺二简.txt	已修复	字词表	新增			ny	哪有	3	按清单顺序；清单未提的原有简词接在后面	2026-09-21T23:01:44	新增 ny,3=哪有 → 那样、难以、哪有、纽约	7c97f99407d0531bdd3568b51a287a2866e6bd66938173e8fdb4626a92d4eab3	e4bb8e347627b496352007067f2ec48753bdafafe5fd14821aa0d81fd98ce1c9
P0008-382	第一周实战·补夜莺二简.txt	已修复	字词表	新增			ni	拿出	2	按清单顺序；清单未提的原有简词接在后面	2026-09-21T23:01:44	新增 ni,2=拿出 → 泥、拿出	7c97f99407d0531bdd3568b51a287a2866e6bd66938173e8fdb4626a92d4eab3	e4bb8e347627b496352007067f2ec48753bdafafe5fd14821aa0d81fd98ce1c9
P0008-383	第一周实战·补夜莺二简.txt	已修复	字词表	新增			np	哪怕	2	按清单顺序；清单未提的原有简词接在后面	2026-09-21T23:01:44	新增 np,2=哪怕 → 捏、哪怕	7c97f99407d0531bdd3568b51a287a2866e6bd66938173e8fdb4626a92d4eab3	e4bb8e347627b496352007067f2ec48753bdafafe5fd14821aa0d81fd98ce1c9
P0008-384	第一周实战·补夜莺二简.txt	已修复	字词表	调序	nd	难道			2	按清单顺序	2026-09-21T23:01:44	调序 nd：乃、难道、年代 → 乃、难道、年代	7c97f99407d0531bdd3568b51a287a2866e6bd66938173e8fdb4626a92d4eab3	e4bb8e347627b496352007067f2ec48753bdafafe5fd14821aa0d81fd98ce1c9
P0008-385	第一周实战·补夜莺二简.txt	已修复	字词表	新增			nd	拿到	3	按清单顺序；清单未提的原有简词接在后面	2026-09-21T23:01:44	新增 nd,3=拿到 → 乃、难道、拿到、年代	7c97f99407d0531bdd3568b51a287a2866e6bd66938173e8fdb4626a92d4eab3	e4bb8e347627b496352007067f2ec48753bdafafe5fd14821aa0d81fd98ce1c9
P0008-386	第一周实战·补夜莺二简.txt	已修复	字词表	新增			nj	那就	2	按清单顺序；清单未提的原有简词接在后面	2026-09-21T23:01:44	新增 nj,2=那就 → 男、那就、年纪	7c97f99407d0531bdd3568b51a287a2866e6bd66938173e8fdb4626a92d4eab3	e4bb8e347627b496352007067f2ec48753bdafafe5fd14821aa0d81fd98ce1c9
P0008-387	第一周实战·补夜莺二简.txt	已修复	字词表	调序	nj	年纪			3	按清单顺序	2026-09-21T23:01:44	调序 nj：男、那就、年纪 → 男、那就、年纪	7c97f99407d0531bdd3568b51a287a2866e6bd66938173e8fdb4626a92d4eab3	e4bb8e347627b496352007067f2ec48753bdafafe5fd14821aa0d81fd98ce1c9
P0008-388	第一周实战·补夜莺二简.txt	已修复	字词表	新增			nk	难看	2	按清单顺序；清单未提的原有简词接在后面	2026-09-21T23:01:44	新增 nk,2=难看 → 宁、难看	7c97f99407d0531bdd3568b51a287a2866e6bd66938173e8fdb4626a92d4eab3	e4bb8e347627b496352007067f2ec48753bdafafe5fd14821aa0d81fd98ce1c9
P0008-389	第一周实战·补夜莺二简.txt	已修复	字词表	新增			nk	难堪	3	按清单顺序；清单未提的原有简词接在后面	2026-09-21T23:01:44	新增 nk,3=难堪 → 宁、难看、难堪	7c97f99407d0531bdd3568b51a287a2866e6bd66938173e8fdb4626a92d4eab3	e4bb8e347627b496352007067f2ec48753bdafafe5fd14821aa0d81fd98ce1c9
P0008-390	第一周实战·补夜莺二简.txt	已修复	字词表	调序	nc	农村			2	按清单顺序	2026-09-21T23:01:44	调序 nc：脑、农村 → 脑、农村	7c97f99407d0531bdd3568b51a287a2866e6bd66938173e8fdb4626a92d4eab3	e4bb8e347627b496352007067f2ec48753bdafafe5fd14821aa0d81fd98ce1c9
P0008-391	第一周实战·补夜莺二简.txt	已修复	字词表	新增			nc	那次	3	按清单顺序；清单未提的原有简词接在后面	2026-09-21T23:01:44	新增 nc,3=那次 → 脑、农村、那次	7c97f99407d0531bdd3568b51a287a2866e6bd66938173e8fdb4626a92d4eab3	e4bb8e347627b496352007067f2ec48753bdafafe5fd14821aa0d81fd98ce1c9
P0008-392	第一周实战·补夜莺二简.txt	已修复	字词表	新增			nv	那种	2	按清单顺序；清单未提的原有简词接在后面	2026-09-21T23:01:44	新增 nv,2=那种 → 女、那种	7c97f99407d0531bdd3568b51a287a2866e6bd66938173e8fdb4626a92d4eab3	e4bb8e347627b496352007067f2ec48753bdafafe5fd14821aa0d81fd98ce1c9
P0008-393	第一周实战·补夜莺二简.txt	已修复	字词表	新增			nv	拿着	3	按清单顺序；清单未提的原有简词接在后面	2026-09-21T23:01:44	新增 nv,3=拿着 → 女、那种、拿着	7c97f99407d0531bdd3568b51a287a2866e6bd66938173e8fdb4626a92d4eab3	e4bb8e347627b496352007067f2ec48753bdafafe5fd14821aa0d81fd98ce1c9
P0008-394	第一周实战·补夜莺二简.txt	已修复	字词表	新增			mw	门外	2	按清单顺序；清单未提的原有简词接在后面	2026-09-21T23:01:44	新增 mw,2=门外 → 每、门外	7c97f99407d0531bdd3568b51a287a2866e6bd66938173e8fdb4626a92d4eab3	e4bb8e347627b496352007067f2ec48753bdafafe5fd14821aa0d81fd98ce1c9
P0008-395	第一周实战·补夜莺二简.txt	已修复	字词表	新增			mw	美味	3	按清单顺序；清单未提的原有简词接在后面	2026-09-21T23:01:44	新增 mw,3=美味 → 每、门外、美味	7c97f99407d0531bdd3568b51a287a2866e6bd66938173e8fdb4626a92d4eab3	e4bb8e347627b496352007067f2ec48753bdafafe5fd14821aa0d81fd98ce1c9
P0008-396	第一周实战·补夜莺二简.txt	已修复	字词表	新增			mr	没人	1	按清单顺序；清单未提的原有简词接在后面	2026-09-21T23:01:44	新增 mr,1=没人 → 没人	7c97f99407d0531bdd3568b51a287a2866e6bd66938173e8fdb4626a92d4eab3	e4bb8e347627b496352007067f2ec48753bdafafe5fd14821aa0d81fd98ce1c9
P0008-397	第一周实战·补夜莺二简.txt	已修复	字词表	新增			mr	每人	2	按清单顺序；清单未提的原有简词接在后面	2026-09-21T23:01:44	新增 mr,2=每人 → 没人、每人	7c97f99407d0531bdd3568b51a287a2866e6bd66938173e8fdb4626a92d4eab3	e4bb8e347627b496352007067f2ec48753bdafafe5fd14821aa0d81fd98ce1c9
P0008-398	第一周实战·补夜莺二简.txt	已修复	字词表	调序	mt	明天			1	按清单顺序	2026-09-21T23:01:44	调序 mt：明天、媒体、模特 → 明天、媒体、模特	7c97f99407d0531bdd3568b51a287a2866e6bd66938173e8fdb4626a92d4eab3	e4bb8e347627b496352007067f2ec48753bdafafe5fd14821aa0d81fd98ce1c9
P0008-399	第一周实战·补夜莺二简.txt	已修复	字词表	新增			mt	每天	2	按清单顺序；清单未提的原有简词接在后面	2026-09-21T23:01:44	新增 mt,2=每天 → 明天、每天、媒体、模特	7c97f99407d0531bdd3568b51a287a2866e6bd66938173e8fdb4626a92d4eab3	e4bb8e347627b496352007067f2ec48753bdafafe5fd14821aa0d81fd98ce1c9
P0008-400	第一周实战·补夜莺二简.txt	已修复	字词表	调序	mt	媒体			3	按清单顺序	2026-09-21T23:01:44	调序 mt：明天、每天、媒体、模特 → 明天、每天、媒体、模特	7c97f99407d0531bdd3568b51a287a2866e6bd66938173e8fdb4626a92d4eab3	e4bb8e347627b496352007067f2ec48753bdafafe5fd14821aa0d81fd98ce1c9
P0008-401	第一周实战·补夜莺二简.txt	已修复	字词表	新增			mi	漫长	2	按清单顺序；清单未提的原有简词接在后面	2026-09-21T23:01:44	新增 mi,2=漫长 → 米、漫长	7c97f99407d0531bdd3568b51a287a2866e6bd66938173e8fdb4626a92d4eab3	e4bb8e347627b496352007067f2ec48753bdafafe5fd14821aa0d81fd98ce1c9
P0008-402	第一周实战·补夜莺二简.txt	已修复	字词表	新增			mi	名称	3	按清单顺序；清单未提的原有简词接在后面	2026-09-21T23:01:44	新增 mi,3=名称 → 米、漫长、名称	7c97f99407d0531bdd3568b51a287a2866e6bd66938173e8fdb4626a92d4eab3	e4bb8e347627b496352007067f2ec48753bdafafe5fd14821aa0d81fd98ce1c9
P0008-403	第一周实战·补夜莺二简.txt	已修复	字词表	新增			mp	名片	2	按清单顺序；清单未提的原有简词接在后面	2026-09-21T23:01:44	新增 mp,2=名片 → 灭、名片	7c97f99407d0531bdd3568b51a287a2866e6bd66938173e8fdb4626a92d4eab3	e4bb8e347627b496352007067f2ec48753bdafafe5fd14821aa0d81fd98ce1c9
P0008-404	第一周实战·补夜莺二简.txt	已修复	字词表	调序	ms	貌似			1	按清单顺序	2026-09-21T23:01:44	调序 ms：貌似 → 貌似	7c97f99407d0531bdd3568b51a287a2866e6bd66938173e8fdb4626a92d4eab3	e4bb8e347627b496352007067f2ec48753bdafafe5fd14821aa0d81fd98ce1c9
P0008-405	第一周实战·补夜莺二简.txt	已修复	字词表	新增			ms	面色	2	按清单顺序；清单未提的原有简词接在后面	2026-09-21T23:01:44	新增 ms,2=面色 → 貌似、面色	7c97f99407d0531bdd3568b51a287a2866e6bd66938173e8fdb4626a92d4eab3	e4bb8e347627b496352007067f2ec48753bdafafe5fd14821aa0d81fd98ce1c9
P0008-406	第一周实战·补夜莺二简.txt	已修复	字词表	新增			mg	每个	2	按清单顺序；清单未提的原有简词接在后面	2026-09-21T23:01:44	新增 mg,2=每个 → 梦、每个、美国、魔鬼	7c97f99407d0531bdd3568b51a287a2866e6bd66938173e8fdb4626a92d4eab3	e4bb8e347627b496352007067f2ec48753bdafafe5fd14821aa0d81fd98ce1c9
P0008-407	第一周实战·补夜莺二简.txt	已修复	字词表	新增			mg	目光	3	按清单顺序；清单未提的原有简词接在后面	2026-09-21T23:01:44	新增 mg,3=目光 → 梦、每个、目光、美国、魔鬼	7c97f99407d0531bdd3568b51a287a2866e6bd66938173e8fdb4626a92d4eab3	e4bb8e347627b496352007067f2ec48753bdafafe5fd14821aa0d81fd98ce1c9
P0008-408	第一周实战·补夜莺二简.txt	已修复	字词表	调序	mh	美好			2	按清单顺序	2026-09-21T23:01:44	调序 mh：忙、美好 → 忙、美好	7c97f99407d0531bdd3568b51a287a2866e6bd66938173e8fdb4626a92d4eab3	e4bb8e347627b496352007067f2ec48753bdafafe5fd14821aa0d81fd98ce1c9
P0008-409	第一周实战·补夜莺二简.txt	已修复	字词表	新增			mh	模糊	3	按清单顺序；清单未提的原有简词接在后面	2026-09-21T23:01:44	新增 mh,3=模糊 → 忙、美好、模糊	7c97f99407d0531bdd3568b51a287a2866e6bd66938173e8fdb4626a92d4eab3	e4bb8e347627b496352007067f2ec48753bdafafe5fd14821aa0d81fd98ce1c9
P0008-410	第一周实战·补夜莺二简.txt	已修复	字词表	新增			mj	面积	2	按清单顺序；清单未提的原有简词接在后面	2026-09-21T23:01:44	新增 mj,2=面积 → 满、面积	7c97f99407d0531bdd3568b51a287a2866e6bd66938173e8fdb4626a92d4eab3	e4bb8e347627b496352007067f2ec48753bdafafe5fd14821aa0d81fd98ce1c9
P0008-411	第一周实战·补夜莺二简.txt	已修复	字词表	新增			mj	面具	3	按清单顺序；清单未提的原有简词接在后面	2026-09-21T23:01:44	新增 mj,3=面具 → 满、面积、面具	7c97f99407d0531bdd3568b51a287a2866e6bd66938173e8fdb4626a92d4eab3	e4bb8e347627b496352007067f2ec48753bdafafe5fd14821aa0d81fd98ce1c9
P0008-412	第一周实战·补夜莺二简.txt	已修复	字词表	调序	mk	门口			2	按清单顺序	2026-09-21T23:01:44	调序 mk：明、门口 → 明、门口	7c97f99407d0531bdd3568b51a287a2866e6bd66938173e8fdb4626a92d4eab3	e4bb8e347627b496352007067f2ec48753bdafafe5fd14821aa0d81fd98ce1c9
P0008-413	第一周实战·补夜莺二简.txt	已修复	字词表	新增			mk	面孔	3	按清单顺序；清单未提的原有简词接在后面	2026-09-21T23:01:44	新增 mk,3=面孔 → 明、门口、面孔	7c97f99407d0531bdd3568b51a287a2866e6bd66938173e8fdb4626a92d4eab3	e4bb8e347627b496352007067f2ec48753bdafafe5fd14821aa0d81fd98ce1c9
P0008-414	第一周实战·补夜莺二简.txt	已修复	字词表	调序	mx	梦想			1	按清单顺序	2026-09-21T23:01:44	调序 mx：明显、梦想、明星 → 梦想、明显、明星	7c97f99407d0531bdd3568b51a287a2866e6bd66938173e8fdb4626a92d4eab3	e4bb8e347627b496352007067f2ec48753bdafafe5fd14821aa0d81fd98ce1c9
P0008-415	第一周实战·补夜莺二简.txt	已修复	字词表	新增			mx	某些	2	按清单顺序；清单未提的原有简词接在后面	2026-09-21T23:01:44	新增 mx,2=某些 → 梦想、某些、明显、明星	7c97f99407d0531bdd3568b51a287a2866e6bd66938173e8fdb4626a92d4eab3	e4bb8e347627b496352007067f2ec48753bdafafe5fd14821aa0d81fd98ce1c9
P0008-416	第一周实战·补夜莺二简.txt	已修复	字词表	调序	mx	明显			3	按清单顺序	2026-09-21T23:01:44	调序 mx：梦想、某些、明显、明星 → 梦想、某些、明显、明星	7c97f99407d0531bdd3568b51a287a2866e6bd66938173e8fdb4626a92d4eab3	e4bb8e347627b496352007067f2ec48753bdafafe5fd14821aa0d81fd98ce1c9
P0008-417	第一周实战·补夜莺二简.txt	已修复	字词表	新增			mc	每次	2	按清单顺序；清单未提的原有简词接在后面	2026-09-21T23:01:44	新增 mc,2=每次 → 毛、每次	7c97f99407d0531bdd3568b51a287a2866e6bd66938173e8fdb4626a92d4eab3	e4bb8e347627b496352007067f2ec48753bdafafe5fd14821aa0d81fd98ce1c9
P0008-418	第一周实战·补夜莺二简.txt	已修复	字词表	新增			mc	没错	3	按清单顺序；清单未提的原有简词接在后面	2026-09-21T23:01:44	新增 mc,3=没错 → 毛、每次、没错	7c97f99407d0531bdd3568b51a287a2866e6bd66938173e8fdb4626a92d4eab3	e4bb8e347627b496352007067f2ec48753bdafafe5fd14821aa0d81fd98ce1c9
P0008-419	第一周实战·补夜莺二简.txt	已修复	字词表	新增			mv	梦中	1	按清单顺序；清单未提的原有简词接在后面	2026-09-21T23:01:44	新增 mv,1=梦中 → 梦中、民主	7c97f99407d0531bdd3568b51a287a2866e6bd66938173e8fdb4626a92d4eab3	e4bb8e347627b496352007067f2ec48753bdafafe5fd14821aa0d81fd98ce1c9
P0008-420	第一周实战·补夜莺二简.txt	已修复	字词表	新增			mv	某种	2	按清单顺序；清单未提的原有简词接在后面	2026-09-21T23:01:44	新增 mv,2=某种 → 梦中、某种、民主	7c97f99407d0531bdd3568b51a287a2866e6bd66938173e8fdb4626a92d4eab3	e4bb8e347627b496352007067f2ec48753bdafafe5fd14821aa0d81fd98ce1c9
P0008-421	第一周实战·补夜莺二简.txt	已修复	字词表	新增			mv	忙着	3	按清单顺序；清单未提的原有简词接在后面	2026-09-21T23:01:44	新增 mv,3=忙着 → 梦中、某种、忙着、民主	7c97f99407d0531bdd3568b51a287a2866e6bd66938173e8fdb4626a92d4eab3	e4bb8e347627b496352007067f2ec48753bdafafe5fd14821aa0d81fd98ce1c9
P0008-422	第一周实战·补夜莺二简.txt	已修复	字词表	新增			mn	每年	2	按清单顺序；清单未提的原有简词接在后面	2026-09-21T23:01:44	新增 mn,2=每年 → 秒、每年、明年、美女	7c97f99407d0531bdd3568b51a287a2866e6bd66938173e8fdb4626a92d4eab3	e4bb8e347627b496352007067f2ec48753bdafafe5fd14821aa0d81fd98ce1c9
P0008-423	第一周实战·补夜莺二简.txt	已修复	字词表	调序	mn	美女			3	按清单顺序	2026-09-21T23:01:44	调序 mn：秒、每年、明年、美女 → 秒、每年、美女、明年	7c97f99407d0531bdd3568b51a287a2866e6bd66938173e8fdb4626a92d4eab3	e4bb8e347627b496352007067f2ec48753bdafafe5fd14821aa0d81fd98ce1c9
P0008-424	第一周实战·补夜莺二简.txt	已修复	字词表	调序	mm	妈妈			2	按清单顺序	2026-09-21T23:01:44	调序 mm：面、妈妈、妹妹 → 面、妈妈、妹妹	7c97f99407d0531bdd3568b51a287a2866e6bd66938173e8fdb4626a92d4eab3	e4bb8e347627b496352007067f2ec48753bdafafe5fd14821aa0d81fd98ce1c9
P0008-425	第一周实战·补夜莺二简.txt	已修复	字词表	新增			mm	慢慢	3	按清单顺序；清单未提的原有简词接在后面	2026-09-21T23:01:44	新增 mm,3=慢慢 → 面、妈妈、慢慢、妹妹	7c97f99407d0531bdd3568b51a287a2866e6bd66938173e8fdb4626a92d4eab3	e4bb8e347627b496352007067f2ec48753bdafafe5fd14821aa0d81fd98ce1c9
P0008-426	第一周实战·什的ufk改成伸	已修复	单字表	删除	ufk	什				什退回全码 ufkc	2026-09-21T23:01:44	删除 ufk=什；ufk：什 → 空	550dbd24e6c0ddc13fb788e456fda611062f4a9170b3664214173a1b1ef0657a	2e35d83c1f9607988fcd7bfc27590f19dc5a8c4fec2975b121cf7b93dc6f7f35
P0008-427	第一周实战·什的ufk改成伸	已修复	单字表	新增			ufk	伸	1	伸占三简	2026-09-21T23:01:44	新增 ufk,1=伸 → 伸	550dbd24e6c0ddc13fb788e456fda611062f4a9170b3664214173a1b1ef0657a	2e35d83c1f9607988fcd7bfc27590f19dc5a8c4fec2975b121cf7b93dc6f7f35
P0008-428	第一周实战·什的ufk改成伸	已修复	字词表	删除	ufk	什				什退回全码 ufkc	2026-09-21T23:01:44	删除 ufk=什；ufk：什、示范课 → 示范课	7c97f99407d0531bdd3568b51a287a2866e6bd66938173e8fdb4626a92d4eab3	e4bb8e347627b496352007067f2ec48753bdafafe5fd14821aa0d81fd98ce1c9
P0008-429	第一周实战·什的ufk改成伸	已修复	字词表	新增			ufk	伸	1	伸占三简	2026-09-21T23:01:44	新增 ufk,1=伸 → 伸、示范课	7c97f99407d0531bdd3568b51a287a2866e6bd66938173e8fdb4626a92d4eab3	e4bb8e347627b496352007067f2ec48753bdafafe5fd14821aa0d81fd98ce1c9
P0008-430	第一周实战·什的ufk改成伸	已修复	单字表	调序	ufkp	伸			2	出简让全：伸有三简，全码位退到侁之后	2026-09-21T23:01:44	调序 ufkp：伸、侁 → 侁、伸	550dbd24e6c0ddc13fb788e456fda611062f4a9170b3664214173a1b1ef0657a	2e35d83c1f9607988fcd7bfc27590f19dc5a8c4fec2975b121cf7b93dc6f7f35
P0008-431	第一周实战·什的ufk改成伸	已修复	字词表	调序	ufkp	伸			2	出简让全：伸有三简，全码位退到侁之后	2026-09-21T23:01:44	调序 ufkp：伸、侁、十分可怕 → 侁、伸、十分可怕	7c97f99407d0531bdd3568b51a287a2866e6bd66938173e8fdb4626a92d4eab3	e4bb8e347627b496352007067f2ec48753bdafafe5fd14821aa0d81fd98ce1c9
P0009-001	二码位只留前三个	已修复	字词表	删除	ay	也要				第 4 位起需数字键；该词另有四码全码	2026-09-21T23:10:46	删除 ay=也要；ay：阿姨、熬夜、也有、也要、要用 → 阿姨、熬夜、也有、要用	e4bb8e347627b496352007067f2ec48753bdafafe5fd14821aa0d81fd98ce1c9	ceb1911bd4a950a16986ab124e1edca75a3d1c42802f7229e872b7362b799a26
P0009-002	二码位只留前三个	已修复	字词表	删除	ay	要用				第 4 位起需数字键；该词另有四码全码	2026-09-21T23:10:46	删除 ay=要用；ay：阿姨、熬夜、也有、要用 → 阿姨、熬夜、也有	e4bb8e347627b496352007067f2ec48753bdafafe5fd14821aa0d81fd98ce1c9	ceb1911bd4a950a16986ab124e1edca75a3d1c42802f7229e872b7362b799a26
P0009-003	二码位只留前三个	已修复	字词表	删除	bd	报道				第 4 位起需数字键；该词另有四码全码	2026-09-21T23:10:46	删除 bd=报道；bd：白、不断、变得、报道 → 白、不断、变得	e4bb8e347627b496352007067f2ec48753bdafafe5fd14821aa0d81fd98ce1c9	ceb1911bd4a950a16986ab124e1edca75a3d1c42802f7229e872b7362b799a26
P0009-004	二码位只留前三个	已修复	字词表	删除	bj	北京				第 4 位起需数字键；该词另有四码全码	2026-09-21T23:10:46	删除 bj=北京；bj：般、比较、毕竟、北京 → 般、比较、毕竟	e4bb8e347627b496352007067f2ec48753bdafafe5fd14821aa0d81fd98ce1c9	ceb1911bd4a950a16986ab124e1edca75a3d1c42802f7229e872b7362b799a26
P0009-005	二码位只留前三个	已修复	字词表	删除	bl	巴黎				第 4 位起需数字键；该词另有四码全码	2026-09-21T23:10:46	删除 bl=巴黎；bl：不论、本来、玻璃、巴黎 → 不论、本来、玻璃	e4bb8e347627b496352007067f2ec48753bdafafe5fd14821aa0d81fd98ce1c9	ceb1911bd4a950a16986ab124e1edca75a3d1c42802f7229e872b7362b799a26
P0009-006	二码位只留前三个	已修复	字词表	删除	bt	拜托				第 4 位起需数字键；该词另有四码全码	2026-09-21T23:10:46	删除 bt=拜托；bt：不停、不同、不太、拜托、表态 → 不停、不同、不太、表态	e4bb8e347627b496352007067f2ec48753bdafafe5fd14821aa0d81fd98ce1c9	ceb1911bd4a950a16986ab124e1edca75a3d1c42802f7229e872b7362b799a26
P0009-007	二码位只留前三个	已修复	字词表	删除	bt	表态				第 4 位起需数字键；该词另有四码全码	2026-09-21T23:10:46	删除 bt=表态；bt：不停、不同、不太、表态 → 不停、不同、不太	e4bb8e347627b496352007067f2ec48753bdafafe5fd14821aa0d81fd98ce1c9	ceb1911bd4a950a16986ab124e1edca75a3d1c42802f7229e872b7362b799a26
P0009-008	二码位只留前三个	已修复	字词表	删除	bz	鼻子				第 4 位起需数字键；该词另有四码全码	2026-09-21T23:10:46	删除 bz=鼻子；bz：不在、不再、辈子、鼻子、脖子 → 不在、不再、辈子、脖子	e4bb8e347627b496352007067f2ec48753bdafafe5fd14821aa0d81fd98ce1c9	ceb1911bd4a950a16986ab124e1edca75a3d1c42802f7229e872b7362b799a26
P0009-009	二码位只留前三个	已修复	字词表	删除	bz	脖子				第 4 位起需数字键；该词另有四码全码	2026-09-21T23:10:46	删除 bz=脖子；bz：不在、不再、辈子、脖子 → 不在、不再、辈子	e4bb8e347627b496352007067f2ec48753bdafafe5fd14821aa0d81fd98ce1c9	ceb1911bd4a950a16986ab124e1edca75a3d1c42802f7229e872b7362b799a26
P0009-010	二码位只留前三个	已修复	字词表	删除	cc	猜猜				第 4 位起需数字键；该词另有四码全码	2026-09-21T23:10:46	删除 cc=猜猜；cc：草、从此、猜测、猜猜 → 草、从此、猜测	e4bb8e347627b496352007067f2ec48753bdafafe5fd14821aa0d81fd98ce1c9	ceb1911bd4a950a16986ab124e1edca75a3d1c42802f7229e872b7362b799a26
P0009-011	二码位只留前三个	已修复	字词表	删除	cg	错过				第 4 位起需数字键；该词另有四码全码	2026-09-21T23:10:46	删除 cg=错过；cg：曾、参观、采购、错过 → 曾、参观、采购	e4bb8e347627b496352007067f2ec48753bdafafe5fd14821aa0d81fd98ce1c9	ceb1911bd4a950a16986ab124e1edca75a3d1c42802f7229e872b7362b799a26
P0009-012	二码位只留前三个	已修复	字词表	删除	cs	彩色				第 4 位起需数字键；该词另有四码全码	2026-09-21T23:10:46	删除 cs=彩色；cs：从、沧桑、厕所、彩色 → 从、沧桑、厕所	e4bb8e347627b496352007067f2ec48753bdafafe5fd14821aa0d81fd98ce1c9	ceb1911bd4a950a16986ab124e1edca75a3d1c42802f7229e872b7362b799a26
P0009-013	二码位只留前三个	已修复	字词表	删除	cu	测试				第 4 位起需数字键；该词另有四码全码	2026-09-21T23:10:46	删除 cu=测试；cu：粗、才是、此时、测试 → 粗、才是、此时	e4bb8e347627b496352007067f2ec48753bdafafe5fd14821aa0d81fd98ce1c9	ceb1911bd4a950a16986ab124e1edca75a3d1c42802f7229e872b7362b799a26
P0009-014	二码位只留前三个	已修复	字词表	删除	dh	的话				第 4 位起需数字键；该词另有四码全码	2026-09-21T23:10:46	删除 dh=的话；dh：当、电话、都会、的话 → 当、电话、都会	e4bb8e347627b496352007067f2ec48753bdafafe5fd14821aa0d81fd98ce1c9	ceb1911bd4a950a16986ab124e1edca75a3d1c42802f7229e872b7362b799a26
P0009-015	二码位只留前三个	已修复	字词表	删除	dl	道理				第 4 位起需数字键；该词另有四码全码	2026-09-21T23:10:46	删除 dl=道理；dl：带来、到了、大量、道理、独立 → 带来、到了、大量、独立	e4bb8e347627b496352007067f2ec48753bdafafe5fd14821aa0d81fd98ce1c9	ceb1911bd4a950a16986ab124e1edca75a3d1c42802f7229e872b7362b799a26
P0009-016	二码位只留前三个	已修复	字词表	删除	dl	独立				第 4 位起需数字键；该词另有四码全码	2026-09-21T23:10:46	删除 dl=独立；dl：带来、到了、大量、独立 → 带来、到了、大量	e4bb8e347627b496352007067f2ec48753bdafafe5fd14821aa0d81fd98ce1c9	ceb1911bd4a950a16986ab124e1edca75a3d1c42802f7229e872b7362b799a26
P0009-017	二码位只留前三个	已修复	字词表	删除	gm	革命				第 4 位起需数字键；该词另有四码全码	2026-09-21T23:10:46	删除 gm=革命；gm：干嘛、购买、感冒、革命、公民 → 干嘛、购买、感冒、公民	e4bb8e347627b496352007067f2ec48753bdafafe5fd14821aa0d81fd98ce1c9	ceb1911bd4a950a16986ab124e1edca75a3d1c42802f7229e872b7362b799a26
P0009-018	二码位只留前三个	已修复	字词表	删除	gm	公民				第 4 位起需数字键；该词另有四码全码	2026-09-21T23:10:46	删除 gm=公民；gm：干嘛、购买、感冒、公民 → 干嘛、购买、感冒	e4bb8e347627b496352007067f2ec48753bdafafe5fd14821aa0d81fd98ce1c9	ceb1911bd4a950a16986ab124e1edca75a3d1c42802f7229e872b7362b799a26
P0009-019	二码位只留前三个	已修复	字词表	删除	gw	国王				第 4 位起需数字键；该词另有四码全码	2026-09-21T23:10:46	删除 gw=国王；gw：给、各位、格外、国王 → 给、各位、格外	e4bb8e347627b496352007067f2ec48753bdafafe5fd14821aa0d81fd98ce1c9	ceb1911bd4a950a16986ab124e1edca75a3d1c42802f7229e872b7362b799a26
P0009-020	二码位只留前三个	已修复	字词表	删除	gy	公园				第 4 位起需数字键；该词另有四码全码	2026-09-21T23:10:46	删除 gy=公园；gy：滚、关于、故意、公园 → 滚、关于、故意	e4bb8e347627b496352007067f2ec48753bdafafe5fd14821aa0d81fd98ce1c9	ceb1911bd4a950a16986ab124e1edca75a3d1c42802f7229e872b7362b799a26
P0009-021	二码位只留前三个	已修复	字词表	删除	hg	韩国				第 4 位起需数字键；该词另有四码全码	2026-09-21T23:10:46	删除 hg=韩国；hg：横、后果、回归、韩国 → 横、后果、回归	e4bb8e347627b496352007067f2ec48753bdafafe5fd14821aa0d81fd98ce1c9	ceb1911bd4a950a16986ab124e1edca75a3d1c42802f7229e872b7362b799a26
P0009-022	二码位只留前三个	已修复	字词表	删除	hv	患者				第 4 位起需数字键；该词另有四码全码	2026-09-21T23:10:46	删除 hv=患者；hv：会、或者、活着、患者 → 会、或者、活着	e4bb8e347627b496352007067f2ec48753bdafafe5fd14821aa0d81fd98ce1c9	ceb1911bd4a950a16986ab124e1edca75a3d1c42802f7229e872b7362b799a26
P0009-023	二码位只留前三个	已修复	字词表	删除	hw	好玩				第 4 位起需数字键；该词另有四码全码	2026-09-21T23:10:46	删除 hw=好玩；hw：黑、还未、毫无、好玩 → 黑、还未、毫无	e4bb8e347627b496352007067f2ec48753bdafafe5fd14821aa0d81fd98ce1c9	ceb1911bd4a950a16986ab124e1edca75a3d1c42802f7229e872b7362b799a26
P0009-024	二码位只留前三个	已修复	字词表	删除	hz	合作				第 4 位起需数字键；该词另有四码全码	2026-09-21T23:10:46	删除 hz=合作；hz：后、还在、孩子、合作 → 后、还在、孩子	e4bb8e347627b496352007067f2ec48753bdafafe5fd14821aa0d81fd98ce1c9	ceb1911bd4a950a16986ab124e1edca75a3d1c42802f7229e872b7362b799a26
P0009-025	二码位只留前三个	已修复	字词表	删除	jb	酒吧				第 4 位起需数字键；该词另有四码全码	2026-09-21T23:10:46	删除 jb=酒吧；jb：进、基本、即便、酒吧 → 进、基本、即便	e4bb8e347627b496352007067f2ec48753bdafafe5fd14821aa0d81fd98ce1c9	ceb1911bd4a950a16986ab124e1edca75a3d1c42802f7229e872b7362b799a26
P0009-026	二码位只留前三个	已修复	字词表	删除	ji	警察				第 4 位起需数字键；该词另有四码全码	2026-09-21T23:10:46	删除 ji=警察；ji：己、坚持、经常、警察 → 己、坚持、经常	e4bb8e347627b496352007067f2ec48753bdafafe5fd14821aa0d81fd98ce1c9	ceb1911bd4a950a16986ab124e1edca75a3d1c42802f7229e872b7362b799a26
P0009-027	二码位只留前三个	已修复	字词表	删除	jm	节目				第 4 位起需数字键；该词另有四码全码	2026-09-21T23:10:46	删除 jm=节目；jm：见、见面、急忙、节目 → 见、见面、急忙	e4bb8e347627b496352007067f2ec48753bdafafe5fd14821aa0d81fd98ce1c9	ceb1911bd4a950a16986ab124e1edca75a3d1c42802f7229e872b7362b799a26
P0009-028	二码位只留前三个	已修复	字词表	删除	jv	记者				第 4 位起需数字键；该词另有四码全码	2026-09-21T23:10:46	删除 jv=记者；jv：剧、简直、接着、记者 → 剧、简直、接着	e4bb8e347627b496352007067f2ec48753bdafafe5fd14821aa0d81fd98ce1c9	ceb1911bd4a950a16986ab124e1edca75a3d1c42802f7229e872b7362b799a26
P0009-029	二码位只留前三个	已修复	字词表	删除	jy	教育				第 4 位起需数字键；该词另有四码全码	2026-09-21T23:10:46	删除 jy=教育；jy：军、加油、记忆、教育 → 军、加油、记忆	e4bb8e347627b496352007067f2ec48753bdafafe5fd14821aa0d81fd98ce1c9	ceb1911bd4a950a16986ab124e1edca75a3d1c42802f7229e872b7362b799a26
P0009-030	二码位只留前三个	已修复	字词表	删除	ky	快要				第 4 位起需数字键；该词另有四码全码	2026-09-21T23:10:46	删除 ky=快要；ky：困、可以、刻意、快要 → 困、可以、刻意	e4bb8e347627b496352007067f2ec48753bdafafe5fd14821aa0d81fd98ce1c9	ceb1911bd4a950a16986ab124e1edca75a3d1c42802f7229e872b7362b799a26
P0009-031	二码位只留前三个	已修复	字词表	删除	lg	老公				第 4 位起需数字键；该词另有四码全码	2026-09-21T23:10:46	删除 lg=老公；lg：冷、两个、路过、老公 → 冷、两个、路过	e4bb8e347627b496352007067f2ec48753bdafafe5fd14821aa0d81fd98ce1c9	ceb1911bd4a950a16986ab124e1edca75a3d1c42802f7229e872b7362b799a26
P0009-032	二码位只留前三个	已修复	字词表	删除	lr	恋人				第 4 位起需数字键；该词另有四码全码	2026-09-21T23:10:46	删除 lr=恋人；lr：乱、两人、老人、恋人 → 乱、两人、老人	e4bb8e347627b496352007067f2ec48753bdafafe5fd14821aa0d81fd98ce1c9	ceb1911bd4a950a16986ab124e1edca75a3d1c42802f7229e872b7362b799a26
P0009-033	二码位只留前三个	已修复	字词表	删除	mg	美国				第 4 位起需数字键；该词另有四码全码	2026-09-21T23:10:46	删除 mg=美国；mg：梦、每个、目光、美国、魔鬼 → 梦、每个、目光、魔鬼	e4bb8e347627b496352007067f2ec48753bdafafe5fd14821aa0d81fd98ce1c9	ceb1911bd4a950a16986ab124e1edca75a3d1c42802f7229e872b7362b799a26
P0009-034	二码位只留前三个	已修复	字词表	删除	mg	魔鬼				第 4 位起需数字键；该词另有四码全码	2026-09-21T23:10:46	删除 mg=魔鬼；mg：梦、每个、目光、魔鬼 → 梦、每个、目光	e4bb8e347627b496352007067f2ec48753bdafafe5fd14821aa0d81fd98ce1c9	ceb1911bd4a950a16986ab124e1edca75a3d1c42802f7229e872b7362b799a26
P0009-035	二码位只留前三个	已修复	字词表	删除	mm	妹妹				第 4 位起需数字键；该词另有四码全码	2026-09-21T23:10:46	删除 mm=妹妹；mm：面、妈妈、慢慢、妹妹 → 面、妈妈、慢慢	e4bb8e347627b496352007067f2ec48753bdafafe5fd14821aa0d81fd98ce1c9	ceb1911bd4a950a16986ab124e1edca75a3d1c42802f7229e872b7362b799a26
P0009-036	二码位只留前三个	已修复	字词表	删除	mn	明年				第 4 位起需数字键；该词另有四码全码	2026-09-21T23:10:46	删除 mn=明年；mn：秒、每年、美女、明年 → 秒、每年、美女	e4bb8e347627b496352007067f2ec48753bdafafe5fd14821aa0d81fd98ce1c9	ceb1911bd4a950a16986ab124e1edca75a3d1c42802f7229e872b7362b799a26
P0009-037	二码位只留前三个	已修复	字词表	删除	mt	模特				第 4 位起需数字键；该词另有四码全码	2026-09-21T23:10:46	删除 mt=模特；mt：明天、每天、媒体、模特 → 明天、每天、媒体	e4bb8e347627b496352007067f2ec48753bdafafe5fd14821aa0d81fd98ce1c9	ceb1911bd4a950a16986ab124e1edca75a3d1c42802f7229e872b7362b799a26
P0009-038	二码位只留前三个	已修复	字词表	删除	mv	民主				第 4 位起需数字键；该词另有四码全码	2026-09-21T23:10:46	删除 mv=民主；mv：梦中、某种、忙着、民主 → 梦中、某种、忙着	e4bb8e347627b496352007067f2ec48753bdafafe5fd14821aa0d81fd98ce1c9	ceb1911bd4a950a16986ab124e1edca75a3d1c42802f7229e872b7362b799a26
P0009-039	二码位只留前三个	已修复	字词表	删除	mx	明星				第 4 位起需数字键；该词另有四码全码	2026-09-21T23:10:46	删除 mx=明星；mx：梦想、某些、明显、明星 → 梦想、某些、明显	e4bb8e347627b496352007067f2ec48753bdafafe5fd14821aa0d81fd98ce1c9	ceb1911bd4a950a16986ab124e1edca75a3d1c42802f7229e872b7362b799a26
P0009-040	二码位只留前三个	已修复	字词表	删除	nd	年代				第 4 位起需数字键；该词另有四码全码	2026-09-21T23:10:46	删除 nd=年代；nd：乃、难道、拿到、年代 → 乃、难道、拿到	e4bb8e347627b496352007067f2ec48753bdafafe5fd14821aa0d81fd98ce1c9	ceb1911bd4a950a16986ab124e1edca75a3d1c42802f7229e872b7362b799a26
P0009-041	二码位只留前三个	已修复	字词表	删除	nw	女王				第 4 位起需数字键；该词另有四码全码	2026-09-21T23:10:46	删除 nw=女王；nw：内、那位、内外、女王 → 内、那位、内外	e4bb8e347627b496352007067f2ec48753bdafafe5fd14821aa0d81fd98ce1c9	ceb1911bd4a950a16986ab124e1edca75a3d1c42802f7229e872b7362b799a26
P0009-042	二码位只留前三个	已修复	字词表	删除	ny	纽约				第 4 位起需数字键；该词另有四码全码	2026-09-21T23:10:46	删除 ny=纽约；ny：那样、难以、哪有、纽约 → 那样、难以、哪有	e4bb8e347627b496352007067f2ec48753bdafafe5fd14821aa0d81fd98ce1c9	ceb1911bd4a950a16986ab124e1edca75a3d1c42802f7229e872b7362b799a26
P0009-043	二码位只留前三个	已修复	字词表	删除	qq	瞧瞧				第 4 位起需数字键；该词另有四码全码	2026-09-21T23:10:46	删除 qq=瞧瞧；qq：求、请求、全球、瞧瞧 → 求、请求、全球	e4bb8e347627b496352007067f2ec48753bdafafe5fd14821aa0d81fd98ce1c9	ceb1911bd4a950a16986ab124e1edca75a3d1c42802f7229e872b7362b799a26
P0009-044	二码位只留前三个	已修复	字词表	删除	qr	情人				第 4 位起需数字键；该词另有四码全码	2026-09-21T23:10:46	删除 qr=情人；qr：全、确认、亲人、情人 → 全、确认、亲人	e4bb8e347627b496352007067f2ec48753bdafafe5fd14821aa0d81fd98ce1c9	ceb1911bd4a950a16986ab124e1edca75a3d1c42802f7229e872b7362b799a26
P0009-045	二码位只留前三个	已修复	字词表	删除	rr	人人				第 4 位起需数字键；该词另有四码全码	2026-09-21T23:10:46	删除 rr=人人；rr：软、仍然、柔软、人人 → 软、仍然、柔软	e4bb8e347627b496352007067f2ec48753bdafafe5fd14821aa0d81fd98ce1c9	ceb1911bd4a950a16986ab124e1edca75a3d1c42802f7229e872b7362b799a26
P0009-046	二码位只留前三个	已修复	字词表	删除	sl	森林				第 4 位起需数字键；该词另有四码全码	2026-09-21T23:10:46	删除 sl=森林；sl：算了、死了、思路、森林、苏联 → 算了、死了、思路、苏联	e4bb8e347627b496352007067f2ec48753bdafafe5fd14821aa0d81fd98ce1c9	ceb1911bd4a950a16986ab124e1edca75a3d1c42802f7229e872b7362b799a26
P0009-047	二码位只留前三个	已修复	字词表	删除	sl	苏联				第 4 位起需数字键；该词另有四码全码	2026-09-21T23:10:46	删除 sl=苏联；sl：算了、死了、思路、苏联 → 算了、死了、思路	e4bb8e347627b496352007067f2ec48753bdafafe5fd14821aa0d81fd98ce1c9	ceb1911bd4a950a16986ab124e1edca75a3d1c42802f7229e872b7362b799a26
P0009-048	二码位只留前三个	已修复	字词表	删除	tp	投票				第 4 位起需数字键；该词另有四码全码	2026-09-21T23:10:46	删除 tp=投票；tp：铁、突破、图片、投票 → 铁、突破、图片	e4bb8e347627b496352007067f2ec48753bdafafe5fd14821aa0d81fd98ce1c9	ceb1911bd4a950a16986ab124e1edca75a3d1c42802f7229e872b7362b799a26
P0009-049	二码位只留前三个	已修复	字词表	删除	vb	直播				第 4 位起需数字键；该词另有四码全码	2026-09-21T23:10:46	删除 vb=直播；vb：准备、这边、装备、直播、周边 → 准备、这边、装备、周边	e4bb8e347627b496352007067f2ec48753bdafafe5fd14821aa0d81fd98ce1c9	ceb1911bd4a950a16986ab124e1edca75a3d1c42802f7229e872b7362b799a26
P0009-050	二码位只留前三个	已修复	字词表	删除	vb	周边				第 4 位起需数字键；该词另有四码全码	2026-09-21T23:10:46	删除 vb=周边；vb：准备、这边、装备、周边 → 准备、这边、装备	e4bb8e347627b496352007067f2ec48753bdafafe5fd14821aa0d81fd98ce1c9	ceb1911bd4a950a16986ab124e1edca75a3d1c42802f7229e872b7362b799a26
P0009-051	二码位只留前三个	已修复	字词表	删除	vc	政策				第 4 位起需数字键；该词另有四码全码	2026-09-21T23:10:46	删除 vc=政策；vc：找、这次、注册、政策 → 找、这次、注册	e4bb8e347627b496352007067f2ec48753bdafafe5fd14821aa0d81fd98ce1c9	ceb1911bd4a950a16986ab124e1edca75a3d1c42802f7229e872b7362b799a26
P0009-052	二码位只留前三个	已修复	字词表	删除	vl	治疗				第 4 位起需数字键；该词另有四码全码	2026-09-21T23:10:46	删除 vl=治疗；vl：装、这里、质量、治疗 → 装、这里、质量	e4bb8e347627b496352007067f2ec48753bdafafe5fd14821aa0d81fd98ce1c9	ceb1911bd4a950a16986ab124e1edca75a3d1c42802f7229e872b7362b799a26
P0009-053	二码位只留前三个	已修复	字词表	删除	vm	周末				第 4 位起需数字键；该词另有四码全码	2026-09-21T23:10:46	删除 vm=周末；vm：证明、这么、专门、周末 → 证明、这么、专门	e4bb8e347627b496352007067f2ec48753bdafafe5fd14821aa0d81fd98ce1c9	ceb1911bd4a950a16986ab124e1edca75a3d1c42802f7229e872b7362b799a26
P0009-054	二码位只留前三个	已修复	字词表	删除	vv	战争				第 4 位起需数字键；该词另有四码全码	2026-09-21T23:10:46	删除 vv=战争；vv：追、这种、真正、战争 → 追、这种、真正	e4bb8e347627b496352007067f2ec48753bdafafe5fd14821aa0d81fd98ce1c9	ceb1911bd4a950a16986ab124e1edca75a3d1c42802f7229e872b7362b799a26
P0009-055	二码位只留前三个	已修复	字词表	删除	xg	香港				第 4 位起需数字键；该词另有四码全码	2026-09-21T23:10:46	删除 xg=香港；xg：习惯、效果、修改、香港 → 习惯、效果、修改	e4bb8e347627b496352007067f2ec48753bdafafe5fd14821aa0d81fd98ce1c9	ceb1911bd4a950a16986ab124e1edca75a3d1c42802f7229e872b7362b799a26
P0009-056	二码位只留前三个	已修复	字词表	删除	xn	新年				第 4 位起需数字键；该词另有四码全码	2026-09-21T23:10:46	删除 xn=新年；xn：笑、想念、信念、新年 → 笑、想念、信念	e4bb8e347627b496352007067f2ec48753bdafafe5fd14821aa0d81fd98ce1c9	ceb1911bd4a950a16986ab124e1edca75a3d1c42802f7229e872b7362b799a26
P0009-057	二码位只留前三个	已修复	字词表	删除	xu	先生				第 4 位起需数字键；该词另有四码全码	2026-09-21T23:10:46	删除 xu=先生；xu：许、显示、小时、先生 → 许、显示、小时	e4bb8e347627b496352007067f2ec48753bdafafe5fd14821aa0d81fd98ce1c9	ceb1911bd4a950a16986ab124e1edca75a3d1c42802f7229e872b7362b799a26
P0009-058	二码位只留前三个	已修复	字词表	删除	xv	勋章				第 4 位起需数字键；该词另有四码全码	2026-09-21T23:10:46	删除 xv=勋章；xv：绪、寻找、心中、勋章 → 绪、寻找、心中	e4bb8e347627b496352007067f2ec48753bdafafe5fd14821aa0d81fd98ce1c9	ceb1911bd4a950a16986ab124e1edca75a3d1c42802f7229e872b7362b799a26
P0009-059	二码位只留前三个	已修复	字词表	删除	xw	新闻				第 4 位起需数字键；该词另有四码全码	2026-09-21T23:10:46	删除 xw=新闻；xw：希望、行为、下午、新闻 → 希望、行为、下午	e4bb8e347627b496352007067f2ec48753bdafafe5fd14821aa0d81fd98ce1c9	ceb1911bd4a950a16986ab124e1edca75a3d1c42802f7229e872b7362b799a26
P0009-060	二码位只留前三个	已修复	字词表	删除	xx	谢谢				第 4 位起需数字键；该词另有四码全码	2026-09-21T23:10:46	删除 xx=谢谢；xx：下、相信、学习、谢谢 → 下、相信、学习	e4bb8e347627b496352007067f2ec48753bdafafe5fd14821aa0d81fd98ce1c9	ceb1911bd4a950a16986ab124e1edca75a3d1c42802f7229e872b7362b799a26
P0009-061	二码位只留前三个	已修复	字词表	删除	ys	又是				第 4 位起需数字键；该词另有四码全码	2026-09-21T23:10:46	删除 ys=又是；ys：用、也是、要是、又是、一丝 → 用、也是、要是、一丝	e4bb8e347627b496352007067f2ec48753bdafafe5fd14821aa0d81fd98ce1c9	ceb1911bd4a950a16986ab124e1edca75a3d1c42802f7229e872b7362b799a26
P0009-062	二码位只留前三个	已修复	字词表	删除	ys	一丝				第 4 位起需数字键；该词另有四码全码	2026-09-21T23:10:46	删除 ys=一丝；ys：用、也是、要是、一丝 → 用、也是、要是	e4bb8e347627b496352007067f2ec48753bdafafe5fd14821aa0d81fd98ce1c9	ceb1911bd4a950a16986ab124e1edca75a3d1c42802f7229e872b7362b799a26
P0009-063	二码位只留前三个	已修复	字词表	删除	zc	早餐				第 4 位起需数字键；该词另有四码全码	2026-09-21T23:10:46	删除 zc=早餐；zc：早、再次、自从、早餐 → 早、再次、自从	e4bb8e347627b496352007067f2ec48753bdafafe5fd14821aa0d81fd98ce1c9	ceb1911bd4a950a16986ab124e1edca75a3d1c42802f7229e872b7362b799a26
P0010-01	给喔加 oot 三简，噢让出	已修复	单字表	删除	oot	噢				噢已有二简 oo，不必再占三简	2026-09-21T23:13:52	删除 oot=噢；oot：噢 → 空	2e35d83c1f9607988fcd7bfc27590f19dc5a8c4fec2975b121cf7b93dc6f7f35	28059d980bbe50a5bfb6cdaa2ae03fd20bb01821f658060bbe04f65fd55c1ee4
P0010-02	给喔加 oot 三简，噢让出	已修复	单字表	新增			oot	喔	1	喔（ō）占三简 oot	2026-09-21T23:13:52	新增 oot,1=喔 → 喔	2e35d83c1f9607988fcd7bfc27590f19dc5a8c4fec2975b121cf7b93dc6f7f35	28059d980bbe50a5bfb6cdaa2ae03fd20bb01821f658060bbe04f65fd55c1ee4
P0010-03	给喔加 oot 三简，噢让出	已修复	字词表	删除	oot	噢				噢已有二简 oo，不必再占三简	2026-09-21T23:13:52	删除 oot=噢；oot：噢 → 空	ceb1911bd4a950a16986ab124e1edca75a3d1c42802f7229e872b7362b799a26	2d66ce6be23b0c768669cadce4b163f217d05d137edcc90625922f7756403152
P0010-04	给喔加 oot 三简，噢让出	已修复	字词表	新增			oot	喔	1	喔（ō）占三简 oot	2026-09-21T23:13:52	新增 oot,1=喔 → 喔	ceb1911bd4a950a16986ab124e1edca75a3d1c42802f7229e872b7362b799a26	2d66ce6be23b0c768669cadce4b163f217d05d137edcc90625922f7756403152
P0011-01	唉上三简，哎退四码	已修复	单字表	删除	ait	哎				哎退回全码 aitp	2026-09-21T23:17:01	删除 ait=哎；ait：哎 → 空	28059d980bbe50a5bfb6cdaa2ae03fd20bb01821f658060bbe04f65fd55c1ee4	82cfe87b4f934dad18b49e122c5faed5f3cbc68501a710f80b22b309393be9ff
P0011-02	唉上三简，哎退四码	已修复	单字表	新增			ait	唉	1	唉占三简 ait	2026-09-21T23:17:01	新增 ait,1=唉 → 唉	28059d980bbe50a5bfb6cdaa2ae03fd20bb01821f658060bbe04f65fd55c1ee4	82cfe87b4f934dad18b49e122c5faed5f3cbc68501a710f80b22b309393be9ff
P0011-03	唉上三简，哎退四码	已修复	字词表	删除	ait	哎				哎退回全码 aitp	2026-09-21T23:17:01	删除 ait=哎；ait：哎、熬出头 → 熬出头	2d66ce6be23b0c768669cadce4b163f217d05d137edcc90625922f7756403152	d15553a348c413e9a40c53f7096324aca0c7b6fbd89419cee6d5a1d593dd8807
P0011-04	唉上三简，哎退四码	已修复	字词表	新增			ait	唉	1	唉占三简 ait	2026-09-21T23:17:01	新增 ait,1=唉 → 唉、熬出头	2d66ce6be23b0c768669cadce4b163f217d05d137edcc90625922f7756403152	d15553a348c413e9a40c53f7096324aca0c7b6fbd89419cee6d5a1d593dd8807
P0012-01	虎娘调频：一份	已修复	字词表	调序	yiff	一份			1	调到首位	2026-09-21T23:25:03	调序 yiff：一分、义愤、一份 → 一份、一分、义愤	d15553a348c413e9a40c53f7096324aca0c7b6fbd89419cee6d5a1d593dd8807	18a006b1057c09066628805942a5165bc03aaed385ae3829fa9a230e54384d24
P0013-001	o符号区删逗号句号分号引号及快符已有	已修复	符号表	删除	ofbd	“					2026-09-21T23:31:29	删除 ofbd=“；ofbd：“、”、（、）、《、》、〈、〉、〔、〕、「、」、『、』、【、】、〖、〗、［、］、｛、｝、．、。、，、、、；、：、？、！、…、—、·、ˉ、ˇ、¨、々、～、‖、∶、＂、＇ → ”、（、）、《、》、〈、〉、〔、〕、「、」、『、』、【、】、〖、〗、［、］、｛、｝、．、。、，、、、；、：、？、！、…、—、·、ˉ、ˇ、¨、々、～、‖、∶、＂、＇	3c2d0674c710eefa062bb3e8b845dbb934e9c3cdbb65a1b72c8fe205e7552394	e8af3493730134f9b9d28f6eedc6a4f763a438b7429632da4424cd145ccaaec6
P0013-002	o符号区删逗号句号分号引号及快符已有	已修复	符号表	删除	ofbd	”					2026-09-21T23:31:29	删除 ofbd=”；ofbd：”、（、）、《、》、〈、〉、〔、〕、「、」、『、』、【、】、〖、〗、［、］、｛、｝、．、。、，、、、；、：、？、！、…、—、·、ˉ、ˇ、¨、々、～、‖、∶、＂、＇ → （、）、《、》、〈、〉、〔、〕、「、」、『、』、【、】、〖、〗、［、］、｛、｝、．、。、，、、、；、：、？、！、…、—、·、ˉ、ˇ、¨、々、～、‖、∶、＂、＇	3c2d0674c710eefa062bb3e8b845dbb934e9c3cdbb65a1b72c8fe205e7552394	e8af3493730134f9b9d28f6eedc6a4f763a438b7429632da4424cd145ccaaec6
P0013-003	o符号区删逗号句号分号引号及快符已有	已修复	符号表	删除	ofbd	（					2026-09-21T23:31:29	删除 ofbd=（；ofbd：（、）、《、》、〈、〉、〔、〕、「、」、『、』、【、】、〖、〗、［、］、｛、｝、．、。、，、、、；、：、？、！、…、—、·、ˉ、ˇ、¨、々、～、‖、∶、＂、＇ → ）、《、》、〈、〉、〔、〕、「、」、『、』、【、】、〖、〗、［、］、｛、｝、．、。、，、、、；、：、？、！、…、—、·、ˉ、ˇ、¨、々、～、‖、∶、＂、＇	3c2d0674c710eefa062bb3e8b845dbb934e9c3cdbb65a1b72c8fe205e7552394	e8af3493730134f9b9d28f6eedc6a4f763a438b7429632da4424cd145ccaaec6
P0013-004	o符号区删逗号句号分号引号及快符已有	已修复	符号表	删除	ofbd	）					2026-09-21T23:31:29	删除 ofbd=）；ofbd：）、《、》、〈、〉、〔、〕、「、」、『、』、【、】、〖、〗、［、］、｛、｝、．、。、，、、、；、：、？、！、…、—、·、ˉ、ˇ、¨、々、～、‖、∶、＂、＇ → 《、》、〈、〉、〔、〕、「、」、『、』、【、】、〖、〗、［、］、｛、｝、．、。、，、、、；、：、？、！、…、—、·、ˉ、ˇ、¨、々、～、‖、∶、＂、＇	3c2d0674c710eefa062bb3e8b845dbb934e9c3cdbb65a1b72c8fe205e7552394	e8af3493730134f9b9d28f6eedc6a4f763a438b7429632da4424cd145ccaaec6
P0013-005	o符号区删逗号句号分号引号及快符已有	已修复	符号表	删除	ofbd	《					2026-09-21T23:31:29	删除 ofbd=《；ofbd：《、》、〈、〉、〔、〕、「、」、『、』、【、】、〖、〗、［、］、｛、｝、．、。、，、、、；、：、？、！、…、—、·、ˉ、ˇ、¨、々、～、‖、∶、＂、＇ → 》、〈、〉、〔、〕、「、」、『、』、【、】、〖、〗、［、］、｛、｝、．、。、，、、、；、：、？、！、…、—、·、ˉ、ˇ、¨、々、～、‖、∶、＂、＇	3c2d0674c710eefa062bb3e8b845dbb934e9c3cdbb65a1b72c8fe205e7552394	e8af3493730134f9b9d28f6eedc6a4f763a438b7429632da4424cd145ccaaec6
P0013-006	o符号区删逗号句号分号引号及快符已有	已修复	符号表	删除	ofbd	》					2026-09-21T23:31:29	删除 ofbd=》；ofbd：》、〈、〉、〔、〕、「、」、『、』、【、】、〖、〗、［、］、｛、｝、．、。、，、、、；、：、？、！、…、—、·、ˉ、ˇ、¨、々、～、‖、∶、＂、＇ → 〈、〉、〔、〕、「、」、『、』、【、】、〖、〗、［、］、｛、｝、．、。、，、、、；、：、？、！、…、—、·、ˉ、ˇ、¨、々、～、‖、∶、＂、＇	3c2d0674c710eefa062bb3e8b845dbb934e9c3cdbb65a1b72c8fe205e7552394	e8af3493730134f9b9d28f6eedc6a4f763a438b7429632da4424cd145ccaaec6
P0013-007	o符号区删逗号句号分号引号及快符已有	已修复	符号表	删除	ofbd	〔					2026-09-21T23:31:29	删除 ofbd=〔；ofbd：〈、〉、〔、〕、「、」、『、』、【、】、〖、〗、［、］、｛、｝、．、。、，、、、；、：、？、！、…、—、·、ˉ、ˇ、¨、々、～、‖、∶、＂、＇ → 〈、〉、〕、「、」、『、』、【、】、〖、〗、［、］、｛、｝、．、。、，、、、；、：、？、！、…、—、·、ˉ、ˇ、¨、々、～、‖、∶、＂、＇	3c2d0674c710eefa062bb3e8b845dbb934e9c3cdbb65a1b72c8fe205e7552394	e8af3493730134f9b9d28f6eedc6a4f763a438b7429632da4424cd145ccaaec6
P0013-008	o符号区删逗号句号分号引号及快符已有	已修复	符号表	删除	ofbd	〕					2026-09-21T23:31:29	删除 ofbd=〕；ofbd：〈、〉、〕、「、」、『、』、【、】、〖、〗、［、］、｛、｝、．、。、，、、、；、：、？、！、…、—、·、ˉ、ˇ、¨、々、～、‖、∶、＂、＇ → 〈、〉、「、」、『、』、【、】、〖、〗、［、］、｛、｝、．、。、，、、、；、：、？、！、…、—、·、ˉ、ˇ、¨、々、～、‖、∶、＂、＇	3c2d0674c710eefa062bb3e8b845dbb934e9c3cdbb65a1b72c8fe205e7552394	e8af3493730134f9b9d28f6eedc6a4f763a438b7429632da4424cd145ccaaec6
P0013-009	o符号区删逗号句号分号引号及快符已有	已修复	符号表	删除	ofbd	「					2026-09-21T23:31:29	删除 ofbd=「；ofbd：〈、〉、「、」、『、』、【、】、〖、〗、［、］、｛、｝、．、。、，、、、；、：、？、！、…、—、·、ˉ、ˇ、¨、々、～、‖、∶、＂、＇ → 〈、〉、」、『、』、【、】、〖、〗、［、］、｛、｝、．、。、，、、、；、：、？、！、…、—、·、ˉ、ˇ、¨、々、～、‖、∶、＂、＇	3c2d0674c710eefa062bb3e8b845dbb934e9c3cdbb65a1b72c8fe205e7552394	e8af3493730134f9b9d28f6eedc6a4f763a438b7429632da4424cd145ccaaec6
P0013-010	o符号区删逗号句号分号引号及快符已有	已修复	符号表	删除	ofbd	」					2026-09-21T23:31:29	删除 ofbd=」；ofbd：〈、〉、」、『、』、【、】、〖、〗、［、］、｛、｝、．、。、，、、、；、：、？、！、…、—、·、ˉ、ˇ、¨、々、～、‖、∶、＂、＇ → 〈、〉、『、』、【、】、〖、〗、［、］、｛、｝、．、。、，、、、；、：、？、！、…、—、·、ˉ、ˇ、¨、々、～、‖、∶、＂、＇	3c2d0674c710eefa062bb3e8b845dbb934e9c3cdbb65a1b72c8fe205e7552394	e8af3493730134f9b9d28f6eedc6a4f763a438b7429632da4424cd145ccaaec6
P0013-011	o符号区删逗号句号分号引号及快符已有	已修复	符号表	删除	ofbd	『					2026-09-21T23:31:29	删除 ofbd=『；ofbd：〈、〉、『、』、【、】、〖、〗、［、］、｛、｝、．、。、，、、、；、：、？、！、…、—、·、ˉ、ˇ、¨、々、～、‖、∶、＂、＇ → 〈、〉、』、【、】、〖、〗、［、］、｛、｝、．、。、，、、、；、：、？、！、…、—、·、ˉ、ˇ、¨、々、～、‖、∶、＂、＇	3c2d0674c710eefa062bb3e8b845dbb934e9c3cdbb65a1b72c8fe205e7552394	e8af3493730134f9b9d28f6eedc6a4f763a438b7429632da4424cd145ccaaec6
P0013-012	o符号区删逗号句号分号引号及快符已有	已修复	符号表	删除	ofbd	』					2026-09-21T23:31:29	删除 ofbd=』；ofbd：〈、〉、』、【、】、〖、〗、［、］、｛、｝、．、。、，、、、；、：、？、！、…、—、·、ˉ、ˇ、¨、々、～、‖、∶、＂、＇ → 〈、〉、【、】、〖、〗、［、］、｛、｝、．、。、，、、、；、：、？、！、…、—、·、ˉ、ˇ、¨、々、～、‖、∶、＂、＇	3c2d0674c710eefa062bb3e8b845dbb934e9c3cdbb65a1b72c8fe205e7552394	e8af3493730134f9b9d28f6eedc6a4f763a438b7429632da4424cd145ccaaec6
P0013-013	o符号区删逗号句号分号引号及快符已有	已修复	符号表	删除	ofbd	【					2026-09-21T23:31:29	删除 ofbd=【；ofbd：〈、〉、【、】、〖、〗、［、］、｛、｝、．、。、，、、、；、：、？、！、…、—、·、ˉ、ˇ、¨、々、～、‖、∶、＂、＇ → 〈、〉、】、〖、〗、［、］、｛、｝、．、。、，、、、；、：、？、！、…、—、·、ˉ、ˇ、¨、々、～、‖、∶、＂、＇	3c2d0674c710eefa062bb3e8b845dbb934e9c3cdbb65a1b72c8fe205e7552394	e8af3493730134f9b9d28f6eedc6a4f763a438b7429632da4424cd145ccaaec6
P0013-014	o符号区删逗号句号分号引号及快符已有	已修复	符号表	删除	ofbd	】					2026-09-21T23:31:29	删除 ofbd=】；ofbd：〈、〉、】、〖、〗、［、］、｛、｝、．、。、，、、、；、：、？、！、…、—、·、ˉ、ˇ、¨、々、～、‖、∶、＂、＇ → 〈、〉、〖、〗、［、］、｛、｝、．、。、，、、、；、：、？、！、…、—、·、ˉ、ˇ、¨、々、～、‖、∶、＂、＇	3c2d0674c710eefa062bb3e8b845dbb934e9c3cdbb65a1b72c8fe205e7552394	e8af3493730134f9b9d28f6eedc6a4f763a438b7429632da4424cd145ccaaec6
P0013-015	o符号区删逗号句号分号引号及快符已有	已修复	符号表	删除	ofbd	〖					2026-09-21T23:31:29	删除 ofbd=〖；ofbd：〈、〉、〖、〗、［、］、｛、｝、．、。、，、、、；、：、？、！、…、—、·、ˉ、ˇ、¨、々、～、‖、∶、＂、＇ → 〈、〉、〗、［、］、｛、｝、．、。、，、、、；、：、？、！、…、—、·、ˉ、ˇ、¨、々、～、‖、∶、＂、＇	3c2d0674c710eefa062bb3e8b845dbb934e9c3cdbb65a1b72c8fe205e7552394	e8af3493730134f9b9d28f6eedc6a4f763a438b7429632da4424cd145ccaaec6
P0013-016	o符号区删逗号句号分号引号及快符已有	已修复	符号表	删除	ofbd	〗					2026-09-21T23:31:29	删除 ofbd=〗；ofbd：〈、〉、〗、［、］、｛、｝、．、。、，、、、；、：、？、！、…、—、·、ˉ、ˇ、¨、々、～、‖、∶、＂、＇ → 〈、〉、［、］、｛、｝、．、。、，、、、；、：、？、！、…、—、·、ˉ、ˇ、¨、々、～、‖、∶、＂、＇	3c2d0674c710eefa062bb3e8b845dbb934e9c3cdbb65a1b72c8fe205e7552394	e8af3493730134f9b9d28f6eedc6a4f763a438b7429632da4424cd145ccaaec6
P0013-017	o符号区删逗号句号分号引号及快符已有	已修复	符号表	删除	ofbd	．					2026-09-21T23:31:29	删除 ofbd=．；ofbd：〈、〉、［、］、｛、｝、．、。、，、、、；、：、？、！、…、—、·、ˉ、ˇ、¨、々、～、‖、∶、＂、＇ → 〈、〉、［、］、｛、｝、。、，、、、；、：、？、！、…、—、·、ˉ、ˇ、¨、々、～、‖、∶、＂、＇	3c2d0674c710eefa062bb3e8b845dbb934e9c3cdbb65a1b72c8fe205e7552394	e8af3493730134f9b9d28f6eedc6a4f763a438b7429632da4424cd145ccaaec6
P0013-018	o符号区删逗号句号分号引号及快符已有	已修复	符号表	删除	ofbd	。					2026-09-21T23:31:29	删除 ofbd=。；ofbd：〈、〉、［、］、｛、｝、。、，、、、；、：、？、！、…、—、·、ˉ、ˇ、¨、々、～、‖、∶、＂、＇ → 〈、〉、［、］、｛、｝、，、、、；、：、？、！、…、—、·、ˉ、ˇ、¨、々、～、‖、∶、＂、＇	3c2d0674c710eefa062bb3e8b845dbb934e9c3cdbb65a1b72c8fe205e7552394	e8af3493730134f9b9d28f6eedc6a4f763a438b7429632da4424cd145ccaaec6
P0013-019	o符号区删逗号句号分号引号及快符已有	已修复	符号表	删除	ofbd	，					2026-09-21T23:31:29	删除 ofbd=，；ofbd：〈、〉、［、］、｛、｝、，、、、；、：、？、！、…、—、·、ˉ、ˇ、¨、々、～、‖、∶、＂、＇ → 〈、〉、［、］、｛、｝、、、；、：、？、！、…、—、·、ˉ、ˇ、¨、々、～、‖、∶、＂、＇	3c2d0674c710eefa062bb3e8b845dbb934e9c3cdbb65a1b72c8fe205e7552394	e8af3493730134f9b9d28f6eedc6a4f763a438b7429632da4424cd145ccaaec6
P0013-020	o符号区删逗号句号分号引号及快符已有	已修复	符号表	删除	ofbd	、					2026-09-21T23:31:29	删除 ofbd=、；ofbd：〈、〉、［、］、｛、｝、、、；、：、？、！、…、—、·、ˉ、ˇ、¨、々、～、‖、∶、＂、＇ → 〈、〉、［、］、｛、｝、；、：、？、！、…、—、·、ˉ、ˇ、¨、々、～、‖、∶、＂、＇	3c2d0674c710eefa062bb3e8b845dbb934e9c3cdbb65a1b72c8fe205e7552394	e8af3493730134f9b9d28f6eedc6a4f763a438b7429632da4424cd145ccaaec6
P0013-021	o符号区删逗号句号分号引号及快符已有	已修复	符号表	删除	ofbd	；					2026-09-21T23:31:29	删除 ofbd=；；ofbd：〈、〉、［、］、｛、｝、；、：、？、！、…、—、·、ˉ、ˇ、¨、々、～、‖、∶、＂、＇ → 〈、〉、［、］、｛、｝、：、？、！、…、—、·、ˉ、ˇ、¨、々、～、‖、∶、＂、＇	3c2d0674c710eefa062bb3e8b845dbb934e9c3cdbb65a1b72c8fe205e7552394	e8af3493730134f9b9d28f6eedc6a4f763a438b7429632da4424cd145ccaaec6
P0013-022	o符号区删逗号句号分号引号及快符已有	已修复	符号表	删除	ofbd	？					2026-09-21T23:31:29	删除 ofbd=？；ofbd：〈、〉、［、］、｛、｝、：、？、！、…、—、·、ˉ、ˇ、¨、々、～、‖、∶、＂、＇ → 〈、〉、［、］、｛、｝、：、！、…、—、·、ˉ、ˇ、¨、々、～、‖、∶、＂、＇	3c2d0674c710eefa062bb3e8b845dbb934e9c3cdbb65a1b72c8fe205e7552394	e8af3493730134f9b9d28f6eedc6a4f763a438b7429632da4424cd145ccaaec6
P0013-023	o符号区删逗号句号分号引号及快符已有	已修复	符号表	删除	ofbd	！					2026-09-21T23:31:29	删除 ofbd=！；ofbd：〈、〉、［、］、｛、｝、：、！、…、—、·、ˉ、ˇ、¨、々、～、‖、∶、＂、＇ → 〈、〉、［、］、｛、｝、：、…、—、·、ˉ、ˇ、¨、々、～、‖、∶、＂、＇	3c2d0674c710eefa062bb3e8b845dbb934e9c3cdbb65a1b72c8fe205e7552394	e8af3493730134f9b9d28f6eedc6a4f763a438b7429632da4424cd145ccaaec6
P0013-024	o符号区删逗号句号分号引号及快符已有	已修复	符号表	删除	ofbd	…					2026-09-21T23:31:29	删除 ofbd=…；ofbd：〈、〉、［、］、｛、｝、：、…、—、·、ˉ、ˇ、¨、々、～、‖、∶、＂、＇ → 〈、〉、［、］、｛、｝、：、—、·、ˉ、ˇ、¨、々、～、‖、∶、＂、＇	3c2d0674c710eefa062bb3e8b845dbb934e9c3cdbb65a1b72c8fe205e7552394	e8af3493730134f9b9d28f6eedc6a4f763a438b7429632da4424cd145ccaaec6
P0013-025	o符号区删逗号句号分号引号及快符已有	已修复	符号表	删除	ofbd	—					2026-09-21T23:31:29	删除 ofbd=—；ofbd：〈、〉、［、］、｛、｝、：、—、·、ˉ、ˇ、¨、々、～、‖、∶、＂、＇ → 〈、〉、［、］、｛、｝、：、·、ˉ、ˇ、¨、々、～、‖、∶、＂、＇	3c2d0674c710eefa062bb3e8b845dbb934e9c3cdbb65a1b72c8fe205e7552394	e8af3493730134f9b9d28f6eedc6a4f763a438b7429632da4424cd145ccaaec6
P0013-026	o符号区删逗号句号分号引号及快符已有	已修复	符号表	删除	ofbd	·					2026-09-21T23:31:29	删除 ofbd=·；ofbd：〈、〉、［、］、｛、｝、：、·、ˉ、ˇ、¨、々、～、‖、∶、＂、＇ → 〈、〉、［、］、｛、｝、：、ˉ、ˇ、¨、々、～、‖、∶、＂、＇	3c2d0674c710eefa062bb3e8b845dbb934e9c3cdbb65a1b72c8fe205e7552394	e8af3493730134f9b9d28f6eedc6a4f763a438b7429632da4424cd145ccaaec6
P0013-027	o符号区删逗号句号分号引号及快符已有	已修复	符号表	删除	ofbd	＂					2026-09-21T23:31:29	删除 ofbd=＂；ofbd：〈、〉、［、］、｛、｝、：、ˉ、ˇ、¨、々、～、‖、∶、＂、＇ → 〈、〉、［、］、｛、｝、：、ˉ、ˇ、¨、々、～、‖、∶、＇	3c2d0674c710eefa062bb3e8b845dbb934e9c3cdbb65a1b72c8fe205e7552394	e8af3493730134f9b9d28f6eedc6a4f763a438b7429632da4424cd145ccaaec6
P0013-028	o符号区删逗号句号分号引号及快符已有	已修复	符号表	删除	ofbd	＇					2026-09-21T23:31:29	删除 ofbd=＇；ofbd：〈、〉、［、］、｛、｝、：、ˉ、ˇ、¨、々、～、‖、∶、＇ → 〈、〉、［、］、｛、｝、：、ˉ、ˇ、¨、々、～、‖、∶	3c2d0674c710eefa062bb3e8b845dbb934e9c3cdbb65a1b72c8fe205e7552394	e8af3493730134f9b9d28f6eedc6a4f763a438b7429632da4424cd145ccaaec6
P0013-029	o符号区删逗号句号分号引号及快符已有	已修复	符号表	删除	ofhb	$					2026-09-21T23:31:29	删除 ofhb=$；ofhb：€、$、￠、£、￡、¥、฿ → €、￠、£、￡、¥、฿	3c2d0674c710eefa062bb3e8b845dbb934e9c3cdbb65a1b72c8fe205e7552394	e8af3493730134f9b9d28f6eedc6a4f763a438b7429632da4424cd145ccaaec6
P0013-030	o符号区删逗号句号分号引号及快符已有	已修复	符号表	删除	ofjt	→					2026-09-21T23:31:29	删除 ofjt=→；ofjt：←、→、↑、↓、↗、↙、↘、↖、↔、⇆、⇤、⇥、«、» → ←、↑、↓、↗、↙、↘、↖、↔、⇆、⇤、⇥、«、»	3c2d0674c710eefa062bb3e8b845dbb934e9c3cdbb65a1b72c8fe205e7552394	e8af3493730134f9b9d28f6eedc6a4f763a438b7429632da4424cd145ccaaec6
P0013-031	o符号区删逗号句号分号引号及快符已有	忽略	符号表	删除	orno	の				保留：平假名区な行完整				
P0013-032	o符号区删逗号句号分号引号及快符已有	已修复	符号表	删除	ote	の					2026-09-21T23:31:29	删除 ote=の；ote：の、ε → ε	3c2d0674c710eefa062bb3e8b845dbb934e9c3cdbb65a1b72c8fe205e7552394	e8af3493730134f9b9d28f6eedc6a4f763a438b7429632da4424cd145ccaaec6
