词	码	词位	码位词数	一简字	拆开输入	键数	当量	低于1.4	08排名	虎码	同码其他词
看客	kjke	2	2	看	k␣kej␣	6	1.16	是	61047	513	坎坷
傻了	uale	1	3	了	uak␣l␣	6	1.16	是	659038	1323	杀了、傻乐
傻了	ualn	1	1	了	uak␣l␣	6	1.16	是	659038	1323	
想看	xlkj	1	2	看	xl␣k␣	5	1.175	是	40870	167	相看
想了	xlle	1	3	了	xl␣l␣	5	1.175	是	1014093	3408	享乐、响了
想你	xlni	1	1	你	xl␣n␣	5	1.175	是	1014099	3182	
何不	hebu	1	2	不	hek␣b␣	6	1.18	是	13092	2166	华而不实
才干	cdgj	1	2	才	c␣gjc␣	6	1.18	是	14182	686	才敢
起家	qijx	1	2	起	q␣jxj␣	6	1.18	是	16770	566	起价
不耐	bund	2	3	不	b␣ndl␣	6	1.18	是	105595	156	八十年代、不是你的
耐看	ndkj	1	1	看	ndl␣k␣	6	1.18	是	128998	273	
小鹤	xnhe	1	4	小	x␣hej␣	6	1.18	是	158951	217	小河、萧何、小女孩儿
吃客	iike	1	2	吃	i␣kej␣	6	1.18	是	235903	217	齿科
害了	hdle	1	1	了	hdj␣l␣	6	1.18	是	1010980	1720	
干了	gjle	1	1	了	gjc␣l␣	6	1.18	是	1012128	1967	
扯了	iele	2	2	了	ieo␣l␣	6	1.18	是	1014936	59	撤了
有何	yzhe	1	1	有	y␣hek␣	6	1.18	是	1018598	1792	
聋了	lsle	1	1	了	lsn␣l␣	6	1.18	是	1026096	66	
谢了	xple	1	2	了	xpf␣l␣	6	1.18	是	1028873	996	写了
雇了	gule	1	1	了	gub␣l␣	6	1.18	是	1032601	59	
鼓起	guqi	1	2	起	guq␣q␣	6	1.18	是	1033926	1063	骨气
起来	qild	1	1	起	q␣ld␣	5	1.2	是	25	41298	
想起	xlqi	1	4	起	xl␣q␣	5	1.2	是	430	10101	响起、心里清楚、象棋
不幸	buxk	2	3	不	b␣xkq␣	6	1.2	是	1097	3318	不行、步行
你家	nijx	1	2	你	n␣jxj␣	6	1.2	是	2603	2042	逆价
有害	yzhd	1	1	有	y␣hdj␣	6	1.2	是	5193	1098	
这家	vejx	1	2	这	v␣jxj␣	6	1.2	是	6167	3603	折价
这项	vexl	1	2	这	v␣xlt␣	6	1.2	是	6228	1316	这厢
不光	bugl	1	1	不	b␣gl␣	5	1.2	是	7023	1256	
完了	wjle	1	3	了	wj␣l␣	5	1.2	是	8924	4742	晚了、玩乐
不觉	bujt	1	2	不	b␣jtj␣	6	1.2	是	11310	3645	不绝
察看	iakj	2	2	看	iaj␣k␣	6	1.2	是	12730	973	查看
起跑	qipc	3	3	起	q␣pc␣	5	1.2	是	18236	645	气泡、旗袍
看家	kjjx	1	2	看	k␣jxj␣	6	1.2	是	18465	437	砍价
协和	xphe	1	1	和	xpc␣h␣	6	1.2	是	22955	341	
不怪	bugk	1	2	不	b␣gk␣	5	1.2	是	66595	866	不乖
不回	buhv	2	3	不	b␣hvj␣	6	1.2	是	67705	3131	不会、不悔
临了	lbln	1	1	了	lbl␣l␣	6	1.2	是	88797	573	
不乖	bugk	2	2	不	b␣gkc␣	6	1.2	是	101545	59	不怪
不想	buxl	1	3	不	b␣xl␣	5	1.2	是	102690	13376	不像、不祥
起开	qikd	1	1	起	q␣kd␣	5	1.2	是	117807	452	
没闹	mwnc	1	1	没	m␣ncn␣	6	1.2	是	122723	59	
看向	kjxl	1	3	看	k␣xlf␣	6	1.2	是	134534	4097	看相、恐惧心理
窥看	kvkj	1	1	看	kvj␣k␣	6	1.2	是	155393	48	
鹤发	hefa	2	2	发	hej␣f␣	6	1.2	是	166515	52	合法
你傻	niua	2	2	你	n␣uak␣	6	1.2	是	194582	59	泥沙
这回	vehv	1	2	这	v␣hvj␣	6	1.2	是	276277	1836	这会
这回	vwhv	1	1	这	v␣hvj␣	6	1.2	是	276277	1836	
不敢	bugj	1	4	不	b␣gj␣	5	1.2	是	310114	12933	不甘、不胜感激、保守估计
回看	hvkj	1	1	看	hvj␣k␣	6	1.2	是	318974	422	
冒起	mcqi	1	1	起	mcn␣q␣	6	1.2	是	364924	69	
请看	qkkj	1	2	看	qk␣k␣	5	1.2	是	367358	508	轻看
你想	nixl	1	2	你	n␣xl␣	5	1.2	是	378004	4935	逆向
才怪	cdgk	1	1	才	c␣gk␣	5	1.2	是	411230	568	
这厢	vexl	2	2	这	v␣xlc␣	6	1.2	是	451464	276	这项
你敢	nigj	1	1	你	n␣gj␣	5	1.2	是	458382	1241	
传看	irkj	1	1	看	irk␣k␣	6	1.2	是	571536	202	
发干	fagj	1	1	发	f␣gjc␣	6	1.2	是	614903	362	
才敢	cdgj	2	2	才	c␣gj␣	5	1.2	是	821322	797	才干
但看	djkj	2	2	看	dj␣k␣	5	1.2	是	1002511	59	单看
光看	glkj	1	1	看	gl␣k␣	5	1.2	是	1003472	1303	
单看	djkj	1	2	看	djq␣k␣	6	1.2	是	1006134	67	但看
反了	fjle	2	3	了	fj␣l␣	5	1.2	是	1006805	682	犯了、烦了
只看	vikj	1	1	看	vit␣k␣	6	1.2	是	1007132	1690	
听了	tkle	1	2	了	tk␣l␣	5	1.2	是	1007692	5085	停了
咱就	zjjq	1	1	就	zj␣j␣	5	1.2	是	1008071	70	
存了	cyle	1	1	了	cyc␣l␣	6	1.2	是	1010639	0	
少了	ucle	1	2	了	uc␣l␣	5	1.2	是	1011349	3625	烧了
少看	uckj	1	2	看	uc␣k␣	5	1.2	是	1011409	62	生存空间
巧了	qnle	1	2	了	qnt␣l␣	6	1.2	是	1011791	251	千年老二
干起	gjqi	1	2	起	gjc␣q␣	6	1.2	是	1012174	67	肝气
强了	qlle	2	2	了	ql␣l␣	5	1.2	是	1012782	59	抢了
必看	bikj	1	2	看	biv␣k␣	6	1.2	是	1013334	251	壁龛
怪了	gkle	1	1	了	gk␣l␣	5	1.2	是	1013781	932	
惨了	cjle	1	2	了	cjv␣l␣	6	1.2	是	1014078	677	掺了
想和	xlhe	2	2	和	xl␣h␣	5	1.2	是	1014110	59	祥和
拼了	pble	1	1	了	pbo␣l␣	6	1.2	是	1015704	996	
掉了	dnle	1	1	了	dn␣l␣	5	1.2	是	1016281	4402	
敢看	gjkj	1	2	看	gj␣k␣	5	1.2	是	1017251	59	更加快捷
晚了	wjle	2	3	了	wjb␣l␣	6	1.2	是	1018095	1795	完了、玩乐
淡了	djle	1	1	了	dja␣l␣	6	1.2	是	1020858	104	
烧了	ucle	2	2	了	ucp␣l␣	6	1.2	是	1021667	1316	少了
生了	ugle	1	3	了	ugm␣l␣	6	1.2	是	1022781	5411	省了、升了
省了	ugle	2	3	了	ugy␣l␣	6	1.2	是	1023449	0	生了、升了
看遍	kjbm	2	2	看	k␣bmb␣	6	1.2	是	1023519	70	看扁
稍小	ucxn	2	2	小	ucn␣x␣	6	1.2	是	1024393	220	少校
笑了	xnle	1	1	了	xn␣l␣	5	1.2	是	1024707	8355	
绝了	jtle	2	2	了	jti␣l␣	6	1.2	是	1025512	171	焦头烂额
脏了	zhle	1	1	了	zhz␣l␣	6	1.2	是	1026487	78	
蒙了	mgle	2	2	了	mgm␣l␣	6	1.2	是	1027311	655	懵了
行了	xkle	1	2	了	xk␣l␣	5	1.2	是	1027740	4665	醒了
要看	yckj	1	2	看	yc␣k␣	5	1.2	是	1028177	2640	由此可见
请了	qkle	1	2	了	qk␣l␣	5	1.2	是	1028640	167	轻了
读了	dule	1	2	了	duf␣l␣	6	1.2	是	1028708	677	赌了
赞和	zjhe	2	2	和	zjv␣h␣	6	1.2	是	1029181	0	攒盒
起了	qile	1	2	起了	q␣l␣	4	1.2	是	1029337	8612	齐了
跑了	pcle	1	1	了	pc␣l␣	5	1.2	是	1029583	333	
辞了	cile	1	1	了	cic␣l␣	6	1.2	是	1030270	0	
须看	xukj	1	1	看	xuf␣k␣	6	1.2	是	1032983	265	
小孩	xnhd	1	2	小	x␣hdp␣	6	1.22	是	670	5830	校内活动
客人	kerf	1	1	人	kej␣r␣	6	1.22	是	1126	3723	
发觉	fajt	1	2	发	f␣jtj␣	6	1.22	是	2419	2231	发掘
在家	zdjx	1	2	在	z␣jxj␣	6	1.22	是	2582	4735	再加
起诉	qisu	1	1	起	q␣suf␣	6	1.22	是	2692	3870	
不必	bubi	1	2	不	b␣biv␣	6	1.22	是	2819	6336	不比
绝不	jtbu	1	2	不	jti␣b␣	6	1.22	是	3530	4290	决不
小弟	xndi	1	1	小	x␣did␣	6	1.22	是	4933	1342	
不惜	buxi	1	2	不	b␣xiv␣	6	1.22	是	5285	1472	补习
有幸	yzxk	1	2	有	y␣xkq␣	6	1.22	是	6413	1232	游行
有序	yzxu	1	1	有	y␣xuc␣	6	1.22	是	6775	1736	
缓和	hrhe	1	1	和	hri␣h␣	6	1.22	是	7344	1113	
永不	ysbu	1	1	不	ysp␣b␣	6	1.22	是	7973	2400	
何在	hezd	1	2	在	hek␣z␣	6	1.22	是	8023	993	荷载
不赖	buld	2	3	不	b␣ldy␣	6	1.22	是	8163	1632	不来、本硕连读
他家	tajx	1	2	他	t␣jxj␣	6	1.22	是	9398	1957	她家
这块	vekk	1	1	这	v␣kkq␣	6	1.22	是	9689	2023	
看门	kjmf	1	1	看	k␣mfn␣	6	1.22	是	11374	536	
就读	jqdu	1	1	就	j␣duf␣	6	1.22	是	11490	585	
印发	ybfa	2	2	发	ybl␣f␣	6	1.22	是	13421	850	引发
发家	fajx	1	2	发	f␣jxj␣	6	1.22	是	17180	313	发夹
有感	yzgj	1	1	有	y␣gjv␣	6	1.22	是	17195	1622	
泛起	fjqi	1	2	起	fja␣q␣	6	1.22	是	18469	1690	翻起
何人	herf	1	3	人	hek␣r␣	6	1.22	是	19273	3536	鹤人、核仁
小孔	xnks	1	1	小	x␣ksp␣	6	1.22	是	22310	396	
隆起	lsqi	1	3	起	lsy␣q␣	6	1.22	是	23029	580	龙骑、龙旗
和煦	hexu	2	2	和	h␣xub␣	6	1.22	是	25545	640	何须
不甘	bugj	2	4	不	b␣gjr␣	6	1.22	是	29601	2563	不敢、不胜感激、保守估计
未了	wwln	1	2	了	wwl␣l␣	6	1.22	是	30545	637	喂料
和缓	hehr	1	2	和	h␣hri␣	6	1.22	是	33039	378	合欢
起锚	qimc	1	2	起	q␣mcu␣	6	1.22	是	36908	208	汽贸
小农	xnns	1	1	小	x␣nsj␣	6	1.22	是	42497	330	
发傻	faua	1	1	发	f␣uak␣	6	1.22	是	45518	243	
起兵	qibk	3	3	起	q␣bkd␣	6	1.22	是	58416	599	骑兵、千疮百孔
屈就	qujq	1	3	就	qub␣j␣	6	1.22	是	82299	270	去救、亲上加亲
干才	gjcd	2	2	才	gjc␣c␣	6	1.22	是	95589	0	干菜
人寰	rfhr	1	1	人	r␣hrj␣	6	1.22	是	133954	0	
四个	sige	1	1	个	siq␣g␣	6	1.22	是	136396	5398	
看花	kjhx	1	1	看	k␣hxm␣	6	1.22	是	144161	467	
小家	xnjx	1	2	小	x␣jxj␣	6	1.22	是	212366	1365	销价
看淡	kjdj	1	1	看	k␣dja␣	6	1.22	是	217568	1277	
不绝	bujt	2	2	不	b␣jti␣	6	1.22	是	227630	1330	不觉
没底	mwdi	2	3	没	m␣dic␣	6	1.22	是	242994	392	美的、美帝
看店	kjdm	2	2	看	k␣dmc␣	6	1.22	是	255309	276	看点
捧起	pgqi	1	1	起	pgo␣q␣	6	1.22	是	259327	565	
相看	xlkj	2	2	看	xlw␣k␣	6	1.22	是	281354	838	想看
这顶	vedk	1	1	这	v␣dkt␣	6	1.22	是	307641	65	
有家	yzjx	2	2	有	y␣jxj␣	6	1.22	是	312357	1135	油价
起锅	qigo	2	2	起	q␣gou␣	6	1.22	是	315467	330	齐国
发回	fahv	2	2	发	f␣hvj␣	6	1.22	是	372501	108	发挥
看房	kjfh	1	1	看	k␣fhb␣	6	1.22	是	414994	420	
吊起	dnqi	1	2	起	dnt␣q␣	6	1.22	是	440765	343	掉漆
不倦	bujr	1	1	不	b␣jrk␣	6	1.22	是	456814	1222	
发牌	fapd	1	2	发	f␣pdn␣	6	1.22	是	667458	281	法拍
吃瘪	iibp	1	1	吃	i␣bpc␣	6	1.22	是	676667	330	
这单	vedj	1	1	这	v␣djq␣	6	1.22	是	703328	64	
丫的	yade	1	1	的	yal␣d␣	6	1.22	是	826047	411	
起订	qidk	1	1	起	q␣dkf␣	6	1.22	是	981643	60	
停了	tkle	2	2	了	tkk␣l␣	6	1.22	是	1003204	2265	听了
受了	uzle	1	4	了	uzh␣l␣	6	1.22	是	1006902	3618	瘦了、收了、熟了
变了	bmle	1	2	了	bmt␣l␣	6	1.22	是	1006911	4237	编了
吃遍	iibm	1	2	吃	i␣bmb␣	6	1.22	是	1007382	330	池边
干吃	gjii	2	2	吃	gjc␣i␣	6	1.22	是	1012135	45	敢吃
捐了	jrle	1	1	了	jro␣l␣	6	1.22	是	1016142	66	
晕了	yyle	1	1	了	yyb␣l␣	6	1.22	是	1018078	94	
欠了	qmle	1	1	了	qmg␣l␣	6	1.22	是	1019625	808	
洗了	xile	1	2	了	xia␣l␣	6	1.22	是	1020542	0	喜乐
涨了	vhle	1	2	了	vha␣l␣	6	1.22	是	1020815	613	长了
炒了	icle	1	1	了	icp␣l␣	6	1.22	是	1021463	59	
烧起	ucqi	1	1	起	ucp␣q␣	6	1.22	是	1021696	78	
爬起	paqi	1	1	起	pah␣q␣	6	1.22	是	1021943	1425	
画了	hxle	2	2	了	hxp␣l␣	6	1.22	是	1022946	632	花了
病了	bkle	1	1	了	bkc␣l␣	6	1.22	是	1023081	1473	
紫了	zile	1	2	了	zis␣l␣	6	1.22	是	1025132	0	自乐
绿了	lvle	1	1	了	lvi␣l␣	6	1.22	是	1025580	59	
花了	hxle	1	2	了	hxm␣l␣	6	1.22	是	1026902	2623	画了
误了	wule	1	2	了	wuf␣l␣	6	1.22	是	1028535	880	悟了
赔了	pwle	1	3	了	pwj␣l␣	6	1.22	是	1029117	482	配了、陪了
跌了	dple	1	1	了	dps␣l␣	6	1.22	是	1029568	59	
踢了	tile	1	1	了	tis␣l␣	6	1.22	是	1029808	816	
顶起	dkqi	2	2	起	dkt␣q␣	6	1.22	是	1032934	246	定期
鹤人	herf	2	3	人	hej␣r␣	6	1.22	是	1033756	10	何人、核仁
不过	bugo	1	2	不	b␣go␣	5	1.225	是	61	38857	补过
好看	hckj	1	1	看	hc␣k␣	5	1.225	是	127	3281	
看来	kjld	1	1	看	k␣ld␣	5	1.225	是	284	10635	
不然	burj	1	2	不	b␣rj␣	5	1.225	是	629	6153	变声软件
不好	buhc	1	1	不	b␣hc␣	5	1.225	是	1001	13365	
你好	nihc	1	2	你	n␣hc␣	5	1.225	是	1130	10938	亻尔女子
不行	buxk	1	3	不	b␣xk␣	5	1.225	是	1223	6478	不幸、步行
不安	buan	1	1	不	b␣an␣	5	1.225	是	1929	4668	
不但	budj	1	2	不	b␣dj␣	5	1.225	是	2422	3347	补单
看好	kjhc	1	2	看	k␣hc␣	5	1.225	是	2821	1086	刊号
起点	qidm	1	2	起	q␣dm␣	5	1.225	是	3137	2201	七点
不会	buhv	1	3	不	b␣hv␣	5	1.225	是	3583	30182	不回、不悔
发光	fagl	1	1	发	f␣gl␣	5	1.225	是	4342	1665	
要不	ycbu	1	2	不	yc␣b␣	5	1.225	是	7165	302	腰部
来看	ldkj	1	1	看	ld␣k␣	5	1.225	是	8310	6505	
吃光	iigl	1	1	吃	i␣gl␣	5	1.225	是	10084	478	
就地	jqdi	1	2	就	j␣di␣	5	1.225	是	10791	562	旧地
起先	qixm	2	2	起	q␣xm␣	5	1.225	是	15400	663	期限
不定	budk	3	3	不	b␣dk␣	5	1.225	是	16966	3903	补丁、布丁
谈起	tjqi	2	2	起	tj␣q␣	5	1.225	是	18473	1030	叹气
了然	lnrj	1	1	了	l␣rj␣	5	1.225	是	20937	990	
才女	cdnv	1	1	才	c␣nv␣	5	1.225	是	23414	603	
不开	bukd	1	1	不	b␣kd␣	5	1.225	是	35319	4142	
不来	buld	1	3	不	b␣ld␣	5	1.225	是	41713	2492	不赖、本硕连读
知了	viln	2	2	了	vi␣l␣	5	1.225	是	52755	1052	治疗
行不	xkbu	1	2	不	xk␣b␣	5	1.225	是	60132	0	刑部
你牛	ninq	1	1	你	n␣nq␣	5	1.225	是	70685	59	
不老	bulc	2	2	不	b␣lc␣	5	1.225	是	71476	1082	捕捞
这会	vehv	2	2	这	v␣hv␣	5	1.225	是	79017	1470	这回
你笑	nixn	1	2	你	n␣xn␣	5	1.225	是	91474	59	匿笑
他想	taxl	2	2	他	t␣xl␣	5	1.225	是	111773	592	他乡
不亏	bukv	2	2	不	b␣kv␣	5	1.225	是	151218	79	不愧
你来	nild	1	1	你	n␣ld␣	5	1.225	是	153399	2511	
看开	kjkd	1	2	看	k␣kd␣	5	1.225	是	170784	750	快捷快递
就会	jqhv	1	2	就	j␣hv␣	5	1.225	是	172630	18266	酒会
你开	nikd	1	1	你	n␣kd␣	5	1.225	是	183933	59	
小怪	xngk	1	1	小	x␣gk␣	5	1.225	是	185559	977	
还看	hdkj	1	1	看	hd␣k␣	5	1.225	是	204062	0	
还看	hrkj	1	1	看	hd␣k␣	5	1.225	是	204062	0	
这行	vehh	1	1	这	v␣xk␣	5	1.225	是	251680	643	
这行	vexk	1	1	这	v␣xk␣	5	1.225	是	251680	643	
才略	cdlt	1	1	才	c␣lt␣	5	1.225	是	279193	300	
就来	jqld	1	1	就	j␣ld␣	5	1.225	是	290554	1701	
才好	cdhc	1	1	才	c␣hc␣	5	1.225	是	304388	1061	
亏了	kvle	1	1	了	kv␣l␣	5	1.225	是	308816	510	
这地	vedi	2	2	这	v␣di␣	5	1.225	是	352657	59	折抵
才行	cdxk	1	1	才	c␣xk␣	5	1.225	是	422553	1753	
看表	kjbn	1	1	看	k␣bn␣	5	1.225	是	450182	482	
不掉	budn	2	2	不	b␣dn␣	5	1.225	是	479191	1881	步调
才会	cdhv	1	2	才	c␣hv␣	5	1.225	是	538307	8628	彩绘
没想	mwxl	1	2	没	m␣xl␣	5	1.225	是	632726	6510	每项
就行	jqxk	1	3	就	j␣xk␣	5	1.225	是	735290	2942	救星、酒醒
爱你	aini	1	1	你	ai␣n␣	5	1.225	是	755481	8833	
买了	mdle	1	1	了	md␣l␣	5	1.225	是	879536	4322	
怪不	gkbu	1	2	不	gk␣b␣	5	1.225	是	938274	59	光看不说
久了	jqle	1	2	了	jq␣l␣	5	1.225	是	1000938	3258	救了
会了	hvle	2	2	了	hv␣l␣	5	1.225	是	1002358	2662	毁了
但就	djjq	1	1	就	dj␣j␣	5	1.225	是	1002504	565	
先看	xmkj	1	1	看	xm␣k␣	5	1.225	是	1003422	933	
别了	bple	1	1	了	bp␣l␣	5	1.225	是	1005218	906	
别看	bpkj	1	1	看	bp␣k␣	5	1.225	是	1005279	1203	
吹了	ivle	1	1	了	iv␣l␣	5	1.225	是	1007771	0	
多了	dole	1	3	了	do␣l␣	5	1.225	是	1009491	59	剁了、夺了
多看	dokj	1	1	看	do␣k␣	5	1.225	是	1009638	1352	
好了	hcle	1	1	了	hc␣l␣	5	1.225	是	1010187	11231	
开了	kdle	1	1	了	kd␣l␣	5	1.225	是	1012524	2035	
当了	dhle	1	1	了	dh␣l␣	5	1.225	是	1012854	0	
怕了	pale	1	1	了	pa␣l␣	5	1.225	是	1013651	1603	
想吃	xlii	1	2	吃	xl␣i␣	5	1.225	是	1014106	1522	相持
拆了	idle	1	1	了	id␣l␣	5	1.225	是	1015422	641	
拽起	vkqi	1	1	起	vk␣q␣	5	1.225	是	1015749	0	
放了	fhle	1	1	了	fh␣l␣	5	1.225	是	1017146	2733	
日了	rile	1	1	了	ri␣l␣	5	1.225	是	1017690	70	
杀了	uale	2	3	了	ua␣l␣	5	1.225	是	1018843	318	傻了、傻乐
来了	ldle	1	1	了	ld␣l␣	5	1.225	是	1018937	19728	
死了	sile	1	1	了	si␣l␣	5	1.225	是	1019825	9377	
毛了	mcle	1	1	了	mc␣l␣	5	1.225	是	1019995	59	
流了	lqle	3	3	了	lq␣l␣	5	1.225	是	1020627	121	留了、溜了
点了	dmle	1	1	了	dm␣l␣	5	1.225	是	1021544	4345	
爱了	aile	1	3	了	ai␣l␣	5	1.225	是	1021950	177	挨了、矮了
爱看	aikj	1	1	看	ai␣k␣	5	1.225	是	1021994	632	
略看	ltkj	1	1	看	lt␣k␣	5	1.225	是	1023029	236	
看过	kjgo	1	1	看	k␣go␣	5	1.225	是	1023518	3873	
粗看	cukj	1	1	看	cu␣k␣	5	1.225	是	1025019	205	
老了	lcle	1	1	了	lc␣l␣	5	1.225	是	1025895	2606	
藏了	chle	1	1	了	ch␣l␣	5	1.225	是	1027437	59	
装了	vlle	1	2	了	vl␣l␣	5	1.225	是	1027959	1007	撞了
让你	rhni	1	1	你	rh␣n␣	5	1.225	是	1028316	8185	
边看	bmkj	1	1	看	bm␣k␣	5	1.225	是	1030300	133	
过了	gole	1	1	了	go␣l␣	5	1.225	是	1030328	12921	
进了	jble	1	1	了	jb␣l␣	5	1.225	是	1030556	7255	
锁了	sole	1	1	了	so␣l␣	5	1.225	是	1031856	0	
错了	cole	1	1	了	co␣l␣	5	1.225	是	1031918	4788	
错看	cokj	1	1	看	co␣k␣	5	1.225	是	1031953	221	
长了	ihle	1	2	了	vh␣l␣	5	1.225	是	1032028	183	尝了
长了	vhle	2	2	了	vh␣l␣	5	1.225	是	1032028	183	涨了
看看	kjkj	1	1	看看	k␣k␣	4	1.233	是	67	11917	
了了	lnln	3	3	了了	l␣l␣	4	1.233	是	346707	1121	聊聊、寥寥
就看	jqkj	1	1	就看	j␣k␣	4	1.233	是	369216	3122	
这你	veni	1	1	这你	v␣n␣	4	1.233	是	647922	59	
不看	bukj	2	2	不看	b␣k␣	4	1.233	是	654231	1558	不堪
看了	kjle	1	1	看了	k␣l␣	4	1.233	是	1023460	14001	
人家	rfjx	1	1	人	r␣jxj␣	6	1.24	是	480	10061	
家人	jxrf	1	2	人	jxj␣r␣	6	1.24	是	647	6420	佳人
不仅	bujb	1	2	不	b␣jbk␣	6	1.24	是	696	8706	不禁
引起	ybqi	1	4	起	ybb␣q␣	6	1.24	是	880	6171	阴气、永葆青春、也不清楚
发布	fabu	1	1	发	f␣buc␣	6	1.24	是	1052	3962	
拍摄	pdue	1	1	拍	p␣ueo␣	6	1.24	是	1493	2140	
我家	wojx	1	1	我	w␣jxj␣	6	1.24	是	2315	3491	
就业	jqye	1	2	就	j␣yen␣	6	1.24	是	2957	3523	酒业
发泄	faxp	1	2	发	f␣xpa␣	6	1.24	是	3429	1638	罚写
看病	kjbk	1	1	看	k␣bkc␣	6	1.24	是	4308	1012	
不妨	bufh	1	3	不	b␣fhs␣	6	1.24	是	4467	2133	不放、别说废话
发掘	fajt	2	2	发	f␣jto␣	6	1.24	是	4493	877	发觉
启发	qifa	1	2	发	qib␣f␣	6	1.24	是	4931	1068	齐发
假发	jxfa	2	2	发	jxk␣f␣	6	1.24	是	5646	351	加法
不愧	bukv	1	2	不	b␣kvv␣	6	1.24	是	7035	1110	不亏
看守	kjuz	1	1	看	k␣uzj␣	6	1.24	是	7534	1123	
发霉	famw	1	1	发	f␣mwl␣	6	1.24	是	8325	510	
害人	hdrf	1	2	人	hdj␣r␣	6	1.24	是	9497	2380	骇人
弱小	roxn	1	1	小	rob␣x␣	6	1.24	是	11354	1108	
佣人	ysrf	1	2	人	ysk␣r␣	6	1.24	是	11826	1050	用人
调和	tnhe	1	1	和	dnf␣h␣	6	1.24	是	12563	922	
染发	rjfa	1	1	发	rja␣f␣	6	1.24	是	13358	495	
没门	mwmf	1	2	没	m␣mfn␣	6	1.24	是	13696	285	每门
故人	gurf	2	2	人	guc␣r␣	6	1.24	是	15047	1267	古人
不屈	buqu	2	2	不	b␣qub␣	6	1.24	是	18601	913	不去
生发	ugfa	1	2	发	ugm␣f␣	6	1.24	是	18973	632	施工方案
不巧	buqn	1	1	不	b␣qnt␣	6	1.24	是	20066	636	
单个	djge	2	2	个	djq␣g␣	6	1.24	是	20166	727	耽搁
不孝	buxn	1	3	不	b␣xnn␣	6	1.24	是	23700	720	不肖、背上行囊
喜人	xirf	1	2	人	xiq␣r␣	6	1.24	是	23721	288	袭人
细看	xikj	1	1	看	xii␣k␣	6	1.24	是	23881	1543	
吃紧	iijb	1	1	吃	i␣jbl␣	6	1.24	是	24669	253	
谦和	qmhe	1	1	和	qmf␣h␣	6	1.24	是	24710	486	
缘起	yrqi	3	3	起	yri␣q␣	6	1.24	是	25000	626	元气、怨气
土人	turf	1	1	人	tuq␣r␣	6	1.24	是	25689	358	
在读	zddu	2	3	在	z␣duf␣	6	1.24	是	32752	731	再度、坐到地上
小额	xnee	1	1	小	x␣eej␣	6	1.24	是	33739	501	
才情	cdqk	1	1	才	c␣qkv␣	6	1.24	是	35018	401	
发狠	fahf	1	1	发	f␣hfo␣	6	1.24	是	42741	412	
这款	vekr	1	1	这	v␣krq␣	6	1.24	是	43098	3723	
这款	vwkr	1	1	这	v␣krq␣	6	1.24	是	43098	3723	
看相	kjxl	2	3	看	k␣xlw␣	6	1.24	是	44594	336	看向、恐惧心理
直拍	vipd	3	3	拍	vic␣p␣	6	1.24	是	46488	322	指派、纸牌
你丫	niya	1	1	你	n␣yal␣	6	1.24	是	47382	415	
有劳	yzlc	1	2	有	y␣lcm␣	6	1.24	是	47464	505	忧劳
屈才	qucd	2	2	才	qub␣c␣	6	1.24	是	51115	220	取材
这份	veff	1	1	这	v␣ffk␣	6	1.24	是	52701	4120	
不累	bulw	1	2	不	b␣lwp␣	6	1.24	是	54876	966	博士论文
小布	xnbu	2	2	小	x␣buc␣	6	1.24	是	61598	383	小步
所幸	soxk	2	2	所	s␣xkq␣	6	1.24	是	61838	876	索性
吃土	iitu	1	2	吃	i␣tuq␣	6	1.24	是	64734	62	赤兔
发绿	falv	2	2	发	f␣lvi␣	6	1.24	是	67214	255	法律
发窘	fajs	1	1	发	f␣jsj␣	6	1.24	是	71195	210	
须发	xufa	1	2	发	xuf␣f␣	6	1.24	是	76280	388	蓄发
所向	soxl	2	2	所	s␣xlf␣	6	1.24	是	85323	453	所想
发炮	fapc	2	2	发	f␣pcp␣	6	1.24	是	94920	272	发泡
填发	tmfa	1	1	发	tmq␣f␣	6	1.24	是	98506	0	
起效	qixn	2	2	起	q␣xne␣	6	1.24	是	113875	63	奇效
拍门	pdmf	1	2	拍	p␣mfn␣	6	1.24	是	120779	277	碰到麻烦
我傻	woua	1	1	我	w␣uak␣	6	1.24	是	123332	59	
不变	bubm	1	3	不	b␣bmt␣	6	1.24	是	124262	2740	不便、不生不灭
这股	vegu	1	2	这	v␣guz␣	6	1.24	是	125166	1413	鹧鸪
单发	djfa	1	1	发	djq␣f␣	6	1.24	是	129937	377	
发单	fadj	2	2	发	f␣djq␣	6	1.24	是	130867	246	罚单
发蒙	famg	1	1	发	f␣mgm␣	6	1.24	是	143838	272	
有染	yzrj	3	3	有	y␣rja␣	6	1.24	是	144974	310	悠然、油然
刻在	kezd	1	2	在	kel␣z␣	6	1.24	是	148636	1402	可在
有房	yzfh	2	2	有	y␣fhb␣	6	1.24	是	161038	96	右方
看跌	kjdp	1	2	看	k␣dps␣	6	1.24	是	163263	306	看碟
发暗	faan	2	2	发	f␣anb␣	6	1.24	是	183519	62	法案
这厮	vesi	1	2	这	v␣sic␣	6	1.24	是	196277	505	哲思
小店	xndm	1	2	小	x␣dmc␣	6	1.24	是	196445	1322	笑点
额发	eefa	1	1	发	eej␣f␣	6	1.24	是	205399	246	
不忿	buff	2	2	不	b␣ffl␣	6	1.24	是	205687	412	部分
吃翔	iixl	3	3	吃	i␣xlr␣	6	1.24	是	212967	59	吃香、吃相
吃剩	iiug	1	2	吃	i␣ugn␣	6	1.24	是	231218	386	炽盛
这屋	vewu	1	1	这	v␣wub␣	6	1.24	是	256621	71	
这张	vevh	1	1	这	v␣vhb␣	6	1.24	是	288668	2312	
生吃	ugii	1	1	吃	ugm␣i␣	6	1.24	是	313899	420	
盯人	dkrf	1	2	人	dkb␣r␣	6	1.24	是	342803	199	定人
有单	yzdj	1	1	有	y␣djq␣	6	1.24	是	348893	59	
小门	xnmf	2	2	小	x␣mfn␣	6	1.24	是	513386	400	校门
所感	sogj	1	1	所	s␣gjv␣	6	1.24	是	547700	82	
有赞	yzzj	1	1	有	y␣zjv␣	6	1.24	是	549893	62	
这只	vevi	1	1	这	v␣vit␣	6	1.24	是	561940	3085	
不悔	buhv	3	3	不	b␣hvv␣	6	1.24	是	566347	723	不会、不回
看碟	kjdp	2	2	看	k␣dpx␣	6	1.24	是	638325	205	看跌
乍看	vakj	1	1	看	vak␣k␣	6	1.24	是	713999	68	
免了	mmle	1	1	了	mmd␣l␣	6	1.24	是	715817	0	
吃席	iixi	1	1	吃	i␣xic␣	6	1.24	是	723196	768	
没顶	modk	1	1	没	m␣dkt␣	6	1.24	是	727660	232	
没顶	mwdk	2	2	没	m␣dkt␣	6	1.24	是	727660	232	没定
耐人	ndrf	1	1	人	ndl␣r␣	6	1.24	是	764917	66	
这代	vedd	1	1	这	v␣ddk␣	6	1.24	是	772870	71	
不眠	bumm	2	2	不	b␣mmb␣	6	1.24	是	783555	875	不免
轻看	qkkj	2	2	看	qke␣k␣	6	1.24	是	815172	318	请看
现就	xmjq	2	2	就	xmr␣j␣	6	1.24	是	842038	83	先救
不辞	buci	1	2	不	b␣cic␣	6	1.24	是	880177	438	卜辞
耍人	uxrf	1	2	人	uxl␣r␣	6	1.24	是	974354	302	刷人
远看	yrkj	1	2	看	yrp␣k␣	6	1.24	是	986157	0	院刊
七个	qige	1	1	个	qit␣g␣	6	1.24	是	999924	1412	
万人	wjrf	1	2	人	wjc␣r␣	6	1.24	是	999996	2595	完人
不愁	buiz	1	2	不	b␣izn␣	6	1.24	是	1000338	853	不丑
假的	jxde	1	1	的	jxk␣d␣	6	1.24	是	1003088	2440	
勿看	wukj	1	1	看	wux␣k␣	6	1.24	是	1005724	59	
占了	vjle	1	1	了	vjg␣l␣	6	1.24	是	1006234	1331	
印在	ybzd	1	2	在	ybl␣z␣	6	1.24	是	1006341	966	因在
发紧	fajb	2	2	发	f␣jbl␣	6	1.24	是	1006868	345	罚金
坐看	zokj	1	1	看	zox␣k␣	6	1.24	是	1009095	66	
小块	xnkk	1	1	小	x␣kkq␣	6	1.24	是	1011323	109	
尿了	nnle	1	1	了	nnb␣l␣	6	1.24	是	1011598	68	
惨啊	cjaa	1	1	啊	cjv␣a␣	6	1.24	是	1014081	59	
拉起	laqi	1	1	起	lao␣q␣	6	1.24	是	1015513	1087	
撑起	igqi	1	2	起	igo␣q␣	6	1.24	是	1016869	1232	称奇
暂不	zjbu	1	3	不	zje␣b␣	6	1.24	是	1018155	480	早就不是、最佳辩手
望了	whle	2	2	了	whe␣l␣	6	1.24	是	1018668	1817	忘了
猛吃	mgii	1	1	吃	mgo␣i␣	6	1.24	是	1022414	61	
矮了	aile	3	3	了	aig␣l␣	6	1.24	是	1023825	59	爱了、挨了
稍有	ucyz	2	2	有	ucn␣y␣	6	1.24	是	1024404	940	少有
站起	vjqi	1	3	起	vjj␣q␣	6	1.24	是	1024658	4170	战旗、展期
累了	lwle	1	1	了	lwp␣l␣	6	1.24	是	1025164	3347	
约了	ytle	1	1	了	yti␣l␣	6	1.24	是	1025229	70	
脱了	tole	1	2	了	toz␣l␣	6	1.24	是	1026545	1551	妥了
费了	fwle	2	3	了	fwk␣l␣	6	1.24	是	1029044	0	废了、飞了
跳了	tnle	1	1	了	tns␣l␣	6	1.24	是	1029750	1502	
轻了	qkle	2	2	了	qke␣l␣	6	1.24	是	1030153	84	请了
近看	jbkj	1	3	看	jbh␣k␣	6	1.24	是	1030422	72	进步空间、基本框架
远了	yrle	1	1	了	yrp␣l␣	6	1.24	是	1030576	0	
迟了	iile	2	2	了	iib␣l␣	6	1.24	是	1030670	435	吃了
醒了	xkle	2	2	了	xke␣l␣	6	1.24	是	1031548	2920	行了
这些	vexp	1	1	这	v␣xp␣	5	1.25	是	58	35207	
发表	fabn	1	2	发	f␣bn␣	5	1.25	是	471	3048	发飙
不少	buuc	1	1	不	b␣uc␣	5	1.25	是	599	9936	
不如	buru	1	3	不	b␣ru␣	5	1.25	是	1181	9227	步入、哺乳
这边	vebm	1	2	这	v␣bm␣	5	1.25	是	1346	5447	这便
这边	vwbm	1	2	这	v␣bm␣	5	1.25	是	1346	5447	这便
不久	bujq	1	2	不	b␣jq␣	5	1.25	是	1668	4206	补救
不许	buxu	1	1	不	b␣xu␣	5	1.25	是	2031	2717	
并不	bkbu	1	2	不	bk␣b␣	5	1.25	是	2130	16142	兵部
起身	qiuf	1	2	起	q␣uf␣	5	1.25	是	2683	5335	栖身
发行	faxk	1	2	发	f␣xk␣	5	1.25	是	2740	1900	发型
小品	xnpb	1	1	小	x␣pb␣	5	1.25	是	3241	467	
不怕	bupa	1	1	不	b␣pa␣	5	1.25	是	4215	4530	
比起	biqi	1	3	起	bi␣q␣	5	1.25	是	6351	3748	闭气、鄙弃
不当	budh	1	2	不	b␣dh␣	5	1.25	是	6467	1365	补档
吃亏	iikv	1	1	吃	i␣kv␣	5	1.25	是	6635	1728	
这般	vebj	1	3	这	v␣bj␣	5	1.25	是	7077	5970	正儿八经、折半
这话	vehx	1	1	这	v␣hx␣	5	1.25	是	7103	5932	
好不	hcbu	2	2	不	hc␣b␣	5	1.25	是	8047	3572	毫不
发笑	faxn	1	2	发	f␣xn␣	5	1.25	是	13416	577	发小
起因	qiyb	1	1	起	q␣yb␣	5	1.25	是	15052	678	
发来	fald	1	1	发	f␣ld␣	5	1.25	是	15482	1097	
不快	bukk	1	2	不	b␣kk␣	5	1.25	是	16074	2111	捕快
小牛	xnnq	2	2	小	x␣nq␣	5	1.25	是	17262	491	小妞
和好	hehc	1	1	和	h␣hc␣	5	1.25	是	18668	853	
在行	zdhh	1	2	在	z␣xk␣	5	1.25	是	18755	1001	自动换行
小女	xnnv	1	2	小	x␣nv␣	5	1.25	是	21268	2598	孝女
小跑	xnpc	1	1	小	x␣pc␣	5	1.25	是	21604	660	
不肯	bukf	1	1	不	b␣kf␣	5	1.25	是	24083	4615	
小脑	xnnc	1	3	小	x␣nc␣	5	1.25	是	27860	568	虚拟内存、笑闹
发还	fahr	1	1	发	f␣hd␣	5	1.25	是	28464	415	
来不	ldbu	1	2	不	ld␣b␣	5	1.25	是	29292	59	利多弊少
昂起	ahqi	1	2	起	ah␣q␣	5	1.25	是	36561	403	爱恨情仇
求和	qqhe	1	3	和	qq␣h␣	5	1.25	是	38017	1042	齐齐哈尔、丘壑
不比	bubi	2	2	不	b␣bi␣	5	1.25	是	38929	1183	不必
你俩	nilx	1	1	你	n␣lx␣	5	1.25	是	40171	598	
吃掉	iidn	1	1	吃	i␣dn␣	5	1.25	是	40400	1200	
不多	budo	1	1	不	b␣do␣	5	1.25	是	45738	6348	
这点	vedm	1	1	这	v␣dm␣	5	1.25	是	49379	1957	
这点	vwdm	1	1	这	v␣dm␣	5	1.25	是	49379	1957	
我想	woxl	1	1	我	w␣xl␣	5	1.25	是	54563	15135	
这波	vebo	1	1	这	v␣bo␣	5	1.25	是	55312	64	
不日	buri	1	1	不	b␣ri␣	5	1.25	是	67445	330	
看点	kjdm	1	2	看	k␣dm␣	5	1.25	是	71102	343	看店
不黑	buhw	1	2	不	b␣hw␣	5	1.25	是	73790	59	冰水混合物
有过	yzgo	1	2	有	y␣go␣	5	1.25	是	77494	4810	油锅
这俩	velx	1	1	这	v␣lx␣	5	1.25	是	79629	70	
不谈	butj	1	3	不	b␣tj␣	5	1.25	是	81309	877	不识抬举、本是同根生，相煎何太急
你爹	nidp	1	1	你	n␣dp␣	5	1.25	是	83063	872	
没定	mwdk	1	2	没	m␣dk␣	5	1.25	是	94405	63	没顶
才让	cdrh	1	1	才	c␣rh␣	5	1.25	是	100663	752	
没品	mwpb	1	1	没	m␣pb␣	5	1.25	是	109513	63	
我敢	wogj	1	1	我	w␣gj␣	5	1.25	是	113149	107	
就当	jqdh	1	1	就	j␣dh␣	5	1.25	是	117489	1338	
所想	soxl	1	2	所	s␣xl␣	5	1.25	是	122830	906	所向
怪才	gkcd	1	1	才	gk␣c␣	5	1.25	是	128766	225	
这让	verh	1	1	这	v␣rh␣	5	1.25	是	135297	1836	
你先	nixm	1	1	你	n␣xm␣	5	1.25	是	138279	184	
就快	jqkk	1	2	就	j␣kk␣	5	1.25	是	145803	0	进去看看
掉发	dnfa	1	1	发	dn␣f␣	5	1.25	是	148123	63	
有品	yzpb	1	2	有	y␣pb␣	5	1.25	是	159573	74	优品
你肯	nikf	1	1	你	n␣kf␣	5	1.25	是	175161	59	
不让	burh	1	3	不	b␣rh␣	5	1.25	是	204473	4783	不是任何、不食人间烟火
少发	ucfa	1	1	发	uc␣f␣	5	1.25	是	223002	59	
就别	jqbp	1	2	就	j␣bp␣	5	1.25	是	231663	2006	久别
这多	vedo	1	1	这	v␣do␣	5	1.25	是	242982	59	
三个	sjge	1	2	个	sj␣g␣	5	1.25	是	247768	9900	三哥
三才	sjcd	1	1	才	sj␣c␣	5	1.25	是	342749	66	
就先	jqxm	2	2	就	j␣xm␣	5	1.25	是	345976	59	酒仙
就如	jqru	1	1	就	j␣ru␣	5	1.25	是	345980	2158	
才肯	cdkf	1	1	才	c␣kf␣	5	1.25	是	346825	587	
空了	ksle	1	1	了	ks␣l␣	5	1.25	是	365862	0	
吃定	iidk	1	1	吃	i␣dk␣	5	1.25	是	407162	65	
就让	jqrh	1	2	就	j␣rh␣	5	1.25	是	408777	3092	剑气如虹
看空	kjks	1	1	看	k␣ks␣	5	1.25	是	409519	54	
不放	bufh	2	3	不	b␣fh␣	5	1.25	是	420152	3007	不妨、别说废话
不买	bumd	1	1	不	b␣md␣	5	1.25	是	437343	896	
了当	lndh	1	1	了	l␣dh␣	5	1.25	是	446019	1375	
去看	qukj	1	1	看	qu␣k␣	5	1.25	是	482951	4466	
就听	jqtk	1	1	就	j␣tk␣	5	1.25	是	486926	59	
不听	butk	2	2	不	b␣tk␣	5	1.25	是	533597	2111	不停
他来	tald	1	1	他	t␣ld␣	5	1.25	是	535071	269	
藏起	chqi	1	1	起	ch␣q␣	5	1.25	是	559892	0	
不毛	bumc	1	1	不	b␣mc␣	5	1.25	是	609372	0	
不乱	bulr	1	2	不	b␣lr␣	5	1.25	是	653862	851	备受凌辱
不爱	buai	1	1	不	b␣ai␣	5	1.25	是	711557	3958	
吃好	iihc	1	1	吃	i␣hc␣	5	1.25	是	723176	595	
快了	kkle	2	2	了	kk␣l␣	5	1.25	是	739754	1526	快乐
不暖	bunr	1	1	不	b␣nr␣	5	1.25	是	783474	59	
不空	buks	2	2	不	b␣ks␣	5	1.25	是	876622	59	布控
你让	nirh	1	1	你	n␣rh␣	5	1.25	是	884013	59	
就比	jqbi	1	1	就	j␣bi␣	5	1.25	是	916998	0	
这条	vetn	1	1	这	v␣tn␣	5	1.25	是	985962	3831	
不很	buhf	1	1	不	b␣hf␣	5	1.25	是	1000336	76	
乱了	lrle	1	1	了	lr␣l␣	5	1.25	是	1001385	187	
乱看	lrkj	2	2	看	lr␣k␣	5	1.25	是	1001502	64	乱砍
做了	zole	1	3	了	zo␣l␣	5	1.25	是	1003142	8070	作乐、作了
光吃	glii	2	2	吃	gl␣i␣	5	1.25	是	1003453	59	顾虑重重
冲了	isle	1	2	了	is␣l␣	5	1.25	是	1004323	1915	重了
刷了	uxle	1	1	了	ux␣l␣	5	1.25	是	1005366	59	
加了	jxle	1	2	了	jx␣l␣	5	1.25	是	1005610	191	珈乐
卡了	kale	1	1	了	ka␣l␣	5	1.25	是	1006253	66	
发掉	fadn	1	1	发	f␣dn␣	5	1.25	是	1006860	59	
发过	fago	2	2	发	f␣go␣	5	1.25	是	1006874	857	法国
吃过	iigo	1	1	吃	i␣go␣	5	1.25	是	1007380	1963	
吹起	ivqi	2	2	起	iv␣q␣	5	1.25	是	1007806	817	吹气
在古	zdgu	2	2	在	z␣gu␣	5	1.25	是	1008955	53	最大公约数
多起	doqi	1	2	起	do␣q␣	5	1.25	是	1009678	393	夺妻
宽了	krle	1	1	了	kr␣l␣	5	1.25	是	1011020	59	
少吃	ucii	1	2	吃	uc␣i␣	5	1.25	是	1011364	715	稍迟
就很	jqhf	1	2	就	j␣hf␣	5	1.25	是	1011522	2177	旧恨
差了	iale	1	1	了	ia␣l␣	5	1.25	是	1011851	633	
帮了	bhle	1	1	了	bh␣l␣	5	1.25	是	1012070	0	
强吃	qlii	1	1	吃	ql␣i␣	5	1.25	是	1012788	60	
快看	kkkj	1	2	看	kk␣k␣	5	1.25	是	1013510	591	扣扣空间
拍过	pdgo	1	1	拍	p␣go␣	5	1.25	是	1015556	59	
换了	hrle	2	2	了	hr␣l␣	5	1.25	是	1016183	3093	欢乐
敢吃	gjii	1	2	吃	gj␣i␣	5	1.25	是	1017227	66	干吃
用了	ysle	1	2	了	ys␣l␣	5	1.25	是	1022810	0	永乐
看些	kjxp	1	1	看	k␣xp␣	5	1.25	是	1023461	347	
看多	kjdo	1	1	看	k␣do␣	5	1.25	是	1023482	501	
看完	kjwj	1	1	看	k␣wj␣	5	1.25	是	1023484	406	
穿了	irle	1	1	了	ir␣l␣	5	1.25	是	1024543	2025	
红了	hsle	1	1	了	hs␣l␣	5	1.25	是	1025190	2427	
行啊	xkaa	1	1	啊	xk␣a␣	5	1.25	是	1027746	87	
请吃	qkii	2	2	吃	qk␣i␣	5	1.25	是	1028649	65	情痴
还不	hdbu	1	1	不	hd␣b␣	5	1.25	是	1030433	7863	
追了	vvle	1	1	了	vv␣l␣	5	1.25	是	1030697	1042	
黑了	hwle	1	1	了	hw␣l␣	5	1.25	是	1033834	1361	
发现	faxm	1	2	发	f␣xmr␣	6	1.26	是	51	24823	法线
发展	favj	1	2	发	f␣vjb␣	6	1.26	是	83	26287	罚站
发生	faug	1	2	发	f␣ugm␣	6	1.26	是	111	17913	发声
只是	viui	2	2	是	vit␣u␣	6	1.26	是	113	41055	知识
存在	cyzd	1	1	在	cyc␣z␣	6	1.26	是	363	13185	
发挥	fahv	1	2	发	f␣hvo␣	6	1.26	是	891	5685	发回
个性	gexk	1	2	个	g␣xkv␣	6	1.26	是	1540	2863	歌星
情人	qkrf	1	2	人	qkv␣r␣	6	1.26	是	1601	2680	请人
这次	veci	1	1	这	v␣cia␣	6	1.26	是	2049	10162	
这次	vwci	1	1	这	v␣cia␣	6	1.26	是	2049	10162	
发烧	fauc	1	2	发	f␣ucp␣	6	1.26	是	2368	913	发梢
不止	buvi	2	3	不	b␣vis␣	6	1.26	是	2414	3221	不知、布置
引发	ybfa	1	2	发	ybb␣f␣	6	1.26	是	2418	2346	印发
感人	gjrf	1	2	人	gjv␣r␣	6	1.26	是	2961	798	赶人
人性	rfxk	1	2	人	r␣xkv␣	6	1.26	是	3014	2775	任性
小屋	xnwu	1	1	小	x␣wub␣	6	1.26	是	3811	1350	
有毒	yzdu	1	1	有	y␣dur␣	6	1.26	是	4733	1041	
起初	qiiu	1	1	起	q␣iud␣	6	1.26	是	5714	1582	
起步	qibu	2	2	起	q␣bus␣	6	1.26	是	5741	1270	岂不
小贩	xnfj	1	1	小	x␣fjj␣	6	1.26	是	6355	712	
发病	fabk	1	2	发	f␣bkc␣	6	1.26	是	6763	1275	发兵
首发	uzfa	2	2	发	uzl␣f␣	6	1.26	是	8499	637	手法
不公	bugs	1	2	不	b␣gsl␣	6	1.26	是	9449	1807	不恭
单人	djrf	2	2	人	djq␣r␣	6	1.26	是	9593	711	担任
不停	butk	1	2	不	b␣tkk␣	6	1.26	是	9652	5578	不听
发愁	faiz	1	2	发	f␣izn␣	6	1.26	是	9818	778	发臭
不免	bumm	1	2	不	b␣mmd␣	6	1.26	是	10134	1653	不眠
就职	jqvi	2	2	就	j␣vix␣	6	1.26	是	10739	418	救治
传人	irrf	1	1	人	irk␣r␣	6	1.26	是	10986	501	
起航	qihh	1	2	起	q␣hhe␣	6	1.26	是	12319	456	启航
发福	fafu	1	2	发	f␣fud␣	6	1.26	是	12846	330	发肤
小巧	xnqn	1	3	小	x␣qnt␣	6	1.26	是	12982	738	小瞧、小乔
就近	jqjb	1	2	就	j␣jbh␣	6	1.26	是	13246	648	酒劲
小兵	xnbk	2	2	小	x␣bkd␣	6	1.26	是	13492	431	笑柄
发情	faqk	1	2	发	f␣qkv␣	6	1.26	是	15320	848	发青
就餐	jqcj	1	1	就	j␣cjr␣	6	1.26	是	16147	430	
小调	xndn	1	3	小	x␣dnf␣	6	1.26	是	16814	340	削掉、消掉
小调	xntn	2	2	小	x␣dnf␣	6	1.26	是	16814	340	萧条
在校	zdxn	1	1	在	z␣xnw␣	6	1.26	是	17003	823	
就座	jqzo	1	2	就	j␣zoc␣	6	1.26	是	19491	262	久坐
起跳	qitn	1	1	起	q␣tns␣	6	1.26	是	20011	582	
发夹	fajx	2	2	发	f␣jxp␣	6	1.26	是	21242	303	发家
小姑	xngu	1	2	小	x␣gus␣	6	1.26	是	23352	1693	性能过剩
烫发	thfa	1	1	发	tha␣f␣	6	1.26	是	23653	349	
故而	guer	2	2	而	guc␣e␣	6	1.26	是	29186	793	孤儿
有生	yzug	2	2	有	y␣ugm␣	6	1.26	是	29669	1811	有声
有福	yzfu	1	2	有	y␣fud␣	6	1.26	是	30934	870	鹞子翻身
有愧	yzkv	1	1	有	y␣kvv␣	6	1.26	是	32102	407	
看涨	kjvh	1	1	看	k␣vha␣	6	1.26	是	32612	213	
词人	cirf	2	2	人	cif␣r␣	6	1.26	是	33799	343	此人
你方	nifh	1	1	你	n␣fhl␣	6	1.26	是	39546	59	
不负	bufu	3	3	不	b␣fug␣	6	1.26	是	40485	1852	不符、不服
试看	uikj	1	2	看	uif␣k␣	6	1.26	是	40565	595	诗刊
幸而	xker	1	1	而	xkq␣e␣	6	1.26	是	40650	598	
他处	taiu	2	2	他	t␣iuq␣	6	1.26	是	47032	431	踏出
植发	vifa	3	3	发	viw␣f␣	6	1.26	是	61566	397	执法、指法
唐人	thrf	1	2	人	thc␣r␣	6	1.26	是	64161	371	糖人
代发	ddfa	1	2	发	ddk␣f␣	6	1.26	是	65490	460	待发
辩才	bmcd	1	1	才	bma␣c␣	6	1.26	是	69910	216	
不玩	buwj	1	1	不	b␣wjr␣	6	1.26	是	72894	83	
雷人	lwrf	2	2	人	lwl␣r␣	6	1.26	是	74415	217	累人
有病	yzbk	1	2	有	y␣bkc␣	6	1.26	是	75456	1166	油饼
小厮	xnsi	2	2	小	x␣sic␣	6	1.26	是	77484	703	笑死
门人	mfrf	1	1	人	mfn␣r␣	6	1.26	是	84314	678	
小份	xnff	1	2	小	x␣ffk␣	6	1.26	是	84554	60	小分
不迟	buii	1	1	不	b␣iib␣	6	1.26	是	85393	99	
小猫	xnmc	1	1	小	x␣mco␣	6	1.26	是	89171	1431	
小炒	xnic	1	2	小	x␣icp␣	6	1.26	是	98862	202	小潮
停发	tkfa	1	1	发	tkk␣f␣	6	1.26	是	114418	281	
小题	xnti	1	2	小	x␣tib␣	6	1.26	是	118351	358	孝悌
洗发	xifa	1	2	发	xia␣f␣	6	1.26	是	119469	397	戏法
旅拍	lvpd	1	1	拍	lvl␣p␣	6	1.26	是	119674	59	
不慌	buhl	1	2	不	b␣hlv␣	6	1.26	是	123049	705	表示毫无压力
发兵	fabk	2	2	发	f␣bkd␣	6	1.26	是	129328	422	发病
吃茶	iiia	1	1	吃	i␣iam␣	6	1.26	是	130812	67	
不费	bufw	2	2	不	b␣fwk␣	6	1.26	是	133640	652	不菲
蒙人	mgrf	2	2	人	mgm␣r␣	6	1.26	是	145315	206	猛人
吃相	iixl	2	3	吃	i␣xlw␣	6	1.26	是	151101	317	吃香、吃翔
筹拍	izpd	1	1	拍	izh␣p␣	6	1.26	是	158138	306	
有张	yzvh	2	2	有	y␣vhb␣	6	1.26	是	168510	59	右掌
不清	buqk	1	1	不	b␣qka␣	6	1.26	是	176464	5402	
有股	yzgu	2	2	有	y␣guz␣	6	1.26	是	177437	59	幽谷
小猴	xnhz	1	1	小	x␣hzo␣	6	1.26	是	182409	59	
不枉	buwh	2	2	不	b␣whw␣	6	1.26	是	182742	615	不忘
这位	veww	1	1	这	v␣wwk␣	6	1.26	是	186490	8362	
这座	vezo	1	1	这	v␣zoc␣	6	1.26	是	190803	272	
没病	mwbk	1	2	没	m␣bkc␣	6	1.26	是	208597	69	煤饼
故我	guwo	1	1	我	guc␣w␣	6	1.26	是	209897	302	
看海	kjhd	1	1	看	k␣hda␣	6	1.26	是	211534	585	
拍档	pddh	1	3	拍	p␣dhw␣	6	1.26	是	245130	217	排挡、批斗大会
不扣	bukz	1	2	不	b␣kzo␣	6	1.26	是	247987	75	补扣
没毒	mwdu	2	2	没	m␣dur␣	6	1.26	是	259434	61	梅毒
猛人	mgrf	1	2	人	mgo␣r␣	6	1.26	是	290441	369	蒙人
祝你	vuni	1	1	你	vud␣n␣	6	1.26	是	315188	1116	
不误	buwu	2	3	不	b␣wuf␣	6	1.26	是	325916	405	不无、不是我说
有份	yzff	1	2	有	y␣ffk␣	6	1.26	是	330450	478	忧愤
发丧	fash	1	1	发	f␣shc␣	6	1.26	是	359653	257	
谢我	xpwo	1	1	我	xpf␣w␣	6	1.26	是	434076	59	
调发	tnfa	1	1	发	dnf␣f␣	6	1.26	是	450659	0	
六和	lqhe	2	2	和	lqq␣h␣	6	1.26	是	480302	61	六合
调小	tnxn	2	2	小	dnf␣x␣	6	1.26	是	500001	61	调笑
没词	mwci	2	2	没	m␣cif␣	6	1.26	是	520861	367	每次
这首	veuz	2	2	这	v␣uzl␣	6	1.26	是	562035	141	折寿
发虚	faxu	1	1	发	f␣xug␣	6	1.26	是	576265	300	
有仇	yziz	2	2	有	y␣izk␣	6	1.26	是	586283	535	忧愁
这碗	vewj	2	2	这	v␣wjx␣	6	1.26	是	600894	68	折弯
吃撑	iiig	3	3	吃	i␣igo␣	6	1.26	是	614059	63	驰骋、赤诚
这届	vejp	1	2	这	v␣jpb␣	6	1.26	是	647260	347	这节
摇人	ycrf	2	2	人	yco␣r␣	6	1.26	是	930987	367	咬人
没处	mwiu	2	2	没	m␣iuq␣	6	1.26	是	947992	70	没出
之人	virf	1	2	人	vib␣r␣	6	1.26	是	1000981	2928	指认
低了	dile	1	1	了	dik␣l␣	6	1.26	是	1002523	0	
准了	vyle	1	1	了	vya␣l␣	6	1.26	是	1004421	1052	
初看	iukj	2	2	看	iud␣k␣	6	1.26	是	1005176	65	触手可及
变小	bmxn	1	1	小	bmt␣x␣	6	1.26	是	1006928	603	
吊在	dnzd	2	2	在	dnt␣z␣	6	1.26	是	1007433	617	掉在
吐了	tule	1	1	了	tut␣l␣	6	1.26	是	1007589	1792	
吞了	tyle	1	1	了	tyy␣l␣	6	1.26	是	1007653	302	
坐起	zoqi	3	3	起	zox␣q␣	6	1.26	是	1009106	588	坐骑、做起
妥了	tole	2	2	了	toh␣l␣	6	1.26	是	1010421	64	脱了
守在	uzzd	1	2	在	uzj␣z␣	6	1.26	是	1010809	1435	受灾
家有	jxyz	2	2	有	jxj␣y␣	6	1.26	是	1010997	1848	加油
慌了	hlle	1	2	了	hlv␣l␣	6	1.26	是	1014230	1068	黄了
打了	dale	1	1	了	dao␣l␣	6	1.26	是	1014720	3928	
扣了	kzle	1	1	了	kzo␣l␣	6	1.26	是	1014834	70	
挨了	aile	2	3	了	aio␣l␣	6	1.26	是	1015992	59	爱了、矮了
操起	ccqi	1	1	起	cco␣q␣	6	1.26	是	1017006	336	
服了	fule	1	1	了	fuz␣l␣	6	1.26	是	1018647	1307	
活了	hole	1	2	了	hoa␣l␣	6	1.26	是	1020578	2158	火了
派了	pdle	2	2	了	pda␣l␣	6	1.26	是	1020599	59	拍了
烦了	fjle	3	3	了	fjp␣l␣	6	1.26	是	1021660	0	犯了、反了
看尽	kjjb	2	2	看	k␣jbb␣	6	1.26	是	1023488	75	科技进步
看清	kjqk	1	2	看	k␣qka␣	6	1.26	是	1023499	3523	看轻
胡了	hule	2	2	了	huc␣l␣	6	1.26	是	1026288	60	糊了
讲了	jlle	1	2	了	jlf␣l␣	6	1.26	是	1028374	1485	降了
试了	uile	1	2	了	uif␣l␣	6	1.26	是	1028455	542	湿了
足了	zule	2	2	了	zus␣l␣	6	1.26	是	1029534	128	租了
跳起	tnqi	2	2	起	tns␣q␣	6	1.26	是	1029787	1177	挑起
踮起	dmqi	3	3	起	dms␣q␣	6	1.26	是	1029868	72	电器、电气
蹲起	dyqi	3	3	起	dys␣q␣	6	1.26	是	1029930	60	钝器、低吟浅唱
躺了	thle	1	1	了	thp␣l␣	6	1.26	是	1029969	59	
陪了	pwle	3	3	了	pwy␣l␣	6	1.26	是	1032356	59	赔了、配了
陪你	pwni	1	1	你	pwy␣n␣	6	1.26	是	1032359	3926	
陪看	pwkj	1	1	看	pwy␣k␣	6	1.26	是	1032376	59	
须在	xuzd	2	2	在	xuf␣z␣	6	1.26	是	1032978	992	需在
骑在	qizd	1	1	在	qiv␣z␣	6	1.26	是	1033365	712	
小看	xnkj	1	2	小看	x␣k␣	4	1.267	是	10917	870	校刊
不和	buhe	2	2	不和	b␣h␣	4	1.267	是	19006	1180	不合
这不	vebu	2	2	这不	v␣b␣	4	1.267	是	40018	273	这部
他看	takj	1	2	他看	t␣k␣	4	1.267	是	282900	260	踏勘
看起	kjqi	2	2	看起	k␣q␣	4	1.267	是	427399	59	看齐
你就	nijq	1	2	你就	n␣j␣	4	1.267	是	438443	7930	拟就
没了	mwle	1	1	没了	m␣l␣	4	1.267	是	469427	4652	
没了	mwln	1	1	没了	m␣l␣	4	1.267	是	469427	4652	
没看	mwkj	1	1	没看	m␣k␣	4	1.267	是	751681	0	
你不	nibu	1	1	你不	n␣b␣	4	1.267	是	883038	59	
发了	fale	1	2	发了	f␣l␣	4	1.267	是	1006846	3786	罚了
吃了	iile	1	2	吃了	i␣l␣	4	1.267	是	1007331	5715	迟了
拍了	pdle	1	2	拍了	p␣l␣	4	1.267	是	1015528	2617	派了
有了	yzle	1	2	有了	y␣l␣	4	1.267	是	1018596	15298	游乐
你们	nimf	1	1	你	n␣mf␣	5	1.275	是	10	31750	
但是	djui	1	2	是	dj␣u␣	5	1.275	是	30	45195	胆识
不错	buco	1	1	不	b␣co␣	5	1.275	是	82	7481	
人民	rfmb	1	1	人	r␣mb␣	5	1.275	是	140	22575	
有点	yzdm	1	3	有	y␣dm␣	5	1.275	是	148	14238	优点、邮电
有些	yzxp	1	1	有	y␣xp␣	5	1.275	是	152	33641	
好吃	hcii	1	2	吃	hc␣i␣	5	1.275	是	401	2151	皓齿
要是	ycui	1	2	是	yc␣u␣	5	1.275	是	434	12898	钥匙
不要	buyc	1	3	不	b␣yc␣	5	1.275	是	594	26448	补药、不善言辞
的话	dehx	1	2	的	d␣hx␣	5	1.275	是	621	450	德华
别的	bpde	1	1	的	bp␣d␣	5	1.275	是	758	25331	
有空	yzks	1	1	有	y␣ks␣	5	1.275	是	1246	1656	
开发	kdfa	1	1	发	kd␣f␣	5	1.275	是	1518	4600	
不能	bung	1	2	不	b␣ng␣	5	1.275	是	1631	39667	不是那个
不知	buvi	1	3	不	b␣vi␣	5	1.275	是	1718	26143	不止、布置
天才	tmcd	1	2	才	tm␣c␣	5	1.275	是	2329	3910	甜菜
就要	jqyc	1	1	就	j␣yc␣	5	1.275	是	2428	10930	
人品	rfpb	1	1	人	r␣pb␣	5	1.275	是	2605	1815	
暖和	nrhe	1	1	和	nr␣h␣	5	1.275	是	3010	1228	
暖和	nrho	1	1	和	nr␣h␣	5	1.275	是	3010	1228	
不可	buke	1	2	不	b␣ke␣	5	1.275	是	3158	18148	补课
在内	zdnw	1	1	在	z␣nw␣	5	1.275	是	3368	2042	
我会	wohv	1	1	我	w␣hv␣	5	1.275	是	3515	5901	
小鸟	xnnn	1	1	小	x␣nn␣	5	1.275	是	3553	1476	
长发	ihfa	1	2	发	vh␣f␣	5	1.275	是	3559	2467	唱法
发放	fafh	1	1	发	f␣fh␣	5	1.275	是	4452	1592	
没空	mwks	1	2	没	m␣ks␣	5	1.275	是	4478	746	妹控
怪人	gkrf	1	1	人	gk␣r␣	5	1.275	是	5284	697	
才能	cdng	1	1	才	c␣ng␣	5	1.275	是	5655	17400	
行人	xkrf	1	2	人	xk␣r␣	5	1.275	是	6451	2703	杏仁
这部	vebu	1	2	这	v␣bu␣	5	1.275	是	6501	1631	这不
就此	jqci	1	1	就	j␣ci␣	5	1.275	是	7484	2141	
看穿	kjir	1	1	看	k␣ir␣	5	1.275	是	7555	1123	
起火	qiho	1	3	起	q␣ho␣	5	1.275	是	7715	772	期货、齐活
这天	vetm	1	2	这	v␣tm␣	5	1.275	是	8274	2437	遮天
起草	qicc	1	1	起	q␣cc␣	5	1.275	是	9005	731	
人流	rflq	1	1	人	r␣lq␣	5	1.275	是	9509	1105	
发红	fahs	1	1	发	f␣hs␣	5	1.275	是	9853	888	
开拍	kdpd	1	2	拍	kd␣p␣	5	1.275	是	10064	288	开牌
有如	yzru	2	2	有	y␣ru␣	5	1.275	是	10100	2085	犹如
发狂	fakl	1	1	发	f␣kl␣	5	1.275	是	10149	681	
没完	mwwj	1	2	没	m␣wj␣	5	1.275	是	10273	1131	每晚
自发	zifa	1	1	发	zi␣f␣	5	1.275	是	10412	943	
进发	jbfa	2	2	发	jb␣f␣	5	1.275	是	11218	598	金发
发条	fatn	1	1	发	f␣tn␣	5	1.275	是	11938	487	
毛发	mcfa	1	1	发	mc␣f␣	5	1.275	是	12620	956	
有别	yzbp	1	1	有	y␣bp␣	5	1.275	是	13653	1483	
他俩	talx	1	2	他	t␣lx␣	5	1.275	是	13992	1198	她俩
和谈	hetj	2	2	和	h␣tj␣	5	1.275	是	14444	292	何谈
不合	buhe	1	2	不	b␣he␣	5	1.275	是	14989	2691	不和
人行	rfhh	1	1	人	r␣xk␣	5	1.275	是	15040	1206	
多发	dofa	1	1	发	do␣f␣	5	1.275	是	16907	757	
发话	fahx	1	1	发	f␣hx␣	5	1.275	是	18466	618	
强人	qlrf	1	3	人	ql␣r␣	5	1.275	是	18554	793	强忍、强韧
人脑	rfnc	1	1	人	r␣nc␣	5	1.275	是	20100	576	
完人	wjrf	2	2	人	wj␣r␣	5	1.275	是	20764	528	万人
无不	wubu	1	2	不	wu␣b␣	5	1.275	是	21365	1901	舞步
有请	yzqk	2	2	有	y␣qk␣	5	1.275	是	22954	416	友情
做起	zoqi	2	3	起	zo␣q␣	5	1.275	是	23342	1510	坐骑、坐起
啊哈	aaha	1	1	啊	a␣ha␣	5	1.275	是	23692	441	
并发	bkfa	1	2	发	bk␣f␣	5	1.275	是	23873	973	兵法
光是	glui	1	1	是	gl␣u␣	5	1.275	是	24357	2085	
发毛	famc	1	1	发	f␣mc␣	5	1.275	是	25011	547	
发卡	faka	1	1	发	f␣ka␣	5	1.275	是	25844	397	
发卡	faqx	1	1	发	f␣ka␣	5	1.275	是	25844	397	
老小	lcxn	1	2	小	lc␣x␣	5	1.275	是	26597	448	老校
卷起	jrqi	1	1	起	jr␣q␣	5	1.275	是	31575	1046	
自小	zixn	1	2	小	zi␣x␣	5	1.275	是	34331	855	自销
群起	qyqi	1	1	起	qy␣q␣	5	1.275	是	35099	296	
小三	xnsj	2	2	小	x␣sj␣	5	1.275	是	35217	1232	消散
小红	xnhs	1	1	小	x␣hs␣	5	1.275	是	37007	997	
小龙	xnls	1	2	小	x␣ls␣	5	1.275	是	39515	1048	骁龙
后起	hzqi	2	2	起	hz␣q␣	5	1.275	是	39940	358	后期
小强	xnql	1	2	小	x␣ql␣	5	1.275	是	41519	453	萧墙
还没	hdmw	1	1	没	hd␣m␣	5	1.275	是	41537	11597	
小黑	xnhw	1	1	小	x␣hw␣	5	1.275	是	44909	738	
自个	zige	2	2	个	zi␣g␣	5	1.275	是	46413	750	资格
我来	wold	1	1	我	w␣ld␣	5	1.275	是	47970	274	
他日	tari	1	1	他	t␣ri␣	5	1.275	是	49838	655	
有爱	yzai	2	2	有	y␣ai␣	5	1.275	是	52972	2133	友爱
就差	jqia	2	2	就	j␣ia␣	5	1.275	是	54645	835	纠察
先发	xmfa	2	2	发	xm␣f␣	5	1.275	是	58700	786	宪法
小爱	xnai	1	2	小	x␣ai␣	5	1.275	是	59084	472	喜怒哀愁
定人	dkrf	2	2	人	dk␣r␣	5	1.275	是	72756	59	盯人
又看	yzkj	1	1	看	yz␣k␣	5	1.275	是	84708	59	
这身	veuf	1	1	这	v␣uf␣	5	1.275	是	96870	763	
这要	veyc	2	2	这	v␣yc␣	5	1.275	是	104833	887	折腰
和暖	henr	1	1	和	h␣nr␣	5	1.275	是	106626	291	
那就	najq	1	1	就	na␣j␣	5	1.275	是	108665	6441	
别个	bpge	1	1	个	bp␣g␣	5	1.275	是	110230	59	
他爱	taai	1	1	他	t␣ai␣	5	1.275	是	115068	59	
吃点	iidm	1	2	吃	i␣dm␣	5	1.275	是	119850	1011	迟点
自拍	zipd	1	3	拍	zi␣p␣	5	1.275	是	120302	553	字牌、做出判断
流拍	lqpd	2	2	拍	lq␣p␣	5	1.275	是	121769	311	流派
你穿	niir	1	1	你	n␣ir␣	5	1.275	是	123814	59	
求发	qqfa	2	2	发	qq␣f␣	5	1.275	是	129580	66	球阀
不差	buia	1	1	不	b␣ia␣	5	1.275	是	147558	1052	
这帮	vebh	1	1	这	v␣bh␣	5	1.275	是	154865	993	
这帮	vwbh	1	2	这	v␣bh␣	5	1.275	是	154865	993	植物保护
小瞧	xnqn	2	3	小	x␣qn␣	5	1.275	是	157665	508	小巧、小乔
不若	buro	1	1	不	b␣ro␣	5	1.275	是	159784	73	
请人	qkrf	2	2	人	qk␣r␣	5	1.275	是	168986	1927	情人
你弄	nins	1	1	你	n␣ns␣	5	1.275	是	179985	59	
没换	mwhr	1	1	没	m␣hr␣	5	1.275	是	184905	59	
爱才	aicd	1	2	才	ai␣c␣	5	1.275	是	188262	438	爱财
小别	xnbp	1	1	小	x␣bp␣	5	1.275	是	188560	418	
这顿	vedy	1	1	这	v␣dy␣	5	1.275	是	190171	74	
还发	hdfa	1	1	发	hd␣f␣	5	1.275	是	191736	59	
好的	hcde	1	1	的	hc␣d␣	5	1.275	是	192732	20486	
看楼	kjlz	1	1	看	k␣lz␣	5	1.275	是	198243	59	
这类	velw	1	1	这	v␣lw␣	5	1.275	是	205352	2145	
女的	nvde	1	1	的	nv␣d␣	5	1.275	是	205997	3114	
还小	hdxn	2	2	小	hd␣x␣	5	1.275	是	212047	632	海啸
点发	dmfa	1	1	发	dm␣f␣	5	1.275	是	217360	673	
不死	busi	1	1	不	b␣si␣	5	1.275	是	227416	2601	
并没	bkmw	1	1	没	bk␣m␣	5	1.275	是	238599	7320	
不经	bujk	1	3	不	b␣jk␣	5	1.275	是	243302	2422	不敬、布景
宽和	krhe	1	1	和	kr␣h␣	5	1.275	是	244671	261	
你能	ning	1	1	你	n␣ng␣	5	1.275	是	256988	341	
没放	mwfh	2	2	没	m␣fh␣	5	1.275	是	269541	59	美方
这口	vekz	2	2	这	v␣kz␣	5	1.275	是	270998	885	折扣
好小	hcxn	2	2	小	hc␣x␣	5	1.275	是	273605	386	好笑
吃多	iido	1	2	吃	i␣do␣	5	1.275	是	290621	452	褫夺
吹拍	ivpd	1	1	拍	iv␣p␣	5	1.275	是	294656	310	
看错	kjco	1	1	看	k␣co␣	5	1.275	是	315115	797	
错发	cofa	1	1	发	co␣f␣	5	1.275	是	315888	59	
在后	zdhz	2	2	在	z␣hz␣	5	1.275	是	319070	192	灾后
不帮	bubh	1	3	不	b␣bh␣	5	1.275	是	377193	80	不受保护、不是不会
在听	zdtk	1	1	在	z␣tk␣	5	1.275	是	393498	1147	
有俩	yzlx	1	1	有	y␣lx␣	5	1.275	是	397350	59	
不穿	buir	1	1	不	b␣ir␣	5	1.275	是	404633	831	
超小	icxn	2	2	小	ic␣x␣	5	1.275	是	454221	60	嘲笑
那不	nabu	1	2	不	na␣b␣	5	1.275	是	476444	2062	那部
多才	docd	2	2	才	do␣c␣	5	1.275	是	485221	456	多彩
这能	veng	1	1	这	v␣ng␣	5	1.275	是	501033	71	
刚起	ghqi	1	2	起	gh␣q␣	5	1.275	是	507680	71	罡气
发黑	fahw	1	1	发	f␣hw␣	5	1.275	是	539104	778	
不锁	buso	1	1	不	b␣so␣	5	1.275	是	566590	59	
别吃	bpii	1	1	吃	bp␣i␣	5	1.275	是	571125	68	
三人	sjrf	1	2	人	sj␣r␣	5	1.275	是	608753	6480	散人
你呢	nine	1	1	你	n␣ne␣	5	1.275	是	608817	1720	
开吃	kdii	1	1	吃	kd␣i␣	5	1.275	是	729137	255	
没买	mwmd	1	2	没	m␣md␣	5	1.275	是	751405	367	漫无目的
人地	rfdi	1	2	人	r␣di␣	5	1.275	是	765306	59	仁弟
谁看	uwkj	1	2	看	uw␣k␣	5	1.275	是	770036	441	爽文开局
不求	buqq	1	1	不	b␣qq␣	5	1.275	是	783499	1732	
在当	zddh	1	1	在	z␣dh␣	5	1.275	是	806050	59	
多吃	doii	1	1	吃	do␣i␣	5	1.275	是	909332	1165	
没啦	mwla	1	1	没	m␣la␣	5	1.275	是	947959	240	
还吃	hdii	1	1	吃	hd␣i␣	5	1.275	是	985641	59	
下了	xxle	1	2	了	xx␣l␣	5	1.275	是	1000257	0	瞎了
且看	qpkj	1	1	看	qp␣k␣	5	1.275	是	1000460	757	
乐了	lele	1	2	了	le␣l␣	5	1.275	是	1001088	86	乐乐
也看	yekj	1	1	看	ye␣k␣	5	1.275	是	1001268	2151	
些小	xpxn	1	1	小	xp␣x␣	5	1.275	是	1001908	1626	
人来	rfld	1	1	人	r␣ld␣	5	1.275	是	1002027	59	
人老	rflc	1	1	人	r␣lc␣	5	1.275	是	1002041	59	
人跑	rfpc	1	1	人	r␣pc␣	5	1.275	是	1002051	59	
会吃	hvii	2	2	吃	hv␣i␣	5	1.275	是	1002364	59	挥斥
但在	djzd	1	1	在	dj␣z␣	5	1.275	是	1002501	2242	
你吗	nima	3	3	你	n␣ma␣	5	1.275	是	1002672	59	你妈、尼玛
先吃	xmii	1	1	吃	xm␣i␣	5	1.275	是	1003385	59	
光在	glzd	1	2	在	gl␣z␣	5	1.275	是	1003456	59	膏粱子弟
分了	ffle	1	1	了	ff␣l␣	5	1.275	是	1004874	59	
发完	fawj	1	1	发	f␣wj␣	5	1.275	是	1006854	72	
可看	kekj	1	1	看	ke␣k␣	5	1.275	是	1007245	602	
吃些	iixp	1	2	吃	i␣xp␣	5	1.275	是	1007332	490	持械
吃完	iiwj	1	1	吃	i␣wj␣	5	1.275	是	1007352	2323	
吃少	iiuc	1	2	吃	i␣uc␣	5	1.275	是	1007353	61	赤芍
因在	ybzd	2	2	在	yb␣z␣	5	1.275	是	1008762	79	印在
多个	doge	1	1	个	do␣g␣	5	1.275	是	1009487	2653	
多小	doxn	1	1	小	do␣x␣	5	1.275	是	1009559	61	
天啊	tmaa	1	1	啊	tm␣a␣	5	1.275	是	1009826	1042	
好啊	hcaa	1	1	啊	hc␣a␣	5	1.275	是	1010211	1484	
射了	uele	1	1	了	ue␣l␣	5	1.275	是	1011228	478	
就能	jqng	1	1	就	j␣ng␣	5	1.275	是	1011553	9827	
带了	ddle	1	2	了	dd␣l␣	5	1.275	是	1011999	188	待了
弄了	nsle	1	1	了	ns␣l␣	5	1.275	是	1012608	502	
快和	kkhe	1	1	和	kk␣h␣	5	1.275	是	1013466	59	
成了	igle	1	1	了	ig␣l␣	5	1.275	是	1014350	16421	
拍完	pdwj	1	1	拍	p␣wj␣	5	1.275	是	1015542	433	
掉在	dnzd	1	2	在	dn␣z␣	5	1.275	是	1016291	128	吊在
敢在	gjzd	2	2	在	gj␣z␣	5	1.275	是	1017231	59	赶在
有日	yzri	1	1	有	y␣ri␣	5	1.275	是	1018623	59	
来啊	ldaa	1	1	啊	ld␣a␣	5	1.275	是	1018956	836	
来拍	ldpd	1	1	拍	ld␣p␣	5	1.275	是	1018971	59	
爱吃	aiii	1	1	吃	ai␣i␣	5	1.275	是	1021957	1402	
牛啊	nqaa	1	1	啊	nq␣a␣	5	1.275	是	1022100	59	
略小	ltxn	1	1	小	lt␣x␣	5	1.275	是	1023001	235	
看吗	kjma	2	2	看	k␣ma␣	5	1.275	是	1023473	71	看嘛
看呢	kjne	1	1	看	k␣ne␣	5	1.275	是	1023476	59	
老吃	lcii	1	1	吃	lc␣i␣	5	1.275	是	1025898	59	
走了	zzle	1	1	了	zz␣l␣	5	1.275	是	1029237	13308	
错的	code	1	1	的	co␣d␣	5	1.275	是	1031952	3246	
黄了	hlle	2	2	了	hl␣l␣	5	1.275	是	1033796	471	慌了
现在	xmzd	1	2	在	xmr␣z␣	6	1.28	是	9	52078	陷在
只有	viyz	1	2	有	vit␣y␣	6	1.28	是	159	29383	挚友
人生	rfug	1	2	人	r␣ugm␣	6	1.28	是	226	27843	人声
这儿	veer	1	1	这	v␣erp␣	6	1.28	是	283	3643	
吃饭	iifj	1	1	吃	i␣fjw␣	6	1.28	是	324	7300	
拥有	ysyz	1	1	有	yso␣y␣	6	1.28	是	367	14407	
有效	yzxn	1	2	有	y␣xne␣	6	1.28	是	790	7357	幼小
病人	bkrf	1	2	人	bkc␣r␣	6	1.28	是	899	2852	兵刃
沙发	uafa	1	2	发	uaa␣f␣	6	1.28	是	1712	3711	杀伐
提起	tiqi	1	1	起	tio␣q␣	6	1.28	是	2492	4517	
不良	bull	1	2	不	b␣lla␣	6	1.28	是	2502	2137	不亮
吃惊	iijk	1	1	吃	i␣jkv␣	6	1.28	是	2721	2271	
金发	jbfa	1	2	发	jbu␣f␣	6	1.28	是	3971	726	进发
看望	kjwh	1	1	看	k␣whe␣	6	1.28	是	4504	1038	
人情	rfqk	1	2	人	r␣qkv␣	6	1.28	是	4874	2308	认清
处在	iuzd	1	1	在	iuq␣z␣	6	1.28	是	5204	2181	
不堪	bukj	1	2	不	b␣kjq␣	6	1.28	是	5668	3137	不看
圣人	ugrf	1	2	人	ugq␣r␣	6	1.28	是	6264	2253	胜任
吃药	iiyc	1	1	吃	i␣ycm␣	6	1.28	是	6366	861	
在座	zdzo	1	2	在	z␣zoc␣	6	1.28	是	7030	847	在做
胆小	djxn	1	1	小	djz␣x␣	6	1.28	是	7114	1140	
小费	xnfw	2	2	小	x␣fwk␣	6	1.28	是	9257	381	消费
燃起	rjqi	2	2	起	rjp␣q␣	6	1.28	是	9899	902	燃气
在职	zdvi	1	1	在	z␣vix␣	6	1.28	是	10153	937	
吃素	iisu	1	1	吃	i␣sur␣	6	1.28	是	10939	396	
沉没	ifmo	2	2	没	ifa␣m␣	6	1.28	是	10965	647	沉默
脱发	tofa	1	1	发	toz␣f␣	6	1.28	是	11136	570	
奋起	ffqi	3	3	起	ffy␣q␣	6	1.28	是	12147	685	分歧、分期
狭小	xxxn	1	2	小	xxo␣x␣	6	1.28	是	12191	885	学习新思想，争做新青年
仇人	izrf	1	2	人	izk␣r␣	6	1.28	是	12786	865	愁人
方才	fhcd	1	1	才	fhl␣c␣	6	1.28	是	13122	5316	
不服	bufu	2	3	不	b␣fuz␣	6	1.28	是	13647	3097	不符、不负
有助	yzvu	1	2	有	y␣vuq␣	6	1.28	是	13667	1057	有主
野人	yerf	1	1	人	yep␣r␣	6	1.28	是	14202	438	
细小	xixn	1	2	小	xii␣x␣	6	1.28	是	14214	1387	嬉笑
旅人	lvrf	1	1	人	lvl␣r␣	6	1.28	是	17744	461	
小站	xnvj	1	2	小	x␣vjj␣	6	1.28	是	17886	261	肖战
矮小	aixn	1	2	小	aig␣x␣	6	1.28	是	18009	690	爱笑
挥发	hvfa	1	1	发	hvo␣f␣	6	1.28	是	18174	427	
幼小	yzxn	2	2	小	yzi␣x␣	6	1.28	是	18630	696	有效
他国	tago	1	2	他	t␣goj␣	6	1.28	是	18653	716	踏过
起哄	qihs	1	2	起	q␣hst␣	6	1.28	是	19364	688	欺哄
存有	cyyz	1	1	有	cyc␣y␣	6	1.28	是	20478	600	
小国	xngo	2	2	小	x␣goj␣	6	1.28	是	22334	625	效果
看轻	kjqk	2	2	看	k␣qke␣	6	1.28	是	24153	611	看清
才气	cdqi	1	1	才	c␣qiz␣	6	1.28	是	24451	442	
发慌	fahl	2	2	发	f␣hlv␣	6	1.28	是	25580	418	发黄
在岗	zdgh	1	1	在	z␣ghh␣	6	1.28	是	27369	326	
终了	vsln	1	1	了	vsi␣l␣	6	1.28	是	27490	435	
鲜有	xmyz	3	3	有	xmd␣y␣	6	1.28	是	27506	416	现有、心满意足
小城	xnig	1	2	小	x␣igq␣	6	1.28	是	31516	1075	小成
小班	xnbj	1	1	小	x␣bjr␣	6	1.28	是	31630	246	
人墙	rfql	1	1	人	r␣qlq␣	6	1.28	是	33297	268	
在位	zdww	1	1	在	z␣wwk␣	6	1.28	是	34771	655	
小青	xnqk	2	2	小	x␣qkr␣	6	1.28	是	37626	847	校庆
小秋	xnqq	2	2	小	x␣qqn␣	6	1.28	是	40178	63	小球
讲和	jlhe	2	2	和	jlf␣h␣	6	1.28	是	41202	341	江河
发量	fall	3	3	发	f␣llb␣	6	1.28	是	47856	63	发亮、发凉
你爸	niba	2	2	你	n␣bal␣	6	1.28	是	50896	157	泥巴
看押	kjya	1	2	看	k␣yao␣	6	1.28	是	56053	195	看呀
辱没	rumo	1	2	没	ruz␣m␣	6	1.28	是	57226	298	入魔
托起	toqi	2	2	起	too␣q␣	6	1.28	是	57330	555	唾弃
有误	yzwu	2	2	有	y␣wuf␣	6	1.28	是	64961	829	有无
鬓发	bbfa	1	1	发	bbp␣f␣	6	1.28	是	65992	325	
宋人	ssrf	3	3	人	ssj␣r␣	6	1.28	是	66813	270	送人、松仁
糖人	thrf	2	2	人	thz␣r␣	6	1.28	是	70981	0	唐人
站在	vjzd	1	3	在	vjj␣z␣	6	1.28	是	77451	15243	逐渐增大、逐渐增多
个股	gegu	1	1	个	g␣guz␣	6	1.28	是	86824	347	
议和	yihe	2	2	和	yif␣h␣	6	1.28	是	92586	568	一盒
吃糖	iith	2	2	吃	i␣thz␣	6	1.28	是	94232	66	池塘
润发	ryfa	1	1	发	rya␣f␣	6	1.28	是	101599	213	
不烦	bufj	2	3	不	b␣fjp␣	6	1.28	是	111259	59	不凡、补番
律所	lvso	1	1	所	lvk␣s␣	6	1.28	是	115897	348	
发刊	fakj	1	1	发	f␣kjc␣	6	1.28	是	124392	307	
吃辣	iila	1	2	吃	i␣laa␣	6	1.28	是	125488	423	嗤啦
素人	surf	2	2	人	sur␣r␣	6	1.28	是	130944	367	俗人
看板	kjbj	1	3	看	k␣bjw␣	6	1.28	是	134420	216	开局暴击、空间背景
乌发	wufa	2	2	发	wug␣f␣	6	1.28	是	136216	273	无法
挥拍	hvpd	1	1	拍	hvo␣p␣	6	1.28	是	141424	59	
愁人	izrf	2	2	人	izn␣r␣	6	1.28	是	146971	328	仇人
起稿	qigc	1	1	起	q␣gcn␣	6	1.28	是	147503	0	
有次	yzci	2	2	有	y␣cia␣	6	1.28	是	161045	827	由此
拉人	larf	1	2	人	lao␣r␣	6	1.28	是	172795	330	蜡人
我司	wosi	1	1	我	w␣sib␣	6	1.28	是	180558	1483	
小兔	xntu	1	2	小	x␣tud␣	6	1.28	是	186547	615	小图
起薪	qixb	2	2	起	q␣xbm␣	6	1.28	是	190760	198	齐心
发痴	faii	1	1	发	f␣iic␣	6	1.28	是	211035	0	
探看	tjkj	2	2	看	tjo␣k␣	6	1.28	是	237215	231	探勘
小环	xnhr	1	1	小	x␣hrr␣	6	1.28	是	269484	59	
饭拍	fjpd	3	3	拍	fjw␣p␣	6	1.28	是	277167	59	反派、翻拍
发物	fawu	2	2	发	f␣wuv␣	6	1.28	是	287516	225	法务
人贩	rffj	2	2	人	r␣fjj␣	6	1.28	是	293544	303	人犯
不苟	bugz	2	2	不	b␣gzm␣	6	1.28	是	308777	502	不够
小碗	xnwj	1	1	小	x␣wjx␣	6	1.28	是	333125	326	
在玩	zdwj	2	2	在	z␣wjr␣	6	1.28	是	368027	59	再晚
有位	yzww	2	3	有	y␣wwk␣	6	1.28	是	376237	1281	尤为、有违
就像	jqxl	1	3	就	j␣xlk␣	6	1.28	是	408764	13873	酒香、加强训练
没醒	mwxk	1	2	没	m␣xke␣	6	1.28	是	413247	59	美型
在朝	zdic	1	1	在	z␣icc␣	6	1.28	是	423803	741	
引人	ybrf	2	2	人	ybb␣r␣	6	1.28	是	444167	1217	隐忍
五个	wuge	1	1	个	wur␣g␣	6	1.28	是	570714	2923	
拍醒	pdxk	1	1	拍	p␣xke␣	6	1.28	是	583906	61	
发烫	fath	1	1	发	f␣tha␣	6	1.28	是	614944	700	
没饭	mwfj	2	2	没	m␣fjw␣	6	1.28	是	633123	62	目无法纪
不像	buxa	1	1	不	b␣xlk␣	6	1.28	是	653925	4633	
不像	buxl	2	3	不	b␣xlk␣	6	1.28	是	653925	4633	不想、不祥
起赃	qizh	1	1	起	q␣zhj␣	6	1.28	是	775644	0	
看低	kjdi	1	1	看	k␣dik␣	6	1.28	是	966113	262	
九个	jqge	1	3	个	jqh␣g␣	6	1.28	是	1001165	1033	纠葛、酒嗝
停在	tkzd	1	1	在	tkk␣z␣	6	1.28	是	1003208	210	
六个	lqge	1	1	个	lqq␣g␣	6	1.28	是	1003754	2282	
写了	xple	2	2	了	xpj␣l␣	6	1.28	是	1004212	220	谢了
发青	faqk	2	2	发	f␣qkr␣	6	1.28	是	1006875	94	发情
夹在	jxzd	2	3	在	jxp␣z␣	6	1.28	是	1010008	776	加载、加在
夺了	dole	3	3	了	doy␣l␣	6	1.28	是	1010012	59	多了、剁了
必有	biyz	1	3	有	biv␣y␣	6	1.28	是	1013329	1933	庇佑、不成样子
怀了	hkle	2	2	了	hkv␣l␣	6	1.28	是	1013572	59	坏了
恼了	ncle	1	1	了	ncv␣l␣	6	1.28	是	1013980	302	
戒了	jple	2	2	了	jpv␣l␣	6	1.28	是	1014396	69	借了
拴在	urzd	1	1	在	uro␣z␣	6	1.28	是	1015691	471	
插在	iazd	1	1	在	iao␣z␣	6	1.28	是	1016519	1228	
救了	jqle	2	2	了	jqp␣l␣	6	1.28	是	1017197	1982	久了
数了	uule	3	3	了	uuz␣l␣	6	1.28	是	1017294	302	输了、熟了
方的	fhde	1	1	的	fhl␣d␣	6	1.28	是	1017608	59	
未在	wwzd	1	1	在	wwl␣z␣	6	1.28	是	1018750	88	
渴了	kele	2	2	了	kea␣l␣	6	1.28	是	1020994	460	可乐
湿了	uile	2	2	了	uia␣l␣	6	1.28	是	1021010	1442	试了
熟了	uule	2	3	了	uue␣l␣	6	1.28	是	1021846	1048	输了、数了
熟了	uzle	4	4	了	uue␣l␣	6	1.28	是	1021846	1048	受了、瘦了、收了
犯了	fjle	1	3	了	fjo␣l␣	6	1.28	是	1022244	1946	反了、烦了
狠人	hfrf	1	1	人	hfo␣r␣	6	1.28	是	1022337	66	
看帖	kjtp	1	1	看	k␣tpe␣	6	1.28	是	1023489	307	
看打	kjda	1	1	看	k␣dao␣	6	1.28	是	1023494	61	
神了	ufle	1	2	了	ufd␣l␣	6	1.28	是	1024106	77	神楽
花在	hxzd	1	2	在	hxm␣z␣	6	1.28	是	1026907	1157	还想咋地
裹在	gozd	2	3	在	gos␣z␣	6	1.28	是	1028045	711	过载、锅仔
讲起	jlqi	2	2	起	jlf␣q␣	6	1.28	是	1028391	647	将其
赌了	dule	2	2	了	duj␣l␣	6	1.28	是	1029093	64	读了
赖在	ldzd	1	1	在	ldy␣z␣	6	1.28	是	1029128	73	
踢人	tirf	1	2	人	tis␣r␣	6	1.28	是	1029809	61	替人
轻拍	qkpd	1	1	拍	qke␣p␣	6	1.28	是	1030168	688	
闲了	xmle	1	1	了	xmn␣l␣	6	1.28	是	1032148	0	
隔了	gele	1	1	了	gey␣l␣	6	1.28	是	1032445	617	
领了	lkle	1	1	了	lkq␣l␣	6	1.28	是	1033003	59	
这个	vege	1	1	这个	v␣g␣	4	1.3	是	7	61908	
这个	vwge	1	1	这个	v␣g␣	4	1.3	是	7	61908	
他们	tamf	1	3	他	t␣mf␣	5	1.3	是	8	77455	她们、它们
这么	veme	1	1	这	v␣me␣	5	1.3	是	20	25241	
还是	hdui	1	2	是	hd␣u␣	5	1.3	是	27	45486	海事
女人	nvrf	1	1	人	nv␣r␣	5	1.3	是	64	18438	
别人	bprf	1	1	人	bp␣r␣	5	1.3	是	78	30326	
为了	wwle	1	2	了	ww␣l␣	5	1.3	是	84	17962	萎了
那个	nage	1	2	个	na␣g␣	5	1.3	是	100	32080	哪个
其他	qita	1	2	他	qi␣t␣	5	1.3	是	176	22905	其它
成就	igjq	1	1	就	ig␣j␣	5	1.3	是	220	5526	
了解	lnjp	1	2	了	l␣jpg␣	6	1.3	是	262	10702	了结
刚才	ghcd	1	2	才	gh␣c␣	5	1.3	是	377	10296	钢材
起床	qiil	1	2	起	q␣ilc␣	6	1.3	是	534	2426	凄怆
这种	vevs	1	2	这	v␣vsn␣	6	1.3	是	617	30801	折中
人物	rfwu	2	2	人	r␣wuv␣	6	1.3	是	764	6618	任务
我国	wogo	1	1	我	w␣goj␣	6	1.3	是	777	8807	
发起	faqi	1	2	发起	f␣q␣	4	1.3	是	850	1851	法器
然而	rjer	1	1	而	rj␣e␣	5	1.3	是	909	13225	
在乎	zdhu	1	1	在	z␣huf␣	6	1.3	是	953	5250	
杀人	uarf	1	1	人	ua␣r␣	5	1.3	是	1348	3682	
老人	lcrf	1	1	人	lc␣r␣	5	1.3	是	1389	7933	
看法	kjfa	1	2	看	k␣fa␣	5	1.3	是	1583	1987	砍伐
反而	fjer	1	2	而	fj␣e␣	5	1.3	是	1783	7410	范儿
不足	buzu	1	2	不	b␣zus␣	6	1.3	是	1827	5920	补足
好人	hcrf	1	1	人	hc␣r␣	5	1.3	是	1947	2012	
爱人	airf	1	2	人	ai␣r␣	5	1.3	是	2015	3302	矮人
没错	mwco	1	1	没	m␣co␣	5	1.3	是	2313	3450	
放在	fhzd	1	2	在	fh␣z␣	5	1.3	是	2403	10691	防灾
惊人	jkrf	1	1	人	jkv␣r␣	6	1.3	是	3041	2820	
死人	sirf	1	2	人	si␣r␣	5	1.3	是	3360	2298	私人
超人	icrf	1	2	人	ic␣r␣	5	1.3	是	3708	817	吵人
自在	zizd	1	1	在	zi␣z␣	5	1.3	是	3785	3032	
现有	xmyz	1	3	有	xmr␣y␣	6	1.3	是	3991	1833	心满意足、鲜有
打发	dafa	1	2	发	dao␣f␣	6	1.3	是	4144	1267	打法
个别	gebp	1	1	个	g␣bp␣	5	1.3	是	4160	1502	
决不	jtbu	2	2	不	jta␣b␣	6	1.3	是	4488	2522	绝不
因而	yber	1	1	而	yb␣e␣	5	1.3	是	4674	2481	
看成	kjig	2	2	看	k␣ig␣	5	1.3	是	4742	1105	堪称
不理	buli	1	2	不	b␣lir␣	6	1.3	是	5290	2702	不利
享有	xlyz	1	2	有	xle␣y␣	6	1.3	是	5293	3015	向右
收看	uzkj	1	1	看	uzb␣k␣	6	1.3	是	5485	310	
发自	fazi	1	2	发	f␣zi␣	5	1.3	是	5679	993	法子
挑起	tnqi	1	2	起	tno␣q␣	6	1.3	是	5876	1042	跳起
人次	rfci	2	2	人	r␣cia␣	6	1.3	是	5892	460	仁慈
不准	buvy	1	4	不	b␣vya␣	6	1.3	是	5918	2658	保守主义、饱受争议、不是这样
不便	bubm	2	3	不	b␣bmk␣	6	1.3	是	5944	2242	不变、不生不灭
小气	xnqi	1	3	小	x␣qiz␣	6	1.3	是	6347	921	消气、笑气
古人	gurf	1	2	人	gu␣r␣	5	1.3	是	6766	2111	故人
过人	gorf	2	3	人	go␣r␣	5	1.3	是	6816	1525	国人、果仁
吃醋	iicu	1	1	吃	i␣cue␣	6	1.3	是	7235	966	
好在	hczd	1	1	在	hc␣z␣	5	1.3	是	7273	2145	
复发	fufa	1	2	发	fu␣f␣	5	1.3	是	7436	791	伏法
有望	yzwh	1	1	有	y␣whe␣	6	1.3	是	7460	583	
难看	njkj	1	2	看	njq␣k␣	6	1.3	是	7887	2583	难堪
卷发	jrfa	1	2	发	jr␣f␣	5	1.3	是	8486	437	倦乏
小儿	xner	1	2	小	x␣erp␣	6	1.3	是	9212	1350	小二
不解	bujp	1	1	不	b␣jpg␣	6	1.3	是	9519	3022	
不妥	buto	1	1	不	b␣toh␣	6	1.3	是	10511	1113	
拍打	pdda	1	1	拍	p␣dao␣	6	1.3	是	10611	1027	
发芽	faya	1	1	发	f␣yam␣	6	1.3	是	11147	996	
人海	rfhd	1	1	人	r␣hda␣	6	1.3	是	11233	1787	
铁人	tprf	1	1	人	tp␣r␣	5	1.3	是	13115	280	
黑发	hwfa	1	1	发	hw␣f␣	5	1.3	是	13230	966	
小河	xnhe	2	4	小	x␣hea␣	6	1.3	是	13253	922	小鹤、萧何、小女孩儿
和气	heqi	1	2	和	h␣qiz␣	6	1.3	是	13277	1135	何其
乃是	ndui	1	1	是	nd␣u␣	5	1.3	是	13300	3003	
共和	gshe	1	2	和	gsm␣h␣	6	1.3	是	13763	3292	恭贺
所属	souu	1	2	所	s␣uub␣	6	1.3	是	13810	1012	所述
少有	ucyz	1	2	有	uc␣y␣	5	1.3	是	13818	2155	稍有
不由	buyz	1	1	不	b␣yzp␣	6	1.3	是	13844	4078	
此人	cirf	1	2	人	ci␣r␣	5	1.3	是	14083	2867	词人
不凡	bufj	1	3	不	b␣fjn␣	6	1.3	是	14093	1515	不烦、补番
在望	zdwh	1	1	在	z␣whe␣	6	1.3	是	14333	437	
埋没	mdmo	1	1	没	mdq␣m␣	6	1.3	是	14526	565	
看做	kjzo	2	2	看	k␣zo␣	5	1.3	是	14543	588	看作
我刚	wogh	1	1	我	w␣gh␣	5	1.3	是	14577	2297	
和服	hefu	1	2	和	h␣fuz␣	6	1.3	是	14718	958	合服
小径	xnjk	2	2	小	x␣jkk␣	6	1.3	是	14801	723	孝敬
他乡	taxl	1	2	他	t␣xli␣	6	1.3	是	14982	786	他想
前人	qmrf	2	2	人	qm␣r␣	5	1.3	是	15020	825	前任
来人	ldrf	1	1	人	ld␣r␣	5	1.3	是	15716	1765	
我爱	woai	1	1	我	w␣ai␣	5	1.3	是	16797	4012	
累人	lwrf	1	2	人	lwp␣r␣	6	1.3	是	17243	336	雷人
竟是	jkui	1	2	是	jkd␣u␣	6	1.3	是	17277	6805	警示
求人	qqrf	1	1	人	qq␣r␣	5	1.3	是	17368	1023	
港人	ghrf	1	1	人	gha␣r␣	6	1.3	是	17635	343	
不菲	bufw	1	2	不	b␣fwm␣	6	1.3	是	18402	618	不费
奋发	fffa	2	2	发	ffy␣f␣	6	1.3	是	18914	572	分发
我看	wokj	1	1	我看	w␣k␣	4	1.3	是	19276	8065	
翻看	fjkj	1	1	看	fjh␣k␣	6	1.3	是	20080	865	
吞没	tymo	1	1	没	tyy␣m␣	6	1.3	是	20089	1738	
吞没	tymw	1	1	没	tyy␣m␣	6	1.3	是	20089	1738	
气人	qirf	1	2	人	qiz␣r␣	6	1.3	是	20518	332	奇人
拍板	pdbj	2	3	拍	p␣bjw␣	6	1.3	是	21407	336	排版、排班
素有	suyz	1	2	有	sur␣y␣	6	1.3	是	22247	581	素油
救起	jqqi	2	2	起	jqp␣q␣	6	1.3	是	22248	342	酒气
在押	zdya	1	1	在	z␣yao␣	6	1.3	是	22998	375	
发奋	faff	1	2	发	f␣ffy␣	6	1.3	是	23251	546	发愤
乱发	lrfa	1	1	发	lr␣f␣	5	1.3	是	23991	435	
不成	buig	1	1	不	b␣ig␣	5	1.3	是	24108	5295	
小艇	xntk	2	2	小	x␣tke␣	6	1.3	是	24368	317	消停
不难	bunj	1	1	不	b␣njq␣	6	1.3	是	25158	1783	
在握	zdwo	1	2	在	z␣wo␣	5	1.3	是	25448	362	在我
不无	buwu	1	3	不	b␣wu␣	5	1.3	是	25846	675	不误、不是我说
挨个	aige	1	2	个	aio␣g␣	6	1.3	是	25929	546	哀歌
发丝	fasi	1	1	发	f␣sii␣	6	1.3	是	26644	985	
小鹿	xnlu	2	3	小	x␣luc␣	6	1.3	是	27315	562	小路、销路
发晕	fayy	1	1	发	f␣yyb␣	6	1.3	是	28038	322	
不约	buyt	3	4	不	b␣yti␣	6	1.3	是	28081	78	不悦、不是冤家不聚头、不善言谈
发黄	fahl	1	2	发	f␣hl␣	5	1.3	是	28843	633	发慌
吃水	iiuv	2	3	吃	i␣uv␣	5	1.3	是	28920	363	池水、出厂设置
处所	iuso	1	1	所	iuq␣s␣	6	1.3	是	32305	452	
红发	hsfa	1	1	发	hs␣f␣	5	1.3	是	32663	407	
粗人	curf	1	1	人	cu␣r␣	5	1.3	是	34275	317	
和乐	hele	2	2	和	h␣le␣	5	1.3	是	34443	420	喝了
我俩	wolx	1	1	我	w␣lx␣	5	1.3	是	35796	1286	
不去	buqu	1	2	不	b␣qu␣	5	1.3	是	37176	4695	不屈
人祸	rfho	1	1	人	r␣hod␣	6	1.3	是	37942	285	
将就	jljq	2	3	就	jl␣j␣	5	1.3	是	39487	783	讲究、橘里橘气
让人	rhrf	1	1	人	rh␣r␣	5	1.3	是	40913	13453	
不冷	bulg	1	1	不	b␣lg␣	5	1.3	是	41027	0	
参看	cjkj	1	1	看	cjh␣k␣	6	1.3	是	41539	232	
我先	woxm	1	1	我	w␣xm␣	5	1.3	是	43408	2216	
能不	ngbu	1	2	不	ng␣b␣	5	1.3	是	43959	0	那个不是
你姐	nijp	1	1	你	n␣jps␣	6	1.3	是	44463	75	
矮人	airf	2	2	人	aig␣r␣	6	1.3	是	45703	1297	爱人
有缘	yzyr	1	2	有	y␣yri␣	6	1.3	是	46106	1521	幽怨
怕人	parf	1	1	人	pa␣r␣	5	1.3	是	46998	652	
不图	butu	1	2	不	b␣tu␣	5	1.3	是	47776	407	本是同根生
很小	hfxn	1	1	小	hf␣x␣	5	1.3	是	47781	2321	
私发	sifa	3	3	发	sin␣f␣	6	1.3	是	48435	367	司法、死法
小孙	xnsy	1	2	小	x␣sy␣	5	1.3	是	49819	338	消损
这下	vexx	1	2	这	v␣xx␣	5	1.3	是	51569	1476	遮瑕
扣发	kzfa	1	2	发	kzo␣f␣	6	1.3	是	52841	240	扣罚
德才	decd	1	2	才	dek␣c␣	6	1.3	是	54297	66	大额存单
发帖	fatp	1	3	发	f␣tpe␣	6	1.3	是	56055	426	法帖、发贴
初小	iuxn	1	1	小	iud␣x␣	6	1.3	是	56213	0	
人梯	rfti	2	2	人	r␣tiw␣	6	1.3	是	56225	216	人体
在此	zdci	2	2	在	z␣ci␣	5	1.3	是	56323	6171	再次
群发	qyfa	1	1	发	qy␣f␣	5	1.3	是	60463	360	
小差	xnia	1	1	小	x␣ia␣	5	1.3	是	61572	66	
小差	xnid	1	1	小	x␣ia␣	5	1.3	是	61572	66	
已发	yifa	2	2	发	yiv␣f␣	6	1.3	是	62580	613	依法
个税	geuv	1	1	个	g␣uvn␣	6	1.3	是	63192	322	
看么	kjme	1	1	看	k␣me␣	5	1.3	是	64010	59	
看图	kjtu	1	2	看	k␣tu␣	5	1.3	是	64420	262	科技图书
这图	vetu	1	1	这	v␣tu␣	5	1.3	是	66980	64	
派发	pdfa	1	1	发	pda␣f␣	6	1.3	是	71311	375	
不远	buyr	2	3	不	b␣yrp␣	6	1.3	是	72713	3407	不愿、不是一路人
别是	bpui	1	1	是	bp␣u␣	5	1.3	是	74496	3356	
写就	xpjq	1	1	就	xpj␣j␣	6	1.3	是	74754	0	
发错	faco	1	1	发	f␣co␣	5	1.3	是	77599	540	
小楼	xnlz	1	1	小	x␣lz␣	5	1.3	是	79947	812	
人话	rfhx	1	1	人	r␣hx␣	5	1.3	是	83974	0	
有课	yzke	2	2	有	y␣kef␣	6	1.3	是	84398	296	游客
排他	pdta	1	1	他	pd␣t␣	5	1.3	是	84709	373	
快发	kkfa	1	1	发	kk␣f␣	5	1.3	是	85742	79	
发怵	faiu	2	2	发	f␣iuv␣	6	1.3	是	89295	247	发出
辣个	lage	2	2	个	laa␣g␣	6	1.3	是	90487	59	拉歌
小可	xnke	1	1	小	x␣ke␣	5	1.3	是	91858	581	
走起	zzqi	1	3	起	zz␣q␣	5	1.3	是	92785	70	走棋、奏起
牛人	nqrf	1	1	人	nq␣r␣	5	1.3	是	96759	460	
他要	tayc	1	2	他	t␣yc␣	5	1.3	是	97158	195	塌腰
催发	cvfa	1	1	发	cvk␣f␣	6	1.3	是	100839	401	
就便	jqbm	1	1	就	j␣bmk␣	6	1.3	是	100898	0	
不做	buzo	1	1	不	b␣zo␣	5	1.3	是	102682	2861	
不提	buti	1	2	不	b␣tio␣	6	1.3	是	103558	1432	备受推崇
不婚	buhy	1	1	不	b␣hys␣	6	1.3	是	104393	62	
未有	wwyz	2	3	有	wwl␣y␣	6	1.3	是	104735	2040	唯有、为由
不下	buxx	2	2	不	b␣xx␣	5	1.3	是	107715	3607	部下
在途	zdtu	1	1	在	z␣tux␣	6	1.3	是	114047	73	
在身	zduf	2	2	在	z␣uf␣	5	1.3	是	120697	237	再审
你才	nicd	2	2	你才	n␣c␣	4	1.3	是	124548	59	你猜
这桩	vevl	1	1	这	v␣vlw␣	6	1.3	是	125164	527	
这才	vecd	1	1	这才	v␣c␣	4	1.3	是	126801	4472	
看去	kjqu	1	2	看	k␣qu␣	5	1.3	是	140279	1631	砍去
吃奶	iind	1	1	吃	i␣nds␣	6	1.3	是	149664	480	
虐人	ntrf	1	1	人	nt␣r␣	5	1.3	是	152045	310	
痴人	iirf	2	2	人	iic␣r␣	6	1.3	是	158934	70	吃人
仅有	jbyz	1	2	有	jbk␣y␣	6	1.3	是	160637	1701	近忧
没差	mwia	1	1	没	m␣ia␣	5	1.3	是	173913	65	
了无	lnwu	1	1	了	l␣wu␣	5	1.3	是	174225	2151	
看群	kjqy	1	1	看	k␣qy␣	5	1.3	是	177625	61	
看下	kjxx	1	2	看	k␣xx␣	5	1.3	是	179295	3144	砍下
你娘	ninl	1	2	你	n␣nl␣	5	1.3	是	179998	59	年产能力
小步	xnbu	1	2	小	x␣bus␣	6	1.3	是	181670	420	小布
刚发	ghfa	1	2	发	gh␣f␣	5	1.3	是	181946	59	规划方案
没水	mwuv	2	2	没	m␣uv␣	5	1.3	是	193432	67	没睡
在天	zdtm	1	1	在	z␣tm␣	5	1.3	是	201536	59	
他杀	taua	1	1	他	t␣ua␣	5	1.3	是	203461	658	
不才	bucd	1	1	不才	b␣c␣	4	1.3	是	206987	418	
也就	yejq	1	1	就	ye␣j␣	5	1.3	是	207207	11820	
拍拖	pdto	1	1	拍	p␣to␣	5	1.3	是	220017	376	
小圈	xnqr	2	2	小	x␣qrj␣	6	1.3	是	222245	337	小泉
所费	sofw	1	1	所	s␣fwk␣	6	1.3	是	236728	59	
猝发	cufa	1	1	发	cuo␣f␣	6	1.3	是	237551	0	
在和	zdhe	2	2	在和	z␣h␣	4	1.3	是	241848	59	载荷
这面	vemm	1	2	这	v␣mm␣	5	1.3	是	244177	595	遮面
圣所	ugso	2	2	所	ugq␣s␣	6	1.3	是	249705	345	绳索
而来	erld	1	2	而	e␣ld␣	5	1.3	是	251833	1396	二来
人日	rfri	1	1	人	r␣ri␣	5	1.3	是	257469	341	
说了	uole	1	1	了	uo␣l␣	5	1.3	是	281592	7086	
人后	rfhz	2	2	人	r␣hz␣	5	1.3	是	286592	59	仁厚
而过	ergo	1	1	而	e␣go␣	5	1.3	是	287175	3011	
扎起	zaqi	1	1	起	vao␣q␣	6	1.3	是	292340	0	
不败	bubd	1	3	不	b␣bdj␣	6	1.3	是	299179	885	不是不报，时候未到、不是白叫的
他能	tang	1	2	他	t␣ng␣	5	1.3	是	301983	667	她能
不信	buxb	1	2	不	b␣xbk␣	6	1.3	是	310090	3827	补锌
挽起	wjqi	2	2	起	wjo␣q␣	6	1.3	是	319696	75	晚期
试吃	uiii	2	2	吃	uif␣i␣	6	1.3	是	324064	281	市尺
赶人	gjrf	2	2	人	gjs␣r␣	6	1.3	是	341242	59	感人
发水	fauv	1	1	发	f␣uv␣	5	1.3	是	348346	332	
在库	zdku	1	1	在	z␣kuc␣	6	1.3	是	348995	59	
三所	sjso	1	1	所	sj␣s␣	5	1.3	是	369821	59	
看车	kjie	1	1	看	k␣ie␣	5	1.3	是	373362	62	
我日	wori	1	2	我	w␣ri␣	5	1.3	是	381144	68	沃日
小错	xnco	1	1	小	x␣co␣	5	1.3	是	388402	306	
他就	tajq	1	1	他就	t␣j␣	4	1.3	是	404477	5351	
民有	mbyz	2	2	有	mb␣y␣	5	1.3	是	407385	486	民忧
吃播	iibo	2	2	吃	i␣boo␣	6	1.3	是	422864	739	赤膊
吃顿	iidy	2	2	吃	i␣dy␣	5	1.3	是	422880	81	迟钝
刚拍	ghpd	1	1	拍	gh␣p␣	5	1.3	是	439481	59	
有锁	yzso	2	2	有	y␣so␣	5	1.3	是	447586	64	有所
而入	erru	1	1	而	e␣rux␣	6	1.3	是	451673	943	
而生	erug	1	1	而	e␣ugm␣	6	1.3	是	451685	1618	
说你	uoni	1	1	你	uo␣n␣	5	1.3	是	453735	4181	
半个	bjge	1	3	个	bjl␣g␣	6	1.3	是	460094	3291	半格、班歌
有口	yzkz	1	1	有	y␣kz␣	5	1.3	是	467416	59	
人多	rfdo	1	1	人	r␣do␣	5	1.3	是	479216	59	
你没	nimw	3	3	你没	n␣m␣	4	1.3	是	506324	255	你妹、泥煤
小坑	xnkg	1	1	小	x␣kg␣	5	1.3	是	513289	235	
让他	rhta	1	1	他	rh␣t␣	5	1.3	是	525852	8357	
这便	vebm	2	2	这	v␣bmk␣	6	1.3	是	562143	0	这边
这便	vwbm	2	2	这	v␣bmk␣	6	1.3	是	562143	0	这边
不亮	bull	2	2	不	b␣lle␣	6	1.3	是	566207	531	不良
且不	qpbu	1	2	不	qp␣b␣	5	1.3	是	601394	0	怯步
你去	niqu	1	1	你	n␣qu␣	5	1.3	是	610028	3081	
吃不	iibu	1	1	吃不	i␣b␣	4	1.3	是	615528	59	
多人	dorf	1	1	人	do␣r␣	5	1.3	是	621450	7267	
瞬发	uyfa	1	1	发	uyb␣f␣	6	1.3	是	640504	228	
你的	nide	1	1	你的	n␣d␣	4	1.3	是	672469	50470	
才没	cdmw	2	2	才没	c␣m␣	4	1.3	是	678058	59	采煤
会在	hvzd	1	2	在	hv␣z␣	5	1.3	是	681382	439	毁在
有枪	yzql	1	1	有	y␣qlw␣	6	1.3	是	682031	59	
不含	buhj	1	2	不	b␣hjq␣	6	1.3	是	712080	956	比手划脚
个矮	geai	2	2	个	g␣aig␣	6	1.3	是	712259	69	割爱
做个	zoge	1	1	个	zo␣g␣	5	1.3	是	716725	2700	
半拍	bjpd	1	1	拍	bjl␣p␣	6	1.3	是	727208	348	
在前	zdqm	1	1	在	z␣qm␣	5	1.3	是	729306	2346	
放人	fhrf	2	2	人	fh␣r␣	5	1.3	是	743770	73	放任
吞吃	tyii	1	1	吃	tyy␣i␣	6	1.3	是	806720	0	
快拍	kkpd	1	1	拍	kk␣p␣	5	1.3	是	819290	59	
没呢	mwne	1	1	没	m␣ne␣	5	1.3	是	835102	59	
不群	buqy	2	2	不	b␣qy␣	5	1.3	是	877612	306	布裙
他和	tahe	1	1	他和	t␣h␣	4	1.3	是	906040	193	
而笑	erxn	1	1	而	e␣xn␣	5	1.3	是	968765	78	
锁在	sozd	2	2	在	so␣z␣	5	1.3	是	969326	712	所在
一看	yikj	1	1	看	yi␣k␣	5	1.3	是	999833	5160	
不坏	buhk	1	2	不	b␣hk␣	5	1.3	是	1000325	726	不是很快
丢了	dqle	1	1	了	dq␣l␣	5	1.3	是	1000505	5068	
也不	yebu	1	1	不	ye␣b␣	5	1.3	是	1001208	2193	
乱吃	lrii	1	1	吃	lr␣i␣	5	1.3	是	1001405	55	
亮了	llle	1	2	了	lle␣l␣	6	1.3	是	1001963	2121	凉了
人矿	rfkl	1	1	人	r␣klx␣	6	1.3	是	1002036	100	
做小	zoxn	1	1	小	zo␣x␣	5	1.3	是	1003169	59	
光有	glyz	1	1	有	gl␣y␣	5	1.3	是	1003465	77	
冲啊	isaa	1	1	啊	is␣a␣	5	1.3	是	1004331	62	
冷了	lgle	2	2	了	lg␣l␣	5	1.3	是	1004359	1161	愣了
凑了	czle	1	1	了	cz␣l␣	5	1.3	是	1004475	0	
出了	iule	2	2	了	iu␣l␣	5	1.3	是	1004809	18426	除了
劝了	qrle	1	1	了	qrq␣l␣	6	1.3	是	1005576	59	
勾起	gzqi	1	2	起	gzn␣q␣	6	1.3	是	1005711	1147	枸杞
十个	uige	1	3	个	uic␣g␣	6	1.3	是	1005797	2365	诗歌、时隔
升了	ugle	3	3	了	ugf␣l␣	6	1.3	是	1005933	66	生了、省了
厚了	hzle	2	2	了	hzc␣l␣	6	1.3	是	1006483	59	吼了
又不	yzbu	1	3	不	yz␣b␣	5	1.3	是	1006649	5028	诱捕、一字不识
可就	kejq	1	2	就	ke␣j␣	5	1.3	是	1007221	1975	窠臼
吃穿	iiir	1	2	吃	i␣ir␣	5	1.3	是	1007368	390	吃串
吃错	iico	1	1	吃	i␣co␣	5	1.3	是	1007385	64	
喊了	hjle	1	1	了	hjt␣l␣	6	1.3	是	1008411	1611	
喝了	hele	1	2	了	het␣l␣	6	1.3	是	1008438	3517	和乐
图个	tuge	1	1	个	tu␣g␣	5	1.3	是	1008869	368	
圈在	qrzd	1	1	在	qrj␣z␣	6	1.3	是	1008907	333	
在吗	zdma	1	1	在	z␣ma␣	5	1.3	是	1008957	760	
在呢	zdne	1	1	在	z␣ne␣	5	1.3	是	1008959	59	
在呢	zdni	1	1	在	z␣ne␣	5	1.3	是	1008959	59	
坏了	hkle	1	2	了	hk␣l␣	5	1.3	是	1009055	3077	怀了
坐在	zozd	1	1	在	zox␣z␣	6	1.3	是	1009084	13440	
它的	tade	3	3	的	taj␣d␣	6	1.3	是	1010788	9347	他的、她的
就去	jqqu	1	3	就	j␣qu␣	5	1.3	是	1011503	2353	九曲、酒曲
尽在	jbzd	1	1	在	jbb␣z␣	6	1.3	是	1011582	538	
并在	bkzd	1	2	在	bk␣z␣	5	1.3	是	1012246	1150	不可阻挡
开在	kdzd	1	1	在	kd␣z␣	5	1.3	是	1012541	81	
快吃	kkii	1	1	吃	kk␣i␣	5	1.3	是	1013462	397	
快啊	kkaa	1	1	啊	kk␣a␣	5	1.3	是	1013469	59	
快的	kkde	1	1	的	kk␣d␣	5	1.3	是	1013507	59	
怕是	paui	1	2	是	pa␣u␣	5	1.3	是	1013692	2937	怕事
恕不	uubu	1	1	不	uus␣b␣	6	1.3	是	1013931	62	
慢了	mjle	2	2	了	mjv␣l␣	6	1.3	是	1014244	618	满了
懒了	ljle	2	2	了	ljv␣l␣	6	1.3	是	1014317	59	烂了
戳了	iole	1	1	了	io␣l␣	5	1.3	是	1014457	59	
所受	souz	1	2	所	s␣uzh␣	6	1.3	是	1014516	880	缩手
扛起	khqi	1	1	起	gho␣q␣	6	1.3	是	1014829	78	
把你	bani	1	1	你	bao␣n␣	6	1.3	是	1015059	4135	
拍死	pdsi	1	1	拍	p␣si␣	5	1.3	是	1015546	397	
招了	vcle	2	3	了	vco␣l␣	6	1.3	是	1015625	508	找了、着了
换个	hrge	1	2	个	hr␣g␣	5	1.3	是	1016182	1506	欢歌
排在	pdzd	1	1	在	pd␣z␣	5	1.3	是	1016352	1042	
握在	wozd	2	3	在	wo␣z␣	5	1.3	是	1016547	681	我在、窝在
收了	uzle	3	4	了	uzb␣l␣	6	1.3	是	1017076	178	受了、瘦了、熟了
是吗	uima	1	2	是	u␣ma␣	5	1.3	是	1017994	2155	是嘛
更了	ggle	1	1	了	gg␣l␣	5	1.3	是	1018253	367	
更了	ggln	1	1	了	gg␣l␣	5	1.3	是	1018253	367	
替你	tini	1	1	你	tiy␣n␣	6	1.3	是	1018457	185	
有吗	yzma	1	2	有	y␣ma␣	5	1.3	是	1018610	74	有码
有错	yzco	1	1	有	y␣co␣	5	1.3	是	1018639	1511	
标有	bnyz	1	1	有	bnw␣y␣	6	1.3	是	1019268	388	
死在	sizd	1	1	在	si␣z␣	5	1.3	是	1019844	2788	
没死	mwsi	1	1	没	m␣si␣	5	1.3	是	1020311	1102	
没碰	mwpg	1	1	没	m␣pg␣	5	1.3	是	1020325	59	
没能	mwng	1	1	没	m␣ng␣	5	1.3	是	1020335	2923	
流在	lqzd	2	2	在	lq␣z␣	5	1.3	是	1020631	497	留在
火了	hole	2	2	了	ho␣l␣	5	1.3	是	1021355	1113	活了
点在	dmzd	1	2	在	dm␣z␣	5	1.3	是	1021559	59	垫在
狂吃	klii	1	2	吃	kl␣i␣	5	1.3	是	1022268	59	快乐成长
看准	kjvy	1	1	看	k␣vya␣	6	1.3	是	1023468	446	
瞎了	xxle	2	2	了	xxb␣l␣	6	1.3	是	1023715	707	下了
竟在	jkzd	1	1	在	jkd␣z␣	6	1.3	是	1024665	59	
端了	drle	3	3	了	drj␣l␣	6	1.3	是	1024688	59	断了、短了
约在	ytzd	1	1	在	yti␣z␣	6	1.3	是	1025236	97	
编了	bmle	2	2	了	bmi␣l␣	6	1.3	是	1025633	59	变了
老在	lczd	2	2	在	lc␣z␣	5	1.3	是	1025901	73	涝灾
而定	erdk	1	2	而	e␣dk␣	5	1.3	是	1025957	628	耳钉
藏在	chzd	1	1	在	ch␣z␣	5	1.3	是	1027442	3033	
装在	vlzd	1	2	在	vl␣z␣	5	1.3	是	1027966	988	装载
要有	ycyz	1	1	有	yc␣y␣	5	1.3	是	1028166	4856	
赶在	gjzd	1	2	在	gjs␣z␣	6	1.3	是	1029327	540	敢在
蹲在	dyzd	1	2	在	dys␣z␣	6	1.3	是	1029922	171	大院子弟
身在	ufzd	1	1	在	uf␣z␣	5	1.3	是	1029946	0	
软了	rrle	1	1	了	rr␣l␣	5	1.3	是	1030097	0	
还在	hdzd	1	2	在	hd␣z␣	5	1.3	是	1030456	10612	昏倒在地
送了	ssle	1	2	了	ss␣l␣	5	1.3	是	1030778	1396	松了
配了	pwle	2	3	了	pw␣l␣	5	1.3	是	1031414	59	赔了、陪了
量小	llxn	2	2	小	llb␣x␣	6	1.3	是	1031637	59	良宵
错在	cozd	1	1	在	co␣z␣	5	1.3	是	1031929	84	
长在	vhzd	1	1	在	vh␣z␣	5	1.3	是	1032039	146	
陪吃	pwii	1	1	吃	pwy␣i␣	6	1.3	是	1032364	193	
难了	njle	1	1	了	njq␣l␣	6	1.3	是	1032460	74	
靠在	kczd	1	1	在	kc␣z␣	5	1.3	是	1032804	2368	
小臂	xnbi	1	1	小	x␣bibz␣	7	1.317	是	162128	303	
佛了	fole	1	1	了	fukk␣l␣	7	1.317	是	1002611	1000	
小姐	xnjp	1	3	小	x␣jps␣	6	1.32	是	316	9330	消解、虚拟键盘
于是	yuui	1	3	是	yuc␣u␣	6	1.32	是	359	17395	预示、浴室
有趣	yzqu	1	2	有	y␣qus␣	6	1.32	是	838	3523	因吹斯汀
似的	side	1	1	的	sik␣d␣	6	1.32	是	1011	8137	
似的	uide	1	2	的	sik␣d␣	6	1.32	是	1011	8137	使得
人士	rfui	2	2	人	r␣uiq␣	6	1.32	是	1379	2137	认识
私人	sirf	2	2	人	sin␣r␣	6	1.32	是	1517	1783	死人
吉他	jita	1	2	他	jiq␣t␣	6	1.32	是	2844	941	吉它
人气	rfqi	1	4	人	r␣qiz␣	6	1.32	是	3186	1383	任期、任其、人妻
发达	fada	1	1	发	f␣day␣	6	1.32	是	3463	1757	
占有	vjyz	1	2	有	vjg␣y␣	6	1.32	是	4013	2122	战友
缩小	soxn	1	1	小	soi␣x␣	6	1.32	是	4016	1608	
升起	ugqi	2	2	起	ugf␣q␣	6	1.32	是	4067	2695	生气
看似	kjsi	1	2	看	k␣sik␣	6	1.32	是	4758	3645	砍死
不已	buyi	1	3	不	b␣yiv␣	6	1.32	是	4846	2980	不易、不宜
妇人	furf	2	3	人	fus␣r␣	6	1.32	是	5065	2028	夫人、富人
各个	gege	2	3	个	geq␣g␣	6	1.32	是	5390	2972	哥哥、咯咯
和解	hejp	1	2	和	h␣jpg␣	6	1.32	是	5932	1556	何解
没准	mwvy	1	1	没	m␣vya␣	6	1.32	是	6466	915	
烦人	fjrf	3	3	人	fjp␣r␣	6	1.32	是	6843	460	凡人、犯人
起立	qili	1	2	起	q␣lij␣	6	1.32	是	7758	520	凄厉
小便	xnbm	1	2	小	x␣bmk␣	6	1.32	是	7861	783	小编
发亮	fall	1	3	发	f␣lle␣	6	1.32	是	8348	990	发凉、发量
起义	qiyi	1	4	起	q␣yia␣	6	1.32	是	8536	1008	七一、奇异、歧义
国人	gorf	1	3	人	goj␣r␣	6	1.32	是	8773	6355	过人、果仁
小康	xnkh	1	1	小	x␣khc␣	6	1.32	是	9252	1870	
收起	uzqi	1	2	起	uzb␣q␣	6	1.32	是	9709	2058	手气
活人	horf	1	1	人	hoa␣r␣	6	1.32	是	9873	1237	
不易	buyi	2	3	不	b␣yib␣	6	1.32	是	11026	2861	不已、不宜
人缘	rfyr	3	3	人	r␣yri␣	6	1.32	是	11219	742	人员、日复一日
吃喝	iihe	1	1	吃	i␣het␣	6	1.32	是	11224	1033	
有理	yzli	3	3	有	y␣lir␣	6	1.32	是	11873	2312	有利、有力
触发	iufa	3	3	发	iug␣f␣	6	1.32	是	12273	688	出发、处罚
小马	xnma	2	2	小	x␣mav␣	6	1.32	是	13379	716	笑骂
才子	cdzi	1	2	才	c␣zip␣	6	1.32	是	13403	742	菜籽
就任	jqrf	2	2	就	j␣rfk␣	6	1.32	是	13436	422	救人
不通	buts	2	3	不	b␣tsh␣	6	1.32	是	13500	2032	不同、别睡太死
案发	anfa	1	1	发	anj␣f␣	6	1.32	是	14365	1086	
人像	rfxl	1	1	人	r␣xlk␣	6	1.32	是	14818	865	
有种	yzvs	1	2	有	y␣vsn␣	6	1.32	是	15312	3408	由衷
和约	heyt	2	2	和	h␣yti␣	6	1.32	是	16014	411	合约
不及	buji	1	3	不	b␣jis␣	6	1.32	是	16846	4236	不急、补给
起名	qimk	1	2	起	q␣mkr␣	6	1.32	是	17219	493	齐名
发信	faxb	1	2	发	f␣xbk␣	6	1.32	是	17716	487	发薪
不孕	buyy	1	3	不	b␣yys␣	6	1.32	是	18217	363	败事有余、不是有意
伴有	bjyz	1	2	有	bjk␣y␣	6	1.32	是	18426	812	伴游
吃香	iixl	1	3	吃	i␣xln␣	6	1.32	是	18764	382	吃相、吃翔
挺起	tkqi	1	2	起	tko␣q␣	6	1.32	是	18780	523	停气
在理	zdli	1	1	在	z␣lir␣	6	1.32	是	19255	692	
小院	xnyr	2	3	小	x␣yry␣	6	1.32	是	20310	771	校园、小鸟依人
铸就	vujq	1	3	就	vuu␣j␣	6	1.32	是	20326	572	祝酒、煮酒
有救	yzjq	2	2	有	y␣jqp␣	6	1.32	是	20476	505	悠久
在案	zdan	1	1	在	z␣anj␣	6	1.32	是	22131	647	
没趣	mwqu	2	2	没	m␣qus␣	6	1.32	是	22215	441	没去
突起	tuqi	1	2	起	tuj␣q␣	6	1.32	是	22685	587	凸起
发稿	fagc	1	2	发	f␣gcn␣	6	1.32	是	25270	236	发糕
发迹	faji	1	3	发	f␣jit␣	6	1.32	是	26884	307	发髻、法纪
始发	uifa	3	3	发	uis␣f␣	6	1.32	是	27528	651	施法、事发
发难	fanj	1	1	发	f␣njq␣	6	1.32	是	28198	460	
不端	budr	2	2	不	b␣drj␣	6	1.32	是	28266	351	不断
院所	yrso	1	1	所	yry␣s␣	6	1.32	是	29092	381	
凸起	tuqi	2	2	起	tul␣q␣	6	1.32	是	30380	441	突起
人儿	rfer	1	2	人	r␣erp␣	6	1.32	是	30650	892	人耳
我爸	woba	1	1	我	w␣bal␣	6	1.32	是	33348	2891	
拍马	pdma	1	1	拍	p␣mav␣	6	1.32	是	33680	517	
起爆	qibc	1	1	起	q␣bcp␣	6	1.32	是	33740	246	
小乔	xnqn	3	3	小	x␣qnl␣	6	1.32	是	34357	553	小巧、小瞧
托人	torf	1	1	人	too␣r␣	6	1.32	是	35280	942	
意在	yizd	2	2	在	yid␣z␣	6	1.32	是	36356	1063	一再
发汗	fahj	2	2	发	f␣hja␣	6	1.32	是	37828	385	发函
小卒	xnzu	2	2	小	x␣zue␣	6	1.32	是	38410	292	小组
小包	xnbc	1	2	小	x␣bcn␣	6	1.32	是	41887	100	小宝
小指	xnvi	1	2	小	x␣vio␣	6	1.32	是	43961	480	校址
涌起	ysqi	2	2	起	ysa␣q␣	6	1.32	是	45860	997	勇气
和局	heju	2	2	和	h␣jub␣	6	1.32	是	46179	401	何惧
犹他	yzta	1	1	他	yzo␣t␣	6	1.32	是	47081	197	
小写	xnxp	1	1	小	x␣xpj␣	6	1.32	是	50372	281	
没谱	mwpu	1	1	没	m␣puf␣	6	1.32	是	51783	255	
航拍	hhpd	1	1	拍	hhe␣p␣	6	1.32	是	52946	208	
有约	yzyt	2	2	有	y␣yti␣	6	1.32	是	61618	1101	优越
不丑	buiz	2	2	不	b␣izb␣	6	1.32	是	62563	59	不愁
才思	cdsi	2	2	才	c␣sip␣	6	1.32	是	68620	240	踩死
袭人	xirf	2	2	人	xin␣r␣	6	1.32	是	73653	842	喜人
通才	tscd	1	1	才	tsh␣c␣	6	1.32	是	76635	202	
小灯	xndg	1	1	小	x␣dgp␣	6	1.32	是	83781	59	
小鸭	xnya	1	1	小	x␣yap␣	6	1.32	是	87456	652	
丈人	vhrf	1	1	人	vhp␣r␣	6	1.32	是	89296	596	
良才	llcd	2	2	才	lla␣c␣	6	1.32	是	89766	236	凉菜
劝和	qrhe	1	1	和	qrq␣h␣	6	1.32	是	97965	223	
不留	bulq	1	1	不	b␣lqr␣	6	1.32	是	98002	1875	
胡人	hurf	3	3	人	huc␣r␣	6	1.32	是	110166	356	唬人、湖人
有恩	yzen	1	1	有	y␣enj␣	6	1.32	是	116148	975	
小童	xnts	1	2	小	x␣tsj␣	6	1.32	是	119828	0	晓彤
拍案	pdan	1	1	拍	p␣anj␣	6	1.32	是	121669	358	
像是	xeui	1	1	是	xlk␣u␣	6	1.32	是	128654	10551	
像是	xlui	1	3	是	xlk␣u␣	6	1.32	是	128654	10551	相识、详实
宣和	xrhe	1	3	和	xrj␣h␣	6	1.32	是	129998	280	悬河、煊赫
不辍	buio	1	1	不	b␣ioe␣	6	1.32	是	138537	285	
不惧	buju	2	3	不	b␣juv␣	6	1.32	是	147456	1351	布局、本身就是
浦发	pufa	2	2	发	pua␣f␣	6	1.32	是	160553	300	普法
打人	darf	2	3	人	dao␣r␣	6	1.32	是	170062	656	大人、达人
不切	buqp	1	1	不	b␣qpt␣	6	1.32	是	176646	59	
发薪	faxb	2	2	发	f␣xbm␣	6	1.32	是	181595	201	发信
这场	veih	1	1	这	v␣ihq␣	6	1.32	是	200306	3726	
不腻	buni	1	1	不	b␣niz␣	6	1.32	是	221994	59	
起夜	qiye	2	2	起	q␣yee␣	6	1.32	是	224608	295	企业
小窝	xnwo	1	1	小	x␣woj␣	6	1.32	是	226211	56	
夜拍	yepd	1	1	拍	yee␣p␣	6	1.32	是	233236	0	
义拍	yipd	2	2	拍	yia␣p␣	6	1.32	是	262364	303	一排
小酌	xnvo	1	2	小	x␣voe␣	6	1.32	是	285375	283	小桌
看官	kjgr	2	2	看	k␣grj␣	6	1.32	是	299227	262	看管
通吃	tsii	2	2	吃	tsh␣i␣	6	1.32	是	324490	292	痛斥
起笔	qibi	1	1	起	q␣bih␣	6	1.32	是	355531	535	
没救	mwjq	2	2	没	m␣jqp␣	6	1.32	是	429797	64	美酒
看嘛	kjma	1	2	看	k␣mat␣	6	1.32	是	471515	59	看吗
鹊起	qtqi	1	1	起	qtm␣q␣	6	1.32	是	476776	262	
编就	bmjq	1	1	就	bmi␣j␣	6	1.32	是	525108	212	
有谱	yzpu	1	1	有	y␣puf␣	6	1.32	是	630040	317	
准是	vyui	2	2	是	vya␣u␣	6	1.32	是	720187	607	准时
吃灰	iihv	1	1	吃	i␣hvc␣	6	1.32	是	720276	367	
怀才	hkcd	1	1	才	hkv␣c␣	6	1.32	是	744087	66	
翻起	fjqi	2	2	起	fjh␣q␣	6	1.32	是	767935	76	泛起
不都	budz	1	1	不	b␣dun␣	6	1.32	是	783721	59	
有难	yznj	1	1	有	y␣njq␣	6	1.32	是	829574	816	
贴个	tpge	1	1	个	tpj␣g␣	6	1.32	是	860561	59	
这都	vedu	1	1	这	v␣dun␣	6	1.32	是	863422	167	
这都	vedz	1	1	这	v␣dun␣	6	1.32	是	863422	167	
互看	hukj	1	1	看	hup␣k␣	6	1.32	是	1001805	59	
亮起	llqi	1	2	起	lle␣q␣	6	1.32	是	1001973	1112	凉气
倒了	dcle	2	2	了	dck␣l␣	6	1.32	是	1003008	2407	到了
催人	cvrf	1	1	人	cvk␣r␣	6	1.32	是	1003279	0	
催他	cvta	1	1	他	cvk␣t␣	6	1.32	是	1003280	59	
党的	dhde	1	1	的	dhj␣d␣	6	1.32	是	1003528	9768	
养了	yhle	1	1	了	yhr␣l␣	6	1.32	是	1003912	1072	
包吃	bcii	2	2	吃	bcn␣i␣	6	1.32	是	1005738	63	保持
压了	yale	1	1	了	yac␣l␣	6	1.32	是	1006449	59	
发往	fawh	2	2	发	f␣whk␣	6	1.32	是	1006857	407	法网
吃准	iivy	1	1	吃	i␣vya␣	6	1.32	是	1007335	216	
吃粮	iill	1	1	吃	i␣llz␣	6	1.32	是	1007371	61	
啥啊	uaaa	1	1	啊	uat␣a␣	6	1.32	是	1008371	65	
在写	zdxp	1	1	在	z␣xpj␣	6	1.32	是	1008953	59	
在哪	zdna	1	1	在	z␣nat␣	6	1.32	是	1008961	4476	
埋在	mdzd	1	1	在	mdq␣z␣	6	1.32	是	1009218	1698	
念了	nmle	2	2	了	nmq␣l␣	6	1.32	是	1013545	59	蔫了
急了	jile	1	3	了	jig␣l␣	6	1.32	是	1013747	1695	极了、寄了
惹人	rerf	1	1	人	rem␣r␣	6	1.32	是	1014171	765	
懵了	mgle	1	2	了	mgv␣l␣	6	1.32	是	1014327	83	蒙了
打在	dazd	2	2	在	dao␣z␣	6	1.32	是	1014728	1335	搭载
扔了	rgle	1	1	了	rgo␣l␣	6	1.32	是	1014766	1378	
扣在	kzzd	1	1	在	kzo␣z␣	6	1.32	是	1014844	59	
抢了	qlle	1	2	了	qlo␣l␣	6	1.32	是	1015232	1150	强了
挡在	dhzd	1	2	在	dho␣z␣	6	1.32	是	1015961	135	氹仔
教你	jnni	1	3	你	jnn␣n␣	6	1.32	是	1017208	1330	今年年初、胶泥
数个	uuge	1	1	个	uuz␣g␣	6	1.32	是	1017293	1132	
毁了	hvle	1	2	了	hvd␣l␣	6	1.32	是	1019916	1772	会了
活在	hozd	1	2	在	hoa␣z␣	6	1.32	是	1020582	3902	火灾
派人	pdrf	1	1	人	pda␣r␣	6	1.32	是	1020600	2216	
淋了	lble	1	1	了	lba␣l␣	6	1.32	是	1020837	53	
留了	lqle	1	3	了	lqr␣l␣	6	1.32	是	1022963	1515	溜了、流了
瘦了	uzle	2	4	了	uzc␣l␣	6	1.32	是	1023115	553	受了、收了、熟了
看啥	kjua	2	2	看	k␣uat␣	6	1.32	是	1023479	61	砍杀
看腻	kjni	1	1	看	k␣niz␣	6	1.32	是	1023511	231	
神啊	ufaa	1	1	啊	ufd␣a␣	6	1.32	是	1024115	396	
离了	lile	1	1	了	lie␣l␣	6	1.32	是	1024192	185	
租了	zule	1	2	了	zun␣l␣	6	1.32	是	1024329	59	足了
窝在	wozd	3	3	在	woj␣z␣	6	1.32	是	1024608	84	我在、握在
竟有	jkyz	1	3	有	jkd␣y␣	6	1.32	是	1024671	1517	经由、精油
端起	drqi	2	3	起	drj␣q␣	6	1.32	是	1024700	1090	短期、断气
糊了	hule	1	2	了	huz␣l␣	6	1.32	是	1025065	797	胡了
约有	ytyz	1	2	有	yti␣y␣	6	1.32	是	1025243	880	曱甴
绑在	bhzd	1	1	在	bhi␣z␣	6	1.32	是	1025373	0	
翘起	qnqi	1	1	起	qnp␣q␣	6	1.32	是	1025859	673	
而未	erww	2	2	而	e␣wwl␣	6	1.32	是	1025963	600	二位
腻了	nile	1	2	了	niz␣l␣	6	1.32	是	1026599	422	匿了
躺在	thzd	1	1	在	thp␣z␣	6	1.32	是	1029972	5073	
都不	dzbu	1	1	不	dun␣b␣	6	1.32	是	1031264	16297	
陪在	pwzd	1	2	在	pwy␣z␣	6	1.32	是	1032367	602	配载
饿了	eele	1	1	了	eew␣l␣	6	1.32	是	1033208	1528	
骗了	pmle	1	1	了	pmv␣l␣	6	1.32	是	1033373	1015	
麻了	male	1	1	了	mac␣l␣	6	1.32	是	1033790	367	
我们	womf	1	1	我	w␣mf␣	5	1.325	是	1	116006	
一起	yiqi	1	5	起	yi␣q␣	5	1.325	是	18	24412	仪器、一齐、遗弃、义气
这里	veli	1	3	这	v␣li␣	5	1.325	是	28	23267	哲理、啫喱
还有	hdyz	1	1	有	hd␣y␣	5	1.325	是	157	26137	
人们	rfmf	1	1	人	r␣mf␣	5	1.325	是	241	15408	
人类	rflw	1	1	人	r␣lw␣	5	1.325	是	508	9970	
自我	ziwo	1	1	我	zi␣w␣	5	1.325	是	768	9558	
不用	buys	1	1	不	b␣ys␣	5	1.325	是	877	10903	
人口	rfkz	1	1	人	r␣kz␣	5	1.325	是	1145	3348	
小组	xnzu	1	2	小	x␣zu␣	5	1.325	是	1531	1488	小卒
没法	mwfa	1	2	没	m␣fa␣	5	1.325	是	1723	3138	美发
每个	mwge	1	2	个	mw␣g␣	5	1.325	是	1736	11567	每隔
黑人	hwrf	1	1	人	hw␣r␣	5	1.325	是	2098	982	
看出	kjiu	1	1	看	k␣iu␣	5	1.325	是	2332	4078	
人体	rfti	1	2	人	r␣ti␣	5	1.325	是	2457	2921	人梯
做人	zorf	1	1	人	zo␣r␣	5	1.325	是	3004	4196	
某个	mzge	1	1	个	mz␣g␣	5	1.325	是	3716	4248	
内在	nwzd	1	1	在	nw␣z␣	5	1.325	是	4248	1024	
小声	xnug	2	2	小	x␣ug␣	5	1.325	是	4456	2340	笑声
个体	geti	1	1	个	g␣ti␣	5	1.325	是	4873	2946	
人身	rfuf	2	3	人	r␣uf␣	5	1.325	是	5150	3971	人参、妊娠
发火	faho	2	2	发	f␣ho␣	5	1.325	是	5370	1087	发货
若是	roui	1	2	是	ro␣u␣	5	1.325	是	6888	9615	弱势
不大	buda	1	1	不	b␣da␣	5	1.325	是	7019	4247	
所长	soih	1	2	所	s␣vh␣	5	1.325	是	7592	918	索偿
所长	sovh	1	1	所	s␣vh␣	5	1.325	是	7592	918	
进而	jber	1	2	而	jb␣e␣	5	1.325	是	7677	1896	今儿
发声	faug	2	2	发	f␣ug␣	5	1.325	是	8018	745	发生
对了	dvle	1	1	了	dv␣l␣	5	1.325	是	8720	2608	
用人	ysrf	2	2	人	ys␣r␣	5	1.325	是	8905	1922	佣人
小车	xnie	1	2	小	x␣ie␣	5	1.325	是	8946	636	校车
后人	hzrf	1	2	人	hz␣r␣	5	1.325	是	9624	1023	后任
明了	mkle	1	1	了	mk␣l␣	5	1.325	是	9860	2850	
明了	mkln	1	2	了	mk␣l␣	5	1.325	是	9860	2850	没空理你
装有	vlyz	1	1	有	vl␣y␣	5	1.325	是	10228	600	
说起	uoqi	1	1	起	uo␣q␣	5	1.325	是	10501	3175	
分发	fffa	1	2	发	ff␣f␣	5	1.325	是	11392	1263	奋发
下发	xxfa	1	1	发	xx␣f␣	5	1.325	是	11700	825	
合拍	hepd	1	1	拍	he␣p␣	5	1.325	是	12267	352	
狂人	klrf	1	1	人	kl␣r␣	5	1.325	是	13607	401	
口才	kzcd	1	1	才	kz␣c␣	5	1.325	是	13751	838	
成才	igcd	1	2	才	ig␣c␣	5	1.325	是	14268	1480	成材
发车	faie	1	1	发	f␣ie␣	5	1.325	是	14496	336	
在下	zdxx	1	3	在	z␣xx␣	5	1.325	是	14885	2636	栽下、自东向西
无人	wurf	1	2	人	wu␣r␣	5	1.325	是	15629	4772	物是人非
小将	xnjl	1	1	小	x␣jl␣	5	1.325	是	16481	307	
而后	erhz	1	2	而	e␣hz␣	5	1.325	是	16608	2635	耳后
吃法	iifa	1	1	吃	i␣fa␣	5	1.325	是	17001	367	
自有	ziyz	2	3	有	zi␣y␣	5	1.325	是	18116	1860	自由、自幼
红人	hsrf	1	2	人	hs␣r␣	5	1.325	是	19167	369	哄人
发冷	falg	2	2	发	f␣lg␣	5	1.325	是	19331	0	发愣
不配	bupw	1	1	不	b␣pw␣	5	1.325	是	20639	1412	
握有	woyz	2	2	有	wo␣y␣	5	1.325	是	21019	347	我有
和声	heug	1	1	和	h␣ug␣	5	1.325	是	21313	441	
有声	yzug	1	2	有	y␣ug␣	5	1.325	是	23397	1072	有生
口吃	kzii	1	2	吃	kz␣i␣	5	1.325	是	23439	602	口齿
换人	hrrf	1	1	人	hr␣r␣	5	1.325	是	25476	497	
和面	homm	2	2	和	h␣mm␣	5	1.325	是	27688	491	豁免
我能	wong	1	1	我	w␣ng␣	5	1.325	是	28913	3138	
我要	woyc	1	1	我	w␣yc␣	5	1.325	是	35735	0	
内人	nwrf	1	1	人	nw␣r␣	5	1.325	是	36951	438	
小村	xncy	1	1	小	x␣cy␣	5	1.325	是	38858	460	
发图	fatu	1	1	发	f␣tu␣	5	1.325	是	38997	64	
发面	famm	1	1	发	f␣mm␣	5	1.325	是	44198	227	
是么	uime	1	1	是	u␣me␣	5	1.325	是	45828	898	
看书	kjuu	1	2	看	k␣uu␣	5	1.325	是	48588	2335	砍树
那是	naui	3	3	是	na␣u␣	5	1.325	是	48835	12418	那时、纳什
会所	hvso	1	2	所	hv␣s␣	5	1.325	是	49618	618	回缩
发带	fadd	2	2	发	f␣dd␣	5	1.325	是	63502	321	发呆
小面	xnmm	1	3	小	x␣mm␣	5	1.325	是	64589	64	笑面、削面
小桌	xnvo	2	2	小	x␣vo␣	5	1.325	是	65949	66	小酌
所部	sobu	1	1	所	s␣bu␣	5	1.325	是	67463	0	
说和	uohe	1	2	和	uo␣h␣	5	1.325	是	69506	0	说合
这书	veuu	1	2	这	v␣uu␣	5	1.325	是	72363	69	谪戍
小图	xntu	2	2	小	x␣tu␣	5	1.325	是	76139	367	小兔
我可	woke	1	2	我	w␣ke␣	5	1.325	是	77727	4652	蜗壳
软和	rrhe	1	1	和	rr␣h␣	5	1.325	是	85087	268	
软和	rrho	1	1	和	rr␣h␣	5	1.325	是	85087	268	
藏有	chyz	1	1	有	ch␣y␣	5	1.325	是	89224	78	
小分	xnff	2	2	小	x␣ff␣	5	1.325	是	90254	59	小份
吃面	iimm	1	3	吃	i␣mm␣	5	1.325	是	95029	411	朝朝暮暮、缠缠绵绵
两个	llge	1	1	个	ll␣g␣	5	1.325	是	100042	21206	
发群	faqy	1	1	发	f␣qy␣	5	1.325	是	110750	61	
他娘	tanl	1	1	他	t␣nl␣	5	1.325	是	115076	66	
哈人	harf	1	1	人	ha␣r␣	5	1.325	是	123186	0	
草人	ccrf	1	1	人	cc␣r␣	5	1.325	是	124764	0	
那人	narf	1	1	人	na␣r␣	5	1.325	是	125696	2867	
黄发	hlfa	1	1	发	hl␣f␣	5	1.325	是	128597	49	
差人	iarf	1	1	人	ia␣r␣	5	1.325	是	130617	59	
差人	idrf	1	1	人	ia␣r␣	5	1.325	是	130617	59	
小群	xnqy	1	1	小	x␣qy␣	5	1.325	是	135662	337	
不二	buer	1	2	不	b␣er␣	5	1.325	是	137188	525	布尔
小成	xnig	2	2	小	x␣ig␣	5	1.325	是	145802	416	小城
小娘	xnnl	1	1	小	x␣nl␣	5	1.325	是	150285	59	
拍桌	pdvo	2	2	拍	p␣vo␣	5	1.325	是	152307	73	牌桌
鸟人	nnrf	1	1	人	nn␣r␣	5	1.325	是	176415	300	
没带	mwdd	1	2	没	m␣dd␣	5	1.325	是	182955	850	眉黛
就手	jquz	1	1	就	j␣uz␣	5	1.325	是	187219	246	
俩人	lxrf	1	1	人	lx␣r␣	5	1.325	是	188788	0	
吃坏	iihk	1	1	吃	i␣hk␣	5	1.325	是	210219	347	
小草	xncc	1	2	小	x␣cc␣	5	1.325	是	221739	1127	校草
让我	rhwo	1	1	我	rh␣w␣	5	1.325	是	223994	20863	
帮人	bhrf	1	1	人	bh␣r␣	5	1.325	是	258507	1151	
他么	tame	1	1	他	t␣me␣	5	1.325	是	277830	59	
有无	yzwu	1	2	有	y␣wu␣	5	1.325	是	292794	2571	有误
这户	vehu	2	2	这	v␣hu␣	5	1.325	是	293995	59	丈二和尚
有成	yzig	2	2	有	y␣ig␣	5	1.325	是	330457	1773	又称
爱我	aiwo	1	1	我	ai␣w␣	5	1.325	是	344614	4638	
其所	qiso	1	1	所	qi␣s␣	5	1.325	是	364885	1697	
也没	yemw	1	2	没	ye␣m␣	5	1.325	是	420489	14623	页眉
小火	xnho	2	2	小	x␣ho␣	5	1.325	是	444078	468	小伙
不出	buiu	1	3	不	b␣iu␣	5	1.325	是	504496	9056	步出、不胜传说
人天	rftm	1	1	人	r␣tm␣	5	1.325	是	505432	707	
没声	mwug	2	2	没	m␣ug␣	5	1.325	是	520770	63	美声
你走	nizz	1	2	你	n␣zz␣	5	1.325	是	535656	59	逆臣贼子
就用	jqys	1	1	就	j␣ys␣	5	1.325	是	544026	1158	
没下	mwxx	1	1	没	m␣xx␣	5	1.325	是	588615	59	
刷人	uxrf	2	2	人	ux␣r␣	5	1.325	是	611710	59	耍人
组人	zurf	2	2	人	zu␣r␣	5	1.325	是	640367	295	族人
而谈	ertj	1	1	而	e␣tj␣	5	1.325	是	641500	59	
也才	yecd	2	2	才	ye␣c␣	5	1.325	是	712988	550	野菜
发下	faxx	2	2	发	f␣xx␣	5	1.325	是	797571	520	罚下
而让	errh	1	1	而	e␣rh␣	5	1.325	是	854844	508	
全看	qrkj	1	1	看	qr␣k␣	5	1.325	是	888750	59	
能拍	ngpd	1	1	拍	ng␣p␣	5	1.325	是	972179	59	
谁没	uwmw	1	1	没	uw␣m␣	5	1.325	是	980607	59	
下个	xxge	1	1	个	xx␣g␣	5	1.325	是	1000255	1143	
不该	bugd	1	3	不	b␣gd␣	5	1.325	是	1000377	4241	不改、不是个省油的灯
人呢	rfne	1	1	人	r␣ne␣	5	1.325	是	1002016	1822	
人呢	rfni	1	1	人	r␣ne␣	5	1.325	是	1002016	1822	
人若	rfro	2	2	人	r␣ro␣	5	1.325	是	1002043	59	荏弱
会有	hvyz	1	2	有	hv␣y␣	5	1.325	是	1002390	12847	会友
加在	jxzd	3	3	在	jx␣z␣	5	1.325	是	1005620	557	加载、夹在
卡在	kazd	1	1	在	ka␣z␣	5	1.325	是	1006265	768	
发去	faqu	1	1	发	f␣qu␣	5	1.325	是	1006849	386	
叫了	jnle	1	1	了	jn␣l␣	5	1.325	是	1007153	2912	
可吃	keii	2	2	吃	ke␣i␣	5	1.325	是	1007207	73	可耻
吃下	iixx	1	1	吃	i␣xx␣	5	1.325	是	1007330	793	
吃桌	iivo	1	1	吃	i␣vo␣	5	1.325	是	1007362	59	
吃草	iicc	1	1	吃	i␣cc␣	5	1.325	是	1007375	490	
在做	zdzo	2	2	在	z␣zo␣	5	1.325	是	1008951	59	在座
多有	doyz	1	1	有	do␣y␣	5	1.325	是	1009603	1251	
好有	hcyz	2	2	有	hc␣y␣	5	1.325	是	1010245	59	好友
如有	ruyz	1	2	有	ru␣y␣	5	1.325	是	1010344	1858	乳油
对你	dvni	1	1	你	dv␣n␣	5	1.325	是	1011115	5841	
并有	bkyz	1	3	有	bk␣y␣	5	1.325	是	1012257	573	并由、病友
弄个	nsge	1	1	个	ns␣g␣	5	1.325	是	1012606	516	
当有	dhyz	1	2	有	dh␣y␣	5	1.325	是	1012871	59	荡悠
很是	hfui	1	2	是	hf␣u␣	5	1.325	是	1013061	3401	恨事
我吗	woma	1	1	我	w␣ma␣	5	1.325	是	1014376	59	
所能	song	1	1	所	s␣ng␣	5	1.325	是	1014570	394	
找了	vcle	1	3	了	vc␣l␣	5	1.325	是	1014978	226	招了、着了
拍下	pdxx	1	1	拍	p␣xx␣	5	1.325	是	1015527	3000	
拍成	pdig	2	2	拍	p␣ig␣	5	1.325	是	1015545	347	排成
早了	zcle	2	2	了	zc␣l␣	5	1.325	是	1017798	0	糟了
是做	uizo	3	3	是	u␣zo␣	5	1.325	是	1017991	59	视作、诗作
更不	ggbu	1	2	不	gg␣b␣	5	1.325	是	1018248	3187	狗改不了吃屎
没去	mwqu	1	2	没	m␣qu␣	5	1.325	是	1020247	1042	没趣
法拍	fapd	2	2	拍	fa␣p␣	5	1.325	是	1020409	367	发牌
满了	mjle	1	2	了	mj␣l␣	5	1.325	是	1021105	5091	慢了
炸了	vale	1	1	了	va␣l␣	5	1.325	是	1021512	898	
用在	yszd	1	2	在	ys␣z␣	5	1.325	是	1022825	1176	欲速则不达
略有	ltyz	1	1	有	lt␣y␣	5	1.325	是	1023017	1323	
看呀	kjya	2	2	看	k␣ya␣	5	1.325	是	1023474	65	看押
看谁	kjuw	1	1	看	k␣uw␣	5	1.325	是	1023516	731	
秒了	mnle	1	1	了	mn␣l␣	5	1.325	是	1024266	62	
能吃	ngii	1	1	吃	ng␣i␣	5	1.325	是	1026359	1367	
长有	vhyz	1	2	有	vh␣y␣	5	1.325	是	1032049	588	长幼
随了	svle	2	2	了	sv␣l␣	5	1.325	是	1032415	68	碎了
就是	jqui	1	2	就是	j␣u␣	4	1.333	是	459	65992	九十
有的	yzde	1	2	有的	y␣d␣	4	1.333	是	589	19762	由得
小小	xnxn	1	3	小小	x␣x␣	4	1.333	是	1288	6465	笑笑、潇潇
不是	buui	1	3	不是	b␣u␣	4	1.333	是	2466	61200	不适、捕食
小吃	xnii	1	1	小吃	x␣i␣	4	1.333	是	4870	790	
拍拍	pdpd	1	2	拍拍	p␣p␣	4	1.333	是	6367	1671	屁颠屁颠
有才	yzcd	1	2	有才	y␣c␣	4	1.333	是	47146	768	油菜
啊哦	aaoo	1	1	啊哦	a␣o␣	4	1.333	是	57954	222	
不在	buzd	2	2	不在	b␣z␣	4	1.333	是	64080	9997	不再
发小	faxn	2	2	发小	f␣x␣	4	1.333	是	74304	540	发笑
我不	wobu	1	1	我不	w␣b␣	4	1.333	是	78913	59	
他才	tacd	1	2	他才	t␣c␣	4	1.333	是	108351	1768	她才
才人	cdrf	1	1	才人	c␣r␣	4	1.333	是	113204	62	
这番	vefj	1	2	这	v␣fjhp␣	7	1.333	是	170483	1420	折返
看人	kjrf	1	1	看人	k␣r␣	4	1.333	是	170775	1005	
我就	wojq	1	1	我就	w␣j␣	4	1.333	是	173590	0	
你是	niui	2	2	你是	n␣u␣	4	1.333	是	326415	59	逆势
有个	yzge	1	1	有个	y␣g␣	4	1.333	是	348884	9407	
这是	veui	1	2	这是	v␣u␣	4	1.333	是	647984	29133	这时
他没	tamw	1	1	他没	t␣m␣	4	1.333	是	788820	59	
是啊	uiaa	1	1	是啊	u␣a␣	4	1.333	是	937894	466	
他啊	taaa	1	1	他啊	t␣a␣	4	1.333	是	1002202	59	
他的	tade	1	3	他的	t␣d␣	4	1.333	是	1002214	49228	她的、它的
就在	jqzd	1	2	就在	j␣z␣	4	1.333	是	1011510	13776	救灾
才是	cdui	1	2	才是	c␣u␣	4	1.333	是	1014664	9937	踩屎
没吃	mwii	1	2	没吃	m␣i␣	4	1.333	是	1020249	1277	迷雾重重
看在	kjzd	2	2	看在	k␣z␣	4	1.333	是	1023480	131	刊载
看番	kjfj	1	2	看	k␣fjhp␣	7	1.333	是	1023504	0	砍翻
不管	bugr	1	2	不	b␣grh␣	6	1.34	是	208	11455	不关
是否	uifz	1	1	是	u␣fzp␣	6	1.34	是	336	15217	
除了	iule	1	2	了	iuy␣l␣	6	1.34	是	351	12711	出了
具有	juyz	1	2	有	juq␣y␣	6	1.34	是	728	10706	居右
在于	zdyu	1	1	在	z␣yuc␣	6	1.34	是	896	5805	
哪个	nage	2	2	个	nat␣g␣	6	1.34	是	1026	8518	那个
或是	houi	1	3	是	hov␣u␣	6	1.34	是	1063	3190	伙食、火势
小子	xnzi	1	2	小	x␣zip␣	6	1.34	是	1088	4228	孝子
在意	zdyi	1	1	在	z␣yid␣	6	1.34	是	1850	5166	
新人	xbrf	2	3	人	xbj␣r␣	6	1.34	是	2222	2747	信任、洗白弱三分
有意	yzyi	2	3	有	y␣yid␣	6	1.34	是	3042	4331	友谊、优异
在场	zdih	1	1	在	z␣ihq␣	6	1.34	是	3133	3300	
小丑	xniz	1	3	小	x␣izb␣	6	1.34	是	3355	870	消愁、笑抽
不利	buli	2	2	不	b␣lin␣	6	1.34	是	3392	2111	不理
犯人	fjrf	2	3	人	fjo␣r␣	6	1.34	是	3747	947	凡人、烦人
发抖	fadz	1	1	发	f␣dzo␣	6	1.34	是	3949	1890	
有机	yzji	1	3	有	y␣jiw␣	6	1.34	是	4169	3381	邮寄、游击
世人	uirf	3	3	人	uir␣r␣	6	1.34	是	4280	2287	使人、诗人
在线	zdxm	1	2	在	z␣xmi␣	6	1.34	是	4318	2396	再现
凡是	fjui	1	3	是	fjn␣u␣	6	1.34	是	4739	2512	凡事、反噬
熟人	uurf	1	2	人	uue␣r␣	6	1.34	是	4982	1372	熟稔
突发	tufa	1	2	发	tuj␣f␣	6	1.34	是	5032	1150	土法
掀起	xmqi	1	3	起	xmo␣q␣	6	1.34	是	5211	2102	嫌弃、限期
国有	goyz	1	1	有	goj␣y␣	6	1.34	是	5725	2415	
便是	bmui	1	4	是	bmk␣u␣	6	1.34	是	6905	20516	辨识、便士、鞭尸
理发	lifa	2	2	发	lir␣f␣	6	1.34	是	6925	767	立法
迷你	mini	1	1	你	miz␣n␣	6	1.34	是	7552	585	
兴起	xkqi	2	2	起	xky␣q␣	6	1.34	是	7605	1083	星期
起源	qiyr	1	2	起	q␣yra␣	6	1.34	是	8539	1023	祈愿
小巷	xnhh	1	1	小	x␣xlm␣	6	1.34	是	8810	1075	
小巷	xnxl	1	2	小	x␣xlm␣	6	1.34	是	8810	1075	肖像
凡人	fjrf	1	3	人	fjn␣r␣	6	1.34	是	8860	1566	犯人、烦人
难吃	njii	1	1	吃	njq␣i␣	6	1.34	是	8936	478	
人马	rfma	1	1	人	r␣mav␣	6	1.34	是	9155	2287	
唤起	hrqi	1	3	起	hrt␣q␣	6	1.34	是	9749	703	换气、换妻
在世	zdui	1	1	在	z␣uir␣	6	1.34	是	9863	2197	
偷看	tzkj	1	1	看	tzk␣k␣	6	1.34	是	10115	880	
有线	yzxm	4	4	有	y␣xmi␣	6	1.34	是	10255	400	有限、优先、悠闲
救人	jqrf	1	2	人	jqp␣r␣	6	1.34	是	10345	1221	就任
小宝	xnbc	2	2	小	x␣bcj␣	6	1.34	是	10420	823	小包
看护	kjhu	1	1	看	k␣huo␣	6	1.34	是	10807	491	
起舞	qiwu	1	2	起	q␣wuk␣	6	1.34	是	10928	918	前尘往事
竖起	uuqi	2	2	起	uul␣q␣	6	1.34	是	11090	1121	暑期
独有	duyz	1	1	有	duo␣y␣	6	1.34	是	11447	776	
看管	kjgr	1	2	看	k␣grh␣	6	1.34	是	11926	472	看官
这笔	vebi	2	2	这	v␣bih␣	6	1.34	是	12949	1120	遮蔽
小船	xnir	1	2	小	x␣ire␣	6	1.34	是	13167	1191	哮喘
闲人	xmrf	3	3	人	xmn␣r␣	6	1.34	是	13833	527	仙人、现任
私有	siyz	1	2	有	sin␣y␣	6	1.34	是	14066	1470	似有
不乏	bufa	2	2	不	b␣faf␣	6	1.34	是	14255	1020	步伐
小狗	xngz	1	1	小	x␣gzo␣	6	1.34	是	14266	1296	
互不	hubu	2	2	不	hup␣b␣	6	1.34	是	14500	768	互补
抒发	uufa	2	2	发	uuo␣f␣	6	1.34	是	14653	457	书法
恩人	enrf	1	1	人	enj␣r␣	6	1.34	是	14691	675	
喷发	pffa	1	1	发	pft␣f␣	6	1.34	是	15394	553	
仙人	xmrf	1	3	人	xmk␣r␣	6	1.34	是	15455	1050	现任、闲人
不符	bufu	1	3	不	b␣fuh␣	6	1.34	是	15764	1956	不服、不负
各人	gerf	2	2	人	geq␣r␣	6	1.34	是	16628	951	个人
个案	gean	1	2	个	g␣anj␣	6	1.34	是	16654	851	隔岸
小于	xnyu	2	3	小	x␣yuc␣	6	1.34	是	17043	877	小雨、血浓于水
人种	rfvs	1	1	人	r␣vsn␣	6	1.34	是	17134	516	
有损	yzsy	1	1	有	y␣syo␣	6	1.34	是	17750	696	
不胜	buug	1	1	不	b␣ugz␣	6	1.34	是	18037	1380	
奇才	qicd	2	3	才	qiy␣c␣	6	1.34	是	18082	532	器材、七彩
发廊	falh	1	3	发	f␣lhc␣	6	1.34	是	18106	251	法郎、珐琅
拍子	pdzi	2	2	拍	p␣zip␣	6	1.34	是	19624	397	牌子
我党	wodh	1	1	我	w␣dhj␣	6	1.34	是	20052	341	
公有	gsyz	2	2	有	gsl␣y␣	6	1.34	是	20297	812	共有
不俗	busu	1	1	不	b␣suk␣	6	1.34	是	20980	690	
神人	ufrf	1	2	人	ufd␣r␣	6	1.34	是	21221	585	瘆人
寡人	gxrf	1	2	人	gxj␣r␣	6	1.34	是	22127	636	瓜仁
恼人	ncrf	1	1	人	ncv␣r␣	6	1.34	是	22626	296	
人犯	rffj	1	2	人	r␣fjo␣	6	1.34	是	23216	722	人贩
有神	yzuf	1	3	有	y␣ufd␣	6	1.34	是	23639	1041	幽深、影子输入法
在编	zdbm	1	2	在	z␣bmi␣	6	1.34	是	26900	337	灾变
就义	jqyi	3	3	就	j␣yia␣	6	1.34	是	26940	253	就医、酒意
编发	bmfa	2	2	发	bmi␣f␣	6	1.34	是	31135	198	变法
人防	rffh	1	1	人	r␣fhy␣	6	1.34	是	31558	295	
发昏	fahy	1	1	发	f␣hyz␣	6	1.34	是	32050	311	
小编	xnbm	2	2	小	x␣bmi␣	6	1.34	是	32145	480	小便
不均	bujy	1	1	不	b␣jyq␣	6	1.34	是	34323	553	
在任	zdrf	1	2	在	z␣rfk␣	6	1.34	是	34762	1061	载人
岂不	qibu	1	2	不	qih␣b␣	6	1.34	是	35189	1770	起步
小数	xnuu	1	2	小	x␣uuz␣	6	1.34	是	36656	435	小树
拍掌	pdvh	2	2	拍	p␣vhj␣	6	1.34	是	36755	386	排长
发端	fadr	1	1	发	f␣drj␣	6	1.34	是	37072	253	
起脚	qijn	1	1	起	q␣jnz␣	6	1.34	是	38007	580	
郑和	vghe	2	2	和	vgl␣h␣	6	1.34	是	38720	396	整合
滥发	ljfa	1	2	发	lja␣f␣	6	1.34	是	42573	330	滥伐
达人	darf	3	3	人	day␣r␣	6	1.34	是	43296	895	大人、打人
已有	yiyz	1	2	有	yiv␣y␣	6	1.34	是	43310	2205	亦有
有数	yzuu	1	1	有	y␣uuz␣	6	1.34	是	45058	1232	
发蜡	fala	1	1	发	f␣lag␣	6	1.34	是	45312	228	
发簪	fazj	1	1	发	f␣zjh␣	6	1.34	是	54012	351	
吃瓜	iigx	1	1	吃	i␣gxh␣	6	1.34	是	58624	64	
人保	rfbc	1	1	人	r␣bck␣	6	1.34	是	62144	0	
人脉	rfmd	1	2	人	r␣mdz␣	6	1.34	是	63457	1303	任脉
发泡	fapc	1	2	发	f␣pca␣	6	1.34	是	65247	265	发炮
寻人	xyrf	1	1	人	xyp␣r␣	6	1.34	是	65322	337	
竞拍	jkpd	1	1	拍	jkj␣p␣	6	1.34	是	65842	411	
摆拍	bdpd	1	1	拍	bdo␣p␣	6	1.34	是	68066	367	
零和	lkhe	1	1	和	lkl␣h␣	6	1.34	是	69921	345	
小床	xnil	2	2	小	x␣ilc␣	6	1.34	是	69993	347	小窗
保人	bcrf	1	1	人	bck␣r␣	6	1.34	是	72960	797	
吃食	iiui	2	3	吃	i␣uiw␣	6	1.34	是	77282	540	吃屎、驰骋沙场
小鹏	xnpg	1	1	小	x␣pgz␣	6	1.34	是	77327	202	
湖人	hurf	2	3	人	hua␣r␣	6	1.34	是	87282	384	唬人、胡人
不饿	buee	1	1	不	b␣eew␣	6	1.34	是	89333	0	
哦豁	ooho	1	1	哦	o␣hoj␣	6	1.34	是	90592	59	
抬起	tdqi	1	2	起	tdo␣q␣	6	1.34	是	91634	4363	胎气
小寒	xnhj	1	2	小	x␣hjj␣	6	1.34	是	91946	333	霄汉
小楷	xnkd	1	1	小	x␣kdw␣	6	1.34	是	94736	255	
摘发	vdfa	1	1	发	vdo␣f␣	6	1.34	是	96818	0	
小官	xngr	1	1	小	x␣grj␣	6	1.34	是	99576	358	
不美	bumw	1	1	不	b␣mwr␣	6	1.34	是	101104	59	
翻拍	fjpd	2	3	拍	fjh␣p␣	6	1.34	是	102393	210	反派、饭拍
你唱	niih	2	2	你	n␣iht␣	6	1.34	是	105826	59	霓裳
起皮	qipi	2	2	起	q␣pig␣	6	1.34	是	111139	65	漆皮
良人	llrf	2	2	人	lla␣r␣	6	1.34	是	116168	581	两人
小屯	xnty	1	1	小	x␣typ␣	6	1.34	是	116734	59	
宣发	xrfa	1	1	发	xrj␣f␣	6	1.34	是	120108	367	
有界	yzjp	2	2	有	y␣jpp␣	6	1.34	是	123876	62	游街
吃屁	iipi	1	1	吃	i␣pib␣	6	1.34	是	132565	60	
不吭	bukg	1	1	不	b␣kgt␣	6	1.34	是	137594	512	
没网	mwwh	1	2	没	m␣whn␣	6	1.34	是	138767	500	美网
人精	rfjk	1	1	人	r␣jkz␣	6	1.34	是	144585	565	
这名	vemk	1	1	这	v␣mkr␣	6	1.34	是	153691	1440	
有否	yzfz	1	1	有	y␣fzp␣	6	1.34	是	160414	358	
不急	buji	2	3	不	b␣jig␣	6	1.34	是	164762	1311	不及、补给
这招	vevc	1	2	这	v␣vco␣	6	1.34	是	167865	543	遮罩
参拍	cjpd	1	1	拍	cjh␣p␣	6	1.34	是	169726	307	
发贴	fatp	3	3	发	f␣tpj␣	6	1.34	是	174881	48	发帖、法帖
小虫	xnis	1	1	小	x␣isg␣	6	1.34	是	178208	495	
看雪	kjxt	1	1	看	k␣xtl␣	6	1.34	是	211541	340	
闻人	wfrf	2	2	人	wfn␣r␣	6	1.34	是	266186	325	文人
没数	mwuu	2	2	没	m␣uuz␣	6	1.34	是	269551	63	美术
这道	vedc	1	3	这	v␣dcl␣	6	1.34	是	293998	1260	这倒、折刀
这倒	vedc	2	3	这	v␣dck␣	6	1.34	是	323404	958	这道、折刀
所需	soxu	1	1	所	s␣xul␣	6	1.34	是	346810	1897	
这串	veir	1	1	这	v␣irt␣	6	1.34	是	351456	65	
倘有	thyz	1	1	有	thk␣y␣	6	1.34	是	353857	270	
骇人	hdrf	2	2	人	hdv␣r␣	6	1.34	是	356870	772	害人
倒不	dcbu	1	1	不	dck␣b␣	6	1.34	是	385069	172	
逼人	birf	1	2	人	bip␣r␣	6	1.34	是	417647	808	鄙人
和数	heuu	1	2	和	h␣uuz␣	6	1.34	是	428467	555	合数
不薄	bubo	1	1	不	b␣bom␣	6	1.34	是	504636	66	
晨起	ifqi	1	1	起	ifb␣q␣	6	1.34	是	517849	73	
看招	kjvc	1	1	看	k␣vco␣	6	1.34	是	521142	60	
没啥	mwua	1	1	没	m␣uat␣	6	1.34	是	553032	865	
私我	siwo	1	1	我	sin␣w␣	6	1.34	是	593554	60	
而至	ervi	1	1	而	e␣vig␣	6	1.34	是	598209	1506	
唱起	ihqi	2	2	起	iht␣q␣	6	1.34	是	616912	677	长期
都没	dzmw	1	1	没	dun␣m␣	6	1.34	是	648901	6285	
他都	tadz	1	1	他	t␣dun␣	6	1.34	是	677906	197	
挺小	tkxn	1	1	小	tko␣x␣	6	1.34	是	743569	59	
不收	buuz	1	2	不	b␣uzb␣	6	1.34	是	784448	933	部首
所提	soti	1	1	所	s␣tio␣	6	1.34	是	798234	0	
吃腻	iini	1	1	吃	i␣niz␣	6	1.34	是	897174	250	
作了	zole	3	3	了	zok␣l␣	6	1.34	是	1002635	2346	做了、作乐
偷了	tzle	1	2	了	tzk␣l␣	6	1.34	是	1003244	445	投了
写在	xpzd	2	2	在	xpj␣z␣	6	1.34	是	1004227	1402	卸载
准有	vyyz	1	1	有	vya␣y␣	6	1.34	是	1004436	53	
包在	bczd	1	1	在	bcn␣z␣	6	1.34	是	1005739	468	
匿了	nile	2	2	了	nin␣l␣	6	1.34	是	1005789	61	腻了
吃啥	iiua	1	2	吃	i␣uat␣	6	1.34	是	1007345	66	痴傻
吼了	hzle	1	2	了	hzt␣l␣	6	1.34	是	1007817	59	厚了
在否	zdfz	1	2	在	z␣fzp␣	6	1.34	是	1008958	61	坐地分赃
宅在	vdzd	1	1	在	vdj␣z␣	6	1.34	是	1010795	65	
寄了	jile	3	3	了	jij␣l␣	6	1.34	是	1011049	105	急了、极了
录了	lule	2	2	了	lup␣l␣	6	1.34	是	1012879	77	露了
慢吃	mjii	1	1	吃	mjv␣i␣	6	1.34	是	1014253	59	
慢的	mjde	1	1	的	mjv␣d␣	6	1.34	是	1014271	59	
懂了	dsle	1	1	了	dsv␣l␣	6	1.34	是	1014305	1588	
所托	soto	1	1	所	s␣too␣	6	1.34	是	1014536	59	
所犯	sofj	1	1	所	s␣fjo␣	6	1.34	是	1014552	558	
所赐	soci	1	1	所	s␣cij␣	6	1.34	是	1014588	540	
打我	dawo	1	1	我	dao␣w␣	6	1.34	是	1014740	59	
抱起	bcqi	1	3	起	bco␣q␣	6	1.34	是	1015340	1211	暴起、爆气
损人	syrf	1	2	人	syo␣r␣	6	1.34	是	1016163	418	缩阳入腹
搞了	gcle	2	2	了	gco␣l␣	6	1.34	是	1016660	431	高了
撞了	vlle	2	2	了	vlo␣l␣	6	1.34	是	1016902	367	装了
散了	sjle	1	1	了	sjm␣l␣	6	1.34	是	1017267	2125	
整了	vgle	1	1	了	vgy␣l␣	6	1.34	是	1017385	59	
是啥	uiua	1	2	是	u␣uat␣	6	1.34	是	1017999	546	嗜杀
是嘛	uima	2	2	是	u␣mat␣	6	1.34	是	1018002	59	是吗
有啥	yzua	1	2	有	y␣uat␣	6	1.34	是	1018616	663	诱杀
睡了	uvle	1	1	了	uvb␣l␣	6	1.34	是	1023676	2736	
记在	jizd	2	2	在	jif␣z␣	6	1.34	是	1028371	1428	记载
败在	bdzd	2	2	在	bdj␣z␣	6	1.34	是	1028944	83	摆在
贴在	tpzd	1	1	在	tpj␣z␣	6	1.34	是	1029003	1753	
赚了	vrle	1	1	了	vrj␣l␣	6	1.34	是	1029141	907	
足有	zuyz	1	1	有	zus␣y␣	6	1.34	是	1029540	1153	
躲在	dozd	1	2	在	dop␣z␣	6	1.34	是	1029958	2846	多灾
陪我	pwwo	1	1	我	pwy␣w␣	6	1.34	是	1032372	2696	
需在	xuzd	1	2	在	xul␣z␣	6	1.34	是	1032695	433	须在
一个	yige	1	2	个	yi␣g␣	5	1.35	是	69	105148	一哥
可是	keui	1	2	是	ke␣u␣	5	1.35	是	75	29640	科室
小心	xnxb	1	2	小	x␣xb␣	5	1.35	是	396	7236	孝心
出发	iufa	1	3	发	iu␣f␣	5	1.35	是	523	3865	处罚、触发
发出	faiu	1	2	发	f␣iu␣	5	1.35	是	1217	10702	发怵
这时	veui	2	2	这	v␣ui␣	5	1.35	是	1249	9925	这是
早起	zcqi	2	2	起	zc␣q␣	5	1.35	是	1487	1438	早期
不够	bugz	1	2	不	b␣gz␣	5	1.35	是	1747	6791	不苟
没用	mwys	1	1	没	m␣ys␣	5	1.35	是	1840	2557	
人群	rfqy	1	1	人	r␣qy␣	5	1.35	是	1956	4616	
大小	daxn	1	3	小	da␣x␣	5	1.35	是	2298	5417	大笑、打消
某人	mzrf	1	1	人	mz␣r␣	5	1.35	是	2709	1556	
发射	faue	1	1	发	f␣ue␣	5	1.35	是	2876	1532	
有用	yzys	1	2	有	y␣ys␣	5	1.35	是	2915	2595	游泳
不满	bumj	1	3	不	b␣mj␣	5	1.35	是	3215	4582	布满、不胜枚举
成人	igrf	2	2	人	ig␣r␣	5	1.35	是	3436	2321	承认
早就	zcjq	1	2	就	zc␣j␣	5	1.35	是	3632	7057	造就
不对	budv	1	2	不	b␣dv␣	5	1.35	是	3702	5942	部队
不明	bumk	1	1	不	b␣mk␣	5	1.35	是	4464	4147	
走人	zzrf	1	1	人	zz␣r␣	5	1.35	是	6668	808	
每人	mwrf	3	4	人	mw␣r␣	5	1.35	是	7210	1425	没人、美人、媒人
有心	yzxb	1	2	有	y␣xb␣	5	1.35	是	7765	2640	忧心
出没	iumo	2	3	没	iu␣m␣	5	1.35	是	8361	813	触摸、除魔
抓起	vxqi	1	1	起	vx␣q␣	5	1.35	是	8373	1485	
不说	buuo	1	1	不	b␣uo␣	5	1.35	是	10669	6688	
法人	farf	1	2	人	fa␣r␣	5	1.35	是	11832	3420	发轫
能人	ngrf	1	1	人	ng␣r␣	5	1.35	是	12764	475	
拍手	pduz	1	1	拍	p␣uz␣	5	1.35	是	12993	941	
人声	rfug	2	2	人	r␣ug␣	5	1.35	是	14698	813	人生
随和	svhe	1	1	和	sv␣h␣	5	1.35	是	15305	628	
在心	zdxb	1	1	在	z␣xb␣	5	1.35	是	17647	317	
起落	qilo	1	1	起	q␣lo␣	5	1.35	是	21581	752	
啊呀	aaya	1	1	啊	a␣ya␣	5	1.35	是	22486	450	
不周	buvz	2	2	不	b␣vz␣	5	1.35	是	26169	487	步骤
他用	tays	1	1	他	t␣ys␣	5	1.35	是	26492	1510	
坑人	kgrf	1	1	人	kg␣r␣	5	1.35	是	29858	270	
发配	fapw	1	1	发	f␣pw␣	5	1.35	是	30653	352	
面人	mmrf	1	1	人	mm␣r␣	5	1.35	是	31187	0	
又是	yzui	3	3	是	yz␣u␣	5	1.35	是	35516	10023	优势、有时
发令	falk	2	2	发	f␣lk␣	5	1.35	是	36495	262	法令
这周	vevz	2	2	这	v␣vz␣	5	1.35	是	38499	573	褶皱
配发	pwfa	1	1	发	pw␣f␣	5	1.35	是	40089	257	
中看	vskj	1	1	看	vs␣k␣	5	1.35	是	41505	1052	
你哥	nige	1	2	你	n␣ge␣	5	1.35	是	45357	83	尼哥
这叫	vejn	1	1	这	v␣jn␣	5	1.35	是	51187	1183	
不哭	buku	1	1	不	b␣ku␣	5	1.35	是	56756	940	
不动	buds	2	2	不	b␣ds␣	5	1.35	是	58226	5445	不懂
人么	rfme	1	1	人	r␣me␣	5	1.35	是	59208	59	
小产	xnij	1	2	小	x␣ij␣	5	1.35	是	62989	266	学年成绩
你说	niuo	1	1	你	n␣uo␣	5	1.35	是	65481	8003	
小二	xner	2	2	小	x␣er␣	5	1.35	是	67721	990	小儿
在手	zduz	1	2	在	z␣uz␣	5	1.35	是	73040	206	在售
帮我	bhwo	1	1	我	bh␣w␣	5	1.35	是	75921	4217	
人面	rfmm	2	2	人	r␣mm␣	5	1.35	是	78499	2169	任免
起早	qizc	1	1	起	q␣zc␣	5	1.35	是	97899	457	
小宁	xnnk	1	1	小	x␣nk␣	5	1.35	是	98718	59	
最小	zvxn	1	2	小	zv␣x␣	5	1.35	是	109361	1165	醉笑
就说	jquo	1	1	就	j␣uo␣	5	1.35	是	110738	2616	
才叫	cdjn	1	2	才	c␣jn␣	5	1.35	是	110903	1035	菜窖
也是	yeui	1	4	是	ye␣u␣	5	1.35	是	135290	46706	夜市、野史、吔屎
这月	veyt	1	1	这	v␣yt␣	5	1.35	是	149916	65	
那我	nawo	1	1	我	na␣w␣	5	1.35	是	150499	3370	
口人	kzrf	1	1	人	kz␣r␣	5	1.35	是	151851	70	
这对	vedv	1	2	这	v␣dv␣	5	1.35	是	183008	1712	这堆
我去	woqu	1	1	我	w␣qu␣	5	1.35	是	188769	3847	
看路	kjlu	1	1	看	k␣lu␣	5	1.35	是	203602	67	
对不	dvbu	1	1	不	dv␣b␣	5	1.35	是	238456	6268	
弄人	nsrf	1	1	人	ns␣r␣	5	1.35	是	239551	71	
那有	nayz	2	2	有	na␣y␣	5	1.35	是	276884	696	哪有
没心	mwxb	2	2	没	m␣xb␣	5	1.35	是	280718	532	眉心
谁人	uwrf	1	1	人	uw␣r␣	5	1.35	是	282374	1056	
跟你	gfni	1	1	你	gf␣n␣	5	1.35	是	309118	3078	
我将	wojl	1	1	我	w␣jl␣	5	1.35	是	319509	302	
大吃	daii	1	1	吃	da␣i␣	5	1.35	是	360567	865	
吃手	iiuz	2	2	吃	i␣uz␣	5	1.35	是	367077	367	赤手
两人	llrf	1	2	人	ll␣r␣	5	1.35	是	389316	13048	良人
不叫	bujn	1	3	不	b␣jn␣	5	1.35	是	420102	1225	补交、补觉
顺和	uyhe	1	2	和	uy␣h␣	5	1.35	是	433980	212	睡一会儿
你哭	niku	1	1	你	n␣ku␣	5	1.35	是	438574	59	
无所	wuso	1	2	所	wu␣s␣	5	1.35	是	467054	4278	无锁
而要	eryc	1	1	而	e␣yc␣	5	1.35	是	497585	692	
若有	royz	1	1	有	ro␣y␣	5	1.35	是	643109	2325	
那所	naso	1	2	所	na␣s␣	5	1.35	是	648630	757	哪所
不跟	bugf	1	3	不	b␣gf␣	5	1.35	是	783700	130	不是个办法、不少工夫
不送	buss	1	1	不	b␣ss␣	5	1.35	是	783710	0	
所带	sodd	1	1	所	s␣dd␣	5	1.35	是	821122	59	
而死	ersi	1	1	而	e␣si␣	5	1.35	是	852014	1472	
哭了	kule	1	2	了	ku␣l␣	5	1.35	是	903444	3746	苦了
和泥	honi	1	2	和	h␣ni␣	5	1.35	是	920053	332	活腻
没出	mwiu	1	2	没	m␣iu␣	5	1.35	是	947929	155	没处
谁是	uwui	1	1	是	uw␣u␣	5	1.35	是	980600	1886	
上了	uhle	1	3	了	uh␣l␣	5	1.35	是	1000204	0	伤了、赏了
不给	bugw	1	3	不	b␣gw␣	5	1.35	是	1000371	1972	补给、倍受鼓舞
人去	rfqu	2	2	人	r␣qu␣	5	1.35	是	1002014	59	任取
人车	rfie	1	1	人	r␣ie␣	5	1.35	是	1002052	59	
你也	niye	1	1	你	n␣ye␣	5	1.35	是	1002656	5946	
内有	nwyz	1	2	有	nw␣y␣	5	1.35	是	1003982	301	内忧
发走	fazz	1	1	发	f␣zz␣	5	1.35	是	1006872	70	
发软	farr	1	1	发	f␣rr␣	5	1.35	是	1006873	652	
可在	kezd	2	2	在	ke␣z␣	5	1.35	是	1007211	1207	刻在
吃出	iiiu	3	3	吃	i␣iu␣	5	1.35	是	1007338	347	踟蹰、彳亍
坏的	hkde	1	1	的	hk␣d␣	5	1.35	是	1009073	497	
够了	gzle	1	2	了	gz␣l␣	5	1.35	是	1009717	2616	勾勒
射在	uezd	1	1	在	ue␣z␣	5	1.35	是	1011236	77	
带人	ddrf	2	3	人	dd␣r␣	5	1.35	是	1012001	119	待人、歹人
应了	ykle	3	3	了	yk␣l␣	5	1.35	是	1012356	59	赢了、硬了
很有	hfyz	1	1	有	hf␣y␣	5	1.35	是	1013065	5023	
所做	sozo	1	1	所	s␣zo␣	5	1.35	是	1014504	1352	
报了	bcle	1	2	了	bc␣l␣	5	1.35	是	1015280	0	饱了
拍走	pdzz	1	1	拍	p␣zz␣	5	1.35	是	1015555	59	
无我	wuwo	1	1	我	wu␣w␣	5	1.35	是	1017661	617	
是呀	uiya	1	2	是	u␣ya␣	5	1.35	是	1017995	741	施压
更小	ggxn	1	1	小	gg␣x␣	5	1.35	是	1018291	461	
有产	yzij	1	1	有	y␣ij␣	5	1.35	是	1018597	73	
有谁	yzuw	1	1	有	y␣uw␣	5	1.35	是	1018637	2838	
横看	hgkj	1	1	看	hg␣k␣	5	1.35	是	1019596	59	
洒了	sale	1	1	了	sa␣l␣	5	1.35	是	1020531	59	
白看	bdkj	1	2	看	bd␣k␣	5	1.35	是	1023177	59	八度空间
看够	kjgz	1	2	看	k␣gz␣	5	1.35	是	1023483	65	科技工作
看对	kjdv	1	1	看	k␣dv␣	5	1.35	是	1023485	490	
空有	ksyz	1	2	有	ks␣y␣	5	1.35	是	1024509	75	控油
等了	dgle	1	1	了	dg␣l␣	5	1.35	是	1024786	0	
给了	gwle	1	1	了	gw␣l␣	5	1.35	是	1025425	4911	
给你	gwni	1	1	你	gw␣n␣	5	1.35	是	1025429	9078	
给看	gwkj	1	2	看	gw␣k␣	5	1.35	是	1025489	59	购物狂欢节
聊了	lnle	1	1	了	ln␣l␣	5	1.35	是	1026063	677	
说啊	uoaa	1	1	啊	uo␣a␣	5	1.35	是	1028583	77	
走在	zzzd	1	1	在	zz␣z␣	5	1.35	是	1029251	4465	
跟了	gfle	1	1	了	gf␣l␣	5	1.35	是	1029640	1322	
问了	wfle	1	2	了	wf␣l␣	5	1.35	是	1032115	2688	稳了
夫人	furf	1	3	人	fuy␣r␣	6	1.36	是	489	6810	妇人、富人
目的	mudi	1	2	的	mub␣d␣	6	1.36	是	907	8763	墓地
爆发	bcfa	1	2	发	bcp␣f␣	6	1.36	是	1728	5091	暴发
人数	rfuu	1	3	人	r␣uuz␣	6	1.36	是	2250	2946	认输、忍术
有利	yzli	1	3	有	y␣lin␣	6	1.36	是	2728	2756	有力、有理
发财	facd	1	1	发	f␣cdj␣	6	1.36	是	3226	1012	
没收	mouz	1	2	没	m␣uzb␣	6	1.36	是	4285	1582	魔兽
温和	wfhe	1	2	和	wfa␣h␣	6	1.36	是	4292	2871	吻合
有名	yzmk	1	2	有	y␣mkr␣	6	1.36	是	4296	2013	幽冥
发电	fadm	1	2	发	f␣dmp␣	6	1.36	是	6462	535	法典
富人	furf	3	3	人	fuj␣r␣	6	1.36	是	7214	1200	夫人、妇人
共有	gsyz	1	2	有	gsm␣y␣	6	1.36	是	7247	1987	公有
渺小	mnxn	1	2	小	mna␣x␣	6	1.36	是	7712	1616	藐小
小雪	xnxt	2	3	小	x␣xtl␣	6	1.36	是	8638	678	小学、小穴
不妙	bumn	1	1	不	b␣mns␣	6	1.36	是	9215	1162	
发胖	faph	1	1	发	f␣phz␣	6	1.36	是	10236	405	
看台	kjtd	1	1	看	k␣tdh␣	6	1.36	是	10891	648	
不料	buln	1	2	不	b␣lnz␣	6	1.36	是	10981	1316	布料
迸发	bgfa	1	1	发	bgl␣f␣	6	1.36	是	11409	701	
小熊	xnxs	1	2	小	x␣xsh␣	6	1.36	是	11927	487	枭雄
设有	ueyz	2	2	有	uef␣y␣	6	1.36	是	12123	761	舍友
固有	guyz	1	2	有	guj␣y␣	6	1.36	是	13952	730	故友
怀有	hkyz	1	1	有	hkv␣y␣	6	1.36	是	14088	727	
不慎	buuf	1	2	不	b␣ufv␣	6	1.36	是	14243	892	补肾
美发	mwfa	2	2	发	mwr␣f␣	6	1.36	是	14566	347	没法
瘦小	uzxn	1	2	小	uzc␣x␣	6	1.36	是	16026	750	收效
族人	zurf	1	2	人	zul␣r␣	6	1.36	是	16733	1867	组人
球拍	qqpd	1	1	拍	qqr␣p␣	6	1.36	是	18847	339	
个把	geba	1	1	个	g␣bao␣	6	1.36	是	19221	593	
个数	geuu	1	1	个	g␣uuz␣	6	1.36	是	19407	1090	
发麻	fama	2	2	发	f␣mac␣	6	1.36	是	20447	997	砝码
人机	rfji	1	2	人	r␣jiw␣	6	1.36	是	22790	523	人际
发梢	fauc	2	2	发	f␣ucw␣	6	1.36	是	24232	468	发烧
奇人	qirf	2	2	人	qiy␣r␣	6	1.36	是	24428	375	气人
就范	jqfj	1	1	就	j␣fjm␣	6	1.36	是	25069	330	
美的	mwdi	1	3	的	mwr␣d␣	6	1.36	是	28019	5777	没底、美帝
和美	hemw	1	2	和	h␣mwr␣	6	1.36	是	30096	1020	褐煤
你猜	nicd	1	2	你	n␣cdo␣	6	1.36	是	30106	760	你才
你懂	nids	1	1	你	n␣dsv␣	6	1.36	是	36991	132	
庸才	yscd	1	1	才	ysc␣c␣	6	1.36	是	39092	276	
我都	wodz	1	1	我	w␣dun␣	6	1.36	是	41608	5032	
育才	yucd	1	1	才	yue␣c␣	6	1.36	是	44155	251	
哄人	hsrf	2	2	人	hst␣r␣	6	1.36	是	48657	257	红人
人丑	rfiz	1	2	人	r␣izb␣	6	1.36	是	50585	63	认筹
发颤	faij	1	1	发	f␣ije␣	6	1.36	是	52674	520	
看脸	kjlm	1	1	看	k␣lmz␣	6	1.36	是	53566	67	
不肖	buxn	2	3	不	b␣xny␣	6	1.36	是	54041	441	不孝、背上行囊
俗人	surf	1	2	人	suk␣r␣	6	1.36	是	61706	531	素人
鸣人	mkrf	2	2	人	mkt␣r␣	6	1.36	是	77582	265	名人
拟就	nijq	2	2	就	nio␣j␣	6	1.36	是	82080	303	你就
领有	lkyz	2	2	有	lkq␣y␣	6	1.36	是	88195	0	另有
各所	geso	1	1	所	geq␣s␣	6	1.36	是	96743	59	
不懂	buds	1	2	不	b␣dsv␣	6	1.36	是	99469	6843	不动
楚人	iurf	2	2	人	iuw␣r␣	6	1.36	是	100430	59	出任
小聚	xnju	1	1	小	x␣jux␣	6	1.36	是	100875	276	
你妈	nima	1	3	你	n␣mas␣	6	1.36	是	108495	2032	尼玛、你吗
懒人	ljrf	1	1	人	ljv␣r␣	6	1.36	是	111536	340	
美拍	mwpd	1	2	拍	mwr␣p␣	6	1.36	是	125144	60	每排
喷人	pfrf	1	1	人	pft␣r␣	6	1.36	是	129361	62	
替人	tirf	2	2	人	tiy␣r␣	6	1.36	是	153425	59	踢人
招人	vcrf	2	2	人	vco␣r␣	6	1.36	是	161693	603	找人
吃胖	iiph	1	1	吃	i␣phz␣	6	1.36	是	171536	61	
这台	vetd	1	1	这	v␣tdh␣	6	1.36	是	172334	483	
实拍	uipd	1	2	拍	uij␣p␣	6	1.36	是	174658	340	石牌
名吃	mkii	1	1	吃	mkr␣i␣	6	1.36	是	176190	59	
养发	yhfa	1	1	发	yhr␣f␣	6	1.36	是	196985	61	
这盘	vepj	1	1	这	v␣pje␣	6	1.36	是	201453	64	
拍肩	pdjm	2	2	拍	p␣jmb␣	6	1.36	是	210923	61	派件
人妻	rfqi	4	4	人	r␣qip␣	6	1.36	是	273903	292	人气、任期、任其
看球	kjqq	1	1	看	k␣qqr␣	6	1.36	是	275766	283	
恨不	hfbu	1	1	不	hfv␣b␣	6	1.36	是	283484	188	
小潮	xnic	2	2	小	x␣ica␣	6	1.36	是	284424	307	小炒
吃鱼	iiyu	1	2	吃	i␣yud␣	6	1.36	是	297299	540	池鱼
不改	bugd	2	3	不	b␣gdv␣	6	1.36	是	310107	1342	不该、不是个省油的灯
没电	mwdm	1	2	没	m␣dmp␣	6	1.36	是	339737	378	煤电
抢拍	qlpd	1	1	拍	qlo␣p␣	6	1.36	是	340079	302	
趁人	ifrf	1	1	人	ifs␣r␣	6	1.36	是	386956	59	
遭人	zcrf	1	2	人	zcp␣r␣	6	1.36	是	387328	86	造人
小财	xncd	2	2	小	x␣cdj␣	6	1.36	是	418785	205	小菜
有道	yzdc	2	2	有	y␣dcl␣	6	1.36	是	447571	1552	诱导
所思	sosi	2	2	所	s␣sip␣	6	1.36	是	464061	129	锁死
看盘	kjpj	1	1	看	k␣pje␣	6	1.36	是	469924	306	
吃串	iiir	2	2	吃	i␣irt␣	6	1.36	是	509396	59	吃穿
各有	geyz	1	2	有	geq␣y␣	6	1.36	是	509704	1573	葛优
匀和	yyhe	2	2	和	yyn␣h␣	6	1.36	是	538861	303	运河
小穴	xnxt	3	3	小	x␣xtj␣	6	1.36	是	621480	367	小学、小雪
盘起	pjqi	1	1	起	pje␣q␣	6	1.36	是	637606	65	
看懂	kjds	1	1	看	k␣dsv␣	6	1.36	是	638234	726	
以我	yiwo	2	2	我	yir␣w␣	6	1.36	是	715955	59	一窝
人设	rfue	1	1	人	r␣uef␣	6	1.36	是	786808	625	
所闻	sowf	1	3	所	s␣wfn␣	6	1.36	是	821138	446	索吻、琐闻
亲了	qble	1	1	了	qbj␣l␣	6	1.36	是	1001981	302	
人畜	rfiu	2	2	人	r␣iue␣	6	1.36	是	1002033	330	认出
伤了	uhle	2	3	了	uhk␣l␣	6	1.36	是	1002445	2428	上了、赏了
似有	siyz	2	2	有	sik␣y␣	6	1.36	是	1002482	973	私有
住了	vule	1	2	了	vuk␣l␣	6	1.36	是	1002544	8766	煮了
便有	bmyz	1	1	有	bmk␣y␣	6	1.36	是	1002862	1590	
俺有	anyz	2	2	有	ank␣y␣	6	1.36	是	1002996	59	案由
几起	jiqi	1	4	起	jin␣q␣	6	1.36	是	1004704	64	机器、极其、及其
含在	hjzd	2	2	在	hjq␣z␣	6	1.36	是	1007680	72	旱灾
封了	fgle	2	2	了	fgq␣l␣	6	1.36	是	1011199	596	疯了
恕我	uuwo	1	1	我	uus␣w␣	6	1.36	是	1013932	70	
悬了	xrle	1	1	了	xrq␣l␣	6	1.36	是	1014031	213	
愣了	lgle	1	2	了	lgv␣l␣	6	1.36	是	1014206	2505	冷了
或有	hoyz	1	2	有	hov␣y␣	6	1.36	是	1014418	633	火油
掺了	cjle	2	2	了	ijo␣l␣	6	1.36	是	1016454	0	惨了
掺了	ijle	1	1	了	ijo␣l␣	6	1.36	是	1016454	0	
搞起	gcqi	1	1	起	gco␣q␣	6	1.36	是	1016705	258	
摆在	bdzd	1	2	在	bdo␣z␣	6	1.36	是	1016756	2055	败在
撒在	sazd	1	1	在	sao␣z␣	6	1.36	是	1016880	83	
改了	gdle	1	2	了	gdv␣l␣	6	1.36	是	1017100	546	盖了
歪了	wdle	1	1	了	wdp␣l␣	6	1.36	是	1019816	416	
泡在	pczd	1	1	在	pca␣z␣	6	1.36	是	1020428	0	
烂了	ljle	1	2	了	ljp␣l␣	6	1.36	是	1021607	746	懒了
煮了	vule	2	2	了	vun␣l␣	6	1.36	是	1021808	59	住了
甩了	ukle	1	2	了	ukz␣l␣	6	1.36	是	1022860	1168	摔了
皆在	jpzd	1	1	在	jpt␣z␣	6	1.36	是	1023257	69	
硬了	ykle	2	3	了	ykx␣l␣	6	1.36	是	1023966	430	赢了、应了
糟了	zcle	1	2	了	zcz␣l␣	6	1.36	是	1025076	555	早了
终有	vsyz	2	2	有	vsi␣y␣	6	1.36	是	1025355	1127	中游
绷起	bgqi	1	2	起	bgi␣q␣	6	1.36	是	1025571	0	不够清楚
罚了	fale	2	2	了	faq␣l␣	6	1.36	是	1025757	66	发了
胜在	ugzd	1	1	在	ugz␣z␣	6	1.36	是	1026279	68	
蔫了	nmle	1	2	了	nmm␣l␣	6	1.36	是	1027415	453	念了
认了	rfle	1	2	了	rff␣l␣	6	1.36	是	1028300	1228	忍了
赢了	ykle	1	3	了	yke␣l␣	6	1.36	是	1029200	1807	硬了、应了
都在	dzzd	1	1	在	dun␣z␣	6	1.36	是	1031293	10781	
都是	dzui	1	2	是	dun␣u␣	6	1.36	是	1031340	48580	斗士
难在	njzd	1	1	在	njq␣z␣	6	1.36	是	1032479	59	
骗吃	pmii	1	1	吃	pmv␣i␣	6	1.36	是	1033382	60	
有人	yzrf	1	3	有人	y␣r␣	4	1.367	是	914	30247	诱人、友人
人才	rfcd	1	2	人才	r␣c␣	4	1.367	是	1079	5351	人材
他人	tarf	1	1	他人	t␣r␣	4	1.367	是	1494	7786	
小人	xnrf	1	1	小人	x␣r␣	4	1.367	是	8281	1776	
人称	rfig	1	1	人	r␣igny␣	7	1.367	是	24697	1087	
我才	wocd	1	1	我才	w␣c␣	4	1.367	是	30331	3186	
吃人	iirf	1	2	吃人	i␣r␣	4	1.367	是	231216	851	痴人
你我	niwo	1	1	你我	n␣w␣	4	1.367	是	296403	3508	
你有	niyz	1	1	你有	n␣y␣	4	1.367	是	354926	0	
我的	wode	1	1	我的	w␣d␣	4	1.367	是	357218	54753	
没人	mwrf	1	4	没人	m␣r␣	4	1.367	是	632863	6397	美人、每人、媒人
这所	veso	1	1	这所	v␣s␣	4	1.367	是	705856	756	
你所	niso	1	1	你所	n␣s␣	4	1.367	是	886026	2227	
我啊	woaa	1	1	我啊	w␣a␣	4	1.367	是	1014377	59	
而不	erbu	1	1	而不	e␣b␣	4	1.367	是	1025943	2827	
小时	xnui	2	3	小	x␣ui␣	5	1.375	是	124	8721	消失、消逝
有时	yzui	2	3	有	y␣ui␣	5	1.375	是	567	11475	优势、又是
大人	darf	1	3	人	da␣r␣	5	1.375	是	779	6295	打人、达人
小说	xnuo	1	1	小	x␣uo␣	5	1.375	是	806	5057	
主人	vurf	1	2	人	vu␣r␣	5	1.375	是	988	6692	主任
发动	fads	1	1	发	f␣ds␣	5	1.375	是	2226	2666	
发明	famk	1	2	发	f␣mk␣	5	1.375	是	2323	1937	法名
人心	rfxb	2	2	人	r␣xb␣	5	1.375	是	2385	6363	忍心
发送	fass	1	1	发	f␣ss␣	5	1.375	是	2450	1796	
发给	fagw	1	2	发	f␣gw␣	5	1.375	是	2969	1563	妨碍公务
坏人	hkrf	1	1	人	hk␣r␣	5	1.375	是	3385	1581	
带有	ddyz	1	2	有	dd␣y␣	5	1.375	是	3678	1926	道德原则
丢人	dqrf	1	1	人	dq␣r␣	5	1.375	是	3981	1277	
人大	rfda	1	1	人	r␣da␣	5	1.375	是	4325	2350	
眼看	yjkj	1	1	看	yj␣k␣	5	1.375	是	4962	3465	
持有	iiyz	1	2	有	ii␣y␣	5	1.375	是	5450	1708	蚩尤
是非	uifw	1	3	是	u␣fw␣	5	1.375	是	5606	4277	施肥、试飞
说是	uoui	2	2	是	uo␣u␣	5	1.375	是	6427	7458	硕士
人手	rfuz	2	2	人	r␣uz␣	5	1.375	是	7151	1826	忍受
为人	wwrf	1	3	人	ww␣r␣	5	1.375	是	7554	4547	伟人、委任
小路	xnlu	1	3	小	x␣lu␣	5	1.375	是	8110	1652	小鹿、销路
抓拍	vxpd	1	1	拍	vx␣p␣	5	1.375	是	12401	251	
不等	budg	1	1	不	b␣dg␣	5	1.375	是	12711	1593	
看报	kjbc	1	1	看	k␣bc␣	5	1.375	是	15808	418	
中和	vshe	1	1	和	vs␣h␣	5	1.375	是	18585	573	
有功	yzgs	1	2	有	y␣gs␣	5	1.375	是	21325	868	诱供
问起	wfqi	1	1	起	wf␣q␣	5	1.375	是	23067	1110	
小哥	xnge	1	2	小	x␣ge␣	5	1.375	是	28146	1600	校歌
更是	ggui	1	2	是	gg␣u␣	5	1.375	是	32003	8550	更使
小明	xnmk	1	3	小	x␣mk␣	5	1.375	是	34326	941	小命、效命
全才	qrcd	1	1	才	qr␣c␣	5	1.375	是	37588	266	
没说	mwuo	1	2	没	m␣uo␣	5	1.375	是	46112	233	媒妁
不早	buzc	1	1	不	b␣zc␣	5	1.375	是	46929	110	
算了	srle	1	2	了	sr␣l␣	5	1.375	是	49200	3918	酸了
这年	venm	1	1	这	v␣nm␣	5	1.375	是	53321	84	
小周	xnvz	1	2	小	x␣vz␣	5	1.375	是	55700	369	小舟
不热	bure	1	1	不	b␣re␣	5	1.375	是	57322	0	
每所	mwso	1	1	所	mw␣s␣	5	1.375	是	61383	60	
发哥	fage	1	1	发	f␣ge␣	5	1.375	是	68786	49	
我出	woiu	1	1	我	w␣iu␣	5	1.375	是	69020	59	
不困	buky	1	1	不	b␣ky␣	5	1.375	是	71050	59	
发功	fags	1	1	发	f␣gs␣	5	1.375	是	79265	202	
小满	xnmj	1	1	小	x␣mj␣	5	1.375	是	80712	258	
小月	xnyt	1	2	小	x␣yt␣	5	1.375	是	85248	671	晓月
所用	soys	1	1	所	s␣ys␣	5	1.375	是	89568	756	
她才	tacd	2	2	才	ta␣c␣	5	1.375	是	135722	59	他才
送人	ssrf	1	3	人	ss␣r␣	5	1.375	是	140475	656	松仁、宋人
双发	ulfa	1	1	发	ul␣f␣	5	1.375	是	168276	59	
这山	veuj	2	2	这	v␣uj␣	5	1.375	是	196264	80	折扇
谁有	uwyz	1	1	有	uw␣y␣	5	1.375	是	214916	645	
白起	bdqi	2	2	起	bd␣q␣	5	1.375	是	217560	80	白旗
一人	yirf	4	4	人	yi␣r␣	5	1.375	是	224187	7792	艺人、宜人、伊人
而下	erxx	1	1	而	e␣xx␣	5	1.375	是	226541	1961	
高看	gckj	1	1	看	gc␣k␣	5	1.375	是	234910	460	
不顺	buuy	1	2	不	b␣uy␣	5	1.375	是	236129	1457	闭上双眼
看山	kjuj	1	1	看	k␣uj␣	5	1.375	是	246323	71	
秒拍	mnpd	1	1	拍	mn␣p␣	5	1.375	是	250999	59	
有主	yzvu	2	2	有	y␣vu␣	5	1.375	是	269230	89	有助
小窗	xnil	1	2	小	x␣il␣	5	1.375	是	273370	557	小床
男的	njde	2	2	的	nj␣d␣	5	1.375	是	302022	2196	难得
这双	veul	1	1	这	v␣ul␣	5	1.375	是	309221	812	
没动	mwds	2	2	没	m␣ds␣	5	1.375	是	349532	0	没懂
而去	erqu	1	2	而	e␣qu␣	5	1.375	是	350112	4135	二区
不全	buqr	1	2	不	b␣qr␣	5	1.375	是	375977	1041	补全
可我	kewo	1	1	我	ke␣w␣	5	1.375	是	394715	302	
就连	jqlm	1	1	就	j␣lm␣	5	1.375	是	443381	4717	
他叫	tajn	1	2	他	t␣jn␣	5	1.375	是	480252	59	她叫
我走	wozz	1	1	我	w␣zz␣	5	1.375	是	489011	59	
他对	tadv	1	1	他	t␣dv␣	5	1.375	是	505576	3161	
发横	fahg	1	1	发	f␣hg␣	5	1.375	是	573895	0	
看吧	kjba	1	2	看	k␣ba␣	5	1.375	是	638210	853	看罢
不纯	buiy	1	1	不	b␣iy␣	5	1.375	是	654255	412	
二人	errf	1	1	人	er␣r␣	5	1.375	是	718416	5212	
对啊	dvaa	1	1	啊	dv␣a␣	5	1.375	是	734900	873	
又有	yzyz	1	4	有	yz␣y␣	5	1.375	是	797332	5758	幽幽、悠悠、优哉游哉
可有	keyz	1	1	有	ke␣y␣	5	1.375	是	800838	1421	
混个	hyge	1	1	个	hy␣g␣	5	1.375	是	837346	59	
看全	kjqr	1	1	看	k␣qr␣	5	1.375	是	961379	59	
不高	bugc	1	1	不	b␣gc␣	5	1.375	是	1000395	2803	
且有	qpyz	1	1	有	qp␣y␣	5	1.375	是	1000458	1097	
丢在	dqzd	1	1	在	dq␣z␣	5	1.375	是	1000519	656	
也有	yeyz	1	2	有	ye␣y␣	5	1.375	是	1001262	11507	页游
再看	zdkj	1	1	看	zd␣k␣	5	1.375	是	1004151	2560	
却不	qtbu	1	2	不	qt␣b␣	5	1.375	是	1006354	5973	却步
吃够	iigz	1	1	吃	i␣gz␣	5	1.375	是	1007349	59	
哦对	eedv	1	1	哦	o␣dv␣	5	1.375	是	1008194	450	
哦对	oodv	1	1	哦	o␣dv␣	5	1.375	是	1008194	450	
困了	kyle	1	1	了	ky␣l␣	5	1.375	是	1008827	711	
她的	tade	2	3	的	ta␣d␣	5	1.375	是	1010181	28022	他的、它的
忍了	rfle	2	2	了	rf␣l␣	5	1.375	是	1013347	817	认了
怎了	zfle	1	1	了	zf␣l␣	5	1.375	是	1013594	59	
怒了	nule	1	1	了	nu␣l␣	5	1.375	是	1013622	1121	
挂了	gxle	1	1	了	gx␣l␣	5	1.375	是	1015798	181	
摸了	mole	2	2	了	mo␣l␣	5	1.375	是	1016825	59	末了
早啊	zcaa	1	1	啊	zc␣a␣	5	1.375	是	1017814	65	
是给	uigw	1	1	是	u␣gw␣	5	1.375	是	1018020	59	
更在	ggzd	1	2	在	gg␣z␣	5	1.375	是	1018280	73	高干子弟
最是	zvui	1	1	是	zv␣u␣	5	1.375	是	1018512	93	
没给	mwgw	1	1	没	m␣gw␣	5	1.375	是	1020330	59	
混吃	hyii	1	1	吃	hy␣i␣	5	1.375	是	1020893	64	
灭了	mple	1	1	了	mp␣l␣	5	1.375	是	1021386	175	
破了	pole	1	2	了	po␣l␣	5	1.375	是	1023868	2962	泼了
而成	erig	1	1	而	e␣ig␣	5	1.375	是	1025961	194	
聊起	lnqi	2	2	起	ln␣q␣	5	1.375	是	1026091	673	撩起
能有	ngyz	1	2	有	ng␣y␣	5	1.375	是	1026424	3831	那个样子
落了	lole	1	1	了	lo␣l␣	5	1.375	是	1027250	1941	
这批	vepi	1	2	这	v␣pi␣	5	1.375	是	1030533	772	这匹
这等	vedg	1	1	这	v␣dg␣	5	1.375	是	1030544	1690	
连看	lmkj	1	1	看	lm␣k␣	5	1.375	是	1030642	59	
随拍	svpd	1	1	拍	sv␣p␣	5	1.375	是	1032433	303	
高了	gcle	1	2	了	gc␣l␣	5	1.375	是	1033468	156	搞了
所以	soyi	1	2	所	s␣yir␣	6	1.38	是	55	42118	蓑衣
整个	vgge	1	1	个	vgy␣g␣	6	1.38	是	372	15205	
实在	uizd	1	1	在	uij␣z␣	6	1.38	是	384	10502	
而已	eryi	1	2	而	e␣yiv␣	6	1.38	是	476	10063	二姨
查看	iakj	1	2	看	iaw␣k␣	6	1.38	是	1110	2955	察看
观看	grkj	1	1	看	grq␣k␣	6	1.38	是	1753	1881	
起码	qima	1	2	起	q␣max␣	6	1.38	是	1939	2140	骑马
美人	mwrf	2	4	人	mwr␣r␣	6	1.38	是	2022	2616	没人、每人、媒人
有力	yzli	2	3	有	y␣lip␣	6	1.38	是	2161	3753	有利、有理
名人	mkrf	1	2	人	mkr␣r␣	6	1.38	是	2215	1365	鸣人
富有	fuyz	1	2	有	fuj␣y␣	6	1.38	是	2270	2211	蜉蝣
骗人	pmrf	1	1	人	pmv␣r␣	6	1.38	是	2755	970	
人格	rfge	1	2	人	r␣gew␣	6	1.38	是	2922	2410	如风过耳
含有	hjyz	1	2	有	hjq␣y␣	6	1.38	是	2984	1803	罕有
场所	ihso	1	1	所	ihq␣s␣	6	1.38	是	3081	2425	
散发	sjfa	1	1	发	sjm␣f␣	6	1.38	是	4074	4892	
倒是	dcui	1	3	是	dck␣u␣	6	1.38	是	4307	10033	到时、导师
看作	kjzo	1	2	看	k␣zok␣	6	1.38	是	4530	926	看做
小区	xnqu	1	2	小	x␣qun␣	6	1.38	是	4786	2542	校区
拍卖	pdmd	1	1	拍	p␣mdc␣	6	1.38	是	4880	2250	
小麦	xnmd	1	1	小	x␣mdr␣	6	1.38	是	5005	700	
造就	zcjq	2	2	就	zcv␣j␣	6	1.38	是	5564	1416	早就
看透	kjtz	1	3	看	k␣tzn␣	6	1.38	是	6208	1691	看头、砍头
人均	rfjy	1	2	人	r␣jyq␣	6	1.38	是	6315	1206	仁君
发音	fayb	1	2	发	f␣ybd␣	6	1.38	是	6584	840	法印
小队	xndv	1	2	小	x␣dvy␣	6	1.38	是	6725	1316	校队
越发	ytfa	1	2	发	yts␣f␣	6	1.38	是	7189	2567	约法
了结	lnjp	2	2	了	l␣jpi␣	6	1.38	是	7388	1026	了解
友人	yzrf	3	3	人	yzc␣r␣	6	1.38	是	7409	791	有人、诱人
照看	vckj	1	1	看	vcb␣k␣	6	1.38	是	8084	682	
蒸发	vgfa	1	2	发	vgm␣f␣	6	1.38	是	8301	977	政法
雪人	xtrf	1	1	人	xtl␣r␣	6	1.38	是	8513	438	
人道	rfdc	1	2	人	r␣dcl␣	6	1.38	是	8806	1206	人到
人参	rfcj	1	1	人	r␣cjh␣	6	1.38	是	8904	941	
人参	rfuf	1	3	人	r␣cjh␣	6	1.38	是	8904	941	人身、妊娠
事发	uifa	2	3	发	uip␣f␣	6	1.38	是	10146	1113	施法、始发
吃力	iili	1	2	吃	i␣lip␣	6	1.38	是	10401	1098	潺潺流淌
就医	jqyi	1	3	就	j␣yin␣	6	1.38	是	10778	621	酒意、就义
发球	faqq	1	2	发	f␣qqr␣	6	1.38	是	10858	254	罚球
偷拍	tzpd	1	2	拍	tzk␣p␣	6	1.38	是	11733	465	头牌
小脚	xnjn	1	2	小	x␣jnz␣	6	1.38	是	12408	517	啸叫
起劲	qijb	2	2	起	q␣jbt␣	6	1.38	是	13294	572	迄今
不宜	buyi	3	3	不	b␣yij␣	6	1.38	是	13890	1650	不已、不易
签发	qmfa	1	1	发	qmh␣f␣	6	1.38	是	14564	806	
了事	lnui	1	1	了	l␣uip␣	6	1.38	是	14942	1353	
人鱼	rfyu	1	2	人	r␣yud␣	6	1.38	是	15441	838	人浮于事
小春	xniy	1	2	小	x␣iyr␣	6	1.38	是	15888	326	性能差异
宜人	yirf	2	4	人	yij␣r␣	6	1.38	是	16071	431	艺人、伊人、一人
娇小	jnxn	2	3	小	jns␣x␣	6	1.38	是	18446	783	较小、叫嚣
发痒	fayh	2	2	发	f␣yhc␣	6	1.38	是	19014	430	发扬
发春	faiy	1	1	发	f␣iyr␣	6	1.38	是	22520	202	
发源	fayr	2	2	发	f␣yra␣	6	1.38	是	22684	693	法院
洋人	yhrf	1	2	人	yha␣r␣	6	1.38	是	23541	497	养人
扬起	yhqi	2	2	起	yho␣q␣	6	1.38	是	23693	1811	氧气
小肠	xnih	1	2	小	x␣ihz␣	6	1.38	是	24816	453	笑场
亲和	qbhe	1	1	和	qbj␣h␣	6	1.38	是	25998	1067	
和田	hetm	1	1	和	h␣tmp␣	6	1.38	是	26459	447	
道人	dcrf	1	3	人	dcl␣r␣	6	1.38	是	26766	1750	刀刃、到任
没脸	mwlm	1	1	没	m␣lmz␣	6	1.38	是	28409	543	
育人	yurf	2	2	人	yue␣r␣	6	1.38	是	32152	648	与人
偶发	oufa	1	1	发	ouk␣f␣	6	1.38	是	32481	276	
在册	zdce	1	1	在	z␣cen␣	6	1.38	是	33523	231	
频发	pbfa	2	2	发	pbs␣f␣	6	1.38	是	34343	401	贫乏
发愣	falg	1	2	发	f␣lgv␣	6	1.38	是	34931	658	发冷
小球	xnqq	1	2	小	x␣qqr␣	6	1.38	是	37086	596	小秋
忽而	huer	1	1	而	hux␣e␣	6	1.38	是	38315	760	
发力	fali	2	3	发	f␣lip␣	6	1.38	是	40468	1123	法力、乏力
他妈	tama	1	2	他	t␣mas␣	6	1.38	是	40868	2505	踏马
不吝	bulb	1	1	不	b␣lbe␣	6	1.38	是	42576	408	
人美	rfmw	1	1	人	r␣mwr␣	6	1.38	是	42984	59	
有瘾	yzyb	2	2	有	y␣ybc␣	6	1.38	是	46228	317	诱因
人潮	rfic	1	1	人	r␣ica␣	6	1.38	是	52835	862	
这根	vegf	1	1	这	v␣gfw␣	6	1.38	是	53110	1023	
发飙	fabn	2	2	发	f␣bny␣	6	1.38	是	53197	408	发表
和音	heyb	1	1	和	h␣ybd␣	6	1.38	是	56404	318	
妈的	made	1	1	的	mas␣d␣	6	1.38	是	57378	3564	
不睡	buuv	3	3	不	b␣uvb␣	6	1.38	是	60213	102	补水、补税
哪有	nayz	1	2	有	nat␣y␣	6	1.38	是	69770	2366	那有
小命	xnmk	2	3	小	x␣mkx␣	6	1.38	是	70965	723	小明、效命
发改	fagd	1	1	发	f␣gdv␣	6	1.38	是	71283	65	
交个	jnge	2	2	个	jne␣g␣	6	1.38	是	71493	303	交割
掺和	ijhe	1	2	和	ijo␣h␣	6	1.38	是	77086	600	掺合
掺和	ijho	1	2	和	ijo␣h␣	6	1.38	是	77086	600	掺合
官人	grrf	1	2	人	grj␣r␣	6	1.38	是	82957	362	管人
人教	rfjn	2	2	人	r␣jnn␣	6	1.38	是	96438	427	任教
护发	hufa	2	2	发	huo␣f␣	6	1.38	是	96685	311	护法
发料	faln	1	1	发	f␣lnz␣	6	1.38	是	100086	59	
人杰	rfjp	1	1	人	r␣jpw␣	6	1.38	是	103374	313	
不认	burf	2	2	不	b␣rff␣	6	1.38	是	116780	208	不忍
傲人	aorf	1	1	人	aok␣r␣	6	1.38	是	121478	310	
小脸	xnlm	2	2	小	x␣lmz␣	6	1.38	是	126321	1892	笑脸
留在	lqzd	1	2	在	lqr␣z␣	6	1.38	是	127252	5493	流在
蓄发	xufa	2	2	发	xum␣f␣	6	1.38	是	133348	307	须发
有脸	yzlm	1	3	有	y␣lmz␣	6	1.38	是	139716	693	右脸、友链
发僵	fajl	2	2	发	f␣jlk␣	6	1.38	是	139897	321	发奖
趴在	pazd	1	1	在	pas␣z␣	6	1.38	是	147935	2683	
这伙	veho	2	2	这	v␣hok␣	6	1.38	是	150869	341	这货
小猪	xnvu	1	2	小	x␣vuo␣	6	1.38	是	162801	678	小筑
瘆人	ufrf	2	2	人	ufc␣r␣	6	1.38	是	176072	65	神人
这匹	vepi	2	2	这	v␣pin␣	6	1.38	是	186493	360	这批
蜡人	larf	2	2	人	lag␣r␣	6	1.38	是	207634	0	拉人
盘发	pjfa	2	3	发	pje␣f␣	6	1.38	是	250854	59	判罚、贫贱夫妻百事哀
人族	rfzu	1	1	人	r␣zul␣	6	1.38	是	257467	104	
佞人	nkrf	1	1	人	nkk␣r␣	6	1.38	是	257576	0	
拍球	pdqq	2	2	拍	p␣qqr␣	6	1.38	是	264364	61	排球
这号	vehc	1	1	这	v␣hct␣	6	1.38	是	341426	59	
偷吃	tzii	1	1	吃	tzk␣i␣	6	1.38	是	344051	483	
才睡	cduv	2	2	才	c␣uvb␣	6	1.38	是	348121	66	财税
有料	yzln	1	2	有	y␣lnz␣	6	1.38	是	359526	366	油料
悬起	xrqi	2	2	起	xrq␣q␣	6	1.38	是	394759	207	玄奇
吃枣	iizc	2	2	吃	i␣zcy␣	6	1.38	是	407172	60	迟早
发蔫	fanm	1	1	发	f␣nmm␣	6	1.38	是	418644	303	
教人	jnrf	2	2	人	jnn␣r␣	6	1.38	是	548089	102	叫人
没懂	mwds	1	2	没	m␣dsv␣	6	1.38	是	551908	62	没动
养人	yhrf	2	2	人	yhr␣r␣	6	1.38	是	570928	555	洋人
另有	lkyz	1	2	有	lkt␣y␣	6	1.38	是	576405	2070	领有
不笨	bubf	1	2	不	b␣bfh␣	6	1.38	是	606386	0	不是办法
不漏	bulz	2	2	不	b␣lza␣	6	1.38	是	711546	482	补漏
小雀	xnqt	1	1	小	x␣qty␣	6	1.38	是	735055	280	
不散	busj	1	2	不	b␣sjm␣	6	1.38	是	876380	1091	布伞
就拿	jqna	1	1	就	j␣nax␣	6	1.38	是	918592	1308	
举了	jule	1	1	了	juy␣l␣	6	1.38	是	1000922	59	
倒在	dczd	1	1	在	dck␣z␣	6	1.38	是	1003013	3126	
几个	jige	3	3	个	jin␣g␣	6	1.38	是	1004509	13792	及格、鸡哥
压在	yazd	1	1	在	yac␣z␣	6	1.38	是	1006453	1683	
吃粉	iiff	1	1	吃	i␣ffz␣	6	1.38	是	1007370	60	
哪所	naso	2	2	所	nat␣s␣	6	1.38	是	1008222	62	那所
嗯啊	enaa	1	1	啊	ngt␣a␣	6	1.38	是	1008529	46	
垫在	dmzd	2	2	在	dmo␣z␣	6	1.38	是	1009202	65	点在
垮了	kxle	1	1	了	kxq␣l␣	6	1.38	是	1009209	600	
妙啊	mnaa	1	1	啊	mns␣a␣	6	1.38	是	1010397	367	
小虾	xnxx	1	2	小	x␣xxg␣	6	1.38	是	1011337	55	新年新气象
扔在	rgzd	2	2	在	rgo␣z␣	6	1.38	是	1014775	1278	仍在
投了	tzle	2	2	了	tzo␣l␣	6	1.38	是	1015134	69	偷了
抢在	qlzd	1	1	在	qlo␣z␣	6	1.38	是	1015240	70	
拿了	nale	1	1	了	nax␣l␣	6	1.38	是	1015761	2973	
挺有	tkyz	1	1	有	tko␣y␣	6	1.38	是	1016051	482	
替我	tiwo	1	1	我	tiy␣w␣	6	1.38	是	1018464	149	
松了	ssle	2	2	了	ssw␣l␣	6	1.38	是	1019056	194	送了
毁在	hvzd	2	2	在	hvd␣z␣	6	1.38	是	1019921	59	会在
漏了	lzle	1	1	了	lza␣l␣	6	1.38	是	1021209	565	
皆有	jpyz	1	3	有	jpt␣y␣	6	1.38	是	1023260	359	解忧、借由
看呆	kjdd	2	2	看	k␣ddt␣	6	1.38	是	1023475	55	看待
看衰	kjuk	1	1	看	k␣uks␣	6	1.38	是	1023513	59	
碎了	svle	1	2	了	svx␣l␣	6	1.38	是	1023992	1957	随了
筑起	vuqi	1	2	起	vuh␣q␣	6	1.38	是	1024847	446	朱漆
管吃	grii	1	1	吃	grh␣i␣	6	1.38	是	1024926	64	
而终	ervs	2	2	而	e␣vsi␣	6	1.38	是	1025967	607	耳中
聚在	juzd	1	3	在	jux␣z␣	6	1.38	是	1026125	1195	拒载、监守自盗
葬在	zhzd	1	1	在	zhm␣z␣	6	1.38	是	1027281	181	
赏了	uhle	3	3	了	uhj␣l␣	6	1.38	是	1029105	59	上了、伤了
越小	ytxn	1	2	小	yts␣x␣	6	1.38	是	1029445	742	月销
都有	dzyz	1	2	有	dun␣y␣	6	1.38	是	1031343	11943	豆油
铺在	puzd	1	2	在	puu␣z␣	6	1.38	是	1031838	75	扑在
闪了	ujle	2	2	了	ujn␣l␣	6	1.38	是	1032089	79	删了
露了	lule	1	2	了	lul␣l␣	6	1.38	是	1032728	591	录了
飘了	pnle	1	1	了	pne␣l␣	6	1.38	是	1033093	71	
没有	mwyz	1	2	没有	m␣y␣	4	1.4	否	4	90888	煤油
男人	njrf	1	2	人	nj␣r␣	5	1.4	否	97	17140	难忍
而且	erqp	1	1	而	e␣qp␣	5	1.4	否	105	25578	
不同	buts	1	3	不	b␣ts␣	5	1.4	否	227	15585	不通、别睡太死
个人	gerf	1	2	个人	g␣r␣	4	1.4	是	407	36641	各人
没事	mwui	1	2	没	m␣uip␣	6	1.4	否	727	5226	美食
人人	rfrf	2	2	人人	r␣r␣	4	1.4	是	1179	2582	忍忍
有所	yzso	1	2	有所	y␣s␣	4	1.4	否	1275	6568	有锁
恋人	lmrf	1	2	人	lmt␣r␣	6	1.4	否	1744	1875	连任
不论	buly	1	2	不	b␣ly␣	5	1.4	否	2071	3821	闭上了眼
迷人	mirf	1	1	人	miz␣r␣	6	1.4	否	2127	1765	
有钱	yzqm	1	2	有	y␣qmu␣	6	1.4	否	2321	4443	油钱
所在	sozd	1	2	所在	s␣z␣	4	1.4	否	2722	3576	锁在
起飞	qifw	1	2	起	q␣fwb␣	6	1.4	否	2997	933	岂非
小偷	xntz	1	2	小	x␣tzk␣	6	1.4	否	3455	1177	小头
商人	uhrf	1	2	人	uhe␣r␣	6	1.4	否	3485	2103	伤人
不禁	bujb	2	2	不	b␣jbw␣	6	1.4	否	3487	4440	不仅
发作	fazo	1	1	发	f␣zok␣	6	1.4	否	3614	1732	
举起	juqi	1	3	起	juy␣q␣	6	1.4	否	3679	2508	聚齐、解释清楚
人力	rfli	1	1	人	r␣lip␣	6	1.4	否	3701	1911	
动人	dsrf	1	1	人	ds␣r␣	5	1.4	否	3767	2400	
研发	yjfa	1	2	发	yjx␣f␣	6	1.4	否	3793	1660	应急方案
发育	fayu	1	2	发	f␣yue␣	6	1.4	否	4007	1605	法语
小伙	xnho	1	2	小	x␣hok␣	6	1.4	否	5379	2212	小火
发呆	fadd	1	2	发	f␣ddt␣	6	1.4	否	5503	1935	发带
发热	fare	1	1	发	f␣re␣	5	1.4	否	5509	1552	
小镇	xnvf	1	2	小	x␣vfu␣	6	1.4	否	5685	1682	新年祝福
人为	rfww	2	2	人	r␣ww␣	5	1.4	否	6322	2957	认为
越是	ytui	1	2	是	yts␣u␣	6	1.4	否	6404	4083	月食
小米	xnmi	1	3	小	x␣mi␣	5	1.4	否	6505	2175	消弭、小蜜
小号	xnhc	2	3	小	x␣hct␣	6	1.4	否	6569	471	消耗、销号
看上	kjuh	1	2	看	k␣uh␣	5	1.4	否	6778	3520	砍伤
得了	dele	1	1	了	de␣l␣	5	1.4	否	7039	5287	
得了	deln	1	1	了	de␣l␣	5	1.4	否	7039	5287	
批发	pifa	1	2	发	pi␣f␣	5	1.4	否	7567	641	疲乏
人影	rfyk	1	1	人	r␣ykb␣	6	1.4	否	7609	3880	
小鬼	xngv	1	2	小	x␣gvp␣	6	1.4	否	7646	1357	校规
看中	kjvs	1	2	看	k␣vs␣	5	1.4	否	7824	911	看重
人命	rfmk	2	3	人	r␣mkx␣	6	1.4	否	8386	1173	任命、认命
时而	uier	3	3	而	ui␣e␣	5	1.4	否	9377	1172	十二、事儿
发怒	fanu	1	1	发	f␣nu␣	5	1.4	否	9756	921	
恶人	eerf	1	2	人	ee␣r␣	5	1.4	否	9877	1157	讹人
而今	erjb	1	1	而	e␣jbq␣	6	1.4	否	10322	1323	
白发	bdfa	1	1	发	bd␣f␣	5	1.4	否	11064	2102	
诱发	yzfa	1	1	发	yzf␣f␣	6	1.4	否	11068	718	
起到	qidc	2	2	起	q␣dc␣	5	1.4	否	11747	1837	祈祷
秀发	xqfa	1	1	发	xqn␣f␣	6	1.4	否	11851	606	
没落	molo	1	1	没	m␣lo␣	5	1.4	否	13015	862	
就诊	jqvf	1	1	就	j␣vff␣	6	1.4	否	13147	596	
再不	zdbu	1	1	不	zd␣b␣	5	1.4	否	13622	2415	
双人	ulrf	1	2	人	ul␣r␣	5	1.4	否	14120	587	双刃
奴才	nucd	1	1	才	nus␣c␣	6	1.4	否	15578	801	
不住	buvu	1	2	不	b␣vuk␣	6	1.4	否	15987	10727	补助
非人	fwrf	3	3	人	fw␣r␣	5	1.4	否	16005	726	废人、飞人
人脸	rflm	1	1	人	r␣lmz␣	6	1.4	否	16292	1188	
小白	xnbd	1	1	小	x␣bd␣	5	1.4	否	16967	2241	
起色	qise	2	2	起	q␣se␣	5	1.4	否	17764	482	气色
有鬼	yzgv	1	3	有	y␣gvp␣	6	1.4	否	17867	111	有轨、有则改之
搅和	jnhe	1	2	和	jno␣h␣	6	1.4	否	18155	318	交合
搅和	jnho	4	4	和	jno␣h␣	6	1.4	否	18155	318	交货、缴获、交火
看破	kjpo	1	1	看	k␣po␣	5	1.4	否	18916	846	
中小	vsxn	1	3	小	vs␣x␣	5	1.4	否	19074	1146	中校、忠孝
减小	jmxn	1	3	小	jma␣x␣	6	1.4	否	19080	491	见效、奸笑
发散	fasj	1	1	发	f␣sjm␣	6	1.4	否	19346	478	
发臭	faiz	2	2	发	f␣izd␣	6	1.4	否	21280	322	发愁
配有	pwyz	1	2	有	pw␣y␣	5	1.4	否	21703	411	培优
起降	qijl	1	2	起	q␣jly␣	6	1.4	否	21839	227	綦江
不忍	burf	1	2	不	b␣rf␣	5	1.4	否	21975	2181	不认
发奖	fajl	1	2	发	f␣jln␣	6	1.4	否	23088	225	发僵
整人	vgrf	2	2	人	vgy␣r␣	6	1.4	否	23656	330	证人
小山	xnuj	1	3	小	x␣uj␣	5	1.4	否	23729	1078	萧山、虚拟世界
秀才	xqcd	1	1	才	xqn␣c␣	6	1.4	否	24737	872	
牧人	murf	1	1	人	muv␣r␣	6	1.4	否	25712	348	
和顺	heuy	1	1	和	h␣uy␣	5	1.4	否	25745	405	
小钱	xnqm	2	2	小	x␣qmu␣	6	1.4	否	25951	498	消遣
泥人	nirf	2	2	人	ni␣r␣	5	1.4	否	28829	453	拟人
发落	falo	1	1	发	f␣lo␣	5	1.4	否	31813	325	
了却	lnqt	1	1	了	l␣qt␣	5	1.4	否	34047	502	
吃透	iitz	1	1	吃	i␣tzn␣	6	1.4	否	37659	255	
小年	xnnm	1	1	小	x␣nm␣	5	1.4	否	37859	565	
不问	buwf	1	1	不	b␣wf␣	5	1.4	否	39498	1881	
我哥	woge	1	1	我	w␣ge␣	5	1.4	否	40892	59	
汉人	hjrf	1	1	人	hj␣r␣	5	1.4	否	41372	763	
令人	lkrf	1	1	人	lk␣r␣	5	1.4	否	42811	6573	
偷人	tzrf	1	2	人	tzk␣r␣	6	1.4	否	42871	0	投子认负
罚没	famo	1	2	没	faq␣m␣	6	1.4	否	44490	242	发膜
太和	tdhe	1	2	和	td␣h␣	5	1.4	否	44602	407	太当回事儿
阐发	ijfa	1	1	发	ijn␣f␣	6	1.4	否	45091	243	
有奖	yzjl	1	1	有	y␣jln␣	6	1.4	否	47168	382	
有氧	yzyh	2	2	有	y␣yhz␣	6	1.4	否	47603	311	悠扬
帅才	ukcd	1	1	才	uk␣c␣	5	1.4	否	48157	208	
拟人	nirf	1	2	人	nio␣r␣	6	1.4	否	51182	270	泥人
个例	geli	2	3	个	g␣lik␣	6	1.4	否	58474	2870	隔离、格力
不帅	buuk	1	1	不	b␣uk␣	5	1.4	否	60005	61	
发愤	faff	2	2	发	f␣ffv␣	6	1.4	否	61466	330	发奋
对人	dvrf	1	2	人	dv␣r␣	5	1.4	否	76362	214	怼人
横拍	hgpd	2	2	拍	hg␣p␣	5	1.4	否	78055	313	横排
我说	wouo	1	1	我	w␣uo␣	5	1.4	否	78721	10020	
小葱	xncs	1	1	小	x␣csm␣	6	1.4	否	83307	223	
就凭	jqpk	2	2	就	j␣pkk␣	6	1.4	否	83630	109	酒瓶
削发	xtfa	2	2	发	xty␣f␣	6	1.4	否	86658	220	学法
衰人	ukrf	1	1	人	uks␣r␣	6	1.4	否	91072	237	
发膜	famo	2	2	发	f␣moz␣	6	1.4	否	93900	65	罚没
吟哦	ybee	1	1	哦	ybt␣o␣	6	1.4	否	94924	246	
吟哦	yboo	1	1	哦	ybt␣o␣	6	1.4	否	94924	246	
个月	geyt	1	2	个	g␣yt␣	5	1.4	否	95507	8548	隔月
人皮	rfpi	1	1	人	r␣pig␣	6	1.4	否	96212	112	
脸小	lmxn	1	1	小	lmz␣x␣	6	1.4	否	98619	62	
我也	woye	1	2	我	w␣ye␣	5	1.4	否	100079	12378	沃野
看片	kjpm	1	1	看	k␣pm␣	5	1.4	否	101406	202	
人偶	rfou	1	1	人	r␣ouk␣	6	1.4	否	114402	607	
育有	yuyz	3	3	有	yue␣y␣	6	1.4	否	125364	65	鱼油、狱友
与人	yurf	1	2	人	yu␣r␣	5	1.4	否	126881	3100	育人
小狼	xnlh	1	1	小	x␣lho␣	6	1.4	否	138596	59	
满人	mjrf	1	1	人	mj␣r␣	5	1.4	否	152447	373	
不中	buvs	1	1	不	b␣vs␣	5	1.4	否	154722	675	
这片	vepm	1	2	这	v␣pm␣	5	1.4	否	156009	4476	这篇
找人	vcrf	1	2	人	vc␣r␣	5	1.4	否	159469	1547	招人
仰拍	yhpd	2	2	拍	yhk␣p␣	6	1.4	否	160373	303	羊排
小轮	xnly	1	1	小	x␣lye␣	6	1.4	否	161550	59	
小宗	xnzs	1	1	小	x␣zsj␣	6	1.4	否	163373	0	
他年	tanm	1	1	他	t␣nm␣	5	1.4	否	176753	558	
散人	sjrf	2	2	人	sjm␣r␣	6	1.4	否	179018	776	三人
小睡	xnuv	1	1	小	x␣uvb␣	6	1.4	否	180367	300	
这节	vejp	2	2	这	v␣jpm␣	6	1.4	否	187667	67	这届
小友	xnyz	2	2	小	x␣yzc␣	6	1.4	否	195081	432	校友
发钱	faqm	1	2	发	f␣qmu␣	6	1.4	否	207587	221	罚钱
发困	faky	1	1	发	f␣ky␣	5	1.4	否	208594	310	
人渣	rfva	1	1	人	r␣vaa␣	6	1.4	否	223831	630	
没睡	mwuv	1	2	没	m␣uvb␣	6	1.4	否	227071	970	没水
起算	qisr	1	1	起	q␣sr␣	5	1.4	否	230648	397	
这堆	vedv	2	2	这	v␣dvq␣	6	1.4	否	233396	59	这对
才问	cdwf	1	1	才	c␣wf␣	5	1.4	否	237684	59	
应发	ykfa	2	2	发	yk␣f␣	5	1.4	否	244835	64	英法
高就	gcjq	1	1	就	gc␣j␣	5	1.4	否	248589	351	
而立	erli	1	1	而	e␣lij␣	6	1.4	否	255951	1732	
利他	lita	1	1	他	lin␣t␣	6	1.4	否	262936	508	
耸起	ssqi	2	2	起	ssx␣q␣	6	1.4	否	266216	63	松气
留有	lqyz	1	2	有	lqr␣y␣	6	1.4	否	277398	898	流油
跟拍	gfpd	1	1	拍	gf␣p␣	5	1.4	否	278519	61	
人月	rfyt	1	1	人	r␣yt␣	5	1.4	否	288957	59	
特发	tefa	1	1	发	te␣f␣	5	1.4	否	292342	62	
小洞	xnds	1	2	小	x␣dsa␣	6	1.4	否	296935	442	校董
他所	taso	1	1	他所	t␣s␣	4	1.4	否	301977	2053	
这瓶	vepk	1	1	这	v␣pkl␣	6	1.4	否	324841	67	
大所	daso	1	1	所	da␣s␣	5	1.4	否	328524	0	
我送	woss	1	1	我	w␣ss␣	5	1.4	否	338270	59	
我在	wozd	1	3	我在	w␣z␣	4	1.4	否	364448	7672	握在、窝在
没钱	mwqm	1	1	没	m␣qmu␣	6	1.4	否	372024	2117	
不特	bute	1	1	不	b␣te␣	5	1.4	否	389236	247	
大有	dayz	1	2	有	da␣y␣	5	1.4	否	402913	1165	打油
我给	wogw	1	1	我	w␣gw␣	5	1.4	否	411102	215	
所云	soyy	1	1	所	s␣yy␣	5	1.4	否	426612	59	
上个	uhge	1	1	个	uh␣g␣	5	1.4	否	437234	1033	
管人	grrf	2	2	人	grh␣r␣	6	1.4	否	448330	89	官人
不亲	buqb	1	1	不	b␣qbj␣	6	1.4	否	479113	59	
你住	nivu	1	1	你	n␣vuk␣	6	1.4	否	480563	59	
在我	zdwo	2	2	在我	z␣w␣	4	1.4	否	486190	13271	在握
宗人	zsrf	1	1	人	zsj␣r␣	6	1.4	否	543238	0	
看住	kjvu	1	2	看	k␣vuk␣	6	1.4	否	556668	296	恪尽职守
叫人	jnrf	1	2	人	jn␣r␣	5	1.4	否	615235	2366	教人
抓人	vxrf	1	1	人	vx␣r␣	5	1.4	否	626144	441	
你妹	nimw	1	3	你	n␣mws␣	6	1.4	否	658187	543	泥煤、你没
为我	wwwo	1	2	我	ww␣w␣	5	1.4	否	658722	8707	帷幄
随人	svrf	1	1	人	sv␣r␣	5	1.4	否	666982	59	
使人	uirf	1	3	人	uik␣r␣	6	1.4	否	672522	3371	诗人、世人
给发	gwfa	1	1	发	gw␣f␣	5	1.4	否	695125	59	
一所	yiso	1	2	所	yi␣s␣	5	1.4	否	714030	1018	伊索
他有	tayz	1	1	他有	t␣y␣	4	1.4	否	715725	3412	
吃我	iiwo	1	1	吃我	i␣w␣	4	1.4	否	723205	59	
牵起	qmqi	3	3	起	qmy␣q␣	6	1.4	否	755572	615	前期、前妻
我为	woww	1	2	我	w␣ww␣	5	1.4	否	820781	59	卧位
拿起	naqi	1	1	起	nax␣q␣	6	1.4	否	822983	4285	
发白	fabd	1	1	发	f␣bd␣	5	1.4	否	917229	1101	
散在	sjzd	1	1	在	sjm␣z␣	6	1.4	否	932919	752	
是吧	uiba	2	2	是	u␣ba␣	5	1.4	否	937875	1243	十八
不灭	bump	1	1	不	b␣mp␣	5	1.4	否	1000365	1519	
人送	rfss	2	2	人	r␣ss␣	5	1.4	否	1002053	59	认怂
几人	jirf	1	2	人	jin␣r␣	6	1.4	否	1004513	2752	继任
刮起	gxqi	2	2	起	gxc␣q␣	6	1.4	否	1005325	521	挂起
到了	dcle	1	2	了	dc␣l␣	5	1.4	否	1005333	35518	倒了
却没	qtmw	1	1	没	qt␣m␣	5	1.4	否	1006381	3483	
吃吧	iiba	1	1	吃	i␣ba␣	5	1.4	否	1007340	59	
在旁	zdph	1	1	在	z␣ph␣	5	1.4	否	1008973	1735	
均有	jyyz	1	2	有	jyq␣y␣	6	1.4	否	1009030	742	均由
够吃	gzii	1	1	吃	gz␣i␣	5	1.4	否	1009729	68	
太不	tdbu	1	2	不	td␣b␣	5	1.4	否	1009870	1278	台布
学了	xtle	1	1	了	xt␣l␣	5	1.4	否	1010702	1473	
对他	dvta	1	1	他	dv␣t␣	5	1.4	否	1011114	5965	
小赚	xnvr	2	2	小	x␣vrj␣	6	1.4	否	1011339	59	小篆
尝了	ihle	2	2	了	ihj␣l␣	6	1.4	否	1011481	59	长了
徒有	tuyz	1	1	有	tuk␣y␣	6	1.4	否	1013183	303	
心有	xbyz	1	1	有	xb␣y␣	5	1.4	否	1013295	173	
忙了	mhle	1	1	了	mh␣l␣	5	1.4	否	1013397	887	
憋在	bpzd	2	2	在	bpl␣z␣	6	1.4	否	1014286	396	别再
所料	soln	1	1	所	s␣lnz␣	6	1.4	否	1014545	802	
所说	souo	1	1	所	s␣uo␣	5	1.4	否	1014584	2748	
扑在	puzd	2	2	在	pu␣z␣	5	1.4	否	1014707	76	铺在
挂起	gxqi	1	2	起	gx␣q␣	5	1.4	否	1015844	497	刮起
撞人	vlrf	1	1	人	vlo␣r␣	6	1.4	否	1016903	246	
断了	drle	1	3	了	dr␣l␣	5	1.4	否	1017520	3910	短了、端了
早在	zczd	1	2	在	zc␣z␣	5	1.4	否	1017816	1555	遭灾
是咩	uimp	1	1	是	u␣mpt␣	6	1.4	否	1017997	59	
更有	ggyz	1	2	有	gg␣y␣	5	1.4	否	1018315	3310	更优
有双	yzul	1	1	有	y␣ul␣	5	1.4	否	1018609	59	
有漏	yzlz	1	1	有	y␣lza␣	6	1.4	否	1018629	65	
沦没	lymo	1	1	没	lya␣m␣	6	1.4	否	1020371	303	
混在	hyzd	1	2	在	hy␣z␣	5	1.4	否	1020900	100	汉英字典
溜了	lqle	2	3	了	lqa␣l␣	6	1.4	否	1021024	542	留了、流了
着了	vcle	3	3	了	ve␣l␣	5	1.4	否	1023665	59	找了、招了
着了	vele	1	1	了	ve␣l␣	5	1.4	否	1023665	59	
睡在	uvzd	1	2	在	uvb␣z␣	6	1.4	否	1023681	1506	水灾
砸了	zale	2	2	了	za␣l␣	5	1.4	否	1023922	1277	咋了
算起	srqi	1	2	起	sr␣q␣	5	1.4	否	1024917	553	酸气
管他	grta	1	1	他	grh␣t␣	6	1.4	否	1024923	1691	
给吃	gwii	1	1	吃	gw␣i␣	5	1.4	否	1025445	59	
见了	jmle	1	1	了	jm␣l␣	5	1.4	否	1028223	6430	
说有	uoyz	1	1	有	uo␣y␣	5	1.4	否	1028604	59	
踩了	cdle	1	1	了	cds␣l␣	6	1.4	否	1029840	59	
酸了	srle	2	2	了	sre␣l␣	6	1.4	否	1031513	70	算了
重了	isle	2	2	了	vsc␣l␣	6	1.4	否	1031584	143	冲了
重了	vsle	1	1	了	vsc␣l␣	6	1.4	否	1031584	143	
重看	iskj	1	1	看	vsc␣k␣	6	1.4	否	1031615	59	
降了	jlle	2	2	了	jly␣l␣	6	1.4	否	1032316	59	讲了
飘起	pnqi	1	2	起	pne␣q␣	6	1.4	否	1033120	75	骠骑
飞了	fwle	3	3	了	fwb␣l␣	6	1.4	否	1033133	0	废了、费了
所谓	soww	1	1	所	s␣wwf␣	6	1.42	否	719	8692	
罢了	bale	1	1	了	baq␣l␣	6	1.42	否	1952	4472	
亲人	qbrf	1	2	人	qbj␣r␣	6	1.42	否	2122	2279	秦人
毫不	hcbu	1	2	不	hce␣b␣	6	1.42	否	4080	4648	好不
诱人	yzrf	2	3	人	yzf␣r␣	6	1.42	否	6794	973	有人、友人
没劲	mwjb	2	2	没	m␣jbt␣	6	1.42	否	8532	405	美金
小妹	xnmw	1	1	小	x␣mws␣	6	1.42	否	9505	1222	
罪人	zvrf	1	2	人	zvq␣r␣	6	1.42	否	10698	1057	醉人
硬是	ykui	2	3	是	ykx␣u␣	6	1.42	否	12040	958	影视、有苦说不出
节拍	jppd	1	2	拍	jpm␣p␣	6	1.42	否	15236	517	街拍
有偿	yzih	2	2	有	y␣ihk␣	6	1.42	否	17081	506	悠长
有劲	yzjb	1	2	有	y␣jbt␣	6	1.42	否	20073	325	友尽
莫不	mobu	1	2	不	mop␣b␣	6	1.42	否	32059	730	抹布
末了	mole	1	2	了	mol␣l␣	6	1.42	否	32354	690	摸了
末了	moln	1	2	了	mol␣l␣	6	1.42	否	32354	690	磨料
有权	yzqr	1	2	有	y␣qrw␣	6	1.42	否	35927	4586	右拳
原发	yrfa	1	2	发	yrc␣f␣	6	1.42	否	41198	77	缘法
和亲	heqb	1	1	和	h␣qbj␣	6	1.42	否	46792	658	
甚而	ufer	1	2	而	ufr␣e␣	6	1.42	否	47020	336	婶儿
这句	veju	1	1	这	v␣jun␣	6	1.42	否	61573	4285	
鬼才	gvcd	1	1	才	gvp␣c␣	6	1.42	否	70008	367	
阔人	korf	1	1	人	kon␣r␣	6	1.42	否	79794	0	
专才	vrcd	1	1	才	vrp␣c␣	6	1.42	否	86176	307	
吃藕	iiou	1	1	吃	i␣oum␣	6	1.42	否	99973	59	
不舍	buue	1	2	不	b␣uex␣	6	1.42	否	101551	2638	布设
小褂	xngx	1	1	小	x␣gxd␣	6	1.42	否	102118	202	
发糕	fagc	2	2	发	f␣gcz␣	6	1.42	否	102761	306	发稿
这栋	veds	1	1	这	v␣dsw␣	6	1.42	否	110548	621	
小篆	xnvr	1	2	小	x␣vrh␣	6	1.42	否	114506	562	小赚
笨人	bfrf	2	2	人	bfh␣r␣	6	1.42	否	126697	612	本人
巴人	barf	1	1	人	bav␣r␣	6	1.42	否	128736	223	
小瓶	xnpk	1	1	小	x␣pkl␣	6	1.42	否	159328	388	
碎发	svfa	1	1	发	svx␣f␣	6	1.42	否	169215	65	
这杯	vebw	1	1	这	v␣bww␣	6	1.42	否	172643	75	
伤人	uhrf	2	2	人	uhk␣r␣	6	1.42	否	181396	2123	商人
小伤	xnuh	1	1	小	x␣uhk␣	6	1.42	否	182071	396	
小筑	xnvu	2	2	小	x␣vuh␣	6	1.42	否	225100	56	小猪
人血	rfxt	1	1	人	r␣xtq␣	6	1.42	否	271904	412	
有罪	yzzv	1	1	有	y␣zvq␣	6	1.42	否	328839	967	
缠人	ijrf	1	1	人	iji␣r␣	6	1.42	否	451422	231	
偶有	ouyz	1	1	有	ouk␣y␣	6	1.42	否	506551	92	
愣是	lgui	1	1	是	lgv␣u␣	6	1.42	否	515617	626	
漏发	lzfa	1	1	发	lza␣f␣	6	1.42	否	521531	70	
不备	bubw	1	1	不	b␣bwq␣	6	1.42	否	533546	447	
人散	rfsj	1	1	人	r␣sjm␣	6	1.42	否	568727	76	
皱起	vzqi	2	2	起	vzg␣q␣	6	1.42	否	592976	1262	周期
个签	geqm	2	2	个	g␣qmh␣	6	1.42	否	606728	62	搁浅
没权	mwqr	1	1	没	m␣qrw␣	6	1.42	否	632731	59	
住在	vuzd	1	2	在	vuk␣z␣	6	1.42	否	661011	4335	主宰
起皱	qivz	1	1	起	q␣vzg␣	6	1.42	否	702221	343	
发飘	fapn	2	2	发	f␣pne␣	6	1.42	否	724695	302	发票
造人	zcrf	2	2	人	zcv␣r␣	6	1.42	否	755755	72	遭人
暴起	bcqi	2	3	起	bcb␣q␣	6	1.42	否	790705	427	抱起、爆气
咬人	ycrf	1	2	人	yct␣r␣	6	1.42	否	801126	483	摇人
我拿	wona	1	1	我	w␣nax␣	6	1.42	否	822140	59	
偏不	pmbu	1	1	不	pmk␣b␣	6	1.42	否	1003096	618	
吃住	iivu	1	2	吃	i␣vuk␣	6	1.42	否	1007333	336	赤柱
呆在	ddzd	2	2	在	ddt␣z␣	6	1.42	否	1007834	1453	待在
咋了	zale	1	2	了	zat␣l␣	6	1.42	否	1007922	358	砸了
咋看	zakj	1	1	看	zat␣k␣	6	1.42	否	1007976	59	
奏起	zzqi	3	3	起	zzr␣q␣	6	1.42	否	1010049	59	走起、走棋
悬在	xrzd	1	2	在	xrq␣z␣	6	1.42	否	1014033	688	欣然自得
愣在	lgzd	1	1	在	lgv␣z␣	6	1.42	否	1014207	79	
所获	soho	1	1	所	s␣hom␣	6	1.42	否	1014573	805	
摔了	ukle	2	2	了	uko␣l␣	6	1.42	否	1016780	0	甩了
撩起	lnqi	1	2	起	lno␣q␣	6	1.42	否	1016950	553	聊起
有码	yzma	2	2	有	y␣max␣	6	1.42	否	1018632	60	有吗
有诈	yzva	2	2	有	y␣vaf␣	6	1.42	否	1018634	56	油炸
盖了	gdle	2	2	了	gdr␣l␣	6	1.42	否	1023313	59	改了
管我	grwo	1	1	我	grh␣w␣	6	1.42	否	1024937	165	
练了	lmle	1	1	了	lmi␣l␣	6	1.42	否	1025312	302	
缠在	ijzd	1	1	在	iji␣z␣	6	1.42	否	1025652	576	
醉了	zvle	1	1	了	zve␣l␣	6	1.42	否	1031523	450	
颇有	poyz	1	1	有	pog␣y␣	6	1.42	否	1033034	1770	
飞起	fwqi	2	2	起	fwb␣q␣	6	1.42	否	1033160	907	废弃
饱了	bcle	2	2	了	bcw␣l␣	6	1.42	否	1033197	83	报了
这样	veyh	1	2	这	v␣yh␣	5	1.425	否	14	48288	遮阳
看到	kjdc	1	2	看	k␣dc␣	5	1.425	否	40	35488	砍刀
真的	vfde	1	2	的	vf␣d␣	5	1.425	否	72	29246	贞德
看见	kjjm	1	2	看	k␣jm␣	5	1.425	否	125	13593	坎肩
不断	budr	1	2	不	b␣dr␣	5	1.425	否	321	14358	不端
就算	jqsr	1	1	就	j␣sr␣	5	1.425	否	1067	13540	
不见	bujm	2	2	不	b␣jm␣	5	1.425	否	1192	8595	部件
不再	buzd	1	2	不	b␣zd␣	5	1.425	否	1333	10506	不在
不到	budc	1	2	不	b␣dc␣	5	1.425	否	2384	14758	补刀
白人	bdrf	1	2	人	bd␣r␣	5	1.425	否	3598	780	白刃
路人	lurf	1	1	人	lu␣r␣	5	1.425	否	4588	1860	
不得	bude	1	1	不	b␣de␣	5	1.425	否	5010	11932	
不得	budw	1	1	不	b␣de␣	5	1.425	否	5010	11932	
发票	fapn	1	2	发	f␣pn␣	5	1.425	否	6072	3370	发飘
平和	pkhe	1	1	和	pk␣h␣	5	1.425	否	6870	2328	
旁人	phrf	1	1	人	ph␣r␣	5	1.425	否	8155	2050	
不容	burs	1	1	不	b␣rs␣	5	1.425	否	10553	4033	
发问	fawf	1	3	发	f␣wf␣	5	1.425	否	15553	1003	发文、〖发文〗: 剪贴板文章-----第1段
不算	busr	1	1	不	b␣sr␣	5	1.425	否	16257	4170	
不平	bupk	1	1	不	b␣pk␣	5	1.425	否	16336	2245	
了得	lnde	1	1	了	l␣de␣	5	1.425	否	17273	765	
僧人	sgrf	1	1	人	sg␣r␣	5	1.425	否	17313	1091	
了断	lndr	1	1	了	l␣dr␣	5	1.425	否	21682	581	
同人	tsrf	1	2	人	ts␣r␣	5	1.425	否	21849	737	同仁
就学	jqxt	1	2	就	j␣xt␣	5	1.425	否	21897	598	旧学
高发	gcfa	2	2	发	gc␣f␣	5	1.425	否	22496	343	告发
而非	erfw	1	1	而	e␣fw␣	5	1.425	否	28852	1507	
才学	cdxt	1	2	才	c␣xt␣	5	1.425	否	38483	498	采血
啊哟	aayo	1	1	啊	a␣yo␣	5	1.425	否	39160	317	
拍片	pdpm	1	1	拍	p␣pm␣	5	1.425	否	57991	277	
不忙	bumh	1	1	不	b␣mh␣	5	1.425	否	62854	753	
破发	pofa	1	1	发	po␣f␣	5	1.425	否	69072	100	
在上	zduh	1	1	在	z␣uh␣	5	1.425	否	71917	3118	
怎的	zfde	1	1	的	zf␣d␣	5	1.425	否	74322	772	
小票	xnpn	1	1	小	x␣pn␣	5	1.425	否	74962	273	
起风	qifg	1	2	起	q␣fg␣	5	1.425	否	83014	651	启封
起眼	qiyj	2	2	起	q␣yj␣	5	1.425	否	84791	1282	气焰
发片	fapm	1	1	发	f␣pm␣	5	1.425	否	86709	307	
全有	qryz	1	2	有	qr␣y␣	5	1.425	否	91162	75	劝诱
同在	tszd	1	1	在	ts␣z␣	5	1.425	否	95562	1116	
没票	mwpn	1	1	没	m␣pn␣	5	1.425	否	109013	59	
看得	kjde	1	1	看	k␣de␣	5	1.425	否	110049	3783	
看得	kjdw	1	2	看	k␣de␣	5	1.425	否	110049	3783	科技队伍
不关	bugr	2	2	不	b␣gr␣	5	1.425	否	128250	1218	不管
跟人	gfrf	1	1	人	gf␣r␣	5	1.425	否	137088	150	
就见	jqjm	1	2	就	j␣jm␣	5	1.425	否	169722	0	九键
不学	buxt	1	2	不	b␣xt␣	5	1.425	否	187917	868	补血
小片	xnpm	1	1	小	x␣pm␣	5	1.425	否	194147	456	
人等	rfdg	1	1	人	r␣dg␣	5	1.425	否	208830	59	
高才	gccd	1	1	才	gc␣c␣	5	1.425	否	211327	58	
落发	lofa	1	1	发	lo␣f␣	5	1.425	否	229904	220	
人年	rfnm	1	1	人	r␣nm␣	5	1.425	否	237511	59	
人浪	rflh	1	1	人	r␣lh␣	5	1.425	否	239341	59	
怒发	nufa	1	1	发	nu␣f␣	5	1.425	否	242403	56	
这关	vegr	1	1	这	v␣gr␣	5	1.425	否	242966	59	
看样	kjyh	1	3	看	k␣yh␣	5	1.425	否	250856	1222	空军一号、科技与狠活
不选	buxr	1	2	不	b␣xr␣	5	1.425	否	303044	77	补选
真没	vfmw	1	2	没	vf␣m␣	5	1.425	否	361244	1402	真美
不太	butd	1	2	不	b␣td␣	5	1.425	否	371532	4090	步态
这得	vede	1	1	这	v␣de␣	5	1.425	否	375598	378	
这得	vedw	1	1	这	v␣de␣	5	1.425	否	375598	378	
连发	lmfa	1	1	发	lm␣f␣	5	1.425	否	396341	411	
而对	erdv	1	2	而	e␣dv␣	5	1.425	否	415521	1391	二队
在同	zdts	2	2	在	z␣ts␣	5	1.425	否	441717	59	再通
就得	jqdw	1	2	就	j␣de␣	5	1.425	否	443361	2207	金钱地位
你见	nijm	1	2	你	n␣jm␣	5	1.425	否	458486	351	拟建
给人	gwrf	1	1	人	gw␣r␣	5	1.425	否	472732	0	
连拍	lmpd	1	2	拍	lm␣p␣	5	1.425	否	476241	251	联排
个高	gegc	1	1	个	g␣gc␣	5	1.425	否	606754	1431	
混有	hyyz	1	1	有	hy␣y␣	5	1.425	否	633922	242	
等人	dgrf	1	1	人	dg␣r␣	5	1.425	否	765607	367	
不应	buyk	1	2	不	b␣yk␣	5	1.425	否	1000333	3210	补上一课
关了	grle	1	1	了	gr␣l␣	5	1.425	否	1003869	1550	
却在	qtzd	1	1	在	qt␣z␣	5	1.425	否	1006366	1822	
吃上	iiuh	1	1	吃	i␣uh␣	5	1.425	否	1007329	618	
太小	tdxn	1	1	小	td␣x␣	5	1.425	否	1009889	990	
应在	ykzd	1	2	在	yk␣z␣	5	1.425	否	1012368	130	映在
早有	zcyz	1	1	有	zc␣y␣	5	1.425	否	1017829	1142	
横在	hgzd	1	1	在	hg␣z␣	5	1.425	否	1019580	76	
特在	tezd	1	1	在	te␣z␣	5	1.425	否	1022188	59	
真小	vfxn	1	2	小	vf␣x␣	5	1.425	否	1023556	59	执法效能
论起	lyqi	2	2	起	ly␣q␣	5	1.425	否	1028411	81	抡起
该有	gdyz	1	2	有	gd␣y␣	5	1.425	否	1028510	205	改由
跟在	gfzd	1	1	在	gf␣z␣	5	1.425	否	1029654	2815	
连个	lmge	1	3	个	lm␣g␣	5	1.425	否	1030597	1086	恋歌、练歌
所有	soyz	1	1	所有	s␣y␣	4	1.433	否	77	24422	
而是	erui	1	3	而是	e␣u␣	4	1.433	否	2820	19367	二十、儿时
我有	woyz	1	2	我有	w␣y␣	4	1.433	否	27704	5706	握有
我所	woso	1	1	我所	w␣s␣	4	1.433	否	78779	2410	
人员	rfyr	1	3	人	r␣yrt␣	6	1.44	否	356	12532	日复一日、人缘
拍照	pdvc	1	2	拍	p␣vcb␣	6	1.44	否	1116	1663	牌照
发言	fayj	1	2	发	f␣yjf␣	6	1.44	否	2324	1680	发炎
吓人	xxrf	1	3	人	xxt␣r␣	6	1.44	否	2474	1217	虾仁、心细如发
和尚	heuh	1	1	和	h␣uhy␣	6	1.44	否	2568	4072	
艺人	yirf	1	4	人	yim␣r␣	6	1.44	否	3532	782	宜人、伊人、一人
仆人	purf	1	1	人	puk␣r␣	6	1.44	否	3954	1480	
人权	rfqr	1	1	人	r␣qrw␣	6	1.44	否	3984	1093	
人造	rfzc	1	1	人	r␣zcv␣	6	1.44	否	5018	902	
诊所	vfso	1	1	所	vff␣s␣	6	1.44	否	5240	618	
发扬	fayh	1	2	发	f␣yho␣	6	1.44	否	5924	1247	发痒
看重	kjvs	2	2	看	k␣vsc␣	6	1.44	否	6313	1607	看中
柔和	rzhe	1	2	和	rzz␣h␣	6	1.44	否	7175	2230	糅合
盲人	mhrf	1	1	人	mhe␣r␣	6	1.44	否	7356	716	
住所	vuso	1	1	所	vuk␣s␣	6	1.44	否	7913	2257	
小雨	xnyu	1	3	小	x␣yul␣	6	1.44	否	8104	1367	小于、血浓于水
人际	rfji	2	2	人	r␣jiy␣	6	1.44	否	9810	1656	人机
专人	vrrf	1	2	人	vrp␣r␣	6	1.44	否	12281	633	专任
饱和	bche	1	2	和	bcw␣h␣	6	1.44	否	13266	550	宝盒
告发	gcfa	1	2	发	gcv␣f␣	6	1.44	否	14150	505	高发
不善	buuj	1	3	不	b␣uju␣	6	1.44	否	16186	1446	不失时机、巴氏杀菌
暴发	bcfa	2	2	发	bcb␣f␣	6	1.44	否	19063	523	爆发
没辙	mwve	1	1	没	m␣vee␣	6	1.44	否	19518	422	
练就	lmjq	1	2	就	lmi␣j␣	6	1.44	否	19810	708	恋旧
小泉	xnqr	1	2	小	x␣qrd␣	6	1.44	否	20038	198	小圈
哨所	ucso	1	1	所	uct␣s␣	6	1.44	否	22280	206	
不灵	bulk	1	1	不	b␣lkp␣	6	1.44	否	23765	540	
毫发	hcfa	1	1	发	hce␣f␣	6	1.44	否	24183	397	
小舅	xnjq	2	2	小	x␣jqd␣	6	1.44	否	36319	318	小酒
我妹	womw	1	1	我	w␣mws␣	6	1.44	否	47023	59	
举人	jurf	2	2	人	juy␣r␣	6	1.44	否	48967	497	巨人
狼人	lhrf	1	2	人	lho␣r␣	6	1.44	否	52987	1271	浪人
歹人	ddrf	3	3	人	ddr␣r␣	6	1.44	否	58940	271	待人、带人
重发	isfa	1	1	发	vsc␣f␣	6	1.44	否	59193	310	
才艺	cdyi	2	2	才	c␣yim␣	6	1.44	否	59503	415	猜疑
人堆	rfdv	1	1	人	r␣dvq␣	6	1.44	否	66554	506	
这件	vejm	1	2	这	v␣jmk␣	6	1.44	否	70025	6062	这间
闪人	ujrf	1	1	人	ujn␣r␣	6	1.44	否	85887	55	
违和	wwhe	3	3	和	wwx␣h␣	6	1.44	否	89114	285	为何、威吓
文才	wfcd	2	2	才	wfe␣c␣	6	1.44	否	111921	300	文采
重拍	ispd	1	2	拍	vsc␣p␣	6	1.44	否	135313	438	重排
街拍	jppd	2	2	拍	jpk␣p␣	6	1.44	否	136006	210	节拍
发硬	fayk	1	1	发	f␣ykx␣	6	1.44	否	152080	59	
小酒	xnjq	1	2	小	x␣jqa␣	6	1.44	否	205405	0	小舅
吃酒	iijq	2	2	吃	i␣jqa␣	6	1.44	否	278347	408	持久
吵人	icrf	2	2	人	ict␣r␣	6	1.44	否	355060	198	超人
发句	faju	1	1	发	f␣jun␣	6	1.44	否	366947	59	
胎发	tdfa	1	1	发	tdz␣f␣	6	1.44	否	400060	208	
这间	vejm	2	2	这	v␣jmn␣	6	1.44	否	500638	1271	这件
起卦	qigx	1	1	起	q␣gxq␣	6	1.44	否	600362	303	
发威	faww	2	2	发	f␣wwv␣	6	1.44	否	606211	332	乏味
偏小	pmxn	1	1	小	pmk␣x␣	6	1.44	否	1003111	292	
咋不	zabu	1	1	不	zat␣b␣	6	1.44	否	1007920	65	
堆在	dvzd	1	1	在	dvq␣z␣	6	1.44	否	1009242	441	
尚在	uhzd	1	2	在	uhy␣z␣	6	1.44	否	1011458	688	上载
废了	fwle	1	3	了	fwc␣l␣	6	1.44	否	1012428	0	费了、飞了
抡起	lyqi	1	2	起	lyo␣q␣	6	1.44	否	1015229	66	论起
抹在	mozd	1	1	在	moo␣z␣	6	1.44	否	1015360	59	
拦在	ljzd	1	1	在	ljo␣z␣	6	1.44	否	1015655	59	
照在	vczd	1	1	在	vcb␣z␣	6	1.44	否	1021802	1057	
爽了	ulle	1	1	了	uly␣l␣	6	1.44	否	1022027	4518	
痛啊	tsaa	1	1	啊	tsc␣a␣	6	1.44	否	1023093	59	
盖起	gdqi	2	2	起	gdr␣q␣	6	1.44	否	1023323	65	改期
看罢	kjba	2	2	看	k␣baq␣	6	1.44	否	1023509	64	看吧
腾起	tgqi	1	1	起	tgz␣q␣	6	1.44	否	1026627	776	
苦了	kule	2	2	了	kum␣l␣	6	1.44	否	1027011	1248	哭了
跪了	gvle	2	2	了	gvs␣l␣	6	1.44	否	1029723	817	贵了
酬和	izhe	1	1	和	ize␣h␣	6	1.44	否	1031464	0	
飘在	pnzd	1	1	在	pne␣z␣	6	1.44	否	1033101	59	
真是	vfui	1	3	是	vf␣u␣	5	1.45	否	297	13462	真实、阵势
有关	yzgr	1	4	有	y␣gr␣	5	1.45	否	388	10015	攸关、油罐、油管
和平	hepk	1	1	和	h␣pk␣	5	1.45	否	634	3486	
算是	srui	1	2	是	sr␣u␣	5	1.45	否	849	8902	算式
小学	xnxt	1	3	小	x␣xt␣	5	1.45	否	1684	3055	小雪、小穴
特有	teyz	1	2	有	te␣y␣	5	1.45	否	6225	880	特优
应有	ykyz	2	2	有	yk␣y␣	5	1.45	否	6439	618	应由
从不	csbu	1	1	不	cs␣b␣	5	1.45	否	6909	4101	
小样	xnyh	1	1	小	x␣yh␣	5	1.45	否	7868	356	
真人	vfrf	1	1	人	vf␣r␣	5	1.45	否	8317	1551	
不曾	bucg	1	1	不	b␣cg␣	5	1.45	否	8918	4513	
常人	ihrf	1	2	人	ih␣r␣	5	1.45	否	9219	2087	常任
小菜	xncd	1	2	小	x␣cd␣	5	1.45	否	10210	540	小财
高人	gcrf	1	1	人	gc␣r␣	5	1.45	否	16300	2173	
看着	kjve	1	1	看	k␣ve␣	5	1.45	否	25224	31292	
浪人	lhrf	2	2	人	lh␣r␣	5	1.45	否	25581	382	狼人
发色	fase	1	1	发	f␣se␣	5	1.45	否	32821	67	
起头	qitz	1	2	起	q␣tz␣	5	1.45	否	36689	2730	齐头
增发	zgfa	1	1	发	zg␣f␣	5	1.45	否	42905	288	
这本	vebf	1	3	这	v␣bf␣	5	1.45	否	44454	1998	卓尔不凡、折本
他真	tavf	1	1	他	t␣vf␣	5	1.45	否	52817	1526	
人帅	rfuk	1	1	人	r␣uk␣	5	1.45	否	68138	303	
在学	zdxt	1	1	在	z␣xt␣	5	1.45	否	80124	2215	
不着	buve	2	2	不	b␣ve␣	5	1.45	否	101096	59	不杀之恩
归人	gvrf	2	2	人	gv␣r␣	5	1.45	否	114396	413	贵人
小忙	xnmh	1	1	小	x␣mh␣	5	1.45	否	136471	64	
发到	fadc	1	1	发	f␣dc␣	5	1.45	否	144731	813	
困人	kyrf	1	1	人	ky␣r␣	5	1.45	否	193953	304	
不疼	butg	1	1	不	b␣tg␣	5	1.45	否	236105	102	
没得	mwde	2	2	没	m␣de␣	5	1.45	否	241390	876	美德
他忙	tamh	1	1	他	t␣mh␣	5	1.45	否	438071	59	
没菜	mwcd	1	1	没	m␣cd␣	5	1.45	否	685927	59	
你被	nibw	1	1	你	n␣bw␣	5	1.45	否	884006	83	
常在	ihzd	1	1	在	ih␣z␣	5	1.45	否	919578	193	
没算	mwsr	1	1	没	m␣sr␣	5	1.45	否	948144	59	
没选	mwxr	1	1	没	m␣xr␣	5	1.45	否	948213	59	
而归	ergv	1	1	而	e␣gv␣	5	1.45	否	968732	727	
风起	fgqi	2	2	起	fg␣q␣	5	1.45	否	994637	113	风气
关起	grqi	2	2	起	gr␣q␣	5	1.45	否	1003883	80	官气
吃菜	iicd	1	2	吃	i␣cd␣	5	1.45	否	1007376	373	愁肠寸断
困在	kyzd	1	3	在	ky␣z␣	5	1.45	否	1008834	1232	稛载、稇载
怎是	zfui	1	1	是	zf␣u␣	5	1.45	否	1013612	61	
所列	solp	1	1	所	s␣lp␣	5	1.45	否	1014508	602	
拍到	pddc	1	3	拍	p␣dc␣	5	1.45	否	1015533	641	排到、派到
挂在	gxzd	1	2	在	gx␣z␣	5	1.45	否	1015813	2606	挂载
本就	bfjq	1	1	就	bf␣j␣	5	1.45	否	1018814	4837	
算在	srzd	1	1	在	sr␣z␣	5	1.45	否	1024894	59	
给我	gwwo	1	1	我	gw␣w␣	5	1.45	否	1025474	17440	
落在	lazd	1	1	在	lo␣z␣	5	1.45	否	1027252	6112	
落在	lozd	1	1	在	lo␣z␣	5	1.45	否	1027252	6112	
连在	lmzd	2	2	在	lm␣z␣	5	1.45	否	1030619	641	连载
原有	yryz	1	2	有	yrc␣y␣	6	1.46	否	6391	1120	缘由
吃苦	iiku	1	1	吃	i␣kum␣	6	1.46	否	10066	1416	
文人	wfrf	1	2	人	wfe␣r␣	6	1.46	否	13086	1027	闻人
和善	heuj	1	2	和	h␣uju␣	6	1.46	否	13735	941	河山
飞人	fwrf	2	3	人	fwb␣r␣	6	1.46	否	16578	266	废人、非人
英才	ykcd	1	2	才	ykm␣c␣	6	1.46	否	18523	450	硬菜
重在	vszd	1	1	在	vsc␣z␣	6	1.46	否	23082	666	
专有	vryz	2	2	有	vrp␣y␣	6	1.46	否	25248	430	转悠
哇哦	waoo	1	1	哦	wat␣o␣	6	1.46	否	27059	382	
不悦	buyt	1	4	不	b␣ytv␣	6	1.46	否	29968	1087	不是冤家不聚头、不约、不善言谈
小件	xnjm	3	3	小	x␣jmk␣	6	1.46	否	31376	265	削减、消减
发酸	fasr	1	1	发	f␣sre␣	6	1.46	否	32017	460	
才俊	cdjy	3	3	才	c␣jyk␣	6	1.46	否	34297	355	裁军、惨淡经营
发文	fawf	2	3	发	f␣wfe␣	6	1.46	否	38259	757	发问、〖发文〗: 剪贴板文章-----第1段
小苗	xnmn	1	1	小	x␣mnm␣	6	1.46	否	38396	251	
人妖	rfyc	1	1	人	r␣ycs␣	6	1.46	否	50499	362	
哦耶	ooye	2	2	哦	o␣yex␣	6	1.46	否	65506	61	噢耶
发轫	farf	2	2	发	f␣rfe␣	6	1.46	否	69045	210	法人
吃荤	iihy	1	2	吃	i␣hym␣	6	1.46	否	82236	217	常常会有
不醉	buzv	1	3	不	b␣zve␣	6	1.46	否	101111	59	表示尊重、背水作战
雄起	xsqi	2	2	起	xsc␣q␣	6	1.46	否	139134	221	凶器
发苦	faku	1	1	发	f␣kum␣	6	1.46	否	154134	59	
骚人	scrf	1	1	人	scv␣r␣	6	1.46	否	159726	210	
这段	vedr	1	2	这	v␣drf␣	6	1.46	否	162207	3711	折断
尚有	uhyz	1	2	有	uhy␣y␣	6	1.46	否	167027	861	上游
咋个	zage	1	1	个	zat␣g␣	6	1.46	否	242138	208	
发油	fayz	1	1	发	f␣yza␣	6	1.46	否	283623	208	
发件	fajm	1	1	发	f␣jmk␣	6	1.46	否	289668	381	
舍我	uewo	1	1	我	uex␣w␣	6	1.46	否	299925	59	
咋的	zade	1	1	的	zat␣d␣	6	1.46	否	510322	59	
有责	yzze	1	1	有	y␣zer␣	6	1.46	否	549820	997	
咋没	zamw	1	1	没	zat␣m␣	6	1.46	否	800964	59	
发骚	fasc	1	1	发	f␣scv␣	6	1.46	否	1006876	193	
吃饱	iibc	1	1	吃	i␣bcw␣	6	1.46	否	1007389	1027	
撩人	lnrf	1	1	人	lno␣r␣	6	1.46	否	1016943	397	
焉有	yjyz	1	2	有	yjs␣y␣	6	1.46	否	1021764	255	研友
疯了	fgle	1	2	了	fgc␣l␣	6	1.46	否	1023057	2425	封了
瘸了	qtle	2	2	了	qtc␣l␣	6	1.46	否	1023131	53	缺了
短了	drle	2	3	了	drg␣l␣	6	1.46	否	1023810	59	断了、端了
缺了	qtle	1	2	了	qtv␣l␣	6	1.46	否	1025686	81	瘸了
踩在	cdzd	1	1	在	cds␣z␣	6	1.46	否	1029843	1082	
蹭吃	cgii	1	1	吃	cgs␣i␣	6	1.46	否	1029904	60	
拍呗	pdbd	1	1	拍	p␣bwt␣	6	1.46	否	0	0	
而我	erwo	1	2	而我	e␣w␣	4	1.467	否	313039	3715	耳蜗
头发	tzfa	1	1	发	tz␣f␣	5	1.475	否	309	6838	
军人	jyrf	1	1	人	jy␣r␣	5	1.475	否	3005	1901	
从没	csmw	1	1	没	cs␣m␣	5	1.475	否	3060	2130	
人选	rfxr	1	2	人	r␣xr␣	5	1.475	否	3862	1158	任选
有着	yzve	1	3	有	y␣ve␣	5	1.475	否	4039	18463	悠着、由着
从小	csxn	1	1	小	cs␣x␣	5	1.475	否	6222	2920	
我军	wojy	1	1	我	w␣jy␣	5	1.475	否	8552	838	
所得	sode	1	1	所	s␣de␣	5	1.475	否	9516	1840	
总和	zshe	2	2	和	zs␣h␣	5	1.475	否	10046	1037	综合
看头	kjtz	2	3	看	k␣tz␣	5	1.475	否	15877	1748	看透、砍头
选人	xrrf	1	2	人	xr␣r␣	5	1.475	否	16086	600	选任
和风	hefg	1	1	和	h␣fg␣	5	1.475	否	22862	1071	
我得	wodw	1	1	我	w␣de␣	5	1.475	否	32379	1450	
再有	zdyz	1	1	有	zd␣y␣	5	1.475	否	32397	349	
常有	ihyz	1	2	有	ih␣y␣	5	1.475	否	33610	2061	畅游
不外	buwd	1	1	不	b␣wd␣	5	1.475	否	33955	527	
这套	vetc	1	1	这	v␣tc␣	5	1.475	否	59879	1078	
我见	wojm	1	1	我	w␣jm␣	5	1.475	否	75662	1473	
人样	rfyh	2	2	人	r␣yh␣	5	1.475	否	82471	393	认养
秦人	qbrf	2	2	人	qb␣r␣	5	1.475	否	94358	57	亲人
小风	xnfg	1	2	小	x␣fg␣	5	1.475	否	98720	274	校风
所学	soxt	1	1	所	s␣xt␣	5	1.475	否	109598	850	
这头	vetz	1	1	这	v␣tz␣	5	1.475	否	147952	1117	
小本	xnbf	1	2	小	x␣bf␣	5	1.475	否	155369	457	校本
有风	yzfg	1	2	有	y␣fg␣	5	1.475	否	172144	1368	油封
而论	erly	1	2	而	e␣ly␣	5	1.475	否	242201	502	二轮
真我	vfwo	1	1	我	vf␣w␣	5	1.475	否	387226	435	
太有	tdyz	1	1	有	td␣y␣	5	1.475	否	408913	523	
发团	fatr	1	1	发	f␣tr␣	5	1.475	否	458910	59	
搜人	szrf	1	1	人	sz␣r␣	5	1.475	否	489807	367	
人到	rfdc	2	2	人	r␣dc␣	5	1.475	否	1002011	59	人道
仍在	rgzd	1	2	在	rg␣z␣	5	1.475	否	1002132	1691	扔在
仍是	rgui	1	1	是	rg␣u␣	5	1.475	否	1002145	2533	
列在	lpzd	1	1	在	lp␣z␣	5	1.475	否	1004968	70	
吃着	iive	1	1	吃	i␣ve␣	5	1.475	否	1007366	1466	
拍着	pdve	2	2	拍	p␣ve␣	5	1.475	否	1015548	1307	排着
挖人	warf	1	2	人	wa␣r␣	5	1.475	否	1015912	326	蛙人
曾是	cgui	1	1	是	cg␣u␣	5	1.475	否	1018428	1153	
真有	vfyz	1	1	有	vf␣y␣	5	1.475	否	1023578	2190	
砸在	zazd	1	1	在	za␣z␣	5	1.475	否	1023928	302	
而与	eryu	2	2	而	e␣yu␣	5	1.475	否	1025944	561	耳语
众人	vsrf	1	2	人	vsx␣r␣	6	1.48	否	2152	8961	重任
人间	rfjm	1	1	人	r␣jmn␣	6	1.48	否	2200	4817	
小妞	xnnq	1	2	小	x␣nqs␣	6	1.48	否	3776	573	小牛
而言	eryj	1	1	而	e␣yjf␣	6	1.48	否	4099	5486	
贱人	jmrf	2	3	人	jmj␣r␣	6	1.48	否	4695	846	坚韧、兼任
人文	rfwf	1	1	人	r␣wfe␣	6	1.48	否	6465	1090	
不轨	bugv	2	3	不	b␣gve␣	6	1.48	否	26938	412	不贵、备受关注
小泽	xnze	1	1	小	x␣zea␣	6	1.48	否	41331	205	
人伦	rfly	1	1	人	r␣lyk␣	6	1.48	否	42086	1453	
这层	vecg	1	1	这	v␣cgb␣	6	1.48	否	43473	562	
雄才	xscd	1	2	才	xsc␣c␣	6	1.48	否	47969	268	迅速采取行动
小众	xnvs	3	3	小	x␣vsx␣	6	1.48	否	52921	351	消肿、效忠
有违	yzww	3	3	有	y␣wwx␣	6	1.48	否	56218	625	尤为、有位
备有	bwyz	1	1	有	bwq␣y␣	6	1.48	否	86963	377	
有段	yzdr	2	2	有	y␣drf␣	6	1.48	否	106021	59	右端
小段	xndr	1	1	小	x␣drf␣	6	1.48	否	122210	478	
醉人	zvrf	2	2	人	zve␣r␣	6	1.48	否	148867	553	罪人
俊才	jycd	1	2	才	jyk␣c␣	6	1.48	否	153942	313	精于此道
不爽	buul	1	2	不	b␣uly␣	6	1.48	否	236134	1623	摆事实讲道理
这篇	vepm	2	2	这	v␣pmh␣	6	1.48	否	248200	1432	这片
这篇	vwpm	1	1	这	v␣pmh␣	6	1.48	否	248200	1432	
没醉	mwzv	1	2	没	m␣zve␣	6	1.48	否	520894	59	目无尊长
人耳	rfer	2	2	人	r␣erx␣	6	1.48	否	535911	583	人儿
著有	vuyz	2	2	有	vum␣y␣	6	1.48	否	701687	295	猪油
捡起	jmqi	1	2	起	jmo␣q␣	6	1.48	否	1016180	1476	剑气
爽啊	ulaa	1	1	啊	uly␣a␣	6	1.48	否	1022034	59	
爽的	ulde	1	1	的	uly␣d␣	6	1.48	否	1022052	367	
盖在	gdzd	1	2	在	gdr␣z␣	6	1.48	否	1023314	59	跪倒在地
退了	tvle	1	1	了	tvs␣l␣	6	1.48	否	1030732	2713	
逃了	tcle	1	1	了	tca␣l␣	6	1.48	否	1030849	510	
饶了	rcle	1	1	了	rcw␣l␣	6	1.48	否	1033201	553	
正在	vgzd	1	1	在	vg␣z␣	5	1.5	否	185	12486	
本人	bfrf	1	2	人	bf␣r␣	5	1.5	否	1473	3693	笨人
转发	vrfa	1	1	发	vr␣f␣	5	1.5	否	1954	730	
正是	vgui	3	3	是	vg␣u␣	5	1.5	否	2347	8792	正式、证实
发疯	fafg	1	1	发	f␣fgc␣	6	1.5	否	3419	1108	
短发	drfa	1	1	发	drg␣f␣	6	1.5	否	3686	911	
证人	vgrf	1	2	人	vgf␣r␣	6	1.5	否	4237	2972	整人
外人	wdrf	1	1	人	wd␣r␣	5	1.5	否	6289	2563	
小腿	xntv	1	2	小	x␣tvz␣	6	1.5	否	7069	962	消退
外在	wdzd	1	1	在	wd␣z␣	5	1.5	否	9559	1402	
不测	buce	1	1	不	b␣ce␣	5	1.5	否	20208	448	
废人	fwrf	1	3	人	fwc␣r␣	6	1.5	否	20396	587	飞人、非人
人烟	rfyj	1	2	人	r␣yjp␣	6	1.5	否	21851	588	人眼
在建	zdjm	2	3	在	z␣jmp␣	6	1.5	否	22146	763	再见、До свидания
短小	drxn	1	2	小	drg␣x␣	6	1.5	否	25648	408	短效
有轨	yzgv	2	3	有	y␣gve␣	6	1.5	否	31106	208	有鬼、有则改之
发证	favg	1	1	发	f␣vgf␣	6	1.5	否	35800	363	
人本	rfbf	1	1	人	r␣bf␣	5	1.5	否	36029	866	
小舟	xnvz	2	2	小	x␣vze␣	6	1.5	否	36936	107	小周
木有	muyz	1	1	有	mu␣y␣	5	1.5	否	42426	69	
在外	zdwd	1	2	在	z␣wd␣	5	1.5	否	51531	3933	最低温度
蛙人	warf	2	2	人	wag␣r␣	6	1.5	否	51714	0	挖人
小头	xntz	2	2	小	x␣tz␣	5	1.5	否	57635	295	小偷
人眼	rfyj	2	2	人	r␣yj␣	5	1.5	否	62599	1885	人烟
有肉	yzrz	1	1	有	y␣rz␣	5	1.5	否	68833	525	
不贵	bugv	1	3	不	b␣gvg␣	6	1.5	否	72702	648	不轨、备受关注
吃肉	iirz	1	1	吃	i␣rz␣	5	1.5	否	98394	795	
胸小	xsxn	1	1	小	xsz␣x␣	6	1.5	否	121452	61	
从人	csrf	1	1	人	cs␣r␣	5	1.5	否	131074	0	
推人	tvrf	1	2	人	tv␣r␣	5	1.5	否	142435	0	弹指如飞
发嗲	fadx	1	1	发	f␣dxt␣	6	1.5	否	165013	221	
不缺	buqt	1	2	不	b␣qtv␣	6	1.5	否	166441	1198	补缺
没肉	mwrz	1	1	没	m␣rz␣	5	1.5	否	175664	61	
吃斋	iivd	1	2	吃	i␣vde␣	6	1.5	否	228971	255	处处针对
没羞	mwxq	1	1	没	m␣xqr␣	6	1.5	否	233701	302	
发套	fatc	1	1	发	f␣tc␣	5	1.5	否	241625	302	
小嘴	xnzv	1	1	小	x␣zvt␣	6	1.5	否	273800	1277	
被人	bwrf	1	2	人	bw␣r␣	5	1.5	否	342050	7847	背人
苦人	kurf	1	1	人	kum␣r␣	6	1.5	否	366740	0	
仍有	rgyz	1	2	有	rg␣y␣	5	1.5	否	1002147	1093	日拱一卒
关在	grzd	1	1	在	gr␣z␣	5	1.5	否	1003873	160	
吃惯	iigr	1	1	吃	i␣grv␣	6	1.5	否	1007357	223	
套在	tczd	1	1	在	tc␣z␣	5	1.5	否	1010075	0	
曾有	cgyz	1	1	有	cg␣y␣	5	1.5	否	1018430	1578	
穷了	qsle	1	1	了	qs␣l␣	5	1.5	否	1024452	59	
绕在	rczd	1	1	在	rc␣z␣	5	1.5	否	1025399	89	
而应	eryk	1	1	而	e␣yk␣	5	1.5	否	1025959	652	
虽小	svxn	1	1	小	svt␣x␣	6	1.5	否	1027531	591	
贵了	gvle	1	2	了	gvg␣l␣	6	1.5	否	1029026	78	跪了
跪在	gvzd	1	2	在	gvs␣z␣	6	1.5	否	1029726	2111	贵在
猎人	lprf	1	1	人	lpo␣r␣	6	1.52	否	4634	1155	
载人	zdrf	2	2	人	zdc␣r␣	6	1.52	否	18020	420	在任
人材	rfcd	2	2	人	r␣cdw␣	6	1.52	否	25333	285	人才
人证	rfvg	2	2	人	r␣vgf␣	6	1.52	否	26000	610	认证
有悖	yzbw	1	1	有	y␣bwv␣	6	1.52	否	39897	232	
小娃	xnwa	1	1	小	x␣was␣	6	1.52	否	86228	59	
羞人	xqrf	1	1	人	xqr␣r␣	6	1.52	否	251793	0	
不逃	butc	1	1	不	b␣tca␣	6	1.52	否	654340	59	
缺人	qtrf	2	2	人	qtv␣r␣	6	1.52	否	1025687	650	确认
虽在	svzd	1	1	在	svt␣z␣	6	1.52	否	1027526	400	
虽是	svui	2	3	是	svt␣u␣	6	1.52	否	1027540	1255	随时、碎石
总是	zsui	1	3	是	zs␣u␣	5	1.525	否	172	18295	宗师、纵使
从而	cser	1	1	而	cs␣e␣	5	1.525	否	2292	4676	
个头	getz	1	1	个	g␣tz␣	5	1.525	否	5264	1562	
人头	rftz	1	2	人	r␣tz␣	5	1.525	否	7381	1893	认头
人肉	rfrz	1	1	人	r␣rz␣	5	1.525	否	73787	501	
本我	bfwo	1	1	我	bf␣w␣	5	1.525	否	587061	486	
则在	zezd	1	1	在	ze␣z␣	5	1.525	否	1005009	117	
则是	zeui	1	2	是	ze␣u␣	5	1.525	否	1005023	7106	择时
外有	wdyz	1	1	有	wd␣y␣	5	1.525	否	1009456	578	
不朽	buxq	1	2	不	b␣xqw␣	6	1.54	否	11616	3037	补休
在逃	zdtc	1	1	在	z␣tca␣	6	1.54	否	15042	566	
小刀	xndc	2	2	小	x␣dcg␣	6	1.54	否	15669	630	笑道
饶人	rcrf	1	1	人	rcw␣r␣	6	1.54	否	565122	0	
胸有	xsyz	1	1	有	xsz␣y␣	6	1.54	否	596913	412	
讨吃	tcii	1	1	吃	tcf␣i␣	6	1.54	否	703343	213	
建有	jmyz	2	2	有	jmp␣y␣	6	1.54	否	1012509	352	兼有
而建	erjm	2	2	而	e␣jmp␣	6	1.54	否	1025960	73	二简
虽有	svyz	1	1	有	svt␣y␣	6	1.54	否	1027542	1155	
转而	vrer	1	1	而	vr␣e␣	5	1.55	否	16077	940	
而外	erwd	1	1	而	e␣wd␣	5	1.55	否	31411	483	
不穷	buqs	1	1	不	b␣qs␣	5	1.55	否	363790	59	
总有	zsyz	1	2	有	zs␣y␣	5	1.55	否	819800	5020	纵有
则有	zeyz	2	2	有	ze␣y␣	5	1.55	否	1005025	787	择优
恰是	qxui	1	1	是	qx␣u␣	5	1.55	否	1013962	745	
的确	diqt	1	1	的	d␣qtx␣	6	1.56	否	743	7627	
厕所	ceso	1	1	所	cec␣s␣	6	1.56	否	1080	2143	
贵人	gvrf	1	2	人	gvg␣r␣	6	1.56	否	12983	1196	归人
饶有	rcyz	1	1	有	rcw␣y␣	6	1.56	否	52782	506	
贵在	gvzd	2	2	在	gvg␣z␣	6	1.56	否	59419	1008	跪在
惯有	gryz	1	1	有	grv␣y␣	6	1.56	否	130357	65	
讨人	tcrf	1	2	人	tcf␣r␣	6	1.56	否	226789	431	桃仁
这艘	vesz	1	1	这	v␣sze␣	6	1.56	否	1030546	456	
穷人	qsrf	1	1	人	qs␣r␣	5	1.575	否	5907	1836	
贼人	zwrf	1	1	人	zw␣r␣	5	1.575	否	67294	313	
确有	qtyz	2	2	有	qtx␣y␣	6	1.58	否	286695	1472	却又
和洽	heqx	1	1	和	h␣qxa␣	6	1.58	否	459641	306	
而退	ertv	1	1	而	e␣tvs␣	6	1.58	否	1025973	59	
拍砖	pdvr	1	1	拍	p␣vrx␣	6	1.6	否	516188	307	
