汉字	最终规范拆分	编码首根	编码末根
㑇	亻 ＋ 刍	亻	刍
㑊	亻 ＋ 亦	亻	变字头
㕮	口 ＋ 八 ＋ 㐅	口	交
㘎	口 ＋ 门 ＋ 折 ＋ 耳 ＋ 攵	口	又
㙍	土 ＋ 又 ＋ 又 ＋ 又 ＋ 又	土	又
㙘	土 ＋ 覀 ＋ 女	土	女
㙦	全字头 ＋ 于 ＋ 八 ＋ 冬字底 ＋ 十 ＋ 土	人	土
㛃	丰 ＋ 刀 ＋ 女	丰	女
㛚	女 ＋ 龴 ＋ 冂 ＋ 举字底	女	扌
㛹	女 ＋ 亻 ＋ 一 ＋ 日 ＋ 㐅	女	交
㟃	山 ＋ 折 ＋ 一 ＋ 口	山	口
㠇	山 ＋ 享字头 ＋ 小 ＋ 尤	山	龙
㠓	山 ＋ 艹 ＋ 冖 ＋ 一 ＋ 豕	山	豕
㤘	忄 ＋ 刍	忄	刍
㥄	忄 ＋ 土 ＋ 八 ＋ 夂	忄	又
㧐	扌 ＋ 又 ＋ 又	扌	又
㧑	扌 ＋ 为	扌	力
㧟	扌 ＋ 氵 ＋ 匚	扌	匚
㫰	日 ＋ 丶 ＋ 艮	日	艮
㬊	日 ＋ 爫 ＋ 一 ＋ 左字框 ＋ 又	日	又
㬎	日 ＋ 幺 ＋ 幺 ＋ 灬	日	火
㬚	日 ＋ 亠 ＋ 厶 ＋ 青字底 ＋ 攵	日	又
㭎	木 ＋ 冂 ＋ 㐅	木	交
㭕	木 ＋ 土 ＋ 厶	木	厶
㮾	丶 ＋ 即字旁 ＋ 月 ＋ 木	点	木
㰀	木 ＋ 禾 ＋ 勹 ＋ 丿 ＋ 全字头 ＋ 氺	木	氵
㳇	氵 ＋ 八 ＋ 㐅	氵	交
㳘	氵 ＋ 亠 ＋ 厶 ＋ 儿	氵	儿
㳚	氵 ＋ 厂 ＋ 丶 ＋ 折 ＋ 撇 ＋ 丶	氵	点
㴔	氵 ＋ 刍 ＋ 心	氵	忄
㵐	氵 ＋ 厂 ＋ 丷 ＋ 一 ＋ 凵 ＋ 丿 ＋ ⺈ ＋ 人	氵	人
㶲	火 ＋ 周字框 ＋ 举字底	火	扌
㸆	火 ＋ 告字头 ＋ 口 ＋ 非	火	片
㸌	火 ＋ 雨头 ＋ 隹	火	隹
㺄	犭 ＋ 俞	犭	俞
㻬	王 ＋ 雨头 ＋ 二 ＋ 折	王	折
㽏	氵 ＋ 全字头 ＋ 一 ＋ 口 ＋ 甘	氵	廿
㿠	白 ＋ 尚字头 ＋ 兀	白	儿
䁖	目 ＋ 米 ＋ 女	日	女
䂮	丰 ＋ 刀 ＋ 石	丰	石
䃅	石 ＋ 单	石	单
䃎	石 ＋ 大 ＋ 夕 ＋ 夕	石	夕
䅟	禾 ＋ 厶 ＋ 大 ＋ 彡	禾	彡
䌹	纟 ＋ 冂 ＋ 口	纟	口
䎃	冂 ＋ 土 ＋ 习 ＋ 习	匚	习
䎖	丷 ＋ 囗 ＋ 尚字头 ＋ 日 ＋ 习 ＋ 习	八	习
䏝	月 ＋ 专	月	专
䏡	月 ＋ 示	月	示
䏲	月 ＋ 弟	月	弟
䐃	月 ＋ 囗 ＋ 禾	月	禾
䓖	艹 ＋ 宀 ＋ 八 ＋ 力	艹	力
䓛	艹 ＋ 尸 ＋ 出	艹	山
䓨	艹 ＋ 冖 ＋ 缶	艹	击
䓫	艹 ＋ 大 ＋ 可	艹	寸
䓬	艹 ＋ 卢字头 ＋ 日 ＋ 十	艹	十
䗖	虫 ＋ 带字头 ＋ 冖 ＋ 巾	虫	巾
䗛	虫 ＋ 亻 ＋ 丨 ＋ 夂 ＋ 青字底	虫	月
䗪	广 ＋ 廿 ＋ 灬 ＋ 虫	广	虫
䗴	虫 ＋ 竹头 ＋ 壬 ＋ 廴	虫	辶
䜣	讠 ＋ 斤	讠	斤
䝙	豸 ＋ 匚 ＋ 㐅	豕	交
䢺	出 ＋ 阝	山	卩
䢼	龷 ＋ 八 ＋ 阝	廿	卩
䣘	尚头 ＋ 土 ＋ 阝	宀	卩
䥽	钅 ＋ 折 ＋ 撇 ＋ 又 ＋ 点	钅	点
䦃	钅 ＋ 艹 ＋ 耂 ＋ 日	钅	日
䲟	鱼 ＋ 印	鱼	卵
䲠	鱼 ＋ 春字头 ＋ 日	鱼	日
䲢	月 ＋ 龹 ＋ 鱼	月	鱼
䴓	一 ＋ 巾 ＋ 鸟	横	鸟
䴔	交 ＋ 鸟	交	鸟
䴕	歹 ＋ 刂 ＋ 鸟	夕	鸟
䴖	龶 ＋ 青字底 ＋ 鸟	丰	鸟
䴗	目 ＋ 犬 ＋ 鸟	日	鸟
䴘	反字框 ＋ 卜 ＋ 厂 ＋ 匕 ＋ 几 ＋ 鸟	撇	鸟
䴙	尸 ＋ 口 ＋ 辛 ＋ 鸟	尸	鸟
䶮	龙 ＋ 天	龙	大
一	一	横	横
丁	丁	寸	寸
七	七	匕	匕
万	横 ＋ 撇 ＋ 折	横	折
丈	左字框 ＋ 丶	十	点
三	三	三	三
上	卜 ＋ 横	卜	横
下	横 ＋ 卜	横	卜
不	一 ＋ 亻 ＋ 点	横	点
与	一 ＋ 折 ＋ 一	横	横
丏	一 ＋ 丨 ＋ 折 ＋ 折	横	折
丐	一 ＋ 卢字头 ＋ 折	横	折
丑	折 ＋ 土	折	土
专	专	专	专
且	且	且	且
丕	一 ＋ 亻 ＋ 点 ＋ 一	横	横
世	廿 ＋ 折	廿	折
丘	丘	丘	丘
丙	一 ＋ 冂 ＋ 人	横	人
业	业	业	业
丛	人 ＋ 人 ＋ 一	人	横
东	东	车	车
丝	纟 ＋ 纟	纟	纟
丞	折 ＋ 水 ＋ 一	折	横
丢	壬 ＋ 厶	土	厶
两	两	丽	丽
严	亚 ＋ 丿	业	撇
丧	十 ＋ 丷 ＋ 畏字底带横	十	定字底
个	全字头 ＋ 丨	人	竖
丫	丷 ＋ 丨	八	竖
中	口 ＋ 竖	口	竖
丰	丰	丰	丰
串	口 ＋ 口 ＋ 丨	口	竖
临	览字头 ＋ 囗 ＋ 竖	览字头	竖
丸	丸	九	九
丹	周字框 ＋ 亠	几	亠
为	为	力	力
主	亠 ＋ 土	亠	土
丽	丽	丽	丽
举	应字心 ＋ 八 ＋ 举字底	小	扌
乂	㐅	交	交
乃	乃	乃	乃
久	久	又	又
么	丿 ＋ 厶	撇	厶
义	丶 ＋ 㐅	点	交
之	之	之	之
乌	乌	鸟	鸟
乍	卧人 ＋ 卢字头 ＋ 一	卧人	横
乎	撇 ＋ 丷 ＋ 一 ＋ 竖	撇	竖
乏	撇 ＋ 之	撇	之
乐	乐	乐	乐
乒	丘 ＋ 丿	丘	撇
乓	丘 ＋ 丶	丘	点
乔	乔	竖	竖
乖	千 ＋ 北字旁 ＋ 匕	干	匕
乘	禾 ＋ 北字旁 ＋ 匕	禾	匕
乙	乙	乙	乙
乜	折 ＋ 折	折	折
九	九	九	九
乞	卧人 ＋ 乙	卧人	乙
也	也	也	也
习	习	习	习
乡	乡	纟	纟
书	折 ＋ 折 ＋ 丨 ＋ 丶	折	点
乩	卢字头 ＋ 口 ＋ 折	卜	折
买	折 ＋ 冬字底 ＋ 大	折	大
乱	千 ＋ 口 ＋ 折	干	折
乳	爫 ＋ 子 ＋ 折	爫	折
乸	也 ＋ 母	也	母
乾	十 ＋ 日 ＋ 十 ＋ 卧人 ＋ 乙	十	乙
了	了	子	子
予	予	予	予
争	⺈ ＋ 争字底	刀	争字底
事	横 ＋ 口 ＋ 争字底	横	争字底
二	二	二	二
亍	一 ＋ 丁	横	寸
于	于	干	干
亏	二 ＋ 折	二	折
云	二 ＋ 厶	二	厶
互	互	争字底	争字底
亓	一 ＋ 丌	横	儿
五	五	五	五
井	井	井	井
亘	一 ＋ 日 ＋ 一	横	横
亚	亚	业	业
些	止 ＋ 匕 ＋ 二	止	二
亟	了 ＋ 口 ＋ 又 ＋ 一	子	横
亡	亠 ＋ 折	亠	折
亢	亠 ＋ 几	亠	几
交	交	交	交
亥	亠 ＋ 折 ＋ 丿 ＋ 人	亠	人
亦	亦	变字头	变字头
产	立 ＋ 丿	立	撇
亨	享字头 ＋ 了	享字头	子
亩	亠 ＋ 田	亠	田
享	享字头 ＋ 子	享字头	子
京	享字头 ＋ 小	享字头	小
亭	享字头 ＋ 冖 ＋ 丁	享字头	寸
亮	享字头 ＋ 冖 ＋ 几	享字头	几
亲	立 ＋ 一 ＋ 小	立	小
亳	享字头 ＋ 冖 ＋ 撇 ＋ 七	享字头	匕
亵	衣 ＋ 扌 ＋ 丸	衣	九
亶	亠 ＋ 囗 ＋ 口 ＋ 日 ＋ 一	亠	横
亸	享字头 ＋ 子 ＋ 单	享字头	单
亹	亠 ＋ 撇 ＋ 卢字头 ＋ 一 ＋ 冂 ＋ 一 ＋ 口 ＋ 折 ＋ 二 ＋ 冖 ＋ 且	亠	且
人	人	人	人
亿	亻 ＋ 乙	亻	乙
什	亻 ＋ 十	亻	十
仁	亻 ＋ 二	亻	二
仂	亻 ＋ 力	亻	力
仃	亻 ＋ 丁	亻	寸
仄	厂 ＋ 人	广	人
仅	亻 ＋ 又	亻	又
仆	亻 ＋ 卜	亻	卜
仇	亻 ＋ 九	亻	九
仉	亻 ＋ 几	亻	几
今	今	今	今
介	全字头 ＋ 乔字底	人	竖
仍	亻 ＋ 乃	亻	乃
从	人 ＋ 人	人	人
仑	全字头 ＋ 匕	人	匕
仓	全字头 ＋ 㔾	人	已
仔	亻 ＋ 子	亻	子
仕	亻 ＋ 士	亻	土
他	亻 ＋ 也	亻	也
仗	亻 ＋ 左字框 ＋ 丶	亻	点
付	付	付	付
仙	亻 ＋ 山	亻	山
仝	全字头 ＋ 工	人	工
仞	亻 ＋ 刀 ＋ 丶	亻	点
仟	亻 ＋ 千	亻	干
仡	亻 ＋ 卧人 ＋ 乙	亻	乙
代	亻 ＋ 弋	亻	戈
令	令	今	今
以	以	以	以
仨	亻 ＋ 三	亻	三
仪	亻 ＋ 丶 ＋ 㐅	亻	交
仫	亻 ＋ 丿 ＋ 厶	亻	厶
们	亻 ＋ 门	亻	匚
仰	亻 ＋ 卬	亻	卩
仲	亻 ＋ 口 ＋ 竖	亻	竖
仳	亻 ＋ 比字旁 ＋ 匕	亻	匕
仵	亻 ＋ 卧人 ＋ 十	亻	十
件	亻 ＋ 牛	亻	牛
价	亻 ＋ 全字头 ＋ 乔字底	亻	竖
任	亻 ＋ 壬	亻	土
份	亻 ＋ 八 ＋ 刀	亻	刀
仿	亻 ＋ 方	亻	方
企	全字头 ＋ 止	人	止
伈	亻 ＋ 心	亻	忄
伉	亻 ＋ 亠 ＋ 几	亻	几
伊	亻 ＋ 争字底 ＋ 撇	亻	撇
伋	亻 ＋ 及	亻	及
伍	亻 ＋ 五	亻	五
伎	亻 ＋ 十 ＋ 又	亻	又
伏	亻 ＋ 犬	亻	大
伐	亻 ＋ 戈	亻	戈
休	亻 ＋ 木	亻	木
众	全字头 ＋ 人 ＋ 人	人	人
优	亻 ＋ 尤	亻	龙
伙	亻 ＋ 火	亻	火
会	全字头 ＋ 二 ＋ 厶	人	厶
伛	亻 ＋ 匚 ＋ 㐅	亻	交
伞	全字头 ＋ 丷 ＋ 十	人	十
伟	亻 ＋ 韦	亻	韦
传	亻 ＋ 专	亻	专
伢	亻 ＋ 牙	亻	牙
伣	亻 ＋ 见	亻	见
伤	亻 ＋ 卧人 ＋ 力	亻	力
伥	亻 ＋ 长	亻	长
伦	亻 ＋ 全字头 ＋ 匕	亻	匕
伧	亻 ＋ 全字头 ＋ 㔾	亻	已
伪	亻 ＋ 为	亻	力
伫	亻 ＋ 宀 ＋ 一	亻	横
伭	亻 ＋ 亠 ＋ 幺	亻	纟
伯	亻 ＋ 白	亻	白
估	亻 ＋ 古	亻	古
伲	亻 ＋ 尸 ＋ 匕	亻	匕
伴	亻 ＋ 丷 ＋ 举字底	亻	扌
伶	亻 ＋ 令	亻	今
伸	亻 ＋ 申	亻	田
伺	亻 ＋ 折 ＋ 一 ＋ 口	亻	口
似	亻 ＋ 以	亻	以
伽	亻 ＋ 力 ＋ 口	亻	口
伾	亻 ＋ 一 ＋ 亻 ＋ 点 ＋ 一	亻	横
佁	亻 ＋ 厶 ＋ 口	亻	口
佃	亻 ＋ 田	亻	田
但	亻 ＋ 日 ＋ 一	亻	横
位	亻 ＋ 立	亻	立
低	亻 ＋ 氐	亻	氏
住	亻 ＋ 亠 ＋ 土	亻	土
佐	亻 ＋ 左字框 ＋ 工	亻	工
佑	亻 ＋ 左字框 ＋ 口	亻	口
体	亻 ＋ 木 ＋ 一	亻	横
何	亻 ＋ 可	亻	寸
佖	亻 ＋ 必	亻	忄
佗	亻 ＋ 宀 ＋ 匕	亻	匕
佘	全字头 ＋ 示	人	示
余	全字头 ＋ 于 ＋ 八	人	八
佚	亻 ＋ 失	亻	矢
佛	亻 ＋ 弗	亻	弗
作	亻 ＋ 卧人 ＋ 卢字头 ＋ 一	亻	横
佝	亻 ＋ 勹 ＋ 口	亻	口
佞	亻 ＋ 二 ＋ 女	亻	女
佟	亻 ＋ 夂 ＋ 冬字底	亻	点
你	亻 ＋ ⺈ ＋ 小	亻	小
佣	亻 ＋ 周字框 ＋ 举字底	亻	扌
佤	亻 ＋ 瓦	亻	瓦
佥	佥	佥	佥
佩	亻 ＋ 风省 ＋ 一 ＋ 巾	亻	巾
佬	亻 ＋ 耂 ＋ 匕	亻	匕
佯	亻 ＋ 羊	亻	羊
佰	亻 ＋ 一 ＋ 白	亻	白
佳	亻 ＋ 土 ＋ 土	亻	土
佴	亻 ＋ 耳	亻	耳
佶	亻 ＋ 士 ＋ 口	亻	口
佸	亻 ＋ 千 ＋ 口	亻	口
佺	亻 ＋ 全字头 ＋ 王	亻	王
佻	亻 ＋ 冫 ＋ 冫 ＋ 儿	亻	儿
佼	亻 ＋ 交	亻	交
佽	亻 ＋ 冫 ＋ ⺈ ＋ 人	亻	人
佾	亻 ＋ 八 ＋ 青字底	亻	月
使	亻 ＋ 横 ＋ 口 ＋ 乂	亻	交
侁	亻 ＋ 告字头 ＋ 儿	亻	儿
侂	亻 ＋ 广 ＋ 撇 ＋ 七	亻	匕
侃	亻 ＋ 口 ＋ 荒字底	亻	竖
侄	亻 ＋ 至	亻	至
侈	亻 ＋ 夕 ＋ 夕	亻	夕
侉	亻 ＋ 大 ＋ 二 ＋ 折	亻	折
例	亻 ＋ 歹 ＋ 刂	亻	刀
侍	亻 ＋ 土 ＋ 寸	亻	寸
侏	亻 ＋ 朱	亻	未
侑	亻 ＋ 左字框 ＋ 青字底	亻	月
侔	亻 ＋ 厶 ＋ 牛	亻	牛
侗	亻 ＋ 冂 ＋ 一 ＋ 口	亻	口
侘	亻 ＋ 宀 ＋ 撇 ＋ 七	亻	匕
供	亻 ＋ 龷 ＋ 八	亻	八
依	亻 ＋ 衣	亻	衣
侠	亻 ＋ 一 ＋ 丷 ＋ 大	亻	大
侣	亻 ＋ 口 ＋ 口	亻	口
侥	亻 ＋ 尧	亻	尧
侦	亻 ＋ 卢字头 ＋ 贝	亻	见
侧	亻 ＋ 贝 ＋ 刂	亻	刀
侨	亻 ＋ 乔	亻	竖
侩	亻 ＋ 全字头 ＋ 二 ＋ 厶	亻	厶
侪	亻 ＋ 文 ＋ 乔字底	亻	竖
侬	亻 ＋ 冖 ＋ 衣省	亻	衣
侮	亻 ＋ 卧人 ＋ 母	亻	母
侯	亻 ＋ 折 ＋ 一 ＋ 矢	亻	矢
侴	全字头 ＋ 一 ＋ 折 ＋ 土 ＋ 刂	人	刀
侵	亻 ＋ 彐 ＋ 冖 ＋ 又	亻	又
侹	亻 ＋ 壬 ＋ 廴	亻	辶
便	亻 ＋ 一 ＋ 日 ＋ 㐅	亻	交
促	亻 ＋ 足	亻	足
俄	亻 ＋ 撇 ＋ 横 ＋ 折 ＋ 横 ＋ 戈	亻	戈
俅	亻 ＋ 一 ＋ 氺 ＋ 丶	亻	点
俊	亻 ＋ 厶 ＋ 八 ＋ 夂	亻	又
俍	亻 ＋ 丶 ＋ 艮	亻	艮
俎	人 ＋ 人 ＋ 且	人	且
俏	亻 ＋ 尚字头 ＋ 青字底	亻	月
俐	亻 ＋ 利	亻	利
俑	亻 ＋ 龴 ＋ 冂 ＋ 举字底	亻	扌
俗	亻 ＋ 八 ＋ 全字头 ＋ 口	亻	口
俘	亻 ＋ 爫 ＋ 子	亻	子
俙	亻 ＋ 㐅 ＋ 左字框 ＋ 巾	亻	巾
俚	亻 ＋ 里	亻	里
俜	亻 ＋ 由 ＋ 一 ＋ 折	亻	折
保	亻 ＋ 口 ＋ 木	亻	木
俞	俞	俞	俞
俟	亻 ＋ 厶 ＋ 矢	亻	矢
信	亻 ＋ 言	亻	讠
俣	亻 ＋ 口 ＋ 天	亻	大
俦	亻 ＋ 三 ＋ 丿 ＋ 寸	亻	寸
俨	亻 ＋ 亚 ＋ 丿	亻	撇
俩	亻 ＋ 两	亻	丽
俪	亻 ＋ 丽	亻	丽
俫	亻 ＋ 来	亻	来
俭	亻 ＋ 佥	亻	佥
修	亻 ＋ 丨 ＋ 夂 ＋ 彡	亻	彡
俯	亻 ＋ 广 ＋ 付	亻	付
俱	亻 ＋ 具字头 ＋ 八	亻	八
俳	亻 ＋ 非	亻	片
俵	亻 ＋ 龶 ＋ 衣省	亻	衣
俶	亻 ＋ 卜 ＋ 横 ＋ 小 ＋ 又	亻	又
俸	亻 ＋ 春字头 ＋ 举字底	亻	扌
俺	亻 ＋ 大 ＋ 电	亻	田
俾	亻 ＋ 白 ＋ 丿 ＋ 十	亻	十
倌	亻 ＋ 宀 ＋ 官字底	亻	追字心
倍	亻 ＋ 立 ＋ 口	亻	口
倏	亻 ＋ 丨 ＋ 夂 ＋ 犬	亻	大
倒	亻 ＋ 至 ＋ 刂	亻	刀
倓	亻 ＋ 火 ＋ 火	亻	火
倔	亻 ＋ 尸 ＋ 出	亻	山
倕	亻 ＋ 千 ＋ 龷 ＋ 一	亻	横
倘	亻 ＋ 尚字头 ＋ 冖 ＋ 口	亻	口
候	亻 ＋ 丨 ＋ 折 ＋ 一 ＋ 矢	亻	矢
倚	亻 ＋ 大 ＋ 可	亻	寸
倜	亻 ＋ 周字框 ＋ 土 ＋ 口	亻	口
倞	亻 ＋ 享字头 ＋ 小	亻	小
借	亻 ＋ 龷 ＋ 日	亻	日
倡	亻 ＋ 日 ＋ 日	亻	日
倥	亻 ＋ 宀 ＋ 八 ＋ 工	亻	工
倦	亻 ＋ 龹 ＋ 㔾	亻	已
倧	亻 ＋ 宀 ＋ 示	亻	示
倨	亻 ＋ 居	亻	居
倩	亻 ＋ 龶 ＋ 青字底	亻	月
倪	亻 ＋ 臼 ＋ 儿	亻	儿
倬	亻 ＋ 卢字头 ＋ 日 ＋ 十	亻	十
倭	亻 ＋ 禾 ＋ 女	亻	女
倮	亻 ＋ 日 ＋ 木	亻	木
倴	亻 ＋ 大 ＋ 十 ＋ 廾	亻	艹
债	亻 ＋ 龶 ＋ 贝	亻	见
倻	亻 ＋ 耳 ＋ 阝	亻	卩
值	亻 ＋ 十 ＋ 具字头	亻	且
倾	亻 ＋ 比字旁 ＋ 页	亻	见
偁	亻 ＋ 爫 ＋ 冂 ＋ 土	亻	土
偃	亻 ＋ 匚 ＋ 日 ＋ 女	亻	女
假	亻 ＋ 折 ＋ 一 ＋ 卢字头 ＋ 一 ＋ 折 ＋ 一 ＋ 又	亻	又
偈	亻 ＋ 日 ＋ 匃	亻	匚
偌	亻 ＋ 艹 ＋ 左字框 ＋ 口	亻	口
偎	亻 ＋ 田 ＋ 畏字底带横	亻	定字底
偏	亻 ＋ 户 ＋ 冂 ＋ 艹	亻	艹
偓	亻 ＋ 尸 ＋ 至	亻	至
偕	亻 ＋ 比字旁 ＋ 匕 ＋ 白	亻	白
做	亻 ＋ 古 ＋ 攵	亻	又
停	亻 ＋ 享字头 ＋ 冖 ＋ 丁	亻	寸
偡	亻 ＋ 其字头 ＋ 八 ＋ 折	亻	折
健	亻 ＋ 聿 ＋ 廴	亻	辶
偬	亻 ＋ 勿 ＋ 点 ＋ 心	亻	忄
偭	亻 ＋ 面	亻	雨
偰	亻 ＋ 丰 ＋ 刀 ＋ 大	亻	大
偲	亻 ＋ 田 ＋ 心	亻	忄
偶	亻 ＋ 日 ＋ 禺字底	亻	禸
偷	亻 ＋ 俞	亻	俞
偻	亻 ＋ 米 ＋ 女	亻	女
偾	亻 ＋ 十 ＋ 艹 ＋ 贝	亻	见
偿	亻 ＋ 尚字头 ＋ 冖 ＋ 二 ＋ 厶	亻	厶
傀	亻 ＋ 鬼	亻	鬼
傃	亻 ＋ 龶 ＋ 糸	亻	纟
傅	亻 ＋ 甫 ＋ 寸	亻	寸
傈	亻 ＋ 覀 ＋ 木	亻	木
傉	亻 ＋ 厂 ＋ 一 ＋ 畏字底带横 ＋ 寸	亻	寸
傍	亻 ＋ 帝字头 ＋ 方	亻	方
傒	亻 ＋ 爫 ＋ 幺 ＋ 大	亻	大
傕	亻 ＋ 冖 ＋ 隹	亻	隹
傣	亻 ＋ 春字头 ＋ 氺	亻	氵
傥	亻 ＋ 尚头 ＋ 儿	亻	儿
傧	亻 ＋ 宀 ＋ 撇 ＋ 卢字头 ＋ 丨 ＋ 一 ＋ 八	亻	八
储	亻 ＋ 讠 ＋ 耂 ＋ 日	亻	日
傩	亻 ＋ 又 ＋ 隹	亻	隹
催	亻 ＋ 山 ＋ 隹	亻	隹
傲	亻 ＋ 龶 ＋ 折 ＋ 丿 ＋ 攵	亻	又
傺	亻 ＋ 祭字头 ＋ 示	亻	示
傻	亻 ＋ 囟 ＋ 八 ＋ 夂	亻	又
僇	亻 ＋ 习 ＋ 习 ＋ 全字头 ＋ 彡	亻	彡
僎	亻 ＋ 巳 ＋ 巳 ＋ 龷 ＋ 八	亻	八
像	亻 ＋ 象	亻	象
僔	亻 ＋ 丷 ＋ 酉 ＋ 寸	亻	寸
僖	亻 ＋ 士 ＋ 口 ＋ 丷 ＋ 一 ＋ 口	亻	口
僚	亻 ＋ 大 ＋ 丷 ＋ 日 ＋ 小	亻	小
僦	亻 ＋ 享字头 ＋ 小 ＋ 尤	亻	龙
僧	亻 ＋ 丷 ＋ 囗 ＋ 尚字头 ＋ 日	亻	日
僬	亻 ＋ 隹 ＋ 灬	亻	火
僭	亻 ＋ 一 ＋ 折 ＋ 儿 ＋ 一 ＋ 折 ＋ 儿 ＋ 日	亻	日
僮	亻 ＋ 立 ＋ 里	亻	里
僰	朿 ＋ 朿 ＋ 人	束	人
僳	亻 ＋ 覀 ＋ 米	亻	米
僵	亻 ＋ 一 ＋ 田 ＋ 一 ＋ 田 ＋ 一	亻	横
僻	亻 ＋ 尸 ＋ 口 ＋ 辛	亻	辛
儆	亻 ＋ 艹 ＋ 勹 ＋ 口 ＋ 攵	亻	又
儇	亻 ＋ 罒 ＋ 一 ＋ 口 ＋ 衣省	亻	衣
儋	亻 ＋ ⺈ ＋ 厂 ＋ 八 ＋ 言	亻	讠
儒	亻 ＋ 雨头 ＋ 而	亻	雨
儡	亻 ＋ 田 ＋ 田 ＋ 田	亻	田
儦	亻 ＋ 鹿 ＋ 灬	亻	火
儳	亻 ＋ ⺈ ＋ 口 ＋ 比字旁 ＋ 匕 ＋ 兔	亻	兔
儴	亻 ＋ 襄	亻	衣
儿	儿	儿	儿
兀	兀	儿	儿
允	厶 ＋ 儿	厶	儿
元	一 ＋ 兀	横	儿
兄	口 ＋ 儿	口	儿
充	亠 ＋ 厶 ＋ 儿	亠	儿
兆	冫 ＋ 冫 ＋ 儿	氵	儿
先	告字头 ＋ 儿	牛	儿
光	尚字头 ＋ 兀	小	儿
克	古 ＋ 儿	古	儿
免	免	兔	兔
兑	丷 ＋ 口 ＋ 儿	八	儿
兔	兔	兔	兔
兕	丨 ＋ 折 ＋ 见二 ＋ 兀	竖	儿
兖	亠 ＋ 八 ＋ 厶 ＋ 儿	亠	儿
党	尚头 ＋ 儿	宀	儿
兜	白 ＋ 撇 ＋ 折 ＋ 折 ＋ 一 ＋ 儿	白	儿
兢	古 ＋ 儿 ＋ 古 ＋ 儿	古	儿
入	入	人	人
全	全字头 ＋ 王	人	王
八	八	八	八
公	八 ＋ 厶	八	厶
六	亠 ＋ 八	亠	八
兮	八 ＋ 一 ＋ 折	八	折
兰	丷 ＋ 一 ＋ 二	八	二
共	龷 ＋ 八	廿	八
关	丷 ＋ 天	八	大
兴	应字心 ＋ 八	小	八
兵	丘 ＋ 八	丘	八
其	其字头 ＋ 八	廿	八
具	具字头 ＋ 八	且	八
典	见二 ＋ 龷 ＋ 八	匚	八
兹	丷 ＋ 一 ＋ 幺 ＋ 幺	八	纟
养	养字头 ＋ 乔字底	美字头	竖
兼	兼	兼	兼
兽	丷 ＋ 田 ＋ 一 ＋ 口	八	口
冀	北字旁 ＋ 匕 ＋ 田 ＋ 龷 ＋ 八	片	八
冁	单 ＋ 尸 ＋ 艹 ＋ 畏字底带横	单	定字底
内	冂 ＋ 人	匚	人
冈	冂 ＋ 㐅	匚	交
冉	冂 ＋ 土	匚	土
册	周字框 ＋ 周字框 ＋ 一	几	横
再	一 ＋ 冂 ＋ 土	横	土
冏	冂 ＋ 八 ＋ 口	匚	口
冒	见二 ＋ 二 ＋ 目	匚	日
冔	见二 ＋ 二 ＋ 口 ＋ 于	匚	干
冕	见二 ＋ 二 ＋ 免	匚	兔
冗	冖 ＋ 几	宀	几
写	冖 ＋ 一 ＋ 折 ＋ 一	宀	横
军	冖 ＋ 车	宀	车
农	冖 ＋ 衣省	宀	衣
冠	冖 ＋ 一 ＋ 兀 ＋ 寸	宀	寸
冢	冖 ＋ 豖	宀	豕
冤	冖 ＋ 兔	宀	兔
冥	冖 ＋ 日 ＋ 亠 ＋ 八	宀	八
冬	夂 ＋ 冬字底	又	点
冮	冫 ＋ 工	氵	工
冯	冫 ＋ 马	氵	马
冰	冫 ＋ 水	氵	氵
冱	冫 ＋ 互	氵	争字底
冲	冫 ＋ 口 ＋ 竖	氵	竖
决	冫 ＋ 折 ＋ 大	氵	大
况	冫 ＋ 口 ＋ 儿	氵	儿
冶	冫 ＋ 厶 ＋ 口	氵	口
冷	冫 ＋ 令	氵	今
冻	冫 ＋ 东	氵	车
冼	冫 ＋ 告字头 ＋ 儿	氵	儿
冽	冫 ＋ 歹 ＋ 刂	氵	刀
净	冫 ＋ ⺈ ＋ 争字底	氵	争字底
凄	冫 ＋ 横 ＋ 肀 ＋ 女	氵	女
准	冫 ＋ 隹	氵	隹
凇	冫 ＋ 木 ＋ 八 ＋ 厶	氵	厶
凉	冫 ＋ 享字头 ＋ 小	氵	小
凋	冫 ＋ 周字框 ＋ 土 ＋ 口	氵	口
凌	冫 ＋ 土 ＋ 八 ＋ 夂	氵	又
减	冫 ＋ 戊 ＋ 一 ＋ 口	氵	口
凑	冫 ＋ 春字头 ＋ 天	氵	大
凓	冫 ＋ 覀 ＋ 木	氵	木
凘	冫 ＋ 其字头 ＋ 八 ＋ 斤	氵	斤
凛	冫 ＋ 亠 ＋ 囗 ＋ 口 ＋ 示	氵	示
凝	冫 ＋ 肄字旁 ＋ 龴 ＋ 疋	氵	定字底
几	几	几	几
凡	凡	几	几
凤	风省 ＋ 又	几	又
凫	鸟省 ＋ 几	鸟	几
凭	亻 ＋ 壬 ＋ 几	亻	几
凯	山 ＋ 己 ＋ 几	山	几
凰	风省 ＋ 白 ＋ 王	几	王
凳	登字头 ＋ 一 ＋ 口 ＋ 丷 ＋ 一 ＋ 几	夕	几
凶	㐅 ＋ 凵	交	匚
凸	丨 ＋ 一 ＋ 丨 ＋ 折 ＋ 一	竖	横
凹	丨 ＋ 折 ＋ 见二 ＋ 一	竖	横
出	出	山	山
击	击	击	击
凼	水 ＋ 凵	氵	匚
函	折 ＋ 氺 ＋ 凵	折	匚
凿	业 ＋ 南字心 ＋ 凵	业	匚
刀	刀	刀	刀
刁	折 ＋ 一	折	横
刃	刀 ＋ 丶	刀	点
分	八 ＋ 刀	八	刀
切	七 ＋ 刀	匕	刀
刈	㐅 ＋ 刂	交	刀
刊	干 ＋ 刂	干	刀
刍	刍	刍	刍
刎	勿 ＋ 刂	勿	刀
刑	一 ＋ 廾 ＋ 刂	横	刀
划	戈 ＋ 刂	戈	刀
刖	月 ＋ 刂	月	刀
列	歹 ＋ 刂	夕	刀
刘	文 ＋ 刂	文	刀
则	贝 ＋ 刂	见	刀
刚	冂 ＋ 㐅 ＋ 刂	匚	刀
创	全字头 ＋ 㔾 ＋ 刂	人	刀
初	衤 ＋ 刀	礻	刀
删	周字框 ＋ 周字框 ＋ 一 ＋ 刂	几	刀
判	丷 ＋ 二 ＋ 丿 ＋ 刂	八	刀
刨	勹 ＋ 巳 ＋ 刂	匚	刀
利	利	利	利
别	口 ＋ 力 ＋ 刂	口	刀
刬	戋 ＋ 刂	戈	刀
刭	轻字边 ＋ 刂	工	刀
刮	千 ＋ 口 ＋ 刂	干	刀
到	至 ＋ 刂	至	刀
刳	大 ＋ 二 ＋ 折 ＋ 刂	大	刀
制	制字旁 ＋ 刂	牛	刀
刷	尸 ＋ 巾 ＋ 刂	尸	刀
券	龹 ＋ 刀	美字头	刀
刹	㐅 ＋ 一 ＋ 小 ＋ 刂	交	刀
刺	朿 ＋ 刂	束	刀
刻	亠 ＋ 折 ＋ 丿 ＋ 人 ＋ 刂	亠	刀
刽	全字头 ＋ 二 ＋ 厶 ＋ 刂	人	刀
刿	山 ＋ 夕 ＋ 刂	山	刀
剀	山 ＋ 己 ＋ 刂	山	刀
剁	几 ＋ 木 ＋ 刂	几	刀
剂	文 ＋ 乔字底 ＋ 刂	文	刀
剃	弟 ＋ 刂	弟	刀
剅	一 ＋ 口 ＋ 丷 ＋ 一 ＋ 刂	横	刀
削	尚字头 ＋ 青字底 ＋ 刂	小	刀
剋	古 ＋ 儿 ＋ 刂	古	刀
剌	束 ＋ 刂	束	刀
前	丷 ＋ 一 ＋ 青字底 ＋ 刂	八	刀
剐	口 ＋ 冂 ＋ 人 ＋ 刂	口	刀
剑	佥 ＋ 刂	佥	刀
剔	日 ＋ 勿 ＋ 刂	日	刀
剕	非 ＋ 刂	片	刀
剖	立 ＋ 口 ＋ 刂	立	刀
剜	宀 ＋ 夕 ＋ 㔾 ＋ 刂	宀	刀
剞	大 ＋ 可 ＋ 刂	大	刀
剟	又 ＋ 又 ＋ 又 ＋ 又 ＋ 刂	又	刀
剡	火 ＋ 火 ＋ 刂	火	刀
剥	录字头 ＋ 氺 ＋ 刂	争字底	刀
剧	居 ＋ 刂	居	刀
剩	禾 ＋ 北字旁 ＋ 匕 ＋ 刂	禾	刀
剪	丷 ＋ 一 ＋ 青字底 ＋ 刂 ＋ 刀	八	刀
副	一 ＋ 口 ＋ 田 ＋ 刂	横	刀
割	宀 ＋ 丰 ＋ 口 ＋ 刂	宀	刀
剽	覀 ＋ 示 ＋ 刂	西	刀
剿	巛 ＋ 日 ＋ 木 ＋ 刂	巛	刀
劁	隹 ＋ 灬 ＋ 刂	隹	刀
劂	厂 ＋ 丷 ＋ 一 ＋ 凵 ＋ 丿 ＋ ⺈ ＋ 人 ＋ 刂	广	刀
劄	竹头 ＋ 全字头 ＋ 一 ＋ 口 ＋ 刂	竹	刀
劈	尸 ＋ 口 ＋ 辛 ＋ 刀	尸	刀
劐	艹 ＋ 隹 ＋ 又 ＋ 刂	艹	刀
劓	自 ＋ 田 ＋ 丌 ＋ 刂	白	刀
力	力	力	力
劝	又 ＋ 力	又	力
办	办	力	力
功	工 ＋ 力	工	力
加	力 ＋ 口	力	口
务	夂 ＋ 力	又	力
劢	横 ＋ 撇 ＋ 折 ＋ 力	横	力
劣	少三 ＋ 丿 ＋ 力	小	力
动	二 ＋ 厶 ＋ 力	二	力
助	且 ＋ 力	且	力
努	女 ＋ 又 ＋ 力	女	力
劫	土 ＋ 厶 ＋ 力	土	力
劬	勹 ＋ 口 ＋ 力	匚	力
劭	刀 ＋ 口 ＋ 力	刀	力
励	厉 ＋ 力	厉	力
劲	轻字边 ＋ 力	工	力
劳	艹 ＋ 冖 ＋ 力	艹	力
劼	士 ＋ 口 ＋ 力	土	力
劾	亠 ＋ 折 ＋ 丿 ＋ 人 ＋ 力	亠	力
势	扌 ＋ 丸 ＋ 力	扌	力
勃	十 ＋ 冖 ＋ 子 ＋ 力	十	力
勇	龴 ＋ 冂 ＋ 举字底 ＋ 力	厶	力
勉	免 ＋ 力	兔	力
勋	口 ＋ 贝 ＋ 力	口	力
勍	享字头 ＋ 小 ＋ 力	享字头	力
勐	子 ＋ 皿 ＋ 力	子	力
勒	革 ＋ 力	廿	力
勔	面 ＋ 力	雨	力
勖	见二 ＋ 二 ＋ 目 ＋ 力	匚	力
勘	其字头 ＋ 八 ＋ 折 ＋ 力	廿	力
勚	廿 ＋ 折 ＋ 贝 ＋ 力	廿	力
募	莫 ＋ 力	莫	力
勠	习 ＋ 习 ＋ 全字头 ＋ 彡 ＋ 力	习	力
勤	廿 ＋ 口 ＋ 龶 ＋ 力	廿	力
勰	力 ＋ 力 ＋ 力 ＋ 田 ＋ 心	力	忄
勺	勹 ＋ 丶	匚	点
勾	勹 ＋ 厶	匚	厶
勿	勿	勿	勿
匀	勹 ＋ 冫	匚	氵
包	勹 ＋ 巳	匚	已
匆	勿 ＋ 点	勿	点
匈	勹 ＋ 㐅 ＋ 凵	匚	匚
匍	勹 ＋ 甫	匚	甫
匏	大 ＋ 二 ＋ 折 ＋ 勹 ＋ 巳	大	已
匐	勹 ＋ 一 ＋ 口 ＋ 田	匚	田
匕	匕	匕	匕
化	亻 ＋ 化字边	亻	匕
北	北字旁 ＋ 匕	片	匕
匙	日 ＋ 定字底 ＋ 匕	日	匕
匜	匚 ＋ 也	匚	也
匝	匚 ＋ 巾	匚	巾
匠	匚 ＋ 斤	匚	斤
匡	匚 ＋ 王	匚	王
匣	匚 ＋ 甲	匚	田
匦	匚 ＋ 车旁 ＋ 九	匚	九
匪	匚 ＋ 非	匚	片
匮	匚 ＋ 贵字头 ＋ 贝	匚	见
匹	匚 ＋ 儿	匚	儿
区	匚 ＋ 㐅	匚	交
医	匚 ＋ 矢	匚	矢
匼	匚 ＋ 全字头 ＋ 一 ＋ 口	匚	口
匾	匚 ＋ 户 ＋ 冂 ＋ 艹	匚	艹
匿	匚 ＋ 艹 ＋ 左字框 ＋ 口	匚	口
十	十	十	十
千	千	干	干
卅	卅	艹	艹
升	撇 ＋ 廾	撇	艹
午	卧人 ＋ 十	卧人	十
卉	十 ＋ 廾	十	艹
半	丷 ＋ 举字底	八	扌
华	亻 ＋ 化字边 ＋ 十	亻	十
协	十 ＋ 办	十	力
卑	白 ＋ 丿 ＋ 十	白	十
卒	亠 ＋ 人 ＋ 人 ＋ 十	亠	十
卓	卢字头 ＋ 日 ＋ 十	卜	十
单	单	单	单
卖	十 ＋ 折 ＋ 冬字底 ＋ 大	十	大
南	十 ＋ 冂 ＋ 南字心	十	南字心
博	十 ＋ 甫 ＋ 寸	十	寸
卜	卜	卜	卜
卞	亠 ＋ 卜	亠	卜
卟	口 ＋ 卜	口	卜
占	卢字头 ＋ 口	卜	口
卡	卢字头 ＋ 一 ＋ 卜	卜	卜
卢	卢字头 ＋ 尸	卜	尸
卣	卢字头 ＋ 囗 ＋ 折 ＋ 一	卜	横
卤	卢字头 ＋ 囗 ＋ 㐅	卜	交
卦	土 ＋ 土 ＋ 卜	土	卜
卧	臣 ＋ 卜	臣	卜
卫	节字底 ＋ 一	卩	横
卬	卬	卩	卩
卮	反字框 ＋ 一 ＋ 㔾	撇	已
卯	卯	卵	卵
印	印	卵	卵
危	⺈ ＋ 厂 ＋ 㔾	刀	已
即	即字旁 ＋ 卩	艮	卩
却	土 ＋ 厶 ＋ 卩	土	卩
卵	卵	卵	卵
卷	龹 ＋ 㔾	美字头	已
卸	卧人 ＋ 一 ＋ 止 ＋ 卩	卧人	卩
卺	折 ＋ 水 ＋ 一 ＋ 㔾	折	已
卿	卯字旁 ＋ 即字旁 ＋ 卩	卵	卩
厂	厂	广	广
厄	厂 ＋ 㔾	广	已
厅	厂 ＋ 丁	广	寸
历	厂 ＋ 力	广	力
厉	厉	厉	厉
压	厂 ＋ 土 ＋ 丶	广	点
厌	厂 ＋ 犬	广	大
厍	厂 ＋ 车	广	车
厕	厂 ＋ 贝 ＋ 刂	广	刀
厖	厂 ＋ 左字框 ＋ 折 ＋ 彡 ＋ 丶	广	点
厘	厂 ＋ 里	广	里
厚	厂 ＋ 日 ＋ 子	广	子
厝	厂 ＋ 龷 ＋ 日	广	日
原	厂 ＋ 白 ＋ 小	广	小
厢	厂 ＋ 木 ＋ 目	广	日
厣	厂 ＋ 犬 ＋ 甲	广	田
厥	厂 ＋ 丷 ＋ 一 ＋ 凵 ＋ 丿 ＋ ⺈ ＋ 人	广	人
厦	厂 ＋ 一 ＋ 自 ＋ 夂	广	又
厨	厂 ＋ 一 ＋ 口 ＋ 丷 ＋ 一 ＋ 寸	广	寸
厩	厂 ＋ 即字旁 ＋ 一 ＋ 折 ＋ 儿	广	儿
厮	厂 ＋ 其字头 ＋ 八 ＋ 斤	广	斤
去	土 ＋ 厶	土	厶
厾	折 ＋ 土 ＋ 厶	折	厶
县	且 ＋ 厶	且	厶
叁	厶 ＋ 大 ＋ 三	厶	三
参	厶 ＋ 大 ＋ 彡	厶	彡
叆	二 ＋ 厶 ＋ 爫 ＋ 冖 ＋ 左字框 ＋ 又	二	又
叇	二 ＋ 厶 ＋ 折 ＋ 二 ＋ 氺 ＋ 辶	二	辶
又	又	又	又
叉	又 ＋ 丶	又	点
及	及	及	及
友	左字框 ＋ 又	十	又
双	又 ＋ 又	又	又
反	反字框 ＋ 又	撇	又
发	折 ＋ 撇 ＋ 又 ＋ 点	折	点
叔	卜 ＋ 横 ＋ 小 ＋ 又	卜	又
叕	又 ＋ 又 ＋ 又 ＋ 又	又	又
取	耳 ＋ 又	耳	又
受	爫 ＋ 冖 ＋ 又	爫	又
变	变字头 ＋ 又	变字头	又
叙	全字头 ＋ 于 ＋ 八 ＋ 又	人	又
叚	折 ＋ 一 ＋ 卢字头 ＋ 一 ＋ 折 ＋ 一 ＋ 又	折	又
叛	丷 ＋ 二 ＋ 丿 ＋ 反字框 ＋ 又	八	又
叟	叟字头 ＋ 又	白	又
叠	又 ＋ 又 ＋ 又 ＋ 冖 ＋ 且	又	且
口	口	口	口
古	古	古	古
句	勹 ＋ 口	匚	口
另	口 ＋ 力	口	力
叨	口 ＋ 刀	口	刀
叩	口 ＋ 卩	口	卩
只	口 ＋ 八	口	八
叫	口 ＋ 折 ＋ 丨	口	竖
召	刀 ＋ 口	刀	口
叭	口 ＋ 八	口	八
叮	口 ＋ 丁	口	寸
可	可	寸	寸
台	厶 ＋ 口	厶	口
叱	口 ＋ 化字边	口	匕
史	口 ＋ 乂	口	交
右	左字框 ＋ 口	十	口
叵	匚 ＋ 口	匚	口
叶	口 ＋ 十	口	十
号	口 ＋ 一 ＋ 折	口	折
司	折 ＋ 一 ＋ 口	折	口
叹	口 ＋ 又	口	又
叻	口 ＋ 力	口	力
叼	口 ＋ 折 ＋ 一	口	横
叽	口 ＋ 几	口	几
吁	口 ＋ 于	口	干
吃	口 ＋ 卧人 ＋ 乙	口	乙
各	各	又	又
吆	口 ＋ 幺	口	纟
合	全字头 ＋ 一 ＋ 口	人	口
吉	士 ＋ 口	土	口
吊	口 ＋ 巾	口	巾
同	冂 ＋ 一 ＋ 口	匚	口
名	夕 ＋ 口	夕	口
后	反字框 ＋ 一 ＋ 口	撇	口
吏	横 ＋ 口 ＋ 乂	横	交
吐	口 ＋ 土	口	土
向	向	向	向
吒	口 ＋ 撇 ＋ 七	口	匕
吓	口 ＋ 横 ＋ 卜	口	卜
吕	口 ＋ 口	口	口
吖	口 ＋ 丷 ＋ 丨	口	竖
吗	口 ＋ 马	口	马
君	争字底 ＋ 撇 ＋ 口	争字底	口
吝	文 ＋ 口	文	口
吞	天 ＋ 口	大	口
吟	口 ＋ 今	口	今
吠	口 ＋ 犬	口	大
吡	口 ＋ 比字旁 ＋ 匕	口	匕
吣	口 ＋ 心	口	忄
否	一 ＋ 亻 ＋ 点 ＋ 口	横	口
吧	口 ＋ 巴	口	已
吨	口 ＋ 一 ＋ 凵 ＋ 折	口	折
吩	口 ＋ 八 ＋ 刀	口	刀
含	今 ＋ 口	今	口
听	口 ＋ 斤	口	斤
吭	口 ＋ 亠 ＋ 几	口	几
吮	口 ＋ 厶 ＋ 儿	口	儿
启	户 ＋ 口	尸	口
吱	口 ＋ 十 ＋ 又	口	又
吲	口 ＋ 弓 ＋ 丨	口	竖
吴	口 ＋ 天	口	大
吵	口 ＋ 少三 ＋ 丿	口	撇
吸	口 ＋ 及	口	及
吹	口 ＋ ⺈ ＋ 人	口	人
吻	口 ＋ 勿	口	勿
吼	口 ＋ 子 ＋ 折	口	折
吽	口 ＋ 牛	口	牛
吾	五 ＋ 口	五	口
呀	口 ＋ 牙	口	牙
呃	口 ＋ 厂 ＋ 㔾	口	已
呆	口 ＋ 木	口	木
呇	水 ＋ 口	氵	口
呈	口 ＋ 王	口	王
告	告字头 ＋ 口	牛	口
呋	口 ＋ 夫	口	大
呐	口 ＋ 冂 ＋ 人	口	人
呒	口 ＋ 无	口	无
呓	口 ＋ 艹 ＋ 乙	口	乙
呔	口 ＋ 太	口	大
呕	口 ＋ 匚 ＋ 㐅	口	交
呖	口 ＋ 厂 ＋ 力	口	力
呗	口 ＋ 贝	口	见
员	口 ＋ 贝	口	见
呙	口 ＋ 冂 ＋ 人	口	人
呛	口 ＋ 全字头 ＋ 㔾	口	已
呜	口 ＋ 乌	口	鸟
呢	口 ＋ 尸 ＋ 匕	口	匕
呣	口 ＋ 母	口	母
呤	口 ＋ 令	口	今
呦	口 ＋ 幺 ＋ 力	口	力
周	周字框 ＋ 土 ＋ 口	几	口
呱	口 ＋ 瓜	口	爫
呲	口 ＋ 止 ＋ 匕	口	匕
味	口 ＋ 未	口	未
呵	口 ＋ 可	口	寸
呶	口 ＋ 女 ＋ 又	口	又
呷	口 ＋ 甲	口	田
呸	口 ＋ 一 ＋ 亻 ＋ 点 ＋ 一	口	横
呻	口 ＋ 申	口	田
呼	口 ＋ 撇 ＋ 丷 ＋ 一 ＋ 竖	口	竖
命	全字头 ＋ 一 ＋ 口 ＋ 卩	人	卩
咀	口 ＋ 且	口	且
咂	口 ＋ 匚 ＋ 巾	口	巾
咄	口 ＋ 出	口	山
咆	口 ＋ 勹 ＋ 巳	口	已
咇	口 ＋ 必	口	忄
咉	口 ＋ 见二 ＋ 大	口	大
咋	口 ＋ 卧人 ＋ 卢字头 ＋ 一	口	横
和	禾 ＋ 口	禾	口
咍	口 ＋ 厶 ＋ 口	口	口
咎	夂 ＋ 卜 ＋ 口	又	口
咏	口 ＋ 永	口	永
咐	口 ＋ 付	口	付
咒	口 ＋ 口 ＋ 几	口	几
咔	口 ＋ 卢字头 ＋ 一 ＋ 卜	口	卜
咕	口 ＋ 古	口	古
咖	口 ＋ 力 ＋ 口	口	口
咙	口 ＋ 龙	口	龙
咚	口 ＋ 夂 ＋ 冬字底	口	点
咛	口 ＋ 宀 ＋ 丁	口	寸
咝	口 ＋ 纟 ＋ 纟	口	纟
咡	口 ＋ 耳	口	耳
咣	口 ＋ 尚字头 ＋ 兀	口	儿
咤	口 ＋ 宀 ＋ 撇 ＋ 七	口	匕
咥	口 ＋ 至	口	至
咦	口 ＋ 夷	口	夷
咧	口 ＋ 歹 ＋ 刂	口	刀
咨	冫 ＋ ⺈ ＋ 人 ＋ 口	氵	口
咩	口 ＋ 羊	口	羊
咪	口 ＋ 米	口	米
咫	尺 ＋ 口 ＋ 八	尸	八
咬	口 ＋ 交	口	交
咯	口 ＋ 各	口	又
咱	口 ＋ 自	口	白
咳	口 ＋ 亠 ＋ 折 ＋ 丿 ＋ 人	口	人
咴	口 ＋ 左字框 ＋ 火	口	火
咸	戊 ＋ 一 ＋ 口	戈	口
咺	口 ＋ 一 ＋ 日 ＋ 一	口	横
咻	口 ＋ 亻 ＋ 木	口	木
咽	口 ＋ 囗 ＋ 大	口	大
咿	口 ＋ 亻 ＋ 争字底 ＋ 撇	口	撇
哀	衣 ＋ 口	衣	口
品	口 ＋ 口 ＋ 口	口	口
哂	口 ＋ 西	口	西
哃	口 ＋ 冂 ＋ 一 ＋ 口	口	口
哄	口 ＋ 龷 ＋ 八	口	八
哆	口 ＋ 夕 ＋ 夕	口	夕
哇	口 ＋ 土 ＋ 土	口	土
哈	口 ＋ 全字头 ＋ 一 ＋ 口	口	口
哉	十 ＋ 戈 ＋ 口	十	口
哌	口 ＋ 反字框 ＋ 旅下角	口	氏
响	口 ＋ 向	口	向
哎	口 ＋ 艹 ＋ 㐅	口	交
哏	口 ＋ 艮	口	艮
哐	口 ＋ 匚 ＋ 王	口	王
哑	口 ＋ 亚	口	业
哒	口 ＋ 大 ＋ 辶	口	辶
哓	口 ＋ 尧	口	尧
哔	口 ＋ 比字旁 ＋ 匕 ＋ 十	口	十
哕	口 ＋ 山 ＋ 夕	口	夕
哗	口 ＋ 亻 ＋ 化字边 ＋ 十	口	十
哙	口 ＋ 全字头 ＋ 二 ＋ 厶	口	厶
哚	口 ＋ 几 ＋ 木	口	木
哝	口 ＋ 冖 ＋ 衣省	口	衣
哞	口 ＋ 厶 ＋ 牛	口	牛
哟	口 ＋ 纟 ＋ 勹 ＋ 丶	口	点
哢	口 ＋ 王 ＋ 廾	口	艹
哥	可 ＋ 可	寸	寸
哦	口 ＋ 撇 ＋ 横 ＋ 折 ＋ 横 ＋ 戈	口	戈
哧	口 ＋ 土 ＋ 亦字底	口	变字头
哨	口 ＋ 尚字头 ＋ 青字底	口	月
哩	口 ＋ 里	口	里
哪	口 ＋ 折 ＋ 二 ＋ 丿 ＋ 阝	口	卩
哭	口 ＋ 口 ＋ 犬	口	大
哮	口 ＋ 耂 ＋ 子	口	子
哱	口 ＋ 十 ＋ 冖 ＋ 子	口	子
哲	扌 ＋ 斤 ＋ 口	扌	口
哳	口 ＋ 扌 ＋ 斤	口	斤
哺	口 ＋ 甫	口	甫
哼	口 ＋ 享字头 ＋ 了	口	子
哽	口 ＋ 一 ＋ 日 ＋ 㐅	口	交
哿	力 ＋ 口 ＋ 可	力	寸
唁	口 ＋ 言	口	讠
唆	口 ＋ 厶 ＋ 八 ＋ 夂	口	又
唇	厂 ＋ 一 ＋ 畏字底带横 ＋ 口	广	口
唉	口 ＋ 厶 ＋ 矢	口	矢
唏	口 ＋ 㐅 ＋ 左字框 ＋ 巾	口	巾
唐	广 ＋ 肀 ＋ 口	广	口
唑	口 ＋ 人 ＋ 人 ＋ 土	口	土
唔	口 ＋ 五 ＋ 口	口	口
唛	口 ＋ 龶 ＋ 夂	口	又
唝	口 ＋ 工 ＋ 贝	口	见
唠	口 ＋ 艹 ＋ 冖 ＋ 力	口	力
唢	口 ＋ 尚字头 ＋ 贝	口	见
唣	口 ＋ 白 ＋ 七	口	匕
唤	口 ＋ ⺈ ＋ 见二 ＋ 大	口	大
唧	口 ＋ 即字旁 ＋ 卩	口	卩
唪	口 ＋ 春字头 ＋ 举字底	口	扌
唬	口 ＋ 卜 ＋ 厂 ＋ 匕 ＋ 几	口	几
售	隹 ＋ 口	隹	口
唯	口 ＋ 隹	口	隹
唰	口 ＋ 尸 ＋ 巾 ＋ 刂	口	刀
唱	口 ＋ 日 ＋ 日	口	日
唳	口 ＋ 户 ＋ 犬	口	大
唵	口 ＋ 大 ＋ 电	口	田
唷	口 ＋ 亠 ＋ 厶 ＋ 青字底	口	月
唼	口 ＋ 立 ＋ 女	口	女
唾	口 ＋ 千 ＋ 龷 ＋ 一	口	横
唿	口 ＋ 勿 ＋ 心	口	忄
啁	口 ＋ 周字框 ＋ 土 ＋ 口	口	口
啃	口 ＋ 止 ＋ 青字底	口	月
啄	口 ＋ 豖	口	豕
商	商	商	商
啉	口 ＋ 木 ＋ 木	口	木
啊	口 ＋ 阝 ＋ 可	口	寸
啐	口 ＋ 亠 ＋ 人 ＋ 人 ＋ 十	口	十
啕	口 ＋ 勹 ＋ 缶	口	击
啖	口 ＋ 火 ＋ 火	口	火
啜	口 ＋ 又 ＋ 又 ＋ 又 ＋ 又	口	又
啡	口 ＋ 非	口	片
啤	口 ＋ 白 ＋ 丿 ＋ 十	口	十
啥	口 ＋ 全字头 ＋ 干 ＋ 口	口	口
啦	口 ＋ 扌 ＋ 立	口	立
啧	口 ＋ 龶 ＋ 贝	口	见
啪	口 ＋ 扌 ＋ 白	口	白
啫	口 ＋ 耂 ＋ 日	口	日
啬	十 ＋ 丷 ＋ 一 ＋ 囗 ＋ 口	十	口
啭	口 ＋ 车旁 ＋ 专	口	专
啮	口 ＋ 止 ＋ 人 ＋ 凵	口	匚
啰	口 ＋ 罒 ＋ 夕	口	夕
啴	口 ＋ 单	口	单
啵	口 ＋ 氵 ＋ 皮	口	皮
啶	口 ＋ 宀 ＋ 定字底	口	定字底
啷	口 ＋ 丶 ＋ 即字旁 ＋ 阝	口	卩
啸	口 ＋ 肀 ＋ 乔字底 ＋ 八	口	八
啻	帝字头 ＋ 巾 ＋ 口	宀	口
啼	口 ＋ 帝字头 ＋ 巾	口	巾
啾	口 ＋ 禾 ＋ 火	口	火
喀	口 ＋ 宀 ＋ 各	口	又
喁	口 ＋ 日 ＋ 禺字底	口	禸
喂	口 ＋ 田 ＋ 畏字底带横	口	定字底
喃	口 ＋ 十 ＋ 冂 ＋ 南字心	口	南字心
善	羊 ＋ 丷 ＋ 一 ＋ 口	羊	口
喆	士 ＋ 口 ＋ 士 ＋ 口	土	口
喇	口 ＋ 束 ＋ 刂	口	刀
喈	口 ＋ 比字旁 ＋ 匕 ＋ 白	口	白
喉	口 ＋ 亻 ＋ 折 ＋ 一 ＋ 矢	口	矢
喊	口 ＋ 戊 ＋ 一 ＋ 口	口	口
喋	口 ＋ 廿 ＋ 折 ＋ 木	口	木
喏	口 ＋ 艹 ＋ 左字框 ＋ 口	口	口
喑	口 ＋ 音	口	音
喔	口 ＋ 尸 ＋ 至	口	至
喘	口 ＋ 山 ＋ 而	口	雨
喙	口 ＋ 互中间 ＋ 豕	口	豕
喜	士 ＋ 口 ＋ 丷 ＋ 一 ＋ 口	土	口
喝	口 ＋ 日 ＋ 匃	口	匚
喟	口 ＋ 田 ＋ 青字底	口	月
喤	口 ＋ 白 ＋ 王	口	王
喧	口 ＋ 宀 ＋ 一 ＋ 日 ＋ 一	口	横
喱	口 ＋ 厂 ＋ 里	口	里
喳	口 ＋ 木 ＋ 日 ＋ 一	口	横
喵	口 ＋ 艹 ＋ 田	口	田
喷	口 ＋ 十 ＋ 艹 ＋ 贝	口	见
喹	口 ＋ 大 ＋ 土 ＋ 土	口	土
喻	口 ＋ 俞	口	俞
喽	口 ＋ 米 ＋ 女	口	女
喾	学无子 ＋ 告字头 ＋ 口	宀	口
嗄	口 ＋ 一 ＋ 自 ＋ 夂	口	又
嗅	口 ＋ 自 ＋ 犬	口	大
嗉	口 ＋ 龶 ＋ 糸	口	纟
嗌	口 ＋ 丷 ＋ 一 ＋ 八 ＋ 皿	口	皿
嗍	口 ＋ 丷 ＋ 一 ＋ 凵 ＋ 丿 ＋ 月	口	月
嗐	口 ＋ 宀 ＋ 丰 ＋ 口	口	口
嗑	口 ＋ 土 ＋ 厶 ＋ 皿	口	皿
嗒	口 ＋ 艹 ＋ 全字头 ＋ 一 ＋ 口	口	口
嗓	口 ＋ 又 ＋ 又 ＋ 又 ＋ 木	口	木
嗔	口 ＋ 十 ＋ 具字头 ＋ 八	口	八
嗖	口 ＋ 叟字头 ＋ 又	口	又
嗜	口 ＋ 耂 ＋ 匕 ＋ 日	口	日
嗝	口 ＋ 鬲	口	鬲
嗞	口 ＋ 丷 ＋ 一 ＋ 幺 ＋ 幺	口	纟
嗟	口 ＋ 差字头 ＋ 工	口	工
嗡	口 ＋ 八 ＋ 厶 ＋ 习 ＋ 习	口	习
嗣	口 ＋ 冂 ＋ 艹 ＋ 折 ＋ 一 ＋ 口	口	口
嗤	口 ＋ 凵 ＋ 丨 ＋ 一 ＋ 虫	口	虫
嗥	口 ＋ 白 ＋ 大 ＋ 十	口	十
嗦	口 ＋ 十 ＋ 冖 ＋ 糸	口	纟
嗨	口 ＋ 氵 ＋ 卧人 ＋ 母	口	母
嗪	口 ＋ 春字头 ＋ 禾	口	禾
嗫	口 ＋ 耳 ＋ 又 ＋ 又	口	又
嗬	口 ＋ 艹 ＋ 亻 ＋ 可	口	寸
嗯	口 ＋ 囗 ＋ 大 ＋ 心	口	忄
嗲	口 ＋ 八 ＋ 㐅 ＋ 夕 ＋ 夕	口	夕
嗳	口 ＋ 爫 ＋ 冖 ＋ 左字框 ＋ 又	口	又
嗵	口 ＋ 龴 ＋ 冂 ＋ 举字底 ＋ 辶	口	辶
嗷	口 ＋ 龶 ＋ 折 ＋ 丿 ＋ 攵	口	又
嗽	口 ＋ 束 ＋ ⺈ ＋ 人	口	人
嗾	口 ＋ 方 ＋ 卧人 ＋ 矢	口	矢
嘀	口 ＋ 啇	口	商
嘁	口 ＋ 戊 ＋ 卜 ＋ 横 ＋ 小	口	小
嘈	口 ＋ 一 ＋ 囗 ＋ 艹 ＋ 日	口	日
嘉	士 ＋ 口 ＋ 丷 ＋ 一 ＋ 力 ＋ 口	土	口
嘌	口 ＋ 覀 ＋ 示	口	示
嘎	口 ＋ 一 ＋ 自 ＋ 戈	口	戈
嘏	古 ＋ 折 ＋ 一 ＋ 卢字头 ＋ 一 ＋ 折 ＋ 一 ＋ 又	古	又
嘘	口 ＋ 卜 ＋ 厂 ＋ 匕 ＋ 业	口	业
嘚	口 ＋ 彳 ＋ 日 ＋ 一 ＋ 寸	口	寸
嘛	口 ＋ 广 ＋ 木 ＋ 木	口	木
嘞	口 ＋ 革 ＋ 力	口	力
嘟	口 ＋ 耂 ＋ 日 ＋ 阝	口	卩
嘡	口 ＋ 尚头 ＋ 土	口	土
嘣	口 ＋ 山 ＋ 月 ＋ 月	口	月
嘤	口 ＋ 贝 ＋ 贝 ＋ 女	口	女
嘧	口 ＋ 宀 ＋ 必 ＋ 山	口	山
嘬	口 ＋ 日 ＋ 耳 ＋ 又	口	又
嘭	口 ＋ 士 ＋ 口 ＋ 丷 ＋ 一 ＋ 彡	口	彡
嘱	口 ＋ 尸 ＋ 撇 ＋ 口 ＋ 禺字底	口	禸
嘲	口 ＋ 十 ＋ 日 ＋ 十 ＋ 月	口	月
嘴	口 ＋ 止 ＋ 匕 ＋ 角	口	角
嘶	口 ＋ 其字头 ＋ 八 ＋ 斤	口	斤
嘹	口 ＋ 大 ＋ 丷 ＋ 日 ＋ 小	口	小
嘻	口 ＋ 士 ＋ 口 ＋ 丷 ＋ 一 ＋ 口	口	口
嘿	口 ＋ 黑	口	黑
噀	口 ＋ 巳 ＋ 巳 ＋ 龷 ＋ 八	口	八
噂	口 ＋ 丷 ＋ 酉 ＋ 寸	口	寸
噇	口 ＋ 立 ＋ 里	口	里
噌	口 ＋ 丷 ＋ 囗 ＋ 尚字头 ＋ 日	口	日
噍	口 ＋ 隹 ＋ 灬	口	火
噎	口 ＋ 士 ＋ 冖 ＋ 一 ＋ 口 ＋ 丷 ＋ 一	口	横
噔	口 ＋ 登字头 ＋ 一 ＋ 口 ＋ 丷 ＋ 一	口	横
噗	口 ＋ 业 ＋ 养字头	口	美字头
噘	口 ＋ 厂 ＋ 丷 ＋ 一 ＋ 凵 ＋ 丿 ＋ ⺈ ＋ 人	口	人
噙	口 ＋ 全字头 ＋ 亠 ＋ 㐅 ＋ 凵 ＋ 禸	口	禸
噜	口 ＋ 鱼 ＋ 日	口	日
噢	口 ＋ 向字框 ＋ 米 ＋ 大	口	大
噤	口 ＋ 木 ＋ 木 ＋ 示	口	示
器	口 ＋ 口 ＋ 犬 ＋ 口 ＋ 口	口	口
噩	王 ＋ 口 ＋ 口 ＋ 口 ＋ 口	王	口
噪	口 ＋ 口 ＋ 口 ＋ 口 ＋ 木	口	木
噫	口 ＋ 音 ＋ 心	口	忄
噬	口 ＋ 竹头 ＋ 工 ＋ 人 ＋ 人	口	人
噱	口 ＋ 卜 ＋ 厂 ＋ 匕 ＋ 豕	口	豕
噶	口 ＋ 艹 ＋ 日 ＋ 匃	口	匚
噻	口 ＋ 宀 ＋ 冓头 ＋ 八 ＋ 土	口	土
噼	口 ＋ 尸 ＋ 口 ＋ 辛	口	辛
嚄	口 ＋ 艹 ＋ 隹 ＋ 又	口	又
嚅	口 ＋ 雨头 ＋ 而	口	雨
嚆	口 ＋ 艹 ＋ 享字头 ＋ 冂 ＋ 口	口	口
嚎	口 ＋ 享字头 ＋ 冖 ＋ 豕	口	豕
嚏	口 ＋ 十 ＋ 冖 ＋ 田 ＋ 疋	口	定字底
嚓	口 ＋ 宀 ＋ 祭字头 ＋ 示	口	示
嚚	口 ＋ 口 ＋ 臣 ＋ 口 ＋ 口	口	口
嚣	口 ＋ 口 ＋ 页 ＋ 口 ＋ 口	口	口
嚭	士 ＋ 口 ＋ 丷 ＋ 一 ＋ 口 ＋ 一 ＋ 亻 ＋ 点 ＋ 口	土	口
嚯	口 ＋ 雨头 ＋ 隹	口	隹
嚷	口 ＋ 襄	口	衣
嚼	口 ＋ 爫 ＋ 罒 ＋ 即字旁 ＋ 寸	口	寸
囊	囊字头 ＋ 襄省	宀	衣
囔	口 ＋ 囊字头 ＋ 襄省	口	衣
囚	囗 ＋ 人	囗	人
四	四	皿	皿
回	囗 ＋ 口	囗	口
囟	囟	向	向
因	囗 ＋ 大	囗	大
囡	囗 ＋ 女	囗	女
团	囗 ＋ 才	囗	寸
囤	囗 ＋ 一 ＋ 凵 ＋ 折	囗	折
囫	囗 ＋ 勿	囗	勿
园	囗 ＋ 一 ＋ 兀	囗	儿
困	囗 ＋ 木	囗	木
囱	囱	向	向
围	囗 ＋ 韦	囗	韦
囵	囗 ＋ 全字头 ＋ 匕	囗	匕
囷	囗 ＋ 禾	囗	禾
囹	囗 ＋ 令	囗	今
固	囗 ＋ 古	囗	古
国	囗 ＋ 玉	囗	王
图	囗 ＋ 夂 ＋ 冬字底	囗	点
囿	囗 ＋ 左字框 ＋ 青字底	囗	月
圃	囗 ＋ 甫	囗	甫
圄	囗 ＋ 五 ＋ 口	囗	口
圆	囗 ＋ 口 ＋ 贝	囗	见
圈	囗 ＋ 龹 ＋ 㔾	囗	已
圉	囗 ＋ 土 ＋ 南字心	囗	南字心
圊	囗 ＋ 龶 ＋ 青字底	囗	月
圌	囗 ＋ 山 ＋ 而	囗	雨
圐	囗 ＋ 罒 ＋ 方	囗	方
圙	囗 ＋ 八 ＋ 面	囗	雨
圜	囗 ＋ 罒 ＋ 一 ＋ 口 ＋ 衣省	囗	衣
土	土	土	土
圢	土 ＋ 丁	土	寸
圣	又 ＋ 土	又	土
在	在字框 ＋ 土	十	土
圩	土 ＋ 于	土	干
圪	土 ＋ 卧人 ＋ 乙	土	乙
圫	土 ＋ 撇 ＋ 七	土	匕
圬	土 ＋ 二 ＋ 折	土	折
圭	土 ＋ 土	土	土
圮	土 ＋ 己	土	已
圯	土 ＋ 巳	土	已
地	土 ＋ 也	土	也
圲	土 ＋ 千	土	干
圳	土 ＋ 川	土	川
圹	土 ＋ 广	土	广
场	土 ＋ 杨字边	土	勿
圻	土 ＋ 斤	土	斤
圾	土 ＋ 及	土	及
址	土 ＋ 止	土	止
坂	土 ＋ 反字框 ＋ 又	土	又
均	土 ＋ 勹 ＋ 冫	土	氵
坉	土 ＋ 一 ＋ 凵 ＋ 折	土	折
坊	土 ＋ 方	土	方
坋	土 ＋ 八 ＋ 刀	土	刀
坌	八 ＋ 刀 ＋ 土	八	土
坍	土 ＋ 周字框 ＋ 亠	土	亠
坎	土 ＋ ⺈ ＋ 人	土	人
坏	土 ＋ 一 ＋ 亻 ＋ 点	土	点
坐	人 ＋ 人 ＋ 土	人	土
坑	土 ＋ 亠 ＋ 几	土	几
坒	比字旁 ＋ 匕 ＋ 土	匕	土
块	土 ＋ 折 ＋ 大	土	大
坚	贤字头 ＋ 土	览字头	土
坛	土 ＋ 二 ＋ 厶	土	厶
坜	土 ＋ 厂 ＋ 力	土	力
坝	土 ＋ 贝	土	见
坞	土 ＋ 乌	土	鸟
坟	土 ＋ 文	土	文
坠	阝 ＋ 人 ＋ 土	卩	土
坡	土 ＋ 皮	土	皮
坤	土 ＋ 申	土	田
坥	土 ＋ 且	土	且
坦	土 ＋ 日 ＋ 一	土	横
坨	土 ＋ 宀 ＋ 匕	土	匕
坩	土 ＋ 甘	土	廿
坪	土 ＋ 一 ＋ 丷 ＋ 十	土	十
坫	土 ＋ 卢字头 ＋ 口	土	口
坬	土 ＋ 瓜	土	爫
坭	土 ＋ 尸 ＋ 匕	土	匕
坯	土 ＋ 一 ＋ 亻 ＋ 点 ＋ 一	土	横
坰	土 ＋ 冂 ＋ 口	土	口
坳	土 ＋ 幺 ＋ 力	土	力
坷	土 ＋ 可	土	寸
坻	土 ＋ 氐	土	氏
坼	土 ＋ 斥	土	斤
坽	土 ＋ 令	土	今
垂	千 ＋ 龷 ＋ 一	干	横
垃	土 ＋ 立	土	立
垄	龙 ＋ 土	龙	土
垆	土 ＋ 卢字头 ＋ 尸	土	尸
垈	亻 ＋ 弋 ＋ 土	亻	土
型	一 ＋ 廾 ＋ 刂 ＋ 土	横	土
垌	土 ＋ 冂 ＋ 一 ＋ 口	土	口
垍	土 ＋ 自	土	白
垎	土 ＋ 各	土	又
垏	土 ＋ 聿	土	争字底
垒	厶 ＋ 厶 ＋ 厶 ＋ 土	厶	土
垓	土 ＋ 亠 ＋ 折 ＋ 丿 ＋ 人	土	人
垕	反字框 ＋ 一 ＋ 口 ＋ 土	撇	土
垙	土 ＋ 尚字头 ＋ 兀	土	儿
垚	土 ＋ 土 ＋ 土	土	土
垛	土 ＋ 几 ＋ 木	土	木
垞	土 ＋ 宀 ＋ 撇 ＋ 七	土	匕
垟	土 ＋ 羊	土	羊
垠	土 ＋ 艮	土	艮
垡	亻 ＋ 戈 ＋ 土	亻	土
垢	土 ＋ 反字框 ＋ 一 ＋ 口	土	口
垣	土 ＋ 一 ＋ 日 ＋ 一	土	横
垤	土 ＋ 至	土	至
垦	艮 ＋ 土	艮	土
垧	土 ＋ 向	土	向
垩	亚 ＋ 土	业	土
垫	扌 ＋ 丸 ＋ 土	扌	土
垭	土 ＋ 亚	土	业
垮	土 ＋ 大 ＋ 二 ＋ 折	土	折
垯	土 ＋ 大 ＋ 辶	土	辶
垱	土 ＋ 尚字头 ＋ 彐	土	争字底
垲	土 ＋ 山 ＋ 己	土	已
垴	土 ＋ 亠 ＋ 㐅 ＋ 凵	土	匚
垵	土 ＋ 宀 ＋ 女	土	女
垸	土 ＋ 宀 ＋ 一 ＋ 兀	土	儿
垺	土 ＋ 爫 ＋ 子	土	子
垾	土 ＋ 日 ＋ 干	土	干
垿	土 ＋ 广 ＋ 予	土	予
埂	土 ＋ 一 ＋ 日 ＋ 㐅	土	交
埃	土 ＋ 厶 ＋ 矢	土	矢
埆	土 ＋ 角	土	角
埇	土 ＋ 龴 ＋ 冂 ＋ 举字底	土	扌
埋	土 ＋ 里	土	里
埌	土 ＋ 丶 ＋ 艮	土	艮
城	土 ＋ 戊 ＋ 折	土	折
埏	土 ＋ 撇 ＋ 卢字头 ＋ 折 ＋ 廴	土	辶
埒	土 ＋ 爫 ＋ 寸	土	寸
埔	土 ＋ 甫	土	甫
埕	土 ＋ 口 ＋ 王	土	王
埗	土 ＋ 止 ＋ 丨 ＋ 丿 ＋ 丿	土	撇
埘	土 ＋ 日 ＋ 寸	土	寸
埙	土 ＋ 口 ＋ 贝	土	见
埚	土 ＋ 口 ＋ 冂 ＋ 人	土	人
埝	土 ＋ 今 ＋ 心	土	忄
域	土 ＋ 戈 ＋ 口 ＋ 一	土	横
埠	土 ＋ 追字心 ＋ 十	土	十
埤	土 ＋ 白 ＋ 丿 ＋ 十	土	十
埪	土 ＋ 宀 ＋ 八 ＋ 工	土	工
埫	土 ＋ 尚字头 ＋ 冖 ＋ 口	土	口
埭	土 ＋ 折 ＋ 二 ＋ 氺	土	氵
埯	土 ＋ 大 ＋ 电	土	田
埴	土 ＋ 十 ＋ 具字头	土	且
埵	土 ＋ 千 ＋ 龷 ＋ 一	土	横
埸	土 ＋ 日 ＋ 勿	土	勿
培	土 ＋ 立 ＋ 口	土	口
基	其字头 ＋ 八 ＋ 土	廿	土
埼	土 ＋ 大 ＋ 可	土	寸
埽	土 ＋ 彐 ＋ 冖 ＋ 巾	土	巾
堂	尚头 ＋ 土	宀	土
堃	方 ＋ 方 ＋ 土	方	土
堆	土 ＋ 隹	土	隹
堇	廿 ＋ 口 ＋ 龶	廿	丰
堉	土 ＋ 亠 ＋ 厶 ＋ 青字底	土	月
堋	土 ＋ 月 ＋ 月	土	月
堌	土 ＋ 囗 ＋ 古	土	古
堍	土 ＋ 兔	土	兔
堎	土 ＋ 土 ＋ 八 ＋ 夂	土	又
堐	土 ＋ 厂 ＋ 土 ＋ 土	土	土
堑	车旁 ＋ 斤 ＋ 土	车	土
堕	阝 ＋ 左字框 ＋ 青字底 ＋ 土	卩	土
堙	土 ＋ 覀 ＋ 土	土	土
堞	土 ＋ 廿 ＋ 折 ＋ 木	土	木
堠	土 ＋ 亻 ＋ 折 ＋ 一 ＋ 矢	土	矢
堡	亻 ＋ 口 ＋ 木 ＋ 土	亻	土
堤	土 ＋ 日 ＋ 定字底	土	定字底
堧	土 ＋ 而 ＋ 大	土	大
堨	土 ＋ 日 ＋ 匃	土	匚
堪	土 ＋ 其字头 ＋ 八 ＋ 折	土	折
堰	土 ＋ 匚 ＋ 日 ＋ 女	土	女
堲	即字旁 ＋ 卩 ＋ 土	艮	土
堵	土 ＋ 耂 ＋ 日	土	日
堼	土 ＋ 土 ＋ 寸 ＋ 土	土	土
堽	土 ＋ 罒 ＋ 一 ＋ 止	土	止
堾	土 ＋ 春字头 ＋ 日	土	日
塄	土 ＋ 罒 ＋ 方	土	方
塅	土 ＋ 撇 ＋ 卢字头 ＋ 二 ＋ 殳	土	殳
塆	土 ＋ 变字头 ＋ 弓	土	折
塌	土 ＋ 日 ＋ 习 ＋ 习	土	习
塍	月 ＋ 龹 ＋ 土	月	土
塑	丷 ＋ 一 ＋ 凵 ＋ 丿 ＋ 月 ＋ 土	八	土
塔	土 ＋ 艹 ＋ 全字头 ＋ 一 ＋ 口	土	口
塘	土 ＋ 广 ＋ 肀 ＋ 口	土	口
塝	土 ＋ 帝字头 ＋ 方	土	方
塞	宀 ＋ 冓头 ＋ 八 ＋ 土	宀	土
塥	土 ＋ 鬲	土	鬲
填	土 ＋ 十 ＋ 具字头 ＋ 八	土	八
塬	土 ＋ 厂 ＋ 白 ＋ 小	土	小
塱	丶 ＋ 即字旁 ＋ 月 ＋ 土	点	土
塾	享字头 ＋ 子 ＋ 丸 ＋ 土	享字头	土
墀	土 ＋ 尸 ＋ 丨 ＋ 冫 ＋ 撇 ＋ 点 ＋ 牛	土	牛
墁	土 ＋ 日 ＋ 罒 ＋ 又	土	又
境	土 ＋ 音 ＋ 儿	土	儿
墅	里 ＋ 予 ＋ 土	里	土
墈	土 ＋ 其字头 ＋ 八 ＋ 折 ＋ 力	土	力
墉	土 ＋ 广 ＋ 折 ＋ 二 ＋ 冂 ＋ 举字底	土	扌
墐	土 ＋ 廿 ＋ 口 ＋ 龶	土	丰
墒	土 ＋ 商	土	商
墓	莫 ＋ 土	莫	土
墕	土 ＋ 一 ＋ 止 ＋ 一 ＋ 折 ＋ 灬	土	火
墘	土 ＋ 十 ＋ 日 ＋ 十 ＋ 卧人 ＋ 乙	土	乙
墙	土 ＋ 十 ＋ 丷 ＋ 一 ＋ 囗 ＋ 口	土	口
墚	土 ＋ 氵 ＋ 刀 ＋ 丶 ＋ 丶 ＋ 木	土	木
增	土 ＋ 丷 ＋ 囗 ＋ 尚字头 ＋ 日	土	日
墟	土 ＋ 卜 ＋ 厂 ＋ 匕 ＋ 业	土	业
墡	土 ＋ 羊 ＋ 丷 ＋ 一 ＋ 口	土	口
墣	土 ＋ 业 ＋ 养字头	土	美字头
墦	土 ＋ 釆 ＋ 田	土	田
墨	黑 ＋ 土	黑	土
墩	土 ＋ 享字头 ＋ 子 ＋ 攵	土	又
墼	一 ＋ 日 ＋ 十 ＋ 凵 ＋ 殳 ＋ 土	横	土
壁	尸 ＋ 口 ＋ 辛 ＋ 土	尸	土
壅	亠 ＋ 乡 ＋ 隹 ＋ 土	亠	土
壑	卢字头 ＋ 冖 ＋ 一 ＋ 八 ＋ 全字头 ＋ 口 ＋ 又 ＋ 土	卜	土
壕	土 ＋ 享字头 ＋ 冖 ＋ 豕	土	豕
壤	土 ＋ 襄	土	衣
士	士	土	土
壬	壬	土	土
壮	丬 ＋ 士	片	土
声	士 ＋ 尸 ＋ 丨	土	竖
壳	士 ＋ 冖 ＋ 几	土	几
壶	士 ＋ 冖 ＋ 业	土	业
壸	士 ＋ 冖 ＋ 亚	土	业
壹	士 ＋ 冖 ＋ 一 ＋ 口 ＋ 丷 ＋ 一	土	横
处	夂 ＋ 卜	又	卜
备	夂 ＋ 田	又	田
复	卧人 ＋ 日 ＋ 夂	卧人	又
夏	一 ＋ 自 ＋ 夂	横	又
夐	⺈ ＋ 见二 ＋ 全字头 ＋ 目 ＋ 夂	刀	又
夔	丷 ＋ 一 ＋ 自 ＋ 止 ＋ 巳 ＋ 八 ＋ 夂	八	又
夕	夕	夕	夕
外	夕 ＋ 卜	夕	卜
夙	风省 ＋ 歹	几	夕
多	夕 ＋ 夕	夕	夕
夜	亠 ＋ 亻 ＋ 夜下角	亠	夕
够	勹 ＋ 口 ＋ 夕 ＋ 夕	匚	夕
夤	夕 ＋ 宀 ＋ 一 ＋ 由 ＋ 八	夕	八
夥	日 ＋ 木 ＋ 夕 ＋ 夕	日	夕
大	大	大	大
天	天	大	大
太	太	大	大
夫	夫	大	大
夬	折 ＋ 大	折	大
夭	撇 ＋ 大	撇	大
央	见二 ＋ 大	匚	大
夯	大 ＋ 力	大	力
失	失	矢	矢
头	冬字底 ＋ 大	点	大
夷	夷	夷	夷
夸	大 ＋ 二 ＋ 折	大	折
夹	一 ＋ 丷 ＋ 大	横	大
夺	大 ＋ 寸	大	寸
夼	大 ＋ 川	大	川
奁	大 ＋ 匚 ＋ 㐅	大	交
奂	⺈ ＋ 见二 ＋ 大	刀	大
奄	大 ＋ 电	大	田
奇	大 ＋ 可	大	寸
奈	大 ＋ 示	大	示
奉	春字头 ＋ 举字底	美字头	扌
奋	大 ＋ 田	大	田
奎	大 ＋ 土 ＋ 土	大	土
奏	春字头 ＋ 天	美字头	大
契	丰 ＋ 刀 ＋ 大	丰	大
奓	大 ＋ 夕 ＋ 夕	大	夕
奔	大 ＋ 十 ＋ 廾	大	艹
奕	亦 ＋ 大	变字头	大
奖	丬 ＋ 夕 ＋ 大	片	大
套	大 ＋ 一 ＋ 卢字头 ＋ 二 ＋ 厶	大	厶
奘	爿 ＋ 士 ＋ 大	片	大
奚	爫 ＋ 幺 ＋ 大	爫	大
奠	丷 ＋ 酉 ＋ 大	八	大
奡	一 ＋ 自 ＋ 大 ＋ 乔字底	横	竖
奢	大 ＋ 耂 ＋ 日	大	日
奥	向字框 ＋ 米 ＋ 大	向	大
奭	大 ＋ 横 ＋ 白 ＋ 横 ＋ 白	大	白
女	女	女	女
奴	女 ＋ 又	女	又
奶	女 ＋ 乃	女	乃
奸	女 ＋ 干	女	干
她	女 ＋ 也	女	也
好	女 ＋ 子	女	子
妁	女 ＋ 勹 ＋ 丶	女	点
如	女 ＋ 口	女	口
妃	女 ＋ 己	女	已
妄	亠 ＋ 折 ＋ 女	亠	女
妆	丬 ＋ 女	片	女
妇	女 ＋ 彐	女	争字底
妈	女 ＋ 马	女	马
妊	女 ＋ 壬	女	土
妍	女 ＋ 一 ＋ 廾	女	艹
妒	女 ＋ 户	女	尸
妓	女 ＋ 十 ＋ 又	女	又
妖	女 ＋ 撇 ＋ 大	女	大
妗	女 ＋ 今	女	今
妘	女 ＋ 二 ＋ 厶	女	厶
妙	女 ＋ 少三 ＋ 丿	女	撇
妞	女 ＋ 折 ＋ 土	女	土
妣	女 ＋ 比字旁 ＋ 匕	女	匕
妤	女 ＋ 予	女	予
妥	爫 ＋ 女	爫	女
妧	女 ＋ 一 ＋ 兀	女	儿
妨	女 ＋ 方	女	方
妩	女 ＋ 无	女	无
妪	女 ＋ 匚 ＋ 㐅	女	交
妫	女 ＋ 为	女	力
妭	女 ＋ 左字框 ＋ 又 ＋ 丶	女	点
妮	女 ＋ 尸 ＋ 匕	女	匕
妯	女 ＋ 由	女	田
妲	女 ＋ 日 ＋ 一	女	横
妹	女 ＋ 未	女	未
妻	横 ＋ 肀 ＋ 女	横	女
妾	立 ＋ 女	立	女
姆	女 ＋ 母	女	母
姈	女 ＋ 令	女	今
姊	女 ＋ 撇 ＋ 折 ＋ 丨 ＋ 丿	女	撇
始	女 ＋ 厶 ＋ 口	女	口
姐	女 ＋ 且	女	且
姑	女 ＋ 古	女	古
姒	女 ＋ 以	女	以
姓	女 ＋ 丿 ＋ 龶	女	丰
委	禾 ＋ 女	禾	女
姗	女 ＋ 周字框 ＋ 周字框 ＋ 一	女	横
姘	女 ＋ 丷 ＋ 一 ＋ 廾	女	艹
姚	女 ＋ 冫 ＋ 冫 ＋ 儿	女	儿
姜	美字头 ＋ 女	美字头	女
姝	女 ＋ 朱	女	未
姞	女 ＋ 士 ＋ 口	女	口
姣	女 ＋ 交	女	交
姤	女 ＋ 反字框 ＋ 一 ＋ 口	女	口
姥	女 ＋ 耂 ＋ 匕	女	匕
姨	女 ＋ 夷	女	夷
姬	女 ＋ 颐字旁	女	臣
姮	女 ＋ 一 ＋ 日 ＋ 一	女	横
姱	女 ＋ 大 ＋ 二 ＋ 折	女	折
姶	女 ＋ 全字头 ＋ 一 ＋ 口	女	口
姹	女 ＋ 宀 ＋ 撇 ＋ 七	女	匕
姻	女 ＋ 囗 ＋ 大	女	大
姽	女 ＋ ⺈ ＋ 厂 ＋ 㔾	女	已
姿	冫 ＋ ⺈ ＋ 人 ＋ 女	氵	女
娀	女 ＋ 戈 ＋ 左字框	女	十
威	戊 ＋ 一 ＋ 女	戈	女
娃	女 ＋ 土 ＋ 土	女	土
娄	米 ＋ 女	米	女
娅	女 ＋ 亚	女	业
娆	女 ＋ 尧	女	尧
娇	女 ＋ 乔	女	竖
娈	变字头 ＋ 女	变字头	女
娉	女 ＋ 由 ＋ 一 ＋ 折	女	折
娌	女 ＋ 里	女	里
娑	氵 ＋ 少三 ＋ 丿 ＋ 女	氵	女
娓	女 ＋ 尸 ＋ 毛	女	毛
娘	女 ＋ 丶 ＋ 艮	女	艮
娜	女 ＋ 折 ＋ 二 ＋ 丿 ＋ 阝	女	卩
娟	女 ＋ 口 ＋ 青字底	女	月
娠	女 ＋ 厂 ＋ 一 ＋ 畏字底带横	女	定字底
娣	女 ＋ 弟	女	弟
娥	女 ＋ 撇 ＋ 横 ＋ 折 ＋ 横 ＋ 戈	女	戈
娩	女 ＋ 免	女	兔
娱	女 ＋ 口 ＋ 天	女	大
娲	女 ＋ 口 ＋ 冂 ＋ 人	女	人
娴	女 ＋ 门 ＋ 木	女	木
娵	女 ＋ 耳 ＋ 又	女	又
娶	耳 ＋ 又 ＋ 女	耳	女
娼	女 ＋ 日 ＋ 日	女	日
婀	女 ＋ 阝 ＋ 可	女	寸
婆	氵 ＋ 皮 ＋ 女	氵	女
婉	女 ＋ 宀 ＋ 夕 ＋ 㔾	女	已
婊	女 ＋ 龶 ＋ 衣省	女	衣
婌	女 ＋ 卜 ＋ 横 ＋ 小 ＋ 又	女	又
婍	女 ＋ 大 ＋ 可	女	寸
婕	女 ＋ 一 ＋ 肀 ＋ 一 ＋ 丿 ＋ 点	女	点
婘	女 ＋ 龹 ＋ 㔾	女	已
婚	女 ＋ 氏 ＋ 日	女	日
婞	女 ＋ 土 ＋ 南字心	女	南字心
婠	女 ＋ 宀 ＋ 官字底	女	追字心
婢	女 ＋ 白 ＋ 丿 ＋ 十	女	十
婤	女 ＋ 周字框 ＋ 土 ＋ 口	女	口
婧	女 ＋ 龶 ＋ 青字底	女	月
婪	木 ＋ 木 ＋ 女	木	女
婫	女 ＋ 日 ＋ 比字旁 ＋ 匕	女	匕
婳	女 ＋ 一 ＋ 田 ＋ 凵	女	匚
婴	贝 ＋ 贝 ＋ 女	见	女
婵	女 ＋ 单	女	单
婶	女 ＋ 宀 ＋ 申	女	田
婷	女 ＋ 享字头 ＋ 冖 ＋ 丁	女	寸
婺	予 ＋ 丿 ＋ 攵 ＋ 女	予	女
婻	女 ＋ 十 ＋ 冂 ＋ 南字心	女	南字心
婼	女 ＋ 艹 ＋ 左字框 ＋ 口	女	口
婿	女 ＋ 疋 ＋ 青字底	女	月
媂	女 ＋ 帝字头 ＋ 巾	女	巾
媄	女 ＋ 美字头 ＋ 大	女	大
媆	女 ＋ 而 ＋ 大	女	大
媒	女 ＋ 甘 ＋ 木	女	木
媓	女 ＋ 白 ＋ 王	女	王
媖	女 ＋ 艹 ＋ 见二 ＋ 大	女	大
媚	女 ＋ 尸 ＋ 丨 ＋ 目	女	日
媛	女 ＋ 爫 ＋ 一 ＋ 左字框 ＋ 又	女	又
媞	女 ＋ 日 ＋ 定字底	女	定字底
媪	女 ＋ 日 ＋ 皿	女	皿
媭	彡 ＋ 页 ＋ 女	彡	女
媱	女 ＋ 爫 ＋ 缶	女	击
媲	女 ＋ 囟 ＋ 比字旁 ＋ 匕	女	匕
媳	女 ＋ 自 ＋ 心	女	忄
媵	月 ＋ 龹 ＋ 女	月	女
媸	女 ＋ 凵 ＋ 丨 ＋ 一 ＋ 虫	女	虫
媾	女 ＋ 冓头 ＋ 冂 ＋ 土	女	土
嫁	女 ＋ 宀 ＋ 豕	女	豕
嫂	女 ＋ 叟字头 ＋ 又	女	又
嫄	女 ＋ 厂 ＋ 白 ＋ 小	女	小
嫉	女 ＋ 疒 ＋ 矢	女	矢
嫌	女 ＋ 兼	女	兼
嫒	女 ＋ 爫 ＋ 冖 ＋ 左字框 ＋ 又	女	又
嫔	女 ＋ 宀 ＋ 撇 ＋ 卢字头 ＋ 丨 ＋ 一 ＋ 八	女	八
嫕	女 ＋ 匚 ＋ 矢 ＋ 心	女	忄
嫖	女 ＋ 覀 ＋ 示	女	示
嫘	女 ＋ 田 ＋ 糸	女	纟
嫚	女 ＋ 日 ＋ 罒 ＋ 又	女	又
嫜	女 ＋ 音 ＋ 十	女	十
嫠	未 ＋ 攵 ＋ 厂 ＋ 女	未	女
嫡	女 ＋ 啇	女	商
嫣	女 ＋ 一 ＋ 止 ＋ 一 ＋ 折 ＋ 灬	女	火
嫦	女 ＋ 尚头 ＋ 巾	女	巾
嫩	女 ＋ 束 ＋ 攵	女	又
嫪	女 ＋ 习 ＋ 习 ＋ 全字头 ＋ 彡	女	彡
嫫	女 ＋ 莫	女	莫
嫭	女 ＋ 卜 ＋ 厂 ＋ 匕 ＋ 撇 ＋ 丷 ＋ 一 ＋ 竖	女	竖
嫱	女 ＋ 十 ＋ 丷 ＋ 一 ＋ 囗 ＋ 口	女	口
嫽	女 ＋ 大 ＋ 丷 ＋ 日 ＋ 小	女	小
嬉	女 ＋ 士 ＋ 口 ＋ 丷 ＋ 一 ＋ 口	女	口
嬖	尸 ＋ 口 ＋ 辛 ＋ 女	尸	女
嬗	女 ＋ 亠 ＋ 囗 ＋ 口 ＋ 日 ＋ 一	女	横
嬛	女 ＋ 罒 ＋ 一 ＋ 口 ＋ 衣省	女	衣
嬥	女 ＋ 习 ＋ 习 ＋ 隹	女	隹
嬬	女 ＋ 雨头 ＋ 而	女	雨
嬴	赢字架 ＋ 女	赢字架	女
嬷	女 ＋ 广 ＋ 木 ＋ 木 ＋ 丿 ＋ 厶	女	厶
嬿	女 ＋ 廿 ＋ 口 ＋ 北字旁 ＋ 匕 ＋ 灬	女	火
孀	女 ＋ 雨头 ＋ 木 ＋ 目	女	日
孅	女 ＋ 人 ＋ 人 ＋ 戈 ＋ 非 ＋ 一	女	横
子	子	子	子
孑	子	子	子
孓	了 ＋ 点	子	点
孔	子 ＋ 折	子	折
孕	乃 ＋ 子	乃	子
孖	子 ＋ 子	子	子
字	宀 ＋ 子	宀	子
存	在字框 ＋ 子	十	子
孙	子 ＋ 小	子	小
孚	爫 ＋ 子	爫	子
孛	十 ＋ 冖 ＋ 子	十	子
孜	子 ＋ 攵	子	又
孝	耂 ＋ 子	耂	子
孟	子 ＋ 皿	子	皿
孢	子 ＋ 勹 ＋ 巳	子	已
季	禾 ＋ 子	禾	子
孤	子 ＋ 瓜	子	爫
孥	女 ＋ 又 ＋ 子	女	子
学	学无子 ＋ 子	宀	子
孩	子 ＋ 亠 ＋ 折 ＋ 丿 ＋ 人	子	人
孪	变字头 ＋ 子	变字头	子
孬	一 ＋ 亻 ＋ 点 ＋ 女 ＋ 子	横	子
孰	享字头 ＋ 子 ＋ 丸	享字头	九
孱	尸 ＋ 子 ＋ 子 ＋ 子	尸	子
孳	丷 ＋ 一 ＋ 幺 ＋ 幺 ＋ 子	八	子
孵	卵 ＋ 爫 ＋ 子	卵	子
孺	子 ＋ 雨头 ＋ 而	子	雨
孽	艹 ＋ 追字心 ＋ 辛 ＋ 子	艹	子
宁	宀 ＋ 丁	宀	寸
它	宀 ＋ 匕	宀	匕
宄	宀 ＋ 九	宀	九
宅	宀 ＋ 撇 ＋ 七	宀	匕
宇	宀 ＋ 于	宀	干
守	宀 ＋ 寸	宀	寸
安	宀 ＋ 女	宀	女
宋	宀 ＋ 木	宀	木
完	宀 ＋ 一 ＋ 兀	宀	儿
宏	宀 ＋ 左字框 ＋ 厶	宀	厶
宓	宀 ＋ 必	宀	忄
宕	宀 ＋ 石	宀	石
宗	宀 ＋ 示	宀	示
官	宀 ＋ 官字底	宀	追字心
宙	宀 ＋ 由	宀	田
定	宀 ＋ 定字底	宀	定字底
宛	宀 ＋ 夕 ＋ 㔾	宀	已
宜	宀 ＋ 且	宀	且
宝	宀 ＋ 玉	宀	王
实	宀 ＋ 冬字底 ＋ 大	宀	大
宠	宀 ＋ 龙	宀	龙
审	宀 ＋ 申	宀	田
客	宀 ＋ 各	宀	又
宣	宀 ＋ 一 ＋ 日 ＋ 一	宀	横
室	宀 ＋ 至	宀	至
宥	宀 ＋ 左字框 ＋ 青字底	宀	月
宦	宀 ＋ 臣	宀	臣
宧	宀 ＋ 颐字旁	宀	臣
宪	宀 ＋ 告字头 ＋ 儿	宀	儿
宫	宀 ＋ 口 ＋ 口	宀	口
宬	宀 ＋ 戊 ＋ 折	宀	折
宰	宀 ＋ 辛	宀	辛
害	宀 ＋ 丰 ＋ 口	宀	口
宴	宀 ＋ 日 ＋ 女	宀	女
宵	宀 ＋ 尚字头 ＋ 青字底	宀	月
家	宀 ＋ 豕	宀	豕
宸	宀 ＋ 厂 ＋ 一 ＋ 畏字底带横	宀	定字底
容	宀 ＋ 八 ＋ 全字头 ＋ 口	宀	口
宽	宀 ＋ 艹 ＋ 见	宀	见
宾	宀 ＋ 撇 ＋ 卢字头 ＋ 丨 ＋ 一 ＋ 八	宀	八
宿	宀 ＋ 亻 ＋ 一 ＋ 白	宀	白
寁	宀 ＋ 一 ＋ 肀 ＋ 一 ＋ 丿 ＋ 点	宀	点
寂	宀 ＋ 卜 ＋ 横 ＋ 小 ＋ 又	宀	又
寄	宀 ＋ 大 ＋ 可	宀	寸
寅	宀 ＋ 一 ＋ 由 ＋ 八	宀	八
密	宀 ＋ 必 ＋ 山	宀	山
寇	宀 ＋ 一 ＋ 兀 ＋ 卢字头 ＋ 又	宀	又
富	宀 ＋ 一 ＋ 口 ＋ 田	宀	田
寐	宀 ＋ 爿 ＋ 未	宀	未
寒	宀 ＋ 冓头 ＋ 八 ＋ 冬字底	宀	点
寓	宀 ＋ 日 ＋ 禺字底	宀	禸
寝	宀 ＋ 丬 ＋ 彐 ＋ 冖 ＋ 又	宀	又
寞	宀 ＋ 莫	宀	莫
察	宀 ＋ 祭字头 ＋ 示	宀	示
寡	宀 ＋ 一 ＋ 丿 ＋ 且 ＋ 八 ＋ 刀	宀	刀
寤	宀 ＋ 爿 ＋ 五 ＋ 口	宀	口
寥	宀 ＋ 习 ＋ 习 ＋ 全字头 ＋ 彡	宀	彡
寨	宀 ＋ 冓头 ＋ 八 ＋ 一 ＋ 小	宀	小
寮	宀 ＋ 大 ＋ 丷 ＋ 日 ＋ 小	宀	小
寰	宀 ＋ 罒 ＋ 一 ＋ 口 ＋ 衣省	宀	衣
寸	寸	寸	寸
对	又 ＋ 寸	又	寸
寺	土 ＋ 寸	土	寸
寻	彐 ＋ 寸	争字底	寸
导	巳 ＋ 寸	已	寸
寿	三 ＋ 丿 ＋ 寸	三	寸
封	土 ＋ 土 ＋ 寸	土	寸
射	身 ＋ 寸	向	寸
将	丬 ＋ 夕 ＋ 寸	片	寸
尉	尸 ＋ 示 ＋ 寸	尸	寸
尊	丷 ＋ 酉 ＋ 寸	八	寸
小	小	小	小
少	少三 ＋ 丿	小	撇
尔	⺈ ＋ 小	刀	小
尕	乃 ＋ 小	乃	小
尖	小 ＋ 大	小	大
尘	小 ＋ 土	小	土
尚	尚字头 ＋ 冖 ＋ 口	小	口
尜	小 ＋ 大 ＋ 小	小	小
尝	尚字头 ＋ 冖 ＋ 二 ＋ 厶	小	厶
尢	左字框 ＋ 折	十	折
尤	尤	龙	龙
尥	左字框 ＋ 折 ＋ 勹 ＋ 丶	十	点
尧	尧	尧	尧
尨	左字框 ＋ 折 ＋ 彡 ＋ 丶	十	点
尪	左字框 ＋ 折 ＋ 王	十	王
尬	左字框 ＋ 折 ＋ 全字头 ＋ 乔字底	十	竖
就	享字头 ＋ 小 ＋ 尤	享字头	龙
尴	左字框 ＋ 折 ＋ 览字头 ＋ 皿	十	皿
尸	尸	尸	尸
尹	争字底 ＋ 撇	争字底	撇
尺	尺	尸	尸
尻	尸 ＋ 九	尸	九
尼	尸 ＋ 匕	尸	匕
尽	尺 ＋ 冬字底	尸	点
尾	尸 ＋ 毛	尸	毛
尿	尸 ＋ 水	尸	氵
局	尸 ＋ 折 ＋ 口	尸	口
屁	尸 ＋ 比字旁 ＋ 匕	尸	匕
层	尸 ＋ 二 ＋ 厶	尸	厶
屃	尸 ＋ 贝	尸	见
居	居	居	居
屈	尸 ＋ 出	尸	山
屉	尸 ＋ 廿 ＋ 折	尸	折
届	尸 ＋ 由	尸	田
屋	尸 ＋ 至	尸	至
屎	尸 ＋ 米	尸	米
屏	尸 ＋ 丷 ＋ 一 ＋ 廾	尸	艹
屐	尸 ＋ 彳 ＋ 十 ＋ 又	尸	又
屑	尸 ＋ 尚字头 ＋ 青字底	尸	月
展	尸 ＋ 艹 ＋ 畏字底带横	尸	定字底
屙	尸 ＋ 阝 ＋ 可	尸	寸
属	尸 ＋ 撇 ＋ 口 ＋ 禺字底	尸	禸
屠	尸 ＋ 耂 ＋ 日	尸	日
屡	尸 ＋ 米 ＋ 女	尸	女
屣	尸 ＋ 彳 ＋ 止 ＋ 卢字头 ＋ 丿 ＋ 点	尸	点
履	尸 ＋ 彳 ＋ 卧人 ＋ 日 ＋ 夂	尸	又
屦	尸 ＋ 彳 ＋ 米 ＋ 女	尸	女
屯	一 ＋ 凵 ＋ 折	横	折
山	山	山	山
屹	山 ＋ 卧人 ＋ 乙	山	乙
屺	山 ＋ 己	山	已
屼	山 ＋ 兀	山	儿
屾	山 ＋ 山	山	山
屿	山 ＋ 一 ＋ 折 ＋ 一	山	横
岁	山 ＋ 夕	山	夕
岂	山 ＋ 己	山	已
岈	山 ＋ 牙	山	牙
岊	巴 ＋ 山	已	山
岌	山 ＋ 及	山	及
岍	山 ＋ 一 ＋ 廾	山	艹
岐	山 ＋ 十 ＋ 又	山	又
岑	山 ＋ 今	山	今
岔	八 ＋ 刀 ＋ 山	八	山
岖	山 ＋ 匚 ＋ 㐅	山	交
岗	山 ＋ 冂 ＋ 㐅	山	交
岘	山 ＋ 见	山	见
岙	撇 ＋ 大 ＋ 山	撇	山
岚	山 ＋ 风省 ＋ 㐅	山	交
岛	岛	鸟	鸟
岜	山 ＋ 巴	山	已
岞	山 ＋ 卧人 ＋ 卢字头 ＋ 一	山	横
岠	山 ＋ 巨	山	匚
岢	山 ＋ 可	山	寸
岣	山 ＋ 勹 ＋ 口	山	口
岨	山 ＋ 且	山	且
岩	山 ＋ 石	山	石
岫	山 ＋ 由	山	田
岬	山 ＋ 甲	山	田
岭	山 ＋ 令	山	今
岱	亻 ＋ 弋 ＋ 山	亻	山
岳	丘 ＋ 山	丘	山
岵	山 ＋ 古	山	古
岷	山 ＋ 民	山	民
岸	山 ＋ 厂 ＋ 干	山	干
岽	山 ＋ 东	山	车
岿	山 ＋ 师字旁 ＋ 彐	山	争字底
峁	山 ＋ 卯	山	卵
峂	山 ＋ 夂 ＋ 冬字底	山	点
峃	学无子 ＋ 山	宀	山
峄	山 ＋ 又 ＋ 举字底	山	扌
峋	山 ＋ 勹 ＋ 日	山	日
峒	山 ＋ 冂 ＋ 一 ＋ 口	山	口
峗	山 ＋ ⺈ ＋ 厂 ＋ 㔾	山	已
峘	山 ＋ 一 ＋ 日 ＋ 一	山	横
峙	山 ＋ 土 ＋ 寸	山	寸
峛	山 ＋ 歹 ＋ 刂	山	刀
峡	山 ＋ 一 ＋ 丷 ＋ 大	山	大
峣	山 ＋ 尧	山	尧
峤	山 ＋ 乔	山	竖
峥	山 ＋ ⺈ ＋ 争字底	山	争字底
峦	变字头 ＋ 山	变字头	山
峧	山 ＋ 交	山	交
峨	山 ＋ 撇 ＋ 横 ＋ 折 ＋ 横 ＋ 戈	山	戈
峪	山 ＋ 八 ＋ 全字头 ＋ 口	山	口
峭	山 ＋ 尚字头 ＋ 青字底	山	月
峰	山 ＋ 夂 ＋ 丰	山	丰
峱	犭 ＋ 折 ＋ 土 ＋ 山	犭	山
峻	山 ＋ 厶 ＋ 八 ＋ 夂	山	又
峿	山 ＋ 五 ＋ 口	山	口
崀	山 ＋ 丶 ＋ 艮	山	艮
崁	山 ＋ 土 ＋ ⺈ ＋ 人	山	人
崂	山 ＋ 艹 ＋ 冖 ＋ 力	山	力
崃	山 ＋ 来	山	来
崄	山 ＋ 佥	山	佥
崆	山 ＋ 宀 ＋ 八 ＋ 工	山	工
崇	山 ＋ 宀 ＋ 示	山	示
崌	山 ＋ 居	山	居
崎	山 ＋ 大 ＋ 可	山	寸
崒	山 ＋ 亠 ＋ 人 ＋ 人 ＋ 十	山	十
崔	山 ＋ 隹	山	隹
崖	山 ＋ 厂 ＋ 土 ＋ 土	山	土
崚	山 ＋ 土 ＋ 八 ＋ 夂	山	又
崛	山 ＋ 尸 ＋ 出	山	山
崞	山 ＋ 享字头 ＋ 子	山	子
崟	山 ＋ 金	山	钅
崡	山 ＋ 折 ＋ 氺 ＋ 凵	山	匚
崤	山 ＋ 㐅 ＋ 左字框 ＋ 青字底	山	月
崦	山 ＋ 大 ＋ 电	山	田
崧	山 ＋ 木 ＋ 八 ＋ 厶	山	厶
崩	山 ＋ 月 ＋ 月	山	月
崭	山 ＋ 车旁 ＋ 斤	山	斤
崮	山 ＋ 囗 ＋ 古	山	古
崴	山 ＋ 戊 ＋ 一 ＋ 女	山	女
崶	山 ＋ 土 ＋ 土 ＋ 寸	山	寸
崽	山 ＋ 田 ＋ 心	山	忄
崾	山 ＋ 覀 ＋ 女	山	女
崿	山 ＋ 口 ＋ 口 ＋ 二 ＋ 折	山	折
嵁	山 ＋ 其字头 ＋ 八 ＋ 折	山	折
嵅	山 ＋ 戊 ＋ 一 ＋ 口	山	口
嵇	禾 ＋ 尤 ＋ 山	禾	山
嵊	山 ＋ 禾 ＋ 北字旁 ＋ 匕	山	匕
嵋	山 ＋ 尸 ＋ 丨 ＋ 目	山	日
嵌	山 ＋ 甘 ＋ ⺈ ＋ 人	山	人
嵎	山 ＋ 日 ＋ 禺字底	山	禸
嵖	山 ＋ 木 ＋ 日 ＋ 一	山	横
嵘	山 ＋ 艹 ＋ 冖 ＋ 木	山	木
嵚	山 ＋ 钅 ＋ ⺈ ＋ 人	山	人
嵛	山 ＋ 俞	山	俞
嵝	山 ＋ 米 ＋ 女	山	女
嵩	山 ＋ 享字头 ＋ 冂 ＋ 口	山	口
嵫	山 ＋ 丷 ＋ 一 ＋ 幺 ＋ 幺	山	纟
嵬	山 ＋ 鬼	山	鬼
嵯	山 ＋ 差字头 ＋ 工	山	工
嵲	山 ＋ 自 ＋ 木	山	木
嵴	山 ＋ 冫 ＋ 撇 ＋ 点 ＋ 人 ＋ 青字底	山	月
嶂	山 ＋ 音 ＋ 十	山	十
嶅	龶 ＋ 折 ＋ 丿 ＋ 攵 ＋ 山	丰	山
嶍	山 ＋ 习 ＋ 习 ＋ 白	山	白
嶒	山 ＋ 丷 ＋ 囗 ＋ 尚字头 ＋ 日	山	日
嶓	山 ＋ 釆 ＋ 田	山	田
嶙	山 ＋ 米 ＋ 夕 ＋ 降下角	山	降下角
嶝	山 ＋ 登字头 ＋ 一 ＋ 口 ＋ 丷 ＋ 一	山	横
嶟	山 ＋ 丷 ＋ 酉 ＋ 寸	山	寸
嶦	山 ＋ ⺈ ＋ 厂 ＋ 八 ＋ 言	山	讠
嶲	山 ＋ 隹 ＋ 丨 ＋ 折 ＋ 冂	山	匚
嶷	山 ＋ 肄字旁 ＋ 龴 ＋ 疋	山	定字底
巅	山 ＋ 十 ＋ 具字头 ＋ 八 ＋ 页	山	见
巇	山 ＋ 卜 ＋ 厂 ＋ 匕 ＋ 一 ＋ 口 ＋ 丷 ＋ 一 ＋ 戈	山	戈
巉	山 ＋ ⺈ ＋ 口 ＋ 比字旁 ＋ 匕 ＋ 兔	山	兔
巍	山 ＋ 禾 ＋ 女 ＋ 鬼	山	鬼
川	川	川	川
州	州	州	州
巡	巛 ＋ 辶	巛	辶
巢	巛 ＋ 日 ＋ 木	巛	木
工	工	工	工
左	左字框 ＋ 工	十	工
巧	工 ＋ 一 ＋ 折	工	折
巨	巨	匚	匚
巩	工 ＋ 凡	工	几
巫	工 ＋ 人 ＋ 人	工	人
差	差字头 ＋ 工	美字头	工
巯	轻字边 ＋ 亠 ＋ 厶 ＋ 荒字底	工	竖
己	己	已	已
已	已	已	已
巳	巳	已	已
巴	巴	已	已
巷	龷 ＋ 八 ＋ 巳	廿	已
巽	巳 ＋ 巳 ＋ 龷 ＋ 八	已	八
巾	巾	巾	巾
币	撇 ＋ 巾	撇	巾
市	亠 ＋ 巾	亠	巾
布	左字框 ＋ 巾	十	巾
帅	师字旁 ＋ 巾	师字旁	巾
帆	巾 ＋ 凡	巾	几
师	师字旁 ＋ 一 ＋ 巾	师字旁	巾
希	㐅 ＋ 左字框 ＋ 巾	交	巾
帏	巾 ＋ 韦	巾	韦
帐	巾 ＋ 长	巾	长
帑	女 ＋ 又 ＋ 巾	女	巾
帔	巾 ＋ 皮	巾	皮
帕	巾 ＋ 白	巾	白
帖	巾 ＋ 卢字头 ＋ 口	巾	口
帘	宀 ＋ 八 ＋ 巾	宀	巾
帙	巾 ＋ 失	巾	矢
帚	彐 ＋ 冖 ＋ 巾	争字底	巾
帛	白 ＋ 巾	白	巾
帜	巾 ＋ 口 ＋ 八	巾	八
帝	帝字头 ＋ 巾	宀	巾
帡	巾 ＋ 丷 ＋ 一 ＋ 廾	巾	艹
带	带字头 ＋ 冖 ＋ 巾	艹	巾
帧	巾 ＋ 卢字头 ＋ 贝	巾	见
帨	巾 ＋ 丷 ＋ 口 ＋ 儿	巾	儿
席	广 ＋ 廿 ＋ 巾	广	巾
帮	三 ＋ 丿 ＋ 阝 ＋ 巾	三	巾
帱	巾 ＋ 三 ＋ 丿 ＋ 寸	巾	寸
帷	巾 ＋ 隹	巾	隹
常	尚头 ＋ 巾	宀	巾
帻	巾 ＋ 龶 ＋ 贝	巾	见
帼	巾 ＋ 囗 ＋ 玉	巾	王
帽	巾 ＋ 见二 ＋ 二 ＋ 目	巾	日
幂	冖 ＋ 日 ＋ 大 ＋ 巾	宀	巾
幄	巾 ＋ 尸 ＋ 至	巾	至
幅	巾 ＋ 一 ＋ 口 ＋ 田	巾	田
幌	巾 ＋ 日 ＋ 尚字头 ＋ 兀	巾	儿
幔	巾 ＋ 日 ＋ 罒 ＋ 又	巾	又
幕	莫 ＋ 巾	莫	巾
幖	巾 ＋ 覀 ＋ 示	巾	示
幛	巾 ＋ 音 ＋ 十	巾	十
幞	巾 ＋ 业 ＋ 养字头	巾	美字头
幡	巾 ＋ 釆 ＋ 田	巾	田
幢	巾 ＋ 立 ＋ 里	巾	里
幪	巾 ＋ 艹 ＋ 冖 ＋ 一 ＋ 豕	巾	豕
干	干	干	干
平	一 ＋ 丷 ＋ 十	横	十
年	卧人 ＋ 横 ＋ 竖 ＋ 横 ＋ 竖	卧人	竖
并	丷 ＋ 一 ＋ 廾	八	艹
幸	土 ＋ 南字心	土	南字心
幺	幺	纟	纟
幻	幺 ＋ 折	纟	折
幼	幺 ＋ 力	纟	力
幽	山 ＋ 幺 ＋ 幺	山	纟
广	广	广	广
庄	广 ＋ 土	广	土
庆	广 ＋ 大	广	大
庇	广 ＋ 比字旁 ＋ 匕	广	匕
床	广 ＋ 木	广	木
庋	广 ＋ 十 ＋ 又	广	又
序	广 ＋ 予	广	予
庐	广 ＋ 户	广	尸
庑	广 ＋ 无	广	无
库	广 ＋ 车	广	车
应	广 ＋ 应字心	广	小
底	广 ＋ 氐	广	氏
庖	广 ＋ 勹 ＋ 巳	广	已
店	广 ＋ 卢字头 ＋ 口	广	口
庙	广 ＋ 由	广	田
庚	广 ＋ 争字底 ＋ 人	广	人
府	广 ＋ 付	广	付
庞	广 ＋ 龙	广	龙
废	广 ＋ 折 ＋ 撇 ＋ 又 ＋ 点	广	点
庠	广 ＋ 羊	广	羊
庤	广 ＋ 土 ＋ 寸	广	寸
庥	广 ＋ 亻 ＋ 木	广	木
度	广 ＋ 廿 ＋ 又	广	又
座	广 ＋ 人 ＋ 人 ＋ 土	广	土
庭	广 ＋ 壬 ＋ 廴	广	辶
庱	广 ＋ 土 ＋ 八 ＋ 夂	广	又
庳	广 ＋ 白 ＋ 丿 ＋ 十	广	十
庵	广 ＋ 大 ＋ 电	广	田
庶	广 ＋ 廿 ＋ 灬	广	火
康	广 ＋ 折 ＋ 二 ＋ 氺	广	氵
庸	广 ＋ 折 ＋ 二 ＋ 冂 ＋ 举字底	广	扌
庹	广 ＋ 廿 ＋ 尺	广	尸
庼	广 ＋ 比字旁 ＋ 页	广	见
庾	广 ＋ 臼 ＋ 人	广	人
廆	广 ＋ 鬼	广	鬼
廉	广 ＋ 兼	广	兼
廊	广 ＋ 丶 ＋ 即字旁 ＋ 阝	广	卩
廋	广 ＋ 叟字头 ＋ 又	广	又
廑	广 ＋ 廿 ＋ 口 ＋ 龶	广	丰
廒	广 ＋ 龶 ＋ 折 ＋ 丿 ＋ 攵	广	又
廓	广 ＋ 享字头 ＋ 子 ＋ 阝	广	卩
廖	广 ＋ 习 ＋ 习 ＋ 全字头 ＋ 彡	广	彡
廙	广 ＋ 田 ＋ 龷 ＋ 八	广	八
廛	广 ＋ 里 ＋ 八 ＋ 土	广	土
廨	广 ＋ 角 ＋ 刀 ＋ 牛	广	牛
廪	广 ＋ 亠 ＋ 囗 ＋ 口 ＋ 示	广	示
延	撇 ＋ 卢字头 ＋ 折 ＋ 廴	撇	辶
廷	壬 ＋ 廴	土	辶
建	聿 ＋ 廴	争字底	辶
廿	廿	廿	廿
开	一 ＋ 廾	横	艹
弁	厶 ＋ 廾	厶	艹
异	巳 ＋ 廾	已	艹
弃	亠 ＋ 厶 ＋ 廾	亠	艹
弄	王 ＋ 廾	王	艹
弆	土 ＋ 厶 ＋ 廾	土	艹
弇	全字头 ＋ 一 ＋ 口 ＋ 廾	人	艹
弈	亦 ＋ 廾	变字头	艹
弊	㡀 ＋ 攵 ＋ 廾	八	艹
弋	弋	戈	戈
式	弋 ＋ 工	戈	工
弑	㐅 ＋ 一 ＋ 小 ＋ 弋 ＋ 工	交	工
弓	弓	折	折
引	弓 ＋ 丨	折	竖
弗	弗	弗	弗
弘	弓 ＋ 厶	折	厶
弛	弓 ＋ 也	折	也
弟	弟	弟	弟
张	弓 ＋ 长	折	长
弢	弓 ＋ 凵 ＋ 丨 ＋ 又	折	又
弥	弓 ＋ ⺈ ＋ 小	折	小
弦	弓 ＋ 亠 ＋ 幺	折	纟
弧	弓 ＋ 瓜	折	爫
弨	弓 ＋ 刀 ＋ 口	折	口
弩	女 ＋ 又 ＋ 弓	女	折
弭	弓 ＋ 耳	折	耳
弯	变字头 ＋ 弓	变字头	折
弱	弓 ＋ 冫 ＋ 弓 ＋ 冫	折	氵
弶	弓 ＋ 享字头 ＋ 小	折	小
弸	弓 ＋ 月 ＋ 月	折	月
弹	弓 ＋ 单	折	单
强	弓 ＋ 口 ＋ 虫	折	虫
弼	弓 ＋ 一 ＋ 白 ＋ 弓	折	折
彀	士 ＋ 冖 ＋ 一 ＋ 弓 ＋ 殳	土	殳
归	师字旁 ＋ 彐	师字旁	争字底
当	尚字头 ＋ 彐	小	争字底
录	录字头 ＋ 氺	争字底	氵
彖	互中间 ＋ 豕	争字底	豕
彗	丰 ＋ 丰 ＋ 彐	丰	争字底
彘	彑 ＋ 比字旁 ＋ 矢 ＋ 匕	争字底	匕
彝	彑 ＋ 米 ＋ 糸 ＋ 廾	争字底	艹
彟	彐 ＋ 寸 ＋ 艹 ＋ 隹 ＋ 又	争字底	又
形	一 ＋ 廾 ＋ 彡	横	彡
彤	周字框 ＋ 亠 ＋ 彡	几	彡
彦	立 ＋ 丿 ＋ 彡	立	彡
彧	戈 ＋ 口 ＋ 一 ＋ 丿 ＋ 丿	戈	撇
彩	采 ＋ 彡	爫	彡
彪	卜 ＋ 厂 ＋ 匕 ＋ 几 ＋ 彡	卜	彡
彬	木 ＋ 木 ＋ 彡	木	彡
彭	士 ＋ 口 ＋ 丷 ＋ 一 ＋ 彡	土	彡
彰	音 ＋ 十 ＋ 彡	音	彡
影	日 ＋ 享字头 ＋ 小 ＋ 彡	日	彡
彳	彳	彳	彳
彷	彳 ＋ 方	彳	方
役	彳 ＋ 殳	彳	殳
彻	彳 ＋ 七 ＋ 刀	彳	刀
彼	彳 ＋ 皮	彳	皮
往	彳 ＋ 亠 ＋ 土	彳	土
征	彳 ＋ 一 ＋ 止	彳	止
徂	彳 ＋ 且	彳	且
径	彳 ＋ 轻字边	彳	工
待	彳 ＋ 土 ＋ 寸	彳	寸
徇	彳 ＋ 勹 ＋ 日	彳	日
很	彳 ＋ 艮	彳	艮
徉	彳 ＋ 羊	彳	羊
徊	彳 ＋ 囗 ＋ 口	彳	口
律	彳 ＋ 聿	彳	争字底
徐	彳 ＋ 全字头 ＋ 于 ＋ 八	彳	八
徒	彳 ＋ 走	彳	足
徕	彳 ＋ 来	彳	来
得	彳 ＋ 日 ＋ 一 ＋ 寸	彳	寸
徘	彳 ＋ 非	彳	片
徙	彳 ＋ 止 ＋ 卢字头 ＋ 丿 ＋ 点	彳	点
徛	彳 ＋ 大 ＋ 可	彳	寸
徜	彳 ＋ 尚字头 ＋ 冖 ＋ 口	彳	口
御	彳 ＋ 卧人 ＋ 一 ＋ 止 ＋ 卩	彳	卩
徨	彳 ＋ 白 ＋ 王	彳	王
循	彳 ＋ 反字框 ＋ 十 ＋ 目	彳	日
徭	彳 ＋ 爫 ＋ 缶	彳	击
微	彳 ＋ 山 ＋ 一 ＋ 几 ＋ 攵	彳	又
徵	彳 ＋ 山 ＋ 一 ＋ 王 ＋ 攵	彳	又
德	彳 ＋ 十 ＋ 罒 ＋ 一 ＋ 心	彳	忄
徼	彳 ＋ 白 ＋ 方 ＋ 攵	彳	又
徽	彳 ＋ 山 ＋ 一 ＋ 糸 ＋ 攵	彳	又
心	心	忄	忄
必	必	忄	忄
忆	忄 ＋ 乙	忄	乙
忉	忄 ＋ 刀	忄	刀
忌	己 ＋ 心	已	忄
忍	刀 ＋ 丶 ＋ 心	刀	忄
忏	忄 ＋ 千	忄	干
忐	卜 ＋ 横 ＋ 心	卜	忄
忑	横 ＋ 卜 ＋ 心	横	忄
忒	弋 ＋ 心	戈	忄
忖	忄 ＋ 寸	忄	寸
志	士 ＋ 心	土	忄
忘	亠 ＋ 折 ＋ 心	亠	忄
忙	忄 ＋ 亠 ＋ 折	忄	折
忝	天 ＋ 恭字底	大	忄
忞	文 ＋ 心	文	忄
忠	口 ＋ 竖 ＋ 心	口	忄
忡	忄 ＋ 口 ＋ 竖	忄	竖
忤	忄 ＋ 卧人 ＋ 十	忄	十
忧	忄 ＋ 尤	忄	龙
忪	忄 ＋ 八 ＋ 厶	忄	厶
快	忄 ＋ 折 ＋ 大	忄	大
忭	忄 ＋ 亠 ＋ 卜	忄	卜
忮	忄 ＋ 十 ＋ 又	忄	又
忱	忄 ＋ 冖 ＋ 儿	忄	儿
忳	忄 ＋ 一 ＋ 凵 ＋ 折	忄	折
念	今 ＋ 心	今	忄
忸	忄 ＋ 折 ＋ 土	忄	土
忺	忄 ＋ ⺈ ＋ 人	忄	人
忻	忄 ＋ 斤	忄	斤
忽	勿 ＋ 心	勿	忄
忾	忄 ＋ 气	忄	气
忿	八 ＋ 刀 ＋ 心	八	忄
怀	忄 ＋ 一 ＋ 亻 ＋ 点	忄	点
态	太 ＋ 心	大	忄
怂	人 ＋ 人 ＋ 心	人	忄
怃	忄 ＋ 无	忄	无
怄	忄 ＋ 匚 ＋ 㐅	忄	交
怅	忄 ＋ 长	忄	长
怆	忄 ＋ 全字头 ＋ 㔾	忄	已
怊	忄 ＋ 刀 ＋ 口	忄	口
怍	忄 ＋ 卧人 ＋ 卢字头 ＋ 一	忄	横
怎	卧人 ＋ 卢字头 ＋ 一 ＋ 心	卧人	忄
怏	忄 ＋ 见二 ＋ 大	忄	大
怒	女 ＋ 又 ＋ 心	女	忄
怔	忄 ＋ 一 ＋ 止	忄	止
怕	忄 ＋ 白	忄	白
怖	忄 ＋ 左字框 ＋ 巾	忄	巾
怙	忄 ＋ 古	忄	古
怛	忄 ＋ 日 ＋ 一	忄	横
怜	忄 ＋ 令	忄	今
思	田 ＋ 心	田	忄
怠	厶 ＋ 口 ＋ 心	厶	忄
怡	忄 ＋ 厶 ＋ 口	忄	口
急	刍 ＋ 心	刍	忄
怦	忄 ＋ 一 ＋ 丷 ＋ 十	忄	十
性	忄 ＋ 丿 ＋ 龶	忄	丰
怨	夕 ＋ 㔾 ＋ 心	夕	忄
怩	忄 ＋ 尸 ＋ 匕	忄	匕
怪	忄 ＋ 又 ＋ 土	忄	土
怫	忄 ＋ 弗	忄	弗
怯	忄 ＋ 土 ＋ 厶	忄	厶
怵	忄 ＋ 木 ＋ 丶	忄	点
总	丷 ＋ 口 ＋ 心	八	忄
怼	又 ＋ 寸 ＋ 心	又	忄
怿	忄 ＋ 又 ＋ 举字底	忄	扌
恁	亻 ＋ 壬 ＋ 心	亻	忄
恂	忄 ＋ 勹 ＋ 日	忄	日
恃	忄 ＋ 土 ＋ 寸	忄	寸
恋	变字头 ＋ 心	变字头	忄
恍	忄 ＋ 尚字头 ＋ 兀	忄	儿
恐	工 ＋ 凡 ＋ 心	工	忄
恒	忄 ＋ 一 ＋ 日 ＋ 一	忄	横
恓	忄 ＋ 西	忄	西
恔	忄 ＋ 交	忄	交
恕	女 ＋ 口 ＋ 心	女	忄
恙	美字头 ＋ 心	美字头	忄
恚	土 ＋ 土 ＋ 心	土	忄
恝	丰 ＋ 刀 ＋ 心	丰	忄
恢	忄 ＋ 左字框 ＋ 火	忄	火
恣	冫 ＋ ⺈ ＋ 人 ＋ 心	氵	忄
恤	忄 ＋ 血	忄	皿
恧	而 ＋ 心	雨	忄
恨	忄 ＋ 艮	忄	艮
恩	囗 ＋ 大 ＋ 心	囗	忄
恪	忄 ＋ 各	忄	又
恫	忄 ＋ 冂 ＋ 一 ＋ 口	忄	口
恬	忄 ＋ 千 ＋ 口	忄	口
恭	龷 ＋ 八 ＋ 恭字底	廿	忄
息	自 ＋ 心	白	忄
恰	忄 ＋ 全字头 ＋ 一 ＋ 口	忄	口
恳	艮 ＋ 心	艮	忄
恶	亚 ＋ 心	业	忄
恸	忄 ＋ 二 ＋ 厶 ＋ 力	忄	力
恹	忄 ＋ 厂 ＋ 犬	忄	大
恺	忄 ＋ 山 ＋ 己	忄	已
恻	忄 ＋ 贝 ＋ 刂	忄	刀
恼	忄 ＋ 亠 ＋ 㐅 ＋ 凵	忄	匚
恽	忄 ＋ 冖 ＋ 车	忄	车
恿	龴 ＋ 冂 ＋ 举字底 ＋ 心	厶	忄
悃	忄 ＋ 囗 ＋ 木	忄	木
悄	忄 ＋ 尚字头 ＋ 青字底	忄	月
悆	全字头 ＋ 于 ＋ 八 ＋ 心	人	忄
悈	忄 ＋ 戈 ＋ 廾	忄	艹
悉	釆 ＋ 心	爫	忄
悌	忄 ＋ 弟	忄	弟
悍	忄 ＋ 日 ＋ 干	忄	干
悒	忄 ＋ 口 ＋ 巴	忄	已
悔	忄 ＋ 卧人 ＋ 母	忄	母
悖	忄 ＋ 十 ＋ 冖 ＋ 子	忄	子
悚	忄 ＋ 束	忄	束
悛	忄 ＋ 厶 ＋ 八 ＋ 夂	忄	又
悝	忄 ＋ 里	忄	里
悟	忄 ＋ 五 ＋ 口	忄	口
悠	亻 ＋ 丨 ＋ 攵 ＋ 心	亻	忄
悢	忄 ＋ 丶 ＋ 艮	忄	艮
患	口 ＋ 口 ＋ 丨 ＋ 心	口	忄
悦	忄 ＋ 丷 ＋ 口 ＋ 儿	忄	儿
您	亻 ＋ ⺈ ＋ 小 ＋ 心	亻	忄
悫	士 ＋ 冖 ＋ 几 ＋ 心	土	忄
悬	且 ＋ 厶 ＋ 心	且	忄
悭	忄 ＋ 贤字头 ＋ 土	忄	土
悯	忄 ＋ 门 ＋ 文	忄	文
悰	忄 ＋ 宀 ＋ 示	忄	示
悱	忄 ＋ 非	忄	片
悲	非 ＋ 心	片	忄
悴	忄 ＋ 亠 ＋ 人 ＋ 人 ＋ 十	忄	十
悸	忄 ＋ 禾 ＋ 子	忄	子
悻	忄 ＋ 土 ＋ 南字心	忄	南字心
悼	忄 ＋ 卢字头 ＋ 日 ＋ 十	忄	十
情	忄 ＋ 龶 ＋ 青字底	忄	月
惆	忄 ＋ 周字框 ＋ 土 ＋ 口	忄	口
惇	忄 ＋ 享字头 ＋ 子	忄	子
惊	忄 ＋ 享字头 ＋ 小	忄	小
惋	忄 ＋ 宀 ＋ 夕 ＋ 㔾	忄	已
惎	其字头 ＋ 八 ＋ 心	廿	忄
惑	戈 ＋ 口 ＋ 一 ＋ 心	戈	忄
惔	忄 ＋ 火 ＋ 火	忄	火
惕	忄 ＋ 日 ＋ 勿	忄	勿
惘	忄 ＋ 冂 ＋ 丷 ＋ 一 ＋ 亠 ＋ 折	忄	折
惙	忄 ＋ 又 ＋ 又 ＋ 又 ＋ 又	忄	又
惚	忄 ＋ 勿 ＋ 心	忄	忄
惛	忄 ＋ 氏 ＋ 日	忄	日
惜	忄 ＋ 龷 ＋ 日	忄	日
惝	忄 ＋ 尚字头 ＋ 冖 ＋ 口	忄	口
惟	忄 ＋ 隹	忄	隹
惠	一 ＋ 申 ＋ 一 ＋ 丶 ＋ 心	横	忄
惦	忄 ＋ 广 ＋ 卢字头 ＋ 口	忄	口
惧	忄 ＋ 具字头 ＋ 八	忄	八
惨	忄 ＋ 厶 ＋ 大 ＋ 彡	忄	彡
惩	彳 ＋ 一 ＋ 止 ＋ 心	彳	忄
惫	夂 ＋ 田 ＋ 心	又	忄
惬	忄 ＋ 匚 ＋ 一 ＋ 丷 ＋ 大	忄	大
惭	忄 ＋ 车旁 ＋ 斤	忄	斤
惮	忄 ＋ 单	忄	单
惯	忄 ＋ 毌 ＋ 贝	忄	见
惰	忄 ＋ 左字框 ＋ 工 ＋ 青字底	忄	月
想	木 ＋ 目 ＋ 心	木	忄
惴	忄 ＋ 山 ＋ 而	忄	雨
惶	忄 ＋ 白 ＋ 王	忄	王
惹	艹 ＋ 左字框 ＋ 口 ＋ 心	艹	忄
惺	忄 ＋ 日 ＋ 丿 ＋ 龶	忄	丰
愀	忄 ＋ 禾 ＋ 火	忄	火
愁	禾 ＋ 火 ＋ 心	禾	忄
愃	忄 ＋ 宀 ＋ 一 ＋ 日 ＋ 一	忄	横
愆	行 ＋ 氵 ＋ 心	行	忄
愈	俞 ＋ 心	俞	忄
愉	忄 ＋ 俞	忄	俞
愍	民 ＋ 攵 ＋ 心	民	忄
愎	忄 ＋ 卧人 ＋ 日 ＋ 夂	忄	又
意	音 ＋ 心	音	忄
愐	忄 ＋ 面	忄	雨
愔	忄 ＋ 音	忄	音
愕	忄 ＋ 口 ＋ 口 ＋ 二 ＋ 折	忄	折
愚	日 ＋ 禺字底 ＋ 心	日	忄
感	戊 ＋ 一 ＋ 口 ＋ 心	戈	忄
愠	忄 ＋ 日 ＋ 皿	忄	皿
愣	忄 ＋ 罒 ＋ 方	忄	方
愤	忄 ＋ 十 ＋ 艹 ＋ 贝	忄	见
愦	忄 ＋ 贵字头 ＋ 贝	忄	见
愧	忄 ＋ 鬼	忄	鬼
愫	忄 ＋ 龶 ＋ 糸	忄	纟
愭	忄 ＋ 耂 ＋ 匕 ＋ 日	忄	日
愿	厂 ＋ 白 ＋ 小 ＋ 心	广	忄
慆	忄 ＋ 爫 ＋ 臼	忄	白
慈	丷 ＋ 一 ＋ 幺 ＋ 幺 ＋ 心	八	忄
慊	忄 ＋ 兼	忄	兼
慌	忄 ＋ 艹 ＋ 亠 ＋ 折 ＋ 荒字底	忄	竖
慎	忄 ＋ 十 ＋ 具字头 ＋ 八	忄	八
慑	忄 ＋ 耳 ＋ 又 ＋ 又	忄	又
慕	莫 ＋ 恭字底	莫	忄
慝	匚 ＋ 艹 ＋ 左字框 ＋ 口 ＋ 心	匚	忄
慢	忄 ＋ 日 ＋ 罒 ＋ 又	忄	又
慥	忄 ＋ 告字头 ＋ 口 ＋ 辶	忄	辶
慧	丰 ＋ 丰 ＋ 彐 ＋ 心	丰	忄
慨	忄 ＋ 即字旁 ＋ 一 ＋ 折 ＋ 儿	忄	儿
慬	忄 ＋ 廿 ＋ 口 ＋ 龶	忄	丰
慭	来 ＋ 犬 ＋ 心	来	忄
慰	尸 ＋ 示 ＋ 寸 ＋ 心	尸	忄
慵	忄 ＋ 广 ＋ 折 ＋ 二 ＋ 冂 ＋ 举字底	忄	扌
慷	忄 ＋ 广 ＋ 折 ＋ 二 ＋ 氺	忄	氵
憋	㡀 ＋ 攵 ＋ 心	八	忄
憎	忄 ＋ 丷 ＋ 囗 ＋ 尚字头 ＋ 日	忄	日
憔	忄 ＋ 隹 ＋ 灬	忄	火
憕	忄 ＋ 登字头 ＋ 一 ＋ 口 ＋ 丷 ＋ 一	忄	横
憙	士 ＋ 口 ＋ 丷 ＋ 一 ＋ 口 ＋ 心	土	忄
憧	忄 ＋ 立 ＋ 里	忄	里
憨	折 ＋ 耳 ＋ 攵 ＋ 心	折	忄
憩	千 ＋ 口 ＋ 自 ＋ 心	干	忄
憬	忄 ＋ 日 ＋ 享字头 ＋ 小	忄	小
憭	忄 ＋ 大 ＋ 丷 ＋ 日 ＋ 小	忄	小
憷	忄 ＋ 木 ＋ 木 ＋ 疋	忄	定字底
憺	忄 ＋ ⺈ ＋ 厂 ＋ 八 ＋ 言	忄	讠
憾	忄 ＋ 戊 ＋ 一 ＋ 口 ＋ 心	忄	忄
懂	忄 ＋ 艹 ＋ 千 ＋ 里	忄	里
懈	忄 ＋ 角 ＋ 刀 ＋ 牛	忄	牛
懊	忄 ＋ 向字框 ＋ 米 ＋ 大	忄	大
懋	木 ＋ 予 ＋ 丿 ＋ 木 ＋ 心	木	忄
懑	氵 ＋ 艹 ＋ 两 ＋ 心	氵	忄
懒	忄 ＋ 束 ＋ ⺈ ＋ 贝	忄	见
懔	忄 ＋ 亠 ＋ 囗 ＋ 口 ＋ 示	忄	示
懦	忄 ＋ 雨头 ＋ 而	忄	雨
懵	忄 ＋ 艹 ＋ 罒 ＋ 冖 ＋ 目	忄	日
懿	士 ＋ 冖 ＋ 一 ＋ 口 ＋ 丷 ＋ 一 ＋ 冫 ＋ ⺈ ＋ 人 ＋ 心	土	忄
戆	音 ＋ 十 ＋ 夂 ＋ 工 ＋ 贝 ＋ 心	音	忄
戈	戈	戈	戈
戊	戊	戈	戈
戋	戋	戈	戈
戌	戊 ＋ 横	戈	横
戍	戊 ＋ 点	戈	点
戎	戈 ＋ 左字框	戈	十
戏	又 ＋ 戈	又	戈
成	戊 ＋ 折	戈	折
我	撇 ＋ 横 ＋ 折 ＋ 横 ＋ 戈	撇	戈
戒	戈 ＋ 廾	戈	艹
戕	爿 ＋ 戈	片	戈
或	戈 ＋ 口 ＋ 一	戈	横
戗	全字头 ＋ 㔾 ＋ 戈	人	戈
战	卢字头 ＋ 口 ＋ 戈	卜	戈
戚	戊 ＋ 卜 ＋ 横 ＋ 小	戈	小
戛	一 ＋ 自 ＋ 戈	横	戈
戟	十 ＋ 日 ＋ 十 ＋ 戈	十	戈
戡	其字头 ＋ 八 ＋ 折 ＋ 戈	廿	戈
戢	口 ＋ 耳 ＋ 折 ＋ 撇 ＋ 丶	口	点
戣	登字头 ＋ 天 ＋ 戈	夕	戈
戤	乃 ＋ 又 ＋ 皿 ＋ 戈	乃	戈
戥	日 ＋ 丿 ＋ 龶 ＋ 戈	日	戈
截	十 ＋ 戈 ＋ 隹	十	隹
戬	亚 ＋ 日 ＋ 戈	业	戈
戭	宀 ＋ 一 ＋ 由 ＋ 八 ＋ 戈	宀	戈
戮	习 ＋ 习 ＋ 全字头 ＋ 彡 ＋ 戈	习	戈
戳	习 ＋ 习 ＋ 隹 ＋ 戈	习	戈
戴	十 ＋ 戈 ＋ 田 ＋ 龷 ＋ 八	十	八
户	户	尸	尸
戽	户 ＋ 冬字底 ＋ 十	尸	十
戾	户 ＋ 犬	尸	大
房	户 ＋ 方	尸	方
所	戶 ＋ 斤	尸	斤
扁	户 ＋ 冂 ＋ 艹	尸	艹
扂	户 ＋ 卢字头 ＋ 口	尸	口
扃	户 ＋ 冂 ＋ 口	尸	口
扅	户 ＋ 夕 ＋ 夕	尸	夕
扆	户 ＋ 衣	尸	衣
扇	户 ＋ 习 ＋ 习	尸	习
扈	户 ＋ 口 ＋ 巴	尸	已
扉	户 ＋ 非	尸	片
扊	户 ＋ 火 ＋ 火	尸	火
手	手	扌	扌
才	才	寸	寸
扎	扌 ＋ 折	扌	折
扑	扌 ＋ 卜	扌	卜
扒	扌 ＋ 八	扌	八
打	扌 ＋ 丁	扌	寸
扔	扌 ＋ 乃	扌	乃
托	扌 ＋ 撇 ＋ 七	扌	匕
扛	扌 ＋ 工	扌	工
扞	扌 ＋ 干	扌	干
扣	扌 ＋ 口	扌	口
扦	扌 ＋ 千	扌	干
执	扌 ＋ 丸	扌	九
扩	扌 ＋ 广	扌	广
扪	扌 ＋ 门	扌	匚
扫	扌 ＋ 彐	扌	争字底
扬	扌 ＋ 杨字边	扌	勿
扭	扌 ＋ 折 ＋ 土	扌	土
扮	扌 ＋ 八 ＋ 刀	扌	刀
扯	扌 ＋ 止	扌	止
扰	扌 ＋ 尤	扌	龙
扳	扌 ＋ 反字框 ＋ 又	扌	又
扶	扌 ＋ 夫	扌	大
批	扌 ＋ 比字旁 ＋ 匕	扌	匕
扺	扌 ＋ 氏	扌	氏
扼	扌 ＋ 厂 ＋ 㔾	扌	已
扽	扌 ＋ 一 ＋ 凵 ＋ 折	扌	折
找	扌 ＋ 戈	扌	戈
承	了 ＋ 三 ＋ 水	子	氵
技	扌 ＋ 十 ＋ 又	扌	又
抃	扌 ＋ 亠 ＋ 卜	扌	卜
抄	扌 ＋ 少三 ＋ 丿	扌	撇
抉	扌 ＋ 折 ＋ 大	扌	大
把	扌 ＋ 巴	扌	已
抑	扌 ＋ 卬	扌	卩
抒	扌 ＋ 予	扌	予
抓	扌 ＋ 爪	扌	爫
抔	扌 ＋ 一 ＋ 亻 ＋ 点	扌	点
投	扌 ＋ 殳	扌	殳
抖	扌 ＋ 冬字底 ＋ 十	扌	十
抗	扌 ＋ 亠 ＋ 几	扌	几
折	扌 ＋ 斤	扌	斤
抚	扌 ＋ 无	扌	无
抛	扌 ＋ 九 ＋ 力	扌	力
抟	扌 ＋ 专	扌	专
抠	扌 ＋ 匚 ＋ 㐅	扌	交
抡	扌 ＋ 全字头 ＋ 匕	扌	匕
抢	扌 ＋ 全字头 ＋ 㔾	扌	已
护	扌 ＋ 户	扌	尸
报	扌 ＋ 卩 ＋ 又	扌	又
抨	扌 ＋ 一 ＋ 丷 ＋ 十	扌	十
披	扌 ＋ 皮	扌	皮
抬	扌 ＋ 厶 ＋ 口	扌	口
抱	扌 ＋ 勹 ＋ 巳	扌	已
抵	扌 ＋ 氐	扌	氏
抹	扌 ＋ 末	扌	未
抻	扌 ＋ 申	扌	田
押	扌 ＋ 甲	扌	田
抽	扌 ＋ 由	扌	田
抿	扌 ＋ 民	扌	民
拂	扌 ＋ 弗	扌	弗
拃	扌 ＋ 卧人 ＋ 卢字头 ＋ 一	扌	横
拄	扌 ＋ 亠 ＋ 土	扌	土
担	扌 ＋ 日 ＋ 一	扌	横
拆	扌 ＋ 斥	扌	斤
拇	扌 ＋ 母	扌	母
拈	扌 ＋ 卢字头 ＋ 口	扌	口
拉	扌 ＋ 立	扌	立
拊	扌 ＋ 付	扌	付
拌	扌 ＋ 丷 ＋ 举字底	扌	扌
拍	扌 ＋ 白	扌	白
拎	扌 ＋ 令	扌	今
拐	扌 ＋ 口 ＋ 力	扌	力
拒	扌 ＋ 巨	扌	匚
拓	扌 ＋ 石	扌	石
拔	扌 ＋ 左字框 ＋ 又 ＋ 丶	扌	点
拖	扌 ＋ 卧人 ＋ 也	扌	也
拗	扌 ＋ 幺 ＋ 力	扌	力
拘	扌 ＋ 勹 ＋ 口	扌	口
拙	扌 ＋ 出	扌	山
招	扌 ＋ 刀 ＋ 口	扌	口
拜	龵 ＋ 一 ＋ 丰	美字头	丰
拟	扌 ＋ 以	扌	以
拢	扌 ＋ 龙	扌	龙
拣	扌 ＋ 拣字边	扌	车
拤	扌 ＋ 卢字头 ＋ 一 ＋ 卜	扌	卜
拥	扌 ＋ 周字框 ＋ 举字底	扌	扌
拦	扌 ＋ 丷 ＋ 一 ＋ 二	扌	二
拧	扌 ＋ 宀 ＋ 丁	扌	寸
拨	扌 ＋ 折 ＋ 撇 ＋ 又 ＋ 点	扌	点
择	扌 ＋ 又 ＋ 举字底	扌	扌
括	扌 ＋ 千 ＋ 口	扌	口
拭	扌 ＋ 弋 ＋ 工	扌	工
拮	扌 ＋ 士 ＋ 口	扌	口
拯	扌 ＋ 折 ＋ 水 ＋ 一	扌	横
拱	扌 ＋ 龷 ＋ 八	扌	八
拳	龹 ＋ 手	美字头	扌
拴	扌 ＋ 全字头 ＋ 王	扌	王
拶	扌 ＋ 巛 ＋ 夕	扌	夕
拷	扌 ＋ 耂 ＋ 一 ＋ 折	扌	折
拼	扌 ＋ 丷 ＋ 一 ＋ 廾	扌	艹
拽	扌 ＋ 日 ＋ 折 ＋ 丿	扌	撇
拾	扌 ＋ 全字头 ＋ 一 ＋ 口	扌	口
拿	全字头 ＋ 一 ＋ 口 ＋ 手	人	扌
持	扌 ＋ 土 ＋ 寸	扌	寸
挂	扌 ＋ 土 ＋ 土	扌	土
指	扌 ＋ 匕 ＋ 日	扌	日
挈	丰 ＋ 刀 ＋ 手	丰	扌
按	扌 ＋ 宀 ＋ 女	扌	女
挎	扌 ＋ 大 ＋ 二 ＋ 折	扌	折
挑	扌 ＋ 冫 ＋ 冫 ＋ 儿	扌	儿
挓	扌 ＋ 宀 ＋ 撇 ＋ 七	扌	匕
挖	扌 ＋ 宀 ＋ 八 ＋ 乙	扌	乙
挚	扌 ＋ 丸 ＋ 手	扌	扌
挛	变字头 ＋ 手	变字头	扌
挝	扌 ＋ 寸 ＋ 辶	扌	辶
挞	扌 ＋ 大 ＋ 辶	扌	辶
挟	扌 ＋ 一 ＋ 丷 ＋ 大	扌	大
挠	扌 ＋ 尧	扌	尧
挡	扌 ＋ 尚字头 ＋ 彐	扌	争字底
挣	扌 ＋ ⺈ ＋ 争字底	扌	争字底
挤	扌 ＋ 文 ＋ 乔字底	扌	竖
挥	扌 ＋ 冖 ＋ 车	扌	车
挦	扌 ＋ 彐 ＋ 寸	扌	寸
挨	扌 ＋ 厶 ＋ 矢	扌	矢
挪	扌 ＋ 折 ＋ 二 ＋ 丿 ＋ 阝	扌	卩
挫	扌 ＋ 人 ＋ 人 ＋ 土	扌	土
振	扌 ＋ 厂 ＋ 一 ＋ 畏字底带横	扌	定字底
挲	氵 ＋ 少三 ＋ 丿 ＋ 手	氵	扌
挹	扌 ＋ 口 ＋ 巴	扌	已
挺	扌 ＋ 壬 ＋ 廴	扌	辶
挽	扌 ＋ 免	扌	兔
捂	扌 ＋ 五 ＋ 口	扌	口
捃	扌 ＋ 争字底 ＋ 撇 ＋ 口	扌	口
捅	扌 ＋ 龴 ＋ 冂 ＋ 举字底	扌	扌
捆	扌 ＋ 囗 ＋ 木	扌	木
捉	扌 ＋ 足	扌	足
捋	扌 ＋ 爫 ＋ 寸	扌	寸
捌	扌 ＋ 口 ＋ 力 ＋ 刂	扌	刀
捍	扌 ＋ 日 ＋ 干	扌	干
捎	扌 ＋ 尚字头 ＋ 青字底	扌	月
捏	扌 ＋ 日 ＋ 土	扌	土
捐	扌 ＋ 口 ＋ 青字底	扌	月
捕	扌 ＋ 甫	扌	甫
捞	扌 ＋ 艹 ＋ 冖 ＋ 力	扌	力
损	扌 ＋ 口 ＋ 贝	扌	见
捡	扌 ＋ 佥	扌	佥
换	扌 ＋ ⺈ ＋ 见二 ＋ 大	扌	大
捣	扌 ＋ 岛	扌	鸟
捧	扌 ＋ 春字头 ＋ 举字底	扌	扌
捩	扌 ＋ 户 ＋ 犬	扌	大
捭	扌 ＋ 白 ＋ 丿 ＋ 十	扌	十
据	扌 ＋ 居	扌	居
捯	扌 ＋ 至 ＋ 刂	扌	刀
捶	扌 ＋ 千 ＋ 龷 ＋ 一	扌	横
捷	扌 ＋ 一 ＋ 肀 ＋ 一 ＋ 丿 ＋ 点	扌	点
捺	扌 ＋ 大 ＋ 示	扌	示
捻	扌 ＋ 今 ＋ 心	扌	忄
捽	扌 ＋ 亠 ＋ 人 ＋ 人 ＋ 十	扌	十
掀	扌 ＋ 斤 ＋ ⺈ ＋ 人	扌	人
掂	扌 ＋ 广 ＋ 卢字头 ＋ 口	扌	口
掇	扌 ＋ 又 ＋ 又 ＋ 又 ＋ 又	扌	又
授	扌 ＋ 爫 ＋ 冖 ＋ 又	扌	又
掉	扌 ＋ 卢字头 ＋ 日 ＋ 十	扌	十
掊	扌 ＋ 立 ＋ 口	扌	口
掌	尚头 ＋ 手	宀	扌
掎	扌 ＋ 大 ＋ 可	扌	寸
掏	扌 ＋ 勹 ＋ 缶	扌	击
掐	扌 ＋ ⺈ ＋ 臼	扌	白
排	扌 ＋ 非	扌	片
掖	扌 ＋ 亠 ＋ 亻 ＋ 夜下角	扌	夕
掘	扌 ＋ 尸 ＋ 出	扌	山
掞	扌 ＋ 火 ＋ 火	扌	火
掠	扌 ＋ 享字头 ＋ 小	扌	小
探	扌 ＋ 冖 ＋ 八 ＋ 木	扌	木
掣	制字旁 ＋ 刂 ＋ 手	牛	扌
接	扌 ＋ 立 ＋ 女	扌	女
控	扌 ＋ 宀 ＋ 八 ＋ 工	扌	工
推	扌 ＋ 隹	扌	隹
掩	扌 ＋ 大 ＋ 电	扌	田
措	扌 ＋ 龷 ＋ 日	扌	日
掬	扌 ＋ 勹 ＋ 米	扌	米
掭	扌 ＋ 天 ＋ 恭字底	扌	忄
掮	扌 ＋ 户 ＋ 青字底	扌	月
掰	龵 ＋ 八 ＋ 刀 ＋ 手	美字头	扌
掳	扌 ＋ 卜 ＋ 厂 ＋ 匕 ＋ 力	扌	力
掴	扌 ＋ 囗 ＋ 玉	扌	王
掷	扌 ＋ 丷 ＋ 天 ＋ 阝	扌	卩
掸	扌 ＋ 单	扌	单
掺	扌 ＋ 厶 ＋ 大 ＋ 彡	扌	彡
掼	扌 ＋ 毌 ＋ 贝	扌	见
掾	扌 ＋ 互中间 ＋ 豕	扌	豕
揄	扌 ＋ 俞	扌	俞
揆	扌 ＋ 登字头 ＋ 天	扌	大
揉	扌 ＋ 予 ＋ 丿 ＋ 木	扌	木
揍	扌 ＋ 春字头 ＋ 天	扌	大
描	扌 ＋ 艹 ＋ 田	扌	田
提	扌 ＋ 日 ＋ 定字底	扌	定字底
插	扌 ＋ 千 ＋ 臼	扌	白
揕	扌 ＋ 其字头 ＋ 八 ＋ 折	扌	折
揖	扌 ＋ 口 ＋ 耳	扌	耳
揠	扌 ＋ 匚 ＋ 日 ＋ 女	扌	女
握	扌 ＋ 尸 ＋ 至	扌	至
揣	扌 ＋ 山 ＋ 而	扌	雨
揩	扌 ＋ 比字旁 ＋ 匕 ＋ 白	扌	白
揪	扌 ＋ 禾 ＋ 火	扌	火
揭	扌 ＋ 日 ＋ 匃	扌	匚
揳	扌 ＋ 丰 ＋ 刀 ＋ 大	扌	大
援	扌 ＋ 爫 ＋ 一 ＋ 左字框 ＋ 又	扌	又
揶	扌 ＋ 耳 ＋ 阝	扌	卩
揸	扌 ＋ 木 ＋ 日 ＋ 一	扌	横
揽	扌 ＋ 览字头 ＋ 见	扌	见
揿	扌 ＋ 钅 ＋ ⺈ ＋ 人	扌	人
搀	扌 ＋ 免 ＋ 冬字底	扌	点
搁	扌 ＋ 门 ＋ 各	扌	又
搂	扌 ＋ 米 ＋ 女	扌	女
搅	扌 ＋ 学无子 ＋ 见	扌	见
搋	扌 ＋ 反字框 ＋ 卜 ＋ 厂 ＋ 匕 ＋ 几	扌	几
搌	扌 ＋ 尸 ＋ 艹 ＋ 畏字底带横	扌	定字底
搏	扌 ＋ 甫 ＋ 寸	扌	寸
搐	扌 ＋ 亠 ＋ 幺 ＋ 田	扌	田
搒	扌 ＋ 帝字头 ＋ 方	扌	方
搓	扌 ＋ 差字头 ＋ 工	扌	工
搔	扌 ＋ 又 ＋ 丶 ＋ 虫	扌	虫
搛	扌 ＋ 兼	扌	兼
搜	扌 ＋ 叟字头 ＋ 又	扌	又
搞	扌 ＋ 享字头 ＋ 冂 ＋ 口	扌	口
搠	扌 ＋ 丷 ＋ 一 ＋ 凵 ＋ 丿 ＋ 月	扌	月
搡	扌 ＋ 又 ＋ 又 ＋ 又 ＋ 木	扌	木
搦	扌 ＋ 弓 ＋ 冫 ＋ 弓 ＋ 冫	扌	氵
搪	扌 ＋ 广 ＋ 肀 ＋ 口	扌	口
搬	扌 ＋ 舟 ＋ 殳	扌	殳
搭	扌 ＋ 艹 ＋ 全字头 ＋ 一 ＋ 口	扌	口
搴	宀 ＋ 冓头 ＋ 八 ＋ 手	宀	扌
携	扌 ＋ 隹 ＋ 乃	扌	乃
搽	扌 ＋ 艹 ＋ 全字头 ＋ 一 ＋ 小	扌	小
摁	扌 ＋ 囗 ＋ 大 ＋ 心	扌	忄
摄	扌 ＋ 耳 ＋ 又 ＋ 又	扌	又
摅	扌 ＋ 卜 ＋ 厂 ＋ 匕 ＋ 心	扌	忄
摆	扌 ＋ 罒 ＋ 土 ＋ 厶	扌	厶
摇	扌 ＋ 爫 ＋ 缶	扌	击
摈	扌 ＋ 宀 ＋ 撇 ＋ 卢字头 ＋ 丨 ＋ 一 ＋ 八	扌	八
摊	扌 ＋ 又 ＋ 隹	扌	隹
摏	扌 ＋ 春字头 ＋ 臼	扌	白
摒	扌 ＋ 尸 ＋ 丷 ＋ 一 ＋ 廾	扌	艹
摔	扌 ＋ 亠 ＋ 幺 ＋ 冫 ＋ 撇 ＋ 点 ＋ 十	扌	十
摘	扌 ＋ 啇	扌	商
摛	扌 ＋ 亠 ＋ 㐅 ＋ 凵 ＋ 禸	扌	禸
摞	扌 ＋ 田 ＋ 糸	扌	纟
摧	扌 ＋ 山 ＋ 隹	扌	隹
摩	广 ＋ 木 ＋ 木 ＋ 手	广	扌
摭	扌 ＋ 广 ＋ 廿 ＋ 灬	扌	火
摴	扌 ＋ 雨头 ＋ 二 ＋ 折	扌	折
摸	扌 ＋ 莫	扌	莫
摹	莫 ＋ 手	莫	扌
摽	扌 ＋ 覀 ＋ 示	扌	示
撂	扌 ＋ 田 ＋ 各	扌	又
撄	扌 ＋ 贝 ＋ 贝 ＋ 女	扌	女
撅	扌 ＋ 厂 ＋ 丷 ＋ 一 ＋ 凵 ＋ 丿 ＋ ⺈ ＋ 人	扌	人
撇	扌 ＋ 㡀 ＋ 攵	扌	又
撑	扌 ＋ 尚头 ＋ 手	扌	扌
撒	扌 ＋ 龷 ＋ 青字底 ＋ 攵	扌	又
撕	扌 ＋ 其字头 ＋ 八 ＋ 斤	扌	斤
撖	扌 ＋ 折 ＋ 耳 ＋ 攵	扌	又
撙	扌 ＋ 丷 ＋ 酉 ＋ 寸	扌	寸
撞	扌 ＋ 立 ＋ 里	扌	里
撤	扌 ＋ 亠 ＋ 厶 ＋ 青字底 ＋ 攵	扌	又
撩	扌 ＋ 大 ＋ 丷 ＋ 日 ＋ 小	扌	小
撬	扌 ＋ 毛 ＋ 毛 ＋ 毛	扌	毛
播	扌 ＋ 釆 ＋ 田	扌	田
撮	扌 ＋ 日 ＋ 耳 ＋ 又	扌	又
撰	扌 ＋ 巳 ＋ 巳 ＋ 龷 ＋ 八	扌	八
撵	扌 ＋ 夫 ＋ 夫 ＋ 车	扌	车
撷	扌 ＋ 士 ＋ 口 ＋ 页	扌	见
撸	扌 ＋ 鱼 ＋ 日	扌	日
撺	扌 ＋ 宀 ＋ 八 ＋ 口 ＋ 口 ＋ 丨	扌	竖
撼	扌 ＋ 戊 ＋ 一 ＋ 口 ＋ 心	扌	忄
擀	扌 ＋ 十 ＋ 日 ＋ 十 ＋ 全字头 ＋ 干	扌	干
擂	扌 ＋ 雨头 ＋ 田	扌	田
擅	扌 ＋ 亠 ＋ 囗 ＋ 口 ＋ 日 ＋ 一	扌	横
操	扌 ＋ 口 ＋ 口 ＋ 口 ＋ 木	扌	木
擎	艹 ＋ 勹 ＋ 口 ＋ 攵 ＋ 手	艹	扌
擐	扌 ＋ 罒 ＋ 一 ＋ 口 ＋ 衣省	扌	衣
擒	扌 ＋ 全字头 ＋ 亠 ＋ 㐅 ＋ 凵 ＋ 禸	扌	禸
擘	尸 ＋ 口 ＋ 辛 ＋ 手	尸	扌
擞	扌 ＋ 米 ＋ 女 ＋ 攵	扌	又
擢	扌 ＋ 习 ＋ 习 ＋ 隹	扌	隹
擤	扌 ＋ 自 ＋ 田 ＋ 丌	扌	儿
擦	扌 ＋ 宀 ＋ 祭字头 ＋ 示	扌	示
擿	扌 ＋ 啇 ＋ 辶	扌	辶
攀	木 ＋ 㐅 ＋ 㐅 ＋ 木 ＋ 大 ＋ 手	木	扌
攉	扌 ＋ 雨头 ＋ 隹	扌	隹
攒	扌 ＋ 告字头 ＋ 儿 ＋ 告字头 ＋ 儿 ＋ 贝	扌	见
攘	扌 ＋ 襄	扌	衣
攥	扌 ＋ 竹头 ＋ 目 ＋ 大 ＋ 糸	扌	纟
攫	扌 ＋ 目 ＋ 目 ＋ 隹 ＋ 又	扌	又
攮	扌 ＋ 囊字头 ＋ 襄省	扌	衣
支	十 ＋ 又	十	又
收	折 ＋ 丨 ＋ 攵	折	又
攸	亻 ＋ 丨 ＋ 攵	亻	又
改	己 ＋ 攵	已	又
攻	工 ＋ 攵	工	又
攽	八 ＋ 刀 ＋ 攵	八	又
放	方 ＋ 攵	方	又
政	一 ＋ 止 ＋ 攵	横	又
故	古 ＋ 攵	古	又
效	交 ＋ 攵	交	又
敉	米 ＋ 攵	米	又
敌	千 ＋ 口 ＋ 攵	干	又
敏	卧人 ＋ 母 ＋ 攵	卧人	又
救	一 ＋ 氺 ＋ 丶 ＋ 攵	横	又
敔	五 ＋ 口 ＋ 攵	五	又
敕	束 ＋ 攵	束	又
敖	龶 ＋ 折 ＋ 丿 ＋ 攵	丰	又
教	耂 ＋ 子 ＋ 攵	耂	又
敛	佥 ＋ 攵	佥	又
敝	㡀 ＋ 攵	八	又
敞	尚字头 ＋ 冖 ＋ 口 ＋ 攵	小	又
敢	折 ＋ 耳 ＋ 攵	折	又
散	龷 ＋ 青字底 ＋ 攵	廿	又
敦	享字头 ＋ 子 ＋ 攵	享字头	又
敩	学无子 ＋ 子 ＋ 攵	宀	又
敫	白 ＋ 方 ＋ 攵	白	又
敬	艹 ＋ 勹 ＋ 口 ＋ 攵	艹	又
数	米 ＋ 女 ＋ 攵	米	又
敲	享字头 ＋ 冂 ＋ 口 ＋ 卢字头 ＋ 又	享字头	又
整	束 ＋ 攵 ＋ 一 ＋ 止	束	止
敷	甫 ＋ 方 ＋ 攵	甫	又
文	文	文	文
斋	文 ＋ 而	文	雨
斌	文 ＋ 一 ＋ 弋 ＋ 止	文	止
斐	非 ＋ 文	片	文
斑	玨 ＋ 文	王	文
斓	文 ＋ 门 ＋ 柬	文	束
斗	冬字底 ＋ 十	点	十
料	米 ＋ 冬字底 ＋ 十	米	十
斛	角 ＋ 冬字底 ＋ 十	角	十
斜	全字头 ＋ 于 ＋ 八 ＋ 冬字底 ＋ 十	人	十
斝	口 ＋ 口 ＋ 冖 ＋ 冬字底 ＋ 十	口	十
斟	其字头 ＋ 八 ＋ 折 ＋ 冬字底 ＋ 十	廿	十
斠	冓头 ＋ 冂 ＋ 土 ＋ 冬字底 ＋ 十	冓头	十
斡	十 ＋ 日 ＋ 十 ＋ 全字头 ＋ 冬字底 ＋ 十	十	十
斤	斤	斤	斤
斥	斥	斤	斤
斧	八 ＋ 㐅 ＋ 斤	八	斤
斩	车旁 ＋ 斤	车	斤
斫	石 ＋ 斤	石	斤
断	米 ＋ 折 ＋ 斤	米	斤
斯	其字头 ＋ 八 ＋ 斤	廿	斤
新	立 ＋ 一 ＋ 小 ＋ 斤	立	斤
斶	斤 ＋ 罒 ＋ 勹 ＋ 虫	斤	虫
方	方	方	方
於	方 ＋ 全字头 ＋ 冬字底	方	点
施	方 ＋ 卧人 ＋ 也	方	也
旁	帝字头 ＋ 方	宀	方
旃	方 ＋ 卧人 ＋ 周字框 ＋ 亠	方	亠
旄	方 ＋ 卧人 ＋ 毛	方	毛
旅	方 ＋ 卧人 ＋ 旅下角	方	氏
旆	方 ＋ 卧人 ＋ 一 ＋ 巾	方	巾
旋	方 ＋ 卧人 ＋ 疋	方	定字底
旌	方 ＋ 卧人 ＋ 丿 ＋ 龶	方	丰
旎	方 ＋ 卧人 ＋ 尸 ＋ 匕	方	匕
族	方 ＋ 卧人 ＋ 矢	方	矢
旐	方 ＋ 卧人 ＋ 冫 ＋ 冫 ＋ 儿	方	儿
旒	方 ＋ 卧人 ＋ 亠 ＋ 厶 ＋ 荒字底	方	竖
旖	方 ＋ 卧人 ＋ 大 ＋ 可	方	寸
旗	方 ＋ 卧人 ＋ 其字头 ＋ 八	方	八
旞	方 ＋ 卧人 ＋ 丷 ＋ 豕 ＋ 辶	方	辶
无	无	无	无
既	即字旁 ＋ 一 ＋ 折 ＋ 儿	艮	儿
日	日	日	日
旦	日 ＋ 一	日	横
旧	丨 ＋ 日	竖	日
旨	匕 ＋ 日	匕	日
早	日 ＋ 十	日	十
旬	勹 ＋ 日	匚	日
旭	九 ＋ 日	九	日
旮	九 ＋ 日	九	日
旯	日 ＋ 九	日	九
旰	日 ＋ 干	日	干
旱	日 ＋ 干	日	干
旴	日 ＋ 于	日	干
旵	日 ＋ 山	日	山
时	日 ＋ 寸	日	寸
旷	日 ＋ 广	日	广
旸	日 ＋ 杨字边	日	勿
旺	日 ＋ 王	日	王
旻	日 ＋ 文	日	文
旿	日 ＋ 卧人 ＋ 十	日	十
昀	日 ＋ 勹 ＋ 冫	日	氵
昂	日 ＋ 卬	日	卩
昃	日 ＋ 厂 ＋ 人	日	人
昄	日 ＋ 反字框 ＋ 又	日	又
昆	日 ＋ 比字旁 ＋ 匕	日	匕
昇	日 ＋ 撇 ＋ 廾	日	艹
昈	日 ＋ 户	日	尸
昉	日 ＋ 方	日	方
昊	日 ＋ 天	日	大
昌	日 ＋ 日	日	日
明	日 ＋ 月	日	月
昏	氏 ＋ 日	氏	日
昒	日 ＋ 勿	日	勿
易	日 ＋ 勿	日	勿
昔	龷 ＋ 日	廿	日
昕	日 ＋ 斤	日	斤
昙	日 ＋ 二 ＋ 厶	日	厶
昝	夂 ＋ 卜 ＋ 日	又	日
星	日 ＋ 丿 ＋ 龶	日	丰
映	日 ＋ 见二 ＋ 大	日	大
昡	日 ＋ 亠 ＋ 幺	日	纟
昣	日 ＋ 全字头 ＋ 彡	日	彡
昤	日 ＋ 令	日	今
春	春字头 ＋ 日	美字头	日
昧	日 ＋ 未	日	未
昨	日 ＋ 卧人 ＋ 卢字头 ＋ 一	日	横
昪	日 ＋ 厶 ＋ 廾	日	艹
昫	日 ＋ 勹 ＋ 口	日	口
昭	日 ＋ 刀 ＋ 口	日	口
是	日 ＋ 定字底	日	定字底
昱	日 ＋ 立	日	立
昳	日 ＋ 失	日	矢
昴	日 ＋ 卯	日	卵
昵	日 ＋ 尸 ＋ 匕	日	匕
昶	永 ＋ 日	永	日
昺	日 ＋ 一 ＋ 冂 ＋ 人	日	人
昼	尺 ＋ 日 ＋ 一	尸	横
昽	日 ＋ 龙	日	龙
显	日 ＋ 业	日	业
晁	日 ＋ 冫 ＋ 冫 ＋ 儿	日	儿
晃	日 ＋ 尚字头 ＋ 兀	日	儿
晅	日 ＋ 一 ＋ 日 ＋ 一	日	横
晊	日 ＋ 至	日	至
晋	亚 ＋ 日	业	日
晌	日 ＋ 向	日	向
晏	日 ＋ 宀 ＋ 女	日	女
晐	日 ＋ 亠 ＋ 折 ＋ 丿 ＋ 人	日	人
晒	日 ＋ 西	日	西
晓	日 ＋ 尧	日	尧
晔	日 ＋ 亻 ＋ 化字边 ＋ 十	日	十
晕	日 ＋ 冖 ＋ 车	日	车
晖	日 ＋ 冖 ＋ 车	日	车
晗	日 ＋ 今 ＋ 口	日	口
晙	日 ＋ 厶 ＋ 八 ＋ 夂	日	又
晚	日 ＋ 免	日	兔
晞	日 ＋ 㐅 ＋ 左字框 ＋ 巾	日	巾
晟	日 ＋ 戊 ＋ 折	日	折
晡	日 ＋ 甫	日	甫
晢	扌 ＋ 斤 ＋ 日	扌	日
晤	日 ＋ 五 ＋ 口	日	口
晦	日 ＋ 卧人 ＋ 母	日	母
晨	日 ＋ 厂 ＋ 一 ＋ 畏字底带横	日	定字底
晪	日 ＋ 见二 ＋ 龷 ＋ 八	日	八
晫	日 ＋ 卢字头 ＋ 日 ＋ 十	日	十
普	丷 ＋ 亚 ＋ 日	八	日
景	日 ＋ 享字头 ＋ 小	日	小
晰	日 ＋ 木 ＋ 斤	日	斤
晱	日 ＋ 火 ＋ 火	日	火
晴	日 ＋ 龶 ＋ 青字底	日	月
晶	日 ＋ 日 ＋ 日	日	日
晷	日 ＋ 夂 ＋ 卜 ＋ 口	日	口
智	矢 ＋ 口 ＋ 日	矢	日
晾	日 ＋ 享字头 ＋ 小	日	小
暂	车旁 ＋ 斤 ＋ 日	车	日
暄	日 ＋ 宀 ＋ 一 ＋ 日 ＋ 一	日	横
暅	日 ＋ 忄 ＋ 一 ＋ 日 ＋ 一	日	横
暇	日 ＋ 折 ＋ 一 ＋ 卢字头 ＋ 一 ＋ 折 ＋ 一 ＋ 又	日	又
暌	日 ＋ 登字头 ＋ 天	日	大
暑	日 ＋ 耂 ＋ 日	日	日
暕	日 ＋ 柬	日	束
暖	日 ＋ 爫 ＋ 一 ＋ 左字框 ＋ 又	日	又
暗	日 ＋ 音	日	音
暝	日 ＋ 冖 ＋ 日 ＋ 亠 ＋ 八	日	八
暧	日 ＋ 爫 ＋ 冖 ＋ 左字框 ＋ 又	日	又
暨	即字旁 ＋ 一 ＋ 折 ＋ 儿 ＋ 日 ＋ 一	艮	横
暮	莫 ＋ 日	莫	日
暲	日 ＋ 音 ＋ 十	日	十
暴	暴	暴	暴
暵	日 ＋ 廿 ＋ 口 ＋ 夫	日	大
暶	日 ＋ 方 ＋ 卧人 ＋ 疋	日	定字底
暹	日 ＋ 隹 ＋ 辶	日	辶
暾	日 ＋ 享字头 ＋ 子 ＋ 攵	日	又
暿	日 ＋ 士 ＋ 口 ＋ 丷 ＋ 一 ＋ 口	日	口
曈	日 ＋ 立 ＋ 里	日	里
曌	日 ＋ 月 ＋ 宀 ＋ 八 ＋ 工	日	工
曙	日 ＋ 署	日	皿
曛	日 ＋ 熏	日	黑
曜	日 ＋ 习 ＋ 习 ＋ 隹	日	隹
曝	日 ＋ 暴	日	暴
曦	日 ＋ 美字头 ＋ 禾 ＋ 戈 ＋ 横 ＋ 折	日	折
曩	日 ＋ 襄	日	衣
曰	曰	日	日
曲	由 ＋ 丨	田	竖
曳	日 ＋ 折 ＋ 丿	日	撇
更	一 ＋ 日 ＋ 㐅	横	交
曷	日 ＋ 匃	日	匚
曹	一 ＋ 囗 ＋ 艹 ＋ 日	横	日
曼	日 ＋ 罒 ＋ 又	日	又
曾	丷 ＋ 囗 ＋ 尚字头 ＋ 日	八	日
替	夫 ＋ 夫 ＋ 日	大	日
最	日 ＋ 耳 ＋ 又	日	又
月	月	月	月
有	左字框 ＋ 青字底	十	月
朋	月 ＋ 月	月	月
服	月 ＋ 卩 ＋ 又	月	又
朏	月 ＋ 出	月	山
朐	月 ＋ 勹 ＋ 口	月	口
朓	月 ＋ 冫 ＋ 冫 ＋ 儿	月	儿
朔	丷 ＋ 一 ＋ 凵 ＋ 丿 ＋ 月	八	月
朕	月 ＋ 丷 ＋ 天	月	大
朗	丶 ＋ 即字旁 ＋ 月	点	月
望	亠 ＋ 折 ＋ 月 ＋ 王	亠	王
朝	十 ＋ 日 ＋ 十 ＋ 月	十	月
期	其字头 ＋ 八 ＋ 月	廿	月
朦	月 ＋ 艹 ＋ 冖 ＋ 一 ＋ 豕	月	豕
木	木	木	木
未	未	未	未
末	末	未	未
本	木 ＋ 一	木	横
札	木 ＋ 折	木	折
术	木 ＋ 丶	木	点
朱	朱	未	未
朳	木 ＋ 八	木	八
朴	木 ＋ 卜	木	卜
朵	几 ＋ 木	几	木
朸	木 ＋ 力	木	力
机	木 ＋ 几	木	几
朽	木 ＋ 一 ＋ 折	木	折
杀	㐅 ＋ 一 ＋ 小	交	小
杂	九 ＋ 一 ＋ 小	九	小
权	木 ＋ 又	木	又
杄	木 ＋ 千	木	干
杆	木 ＋ 干	木	干
杈	木 ＋ 又 ＋ 丶	木	点
杉	木 ＋ 彡	木	彡
杌	木 ＋ 兀	木	儿
李	木 ＋ 子	木	子
杏	木 ＋ 口	木	口
材	木 ＋ 才	木	寸
村	木 ＋ 寸	木	寸
杓	木 ＋ 勹 ＋ 丶	木	点
杕	木 ＋ 大	木	大
杖	木 ＋ 左字框 ＋ 丶	木	点
杙	木 ＋ 弋	木	戈
杜	木 ＋ 土	木	土
杞	木 ＋ 己	木	已
束	束	束	束
杠	木 ＋ 工	木	工
条	夂 ＋ 一 ＋ 小	又	小
来	来	来	来
杧	木 ＋ 亠 ＋ 折	木	折
杨	木 ＋ 杨字边	木	勿
杩	木 ＋ 马	木	马
杪	木 ＋ 少三 ＋ 丿	木	撇
杭	木 ＋ 亠 ＋ 几	木	几
杯	木 ＋ 一 ＋ 亻 ＋ 点	木	点
杰	木 ＋ 灬	木	火
杲	日 ＋ 木	日	木
杳	木 ＋ 日	木	日
杵	木 ＋ 卧人 ＋ 十	木	十
杷	木 ＋ 巴	木	已
杻	木 ＋ 折 ＋ 土	木	土
杼	木 ＋ 予	木	予
松	木 ＋ 八 ＋ 厶	木	厶
板	木 ＋ 反字框 ＋ 又	木	又
极	木 ＋ 及	木	及
构	木 ＋ 勹 ＋ 厶	木	厶
枅	木 ＋ 一 ＋ 廾	木	艹
枇	木 ＋ 比字旁 ＋ 匕	木	匕
枉	木 ＋ 王	木	王
枋	木 ＋ 方	木	方
枍	木 ＋ 八 ＋ 一 ＋ 折	木	折
析	木 ＋ 斤	木	斤
枕	木 ＋ 冖 ＋ 儿	木	儿
林	木 ＋ 木	木	木
枘	木 ＋ 冂 ＋ 人	木	人
枚	木 ＋ 攵	木	又
果	日 ＋ 木	日	木
枝	木 ＋ 十 ＋ 又	木	又
枞	木 ＋ 人 ＋ 人	木	人
枢	木 ＋ 匚 ＋ 㐅	木	交
枣	朿 ＋ 冬字底	束	点
枥	木 ＋ 厂 ＋ 力	木	力
枧	木 ＋ 见	木	见
枨	木 ＋ 长	木	长
枪	木 ＋ 全字头 ＋ 㔾	木	已
枫	木 ＋ 风省 ＋ 㐅	木	交
枭	鸟省 ＋ 木	鸟	木
枯	木 ＋ 古	木	古
枰	木 ＋ 一 ＋ 丷 ＋ 十	木	十
枲	厶 ＋ 口 ＋ 木	厶	木
枳	木 ＋ 口 ＋ 八	木	八
枵	木 ＋ 口 ＋ 一 ＋ 折	木	折
架	力 ＋ 口 ＋ 木	力	木
枷	木 ＋ 力 ＋ 口	木	口
枸	木 ＋ 勹 ＋ 口	木	口
枹	木 ＋ 勹 ＋ 巳	木	已
柁	木 ＋ 宀 ＋ 匕	木	匕
柃	木 ＋ 令	木	今
柄	木 ＋ 一 ＋ 冂 ＋ 人	木	人
柈	木 ＋ 丷 ＋ 举字底	木	扌
柊	木 ＋ 夂 ＋ 冬字底	木	点
柏	木 ＋ 白	木	白
某	甘 ＋ 木	廿	木
柑	木 ＋ 甘	木	廿
柒	氵 ＋ 七 ＋ 木	氵	木
染	氵 ＋ 九 ＋ 木	氵	木
柔	予 ＋ 丿 ＋ 木	予	木
柖	木 ＋ 刀 ＋ 口	木	口
柘	木 ＋ 石	木	石
柙	木 ＋ 甲	木	田
柚	木 ＋ 由	木	田
柜	木 ＋ 巨	木	匚
柝	木 ＋ 斥	木	斤
柞	木 ＋ 卧人 ＋ 卢字头 ＋ 一	木	横
柠	木 ＋ 宀 ＋ 丁	木	寸
柢	木 ＋ 氐	木	氏
查	木 ＋ 日 ＋ 一	木	横
柩	木 ＋ 匚 ＋ 久	木	又
柬	柬	束	束
柯	木 ＋ 可	木	寸
柰	木 ＋ 示	木	示
柱	木 ＋ 亠 ＋ 土	木	土
柳	木 ＋ 卯	木	卵
柴	止 ＋ 匕 ＋ 木	止	木
柷	木 ＋ 口 ＋ 儿	木	儿
柽	木 ＋ 又 ＋ 土	木	土
柿	木 ＋ 亠 ＋ 巾	木	巾
栀	木 ＋ 反字框 ＋ 一 ＋ 㔾	木	已
栅	木 ＋ 周字框 ＋ 周字框 ＋ 一	木	横
标	木 ＋ 示	木	示
栈	木 ＋ 戋	木	戈
栉	木 ＋ 艹 ＋ 节字底	木	卩
栊	木 ＋ 龙	木	龙
栋	木 ＋ 东	木	车
栌	木 ＋ 卢字头 ＋ 尸	木	尸
栎	木 ＋ 乐	木	乐
栏	木 ＋ 丷 ＋ 一 ＋ 二	木	二
栐	木 ＋ 永	木	永
树	木 ＋ 又 ＋ 寸	木	寸
栒	木 ＋ 勹 ＋ 日	木	日
栓	木 ＋ 全字头 ＋ 王	木	王
栖	木 ＋ 西	木	西
栗	覀 ＋ 木	西	木
栝	木 ＋ 千 ＋ 口	木	口
栟	木 ＋ 丷 ＋ 一 ＋ 廾	木	艹
校	木 ＋ 交	木	交
栩	木 ＋ 习 ＋ 习	木	习
株	木 ＋ 朱	木	未
栲	木 ＋ 耂 ＋ 一 ＋ 折	木	折
栳	木 ＋ 耂 ＋ 匕	木	匕
栴	木 ＋ 卧人 ＋ 周字框 ＋ 亠	木	亠
样	木 ＋ 羊	木	羊
核	木 ＋ 亠 ＋ 折 ＋ 丿 ＋ 人	木	人
根	木 ＋ 艮	木	艮
栻	木 ＋ 弋 ＋ 工	木	工
格	木 ＋ 各	木	又
栽	十 ＋ 戈 ＋ 木	十	木
栾	变字头 ＋ 木	变字头	木
桀	夕 ＋ 降下角 ＋ 木	夕	木
桁	木 ＋ 行	木	行
桂	木 ＋ 土 ＋ 土	木	土
桃	木 ＋ 冫 ＋ 冫 ＋ 儿	木	儿
桄	木 ＋ 尚字头 ＋ 兀	木	儿
桅	木 ＋ ⺈ ＋ 厂 ＋ 㔾	木	已
框	木 ＋ 匚 ＋ 王	木	王
案	宀 ＋ 女 ＋ 木	宀	木
桉	木 ＋ 宀 ＋ 女	木	女
桊	龹 ＋ 木	美字头	木
桌	卢字头 ＋ 日 ＋ 木	卜	木
桎	木 ＋ 至	木	至
桐	木 ＋ 冂 ＋ 一 ＋ 口	木	口
桑	又 ＋ 又 ＋ 又 ＋ 木	又	木
桓	木 ＋ 一 ＋ 日 ＋ 一	木	横
桔	木 ＋ 士 ＋ 口	木	口
桕	木 ＋ 臼	木	白
桠	木 ＋ 亚	木	业
桡	木 ＋ 尧	木	尧
桢	木 ＋ 卢字头 ＋ 贝	木	见
档	木 ＋ 尚字头 ＋ 彐	木	争字底
桤	木 ＋ 山 ＋ 己	木	已
桥	木 ＋ 乔	木	竖
桦	木 ＋ 亻 ＋ 化字边 ＋ 十	木	十
桧	木 ＋ 全字头 ＋ 二 ＋ 厶	木	厶
桨	丬 ＋ 夕 ＋ 木	片	木
桩	木 ＋ 广 ＋ 土	木	土
桫	木 ＋ 氵 ＋ 少三 ＋ 丿	木	撇
桯	木 ＋ 口 ＋ 王	木	王
桲	木 ＋ 十 ＋ 冖 ＋ 子	木	子
桴	木 ＋ 爫 ＋ 子	木	子
桶	木 ＋ 龴 ＋ 冂 ＋ 举字底	木	扌
桷	木 ＋ 角	木	角
桹	木 ＋ 丶 ＋ 艮	木	艮
梁	氵 ＋ 刀 ＋ 丶 ＋ 丶 ＋ 木	氵	木
梃	木 ＋ 壬 ＋ 廴	木	辶
梅	木 ＋ 卧人 ＋ 母	木	母
梆	木 ＋ 三 ＋ 丿 ＋ 阝	木	卩
梌	木 ＋ 全字头 ＋ 于 ＋ 八	木	八
梏	木 ＋ 告字头 ＋ 口	木	口
梓	木 ＋ 辛	木	辛
梗	木 ＋ 一 ＋ 日 ＋ 㐅	木	交
梠	木 ＋ 口 ＋ 口	木	口
梢	木 ＋ 尚字头 ＋ 青字底	木	月
梣	木 ＋ 山 ＋ 今	木	今
梦	木 ＋ 木 ＋ 夕	木	夕
梧	木 ＋ 五 ＋ 口	木	口
梨	利 ＋ 木	利	木
梭	木 ＋ 厶 ＋ 八 ＋ 夂	木	又
梯	木 ＋ 弟	木	弟
械	木 ＋ 戈 ＋ 廾	木	艹
梳	木 ＋ 亠 ＋ 厶 ＋ 荒字底	木	竖
梴	木 ＋ 撇 ＋ 卢字头 ＋ 折 ＋ 廴	木	辶
梵	木 ＋ 木 ＋ 凡	木	几
梼	木 ＋ 三 ＋ 丿 ＋ 寸	木	寸
梽	木 ＋ 士 ＋ 心	木	忄
梾	木 ＋ 来	木	来
梿	木 ＋ 车 ＋ 辶	木	辶
检	木 ＋ 佥	木	佥
棁	木 ＋ 丷 ＋ 口 ＋ 儿	木	儿
棂	木 ＋ 彐 ＋ 火	木	火
棉	木 ＋ 白 ＋ 巾	木	巾
棋	木 ＋ 其字头 ＋ 八	木	八
棍	木 ＋ 日 ＋ 比字旁 ＋ 匕	木	匕
棐	非 ＋ 木	片	木
棒	木 ＋ 春字头 ＋ 举字底	木	扌
棓	木 ＋ 立 ＋ 口	木	口
棕	木 ＋ 宀 ＋ 示	木	示
棘	朿 ＋ 朿	束	束
棚	木 ＋ 月 ＋ 月	木	月
棠	尚头 ＋ 木	宀	木
棣	木 ＋ 折 ＋ 二 ＋ 氺	木	氵
棤	木 ＋ 龷 ＋ 日	木	日
棨	户 ＋ 攵 ＋ 木	尸	木
棪	木 ＋ 火 ＋ 火	木	火
棫	木 ＋ 戈 ＋ 口 ＋ 一	木	横
棬	木 ＋ 龹 ＋ 㔾	木	已
森	木 ＋ 木 ＋ 木	木	木
棰	木 ＋ 千 ＋ 龷 ＋ 一	木	横
棱	木 ＋ 土 ＋ 八 ＋ 夂	木	又
棵	木 ＋ 日 ＋ 木	木	木
棹	木 ＋ 卢字头 ＋ 日 ＋ 十	木	十
棺	木 ＋ 宀 ＋ 官字底	木	追字心
棻	艹 ＋ 八 ＋ 刀 ＋ 木	艹	木
棼	木 ＋ 木 ＋ 八 ＋ 刀	木	刀
棽	木 ＋ 木 ＋ 今	木	今
椀	木 ＋ 宀 ＋ 夕 ＋ 㔾	木	已
椁	木 ＋ 享字头 ＋ 子	木	子
椅	木 ＋ 大 ＋ 可	木	寸
椆	木 ＋ 周字框 ＋ 土 ＋ 口	木	口
椋	木 ＋ 享字头 ＋ 小	木	小
植	木 ＋ 十 ＋ 具字头	木	且
椎	木 ＋ 隹	木	隹
椐	木 ＋ 居	木	居
椑	木 ＋ 白 ＋ 丿 ＋ 十	木	十
椒	木 ＋ 卜 ＋ 横 ＋ 小 ＋ 又	木	又
椓	木 ＋ 豖	木	豕
椟	木 ＋ 十 ＋ 折 ＋ 冬字底 ＋ 大	木	大
椠	车旁 ＋ 斤 ＋ 木	车	木
椤	木 ＋ 罒 ＋ 夕	木	夕
椪	木 ＋ 丷 ＋ 亚	木	业
椭	木 ＋ 阝 ＋ 左字框 ＋ 青字底	木	月
椰	木 ＋ 耳 ＋ 阝	木	卩
椴	木 ＋ 撇 ＋ 卢字头 ＋ 二 ＋ 殳	木	殳
椸	木 ＋ 方 ＋ 卧人 ＋ 也	木	也
椹	木 ＋ 其字头 ＋ 八 ＋ 折	木	折
椽	木 ＋ 互中间 ＋ 豕	木	豕
椿	木 ＋ 春字头 ＋ 日	木	日
楂	木 ＋ 木 ＋ 日 ＋ 一	木	横
楒	木 ＋ 田 ＋ 心	木	忄
楔	木 ＋ 丰 ＋ 刀 ＋ 大	木	大
楗	木 ＋ 聿 ＋ 廴	木	辶
楙	木 ＋ 予 ＋ 丿 ＋ 木	木	木
楚	木 ＋ 木 ＋ 疋	木	定字底
楝	木 ＋ 柬	木	束
楞	木 ＋ 罒 ＋ 方	木	方
楠	木 ＋ 十 ＋ 冂 ＋ 南字心	木	南字心
楣	木 ＋ 尸 ＋ 丨 ＋ 目	木	日
楦	木 ＋ 宀 ＋ 一 ＋ 日 ＋ 一	木	横
楩	木 ＋ 亻 ＋ 一 ＋ 日 ＋ 㐅	木	交
楪	木 ＋ 廿 ＋ 折 ＋ 木	木	木
楫	木 ＋ 口 ＋ 耳	木	耳
楮	木 ＋ 耂 ＋ 日	木	日
楯	木 ＋ 反字框 ＋ 十 ＋ 目	木	日
楷	木 ＋ 比字旁 ＋ 匕 ＋ 白	木	白
楸	木 ＋ 禾 ＋ 火	木	火
楹	木 ＋ 乃 ＋ 又 ＋ 皿	木	皿
楼	木 ＋ 米 ＋ 女	木	女
概	木 ＋ 即字旁 ＋ 一 ＋ 折 ＋ 儿	木	儿
榃	木 ＋ 木 ＋ 田	木	田
榄	木 ＋ 览字头 ＋ 见	木	见
榅	木 ＋ 日 ＋ 皿	木	皿
榆	木 ＋ 俞	木	俞
榇	木 ＋ 立 ＋ 一 ＋ 小	木	小
榈	木 ＋ 门 ＋ 口 ＋ 口	木	口
榉	木 ＋ 应字心 ＋ 八 ＋ 举字底	木	扌
榍	木 ＋ 尸 ＋ 尚字头 ＋ 青字底	木	月
榑	木 ＋ 甫 ＋ 寸	木	寸
榔	木 ＋ 丶 ＋ 即字旁 ＋ 阝	木	卩
榕	木 ＋ 宀 ＋ 八 ＋ 全字头 ＋ 口	木	口
榖	士 ＋ 冖 ＋ 一 ＋ 木 ＋ 殳	土	殳
榛	木 ＋ 春字头 ＋ 禾	木	禾
榜	木 ＋ 帝字头 ＋ 方	木	方
榧	木 ＋ 匚 ＋ 非	木	片
榨	木 ＋ 宀 ＋ 八 ＋ 卧人 ＋ 卢字头 ＋ 一	木	横
榫	木 ＋ 隹 ＋ 十	木	十
榭	木 ＋ 身 ＋ 寸	木	寸
榰	木 ＋ 耂 ＋ 匕 ＋ 日	木	日
榱	木 ＋ 衣 ＋ 口 ＋ 横	木	横
榴	木 ＋ 留字头 ＋ 田	木	田
榷	木 ＋ 冖 ＋ 隹	木	隹
榻	木 ＋ 日 ＋ 习 ＋ 习	木	习
槁	木 ＋ 享字头 ＋ 冂 ＋ 口	木	口
槃	舟 ＋ 殳 ＋ 木	舟	木
槊	丷 ＋ 一 ＋ 凵 ＋ 丿 ＋ 月 ＋ 木	八	木
槌	木 ＋ 追字心 ＋ 辶	木	辶
槎	木 ＋ 差字头 ＋ 工	木	工
槐	木 ＋ 鬼	木	鬼
槔	木 ＋ 白 ＋ 大 ＋ 十	木	十
槚	木 ＋ 覀 ＋ 贝	木	见
槛	木 ＋ 览字头 ＋ 皿	木	皿
槜	木 ＋ 隹 ＋ 乃	木	乃
槟	木 ＋ 宀 ＋ 撇 ＋ 卢字头 ＋ 丨 ＋ 一 ＋ 八	木	八
槠	木 ＋ 讠 ＋ 耂 ＋ 日	木	日
槭	木 ＋ 戊 ＋ 卜 ＋ 横 ＋ 小	木	小
槱	木 ＋ 酉 ＋ 灬	木	火
槲	木 ＋ 角 ＋ 冬字底 ＋ 十	木	十
槽	木 ＋ 一 ＋ 囗 ＋ 艹 ＋ 日	木	日
槿	木 ＋ 廿 ＋ 口 ＋ 龶	木	丰
樊	木 ＋ 㐅 ＋ 㐅 ＋ 木 ＋ 大	木	大
樗	木 ＋ 雨头 ＋ 二 ＋ 折	木	折
樘	木 ＋ 尚头 ＋ 土	木	土
樟	木 ＋ 音 ＋ 十	木	十
模	木 ＋ 莫	木	莫
樨	木 ＋ 尸 ＋ 丨 ＋ 冫 ＋ 撇 ＋ 点 ＋ 牛	木	牛
横	木 ＋ 龷 ＋ 由 ＋ 八	木	八
樯	木 ＋ 十 ＋ 丷 ＋ 一 ＋ 囗 ＋ 口	木	口
樱	木 ＋ 贝 ＋ 贝 ＋ 女	木	女
樵	木 ＋ 隹 ＋ 灬	木	火
樽	木 ＋ 丷 ＋ 酉 ＋ 寸	木	寸
樾	木 ＋ 走 ＋ 戉	木	戈
橄	木 ＋ 折 ＋ 耳 ＋ 攵	木	又
橇	木 ＋ 毛 ＋ 毛 ＋ 毛	木	毛
橐	囊字头 ＋ 石 ＋ 木	宀	木
橑	木 ＋ 大 ＋ 丷 ＋ 日 ＋ 小	木	小
橘	木 ＋ 予 ＋ 丿 ＋ 冂 ＋ 八 ＋ 口	木	口
橙	木 ＋ 登字头 ＋ 一 ＋ 口 ＋ 丷 ＋ 一	木	横
橛	木 ＋ 厂 ＋ 丷 ＋ 一 ＋ 凵 ＋ 丿 ＋ ⺈ ＋ 人	木	人
橞	木 ＋ 一 ＋ 申 ＋ 一 ＋ 丶 ＋ 心	木	忄
橡	木 ＋ 象	木	象
橥	犭 ＋ 耂 ＋ 日 ＋ 木	犭	木
橦	木 ＋ 立 ＋ 里	木	里
橱	木 ＋ 厂 ＋ 一 ＋ 口 ＋ 丷 ＋ 一 ＋ 寸	木	寸
橹	木 ＋ 鱼 ＋ 日	木	日
橼	木 ＋ 纟 ＋ 互中间 ＋ 豕	木	豕
檀	木 ＋ 亠 ＋ 囗 ＋ 口 ＋ 日 ＋ 一	木	横
檄	木 ＋ 白 ＋ 方 ＋ 攵	木	又
檎	木 ＋ 全字头 ＋ 亠 ＋ 㐅 ＋ 凵 ＋ 禸	木	禸
檐	木 ＋ ⺈ ＋ 厂 ＋ 八 ＋ 言	木	讠
檑	木 ＋ 雨头 ＋ 田	木	田
檗	尸 ＋ 口 ＋ 辛 ＋ 木	尸	木
檞	木 ＋ 角 ＋ 刀 ＋ 牛	木	牛
檠	艹 ＋ 勹 ＋ 口 ＋ 攵 ＋ 木	艹	木
檩	木 ＋ 亠 ＋ 囗 ＋ 口 ＋ 示	木	示
檫	木 ＋ 宀 ＋ 祭字头 ＋ 示	木	示
檬	木 ＋ 艹 ＋ 冖 ＋ 一 ＋ 豕	木	豕
櫆	木 ＋ 鬼 ＋ 冬字底 ＋ 十	木	十
欂	木 ＋ 艹 ＋ 氵 ＋ 甫 ＋ 寸	木	寸
欠	⺈ ＋ 人	刀	人
次	冫 ＋ ⺈ ＋ 人	氵	人
欢	又 ＋ ⺈ ＋ 人	又	人
欣	斤 ＋ ⺈ ＋ 人	斤	人
欤	一 ＋ 折 ＋ 一 ＋ ⺈ ＋ 人	横	人
欧	匚 ＋ 㐅 ＋ ⺈ ＋ 人	匚	人
欲	八 ＋ 全字头 ＋ 口 ＋ ⺈ ＋ 人	八	人
欸	厶 ＋ 矢 ＋ ⺈ ＋ 人	厶	人
欹	大 ＋ 可 ＋ ⺈ ＋ 人	大	人
欺	其字头 ＋ 八 ＋ ⺈ ＋ 人	廿	人
欻	火 ＋ 火 ＋ ⺈ ＋ 人	火	人
款	士 ＋ 示 ＋ ⺈ ＋ 人	土	人
歃	千 ＋ 臼 ＋ ⺈ ＋ 人	干	人
歅	覀 ＋ 土 ＋ ⺈ ＋ 人	西	人
歆	音 ＋ ⺈ ＋ 人	音	人
歇	日 ＋ 匃 ＋ ⺈ ＋ 人	日	人
歉	兼 ＋ ⺈ ＋ 人	兼	人
歌	可 ＋ 可 ＋ ⺈ ＋ 人	寸	人
歙	全字头 ＋ 一 ＋ 口 ＋ 习 ＋ 习 ＋ ⺈ ＋ 人	人	人
止	止	止	止
正	一 ＋ 止	横	止
此	止 ＋ 匕	止	匕
步	止 ＋ 丨 ＋ 丿 ＋ 丿	止	撇
武	一 ＋ 弋 ＋ 止	横	止
歧	止 ＋ 十 ＋ 又	止	又
歪	一 ＋ 亻 ＋ 点 ＋ 一 ＋ 止	横	止
歹	歹	夕	夕
死	歹 ＋ 匕	夕	匕
歼	歹 ＋ 千	夕	干
殁	歹 ＋ 殳	夕	殳
殂	歹 ＋ 且	夕	且
殃	歹 ＋ 见二 ＋ 大	夕	大
殄	歹 ＋ 全字头 ＋ 彡	夕	彡
殆	歹 ＋ 厶 ＋ 口	夕	口
殇	歹 ＋ 卧人 ＋ 杨字边	夕	勿
殉	歹 ＋ 勹 ＋ 日	夕	日
殊	歹 ＋ 朱	夕	未
残	歹 ＋ 戋	夕	戈
殍	歹 ＋ 爫 ＋ 子	夕	子
殒	歹 ＋ 口 ＋ 贝	夕	见
殓	歹 ＋ 佥	夕	佥
殖	歹 ＋ 十 ＋ 具字头	夕	且
殚	歹 ＋ 单	夕	单
殛	歹 ＋ 了 ＋ 口 ＋ 又 ＋ 一	夕	横
殡	歹 ＋ 宀 ＋ 撇 ＋ 卢字头 ＋ 丨 ＋ 一 ＋ 八	夕	八
殣	歹 ＋ 廿 ＋ 口 ＋ 龶	夕	丰
殪	歹 ＋ 士 ＋ 冖 ＋ 一 ＋ 口 ＋ 丷 ＋ 一	夕	横
殳	殳	殳	殳
殴	匚 ＋ 㐅 ＋ 殳	匚	殳
段	撇 ＋ 卢字头 ＋ 二 ＋ 殳	撇	殳
殷	反字框 ＋ 彐 ＋ 折 ＋ 殳	撇	殳
殿	尸 ＋ 龷 ＋ 八 ＋ 殳	尸	殳
毁	臼 ＋ 工 ＋ 殳	白	殳
毂	士 ＋ 冖 ＋ 车旁 ＋ 殳	土	殳
毅	豙 ＋ 殳	立	殳
毋	毋	母	母
毌	毌	母	母
母	母	母	母
每	卧人 ＋ 母	卧人	母
毐	士 ＋ 毋	土	母
毒	龶 ＋ 母	丰	母
毓	卧人 ＋ 母 ＋ 亠 ＋ 厶 ＋ 荒字底	卧人	竖
比	比字旁 ＋ 匕	匕	匕
毕	比字旁 ＋ 匕 ＋ 十	匕	十
毖	比字旁 ＋ 匕 ＋ 必	匕	忄
毗	田 ＋ 比字旁 ＋ 匕	田	匕
毙	比字旁 ＋ 匕 ＋ 歹 ＋ 匕	匕	匕
毛	毛	毛	毛
毡	毛 ＋ 卢字头 ＋ 口	毛	口
毪	毛 ＋ 厶 ＋ 牛	毛	牛
毫	享字头 ＋ 冖 ＋ 毛	享字头	毛
毯	毛 ＋ 火 ＋ 火	毛	火
毳	毛 ＋ 毛 ＋ 毛	毛	毛
毵	厶 ＋ 大 ＋ 彡 ＋ 毛	厶	毛
毹	俞 ＋ 毛	俞	毛
毽	毛 ＋ 聿 ＋ 廴	毛	辶
氅	尚字头 ＋ 冖 ＋ 口 ＋ 攵 ＋ 毛	小	毛
氆	毛 ＋ 丷 ＋ 亚 ＋ 日	毛	日
氇	毛 ＋ 鱼 ＋ 日	毛	日
氍	目 ＋ 目 ＋ 隹 ＋ 毛	日	毛
氏	氏	氏	氏
氐	氐	氏	氏
民	民	民	民
氓	亠 ＋ 折 ＋ 民	亠	民
气	气	气	气
氕	气 ＋ 丿	气	撇
氖	气 ＋ 乃	气	乃
氘	气 ＋ 乔字底	气	竖
氙	气 ＋ 山	气	山
氚	气 ＋ 川	气	川
氛	气 ＋ 八 ＋ 刀	气	刀
氟	气 ＋ 弗	气	弗
氡	气 ＋ 夂 ＋ 冬字底	气	点
氢	气 ＋ 轻字边	气	工
氤	气 ＋ 囗 ＋ 大	气	大
氦	气 ＋ 亠 ＋ 折 ＋ 丿 ＋ 人	气	人
氧	气 ＋ 羊	气	羊
氨	气 ＋ 宀 ＋ 女	气	女
氩	气 ＋ 亚	气	业
氪	气 ＋ 古 ＋ 儿	气	儿
氮	气 ＋ 火 ＋ 火	气	火
氯	气 ＋ 录字头 ＋ 氺	气	氵
氰	气 ＋ 龶 ＋ 青字底	气	月
氲	气 ＋ 日 ＋ 皿	气	皿
水	水	氵	氵
永	永	永	永
氾	氵 ＋ 㔾	氵	已
氿	氵 ＋ 九	氵	九
汀	氵 ＋ 丁	氵	寸
汁	氵 ＋ 十	氵	十
求	一 ＋ 氺 ＋ 丶	横	点
汆	入 ＋ 水	人	氵
汇	氵 ＋ 匚	氵	匚
汈	氵 ＋ 折 ＋ 一	氵	横
汉	氵 ＋ 又	氵	又
汊	氵 ＋ 又 ＋ 丶	氵	点
汋	氵 ＋ 勹 ＋ 丶	氵	点
汐	氵 ＋ 夕	氵	夕
汔	氵 ＋ 卧人 ＋ 乙	氵	乙
汕	氵 ＋ 山	氵	山
汗	氵 ＋ 干	氵	干
汛	氵 ＋ 折 ＋ 十	氵	十
汜	氵 ＋ 巳	氵	已
汝	氵 ＋ 女	氵	女
汞	工 ＋ 水	工	氵
江	氵 ＋ 工	氵	工
池	氵 ＋ 也	氵	也
污	氵 ＋ 二 ＋ 折	氵	折
汤	氵 ＋ 杨字边	氵	勿
汧	氵 ＋ 一 ＋ 廾	氵	艹
汨	氵 ＋ 日	氵	日
汩	氵 ＋ 曰	氵	日
汪	氵 ＋ 王	氵	王
汫	氵 ＋ 井	氵	井
汭	氵 ＋ 冂 ＋ 人	氵	人
汰	氵 ＋ 太	氵	大
汲	氵 ＋ 及	氵	及
汴	氵 ＋ 亠 ＋ 卜	氵	卜
汶	氵 ＋ 文	氵	文
汹	氵 ＋ 㐅 ＋ 凵	氵	匚
汽	氵 ＋ 气	氵	气
汾	氵 ＋ 八 ＋ 刀	氵	刀
沁	氵 ＋ 心	氵	忄
沂	氵 ＋ 斤	氵	斤
沃	氵 ＋ 撇 ＋ 大	氵	大
沄	氵 ＋ 二 ＋ 厶	氵	厶
沅	氵 ＋ 一 ＋ 兀	氵	儿
沆	氵 ＋ 亠 ＋ 几	氵	几
沇	氵 ＋ 厶 ＋ 儿	氵	儿
沈	氵 ＋ 冖 ＋ 儿	氵	儿
沉	氵 ＋ 冖 ＋ 几	氵	几
沌	氵 ＋ 一 ＋ 凵 ＋ 折	氵	折
沏	氵 ＋ 七 ＋ 刀	氵	刀
沐	氵 ＋ 木	氵	木
沓	水 ＋ 日	氵	日
沔	氵 ＋ 一 ＋ 丨 ＋ 折 ＋ 折	氵	折
沘	氵 ＋ 比字旁 ＋ 匕	氵	匕
沙	氵 ＋ 少三 ＋ 丿	氵	撇
沚	氵 ＋ 止	氵	止
沛	氵 ＋ 一 ＋ 巾	氵	巾
沟	氵 ＋ 勹 ＋ 厶	氵	厶
没	氵 ＋ 殳	氵	殳
沣	氵 ＋ 丰	氵	丰
沤	氵 ＋ 匚 ＋ 㐅	氵	交
沥	氵 ＋ 厂 ＋ 力	氵	力
沦	氵 ＋ 全字头 ＋ 匕	氵	匕
沧	氵 ＋ 全字头 ＋ 㔾	氵	已
沨	氵 ＋ 风省 ＋ 㐅	氵	交
沩	氵 ＋ 为	氵	力
沪	氵 ＋ 户	氵	尸
沫	氵 ＋ 末	氵	未
沭	氵 ＋ 木 ＋ 丶	氵	点
沮	氵 ＋ 且	氵	且
沱	氵 ＋ 宀 ＋ 匕	氵	匕
河	氵 ＋ 可	氵	寸
沸	氵 ＋ 弗	氵	弗
油	氵 ＋ 由	氵	田
沺	氵 ＋ 田	氵	田
治	氵 ＋ 厶 ＋ 口	氵	口
沼	氵 ＋ 刀 ＋ 口	氵	口
沽	氵 ＋ 古	氵	古
沾	氵 ＋ 卢字头 ＋ 口	氵	口
沿	氵 ＋ 几 ＋ 口	氵	口
泂	氵 ＋ 冂 ＋ 口	氵	口
泃	氵 ＋ 勹 ＋ 口	氵	口
泄	氵 ＋ 廿 ＋ 折	氵	折
泅	氵 ＋ 囗 ＋ 人	氵	人
泇	氵 ＋ 力 ＋ 口	氵	口
泉	白 ＋ 水	白	氵
泊	氵 ＋ 白	氵	白
泌	氵 ＋ 必	氵	忄
泐	氵 ＋ 阝 ＋ 力	氵	力
泓	氵 ＋ 弓 ＋ 厶	氵	厶
泔	氵 ＋ 甘	氵	廿
法	氵 ＋ 土 ＋ 厶	氵	厶
泖	氵 ＋ 卯	氵	卵
泗	氵 ＋ 四	氵	皿
泙	氵 ＋ 一 ＋ 丷 ＋ 十	氵	十
泚	氵 ＋ 止 ＋ 匕	氵	匕
泛	氵 ＋ 撇 ＋ 之	氵	之
泜	氵 ＋ 氐	氵	氏
泞	氵 ＋ 宀 ＋ 丁	氵	寸
泠	氵 ＋ 令	氵	今
泡	氵 ＋ 勹 ＋ 巳	氵	已
波	氵 ＋ 皮	氵	皮
泣	氵 ＋ 立	氵	立
泥	氵 ＋ 尸 ＋ 匕	氵	匕
注	氵 ＋ 亠 ＋ 土	氵	土
泪	氵 ＋ 目	氵	日
泫	氵 ＋ 亠 ＋ 幺	氵	纟
泮	氵 ＋ 丷 ＋ 举字底	氵	扌
泯	氵 ＋ 民	氵	民
泰	春字头 ＋ 氺	美字头	氵
泱	氵 ＋ 见二 ＋ 大	氵	大
泳	氵 ＋ 永	氵	永
泵	石 ＋ 水	石	氵
泷	氵 ＋ 龙	氵	龙
泸	氵 ＋ 卢字头 ＋ 尸	氵	尸
泺	氵 ＋ 乐	氵	乐
泻	氵 ＋ 冖 ＋ 一 ＋ 折 ＋ 一	氵	横
泼	氵 ＋ 折 ＋ 撇 ＋ 又 ＋ 点	氵	点
泽	氵 ＋ 又 ＋ 举字底	氵	扌
泾	氵 ＋ 轻字边	氵	工
洁	氵 ＋ 士 ＋ 口	氵	口
洄	氵 ＋ 囗 ＋ 口	氵	口
洇	氵 ＋ 囗 ＋ 大	氵	大
洈	氵 ＋ ⺈ ＋ 厂 ＋ 㔾	氵	已
洋	氵 ＋ 羊	氵	羊
洌	氵 ＋ 歹 ＋ 刂	氵	刀
洎	氵 ＋ 自	氵	白
洑	氵 ＋ 亻 ＋ 犬	氵	大
洒	氵 ＋ 西	氵	西
洓	氵 ＋ 朿	氵	束
洗	氵 ＋ 告字头 ＋ 儿	氵	儿
洘	氵 ＋ 耂 ＋ 一 ＋ 折	氵	折
洙	氵 ＋ 朱	氵	未
洚	氵 ＋ 夂 ＋ 降下角	氵	降下角
洛	氵 ＋ 各	氵	又
洞	氵 ＋ 冂 ＋ 一 ＋ 口	氵	口
洢	氵 ＋ 亻 ＋ 争字底 ＋ 撇	氵	撇
洣	氵 ＋ 米	氵	米
津	氵 ＋ 聿	氵	争字底
洧	氵 ＋ 左字框 ＋ 青字底	氵	月
洨	氵 ＋ 交	氵	交
洪	氵 ＋ 龷 ＋ 八	氵	八
洫	氵 ＋ 血	氵	皿
洭	氵 ＋ 匚 ＋ 王	氵	王
洮	氵 ＋ 冫 ＋ 冫 ＋ 儿	氵	儿
洱	氵 ＋ 耳	氵	耳
洲	氵 ＋ 州	氵	州
洳	氵 ＋ 女 ＋ 口	氵	口
洴	氵 ＋ 丷 ＋ 一 ＋ 廾	氵	艹
洵	氵 ＋ 勹 ＋ 日	氵	日
洸	氵 ＋ 尚字头 ＋ 兀	氵	儿
洹	氵 ＋ 一 ＋ 日 ＋ 一	氵	横
洺	氵 ＋ 夕 ＋ 口	氵	口
活	氵 ＋ 千 ＋ 口	氵	口
洼	氵 ＋ 土 ＋ 土	氵	土
洽	氵 ＋ 全字头 ＋ 一 ＋ 口	氵	口
派	氵 ＋ 反字框 ＋ 旅下角	氵	氏
洿	氵 ＋ 大 ＋ 二 ＋ 折	氵	折
流	氵 ＋ 亠 ＋ 厶 ＋ 荒字底	氵	竖
浃	氵 ＋ 一 ＋ 丷 ＋ 大	氵	大
浅	氵 ＋ 戋	氵	戈
浆	丬 ＋ 夕 ＋ 水	片	氵
浇	氵 ＋ 尧	氵	尧
浈	氵 ＋ 卢字头 ＋ 贝	氵	见
浉	氵 ＋ 师字旁 ＋ 一 ＋ 巾	氵	巾
浊	氵 ＋ 虫	氵	虫
测	氵 ＋ 贝 ＋ 刂	氵	刀
浍	氵 ＋ 全字头 ＋ 二 ＋ 厶	氵	厶
济	氵 ＋ 文 ＋ 乔字底	氵	竖
浏	氵 ＋ 文 ＋ 刂	氵	刀
浐	氵 ＋ 立 ＋ 丿	氵	撇
浑	氵 ＋ 冖 ＋ 车	氵	车
浒	氵 ＋ 讠 ＋ 卧人 ＋ 十	氵	十
浓	氵 ＋ 冖 ＋ 衣省	氵	衣
浔	氵 ＋ 彐 ＋ 寸	氵	寸
浕	氵 ＋ 尺 ＋ 冬字底	氵	点
浙	氵 ＋ 扌 ＋ 斤	氵	斤
浚	氵 ＋ 厶 ＋ 八 ＋ 夂	氵	又
浛	氵 ＋ 今 ＋ 口	氵	口
浜	氵 ＋ 撇 ＋ 卢字头 ＋ 丨 ＋ 一 ＋ 八	氵	八
浞	氵 ＋ 足	氵	足
浟	氵 ＋ 亻 ＋ 丨 ＋ 攵	氵	又
浠	氵 ＋ 㐅 ＋ 左字框 ＋ 巾	氵	巾
浡	氵 ＋ 十 ＋ 冖 ＋ 子	氵	子
浣	氵 ＋ 宀 ＋ 一 ＋ 兀	氵	儿
浥	氵 ＋ 口 ＋ 巴	氵	已
浦	氵 ＋ 甫	氵	甫
浩	氵 ＋ 告字头 ＋ 口	氵	口
浪	氵 ＋ 丶 ＋ 艮	氵	艮
浬	氵 ＋ 里	氵	里
浭	氵 ＋ 一 ＋ 日 ＋ 㐅	氵	交
浮	氵 ＋ 爫 ＋ 子	氵	子
浯	氵 ＋ 五 ＋ 口	氵	口
浰	氵 ＋ 利	氵	利
浲	氵 ＋ 夂 ＋ 丰	氵	丰
浴	氵 ＋ 八 ＋ 全字头 ＋ 口	氵	口
海	氵 ＋ 卧人 ＋ 母	氵	母
浸	氵 ＋ 彐 ＋ 冖 ＋ 又	氵	又
浼	氵 ＋ 免	氵	兔
涂	氵 ＋ 全字头 ＋ 于 ＋ 八	氵	八
涄	氵 ＋ 由 ＋ 一 ＋ 折	氵	折
涅	氵 ＋ 日 ＋ 土	氵	土
消	氵 ＋ 尚字头 ＋ 青字底	氵	月
涉	氵 ＋ 止 ＋ 丨 ＋ 丿 ＋ 丿	氵	撇
涌	氵 ＋ 龴 ＋ 冂 ＋ 举字底	氵	扌
涍	氵 ＋ 耂 ＋ 子	氵	子
涎	氵 ＋ 撇 ＋ 卢字头 ＋ 折 ＋ 廴	氵	辶
涐	氵 ＋ 撇 ＋ 横 ＋ 折 ＋ 横 ＋ 戈	氵	戈
涑	氵 ＋ 束	氵	束
涓	氵 ＋ 口 ＋ 青字底	氵	月
涔	氵 ＋ 山 ＋ 今	氵	今
涕	氵 ＋ 弟	氵	弟
涘	氵 ＋ 厶 ＋ 矢	氵	矢
涛	氵 ＋ 三 ＋ 丿 ＋ 寸	氵	寸
涝	氵 ＋ 艹 ＋ 冖 ＋ 力	氵	力
涞	氵 ＋ 来	氵	来
涟	氵 ＋ 车 ＋ 辶	氵	辶
涠	氵 ＋ 囗 ＋ 韦	氵	韦
涡	氵 ＋ 口 ＋ 冂 ＋ 人	氵	人
涢	氵 ＋ 口 ＋ 贝	氵	见
涣	氵 ＋ ⺈ ＋ 见二 ＋ 大	氵	大
涤	氵 ＋ 夂 ＋ 一 ＋ 小	氵	小
润	氵 ＋ 门 ＋ 王	氵	王
涧	氵 ＋ 门 ＋ 日	氵	日
涨	氵 ＋ 弓 ＋ 长	氵	长
涩	氵 ＋ 刀 ＋ 丶 ＋ 止	氵	止
涪	氵 ＋ 立 ＋ 口	氵	口
涫	氵 ＋ 宀 ＋ 官字底	氵	追字心
涮	氵 ＋ 尸 ＋ 巾 ＋ 刂	氵	刀
涯	氵 ＋ 厂 ＋ 土 ＋ 土	氵	土
液	氵 ＋ 亠 ＋ 亻 ＋ 夜下角	氵	夕
涴	氵 ＋ 宀 ＋ 夕 ＋ 㔾	氵	已
涵	氵 ＋ 折 ＋ 氺 ＋ 凵	氵	匚
涸	氵 ＋ 囗 ＋ 古	氵	古
涿	氵 ＋ 豖	氵	豕
淀	氵 ＋ 宀 ＋ 定字底	氵	定字底
淄	氵 ＋ 巛 ＋ 田	氵	田
淅	氵 ＋ 木 ＋ 斤	氵	斤
淆	氵 ＋ 㐅 ＋ 左字框 ＋ 青字底	氵	月
淇	氵 ＋ 其字头 ＋ 八	氵	八
淋	氵 ＋ 木 ＋ 木	氵	木
淌	氵 ＋ 尚字头 ＋ 冖 ＋ 口	氵	口
淏	氵 ＋ 日 ＋ 天	氵	大
淑	氵 ＋ 卜 ＋ 横 ＋ 小 ＋ 又	氵	又
淖	氵 ＋ 卢字头 ＋ 日 ＋ 十	氵	十
淘	氵 ＋ 勹 ＋ 缶	氵	击
淙	氵 ＋ 宀 ＋ 示	氵	示
淜	氵 ＋ 月 ＋ 月	氵	月
淝	氵 ＋ 月 ＋ 巴	氵	已
淞	氵 ＋ 木 ＋ 八 ＋ 厶	氵	厶
淟	氵 ＋ 见二 ＋ 龷 ＋ 八	氵	八
淠	氵 ＋ 田 ＋ 丌	氵	儿
淡	氵 ＋ 火 ＋ 火	氵	火
淤	氵 ＋ 方 ＋ 全字头 ＋ 冬字底	氵	点
淦	氵 ＋ 金	氵	钅
淫	氵 ＋ 爫 ＋ 壬	氵	土
淬	氵 ＋ 亠 ＋ 人 ＋ 人 ＋ 十	氵	十
淮	氵 ＋ 隹	氵	隹
淯	氵 ＋ 亠 ＋ 厶 ＋ 青字底	氵	月
深	氵 ＋ 冖 ＋ 八 ＋ 木	氵	木
淳	氵 ＋ 享字头 ＋ 子	氵	子
淴	氵 ＋ 勿 ＋ 心	氵	忄
混	氵 ＋ 日 ＋ 比字旁 ＋ 匕	氵	匕
淹	氵 ＋ 大 ＋ 电	氵	田
添	氵 ＋ 天 ＋ 恭字底	氵	忄
淼	水 ＋ 水 ＋ 水	氵	氵
清	氵 ＋ 龶 ＋ 青字底	氵	月
渊	氵 ＋ 丿 ＋ 米 ＋ 丨	氵	竖
渌	氵 ＋ 录字头 ＋ 氺	氵	氵
渍	氵 ＋ 龶 ＋ 贝	氵	见
渎	氵 ＋ 十 ＋ 折 ＋ 冬字底 ＋ 大	氵	大
渐	氵 ＋ 车旁 ＋ 斤	氵	斤
渑	氵 ＋ 口 ＋ 电	氵	田
渔	氵 ＋ 鱼	氵	鱼
渗	氵 ＋ 厶 ＋ 大 ＋ 彡	氵	彡
渚	氵 ＋ 耂 ＋ 日	氵	日
渝	氵 ＋ 俞	氵	俞
渟	氵 ＋ 享字头 ＋ 冖 ＋ 丁	氵	寸
渠	氵 ＋ 巨 ＋ 木	氵	木
渡	氵 ＋ 广 ＋ 廿 ＋ 又	氵	又
渣	氵 ＋ 木 ＋ 日 ＋ 一	氵	横
渤	氵 ＋ 十 ＋ 冖 ＋ 子 ＋ 力	氵	力
渥	氵 ＋ 尸 ＋ 至	氵	至
温	氵 ＋ 日 ＋ 皿	氵	皿
渫	氵 ＋ 廿 ＋ 折 ＋ 木	氵	木
渭	氵 ＋ 田 ＋ 青字底	氵	月
港	氵 ＋ 龷 ＋ 八 ＋ 巳	氵	已
渰	氵 ＋ 全字头 ＋ 一 ＋ 口 ＋ 廾	氵	艹
渲	氵 ＋ 宀 ＋ 一 ＋ 日 ＋ 一	氵	横
渴	氵 ＋ 日 ＋ 匃	氵	匚
游	氵 ＋ 方 ＋ 卧人 ＋ 子	氵	子
渺	氵 ＋ 目 ＋ 少三 ＋ 丿	氵	撇
渼	氵 ＋ 美字头 ＋ 大	氵	大
湃	氵 ＋ 龵 ＋ 一 ＋ 丰	氵	丰
湄	氵 ＋ 尸 ＋ 丨 ＋ 目	氵	日
湉	氵 ＋ 忄 ＋ 千 ＋ 口	氵	口
湍	氵 ＋ 山 ＋ 而	氵	雨
湎	氵 ＋ 面	氵	雨
湑	氵 ＋ 疋 ＋ 青字底	氵	月
湓	氵 ＋ 八 ＋ 刀 ＋ 皿	氵	皿
湔	氵 ＋ 丷 ＋ 一 ＋ 青字底 ＋ 刂	氵	刀
湖	氵 ＋ 古 ＋ 月	氵	月
湘	氵 ＋ 木 ＋ 目	氵	日
湛	氵 ＋ 其字头 ＋ 八 ＋ 折	氵	折
湜	氵 ＋ 日 ＋ 定字底	氵	定字底
湝	氵 ＋ 比字旁 ＋ 匕 ＋ 白	氵	白
湟	氵 ＋ 白 ＋ 王	氵	王
湣	氵 ＋ 民 ＋ 日	氵	日
湫	氵 ＋ 禾 ＋ 火	氵	火
湮	氵 ＋ 覀 ＋ 土	氵	土
湲	氵 ＋ 爫 ＋ 一 ＋ 左字框 ＋ 又	氵	又
湴	氵 ＋ 丷 ＋ 亚	氵	业
湾	氵 ＋ 变字头 ＋ 弓	氵	折
湿	氵 ＋ 日 ＋ 业	氵	业
溁	氵 ＋ 艹 ＋ 冖 ＋ 木	氵	木
溃	氵 ＋ 贵字头 ＋ 贝	氵	见
溅	氵 ＋ 贝 ＋ 戋	氵	戈
溆	氵 ＋ 全字头 ＋ 于 ＋ 八 ＋ 又	氵	又
溇	氵 ＋ 米 ＋ 女	氵	女
溉	氵 ＋ 即字旁 ＋ 一 ＋ 折 ＋ 儿	氵	儿
溍	氵 ＋ 亚 ＋ 日	氵	日
溏	氵 ＋ 广 ＋ 肀 ＋ 口	氵	口
源	氵 ＋ 厂 ＋ 白 ＋ 小	氵	小
溘	氵 ＋ 土 ＋ 厶 ＋ 皿	氵	皿
溚	氵 ＋ 艹 ＋ 全字头 ＋ 一 ＋ 口	氵	口
溜	氵 ＋ 留字头 ＋ 田	氵	田
溞	氵 ＋ 又 ＋ 丶 ＋ 虫	氵	虫
溟	氵 ＋ 冖 ＋ 日 ＋ 亠 ＋ 八	氵	八
溠	氵 ＋ 差字头 ＋ 工	氵	工
溢	氵 ＋ 丷 ＋ 一 ＋ 八 ＋ 皿	氵	皿
溥	氵 ＋ 甫 ＋ 寸	氵	寸
溦	氵 ＋ 山 ＋ 一 ＋ 几 ＋ 攵	氵	又
溧	氵 ＋ 覀 ＋ 木	氵	木
溪	氵 ＋ 爫 ＋ 幺 ＋ 大	氵	大
溯	氵 ＋ 丷 ＋ 一 ＋ 凵 ＋ 丿 ＋ 月	氵	月
溱	氵 ＋ 春字头 ＋ 禾	氵	禾
溲	氵 ＋ 叟字头 ＋ 又	氵	又
溴	氵 ＋ 自 ＋ 犬	氵	大
溵	氵 ＋ 反字框 ＋ 彐 ＋ 折 ＋ 殳	氵	殳
溶	氵 ＋ 宀 ＋ 八 ＋ 全字头 ＋ 口	氵	口
溷	氵 ＋ 囗 ＋ 豕	氵	豕
溹	氵 ＋ 十 ＋ 冖 ＋ 糸	氵	纟
溺	氵 ＋ 弓 ＋ 冫 ＋ 弓 ＋ 冫	氵	氵
溻	氵 ＋ 日 ＋ 习 ＋ 习	氵	习
溽	氵 ＋ 厂 ＋ 一 ＋ 畏字底带横 ＋ 寸	氵	寸
滁	氵 ＋ 阝 ＋ 全字头 ＋ 于 ＋ 八	氵	八
滂	氵 ＋ 帝字头 ＋ 方	氵	方
滃	氵 ＋ 八 ＋ 厶 ＋ 习 ＋ 习	氵	习
滆	氵 ＋ 鬲	氵	鬲
滇	氵 ＋ 十 ＋ 具字头 ＋ 八	氵	八
滉	氵 ＋ 日 ＋ 尚字头 ＋ 兀	氵	儿
滋	氵 ＋ 丷 ＋ 一 ＋ 幺 ＋ 幺	氵	纟
滍	氵 ＋ 凵 ＋ 丨 ＋ 一 ＋ 虫	氵	虫
滏	氵 ＋ 八 ＋ 㐅 ＋ 金字底	氵	钅
滑	氵 ＋ 骨	氵	骨
滓	氵 ＋ 宀 ＋ 辛	氵	辛
滔	氵 ＋ 爫 ＋ 臼	氵	白
滕	月 ＋ 龹 ＋ 氺	月	氵
滗	氵 ＋ 竹头 ＋ 毛	氵	毛
滘	氵 ＋ 冖 ＋ 八 ＋ 工 ＋ 口	氵	口
滚	氵 ＋ 衣 ＋ 八 ＋ 厶	氵	厶
滞	氵 ＋ 带字头 ＋ 冖 ＋ 巾	氵	巾
滟	氵 ＋ 丰 ＋ ⺈ ＋ 巴	氵	已
滠	氵 ＋ 耳 ＋ 又 ＋ 又	氵	又
满	氵 ＋ 艹 ＋ 两	氵	丽
滢	氵 ＋ 艹 ＋ 冖 ＋ 玉	氵	王
滤	氵 ＋ 卜 ＋ 厂 ＋ 匕 ＋ 心	氵	忄
滥	氵 ＋ 览字头 ＋ 皿	氵	皿
滦	氵 ＋ 变字头 ＋ 木	氵	木
滧	氵 ＋ 交 ＋ 攵	氵	又
滨	氵 ＋ 宀 ＋ 撇 ＋ 卢字头 ＋ 丨 ＋ 一 ＋ 八	氵	八
滩	氵 ＋ 又 ＋ 隹	氵	隹
滪	氵 ＋ 予 ＋ 页	氵	见
滫	氵 ＋ 亻 ＋ 丨 ＋ 夂 ＋ 青字底	氵	月
滴	氵 ＋ 啇	氵	商
滹	氵 ＋ 卜 ＋ 厂 ＋ 匕 ＋ 撇 ＋ 丷 ＋ 一 ＋ 竖	氵	竖
漂	氵 ＋ 覀 ＋ 示	氵	示
漆	氵 ＋ 木 ＋ 全字头 ＋ 氺	氵	氵
漈	氵 ＋ 祭字头 ＋ 示	氵	示
漉	氵 ＋ 鹿	氵	鹿
漋	氵 ＋ 阝 ＋ 夂 ＋ 一 ＋ 丿 ＋ 龶	氵	丰
漏	氵 ＋ 尸 ＋ 雨	氵	雨
漓	氵 ＋ 亠 ＋ 㐅 ＋ 凵 ＋ 禸	氵	禸
演	氵 ＋ 宀 ＋ 一 ＋ 由 ＋ 八	氵	八
漕	氵 ＋ 一 ＋ 囗 ＋ 艹 ＋ 日	氵	日
漖	氵 ＋ 耂 ＋ 子 ＋ 攵	氵	又
漠	氵 ＋ 莫	氵	莫
漤	氵 ＋ 木 ＋ 木 ＋ 女	氵	女
漦	未 ＋ 攵 ＋ 厂 ＋ 水	未	氵
漩	氵 ＋ 方 ＋ 卧人 ＋ 疋	氵	定字底
漪	氵 ＋ 犭 ＋ 大 ＋ 可	氵	寸
漫	氵 ＋ 日 ＋ 罒 ＋ 又	氵	又
漭	氵 ＋ 艹 ＋ 犬 ＋ 廾	氵	艹
漯	氵 ＋ 田 ＋ 糸	氵	纟
漱	氵 ＋ 束 ＋ ⺈ ＋ 人	氵	人
漳	氵 ＋ 音 ＋ 十	氵	十
漴	氵 ＋ 山 ＋ 宀 ＋ 示	氵	示
漶	氵 ＋ 口 ＋ 口 ＋ 丨 ＋ 心	氵	忄
漷	氵 ＋ 享字头 ＋ 子 ＋ 阝	氵	卩
漹	氵 ＋ 一 ＋ 止 ＋ 一 ＋ 折 ＋ 灬	氵	火
漻	氵 ＋ 习 ＋ 习 ＋ 全字头 ＋ 彡	氵	彡
漼	氵 ＋ 山 ＋ 隹	氵	隹
漾	氵 ＋ 美字头 ＋ 永	氵	永
潆	氵 ＋ 艹 ＋ 冖 ＋ 糸	氵	纟
潇	氵 ＋ 艹 ＋ 肀 ＋ 乔字底 ＋ 八	氵	八
潋	氵 ＋ 佥 ＋ 攵	氵	又
潍	氵 ＋ 纟 ＋ 隹	氵	隹
潏	氵 ＋ 予 ＋ 丿 ＋ 冂 ＋ 八 ＋ 口	氵	口
潖	氵 ＋ 玨 ＋ 巴	氵	已
潘	氵 ＋ 釆 ＋ 田	氵	田
潜	氵 ＋ 夫 ＋ 夫 ＋ 日	氵	日
潞	氵 ＋ 足旁 ＋ 各	氵	又
潟	氵 ＋ 臼 ＋ 勹 ＋ 灬	氵	火
潢	氵 ＋ 龷 ＋ 由 ＋ 八	氵	八
潦	氵 ＋ 大 ＋ 丷 ＋ 日 ＋ 小	氵	小
潩	氵 ＋ 田 ＋ 龷 ＋ 八	氵	八
潭	氵 ＋ 覀 ＋ 日 ＋ 十	氵	十
潮	氵 ＋ 十 ＋ 日 ＋ 十 ＋ 月	氵	月
潲	氵 ＋ 禾 ＋ 尚字头 ＋ 青字底	氵	月
潴	氵 ＋ 犭 ＋ 耂 ＋ 日	氵	日
潵	氵 ＋ 龷 ＋ 青字底 ＋ 攵	氵	又
潸	氵 ＋ 木 ＋ 木 ＋ 青字底	氵	月
潺	氵 ＋ 尸 ＋ 子 ＋ 子 ＋ 子	氵	子
潼	氵 ＋ 立 ＋ 里	氵	里
潽	氵 ＋ 丷 ＋ 亚 ＋ 日	氵	日
潾	氵 ＋ 米 ＋ 夕 ＋ 降下角	氵	降下角
澂	氵 ＋ 山 ＋ 一 ＋ 王 ＋ 攵	氵	又
澄	氵 ＋ 登字头 ＋ 一 ＋ 口 ＋ 丷 ＋ 一	氵	横
澈	氵 ＋ 亠 ＋ 厶 ＋ 青字底 ＋ 攵	氵	又
澉	氵 ＋ 折 ＋ 耳 ＋ 攵	氵	又
澌	氵 ＋ 其字头 ＋ 八 ＋ 斤	氵	斤
澍	氵 ＋ 士 ＋ 口 ＋ 丷 ＋ 一 ＋ 寸	氵	寸
澎	氵 ＋ 士 ＋ 口 ＋ 丷 ＋ 一 ＋ 彡	氵	彡
澛	氵 ＋ 鱼 ＋ 日	氵	日
澜	氵 ＋ 门 ＋ 柬	氵	束
澡	氵 ＋ 口 ＋ 口 ＋ 口 ＋ 木	氵	木
澥	氵 ＋ 角 ＋ 刀 ＋ 牛	氵	牛
澧	氵 ＋ 由 ＋ 丨 ＋ 一 ＋ 口 ＋ 丷 ＋ 一	氵	横
澪	氵 ＋ 雨头 ＋ 令	氵	今
澭	氵 ＋ 亠 ＋ 乡 ＋ 隹	氵	隹
澳	氵 ＋ 向字框 ＋ 米 ＋ 大	氵	大
澴	氵 ＋ 罒 ＋ 一 ＋ 口 ＋ 衣省	氵	衣
澶	氵 ＋ 亠 ＋ 囗 ＋ 口 ＋ 日 ＋ 一	氵	横
澹	氵 ＋ ⺈ ＋ 厂 ＋ 八 ＋ 言	氵	讠
澼	氵 ＋ 尸 ＋ 口 ＋ 辛	氵	辛
澽	氵 ＋ 卜 ＋ 厂 ＋ 匕 ＋ 豕	氵	豕
激	氵 ＋ 白 ＋ 方 ＋ 攵	氵	又
濂	氵 ＋ 广 ＋ 兼	氵	兼
濉	氵 ＋ 目 ＋ 隹	氵	隹
濋	氵 ＋ 木 ＋ 木 ＋ 疋	氵	定字底
濑	氵 ＋ 束 ＋ ⺈ ＋ 贝	氵	见
濒	氵 ＋ 止 ＋ 丨 ＋ 丿 ＋ 丿 ＋ 页	氵	见
濞	氵 ＋ 自 ＋ 田 ＋ 丌	氵	儿
濠	氵 ＋ 享字头 ＋ 冖 ＋ 豕	氵	豕
濡	氵 ＋ 雨头 ＋ 而	氵	雨
濩	氵 ＋ 艹 ＋ 隹 ＋ 又	氵	又
濮	氵 ＋ 亻 ＋ 业 ＋ 养字头	氵	美字头
濯	氵 ＋ 习 ＋ 习 ＋ 隹	氵	隹
瀌	氵 ＋ 鹿 ＋ 灬	氵	火
瀍	氵 ＋ 广 ＋ 里 ＋ 八 ＋ 土	氵	土
瀑	氵 ＋ 暴	氵	暴
瀔	氵 ＋ 士 ＋ 冖 ＋ 一 ＋ 禾 ＋ 殳	氵	殳
瀚	氵 ＋ 十 ＋ 日 ＋ 十 ＋ 全字头 ＋ 习 ＋ 习	氵	习
瀛	氵 ＋ 赢字架 ＋ 女	氵	女
瀣	氵 ＋ 餐字头 ＋ 非 ＋ 一	氵	横
瀱	氵 ＋ 罒 ＋ 厂 ＋ 火 ＋ 火 ＋ 刂	氵	刀
瀵	氵 ＋ 米 ＋ 田 ＋ 龷 ＋ 八	氵	八
瀹	氵 ＋ 全字头 ＋ 一 ＋ 口 ＋ 口 ＋ 口 ＋ 冂 ＋ 艹	氵	艹
瀼	氵 ＋ 襄	氵	衣
灈	氵 ＋ 目 ＋ 目 ＋ 隹	氵	隹
灌	氵 ＋ 艹 ＋ 口 ＋ 口 ＋ 隹	氵	隹
灏	氵 ＋ 日 ＋ 享字头 ＋ 小 ＋ 页	氵	见
灞	氵 ＋ 雨头 ＋ 革 ＋ 月	氵	月
火	火	火	火
灭	一 ＋ 火	横	火
灯	火 ＋ 丁	火	寸
灰	左字框 ＋ 火	十	火
灵	彐 ＋ 火	争字底	火
灶	火 ＋ 土	火	土
灸	久 ＋ 火	又	火
灼	火 ＋ 勹 ＋ 丶	火	点
灾	宀 ＋ 火	宀	火
灿	火 ＋ 山	火	山
炀	火 ＋ 杨字边	火	勿
炅	日 ＋ 火	日	火
炆	火 ＋ 文	火	文
炉	火 ＋ 户	火	尸
炊	火 ＋ ⺈ ＋ 人	火	人
炌	火 ＋ 全字头 ＋ 乔字底	火	竖
炎	火 ＋ 火	火	火
炒	火 ＋ 少三 ＋ 丿	火	撇
炔	火 ＋ 折 ＋ 大	火	大
炕	火 ＋ 亠 ＋ 几	火	几
炖	火 ＋ 一 ＋ 凵 ＋ 折	火	折
炘	火 ＋ 斤	火	斤
炙	然左角 ＋ 火	夕	火
炜	火 ＋ 韦	火	韦
炝	火 ＋ 全字头 ＋ 㔾	火	已
炟	火 ＋ 日 ＋ 一	火	横
炣	火 ＋ 可	火	寸
炫	火 ＋ 亠 ＋ 幺	火	纟
炬	火 ＋ 巨	火	匚
炭	山 ＋ 左字框 ＋ 火	山	火
炮	火 ＋ 勹 ＋ 巳	火	已
炯	火 ＋ 冂 ＋ 口	火	口
炱	厶 ＋ 口 ＋ 火	厶	火
炳	火 ＋ 一 ＋ 冂 ＋ 人	火	人
炷	火 ＋ 亠 ＋ 土	火	土
炸	火 ＋ 卧人 ＋ 卢字头 ＋ 一	火	横
点	卢字头 ＋ 口 ＋ 灬	卜	火
炻	火 ＋ 石	火	石
炼	火 ＋ 拣字边	火	车
炽	火 ＋ 口 ＋ 八	火	八
烀	火 ＋ 撇 ＋ 丷 ＋ 一 ＋ 竖	火	竖
烁	火 ＋ 乐	火	乐
烂	火 ＋ 丷 ＋ 一 ＋ 二	火	二
烃	火 ＋ 轻字边	火	工
烈	歹 ＋ 刂 ＋ 灬	夕	火
烊	火 ＋ 羊	火	羊
烔	火 ＋ 冂 ＋ 一 ＋ 口	火	口
烘	火 ＋ 龷 ＋ 八	火	八
烙	火 ＋ 各	火	又
烛	火 ＋ 虫	火	虫
烜	火 ＋ 一 ＋ 日 ＋ 一	火	横
烝	折 ＋ 水 ＋ 一 ＋ 灬	折	火
烟	火 ＋ 囗 ＋ 大	火	大
烠	火 ＋ 左字框 ＋ 青字底	火	月
烤	火 ＋ 耂 ＋ 一 ＋ 折	火	折
烦	火 ＋ 页	火	见
烧	火 ＋ 尧	火	尧
烨	火 ＋ 亻 ＋ 化字边 ＋ 十	火	十
烩	火 ＋ 全字头 ＋ 二 ＋ 厶	火	厶
烫	氵 ＋ 杨字边 ＋ 火	氵	火
烬	火 ＋ 尺 ＋ 冬字底	火	点
热	扌 ＋ 丸 ＋ 灬	扌	火
烯	火 ＋ 㐅 ＋ 左字框 ＋ 巾	火	巾
烶	火 ＋ 壬 ＋ 廴	火	辶
烷	火 ＋ 宀 ＋ 一 ＋ 兀	火	儿
烹	享字头 ＋ 了 ＋ 灬	享字头	火
烺	火 ＋ 丶 ＋ 艮	火	艮
烻	火 ＋ 撇 ＋ 卢字头 ＋ 折 ＋ 廴	火	辶
烽	火 ＋ 夂 ＋ 丰	火	丰
焆	火 ＋ 口 ＋ 青字底	火	月
焉	一 ＋ 止 ＋ 一 ＋ 折 ＋ 灬	横	火
焊	火 ＋ 日 ＋ 干	火	干
焌	火 ＋ 厶 ＋ 八 ＋ 夂	火	又
焐	火 ＋ 五 ＋ 口	火	口
焓	火 ＋ 今 ＋ 口	火	口
焕	火 ＋ ⺈ ＋ 见二 ＋ 大	火	大
焖	火 ＋ 门 ＋ 心	火	忄
焗	火 ＋ 尸 ＋ 折 ＋ 口	火	口
焘	三 ＋ 丿 ＋ 寸 ＋ 灬	三	火
焙	火 ＋ 立 ＋ 口	火	口
焚	木 ＋ 木 ＋ 火	木	火
焜	火 ＋ 日 ＋ 比字旁 ＋ 匕	火	匕
焞	火 ＋ 享字头 ＋ 子	火	子
焦	隹 ＋ 灬	隹	火
焯	火 ＋ 卢字头 ＋ 日 ＋ 十	火	十
焰	火 ＋ ⺈ ＋ 臼	火	白
焱	火 ＋ 火 ＋ 火	火	火
然	然左角 ＋ 犬 ＋ 灬	夕	火
煁	火 ＋ 其字头 ＋ 八 ＋ 折	火	折
煃	火 ＋ 大 ＋ 土 ＋ 土	火	土
煅	火 ＋ 撇 ＋ 卢字头 ＋ 二 ＋ 殳	火	殳
煊	火 ＋ 宀 ＋ 一 ＋ 日 ＋ 一	火	横
煋	火 ＋ 日 ＋ 丿 ＋ 龶	火	丰
煌	火 ＋ 白 ＋ 王	火	王
煎	丷 ＋ 一 ＋ 青字底 ＋ 刂 ＋ 灬	八	火
煓	火 ＋ 山 ＋ 而	火	雨
煜	火 ＋ 日 ＋ 立	火	立
煞	刍 ＋ 攵 ＋ 灬	刍	火
煟	火 ＋ 田 ＋ 青字底	火	月
煤	火 ＋ 甘 ＋ 木	火	木
煦	日 ＋ 勹 ＋ 口 ＋ 灬	日	火
照	日 ＋ 刀 ＋ 口 ＋ 灬	日	火
煨	火 ＋ 田 ＋ 畏字底带横	火	定字底
煮	耂 ＋ 日 ＋ 灬	耂	火
煲	亻 ＋ 口 ＋ 木 ＋ 火	亻	火
煳	火 ＋ 古 ＋ 月	火	月
煴	火 ＋ 日 ＋ 皿	火	皿
煸	火 ＋ 户 ＋ 冂 ＋ 艹	火	艹
煺	火 ＋ 艮 ＋ 辶	火	辶
煽	火 ＋ 户 ＋ 习 ＋ 习	火	习
熄	火 ＋ 自 ＋ 心	火	忄
熇	火 ＋ 享字头 ＋ 冂 ＋ 口	火	口
熊	厶 ＋ 青字底 ＋ 匕 ＋ 匕 ＋ 灬	厶	火
熏	熏	黑	黑
熔	火 ＋ 宀 ＋ 八 ＋ 全字头 ＋ 口	火	口
熘	火 ＋ 留字头 ＋ 田	火	田
熙	巸 ＋ 灬	臣	火
熛	火 ＋ 覀 ＋ 示	火	示
熜	火 ＋ 囱 ＋ 心	火	忄
熟	享字头 ＋ 子 ＋ 丸 ＋ 灬	享字头	火
熠	火 ＋ 习 ＋ 习 ＋ 白	火	白
熥	火 ＋ 龴 ＋ 冂 ＋ 举字底 ＋ 辶	火	辶
熨	尸 ＋ 示 ＋ 寸 ＋ 火	尸	火
熬	龶 ＋ 折 ＋ 丿 ＋ 攵 ＋ 灬	丰	火
熵	火 ＋ 商	火	商
熹	士 ＋ 口 ＋ 丷 ＋ 一 ＋ 口 ＋ 灬	土	火
熻	火 ＋ 全字头 ＋ 一 ＋ 口 ＋ 习 ＋ 习	火	习
燃	火 ＋ 然左角 ＋ 犬 ＋ 灬	火	火
燊	火 ＋ 火 ＋ 火 ＋ 木	火	木
燋	火 ＋ 隹 ＋ 灬	火	火
燎	火 ＋ 大 ＋ 丷 ＋ 日 ＋ 小	火	小
燏	火 ＋ 予 ＋ 丿 ＋ 冂 ＋ 八 ＋ 口	火	口
燔	火 ＋ 釆 ＋ 田	火	田
燕	廿 ＋ 口 ＋ 北字旁 ＋ 匕 ＋ 灬	廿	火
燚	火 ＋ 火 ＋ 火 ＋ 火	火	火
燠	火 ＋ 向字框 ＋ 米 ＋ 大	火	大
燥	火 ＋ 口 ＋ 口 ＋ 口 ＋ 木	火	木
燧	火 ＋ 丷 ＋ 豕 ＋ 辶	火	辶
燮	言 ＋ 火 ＋ 火 ＋ 又	讠	又
燹	豕 ＋ 豕 ＋ 火	豕	火
爆	火 ＋ 暴	火	暴
爇	艹 ＋ 土 ＋ 八 ＋ 土 ＋ 丸 ＋ 灬	艹	火
爔	火 ＋ 美字头 ＋ 禾 ＋ 戈 ＋ 横 ＋ 折	火	折
爚	火 ＋ 全字头 ＋ 一 ＋ 口 ＋ 口 ＋ 口 ＋ 冂 ＋ 艹	火	艹
爝	火 ＋ 爫 ＋ 罒 ＋ 即字旁 ＋ 寸	火	寸
爟	火 ＋ 艹 ＋ 口 ＋ 口 ＋ 隹	火	隹
爨	撇 ＋ 卢字头 ＋ 一 ＋ 冂 ＋ 一 ＋ 口 ＋ 折 ＋ 二 ＋ 冖 ＋ 木 ＋ 木 ＋ 大 ＋ 火	撇	火
爪	爪	爫	爫
爬	爪 ＋ 巴	爫	已
爰	爫 ＋ 一 ＋ 左字框 ＋ 又	爫	又
爱	爫 ＋ 冖 ＋ 左字框 ＋ 又	爫	又
爵	爫 ＋ 罒 ＋ 即字旁 ＋ 寸	爫	寸
父	八 ＋ 㐅	八	交
爷	八 ＋ 㐅 ＋ 节字底	八	卩
爸	八 ＋ 㐅 ＋ 巴	八	已
爹	八 ＋ 㐅 ＋ 夕 ＋ 夕	八	夕
爻	㐅 ＋ 㐅	交	交
爽	大 ＋ 㐅 ＋ 㐅 ＋ 㐅 ＋ 㐅	大	交
爿	爿	片	片
牁	爿 ＋ 可	片	寸
牂	爿 ＋ 羊	片	羊
片	片	片	片
版	片 ＋ 反字框 ＋ 又	片	又
牌	片 ＋ 白 ＋ 丿 ＋ 十	片	十
牍	片 ＋ 十 ＋ 折 ＋ 冬字底 ＋ 大	片	大
牒	片 ＋ 廿 ＋ 折 ＋ 木	片	木
牖	片 ＋ 户 ＋ 甫	片	甫
牙	牙	牙	牙
牚	尚头 ＋ 牙	宀	牙
牛	牛	牛	牛
牝	牜 ＋ 匕	牛	匕
牟	厶 ＋ 牛	厶	牛
牡	牜 ＋ 土	牛	土
牢	宀 ＋ 牛	宀	牛
牤	牜 ＋ 亠 ＋ 折	牛	折
牥	牜 ＋ 方	牛	方
牦	牜 ＋ 毛	牛	毛
牧	牜 ＋ 攵	牛	又
物	牜 ＋ 勿	牛	勿
牮	亻 ＋ 弋 ＋ 牛	亻	牛
牯	牜 ＋ 古	牛	古
牲	牜 ＋ 丿 ＋ 龶	牛	丰
牵	大 ＋ 冖 ＋ 牛	大	牛
特	牜 ＋ 土 ＋ 寸	牛	寸
牺	牜 ＋ 西	牛	西
牻	牜 ＋ 左字框 ＋ 折 ＋ 彡 ＋ 丶	牛	点
牾	牜 ＋ 五 ＋ 口	牛	口
牿	牜 ＋ 告字头 ＋ 口	牛	口
犀	尸 ＋ 丨 ＋ 冫 ＋ 撇 ＋ 点 ＋ 牛	尸	牛
犁	利 ＋ 牛	利	牛
犄	牜 ＋ 大 ＋ 可	牛	寸
犇	牛 ＋ 牜 ＋ 牛	牛	牛
犊	牜 ＋ 十 ＋ 折 ＋ 冬字底 ＋ 大	牛	大
犋	牜 ＋ 具字头 ＋ 八	牛	八
犍	牜 ＋ 聿 ＋ 廴	牛	辶
犏	牜 ＋ 户 ＋ 冂 ＋ 艹	牛	艹
犒	牜 ＋ 享字头 ＋ 冂 ＋ 口	牛	口
犟	弓 ＋ 口 ＋ 虫 ＋ 牛	折	牛
犨	隹 ＋ 隹 ＋ 牛	隹	牛
犬	犬	大	大
犯	犭 ＋ 㔾	犭	已
犰	犭 ＋ 九	犭	九
犴	犭 ＋ 干	犭	干
状	丬 ＋ 犬	片	大
犷	犭 ＋ 广	犭	广
犸	犭 ＋ 马	犭	马
犹	犭 ＋ 尤	犭	龙
狁	犭 ＋ 厶 ＋ 儿	犭	儿
狂	犭 ＋ 王	犭	王
狃	犭 ＋ 折 ＋ 土	犭	土
狄	犭 ＋ 火	犭	火
狈	犭 ＋ 贝	犭	见
狉	犭 ＋ 一 ＋ 亻 ＋ 点 ＋ 一	犭	横
狍	犭 ＋ 勹 ＋ 巳	犭	已
狎	犭 ＋ 甲	犭	田
狐	犭 ＋ 瓜	犭	爫
狒	犭 ＋ 弗	犭	弗
狗	犭 ＋ 勹 ＋ 口	犭	口
狙	犭 ＋ 且	犭	且
狝	犭 ＋ ⺈ ＋ 小	犭	小
狞	犭 ＋ 宀 ＋ 丁	犭	寸
狠	犭 ＋ 艮	犭	艮
狡	犭 ＋ 交	犭	交
狨	犭 ＋ 戈 ＋ 左字框	犭	十
狩	犭 ＋ 宀 ＋ 寸	犭	寸
独	犭 ＋ 虫	犭	虫
狭	犭 ＋ 一 ＋ 丷 ＋ 大	犭	大
狮	犭 ＋ 师字旁 ＋ 一 ＋ 巾	犭	巾
狯	犭 ＋ 全字头 ＋ 二 ＋ 厶	犭	厶
狰	犭 ＋ ⺈ ＋ 争字底	犭	争字底
狱	犭 ＋ 讠 ＋ 犬	犭	大
狲	犭 ＋ 子 ＋ 小	犭	小
狳	犭 ＋ 全字头 ＋ 于 ＋ 八	犭	八
狴	犭 ＋ 比字旁 ＋ 匕 ＋ 土	犭	土
狷	犭 ＋ 口 ＋ 青字底	犭	月
狸	犭 ＋ 里	犭	里
狺	犭 ＋ 言	犭	讠
狻	犭 ＋ 厶 ＋ 八 ＋ 夂	犭	又
狼	犭 ＋ 丶 ＋ 艮	犭	艮
猁	犭 ＋ 利	犭	利
猃	犭 ＋ 佥	犭	佥
猄	犭 ＋ 享字头 ＋ 小	犭	小
猇	犭 ＋ 卜 ＋ 厂 ＋ 匕 ＋ 几	犭	几
猊	犭 ＋ 臼 ＋ 儿	犭	儿
猎	犭 ＋ 龷 ＋ 日	犭	日
猕	犭 ＋ 弓 ＋ ⺈ ＋ 小	犭	小
猖	犭 ＋ 日 ＋ 日	犭	日
猗	犭 ＋ 大 ＋ 可	犭	寸
猛	犭 ＋ 子 ＋ 皿	犭	皿
猜	犭 ＋ 龶 ＋ 青字底	犭	月
猝	犭 ＋ 亠 ＋ 人 ＋ 人 ＋ 十	犭	十
猞	犭 ＋ 全字头 ＋ 干 ＋ 口	犭	口
猡	犭 ＋ 罒 ＋ 夕	犭	夕
猢	犭 ＋ 古 ＋ 月	犭	月
猥	犭 ＋ 田 ＋ 畏字底带横	犭	定字底
猩	犭 ＋ 日 ＋ 丿 ＋ 龶	犭	丰
猪	犭 ＋ 耂 ＋ 日	犭	日
猫	犭 ＋ 艹 ＋ 田	犭	田
猬	犭 ＋ 田 ＋ 青字底	犭	月
献	十 ＋ 冂 ＋ 南字心 ＋ 犬	十	大
猯	犭 ＋ 山 ＋ 而	犭	雨
猰	犭 ＋ 丰 ＋ 刀 ＋ 大	犭	大
猱	犭 ＋ 予 ＋ 丿 ＋ 木	犭	木
猴	犭 ＋ 亻 ＋ 折 ＋ 一 ＋ 矢	犭	矢
猷	丷 ＋ 酉 ＋ 犬	八	大
猹	犭 ＋ 木 ＋ 日 ＋ 一	犭	横
猺	犭 ＋ 爫 ＋ 缶	犭	击
猾	犭 ＋ 骨	犭	骨
猿	犭 ＋ 土 ＋ 口 ＋ 衣省	犭	衣
獍	犭 ＋ 音 ＋ 儿	犭	儿
獐	犭 ＋ 音 ＋ 十	犭	十
獒	龶 ＋ 折 ＋ 丿 ＋ 攵 ＋ 犬	丰	大
獗	犭 ＋ 厂 ＋ 丷 ＋ 一 ＋ 凵 ＋ 丿 ＋ ⺈ ＋ 人	犭	人
獠	犭 ＋ 大 ＋ 丷 ＋ 日 ＋ 小	犭	小
獬	犭 ＋ 角 ＋ 刀 ＋ 牛	犭	牛
獭	犭 ＋ 束 ＋ ⺈ ＋ 贝	犭	见
獯	犭 ＋ 熏	犭	黑
獴	犭 ＋ 艹 ＋ 冖 ＋ 一 ＋ 豕	犭	豕
獾	犭 ＋ 艹 ＋ 口 ＋ 口 ＋ 隹	犭	隹
玃	犭 ＋ 目 ＋ 目 ＋ 隹 ＋ 又	犭	又
玄	亠 ＋ 幺	亠	纟
率	亠 ＋ 幺 ＋ 冫 ＋ 撇 ＋ 点 ＋ 十	亠	十
玉	玉	王	王
王	王	王	王
玎	王 ＋ 丁	王	寸
玑	王 ＋ 几	王	几
玒	王 ＋ 工	王	工
玓	王 ＋ 勹 ＋ 丶	王	点
玕	王 ＋ 干	王	干
玖	王 ＋ 久	王	又
玘	王 ＋ 己	王	已
玙	王 ＋ 一 ＋ 折 ＋ 一	王	横
玚	王 ＋ 杨字边	王	勿
玛	王 ＋ 马	王	马
玞	王 ＋ 夫	王	大
玟	王 ＋ 文	王	文
玠	王 ＋ 全字头 ＋ 乔字底	王	竖
玡	王 ＋ 牙	王	牙
玢	王 ＋ 八 ＋ 刀	王	刀
玤	王 ＋ 丰	王	丰
玥	王 ＋ 月	王	月
玦	王 ＋ 折 ＋ 大	王	大
玩	王 ＋ 一 ＋ 兀	王	儿
玫	王 ＋ 攵	王	又
玭	王 ＋ 比字旁 ＋ 匕	王	匕
玮	王 ＋ 韦	王	韦
环	王 ＋ 一 ＋ 亻 ＋ 点	王	点
现	王 ＋ 见	王	见
玱	王 ＋ 全字头 ＋ 㔾	王	已
玲	王 ＋ 令	王	今
玳	王 ＋ 亻 ＋ 弋	王	戈
玶	王 ＋ 一 ＋ 丷 ＋ 十	王	十
玷	王 ＋ 卢字头 ＋ 口	王	口
玹	王 ＋ 亠 ＋ 幺	王	纟
玺	⺈ ＋ 小 ＋ 玉	刀	王
玻	王 ＋ 皮	王	皮
玼	王 ＋ 止 ＋ 匕	王	匕
玿	王 ＋ 刀 ＋ 口	王	口
珀	王 ＋ 白	王	白
珂	王 ＋ 可	王	寸
珅	王 ＋ 申	王	田
珇	王 ＋ 且	王	且
珈	王 ＋ 力 ＋ 口	王	口
珉	王 ＋ 民	王	民
珊	王 ＋ 周字框 ＋ 周字框 ＋ 一	王	横
珋	王 ＋ 卯	王	卵
珌	王 ＋ 必	王	忄
珍	王 ＋ 全字头 ＋ 彡	王	彡
珏	王 ＋ 玉	王	王
珐	王 ＋ 土 ＋ 厶	王	厶
珑	王 ＋ 龙	王	龙
珒	王 ＋ 聿	王	争字底
珕	王 ＋ 力 ＋ 力 ＋ 力	王	力
珖	王 ＋ 尚字头 ＋ 兀	王	儿
珙	王 ＋ 龷 ＋ 八	王	八
珛	王 ＋ 左字框 ＋ 青字底	王	月
珝	王 ＋ 习 ＋ 习	王	习
珞	王 ＋ 各	王	又
珠	王 ＋ 朱	王	未
珢	王 ＋ 艮	王	艮
珣	王 ＋ 勹 ＋ 日	王	日
珥	王 ＋ 耳	王	耳
珦	王 ＋ 向	王	向
珧	王 ＋ 冫 ＋ 冫 ＋ 儿	王	儿
珩	王 ＋ 行	王	行
珪	王 ＋ 土 ＋ 土	王	土
珫	王 ＋ 亠 ＋ 厶 ＋ 儿	王	儿
班	玨 ＋ 刂	王	刀
珰	王 ＋ 尚字头 ＋ 彐	王	争字底
珲	王 ＋ 冖 ＋ 车	王	车
珵	王 ＋ 口 ＋ 王	王	王
珷	王 ＋ 一 ＋ 弋 ＋ 止	王	止
珸	王 ＋ 五 ＋ 口	王	口
珹	王 ＋ 戊 ＋ 折	王	折
珺	王 ＋ 争字底 ＋ 撇 ＋ 口	王	口
珽	王 ＋ 壬 ＋ 廴	王	辶
琀	王 ＋ 今 ＋ 口	王	口
球	王 ＋ 一 ＋ 氺 ＋ 丶	王	点
琄	王 ＋ 口 ＋ 青字底	王	月
琅	王 ＋ 丶 ＋ 艮	王	艮
理	王 ＋ 里	王	里
琇	王 ＋ 禾 ＋ 乃	王	乃
琈	王 ＋ 爫 ＋ 子	王	子
琉	王 ＋ 亠 ＋ 厶 ＋ 荒字底	王	竖
琊	王 ＋ 牙 ＋ 阝	王	卩
琎	王 ＋ 井 ＋ 辶	王	辶
琏	王 ＋ 车 ＋ 辶	王	辶
琐	王 ＋ 尚字头 ＋ 贝	王	见
琔	王 ＋ 宀 ＋ 定字底	王	定字底
琚	王 ＋ 居	王	居
琛	王 ＋ 冖 ＋ 八 ＋ 木	王	木
琟	王 ＋ 隹	王	隹
琡	王 ＋ 卜 ＋ 横 ＋ 小 ＋ 又	王	又
琢	王 ＋ 豖	王	豕
琤	王 ＋ ⺈ ＋ 争字底	王	争字底
琥	王 ＋ 卜 ＋ 厂 ＋ 匕 ＋ 几	王	几
琦	王 ＋ 大 ＋ 可	王	寸
琨	王 ＋ 日 ＋ 比字旁 ＋ 匕	王	匕
琪	王 ＋ 其字头 ＋ 八	王	八
琫	王 ＋ 春字头 ＋ 举字底	王	扌
琬	王 ＋ 宀 ＋ 夕 ＋ 㔾	王	已
琭	王 ＋ 录字头 ＋ 氺	王	氵
琮	王 ＋ 宀 ＋ 示	王	示
琯	王 ＋ 宀 ＋ 官字底	王	追字心
琰	王 ＋ 火 ＋ 火	王	火
琲	王 ＋ 非	王	片
琳	王 ＋ 木 ＋ 木	王	木
琴	玨 ＋ 今	王	今
琵	玨 ＋ 比字旁 ＋ 匕	王	匕
琶	玨 ＋ 巴	王	已
琼	王 ＋ 享字头 ＋ 小	王	小
瑀	王 ＋ 撇 ＋ 口 ＋ 禺字底	王	禸
瑁	王 ＋ 见二 ＋ 二 ＋ 目	王	日
瑂	王 ＋ 尸 ＋ 丨 ＋ 目	王	日
瑃	王 ＋ 春字头 ＋ 日	王	日
瑄	王 ＋ 宀 ＋ 一 ＋ 日 ＋ 一	王	横
瑅	王 ＋ 日 ＋ 定字底	王	定字底
瑆	王 ＋ 日 ＋ 丿 ＋ 龶	王	丰
瑑	王 ＋ 互中间 ＋ 豕	王	豕
瑓	王 ＋ 柬	王	束
瑔	王 ＋ 白 ＋ 水	王	氵
瑕	王 ＋ 折 ＋ 一 ＋ 卢字头 ＋ 一 ＋ 折 ＋ 一 ＋ 又	王	又
瑖	王 ＋ 撇 ＋ 卢字头 ＋ 二 ＋ 殳	王	殳
瑗	王 ＋ 爫 ＋ 一 ＋ 左字框 ＋ 又	王	又
瑙	王 ＋ 巛 ＋ 囟	王	向
瑚	王 ＋ 古 ＋ 月	王	月
瑛	王 ＋ 艹 ＋ 见二 ＋ 大	王	大
瑜	王 ＋ 俞	王	俞
瑝	王 ＋ 白 ＋ 王	王	王
瑞	王 ＋ 山 ＋ 而	王	雨
瑟	玨 ＋ 必	王	忄
瑢	王 ＋ 宀 ＋ 八 ＋ 全字头 ＋ 口	王	口
瑧	王 ＋ 春字头 ＋ 禾	王	禾
瑨	王 ＋ 亚 ＋ 日	王	日
瑬	氵 ＋ 亠 ＋ 厶 ＋ 荒字底 ＋ 玉	氵	王
瑭	王 ＋ 广 ＋ 肀 ＋ 口	王	口
瑰	王 ＋ 鬼	王	鬼
瑱	王 ＋ 十 ＋ 具字头 ＋ 八	王	八
瑳	王 ＋ 差字头 ＋ 工	王	工
瑶	王 ＋ 爫 ＋ 缶	王	击
瑷	王 ＋ 爫 ＋ 冖 ＋ 左字框 ＋ 又	王	又
瑾	王 ＋ 廿 ＋ 口 ＋ 龶	王	丰
璀	王 ＋ 山 ＋ 隹	王	隹
璁	王 ＋ 囱 ＋ 心	王	忄
璃	王 ＋ 亠 ＋ 㐅 ＋ 凵 ＋ 禸	王	禸
璆	王 ＋ 习 ＋ 习 ＋ 全字头 ＋ 彡	王	彡
璇	王 ＋ 方 ＋ 卧人 ＋ 疋	王	定字底
璈	王 ＋ 龶 ＋ 折 ＋ 丿 ＋ 攵	王	又
璋	王 ＋ 音 ＋ 十	王	十
璎	王 ＋ 贝 ＋ 贝 ＋ 女	王	女
璐	王 ＋ 足旁 ＋ 各	王	又
璒	王 ＋ 登字头 ＋ 一 ＋ 口 ＋ 丷 ＋ 一	王	横
璘	王 ＋ 米 ＋ 夕 ＋ 降下角	王	降下角
璜	王 ＋ 龷 ＋ 由 ＋ 八	王	八
璞	王 ＋ 业 ＋ 养字头	王	美字头
璟	王 ＋ 日 ＋ 享字头 ＋ 小	王	小
璠	王 ＋ 釆 ＋ 田	王	田
璥	王 ＋ 艹 ＋ 勹 ＋ 口 ＋ 攵	王	又
璧	尸 ＋ 口 ＋ 辛 ＋ 玉	尸	王
璨	王 ＋ 餐字头 ＋ 米	王	米
璩	王 ＋ 卜 ＋ 厂 ＋ 匕 ＋ 豕	王	豕
璪	王 ＋ 口 ＋ 口 ＋ 口 ＋ 木	王	木
璬	王 ＋ 白 ＋ 方 ＋ 攵	王	又
璮	王 ＋ 亠 ＋ 囗 ＋ 口 ＋ 日 ＋ 一	王	横
璱	王 ＋ 玨 ＋ 必	王	忄
璲	王 ＋ 丷 ＋ 豕 ＋ 辶	王	辶
璺	撇 ＋ 卢字头 ＋ 一 ＋ 冂 ＋ 一 ＋ 口 ＋ 折 ＋ 二 ＋ 冖 ＋ 玉	撇	王
瓀	王 ＋ 雨头 ＋ 而	王	雨
瓒	王 ＋ 告字头 ＋ 儿 ＋ 告字头 ＋ 儿 ＋ 贝	王	见
瓖	王 ＋ 襄	王	衣
瓘	王 ＋ 艹 ＋ 口 ＋ 口 ＋ 隹	王	隹
瓜	瓜	爫	爫
瓞	瓜 ＋ 失	爫	矢
瓠	大 ＋ 二 ＋ 折 ＋ 瓜	大	爫
瓢	覀 ＋ 示 ＋ 瓜	西	爫
瓣	辡 ＋ 瓜	辛	爫
瓤	襄 ＋ 瓜	衣	爫
瓦	瓦	瓦	瓦
瓮	八 ＋ 厶 ＋ 瓦	八	瓦
瓯	匚 ＋ 㐅 ＋ 瓦	匚	瓦
瓴	令 ＋ 瓦	今	瓦
瓶	丷 ＋ 一 ＋ 廾 ＋ 瓦	八	瓦
瓷	冫 ＋ ⺈ ＋ 人 ＋ 瓦	氵	瓦
瓻	㐅 ＋ 左字框 ＋ 巾 ＋ 瓦	交	瓦
瓿	立 ＋ 口 ＋ 瓦	立	瓦
甄	覀 ＋ 土 ＋ 瓦	西	瓦
甍	艹 ＋ 罒 ＋ 冖 ＋ 瓦	艹	瓦
甏	士 ＋ 口 ＋ 丷 ＋ 一 ＋ 彡 ＋ 瓦	土	瓦
甑	丷 ＋ 囗 ＋ 尚字头 ＋ 日 ＋ 瓦	八	瓦
甓	尸 ＋ 口 ＋ 辛 ＋ 瓦	尸	瓦
甗	卜 ＋ 厂 ＋ 匕 ＋ 鬲 ＋ 瓦	卜	瓦
甘	甘	廿	廿
甚	其字头 ＋ 八 ＋ 折	廿	折
甜	千 ＋ 口 ＋ 甘	干	廿
生	丿 ＋ 龶	撇	丰
甡	丿 ＋ 龶 ＋ 丿 ＋ 龶	撇	丰
甥	丿 ＋ 龶 ＋ 田 ＋ 力	撇	力
甦	一 ＋ 日 ＋ 㐅 ＋ 丿 ＋ 龶	横	丰
用	周字框 ＋ 举字底	几	扌
甩	月 ＋ 折	月	折
甪	丿 ＋ 周字框 ＋ 举字底	撇	扌
甫	甫	甫	甫
甬	龴 ＋ 冂 ＋ 举字底	厶	扌
甭	一 ＋ 亻 ＋ 点 ＋ 周字框 ＋ 举字底	横	扌
甯	宀 ＋ 心 ＋ 冂 ＋ 举字底	宀	扌
田	田	田	田
由	由	田	田
甲	甲	田	田
申	申	田	田
电	电	田	田
男	田 ＋ 力	田	力
甸	勹 ＋ 田	匚	田
町	田 ＋ 丁	田	寸
画	一 ＋ 田 ＋ 凵	横	匚
甾	巛 ＋ 田	巛	田
畀	田 ＋ 丌	田	儿
畅	申 ＋ 杨字边	田	勿
畈	田 ＋ 反字框 ＋ 又	田	又
畋	田 ＋ 攵	田	又
界	田 ＋ 全字头 ＋ 乔字底	田	竖
畎	田 ＋ 犬	田	大
畏	田 ＋ 畏字底带横	田	定字底
畔	田 ＋ 丷 ＋ 举字底	田	扌
畖	田 ＋ 瓜	田	爫
留	留字头 ＋ 田	夕	田
畚	厶 ＋ 大 ＋ 田	厶	田
畛	田 ＋ 全字头 ＋ 彡	田	彡
畜	亠 ＋ 幺 ＋ 田	亠	田
畤	田 ＋ 土 ＋ 寸	田	寸
略	田 ＋ 各	田	又
畦	田 ＋ 土 ＋ 土	田	土
番	釆 ＋ 田	爫	田
畬	全字头 ＋ 于 ＋ 八 ＋ 田	人	田
畯	田 ＋ 厶 ＋ 八 ＋ 夂	田	又
畲	全字头 ＋ 示 ＋ 田	人	田
畴	田 ＋ 三 ＋ 丿 ＋ 寸	田	寸
畸	田 ＋ 大 ＋ 可	田	寸
畹	田 ＋ 宀 ＋ 夕 ＋ 㔾	田	已
畿	幺 ＋ 幺 ＋ 戈 ＋ 田	纟	田
疁	田 ＋ 习 ＋ 习 ＋ 全字头 ＋ 彡	田	彡
疃	田 ＋ 立 ＋ 里	田	里
疆	弓 ＋ 土 ＋ 一 ＋ 田 ＋ 一 ＋ 田 ＋ 一	折	横
疍	疋 ＋ 日 ＋ 一	定字底	横
疏	折 ＋ 止 ＋ 亠 ＋ 厶 ＋ 荒字底	折	竖
疐	十 ＋ 冖 ＋ 田 ＋ 疋	十	定字底
疑	肄字旁 ＋ 龴 ＋ 疋	匕	定字底
疔	疒 ＋ 丁	广	寸
疖	疒 ＋ 节字底	广	卩
疗	疒 ＋ 了	广	子
疙	疒 ＋ 卧人 ＋ 乙	广	乙
疚	疒 ＋ 久	广	又
疝	疒 ＋ 山	广	山
疟	疒 ＋ 匚 ＋ 一	广	横
疠	疒 ＋ 横 ＋ 撇 ＋ 折	广	折
疡	疒 ＋ 杨字边	广	勿
疢	疒 ＋ 火	广	火
疣	疒 ＋ 尤	广	龙
疤	疒 ＋ 巴	广	已
疥	疒 ＋ 全字头 ＋ 乔字底	广	竖
疫	疒 ＋ 殳	广	殳
疬	疒 ＋ 厂 ＋ 力	广	力
疭	疒 ＋ 人 ＋ 人	广	人
疮	疒 ＋ 全字头 ＋ 㔾	广	已
疯	疒 ＋ 风省 ＋ 㐅	广	交
疰	疒 ＋ 亠 ＋ 土	广	土
疱	疒 ＋ 勹 ＋ 巳	广	已
疲	疒 ＋ 皮	广	皮
疳	疒 ＋ 甘	广	廿
疴	疒 ＋ 可	广	寸
疵	疒 ＋ 止 ＋ 匕	广	匕
疸	疒 ＋ 日 ＋ 一	广	横
疹	疒 ＋ 全字头 ＋ 彡	广	彡
疼	疒 ＋ 夂 ＋ 冬字底	广	点
疽	疒 ＋ 且	广	且
疾	疒 ＋ 矢	广	矢
痂	疒 ＋ 力 ＋ 口	广	口
痃	疒 ＋ 亠 ＋ 幺	广	纟
痄	疒 ＋ 卧人 ＋ 卢字头 ＋ 一	广	横
病	疒 ＋ 一 ＋ 冂 ＋ 人	广	人
症	疒 ＋ 一 ＋ 止	广	止
痈	疒 ＋ 周字框 ＋ 举字底	广	扌
痉	疒 ＋ 轻字边	广	工
痊	疒 ＋ 全字头 ＋ 王	广	王
痍	疒 ＋ 夷	广	夷
痒	疒 ＋ 羊	广	羊
痓	疒 ＋ 至	广	至
痔	疒 ＋ 土 ＋ 寸	广	寸
痕	疒 ＋ 艮	广	艮
痘	疒 ＋ 一 ＋ 口 ＋ 丷 ＋ 一	广	横
痛	疒 ＋ 龴 ＋ 冂 ＋ 举字底	广	扌
痞	疒 ＋ 一 ＋ 亻 ＋ 点 ＋ 口	广	口
痢	疒 ＋ 利	广	利
痣	疒 ＋ 士 ＋ 心	广	忄
痤	疒 ＋ 人 ＋ 人 ＋ 土	广	土
痦	疒 ＋ 五 ＋ 口	广	口
痧	疒 ＋ 氵 ＋ 少三 ＋ 丿	广	撇
痨	疒 ＋ 艹 ＋ 冖 ＋ 力	广	力
痪	疒 ＋ ⺈ ＋ 见二 ＋ 大	广	大
痫	疒 ＋ 门 ＋ 木	广	木
痰	疒 ＋ 火 ＋ 火	广	火
痱	疒 ＋ 非	广	片
痴	疒 ＋ 矢 ＋ 口	广	口
痹	疒 ＋ 田 ＋ 丌	广	儿
痼	疒 ＋ 囗 ＋ 古	广	古
痿	疒 ＋ 禾 ＋ 女	广	女
瘀	疒 ＋ 方 ＋ 全字头 ＋ 冬字底	广	点
瘁	疒 ＋ 亠 ＋ 人 ＋ 人 ＋ 十	广	十
瘃	疒 ＋ 豖	广	豕
瘅	疒 ＋ 单	广	单
瘆	疒 ＋ 厶 ＋ 大 ＋ 彡	广	彡
瘊	疒 ＋ 亻 ＋ 折 ＋ 一 ＋ 矢	广	矢
瘌	疒 ＋ 束 ＋ 刂	广	刀
瘐	疒 ＋ 臼 ＋ 人	广	人
瘕	疒 ＋ 折 ＋ 一 ＋ 卢字头 ＋ 一 ＋ 折 ＋ 一 ＋ 又	广	又
瘗	疒 ＋ 一 ＋ 丷 ＋ 大 ＋ 土	广	土
瘘	疒 ＋ 米 ＋ 女	广	女
瘙	疒 ＋ 又 ＋ 丶 ＋ 虫	广	虫
瘛	疒 ＋ 丰 ＋ 刀 ＋ 心	广	忄
瘟	疒 ＋ 日 ＋ 皿	广	皿
瘠	疒 ＋ 冫 ＋ 撇 ＋ 点 ＋ 人 ＋ 青字底	广	月
瘢	疒 ＋ 舟 ＋ 殳	广	殳
瘤	疒 ＋ 留字头 ＋ 田	广	田
瘥	疒 ＋ 差字头 ＋ 工	广	工
瘦	疒 ＋ 叟字头 ＋ 又	广	又
瘩	疒 ＋ 艹 ＋ 全字头 ＋ 一 ＋ 口	广	口
瘪	疒 ＋ 自 ＋ 全字头 ＋ 匕	广	匕
瘫	疒 ＋ 又 ＋ 隹	广	隹
瘭	疒 ＋ 覀 ＋ 示	广	示
瘰	疒 ＋ 田 ＋ 糸	广	纟
瘳	疒 ＋ 习 ＋ 习 ＋ 全字头 ＋ 彡	广	彡
瘴	疒 ＋ 音 ＋ 十	广	十
瘵	疒 ＋ 祭字头 ＋ 示	广	示
瘸	疒 ＋ 力 ＋ 口 ＋ 冂 ＋ 人 ＋ 人	广	人
瘼	疒 ＋ 莫	广	莫
瘾	疒 ＋ 阝 ＋ 刍 ＋ 心	广	忄
瘿	疒 ＋ 贝 ＋ 贝 ＋ 女	广	女
癀	疒 ＋ 龷 ＋ 由 ＋ 八	广	八
癃	疒 ＋ 阝 ＋ 夂 ＋ 一 ＋ 丿 ＋ 龶	广	丰
癌	疒 ＋ 口 ＋ 口 ＋ 口 ＋ 山	广	山
癍	疒 ＋ 玨 ＋ 文	广	文
癔	疒 ＋ 音 ＋ 心	广	忄
癖	疒 ＋ 尸 ＋ 口 ＋ 辛	广	辛
癗	疒 ＋ 雨头 ＋ 田	广	田
癜	疒 ＋ 尸 ＋ 龷 ＋ 八 ＋ 殳	广	殳
癞	疒 ＋ 束 ＋ ⺈ ＋ 贝	广	见
癣	疒 ＋ 鱼 ＋ 羊	广	羊
癫	疒 ＋ 十 ＋ 具字头 ＋ 八 ＋ 页	广	见
癯	疒 ＋ 目 ＋ 目 ＋ 隹	广	隹
癸	登字头 ＋ 天	夕	大
登	登字头 ＋ 一 ＋ 口 ＋ 丷 ＋ 一	夕	横
白	白	白	白
百	一 ＋ 白	横	白
癿	白 ＋ 折	白	折
皂	白 ＋ 七	白	匕
的	白 ＋ 勹 ＋ 丶	白	点
皆	比字旁 ＋ 匕 ＋ 白	匕	白
皇	白 ＋ 王	白	王
皈	白 ＋ 反字框 ＋ 又	白	又
皋	白 ＋ 大 ＋ 十	白	十
皎	白 ＋ 交	白	交
皑	白 ＋ 山 ＋ 己	白	已
皓	白 ＋ 告字头 ＋ 口	白	口
皕	一 ＋ 白 ＋ 一 ＋ 白	横	白
皖	白 ＋ 宀 ＋ 一 ＋ 兀	白	儿
皙	木 ＋ 斤 ＋ 白	木	白
皛	白 ＋ 白 ＋ 白	白	白
皞	白 ＋ 白 ＋ 大 ＋ 十	白	十
皤	白 ＋ 釆 ＋ 田	白	田
皦	白 ＋ 白 ＋ 方 ＋ 攵	白	又
皭	白 ＋ 爫 ＋ 罒 ＋ 即字旁 ＋ 寸	白	寸
皮	皮	皮	皮
皱	刍 ＋ 皮	刍	皮
皲	冖 ＋ 车旁 ＋ 皮	宀	皮
皴	厶 ＋ 八 ＋ 夂 ＋ 皮	厶	皮
皿	皿	皿	皿
盂	于 ＋ 皿	干	皿
盅	口 ＋ 竖 ＋ 皿	口	皿
盆	八 ＋ 刀 ＋ 皿	八	皿
盈	乃 ＋ 又 ＋ 皿	乃	皿
盉	禾 ＋ 皿	禾	皿
益	丷 ＋ 一 ＋ 八 ＋ 皿	八	皿
盍	土 ＋ 厶 ＋ 皿	土	皿
盎	见二 ＋ 大 ＋ 皿	匚	皿
盏	戋 ＋ 皿	戈	皿
盐	土 ＋ 卜 ＋ 皿	土	皿
监	览字头 ＋ 皿	览字头	皿
盒	全字头 ＋ 一 ＋ 口 ＋ 皿	人	皿
盔	左字框 ＋ 火 ＋ 皿	十	皿
盖	美字头 ＋ 皿	美字头	皿
盗	冫 ＋ ⺈ ＋ 人 ＋ 皿	氵	皿
盘	舟 ＋ 皿	舟	皿
盛	戊 ＋ 折 ＋ 皿	戈	皿
盟	日 ＋ 月 ＋ 皿	日	皿
盥	撇 ＋ 卢字头 ＋ 一 ＋ 水 ＋ 折 ＋ 二 ＋ 皿	撇	皿
盦	今 ＋ 酉 ＋ 皿	今	皿
目	目	日	日
盯	目 ＋ 丁	日	寸
盱	目 ＋ 于	日	干
盲	亠 ＋ 折 ＋ 目	亠	日
直	十 ＋ 具字头	十	且
盷	目 ＋ 勹 ＋ 冫	日	氵
相	木 ＋ 目	木	日
盹	目 ＋ 一 ＋ 凵 ＋ 折	日	折
盼	目 ＋ 八 ＋ 刀	日	刀
盾	反字框 ＋ 十 ＋ 目	撇	日
省	少三 ＋ 丿 ＋ 目	小	日
眄	目 ＋ 一 ＋ 丨 ＋ 折 ＋ 折	日	折
眇	目 ＋ 少三 ＋ 丿	日	撇
眈	目 ＋ 冖 ＋ 儿	日	儿
眉	尸 ＋ 丨 ＋ 目	尸	日
眊	目 ＋ 毛	日	毛
看	龵 ＋ 目	美字头	日
眍	目 ＋ 匚 ＋ 㐅	日	交
眙	目 ＋ 厶 ＋ 口	日	口
眚	丿 ＋ 龶 ＋ 目	撇	日
真	十 ＋ 具字头 ＋ 八	十	八
眠	目 ＋ 民	日	民
眢	夕 ＋ 㔾 ＋ 目	夕	日
眦	目 ＋ 止 ＋ 匕	日	匕
眨	目 ＋ 撇 ＋ 之	日	之
眩	目 ＋ 亠 ＋ 幺	日	纟
眬	目 ＋ 龙	日	龙
眭	目 ＋ 土 ＋ 土	日	土
眯	目 ＋ 米	日	米
眵	目 ＋ 夕 ＋ 夕	日	夕
眶	目 ＋ 匚 ＋ 王	日	王
眷	龹 ＋ 目	美字头	日
眸	目 ＋ 厶 ＋ 牛	日	牛
眺	目 ＋ 冫 ＋ 冫 ＋ 儿	日	儿
眼	目 ＋ 艮	日	艮
着	差字头 ＋ 目	美字头	日
睁	目 ＋ ⺈ ＋ 争字底	日	争字底
睃	目 ＋ 厶 ＋ 八 ＋ 夂	日	又
睄	目 ＋ 尚字头 ＋ 青字底	日	月
睇	目 ＋ 弟	日	弟
睎	目 ＋ 㐅 ＋ 左字框 ＋ 巾	日	巾
睐	目 ＋ 来	日	来
睑	目 ＋ 佥	日	佥
睚	目 ＋ 厂 ＋ 土 ＋ 土	日	土
睛	目 ＋ 龶 ＋ 青字底	日	月
睡	目 ＋ 千 ＋ 龷 ＋ 一	日	横
睢	目 ＋ 隹	日	隹
督	卜 ＋ 横 ＋ 小 ＋ 又 ＋ 目	卜	日
睥	目 ＋ 白 ＋ 丿 ＋ 十	日	十
睦	目 ＋ 土 ＋ 八 ＋ 土	日	土
睨	目 ＋ 臼 ＋ 儿	日	儿
睫	目 ＋ 一 ＋ 肀 ＋ 一 ＋ 丿 ＋ 点	日	点
睬	目 ＋ 采	日	爫
睹	目 ＋ 耂 ＋ 日	日	日
睽	目 ＋ 登字头 ＋ 天	日	大
睾	丿 ＋ 罒 ＋ 土 ＋ 南字心	撇	南字心
睿	卢字头 ＋ 冖 ＋ 一 ＋ 八 ＋ 全字头 ＋ 目	卜	日
瞀	予 ＋ 丿 ＋ 攵 ＋ 目	予	日
瞄	目 ＋ 艹 ＋ 田	日	田
瞅	目 ＋ 禾 ＋ 火	日	火
瞋	目 ＋ 十 ＋ 具字头 ＋ 八	日	八
瞌	目 ＋ 土 ＋ 厶 ＋ 皿	日	皿
瞍	目 ＋ 叟字头 ＋ 又	日	又
瞎	目 ＋ 宀 ＋ 丰 ＋ 口	日	口
瞑	目 ＋ 冖 ＋ 日 ＋ 亠 ＋ 八	日	八
瞒	目 ＋ 艹 ＋ 两	日	丽
瞟	目 ＋ 覀 ＋ 示	日	示
瞠	目 ＋ 尚头 ＋ 土	日	土
瞢	艹 ＋ 罒 ＋ 冖 ＋ 目	艹	日
瞥	㡀 ＋ 攵 ＋ 目	八	日
瞧	目 ＋ 隹 ＋ 灬	日	火
瞩	目 ＋ 尸 ＋ 撇 ＋ 口 ＋ 禺字底	日	禸
瞪	目 ＋ 登字头 ＋ 一 ＋ 口 ＋ 丷 ＋ 一	日	横
瞫	目 ＋ 覀 ＋ 日 ＋ 十	日	十
瞬	目 ＋ 爫 ＋ 冖 ＋ 夕 ＋ 降下角	日	降下角
瞭	目 ＋ 大 ＋ 丷 ＋ 日 ＋ 小	日	小
瞰	目 ＋ 折 ＋ 耳 ＋ 攵	日	又
瞳	目 ＋ 立 ＋ 里	日	里
瞵	目 ＋ 米 ＋ 夕 ＋ 降下角	日	降下角
瞻	目 ＋ ⺈ ＋ 厂 ＋ 八 ＋ 言	日	讠
瞽	士 ＋ 口 ＋ 丷 ＋ 一 ＋ 十 ＋ 又 ＋ 目	土	日
瞿	目 ＋ 目 ＋ 隹	日	隹
矍	目 ＋ 目 ＋ 隹 ＋ 又	日	又
矗	十 ＋ 具字头 ＋ 十 ＋ 具字头 ＋ 十 ＋ 具字头	十	且
矛	予 ＋ 丿	予	撇
矜	予 ＋ 丿 ＋ 今	予	今
矞	予 ＋ 丿 ＋ 冂 ＋ 八 ＋ 口	予	口
矢	矢	矢	矢
矣	厶 ＋ 矢	厶	矢
知	矢 ＋ 口	矢	口
矧	矢 ＋ 弓 ＋ 丨	矢	竖
矩	矢 ＋ 巨	矢	匚
矫	矢 ＋ 乔	矢	竖
矬	矢 ＋ 人 ＋ 人 ＋ 土	矢	土
短	矢 ＋ 一 ＋ 口 ＋ 丷 ＋ 一	矢	横
矮	矢 ＋ 禾 ＋ 女	矢	女
矰	矢 ＋ 丷 ＋ 囗 ＋ 尚字头 ＋ 日	矢	日
石	石	石	石
矶	石 ＋ 几	石	几
矸	石 ＋ 干	石	干
矻	石 ＋ 卧人 ＋ 乙	石	乙
矼	石 ＋ 工	石	工
矾	石 ＋ 凡	石	几
矿	石 ＋ 广	石	广
砀	石 ＋ 杨字边	石	勿
码	石 ＋ 马	石	马
砂	石 ＋ 少三 ＋ 丿	石	撇
砄	石 ＋ 折 ＋ 大	石	大
砆	石 ＋ 夫	石	大
砉	丰 ＋ 石	丰	石
砌	石 ＋ 七 ＋ 刀	石	刀
砍	石 ＋ ⺈ ＋ 人	石	人
砑	石 ＋ 牙	石	牙
砒	石 ＋ 比字旁 ＋ 匕	石	匕
研	石 ＋ 一 ＋ 廾	石	艹
砖	石 ＋ 专	石	专
砗	石 ＋ 车	石	车
砘	石 ＋ 一 ＋ 凵 ＋ 折	石	折
砚	石 ＋ 见	石	见
砜	石 ＋ 风省 ＋ 㐅	石	交
砝	石 ＋ 土 ＋ 厶	石	厶
砟	石 ＋ 卧人 ＋ 卢字头 ＋ 一	石	横
砠	石 ＋ 且	石	且
砣	石 ＋ 宀 ＋ 匕	石	匕
砥	石 ＋ 氐	石	氏
砧	石 ＋ 卢字头 ＋ 口	石	口
砫	石 ＋ 亠 ＋ 土	石	土
砬	石 ＋ 立	石	立
砭	石 ＋ 撇 ＋ 之	石	之
砮	女 ＋ 又 ＋ 石	女	石
砰	石 ＋ 一 ＋ 丷 ＋ 十	石	十
破	石 ＋ 皮	石	皮
砵	石 ＋ 木 ＋ 一	石	横
砷	石 ＋ 申	石	田
砸	石 ＋ 匚 ＋ 巾	石	巾
砹	石 ＋ 艹 ＋ 㐅	石	交
砺	石 ＋ 厉	石	厉
砻	龙 ＋ 石	龙	石
砼	石 ＋ 全字头 ＋ 工	石	工
砾	石 ＋ 乐	石	乐
础	石 ＋ 出	石	山
硁	石 ＋ 轻字边	石	工
硅	石 ＋ 土 ＋ 土	石	土
硇	石 ＋ 囟	石	向
硊	石 ＋ ⺈ ＋ 厂 ＋ 㔾	石	已
硌	石 ＋ 各	石	又
硍	石 ＋ 艮	石	艮
硎	石 ＋ 一 ＋ 廾 ＋ 刂	石	刀
硐	石 ＋ 冂 ＋ 一 ＋ 口	石	口
硒	石 ＋ 西	石	西
硔	石 ＋ 龷 ＋ 八	石	八
硕	石 ＋ 页	石	见
硖	石 ＋ 一 ＋ 丷 ＋ 大	石	大
硗	石 ＋ 尧	石	尧
硙	石 ＋ 山 ＋ 己	石	已
硚	石 ＋ 乔	石	竖
硝	石 ＋ 尚字头 ＋ 青字底	石	月
硪	石 ＋ 撇 ＋ 横 ＋ 折 ＋ 横 ＋ 戈	石	戈
硫	石 ＋ 亠 ＋ 厶 ＋ 荒字底	石	竖
硬	石 ＋ 一 ＋ 日 ＋ 㐅	石	交
硭	石 ＋ 艹 ＋ 亠 ＋ 折	石	折
确	石 ＋ 角	石	角
硼	石 ＋ 月 ＋ 月	石	月
硿	石 ＋ 宀 ＋ 八 ＋ 工	石	工
碃	石 ＋ 龶 ＋ 青字底	石	月
碇	石 ＋ 宀 ＋ 定字底	石	定字底
碈	石 ＋ 氏 ＋ 日	石	日
碉	石 ＋ 周字框 ＋ 土 ＋ 口	石	口
碌	石 ＋ 录字头 ＋ 氺	石	氵
碍	石 ＋ 日 ＋ 一 ＋ 寸	石	寸
碎	石 ＋ 亠 ＋ 人 ＋ 人 ＋ 十	石	十
碏	石 ＋ 龷 ＋ 日	石	日
碑	石 ＋ 白 ＋ 丿 ＋ 十	石	十
碓	石 ＋ 隹	石	隹
碗	石 ＋ 宀 ＋ 夕 ＋ 㔾	石	已
碘	石 ＋ 见二 ＋ 龷 ＋ 八	石	八
碚	石 ＋ 立 ＋ 口	石	口
碛	石 ＋ 龶 ＋ 贝	石	见
碜	石 ＋ 厶 ＋ 大 ＋ 彡	石	彡
碟	石 ＋ 廿 ＋ 折 ＋ 木	石	木
碡	石 ＋ 龶 ＋ 母	石	母
碣	石 ＋ 日 ＋ 匃	石	匚
碥	石 ＋ 户 ＋ 冂 ＋ 艹	石	艹
碧	王 ＋ 白 ＋ 石	王	石
碨	石 ＋ 田 ＋ 畏字底带横	石	定字底
碰	石 ＋ 丷 ＋ 亚	石	业
碱	石 ＋ 戊 ＋ 一 ＋ 口	石	口
碲	石 ＋ 帝字头 ＋ 巾	石	巾
碳	石 ＋ 山 ＋ 左字框 ＋ 火	石	火
碴	石 ＋ 木 ＋ 日 ＋ 一	石	横
碶	石 ＋ 丰 ＋ 刀 ＋ 大	石	大
碹	石 ＋ 宀 ＋ 一 ＋ 日 ＋ 一	石	横
碾	石 ＋ 尸 ＋ 艹 ＋ 畏字底带横	石	定字底
磁	石 ＋ 丷 ＋ 一 ＋ 幺 ＋ 幺	石	纟
磅	石 ＋ 帝字头 ＋ 方	石	方
磉	石 ＋ 又 ＋ 又 ＋ 又 ＋ 木	石	木
磊	石 ＋ 石 ＋ 石	石	石
磋	石 ＋ 差字头 ＋ 工	石	工
磏	石 ＋ 兼	石	兼
磐	舟 ＋ 殳 ＋ 石	舟	石
磔	石 ＋ 夕 ＋ 降下角 ＋ 木	石	木
磕	石 ＋ 土 ＋ 厶 ＋ 皿	石	皿
磙	石 ＋ 衣 ＋ 八 ＋ 厶	石	厶
磜	石 ＋ 祭字头 ＋ 示	石	示
磡	石 ＋ 其字头 ＋ 八 ＋ 折 ＋ 力	石	力
磨	广 ＋ 木 ＋ 木 ＋ 石	广	石
磬	士 ＋ 尸 ＋ 丨 ＋ 殳 ＋ 石	土	石
磲	石 ＋ 氵 ＋ 巨 ＋ 木	石	木
磴	石 ＋ 登字头 ＋ 一 ＋ 口 ＋ 丷 ＋ 一	石	横
磷	石 ＋ 米 ＋ 夕 ＋ 降下角	石	降下角
磹	石 ＋ 覀 ＋ 日 ＋ 十	石	十
磻	石 ＋ 釆 ＋ 田	石	田
礁	石 ＋ 隹 ＋ 灬	石	火
礅	石 ＋ 享字头 ＋ 子 ＋ 攵	石	又
礌	石 ＋ 雨头 ＋ 田	石	田
礓	石 ＋ 一 ＋ 田 ＋ 一 ＋ 田 ＋ 一	石	横
礞	石 ＋ 艹 ＋ 冖 ＋ 一 ＋ 豕	石	豕
礴	石 ＋ 艹 ＋ 氵 ＋ 甫 ＋ 寸	石	寸
礵	石 ＋ 雨头 ＋ 木 ＋ 目	石	日
示	示	示	示
礼	礻 ＋ 折	礻	折
社	礻 ＋ 土	礻	土
祀	礻 ＋ 巳	礻	已
祁	礻 ＋ 阝	礻	卩
祃	礻 ＋ 马	礻	马
祆	礻 ＋ 天	礻	大
祇	礻 ＋ 氏	礻	氏
祈	礻 ＋ 斤	礻	斤
祉	礻 ＋ 止	礻	止
祊	礻 ＋ 方	礻	方
祋	礻 ＋ 殳	礻	殳
祎	礻 ＋ 韦	礻	韦
祏	礻 ＋ 石	礻	石
祐	礻 ＋ 左字框 ＋ 口	礻	口
祓	礻 ＋ 左字框 ＋ 又 ＋ 丶	礻	点
祕	礻 ＋ 必	礻	忄
祖	礻 ＋ 且	礻	且
祗	礻 ＋ 氐	礻	氏
祚	礻 ＋ 卧人 ＋ 卢字头 ＋ 一	礻	横
祛	礻 ＋ 土 ＋ 厶	礻	厶
祜	礻 ＋ 古	礻	古
祝	礻 ＋ 口 ＋ 儿	礻	儿
神	礻 ＋ 申	礻	田
祟	出 ＋ 示	山	示
祠	礻 ＋ 折 ＋ 一 ＋ 口	礻	口
祢	礻 ＋ ⺈ ＋ 小	礻	小
祥	礻 ＋ 羊	礻	羊
祧	礻 ＋ 冫 ＋ 冫 ＋ 儿	礻	儿
票	覀 ＋ 示	西	示
祭	祭字头 ＋ 示	夕	示
祯	礻 ＋ 卢字头 ＋ 贝	礻	见
祲	礻 ＋ 彐 ＋ 冖 ＋ 又	礻	又
祷	礻 ＋ 三 ＋ 丿 ＋ 寸	礻	寸
祸	礻 ＋ 口 ＋ 冂 ＋ 人	礻	人
祺	礻 ＋ 其字头 ＋ 八	礻	八
祼	礻 ＋ 日 ＋ 木	礻	木
祾	礻 ＋ 土 ＋ 八 ＋ 夂	礻	又
禀	亠 ＋ 囗 ＋ 口 ＋ 示	亠	示
禁	木 ＋ 木 ＋ 示	木	示
禄	礻 ＋ 录字头 ＋ 氺	礻	氵
禅	礻 ＋ 单	礻	单
禊	礻 ＋ 丰 ＋ 刀 ＋ 大	礻	大
禋	礻 ＋ 覀 ＋ 土	礻	土
福	礻 ＋ 一 ＋ 口 ＋ 田	礻	田
禒	礻 ＋ 互中间 ＋ 豕	礻	豕
禔	礻 ＋ 日 ＋ 定字底	礻	定字底
禘	礻 ＋ 帝字头 ＋ 巾	礻	巾
禚	礻 ＋ 美字头 ＋ 灬	礻	火
禛	礻 ＋ 十 ＋ 具字头 ＋ 八	礻	八
禤	礻 ＋ 罒 ＋ 习 ＋ 习	礻	习
禧	礻 ＋ 士 ＋ 口 ＋ 丷 ＋ 一 ＋ 口	礻	口
禳	礻 ＋ 襄	礻	衣
禹	撇 ＋ 口 ＋ 禺字底	撇	禸
禺	日 ＋ 禺字底	日	禸
离	亠 ＋ 㐅 ＋ 凵 ＋ 禸	亠	禸
禽	全字头 ＋ 亠 ＋ 㐅 ＋ 凵 ＋ 禸	人	禸
禾	禾	禾	禾
秀	禾 ＋ 乃	禾	乃
私	禾 ＋ 厶	禾	厶
秃	禾 ＋ 几	禾	几
秆	禾 ＋ 干	禾	干
秉	秉	秉	秉
秋	禾 ＋ 火	禾	火
种	禾 ＋ 口 ＋ 竖	禾	竖
科	禾 ＋ 冬字底 ＋ 十	禾	十
秒	禾 ＋ 少三 ＋ 丿	禾	撇
秕	禾 ＋ 比字旁 ＋ 匕	禾	匕
秘	禾 ＋ 必	禾	忄
租	禾 ＋ 且	禾	且
秣	禾 ＋ 末	禾	未
秤	禾 ＋ 一 ＋ 丷 ＋ 十	禾	十
秦	春字头 ＋ 禾	美字头	禾
秧	禾 ＋ 见二 ＋ 大	禾	大
秩	禾 ＋ 失	禾	矢
秫	禾 ＋ 木 ＋ 丶	禾	点
秬	禾 ＋ 巨	禾	匚
秭	禾 ＋ 撇 ＋ 折 ＋ 丨 ＋ 丿	禾	撇
积	禾 ＋ 口 ＋ 八	禾	八
称	禾 ＋ ⺈ ＋ 小	禾	小
秸	禾 ＋ 士 ＋ 口	禾	口
移	禾 ＋ 夕 ＋ 夕	禾	夕
秽	禾 ＋ 山 ＋ 夕	禾	夕
秾	禾 ＋ 冖 ＋ 衣省	禾	衣
稀	禾 ＋ 㐅 ＋ 左字框 ＋ 巾	禾	巾
稂	禾 ＋ 丶 ＋ 艮	禾	艮
稃	禾 ＋ 爫 ＋ 子	禾	子
稆	禾 ＋ 口 ＋ 口	禾	口
程	禾 ＋ 口 ＋ 王	禾	王
稌	禾 ＋ 全字头 ＋ 于 ＋ 八	禾	八
稍	禾 ＋ 尚字头 ＋ 青字底	禾	月
税	禾 ＋ 丷 ＋ 口 ＋ 儿	禾	儿
稑	禾 ＋ 土 ＋ 八 ＋ 土	禾	土
稔	禾 ＋ 今 ＋ 心	禾	忄
稗	禾 ＋ 白 ＋ 丿 ＋ 十	禾	十
稙	禾 ＋ 十 ＋ 具字头	禾	且
稚	禾 ＋ 隹	禾	隹
稞	禾 ＋ 日 ＋ 木	禾	木
稠	禾 ＋ 周字框 ＋ 土 ＋ 口	禾	口
稣	鱼 ＋ 禾	鱼	禾
稳	禾 ＋ 刍 ＋ 心	禾	忄
稷	禾 ＋ 田 ＋ 八 ＋ 夂	禾	又
稹	禾 ＋ 十 ＋ 具字头 ＋ 八	禾	八
稻	禾 ＋ 爫 ＋ 臼	禾	白
稼	禾 ＋ 宀 ＋ 豕	禾	豕
稽	禾 ＋ 尤 ＋ 匕 ＋ 日	禾	日
稿	禾 ＋ 享字头 ＋ 冂 ＋ 口	禾	口
穄	禾 ＋ 祭字头 ＋ 示	禾	示
穆	禾 ＋ 白 ＋ 小 ＋ 彡	禾	彡
穑	禾 ＋ 十 ＋ 丷 ＋ 一 ＋ 囗 ＋ 口	禾	口
穗	禾 ＋ 一 ＋ 申 ＋ 一 ＋ 丶 ＋ 心	禾	忄
穙	禾 ＋ 业 ＋ 养字头	禾	美字头
穜	禾 ＋ 立 ＋ 里	禾	里
穟	禾 ＋ 丷 ＋ 豕 ＋ 辶	禾	辶
穰	禾 ＋ 襄	禾	衣
穴	宀 ＋ 八	宀	八
究	宀 ＋ 八 ＋ 九	宀	九
穷	宀 ＋ 八 ＋ 力	宀	力
穸	宀 ＋ 八 ＋ 夕	宀	夕
穹	宀 ＋ 八 ＋ 弓	宀	折
空	宀 ＋ 八 ＋ 工	宀	工
穿	宀 ＋ 八 ＋ 牙	宀	牙
窀	宀 ＋ 八 ＋ 一 ＋ 凵 ＋ 折	宀	折
突	宀 ＋ 八 ＋ 犬	宀	大
窃	宀 ＋ 八 ＋ 七 ＋ 刀	宀	刀
窄	宀 ＋ 八 ＋ 卧人 ＋ 卢字头 ＋ 一	宀	横
窅	宀 ＋ 八 ＋ 目	宀	日
窈	宀 ＋ 八 ＋ 幺 ＋ 力	宀	力
窊	宀 ＋ 八 ＋ 瓜	宀	爫
窍	宀 ＋ 八 ＋ 工 ＋ 一 ＋ 折	宀	折
窎	宀 ＋ 八 ＋ 鸟	宀	鸟
窑	宀 ＋ 八 ＋ 缶	宀	击
窒	宀 ＋ 八 ＋ 至	宀	至
窕	宀 ＋ 八 ＋ 冫 ＋ 冫 ＋ 儿	宀	儿
窖	宀 ＋ 八 ＋ 告字头 ＋ 口	宀	口
窗	宀 ＋ 八 ＋ 囱	宀	向
窘	宀 ＋ 八 ＋ 争字底 ＋ 撇 ＋ 口	宀	口
窜	宀 ＋ 八 ＋ 口 ＋ 口 ＋ 丨	宀	竖
窝	宀 ＋ 八 ＋ 口 ＋ 冂 ＋ 人	宀	人
窟	宀 ＋ 八 ＋ 尸 ＋ 出	宀	山
窠	宀 ＋ 八 ＋ 日 ＋ 木	宀	木
窣	宀 ＋ 八 ＋ 亠 ＋ 人 ＋ 人 ＋ 十	宀	十
窥	宀 ＋ 八 ＋ 夫 ＋ 见	宀	见
窦	宀 ＋ 八 ＋ 十 ＋ 折 ＋ 冬字底 ＋ 大	宀	大
窨	宀 ＋ 八 ＋ 音	宀	音
窬	宀 ＋ 八 ＋ 俞	宀	俞
窭	宀 ＋ 八 ＋ 米 ＋ 女	宀	女
窳	宀 ＋ 八 ＋ 瓜 ＋ 瓜	宀	爫
窸	宀 ＋ 八 ＋ 釆 ＋ 心	宀	忄
窿	宀 ＋ 八 ＋ 阝 ＋ 夂 ＋ 一 ＋ 丿 ＋ 龶	宀	丰
立	立	立	立
竑	立 ＋ 左字框 ＋ 厶	立	厶
竖	贤字头 ＋ 立	览字头	立
竘	立 ＋ 勹 ＋ 口	立	口
站	立 ＋ 卢字头 ＋ 口	立	口
竞	立 ＋ 口 ＋ 儿	立	儿
竟	音 ＋ 儿	音	儿
章	音 ＋ 十	音	十
竣	立 ＋ 厶 ＋ 八 ＋ 夂	立	又
童	立 ＋ 里	立	里
竦	立 ＋ 束	立	束
竫	立 ＋ ⺈ ＋ 争字底	立	争字底
竭	立 ＋ 日 ＋ 匃	立	匚
端	立 ＋ 山 ＋ 而	立	雨
竹	竹	竹	竹
竺	竹头 ＋ 二	竹	二
竽	竹头 ＋ 于	竹	干
竿	竹头 ＋ 干	竹	干
笃	竹头 ＋ 马	竹	马
笄	竹头 ＋ 一 ＋ 廾	竹	艹
笆	竹头 ＋ 巴	竹	已
笈	竹头 ＋ 及	竹	及
笊	竹头 ＋ 爪	竹	爫
笋	竹头 ＋ 争字底 ＋ 撇	竹	撇
笏	竹头 ＋ 勿	竹	勿
笑	竹头 ＋ 撇 ＋ 大	竹	大
笔	竹头 ＋ 毛	竹	毛
笕	竹头 ＋ 见	竹	见
笙	竹头 ＋ 丿 ＋ 龶	竹	丰
笛	竹头 ＋ 由	竹	田
笞	竹头 ＋ 厶 ＋ 口	竹	口
笠	竹头 ＋ 立	竹	立
笤	竹头 ＋ 刀 ＋ 口	竹	口
笥	竹头 ＋ 折 ＋ 一 ＋ 口	竹	口
符	竹头 ＋ 付	竹	付
笨	竹头 ＋ 木 ＋ 一	竹	横
笪	竹头 ＋ 日 ＋ 一	竹	横
笫	竹头 ＋ 撇 ＋ 折 ＋ 丨 ＋ 丿	竹	撇
第	竹头 ＋ 弟省	竹	弟
笮	竹头 ＋ 卧人 ＋ 卢字头 ＋ 一	竹	横
笯	竹头 ＋ 女 ＋ 又	竹	又
笱	竹头 ＋ 勹 ＋ 口	竹	口
笳	竹头 ＋ 力 ＋ 口	竹	口
笸	竹头 ＋ 匚 ＋ 口	竹	口
笺	竹头 ＋ 戋	竹	戈
笼	竹头 ＋ 龙	竹	龙
笾	竹头 ＋ 力 ＋ 辶	竹	辶
筀	竹头 ＋ 土 ＋ 土	竹	土
筅	竹头 ＋ 告字头 ＋ 儿	竹	儿
筇	竹头 ＋ 工 ＋ 阝	竹	卩
等	竹头 ＋ 土 ＋ 寸	竹	寸
筋	竹头 ＋ 月 ＋ 力	竹	力
筌	竹头 ＋ 全字头 ＋ 王	竹	王
筏	竹头 ＋ 亻 ＋ 戈	竹	戈
筐	竹头 ＋ 匚 ＋ 王	竹	王
筑	竹头 ＋ 工 ＋ 凡	竹	几
筒	竹头 ＋ 冂 ＋ 一 ＋ 口	竹	口
答	竹头 ＋ 全字头 ＋ 一 ＋ 口	竹	口
策	竹头 ＋ 朿	竹	束
筘	竹头 ＋ 扌 ＋ 口	竹	口
筚	竹头 ＋ 比字旁 ＋ 匕 ＋ 十	竹	十
筛	竹头 ＋ 师字旁 ＋ 一 ＋ 巾	竹	巾
筜	竹头 ＋ 尚字头 ＋ 彐	竹	争字底
筝	竹头 ＋ ⺈ ＋ 争字底	竹	争字底
筠	竹头 ＋ 土 ＋ 勹 ＋ 冫	竹	氵
筢	竹头 ＋ 扌 ＋ 巴	竹	已
筤	竹头 ＋ 丶 ＋ 艮	竹	艮
筥	竹头 ＋ 口 ＋ 口	竹	口
筦	竹头 ＋ 宀 ＋ 一 ＋ 兀	竹	儿
筮	竹头 ＋ 工 ＋ 人 ＋ 人	竹	人
筱	竹头 ＋ 亻 ＋ 丨 ＋ 攵	竹	又
筲	竹头 ＋ 尚字头 ＋ 青字底	竹	月
筵	竹头 ＋ 撇 ＋ 卢字头 ＋ 折 ＋ 廴	竹	辶
筶	竹头 ＋ 告字头 ＋ 口	竹	口
筷	竹头 ＋ 忄 ＋ 折 ＋ 大	竹	大
筹	竹头 ＋ 三 ＋ 丿 ＋ 寸	竹	寸
筻	竹头 ＋ 一 ＋ 日 ＋ 㐅	竹	交
筼	竹头 ＋ 口 ＋ 贝	竹	见
签	竹头 ＋ 佥	竹	佥
简	竹头 ＋ 门 ＋ 日	竹	日
箅	竹头 ＋ 田 ＋ 丌	竹	儿
箍	竹头 ＋ 扌 ＋ 匚 ＋ 巾	竹	巾
箐	竹头 ＋ 龶 ＋ 青字底	竹	月
箓	竹头 ＋ 录字头 ＋ 氺	竹	氵
箔	竹头 ＋ 氵 ＋ 白	竹	白
箕	竹头 ＋ 其字头 ＋ 八	竹	八
箖	竹头 ＋ 木 ＋ 木	竹	木
算	竹头 ＋ 目 ＋ 廾	竹	艹
箜	竹头 ＋ 宀 ＋ 八 ＋ 工	竹	工
管	竹头 ＋ 宀 ＋ 官字底	竹	追字心
箢	竹头 ＋ 宀 ＋ 夕 ＋ 㔾	竹	已
箦	竹头 ＋ 龶 ＋ 贝	竹	见
箧	竹头 ＋ 匚 ＋ 一 ＋ 丷 ＋ 大	竹	大
箨	竹头 ＋ 扌 ＋ 又 ＋ 举字底	竹	扌
箩	竹头 ＋ 罒 ＋ 夕	竹	夕
箪	竹头 ＋ 单	竹	单
箫	竹头 ＋ 肀 ＋ 乔字底 ＋ 八	竹	八
箬	竹头 ＋ 艹 ＋ 左字框 ＋ 口	竹	口
箭	竹头 ＋ 丷 ＋ 一 ＋ 青字底 ＋ 刂	竹	刀
箱	竹头 ＋ 木 ＋ 目	竹	日
箴	竹头 ＋ 戊 ＋ 一 ＋ 口	竹	口
箸	竹头 ＋ 耂 ＋ 日	竹	日
篁	竹头 ＋ 白 ＋ 王	竹	王
篆	竹头 ＋ 互中间 ＋ 豕	竹	豕
篇	竹头 ＋ 户 ＋ 冂 ＋ 艹	竹	艹
篌	竹头 ＋ 亻 ＋ 折 ＋ 一 ＋ 矢	竹	矢
篑	竹头 ＋ 贵字头 ＋ 贝	竹	见
篓	竹头 ＋ 米 ＋ 女	竹	女
篙	竹头 ＋ 享字头 ＋ 冂 ＋ 口	竹	口
篚	竹头 ＋ 匚 ＋ 非	竹	片
篝	竹头 ＋ 冓头 ＋ 冂 ＋ 土	竹	土
篡	竹头 ＋ 目 ＋ 大 ＋ 厶	竹	厶
篥	竹头 ＋ 覀 ＋ 木	竹	木
篦	竹头 ＋ 囟 ＋ 比字旁 ＋ 匕	竹	匕
篪	竹头 ＋ 反字框 ＋ 卜 ＋ 厂 ＋ 匕 ＋ 几	竹	几
篮	竹头 ＋ 览字头 ＋ 皿	竹	皿
篯	竹头 ＋ 钅 ＋ 戋	竹	戈
篱	竹头 ＋ 亠 ＋ 㐅 ＋ 凵 ＋ 禸	竹	禸
篷	竹头 ＋ 夂 ＋ 丰 ＋ 辶	竹	辶
篼	竹头 ＋ 白 ＋ 撇 ＋ 折 ＋ 折 ＋ 一 ＋ 儿	竹	儿
篾	竹头 ＋ 罒 ＋ 厂 ＋ 丶 ＋ 折 ＋ 撇 ＋ 丶	竹	点
簃	竹头 ＋ 禾 ＋ 夕 ＋ 夕	竹	夕
簇	竹头 ＋ 方 ＋ 卧人 ＋ 矢	竹	矢
簉	竹头 ＋ 告字头 ＋ 口 ＋ 辶	竹	辶
簋	竹头 ＋ 艮 ＋ 皿	竹	皿
簌	竹头 ＋ 束 ＋ ⺈ ＋ 人	竹	人
簏	竹头 ＋ 鹿	竹	鹿
簕	竹头 ＋ 革 ＋ 力	竹	力
簖	竹头 ＋ 米 ＋ 折 ＋ 斤	竹	斤
簝	竹头 ＋ 大 ＋ 丷 ＋ 日 ＋ 小	竹	小
簟	竹头 ＋ 覀 ＋ 日 ＋ 十	竹	十
簠	竹头 ＋ 甫 ＋ 皿	竹	皿
簧	竹头 ＋ 龷 ＋ 由 ＋ 八	竹	八
簪	竹头 ＋ 一 ＋ 折 ＋ 儿 ＋ 一 ＋ 折 ＋ 儿 ＋ 日	竹	日
簰	竹头 ＋ 片 ＋ 白 ＋ 丿 ＋ 十	竹	十
簸	竹头 ＋ 其字头 ＋ 八 ＋ 皮	竹	皮
簿	竹头 ＋ 氵 ＋ 甫 ＋ 寸	竹	寸
籀	竹头 ＋ 扌 ＋ 留字头 ＋ 田	竹	田
籁	竹头 ＋ 束 ＋ ⺈ ＋ 贝	竹	见
籍	竹头 ＋ 耒 ＋ 龷 ＋ 日	竹	日
籥	竹头 ＋ 全字头 ＋ 一 ＋ 口 ＋ 口 ＋ 口 ＋ 冂 ＋ 艹	竹	艹
米	米	米	米
籴	入 ＋ 米	人	米
类	米 ＋ 大	米	大
籼	米 ＋ 山	米	山
籽	米 ＋ 子	米	子
粉	米 ＋ 八 ＋ 刀	米	刀
粑	米 ＋ 巴	米	已
粒	米 ＋ 立	米	立
粕	米 ＋ 白	米	白
粗	米 ＋ 且	米	且
粘	米 ＋ 卢字头 ＋ 口	米	口
粜	出 ＋ 米	山	米
粝	米 ＋ 厉	米	厉
粞	米 ＋ 西	米	西
粟	覀 ＋ 米	西	米
粢	冫 ＋ ⺈ ＋ 人 ＋ 米	氵	米
粤	囱字框 ＋ 米 ＋ 一 ＋ 折	向	折
粥	弓 ＋ 米 ＋ 弓	折	折
粪	米 ＋ 龷 ＋ 八	米	八
粮	米 ＋ 丶 ＋ 艮	米	艮
粱	氵 ＋ 刀 ＋ 丶 ＋ 丶 ＋ 米	氵	米
粲	餐字头 ＋ 米	夕	米
粳	米 ＋ 一 ＋ 日 ＋ 㐅	米	交
粹	米 ＋ 亠 ＋ 人 ＋ 人 ＋ 十	米	十
粼	米 ＋ 夕 ＋ 降下角 ＋ 折 ＋ 折	米	折
粽	米 ＋ 宀 ＋ 示	米	示
精	米 ＋ 龶 ＋ 青字底	米	月
粿	米 ＋ 日 ＋ 木	米	木
糁	米 ＋ 厶 ＋ 大 ＋ 彡	米	彡
糅	米 ＋ 予 ＋ 丿 ＋ 木	米	木
糇	米 ＋ 亻 ＋ 折 ＋ 一 ＋ 矢	米	矢
糈	米 ＋ 疋 ＋ 青字底	米	月
糊	米 ＋ 古 ＋ 月	米	月
糌	米 ＋ 夂 ＋ 卜 ＋ 日	米	日
糍	米 ＋ 丷 ＋ 一 ＋ 幺 ＋ 幺	米	纟
糒	米 ＋ 龷 ＋ 丿 ＋ 冂 ＋ 举字底	米	扌
糕	米 ＋ 美字头 ＋ 灬	米	火
糖	米 ＋ 广 ＋ 肀 ＋ 口	米	口
糗	米 ＋ 自 ＋ 犬	米	大
糙	米 ＋ 告字头 ＋ 口 ＋ 辶	米	辶
糜	广 ＋ 木 ＋ 木 ＋ 米	广	米
糟	米 ＋ 一 ＋ 囗 ＋ 艹 ＋ 日	米	日
糠	米 ＋ 广 ＋ 折 ＋ 二 ＋ 氺	米	氵
糨	米 ＋ 弓 ＋ 口 ＋ 虫	米	虫
糯	米 ＋ 雨头 ＋ 而	米	雨
糵	艹 ＋ 追字心 ＋ 辛 ＋ 米	艹	米
系	撇 ＋ 糸	撇	纟
紊	文 ＋ 糸	文	纟
素	龶 ＋ 糸	丰	纟
索	十 ＋ 冖 ＋ 糸	十	纟
紧	贤字头 ＋ 糸	览字头	纟
紫	止 ＋ 匕 ＋ 糸	止	纟
累	田 ＋ 糸	田	纟
絜	丰 ＋ 刀 ＋ 糸	丰	纟
絮	女 ＋ 口 ＋ 糸	女	纟
絷	扌 ＋ 丸 ＋ 糸	扌	纟
綦	其字头 ＋ 八 ＋ 糸	廿	纟
綮	户 ＋ 攵 ＋ 糸	尸	纟
縠	士 ＋ 冖 ＋ 一 ＋ 糸 ＋ 殳	土	殳
縢	月 ＋ 龹 ＋ 糸	月	纟
縻	广 ＋ 木 ＋ 木 ＋ 糸	广	纟
繁	卧人 ＋ 母 ＋ 攵 ＋ 糸	卧人	纟
繄	匚 ＋ 矢 ＋ 殳 ＋ 糸	匚	纟
繇	爫 ＋ 缶 ＋ 撇 ＋ 糸	爫	纟
纂	竹头 ＋ 目 ＋ 大 ＋ 糸	竹	纟
纛	龶 ＋ 母 ＋ 具字头 ＋ 小 ＋ 撇 ＋ 糸	丰	纟
纠	纟 ＋ 折 ＋ 丨	纟	竖
纡	纟 ＋ 于	纟	干
红	纟 ＋ 工	纟	工
纣	纟 ＋ 寸	纟	寸
纤	纟 ＋ 千	纟	干
纥	纟 ＋ 卧人 ＋ 乙	纟	乙
约	纟 ＋ 勹 ＋ 丶	纟	点
级	纟 ＋ 及	纟	及
纨	纟 ＋ 丸	纟	九
纩	纟 ＋ 广	纟	广
纪	纟 ＋ 己	纟	已
纫	纟 ＋ 刀 ＋ 丶	纟	点
纬	纟 ＋ 韦	纟	韦
纭	纟 ＋ 二 ＋ 厶	纟	厶
纮	纟 ＋ 左字框 ＋ 厶	纟	厶
纯	纟 ＋ 一 ＋ 凵 ＋ 折	纟	折
纰	纟 ＋ 比字旁 ＋ 匕	纟	匕
纱	纟 ＋ 少三 ＋ 丿	纟	撇
纲	纟 ＋ 冂 ＋ 㐅	纟	交
纳	纟 ＋ 冂 ＋ 人	纟	人
纴	纟 ＋ 壬	纟	土
纵	纟 ＋ 人 ＋ 人	纟	人
纶	纟 ＋ 全字头 ＋ 匕	纟	匕
纷	纟 ＋ 八 ＋ 刀	纟	刀
纸	纟 ＋ 氏	纟	氏
纹	纟 ＋ 文	纟	文
纺	纟 ＋ 方	纟	方
纻	纟 ＋ 宀 ＋ 一	纟	横
纼	纟 ＋ 弓 ＋ 丨	纟	竖
纽	纟 ＋ 折 ＋ 土	纟	土
纾	纟 ＋ 予	纟	予
线	纟 ＋ 戋	纟	戈
绀	纟 ＋ 甘	纟	廿
绁	纟 ＋ 廿 ＋ 折	纟	折
绂	纟 ＋ 左字框 ＋ 又 ＋ 丶	纟	点
练	纟 ＋ 拣字边	纟	车
组	纟 ＋ 且	纟	且
绅	纟 ＋ 申	纟	田
细	纟 ＋ 田	纟	田
织	纟 ＋ 口 ＋ 八	纟	八
终	纟 ＋ 夂 ＋ 冬字底	纟	点
绉	纟 ＋ 刍	纟	刍
绊	纟 ＋ 丷 ＋ 举字底	纟	扌
绋	纟 ＋ 弗	纟	弗
绌	纟 ＋ 出	纟	山
绍	纟 ＋ 刀 ＋ 口	纟	口
绎	纟 ＋ 又 ＋ 举字底	纟	扌
经	纟 ＋ 轻字边	纟	工
绐	纟 ＋ 厶 ＋ 口	纟	口
绑	纟 ＋ 三 ＋ 丿 ＋ 阝	纟	卩
绒	纟 ＋ 戈 ＋ 左字框	纟	十
结	纟 ＋ 士 ＋ 口	纟	口
绔	纟 ＋ 大 ＋ 二 ＋ 折	纟	折
绕	纟 ＋ 尧	纟	尧
绖	纟 ＋ 至	纟	至
绗	纟 ＋ 行	纟	行
绘	纟 ＋ 全字头 ＋ 二 ＋ 厶	纟	厶
给	纟 ＋ 全字头 ＋ 一 ＋ 口	纟	口
绚	纟 ＋ 勹 ＋ 日	纟	日
绛	纟 ＋ 夂 ＋ 降下角	纟	降下角
络	纟 ＋ 各	纟	又
绝	纟 ＋ ⺈ ＋ 巴	纟	已
绞	纟 ＋ 交	纟	交
统	纟 ＋ 亠 ＋ 厶 ＋ 儿	纟	儿
绠	纟 ＋ 一 ＋ 日 ＋ 㐅	纟	交
绡	纟 ＋ 尚字头 ＋ 青字底	纟	月
绢	纟 ＋ 口 ＋ 青字底	纟	月
绣	纟 ＋ 禾 ＋ 乃	纟	乃
绤	纟 ＋ 八 ＋ 全字头 ＋ 口	纟	口
绥	纟 ＋ 爫 ＋ 女	纟	女
绦	纟 ＋ 夂 ＋ 一 ＋ 小	纟	小
继	纟 ＋ 米 ＋ 折	纟	折
绨	纟 ＋ 弟	纟	弟
绩	纟 ＋ 龶 ＋ 贝	纟	见
绪	纟 ＋ 耂 ＋ 日	纟	日
绫	纟 ＋ 土 ＋ 八 ＋ 夂	纟	又
续	纟 ＋ 十 ＋ 折 ＋ 冬字底 ＋ 大	纟	大
绮	纟 ＋ 大 ＋ 可	纟	寸
绯	纟 ＋ 非	纟	片
绰	纟 ＋ 卢字头 ＋ 日 ＋ 十	纟	十
绱	纟 ＋ 尚字头 ＋ 冖 ＋ 口	纟	口
绲	纟 ＋ 日 ＋ 比字旁 ＋ 匕	纟	匕
绳	纟 ＋ 口 ＋ 电	纟	田
维	纟 ＋ 隹	纟	隹
绵	纟 ＋ 白 ＋ 巾	纟	巾
绶	纟 ＋ 爫 ＋ 冖 ＋ 又	纟	又
绷	纟 ＋ 月 ＋ 月	纟	月
绸	纟 ＋ 周字框 ＋ 土 ＋ 口	纟	口
绹	纟 ＋ 勹 ＋ 缶	纟	击
绺	纟 ＋ 夂 ＋ 卜 ＋ 口	纟	口
绻	纟 ＋ 龹 ＋ 㔾	纟	已
综	纟 ＋ 宀 ＋ 示	纟	示
绽	纟 ＋ 宀 ＋ 定字底	纟	定字底
绾	纟 ＋ 宀 ＋ 官字底	纟	追字心
绿	纟 ＋ 录字头 ＋ 氺	纟	氵
缀	纟 ＋ 又 ＋ 又 ＋ 又 ＋ 又	纟	又
缁	纟 ＋ 巛 ＋ 田	纟	田
缂	纟 ＋ 革	纟	廿
缃	纟 ＋ 木 ＋ 目	纟	日
缄	纟 ＋ 戊 ＋ 一 ＋ 口	纟	口
缅	纟 ＋ 面	纟	雨
缆	纟 ＋ 览字头 ＋ 见	纟	见
缇	纟 ＋ 日 ＋ 定字底	纟	定字底
缈	纟 ＋ 目 ＋ 少三 ＋ 丿	纟	撇
缉	纟 ＋ 口 ＋ 耳	纟	耳
缊	纟 ＋ 日 ＋ 皿	纟	皿
缌	纟 ＋ 田 ＋ 心	纟	忄
缎	纟 ＋ 撇 ＋ 卢字头 ＋ 二 ＋ 殳	纟	殳
缐	纟 ＋ 白 ＋ 水	纟	氵
缑	纟 ＋ 亻 ＋ 折 ＋ 一 ＋ 矢	纟	矢
缒	纟 ＋ 追字心 ＋ 辶	纟	辶
缓	纟 ＋ 爫 ＋ 一 ＋ 左字框 ＋ 又	纟	又
缔	纟 ＋ 帝字头 ＋ 巾	纟	巾
缕	纟 ＋ 米 ＋ 女	纟	女
编	纟 ＋ 户 ＋ 冂 ＋ 艹	纟	艹
缗	纟 ＋ 民 ＋ 日	纟	日
缘	纟 ＋ 互中间 ＋ 豕	纟	豕
缙	纟 ＋ 亚 ＋ 日	纟	日
缚	纟 ＋ 甫 ＋ 寸	纟	寸
缛	纟 ＋ 厂 ＋ 一 ＋ 畏字底带横 ＋ 寸	纟	寸
缜	纟 ＋ 十 ＋ 具字头 ＋ 八	纟	八
缝	纟 ＋ 夂 ＋ 丰 ＋ 辶	纟	辶
缞	纟 ＋ 衣 ＋ 口 ＋ 横	纟	横
缟	纟 ＋ 享字头 ＋ 冂 ＋ 口	纟	口
缠	纟 ＋ 广 ＋ 里	纟	里
缡	纟 ＋ 亠 ＋ 㐅 ＋ 凵 ＋ 禸	纟	禸
缢	纟 ＋ 丷 ＋ 一 ＋ 八 ＋ 皿	纟	皿
缣	纟 ＋ 兼	纟	兼
缤	纟 ＋ 宀 ＋ 撇 ＋ 卢字头 ＋ 丨 ＋ 一 ＋ 八	纟	八
缥	纟 ＋ 覀 ＋ 示	纟	示
缦	纟 ＋ 日 ＋ 罒 ＋ 又	纟	又
缧	纟 ＋ 田 ＋ 糸	纟	纟
缨	纟 ＋ 贝 ＋ 贝 ＋ 女	纟	女
缩	纟 ＋ 宀 ＋ 亻 ＋ 一 ＋ 白	纟	白
缪	纟 ＋ 习 ＋ 习 ＋ 全字头 ＋ 彡	纟	彡
缫	纟 ＋ 巛 ＋ 日 ＋ 木	纟	木
缬	纟 ＋ 士 ＋ 口 ＋ 页	纟	见
缭	纟 ＋ 大 ＋ 丷 ＋ 日 ＋ 小	纟	小
缮	纟 ＋ 羊 ＋ 丷 ＋ 一 ＋ 口	纟	口
缯	纟 ＋ 丷 ＋ 囗 ＋ 尚字头 ＋ 日	纟	日
缰	纟 ＋ 一 ＋ 田 ＋ 一 ＋ 田 ＋ 一	纟	横
缱	纟 ＋ 贵字头 ＋ 官字底 ＋ 辶	纟	辶
缲	纟 ＋ 口 ＋ 口 ＋ 口 ＋ 木	纟	木
缳	纟 ＋ 罒 ＋ 一 ＋ 口 ＋ 衣省	纟	衣
缴	纟 ＋ 白 ＋ 方 ＋ 攵	纟	又
缵	纟 ＋ 告字头 ＋ 儿 ＋ 告字头 ＋ 儿 ＋ 贝	纟	见
缶	缶	击	击
缸	缶 ＋ 工	击	工
缺	缶 ＋ 折 ＋ 大	击	大
罂	贝 ＋ 贝 ＋ 缶	见	击
罄	士 ＋ 尸 ＋ 丨 ＋ 殳 ＋ 缶	土	击
罅	缶 ＋ 卜 ＋ 厂 ＋ 匕 ＋ 撇 ＋ 丷 ＋ 一 ＋ 竖	击	竖
罍	田 ＋ 田 ＋ 田 ＋ 缶	田	击
罐	缶 ＋ 艹 ＋ 口 ＋ 口 ＋ 隹	击	隹
网	冂 ＋ 㐅 ＋ 㐅	匚	交
罔	冂 ＋ 丷 ＋ 一 ＋ 亠 ＋ 折	匚	折
罕	冖 ＋ 八 ＋ 干	宀	干
罗	罒 ＋ 夕	皿	夕
罘	罒 ＋ 一 ＋ 亻 ＋ 点	皿	点
罚	罒 ＋ 讠 ＋ 刂	皿	刀
罟	罒 ＋ 古	皿	古
罡	罒 ＋ 一 ＋ 止	皿	止
罢	罒 ＋ 土 ＋ 厶	皿	厶
罨	罒 ＋ 大 ＋ 电	皿	田
罩	罒 ＋ 卢字头 ＋ 日 ＋ 十	皿	十
罪	罒 ＋ 非	皿	片
置	罒 ＋ 十 ＋ 具字头	皿	且
罱	罒 ＋ 十 ＋ 冂 ＋ 南字心	皿	南字心
署	署	皿	皿
罴	罒 ＋ 土 ＋ 厶 ＋ 灬	皿	火
罶	罒 ＋ 留字头 ＋ 田	皿	田
罹	罒 ＋ 忄 ＋ 隹	皿	隹
罽	罒 ＋ 厂 ＋ 火 ＋ 火 ＋ 刂	皿	刀
罾	罒 ＋ 丷 ＋ 囗 ＋ 尚字头 ＋ 日	皿	日
羁	罒 ＋ 革 ＋ 马	皿	马
羊	羊	羊	羊
羌	差字头 ＋ 折	美字头	折
美	美字头 ＋ 大	美字头	大
羑	美字头 ＋ 久	美字头	又
羓	差字头 ＋ 巴	美字头	已
羔	美字头 ＋ 灬	美字头	火
羕	美字头 ＋ 永	美字头	永
羖	差字头 ＋ 殳	美字头	殳
羚	差字头 ＋ 令	美字头	今
羝	差字头 ＋ 氐	美字头	氏
羞	差字头 ＋ 折 ＋ 土	美字头	土
羟	差字头 ＋ 轻字边	美字头	工
羡	美字头 ＋ 冫 ＋ ⺈ ＋ 人	美字头	人
群	争字底 ＋ 撇 ＋ 口 ＋ 羊	争字底	羊
羧	差字头 ＋ 厶 ＋ 八 ＋ 夂	美字头	又
羯	差字头 ＋ 日 ＋ 匃	美字头	匚
羰	差字头 ＋ 山 ＋ 左字框 ＋ 火	美字头	火
羱	差字头 ＋ 厂 ＋ 白 ＋ 小	美字头	小
羲	美字头 ＋ 禾 ＋ 戈 ＋ 横 ＋ 折	美字头	折
羸	赢字架 ＋ 羊	赢字架	羊
羹	美字头 ＋ 灬 ＋ 美字头 ＋ 大	美字头	大
羼	尸 ＋ 羊 ＋ 差字头 ＋ 羊	尸	羊
羽	习 ＋ 习	习	习
羿	习 ＋ 习 ＋ 廾	习	艹
翀	习 ＋ 习 ＋ 口 ＋ 竖	习	竖
翁	八 ＋ 厶 ＋ 习 ＋ 习	八	习
翂	习 ＋ 习 ＋ 八 ＋ 刀	习	刀
翃	左字框 ＋ 厶 ＋ 习 ＋ 习	十	习
翅	十 ＋ 又 ＋ 习 ＋ 习	十	习
翈	甲 ＋ 习 ＋ 习	田	习
翊	立 ＋ 习 ＋ 习	立	习
翌	习 ＋ 习 ＋ 立	习	立
翎	令 ＋ 习 ＋ 习	今	习
翔	差字头 ＋ 习 ＋ 习	美字头	习
翕	全字头 ＋ 一 ＋ 口 ＋ 习 ＋ 习	人	习
翘	尧 ＋ 习 ＋ 习	尧	习
翙	山 ＋ 夕 ＋ 习 ＋ 习	山	习
翚	习 ＋ 习 ＋ 冖 ＋ 车	习	车
翛	亻 ＋ 丨 ＋ 夂 ＋ 习 ＋ 习	亻	习
翟	习 ＋ 习 ＋ 隹	习	隹
翠	习 ＋ 习 ＋ 亠 ＋ 人 ＋ 人 ＋ 十	习	十
翡	非 ＋ 习 ＋ 习	片	习
翥	耂 ＋ 日 ＋ 习 ＋ 习	耂	习
翦	丷 ＋ 一 ＋ 青字底 ＋ 刂 ＋ 习 ＋ 习	八	习
翩	户 ＋ 冂 ＋ 艹 ＋ 习 ＋ 习	尸	习
翮	鬲 ＋ 习 ＋ 习	鬲	习
翯	习 ＋ 习 ＋ 享字头 ＋ 冂 ＋ 口	习	口
翰	十 ＋ 日 ＋ 十 ＋ 全字头 ＋ 习 ＋ 习	十	习
翱	白 ＋ 大 ＋ 十 ＋ 习 ＋ 习	白	习
翳	匚 ＋ 矢 ＋ 殳 ＋ 习 ＋ 习	匚	习
翷	米 ＋ 夕 ＋ 降下角 ＋ 习 ＋ 习	米	习
翻	釆 ＋ 田 ＋ 习 ＋ 习	爫	习
翼	习 ＋ 习 ＋ 田 ＋ 龷 ＋ 八	习	八
翾	罒 ＋ 一 ＋ 口 ＋ 衣省 ＋ 习 ＋ 习	皿	习
耀	尚字头 ＋ 兀 ＋ 习 ＋ 习 ＋ 隹	小	隹
老	耂 ＋ 匕	耂	匕
考	耂 ＋ 一 ＋ 折	耂	折
耄	耂 ＋ 匕 ＋ 毛	耂	毛
者	耂 ＋ 日	耂	日
耆	耂 ＋ 匕 ＋ 日	耂	日
耇	耂 ＋ 勹 ＋ 口	耂	口
耋	耂 ＋ 匕 ＋ 至	耂	至
而	而	雨	雨
耍	而 ＋ 女	雨	女
耏	而 ＋ 彡	雨	彡
耐	而 ＋ 寸	雨	寸
耑	山 ＋ 而	山	雨
耒	耒	耒	耒
耔	耒 ＋ 子	耒	子
耕	耒 ＋ 井	耒	井
耖	耒 ＋ 少三 ＋ 丿	耒	撇
耗	耒 ＋ 毛	耒	毛
耘	耒 ＋ 二 ＋ 厶	耒	厶
耙	耒 ＋ 巴	耒	已
耜	耒 ＋ 官字底	耒	追字心
耠	耒 ＋ 全字头 ＋ 一 ＋ 口	耒	口
耢	耒 ＋ 艹 ＋ 冖 ＋ 力	耒	力
耤	耒 ＋ 龷 ＋ 日	耒	日
耥	耒 ＋ 尚字头 ＋ 冖 ＋ 口	耒	口
耦	耒 ＋ 日 ＋ 禺字底	耒	禸
耧	耒 ＋ 米 ＋ 女	耒	女
耨	耒 ＋ 厂 ＋ 一 ＋ 畏字底带横 ＋ 寸	耒	寸
耩	耒 ＋ 冓头 ＋ 冂 ＋ 土	耒	土
耪	耒 ＋ 帝字头 ＋ 方	耒	方
耰	耒 ＋ 一 ＋ 丿 ＋ 见二 ＋ 二 ＋ 冖 ＋ 心 ＋ 夂	耒	又
耱	耒 ＋ 广 ＋ 木 ＋ 木 ＋ 石	耒	石
耳	耳	耳	耳
耵	耳 ＋ 丁	耳	寸
耶	耳 ＋ 阝	耳	卩
耷	大 ＋ 耳	大	耳
耸	人 ＋ 人 ＋ 耳	人	耳
耻	耳 ＋ 止	耳	止
耽	耳 ＋ 冖 ＋ 儿	耳	儿
耿	耳 ＋ 火	耳	火
聂	耳 ＋ 又 ＋ 又	耳	又
聃	耳 ＋ 冂 ＋ 土	耳	土
聆	耳 ＋ 令	耳	今
聊	耳 ＋ 卯	耳	卵
聋	龙 ＋ 耳	龙	耳
职	耳 ＋ 口 ＋ 八	耳	八
聍	耳 ＋ 宀 ＋ 丁	耳	寸
聒	耳 ＋ 千 ＋ 口	耳	口
联	耳 ＋ 丷 ＋ 天	耳	大
聘	耳 ＋ 由 ＋ 一 ＋ 折	耳	折
聚	耳 ＋ 又 ＋ 撇 ＋ 丨 ＋ 撇 ＋ 撇 ＋ 撇 ＋ 丶	耳	点
聩	耳 ＋ 贵字头 ＋ 贝	耳	见
聪	耳 ＋ 丷 ＋ 口 ＋ 心	耳	忄
聱	龶 ＋ 折 ＋ 丿 ＋ 攵 ＋ 耳	丰	耳
聿	聿	争字底	争字底
肃	肀 ＋ 乔字底 ＋ 八	争字底	八
肄	肄字旁 ＋ 聿	匕	争字底
肆	一 ＋ 卢字头 ＋ 二 ＋ 厶 ＋ 聿	横	争字底
肇	户 ＋ 攵 ＋ 聿	尸	争字底
肉	冂 ＋ 人 ＋ 人	匚	人
肋	月 ＋ 力	月	力
肌	月 ＋ 几	月	几
肓	亠 ＋ 折 ＋ 青字底	亠	月
肖	尚字头 ＋ 青字底	小	月
肘	月 ＋ 寸	月	寸
肚	月 ＋ 土	月	土
肛	月 ＋ 工	月	工
肝	月 ＋ 干	月	干
肟	月 ＋ 二 ＋ 折	月	折
肠	月 ＋ 杨字边	月	勿
股	月 ＋ 殳	月	殳
肢	月 ＋ 十 ＋ 又	月	又
肤	月 ＋ 夫	月	大
肥	月 ＋ 巴	月	已
肩	户 ＋ 青字底	尸	月
肪	月 ＋ 方	月	方
肫	月 ＋ 一 ＋ 凵 ＋ 折	月	折
肭	月 ＋ 冂 ＋ 人	月	人
肮	月 ＋ 亠 ＋ 几	月	几
肯	止 ＋ 青字底	止	月
肱	月 ＋ 左字框 ＋ 厶	月	厶
育	亠 ＋ 厶 ＋ 青字底	亠	月
肴	㐅 ＋ 左字框 ＋ 青字底	交	月
肷	月 ＋ ⺈ ＋ 人	月	人
肸	月 ＋ 八 ＋ 十	月	十
肺	月 ＋ 一 ＋ 巾	月	巾
肼	月 ＋ 井	月	井
肽	月 ＋ 太	月	大
肾	贤字头 ＋ 青字底	览字头	月
肿	月 ＋ 口 ＋ 竖	月	竖
胀	月 ＋ 长	月	长
胁	月 ＋ 办	月	力
胂	月 ＋ 申	月	田
胃	田 ＋ 青字底	田	月
胄	由 ＋ 青字底	田	月
胆	月 ＋ 日 ＋ 一	月	横
胈	月 ＋ 左字框 ＋ 又 ＋ 丶	月	点
背	北字旁 ＋ 匕 ＋ 青字底	片	月
胍	月 ＋ 瓜	月	爫
胎	月 ＋ 厶 ＋ 口	月	口
胖	月 ＋ 丷 ＋ 举字底	月	扌
胗	月 ＋ 全字头 ＋ 彡	月	彡
胙	月 ＋ 卧人 ＋ 卢字头 ＋ 一	月	横
胚	月 ＋ 一 ＋ 亻 ＋ 点 ＋ 一	月	横
胛	月 ＋ 甲	月	田
胜	月 ＋ 丿 ＋ 龶	月	丰
胝	月 ＋ 氐	月	氏
胞	月 ＋ 勹 ＋ 巳	月	已
胠	月 ＋ 土 ＋ 厶	月	厶
胡	古 ＋ 月	古	月
胣	月 ＋ 卧人 ＋ 也	月	也
胤	丿 ＋ 幺 ＋ 青字底 ＋ 折	撇	折
胥	疋 ＋ 青字底	定字底	月
胧	月 ＋ 龙	月	龙
胨	月 ＋ 东	月	车
胩	月 ＋ 卢字头 ＋ 一 ＋ 卜	月	卜
胪	月 ＋ 卢字头 ＋ 尸	月	尸
胫	月 ＋ 轻字边	月	工
胬	女 ＋ 又 ＋ 冂 ＋ 人 ＋ 人	女	人
胭	月 ＋ 囗 ＋ 大	月	大
胯	月 ＋ 大 ＋ 二 ＋ 折	月	折
胰	月 ＋ 夷	月	夷
胱	月 ＋ 尚字头 ＋ 兀	月	儿
胲	月 ＋ 亠 ＋ 折 ＋ 丿 ＋ 人	月	人
胳	月 ＋ 各	月	又
胴	月 ＋ 冂 ＋ 一 ＋ 口	月	口
胶	月 ＋ 交	月	交
胸	月 ＋ 勹 ＋ 㐅 ＋ 凵	月	匚
胺	月 ＋ 宀 ＋ 女	月	女
胼	月 ＋ 丷 ＋ 一 ＋ 廾	月	艹
能	厶 ＋ 青字底 ＋ 匕 ＋ 匕	厶	匕
脂	月 ＋ 匕 ＋ 日	月	日
脆	月 ＋ ⺈ ＋ 厂 ＋ 㔾	月	已
脉	月 ＋ 永	月	永
脊	冫 ＋ 撇 ＋ 点 ＋ 人 ＋ 青字底	氵	月
脍	月 ＋ 全字头 ＋ 二 ＋ 厶	月	厶
脎	月 ＋ 㐅 ＋ 一 ＋ 小	月	小
脏	月 ＋ 广 ＋ 土	月	土
脐	月 ＋ 文 ＋ 乔字底	月	竖
脑	月 ＋ 亠 ＋ 㐅 ＋ 凵	月	匚
脒	月 ＋ 米	月	米
脓	月 ＋ 冖 ＋ 衣省	月	衣
脔	变字头 ＋ 冂 ＋ 人 ＋ 人	变字头	人
脖	月 ＋ 十 ＋ 冖 ＋ 子	月	子
脘	月 ＋ 宀 ＋ 一 ＋ 兀	月	儿
脚	月 ＋ 土 ＋ 厶 ＋ 卩	月	卩
脞	月 ＋ 人 ＋ 人 ＋ 土	月	土
脟	月 ＋ 爫 ＋ 寸	月	寸
脩	亻 ＋ 丨 ＋ 夂 ＋ 青字底	亻	月
脬	月 ＋ 爫 ＋ 子	月	子
脯	月 ＋ 甫	月	甫
脱	月 ＋ 丷 ＋ 口 ＋ 儿	月	儿
脲	月 ＋ 尸 ＋ 水	月	氵
脶	月 ＋ 口 ＋ 冂 ＋ 人	月	人
脸	月 ＋ 佥	月	佥
脾	月 ＋ 白 ＋ 丿 ＋ 十	月	十
脿	月 ＋ 龶 ＋ 衣省	月	衣
腆	月 ＋ 见二 ＋ 龷 ＋ 八	月	八
腈	月 ＋ 龶 ＋ 青字底	月	月
腊	月 ＋ 龷 ＋ 日	月	日
腋	月 ＋ 亠 ＋ 亻 ＋ 夜下角	月	夕
腌	月 ＋ 大 ＋ 电	月	田
腐	广 ＋ 付 ＋ 冂 ＋ 人 ＋ 人	广	人
腑	月 ＋ 广 ＋ 付	月	付
腒	月 ＋ 居	月	居
腓	月 ＋ 非	月	片
腔	月 ＋ 宀 ＋ 八 ＋ 工	月	工
腕	月 ＋ 宀 ＋ 夕 ＋ 㔾	月	已
腘	月 ＋ 囗 ＋ 玉	月	王
腙	月 ＋ 宀 ＋ 示	月	示
腚	月 ＋ 宀 ＋ 定字底	月	定字底
腠	月 ＋ 春字头 ＋ 天	月	大
腥	月 ＋ 日 ＋ 丿 ＋ 龶	月	丰
腧	月 ＋ 俞	月	俞
腨	月 ＋ 山 ＋ 而	月	雨
腩	月 ＋ 十 ＋ 冂 ＋ 南字心	月	南字心
腭	月 ＋ 口 ＋ 口 ＋ 二 ＋ 折	月	折
腮	月 ＋ 田 ＋ 心	月	忄
腯	月 ＋ 反字框 ＋ 十 ＋ 目	月	日
腰	月 ＋ 覀 ＋ 女	月	女
腱	月 ＋ 聿 ＋ 廴	月	辶
腴	月 ＋ 臼 ＋ 人	月	人
腹	月 ＋ 卧人 ＋ 日 ＋ 夂	月	又
腺	月 ＋ 白 ＋ 水	月	氵
腻	月 ＋ 弋 ＋ 二 ＋ 贝	月	见
腼	月 ＋ 面	月	雨
腽	月 ＋ 日 ＋ 皿	月	皿
腾	月 ＋ 龹 ＋ 马	月	马
腿	月 ＋ 艮 ＋ 辶	月	辶
膀	月 ＋ 帝字头 ＋ 方	月	方
膂	方 ＋ 卧人 ＋ 旅下角 ＋ 青字底	方	月
膈	月 ＋ 鬲	月	鬲
膊	月 ＋ 甫 ＋ 寸	月	寸
膏	享字头 ＋ 冂 ＋ 口 ＋ 青字底	享字头	月
膑	月 ＋ 宀 ＋ 撇 ＋ 卢字头 ＋ 丨 ＋ 一 ＋ 八	月	八
膘	月 ＋ 覀 ＋ 示	月	示
膙	月 ＋ 弓 ＋ 口 ＋ 虫	月	虫
膛	月 ＋ 尚头 ＋ 土	月	土
膜	月 ＋ 莫	月	莫
膝	月 ＋ 木 ＋ 全字头 ＋ 氺	月	氵
膦	月 ＋ 米 ＋ 夕 ＋ 降下角	月	降下角
膨	月 ＋ 士 ＋ 口 ＋ 丷 ＋ 一 ＋ 彡	月	彡
膳	月 ＋ 羊 ＋ 丷 ＋ 一 ＋ 口	月	口
膺	广 ＋ 亻 ＋ 隹 ＋ 青字底	广	月
膻	月 ＋ 亠 ＋ 囗 ＋ 口 ＋ 日 ＋ 一	月	横
臀	尸 ＋ 龷 ＋ 八 ＋ 殳 ＋ 青字底	尸	月
臂	尸 ＋ 口 ＋ 辛 ＋ 青字底	尸	月
臃	月 ＋ 亠 ＋ 乡 ＋ 隹	月	隹
臆	月 ＋ 音 ＋ 心	月	忄
臊	月 ＋ 口 ＋ 口 ＋ 口 ＋ 木	月	木
臌	月 ＋ 士 ＋ 口 ＋ 丷 ＋ 一 ＋ 十 ＋ 又	月	又
臑	月 ＋ 雨头 ＋ 而	月	雨
臜	月 ＋ 告字头 ＋ 儿 ＋ 告字头 ＋ 儿 ＋ 贝	月	见
臣	臣	臣	臣
臧	臧字框 ＋ 臣	戈	臣
自	自	白	白
臬	自 ＋ 木	白	木
臭	自 ＋ 犬	白	大
至	至	至	至
致	至 ＋ 攵	至	又
臻	至 ＋ 春字头 ＋ 禾	至	禾
臼	臼	白	白
臾	臼 ＋ 人	白	人
舀	爫 ＋ 臼	爫	白
舁	臼 ＋ 廾	白	艹
舂	春字头 ＋ 臼	美字头	白
舄	臼 ＋ 勹 ＋ 灬	白	火
舅	臼 ＋ 田 ＋ 力	白	力
舆	撇 ＋ 卢字头 ＋ 一 ＋ 车 ＋ 折 ＋ 二 ＋ 一 ＋ 八	撇	八
舌	千 ＋ 口	干	口
舍	全字头 ＋ 干 ＋ 口	人	口
舐	千 ＋ 口 ＋ 氏	干	氏
舒	全字头 ＋ 干 ＋ 口 ＋ 予	人	予
舔	千 ＋ 口 ＋ 天 ＋ 恭字底	干	忄
舛	夕 ＋ 降下角	夕	降下角
舜	爫 ＋ 冖 ＋ 夕 ＋ 降下角	爫	降下角
舞	卧人 ＋ 卌 ＋ 一 ＋ 夕 ＋ 降下角	卧人	降下角
舟	舟	舟	舟
舠	舟 ＋ 刀	舟	刀
舢	舟 ＋ 山	舟	山
舣	舟 ＋ 丶 ＋ 㐅	舟	交
舥	舟 ＋ 巴	舟	已
航	舟 ＋ 亠 ＋ 几	舟	几
舫	舟 ＋ 方	舟	方
般	舟 ＋ 殳	舟	殳
舭	舟 ＋ 比字旁 ＋ 匕	舟	匕
舯	舟 ＋ 口 ＋ 竖	舟	竖
舰	舟 ＋ 见	舟	见
舱	舟 ＋ 全字头 ＋ 㔾	舟	已
舲	舟 ＋ 令	舟	今
舳	舟 ＋ 由	舟	田
舴	舟 ＋ 卧人 ＋ 卢字头 ＋ 一	舟	横
舵	舟 ＋ 宀 ＋ 匕	舟	匕
舶	舟 ＋ 白	舟	白
舷	舟 ＋ 亠 ＋ 幺	舟	纟
舸	舟 ＋ 可	舟	寸
船	舟 ＋ 几 ＋ 口	舟	口
舻	舟 ＋ 卢字头 ＋ 尸	舟	尸
舾	舟 ＋ 西	舟	西
艄	舟 ＋ 尚字头 ＋ 青字底	舟	月
艅	舟 ＋ 全字头 ＋ 于 ＋ 八	舟	八
艇	舟 ＋ 壬 ＋ 廴	舟	辶
艉	舟 ＋ 尸 ＋ 毛	舟	毛
艋	舟 ＋ 子 ＋ 皿	舟	皿
艎	舟 ＋ 白 ＋ 王	舟	王
艏	舟 ＋ 丷 ＋ 一 ＋ 自	舟	白
艘	舟 ＋ 叟字头 ＋ 又	舟	又
艚	舟 ＋ 一 ＋ 囗 ＋ 艹 ＋ 日	舟	日
艟	舟 ＋ 立 ＋ 里	舟	里
艨	舟 ＋ 艹 ＋ 冖 ＋ 一 ＋ 豕	舟	豕
艮	艮	艮	艮
良	丶 ＋ 艮	点	艮
艰	又 ＋ 艮	又	艮
色	⺈ ＋ 巴	刀	已
艳	丰 ＋ ⺈ ＋ 巴	丰	已
艴	弗 ＋ ⺈ ＋ 巴	弗	已
艺	艹 ＋ 乙	艹	乙
艽	艹 ＋ 九	艹	九
艾	艹 ＋ 㐅	艹	交
艿	艹 ＋ 乃	艹	乃
节	艹 ＋ 节字底	艹	卩
芃	艹 ＋ 凡	艹	几
芄	艹 ＋ 丸	艹	九
芈	丨 ＋ 一 ＋ 卢字头 ＋ 举字底	竖	扌
芊	艹 ＋ 千	艹	干
芋	艹 ＋ 于	艹	干
芍	艹 ＋ 勹 ＋ 丶	艹	点
芎	艹 ＋ 弓	艹	折
芏	艹 ＋ 土	艹	土
芑	艹 ＋ 己	艹	已
芒	艹 ＋ 亠 ＋ 折	艹	折
芗	艹 ＋ 乡	艹	纟
芘	艹 ＋ 比字旁 ＋ 匕	艹	匕
芙	艹 ＋ 夫	艹	大
芜	艹 ＋ 无	艹	无
芝	艹 ＋ 之	艹	之
芟	艹 ＋ 殳	艹	殳
芠	艹 ＋ 文	艹	文
芡	艹 ＋ ⺈ ＋ 人	艹	人
芣	艹 ＋ 一 ＋ 亻 ＋ 点	艹	点
芤	艹 ＋ 子 ＋ 折	艹	折
芥	艹 ＋ 全字头 ＋ 乔字底	艹	竖
芦	艹 ＋ 户	艹	尸
芨	艹 ＋ 及	艹	及
芩	艹 ＋ 今	艹	今
芪	艹 ＋ 氏	艹	氏
芫	艹 ＋ 一 ＋ 兀	艹	儿
芬	艹 ＋ 八 ＋ 刀	艹	刀
芭	艹 ＋ 巴	艹	已
芮	艹 ＋ 冂 ＋ 人	艹	人
芯	艹 ＋ 心	艹	忄
芰	艹 ＋ 十 ＋ 又	艹	又
花	艹 ＋ 亻 ＋ 化字边	艹	匕
芳	艹 ＋ 方	艹	方
芴	艹 ＋ 勿	艹	勿
芷	艹 ＋ 止	艹	止
芸	艹 ＋ 二 ＋ 厶	艹	厶
芹	艹 ＋ 斤	艹	斤
芼	艹 ＋ 毛	艹	毛
芽	艹 ＋ 牙	艹	牙
芾	艹 ＋ 一 ＋ 巾	艹	巾
苁	艹 ＋ 人 ＋ 人	艹	人
苄	艹 ＋ 亠 ＋ 卜	艹	卜
苇	艹 ＋ 韦	艹	韦
苈	艹 ＋ 厂 ＋ 力	艹	力
苉	艹 ＋ 匚 ＋ 儿	艹	儿
苊	艹 ＋ 厂 ＋ 㔾	艹	已
苋	艹 ＋ 见	艹	见
苌	艹 ＋ 长	艹	长
苍	艹 ＋ 全字头 ＋ 㔾	艹	已
苎	艹 ＋ 宀 ＋ 一	艹	横
苏	艹 ＋ 办	艹	力
苑	艹 ＋ 夕 ＋ 㔾	艹	已
苒	艹 ＋ 冂 ＋ 土	艹	土
苓	艹 ＋ 令	艹	今
苔	艹 ＋ 厶 ＋ 口	艹	口
苕	艹 ＋ 刀 ＋ 口	艹	口
苗	艹 ＋ 田	艹	田
苘	艹 ＋ 冂 ＋ 口	艹	口
苛	艹 ＋ 可	艹	寸
苜	艹 ＋ 目	艹	日
苞	艹 ＋ 勹 ＋ 巳	艹	已
苟	艹 ＋ 勹 ＋ 口	艹	口
苠	艹 ＋ 民	艹	民
苡	艹 ＋ 以	艹	以
苣	艹 ＋ 巨	艹	匚
苤	艹 ＋ 一 ＋ 亻 ＋ 点 ＋ 一	艹	横
若	艹 ＋ 左字框 ＋ 口	艹	口
苦	艹 ＋ 古	艹	古
苧	艹 ＋ 宀 ＋ 丁	艹	寸
苫	艹 ＋ 卢字头 ＋ 口	艹	口
苯	艹 ＋ 木 ＋ 一	艹	横
英	艹 ＋ 见二 ＋ 大	艹	大
苴	艹 ＋ 且	艹	且
苷	艹 ＋ 甘	艹	廿
苹	艹 ＋ 一 ＋ 丷 ＋ 十	艹	十
苻	艹 ＋ 付	艹	付
苾	艹 ＋ 必	艹	忄
茀	艹 ＋ 弗	艹	弗
茁	艹 ＋ 出	艹	山
茂	艹 ＋ 戊	艹	戈
范	艹 ＋ 氵 ＋ 㔾	艹	已
茄	艹 ＋ 力 ＋ 口	艹	口
茅	艹 ＋ 予 ＋ 丿	艹	撇
茆	艹 ＋ 卯	艹	卵
茈	艹 ＋ 止 ＋ 匕	艹	匕
茉	艹 ＋ 末	艹	未
茋	艹 ＋ 氐	艹	氏
茌	艹 ＋ 亻 ＋ 士	艹	土
茎	艹 ＋ 轻字边	艹	工
茏	艹 ＋ 龙	艹	龙
茑	艹 ＋ 鸟	艹	鸟
茓	艹 ＋ 宀 ＋ 八	艹	八
茔	艹 ＋ 冖 ＋ 土	艹	土
茕	艹 ＋ 冖 ＋ 折 ＋ 十	艹	十
茗	艹 ＋ 夕 ＋ 口	艹	口
茚	艹 ＋ 印	艹	卵
茛	艹 ＋ 艮	艹	艮
茜	艹 ＋ 西	艹	西
茝	艹 ＋ 颐字旁	艹	臣
茧	艹 ＋ 虫	艹	虫
茨	艹 ＋ 冫 ＋ ⺈ ＋ 人	艹	人
茫	艹 ＋ 氵 ＋ 亠 ＋ 折	艹	折
茬	艹 ＋ 在字框 ＋ 土	艹	土
茭	艹 ＋ 交	艹	交
茯	艹 ＋ 亻 ＋ 犬	艹	大
茱	艹 ＋ 朱	艹	未
茳	艹 ＋ 氵 ＋ 工	艹	工
茴	艹 ＋ 囗 ＋ 口	艹	口
茵	艹 ＋ 囗 ＋ 大	艹	大
茶	艹 ＋ 全字头 ＋ 一 ＋ 小	艹	小
茸	艹 ＋ 耳	艹	耳
茹	艹 ＋ 女 ＋ 口	艹	口
茺	艹 ＋ 亠 ＋ 厶 ＋ 儿	艹	儿
茼	艹 ＋ 冂 ＋ 一 ＋ 口	艹	口
茽	艹 ＋ 亻 ＋ 口 ＋ 竖	艹	竖
荀	艹 ＋ 勹 ＋ 日	艹	日
荁	艹 ＋ 一 ＋ 日 ＋ 一	艹	横
荃	艹 ＋ 全字头 ＋ 王	艹	王
荄	艹 ＋ 亠 ＋ 折 ＋ 丿 ＋ 人	艹	人
荆	艹 ＋ 一 ＋ 廾 ＋ 刂	艹	刀
荇	艹 ＋ 行	艹	行
草	艹 ＋ 日 ＋ 十	艹	十
荏	艹 ＋ 亻 ＋ 壬	艹	土
荐	艹 ＋ 在字框 ＋ 子	艹	子
荑	艹 ＋ 夷	艹	夷
荒	艹 ＋ 亠 ＋ 折 ＋ 荒字底	艹	竖
荓	艹 ＋ 丷 ＋ 一 ＋ 廾	艹	艹
荔	艹 ＋ 力 ＋ 力 ＋ 力	艹	力
荖	艹 ＋ 耂 ＋ 匕	艹	匕
荙	艹 ＋ 大 ＋ 辶	艹	辶
荚	艹 ＋ 一 ＋ 丷 ＋ 大	艹	大
荛	艹 ＋ 尧	艹	尧
荜	艹 ＋ 比字旁 ＋ 匕 ＋ 十	艹	十
荞	艹 ＋ 乔	艹	竖
荟	艹 ＋ 全字头 ＋ 二 ＋ 厶	艹	厶
荠	艹 ＋ 文 ＋ 乔字底	艹	竖
荡	艹 ＋ 氵 ＋ 杨字边	艹	勿
荣	艹 ＋ 冖 ＋ 木	艹	木
荤	艹 ＋ 冖 ＋ 车	艹	车
荥	艹 ＋ 冖 ＋ 水	艹	氵
荦	艹 ＋ 冖 ＋ 牛	艹	牛
荧	艹 ＋ 冖 ＋ 火	艹	火
荨	艹 ＋ 彐 ＋ 寸	艹	寸
荩	艹 ＋ 尺 ＋ 冬字底	艹	点
荪	艹 ＋ 子 ＋ 小	艹	小
荫	艹 ＋ 阝 ＋ 月	艹	月
荬	艹 ＋ 折 ＋ 冬字底 ＋ 大	艹	大
荭	艹 ＋ 纟 ＋ 工	艹	工
荮	艹 ＋ 纟 ＋ 寸	艹	寸
药	艹 ＋ 纟 ＋ 勹 ＋ 丶	艹	点
荷	艹 ＋ 亻 ＋ 可	艹	寸
荸	艹 ＋ 十 ＋ 冖 ＋ 子	艹	子
荻	艹 ＋ 犭 ＋ 火	艹	火
荼	艹 ＋ 全字头 ＋ 于 ＋ 八	艹	八
荽	艹 ＋ 爫 ＋ 女	艹	女
莅	艹 ＋ 亻 ＋ 立	艹	立
莆	艹 ＋ 甫	艹	甫
莉	艹 ＋ 利	艹	利
莎	艹 ＋ 氵 ＋ 少三 ＋ 丿	艹	撇
莒	艹 ＋ 口 ＋ 口	艹	口
莓	艹 ＋ 卧人 ＋ 母	艹	母
莘	艹 ＋ 辛	艹	辛
莙	艹 ＋ 争字底 ＋ 撇 ＋ 口	艹	口
莛	艹 ＋ 壬 ＋ 廴	艹	辶
莜	艹 ＋ 亻 ＋ 丨 ＋ 攵	艹	又
莝	艹 ＋ 人 ＋ 人 ＋ 土	艹	土
莞	艹 ＋ 宀 ＋ 一 ＋ 兀	艹	儿
莠	艹 ＋ 禾 ＋ 乃	艹	乃
莨	艹 ＋ 丶 ＋ 艮	艹	艮
莩	艹 ＋ 爫 ＋ 子	艹	子
莪	艹 ＋ 撇 ＋ 横 ＋ 折 ＋ 横 ＋ 戈	艹	戈
莫	莫	莫	莫
莰	艹 ＋ 土 ＋ ⺈ ＋ 人	艹	人
莱	艹 ＋ 来	艹	来
莲	艹 ＋ 车 ＋ 辶	艹	辶
莳	艹 ＋ 日 ＋ 寸	艹	寸
莴	艹 ＋ 口 ＋ 冂 ＋ 人	艹	人
莶	艹 ＋ 佥	艹	佥
获	艹 ＋ 犭 ＋ 犬	艹	大
莸	艹 ＋ 犭 ＋ 尤	艹	龙
莹	艹 ＋ 冖 ＋ 玉	艹	王
莺	艹 ＋ 冖 ＋ 鸟	艹	鸟
莼	艹 ＋ 纟 ＋ 一 ＋ 凵 ＋ 折	艹	折
莽	艹 ＋ 犬 ＋ 廾	艹	艹
莿	艹 ＋ 朿 ＋ 刂	艹	刀
菀	艹 ＋ 宀 ＋ 夕 ＋ 㔾	艹	已
菁	艹 ＋ 龶 ＋ 青字底	艹	月
菂	艹 ＋ 白 ＋ 勹 ＋ 丶	艹	点
菅	艹 ＋ 宀 ＋ 官字底	艹	追字心
菇	艹 ＋ 女 ＋ 古	艹	古
菉	艹 ＋ 录字头 ＋ 氺	艹	氵
菊	艹 ＋ 勹 ＋ 米	艹	米
菌	艹 ＋ 囗 ＋ 禾	艹	禾
菍	艹 ＋ 今 ＋ 心	艹	忄
菏	艹 ＋ 氵 ＋ 可	艹	寸
菔	艹 ＋ 月 ＋ 卩 ＋ 又	艹	又
菖	艹 ＋ 日 ＋ 日	艹	日
菘	艹 ＋ 木 ＋ 八 ＋ 厶	艹	厶
菜	艹 ＋ 采	艹	爫
菝	艹 ＋ 扌 ＋ 左字框 ＋ 又 ＋ 丶	艹	点
菟	艹 ＋ 兔	艹	兔
菠	艹 ＋ 氵 ＋ 皮	艹	皮
菡	艹 ＋ 折 ＋ 氺 ＋ 凵	艹	匚
菥	艹 ＋ 木 ＋ 斤	艹	斤
菩	艹 ＋ 立 ＋ 口	艹	口
菪	艹 ＋ 宀 ＋ 石	艹	石
菰	艹 ＋ 子 ＋ 瓜	艹	爫
菱	艹 ＋ 土 ＋ 八 ＋ 夂	艹	又
菲	艹 ＋ 非	艹	片
菹	艹 ＋ 氵 ＋ 且	艹	且
菼	艹 ＋ 火 ＋ 火	艹	火
菽	艹 ＋ 卜 ＋ 横 ＋ 小 ＋ 又	艹	又
萁	艹 ＋ 其字头 ＋ 八	艹	八
萃	艹 ＋ 亠 ＋ 人 ＋ 人 ＋ 十	艹	十
萄	艹 ＋ 勹 ＋ 缶	艹	击
萆	艹 ＋ 白 ＋ 丿 ＋ 十	艹	十
萋	艹 ＋ 横 ＋ 肀 ＋ 女	艹	女
萌	艹 ＋ 日 ＋ 月	艹	月
萍	艹 ＋ 氵 ＋ 一 ＋ 丷 ＋ 十	艹	十
萎	艹 ＋ 禾 ＋ 女	艹	女
萏	艹 ＋ ⺈ ＋ 臼	艹	白
萑	艹 ＋ 隹	艹	隹
萘	艹 ＋ 大 ＋ 示	艹	示
萚	艹 ＋ 扌 ＋ 又 ＋ 举字底	艹	扌
萜	艹 ＋ 巾 ＋ 卢字头 ＋ 口	艹	口
萝	艹 ＋ 罒 ＋ 夕	艹	夕
萣	艹 ＋ 宀 ＋ 定字底	艹	定字底
萤	艹 ＋ 冖 ＋ 虫	艹	虫
营	艹 ＋ 冖 ＋ 口 ＋ 口	艹	口
萦	艹 ＋ 冖 ＋ 糸	艹	纟
萧	艹 ＋ 肀 ＋ 乔字底 ＋ 八	艹	八
萨	艹 ＋ 阝 ＋ 立 ＋ 丿	艹	撇
萩	艹 ＋ 禾 ＋ 火	艹	火
萱	艹 ＋ 宀 ＋ 一 ＋ 日 ＋ 一	艹	横
萳	艹 ＋ 十 ＋ 冂 ＋ 南字心	艹	南字心
萸	艹 ＋ 臼 ＋ 人	艹	人
萹	艹 ＋ 户 ＋ 冂 ＋ 艹	艹	艹
萼	艹 ＋ 口 ＋ 口 ＋ 二 ＋ 折	艹	折
落	艹 ＋ 氵 ＋ 各	艹	又
葆	艹 ＋ 亻 ＋ 口 ＋ 木	艹	木
葎	艹 ＋ 彳 ＋ 聿	艹	争字底
葑	艹 ＋ 土 ＋ 土 ＋ 寸	艹	寸
葖	艹 ＋ 宀 ＋ 八 ＋ 犬	艹	大
著	艹 ＋ 耂 ＋ 日	艹	日
葙	艹 ＋ 木 ＋ 目	艹	日
葚	艹 ＋ 其字头 ＋ 八 ＋ 折	艹	折
葛	艹 ＋ 日 ＋ 匃	艹	匚
葜	艹 ＋ 丰 ＋ 刀 ＋ 大	艹	大
葡	艹 ＋ 勹 ＋ 甫	艹	甫
董	艹 ＋ 千 ＋ 里	艹	里
葩	艹 ＋ 白 ＋ 巴	艹	已
葫	艹 ＋ 古 ＋ 月	艹	月
葬	艹 ＋ 歹 ＋ 匕 ＋ 廾	艹	艹
葭	艹 ＋ 折 ＋ 一 ＋ 卢字头 ＋ 一 ＋ 折 ＋ 一 ＋ 又	艹	又
葰	艹 ＋ 亻 ＋ 厶 ＋ 八 ＋ 夂	艹	又
葱	艹 ＋ 勿 ＋ 点 ＋ 心	艹	忄
葳	艹 ＋ 戊 ＋ 一 ＋ 女	艹	女
葴	艹 ＋ 戊 ＋ 一 ＋ 口	艹	口
葵	艹 ＋ 登字头 ＋ 天	艹	大
葶	艹 ＋ 享字头 ＋ 冖 ＋ 丁	艹	寸
葸	艹 ＋ 田 ＋ 心	艹	忄
葺	艹 ＋ 口 ＋ 耳	艹	耳
蒂	艹 ＋ 帝字头 ＋ 巾	艹	巾
蒄	艹 ＋ 冖 ＋ 一 ＋ 兀 ＋ 寸	艹	寸
蒇	艹 ＋ 戊 ＋ 贝	艹	见
蒈	艹 ＋ 比字旁 ＋ 匕 ＋ 白	艹	白
蒉	艹 ＋ 贵字头 ＋ 贝	艹	见
蒋	艹 ＋ 丬 ＋ 夕 ＋ 寸	艹	寸
蒌	艹 ＋ 米 ＋ 女	艹	女
蒎	艹 ＋ 氵 ＋ 反字框 ＋ 旅下角	艹	氏
蒐	艹 ＋ 鬼	艹	鬼
蒗	艹 ＋ 氵 ＋ 丶 ＋ 艮	艹	艮
蒙	艹 ＋ 冖 ＋ 一 ＋ 豕	艹	豕
蒜	艹 ＋ 示 ＋ 示	艹	示
蒟	艹 ＋ 立 ＋ 勹 ＋ 口	艹	口
蒡	艹 ＋ 帝字头 ＋ 方	艹	方
蒨	艹 ＋ 亻 ＋ 龶 ＋ 青字底	艹	月
蒯	艹 ＋ 月 ＋ 月 ＋ 刂	艹	刀
蒱	艹 ＋ 扌 ＋ 甫	艹	甫
蒲	艹 ＋ 氵 ＋ 甫	艹	甫
蒴	艹 ＋ 丷 ＋ 一 ＋ 凵 ＋ 丿 ＋ 月	艹	月
蒸	艹 ＋ 折 ＋ 水 ＋ 一 ＋ 灬	艹	火
蒹	艹 ＋ 兼	艹	兼
蒺	艹 ＋ 疒 ＋ 矢	艹	矢
蒻	艹 ＋ 弓 ＋ 冫 ＋ 弓 ＋ 冫	艹	氵
蒽	艹 ＋ 囗 ＋ 大 ＋ 心	艹	忄
蒿	艹 ＋ 享字头 ＋ 冂 ＋ 口	艹	口
蓁	艹 ＋ 春字头 ＋ 禾	艹	禾
蓂	艹 ＋ 冖 ＋ 日 ＋ 亠 ＋ 八	艹	八
蓄	艹 ＋ 亠 ＋ 幺 ＋ 田	艹	田
蓇	艹 ＋ 骨	艹	骨
蓉	艹 ＋ 宀 ＋ 八 ＋ 全字头 ＋ 口	艹	口
蓊	艹 ＋ 八 ＋ 厶 ＋ 习 ＋ 习	艹	习
蓍	艹 ＋ 耂 ＋ 匕 ＋ 日	艹	日
蓏	艹 ＋ 瓜 ＋ 瓜	艹	爫
蓐	艹 ＋ 厂 ＋ 一 ＋ 畏字底带横 ＋ 寸	艹	寸
蓑	艹 ＋ 衣 ＋ 口 ＋ 横	艹	横
蓓	艹 ＋ 亻 ＋ 立 ＋ 口	艹	口
蓖	艹 ＋ 囟 ＋ 比字旁 ＋ 匕	艹	匕
蓝	艹 ＋ 览字头 ＋ 皿	艹	皿
蓟	艹 ＋ 鱼 ＋ 刂	艹	刀
蓠	艹 ＋ 亠 ＋ 㐅 ＋ 凵 ＋ 禸	艹	禸
蓢	艹 ＋ 丶 ＋ 即字旁 ＋ 月	艹	月
蓣	艹 ＋ 予 ＋ 页	艹	见
蓥	艹 ＋ 冖 ＋ 金	艹	钅
蓦	莫 ＋ 马	莫	马
蓬	艹 ＋ 夂 ＋ 丰 ＋ 辶	艹	辶
蓰	艹 ＋ 彳 ＋ 止 ＋ 卢字头 ＋ 丿 ＋ 点	艹	点
蓼	艹 ＋ 习 ＋ 习 ＋ 全字头 ＋ 彡	艹	彡
蓿	艹 ＋ 宀 ＋ 亻 ＋ 一 ＋ 白	艹	白
蔀	艹 ＋ 立 ＋ 口 ＋ 阝	艹	卩
蔃	艹 ＋ 弓 ＋ 口 ＋ 虫	艹	虫
蔈	艹 ＋ 覀 ＋ 示	艹	示
蔊	艹 ＋ 火 ＋ 日 ＋ 干	艹	干
蔌	艹 ＋ 束 ＋ ⺈ ＋ 人	艹	人
蔑	艹 ＋ 罒 ＋ 厂 ＋ 丶 ＋ 折 ＋ 撇 ＋ 丶	艹	点
蔓	艹 ＋ 日 ＋ 罒 ＋ 又	艹	又
蔗	艹 ＋ 广 ＋ 廿 ＋ 灬	艹	火
蔚	艹 ＋ 尸 ＋ 示 ＋ 寸	艹	寸
蔟	艹 ＋ 方 ＋ 卧人 ＋ 矢	艹	矢
蔡	艹 ＋ 祭字头 ＋ 示	艹	示
蔫	艹 ＋ 一 ＋ 止 ＋ 一 ＋ 折 ＋ 灬	艹	火
蔬	艹 ＋ 折 ＋ 止 ＋ 亠 ＋ 厶 ＋ 荒字底	艹	竖
蔷	艹 ＋ 十 ＋ 丷 ＋ 一 ＋ 囗 ＋ 口	艹	口
蔸	艹 ＋ 白 ＋ 撇 ＋ 折 ＋ 折 ＋ 一 ＋ 儿	艹	儿
蔹	艹 ＋ 佥 ＋ 攵	艹	又
蔺	艹 ＋ 门 ＋ 隹	艹	隹
蔻	艹 ＋ 宀 ＋ 一 ＋ 兀 ＋ 卢字头 ＋ 又	艹	又
蔼	艹 ＋ 讠 ＋ 日 ＋ 匃	艹	匚
蔽	艹 ＋ 㡀 ＋ 攵	艹	又
蕃	艹 ＋ 釆 ＋ 田	艹	田
蕈	艹 ＋ 覀 ＋ 日 ＋ 十	艹	十
蕉	艹 ＋ 隹 ＋ 灬	艹	火
蕊	艹 ＋ 心 ＋ 心 ＋ 心	艹	忄
蕖	艹 ＋ 氵 ＋ 巨 ＋ 木	艹	木
蕗	艹 ＋ 足旁 ＋ 各	艹	又
蕙	艹 ＋ 一 ＋ 申 ＋ 一 ＋ 丶 ＋ 心	艹	忄
蕞	艹 ＋ 日 ＋ 耳 ＋ 又	艹	又
蕤	艹 ＋ 豕 ＋ 丿 ＋ 龶	艹	丰
蕨	艹 ＋ 厂 ＋ 丷 ＋ 一 ＋ 凵 ＋ 丿 ＋ ⺈ ＋ 人	艹	人
蕰	艹 ＋ 氵 ＋ 日 ＋ 皿	艹	皿
蕲	艹 ＋ 单 ＋ 斤	艹	斤
蕴	艹 ＋ 纟 ＋ 日 ＋ 皿	艹	皿
蕹	艹 ＋ 亠 ＋ 乡 ＋ 隹	艹	隹
蕺	艹 ＋ 口 ＋ 耳 ＋ 折 ＋ 撇 ＋ 丶	艹	点
蕻	艹 ＋ 一 ＋ 卢字头 ＋ 二 ＋ 厶 ＋ 龷 ＋ 八	艹	八
蕾	艹 ＋ 雨头 ＋ 田	艹	田
薁	艹 ＋ 向字框 ＋ 米 ＋ 大	艹	大
薄	艹 ＋ 氵 ＋ 甫 ＋ 寸	艹	寸
薅	艹 ＋ 女 ＋ 厂 ＋ 一 ＋ 畏字底带横 ＋ 寸	艹	寸
薇	艹 ＋ 彳 ＋ 山 ＋ 一 ＋ 几 ＋ 攵	艹	又
薏	艹 ＋ 音 ＋ 心	艹	忄
薛	艹 ＋ 追字心 ＋ 辛	艹	辛
薜	艹 ＋ 尸 ＋ 口 ＋ 辛	艹	辛
薢	艹 ＋ 角 ＋ 刀 ＋ 牛	艹	牛
薤	艹 ＋ 歹 ＋ 非 ＋ 一	艹	横
薨	艹 ＋ 罒 ＋ 冖 ＋ 歹 ＋ 匕	艹	匕
薪	艹 ＋ 立 ＋ 一 ＋ 小 ＋ 斤	艹	斤
薮	艹 ＋ 米 ＋ 女 ＋ 攵	艹	又
薯	艹 ＋ 署	艹	皿
薰	艹 ＋ 熏	艹	黑
薳	艹 ＋ 土 ＋ 口 ＋ 丿 ＋ 丨 ＋ 撇 ＋ 丶 ＋ 辶	艹	辶
薷	艹 ＋ 雨头 ＋ 而	艹	雨
薸	艹 ＋ 氵 ＋ 覀 ＋ 示	艹	示
薹	艹 ＋ 士 ＋ 口 ＋ 冖 ＋ 至	艹	至
薿	艹 ＋ 肄字旁 ＋ 龴 ＋ 疋	艹	定字底
藁	艹 ＋ 享字头 ＋ 冂 ＋ 口 ＋ 木	艹	木
藉	艹 ＋ 耒 ＋ 龷 ＋ 日	艹	日
藏	艹 ＋ 臧字框 ＋ 臣	艹	臣
藐	艹 ＋ 豸 ＋ 白 ＋ 儿	艹	儿
藓	艹 ＋ 鱼 ＋ 羊	艹	羊
藕	艹 ＋ 耒 ＋ 日 ＋ 禺字底	艹	禸
藜	艹 ＋ 禾 ＋ 勹 ＋ 丿 ＋ 全字头 ＋ 氺	艹	氵
藟	艹 ＋ 田 ＋ 田 ＋ 田	艹	田
藠	艹 ＋ 白 ＋ 白 ＋ 白	艹	白
藤	艹 ＋ 月 ＋ 龹 ＋ 氺	艹	氵
藦	艹 ＋ 广 ＋ 木 ＋ 木 ＋ 手	艹	扌
藨	艹 ＋ 鹿 ＋ 灬	艹	火
藩	艹 ＋ 氵 ＋ 釆 ＋ 田	艹	田
藻	艹 ＋ 氵 ＋ 口 ＋ 口 ＋ 口 ＋ 木	艹	木
藿	艹 ＋ 雨头 ＋ 隹	艹	隹
蘅	艹 ＋ 行 ＋ 鱼 ＋ 大	艹	大
蘑	艹 ＋ 广 ＋ 木 ＋ 木 ＋ 石	艹	石
蘖	艹 ＋ 追字心 ＋ 辛 ＋ 木	艹	木
蘘	艹 ＋ 襄	艹	衣
蘧	艹 ＋ 卜 ＋ 厂 ＋ 匕 ＋ 豕 ＋ 辶	艹	辶
蘩	艹 ＋ 卧人 ＋ 母 ＋ 攵 ＋ 糸	艹	纟
蘸	艹 ＋ 酉 ＋ 隹 ＋ 灬	艹	火
蘼	艹 ＋ 广 ＋ 木 ＋ 木 ＋ 非	艹	片
虎	卜 ＋ 厂 ＋ 匕 ＋ 几	卜	几
虏	卜 ＋ 厂 ＋ 匕 ＋ 力	卜	力
虐	卜 ＋ 厂 ＋ 匕 ＋ 匚 ＋ 一	卜	横
虑	卜 ＋ 厂 ＋ 匕 ＋ 心	卜	忄
虒	反字框 ＋ 卜 ＋ 厂 ＋ 匕 ＋ 几	撇	几
虓	九 ＋ 卜 ＋ 厂 ＋ 匕 ＋ 几	九	几
虔	卜 ＋ 厂 ＋ 匕 ＋ 文	卜	文
虚	卜 ＋ 厂 ＋ 匕 ＋ 业	卜	业
虞	卜 ＋ 厂 ＋ 匕 ＋ 口 ＋ 天	卜	大
虢	爫 ＋ 寸 ＋ 卜 ＋ 厂 ＋ 匕 ＋ 几	爫	几
虤	卜 ＋ 厂 ＋ 匕 ＋ 几 ＋ 卜 ＋ 厂 ＋ 匕 ＋ 几	卜	几
虫	虫	虫	虫
虬	虫 ＋ 折	虫	折
虮	虫 ＋ 几	虫	几
虱	折 ＋ 撇 ＋ 虫	折	虫
虷	虫 ＋ 干	虫	干
虸	虫 ＋ 子	虫	子
虹	虫 ＋ 工	虫	工
虺	兀 ＋ 虫	儿	虫
虻	虫 ＋ 亠 ＋ 折	虫	折
虼	虫 ＋ 卧人 ＋ 乙	虫	乙
虽	口 ＋ 虫	口	虫
虾	虫 ＋ 横 ＋ 卜	虫	卜
虿	横 ＋ 撇 ＋ 折 ＋ 虫	横	虫
蚀	饣 ＋ 虫	饣	虫
蚁	虫 ＋ 丶 ＋ 㐅	虫	交
蚂	虫 ＋ 马	虫	马
蚄	虫 ＋ 方	虫	方
蚆	虫 ＋ 巴	虫	已
蚊	虫 ＋ 文	虫	文
蚋	虫 ＋ 冂 ＋ 人	虫	人
蚌	虫 ＋ 丰	虫	丰
蚍	虫 ＋ 比字旁 ＋ 匕	虫	匕
蚓	虫 ＋ 弓 ＋ 丨	虫	竖
蚕	天 ＋ 虫	大	虫
蚜	虫 ＋ 牙	虫	牙
蚝	虫 ＋ 毛	虫	毛
蚣	虫 ＋ 八 ＋ 厶	虫	厶
蚤	又 ＋ 丶 ＋ 虫	又	虫
蚧	虫 ＋ 全字头 ＋ 乔字底	虫	竖
蚨	虫 ＋ 夫	虫	大
蚩	凵 ＋ 丨 ＋ 一 ＋ 虫	匚	虫
蚪	虫 ＋ 冬字底 ＋ 十	虫	十
蚬	虫 ＋ 见	虫	见
蚯	虫 ＋ 丘	虫	丘
蚰	虫 ＋ 由	虫	田
蚱	虫 ＋ 卧人 ＋ 卢字头 ＋ 一	虫	横
蚲	虫 ＋ 一 ＋ 丷 ＋ 十	虫	十
蚴	虫 ＋ 幺 ＋ 力	虫	力
蚶	虫 ＋ 甘	虫	廿
蚺	虫 ＋ 冂 ＋ 土	虫	土
蛀	虫 ＋ 亠 ＋ 土	虫	土
蛃	虫 ＋ 一 ＋ 冂 ＋ 人	虫	人
蛄	虫 ＋ 古	虫	古
蛆	虫 ＋ 且	虫	且
蛇	虫 ＋ 宀 ＋ 匕	虫	匕
蛉	虫 ＋ 令	虫	今
蛊	虫 ＋ 皿	虫	皿
蛋	疋 ＋ 虫	定字底	虫
蛎	虫 ＋ 厉	虫	厉
蛏	虫 ＋ 又 ＋ 土	虫	土
蛐	虫 ＋ 由 ＋ 丨	虫	竖
蛑	虫 ＋ 厶 ＋ 牛	虫	牛
蛔	虫 ＋ 囗 ＋ 口	虫	口
蛘	虫 ＋ 羊	虫	羊
蛙	虫 ＋ 土 ＋ 土	虫	土
蛛	虫 ＋ 朱	虫	未
蛞	虫 ＋ 千 ＋ 口	虫	口
蛟	虫 ＋ 交	虫	交
蛤	虫 ＋ 全字头 ＋ 一 ＋ 口	虫	口
蛩	工 ＋ 凡 ＋ 虫	工	虫
蛭	虫 ＋ 至	虫	至
蛮	变字头 ＋ 虫	变字头	虫
蛰	扌 ＋ 丸 ＋ 虫	扌	虫
蛱	虫 ＋ 一 ＋ 丷 ＋ 大	虫	大
蛲	虫 ＋ 尧	虫	尧
蛳	虫 ＋ 师字旁 ＋ 一 ＋ 巾	虫	巾
蛴	虫 ＋ 文 ＋ 乔字底	虫	竖
蛸	虫 ＋ 尚字头 ＋ 青字底	虫	月
蛹	虫 ＋ 龴 ＋ 冂 ＋ 举字底	虫	扌
蛾	虫 ＋ 撇 ＋ 横 ＋ 折 ＋ 横 ＋ 戈	虫	戈
蜀	罒 ＋ 勹 ＋ 虫	皿	虫
蜂	虫 ＋ 夂 ＋ 丰	虫	丰
蜃	厂 ＋ 一 ＋ 畏字底带横 ＋ 虫	广	虫
蜇	扌 ＋ 斤 ＋ 虫	扌	虫
蜈	虫 ＋ 口 ＋ 天	虫	大
蜉	虫 ＋ 爫 ＋ 子	虫	子
蜊	虫 ＋ 利	虫	利
蜍	虫 ＋ 全字头 ＋ 于 ＋ 八	虫	八
蜎	虫 ＋ 口 ＋ 青字底	虫	月
蜐	虫 ＋ 土 ＋ 厶 ＋ 力	虫	力
蜒	虫 ＋ 撇 ＋ 卢字头 ＋ 折 ＋ 廴	虫	辶
蜓	虫 ＋ 壬 ＋ 廴	虫	辶
蜕	虫 ＋ 丷 ＋ 口 ＋ 儿	虫	儿
蜗	虫 ＋ 口 ＋ 冂 ＋ 人	虫	人
蜘	虫 ＋ 矢 ＋ 口	虫	口
蜚	非 ＋ 虫	片	虫
蜜	宀 ＋ 必 ＋ 虫	宀	虫
蜞	虫 ＋ 其字头 ＋ 八	虫	八
蜡	虫 ＋ 龷 ＋ 日	虫	日
蜢	虫 ＋ 子 ＋ 皿	虫	皿
蜣	虫 ＋ 差字头 ＋ 折	虫	折
蜥	虫 ＋ 木 ＋ 斤	虫	斤
蜩	虫 ＋ 周字框 ＋ 土 ＋ 口	虫	口
蜮	虫 ＋ 戈 ＋ 口 ＋ 一	虫	横
蜱	虫 ＋ 白 ＋ 丿 ＋ 十	虫	十
蜴	虫 ＋ 日 ＋ 勿	虫	勿
蜷	虫 ＋ 龹 ＋ 㔾	虫	已
蜻	虫 ＋ 龶 ＋ 青字底	虫	月
蜾	虫 ＋ 日 ＋ 木	虫	木
蜿	虫 ＋ 宀 ＋ 夕 ＋ 㔾	虫	已
蝇	虫 ＋ 口 ＋ 电	虫	田
蝈	虫 ＋ 囗 ＋ 玉	虫	王
蝉	虫 ＋ 单	虫	单
蝌	虫 ＋ 禾 ＋ 冬字底 ＋ 十	虫	十
蝎	虫 ＋ 日 ＋ 匃	虫	匚
蝓	虫 ＋ 俞	虫	俞
蝗	虫 ＋ 白 ＋ 王	虫	王
蝘	虫 ＋ 匚 ＋ 日 ＋ 女	虫	女
蝙	虫 ＋ 户 ＋ 冂 ＋ 艹	虫	艹
蝠	虫 ＋ 一 ＋ 口 ＋ 田	虫	田
蝣	虫 ＋ 方 ＋ 卧人 ＋ 子	虫	子
蝤	虫 ＋ 丷 ＋ 酉	虫	西
蝥	予 ＋ 丿 ＋ 攵 ＋ 虫	予	虫
蝮	虫 ＋ 卧人 ＋ 日 ＋ 夂	虫	又
蝰	虫 ＋ 大 ＋ 土 ＋ 土	虫	土
蝲	虫 ＋ 束 ＋ 刂	虫	刀
蝴	虫 ＋ 古 ＋ 月	虫	月
蝶	虫 ＋ 廿 ＋ 折 ＋ 木	虫	木
蝻	虫 ＋ 十 ＋ 冂 ＋ 南字心	虫	南字心
蝼	虫 ＋ 米 ＋ 女	虫	女
蝽	虫 ＋ 春字头 ＋ 日	虫	日
蝾	虫 ＋ 艹 ＋ 冖 ＋ 木	虫	木
螂	虫 ＋ 丶 ＋ 即字旁 ＋ 阝	虫	卩
螃	虫 ＋ 帝字头 ＋ 方	虫	方
螅	虫 ＋ 自 ＋ 心	虫	忄
螈	虫 ＋ 厂 ＋ 白 ＋ 小	虫	小
螋	虫 ＋ 叟字头 ＋ 又	虫	又
融	鬲 ＋ 虫	鬲	虫
螗	虫 ＋ 广 ＋ 肀 ＋ 口	虫	口
螟	虫 ＋ 冖 ＋ 日 ＋ 亠 ＋ 八	虫	八
螠	虫 ＋ 丷 ＋ 一 ＋ 八 ＋ 皿	虫	皿
螣	月 ＋ 龹 ＋ 虫	月	虫
螨	虫 ＋ 艹 ＋ 两	虫	丽
螫	土 ＋ 亦字底 ＋ 攵 ＋ 虫	土	虫
螬	虫 ＋ 一 ＋ 囗 ＋ 艹 ＋ 日	虫	日
螭	虫 ＋ 亠 ＋ 㐅 ＋ 凵 ＋ 禸	虫	禸
螯	龶 ＋ 折 ＋ 丿 ＋ 攵 ＋ 虫	丰	虫
螱	尸 ＋ 示 ＋ 寸 ＋ 虫	尸	虫
螳	虫 ＋ 尚头 ＋ 土	虫	土
螵	虫 ＋ 覀 ＋ 示	虫	示
螺	虫 ＋ 田 ＋ 糸	虫	纟
螽	夂 ＋ 冬字底 ＋ 虫 ＋ 虫	又	虫
蟀	虫 ＋ 亠 ＋ 幺 ＋ 冫 ＋ 撇 ＋ 点 ＋ 十	虫	十
蟆	虫 ＋ 莫	虫	莫
蟊	予 ＋ 丿 ＋ 虫 ＋ 虫	予	虫
蟋	虫 ＋ 釆 ＋ 心	虫	忄
蟏	虫 ＋ 艹 ＋ 肀 ＋ 乔字底 ＋ 八	虫	八
蟑	虫 ＋ 音 ＋ 十	虫	十
蟒	虫 ＋ 艹 ＋ 犬 ＋ 廾	虫	艹
蟛	虫 ＋ 士 ＋ 口 ＋ 丷 ＋ 一 ＋ 彡	虫	彡
蟠	虫 ＋ 釆 ＋ 田	虫	田
蟥	虫 ＋ 龷 ＋ 由 ＋ 八	虫	八
蟪	虫 ＋ 一 ＋ 申 ＋ 一 ＋ 丶 ＋ 心	虫	忄
蟫	虫 ＋ 覀 ＋ 日 ＋ 十	虫	十
蟮	虫 ＋ 羊 ＋ 丷 ＋ 一 ＋ 口	虫	口
蟹	角 ＋ 刀 ＋ 牛 ＋ 虫	角	虫
蟾	虫 ＋ ⺈ ＋ 厂 ＋ 八 ＋ 言	虫	讠
蠃	赢字架 ＋ 虫	赢字架	虫
蠊	虫 ＋ 广 ＋ 兼	虫	兼
蠋	虫 ＋ 罒 ＋ 勹 ＋ 虫	虫	虫
蠓	虫 ＋ 艹 ＋ 冖 ＋ 一 ＋ 豕	虫	豕
蠕	虫 ＋ 雨头 ＋ 而	虫	雨
蠖	虫 ＋ 艹 ＋ 隹 ＋ 又	虫	又
蠡	互中间 ＋ 豕 ＋ 虫 ＋ 虫	争字底	虫
蠢	春字头 ＋ 日 ＋ 虫 ＋ 虫	美字头	虫
蠲	丷 ＋ 一 ＋ 八 ＋ 皿 ＋ 罒 ＋ 勹 ＋ 虫	八	虫
蠹	囊字头 ＋ 石 ＋ 虫 ＋ 虫	宀	虫
蠼	虫 ＋ 目 ＋ 目 ＋ 隹 ＋ 又	虫	又
血	血	皿	皿
衃	血 ＋ 一 ＋ 亻 ＋ 点	皿	点
衄	血 ＋ 折 ＋ 土	皿	土
衅	血 ＋ 丷 ＋ 举字底	皿	扌
行	行	行	行
衍	行 ＋ 氵	行	氵
衎	行 ＋ 干	行	干
衒	行 ＋ 亠 ＋ 幺	行	纟
衔	行 ＋ 钅	行	钅
街	行 ＋ 土 ＋ 土	行	土
衙	行 ＋ 五 ＋ 口	行	口
衠	行 ＋ 十 ＋ 具字头 ＋ 八	行	八
衡	行 ＋ 鱼 ＋ 大	行	大
衢	行 ＋ 目 ＋ 目 ＋ 隹	行	隹
衣	衣	衣	衣
补	衤 ＋ 卜	礻	卜
表	龶 ＋ 衣省	丰	衣
衩	衤 ＋ 又 ＋ 丶	礻	点
衫	衤 ＋ 彡	礻	彡
衬	衤 ＋ 寸	礻	寸
衮	衣 ＋ 八 ＋ 厶	衣	厶
衰	衣 ＋ 口 ＋ 横	衣	横
衲	衤 ＋ 冂 ＋ 人	礻	人
衷	衣 ＋ 口 ＋ 竖	衣	竖
衽	衤 ＋ 壬	礻	土
衾	今 ＋ 衣	今	衣
衿	衤 ＋ 今	礻	今
袁	土 ＋ 口 ＋ 衣省	土	衣
袂	衤 ＋ 折 ＋ 大	礻	大
袄	衤 ＋ 撇 ＋ 大	礻	大
袅	鸟省 ＋ 衣	鸟	衣
袆	衤 ＋ 韦	礻	韦
袈	力 ＋ 口 ＋ 衣	力	衣
袋	亻 ＋ 弋 ＋ 衣	亻	衣
袍	衤 ＋ 勹 ＋ 巳	礻	已
袒	衤 ＋ 日 ＋ 一	礻	横
袖	衤 ＋ 由	礻	田
袗	衤 ＋ 全字头 ＋ 彡	礻	彡
袜	衤 ＋ 末	礻	未
袢	衤 ＋ 丷 ＋ 举字底	礻	扌
袤	衣 ＋ 予 ＋ 丿	衣	撇
袪	衤 ＋ 土 ＋ 厶	礻	厶
被	衤 ＋ 皮	礻	皮
袭	龙 ＋ 衣	龙	衣
袯	衤 ＋ 折 ＋ 撇 ＋ 又 ＋ 点	礻	点
袱	衤 ＋ 亻 ＋ 犬	礻	大
袷	衤 ＋ 全字头 ＋ 一 ＋ 口	礻	口
袼	衤 ＋ 各	礻	又
裁	十 ＋ 戈 ＋ 衣	十	衣
裂	歹 ＋ 刂 ＋ 衣	夕	衣
装	丬 ＋ 士 ＋ 衣	片	衣
裆	衤 ＋ 尚字头 ＋ 彐	礻	争字底
裈	衤 ＋ 冖 ＋ 车	礻	车
裉	衤 ＋ 艮	礻	艮
裎	衤 ＋ 口 ＋ 王	礻	王
裒	衣 ＋ 臼	衣	白
裔	衣 ＋ 冂 ＋ 八 ＋ 口	衣	口
裕	衤 ＋ 八 ＋ 全字头 ＋ 口	礻	口
裘	一 ＋ 氺 ＋ 丶 ＋ 衣	横	衣
裙	衤 ＋ 争字底 ＋ 撇 ＋ 口	礻	口
裛	衣 ＋ 口 ＋ 巴	衣	已
裟	氵 ＋ 少三 ＋ 丿 ＋ 衣	氵	衣
裢	衤 ＋ 车 ＋ 辶	礻	辶
裣	衤 ＋ 佥	礻	佥
裤	衤 ＋ 广 ＋ 车	礻	车
裥	衤 ＋ 门 ＋ 日	礻	日
裨	衤 ＋ 白 ＋ 丿 ＋ 十	礻	十
裰	衤 ＋ 又 ＋ 又 ＋ 又 ＋ 又	礻	又
裱	衤 ＋ 龶 ＋ 衣省	礻	衣
裳	尚头 ＋ 衣	宀	衣
裴	非 ＋ 衣	片	衣
裸	衤 ＋ 日 ＋ 木	礻	木
裹	衣 ＋ 日 ＋ 木	衣	木
裼	衤 ＋ 日 ＋ 勿	礻	勿
裾	衤 ＋ 居	礻	居
褂	衤 ＋ 土 ＋ 土 ＋ 卜	礻	卜
褊	衤 ＋ 户 ＋ 冂 ＋ 艹	礻	艹
褐	衤 ＋ 日 ＋ 匃	礻	匚
褒	衣 ＋ 亻 ＋ 口 ＋ 木	衣	木
褓	衤 ＋ 亻 ＋ 口 ＋ 木	礻	木
褕	衤 ＋ 俞	礻	俞
褙	衤 ＋ 北字旁 ＋ 匕 ＋ 青字底	礻	月
褚	衤 ＋ 耂 ＋ 日	礻	日
褛	衤 ＋ 米 ＋ 女	礻	女
褟	衤 ＋ 日 ＋ 习 ＋ 习	礻	习
褡	衤 ＋ 艹 ＋ 全字头 ＋ 一 ＋ 口	礻	口
褥	衤 ＋ 厂 ＋ 一 ＋ 畏字底带横 ＋ 寸	礻	寸
褪	衤 ＋ 艮 ＋ 辶	礻	辶
褫	衤 ＋ 反字框 ＋ 卜 ＋ 厂 ＋ 匕 ＋ 几	礻	几
褯	衤 ＋ 广 ＋ 廿 ＋ 巾	礻	巾
褰	宀 ＋ 冓头 ＋ 八 ＋ 衣	宀	衣
褴	衤 ＋ 览字头 ＋ 皿	礻	皿
褶	衤 ＋ 习 ＋ 习 ＋ 白	礻	白
襁	衤 ＋ 弓 ＋ 口 ＋ 虫	礻	虫
襄	襄	衣	衣
襕	衤 ＋ 门 ＋ 柬	礻	束
襚	衤 ＋ 丷 ＋ 豕 ＋ 辶	礻	辶
襜	衤 ＋ ⺈ ＋ 厂 ＋ 八 ＋ 言	礻	讠
襞	尸 ＋ 口 ＋ 辛 ＋ 衣	尸	衣
襟	衤 ＋ 木 ＋ 木 ＋ 示	礻	示
襦	衤 ＋ 雨头 ＋ 而	礻	雨
襫	衤 ＋ 大 ＋ 横 ＋ 白 ＋ 横 ＋ 白	礻	白
襻	衤 ＋ 木 ＋ 㐅 ＋ 㐅 ＋ 木 ＋ 大 ＋ 手	礻	扌
西	西	西	西
要	覀 ＋ 女	西	女
覃	覀 ＋ 日 ＋ 十	西	十
覆	覀 ＋ 彳 ＋ 卧人 ＋ 日 ＋ 夂	西	又
见	见	见	见
观	又 ＋ 见	又	见
觃	见 ＋ 子	见	子
规	夫 ＋ 见	大	见
觅	爫 ＋ 见	爫	见
视	礻 ＋ 见	礻	见
觇	卢字头 ＋ 口 ＋ 见	卜	见
览	览字头 ＋ 见	览字头	见
觉	学无子 ＋ 见	宀	见
觊	山 ＋ 己 ＋ 见	山	见
觋	工 ＋ 人 ＋ 人 ＋ 见	工	见
觌	十 ＋ 折 ＋ 冬字底 ＋ 大 ＋ 见	十	见
觎	俞 ＋ 见	俞	见
觏	冓头 ＋ 冂 ＋ 土 ＋ 见	冓头	见
觐	廿 ＋ 口 ＋ 龶 ＋ 见	廿	见
觑	卜 ＋ 厂 ＋ 匕 ＋ 业 ＋ 见	卜	见
角	角	角	角
觖	角 ＋ 折 ＋ 大	角	大
觚	角 ＋ 瓜	角	爫
觜	止 ＋ 匕 ＋ 角	止	角
觞	角 ＋ 卧人 ＋ 杨字边	角	勿
觟	角 ＋ 土 ＋ 土	角	土
解	角 ＋ 刀 ＋ 牛	角	牛
觥	角 ＋ 尚字头 ＋ 兀	角	儿
触	角 ＋ 虫	角	虫
觫	角 ＋ 束	角	束
觭	角 ＋ 大 ＋ 可	角	寸
觯	角 ＋ 单	角	单
觱	戊 ＋ 一 ＋ 口 ＋ 角	戈	角
觳	士 ＋ 冖 ＋ 一 ＋ 角 ＋ 殳	土	殳
觿	角 ＋ 山 ＋ 隹 ＋ 冂 ＋ 八 ＋ 口	角	口
言	言	讠	讠
訄	九 ＋ 言	九	讠
訇	勹 ＋ 言	匚	讠
訚	门 ＋ 言	匚	讠
訾	止 ＋ 匕 ＋ 言	止	讠
詈	罒 ＋ 言	皿	讠
詟	龙 ＋ 言	龙	讠
詹	⺈ ＋ 厂 ＋ 八 ＋ 言	刀	讠
誉	应字心 ＋ 八 ＋ 言	小	讠
誊	龹 ＋ 言	美字头	讠
誓	扌 ＋ 斤 ＋ 言	扌	讠
謇	宀 ＋ 冓头 ＋ 八 ＋ 言	宀	讠
警	艹 ＋ 勹 ＋ 口 ＋ 攵 ＋ 言	艹	讠
譬	尸 ＋ 口 ＋ 辛 ＋ 言	尸	讠
计	讠 ＋ 十	讠	十
订	讠 ＋ 丁	讠	寸
讣	讠 ＋ 卜	讠	卜
认	讠 ＋ 人	讠	人
讥	讠 ＋ 几	讠	几
讦	讠 ＋ 干	讠	干
讧	讠 ＋ 工	讠	工
讨	讠 ＋ 寸	讠	寸
让	讠 ＋ 卜 ＋ 横	讠	横
讪	讠 ＋ 山	讠	山
讫	讠 ＋ 卧人 ＋ 乙	讠	乙
训	讠 ＋ 川	讠	川
议	讠 ＋ 丶 ＋ 㐅	讠	交
讯	讠 ＋ 折 ＋ 十	讠	十
记	讠 ＋ 己	讠	已
讱	讠 ＋ 刀 ＋ 丶	讠	点
讲	讠 ＋ 井	讠	井
讳	讠 ＋ 韦	讠	韦
讴	讠 ＋ 匚 ＋ 㐅	讠	交
讵	讠 ＋ 巨	讠	匚
讶	讠 ＋ 牙	讠	牙
讷	讠 ＋ 冂 ＋ 人	讠	人
许	讠 ＋ 卧人 ＋ 十	讠	十
讹	讠 ＋ 亻 ＋ 化字边	讠	匕
论	讠 ＋ 全字头 ＋ 匕	讠	匕
讻	讠 ＋ 㐅 ＋ 凵	讠	匚
讼	讠 ＋ 八 ＋ 厶	讠	厶
讽	讠 ＋ 风省 ＋ 㐅	讠	交
设	讠 ＋ 殳	讠	殳
访	讠 ＋ 方	讠	方
诀	讠 ＋ 折 ＋ 大	讠	大
证	讠 ＋ 一 ＋ 止	讠	止
诂	讠 ＋ 古	讠	古
诃	讠 ＋ 可	讠	寸
评	讠 ＋ 一 ＋ 丷 ＋ 十	讠	十
诅	讠 ＋ 且	讠	且
识	讠 ＋ 口 ＋ 八	讠	八
诇	讠 ＋ 冂 ＋ 口	讠	口
诈	讠 ＋ 卧人 ＋ 卢字头 ＋ 一	讠	横
诉	讠 ＋ 斥	讠	斤
诊	讠 ＋ 全字头 ＋ 彡	讠	彡
诋	讠 ＋ 氐	讠	氏
诌	讠 ＋ 刍	讠	刍
词	讠 ＋ 折 ＋ 一 ＋ 口	讠	口
诎	讠 ＋ 出	讠	山
诏	讠 ＋ 刀 ＋ 口	讠	口
诐	讠 ＋ 皮	讠	皮
译	讠 ＋ 又 ＋ 举字底	讠	扌
诒	讠 ＋ 厶 ＋ 口	讠	口
诓	讠 ＋ 匚 ＋ 王	讠	王
诔	讠 ＋ 耒	讠	耒
试	讠 ＋ 弋 ＋ 工	讠	工
诖	讠 ＋ 土 ＋ 土	讠	土
诗	讠 ＋ 土 ＋ 寸	讠	寸
诘	讠 ＋ 士 ＋ 口	讠	口
诙	讠 ＋ 左字框 ＋ 火	讠	火
诚	讠 ＋ 戊 ＋ 折	讠	折
诛	讠 ＋ 朱	讠	未
诜	讠 ＋ 告字头 ＋ 儿	讠	儿
话	讠 ＋ 千 ＋ 口	讠	口
诞	讠 ＋ 撇 ＋ 卢字头 ＋ 折 ＋ 廴	讠	辶
诟	讠 ＋ 反字框 ＋ 一 ＋ 口	讠	口
诠	讠 ＋ 全字头 ＋ 王	讠	王
诡	讠 ＋ ⺈ ＋ 厂 ＋ 㔾	讠	已
询	讠 ＋ 勹 ＋ 日	讠	日
诣	讠 ＋ 匕 ＋ 日	讠	日
诤	讠 ＋ ⺈ ＋ 争字底	讠	争字底
该	讠 ＋ 亠 ＋ 折 ＋ 丿 ＋ 人	讠	人
详	讠 ＋ 羊	讠	羊
诧	讠 ＋ 宀 ＋ 撇 ＋ 七	讠	匕
诨	讠 ＋ 冖 ＋ 车	讠	车
诩	讠 ＋ 习 ＋ 习	讠	习
诫	讠 ＋ 戈 ＋ 廾	讠	艹
诬	讠 ＋ 工 ＋ 人 ＋ 人	讠	人
语	讠 ＋ 五 ＋ 口	讠	口
诮	讠 ＋ 尚字头 ＋ 青字底	讠	月
误	讠 ＋ 口 ＋ 天	讠	大
诰	讠 ＋ 告字头 ＋ 口	讠	口
诱	讠 ＋ 禾 ＋ 乃	讠	乃
诲	讠 ＋ 卧人 ＋ 母	讠	母
诳	讠 ＋ 犭 ＋ 王	讠	王
说	讠 ＋ 丷 ＋ 口 ＋ 儿	讠	儿
诵	讠 ＋ 龴 ＋ 冂 ＋ 举字底	讠	扌
请	讠 ＋ 龶 ＋ 青字底	讠	月
诸	讠 ＋ 耂 ＋ 日	讠	日
诹	讠 ＋ 耳 ＋ 又	讠	又
诺	讠 ＋ 艹 ＋ 左字框 ＋ 口	讠	口
读	讠 ＋ 十 ＋ 折 ＋ 冬字底 ＋ 大	讠	大
诼	讠 ＋ 豖	讠	豕
诽	讠 ＋ 非	讠	片
课	讠 ＋ 日 ＋ 木	讠	木
诿	讠 ＋ 禾 ＋ 女	讠	女
谀	讠 ＋ 臼 ＋ 人	讠	人
谁	讠 ＋ 隹	讠	隹
谂	讠 ＋ 今 ＋ 心	讠	忄
调	讠 ＋ 周字框 ＋ 土 ＋ 口	讠	口
谄	讠 ＋ ⺈ ＋ 臼	讠	白
谅	讠 ＋ 享字头 ＋ 小	讠	小
谆	讠 ＋ 享字头 ＋ 子	讠	子
谇	讠 ＋ 亠 ＋ 人 ＋ 人 ＋ 十	讠	十
谈	讠 ＋ 火 ＋ 火	讠	火
谊	讠 ＋ 宀 ＋ 且	讠	且
谋	讠 ＋ 甘 ＋ 木	讠	木
谌	讠 ＋ 其字头 ＋ 八 ＋ 折	讠	折
谍	讠 ＋ 廿 ＋ 折 ＋ 木	讠	木
谎	讠 ＋ 艹 ＋ 亠 ＋ 折 ＋ 荒字底	讠	竖
谏	讠 ＋ 柬	讠	束
谐	讠 ＋ 比字旁 ＋ 匕 ＋ 白	讠	白
谑	讠 ＋ 卜 ＋ 厂 ＋ 匕 ＋ 匚 ＋ 一	讠	横
谒	讠 ＋ 日 ＋ 匃	讠	匚
谓	讠 ＋ 田 ＋ 青字底	讠	月
谔	讠 ＋ 口 ＋ 口 ＋ 二 ＋ 折	讠	折
谕	讠 ＋ 俞	讠	俞
谖	讠 ＋ 爫 ＋ 一 ＋ 左字框 ＋ 又	讠	又
谗	讠 ＋ 免 ＋ 冬字底	讠	点
谙	讠 ＋ 音	讠	音
谚	讠 ＋ 立 ＋ 丿 ＋ 彡	讠	彡
谛	讠 ＋ 帝字头 ＋ 巾	讠	巾
谜	讠 ＋ 米 ＋ 辶	讠	辶
谝	讠 ＋ 户 ＋ 冂 ＋ 艹	讠	艹
谞	讠 ＋ 疋 ＋ 青字底	讠	月
谟	讠 ＋ 莫	讠	莫
谠	讠 ＋ 尚头 ＋ 儿	讠	儿
谡	讠 ＋ 田 ＋ 八 ＋ 夂	讠	又
谢	讠 ＋ 身 ＋ 寸	讠	寸
谣	讠 ＋ 爫 ＋ 缶	讠	击
谤	讠 ＋ 帝字头 ＋ 方	讠	方
谥	讠 ＋ 丷 ＋ 一 ＋ 八 ＋ 皿	讠	皿
谦	讠 ＋ 兼	讠	兼
谧	讠 ＋ 必 ＋ 皿	讠	皿
谨	讠 ＋ 廿 ＋ 口 ＋ 龶	讠	丰
谩	讠 ＋ 日 ＋ 罒 ＋ 又	讠	又
谪	讠 ＋ 啇	讠	商
谫	讠 ＋ 丷 ＋ 一 ＋ 青字底 ＋ 刂 ＋ 刀	讠	刀
谬	讠 ＋ 习 ＋ 习 ＋ 全字头 ＋ 彡	讠	彡
谭	讠 ＋ 覀 ＋ 日 ＋ 十	讠	十
谮	讠 ＋ 一 ＋ 折 ＋ 儿 ＋ 一 ＋ 折 ＋ 儿 ＋ 日	讠	日
谯	讠 ＋ 隹 ＋ 灬	讠	火
谰	讠 ＋ 门 ＋ 柬	讠	束
谱	讠 ＋ 丷 ＋ 亚 ＋ 日	讠	日
谲	讠 ＋ 予 ＋ 丿 ＋ 冂 ＋ 八 ＋ 口	讠	口
谳	讠 ＋ 十 ＋ 冂 ＋ 南字心 ＋ 犬	讠	大
谴	讠 ＋ 贵字头 ＋ 官字底 ＋ 辶	讠	辶
谵	讠 ＋ ⺈ ＋ 厂 ＋ 八 ＋ 言	讠	讠
谶	讠 ＋ 人 ＋ 人 ＋ 戈 ＋ 非 ＋ 一	讠	横
谷	八 ＋ 全字头 ＋ 口	八	口
谼	八 ＋ 全字头 ＋ 口 ＋ 龷 ＋ 八	八	八
谿	爫 ＋ 幺 ＋ 大 ＋ 八 ＋ 全字头 ＋ 口	爫	口
豁	宀 ＋ 丰 ＋ 口 ＋ 八 ＋ 全字头 ＋ 口	宀	口
豆	一 ＋ 口 ＋ 丷 ＋ 一	横	横
豇	一 ＋ 口 ＋ 丷 ＋ 一 ＋ 工	横	工
豉	一 ＋ 口 ＋ 丷 ＋ 一 ＋ 十 ＋ 又	横	又
豌	一 ＋ 口 ＋ 丷 ＋ 一 ＋ 宀 ＋ 夕 ＋ 㔾	横	已
豕	豕	豕	豕
豚	月 ＋ 豕	月	豕
象	象	象	象
豢	龹 ＋ 豕	美字头	豕
豨	豕 ＋ 㐅 ＋ 左字框 ＋ 巾	豕	巾
豪	享字头 ＋ 冖 ＋ 豕	享字头	豕
豫	予 ＋ 象	予	象
豮	豕 ＋ 十 ＋ 艹 ＋ 贝	豕	见
豳	山 ＋ 豕 ＋ 豕	山	豕
豸	豸	豕	豕
豹	豸 ＋ 勹 ＋ 丶	豕	点
豺	豸 ＋ 才	豕	寸
貂	豸 ＋ 刀 ＋ 口	豕	口
貅	豸 ＋ 亻 ＋ 木	豕	木
貆	豸 ＋ 一 ＋ 日 ＋ 一	豕	横
貉	豸 ＋ 各	豕	又
貊	豸 ＋ 一 ＋ 白	豕	白
貌	豸 ＋ 白 ＋ 儿	豕	儿
貔	豸 ＋ 囟 ＋ 比字旁 ＋ 匕	豕	匕
貘	豸 ＋ 莫	豕	莫
贝	贝	见	见
贞	卢字头 ＋ 贝	卜	见
负	⺈ ＋ 贝	刀	见
贡	工 ＋ 贝	工	见
财	贝 ＋ 才	见	寸
责	龶 ＋ 贝	丰	见
贤	贤字头 ＋ 贝	览字头	见
败	贝 ＋ 攵	见	又
账	贝 ＋ 长	见	长
货	亻 ＋ 化字边 ＋ 贝	亻	见
质	反字框 ＋ 十 ＋ 贝	撇	见
贩	贝 ＋ 反字框 ＋ 又	见	又
贪	今 ＋ 贝	今	见
贫	八 ＋ 刀 ＋ 贝	八	见
贬	贝 ＋ 撇 ＋ 之	见	之
购	贝 ＋ 勹 ＋ 厶	见	厶
贮	贝 ＋ 宀 ＋ 一	见	横
贯	毌 ＋ 贝	母	见
贰	弋 ＋ 二 ＋ 贝	戈	见
贱	贝 ＋ 戋	见	戈
贲	十 ＋ 艹 ＋ 贝	十	见
贳	廿 ＋ 折 ＋ 贝	廿	见
贴	贝 ＋ 卢字头 ＋ 口	见	口
贵	贵字头 ＋ 贝	虫	见
贶	贝 ＋ 口 ＋ 儿	见	儿
贷	亻 ＋ 弋 ＋ 贝	亻	见
贸	留字头 ＋ 贝	夕	见
费	弗 ＋ 贝	弗	见
贺	力 ＋ 口 ＋ 贝	力	见
贻	贝 ＋ 厶 ＋ 口	见	口
贼	贝 ＋ 戈 ＋ 左字框	见	十
贽	扌 ＋ 丸 ＋ 贝	扌	见
贾	覀 ＋ 贝	西	见
贿	贝 ＋ 左字框 ＋ 青字底	见	月
赀	止 ＋ 匕 ＋ 贝	止	见
赁	亻 ＋ 壬 ＋ 贝	亻	见
赂	贝 ＋ 各	见	又
赃	贝 ＋ 广 ＋ 土	见	土
资	冫 ＋ ⺈ ＋ 人 ＋ 贝	氵	见
赅	贝 ＋ 亠 ＋ 折 ＋ 丿 ＋ 人	见	人
赆	贝 ＋ 尺 ＋ 冬字底	见	点
赇	贝 ＋ 一 ＋ 氺 ＋ 丶	见	点
赈	贝 ＋ 厂 ＋ 一 ＋ 畏字底带横	见	定字底
赉	来 ＋ 贝	来	见
赊	贝 ＋ 全字头 ＋ 示	见	示
赋	贝 ＋ 一 ＋ 弋 ＋ 止	见	止
赌	贝 ＋ 耂 ＋ 日	见	日
赍	十 ＋ 人 ＋ 人 ＋ 冖 ＋ 贝	十	见
赎	贝 ＋ 十 ＋ 折 ＋ 冬字底 ＋ 大	见	大
赏	尚头 ＋ 贝	宀	见
赐	贝 ＋ 日 ＋ 勿	见	勿
赑	贝 ＋ 贝 ＋ 贝	见	见
赒	贝 ＋ 周字框 ＋ 土 ＋ 口	见	口
赓	广 ＋ 争字底 ＋ 人 ＋ 贝	广	见
赔	贝 ＋ 立 ＋ 口	见	口
赕	贝 ＋ 火 ＋ 火	见	火
赖	束 ＋ ⺈ ＋ 贝	束	见
赗	贝 ＋ 见二 ＋ 二 ＋ 目	见	日
赘	龶 ＋ 折 ＋ 丿 ＋ 攵 ＋ 贝	丰	见
赙	贝 ＋ 甫 ＋ 寸	见	寸
赚	贝 ＋ 兼	见	兼
赛	宀 ＋ 冓头 ＋ 八 ＋ 贝	宀	见
赜	颐字旁 ＋ 龶 ＋ 贝	臣	见
赝	厂 ＋ 亻 ＋ 隹 ＋ 贝	广	见
赞	告字头 ＋ 儿 ＋ 告字头 ＋ 儿 ＋ 贝	牛	见
赟	文 ＋ 一 ＋ 弋 ＋ 止 ＋ 贝	文	见
赠	贝 ＋ 丷 ＋ 囗 ＋ 尚字头 ＋ 日	见	日
赡	贝 ＋ ⺈ ＋ 厂 ＋ 八 ＋ 言	见	讠
赢	赢字架 ＋ 贝	赢字架	见
赣	音 ＋ 十 ＋ 夂 ＋ 工 ＋ 贝	音	见
赤	土 ＋ 亦字底	土	变字头
赦	土 ＋ 亦字底 ＋ 攵	土	又
赧	土 ＋ 亦字底 ＋ 卩 ＋ 又	土	又
赪	土 ＋ 亦字底 ＋ 卢字头 ＋ 贝	土	见
赫	土 ＋ 亦字底 ＋ 土 ＋ 亦字底	土	变字头
赭	土 ＋ 亦字底 ＋ 耂 ＋ 日	土	日
走	走	足	足
赳	走 ＋ 折 ＋ 丨	足	竖
赴	走 ＋ 卜	足	卜
赵	走 ＋ 㐅	足	交
赶	走 ＋ 干	足	干
起	走 ＋ 己	足	已
趁	走 ＋ 全字头 ＋ 彡	足	彡
趄	走 ＋ 且	足	且
超	走 ＋ 刀 ＋ 口	足	口
越	走 ＋ 戉	足	戈
趋	走 ＋ 刍	足	刍
趑	走 ＋ 冫 ＋ ⺈ ＋ 人	足	人
趔	走 ＋ 歹 ＋ 刂	足	刀
趟	走 ＋ 尚字头 ＋ 冖 ＋ 口	足	口
趣	走 ＋ 耳 ＋ 又	足	又
趯	走 ＋ 习 ＋ 习 ＋ 隹	足	隹
趱	走 ＋ 告字头 ＋ 儿 ＋ 告字头 ＋ 儿 ＋ 贝	足	见
足	足	足	足
趴	足旁 ＋ 八	足	八
趵	足旁 ＋ 勹 ＋ 丶	足	点
趸	横 ＋ 撇 ＋ 折 ＋ 足	横	足
趺	足旁 ＋ 夫	足	大
趼	足旁 ＋ 一 ＋ 廾	足	艹
趾	足旁 ＋ 止	足	止
趿	足旁 ＋ 及	足	及
跂	足旁 ＋ 十 ＋ 又	足	又
跃	足旁 ＋ 撇 ＋ 大	足	大
跄	足旁 ＋ 全字头 ＋ 㔾	足	已
跆	足旁 ＋ 厶 ＋ 口	足	口
跋	足旁 ＋ 左字框 ＋ 又 ＋ 丶	足	点
跌	足旁 ＋ 失	足	矢
跎	足旁 ＋ 宀 ＋ 匕	足	匕
跏	足旁 ＋ 力 ＋ 口	足	口
跐	足旁 ＋ 止 ＋ 匕	足	匕
跑	足旁 ＋ 勹 ＋ 巳	足	已
跖	足旁 ＋ 石	足	石
跗	足旁 ＋ 付	足	付
跚	足旁 ＋ 周字框 ＋ 周字框 ＋ 一	足	横
跛	足旁 ＋ 皮	足	皮
距	足旁 ＋ 巨	足	匚
跞	足旁 ＋ 乐	足	乐
跟	足旁 ＋ 艮	足	艮
跣	足旁 ＋ 告字头 ＋ 儿	足	儿
跤	足旁 ＋ 交	足	交
跨	足旁 ＋ 大 ＋ 二 ＋ 折	足	折
跪	足旁 ＋ ⺈ ＋ 厂 ＋ 㔾	足	已
跬	足旁 ＋ 土 ＋ 土	足	土
路	足旁 ＋ 各	足	又
跱	足旁 ＋ 土 ＋ 寸	足	寸
跳	足旁 ＋ 冫 ＋ 冫 ＋ 儿	足	儿
践	足旁 ＋ 戋	足	戈
跶	足旁 ＋ 大 ＋ 辶	足	辶
跷	足旁 ＋ 尧	足	尧
跸	足旁 ＋ 比字旁 ＋ 匕 ＋ 十	足	十
跹	足旁 ＋ 千 ＋ 辶	足	辶
跺	足旁 ＋ 几 ＋ 木	足	木
跻	足旁 ＋ 文 ＋ 乔字底	足	竖
跽	足旁 ＋ 己 ＋ 心	足	忄
踅	扌 ＋ 斤 ＋ 足	扌	足
踉	足旁 ＋ 丶 ＋ 艮	足	艮
踊	足旁 ＋ 龴 ＋ 冂 ＋ 举字底	足	扌
踌	足旁 ＋ 三 ＋ 丿 ＋ 寸	足	寸
踏	足旁 ＋ 水 ＋ 日	足	日
踒	足旁 ＋ 禾 ＋ 女	足	女
踔	足旁 ＋ 卢字头 ＋ 日 ＋ 十	足	十
踝	足旁 ＋ 日 ＋ 木	足	木
踞	足旁 ＋ 居	足	居
踟	足旁 ＋ 矢 ＋ 口	足	口
踢	足旁 ＋ 日 ＋ 勿	足	勿
踣	足旁 ＋ 立 ＋ 口	足	口
踦	足旁 ＋ 大 ＋ 可	足	寸
踩	足旁 ＋ 采	足	爫
踪	足旁 ＋ 宀 ＋ 示	足	示
踬	足旁 ＋ 反字框 ＋ 十 ＋ 贝	足	见
踮	足旁 ＋ 广 ＋ 卢字头 ＋ 口	足	口
踯	足旁 ＋ 丷 ＋ 天 ＋ 阝	足	卩
踱	足旁 ＋ 广 ＋ 廿 ＋ 又	足	又
踵	足旁 ＋ 千 ＋ 里	足	里
踶	足旁 ＋ 日 ＋ 定字底	足	定字底
踹	足旁 ＋ 山 ＋ 而	足	雨
踺	足旁 ＋ 聿 ＋ 廴	足	辶
踽	足旁 ＋ 撇 ＋ 口 ＋ 禺字底	足	禸
蹀	足旁 ＋ 廿 ＋ 折 ＋ 木	足	木
蹁	足旁 ＋ 户 ＋ 冂 ＋ 艹	足	艹
蹂	足旁 ＋ 予 ＋ 丿 ＋ 木	足	木
蹄	足旁 ＋ 帝字头 ＋ 巾	足	巾
蹅	足旁 ＋ 木 ＋ 日 ＋ 一	足	横
蹇	宀 ＋ 冓头 ＋ 八 ＋ 足	宀	足
蹈	足旁 ＋ 爫 ＋ 臼	足	白
蹉	足旁 ＋ 差字头 ＋ 工	足	工
蹊	足旁 ＋ 爫 ＋ 幺 ＋ 大	足	大
蹋	足旁 ＋ 日 ＋ 习 ＋ 习	足	习
蹐	足旁 ＋ 冫 ＋ 撇 ＋ 点 ＋ 人 ＋ 青字底	足	月
蹑	足旁 ＋ 耳 ＋ 又 ＋ 又	足	又
蹒	足旁 ＋ 艹 ＋ 两	足	丽
蹙	戊 ＋ 卜 ＋ 横 ＋ 小 ＋ 足	戈	足
蹚	足旁 ＋ 尚头 ＋ 土	足	土
蹜	足旁 ＋ 宀 ＋ 亻 ＋ 一 ＋ 白	足	白
蹢	足旁 ＋ 啇	足	商
蹦	足旁 ＋ 山 ＋ 月 ＋ 月	足	月
蹩	㡀 ＋ 攵 ＋ 足	八	足
蹬	足旁 ＋ 登字头 ＋ 一 ＋ 口 ＋ 丷 ＋ 一	足	横
蹭	足旁 ＋ 丷 ＋ 囗 ＋ 尚字头 ＋ 日	足	日
蹯	足旁 ＋ 釆 ＋ 田	足	田
蹰	足旁 ＋ 厂 ＋ 一 ＋ 口 ＋ 丷 ＋ 一 ＋ 寸	足	寸
蹲	足旁 ＋ 丷 ＋ 酉 ＋ 寸	足	寸
蹴	足旁 ＋ 享字头 ＋ 小 ＋ 尤	足	龙
蹶	足旁 ＋ 厂 ＋ 丷 ＋ 一 ＋ 凵 ＋ 丿 ＋ ⺈ ＋ 人	足	人
蹼	足旁 ＋ 业 ＋ 养字头	足	美字头
蹽	足旁 ＋ 大 ＋ 丷 ＋ 日 ＋ 小	足	小
蹾	足旁 ＋ 享字头 ＋ 子 ＋ 攵	足	又
蹿	足旁 ＋ 宀 ＋ 八 ＋ 口 ＋ 口 ＋ 丨	足	竖
躁	足旁 ＋ 口 ＋ 口 ＋ 口 ＋ 木	足	木
躅	足旁 ＋ 罒 ＋ 勹 ＋ 虫	足	虫
躇	足旁 ＋ 艹 ＋ 耂 ＋ 日	足	日
躏	足旁 ＋ 艹 ＋ 门 ＋ 隹	足	隹
躐	足旁 ＋ 巛 ＋ 囗 ＋ 㐅 ＋ 折 ＋ 冬字底 ＋ 折 ＋ 冬字底 ＋ 折	足	折
躔	足旁 ＋ 广 ＋ 里 ＋ 八 ＋ 土	足	土
躜	足旁 ＋ 告字头 ＋ 儿 ＋ 告字头 ＋ 儿 ＋ 贝	足	见
躞	足旁 ＋ 言 ＋ 火 ＋ 火 ＋ 又	足	又
身	身	向	向
躬	身 ＋ 弓	向	折
躯	身 ＋ 匚 ＋ 㐅	向	交
躲	身 ＋ 几 ＋ 木	向	木
躺	身 ＋ 尚字头 ＋ 冖 ＋ 口	向	口
车	车	车	车
轧	车旁 ＋ 折	车	折
轨	车旁 ＋ 九	车	九
轩	车旁 ＋ 干	车	干
轪	车旁 ＋ 大	车	大
轫	车旁 ＋ 刀 ＋ 丶	车	点
转	车旁 ＋ 专	车	专
轭	车旁 ＋ 厂 ＋ 㔾	车	已
轮	车旁 ＋ 全字头 ＋ 匕	车	匕
软	车旁 ＋ ⺈ ＋ 人	车	人
轰	车 ＋ 又 ＋ 又	车	又
轱	车旁 ＋ 古	车	古
轲	车旁 ＋ 可	车	寸
轳	车旁 ＋ 卢字头 ＋ 尸	车	尸
轴	车旁 ＋ 由	车	田
轵	车旁 ＋ 口 ＋ 八	车	八
轶	车旁 ＋ 失	车	矢
轷	车旁 ＋ 撇 ＋ 丷 ＋ 一 ＋ 竖	车	竖
轸	车旁 ＋ 全字头 ＋ 彡	车	彡
轹	车旁 ＋ 乐	车	乐
轺	车旁 ＋ 刀 ＋ 口	车	口
轻	车旁 ＋ 轻字边	车	工
轼	车旁 ＋ 弋 ＋ 工	车	工
载	十 ＋ 戈 ＋ 车旁	十	车
轾	车旁 ＋ 至	车	至
轿	车旁 ＋ 乔	车	竖
辀	车旁 ＋ 舟	车	舟
辁	车旁 ＋ 全字头 ＋ 王	车	王
辂	车旁 ＋ 各	车	又
较	车旁 ＋ 交	车	交
辄	车旁 ＋ 耳 ＋ 折	车	折
辅	车旁 ＋ 甫	车	甫
辆	车旁 ＋ 两	车	丽
辇	夫 ＋ 夫 ＋ 车	大	车
辈	非 ＋ 车	片	车
辉	尚字头 ＋ 兀 ＋ 冖 ＋ 车	小	车
辊	车旁 ＋ 日 ＋ 比字旁 ＋ 匕	车	匕
辋	车旁 ＋ 冂 ＋ 丷 ＋ 一 ＋ 亠 ＋ 折	车	折
辌	车旁 ＋ 享字头 ＋ 小	车	小
辍	车旁 ＋ 又 ＋ 又 ＋ 又 ＋ 又	车	又
辎	车旁 ＋ 巛 ＋ 田	车	田
辏	车旁 ＋ 春字头 ＋ 天	车	大
辐	车旁 ＋ 一 ＋ 口 ＋ 田	车	田
辑	车旁 ＋ 口 ＋ 耳	车	耳
辒	车旁 ＋ 日 ＋ 皿	车	皿
输	车旁 ＋ 俞	车	俞
辔	纟 ＋ 车 ＋ 纟 ＋ 口	纟	口
辕	车旁 ＋ 土 ＋ 口 ＋ 衣省	车	衣
辖	车旁 ＋ 宀 ＋ 丰 ＋ 口	车	口
辗	车旁 ＋ 尸 ＋ 艹 ＋ 畏字底带横	车	定字底
辘	车旁 ＋ 鹿	车	鹿
辙	车旁 ＋ 亠 ＋ 厶 ＋ 青字底 ＋ 攵	车	又
辚	车旁 ＋ 米 ＋ 夕 ＋ 降下角	车	降下角
辛	辛	辛	辛
辜	古 ＋ 辛	古	辛
辞	千 ＋ 口 ＋ 辛	干	辛
辟	尸 ＋ 口 ＋ 辛	尸	辛
辣	辛旁 ＋ 束	辛	束
辨	辡 ＋ 刂	辛	刀
辩	辡 ＋ 讠	辛	讠
辫	辡 ＋ 纟	辛	纟
辰	厂 ＋ 一 ＋ 畏字底带横	广	定字底
辱	厂 ＋ 一 ＋ 畏字底带横 ＋ 寸	广	寸
边	力 ＋ 辶	力	辶
辽	了 ＋ 辶	子	辶
达	大 ＋ 辶	大	辶
辿	山 ＋ 辶	山	辶
迁	千 ＋ 辶	干	辶
迂	于 ＋ 辶	干	辶
迄	卧人 ＋ 乙 ＋ 辶	卧人	辶
迅	折 ＋ 十 ＋ 辶	折	辶
过	寸 ＋ 辶	寸	辶
迈	横 ＋ 撇 ＋ 折 ＋ 辶	横	辶
迎	卬 ＋ 辶	卩	辶
运	二 ＋ 厶 ＋ 辶	二	辶
近	斤 ＋ 辶	斤	辶
迓	牙 ＋ 辶	牙	辶
返	反字框 ＋ 又 ＋ 辶	撇	辶
迕	卧人 ＋ 十 ＋ 辶	卧人	辶
还	一 ＋ 亻 ＋ 点 ＋ 辶	横	辶
这	文 ＋ 辶	文	辶
进	井 ＋ 辶	井	辶
远	一 ＋ 兀 ＋ 辶	横	辶
违	韦 ＋ 辶	韦	辶
连	车 ＋ 辶	车	辶
迟	尺 ＋ 辶	尸	辶
迢	刀 ＋ 口 ＋ 辶	刀	辶
迤	卧人 ＋ 也 ＋ 辶	卧人	辶
迥	冂 ＋ 口 ＋ 辶	匚	辶
迦	力 ＋ 口 ＋ 辶	力	辶
迨	厶 ＋ 口 ＋ 辶	厶	辶
迩	⺈ ＋ 小 ＋ 辶	刀	辶
迪	由 ＋ 辶	田	辶
迫	白 ＋ 辶	白	辶
迭	失 ＋ 辶	矢	辶
迮	卧人 ＋ 卢字头 ＋ 一 ＋ 辶	卧人	辶
述	木 ＋ 丶 ＋ 辶	木	辶
迳	轻字边 ＋ 辶	工	辶
迷	米 ＋ 辶	米	辶
迸	丷 ＋ 一 ＋ 廾 ＋ 辶	八	辶
迹	亦 ＋ 辶	变字头	辶
迺	西 ＋ 辶	西	辶
追	追字心 ＋ 辶	追字心	辶
退	艮 ＋ 辶	艮	辶
送	丷 ＋ 天 ＋ 辶	八	辶
适	千 ＋ 口 ＋ 辶	干	辶
逃	冫 ＋ 冫 ＋ 儿 ＋ 辶	氵	辶
逄	夂 ＋ 降下角 ＋ 辶	又	辶
逅	反字框 ＋ 一 ＋ 口 ＋ 辶	撇	辶
逆	丷 ＋ 一 ＋ 凵 ＋ 丿 ＋ 辶	八	辶
选	告字头 ＋ 儿 ＋ 辶	牛	辶
逊	子 ＋ 小 ＋ 辶	子	辶
逋	甫 ＋ 辶	甫	辶
逍	尚字头 ＋ 青字底 ＋ 辶	小	辶
透	禾 ＋ 乃 ＋ 辶	禾	辶
逐	豕 ＋ 辶	豕	辶
逑	一 ＋ 氺 ＋ 丶 ＋ 辶	横	辶
递	弟 ＋ 辶	弟	辶
途	全字头 ＋ 于 ＋ 八 ＋ 辶	人	辶
逖	犭 ＋ 火 ＋ 辶	犭	辶
逗	一 ＋ 口 ＋ 丷 ＋ 一 ＋ 辶	横	辶
通	龴 ＋ 冂 ＋ 举字底 ＋ 辶	厶	辶
逛	犭 ＋ 王 ＋ 辶	犭	辶
逝	扌 ＋ 斤 ＋ 辶	扌	辶
逞	口 ＋ 王 ＋ 辶	口	辶
速	束 ＋ 辶	束	辶
造	告字头 ＋ 口 ＋ 辶	牛	辶
逡	厶 ＋ 八 ＋ 夂 ＋ 辶	厶	辶
逢	夂 ＋ 丰 ＋ 辶	又	辶
逦	丽 ＋ 辶	丽	辶
逭	宀 ＋ 官字底 ＋ 辶	宀	辶
逮	争字底 ＋ 氺 ＋ 辶	争字底	辶
逯	录字头 ＋ 氺 ＋ 辶	争字底	辶
逴	卢字头 ＋ 日 ＋ 十 ＋ 辶	卜	辶
逵	土 ＋ 八 ＋ 土 ＋ 辶	土	辶
逶	禾 ＋ 女 ＋ 辶	禾	辶
逸	兔 ＋ 辶	兔	辶
逻	罒 ＋ 夕 ＋ 辶	皿	辶
逼	一 ＋ 口 ＋ 田 ＋ 辶	横	辶
逾	俞 ＋ 辶	俞	辶
遁	反字框 ＋ 十 ＋ 目 ＋ 辶	撇	辶
遂	丷 ＋ 豕 ＋ 辶	八	辶
遄	山 ＋ 而 ＋ 辶	山	辶
遆	帝字头 ＋ 巾 ＋ 辶	宀	辶
遇	日 ＋ 禺字底 ＋ 辶	日	辶
遍	户 ＋ 冂 ＋ 艹 ＋ 辶	尸	辶
遏	日 ＋ 匃 ＋ 辶	日	辶
遐	折 ＋ 一 ＋ 卢字头 ＋ 一 ＋ 折 ＋ 一 ＋ 又 ＋ 辶	折	辶
遑	白 ＋ 王 ＋ 辶	白	辶
遒	丷 ＋ 酉 ＋ 辶	八	辶
道	丷 ＋ 一 ＋ 自 ＋ 辶	八	辶
遗	贵字头 ＋ 贝 ＋ 辶	虫	辶
遘	冓头 ＋ 冂 ＋ 土 ＋ 辶	冓头	辶
遛	留字头 ＋ 田 ＋ 辶	夕	辶
遢	日 ＋ 习 ＋ 习 ＋ 辶	日	辶
遣	贵字头 ＋ 官字底 ＋ 辶	虫	辶
遥	爫 ＋ 缶 ＋ 辶	爫	辶
遨	龶 ＋ 折 ＋ 丿 ＋ 攵 ＋ 辶	丰	辶
遭	一 ＋ 囗 ＋ 艹 ＋ 日 ＋ 辶	横	辶
遮	广 ＋ 廿 ＋ 灬 ＋ 辶	广	辶
遴	米 ＋ 夕 ＋ 降下角 ＋ 辶	米	辶
遵	丷 ＋ 酉 ＋ 寸 ＋ 辶	八	辶
遹	予 ＋ 丿 ＋ 冂 ＋ 八 ＋ 口 ＋ 辶	予	辶
遽	卜 ＋ 厂 ＋ 匕 ＋ 豕 ＋ 辶	卜	辶
避	尸 ＋ 口 ＋ 辛 ＋ 辶	尸	辶
邀	白 ＋ 方 ＋ 攵 ＋ 辶	白	辶
邂	角 ＋ 刀 ＋ 牛 ＋ 辶	角	辶
邃	宀 ＋ 八 ＋ 丷 ＋ 豕 ＋ 辶	宀	辶
邈	豸 ＋ 白 ＋ 儿 ＋ 辶	豕	辶
邋	巛 ＋ 囗 ＋ 㐅 ＋ 折 ＋ 冬字底 ＋ 折 ＋ 冬字底 ＋ 折 ＋ 辶	巛	辶
邑	口 ＋ 巴	口	已
邓	又 ＋ 阝	又	卩
邕	巛 ＋ 口 ＋ 巴	巛	已
邗	干 ＋ 阝	干	卩
邘	于 ＋ 阝	干	卩
邙	亠 ＋ 折 ＋ 阝	亠	卩
邛	工 ＋ 阝	工	卩
邝	广 ＋ 阝	广	卩
邠	八 ＋ 刀 ＋ 阝	八	卩
邡	方 ＋ 阝	方	卩
邢	一 ＋ 廾 ＋ 阝	横	卩
那	折 ＋ 二 ＋ 丿 ＋ 阝	折	卩
邦	三 ＋ 丿 ＋ 阝	三	卩
邨	一 ＋ 凵 ＋ 折 ＋ 阝	横	卩
邪	牙 ＋ 阝	牙	卩
邬	乌 ＋ 阝	鸟	卩
邮	由 ＋ 阝	田	卩
邯	甘 ＋ 阝	廿	卩
邰	厶 ＋ 口 ＋ 阝	厶	卩
邱	丘 ＋ 阝	丘	卩
邲	必 ＋ 阝	忄	卩
邳	一 ＋ 亻 ＋ 点 ＋ 一 ＋ 阝	横	卩
邴	一 ＋ 冂 ＋ 人 ＋ 阝	横	卩
邵	刀 ＋ 口 ＋ 阝	刀	卩
邶	北字旁 ＋ 比字旁 ＋ 阝	片	卩
邸	氐 ＋ 阝	氏	卩
邹	刍 ＋ 阝	刍	卩
邺	业 ＋ 阝	业	卩
邻	令 ＋ 阝	今	卩
邽	土 ＋ 土 ＋ 阝	土	卩
邾	朱 ＋ 阝	未	卩
邿	土 ＋ 寸 ＋ 阝	土	卩
郁	左字框 ＋ 青字底 ＋ 阝	十	卩
郃	全字头 ＋ 一 ＋ 口 ＋ 阝	人	卩
郄	㐅 ＋ 左字框 ＋ 厶 ＋ 阝	交	卩
郅	至 ＋ 阝	至	卩
郇	勹 ＋ 日 ＋ 阝	匚	卩
郈	反字框 ＋ 一 ＋ 口 ＋ 阝	撇	卩
郊	交 ＋ 阝	交	卩
郎	丶 ＋ 即字旁 ＋ 阝	点	卩
郏	一 ＋ 丷 ＋ 大 ＋ 阝	横	卩
郐	全字头 ＋ 二 ＋ 厶 ＋ 阝	人	卩
郑	丷 ＋ 天 ＋ 阝	八	卩
郓	冖 ＋ 车旁 ＋ 阝	宀	卩
郗	㐅 ＋ 左字框 ＋ 巾 ＋ 阝	交	卩
郚	五 ＋ 口 ＋ 阝	五	卩
郛	爫 ＋ 子 ＋ 阝	爫	卩
郜	告字头 ＋ 口 ＋ 阝	牛	卩
郝	土 ＋ 亦字底 ＋ 阝	土	卩
郡	争字底 ＋ 撇 ＋ 口 ＋ 阝	争字底	卩
郢	口 ＋ 王 ＋ 阝	口	卩
郤	八 ＋ 全字头 ＋ 口 ＋ 阝	八	卩
郦	丽 ＋ 阝	丽	卩
郧	口 ＋ 贝 ＋ 阝	口	卩
部	立 ＋ 口 ＋ 阝	立	卩
郪	横 ＋ 肀 ＋ 女 ＋ 阝	横	卩
郫	白 ＋ 丿 ＋ 十 ＋ 阝	白	卩
郭	享字头 ＋ 子 ＋ 阝	享字头	卩
郯	火 ＋ 火 ＋ 阝	火	卩
郴	木 ＋ 木 ＋ 阝	木	卩
郸	单 ＋ 阝	单	卩
都	耂 ＋ 日 ＋ 阝	耂	卩
郾	匚 ＋ 日 ＋ 女 ＋ 阝	匚	卩
郿	尸 ＋ 丨 ＋ 目 ＋ 阝	尸	卩
鄀	艹 ＋ 左字框 ＋ 口 ＋ 阝	艹	卩
鄂	口 ＋ 口 ＋ 二 ＋ 折 ＋ 阝	口	卩
鄃	俞 ＋ 阝	俞	卩
鄄	覀 ＋ 土 ＋ 阝	西	卩
鄅	撇 ＋ 口 ＋ 禺字底 ＋ 阝	撇	卩
鄌	广 ＋ 肀 ＋ 口 ＋ 阝	广	卩
鄑	亚 ＋ 日 ＋ 阝	业	卩
鄗	享字头 ＋ 冂 ＋ 口 ＋ 阝	享字头	卩
鄘	广 ＋ 折 ＋ 二 ＋ 冂 ＋ 举字底 ＋ 阝	广	卩
鄙	口 ＋ 十 ＋ 囗 ＋ 口 ＋ 阝	口	卩
鄚	莫 ＋ 阝	莫	卩
鄜	鹿旁 ＋ 阝	鹿	卩
鄞	廿 ＋ 口 ＋ 龶 ＋ 阝	廿	卩
鄠	雨头 ＋ 二 ＋ 折 ＋ 阝	雨	卩
鄢	一 ＋ 止 ＋ 一 ＋ 折 ＋ 灬 ＋ 阝	横	卩
鄣	音 ＋ 十 ＋ 阝	音	卩
鄫	丷 ＋ 囗 ＋ 尚字头 ＋ 日 ＋ 阝	八	卩
鄯	羊 ＋ 丷 ＋ 一 ＋ 口 ＋ 阝	羊	卩
鄱	釆 ＋ 田 ＋ 阝	爫	卩
鄹	耳 ＋ 又 ＋ 撇 ＋ 丨 ＋ 撇 ＋ 撇 ＋ 撇 ＋ 丶 ＋ 阝	耳	卩
酂	告字头 ＋ 儿 ＋ 告字头 ＋ 儿 ＋ 贝 ＋ 阝	牛	卩
酃	雨头 ＋ 口 ＋ 口 ＋ 口 ＋ 阝	雨	卩
酅	山 ＋ 隹 ＋ 冂 ＋ 八 ＋ 口 ＋ 阝	山	卩
酆	山 ＋ 丰 ＋ 丰 ＋ 一 ＋ 口 ＋ 丷 ＋ 一 ＋ 阝	山	卩
酉	酉	西	西
酊	酉 ＋ 丁	西	寸
酋	丷 ＋ 酉	八	西
酌	酉 ＋ 勹 ＋ 丶	西	点
配	酉 ＋ 己	西	已
酎	酉 ＋ 寸	西	寸
酏	酉 ＋ 也	西	也
酐	酉 ＋ 干	西	干
酒	氵 ＋ 酉	氵	西
酗	酉 ＋ 㐅 ＋ 凵	西	匚
酚	酉 ＋ 八 ＋ 刀	西	刀
酝	酉 ＋ 二 ＋ 厶	西	厶
酞	酉 ＋ 太	西	大
酡	酉 ＋ 宀 ＋ 匕	西	匕
酢	酉 ＋ 卧人 ＋ 卢字头 ＋ 一	西	横
酣	酉 ＋ 甘	西	廿
酤	酉 ＋ 古	西	古
酥	酉 ＋ 禾	西	禾
酦	酉 ＋ 折 ＋ 撇 ＋ 又 ＋ 点	西	点
酩	酉 ＋ 夕 ＋ 口	西	口
酪	酉 ＋ 各	西	又
酬	酉 ＋ 州	西	州
酮	酉 ＋ 冂 ＋ 一 ＋ 口	西	口
酯	酉 ＋ 匕 ＋ 日	西	日
酰	酉 ＋ 告字头 ＋ 儿	西	儿
酱	丬 ＋ 夕 ＋ 酉	片	西
酲	酉 ＋ 口 ＋ 王	西	王
酴	酉 ＋ 全字头 ＋ 于 ＋ 八	西	八
酵	酉 ＋ 耂 ＋ 子	西	子
酶	酉 ＋ 卧人 ＋ 母	西	母
酷	酉 ＋ 告字头 ＋ 口	西	口
酸	酉 ＋ 厶 ＋ 八 ＋ 夂	西	又
酹	酉 ＋ 爫 ＋ 寸	西	寸
酺	酉 ＋ 甫	西	甫
酽	酉 ＋ 亚 ＋ 丿	西	撇
酾	酉 ＋ 丽	西	丽
酿	酉 ＋ 丶 ＋ 艮	西	艮
醅	酉 ＋ 立 ＋ 口	西	口
醇	酉 ＋ 享字头 ＋ 子	西	子
醉	酉 ＋ 亠 ＋ 人 ＋ 人 ＋ 十	西	十
醋	酉 ＋ 龷 ＋ 日	西	日
醌	酉 ＋ 日 ＋ 比字旁 ＋ 匕	西	匕
醍	酉 ＋ 日 ＋ 定字底	西	定字底
醐	酉 ＋ 古 ＋ 月	西	月
醑	酉 ＋ 疋 ＋ 青字底	西	月
醒	酉 ＋ 日 ＋ 丿 ＋ 龶	西	丰
醚	酉 ＋ 米 ＋ 辶	西	辶
醛	酉 ＋ 艹 ＋ 全字头 ＋ 王	西	王
醢	酉 ＋ 左字框 ＋ 口 ＋ 皿	西	皿
醨	酉 ＋ 亠 ＋ 㐅 ＋ 凵 ＋ 禸	西	禸
醪	酉 ＋ 习 ＋ 习 ＋ 全字头 ＋ 彡	西	彡
醭	酉 ＋ 业 ＋ 养字头	西	美字头
醮	酉 ＋ 隹 ＋ 灬	西	火
醯	酉 ＋ 亠 ＋ 厶 ＋ 荒字底 ＋ 皿	西	皿
醴	酉 ＋ 由 ＋ 丨 ＋ 一 ＋ 口 ＋ 丷 ＋ 一	西	横
醵	酉 ＋ 卜 ＋ 厂 ＋ 匕 ＋ 豕	西	豕
醺	酉 ＋ 熏	西	黑
醾	酉 ＋ 广 ＋ 木 ＋ 木 ＋ 米	西	米
采	采	爫	爫
釉	釆 ＋ 由	爫	田
释	釆 ＋ 又 ＋ 举字底	爫	扌
里	里	里	里
重	千 ＋ 里	干	里
野	里 ＋ 予	里	予
量	日 ＋ 一 ＋ 里	日	里
釐	未 ＋ 攵 ＋ 厂 ＋ 里	未	里
金	金	钅	钅
釜	八 ＋ 㐅 ＋ 金字底	八	钅
鉴	览字头 ＋ 金	览字头	钅
銎	工 ＋ 凡 ＋ 金	工	钅
銮	变字头 ＋ 金	变字头	钅
鋆	土 ＋ 勹 ＋ 冫 ＋ 金	土	钅
鋈	氵 ＋ 撇 ＋ 大 ＋ 金	氵	钅
錾	车旁 ＋ 斤 ＋ 金	车	钅
鍪	予 ＋ 丿 ＋ 攵 ＋ 金	予	钅
鎏	氵 ＋ 亠 ＋ 厶 ＋ 荒字底 ＋ 金	氵	钅
鏊	龶 ＋ 折 ＋ 丿 ＋ 攵 ＋ 金	丰	钅
鏖	鹿 ＋ 金	鹿	钅
鐾	尸 ＋ 口 ＋ 辛 ＋ 金	尸	钅
鑫	金 ＋ 金 ＋ 金	钅	钅
钆	钅 ＋ 折	钅	折
钇	钅 ＋ 乙	钅	乙
针	钅 ＋ 十	钅	十
钉	钅 ＋ 丁	钅	寸
钊	钅 ＋ 刂	钅	刀
钋	钅 ＋ 卜	钅	卜
钌	钅 ＋ 了	钅	子
钍	钅 ＋ 土	钅	土
钎	钅 ＋ 千	钅	干
钏	钅 ＋ 川	钅	川
钐	钅 ＋ 彡	钅	彡
钒	钅 ＋ 凡	钅	几
钓	钅 ＋ 勹 ＋ 丶	钅	点
钔	钅 ＋ 门	钅	匚
钕	钅 ＋ 女	钅	女
钖	钅 ＋ 杨字边	钅	勿
钗	钅 ＋ 又 ＋ 丶	钅	点
钘	钅 ＋ 一 ＋ 廾	钅	艹
钙	钅 ＋ 一 ＋ 卢字头 ＋ 折	钅	折
钚	钅 ＋ 一 ＋ 亻 ＋ 点	钅	点
钛	钅 ＋ 太	钅	大
钜	钅 ＋ 巨	钅	匚
钝	钅 ＋ 一 ＋ 凵 ＋ 折	钅	折
钞	钅 ＋ 少三 ＋ 丿	钅	撇
钟	钅 ＋ 口 ＋ 竖	钅	竖
钠	钅 ＋ 冂 ＋ 人	钅	人
钡	钅 ＋ 贝	钅	见
钢	钅 ＋ 冂 ＋ 㐅	钅	交
钣	钅 ＋ 反字框 ＋ 又	钅	又
钤	钅 ＋ 今	钅	今
钥	钅 ＋ 月	钅	月
钦	钅 ＋ ⺈ ＋ 人	钅	人
钧	钅 ＋ 勹 ＋ 冫	钅	氵
钨	钅 ＋ 乌	钅	鸟
钩	钅 ＋ 勹 ＋ 厶	钅	厶
钪	钅 ＋ 亠 ＋ 几	钅	几
钫	钅 ＋ 方	钅	方
钬	钅 ＋ 火	钅	火
钭	钅 ＋ 冬字底 ＋ 十	钅	十
钮	钅 ＋ 折 ＋ 土	钅	土
钯	钅 ＋ 巴	钅	已
钰	钅 ＋ 玉	钅	王
钱	钅 ＋ 戋	钅	戈
钲	钅 ＋ 一 ＋ 止	钅	止
钳	钅 ＋ 甘	钅	廿
钴	钅 ＋ 古	钅	古
钵	钅 ＋ 木 ＋ 一	钅	横
钷	钅 ＋ 匚 ＋ 口	钅	口
钹	钅 ＋ 左字框 ＋ 又 ＋ 丶	钅	点
钺	钅 ＋ 戉	钅	戈
钻	钅 ＋ 卢字头 ＋ 口	钅	口
钼	钅 ＋ 目	钅	日
钽	钅 ＋ 日 ＋ 一	钅	横
钾	钅 ＋ 甲	钅	田
钿	钅 ＋ 田	钅	田
铀	钅 ＋ 由	钅	田
铁	钅 ＋ 失	钅	矢
铂	钅 ＋ 白	钅	白
铃	钅 ＋ 令	钅	今
铄	钅 ＋ 乐	钅	乐
铅	钅 ＋ 几 ＋ 口	钅	口
铆	钅 ＋ 卯	钅	卵
铈	钅 ＋ 亠 ＋ 巾	钅	巾
铉	钅 ＋ 亠 ＋ 幺	钅	纟
铊	钅 ＋ 宀 ＋ 匕	钅	匕
铋	钅 ＋ 必	钅	忄
铌	钅 ＋ 尸 ＋ 匕	钅	匕
铍	钅 ＋ 皮	钅	皮
铎	钅 ＋ 又 ＋ 举字底	钅	扌
铏	钅 ＋ 一 ＋ 廾 ＋ 刂	钅	刀
铐	钅 ＋ 耂 ＋ 一 ＋ 折	钅	折
铑	钅 ＋ 耂 ＋ 匕	钅	匕
铒	钅 ＋ 耳	钅	耳
铕	钅 ＋ 左字框 ＋ 青字底	钅	月
铖	钅 ＋ 戊 ＋ 折	钅	折
铗	钅 ＋ 一 ＋ 丷 ＋ 大	钅	大
铘	钅 ＋ 牙 ＋ 阝	钅	卩
铙	钅 ＋ 尧	钅	尧
铚	钅 ＋ 至	钅	至
铛	钅 ＋ 尚字头 ＋ 彐	钅	争字底
铜	钅 ＋ 冂 ＋ 一 ＋ 口	钅	口
铝	钅 ＋ 口 ＋ 口	钅	口
铞	钅 ＋ 口 ＋ 巾	钅	巾
铟	钅 ＋ 囗 ＋ 大	钅	大
铠	钅 ＋ 山 ＋ 己	钅	已
铡	钅 ＋ 贝 ＋ 刂	钅	刀
铢	钅 ＋ 朱	钅	未
铣	钅 ＋ 告字头 ＋ 儿	钅	儿
铤	钅 ＋ 壬 ＋ 廴	钅	辶
铥	钅 ＋ 壬 ＋ 厶	钅	厶
铧	钅 ＋ 亻 ＋ 化字边 ＋ 十	钅	十
铨	钅 ＋ 全字头 ＋ 王	钅	王
铩	钅 ＋ 㐅 ＋ 一 ＋ 小	钅	小
铪	钅 ＋ 全字头 ＋ 一 ＋ 口	钅	口
铫	钅 ＋ 冫 ＋ 冫 ＋ 儿	钅	儿
铬	钅 ＋ 各	钅	又
铭	钅 ＋ 夕 ＋ 口	钅	口
铮	钅 ＋ ⺈ ＋ 争字底	钅	争字底
铯	钅 ＋ ⺈ ＋ 巴	钅	已
铰	钅 ＋ 交	钅	交
铱	钅 ＋ 衣	钅	衣
铲	钅 ＋ 立 ＋ 丿	钅	撇
铳	钅 ＋ 亠 ＋ 厶 ＋ 儿	钅	儿
铴	钅 ＋ 氵 ＋ 杨字边	钅	勿
铵	钅 ＋ 宀 ＋ 女	钅	女
银	钅 ＋ 艮	钅	艮
铷	钅 ＋ 女 ＋ 口	钅	口
铸	钅 ＋ 三 ＋ 丿 ＋ 寸	钅	寸
铹	钅 ＋ 艹 ＋ 冖 ＋ 力	钅	力
铺	钅 ＋ 甫	钅	甫
铻	钅 ＋ 五 ＋ 口	钅	口
铼	钅 ＋ 来	钅	来
铽	钅 ＋ 弋 ＋ 心	钅	忄
链	钅 ＋ 车 ＋ 辶	钅	辶
铿	钅 ＋ 贤字头 ＋ 土	钅	土
销	钅 ＋ 尚字头 ＋ 青字底	钅	月
锁	钅 ＋ 尚字头 ＋ 贝	钅	见
锂	钅 ＋ 里	钅	里
锃	钅 ＋ 口 ＋ 王	钅	王
锄	钅 ＋ 且 ＋ 力	钅	力
锅	钅 ＋ 口 ＋ 冂 ＋ 人	钅	人
锆	钅 ＋ 告字头 ＋ 口	钅	口
锇	钅 ＋ 撇 ＋ 横 ＋ 折 ＋ 横 ＋ 戈	钅	戈
锈	钅 ＋ 禾 ＋ 乃	钅	乃
锉	钅 ＋ 人 ＋ 人 ＋ 土	钅	土
锊	钅 ＋ 爫 ＋ 寸	钅	寸
锋	钅 ＋ 夂 ＋ 丰	钅	丰
锌	钅 ＋ 辛	钅	辛
锍	钅 ＋ 亠 ＋ 厶 ＋ 荒字底	钅	竖
锎	钅 ＋ 门 ＋ 一 ＋ 廾	钅	艹
锏	钅 ＋ 门 ＋ 日	钅	日
锐	钅 ＋ 丷 ＋ 口 ＋ 儿	钅	儿
锑	钅 ＋ 弟	钅	弟
锒	钅 ＋ 丶 ＋ 艮	钅	艮
锓	钅 ＋ 彐 ＋ 冖 ＋ 又	钅	又
锔	钅 ＋ 尸 ＋ 折 ＋ 口	钅	口
锕	钅 ＋ 阝 ＋ 可	钅	寸
锖	钅 ＋ 龶 ＋ 青字底	钅	月
锗	钅 ＋ 耂 ＋ 日	钅	日
锘	钅 ＋ 艹 ＋ 左字框 ＋ 口	钅	口
错	钅 ＋ 龷 ＋ 日	钅	日
锚	钅 ＋ 艹 ＋ 田	钅	田
锛	钅 ＋ 大 ＋ 十 ＋ 廾	钅	艹
锜	钅 ＋ 大 ＋ 可	钅	寸
锝	钅 ＋ 日 ＋ 一 ＋ 寸	钅	寸
锞	钅 ＋ 日 ＋ 木	钅	木
锟	钅 ＋ 日 ＋ 比字旁 ＋ 匕	钅	匕
锡	钅 ＋ 日 ＋ 勿	钅	勿
锢	钅 ＋ 囗 ＋ 古	钅	古
锣	钅 ＋ 罒 ＋ 夕	钅	夕
锤	钅 ＋ 千 ＋ 龷 ＋ 一	钅	横
锥	钅 ＋ 隹	钅	隹
锦	钅 ＋ 白 ＋ 巾	钅	巾
锧	钅 ＋ 反字框 ＋ 十 ＋ 贝	钅	见
锨	钅 ＋ 斤 ＋ ⺈ ＋ 人	钅	人
锩	钅 ＋ 龹 ＋ 㔾	钅	已
锪	钅 ＋ 勿 ＋ 心	钅	忄
锫	钅 ＋ 立 ＋ 口	钅	口
锬	钅 ＋ 火 ＋ 火	钅	火
锭	钅 ＋ 宀 ＋ 定字底	钅	定字底
键	钅 ＋ 聿 ＋ 廴	钅	辶
锯	钅 ＋ 居	钅	居
锰	钅 ＋ 子 ＋ 皿	钅	皿
锱	钅 ＋ 巛 ＋ 田	钅	田
锲	钅 ＋ 丰 ＋ 刀 ＋ 大	钅	大
锳	钅 ＋ 艹 ＋ 见二 ＋ 大	钅	大
锴	钅 ＋ 比字旁 ＋ 匕 ＋ 白	钅	白
锵	钅 ＋ 丬 ＋ 夕 ＋ 寸	钅	寸
锶	钅 ＋ 田 ＋ 心	钅	忄
锷	钅 ＋ 口 ＋ 口 ＋ 二 ＋ 折	钅	折
锸	钅 ＋ 千 ＋ 臼	钅	白
锹	钅 ＋ 禾 ＋ 火	钅	火
锺	钅 ＋ 千 ＋ 里	钅	里
锻	钅 ＋ 撇 ＋ 卢字头 ＋ 二 ＋ 殳	钅	殳
锼	钅 ＋ 叟字头 ＋ 又	钅	又
锽	钅 ＋ 白 ＋ 王	钅	王
锾	钅 ＋ 爫 ＋ 一 ＋ 左字框 ＋ 又	钅	又
锿	钅 ＋ 衣 ＋ 口	钅	口
镀	钅 ＋ 广 ＋ 廿 ＋ 又	钅	又
镁	钅 ＋ 美字头 ＋ 大	钅	大
镂	钅 ＋ 米 ＋ 女	钅	女
镃	钅 ＋ 丷 ＋ 一 ＋ 幺 ＋ 幺	钅	纟
镄	钅 ＋ 弗 ＋ 贝	钅	见
镅	钅 ＋ 尸 ＋ 丨 ＋ 目	钅	日
镆	钅 ＋ 莫	钅	莫
镇	钅 ＋ 十 ＋ 具字头 ＋ 八	钅	八
镈	钅 ＋ 甫 ＋ 寸	钅	寸
镉	钅 ＋ 鬲	钅	鬲
镊	钅 ＋ 耳 ＋ 又 ＋ 又	钅	又
镋	钅 ＋ 尚头 ＋ 儿	钅	儿
镌	钅 ＋ 隹 ＋ 乃	钅	乃
镍	钅 ＋ 自 ＋ 木	钅	木
镎	钅 ＋ 全字头 ＋ 一 ＋ 口 ＋ 手	钅	扌
镏	钅 ＋ 留字头 ＋ 田	钅	田
镐	钅 ＋ 享字头 ＋ 冂 ＋ 口	钅	口
镑	钅 ＋ 帝字头 ＋ 方	钅	方
镒	钅 ＋ 丷 ＋ 一 ＋ 八 ＋ 皿	钅	皿
镓	钅 ＋ 宀 ＋ 豕	钅	豕
镔	钅 ＋ 宀 ＋ 撇 ＋ 卢字头 ＋ 丨 ＋ 一 ＋ 八	钅	八
镕	钅 ＋ 宀 ＋ 八 ＋ 全字头 ＋ 口	钅	口
镖	钅 ＋ 覀 ＋ 示	钅	示
镗	钅 ＋ 尚头 ＋ 土	钅	土
镘	钅 ＋ 日 ＋ 罒 ＋ 又	钅	又
镚	钅 ＋ 山 ＋ 月 ＋ 月	钅	月
镛	钅 ＋ 广 ＋ 折 ＋ 二 ＋ 冂 ＋ 举字底	钅	扌
镜	钅 ＋ 音 ＋ 儿	钅	儿
镝	钅 ＋ 啇	钅	商
镞	钅 ＋ 方 ＋ 卧人 ＋ 矢	钅	矢
镠	钅 ＋ 习 ＋ 习 ＋ 全字头 ＋ 彡	钅	彡
镡	钅 ＋ 覀 ＋ 日 ＋ 十	钅	十
镢	钅 ＋ 厂 ＋ 丷 ＋ 一 ＋ 凵 ＋ 丿 ＋ ⺈ ＋ 人	钅	人
镣	钅 ＋ 大 ＋ 丷 ＋ 日 ＋ 小	钅	小
镤	钅 ＋ 业 ＋ 养字头	钅	美字头
镥	钅 ＋ 鱼 ＋ 日	钅	日
镦	钅 ＋ 享字头 ＋ 子 ＋ 攵	钅	又
镧	钅 ＋ 门 ＋ 柬	钅	束
镨	钅 ＋ 丷 ＋ 亚 ＋ 日	钅	日
镩	钅 ＋ 宀 ＋ 八 ＋ 口 ＋ 口 ＋ 丨	钅	竖
镪	钅 ＋ 弓 ＋ 口 ＋ 虫	钅	虫
镫	钅 ＋ 登字头 ＋ 一 ＋ 口 ＋ 丷 ＋ 一	钅	横
镬	钅 ＋ 艹 ＋ 隹 ＋ 又	钅	又
镭	钅 ＋ 雨头 ＋ 田	钅	田
镮	钅 ＋ 罒 ＋ 一 ＋ 口 ＋ 衣省	钅	衣
镯	钅 ＋ 罒 ＋ 勹 ＋ 虫	钅	虫
镰	钅 ＋ 广 ＋ 兼	钅	兼
镱	钅 ＋ 音 ＋ 心	钅	忄
镲	钅 ＋ 宀 ＋ 祭字头 ＋ 示	钅	示
镳	钅 ＋ 鹿 ＋ 灬	钅	火
镴	钅 ＋ 巛 ＋ 囗 ＋ 㐅 ＋ 折 ＋ 冬字底 ＋ 折 ＋ 冬字底 ＋ 折	钅	折
镵	钅 ＋ ⺈ ＋ 口 ＋ 比字旁 ＋ 匕 ＋ 兔	钅	兔
镶	钅 ＋ 襄	钅	衣
长	长	长	长
门	门	匚	匚
闩	门 ＋ 一	匚	横
闪	门 ＋ 人	匚	人
闫	门 ＋ 三	匚	三
闭	门 ＋ 才	匚	寸
问	门 ＋ 口	匚	口
闯	门 ＋ 马	匚	马
闰	门 ＋ 王	匚	王
闱	门 ＋ 韦	匚	韦
闲	门 ＋ 木	匚	木
闳	门 ＋ 左字框 ＋ 厶	匚	厶
间	门 ＋ 日	匚	日
闵	门 ＋ 文	匚	文
闶	门 ＋ 亠 ＋ 几	匚	几
闷	门 ＋ 心	匚	忄
闸	门 ＋ 甲	匚	田
闹	门 ＋ 亠 ＋ 巾	匚	巾
闺	门 ＋ 土 ＋ 土	匚	土
闻	门 ＋ 耳	匚	耳
闼	门 ＋ 大 ＋ 辶	匚	辶
闽	门 ＋ 虫	匚	虫
闾	门 ＋ 口 ＋ 口	匚	口
闿	门 ＋ 山 ＋ 己	匚	已
阀	门 ＋ 亻 ＋ 戈	匚	戈
阁	门 ＋ 各	匚	又
阂	门 ＋ 亠 ＋ 折 ＋ 丿 ＋ 人	匚	人
阃	门 ＋ 囗 ＋ 木	匚	木
阄	门 ＋ ⺈ ＋ 龟字底	匚	田
阅	门 ＋ 丷 ＋ 口 ＋ 儿	匚	儿
阆	门 ＋ 丶 ＋ 艮	匚	艮
阇	门 ＋ 耂 ＋ 日	匚	日
阈	门 ＋ 戈 ＋ 口 ＋ 一	匚	横
阉	门 ＋ 大 ＋ 电	匚	田
阊	门 ＋ 日 ＋ 日	匚	日
阋	门 ＋ 臼 ＋ 儿	匚	儿
阌	门 ＋ 爫 ＋ 冖 ＋ 又	匚	又
阍	门 ＋ 氏 ＋ 日	匚	日
阎	门 ＋ ⺈ ＋ 臼	匚	白
阏	门 ＋ 方 ＋ 全字头 ＋ 冬字底	匚	点
阐	门 ＋ 单	匚	单
阑	门 ＋ 柬	匚	束
阒	门 ＋ 目 ＋ 犬	匚	大
阔	门 ＋ 氵 ＋ 千 ＋ 口	匚	口
阕	门 ＋ 登字头 ＋ 天	匚	大
阖	门 ＋ 土 ＋ 厶 ＋ 皿	匚	皿
阗	门 ＋ 十 ＋ 具字头 ＋ 八	匚	八
阘	门 ＋ 日 ＋ 习 ＋ 习	匚	习
阙	门 ＋ 丷 ＋ 一 ＋ 凵 ＋ 丿 ＋ ⺈ ＋ 人	匚	人
阚	门 ＋ 折 ＋ 耳 ＋ 攵	匚	又
阜	追字心 ＋ 十	追字心	十
队	阝 ＋ 人	卩	人
阡	阝 ＋ 千	卩	干
阪	阝 ＋ 反字框 ＋ 又	卩	又
阮	阝 ＋ 一 ＋ 兀	卩	儿
阱	阝 ＋ 井	卩	井
防	阝 ＋ 方	卩	方
阳	阝 ＋ 日	卩	日
阴	阝 ＋ 月	卩	月
阵	阝 ＋ 车	卩	车
阶	阝 ＋ 全字头 ＋ 乔字底	卩	竖
阻	阝 ＋ 且	卩	且
阼	阝 ＋ 卧人 ＋ 卢字头 ＋ 一	卩	横
阽	阝 ＋ 卢字头 ＋ 口	卩	口
阿	阝 ＋ 可	卩	寸
陀	阝 ＋ 宀 ＋ 匕	卩	匕
陂	阝 ＋ 皮	卩	皮
附	阝 ＋ 付	卩	付
际	阝 ＋ 示	卩	示
陆	阝 ＋ 击	卩	击
陇	阝 ＋ 龙	卩	龙
陈	阝 ＋ 东	卩	车
陉	阝 ＋ 轻字边	卩	工
陋	阝 ＋ 一 ＋ 冂 ＋ 人 ＋ 折	卩	折
陌	阝 ＋ 一 ＋ 白	卩	白
降	阝 ＋ 夂 ＋ 降下角	卩	降下角
陎	阝 ＋ 朱	卩	未
限	阝 ＋ 艮	卩	艮
陑	阝 ＋ 而	卩	雨
陔	阝 ＋ 亠 ＋ 折 ＋ 丿 ＋ 人	卩	人
陕	阝 ＋ 一 ＋ 丷 ＋ 大	卩	大
陛	阝 ＋ 比字旁 ＋ 匕 ＋ 土	卩	土
陞	阝 ＋ 撇 ＋ 廾 ＋ 土	卩	土
陟	阝 ＋ 止 ＋ 丨 ＋ 丿 ＋ 丿	卩	撇
陡	阝 ＋ 走	卩	足
院	阝 ＋ 宀 ＋ 一 ＋ 兀	卩	儿
除	阝 ＋ 全字头 ＋ 于 ＋ 八	卩	八
陧	阝 ＋ 日 ＋ 土	卩	土
陨	阝 ＋ 口 ＋ 贝	卩	见
险	阝 ＋ 佥	卩	佥
陪	阝 ＋ 立 ＋ 口	卩	口
陬	阝 ＋ 耳 ＋ 又	卩	又
陲	阝 ＋ 千 ＋ 龷 ＋ 一	卩	横
陴	阝 ＋ 白 ＋ 丿 ＋ 十	卩	十
陵	阝 ＋ 土 ＋ 八 ＋ 夂	卩	又
陶	阝 ＋ 勹 ＋ 缶	卩	击
陷	阝 ＋ ⺈ ＋ 臼	卩	白
隃	阝 ＋ 俞	卩	俞
隅	阝 ＋ 日 ＋ 禺字底	卩	禸
隆	阝 ＋ 夂 ＋ 一 ＋ 丿 ＋ 龶	卩	丰
隈	阝 ＋ 田 ＋ 畏字底带横	卩	定字底
隋	阝 ＋ 左字框 ＋ 工 ＋ 青字底	卩	月
隍	阝 ＋ 白 ＋ 王	卩	王
随	阝 ＋ 左字框 ＋ 青字底 ＋ 辶	卩	辶
隐	阝 ＋ 刍 ＋ 心	卩	忄
隔	阝 ＋ 鬲	卩	鬲
隗	阝 ＋ 鬼	卩	鬼
隘	阝 ＋ 丷 ＋ 一 ＋ 八 ＋ 皿	卩	皿
隙	阝 ＋ 少三 ＋ 日 ＋ 小	卩	小
障	阝 ＋ 音 ＋ 十	卩	十
隧	阝 ＋ 丷 ＋ 豕 ＋ 辶	卩	辶
隩	阝 ＋ 向字框 ＋ 米 ＋ 大	卩	大
隰	阝 ＋ 日 ＋ 幺 ＋ 幺 ＋ 灬	卩	火
隳	阝 ＋ 左字框 ＋ 工 ＋ 青字底 ＋ 全字头 ＋ 恭字底	卩	忄
隶	争字底 ＋ 氺	争字底	氵
隹	隹	隹	隹
隺	冖 ＋ 隹	宀	隹
隼	隹 ＋ 十	隹	十
隽	隹 ＋ 乃	隹	乃
难	又 ＋ 隹	又	隹
雀	小 ＋ 隹	小	隹
雁	厂 ＋ 亻 ＋ 隹	广	隹
雄	左字框 ＋ 厶 ＋ 隹	十	隹
雅	牙 ＋ 隹	牙	隹
集	隹 ＋ 木	隹	木
雇	户 ＋ 隹	尸	隹
雉	矢 ＋ 隹	矢	隹
雊	勹 ＋ 口 ＋ 隹	匚	隹
雌	止 ＋ 比字旁 ＋ 隹	止	隹
雍	亠 ＋ 乡 ＋ 隹	亠	隹
雎	且 ＋ 隹	且	隹
雏	刍 ＋ 隹	刍	隹
雒	各 ＋ 隹	又	隹
雕	周字框 ＋ 土 ＋ 口 ＋ 隹	几	隹
雠	隹 ＋ 讠 ＋ 隹	隹	隹
雨	雨	雨	雨
雩	雨头 ＋ 二 ＋ 折	雨	折
雪	雨头 ＋ 彐	雨	争字底
雯	雨头 ＋ 文	雨	文
雱	雨头 ＋ 方	雨	方
雳	雨头 ＋ 厂 ＋ 力	雨	力
零	雨头 ＋ 令	雨	今
雷	雨头 ＋ 田	雨	田
雹	雨头 ＋ 勹 ＋ 巳	雨	已
雾	雨头 ＋ 夂 ＋ 力	雨	力
需	雨头 ＋ 而	雨	雨
霁	雨头 ＋ 文 ＋ 乔字底	雨	竖
霄	雨头 ＋ 尚字头 ＋ 青字底	雨	月
霅	雨头 ＋ 言	雨	讠
霆	雨头 ＋ 壬 ＋ 廴	雨	辶
震	雨头 ＋ 厂 ＋ 一 ＋ 畏字底带横	雨	定字底
霈	雨头 ＋ 氵 ＋ 一 ＋ 巾	雨	巾
霉	雨头 ＋ 卧人 ＋ 母	雨	母
霍	雨头 ＋ 隹	雨	隹
霎	雨头 ＋ 立 ＋ 女	雨	女
霏	雨头 ＋ 非	雨	片
霓	雨头 ＋ 臼 ＋ 儿	雨	儿
霖	雨头 ＋ 木 ＋ 木	雨	木
霜	雨头 ＋ 木 ＋ 目	雨	日
霞	雨头 ＋ 折 ＋ 一 ＋ 卢字头 ＋ 一 ＋ 折 ＋ 一 ＋ 又	雨	又
霨	雨头 ＋ 尸 ＋ 示 ＋ 寸	雨	寸
霪	雨头 ＋ 氵 ＋ 爫 ＋ 壬	雨	土
霭	雨头 ＋ 讠 ＋ 日 ＋ 匃	雨	匚
霰	雨头 ＋ 龷 ＋ 青字底 ＋ 攵	雨	又
露	雨头 ＋ 足旁 ＋ 各	雨	又
霸	雨头 ＋ 革 ＋ 月	雨	月
霹	雨头 ＋ 尸 ＋ 口 ＋ 辛	雨	辛
霾	雨头 ＋ 豸 ＋ 里	雨	里
青	龶 ＋ 青字底	丰	月
靓	龶 ＋ 青字底 ＋ 见	丰	见
靖	立 ＋ 龶 ＋ 青字底	立	月
静	龶 ＋ 青字底 ＋ ⺈ ＋ 争字底	丰	争字底
靛	龶 ＋ 青字底 ＋ 宀 ＋ 定字底	丰	定字底
非	非	片	片
靠	告字头 ＋ 口 ＋ 非	牛	片
靡	广 ＋ 木 ＋ 木 ＋ 非	广	片
面	面	雨	雨
靥	厂 ＋ 犬 ＋ 面	广	雨
革	革	廿	廿
靬	革 ＋ 干	廿	干
靰	革 ＋ 兀	廿	儿
靳	革 ＋ 斤	廿	斤
靴	革 ＋ 亻 ＋ 化字边	廿	匕
靶	革 ＋ 巴	廿	已
靸	革 ＋ 及	廿	及
靺	革 ＋ 末	廿	未
靼	革 ＋ 日 ＋ 一	廿	横
靽	革 ＋ 丷 ＋ 举字底	廿	扌
靿	革 ＋ 幺 ＋ 力	廿	力
鞁	革 ＋ 皮	廿	皮
鞅	革 ＋ 见二 ＋ 大	廿	大
鞋	革 ＋ 土 ＋ 土	廿	土
鞍	革 ＋ 宀 ＋ 女	廿	女
鞑	革 ＋ 大 ＋ 辶	廿	辶
鞒	革 ＋ 乔	廿	竖
鞔	革 ＋ 免	廿	兔
鞘	革 ＋ 尚字头 ＋ 青字底	廿	月
鞠	革 ＋ 勹 ＋ 米	廿	米
鞡	革 ＋ 扌 ＋ 立	廿	立
鞣	革 ＋ 予 ＋ 丿 ＋ 木	廿	木
鞧	革 ＋ 丷 ＋ 酉	廿	西
鞨	革 ＋ 日 ＋ 匃	廿	匚
鞫	革 ＋ 勹 ＋ 言	廿	讠
鞬	革 ＋ 聿 ＋ 廴	廿	辶
鞭	革 ＋ 亻 ＋ 一 ＋ 日 ＋ 㐅	廿	交
鞮	革 ＋ 日 ＋ 定字底	廿	定字底
鞯	革 ＋ 艹 ＋ 在字框 ＋ 子	廿	子
鞲	革 ＋ 冓头 ＋ 冂 ＋ 土	廿	土
鞳	革 ＋ 艹 ＋ 全字头 ＋ 一 ＋ 口	廿	口
鞴	革 ＋ 龷 ＋ 丿 ＋ 冂 ＋ 举字底	廿	扌
韂	革 ＋ ⺈ ＋ 厂 ＋ 八 ＋ 言	廿	讠
韦	韦	韦	韦
韧	韦 ＋ 刀 ＋ 丶	韦	点
韨	韦 ＋ 左字框 ＋ 又 ＋ 丶	韦	点
韩	十 ＋ 日 ＋ 十 ＋ 韦	十	韦
韪	日 ＋ 定字底 ＋ 韦	日	韦
韫	韦 ＋ 日 ＋ 皿	韦	皿
韬	韦 ＋ 爫 ＋ 臼	韦	白
韭	非 ＋ 一	片	横
音	音	音	音
韵	音 ＋ 勹 ＋ 冫	音	氵
韶	音 ＋ 刀 ＋ 口	音	口
页	页	见	见
顶	丁 ＋ 页	寸	见
顷	比字旁 ＋ 页	匕	见
顸	干 ＋ 页	干	见
项	工 ＋ 页	工	见
顺	川 ＋ 页	川	见
须	彡 ＋ 页	彡	见
顼	王 ＋ 页	王	见
顽	一 ＋ 兀 ＋ 页	横	见
顾	厂 ＋ 㔾 ＋ 页	广	见
顿	一 ＋ 凵 ＋ 折 ＋ 页	横	见
颀	斤 ＋ 页	斤	见
颁	八 ＋ 刀 ＋ 页	八	见
颂	八 ＋ 厶 ＋ 页	八	见
颃	亠 ＋ 几 ＋ 页	亠	见
预	予 ＋ 页	予	见
颅	卢字头 ＋ 尸 ＋ 页	卜	见
领	令 ＋ 页	今	见
颇	皮 ＋ 页	皮	见
颈	轻字边 ＋ 页	工	见
颉	士 ＋ 口 ＋ 页	土	见
颊	一 ＋ 丷 ＋ 大 ＋ 页	横	见
颋	壬 ＋ 廴 ＋ 页	土	见
颌	全字头 ＋ 一 ＋ 口 ＋ 页	人	见
颍	匕 ＋ 水 ＋ 页	匕	见
颎	匕 ＋ 火 ＋ 页	匕	见
颏	亠 ＋ 折 ＋ 丿 ＋ 人 ＋ 页	亠	见
颐	颐字旁 ＋ 页	臣	见
频	止 ＋ 丨 ＋ 丿 ＋ 丿 ＋ 页	止	见
颓	禾 ＋ 几 ＋ 页	禾	见
颔	今 ＋ 口 ＋ 页	今	见
颖	匕 ＋ 禾 ＋ 页	匕	见
颗	日 ＋ 木 ＋ 页	日	见
题	日 ＋ 定字底 ＋ 页	日	见
颙	日 ＋ 禺字底 ＋ 页	日	见
颚	口 ＋ 口 ＋ 二 ＋ 折 ＋ 页	口	见
颛	山 ＋ 而 ＋ 页	山	见
颜	立 ＋ 丿 ＋ 彡 ＋ 页	立	见
额	宀 ＋ 各 ＋ 页	宀	见
颞	耳 ＋ 又 ＋ 又 ＋ 页	耳	见
颟	艹 ＋ 两 ＋ 页	艹	见
颠	十 ＋ 具字头 ＋ 八 ＋ 页	十	见
颡	又 ＋ 又 ＋ 又 ＋ 木 ＋ 页	又	见
颢	日 ＋ 享字头 ＋ 小 ＋ 页	日	见
颤	亠 ＋ 囗 ＋ 口 ＋ 日 ＋ 一 ＋ 页	亠	见
颥	雨头 ＋ 而 ＋ 页	雨	见
颦	止 ＋ 丨 ＋ 丿 ＋ 丿 ＋ 页 ＋ 白 ＋ 丿 ＋ 十	止	十
颧	艹 ＋ 口 ＋ 口 ＋ 隹 ＋ 页	艹	见
风	风省 ＋ 㐅	几	交
飏	风省 ＋ 㐅 ＋ 杨字边	几	勿
飐	风省 ＋ 㐅 ＋ 卢字头 ＋ 口	几	口
飑	风省 ＋ 㐅 ＋ 勹 ＋ 巳	几	已
飒	立 ＋ 风省 ＋ 㐅	立	交
飓	风省 ＋ 㐅 ＋ 具字头 ＋ 八	几	八
飔	风省 ＋ 㐅 ＋ 田 ＋ 心	几	忄
飕	风省 ＋ 㐅 ＋ 叟字头 ＋ 又	几	又
飗	风省 ＋ 㐅 ＋ 留字头 ＋ 田	几	田
飘	覀 ＋ 示 ＋ 风省 ＋ 㐅	西	交
飙	犬 ＋ 犬 ＋ 犬 ＋ 风省 ＋ 㐅	大	交
飞	飞	折	折
食	全字头 ＋ 丶 ＋ 艮	人	艮
飧	夕 ＋ 全字头 ＋ 丶 ＋ 艮	夕	艮
飨	乡 ＋ 全字头 ＋ 丶 ＋ 艮	纟	艮
餍	厂 ＋ 犬 ＋ 全字头 ＋ 丶 ＋ 艮	广	艮
餐	餐字头 ＋ 全字头 ＋ 丶 ＋ 艮	夕	艮
餮	歹 ＋ 全字头 ＋ 彡 ＋ 全字头 ＋ 丶 ＋ 艮	夕	艮
饔	亠 ＋ 乡 ＋ 隹 ＋ 全字头 ＋ 丶 ＋ 艮	亠	艮
饕	口 ＋ 一 ＋ 折 ＋ 卜 ＋ 厂 ＋ 匕 ＋ 几 ＋ 全字头 ＋ 丶 ＋ 艮	口	艮
饥	饣 ＋ 几	饣	几
饧	饣 ＋ 杨字边	饣	勿
饨	饣 ＋ 一 ＋ 凵 ＋ 折	饣	折
饩	饣 ＋ 气	饣	气
饪	饣 ＋ 壬	饣	土
饫	饣 ＋ 撇 ＋ 大	饣	大
饬	饣 ＋ 卧人 ＋ 力	饣	力
饭	饣 ＋ 反字框 ＋ 又	饣	又
饮	饣 ＋ ⺈ ＋ 人	饣	人
饯	饣 ＋ 戋	饣	戈
饰	饣 ＋ 卧人 ＋ 巾	饣	巾
饱	饣 ＋ 勹 ＋ 巳	饣	已
饲	饣 ＋ 折 ＋ 一 ＋ 口	饣	口
饳	饣 ＋ 出	饣	山
饴	饣 ＋ 厶 ＋ 口	饣	口
饵	饣 ＋ 耳	饣	耳
饶	饣 ＋ 尧	饣	尧
饷	饣 ＋ 向	饣	向
饸	饣 ＋ 全字头 ＋ 一 ＋ 口	饣	口
饹	饣 ＋ 各	饣	又
饺	饣 ＋ 交	饣	交
饻	饣 ＋ 衣	饣	衣
饼	饣 ＋ 丷 ＋ 一 ＋ 廾	饣	艹
饽	饣 ＋ 十 ＋ 冖 ＋ 子	饣	子
饿	饣 ＋ 撇 ＋ 横 ＋ 折 ＋ 横 ＋ 戈	饣	戈
馁	饣 ＋ 爫 ＋ 女	饣	女
馃	饣 ＋ 日 ＋ 木	饣	木
馄	饣 ＋ 日 ＋ 比字旁 ＋ 匕	饣	匕
馅	饣 ＋ ⺈ ＋ 臼	饣	白
馆	饣 ＋ 宀 ＋ 官字底	饣	追字心
馇	饣 ＋ 木 ＋ 日 ＋ 一	饣	横
馈	饣 ＋ 贵字头 ＋ 贝	饣	见
馉	饣 ＋ 骨	饣	骨
馊	饣 ＋ 叟字头 ＋ 又	饣	又
馋	饣 ＋ 免 ＋ 冬字底	饣	点
馌	饣 ＋ 土 ＋ 厶 ＋ 皿	饣	皿
馍	饣 ＋ 莫	饣	莫
馏	饣 ＋ 留字头 ＋ 田	饣	田
馐	饣 ＋ 差字头 ＋ 折 ＋ 土	饣	土
馑	饣 ＋ 廿 ＋ 口 ＋ 龶	饣	丰
馒	饣 ＋ 日 ＋ 罒 ＋ 又	饣	又
馓	饣 ＋ 龷 ＋ 青字底 ＋ 攵	饣	又
馔	饣 ＋ 巳 ＋ 巳 ＋ 龷 ＋ 八	饣	八
馕	饣 ＋ 囊字头 ＋ 襄省	饣	衣
首	丷 ＋ 一 ＋ 自	八	白
馗	九 ＋ 丷 ＋ 一 ＋ 自	九	白
馘	丷 ＋ 一 ＋ 自 ＋ 戈 ＋ 口 ＋ 一	八	横
香	禾 ＋ 日	禾	日
馝	禾 ＋ 日 ＋ 必	禾	忄
馞	禾 ＋ 日 ＋ 十 ＋ 冖 ＋ 子	禾	子
馥	禾 ＋ 日 ＋ 卧人 ＋ 日 ＋ 夂	禾	又
馧	禾 ＋ 日 ＋ 日 ＋ 皿	禾	皿
馨	士 ＋ 尸 ＋ 丨 ＋ 殳 ＋ 禾 ＋ 日	土	日
马	马	马	马
驭	马 ＋ 又	马	又
驮	马 ＋ 大	马	大
驯	马 ＋ 川	马	川
驰	马 ＋ 也	马	也
驱	马 ＋ 匚 ＋ 㐅	马	交
驲	马 ＋ 日	马	日
驳	马 ＋ 㐅 ＋ 㐅	马	交
驴	马 ＋ 户	马	尸
驵	马 ＋ 且	马	且
驶	马 ＋ 口 ＋ 乂	马	交
驷	马 ＋ 四	马	皿
驸	马 ＋ 付	马	付
驹	马 ＋ 勹 ＋ 口	马	口
驺	马 ＋ 刍	马	刍
驻	马 ＋ 亠 ＋ 土	马	土
驼	马 ＋ 宀 ＋ 匕	马	匕
驽	女 ＋ 又 ＋ 马	女	马
驾	力 ＋ 口 ＋ 马	力	马
驿	马 ＋ 又 ＋ 举字底	马	扌
骀	马 ＋ 厶 ＋ 口	马	口
骁	马 ＋ 尧	马	尧
骂	口 ＋ 口 ＋ 马	口	马
骃	马 ＋ 囗 ＋ 大	马	大
骄	马 ＋ 乔	马	竖
骅	马 ＋ 亻 ＋ 化字边 ＋ 十	马	十
骆	马 ＋ 各	马	又
骇	马 ＋ 亠 ＋ 折 ＋ 丿 ＋ 人	马	人
骈	马 ＋ 丷 ＋ 一 ＋ 廾	马	艹
骉	马 ＋ 马 ＋ 马	马	马
骊	马 ＋ 丽	马	丽
骋	马 ＋ 由 ＋ 一 ＋ 折	马	折
验	马 ＋ 佥	马	佥
骍	马 ＋ 辛	马	辛
骎	马 ＋ 彐 ＋ 冖 ＋ 又	马	又
骏	马 ＋ 厶 ＋ 八 ＋ 夂	马	又
骐	马 ＋ 其字头 ＋ 八	马	八
骑	马 ＋ 大 ＋ 可	马	寸
骒	马 ＋ 日 ＋ 木	马	木
骓	马 ＋ 隹	马	隹
骕	马 ＋ 肀 ＋ 乔字底 ＋ 八	马	八
骖	马 ＋ 厶 ＋ 大 ＋ 彡	马	彡
骗	马 ＋ 户 ＋ 冂 ＋ 艹	马	艹
骘	阝 ＋ 止 ＋ 丨 ＋ 丿 ＋ 丿 ＋ 马	卩	马
骙	马 ＋ 登字头 ＋ 天	马	大
骚	马 ＋ 又 ＋ 丶 ＋ 虫	马	虫
骛	予 ＋ 丿 ＋ 攵 ＋ 马	予	马
骜	龶 ＋ 折 ＋ 丿 ＋ 攵 ＋ 马	丰	马
骝	马 ＋ 留字头 ＋ 田	马	田
骞	宀 ＋ 冓头 ＋ 八 ＋ 马	宀	马
骟	马 ＋ 户 ＋ 习 ＋ 习	马	习
骠	马 ＋ 覀 ＋ 示	马	示
骡	马 ＋ 田 ＋ 糸	马	纟
骢	马 ＋ 囱 ＋ 心	马	忄
骣	马 ＋ 尸 ＋ 子 ＋ 子 ＋ 子	马	子
骤	马 ＋ 耳 ＋ 又 ＋ 撇 ＋ 丨 ＋ 撇 ＋ 撇 ＋ 撇 ＋ 丶	马	点
骥	马 ＋ 北字旁 ＋ 匕 ＋ 田 ＋ 龷 ＋ 八	马	八
骦	马 ＋ 雨头 ＋ 木 ＋ 目	马	日
骧	马 ＋ 襄	马	衣
骨	骨	骨	骨
骰	骨 ＋ 殳	骨	殳
骱	骨 ＋ 全字头 ＋ 乔字底	骨	竖
骶	骨 ＋ 氐	骨	氏
骷	骨 ＋ 古	骨	古
骸	骨 ＋ 亠 ＋ 折 ＋ 丿 ＋ 人	骨	人
骺	骨 ＋ 反字框 ＋ 一 ＋ 口	骨	口
骼	骨 ＋ 各	骨	又
髀	骨 ＋ 白 ＋ 丿 ＋ 十	骨	十
髁	骨 ＋ 日 ＋ 木	骨	木
髂	骨 ＋ 宀 ＋ 各	骨	又
髃	骨 ＋ 日 ＋ 禺字底	骨	禸
髅	骨 ＋ 米 ＋ 女	骨	女
髋	骨 ＋ 宀 ＋ 艹 ＋ 见	骨	见
髌	骨 ＋ 宀 ＋ 撇 ＋ 卢字头 ＋ 丨 ＋ 一 ＋ 八	骨	八
髎	骨 ＋ 习 ＋ 习 ＋ 全字头 ＋ 彡	骨	彡
髑	骨 ＋ 罒 ＋ 勹 ＋ 虫	骨	虫
髓	骨 ＋ 左字框 ＋ 工 ＋ 青字底 ＋ 辶	骨	辶
高	享字头 ＋ 冂 ＋ 口	享字头	口
髡	一 ＋ 卢字头 ＋ 二 ＋ 厶 ＋ 彡 ＋ 兀	横	儿
髢	一 ＋ 卢字头 ＋ 二 ＋ 厶 ＋ 彡 ＋ 也	横	也
髦	一 ＋ 卢字头 ＋ 二 ＋ 厶 ＋ 彡 ＋ 毛	横	毛
髫	一 ＋ 卢字头 ＋ 二 ＋ 厶 ＋ 彡 ＋ 刀 ＋ 口	横	口
髭	一 ＋ 卢字头 ＋ 二 ＋ 厶 ＋ 彡 ＋ 止 ＋ 匕	横	匕
髯	一 ＋ 卢字头 ＋ 二 ＋ 厶 ＋ 彡 ＋ 冂 ＋ 土	横	土
髹	一 ＋ 卢字头 ＋ 二 ＋ 厶 ＋ 彡 ＋ 亻 ＋ 木	横	木
髻	一 ＋ 卢字头 ＋ 二 ＋ 厶 ＋ 彡 ＋ 士 ＋ 口	横	口
髽	一 ＋ 卢字头 ＋ 二 ＋ 厶 ＋ 彡 ＋ 人 ＋ 人 ＋ 土	横	土
鬃	一 ＋ 卢字头 ＋ 二 ＋ 厶 ＋ 彡 ＋ 宀 ＋ 示	横	示
鬈	一 ＋ 卢字头 ＋ 二 ＋ 厶 ＋ 彡 ＋ 龹 ＋ 㔾	横	已
鬏	一 ＋ 卢字头 ＋ 二 ＋ 厶 ＋ 彡 ＋ 禾 ＋ 火	横	火
鬒	一 ＋ 卢字头 ＋ 二 ＋ 厶 ＋ 彡 ＋ 十 ＋ 具字头 ＋ 八	横	八
鬓	一 ＋ 卢字头 ＋ 二 ＋ 厶 ＋ 彡 ＋ 宀 ＋ 撇 ＋ 卢字头 ＋ 丨 ＋ 一 ＋ 八	横	八
鬘	一 ＋ 卢字头 ＋ 二 ＋ 厶 ＋ 彡 ＋ 日 ＋ 罒 ＋ 又	横	又
鬟	一 ＋ 卢字头 ＋ 二 ＋ 厶 ＋ 彡 ＋ 罒 ＋ 一 ＋ 口 ＋ 衣省	横	衣
鬣	一 ＋ 卢字头 ＋ 二 ＋ 厶 ＋ 彡 ＋ 巛 ＋ 囗 ＋ 㐅 ＋ 折 ＋ 冬字底 ＋ 折 ＋ 冬字底 ＋ 折	横	折
鬯	㐅 ＋ 丶 ＋ 丶 ＋ 丶 ＋ 丶 ＋ 凵 ＋ 匕	交	匕
鬲	鬲	鬲	鬲
鬶	夫 ＋ 见 ＋ 鬲	大	鬲
鬷	鬲 ＋ 㐅 ＋ 凵 ＋ 八 ＋ 夂	鬲	又
鬻	弓 ＋ 米 ＋ 弓 ＋ 鬲	折	鬲
鬼	鬼	鬼	鬼
魁	鬼 ＋ 冬字底 ＋ 十	鬼	十
魂	二 ＋ 厶 ＋ 鬼	二	鬼
魃	鬼 ＋ 左字框 ＋ 又 ＋ 丶	鬼	点
魄	白 ＋ 鬼	白	鬼
魅	鬼 ＋ 未	鬼	未
魆	鬼 ＋ 戉	鬼	戈
魇	厂 ＋ 犬 ＋ 鬼	广	鬼
魈	鬼 ＋ 尚字头 ＋ 青字底	鬼	月
魉	鬼 ＋ 两	鬼	丽
魋	鬼 ＋ 隹	鬼	隹
魍	鬼 ＋ 冂 ＋ 丷 ＋ 一 ＋ 亠 ＋ 折	鬼	折
魏	禾 ＋ 女 ＋ 鬼	禾	鬼
魑	鬼 ＋ 亠 ＋ 㐅 ＋ 凵 ＋ 禸	鬼	禸
魔	广 ＋ 木 ＋ 木 ＋ 鬼	广	鬼
鱼	鱼	鱼	鱼
鱽	鱼 ＋ 刀	鱼	刀
鱾	鱼 ＋ 己	鱼	已
鱿	鱼 ＋ 尤	鱼	龙
鲀	鱼 ＋ 一 ＋ 凵 ＋ 折	鱼	折
鲁	鱼 ＋ 日	鱼	日
鲂	鱼 ＋ 方	鱼	方
鲃	鱼 ＋ 巴	鱼	已
鲅	鱼 ＋ 左字框 ＋ 又 ＋ 丶	鱼	点
鲆	鱼 ＋ 一 ＋ 丷 ＋ 十	鱼	十
鲇	鱼 ＋ 卢字头 ＋ 口	鱼	口
鲈	鱼 ＋ 卢字头 ＋ 尸	鱼	尸
鲉	鱼 ＋ 由	鱼	田
鲊	鱼 ＋ 卧人 ＋ 卢字头 ＋ 一	鱼	横
鲋	鱼 ＋ 付	鱼	付
鲌	鱼 ＋ 白	鱼	白
鲍	鱼 ＋ 勹 ＋ 巳	鱼	已
鲎	学无子 ＋ 鱼	宀	鱼
鲏	鱼 ＋ 皮	鱼	皮
鲐	鱼 ＋ 厶 ＋ 口	鱼	口
鲑	鱼 ＋ 土 ＋ 土	鱼	土
鲒	鱼 ＋ 士 ＋ 口	鱼	口
鲔	鱼 ＋ 左字框 ＋ 青字底	鱼	月
鲕	鱼 ＋ 而	鱼	雨
鲖	鱼 ＋ 冂 ＋ 一 ＋ 口	鱼	口
鲗	鱼 ＋ 贝 ＋ 刂	鱼	刀
鲘	鱼 ＋ 反字框 ＋ 一 ＋ 口	鱼	口
鲙	鱼 ＋ 全字头 ＋ 二 ＋ 厶	鱼	厶
鲚	鱼 ＋ 文 ＋ 乔字底	鱼	竖
鲛	鱼 ＋ 交	鱼	交
鲜	鱼 ＋ 羊	鱼	羊
鲝	差字头 ＋ 鱼	美字头	鱼
鲞	龹 ＋ 鱼	美字头	鱼
鲟	鱼 ＋ 彐 ＋ 寸	鱼	寸
鲠	鱼 ＋ 一 ＋ 日 ＋ 㐅	鱼	交
鲡	鱼 ＋ 丽	鱼	丽
鲢	鱼 ＋ 车 ＋ 辶	鱼	辶
鲣	鱼 ＋ 贤字头 ＋ 土	鱼	土
鲤	鱼 ＋ 里	鱼	里
鲥	鱼 ＋ 日 ＋ 寸	鱼	寸
鲦	鱼 ＋ 夂 ＋ 一 ＋ 小	鱼	小
鲧	鱼 ＋ 撇 ＋ 糸	鱼	纟
鲨	氵 ＋ 少三 ＋ 丿 ＋ 鱼	氵	鱼
鲩	鱼 ＋ 宀 ＋ 一 ＋ 兀	鱼	儿
鲪	鱼 ＋ 争字底 ＋ 撇 ＋ 口	鱼	口
鲫	鱼 ＋ 即字旁 ＋ 卩	鱼	卩
鲬	鱼 ＋ 龴 ＋ 冂 ＋ 举字底	鱼	扌
鲭	鱼 ＋ 龶 ＋ 青字底	鱼	月
鲮	鱼 ＋ 土 ＋ 八 ＋ 夂	鱼	又
鲯	鱼 ＋ 其字头 ＋ 八	鱼	八
鲰	鱼 ＋ 耳 ＋ 又	鱼	又
鲱	鱼 ＋ 非	鱼	片
鲲	鱼 ＋ 日 ＋ 比字旁 ＋ 匕	鱼	匕
鲳	鱼 ＋ 日 ＋ 日	鱼	日
鲴	鱼 ＋ 囗 ＋ 古	鱼	古
鲵	鱼 ＋ 臼 ＋ 儿	鱼	儿
鲷	鱼 ＋ 周字框 ＋ 土 ＋ 口	鱼	口
鲸	鱼 ＋ 享字头 ＋ 小	鱼	小
鲹	鱼 ＋ 厶 ＋ 大 ＋ 彡	鱼	彡
鲺	鱼 ＋ 折 ＋ 撇 ＋ 虫	鱼	虫
鲻	鱼 ＋ 巛 ＋ 田	鱼	田
鲼	鱼 ＋ 十 ＋ 艹 ＋ 贝	鱼	见
鲽	鱼 ＋ 廿 ＋ 折 ＋ 木	鱼	木
鲾	鱼 ＋ 一 ＋ 口 ＋ 田	鱼	田
鲿	鱼 ＋ 尚字头 ＋ 冖 ＋ 二 ＋ 厶	鱼	厶
鳀	鱼 ＋ 日 ＋ 定字底	鱼	定字底
鳁	鱼 ＋ 日 ＋ 皿	鱼	皿
鳂	鱼 ＋ 田 ＋ 畏字底带横	鱼	定字底
鳃	鱼 ＋ 田 ＋ 心	鱼	忄
鳄	鱼 ＋ 口 ＋ 口 ＋ 二 ＋ 折	鱼	折
鳅	鱼 ＋ 禾 ＋ 火	鱼	火
鳇	鱼 ＋ 白 ＋ 王	鱼	王
鳈	鱼 ＋ 白 ＋ 水	鱼	氵
鳉	鱼 ＋ 丬 ＋ 夕 ＋ 寸	鱼	寸
鳊	鱼 ＋ 户 ＋ 冂 ＋ 艹	鱼	艹
鳌	龶 ＋ 折 ＋ 丿 ＋ 攵 ＋ 鱼	丰	鱼
鳍	鱼 ＋ 耂 ＋ 匕 ＋ 日	鱼	日
鳎	鱼 ＋ 日 ＋ 习 ＋ 习	鱼	习
鳏	鱼 ＋ 罒 ＋ 丨 ＋ 丿 ＋ 丿 ＋ 丶 ＋ 丶	鱼	点
鳐	鱼 ＋ 爫 ＋ 缶	鱼	击
鳑	鱼 ＋ 帝字头 ＋ 方	鱼	方
鳒	鱼 ＋ 兼	鱼	兼
鳓	鱼 ＋ 革 ＋ 力	鱼	力
鳔	鱼 ＋ 覀 ＋ 示	鱼	示
鳕	鱼 ＋ 雨头 ＋ 彐	鱼	争字底
鳖	㡀 ＋ 攵 ＋ 鱼	八	鱼
鳗	鱼 ＋ 日 ＋ 罒 ＋ 又	鱼	又
鳘	卧人 ＋ 母 ＋ 攵 ＋ 鱼	卧人	鱼
鳙	鱼 ＋ 广 ＋ 折 ＋ 二 ＋ 冂 ＋ 举字底	鱼	扌
鳚	鱼 ＋ 尸 ＋ 示 ＋ 寸	鱼	寸
鳛	鱼 ＋ 习 ＋ 习 ＋ 白	鱼	白
鳜	鱼 ＋ 厂 ＋ 丷 ＋ 一 ＋ 凵 ＋ 丿 ＋ ⺈ ＋ 人	鱼	人
鳝	鱼 ＋ 羊 ＋ 丷 ＋ 一 ＋ 口	鱼	口
鳞	鱼 ＋ 米 ＋ 夕 ＋ 降下角	鱼	降下角
鳟	鱼 ＋ 丷 ＋ 酉 ＋ 寸	鱼	寸
鳠	鱼 ＋ 艹 ＋ 隹 ＋ 又	鱼	又
鳡	鱼 ＋ 戊 ＋ 一 ＋ 口 ＋ 心	鱼	忄
鳢	鱼 ＋ 由 ＋ 丨 ＋ 一 ＋ 口 ＋ 丷 ＋ 一	鱼	横
鳣	鱼 ＋ 亠 ＋ 囗 ＋ 口 ＋ 日 ＋ 一	鱼	横
鳤	鱼 ＋ 竹头 ＋ 宀 ＋ 官字底	鱼	追字心
鸟	鸟	鸟	鸟
鸠	九 ＋ 鸟	九	鸟
鸡	又 ＋ 鸟	又	鸟
鸢	弋 ＋ 鸟	戈	鸟
鸣	口 ＋ 鸟	口	鸟
鸤	尸 ＋ 鸟	尸	鸟
鸥	匚 ＋ 㐅 ＋ 鸟	匚	鸟
鸦	牙 ＋ 鸟	牙	鸟
鸧	全字头 ＋ 㔾 ＋ 鸟	人	鸟
鸨	匕 ＋ 十 ＋ 鸟	匕	鸟
鸩	冖 ＋ 儿 ＋ 鸟	宀	鸟
鸪	古 ＋ 鸟	古	鸟
鸫	东 ＋ 鸟	车	鸟
鸬	卢字头 ＋ 尸 ＋ 鸟	卜	鸟
鸭	甲 ＋ 鸟	田	鸟
鸮	口 ＋ 一 ＋ 折 ＋ 鸟	口	鸟
鸯	见二 ＋ 大 ＋ 鸟	匚	鸟
鸰	令 ＋ 鸟	今	鸟
鸱	氐 ＋ 鸟	氏	鸟
鸲	勹 ＋ 口 ＋ 鸟	匚	鸟
鸳	夕 ＋ 㔾 ＋ 鸟	夕	鸟
鸵	鸟 ＋ 宀 ＋ 匕	鸟	匕
鸶	纟 ＋ 纟 ＋ 鸟	纟	鸟
鸷	扌 ＋ 丸 ＋ 鸟	扌	鸟
鸸	而 ＋ 鸟	雨	鸟
鸹	千 ＋ 口 ＋ 鸟	干	鸟
鸺	亻 ＋ 木 ＋ 鸟	亻	鸟
鸻	行 ＋ 鸟	行	鸟
鸼	舟 ＋ 鸟	舟	鸟
鸽	全字头 ＋ 一 ＋ 口 ＋ 鸟	人	鸟
鸾	变字头 ＋ 鸟	变字头	鸟
鸿	氵 ＋ 工 ＋ 鸟	氵	鸟
鹀	工 ＋ 人 ＋ 人 ＋ 鸟	工	鸟
鹁	十 ＋ 冖 ＋ 子 ＋ 鸟	十	鸟
鹂	丽 ＋ 鸟	丽	鸟
鹃	口 ＋ 青字底 ＋ 鸟	口	鸟
鹄	告字头 ＋ 口 ＋ 鸟	牛	鸟
鹅	撇 ＋ 横 ＋ 折 ＋ 横 ＋ 戈 ＋ 鸟	撇	鸟
鹆	八 ＋ 全字头 ＋ 口 ＋ 鸟	八	鸟
鹇	门 ＋ 木 ＋ 鸟	匚	鸟
鹈	弟 ＋ 鸟	弟	鸟
鹉	一 ＋ 弋 ＋ 止 ＋ 鸟	横	鸟
鹊	龷 ＋ 日 ＋ 鸟	廿	鸟
鹋	艹 ＋ 田 ＋ 鸟	艹	鸟
鹌	大 ＋ 电 ＋ 鸟	大	鸟
鹍	日 ＋ 比字旁 ＋ 比字旁 ＋ 鸟	日	鸟
鹎	白 ＋ 丿 ＋ 十 ＋ 鸟	白	鸟
鹏	月 ＋ 月 ＋ 鸟	月	鸟
鹐	⺈ ＋ 臼 ＋ 鸟	刀	鸟
鹑	享字头 ＋ 子 ＋ 鸟	享字头	鸟
鹒	广 ＋ 争字底 ＋ 人 ＋ 鸟	广	鸟
鹔	肀 ＋ 乔字底 ＋ 八 ＋ 鸟	争字底	鸟
鹕	古 ＋ 月 ＋ 鸟	古	鸟
鹖	日 ＋ 匃 ＋ 鸟	日	鸟
鹗	口 ＋ 口 ＋ 二 ＋ 折 ＋ 鸟	口	鸟
鹘	骨 ＋ 鸟	骨	鸟
鹙	禾 ＋ 火 ＋ 鸟	禾	鸟
鹚	丷 ＋ 一 ＋ 幺 ＋ 幺 ＋ 鸟	八	鸟
鹛	尸 ＋ 丨 ＋ 目 ＋ 鸟	尸	鸟
鹜	予 ＋ 丿 ＋ 攵 ＋ 鸟	予	鸟
鹝	鬲 ＋ 鸟	鬲	鸟
鹞	爫 ＋ 缶 ＋ 鸟	爫	鸟
鹟	八 ＋ 厶 ＋ 习 ＋ 习 ＋ 鸟	八	鸟
鹠	留字头 ＋ 田 ＋ 鸟	夕	鸟
鹡	冫 ＋ 撇 ＋ 点 ＋ 人 ＋ 青字底 ＋ 鸟	氵	鸟
鹢	丷 ＋ 一 ＋ 八 ＋ 皿 ＋ 鸟	八	鸟
鹣	兼 ＋ 鸟	兼	鸟
鹤	冖 ＋ 隹 ＋ 鸟	宀	鸟
鹦	贝 ＋ 贝 ＋ 女 ＋ 鸟	见	鸟
鹧	广 ＋ 廿 ＋ 灬 ＋ 鸟	广	鸟
鹨	习 ＋ 习 ＋ 全字头 ＋ 彡 ＋ 鸟	习	鸟
鹩	大 ＋ 丷 ＋ 日 ＋ 小 ＋ 鸟	大	鸟
鹪	隹 ＋ 灬 ＋ 鸟	隹	鸟
鹫	享字头 ＋ 小 ＋ 尤 ＋ 鸟	享字头	鸟
鹬	予 ＋ 丿 ＋ 冂 ＋ 八 ＋ 口 ＋ 鸟	予	鸟
鹭	足旁 ＋ 各 ＋ 鸟	足	鸟
鹮	罒 ＋ 一 ＋ 口 ＋ 衣省 ＋ 鸟	皿	鸟
鹯	亠 ＋ 囗 ＋ 口 ＋ 日 ＋ 一 ＋ 鸟	亠	鸟
鹰	广 ＋ 亻 ＋ 隹 ＋ 鸟	广	鸟
鹱	鸟 ＋ 艹 ＋ 隹 ＋ 又	鸟	又
鹲	艹 ＋ 冖 ＋ 一 ＋ 豕 ＋ 鸟	艹	鸟
鹳	艹 ＋ 口 ＋ 口 ＋ 隹 ＋ 鸟	艹	鸟
鹴	雨头 ＋ 木 ＋ 目 ＋ 鸟	雨	鸟
鹾	卢字头 ＋ 囗 ＋ 㐅 ＋ 差字头 ＋ 工	卜	工
鹿	鹿	鹿	鹿
麀	鹿 ＋ 匕	鹿	匕
麂	鹿 ＋ 几	鹿	几
麇	鹿 ＋ 禾	鹿	禾
麈	鹿 ＋ 亠 ＋ 土	鹿	土
麋	鹿 ＋ 米	鹿	米
麑	鹿 ＋ 臼 ＋ 儿	鹿	儿
麒	鹿旁 ＋ 其字头 ＋ 八	鹿	八
麓	木 ＋ 木 ＋ 鹿	木	鹿
麖	鹿 ＋ 享字头 ＋ 小	鹿	小
麝	鹿 ＋ 身 ＋ 寸	鹿	寸
麟	鹿旁 ＋ 米 ＋ 夕 ＋ 降下角	鹿	降下角
麦	龶 ＋ 夂	丰	又
麸	龶 ＋ 夂 ＋ 夫	丰	大
麹	龶 ＋ 夂 ＋ 勹 ＋ 米	丰	米
麻	广 ＋ 木 ＋ 木	广	木
麽	广 ＋ 木 ＋ 木 ＋ 丿 ＋ 厶	广	厶
麾	广 ＋ 木 ＋ 木 ＋ 毛	广	毛
黄	龷 ＋ 由 ＋ 八	廿	八
黇	龷 ＋ 由 ＋ 八 ＋ 卢字头 ＋ 口	廿	口
黉	学无子 ＋ 龷 ＋ 由 ＋ 八	宀	八
黍	禾 ＋ 全字头 ＋ 氺	禾	氵
黎	禾 ＋ 勹 ＋ 丿 ＋ 全字头 ＋ 氺	禾	氵
黏	禾 ＋ 全字头 ＋ 氺 ＋ 卢字头 ＋ 口	禾	口
黑	黑	黑	黑
黔	黑 ＋ 今	黑	今
默	黑 ＋ 犬	黑	大
黛	亻 ＋ 弋 ＋ 黑	亻	黑
黜	黑 ＋ 出	黑	山
黝	黑 ＋ 幺 ＋ 力	黑	力
黟	黑 ＋ 夕 ＋ 夕	黑	夕
黠	黑 ＋ 士 ＋ 口	黑	口
黡	厂 ＋ 犬 ＋ 黑	广	黑
黢	黑 ＋ 厶 ＋ 八 ＋ 夂	黑	又
黥	黑 ＋ 享字头 ＋ 小	黑	小
黧	禾 ＋ 勹 ＋ 丿 ＋ 黑	禾	黑
黩	黑 ＋ 十 ＋ 折 ＋ 冬字底 ＋ 大	黑	大
黪	黑 ＋ 厶 ＋ 大 ＋ 彡	黑	彡
黯	黑 ＋ 音	黑	音
黹	业 ＋ 㡀	业	八
黻	业 ＋ 㡀 ＋ 左字框 ＋ 又 ＋ 丶	业	点
黼	业 ＋ 㡀 ＋ 甫	业	甫
黾	口 ＋ 电	口	田
鼋	一 ＋ 兀 ＋ 口 ＋ 电	横	田
鼍	口 ＋ 口 ＋ 田 ＋ 一 ＋ 口 ＋ 电	口	田
鼎	目 ＋ 折 ＋ 一 ＋ 丿 ＋ 丨 ＋ 一 ＋ 丨 ＋ 折	日	折
鼐	乃 ＋ 目 ＋ 折 ＋ 一 ＋ 丿 ＋ 丨 ＋ 一 ＋ 丨 ＋ 折	乃	折
鼒	才 ＋ 目 ＋ 折 ＋ 一 ＋ 丿 ＋ 丨 ＋ 一 ＋ 丨 ＋ 折	寸	折
鼓	士 ＋ 口 ＋ 丷 ＋ 一 ＋ 十 ＋ 又	土	又
鼗	冫 ＋ 冫 ＋ 儿 ＋ 士 ＋ 口 ＋ 丷 ＋ 一 ＋ 十 ＋ 又	氵	又
鼙	士 ＋ 口 ＋ 丷 ＋ 一 ＋ 十 ＋ 又 ＋ 白 ＋ 丿 ＋ 十	土	十
鼠	臼 ＋ 折 ＋ 冬字底 ＋ 折 ＋ 冬字底 ＋ 折	白	折
鼢	臼 ＋ 折 ＋ 冬字底 ＋ 折 ＋ 冬字底 ＋ 折 ＋ 八 ＋ 刀	白	刀
鼩	臼 ＋ 折 ＋ 冬字底 ＋ 折 ＋ 冬字底 ＋ 折 ＋ 勹 ＋ 口	白	口
鼫	臼 ＋ 折 ＋ 冬字底 ＋ 折 ＋ 冬字底 ＋ 折 ＋ 石	白	石
鼬	臼 ＋ 折 ＋ 冬字底 ＋ 折 ＋ 冬字底 ＋ 折 ＋ 由	白	田
鼯	臼 ＋ 折 ＋ 冬字底 ＋ 折 ＋ 冬字底 ＋ 折 ＋ 五 ＋ 口	白	口
鼱	臼 ＋ 折 ＋ 冬字底 ＋ 折 ＋ 冬字底 ＋ 折 ＋ 龶 ＋ 青字底	白	月
鼷	臼 ＋ 折 ＋ 冬字底 ＋ 折 ＋ 冬字底 ＋ 折 ＋ 爫 ＋ 幺 ＋ 大	白	大
鼹	臼 ＋ 折 ＋ 冬字底 ＋ 折 ＋ 冬字底 ＋ 折 ＋ 日 ＋ 宀 ＋ 女	白	女
鼻	自 ＋ 田 ＋ 丌	白	儿
鼽	自 ＋ 田 ＋ 丌 ＋ 九	白	九
鼾	自 ＋ 田 ＋ 丌 ＋ 干	白	干
齁	自 ＋ 田 ＋ 丌 ＋ 勹 ＋ 口	白	口
齇	自 ＋ 田 ＋ 丌 ＋ 卜 ＋ 厂 ＋ 匕 ＋ 且	白	且
齉	自 ＋ 田 ＋ 丌 ＋ 囊字头 ＋ 襄省	白	衣
齐	文 ＋ 乔字底	文	竖
齑	文 ＋ 乔字底 ＋ 非 ＋ 一	文	横
齿	止 ＋ 人 ＋ 凵	止	匚
龀	止 ＋ 人 ＋ 凵 ＋ 化字边	止	匕
龁	止 ＋ 人 ＋ 凵 ＋ 卧人 ＋ 乙	止	乙
龂	止 ＋ 人 ＋ 凵 ＋ 斤	止	斤
龃	止 ＋ 人 ＋ 凵 ＋ 且	止	且
龄	止 ＋ 人 ＋ 凵 ＋ 令	止	今
龅	止 ＋ 人 ＋ 凵 ＋ 勹 ＋ 巳	止	已
龆	止 ＋ 人 ＋ 凵 ＋ 刀 ＋ 口	止	口
龇	止 ＋ 人 ＋ 凵 ＋ 止 ＋ 匕	止	匕
龈	止 ＋ 人 ＋ 凵 ＋ 艮	止	艮
龉	止 ＋ 人 ＋ 凵 ＋ 五 ＋ 口	止	口
龊	止 ＋ 人 ＋ 凵 ＋ 足	止	足
龋	止 ＋ 人 ＋ 凵 ＋ 撇 ＋ 口 ＋ 禺字底	止	禸
龌	止 ＋ 人 ＋ 凵 ＋ 尸 ＋ 至	止	至
龙	龙	龙	龙
龚	龙 ＋ 龷 ＋ 八	龙	八
龛	全字头 ＋ 一 ＋ 口 ＋ 龙	人	龙
龟	⺈ ＋ 龟字底	刀	田
龠	全字头 ＋ 一 ＋ 口 ＋ 口 ＋ 口 ＋ 冂 ＋ 艹	人	艹
龢	全字头 ＋ 一 ＋ 口 ＋ 口 ＋ 口 ＋ 冂 ＋ 艹 ＋ 禾	人	禾
鿍	土 ＋ 夂 ＋ 降下角	土	降下角
鿎	石 ＋ 大 ＋ 辶	石	辶
鿏	钅 ＋ 龶 ＋ 夂	钅	又
𠅤	亠 ＋ 田 ＋ 心	亠	忄
𠙶	了 ＋ 凵	子	匚
𠳐	口 ＋ 三 ＋ 丿 ＋ 阝	口	卩
𡎚	土 ＋ 户 ＋ 冂 ＋ 艹	土	艹
𡐓	土 ＋ 广 ＋ 折 ＋ 二 ＋ 氺	土	氵
𣗋	木 ＋ 尚头 ＋ 儿	木	儿
𣲗	氵 ＋ 韦	氵	韦
𣲘	氵 ＋ 无	氵	无
𣸣	氵 ＋ 十 ＋ 艹 ＋ 贝	氵	见
𤧛	王 ＋ 帝字头 ＋ 巾	王	巾
𤩽	王 ＋ 十 ＋ 冂 ＋ 南字心 ＋ 犬	王	大
𤫉	王 ＋ 言 ＋ 火 ＋ 火 ＋ 又	王	又
𥔲	石 ＋ 口 ＋ 口 ＋ 二 ＋ 折	石	折
𥕢	石 ＋ 一 ＋ 囗 ＋ 艹 ＋ 日	石	日
𥖨	石 ＋ 口 ＋ 口 ＋ 口 ＋ 木	石	木
𥻗	米 ＋ 木 ＋ 日 ＋ 一	米	横
𦈡	纟 ＋ 雨头 ＋ 而	纟	雨
𦒍	立 ＋ 里 ＋ 习 ＋ 习	立	习
𦙶	月 ＋ 古	月	古
𦝼	月 ＋ 米 ＋ 女	月	女
𦭜	艹 ＋ 口 ＋ 八	艹	八
𦰡	艹 ＋ 折 ＋ 二 ＋ 丿 ＋ 阝	艹	卩
𧿹	足旁 ＋ 母	足	母
𨐈	车旁 ＋ 尚字头 ＋ 兀	车	儿
𨙸	十 ＋ 又 ＋ 阝	十	卩
𨚕	厶 ＋ 廾 ＋ 阝	厶	卩
𨟠	目 ＋ 目 ＋ 隹 ＋ 阝	日	卩
𨭉	文 ＋ 一 ＋ 弋 ＋ 止 ＋ 金	文	钅
𨱇	钅 ＋ 一 ＋ 氺 ＋ 丶	钅	点
𨱏	钅 ＋ 艹 ＋ 全字头 ＋ 一 ＋ 口	钅	口
𨱑	钅 ＋ 龷 ＋ 由 ＋ 八	钅	八
𨱔	钅 ＋ 丷 ＋ 酉 ＋ 寸	钅	寸
𨺙	阝 ＋ 臼 ＋ 儿	卩	儿
𩽾	鱼 ＋ 宀 ＋ 女	鱼	女
𩾃	鱼 ＋ 免	鱼	兔
𩾌	鱼 ＋ 广 ＋ 折 ＋ 二 ＋ 氺	鱼	氵
𪟝	龶 ＋ 贝 ＋ 力	丰	力
𪣻	土 ＋ 米 ＋ 女	土	女
𪤗	土 ＋ 习 ＋ 习 ＋ 全字头 ＋ 彡	土	彡
𪨰	山 ＋ 由 ＋ 丨	山	竖
𪨶	山 ＋ 大 ＋ 车	山	车
𪩘	山 ＋ 十 ＋ 冂 ＋ 南字心 ＋ 犬	山	大
𪾢	目 ＋ 见	日	见
𫄧	纟 ＋ 撇 ＋ 卢字头 ＋ 折 ＋ 廴	纟	辶
𫄨	纟 ＋ 㐅 ＋ 左字框 ＋ 巾	纟	巾
𫄷	纟 ＋ 音 ＋ 心	纟	忄
𫄸	纟 ＋ 熏	纟	黑
𫇭	艹 ＋ 为	艹	力
𫌀	衤 ＋ 龶 ＋ 贝	礻	见
𫍣	讠 ＋ 冂 ＋ 一 ＋ 口	讠	口
𫍯	讠 ＋ 戊 ＋ 一 ＋ 口	讠	口
𫍲	讠 ＋ 叟字头 ＋ 又	讠	又
𫍽	讠 ＋ 罒 ＋ 一 ＋ 口 ＋ 衣省	讠	衣
𫐄	车旁 ＋ 兀	车	儿
𫐐	车旁 ＋ 臼 ＋ 儿	车	儿
𫐓	车旁 ＋ 予 ＋ 丿 ＋ 木	车	木
𫑡	口 ＋ 电 ＋ 阝	口	卩
𫓧	钅 ＋ 夫	钅	大
𫓯	钅 ＋ 土 ＋ 土	钅	土
𫓶	钅 ＋ 口 ＋ 青字底	钅	月
𫓹	钅 ＋ 其字头 ＋ 八	钅	八
𫔍	钅 ＋ 釆 ＋ 田	钅	田
𫔎	钅 ＋ 予 ＋ 丿 ＋ 冂 ＋ 八 ＋ 口	钅	口
𫔶	门 ＋ 自 ＋ 木	匚	木
𫖮	山 ＋ 己 ＋ 页	山	见
𫖯	冫 ＋ 冫 ＋ 儿 ＋ 页	氵	见
𫖳	争字底 ＋ 撇 ＋ 口 ＋ 页	争字底	见
𫗧	饣 ＋ 束	饣	束
𫗴	饣 ＋ 亠 ＋ 囗 ＋ 口 ＋ 日 ＋ 一	饣	横
𫘜	马 ＋ 文	马	文
𫘝	马 ＋ 折 ＋ 大	马	大
𫘦	马 ＋ 勹 ＋ 缶	马	击
𫘧	马 ＋ 录字头 ＋ 氺	马	氵
𫘨	马 ＋ 日 ＋ 定字底	马	定字底
𫘪	马 ＋ 厂 ＋ 白 ＋ 小	马	小
𫘬	马 ＋ 爫 ＋ 幺 ＋ 大	马	大
𫚕	鱼 ＋ 师字旁 ＋ 一 ＋ 巾	鱼	巾
𫚖	止 ＋ 匕 ＋ 鱼	止	鱼
𫚭	鱼 ＋ 巛 ＋ 囗 ＋ 㐅 ＋ 折 ＋ 冬字底 ＋ 折 ＋ 冬字底 ＋ 折	鱼	折
𫛭	犭 ＋ 王 ＋ 鸟	犭	鸟
𫞩	王 ＋ 艹 ＋ 两	王	丽
𫟅	纟 ＋ 享字头 ＋ 小	纟	小
𫟦	车旁 ＋ 丷 ＋ 豕 ＋ 辶	车	辶
𫟹	钅 ＋ 龷 ＋ 八	钅	八
𫟼	钅 ＋ 大 ＋ 辶	钅	辶
𫠆	十 ＋ 又 ＋ 页	十	见
𫠊	马 ＋ 亠 ＋ 幺	马	纟
𫠜	止 ＋ 人 ＋ 凵 ＋ 臼 ＋ 儿	止	儿
𫢸	亻 ＋ 单	亻	单
𫫇	口 ＋ 亚 ＋ 心	口	忄
𫭟	土 ＋ 匚 ＋ 㐅	土	交
𫭢	土 ＋ 全字头 ＋ 匕	土	匕
𫭼	土 ＋ 艹 ＋ 冖 ＋ 力	土	力
𫮃	土 ＋ 单	土	单
𫰛	女 ＋ 轻字边	女	工
𫵷	山 ＋ 厂 ＋ 力	山	力
𫶇	山 ＋ 带字头 ＋ 冖 ＋ 巾	山	巾
𫷷	广 ＋ 钅 ＋ ⺈ ＋ 人	广	人
𫸩	弓 ＋ 匚 ＋ 㐅	折	交
𬀩	日 ＋ 韦	日	韦
𬀪	日 ＋ 见	日	见
𬂩	木 ＋ 一 ＋ 丷 ＋ 大	木	大
𬃊	木 ＋ 反字框 ＋ 十 ＋ 贝	木	见
𬇕	氵 ＋ 横 ＋ 撇 ＋ 折	氵	折
𬇙	氵 ＋ 贝	氵	见
𬇹	氵 ＋ 囗 ＋ 玉	氵	王
𬉼	火 ＋ 匚 ＋ 㐅	火	交
𬊈	火 ＋ 彐 ＋ 寸	火	寸
𬊤	火 ＋ 单	火	单
𬌗	牙 ＋ 全字头 ＋ 一 ＋ 口	牙	口
𬍛	王 ＋ 乐	王	乐
𬍡	氵 ＋ 杨字边 ＋ 玉	氵	王
𬍤	王 ＋ 彐 ＋ 寸	王	寸
𬒈	学无子 ＋ 石	宀	石
𬒔	石 ＋ 止 ＋ 青字底	石	月
𬒗	石 ＋ 览字头 ＋ 见	石	见
𬕂	竹头 ＋ 工 ＋ 贝	竹	见
𬘓	纟 ＋ 川	纟	川
𬘘	纟 ＋ 冖 ＋ 儿	纟	儿
𬘡	纟 ＋ 囗 ＋ 大	纟	大
𬘩	纟 ＋ 壬 ＋ 廴	纟	辶
𬘫	纟 ＋ 宀 ＋ 一 ＋ 兀	纟	儿
𬘬	纟 ＋ 龶 ＋ 青字底	纟	月
𬘭	纟 ＋ 木 ＋ 木	纟	木
𬘯	纟 ＋ 享字头 ＋ 子	纟	子
𬙂	纟 ＋ 宀 ＋ 一 ＋ 由 ＋ 八	纟	八
𬙊	纟 ＋ 黑 ＋ 土	纟	土
𬙋	纟 ＋ 襄	纟	衣
𬜬	艹 ＋ 门 ＋ 口	艹	口
𬜯	艹 ＋ 两	艹	丽
𬞟	艹 ＋ 止 ＋ 丨 ＋ 丿 ＋ 丿 ＋ 页	艹	见
𬟁	艹 ＋ 鬲 ＋ 鸟	艹	鸟
𬟽	虫 ＋ 东	虫	车
𬣙	讠 ＋ 于	讠	干
𬣞	讠 ＋ 宀 ＋ 一	讠	横
𬣡	讠 ＋ 戋	讠	戈
𬣳	讠 ＋ 艮	讠	艮
𬤇	讠 ＋ 覀 ＋ 土	讠	土
𬤊	讠 ＋ 日 ＋ 定字底	讠	定字底
𬤝	讠 ＋ 一 ＋ 申 ＋ 一 ＋ 丶 ＋ 心	讠	忄
𬨂	车旁 ＋ 氏	车	氏
𬨎	车旁 ＋ 丷 ＋ 酉	车	西
𬩽	彐 ＋ 寸 ＋ 阝	争字底	卩
𬪩	酉 ＋ 冖 ＋ 衣省	西	衣
𬬩	钅 ＋ 弋	钅	戈
𬬭	钅 ＋ 全字头 ＋ 匕	钅	匕
𬬮	钅 ＋ 长	钅	长
𬬱	钅 ＋ 斤	钅	斤
𬬸	钅 ＋ 木 ＋ 丶	钅	点
𬬹	钅 ＋ 申	钅	田
𬬻	钅 ＋ 卢字头 ＋ 尸	钅	尸
𬬿	钅 ＋ 刀 ＋ 口	钅	口
𬭁	钅 ＋ 母	钅	母
𬭊	钅 ＋ 木 ＋ 土	钅	土
𬭎	钅 ＋ 宀 ＋ 左字框 ＋ 厶	钅	厶
𬭚	钅 ＋ 享字头 ＋ 子	钅	子
𬭛	钅 ＋ 氵 ＋ 皮	钅	皮
𬭤	钅 ＋ 亻 ＋ 折 ＋ 一 ＋ 矢	钅	矢
𬭩	钅 ＋ 八 ＋ 厶 ＋ 习 ＋ 习	钅	习
𬭬	钅 ＋ 丰 ＋ 丰 ＋ 彐	钅	争字底
𬭯	钅 ＋ 㡀 ＋ 攵	钅	又
𬭳	钅 ＋ 士 ＋ 口 ＋ 丷 ＋ 一 ＋ 口	钅	口
𬭶	钅 ＋ 黑	钅	黑
𬭸	钅 ＋ 米 ＋ 夕 ＋ 降下角	钅	降下角
𬭼	钅 ＋ 丷 ＋ 豕 ＋ 辶	钅	辶
𬮱	门 ＋ 覀 ＋ 土	匚	土
𬮿	阝 ＋ 山 ＋ 己	卩	已
𬯀	阝 ＋ 文 ＋ 乔字底	卩	竖
𬯎	阝 ＋ 贵字头 ＋ 贝	卩	见
𬱖	由 ＋ 页	田	见
𬱟	⺈ ＋ 厂 ＋ 㔾 ＋ 页	刀	见
𬳵	马 ＋ 一 ＋ 亻 ＋ 点 ＋ 一	马	横
𬳶	马 ＋ 冂 ＋ 口	马	口
𬳽	马 ＋ 告字头 ＋ 儿	马	儿
𬳿	马 ＋ 全字头 ＋ 于 ＋ 八	马	八
𬴂	马 ＋ 非	马	片
𬴃	马 ＋ 丰 ＋ 石	马	石
𬴊	马 ＋ 米 ＋ 夕 ＋ 降下角	马	降下角
𬶋	鱼 ＋ 勹 ＋ 口	鱼	口
𬶍	鱼 ＋ 宀 ＋ 匕	鱼	匕
𬶏	鱼 ＋ ⺈ ＋ 厂 ＋ 㔾	鱼	已
𬶐	鱼 ＋ 冫 ＋ 冫 ＋ 儿	鱼	儿
𬶟	鱼 ＋ 束 ＋ 刂	鱼	刀
𬶠	鱼 ＋ 柬	鱼	束
𬶨	即字旁 ＋ 一 ＋ 折 ＋ 儿 ＋ 鱼	艮	鱼
𬶭	鱼 ＋ 祭字头 ＋ 示	鱼	示
𬶮	鱼 ＋ 士 ＋ 口 ＋ 丷 ＋ 一 ＋ 口	鱼	口
𬷕	甫 ＋ 鸟	甫	鸟
𬸘	匚 ＋ 日 ＋ 女 ＋ 鸟	匚	鸟
𬸚	犭 ＋ 讠 ＋ 犬 ＋ 鸟	犭	鸟
𬸣	宀 ＋ 冓头 ＋ 八 ＋ 鸟	宀	鸟
𬸦	方 ＋ 卧人 ＋ 矢 ＋ 鸟	方	鸟
𬸪	釆 ＋ 田 ＋ 鸟	爫	鸟
𬹼	止 ＋ 人 ＋ 凵 ＋ 全字头 ＋ 乔字底	止	竖
𬺈	止 ＋ 人 ＋ 凵 ＋ 大 ＋ 可	止	寸
𬺓	止 ＋ 人 ＋ 凵 ＋ 木 ＋ 木 ＋ 疋	止	定字底
