字	全码	同项序号	核定简码
一	yirr	0	yi
丁	dknn	0	dkn
七	qigg	0	qig
万	morz	0	mor
万	wjrz	0	wj
丈	vhbd	0	vhb
三	sjrr	0	sj
上	uhsr	0	uh
下	xxrs	0	xx
不	burd	0	b
与	yurr	0	yu
丑	izzp	0	izz
专	vrkk	0	vrk
且	qprr	0	qp
世	uiiz	0	uii
业	yeer	0	yee
东	dscc	0	dsc
丝	siff	0	sif
丢	dqpk	0	dq
两	lldd	0	ll
严	yjek	0	yje
个	gedy	0	ge
中	vsjy	0	v
丰	fgxx	0	fgx
串	irjy	0	irj
临	lbhy	0	lbh
丸	wjhh	0	wjh
丹	djdb	0	djd
为	wwkk	0	ww
主	vubp	0	vu
丽	lidd	0	lid
举	jufe	0	juf
乃	ndnn	0	ndn
久	jqgg	0	jq
么	mekk	0	me
义	yide	0	yid
之	viff	0	vi
乌	wucc	0	wuc
乎	huky	0	huk
乐	lejj	0	le
乐	ytjj	0	ytj
乔	qnyy	0	qny
乘	igcg	0	igc
乙	yizz	0	yiz
九	jqhh	0	jqh
也	yehh	0	ye
习	xinn	0	xin
乡	xlff	0	xlf
书	uuzd	0	uu
买	mdzv	0	md
乱	lrxz	0	lr
了	lexx	0	l
了	lnxx	0	lnx
予	yugg	0	yug
争	vgod	0	vgo
事	uird	0	uir
二	errr	0	er
于	yuxx	0	yux
亏	kvrz	0	kv
云	yyrk	0	yy
互	hudd	0	hud
五	wuqq	0	wuq
井	jkjj	0	jkj
亚	yaee	0	ya
些	xpyr	0	xpy
亡	whbz	0	whb
交	jnee	0	jne
亦	yiyy	0	yiy
产	ijhk	0	ij
享	xlkx	0	xlk
京	jkkf	0	jkk
亮	llkd	0	llk
亲	qbhf	0	qb
亲	qkhf	0	qkh
人	rfdd	0	r
亿	yizz	0	yizz
什	ufzb	0	ufz
什	uizb	0	uiz
仁	rfzr	0	rfz
仅	jbzg	0	jbz
今	jbvv	0	jbv
介	jpdy	0	jpd
仍	rgzn	0	rg
从	csdd	0	cs
仓	chdt	0	chd
仔	zdzx	0	zdz
仔	zizx	0	ziz
他	tazh	0	t
付	futt	0	fut
仙	xmzu	0	xmz
代	ddzb	0	ddz
令	lkvv	0	lkv
以	yioo	0	yio
仪	yize	0	yize
们	mfzl	0	mf
仲	vszy	0	vsz
件	jmzn	0	jmz
价	jxzy	0	jxz
价	jpzy	0	jpz
任	rfzp	0	rf
份	ffzo	0	ffz
仿	fhzl	0	fhz
企	qidy	0	qid
伊	yizk	0	yizk
伏	fuzv	0	fuz
休	xqza	0	xqz
众	vsdd	0	vsd
优	yzzk	0	yzz
伙	hozw	0	hoz
会	hvdk	0	hv
会	kkdk	0	kkd
伟	wwze	0	wwz
传	irzk	0	irz
传	vrzk	0	vrz
伤	uhzk	0	uhz
伦	lyzg	0	lyz
伯	bdzl	0	bdz
伯	bozl	0	boz
伴	bjze	0	bjz
伸	ufza	0	ufza
似	uizo	0	uizo
似	sizo	0	siz
但	djzr	0	dj
位	wwzh	0	wwzh
低	dizn	0	diz
住	vuzp	0	vuz
佐	zozs	0	zoz
体	tizr	0	tiz
何	hezn	0	hez
余	yudv	0	yud
佛	fozk	0	fo
佛	fuzk	0	fuzk
作	zozr	0	zozr
你	nizf	0	n
佩	pwzg	0	pwz
佳	jxzp	0	jxzp
使	uize	0	uize
例	lizo	0	liz
供	gszv	0	gsz
依	yizg	0	yizg
侧	cezo	0	cez
侯	hzzy	0	hzz
便	bmze	0	bmz
便	pmze	0	pmz
促	cuzk	0	cu
俄	eezb	0	eez
俊	jyzg	0	jyz
俗	suzj	0	suz
保	bcza	0	bcz
信	xbzm	0	xbz
俩	lxzd	0	lx
俩	llzd	0	llz
修	xqzk	0	xq
倍	bwzj	0	bwz
倒	dczo	0	dcz
候	hzzs	0	hzzs
借	jpza	0	jpza
债	vdzq	0	vd
值	vizr	0	viz
倾	qkzq	0	qkz
假	jxzg	0	jxzg
偏	pmzq	0	pmzq
做	zozg	0	zo
停	tkzn	0	tkz
健	jmzo	0	jmzo
偶	ouzo	0	ouz
偷	tzze	0	tzz
储	iuza	0	iuz
像	xlzb	0	xlz
儿	ernn	0	ern
允	yykn	0	yyk
元	yrrn	0	yr
兄	xsjn	0	xsj
充	isbn	0	isb
先	xmnn	0	xm
光	glfn	0	gl
克	kern	0	ker
免	mmxx	0	mmx
党	dhsn	0	dhs
入	rudd	0	rud
全	qrdt	0	qr
八	bavv	0	bav
公	gsvk	0	gs
六	lqbv	0	lqb
兰	ljvr	0	lj
共	gsiv	0	gsi
关	grvv	0	gr
兴	xkfv	0	xkf
兵	bkev	0	bke
其	qiiv	0	qi
具	jurv	0	jur
典	dmlv	0	dml
兹	civf	0	civ
兹	zivf	0	ziv
养	yhmy	0	yhm
兼	jmjj	0	jmj
内	nwld	0	nw
册	cedr	0	ced
再	zdrr	0	zd
冒	mcla	0	mcl
写	xpsr	0	xp
军	jysc	0	jys
农	nssg	0	ns
冠	grsn	0	grs
冬	dsgd	0	dsg
冯	fgon	0	fgo
冰	bkoo	0	bko
冲	isoy	0	iso
决	jtov	0	jto
况	klon	0	kl
冷	lgov	0	lg
净	jkod	0	jko
准	vyop	0	vy
凉	llof	0	llo
减	jmoj	0	jmo
凝	nkol	0	nko
几	jidd	0	jid
凡	fjdd	0	fjd
凤	fgdg	0	fgd
凭	pkzd	0	pkz
凯	kdud	0	kdu
出	iuuu	0	iu
击	jibb	0	jib
刀	dcoo	0	dco
分	ffvo	0	ff
切	qpgo	0	qpg
刑	xkro	0	xkr
划	hxbo	0	hxb
列	lpxo	0	lp
刘	lqqo	0	lq
则	zeqo	0	ze
刚	ghlo	0	gh
创	ildo	0	il
初	iuvo	0	iuv
判	pjvo	0	pjv
利	liee	0	lie
别	bpjo	0	bp
到	dcho	0	dc
制	vino	0	vin
刷	uxto	0	ux
券	qrmo	0	qrm
券	xrmo	0	xrm
刺	cigo	0	cig
刻	kebo	0	keb
剂	jiqo	0	jiq
前	qmvo	0	qm
剑	jmpo	0	jmp
剧	jugo	0	jug
剩	ugco	0	ugc
剪	jmvo	0	jmv
副	furo	0	fu
力	likk	0	lik
办	bjkk	0	bjk
功	gssk	0	gss
加	jxkj	0	jxk
务	wugk	0	wug
动	dsrk	0	ds
助	vurk	0	vur
努	numk	0	nu
劲	jbsk	0	jbs
劲	jksk	0	jks
劳	lcqk	0	lcq
势	uiek	0	uie
勇	yskk	0	ysk
勒	leik	0	lei
勒	lwik	0	lwi
包	bclt	0	bcl
化	hxzg	0	hx
北	bwxg	0	bwx
区	oule	0	oul
区	qule	0	qu
医	yils	0	yil
十	uibb	0	uib
千	qmxx	0	qmx
升	ugkq	0	ugk
午	wudb	0	wud
半	bjve	0	bjv
华	hxzb	0	hxz
协	xpbk	0	xpb
单	ijss	0	ijs
单	djss	0	djs
单	ujss	0	ujs
卖	mdbv	0	mdb
南	nabb	0	nab
南	njbb	0	nj
博	bobn	0	bob
占	vjsj	0	vjs
卡	kass	0	ka
卡	qxss	0	qx
卢	lust	0	lus
卫	wwyr	0	wwy
印	ybii	0	ybi
危	wwot	0	wwo
即	jiwy	0	jiw
却	qtpy	0	qt
卷	jrmt	0	jr
厂	ihcc	0	ihc
厅	tkcn	0	tkcn
历	lick	0	lic
厉	liss	0	lis
压	yacd	0	yac
厚	hzcx	0	hzc
原	yrcf	0	yrc
去	qupk	0	q
县	xmrk	0	xmr
参	cjkk	0	cj
参	cfkk	0	cfk
参	ufkk	0	ufk
又	yzgg	0	yz
及	jiss	0	ji
友	yzbg	0	yzb
双	ulgg	0	ul
反	fjkg	0	fjk
发	fazg	0	f
叔	uusg	0	uus
取	qumg	0	qum
受	uzbg	0	uzb
变	bmyg	0	bm
口	kzjj	0	kz
古	gurr	0	gur
句	gzlj	0	gzl
句	julj	0	jul
另	lkjk	0	lk
只	vijv	0	vij
叫	jnjy	0	jn
召	ucoj	0	uco
召	vcoj	0	vco
可	kenn	0	ke
台	tdkj	0	tdk
史	uije	0	uij
右	yzbj	0	yzbj
叶	xpjb	0	xpj
叶	yejb	0	yej
号	hcjz	0	hcj
司	sizj	0	sizj
叹	tjjg	0	tjj
吃	iijz	0	i
各	gegg	0	geg
合	gedj	0	ged
合	hedj	0	he
吉	jipj	0	jip
同	tslj	0	ts
名	mkxj	0	mk
后	hzkj	0	hz
吐	tujp	0	tuj
向	xlqq	0	xlq
吕	lvjj	0	lvj
吗	majn	0	ma
君	jydj	0	jyd
否	fzrj	0	fz
否	pirj	0	pir
吧	bajt	0	baj
吨	dyjz	0	dyj
含	hjvj	0	hj
听	tkjf	0	tkj
启	qitj	0	qit
吴	wujv	0	wuj
吵	icjk	0	icj
吸	xijs	0	xij
吹	ivjd	0	iv
呀	yajk	0	yaj
呆	ddja	0	ddj
呈	igjt	0	igj
告	gcnj	0	gcn
员	yrjq	0	yrj
员	yyjq	0	yyj
呢	nejg	0	ne
呢	nijg	0	nij
周	vzdj	0	vz
味	wwjs	0	wwj
呼	hujy	0	huj
命	mkdy	0	mkd
和	hecj	0	h
和	hucj	0	huc
和	hocj	0	hoc
咬	ycje	0	ycj
咱	zjjl	0	zjj
咸	xmbj	0	xmb
品	pbjj	0	pb
哈	hajj	0	ha
响	xljq	0	xlj
哥	genn	0	gen
哦	eejb	0	eej
哦	oojb	0	o
哪	najy	0	naj
哪	nejy	0	nej
哭	kujv	0	kuj
唐	thcj	0	thc
唤	hrjv	0	hrj
售	uzpj	0	uzp
唯	wwjp	0	wwjp
唱	ihja	0	ihj
商	uhrr	0	uhr
啊	aajn	0	a
啥	uajj	0	uaj
啦	lajh	0	laj
善	ujbj	0	ujb
喊	hjjj	0	hjj
喜	xipj	0	xip
喝	hejl	0	hej
喷	pfjq	0	pf
嘉	jxpj	0	jxp
嘛	maja	0	maj
嘴	zvjh	0	zvj
器	qijj	0	qij
四	sitt	0	sit
回	hvij	0	hvi
因	ybiv	0	yb
团	trin	0	tr
园	yrin	0	yri
困	kyia	0	ky
围	wwie	0	wwi
固	guir	0	gui
国	goit	0	goi
图	tuid	0	tu
圆	yriq	0	yriq
圈	jrit	0	jri
圈	qrit	0	qri
土	tupp	0	tup
圣	uggp	0	ugg
在	zdbp	0	z
地	deph	0	dep
地	diph	0	di
场	ihpx	0	ihp
均	jypo	0	jy
坏	hkpd	0	hk
坐	zodp	0	zod
坑	kgpd	0	kg
块	kkpv	0	kkp
坚	jmhp	0	jmh
垂	ivxr	0	ivx
型	xkrp	0	xkrp
埃	aips	0	aip
城	igpz	0	igp
域	yupr	0	yup
培	pwpj	0	pwp
基	jiip	0	jii
堂	thsp	0	ths
堆	dvpp	0	dvp
堡	bczp	0	bczp
堡	buzp	0	buz
堡	puzp	0	puzp
塔	tapj	0	tap
塞	sdsp	0	sds
塞	sesp	0	ses
填	tmpv	0	tmp
境	jkpn	0	jkp
墙	qlpj	0	qlp
增	zgpa	0	zg
壁	bitp	0	bit
士	uipp	0	uip
壮	vlxp	0	vlx
声	ugpy	0	ugp
处	iugs	0	iug
备	bwga	0	bwg
复	fudg	0	fud
夏	xxrg	0	xxr
外	wdxs	0	wd
多	doxx	0	do
夜	yebx	0	yeb
够	gzlx	0	gzlx
大	davv	0	da
大	ddvv	0	ddv
天	tmvv	0	tm
太	tdvv	0	td
夫	fuvv	0	fuv
央	yhlv	0	yhl
失	uiss	0	uis
头	tzdv	0	tz
夹	garv	0	gar
夹	jxrv	0	jxr
夺	dovn	0	dov
奇	jivn	0	jiv
奇	qivn	0	qiv
奈	ndvq	0	ndv
奉	fgme	0	fgm
奋	ffva	0	ffv
奔	bfvq	0	bfv
奖	jlxv	0	jlx
套	tcvk	0	tc
奥	aoqv	0	ao
女	nvmm	0	nv
奶	ndmn	0	nd
她	tamh	0	ta
好	hcmx	0	hc
如	rumj	0	ru
妇	fumd	0	fum
妈	mamn	0	mam
妙	mnmk	0	mnm
妹	mwms	0	mwm
妻	qirm	0	qir
姆	muml	0	mum
始	uimj	0	uim
姐	jpmr	0	jpm
姑	gumr	0	gum
姓	xkmx	0	xkm
委	wwcm	0	wwc
姜	jlmm	0	jlm
威	wwbm	0	wwb
娘	nlmw	0	nl
娜	namy	0	nam
娜	nomy	0	nom
婆	poom	0	poo
婚	hyma	0	hym
媒	mwma	0	mwma
嫁	jxmy	0	jxm
嫩	nfmg	0	nf
子	zixx	0	zix
孔	ksxz	0	ksx
字	zisx	0	zis
存	cybx	0	cyb
孙	syxf	0	sy
孝	xnkx	0	xnk
孟	mgxt	0	mgx
季	jicx	0	jic
孤	guxb	0	gux
学	xtsx	0	xt
孩	hdxd	0	hdx
宁	nksn	0	nk
它	tasg	0	tas
宇	yusx	0	yus
守	uzsn	0	uzs
安	ansm	0	an
宋	sssa	0	sss
完	wjsn	0	wjs
宏	hssk	0	hss
宗	zssq	0	zss
官	grsh	0	grsh
定	dksl	0	dk
宜	yisr	0	yis
宝	bcst	0	bcs
实	uisv	0	uisv
审	ufsa	0	ufs
客	kesg	0	kes
宣	xrsr	0	xrs
室	uish	0	uish
宫	gssj	0	gssj
害	hdsj	0	hds
家	jxsy	0	jx
容	rssj	0	rs
宽	krsq	0	krs
宾	bbsv	0	bbs
寄	jisn	0	jis
密	misu	0	mis
富	fusa	0	fus
寒	hjsd	0	hjs
察	iasq	0	ias
对	dvgn	0	dv
寺	sipn	0	sip
寻	xydn	0	xyd
导	dctn	0	dct
封	fgpn	0	fgp
射	ueqn	0	ueq
将	jlxn	0	jl
尊	zyvn	0	zy
小	xnff	0	x
少	ucfk	0	uc
尔	erof	0	ero
尖	jmfv	0	jmf
尚	uhfj	0	uhf
尝	ihfk	0	ihf
尤	yzkk	0	yzk
就	jqkk	0	j
尺	iett	0	iet
尺	iitt	0	iit
尼	nitg	0	ni
尽	jbtd	0	jbt
尾	wwth	0	wwt
尾	yith	0	yit
局	jutj	0	jut
层	cgtk	0	cgt
居	jugg	0	jugg
届	jpta	0	jpt
屋	wuth	0	wut
屏	bktq	0	bkt
屏	pktq	0	pkt
展	vjtl	0	vjt
属	uuto	0	uut
山	ujuu	0	uj
岁	svux	0	sv
岗	ghue	0	ghu
岛	dccc	0	dcc
岩	yjuc	0	yju
岭	lkuv	0	lku
岸	anux	0	anu
峰	fgux	0	fgu
崔	cvup	0	cvu
川	iryy	0	iry
州	vzyy	0	vzy
工	gsss	0	gsss
左	zobs	0	zob
巧	qnsz	0	qns
巨	jull	0	jull
差	iams	0	ia
差	idms	0	idm
差	cims	0	cim
己	jitt	0	jitt
已	yitt	0	yitt
巴	batt	0	bat
币	bikg	0	bik
市	uibg	0	uibg
布	bubg	0	bub
帅	ukyg	0	uk
师	uiyg	0	uiy
希	xieg	0	xie
帐	vhgh	0	vhg
帕	pagl	0	pag
帝	disg	0	dis
带	ddqg	0	dd
席	xicg	0	xic
帮	bhrg	0	bh
常	ihsg	0	ihs
幅	fuga	0	fug
幕	muqg	0	muq
干	gjxx	0	gjx
平	pkrb	0	p
年	nmdy	0	nm
并	bkvq	0	bk
幸	xkpb	0	xkp
广	glcc	0	glc
庄	vlcp	0	vlc
庆	qkcv	0	qkc
床	ilca	0	ilc
序	xucg	0	xuc
库	kucc	0	ku
应	ykcf	0	yk
底	dicn	0	dic
店	dmcj	0	dmc
庙	mnca	0	mnc
府	fuct	0	fuc
度	ducg	0	du
度	docg	0	doc
座	zocp	0	zoc
庭	tkco	0	tkc
康	khco	0	kh
延	yjko	0	yjk
建	jmdo	0	jmd
开	kdrq	0	kd
异	yitq	0	yitq
弃	qibq	0	qib
弄	lstq	0	lst
弄	nstq	0	nst
式	uibs	0	uibs
引	ybzy	0	ybz
弗	fukk	0	fuk
弟	dibb	0	dib
张	vhzh	0	vh
弱	rozo	0	roz
弹	djzs	0	djz
弹	tjzs	0	tjz
强	jlzw	0	jlzw
强	qlzw	0	ql
归	gvyd	0	gvy
当	dhfd	0	dh
录	ludo	0	lud
形	xkrk	0	xkrk
彩	cdbk	0	cdb
彭	pgpk	0	pgp
影	ykak	0	yka
彻	ieyo	0	iey
彼	biyh	0	biy
往	whyp	0	why
征	vgyy	0	vgy
径	jkys	0	jky
待	ddyn	0	ddy
很	hfyw	0	hf
律	lvyd	0	lvy
徐	xuyv	0	xuy
徒	tuyk	0	tuy
得	deyn	0	de
得	dwyn	0	dw
微	wwyg	0	wwyg
德	deyv	0	dey
心	xbvv	0	xbv
必	bivv	0	biv
忆	yivz	0	yiv
忍	rfov	0	rfo
志	vipv	0	vip
忘	whbv	0	whbv
忙	mhvz	0	mh
忠	vsjv	0	vsj
忧	yzvk	0	yzv
快	kkvv	0	kk
念	nmvv	0	nmv
忽	huxv	0	hux
怀	hkvd	0	hkv
态	tdvv	0	tdv
怎	zfdv	0	zf
怒	numv	0	num
怕	pavl	0	pa
思	siav	0	sia
急	jimv	0	jim
性	xkvx	0	xk
怨	yrxv	0	yrx
怪	gkvp	0	gk
总	zsvv	0	zs
恋	lmyv	0	lmy
恐	kssv	0	kss
恒	hgvr	0	hg
恩	eniv	0	en
息	xilv	0	xil
恶	eeev	0	eee
恶	wuev	0	wue
悄	qnvr	0	qnv
悉	xibv	0	xib
患	hrjv	0	hrjv
悦	ytvn	0	ytv
您	nbzv	0	nb
悲	bwxv	0	bwxv
情	qkvr	0	qkv
惊	jkvf	0	jkv
惜	xiva	0	xiv
惠	hvrv	0	hvr
惯	grvq	0	grv
想	xlav	0	xl
愈	yuev	0	yue
意	yiev	0	yie
感	gjbv	0	gj
愿	yrcv	0	yrcv
慢	mjvg	0	mjv
慧	hvxv	0	hvx
懂	dsvw	0	dsv
戈	gebb	0	geb
戏	xigb	0	xig
成	igbz	0	ig
我	wobb	0	w
或	hobr	0	ho
战	vjsb	0	vjsb
戴	ddbv	0	ddb
户	hutt	0	hu
房	fhtl	0	fht
所	sotf	0	s
手	uzee	0	uz
才	cdnn	0	c
扎	zaez	0	zae
扎	vaez	0	vae
扑	pues	0	pue
打	daen	0	dae
托	toeg	0	to
扣	kzej	0	kze
执	vieh	0	vie
扫	sced	0	sc
扬	yhex	0	yhe
扶	fuev	0	fue
批	pieg	0	pie
找	vceb	0	vc
承	igxo	0	igx
技	jieg	0	jie
把	baet	0	ba
抓	vxeb	0	vx
投	tzew	0	tze
抗	khed	0	khe
折	ueef	0	uee
折	veef	0	vee
抢	qlet	0	qle
护	huet	0	hue
报	bceg	0	bc
抬	tdej	0	tde
抱	bcet	0	bce
抵	dien	0	die
抽	izea	0	iz
担	djer	0	dje
拆	idef	0	id
拉	laeh	0	la
拌	bjee	0	bje
拍	pdel	0	pd
拒	juel	0	jue
拔	baed	0	bae
拖	toeh	0	toe
招	vcej	0	vce
拜	bdmx	0	bdm
拟	nieo	0	nie
拥	ysee	0	yse
择	zeee	0	zee
择	vdee	0	vde
括	koej	0	ko
拼	pbeq	0	pbe
拿	nade	0	nad
持	iien	0	ii
挂	gxep	0	gx
指	viea	0	viea
按	anem	0	ane
挑	tnen	0	tne
挖	waez	0	wae
挤	jiey	0	jiey
挥	hvec	0	hve
振	vfel	0	vfe
挺	tkeo	0	tk
损	syeq	0	sye
换	hrev	0	hr
据	jueg	0	ju
授	uzeg	0	uze
掉	dneb	0	dn
掌	vhse	0	vhs
排	pdex	0	pde
探	tjea	0	tje
接	jpem	0	jp
控	kses	0	kse
推	tvep	0	tv
措	coea	0	coe
提	diel	0	diel
提	tiel	0	ti
插	iael	0	iae
握	woeh	0	woe
搜	szeg	0	sz
搞	gcej	0	gce
搬	bjew	0	bjew
搭	daej	0	daej
摄	ueeg	0	ueeg
摆	bdek	0	bde
摇	yceb	0	yce
摩	mace	0	mac
摩	moce	0	moc
摸	moeq	0	moe
撑	igee	0	ige
撒	saeg	0	sae
撞	vlew	0	vle
播	boea	0	boe
操	ccea	0	cce
擦	caeq	0	ca
支	vibg	0	vib
收	uzzg	0	uzz
改	gdtg	0	gdt
攻	gssg	0	gssg
放	fhlg	0	fhl
政	vgrg	0	vgr
故	gurg	0	gurg
效	xneg	0	xne
敌	dixg	0	dix
敏	mbdg	0	mbd
救	jqrg	0	jqr
教	jnkg	0	jnk
敢	gjzg	0	gjz
散	sjig	0	sji
敬	jkqg	0	jkq
数	uubg	0	uub
数	uobg	0	uob
整	vggy	0	vgg
文	wfqq	0	wfq
斗	dzdb	0	dzd
料	lnbb	0	ln
斤	jbff	0	jbf
断	drbf	0	drb
斯	siif	0	si
新	xbhf	0	xb
方	fhll	0	fh
施	uilh	0	uil
旁	phsl	0	phs
旅	lvln	0	lvl
旋	xrll	0	xrl
族	zuls	0	zul
旗	qilv	0	qil
无	moaa	0	moa
无	wuaa	0	wu
既	jiwn	0	jiwn
日	riaa	0	ri
旦	djar	0	dja
旧	jqya	0	jqy
早	zcab	0	zc
时	uian	0	ui
旺	what	0	wha
昌	ihaa	0	iha
明	mkar	0	mka
易	yiax	0	yia
星	xkax	0	xka
映	ykav	0	ykav
春	iyma	0	iy
昨	zoar	0	zoa
是	uial	0	u
显	xmar	0	xma
晋	jbea	0	jbe
晒	uday	0	ud
晓	xnah	0	xna
晚	wjax	0	wja
晨	ifal	0	ifa
普	puva	0	pu
景	jkaf	0	jka
智	visa	0	vis
暂	zjca	0	zjc
暖	nrag	0	nr
暗	anae	0	ana
暴	bckk	0	bck
曲	quay	0	qua
更	ggre	0	g
曹	ccra	0	ccr
曼	mjag	0	mja
曾	cgva	0	cg
曾	zgva	0	zgv
替	tiva	0	tiv
最	zvag	0	zv
月	ytrr	0	yt
有	yzbr	0	y
朋	pgrr	0	pg
服	furg	0	fur
朗	lhdr	0	lh
望	whbt	0	whbt
朝	icbr	0	icb
朝	vcbr	0	vcb
期	jiir	0	jiir
期	qiir	0	qii
木	muaa	0	mua
未	wwss	0	wws
末	moss	0	mos
本	bfar	0	bf
术	uuad	0	uua
术	vuad	0	vua
朱	vuss	0	vus
机	jiad	0	jia
杀	uaef	0	uae
杂	zahf	0	za
权	qrag	0	qra
李	liax	0	lia
材	cdan	0	cda
村	cyan	0	cy
杜	duap	0	dua
束	uugg	0	uug
条	tngf	0	tn
来	ldkk	0	ld
杨	yhax	0	yha
杯	bwad	0	bwa
杰	jpaw	0	jpa
松	ssak	0	ssa
板	bjag	0	bja
极	jias	0	jias
构	gzak	0	gza
析	xiaf	0	xia
林	lbaa	0	lb
枚	mwag	0	mwa
果	goaa	0	goa
枝	viag	0	via
枪	qlat	0	qla
架	jxka	0	jxka
柏	bdal	0	bda
柏	boal	0	boa
某	mzia	0	mz
染	rjoa	0	rjo
柔	rzga	0	rzg
查	iaar	0	iaa
查	vaar	0	vaa
柱	vuap	0	vuap
柳	lqai	0	lqa
标	bnaq	0	bna
树	uuan	0	uuan
校	jnae	0	jna
校	xnae	0	xn
样	yhab	0	yh
核	head	0	hea
核	huad	0	hua
根	gfaw	0	gfa
格	geag	0	gea
案	ansa	0	ans
桌	vosa	0	vo
桑	shga	0	sh
档	dhad	0	dha
桥	qnay	0	qn
桶	tsae	0	tsa
梁	lloa	0	lloa
梅	mwal	0	mwal
梦	mgax	0	mg
检	jmap	0	jma
棒	bhae	0	bha
森	sfaa	0	sf
楚	iual	0	iua
楼	lzam	0	lz
概	gdan	0	gda
榜	bhal	0	bhal
模	moaq	0	mo
模	muaq	0	muaq
横	hgae	0	hga
次	ciod	0	cio
欢	hrgd	0	hrg
欣	xbfd	0	xbf
欧	ould	0	ou
欲	yuvd	0	yuv
款	krpd	0	kr
歌	gend	0	gend
止	viyy	0	viy
正	vgry	0	vg
此	ciyg	0	ci
步	buyk	0	buy
武	wury	0	wur
死	sixg	0	six
殊	uuxs	0	uux
残	cjxb	0	cjx
段	drkw	0	dr
母	mull	0	mul
每	mwdl	0	mwd
毒	duxl	0	dux
比	bigg	0	bi
毕	bigb	0	big
毛	mchh	0	mch
毫	hckh	0	hck
氏	uinn	0	uin
氏	vinn	0	vinn
民	mbmm	0	mb
气	qiuu	0	qiu
水	uvoo	0	uv
永	ysnn	0	ysn
汁	viob	0	vio
求	qqrd	0	qqr
汇	hvol	0	hvo
汉	hjog	0	hjo
汗	hjox	0	hjox
江	jlos	0	jlo
池	iioh	0	iio
汤	thox	0	th
汽	qiou	0	qio
沃	woov	0	wo
沈	ufon	0	ufo
沉	ifod	0	ifo
沙	uaok	0	ua
沟	gzok	0	gzo
没	mwow	0	m
没	moow	0	moo
河	heon	0	heo
油	yzoa	0	yzo
治	vioj	0	vioj
沿	yjoj	0	yjo
泉	qrlo	0	qrl
法	faok	0	fa
泛	fjof	0	fjo
泡	pcot	0	pco
波	booh	0	bo
泥	niog	0	nio
注	vuop	0	vuo
泪	lwoa	0	lwo
泰	tdmo	0	tdm
泽	zeoe	0	zeo
洁	jpoj	0	jpo
洋	yhob	0	yho
洗	xion	0	xio
洗	xmon	0	xmo
洛	loog	0	loo
洞	dsoj	0	dso
洞	tsoj	0	tso
津	jbod	0	jbo
洪	hsov	0	hso
洲	vzoy	0	vzo
活	hooj	0	hoo
派	pdon	0	pdo
流	lqoy	0	lqo
浅	qmob	0	qmo
测	ceoo	0	ce
济	jioy	0	jio
浓	nsog	0	nso
浦	puol	0	puo
浩	hcoj	0	hco
浪	lhow	0	lho
浮	fuox	0	fuo
海	hdol	0	hdo
涂	tuov	0	tuo
消	xnor	0	xno
涉	ueok	0	ueo
润	ryot	0	ry
涨	vhoh	0	vho
液	yeox	0	yeo
淡	djow	0	djo
深	ufoa	0	uf
混	hyog	0	hy
添	tmov	0	tmo
清	qkor	0	qko
渐	jmof	0	jmof
温	wfot	0	wfo
港	ghot	0	gho
游	yzox	0	yzox
湖	huor	0	huo
湾	wjoz	0	wjo
湿	uior	0	uio
源	yrof	0	yro
溪	xiov	0	xiov
滑	hxob	0	hxo
滚	gyok	0	gy
满	mjod	0	mj
滴	dior	0	dio
演	yjov	0	yjov
漫	mjog	0	mjo
潘	pjoa	0	pjo
潜	qmoa	0	qmoa
潮	icor	0	ico
澳	aoov	0	aoo
激	jiog	0	jiog
火	howw	0	how
灭	mprw	0	mp
灯	dgwn	0	dgw
灰	hvbw	0	hvb
灵	lkdw	0	lkd
炎	yjww	0	yjw
炒	icwk	0	icw
炖	dywz	0	dyw
炸	vawr	0	va
点	dmsw	0	dm
烂	ljwr	0	ljw
烈	lpxw	0	lpx
烟	yjwv	0	yjwv
烤	kcwz	0	kcw
烦	fjwq	0	fjw
烧	ucwh	0	ucw
烫	thow	0	tho
热	reew	0	re
焦	jnpw	0	jnp
然	rjxw	0	rj
煎	jmvw	0	jmvw
照	vcaw	0	vca
煮	vukw	0	vuk
熊	xskw	0	xs
熟	uzkw	0	uzk
熟	uukw	0	uuk
燕	yjiw	0	yji
爆	bcwk	0	bcw
爱	aibg	0	ai
父	fuve	0	fuve
爷	yevy	0	yev
爸	bavt	0	bavt
爽	ulbd	0	ulb
片	pmxx	0	pm
版	bjxg	0	bj
牌	pdxb	0	pdx
牙	yakk	0	yak
牛	nqnn	0	nq
物	wunx	0	wun
特	tenn	0	te
犯	fjht	0	fjh
状	vlxv	0	vlxv
犹	yzhk	0	yzh
狂	klht	0	klh
狗	gzhj	0	gzh
独	duhw	0	duh
猛	mght	0	mgh
猜	cdhr	0	cdh
猪	vuha	0	vuh
猫	mcha	0	mc
献	xmbv	0	xmbv
率	lvbb	0	lv
率	ukbb	0	ukb
玉	yutt	0	yut
王	whtt	0	wh
玛	matn	0	mat
玩	wjtn	0	wjt
环	hrtd	0	hrt
现	xmtq	0	xmt
珍	vftk	0	vft
珠	vuts	0	vut
班	bjto	0	bjt
球	qqtd	0	qq
理	litw	0	lit
琳	lbta	0	lbt
琴	qbtv	0	qbt
瑞	rvtl	0	rv
瓜	gxbb	0	gxb
瓦	wass	0	wa
瓶	pkvs	0	pkv
甘	gjii	0	gji
甚	ufiz	0	ufi
甜	tmxi	0	tmx
生	ugkx	0	ug
用	ysde	0	ys
田	tmaa	0	tma
由	yzaa	0	yza
甲	jxaa	0	jxa
申	ufaa	0	ufa
电	dmaa	0	dma
男	njak	0	nja
町	dkan	0	dka
画	hxrl	0	hxr
界	jpay	0	jpay
留	lqxa	0	lqx
略	ltag	0	lt
番	fjba	0	fjb
番	pjba	0	pjb
疑	yigl	0	yig
疗	lncx	0	lnc
疼	tgcd	0	tg
疾	jics	0	jics
病	bkcd	0	bkc
症	vgcy	0	vgc
痛	tsce	0	tsc
瘦	uzcg	0	uzc
登	dgxr	0	dgx
白	bdll	0	bd
百	bdrl	0	bdr
的	deld	0	d
的	dild	0	dil
皆	jpgl	0	jpg
皇	hllt	0	hll
皮	pihh	0	pi
盆	pfvt	0	pfv
益	yivt	0	yivt
盐	yjpt	0	yjp
监	jmht	0	jmht
盒	hedt	0	hed
盖	gdmt	0	gdm
盖	gemt	0	gem
盘	pjct	0	pj
盛	igbt	0	igb
盛	ugbt	0	ugb
目	muaa	0	mu
直	vibr	0	vibr
相	xlaa	0	xla
省	ugfa	0	ugf
省	xkfa	0	xkfa
眉	mwta	0	mwt
看	kjma	0	k
真	vfbv	0	vf
眼	yjaw	0	yj
着	vcma	0	vcm
着	vema	0	vem
着	voma	0	vom
睛	jkar	0	jkar
睡	uvar	0	uva
督	dusa	0	dus
瞧	qnaw	0	qna
知	visj	0	visj
短	drsr	0	drs
石	djcc	0	djc
石	uicc	0	uic
码	macn	0	macn
研	yjcq	0	yjc
破	poch	0	po
硬	ykce	0	ykc
确	qtch	0	qtc
碎	svcb	0	svc
碗	wjct	0	wjc
碰	pgce	0	pgc
碳	tjcw	0	tjc
示	uiqq	0	uiq
礼	livz	0	liv
社	uevp	0	uev
祖	zuvr	0	zuv
祝	vuvn	0	vuv
神	ufva	0	ufv
祥	xlvb	0	xlv
票	pnyq	0	pn
禁	jbaq	0	jba
福	fuva	0	fuva
离	libo	0	lib
秀	xqcn	0	xqc
私	sick	0	sic
秋	qqcw	0	qqc
种	iscy	0	isc
种	vscy	0	vs
科	kecb	0	kec
秒	mnck	0	mn
秘	bicv	0	bic
秘	micv	0	mic
租	zucr	0	zuc
秦	qbmc	0	qbm
积	jicv	0	jicv
称	ifcf	0	ifc
称	igcf	0	igcf
移	yicx	0	yic
程	igct	0	igct
稍	uccr	0	ucc
税	uvcn	0	uvc
稳	wfcv	0	wfc
穆	muck	0	muc
究	jqsh	0	jqs
穷	qssk	0	qs
空	ksss	0	ks
穿	irsk	0	ir
突	tusv	0	tus
窗	ilsq	0	ils
立	lihh	0	lih
站	vjhj	0	vj
竞	jkhn	0	jkh
竟	jken	0	jke
章	vheb	0	vhe
童	tshw	0	tsh
端	drhl	0	drh
竹	vumm	0	vum
笑	xnmv	0	xnm
笔	bimh	0	bim
符	fumt	0	fumt
第	dimb	0	dim
等	dgmn	0	dg
答	damj	0	dam
策	cemg	0	cem
签	qmmp	0	qmm
简	jmma	0	jmm
算	srmq	0	sr
管	grmh	0	grm
箱	xlma	0	xlm
篇	pmmq	0	pmm
米	mibb	0	mi
类	lwbv	0	lw
粉	ffbo	0	ffb
粗	cubr	0	cub
粥	vzzz	0	vzz
精	jkbr	0	jkb
糊	hubr	0	hub
糖	thbj	0	thb
系	jikf	0	jik
系	xikf	0	xik
素	suxf	0	sux
索	sobf	0	so
紧	jbhf	0	jbh
紫	ziyf	0	ziy
累	lwaf	0	lwa
红	hsfs	0	hs
约	ycfd	0	ycf
约	ytfd	0	ytf
级	jifs	0	jif
纪	jift	0	jift
纯	iyfz	0	iyf
纳	nafd	0	naf
纵	zsfd	0	zsf
纷	fffo	0	fff
纸	vifn	0	vif
纹	wffq	0	wff
线	xmfb	0	xmf
练	lmfc	0	lmf
组	zufr	0	zu
细	xifa	0	xif
织	vifv	0	vifv
终	vsfd	0	vsf
绍	ucfj	0	ucf
经	jkfs	0	jk
结	jpfj	0	jpf
绕	rcfh	0	rc
给	gwfj	0	gw
给	jifj	0	jifj
络	lcfg	0	lcf
络	lofg	0	lof
绝	jtft	0	jtf
统	tsfn	0	tsf
继	jifz	0	jifz
续	xufv	0	xuf
维	wwfp	0	wwf
绿	lufo	0	luf
绿	lvfo	0	lvf
缓	hrfg	0	hrf
编	bmfq	0	bmf
缘	yrfy	0	yrf
缩	sufl	0	suf
缩	sofl	0	sof
缺	qtbv	0	qtb
网	whle	0	whl
罗	lotx	0	lo
罢	batk	0	batk
罪	zvtx	0	zvt
置	vitr	0	vit
署	uutt	0	uutt
羊	yhbb	0	yhb
美	mwmv	0	mw
群	qydb	0	qy
翻	fjbn	0	fjbn
翼	yinv	0	yin
老	lckg	0	lc
考	kckz	0	kc
者	veka	0	vek
而	erll	0	e
耐	ndln	0	ndl
耳	ermm	0	erm
耶	yemy	0	yem
聊	lnmi	0	lnm
职	vimv	0	vim
联	lmmv	0	lmm
聚	jumd	0	jum
肉	rzld	0	rz
肌	jird	0	jir
肖	xnfr	0	xnf
肝	gjrx	0	gjr
股	gurw	0	gu
肥	fwrt	0	fwr
肩	jmtr	0	jmt
肯	kfyr	0	kf
育	yubr	0	yub
肺	fwrg	0	fwrg
肾	ufhr	0	ufh
胃	wwar	0	wwa
胆	djrr	0	djr
背	bwxr	0	bwxr
胎	tdrj	0	tdr
胖	pjre	0	pjr
胖	phre	0	ph
胜	ugrx	0	ugr
胡	hurr	0	hur
胸	xsrl	0	xsr
能	ngkg	0	ng
脂	vira	0	vir
脆	cvrt	0	cv
脏	zhrp	0	zh
脑	ncrl	0	nc
脚	jnry	0	jnr
脱	torn	0	tor
脸	lmrp	0	lmr
腰	ycrm	0	ycr
腻	nirq	0	nir
腾	tgrn	0	tgr
腿	tvro	0	tvr
膜	morq	0	morq
臂	bwtr	0	bwt
臂	bitr	0	bitr
臣	ifmm	0	ifm
自	zill	0	zi
至	vihh	0	vihh
致	vihg	0	vih
舍	uedj	0	ued
舒	uudg	0	uud
舞	wudh	0	wudh
航	hhcd	0	hhc
般	bjcw	0	bjc
舰	jmcq	0	jmc
船	ircj	0	irc
良	lldw	0	lld
色	seot	0	se
色	udot	0	udo
艺	yiqz	0	yiq
艾	aiqe	0	aiq
艾	yiqe	0	yiqe
节	jpqy	0	jpq
芬	ffqo	0	ffq
花	hxqg	0	hxq
芳	fhql	0	fhq
苏	suqk	0	su
若	roqj	0	ro
苦	kuqr	0	kuq
英	ykqv	0	ykq
范	fjqt	0	fjq
茨	ciqd	0	ciq
茶	iaqf	0	iaq
草	ccqb	0	cc
荡	dhqx	0	dhq
荣	rsqa	0	rsq
药	ycqd	0	ycq
莉	liqe	0	liq
莫	moqq	0	moq
莱	ldqk	0	ldq
获	hoqv	0	hoq
菌	jyqc	0	jyq
菜	cdqb	0	cd
菲	fwqx	0	fwq
萌	mgqr	0	mgq
营	ykqj	0	ykqj
萨	saqk	0	sa
落	laqg	0	laq
落	lcqg	0	lcqg
落	loqg	0	loq
著	vuqa	0	vuq
著	voqa	0	voq
董	dsqw	0	dsq
葱	csqv	0	csq
蒂	diqg	0	diq
蒋	jlqn	0	jlq
蒙	mgqy	0	mgqy
蒸	vgqw	0	vgq
蓝	ljqt	0	ljq
蔡	cdqq	0	cdq
薄	bcqn	0	bcq
薄	boqn	0	boq
藏	chqm	0	ch
藏	zhqm	0	zhq
虎	husd	0	hus
虑	lvsv	0	lvs
虚	xusr	0	xus
虫	isww	0	isw
虽	svjw	0	svj
虾	xxws	0	xxw
蛋	djlw	0	djl
蛮	mjyw	0	mjy
融	rshw	0	rsh
蟹	xphw	0	xph
血	xptt	0	xpt
血	xttt	0	xtt
行	hhxx	0	hh
行	hgxx	0	hgx
行	xkxx	0	xkx
街	jpxp	0	jpx
衣	yigg	0	yigg
补	buvs	0	buv
表	bnxg	0	bn
袁	yrpg	0	yrp
袋	ddzg	0	ddzg
被	bwvh	0	bw
装	vlxg	0	vl
西	xiyy	0	xi
要	ycym	0	yc
见	jmqq	0	jmq
见	xmqq	0	xmq
观	grgq	0	grg
规	gvvq	0	gvv
视	uivq	0	uiv
觉	jnsq	0	jns
觉	jtsq	0	jt
角	jnhh	0	jnh
角	jthh	0	jth
解	jphn	0	jph
解	xphn	0	xphn
触	iuhw	0	iuh
言	yjmm	0	yjm
警	jkqm	0	jkqm
计	jimb	0	jimb
订	dkmn	0	dkm
认	rfmd	0	rfm
讨	tcmn	0	tcm
让	rhmr	0	rh
训	xymy	0	xym
议	yime	0	yim
讯	xymb	0	xy
记	jimt	0	jimt
讲	jlmj	0	jlmj
许	xumb	0	xum
论	lymg	0	ly
设	uemw	0	ue
访	fhml	0	fhm
证	vgmy	0	vgm
评	pkmb	0	pk
识	uimv	0	uimv
识	vimv	0	vimv
诉	sumf	0	sum
词	cimj	0	cimj
译	yime	0	yime
试	uims	0	uims
诗	uimn	0	uimn
诚	igmz	0	igm
话	hxmj	0	hxm
该	gdmd	0	gd
详	xlmb	0	xlmb
语	yumj	0	yum
误	wumv	0	wum
说	uvmn	0	uvm
说	uomn	0	uo
请	qkmr	0	qk
诸	vuma	0	vuma
诺	nomj	0	no
读	dzmv	0	dzm
读	dumv	0	dum
课	kema	0	kem
谁	uvmp	0	uvmp
调	dnmj	0	dnm
调	tnmj	0	tnm
谈	tjmw	0	tj
谋	mzma	0	mzm
谓	wwmr	0	wwm
谢	xpmn	0	xpm
谷	guvj	0	guv
豆	dzrr	0	dzr
象	xlbb	0	xlb
豪	hcky	0	hcky
貌	mcyn	0	mcy
贝	bwqq	0	bwq
负	fuoq	0	fuoq
财	cdqn	0	cdqn
责	zexq	0	zex
贤	xmhq	0	xmh
败	bdqg	0	bdq
货	hozq	0	hozq
质	vikq	0	vik
贫	pbvq	0	pbv
购	gzqk	0	gz
贴	tpqj	0	tpq
贵	gvwq	0	gv
贷	ddzq	0	ddzq
费	fwkq	0	fwk
贾	guyq	0	guy
贾	jxyq	0	jxy
资	zioq	0	zio
赏	uhsq	0	uhs
赖	ldgq	0	ldg
赚	vrqj	0	vrq
赛	sdsq	0	sd
赞	zjnq	0	zj
赢	ykdq	0	ykd
赫	hepy	0	hep
走	zzkk	0	zz
赵	vcke	0	vck
赶	gjkx	0	gjk
起	qikt	0	qik
超	ickj	0	ic
越	ytkb	0	ytk
趣	qukg	0	quk
足	zukk	0	zuk
跃	ytkv	0	ytkv
跌	dpks	0	dp
跑	pckt	0	pc
距	jukl	0	juk
跟	gfkw	0	gf
跨	kxkz	0	kx
路	lukg	0	lu
跳	tnkn	0	tnk
身	ufqq	0	ufq
车	iecc	0	ie
车	jucc	0	juc
轨	gvch	0	gvc
转	vrck	0	vr
轮	lycg	0	lyc
软	rrcd	0	rr
轴	vzca	0	vzc
轻	qkcs	0	qkcs
载	zdbc	0	zdb
较	jnce	0	jnc
辆	llcd	0	llc
辈	bwxc	0	bwxc
辉	hvfc	0	hvf
输	uuce	0	uuc
辛	xbhh	0	xbh
辞	cixh	0	cix
辣	lahg	0	lah
边	bmko	0	bmk
达	davo	0	dav
迅	xyzo	0	xyz
过	gono	0	go
迎	ykyo	0	yky
运	yyro	0	yyr
近	jbfo	0	jbfo
返	fjko	0	fjko
还	hdro	0	hd
还	hrro	0	hrr
这	veqo	0	ve
进	jbjo	0	jbj
远	yrro	0	yrr
违	wweo	0	wwe
连	lmco	0	lm
迟	iito	0	iito
迪	diao	0	dia
迫	pdlo	0	pdl
迫	polo	0	pol
述	uuao	0	uuao
迷	mibo	0	mib
迹	jiyo	0	jiy
追	vvho	0	vv
退	tvwo	0	tvw
送	ssvo	0	ss
适	uixo	0	uix
逃	tcoo	0	tco
选	xrno	0	xr
透	tzco	0	tzc
逐	vuyo	0	vuy
递	dibo	0	dibo
途	tudo	0	tud
通	tsko	0	tsk
逛	glho	0	glh
速	sugo	0	sug
造	zcno	0	zcn
逼	biro	0	bir
遇	yuao	0	yua
遍	bmto	0	bmt
道	dcvo	0	dcv
遗	yiwo	0	yiw
遭	zcro	0	zcr
避	bito	0	bito
邀	yclo	0	ycl
邓	dggy	0	dgg
那	nazy	0	na
邦	bhry	0	bhr
邻	lbvy	0	lbv
郎	lhdy	0	lhd
郑	vgvy	0	vgv
郡	jydy	0	jydy
部	buhy	0	bu
郭	goky	0	gok
都	dzky	0	dz
都	duky	0	duk
配	pwyt	0	pw
酒	jqoy	0	jqo
酥	suyc	0	suy
酱	jlxy	0	jlxy
酷	kuyj	0	kuy
酸	sryg	0	sry
醒	xkyx	0	xky
采	cdbb	0	cdbb
释	uibe	0	uibe
里	liww	0	li
重	isxw	0	is
重	vsxw	0	vsx
野	yewg	0	yew
量	llaw	0	lla
金	jbnn	0	jb
针	vfnb	0	vfn
钟	vsny	0	vsn
钢	ghne	0	ghn
钱	qmnb	0	qmn
铁	tpns	0	tp
铜	tsnj	0	tsn
银	ybnw	0	ybn
铺	punl	0	pun
链	lmno	0	lmn
销	xnnr	0	xnn
锁	sonq	0	son
锅	gond	0	gon
错	cona	0	co
锦	jbng	0	jbn
键	jmno	0	jmn
镇	vfnv	0	vfnv
镜	jknn	0	jkn
长	ihhh	0	ih
长	vhhh	0	vhh
门	mfll	0	mfl
闪	ujld	0	ujl
闭	biln	0	bil
问	wflj	0	wf
闲	xmla	0	xml
间	jmla	0	jm
闹	nclg	0	ncl
闻	wflm	0	wfl
队	dvyd	0	dvy
防	fhyl	0	fhy
阳	yhya	0	yhy
阴	ybyr	0	yby
阵	vfyc	0	vfy
阶	jpyy	0	jpy
阻	zuyr	0	zuy
阿	aayn	0	aa
阿	eeyn	0	eey
附	fuyt	0	fuy
际	jiyq	0	jiyq
陆	lqyb	0	lqy
陆	luyb	0	luy
陈	ifyc	0	if
降	jlyh	0	jly
降	xlyh	0	xly
限	xmyw	0	xmy
院	yryn	0	yry
除	iuyv	0	iuy
险	xmyp	0	xmyp
陪	pwyj	0	pwy
陶	tcyb	0	tcy
陷	xmyl	0	xmyl
隆	lsyx	0	lsy
随	svyo	0	svy
隐	ybyv	0	ybyv
隔	geyh	0	gey
难	njgp	0	njg
雄	xsbp	0	xsb
雅	yakp	0	yakp
集	jipa	0	jipa
雨	yull	0	yul
雪	xtld	0	xtl
零	lklv	0	lkl
雷	lwla	0	lwl
需	xull	0	xu
震	vfll	0	vfl
霍	holp	0	hol
露	lzlg	0	lzl
露	lulg	0	lul
青	qkxr	0	qkx
静	jkxd	0	jkx
非	fwxx	0	fw
靠	kcnx	0	kcn
面	mmll	0	mm
革	geii	0	gei
鞋	xpip	0	xpi
韦	wwee	0	wwee
韩	hjbe	0	hjb
音	ybee	0	ybe
页	yeqq	0	yeq
顶	dknq	0	dknq
项	xlsq	0	xls
顺	uyyq	0	uy
须	xukq	0	xuk
顾	gucq	0	guc
顿	dyrq	0	dy
预	yugq	0	yugq
领	lkvq	0	lkvq
频	pbyq	0	pby
颗	keaq	0	kea
题	tiaq	0	tia
颜	yjhq	0	yjh
额	eesq	0	ee
风	fgde	0	fg
飞	fwzz	0	fwz
食	uidw	0	uid
餐	cjxw	0	cjxw
饭	fjgg	0	fj
饮	ybgd	0	ybg
饰	uigg	0	uig
饱	bcgt	0	bcg
饼	bkgq	0	bkg
饿	eegb	0	eeg
馆	grgh	0	grgh
首	uzvl	0	uzv
香	xlca	0	xlc
马	mann	0	man
驻	vunp	0	vun
驾	jxkn	0	jxkn
骂	majj	0	majj
验	yjnp	0	yjn
骑	qinn	0	qin
骗	pmnq	0	pmn
骨	gubb	0	gub
高	gckj	0	gc
鬼	gvnn	0	gvn
魂	hyrn	0	hyr
魏	wwcn	0	wwcn
魔	mocn	0	mocn
鱼	yuyy	0	yuy
鲁	luya	0	luya
鲜	xmyb	0	xmyb
鸟	nncc	0	nn
鸡	jigc	0	jig
鸭	yaac	0	yaa
鹏	pgrc	0	pgr
麦	mdxg	0	mdx
麻	maca	0	maca
黄	hlie	0	hl
黎	lico	0	lico
黑	hwtt	0	hw
默	motv	0	mot
鼓	gupg	0	gup
齐	qiqy	0	qiq
龙	lskk	0	ls
丐	gdrz	0	gdr
丘	qqee	0	qqe
丙	bkrd	0	bkr
丛	csdr	0	csd
丞	igzr	0	igz
丧	shbl	0	shb
丫	yavy	0	yav
乍	vadr	0	vad
乏	fakf	0	fak
乖	gkxg	0	gkx
乞	qidz	0	qidz
乳	rubz	0	rub
乾	qmbz	0	qmb
亥	hdbd	0	hdb
亨	hgkx	0	hgk
亩	muba	0	mub
亭	tkkn	0	tkk
仆	puzs	0	puz
仇	izzh	0	izzh
仇	qqzh	0	qqz
仑	lydg	0	lyd
仕	uizp	0	uizp
仗	vhzd	0	vhz
仰	yhzy	0	yhz
伍	wuzq	0	wuz
伐	fazb	0	faz
伞	sjdb	0	sjd
伪	wwzk	0	wwzk
估	guzr	0	guz
伶	lkzv	0	lkz
伺	cizj	0	ciz
伺	sizj	0	sizj
伽	gazj	0	gaz
伽	jxzj	0	jxzj
伽	qpzj	0	qpz
佑	yzzj	0	yzzj
佟	tszd	0	tsz
佣	ysze	0	ysz
佬	lczg	0	lcz
佰	bdzl	0	bdzl
侃	kjzy	0	kjz
侄	vizh	0	vizh
侍	uizn	0	uizn
侠	xxzv	0	xxz
侣	lvzj	0	lvz
侥	jnzh	0	jnz
侥	yczh	0	ycz
侦	vfzq	0	vfz
侨	qnzy	0	qnz
侬	nszg	0	nsz
侮	wuzl	0	wuzl
侵	qbzg	0	qbz
俏	qnzr	0	qnzr
俘	fuzx	0	fuzx
俞	yuee	0	yuee
俭	jmzp	0	jmzp
俯	fuzt	0	fuzt
俱	juzv	0	juz
俺	anza	0	anz
倘	thzj	0	thz
倚	yizn	0	yizn
倡	ihza	0	ihz
倦	jrzt	0	jrz
倩	qmzr	0	qmz
倪	nizn	0	niz
偿	ihzk	0	ihzk
傅	fuzn	0	fuzn
傍	bhzl	0	bhz
催	cvzp	0	cvz
傲	aozg	0	aoz
傻	uazg	0	uaz
僚	lnzf	0	lnz
僧	sgza	0	sg
僵	jlzr	0	jlz
僻	pizh	0	piz
儒	ruzl	0	ruz
兆	vcon	0	vcon
兑	dvvn	0	dvv
兔	tuxx	0	tux
兜	dzln	0	dzl
兮	xivz	0	xivz
兽	uzvj	0	uzvj
冀	jixv	0	jix
冈	ghle	0	ghl
冉	rjlr	0	rjl
冢	vssy	0	vss
冤	yrsx	0	yrs
冥	mksv	0	mks
冶	yeoj	0	yeoj
冻	dsoc	0	dsoc
凄	qiom	0	qiom
凌	lkog	0	lko
凑	czov	0	cz
凛	lboq	0	lbo
凰	hldt	0	hld
凳	dgxd	0	dgxd
凶	xsel	0	xse
凸	tuyr	0	tuyr
凹	aoyr	0	aoy
函	hjzl	0	hjz
凿	zcel	0	zce
刁	dnzr	0	dnz
刃	rfod	0	rfod
刊	kjxo	0	kjx
删	ujdo	0	ujd
刨	bclo	0	bclo
刨	pclo	0	pcl
刮	gxxo	0	gxx
刹	iaeo	0	iaeo
刹	uaeo	0	uaeo
剁	dodo	0	dod
剃	tibo	0	tib
削	xnfo	0	xnfo
削	xtfo	0	xtf
剔	tiao	0	tiao
剖	pzho	0	pz
剥	bcdo	0	bcd
剥	bodo	0	bod
割	geso	0	ges
剿	jnyo	0	jny
劈	pito	0	pit
劝	qrgk	0	qrg
劣	lpfk	0	lpf
劫	jppk	0	jpp
励	lisk	0	lisk
勃	bobk	0	bobk
勉	mmxk	0	mmxk
勋	xyjk	0	xyj
勘	kjik	0	kji
募	muqk	0	muqk
勤	qbik	0	qbi
勺	ucld	0	ucl
勾	gzlk	0	gzlk
勿	wuxx	0	wux
匀	yylo	0	yyl
匆	csxd	0	csx
匈	xsll	0	xsl
匕	bikz	0	bikz
匙	iiag	0	iia
匙	uiag	0	uia
匠	jllf	0	jll
匡	kllt	0	kll
匣	xxla	0	xxl
匪	fwlx	0	fwl
匹	piln	0	pil
匿	nilj	0	nil
卑	bwlb	0	bwl
卒	cubb	0	cubb
卒	zubb	0	zub
卓	vosb	0	vos
卜	boss	0	bos
卜	buss	0	bus
卤	luse	0	luse
卦	gxps	0	gxp
卧	woms	0	wom
卯	mcii	0	mci
卵	lrii	0	lri
卸	xpdy	0	xpd
卿	qkiy	0	qki
厄	eect	0	eec
厌	yjcv	0	yjcv
厕	ceco	0	cec
厘	licw	0	licw
厝	coca	0	coc
厢	xlca	0	xlca
厦	uacg	0	uac
厦	xxcg	0	xxc
厨	iucn	0	iuc
叉	iagd	0	iag
叙	xudg	0	xud
叛	pjvg	0	pjvg
叠	dpgr	0	dpg
叨	dcjo	0	dcj
叨	tcjo	0	tcj
叩	kzjy	0	kzj
叭	bajv	0	bajv
叮	dkjn	0	dkj
吁	xujx	0	xuj
吁	yujx	0	yuj
吊	dnjg	0	dnj
吏	lire	0	lir
吓	hejs	0	hejs
吓	xxjs	0	xxj
吖	aajy	0	aaj
吝	lbqj	0	lbq
吞	tyvj	0	ty
吟	ybjv	0	ybj
吩	ffjo	0	ffj
吭	hhjd	0	hhj
吭	kgjd	0	kgj
吱	vijg	0	vijg
吱	zijg	0	zij
吻	wfjx	0	wfj
吼	hzjz	0	hzj
吾	wuqj	0	wuqj
呃	eejt	0	eejt
呐	najd	0	najd
呕	ouje	0	ouj
呗	bwjq	0	bwj
呛	qljt	0	qlj
呜	wujc	0	wujc
呦	yzjk	0	yzj
呵	hejn	0	hejn
呻	ufja	0	ufj
咋	zajr	0	zaj
咋	zejr	0	zej
咋	vajr	0	vaj
咏	ysjn	0	ysj
咐	fujt	0	fuj
咒	vzjd	0	vzj
咕	gujr	0	guj
咖	gajj	0	gaj
咖	kajj	0	kaj
咦	yijh	0	yij
咧	lpjo	0	lpj
咨	zioj	0	zioj
咩	mpjb	0	mpj
咪	mijb	0	mij
咯	gejg	0	gej
咯	kajg	0	kajg
咯	lojg	0	loj
咯	lojg	1	lojg
咳	hdjd	0	hdj
咳	kejd	0	kej
咽	yjjv	0	yjj
咽	yejv	0	yejv
哀	aigj	0	aig
哄	hsjv	0	hsj
哆	dojx	0	doj
哇	wajp	0	waj
哉	zdbj	0	zdbj
哎	aije	0	aij
哑	yaje	0	yaje
哒	dajo	0	daj
哗	hxjb	0	hxj
哟	yojd	0	yo
哨	ucjr	0	ucj
哩	lijw	0	lij
哮	xnjx	0	xnj
哲	veej	0	veej
哺	bujl	0	buj
哼	hgjx	0	hgj
哼	hgjx	1	hgjx
唇	iycj	0	iyc
唉	aijs	0	aijs
唑	zojp	0	zoj
唔	wujj	0	wujj
唠	lcjk	0	lcj
唾	tojr	0	toj
啃	kfjr	0	kfj
啡	fwjx	0	fwj
啤	pijb	0	pij
啪	pajl	0	paj
啸	xnjv	0	xnjv
啼	tijg	0	tij
喀	kajg	0	kajg
喂	wwjl	0	wwjl
喇	lajo	0	lajo
喉	hzjs	0	hzjs
喔	wojh	0	woj
喘	irjl	0	irjl
喧	xrjr	0	xrj
喵	mnja	0	mnj
喻	yuje	0	yuje
喽	lzjm	0	lzj
嗅	xqjv	0	xqj
嗒	dajj	0	dajj
嗓	shja	0	shj
嗖	szjg	0	szj
嗜	uija	0	uija
嗡	wgjn	0	wgj
嗣	sijj	0	sij
嗨	hdjl	0	hdjl
嗯	ngjv	0	ngj
嗲	dxjx	0	dx
嗽	szjd	0	szjd
嘀	dijr	0	dij
嘎	gajb	0	gajb
嘱	vujo	0	vuj
嘲	icjr	0	icjr
嘶	sijf	0	sijf
嘻	xijj	0	xijj
嘿	hwjt	0	hwj
噢	oojv	0	oo
噪	zcja	0	zcj
噬	uijd	0	uijd
噶	gajl	0	ga
嚎	hcjy	0	hcjy
嚣	xnjj	0	xnjj
嚷	rhjg	0	rhj
嚼	jnjn	0	jnj
嚼	jtjn	0	jtj
囊	nhsg	0	nh
囚	qqid	0	qqi
圭	gvpp	0	gvp
圳	vfpy	0	vfp
圾	jips	0	jips
址	vipy	0	vipy
坂	bjpg	0	bjp
坊	fhpl	0	fhp
坎	kjpd	0	kjp
坛	tjpk	0	tjp
坝	bapq	0	bap
坞	wupc	0	wup
坟	ffpq	0	ffp
坠	vvyp	0	vvy
坡	poph	0	pop
坤	kypa	0	kyp
坦	tjpr	0	tjpr
坨	topg	0	top
坪	pkpb	0	pkp
垃	laph	0	lap
垄	lskp	0	lsk
垒	lwkp	0	lwk
垢	gzpj	0	gzp
垣	yrpr	0	yrpr
垫	dmep	0	dme
垮	kxpz	0	kxp
埋	mdpw	0	mdp
埋	mjpw	0	mjp
埔	bupl	0	bup
埔	pupl	0	pup
埠	bupb	0	bupb
埼	qipn	0	qip
堕	doyp	0	doy
堤	dipl	0	dip
堪	kjpz	0	kjpz
堰	yjpm	0	yjpm
堵	dupa	0	dup
塌	tapn	0	tapn
塑	suvp	0	suv
塘	thpj	0	thp
墅	uuwp	0	uuw
墓	muqp	0	muqp
墟	xupr	0	xup
墨	motp	0	motp
墩	dypg	0	dyp
壤	rhpg	0	rhp
壬	rfpp	0	rfp
壳	kepd	0	kep
壳	qnpd	0	qnp
壶	hupr	0	hup
壹	yipr	0	yip
夕	xixx	0	xix
夭	yckv	0	yck
夷	yihh	0	yih
夸	kxvz	0	kxv
奎	kvvp	0	kvv
奏	zzmv	0	zzm
契	qixv	0	qix
奕	yiyv	0	yiyv
奠	dmvv	0	dmv
奢	ueva	0	ueva
奴	numg	0	numg
奸	jmmx	0	jmmx
妃	fwmt	0	fwm
妄	whbm	0	whbm
妆	vlxm	0	vlxm
妍	yjmq	0	yjmq
妒	dumt	0	dumt
妓	jimg	0	jimg
妖	ycmv	0	ycm
妞	nqmp	0	nqm
妥	tobm	0	tob
妨	fhml	0	fhml
妮	nimg	0	nim
姊	zimk	0	zim
姚	ycmn	0	ycmn
姥	lcmg	0	lcm
姨	yimh	0	yimh
姬	jimm	0	jimm
姻	ybmv	0	ybm
姿	ziom	0	ziom
娃	wamp	0	wam
娄	lzbm	0	lzb
娅	yame	0	yam
娇	jnmy	0	jnm
娟	jrmr	0	jrm
娥	eemb	0	eem
娱	yumv	0	yumv
娴	xmma	0	xmm
娶	qumm	0	qumm
婉	wjmt	0	wjm
婊	bnmg	0	bnm
婕	jpmd	0	jpmd
婧	jkmr	0	jkm
婴	ykqm	0	ykqm
婶	ufma	0	ufm
婷	tkmn	0	tkm
媚	mwmt	0	mwmt
媛	yrmg	0	yrm
媳	ximv	0	xim
嫂	scmg	0	scm
嫉	jims	0	jims
嫌	xmmj	0	xmmj
嫡	dimr	0	dimr
孕	yynx	0	yyn
孚	fubx	0	fub
孜	zixg	0	zixg
孰	uukh	0	uukh
孵	fuix	0	fui
孽	npqx	0	npq
宅	vdsg	0	vds
宙	vzsa	0	vzs
宛	wjst	0	wjst
宠	issk	0	iss
宦	hrsm	0	hrs
宪	xmsn	0	xms
宰	zdsh	0	zds
宴	yjsm	0	yjs
宵	xnsr	0	xns
宸	ifsl	0	ifs
宿	susl	0	sus
宿	xqsl	0	xqs
寂	jisg	0	jisg
寅	ybsv	0	ybs
寇	kzsg	0	kzs
寓	yuso	0	yuso
寝	qbsg	0	qbs
寞	mosq	0	mosq
寡	gxso	0	gxs
寨	vdsf	0	vdsf
寮	lnsf	0	lns
寸	cynn	0	cyn
寿	uzrn	0	uzr
尉	wwtn	0	wwtn
尉	yutn	0	yutn
尘	iffp	0	iff
尧	ychh	0	ych
尬	gaby	0	gab
尴	gjbt	0	gjb
尸	uitt	0	uit
尹	ybdk	0	ybd
尿	nnto	0	nnt
尿	svto	0	svt
屁	pitg	0	pitg
屈	qutu	0	qut
屎	uitb	0	uitb
屑	xptr	0	xptr
屠	tuta	0	tut
屡	lvtm	0	lvt
履	lvtg	0	lvtg
屯	tyrz	0	tyr
屿	yuur	0	yuu
岂	qiut	0	qiut
岐	qiug	0	qiug
岑	cfuv	0	cf
岔	iavu	0	iav
岚	ljue	0	lju
岱	ddzu	0	ddzu
岳	yteu	0	yte
峡	xxuv	0	xxu
峨	eeub	0	eeu
峪	yuuj	0	yuuj
峭	qnur	0	qnu
峻	jyug	0	jyu
崇	isuq	0	isu
崎	qiun	0	qiun
崖	yaup	0	yau
崛	jtuu	0	jtu
崩	bgur	0	bgu
崭	vjuf	0	vju
嵌	qmud	0	qmu
嵩	ssuj	0	ssu
巅	dmuq	0	dmu
巍	wwun	0	wwu
巡	xyyo	0	xyy
巢	icya	0	icy
巩	gssd	0	gssd
巫	wusd	0	wus
巳	sitt	0	sitt
巷	hhit	0	hhi
巷	xlit	0	xli
巾	jbgg	0	jbg
帆	fjgd	0	fjg
帖	tpgj	0	tpg
帘	lmsg	0	lms
帜	vigv	0	vig
帧	vfgq	0	vfg
帽	mcga	0	mcg
幂	misg	0	misg
幡	fjga	0	fjga
幢	ilgw	0	ilg
幢	vlgw	0	vlg
幻	hrfz	0	hrfz
幼	yzfk	0	yzf
幽	yzuf	0	yzu
庇	bicg	0	bicg
庐	luct	0	luc
庚	ggcd	0	ggc
庞	phck	0	phc
废	fwcg	0	fwc
庵	anca	0	anc
庶	uucw	0	uucw
庸	ysce	0	ysc
廉	lmcj	0	lmc
廊	lhcy	0	lhc
廓	kocy	0	koc
廖	lnck	0	lnck
廷	tkpo	0	tkp
廿	nmii	0	nmi
弊	bivq	0	bivq
弓	gszz	0	gszz
弘	hszk	0	hsz
弥	mizf	0	miz
弦	xmzf	0	xmzf
弧	huzb	0	huz
弯	wjyz	0	wjy
弼	bizz	0	biz
彝	yidq	0	yidq
彤	tsdk	0	tsd
彦	yjhk	0	yjhk
彪	bnsk	0	bns
彬	bbak	0	bba
彰	vhek	0	vhek
役	yiyw	0	yiyw
徘	pdyx	0	pdy
御	yuyy	0	yuyy
循	xyya	0	xyya
徽	hvyg	0	hvy
忌	jitv	0	jit
忒	tvbv	0	tvb
忿	ffvv	0	ffvv
怂	ssdv	0	ssd
怔	vgvy	0	vgvy
怖	buvg	0	buvg
怜	lmvv	0	lmv
怠	ddkv	0	ddk
怡	yivk	0	yivk
怯	qpvk	0	qpv
怼	dvgv	0	dvg
恍	hlvn	0	hlv
恕	uumv	0	uum
恢	hvvw	0	hvv
恤	xuvt	0	xuv
恨	hfvw	0	hfv
恭	gsiv	0	gsiv
恰	qxvj	0	qxv
恳	kfwv	0	kfw
恺	kdvt	0	kdv
恼	ncvl	0	ncv
悍	hjvx	0	hjv
悔	hvvl	0	hvvl
悟	wuvj	0	wuv
悠	yzzv	0	yzzv
悬	xrrv	0	xrr
悼	dcvb	0	dcvb
惑	hobv	0	hob
惕	tivx	0	tivx
惟	wwvp	0	wwv
惧	juvv	0	juv
惨	cjvk	0	cjv
惩	igyv	0	igy
惭	cjvf	0	cjvf
惶	hlvt	0	hlvt
惹	reqv	0	req
愁	izcv	0	izc
愉	yuve	0	yuve
愕	eevz	0	eev
愚	yuav	0	yuav
愣	lgvl	0	lgv
愤	ffvq	0	ffvq
愧	kvvn	0	kvvn
慈	civv	0	civv
慌	hlvy	0	hlvy
慎	ufvv	0	ufvv
慕	muqv	0	muqv
慨	kdvn	0	kdvn
慰	wwtv	0	wwtv
慷	khvo	0	khv
憋	bpvv	0	bpv
憎	zgva	0	zgva
憾	hjvv	0	hjvv
懈	xpvn	0	xpv
懊	aovv	0	aov
懋	mcav	0	mca
懒	ljvq	0	ljv
懵	mgva	0	mgv
懿	yipv	0	yipv
戊	wubb	0	wub
戌	qubr	0	qub
戌	xubr	0	xub
戎	rsbb	0	rsb
戒	jpbq	0	jpb
戚	qibf	0	qibf
截	jpbp	0	jpbp
戳	ionb	0	io
扁	bmtq	0	bmtq
扁	pmtq	0	pmt
扇	ujtn	0	ujt
扒	baev	0	baev
扒	paev	0	pae
扔	rgen	0	rge
扛	ghes	0	ghe
扛	khes	0	khes
扩	koec	0	koe
扭	nqep	0	nqe
扮	bjeo	0	bjeo
扯	ieey	0	iee
扰	rcek	0	rce
扳	bjeg	0	bjeg
扼	eeet	0	eeet
抄	icek	0	ice
抑	yiey	0	yiey
抖	dzeb	0	dze
抚	fuea	0	fuea
抛	pcek	0	pce
抠	kzee	0	kzee
披	pieh	0	pieh
抹	maes	0	mae
抹	moes	0	moes
押	yaea	0	yae
拂	fuek	0	fuek
拇	muel	0	mue
拎	lbev	0	lbe
拐	gkek	0	gke
拓	taec	0	tae
拓	toec	0	toec
拘	juej	0	juej
拙	voeu	0	voe
拢	lsek	0	lse
拣	jmec	0	jme
拦	ljer	0	lje
拧	nken	0	nke
拨	boeg	0	boeg
拯	vger	0	vge
拱	gsev	0	gse
拳	qrme	0	qrme
拴	uret	0	ure
拽	vkek	0	vk
拾	ueej	0	ueej
拾	uiej	0	uiej
挟	xpev	0	xpe
挠	nceh	0	nce
挡	dhed	0	dhe
挣	vged	0	vged
挨	aies	0	aie
挪	noey	0	noe
挫	coep	0	coep
挽	wjex	0	wje
捂	wuej	0	wuej
捅	tsee	0	tse
捆	kyea	0	kye
捉	voek	0	voek
捏	npep	0	npe
捐	jrer	0	jre
捕	buel	0	bue
捞	lcek	0	lce
捡	jmep	0	jmep
捣	dcec	0	dce
捧	pgee	0	pge
捷	jped	0	jpe
掀	xmed	0	xme
掏	tceb	0	tce
掐	qxel	0	qxe
掘	jteu	0	jte
掠	ltef	0	lte
掩	yjea	0	yjea
掰	bdme	0	bdme
掷	viey	0	viey
掺	ijek	0	ije
揉	rzea	0	rze
揍	zzev	0	zze
描	mnea	0	mne
揣	ikel	0	ike
揪	jqew	0	jqe
揭	jpel	0	jpel
援	yreg	0	yre
揽	ljeq	0	ljeq
搁	geeg	0	gee
搂	lzem	0	lze
搅	jneq	0	jneq
搏	boen	0	boen
搓	coes	0	coes
携	xpen	0	xpen
摊	tjep	0	tjep
摔	ukeb	0	uke
摘	vder	0	vder
摧	cvep	0	cve
撇	ppeg	0	pp
撕	sief	0	sie
撤	ieeg	0	ieeg
撩	lnef	0	lne
撮	coeg	0	coeg
撮	zoeg	0	zoe
撰	vrev	0	vre
撸	luea	0	lue
撼	hjev	0	hje
擀	gjex	0	gje
擅	ujer	0	uje
擎	qkqe	0	qkq
擒	qbeo	0	qbe
攀	pjae	0	pja
攒	creq	0	cre
攒	zjeq	0	zje
敖	aoxg	0	aox
敛	lmpg	0	lmp
敞	ihfg	0	ihfg
敦	dykg	0	dyk
敲	qnkg	0	qnk
敷	fulg	0	ful
斋	vdql	0	vdq
斌	bbqy	0	bb
斐	fwxq	0	fwx
斑	bjtq	0	bjtq
斜	xpdb	0	xpdb
斟	vfib	0	vfi
斥	iiff	0	iif
斧	fuvf	0	fuvf
斩	vjcf	0	vjc
於	yuld	0	yuld
旨	viga	0	viga
旬	xyla	0	xyl
旭	xuha	0	xuh
旱	hjax	0	hja
旷	klac	0	kla
昂	ahay	0	ah
昆	kyag	0	kya
昊	hcav	0	hca
昏	hyna	0	hyn
昔	xiia	0	xii
昕	xbaf	0	xba
昧	mwas	0	mwas
昭	vcaj	0	vcaj
昱	yuah	0	yuah
昼	vztr	0	vzt
晃	hlan	0	hla
晌	uhaq	0	uha
晏	yjam	0	yja
晕	yyac	0	yya
晖	hvac	0	hva
晟	igaz	0	iga
晦	hval	0	hval
晰	xiaf	0	xiaf
晴	qkar	0	qka
晶	jkaa	0	jkaa
晾	llaf	0	llaf
暇	xxag	0	xxa
暑	uuaa	0	uuaa
暨	jiwr	0	jiwr
暮	muqa	0	muqa
曜	ycap	0	yca
曝	bcak	0	bca
曝	puak	0	pua
曦	xiaz	0	xiaz
曰	ytaa	0	yta
朔	uovr	0	uov
朕	vfrv	0	vfr
朦	mgry	0	mgr
札	vaaz	0	vaaz
朴	pnas	0	pna
朴	poas	0	poa
朴	puas	0	puas
朵	doda	0	doda
朽	xqaz	0	xqa
杆	gjax	0	gja
杉	uaak	0	uaa
杉	ujak	0	uja
杏	xkaj	0	xkaj
杖	vhad	0	vha
杞	qiat	0	qia
杠	ghas	0	gha
杭	hhad	0	hha
枉	what	0	what
枕	vfan	0	vfa
枢	uuae	0	uuae
枣	zcgd	0	zcg
枫	fgae	0	fga
枯	kuar	0	kua
柄	bkad	0	bka
柚	yzaa	0	yzaa
柜	gval	0	gva
柜	jual	0	jua
柠	nkan	0	nka
柬	jmgg	0	jmg
柯	kean	0	kean
柴	idya	0	idy
柿	uiag	0	uiag
栅	ujar	0	ujar
栅	vaar	0	vaar
栈	vjab	0	vja
栋	dsac	0	dsa
栏	ljar	0	lja
栓	urat	0	ura
栖	qiay	0	qiay
栗	liya	0	liy
株	vuas	0	vuas
栽	zdba	0	zdba
桂	gvap	0	gvap
桃	tcan	0	tca
框	klat	0	klat
桐	tsaj	0	tsaj
桓	hrar	0	hra
桔	jpaj	0	jpaj
桢	vfaq	0	vfaq
桦	hxab	0	hxa
桨	jlxa	0	jlxa
桩	vlap	0	vla
梓	ziah	0	zia
梗	ggae	0	gg
梢	ucar	0	uca
梧	wuaj	0	wua
梨	liea	0	liea
梭	soag	0	soa
梯	tiab	0	tiab
械	xpaq	0	xpa
梳	uuay	0	uuay
梵	fjad	0	fja
棉	mmag	0	mma
棋	qiav	0	qiav
棍	gyag	0	gya
棕	zsaq	0	zsa
棘	jigg	0	jigg
棚	pgar	0	pga
棠	thsa	0	thsa
棱	lgag	0	lga
棱	lkag	0	lka
棵	keaa	0	keaa
棺	grah	0	gra
椅	yiav	0	yiav
植	viar	0	viar
椎	vvap	0	vva
椒	jnag	0	jnag
椰	yeay	0	yea
椿	iyaa	0	iya
楠	njab	0	njab
楷	jpal	0	jpal
楷	kdal	0	kda
榄	ljaq	0	ljaq
榆	yuae	0	yuae
榕	rsaj	0	rsa
榨	vaar	0	vaar
榴	lqaa	0	lqaa
槐	hkan	0	hka
槛	jmat	0	jmat
槛	kjat	0	kja
槽	ccaa	0	cca
槿	jbax	0	jbax
樊	fjav	0	fjav
樟	vhab	0	vhab
樱	ykam	0	ykam
橘	juaj	0	juaj
橙	igar	0	igar
橡	xlab	0	xlab
檀	tjar	0	tja
檐	yjam	0	yjam
檬	mgay	0	mga
欠	qmod	0	qmod
欺	qiid	0	qiid
歇	xpad	0	xpad
歉	qmjd	0	qmj
歧	qiyg	0	qiy
歪	wdry	0	wdr
歹	ddxx	0	ddx
歼	jmxx	0	jmx
殖	uixr	0	uixr
殖	vixr	0	vix
殷	yjkw	0	yjkw
殷	ybkw	0	ybk
殿	dmtw	0	dmt
毁	hvlw	0	hvl
毅	yihw	0	yihw
毓	yudy	0	yudy
毗	piag	0	pia
毙	bigg	0	bigg
毯	tjhw	0	tjh
氛	ffuo	0	ffu
氟	fuuk	0	fuu
氢	qkus	0	qku
氧	yhub	0	yhu
氨	anum	0	anum
氮	djuw	0	dju
氯	lvuo	0	lvu
汀	tkon	0	tko
汐	xiox	0	xiox
汛	xyob	0	xyo
汝	ruom	0	ruo
汞	gsso	0	gsso
污	wuoz	0	wuo
汪	whot	0	who
汰	tdov	0	tdo
汶	wfoq	0	wfoq
汹	xsol	0	xso
汾	ffoo	0	ffo
沁	qbov	0	qbo
沐	muoa	0	muo
沛	pwog	0	pwo
沥	liok	0	lio
沦	lyog	0	lyo
沧	chot	0	cho
沪	huot	0	huot
沫	moos	0	moos
沮	juor	0	juo
沸	fwok	0	fwo
沼	vcoj	0	vcoj
沽	guor	0	guo
沾	vjoj	0	vjo
泄	xpoz	0	xpo
泊	bool	0	boo
泊	pool	0	pool
泌	biov	0	bio
泌	miov	0	mio
泓	hsok	0	hsok
泣	qioh	0	qioh
泳	yson	0	yso
泵	bgco	0	bg
泷	lsok	0	lso
泷	ulok	0	ulo
泸	luot	0	luo
泻	xpor	0	xpor
泼	poog	0	poog
泾	jkos	0	jkos
洒	saoy	0	sao
洼	waop	0	wao
洽	qxoj	0	qxo
浆	jlxo	0	jlxo
浇	jnoh	0	jno
浊	voow	0	voo
浏	lqoo	0	lqoo
浑	hyoc	0	hyo
浙	veof	0	veo
浚	jyog	0	jyo
浚	xyog	0	xyog
浴	yuoj	0	yuo
浸	jbog	0	jbog
涅	npop	0	np
涌	isoe	0	isoe
涌	ysoe	0	ysoe
涕	tiob	0	tio
涛	tcon	0	tcon
涡	good	0	goo
涡	wood	0	woo
涧	jmoa	0	jmoa
涩	seoy	0	seo
涮	uroo	0	ur
涯	yaop	0	yao
涵	hjol	0	hjol
淀	dmol	0	dmo
淇	qiov	0	qiov
淋	lboa	0	lboa
淌	thoj	0	thoj
淑	uuog	0	uuo
淘	tcob	0	tcob
淤	yuod	0	yuod
淫	ybop	0	ybo
淮	hkop	0	hko
淳	iyox	0	iyo
淹	yjoa	0	yjoa
淼	mnoo	0	mno
渊	yroy	0	yroy
渍	zioq	0	zioq
渔	yuoy	0	yuoy
渗	ufok	0	ufok
渚	vuoa	0	vuoa
渝	yuoe	0	yuoe
渠	quoa	0	quo
渡	duog	0	duo
渣	vaor	0	vao
渭	wwor	0	wwor
渴	keol	0	keo
渺	mnok	0	mnok
湘	xloa	0	xlo
湛	vjoz	0	vjoz
溃	hvoq	0	hvoq
溃	kvoq	0	kvo
溅	jmob	0	jmob
溜	lqoa	0	lqoa
溢	yiot	0	yiot
溯	suor	0	suo
溴	xqov	0	xqo
溶	rsoj	0	rso
滇	dmov	0	dmov
滋	ziof	0	ziof
滔	tcol	0	tcol
滕	tgro	0	tgro
滞	viog	0	viog
滤	lvov	0	lvo
滥	ljot	0	ljo
滨	bbov	0	bbo
滩	tjop	0	tjo
漂	pnoq	0	pno
漆	qioo	0	qioo
漏	lzol	0	lzo
漠	mooq	0	mooq
漳	vhob	0	vhob
漾	yhon	0	yhon
潇	xnov	0	xnov
潭	tjob	0	tjob
澄	igor	0	igo
澄	dgor	0	dgo
澜	ljog	0	ljog
澡	zcoa	0	zco
濑	ldoq	0	ldo
瀑	bcok	0	bco
瀑	puok	0	puok
瀚	hjon	0	hjon
灌	grop	0	gro
灶	zcwp	0	zcw
灸	jqgw	0	jqg
灼	vowd	0	vow
灾	zdsw	0	zdsw
灿	cjwu	0	cjw
炉	luwt	0	luw
炕	khwd	0	khw
炜	wwwe	0	www
炫	xrwf	0	xrw
炭	tjuw	0	tju
炮	bcwt	0	bcwt
炮	pcwt	0	pcw
炳	bkwd	0	bkw
炼	lmwc	0	lmw
烁	uowj	0	uow
烘	hswv	0	hsw
烙	lcwg	0	lcw
烙	lowg	0	low
烛	vuww	0	vuw
烨	yewb	0	yewb
烩	hvwk	0	hvw
烯	xiwg	0	xiw
烷	wjwn	0	wjw
烹	pgkw	0	pgk
焉	yjrw	0	yjr
焊	hjwx	0	hjw
焕	hrwv	0	hrw
焖	mfwv	0	mfw
焗	juwj	0	juw
焚	ffaw	0	ffa
焯	icwb	0	icwb
焰	yjwl	0	yjwl
煌	hlwt	0	hlw
煜	yuwh	0	yuw
煞	uamw	0	uam
煤	mwwa	0	mww
煲	bczw	0	bczw
煽	ujwn	0	ujw
熄	xiwv	0	xiwv
熏	xytt	0	xyt
熔	rswj	0	rsw
熙	ximw	0	ximw
熬	aoxw	0	aoxw
熵	uhwr	0	uhw
燃	rjww	0	rjw
燥	zcwa	0	zcwa
爪	vcbb	0	vcbb
爪	vxbb	0	vxb
爬	pabt	0	pab
爵	jtbn	0	jtb
爹	dpvx	0	dpv
牟	mzkn	0	mzk
牟	mukn	0	muk
牡	munp	0	mun
牢	lcsn	0	lcs
牧	mung	0	mung
牲	ugnx	0	ugn
牵	qmvn	0	qmv
牺	xiny	0	xiny
犀	xitn	0	xit
犬	qrvv	0	qrv
狄	dihw	0	dih
狐	huhb	0	huh
狠	hfhw	0	hfh
狡	jnhe	0	jnhe
狩	uzhn	0	uzh
狭	xxhv	0	xxh
狮	uihg	0	uih
狱	yuhv	0	yuh
狸	lihw	0	lihw
狼	lhhw	0	lhh
猎	lpha	0	lph
猩	xkhx	0	xkh
猴	hzhs	0	hzh
猿	yrhg	0	yrh
玄	xrbf	0	xrb
玖	jqtg	0	jqt
玥	yttr	0	ytt
玫	mwtg	0	mwtg
玮	wwte	0	wwte
玲	lktv	0	lkt
玺	xiot	0	xiot
玻	both	0	bot
珀	potl	0	pot
珂	ketn	0	ket
珊	ujtr	0	ujtr
琅	lhtw	0	lht
琉	lqty	0	lqt
琐	sotq	0	sot
琛	ifta	0	ift
琢	voty	0	vot
琢	zoty	0	zot
琦	qitn	0	qitn
琪	qitv	0	qitv
琼	qstf	0	qst
瑛	yktv	0	ykt
瑜	yute	0	yute
瑟	setv	0	set
瑰	gvtn	0	gvt
瑶	yctb	0	yct
瑾	jbtx	0	jbtx
璃	lito	0	lito
璇	xrtl	0	xrt
璋	vhtb	0	vht
璐	lutg	0	lut
璧	bitt	0	bitt
瓣	bjhb	0	bjh
瓷	cios	0	cios
甄	vfys	0	vfys
甩	ukrz	0	ukr
甫	full	0	full
甸	dmla	0	dmla
畅	ihax	0	ihax
畏	wwal	0	wwal
畔	pjae	0	pjae
畜	iuba	0	iub
畜	xuba	0	xuba
畴	izan	0	iza
疆	jlzr	0	jlzr
疏	uuzy	0	uuz
疤	bact	0	bac
疫	yicw	0	yicw
疮	ilct	0	ilct
疯	fgce	0	fgc
疲	pich	0	pic
疹	vfck	0	vfc
痒	yhcb	0	yhc
痕	hfcw	0	hfc
痘	dzcr	0	dzc
痣	vicv	0	vic
痰	tjcw	0	tjcw
痴	iicj	0	iic
瘀	yucd	0	yuc
瘤	lqca	0	lqc
瘫	tjcp	0	tjcp
瘾	ybcv	0	ybc
癌	aicu	0	aic
癣	xrcb	0	xrc
皂	zclg	0	zcl
皋	gclb	0	gcl
皓	hclj	0	hcl
皖	wjln	0	wjl
皱	vzmh	0	vzm
盅	vsjt	0	vsjt
盈	yknt	0	ykn
盏	vjbt	0	vjb
盔	kvbt	0	kvb
盗	dcot	0	dcot
盟	mgat	0	mgat
盯	dkan	0	dkan
盲	mhba	0	mhb
盼	pjao	0	pjao
盾	dyka	0	dyka
眠	mmam	0	mmam
眨	vaaf	0	vaaf
眯	miab	0	mia
眷	jrma	0	jrma
睁	vgad	0	vga
睇	diab	0	diab
睦	muap	0	muap
睹	duaa	0	duaa
睿	rvsa	0	rvs
瞄	mnaa	0	mna
瞅	izaw	0	izaw
瞎	xxaj	0	xxaj
瞒	mjad	0	mjad
瞪	dgar	0	dga
瞬	uyah	0	uya
瞳	tsaw	0	tsaw
瞻	vjam	0	vjam
瞿	quap	0	quap
矗	iubr	0	iubr
矛	mcgk	0	mcgk
矢	uiss	0	uiss
矣	yiks	0	yik
矩	jusl	0	jus
矫	jnsy	0	jnsy
矮	aism	0	ais
矶	jicd	0	jicd
矿	klcc	0	klc
砂	uack	0	uack
砌	qico	0	qic
砍	kjcd	0	kj
砖	vrck	0	vrc
砚	yjcq	0	yjcq
砰	pgcb	0	pgcb
砸	zacg	0	zac
础	iucu	0	iucu
硅	gvcp	0	gvcp
硒	xicy	0	xicy
硕	uocq	0	uoc
硝	xncr	0	xnc
硫	lqcy	0	lqcy
碌	lqco	0	lqco
碌	luco	0	luco
碍	aicn	0	aicn
碑	bwcb	0	bwc
碘	dmcv	0	dmcv
碟	dpca	0	dpc
碧	bitc	0	bitc
碱	jmcj	0	jmcj
碾	nmcl	0	nmc
磁	cicf	0	cic
磅	bhcl	0	bhc
磅	phcl	0	phcl
磊	lwcc	0	lwc
磕	kect	0	kect
磨	mocc	0	mocc
磷	lbch	0	lbc
礁	jncw	0	jncw
祀	sivt	0	siv
祁	qivy	0	qivy
祈	qivf	0	qivf
祐	yzvj	0	yzvj
祛	quvk	0	quv
祠	civj	0	civj
祭	jixq	0	jixq
祭	vdxq	0	vdx
祯	vfvq	0	vfv
祷	dcvn	0	dcvn
祸	hovd	0	hov
祺	qivv	0	qivv
禀	bkbq	0	bkb
禄	luvo	0	luv
禅	ijvs	0	ijv
禅	ujvs	0	ujv
禧	xivj	0	xivj
禹	yuko	0	yuk
禽	qbdo	0	qbd
禾	hecc	0	hec
秃	tucd	0	tuc
秉	bkdd	0	bkd
秤	igcb	0	igcb
秩	vics	0	vics
稀	xicg	0	xicg
稚	vicp	0	vicp
稠	izcj	0	izcj
稻	dccl	0	dccl
稼	jxcy	0	jxc
稽	jica	0	jica
稿	gccj	0	gcc
穗	svcv	0	svcv
穴	xtsv	0	xts
窃	qpso	0	qps
窄	vdsr	0	vdsr
窍	qnsz	0	qnsz
窑	ycsb	0	ycs
窒	vish	0	vish
窘	jssj	0	jss
窜	crsy	0	cr
窝	wosd	0	wos
窟	kusu	0	kus
窥	kvsq	0	kvs
窦	dzsv	0	dzs
竖	uuhh	0	uuh
竭	jphl	0	jphl
竿	gjmx	0	gjm
笃	dumn	0	dumn
笋	symk	0	sym
笙	ugmx	0	ugm
笛	dima	0	dima
笠	limh	0	lim
笨	bfmr	0	bfm
笼	lsmk	0	lsm
筋	jbmk	0	jbm
筐	klmt	0	klm
筑	vumd	0	vumd
筒	tsmj	0	tsm
筛	udmg	0	udm
筱	xnmg	0	xnmg
筷	kkmv	0	kkm
筹	izmn	0	izm
箭	jmmv	0	jmmv
篮	ljmt	0	ljm
篷	pgmo	0	pgm
簇	cums	0	cum
簿	bumn	0	bum
籍	jima	0	jima
籽	zibx	0	zib
粒	libh	0	libh
粘	nmbj	0	nmb
粘	vjbj	0	vjbj
粟	suyb	0	suyb
粤	ytqz	0	ytq
粪	ffbv	0	ffbv
粮	llbw	0	llb
粹	cvbb	0	cvb
糕	gcbw	0	gcb
糙	ccbo	0	ccb
糟	zcba	0	zcb
糯	nobl	0	nob
絮	xumf	0	xumf
繁	fjdf	0	fjdf
繁	podf	0	pod
纠	jqfy	0	jqf
纤	qmfx	0	qmf
纤	xmfx	0	xmfx
纬	wwfe	0	wwfe
纱	uafk	0	uaf
纲	ghfe	0	ghf
纺	fhfl	0	fhf
纽	nqfp	0	nqf
绅	uffa	0	uff
绎	yife	0	yif
绑	bhfy	0	bhf
绒	rsfb	0	rsf
绘	hvfk	0	hvfk
绞	jnfe	0	jnf
绢	jrfr	0	jrf
绣	xqfn	0	xqf
绥	svfm	0	svf
绩	jifq	0	jifq
绪	xufa	0	xufa
绫	lkfg	0	lkf
绮	qifn	0	qif
绰	icfb	0	icf
绰	iofb	0	iof
绳	ugfa	0	ugfa
绵	mmfg	0	mmf
绷	bgfr	0	bgf
绸	izfj	0	izf
综	zgfq	0	zgf
综	zsfq	0	zsfq
绽	vjfl	0	vjf
缀	vvfg	0	vvf
缅	mmfl	0	mmfl
缆	ljfq	0	ljf
缇	tifl	0	tif
缔	difg	0	dif
缕	lvfm	0	lvfm
缚	fufn	0	fuf
缝	fgfo	0	fgf
缠	ijfw	0	ijf
缤	bbfv	0	bbf
缴	jnfg	0	jnfg
缸	ghbs	0	ghb
罐	grbp	0	grb
罕	hjsx	0	hjsx
罚	fato	0	fat
罩	vctb	0	vct
羌	qlmz	0	qlm
羚	lkmv	0	lkm
羞	xqmp	0	xqm
羡	xmmd	0	xmmd
羯	jpml	0	jpml
羹	ggmv	0	ggm
羽	yunn	0	yun
翁	wgvn	0	wg
翅	iibn	0	iib
翔	xlmn	0	xlmn
翘	qnhn	0	qnh
翟	dinp	0	din
翟	vdnp	0	vdn
翠	cvnb	0	cvn
翡	fwxn	0	fwxn
翰	hjbn	0	hjbn
耀	ycfp	0	ycfp
耍	uxlm	0	uxl
耕	ggrj	0	ggr
耗	hcrh	0	hcr
耸	ssdm	0	ssdm
耻	iimy	0	iim
耽	djmn	0	djm
耿	ggmw	0	ggmw
聂	npmg	0	npm
聋	lskm	0	lskm
聘	pbmz	0	pbm
聪	csmv	0	csm
肃	sudv	0	sud
肆	sird	0	sir
肇	vctd	0	vctd
肋	lwrk	0	lwr
肘	vzrn	0	vzr
肚	durp	0	dur
肛	ghrs	0	ghr
肠	ihrx	0	ihr
肢	virg	0	virg
肤	furv	0	furv
肪	fhrl	0	fhr
肽	tdrv	0	tdrv
肿	vsry	0	vsr
胀	vhrh	0	vhr
胁	xprk	0	xpr
胚	pwrr	0	pwr
胞	bcrt	0	bcr
胤	ybkz	0	ybkz
胧	lsrk	0	lsr
胰	yirh	0	yir
胳	gerg	0	ger
胶	jnre	0	jnre
胺	anrm	0	anr
脉	mdrn	0	mdr
脉	morn	0	morn
脊	jior	0	jior
脐	qiry	0	qiry
脓	nsrg	0	nsr
脖	borx	0	bor
脾	pirb	0	pirb
腊	lara	0	lar
腌	aara	0	aar
腌	yjra	0	yjra
腐	fucd	0	fucd
腓	fwrx	0	fwrx
腔	qlrs	0	qlr
腕	wjrt	0	wjr
腥	xkrx	0	xkrx
腮	sdrv	0	sdr
腹	furg	0	furg
腺	xmro	0	xmro
膀	bhrl	0	bhrl
膀	phrl	0	phr
膊	born	0	born
膏	gckr	0	gck
膛	thrp	0	thr
膝	xiro	0	xir
膨	pgrk	0	pgrk
膳	ujrj	0	ujr
臀	tytr	0	tyt
臧	zhbm	0	zhb
臭	izlv	0	izl
臭	xqlv	0	xql
臻	vfhc	0	vfh
舅	jqlk	0	jql
舆	yukv	0	yukv
舌	uexj	0	uex
舔	tmxv	0	tmxv
舜	uybh	0	uyb
舟	vzcc	0	vzcc
舱	chct	0	chc
舵	docg	0	docg
舶	bocl	0	boc
艇	tkco	0	tkco
艘	szcg	0	szc
艮	gfww	0	gfw
艰	jmgw	0	jmgw
艳	yjxt	0	yjx
芋	yuqx	0	yuq
芒	mhqz	0	mhq
芙	fuqv	0	fuq
芝	viqf	0	viq
芥	gdqy	0	gdq
芥	jpqy	0	jpqy
芦	luqt	0	luq
芭	baqt	0	baq
芮	rvqd	0	rvq
芯	xbqv	0	xbq
芷	viqy	0	viqy
芸	yyqk	0	yyq
芹	qbqf	0	qbq
芽	yaqk	0	yaq
苍	chqt	0	chq
苑	yrqt	0	yrq
苓	lkqv	0	lkq
苔	tdqj	0	tdq
苗	mnqa	0	mnq
苛	keqn	0	keq
苟	gzqj	0	gzq
苯	bfqr	0	bfq
苷	gjqi	0	gjq
苹	pkqb	0	pkq
茂	mcqb	0	mcq
茄	jxqj	0	jxq
茄	qpqj	0	qpq
茅	mcqk	0	mcqk
茎	jkqs	0	jkqs
茗	mkqj	0	mkq
茜	qmqy	0	qmq
茜	xiqy	0	xiq
茫	mhqz	0	mhqz
茱	vuqs	0	vuqs
茵	ybqv	0	ybq
茹	ruqj	0	ruq
荀	xyqa	0	xyq
荆	jkqo	0	jkqo
荐	jmqx	0	jmqx
荒	hlqy	0	hlq
荔	liqk	0	liqk
荟	hvqk	0	hvq
荤	hyqc	0	hyq
荫	ybqr	0	ybqr
荷	heqn	0	heq
莎	uaqk	0	uaq
莎	soqk	0	soq
莓	mwql	0	mwq
莞	grqn	0	grq
莞	wjqn	0	wjq
莲	lmqo	0	lmq
莹	ykqt	0	ykqt
莺	ykqc	0	ykqc
莽	mhqq	0	mhqq
菁	jkqr	0	jkqr
菅	jmqh	0	jmqh
菇	guqr	0	guq
菊	juqb	0	juq
菩	puqj	0	puq
菱	lkqg	0	lkqg
萃	cvqb	0	cvq
萄	tcqb	0	tcq
萍	pkqb	0	pkqb
萎	wwqm	0	wwq
萝	loqx	0	loqx
萤	ykqw	0	ykqw
萧	xnqv	0	xnq
萱	xrqr	0	xrq
葛	geql	0	geq
葡	puql	0	puql
葫	huqr	0	huq
葬	zhqq	0	zhqq
葵	kvqv	0	kvq
蒜	srqq	0	srq
蒲	puql	0	puql
蒿	hcqj	0	hcq
蓄	xuqa	0	xuq
蓉	rsqj	0	rsqj
蓓	bwqj	0	bwqj
蓬	pgqo	0	pgq
蔑	mpqd	0	mpq
蔓	mjqg	0	mjq
蔓	wjqg	0	wjqg
蔚	wwqn	0	wwqn
蔚	yuqn	0	yuqn
蔬	uuqy	0	uuq
蔽	biqg	0	biq
蕉	jnqw	0	jnq
蕊	rvqv	0	rvqv
蕙	hvqv	0	hvqv
蕨	jtqd	0	jtq
蕴	yyqt	0	yyqt
蕾	lwqa	0	lwq
薇	wwqg	0	wwqg
薛	xtqh	0	xtq
薪	xbqf	0	xbqf
薯	uuqt	0	uuqt
薰	xyqt	0	xyqt
藉	jiqa	0	jiqa
藉	jpqa	0	jpqa
藕	ouqo	0	ouq
藤	tgqo	0	tgq
藩	fjqa	0	fjqa
藻	zcqa	0	zcq
蘸	vjqw	0	vjq
虏	lusk	0	lusk
虐	ntsr	0	nt
虞	yusv	0	yusv
虹	hsws	0	hsws
虹	jlws	0	jlw
蚀	uigw	0	uigw
蚁	yiwe	0	yiwe
蚂	mawn	0	maw
蚊	wfwq	0	wfw
蚕	cjvw	0	cjvw
蚝	hcwh	0	hcw
蛇	uewg	0	uew
蛙	wawp	0	waw
蛛	vuws	0	vuws
蛤	gewj	0	gew
蛤	hawj	0	haw
蛾	eewb	0	eew
蜀	uutw	0	uutw
蜂	fgwx	0	fgw
蜘	viwj	0	viw
蜜	misw	0	misw
蜡	lawa	0	law
蜥	xiwf	0	xiwf
蝇	ykwa	0	ykw
蝉	ijws	0	ijw
蝠	fuwa	0	fuw
蝴	huwr	0	huw
蝶	dpwa	0	dpw
螺	lowf	0	lowf
蠢	iymw	0	iym
衍	yjxo	0	yjxo
衔	xmxn	0	xmx
衙	yaxj	0	yax
衡	hgxv	0	hgxv
衫	ujvk	0	ujvk
衬	ifvn	0	ifv
衰	ukgr	0	ukg
衷	vsgy	0	vsg
袍	pcvt	0	pcv
袖	xqva	0	xqv
袜	wavs	0	wav
袭	xikg	0	xikg
裁	cdbg	0	cdbg
裂	lpxg	0	lpxg
裔	yigl	0	yigl
裕	yuvj	0	yuvj
裘	qqrg	0	qqrg
裙	qyvj	0	qyv
裤	kuvc	0	kuv
裳	uhsg	0	uhsg
裴	pwxg	0	pwx
裸	lova	0	lov
裹	goga	0	gog
褐	hevl	0	hev
褒	bcga	0	bcga
褚	iuva	0	iuva
褪	tvvo	0	tvv
褪	tyvo	0	tyv
襄	xlgg	0	xlg
襟	jbvq	0	jbvq
覃	qbyb	0	qby
覃	tjyb	0	tjy
覆	fuyg	0	fuyg
觅	mibq	0	mibq
览	ljhq	0	ljh
詹	vjom	0	vjom
誉	yufm	0	yuf
誓	uiem	0	uiem
譬	pitm	0	pitm
讥	jimd	0	jimd
讳	hvme	0	hvm
讶	yamk	0	yamk
讷	nemd	0	nem
讼	ssmk	0	ssm
讽	fgme	0	fgme
诀	jtmv	0	jtm
诈	vamr	0	vam
诊	vfmk	0	vfm
诏	vcmj	0	vcmj
诞	djmo	0	djmo
诡	gvmt	0	gvm
询	xyma	0	xyma
诫	jpmq	0	jpmq
诬	wumd	0	wumd
诱	yzmn	0	yzm
诵	ssme	0	ssme
谅	llmf	0	llm
谊	yimr	0	yimr
谍	dpma	0	dpm
谎	hlmy	0	hlm
谐	xpml	0	xpml
谜	mimo	0	mim
谣	ycmb	0	ycmb
谥	uimt	0	uimt
谦	qmmj	0	qmmj
谨	jbmx	0	jbmx
谬	mqmk	0	mq
谭	tjmb	0	tjm
谱	puma	0	pum
谴	qmmo	0	qmmo
豁	hosj	0	hos
豉	iirg	0	iir
豫	yugb	0	yugb
豹	bcyd	0	bcy
贞	vfsq	0	vfs
贡	gssq	0	gssq
账	vhqh	0	vhq
贩	fjqg	0	fjqg
贪	tjvq	0	tjv
贬	bmqf	0	bmq
贮	vuqr	0	vuqr
贯	grlq	0	grl
贱	jmqb	0	jmqb
贸	mcxq	0	mcx
贺	hekq	0	hek
贼	zwqb	0	zw
贿	hvqr	0	hvqr
赁	lbzq	0	lbz
赋	fuqy	0	fuqy
赌	duqa	0	duq
赎	uuqv	0	uuqv
赐	ciqx	0	ciqx
赔	pwqj	0	pwq
赠	zgqa	0	zgq
赣	gjeq	0	gjeq
赤	iipy	0	iip
赦	uepg	0	uep
赴	fuks	0	fuks
趁	ifkk	0	ifk
趋	qukm	0	qukm
趟	thkj	0	thk
趴	pakv	0	pak
趾	viky	0	viky
跋	bakd	0	bak
跪	gvkt	0	gvk
践	jmkb	0	jmk
踏	taka	0	tak
踢	tikx	0	tik
踩	cdkb	0	cdk
踪	zskq	0	zsk
踱	dokg	0	dok
踹	ikkl	0	ik
蹄	tikg	0	tikg
蹈	dckl	0	dck
蹦	bgkr	0	bgk
蹬	dgkr	0	dgk
蹭	cgka	0	cgk
蹲	dykn	0	dykn
躁	zcka	0	zck
躬	gsqz	0	gsq
躯	quqe	0	quq
躲	doqa	0	doq
躺	thqj	0	thq
轧	yacz	0	yacz
轧	vacz	0	vac
轩	xrcx	0	xrcx
轰	hscg	0	hsc
轿	jncy	0	jncy
辅	fucl	0	fucl
辐	fuca	0	fuca
辑	jicm	0	jicm
辖	xxcj	0	xxcj
辜	gurh	0	gurh
辟	bith	0	bith
辟	pith	0	pith
辨	bmho	0	bmh
辩	bmhm	0	bmhm
辫	bmhf	0	bmhf
辰	ifcl	0	ifcl
辱	rucn	0	ruc
辽	lnxo	0	lnxo
迁	qmxo	0	qmxo
迂	yuxo	0	yuxo
迄	qido	0	qido
迈	mdro	0	mdro
迦	jxko	0	jxko
迭	dpso	0	dps
逆	nivo	0	niv
逊	xyxo	0	xyx
逗	dzro	0	dzro
逝	uieo	0	uieo
逞	igjo	0	igjo
逢	fggo	0	fgg
逮	dddo	0	ddd
逸	yixo	0	yix
逻	loto	0	lot
逾	yueo	0	yueo
遂	svvo	0	svv
遏	eeao	0	eea
遛	lqxo	0	lqxo
遣	qmwo	0	qmw
遥	ycbo	0	ycb
遮	veco	0	vec
遵	zyvo	0	zyv
邑	yijt	0	yijt
邢	xkry	0	xkry
邨	cyry	0	cyr
邪	xpky	0	xpk
邮	yzay	0	yzay
邱	qqey	0	qqey
邵	ucoy	0	ucoy
邹	zzmy	0	zzmy
郁	yuby	0	yuby
郊	jney	0	jney
郝	hcpy	0	hcp
鄂	eejy	0	eejy
鄙	bijy	0	bij
酉	yzyy	0	yzy
酌	voyd	0	voy
酚	ffyo	0	ffy
酪	lcyg	0	lcy
酬	izyy	0	izy
酮	tsyj	0	tsy
酯	viya	0	viya
酵	jnyx	0	jnyx
酶	mwyl	0	mwy
酿	nlyw	0	nly
醇	iyyx	0	iyy
醉	zvyb	0	zvy
醋	cuya	0	cuy
醛	qryt	0	qry
釉	yzba	0	yzba
鉴	jmhn	0	jmhn
鑫	xbnn	0	xbn
钉	dknn	0	dknn
钊	vcno	0	vcn
钓	dnnd	0	dnn
钙	gdnz	0	gdn
钛	tdnv	0	tdn
钜	junl	0	jun
钝	dynz	0	dyn
钞	icnk	0	icn
钠	nand	0	nan
钥	ycnr	0	ycn
钥	ytnr	0	ytn
钦	qbnd	0	qbn
钧	jyno	0	jyn
钩	gznk	0	gzn
钮	nqnp	0	nqn
钰	yunt	0	yunt
钳	qmni	0	qmni
钵	bonr	0	bon
钻	zrnj	0	zr
钾	jxna	0	jxn
铂	bonl	0	bonl
铃	lknv	0	lkn
铅	qmnj	0	qmnj
铅	yjnj	0	yjnj
铎	done	0	don
铝	lvnj	0	lvn
铬	geng	0	geng
铭	mknj	0	mkn
铮	vgnd	0	vgn
铲	ijnk	0	ijn
铸	vunn	0	vunn
锂	linw	0	lin
锈	xqnn	0	xqn
锋	fgnx	0	fgn
锌	xbnh	0	xbnh
锐	rvnn	0	rvn
锡	xinx	0	xinx
锣	lonx	0	lon
锤	ivnr	0	ivn
锥	vvnp	0	vvn
锯	jung	0	jung
锰	mgnt	0	mgn
锻	drnw	0	drn
镀	dung	0	dun
镁	mwnv	0	mwn
镍	npna	0	npn
镑	bhnl	0	bhn
镰	lmnj	0	lmnj
镶	xlng	0	xln
闫	yjlr	0	yjl
闯	illn	0	ill
闵	mblq	0	mbl
闷	mflv	0	mflv
闸	vala	0	val
闺	gvlp	0	gvl
闽	mblw	0	mblw
阀	falb	0	fal
阁	gelg	0	gel
阅	ytln	0	ytl
阎	yjll	0	yjll
阐	ijls	0	ijl
阔	kolj	0	kol
阜	fuhb	0	fuh
阪	bjyg	0	bjy
阮	rryn	0	rry
陀	toyg	0	toy
陇	lsyk	0	lsyk
陋	lzyz	0	lzy
陌	moyl	0	moy
陕	ujyv	0	ujy
陡	dzyk	0	dzy
陨	yyyq	0	yyy
陵	lkyg	0	lky
隅	yuyo	0	yuyo
隋	svyr	0	svyr
隙	xiyf	0	xiy
障	vhyb	0	vhy
隧	svyo	0	svyo
隶	lido	0	lido
雀	qnfp	0	qnf
雀	qtfp	0	qtf
雁	yjcp	0	yjcp
雇	gutp	0	gut
雌	ciyp	0	ciy
雍	ysbp	0	ysb
雏	iump	0	ium
雕	dndp	0	dnd
雯	wflq	0	wflq
雾	wulk	0	wul
霄	xnlr	0	xnl
霆	tklo	0	tkl
霉	mwll	0	mwl
霎	ualm	0	ual
霖	lbla	0	lbl
霜	ulla	0	ull
霞	xxlg	0	xxlg
霸	balr	0	bal
霾	mdlw	0	mdl
靓	jkxq	0	jkxq
靓	llxq	0	llx
靖	jkhr	0	jkhr
靳	jbif	0	jbi
靴	xtig	0	xti
靶	bait	0	bai
鞍	anim	0	ani
鞠	juib	0	jui
鞭	bmie	0	bmi
韧	rfed	0	rfe
韬	tcel	0	tcel
韵	yyeo	0	yye
韶	ucej	0	uce
顷	qkgq	0	qkg
顽	wjrq	0	wjrq
颁	bjvq	0	bjvq
颂	ssvq	0	ssv
颅	lusq	0	lusq
颇	pohq	0	poh
颈	ggsq	0	ggs
颈	jksq	0	jksq
颊	jxrq	0	jxrq
颌	hedq	0	hedq
颐	yimq	0	yimq
颓	tvcq	0	tvc
颖	ykgq	0	ykg
颠	dmbq	0	dmb
颤	ijbq	0	ijb
飘	pnye	0	pny
飙	bnve	0	bnv
饥	jigd	0	jigd
饲	sigj	0	sig
饵	ergm	0	erg
饶	rcgh	0	rcg
饺	jnge	0	jng
馅	xmgl	0	xmg
馈	kvgq	0	kvg
馋	ijgd	0	ijg
馍	mogq	0	mog
馨	xbpa	0	xbp
驭	yung	0	yung
驯	xyny	0	xyn
驰	iinh	0	iin
驱	qune	0	qun
驳	bone	0	bone
驴	lvnt	0	lvnt
驶	uine	0	uine
驹	junj	0	junj
驼	tong	0	ton
驿	yine	0	yine
骁	xnnh	0	xnnh
骄	jnny	0	jnn
骆	long	0	long
骇	hdnd	0	hdn
骏	jyng	0	jyng
骚	scnw	0	scn
骤	vznd	0	vzn
髋	krbq	0	krb
髓	svbo	0	svb
魁	kvnb	0	kvn
魄	poln	0	poln
魅	mwns	0	mwns
鲈	luyt	0	luyt
鲍	bcyt	0	bcyt
鲤	liyw	0	liyw
鲨	uaoy	0	uao
鲷	dnyj	0	dny
鲸	jkyf	0	jkyf
鳄	eeyz	0	eeyz
鳍	qiya	0	qiya
鳗	mjyg	0	mjyg
鳝	ujyj	0	ujyj
鳞	lbyh	0	lby
鸣	mkjc	0	mkj
鸥	oulc	0	oulc
鸦	yakc	0	yakc
鸽	gedc	0	gedc
鸿	hsoc	0	hsoc
鹅	eebc	0	eeb
鹤	hesc	0	hes
鹭	lukc	0	luk
鹰	ykcc	0	ykcc
鹿	lubb	0	lub
麓	luab	0	lua
麟	lbbh	0	lbb
麽	mock	0	mock
黏	nmcj	0	nmcj
黔	qmtv	0	qmt
黛	ddzt	0	ddzt
黯	ante	0	ant
鼎	dkaz	0	dkaz
鼠	uulz	0	uul
鼻	biln	0	biln
齿	iiyl	0	iiy
龄	lkyv	0	lkyv
龚	gskv	0	gsk
龟	gvoa	0	gvo
龟	jyoa	0	jyoa
龟	qqoa	0	qqo
嗯	enjv	0	enj
噢	acjv	0	ac
㑇	vzzm	0	vzzm
㑊	yizy	0	yizy
㕮	fuje	0	fuje
㘎	hjjg	0	hjjg
㙍	dopg	0	dop
㙘	ycpm	0	ycp
㙦	xpdp	0	xpdp
㛃	jpxm	0	jpxm
㛚	tsme	0	tsme
㛹	pmme	0	pmme
㟃	siuj	0	siu
㠇	jquk	0	jqu
㠓	mguy	0	mgu
㤘	vzvm	0	vzv
㥄	lkvg	0	lkvg
㧐	sseg	0	sse
㧑	hvek	0	hvek
㧟	kkel	0	kke
㫰	lhaw	0	lha
㬊	hrag	0	hrag
㬎	xmaw	0	xmaw
㬚	ieag	0	iea
㭎	ghae	0	ghae
㭕	quak	0	quak
㮾	lhda	0	lhda
㰀	liao	0	liao
㳇	fuoe	0	fuoe
㳘	ison	0	ison
㳚	xuod	0	xuo
㴔	jiov	0	jiov
㵐	jtod	0	jtod
㶲	yswe	0	ysw
㸆	kcwx	0	kcwx
㸌	howp	0	howp
㺄	yuhe	0	yuhe
㻬	tutz	0	tutz
㽏	gjoi	0	gjo
㿠	hlln	0	hlln
䁖	lzam	0	lza
䂮	ltxc	0	ltx
䃅	dics	0	dics
䃎	vacx	0	vacx
䅟	cjck	0	cjc
䌹	jsfj	0	jsf
䎃	rjln	0	rjln
䎖	zgvn	0	zgvn
䏝	vrrk	0	vrr
䏡	uirq	0	uirq
䏲	tirb	0	tir
䐃	jyrc	0	jyr
䓖	qsqk	0	qsq
䓛	ququ	0	ququ
䓨	ykqb	0	ykqb
䓫	qiqn	0	qiqn
䓬	voqb	0	voqb
䗖	diwg	0	diw
䗛	xqwr	0	xqw
䗪	vecw	0	vecw
䗴	tkwo	0	tkw
䜣	xbmf	0	xbm
䝙	iuye	0	iuye
䢺	iuuy	0	iuu
䢼	gsiy	0	gsiy
䣘	thsy	0	thsy
䥽	pong	0	pon
䦃	vona	0	von
䲟	ybyi	0	ybyi
䲠	iyya	0	iyya
䲢	tgry	0	tgry
䴓	uirc	0	uirc
䴔	jnec	0	jnec
䴕	lpxc	0	lpxc
䴖	jkxc	0	jkxc
䴗	juac	0	juac
䴘	tikc	0	tikc
䴙	pitc	0	pitc
䶮	yjkv	0	yjkv
丏	mmrz	0	mmr
丕	pirr	0	pirr
乂	yiee	0	yiee
乒	pkek	0	pke
乓	phed	0	phe
乜	mpzz	0	mpz
乜	npzz	0	npz
乩	jisz	0	jisz
乸	nahl	0	nah
亍	iurn	0	iur
亓	qirn	0	qirn
亘	gfrr	0	gfr
亟	jixr	0	jixr
亟	qixr	0	qixr
亢	khbd	0	khb
亳	bokg	0	bok
亵	xpgh	0	xpg
亶	djbr	0	djb
亸	doks	0	doks
亹	wwbr	0	wwbr
仂	lezk	0	lez
仃	dkzn	0	dkz
仄	zecd	0	zec
仉	vhzd	0	vhzd
仝	tsds	0	tsds
仞	rfzd	0	rfzd
仟	qmzx	0	qmzx
仡	gezz	0	gez
仨	sazr	0	saz
仫	muzk	0	muz
仳	pizg	0	pizg
仵	wuzb	0	wuzb
伈	xbzv	0	xbzv
伉	khzd	0	khz
伋	jizs	0	jiz
伎	jizg	0	jizg
伛	yuze	0	yuz
伢	yazk	0	yaz
伣	qmzq	0	qmzq
伥	ihzh	0	ihzh
伧	chzt	0	chz
伫	vuzr	0	vuzr
伭	xmzf	0	xmzf
伲	nizg	0	nizg
伾	pizr	0	pizr
佁	yizj	0	yizj
佃	dmza	0	dmz
佖	bizv	0	bizv
佗	tozg	0	toz
佘	uedq	0	uedq
佚	yizs	0	yizs
佝	gzzj	0	gzz
佞	nkzm	0	nkz
佤	wazs	0	waz
佥	qmpp	0	qmp
佯	yhzb	0	yhzb
佴	ndzm	0	ndz
佶	jizj	0	jizj
佸	hozj	0	hozj
佺	qrzt	0	qrz
佻	tnzn	0	tnz
佼	jnze	0	jnze
佽	cizd	0	cizd
佾	yizr	0	yizr
侁	ufzn	0	ufzn
侂	tozg	0	tozg
侈	iizx	0	iiz
侉	kxzz	0	kxz
侏	vuzs	0	vuzs
侑	yzzr	0	yzzr
侔	mzzn	0	mzz
侗	dszj	0	dsz
侘	iazg	0	iaz
侩	kkzk	0	kkz
侪	idzy	0	idz
侴	izdo	0	izd
侹	tkzo	0	tkzo
俅	qqzd	0	qqzd
俍	llzw	0	llzw
俎	zudr	0	zud
俐	lize	0	lize
俑	ysze	0	ysze
俙	xizg	0	xiz
俚	lizw	0	lizw
俜	pkzz	0	pkzz
俟	qizs	0	qiz
俟	sizs	0	sizs
俣	yuzv	0	yuzv
俦	izzn	0	izzn
俨	yjzk	0	yjz
俪	lizd	0	lizd
俫	ldzk	0	ldz
俳	pdzx	0	pdz
俵	bnzg	0	bnz
俶	iuzg	0	iuzg
俸	fgze	0	fgz
俾	bizb	0	bizb
倌	grzh	0	grz
倏	uuzv	0	uuzv
倓	tjzw	0	tjzw
倔	jtzu	0	jtz
倕	ivzr	0	ivz
倜	tizj	0	tizj
倞	jkzf	0	jkz
倥	kszs	0	ksz
倧	zszq	0	zsz
倨	juzg	0	juzg
倬	vozb	0	voz
倭	wozm	0	woz
倮	loza	0	loz
倴	bfzq	0	bfz
倻	yezy	0	yez
偁	igzr	0	igzr
偃	yjzm	0	yjzm
偈	jizl	0	jizl
偌	rozj	0	rozj
偎	wwzl	0	wwzl
偓	wozh	0	wozh
偕	xpzl	0	xpz
偡	vjzz	0	vjz
偬	zszv	0	zszv
偭	mmzl	0	mmz
偰	xpzv	0	xpzv
偲	cdzv	0	cdz
偻	lzzm	0	lzz
偻	lvzm	0	lvzm
偾	ffzq	0	ffzq
傀	kvzn	0	kvz
傃	suzf	0	suzf
傈	liza	0	liza
傉	nuzn	0	nuz
傒	xizv	0	xizv
傕	jtzp	0	jtzp
傣	ddzo	0	ddzo
傥	thzn	0	thzn
傧	bbzv	0	bbz
傩	nozp	0	noz
傺	iizq	0	iizq
僇	luzk	0	luz
僎	vrzv	0	vrzv
僔	zyzn	0	zyz
僖	xizj	0	xizj
僦	jqzk	0	jqz
僬	jnzw	0	jnzw
僭	jmza	0	jmza
僮	tszw	0	tszw
僰	bogd	0	bog
僳	suzb	0	suzb
儆	jkzg	0	jkzg
儇	xrzg	0	xrz
儋	djzm	0	djzm
儡	lwza	0	lwz
儦	bnzw	0	bnzw
儳	ijzx	0	ijz
儴	rhzg	0	rhz
兀	wunn	0	wunn
兕	siyn	0	siy
兖	yjbn	0	yjb
兢	jkrn	0	jkr
冁	ijsl	0	ijsl
冏	jslj	0	jsl
冔	xulx	0	xul
冕	mmlx	0	mml
冗	rssd	0	rss
冮	ghos	0	ghos
冱	huod	0	huod
冼	xmon	0	xmon
冽	lpoo	0	lpo
凇	ssok	0	sso
凋	dnoj	0	dno
凓	lioa	0	lioa
凘	siof	0	sio
凫	fucd	0	fucd
凼	dhol	0	dho
刈	yieo	0	yieo
刍	iumm	0	iumm
刎	wfxo	0	wfx
刖	ytro	0	ytr
刬	ijbo	0	ijbo
刭	jkso	0	jkso
刳	kuvo	0	kuvo
刽	gvdo	0	gvd
刿	gvuo	0	gvu
剀	kduo	0	kduo
剅	lzro	0	lzr
剋	kwro	0	kw
剌	lago	0	lag
剐	gxjo	0	gxj
剕	fwxo	0	fwxo
剜	wjso	0	wjso
剞	jivo	0	jivo
剟	dogo	0	dog
剡	ujwo	0	ujwo
剽	pnyo	0	pnyo
劁	qnpo	0	qnpo
劂	jtco	0	jtc
劄	vamo	0	vamo
劐	hoqo	0	hoqo
劓	yilo	0	yilo
劢	mdrk	0	mdrk
劬	qulk	0	qul
劭	ucok	0	ucok
劼	jppk	0	jppk
劾	hebk	0	heb
勍	qkkk	0	qkk
勐	mgxk	0	mgxk
勔	mmlk	0	mmlk
勖	xulk	0	xulk
勚	yiik	0	yii
勠	lunk	0	lun
勰	xpkv	0	xpkv
匍	pull	0	pul
匏	pcvt	0	pcvt
匐	fula	0	fula
匜	yilh	0	yilh
匝	zalg	0	zal
匦	gvlh	0	gvlh
匮	kvlq	0	kvl
匼	kelj	0	kel
匾	bmlq	0	bml
卅	saqq	0	saq
卉	hvbq	0	hvbq
卞	bmbs	0	bmb
卟	bujs	0	bujs
卣	yzsr	0	yzs
卬	ahyy	0	ahy
卮	vikt	0	vikt
卺	jbzt	0	jbzt
厍	uecc	0	uec
厖	mhcd	0	mhc
厣	yjca	0	yjca
厥	jtcd	0	jtcd
厩	jqcn	0	jqc
厮	sicf	0	sicf
厾	duzk	0	duz
叁	sjkr	0	sjk
叆	airg	0	air
叇	ddro	0	ddr
叕	vogg	0	vog
叚	xxzg	0	xxzg
叟	szlg	0	szl
叱	iijg	0	iij
叵	polj	0	polj
叻	lejk	0	lej
叼	dnjr	0	dnjr
叽	jijd	0	jij
吆	ycjf	0	ycjf
吒	vajg	0	vajg
吠	fwjv	0	fwjv
吡	bijg	0	bijg
吣	qbjv	0	qbj
吮	uyjn	0	uyj
吲	ybjy	0	ybjy
吽	hsjn	0	hsjn
呇	mfoj	0	mfo
呋	fujv	0	fujv
呒	mmja	0	mmj
呓	yijz	0	yijz
呔	ddjv	0	ddjv
呖	lijk	0	lijk
呙	gojd	0	goj
呣	mmjl	0	mmjl
呤	lkjv	0	lkj
呱	gujb	0	gujb
呱	gxjb	0	gxjb
呲	cijg	0	cij
呶	ncjg	0	ncj
呷	xxja	0	xxja
呸	pwjr	0	pwj
咀	jujr	0	juj
咀	zvjr	0	zvjr
咂	zajg	0	zajg
咄	doju	0	doju
咆	pcjt	0	pcj
咇	bijv	0	bijv
咉	yhjv	0	yhj
咍	hdjj	0	hdjj
咎	jqgj	0	jqgj
咔	kajs	0	kajs
咙	lsjk	0	lsj
咚	dsjd	0	dsj
咛	nkjn	0	nkj
咝	sijf	0	sijf
咡	erjm	0	erj
咣	gljn	0	glj
咤	vajg	0	vajg
咥	xijh	0	xijh
咫	vitv	0	vitv
咴	hvjw	0	hvj
咺	xrjr	0	xrjr
咻	xqja	0	xqja
咿	yijk	0	yijk
哂	ufjy	0	ufjy
哃	tsjj	0	tsj
哌	pdjn	0	pdj
哏	gfjw	0	gfj
哐	kljt	0	klj
哓	xnjh	0	xnjh
哔	bijb	0	bijb
哕	hvjx	0	hvjx
哕	ytjx	0	ytjx
哙	kkjk	0	kkj
哚	doja	0	doja
哝	nsjg	0	nsj
哞	mzjn	0	mzj
哢	lsjq	0	lsjq
哧	iijy	0	iijy
哱	bojx	0	boj
哳	vajf	0	vajf
哽	ggje	0	ggj
哿	gekn	0	gek
唁	yjjm	0	yjjm
唆	sojg	0	soj
唏	xijg	0	xijg
唛	mdjg	0	mdj
唝	hsjq	0	hsjq
唢	sojq	0	sojq
唣	zcjg	0	zcjg
唧	jijy	0	jijy
唪	fgje	0	fgj
唬	hujd	0	hujd
唰	uxjo	0	uxj
唳	lijv	0	lijv
唵	anja	0	anj
唷	yojr	0	yoj
唼	uajm	0	uajm
唿	hujv	0	hujv
啁	vcjj	0	vcj
啁	vzjj	0	vzjj
啄	vojy	0	voj
啉	lbja	0	lbj
啐	cvjb	0	cvj
啕	tcjb	0	tcjb
啖	djjw	0	djj
啜	ikjg	0	ikj
啜	iojg	0	ioj
啧	zejq	0	zejq
啫	veja	0	vej
啬	sebj	0	seb
啭	vrjk	0	vrj
啮	npjl	0	npj
啰	lojx	0	lojx
啴	ijjs	0	ijj
啵	bojh	0	bojh
啶	dkjl	0	dkjl
啷	lhjy	0	lhj
啻	iisj	0	iis
啾	jqjw	0	jqj
喁	ysjo	0	ysjo
喁	yujo	0	yujo
喃	njjb	0	njj
喆	vepj	0	vep
喈	jpjl	0	jpj
喋	dpja	0	dpj
喋	vaja	0	vaja
喏	nojj	0	noj
喑	ybje	0	ybje
喙	hvjy	0	hvjy
喟	kvjr	0	kvj
喤	hljt	0	hlj
喱	lijw	0	lijw
喳	iajr	0	iaj
喳	vajr	0	vajr
喹	kvjp	0	kvjp
喾	kusj	0	kusj
嗄	uajg	0	uajg
嗉	sujf	0	suj
嗌	aijt	0	aijt
嗌	yijt	0	yijt
嗍	sojr	0	sojr
嗐	hdjj	0	hdjj
嗑	kejt	0	kejt
嗔	ifjv	0	ifj
嗝	gejh	0	gejh
嗞	zijf	0	zijf
嗟	jpjs	0	jpjs
嗤	iijw	0	iijw
嗥	hcjb	0	hcjb
嗦	sojf	0	sojf
嗪	qbjc	0	qbjc
嗫	npjg	0	npjg
嗬	hejn	0	hejn
嗳	aijg	0	aijg
嗵	tsjo	0	tsjo
嗷	aojg	0	aoj
嗾	szjs	0	szjs
嘁	qijf	0	qijf
嘈	ccja	0	ccj
嘌	pnjq	0	pnj
嘏	gurg	0	gurg
嘘	uijr	0	uijr
嘘	xujr	0	xujr
嘚	dejn	0	dej
嘚	dwjn	0	dwj
嘞	lwjk	0	lwj
嘟	dujy	0	duj
嘡	thjp	0	thj
嘣	bgjr	0	bgj
嘤	ykjm	0	ykj
嘧	miju	0	miju
嘬	zojg	0	zojg
嘭	pgjk	0	pgj
嘹	lnjf	0	lnj
噀	xyjv	0	xyjv
噂	zyjn	0	zyj
噇	iljw	0	ilj
噌	cgja	0	cgj
噍	jnjw	0	jnjw
噎	yejr	0	yejr
噔	dgjr	0	dgj
噗	pujm	0	puj
噘	jtjd	0	jtjd
噙	qbjo	0	qbjo
噜	luja	0	luj
噤	jbjq	0	jbjq
噩	eerr	0	eer
噫	yijv	0	yijv
噱	xtjy	0	xtj
噻	sdjp	0	sdj
噼	pijh	0	pijh
嚄	hojg	0	hoj
嚅	rujl	0	ruj
嚆	hcjj	0	hcjj
嚏	tijl	0	tijl
嚓	cajq	0	caj
嚓	iajq	0	iajq
嚚	ybjj	0	ybjj
嚭	pipj	0	pip
嚯	hojp	0	hojp
囔	nhjg	0	nhj
囟	xbqq	0	xbqq
囡	njim	0	nji
囤	dyiz	0	dyi
囤	tyiz	0	tyi
囫	huix	0	hui
囱	csqq	0	csqq
囵	lyig	0	lyi
囷	qyic	0	qyi
囹	lkiv	0	lki
囿	yzir	0	yzi
圃	puil	0	pui
圄	yuij	0	yui
圉	yuib	0	yuib
圊	qkir	0	qkir
圌	ivil	0	ivi
圐	kuil	0	kui
圙	ltil	0	lti
圜	hrig	0	hri
圜	yrig	0	yrig
圢	tkpn	0	tkpn
圩	wwpx	0	wwp
圩	xupx	0	xupx
圪	gepz	0	gep
圫	topg	0	topg
圬	wupz	0	wupz
圮	pipt	0	pipt
圯	yipt	0	yipt
圲	qmpx	0	qmpx
圹	klpc	0	klp
圻	qipf	0	qipf
坉	typz	0	typ
坋	ffpo	0	ffpo
坌	bfvp	0	bfvp
坍	tjpb	0	tjpb
坒	bigp	0	bigp
坜	lipk	0	lip
坥	qupr	0	qup
坩	gjpi	0	gjp
坫	dmpj	0	dmp
坬	gxpb	0	gxpb
坬	wapb	0	wap
坭	nipg	0	nip
坯	pipr	0	pipr
坰	jspj	0	jsp
坳	aopk	0	aop
坷	kepn	0	kepn
坻	dipn	0	dipn
坼	iepf	0	iep
坽	lkpv	0	lkp
垆	lupt	0	lup
垈	ddzp	0	ddzp
垌	dspj	0	dsp
垌	tspj	0	tsp
垍	jipl	0	jipl
垎	hepg	0	hepg
垏	lvpd	0	lvp
垓	gdpd	0	gdp
垕	hzkp	0	hzk
垙	glpn	0	glp
垚	ycpp	0	ycpp
垛	dopa	0	dopa
垞	iapg	0	iap
垟	yhpb	0	yhp
垠	ybpw	0	ybp
垡	fazp	0	fazp
垤	dpph	0	dpp
垦	kfwp	0	kfwp
垧	uhpq	0	uhp
垩	eeep	0	eeep
垭	yape	0	yap
垯	dapo	0	dap
垱	dhpd	0	dhp
垲	kdpt	0	kdp
垴	ncpl	0	ncp
垵	anpm	0	anp
垸	yrpn	0	yrpn
垺	fupx	0	fup
垾	hjpx	0	hjp
垿	xupg	0	xupg
埂	ggpe	0	ggp
埆	qtph	0	qtp
埇	yspe	0	ysp
埌	lhpw	0	lhp
埏	ujpo	0	ujp
埒	lppn	0	lpp
埕	igpt	0	igpt
埗	bupk	0	bupk
埘	uipn	0	uipn
埙	xypq	0	xyp
埚	gopd	0	gop
埝	nmpv	0	nmp
埤	pipb	0	pipb
埪	ksps	0	ksp
埫	thpj	0	thpj
埭	ddpo	0	ddp
埯	anpa	0	anpa
埴	vipr	0	vipr
埵	dopr	0	dopr
埸	yipx	0	yipx
埽	scpg	0	scp
堃	kylp	0	kyl
堇	jbix	0	jbix
堉	yupr	0	yupr
堋	pgpr	0	pgpr
堌	gupr	0	gupr
堍	tupx	0	tupx
堎	lgpg	0	lgp
堐	yapp	0	yapp
堑	qmcp	0	qmc
堙	ybpp	0	ybpp
堞	dppa	0	dppa
堠	hzps	0	hzp
堧	rrpv	0	rrp
堨	eepl	0	eep
堲	jiwp	0	jiwp
堼	hgpp	0	hgp
堽	ghpy	0	ghp
堾	iypa	0	iyp
塄	lgpl	0	lgpl
塅	drpw	0	drp
塆	wjpz	0	wjp
塍	igrp	0	igr
塝	bhpl	0	bhp
塥	geph	0	geph
塬	yrpf	0	yrpf
塱	lhdp	0	lhdp
塾	uukp	0	uukp
墀	iipn	0	iipn
墁	mjpg	0	mjpg
墈	kjpk	0	kjpk
墉	yspe	0	yspe
墐	jbpx	0	jbp
墒	uhpr	0	uhpr
墕	yjpw	0	yjpw
墘	qmpz	0	qmpz
墚	llpa	0	llp
墡	ujpj	0	ujpj
墣	pupm	0	pupm
墦	fjpa	0	fjp
墼	jirp	0	jirp
壅	ysbp	0	ysbp
壑	hesp	0	hesp
壕	hcpy	0	hcpy
壸	kype	0	kype
夐	xsog	0	xsog
夔	kvvg	0	kvvg
夙	sudx	0	sudx
夤	ybxv	0	ybx
夥	hoax	0	hoa
夬	gkzv	0	gkz
夯	hhvk	0	hhv
夼	klvy	0	klv
奁	lmve	0	lmve
奂	hrov	0	hro
奄	yjva	0	yjv
奓	vavx	0	vav
奘	zhxv	0	zhx
奘	vlxv	0	vlxv
奚	xibv	0	xibv
奡	aory	0	aor
奭	uibd	0	uibd
妁	uomd	0	uom
妊	rfmp	0	rfmp
妗	jbmv	0	jbmv
妘	yymk	0	yym
妣	bimg	0	bimg
妤	yumg	0	yumg
妧	yrmn	0	yrmn
妩	wuma	0	wuma
妪	yume	0	yume
妫	gvmk	0	gvmk
妭	bamd	0	bam
妯	vzma	0	vzma
妲	damr	0	damr
妾	qphm	0	qph
姈	lkmv	0	lkmv
姒	simo	0	sim
姗	ujmr	0	ujm
姘	pbmq	0	pbmq
姝	uums	0	uums
姞	jimj	0	jimj
姣	jnme	0	jnme
姤	gzmj	0	gzm
姮	hgmr	0	hgm
姱	kxmz	0	kxm
姶	eemj	0	eemj
姹	iamg	0	iam
姽	gvmt	0	gvmt
娀	ssmb	0	ssmb
娆	rcmh	0	rcm
娈	lrym	0	lry
娉	pkmz	0	pkm
娌	limw	0	limw
娑	soom	0	soo
娓	wwmh	0	wwmh
娠	ufml	0	ufml
娣	dimb	0	dimb
娩	mmmx	0	mmm
娲	wamd	0	wamd
娵	jumg	0	jumg
娼	ihma	0	ihm
婀	eemn	0	eemn
婌	uumg	0	uumg
婍	qimn	0	qim
婘	qrmt	0	qrmt
婞	xkmb	0	xkmb
婠	wjmh	0	wjmh
婢	bimb	0	bimb
婤	vzmj	0	vzmj
婪	ljam	0	ljam
婫	kymg	0	kym
婳	hxml	0	hxml
婵	ijms	0	ijm
婺	wugm	0	wugm
婻	njmb	0	njm
婼	romj	0	rom
婿	xumr	0	xumr
媂	dimg	0	dimg
媄	mwmv	0	mwmv
媆	rrmv	0	rrm
媓	hlmt	0	hlmt
媖	ykmv	0	ykm
媞	uiml	0	uiml
媪	aomt	0	aom
媭	xukm	0	xukm
媱	ycmb	0	ycmb
媲	pimg	0	pim
媵	ykrm	0	ykr
媸	iimw	0	iimw
媾	gzmr	0	gzmr
嫄	yrmf	0	yrmf
嫒	aimg	0	aim
嫔	pbmv	0	pbmv
嫕	yimv	0	yimv
嫖	pnmq	0	pnm
嫘	lwmf	0	lwm
嫚	mjmg	0	mjm
嫜	vhmb	0	vhm
嫠	lism	0	lism
嫣	yjmw	0	yjmw
嫦	ihmg	0	ihmg
嫪	lcmk	0	lcmk
嫫	momq	0	mom
嫭	humy	0	hum
嫱	qlmj	0	qlmj
嫽	lnmf	0	lnmf
嬉	ximj	0	ximj
嬖	bitm	0	bitm
嬗	ujmr	0	ujmr
嬛	xrmg	0	xrmg
嬥	tnmp	0	tnmp
嬬	ruml	0	rum
嬴	ykdm	0	ykdm
嬷	momk	0	momk
嬿	yjmw	0	yjmw
孀	ulma	0	ulm
孅	xmmr	0	xmmr
孑	jpxx	0	jpxx
孓	jtxd	0	jtx
孖	zixx	0	zixx
孛	bwbx	0	bwb
孢	bcxt	0	bcx
孥	numx	0	numx
孪	lryx	0	lryx
孬	ncrx	0	ncr
孱	ijtx	0	ijt
孳	zivx	0	zivx
孺	ruxl	0	rux
宄	gvsh	0	gvs
宓	fusv	0	fusv
宓	misv	0	misv
宕	dhsc	0	dhsc
宥	yzsr	0	yzsr
宧	yism	0	yism
宬	igsz	0	igs
寁	zjsd	0	zjs
寐	mwss	0	mws
寤	wusj	0	wusj
寥	lnsk	0	lnsk
寰	hrsg	0	hrsg
尕	ganf	0	gan
尜	gaff	0	gaf
尢	whbz	0	whbz
尥	lnbd	0	lnb
尨	mhbd	0	mhbd
尪	whbt	0	whbt
尻	kcth	0	kct
屃	xitq	0	xitq
屉	titz	0	tit
屐	jitg	0	jitg
屙	eetn	0	eet
屣	xitd	0	xitd
屦	jutm	0	jutm
屹	yiuz	0	yiu
屺	qiut	0	qiut
屼	wuun	0	wuu
屾	ufuu	0	ufu
岈	yauk	0	yauk
岊	jptu	0	jptu
岌	jius	0	jiu
岍	qmuq	0	qmuq
岖	quue	0	quu
岘	xmuq	0	xmu
岙	aoku	0	aok
岜	baut	0	bau
岞	zour	0	zou
岠	juul	0	juu
岢	keun	0	keu
岣	gzuj	0	gzu
岨	juur	0	juur
岨	quur	0	quur
岫	xqua	0	xqu
岬	jxua	0	jxu
岵	huur	0	huu
岷	mbum	0	mbu
岽	dsuc	0	dsu
岿	kvud	0	kvu
峁	mcui	0	mcu
峂	tsud	0	tsu
峃	xtsu	0	xtsu
峄	yiue	0	yiue
峋	xyua	0	xyu
峒	dsuj	0	dsuj
峒	tsuj	0	tsuj
峗	wwut	0	wwut
峘	hrur	0	hru
峙	uiun	0	uiu
峙	viun	0	viu
峛	lpuo	0	lpu
峣	ycuh	0	ycu
峤	jnuy	0	jnu
峤	qnuy	0	qnuy
峥	vgud	0	vgu
峦	lryu	0	lryu
峧	jnue	0	jnue
峱	nchu	0	nch
峿	wuuj	0	wuuj
崀	lhuw	0	lhu
崁	kjud	0	kju
崂	lcuk	0	lcu
崃	lduk	0	ldu
崄	xmup	0	xmup
崆	ksus	0	ksu
崌	juug	0	juug
崒	zuub	0	zuu
崚	lgug	0	lgu
崞	goux	0	gou
崟	ybun	0	ybu
崡	hjul	0	hju
崤	xnur	0	xnu
崦	yjua	0	yjua
崧	ssuk	0	ssuk
崮	guur	0	guu
崴	wdum	0	wdu
崶	fgun	0	fgun
崽	zduv	0	zdu
崾	ycum	0	ycum
崿	eeuz	0	eeuz
嵁	kjuz	0	kjuz
嵅	hjuj	0	hjuj
嵇	jicu	0	jicu
嵊	ugug	0	ugu
嵋	mwua	0	mwu
嵎	yuuo	0	yuuo
嵖	iaur	0	iau
嵘	rsua	0	rsu
嵚	qbud	0	qbu
嵛	yuue	0	yuue
嵝	lzum	0	lzu
嵫	ziuf	0	ziu
嵬	wwun	0	wwun
嵯	cous	0	cou
嵲	npua	0	npu
嵴	jiur	0	jiur
嶂	vhub	0	vhu
嶅	aoxu	0	aoxu
嶍	xiul	0	xiu
嶒	cgua	0	cgu
嶓	boua	0	bou
嶙	lbuh	0	lbu
嶝	dgur	0	dgu
嶟	zyun	0	zyu
嶦	ujum	0	uju
嶲	xiul	0	xiul
嶷	yiul	0	yiul
巇	xiub	0	xiub
巉	ijux	0	iju
巯	qqsy	0	qqs
巽	xytv	0	xytv
帏	wwge	0	wwg
帑	thmg	0	thm
帔	pwgh	0	pwg
帙	vigs	0	vigs
帚	vzdg	0	vzd
帛	bolg	0	bol
帡	pkgq	0	pkg
帨	uvgn	0	uvg
帱	izgn	0	izg
帱	dcgn	0	dcg
帷	wwgp	0	wwgp
帻	zegq	0	zeg
帼	gogt	0	gogt
幄	wogh	0	wog
幌	hlgn	0	hlg
幔	mjgg	0	mjg
幖	bngq	0	bng
幛	vhgb	0	vhgb
幞	fugm	0	fugm
幪	mggy	0	mgg
幺	ycff	0	ycff
庋	gvcg	0	gvcg
庑	wuca	0	wuca
庖	pcct	0	pcc
庠	xlcb	0	xlcb
庤	vicn	0	vicn
庥	xqca	0	xqca
庱	igcg	0	igcg
庳	bicb	0	bicb
庹	toct	0	toc
庼	qkcq	0	qkcq
庾	yucd	0	yucd
廆	wwcn	0	wwcn
廋	szcg	0	szcg
廑	jbcx	0	jbc
廒	aocg	0	aoc
廙	yicv	0	yicv
廛	ijcp	0	ijc
廨	xpcn	0	xpc
廪	lbcq	0	lbcq
弁	bmkq	0	bmkq
弆	jupq	0	jup
弇	yjdq	0	yjd
弈	yiyq	0	yiyq
弋	yibb	0	yib
弑	uies	0	uies
弛	iizh	0	iizh
弢	tczg	0	tcz
弨	iczj	0	icz
弩	numz	0	numz
弭	mizm	0	mizm
弶	jlzf	0	jlzf
弸	pgzr	0	pgz
彀	gzpw	0	gzpw
彖	trdy	0	trd
彗	hvxd	0	hvxd
彘	vidg	0	vid
彟	ytdg	0	ytd
彧	yubk	0	yubk
彳	iiyy	0	iiyy
彷	phyl	0	phy
徂	cuyr	0	cuyr
徇	xyya	0	xyya
徉	yhyb	0	yhyb
徊	hkyj	0	hky
徕	ldyk	0	ldy
徙	xiyd	0	xiyd
徛	jiyn	0	jiyn
徜	ihyj	0	ihy
徨	hlyt	0	hly
徭	ycyb	0	ycy
徵	viyg	0	viyg
徼	jnyg	0	jnyg
忉	dcvo	0	dcvo
忏	ijvx	0	ijvx
忐	tjsv	0	tjs
忑	terv	0	ter
忖	cyvn	0	cyv
忝	tmvv	0	tmv
忞	mbqv	0	mbq
忡	isvy	0	isv
忤	wuvb	0	wuvb
忪	ssvk	0	ssvk
忭	bmvs	0	bmv
忮	vivg	0	viv
忱	ifvn	0	ifvn
忳	tyvz	0	tyvz
忸	nqvp	0	nqv
忺	xmvd	0	xmv
忻	xbvf	0	xbvf
忾	kdvu	0	kdvu
怃	wuva	0	wuva
怄	ouve	0	ouv
怅	ihvh	0	ihv
怆	ilvt	0	ilv
怊	icvj	0	icv
怍	zovr	0	zov
怏	yhvv	0	yhv
怙	huvr	0	huv
怛	davr	0	davr
怦	pgvb	0	pgv
怩	nivg	0	nivg
怫	fuvk	0	fuvk
怵	iuvd	0	iuvd
怿	yive	0	yive
恁	nfzv	0	nfz
恂	xyva	0	xyv
恃	uivn	0	uivn
恓	xivy	0	xivy
恔	jnve	0	jnv
恙	yhmv	0	yhmv
恚	hvpv	0	hvp
恝	jxxv	0	jxx
恣	ziov	0	ziov
恧	nvlv	0	nvl
恪	kevg	0	kev
恫	dsvj	0	dsvj
恬	tmvj	0	tmvj
恸	tsvk	0	tsv
恹	yjvv	0	yjvv
恻	cevo	0	cev
恽	yyvc	0	yyv
恿	yskv	0	yskv
悃	kyva	0	kyv
悆	yudv	0	yudv
悈	jpvq	0	jpv
悌	tivb	0	tivb
悒	yivt	0	yivt
悖	bwvx	0	bwv
悚	ssvg	0	ssvg
悛	qrvg	0	qrvg
悝	kvvw	0	kvvw
悢	llvw	0	llv
悫	qtpv	0	qtpv
悭	qmvp	0	qmvp
悯	mbvq	0	mbv
悰	csvq	0	csv
悱	fwvx	0	fwv
悴	cvvb	0	cvv
悸	jivx	0	jivx
悻	xkvb	0	xkv
惆	izvj	0	izv
惇	dyvx	0	dyv
惋	wjvt	0	wjv
惎	jiiv	0	jiiv
惔	tjvw	0	tjvw
惘	whvz	0	whv
惙	iovg	0	iov
惚	huvv	0	huvv
惛	hyva	0	hyv
惝	ihvj	0	ihvj
惦	dmvj	0	dmvj
惫	bwgv	0	bwgv
惬	qpvv	0	qpvv
惮	djvs	0	djv
惰	dovr	0	dovr
惴	vvvl	0	vvv
惺	xkvx	0	xkvx
愀	qnvw	0	qnvw
愃	xrvr	0	xrv
愆	qmxv	0	qmxv
愍	mbmv	0	mbm
愎	bivg	0	bivg
愐	mmvl	0	mmv
愔	ybve	0	ybv
愠	yyvt	0	yyvt
愦	kvvq	0	kvvq
愫	suvf	0	suvf
愭	qiva	0	qiva
慆	tcvl	0	tcv
慊	qmvj	0	qmvj
慊	qpvj	0	qpvj
慑	uevg	0	uevg
慝	telv	0	tel
慥	zcvo	0	zcv
慬	qbvx	0	qbv
慭	ybkv	0	ybkv
慵	ysve	0	ysv
憔	qnvw	0	qnvw
憕	igvr	0	igv
憙	xipv	0	xipv
憧	isvw	0	isvw
憨	hjzv	0	hjzv
憩	qixv	0	qixv
憬	jkvf	0	jkvf
憭	lnvf	0	lnv
憷	iuvl	0	iuvl
憺	djvm	0	djvm
懑	mfov	0	mfov
懔	lbvq	0	lbvq
懦	novl	0	nov
戆	ghev	0	ghev
戆	vlev	0	vlev
戋	jmbb	0	jmb
戍	uubd	0	uubd
戕	qlxb	0	qlx
戗	qldb	0	qld
戛	garb	0	garb
戛	jxrb	0	jxrb
戟	jibb	0	jibb
戡	kjib	0	kjib
戢	jijd	0	jijd
戣	kvxb	0	kvx
戤	gdnb	0	gdnb
戥	dgab	0	dgab
戬	jmeb	0	jmeb
戭	yjsb	0	yjsb
戮	lunb	0	lunb
戽	hutb	0	hut
戾	litv	0	litv
扂	dmtj	0	dmtj
扃	jstj	0	jst
扅	yitx	0	yitx
扆	yitg	0	yitg
扈	hutt	0	hutt
扉	fwtx	0	fwt
扊	yjtw	0	yjt
扞	hjex	0	hjex
扦	qmex	0	qme
扪	mfel	0	mfe
扺	vien	0	vien
扽	dfez	0	df
抃	bmes	0	bme
抉	jtev	0	jtev
抒	uueg	0	uue
抔	pzed	0	pze
抟	trek	0	tre
抡	lyeg	0	lye
抨	pgeb	0	pgeb
抻	ifea	0	ife
抿	mbem	0	mbe
拃	vaer	0	vaer
拄	vuep	0	vue
拈	nmej	0	nme
拊	fuet	0	fuet
拗	aoek	0	aoe
拗	nqek	0	nqek
拤	qxes	0	qxes
拭	uies	0	uies
拮	jpej	0	jpej
拶	zaex	0	zaex
拶	zjex	0	zjex
拷	kcez	0	kce
挈	qpxe	0	qpx
挎	kxez	0	kxe
挓	vaeg	0	vaeg
挚	viee	0	viee
挛	lrye	0	lrye
挝	woeo	0	woeo
挞	taeo	0	taeo
挦	xmen	0	xmen
挲	saoe	0	saoe
挲	sooe	0	sooe
挹	yiet	0	yiet
捃	jyej	0	jye
捋	lven	0	lve
捋	loen	0	loe
捌	baeo	0	baeo
捍	hjex	0	hjex
捎	ucer	0	ucer
捩	lpev	0	lpe
捭	bdeb	0	bdeb
捯	dceo	0	dceo
捶	iver	0	ive
捺	naeq	0	nae
捻	nmev	0	nmev
捽	zoeb	0	zoeb
掂	dmej	0	dmej
掇	doeg	0	doe
掊	pzej	0	pzej
掎	jien	0	jien
掖	yeex	0	yeex
掞	yjew	0	yjew
掣	iene	0	ien
掬	jueb	0	jueb
掭	tmev	0	tme
掮	qmer	0	qmer
掳	luek	0	luek
掴	gket	0	gket
掸	djes	0	djes
掼	greq	0	gre
掾	yrey	0	yrey
揄	yuee	0	yuee
揆	kvev	0	kve
揕	vfez	0	vfez
揖	yiem	0	yiem
揠	yaem	0	yaem
揩	kdel	0	kde
揳	xpev	0	xpev
揶	yeey	0	yeey
揸	vaer	0	vaer
揿	qbed	0	qbed
搀	ijed	0	ijed
搋	iked	0	iked
搌	vjel	0	vje
搐	iuea	0	iue
搒	bhel	0	bhe
搒	pgel	0	pgel
搔	scew	0	sce
搛	jmej	0	jmej
搠	uoer	0	uoe
搡	shea	0	she
搦	noeo	0	noeo
搪	thej	0	the
搴	qmse	0	qms
搽	iaef	0	iaef
摁	enev	0	ene
摅	uuev	0	uuev
摈	bbev	0	bbe
摏	isel	0	ise
摒	bkeq	0	bkeq
摛	iieo	0	iie
摞	loef	0	loef
摭	view	0	view
摴	iuez	0	iuez
摹	moqe	0	moqe
摽	bneq	0	bne
撂	lneg	0	lneg
撄	ykem	0	yke
撅	jted	0	jted
撖	hjeg	0	hjeg
撙	zyen	0	zye
撬	qneh	0	qne
撵	nmec	0	nmec
撷	xpeq	0	xpeq
撺	crey	0	crey
擂	lwea	0	lwe
擐	hreg	0	hre
擘	bote	0	bote
擞	szeg	0	sze
擢	voep	0	voep
擤	xken	0	xke
擿	tieo	0	tie
攉	hoep	0	hoe
攘	rheg	0	rhe
攥	zref	0	zre
攫	jteg	0	jteg
攮	nheg	0	nhe
攸	yzzg	0	yzzg
攽	bjvg	0	bjvg
敉	mibg	0	mibg
敔	yuqg	0	yuqg
敕	iigg	0	iig
敝	bivg	0	bivg
敩	xnsg	0	xnsg
敫	jnlg	0	jnl
斓	ljqg	0	ljqg
斛	huhb	0	huhb
斝	jxjb	0	jxj
斠	jnrb	0	jnrb
斡	wobb	0	wob
斫	vocf	0	voc
斶	iufw	0	iuf
旃	vjlb	0	vjl
旄	mclh	0	mclh
旆	pwlg	0	pwl
旌	jklx	0	jkl
旎	nilg	0	nilg
旐	vcln	0	vcl
旒	lqly	0	lql
旖	yiln	0	yiln
旞	svlo	0	svl
旮	gaha	0	gah
旯	laah	0	laa
旰	gjax	0	gjax
旴	xuax	0	xua
旵	ijau	0	ija
旸	yhax	0	yhax
旻	mbaq	0	mba
旿	wuab	0	wuab
昀	yyao	0	yyao
昃	zead	0	zea
昄	bjag	0	bjag
昇	ugaq	0	uga
昈	huat	0	huat
昉	fhal	0	fha
昒	huax	0	huax
昙	tjak	0	tjak
昝	zjga	0	zjg
昡	xraf	0	xra
昣	vfak	0	vfak
昤	lkav	0	lkav
昪	bmaq	0	bma
昫	xuaj	0	xuaj
昳	dpas	0	dpa
昴	mcai	0	mcai
昵	niag	0	nia
昶	ihna	0	ihn
昺	bkad	0	bkad
昽	lsak	0	lsa
晁	ican	0	ica
晅	xrar	0	xrar
晊	viah	0	viah
晐	gdad	0	gdad
晔	yeab	0	yeab
晗	hjaj	0	hjaj
晙	jyag	0	jya
晞	xiag	0	xiag
晡	bual	0	bua
晢	veea	0	veea
晤	wuaj	0	wuaj
晪	tmav	0	tmav
晫	voab	0	voa
晱	ujaw	0	ujaw
晷	gvaj	0	gvaj
暄	xrar	0	xrar
暅	ggar	0	gga
暌	kvav	0	kva
暕	jmag	0	jmag
暝	mkav	0	mkav
暧	aiag	0	aia
暲	vhab	0	vhab
暵	hjav	0	hjav
暶	xral	0	xral
暹	xmao	0	xmao
暾	tyag	0	tya
暿	xiaj	0	xiaj
曈	tsaw	0	tsaw
曌	vcas	0	vcas
曙	uuat	0	uuat
曛	xyat	0	xya
曩	nhag	0	nha
曳	yeak	0	yeak
曷	heal	0	heal
朏	fwru	0	fwru
朐	qurj	0	qur
朓	tnrn	0	tnr
朳	baav	0	baa
朸	liak	0	liak
杄	qmax	0	qma
杈	iaad	0	iaad
杌	wuan	0	wuan
杓	bnad	0	bnad
杕	diav	0	diav
杙	yiab	0	yiab
杧	mhaz	0	mha
杩	maan	0	maa
杪	mnak	0	mnak
杲	gcaa	0	gca
杳	ycaa	0	ycaa
杵	iuab	0	iuab
杷	paat	0	paa
杻	izap	0	izap
杻	nqap	0	nqa
杼	vuag	0	vuag
枅	jiaq	0	jiaq
枇	piag	0	piag
枋	fhal	0	fhal
枍	yiaz	0	yiaz
枘	rvad	0	rva
枞	csad	0	csa
枞	zsad	0	zsad
枥	liak	0	liak
枧	jmaq	0	jmaq
枨	igah	0	igah
枭	xnca	0	xnca
枰	pkab	0	pka
枲	xika	0	xika
枳	viav	0	viav
枵	xnaz	0	xnaz
枷	jxaj	0	jxaj
枸	gzaj	0	gzaj
枸	juaj	0	juaj
枹	bcat	0	bcat
柁	toag	0	toa
柃	lkav	0	lkav
柈	bjae	0	bjae
柊	vsad	0	vsa
柑	gjai	0	gjai
柒	qioa	0	qioa
柖	ucaj	0	ucaj
柘	veac	0	vea
柙	xxaa	0	xxaa
柝	toaf	0	toaf
柞	vaar	0	vaar
柞	zoar	0	zoar
柢	dian	0	dian
柩	jqag	0	jqa
柰	ndaq	0	nda
柷	vuan	0	vuan
柽	igap	0	igap
栀	viat	0	viat
栉	viay	0	viay
栊	lsak	0	lsak
栌	luat	0	luat
栎	liaj	0	liaj
栎	ytaj	0	ytaj
栐	ysan	0	ysa
栒	xyaa	0	xyaa
栝	gxaj	0	gxa
栟	bfaq	0	bfa
栩	xuan	0	xuan
栲	kcaz	0	kca
栳	lcag	0	lca
栴	vjab	0	vjab
栻	uias	0	uias
栾	lrya	0	lrya
桀	jpxa	0	jpxa
桁	hgax	0	hgax
桄	glan	0	gla
桅	wwat	0	wwat
桉	anam	0	anam
桊	jrma	0	jrma
桎	viah	0	viah
桕	jqal	0	jqal
桠	yaae	0	yaae
桡	rcah	0	rca
桤	qiat	0	qiat
桧	gvak	0	gvak
桧	hvak	0	hvak
桫	soak	0	soak
桯	tkat	0	tka
桲	boax	0	boax
桲	poax	0	poax
桴	fuax	0	fua
桷	jtah	0	jta
桹	lhaw	0	lhaw
梃	tkao	0	tkao
梆	bhay	0	bhay
梌	tuav	0	tua
梏	guaj	0	gua
梠	lvaj	0	lva
梣	ifav	0	ifav
梣	qbav	0	qba
梴	ijao	0	ijao
梼	tcan	0	tcan
梽	viav	0	viav
梾	ldak	0	lda
梿	lmao	0	lma
棁	voan	0	voan
棂	lkaw	0	lkaw
棐	fwxa	0	fwxa
棓	bwaj	0	bwaj
棣	diao	0	diao
棤	coaa	0	coa
棨	qita	0	qita
棪	yjaw	0	yjaw
棫	yuar	0	yuar
棬	qrat	0	qrat
棰	ivar	0	iva
棹	vcab	0	vcab
棻	ffqa	0	ffqa
棼	ffao	0	ffao
棽	ifav	0	ifav
棽	ufav	0	ufav
椀	wjat	0	wjat
椁	goax	0	goax
椆	izaj	0	izaj
椋	llaf	0	llaf
椐	juag	0	juag
椑	bwab	0	bwab
椓	voay	0	voay
椟	duav	0	duav
椠	qmca	0	qmca
椤	loax	0	loa
椪	pgae	0	pgae
椭	toar	0	toar
椴	draw	0	dra
椸	yiah	0	yiah
椹	ufaz	0	ufaz
椽	iray	0	ira
楂	vaar	0	vaar
楒	siav	0	siav
楔	xpav	0	xpav
楗	jmao	0	jmao
楙	mcaa	0	mcaa
楝	lmag	0	lmag
楞	lgal	0	lgal
楣	mwaa	0	mwaa
楦	xrar	0	xrar
楩	pmae	0	pma
楪	dpaa	0	dpaa
楫	jiam	0	jiam
楮	iuaa	0	iuaa
楯	uyaa	0	uyaa
楸	qqaw	0	qqa
楹	ykat	0	ykat
榃	tjaa	0	tjaa
榅	wfat	0	wfa
榇	ifaf	0	ifaf
榈	lvaj	0	lvaj
榉	juae	0	juae
榍	xpar	0	xpar
榑	fuan	0	fuan
榔	lhay	0	lhay
榖	gupw	0	gupw
榛	vfac	0	vfac
榧	fwax	0	fwa
榫	syab	0	sya
榭	xpan	0	xpan
榰	viaa	0	viaa
榱	cvar	0	cva
榷	qtap	0	qta
榻	taan	0	taa
槁	gcaj	0	gcaj
槃	pjca	0	pjc
槊	uova	0	uova
槌	ivao	0	ivao
槎	iaas	0	iaas
槔	gcab	0	gcab
槚	jxaq	0	jxaq
槜	zvan	0	zva
槟	bbav	0	bbav
槟	bkav	0	bkav
槠	vuaa	0	vuaa
槭	qiaf	0	qiaf
槱	yzaw	0	yzaw
槲	huab	0	huab
樗	iuaz	0	iuaz
樘	thap	0	tha
樨	xian	0	xian
樯	qlaj	0	qlaj
樵	qnaw	0	qnaw
樽	zyan	0	zya
樾	ytab	0	ytab
橄	gjag	0	gjag
橇	qnah	0	qnah
橐	tosa	0	tos
橑	lnaf	0	lna
橛	jtad	0	jtad
橞	hvav	0	hvav
橥	vuha	0	vuha
橦	tsaw	0	tsaw
橱	iuan	0	iuan
橹	luaa	0	luaa
橼	yray	0	yra
檄	xiag	0	xiag
檎	qbao	0	qbao
檑	lwaa	0	lwaa
檗	bota	0	bota
檞	jpan	0	jpan
檠	qkqa	0	qkqa
檩	lbaq	0	lba
檫	iaaq	0	iaaq
櫆	kvab	0	kvab
欂	boan	0	boan
欤	yurd	0	yur
欸	aikd	0	aik
欸	eikd	0	ei
欹	qivd	0	qivd
欻	xuwd	0	xuw
歃	uaxd	0	uax
歅	ybyd	0	ybyd
歆	xbed	0	xbe
歙	uedd	0	uedd
殁	moxw	0	mox
殂	cuxr	0	cux
殃	yhxv	0	yhx
殄	tmxk	0	tmxk
殆	ddxj	0	ddxj
殇	uhxx	0	uhx
殉	xyxa	0	xyxa
殍	pnxx	0	pnx
殒	yyxq	0	yyx
殓	lmxp	0	lmx
殚	djxs	0	djx
殛	jixr	0	jixr
殡	bbxv	0	bbx
殣	jbxx	0	jbx
殪	yixr	0	yixr
殳	uuww	0	uuww
殴	oulw	0	oulw
毂	gupw	0	gupw
毋	wull	0	wull
毌	grll	0	grll
毐	aipl	0	aipl
毖	bigv	0	bigv
毡	vjhj	0	vjh
毪	muhn	0	muh
毳	cvhh	0	cvh
毵	sjkh	0	sjkh
毹	uueh	0	uueh
毽	jmho	0	jmho
氅	ihfh	0	ihfh
氆	puha	0	puh
氇	luha	0	luh
氍	quah	0	quah
氐	dinn	0	dinn
氓	mhbm	0	mhbm
氕	ppuk	0	ppu
氖	ndun	0	ndu
氘	dcuy	0	dcu
氙	xmuu	0	xmuu
氚	iruy	0	iru
氡	dsud	0	dsud
氤	ybuv	0	ybuv
氦	hdud	0	hdu
氩	yaue	0	yaue
氪	keun	0	keun
氰	qkur	0	qkur
氲	yyut	0	yyu
氾	fjot	0	fjot
氿	jqoh	0	jqoh
汆	crdo	0	crd
汈	dnor	0	dnor
汊	iaod	0	iao
汋	vood	0	vood
汔	qioz	0	qioz
汕	ujou	0	ujo
汜	siot	0	siot
汧	qmoq	0	qmoq
汨	mioa	0	mioa
汩	guoa	0	guoa
汫	jkoj	0	jkoj
汭	rvod	0	rvo
汲	jios	0	jios
汴	bmos	0	bmo
沂	yiof	0	yiof
沄	yyok	0	yyo
沅	yron	0	yron
沆	hhod	0	hho
沇	yjon	0	yjon
沌	dyoz	0	dyo
沌	vroz	0	vro
沏	qioo	0	qioo
沓	daoa	0	dao
沓	taoa	0	tao
沔	mmoz	0	mmo
沘	biog	0	biog
沚	vioy	0	vioy
沣	fgox	0	fgox
沤	ouoe	0	ouo
沨	fgoe	0	fgoe
沩	wwok	0	wwok
沭	uuod	0	uuod
沱	toog	0	too
沺	tmoa	0	tmoa
泂	jsoj	0	jso
泃	juoj	0	juoj
泅	qqod	0	qqod
泇	jxoj	0	jxo
泐	leok	0	leo
泔	gjoi	0	gjoi
泖	mcoi	0	mco
泗	siot	0	siot
泙	pkob	0	pko
泚	ciog	0	ciog
泜	vion	0	vion
泞	nkon	0	nkon
泠	lkov	0	lkov
泫	xrof	0	xro
泮	pjoe	0	pjoe
泯	mbom	0	mbo
泱	yhov	0	yhov
泺	looj	0	looj
洄	hvoj	0	hvoj
洇	ybov	0	ybov
洈	wwot	0	wwot
洌	lpoo	0	lpoo
洎	jiol	0	jiol
洑	fuov	0	fuov
洓	qiog	0	qiog
洘	kcoz	0	kco
洙	vuos	0	vuos
洚	jloh	0	jloh
洢	yiok	0	yiok
洣	miob	0	miob
洧	wwor	0	wwor
洨	xnoe	0	xnoe
洫	xuot	0	xuot
洭	klot	0	klo
洮	tcon	0	tcon
洱	erom	0	erom
洳	ruoj	0	ruoj
洴	pkoq	0	pkoq
洵	xyoa	0	xyoa
洸	glon	0	glo
洹	hror	0	hror
洺	mkoj	0	mko
洿	wuoz	0	wuoz
浃	jxov	0	jxov
浈	vfoq	0	vfo
浉	uiog	0	uiog
浍	hvok	0	hvok
浐	ijok	0	ijo
浒	huob	0	huob
浒	xuob	0	xuob
浔	xyon	0	xyon
浕	jbod	0	jbod
浛	hjoj	0	hjoj
浜	bhov	0	bho
浞	vook	0	vook
浟	yzog	0	yzog
浠	xiog	0	xiog
浡	boox	0	boox
浣	hron	0	hron
浥	yiot	0	yiot
浬	liow	0	liow
浭	ggoe	0	ggo
浯	wuoj	0	wuoj
浰	lioe	0	lioe
浰	lmoe	0	lmo
浲	fgox	0	fgox
浼	mwox	0	mwo
涄	pkoz	0	pkoz
涍	xnox	0	xnox
涎	xmoo	0	xmoo
涐	eeob	0	eeo
涑	suog	0	suog
涓	jror	0	jro
涔	cfov	0	cfo
涘	sios	0	sios
涝	lcok	0	lco
涞	ldok	0	ldok
涟	lmoo	0	lmoo
涠	wwoe	0	wwoe
涢	yyoq	0	yyoq
涣	hrov	0	hrov
涤	diof	0	diof
涪	fuoj	0	fuoj
涫	groh	0	groh
涴	yrot	0	yrot
涸	heor	0	heor
涿	vooy	0	vooy
淄	zioa	0	zioa
淅	xiof	0	xiof
淆	xnor	0	xnor
淏	hcov	0	hcov
淖	ncob	0	nco
淙	csoq	0	cso
淜	pgor	0	pgo
淝	fwot	0	fwot
淞	ssok	0	ssok
淟	tmov	0	tmov
淠	pion	0	pio
淦	gjon	0	gjon
淬	cvob	0	cvo
淯	yuor	0	yuor
淴	huov	0	huov
渌	luoo	0	luoo
渎	duov	0	duov
渑	mmoa	0	mmoa
渟	tkon	0	tkon
渤	book	0	book
渥	wooh	0	wooh
渫	xpoa	0	xpoa
渰	yjoq	0	yjoq
渲	xror	0	xror
渼	mwov	0	mwov
湃	pdox	0	pdox
湄	mwoa	0	mwoa
湉	tmoj	0	tmoj
湍	trol	0	tro
湎	mmol	0	mmol
湑	xuor	0	xuor
湓	pfot	0	pfo
湔	jmoo	0	jmoo
湜	uiol	0	uiol
湝	jpol	0	jpol
湟	hlot	0	hlo
湣	mboa	0	mboa
湫	jnow	0	jnow
湫	qqow	0	qqow
湮	yjop	0	yjop
湲	yrog	0	yrog
湴	bjoe	0	bjo
溁	ykoa	0	yko
溆	xuog	0	xuog
溇	lzom	0	lzom
溉	gdon	0	gdo
溍	jboa	0	jboa
溏	thoj	0	thoj
溘	keot	0	keot
溚	daoj	0	daoj
溞	scow	0	sco
溟	mkov	0	mkov
溠	vaos	0	vaos
溥	puon	0	puon
溦	wwog	0	wwog
溧	lioa	0	lioa
溱	qboc	0	qboc
溲	szog	0	szo
溵	ybow	0	ybow
溷	hyoy	0	hyoy
溹	soof	0	soof
溺	nioo	0	nioo
溻	taon	0	taon
溽	ruon	0	ruon
滁	iuov	0	iuo
滂	phol	0	pho
滃	wgon	0	wgo
滆	geoh	0	geo
滉	hlon	0	hlon
滍	viow	0	viow
滏	fuon	0	fuon
滓	zioh	0	zioh
滗	bioh	0	bioh
滘	jnoj	0	jnoj
滟	yjot	0	yjot
滠	ueog	0	ueog
滢	ykot	0	ykot
滦	lroa	0	lro
滧	xnog	0	xnog
滪	yuoq	0	yuoq
滫	xqor	0	xqor
滹	huoy	0	huoy
漈	jioq	0	jioq
漉	luob	0	luob
漋	lsox	0	lsox
漓	lioo	0	lioo
漕	ccoa	0	cco
漖	jnog	0	jnog
漤	ljom	0	ljom
漦	iiso	0	iiso
漩	xrol	0	xrol
漪	yion	0	yion
漭	mhoq	0	mho
漯	loof	0	loof
漱	uuod	0	uuod
漴	isoq	0	isoq
漴	uloq	0	uloq
漶	hrov	0	hrov
漷	hooy	0	hooy
漹	yjow	0	yjow
漻	lnok	0	lno
漼	cvop	0	cvop
潆	ykof	0	ykof
潋	lmog	0	lmog
潍	wwop	0	wwop
潏	yuoj	0	yuoj
潖	paot	0	pao
潞	luog	0	luog
潟	xiow	0	xiow
潢	hloe	0	hloe
潦	lnof	0	lnof
潩	yiov	0	yiov
潲	ucor	0	ucor
潴	vuoa	0	vuoa
潵	saog	0	saog
潸	ujor	0	ujor
潺	ijox	0	ijox
潼	tsow	0	tsow
潽	puoa	0	puoa
潾	lboh	0	lboh
澂	igog	0	igog
澈	ieog	0	ieo
澉	gjog	0	gjog
澌	siof	0	siof
澍	uuon	0	uuon
澎	pgok	0	pgok
澛	luoa	0	luoa
澥	xpon	0	xpon
澧	lior	0	lior
澪	lkov	0	lkov
澭	ysop	0	ysop
澴	hrog	0	hrog
澶	ijor	0	ijor
澹	djom	0	djom
澹	tjom	0	tjom
澼	pioh	0	pioh
澽	juoy	0	juoy
濂	lmoj	0	lmoj
濉	svop	0	svo
濋	iuol	0	iuol
濒	bboq	0	bboq
濞	bion	0	bion
濠	hcoy	0	hcoy
濡	ruol	0	ruol
濩	hoog	0	hoog
濮	puom	0	puom
濯	voop	0	voop
瀌	bnow	0	bno
瀍	ijop	0	ijop
瀔	guow	0	guow
瀛	ykom	0	ykom
瀣	xpor	0	xpor
瀱	jioo	0	jioo
瀵	ffov	0	ffov
瀹	ytoq	0	yto
瀼	rhog	0	rho
灈	quop	0	quop
灏	hcoq	0	hcoq
灞	baor	0	bao
炀	yhwx	0	yhw
炅	gvaw	0	gvaw
炅	jsaw	0	jsa
炆	wfwq	0	wfwq
炊	ivwd	0	ivw
炌	kdwy	0	kdw
炔	qtwv	0	qtw
炘	xbwf	0	xbw
炙	vixw	0	vixw
炝	qlwt	0	qlw
炟	dawr	0	daw
炣	kewn	0	kew
炬	juwl	0	juwl
炯	jswj	0	js
炱	tdkw	0	tdkw
炷	vuwp	0	vuwp
炻	uiwc	0	uiw
炽	iiwv	0	iiw
烀	huwy	0	huwy
烃	tkws	0	tkws
烊	yhwb	0	yhwb
烔	tswj	0	tsw
烜	xrwr	0	xrwr
烝	vgzw	0	vgz
烠	hvwr	0	hvwr
烬	jbwd	0	jbw
烶	tkwo	0	tkwo
烺	lhww	0	lhw
烻	ujwo	0	ujwo
烽	fgwx	0	fgwx
焆	jrwr	0	jrw
焌	jywg	0	jyw
焌	quwg	0	quw
焐	wuwj	0	wuw
焓	hjwj	0	hjwj
焘	tcrw	0	tcr
焙	bwwj	0	bww
焜	kywg	0	kyw
焞	tywx	0	tyw
焱	yjww	0	yjww
煁	ifwz	0	ifw
煃	kvwp	0	kvw
煅	drww	0	drw
煊	xrwr	0	xrwr
煋	xkwx	0	xkw
煓	trwl	0	trw
煟	wwwr	0	wwwr
煦	xuaw	0	xuaw
煨	wwwl	0	wwwl
煳	huwr	0	huwr
煴	yywt	0	yyw
煸	bmwq	0	bmw
煺	tvwo	0	tvwo
熇	hewj	0	hew
熘	lqwa	0	lqw
熛	bnwq	0	bnw
熜	cswv	0	csw
熠	yiwl	0	yiwl
熥	tgwo	0	tgw
熨	yutw	0	yutw
熨	yytw	0	yyt
熹	xipw	0	xipw
熻	xiwn	0	xiwn
燊	ufwa	0	ufw
燋	jnww	0	jnw
燎	lnwf	0	lnw
燏	yuwj	0	yuwj
燔	fjwa	0	fjwa
燚	yiww	0	yiww
燠	yuwv	0	yuwv
燧	svwo	0	svw
燮	xpmg	0	xpmg
燹	xmyw	0	xmyw
爇	roqw	0	roq
爔	xiwz	0	xiwz
爚	ytwq	0	ytw
爝	jtwn	0	jtw
爟	grwp	0	grw
爨	crkw	0	crk
爰	yrbg	0	yrb
爻	ycee	0	ycee
爿	pjxx	0	pjx
牁	kexn	0	kex
牂	zhxb	0	zhxb
牍	duxv	0	duxv
牒	dpxa	0	dpx
牖	yzxl	0	yzx
牚	igsk	0	igsk
牝	pbng	0	pbn
牤	mhnz	0	mhn
牥	fhnl	0	fhn
牦	mcnh	0	mcn
牮	jmzn	0	jmzn
牯	gunr	0	gun
牻	mhnd	0	mhnd
牾	wunj	0	wunj
牿	gunj	0	gunj
犁	lien	0	lien
犄	jinn	0	jin
犇	bfnn	0	bfn
犊	dunv	0	dunv
犋	junv	0	junv
犍	jmno	0	jmno
犍	qmno	0	qmno
犏	pmnq	0	pmnq
犒	kcnj	0	kcnj
犟	jlzn	0	jlzn
犨	izpn	0	izp
犰	qqhh	0	qqh
犴	anhx	0	anh
犴	hjhx	0	hjh
犷	glhc	0	glhc
犸	mahn	0	mah
狁	yyhn	0	yyh
狃	nqhp	0	nqh
狈	bwhq	0	bwh
狉	pihr	0	pih
狍	pcht	0	pch
狎	xxha	0	xxha
狒	fwhk	0	fwh
狙	juhr	0	juh
狝	xmhf	0	xmhf
狞	nkhn	0	nkh
狨	rshb	0	rshb
狯	kkhk	0	kkh
狰	vghd	0	vgh
狲	syhf	0	syh
狳	yuhv	0	yuhv
狴	bihp	0	bih
狷	jrhr	0	jrh
狺	ybhm	0	ybh
狻	srhg	0	srh
猁	lihe	0	lihe
猃	xmhp	0	xmhp
猄	jkhf	0	jkhf
猇	xnhd	0	xnh
猊	nihn	0	nih
猕	mihf	0	mih
猖	ihha	0	ihh
猗	yihn	0	yihn
猝	cuhb	0	cuh
猞	uehj	0	ueh
猡	lohx	0	loh
猢	huhr	0	huhr
猥	wwhl	0	wwh
猬	wwhr	0	wwhr
猯	trhl	0	trh
猰	yahv	0	yah
猱	ncha	0	ncha
猷	yzvv	0	yzvv
猹	iahr	0	iah
猺	ychb	0	ychb
猾	hxhb	0	hxh
獍	jkhn	0	jkhn
獐	vhhb	0	vhhb
獒	aoxv	0	aoxv
獗	jthd	0	jthd
獠	lnhf	0	lnh
獬	xphn	0	xphn
獭	tahq	0	tah
獯	xyht	0	xyh
獴	mghy	0	mghy
獾	hrhp	0	hrh
玃	jthg	0	jthg
玎	dktn	0	dkt
玑	jitd	0	jitd
玒	hsts	0	hst
玓	ditd	0	dit
玕	gjtx	0	gjt
玘	qitt	0	qitt
玙	yutr	0	yutr
玚	yhtx	0	yht
玞	futv	0	futv
玟	wftq	0	wft
玠	jpty	0	jpty
玡	yatk	0	yat
玢	bbto	0	bbt
玢	ffto	0	fft
玤	bhtx	0	bht
玦	jttv	0	jtt
玭	pbtg	0	pbt
玱	qltt	0	qlt
玳	ddtb	0	ddt
玶	pktb	0	pktb
玷	dmtj	0	dmtj
玹	xrtf	0	xrtf
玼	citg	0	cit
玿	uctj	0	uct
珅	ufta	0	uft
珇	zutr	0	zut
珈	jxtj	0	jxt
珉	mbtm	0	mbt
珋	lqti	0	lqti
珌	bitv	0	bitv
珏	jttt	0	jttt
珐	fatk	0	fatk
珑	lstk	0	lstk
珒	jbtd	0	jbtd
珕	litk	0	litk
珖	gltn	0	glt
珙	gstv	0	gst
珛	xqtr	0	xqt
珝	xutn	0	xut
珞	lotg	0	lotg
珢	ybtw	0	ybt
珣	xyta	0	xyta
珥	ertm	0	ert
珦	xltq	0	xlt
珧	yctn	0	yctn
珩	hgtx	0	hgt
珪	gvtp	0	gvtp
珫	istn	0	ist
珰	dhtd	0	dht
珲	hytc	0	hyt
珵	igtt	0	igt
珷	wuty	0	wuty
珸	wutj	0	wutj
珹	igtz	0	igtz
珺	jytj	0	jyt
珽	tkto	0	tkt
琀	hjtj	0	hjt
琄	xrtr	0	xrtr
琇	xqtn	0	xqtn
琈	futx	0	futx
琊	yaty	0	yaty
琎	jbto	0	jbto
琏	lmto	0	lmt
琔	dmtl	0	dmtl
琚	jutg	0	jutg
琟	wwtp	0	wwtp
琡	iutg	0	iut
琤	igtd	0	igtd
琥	hutd	0	hutd
琨	kytg	0	kyt
琫	bgte	0	bgt
琬	wjtt	0	wjtt
琭	luto	0	luto
琮	cstq	0	cst
琯	grth	0	grt
琰	yjtw	0	yjtw
琲	bwtx	0	bwtx
琵	pitg	0	pitg
琶	patt	0	pat
瑀	yuto	0	yuto
瑁	mcta	0	mct
瑂	mwta	0	mwta
瑃	iyta	0	iyt
瑄	xrtr	0	xrtr
瑅	titl	0	titl
瑆	xktx	0	xkt
瑑	vrty	0	vrt
瑓	lmtg	0	lmtg
瑔	qrto	0	qrt
瑕	xxtg	0	xxt
瑖	drtw	0	drt
瑗	yrtg	0	yrt
瑙	nctq	0	nct
瑚	hutr	0	hutr
瑝	hltt	0	hlt
瑢	rstj	0	rst
瑧	vftc	0	vftc
瑨	jbta	0	jbta
瑬	lqot	0	lqot
瑭	thtj	0	tht
瑱	tmtv	0	tmt
瑳	cots	0	cot
瑷	aitg	0	ait
璀	cvtp	0	cvt
璁	cstv	0	cstv
璆	qqtk	0	qqt
璈	aotg	0	aot
璎	yktm	0	yktm
璒	dgtr	0	dgt
璘	lbth	0	lbth
璜	hlte	0	hlte
璞	putm	0	put
璟	jktf	0	jkt
璠	fjta	0	fjt
璥	jktg	0	jktg
璨	cjtb	0	cjt
璩	quty	0	quty
璪	zcta	0	zct
璬	jntg	0	jnt
璮	tjtr	0	tjt
璱	setv	0	setv
璲	svto	0	svto
璺	wfkt	0	wfk
瓀	rrtl	0	rrt
瓒	zjtq	0	zjt
瓖	xltg	0	xltg
瓘	grtp	0	grtp
瓞	dpbs	0	dpb
瓠	huvb	0	huvb
瓢	pnyb	0	pnyb
瓤	rhgb	0	rhg
瓮	wgvs	0	wgv
瓯	ouls	0	ouls
瓴	lkvs	0	lkvs
瓻	iies	0	iies
瓿	buhs	0	buh
甍	mgqs	0	mgqs
甏	bgps	0	bgp
甑	zgvs	0	zgvs
甓	pits	0	pits
甗	yjss	0	yjss
甡	ufkx	0	ufkx
甥	ugkk	0	ugkk
甦	surx	0	sur
甪	luke	0	luke
甬	yske	0	yske
甭	bgre	0	bgr
甯	nkse	0	nks
甾	zdya	0	zdy
畀	bian	0	bia
畈	fjag	0	fjag
畋	tmag	0	tmag
畎	qrav	0	qrav
畖	waab	0	waa
畚	bfka	0	bfk
畛	vfak	0	vfak
畤	vian	0	vian
畦	qiap	0	qiap
畬	yuda	0	yuda
畯	jyag	0	jyag
畲	ueda	0	ueda
畸	jian	0	jian
畹	wjat	0	wjat
畿	jifa	0	jifa
疁	lqak	0	lqak
疃	traw	0	tra
疍	djlr	0	djlr
疐	vibl	0	vibl
疔	dkcn	0	dkc
疖	jpcy	0	jpc
疙	gecz	0	gec
疚	jqcg	0	jqcg
疝	ujcu	0	ujc
疟	ntcr	0	ntc
疟	yccr	0	ycc
疠	licz	0	licz
疡	yhcx	0	yhcx
疢	ifcw	0	ifcw
疣	yzck	0	yzc
疥	jpcy	0	jpcy
疬	lick	0	lick
疭	zscd	0	zsc
疰	vucp	0	vuc
疱	pcct	0	pcct
疳	gjci	0	gjc
疴	kecn	0	kecn
疵	cicg	0	cicg
疸	djcr	0	djcr
疽	jucr	0	jucr
痂	jxcj	0	jxcj
痃	xrcf	0	xrcf
痄	vacr	0	vacr
痈	ysce	0	ysce
痉	jkcs	0	jkc
痊	qrct	0	qrc
痍	yich	0	yich
痓	iich	0	iich
痔	vicn	0	vicn
痞	picj	0	picj
痢	lice	0	lice
痤	cocp	0	cocp
痦	wucj	0	wucj
痧	uack	0	uack
痨	lcck	0	lcc
痪	hrcv	0	hrc
痫	xmca	0	xmc
痱	fwcx	0	fwcx
痹	bicn	0	bicn
痼	gucr	0	gucr
痿	wwcm	0	wwcm
瘁	cvcb	0	cvc
瘃	vucy	0	vucy
瘅	djcs	0	djcs
瘆	ufck	0	ufc
瘊	hzcs	0	hzcs
瘌	laco	0	lac
瘐	yucd	0	yucd
瘕	jxcg	0	jxcg
瘗	yicp	0	yicp
瘘	lzcm	0	lzc
瘙	sccw	0	scc
瘛	iicv	0	iicv
瘟	wfct	0	wfct
瘠	jicr	0	jicr
瘢	bjcw	0	bjcw
瘥	idcs	0	idc
瘩	dacj	0	dac
瘪	bpcg	0	bpc
瘭	bncq	0	bnc
瘰	locf	0	loc
瘳	izck	0	izck
瘴	vhcb	0	vhc
瘵	vdcq	0	vdc
瘸	qtcd	0	qtcd
瘼	mocq	0	mocq
瘿	ykcm	0	ykcm
癀	hlce	0	hlc
癃	lscx	0	lsc
癍	bjcq	0	bjcq
癔	yicv	0	yicv
癖	pich	0	pich
癗	lwca	0	lwca
癜	dmcw	0	dmcw
癞	ldcq	0	ldc
癫	dmcq	0	dmcq
癯	qucp	0	quc
癸	gvxv	0	gvx
癿	bplz	0	bpl
皈	gvlg	0	gvlg
皎	jnle	0	jnle
皑	ailt	0	ail
皕	birl	0	birl
皙	xial	0	xial
皛	xnll	0	xnll
皞	hclb	0	hclb
皤	pola	0	pola
皦	jnlg	0	jnlg
皭	jnln	0	jnln
皲	jysh	0	jysh
皴	cykh	0	cyk
皿	mbtt	0	mbtt
盂	yuxt	0	yuxt
盉	hect	0	hect
盍	hept	0	hept
盎	ahlt	0	ahl
盥	grkt	0	grk
盦	anvt	0	anv
盱	xuax	0	xuax
盷	tmao	0	tmao
盹	dyaz	0	dya
眄	mmaz	0	mmaz
眇	mnak	0	mnak
眈	djan	0	djan
眊	mcah	0	mcah
眍	kzae	0	kza
眙	yiaj	0	yiaj
眚	ugka	0	ugka
眢	yrxa	0	yrxa
眦	ziag	0	ziag
眩	xraf	0	xraf
眬	lsak	0	lsak
眭	svap	0	sva
眵	iiax	0	iiax
眶	klat	0	klat
眸	mzan	0	mza
眺	tnan	0	tna
睃	soag	0	soag
睄	ucar	0	ucar
睎	xiag	0	xiag
睐	ldak	0	ldak
睑	jmap	0	jmap
睚	yaap	0	yaap
睢	svap	0	svap
睥	piab	0	piab
睨	nian	0	nian
睫	jpad	0	jpad
睬	cdab	0	cdab
睽	kvav	0	kvav
睾	gckb	0	gckb
瞀	mcga	0	mcga
瞋	ifav	0	ifav
瞌	keat	0	keat
瞍	szag	0	sza
瞑	mkav	0	mkav
瞟	pnaq	0	pnaq
瞠	igap	0	igap
瞢	mgqa	0	mgqa
瞥	ppva	0	ppv
瞩	vuao	0	vuao
瞫	ufab	0	ufab
瞭	lnaf	0	lnaf
瞰	kjag	0	kjag
瞵	lbah	0	lbah
瞽	gupa	0	gupa
矍	jtag	0	jtag
矜	jbgv	0	jbgv
矞	yugj	0	yugj
矧	ufsy	0	ufsy
矬	cosp	0	cos
矰	zgsa	0	zgs
矸	gjcx	0	gjcx
矻	kucz	0	kuc
矼	ghcs	0	ghc
矾	fjcd	0	fjc
砀	dhcx	0	dhc
砄	jtcv	0	jtcv
砆	fucv	0	fucv
砉	hxxc	0	hxx
砑	yack	0	yack
砒	picg	0	picg
砗	iecc	0	iec
砘	dycz	0	dyc
砜	fgce	0	fgce
砝	fack	0	fac
砟	vacr	0	vacr
砠	jucr	0	jucr
砣	tocg	0	tocg
砥	dicn	0	dicn
砧	vfcj	0	vfcj
砫	vucp	0	vucp
砬	lach	0	lach
砭	bmcf	0	bmc
砮	numc	0	numc
砵	bocr	0	bocr
砷	ufca	0	ufca
砹	aice	0	aice
砺	lics	0	lics
砻	lskc	0	lskc
砼	tscs	0	tscs
砾	licj	0	licj
硁	kgcs	0	kgc
硇	nccq	0	ncc
硊	hvct	0	hvc
硌	gecg	0	gecg
硍	ybcw	0	ybcw
硎	xkco	0	xkc
硐	dscj	0	dscj
硔	gscv	0	gsc
硖	xxcv	0	xxcv
硗	qnch	0	qnc
硙	wwct	0	wwct
硚	qncy	0	qncy
硪	wocb	0	woc
硭	mhcz	0	mhcz
硼	pgcr	0	pgcr
硿	kscs	0	ksc
碃	qkcr	0	qkcr
碇	dkcl	0	dkcl
碈	hyca	0	hyc
碉	dncj	0	dnc
碏	qtca	0	qtca
碓	dvcp	0	dvc
碚	bwcj	0	bwcj
碛	qicq	0	qicq
碜	ifck	0	ifck
碡	vzcl	0	vzcl
碣	jpcl	0	jpcl
碥	bmcq	0	bmcq
碨	wwcl	0	wwcl
碲	dicg	0	dicg
碴	iacr	0	iac
碶	qicv	0	qicv
碹	xrcr	0	xrcr
磉	shca	0	shc
磋	cocs	0	cocs
磏	qmcj	0	qmcj
磐	pjcc	0	pjcc
磔	veca	0	veca
磙	gyck	0	gyc
磜	qicq	0	qicq
磡	kjck	0	kjc
磬	qkpc	0	qkp
磲	quca	0	quca
磴	dgcr	0	dgc
磹	tjcb	0	tjcb
磻	pjca	0	pjca
礅	dycg	0	dycg
礌	lwca	0	lwca
礓	jlcr	0	jlc
礞	mgcy	0	mgc
礴	bocn	0	bocn
礵	ulca	0	ulc
祃	mavn	0	mav
祆	xmvv	0	xmvv
祇	qivn	0	qivn
祉	vivy	0	vivy
祊	bgvl	0	bgv
祋	dvvw	0	dvvw
祎	yive	0	yive
祏	uivc	0	uivc
祓	fuvd	0	fuvd
祕	mivv	0	miv
祗	vivn	0	vivn
祚	zovr	0	zovr
祜	huvr	0	huvr
祟	svuq	0	svu
祢	mivf	0	mivf
祧	tnvn	0	tnv
祲	jbvg	0	jbvg
祼	grva	0	grva
祾	lkvg	0	lkvg
禊	xivv	0	xivv
禋	ybvp	0	ybvp
禒	xmvy	0	xmvy
禔	vivl	0	vivl
禘	divg	0	div
禚	vovw	0	vov
禛	vfvv	0	vfvv
禤	xrvn	0	xrvn
禳	rhvg	0	rhv
禺	yuao	0	yuao
秆	gjcx	0	gjcx
秕	bicg	0	bicg
秣	mocs	0	mocs
秧	yhcv	0	yhcv
秫	uucd	0	uucd
秬	jucl	0	jucl
秭	zick	0	zic
秸	jpcj	0	jpcj
秽	hvcx	0	hvcx
秾	nscg	0	nsc
稂	lhcw	0	lhcw
稃	fucx	0	fucx
稆	lvcj	0	lvc
稌	tucv	0	tucv
稑	lucp	0	lucp
稔	rfcv	0	rfc
稗	bdcb	0	bdc
稙	vicr	0	vicr
稞	keca	0	keca
稣	suyc	0	suyc
稷	jicg	0	jicg
稹	vfcv	0	vfcv
穄	jicq	0	jicq
穑	secj	0	sec
穙	pucm	0	puc
穜	tscw	0	tscw
穟	svco	0	svco
穰	rhcg	0	rhc
穸	xisx	0	xis
穹	qssz	0	qss
窀	vysz	0	vys
窅	ycsa	0	ycsa
窈	ycsk	0	ycsk
窊	wasb	0	was
窎	dnsc	0	dns
窕	tnsn	0	tns
窖	jnsj	0	jnsj
窠	kesa	0	kesa
窣	susb	0	susb
窨	ybse	0	ybse
窬	yuse	0	yuse
窭	jusm	0	jusm
窳	yusb	0	yusb
窸	xisv	0	xisv
窿	lssx	0	lss
竑	hshk	0	hsh
竘	quhj	0	quh
竣	jyhg	0	jyh
竦	sshg	0	ssh
竫	jkhd	0	jkhd
竺	vumr	0	vumr
竽	yumx	0	yumx
笄	jimq	0	jimq
笆	bamt	0	bamt
笈	jims	0	jims
笊	vcmb	0	vcmb
笏	humx	0	humx
笕	jmmq	0	jmmq
笞	iimj	0	iimj
笤	tnmj	0	tnmj
笥	simj	0	simj
笪	damr	0	damr
笫	zimk	0	zimk
笮	zemr	0	zem
笮	zomr	0	zom
笯	numg	0	numg
笱	gzmj	0	gzmj
笳	jxmj	0	jxmj
笸	pomj	0	pom
笺	jmmb	0	jmmb
笾	bmmo	0	bmm
筀	gvmp	0	gvmp
筅	xmmn	0	xmmn
筇	qsmy	0	qsm
筌	qrmt	0	qrmt
筏	famb	0	fam
筘	kzmj	0	kzm
筚	bimb	0	bimb
筜	dhmd	0	dhm
筝	vgmd	0	vgmd
筠	jymo	0	jym
筠	yymo	0	yymo
筢	pamt	0	pam
筤	lhmw	0	lhm
筥	jumj	0	jumj
筦	grmn	0	grmn
筮	uimd	0	uimd
筲	ucmr	0	ucm
筵	yjmo	0	yjmo
筶	gcmj	0	gcm
筻	ghme	0	ghm
筼	yymq	0	yymq
箅	bimn	0	bimn
箍	gumg	0	gumg
箐	qkmr	0	qkm
箓	lumo	0	lum
箔	boml	0	bom
箕	jimv	0	jimv
箖	lbma	0	lbm
箜	ksms	0	ksm
箢	yrmt	0	yrmt
箦	zemq	0	zemq
箧	qpmv	0	qpm
箨	tome	0	tom
箩	lomx	0	lom
箪	djms	0	djms
箫	xnmv	0	xnmv
箬	romj	0	romj
箴	vfmj	0	vfmj
箸	vuma	0	vuma
篁	hlmt	0	hlmt
篆	vrmy	0	vrm
篌	hzms	0	hzm
篑	kvmq	0	kvm
篓	lzmm	0	lzm
篙	gcmj	0	gcmj
篚	fwmx	0	fwmx
篝	gzmr	0	gzmr
篡	crmk	0	crm
篥	lima	0	lima
篦	bimg	0	bimg
篪	iimd	0	iimd
篯	jmmb	0	jmmb
篱	limo	0	limo
篼	dzmn	0	dzmn
篾	mpmd	0	mpm
簃	yimx	0	yimx
簉	zcmo	0	zcm
簋	gvmt	0	gvmt
簌	sumd	0	sumd
簏	lumb	0	lumb
簕	lemk	0	lem
簖	drmf	0	drm
簝	lnmf	0	lnmf
簟	dmmb	0	dmm
簠	fumt	0	fumt
簧	hlme	0	hlme
簪	zjma	0	zjm
簰	pdmb	0	pdm
簸	bomh	0	bomh
籀	vzma	0	vzma
籁	ldmq	0	ldm
籥	ytmq	0	ytm
籴	didb	0	did
籼	xmbu	0	xmbu
粑	babt	0	bab
粕	pobl	0	pob
粜	tnub	0	tnu
粝	libs	0	libs
粞	xiby	0	xiby
粢	ziob	0	ziob
粱	llob	0	llob
粲	cjxb	0	cjxb
粳	jkbe	0	jkbe
粼	lbbz	0	lbbz
粽	zsbq	0	zsb
粿	goba	0	gob
糁	sjbk	0	sjb
糁	ufbk	0	ufb
糅	rzba	0	rzb
糇	hzbs	0	hzb
糈	xubr	0	xubr
糌	zjba	0	zjb
糍	cibf	0	cib
糒	bwbe	0	bwbe
糗	qqbv	0	qqb
糜	mwcb	0	mwc
糜	micb	0	micb
糠	khbo	0	khbo
糨	jlbw	0	jlb
糵	npqb	0	npqb
紊	wfqf	0	wfqf
絜	jpxf	0	jpxf
絜	xpxf	0	xpx
絷	vief	0	vief
綦	qiif	0	qiif
綮	qktf	0	qkt
縠	hupw	0	hupw
縢	tgrf	0	tgrf
縻	micf	0	micf
繄	yilf	0	yilf
繇	yzbf	0	yzbf
纂	zrmf	0	zrm
纛	dcxf	0	dcx
纡	yufx	0	yufx
纣	vzfn	0	vzf
纥	hefz	0	hef
纨	wjfh	0	wjf
纩	klfc	0	klf
纫	rffd	0	rff
纭	yyfk	0	yyf
纮	hsfk	0	hsf
纰	pifg	0	pif
纴	rffp	0	rffp
纶	grfg	0	grf
纶	lyfg	0	lyf
纻	vufr	0	vuf
纼	vffy	0	vff
纾	uufg	0	uuf
绀	gjfi	0	gjf
绁	xpfz	0	xpf
绂	fufd	0	fufd
绉	vzfm	0	vzfm
绊	bjfe	0	bjf
绋	fufk	0	fufk
绌	iufu	0	iufu
绐	ddfj	0	ddf
绔	kufz	0	kuf
绖	dpfh	0	dpf
绗	hhfx	0	hhf
绚	xrfa	0	xrf
绛	jlfh	0	jlf
绠	ggfe	0	ggf
绡	xnfr	0	xnfr
绤	xifj	0	xifj
绦	tcff	0	tcf
绨	tifb	0	tifb
绯	fwfx	0	fwf
绱	uhfj	0	uhfj
绲	gyfg	0	gyf
绶	uzfg	0	uzf
绹	tcfb	0	tcfb
绺	lqfj	0	lqf
绻	qrft	0	qrf
绾	wjfh	0	wjfh
缁	zifa	0	zif
缂	kefi	0	kef
缃	xlfa	0	xlfa
缄	jmfj	0	jmfj
缈	mnfk	0	mnf
缉	jifm	0	jifm
缉	qifm	0	qifm
缊	yyft	0	yyft
缌	sifv	0	sifv
缎	drfw	0	drf
缐	xmfo	0	xmfo
缑	gzfs	0	gzf
缒	vvfo	0	vvfo
缗	mbfa	0	mbf
缙	jbfa	0	jbfa
缛	rufn	0	ruf
缜	vffv	0	vffv
缞	cvfr	0	cvf
缟	gcfj	0	gcf
缡	lifo	0	lif
缢	yift	0	yift
缣	jmfj	0	jmfj
缥	pnfq	0	pnf
缦	mjfg	0	mjf
缧	lwff	0	lwf
缨	ykfm	0	ykf
缪	mnfk	0	mnfk
缪	mqfk	0	mqf
缪	mzfk	0	mzf
缫	scfa	0	scf
缬	xpfq	0	xpfq
缭	lnff	0	lnf
缮	ujfj	0	ujf
缯	zgfa	0	zgfa
缰	jlfr	0	jlfr
缱	qmfo	0	qmfo
缲	qnfa	0	qnfa
缳	hrfg	0	hrfg
缵	zrfq	0	zrf
缶	fzbb	0	fzb
罂	ykqb	0	ykqb
罄	qkpb	0	qkpb
罅	xxby	0	xxb
罍	lwab	0	lwab
罔	whlz	0	whlz
罘	futd	0	futd
罟	gutr	0	gutr
罡	ghty	0	ght
罨	yjta	0	yjta
罱	ljtb	0	ljt
罴	pitw	0	pitw
罶	lqta	0	lqta
罹	litp	0	litp
罽	jito	0	jito
罾	zgta	0	zgt
羁	jitn	0	jitn
羑	yzmg	0	yzmg
羓	bamt	0	bamt
羔	gcmw	0	gcmw
羕	yhmn	0	yhmn
羖	gumw	0	gumw
羝	dimn	0	dimn
羟	qlms	0	qlms
羧	somg	0	som
羰	thmw	0	thmw
羱	yrmf	0	yrmf
羲	xidz	0	xid
羸	lwdb	0	lwd
羼	ijtb	0	ijtb
羿	yinq	0	yinq
翀	isny	0	isn
翂	ffno	0	ffn
翃	hsbn	0	hsb
翈	xxan	0	xxan
翊	yihn	0	yihn
翌	yinh	0	yinh
翎	lkvn	0	lkvn
翕	xidn	0	xidn
翙	hvun	0	hvu
翚	hvnc	0	hvn
翛	xnzn	0	xnz
翥	vukn	0	vukn
翦	jmvn	0	jmvn
翩	pmtn	0	pmtn
翮	hehn	0	heh
翯	henj	0	hen
翱	aoln	0	aol
翳	yiln	0	yiln
翷	lbbn	0	lbbn
翾	xrtn	0	xrtn
耄	mckh	0	mck
耆	qika	0	qika
耇	gzkj	0	gzk
耋	dpkh	0	dpk
耏	erlk	0	erl
耏	ndlk	0	ndlk
耑	drul	0	dru
耒	lwra	0	lwra
耔	zirx	0	zir
耖	icrk	0	icr
耘	yyrk	0	yyrk
耙	bart	0	bar
耙	part	0	par
耜	sirh	0	sirh
耠	horj	0	hor
耢	lcrk	0	lcr
耤	jira	0	jira
耥	thrj	0	thrj
耦	ouro	0	our
耧	lzrm	0	lzrm
耨	nzrn	0	nz
耩	jlrr	0	jlr
耪	phrl	0	phrl
耰	yzrg	0	yzr
耱	morc	0	morc
耵	dkmn	0	dkmn
耷	davm	0	davm
聃	djmr	0	djmr
聆	lkmv	0	lkmv
聍	nkmn	0	nkm
聒	gomj	0	gom
聩	kvmq	0	kvmq
聱	aoxm	0	aoxm
聿	yudd	0	yudd
肄	yigd	0	yigd
肓	hlbr	0	hlb
肟	worz	0	wor
肫	vyrz	0	vyr
肭	nard	0	nar
肮	ahrd	0	ahr
肱	gsrk	0	gsr
肴	ycer	0	ycer
肷	qmrd	0	qmr
肸	xirb	0	xirb
肼	jkrj	0	jkrj
胂	ufra	0	ufr
胄	vzar	0	vza
胈	bard	0	bard
胍	gxrb	0	gxr
胗	vfrk	0	vfrk
胙	zorr	0	zor
胛	jxra	0	jxra
胝	virn	0	virn
胠	qurk	0	qurk
胣	iirh	0	iirh
胥	xulr	0	xulr
胨	dsrc	0	dsr
胩	kars	0	kar
胪	lurt	0	lur
胫	jkrs	0	jkrs
胬	numd	0	numd
胭	yjrv	0	yjrv
胯	kxrz	0	kxr
胱	glrn	0	glr
胲	hdrd	0	hdr
胴	dsrj	0	dsrj
胼	pmrq	0	pmr
脍	kkrk	0	kkr
脎	sarf	0	sar
脒	mirb	0	mir
脔	lryd	0	lryd
脘	wjrn	0	wjrn
脞	corp	0	cor
脟	lprn	0	lpr
脩	xqzr	0	xqzr
脬	pcrx	0	pcr
脯	furl	0	furl
脯	purl	0	pur
脲	nnro	0	nnr
脶	lord	0	lor
脿	bnrg	0	bnr
腆	tmrv	0	tmr
腈	jkrr	0	jkrr
腋	yerx	0	yer
腑	furt	0	furt
腒	jurg	0	jurg
腘	gort	0	gor
腙	zsrq	0	zsr
腚	dkrl	0	dkr
腠	czrv	0	czr
腧	uure	0	uur
腨	urrl	0	urr
腩	njrb	0	njr
腭	eerz	0	eerz
腯	tura	0	tur
腱	jmro	0	jmr
腴	yurd	0	yurd
腼	mmrl	0	mmrl
腽	wart	0	war
膂	lvlr	0	lvlr
膈	gerh	0	gerh
膑	bbrv	0	bbr
膘	bnrq	0	bnrq
膙	jlrw	0	jlrw
膦	lbrh	0	lbr
膺	ykcr	0	ykcr
膻	djrr	0	djrr
膻	ujrr	0	ujrr
臃	ysrp	0	ysr
臆	yirv	0	yirv
臊	scra	0	scr
臌	gurg	0	gurg
臑	ncrl	0	ncrl
臜	zarq	0	zar
臬	npla	0	npl
臼	jqll	0	jqll
臾	yuld	0	yuld
舀	ycbl	0	ycbl
舁	yulq	0	yulq
舂	isml	0	ism
舄	xilw	0	xilw
舐	uixn	0	uixn
舛	irxh	0	irx
舠	dcco	0	dcco
舢	ujcu	0	ujcu
舣	yice	0	yice
舥	pact	0	pac
舫	fhcl	0	fhc
舭	bicg	0	bicg
舯	vscy	0	vsc
舲	lkcv	0	lkc
舳	vuca	0	vuca
舴	zecr	0	zecr
舷	xmcf	0	xmcf
舸	gecn	0	gecn
舻	luct	0	luct
舾	xicy	0	xicy
艄	uccr	0	uccr
艅	yucv	0	yucv
艉	wwch	0	wwch
艋	mgct	0	mgct
艎	hlct	0	hlct
艏	uzcl	0	uzcl
艚	ccca	0	ccc
艟	iscw	0	iscw
艨	mgcy	0	mgcy
艴	bokt	0	bokt
艽	jnqh	0	jnqh
艿	ndqn	0	ndq
芃	pgqd	0	pgqd
芄	wjqh	0	wjqh
芈	miye	0	miy
芊	qmqx	0	qmqx
芍	ucqd	0	ucq
芎	xsqz	0	xsq
芏	duqp	0	duqp
芑	qiqt	0	qiqt
芗	xlqf	0	xlqf
芘	biqg	0	biqg
芜	wuqa	0	wuqa
芟	ujqw	0	ujq
芠	wfqq	0	wfqq
芡	qmqd	0	qmqd
芣	fuqd	0	fuqd
芤	kzqz	0	kzq
芨	jiqs	0	jiqs
芩	qbqv	0	qbqv
芪	qiqn	0	qiqn
芫	yjqn	0	yjq
芫	yrqn	0	yrqn
芰	jiqg	0	jiqg
芴	wuqx	0	wuqx
芼	mcqh	0	mcqh
芾	fwqg	0	fwqg
芾	fuqg	0	fuqg
苁	csqd	0	csqd
苄	bmqs	0	bmqs
苇	wwqe	0	wwqe
苈	liqk	0	liqk
苉	piqn	0	piq
苊	eeqt	0	eeq
苋	xmqq	0	xmqq
苌	ihqh	0	ihq
苎	vuqr	0	vuqr
苒	rjqr	0	rjq
苕	ucqj	0	ucqj
苘	qkqj	0	qkqj
苜	muqa	0	muqa
苞	bcqt	0	bcqt
苠	mbqm	0	mbqm
苡	yiqo	0	yiqo
苣	juql	0	juql
苣	quql	0	quql
苤	ppqr	0	ppq
苧	nkqn	0	nkq
苫	ujqj	0	ujqj
苴	juqr	0	juqr
苻	fuqt	0	fuqt
苾	biqv	0	biqv
茀	fuqk	0	fuqk
茁	voqu	0	voqu
茆	mcqi	0	mcqi
茈	ciqg	0	ciqg
茈	ziqg	0	ziq
茉	moqs	0	moqs
茋	diqn	0	diqn
茌	iiqp	0	iiq
茏	lsqk	0	lsq
茑	nnqc	0	nnq
茓	xtqv	0	xtqv
茔	ykqp	0	ykqp
茕	qsqb	0	qsqb
茚	ybqi	0	ybqi
茛	gfqw	0	gfq
茝	idqm	0	idq
茧	jmqw	0	jmqw
茬	iaqp	0	iaqp
茭	jnqe	0	jnqe
茯	fuqv	0	fuqv
茳	jlqs	0	jlqs
茴	hvqj	0	hvqj
茸	rsqm	0	rsqm
茺	isqn	0	isq
茼	tsqj	0	tsq
茽	vsqy	0	vsq
荁	hrqr	0	hrq
荃	qrqt	0	qrq
荄	gdqd	0	gdqd
荇	xkqx	0	xkq
荏	rfqp	0	rfq
荑	tiqh	0	tiq
荑	yiqh	0	yiqh
荓	pkqq	0	pkqq
荖	lcqg	0	lcqg
荙	daqo	0	daq
荚	jxqv	0	jxqv
荛	rcqh	0	rcq
荜	biqb	0	biqb
荞	qnqy	0	qnq
荠	jiqy	0	jiqy
荠	qiqy	0	qiqy
荥	xkqo	0	xkqo
荥	ykqo	0	ykqo
荦	loqn	0	loqn
荧	ykqw	0	ykqw
荨	qmqn	0	qmqn
荨	xyqn	0	xyqn
荩	jbqd	0	jbq
荪	syqf	0	syq
荬	mdqv	0	mdq
荭	hsqs	0	hsq
荮	vzqn	0	vzq
荸	biqx	0	biqx
荻	diqw	0	diqw
荼	tuqv	0	tuq
荽	svqm	0	svq
莅	liqh	0	liqh
莆	puql	0	puql
莒	juqj	0	juqj
莘	ufqh	0	ufqh
莘	xbqh	0	xbqh
莙	jyqj	0	jyqj
莛	tkqo	0	tkq
莜	yzqg	0	yzq
莝	coqp	0	coq
莠	yzqn	0	yzqn
莨	lhqw	0	lhq
莨	llqw	0	llq
莩	fuqx	0	fuqx
莪	eeqb	0	eeqb
莰	kjqd	0	kjq
莳	uiqn	0	uiqn
莴	woqd	0	woq
莶	xmqp	0	xmqp
莸	yzqk	0	yzqk
莼	iyqz	0	iyq
莿	ciqo	0	ciqo
菀	wjqt	0	wjqt
菂	diqd	0	diqd
菉	luqo	0	luqo
菍	npqv	0	npqv
菏	heqn	0	heqn
菔	fuqg	0	fuqg
菖	ihqa	0	ihqa
菘	ssqk	0	ssq
菝	baqd	0	baqd
菟	tuqx	0	tuqx
菠	boqh	0	boqh
菡	hjql	0	hjq
菥	xiqf	0	xiqf
菪	dhqc	0	dhqc
菰	guqb	0	guqb
菹	zuqr	0	zuq
菼	tjqw	0	tjq
菽	uuqg	0	uuqg
萁	qiqv	0	qiqv
萆	biqb	0	biqb
萋	qiqm	0	qiqm
萏	djql	0	djq
萑	hrqp	0	hrqp
萘	ndqq	0	ndqq
萚	toqe	0	toq
萜	tpqj	0	tpqj
萣	dkql	0	dkq
萦	ykqf	0	ykqf
萩	qqqw	0	qqq
萳	njqb	0	njq
萸	yuqd	0	yuqd
萹	bmqq	0	bmqq
萼	eeqz	0	eeqz
葆	bcqa	0	bcqa
葎	lvqd	0	lvq
葑	fgqn	0	fgq
葖	tuqv	0	tuqv
葙	xlqa	0	xlqa
葚	rfqz	0	rfqz
葚	ufqz	0	ufqz
葜	qxqv	0	qxq
葩	paqt	0	paq
葭	jxqg	0	jxqg
葰	jyqg	0	jyqg
葰	soqg	0	soqg
葳	wwqm	0	wwqm
葴	vfqj	0	vfq
葶	tkqn	0	tkqn
葸	xiqv	0	xiqv
葺	qiqm	0	qiqm
蒄	grqn	0	grqn
蒇	ijqq	0	ijq
蒈	kdql	0	kdq
蒉	kvqq	0	kvqq
蒌	lzqm	0	lzq
蒎	pdqn	0	pdq
蒐	szqn	0	szq
蒗	lhqw	0	lhqw
蒟	juqj	0	juqj
蒡	bhql	0	bhq
蒨	qmqr	0	qmqr
蒯	kkqo	0	kkq
蒱	puql	0	puql
蒴	uoqr	0	uoq
蒹	jmqj	0	jmqj
蒺	jiqs	0	jiqs
蒻	roqo	0	roqo
蒽	enqv	0	enq
蓁	vfqc	0	vfqc
蓂	miqv	0	miq
蓇	guqb	0	guqb
蓊	wgqn	0	wgq
蓍	uiqa	0	uiqa
蓏	loqb	0	loqb
蓐	ruqn	0	ruqn
蓑	soqr	0	soqr
蓖	biqg	0	biqg
蓟	jiqo	0	jiqo
蓠	liqo	0	liqo
蓢	lhqr	0	lhqr
蓣	yuqq	0	yuqq
蓥	ykqn	0	ykqn
蓦	moqn	0	moqn
蓰	xiqd	0	xiqd
蓼	lnqk	0	lnq
蓿	xuql	0	xuql
蔀	buqy	0	buq
蔃	qlqw	0	qlq
蔈	pnqq	0	pnq
蔊	hjqx	0	hjqx
蔌	suqd	0	suq
蔗	veqw	0	veq
蔟	cuqs	0	cuq
蔫	nmqw	0	nmq
蔷	qlqj	0	qlqj
蔸	dzqn	0	dzq
蔹	lmqg	0	lmqg
蔺	lbqp	0	lbqp
蔻	kzqg	0	kzqg
蔼	aiql	0	aiql
蕃	boqa	0	boqa
蕈	xyqb	0	xyqb
蕖	quqa	0	quqa
蕗	luqg	0	luqg
蕞	zvqg	0	zvq
蕤	rvqx	0	rvqx
蕰	wfqt	0	wfqt
蕲	qiqf	0	qiqf
蕹	wgqp	0	wgqp
蕺	jiqd	0	jiqd
蕻	hsqv	0	hsqv
薁	aoqv	0	aoq
薅	hcqn	0	hcqn
薏	yiqv	0	yiqv
薜	biqh	0	biqh
薢	xpqn	0	xpq
薤	xpqr	0	xpqr
薨	hsqg	0	hsqg
薮	szqg	0	szqg
薳	wwqo	0	wwqo
薷	ruql	0	ruql
薸	pnqq	0	pnqq
薹	tdqh	0	tdqh
薿	niql	0	niq
藁	gcqa	0	gcq
藐	mnqn	0	mnqn
藓	xmqb	0	xmqb
藜	liqo	0	liqo
藟	lwqa	0	lwqa
藠	jnql	0	jnql
藦	moqe	0	moqe
藨	bnqw	0	bnq
藿	hoqp	0	hoqp
蘅	hgqv	0	hgq
蘑	moqc	0	moqc
蘖	npqa	0	npqa
蘘	rhqg	0	rhq
蘧	quqo	0	quqo
蘩	fjqf	0	fjqf
蘼	miqx	0	miqx
虒	sikd	0	sik
虓	xnhd	0	xnhd
虔	qmsq	0	qmsq
虢	gobd	0	gobd
虤	yjsd	0	yjsd
虬	qqwz	0	qqw
虮	jiwd	0	jiwd
虱	uizw	0	uizw
虷	gjwx	0	gjw
虷	hjwx	0	hjwx
虸	ziwx	0	ziw
虺	hvnw	0	hvnw
虻	mgwz	0	mgw
虼	gewz	0	gewz
虿	idrw	0	idr
蚄	fhwl	0	fhw
蚆	bawt	0	baw
蚋	rvwd	0	rvw
蚌	bhwx	0	bhw
蚌	bgwx	0	bgw
蚍	piwg	0	piw
蚓	ybwy	0	ybw
蚜	yawk	0	yaw
蚣	gswk	0	gsw
蚤	zcgw	0	zcgw
蚧	jpwy	0	jpw
蚨	fuwv	0	fuwv
蚩	iilw	0	iil
蚪	dzwb	0	dzw
蚬	xmwq	0	xmw
蚯	qqwe	0	qqwe
蚰	yzwa	0	yzw
蚱	vawr	0	vaw
蚲	pkwb	0	pkw
蚴	yzwk	0	yzwk
蚶	hjwi	0	hjwi
蚺	rjwr	0	rjwr
蛀	vuwp	0	vuwp
蛃	bkwd	0	bkwd
蛄	guwr	0	guw
蛆	quwr	0	quwr
蛉	lkwv	0	lkw
蛊	guwt	0	guwt
蛎	liws	0	liw
蛏	igwp	0	igw
蛐	quwy	0	quwy
蛑	mzwn	0	mzw
蛔	hvwj	0	hvwj
蛘	yhwb	0	yhwb
蛞	kowj	0	kow
蛟	jnwe	0	jnwe
蛩	qssw	0	qssw
蛭	viwh	0	viwh
蛰	veew	0	veew
蛱	jxwv	0	jxw
蛲	ncwh	0	ncw
蛳	siwg	0	siw
蛴	qiwy	0	qiw
蛸	ucwr	0	ucwr
蛸	xnwr	0	xnw
蛹	yswe	0	yswe
蜃	ufcw	0	ufcw
蜇	veew	0	veew
蜈	wuwv	0	wuwv
蜉	fuwx	0	fuwx
蜊	liwe	0	liwe
蜍	iuwv	0	iuw
蜎	yrwr	0	yrw
蜐	jpwk	0	jpwk
蜒	yjwo	0	yjwo
蜓	tkwo	0	tkwo
蜕	tvwn	0	tvwn
蜗	wowd	0	wow
蜚	fwxw	0	fwxw
蜞	qiwv	0	qiwv
蜢	mgwt	0	mgwt
蜣	qlwz	0	qlwz
蜩	tnwj	0	tnw
蜮	yuwr	0	yuwr
蜱	piwb	0	piwb
蜴	yiwx	0	yiwx
蜷	qrwt	0	qrw
蜻	qkwr	0	qkw
蜾	gowa	0	gow
蜿	wjwt	0	wjwt
蝈	gowt	0	gowt
蝌	kewb	0	kewb
蝎	xpwl	0	xpw
蝓	yuwe	0	yuwe
蝗	hlwt	0	hlwt
蝘	yjwm	0	yjwm
蝙	bmwq	0	bmwq
蝣	yzwx	0	yzwx
蝤	qqwy	0	qqwy
蝤	yzwy	0	yzwy
蝥	mcgw	0	mcgw
蝮	fuwg	0	fuwg
蝰	kvwp	0	kvwp
蝲	lawo	0	lawo
蝻	njwb	0	njw
蝼	lzwm	0	lzw
蝽	iywa	0	iyw
蝾	rswa	0	rswa
螂	lhwy	0	lhwy
螃	phwl	0	phw
螅	xiwv	0	xiwv
螈	yrwf	0	yrwf
螋	szwg	0	szw
螗	thwj	0	thw
螟	mkwv	0	mkw
螠	yiwt	0	yiwt
螣	tgrw	0	tgrw
螨	mjwd	0	mjw
螫	uipw	0	uipw
螬	ccwa	0	ccw
螭	iiwo	0	iiwo
螯	aoxw	0	aoxw
螱	wwtw	0	wwtw
螳	thwp	0	thwp
螵	pnwq	0	pnw
螽	vsgw	0	vsgw
蟀	ukwb	0	ukw
蟆	mawq	0	mawq
蟊	mcgw	0	mcgw
蟋	xiwv	0	xiwv
蟏	xnwv	0	xnwv
蟑	vhwb	0	vhw
蟒	mhwq	0	mhw
蟛	pgwk	0	pgw
蟠	pjwa	0	pjw
蟥	hlwe	0	hlwe
蟪	hvwv	0	hvwv
蟫	ybwb	0	ybwb
蟮	ujwj	0	ujwj
蟾	ijwm	0	ijwm
蠃	lodw	0	lod
蠊	lmwj	0	lmwj
蠋	vuww	0	vuww
蠓	mgwy	0	mgwy
蠕	ruwl	0	ruw
蠖	howg	0	howg
蠡	lidw	0	lidw
蠲	jrvw	0	jrv
蠹	dusw	0	dusw
蠼	quwg	0	quwg
衃	pwtd	0	pwt
衄	nvtp	0	nvt
衅	xbte	0	xbt
衎	kjxx	0	kjxx
衒	xrxf	0	xrx
衠	vyxv	0	vyx
衢	quxp	0	qux
衩	iavd	0	iavd
衮	gygk	0	gyg
衲	navd	0	nav
衽	rfvp	0	rfv
衾	qbvg	0	qbvg
衿	jbvv	0	jbvv
袂	mwvv	0	mwv
袄	aovv	0	aovv
袅	nncg	0	nnc
袆	hvve	0	hvve
袈	jxkg	0	jxkg
袒	tjvr	0	tjvr
袗	vfvk	0	vfvk
袢	pjve	0	pjve
袤	mcgk	0	mcgk
袪	quvk	0	quvk
袯	bovg	0	bov
袱	fuvv	0	fuvv
袷	qxvj	0	qxvj
袼	gevg	0	gev
裆	dhvd	0	dhv
裈	kyvc	0	kyvc
裉	kfvw	0	kfv
裎	igvt	0	igvt
裒	pzgl	0	pzg
裛	yigt	0	yigt
裟	uaog	0	uaog
裢	lmvo	0	lmvo
裣	lmvp	0	lmvp
裥	jmva	0	jmva
裨	bivb	0	bivb
裰	dovg	0	dovg
裱	bnvg	0	bnvg
裼	tivx	0	tivx
裼	xivx	0	xivx
裾	juvg	0	juvg
褂	gxvs	0	gxv
褊	bmvq	0	bmvq
褓	bcva	0	bcv
褕	yuve	0	yuve
褙	bwvr	0	bwvr
褛	lvvm	0	lvv
褟	tavn	0	tav
褡	davj	0	davj
褥	ruvn	0	ruv
褫	iivd	0	iiv
褯	jpvg	0	jpvg
褰	qmsg	0	qmsg
褴	ljvt	0	ljvt
褶	vevl	0	vev
襁	qlvw	0	qlv
襕	ljvg	0	ljvg
襚	svvo	0	svvo
襜	ijvm	0	ijvm
襞	bitg	0	bitg
襦	ruvl	0	ruvl
襫	uivd	0	uivd
襻	pjve	0	pjve
觃	yjqx	0	yjqx
觇	ijsq	0	ijsq
觊	jiuq	0	jiuq
觋	xisq	0	xisq
觌	dibq	0	dibq
觎	yueq	0	yueq
觏	gzrq	0	gzr
觐	jbiq	0	jbiq
觑	qusq	0	qus
觖	jthv	0	jthv
觚	guhb	0	guh
觜	ziyh	0	ziyh
觞	uhhx	0	uhh
觟	hxhp	0	hxhp
觥	gshn	0	gsh
觫	suhg	0	suh
觭	jihn	0	jih
觯	vihs	0	vihs
觱	bibh	0	bib
觳	hupw	0	hupw
觿	xihj	0	xih
訄	qqhm	0	qqhm
訇	hslm	0	hsl
訚	yblm	0	ybl
訾	ziym	0	ziym
詈	litm	0	litm
詟	vekm	0	vekm
誊	tgmm	0	tgm
謇	jmsm	0	jms
讣	fums	0	fums
讦	jpmx	0	jpmx
讧	hsms	0	hsm
讪	ujmu	0	ujmu
讫	qimz	0	qimz
讱	rfmd	0	rfmd
讴	oume	0	oum
讵	juml	0	juml
讹	eemg	0	eemg
讻	xsml	0	xsm
诂	gumr	0	gumr
诃	hemn	0	hem
诅	zumr	0	zum
诇	xsmj	0	xsmj
诋	dimn	0	dimn
诌	vzmm	0	vzmm
诎	qumu	0	qumu
诐	bimh	0	bimh
诒	yimj	0	yimj
诓	klmt	0	klmt
诔	lwma	0	lwma
诖	gxmp	0	gxm
诘	jpmj	0	jpmj
诙	hvmw	0	hvmw
诛	vums	0	vums
诜	ufmn	0	ufmn
诟	gzmj	0	gzmj
诠	qrmt	0	qrmt
诣	yima	0	yima
诤	vgmd	0	vgmd
诧	iamg	0	iamg
诨	hymc	0	hymc
诩	xumn	0	xumn
诮	qnmr	0	qnm
诰	gcmj	0	gcmj
诲	hvml	0	hvml
诳	klmt	0	klmt
诹	zzmg	0	zzmg
诼	vomy	0	vomy
诽	fwmx	0	fwmx
诿	wwmm	0	wwmm
谀	yumd	0	yumd
谂	ufmv	0	ufmv
谄	ijml	0	ijml
谆	vymx	0	vym
谇	svmb	0	svm
谌	ifmz	0	ifmz
谏	jmmg	0	jmmg
谑	xtmr	0	xtm
谒	yeml	0	yeml
谔	eemz	0	eemz
谕	yume	0	yume
谖	xrmg	0	xrmg
谗	ijmd	0	ijmd
谙	anme	0	anm
谚	yjmk	0	yjmk
谛	dimg	0	dimg
谝	pmmq	0	pmmq
谞	xumr	0	xumr
谟	momq	0	momq
谠	dhmn	0	dhmn
谡	sumg	0	sumg
谤	bhml	0	bhm
谧	mimt	0	mimt
谩	mjmg	0	mjmg
谪	vemr	0	vemr
谫	jmmo	0	jmmo
谮	zfma	0	zfm
谯	qnmw	0	qnmw
谰	ljmg	0	ljmg
谲	jtmj	0	jtmj
谳	yjmv	0	yjmv
谵	vjmm	0	vjm
谶	ifmr	0	ifmr
谼	hsvv	0	hsv
谿	xibj	0	xibj
豇	jlrs	0	jlrs
豌	wjrt	0	wjrt
豕	uiyy	0	uiyy
豚	tyry	0	tyry
豢	hrmy	0	hrm
豨	xiyg	0	xiyg
豮	ffyq	0	ffyq
豳	bbuy	0	bbu
豸	vdyy	0	vdy
豸	viyy	0	viyy
豺	idyn	0	idyn
貂	dnyj	0	dnyj
貅	xqya	0	xqy
貆	hryr	0	hry
貉	hcyg	0	hcy
貉	heyg	0	hey
貊	moyl	0	moyl
貔	piyg	0	piy
貘	moyq	0	moyq
贰	erbq	0	erb
贲	bfbq	0	bfb
贳	uiiq	0	uiiq
贶	klqn	0	klq
贻	yiqj	0	yiqj
贽	vieq	0	vieq
赀	ziyq	0	ziyq
赂	luqg	0	luqg
赃	zhqp	0	zhqp
赅	gdqd	0	gdqd
赆	jbqd	0	jbqd
赇	qqqd	0	qqqd
赈	vfql	0	vfql
赉	ldkq	0	ldk
赊	ueqq	0	ueqq
赍	jibq	0	jibq
赑	biqq	0	biqq
赒	vzqj	0	vzqj
赓	ggcq	0	ggcq
赕	djqw	0	djqw
赗	fgqa	0	fgqa
赘	vvxq	0	vvx
赙	fuqn	0	fuqn
赜	zemq	0	zemq
赝	yjcq	0	yjcq
赟	yyqq	0	yyqq
赡	ujqm	0	ujqm
赧	njpg	0	njp
赪	igpq	0	igpq
赭	vepa	0	vepa
赳	jqky	0	jqk
趄	jukr	0	jukr
趄	qpkr	0	qpk
趑	zikd	0	zik
趔	lpko	0	lpk
趯	tikp	0	tikp
趱	zjkq	0	zjk
趵	bckd	0	bckd
趸	dyrk	0	dyr
趺	fukv	0	fukv
趼	jmkq	0	jmkq
趿	taks	0	taks
跂	qikg	0	qikg
跄	qlkt	0	qlk
跆	tdkj	0	tdkj
跎	tokg	0	tok
跏	jxkj	0	jxkj
跐	cikg	0	cik
跖	vikc	0	vikc
跗	fukt	0	fukt
跚	ujkr	0	ujk
跛	bokh	0	bokh
跞	likj	0	likj
跣	xmkn	0	xmk
跤	jnke	0	jnke
跬	kvkp	0	kvk
跱	vikn	0	vikn
跶	dako	0	dak
跷	qnkh	0	qnkh
跸	bikb	0	bikb
跹	xmko	0	xmko
跺	doka	0	doka
跻	jiky	0	jiky
跽	jikv	0	jikv
踅	xtek	0	xte
踉	llkw	0	llkw
踊	yske	0	yske
踌	izkn	0	izk
踒	wokm	0	wok
踔	iokb	0	iok
踝	hkka	0	hkk
踞	jukg	0	jukg
踟	iikj	0	iik
踣	bokj	0	bokj
踦	yikn	0	yikn
踬	vikq	0	vikq
踮	dmkj	0	dmk
踯	viky	0	viky
踵	vskw	0	vsk
踶	dikl	0	dik
踺	jmko	0	jmko
踽	juko	0	juko
蹀	dpka	0	dpka
蹁	pmkq	0	pmk
蹂	rzka	0	rzk
蹅	iakr	0	iak
蹇	jmsk	0	jmsk
蹉	coks	0	cok
蹊	qikv	0	qikv
蹊	xikv	0	xikv
蹋	takn	0	takn
蹐	jikr	0	jikr
蹑	npkg	0	npk
蹒	pjkd	0	pjk
蹙	cubk	0	cubk
蹚	thkp	0	thkp
蹜	sukl	0	suk
蹢	dikr	0	dikr
蹩	bpvk	0	bpvk
蹯	fjka	0	fjka
蹰	iukn	0	iuk
蹴	cukk	0	cuk
蹶	jtkd	0	jtk
蹼	pukm	0	puk
蹽	lnkf	0	lnk
蹾	dykg	0	dykg
蹿	crky	0	crky
躅	vukw	0	vukw
躇	iuka	0	iuka
躏	lbkp	0	lbk
躐	lpkz	0	lpkz
躔	ijkp	0	ijk
躜	zrkq	0	zrk
躞	xpkg	0	xpkg
轪	ddcv	0	ddc
轫	rfcd	0	rfcd
轭	eect	0	eect
轱	gucr	0	gucr
轲	kecn	0	kecn
轳	luct	0	luct
轵	vicv	0	vicv
轶	yics	0	yics
轷	hucy	0	hucy
轸	vfck	0	vfck
轹	licj	0	licj
轺	yccj	0	yccj
轼	uics	0	uics
轾	vich	0	vich
辀	vzcc	0	vzcc
辁	qrct	0	qrct
辂	lucg	0	lucg
辄	vecz	0	vecz
辇	nmvc	0	nmvc
辊	gycg	0	gycg
辋	whcz	0	whc
辌	llcf	0	llcf
辍	iocg	0	ioc
辎	zica	0	zica
辏	czcv	0	czc
辒	wfct	0	wfct
辔	pwfj	0	pwf
辕	yrcg	0	yrcg
辗	vjcl	0	vjcl
辘	lucb	0	lucb
辙	vecg	0	vecg
辚	lbch	0	lbch
辿	ijuo	0	ijuo
迓	yako	0	yako
迕	wudo	0	wudo
迢	tnoo	0	tno
迤	yido	0	yido
迥	jslo	0	jslo
迨	ddko	0	ddko
迩	eroo	0	eroo
迮	zedo	0	zed
迳	jkso	0	jkso
迸	bgvo	0	bgvo
迺	ndyo	0	ndy
逄	phgo	0	phg
逅	hzko	0	hzko
逋	bulo	0	bul
逍	xnfo	0	xnfo
逑	qqro	0	qqro
逖	tiho	0	tih
逡	qyko	0	qyk
逦	lido	0	lido
逭	hrso	0	hrso
逯	ludo	0	ludo
逴	ioso	0	ios
逵	kvpo	0	kvp
逶	wwco	0	wwco
遁	dyko	0	dyko
遄	iruo	0	iruo
遆	tiso	0	tis
遐	xxzo	0	xxzo
遑	hllo	0	hllo
遒	qqvo	0	qqv
遘	gzro	0	gzro
遢	taao	0	taao
遨	aoxo	0	aoxo
遴	lbbo	0	lbbo
遹	yugo	0	yugo
遽	juso	0	juso
邂	xpho	0	xpho
邃	svso	0	svs
邈	mnyo	0	mny
邋	layo	0	lay
邕	ysyt	0	ysy
邗	hjxy	0	hjx
邘	yuxy	0	yuxy
邙	mhby	0	mhby
邛	qssy	0	qssy
邝	klcy	0	klcy
邠	bbvy	0	bbv
邡	fhly	0	fhly
邬	wucy	0	wucy
邯	hjiy	0	hji
邰	tdky	0	tdky
邲	bivy	0	bivy
邳	piry	0	piry
邴	bkry	0	bkry
邶	bwxy	0	bwxy
邸	diny	0	diny
邺	yeey	0	yeey
邽	gvpy	0	gvpy
邾	vusy	0	vusy
邿	uipy	0	uipy
郃	hedy	0	hedy
郄	qpey	0	qpe
郅	vihy	0	vihy
郇	hrly	0	hrl
郇	xyly	0	xyly
郈	hzky	0	hzky
郏	jxry	0	jxry
郐	kkdy	0	kkdy
郓	yysy	0	yys
郗	xiey	0	xiey
郚	wuqy	0	wuqy
郛	fuby	0	fuby
郜	gcny	0	gcny
郢	ykjy	0	ykjy
郤	xivy	0	xivy
郦	lidy	0	lidy
郧	yyjy	0	yyjy
郪	qiry	0	qiry
郫	pily	0	pily
郯	tjwy	0	tjw
郴	ifay	0	ifay
郸	djsy	0	djsy
郾	yjly	0	yjly
郿	mwty	0	mwty
鄀	roqy	0	roqy
鄃	uuey	0	uuey
鄄	jryy	0	jry
鄅	yuky	0	yuky
鄌	thcy	0	thcy
鄑	ziey	0	zie
鄗	hcky	0	hcky
鄘	yscy	0	yscy
鄚	mcqy	0	mcqy
鄜	fuby	0	fuby
鄞	ybiy	0	ybiy
鄠	huly	0	hul
鄢	yjry	0	yjry
鄣	vhey	0	vhey
鄫	zgvy	0	zgvy
鄯	ujby	0	ujby
鄱	poby	0	poby
鄹	zzmy	0	zzmy
酂	zjny	0	zjn
酃	lkly	0	lkly
酅	xiuy	0	xiuy
酆	fguy	0	fguy
酊	dkyn	0	dky
酋	qqvy	0	qqvy
酎	vzyn	0	vzyn
酏	yiyh	0	yiyh
酐	gjyx	0	gjy
酗	xuyl	0	xuyl
酝	yyyk	0	yyyk
酞	tdyv	0	tdy
酡	toyg	0	toyg
酢	zoyr	0	zoy
酣	hjyi	0	hjy
酤	guyr	0	guyr
酦	poyg	0	poy
酩	mkyj	0	mky
酰	xmyn	0	xmyn
酲	igyt	0	igyt
酴	tuyv	0	tuyv
酹	lwyn	0	lwy
酺	puyl	0	puy
酽	yjyk	0	yjy
酾	uiyd	0	uiyd
醅	pwyj	0	pwyj
醌	kyyg	0	kyy
醍	tiyl	0	tiy
醐	huyr	0	huy
醑	xuyr	0	xuyr
醚	miyo	0	miyo
醢	hdyt	0	hdy
醨	liyo	0	liyo
醪	lcyk	0	lcyk
醭	buym	0	buym
醮	jnyw	0	jnyw
醯	xiyt	0	xiyt
醴	liyr	0	liyr
醵	juyy	0	juy
醺	xyyt	0	xyyt
醾	miyb	0	miyb
釐	xisw	0	xisw
釜	fuvn	0	fuvn
銎	qssn	0	qssn
銮	lryn	0	lryn
鋆	yypn	0	yyp
鋈	wuon	0	wuon
錾	zjcn	0	zjcn
鍪	mzgn	0	mzg
鎏	lqon	0	lqon
鏊	aoxn	0	aoxn
鏖	aobn	0	aob
鐾	bwtn	0	bwtn
钆	ganz	0	ganz
钇	yinz	0	yinz
钋	pons	0	pons
钌	lnnx	0	lnn
钍	tunp	0	tun
钎	qmnx	0	qmnx
钏	irny	0	irn
钐	ujnk	0	ujn
钒	fjnd	0	fjn
钔	mfnl	0	mfn
钕	nvnm	0	nvn
钖	yhnx	0	yhn
钗	idnd	0	idn
钘	xknq	0	xkn
钚	bund	0	bun
钡	bwnq	0	bwn
钣	bjng	0	bjn
钤	qmnv	0	qmnv
钨	wunc	0	wunc
钪	khnd	0	khn
钫	fhnl	0	fhnl
钬	honw	0	hon
钭	dznb	0	dzn
钯	bant	0	ban
钲	vgny	0	vgny
钴	gunr	0	gunr
钷	ponj	0	ponj
钹	bond	0	bond
钺	ytnb	0	ytnb
钼	muna	0	muna
钽	tjnr	0	tjn
钿	dmna	0	dmn
铀	yzna	0	yzn
铄	uonj	0	uon
铆	mcni	0	mcni
铈	uing	0	uing
铉	xrnf	0	xrn
铊	tang	0	tan
铊	tong	0	tong
铋	binv	0	bin
铌	ning	0	nin
铍	pinh	0	pin
铏	xkno	0	xkno
铐	kcnz	0	kcnz
铑	lcng	0	lcn
铒	ernm	0	ernm
铕	yznr	0	yznr
铖	ignz	0	ign
铗	jxnv	0	jxnv
铘	yeny	0	yen
铙	ncnh	0	ncn
铚	vinh	0	vinh
铛	ignd	0	ignd
铛	dhnd	0	dhn
铞	dnng	0	dnng
铟	ybnv	0	ybnv
铠	kdnt	0	kdn
铡	vano	0	van
铢	vuns	0	vuns
铣	xinn	0	xinn
铤	tkno	0	tkn
铥	dqnk	0	dqn
铧	hxnb	0	hxn
铨	qrnt	0	qrn
铩	uanf	0	uan
铪	hanj	0	han
铫	dnnn	0	dnnn
铫	ycnn	0	ycnn
铯	sent	0	sen
铰	jnne	0	jnne
铱	ying	0	ying
铳	isnn	0	isnn
铴	thnx	0	thn
铵	annm	0	ann
铷	runj	0	run
铹	lcnk	0	lcnk
铻	wunj	0	wunj
铼	ldnk	0	ldn
铽	tenv	0	ten
铿	kgnp	0	kgn
锃	zgnt	0	zgn
锄	iunk	0	iun
锆	gcnj	0	gcnj
锇	eenb	0	een
锉	conp	0	con
锊	ltnn	0	ltn
锍	lqny	0	lqn
锎	kdnq	0	kdnq
锏	jmna	0	jmna
锑	tinb	0	tin
锒	lhnw	0	lhn
锓	qbng	0	qbng
锔	junj	0	junj
锕	aann	0	aan
锖	qlnr	0	qln
锗	vena	0	ven
锘	nonj	0	non
锚	mcna	0	mcna
锛	bfnq	0	bfnq
锜	qinn	0	qinn
锝	denn	0	den
锞	kena	0	ken
锟	kyng	0	kyn
锢	gunr	0	gunr
锧	vinq	0	vinq
锨	xmnd	0	xmn
锩	jrnt	0	jrn
锪	honv	0	honv
锫	pwnj	0	pwn
锬	tjnw	0	tjnw
锭	dknl	0	dknl
锱	zina	0	zin
锲	qpnv	0	qpn
锳	yknv	0	yknv
锴	kdnl	0	kdnl
锵	qlnn	0	qlnn
锶	sinv	0	sin
锷	eenz	0	eenz
锸	ianl	0	ian
锹	qnnw	0	qnn
锺	vsnw	0	vsnw
锼	szng	0	szn
锽	hlnt	0	hln
锾	hrng	0	hrn
锿	ainj	0	ain
镂	lznm	0	lzn
镃	zinf	0	zinf
镄	fwnq	0	fwn
镅	mwna	0	mwna
镆	monq	0	mon
镈	bonn	0	bonn
镉	genh	0	genh
镊	npng	0	npng
镋	thnn	0	thnn
镌	jrnn	0	jrnn
镎	nane	0	nane
镏	lqna	0	lqna
镐	gcnj	0	gcnj
镒	yint	0	yint
镓	jxny	0	jxny
镔	bbnv	0	bbn
镕	rsnj	0	rsn
镖	bnnq	0	bnn
镗	thnp	0	thnp
镘	mjng	0	mjn
镚	bgnr	0	bgn
镛	ysne	0	ysne
镝	dinr	0	dinr
镞	zuns	0	zun
镠	lqnk	0	lqnk
镡	ijnb	0	ijnb
镡	tjnb	0	tjnb
镢	jtnd	0	jtn
镣	lnnf	0	lnnf
镤	punm	0	punm
镥	luna	0	luna
镦	dyng	0	dyng
镧	ljng	0	ljn
镨	puna	0	puna
镩	crny	0	crn
镪	qlnw	0	qlnw
镫	dgnr	0	dgn
镬	hong	0	hong
镭	lwna	0	lwn
镮	hrng	0	hrng
镯	vonw	0	vonw
镱	yinv	0	yinv
镲	ianq	0	ianq
镳	bnnw	0	bnnw
镴	lanz	0	lan
镵	ijnx	0	ijnx
闩	urlr	0	url
闰	rylt	0	ryl
闱	wwle	0	wwl
闳	hslk	0	hslk
闶	khld	0	khl
闼	talo	0	tal
闾	lvlj	0	lvlj
闿	kdlt	0	kdl
阂	held	0	hel
阃	kyla	0	kyla
阄	jqla	0	jqla
阆	lhlw	0	lhl
阇	dula	0	dul
阇	uela	0	uel
阈	yulr	0	yulr
阉	yjla	0	yjla
阊	ihla	0	ihl
阋	xiln	0	xiln
阌	wflg	0	wflg
阍	hyla	0	hyl
阏	yjld	0	yjld
阑	ljlg	0	ljl
阒	qulv	0	qulv
阕	qtlv	0	qtl
阖	helt	0	helt
阗	tmlv	0	tml
阘	taln	0	taln
阙	qtld	0	qtld
阚	kjlg	0	kjl
阡	qmyx	0	qmy
阱	jkyj	0	jkyj
阼	zoyr	0	zoyr
阽	dmyj	0	dmy
陂	piyh	0	piyh
陉	xkys	0	xkys
陎	uuys	0	uuy
陑	eryl	0	ery
陔	gdyd	0	gdy
陛	biyp	0	biyp
陞	ugyp	0	ugy
陟	viyk	0	viyk
陧	npyp	0	npy
陬	zzyg	0	zzy
陲	ivyr	0	ivy
陴	piyb	0	piyb
隃	uuye	0	uuye
隈	wwyl	0	wwyl
隍	hlyt	0	hlyt
隗	wwyn	0	wwyn
隘	aiyt	0	aiy
隩	aoyv	0	aoyv
隰	xiyw	0	xiyw
隳	hvyv	0	hvyv
隹	vvpp	0	vvp
隺	hesp	0	hesp
隼	sypb	0	syp
隽	jrpn	0	jrp
雉	visp	0	visp
雊	gzlp	0	gzlp
雎	jurp	0	jurp
雒	logp	0	log
雠	izpp	0	izpp
雩	yulz	0	yulz
雱	phll	0	phl
雳	lilk	0	lil
雹	bclt	0	bclt
霁	jily	0	jil
霅	valm	0	valm
霈	pwlg	0	pwlg
霏	fwlx	0	fwlx
霓	niln	0	niln
霨	wwln	0	wwln
霪	yblp	0	yblp
霭	aill	0	aill
霰	xmlg	0	xmlg
霹	pilh	0	pilh
靛	dmxl	0	dmx
靡	micx	0	micx
靥	yecl	0	yec
靬	qmix	0	qmi
靰	wuin	0	wui
靸	sais	0	sai
靺	mois	0	moi
靼	dair	0	dai
靽	bjie	0	bji
靿	ycik	0	yci
鞁	bwih	0	bwi
鞅	yhiv	0	yhi
鞑	daio	0	daio
鞒	qniy	0	qni
鞔	mjix	0	mji
鞘	qnir	0	qnir
鞘	ucir	0	uci
鞡	laih	0	lai
鞣	rzia	0	rzi
鞧	qqiy	0	qqiy
鞨	heil	0	hei
鞫	juim	0	juim
鞬	jmio	0	jmi
鞮	diil	0	dii
鞯	jmix	0	jmix
鞲	gzir	0	gzi
鞳	taij	0	tai
鞴	bwie	0	bwie
韂	ijim	0	iji
韨	fued	0	fued
韪	wwae	0	wwae
韫	yyet	0	yyet
韭	jqxr	0	jqx
顸	hjxq	0	hjxq
顼	xutq	0	xutq
颀	qifq	0	qifq
颃	hhbq	0	hhb
颉	jppq	0	jppq
颉	xppq	0	xpp
颋	tkpq	0	tkpq
颍	ykgq	0	ykgq
颎	jsgq	0	jsg
颏	kebq	0	kebq
颔	hjvq	0	hjvq
颙	ysaq	0	ysaq
颚	eejq	0	eejq
颛	vruq	0	vru
颞	npmq	0	npmq
颟	mjqq	0	mjqq
颡	shgq	0	shg
颢	hcaq	0	hcaq
颥	rulq	0	rul
颦	pbyb	0	pbyb
颧	qrqq	0	qrqq
飏	yhdx	0	yhd
飐	vjdj	0	vjd
飑	bndt	0	bnd
飒	sahe	0	sah
飓	judv	0	jud
飔	sidv	0	sid
飕	szdg	0	szd
飗	lqda	0	lqd
飧	syxw	0	syx
飨	xlfw	0	xlfw
餍	yjcw	0	yjcw
餮	tpxw	0	tpx
饔	ysbw	0	ysbw
饕	tcjw	0	tcjw
饧	xkgx	0	xkg
饨	tygz	0	tyg
饩	xigu	0	xigu
饪	rfgp	0	rfg
饫	yugv	0	yugv
饬	iigk	0	iigk
饯	jmgb	0	jmgb
饳	dogu	0	dogu
饴	yigj	0	yigj
饷	xlgq	0	xlgq
饸	hegj	0	heg
饹	gegg	0	gegg
饹	legg	0	leg
饻	xigg	0	xigg
饽	bogx	0	bogx
馁	nwgm	0	nwg
馃	goga	0	goga
馄	hygg	0	hyg
馇	iagr	0	iagr
馇	vagr	0	vag
馉	gugb	0	gug
馊	szgg	0	szg
馌	yegt	0	yeg
馏	lqga	0	lqg
馐	xqgp	0	xqg
馑	jbgx	0	jbgx
馒	mjgg	0	mjgg
馓	sjgg	0	sjg
馔	vrgv	0	vrg
馕	nhgg	0	nhg
馗	kvhl	0	kvh
馘	govr	0	gov
馝	bicv	0	bicv
馞	bocx	0	bocx
馥	fucg	0	fucg
馧	yyct	0	yyc
驮	donv	0	donv
驮	tonv	0	tonv
驲	rina	0	rin
驵	zhnr	0	zhn
驷	sint	0	sint
驸	funt	0	fun
驺	zznm	0	zzn
驽	numn	0	numn
骀	ddnj	0	ddn
骀	tdnj	0	tdnj
骃	ybnv	0	ybnv
骅	hxnb	0	hxnb
骈	pmnq	0	pmnq
骉	bnnn	0	bnnn
骊	lind	0	lind
骋	ignz	0	ignz
骍	xknh	0	xknh
骎	qbng	0	qbng
骐	qinv	0	qinv
骒	kena	0	kena
骓	vvnp	0	vvnp
骕	sunv	0	sun
骖	cjnk	0	cjn
骘	viyn	0	viyn
骙	kvnv	0	kvnv
骛	wugn	0	wugn
骜	aoxn	0	aoxn
骝	lqna	0	lqna
骞	qmsn	0	qmsn
骟	ujnn	0	ujnn
骠	bnnq	0	bnnq
骠	pnnq	0	pnn
骡	lonf	0	lonf
骢	csnv	0	csn
骣	ijnx	0	ijnx
骥	jinv	0	jinv
骦	ulna	0	uln
骧	xlng	0	xlng
骰	tzbw	0	tzb
骱	jpby	0	jpby
骶	dibn	0	dibn
骷	kubr	0	kub
骸	hdbd	0	hdbd
骺	hzbj	0	hzbj
骼	gebg	0	gebg
髀	bibb	0	bibb
髁	keba	0	keba
髂	qxbg	0	qxb
髃	yubo	0	yubo
髅	lzbm	0	lzbm
髌	bbbv	0	bbb
髎	lnbk	0	lnbk
髑	dubw	0	dub
髡	kyrn	0	kyr
髢	dirh	0	dir
髦	mcrh	0	mcr
髫	tnrj	0	tnrj
髭	zirg	0	zirg
髯	rjrr	0	rjr
髹	xqra	0	xqr
髻	jirj	0	jirj
髽	vxrp	0	vxr
鬃	zsrq	0	zsrq
鬈	qrrt	0	qrr
鬏	jqrw	0	jqrw
鬒	vfrv	0	vfrv
鬓	bbrv	0	bbrv
鬘	mjrg	0	mjr
鬟	hrrg	0	hrrg
鬣	lprz	0	lprz
鬯	iheg	0	ihe
鬲	gehh	0	geh
鬲	lihh	0	lihh
鬶	gvvh	0	gvvh
鬷	zshg	0	zsh
鬻	yuzh	0	yuzh
魃	band	0	band
魆	xunb	0	xun
魇	yjcn	0	yjcn
魈	xnnr	0	xnnr
魉	llnd	0	lln
魋	tvnp	0	tvn
魍	whnz	0	whn
魑	iino	0	iino
鱽	dcyo	0	dcy
鱾	jiyt	0	jiyt
鱿	yzyk	0	yzyk
鲀	tyyz	0	tyy
鲂	fhyl	0	fhyl
鲃	bayt	0	bay
鲅	bayd	0	bayd
鲆	pkyb	0	pky
鲇	nmyj	0	nmy
鲉	yzya	0	yzya
鲊	vayr	0	vay
鲋	fuyt	0	fuyt
鲌	boyl	0	boy
鲎	hzsy	0	hzs
鲏	piyh	0	piyh
鲐	tdyj	0	tdyj
鲑	gvyp	0	gvyp
鲒	jpyj	0	jpyj
鲔	wwyr	0	wwyr
鲕	eryl	0	eryl
鲖	tsyj	0	tsyj
鲗	zwyo	0	zwy
鲘	hzyj	0	hzy
鲙	kkyk	0	kky
鲚	jiyy	0	jiyy
鲛	jnye	0	jnye
鲝	vamy	0	vamy
鲞	xlmy	0	xlmy
鲟	xyyn	0	xyyn
鲠	ggye	0	ggy
鲡	liyd	0	liyd
鲢	lmyo	0	lmyo
鲣	jmyp	0	jmy
鲥	uiyn	0	uiyn
鲦	tnyf	0	tny
鲧	gyyf	0	gyy
鲩	hryn	0	hryn
鲪	jyyj	0	jyy
鲫	jiyy	0	jiyy
鲬	ysye	0	ysye
鲭	qkyr	0	qky
鲮	lkyg	0	lkyg
鲯	qiyv	0	qiyv
鲰	zzyg	0	zzyg
鲱	fwyx	0	fwy
鲲	kyyg	0	kyyg
鲳	ihya	0	ihya
鲴	guyr	0	guyr
鲵	niyn	0	niy
鲹	ufyk	0	ufy
鲺	uiyw	0	uiyw
鲻	ziya	0	ziya
鲼	ffyq	0	ffyq
鲽	dpya	0	dpy
鲾	biya	0	biya
鲿	ihyk	0	ihyk
鳀	tiyl	0	tiyl
鳁	wfyt	0	wfy
鳂	wwyl	0	wwyl
鳃	sdyv	0	sdy
鳅	qqyw	0	qqy
鳇	hlyt	0	hlyt
鳈	qryo	0	qryo
鳉	jlyn	0	jlyn
鳊	bmyq	0	bmy
鳌	aoxy	0	aoxy
鳎	tayn	0	tay
鳏	gryd	0	gry
鳐	ycyb	0	ycyb
鳑	phyl	0	phyl
鳒	jmyj	0	jmyj
鳓	leyk	0	ley
鳔	bnyq	0	bny
鳕	xtyd	0	xty
鳖	bpvy	0	bpvy
鳘	mbdy	0	mbdy
鳙	ysye	0	ysye
鳚	wwyn	0	wwyn
鳛	xiyl	0	xiyl
鳜	gvyd	0	gvyd
鳟	zyyn	0	zyy
鳠	huyg	0	huyg
鳡	gjyv	0	gjyv
鳢	liyr	0	liyr
鳣	vjyr	0	vjy
鳤	gryh	0	gryh
鸠	jqhc	0	jqhc
鸢	yrbc	0	yrbc
鸤	uitc	0	uitc
鸧	chdc	0	chdc
鸨	bcgc	0	bcgc
鸩	vfsc	0	vfsc
鸪	gurc	0	gurc
鸫	dscc	0	dscc
鸬	lusc	0	lusc
鸮	xnjc	0	xnjc
鸯	yhlc	0	yhlc
鸰	lkvc	0	lkvc
鸱	iinc	0	iinc
鸲	qulc	0	qulc
鸳	yrxc	0	yrxc
鸵	tocg	0	tocg
鸶	sifc	0	sifc
鸷	viec	0	viec
鸸	erlc	0	erlc
鸹	gxxc	0	gxxc
鸺	xqzc	0	xqzc
鸻	hgxc	0	hgxc
鸼	vzcc	0	vzcc
鸾	lryc	0	lryc
鹀	wusc	0	wusc
鹁	bobc	0	bobc
鹂	lidc	0	lidc
鹃	jrjc	0	jrj
鹄	gunc	0	gunc
鹄	hunc	0	hun
鹆	yuvc	0	yuvc
鹇	xmlc	0	xmlc
鹈	tibc	0	tibc
鹉	wurc	0	wurc
鹊	qtic	0	qti
鹋	mnqc	0	mnqc
鹌	anvc	0	anvc
鹍	kyac	0	kyac
鹎	bwlc	0	bwlc
鹐	qmoc	0	qmoc
鹑	iykc	0	iyk
鹒	ggcc	0	ggcc
鹔	sudc	0	sudc
鹕	hurc	0	hurc
鹖	heac	0	heac
鹗	eejc	0	eejc
鹘	gubc	0	gubc
鹘	hubc	0	hubc
鹙	qqcc	0	qqcc
鹚	civc	0	civc
鹛	mwtc	0	mwtc
鹜	wugc	0	wugc
鹝	yihc	0	yihc
鹞	ycbc	0	ycbc
鹟	wgvc	0	wgvc
鹠	lqxc	0	lqxc
鹡	jioc	0	jioc
鹢	yivc	0	yivc
鹣	jmjc	0	jmjc
鹦	ykqc	0	ykqc
鹧	vecc	0	vecc
鹨	lqnc	0	lqnc
鹩	lnvc	0	lnvc
鹪	jnpc	0	jnpc
鹫	jqkc	0	jqkc
鹬	yugc	0	yugc
鹮	hrtc	0	hrtc
鹯	vjbc	0	vjbc
鹱	hucg	0	hucg
鹲	mgqc	0	mgqc
鹳	grqc	0	grqc
鹴	ullc	0	ullc
鹾	coss	0	coss
麀	yzbg	0	yzbg
麂	jibd	0	jibd
麇	jybc	0	jyb
麇	qybc	0	qyb
麈	vubp	0	vub
麋	mibb	0	mibb
麑	nibn	0	nib
麒	qibv	0	qibv
麖	jkbf	0	jkbf
麝	uebn	0	ueb
麸	fuxv	0	fux
麹	quxb	0	quxb
麾	hvch	0	hvch
黇	tmij	0	tmi
黉	hsse	0	hsse
黍	uuco	0	uuco
黜	iutu	0	iutu
黝	yztk	0	yzt
黟	yitx	0	yitx
黠	xxtj	0	xxtj
黡	yjct	0	yjct
黢	qutg	0	qutg
黥	qktf	0	qktf
黧	lict	0	lict
黩	dutv	0	dut
黪	cjtk	0	cjtk
黹	viev	0	viev
黻	fued	0	fued
黼	fuel	0	fuel
黾	mbja	0	mbj
鼋	yrra	0	yrra
鼍	toja	0	toja
鼐	ndnz	0	ndnz
鼒	zinz	0	zinz
鼗	tcog	0	tcog
鼙	pipb	0	pipb
鼢	fflo	0	ffl
鼩	qulj	0	qulj
鼫	uilc	0	uilc
鼬	yzla	0	yzl
鼯	wulj	0	wulj
鼱	jklr	0	jklr
鼷	xilv	0	xilv
鼹	yjlm	0	yjlm
鼽	qqlh	0	qql
鼾	hjlx	0	hjl
齁	hzlj	0	hzl
齇	valr	0	valr
齉	nhlg	0	nhl
齑	jiqr	0	jiqr
龀	ifyg	0	ify
龁	heyz	0	heyz
龂	ybyf	0	ybyf
龃	juyr	0	juyr
龅	bcyt	0	bcyt
龆	tnyj	0	tnyj
龇	ziyg	0	ziyg
龈	ybyw	0	ybyw
龉	yuyj	0	yuyj
龊	ioyk	0	ioy
龋	quyo	0	quy
龌	woyh	0	woy
龛	kjdk	0	kjd
龠	ytdq	0	ytdq
龢	hedc	0	hedc
鿍	ghph	0	ghph
鿎	daco	0	daco
鿎	taco	0	tac
鿏	mdng	0	mdn
𠅤	xibv	0	xibv
𠙶	ouxl	0	oux
𠳐	bhjy	0	bhj
𡎚	pmpq	0	pmp
𡐓	khpo	0	khp
𣗋	dhan	0	dhan
𣲗	wwoe	0	wwoe
𣲘	wuoa	0	wuoa
𣸣	ffoq	0	ffoq
𤧛	ditg	0	ditg
𤩽	hrtv	0	hrtv
𤫉	xptg	0	xptg
𥔲	eecz	0	eecz
𥕢	ccca	0	ccca
𥖨	zcca	0	zcc
𥻗	iabr	0	iab
𦈡	xufl	0	xufl
𦒍	tshn	0	tshn
𦙶	gurr	0	gurr
𦝼	lzrm	0	lzrm
𦝼	lvrm	0	lvr
𦭜	viqv	0	viqv
𦰡	naqy	0	naq
𦰡	noqy	0	noq
𧿹	mukl	0	mukl
𨐈	glcn	0	glcn
𨙸	qiby	0	qiby
𨚕	bmky	0	bmky
𨟠	qray	0	qray
𨭉	bjqn	0	bjq
𨱇	qqnd	0	qqn
𨱏	danj	0	dan
𨱑	hlne	0	hlne
𨱔	zynn	0	zyn
𨺙	niyn	0	niyn
𩽾	anym	0	any
𩾃	mmyx	0	mmy
𩾌	khyo	0	khy
𪟝	jixk	0	jixk
𪣻	lzpm	0	lzp
𪤗	lnpk	0	lnp
𪨰	quuy	0	quuy
𪨶	ueuc	0	ueu
𪩘	yjuv	0	yjuv
𪾢	xmaq	0	xmaq
𫄧	yjfo	0	yjf
𫄨	iifg	0	iifg
𫄷	yifv	0	yifv
𫄸	xyft	0	xyf
𫇭	wwqk	0	wwqk
𫌀	jivq	0	jivq
𫍣	tsmj	0	tsmj
𫍯	xmmj	0	xmmj
𫍲	xnmg	0	xnmg
𫍽	xrmg	0	xrmg
𫐄	ytcn	0	ytc
𫐐	nicn	0	nic
𫐓	rzca	0	rzc
𫑡	mgjy	0	mgj
𫓧	funv	0	funv
𫓯	jinp	0	jinp
𫓶	xrnr	0	xrnr
𫓹	jinv	0	jinv
𫔍	fjna	0	fjna
𫔎	jtnj	0	jtnj
𫔶	npla	0	npla
𫖮	yiuq	0	yiuq
𫖯	fuoq	0	fuoq
𫖳	yydq	0	yyd
𫗧	sugg	0	sugg
𫗴	vjgr	0	vjg
𫘜	wfnq	0	wfn
𫘝	jtnv	0	jtnv
𫘦	tcnb	0	tcn
𫘧	luno	0	luno
𫘨	tinl	0	tinl
𫘪	yrnf	0	yrn
𫘬	xinv	0	xinv
𫚕	uiyg	0	uiyg
𫚖	ciyy	0	ciyy
𫚭	lpyz	0	lpy
𫛭	klhc	0	klhc
𫞩	mftd	0	mft
𫟅	llff	0	llf
𫟦	svco	0	svco
𫟹	hsnv	0	hsn
𫟼	dano	0	dano
𫠆	kvbq	0	kvbq
𫠊	xrnf	0	xrnf
𫠜	niyn	0	niyn
𫢸	djzs	0	djzs
𫫇	eejv	0	eejv
𫭟	oupe	0	oup
𫭟	qupe	0	qupe
𫭢	lypg	0	lyp
𫭼	lcpk	0	lcp
𫮃	ujps	0	ujps
𫰛	xkms	0	xkms
𫵷	liuk	0	liu
𫶇	dpug	0	dpu
𫷷	xbcd	0	xbc
𫸩	kzze	0	kzz
𬀩	wwae	0	wwae
𬀪	xmaq	0	xmaq
𬂩	jxav	0	jxav
𬃊	viaq	0	viaq
𬇕	wjoz	0	wjoz
𬇙	bwoq	0	bwo
𬇹	goot	0	goot
𬉼	ouwe	0	ouw
𬊈	xywn	0	xyw
𬊤	ijws	0	ijws
𬌗	hekj	0	hekj
𬍛	litj	0	litj
𬍡	dhot	0	dhot
𬍤	xytn	0	xytn
𬒈	qtsc	0	qts
𬒔	ggcr	0	ggcr
𬒗	ljcq	0	ljc
𬕂	lsmq	0	lsmq
𬘓	xyfy	0	xyfy
𬘘	djfn	0	djf
𬘡	ybfv	0	ybf
𬘩	tkfo	0	tkf
𬘫	hrfn	0	hrfn
𬘬	qmfr	0	qmfr
𬘭	iffa	0	iffa
𬘯	vyfx	0	vyf
𬙂	yjfv	0	yjfv
𬙊	mofp	0	mof
𬙋	xlfg	0	xlfg
𬜬	mjqj	0	mjqj
𬜯	llqd	0	llqd
𬞟	pbqq	0	pbq
𬟁	yiqc	0	yiqc
𬟽	dswc	0	dsw
𬣙	xumx	0	xumx
𬣞	vumr	0	vumr
𬣡	jmmb	0	jmmb
𬣳	hfmw	0	hfm
𬤇	ybmp	0	ybmp
𬤊	uiml	0	uiml
𬤝	hvmv	0	hvmv
𬨂	qicn	0	qicn
𬨎	yzcy	0	yzcy
𬩽	xydy	0	xydy
𬪩	nsyg	0	nsy
𬬩	yinb	0	yinb
𬬭	lyng	0	lyn
𬬮	ihnh	0	ihnh
𬬱	jbnf	0	jbnf
𬬸	uund	0	uun
𬬹	ufna	0	ufn
𬬻	lunt	0	lunt
𬬿	vcnj	0	vcnj
𬭁	munl	0	munl
𬭊	dunp	0	dunp
𬭎	hsnk	0	hsnk
𬭚	iynx	0	iyn
𬭛	bonh	0	bonh
𬭤	hzns	0	hzn
𬭩	wgnn	0	wgn
𬭬	hvnd	0	hvnd
𬭯	ppng	0	ppn
𬭳	xinj	0	xinj
𬭶	hwnt	0	hwn
𬭸	lbnh	0	lbn
𬭼	svno	0	svn
𬮱	yblp	0	yblp
𬮿	gdyt	0	gdyt
𬯀	jiyy	0	jiyy
𬯎	tvyq	0	tvy
𬱖	diaq	0	diaq
𬱟	wwoq	0	wwoq
𬳵	pinr	0	pinr
𬳶	jsnj	0	jsn
𬳽	ufnn	0	ufnn
𬳿	tunv	0	tunv
𬴂	fwnx	0	fwnx
𬴃	honc	0	honc
𬴊	lbnh	0	lbnh
𬶋	juyj	0	juyj
𬶍	toyg	0	toyg
𬶏	wwyt	0	wwyt
𬶐	vcyn	0	vcy
𬶟	layo	0	layo
𬶠	lmyg	0	lmyg
𬶨	jiwy	0	jiwy
𬶭	jiyq	0	jiyq
𬶮	xiyj	0	xiyj
𬷕	bulc	0	bulc
𬸘	yjlc	0	yjlc
𬸚	ythc	0	yth
𬸣	xmsc	0	xmsc
𬸦	volc	0	vol
𬸪	fjbc	0	fjbc
𬹼	xpyy	0	xpyy
𬺈	yiyn	0	yiyn
𬺓	iuyl	0	iuyl
