来源	词	原码	去飞键	原因
简单鹤V9.3.0纯词库 (1).txt	娭毑	aijp	aijp	未知飞键、非音码或读音集合未覆盖；不猜测
简单鹤V9.3.0纯词库 (1).txt	媕娿	anee	anee	未知飞键、非音码或读音集合未覆盖；不猜测
简单鹤V9.3.0纯词库 (1).txt	案宗	anzl	anzl	未知飞键、非音码或读音集合未覆盖；不猜测
简单鹤V9.3.0纯词库 (1).txt	本宗	bfzl	bfzl	未知飞键、非音码或读音集合未覆盖；不猜测
简单鹤V9.3.0纯词库 (1).txt	别总	bpzl	bpzl	未知飞键、非音码或读音集合未覆盖；不猜测
简单鹤V9.3.0纯词库 (1).txt	霸总	bazl	bazl	未知飞键、非音码或读音集合未覆盖；不猜测
简单鹤V9.3.0纯词库 (1).txt	拔屌	badn	badn	未知飞键、非音码或读音集合未覆盖；不猜测
简单鹤V9.3.0纯词库 (1).txt	罢休	baxo	baxo	未知飞键、非音码或读音集合未覆盖；不猜测
简单鹤V9.3.0纯词库 (1).txt	宾从	bbcl	bbcl	未知飞键、非音码或读音集合未覆盖；不猜测
简单鹤V9.3.0纯词库 (1).txt	保修	bcxo	bcxo	未知飞键、非音码或读音集合未覆盖；不猜测
简单鹤V9.3.0纯词库 (1).txt	报修	bcxo	bcxo	未知飞键、非音码或读音集合未覆盖；不猜测
简单鹤V9.3.0纯词库 (1).txt	白葱	bdcl	bdcl	未知飞键、非音码或读音集合未覆盖；不猜测
简单鹤V9.3.0纯词库 (1).txt	夯货	bfho	bfho	未知飞键、非音码或读音集合未覆盖；不猜测
简单鹤V9.3.0纯词库 (1).txt	崩坍	bgdj	bgdj	未知飞键、非音码或读音集合未覆盖；不猜测
简单鹤V9.3.0纯词库 (1).txt	必从	bicl	bicl	未知飞键、非音码或读音集合未覆盖；不猜测
简单鹤V9.3.0纯词库 (1).txt	B超	biic	biic	未知飞键、非音码或读音集合未覆盖；不猜测
简单鹤V9.3.0纯词库 (1).txt	贲门	bimf	bimf	未知飞键、非音码或读音集合未覆盖；不猜测
简单鹤V9.3.0纯词库 (1).txt	比叡	birv	birv	未知飞键、非音码或读音集合未覆盖；不猜测
简单鹤V9.3.0纯词库 (1).txt	必修	bixo	bixo	未知飞键、非音码或读音集合未覆盖；不猜测
简单鹤V9.3.0纯词库 (1).txt	半宿	bjxo	bjxo	未知飞键、非音码或读音集合未覆盖；不猜测
简单鹤V9.3.0纯词库 (1).txt	半袖	bjxo	bjxo	未知飞键、非音码或读音集合未覆盖；不猜测
简单鹤V9.3.0纯词库 (1).txt	并从	bkcl	bkcl	未知飞键、非音码或读音集合未覆盖；不猜测
简单鹤V9.3.0纯词库 (1).txt	栟榈	bklv	bklv	未知飞键、非音码或读音集合未覆盖；不猜测
简单鹤V9.3.0纯词库 (1).txt	并曾	bkvg	bkvg	未知飞键、非音码或读音集合未覆盖；不猜测
简单鹤V9.3.0纯词库 (1).txt	冰袖	bkxo	bkxo	未知飞键、非音码或读音集合未覆盖；不猜测
简单鹤V9.3.0纯词库 (1).txt	便从	bmcl	bmcl	未知飞键、非音码或读音集合未覆盖；不猜测
简单鹤V9.3.0纯词库 (1).txt	便溺	bmnn	bmnn	未知飞键、非音码或读音集合未覆盖；不猜测
简单鹤V9.3.0纯词库 (1).txt	编修	bmxo	bmxo	未知飞键、非音码或读音集合未覆盖；不猜测
简单鹤V9.3.0纯词库 (1).txt	飚速	bnsu	bnsu	未知飞键、非音码或读音集合未覆盖；不猜测
简单鹤V9.3.0纯词库 (1).txt	嫑停	bntk	bntk	未知飞键、非音码或读音集合未覆盖；不猜测
简单鹤V9.3.0纯词库 (1).txt	飚舞	bnwu	bnwu	未知飞键、非音码或读音集合未覆盖；不猜测
简单鹤V9.3.0纯词库 (1).txt	般若	bore	bore	未知飞键、非音码或读音集合未覆盖；不猜测
简单鹤V9.3.0纯词库 (1).txt	别从	bpcl	bpcl	未知飞键、非音码或读音集合未覆盖；不猜测
简单鹤V9.3.0纯词库 (1).txt	不被	bupi	bupi	未知飞键、非音码或读音集合未覆盖；不猜测
简单鹤V9.3.0纯词库 (1).txt	不朽	buxo	buxo	未知飞键、非音码或读音集合未覆盖；不猜测
简单鹤V9.3.0纯词库 (1).txt	补休	buxo	buxo	未知飞键、非音码或读音集合未覆盖；不猜测
简单鹤V9.3.0纯词库 (1).txt	被艹	bwcc	bwcc	未知飞键、非音码或读音集合未覆盖；不猜测
简单鹤V9.3.0纯词库 (1).txt	补修	buxo	buxo	未知飞键、非音码或读音集合未覆盖；不猜测
简单鹤V9.3.0纯词库 (1).txt	操纵	cczl	cczl	未知飞键、非音码或读音集合未覆盖；不猜测
简单鹤V9.3.0纯词库 (1).txt	错综	cozl	cozl	未知飞键、非音码或读音集合未覆盖；不猜测
简单鹤V9.3.0纯词库 (1).txt	艹逼	ccbi	ccbi	未知飞键、非音码或读音集合未覆盖；不猜测
简单鹤V9.3.0纯词库 (1).txt	肏屄	ccbi	ccbi	未知飞键、非音码或读音集合未覆盖；不猜测
简单鹤V9.3.0纯词库 (1).txt	草丛	cccl	cccl	未知飞键、非音码或读音集合未覆盖；不猜测
简单鹤V9.3.0纯词库 (1).txt	草薙	ccti	ccti	未知飞键、非音码或读音集合未覆盖；不猜测
简单鹤V9.3.0纯词库 (1).txt	彩塑	cdso	cdso	未知飞键、非音码或读音集合未覆盖；不猜测
简单鹤V9.3.0纯词库 (1).txt	噌吰	cghs	cghs	未知飞键、非音码或读音集合未覆盖；不猜测
简单鹤V9.3.0纯词库 (1).txt	苍穹	chgs	chgs	未知飞键、非音码或读音集合未覆盖；不猜测
简单鹤V9.3.0纯词库 (1).txt	呲咯	cilo	cilo	未知飞键、非音码或读音集合未覆盖；不猜测
简单鹤V9.3.0纯词库 (1).txt	刺绣	cixo	cixo	未知飞键、非音码或读音集合未覆盖；不猜测
简单鹤V9.3.0纯词库 (1).txt	孱弱	cjro	cjro	未知飞键、非音码或读音集合未覆盖；不猜测
简单鹤V9.3.0纯词库 (1).txt	喰种	cjvs	cjvs	未知飞键、非音码或读音集合未覆盖；不猜测
简单鹤V9.3.0纯词库 (1).txt	葱饼	clbk	clbk	未知飞键、非音码或读音集合未覆盖；不猜测
简单鹤V9.3.0纯词库 (1).txt	从句	clju	clju	未知飞键、非音码或读音集合未覆盖；不猜测
简单鹤V9.3.0纯词库 (1).txt	从军	cljy	cljy	未知飞键、非音码或读音集合未覆盖；不猜测
简单鹤V9.3.0纯词库 (1).txt	从属	cluu	cluu	未知飞键、非音码或读音集合未覆盖；不猜测
简单鹤V9.3.0纯词库 (1).txt	丛书	cluu	cluu	未知飞键、非音码或读音集合未覆盖；不猜测
简单鹤V9.3.0纯词库 (1).txt	丛云	clyy	clyy	未知飞键、非音码或读音集合未覆盖；不猜测
简单鹤V9.3.0纯词库 (1).txt	踧踖	cuji	cuji	未知飞键、非音码或读音集合未覆盖；不猜测
简单鹤V9.3.0纯词库 (1).txt	粗糙	cuzc	cuzc	未知飞键、非音码或读音集合未覆盖；不猜测
简单鹤V9.3.0纯词库 (1).txt	瘄子	cuzi	cuzi	未知飞键、非音码或读音集合未覆盖；不猜测
简单鹤V9.3.0纯词库 (1).txt	村氓	cymg	cymg	未知飞键、非音码或读音集合未覆盖；不猜测
简单鹤V9.3.0纯词库 (1).txt	存休	cyxo	cyxo	未知飞键、非音码或读音集合未覆盖；不猜测
简单鹤V9.3.0纯词库 (1).txt	葱爆	clbc	clbc	未知飞键、非音码或读音集合未覆盖；不猜测
简单鹤V9.3.0纯词库 (1).txt	葱白	clbd	clbd	未知飞键、非音码或读音集合未覆盖；不猜测
简单鹤V9.3.0纯词库 (1).txt	从北	clbw	clbw	未知飞键、非音码或读音集合未覆盖；不猜测
简单鹤V9.3.0纯词库 (1).txt	匆匆	clcl	clcl	未知飞键、非音码或读音集合未覆盖；不猜测
简单鹤V9.3.0纯词库 (1).txt	淙淙	clcl	clcl	未知飞键、非音码或读音集合未覆盖；不猜测
简单鹤V9.3.0纯词库 (1).txt	匆促	clcu	clcu	未知飞键、非音码或读音集合未覆盖；不猜测
简单鹤V9.3.0纯词库 (1).txt	葱翠	clcv	clcv	未知飞键、非音码或读音集合未覆盖；不猜测
简单鹤V9.3.0纯词库 (1).txt	葱段	cldr	cldr	未知飞键、非音码或读音集合未覆盖；不猜测
简单鹤V9.3.0纯词库 (1).txt	从都	cldz	cldz	未知飞键、非音码或读音集合未覆盖；不猜测
简单鹤V9.3.0纯词库 (1).txt	从犯	clfj	clfj	未知飞键、非音码或读音集合未覆盖；不猜测
简单鹤V9.3.0纯词库 (1).txt	从父	clfu	clfu	未知飞键、非音码或读音集合未覆盖；不猜测
简单鹤V9.3.0纯词库 (1).txt	从古	clgu	clgu	未知飞键、非音码或读音集合未覆盖；不猜测
简单鹤V9.3.0纯词库 (1).txt	从何	clhe	clhe	未知飞键、非音码或读音集合未覆盖；不猜测
简单鹤V9.3.0纯词库 (1).txt	葱黄	clhl	clhl	未知飞键、非音码或读音集合未覆盖；不猜测
简单鹤V9.3.0纯词库 (1).txt	聪慧	clhv	clhv	未知飞键、非音码或读音集合未覆盖；不猜测
简单鹤V9.3.0纯词库 (1).txt	葱花	clhx	clhx	未知飞键、非音码或读音集合未覆盖；不猜测
简单鹤V9.3.0纯词库 (1).txt	从后	clhz	clhz	未知飞键、非音码或读音集合未覆盖；不猜测
简单鹤V9.3.0纯词库 (1).txt	从今	cljb	cljb	未知飞键、非音码或读音集合未覆盖；不猜测
简单鹤V9.3.0纯词库 (1).txt	丛集	clji	clji	未知飞键、非音码或读音集合未覆盖；不猜测
简单鹤V9.3.0纯词库 (1).txt	葱姜	cljl	cljl	未知飞键、非音码或读音集合未覆盖；不猜测
简单鹤V9.3.0纯词库 (1).txt	从简	cljm	cljm	未知飞键、非音码或读音集合未覆盖；不猜测
简单鹤V9.3.0纯词库 (1).txt	从教	cljn	cljn	未知飞键、非音码或读音集合未覆盖；不猜测
简单鹤V9.3.0纯词库 (1).txt	丛刊	clkj	clkj	未知飞键、非音码或读音集合未覆盖；不猜测
简单鹤V9.3.0纯词库 (1).txt	从宽	clkr	clkr	未知飞键、非音码或读音集合未覆盖；不猜测
简单鹤V9.3.0纯词库 (1).txt	丛林	cllb	cllb	未知飞键、非音码或读音集合未覆盖；不猜测
简单鹤V9.3.0纯词库 (1).txt	从零	cllk	cllk	未知飞键、非音码或读音集合未覆盖；不猜测
简单鹤V9.3.0纯词库 (1).txt	从良	clll	clll	未知飞键、非音码或读音集合未覆盖；不猜测
简单鹤V9.3.0纯词库 (1).txt	葱茏	clls	clls	未知飞键、非音码或读音集合未覆盖；不猜测
简单鹤V9.3.0纯词库 (1).txt	葱绿	cllv	cllv	未知飞键、非音码或读音集合未覆盖；不猜测
简单鹤V9.3.0纯词库 (1).txt	聪敏	clmb	clmb	未知飞键、非音码或读音集合未覆盖；不猜测
简单鹤V9.3.0纯词库 (1).txt	葱茂	clmc	clmc	未知飞键、非音码或读音集合未覆盖；不猜测
简单鹤V9.3.0纯词库 (1).txt	匆忙	clmh	clmh	未知飞键、非音码或读音集合未覆盖；不猜测
简单鹤V9.3.0纯词库 (1).txt	丛密	clmi	clmi	未知飞键、非音码或读音集合未覆盖；不猜测
简单鹤V9.3.0纯词库 (1).txt	聪明	clmk	clmk	未知飞键、非音码或读音集合未覆盖；不猜测
简单鹤V9.3.0纯词库 (1).txt	从命	clmk	clmk	未知飞键、非音码或读音集合未覆盖；不猜测
简单鹤V9.3.0纯词库 (1).txt	葱末	clmo	clmo	未知飞键、非音码或读音集合未覆盖；不猜测
简单鹤V9.3.0纯词库 (1).txt	从没	clmw	clmw	未知飞键、非音码或读音集合未覆盖；不猜测
简单鹤V9.3.0纯词库 (1).txt	从南	clnj	clnj	未知飞键、非音码或读音集合未覆盖；不猜测
简单鹤V9.3.0纯词库 (1).txt	从内	clnw	clnw	未知飞键、非音码或读音集合未覆盖；不猜测
简单鹤V9.3.0纯词库 (1).txt	从旁	clph	clph	未知飞键、非音码或读音集合未覆盖；不猜测
简单鹤V9.3.0纯词库 (1).txt	从轻	clqk	clqk	未知飞键、非音码或读音集合未覆盖；不猜测
简单鹤V9.3.0纯词库 (1).txt	从人	clrf	clrf	未知飞键、非音码或读音集合未覆盖；不猜测
简单鹤V9.3.0纯词库 (1).txt	从日	clri	clri	未知飞键、非音码或读音集合未覆盖；不猜测
简单鹤V9.3.0纯词库 (1).txt	从容	clrs	clrs	未知飞键、非音码或读音集合未覆盖；不猜测
简单鹤V9.3.0纯词库 (1).txt	从戎	clrs	clrs	未知飞键、非音码或读音集合未覆盖；不猜测
简单鹤V9.3.0纯词库 (1).txt	葱肉	clrz	clrz	未知飞键、非音码或读音集合未覆盖；不猜测
简单鹤V9.3.0纯词库 (1).txt	葱丝	clsi	clsi	未知飞键、非音码或读音集合未覆盖；不猜测
简单鹤V9.3.0纯词库 (1).txt	从速	clsu	clsu	未知飞键、非音码或读音集合未覆盖；不猜测
简单鹤V9.3.0纯词库 (1).txt	从俗	clsu	clsu	未知飞键、非音码或读音集合未覆盖；不猜测
简单鹤V9.3.0纯词库 (1).txt	从头	cltz	cltz	未知飞键、非音码或读音集合未覆盖；不猜测
简单鹤V9.3.0纯词库 (1).txt	葱头	cltz	cltz	未知飞键、非音码或读音集合未覆盖；不猜测
简单鹤V9.3.0纯词库 (1).txt	葱烧	cluc	cluc	未知飞键、非音码或读音集合未覆盖；不猜测
简单鹤V9.3.0纯词库 (1).txt	丛生	clug	clug	未知飞键、非音码或读音集合未覆盖；不猜测
简单鹤V9.3.0纯词库 (1).txt	从商	cluh	cluh	未知飞键、非音码或读音集合未覆盖；不猜测
简单鹤V9.3.0纯词库 (1).txt	从事	clui	clui	未知飞键、非音码或读音集合未覆盖；不猜测
简单鹤V9.3.0纯词库 (1).txt	从政	clvg	clvg	未知飞键、非音码或读音集合未覆盖；不猜测
简单鹤V9.3.0纯词库 (1).txt	从中	clvs	clvs	未知飞键、非音码或读音集合未覆盖；不猜测
简单鹤V9.3.0纯词库 (1).txt	从众	clvs	clvs	未知飞键、非音码或读音集合未覆盖；不猜测
简单鹤V9.3.0纯词库 (1).txt	从外	clwd	clwd	未知飞键、非音码或读音集合未覆盖；不猜测
简单鹤V9.3.0纯词库 (1).txt	从西	clxi	clxi	未知飞键、非音码或读音集合未覆盖；不猜测
简单鹤V9.3.0纯词库 (1).txt	葱香	clxl	clxl	未知飞键、非音码或读音集合未覆盖；不猜测
简单鹤V9.3.0纯词库 (1).txt	从小	clxn	clxn	未知飞键、非音码或读音集合未覆盖；不猜测
简单鹤V9.3.0纯词库 (1).txt	从兄	clxs	clxs	未知飞键、非音码或读音集合未覆盖；不猜测
简单鹤V9.3.0纯词库 (1).txt	从业	clye	clye	未知飞键、非音码或读音集合未覆盖；不猜测
简单鹤V9.3.0纯词库 (1).txt	枞阳	clyh	clyh	未知飞键、非音码或读音集合未覆盖；不猜测
简单鹤V9.3.0纯词库 (1).txt	从医	clyi	clyi	未知飞键、非音码或读音集合未覆盖；不猜测
简单鹤V9.3.0纯词库 (1).txt	从艺	clyi	clyi	未知飞键、非音码或读音集合未覆盖；不猜测
简单鹤V9.3.0纯词库 (1).txt	聪颖	clyk	clyk	未知飞键、非音码或读音集合未覆盖；不猜测
简单鹤V9.3.0纯词库 (1).txt	从原	clyr	clyr	未知飞键、非音码或读音集合未覆盖；不猜测
简单鹤V9.3.0纯词库 (1).txt	葱郁	clyu	clyu	未知飞键、非音码或读音集合未覆盖；不猜测
简单鹤V9.3.0纯词库 (1).txt	葱玉	clyu	clyu	未知飞键、非音码或读音集合未覆盖；不猜测
简单鹤V9.3.0纯词库 (1).txt	从优	clyz	clyz	未知飞键、非音码或读音集合未覆盖；不猜测
简单鹤V9.3.0纯词库 (1).txt	葱油	clyz	clyz	未知飞键、非音码或读音集合未覆盖；不猜测
简单鹤V9.3.0纯词库 (1).txt	丛杂	clza	clza	未知飞键、非音码或读音集合未覆盖；不猜测
简单鹤V9.3.0纯词库 (1).txt	从东	clds	clds	未知飞键、非音码或读音集合未覆盖；不猜测
简单鹤V9.3.0纯词库 (1).txt	从动	clds	clds	未知飞键、非音码或读音集合未覆盖；不猜测
简单鹤V9.3.0纯词库 (1).txt	从哪	clna	clna	未知飞键、非音码或读音集合未覆盖；不猜测
简单鹤V9.3.0纯词库 (1).txt	从前	clqm	clqm	未知飞键、非音码或读音集合未覆盖；不猜测
简单鹤V9.3.0纯词库 (1).txt	从未	clww	clww	未知飞键、非音码或读音集合未覆盖；不猜测
简单鹤V9.3.0纯词库 (1).txt	从而	cler	cler	未知飞键、非音码或读音集合未覆盖；不猜测
简单鹤V9.3.0纯词库 (1).txt	从来	clld	clld	未知飞键、非音码或读音集合未覆盖；不猜测
简单鹤V9.3.0纯词库 (1).txt	从此	clci	clci	未知飞键、非音码或读音集合未覆盖；不猜测
简单鹤V9.3.0纯词库 (1).txt	从新	clxb	clxb	未知飞键、非音码或读音集合未覆盖；不猜测
简单鹤V9.3.0纯词库 (1).txt	从心	clxb	clxb	未知飞键、非音码或读音集合未覆盖；不猜测
简单鹤V9.3.0纯词库 (1).txt	从下	clxx	clxx	未知飞键、非音码或读音集合未覆盖；不猜测
简单鹤V9.3.0纯词库 (1).txt	从严	clyj	clyj	未知飞键、非音码或读音集合未覆盖；不猜测
简单鹤V9.3.0纯词库 (1).txt	从不	clbu	clbu	未知飞键、非音码或读音集合未覆盖；不猜测
简单鹤V9.3.0纯词库 (1).txt	葱娘	clnl	clnl	未知飞键、非音码或读音集合未覆盖；不猜测
简单鹤V9.3.0纯词库 (1).txt	苁蓉	clrs	clrs	未知飞键、非音码或读音集合未覆盖；不猜测
简单鹤V9.3.0纯词库 (1).txt	从无	clwu	clwu	未知飞键、非音码或读音集合未覆盖；不猜测
简单鹤V9.3.0纯词库 (1).txt	粗屌	cudn	cudn	未知飞键、非音码或读音集合未覆盖；不猜测
简单鹤V9.3.0纯词库 (1).txt	从了	clle	clle	未知飞键、非音码或读音集合未覆盖；不猜测
简单鹤V9.3.0纯词库 (1).txt	大宗	dazl	dazl	未知飞键、非音码或读音集合未覆盖；不猜测
简单鹤V9.3.0纯词库 (1).txt	岱宗	ddzl	ddzl	未知飞键、非音码或读音集合未覆盖；不猜测
简单鹤V9.3.0纯词库 (1).txt	多宗	dozl	dozl	未知飞键、非音码或读音集合未覆盖；不猜测
简单鹤V9.3.0纯词库 (1).txt	斗宗	dzzl	dzzl	未知飞键、非音码或读音集合未覆盖；不猜测
简单鹤V9.3.0纯词库 (1).txt	道宗	dczl	dczl	未知飞键、非音码或读音集合未覆盖；不猜测
简单鹤V9.3.0纯词库 (1).txt	大葱	dacl	dacl	未知飞键、非音码或读音集合未覆盖；不猜测
简单鹤V9.3.0纯词库 (1).txt	大囧	dajs	dajs	未知飞键、非音码或读音集合未覆盖；不猜测
简单鹤V9.3.0纯词库 (1).txt	大赚	dazr	dazr	未知飞键、非音码或读音集合未覆盖；不猜测
简单鹤V9.3.0纯词库 (1).txt	到咯	dclo	dclo	未知飞键、非音码或读音集合未覆盖；不猜测
简单鹤V9.3.0纯词库 (1).txt	倒休	dcxo	dcxo	未知飞键、非音码或读音集合未覆盖；不猜测
简单鹤V9.3.0纯词库 (1).txt	待修	ddxo	ddxo	未知飞键、非音码或读音集合未覆盖；不猜测
简单鹤V9.3.0纯词库 (1).txt	得咯	delo	delo	未知飞键、非音码或读音集合未覆盖；不猜测
简单鹤V9.3.0纯词库 (1).txt	等咯	dglo	dglo	未知飞键、非音码或读音集合未覆盖；不猜测
简单鹤V9.3.0纯词库 (1).txt	等咱	dgza	dgza	未知飞键、非音码或读音集合未覆盖；不猜测
简单鹤V9.3.0纯词库 (1).txt	嘀嗒	dita	dita	未知飞键、非音码或读音集合未覆盖；不猜测
简单鹤V9.3.0纯词库 (1).txt	但从	djcl	djcl	未知飞键、非音码或读音集合未覆盖；不猜测
简单鹤V9.3.0纯词库 (1).txt	单从	djcl	djcl	未知飞键、非音码或读音集合未覆盖；不猜测
简单鹤V9.3.0纯词库 (1).txt	定从	dkcl	dkcl	未知飞键、非音码或读音集合未覆盖；不猜测
简单鹤V9.3.0纯词库 (1).txt	点券	dmjr	dmjr	未知飞键、非音码或读音集合未覆盖；不猜测
简单鹤V9.3.0纯词库 (1).txt	点咯	dmlo	dmlo	未知飞键、非音码或读音集合未覆盖；不猜测
简单鹤V9.3.0纯词库 (1).txt	屌棍	dngy	dngy	未知飞键、非音码或读音集合未覆盖；不猜测
简单鹤V9.3.0纯词库 (1).txt	屌毛	dnmc	dnmc	未知飞键、非音码或读音集合未覆盖；不猜测
简单鹤V9.3.0纯词库 (1).txt	屌你	dnni	dnni	未知飞键、非音码或读音集合未覆盖；不猜测
简单鹤V9.3.0纯词库 (1).txt	屌丝	dnsi	dnsi	未知飞键、非音码或读音集合未覆盖；不猜测
简单鹤V9.3.0纯词库 (1).txt	弔图	dntu	dntu	未知飞键、非音码或读音集合未覆盖；不猜测
简单鹤V9.3.0纯词库 (1).txt	屌样	dnyh	dnyh	未知飞键、非音码或读音集合未覆盖；不猜测
简单鹤V9.3.0纯词库 (1).txt	屌用	dnys	dnys	未知飞键、非音码或读音集合未覆盖；不猜测
简单鹤V9.3.0纯词库 (1).txt	剁屌	dodn	dodn	未知飞键、非音码或读音集合未覆盖；不猜测
简单鹤V9.3.0纯词库 (1).txt	多咱	doza	doza	未知飞键、非音码或读音集合未覆盖；不猜测
简单鹤V9.3.0纯词库 (1).txt	短袖	drxo	drxo	未知飞键、非音码或读音集合未覆盖；不猜测
简单鹤V9.3.0纯词库 (1).txt	断袖	drxo	drxo	未知飞键、非音码或读音集合未覆盖；不猜测
简单鹤V9.3.0纯词库 (1).txt	独秀	duxo	duxo	未知飞键、非音码或读音集合未覆盖；不猜测
简单鹤V9.3.0纯词库 (1).txt	镦短	dvdr	dvdr	未知飞键、非音码或读音集合未覆盖；不猜测
简单鹤V9.3.0纯词库 (1).txt	对咯	dvlo	dvlo	未知飞键、非音码或读音集合未覆盖；不猜测
简单鹤V9.3.0纯词库 (1).txt	堆砌	dvqp	dvqp	未知飞键、非音码或读音集合未覆盖；不猜测
简单鹤V9.3.0纯词库 (1).txt	屯绿	dylv	dylv	未知飞键、非音码或读音集合未覆盖；不猜测
简单鹤V9.3.0纯词库 (1).txt	豆豉	dzgu	dzgu	未知飞键、非音码或读音集合未覆盖；不猜测
简单鹤V9.3.0纯词库 (1).txt	弔词	dnci	dnci	未知飞键、非音码或读音集合未覆盖；不猜测
简单鹤V9.3.0纯词库 (1).txt	单休	djxo	djxo	未知飞键、非音码或读音集合未覆盖；不猜测
简单鹤V9.3.0纯词库 (1).txt	单修	djxo	djxo	未知飞键、非音码或读音集合未覆盖；不猜测
简单鹤V9.3.0纯词库 (1).txt	大修	daxo	daxo	未知飞键、非音码或读音集合未覆盖；不猜测
简单鹤V9.3.0纯词库 (1).txt	大秀	daxo	daxo	未知飞键、非音码或读音集合未覆盖；不猜测
简单鹤V9.3.0纯词库 (1).txt	屌图	dntu	dntu	未知飞键、非音码或读音集合未覆盖；不猜测
简单鹤V9.3.0纯词库 (1).txt	大屌	dadn	dadn	未知飞键、非音码或读音集合未覆盖；不猜测
简单鹤V9.3.0纯词库 (1).txt	屌炸	dnva	dnva	未知飞键、非音码或读音集合未覆盖；不猜测
简单鹤V9.3.0纯词库 (1).txt	但总	djzl	djzl	未知飞键、非音码或读音集合未覆盖；不猜测
简单鹤V9.3.0纯词库 (1).txt	一宗	eizl	yizl	未知飞键、非音码或读音集合未覆盖；不猜测
简单鹤V9.3.0纯词库 (1).txt	阿房	eeph	eeph	未知飞键、非音码或读音集合未覆盖；不猜测
简单鹤V9.3.0纯词库 (1).txt	诶嘿	eihw	eihw	未知飞键、非音码或读音集合未覆盖；不猜测
简单鹤V9.3.0纯词库 (1).txt	诶嘛	eima	eima	未知飞键、非音码或读音集合未覆盖；不猜测
简单鹤V9.3.0纯词库 (1).txt	诶呀	eiya	eiya	未知飞键、非音码或读音集合未覆盖；不猜测
简单鹤V9.3.0纯词库 (1).txt	诶呦	eiyz	eiyz	未知飞键、非音码或读音集合未覆盖；不猜测
简单鹤V9.3.0纯词库 (1).txt	嗯啊	enaa	enaa	未知飞键、非音码或读音集合未覆盖；不猜测
简单鹤V9.3.0纯词库 (1).txt	嗯呗	enbw	enbw	未知飞键、非音码或读音集合未覆盖；不猜测
简单鹤V9.3.0纯词库 (1).txt	嗯对	endv	endv	未知飞键、非音码或读音集合未覆盖；不猜测
简单鹤V9.3.0纯词库 (1).txt	嗯嗯	enen	enen	未知飞键、非音码或读音集合未覆盖；不猜测
简单鹤V9.3.0纯词库 (1).txt	嗯好	enhc	enhc	未知飞键、非音码或读音集合未覆盖；不猜测
简单鹤V9.3.0纯词库 (1).txt	嗯哼	enhg	enhg	未知飞键、非音码或读音集合未覆盖；不猜测
简单鹤V9.3.0纯词库 (1).txt	嗯呐	enna	enna	未知飞键、非音码或读音集合未覆盖；不猜测
简单鹤V9.3.0纯词库 (1).txt	嗯呢	enne	enne	未知飞键、非音码或读音集合未覆盖；不猜测
简单鹤V9.3.0纯词库 (1).txt	嗯呀	enya	enya	未知飞键、非音码或读音集合未覆盖；不猜测
简单鹤V9.3.0纯词库 (1).txt	嗯造	enzc	enzc	未知飞键、非音码或读音集合未覆盖；不猜测
简单鹤V9.3.0纯词库 (1).txt	耳聪	ercl	ercl	未知飞键、非音码或读音集合未覆盖；不猜测
简单鹤V9.3.0纯词库 (1).txt	一宿	eixo	yixo	未知飞键、非音码或读音集合未覆盖；不猜测
简单鹤V9.3.0纯词库 (1).txt	嗯了	enle	enle	未知飞键、非音码或读音集合未覆盖；不猜测
简单鹤V9.3.0纯词库 (1).txt	放纵	fhzl	fhzl	未知飞键、非音码或读音集合未覆盖；不猜测
简单鹤V9.3.0纯词库 (1).txt	芳踪	fhzl	fhzl	未知飞键、非音码或读音集合未覆盖；不猜测
简单鹤V9.3.0纯词库 (1).txt	副总	fuzl	fuzl	未知飞键、非音码或读音集合未覆盖；不猜测
简单鹤V9.3.0纯词库 (1).txt	发苶	fanp	fanp	未知飞键、非音码或读音集合未覆盖；不猜测
简单鹤V9.3.0纯词库 (1).txt	法属	favu	favu	未知飞键、非音码或读音集合未覆盖；不猜测
简单鹤V9.3.0纯词库 (1).txt	愤懑	ffmj	ffmj	未知飞键、非音码或读音集合未覆盖；不猜测
简单鹤V9.3.0纯词库 (1).txt	分袂	ffqt	ffqt	未知飞键、非音码或读音集合未覆盖；不猜测
简单鹤V9.3.0纯词库 (1).txt	凤栖	fgxi	fgxi	未知飞键、非音码或读音集合未覆盖；不猜测
简单鹤V9.3.0纯词库 (1).txt	防嗮	fhsd	fhsd	未知飞键、非音码或读音集合未覆盖；不猜测
简单鹤V9.3.0纯词库 (1).txt	防锈	fhxo	fhxo	未知飞键、非音码或读音集合未覆盖；不猜测
简单鹤V9.3.0纯词库 (1).txt	拚命	fjmk	fjmk	未知飞键、非音码或读音集合未覆盖；不猜测
简单鹤V9.3.0纯词库 (1).txt	翻修	fjxo	fjxo	未知飞键、非音码或读音集合未覆盖；不猜测
简单鹤V9.3.0纯词库 (1).txt	返修	fjxo	fjxo	未知飞键、非音码或读音集合未覆盖；不猜测
简单鹤V9.3.0纯词库 (1).txt	服从	fucl	fucl	未知飞键、非音码或读音集合未覆盖；不猜测
简单鹤V9.3.0纯词库 (1).txt	腐朽	fuxo	fuxo	未知飞键、非音码或读音集合未覆盖；不猜测
简单鹤V9.3.0纯词库 (1).txt	拂袖	fuxo	fuxo	未知飞键、非音码或读音集合未覆盖；不猜测
简单鹤V9.3.0纯词库 (1).txt	非从	fwcl	fwcl	未知飞键、非音码或读音集合未覆盖；不猜测
简单鹤V9.3.0纯词库 (1).txt	飞袖	fwxo	fwxo	未知飞键、非音码或读音集合未覆盖；不猜测
简单鹤V9.3.0纯词库 (1).txt	蕃王	fjwh	fjwh	未知飞键、非音码或读音集合未覆盖；不猜测
简单鹤V9.3.0纯词库 (1).txt	分从	ffcl	ffcl	未知飞键、非音码或读音集合未覆盖；不猜测
简单鹤V9.3.0纯词库 (1).txt	分袂	ffjt	ffjt	未知飞键、非音码或读音集合未覆盖；不猜测
简单鹤V9.3.0纯词库 (1).txt	高宗	gczl	gczl	未知飞键、非音码或读音集合未覆盖；不猜测
简单鹤V9.3.0纯词库 (1).txt	高总	gczl	gczl	未知飞键、非音码或读音集合未覆盖；不猜测
简单鹤V9.3.0纯词库 (1).txt	跟踪	gfzl	gfzl	未知飞键、非音码或读音集合未覆盖；不猜测
简单鹤V9.3.0纯词库 (1).txt	广宗	glzl	glzl	未知飞键、非音码或读音集合未覆盖；不猜测
简单鹤V9.3.0纯词库 (1).txt	惯纵	grzl	grzl	未知飞键、非音码或读音集合未覆盖；不猜测
简单鹤V9.3.0纯词库 (1).txt	古棕	guzl	guzl	未知飞键、非音码或读音集合未覆盖；不猜测
简单鹤V9.3.0纯词库 (1).txt	归宗	gvzl	gvzl	未知飞键、非音码或读音集合未覆盖；不猜测
简单鹤V9.3.0纯词库 (1).txt	轧票	gapn	gapn	未知飞键、非音码或读音集合未覆盖；不猜测
简单鹤V9.3.0纯词库 (1).txt	呷西	gaxi	gaxi	未知飞键、非音码或读音集合未覆盖；不猜测
简单鹤V9.3.0纯词库 (1).txt	曱甴	gaza	gaza	未知飞键、非音码或读音集合未覆盖；不猜测
简单鹤V9.3.0纯词库 (1).txt	高聪	gccl	gccl	未知飞键、非音码或读音集合未覆盖；不猜测
简单鹤V9.3.0纯词库 (1).txt	该从	gdcl	gdcl	未知飞键、非音码或读音集合未覆盖；不猜测
简单鹤V9.3.0纯词库 (1).txt	改修	gdxo	gdxo	未知飞键、非音码或读音集合未覆盖；不猜测
简单鹤V9.3.0纯词库 (1).txt	茖葱	gecl	gecl	未知飞键、非音码或读音集合未覆盖；不猜测
简单鹤V9.3.0纯词库 (1).txt	膈腧	geyu	geyu	未知飞键、非音码或读音集合未覆盖；不猜测
简单鹤V9.3.0纯词库 (1).txt	跟从	gfcl	gfcl	未知飞键、非音码或读音集合未覆盖；不猜测
简单鹤V9.3.0纯词库 (1).txt	粳稻	ggdc	ggdc	未知飞键、非音码或读音集合未覆盖；不猜测
简单鹤V9.3.0纯词库 (1).txt	豇豆	ghdz	ghdz	未知飞键、非音码或读音集合未覆盖；不猜测
简单鹤V9.3.0纯词库 (1).txt	港囧	ghjs	ghjs	未知飞键、非音码或读音集合未覆盖；不猜测
简单鹤V9.3.0纯词库 (1).txt	干葱	gjcl	gjcl	未知飞键、非音码或读音集合未覆盖；不猜测
简单鹤V9.3.0纯词库 (1).txt	柑桔	gjju	gjju	未知飞键、非音码或读音集合未覆盖；不猜测
简单鹤V9.3.0纯词库 (1).txt	甘休	gjxo	gjxo	未知飞键、非音码或读音集合未覆盖；不猜测
简单鹤V9.3.0纯词库 (1).txt	乖咯	gklo	gklo	未知飞键、非音码或读音集合未覆盖；不猜测
简单鹤V9.3.0纯词库 (1).txt	乖蹇	gkqm	gkqm	未知飞键、非音码或读音集合未覆盖；不猜测
简单鹤V9.3.0纯词库 (1).txt	光从	glcl	glcl	未知飞键、非音码或读音集合未覆盖；不猜测
简单鹤V9.3.0纯词库 (1).txt	光秀	glxo	glxo	未知飞键、非音码或读音集合未覆盖；不猜测
简单鹤V9.3.0纯词库 (1).txt	管束	grsu	grsu	未知飞键、非音码或读音集合未覆盖；不猜测
简单鹤V9.3.0纯词库 (1).txt	共从	gscl	gscl	未知飞键、非音码或读音集合未覆盖；不猜测
简单鹤V9.3.0纯词库 (1).txt	窥度	gvdo	gvdo	未知飞键、非音码或读音集合未覆盖；不猜测
简单鹤V9.3.0纯词库 (1).txt	垝垣	gvhg	gvhg	未知飞键、非音码或读音集合未覆盖；不猜测
简单鹤V9.3.0纯词库 (1).txt	闺秀	gvxo	gvxo	未知飞键、非音码或读音集合未覆盖；不猜测
简单鹤V9.3.0纯词库 (1).txt	呱嗒	gxta	gxta	未知飞键、非音码或读音集合未覆盖；不猜测
简单鹤V9.3.0纯词库 (1).txt	苟从	gzcl	gzcl	未知飞键、非音码或读音集合未覆盖；不猜测
简单鹤V9.3.0纯词库 (1).txt	够咯	gzlo	gzlo	未知飞键、非音码或读音集合未覆盖；不猜测
简单鹤V9.3.0纯词库 (1).txt	公休	gsxo	gsxo	未知飞键、非音码或读音集合未覆盖；不猜测
简单鹤V9.3.0纯词库 (1).txt	工休	gsxo	gsxo	未知飞键、非音码或读音集合未覆盖；不猜测
简单鹤V9.3.0纯词库 (1).txt	刚从	ghcl	ghcl	未知飞键、非音码或读音集合未覆盖；不猜测
简单鹤V9.3.0纯词库 (1).txt	灌丛	grcl	grcl	未知飞键、非音码或读音集合未覆盖；不猜测
简单鹤V9.3.0纯词库 (1).txt	钢屌	ghdn	ghdn	未知飞键、非音码或读音集合未覆盖；不猜测
简单鹤V9.3.0纯词库 (1).txt	郭总	gozl	gozl	未知飞键、非音码或读音集合未覆盖；不猜测
简单鹤V9.3.0纯词库 (1).txt	干休	gjxo	gjxo	未知飞键、非音码或读音集合未覆盖；不猜测
简单鹤V9.3.0纯词库 (1).txt	合纵	hezl	hezl	未知飞键、非音码或读音集合未覆盖；不猜测
简单鹤V9.3.0纯词库 (1).txt	何总	hezl	hezl	未知飞键、非音码或读音集合未覆盖；不猜测
简单鹤V9.3.0纯词库 (1).txt	横纵	hgzl	hgzl	未知飞键、非音码或读音集合未覆盖；不猜测
简单鹤V9.3.0纯词库 (1).txt	火鬃	hozl	hozl	未知飞键、非音码或读音集合未覆盖；不猜测
简单鹤V9.3.0纯词库 (1).txt	桓宗	hrzl	hrzl	未知飞键、非音码或读音集合未覆盖；不猜测
简单鹤V9.3.0纯词库 (1).txt	胡总	huzl	huzl	未知飞键、非音码或读音集合未覆盖；不猜测
简单鹤V9.3.0纯词库 (1).txt	汇总	hvzl	hvzl	未知飞键、非音码或读音集合未覆盖；不猜测
简单鹤V9.3.0纯词库 (1).txt	徽宗	hvzl	hvzl	未知飞键、非音码或读音集合未覆盖；不猜测
简单鹤V9.3.0纯词库 (1).txt	还总	hdzl	hdzl	未知飞键、非音码或读音集合未覆盖；不猜测
简单鹤V9.3.0纯词库 (1).txt	虾蟆	hama	hama	未知飞键、非音码或读音集合未覆盖；不猜测
简单鹤V9.3.0纯词库 (1).txt	好诶	hcei	hcei	未知飞键、非音码或读音集合未覆盖；不猜测
简单鹤V9.3.0纯词库 (1).txt	好囧	hcjs	hcjs	未知飞键、非音码或读音集合未覆盖；不猜测
简单鹤V9.3.0纯词库 (1).txt	好咯	hclo	hclo	未知飞键、非音码或读音集合未覆盖；不猜测
简单鹤V9.3.0纯词库 (1).txt	还从	hdcl	hdcl	未知飞键、非音码或读音集合未覆盖；不猜测
简单鹤V9.3.0纯词库 (1).txt	害羞	hdxo	hdxo	未知飞键、非音码或读音集合未覆盖；不猜测
简单鹤V9.3.0纯词库 (1).txt	还赚	hdzr	hdzr	未知飞键、非音码或读音集合未覆盖；不猜测
简单鹤V9.3.0纯词库 (1).txt	和洽	heqo	heqo	未知飞键、非音码或读音集合未覆盖；不猜测
简单鹤V9.3.0纯词库 (1).txt	很屌	hfdn	hfdn	未知飞键、非音码或读音集合未覆盖；不猜测
简单鹤V9.3.0纯词库 (1).txt	很囧	hfjs	hfjs	未知飞键、非音码或读音集合未覆盖；不猜测
简单鹤V9.3.0纯词库 (1).txt	横亘	hggg	hggg	未知飞键、非音码或读音集合未覆盖；不猜测
简单鹤V9.3.0纯词库 (1).txt	寒颤	hjvj	hjvj	未知飞键、非音码或读音集合未覆盖；不猜测
简单鹤V9.3.0纯词库 (1).txt	含羞	hjxo	hjxo	未知飞键、非音码或读音集合未覆盖；不猜测
简单鹤V9.3.0纯词库 (1).txt	韩总	hjzl	hjzl	未知飞键、非音码或读音集合未覆盖；不猜测
简单鹤V9.3.0纯词库 (1).txt	磺胺	hlan	hlan	未知飞键、非音码或读音集合未覆盖；不猜测
简单鹤V9.3.0纯词库 (1).txt	黄疸	hlda	hlda	未知飞键、非音码或读音集合未覆盖；不猜测
简单鹤V9.3.0纯词库 (1).txt	磺酸	hlsr	hlsr	未知飞键、非音码或读音集合未覆盖；不猜测
简单鹤V9.3.0纯词库 (1).txt	或从	hocl	hocl	未知飞键、非音码或读音集合未覆盖；不猜测
简单鹤V9.3.0纯词库 (1).txt	还从	hrcl	hrcl	未知飞键、非音码或读音集合未覆盖；不猜测
简单鹤V9.3.0纯词库 (1).txt	欢洽	hrqo	hrqo	未知飞键、非音码或读音集合未覆盖；不猜测
简单鹤V9.3.0纯词库 (1).txt	红葱	hscl	hscl	未知飞键、非音码或读音集合未覆盖；不猜测
简单鹤V9.3.0纯词库 (1).txt	烘焙	hspw	hspw	未知飞键、非音码或读音集合未覆盖；不猜测
简单鹤V9.3.0纯词库 (1).txt	宏碁	hsqi	hsqi	未知飞键、非音码或读音集合未覆盖；不猜测
简单鹤V9.3.0纯词库 (1).txt	扈从	hucl	hucl	未知飞键、非音码或读音集合未覆盖；不猜测
简单鹤V9.3.0纯词库 (1).txt	互掐	huqo	huqo	未知飞键、非音码或读音集合未覆盖；不猜测
简单鹤V9.3.0纯词库 (1).txt	护袖	huxo	huxo	未知飞键、非音码或读音集合未覆盖；不猜测
简单鹤V9.3.0纯词库 (1).txt	虎嗅	huxo	huxo	未知飞键、非音码或读音集合未覆盖；不猜测
简单鹤V9.3.0纯词库 (1).txt	会从	hvcl	hvcl	未知飞键、非音码或读音集合未覆盖；不猜测
简单鹤V9.3.0纯词库 (1).txt	睢宁	hvnk	hvnk	未知飞键、非音码或读音集合未覆盖；不猜测
简单鹤V9.3.0纯词库 (1).txt	挥袖	hvxo	hvxo	未知飞键、非音码或读音集合未覆盖；不猜测
简单鹤V9.3.0纯词库 (1).txt	嗨咯	hwlo	hwlo	未知飞键、非音码或读音集合未覆盖；不猜测
简单鹤V9.3.0纯词库 (1).txt	嘿咻	hwxo	hwxo	未知飞键、非音码或读音集合未覆盖；不猜测
简单鹤V9.3.0纯词库 (1).txt	花丛	hxcl	hxcl	未知飞键、非音码或读音集合未覆盖；不猜测
简单鹤V9.3.0纯词库 (1).txt	讹谬	hxmq	hxmq	未知飞键、非音码或读音集合未覆盖；不猜测
简单鹤V9.3.0纯词库 (1).txt	後来	hzld	hzld	未知飞键、非音码或读音集合未覆盖；不猜测
简单鹤V9.3.0纯词库 (1).txt	何从	hecl	hecl	未知飞键、非音码或读音集合未覆盖；不猜测
简单鹤V9.3.0纯词库 (1).txt	黄总	hlzl	hlzl	未知飞键、非音码或读音集合未覆盖；不猜测
简单鹤V9.3.0纯词库 (1).txt	红袖	hsxo	hsxo	未知飞键、非音码或读音集合未覆盖；不猜测
简单鹤V9.3.0纯词库 (1).txt	禅宗	ijzl	ijzl	未知飞键、非音码或读音集合未覆盖；不猜测
简单鹤V9.3.0纯词库 (1).txt	传宗	irzl	irzl	未知飞键、非音码或读音集合未覆盖；不猜测
简单鹤V9.3.0纯词库 (1).txt	查修	iaxo	iaxo	未知飞键、非音码或读音集合未覆盖；不猜测
简单鹤V9.3.0纯词库 (1).txt	茶锈	iaxo	iaxo	未知飞键、非音码或读音集合未覆盖；不猜测
简单鹤V9.3.0纯词库 (1).txt	超屌	icdn	icdn	未知飞键、非音码或读音集合未覆盖；不猜测
简单鹤V9.3.0纯词库 (1).txt	剿灭	icmp	icmp	未知飞键、非音码或读音集合未覆盖；不猜测
简单鹤V9.3.0纯词库 (1).txt	嘲谑	icnt	icnt	未知飞键、非音码或读音集合未覆盖；不猜测
简单鹤V9.3.0纯词库 (1).txt	剿说	icuo	icuo	未知飞键、非音码或读音集合未覆盖；不猜测
简单鹤V9.3.0纯词库 (1).txt	超秀	icxo	icxo	未知飞键、非音码或读音集合未覆盖；不猜测
简单鹤V9.3.0纯词库 (1).txt	拆修	idxi	idxi	未知飞键、非音码或读音集合未覆盖；不猜测
简单鹤V9.3.0纯词库 (1).txt	趻踔	ifio	ifio	未知飞键、非音码或读音集合未覆盖；不猜测
简单鹤V9.3.0纯词库 (1).txt	臣属	ifvu	ifvu	未知飞键、非音码或读音集合未覆盖；不猜测
简单鹤V9.3.0纯词库 (1).txt	陈总	ifzl	ifzl	未知飞键、非音码或读音集合未覆盖；不猜测
简单鹤V9.3.0纯词库 (1).txt	抢跑	igpc	igpc	未知飞键、非音码或读音集合未覆盖；不猜测
简单鹤V9.3.0纯词库 (1).txt	成宿	igxo	igxo	未知飞键、非音码或读音集合未覆盖；不猜测
简单鹤V9.3.0纯词库 (1).txt	常从	ihcl	ihcl	未知飞键、非音码或读音集合未覆盖；不猜测
简单鹤V9.3.0纯词库 (1).txt	长袖	ihxo	ihxo	未知飞键、非音码或读音集合未覆盖；不猜测
简单鹤V9.3.0纯词库 (1).txt	厂休	ihxo	ihxo	未知飞键、非音码或读音集合未覆盖；不猜测
简单鹤V9.3.0纯词库 (1).txt	坻崿	iiee	iiee	未知飞键、非音码或读音集合未覆盖；不猜测
简单鹤V9.3.0纯词库 (1).txt	澹台	ijtd	ijtd	未知飞键、非音码或读音集合未覆盖；不猜测
简单鹤V9.3.0纯词库 (1).txt	僝僽	ijvz	ijvz	未知飞键、非音码或读音集合未覆盖；不猜测
简单鹤V9.3.0纯词库 (1).txt	禅修	ijxo	ijxo	未知飞键、非音码或读音集合未覆盖；不猜测
简单鹤V9.3.0纯词库 (1).txt	重装	isil	isil	未知飞键、非音码或读音集合未覆盖；不猜测
简单鹤V9.3.0纯词库 (1).txt	重修	isxo	isxo	未知飞键、非音码或读音集合未覆盖；不猜测
简单鹤V9.3.0纯词库 (1).txt	除锈	iuxo	iuxo	未知飞键、非音码或读音集合未覆盖；不猜测
简单鹤V9.3.0纯词库 (1).txt	椎车	ivie	ivie	未知飞键、非音码或读音集合未覆盖；不猜测
简单鹤V9.3.0纯词库 (1).txt	垂袖	ivxo	ivxo	未知飞键、非音码或读音集合未覆盖；不猜测
简单鹤V9.3.0纯词库 (1).txt	畅行	ixkx	ixkx	未知飞键、非音码或读音集合未覆盖；不猜测
简单鹤V9.3.0纯词库 (1).txt	倜傥	izdh	izdh	未知飞键、非音码或读音集合未覆盖；不猜测
简单鹤V9.3.0纯词库 (1).txt	梼杌	izwu	izwu	未知飞键、非音码或读音集合未覆盖；不猜测
简单鹤V9.3.0纯词库 (1).txt	程总	igzl	igzl	未知飞键、非音码或读音集合未覆盖；不猜测
简单鹤V9.3.0纯词库 (1).txt	长屌	ihdn	ihdn	未知飞键、非音码或读音集合未覆盖；不猜测
简单鹤V9.3.0纯词库 (1).txt	剑宗	jmzl	jmzl	未知飞键、非音码或读音集合未覆盖；不猜测
简单鹤V9.3.0纯词库 (1).txt	骄纵	jnzl	jnzl	未知飞键、非音码或读音集合未覆盖；不猜测
简单鹤V9.3.0纯词库 (1).txt	几宗	jozl	jizl	未知飞键、非音码或读音集合未覆盖；不猜测
简单鹤V9.3.0纯词库 (1).txt	九宗	jqzl	jqzl	未知飞键、非音码或读音集合未覆盖；不猜测
简单鹤V9.3.0纯词库 (1).txt	卷宗	jrzl	jrzl	未知飞键、非音码或读音集合未覆盖；不猜测
简单鹤V9.3.0纯词库 (1).txt	隽秀	jyxq	jyxq	未知飞键、非音码或读音集合未覆盖；不猜测
简单鹤V9.3.0纯词库 (1).txt	仅从	jbcl	jbcl	未知飞键、非音码或读音集合未覆盖；不猜测
简单鹤V9.3.0纯词库 (1).txt	金桔	jbju	jbju	未知飞键、非音码或读音集合未覆盖；不猜测
简单鹤V9.3.0纯词库 (1).txt	进修	jbxo	jbxo	未知飞键、非音码或读音集合未覆盖；不猜测
简单鹤V9.3.0纯词库 (1).txt	锦绣	jbxo	jbxo	未知飞键、非音码或读音集合未覆盖；不猜测
简单鹤V9.3.0纯词库 (1).txt	机修	jixo	jixo	未知飞键、非音码或读音集合未覆盖；不猜测
简单鹤V9.3.0纯词库 (1).txt	京葱	jkcl	jkcl	未知飞键、非音码或读音集合未覆盖；不猜测
简单鹤V9.3.0纯词库 (1).txt	竟从	jkcl	jkcl	未知飞键、非音码或读音集合未覆盖；不猜测
简单鹤V9.3.0纯词库 (1).txt	静修	jkxo	jkxo	未知飞键、非音码或读音集合未覆盖；不猜测
简单鹤V9.3.0纯词库 (1).txt	精修	jkxo	jkxo	未知飞键、非音码或读音集合未覆盖；不猜测
简单鹤V9.3.0纯词库 (1).txt	净赚	jkzr	jkzr	未知飞键、非音码或读音集合未覆盖；不猜测
简单鹤V9.3.0纯词库 (1).txt	将从	jlcl	jlcl	未知飞键、非音码或读音集合未覆盖；不猜测
简单鹤V9.3.0纯词库 (1).txt	姜葱	jlcl	jlcl	未知飞键、非音码或读音集合未覆盖；不猜测
简单鹤V9.3.0纯词库 (1).txt	兼洽	jmqo	jmqo	未知飞键、非音码或读音集合未覆盖；不猜测
简单鹤V9.3.0纯词库 (1).txt	检修	jmxo	jmxo	未知飞键、非音码或读音集合未覆盖；不猜测
简单鹤V9.3.0纯词库 (1).txt	兼修	jmxo	jmxo	未知飞键、非音码或读音集合未覆盖；不猜测
简单鹤V9.3.0纯词库 (1).txt	骄矜	jnqb	jnqb	未知飞键、非音码或读音集合未覆盖；不猜测
简单鹤V9.3.0纯词库 (1).txt	娇羞	jnxo	jnxo	未知飞键、非音码或读音集合未覆盖；不猜测
简单鹤V9.3.0纯词库 (1).txt	几丘	jojq	jijq	未知飞键、非音码或读音集合未覆盖；不猜测
简单鹤V9.3.0纯词库 (1).txt	几阕	jokv	jikv	未知飞键、非音码或读音集合未覆盖；不猜测
简单鹤V9.3.0纯词库 (1).txt	几顷	joqb	jiqb	未知飞键、非音码或读音集合未覆盖；不猜测
简单鹤V9.3.0纯词库 (1).txt	几帖	joqp	jiqp	未知飞键、非音码或读音集合未覆盖；不猜测
简单鹤V9.3.0纯词库 (1).txt	几匝	jova	jiva	未知飞键、非音码或读音集合未覆盖；不猜测
简单鹤V9.3.0纯词库 (1).txt	接洽	jpqo	jpqo	未知飞键、非音码或读音集合未覆盖；不猜测
简单鹤V9.3.0纯词库 (1).txt	介休	jpxo	jpxo	未知飞键、非音码或读音集合未覆盖；不猜测
简单鹤V9.3.0纯词库 (1).txt	洁修	jpxo	jpxo	未知飞键、非音码或读音集合未覆盖；不猜测
简单鹤V9.3.0纯词库 (1).txt	就从	jqcl	jqcl	未知飞键、非音码或读音集合未覆盖；不猜测
简单鹤V9.3.0纯词库 (1).txt	酒匂	jqxs	jqxs	未知飞键、非音码或读音集合未覆盖；不猜测
简单鹤V9.3.0纯词库 (1).txt	娟秀	jrxo	jrxo	未知飞键、非音码或读音集合未覆盖；不猜测
简单鹤V9.3.0纯词库 (1).txt	囧境	jsjk	jsjk	未知飞键、非音码或读音集合未覆盖；不猜测
简单鹤V9.3.0纯词库 (1).txt	囧囧	jsjs	jsjs	未知飞键、非音码或读音集合未覆盖；不猜测
简单鹤V9.3.0纯词库 (1).txt	囧菌	jsjy	jsjy	未知飞键、非音码或读音集合未覆盖；不猜测
简单鹤V9.3.0纯词库 (1).txt	囧况	jskl	jskl	未知飞键、非音码或读音集合未覆盖；不猜测
简单鹤V9.3.0纯词库 (1).txt	囧膜	jsmo	jsmo	未知飞键、非音码或读音集合未覆盖；不猜测
简单鹤V9.3.0纯词库 (1).txt	囧死	jssi	jssi	未知飞键、非音码或读音集合未覆盖；不猜测
简单鹤V9.3.0纯词库 (1).txt	囧态	jstd	jstd	未知飞键、非音码或读音集合未覆盖；不猜测
简单鹤V9.3.0纯词库 (1).txt	囧途	jstu	jstu	未知飞键、非音码或读音集合未覆盖；不猜测
简单鹤V9.3.0纯词库 (1).txt	囧神	jsuf	jsuf	未知飞键、非音码或读音集合未覆盖；不猜测
简单鹤V9.3.0纯词库 (1).txt	囧事	jsui	jsui	未知飞键、非音码或读音集合未覆盖；不猜测
简单鹤V9.3.0纯词库 (1).txt	囧样	jsyh	jsyh	未知飞键、非音码或读音集合未覆盖；不猜测
简单鹤V9.3.0纯词库 (1).txt	囧子	jszi	jszi	未知飞键、非音码或读音集合未覆盖；不猜测
简单鹤V9.3.0纯词库 (1).txt	决堤	jtti	jtti	未知飞键、非音码或读音集合未覆盖；不猜测
简单鹤V9.3.0纯词库 (1).txt	䦆头	jttz	jttz	未知飞键、非音码或读音集合未覆盖；不猜测
简单鹤V9.3.0纯词库 (1).txt	噱头	jttz	jttz	未知飞键、非音码或读音集合未覆盖；不猜测
简单鹤V9.3.0纯词库 (1).txt	巨屌	judn	judn	未知飞键、非音码或读音集合未覆盖；不猜测
简单鹤V9.3.0纯词库 (1).txt	桔梗	jugg	jugg	未知飞键、非音码或读音集合未覆盖；不猜测
简单鹤V9.3.0纯词库 (1).txt	桔红	juhs	juhs	未知飞键、非音码或读音集合未覆盖；不猜测
简单鹤V9.3.0纯词库 (1).txt	拒捕	jupu	jupu	未知飞键、非音码或读音集合未覆盖；不猜测
简单鹤V9.3.0纯词库 (1).txt	诅咒	juvz	juvz	未知飞键、非音码或读音集合未覆盖；不猜测
简单鹤V9.3.0纯词库 (1).txt	聚秀	juxo	juxo	未知飞键、非音码或读音集合未覆盖；不猜测
简单鹤V9.3.0纯词库 (1).txt	袷袢	jxpj	jxpj	未知飞键、非音码或读音集合未覆盖；不猜测
简单鹤V9.3.0纯词库 (1).txt	浃洽	jxqo	jxqo	未知飞键、非音码或读音集合未覆盖；不猜测
简单鹤V9.3.0纯词库 (1).txt	俊秀	jyxo	jyxo	未知飞键、非音码或读音集合未覆盖；不猜测
简单鹤V9.3.0纯词库 (1).txt	隽秀	jyxo	jyxo	未知飞键、非音码或读音集合未覆盖；不猜测
简单鹤V9.3.0纯词库 (1).txt	即从	jicl	jicl	未知飞键、非音码或读音集合未覆盖；不猜测
简单鹤V9.3.0纯词库 (1).txt	桔皮	jupi	jupi	未知飞键、非音码或读音集合未覆盖；不猜测
简单鹤V9.3.0纯词库 (1).txt	康宗	khzl	khzl	未知飞键、非音码或读音集合未覆盖；不猜测
简单鹤V9.3.0纯词库 (1).txt	宽纵	krzl	krzl	未知飞键、非音码或读音集合未覆盖；不猜测
简单鹤V9.3.0纯词库 (1).txt	倥偬	kszl	kszl	未知飞键、非音码或读音集合未覆盖；不猜测
简单鹤V9.3.0纯词库 (1).txt	咔嗒	kata	kata	未知飞键、非音码或读音集合未覆盖；不猜测
简单鹤V9.3.0纯词库 (1).txt	开行	kdhk	kdhk	未知飞键、非音码或读音集合未覆盖；不猜测
简单鹤V9.3.0纯词库 (1).txt	开咯	kdlo	kdlo	未知飞键、非音码或读音集合未覆盖；不猜测
简单鹤V9.3.0纯词库 (1).txt	可从	kecl	kecl	未知飞键、非音码或读音集合未覆盖；不猜测
简单鹤V9.3.0纯词库 (1).txt	砢碜	keif	keif	未知飞键、非音码或读音集合未覆盖；不猜测
简单鹤V9.3.0纯词库 (1).txt	客休	kexo	kexo	未知飞键、非音码或读音集合未覆盖；不猜测
简单鹤V9.3.0纯词库 (1).txt	抗暴	khpu	khpu	未知飞键、非音码或读音集合未覆盖；不猜测
简单鹤V9.3.0纯词库 (1).txt	坎壈	kjlj	kjlj	未知飞键、非音码或读音集合未覆盖；不猜测
简单鹤V9.3.0纯词库 (1).txt	看咯	kjlo	kjlo	未知飞键、非音码或读音集合未覆盖；不猜测
简单鹤V9.3.0纯词库 (1).txt	砍袖	kjxo	kjxo	未知飞键、非音码或读音集合未覆盖；不猜测
简单鹤V9.3.0纯词库 (1).txt	看咱	kjza	kjza	未知飞键、非音码或读音集合未覆盖；不猜测
简单鹤V9.3.0纯词库 (1).txt	快从	kkcl	kkcl	未知飞键、非音码或读音集合未覆盖；不猜测
简单鹤V9.3.0纯词库 (1).txt	快修	kkxo	kkxo	未知飞键、非音码或读音集合未覆盖；不猜测
简单鹤V9.3.0纯词库 (1).txt	快赚	kkzr	kkzr	未知飞键、非音码或读音集合未覆盖；不猜测
简单鹤V9.3.0纯词库 (1).txt	款洽	krqo	krqo	未知飞键、非音码或读音集合未覆盖；不猜测
简单鹤V9.3.0纯词库 (1).txt	苦修	kuxo	kuxo	未知飞键、非音码或读音集合未覆盖；不猜测
简单鹤V9.3.0纯词库 (1).txt	枯朽	kuxo	kuxo	未知飞键、非音码或读音集合未覆盖；不猜测
简单鹤V9.3.0纯词库 (1).txt	亏赚	kvzr	kvzr	未知飞键、非音码或读音集合未覆盖；不猜测
简单鹤V9.3.0纯词库 (1).txt	稇载	kyzd	kyzd	未知飞键、非音码或读音集合未覆盖；不猜测
简单鹤V9.3.0纯词库 (1).txt	口羞	kzxo	kzxo	未知飞键、非音码或读音集合未覆盖；不猜测
简单鹤V9.3.0纯词库 (1).txt	克总	kezl	kezl	未知飞键、非音码或读音集合未覆盖；不猜测
简单鹤V9.3.0纯词库 (1).txt	看嗯	kjen	kjen	未知飞键、非音码或读音集合未覆盖；不猜测
简单鹤V9.3.0纯词库 (1).txt	老总	lczl	lczl	未知飞键、非音码或读音集合未覆盖；不猜测
简单鹤V9.3.0纯词库 (1).txt	理综	lizl	lizl	未知飞键、非音码或读音集合未覆盖；不猜测
简单鹤V9.3.0纯词库 (1).txt	李总	lizl	lizl	未知飞键、非音码或读音集合未覆盖；不猜测
简单鹤V9.3.0纯词库 (1).txt	灵宗	lkzl	lkzl	未知飞键、非音码或读音集合未覆盖；不猜测
简单鹤V9.3.0纯词库 (1).txt	列宗	lpzl	lpzl	未知飞键、非音码或读音集合未覆盖；不猜测
简单鹤V9.3.0纯词库 (1).txt	林丛	lbcl	lbcl	未知飞键、非音码或读音集合未覆盖；不猜测
简单鹤V9.3.0纯词库 (1).txt	老挝	lcvx	lcvx	未知飞键、非音码或读音集合未覆盖；不猜测
简单鹤V9.3.0纯词库 (1).txt	老朽	lcxo	lcxo	未知飞键、非音码或读音集合未覆盖；不猜测
简单鹤V9.3.0纯词库 (1).txt	来修	ldxo	ldxo	未知飞键、非音码或读音集合未覆盖；不猜测
简单鹤V9.3.0纯词库 (1).txt	勒掯	lekf	lekf	未知飞键、非音码或读音集合未覆盖；不猜测
简单鹤V9.3.0纯词库 (1).txt	冷袖	lgxo	lgxo	未知飞键、非音码或读音集合未覆盖；不猜测
简单鹤V9.3.0纯词库 (1).txt	琅嬛	lhhr	lhhr	未知飞键、非音码或读音集合未覆盖；不猜测
简单鹤V9.3.0纯词库 (1).txt	榔槺	lhkh	lhkh	未知飞键、非音码或读音集合未覆盖；不猜测
简单鹤V9.3.0纯词库 (1).txt	踉跄	lhql	lhql	未知飞键、非音码或读音集合未覆盖；不猜测
简单鹤V9.3.0纯词库 (1).txt	莨苕	lhtn	lhtn	未知飞键、非音码或读音集合未覆盖；不猜测
简单鹤V9.3.0纯词库 (1).txt	离休	lixo	lixo	未知飞键、非音码或读音集合未覆盖；不猜测
简单鹤V9.3.0纯词库 (1).txt	蓝屏	ljpb	ljpb	未知飞键、非音码或读音集合未覆盖；不猜测
简单鹤V9.3.0纯词库 (1).txt	崚嶒	lkcg	lkcg	未知飞键、非音码或读音集合未覆盖；不猜测
简单鹤V9.3.0纯词库 (1).txt	另从	lkcl	lkcl	未知飞键、非音码或读音集合未覆盖；不猜测
简单鹤V9.3.0纯词库 (1).txt	领劵	lkjr	lkjr	未知飞键、非音码或读音集合未覆盖；不猜测
简单鹤V9.3.0纯词库 (1).txt	灵性	lkxl	lkxl	未知飞键、非音码或读音集合未覆盖；不猜测
简单鹤V9.3.0纯词库 (1).txt	领袖	lkxo	lkxo	未知飞键、非音码或读音集合未覆盖；不猜测
简单鹤V9.3.0纯词库 (1).txt	灵秀	lkxo	lkxo	未知飞键、非音码或读音集合未覆盖；不猜测
简单鹤V9.3.0纯词库 (1).txt	两袖	llxo	llxo	未知飞键、非音码或读音集合未覆盖；不猜测
简单鹤V9.3.0纯词库 (1).txt	连亘	lmgg	lmgg	未知飞键、非音码或读音集合未覆盖；不猜测
简单鹤V9.3.0纯词库 (1).txt	联袂	lmqt	lmqt	未知飞键、非音码或读音集合未覆盖；不猜测
简单鹤V9.3.0纯词库 (1).txt	连休	lmxo	lmxo	未知飞键、非音码或读音集合未覆盖；不猜测
简单鹤V9.3.0纯词库 (1).txt	罗裳	loih	loih	未知飞键、非音码或读音集合未覆盖；不猜测
简单鹤V9.3.0纯词库 (1).txt	烈属	lpvu	lpvu	未知飞键、非音码或读音集合未覆盖；不猜测
简单鹤V9.3.0纯词库 (1).txt	猎食	lpyi	lpyi	未知飞键、非音码或读音集合未覆盖；不猜测
简单鹤V9.3.0纯词库 (1).txt	硫磺	lqhl	lqhl	未知飞键、非音码或读音集合未覆盖；不猜测
简单鹤V9.3.0纯词库 (1).txt	尨茸	lsrs	lsrs	未知飞键、非音码或读音集合未覆盖；不猜测
简单鹤V9.3.0纯词库 (1).txt	略屌	ltdn	ltdn	未知飞键、非音码或读音集合未覆盖；不猜测
简单鹤V9.3.0纯词库 (1).txt	六合	luhe	luhe	未知飞键、非音码或读音集合未覆盖；不猜测
简单鹤V9.3.0纯词库 (1).txt	绿丛	lvcl	lvcl	未知飞键、非音码或读音集合未覆盖；不猜测
简单鹤V9.3.0纯词库 (1).txt	轮休	lyxo	lyxo	未知飞键、非音码或读音集合未覆盖；不猜测
简单鹤V9.3.0纯词库 (1).txt	茏葱	lscl	lscl	未知飞键、非音码或读音集合未覆盖；不猜测
简单鹤V9.3.0纯词库 (1).txt	珑璁	lscl	lscl	未知飞键、非音码或读音集合未覆盖；不猜测
简单鹤V9.3.0纯词库 (1).txt	连从	lmcl	lmcl	未知飞键、非音码或读音集合未覆盖；不猜测
简单鹤V9.3.0纯词库 (1).txt	刘总	lqzl	lqzl	未知飞键、非音码或读音集合未覆盖；不猜测
简单鹤V9.3.0纯词库 (1).txt	林总	lbzl	lbzl	未知飞键、非音码或读音集合未覆盖；不猜测
简单鹤V9.3.0纯词库 (1).txt	罗总	lozl	lozl	未知飞键、非音码或读音集合未覆盖；不猜测
简单鹤V9.3.0纯词库 (1).txt	吕总	lvzl	lvzl	未知飞键、非音码或读音集合未覆盖；不猜测
简单鹤V9.3.0纯词库 (1).txt	律宗	lvzl	lvzl	未知飞键、非音码或读音集合未覆盖；不猜测
简单鹤V9.3.0纯词库 (1).txt	雷总	lwzl	lwzl	未知飞键、非音码或读音集合未覆盖；不猜测
简单鹤V9.3.0纯词库 (1).txt	撸屌	ludn	ludn	未知飞键、非音码或读音集合未覆盖；不猜测
简单鹤V9.3.0纯词库 (1).txt	亮荘	llvl	llvl	未知飞键、非音码或读音集合未覆盖；不猜测
简单鹤V9.3.0纯词库 (1).txt	恋综	lmzl	lmzl	未知飞键、非音码或读音集合未覆盖；不猜测
简单鹤V9.3.0纯词库 (1).txt	驴屌	lvdn	lvdn	未知飞键、非音码或读音集合未覆盖；不猜测
简单鹤V9.3.0纯词库 (1).txt	马鬃	mazl	mazl	未知飞键、非音码或读音集合未覆盖；不猜测
简单鹤V9.3.0纯词库 (1).txt	马总	mazl	mazl	未知飞键、非音码或读音集合未覆盖；不猜测
简单鹤V9.3.0纯词库 (1).txt	迷踪	mizl	mizl	未知飞键、非音码或读音集合未覆盖；不猜测
简单鹤V9.3.0纯词库 (1).txt	密宗	mizl	mizl	未知飞键、非音码或读音集合未覆盖；不猜测
简单鹤V9.3.0纯词库 (1).txt	魔宗	mozl	mozl	未知飞键、非音码或读音集合未覆盖；不猜测
简单鹤V9.3.0纯词库 (1).txt	妈诶	maei	maei	未知飞键、非音码或读音集合未覆盖；不猜测
简单鹤V9.3.0纯词库 (1).txt	冒咯	mclo	mclo	未知飞键、非音码或读音集合未覆盖；不猜测
简单鹤V9.3.0纯词库 (1).txt	霡霂	mdmu	mdmu	未知飞键、非音码或读音集合未覆盖；不猜测
简单鹤V9.3.0纯词库 (1).txt	尨茸	mgrs	mgrs	未知飞键、非音码或读音集合未覆盖；不猜测
简单鹤V9.3.0纯词库 (1).txt	蒙羞	mgxo	mgxo	未知飞键、非音码或读音集合未覆盖；不猜测
简单鹤V9.3.0纯词库 (1).txt	蒙犽	mgya	mgya	未知飞键、非音码或读音集合未覆盖；不猜测
简单鹤V9.3.0纯词库 (1).txt	盲从	mhcl	mhcl	未知飞键、非音码或读音集合未覆盖；不猜测
简单鹤V9.3.0纯词库 (1).txt	密从	micl	micl	未知飞键、非音码或读音集合未覆盖；不猜测
简单鹤V9.3.0纯词库 (1).txt	蜜桔	miju	miju	未知飞键、非音码或读音集合未覆盖；不猜测
简单鹤V9.3.0纯词库 (1).txt	密修	mixo	mixo	未知飞键、非音码或读音集合未覆盖；不猜测
简单鹤V9.3.0纯词库 (1).txt	漫囧	mjjs	mjjs	未知飞键、非音码或读音集合未覆盖；不猜测
简单鹤V9.3.0纯词库 (1).txt	满修	mjxo	mjxo	未知飞键、非音码或读音集合未覆盖；不猜测
简单鹤V9.3.0纯词库 (1).txt	明秀	mkxo	mkxo	未知飞键、非音码或读音集合未覆盖；不猜测
简单鹤V9.3.0纯词库 (1).txt	谬论	mnly	mnly	未知飞键、非音码或读音集合未覆盖；不猜测
简单鹤V9.3.0纯词库 (1).txt	莫邪	moye	moye	未知飞键、非音码或读音集合未覆盖；不猜测
简单鹤V9.3.0纯词库 (1).txt	蠛蝶	mpdp	mpdp	未知飞键、非音码或读音集合未覆盖；不猜测
简单鹤V9.3.0纯词库 (1).txt	蠛蠓	mpmg	mpmg	未知飞键、非音码或读音集合未覆盖；不猜测
简单鹤V9.3.0纯词库 (1).txt	乜嘢	mpye	mpye	未知飞键、非音码或读音集合未覆盖；不猜测
简单鹤V9.3.0纯词库 (1).txt	牟丛	mzcl	mzcl	未知飞键、非音码或读音集合未覆盖；不猜测
简单鹤V9.3.0纯词库 (1).txt	昴宿	mcxo	mcxo	未知飞键、非音码或读音集合未覆盖；不猜测
简单鹤V9.3.0纯词库 (1).txt	没羞	mwxo	mwxo	未知飞键、非音码或读音集合未覆盖；不猜测
简单鹤V9.3.0纯词库 (1).txt	没修	mwxo	mwxo	未知飞键、非音码或读音集合未覆盖；不猜测
简单鹤V9.3.0纯词库 (1).txt	猛从	mgcl	mgcl	未知飞键、非音码或读音集合未覆盖；不猜测
简单鹤V9.3.0纯词库 (1).txt	没从	mwcl	mwcl	未知飞键、非音码或读音集合未覆盖；不猜测
简单鹤V9.3.0纯词库 (1).txt	马修	maxo	maxo	未知飞键、非音码或读音集合未覆盖；不猜测
简单鹤V9.3.0纯词库 (1).txt	棉衣	mmei	mmei	未知飞键、非音码或读音集合未覆盖；不猜测
简单鹤V9.3.0纯词库 (1).txt	面洽	mmqo	mmqo	未知飞键、非音码或读音集合未覆盖；不猜测
简单鹤V9.3.0纯词库 (1).txt	免修	mmxo	mmxo	未知飞键、非音码或读音集合未覆盖；不猜测
简单鹤V9.3.0纯词库 (1).txt	妹摄	mwnp	mwnp	未知飞键、非音码或读音集合未覆盖；不猜测
简单鹤V9.3.0纯词库 (1).txt	蹑踪	npzl	npzl	未知飞键、非音码或读音集合未覆盖；不猜测
简单鹤V9.3.0纯词库 (1).txt	暖棕	nrzl	nrzl	未知飞键、非音码或读音集合未覆盖；不猜测
简单鹤V9.3.0纯词库 (1).txt	农综	nszl	nszl	未知飞键、非音码或读音集合未覆盖；不猜测
简单鹤V9.3.0纯词库 (1).txt	那咱	naza	naza	未知飞键、非音码或读音集合未覆盖；不猜测
简单鹤V9.3.0纯词库 (1).txt	恼羞	ncxo	ncxo	未知飞键、非音码或读音集合未覆盖；不猜测
简单鹤V9.3.0纯词库 (1).txt	耐艹	ndcc	ndcc	未知飞键、非音码或读音集合未覆盖；不猜测
简单鹤V9.3.0纯词库 (1).txt	能从	ngcl	ngcl	未知飞键、非音码或读音集合未覆盖；不猜测
简单鹤V9.3.0纯词库 (1).txt	你从	nicl	nicl	未知飞键、非音码或读音集合未覆盖；不猜测
简单鹤V9.3.0纯词库 (1).txt	疑点	nidm	nidm	未知飞键、非音码或读音集合未覆盖；不猜测
简单鹤V9.3.0纯词库 (1).txt	霓裳	niih	niih	未知飞键、非音码或读音集合未覆盖；不猜测
简单鹤V9.3.0纯词库 (1).txt	你咯	nilo	nilo	未知飞键、非音码或读音集合未覆盖；不猜测
简单鹤V9.3.0纯词库 (1).txt	泥淖	nivo	nivo	未知飞键、非音码或读音集合未覆盖；不猜测
简单鹤V9.3.0纯词库 (1).txt	你秀	nixo	nixo	未知飞键、非音码或读音集合未覆盖；不猜测
简单鹤V9.3.0纯词库 (1).txt	难捱	njai	njai	未知飞键、非音码或读音集合未覆盖；不猜测
简单鹤V9.3.0纯词库 (1).txt	难休	njxo	njxo	未知飞键、非音码或读音集合未覆盖；不猜测
简单鹤V9.3.0纯词库 (1).txt	年休	nmxo	nmxo	未知飞键、非音码或读音集合未覆盖；不猜测
简单鹤V9.3.0纯词库 (1).txt	鲶鱼	nmyu	nmyu	未知飞键、非音码或读音集合未覆盖；不猜测
简单鹤V9.3.0纯词库 (1).txt	嗯对	nndv	nndv	未知飞键、非音码或读音集合未覆盖；不猜测
简单鹤V9.3.0纯词库 (1).txt	溺死	nnsi	nnsi	未知飞键、非音码或读音集合未覆盖；不猜测
简单鹤V9.3.0纯词库 (1).txt	嗫嚅	npxu	npxu	未知飞键、非音码或读音集合未覆盖；不猜测
简单鹤V9.3.0纯词库 (1).txt	暖袖	nrxo	nrxo	未知飞键、非音码或读音集合未覆盖；不猜测
简单鹤V9.3.0纯词库 (1).txt	奴婢	nubw	nubw	未知飞键、非音码或读音集合未覆盖；不猜测
简单鹤V9.3.0纯词库 (1).txt	女屌	nvdn	nvdn	未知飞键、非音码或读音集合未覆盖；不猜测
简单鹤V9.3.0纯词库 (1).txt	女娲	nvgo	nvgo	未知飞键、非音码或读音集合未覆盖；不猜测
简单鹤V9.3.0纯词库 (1).txt	女红	nvgs	nvgs	未知飞键、非音码或读音集合未覆盖；不猜测
简单鹤V9.3.0纯词库 (1).txt	女菀	nvyy	nvyy	未知飞键、非音码或读音集合未覆盖；不猜测
简单鹤V9.3.0纯词库 (1).txt	哪本	nwbf	nwbf	未知飞键、非音码或读音集合未覆盖；不猜测
简单鹤V9.3.0纯词库 (1).txt	哪国	nwgo	nwgo	未知飞键、非音码或读音集合未覆盖；不猜测
简单鹤V9.3.0纯词库 (1).txt	哪两	nwll	nwll	未知飞键、非音码或读音集合未覆盖；不猜测
简单鹤V9.3.0纯词库 (1).txt	哪条	nwtn	nwtn	未知飞键、非音码或读音集合未覆盖；不猜测
简单鹤V9.3.0纯词库 (1).txt	内秀	nwxo	nwxo	未知飞键、非音码或读音集合未覆盖；不猜测
简单鹤V9.3.0纯词库 (1).txt	摄生	npug	npug	未知飞键、非音码或读音集合未覆盖；不猜测
简单鹤V9.3.0纯词库 (1).txt	牛总	nqzl	nqzl	未知飞键、非音码或读音集合未覆盖；不猜测
简单鹤V9.3.0纯词库 (1).txt	牛屌	nqdn	nqdn	未知飞键、非音码或读音集合未覆盖；不猜测
简单鹤V9.3.0纯词库 (1).txt	二个	ooeg	ooeg	未知飞键、非音码或读音集合未覆盖；不猜测
简单鹤V9.3.0纯词库 (1).txt	初八	ooib	ooib	未知飞键、非音码或读音集合未覆盖；不猜测
简单鹤V9.3.0纯词库 (1).txt	初四	ooid	ooid	未知飞键、非音码或读音集合未覆盖；不猜测
简单鹤V9.3.0纯词库 (1).txt	初九	ooij	ooij	未知飞键、非音码或读音集合未覆盖；不猜测
简单鹤V9.3.0纯词库 (1).txt	初六	ooil	ooil	未知飞键、非音码或读音集合未覆盖；不猜测
简单鹤V9.3.0纯词库 (1).txt	初七	ooiq	ooiq	未知飞键、非音码或读音集合未覆盖；不猜测
简单鹤V9.3.0纯词库 (1).txt	初十	ooiu	ooiu	未知飞键、非音码或读音集合未覆盖；不猜测
简单鹤V9.3.0纯词库 (1).txt	初五	ooiw	ooiw	未知飞键、非音码或读音集合未覆盖；不猜测
简单鹤V9.3.0纯词库 (1).txt	十八	ooub	ooub	未知飞键、非音码或读音集合未覆盖；不猜测
简单鹤V9.3.0纯词库 (1).txt	十四	ooud	ooud	未知飞键、非音码或读音集合未覆盖；不猜测
简单鹤V9.3.0纯词库 (1).txt	十二	ooue	ooue	未知飞键、非音码或读音集合未覆盖；不猜测
简单鹤V9.3.0纯词库 (1).txt	十九	oouj	oouj	未知飞键、非音码或读音集合未覆盖；不猜测
简单鹤V9.3.0纯词库 (1).txt	十六	ooul	ooul	未知飞键、非音码或读音集合未覆盖；不猜测
简单鹤V9.3.0纯词库 (1).txt	十七	oouq	oouq	未知飞键、非音码或读音集合未覆盖；不猜测
简单鹤V9.3.0纯词库 (1).txt	十三	oous	oous	未知飞键、非音码或读音集合未覆盖；不猜测
简单鹤V9.3.0纯词库 (1).txt	十五	oouw	oouw	未知飞键、非音码或读音集合未覆盖；不猜测
简单鹤V9.3.0纯词库 (1).txt	十一	oouy	oouy	未知飞键、非音码或读音集合未覆盖；不猜测
简单鹤V9.3.0纯词库 (1).txt	之八	oovb	oovb	未知飞键、非音码或读音集合未覆盖；不猜测
简单鹤V9.3.0纯词库 (1).txt	之四	oovd	oovd	未知飞键、非音码或读音集合未覆盖；不猜测
简单鹤V9.3.0纯词库 (1).txt	之二	oove	oove	未知飞键、非音码或读音集合未覆盖；不猜测
简单鹤V9.3.0纯词库 (1).txt	之九	oovj	oovj	未知飞键、非音码或读音集合未覆盖；不猜测
简单鹤V9.3.0纯词库 (1).txt	之六	oovl	oovl	未知飞键、非音码或读音集合未覆盖；不猜测
简单鹤V9.3.0纯词库 (1).txt	之七	oovq	oovq	未知飞键、非音码或读音集合未覆盖；不猜测
简单鹤V9.3.0纯词库 (1).txt	之三	oovs	oovs	未知飞键、非音码或读音集合未覆盖；不猜测
简单鹤V9.3.0纯词库 (1).txt	之十	oovu	oovu	未知飞键、非音码或读音集合未覆盖；不猜测
简单鹤V9.3.0纯词库 (1).txt	之五	oovw	oovw	未知飞键、非音码或读音集合未覆盖；不猜测
简单鹤V9.3.0纯词库 (1).txt	之一	oovy	oovy	未知飞键、非音码或读音集合未覆盖；不猜测
简单鹤V9.3.0纯词库 (1).txt	五十	oowu	oowu	未知飞键、非音码或读音集合未覆盖；不猜测
简单鹤V9.3.0纯词库 (1).txt	一兆	ooyv	ooyv	未知飞键、非音码或读音集合未覆盖；不猜测
简单鹤V9.3.0纯词库 (1).txt	一万	ooyw	ooyw	未知飞键、非音码或读音集合未覆盖；不猜测
简单鹤V9.3.0纯词库 (1).txt	二十	ooeu	ooeu	未知飞键、非音码或读音集合未覆盖；不猜测
简单鹤V9.3.0纯词库 (1).txt	三十	oosu	oosu	未知飞键、非音码或读音集合未覆盖；不猜测
简单鹤V9.3.0纯词库 (1).txt	四十	oodu	oodu	未知飞键、非音码或读音集合未覆盖；不猜测
简单鹤V9.3.0纯词库 (1).txt	六十	oolu	oolu	未知飞键、非音码或读音集合未覆盖；不猜测
简单鹤V9.3.0纯词库 (1).txt	七十	ooqu	ooqu	未知飞键、非音码或读音集合未覆盖；不猜测
简单鹤V9.3.0纯词库 (1).txt	八十	oobu	oobu	未知飞键、非音码或读音集合未覆盖；不猜测
简单鹤V9.3.0纯词库 (1).txt	九十	ooju	ooju	未知飞键、非音码或读音集合未覆盖；不猜测
简单鹤V9.3.0纯词库 (1).txt	怕羞	paxo	paxo	未知飞键、非音码或读音集合未覆盖；不猜测
简单鹤V9.3.0纯词库 (1).txt	嫔从	pbcl	pbcl	未知飞键、非音码或读音集合未覆盖；不猜测
简单鹤V9.3.0纯词库 (1).txt	袍袖	pcxo	pcxo	未知飞键、非音码或读音集合未覆盖；不猜测
简单鹤V9.3.0纯词库 (1).txt	徘徊	pdhv	pdhv	未知飞键、非音码或读音集合未覆盖；不猜测
简单鹤V9.3.0纯词库 (1).txt	拍咯	pdlo	pdlo	未知飞键、非音码或读音集合未覆盖；不猜测
简单鹤V9.3.0纯词库 (1).txt	吡啶	pidk	pidk	未知飞键、非音码或读音集合未覆盖；不猜测
简单鹤V9.3.0纯词库 (1).txt	裨将	pijl	pijl	未知飞键、非音码或读音集合未覆盖；不猜测
简单鹤V9.3.0纯词库 (1).txt	吡喃	pinj	pinj	未知飞键、非音码或读音集合未覆盖；不猜测
简单鹤V9.3.0纯词库 (1).txt	批捕	pipu	pipu	未知飞键、非音码或读音集合未覆盖；不猜测
简单鹤V9.3.0纯词库 (1).txt	貔貅	pixo	pixo	未知飞键、非音码或读音集合未覆盖；不猜测
简单鹤V9.3.0纯词库 (1).txt	裨益	piyi	piyi	未知飞键、非音码或读音集合未覆盖；不猜测
简单鹤V9.3.0纯词库 (1).txt	盘诘	pjji	pjji	未知飞键、非音码或读音集合未覆盖；不猜测
简单鹤V9.3.0纯词库 (1).txt	拌料	pjln	pjln	未知飞键、非音码或读音集合未覆盖；不猜测
简单鹤V9.3.0纯词库 (1).txt	拚死	pjsi	pjsi	未知飞键、非音码或读音集合未覆盖；不猜测
简单鹤V9.3.0纯词库 (1).txt	拚杀	pjua	pjua	未知飞键、非音码或读音集合未覆盖；不猜测
简单鹤V9.3.0纯词库 (1).txt	嫳屑	ppxp	ppxp	未知飞键、非音码或读音集合未覆盖；不猜测
简单鹤V9.3.0纯词库 (1).txt	仆从	pucl	pucl	未知飞键、非音码或读音集合未覆盖；不猜测
简单鹤V9.3.0纯词库 (1).txt	普修	puxo	puxo	未知飞键、非音码或读音集合未覆盖；不猜测
简单鹤V9.3.0纯词库 (1).txt	仆射	puye	puye	未知飞键、非音码或读音集合未覆盖；不猜测
简单鹤V9.3.0纯词库 (1).txt	陪从	pwcl	pwcl	未知飞键、非音码或读音集合未覆盖；不猜测
简单鹤V9.3.0纯词库 (1).txt	毰毸	pwsd	pwsd	未知飞键、非音码或读音集合未覆盖；不猜测
简单鹤V9.3.0纯词库 (1).txt	焙烧	pwuc	pwuc	未知飞键、非音码或读音集合未覆盖；不猜测
简单鹤V9.3.0纯词库 (1).txt	培修	pwxo	pwxo	未知飞键、非音码或读音集合未覆盖；不猜测
简单鹤V9.3.0纯词库 (1).txt	叛宗	pjzl	pjzl	未知飞键、非音码或读音集合未覆盖；不猜测
简单鹤V9.3.0纯词库 (1).txt	气宗	qizl	qizl	未知飞键、非音码或读音集合未覆盖；不猜测
简单鹤V9.3.0纯词库 (1).txt	浅棕	qmzl	qmzl	未知飞键、非音码或读音集合未覆盖；不猜测
简单鹤V9.3.0纯词库 (1).txt	钱总	qmzl	qmzl	未知飞键、非音码或读音集合未覆盖；不猜测
简单鹤V9.3.0纯词库 (1).txt	亲洽	qbqo	qbqo	未知飞键、非音码或读音集合未覆盖；不猜测
简单鹤V9.3.0纯词库 (1).txt	螓首	qbuz	qbuz	未知飞键、非音码或读音集合未覆盖；不猜测
简单鹤V9.3.0纯词库 (1).txt	勤修	qbxo	qbxo	未知飞键、非音码或读音集合未覆盖；不猜测
简单鹤V9.3.0纯词库 (1).txt	骑从	qicl	qicl	未知飞键、非音码或读音集合未覆盖；不猜测
简单鹤V9.3.0纯词库 (1).txt	汽修	qixo	qixo	未知飞键、非音码或读音集合未覆盖；不猜测
简单鹤V9.3.0纯词库 (1).txt	青葱	qkcl	qkcl	未知飞键、非音码或读音集合未覆盖；不猜测
简单鹤V9.3.0纯词库 (1).txt	青桔	qkju	qkju	未知飞键、非音码或读音集合未覆盖；不猜测
简单鹤V9.3.0纯词库 (1).txt	腈纶	qkly	qkly	未知飞键、非音码或读音集合未覆盖；不猜测
简单鹤V9.3.0纯词库 (1).txt	清秀	qkxo	qkxo	未知飞键、非音码或读音集合未覆盖；不猜测
简单鹤V9.3.0纯词库 (1).txt	清修	qkxo	qkxo	未知飞键、非音码或读音集合未覆盖；不猜测
简单鹤V9.3.0纯词库 (1).txt	请咱	qkza	qkza	未知飞键、非音码或读音集合未覆盖；不猜测
简单鹤V9.3.0纯词库 (1).txt	抢修	qlxo	qlxo	未知飞键、非音码或读音集合未覆盖；不猜测
简单鹤V9.3.0纯词库 (1).txt	歼灭	qmmp	qmmp	未知飞键、非音码或读音集合未覆盖；不猜测
简单鹤V9.3.0纯词库 (1).txt	潜修	qmxo	qmxo	未知飞键、非音码或读音集合未覆盖；不猜测
简单鹤V9.3.0纯词库 (1).txt	且休	qpxo	qpxo	未知飞键、非音码或读音集合未覆盖；不猜测
简单鹤V9.3.0纯词库 (1).txt	求宿	qqxo	qqxo	未知飞键、非音码或读音集合未覆盖；不猜测
简单鹤V9.3.0纯词库 (1).txt	全休	qrxo	qrxo	未知飞键、非音码或读音集合未覆盖；不猜测
简单鹤V9.3.0纯词库 (1).txt	跫音	qsyb	qsyb	未知飞键、非音码或读音集合未覆盖；不猜测
简单鹤V9.3.0纯词库 (1).txt	却从	qtcl	qtcl	未知飞键、非音码或读音集合未覆盖；不猜测
简单鹤V9.3.0纯词库 (1).txt	确凿	qtzo	qtzo	未知飞键、非音码或读音集合未覆盖；不猜测
简单鹤V9.3.0纯词库 (1).txt	屈从	qucl	qucl	未知飞键、非音码或读音集合未覆盖；不猜测
简单鹤V9.3.0纯词库 (1).txt	去咯	qulo	qulo	未知飞键、非音码或读音集合未覆盖；不猜测
简单鹤V9.3.0纯词库 (1).txt	枢纽	qunq	qunq	未知飞键、非音码或读音集合未覆盖；不猜测
简单鹤V9.3.0纯词库 (1).txt	群氓	qymg	qymg	未知飞键、非音码或读音集合未覆盖；不猜测
简单鹤V9.3.0纯词库 (1).txt	掐巴	qoba	qoba	未知飞键、非音码或读音集合未覆盖；不猜测
简单鹤V9.3.0纯词库 (1).txt	掐表	qobn	qobn	未知飞键、非音码或读音集合未覆盖；不猜测
简单鹤V9.3.0纯词库 (1).txt	掐菜	qocd	qocd	未知飞键、非音码或读音集合未覆盖；不猜测
简单鹤V9.3.0纯词库 (1).txt	恰当	qodh	qodh	未知飞键、非音码或读音集合未覆盖；不猜测
简单鹤V9.3.0纯词库 (1).txt	掐点	qodm	qodm	未知飞键、非音码或读音集合未覆盖；不猜测
简单鹤V9.3.0纯词库 (1).txt	掐掉	qodn	qodn	未知飞键、非音码或读音集合未覆盖；不猜测
简单鹤V9.3.0纯词库 (1).txt	掐断	qodr	qodr	未知飞键、非音码或读音集合未覆盖；不猜测
简单鹤V9.3.0纯词库 (1).txt	恰逢	qofg	qofg	未知飞键、非音码或读音集合未覆盖；不猜测
简单鹤V9.3.0纯词库 (1).txt	恰饭	qofj	qofj	未知飞键、非音码或读音集合未覆盖；不猜测
简单鹤V9.3.0纯词库 (1).txt	髂骨	qogu	qogu	未知飞键、非音码或读音集合未覆盖；不猜测
简单鹤V9.3.0纯词库 (1).txt	洽会	qohv	qohv	未知飞键、非音码或读音集合未覆盖；不猜测
简单鹤V9.3.0纯词库 (1).txt	恰鸡	qoji	qoji	未知飞键、非音码或读音集合未覆盖；不猜测
简单鹤V9.3.0纯词库 (1).txt	掐尖	qojm	qojm	未知飞键、非音码或读音集合未覆盖；不猜测
简单鹤V9.3.0纯词库 (1).txt	掐诀	qojt	qojt	未知飞键、非音码或读音集合未覆盖；不猜测
简单鹤V9.3.0纯词库 (1).txt	掐架	qojx	qojx	未知飞键、非音码或读音集合未覆盖；不猜测
简单鹤V9.3.0纯词库 (1).txt	掐粮	qoll	qoll	未知飞键、非音码或读音集合未覆盖；不猜测
简单鹤V9.3.0纯词库 (1).txt	掐灭	qomp	qomp	未知飞键、非音码或读音集合未覆盖；不猜测
简单鹤V9.3.0纯词库 (1).txt	恰巧	qoqn	qoqn	未知飞键、非音码或读音集合未覆盖；不猜测
简单鹤V9.3.0纯词库 (1).txt	恰切	qoqp	qoqp	未知飞键、非音码或读音集合未覆盖；不猜测
简单鹤V9.3.0纯词库 (1).txt	掐人	qorf	qorf	未知飞键、非音码或读音集合未覆盖；不猜测
简单鹤V9.3.0纯词库 (1).txt	恰若	qoro	qoro	未知飞键、非音码或读音集合未覆盖；不猜测
简单鹤V9.3.0纯词库 (1).txt	恰如	qoru	qoru	未知飞键、非音码或读音集合未覆盖；不猜测
简单鹤V9.3.0纯词库 (1).txt	恰似	qosi	qosi	未知飞键、非音码或读音集合未覆盖；不猜测
简单鹤V9.3.0纯词库 (1).txt	掐死	qosi	qosi	未知飞键、非音码或读音集合未覆盖；不猜测
简单鹤V9.3.0纯词库 (1).txt	掐算	qosr	qosr	未知飞键、非音码或读音集合未覆盖；不猜测
简单鹤V9.3.0纯词库 (1).txt	洽谈	qotj	qotj	未知飞键、非音码或读音集合未覆盖；不猜测
简单鹤V9.3.0纯词库 (1).txt	洽商	qouh	qouh	未知飞键、非音码或读音集合未覆盖；不猜测
简单鹤V9.3.0纯词库 (1).txt	恰是	qoui	qoui	未知飞键、非音码或读音集合未覆盖；不猜测
简单鹤V9.3.0纯词库 (1).txt	掐指	qovi	qovi	未知飞键、非音码或读音集合未覆盖；不猜测
简单鹤V9.3.0纯词库 (1).txt	掐住	qovu	qovu	未知飞键、非音码或读音集合未覆盖；不猜测
简单鹤V9.3.0纯词库 (1).txt	洽闻	qowf	qowf	未知飞键、非音码或读音集合未覆盖；不猜测
简单鹤V9.3.0纯词库 (1).txt	洽询	qoxy	qoxy	未知飞键、非音码或读音集合未覆盖；不猜测
简单鹤V9.3.0纯词库 (1).txt	掐腰	qoyc	qoyc	未知飞键、非音码或读音集合未覆盖；不猜测
简单鹤V9.3.0纯词库 (1).txt	恰遇	qoyu	qoyu	未知飞键、非音码或读音集合未覆盖；不猜测
简单鹤V9.3.0纯词库 (1).txt	恰于	qoyu	qoyu	未知飞键、非音码或读音集合未覆盖；不猜测
简单鹤V9.3.0纯词库 (1).txt	掐晕	qoyy	qoyy	未知飞键、非音码或读音集合未覆盖；不猜测
简单鹤V9.3.0纯词库 (1).txt	掐着	qove	qove	未知飞键、非音码或读音集合未覆盖；不猜测
简单鹤V9.3.0纯词库 (1).txt	恰到	qodc	qodc	未知飞键、非音码或读音集合未覆盖；不猜测
简单鹤V9.3.0纯词库 (1).txt	洽购	qogz	qogz	未知飞键、非音码或读音集合未覆盖；不猜测
简单鹤V9.3.0纯词库 (1).txt	恰酒	qojq	qojq	未知飞键、非音码或读音集合未覆盖；不猜测
简单鹤V9.3.0纯词库 (1).txt	恰完	qowj	qowj	未知飞键、非音码或读音集合未覆盖；不猜测
简单鹤V9.3.0纯词库 (1).txt	掐我	qowo	qowo	未知飞键、非音码或读音集合未覆盖；不猜测
简单鹤V9.3.0纯词库 (1).txt	恰恰	qoqo	qoqo	未知飞键、非音码或读音集合未覆盖；不猜测
简单鹤V9.3.0纯词库 (1).txt	恰好	qohc	qohc	未知飞键、非音码或读音集合未覆盖；不猜测
简单鹤V9.3.0纯词库 (1).txt	Q弹	qqtj	qqtj	未知飞键、非音码或读音集合未覆盖；不猜测
简单鹤V9.3.0纯词库 (1).txt	奇秀	qixo	qixo	未知飞键、非音码或读音集合未覆盖；不猜测
简单鹤V9.3.0纯词库 (1).txt	人踪	rfzl	rfzl	未知飞键、非音码或读音集合未覆盖；不猜测
简单鹤V9.3.0纯词库 (1).txt	仁宗	rfzl	rfzl	未知飞键、非音码或读音集合未覆盖；不猜测
简单鹤V9.3.0纯词库 (1).txt	任总	rfzl	rfzl	未知飞键、非音码或读音集合未覆盖；不猜测
简单鹤V9.3.0纯词库 (1).txt	肉粽	rzzl	rzzl	未知飞键、非音码或读音集合未覆盖；不猜测
简单鹤V9.3.0纯词库 (1).txt	人丛	rfcl	rfcl	未知飞键、非音码或读音集合未覆盖；不猜测
简单鹤V9.3.0纯词库 (1).txt	挼搓	roco	roco	未知飞键、非音码或读音集合未覆盖；不猜测
简单鹤V9.3.0纯词库 (1).txt	融券	rsjr	rsjr	未知飞键、非音码或读音集合未覆盖；不猜测
简单鹤V9.3.0纯词库 (1).txt	融洽	rsqo	rsqo	未知飞键、非音码或读音集合未覆盖；不猜测
简单鹤V9.3.0纯词库 (1).txt	容臭	rsxo	rsxo	未知飞键、非音码或读音集合未覆盖；不猜测
简单鹤V9.3.0纯词库 (1).txt	绒绣	rsxo	rsxo	未知飞键、非音码或读音集合未覆盖；不猜测
简单鹤V9.3.0纯词库 (1).txt	乳臭	ruxo	ruxo	未知飞键、非音码或读音集合未覆盖；不猜测
简单鹤V9.3.0纯词库 (1).txt	让行	rxkx	rxkx	未知飞键、非音码或读音集合未覆盖；不猜测
简单鹤V9.3.0纯词库 (1).txt	肉葱	rzcl	rzcl	未知飞键、非音码或读音集合未覆盖；不猜测
简单鹤V9.3.0纯词库 (1).txt	如从	rucl	rucl	未知飞键、非音码或读音集合未覆盖；不猜测
简单鹤V9.3.0纯词库 (1).txt	三纵	sjzl	sjzl	未知飞键、非音码或读音集合未覆盖；不猜测
简单鹤V9.3.0纯词库 (1).txt	桑椹	shvf	shvf	未知飞键、非音码或读音集合未覆盖；不猜测
简单鹤V9.3.0纯词库 (1).txt	思聪	sicl	sicl	未知飞键、非音码或读音集合未覆盖；不猜测
简单鹤V9.3.0纯词库 (1).txt	死咯	silo	silo	未知飞键、非音码或读音集合未覆盖；不猜测
简单鹤V9.3.0纯词库 (1).txt	思修	sixo	sixo	未知飞键、非音码或读音集合未覆盖；不猜测
简单鹤V9.3.0纯词库 (1).txt	三从	sjcl	sjcl	未知飞键、非音码或读音集合未覆盖；不猜测
简单鹤V9.3.0纯词库 (1).txt	散修	sjxo	sjxo	未知飞键、非音码或读音集合未覆盖；不猜测
简单鹤V9.3.0纯词库 (1).txt	算咯	srlo	srlo	未知飞键、非音码或读音集合未覆盖；不猜测
简单鹤V9.3.0纯词库 (1).txt	送修	ssxo	ssxo	未知飞键、非音码或读音集合未覆盖；不猜测
简单鹤V9.3.0纯词库 (1).txt	速洽	suqo	suqo	未知飞键、非音码或读音集合未覆盖；不猜测
简单鹤V9.3.0纯词库 (1).txt	苏修	suxo	suxo	未知飞键、非音码或读音集合未覆盖；不猜测
简单鹤V9.3.0纯词库 (1).txt	苏绣	suxo	suxo	未知飞键、非音码或读音集合未覆盖；不猜测
简单鹤V9.3.0纯词库 (1).txt	随从	svcl	svcl	未知飞键、非音码或读音集合未覆盖；不猜测
简单鹤V9.3.0纯词库 (1).txt	虽属	svvu	svvu	未知飞键、非音码或读音集合未覆盖；不猜测
简单鹤V9.3.0纯词库 (1).txt	岁修	svxo	svxo	未知飞键、非音码或读音集合未覆盖；不猜测
简单鹤V9.3.0纯词库 (1).txt	喰种	syvs	syvs	未知飞键、非音码或读音集合未覆盖；不猜测
简单鹤V9.3.0纯词库 (1).txt	孙总	syzl	syzl	未知飞键、非音码或读音集合未覆盖；不猜测
简单鹤V9.3.0纯词库 (1).txt	宋总	sszl	sszl	未知飞键、非音码或读音集合未覆盖；不猜测
简单鹤V9.3.0纯词库 (1).txt	糁汤	sath	sath	未知飞键、非音码或读音集合未覆盖；不猜测
简单鹤V9.3.0纯词库 (1).txt	糁汤	sfth	sfth	未知飞键、非音码或读音集合未覆盖；不猜测
简单鹤V9.3.0纯词库 (1).txt	太宗	tdzl	tdzl	未知飞键、非音码或读音集合未覆盖；不猜测
简单鹤V9.3.0纯词库 (1).txt	天纵	tmzl	tmzl	未知飞键、非音码或读音集合未覆盖；不猜测
简单鹤V9.3.0纯词库 (1).txt	甜棕	tmzl	tmzl	未知飞键、非音码或读音集合未覆盖；不猜测
简单鹤V9.3.0纯词库 (1).txt	同宗	tszl	tszl	未知飞键、非音码或读音集合未覆盖；不猜测
简单鹤V9.3.0纯词库 (1).txt	套袖	tcxo	tcxo	未知飞键、非音码或读音集合未覆盖；不猜测
简单鹤V9.3.0纯词库 (1).txt	太屌	tddn	tddn	未知飞键、非音码或读音集合未覆盖；不猜测
简单鹤V9.3.0纯词库 (1).txt	泰囧	tdjs	tdjs	未知飞键、非音码或读音集合未覆盖；不猜测
简单鹤V9.3.0纯词库 (1).txt	太囧	tdjs	tdjs	未知飞键、非音码或读音集合未覆盖；不猜测
简单鹤V9.3.0纯词库 (1).txt	蹄髈	tiph	tiph	未知飞键、非音码或读音集合未覆盖；不猜测
简单鹤V9.3.0纯词库 (1).txt	炭疽	tjzu	tjzu	未知飞键、非音码或读音集合未覆盖；不猜测
简单鹤V9.3.0纯词库 (1).txt	听从	tkcl	tkcl	未知飞键、非音码或读音集合未覆盖；不猜测
简单鹤V9.3.0纯词库 (1).txt	听咯	tklo	tklo	未知飞键、非音码或读音集合未覆盖；不猜测
简单鹤V9.3.0纯词库 (1).txt	停休	tkxo	tkxo	未知飞键、非音码或读音集合未覆盖；不猜测
简单鹤V9.3.0纯词库 (1).txt	天秀	tmxo	tmxo	未知飞键、非音码或读音集合未覆盖；不猜测
简单鹤V9.3.0纯词库 (1).txt	调休	tnxo	tnxo	未知飞键、非音码或读音集合未覆盖；不猜测
简单鹤V9.3.0纯词库 (1).txt	啴喛	tohr	tohr	未知飞键、非音码或读音集合未覆盖；不猜测
简单鹤V9.3.0纯词库 (1).txt	跅弛	toii	toii	未知飞键、非音码或读音集合未覆盖；不猜测
简单鹤V9.3.0纯词库 (1).txt	妥洽	toqo	toqo	未知飞键、非音码或读音集合未覆盖；不猜测
简单鹤V9.3.0纯词库 (1).txt	铁锈	tpxo	tpxo	未知飞键、非音码或读音集合未覆盖；不猜测
简单鹤V9.3.0纯词库 (1).txt	团圞	trlr	trlr	未知飞键、非音码或读音集合未覆盖；不猜测
简单鹤V9.3.0纯词库 (1).txt	铜锈	tsxo	tsxo	未知飞键、非音码或读音集合未覆盖；不猜测
简单鹤V9.3.0纯词库 (1).txt	铜臭	tsxo	tsxo	未知飞键、非音码或读音集合未覆盖；不猜测
简单鹤V9.3.0纯词库 (1).txt	吐蕃	tufj	tufj	未知飞键、非音码或读音集合未覆盖；不猜测
简单鹤V9.3.0纯词库 (1).txt	退开	tvkk	tvkk	未知飞键、非音码或读音集合未覆盖；不猜测
简单鹤V9.3.0纯词库 (1).txt	退佃	tvtm	tvtm	未知飞键、非音码或读音集合未覆盖；不猜测
简单鹤V9.3.0纯词库 (1).txt	退休	tvxo	tvxo	未知飞键、非音码或读音集合未覆盖；不猜测
简单鹤V9.3.0纯词库 (1).txt	沌口	tykz	tykz	未知飞键、非音码或读音集合未覆盖；不猜测
简单鹤V9.3.0纯词库 (1).txt	屯邅	tyvj	tyvj	未知飞键、非音码或读音集合未覆盖；不猜测
简单鹤V9.3.0纯词库 (1).txt	氽稀	tyxi	tyxi	未知飞键、非音码或读音集合未覆盖；不猜测
简单鹤V9.3.0纯词库 (1).txt	体修	tixo	tixo	未知飞键、非音码或读音集合未覆盖；不猜测
简单鹤V9.3.0纯词库 (1).txt	天聪	tmcl	tmcl	未知飞键、非音码或读音集合未覆盖；不猜测
简单鹤V9.3.0纯词库 (1).txt	网调	thtn	thtn	未知飞键、非音码或读音集合未覆盖；不猜测
简单鹤V9.3.0纯词库 (1).txt	铁屌	tpdn	tpdn	未知飞键、非音码或读音集合未覆盖；不猜测
简单鹤V9.3.0纯词库 (1).txt	劏房	thfh	thfh	未知飞键、非音码或读音集合未覆盖；不猜测
简单鹤V9.3.0纯词库 (1).txt	团综	trzl	trzl	未知飞键、非音码或读音集合未覆盖；不猜测
简单鹤V9.3.0纯词库 (1).txt	深棕	ufzl	ufzl	未知飞键、非音码或读音集合未覆盖；不猜测
简单鹤V9.3.0纯词库 (1).txt	神宗	ufzl	ufzl	未知飞键、非音码或读音集合未覆盖；不猜测
简单鹤V9.3.0纯词库 (1).txt	失踪	uizl	uizl	未知飞键、非音码或读音集合未覆盖；不猜测
简单鹤V9.3.0纯词库 (1).txt	衰宗	ukzl	ukzl	未知飞键、非音码或读音集合未覆盖；不猜测
简单鹤V9.3.0纯词库 (1).txt	首宗	uzzl	uzzl	未知飞键、非音码或读音集合未覆盖；不猜测
简单鹤V9.3.0纯词库 (1).txt	傻屌	uadn	uadn	未知飞键、非音码或读音集合未覆盖；不猜测
简单鹤V9.3.0纯词库 (1).txt	🔥🐓	ucji	ucji	未知飞键、非音码或读音集合未覆盖；不猜测
简单鹤V9.3.0纯词库 (1).txt	少囧	ucjs	ucjs	未知飞键、非音码或读音集合未覆盖；不猜测
简单鹤V9.3.0纯词库 (1).txt	韶秀	ucxo	ucxo	未知飞键、非音码或读音集合未覆盖；不猜测
简单鹤V9.3.0纯词库 (1).txt	哂纳	udna	udna	未知飞键、非音码或读音集合未覆盖；不猜测
简单鹤V9.3.0纯词库 (1).txt	哂笑	udxn	udxn	未知飞键、非音码或读音集合未覆盖；不猜测
简单鹤V9.3.0纯词库 (1).txt	神秀	ufxo	ufxo	未知飞键、非音码或读音集合未覆盖；不猜测
简单鹤V9.3.0纯词库 (1).txt	生葱	ugcl	ugcl	未知飞键、非音码或读音集合未覆盖；不猜测
简单鹤V9.3.0纯词库 (1).txt	胜券	ugjr	ugjr	未知飞键、非音码或读音集合未覆盖；不猜测
简单鹤V9.3.0纯词库 (1).txt	生锈	ugxo	ugxo	未知飞键、非音码或读音集合未覆盖；不猜测
简单鹤V9.3.0纯词库 (1).txt	商洽	uhqo	uhqo	未知飞键、非音码或读音集合未覆盖；不猜测
简单鹤V9.3.0纯词库 (1).txt	是从	uicl	uicl	未知飞键、非音码或读音集合未覆盖；不猜测
简单鹤V9.3.0纯词库 (1).txt	侍从	uicl	uicl	未知飞键、非音码或读音集合未覆盖；不猜测
简单鹤V9.3.0纯词库 (1).txt	失聪	uicl	uicl	未知飞键、非音码或读音集合未覆盖；不猜测
简单鹤V9.3.0纯词库 (1).txt	失修	uixo	uixo	未知飞键、非音码或读音集合未覆盖；不猜测
简单鹤V9.3.0纯词库 (1).txt	舢舨	ujbj	ujbj	未知飞键、非音码或读音集合未覆盖；不猜测
简单鹤V9.3.0纯词库 (1).txt	闪秀	ujxo	ujxo	未知飞键、非音码或读音集合未覆盖；不猜测
简单鹤V9.3.0纯词库 (1).txt	甩葱	ukcl	ukcl	未知飞键、非音码或读音集合未覆盖；不猜测
简单鹤V9.3.0纯词库 (1).txt	衰朽	ukxo	ukxo	未知飞键、非音码或读音集合未覆盖；不猜测
简单鹤V9.3.0纯词库 (1).txt	双休	ulxo	ulxo	未知飞键、非音码或读音集合未覆盖；不猜测
简单鹤V9.3.0纯词库 (1).txt	双修	ulxo	ulxo	未知飞键、非音码或读音集合未覆盖；不猜测
简单鹤V9.3.0纯词库 (1).txt	塑料	uoln	uoln	未知飞键、非音码或读音集合未覆盖；不猜测
简单鹤V9.3.0纯词库 (1).txt	说咯	uolo	uolo	未知飞键、非音码或读音集合未覆盖；不猜测
简单鹤V9.3.0纯词库 (1).txt	耸立	usli	usli	未知飞键、非音码或读音集合未覆盖；不猜测
简单鹤V9.3.0纯词库 (1).txt	树丛	uucl	uucl	未知飞键、非音码或读音集合未覆盖；不猜测
简单鹤V9.3.0纯词库 (1).txt	睡咯	uvlo	uvlo	未知飞键、非音码或读音集合未覆盖；不猜测
简单鹤V9.3.0纯词库 (1).txt	水秀	uvxo	uvxo	未知飞键、非音码或读音集合未覆盖；不猜测
简单鹤V9.3.0纯词库 (1).txt	水锈	uvxo	uvxo	未知飞键、非音码或读音集合未覆盖；不猜测
简单鹤V9.3.0纯词库 (1).txt	顺从	uycl	uycl	未知飞键、非音码或读音集合未覆盖；不猜测
简单鹤V9.3.0纯词库 (1).txt	首秀	uzxo	uzxo	未知飞键、非音码或读音集合未覆盖；不猜测
简单鹤V9.3.0纯词库 (1).txt	手绣	uzxo	uzxo	未知飞键、非音码或读音集合未覆盖；不猜测
简单鹤V9.3.0纯词库 (1).txt	蜀绣	uuxo	uuxo	未知飞键、非音码或读音集合未覆盖；不猜测
简单鹤V9.3.0纯词库 (1).txt	少从	uccl	uccl	未知飞键、非音码或读音集合未覆盖；不猜测
简单鹤V9.3.0纯词库 (1).txt	山丛	ujcl	ujcl	未知飞键、非音码或读音集合未覆盖；不猜测
简单鹤V9.3.0纯词库 (1).txt	水袖	uvxo	uvxo	未知飞键、非音码或读音集合未覆盖；不猜测
简单鹤V9.3.0纯词库 (1).txt	尸蟞	uibp	uibp	未知飞键、非音码或读音集合未覆盖；不猜测
简单鹤V9.3.0纯词库 (1).txt	真宗	vfzl	vfzl	未知飞键、非音码或读音集合未覆盖；不猜测
简单鹤V9.3.0纯词库 (1).txt	正宗	vgzl	vgzl	未知飞键、非音码或读音集合未覆盖；不猜测
简单鹤V9.3.0纯词库 (1).txt	郑总	vgzl	vgzl	未知飞键、非音码或读音集合未覆盖；不猜测
简单鹤V9.3.0纯词库 (1).txt	张总	vhzl	vhzl	未知飞键、非音码或读音集合未覆盖；不猜测
简单鹤V9.3.0纯词库 (1).txt	章宗	vhzl	vhzl	未知飞键、非音码或读音集合未覆盖；不猜测
简单鹤V9.3.0纯词库 (1).txt	猪鬃	vuzl	vuzl	未知飞键、非音码或读音集合未覆盖；不猜测
简单鹤V9.3.0纯词库 (1).txt	朱总	vuzl	vuzl	未知飞键、非音码或读音集合未覆盖；不猜测
简单鹤V9.3.0纯词库 (1).txt	追踪	vvzl	vvzl	未知飞键、非音码或读音集合未覆盖；不猜测
简单鹤V9.3.0纯词库 (1).txt	罩袖	vcxo	vcxo	未知飞键、非音码或读音集合未覆盖；不猜测
简单鹤V9.3.0纯词库 (1).txt	债券	vdjr	vdjr	未知飞键、非音码或读音集合未覆盖；不猜测
简单鹤V9.3.0纯词库 (1).txt	侧枝	vdvi	vdvi	未知飞键、非音码或读音集合未覆盖；不猜测
简单鹤V9.3.0纯词库 (1).txt	侧歪	vdwd	vdwd	未知飞键、非音码或读音集合未覆盖；不猜测
简单鹤V9.3.0纯词库 (1).txt	砦蟹	vdxp	vdxp	未知飞键、非音码或读音集合未覆盖；不猜测
简单鹤V9.3.0纯词库 (1).txt	折行	vehk	vehk	未知飞键、非音码或读音集合未覆盖；不猜测
简单鹤V9.3.0纯词库 (1).txt	遮羞	vexo	vexo	未知飞键、非音码或读音集合未覆盖；不猜测
简单鹤V9.3.0纯词库 (1).txt	甄嬛	vfhr	vfhr	未知飞键、非音码或读音集合未覆盖；不猜测
简单鹤V9.3.0纯词库 (1).txt	真囧	vfjs	vfjs	未知飞键、非音码或读音集合未覆盖；不猜测
简单鹤V9.3.0纯词库 (1).txt	珍馐	vfxo	vfxo	未知飞键、非音码或读音集合未覆盖；不猜测
简单鹤V9.3.0纯词库 (1).txt	真秀	vfxo	vfxo	未知飞键、非音码或读音集合未覆盖；不猜测
简单鹤V9.3.0纯词库 (1).txt	正从	vgcl	vgcl	未知飞键、非音码或读音集合未覆盖；不猜测
简单鹤V9.3.0纯词库 (1).txt	整行	vghk	vghk	未知飞键、非音码或读音集合未覆盖；不猜测
简单鹤V9.3.0纯词库 (1).txt	正楷	vgkk	vgkk	未知飞键、非音码或读音集合未覆盖；不猜测
简单鹤V9.3.0纯词库 (1).txt	整修	vgxo	vgxo	未知飞键、非音码或读音集合未覆盖；不猜测
简单鹤V9.3.0纯词库 (1).txt	掌掴	vhgo	vhgo	未知飞键、非音码或读音集合未覆盖；不猜测
简单鹤V9.3.0纯词库 (1).txt	只从	vicl	vicl	未知飞键、非音码或读音集合未覆盖；不猜测
简单鹤V9.3.0纯词库 (1).txt	直从	vicl	vicl	未知飞键、非音码或读音集合未覆盖；不猜测
简单鹤V9.3.0纯词库 (1).txt	职能	vinn	vinn	未知飞键、非音码或读音集合未覆盖；不猜测
简单鹤V9.3.0纯词库 (1).txt	绽开	vjkk	vjkk	未知飞键、非音码或读音集合未覆盖；不猜测
简单鹤V9.3.0纯词库 (1).txt	装修	vlxo	vlxo	未知飞键、非音码或读音集合未覆盖；不猜测
简单鹤V9.3.0纯词库 (1).txt	专修	vrxo	vrxo	未知飞键、非音码或读音集合未覆盖；不猜测
简单鹤V9.3.0纯词库 (1).txt	主从	vucl	vucl	未知飞键、非音码或读音集合未覆盖；不猜测
简单鹤V9.3.0纯词库 (1).txt	主修	vuxo	vuxo	未知飞键、非音码或读音集合未覆盖；不猜测
简单鹤V9.3.0纯词库 (1).txt	这便	vwbm	vwbm	未知飞键、非音码或读音集合未覆盖；不猜测
简单鹤V9.3.0纯词库 (1).txt	这副	vwfu	vwfu	未知飞键、非音码或读音集合未覆盖；不猜测
简单鹤V9.3.0纯词库 (1).txt	这回	vwhv	vwhv	未知飞键、非音码或读音集合未覆盖；不猜测
简单鹤V9.3.0纯词库 (1).txt	抓捕	vxpu	vxpu	未知飞键、非音码或读音集合未覆盖；不猜测
简单鹤V9.3.0纯词库 (1).txt	擢秀	voxo	voxo	未知飞键、非音码或读音集合未覆盖；不猜测
简单鹤V9.3.0纯词库 (1).txt	中袖	vsxo	vsxo	未知飞键、非音码或读音集合未覆盖；不猜测
简单鹤V9.3.0纯词库 (1).txt	这从	vecl	vecl	未知飞键、非音码或读音集合未覆盖；不猜测
简单鹤V9.3.0纯词库 (1).txt	赵总	vczl	vczl	未知飞键、非音码或读音集合未覆盖；不猜测
简单鹤V9.3.0纯词库 (1).txt	周总	vzzl	vzzl	未知飞键、非音码或读音集合未覆盖；不猜测
简单鹤V9.3.0纯词库 (1).txt	长屌	vhdn	vhdn	未知飞键、非音码或读音集合未覆盖；不猜测
简单鹤V9.3.0纯词库 (1).txt	文综	wfzl	wfzl	未知飞键、非音码或读音集合未覆盖；不猜测
简单鹤V9.3.0纯词库 (1).txt	文宗	wfzl	wfzl	未知飞键、非音码或读音集合未覆盖；不猜测
简单鹤V9.3.0纯词库 (1).txt	无踪	wuzl	wuzl	未知飞键、非音码或读音集合未覆盖；不猜测
简单鹤V9.3.0纯词库 (1).txt	吴总	wuzl	wuzl	未知飞键、非音码或读音集合未覆盖；不猜测
简单鹤V9.3.0纯词库 (1).txt	问咯	wflo	wflo	未知飞键、非音码或读音集合未覆盖；不猜测
简单鹤V9.3.0纯词库 (1).txt	文秀	wfxo	wfxo	未知飞键、非音码或读音集合未覆盖；不猜测
简单鹤V9.3.0纯词库 (1).txt	纨绔	wjkx	wjkx	未知飞键、非音码或读音集合未覆盖；不猜测
简单鹤V9.3.0纯词库 (1).txt	玩咯	wjlo	wjlo	未知飞键、非音码或读音集合未覆盖；不猜测
简单鹤V9.3.0纯词库 (1).txt	晚修	wjxo	wjxo	未知飞键、非音码或读音集合未覆盖；不猜测
简单鹤V9.3.0纯词库 (1).txt	挽袖	wjxo	wjxo	未知飞键、非音码或读音集合未覆盖；不猜测
简单鹤V9.3.0纯词库 (1).txt	无从	wucl	wucl	未知飞键、非音码或读音集合未覆盖；不猜测
简单鹤V9.3.0纯词库 (1).txt	午休	wuxo	wuxo	未知飞键、非音码或读音集合未覆盖；不猜测
简单鹤V9.3.0纯词库 (1).txt	无休	wuxo	wuxo	未知飞键、非音码或读音集合未覆盖；不猜测
简单鹤V9.3.0纯词库 (1).txt	无修	wuxo	wuxo	未知飞键、非音码或读音集合未覆盖；不猜测
简单鹤V9.3.0纯词库 (1).txt	猥獕	wwcv	wwcv	未知飞键、非音码或读音集合未覆盖；不猜测
简单鹤V9.3.0纯词库 (1).txt	妄行	wxkh	wxkh	未知飞键、非音码或读音集合未覆盖；不猜测
简单鹤V9.3.0纯词库 (1).txt	我艹	wocc	wocc	未知飞键、非音码或读音集合未覆盖；不猜测
简单鹤V9.3.0纯词库 (1).txt	维修	wwxo	wwxo	未知飞键、非音码或读音集合未覆盖；不猜测
简单鹤V9.3.0纯词库 (1).txt	为从	wwcl	wwcl	未知飞键、非音码或读音集合未覆盖；不猜测
简单鹤V9.3.0纯词库 (1).txt	娃娃	wowo	wowo	未知飞键、非音码或读音集合未覆盖；不猜测
简单鹤V9.3.0纯词库 (1).txt	哇哇	wowo	wowo	未知飞键、非音码或读音集合未覆盖；不猜测
简单鹤V9.3.0纯词库 (1).txt	呜喔	wuoo	wuoo	未知飞键、非音码或读音集合未覆盖；不猜测
简单鹤V9.3.0纯词库 (1).txt	王总	whzl	whzl	未知飞键、非音码或读音集合未覆盖；不猜测
简单鹤V9.3.0纯词库 (1).txt	行踪	xkzl	xkzl	未知飞键、非音码或读音集合未覆盖；不猜测
简单鹤V9.3.0纯词库 (1).txt	仙踪	xmzl	xmzl	未知飞键、非音码或读音集合未覆盖；不猜测
简单鹤V9.3.0纯词库 (1).txt	咸棕	xmzl	xmzl	未知飞键、非音码或读音集合未覆盖；不猜测
简单鹤V9.3.0纯词库 (1).txt	仙宗	xmzl	xmzl	未知飞键、非音码或读音集合未覆盖；不猜测
简单鹤V9.3.0纯词库 (1).txt	玄宗	xrzl	xrzl	未知飞键、非音码或读音集合未覆盖；不猜测
简单鹤V9.3.0纯词库 (1).txt	寻踪	xyzl	xyzl	未知飞键、非音码或读音集合未覆盖；不猜测
简单鹤V9.3.0纯词库 (1).txt	循踪	xyzl	xyzl	未知飞键、非音码或读音集合未覆盖；不猜测
简单鹤V9.3.0纯词库 (1).txt	香粽	xlzl	xlzl	未知飞键、非音码或读音集合未覆盖；不猜测
简单鹤V9.3.0纯词库 (1).txt	信从	xbcl	xbcl	未知飞键、非音码或读音集合未覆盖；不猜测
简单鹤V9.3.0纯词库 (1).txt	新修	xbxo	xbxo	未知飞键、非音码或读音集合未覆盖；不猜测
简单鹤V9.3.0纯词库 (1).txt	新秀	xbxo	xbxo	未知飞键、非音码或读音集合未覆盖；不猜测
简单鹤V9.3.0纯词库 (1).txt	心弦	xbxr	xbxr	未知飞键、非音码或读音集合未覆盖；不猜测
简单鹤V9.3.0纯词库 (1).txt	矽肺	xifw	xifw	未知飞键、非音码或读音集合未覆盖；不猜测
简单鹤V9.3.0纯词库 (1).txt	欷吁	xixu	xixu	未知飞键、非音码或读音集合未覆盖；不猜测
简单鹤V9.3.0纯词库 (1).txt	细说	xiyt	xiyt	未知飞键、非音码或读音集合未覆盖；不猜测
简单鹤V9.3.0纯词库 (1).txt	习总	xizl	xizl	未知飞键、非音码或读音集合未覆盖；不猜测
简单鹤V9.3.0纯词库 (1).txt	行咯	xklo	xklo	未知飞键、非音码或读音集合未覆盖；不猜测
简单鹤V9.3.0纯词库 (1).txt	辛酸	xksr	xksr	未知飞键、非音码或读音集合未覆盖；不猜测
简单鹤V9.3.0纯词库 (1).txt	星宿	xkxo	xkxo	未知飞键、非音码或读音集合未覆盖；不猜测
简单鹤V9.3.0纯词库 (1).txt	兴修	xkxo	xkxo	未知飞键、非音码或读音集合未覆盖；不猜测
简单鹤V9.3.0纯词库 (1).txt	想从	xlcl	xlcl	未知飞键、非音码或读音集合未覆盖；不猜测
简单鹤V9.3.0纯词库 (1).txt	香葱	xlcl	xlcl	未知飞键、非音码或读音集合未覆盖；不猜测
简单鹤V9.3.0纯词库 (1).txt	相思	xlsd	xlsd	未知飞键、非音码或读音集合未覆盖；不猜测
简单鹤V9.3.0纯词库 (1).txt	先从	xmcl	xmcl	未知飞键、非音码或读音集合未覆盖；不猜测
简单鹤V9.3.0纯词库 (1).txt	纤秀	xmxo	xmxo	未知飞键、非音码或读音集合未覆盖；不猜测
简单鹤V9.3.0纯词库 (1).txt	先修	xmxo	xmxo	未知飞键、非音码或读音集合未覆盖；不猜测
简单鹤V9.3.0纯词库 (1).txt	小葱	xncl	xncl	未知飞键、非音码或读音集合未覆盖；不猜测
简单鹤V9.3.0纯词库 (1).txt	硝磺	xnhl	xnhl	未知飞键、非音码或读音集合未覆盖；不猜测
简单鹤V9.3.0纯词库 (1).txt	胁从	xpcl	xpcl	未知飞键、非音码或读音集合未覆盖；不猜测
简单鹤V9.3.0纯词库 (1).txt	谢咯	xplo	xplo	未知飞键、非音码或读音集合未覆盖；不猜测
简单鹤V9.3.0纯词库 (1).txt	协洽	xpqo	xpqo	未知飞键、非音码或读音集合未覆盖；不猜测
简单鹤V9.3.0纯词库 (1).txt	邪修	xpxo	xpxo	未知飞键、非音码或读音集合未覆盖；不猜测
简单鹤V9.3.0纯词库 (1).txt	璇琮	xrcl	xrcl	未知飞键、非音码或读音集合未覆盖；不猜测
简单鹤V9.3.0纯词库 (1).txt	喧豗	xrhv	xrhv	未知飞键、非音码或读音集合未覆盖；不猜测
简单鹤V9.3.0纯词库 (1).txt	选修	xrxo	xrxo	未知飞键、非音码或读音集合未覆盖；不猜测
简单鹤V9.3.0纯词库 (1).txt	选秀	xrxo	xrxo	未知飞键、非音码或读音集合未覆盖；不猜测
简单鹤V9.3.0纯词库 (1).txt	酗酒	xsjq	xsjq	未知飞键、非音码或读音集合未覆盖；不猜测
简单鹤V9.3.0纯词库 (1).txt	絮聒	xugx	xugx	未知飞键、非音码或读音集合未覆盖；不猜测
简单鹤V9.3.0纯词库 (1).txt	唬杀	xxua	xxua	未知飞键、非音码或读音集合未覆盖；不猜测
简单鹤V9.3.0纯词库 (1).txt	下修	xxxo	xxxo	未知飞键、非音码或读音集合未覆盖；不猜测
简单鹤V9.3.0纯词库 (1).txt	驯从	xycl	xycl	未知飞键、非音码或读音集合未覆盖；不猜测
简单鹤V9.3.0纯词库 (1).txt	巡捕	xypu	xypu	未知飞键、非音码或读音集合未覆盖；不猜测
简单鹤V9.3.0纯词库 (1).txt	荀谌	xyuf	xyuf	未知飞键、非音码或读音集合未覆盖；不猜测
简单鹤V9.3.0纯词库 (1).txt	荤粥	xyvz	xyvz	未知飞键、非音码或读音集合未覆盖；不猜测
简单鹤V9.3.0纯词库 (1).txt	湘绣	xlxo	xlxo	未知飞键、非音码或读音集合未覆盖；不猜测
简单鹤V9.3.0纯词库 (1).txt	溴苯	xobf	xobf	未知飞键、非音码或读音集合未覆盖；不猜测
简单鹤V9.3.0纯词库 (1).txt	休班	xobj	xobj	未知飞键、非音码或读音集合未覆盖；不猜测
简单鹤V9.3.0纯词库 (1).txt	锈斑	xobj	xobj	未知飞键、非音码或读音集合未覆盖；不猜测
简单鹤V9.3.0纯词库 (1).txt	修补	xobu	xobu	未知飞键、非音码或读音集合未覆盖；不猜测
简单鹤V9.3.0纯词库 (1).txt	秀才	xocd	xocd	未知飞键、非音码或读音集合未覆盖；不猜测
简单鹤V9.3.0纯词库 (1).txt	修辞	xoci	xoci	未知飞键、非音码或读音集合未覆盖；不猜测
简单鹤V9.3.0纯词库 (1).txt	羞惭	xocj	xocj	未知飞键、非音码或读音集合未覆盖；不猜测
简单鹤V9.3.0纯词库 (1).txt	嗅到	xodc	xodc	未知飞键、非音码或读音集合未覆盖；不猜测
简单鹤V9.3.0纯词库 (1).txt	修道	xodc	xodc	未知飞键、非音码或读音集合未覆盖；不猜测
简单鹤V9.3.0纯词库 (1).txt	修订	xodk	xodk	未知飞键、非音码或读音集合未覆盖；不猜测
简单鹤V9.3.0纯词库 (1).txt	秀儿	xoer	xoer	未知飞键、非音码或读音集合未覆盖；不猜测
简单鹤V9.3.0纯词库 (1).txt	秀发	xofa	xofa	未知飞键、非音码或读音集合未覆盖；不猜测
简单鹤V9.3.0纯词库 (1).txt	羞愤	xoff	xoff	未知飞键、非音码或读音集合未覆盖；不猜测
简单鹤V9.3.0纯词库 (1).txt	修复	xofu	xofu	未知飞键、非音码或读音集合未覆盖；不猜测
简单鹤V9.3.0纯词库 (1).txt	休夫	xofu	xofu	未知飞键、非音码或读音集合未覆盖；不猜测
简单鹤V9.3.0纯词库 (1).txt	修改	xogd	xogd	未知飞键、非音码或读音集合未覆盖；不猜测
简单鹤V9.3.0纯词库 (1).txt	休怪	xogk	xogk	未知飞键、非音码或读音集合未覆盖；不猜测
简单鹤V9.3.0纯词库 (1).txt	修好	xohc	xohc	未知飞键、非音码或读音集合未覆盖；不猜测
简单鹤V9.3.0纯词库 (1).txt	羞红	xohs	xohs	未知飞键、非音码或读音集合未覆盖；不猜测
简单鹤V9.3.0纯词库 (1).txt	修护	xohu	xohu	未知飞键、非音码或读音集合未覆盖；不猜测
简单鹤V9.3.0纯词库 (1).txt	绣花	xohx	xohx	未知飞键、非音码或读音集合未覆盖；不猜测
简单鹤V9.3.0纯词库 (1).txt	羞花	xohx	xohx	未知飞键、非音码或读音集合未覆盖；不猜测
简单鹤V9.3.0纯词库 (1).txt	修成	xoig	xoig	未知飞键、非音码或读音集合未覆盖；不猜测
简单鹤V9.3.0纯词库 (1).txt	修长	xoih	xoih	未知飞键、非音码或读音集合未覆盖；不猜测
简单鹤V9.3.0纯词库 (1).txt	羞耻	xoii	xoii	未知飞键、非音码或读音集合未覆盖；不猜测
简单鹤V9.3.0纯词库 (1).txt	修船	xoir	xoir	未知飞键、非音码或读音集合未覆盖；不猜测
简单鹤V9.3.0纯词库 (1).txt	修建	xojm	xojm	未知飞键、非音码或读音集合未覆盖；不猜测
简单鹤V9.3.0纯词库 (1).txt	修剪	xojm	xojm	未知飞键、非音码或读音集合未覆盖；不猜测
简单鹤V9.3.0纯词库 (1).txt	修脚	xojn	xojn	未知飞键、非音码或读音集合未覆盖；不猜测
简单鹤V9.3.0纯词库 (1).txt	嗅觉	xojt	xojt	未知飞键、非音码或读音集合未覆盖；不猜测
简单鹤V9.3.0纯词库 (1).txt	休假	xojx	xojx	未知飞键、非音码或读音集合未覆盖；不猜测
简单鹤V9.3.0纯词库 (1).txt	休克	xoke	xoke	未知飞键、非音码或读音集合未覆盖；不猜测
简单鹤V9.3.0纯词库 (1).txt	羞愧	xokv	xokv	未知飞键、非音码或读音集合未覆盖；不猜测
简单鹤V9.3.0纯词库 (1).txt	袖口	xokz	xokz	未知飞键、非音码或读音集合未覆盖；不猜测
简单鹤V9.3.0纯词库 (1).txt	修理	xoli	xoli	未知飞键、非音码或读音集合未覆盖；不猜测
简单鹤V9.3.0纯词库 (1).txt	秀丽	xoli	xoli	未知飞键、非音码或读音集合未覆盖；不猜测
简单鹤V9.3.0纯词库 (1).txt	修炼	xolm	xolm	未知飞键、非音码或读音集合未覆盖；不猜测
简单鹤V9.3.0纯词库 (1).txt	修罗	xolo	xolo	未知飞键、非音码或读音集合未覆盖；不猜测
简单鹤V9.3.0纯词库 (1).txt	修路	xolu	xolu	未知飞键、非音码或读音集合未覆盖；不猜测
简单鹤V9.3.0纯词库 (1).txt	修满	xomj	xomj	未知飞键、非音码或读音集合未覆盖；不猜测
简单鹤V9.3.0纯词库 (1).txt	休眠	xomm	xomm	未知飞键、非音码或读音集合未覆盖；不猜测
简单鹤V9.3.0纯词库 (1).txt	朽木	xomu	xomu	未知飞键、非音码或读音集合未覆盖；不猜测
简单鹤V9.3.0纯词库 (1).txt	秀美	xomw	xomw	未知飞键、非音码或读音集合未覆盖；不猜测
简单鹤V9.3.0纯词库 (1).txt	秀眉	xomw	xomw	未知飞键、非音码或读音集合未覆盖；不猜测
简单鹤V9.3.0纯词库 (1).txt	羞恼	xonc	xonc	未知飞键、非音码或读音集合未覆盖；不猜测
简单鹤V9.3.0纯词库 (1).txt	羞赧	xonj	xonj	未知飞键、非音码或读音集合未覆盖；不猜测
简单鹤V9.3.0纯词库 (1).txt	修女	xonv	xonv	未知飞键、非音码或读音集合未覆盖；不猜测
简单鹤V9.3.0纯词库 (1).txt	袖袍	xopc	xopc	未知飞键、非音码或读音集合未覆盖；不猜测
简单鹤V9.3.0纯词库 (1).txt	秀气	xoqi	xoqi	未知飞键、非音码或读音集合未覆盖；不猜测
简单鹤V9.3.0纯词库 (1).txt	休憩	xoqi	xoqi	未知飞键、非音码或读音集合未覆盖；不猜测
简单鹤V9.3.0纯词库 (1).txt	修桥	xoqn	xoqn	未知飞键、非音码或读音集合未覆盖；不猜测
简单鹤V9.3.0纯词库 (1).txt	羞怯	xoqp	xoqp	未知飞键、非音码或读音集合未覆盖；不猜测
简单鹤V9.3.0纯词库 (1).txt	绣球	xoqq	xoqq	未知飞键、非音码或读音集合未覆盖；不猜测
简单鹤V9.3.0纯词库 (1).txt	羞人	xorf	xorf	未知飞键、非音码或读音集合未覆盖；不猜测
简单鹤V9.3.0纯词库 (1).txt	修容	xors	xors	未知飞键、非音码或读音集合未覆盖；不猜测
简单鹤V9.3.0纯词库 (1).txt	羞辱	xoru	xoru	未知飞键、非音码或读音集合未覆盖；不猜测
简单鹤V9.3.0纯词库 (1).txt	羞臊	xosc	xosc	未知飞键、非音码或读音集合未覆盖；不猜测
简单鹤V9.3.0纯词库 (1).txt	羞涩	xose	xose	未知飞键、非音码或读音集合未覆盖；不猜测
简单鹤V9.3.0纯词库 (1).txt	袖套	xotc	xotc	未知飞键、非音码或读音集合未覆盖；不猜测
简单鹤V9.3.0纯词库 (1).txt	嗅探	xotj	xotj	未知飞键、非音码或读音集合未覆盖；不猜测
简单鹤V9.3.0纯词库 (1).txt	休庭	xotk	xotk	未知飞键、非音码或读音集合未覆盖；不猜测
简单鹤V9.3.0纯词库 (1).txt	修调	xotn	xotn	未知飞键、非音码或读音集合未覆盖；不猜测
简单鹤V9.3.0纯词库 (1).txt	锈铁	xotp	xotp	未知飞键、非音码或读音集合未覆盖；不猜测
简单鹤V9.3.0纯词库 (1).txt	袖筒	xots	xots	未知飞键、非音码或读音集合未覆盖；不猜测
简单鹤V9.3.0纯词库 (1).txt	修图	xotu	xotu	未知飞键、非音码或读音集合未覆盖；不猜测
简单鹤V9.3.0纯词库 (1).txt	秀腿	xotv	xotv	未知飞键、非音码或读音集合未覆盖；不猜测
简单鹤V9.3.0纯词库 (1).txt	羞射	xoue	xoue	未知飞键、非音码或读音集合未覆盖；不猜测
简单鹤V9.3.0纯词库 (1).txt	修身	xouf	xouf	未知飞键、非音码或读音集合未覆盖；不猜测
简单鹤V9.3.0纯词库 (1).txt	修饰	xoui	xoui	未知飞键、非音码或读音集合未覆盖；不猜测
简单鹤V9.3.0纯词库 (1).txt	修缮	xouj	xouj	未知飞键、非音码或读音集合未覆盖；不猜测
简单鹤V9.3.0纯词库 (1).txt	修善	xouj	xouj	未知飞键、非音码或读音集合未覆盖；不猜测
简单鹤V9.3.0纯词库 (1).txt	修书	xouu	xouu	未知飞键、非音码或读音集合未覆盖；不猜测
简单鹤V9.3.0纯词库 (1).txt	休书	xouu	xouu	未知飞键、非音码或读音集合未覆盖；不猜测
简单鹤V9.3.0纯词库 (1).txt	秀水	xouv	xouv	未知飞键、非音码或读音集合未覆盖；不猜测
简单鹤V9.3.0纯词库 (1).txt	袖手	xouz	xouz	未知飞键、非音码或读音集合未覆盖；不猜测
简单鹤V9.3.0纯词库 (1).txt	袖珍	xovf	xovf	未知飞键、非音码或读音集合未覆盖；不猜测
简单鹤V9.3.0纯词库 (1).txt	修真	xovf	xovf	未知飞键、非音码或读音集合未覆盖；不猜测
简单鹤V9.3.0纯词库 (1).txt	修正	xovg	xovg	未知飞键、非音码或读音集合未覆盖；不猜测
简单鹤V9.3.0纯词库 (1).txt	休整	xovg	xovg	未知飞键、非音码或读音集合未覆盖；不猜测
简单鹤V9.3.0纯词库 (1).txt	袖章	xovh	xovh	未知飞键、非音码或读音集合未覆盖；不猜测
简单鹤V9.3.0纯词库 (1).txt	休止	xovi	xovi	未知飞键、非音码或读音集合未覆盖；不猜测
简单鹤V9.3.0纯词库 (1).txt	休战	xovj	xovj	未知飞键、非音码或读音集合未覆盖；不猜测
简单鹤V9.3.0纯词库 (1).txt	袖中	xovs	xovs	未知飞键、非音码或读音集合未覆盖；不猜测
简单鹤V9.3.0纯词库 (1).txt	修筑	xovu	xovu	未知飞键、非音码或读音集合未覆盖；不猜测
简单鹤V9.3.0纯词库 (1).txt	修网	xowh	xowh	未知飞键、非音码或读音集合未覆盖；不猜测
简单鹤V9.3.0纯词库 (1).txt	修为	xoww	xoww	未知飞键、非音码或读音集合未覆盖；不猜测
简单鹤V9.3.0纯词库 (1).txt	修心	xoxb	xoxb	未知飞键、非音码或读音集合未覆盖；不猜测
简单鹤V9.3.0纯词库 (1).txt	修行	xoxk	xoxk	未知飞键、非音码或读音集合未覆盖；不猜测
简单鹤V9.3.0纯词库 (1).txt	休想	xoxl	xoxl	未知飞键、非音码或读音集合未覆盖；不猜测
简单鹤V9.3.0纯词库 (1).txt	绣像	xoxl	xoxl	未知飞键、非音码或读音集合未覆盖；不猜测
简单鹤V9.3.0纯词库 (1).txt	休闲	xoxm	xoxm	未知飞键、非音码或读音集合未覆盖；不猜测
简单鹤V9.3.0纯词库 (1).txt	修仙	xoxm	xoxm	未知飞键、非音码或读音集合未覆盖；不猜测
简单鹤V9.3.0纯词库 (1).txt	羞羞	xoxo	xoxo	未知飞键、非音码或读音集合未覆盖；不猜测
简单鹤V9.3.0纯词库 (1).txt	绣鞋	xoxp	xoxp	未知飞键、非音码或读音集合未覆盖；不猜测
简单鹤V9.3.0纯词库 (1).txt	修鞋	xoxp	xoxp	未知飞键、非音码或读音集合未覆盖；不猜测
简单鹤V9.3.0纯词库 (1).txt	休学	xoxt	xoxt	未知飞键、非音码或读音集合未覆盖；不猜测
简单鹤V9.3.0纯词库 (1).txt	修学	xoxt	xoxt	未知飞键、非音码或读音集合未覆盖；不猜测
简单鹤V9.3.0纯词库 (1).txt	修音	xoyb	xoyb	未知飞键、非音码或读音集合未覆盖；不猜测
简单鹤V9.3.0纯词库 (1).txt	休业	xoye	xoye	未知飞键、非音码或读音集合未覆盖；不猜测
简单鹤V9.3.0纯词库 (1).txt	修养	xoyh	xoyh	未知飞键、非音码或读音集合未覆盖；不猜测
简单鹤V9.3.0纯词库 (1).txt	休养	xoyh	xoyh	未知飞键、非音码或读音集合未覆盖；不猜测
简单鹤V9.3.0纯词库 (1).txt	嗅盐	xoyj	xoyj	未知飞键、非音码或读音集合未覆盖；不猜测
简单鹤V9.3.0纯词库 (1).txt	岫岩	xoyj	xoyj	未知飞键、非音码或读音集合未覆盖；不猜测
简单鹤V9.3.0纯词库 (1).txt	修远	xoyr	xoyr	未知飞键、非音码或读音集合未覆盖；不猜测
简单鹤V9.3.0纯词库 (1).txt	秀月	xoyt	xoyt	未知飞键、非音码或读音集合未覆盖；不猜测
简单鹤V9.3.0纯词库 (1).txt	羞于	xoyu	xoyu	未知飞键、非音码或读音集合未覆盖；不猜测
简单鹤V9.3.0纯词库 (1).txt	修造	xozc	xozc	未知飞键、非音码或读音集合未覆盖；不猜测
简单鹤V9.3.0纯词库 (1).txt	袖子	xozi	xozi	未知飞键、非音码或读音集合未覆盖；不猜测
简单鹤V9.3.0纯词库 (1).txt	绣上	xouh	xouh	未知飞键、非音码或读音集合未覆盖；不猜测
简单鹤V9.3.0纯词库 (1).txt	袖头	xotz	xotz	未知飞键、非音码或读音集合未覆盖；不猜测
简单鹤V9.3.0纯词库 (1).txt	溴素	xosu	xosu	未知飞键、非音码或读音集合未覆盖；不猜测
简单鹤V9.3.0纯词库 (1).txt	修磨	xomo	xomo	未知飞键、非音码或读音集合未覆盖；不猜测
简单鹤V9.3.0纯词库 (1).txt	袖笼	xols	xols	未知飞键、非音码或读音集合未覆盖；不猜测
简单鹤V9.3.0纯词库 (1).txt	袖标	xobn	xobn	未知飞键、非音码或读音集合未覆盖；不猜测
简单鹤V9.3.0纯词库 (1).txt	绣着	xove	xove	未知飞键、非音码或读音集合未覆盖；不猜测
简单鹤V9.3.0纯词库 (1).txt	修库	xoku	xoku	未知飞键、非音码或读音集合未覆盖；不猜测
简单鹤V9.3.0纯词库 (1).txt	修毛	xomc	xomc	未知飞键、非音码或读音集合未覆盖；不猜测
简单鹤V9.3.0纯词库 (1).txt	修猫	xomc	xomc	未知飞键、非音码或读音集合未覆盖；不猜测
简单鹤V9.3.0纯词库 (1).txt	朽迈	xomd	xomd	未知飞键、非音码或读音集合未覆盖；不猜测
简单鹤V9.3.0纯词库 (1).txt	修门	xomf	xomf	未知飞键、非音码或读音集合未覆盖；不猜测
简单鹤V9.3.0纯词库 (1).txt	修配	xopw	xopw	未知飞键、非音码或读音集合未覆盖；不猜测
简单鹤V9.3.0纯词库 (1).txt	修勾	xogz	xogz	未知飞键、非音码或读音集合未覆盖；不猜测
简单鹤V9.3.0纯词库 (1).txt	修狗	xogz	xogz	未知飞键、非音码或读音集合未覆盖；不猜测
简单鹤V9.3.0纯词库 (1).txt	秀逗	xodz	xodz	未知飞键、非音码或读音集合未覆盖；不猜测
简单鹤V9.3.0纯词库 (1).txt	休息	xoxi	xoxi	未知飞键、非音码或读音集合未覆盖；不猜测
简单鹤V9.3.0纯词库 (1).txt	修习	xoxi	xoxi	未知飞键、非音码或读音集合未覆盖；不猜测
简单鹤V9.3.0纯词库 (1).txt	休刊	xokj	xokj	未知飞键、非音码或读音集合未覆盖；不猜测
简单鹤V9.3.0纯词库 (1).txt	休要	xoyc	xoyc	未知飞键、非音码或读音集合未覆盖；不猜测
简单鹤V9.3.0纯词库 (1).txt	休说	xouo	xouo	未知飞键、非音码或读音集合未覆盖；不猜测
简单鹤V9.3.0纯词库 (1).txt	溴酸	xosr	xosr	未知飞键、非音码或读音集合未覆盖；不猜测
简单鹤V9.3.0纯词库 (1).txt	秀翻	xofj	xofj	未知飞键、非音码或读音集合未覆盖；不猜测
简单鹤V9.3.0纯词库 (1).txt	修车	xoie	xoie	未知飞键、非音码或读音集合未覆盖；不猜测
简单鹤V9.3.0纯词库 (1).txt	锈迹	xoji	xoji	未知飞键、非音码或读音集合未覆盖；不猜测
简单鹤V9.3.0纯词库 (1).txt	秀吉	xoji	xoji	未知飞键、非音码或读音集合未覆盖；不猜测
简单鹤V9.3.0纯词库 (1).txt	徐总	xuzl	xuzl	未知飞键、非音码或读音集合未覆盖；不猜测
简单鹤V9.3.0纯词库 (1).txt	休赛	xosd	xosd	未知飞键、非音码或读音集合未覆盖；不猜测
简单鹤V9.3.0纯词库 (1).txt	修了	xole	xole	未知飞键、非音码或读音集合未覆盖；不猜测
简单鹤V9.3.0纯词库 (1).txt	修墓	xomu	xomu	未知飞键、非音码或读音集合未覆盖；不猜测
简单鹤V9.3.0纯词库 (1).txt	咻咻	xoxo	xoxo	未知飞键、非音码或读音集合未覆盖；不猜测
简单鹤V9.3.0纯词库 (1).txt	修修	xoxo	xoxo	未知飞键、非音码或读音集合未覆盖；不猜测
简单鹤V9.3.0纯词库 (1).txt	嗅嗅	xoxo	xoxo	未知飞键、非音码或读音集合未覆盖；不猜测
简单鹤V9.3.0纯词库 (1).txt	羞死	xosi	xosi	未知飞键、非音码或读音集合未覆盖；不猜测
简单鹤V9.3.0纯词库 (1).txt	修葺	xoqi	xoqi	未知飞键、非音码或读音集合未覆盖；不猜测
简单鹤V9.3.0纯词库 (1).txt	休妻	xoqi	xoqi	未知飞键、非音码或读音集合未覆盖；不猜测
简单鹤V9.3.0纯词库 (1).txt	锈蚀	xoui	xoui	未知飞键、非音码或读音集合未覆盖；不猜测
简单鹤V9.3.0纯词库 (1).txt	修士	xoui	xoui	未知飞键、非音码或读音集合未覆盖；不猜测
简单鹤V9.3.0纯词库 (1).txt	修声	xoug	xoug	未知飞键、非音码或读音集合未覆盖；不猜测
简单鹤V9.3.0纯词库 (1).txt	撷秀	xpxo	xpxo	未知飞键、非音码或读音集合未覆盖；不猜测
简单鹤V9.3.0纯词库 (1).txt	修眉	xomw	xomw	未知飞键、非音码或读音集合未覆盖；不猜测
简单鹤V9.3.0纯词库 (1).txt	星礈	xkvv	xkvv	未知飞键、非音码或读音集合未覆盖；不猜测
简单鹤V9.3.0纯词库 (1).txt	隐踪	ybzl	ybzl	未知飞键、非音码或读音集合未覆盖；不猜测
简单鹤V9.3.0纯词库 (1).txt	音综	ybzl	ybzl	未知飞键、非音码或读音集合未覆盖；不猜测
简单鹤V9.3.0纯词库 (1).txt	遗踪	yizl	yizl	未知飞键、非音码或读音集合未覆盖；不猜测
简单鹤V9.3.0纯词库 (1).txt	影踪	ykzl	ykzl	未知飞键、非音码或读音集合未覆盖；不猜测
简单鹤V9.3.0纯词库 (1).txt	英宗	ykzl	ykzl	未知飞键、非音码或读音集合未覆盖；不猜测
简单鹤V9.3.0纯词库 (1).txt	游踪	yzzl	yzzl	未知飞键、非音码或读音集合未覆盖；不猜测
简单鹤V9.3.0纯词库 (1).txt	油棕	yzzl	yzzl	未知飞键、非音码或读音集合未覆盖；不猜测
简单鹤V9.3.0纯词库 (1).txt	吖吖	yaaa	yaaa	未知飞键、非音码或读音集合未覆盖；不猜测
简单鹤V9.3.0纯词库 (1).txt	要从	yccl	yccl	未知飞键、非音码或读音集合未覆盖；不猜测
简单鹤V9.3.0纯词库 (1).txt	摇曳	ycvk	ycvk	未知飞键、非音码或读音集合未覆盖；不猜测
简单鹤V9.3.0纯词库 (1).txt	也从	yecl	yecl	未知飞键、非音码或读音集合未覆盖；不猜测
简单鹤V9.3.0纯词库 (1).txt	楪祈	yeqi	yeqi	未知飞键、非音码或读音集合未覆盖；不猜测
简单鹤V9.3.0纯词库 (1).txt	叶修	yexo	yexo	未知飞键、非音码或读音集合未覆盖；不猜测
简单鹤V9.3.0纯词库 (1).txt	也赚	yezr	yezr	未知飞键、非音码或读音集合未覆盖；不猜测
简单鹤V9.3.0纯词库 (1).txt	洋葱	yhcl	yhcl	未知飞键、非音码或读音集合未覆盖；不猜测
简单鹤V9.3.0纯词库 (1).txt	洋屌	yhdn	yhdn	未知飞键、非音码或读音集合未覆盖；不猜测
简单鹤V9.3.0纯词库 (1).txt	依从	yicl	yicl	未知飞键、非音码或读音集合未覆盖；不猜测
简单鹤V9.3.0纯词库 (1).txt	已从	yicl	yicl	未知飞键、非音码或读音集合未覆盖；不猜测
简单鹤V9.3.0纯词库 (1).txt	意洽	yiqo	yiqo	未知飞键、非音码或读音集合未覆盖；不猜测
简单鹤V9.3.0纯词库 (1).txt	烟囱	yjcl	yjcl	未知飞键、非音码或读音集合未覆盖；不猜测
简单鹤V9.3.0纯词库 (1).txt	研修	yjxo	yjxo	未知飞键、非音码或读音集合未覆盖；不猜测
简单鹤V9.3.0纯词库 (1).txt	应从	ykcl	ykcl	未知飞键、非音码或读音集合未覆盖；不猜测
简单鹤V9.3.0纯词库 (1).txt	赢咯	yklo	yklo	未知飞键、非音码或读音集合未覆盖；不猜测
简单鹤V9.3.0纯词库 (1).txt	映秀	ykxo	ykxo	未知飞键、非音码或读音集合未覆盖；不猜测
简单鹤V9.3.0纯词库 (1).txt	颖秀	ykxo	ykxo	未知飞键、非音码或读音集合未覆盖；不猜测
简单鹤V9.3.0纯词库 (1).txt	眼力	ymli	ymli	未知飞键、非音码或读音集合未覆盖；不猜测
简单鹤V9.3.0纯词库 (1).txt	圆葱	yrcl	yrcl	未知飞键、非音码或读音集合未覆盖；不猜测
简单鹤V9.3.0纯词库 (1).txt	永修	ysxo	ysxo	未知飞键、非音码或读音集合未覆盖；不猜测
简单鹤V9.3.0纯词库 (1).txt	用修	ysxo	ysxo	未知飞键、非音码或读音集合未覆盖；不猜测
简单鹤V9.3.0纯词库 (1).txt	越囧	ytjs	ytjs	未知飞键、非音码或读音集合未覆盖；不猜测
简单鹤V9.3.0纯词库 (1).txt	曱甴	ytyz	ytyz	未知飞键、非音码或读音集合未覆盖；不猜测
简单鹤V9.3.0纯词库 (1).txt	玉葱	yucl	yucl	未知飞键、非音码或读音集合未覆盖；不猜测
简单鹤V9.3.0纯词库 (1).txt	翌日	yuri	yuri	未知飞键、非音码或读音集合未覆盖；不猜测
简单鹤V9.3.0纯词库 (1).txt	毓秀	yuxo	yuxo	未知飞键、非音码或读音集合未覆盖；不猜测
简单鹤V9.3.0纯词库 (1).txt	于总	yuzl	yuzl	未知飞键、非音码或读音集合未覆盖；不猜测
简单鹤V9.3.0纯词库 (1).txt	云从	yycl	yycl	未知飞键、非音码或读音集合未覆盖；不猜测
简单鹤V9.3.0纯词库 (1).txt	又从	yzcl	yzcl	未知飞键、非音码或读音集合未覆盖；不猜测
简单鹤V9.3.0纯词库 (1).txt	有咯	yzlo	yzlo	未知飞键、非音码或读音集合未覆盖；不猜测
简单鹤V9.3.0纯词库 (1).txt	优劣	yzlt	yzlt	未知飞键、非音码或读音集合未覆盖；不猜测
简单鹤V9.3.0纯词库 (1).txt	优秀	yzxo	yzxo	未知飞键、非音码或读音集合未覆盖；不猜测
简单鹤V9.3.0纯词库 (1).txt	衣袖	yixo	yixo	未知飞键、非音码或读音集合未覆盖；不猜测
简单鹤V9.3.0纯词库 (1).txt	杨总	yhzl	yhzl	未知飞键、非音码或读音集合未覆盖；不猜测
简单鹤V9.3.0纯词库 (1).txt	叶总	yezl	yezl	未知飞键、非音码或读音集合未覆盖；不猜测
简单鹤V9.3.0纯词库 (1).txt	优菈	yzla	yzla	未知飞键、非音码或读音集合未覆盖；不猜测
简单鹤V9.3.0纯词库 (1).txt	吔屎	yeui	yeui	未知飞键、非音码或读音集合未覆盖；不猜测
简单鹤V9.3.0纯词库 (1).txt	月休	ytxo	ytxo	未知飞键、非音码或读音集合未覆盖；不猜测
简单鹤V9.3.0纯词库 (1).txt	粤绣	ytxo	ytxo	未知飞键、非音码或读音集合未覆盖；不猜测
简单鹤V9.3.0纯词库 (1).txt	鸑鷟	ytvo	ytvo	未知飞键、非音码或读音集合未覆盖；不猜测
简单鹤V9.3.0纯词库 (1).txt	医宗	yizl	yizl	未知飞键、非音码或读音集合未覆盖；不猜测
简单鹤V9.3.0纯词库 (1).txt	枣粽	zczl	zczl	未知飞键、非音码或读音集合未覆盖；不猜测
简单鹤V9.3.0纯词库 (1).txt	祖宗	zuzl	zuzl	未知飞键、非音码或读音集合未覆盖；不猜测
简单鹤V9.3.0纯词库 (1).txt	咱爹	zadp	zadp	未知飞键、非音码或读音集合未覆盖；不猜测
简单鹤V9.3.0纯词库 (1).txt	咱就	zajq	zajq	未知飞键、非音码或读音集合未覆盖；不猜测
简单鹤V9.3.0纯词库 (1).txt	咱来	zald	zald	未知飞键、非音码或读音集合未覆盖；不猜测
简单鹤V9.3.0纯词库 (1).txt	咱俩	zalx	zalx	未知飞键、非音码或读音集合未覆盖；不猜测
简单鹤V9.3.0纯词库 (1).txt	咱妈	zama	zama	未知飞键、非音码或读音集合未覆盖；不猜测
简单鹤V9.3.0纯词库 (1).txt	咱娘	zanl	zanl	未知飞键、非音码或读音集合未覆盖；不猜测
简单鹤V9.3.0纯词库 (1).txt	杂拌	zapj	zapj	未知飞键、非音码或读音集合未覆盖；不猜测
简单鹤V9.3.0纯词库 (1).txt	咱群	zaqy	zaqy	未知飞键、非音码或读音集合未覆盖；不猜测
简单鹤V9.3.0纯词库 (1).txt	咱让	zarh	zarh	未知飞键、非音码或读音集合未覆盖；不猜测
简单鹤V9.3.0纯词库 (1).txt	咱这	zave	zave	未知飞键、非音码或读音集合未覆盖；不猜测
简单鹤V9.3.0纯词库 (1).txt	咱娃	zawa	zawa	未知飞键、非音码或读音集合未覆盖；不猜测
简单鹤V9.3.0纯词库 (1).txt	咱校	zaxn	zaxn	未知飞键、非音码或读音集合未覆盖；不猜测
简单鹤V9.3.0纯词库 (1).txt	咱也	zaye	zaye	未知飞键、非音码或读音集合未覆盖；不猜测
简单鹤V9.3.0纯词库 (1).txt	咱再	zazd	zazd	未知飞键、非音码或读音集合未覆盖；不猜测
简单鹤V9.3.0纯词库 (1).txt	皂甙	zcdd	zcdd	未知飞键、非音码或读音集合未覆盖；不猜测
简单鹤V9.3.0纯词库 (1).txt	再从	zdcl	zdcl	未知飞键、非音码或读音集合未覆盖；不猜测
简单鹤V9.3.0纯词库 (1).txt	则从	zecl	zecl	未知飞键、非音码或读音集合未覆盖；不猜测
简单鹤V9.3.0纯词库 (1).txt	啫喱	zeli	zeli	未知飞键、非音码或读音集合未覆盖；不猜测
简单鹤V9.3.0纯词库 (1).txt	咋咯	zelo	zelo	未知飞键、非音码或读音集合未覆盖；不猜测
简单鹤V9.3.0纯词库 (1).txt	自洽	ziqo	ziqo	未知飞键、非音码或读音集合未覆盖；不猜测
简单鹤V9.3.0纯词库 (1).txt	紫赯	zith	zith	未知飞键、非音码或读音集合未覆盖；不猜测
简单鹤V9.3.0纯词库 (1).txt	自修	zixo	zixo	未知飞键、非音码或读音集合未覆盖；不猜测
简单鹤V9.3.0纯词库 (1).txt	咨讯	zixt	zixt	未知飞键、非音码或读音集合未覆盖；不猜测
简单鹤V9.3.0纯词库 (1).txt	总爱	zlai	zlai	未知飞键、非音码或读音集合未覆盖；不猜测
简单鹤V9.3.0纯词库 (1).txt	总按	zlan	zlan	未知飞键、非音码或读音集合未覆盖；不猜测
简单鹤V9.3.0纯词库 (1).txt	总包	zlbc	zlbc	未知飞键、非音码或读音集合未覆盖；不猜测
简单鹤V9.3.0纯词库 (1).txt	总榜	zlbh	zlbh	未知飞键、非音码或读音集合未覆盖；不猜测
简单鹤V9.3.0纯词库 (1).txt	总办	zlbj	zlbj	未知飞键、非音码或读音集合未覆盖；不猜测
简单鹤V9.3.0纯词库 (1).txt	总编	zlbm	zlbm	未知飞键、非音码或读音集合未覆盖；不猜测
简单鹤V9.3.0纯词库 (1).txt	总表	zlbn	zlbn	未知飞键、非音码或读音集合未覆盖；不猜测
简单鹤V9.3.0纯词库 (1).txt	纵波	zlbo	zlbo	未知飞键、非音码或读音集合未覆盖；不猜测
简单鹤V9.3.0纯词库 (1).txt	总部	zlbu	zlbu	未知飞键、非音码或读音集合未覆盖；不猜测
简单鹤V9.3.0纯词库 (1).txt	纵步	zlbu	zlbu	未知飞键、非音码或读音集合未覆盖；不猜测
简单鹤V9.3.0纯词库 (1).txt	总被	zlbw	zlbw	未知飞键、非音码或读音集合未覆盖；不猜测
简单鹤V9.3.0纯词库 (1).txt	总裁	zlcd	zlcd	未知飞键、非音码或读音集合未覆盖；不猜测
简单鹤V9.3.0纯词库 (1).txt	宗祠	zlci	zlci	未知飞键、非音码或读音集合未覆盖；不猜测
简单鹤V9.3.0纯词库 (1).txt	总参	zlcj	zlcj	未知飞键、非音码或读音集合未覆盖；不猜测
简单鹤V9.3.0纯词库 (1).txt	总到	zldc	zldc	未知飞键、非音码或读音集合未覆盖；不猜测
简单鹤V9.3.0纯词库 (1).txt	总代	zldd	zldd	未知飞键、非音码或读音集合未覆盖；不猜测
简单鹤V9.3.0纯词库 (1).txt	纵荡	zldh	zldh	未知飞键、非音码或读音集合未覆盖；不猜测
简单鹤V9.3.0纯词库 (1).txt	宗地	zldi	zldi	未知飞键、非音码或读音集合未覆盖；不猜测
简单鹤V9.3.0纯词库 (1).txt	总店	zldm	zldm	未知飞键、非音码或读音集合未覆盖；不猜测
简单鹤V9.3.0纯词库 (1).txt	总掉	zldn	zldn	未知飞键、非音码或读音集合未覆盖；不猜测
简单鹤V9.3.0纯词库 (1).txt	总舵	zldo	zldo	未知飞键、非音码或读音集合未覆盖；不猜测
简单鹤V9.3.0纯词库 (1).txt	总段	zldr	zldr	未知飞键、非音码或读音集合未覆盖；不猜测
简单鹤V9.3.0纯词库 (1).txt	总动	zlds	zlds	未知飞键、非音码或读音集合未覆盖；不猜测
简单鹤V9.3.0纯词库 (1).txt	总督	zldu	zldu	未知飞键、非音码或读音集合未覆盖；不猜测
简单鹤V9.3.0纯词库 (1).txt	纵队	zldv	zldv	未知飞键、非音码或读音集合未覆盖；不猜测
简单鹤V9.3.0纯词库 (1).txt	总队	zldv	zldv	未知飞键、非音码或读音集合未覆盖；不猜测
简单鹤V9.3.0纯词库 (1).txt	总得	zldw	zldw	未知飞键、非音码或读音集合未覆盖；不猜测
简单鹤V9.3.0纯词库 (1).txt	总额	zlee	zlee	未知飞键、非音码或读音集合未覆盖；不猜测
简单鹤V9.3.0纯词库 (1).txt	总而	zler	zler	未知飞键、非音码或读音集合未覆盖；不猜测
简单鹤V9.3.0纯词库 (1).txt	总分	zlff	zlff	未知飞键、非音码或读音集合未覆盖；不猜测
简单鹤V9.3.0纯词库 (1).txt	纵缝	zlfg	zlfg	未知飞键、非音码或读音集合未覆盖；不猜测
简单鹤V9.3.0纯词库 (1).txt	纵风	zlfg	zlfg	未知飞键、非音码或读音集合未覆盖；不猜测
简单鹤V9.3.0纯词库 (1).txt	宗方	zlfh	zlfh	未知飞键、非音码或读音集合未覆盖；不猜测
简单鹤V9.3.0纯词库 (1).txt	纵放	zlfh	zlfh	未知飞键、非音码或读音集合未覆盖；不猜测
简单鹤V9.3.0纯词库 (1).txt	宗藩	zlfj	zlfj	未知飞键、非音码或读音集合未覆盖；不猜测
简单鹤V9.3.0纯词库 (1).txt	总府	zlfu	zlfu	未知飞键、非音码或读音集合未覆盖；不猜测
简单鹤V9.3.0纯词库 (1).txt	总付	zlfu	zlfu	未知飞键、非音码或读音集合未覆盖；不猜测
简单鹤V9.3.0纯词库 (1).txt	综费	zlfw	zlfw	未知飞键、非音码或读音集合未覆盖；不猜测
简单鹤V9.3.0纯词库 (1).txt	总该	zlgd	zlgd	未知飞键、非音码或读音集合未覆盖；不猜测
简单鹤V9.3.0纯词库 (1).txt	纵膈	zlge	zlge	未知飞键、非音码或读音集合未覆盖；不猜测
简单鹤V9.3.0纯词库 (1).txt	总格	zlge	zlge	未知飞键、非音码或读音集合未覆盖；不猜测
简单鹤V9.3.0纯词库 (1).txt	总跟	zlgf	zlgf	未知飞键、非音码或读音集合未覆盖；不猜测
简单鹤V9.3.0纯词库 (1).txt	总纲	zlgh	zlgh	未知飞键、非音码或读音集合未覆盖；不猜测
简单鹤V9.3.0纯词库 (1).txt	总管	zlgr	zlgr	未知飞键、非音码或读音集合未覆盖；不猜测
简单鹤V9.3.0纯词库 (1).txt	纵观	zlgr	zlgr	未知飞键、非音码或读音集合未覆盖；不猜测
简单鹤V9.3.0纯词库 (1).txt	总共	zlgs	zlgs	未知飞键、非音码或读音集合未覆盖；不猜测
简单鹤V9.3.0纯词库 (1).txt	总攻	zlgs	zlgs	未知飞键、非音码或读音集合未覆盖；不猜测
简单鹤V9.3.0纯词库 (1).txt	总归	zlgv	zlgv	未知飞键、非音码或读音集合未覆盖；不猜测
简单鹤V9.3.0纯词库 (1).txt	总给	zlgw	zlgw	未知飞键、非音码或读音集合未覆盖；不猜测
简单鹤V9.3.0纯词库 (1).txt	纵沟	zlgz	zlgz	未知飞键、非音码或读音集合未覆盖；不猜测
简单鹤V9.3.0纯词库 (1).txt	总耗	zlhc	zlhc	未知飞键、非音码或读音集合未覆盖；不猜测
简单鹤V9.3.0纯词库 (1).txt	综合	zlhe	zlhe	未知飞键、非音码或读音集合未覆盖；不猜测
简单鹤V9.3.0纯词库 (1).txt	总和	zlhe	zlhe	未知飞键、非音码或读音集合未覆盖；不猜测
简单鹤V9.3.0纯词库 (1).txt	纵横	zlhg	zlhg	未知飞键、非音码或读音集合未覆盖；不猜测
简单鹤V9.3.0纯词库 (1).txt	棕黄	zlhl	zlhl	未知飞键、非音码或读音集合未覆盖；不猜测
简单鹤V9.3.0纯词库 (1).txt	纵火	zlho	zlho	未知飞键、非音码或读音集合未覆盖；不猜测
简单鹤V9.3.0纯词库 (1).txt	棕红	zlhs	zlhs	未知飞键、非音码或读音集合未覆盖；不猜测
简单鹤V9.3.0纯词库 (1).txt	棕黑	zlhw	zlhw	未知飞键、非音码或读音集合未覆盖；不猜测
简单鹤V9.3.0纯词库 (1).txt	总称	zlig	zlig	未知飞键、非音码或读音集合未覆盖；不猜测
简单鹤V9.3.0纯词库 (1).txt	总成	zlig	zlig	未知飞键、非音码或读音集合未覆盖；不猜测
简单鹤V9.3.0纯词库 (1).txt	总厂	zlih	zlih	未知飞键、非音码或读音集合未覆盖；不猜测
简单鹤V9.3.0纯词库 (1).txt	总长	zlih	zlih	未知飞键、非音码或读音集合未覆盖；不猜测
简单鹤V9.3.0纯词库 (1).txt	总吃	zlii	zlii	未知飞键、非音码或读音集合未覆盖；不猜测
简单鹤V9.3.0纯词库 (1).txt	总产	zlij	zlij	未知飞键、非音码或读音集合未覆盖；不猜测
简单鹤V9.3.0纯词库 (1).txt	总厨	zliu	zliu	未知飞键、非音码或读音集合未覆盖；不猜测
简单鹤V9.3.0纯词库 (1).txt	踪迹	zlji	zlji	未知飞键、非音码或读音集合未覆盖；不猜测
简单鹤V9.3.0纯词库 (1).txt	总计	zlji	zlji	未知飞键、非音码或读音集合未覆盖；不猜测
简单鹤V9.3.0纯词库 (1).txt	总经	zljk	zljk	未知飞键、非音码或读音集合未覆盖；不猜测
简单鹤V9.3.0纯词库 (1).txt	总监	zljm	zljm	未知飞键、非音码或读音集合未覆盖；不猜测
简单鹤V9.3.0纯词库 (1).txt	宗教	zljn	zljn	未知飞键、非音码或读音集合未覆盖；不猜测
简单鹤V9.3.0纯词库 (1).txt	总结	zljp	zljp	未知飞键、非音码或读音集合未覆盖；不猜测
简单鹤V9.3.0纯词库 (1).txt	纵酒	zljq	zljq	未知飞键、非音码或读音集合未覆盖；不猜测
简单鹤V9.3.0纯词库 (1).txt	总觉	zljt	zljt	未知飞键、非音码或读音集合未覆盖；不猜测
简单鹤V9.3.0纯词库 (1).txt	总局	zlju	zlju	未知飞键、非音码或读音集合未覆盖；不猜测
简单鹤V9.3.0纯词库 (1).txt	总价	zljx	zljx	未知飞键、非音码或读音集合未覆盖；不猜测
简单鹤V9.3.0纯词库 (1).txt	总开	zlkd	zlkd	未知飞键、非音码或读音集合未覆盖；不猜测
简单鹤V9.3.0纯词库 (1).txt	总可	zlke	zlke	未知飞键、非音码或读音集合未覆盖；不猜测
简单鹤V9.3.0纯词库 (1).txt	总看	zlkj	zlkj	未知飞键、非音码或读音集合未覆盖；不猜测
简单鹤V9.3.0纯词库 (1).txt	总括	zlko	zlko	未知飞键、非音码或读音集合未覆盖；不猜测
简单鹤V9.3.0纯词库 (1).txt	总款	zlkr	zlkr	未知飞键、非音码或读音集合未覆盖；不猜测
简单鹤V9.3.0纯词库 (1).txt	总控	zlks	zlks	未知飞键、非音码或读音集合未覆盖；不猜测
简单鹤V9.3.0纯词库 (1).txt	总库	zlku	zlku	未知飞键、非音码或读音集合未覆盖；不猜测
简单鹤V9.3.0纯词库 (1).txt	总来	zlld	zlld	未知飞键、非音码或读音集合未覆盖；不猜测
简单鹤V9.3.0纯词库 (1).txt	总理	zlli	zlli	未知飞键、非音码或读音集合未覆盖；不猜测
简单鹤V9.3.0纯词库 (1).txt	总览	zllj	zllj	未知飞键、非音码或读音集合未覆盖；不猜测
简单鹤V9.3.0纯词库 (1).txt	综览	zllj	zllj	未知飞键、非音码或读音集合未覆盖；不猜测
简单鹤V9.3.0纯词库 (1).txt	总领	zllk	zllk	未知飞键、非音码或读音集合未覆盖；不猜测
简单鹤V9.3.0纯词库 (1).txt	总量	zlll	zlll	未知飞键、非音码或读音集合未覆盖；不猜测
简单鹤V9.3.0纯词库 (1).txt	总料	zlln	zlln	未知飞键、非音码或读音集合未覆盖；不猜测
简单鹤V9.3.0纯词库 (1).txt	纵列	zllp	zllp	未知飞键、非音码或读音集合未覆盖；不猜测
简单鹤V9.3.0纯词库 (1).txt	棕榈	zllv	zllv	未知飞键、非音码或读音集合未覆盖；不猜测
简单鹤V9.3.0纯词库 (1).txt	总类	zllw	zllw	未知飞键、非音码或读音集合未覆盖；不猜测
简单鹤V9.3.0纯词库 (1).txt	总论	zlly	zlly	未知飞键、非音码或读音集合未覆盖；不猜测
简单鹤V9.3.0纯词库 (1).txt	纵马	zlma	zlma	未知飞键、非音码或读音集合未覆盖；不猜测
简单鹤V9.3.0纯词库 (1).txt	鬃毛	zlmc	zlmc	未知飞键、非音码或读音集合未覆盖；不猜测
简单鹤V9.3.0纯词库 (1).txt	总买	zlmd	zlmd	未知飞键、非音码或读音集合未覆盖；不猜测
简单鹤V9.3.0纯词库 (1).txt	宗门	zlmf	zlmf	未知飞键、非音码或读音集合未覆盖；不猜测
简单鹤V9.3.0纯词库 (1).txt	综漫	zlmj	zlmj	未知飞键、非音码或读音集合未覆盖；不猜测
简单鹤V9.3.0纯词库 (1).txt	纵面	zlmm	zlmm	未知飞键、非音码或读音集合未覆盖；不猜测
简单鹤V9.3.0纯词库 (1).txt	宗庙	zlmn	zlmn	未知飞键、非音码或读音集合未覆盖；不猜测
简单鹤V9.3.0纯词库 (1).txt	纵目	zlmu	zlmu	未知飞键、非音码或读音集合未覆盖；不猜测
简单鹤V9.3.0纯词库 (1).txt	总目	zlmu	zlmu	未知飞键、非音码或读音集合未覆盖；不猜测
简单鹤V9.3.0纯词库 (1).txt	总没	zlmw	zlmw	未知飞键、非音码或读音集合未覆盖；不猜测
简单鹤V9.3.0纯词库 (1).txt	总能	zlng	zlng	未知飞键、非音码或读音集合未覆盖；不猜测
简单鹤V9.3.0纯词库 (1).txt	总怕	zlpa	zlpa	未知飞键、非音码或读音集合未覆盖；不猜测
简单鹤V9.3.0纯词库 (1).txt	宗派	zlpd	zlpd	未知飞键、非音码或读音集合未覆盖；不猜测
简单鹤V9.3.0纯词库 (1).txt	总评	zlpk	zlpk	未知飞键、非音码或读音集合未覆盖；不猜测
简单鹤V9.3.0纯词库 (1).txt	综评	zlpk	zlpk	未知飞键、非音码或读音集合未覆盖；不猜测
简单鹤V9.3.0纯词库 (1).txt	纵坡	zlpo	zlpo	未知飞键、非音码或读音集合未覆盖；不猜测
简单鹤V9.3.0纯词库 (1).txt	宗谱	zlpu	zlpu	未知飞键、非音码或读音集合未覆盖；不猜测
简单鹤V9.3.0纯词库 (1).txt	总谱	zlpu	zlpu	未知飞键、非音码或读音集合未覆盖；不猜测
简单鹤V9.3.0纯词库 (1).txt	总配	zlpw	zlpw	未知飞键、非音码或读音集合未覆盖；不猜测
简单鹤V9.3.0纯词库 (1).txt	宗亲	zlqb	zlqb	未知飞键、非音码或读音集合未覆盖；不猜测
简单鹤V9.3.0纯词库 (1).txt	总起	zlqi	zlqi	未知飞键、非音码或读音集合未覆盖；不猜测
简单鹤V9.3.0纯词库 (1).txt	纵情	zlqk	zlqk	未知飞键、非音码或读音集合未覆盖；不猜测
简单鹤V9.3.0纯词库 (1).txt	纵切	zlqp	zlqp	未知飞键、非音码或读音集合未覆盖；不猜测
简单鹤V9.3.0纯词库 (1).txt	粽球	zlqq	zlqq	未知飞键、非音码或读音集合未覆盖；不猜测
简单鹤V9.3.0纯词库 (1).txt	总去	zlqu	zlqu	未知飞键、非音码或读音集合未覆盖；不猜测
简单鹤V9.3.0纯词库 (1).txt	总群	zlqy	zlqy	未知飞键、非音码或读音集合未覆盖；不猜测
简单鹤V9.3.0纯词库 (1).txt	宗人	zlrf	zlrf	未知飞键、非音码或读音集合未覆盖；不猜测
简单鹤V9.3.0纯词库 (1).txt	纵任	zlrf	zlrf	未知飞键、非音码或读音集合未覆盖；不猜测
简单鹤V9.3.0纯词库 (1).txt	总让	zlrh	zlrh	未知飞键、非音码或读音集合未覆盖；不猜测
简单鹤V9.3.0纯词库 (1).txt	纵然	zlrj	zlrj	未知飞键、非音码或读音集合未覆盖；不猜测
简单鹤V9.3.0纯词库 (1).txt	纵容	zlrs	zlrs	未知飞键、非音码或读音集合未覆盖；不猜测
简单鹤V9.3.0纯词库 (1).txt	棕色	zlse	zlse	未知飞键、非音码或读音集合未覆盖；不猜测
简单鹤V9.3.0纯词库 (1).txt	总司	zlsi	zlsi	未知飞键、非音码或读音集合未覆盖；不猜测
简单鹤V9.3.0纯词库 (1).txt	总速	zlsu	zlsu	未知飞键、非音码或读音集合未覆盖；不猜测
简单鹤V9.3.0纯词库 (1).txt	总台	zltd	zltd	未知飞键、非音码或读音集合未覆盖；不猜测
简单鹤V9.3.0纯词库 (1).txt	总体	zlti	zlti	未知飞键、非音码或读音集合未覆盖；不猜测
简单鹤V9.3.0纯词库 (1).txt	总坛	zltj	zltj	未知飞键、非音码或读音集合未覆盖；不猜测
简单鹤V9.3.0纯词库 (1).txt	纵谈	zltj	zltj	未知飞键、非音码或读音集合未覆盖；不猜测
简单鹤V9.3.0纯词库 (1).txt	总听	zltk	zltk	未知飞键、非音码或读音集合未覆盖；不猜测
简单鹤V9.3.0纯词库 (1).txt	总跳	zltn	zltn	未知飞键、非音码或读音集合未覆盖；不猜测
简单鹤V9.3.0纯词库 (1).txt	总挑	zltn	zltn	未知飞键、非音码或读音集合未覆盖；不猜测
简单鹤V9.3.0纯词库 (1).txt	综拓	zlto	zlto	未知飞键、非音码或读音集合未覆盖；不猜测
简单鹤V9.3.0纯词库 (1).txt	总统	zlts	zlts	未知飞键、非音码或读音集合未覆盖；不猜测
简单鹤V9.3.0纯词库 (1).txt	总图	zltu	zltu	未知飞键、非音码或读音集合未覆盖；不猜测
简单鹤V9.3.0纯词库 (1).txt	总投	zltz	zltz	未知飞键、非音码或读音集合未覆盖；不猜测
简单鹤V9.3.0纯词库 (1).txt	总社	zlue	zlue	未知飞键、非音码或读音集合未覆盖；不猜测
简单鹤V9.3.0纯词库 (1).txt	纵身	zluf	zluf	未知飞键、非音码或读音集合未覆盖；不猜测
简单鹤V9.3.0纯词库 (1).txt	纵深	zluf	zluf	未知飞键、非音码或读音集合未覆盖；不猜测
简单鹤V9.3.0纯词库 (1).txt	纵声	zlug	zlug	未知飞键、非音码或读音集合未覆盖；不猜测
简单鹤V9.3.0纯词库 (1).txt	综上	zluh	zluh	未知飞键、非音码或读音集合未覆盖；不猜测
简单鹤V9.3.0纯词库 (1).txt	总是	zlui	zlui	未知飞键、非音码或读音集合未覆盖；不猜测
简单鹤V9.3.0纯词库 (1).txt	宗师	zlui	zlui	未知飞键、非音码或读音集合未覆盖；不猜测
简单鹤V9.3.0纯词库 (1).txt	总说	zluo	zluo	未知飞键、非音码或读音集合未覆盖；不猜测
简单鹤V9.3.0纯词库 (1).txt	总数	zluu	zluu	未知飞键、非音码或读音集合未覆盖；不猜测
简单鹤V9.3.0纯词库 (1).txt	综述	zluu	zluu	未知飞键、非音码或读音集合未覆盖；不猜测
简单鹤V9.3.0纯词库 (1).txt	总受	zluz	zluz	未知飞键、非音码或读音集合未覆盖；不猜测
简单鹤V9.3.0纯词库 (1).txt	总闸	zlva	zlva	未知飞键、非音码或读音集合未覆盖；不猜测
简单鹤V9.3.0纯词库 (1).txt	总找	zlvc	zlvc	未知飞键、非音码或读音集合未覆盖；不猜测
简单鹤V9.3.0纯词库 (1).txt	宗哲	zlve	zlve	未知飞键、非音码或读音集合未覆盖；不猜测
简单鹤V9.3.0纯词库 (1).txt	总政	zlvg	zlvg	未知飞键、非音码或读音集合未覆盖；不猜测
简单鹤V9.3.0纯词库 (1).txt	总账	zlvh	zlvh	未知飞键、非音码或读音集合未覆盖；不猜测
简单鹤V9.3.0纯词库 (1).txt	总之	zlvi	zlvi	未知飞键、非音码或读音集合未覆盖；不猜测
简单鹤V9.3.0纯词库 (1).txt	宗旨	zlvi	zlvi	未知飞键、非音码或读音集合未覆盖；不猜测
简单鹤V9.3.0纯词库 (1).txt	总装	zlvl	zlvl	未知飞键、非音码或读音集合未覆盖；不猜测
简单鹤V9.3.0纯词库 (1).txt	总重	zlvs	zlvs	未知飞键、非音码或读音集合未覆盖；不猜测
简单鹤V9.3.0纯词库 (1).txt	宗主	zlvu	zlvu	未知飞键、非音码或读音集合未覆盖；不猜测
简单鹤V9.3.0纯词库 (1).txt	总助	zlvu	zlvu	未知飞键、非音码或读音集合未覆盖；不猜测
简单鹤V9.3.0纯词库 (1).txt	纵轴	zlvz	zlvz	未知飞键、非音码或读音集合未覆盖；不猜测
简单鹤V9.3.0纯词库 (1).txt	总问	zlwf	zlwf	未知飞键、非音码或读音集合未覆盖；不猜测
简单鹤V9.3.0纯词库 (1).txt	总温	zlwf	zlwf	未知飞键、非音码或读音集合未覆盖；不猜测
简单鹤V9.3.0纯词库 (1).txt	总忘	zlwh	zlwh	未知飞键、非音码或读音集合未覆盖；不猜测
简单鹤V9.3.0纯词库 (1).txt	总玩	zlwj	zlwj	未知飞键、非音码或读音集合未覆盖；不猜测
简单鹤V9.3.0纯词库 (1).txt	总务	zlwu	zlwu	未知飞键、非音码或读音集合未覆盖；不猜测
简单鹤V9.3.0纯词库 (1).txt	棕溪	zlxi	zlxi	未知飞键、非音码或读音集合未覆盖；不猜测
简单鹤V9.3.0纯词库 (1).txt	总行	zlxk	zlxk	未知飞键、非音码或读音集合未覆盖；不猜测
简单鹤V9.3.0纯词库 (1).txt	总想	zlxl	zlxl	未知飞键、非音码或读音集合未覆盖；不猜测
简单鹤V9.3.0纯词库 (1).txt	纵向	zlxl	zlxl	未知飞键、非音码或读音集合未覆盖；不猜测
简单鹤V9.3.0纯词库 (1).txt	总线	zlxm	zlxm	未知飞键、非音码或读音集合未覆盖；不猜测
简单鹤V9.3.0纯词库 (1).txt	纵线	zlxm	zlxm	未知飞键、非音码或读音集合未覆盖；不猜测
简单鹤V9.3.0纯词库 (1).txt	总校	zlxn	zlxn	未知飞键、非音码或读音集合未覆盖；不猜测
简单鹤V9.3.0纯词库 (1).txt	总选	zlxr	zlxr	未知飞键、非音码或读音集合未覆盖；不猜测
简单鹤V9.3.0纯词库 (1).txt	棕熊	zlxs	zlxs	未知飞键、非音码或读音集合未覆盖；不猜测
简单鹤V9.3.0纯词库 (1).txt	总序	zlxu	zlxu	未知飞键、非音码或读音集合未覆盖；不猜测
简单鹤V9.3.0纯词库 (1).txt	总压	zlya	zlya	未知飞键、非音码或读音集合未覆盖；不猜测
简单鹤V9.3.0纯词库 (1).txt	总要	zlyc	zlyc	未知飞键、非音码或读音集合未覆盖；不猜测
简单鹤V9.3.0纯词库 (1).txt	总也	zlye	zlye	未知飞键、非音码或读音集合未覆盖；不猜测
简单鹤V9.3.0纯词库 (1).txt	粽叶	zlye	zlye	未知飞键、非音码或读音集合未覆盖；不猜测
简单鹤V9.3.0纯词库 (1).txt	综艺	zlyi	zlyi	未知飞键、非音码或读音集合未覆盖；不猜测
简单鹤V9.3.0纯词库 (1).txt	总以	zlyi	zlyi	未知飞键、非音码或读音集合未覆盖；不猜测
简单鹤V9.3.0纯词库 (1).txt	棕眼	zlyj	zlyj	未知飞键、非音码或读音集合未覆盖；不猜测
简单鹤V9.3.0纯词库 (1).txt	踪影	zlyk	zlyk	未知飞键、非音码或读音集合未覆盖；不猜测
简单鹤V9.3.0纯词库 (1).txt	总院	zlyr	zlyr	未知飞键、非音码或读音集合未覆盖；不猜测
简单鹤V9.3.0纯词库 (1).txt	总用	zlys	zlys	未知飞键、非音码或读音集合未覆盖；不猜测
简单鹤V9.3.0纯词库 (1).txt	纵欲	zlyu	zlyu	未知飞键、非音码或读音集合未覆盖；不猜测
简单鹤V9.3.0纯词库 (1).txt	总有	zlyz	zlyz	未知飞键、非音码或读音集合未覆盖；不猜测
简单鹤V9.3.0纯词库 (1).txt	纵有	zlyz	zlyz	未知飞键、非音码或读音集合未覆盖；不猜测
简单鹤V9.3.0纯词库 (1).txt	总在	zlzd	zlzd	未知飞键、非音码或读音集合未覆盖；不猜测
简单鹤V9.3.0纯词库 (1).txt	总则	zlze	zlze	未知飞键、非音码或读音集合未覆盖；不猜测
简单鹤V9.3.0纯词库 (1).txt	总增	zlzg	zlzg	未知飞键、非音码或读音集合未覆盖；不猜测
简单鹤V9.3.0纯词库 (1).txt	粽子	zlzi	zlzi	未知飞键、非音码或读音集合未覆盖；不猜测
简单鹤V9.3.0纯词库 (1).txt	总做	zlzo	zlzo	未知飞键、非音码或读音集合未覆盖；不猜测
简单鹤V9.3.0纯词库 (1).txt	总纂	zlzr	zlzr	未知飞键、非音码或读音集合未覆盖；不猜测
简单鹤V9.3.0纯词库 (1).txt	宗族	zlzu	zlzu	未知飞键、非音码或读音集合未覆盖；不猜测
简单鹤V9.3.0纯词库 (1).txt	做呗	zobd	zobd	未知飞键、非音码或读音集合未覆盖；不猜测
简单鹤V9.3.0纯词库 (1).txt	佐町	zotk	zotk	未知飞键、非音码或读音集合未覆盖；不猜测
简单鹤V9.3.0纯词库 (1).txt	作秀	zoxo	zoxo	未知飞键、非音码或读音集合未覆盖；不猜测
简单鹤V9.3.0纯词库 (1).txt	做秀	zoxo	zoxo	未知飞键、非音码或读音集合未覆盖；不猜测
简单鹤V9.3.0纯词库 (1).txt	赚不	zrbu	zrbu	未知飞键、非音码或读音集合未覆盖；不猜测
简单鹤V9.3.0纯词库 (1).txt	赚回	zrhv	zrhv	未知飞键、非音码或读音集合未覆盖；不猜测
简单鹤V9.3.0纯词库 (1).txt	赚来	zrld	zrld	未知飞键、非音码或读音集合未覆盖；不猜测
简单鹤V9.3.0纯词库 (1).txt	赚米	zrmi	zrmi	未知飞键、非音码或读音集合未覆盖；不猜测
简单鹤V9.3.0纯词库 (1).txt	赚我	zrwo	zrwo	未知飞键、非音码或读音集合未覆盖；不猜测
简单鹤V9.3.0纯词库 (1).txt	纂修	zrxo	zrxo	未知飞键、非音码或读音集合未覆盖；不猜测
简单鹤V9.3.0纯词库 (1).txt	租赁	zupk	zupk	未知飞键、非音码或读音集合未覆盖；不猜测
简单鹤V9.3.0纯词库 (1).txt	最屌	zvdn	zvdn	未知飞键、非音码或读音集合未覆盖；不猜测
简单鹤V9.3.0纯词库 (1).txt	最後	zvhz	zvhz	未知飞键、非音码或读音集合未覆盖；不猜测
简单鹤V9.3.0纯词库 (1).txt	醉咯	zvlo	zvlo	未知飞键、非音码或读音集合未覆盖；不猜测
简单鹤V9.3.0纯词库 (1).txt	遵从	zycl	zycl	未知飞键、非音码或读音集合未覆盖；不猜测
简单鹤V9.3.0纯词库 (1).txt	走咯	zzlo	zzlo	未知飞键、非音码或读音集合未覆盖；不猜测
简单鹤V9.3.0纯词库 (1).txt	走秀	zzxo	zzxo	未知飞键、非音码或读音集合未覆盖；不猜测
简单鹤V9.3.0纯词库 (1).txt	总高	zlgc	zlgc	未知飞键、非音码或读音集合未覆盖；不猜测
简单鹤V9.3.0纯词库 (1).txt	总比	zlbi	zlbi	未知飞键、非音码或读音集合未覆盖；不猜测
简单鹤V9.3.0纯词库 (1).txt	总会	zlhv	zlhv	未知飞键、非音码或读音集合未覆盖；不猜测
简单鹤V9.3.0纯词库 (1).txt	自从	zicl	zicl	未知飞键、非音码或读音集合未覆盖；不猜测
简单鹤V9.3.0纯词库 (1).txt	宗匠	zljl	zljl	未知飞键、非音码或读音集合未覆盖；不猜测
简单鹤V9.3.0纯词库 (1).txt	总拿	zlna	zlna	未知飞键、非音码或读音集合未覆盖；不猜测
简单鹤V9.3.0纯词库 (1).txt	总站	zlvj	zlvj	未知飞键、非音码或读音集合未覆盖；不猜测
简单鹤V9.3.0纯词库 (1).txt	总辖	zlxx	zlxx	未知飞键、非音码或读音集合未覆盖；不猜测
简单鹤V9.3.0纯词库 (1).txt	宗罪	zlzv	zlzv	未知飞键、非音码或读音集合未覆盖；不猜测
简单鹤V9.3.0纯词库 (1).txt	纵兵	zlbk	zlbk	未知飞键、非音码或读音集合未覆盖；不猜测
简单鹤V9.3.0纯词库 (1).txt	总兵	zlbk	zlbk	未知飞键、非音码或读音集合未覆盖；不猜测
简单鹤V9.3.0纯词库 (1).txt	总算	zlsr	zlsr	未知飞键、非音码或读音集合未覆盖；不猜测
简单鹤V9.3.0纯词库 (1).txt	总决	zljt	zljt	未知飞键、非音码或读音集合未覆盖；不猜测
简单鹤V9.3.0纯词库 (1).txt	总阀	zlfa	zlfa	未知飞键、非音码或读音集合未覆盖；不猜测
简单鹤V9.3.0纯词库 (1).txt	棕发	zlfa	zlfa	未知飞键、非音码或读音集合未覆盖；不猜测
简单鹤V9.3.0纯词库 (1).txt	综测	zlce	zlce	未知飞键、非音码或读音集合未覆盖；不猜测
简单鹤V9.3.0纯词库 (1).txt	总仓	zlch	zlch	未知飞键、非音码或读音集合未覆盖；不猜测
简单鹤V9.3.0纯词库 (1).txt	纵使	zlui	zlui	未知飞键、非音码或读音集合未覆盖；不猜测
鲸凉鹤1.1手心挂接.txt	阿曼	aamr	aamr	未知飞键、非音码或读音集合未覆盖；不猜测
鲸凉鹤1.1手心挂接.txt	阿婆	aaps	aaps	未知飞键、非音码或读音集合未覆盖；不猜测
鲸凉鹤1.1手心挂接.txt	昂贵	ahgi	ahgi	未知飞键、非音码或读音集合未覆盖；不猜测
鲸凉鹤1.1手心挂接.txt	昂起	ahqe	ahqe	未知飞键、非音码或读音集合未覆盖；不猜测
鲸凉鹤1.1手心挂接.txt	哀悼	aidl	aidl	未知飞键、非音码或读音集合未覆盖；不猜测
鲸凉鹤1.1手心挂接.txt	挨打	aidw	aidw	未知飞键、非音码或读音集合未覆盖；不猜测
鲸凉鹤1.1手心挂接.txt	矮柜	aigi	aigi	未知飞键、非音码或读音集合未覆盖；不猜测
鲸凉鹤1.1手心挂接.txt	娭毑	aijp	aijp	未知飞键、非音码或读音集合未覆盖；不猜测
鲸凉鹤1.1手心挂接.txt	挨肩	aijz	aijz	未知飞键、非音码或读音集合未覆盖；不猜测
鲸凉鹤1.1手心挂接.txt	爱慕	aimx	aimx	未知飞键、非音码或读音集合未覆盖；不猜测
鲸凉鹤1.1手心挂接.txt	挨批	aipe	aipe	未知飞键、非音码或读音集合未覆盖；不猜测
鲸凉鹤1.1手心挂接.txt	爱泼	aips	aips	未知飞键、非音码或读音集合未覆盖；不猜测
鲸凉鹤1.1手心挂接.txt	癌症	aivk	aivk	未知飞键、非音码或读音集合未覆盖；不猜测
鲸凉鹤1.1手心挂接.txt	碍眼	aiyf	aiyf	未知飞键、非音码或读音集合未覆盖；不猜测
鲸凉鹤1.1手心挂接.txt	碍于	aiyg	aiyg	未知飞键、非音码或读音集合未覆盖；不猜测
鲸凉鹤1.1手心挂接.txt	暗道	andl	andl	未知飞键、非音码或读音集合未覆盖；不猜测
鲸凉鹤1.1手心挂接.txt	按到	andl	andl	未知飞键、非音码或读音集合未覆盖；不猜测
鲸凉鹤1.1手心挂接.txt	媕娿	anee	anee	未知飞键、非音码或读音集合未覆盖；不猜测
鲸凉鹤1.1手心挂接.txt	暗道	anjf	anjf	未知飞键、非音码或读音集合未覆盖；不猜测
鲸凉鹤1.1手心挂接.txt	案件	anjz	anjz	未知飞键、非音码或读音集合未覆盖；不猜测
鲸凉鹤1.1手心挂接.txt	按键	anjz	anjz	未知飞键、非音码或读音集合未覆盖；不猜测
鲸凉鹤1.1手心挂接.txt	安检	anjz	anjz	未知飞键、非音码或读音集合未覆盖；不猜测
鲸凉鹤1.1手心挂接.txt	案列	anlf	anlf	未知飞键、非音码或读音集合未覆盖；不猜测
鲸凉鹤1.1手心挂接.txt	暗批	anpe	anpe	未知飞键、非音码或读音集合未覆盖；不猜测
鲸凉鹤1.1手心挂接.txt	鞍山	anus	anus	未知飞键、非音码或读音集合未覆盖；不猜测
鲸凉鹤1.1手心挂接.txt	铵盐	anyf	anyf	未知飞键、非音码或读音集合未覆盖；不猜测
鲸凉鹤1.1手心挂接.txt	暗语	anyg	anyg	未知飞键、非音码或读音集合未覆盖；不猜测
鲸凉鹤1.1手心挂接.txt	安于	anyg	anyg	未知飞键、非音码或读音集合未覆盖；不猜测
鲸凉鹤1.1手心挂接.txt	案宗	anzl	anzl	未知飞键、非音码或读音集合未覆盖；不猜测
鲸凉鹤1.1手心挂接.txt	熬到	aodl	aodl	未知飞键、非音码或读音集合未覆盖；不猜测
鲸凉鹤1.1手心挂接.txt	熬煎	aojz	aojz	未知飞键、非音码或读音集合未覆盖；不猜测
鲸凉鹤1.1手心挂接.txt	傲慢	aomr	aomr	未知飞键、非音码或读音集合未覆盖；不猜测
鲸凉鹤1.1手心挂接.txt	霸道	badl	badl	未知飞键、非音码或读音集合未覆盖；不猜测
鲸凉鹤1.1手心挂接.txt	拔刀	badl	badl	未知飞键、非音码或读音集合未覆盖；不猜测
鲸凉鹤1.1手心挂接.txt	拔屌	badn	badn	未知飞键、非音码或读音集合未覆盖；不猜测
鲸凉鹤1.1手心挂接.txt	吧规	bagi	bagi	未知飞键、非音码或读音集合未覆盖；不猜测
鲸凉鹤1.1手心挂接.txt	把关	bagp	bagp	未知飞键、非音码或读音集合未覆盖；不猜测
鲸凉鹤1.1手心挂接.txt	霸道	bajf	bajf	未知飞键、非音码或读音集合未覆盖；不猜测
鲸凉鹤1.1手心挂接.txt	拔尖	bajz	bajz	未知飞键、非音码或读音集合未覆盖；不猜测
鲸凉鹤1.1手心挂接.txt	拔剑	bajz	bajz	未知飞键、非音码或读音集合未覆盖；不猜测
鲸凉鹤1.1手心挂接.txt	霸蛮	bamr	bamr	未知飞键、非音码或读音集合未覆盖；不猜测
鲸凉鹤1.1手心挂接.txt	扒皮	bape	bape	未知飞键、非音码或读音集合未覆盖；不猜测
鲸凉鹤1.1手心挂接.txt	八婆	baps	baps	未知飞键、非音码或读音集合未覆盖；不猜测
鲸凉鹤1.1手心挂接.txt	霸屏	bapx	bapx	未知飞键、非音码或读音集合未覆盖；不猜测
鲸凉鹤1.1手心挂接.txt	拔腿	batl	batl	未知飞键、非音码或读音集合未覆盖；不猜测
鲸凉鹤1.1手心挂接.txt	巴山	baus	baus	未知飞键、非音码或读音集合未覆盖；不猜测
鲸凉鹤1.1手心挂接.txt	靶向	baxj	baxj	未知飞键、非音码或读音集合未覆盖；不猜测
鲸凉鹤1.1手心挂接.txt	罢休	baxo	baxo	未知飞键、非音码或读音集合未覆盖；不猜测
鲸凉鹤1.1手心挂接.txt	鲅鱼	bayg	bayg	未知飞键、非音码或读音集合未覆盖；不猜测
鲸凉鹤1.1手心挂接.txt	霸总	bazl	bazl	未知飞键、非音码或读音集合未覆盖；不猜测
鲸凉鹤1.1手心挂接.txt	宾从	bbcl	bbcl	未知飞键、非音码或读音集合未覆盖；不猜测
鲸凉鹤1.1手心挂接.txt	宾馆	bbgp	bbgp	未知飞键、非音码或读音集合未覆盖；不猜测
鲸凉鹤1.1手心挂接.txt	宾语	bbyg	bbyg	未知飞键、非音码或读音集合未覆盖；不猜测
鲸凉鹤1.1手心挂接.txt	濒于	bbyg	bbyg	未知飞键、非音码或读音集合未覆盖；不猜测
鲸凉鹤1.1手心挂接.txt	报道	bcdl	bcdl	未知飞键、非音码或读音集合未覆盖；不猜测
鲸凉鹤1.1手心挂接.txt	报到	bcdl	bcdl	未知飞键、非音码或读音集合未覆盖；不猜测
鲸凉鹤1.1手心挂接.txt	宝刀	bcdl	bcdl	未知飞键、非音码或读音集合未覆盖；不猜测
鲸凉鹤1.1手心挂接.txt	报导	bcdl	bcdl	未知飞键、非音码或读音集合未覆盖；不猜测
鲸凉鹤1.1手心挂接.txt	暴打	bcdw	bcdw	未知飞键、非音码或读音集合未覆盖；不猜测
鲸凉鹤1.1手心挂接.txt	宝贵	bcgi	bcgi	未知飞键、非音码或读音集合未覆盖；不猜测
鲸凉鹤1.1手心挂接.txt	保管	bcgp	bcgp	未知飞键、非音码或读音集合未覆盖；不猜测
鲸凉鹤1.1手心挂接.txt	报道	bcjf	bcjf	未知飞键、非音码或读音集合未覆盖；不猜测
鲸凉鹤1.1手心挂接.txt	宝剑	bcjz	bcjz	未知飞键、非音码或读音集合未覆盖；不猜测
鲸凉鹤1.1手心挂接.txt	保健	bcjz	bcjz	未知飞键、非音码或读音集合未覆盖；不猜测
鲸凉鹤1.1手心挂接.txt	爆裂	bclf	bclf	未知飞键、非音码或读音集合未覆盖；不猜测
鲸凉鹤1.1手心挂接.txt	暴烈	bclf	bclf	未知飞键、非音码或读音集合未覆盖；不猜测
鲸凉鹤1.1手心挂接.txt	爆烈	bclf	bclf	未知飞键、非音码或读音集合未覆盖；不猜测
鲸凉鹤1.1手心挂接.txt	饱满	bcmr	bcmr	未知飞键、非音码或读音集合未覆盖；不猜测
鲸凉鹤1.1手心挂接.txt	爆满	bcmr	bcmr	未知飞键、非音码或读音集合未覆盖；不猜测
鲸凉鹤1.1手心挂接.txt	保姆	bcmx	bcmx	未知飞键、非音码或读音集合未覆盖；不猜测
鲸凉鹤1.1手心挂接.txt	报幕	bcmx	bcmx	未知飞键、非音码或读音集合未覆盖；不猜测
鲸凉鹤1.1手心挂接.txt	包皮	bcpe	bcpe	未知飞键、非音码或读音集合未覆盖；不猜测
鲸凉鹤1.1手心挂接.txt	豹皮	bcpe	bcpe	未知飞键、非音码或读音集合未覆盖；不猜测
鲸凉鹤1.1手心挂接.txt	爆破	bcps	bcps	未知飞键、非音码或读音集合未覆盖；不猜测
鲸凉鹤1.1手心挂接.txt	抱起	bcqe	bcqe	未知飞键、非音码或读音集合未覆盖；不猜测
鲸凉鹤1.1手心挂接.txt	暴起	bcqe	bcqe	未知飞键、非音码或读音集合未覆盖；不猜测
鲸凉鹤1.1手心挂接.txt	包退	bctl	bctl	未知飞键、非音码或读音集合未覆盖；不猜测
鲸凉鹤1.1手心挂接.txt	宝山	bcus	bcus	未知飞键、非音码或读音集合未覆盖；不猜测
鲸凉鹤1.1手心挂接.txt	爆闪	bcus	bcus	未知飞键、非音码或读音集合未覆盖；不猜测
鲸凉鹤1.1手心挂接.txt	保证	bcvk	bcvk	未知飞键、非音码或读音集合未覆盖；不猜测
鲸凉鹤1.1手心挂接.txt	暴政	bcvk	bcvk	未知飞键、非音码或读音集合未覆盖；不猜测
鲸凉鹤1.1手心挂接.txt	包拯	bcvk	bcvk	未知飞键、非音码或读音集合未覆盖；不猜测
鲸凉鹤1.1手心挂接.txt	保修	bcxo	bcxo	未知飞键、非音码或读音集合未覆盖；不猜测
鲸凉鹤1.1手心挂接.txt	报修	bcxo	bcxo	未知飞键、非音码或读音集合未覆盖；不猜测
鲸凉鹤1.1手心挂接.txt	报验	bcyf	bcyf	未知飞键、非音码或读音集合未覆盖；不猜测
鲸凉鹤1.1手心挂接.txt	暴雨	bcyg	bcyg	未知飞键、非音码或读音集合未覆盖；不猜测
鲸凉鹤1.1手心挂接.txt	鲍鱼	bcyg	bcyg	未知飞键、非音码或读音集合未覆盖；不猜测
鲸凉鹤1.1手心挂接.txt	白葱	bdcl	bdcl	未知飞键、非音码或读音集合未覆盖；不猜测
鲸凉鹤1.1手心挂接.txt	拜倒	bddl	bddl	未知飞键、非音码或读音集合未覆盖；不猜测
鲸凉鹤1.1手心挂接.txt	白道	bddl	bddl	未知飞键、非音码或读音集合未覆盖；不猜测
鲸凉鹤1.1手心挂接.txt	白打	bddw	bddw	未知飞键、非音码或读音集合未覆盖；不猜测
鲸凉鹤1.1手心挂接.txt	百鬼	bdgi	bdgi	未知飞键、非音码或读音集合未覆盖；不猜测
鲸凉鹤1.1手心挂接.txt	百官	bdgp	bdgp	未知飞键、非音码或读音集合未覆盖；不猜测
鲸凉鹤1.1手心挂接.txt	拜见	bdjz	bdjz	未知飞键、非音码或读音集合未覆盖；不猜测
鲸凉鹤1.1手心挂接.txt	摆件	bdjz	bdjz	未知飞键、非音码或读音集合未覆盖；不猜测
鲸凉鹤1.1手心挂接.txt	白葱	bdls	bdls	未知飞键、非音码或读音集合未覆盖；不猜测
鲸凉鹤1.1手心挂接.txt	摆满	bdmr	bdmr	未知飞键、非音码或读音集合未覆盖；不猜测
鲸凉鹤1.1手心挂接.txt	柏木	bdmx	bdmx	未知飞键、非音码或读音集合未覆盖；不猜测
鲸凉鹤1.1手心挂接.txt	白皮	bdpe	bdpe	未知飞键、非音码或读音集合未覆盖；不猜测
鲸凉鹤1.1手心挂接.txt	摆平	bdpx	bdpx	未知飞键、非音码或读音集合未覆盖；不猜测
鲸凉鹤1.1手心挂接.txt	白起	bdqe	bdqe	未知飞键、非音码或读音集合未覆盖；不猜测
鲸凉鹤1.1手心挂接.txt	败退	bdtl	bdtl	未知飞键、非音码或读音集合未覆盖；不猜测
鲸凉鹤1.1手心挂接.txt	白衫	bdus	bdus	未知飞键、非音码或读音集合未覆盖；不猜测
鲸凉鹤1.1手心挂接.txt	拜山	bdus	bdus	未知飞键、非音码或读音集合未覆盖；不猜测
鲸凉鹤1.1手心挂接.txt	摆正	bdvk	bdvk	未知飞键、非音码或读音集合未覆盖；不猜测
鲸凉鹤1.1手心挂接.txt	白眼	bdyf	bdyf	未知飞键、非音码或读音集合未覆盖；不猜测
鲸凉鹤1.1手心挂接.txt	白玉	bdyg	bdyg	未知飞键、非音码或读音集合未覆盖；不猜测
鲸凉鹤1.1手心挂接.txt	百鬼	begi	bdgi	未知飞键、非音码或读音集合未覆盖；不猜测
鲸凉鹤1.1手心挂接.txt	百官	begp	bdgp	未知飞键、非音码或读音集合未覆盖；不猜测
鲸凉鹤1.1手心挂接.txt	百亩	bemx	bdmx	未知飞键、非音码或读音集合未覆盖；不猜测
鲸凉鹤1.1手心挂接.txt	百目	bemx	bdmx	未知飞键、非音码或读音集合未覆盖；不猜测
鲸凉鹤1.1手心挂接.txt	百余	beyg	bdyg	未知飞键、非音码或读音集合未覆盖；不猜测
鲸凉鹤1.1手心挂接.txt	奔到	bfdl	bfdl	未知飞键、非音码或读音集合未覆盖；不猜测
鲸凉鹤1.1手心挂接.txt	本屌	bfdn	bfdn	未知飞键、非音码或读音集合未覆盖；不猜测
鲸凉鹤1.1手心挂接.txt	本官	bfgp	bfgp	未知飞键、非音码或读音集合未覆盖；不猜测
鲸凉鹤1.1手心挂接.txt	夯货	bfho	bfho	未知飞键、非音码或读音集合未覆盖；不猜测
鲸凉鹤1.1手心挂接.txt	本道	bfjf	bfjf	未知飞键、非音码或读音集合未覆盖；不猜测
鲸凉鹤1.1手心挂接.txt	本批	bfpe	bfpe	未知飞键、非音码或读音集合未覆盖；不猜测
鲸凉鹤1.1手心挂接.txt	奔向	bfxj	bfxj	未知飞键、非音码或读音集合未覆盖；不猜测
鲸凉鹤1.1手心挂接.txt	本宗	bfzl	bfzl	未知飞键、非音码或读音集合未覆盖；不猜测
鲸凉鹤1.1手心挂接.txt	崩坍	bgdj	bgdj	未知飞键、非音码或读音集合未覆盖；不猜测
鲸凉鹤1.1手心挂接.txt	蹦到	bgdl	bgdl	未知飞键、非音码或读音集合未覆盖；不猜测
鲸凉鹤1.1手心挂接.txt	崩倒	bgdl	bgdl	未知飞键、非音码或读音集合未覆盖；不猜测
鲸凉鹤1.1手心挂接.txt	甭管	bggp	bggp	未知飞键、非音码或读音集合未覆盖；不猜测
鲸凉鹤1.1手心挂接.txt	崩裂	bglf	bglf	未知飞键、非音码或读音集合未覆盖；不猜测
鲸凉鹤1.1手心挂接.txt	迸裂	bglf	bglf	未知飞键、非音码或读音集合未覆盖；不猜测
鲸凉鹤1.1手心挂接.txt	绷起	bgqe	bgqe	未知飞键、非音码或读音集合未覆盖；不猜测
鲸凉鹤1.1手心挂接.txt	蹦起	bgqe	bgqe	未知飞键、非音码或读音集合未覆盖；不猜测
鲸凉鹤1.1手心挂接.txt	帮到	bhdl	bhdl	未知飞键、非音码或读音集合未覆盖；不猜测
鲸凉鹤1.1手心挂接.txt	绑到	bhdl	bhdl	未知飞键、非音码或读音集合未覆盖；不猜测
鲸凉鹤1.1手心挂接.txt	棒打	bhdw	bhdw	未知飞键、非音码或读音集合未覆盖；不猜测
鲸凉鹤1.1手心挂接.txt	帮打	bhdw	bhdw	未知飞键、非音码或读音集合未覆盖；不猜测
鲸凉鹤1.1手心挂接.txt	卍解	bhgd	bhgd	未知飞键、非音码或读音集合未覆盖；不猜测
鲸凉鹤1.1手心挂接.txt	帮规	bhgi	bhgi	未知飞键、非音码或读音集合未覆盖；不猜测
鲸凉鹤1.1手心挂接.txt	绑腿	bhtl	bhtl	未知飞键、非音码或读音集合未覆盖；不猜测
鲸凉鹤1.1手心挂接.txt	榜眼	bhyf	bhyf	未知飞键、非音码或读音集合未覆盖；不猜测
鲸凉鹤1.1手心挂接.txt	必从	bicl	bicl	未知飞键、非音码或读音集合未覆盖；不猜测
鲸凉鹤1.1手心挂接.txt	逼到	bidl	bidl	未知飞键、非音码或读音集合未覆盖；不猜测
鲸凉鹤1.1手心挂接.txt	必到	bidl	bidl	未知飞键、非音码或读音集合未覆盖；不猜测
鲸凉鹤1.1手心挂接.txt	毕导	bidl	bidl	未知飞键、非音码或读音集合未覆盖；不猜测
鲸凉鹤1.1手心挂接.txt	壁柜	bigi	bigi	未知飞键、非音码或读音集合未覆盖；不猜测
鲸凉鹤1.1手心挂接.txt	闭关	bigp	bigp	未知飞键、非音码或读音集合未覆盖；不猜测
鲸凉鹤1.1手心挂接.txt	闭馆	bigp	bigp	未知飞键、非音码或读音集合未覆盖；不猜测
鲸凉鹤1.1手心挂接.txt	B超	biic	biic	未知飞键、非音码或读音集合未覆盖；不猜测
鲸凉鹤1.1手心挂接.txt	比肩	bijz	bijz	未知飞键、非音码或读音集合未覆盖；不猜测
鲸凉鹤1.1手心挂接.txt	鼻尖	bijz	bijz	未知飞键、非音码或读音集合未覆盖；不猜测
鲸凉鹤1.1手心挂接.txt	笔尖	bijz	bijz	未知飞键、非音码或读音集合未覆盖；不猜测
鲸凉鹤1.1手心挂接.txt	B佬	bilc	bilc	未知飞键、非音码或读音集合未覆盖；不猜测
鲸凉鹤1.1手心挂接.txt	贲门	bimf	bimf	未知飞键、非音码或读音集合未覆盖；不猜测
鲸凉鹤1.1手心挂接.txt	闭目	bimx	bimx	未知飞键、非音码或读音集合未覆盖；不猜测
鲸凉鹤1.1手心挂接.txt	闭幕	bimx	bimx	未知飞键、非音码或读音集合未覆盖；不猜测
鲸凉鹤1.1手心挂接.txt	避难	binz	binz	未知飞键、非音码或读音集合未覆盖；不猜测
鲸凉鹤1.1手心挂接.txt	逼迫	bips	bips	未知飞键、非音码或读音集合未覆盖；不猜测
鲸凉鹤1.1手心挂接.txt	逼平	bipx	bipx	未知飞键、非音码或读音集合未覆盖；不猜测
鲸凉鹤1.1手心挂接.txt	比起	biqe	biqe	未知飞键、非音码或读音集合未覆盖；不猜测
鲸凉鹤1.1手心挂接.txt	比叡	birv	birv	未知飞键、非音码或读音集合未覆盖；不猜测
鲸凉鹤1.1手心挂接.txt	逼退	bitl	bitl	未知飞键、非音码或读音集合未覆盖；不猜测
鲸凉鹤1.1手心挂接.txt	必争	bivk	bivk	未知飞键、非音码或读音集合未覆盖；不猜测
鲸凉鹤1.1手心挂接.txt	逼向	bixj	bixj	未知飞键、非音码或读音集合未覆盖；不猜测
鲸凉鹤1.1手心挂接.txt	必修	bixo	bixo	未知飞键、非音码或读音集合未覆盖；不猜测
鲸凉鹤1.1手心挂接.txt	闭眼	biyf	biyf	未知飞键、非音码或读音集合未覆盖；不猜测
鲸凉鹤1.1手心挂接.txt	鼻炎	biyf	biyf	未知飞键、非音码或读音集合未覆盖；不猜测
鲸凉鹤1.1手心挂接.txt	比喻	biyg	biyg	未知飞键、非音码或读音集合未覆盖；不猜测
鲸凉鹤1.1手心挂接.txt	碧玉	biyg	biyg	未知飞键、非音码或读音集合未覆盖；不猜测
鲸凉鹤1.1手心挂接.txt	避雨	biyg	biyg	未知飞键、非音码或读音集合未覆盖；不猜测
鲸凉鹤1.1手心挂接.txt	搬到	bjdl	bjdl	未知飞键、非音码或读音集合未覆盖；不猜测
鲸凉鹤1.1手心挂接.txt	绊倒	bjdl	bjdl	未知飞键、非音码或读音集合未覆盖；不猜测
鲸凉鹤1.1手心挂接.txt	扮鬼	bjgi	bjgi	未知飞键、非音码或读音集合未覆盖；不猜测
鲸凉鹤1.1手心挂接.txt	班规	bjgi	bjgi	未知飞键、非音码或读音集合未覆盖；不猜测
鲸凉鹤1.1手心挂接.txt	半管	bjgp	bjgp	未知飞键、非音码或读音集合未覆盖；不猜测
鲸凉鹤1.1手心挂接.txt	半道	bjjf	bjjf	未知飞键、非音码或读音集合未覆盖；不猜测
鲸凉鹤1.1手心挂接.txt	半坡	bjps	bjps	未知飞键、非音码或读音集合未覆盖；不猜测
鲸凉鹤1.1手心挂接.txt	半瓶	bjpx	bjpx	未知飞键、非音码或读音集合未覆盖；不猜测
鲸凉鹤1.1手心挂接.txt	半山	bjus	bjus	未知飞键、非音码或读音集合未覆盖；不猜测
鲸凉鹤1.1手心挂接.txt	办证	bjvk	bjvk	未知飞键、非音码或读音集合未覆盖；不猜测
鲸凉鹤1.1手心挂接.txt	板正	bjvk	bjvk	未知飞键、非音码或读音集合未覆盖；不猜测
鲸凉鹤1.1手心挂接.txt	半宿	bjxo	bjxo	未知飞键、非音码或读音集合未覆盖；不猜测
鲸凉鹤1.1手心挂接.txt	半袖	bjxo	bjxo	未知飞键、非音码或读音集合未覆盖；不猜测
鲸凉鹤1.1手心挂接.txt	扮演	bjyf	bjyf	未知飞键、非音码或读音集合未覆盖；不猜测
鲸凉鹤1.1手心挂接.txt	并从	bkcl	bkcl	未知飞键、非音码或读音集合未覆盖；不猜测
鲸凉鹤1.1手心挂接.txt	病倒	bkdl	bkdl	未知飞键、非音码或读音集合未覆盖；不猜测
鲸凉鹤1.1手心挂接.txt	冰岛	bkdl	bkdl	未知飞键、非音码或读音集合未覆盖；不猜测
鲸凉鹤1.1手心挂接.txt	冰柜	bkgi	bkgi	未知飞键、非音码或读音集合未覆盖；不猜测
鲸凉鹤1.1手心挂接.txt	并轨	bkgi	bkgi	未知飞键、非音码或读音集合未覆盖；不猜测
鲸凉鹤1.1手心挂接.txt	冰菓	bkgo	bkgo	未知飞键、非音码或读音集合未覆盖；不猜测
鲸凉鹤1.1手心挂接.txt	并肩	bkjz	bkjz	未知飞键、非音码或读音集合未覆盖；不猜测
鲸凉鹤1.1手心挂接.txt	并列	bklf	bklf	未知飞键、非音码或读音集合未覆盖；不猜测
鲸凉鹤1.1手心挂接.txt	栟榈	bklv	bklv	未知飞键、非音码或读音集合未覆盖；不猜测
鲸凉鹤1.1手心挂接.txt	兵痞	bkpe	bkpe	未知飞键、非音码或读音集合未覆盖；不猜测
鲸凉鹤1.1手心挂接.txt	冰魄	bkps	bkps	未知飞键、非音码或读音集合未覆盖；不猜测
鲸凉鹤1.1手心挂接.txt	冰破	bkps	bkps	未知飞键、非音码或读音集合未覆盖；不猜测
鲸凉鹤1.1手心挂接.txt	病退	bktl	bktl	未知飞键、非音码或读音集合未覆盖；不猜测
鲸凉鹤1.1手心挂接.txt	屏退	bktl	bktl	未知飞键、非音码或读音集合未覆盖；不猜测
鲸凉鹤1.1手心挂接.txt	冰山	bkus	bkus	未知飞键、非音码或读音集合未覆盖；不猜测
鲸凉鹤1.1手心挂接.txt	并曾	bkvg	bkvg	未知飞键、非音码或读音集合未覆盖；不猜测
鲸凉鹤1.1手心挂接.txt	病症	bkvk	bkvk	未知飞键、非音码或读音集合未覆盖；不猜测
鲸凉鹤1.1手心挂接.txt	冰袖	bkxo	bkxo	未知飞键、非音码或读音集合未覆盖；不猜测
鲸凉鹤1.1手心挂接.txt	并与	bkyg	bkyg	未知飞键、非音码或读音集合未覆盖；不猜测
鲸凉鹤1.1手心挂接.txt	并于	bkyg	bkyg	未知飞键、非音码或读音集合未覆盖；不猜测
鲸凉鹤1.1手心挂接.txt	便从	bmcl	bmcl	未知飞键、非音码或读音集合未覆盖；不猜测
鲸凉鹤1.1手心挂接.txt	便道	bmdl	bmdl	未知飞键、非音码或读音集合未覆盖；不猜测
鲸凉鹤1.1手心挂接.txt	编导	bmdl	bmdl	未知飞键、非音码或读音集合未覆盖；不猜测
鲸凉鹤1.1手心挂接.txt	鞭打	bmdw	bmdw	未知飞键、非音码或读音集合未覆盖；不猜测
鲸凉鹤1.1手心挂接.txt	边关	bmgp	bmgp	未知飞键、非音码或读音集合未覆盖；不猜测
鲸凉鹤1.1手心挂接.txt	便道	bmjf	bmjf	未知飞键、非音码或读音集合未覆盖；不猜测
鲸凉鹤1.1手心挂接.txt	便笺	bmjz	bmjz	未知飞键、非音码或读音集合未覆盖；不猜测
鲸凉鹤1.1手心挂接.txt	边检	bmjz	bmjz	未知飞键、非音码或读音集合未覆盖；不猜测
鲸凉鹤1.1手心挂接.txt	变慢	bmmr	bmmr	未知飞键、非音码或读音集合未覆盖；不猜测
鲸凉鹤1.1手心挂接.txt	边牧	bmmx	bmmx	未知飞键、非音码或读音集合未覆盖；不猜测
鲸凉鹤1.1手心挂接.txt	便溺	bmnn	bmnn	未知飞键、非音码或读音集合未覆盖；不猜测
鲸凉鹤1.1手心挂接.txt	变难	bmnz	bmnz	未知飞键、非音码或读音集合未覆盖；不猜测
鲸凉鹤1.1手心挂接.txt	扁平	bmpx	bmpx	未知飞键、非音码或读音集合未覆盖；不猜测
鲸凉鹤1.1手心挂接.txt	辩证	bmvk	bmvk	未知飞键、非音码或读音集合未覆盖；不猜测
鲸凉鹤1.1手心挂接.txt	辨证	bmvk	bmvk	未知飞键、非音码或读音集合未覆盖；不猜测
鲸凉鹤1.1手心挂接.txt	变向	bmxj	bmxj	未知飞键、非音码或读音集合未覆盖；不猜测
鲸凉鹤1.1手心挂接.txt	编修	bmxo	bmxo	未知飞键、非音码或读音集合未覆盖；不猜测
鲸凉鹤1.1手心挂接.txt	边沿	bmyf	bmyf	未知飞键、非音码或读音集合未覆盖；不猜测
鲸凉鹤1.1手心挂接.txt	便于	bmyg	bmyg	未知飞键、非音码或读音集合未覆盖；不猜测
鲸凉鹤1.1手心挂接.txt	鳊鱼	bmyg	bmyg	未知飞键、非音码或读音集合未覆盖；不猜测
鲸凉鹤1.1手心挂接.txt	飙到	bndl	bndl	未知飞键、非音码或读音集合未覆盖；不猜测
鲸凉鹤1.1手心挂接.txt	飚车	bnie	bnie	未知飞键、非音码或读音集合未覆盖；不猜测
鲸凉鹤1.1手心挂接.txt	标间	bnjz	bnjz	未知飞键、非音码或读音集合未覆盖；不猜测
鲸凉鹤1.1手心挂接.txt	表皮	bnpe	bnpe	未知飞键、非音码或读音集合未覆盖；不猜测
鲸凉鹤1.1手心挂接.txt	飚速	bnsu	bnsu	未知飞键、非音码或读音集合未覆盖；不猜测
鲸凉鹤1.1手心挂接.txt	嫑停	bntk	bntk	未知飞键、非音码或读音集合未覆盖；不猜测
鲸凉鹤1.1手心挂接.txt	表征	bnvk	bnvk	未知飞键、非音码或读音集合未覆盖；不猜测
鲸凉鹤1.1手心挂接.txt	飚舞	bnwu	bnwu	未知飞键、非音码或读音集合未覆盖；不猜测
鲸凉鹤1.1手心挂接.txt	表演	bnyf	bnyf	未知飞键、非音码或读音集合未覆盖；不猜测
鲸凉鹤1.1手心挂接.txt	标语	bnyg	bnyg	未知飞键、非音码或读音集合未覆盖；不猜测
鲸凉鹤1.1手心挂接.txt	簿册	boce	boce	未知飞键、非音码或读音集合未覆盖；不猜测
鲸凉鹤1.1手心挂接.txt	拨到	bodl	bodl	未知飞键、非音码或读音集合未覆盖；不猜测
鲸凉鹤1.1手心挂接.txt	驳倒	bodl	bodl	未知飞键、非音码或读音集合未覆盖；不猜测
鲸凉鹤1.1手心挂接.txt	博导	bodl	bodl	未知飞键、非音码或读音集合未覆盖；不猜测
鲸凉鹤1.1手心挂接.txt	拨打	bodw	bodw	未知飞键、非音码或读音集合未覆盖；不猜测
鲸凉鹤1.1手心挂接.txt	伯母	bomx	bomx	未知飞键、非音码或读音集合未覆盖；不猜测
鲸凉鹤1.1手心挂接.txt	剥皮	bope	bope	未知飞键、非音码或读音集合未覆盖；不猜测
鲸凉鹤1.1手心挂接.txt	勃起	boqe	boqe	未知飞键、非音码或读音集合未覆盖；不猜测
鲸凉鹤1.1手心挂接.txt	般若	bore	bore	未知飞键、非音码或读音集合未覆盖；不猜测
鲸凉鹤1.1手心挂接.txt	跛腿	botl	botl	未知飞键、非音码或读音集合未覆盖；不猜测
鲸凉鹤1.1手心挂接.txt	别从	bpcl	bpcl	未知飞键、非音码或读音集合未覆盖；不猜测
鲸凉鹤1.1手心挂接.txt	别到	bpdl	bpdl	未知飞键、非音码或读音集合未覆盖；不猜测
鲸凉鹤1.1手心挂接.txt	别打	bpdw	bpdw	未知飞键、非音码或读音集合未覆盖；不猜测
鲸凉鹤1.1手心挂接.txt	别管	bpgp	bpgp	未知飞键、非音码或读音集合未覆盖；不猜测
鲸凉鹤1.1手心挂接.txt	别馆	bpgp	bpgp	未知飞键、非音码或读音集合未覆盖；不猜测
鲸凉鹤1.1手心挂接.txt	别删	bpus	bpus	未知飞键、非音码或读音集合未覆盖；不猜测
鲸凉鹤1.1手心挂接.txt	别于	bpyg	bpyg	未知飞键、非音码或读音集合未覆盖；不猜测
鲸凉鹤1.1手心挂接.txt	别总	bpzl	bpzl	未知飞键、非音码或读音集合未覆盖；不猜测
鲸凉鹤1.1手心挂接.txt	不到	budl	budl	未知飞键、非音码或读音集合未覆盖；不猜测
鲸凉鹤1.1手心挂接.txt	不倒	budl	budl	未知飞键、非音码或读音集合未覆盖；不猜测
鲸凉鹤1.1手心挂接.txt	补刀	budl	budl	未知飞键、非音码或读音集合未覆盖；不猜测
鲸凉鹤1.1手心挂接.txt	不贵	bugi	bugi	未知飞键、非音码或读音集合未覆盖；不猜测
鲸凉鹤1.1手心挂接.txt	不轨	bugi	bugi	未知飞键、非音码或读音集合未覆盖；不猜测
鲸凉鹤1.1手心挂接.txt	不归	bugi	bugi	未知飞键、非音码或读音集合未覆盖；不猜测
鲸凉鹤1.1手心挂接.txt	不管	bugp	bugp	未知飞键、非音码或读音集合未覆盖；不猜测
鲸凉鹤1.1手心挂接.txt	部件	bujz	bujz	未知飞键、非音码或读音集合未覆盖；不猜测
鲸凉鹤1.1手心挂接.txt	不见	bujz	bujz	未知飞键、非音码或读音集合未覆盖；不猜测
鲸凉鹤1.1手心挂接.txt	不减	bujz	bujz	未知飞键、非音码或读音集合未覆盖；不猜测
鲸凉鹤1.1手心挂接.txt	捕猎	bulf	bulf	未知飞键、非音码或读音集合未覆盖；不猜测
鲸凉鹤1.1手心挂接.txt	不满	bumr	bumr	未知飞键、非音码或读音集合未覆盖；不猜测
鲸凉鹤1.1手心挂接.txt	布满	bumr	bumr	未知飞键、非音码或读音集合未覆盖；不猜测
鲸凉鹤1.1手心挂接.txt	不慢	bumr	bumr	未知飞键、非音码或读音集合未覆盖；不猜测
鲸凉鹤1.1手心挂接.txt	不难	bunz	bunz	未知飞键、非音码或读音集合未覆盖；不猜测
鲸凉鹤1.1手心挂接.txt	布匹	bupe	bupe	未知飞键、非音码或读音集合未覆盖；不猜测
鲸凉鹤1.1手心挂接.txt	不批	bupe	bupe	未知飞键、非音码或读音集合未覆盖；不猜测
鲸凉鹤1.1手心挂接.txt	不被	bupi	bupi	未知飞键、非音码或读音集合未覆盖；不猜测
鲸凉鹤1.1手心挂接.txt	不平	bupx	bupx	未知飞键、非音码或读音集合未覆盖；不猜测
鲸凉鹤1.1手心挂接.txt	不退	butl	butl	未知飞键、非音码或读音集合未覆盖；不猜测
鲸凉鹤1.1手心挂接.txt	不正	buvk	buvk	未知飞键、非音码或读音集合未覆盖；不猜测
鲸凉鹤1.1手心挂接.txt	不像	buxa	buxa	未知飞键、非音码或读音集合未覆盖；不猜测
鲸凉鹤1.1手心挂接.txt	不朽	buxo	buxo	未知飞键、非音码或读音集合未覆盖；不猜测
鲸凉鹤1.1手心挂接.txt	补休	buxo	buxo	未知飞键、非音码或读音集合未覆盖；不猜测
鲸凉鹤1.1手心挂接.txt	补修	buxo	buxo	未知飞键、非音码或读音集合未覆盖；不猜测
鲸凉鹤1.1手心挂接.txt	不语	buyg	buyg	未知飞键、非音码或读音集合未覆盖；不猜测
鲸凉鹤1.1手心挂接.txt	捕鱼	buyg	buyg	未知飞键、非音码或读音集合未覆盖；不猜测
鲸凉鹤1.1手心挂接.txt	不予	buyg	buyg	未知飞键、非音码或读音集合未覆盖；不猜测
鲸凉鹤1.1手心挂接.txt	哺育	buyg	buyg	未知飞键、非音码或读音集合未覆盖；不猜测
鲸凉鹤1.1手心挂接.txt	被艹	bwcc	bwcc	未知飞键、非音码或读音集合未覆盖；不猜测
鲸凉鹤1.1手心挂接.txt	被盗	bwdl	bwdl	未知飞键、非音码或读音集合未覆盖；不猜测
鲸凉鹤1.1手心挂接.txt	背到	bwdl	bwdl	未知飞键、非音码或读音集合未覆盖；不猜测
鲸凉鹤1.1手心挂接.txt	被打	bwdw	bwdw	未知飞键、非音码或读音集合未覆盖；不猜测
鲸凉鹤1.1手心挂接.txt	背打	bwdw	bwdw	未知飞键、非音码或读音集合未覆盖；不猜测
鲸凉鹤1.1手心挂接.txt	悲观	bwgp	bwgp	未知飞键、非音码或读音集合未覆盖；不猜测
鲸凉鹤1.1手心挂接.txt	卑贱	bwjz	bwjz	未知飞键、非音码或读音集合未覆盖；不猜测
鲸凉鹤1.1手心挂接.txt	卑劣	bwlf	bwlf	未知飞键、非音码或读音集合未覆盖；不猜测
鲸凉鹤1.1手心挂接.txt	被批	bwpe	bwpe	未知飞键、非音码或读音集合未覆盖；不猜测
鲸凉鹤1.1手心挂接.txt	被迫	bwps	bwps	未知飞键、非音码或读音集合未覆盖；不猜测
鲸凉鹤1.1手心挂接.txt	北平	bwpx	bwpx	未知飞键、非音码或读音集合未覆盖；不猜测
鲸凉鹤1.1手心挂接.txt	背起	bwqe	bwqe	未知飞键、非音码或读音集合未覆盖；不猜测
鲸凉鹤1.1手心挂接.txt	被推	bwtl	bwtl	未知飞键、非音码或读音集合未覆盖；不猜测
鲸凉鹤1.1手心挂接.txt	被整	bwvk	bwvk	未知飞键、非音码或读音集合未覆盖；不猜测
鲸凉鹤1.1手心挂接.txt	背向	bwxj	bwxj	未知飞键、非音码或读音集合未覆盖；不猜测
鲸凉鹤1.1手心挂接.txt	北向	bwxj	bwxj	未知飞键、非音码或读音集合未覆盖；不猜测
鲸凉鹤1.1手心挂接.txt	被淹	bwyf	bwyf	未知飞键、非音码或读音集合未覆盖；不猜测
鲸凉鹤1.1手心挂接.txt	北燕	bwyf	bwyf	未知飞键、非音码或读音集合未覆盖；不猜测
鲸凉鹤1.1手心挂接.txt	杯沿	bwyf	bwyf	未知飞键、非音码或读音集合未覆盖；不猜测
鲸凉鹤1.1手心挂接.txt	北雁	bwyf	bwyf	未知飞键、非音码或读音集合未覆盖；不猜测
鲸凉鹤1.1手心挂接.txt	擦到	cadl	cadl	未知飞键、非音码或读音集合未覆盖；不猜测
鲸凉鹤1.1手心挂接.txt	擦肩	cajz	cajz	未知飞键、非音码或读音集合未覆盖；不猜测
鲸凉鹤1.1手心挂接.txt	擦破	caps	caps	未知飞键、非音码或读音集合未覆盖；不猜测
鲸凉鹤1.1手心挂接.txt	擦起	caqe	caqe	未知飞键、非音码或读音集合未覆盖；不猜测
鲸凉鹤1.1手心挂接.txt	艹逼	ccbi	ccbi	未知飞键、非音码或读音集合未覆盖；不猜测
鲸凉鹤1.1手心挂接.txt	草丛	cccl	cccl	未知飞键、非音码或读音集合未覆盖；不猜测
鲸凉鹤1.1手心挂接.txt	操刀	ccdl	ccdl	未知飞键、非音码或读音集合未覆盖；不猜测
鲸凉鹤1.1手心挂接.txt	艹粉	ccff	ccff	未知飞键、非音码或读音集合未覆盖；不猜测
鲸凉鹤1.1手心挂接.txt	草木	ccmx	ccmx	未知飞键、非音码或读音集合未覆盖；不猜测
鲸凉鹤1.1手心挂接.txt	曹丕	ccpe	ccpe	未知飞键、非音码或读音集合未覆盖；不猜测
鲸凉鹤1.1手心挂接.txt	草坡	ccps	ccps	未知飞键、非音码或读音集合未覆盖；不猜测
鲸凉鹤1.1手心挂接.txt	草坪	ccpx	ccpx	未知飞键、非音码或读音集合未覆盖；不猜测
鲸凉鹤1.1手心挂接.txt	操起	ccqe	ccqe	未知飞键、非音码或读音集合未覆盖；不猜测
鲸凉鹤1.1手心挂接.txt	草薙	ccti	ccti	未知飞键、非音码或读音集合未覆盖；不猜测
鲸凉鹤1.1手心挂接.txt	操演	ccyf	ccyf	未知飞键、非音码或读音集合未覆盖；不猜测
鲸凉鹤1.1手心挂接.txt	草鱼	ccyg	ccyg	未知飞键、非音码或读音集合未覆盖；不猜测
鲸凉鹤1.1手心挂接.txt	曹禺	ccyg	ccyg	未知飞键、非音码或读音集合未覆盖；不猜测
鲸凉鹤1.1手心挂接.txt	操纵	cczl	cczl	未知飞键、非音码或读音集合未覆盖；不猜测
鲸凉鹤1.1手心挂接.txt	猜到	cddl	cddl	未知飞键、非音码或读音集合未覆盖；不猜测
鲸凉鹤1.1手心挂接.txt	菜刀	cddl	cddl	未知飞键、非音码或读音集合未覆盖；不猜测
鲸凉鹤1.1手心挂接.txt	踩到	cddl	cddl	未知飞键、非音码或读音集合未覆盖；不猜测
鲸凉鹤1.1手心挂接.txt	菜馆	cdgp	cdgp	未知飞键、非音码或读音集合未覆盖；不猜测
鲸凉鹤1.1手心挂接.txt	财管	cdgp	cdgp	未知飞键、非音码或读音集合未覆盖；不猜测
鲸凉鹤1.1手心挂接.txt	裁剪	cdjz	cdjz	未知飞键、非音码或读音集合未覆盖；不猜测
鲸凉鹤1.1手心挂接.txt	裁减	cdjz	cdjz	未知飞键、非音码或读音集合未覆盖；不猜测
鲸凉鹤1.1手心挂接.txt	彩屏	cdpx	cdpx	未知飞键、非音码或读音集合未覆盖；不猜测
鲸凉鹤1.1手心挂接.txt	才起	cdqe	cdqe	未知飞键、非音码或读音集合未覆盖；不猜测
鲸凉鹤1.1手心挂接.txt	彩塑	cdso	cdso	未知飞键、非音码或读音集合未覆盖；不猜测
鲸凉鹤1.1手心挂接.txt	财政	cdvk	cdvk	未知飞键、非音码或读音集合未覆盖；不猜测
鲸凉鹤1.1手心挂接.txt	彩玉	cdyg	cdyg	未知飞键、非音码或读音集合未覆盖；不猜测
鲸凉鹤1.1手心挂接.txt	测到	cedl	cedl	未知飞键、非音码或读音集合未覆盖；不猜测
鲸凉鹤1.1手心挂接.txt	侧键	cejz	cejz	未知飞键、非音码或读音集合未覆盖；不猜测
鲸凉鹤1.1手心挂接.txt	侧目	cemx	cemx	未知飞键、非音码或读音集合未覆盖；不猜测
鲸凉鹤1.1手心挂接.txt	测评	cepx	cepx	未知飞键、非音码或读音集合未覆盖；不猜测
鲸凉鹤1.1手心挂接.txt	侧推	cetl	cetl	未知飞键、非音码或读音集合未覆盖；不猜测
鲸凉鹤1.1手心挂接.txt	侧向	cexj	cexj	未知飞键、非音码或读音集合未覆盖；不猜测
鲸凉鹤1.1手心挂接.txt	测验	ceyf	ceyf	未知飞键、非音码或读音集合未覆盖；不猜测
鲸凉鹤1.1手心挂接.txt	侧颜	ceyf	ceyf	未知飞键、非音码或读音集合未覆盖；不猜测
鲸凉鹤1.1手心挂接.txt	蹭到	cgdl	cgdl	未知飞键、非音码或读音集合未覆盖；不猜测
鲸凉鹤1.1手心挂接.txt	曾到	cgdl	cgdl	未知飞键、非音码或读音集合未覆盖；不猜测
鲸凉鹤1.1手心挂接.txt	噌吰	cghs	cghs	未知飞键、非音码或读音集合未覆盖；不猜测
鲸凉鹤1.1手心挂接.txt	层间	cgjz	cgjz	未知飞键、非音码或读音集合未覆盖；不猜测
鲸凉鹤1.1手心挂接.txt	层皮	cgpe	cgpe	未知飞键、非音码或读音集合未覆盖；不猜测
鲸凉鹤1.1手心挂接.txt	曾向	cgxj	cgxj	未知飞键、非音码或读音集合未覆盖；不猜测
鲸凉鹤1.1手心挂接.txt	曾与	cgyg	cgyg	未知飞键、非音码或读音集合未覆盖；不猜测
鲸凉鹤1.1手心挂接.txt	藏到	chdl	chdl	未知飞键、非音码或读音集合未覆盖；不猜测
鲸凉鹤1.1手心挂接.txt	苍穹	chgs	chgs	未知飞键、非音码或读音集合未覆盖；不猜测
鲸凉鹤1.1手心挂接.txt	藏剑	chjz	chjz	未知飞键、非音码或读音集合未覆盖；不猜测
鲸凉鹤1.1手心挂接.txt	藏起	chqe	chqe	未知飞键、非音码或读音集合未覆盖；不猜测
鲸凉鹤1.1手心挂接.txt	苍山	chus	chus	未知飞键、非音码或读音集合未覆盖；不猜测
鲸凉鹤1.1手心挂接.txt	藏于	chyg	chyg	未知飞键、非音码或读音集合未覆盖；不猜测
鲸凉鹤1.1手心挂接.txt	刺刀	cidl	cidl	未知飞键、非音码或读音集合未覆盖；不猜测
鲸凉鹤1.1手心挂接.txt	刺到	cidl	cidl	未知飞键、非音码或读音集合未覆盖；不猜测
鲸凉鹤1.1手心挂接.txt	此道	cidl	cidl	未知飞键、非音码或读音集合未覆盖；不猜测
鲸凉鹤1.1手心挂接.txt	辞官	cigp	cigp	未知飞键、非音码或读音集合未覆盖；不猜测
鲸凉鹤1.1手心挂接.txt	此道	cijf	cijf	未知飞键、非音码或读音集合未覆盖；不猜测
鲸凉鹤1.1手心挂接.txt	此间	cijz	cijz	未知飞键、非音码或读音集合未覆盖；不猜测
鲸凉鹤1.1手心挂接.txt	刺剑	cijz	cijz	未知飞键、非音码或读音集合未覆盖；不猜测
鲸凉鹤1.1手心挂接.txt	此列	cilf	cilf	未知飞键、非音码或读音集合未覆盖；不猜测
鲸凉鹤1.1手心挂接.txt	呲咯	cilo	cilo	未知飞键、非音码或读音集合未覆盖；不猜测
鲸凉鹤1.1手心挂接.txt	刺目	cimx	cimx	未知飞键、非音码或读音集合未覆盖；不猜测
鲸凉鹤1.1手心挂接.txt	慈母	cimx	cimx	未知飞键、非音码或读音集合未覆盖；不猜测
鲸凉鹤1.1手心挂接.txt	此批	cipe	cipe	未知飞键、非音码或读音集合未覆盖；不猜测
鲸凉鹤1.1手心挂接.txt	刺破	cips	cips	未知飞键、非音码或读音集合未覆盖；不猜测
鲸凉鹤1.1手心挂接.txt	瓷瓶	cipx	cipx	未知飞键、非音码或读音集合未覆盖；不猜测
鲸凉鹤1.1手心挂接.txt	辞退	citl	citl	未知飞键、非音码或读音集合未覆盖；不猜测
鲸凉鹤1.1手心挂接.txt	慈善	cius	cius	未知飞键、非音码或读音集合未覆盖；不猜测
鲸凉鹤1.1手心挂接.txt	次之	civp	civp	未知飞键、非音码或读音集合未覆盖；不猜测
鲸凉鹤1.1手心挂接.txt	刺绣	cixo	cixo	未知飞键、非音码或读音集合未覆盖；不猜测
鲸凉鹤1.1手心挂接.txt	词序	cixr	cixr	未知飞键、非音码或读音集合未覆盖；不猜测
鲸凉鹤1.1手心挂接.txt	刺眼	ciyf	ciyf	未知飞键、非音码或读音集合未覆盖；不猜测
鲸凉鹤1.1手心挂接.txt	词语	ciyg	ciyg	未知飞键、非音码或读音集合未覆盖；不猜测
鲸凉鹤1.1手心挂接.txt	赐予	ciyg	ciyg	未知飞键、非音码或读音集合未覆盖；不猜测
鲸凉鹤1.1手心挂接.txt	餐刀	cjdl	cjdl	未知飞键、非音码或读音集合未覆盖；不猜测
鲸凉鹤1.1手心挂接.txt	惨到	cjdl	cjdl	未知飞键、非音码或读音集合未覆盖；不猜测
鲸凉鹤1.1手心挂接.txt	餐柜	cjgi	cjgi	未知飞键、非音码或读音集合未覆盖；不猜测
鲸凉鹤1.1手心挂接.txt	参观	cjgp	cjgp	未知飞键、非音码或读音集合未覆盖；不猜测
鲸凉鹤1.1手心挂接.txt	餐馆	cjgp	cjgp	未知飞键、非音码或读音集合未覆盖；不猜测
鲸凉鹤1.1手心挂接.txt	掺合	cjhe	cjhe	未知飞键、非音码或读音集合未覆盖；不猜测
鲸凉鹤1.1手心挂接.txt	参见	cjjz	cjjz	未知飞键、非音码或读音集合未覆盖；不猜测
鲸凉鹤1.1手心挂接.txt	蚕茧	cjjz	cjjz	未知飞键、非音码或读音集合未覆盖；不猜测
鲸凉鹤1.1手心挂接.txt	掺了	cjle	cjle	未知飞键、非音码或读音集合未覆盖；不猜测
鲸凉鹤1.1手心挂接.txt	惨烈	cjlf	cjlf	未知飞键、非音码或读音集合未覆盖；不猜测
鲸凉鹤1.1手心挂接.txt	残破	cjps	cjps	未知飞键、非音码或读音集合未覆盖；不猜测
鲸凉鹤1.1手心挂接.txt	参破	cjps	cjps	未知飞键、非音码或读音集合未覆盖；不猜测
鲸凉鹤1.1手心挂接.txt	参评	cjpx	cjpx	未知飞键、非音码或读音集合未覆盖；不猜测
鲸凉鹤1.1手心挂接.txt	孱弱	cjro	cjro	未知飞键、非音码或读音集合未覆盖；不猜测
鲸凉鹤1.1手心挂接.txt	掺着	cjve	cjve	未知飞键、非音码或读音集合未覆盖；不猜测
鲸凉鹤1.1手心挂接.txt	参政	cjvk	cjvk	未知飞键、非音码或读音集合未覆盖；不猜测
鲸凉鹤1.1手心挂接.txt	喰种	cjvs	cjvs	未知飞键、非音码或读音集合未覆盖；不猜测
鲸凉鹤1.1手心挂接.txt	参演	cjyf	cjyf	未知飞键、非音码或读音集合未覆盖；不猜测
鲸凉鹤1.1手心挂接.txt	参与	cjyg	cjyg	未知飞键、非音码或读音集合未覆盖；不猜测
鲸凉鹤1.1手心挂接.txt	残余	cjyg	cjyg	未知飞键、非音码或读音集合未覆盖；不猜测
鲸凉鹤1.1手心挂接.txt	葱爆	clbc	clbc	未知飞键、非音码或读音集合未覆盖；不猜测
鲸凉鹤1.1手心挂接.txt	葱白	clbd	clbd	未知飞键、非音码或读音集合未覆盖；不猜测
鲸凉鹤1.1手心挂接.txt	葱饼	clbk	clbk	未知飞键、非音码或读音集合未覆盖；不猜测
鲸凉鹤1.1手心挂接.txt	从不	clbu	clbu	未知飞键、非音码或读音集合未覆盖；不猜测
鲸凉鹤1.1手心挂接.txt	从北	clbw	clbw	未知飞键、非音码或读音集合未覆盖；不猜测
鲸凉鹤1.1手心挂接.txt	从此	clci	clci	未知飞键、非音码或读音集合未覆盖；不猜测
鲸凉鹤1.1手心挂接.txt	匆匆	clcl	clcl	未知飞键、非音码或读音集合未覆盖；不猜测
鲸凉鹤1.1手心挂接.txt	淙淙	clcl	clcl	未知飞键、非音码或读音集合未覆盖；不猜测
鲸凉鹤1.1手心挂接.txt	葱葱	clcl	clcl	未知飞键、非音码或读音集合未覆盖；不猜测
鲸凉鹤1.1手心挂接.txt	匆促	clcu	clcu	未知飞键、非音码或读音集合未覆盖；不猜测
鲸凉鹤1.1手心挂接.txt	葱翠	clcv	clcv	未知飞键、非音码或读音集合未覆盖；不猜测
鲸凉鹤1.1手心挂接.txt	葱段	cldr	cldr	未知飞键、非音码或读音集合未覆盖；不猜测
鲸凉鹤1.1手心挂接.txt	从东	clds	clds	未知飞键、非音码或读音集合未覆盖；不猜测
鲸凉鹤1.1手心挂接.txt	从动	clds	clds	未知飞键、非音码或读音集合未覆盖；不猜测
鲸凉鹤1.1手心挂接.txt	从都	cldz	cldz	未知飞键、非音码或读音集合未覆盖；不猜测
鲸凉鹤1.1手心挂接.txt	从而	cler	cler	未知飞键、非音码或读音集合未覆盖；不猜测
鲸凉鹤1.1手心挂接.txt	从犯	clfj	clfj	未知飞键、非音码或读音集合未覆盖；不猜测
鲸凉鹤1.1手心挂接.txt	从父	clfu	clfu	未知飞键、非音码或读音集合未覆盖；不猜测
鲸凉鹤1.1手心挂接.txt	从古	clgu	clgu	未知飞键、非音码或读音集合未覆盖；不猜测
鲸凉鹤1.1手心挂接.txt	从何	clhe	clhe	未知飞键、非音码或读音集合未覆盖；不猜测
鲸凉鹤1.1手心挂接.txt	葱黄	clhl	clhl	未知飞键、非音码或读音集合未覆盖；不猜测
鲸凉鹤1.1手心挂接.txt	聪慧	clhv	clhv	未知飞键、非音码或读音集合未覆盖；不猜测
鲸凉鹤1.1手心挂接.txt	葱花	clhx	clhx	未知飞键、非音码或读音集合未覆盖；不猜测
鲸凉鹤1.1手心挂接.txt	从化	clhx	clhx	未知飞键、非音码或读音集合未覆盖；不猜测
鲸凉鹤1.1手心挂接.txt	从后	clhz	clhz	未知飞键、非音码或读音集合未覆盖；不猜测
鲸凉鹤1.1手心挂接.txt	从今	cljb	cljb	未知飞键、非音码或读音集合未覆盖；不猜测
鲸凉鹤1.1手心挂接.txt	丛集	clji	clji	未知飞键、非音码或读音集合未覆盖；不猜测
鲸凉鹤1.1手心挂接.txt	葱姜	cljl	cljl	未知飞键、非音码或读音集合未覆盖；不猜测
鲸凉鹤1.1手心挂接.txt	从简	cljm	cljm	未知飞键、非音码或读音集合未覆盖；不猜测
鲸凉鹤1.1手心挂接.txt	从教	cljn	cljn	未知飞键、非音码或读音集合未覆盖；不猜测
鲸凉鹤1.1手心挂接.txt	从句	clju	clju	未知飞键、非音码或读音集合未覆盖；不猜测
鲸凉鹤1.1手心挂接.txt	从军	cljy	cljy	未知飞键、非音码或读音集合未覆盖；不猜测
鲸凉鹤1.1手心挂接.txt	从简	cljz	cljz	未知飞键、非音码或读音集合未覆盖；不猜测
鲸凉鹤1.1手心挂接.txt	丛刊	clkj	clkj	未知飞键、非音码或读音集合未覆盖；不猜测
鲸凉鹤1.1手心挂接.txt	从宽	clkr	clkr	未知飞键、非音码或读音集合未覆盖；不猜测
鲸凉鹤1.1手心挂接.txt	丛林	cllb	cllb	未知飞键、非音码或读音集合未覆盖；不猜测
鲸凉鹤1.1手心挂接.txt	从来	clld	clld	未知飞键、非音码或读音集合未覆盖；不猜测
鲸凉鹤1.1手心挂接.txt	从了	clle	clle	未知飞键、非音码或读音集合未覆盖；不猜测
鲸凉鹤1.1手心挂接.txt	从零	cllk	cllk	未知飞键、非音码或读音集合未覆盖；不猜测
鲸凉鹤1.1手心挂接.txt	从良	clll	clll	未知飞键、非音码或读音集合未覆盖；不猜测
鲸凉鹤1.1手心挂接.txt	葱茏	clls	clls	未知飞键、非音码或读音集合未覆盖；不猜测
鲸凉鹤1.1手心挂接.txt	葱绿	cllv	cllv	未知飞键、非音码或读音集合未覆盖；不猜测
鲸凉鹤1.1手心挂接.txt	聪敏	clmb	clmb	未知飞键、非音码或读音集合未覆盖；不猜测
鲸凉鹤1.1手心挂接.txt	葱茂	clmc	clmc	未知飞键、非音码或读音集合未覆盖；不猜测
鲸凉鹤1.1手心挂接.txt	匆忙	clmh	clmh	未知飞键、非音码或读音集合未覆盖；不猜测
鲸凉鹤1.1手心挂接.txt	丛密	clmi	clmi	未知飞键、非音码或读音集合未覆盖；不猜测
鲸凉鹤1.1手心挂接.txt	聪明	clmk	clmk	未知飞键、非音码或读音集合未覆盖；不猜测
鲸凉鹤1.1手心挂接.txt	从命	clmk	clmk	未知飞键、非音码或读音集合未覆盖；不猜测
鲸凉鹤1.1手心挂接.txt	葱末	clmo	clmo	未知飞键、非音码或读音集合未覆盖；不猜测
鲸凉鹤1.1手心挂接.txt	从没	clmw	clmw	未知飞键、非音码或读音集合未覆盖；不猜测
鲸凉鹤1.1手心挂接.txt	从哪	clna	clna	未知飞键、非音码或读音集合未覆盖；不猜测
鲸凉鹤1.1手心挂接.txt	从那	clna	clna	未知飞键、非音码或读音集合未覆盖；不猜测
鲸凉鹤1.1手心挂接.txt	从南	clnj	clnj	未知飞键、非音码或读音集合未覆盖；不猜测
鲸凉鹤1.1手心挂接.txt	葱娘	clnl	clnl	未知飞键、非音码或读音集合未覆盖；不猜测
鲸凉鹤1.1手心挂接.txt	从内	clnw	clnw	未知飞键、非音码或读音集合未覆盖；不猜测
鲸凉鹤1.1手心挂接.txt	从南	clnz	clnz	未知飞键、非音码或读音集合未覆盖；不猜测
鲸凉鹤1.1手心挂接.txt	从旁	clph	clph	未知飞键、非音码或读音集合未覆盖；不猜测
鲸凉鹤1.1手心挂接.txt	从轻	clqk	clqk	未知飞键、非音码或读音集合未覆盖；不猜测
鲸凉鹤1.1手心挂接.txt	从前	clqm	clqm	未知飞键、非音码或读音集合未覆盖；不猜测
鲸凉鹤1.1手心挂接.txt	从人	clrf	clrf	未知飞键、非音码或读音集合未覆盖；不猜测
鲸凉鹤1.1手心挂接.txt	从日	clri	clri	未知飞键、非音码或读音集合未覆盖；不猜测
鲸凉鹤1.1手心挂接.txt	从容	clrs	clrs	未知飞键、非音码或读音集合未覆盖；不猜测
鲸凉鹤1.1手心挂接.txt	从戎	clrs	clrs	未知飞键、非音码或读音集合未覆盖；不猜测
鲸凉鹤1.1手心挂接.txt	苁蓉	clrs	clrs	未知飞键、非音码或读音集合未覆盖；不猜测
鲸凉鹤1.1手心挂接.txt	葱肉	clrz	clrz	未知飞键、非音码或读音集合未覆盖；不猜测
鲸凉鹤1.1手心挂接.txt	葱丝	clsi	clsi	未知飞键、非音码或读音集合未覆盖；不猜测
鲸凉鹤1.1手心挂接.txt	从速	clsu	clsu	未知飞键、非音码或读音集合未覆盖；不猜测
鲸凉鹤1.1手心挂接.txt	从俗	clsu	clsu	未知飞键、非音码或读音集合未覆盖；不猜测
鲸凉鹤1.1手心挂接.txt	从头	cltz	cltz	未知飞键、非音码或读音集合未覆盖；不猜测
鲸凉鹤1.1手心挂接.txt	葱头	cltz	cltz	未知飞键、非音码或读音集合未覆盖；不猜测
鲸凉鹤1.1手心挂接.txt	葱烧	cluc	cluc	未知飞键、非音码或读音集合未覆盖；不猜测
鲸凉鹤1.1手心挂接.txt	丛生	clug	clug	未知飞键、非音码或读音集合未覆盖；不猜测
鲸凉鹤1.1手心挂接.txt	从商	cluh	cluh	未知飞键、非音码或读音集合未覆盖；不猜测
鲸凉鹤1.1手心挂接.txt	从事	clui	clui	未知飞键、非音码或读音集合未覆盖；不猜测
鲸凉鹤1.1手心挂接.txt	从属	cluu	cluu	未知飞键、非音码或读音集合未覆盖；不猜测
鲸凉鹤1.1手心挂接.txt	丛书	cluu	cluu	未知飞键、非音码或读音集合未覆盖；不猜测
鲸凉鹤1.1手心挂接.txt	从这	clve	clve	未知飞键、非音码或读音集合未覆盖；不猜测
鲸凉鹤1.1手心挂接.txt	从政	clvg	clvg	未知飞键、非音码或读音集合未覆盖；不猜测
鲸凉鹤1.1手心挂接.txt	从政	clvk	clvk	未知飞键、非音码或读音集合未覆盖；不猜测
鲸凉鹤1.1手心挂接.txt	从中	clvs	clvs	未知飞键、非音码或读音集合未覆盖；不猜测
鲸凉鹤1.1手心挂接.txt	从众	clvs	clvs	未知飞键、非音码或读音集合未覆盖；不猜测
鲸凉鹤1.1手心挂接.txt	从外	clwd	clwd	未知飞键、非音码或读音集合未覆盖；不猜测
鲸凉鹤1.1手心挂接.txt	从无	clwu	clwu	未知飞键、非音码或读音集合未覆盖；不猜测
鲸凉鹤1.1手心挂接.txt	从未	clww	clww	未知飞键、非音码或读音集合未覆盖；不猜测
鲸凉鹤1.1手心挂接.txt	从新	clxb	clxb	未知飞键、非音码或读音集合未覆盖；不猜测
鲸凉鹤1.1手心挂接.txt	从心	clxb	clxb	未知飞键、非音码或读音集合未覆盖；不猜测
鲸凉鹤1.1手心挂接.txt	从西	clxi	clxi	未知飞键、非音码或读音集合未覆盖；不猜测
鲸凉鹤1.1手心挂接.txt	葱香	clxl	clxl	未知飞键、非音码或读音集合未覆盖；不猜测
鲸凉鹤1.1手心挂接.txt	从小	clxn	clxn	未知飞键、非音码或读音集合未覆盖；不猜测
鲸凉鹤1.1手心挂接.txt	从兄	clxs	clxs	未知飞键、非音码或读音集合未覆盖；不猜测
鲸凉鹤1.1手心挂接.txt	从下	clxx	clxx	未知飞键、非音码或读音集合未覆盖；不猜测
鲸凉鹤1.1手心挂接.txt	从业	clye	clye	未知飞键、非音码或读音集合未覆盖；不猜测
鲸凉鹤1.1手心挂接.txt	从严	clyf	clyf	未知飞键、非音码或读音集合未覆盖；不猜测
鲸凉鹤1.1手心挂接.txt	葱郁	clyg	clyg	未知飞键、非音码或读音集合未覆盖；不猜测
鲸凉鹤1.1手心挂接.txt	葱玉	clyg	clyg	未知飞键、非音码或读音集合未覆盖；不猜测
鲸凉鹤1.1手心挂接.txt	枞阳	clyh	clyh	未知飞键、非音码或读音集合未覆盖；不猜测
鲸凉鹤1.1手心挂接.txt	从医	clyi	clyi	未知飞键、非音码或读音集合未覆盖；不猜测
鲸凉鹤1.1手心挂接.txt	从艺	clyi	clyi	未知飞键、非音码或读音集合未覆盖；不猜测
鲸凉鹤1.1手心挂接.txt	从严	clyj	clyj	未知飞键、非音码或读音集合未覆盖；不猜测
鲸凉鹤1.1手心挂接.txt	聪颖	clyk	clyk	未知飞键、非音码或读音集合未覆盖；不猜测
鲸凉鹤1.1手心挂接.txt	从原	clyr	clyr	未知飞键、非音码或读音集合未覆盖；不猜测
鲸凉鹤1.1手心挂接.txt	葱郁	clyu	clyu	未知飞键、非音码或读音集合未覆盖；不猜测
鲸凉鹤1.1手心挂接.txt	葱玉	clyu	clyu	未知飞键、非音码或读音集合未覆盖；不猜测
鲸凉鹤1.1手心挂接.txt	丛云	clyy	clyy	未知飞键、非音码或读音集合未覆盖；不猜测
鲸凉鹤1.1手心挂接.txt	从优	clyz	clyz	未知飞键、非音码或读音集合未覆盖；不猜测
鲸凉鹤1.1手心挂接.txt	葱油	clyz	clyz	未知飞键、非音码或读音集合未覆盖；不猜测
鲸凉鹤1.1手心挂接.txt	丛杂	clza	clza	未知飞键、非音码或读音集合未覆盖；不猜测
鲸凉鹤1.1手心挂接.txt	锉刀	codl	codl	未知飞键、非音码或读音集合未覆盖；不猜测
鲸凉鹤1.1手心挂接.txt	挫裂	colf	colf	未知飞键、非音码或读音集合未覆盖；不猜测
鲸凉鹤1.1手心挂接.txt	搓破	cops	cops	未知飞键、非音码或读音集合未覆盖；不猜测
鲸凉鹤1.1手心挂接.txt	错综	cozl	cozl	未知飞键、非音码或读音集合未覆盖；不猜测
鲸凉鹤1.1手心挂接.txt	窜到	crdl	crdl	未知飞键、非音码或读音集合未覆盖；不猜测
鲸凉鹤1.1手心挂接.txt	从简	csjz	csjz	未知飞键、非音码或读音集合未覆盖；不猜测
鲸凉鹤1.1手心挂接.txt	枞木	csmx	csmx	未知飞键、非音码或读音集合未覆盖；不猜测
鲸凉鹤1.1手心挂接.txt	从南	csnz	csnz	未知飞键、非音码或读音集合未覆盖；不猜测
鲸凉鹤1.1手心挂接.txt	从政	csvk	csvk	未知飞键、非音码或读音集合未覆盖；不猜测
鲸凉鹤1.1手心挂接.txt	从严	csyf	csyf	未知飞键、非音码或读音集合未覆盖；不猜测
鲸凉鹤1.1手心挂接.txt	葱郁	csyg	csyg	未知飞键、非音码或读音集合未覆盖；不猜测
鲸凉鹤1.1手心挂接.txt	猝倒	cudl	cudl	未知飞键、非音码或读音集合未覆盖；不猜测
鲸凉鹤1.1手心挂接.txt	粗屌	cudn	cudn	未知飞键、非音码或读音集合未覆盖；不猜测
鲸凉鹤1.1手心挂接.txt	踧踖	cuji	cuji	未知飞键、非音码或读音集合未覆盖；不猜测
鲸凉鹤1.1手心挂接.txt	粗剪	cujz	cujz	未知飞键、非音码或读音集合未覆盖；不猜测
鲸凉鹤1.1手心挂接.txt	粗劣	culf	culf	未知飞键、非音码或读音集合未覆盖；不猜测
鲸凉鹤1.1手心挂接.txt	醋瓶	cupx	cupx	未知飞键、非音码或读音集合未覆盖；不猜测
鲸凉鹤1.1手心挂接.txt	粗腿	cutl	cutl	未知飞键、非音码或读音集合未覆盖；不猜测
鲸凉鹤1.1手心挂接.txt	粗盐	cuyf	cuyf	未知飞键、非音码或读音集合未覆盖；不猜测
鲸凉鹤1.1手心挂接.txt	醋鱼	cuyg	cuyg	未知飞键、非音码或读音集合未覆盖；不猜测
鲸凉鹤1.1手心挂接.txt	粗糙	cuzc	cuzc	未知飞键、非音码或读音集合未覆盖；不猜测
鲸凉鹤1.1手心挂接.txt	瘄子	cuzi	cuzi	未知飞键、非音码或读音集合未覆盖；不猜测
鲸凉鹤1.1手心挂接.txt	催到	cvdl	cvdl	未知飞键、非音码或读音集合未覆盖；不猜测
鲸凉鹤1.1手心挂接.txt	催件	cvjz	cvjz	未知飞键、非音码或读音集合未覆盖；不猜测
鲸凉鹤1.1手心挂接.txt	脆皮	cvpe	cvpe	未知飞键、非音码或读音集合未覆盖；不猜测
鲸凉鹤1.1手心挂接.txt	催迫	cvps	cvps	未知飞键、非音码或读音集合未覆盖；不猜测
鲸凉鹤1.1手心挂接.txt	翠屏	cvpx	cvpx	未知飞键、非音码或读音集合未覆盖；不猜测
鲸凉鹤1.1手心挂接.txt	催退	cvtl	cvtl	未知飞键、非音码或读音集合未覆盖；不猜测
鲸凉鹤1.1手心挂接.txt	翠玉	cvyg	cvyg	未知飞键、非音码或读音集合未覆盖；不猜测
鲸凉鹤1.1手心挂接.txt	存到	cydl	cydl	未知飞键、非音码或读音集合未覆盖；不猜测
鲸凉鹤1.1手心挂接.txt	村道	cydl	cydl	未知飞键、非音码或读音集合未覆盖；不猜测
鲸凉鹤1.1手心挂接.txt	村规	cygi	cygi	未知飞键、非音码或读音集合未覆盖；不猜测
鲸凉鹤1.1手心挂接.txt	村官	cygp	cygp	未知飞键、非音码或读音集合未覆盖；不猜测
鲸凉鹤1.1手心挂接.txt	存管	cygp	cygp	未知飞键、非音码或读音集合未覆盖；不猜测
鲸凉鹤1.1手心挂接.txt	皴裂	cylf	cylf	未知飞键、非音码或读音集合未覆盖；不猜测
鲸凉鹤1.1手心挂接.txt	村氓	cymg	cymg	未知飞键、非音码或读音集合未覆盖；不猜测
鲸凉鹤1.1手心挂接.txt	存满	cymr	cymr	未知飞键、非音码或读音集合未覆盖；不猜测
鲸凉鹤1.1手心挂接.txt	村南	cynz	cynz	未知飞键、非音码或读音集合未覆盖；不猜测
鲸凉鹤1.1手心挂接.txt	存休	cyxo	cyxo	未知飞键、非音码或读音集合未覆盖；不猜测
鲸凉鹤1.1手心挂接.txt	存于	cyyg	cyyg	未知飞键、非音码或读音集合未覆盖；不猜测
鲸凉鹤1.1手心挂接.txt	凑到	czdl	czdl	未知飞键、非音码或读音集合未覆盖；不猜测
鲸凉鹤1.1手心挂接.txt	凑合	czho	czho	未知飞键、非音码或读音集合未覆盖；不猜测
鲸凉鹤1.1手心挂接.txt	凑满	czmr	czmr	未知飞键、非音码或读音集合未覆盖；不猜测
鲸凉鹤1.1手心挂接.txt	凑起	czqe	czqe	未知飞键、非音码或读音集合未覆盖；不猜测
鲸凉鹤1.1手心挂接.txt	凑整	czvk	czvk	未知飞键、非音码或读音集合未覆盖；不猜测
鲸凉鹤1.1手心挂接.txt	大葱	dacl	dacl	未知飞键、非音码或读音集合未覆盖；不猜测
鲸凉鹤1.1手心挂接.txt	达到	dadl	dadl	未知飞键、非音码或读音集合未覆盖；不猜测
鲸凉鹤1.1手心挂接.txt	打倒	dadl	dadl	未知飞键、非音码或读音集合未覆盖；不猜测
鲸凉鹤1.1手心挂接.txt	大道	dadl	dadl	未知飞键、非音码或读音集合未覆盖；不猜测
鲸凉鹤1.1手心挂接.txt	大盗	dadl	dadl	未知飞键、非音码或读音集合未覆盖；不猜测
鲸凉鹤1.1手心挂接.txt	大屌	dadn	dadn	未知飞键、非音码或读音集合未覆盖；不猜测
鲸凉鹤1.1手心挂接.txt	打鬼	dagi	dagi	未知飞键、非音码或读音集合未覆盖；不猜测
鲸凉鹤1.1手心挂接.txt	大官	dagp	dagp	未知飞键、非音码或读音集合未覆盖；不猜测
鲸凉鹤1.1手心挂接.txt	大关	dagp	dagp	未知飞键、非音码或读音集合未覆盖；不猜测
鲸凉鹤1.1手心挂接.txt	答道	dajf	dajf	未知飞键、非音码或读音集合未覆盖；不猜测
鲸凉鹤1.1手心挂接.txt	大道	dajf	dajf	未知飞键、非音码或读音集合未覆盖；不猜测
鲸凉鹤1.1手心挂接.txt	大囧	dajs	dajs	未知飞键、非音码或读音集合未覆盖；不猜测
鲸凉鹤1.1手心挂接.txt	搭建	dajz	dajz	未知飞键、非音码或读音集合未覆盖；不猜测
鲸凉鹤1.1手心挂接.txt	大减	dajz	dajz	未知飞键、非音码或读音集合未覆盖；不猜测
鲸凉鹤1.1手心挂接.txt	大件	dajz	dajz	未知飞键、非音码或读音集合未覆盖；不猜测
鲸凉鹤1.1手心挂接.txt	打猎	dalf	dalf	未知飞键、非音码或读音集合未覆盖；不猜测
鲸凉鹤1.1手心挂接.txt	打满	damr	damr	未知飞键、非音码或读音集合未覆盖；不猜测
鲸凉鹤1.1手心挂接.txt	大难	danz	danz	未知飞键、非音码或读音集合未覆盖；不猜测
鲸凉鹤1.1手心挂接.txt	大批	dape	dape	未知飞键、非音码或读音集合未覆盖；不猜测
鲸凉鹤1.1手心挂接.txt	打屁	dape	dape	未知飞键、非音码或读音集合未覆盖；不猜测
鲸凉鹤1.1手心挂接.txt	打破	daps	daps	未知飞键、非音码或读音集合未覆盖；不猜测
鲸凉鹤1.1手心挂接.txt	大破	daps	daps	未知飞键、非音码或读音集合未覆盖；不猜测
鲸凉鹤1.1手心挂接.txt	大屏	dapx	dapx	未知飞键、非音码或读音集合未覆盖；不猜测
鲸凉鹤1.1手心挂接.txt	大瓶	dapx	dapx	未知飞键、非音码或读音集合未覆盖；不猜测
鲸凉鹤1.1手心挂接.txt	打平	dapx	dapx	未知飞键、非音码或读音集合未覆盖；不猜测
鲸凉鹤1.1手心挂接.txt	大腿	datl	datl	未知飞键、非音码或读音集合未覆盖；不猜测
鲸凉鹤1.1手心挂接.txt	打退	datl	datl	未知飞键、非音码或读音集合未覆盖；不猜测
鲸凉鹤1.1手心挂接.txt	搭讪	daus	daus	未知飞键、非音码或读音集合未覆盖；不猜测
鲸凉鹤1.1手心挂接.txt	大山	daus	daus	未知飞键、非音码或读音集合未覆盖；不猜测
鲸凉鹤1.1手心挂接.txt	打颤	davj	davj	未知飞键、非音码或读音集合未覆盖；不猜测
鲸凉鹤1.1手心挂接.txt	大正	davk	davk	未知飞键、非音码或读音集合未覆盖；不猜测
鲸凉鹤1.1手心挂接.txt	大修	daxo	daxo	未知飞键、非音码或读音集合未覆盖；不猜测
鲸凉鹤1.1手心挂接.txt	大秀	daxo	daxo	未知飞键、非音码或读音集合未覆盖；不猜测
鲸凉鹤1.1手心挂接.txt	大眼	dayf	dayf	未知飞键、非音码或读音集合未覆盖；不猜测
鲸凉鹤1.1手心挂接.txt	打眼	dayf	dayf	未知飞键、非音码或读音集合未覆盖；不猜测
鲸凉鹤1.1手心挂接.txt	大雁	dayf	dayf	未知飞键、非音码或读音集合未覆盖；不猜测
鲸凉鹤1.1手心挂接.txt	大燕	dayf	dayf	未知飞键、非音码或读音集合未覆盖；不猜测
鲸凉鹤1.1手心挂接.txt	大雨	dayg	dayg	未知飞键、非音码或读音集合未覆盖；不猜测
鲸凉鹤1.1手心挂接.txt	大于	dayg	dayg	未知飞键、非音码或读音集合未覆盖；不猜测
鲸凉鹤1.1手心挂接.txt	大鱼	dayg	dayg	未知飞键、非音码或读音集合未覆盖；不猜测
鲸凉鹤1.1手心挂接.txt	大宗	dazl	dazl	未知飞键、非音码或读音集合未覆盖；不猜测
鲸凉鹤1.1手心挂接.txt	大赚	dazr	dazr	未知飞键、非音码或读音集合未覆盖；不猜测
鲸凉鹤1.1手心挂接.txt	捣鬼	dcgi	dcgi	未知飞键、非音码或读音集合未覆盖；不猜测
鲸凉鹤1.1手心挂接.txt	导轨	dcgi	dcgi	未知飞键、非音码或读音集合未覆盖；不猜测
鲸凉鹤1.1手心挂接.txt	道诡	dcgi	dcgi	未知飞键、非音码或读音集合未覆盖；不猜测
鲸凉鹤1.1手心挂接.txt	道观	dcgp	dcgp	未知飞键、非音码或读音集合未覆盖；不猜测
鲸凉鹤1.1手心挂接.txt	倒灌	dcgp	dcgp	未知飞键、非音码或读音集合未覆盖；不猜测
鲸凉鹤1.1手心挂接.txt	道馆	dcgp	dcgp	未知飞键、非音码或读音集合未覆盖；不猜测
鲸凉鹤1.1手心挂接.txt	导管	dcgp	dcgp	未知飞键、非音码或读音集合未覆盖；不猜测
鲸凉鹤1.1手心挂接.txt	刀剑	dcjz	dcjz	未知飞键、非音码或读音集合未覆盖；不猜测
鲸凉鹤1.1手心挂接.txt	刀尖	dcjz	dcjz	未知飞键、非音码或读音集合未覆盖；不猜测
鲸凉鹤1.1手心挂接.txt	盗猎	dclf	dclf	未知飞键、非音码或读音集合未覆盖；不猜测
鲸凉鹤1.1手心挂接.txt	到咯	dclo	dclo	未知飞键、非音码或读音集合未覆盖；不猜测
鲸凉鹤1.1手心挂接.txt	倒满	dcmr	dcmr	未知飞键、非音码或读音集合未覆盖；不猜测
鲸凉鹤1.1手心挂接.txt	盗墓	dcmx	dcmx	未知飞键、非音码或读音集合未覆盖；不猜测
鲸凉鹤1.1手心挂接.txt	刀劈	dcpe	dcpe	未知飞键、非音码或读音集合未覆盖；不猜测
鲸凉鹤1.1手心挂接.txt	道破	dcps	dcps	未知飞键、非音码或读音集合未覆盖；不猜测
鲸凉鹤1.1手心挂接.txt	倒退	dctl	dctl	未知飞键、非音码或读音集合未覆盖；不猜测
鲸凉鹤1.1手心挂接.txt	倒推	dctl	dctl	未知飞键、非音码或读音集合未覆盖；不猜测
鲸凉鹤1.1手心挂接.txt	刀山	dcus	dcus	未知飞键、非音码或读音集合未覆盖；不猜测
鲸凉鹤1.1手心挂接.txt	岛山	dcus	dcus	未知飞键、非音码或读音集合未覆盖；不猜测
鲸凉鹤1.1手心挂接.txt	导向	dcxj	dcxj	未知飞键、非音码或读音集合未覆盖；不猜测
鲸凉鹤1.1手心挂接.txt	倒向	dcxj	dcxj	未知飞键、非音码或读音集合未覆盖；不猜测
鲸凉鹤1.1手心挂接.txt	倒休	dcxo	dcxo	未知飞键、非音码或读音集合未覆盖；不猜测
鲸凉鹤1.1手心挂接.txt	导演	dcyf	dcyf	未知飞键、非音码或读音集合未覆盖；不猜测
鲸凉鹤1.1手心挂接.txt	岛屿	dcyg	dcyg	未知飞键、非音码或读音集合未覆盖；不猜测
鲸凉鹤1.1手心挂接.txt	导语	dcyg	dcyg	未知飞键、非音码或读音集合未覆盖；不猜测
鲸凉鹤1.1手心挂接.txt	刀鱼	dcyg	dcyg	未知飞键、非音码或读音集合未覆盖；不猜测
鲸凉鹤1.1手心挂接.txt	道宗	dczl	dczl	未知飞键、非音码或读音集合未覆盖；不猜测
鲸凉鹤1.1手心挂接.txt	带到	dddl	dddl	未知飞键、非音码或读音集合未覆盖；不猜测
鲸凉鹤1.1手心挂接.txt	逮到	dddl	dddl	未知飞键、非音码或读音集合未覆盖；不猜测
鲸凉鹤1.1手心挂接.txt	待到	dddl	dddl	未知飞键、非音码或读音集合未覆盖；不猜测
鲸凉鹤1.1手心挂接.txt	呆到	dddl	dddl	未知飞键、非音码或读音集合未覆盖；不猜测
鲸凉鹤1.1手心挂接.txt	代打	dddw	dddw	未知飞键、非音码或读音集合未覆盖；不猜测
鲸凉鹤1.1手心挂接.txt	代管	ddgp	ddgp	未知飞键、非音码或读音集合未覆盖；不猜测
鲸凉鹤1.1手心挂接.txt	呆惯	ddgp	ddgp	未知飞键、非音码或读音集合未覆盖；不猜测
鲸凉鹤1.1手心挂接.txt	待见	ddjz	ddjz	未知飞键、非音码或读音集合未覆盖；不猜测
鲸凉鹤1.1手心挂接.txt	待检	ddjz	ddjz	未知飞键、非音码或读音集合未覆盖；不猜测
鲸凉鹤1.1手心挂接.txt	待建	ddjz	ddjz	未知飞键、非音码或读音集合未覆盖；不猜测
鲸凉鹤1.1手心挂接.txt	代建	ddjz	ddjz	未知飞键、非音码或读音集合未覆盖；不猜测
鲸凉鹤1.1手心挂接.txt	怠慢	ddmr	ddmr	未知飞键、非音码或读音集合未覆盖；不猜测
鲸凉鹤1.1手心挂接.txt	带皮	ddpe	ddpe	未知飞键、非音码或读音集合未覆盖；不猜测
鲸凉鹤1.1手心挂接.txt	呆批	ddpe	ddpe	未知飞键、非音码或读音集合未覆盖；不猜测
鲸凉鹤1.1手心挂接.txt	带破	ddps	ddps	未知飞键、非音码或读音集合未覆盖；不猜测
鲸凉鹤1.1手心挂接.txt	带起	ddqe	ddqe	未知飞键、非音码或读音集合未覆盖；不猜测
鲸凉鹤1.1手心挂接.txt	代征	ddvk	ddvk	未知飞键、非音码或读音集合未覆盖；不猜测
鲸凉鹤1.1手心挂接.txt	代之	ddvp	ddvp	未知飞键、非音码或读音集合未覆盖；不猜测
鲸凉鹤1.1手心挂接.txt	带向	ddxj	ddxj	未知飞键、非音码或读音集合未覆盖；不猜测
鲸凉鹤1.1手心挂接.txt	待修	ddxo	ddxo	未知飞键、非音码或读音集合未覆盖；不猜测
鲸凉鹤1.1手心挂接.txt	代言	ddyf	ddyf	未知飞键、非音码或读音集合未覆盖；不猜测
鲸凉鹤1.1手心挂接.txt	待遇	ddyg	ddyg	未知飞键、非音码或读音集合未覆盖；不猜测
鲸凉鹤1.1手心挂接.txt	岱宗	ddzl	ddzl	未知飞键、非音码或读音集合未覆盖；不猜测
鲸凉鹤1.1手心挂接.txt	得到	dedl	dedl	未知飞键、非音码或读音集合未覆盖；不猜测
鲸凉鹤1.1手心挂接.txt	得道	dedl	dedl	未知飞键、非音码或读音集合未覆盖；不猜测
鲸凉鹤1.1手心挂接.txt	得道	dejf	dejf	未知飞键、非音码或读音集合未覆盖；不猜测
鲸凉鹤1.1手心挂接.txt	得见	dejz	dejz	未知飞键、非音码或读音集合未覆盖；不猜测
鲸凉鹤1.1手心挂接.txt	得咯	delo	delo	未知飞键、非音码或读音集合未覆盖；不猜测
鲸凉鹤1.1手心挂接.txt	得起	deqe	deqe	未知飞键、非音码或读音集合未覆盖；不猜测
鲸凉鹤1.1手心挂接.txt	德政	devk	devk	未知飞键、非音码或读音集合未覆盖；不猜测
鲸凉鹤1.1手心挂接.txt	德语	deyg	deyg	未知飞键、非音码或读音集合未覆盖；不猜测
鲸凉鹤1.1手心挂接.txt	德育	deyg	deyg	未知飞键、非音码或读音集合未覆盖；不猜测
鲸凉鹤1.1手心挂接.txt	等到	dgdl	dgdl	未知飞键、非音码或读音集合未覆盖；不猜测
鲸凉鹤1.1手心挂接.txt	登岛	dgdl	dgdl	未知飞键、非音码或读音集合未覆盖；不猜测
鲸凉鹤1.1手心挂接.txt	灯管	dggp	dggp	未知飞键、非音码或读音集合未覆盖；不猜测
鲸凉鹤1.1手心挂接.txt	等咯	dglo	dglo	未知飞键、非音码或读音集合未覆盖；不猜测
鲸凉鹤1.1手心挂接.txt	蹬破	dgps	dgps	未知飞键、非音码或读音集合未覆盖；不猜测
鲸凉鹤1.1手心挂接.txt	等起	dgqe	dgqe	未知飞键、非音码或读音集合未覆盖；不猜测
鲸凉鹤1.1手心挂接.txt	蹬腿	dgtl	dgtl	未知飞键、非音码或读音集合未覆盖；不猜测
鲸凉鹤1.1手心挂接.txt	登山	dgus	dgus	未知飞键、非音码或读音集合未覆盖；不猜测
鲸凉鹤1.1手心挂接.txt	正蹬	dgvg	dgvg	未知飞键、非音码或读音集合未覆盖；不猜测
鲸凉鹤1.1手心挂接.txt	正蹬	dgvk	dgvk	未知飞键、非音码或读音集合未覆盖；不猜测
鲸凉鹤1.1手心挂接.txt	瞪眼	dgyf	dgyf	未知飞键、非音码或读音集合未覆盖；不猜测
鲸凉鹤1.1手心挂接.txt	等于	dgyg	dgyg	未知飞键、非音码或读音集合未覆盖；不猜测
鲸凉鹤1.1手心挂接.txt	等咱	dgza	dgza	未知飞键、非音码或读音集合未覆盖；不猜测
鲸凉鹤1.1手心挂接.txt	当道	dhdl	dhdl	未知飞键、非音码或读音集合未覆盖；不猜测
鲸凉鹤1.1手心挂接.txt	挡道	dhdl	dhdl	未知飞键、非音码或读音集合未覆盖；不猜测
鲸凉鹤1.1手心挂接.txt	挡刀	dhdl	dhdl	未知飞键、非音码或读音集合未覆盖；不猜测
鲸凉鹤1.1手心挂接.txt	当归	dhgi	dhgi	未知飞键、非音码或读音集合未覆盖；不猜测
鲸凉鹤1.1手心挂接.txt	党规	dhgi	dhgi	未知飞键、非音码或读音集合未覆盖；不猜测
鲸凉鹤1.1手心挂接.txt	当官	dhgp	dhgp	未知飞键、非音码或读音集合未覆盖；不猜测
鲸凉鹤1.1手心挂接.txt	当关	dhgp	dhgp	未知飞键、非音码或读音集合未覆盖；不猜测
鲸凉鹤1.1手心挂接.txt	当道	dhjf	dhjf	未知飞键、非音码或读音集合未覆盖；不猜测
鲸凉鹤1.1手心挂接.txt	挡道	dhjf	dhjf	未知飞键、非音码或读音集合未覆盖；不猜测
鲸凉鹤1.1手心挂接.txt	党建	dhjz	dhjz	未知飞键、非音码或读音集合未覆盖；不猜测
鲸凉鹤1.1手心挂接.txt	当屁	dhpe	dhpe	未知飞键、非音码或读音集合未覆盖；不猜测
鲸凉鹤1.1手心挂接.txt	荡平	dhpx	dhpx	未知飞键、非音码或读音集合未覆盖；不猜测
鲸凉鹤1.1手心挂接.txt	挡头	dhrz	dhrz	未知飞键、非音码或读音集合未覆盖；不猜测
鲸凉鹤1.1手心挂接.txt	党政	dhvk	dhvk	未知飞键、非音码或读音集合未覆盖；不猜测
鲸凉鹤1.1手心挂接.txt	当政	dhvk	dhvk	未知飞键、非音码或读音集合未覆盖；不猜测
鲸凉鹤1.1手心挂接.txt	党争	dhvk	dhvk	未知飞键、非音码或读音集合未覆盖；不猜测
鲸凉鹤1.1手心挂接.txt	党正	dhvk	dhvk	未知飞键、非音码或读音集合未覆盖；不猜测
鲸凉鹤1.1手心挂接.txt	党羽	dhyg	dhyg	未知飞键、非音码或读音集合未覆盖；不猜测
鲸凉鹤1.1手心挂接.txt	挡雨	dhyg	dhyg	未知飞键、非音码或读音集合未覆盖；不猜测
鲸凉鹤1.1手心挂接.txt	氹仔	dhzd	dhzd	未知飞键、非音码或读音集合未覆盖；不猜测
鲸凉鹤1.1手心挂接.txt	地道	didl	didl	未知飞键、非音码或读音集合未覆盖；不猜测
鲸凉鹤1.1手心挂接.txt	递到	didl	didl	未知飞键、非音码或读音集合未覆盖；不猜测
鲸凉鹤1.1手心挂接.txt	蝃蝀	dids	dids	未知飞键、非音码或读音集合未覆盖；不猜测
鲸凉鹤1.1手心挂接.txt	递归	digi	digi	未知飞键、非音码或读音集合未覆盖；不猜测
鲸凉鹤1.1手心挂接.txt	弟媳	diix	diix	未知飞键、非音码或读音集合未覆盖；不猜测
鲸凉鹤1.1手心挂接.txt	第几	dije	dije	未知飞键、非音码或读音集合未覆盖；不猜测
鲸凉鹤1.1手心挂接.txt	地道	dijf	dijf	未知飞键、非音码或读音集合未覆盖；不猜测
鲸凉鹤1.1手心挂接.txt	递减	dijz	dijz	未知飞键、非音码或读音集合未覆盖；不猜测
鲸凉鹤1.1手心挂接.txt	低贱	dijz	dijz	未知飞键、非音码或读音集合未覆盖；不猜测
鲸凉鹤1.1手心挂接.txt	低劣	dilf	dilf	未知飞键、非音码或读音集合未覆盖；不猜测
鲸凉鹤1.1手心挂接.txt	地幔	dimr	dimr	未知飞键、非音码或读音集合未覆盖；不猜测
鲸凉鹤1.1手心挂接.txt	地皮	dipe	dipe	未知飞键、非音码或读音集合未覆盖；不猜测
鲸凉鹤1.1手心挂接.txt	地痞	dipe	dipe	未知飞键、非音码或读音集合未覆盖；不猜测
鲸凉鹤1.1手心挂接.txt	堤坡	dips	dips	未知飞键、非音码或读音集合未覆盖；不猜测
鲸凉鹤1.1手心挂接.txt	嘀嗒	dita	dita	未知飞键、非音码或读音集合未覆盖；不猜测
鲸凉鹤1.1手心挂接.txt	递推	ditl	ditl	未知飞键、非音码或读音集合未覆盖；不猜测
鲸凉鹤1.1手心挂接.txt	递烟	diyf	diyf	未知飞键、非音码或读音集合未覆盖；不猜测
鲸凉鹤1.1手心挂接.txt	地狱	diyg	diyg	未知飞键、非音码或读音集合未覆盖；不猜测
鲸凉鹤1.1手心挂接.txt	地域	diyg	diyg	未知飞键、非音码或读音集合未覆盖；不猜测
鲸凉鹤1.1手心挂接.txt	低于	diyg	diyg	未知飞键、非音码或读音集合未覆盖；不猜测
鲸凉鹤1.1手心挂接.txt	抵御	diyg	diyg	未知飞键、非音码或读音集合未覆盖；不猜测
鲸凉鹤1.1手心挂接.txt	但从	djcl	djcl	未知飞键、非音码或读音集合未覆盖；不猜测
鲸凉鹤1.1手心挂接.txt	单从	djcl	djcl	未知飞键、非音码或读音集合未覆盖；不猜测
鲸凉鹤1.1手心挂接.txt	弹道	djdl	djdl	未知飞键、非音码或读音集合未覆盖；不猜测
鲸凉鹤1.1手心挂接.txt	单刀	djdl	djdl	未知飞键、非音码或读音集合未覆盖；不猜测
鲸凉鹤1.1手心挂接.txt	单轨	djgi	djgi	未知飞键、非音码或读音集合未覆盖；不猜测
鲸凉鹤1.1手心挂接.txt	丹桂	djgi	djgi	未知飞键、非音码或读音集合未覆盖；不猜测
鲸凉鹤1.1手心挂接.txt	单管	djgp	djgp	未知飞键、非音码或读音集合未覆盖；不猜测
鲸凉鹤1.1手心挂接.txt	胆管	djgp	djgp	未知飞键、非音码或读音集合未覆盖；不猜测
鲸凉鹤1.1手心挂接.txt	弹道	djjf	djjf	未知飞键、非音码或读音集合未覆盖；不猜测
鲸凉鹤1.1手心挂接.txt	单间	djjz	djjz	未知飞键、非音码或读音集合未覆盖；不猜测
鲸凉鹤1.1手心挂接.txt	单肩	djjz	djjz	未知飞键、非音码或读音集合未覆盖；不猜测
鲸凉鹤1.1手心挂接.txt	单件	djjz	djjz	未知飞键、非音码或读音集合未覆盖；不猜测
鲸凉鹤1.1手心挂接.txt	单列	djlf	djlf	未知飞键、非音码或读音集合未覆盖；不猜测
鲸凉鹤1.1手心挂接.txt	胆裂	djlf	djlf	未知飞键、非音码或读音集合未覆盖；不猜测
鲸凉鹤1.1手心挂接.txt	弹幕	djmx	djmx	未知飞键、非音码或读音集合未覆盖；不猜测
鲸凉鹤1.1手心挂接.txt	单男	djnz	djnz	未知飞键、非音码或读音集合未覆盖；不猜测
鲸凉鹤1.1手心挂接.txt	蛋皮	djpe	djpe	未知飞键、非音码或读音集合未覆盖；不猜测
鲸凉鹤1.1手心挂接.txt	丹皮	djpe	djpe	未知飞键、非音码或读音集合未覆盖；不猜测
鲸凉鹤1.1手心挂接.txt	胆魄	djps	djps	未知飞键、非音码或读音集合未覆盖；不猜测
鲸凉鹤1.1手心挂接.txt	单凭	djpx	djpx	未知飞键、非音码或读音集合未覆盖；不猜测
鲸凉鹤1.1手心挂接.txt	单腿	djtl	djtl	未知飞键、非音码或读音集合未覆盖；不猜测
鲸凉鹤1.1手心挂接.txt	胆颤	djvj	djvj	未知飞键、非音码或读音集合未覆盖；不猜测
鲸凉鹤1.1手心挂接.txt	单向	djxj	djxj	未知飞键、非音码或读音集合未覆盖；不猜测
鲸凉鹤1.1手心挂接.txt	单休	djxo	djxo	未知飞键、非音码或读音集合未覆盖；不猜测
鲸凉鹤1.1手心挂接.txt	单修	djxo	djxo	未知飞键、非音码或读音集合未覆盖；不猜测
鲸凉鹤1.1手心挂接.txt	单眼	djyf	djyf	未知飞键、非音码或读音集合未覆盖；不猜测
鲸凉鹤1.1手心挂接.txt	但总	djzl	djzl	未知飞键、非音码或读音集合未覆盖；不猜测
鲸凉鹤1.1手心挂接.txt	定从	dkcl	dkcl	未知飞键、非音码或读音集合未覆盖；不猜测
鲸凉鹤1.1手心挂接.txt	订到	dkdl	dkdl	未知飞键、非音码或读音集合未覆盖；不猜测
鲸凉鹤1.1手心挂接.txt	定规	dkgi	dkgi	未知飞键、非音码或读音集合未覆盖；不猜测
鲸凉鹤1.1手心挂接.txt	顶柜	dkgi	dkgi	未知飞键、非音码或读音集合未覆盖；不猜测
鲸凉鹤1.1手心挂接.txt	顶尖	dkjz	dkjz	未知飞键、非音码或读音集合未覆盖；不猜测
鲸凉鹤1.1手心挂接.txt	订满	dkmr	dkmr	未知飞键、非音码或读音集合未覆盖；不猜测
鲸凉鹤1.1手心挂接.txt	顶破	dkps	dkps	未知飞键、非音码或读音集合未覆盖；不猜测
鲸凉鹤1.1手心挂接.txt	顶屏	dkpx	dkpx	未知飞键、非音码或读音集合未覆盖；不猜测
鲸凉鹤1.1手心挂接.txt	顶起	dkqe	dkqe	未知飞键、非音码或读音集合未覆盖；不猜测
鲸凉鹤1.1手心挂接.txt	顶推	dktl	dktl	未知飞键、非音码或读音集合未覆盖；不猜测
鲸凉鹤1.1手心挂接.txt	订正	dkvk	dkvk	未知飞键、非音码或读音集合未覆盖；不猜测
鲸凉鹤1.1手心挂接.txt	定向	dkxj	dkxj	未知飞键、非音码或读音集合未覆盖；不猜测
鲸凉鹤1.1手心挂接.txt	腚眼	dkyf	dkyf	未知飞键、非音码或读音集合未覆盖；不猜测
鲸凉鹤1.1手心挂接.txt	订烟	dkyf	dkyf	未知飞键、非音码或读音集合未覆盖；不猜测
鲸凉鹤1.1手心挂接.txt	定眼	dkyf	dkyf	未知飞键、非音码或读音集合未覆盖；不猜测
鲸凉鹤1.1手心挂接.txt	定于	dkyg	dkyg	未知飞键、非音码或读音集合未覆盖；不猜测
鲸凉鹤1.1手心挂接.txt	定语	dkyg	dkyg	未知飞键、非音码或读音集合未覆盖；不猜测
鲸凉鹤1.1手心挂接.txt	到岸	dlan	dlan	未知飞键、非音码或读音集合未覆盖；不猜测
鲸凉鹤1.1手心挂接.txt	盗案	dlan	dlan	未知飞键、非音码或读音集合未覆盖；不猜测
鲸凉鹤1.1手心挂接.txt	刀疤	dlba	dlba	未知飞键、非音码或读音集合未覆盖；不猜测
鲸凉鹤1.1手心挂接.txt	倒把	dlba	dlba	未知飞键、非音码或读音集合未覆盖；不猜测
鲸凉鹤1.1手心挂接.txt	刀把	dlba	dlba	未知飞键、非音码或读音集合未覆盖；不猜测
鲸凉鹤1.1手心挂接.txt	导报	dlbc	dlbc	未知飞键、非音码或读音集合未覆盖；不猜测
鲸凉鹤1.1手心挂接.txt	导爆	dlbc	dlbc	未知飞键、非音码或读音集合未覆盖；不猜测
鲸凉鹤1.1手心挂接.txt	道白	dlbd	dlbd	未知飞键、非音码或读音集合未覆盖；不猜测
鲸凉鹤1.1手心挂接.txt	道榜	dlbh	dlbh	未知飞键、非音码或读音集合未覆盖；不猜测
鲸凉鹤1.1手心挂接.txt	倒闭	dlbi	dlbi	未知飞键、非音码或读音集合未覆盖；不猜测
鲸凉鹤1.1手心挂接.txt	倒逼	dlbi	dlbi	未知飞键、非音码或读音集合未覆盖；不猜测
鲸凉鹤1.1手心挂接.txt	盗版	dlbj	dlbj	未知飞键、非音码或读音集合未覆盖；不猜测
鲸凉鹤1.1手心挂接.txt	倒班	dlbj	dlbj	未知飞键、非音码或读音集合未覆盖；不猜测
鲸凉鹤1.1手心挂接.txt	刀柄	dlbk	dlbk	未知飞键、非音码或读音集合未覆盖；不猜测
鲸凉鹤1.1手心挂接.txt	刀兵	dlbk	dlbk	未知飞键、非音码或读音集合未覆盖；不猜测
鲸凉鹤1.1手心挂接.txt	道边	dlbm	dlbm	未知飞键、非音码或读音集合未覆盖；不猜测
鲸凉鹤1.1手心挂接.txt	倒扁	dlbm	dlbm	未知飞键、非音码或读音集合未覆盖；不猜测
鲸凉鹤1.1手心挂接.txt	道标	dlbn	dlbn	未知飞键、非音码或读音集合未覆盖；不猜测
鲸凉鹤1.1手心挂接.txt	导标	dlbn	dlbn	未知飞键、非音码或读音集合未覆盖；不猜测
鲸凉鹤1.1手心挂接.txt	导播	dlbo	dlbo	未知飞键、非音码或读音集合未覆盖；不猜测
鲸凉鹤1.1手心挂接.txt	盗播	dlbo	dlbo	未知飞键、非音码或读音集合未覆盖；不猜测
鲸凉鹤1.1手心挂接.txt	道别	dlbp	dlbp	未知飞键、非音码或读音集合未覆盖；不猜测
鲸凉鹤1.1手心挂接.txt	到不	dlbu	dlbu	未知飞键、非音码或读音集合未覆盖；不猜测
鲸凉鹤1.1手心挂接.txt	倒不	dlbu	dlbu	未知飞键、非音码或读音集合未覆盖；不猜测
鲸凉鹤1.1手心挂接.txt	刀背	dlbw	dlbw	未知飞键、非音码或读音集合未覆盖；不猜测
鲸凉鹤1.1手心挂接.txt	倒背	dlbw	dlbw	未知飞键、非音码或读音集合未覆盖；不猜测
鲸凉鹤1.1手心挂接.txt	道北	dlbw	dlbw	未知飞键、非音码或读音集合未覆盖；不猜测
鲸凉鹤1.1手心挂接.txt	稻草	dlcc	dlcc	未知飞键、非音码或读音集合未覆盖；不猜测
鲸凉鹤1.1手心挂接.txt	道菜	dlcd	dlcd	未知飞键、非音码或读音集合未覆盖；不猜测
鲸凉鹤1.1手心挂接.txt	倒彩	dlcd	dlcd	未知飞键、非音码或读音集合未覆盖；不猜测
鲸凉鹤1.1手心挂接.txt	倒仓	dlch	dlch	未知飞键、非音码或读音集合未覆盖；不猜测
鲸凉鹤1.1手心挂接.txt	道藏	dlch	dlch	未知飞键、非音码或读音集合未覆盖；不猜测
鲸凉鹤1.1手心挂接.txt	到此	dlci	dlci	未知飞键、非音码或读音集合未覆盖；不猜测
鲸凉鹤1.1手心挂接.txt	倒刺	dlci	dlci	未知飞键、非音码或读音集合未覆盖；不猜测
鲸凉鹤1.1手心挂接.txt	到村	dlcy	dlcy	未知飞键、非音码或读音集合未覆盖；不猜测
鲸凉鹤1.1手心挂接.txt	到达	dlda	dlda	未知飞键、非音码或读音集合未覆盖；不猜测
鲸凉鹤1.1手心挂接.txt	倒打	dlda	dlda	未知飞键、非音码或读音集合未覆盖；不猜测
鲸凉鹤1.1手心挂接.txt	倒带	dldd	dldd	未知飞键、非音码或读音集合未覆盖；不猜测
鲸凉鹤1.1手心挂接.txt	导带	dldd	dldd	未知飞键、非音码或读音集合未覆盖；不猜测
鲸凉鹤1.1手心挂接.txt	道德	dlde	dlde	未知飞键、非音码或读音集合未覆盖；不猜测
鲸凉鹤1.1手心挂接.txt	叨登	dldg	dldg	未知飞键、非音码或读音集合未覆盖；不猜测
鲸凉鹤1.1手心挂接.txt	倒挡	dldh	dldh	未知飞键、非音码或读音集合未覆盖；不猜测
鲸凉鹤1.1手心挂接.txt	到底	dldi	dldi	未知飞键、非音码或读音集合未覆盖；不猜测
鲸凉鹤1.1手心挂接.txt	倒地	dldi	dldi	未知飞键、非音码或读音集合未覆盖；不猜测
鲸凉鹤1.1手心挂接.txt	导弹	dldj	dldj	未知飞键、非音码或读音集合未覆盖；不猜测
鲸凉鹤1.1手心挂接.txt	捣蛋	dldj	dldj	未知飞键、非音码或读音集合未覆盖；不猜测
鲸凉鹤1.1手心挂接.txt	到顶	dldk	dldk	未知飞键、非音码或读音集合未覆盖；不猜测
鲸凉鹤1.1手心挂接.txt	道钉	dldk	dldk	未知飞键、非音码或读音集合未覆盖；不猜测
鲸凉鹤1.1手心挂接.txt	道道	dldl	dldl	未知飞键、非音码或读音集合未覆盖；不猜测
鲸凉鹤1.1手心挂接.txt	叨叨	dldl	dldl	未知飞键、非音码或读音集合未覆盖；不猜测
鲸凉鹤1.1手心挂接.txt	到点	dldm	dldm	未知飞键、非音码或读音集合未覆盖；不猜测
鲸凉鹤1.1手心挂接.txt	导电	dldm	dldm	未知飞键、非音码或读音集合未覆盖；不猜测
鲸凉鹤1.1手心挂接.txt	到店	dldm	dldm	未知飞键、非音码或读音集合未覆盖；不猜测
鲸凉鹤1.1手心挂接.txt	倒掉	dldn	dldn	未知飞键、非音码或读音集合未覆盖；不猜测
鲸凉鹤1.1手心挂接.txt	倒吊	dldn	dldn	未知飞键、非音码或读音集合未覆盖；不猜测
鲸凉鹤1.1手心挂接.txt	倒短	dldr	dldr	未知飞键、非音码或读音集合未覆盖；不猜测
鲸凉鹤1.1手心挂接.txt	道东	dlds	dlds	未知飞键、非音码或读音集合未覆盖；不猜测
鲸凉鹤1.1手心挂接.txt	盗洞	dlds	dlds	未知飞键、非音码或读音集合未覆盖；不猜测
鲸凉鹤1.1手心挂接.txt	导读	dldu	dldu	未知飞键、非音码或读音集合未覆盖；不猜测
鲸凉鹤1.1手心挂接.txt	倒斗	dldz	dldz	未知飞键、非音码或读音集合未覆盖；不猜测
鲸凉鹤1.1手心挂接.txt	倒一	dlei	dlyi	未知飞键、非音码或读音集合未覆盖；不猜测
鲸凉鹤1.1手心挂接.txt	道恩	dlen	dlen	未知飞键、非音码或读音集合未覆盖；不猜测
鲸凉鹤1.1手心挂接.txt	刀法	dlfa	dlfa	未知飞键、非音码或读音集合未覆盖；不猜测
鲸凉鹤1.1手心挂接.txt	道法	dlfa	dlfa	未知飞键、非音码或读音集合未覆盖；不猜测
鲸凉鹤1.1手心挂接.txt	倒粪	dlff	dlff	未知飞键、非音码或读音集合未覆盖；不猜测
鲸凉鹤1.1手心挂接.txt	刀锋	dlfg	dlfg	未知飞键、非音码或读音集合未覆盖；不猜测
鲸凉鹤1.1手心挂接.txt	岛风	dlfg	dlfg	未知飞键、非音码或读音集合未覆盖；不猜测
鲸凉鹤1.1手心挂接.txt	倒放	dlfh	dlfh	未知飞键、非音码或读音集合未覆盖；不猜测
鲸凉鹤1.1手心挂接.txt	到访	dlfh	dlfh	未知飞键、非音码或读音集合未覆盖；不猜测
鲸凉鹤1.1手心挂接.txt	倒翻	dlfj	dlfj	未知飞键、非音码或读音集合未覆盖；不猜测
鲸凉鹤1.1手心挂接.txt	倒伏	dlfu	dlfu	未知飞键、非音码或读音集合未覆盖；不猜测
鲸凉鹤1.1手心挂接.txt	道服	dlfu	dlfu	未知飞键、非音码或读音集合未覆盖；不猜测
鲸凉鹤1.1手心挂接.txt	到付	dlfu	dlfu	未知飞键、非音码或读音集合未覆盖；不猜测
鲸凉鹤1.1手心挂接.txt	盗匪	dlfw	dlfw	未知飞键、非音码或读音集合未覆盖；不猜测
鲸凉鹤1.1手心挂接.txt	倒飞	dlfw	dlfw	未知飞键、非音码或读音集合未覆盖；不猜测
鲸凉鹤1.1手心挂接.txt	祷告	dlgc	dlgc	未知飞键、非音码或读音集合未覆盖；不猜测
鲸凉鹤1.1手心挂接.txt	到该	dlgd	dlgd	未知飞键、非音码或读音集合未覆盖；不猜测
鲸凉鹤1.1手心挂接.txt	倒戈	dlge	dlge	未知飞键、非音码或读音集合未覆盖；不猜测
鲸凉鹤1.1手心挂接.txt	刀割	dlge	dlge	未知飞键、非音码或读音集合未覆盖；不猜测
鲸凉鹤1.1手心挂接.txt	到岗	dlgh	dlgh	未知飞键、非音码或读音集合未覆盖；不猜测
鲸凉鹤1.1手心挂接.txt	到港	dlgh	dlgh	未知飞键、非音码或读音集合未覆盖；不猜测
鲸凉鹤1.1手心挂接.txt	捣鬼	dlgi	dlgi	未知飞键、非音码或读音集合未覆盖；不猜测
鲸凉鹤1.1手心挂接.txt	导轨	dlgi	dlgi	未知飞键、非音码或读音集合未覆盖；不猜测
鲸凉鹤1.1手心挂接.txt	道诡	dlgi	dlgi	未知飞键、非音码或读音集合未覆盖；不猜测
鲸凉鹤1.1手心挂接.txt	稻杆	dlgj	dlgj	未知飞键、非音码或读音集合未覆盖；不猜测
鲸凉鹤1.1手心挂接.txt	刀杆	dlgj	dlgj	未知飞键、非音码或读音集合未覆盖；不猜测
鲸凉鹤1.1手心挂接.txt	刀光	dlgl	dlgl	未知飞键、非音码或读音集合未覆盖；不猜测
鲸凉鹤1.1手心挂接.txt	道光	dlgl	dlgl	未知飞键、非音码或读音集合未覆盖；不猜测
鲸凉鹤1.1手心挂接.txt	到过	dlgo	dlgo	未知飞键、非音码或读音集合未覆盖；不猜测
鲸凉鹤1.1手心挂接.txt	岛国	dlgo	dlgo	未知飞键、非音码或读音集合未覆盖；不猜测
鲸凉鹤1.1手心挂接.txt	道果	dlgo	dlgo	未知飞键、非音码或读音集合未覆盖；不猜测
鲸凉鹤1.1手心挂接.txt	道观	dlgp	dlgp	未知飞键、非音码或读音集合未覆盖；不猜测
鲸凉鹤1.1手心挂接.txt	倒灌	dlgp	dlgp	未知飞键、非音码或读音集合未覆盖；不猜测
鲸凉鹤1.1手心挂接.txt	道馆	dlgp	dlgp	未知飞键、非音码或读音集合未覆盖；不猜测
鲸凉鹤1.1手心挂接.txt	导管	dlgp	dlgp	未知飞键、非音码或读音集合未覆盖；不猜测
鲸凉鹤1.1手心挂接.txt	道观	dlgr	dlgr	未知飞键、非音码或读音集合未覆盖；不猜测
鲸凉鹤1.1手心挂接.txt	倒灌	dlgr	dlgr	未知飞键、非音码或读音集合未覆盖；不猜测
鲸凉鹤1.1手心挂接.txt	道馆	dlgr	dlgr	未知飞键、非音码或读音集合未覆盖；不猜测
鲸凉鹤1.1手心挂接.txt	导管	dlgr	dlgr	未知飞键、非音码或读音集合未覆盖；不猜测
鲸凉鹤1.1手心挂接.txt	刀工	dlgs	dlgs	未知飞键、非音码或读音集合未覆盖；不猜测
鲸凉鹤1.1手心挂接.txt	刀功	dlgs	dlgs	未知飞键、非音码或读音集合未覆盖；不猜测
鲸凉鹤1.1手心挂接.txt	捣鼓	dlgu	dlgu	未知飞键、非音码或读音集合未覆盖；不猜测
鲸凉鹤1.1手心挂接.txt	稻谷	dlgu	dlgu	未知飞键、非音码或读音集合未覆盖；不猜测
鲸凉鹤1.1手心挂接.txt	捣鬼	dlgv	dlgv	未知飞键、非音码或读音集合未覆盖；不猜测
鲸凉鹤1.1手心挂接.txt	导轨	dlgv	dlgv	未知飞键、非音码或读音集合未覆盖；不猜测
鲸凉鹤1.1手心挂接.txt	道诡	dlgv	dlgv	未知飞键、非音码或读音集合未覆盖；不猜测
鲸凉鹤1.1手心挂接.txt	到给	dlgw	dlgw	未知飞键、非音码或读音集合未覆盖；不猜测
鲸凉鹤1.1手心挂接.txt	倒给	dlgw	dlgw	未知飞键、非音码或读音集合未覆盖；不猜测
鲸凉鹤1.1手心挂接.txt	倒挂	dlgx	dlgx	未知飞键、非音码或读音集合未覆盖；不猜测
鲸凉鹤1.1手心挂接.txt	刀刮	dlgx	dlgx	未知飞键、非音码或读音集合未覆盖；不猜测
鲸凉鹤1.1手心挂接.txt	导辊	dlgy	dlgy	未知飞键、非音码或读音集合未覆盖；不猜测
鲸凉鹤1.1手心挂接.txt	刀棍	dlgy	dlgy	未知飞键、非音码或读音集合未覆盖；不猜测
鲸凉鹤1.1手心挂接.txt	导购	dlgz	dlgz	未知飞键、非音码或读音集合未覆盖；不猜测
鲸凉鹤1.1手心挂接.txt	倒钩	dlgz	dlgz	未知飞键、非音码或读音集合未覆盖；不猜测
鲸凉鹤1.1手心挂接.txt	倒狗	dlgz	dlgz	未知飞键、非音码或读音集合未覆盖；不猜测
鲸凉鹤1.1手心挂接.txt	盗号	dlhc	dlhc	未知飞键、非音码或读音集合未覆盖；不猜测
鲸凉鹤1.1手心挂接.txt	倒好	dlhc	dlhc	未知飞键、非音码或读音集合未覆盖；不猜测
鲸凉鹤1.1手心挂接.txt	道号	dlhc	dlhc	未知飞键、非音码或读音集合未覆盖；不猜测
鲸凉鹤1.1手心挂接.txt	导好	dlhc	dlhc	未知飞键、非音码或读音集合未覆盖；不猜测
鲸凉鹤1.1手心挂接.txt	倒还	dlhd	dlhd	未知飞键、非音码或读音集合未覆盖；不猜测
鲸凉鹤1.1手心挂接.txt	道贺	dlhe	dlhe	未知飞键、非音码或读音集合未覆盖；不猜测
鲸凉鹤1.1手心挂接.txt	刀痕	dlhf	dlhf	未知飞键、非音码或读音集合未覆盖；不猜测
鲸凉鹤1.1手心挂接.txt	道行	dlhg	dlhg	未知飞键、非音码或读音集合未覆盖；不猜测
鲸凉鹤1.1手心挂接.txt	导航	dlhh	dlhh	未知飞键、非音码或读音集合未覆盖；不猜测
鲸凉鹤1.1手心挂接.txt	道行	dlhh	dlhh	未知飞键、非音码或读音集合未覆盖；不猜测
鲸凉鹤1.1手心挂接.txt	盗汗	dlhj	dlhj	未知飞键、非音码或读音集合未覆盖；不猜测
鲸凉鹤1.1手心挂接.txt	道槐	dlhk	dlhk	未知飞键、非音码或读音集合未覆盖；不猜测
鲸凉鹤1.1手心挂接.txt	到货	dlho	dlho	未知飞键、非音码或读音集合未覆盖；不猜测
鲸凉鹤1.1手心挂接.txt	倒货	dlho	dlho	未知飞键、非音码或读音集合未覆盖；不猜测
鲸凉鹤1.1手心挂接.txt	倒换	dlhr	dlhr	未知飞键、非音码或读音集合未覆盖；不猜测
鲸凉鹤1.1手心挂接.txt	倒还	dlhr	dlhr	未知飞键、非音码或读音集合未覆盖；不猜测
鲸凉鹤1.1手心挂接.txt	到户	dlhu	dlhu	未知飞键、非音码或读音集合未覆盖；不猜测
鲸凉鹤1.1手心挂接.txt	导护	dlhu	dlhu	未知飞键、非音码或读音集合未覆盖；不猜测
鲸凉鹤1.1手心挂接.txt	捣毁	dlhv	dlhv	未知飞键、非音码或读音集合未覆盖；不猜测
鲸凉鹤1.1手心挂接.txt	到会	dlhv	dlhv	未知飞键、非音码或读音集合未覆盖；不猜测
鲸凉鹤1.1手心挂接.txt	倒回	dlhv	dlhv	未知飞键、非音码或读音集合未覆盖；不猜测
鲸凉鹤1.1手心挂接.txt	到黑	dlhw	dlhw	未知飞键、非音码或读音集合未覆盖；不猜测
鲸凉鹤1.1手心挂接.txt	稻花	dlhx	dlhx	未知飞键、非音码或读音集合未覆盖；不猜测
鲸凉鹤1.1手心挂接.txt	刀魂	dlhy	dlhy	未知飞键、非音码或读音集合未覆盖；不猜测
鲸凉鹤1.1手心挂接.txt	到后	dlhz	dlhz	未知飞键、非音码或读音集合未覆盖；不猜测
鲸凉鹤1.1手心挂接.txt	倒茶	dlia	dlia	未知飞键、非音码或读音集合未覆盖；不猜测
鲸凉鹤1.1手心挂接.txt	刀叉	dlia	dlia	未知飞键、非音码或读音集合未覆盖；不猜测
鲸凉鹤1.1手心挂接.txt	倒插	dlia	dlia	未知飞键、非音码或读音集合未覆盖；不猜测
鲸凉鹤1.1手心挂接.txt	倒车	dlie	dlie	未知飞键、非音码或读音集合未覆盖；不猜测
鲸凉鹤1.1手心挂接.txt	盗车	dlie	dlie	未知飞键、非音码或读音集合未覆盖；不猜测
鲸凉鹤1.1手心挂接.txt	稻城	dlig	dlig	未知飞键、非音码或读音集合未覆盖；不猜测
鲸凉鹤1.1手心挂接.txt	岛城	dlig	dlig	未知飞键、非音码或读音集合未覆盖；不猜测
鲸凉鹤1.1手心挂接.txt	到场	dlih	dlih	未知飞键、非音码或读音集合未覆盖；不猜测
鲸凉鹤1.1手心挂接.txt	道场	dlih	dlih	未知飞键、非音码或读音集合未覆盖；不猜测
鲸凉鹤1.1手心挂接.txt	捯饬	dlii	dlii	未知飞键、非音码或读音集合未覆盖；不猜测
鲸凉鹤1.1手心挂接.txt	捣持	dlii	dlii	未知飞键、非音码或读音集合未覆盖；不猜测
鲸凉鹤1.1手心挂接.txt	倒产	dlij	dlij	未知飞键、非音码或读音集合未覆盖；不猜测
鲸凉鹤1.1手心挂接.txt	倒船	dlir	dlir	未知飞键、非音码或读音集合未覆盖；不猜测
鲸凉鹤1.1手心挂接.txt	倒冲	dlis	dlis	未知飞键、非音码或读音集合未覆盖；不猜测
鲸凉鹤1.1手心挂接.txt	到处	dliu	dliu	未知飞键、非音码或读音集合未覆盖；不猜测
鲸凉鹤1.1手心挂接.txt	倒出	dliu	dliu	未知飞键、非音码或读音集合未覆盖；不猜测
鲸凉鹤1.1手心挂接.txt	导出	dliu	dliu	未知飞键、非音码或读音集合未覆盖；不猜测
鲸凉鹤1.1手心挂接.txt	道出	dliu	dliu	未知飞键、非音码或读音集合未覆盖；不猜测
鲸凉鹤1.1手心挂接.txt	倒垂	dliv	dliv	未知飞键、非音码或读音集合未覆盖；不猜测
鲸凉鹤1.1手心挂接.txt	倒抽	dliz	dliz	未知飞键、非音码或读音集合未覆盖；不猜测
鲸凉鹤1.1手心挂接.txt	倒进	dljb	dljb	未知飞键、非音码或读音集合未覆盖；不猜测
鲸凉鹤1.1手心挂接.txt	到京	dljk	dljk	未知飞键、非音码或读音集合未覆盖；不猜测
鲸凉鹤1.1手心挂接.txt	道经	dljk	dljk	未知飞键、非音码或读音集合未覆盖；不猜测
鲸凉鹤1.1手心挂接.txt	刀匠	dljl	dljl	未知飞键、非音码或读音集合未覆盖；不猜测
鲸凉鹤1.1手心挂接.txt	导江	dljl	dljl	未知飞键、非音码或读音集合未覆盖；不猜测
鲸凉鹤1.1手心挂接.txt	刀剑	dljm	dljm	未知飞键、非音码或读音集合未覆盖；不猜测
鲸凉鹤1.1手心挂接.txt	刀尖	dljm	dljm	未知飞键、非音码或读音集合未覆盖；不猜测
鲸凉鹤1.1手心挂接.txt	导剪	dljm	dljm	未知飞键、非音码或读音集合未覆盖；不猜测
鲸凉鹤1.1手心挂接.txt	道教	dljn	dljn	未知飞键、非音码或读音集合未覆盖；不猜测
鲸凉鹤1.1手心挂接.txt	岛礁	dljn	dljn	未知飞键、非音码或读音集合未覆盖；不猜测
鲸凉鹤1.1手心挂接.txt	道街	dljp	dljp	未知飞键、非音码或读音集合未覆盖；不猜测
鲸凉鹤1.1手心挂接.txt	盗劫	dljp	dljp	未知飞键、非音码或读音集合未覆盖；不猜测
鲸凉鹤1.1手心挂接.txt	倒酒	dljq	dljq	未知飞键、非音码或读音集合未覆盖；不猜测
鲸凉鹤1.1手心挂接.txt	倒卷	dljr	dljr	未知飞键、非音码或读音集合未覆盖；不猜测
鲸凉鹤1.1手心挂接.txt	盗掘	dljt	dljt	未知飞键、非音码或读音集合未覆盖；不猜测
鲸凉鹤1.1手心挂接.txt	道具	dlju	dlju	未知飞键、非音码或读音集合未覆盖；不猜测
鲸凉鹤1.1手心挂接.txt	刀具	dlju	dlju	未知飞键、非音码或读音集合未覆盖；不猜测
鲸凉鹤1.1手心挂接.txt	到家	dljx	dljx	未知飞键、非音码或读音集合未覆盖；不猜测
鲸凉鹤1.1手心挂接.txt	道家	dljx	dljx	未知飞键、非音码或读音集合未覆盖；不猜测
鲸凉鹤1.1手心挂接.txt	道君	dljy	dljy	未知飞键、非音码或读音集合未覆盖；不猜测
鲸凉鹤1.1手心挂接.txt	道均	dljy	dljy	未知飞键、非音码或读音集合未覆盖；不猜测
鲸凉鹤1.1手心挂接.txt	刀剑	dljz	dljz	未知飞键、非音码或读音集合未覆盖；不猜测
鲸凉鹤1.1手心挂接.txt	刀尖	dljz	dljz	未知飞键、非音码或读音集合未覆盖；不猜测
鲸凉鹤1.1手心挂接.txt	导剪	dljz	dljz	未知飞键、非音码或读音集合未覆盖；不猜测
鲸凉鹤1.1手心挂接.txt	倒开	dlkd	dlkd	未知飞键、非音码或读音集合未覆盖；不猜测
鲸凉鹤1.1手心挂接.txt	刀客	dlke	dlke	未知飞键、非音码或读音集合未覆盖；不猜测
鲸凉鹤1.1手心挂接.txt	稻壳	dlke	dlke	未知飞键、非音码或读音集合未覆盖；不猜测
鲸凉鹤1.1手心挂接.txt	导坑	dlkg	dlkg	未知飞键、非音码或读音集合未覆盖；不猜测
鲸凉鹤1.1手心挂接.txt	稻糠	dlkh	dlkh	未知飞键、非音码或读音集合未覆盖；不猜测
鲸凉鹤1.1手心挂接.txt	导抗	dlkh	dlkh	未知飞键、非音码或读音集合未覆盖；不猜测
鲸凉鹤1.1手心挂接.txt	导刊	dlkj	dlkj	未知飞键、非音码或读音集合未覆盖；不猜测
鲸凉鹤1.1手心挂接.txt	道坎	dlkj	dlkj	未知飞键、非音码或读音集合未覆盖；不猜测
鲸凉鹤1.1手心挂接.txt	刀块	dlkk	dlkk	未知飞键、非音码或读音集合未覆盖；不猜测
鲸凉鹤1.1手心挂接.txt	到款	dlkr	dlkr	未知飞键、非音码或读音集合未覆盖；不猜测
鲸凉鹤1.1手心挂接.txt	倒空	dlks	dlks	未知飞键、非音码或读音集合未覆盖；不猜测
鲸凉鹤1.1手心挂接.txt	倒库	dlku	dlku	未知飞键、非音码或读音集合未覆盖；不猜测
鲸凉鹤1.1手心挂接.txt	到哭	dlku	dlku	未知飞键、非音码或读音集合未覆盖；不猜测
鲸凉鹤1.1手心挂接.txt	倒亏	dlkv	dlkv	未知飞键、非音码或读音集合未覆盖；不猜测
鲸凉鹤1.1手心挂接.txt	刀口	dlkz	dlkz	未知飞键、非音码或读音集合未覆盖；不猜测
鲸凉鹤1.1手心挂接.txt	倒扣	dlkz	dlkz	未知飞键、非音码或读音集合未覆盖；不猜测
鲸凉鹤1.1手心挂接.txt	到老	dllc	dllc	未知飞键、非音码或读音集合未覆盖；不猜测
鲸凉鹤1.1手心挂接.txt	到来	dlld	dlld	未知飞键、非音码或读音集合未覆盖；不猜测
鲸凉鹤1.1手心挂接.txt	道来	dlld	dlld	未知飞键、非音码或读音集合未覆盖；不猜测
鲸凉鹤1.1手心挂接.txt	到了	dlle	dlle	未知飞键、非音码或读音集合未覆盖；不猜测
鲸凉鹤1.1手心挂接.txt	倒了	dlle	dlle	未知飞键、非音码或读音集合未覆盖；不猜测
鲸凉鹤1.1手心挂接.txt	刀乐	dlle	dlle	未知飞键、非音码或读音集合未覆盖；不猜测
鲸凉鹤1.1手心挂接.txt	盗猎	dllf	dllf	未知飞键、非音码或读音集合未覆盖；不猜测
鲸凉鹤1.1手心挂接.txt	倒棱	dllg	dllg	未知飞键、非音码或读音集合未覆盖；不猜测
鲸凉鹤1.1手心挂接.txt	刀郎	dllh	dllh	未知飞键、非音码或读音集合未覆盖；不猜测
鲸凉鹤1.1手心挂接.txt	刀螂	dllh	dllh	未知飞键、非音码或读音集合未覆盖；不猜测
鲸凉鹤1.1手心挂接.txt	道理	dlli	dlli	未知飞键、非音码或读音集合未覆盖；不猜测
鲸凉鹤1.1手心挂接.txt	倒立	dlli	dlli	未知飞键、非音码或读音集合未覆盖；不猜测
鲸凉鹤1.1手心挂接.txt	导览	dllj	dllj	未知飞键、非音码或读音集合未覆盖；不猜测
鲸凉鹤1.1手心挂接.txt	捣烂	dllj	dllj	未知飞键、非音码或读音集合未覆盖；不猜测
鲸凉鹤1.1手心挂接.txt	盗铃	dllk	dllk	未知飞键、非音码或读音集合未覆盖；不猜测
鲸凉鹤1.1手心挂接.txt	倒料	dlln	dlln	未知飞键、非音码或读音集合未覆盖；不猜测
鲸凉鹤1.1手心挂接.txt	到咯	dllo	dllo	未知飞键、非音码或读音集合未覆盖；不猜测
鲸凉鹤1.1手心挂接.txt	刀落	dllo	dllo	未知飞键、非音码或读音集合未覆盖；不猜测
鲸凉鹤1.1手心挂接.txt	盗猎	dllp	dllp	未知飞键、非音码或读音集合未覆盖；不猜测
鲸凉鹤1.1手心挂接.txt	倒流	dllq	dllq	未知飞键、非音码或读音集合未覆盖；不猜测
鲸凉鹤1.1手心挂接.txt	导流	dllq	dllq	未知飞键、非音码或读音集合未覆盖；不猜测
鲸凉鹤1.1手心挂接.txt	捣乱	dllr	dllr	未知飞键、非音码或读音集合未覆盖；不猜测
鲸凉鹤1.1手心挂接.txt	刀龙	dlls	dlls	未知飞键、非音码或读音集合未覆盖；不猜测
鲸凉鹤1.1手心挂接.txt	道路	dllu	dllu	未知飞键、非音码或读音集合未覆盖；不猜测
鲸凉鹤1.1手心挂接.txt	盗录	dllu	dllu	未知飞键、非音码或读音集合未覆盖；不猜测
鲸凉鹤1.1手心挂接.txt	道侣	dllv	dllv	未知飞键、非音码或读音集合未覆盖；不猜测
鲸凉鹤1.1手心挂接.txt	导论	dlly	dlly	未知飞键、非音码或读音集合未覆盖；不猜测
鲸凉鹤1.1手心挂接.txt	导轮	dlly	dlly	未知飞键、非音码或读音集合未覆盖；不猜测
鲸凉鹤1.1手心挂接.txt	到喽	dllz	dllz	未知飞键、非音码或读音集合未覆盖；不猜测
鲸凉鹤1.1手心挂接.txt	岛民	dlmb	dlmb	未知飞键、非音码或读音集合未覆盖；不猜测
鲸凉鹤1.1手心挂接.txt	倒卖	dlmd	dlmd	未知飞键、非音码或读音集合未覆盖；不猜测
鲸凉鹤1.1手心挂接.txt	盗卖	dlmd	dlmd	未知飞键、非音码或读音集合未覆盖；不猜测
鲸凉鹤1.1手心挂接.txt	道门	dlmf	dlmf	未知飞键、非音码或读音集合未覆盖；不猜测
鲸凉鹤1.1手心挂接.txt	盗梦	dlmg	dlmg	未知飞键、非音码或读音集合未覆盖；不猜测
鲸凉鹤1.1手心挂接.txt	倒忙	dlmh	dlmh	未知飞键、非音码或读音集合未覆盖；不猜测
鲸凉鹤1.1手心挂接.txt	导盲	dlmh	dlmh	未知飞键、非音码或读音集合未覆盖；不猜测
鲸凉鹤1.1手心挂接.txt	稻米	dlmi	dlmi	未知飞键、非音码或读音集合未覆盖；不猜测
鲸凉鹤1.1手心挂接.txt	倒满	dlmj	dlmj	未知飞键、非音码或读音集合未覆盖；不猜测
鲸凉鹤1.1手心挂接.txt	盗名	dlmk	dlmk	未知飞键、非音码或读音集合未覆盖；不猜测
鲸凉鹤1.1手心挂接.txt	刀面	dlmm	dlmm	未知飞键、非音码或读音集合未覆盖；不猜测
鲸凉鹤1.1手心挂接.txt	稻苗	dlmn	dlmn	未知飞键、非音码或读音集合未覆盖；不猜测
鲸凉鹤1.1手心挂接.txt	倒模	dlmo	dlmo	未知飞键、非音码或读音集合未覆盖；不猜测
鲸凉鹤1.1手心挂接.txt	刀模	dlmo	dlmo	未知飞键、非音码或读音集合未覆盖；不猜测
鲸凉鹤1.1手心挂接.txt	倒满	dlmr	dlmr	未知飞键、非音码或读音集合未覆盖；不猜测
鲸凉鹤1.1手心挂接.txt	盗墓	dlmu	dlmu	未知飞键、非音码或读音集合未覆盖；不猜测
鲸凉鹤1.1手心挂接.txt	倒霉	dlmw	dlmw	未知飞键、非音码或读音集合未覆盖；不猜测
鲸凉鹤1.1手心挂接.txt	倒楣	dlmw	dlmw	未知飞键、非音码或读音集合未覆盖；不猜测
鲸凉鹤1.1手心挂接.txt	盗墓	dlmx	dlmx	未知飞键、非音码或读音集合未覆盖；不猜测
鲸凉鹤1.1手心挂接.txt	到哪	dlna	dlna	未知飞键、非音码或读音集合未覆盖；不猜测
鲸凉鹤1.1手心挂接.txt	到您	dlnb	dlnb	未知飞键、非音码或读音集合未覆盖；不猜测
鲸凉鹤1.1手心挂接.txt	到乃	dlnd	dlnd	未知飞键、非音码或读音集合未覆盖；不猜测
鲸凉鹤1.1手心挂接.txt	到你	dlni	dlni	未知飞键、非音码或读音集合未覆盖；不猜测
鲸凉鹤1.1手心挂接.txt	刀男	dlnj	dlnj	未知飞键、非音码或读音集合未覆盖；不猜测
鲸凉鹤1.1手心挂接.txt	刀娘	dlnl	dlnl	未知飞键、非音码或读音集合未覆盖；不猜测
鲸凉鹤1.1手心挂接.txt	悼念	dlnm	dlnm	未知飞键、非音码或读音集合未覆盖；不猜测
鲸凉鹤1.1手心挂接.txt	叨念	dlnm	dlnm	未知飞键、非音码或读音集合未覆盖；不猜测
鲸凉鹤1.1手心挂接.txt	导尿	dlnn	dlnn	未知飞键、非音码或读音集合未覆盖；不猜测
鲸凉鹤1.1手心挂接.txt	倒弄	dlns	dlns	未知飞键、非音码或读音集合未覆盖；不猜测
鲸凉鹤1.1手心挂接.txt	捣弄	dlns	dlns	未知飞键、非音码或读音集合未覆盖；不猜测
鲸凉鹤1.1手心挂接.txt	岛内	dlnw	dlnw	未知飞键、非音码或读音集合未覆盖；不猜测
鲸凉鹤1.1手心挂接.txt	刀男	dlnz	dlnz	未知飞键、非音码或读音集合未覆盖；不猜测
鲸凉鹤1.1手心挂接.txt	道袍	dlpc	dlpc	未知飞键、非音码或读音集合未覆盖；不猜测
鲸凉鹤1.1手心挂接.txt	刀劈	dlpe	dlpe	未知飞键、非音码或读音集合未覆盖；不猜测
鲸凉鹤1.1手心挂接.txt	道旁	dlph	dlph	未知飞键、非音码或读音集合未覆盖；不猜测
鲸凉鹤1.1手心挂接.txt	刀劈	dlpi	dlpi	未知飞键、非音码或读音集合未覆盖；不猜测
鲸凉鹤1.1手心挂接.txt	刀片	dlpm	dlpm	未知飞键、非音码或读音集合未覆盖；不猜测
鲸凉鹤1.1手心挂接.txt	盗骗	dlpm	dlpm	未知飞键、非音码或读音集合未覆盖；不猜测
鲸凉鹤1.1手心挂接.txt	倒票	dlpn	dlpn	未知飞键、非音码或读音集合未覆盖；不猜测
鲸凉鹤1.1手心挂接.txt	道破	dlpo	dlpo	未知飞键、非音码或读音集合未覆盖；不猜测
鲸凉鹤1.1手心挂接.txt	倒赔	dlpw	dlpw	未知飞键、非音码或读音集合未覆盖；不猜测
鲸凉鹤1.1手心挂接.txt	道勤	dlqb	dlqb	未知飞键、非音码或读音集合未覆盖；不猜测
鲸凉鹤1.1手心挂接.txt	到期	dlqi	dlqi	未知飞键、非音码或读音集合未覆盖；不猜测
鲸凉鹤1.1手心挂接.txt	到齐	dlqi	dlqi	未知飞键、非音码或读音集合未覆盖；不猜测
鲸凉鹤1.1手心挂接.txt	道奇	dlqi	dlqi	未知飞键、非音码或读音集合未覆盖；不猜测
鲸凉鹤1.1手心挂接.txt	道情	dlqk	dlqk	未知飞键、非音码或读音集合未覆盖；不猜测
鲸凉鹤1.1手心挂接.txt	刀枪	dlql	dlql	未知飞键、非音码或读音集合未覆盖；不猜测
鲸凉鹤1.1手心挂接.txt	盗抢	dlql	dlql	未知飞键、非音码或读音集合未覆盖；不猜测
鲸凉鹤1.1手心挂接.txt	道歉	dlqm	dlqm	未知飞键、非音码或读音集合未覆盖；不猜测
鲸凉鹤1.1手心挂接.txt	倒欠	dlqm	dlqm	未知飞键、非音码或读音集合未覆盖；不猜测
鲸凉鹤1.1手心挂接.txt	刀鞘	dlqn	dlqn	未知飞键、非音码或读音集合未覆盖；不猜测
鲸凉鹤1.1手心挂接.txt	盗窃	dlqp	dlqp	未知飞键、非音码或读音集合未覆盖；不猜测
鲸凉鹤1.1手心挂接.txt	刀切	dlqp	dlqp	未知飞键、非音码或读音集合未覆盖；不猜测
鲸凉鹤1.1手心挂接.txt	倒球	dlqq	dlqq	未知飞键、非音码或读音集合未覆盖；不猜测
鲸凉鹤1.1手心挂接.txt	祷求	dlqq	dlqq	未知飞键、非音码或读音集合未覆盖；不猜测
鲸凉鹤1.1手心挂接.txt	刀圈	dlqr	dlqr	未知飞键、非音码或读音集合未覆盖；不猜测
鲸凉鹤1.1手心挂接.txt	到全	dlqr	dlqr	未知飞键、非音码或读音集合未覆盖；不猜测
鲸凉鹤1.1手心挂接.txt	盗取	dlqu	dlqu	未知飞键、非音码或读音集合未覆盖；不猜测
鲸凉鹤1.1手心挂接.txt	盗去	dlqu	dlqu	未知飞键、非音码或读音集合未覆盖；不猜测
鲸凉鹤1.1手心挂接.txt	导热	dlre	dlre	未知飞键、非音码或读音集合未覆盖；不猜测
鲸凉鹤1.1手心挂接.txt	刀刃	dlrf	dlrf	未知飞键、非音码或读音集合未覆盖；不猜测
鲸凉鹤1.1手心挂接.txt	道人	dlrf	dlrf	未知飞键、非音码或读音集合未覆盖；不猜测
鲸凉鹤1.1手心挂接.txt	到任	dlrf	dlrf	未知飞键、非音码或读音集合未覆盖；不猜测
鲸凉鹤1.1手心挂接.txt	道然	dlrj	dlrj	未知飞键、非音码或读音集合未覆盖；不猜测
鲸凉鹤1.1手心挂接.txt	导入	dlru	dlru	未知飞键、非音码或读音集合未覆盖；不猜测
鲸凉鹤1.1手心挂接.txt	倒入	dlru	dlru	未知飞键、非音码或读音集合未覆盖；不猜测
鲸凉鹤1.1手心挂接.txt	倒嗓	dlsh	dlsh	未知飞键、非音码或读音集合未覆盖；不猜测
鲸凉鹤1.1手心挂接.txt	到死	dlsi	dlsi	未知飞键、非音码或读音集合未覆盖；不猜测
鲸凉鹤1.1手心挂接.txt	捣蒜	dlsr	dlsr	未知飞键、非音码或读音集合未覆盖；不猜测
鲸凉鹤1.1手心挂接.txt	捣碎	dlsv	dlsv	未知飞键、非音码或读音集合未覆盖；不猜测
鲸凉鹤1.1手心挂接.txt	稻穗	dlsv	dlsv	未知飞键、非音码或读音集合未覆盖；不猜测
鲸凉鹤1.1手心挂接.txt	倒塌	dlta	dlta	未知飞键、非音码或读音集合未覆盖；不猜测
鲸凉鹤1.1手心挂接.txt	刀塔	dlta	dlta	未知飞键、非音码或读音集合未覆盖；不猜测
鲸凉鹤1.1手心挂接.txt	倒台	dltd	dltd	未知飞键、非音码或读音集合未覆盖；不猜测
鲸凉鹤1.1手心挂接.txt	道台	dltd	dltd	未知飞键、非音码或读音集合未覆盖；不猜测
鲸凉鹤1.1手心挂接.txt	道胎	dltd	dltd	未知飞键、非音码或读音集合未覆盖；不猜测
鲸凉鹤1.1手心挂接.txt	倒腾	dltg	dltg	未知飞键、非音码或读音集合未覆盖；不猜测
鲸凉鹤1.1手心挂接.txt	捣腾	dltg	dltg	未知飞键、非音码或读音集合未覆盖；不猜测
鲸凉鹤1.1手心挂接.txt	导体	dlti	dlti	未知飞键、非音码或读音集合未覆盖；不猜测
鲸凉鹤1.1手心挂接.txt	道题	dlti	dlti	未知飞键、非音码或读音集合未覆盖；不猜测
鲸凉鹤1.1手心挂接.txt	倒坍	dltj	dltj	未知飞键、非音码或读音集合未覆盖；不猜测
鲸凉鹤1.1手心挂接.txt	到庭	dltk	dltk	未知飞键、非音码或读音集合未覆盖；不猜测
鲸凉鹤1.1手心挂接.txt	到厅	dltk	dltk	未知飞键、非音码或读音集合未覆盖；不猜测
鲸凉鹤1.1手心挂接.txt	倒退	dltl	dltl	未知飞键、非音码或读音集合未覆盖；不猜测
鲸凉鹤1.1手心挂接.txt	倒推	dltl	dltl	未知飞键、非音码或读音集合未覆盖；不猜测
鲸凉鹤1.1手心挂接.txt	稻田	dltm	dltm	未知飞键、非音码或读音集合未覆盖；不猜测
鲸凉鹤1.1手心挂接.txt	刀条	dltn	dltn	未知飞键、非音码或读音集合未覆盖；不猜测
鲸凉鹤1.1手心挂接.txt	倒贴	dltp	dltp	未知飞键、非音码或读音集合未覆盖；不猜测
鲸凉鹤1.1手心挂接.txt	道统	dlts	dlts	未知飞键、非音码或读音集合未覆盖；不猜测
鲸凉鹤1.1手心挂接.txt	道童	dlts	dlts	未知飞键、非音码或读音集合未覆盖；不猜测
鲸凉鹤1.1手心挂接.txt	导图	dltu	dltu	未知飞键、非音码或读音集合未覆盖；不猜测
鲸凉鹤1.1手心挂接.txt	盗图	dltu	dltu	未知飞键、非音码或读音集合未覆盖；不猜测
鲸凉鹤1.1手心挂接.txt	倒退	dltv	dltv	未知飞键、非音码或读音集合未覆盖；不猜测
鲸凉鹤1.1手心挂接.txt	倒推	dltv	dltv	未知飞键、非音码或读音集合未覆盖；不猜测
鲸凉鹤1.1手心挂接.txt	到头	dltz	dltz	未知飞键、非音码或读音集合未覆盖；不猜测
鲸凉鹤1.1手心挂接.txt	倒头	dltz	dltz	未知飞键、非音码或读音集合未覆盖；不猜测
鲸凉鹤1.1手心挂接.txt	盗摄	dlue	dlue	未知飞键、非音码或读音集合未覆盖；不猜测
鲸凉鹤1.1手心挂接.txt	刀身	dluf	dluf	未知飞键、非音码或读音集合未覆盖；不猜测
鲸凉鹤1.1手心挂接.txt	岛上	dluh	dluh	未知飞键、非音码或读音集合未覆盖；不猜测
鲸凉鹤1.1手心挂接.txt	道上	dluh	dluh	未知飞键、非音码或读音集合未覆盖；不猜测
鲸凉鹤1.1手心挂接.txt	刀伤	dluh	dluh	未知飞键、非音码或读音集合未覆盖；不猜测
鲸凉鹤1.1手心挂接.txt	倒是	dlui	dlui	未知飞键、非音码或读音集合未覆盖；不猜测
鲸凉鹤1.1手心挂接.txt	道士	dlui	dlui	未知飞键、非音码或读音集合未覆盖；不猜测
鲸凉鹤1.1手心挂接.txt	导师	dlui	dlui	未知飞键、非音码或读音集合未覆盖；不猜测
鲸凉鹤1.1手心挂接.txt	到时	dlui	dlui	未知飞键、非音码或读音集合未覆盖；不猜测
鲸凉鹤1.1手心挂接.txt	刀山	dluj	dluj	未知飞键、非音码或读音集合未覆盖；不猜测
鲸凉鹤1.1手心挂接.txt	岛山	dluj	dluj	未知飞键、非音码或读音集合未覆盖；不猜测
鲸凉鹤1.1手心挂接.txt	刀山	dlus	dlus	未知飞键、非音码或读音集合未覆盖；不猜测
鲸凉鹤1.1手心挂接.txt	岛山	dlus	dlus	未知飞键、非音码或读音集合未覆盖；不猜测
鲸凉鹤1.1手心挂接.txt	倒数	dluu	dluu	未知飞键、非音码或读音集合未覆盖；不猜测
鲸凉鹤1.1手心挂接.txt	道术	dluu	dluu	未知飞键、非音码或读音集合未覆盖；不猜测
鲸凉鹤1.1手心挂接.txt	导数	dluu	dluu	未知飞键、非音码或读音集合未覆盖；不猜测
鲸凉鹤1.1手心挂接.txt	刀术	dluu	dluu	未知飞键、非音码或读音集合未覆盖；不猜测
鲸凉鹤1.1手心挂接.txt	倒水	dluv	dluv	未知飞键、非音码或读音集合未覆盖；不猜测
鲸凉鹤1.1手心挂接.txt	到谁	dluw	dluw	未知飞键、非音码或读音集合未覆盖；不猜测
鲸凉鹤1.1手心挂接.txt	盗刷	dlux	dlux	未知飞键、非音码或读音集合未覆盖；不猜测
鲸凉鹤1.1手心挂接.txt	到手	dluz	dluz	未知飞键、非音码或读音集合未覆盖；不猜测
鲸凉鹤1.1手心挂接.txt	倒手	dluz	dluz	未知飞键、非音码或读音集合未覆盖；不猜测
鲸凉鹤1.1手心挂接.txt	到这	dlve	dlve	未知飞键、非音码或读音集合未覆盖；不猜测
鲸凉鹤1.1手心挂接.txt	倒着	dlve	dlve	未知飞键、非音码或读音集合未覆盖；不猜测
鲸凉鹤1.1手心挂接.txt	道者	dlve	dlve	未知飞键、非音码或读音集合未覆盖；不猜测
鲸凉鹤1.1手心挂接.txt	到诊	dlvf	dlvf	未知飞键、非音码或读音集合未覆盖；不猜测
鲸凉鹤1.1手心挂接.txt	导诊	dlvf	dlvf	未知飞键、非音码或读音集合未覆盖；不猜测
鲸凉鹤1.1手心挂接.txt	倒正	dlvg	dlvg	未知飞键、非音码或读音集合未覆盖；不猜测
鲸凉鹤1.1手心挂接.txt	道长	dlvh	dlvh	未知飞键、非音码或读音集合未覆盖；不猜测
鲸凉鹤1.1手心挂接.txt	到账	dlvh	dlvh	未知飞键、非音码或读音集合未覆盖；不猜测
鲸凉鹤1.1手心挂接.txt	导致	dlvi	dlvi	未知飞键、非音码或读音集合未覆盖；不猜测
鲸凉鹤1.1手心挂接.txt	倒置	dlvi	dlvi	未知飞键、非音码或读音集合未覆盖；不猜测
鲸凉鹤1.1手心挂接.txt	到站	dlvj	dlvj	未知飞键、非音码或读音集合未覆盖；不猜测
鲸凉鹤1.1手心挂接.txt	刀战	dlvj	dlvj	未知飞键、非音码或读音集合未覆盖；不猜测
鲸凉鹤1.1手心挂接.txt	倒拽	dlvk	dlvk	未知飞键、非音码或读音集合未覆盖；不猜测
鲸凉鹤1.1手心挂接.txt	倒正	dlvk	dlvk	未知飞键、非音码或读音集合未覆盖；不猜测
鲸凉鹤1.1手心挂接.txt	倒装	dlvl	dlvl	未知飞键、非音码或读音集合未覆盖；不猜测
鲸凉鹤1.1手心挂接.txt	倒桩	dlvl	dlvl	未知飞键、非音码或读音集合未覆盖；不猜测
鲸凉鹤1.1手心挂接.txt	倒转	dlvr	dlvr	未知飞键、非音码或读音集合未覆盖；不猜测
鲸凉鹤1.1手心挂接.txt	道中	dlvs	dlvs	未知飞键、非音码或读音集合未覆盖；不猜测
鲸凉鹤1.1手心挂接.txt	稻种	dlvs	dlvs	未知飞键、非音码或读音集合未覆盖；不猜测
鲸凉鹤1.1手心挂接.txt	岛主	dlvu	dlvu	未知飞键、非音码或读音集合未覆盖；不猜测
鲸凉鹤1.1手心挂接.txt	祷祝	dlvu	dlvu	未知飞键、非音码或读音集合未覆盖；不猜测
鲸凉鹤1.1手心挂接.txt	倒追	dlvv	dlvv	未知飞键、非音码或读音集合未覆盖；不猜测
鲸凉鹤1.1手心挂接.txt	道州	dlvz	dlvz	未知飞键、非音码或读音集合未覆盖；不猜测
鲸凉鹤1.1手心挂接.txt	岛外	dlwd	dlwd	未知飞键、非音码或读音集合未覆盖；不猜测
鲸凉鹤1.1手心挂接.txt	祷文	dlwf	dlwf	未知飞键、非音码或读音集合未覆盖；不猜测
鲸凉鹤1.1手心挂接.txt	悼亡	dlwh	dlwh	未知飞键、非音码或读音集合未覆盖；不猜测
鲸凉鹤1.1手心挂接.txt	到晚	dlwj	dlwj	未知飞键、非音码或读音集合未覆盖；不猜测
鲸凉鹤1.1手心挂接.txt	到我	dlwo	dlwo	未知飞键、非音码或读音集合未覆盖；不猜测
鲸凉鹤1.1手心挂接.txt	倒卧	dlwo	dlwo	未知飞键、非音码或读音集合未覆盖；不猜测
鲸凉鹤1.1手心挂接.txt	到位	dlww	dlww	未知飞键、非音码或读音集合未覆盖；不猜测
鲸凉鹤1.1手心挂接.txt	到尾	dlww	dlww	未知飞键、非音码或读音集合未覆盖；不猜测
鲸凉鹤1.1手心挂接.txt	道心	dlxb	dlxb	未知飞键、非音码或读音集合未覆盖；不猜测
鲸凉鹤1.1手心挂接.txt	倒吸	dlxi	dlxi	未知飞键、非音码或读音集合未覆盖；不猜测
鲸凉鹤1.1手心挂接.txt	道喜	dlxi	dlxi	未知飞键、非音码或读音集合未覆盖；不猜测
鲸凉鹤1.1手心挂接.txt	导向	dlxj	dlxj	未知飞键、非音码或读音集合未覆盖；不猜测
鲸凉鹤1.1手心挂接.txt	倒向	dlxj	dlxj	未知飞键、非音码或读音集合未覆盖；不猜测
鲸凉鹤1.1手心挂接.txt	倒行	dlxk	dlxk	未知飞键、非音码或读音集合未覆盖；不猜测
鲸凉鹤1.1手心挂接.txt	导向	dlxl	dlxl	未知飞键、非音码或读音集合未覆盖；不猜测
鲸凉鹤1.1手心挂接.txt	倒想	dlxl	dlxl	未知飞键、非音码或读音集合未覆盖；不猜测
鲸凉鹤1.1手心挂接.txt	倒向	dlxl	dlxl	未知飞键、非音码或读音集合未覆盖；不猜测
鲸凉鹤1.1手心挂接.txt	稻香	dlxl	dlxl	未知飞键、非音码或读音集合未覆盖；不猜测
鲸凉鹤1.1手心挂接.txt	导线	dlxm	dlxm	未知飞键、非音码或读音集合未覆盖；不猜测
鲸凉鹤1.1手心挂接.txt	道县	dlxm	dlxm	未知飞键、非音码或读音集合未覆盖；不猜测
鲸凉鹤1.1手心挂接.txt	到校	dlxn	dlxn	未知飞键、非音码或读音集合未覆盖；不猜测
鲸凉鹤1.1手心挂接.txt	刀削	dlxn	dlxn	未知飞键、非音码或读音集合未覆盖；不猜测
鲸凉鹤1.1手心挂接.txt	倒休	dlxo	dlxo	未知飞键、非音码或读音集合未覆盖；不猜测
鲸凉鹤1.1手心挂接.txt	道谢	dlxp	dlxp	未知飞键、非音码或读音集合未覆盖；不猜测
鲸凉鹤1.1手心挂接.txt	导泻	dlxp	dlxp	未知飞键、非音码或读音集合未覆盖；不猜测
鲸凉鹤1.1手心挂接.txt	倒休	dlxq	dlxq	未知飞键、非音码或读音集合未覆盖；不猜测
鲸凉鹤1.1手心挂接.txt	倒悬	dlxr	dlxr	未知飞键、非音码或读音集合未覆盖；不猜测
鲸凉鹤1.1手心挂接.txt	道玄	dlxr	dlxr	未知飞键、非音码或读音集合未覆盖；不猜测
鲸凉鹤1.1手心挂接.txt	道兄	dlxs	dlxs	未知飞键、非音码或读音集合未覆盖；不猜测
鲸凉鹤1.1手心挂接.txt	道学	dlxt	dlxt	未知飞键、非音码或读音集合未覆盖；不猜测
鲸凉鹤1.1手心挂接.txt	导学	dlxt	dlxt	未知飞键、非音码或读音集合未覆盖；不猜测
鲸凉鹤1.1手心挂接.txt	倒序	dlxu	dlxu	未知飞键、非音码或读音集合未覆盖；不猜测
鲸凉鹤1.1手心挂接.txt	倒叙	dlxu	dlxu	未知飞键、非音码或读音集合未覆盖；不猜测
鲸凉鹤1.1手心挂接.txt	倒下	dlxx	dlxx	未知飞键、非音码或读音集合未覆盖；不猜测
鲸凉鹤1.1手心挂接.txt	刀下	dlxx	dlxx	未知飞键、非音码或读音集合未覆盖；不猜测
鲸凉鹤1.1手心挂接.txt	倒牙	dlya	dlya	未知飞键、非音码或读音集合未覆盖；不猜测
鲸凉鹤1.1手心挂接.txt	稻芽	dlya	dlya	未知飞键、非音码或读音集合未覆盖；不猜测
鲸凉鹤1.1手心挂接.txt	导引	dlyb	dlyb	未知飞键、非音码或读音集合未覆盖；不猜测
鲸凉鹤1.1手心挂接.txt	盗印	dlyb	dlyb	未知飞键、非音码或读音集合未覆盖；不猜测
鲸凉鹤1.1手心挂接.txt	道印	dlyb	dlyb	未知飞键、非音码或读音集合未覆盖；不猜测
鲸凉鹤1.1手心挂接.txt	道引	dlyb	dlyb	未知飞键、非音码或读音集合未覆盖；不猜测
鲸凉鹤1.1手心挂接.txt	倒要	dlyc	dlyc	未知飞键、非音码或读音集合未覆盖；不猜测
鲸凉鹤1.1手心挂接.txt	捣药	dlyc	dlyc	未知飞键、非音码或读音集合未覆盖；不猜测
鲸凉鹤1.1手心挂接.txt	倒也	dlye	dlye	未知飞键、非音码或读音集合未覆盖；不猜测
鲸凉鹤1.1手心挂接.txt	道爷	dlye	dlye	未知飞键、非音码或读音集合未覆盖；不猜测
鲸凉鹤1.1手心挂接.txt	倒爷	dlye	dlye	未知飞键、非音码或读音集合未覆盖；不猜测
鲸凉鹤1.1手心挂接.txt	导演	dlyf	dlyf	未知飞键、非音码或读音集合未覆盖；不猜测
鲸凉鹤1.1手心挂接.txt	导言	dlyf	dlyf	未知飞键、非音码或读音集合未覆盖；不猜测
鲸凉鹤1.1手心挂接.txt	岛屿	dlyg	dlyg	未知飞键、非音码或读音集合未覆盖；不猜测
鲸凉鹤1.1手心挂接.txt	导语	dlyg	dlyg	未知飞键、非音码或读音集合未覆盖；不猜测
鲸凉鹤1.1手心挂接.txt	刀鱼	dlyg	dlyg	未知飞键、非音码或读音集合未覆盖；不猜测
鲸凉鹤1.1手心挂接.txt	道义	dlyi	dlyi	未知飞键、非音码或读音集合未覆盖；不猜测
鲸凉鹤1.1手心挂接.txt	捣衣	dlyi	dlyi	未知飞键、非音码或读音集合未覆盖；不猜测
鲸凉鹤1.1手心挂接.txt	倒一	dlyi	dlyi	未知飞键、非音码或读音集合未覆盖；不猜测
鲸凉鹤1.1手心挂接.txt	道衣	dlyi	dlyi	未知飞键、非音码或读音集合未覆盖；不猜测
鲸凉鹤1.1手心挂接.txt	导演	dlyj	dlyj	未知飞键、非音码或读音集合未覆盖；不猜测
鲸凉鹤1.1手心挂接.txt	导言	dlyj	dlyj	未知飞键、非音码或读音集合未覆盖；不猜测
鲸凉鹤1.1手心挂接.txt	倒影	dlyk	dlyk	未知飞键、非音码或读音集合未覆盖；不猜测
鲸凉鹤1.1手心挂接.txt	倒映	dlyk	dlyk	未知飞键、非音码或读音集合未覆盖；不猜测
鲸凉鹤1.1手心挂接.txt	导员	dlyr	dlyr	未知飞键、非音码或读音集合未覆盖；不猜测
鲸凉鹤1.1手心挂接.txt	道元	dlyr	dlyr	未知飞键、非音码或读音集合未覆盖；不猜测
鲸凉鹤1.1手心挂接.txt	盗用	dlys	dlys	未知飞键、非音码或读音集合未覆盖；不猜测
鲸凉鹤1.1手心挂接.txt	岛屿	dlyu	dlyu	未知飞键、非音码或读音集合未覆盖；不猜测
鲸凉鹤1.1手心挂接.txt	导语	dlyu	dlyu	未知飞键、非音码或读音集合未覆盖；不猜测
鲸凉鹤1.1手心挂接.txt	倒运	dlyy	dlyy	未知飞键、非音码或读音集合未覆盖；不猜测
鲸凉鹤1.1手心挂接.txt	导游	dlyz	dlyz	未知飞键、非音码或读音集合未覆盖；不猜测
鲸凉鹤1.1手心挂接.txt	道友	dlyz	dlyz	未知飞键、非音码或读音集合未覆盖；不猜测
鲸凉鹤1.1手心挂接.txt	倒有	dlyz	dlyz	未知飞键、非音码或读音集合未覆盖；不猜测
鲸凉鹤1.1手心挂接.txt	倒油	dlyz	dlyz	未知飞键、非音码或读音集合未覆盖；不猜测
鲸凉鹤1.1手心挂接.txt	倒灶	dlzc	dlzc	未知飞键、非音码或读音集合未覆盖；不猜测
鲸凉鹤1.1手心挂接.txt	倒在	dlzd	dlzd	未知飞键、非音码或读音集合未覆盖；不猜测
鲸凉鹤1.1手心挂接.txt	道藏	dlzh	dlzh	未知飞键、非音码或读音集合未覆盖；不猜测
鲸凉鹤1.1手心挂接.txt	倒赃	dlzh	dlzh	未知飞键、非音码或读音集合未覆盖；不猜测
鲸凉鹤1.1手心挂接.txt	刀子	dlzi	dlzi	未知飞键、非音码或读音集合未覆盖；不猜测
鲸凉鹤1.1手心挂接.txt	稻子	dlzi	dlzi	未知飞键、非音码或读音集合未覆盖；不猜测
鲸凉鹤1.1手心挂接.txt	到咱	dlzj	dlzj	未知飞键、非音码或读音集合未覆盖；不猜测
鲸凉鹤1.1手心挂接.txt	道宗	dlzl	dlzl	未知飞键、非音码或读音集合未覆盖；不猜测
鲸凉鹤1.1手心挂接.txt	刀座	dlzo	dlzo	未知飞键、非音码或读音集合未覆盖；不猜测
鲸凉鹤1.1手心挂接.txt	到作	dlzo	dlzo	未知飞键、非音码或读音集合未覆盖；不猜测
鲸凉鹤1.1手心挂接.txt	道宗	dlzs	dlzs	未知飞键、非音码或读音集合未覆盖；不猜测
鲸凉鹤1.1手心挂接.txt	道祖	dlzu	dlzu	未知飞键、非音码或读音集合未覆盖；不猜测
鲸凉鹤1.1手心挂接.txt	刀俎	dlzu	dlzu	未知飞键、非音码或读音集合未覆盖；不猜测
鲸凉鹤1.1手心挂接.txt	到最	dlzv	dlzv	未知飞键、非音码或读音集合未覆盖；不猜测
鲸凉鹤1.1手心挂接.txt	到嘴	dlzv	dlzv	未知飞键、非音码或读音集合未覆盖；不猜测
鲸凉鹤1.1手心挂接.txt	盗贼	dlzw	dlzw	未知飞键、非音码或读音集合未覆盖；不猜测
鲸凉鹤1.1手心挂接.txt	道尊	dlzy	dlzy	未知飞键、非音码或读音集合未覆盖；不猜测
鲸凉鹤1.1手心挂接.txt	盗走	dlzz	dlzz	未知飞键、非音码或读音集合未覆盖；不猜测
鲸凉鹤1.1手心挂接.txt	颠倒	dmdl	dmdl	未知飞键、非音码或读音集合未覆盖；不猜测
鲸凉鹤1.1手心挂接.txt	点到	dmdl	dmdl	未知飞键、非音码或读音集合未覆盖；不猜测
鲸凉鹤1.1手心挂接.txt	电柜	dmgi	dmgi	未知飞键、非音码或读音集合未覆盖；不猜测
鲸凉鹤1.1手心挂接.txt	点券	dmjr	dmjr	未知飞键、非音码或读音集合未覆盖；不猜测
鲸凉鹤1.1手心挂接.txt	点检	dmjz	dmjz	未知飞键、非音码或读音集合未覆盖；不猜测
鲸凉鹤1.1手心挂接.txt	点咯	dmlo	dmlo	未知飞键、非音码或读音集合未覆盖；不猜测
鲸凉鹤1.1手心挂接.txt	点满	dmmr	dmmr	未知飞键、非音码或读音集合未覆盖；不猜测
鲸凉鹤1.1手心挂接.txt	电母	dmmx	dmmx	未知飞键、非音码或读音集合未覆盖；不猜测
鲸凉鹤1.1手心挂接.txt	点破	dmps	dmps	未知飞键、非音码或读音集合未覆盖；不猜测
鲸凉鹤1.1手心挂接.txt	颠婆	dmps	dmps	未知飞键、非音码或读音集合未覆盖；不猜测
鲸凉鹤1.1手心挂接.txt	癫婆	dmps	dmps	未知飞键、非音码或读音集合未覆盖；不猜测
鲸凉鹤1.1手心挂接.txt	点评	dmpx	dmpx	未知飞键、非音码或读音集合未覆盖；不猜测
鲸凉鹤1.1手心挂接.txt	电瓶	dmpx	dmpx	未知飞键、非音码或读音集合未覆盖；不猜测
鲸凉鹤1.1手心挂接.txt	踮起	dmqe	dmqe	未知飞键、非音码或读音集合未覆盖；不猜测
鲸凉鹤1.1手心挂接.txt	电扇	dmus	dmus	未知飞键、非音码或读音集合未覆盖；不猜测
鲸凉鹤1.1手心挂接.txt	电闪	dmus	dmus	未知飞键、非音码或读音集合未覆盖；不猜测
鲸凉鹤1.1手心挂接.txt	点整	dmvk	dmvk	未知飞键、非音码或读音集合未覆盖；不猜测
鲸凉鹤1.1手心挂接.txt	点烟	dmyf	dmyf	未知飞键、非音码或读音集合未覆盖；不猜测
鲸凉鹤1.1手心挂接.txt	碘盐	dmyf	dmyf	未知飞键、非音码或读音集合未覆盖；不猜测
鲸凉鹤1.1手心挂接.txt	电眼	dmyf	dmyf	未知飞键、非音码或读音集合未覆盖；不猜测
鲸凉鹤1.1手心挂接.txt	殿宇	dmyg	dmyg	未知飞键、非音码或读音集合未覆盖；不猜测
鲸凉鹤1.1手心挂接.txt	典狱	dmyg	dmyg	未知飞键、非音码或读音集合未覆盖；不猜测
鲸凉鹤1.1手心挂接.txt	电鱼	dmyg	dmyg	未知飞键、非音码或读音集合未覆盖；不猜测
鲸凉鹤1.1手心挂接.txt	屌爆	dnbc	dnbc	未知飞键、非音码或读音集合未覆盖；不猜测
鲸凉鹤1.1手心挂接.txt	弔词	dnci	dnci	未知飞键、非音码或读音集合未覆盖；不猜测
鲸凉鹤1.1手心挂接.txt	掉到	dndl	dndl	未知飞键、非音码或读音集合未覆盖；不猜测
鲸凉鹤1.1手心挂接.txt	调到	dndl	dndl	未知飞键、非音码或读音集合未覆盖；不猜测
鲸凉鹤1.1手心挂接.txt	钓到	dndl	dndl	未知飞键、非音码或读音集合未覆盖；不猜测
鲸凉鹤1.1手心挂接.txt	吊打	dndw	dndw	未知飞键、非音码或读音集合未覆盖；不猜测
鲸凉鹤1.1手心挂接.txt	吊诡	dngi	dngi	未知飞键、非音码或读音集合未覆盖；不猜测
鲸凉鹤1.1手心挂接.txt	吊柜	dngi	dngi	未知飞键、非音码或读音集合未覆盖；不猜测
鲸凉鹤1.1手心挂接.txt	屌棍	dngy	dngy	未知飞键、非音码或读音集合未覆盖；不猜测
鲸凉鹤1.1手心挂接.txt	屌毛	dnmc	dnmc	未知飞键、非音码或读音集合未覆盖；不猜测
鲸凉鹤1.1手心挂接.txt	伄戼	dnmc	dnmc	未知飞键、非音码或读音集合未覆盖；不猜测
鲸凉鹤1.1手心挂接.txt	刁蛮	dnmr	dnmr	未知飞键、非音码或读音集合未覆盖；不猜测
鲸凉鹤1.1手心挂接.txt	屌你	dnni	dnni	未知飞键、非音码或读音集合未覆盖；不猜测
鲸凉鹤1.1手心挂接.txt	刁难	dnnz	dnnz	未知飞键、非音码或读音集合未覆盖；不猜测
鲸凉鹤1.1手心挂接.txt	貂皮	dnpe	dnpe	未知飞键、非音码或读音集合未覆盖；不猜测
鲸凉鹤1.1手心挂接.txt	吊瓶	dnpx	dnpx	未知飞键、非音码或读音集合未覆盖；不猜测
鲸凉鹤1.1手心挂接.txt	吊起	dnqe	dnqe	未知飞键、非音码或读音集合未覆盖；不猜测
鲸凉鹤1.1手心挂接.txt	屌丝	dnsi	dnsi	未知飞键、非音码或读音集合未覆盖；不猜测
鲸凉鹤1.1手心挂接.txt	弔图	dntu	dntu	未知飞键、非音码或读音集合未覆盖；不猜测
鲸凉鹤1.1手心挂接.txt	屌图	dntu	dntu	未知飞键、非音码或读音集合未覆盖；不猜测
鲸凉鹤1.1手心挂接.txt	吊扇	dnus	dnus	未知飞键、非音码或读音集合未覆盖；不猜测
鲸凉鹤1.1手心挂接.txt	屌炸	dnva	dnva	未知飞键、非音码或读音集合未覆盖；不猜测
鲸凉鹤1.1手心挂接.txt	调研	dnyf	dnyf	未知飞键、非音码或读音集合未覆盖；不猜测
鲸凉鹤1.1手心挂接.txt	吊唁	dnyf	dnyf	未知飞键、非音码或读音集合未覆盖；不猜测
鲸凉鹤1.1手心挂接.txt	钓鱼	dnyg	dnyg	未知飞键、非音码或读音集合未覆盖；不猜测
鲸凉鹤1.1手心挂接.txt	屌样	dnyh	dnyh	未知飞键、非音码或读音集合未覆盖；不猜测
鲸凉鹤1.1手心挂接.txt	屌用	dnys	dnys	未知飞键、非音码或读音集合未覆盖；不猜测
鲸凉鹤1.1手心挂接.txt	躲到	dodl	dodl	未知飞键、非音码或读音集合未覆盖；不猜测
鲸凉鹤1.1手心挂接.txt	多到	dodl	dodl	未知飞键、非音码或读音集合未覆盖；不猜测
鲸凉鹤1.1手心挂接.txt	剁屌	dodn	dodn	未知飞键、非音码或读音集合未覆盖；不猜测
鲸凉鹤1.1手心挂接.txt	多贵	dogi	dogi	未知飞键、非音码或读音集合未覆盖；不猜测
鲸凉鹤1.1手心挂接.txt	夺冠	dogp	dogp	未知飞键、非音码或读音集合未覆盖；不猜测
鲸凉鹤1.1手心挂接.txt	多见	dojz	dojz	未知飞键、非音码或读音集合未覆盖；不猜测
鲸凉鹤1.1手心挂接.txt	多件	dojz	dojz	未知飞键、非音码或读音集合未覆盖；不猜测
鲸凉鹤1.1手心挂接.txt	多慢	domr	domr	未知飞键、非音码或读音集合未覆盖；不猜测
鲸凉鹤1.1手心挂接.txt	夺目	domx	domx	未知飞键、非音码或读音集合未覆盖；不猜测
鲸凉鹤1.1手心挂接.txt	多难	donz	donz	未知飞键、非音码或读音集合未覆盖；不猜测
鲸凉鹤1.1手心挂接.txt	夺魄	dops	dops	未知飞键、非音码或读音集合未覆盖；不猜测
鲸凉鹤1.1手心挂接.txt	多屏	dopx	dopx	未知飞键、非音码或读音集合未覆盖；不猜测
鲸凉鹤1.1手心挂接.txt	多起	doqe	doqe	未知飞键、非音码或读音集合未覆盖；不猜测
鲸凉鹤1.1手心挂接.txt	多退	dotl	dotl	未知飞键、非音码或读音集合未覆盖；不猜测
鲸凉鹤1.1手心挂接.txt	躲闪	dous	dous	未知飞键、非音码或读音集合未覆盖；不猜测
鲸凉鹤1.1手心挂接.txt	多挣	dovk	dovk	未知飞键、非音码或读音集合未覆盖；不猜测
鲸凉鹤1.1手心挂接.txt	多言	doyf	doyf	未知飞键、非音码或读音集合未覆盖；不猜测
鲸凉鹤1.1手心挂接.txt	多余	doyg	doyg	未知飞键、非音码或读音集合未覆盖；不猜测
鲸凉鹤1.1手心挂接.txt	多于	doyg	doyg	未知飞键、非音码或读音集合未覆盖；不猜测
鲸凉鹤1.1手心挂接.txt	躲雨	doyg	doyg	未知飞键、非音码或读音集合未覆盖；不猜测
鲸凉鹤1.1手心挂接.txt	多雨	doyg	doyg	未知飞键、非音码或读音集合未覆盖；不猜测
鲸凉鹤1.1手心挂接.txt	多咱	doza	doza	未知飞键、非音码或读音集合未覆盖；不猜测
鲸凉鹤1.1手心挂接.txt	多宗	dozl	dozl	未知飞键、非音码或读音集合未覆盖；不猜测
鲸凉鹤1.1手心挂接.txt	跌倒	dpdl	dpdl	未知飞键、非音码或读音集合未覆盖；不猜测
鲸凉鹤1.1手心挂接.txt	跌打	dpdw	dpdw	未知飞键、非音码或读音集合未覆盖；不猜测
鲸凉鹤1.1手心挂接.txt	跌破	dpps	dpps	未知飞键、非音码或读音集合未覆盖；不猜测
鲸凉鹤1.1手心挂接.txt	迭起	dpqe	dpqe	未知飞键、非音码或读音集合未覆盖；不猜测
鲸凉鹤1.1手心挂接.txt	鲽鱼	dpyg	dpyg	未知飞键、非音码或读音集合未覆盖；不猜测
鲸凉鹤1.1手心挂接.txt	丢到	dqdl	dqdl	未知飞键、非音码或读音集合未覆盖；不猜测
鲸凉鹤1.1手心挂接.txt	丢件	dqjz	dqjz	未知飞键、非音码或读音集合未覆盖；不猜测
鲸凉鹤1.1手心挂接.txt	短刀	drdl	drdl	未知飞键、非音码或读音集合未覆盖；不猜测
鲸凉鹤1.1手心挂接.txt	端到	drdl	drdl	未知飞键、非音码或读音集合未覆盖；不猜测
鲸凉鹤1.1手心挂接.txt	锻打	drdw	drdw	未知飞键、非音码或读音集合未覆盖；不猜测
鲸凉鹤1.1手心挂接.txt	短管	drgp	drgp	未知飞键、非音码或读音集合未覆盖；不猜测
鲸凉鹤1.1手心挂接.txt	短剑	drjz	drjz	未知飞键、非音码或读音集合未覆盖；不猜测
鲸凉鹤1.1手心挂接.txt	断剑	drjz	drjz	未知飞键、非音码或读音集合未覆盖；不猜测
鲸凉鹤1.1手心挂接.txt	短见	drjz	drjz	未知飞键、非音码或读音集合未覆盖；不猜测
鲸凉鹤1.1手心挂接.txt	断裂	drlf	drlf	未知飞键、非音码或读音集合未覆盖；不猜测
鲸凉鹤1.1手心挂接.txt	端木	drmx	drmx	未知飞键、非音码或读音集合未覆盖；不猜测
鲸凉鹤1.1手心挂接.txt	短评	drpx	drpx	未知飞键、非音码或读音集合未覆盖；不猜测
鲸凉鹤1.1手心挂接.txt	端平	drpx	drpx	未知飞键、非音码或读音集合未覆盖；不猜测
鲸凉鹤1.1手心挂接.txt	端起	drqe	drqe	未知飞键、非音码或读音集合未覆盖；不猜测
鲸凉鹤1.1手心挂接.txt	短腿	drtl	drtl	未知飞键、非音码或读音集合未覆盖；不猜测
鲸凉鹤1.1手心挂接.txt	断腿	drtl	drtl	未知飞键、非音码或读音集合未覆盖；不猜测
鲸凉鹤1.1手心挂接.txt	短衫	drus	drus	未知飞键、非音码或读音集合未覆盖；不猜测
鲸凉鹤1.1手心挂接.txt	端正	drvk	drvk	未知飞键、非音码或读音集合未覆盖；不猜测
鲸凉鹤1.1手心挂接.txt	短袖	drxo	drxo	未知飞键、非音码或读音集合未覆盖；不猜测
鲸凉鹤1.1手心挂接.txt	断袖	drxo	drxo	未知飞键、非音码或读音集合未覆盖；不猜测
鲸凉鹤1.1手心挂接.txt	断言	dryf	dryf	未知飞键、非音码或读音集合未覆盖；不猜测
鲸凉鹤1.1手心挂接.txt	短语	dryg	dryg	未知飞键、非音码或读音集合未覆盖；不猜测
鲸凉鹤1.1手心挂接.txt	动刀	dsdl	dsdl	未知飞键、非音码或读音集合未覆盖；不猜测
鲸凉鹤1.1手心挂接.txt	冻柜	dsgi	dsgi	未知飞键、非音码或读音集合未覆盖；不猜测
鲸凉鹤1.1手心挂接.txt	东莞	dsgp	dsgp	未知飞键、非音码或读音集合未覆盖；不猜测
鲸凉鹤1.1手心挂接.txt	动检	dsjz	dsjz	未知飞键、非音码或读音集合未覆盖；不猜测
鲸凉鹤1.1手心挂接.txt	冻裂	dslf	dslf	未知飞键、非音码或读音集合未覆盖；不猜测
鲸凉鹤1.1手心挂接.txt	动漫	dsmr	dsmr	未知飞键、非音码或读音集合未覆盖；不猜测
鲸凉鹤1.1手心挂接.txt	东南	dsnz	dsnz	未知飞键、非音码或读音集合未覆盖；不猜测
鲸凉鹤1.1手心挂接.txt	东坡	dsps	dsps	未知飞键、非音码或读音集合未覆盖；不猜测
鲸凉鹤1.1手心挂接.txt	冻腿	dstl	dstl	未知飞键、非音码或读音集合未覆盖；不猜测
鲸凉鹤1.1手心挂接.txt	东山	dsus	dsus	未知飞键、非音码或读音集合未覆盖；不猜测
鲸凉鹤1.1手心挂接.txt	东征	dsvk	dsvk	未知飞键、非音码或读音集合未覆盖；不猜测
鲸凉鹤1.1手心挂接.txt	动向	dsxj	dsxj	未知飞键、非音码或读音集合未覆盖；不猜测
鲸凉鹤1.1手心挂接.txt	冬雨	dsyg	dsyg	未知飞键、非音码或读音集合未覆盖；不猜测
鲸凉鹤1.1手心挂接.txt	独到	dudl	dudl	未知飞键、非音码或读音集合未覆盖；不猜测
鲸凉鹤1.1手心挂接.txt	督导	dudl	dudl	未知飞键、非音码或读音集合未覆盖；不猜测
鲸凉鹤1.1手心挂接.txt	毒打	dudw	dudw	未知飞键、非音码或读音集合未覆盖；不猜测
鲸凉鹤1.1手心挂接.txt	赌鬼	dugi	dugi	未知飞键、非音码或读音集合未覆盖；不猜测
鲸凉鹤1.1手心挂接.txt	毒箭	dujz	dujz	未知飞键、非音码或读音集合未覆盖；不猜测
鲸凉鹤1.1手心挂接.txt	独木	dumx	dumx	未知飞键、非音码或读音集合未覆盖；不猜测
鲸凉鹤1.1手心挂接.txt	杜牧	dumx	dumx	未知飞键、非音码或读音集合未覆盖；不猜测
鲸凉鹤1.1手心挂接.txt	肚腩	dunz	dunz	未知飞键、非音码或读音集合未覆盖；不猜测
鲸凉鹤1.1手心挂接.txt	肚皮	dupe	dupe	未知飞键、非音码或读音集合未覆盖；不猜测
鲸凉鹤1.1手心挂接.txt	读破	dups	dups	未知飞键、非音码或读音集合未覆盖；不猜测
鲸凉鹤1.1手心挂接.txt	独凭	dupx	dupx	未知飞键、非音码或读音集合未覆盖；不猜测
鲸凉鹤1.1手心挂接.txt	独秀	duxo	duxo	未知飞键、非音码或读音集合未覆盖；不猜测
鲸凉鹤1.1手心挂接.txt	读研	duyf	duyf	未知飞键、非音码或读音集合未覆盖；不猜测
鲸凉鹤1.1手心挂接.txt	独眼	duyf	duyf	未知飞键、非音码或读音集合未覆盖；不猜测
鲸凉鹤1.1手心挂接.txt	堆到	dvdl	dvdl	未知飞键、非音码或读音集合未覆盖；不猜测
鲸凉鹤1.1手心挂接.txt	镦短	dvdr	dvdr	未知飞键、非音码或读音集合未覆盖；不猜测
鲸凉鹤1.1手心挂接.txt	对打	dvdw	dvdw	未知飞键、非音码或读音集合未覆盖；不猜测
鲸凉鹤1.1手心挂接.txt	队规	dvgi	dvgi	未知飞键、非音码或读音集合未覆盖；不猜测
鲸凉鹤1.1手心挂接.txt	对管	dvgp	dvgp	未知飞键、非音码或读音集合未覆盖；不猜测
鲸凉鹤1.1手心挂接.txt	对剑	dvjz	dvjz	未知飞键、非音码或读音集合未覆盖；不猜测
鲸凉鹤1.1手心挂接.txt	队列	dvlf	dvlf	未知飞键、非音码或读音集合未覆盖；不猜测
鲸凉鹤1.1手心挂接.txt	对咯	dvlo	dvlo	未知飞键、非音码或读音集合未覆盖；不猜测
鲸凉鹤1.1手心挂接.txt	堆满	dvmr	dvmr	未知飞键、非音码或读音集合未覆盖；不猜测
鲸凉鹤1.1手心挂接.txt	对坡	dvps	dvps	未知飞键、非音码或读音集合未覆盖；不猜测
鲸凉鹤1.1手心挂接.txt	对瓶	dvpx	dvpx	未知飞键、非音码或读音集合未覆盖；不猜测
鲸凉鹤1.1手心挂接.txt	堆砌	dvqp	dvqp	未知飞键、非音码或读音集合未覆盖；不猜测
鲸凉鹤1.1手心挂接.txt	对推	dvtl	dvtl	未知飞键、非音码或读音集合未覆盖；不猜测
鲸凉鹤1.1手心挂接.txt	对症	dvvk	dvvk	未知飞键、非音码或读音集合未覆盖；不猜测
鲸凉鹤1.1手心挂接.txt	对眼	dvyf	dvyf	未知飞键、非音码或读音集合未覆盖；不猜测
鲸凉鹤1.1手心挂接.txt	对于	dvyg	dvyg	未知飞键、非音码或读音集合未覆盖；不猜测
鲸凉鹤1.1手心挂接.txt	打熬	dwao	dwao	未知飞键、非音码或读音集合未覆盖；不猜测
鲸凉鹤1.1手心挂接.txt	打包	dwbc	dwbc	未知飞键、非音码或读音集合未覆盖；不猜测
鲸凉鹤1.1手心挂接.txt	打爆	dwbc	dwbc	未知飞键、非音码或读音集合未覆盖；不猜测
鲸凉鹤1.1手心挂接.txt	打败	dwbd	dwbd	未知飞键、非音码或读音集合未覆盖；不猜测
鲸凉鹤1.1手心挂接.txt	打本	dwbf	dwbf	未知飞键、非音码或读音集合未覆盖；不猜测
鲸凉鹤1.1手心挂接.txt	打崩	dwbg	dwbg	未知飞键、非音码或读音集合未覆盖；不猜测
鲸凉鹤1.1手心挂接.txt	打榜	dwbh	dwbh	未知飞键、非音码或读音集合未覆盖；不猜测
鲸凉鹤1.1手心挂接.txt	打扮	dwbj	dwbj	未知飞键、非音码或读音集合未覆盖；不猜测
鲸凉鹤1.1手心挂接.txt	打表	dwbn	dwbn	未知飞键、非音码或读音集合未覆盖；不猜测
鲸凉鹤1.1手心挂接.txt	打啵	dwbo	dwbo	未知飞键、非音码或读音集合未覆盖；不猜测
鲸凉鹤1.1手心挂接.txt	打词	dwci	dwci	未知飞键、非音码或读音集合未覆盖；不猜测
鲸凉鹤1.1手心挂接.txt	打残	dwcj	dwcj	未知飞键、非音码或读音集合未覆盖；不猜测
鲸凉鹤1.1手心挂接.txt	打惨	dwcj	dwcj	未知飞键、非音码或读音集合未覆盖；不猜测
鲸凉鹤1.1手心挂接.txt	打错	dwco	dwco	未知飞键、非音码或读音集合未覆盖；不猜测
鲸凉鹤1.1手心挂接.txt	打从	dwcs	dwcs	未知飞键、非音码或读音集合未覆盖；不猜测
鲸凉鹤1.1手心挂接.txt	打倒	dwdc	dwdc	未知飞键、非音码或读音集合未覆盖；不猜测
鲸凉鹤1.1手心挂接.txt	打灯	dwdg	dwdg	未知飞键、非音码或读音集合未覆盖；不猜测
鲸凉鹤1.1手心挂接.txt	打的	dwdi	dwdi	未知飞键、非音码或读音集合未覆盖；不猜测
鲸凉鹤1.1手心挂接.txt	打底	dwdi	dwdi	未知飞键、非音码或读音集合未覆盖；不猜测
鲸凉鹤1.1手心挂接.txt	打单	dwdj	dwdj	未知飞键、非音码或读音集合未覆盖；不猜测
鲸凉鹤1.1手心挂接.txt	打定	dwdk	dwdk	未知飞键、非音码或读音集合未覆盖；不猜测
鲸凉鹤1.1手心挂接.txt	打点	dwdm	dwdm	未知飞键、非音码或读音集合未覆盖；不猜测
鲸凉鹤1.1手心挂接.txt	打掉	dwdn	dwdn	未知飞键、非音码或读音集合未覆盖；不猜测
鲸凉鹤1.1手心挂接.txt	打多	dwdo	dwdo	未知飞键、非音码或读音集合未覆盖；不猜测
鲸凉鹤1.1手心挂接.txt	打碟	dwdp	dwdp	未知飞键、非音码或读音集合未覆盖；不猜测
鲸凉鹤1.1手心挂接.txt	打断	dwdr	dwdr	未知飞键、非音码或读音集合未覆盖；不猜测
鲸凉鹤1.1手心挂接.txt	打动	dwds	dwds	未知飞键、非音码或读音集合未覆盖；不猜测
鲸凉鹤1.1手心挂接.txt	打洞	dwds	dwds	未知飞键、非音码或读音集合未覆盖；不猜测
鲸凉鹤1.1手心挂接.txt	打赌	dwdu	dwdu	未知飞键、非音码或读音集合未覆盖；不猜测
鲸凉鹤1.1手心挂接.txt	打打	dwdw	dwdw	未知飞键、非音码或读音集合未覆盖；不猜测
鲸凉鹤1.1手心挂接.txt	打盹	dwdy	dwdy	未知飞键、非音码或读音集合未覆盖；不猜测
鲸凉鹤1.1手心挂接.txt	打斗	dwdz	dwdz	未知飞键、非音码或读音集合未覆盖；不猜测
鲸凉鹤1.1手心挂接.txt	打发	dwfa	dwfa	未知飞键、非音码或读音集合未覆盖；不猜测
鲸凉鹤1.1手心挂接.txt	打法	dwfa	dwfa	未知飞键、非音码或读音集合未覆盖；不猜测
鲸凉鹤1.1手心挂接.txt	打分	dwff	dwff	未知飞键、非音码或读音集合未覆盖；不猜测
鲸凉鹤1.1手心挂接.txt	打翻	dwfj	dwfj	未知飞键、非音码或读音集合未覆盖；不猜测
鲸凉鹤1.1手心挂接.txt	打饭	dwfj	dwfj	未知飞键、非音码或读音集合未覆盖；不猜测
鲸凉鹤1.1手心挂接.txt	打飞	dwfw	dwfw	未知飞键、非音码或读音集合未覆盖；不猜测
鲸凉鹤1.1手心挂接.txt	打废	dwfw	dwfw	未知飞键、非音码或读音集合未覆盖；不猜测
鲸凉鹤1.1手心挂接.txt	打嗝	dwge	dwge	未知飞键、非音码或读音集合未覆盖；不猜测
鲸凉鹤1.1手心挂接.txt	打更	dwgg	dwgg	未知飞键、非音码或读音集合未覆盖；不猜测
鲸凉鹤1.1手心挂接.txt	打鬼	dwgi	dwgi	未知飞键、非音码或读音集合未覆盖；不猜测
鲸凉鹤1.1手心挂接.txt	打怪	dwgk	dwgk	未知飞键、非音码或读音集合未覆盖；不猜测
鲸凉鹤1.1手心挂接.txt	打光	dwgl	dwgl	未知飞键、非音码或读音集合未覆盖；不猜测
鲸凉鹤1.1手心挂接.txt	打过	dwgo	dwgo	未知飞键、非音码或读音集合未覆盖；不猜测
鲸凉鹤1.1手心挂接.txt	打工	dwgs	dwgs	未知飞键、非音码或读音集合未覆盖；不猜测
鲸凉鹤1.1手心挂接.txt	打鼓	dwgu	dwgu	未知飞键、非音码或读音集合未覆盖；不猜测
鲸凉鹤1.1手心挂接.txt	打鬼	dwgv	dwgv	未知飞键、非音码或读音集合未覆盖；不猜测
鲸凉鹤1.1手心挂接.txt	打给	dwgw	dwgw	未知飞键、非音码或读音集合未覆盖；不猜测
鲸凉鹤1.1手心挂接.txt	打滚	dwgy	dwgy	未知飞键、非音码或读音集合未覆盖；不猜测
鲸凉鹤1.1手心挂接.txt	打勾	dwgz	dwgz	未知飞键、非音码或读音集合未覆盖；不猜测
鲸凉鹤1.1手心挂接.txt	打狗	dwgz	dwgz	未知飞键、非音码或读音集合未覆盖；不猜测
鲸凉鹤1.1手心挂接.txt	打好	dwhc	dwhc	未知飞键、非音码或读音集合未覆盖；不猜测
鲸凉鹤1.1手心挂接.txt	打荷	dwhe	dwhe	未知飞键、非音码或读音集合未覆盖；不猜测
鲸凉鹤1.1手心挂接.txt	打横	dwhg	dwhg	未知飞键、非音码或读音集合未覆盖；不猜测
鲸凉鹤1.1手心挂接.txt	打夯	dwhh	dwhh	未知飞键、非音码或读音集合未覆盖；不猜测
鲸凉鹤1.1手心挂接.txt	打鼾	dwhj	dwhj	未知飞键、非音码或读音集合未覆盖；不猜测
鲸凉鹤1.1手心挂接.txt	打坏	dwhk	dwhk	未知飞键、非音码或读音集合未覆盖；不猜测
鲸凉鹤1.1手心挂接.txt	打呼	dwhu	dwhu	未知飞键、非音码或读音集合未覆盖；不猜测
鲸凉鹤1.1手心挂接.txt	打回	dwhv	dwhv	未知飞键、非音码或读音集合未覆盖；不猜测
鲸凉鹤1.1手心挂接.txt	打灰	dwhv	dwhv	未知飞键、非音码或读音集合未覆盖；不猜测
鲸凉鹤1.1手心挂接.txt	打滑	dwhx	dwhx	未知飞键、非音码或读音集合未覆盖；不猜测
鲸凉鹤1.1手心挂接.txt	打昏	dwhy	dwhy	未知飞键、非音码或读音集合未覆盖；不猜测
鲸凉鹤1.1手心挂接.txt	打岔	dwia	dwia	未知飞键、非音码或读音集合未覆盖；不猜测
鲸凉鹤1.1手心挂接.txt	打叉	dwia	dwia	未知飞键、非音码或读音集合未覆盖；不猜测
鲸凉鹤1.1手心挂接.txt	打车	dwie	dwie	未知飞键、非音码或读音集合未覆盖；不猜测
鲸凉鹤1.1手心挂接.txt	打沉	dwif	dwif	未知飞键、非音码或读音集合未覆盖；不猜测
鲸凉鹤1.1手心挂接.txt	打成	dwig	dwig	未知飞键、非音码或读音集合未覆盖；不猜测
鲸凉鹤1.1手心挂接.txt	打穿	dwir	dwir	未知飞键、非音码或读音集合未覆盖；不猜测
鲸凉鹤1.1手心挂接.txt	打出	dwiu	dwiu	未知飞键、非音码或读音集合未覆盖；不猜测
鲸凉鹤1.1手心挂接.txt	打怵	dwiu	dwiu	未知飞键、非音码或读音集合未覆盖；不猜测
鲸凉鹤1.1手心挂接.txt	打击	dwji	dwji	未知飞键、非音码或读音集合未覆盖；不猜测
鲸凉鹤1.1手心挂接.txt	打井	dwjk	dwjk	未知飞键、非音码或读音集合未覆盖；不猜测
鲸凉鹤1.1手心挂接.txt	打搅	dwjn	dwjn	未知飞键、非音码或读音集合未覆盖；不猜测
鲸凉鹤1.1手心挂接.txt	打胶	dwjn	dwjn	未知飞键、非音码或读音集合未覆盖；不猜测
鲸凉鹤1.1手心挂接.txt	打劫	dwjp	dwjp	未知飞键、非音码或读音集合未覆盖；不猜测
鲸凉鹤1.1手心挂接.txt	打结	dwjp	dwjp	未知飞键、非音码或读音集合未覆盖；不猜测
鲸凉鹤1.1手心挂接.txt	打架	dwjx	dwjx	未知飞键、非音码或读音集合未覆盖；不猜测
鲸凉鹤1.1手心挂接.txt	打假	dwjx	dwjx	未知飞键、非音码或读音集合未覆盖；不猜测
鲸凉鹤1.1手心挂接.txt	打卡	dwka	dwka	未知飞键、非音码或读音集合未覆盖；不猜测
鲸凉鹤1.1手心挂接.txt	打尻	dwkc	dwkc	未知飞键、非音码或读音集合未覆盖；不猜测
鲸凉鹤1.1手心挂接.txt	打开	dwkd	dwkd	未知飞键、非音码或读音集合未覆盖；不猜测
鲸凉鹤1.1手心挂接.txt	打款	dwkr	dwkr	未知飞键、非音码或读音集合未覆盖；不猜测
鲸凉鹤1.1手心挂接.txt	打孔	dwks	dwks	未知飞键、非音码或读音集合未覆盖；不猜测
鲸凉鹤1.1手心挂接.txt	打空	dwks	dwks	未知飞键、非音码或读音集合未覆盖；不猜测
鲸凉鹤1.1手心挂接.txt	打哭	dwku	dwku	未知飞键、非音码或读音集合未覆盖；不猜测
鲸凉鹤1.1手心挂接.txt	打垮	dwkx	dwkx	未知飞键、非音码或读音集合未覆盖；不猜测
鲸凉鹤1.1手心挂接.txt	打蜡	dwla	dwla	未知飞键、非音码或读音集合未覆盖；不猜测
鲸凉鹤1.1手心挂接.txt	打捞	dwlc	dwlc	未知飞键、非音码或读音集合未覆盖；不猜测
鲸凉鹤1.1手心挂接.txt	打来	dwld	dwld	未知飞键、非音码或读音集合未覆盖；不猜测
鲸凉鹤1.1手心挂接.txt	打了	dwle	dwle	未知飞键、非音码或读音集合未覆盖；不猜测
鲸凉鹤1.1手心挂接.txt	打猎	dwlf	dwlf	未知飞键、非音码或读音集合未覆盖；不猜测
鲸凉鹤1.1手心挂接.txt	打理	dwli	dwli	未知飞键、非音码或读音集合未覆盖；不猜测
鲸凉鹤1.1手心挂接.txt	打烂	dwlj	dwlj	未知飞键、非音码或读音集合未覆盖；不猜测
鲸凉鹤1.1手心挂接.txt	打铃	dwlk	dwlk	未知飞键、非音码或读音集合未覆盖；不猜测
鲸凉鹤1.1手心挂接.txt	打量	dwll	dwll	未知飞键、非音码或读音集合未覆盖；不猜测
鲸凉鹤1.1手心挂接.txt	打脸	dwlm	dwlm	未知飞键、非音码或读音集合未覆盖；不猜测
鲸凉鹤1.1手心挂接.txt	打落	dwlo	dwlo	未知飞键、非音码或读音集合未覆盖；不猜测
鲸凉鹤1.1手心挂接.txt	打猎	dwlp	dwlp	未知飞键、非音码或读音集合未覆盖；不猜测
鲸凉鹤1.1手心挂接.txt	打乱	dwlr	dwlr	未知飞键、非音码或读音集合未覆盖；不猜测
鲸凉鹤1.1手心挂接.txt	打雷	dwlw	dwlw	未知飞键、非音码或读音集合未覆盖；不猜测
鲸凉鹤1.1手心挂接.txt	打擂	dwlw	dwlw	未知飞键、非音码或读音集合未覆盖；不猜测
鲸凉鹤1.1手心挂接.txt	打骂	dwma	dwma	未知飞键、非音码或读音集合未覆盖；不猜测
鲸凉鹤1.1手心挂接.txt	打码	dwma	dwma	未知飞键、非音码或读音集合未覆盖；不猜测
鲸凉鹤1.1手心挂接.txt	打毛	dwmc	dwmc	未知飞键、非音码或读音集合未覆盖；不猜测
鲸凉鹤1.1手心挂接.txt	打满	dwmj	dwmj	未知飞键、非音码或读音集合未覆盖；不猜测
鲸凉鹤1.1手心挂接.txt	打鸣	dwmk	dwmk	未知飞键、非音码或读音集合未覆盖；不猜测
鲸凉鹤1.1手心挂接.txt	打磨	dwmo	dwmo	未知飞键、非音码或读音集合未覆盖；不猜测
鲸凉鹤1.1手心挂接.txt	打咩	dwmp	dwmp	未知飞键、非音码或读音集合未覆盖；不猜测
鲸凉鹤1.1手心挂接.txt	打满	dwmr	dwmr	未知飞键、非音码或读音集合未覆盖；不猜测
鲸凉鹤1.1手心挂接.txt	打没	dwmw	dwmw	未知飞键、非音码或读音集合未覆盖；不猜测
鲸凉鹤1.1手心挂接.txt	打闹	dwnc	dwnc	未知飞键、非音码或读音集合未覆盖；不猜测
鲸凉鹤1.1手心挂接.txt	打奶	dwnd	dwnd	未知飞键、非音码或读音集合未覆盖；不猜测
鲸凉鹤1.1手心挂接.txt	打你	dwni	dwni	未知飞键、非音码或读音集合未覆盖；不猜测
鲸凉鹤1.1手心挂接.txt	打蔫	dwnm	dwnm	未知飞键、非音码或读音集合未覆盖；不猜测
鲸凉鹤1.1手心挂接.txt	打鸟	dwnn	dwnn	未知飞键、非音码或读音集合未覆盖；不猜测
鲸凉鹤1.1手心挂接.txt	打趴	dwpa	dwpa	未知飞键、非音码或读音集合未覆盖；不猜测
鲸凉鹤1.1手心挂接.txt	打拼	dwpb	dwpb	未知飞键、非音码或读音集合未覆盖；不猜测
鲸凉鹤1.1手心挂接.txt	打品	dwpb	dwpb	未知飞键、非音码或读音集合未覆盖；不猜测
鲸凉鹤1.1手心挂接.txt	打炮	dwpc	dwpc	未知飞键、非音码或读音集合未覆盖；不猜测
鲸凉鹤1.1手心挂接.txt	打跑	dwpc	dwpc	未知飞键、非音码或读音集合未覆盖；不猜测
鲸凉鹤1.1手心挂接.txt	打牌	dwpd	dwpd	未知飞键、非音码或读音集合未覆盖；不猜测
鲸凉鹤1.1手心挂接.txt	打屁	dwpe	dwpe	未知飞键、非音码或读音集合未覆盖；不猜测
鲸凉鹤1.1手心挂接.txt	打屁	dwpi	dwpi	未知飞键、非音码或读音集合未覆盖；不猜测
鲸凉鹤1.1手心挂接.txt	打平	dwpk	dwpk	未知飞键、非音码或读音集合未覆盖；不猜测
鲸凉鹤1.1手心挂接.txt	打偏	dwpm	dwpm	未知飞键、非音码或读音集合未覆盖；不猜测
鲸凉鹤1.1手心挂接.txt	打破	dwpo	dwpo	未知飞键、非音码或读音集合未覆盖；不猜测
鲸凉鹤1.1手心挂接.txt	打破	dwps	dwps	未知飞键、非音码或读音集合未覆盖；不猜测
鲸凉鹤1.1手心挂接.txt	打平	dwpx	dwpx	未知飞键、非音码或读音集合未覆盖；不猜测
鲸凉鹤1.1手心挂接.txt	得起	dwqe	dwqe	未知飞键、非音码或读音集合未覆盖；不猜测
鲸凉鹤1.1手心挂接.txt	打起	dwqe	dwqe	未知飞键、非音码或读音集合未覆盖；不猜测
鲸凉鹤1.1手心挂接.txt	打气	dwqi	dwqi	未知飞键、非音码或读音集合未覆盖；不猜测
鲸凉鹤1.1手心挂接.txt	打枪	dwql	dwql	未知飞键、非音码或读音集合未覆盖；不猜测
鲸凉鹤1.1手心挂接.txt	打钱	dwqm	dwqm	未知飞键、非音码或读音集合未覆盖；不猜测
鲸凉鹤1.1手心挂接.txt	打球	dwqq	dwqq	未知飞键、非音码或读音集合未覆盖；不猜测
鲸凉鹤1.1手心挂接.txt	打拳	dwqr	dwqr	未知飞键、非音码或读音集合未覆盖；不猜测
鲸凉鹤1.1手心挂接.txt	打趣	dwqu	dwqu	未知飞键、非音码或读音集合未覆盖；不猜测
鲸凉鹤1.1手心挂接.txt	打扰	dwrc	dwrc	未知飞键、非音码或读音集合未覆盖；不猜测
鲸凉鹤1.1手心挂接.txt	打人	dwrf	dwrf	未知飞键、非音码或读音集合未覆盖；不猜测
鲸凉鹤1.1手心挂接.txt	打入	dwru	dwru	未知飞键、非音码或读音集合未覆盖；不猜测
鲸凉鹤1.1手心挂接.txt	打扫	dwsc	dwsc	未知飞键、非音码或读音集合未覆盖；不猜测
鲸凉鹤1.1手心挂接.txt	打死	dwsi	dwsi	未知飞键、非音码或读音集合未覆盖；不猜测
鲸凉鹤1.1手心挂接.txt	打散	dwsj	dwsj	未知飞键、非音码或读音集合未覆盖；不猜测
鲸凉鹤1.1手心挂接.txt	打伞	dwsj	dwsj	未知飞键、非音码或读音集合未覆盖；不猜测
鲸凉鹤1.1手心挂接.txt	打算	dwsr	dwsr	未知飞键、非音码或读音集合未覆盖；不猜测
鲸凉鹤1.1手心挂接.txt	打碎	dwsv	dwsv	未知飞键、非音码或读音集合未覆盖；不猜测
鲸凉鹤1.1手心挂接.txt	打他	dwta	dwta	未知飞键、非音码或读音集合未覆盖；不猜测
鲸凉鹤1.1手心挂接.txt	打她	dwta	dwta	未知飞键、非音码或读音集合未覆盖；不猜测
鲸凉鹤1.1手心挂接.txt	打它	dwta	dwta	未知飞键、非音码或读音集合未覆盖；不猜测
鲸凉鹤1.1手心挂接.txt	打胎	dwtd	dwtd	未知飞键、非音码或读音集合未覆盖；不猜测
鲸凉鹤1.1手心挂接.txt	打疼	dwtg	dwtg	未知飞键、非音码或读音集合未覆盖；不猜测
鲸凉鹤1.1手心挂接.txt	打探	dwtj	dwtj	未知飞键、非音码或读音集合未覆盖；不猜测
鲸凉鹤1.1手心挂接.txt	打听	dwtk	dwtk	未知飞键、非音码或读音集合未覆盖；不猜测
鲸凉鹤1.1手心挂接.txt	打退	dwtl	dwtl	未知飞键、非音码或读音集合未覆盖；不猜测
鲸凉鹤1.1手心挂接.txt	打铁	dwtp	dwtp	未知飞键、非音码或读音集合未覆盖；不猜测
鲸凉鹤1.1手心挂接.txt	打团	dwtr	dwtr	未知飞键、非音码或读音集合未覆盖；不猜测
鲸凉鹤1.1手心挂接.txt	打通	dwts	dwts	未知飞键、非音码或读音集合未覆盖；不猜测
鲸凉鹤1.1手心挂接.txt	打退	dwtv	dwtv	未知飞键、非音码或读音集合未覆盖；不猜测
鲸凉鹤1.1手心挂接.txt	打头	dwtz	dwtz	未知飞键、非音码或读音集合未覆盖；不猜测
鲸凉鹤1.1手心挂接.txt	打杀	dwua	dwua	未知飞键、非音码或读音集合未覆盖；不猜测
鲸凉鹤1.1手心挂接.txt	打赏	dwuh	dwuh	未知飞键、非音码或读音集合未覆盖；不猜测
鲸凉鹤1.1手心挂接.txt	打伤	dwuh	dwuh	未知飞键、非音码或读音集合未覆盖；不猜测
鲸凉鹤1.1手心挂接.txt	打输	dwuu	dwuu	未知飞键、非音码或读音集合未覆盖；不猜测
鲸凉鹤1.1手心挂接.txt	打水	dwuv	dwuv	未知飞键、非音码或读音集合未覆盖；不猜测
鲸凉鹤1.1手心挂接.txt	打谁	dwuw	dwuw	未知飞键、非音码或读音集合未覆盖；不猜测
鲸凉鹤1.1手心挂接.txt	打手	dwuz	dwuz	未知飞键、非音码或读音集合未覆盖；不猜测
鲸凉鹤1.1手心挂接.txt	打折	dwve	dwve	未知飞键、非音码或读音集合未覆盖；不猜测
鲸凉鹤1.1手心挂接.txt	打着	dwve	dwve	未知飞键、非音码或读音集合未覆盖；不猜测
鲸凉鹤1.1手心挂接.txt	打针	dwvf	dwvf	未知飞键、非音码或读音集合未覆盖；不猜测
鲸凉鹤1.1手心挂接.txt	打仗	dwvh	dwvh	未知飞键、非音码或读音集合未覆盖；不猜测
鲸凉鹤1.1手心挂接.txt	打颤	dwvj	dwvj	未知飞键、非音码或读音集合未覆盖；不猜测
鲸凉鹤1.1手心挂接.txt	打桩	dwvl	dwvl	未知飞键、非音码或读音集合未覆盖；不猜测
鲸凉鹤1.1手心挂接.txt	打转	dwvr	dwvr	未知飞键、非音码或读音集合未覆盖；不猜测
鲸凉鹤1.1手心挂接.txt	打中	dwvs	dwvs	未知飞键、非音码或读音集合未覆盖；不猜测
鲸凉鹤1.1手心挂接.txt	打住	dwvu	dwvu	未知飞键、非音码或读音集合未覆盖；不猜测
鲸凉鹤1.1手心挂接.txt	打准	dwvy	dwvy	未知飞键、非音码或读音集合未覆盖；不猜测
鲸凉鹤1.1手心挂接.txt	打瓦	dwwa	dwwa	未知飞键、非音码或读音集合未覆盖；不猜测
鲸凉鹤1.1手心挂接.txt	打歪	dwwd	dwwd	未知飞键、非音码或读音集合未覆盖；不猜测
鲸凉鹤1.1手心挂接.txt	打文	dwwf	dwwf	未知飞键、非音码或读音集合未覆盖；不猜测
鲸凉鹤1.1手心挂接.txt	打完	dwwj	dwwj	未知飞键、非音码或读音集合未覆盖；不猜测
鲸凉鹤1.1手心挂接.txt	打我	dwwo	dwwo	未知飞键、非音码或读音集合未覆盖；不猜测
鲸凉鹤1.1手心挂接.txt	打窝	dwwo	dwwo	未知飞键、非音码或读音集合未覆盖；不猜测
鲸凉鹤1.1手心挂接.txt	打向	dwxj	dwxj	未知飞键、非音码或读音集合未覆盖；不猜测
鲸凉鹤1.1手心挂接.txt	打响	dwxl	dwxl	未知飞键、非音码或读音集合未覆盖；不猜测
鲸凉鹤1.1手心挂接.txt	打向	dwxl	dwxl	未知飞键、非音码或读音集合未覆盖；不猜测
鲸凉鹤1.1手心挂接.txt	打消	dwxn	dwxn	未知飞键、非音码或读音集合未覆盖；不猜测
鲸凉鹤1.1手心挂接.txt	打旋	dwxr	dwxr	未知飞键、非音码或读音集合未覆盖；不猜测
鲸凉鹤1.1手心挂接.txt	打压	dwya	dwya	未知飞键、非音码或读音集合未覆盖；不猜测
鲸凉鹤1.1手心挂接.txt	打印	dwyb	dwyb	未知飞键、非音码或读音集合未覆盖；不猜测
鲸凉鹤1.1手心挂接.txt	打药	dwyc	dwyc	未知飞键、非音码或读音集合未覆盖；不猜测
鲸凉鹤1.1手心挂接.txt	打野	dwye	dwye	未知飞键、非音码或读音集合未覆盖；不猜测
鲸凉鹤1.1手心挂接.txt	打眼	dwyf	dwyf	未知飞键、非音码或读音集合未覆盖；不猜测
鲸凉鹤1.1手心挂接.txt	打烊	dwyh	dwyh	未知飞键、非音码或读音集合未覆盖；不猜测
鲸凉鹤1.1手心挂接.txt	打样	dwyh	dwyh	未知飞键、非音码或读音集合未覆盖；不猜测
鲸凉鹤1.1手心挂接.txt	打眼	dwyj	dwyj	未知飞键、非音码或读音集合未覆盖；不猜测
鲸凉鹤1.1手心挂接.txt	打赢	dwyk	dwyk	未知飞键、非音码或读音集合未覆盖；不猜测
鲸凉鹤1.1手心挂接.txt	打晕	dwyy	dwyy	未知飞键、非音码或读音集合未覆盖；不猜测
鲸凉鹤1.1手心挂接.txt	打油	dwyz	dwyz	未知飞键、非音码或读音集合未覆盖；不猜测
鲸凉鹤1.1手心挂接.txt	打杂	dwza	dwza	未知飞键、非音码或读音集合未覆盖；不猜测
鲸凉鹤1.1手心挂接.txt	打砸	dwza	dwza	未知飞键、非音码或读音集合未覆盖；不猜测
鲸凉鹤1.1手心挂接.txt	打造	dwzc	dwzc	未知飞键、非音码或读音集合未覆盖；不猜测
鲸凉鹤1.1手心挂接.txt	打在	dwzd	dwzd	未知飞键、非音码或读音集合未覆盖；不猜测
鲸凉鹤1.1手心挂接.txt	打字	dwzi	dwzi	未知飞键、非音码或读音集合未覆盖；不猜测
鲸凉鹤1.1手心挂接.txt	打坐	dwzo	dwzo	未知飞键、非音码或读音集合未覆盖；不猜测
鲸凉鹤1.1手心挂接.txt	打走	dwzz	dwzz	未知飞键、非音码或读音集合未覆盖；不猜测
鲸凉鹤1.1手心挂接.txt	钝刀	dydl	dydl	未知飞键、非音码或读音集合未覆盖；不猜测
鲸凉鹤1.1手心挂接.txt	蹲到	dydl	dydl	未知飞键、非音码或读音集合未覆盖；不猜测
鲸凉鹤1.1手心挂接.txt	炖罐	dygp	dygp	未知飞键、非音码或读音集合未覆盖；不猜测
鲸凉鹤1.1手心挂接.txt	盾剑	dyjz	dyjz	未知飞键、非音码或读音集合未覆盖；不猜测
鲸凉鹤1.1手心挂接.txt	屯绿	dylv	dylv	未知飞键、非音码或读音集合未覆盖；不猜测
鲸凉鹤1.1手心挂接.txt	蹲起	dyqe	dyqe	未知飞键、非音码或读音集合未覆盖；不猜测
鲸凉鹤1.1手心挂接.txt	都打	dzdw	dzdw	未知飞键、非音码或读音集合未覆盖；不猜测
鲸凉鹤1.1手心挂接.txt	都管	dzgp	dzgp	未知飞键、非音码或读音集合未覆盖；不猜测
鲸凉鹤1.1手心挂接.txt	豆豉	dzgu	dzgu	未知飞键、非音码或读音集合未覆盖；不猜测
鲸凉鹤1.1手心挂接.txt	都贱	dzjz	dzjz	未知飞键、非音码或读音集合未覆盖；不猜测
鲸凉鹤1.1手心挂接.txt	都满	dzmr	dzmr	未知飞键、非音码或读音集合未覆盖；不猜测
鲸凉鹤1.1手心挂接.txt	都难	dznz	dznz	未知飞键、非音码或读音集合未覆盖；不猜测
鲸凉鹤1.1手心挂接.txt	豆皮	dzpe	dzpe	未知飞键、非音码或读音集合未覆盖；不猜测
鲸凉鹤1.1手心挂接.txt	陡坡	dzps	dzps	未知飞键、非音码或读音集合未覆盖；不猜测
鲸凉鹤1.1手心挂接.txt	斗破	dzps	dzps	未知飞键、非音码或读音集合未覆盖；不猜测
鲸凉鹤1.1手心挂接.txt	抖屏	dzpx	dzpx	未知飞键、非音码或读音集合未覆盖；不猜测
鲸凉鹤1.1手心挂接.txt	都删	dzus	dzus	未知飞键、非音码或读音集合未覆盖；不猜测
鲸凉鹤1.1手心挂接.txt	斗争	dzvk	dzvk	未知飞键、非音码或读音集合未覆盖；不猜测
鲸凉鹤1.1手心挂接.txt	斗宗	dzzl	dzzl	未知飞键、非音码或读音集合未覆盖；不猜测
鲸凉鹤1.1手心挂接.txt	饿倒	eedl	eedl	未知飞键、非音码或读音集合未覆盖；不猜测
鲸凉鹤1.1手心挂接.txt	额嗯	eeen	eeen	未知飞键、非音码或读音集合未覆盖；不猜测
鲸凉鹤1.1手心挂接.txt	恶鬼	eegi	eegi	未知飞键、非音码或读音集合未覆盖；不猜测
鲸凉鹤1.1手心挂接.txt	饿鬼	eegi	eegi	未知飞键、非音码或读音集合未覆盖；不猜测
鲸凉鹤1.1手心挂接.txt	鳄龟	eegi	eegi	未知飞键、非音码或读音集合未覆盖；不猜测
鲸凉鹤1.1手心挂接.txt	恶劣	eelf	eelf	未知飞键、非音码或读音集合未覆盖；不猜测
鲸凉鹤1.1手心挂接.txt	恶男	eenz	eenz	未知飞键、非音码或读音集合未覆盖；不猜测
鲸凉鹤1.1手心挂接.txt	恶癖	eepe	eepe	未知飞键、非音码或读音集合未覆盖；不猜测
鲸凉鹤1.1手心挂接.txt	阿房	eeph	eeph	未知飞键、非音码或读音集合未覆盖；不猜测
鲸凉鹤1.1手心挂接.txt	恶评	eepx	eepx	未知飞键、非音码或读音集合未覆盖；不猜测
鲸凉鹤1.1手心挂接.txt	阏塞	eesd	eesd	未知飞键、非音码或读音集合未覆盖；不猜测
鲸凉鹤1.1手心挂接.txt	恶言	eeyf	eeyf	未知飞键、非音码或读音集合未覆盖；不猜测
鲸凉鹤1.1手心挂接.txt	鳄鱼	eeyg	eeyg	未知飞键、非音码或读音集合未覆盖；不猜测
鲸凉鹤1.1手心挂接.txt	俄语	eeyg	eeyg	未知飞键、非音码或读音集合未覆盖；不猜测
鲸凉鹤1.1手心挂接.txt	壹佰	eibd	eibd	未知飞键、非音码或读音集合未覆盖；不猜测
鲸凉鹤1.1手心挂接.txt	一道	eidl	yidl	未知飞键、非音码或读音集合未覆盖；不猜测
鲸凉鹤1.1手心挂接.txt	一刀	eidl	yidl	未知飞键、非音码或读音集合未覆盖；不猜测
鲸凉鹤1.1手心挂接.txt	一打	eidw	yidw	未知飞键、非音码或读音集合未覆盖；不猜测
鲸凉鹤1.1手心挂接.txt	诶诶	eiei	eiei	未知飞键、非音码或读音集合未覆盖；不猜测
鲸凉鹤1.1手心挂接.txt	一贯	eigp	yigp	未知飞键、非音码或读音集合未覆盖；不猜测
鲸凉鹤1.1手心挂接.txt	一罐	eigp	yigp	未知飞键、非音码或读音集合未覆盖；不猜测
鲸凉鹤1.1手心挂接.txt	一管	eigp	yigp	未知飞键、非音码或读音集合未覆盖；不猜测
鲸凉鹤1.1手心挂接.txt	壹号	eihc	eihc	未知飞键、非音码或读音集合未覆盖；不猜测
鲸凉鹤1.1手心挂接.txt	诶嘿	eihw	eihw	未知飞键、非音码或读音集合未覆盖；不猜测
鲸凉鹤1.1手心挂接.txt	一道	eijf	yijf	未知飞键、非音码或读音集合未覆盖；不猜测
鲸凉鹤1.1手心挂接.txt	一件	eijz	yijz	未知飞键、非音码或读音集合未覆盖；不猜测
鲸凉鹤1.1手心挂接.txt	一间	eijz	yijz	未知飞键、非音码或读音集合未覆盖；不猜测
鲸凉鹤1.1手心挂接.txt	一键	eijz	yijz	未知飞键、非音码或读音集合未覆盖；不猜测
鲸凉鹤1.1手心挂接.txt	一查	eika	yika	未知飞键、非音码或读音集合未覆盖；不猜测
鲸凉鹤1.1手心挂接.txt	一列	eilf	yilf	未知飞键、非音码或读音集合未覆盖；不猜测
鲸凉鹤1.1手心挂接.txt	诶嘛	eima	eima	未知飞键、非音码或读音集合未覆盖；不猜测
鲸凉鹤1.1手心挂接.txt	一幕	eimx	yimx	未知飞键、非音码或读音集合未覆盖；不猜测
鲸凉鹤1.1手心挂接.txt	一亩	eimx	yimx	未知飞键、非音码或读音集合未覆盖；不猜测
鲸凉鹤1.1手心挂接.txt	一批	eipe	yipe	未知飞键、非音码或读音集合未覆盖；不猜测
鲸凉鹤1.1手心挂接.txt	一匹	eipe	yipe	未知飞键、非音码或读音集合未覆盖；不猜测
鲸凉鹤1.1手心挂接.txt	一破	eips	yips	未知飞键、非音码或读音集合未覆盖；不猜测
鲸凉鹤1.1手心挂接.txt	一瓶	eipx	yipx	未知飞键、非音码或读音集合未覆盖；不猜测
鲸凉鹤1.1手心挂接.txt	一起	eiqe	yiqe	未知飞键、非音码或读音集合未覆盖；不猜测
鲸凉鹤1.1手心挂接.txt	壹仟	eiqm	eiqm	未知飞键、非音码或读音集合未覆盖；不猜测
鲸凉鹤1.1手心挂接.txt	一推	eitl	yitl	未知飞键、非音码或读音集合未覆盖；不猜测
鲸凉鹤1.1手心挂接.txt	一退	eitl	yitl	未知飞键、非音码或读音集合未覆盖；不猜测
鲸凉鹤1.1手心挂接.txt	一扇	eius	yius	未知飞键、非音码或读音集合未覆盖；不猜测
鲸凉鹤1.1手心挂接.txt	一闪	eius	yius	未知飞键、非音码或读音集合未覆盖；不猜测
鲸凉鹤1.1手心挂接.txt	一怔	eivk	yivk	未知飞键、非音码或读音集合未覆盖；不猜测
鲸凉鹤1.1手心挂接.txt	一整	eivk	yivk	未知飞键、非音码或读音集合未覆盖；不猜测
鲸凉鹤1.1手心挂接.txt	一正	eivk	yivk	未知飞键、非音码或读音集合未覆盖；不猜测
鲸凉鹤1.1手心挂接.txt	诶我	eiwo	eiwo	未知飞键、非音码或读音集合未覆盖；不猜测
鲸凉鹤1.1手心挂接.txt	一向	eixj	yixj	未知飞键、非音码或读音集合未覆盖；不猜测
鲸凉鹤1.1手心挂接.txt	一宿	eixo	yixo	未知飞键、非音码或读音集合未覆盖；不猜测
鲸凉鹤1.1手心挂接.txt	诶呀	eiya	eiya	未知飞键、非音码或读音集合未覆盖；不猜测
鲸凉鹤1.1手心挂接.txt	一眼	eiyf	yiyf	未知飞键、非音码或读音集合未覆盖；不猜测
鲸凉鹤1.1手心挂接.txt	一言	eiyf	yiyf	未知飞键、非音码或读音集合未覆盖；不猜测
鲸凉鹤1.1手心挂接.txt	一隅	eiyg	yiyg	未知飞键、非音码或读音集合未覆盖；不猜测
鲸凉鹤1.1手心挂接.txt	诶呦	eiyz	eiyz	未知飞键、非音码或读音集合未覆盖；不猜测
鲸凉鹤1.1手心挂接.txt	一宗	eizl	yizl	未知飞键、非音码或读音集合未覆盖；不猜测
鲸凉鹤1.1手心挂接.txt	嗯啊	enaa	enaa	未知飞键、非音码或读音集合未覆盖；不猜测
鲸凉鹤1.1手心挂接.txt	嗯呗	enbw	enbw	未知飞键、非音码或读音集合未覆盖；不猜测
鲸凉鹤1.1手心挂接.txt	摁倒	endl	endl	未知飞键、非音码或读音集合未覆盖；不猜测
鲸凉鹤1.1手心挂接.txt	嗯对	endv	endv	未知飞键、非音码或读音集合未覆盖；不猜测
鲸凉鹤1.1手心挂接.txt	嗯额	enee	enee	未知飞键、非音码或读音集合未覆盖；不猜测
鲸凉鹤1.1手心挂接.txt	嗯嗯	enen	enen	未知飞键、非音码或读音集合未覆盖；不猜测
鲸凉鹤1.1手心挂接.txt	嗯哈	enha	enha	未知飞键、非音码或读音集合未覆盖；不猜测
鲸凉鹤1.1手心挂接.txt	嗯好	enhc	enhc	未知飞键、非音码或读音集合未覆盖；不猜测
鲸凉鹤1.1手心挂接.txt	嗯哼	enhg	enhg	未知飞键、非音码或读音集合未覆盖；不猜测
鲸凉鹤1.1手心挂接.txt	恩建	enjz	enjz	未知飞键、非音码或读音集合未覆盖；不猜测
鲸凉鹤1.1手心挂接.txt	嗯啦	enla	enla	未知飞键、非音码或读音集合未覆盖；不猜测
鲸凉鹤1.1手心挂接.txt	嗯了	enle	enle	未知飞键、非音码或读音集合未覆盖；不猜测
鲸凉鹤1.1手心挂接.txt	嗯咯	enlo	enlo	未知飞键、非音码或读音集合未覆盖；不猜测
鲸凉鹤1.1手心挂接.txt	嗯喽	enlz	enlz	未知飞键、非音码或读音集合未覆盖；不猜测
鲸凉鹤1.1手心挂接.txt	嗯么	enme	enme	未知飞键、非音码或读音集合未覆盖；不猜测
鲸凉鹤1.1手心挂接.txt	嗯呐	enna	enna	未知飞键、非音码或读音集合未覆盖；不猜测
鲸凉鹤1.1手心挂接.txt	嗯呢	enne	enne	未知飞键、非音码或读音集合未覆盖；不猜测
鲸凉鹤1.1手心挂接.txt	嗯哦	enoo	enoo	未知飞键、非音码或读音集合未覆盖；不猜测
鲸凉鹤1.1手心挂接.txt	嗯哇	enwa	enwa	未知飞键、非音码或读音集合未覆盖；不猜测
鲸凉鹤1.1手心挂接.txt	嗯呀	enya	enya	未知飞键、非音码或读音集合未覆盖；不猜测
鲸凉鹤1.1手心挂接.txt	嗯造	enzc	enzc	未知飞键、非音码或读音集合未覆盖；不猜测
鲸凉鹤1.1手心挂接.txt	耳聪	ercl	ercl	未知飞键、非音码或读音集合未覆盖；不猜测
鲸凉鹤1.1手心挂接.txt	而到	erdl	erdl	未知飞键、非音码或读音集合未覆盖；不猜测
鲸凉鹤1.1手心挂接.txt	而归	ergi	ergi	未知飞键、非音码或读音集合未覆盖；不猜测
鲸凉鹤1.1手心挂接.txt	二管	ergp	ergp	未知飞键、非音码或读音集合未覆盖；不猜测
鲸凉鹤1.1手心挂接.txt	二简	erjz	erjz	未知飞键、非音码或读音集合未覆盖；不猜测
鲸凉鹤1.1手心挂接.txt	耳螨	ermr	ermr	未知飞键、非音码或读音集合未覆盖；不猜测
鲸凉鹤1.1手心挂接.txt	耳目	ermx	ermx	未知飞键、非音码或读音集合未覆盖；不猜测
鲸凉鹤1.1手心挂接.txt	二男	ernz	ernz	未知飞键、非音码或读音集合未覆盖；不猜测
鲸凉鹤1.1手心挂接.txt	二批	erpe	erpe	未知飞键、非音码或读音集合未覆盖；不猜测
鲸凉鹤1.1手心挂接.txt	而退	ertl	ertl	未知飞键、非音码或读音集合未覆盖；不猜测
鲸凉鹤1.1手心挂接.txt	而言	eryf	eryf	未知飞键、非音码或读音集合未覆盖；不猜测
鲸凉鹤1.1手心挂接.txt	而与	eryg	eryg	未知飞键、非音码或读音集合未覆盖；不猜测
鲸凉鹤1.1手心挂接.txt	耳语	eryg	eryg	未知飞键、非音码或读音集合未覆盖；不猜测
鲸凉鹤1.1手心挂接.txt	发到	fadl	fadl	未知飞键、非音码或读音集合未覆盖；不猜测
鲸凉鹤1.1手心挂接.txt	发刀	fadl	fadl	未知飞键、非音码或读音集合未覆盖；不猜测
鲸凉鹤1.1手心挂接.txt	法规	fagi	fagi	未知飞键、非音码或读音集合未覆盖；不猜测
鲸凉鹤1.1手心挂接.txt	罚跪	fagi	fagi	未知飞键、非音码或读音集合未覆盖；不猜测
鲸凉鹤1.1手心挂接.txt	法官	fagp	fagp	未知飞键、非音码或读音集合未覆盖；不猜测
鲸凉鹤1.1手心挂接.txt	发尖	fajz	fajz	未知飞键、非音码或读音集合未覆盖；不猜测
鲸凉鹤1.1手心挂接.txt	发间	fajz	fajz	未知飞键、非音码或读音集合未覆盖；不猜测
鲸凉鹤1.1手心挂接.txt	法检	fajz	fajz	未知飞键、非音码或读音集合未覆盖；不猜测
鲸凉鹤1.1手心挂接.txt	伐木	famx	famx	未知飞键、非音码或读音集合未覆盖；不猜测
鲸凉鹤1.1手心挂接.txt	发苶	fanp	fanp	未知飞键、非音码或读音集合未覆盖；不猜测
鲸凉鹤1.1手心挂接.txt	发难	fanz	fanz	未知飞键、非音码或读音集合未覆盖；不猜测
鲸凉鹤1.1手心挂接.txt	发屁	fape	fape	未知飞键、非音码或读音集合未覆盖；不猜测
鲸凉鹤1.1手心挂接.txt	法魄	faps	faps	未知飞键、非音码或读音集合未覆盖；不猜测
鲸凉鹤1.1手心挂接.txt	发起	faqe	faqe	未知飞键、非音码或读音集合未覆盖；不猜测
鲸凉鹤1.1手心挂接.txt	发推	fatl	fatl	未知飞键、非音码或读音集合未覆盖；不猜测
鲸凉鹤1.1手心挂接.txt	伐善	faus	faus	未知飞键、非音码或读音集合未覆盖；不猜测
鲸凉鹤1.1手心挂接.txt	法属	favu	favu	未知飞键、非音码或读音集合未覆盖；不猜测
鲸凉鹤1.1手心挂接.txt	发言	fayf	fayf	未知飞键、非音码或读音集合未覆盖；不猜测
鲸凉鹤1.1手心挂接.txt	发炎	fayf	fayf	未知飞键、非音码或读音集合未覆盖；不猜测
鲸凉鹤1.1手心挂接.txt	发育	fayg	fayg	未知飞键、非音码或读音集合未覆盖；不猜测
鲸凉鹤1.1手心挂接.txt	法语	fayg	fayg	未知飞键、非音码或读音集合未覆盖；不猜测
鲸凉鹤1.1手心挂接.txt	分从	ffcl	ffcl	未知飞键、非音码或读音集合未覆盖；不猜测
鲸凉鹤1.1手心挂接.txt	分到	ffdl	ffdl	未知飞键、非音码或读音集合未覆盖；不猜测
鲸凉鹤1.1手心挂接.txt	分道	ffdl	ffdl	未知飞键、非音码或读音集合未覆盖；不猜测
鲸凉鹤1.1手心挂接.txt	分轨	ffgi	ffgi	未知飞键、非音码或读音集合未覆盖；不猜测
鲸凉鹤1.1手心挂接.txt	分管	ffgp	ffgp	未知飞键、非音码或读音集合未覆盖；不猜测
鲸凉鹤1.1手心挂接.txt	分袂	ffjt	ffjt	未知飞键、非音码或读音集合未覆盖；不猜测
鲸凉鹤1.1手心挂接.txt	分拣	ffjz	ffjz	未知飞键、非音码或读音集合未覆盖；不猜测
鲸凉鹤1.1手心挂接.txt	分尅	ffkw	ffkw	未知飞键、非音码或读音集合未覆盖；不猜测
鲸凉鹤1.1手心挂接.txt	分裂	fflf	fflf	未知飞键、非音码或读音集合未覆盖；不猜测
鲸凉鹤1.1手心挂接.txt	分列	fflf	fflf	未知飞键、非音码或读音集合未覆盖；不猜测
鲸凉鹤1.1手心挂接.txt	愤懑	ffmj	ffmj	未知飞键、非音码或读音集合未覆盖；不猜测
鲸凉鹤1.1手心挂接.txt	坟墓	ffmx	ffmx	未知飞键、非音码或读音集合未覆盖；不猜测
鲸凉鹤1.1手心挂接.txt	分母	ffmx	ffmx	未知飞键、非音码或读音集合未覆盖；不猜测
鲸凉鹤1.1手心挂接.txt	分批	ffpe	ffpe	未知飞键、非音码或读音集合未覆盖；不猜测
鲸凉鹤1.1手心挂接.txt	分屏	ffpx	ffpx	未知飞键、非音码或读音集合未覆盖；不猜测
鲸凉鹤1.1手心挂接.txt	分袂	ffqt	ffqt	未知飞键、非音码或读音集合未覆盖；不猜测
鲸凉鹤1.1手心挂接.txt	分腿	fftl	fftl	未知飞键、非音码或读音集合未覆盖；不猜测
鲸凉鹤1.1手心挂接.txt	坟山	ffus	ffus	未知飞键、非音码或读音集合未覆盖；不猜测
鲸凉鹤1.1手心挂接.txt	纷争	ffvk	ffvk	未知飞键、非音码或读音集合未覆盖；不猜测
鲸凉鹤1.1手心挂接.txt	玢岩	ffyf	ffyf	未知飞键、非音码或读音集合未覆盖；不猜测
鲸凉鹤1.1手心挂接.txt	粉鱼	ffyg	ffyg	未知飞键、非音码或读音集合未覆盖；不猜测
鲸凉鹤1.1手心挂接.txt	风道	fgdl	fgdl	未知飞键、非音码或读音集合未覆盖；不猜测
鲸凉鹤1.1手心挂接.txt	风柜	fggi	fggi	未知飞键、非音码或读音集合未覆盖；不猜测
鲸凉鹤1.1手心挂接.txt	凤冠	fggp	fggp	未知飞键、非音码或读音集合未覆盖；不猜测
鲸凉鹤1.1手心挂接.txt	封建	fgjz	fgjz	未知飞键、非音码或读音集合未覆盖；不猜测
鲸凉鹤1.1手心挂接.txt	丰满	fgmr	fgmr	未知飞键、非音码或读音集合未覆盖；不猜测
鲸凉鹤1.1手心挂接.txt	枫木	fgmx	fgmx	未知飞键、非音码或读音集合未覆盖；不猜测
鲸凉鹤1.1手心挂接.txt	丰南	fgnz	fgnz	未知飞键、非音码或读音集合未覆盖；不猜测
鲸凉鹤1.1手心挂接.txt	封皮	fgpe	fgpe	未知飞键、非音码或读音集合未覆盖；不猜测
鲸凉鹤1.1手心挂接.txt	疯批	fgpe	fgpe	未知飞键、非音码或读音集合未覆盖；不猜测
鲸凉鹤1.1手心挂接.txt	风评	fgpx	fgpx	未知飞键、非音码或读音集合未覆盖；不猜测
鲸凉鹤1.1手心挂接.txt	风起	fgqe	fgqe	未知飞键、非音码或读音集合未覆盖；不猜测
鲸凉鹤1.1手心挂接.txt	封推	fgtl	fgtl	未知飞键、非音码或读音集合未覆盖；不猜测
鲸凉鹤1.1手心挂接.txt	风扇	fgus	fgus	未知飞键、非音码或读音集合未覆盖；不猜测
鲸凉鹤1.1手心挂接.txt	封禅	fgus	fgus	未知飞键、非音码或读音集合未覆盖；不猜测
鲸凉鹤1.1手心挂接.txt	封山	fgus	fgus	未知飞键、非音码或读音集合未覆盖；不猜测
鲸凉鹤1.1手心挂接.txt	风筝	fgvk	fgvk	未知飞键、非音码或读音集合未覆盖；不猜测
鲸凉鹤1.1手心挂接.txt	凤栖	fgxi	fgxi	未知飞键、非音码或读音集合未覆盖；不猜测
鲸凉鹤1.1手心挂接.txt	风向	fgxj	fgxj	未知飞键、非音码或读音集合未覆盖；不猜测
鲸凉鹤1.1手心挂接.txt	烽烟	fgyf	fgyf	未知飞键、非音码或读音集合未覆盖；不猜测
鲸凉鹤1.1手心挂接.txt	凤眼	fgyf	fgyf	未知飞键、非音码或读音集合未覆盖；不猜测
鲸凉鹤1.1手心挂接.txt	风雨	fgyg	fgyg	未知飞键、非音码或读音集合未覆盖；不猜测
鲸凉鹤1.1手心挂接.txt	丰腴	fgyg	fgyg	未知飞键、非音码或读音集合未覆盖；不猜测
鲸凉鹤1.1手心挂接.txt	丰裕	fgyg	fgyg	未知飞键、非音码或读音集合未覆盖；不猜测
鲸凉鹤1.1手心挂接.txt	放到	fhdl	fhdl	未知飞键、非音码或读音集合未覆盖；不猜测
鲸凉鹤1.1手心挂接.txt	防盗	fhdl	fhdl	未知飞键、非音码或读音集合未覆盖；不猜测
鲸凉鹤1.1手心挂接.txt	放倒	fhdl	fhdl	未知飞键、非音码或读音集合未覆盖；不猜测
鲸凉鹤1.1手心挂接.txt	放鬼	fhgi	fhgi	未知飞键、非音码或读音集合未覆盖；不猜测
鲸凉鹤1.1手心挂接.txt	方管	fhgp	fhgp	未知飞键、非音码或读音集合未覆盖；不猜测
鲸凉鹤1.1手心挂接.txt	房间	fhjz	fhjz	未知飞键、非音码或读音集合未覆盖；不猜测
鲸凉鹤1.1手心挂接.txt	坊间	fhjz	fhjz	未知飞键、非音码或读音集合未覆盖；不猜测
鲸凉鹤1.1手心挂接.txt	放箭	fhjz	fhjz	未知飞键、非音码或读音集合未覆盖；不猜测
鲸凉鹤1.1手心挂接.txt	放慢	fhmr	fhmr	未知飞键、非音码或读音集合未覆盖；不猜测
鲸凉鹤1.1手心挂接.txt	放满	fhmr	fhmr	未知飞键、非音码或读音集合未覆盖；不猜测
鲸凉鹤1.1手心挂接.txt	放牧	fhmx	fhmx	未知飞键、非音码或读音集合未覆盖；不猜测
鲸凉鹤1.1手心挂接.txt	方南	fhnz	fhnz	未知飞键、非音码或读音集合未覆盖；不猜测
鲸凉鹤1.1手心挂接.txt	放屁	fhpe	fhpe	未知飞键、非音码或读音集合未覆盖；不猜测
鲸凉鹤1.1手心挂接.txt	放平	fhpx	fhpx	未知飞键、非音码或读音集合未覆盖；不猜测
鲸凉鹤1.1手心挂接.txt	防嗮	fhsd	fhsd	未知飞键、非音码或读音集合未覆盖；不猜测
鲸凉鹤1.1手心挂接.txt	方腿	fhtl	fhtl	未知飞键、非音码或读音集合未覆盖；不猜测
鲸凉鹤1.1手心挂接.txt	房山	fhus	fhus	未知飞键、非音码或读音集合未覆盖；不猜测
鲸凉鹤1.1手心挂接.txt	方正	fhvk	fhvk	未知飞键、非音码或读音集合未覆盖；不猜测
鲸凉鹤1.1手心挂接.txt	方向	fhxj	fhxj	未知飞键、非音码或读音集合未覆盖；不猜测
鲸凉鹤1.1手心挂接.txt	防锈	fhxo	fhxo	未知飞键、非音码或读音集合未覆盖；不猜测
鲸凉鹤1.1手心挂接.txt	方言	fhyf	fhyf	未知飞键、非音码或读音集合未覆盖；不猜测
鲸凉鹤1.1手心挂接.txt	房檐	fhyf	fhyf	未知飞键、非音码或读音集合未覆盖；不猜测
鲸凉鹤1.1手心挂接.txt	放眼	fhyf	fhyf	未知飞键、非音码或读音集合未覆盖；不猜测
鲸凉鹤1.1手心挂接.txt	防御	fhyg	fhyg	未知飞键、非音码或读音集合未覆盖；不猜测
鲸凉鹤1.1手心挂接.txt	放纵	fhzl	fhzl	未知飞键、非音码或读音集合未覆盖；不猜测
鲸凉鹤1.1手心挂接.txt	芳踪	fhzl	fhzl	未知飞键、非音码或读音集合未覆盖；不猜测
鲸凉鹤1.1手心挂接.txt	反倒	fjdl	fjdl	未知飞键、非音码或读音集合未覆盖；不猜测
鲸凉鹤1.1手心挂接.txt	翻到	fjdl	fjdl	未知飞键、非音码或读音集合未覆盖；不猜测
鲸凉鹤1.1手心挂接.txt	翻倒	fjdl	fjdl	未知飞键、非音码或读音集合未覆盖；不猜测
鲸凉鹤1.1手心挂接.txt	反打	fjdw	fjdw	未知飞键、非音码或读音集合未覆盖；不猜测
鲸凉鹤1.1手心挂接.txt	犯规	fjgi	fjgi	未知飞键、非音码或读音集合未覆盖；不猜测
鲸凉鹤1.1手心挂接.txt	饭馆	fjgp	fjgp	未知飞键、非音码或读音集合未覆盖；不猜测
鲸凉鹤1.1手心挂接.txt	反观	fjgp	fjgp	未知飞键、非音码或读音集合未覆盖；不猜测
鲸凉鹤1.1手心挂接.txt	犯贱	fjjz	fjjz	未知飞键、非音码或读音集合未覆盖；不猜测
鲸凉鹤1.1手心挂接.txt	拚命	fjmk	fjmk	未知飞键、非音码或读音集合未覆盖；不猜测
鲸凉鹤1.1手心挂接.txt	反目	fjmx	fjmx	未知飞键、非音码或读音集合未覆盖；不猜测
鲸凉鹤1.1手心挂接.txt	犯难	fjnz	fjnz	未知飞键、非音码或读音集合未覆盖；不猜测
鲸凉鹤1.1手心挂接.txt	翻皮	fjpe	fjpe	未知飞键、非音码或读音集合未覆盖；不猜测
鲸凉鹤1.1手心挂接.txt	反破	fjps	fjps	未知飞键、非音码或读音集合未覆盖；不猜测
鲸凉鹤1.1手心挂接.txt	范平	fjpx	fjpx	未知飞键、非音码或读音集合未覆盖；不猜测
鲸凉鹤1.1手心挂接.txt	泛起	fjqe	fjqe	未知飞键、非音码或读音集合未覆盖；不猜测
鲸凉鹤1.1手心挂接.txt	翻起	fjqe	fjqe	未知飞键、非音码或读音集合未覆盖；不猜测
鲸凉鹤1.1手心挂接.txt	反推	fjtl	fjtl	未知飞键、非音码或读音集合未覆盖；不猜测
鲸凉鹤1.1手心挂接.txt	翻山	fjus	fjus	未知飞键、非音码或读音集合未覆盖；不猜测
鲸凉鹤1.1手心挂接.txt	反正	fjvk	fjvk	未知飞键、非音码或读音集合未覆盖；不猜测
鲸凉鹤1.1手心挂接.txt	反证	fjvk	fjvk	未知飞键、非音码或读音集合未覆盖；不猜测
鲸凉鹤1.1手心挂接.txt	反之	fjvp	fjvp	未知飞键、非音码或读音集合未覆盖；不猜测
鲸凉鹤1.1手心挂接.txt	蕃王	fjwh	fjwh	未知飞键、非音码或读音集合未覆盖；不猜测
鲸凉鹤1.1手心挂接.txt	反向	fjxj	fjxj	未知飞键、非音码或读音集合未覆盖；不猜测
鲸凉鹤1.1手心挂接.txt	翻修	fjxo	fjxo	未知飞键、非音码或读音集合未覆盖；不猜测
鲸凉鹤1.1手心挂接.txt	返修	fjxo	fjxo	未知飞键、非音码或读音集合未覆盖；不猜测
鲸凉鹤1.1手心挂接.txt	繁衍	fjyf	fjyf	未知飞键、非音码或读音集合未覆盖；不猜测
鲸凉鹤1.1手心挂接.txt	翻眼	fjyf	fjyf	未知飞键、非音码或读音集合未覆盖；不猜测
鲸凉鹤1.1手心挂接.txt	繁育	fjyg	fjyg	未知飞键、非音码或读音集合未覆盖；不猜测
鲸凉鹤1.1手心挂接.txt	梵语	fjyg	fjyg	未知飞键、非音码或读音集合未覆盖；不猜测
鲸凉鹤1.1手心挂接.txt	佛道	fodl	fodl	未知飞键、非音码或读音集合未覆盖；不猜测
鲸凉鹤1.1手心挂接.txt	佛坪	fopx	fopx	未知飞键、非音码或读音集合未覆盖；不猜测
鲸凉鹤1.1手心挂接.txt	佛山	fous	fous	未知飞键、非音码或读音集合未覆盖；不猜测
鲸凉鹤1.1手心挂接.txt	佛言	foyf	foyf	未知飞键、非音码或读音集合未覆盖；不猜测
鲸凉鹤1.1手心挂接.txt	佛眼	foyf	foyf	未知飞键、非音码或读音集合未覆盖；不猜测
鲸凉鹤1.1手心挂接.txt	佛语	foyg	foyg	未知飞键、非音码或读音集合未覆盖；不猜测
鲸凉鹤1.1手心挂接.txt	服从	fucl	fucl	未知飞键、非音码或读音集合未覆盖；不猜测
鲸凉鹤1.1手心挂接.txt	辅导	fudl	fudl	未知飞键、非音码或读音集合未覆盖；不猜测
鲸凉鹤1.1手心挂接.txt	妇道	fudl	fudl	未知飞键、非音码或读音集合未覆盖；不猜测
鲸凉鹤1.1手心挂接.txt	辅道	fudl	fudl	未知飞键、非音码或读音集合未覆盖；不猜测
鲸凉鹤1.1手心挂接.txt	富贵	fugi	fugi	未知飞键、非音码或读音集合未覆盖；不猜测
鲸凉鹤1.1手心挂接.txt	妇道	fujf	fujf	未知飞键、非音码或读音集合未覆盖；不猜测
鲸凉鹤1.1手心挂接.txt	福建	fujz	fujz	未知飞键、非音码或读音集合未覆盖；不猜测
鲸凉鹤1.1手心挂接.txt	附件	fujz	fujz	未知飞键、非音码或读音集合未覆盖；不猜测
鲸凉鹤1.1手心挂接.txt	复检	fujz	fujz	未知飞键、非音码或读音集合未覆盖；不猜测
鲸凉鹤1.1手心挂接.txt	福满	fumr	fumr	未知飞键、非音码或读音集合未覆盖；不猜测
鲸凉鹤1.1手心挂接.txt	父母	fumx	fumx	未知飞键、非音码或读音集合未覆盖；不猜测
鲸凉鹤1.1手心挂接.txt	阜南	funz	funz	未知飞键、非音码或读音集合未覆盖；不猜测
鲸凉鹤1.1手心挂接.txt	麸皮	fupe	fupe	未知飞键、非音码或读音集合未覆盖；不猜测
鲸凉鹤1.1手心挂接.txt	腐皮	fupe	fupe	未知飞键、非音码或读音集合未覆盖；不猜测
鲸凉鹤1.1手心挂接.txt	富婆	fups	fups	未知飞键、非音码或读音集合未覆盖；不猜测
鲸凉鹤1.1手心挂接.txt	抚平	fupx	fupx	未知飞键、非音码或读音集合未覆盖；不猜测
鲸凉鹤1.1手心挂接.txt	浮萍	fupx	fupx	未知飞键、非音码或读音集合未覆盖；不猜测
鲸凉鹤1.1手心挂接.txt	扶起	fuqe	fuqe	未知飞键、非音码或读音集合未覆盖；不猜测
鲸凉鹤1.1手心挂接.txt	浮起	fuqe	fuqe	未知飞键、非音码或读音集合未覆盖；不猜测
鲸凉鹤1.1手心挂接.txt	复推	futl	futl	未知飞键、非音码或读音集合未覆盖；不猜测
鲸凉鹤1.1手心挂接.txt	釜山	fuus	fuus	未知飞键、非音码或读音集合未覆盖；不猜测
鲸凉鹤1.1手心挂接.txt	扶正	fuvk	fuvk	未知飞键、非音码或读音集合未覆盖；不猜测
鲸凉鹤1.1手心挂接.txt	腐朽	fuxo	fuxo	未知飞键、非音码或读音集合未覆盖；不猜测
鲸凉鹤1.1手心挂接.txt	拂袖	fuxo	fuxo	未知飞键、非音码或读音集合未覆盖；不猜测
鲸凉鹤1.1手心挂接.txt	敷衍	fuyf	fuyf	未知飞键、非音码或读音集合未覆盖；不猜测
鲸凉鹤1.1手心挂接.txt	赴宴	fuyf	fuyf	未知飞键、非音码或读音集合未覆盖；不猜测
鲸凉鹤1.1手心挂接.txt	赋予	fuyg	fuyg	未知飞键、非音码或读音集合未覆盖；不猜测
鲸凉鹤1.1手心挂接.txt	富裕	fuyg	fuyg	未知飞键、非音码或读音集合未覆盖；不猜测
鲸凉鹤1.1手心挂接.txt	副总	fuzl	fuzl	未知飞键、非音码或读音集合未覆盖；不猜测
鲸凉鹤1.1手心挂接.txt	非从	fwcl	fwcl	未知飞键、非音码或读音集合未覆盖；不猜测
鲸凉鹤1.1手心挂接.txt	飞到	fwdl	fwdl	未知飞键、非音码或读音集合未覆盖；不猜测
鲸凉鹤1.1手心挂接.txt	飞刀	fwdl	fwdl	未知飞键、非音码或读音集合未覆盖；不猜测
鲸凉鹤1.1手心挂接.txt	飞归	fwgi	fwgi	未知飞键、非音码或读音集合未覆盖；不猜测
鲸凉鹤1.1手心挂接.txt	飞溅	fwjz	fwjz	未知飞键、非音码或读音集合未覆盖；不猜测
鲸凉鹤1.1手心挂接.txt	飞剑	fwjz	fwjz	未知飞键、非音码或读音集合未覆盖；不猜测
鲸凉鹤1.1手心挂接.txt	飞键	fwjz	fwjz	未知飞键、非音码或读音集合未覆盖；不猜测
鲸凉鹤1.1手心挂接.txt	斐裂	fwlf	fwlf	未知飞键、非音码或读音集合未覆盖；不猜测
鲸凉鹤1.1手心挂接.txt	费曼	fwmr	fwmr	未知飞键、非音码或读音集合未覆盖；不猜测
鲸凉鹤1.1手心挂接.txt	非难	fwnz	fwnz	未知飞键、非音码或读音集合未覆盖；不猜测
鲸凉鹤1.1手心挂接.txt	肥男	fwnz	fwnz	未知飞键、非音码或读音集合未覆盖；不猜测
鲸凉鹤1.1手心挂接.txt	菲芘	fwpe	fwpe	未知飞键、非音码或读音集合未覆盖；不猜测
鲸凉鹤1.1手心挂接.txt	菲芘	fwpi	fwpi	未知飞键、非音码或读音集合未覆盖；不猜测
鲸凉鹤1.1手心挂接.txt	肥婆	fwps	fwps	未知飞键、非音码或读音集合未覆盖；不猜测
鲸凉鹤1.1手心挂接.txt	飞屏	fwpx	fwpx	未知飞键、非音码或读音集合未覆盖；不猜测
鲸凉鹤1.1手心挂接.txt	飞起	fwqe	fwqe	未知飞键、非音码或读音集合未覆盖；不猜测
鲸凉鹤1.1手心挂接.txt	飞腿	fwtl	fwtl	未知飞键、非音码或读音集合未覆盖；不猜测
鲸凉鹤1.1手心挂接.txt	飞山	fwus	fwus	未知飞键、非音码或读音集合未覆盖；不猜测
鲸凉鹤1.1手心挂接.txt	飞向	fwxj	fwxj	未知飞键、非音码或读音集合未覆盖；不猜测
鲸凉鹤1.1手心挂接.txt	飞袖	fwxo	fwxo	未知飞键、非音码或读音集合未覆盖；不猜测
鲸凉鹤1.1手心挂接.txt	肺炎	fwyf	fwyf	未知飞键、非音码或读音集合未覆盖；不猜测
鲸凉鹤1.1手心挂接.txt	费眼	fwyf	fwyf	未知飞键、非音码或读音集合未覆盖；不猜测
鲸凉鹤1.1手心挂接.txt	飞鱼	fwyg	fwyg	未知飞键、非音码或读音集合未覆盖；不猜测
鲸凉鹤1.1手心挂接.txt	玍古	gagu	gagu	未知飞键、非音码或读音集合未覆盖；不猜测
鲸凉鹤1.1手心挂接.txt	轧空	gaks	gaks	未知飞键、非音码或读音集合未覆盖；不猜测
鲸凉鹤1.1手心挂接.txt	轧票	gapn	gapn	未知飞键、非音码或读音集合未覆盖；不猜测
鲸凉鹤1.1手心挂接.txt	轧账	gavh	gavh	未知飞键、非音码或读音集合未覆盖；不猜测
鲸凉鹤1.1手心挂接.txt	呷西	gaxi	gaxi	未知飞键、非音码或读音集合未覆盖；不猜测
鲸凉鹤1.1手心挂接.txt	嘎鱼	gayg	gayg	未知飞键、非音码或读音集合未覆盖；不猜测
鲸凉鹤1.1手心挂接.txt	曱甴	gaza	gaza	未知飞键、非音码或读音集合未覆盖；不猜测
鲸凉鹤1.1手心挂接.txt	高聪	gccl	gccl	未知飞键、非音码或读音集合未覆盖；不猜测
鲸凉鹤1.1手心挂接.txt	搞到	gcdl	gcdl	未知飞键、非音码或读音集合未覆盖；不猜测
鲸凉鹤1.1手心挂接.txt	高贵	gcgi	gcgi	未知飞键、非音码或读音集合未覆盖；不猜测
鲸凉鹤1.1手心挂接.txt	搞鬼	gcgi	gcgi	未知飞键、非音码或读音集合未覆盖；不猜测
鲸凉鹤1.1手心挂接.txt	高官	gcgp	gcgp	未知飞键、非音码或读音集合未覆盖；不猜测
鲸凉鹤1.1手心挂接.txt	高管	gcgp	gcgp	未知飞键、非音码或读音集合未覆盖；不猜测
鲸凉鹤1.1手心挂接.txt	高冠	gcgp	gcgp	未知飞键、非音码或读音集合未覆盖；不猜测
鲸凉鹤1.1手心挂接.txt	稿件	gcjz	gcjz	未知飞键、非音码或读音集合未覆盖；不猜测
鲸凉鹤1.1手心挂接.txt	高见	gcjz	gcjz	未知飞键、非音码或读音集合未覆盖；不猜测
鲸凉鹤1.1手心挂接.txt	搞满	gcmr	gcmr	未知飞键、非音码或读音集合未覆盖；不猜测
鲸凉鹤1.1手心挂接.txt	高难	gcnz	gcnz	未知飞键、非音码或读音集合未覆盖；不猜测
鲸凉鹤1.1手心挂接.txt	搞屁	gcpe	gcpe	未知飞键、非音码或读音集合未覆盖；不猜测
鲸凉鹤1.1手心挂接.txt	羔皮	gcpe	gcpe	未知飞键、非音码或读音集合未覆盖；不猜测
鲸凉鹤1.1手心挂接.txt	告破	gcps	gcps	未知飞键、非音码或读音集合未覆盖；不猜测
鲸凉鹤1.1手心挂接.txt	高坡	gcps	gcps	未知飞键、非音码或读音集合未覆盖；不猜测
鲸凉鹤1.1手心挂接.txt	高平	gcpx	gcpx	未知飞键、非音码或读音集合未覆盖；不猜测
鲸凉鹤1.1手心挂接.txt	搞起	gcqe	gcqe	未知飞键、非音码或读音集合未覆盖；不猜测
鲸凉鹤1.1手心挂接.txt	告退	gctl	gctl	未知飞键、非音码或读音集合未覆盖；不猜测
鲸凉鹤1.1手心挂接.txt	高山	gcus	gcus	未知飞键、非音码或读音集合未覆盖；不猜测
鲸凉鹤1.1手心挂接.txt	高正	gcvk	gcvk	未知飞键、非音码或读音集合未覆盖；不猜测
鲸凉鹤1.1手心挂接.txt	高燕	gcyf	gcyf	未知飞键、非音码或读音集合未覆盖；不猜测
鲸凉鹤1.1手心挂接.txt	高于	gcyg	gcyg	未知飞键、非音码或读音集合未覆盖；不猜测
鲸凉鹤1.1手心挂接.txt	膏腴	gcyg	gcyg	未知飞键、非音码或读音集合未覆盖；不猜测
鲸凉鹤1.1手心挂接.txt	高宗	gczl	gczl	未知飞键、非音码或读音集合未覆盖；不猜测
鲸凉鹤1.1手心挂接.txt	高总	gczl	gczl	未知飞键、非音码或读音集合未覆盖；不猜测
鲸凉鹤1.1手心挂接.txt	该从	gdcl	gdcl	未知飞键、非音码或读音集合未覆盖；不猜测
鲸凉鹤1.1手心挂接.txt	改道	gddl	gddl	未知飞键、非音码或读音集合未覆盖；不猜测
鲸凉鹤1.1手心挂接.txt	改到	gddl	gddl	未知飞键、非音码或读音集合未覆盖；不猜测
鲸凉鹤1.1手心挂接.txt	改刀	gddl	gddl	未知飞键、非音码或读音集合未覆盖；不猜测
鲸凉鹤1.1手心挂接.txt	该打	gddw	gddw	未知飞键、非音码或读音集合未覆盖；不猜测
鲸凉鹤1.1手心挂接.txt	改观	gdgp	gdgp	未知飞键、非音码或读音集合未覆盖；不猜测
鲸凉鹤1.1手心挂接.txt	改道	gdjf	gdjf	未知飞键、非音码或读音集合未覆盖；不猜测
鲸凉鹤1.1手心挂接.txt	改建	gdjz	gdjz	未知飞键、非音码或读音集合未覆盖；不猜测
鲸凉鹤1.1手心挂接.txt	改键	gdjz	gdjz	未知飞键、非音码或读音集合未覆盖；不猜测
鲸凉鹤1.1手心挂接.txt	盖起	gdqe	gdqe	未知飞键、非音码或读音集合未覆盖；不猜测
鲸凉鹤1.1手心挂接.txt	该退	gdtl	gdtl	未知飞键、非音码或读音集合未覆盖；不猜测
鲸凉鹤1.1手心挂接.txt	改善	gdus	gdus	未知飞键、非音码或读音集合未覆盖；不猜测
鲸凉鹤1.1手心挂接.txt	改正	gdvk	gdvk	未知飞键、非音码或读音集合未覆盖；不猜测
鲸凉鹤1.1手心挂接.txt	改之	gdvp	gdvp	未知飞键、非音码或读音集合未覆盖；不猜测
鲸凉鹤1.1手心挂接.txt	改修	gdxo	gdxo	未知飞键、非音码或读音集合未覆盖；不猜测
鲸凉鹤1.1手心挂接.txt	茖葱	gecl	gecl	未知飞键、非音码或读音集合未覆盖；不猜测
鲸凉鹤1.1手心挂接.txt	茖葱	gecs	gecs	未知飞键、非音码或读音集合未覆盖；不猜测
鲸凉鹤1.1手心挂接.txt	搁到	gedl	gedl	未知飞键、非音码或读音集合未覆盖；不猜测
鲸凉鹤1.1手心挂接.txt	割刀	gedl	gedl	未知飞键、非音码或读音集合未覆盖；不猜测
鲸凉鹤1.1手心挂接.txt	各管	gegp	gegp	未知飞键、非音码或读音集合未覆盖；不猜测
鲸凉鹤1.1手心挂接.txt	隔间	gejz	gejz	未知飞键、非音码或读音集合未覆盖；不猜测
鲸凉鹤1.1手心挂接.txt	割裂	gelf	gelf	未知飞键、非音码或读音集合未覆盖；不猜测
鲸凉鹤1.1手心挂接.txt	格木	gemx	gemx	未知飞键、非音码或读音集合未覆盖；不猜测
鲸凉鹤1.1手心挂接.txt	个屁	gepe	gepe	未知飞键、非音码或读音集合未覆盖；不猜测
鲸凉鹤1.1手心挂接.txt	嗝屁	gepe	gepe	未知飞键、非音码或读音集合未覆盖；不猜测
鲸凉鹤1.1手心挂接.txt	革皮	gepe	gepe	未知飞键、非音码或读音集合未覆盖；不猜测
鲸凉鹤1.1手心挂接.txt	割破	geps	geps	未知飞键、非音码或读音集合未覆盖；不猜测
鲸凉鹤1.1手心挂接.txt	各退	getl	getl	未知飞键、非音码或读音集合未覆盖；不猜测
鲸凉鹤1.1手心挂接.txt	格栅	geus	geus	未知飞键、非音码或读音集合未覆盖；不猜测
鲸凉鹤1.1手心挂接.txt	隔扇	geus	geus	未知飞键、非音码或读音集合未覆盖；不猜测
鲸凉鹤1.1手心挂接.txt	隔山	geus	geus	未知飞键、非音码或读音集合未覆盖；不猜测
鲸凉鹤1.1手心挂接.txt	葛铮	gevk	gevk	未知飞键、非音码或读音集合未覆盖；不猜测
鲸凉鹤1.1手心挂接.txt	格言	geyf	geyf	未知飞键、非音码或读音集合未覆盖；不猜测
鲸凉鹤1.1手心挂接.txt	膈腧	geyg	geyg	未知飞键、非音码或读音集合未覆盖；不猜测
鲸凉鹤1.1手心挂接.txt	膈腧	geyu	geyu	未知飞键、非音码或读音集合未覆盖；不猜测
鲸凉鹤1.1手心挂接.txt	跟从	gfcl	gfcl	未知飞键、非音码或读音集合未覆盖；不猜测
鲸凉鹤1.1手心挂接.txt	跟到	gfdl	gfdl	未知飞键、非音码或读音集合未覆盖；不猜测
鲸凉鹤1.1手心挂接.txt	跟打	gfdw	gfdw	未知飞键、非音码或读音集合未覆盖；不猜测
鲸凉鹤1.1手心挂接.txt	根管	gfgp	gfgp	未知飞键、非音码或读音集合未覆盖；不猜测
鲸凉鹤1.1手心挂接.txt	跟腱	gfjz	gfjz	未知飞键、非音码或读音集合未覆盖；不猜测
鲸凉鹤1.1手心挂接.txt	根皮	gfpe	gfpe	未知飞键、非音码或读音集合未覆盖；不猜测
鲸凉鹤1.1手心挂接.txt	艮山	gfus	gfus	未知飞键、非音码或读音集合未覆盖；不猜测
鲸凉鹤1.1手心挂接.txt	根烟	gfyf	gfyf	未知飞键、非音码或读音集合未覆盖；不猜测
鲸凉鹤1.1手心挂接.txt	跟踪	gfzl	gfzl	未知飞键、非音码或读音集合未覆盖；不猜测
鲸凉鹤1.1手心挂接.txt	耿飚	ggbn	ggbn	未知飞键、非音码或读音集合未覆盖；不猜测
鲸凉鹤1.1手心挂接.txt	粳稻	ggdc	ggdc	未知飞键、非音码或读音集合未覆盖；不猜测
鲸凉鹤1.1手心挂接.txt	粳稻	ggdl	ggdl	未知飞键、非音码或读音集合未覆盖；不猜测
鲸凉鹤1.1手心挂接.txt	更到	ggdl	ggdl	未知飞键、非音码或读音集合未覆盖；不猜测
鲸凉鹤1.1手心挂接.txt	更贵	gggi	gggi	未知飞键、非音码或读音集合未覆盖；不猜测
鲸凉鹤1.1手心挂接.txt	更贱	ggjz	ggjz	未知飞键、非音码或读音集合未覆盖；不猜测
鲸凉鹤1.1手心挂接.txt	更慢	ggmr	ggmr	未知飞键、非音码或读音集合未覆盖；不猜测
鲸凉鹤1.1手心挂接.txt	更木	ggmx	ggmx	未知飞键、非音码或读音集合未覆盖；不猜测
鲸凉鹤1.1手心挂接.txt	更难	ggnz	ggnz	未知飞键、非音码或读音集合未覆盖；不猜测
鲸凉鹤1.1手心挂接.txt	更破	ggps	ggps	未知飞键、非音码或读音集合未覆盖；不猜测
鲸凉鹤1.1手心挂接.txt	更正	ggvk	ggvk	未知飞键、非音码或读音集合未覆盖；不猜测
鲸凉鹤1.1手心挂接.txt	更严	ggyf	ggyf	未知飞键、非音码或读音集合未覆盖；不猜测
鲸凉鹤1.1手心挂接.txt	刚从	ghcl	ghcl	未知飞键、非音码或读音集合未覆盖；不猜测
鲸凉鹤1.1手心挂接.txt	刚到	ghdl	ghdl	未知飞键、非音码或读音集合未覆盖；不猜测
鲸凉鹤1.1手心挂接.txt	钢刀	ghdl	ghdl	未知飞键、非音码或读音集合未覆盖；不猜测
鲸凉鹤1.1手心挂接.txt	钢屌	ghdn	ghdn	未知飞键、非音码或读音集合未覆盖；不猜测
鲸凉鹤1.1手心挂接.txt	刚打	ghdw	ghdw	未知飞键、非音码或读音集合未覆盖；不猜测
鲸凉鹤1.1手心挂接.txt	豇豆	ghdz	ghdz	未知飞键、非音码或读音集合未覆盖；不猜测
鲸凉鹤1.1手心挂接.txt	钢轨	ghgi	ghgi	未知飞键、非音码或读音集合未覆盖；不猜测
鲸凉鹤1.1手心挂接.txt	钢管	ghgp	ghgp	未知飞键、非音码或读音集合未覆盖；不猜测
鲸凉鹤1.1手心挂接.txt	港囧	ghjs	ghjs	未知飞键、非音码或读音集合未覆盖；不猜测
鲸凉鹤1.1手心挂接.txt	刚健	ghjz	ghjz	未知飞键、非音码或读音集合未覆盖；不猜测
鲸凉鹤1.1手心挂接.txt	刚烈	ghlf	ghlf	未知飞键、非音码或读音集合未覆盖；不猜测
鲸凉鹤1.1手心挂接.txt	刚满	ghmr	ghmr	未知飞键、非音码或读音集合未覆盖；不猜测
鲸凉鹤1.1手心挂接.txt	港漫	ghmr	ghmr	未知飞键、非音码或读音集合未覆盖；不猜测
鲸凉鹤1.1手心挂接.txt	纲目	ghmx	ghmx	未知飞键、非音码或读音集合未覆盖；不猜测
鲸凉鹤1.1手心挂接.txt	港南	ghnz	ghnz	未知飞键、非音码或读音集合未覆盖；不猜测
鲸凉鹤1.1手心挂接.txt	钢坯	ghpe	ghpe	未知飞键、非音码或读音集合未覆盖；不猜测
鲸凉鹤1.1手心挂接.txt	岗坡	ghps	ghps	未知飞键、非音码或读音集合未覆盖；不猜测
鲸凉鹤1.1手心挂接.txt	钢瓶	ghpx	ghpx	未知飞键、非音码或读音集合未覆盖；不猜测
鲸凉鹤1.1手心挂接.txt	刚起	ghqe	ghqe	未知飞键、非音码或读音集合未覆盖；不猜测
鲸凉鹤1.1手心挂接.txt	钢桶	ghtz	ghtz	未知飞键、非音码或读音集合未覆盖；不猜测
鲸凉鹤1.1手心挂接.txt	冈山	ghus	ghus	未知飞键、非音码或读音集合未覆盖；不猜测
鲸凉鹤1.1手心挂接.txt	刚正	ghvk	ghvk	未知飞键、非音码或读音集合未覆盖；不猜测
鲸凉鹤1.1手心挂接.txt	钢研	ghyf	ghyf	未知飞键、非音码或读音集合未覆盖；不猜测
鲸凉鹤1.1手心挂接.txt	刚玉	ghyg	ghyg	未知飞键、非音码或读音集合未覆盖；不猜测
鲸凉鹤1.1手心挂接.txt	贵啊	giaa	giaa	未知飞键、非音码或读音集合未覆盖；不猜测
鲸凉鹤1.1手心挂接.txt	诡爱	giai	giai	未知飞键、非音码或读音集合未覆盖；不猜测
鲸凉鹤1.1手心挂接.txt	归案	gian	gian	未知飞键、非音码或读音集合未覆盖；不猜测
鲸凉鹤1.1手心挂接.txt	跪安	gian	gian	未知飞键、非音码或读音集合未覆盖；不猜测
鲸凉鹤1.1手心挂接.txt	贵宾	gibb	gibb	未知飞键、非音码或读音集合未覆盖；不猜测
鲸凉鹤1.1手心挂接.txt	瑰宝	gibc	gibc	未知飞键、非音码或读音集合未覆盖；不猜测
鲸凉鹤1.1手心挂接.txt	跪拜	gibd	gibd	未知飞键、非音码或读音集合未覆盖；不猜测
鲸凉鹤1.1手心挂接.txt	规避	gibi	gibi	未知飞键、非音码或读音集合未覆盖；不猜测
鲸凉鹤1.1手心挂接.txt	归并	gibk	gibk	未知飞键、非音码或读音集合未覆盖；不猜测
鲸凉鹤1.1手心挂接.txt	诡辩	gibm	gibm	未知飞键、非音码或读音集合未覆盖；不猜测
鲸凉鹤1.1手心挂接.txt	圭表	gibn	gibn	未知飞键、非音码或读音集合未覆盖；不猜测
鲸凉鹤1.1手心挂接.txt	龟背	gibw	gibw	未知飞键、非音码或读音集合未覆盖；不猜测
鲸凉鹤1.1手心挂接.txt	鬼才	gicd	gicd	未知飞键、非音码或读音集合未覆盖；不猜测
鲸凉鹤1.1手心挂接.txt	桂策	gice	gice	未知飞键、非音码或读音集合未覆盖；不猜测
鲸凉鹤1.1手心挂接.txt	鬼仓	gich	gich	未知飞键、非音码或读音集合未覆盖；不猜测
鲸凉鹤1.1手心挂接.txt	诡刺	gici	gici	未知飞键、非音码或读音集合未覆盖；不猜测
鲸凉鹤1.1手心挂接.txt	鬼村	gicy	gicy	未知飞键、非音码或读音集合未覆盖；不猜测
鲸凉鹤1.1手心挂接.txt	贵大	gida	gida	未知飞键、非音码或读音集合未覆盖；不猜测
鲸凉鹤1.1手心挂接.txt	轨道	gidc	gidc	未知飞键、非音码或读音集合未覆盖；不猜测
鲸凉鹤1.1手心挂接.txt	跪倒	gidc	gidc	未知飞键、非音码或读音集合未覆盖；不猜测
鲸凉鹤1.1手心挂接.txt	归到	gidc	gidc	未知飞键、非音码或读音集合未覆盖；不猜测
鲸凉鹤1.1手心挂接.txt	跪到	gidc	gidc	未知飞键、非音码或读音集合未覆盖；不猜测
鲸凉鹤1.1手心挂接.txt	贵的	gide	gide	未知飞键、非音码或读音集合未覆盖；不猜测
鲸凉鹤1.1手心挂接.txt	鬼灯	gidg	gidg	未知飞键、非音码或读音集合未覆盖；不猜测
鲸凉鹤1.1手心挂接.txt	归档	gidh	gidh	未知飞键、非音码或读音集合未覆盖；不猜测
鲸凉鹤1.1手心挂接.txt	跪地	gidi	gidi	未知飞键、非音码或读音集合未覆盖；不猜测
鲸凉鹤1.1手心挂接.txt	规定	gidk	gidk	未知飞键、非音码或读音集合未覆盖；不猜测
鲸凉鹤1.1手心挂接.txt	龟腚	gidk	gidk	未知飞键、非音码或读音集合未覆盖；不猜测
鲸凉鹤1.1手心挂接.txt	轨道	gidl	gidl	未知飞键、非音码或读音集合未覆盖；不猜测
鲸凉鹤1.1手心挂接.txt	跪倒	gidl	gidl	未知飞键、非音码或读音集合未覆盖；不猜测
鲸凉鹤1.1手心挂接.txt	归到	gidl	gidl	未知飞键、非音码或读音集合未覆盖；不猜测
鲸凉鹤1.1手心挂接.txt	跪到	gidl	gidl	未知飞键、非音码或读音集合未覆盖；不猜测
鲸凉鹤1.1手心挂接.txt	桂东	gids	gids	未知飞键、非音码或读音集合未覆盖；不猜测
鲸凉鹤1.1手心挂接.txt	归队	gidv	gidv	未知飞键、非音码或读音集合未覆盖；不猜测
鲸凉鹤1.1手心挂接.txt	归一	giei	giyi	未知飞键、非音码或读音集合未覆盖；不猜测
鲸凉鹤1.1手心挂接.txt	龟儿	gier	gier	未知飞键、非音码或读音集合未覆盖；不猜测
鲸凉鹤1.1手心挂接.txt	桂芬	giff	giff	未知飞键、非音码或读音集合未覆盖；不猜测
鲸凉鹤1.1手心挂接.txt	圭峰	gifg	gifg	未知飞键、非音码或读音集合未覆盖；不猜测
鲸凉鹤1.1手心挂接.txt	闺房	gifh	gifh	未知飞键、非音码或读音集合未覆盖；不猜测
鲸凉鹤1.1手心挂接.txt	贵方	gifh	gifh	未知飞键、非音码或读音集合未覆盖；不猜测
鲸凉鹤1.1手心挂接.txt	规范	gifj	gifj	未知飞键、非音码或读音集合未覆盖；不猜测
鲸凉鹤1.1手心挂接.txt	贵妇	gifu	gifu	未知飞键、非音码或读音集合未覆盖；不猜测
鲸凉鹤1.1手心挂接.txt	归附	gifu	gifu	未知飞键、非音码或读音集合未覆盖；不猜测
鲸凉鹤1.1手心挂接.txt	鬼服	gifu	gifu	未知飞键、非音码或读音集合未覆盖；不猜测
鲸凉鹤1.1手心挂接.txt	贵妃	gifw	gifw	未知飞键、非音码或读音集合未覆盖；不猜测
鲸凉鹤1.1手心挂接.txt	贵高	gigc	gigc	未知飞键、非音码或读音集合未覆盖；不猜测
鲸凉鹤1.1手心挂接.txt	硅钙	gigd	gigd	未知飞键、非音码或读音集合未覆盖；不猜测
鲸凉鹤1.1手心挂接.txt	规格	gige	gige	未知飞键、非音码或读音集合未覆盖；不猜测
鲸凉鹤1.1手心挂接.txt	归根	gigf	gigf	未知飞键、非音码或读音集合未覆盖；不猜测
鲸凉鹤1.1手心挂接.txt	贵庚	gigg	gigg	未知飞键、非音码或读音集合未覆盖；不猜测
鲸凉鹤1.1手心挂接.txt	贵港	gigh	gigh	未知飞键、非音码或读音集合未覆盖；不猜测
鲸凉鹤1.1手心挂接.txt	鬼鬼	gigi	gigi	未知飞键、非音码或读音集合未覆盖；不猜测
鲸凉鹤1.1手心挂接.txt	龟龟	gigi	gigi	未知飞键、非音码或读音集合未覆盖；不猜测
鲸凉鹤1.1手心挂接.txt	贵干	gigj	gigj	未知飞键、非音码或读音集合未覆盖；不猜测
鲸凉鹤1.1手心挂接.txt	鬼怪	gigk	gigk	未知飞键、非音码或读音集合未覆盖；不猜测
鲸凉鹤1.1手心挂接.txt	归国	gigo	gigo	未知飞键、非音码或读音集合未覆盖；不猜测
鲸凉鹤1.1手心挂接.txt	贵国	gigo	gigo	未知飞键、非音码或读音集合未覆盖；不猜测
鲸凉鹤1.1手心挂接.txt	桂冠	gigp	gigp	未知飞键、非音码或读音集合未覆盖；不猜测
鲸凉鹤1.1手心挂接.txt	桂冠	gigr	gigr	未知飞键、非音码或读音集合未覆盖；不猜测
鲸凉鹤1.1手心挂接.txt	归功	gigs	gigs	未知飞键、非音码或读音集合未覆盖；不猜测
鲸凉鹤1.1手心挂接.txt	龟公	gigs	gigs	未知飞键、非音码或读音集合未覆盖；不猜测
鲸凉鹤1.1手心挂接.txt	硅谷	gigu	gigu	未知飞键、非音码或读音集合未覆盖；不猜测
鲸凉鹤1.1手心挂接.txt	鬼谷	gigu	gigu	未知飞键、非音码或读音集合未覆盖；不猜测
鲸凉鹤1.1手心挂接.txt	癸亥	gihd	gihd	未知飞键、非音码或读音集合未覆盖；不猜测
鲸凉鹤1.1手心挂接.txt	贵和	gihe	gihe	未知飞键、非音码或读音集合未覆盖；不猜测
鲸凉鹤1.1手心挂接.txt	归航	gihh	gihh	未知飞键、非音码或读音集合未覆盖；不猜测
鲸凉鹤1.1手心挂接.txt	桂怀	gihk	gihk	未知飞键、非音码或读音集合未覆盖；不猜测
鲸凉鹤1.1手心挂接.txt	鬼皇	gihl	gihl	未知飞键、非音码或读音集合未覆盖；不猜测
鲸凉鹤1.1手心挂接.txt	鬼火	giho	giho	未知飞键、非音码或读音集合未覆盖；不猜测
鲸凉鹤1.1手心挂接.txt	归还	gihr	gihr	未知飞键、非音码或读音集合未覆盖；不猜测
鲸凉鹤1.1手心挂接.txt	归鸿	gihs	gihs	未知飞键、非音码或读音集合未覆盖；不猜测
鲸凉鹤1.1手心挂接.txt	鬼狐	gihu	gihu	未知飞键、非音码或读音集合未覆盖；不猜测
鲸凉鹤1.1手心挂接.txt	归回	gihv	gihv	未知飞键、非音码或读音集合未覆盖；不猜测
鲸凉鹤1.1手心挂接.txt	鬼黑	gihw	gihw	未知飞键、非音码或读音集合未覆盖；不猜测
鲸凉鹤1.1手心挂接.txt	规划	gihx	gihx	未知飞键、非音码或读音集合未覆盖；不猜测
鲸凉鹤1.1手心挂接.txt	桂花	gihx	gihx	未知飞键、非音码或读音集合未覆盖；不猜测
鲸凉鹤1.1手心挂接.txt	鬼话	gihx	gihx	未知飞键、非音码或读音集合未覆盖；不猜测
鲸凉鹤1.1手心挂接.txt	姽婳	gihx	gihx	未知飞键、非音码或读音集合未覆盖；不猜测
鲸凉鹤1.1手心挂接.txt	鬼魂	gihy	gihy	未知飞键、非音码或读音集合未覆盖；不猜测
鲸凉鹤1.1手心挂接.txt	鬼混	gihy	gihy	未知飞键、非音码或读音集合未覆盖；不猜测
鲸凉鹤1.1手心挂接.txt	归巢	giic	giic	未知飞键、非音码或读音集合未覆盖；不猜测
鲸凉鹤1.1手心挂接.txt	鬼扯	giie	giie	未知飞键、非音码或读音集合未覆盖；不猜测
鲸凉鹤1.1手心挂接.txt	归尘	giif	giif	未知飞键、非音码或读音集合未覆盖；不猜测
鲸凉鹤1.1手心挂接.txt	鬼城	giig	giig	未知飞键、非音码或读音集合未覆盖；不猜测
鲸凉鹤1.1手心挂接.txt	归程	giig	giig	未知飞键、非音码或读音集合未覆盖；不猜测
鲸凉鹤1.1手心挂接.txt	规程	giig	giig	未知飞键、非音码或读音集合未覆盖；不猜测
鲸凉鹤1.1手心挂接.txt	贵池	giii	giii	未知飞键、非音码或读音集合未覆盖；不猜测
鲸凉鹤1.1手心挂接.txt	鬼船	giir	giir	未知飞键、非音码或读音集合未覆盖；不猜测
鲸凉鹤1.1手心挂接.txt	鬼畜	giiu	giiu	未知飞键、非音码或读音集合未覆盖；不猜测
鲸凉鹤1.1手心挂接.txt	归处	giiu	giiu	未知飞键、非音码或读音集合未覆盖；不猜测
鲸凉鹤1.1手心挂接.txt	鬼吹	giiv	giiv	未知飞键、非音码或读音集合未覆盖；不猜测
鲸凉鹤1.1手心挂接.txt	桂春	giiy	giiy	未知飞键、非音码或读音集合未覆盖；不猜测
鲸凉鹤1.1手心挂接.txt	癸丑	giiz	giiz	未知飞键、非音码或读音集合未覆盖；不猜测
鲸凉鹤1.1手心挂接.txt	轨道	gijf	gijf	未知飞键、非音码或读音集合未覆盖；不猜测
鲸凉鹤1.1手心挂接.txt	鬼道	gijf	gijf	未知飞键、非音码或读音集合未覆盖；不猜测
鲸凉鹤1.1手心挂接.txt	轨迹	giji	giji	未知飞键、非音码或读音集合未覆盖；不猜测
鲸凉鹤1.1手心挂接.txt	诡计	giji	giji	未知飞键、非音码或读音集合未覆盖；不猜测
鲸凉鹤1.1手心挂接.txt	柜机	giji	giji	未知飞键、非音码或读音集合未覆盖；不猜测
鲸凉鹤1.1手心挂接.txt	鬼精	gijk	gijk	未知飞键、非音码或读音集合未覆盖；不猜测
鲸凉鹤1.1手心挂接.txt	鬼将	gijl	gijl	未知飞键、非音码或读音集合未覆盖；不猜测
鲸凉鹤1.1手心挂接.txt	贵贱	gijm	gijm	未知飞键、非音码或读音集合未覆盖；不猜测
鲸凉鹤1.1手心挂接.txt	硅胶	gijn	gijn	未知飞键、非音码或读音集合未覆盖；不猜测
鲸凉鹤1.1手心挂接.txt	鬼叫	gijn	gijn	未知飞键、非音码或读音集合未覆盖；不猜测
鲸凉鹤1.1手心挂接.txt	鬼鲛	gijn	gijn	未知飞键、非音码或读音集合未覆盖；不猜测
鲸凉鹤1.1手心挂接.txt	归结	gijp	gijp	未知飞键、非音码或读音集合未覆盖；不猜测
鲸凉鹤1.1手心挂接.txt	鬼界	gijp	gijp	未知飞键、非音码或读音集合未覆盖；不猜测
鲸凉鹤1.1手心挂接.txt	鬼节	gijp	gijp	未知飞键、非音码或读音集合未覆盖；不猜测
鲸凉鹤1.1手心挂接.txt	归咎	gijq	gijq	未知飞键、非音码或读音集合未覆盖；不猜测
鲸凉鹤1.1手心挂接.txt	桂娟	gijr	gijr	未知飞键、非音码或读音集合未覆盖；不猜测
鲸凉鹤1.1手心挂接.txt	诡谲	gijt	gijt	未知飞键、非音码或读音集合未覆盖；不猜测
鲸凉鹤1.1手心挂接.txt	规矩	giju	giju	未知飞键、非音码或读音集合未覆盖；不猜测
鲸凉鹤1.1手心挂接.txt	归家	gijx	gijx	未知飞键、非音码或读音集合未覆盖；不猜测
鲸凉鹤1.1手心挂接.txt	龟甲	gijx	gijx	未知飞键、非音码或读音集合未覆盖；不猜测
鲸凉鹤1.1手心挂接.txt	桂军	gijy	gijy	未知飞键、非音码或读音集合未覆盖；不猜测
鲸凉鹤1.1手心挂接.txt	贵贱	gijz	gijz	未知飞键、非音码或读音集合未覆盖；不猜测
鲸凉鹤1.1手心挂接.txt	鬼铠	gikd	gikd	未知飞键、非音码或读音集合未覆盖；不猜测
鲸凉鹤1.1手心挂接.txt	贵客	gike	gike	未知飞键、非音码或读音集合未覆盖；不猜测
鲸凉鹤1.1手心挂接.txt	龟壳	gike	gike	未知飞键、非音码或读音集合未覆盖；不猜测
鲸凉鹤1.1手心挂接.txt	硅块	gikk	gikk	未知飞键、非音码或读音集合未覆盖；不猜测
鲸凉鹤1.1手心挂接.txt	鬼哭	giku	giku	未知飞键、非音码或读音集合未覆盖；不猜测
鲸凉鹤1.1手心挂接.txt	闺阃	giky	giky	未知飞键、非音码或读音集合未覆盖；不猜测
鲸凉鹤1.1手心挂接.txt	归口	gikz	gikz	未知飞键、非音码或读音集合未覆盖；不猜测
鲸凉鹤1.1手心挂接.txt	贵啦	gila	gila	未知飞键、非音码或读音集合未覆盖；不猜测
鲸凉鹤1.1手心挂接.txt	桂林	gilb	gilb	未知飞键、非音码或读音集合未覆盖；不猜测
鲸凉鹤1.1手心挂接.txt	鬼佬	gilc	gilc	未知飞键、非音码或读音集合未覆盖；不猜测
鲸凉鹤1.1手心挂接.txt	归来	gild	gild	未知飞键、非音码或读音集合未覆盖；不猜测
鲸凉鹤1.1手心挂接.txt	跪了	gile	gile	未知飞键、非音码或读音集合未覆盖；不猜测
鲸凉鹤1.1手心挂接.txt	贵了	gile	gile	未知飞键、非音码或读音集合未覆盖；不猜测
鲸凉鹤1.1手心挂接.txt	归了	gile	gile	未知飞键、非音码或读音集合未覆盖；不猜测
鲸凉鹤1.1手心挂接.txt	龟裂	gilf	gilf	未知飞键、非音码或读音集合未覆盖；不猜测
鲸凉鹤1.1手心挂接.txt	鬼狼	gilh	gilh	未知飞键、非音码或读音集合未覆盖；不猜测
鲸凉鹤1.1手心挂接.txt	瑰丽	gili	gili	未知飞键、非音码或读音集合未覆盖；不猜测
鲸凉鹤1.1手心挂接.txt	鬼厉	gili	gili	未知飞键、非音码或读音集合未覆盖；不猜测
鲸凉鹤1.1手心挂接.txt	桂兰	gilj	gilj	未知飞键、非音码或读音集合未覆盖；不猜测
鲸凉鹤1.1手心挂接.txt	归零	gilk	gilk	未知飞键、非音码或读音集合未覆盖；不猜测
鲸凉鹤1.1手心挂接.txt	龟苓	gilk	gilk	未知飞键、非音码或读音集合未覆盖；不猜测
鲸凉鹤1.1手心挂接.txt	鬼脸	gilm	gilm	未知飞键、非音码或读音集合未覆盖；不猜测
鲸凉鹤1.1手心挂接.txt	硅料	giln	giln	未知飞键、非音码或读音集合未覆盖；不猜测
鲸凉鹤1.1手心挂接.txt	龟裂	gilp	gilp	未知飞键、非音码或读音集合未覆盖；不猜测
鲸凉鹤1.1手心挂接.txt	归拢	gils	gils	未知飞键、非音码或读音集合未覆盖；不猜测
鲸凉鹤1.1手心挂接.txt	归路	gilu	gilu	未知飞键、非音码或读音集合未覆盖；不猜测
鲸凉鹤1.1手心挂接.txt	规律	gilv	gilv	未知飞键、非音码或读音集合未覆盖；不猜测
鲸凉鹤1.1手心挂接.txt	归类	gilw	gilw	未知飞键、非音码或读音集合未覆盖；不猜测
鲸凉鹤1.1手心挂接.txt	诡雷	gilw	gilw	未知飞键、非音码或读音集合未覆盖；不猜测
鲸凉鹤1.1手心挂接.txt	鬼纶	gily	gily	未知飞键、非音码或读音集合未覆盖；不猜测
鲸凉鹤1.1手心挂接.txt	鬼楼	gilz	gilz	未知飞键、非音码或读音集合未覆盖；不猜测
鲸凉鹤1.1手心挂接.txt	贵吗	gima	gima	未知飞键、非音码或读音集合未覆盖；不猜测
鲸凉鹤1.1手心挂接.txt	鬼马	gima	gima	未知飞键、非音码或读音集合未覆盖；不猜测
鲸凉鹤1.1手心挂接.txt	桂敏	gimb	gimb	未知飞键、非音码或读音集合未覆盖；不猜测
鲸凉鹤1.1手心挂接.txt	龟毛	gimc	gimc	未知飞键、非音码或读音集合未覆盖；不猜测
鲸凉鹤1.1手心挂接.txt	贵么	gime	gime	未知飞键、非音码或读音集合未覆盖；不猜测
鲸凉鹤1.1手心挂接.txt	柜门	gimf	gimf	未知飞键、非音码或读音集合未覆盖；不猜测
鲸凉鹤1.1手心挂接.txt	硅锰	gimg	gimg	未知飞键、非音码或读音集合未覆盖；不猜测
鲸凉鹤1.1手心挂接.txt	闺蜜	gimi	gimi	未知飞键、非音码或读音集合未覆盖；不猜测
鲸凉鹤1.1手心挂接.txt	诡秘	gimi	gimi	未知飞键、非音码或读音集合未覆盖；不猜测
鲸凉鹤1.1手心挂接.txt	贵明	gimk	gimk	未知飞键、非音码或读音集合未覆盖；不猜测
鲸凉鹤1.1手心挂接.txt	柜面	gimm	gimm	未知飞键、非音码或读音集合未覆盖；不猜测
鲸凉鹤1.1手心挂接.txt	桂庙	gimn	gimn	未知飞键、非音码或读音集合未覆盖；不猜测
鲸凉鹤1.1手心挂接.txt	规模	gimo	gimo	未知飞键、非音码或读音集合未覆盖；不猜测
鲸凉鹤1.1手心挂接.txt	鬼灭	gimp	gimp	未知飞键、非音码或读音集合未覆盖；不猜测
鲸凉鹤1.1手心挂接.txt	归谬	gimq	gimq	未知飞键、非音码或读音集合未覆盖；不猜测
鲸凉鹤1.1手心挂接.txt	鬼母	gimu	gimu	未知飞键、非音码或读音集合未覆盖；不猜测
鲸凉鹤1.1手心挂接.txt	鬼魅	gimw	gimw	未知飞键、非音码或读音集合未覆盖；不猜测
鲸凉鹤1.1手心挂接.txt	鬼母	gimx	gimx	未知飞键、非音码或读音集合未覆盖；不猜测
鲸凉鹤1.1手心挂接.txt	归纳	gina	gina	未知飞键、非音码或读音集合未覆盖；不猜测
鲸凉鹤1.1手心挂接.txt	鬼呢	gine	gine	未知飞键、非音码或读音集合未覆盖；不猜测
鲸凉鹤1.1手心挂接.txt	归你	gini	gini	未知飞键、非音码或读音集合未覆盖；不猜测
鲸凉鹤1.1手心挂接.txt	贵南	ginj	ginj	未知飞键、非音码或读音集合未覆盖；不猜测
鲸凉鹤1.1手心挂接.txt	归鸟	ginn	ginn	未知飞键、非音码或读音集合未覆盖；不猜测
鲸凉鹤1.1手心挂接.txt	圭臬	ginp	ginp	未知飞键、非音码或读音集合未覆盖；不猜测
鲸凉鹤1.1手心挂接.txt	鬼怒	ginu	ginu	未知飞键、非音码或读音集合未覆盖；不猜测
鲸凉鹤1.1手心挂接.txt	闺女	ginv	ginv	未知飞键、非音码或读音集合未覆盖；不猜测
鲸凉鹤1.1手心挂接.txt	贵南	ginz	ginz	未知飞键、非音码或读音集合未覆盖；不猜测
鲸凉鹤1.1手心挂接.txt	贵哦	gioo	gioo	未知飞键、非音码或读音集合未覆盖；不猜测
鲸凉鹤1.1手心挂接.txt	贵嫔	gipb	gipb	未知飞键、非音码或读音集合未覆盖；不猜测
鲸凉鹤1.1手心挂接.txt	龟牌	gipd	gipd	未知飞键、非音码或读音集合未覆盖；不猜测
鲸凉鹤1.1手心挂接.txt	桂皮	gipe	gipe	未知飞键、非音码或读音集合未覆盖；不猜测
鲸凉鹤1.1手心挂接.txt	柜盆	gipf	gipf	未知飞键、非音码或读音集合未覆盖；不猜测
鲸凉鹤1.1手心挂接.txt	桂鹏	gipg	gipg	未知飞键、非音码或读音集合未覆盖；不猜测
鲸凉鹤1.1手心挂接.txt	桂皮	gipi	gipi	未知飞键、非音码或读音集合未覆盖；不猜测
鲸凉鹤1.1手心挂接.txt	桂平	gipk	gipk	未知飞键、非音码或读音集合未覆盖；不猜测
鲸凉鹤1.1手心挂接.txt	鬼片	gipm	gipm	未知飞键、非音码或读音集合未覆盖；不猜测
鲸凉鹤1.1手心挂接.txt	鬼婆	gipo	gipo	未知飞键、非音码或读音集合未覆盖；不猜测
鲸凉鹤1.1手心挂接.txt	鬼婆	gips	gips	未知飞键、非音码或读音集合未覆盖；不猜测
鲸凉鹤1.1手心挂接.txt	规培	gipw	gipw	未知飞键、非音码或读音集合未覆盖；不猜测
鲸凉鹤1.1手心挂接.txt	桂平	gipx	gipx	未知飞键、非音码或读音集合未覆盖；不猜测
鲸凉鹤1.1手心挂接.txt	桂琴	giqb	giqb	未知飞键、非音码或读音集合未覆盖；不猜测
鲸凉鹤1.1手心挂接.txt	归期	giqi	giqi	未知飞键、非音码或读音集合未覆盖；不猜测
鲸凉鹤1.1手心挂接.txt	贵气	giqi	giqi	未知飞键、非音码或读音集合未覆盖；不猜测
鲸凉鹤1.1手心挂接.txt	瑰奇	giqi	giqi	未知飞键、非音码或读音集合未覆盖；不猜测
鲸凉鹤1.1手心挂接.txt	鬼泣	giqi	giqi	未知飞键、非音码或读音集合未覆盖；不猜测
鲸凉鹤1.1手心挂接.txt	鬼青	giqk	giqk	未知飞键、非音码或读音集合未覆盖；不猜测
鲸凉鹤1.1手心挂接.txt	归侨	giqn	giqn	未知飞键、非音码或读音集合未覆盖；不猜测
鲸凉鹤1.1手心挂接.txt	鬼切	giqp	giqp	未知飞键、非音码或读音集合未覆盖；不猜测
鲸凉鹤1.1手心挂接.txt	跪求	giqq	giqq	未知飞键、非音码或读音集合未覆盖；不猜测
鲸凉鹤1.1手心挂接.txt	规劝	giqr	giqr	未知飞键、非音码或读音集合未覆盖；不猜测
鲸凉鹤1.1手心挂接.txt	贵圈	giqr	giqr	未知飞键、非音码或读音集合未覆盖；不猜测
鲸凉鹤1.1手心挂接.txt	归去	giqu	giqu	未知飞键、非音码或读音集合未覆盖；不猜测
鲸凉鹤1.1手心挂接.txt	贵群	giqy	giqy	未知飞键、非音码或读音集合未覆盖；不猜测
鲸凉鹤1.1手心挂接.txt	贵人	girf	girf	未知飞键、非音码或读音集合未覆盖；不猜测
鲸凉鹤1.1手心挂接.txt	归人	girf	girf	未知飞键、非音码或读音集合未覆盖；不猜测
鲸凉鹤1.1手心挂接.txt	贵燃	girj	girj	未知飞键、非音码或读音集合未覆盖；不猜测
鲸凉鹤1.1手心挂接.txt	桂荣	girs	girs	未知飞键、非音码或读音集合未覆盖；不猜测
鲸凉鹤1.1手心挂接.txt	归入	giru	giru	未知飞键、非音码或读音集合未覆盖；不猜测
鲸凉鹤1.1手心挂接.txt	贵柔	girz	girz	未知飞键、非音码或读音集合未覆盖；不猜测
鲸凉鹤1.1手心挂接.txt	瑰色	gise	gise	未知飞键、非音码或读音集合未覆盖；不猜测
鲸凉鹤1.1手心挂接.txt	贵司	gisi	gisi	未知飞键、非音码或读音集合未覆盖；不猜测
鲸凉鹤1.1手心挂接.txt	癸巳	gisi	gisi	未知飞键、非音码或读音集合未覆盖；不猜测
鲸凉鹤1.1手心挂接.txt	鬼三	gisj	gisj	未知飞键、非音码或读音集合未覆盖；不猜测
鲸凉鹤1.1手心挂接.txt	龟缩	giso	giso	未知飞键、非音码或读音集合未覆盖；不猜测
鲸凉鹤1.1手心挂接.txt	硅酸	gisr	gisr	未知飞键、非音码或读音集合未覆盖；不猜测
鲸凉鹤1.1手心挂接.txt	桂松	giss	giss	未知飞键、非音码或读音集合未覆盖；不猜测
鲸凉鹤1.1手心挂接.txt	归宿	gisu	gisu	未知飞键、非音码或读音集合未覆盖；不猜测
鲸凉鹤1.1手心挂接.txt	龟速	gisu	gisu	未知飞键、非音码或读音集合未覆盖；不猜测
鲸凉鹤1.1手心挂接.txt	鬼祟	gisv	gisv	未知飞键、非音码或读音集合未覆盖；不猜测
鲸凉鹤1.1手心挂接.txt	龟孙	gisy	gisy	未知飞键、非音码或读音集合未覆盖；不猜测
鲸凉鹤1.1手心挂接.txt	归他	gita	gita	未知飞键、非音码或读音集合未覆盖；不猜测
鲸凉鹤1.1手心挂接.txt	桂涛	gitc	gitc	未知飞键、非音码或读音集合未覆盖；不猜测
鲸凉鹤1.1手心挂接.txt	柜台	gitd	gitd	未知飞键、非音码或读音集合未覆盖；不猜测
鲸凉鹤1.1手心挂接.txt	鬼胎	gitd	gitd	未知飞键、非音码或读音集合未覆盖；不猜测
鲸凉鹤1.1手心挂接.txt	柜体	giti	giti	未知飞键、非音码或读音集合未覆盖；不猜测
鲸凉鹤1.1手心挂接.txt	诡探	gitj	gitj	未知飞键、非音码或读音集合未覆盖；不猜测
鲸凉鹤1.1手心挂接.txt	跪舔	gitm	gitm	未知飞键、非音码或读音集合未覆盖；不猜测
鲸凉鹤1.1手心挂接.txt	归天	gitm	gitm	未知飞键、非音码或读音集合未覆盖；不猜测
鲸凉鹤1.1手心挂接.txt	鬼跳	gitn	gitn	未知飞键、非音码或读音集合未覆盖；不猜测
鲸凉鹤1.1手心挂接.txt	硅铁	gitp	gitp	未知飞键、非音码或读音集合未覆盖；不猜测
鲸凉鹤1.1手心挂接.txt	硅酮	gits	gits	未知飞键、非音码或读音集合未覆盖；不猜测
鲸凉鹤1.1手心挂接.txt	归途	gitu	gitu	未知飞键、非音码或读音集合未覆盖；不猜测
鲸凉鹤1.1手心挂接.txt	鬼图	gitu	gitu	未知飞键、非音码或读音集合未覆盖；不猜测
鲸凉鹤1.1手心挂接.txt	龟头	gitz	gitz	未知飞键、非音码或读音集合未覆盖；不猜测
鲸凉鹤1.1手心挂接.txt	硅砂	giua	giua	未知飞键、非音码或读音集合未覆盖；不猜测
鲸凉鹤1.1手心挂接.txt	贵社	giue	giue	未知飞键、非音码或读音集合未覆盖；不猜测
鲸凉鹤1.1手心挂接.txt	鬼神	giuf	giuf	未知飞键、非音码或读音集合未覆盖；不猜测
鲸凉鹤1.1手心挂接.txt	柜上	giuh	giuh	未知飞键、非音码或读音集合未覆盖；不猜测
鲸凉鹤1.1手心挂接.txt	瑰石	giui	giui	未知飞键、非音码或读音集合未覆盖；不猜测
鲸凉鹤1.1手心挂接.txt	龟山	giuj	giuj	未知飞键、非音码或读音集合未覆盖；不猜测
鲸凉鹤1.1手心挂接.txt	鬼说	giuo	giuo	未知飞键、非音码或读音集合未覆盖；不猜测
鲸凉鹤1.1手心挂接.txt	龟山	gius	gius	未知飞键、非音码或读音集合未覆盖；不猜测
鲸凉鹤1.1手心挂接.txt	归属	giuu	giuu	未知飞键、非音码或读音集合未覆盖；不猜测
鲸凉鹤1.1手心挂接.txt	归谁	giuw	giuw	未知飞键、非音码或读音集合未覆盖；不猜测
鲸凉鹤1.1手心挂接.txt	归顺	giuy	giuy	未知飞键、非音码或读音集合未覆盖；不猜测
鲸凉鹤1.1手心挂接.txt	鬼手	giuz	giuz	未知飞键、非音码或读音集合未覆盖；不猜测
鲸凉鹤1.1手心挂接.txt	诡诈	giva	giva	未知飞键、非音码或读音集合未覆盖；不猜测
鲸凉鹤1.1手心挂接.txt	归棹	givc	givc	未知飞键、非音码或读音集合未覆盖；不猜测
鲸凉鹤1.1手心挂接.txt	跪着	give	give	未知飞键、非音码或读音集合未覆盖；不猜测
鲸凉鹤1.1手心挂接.txt	轨枕	givf	givf	未知飞键、非音码或读音集合未覆盖；不猜测
鲸凉鹤1.1手心挂接.txt	规整	givg	givg	未知飞键、非音码或读音集合未覆盖；不猜测
鲸凉鹤1.1手心挂接.txt	规章	givh	givh	未知飞键、非音码或读音集合未覆盖；不猜测
鲸凉鹤1.1手心挂接.txt	规制	givi	givi	未知飞键、非音码或读音集合未覆盖；不猜测
鲸凉鹤1.1手心挂接.txt	硅脂	givi	givi	未知飞键、非音码或读音集合未覆盖；不猜测
鲸凉鹤1.1手心挂接.txt	归置	givi	givi	未知飞键、非音码或读音集合未覆盖；不猜测
鲸凉鹤1.1手心挂接.txt	鬼斩	givj	givj	未知飞键、非音码或读音集合未覆盖；不猜测
鲸凉鹤1.1手心挂接.txt	规整	givk	givk	未知飞键、非音码或读音集合未覆盖；不猜测
鲸凉鹤1.1手心挂接.txt	鬼装	givl	givl	未知飞键、非音码或读音集合未覆盖；不猜测
鲸凉鹤1.1手心挂接.txt	贵重	givs	givs	未知飞键、非音码或读音集合未覆盖；不猜测
鲸凉鹤1.1手心挂接.txt	鬼爪	givx	givx	未知飞键、非音码或读音集合未覆盖；不猜测
鲸凉鹤1.1手心挂接.txt	贵州	givz	givz	未知飞键、非音码或读音集合未覆盖；不猜测
鲸凉鹤1.1手心挂接.txt	鬼娃	giwa	giwa	未知飞键、非音码或读音集合未覆盖；不猜测
鲸凉鹤1.1手心挂接.txt	鬼王	giwh	giwh	未知飞键、非音码或读音集合未覆盖；不猜测
鲸凉鹤1.1手心挂接.txt	硅烷	giwj	giwj	未知飞键、非音码或读音集合未覆盖；不猜测
鲸凉鹤1.1手心挂接.txt	鬼屋	giwu	giwu	未知飞键、非音码或读音集合未覆盖；不猜测
鲸凉鹤1.1手心挂接.txt	贵物	giwu	giwu	未知飞键、非音码或读音集合未覆盖；不猜测
鲸凉鹤1.1手心挂接.txt	归位	giww	giww	未知飞键、非音码或读音集合未覆盖；不猜测
鲸凉鹤1.1手心挂接.txt	归为	giww	giww	未知飞键、非音码或读音集合未覆盖；不猜测
鲸凉鹤1.1手心挂接.txt	贵为	giww	giww	未知飞键、非音码或读音集合未覆盖；不猜测
鲸凉鹤1.1手心挂接.txt	归心	gixb	gixb	未知飞键、非音码或读音集合未覆盖；不猜测
鲸凉鹤1.1手心挂接.txt	鬼信	gixb	gixb	未知飞键、非音码或读音集合未覆盖；不猜测
鲸凉鹤1.1手心挂接.txt	归西	gixi	gixi	未知飞键、非音码或读音集合未覆盖；不猜测
鲸凉鹤1.1手心挂接.txt	贵姓	gixk	gixk	未知飞键、非音码或读音集合未覆盖；不猜测
鲸凉鹤1.1手心挂接.txt	归降	gixl	gixl	未知飞键、非音码或读音集合未覆盖；不猜测
鲸凉鹤1.1手心挂接.txt	归乡	gixl	gixl	未知飞键、非音码或读音集合未覆盖；不猜测
鲸凉鹤1.1手心挂接.txt	桂香	gixl	gixl	未知飞键、非音码或读音集合未覆盖；不猜测
鲸凉鹤1.1手心挂接.txt	圭贤	gixm	gixm	未知飞键、非音码或读音集合未覆盖；不猜测
鲸凉鹤1.1手心挂接.txt	贵校	gixn	gixn	未知飞键、非音码或读音集合未覆盖；不猜测
鲸凉鹤1.1手心挂接.txt	诡笑	gixn	gixn	未知飞键、非音码或读音集合未覆盖；不猜测
鲸凉鹤1.1手心挂接.txt	闺秀	gixo	gixo	未知飞键、非音码或读音集合未覆盖；不猜测
鲸凉鹤1.1手心挂接.txt	贵些	gixp	gixp	未知飞键、非音码或读音集合未覆盖；不猜测
鲸凉鹤1.1手心挂接.txt	闺秀	gixq	gixq	未知飞键、非音码或读音集合未覆盖；不猜测
鲸凉鹤1.1手心挂接.txt	归玄	gixr	gixr	未知飞键、非音码或读音集合未覆盖；不猜测
鲸凉鹤1.1手心挂接.txt	鬼雄	gixs	gixs	未知飞键、非音码或读音集合未覆盖；不猜测
鲸凉鹤1.1手心挂接.txt	归雪	gixt	gixt	未知飞键、非音码或读音集合未覆盖；不猜测
鲸凉鹤1.1手心挂接.txt	归墟	gixu	gixu	未知飞键、非音码或读音集合未覆盖；不猜测
鲸凉鹤1.1手心挂接.txt	跪下	gixx	gixx	未知飞键、非音码或读音集合未覆盖；不猜测
鲸凉鹤1.1手心挂接.txt	贵呀	giya	giya	未知飞键、非音码或读音集合未覆盖；不猜测
鲸凉鹤1.1手心挂接.txt	归隐	giyb	giyb	未知飞键、非音码或读音集合未覆盖；不猜测
鲸凉鹤1.1手心挂接.txt	归因	giyb	giyb	未知飞键、非音码或读音集合未覆盖；不猜测
鲸凉鹤1.1手心挂接.txt	硅业	giye	giye	未知飞键、非音码或读音集合未覆盖；不猜测
鲸凉鹤1.1手心挂接.txt	鬼眼	giyf	giyf	未知飞键、非音码或读音集合未覆盖；不猜测
鲸凉鹤1.1手心挂接.txt	归雁	giyf	giyf	未知飞键、非音码或读音集合未覆盖；不猜测
鲸凉鹤1.1手心挂接.txt	贵烟	giyf	giyf	未知飞键、非音码或读音集合未覆盖；不猜测
鲸凉鹤1.1手心挂接.txt	桂鱼	giyg	giyg	未知飞键、非音码或读音集合未覆盖；不猜测
鲸凉鹤1.1手心挂接.txt	贵阳	giyh	giyh	未知飞键、非音码或读音集合未覆盖；不猜测
鲸凉鹤1.1手心挂接.txt	诡异	giyi	giyi	未知飞键、非音码或读音集合未覆盖；不猜测
鲸凉鹤1.1手心挂接.txt	皈依	giyi	giyi	未知飞键、非音码或读音集合未覆盖；不猜测
鲸凉鹤1.1手心挂接.txt	鬼眼	giyj	giyj	未知飞键、非音码或读音集合未覆盖；不猜测
鲸凉鹤1.1手心挂接.txt	归雁	giyj	giyj	未知飞键、非音码或读音集合未覆盖；不猜测
鲸凉鹤1.1手心挂接.txt	贵烟	giyj	giyj	未知飞键、非音码或读音集合未覆盖；不猜测
鲸凉鹤1.1手心挂接.txt	鬼影	giyk	giyk	未知飞键、非音码或读音集合未覆盖；不猜测
鲸凉鹤1.1手心挂接.txt	鬼哟	giyo	giyo	未知飞键、非音码或读音集合未覆盖；不猜测
鲸凉鹤1.1手心挂接.txt	桂圆	giyr	giyr	未知飞键、非音码或读音集合未覆盖；不猜测
鲸凉鹤1.1手心挂接.txt	柜员	giyr	giyr	未知飞键、非音码或读音集合未覆盖；不猜测
鲸凉鹤1.1手心挂接.txt	闺怨	giyr	giyr	未知飞键、非音码或读音集合未覆盖；不猜测
鲸凉鹤1.1手心挂接.txt	规约	giyt	giyt	未知飞键、非音码或读音集合未覆盖；不猜测
鲸凉鹤1.1手心挂接.txt	桂鱼	giyu	giyu	未知飞键、非音码或读音集合未覆盖；不猜测
鲸凉鹤1.1手心挂接.txt	硅油	giyz	giyz	未知飞键、非音码或读音集合未覆盖；不猜测
鲸凉鹤1.1手心挂接.txt	硅藻	gizc	gizc	未知飞键、非音码或读音集合未覆盖；不猜测
鲸凉鹤1.1手心挂接.txt	跪在	gizd	gizd	未知飞键、非音码或读音集合未覆盖；不猜测
鲸凉鹤1.1手心挂接.txt	贵在	gizd	gizd	未知飞键、非音码或读音集合未覆盖；不猜测
鲸凉鹤1.1手心挂接.txt	规则	gize	gize	未知飞键、非音码或读音集合未覆盖；不猜测
鲸凉鹤1.1手心挂接.txt	归责	gize	gize	未知飞键、非音码或读音集合未覆盖；不猜测
鲸凉鹤1.1手心挂接.txt	归葬	gizh	gizh	未知飞键、非音码或读音集合未覆盖；不猜测
鲸凉鹤1.1手心挂接.txt	柜子	gizi	gizi	未知飞键、非音码或读音集合未覆盖；不猜测
鲸凉鹤1.1手心挂接.txt	鬼子	gizi	gizi	未知飞键、非音码或读音集合未覆盖；不猜测
鲸凉鹤1.1手心挂接.txt	归宗	gizl	gizl	未知飞键、非音码或读音集合未覆盖；不猜测
鲸凉鹤1.1手心挂接.txt	鬼作	gizo	gizo	未知飞键、非音码或读音集合未覆盖；不猜测
鲸凉鹤1.1手心挂接.txt	归总	gizs	gizs	未知飞键、非音码或读音集合未覆盖；不猜测
鲸凉鹤1.1手心挂接.txt	贵族	gizu	gizu	未知飞键、非音码或读音集合未覆盖；不猜测
鲸凉鹤1.1手心挂接.txt	归罪	gizv	gizv	未知飞键、非音码或读音集合未覆盖；不猜测
鲸凉鹤1.1手心挂接.txt	干葱	gjcl	gjcl	未知飞键、非音码或读音集合未覆盖；不猜测
鲸凉鹤1.1手心挂接.txt	感到	gjdl	gjdl	未知飞键、非音码或读音集合未覆盖；不猜测
鲸凉鹤1.1手心挂接.txt	赶到	gjdl	gjdl	未知飞键、非音码或读音集合未覆盖；不猜测
鲸凉鹤1.1手心挂接.txt	敢打	gjdw	gjdw	未知飞键、非音码或读音集合未覆盖；不猜测
鲸凉鹤1.1手心挂接.txt	甘贵	gjgi	gjgi	未知飞键、非音码或读音集合未覆盖；不猜测
鲸凉鹤1.1手心挂接.txt	感官	gjgp	gjgp	未知飞键、非音码或读音集合未覆盖；不猜测
鲸凉鹤1.1手心挂接.txt	感观	gjgp	gjgp	未知飞键、非音码或读音集合未覆盖；不猜测
鲸凉鹤1.1手心挂接.txt	敢管	gjgp	gjgp	未知飞键、非音码或读音集合未覆盖；不猜测
鲸凉鹤1.1手心挂接.txt	柑桔	gjju	gjju	未知飞键、非音码或读音集合未覆盖；不猜测
鲸凉鹤1.1手心挂接.txt	干裂	gjlf	gjlf	未知飞键、非音码或读音集合未覆盖；不猜测
鲸凉鹤1.1手心挂接.txt	干满	gjmr	gjmr	未知飞键、非音码或读音集合未覆盖；不猜测
鲸凉鹤1.1手心挂接.txt	甘南	gjnz	gjnz	未知飞键、非音码或读音集合未覆盖；不猜测
鲸凉鹤1.1手心挂接.txt	干屁	gjpe	gjpe	未知飞键、非音码或读音集合未覆盖；不猜测
鲸凉鹤1.1手心挂接.txt	擀皮	gjpe	gjpe	未知飞键、非音码或读音集合未覆盖；不猜测
鲸凉鹤1.1手心挂接.txt	甘平	gjpx	gjpx	未知飞键、非音码或读音集合未覆盖；不猜测
鲸凉鹤1.1手心挂接.txt	干起	gjqe	gjqe	未知飞键、非音码或读音集合未覆盖；不猜测
鲸凉鹤1.1手心挂接.txt	甘休	gjxo	gjxo	未知飞键、非音码或读音集合未覆盖；不猜测
鲸凉鹤1.1手心挂接.txt	干休	gjxo	gjxo	未知飞键、非音码或读音集合未覆盖；不猜测
鲸凉鹤1.1手心挂接.txt	感言	gjyf	gjyf	未知飞键、非音码或读音集合未覆盖；不猜测
鲸凉鹤1.1手心挂接.txt	肝炎	gjyf	gjyf	未知飞键、非音码或读音集合未覆盖；不猜测
鲸凉鹤1.1手心挂接.txt	干预	gjyg	gjyg	未知飞键、非音码或读音集合未覆盖；不猜测
鲸凉鹤1.1手心挂接.txt	敢于	gjyg	gjyg	未知飞键、非音码或读音集合未覆盖；不猜测
鲸凉鹤1.1手心挂接.txt	甘于	gjyg	gjyg	未知飞键、非音码或读音集合未覆盖；不猜测
鲸凉鹤1.1手心挂接.txt	柺棒	gkbh	gkbh	未知飞键、非音码或读音集合未覆盖；不猜测
鲸凉鹤1.1手心挂接.txt	怪盗	gkdl	gkdl	未知飞键、非音码或读音集合未覆盖；不猜测
鲸凉鹤1.1手心挂接.txt	乖蹇	gkjz	gkjz	未知飞键、非音码或读音集合未覆盖；不猜测
鲸凉鹤1.1手心挂接.txt	怪猎	gklf	gklf	未知飞键、非音码或读音集合未覆盖；不猜测
鲸凉鹤1.1手心挂接.txt	乖咯	gklo	gklo	未知飞键、非音码或读音集合未覆盖；不猜测
鲸凉鹤1.1手心挂接.txt	乖囡	gknz	gknz	未知飞键、非音码或读音集合未覆盖；不猜测
鲸凉鹤1.1手心挂接.txt	怪癖	gkpe	gkpe	未知飞键、非音码或读音集合未覆盖；不猜测
鲸凉鹤1.1手心挂接.txt	乖僻	gkpe	gkpe	未知飞键、非音码或读音集合未覆盖；不猜测
鲸凉鹤1.1手心挂接.txt	怪坡	gkps	gkps	未知飞键、非音码或读音集合未覆盖；不猜测
鲸凉鹤1.1手心挂接.txt	乖蹇	gkqm	gkqm	未知飞键、非音码或读音集合未覆盖；不猜测
鲸凉鹤1.1手心挂接.txt	拐向	gkxj	gkxj	未知飞键、非音码或读音集合未覆盖；不猜测
鲸凉鹤1.1手心挂接.txt	怪宴	gkyf	gkyf	未知飞键、非音码或读音集合未覆盖；不猜测
鲸凉鹤1.1手心挂接.txt	光从	glcl	glcl	未知飞键、非音码或读音集合未覆盖；不猜测
鲸凉鹤1.1手心挂接.txt	广岛	gldl	gldl	未知飞键、非音码或读音集合未覆盖；不猜测
鲸凉鹤1.1手心挂接.txt	光鬼	glgi	glgi	未知飞键、非音码或读音集合未覆盖；不猜测
鲸凉鹤1.1手心挂接.txt	光管	glgp	glgp	未知飞键、非音码或读音集合未覆盖；不猜测
鲸凉鹤1.1手心挂接.txt	光剑	gljz	gljz	未知飞键、非音码或读音集合未覆盖；不猜测
鲸凉鹤1.1手心挂接.txt	光幕	glmx	glmx	未知飞键、非音码或读音集合未覆盖；不猜测
鲸凉鹤1.1手心挂接.txt	广南	glnz	glnz	未知飞键、非音码或读音集合未覆盖；不猜测
鲸凉鹤1.1手心挂接.txt	光皮	glpe	glpe	未知飞键、非音码或读音集合未覆盖；不猜测
鲸凉鹤1.1手心挂接.txt	光凭	glpx	glpx	未知飞键、非音码或读音集合未覆盖；不猜测
鲸凉鹤1.1手心挂接.txt	光屏	glpx	glpx	未知飞键、非音码或读音集合未覆盖；不猜测
鲸凉鹤1.1手心挂接.txt	光腿	gltl	gltl	未知飞键、非音码或读音集合未覆盖；不猜测
鲸凉鹤1.1手心挂接.txt	光山	glus	glus	未知飞键、非音码或读音集合未覆盖；不猜测
鲸凉鹤1.1手心挂接.txt	光正	glvk	glvk	未知飞键、非音码或读音集合未覆盖；不猜测
鲸凉鹤1.1手心挂接.txt	光秀	glxo	glxo	未知飞键、非音码或读音集合未覆盖；不猜测
鲸凉鹤1.1手心挂接.txt	光艳	glyf	glyf	未知飞键、非音码或读音集合未覆盖；不猜测
鲸凉鹤1.1手心挂接.txt	光彦	glyf	glyf	未知飞键、非音码或读音集合未覆盖；不猜测
鲸凉鹤1.1手心挂接.txt	广宗	glzl	glzl	未知飞键、非音码或读音集合未覆盖；不猜测
鲸凉鹤1.1手心挂接.txt	过道	godl	godl	未知飞键、非音码或读音集合未覆盖；不猜测
鲸凉鹤1.1手心挂接.txt	国道	godl	godl	未知飞键、非音码或读音集合未覆盖；不猜测
鲸凉鹤1.1手心挂接.txt	过轨	gogi	gogi	未知飞键、非音码或读音集合未覆盖；不猜测
鲸凉鹤1.1手心挂接.txt	过关	gogp	gogp	未知飞键、非音码或读音集合未覆盖；不猜测
鲸凉鹤1.1手心挂接.txt	过道	gojf	gojf	未知飞键、非音码或读音集合未覆盖；不猜测
鲸凉鹤1.1手心挂接.txt	国道	gojf	gojf	未知飞键、非音码或读音集合未覆盖；不猜测
鲸凉鹤1.1手心挂接.txt	国建	gojz	gojz	未知飞键、非音码或读音集合未覆盖；不猜测
鲸凉鹤1.1手心挂接.txt	过咯	golo	golo	未知飞键、非音码或读音集合未覆盖；不猜测
鲸凉鹤1.1手心挂接.txt	国漫	gomr	gomr	未知飞键、非音码或读音集合未覆盖；不猜测
鲸凉鹤1.1手心挂接.txt	过目	gomx	gomx	未知飞键、非音码或读音集合未覆盖；不猜测
鲸凉鹤1.1手心挂接.txt	国难	gonz	gonz	未知飞键、非音码或读音集合未覆盖；不猜测
鲸凉鹤1.1手心挂接.txt	国男	gonz	gonz	未知飞键、非音码或读音集合未覆盖；不猜测
鲸凉鹤1.1手心挂接.txt	郭楠	gonz	gonz	未知飞键、非音码或读音集合未覆盖；不猜测
鲸凉鹤1.1手心挂接.txt	果皮	gope	gope	未知飞键、非音码或读音集合未覆盖；不猜测
鲸凉鹤1.1手心挂接.txt	果啤	gope	gope	未知飞键、非音码或读音集合未覆盖；不猜测
鲸凉鹤1.1手心挂接.txt	国破	gops	gops	未知飞键、非音码或读音集合未覆盖；不猜测
鲸凉鹤1.1手心挂接.txt	国乒	gopx	gopx	未知飞键、非音码或读音集合未覆盖；不猜测
鲸凉鹤1.1手心挂接.txt	裹腿	gotl	gotl	未知飞键、非音码或读音集合未覆盖；不猜测
鲸凉鹤1.1手心挂接.txt	过山	gous	gous	未知飞键、非音码或读音集合未覆盖；不猜测
鲸凉鹤1.1手心挂接.txt	国政	govk	govk	未知飞键、非音码或读音集合未覆盖；不猜测
鲸凉鹤1.1手心挂接.txt	过眼	goyf	goyf	未知飞键、非音码或读音集合未覆盖；不猜测
鲸凉鹤1.1手心挂接.txt	过于	goyg	goyg	未知飞键、非音码或读音集合未覆盖；不猜测
鲸凉鹤1.1手心挂接.txt	过誉	goyg	goyg	未知飞键、非音码或读音集合未覆盖；不猜测
鲸凉鹤1.1手心挂接.txt	国语	goyg	goyg	未知飞键、非音码或读音集合未覆盖；不猜测
鲸凉鹤1.1手心挂接.txt	郭总	gozl	gozl	未知飞键、非音码或读音集合未覆盖；不猜测
鲸凉鹤1.1手心挂接.txt	管啊	gpaa	gpaa	未知飞键、非音码或读音集合未覆盖；不猜测
鲸凉鹤1.1手心挂接.txt	关爱	gpai	gpai	未知飞键、非音码或读音集合未覆盖；不猜测
鲸凉鹤1.1手心挂接.txt	关隘	gpai	gpai	未知飞键、非音码或读音集合未覆盖；不猜测
鲸凉鹤1.1手心挂接.txt	关吧	gpba	gpba	未知飞键、非音码或读音集合未覆盖；不猜测
鲸凉鹤1.1手心挂接.txt	管斌	gpbb	gpbb	未知飞键、非音码或读音集合未覆盖；不猜测
鲸凉鹤1.1手心挂接.txt	管饱	gpbc	gpbc	未知飞键、非音码或读音集合未覆盖；不猜测
鲸凉鹤1.1手心挂接.txt	官报	gpbc	gpbc	未知飞键、非音码或读音集合未覆盖；不猜测
鲸凉鹤1.1手心挂接.txt	关白	gpbd	gpbd	未知飞键、非音码或读音集合未覆盖；不猜测
鲸凉鹤1.1手心挂接.txt	关闭	gpbi	gpbi	未知飞键、非音码或读音集合未覆盖；不猜测
鲸凉鹤1.1手心挂接.txt	官办	gpbj	gpbj	未知飞键、非音码或读音集合未覆盖；不猜测
鲸凉鹤1.1手心挂接.txt	官版	gpbj	gpbj	未知飞键、非音码或读音集合未覆盖；不猜测
鲸凉鹤1.1手心挂接.txt	管板	gpbj	gpbj	未知飞键、非音码或读音集合未覆盖；不猜测
鲸凉鹤1.1手心挂接.txt	官兵	gpbk	gpbk	未知飞键、非音码或读音集合未覆盖；不猜测
鲸凉鹤1.1手心挂接.txt	灌饼	gpbk	gpbk	未知飞键、非音码或读音集合未覆盖；不猜测
鲸凉鹤1.1手心挂接.txt	贯标	gpbn	gpbn	未知飞键、非音码或读音集合未覆盖；不猜测
鲸凉鹤1.1手心挂接.txt	关播	gpbo	gpbo	未知飞键、非音码或读音集合未覆盖；不猜测
鲸凉鹤1.1手心挂接.txt	关不	gpbu	gpbu	未知飞键、非音码或读音集合未覆盖；不猜测
鲸凉鹤1.1手心挂接.txt	棺材	gpcd	gpcd	未知飞键、非音码或读音集合未覆盖；不猜测
鲸凉鹤1.1手心挂接.txt	观测	gpce	gpce	未知飞键、非音码或读音集合未覆盖；不猜测
鲸凉鹤1.1手心挂接.txt	冠层	gpcg	gpcg	未知飞键、非音码或读音集合未覆盖；不猜测
鲸凉鹤1.1手心挂接.txt	馆藏	gpch	gpch	未知飞键、非音码或读音集合未覆盖；不猜测
鲸凉鹤1.1手心挂接.txt	冠词	gpci	gpci	未知飞键、非音码或读音集合未覆盖；不猜测
鲸凉鹤1.1手心挂接.txt	灌丛	gpcl	gpcl	未知飞键、非音码或读音集合未覆盖；不猜测
鲸凉鹤1.1手心挂接.txt	灌丛	gpcs	gpcs	未知飞键、非音码或读音集合未覆盖；不猜测
鲸凉鹤1.1手心挂接.txt	关村	gpcy	gpcy	未知飞键、非音码或读音集合未覆盖；不猜测
鲸凉鹤1.1手心挂接.txt	官大	gpda	gpda	未知飞键、非音码或读音集合未覆盖；不猜测
鲸凉鹤1.1手心挂接.txt	管道	gpdc	gpdc	未知飞键、非音码或读音集合未覆盖；不猜测
鲸凉鹤1.1手心挂接.txt	官道	gpdc	gpdc	未知飞键、非音码或读音集合未覆盖；不猜测
鲸凉鹤1.1手心挂接.txt	管代	gpdd	gpdd	未知飞键、非音码或读音集合未覆盖；不猜测
鲸凉鹤1.1手心挂接.txt	管的	gpde	gpde	未知飞键、非音码或读音集合未覆盖；不猜测
鲸凉鹤1.1手心挂接.txt	关灯	gpdg	gpdg	未知飞键、非音码或读音集合未覆盖；不猜测
鲸凉鹤1.1手心挂接.txt	官当	gpdh	gpdh	未知飞键、非音码或读音集合未覆盖；不猜测
鲸凉鹤1.1手心挂接.txt	官邸	gpdi	gpdi	未知飞键、非音码或读音集合未覆盖；不猜测
鲸凉鹤1.1手心挂接.txt	关底	gpdi	gpdi	未知飞键、非音码或读音集合未覆盖；不猜测
鲸凉鹤1.1手心挂接.txt	关帝	gpdi	gpdi	未知飞键、非音码或读音集合未覆盖；不猜测
鲸凉鹤1.1手心挂接.txt	掼蛋	gpdj	gpdj	未知飞键、非音码或读音集合未覆盖；不猜测
鲸凉鹤1.1手心挂接.txt	管道	gpdl	gpdl	未知飞键、非音码或读音集合未覆盖；不猜测
鲸凉鹤1.1手心挂接.txt	官道	gpdl	gpdl	未知飞键、非音码或读音集合未覆盖；不猜测
鲸凉鹤1.1手心挂接.txt	观点	gpdm	gpdm	未知飞键、非音码或读音集合未覆盖；不猜测
鲸凉鹤1.1手心挂接.txt	关店	gpdm	gpdm	未知飞键、非音码或读音集合未覆盖；不猜测
鲸凉鹤1.1手心挂接.txt	关掉	gpdn	gpdn	未知飞键、非音码或读音集合未覆盖；不猜测
鲸凉鹤1.1手心挂接.txt	管段	gpdr	gpdr	未知飞键、非音码或读音集合未覆盖；不猜测
鲸凉鹤1.1手心挂接.txt	关东	gpds	gpds	未知飞键、非音码或读音集合未覆盖；不猜测
鲸凉鹤1.1手心挂接.txt	管墩	gpdy	gpdy	未知飞键、非音码或读音集合未覆盖；不猜测
鲸凉鹤1.1手心挂接.txt	官鹤	gpeh	gphe	未知飞键、非音码或读音集合未覆盖；不猜测
鲸凉鹤1.1手心挂接.txt	棺鹤	gpeh	gphe	未知飞键、非音码或读音集合未覆盖；不猜测
鲸凉鹤1.1手心挂接.txt	官儿	gper	gper	未知飞键、非音码或读音集合未覆盖；不猜测
鲸凉鹤1.1手心挂接.txt	管阀	gpfa	gpfa	未知飞键、非音码或读音集合未覆盖；不猜测
鲸凉鹤1.1手心挂接.txt	关凤	gpfg	gpfg	未知飞键、非音码或读音集合未覆盖；不猜测
鲸凉鹤1.1手心挂接.txt	官方	gpfh	gpfh	未知飞键、非音码或读音集合未覆盖；不猜测
鲸凉鹤1.1手心挂接.txt	关防	gpfh	gpfh	未知飞键、非音码或读音集合未覆盖；不猜测
鲸凉鹤1.1手心挂接.txt	惯犯	gpfj	gpfj	未知飞键、非音码或读音集合未覆盖；不猜测
鲸凉鹤1.1手心挂接.txt	管饭	gpfj	gpfj	未知飞键、非音码或读音集合未覆盖；不猜测
鲸凉鹤1.1手心挂接.txt	官翻	gpfj	gpfj	未知飞键、非音码或读音集合未覆盖；不猜测
鲸凉鹤1.1手心挂接.txt	官府	gpfu	gpfu	未知飞键、非音码或读音集合未覆盖；不猜测
鲸凉鹤1.1手心挂接.txt	官服	gpfu	gpfu	未知飞键、非音码或读音集合未覆盖；不猜测
鲸凉鹤1.1手心挂接.txt	关服	gpfu	gpfu	未知飞键、非音码或读音集合未覆盖；不猜测
鲸凉鹤1.1手心挂接.txt	官费	gpfw	gpfw	未知飞键、非音码或读音集合未覆盖；不猜测
鲸凉鹤1.1手心挂接.txt	关高	gpgc	gpgc	未知飞键、非音码或读音集合未覆盖；不猜测
鲸凉鹤1.1手心挂接.txt	灌溉	gpgd	gpgd	未知飞键、非音码或读音集合未覆盖；不猜测
鲸凉鹤1.1手心挂接.txt	管个	gpge	gpge	未知飞键、非音码或读音集合未覆盖；不猜测
鲸凉鹤1.1手心挂接.txt	官港	gpgh	gpgh	未知飞键、非音码或读音集合未覆盖；不猜测
鲸凉鹤1.1手心挂接.txt	官鬼	gpgi	gpgi	未知飞键、非音码或读音集合未覆盖；不猜测
鲸凉鹤1.1手心挂接.txt	观感	gpgj	gpgj	未知飞键、非音码或读音集合未覆盖；不猜测
鲸凉鹤1.1手心挂接.txt	观光	gpgl	gpgl	未知飞键、非音码或读音集合未覆盖；不猜测
鲸凉鹤1.1手心挂接.txt	棺椁	gpgo	gpgo	未知飞键、非音码或读音集合未覆盖；不猜测
鲸凉鹤1.1手心挂接.txt	管管	gpgp	gpgp	未知飞键、非音码或读音集合未覆盖；不猜测
鲸凉鹤1.1手心挂接.txt	关公	gpgs	gpgs	未知飞键、非音码或读音集合未覆盖；不猜测
鲸凉鹤1.1手心挂接.txt	关顾	gpgu	gpgu	未知飞键、非音码或读音集合未覆盖；不猜测
鲸凉鹤1.1手心挂接.txt	官鬼	gpgv	gpgv	未知飞键、非音码或读音集合未覆盖；不猜测
鲸凉鹤1.1手心挂接.txt	鳏寡	gpgx	gpgx	未知飞键、非音码或读音集合未覆盖；不猜测
鲸凉鹤1.1手心挂接.txt	管沟	gpgz	gpgz	未知飞键、非音码或读音集合未覆盖；不猜测
鲸凉鹤1.1手心挂接.txt	关好	gphc	gphc	未知飞键、非音码或读音集合未覆盖；不猜测
鲸凉鹤1.1手心挂接.txt	管好	gphc	gphc	未知飞键、非音码或读音集合未覆盖；不猜测
鲸凉鹤1.1手心挂接.txt	观海	gphd	gphd	未知飞键、非音码或读音集合未覆盖；不猜测
鲸凉鹤1.1手心挂接.txt	官鹤	gphe	gphe	未知飞键、非音码或读音集合未覆盖；不猜测
鲸凉鹤1.1手心挂接.txt	棺鹤	gphe	gphe	未知飞键、非音码或读音集合未覆盖；不猜测
鲸凉鹤1.1手心挂接.txt	冠恒	gphg	gphg	未知飞键、非音码或读音集合未覆盖；不猜测
鲸凉鹤1.1手心挂接.txt	管涵	gphj	gphj	未知飞键、非音码或读音集合未覆盖；不猜测
鲸凉鹤1.1手心挂接.txt	关怀	gphk	gphk	未知飞键、非音码或读音集合未覆盖；不猜测
鲸凉鹤1.1手心挂接.txt	惯坏	gphk	gphk	未知飞键、非音码或读音集合未覆盖；不猜测
鲸凉鹤1.1手心挂接.txt	关火	gpho	gpho	未知飞键、非音码或读音集合未覆盖；不猜测
鲸凉鹤1.1手心挂接.txt	观火	gpho	gpho	未知飞键、非音码或读音集合未覆盖；不猜测
鲸凉鹤1.1手心挂接.txt	官宦	gphr	gphr	未知飞键、非音码或读音集合未覆盖；不猜测
鲸凉鹤1.1手心挂接.txt	冠宏	gphs	gphs	未知飞键、非音码或读音集合未覆盖；不猜测
鲸凉鹤1.1手心挂接.txt	关乎	gphu	gphu	未知飞键、非音码或读音集合未覆盖；不猜测
鲸凉鹤1.1手心挂接.txt	关辉	gphv	gphv	未知飞键、非音码或读音集合未覆盖；不猜测
鲸凉鹤1.1手心挂接.txt	官话	gphx	gphx	未知飞键、非音码或读音集合未覆盖；不猜测
鲸凉鹤1.1手心挂接.txt	观花	gphx	gphx	未知飞键、非音码或读音集合未覆盖；不猜测
鲸凉鹤1.1手心挂接.txt	罐昏	gphy	gphy	未知飞键、非音码或读音集合未覆盖；不猜测
鲸凉鹤1.1手心挂接.txt	观后	gphz	gphz	未知飞键、非音码或读音集合未覆盖；不猜测
鲸凉鹤1.1手心挂接.txt	观察	gpia	gpia	未知飞键、非音码或读音集合未覆盖；不猜测
鲸凉鹤1.1手心挂接.txt	观潮	gpic	gpic	未知飞键、非音码或读音集合未覆盖；不猜测
鲸凉鹤1.1手心挂接.txt	官差	gpid	gpid	未知飞键、非音码或读音集合未覆盖；不猜测
鲸凉鹤1.1手心挂接.txt	贯彻	gpie	gpie	未知飞键、非音码或读音集合未覆盖；不猜测
鲸凉鹤1.1手心挂接.txt	冠臣	gpif	gpif	未知飞键、非音码或读音集合未覆盖；不猜测
鲸凉鹤1.1手心挂接.txt	惯称	gpig	gpig	未知飞键、非音码或读音集合未覆盖；不猜测
鲸凉鹤1.1手心挂接.txt	官场	gpih	gpih	未知飞键、非音码或读音集合未覆盖；不猜测
鲸凉鹤1.1手心挂接.txt	惯常	gpih	gpih	未知飞键、非音码或读音集合未覆盖；不猜测
鲸凉鹤1.1手心挂接.txt	灌肠	gpih	gpih	未知飞键、非音码或读音集合未覆盖；不猜测
鲸凉鹤1.1手心挂接.txt	管吃	gpii	gpii	未知飞键、非音码或读音集合未覆盖；不猜测
鲸凉鹤1.1手心挂接.txt	官产	gpij	gpij	未知飞键、非音码或读音集合未覆盖；不猜测
鲸凉鹤1.1手心挂接.txt	关窗	gpil	gpil	未知飞键、非音码或读音集合未覆盖；不猜测
鲸凉鹤1.1手心挂接.txt	贯穿	gpir	gpir	未知飞键、非音码或读音集合未覆盖；不猜测
鲸凉鹤1.1手心挂接.txt	惯出	gpiu	gpiu	未知飞键、非音码或读音集合未覆盖；不猜测
鲸凉鹤1.1手心挂接.txt	关进	gpjb	gpjb	未知飞键、非音码或读音集合未覆盖；不猜测
鲸凉鹤1.1手心挂接.txt	灌进	gpjb	gpjb	未知飞键、非音码或读音集合未覆盖；不猜测
鲸凉鹤1.1手心挂接.txt	关紧	gpjb	gpjb	未知飞键、非音码或读音集合未覆盖；不猜测
鲸凉鹤1.1手心挂接.txt	纶巾	gpjb	gpjb	未知飞键、非音码或读音集合未覆盖；不猜测
鲸凉鹤1.1手心挂接.txt	管道	gpjf	gpjf	未知飞键、非音码或读音集合未覆盖；不猜测
鲸凉鹤1.1手心挂接.txt	官道	gpjf	gpjf	未知飞键、非音码或读音集合未覆盖；不猜测
鲸凉鹤1.1手心挂接.txt	关机	gpji	gpji	未知飞键、非音码或读音集合未覆盖；不猜测
鲸凉鹤1.1手心挂接.txt	观景	gpjk	gpjk	未知飞键、非音码或读音集合未覆盖；不猜测
鲸凉鹤1.1手心挂接.txt	灌浆	gpjl	gpjl	未知飞键、非音码或读音集合未覆盖；不猜测
鲸凉鹤1.1手心挂接.txt	关键	gpjm	gpjm	未知飞键、非音码或读音集合未覆盖；不猜测
鲸凉鹤1.1手心挂接.txt	管件	gpjm	gpjm	未知飞键、非音码或读音集合未覆盖；不猜测
鲸凉鹤1.1手心挂接.txt	管教	gpjn	gpjn	未知飞键、非音码或读音集合未覆盖；不猜测
鲸凉鹤1.1手心挂接.txt	关节	gpjp	gpjp	未知飞键、非音码或读音集合未覆盖；不猜测
鲸凉鹤1.1手心挂接.txt	灌酒	gpjq	gpjq	未知飞键、非音码或读音集合未覆盖；不猜测
鲸凉鹤1.1手心挂接.txt	冠绝	gpjt	gpjt	未知飞键、非音码或读音集合未覆盖；不猜测
鲸凉鹤1.1手心挂接.txt	官爵	gpjt	gpjt	未知飞键、非音码或读音集合未覆盖；不猜测
鲸凉鹤1.1手心挂接.txt	官居	gpju	gpju	未知飞键、非音码或读音集合未覆盖；不猜测
鲸凉鹤1.1手心挂接.txt	管家	gpjx	gpjx	未知飞键、非音码或读音集合未覆盖；不猜测
鲸凉鹤1.1手心挂接.txt	冠军	gpjy	gpjy	未知飞键、非音码或读音集合未覆盖；不猜测
鲸凉鹤1.1手心挂接.txt	关键	gpjz	gpjz	未知飞键、非音码或读音集合未覆盖；不猜测
鲸凉鹤1.1手心挂接.txt	管件	gpjz	gpjz	未知飞键、非音码或读音集合未覆盖；不猜测
鲸凉鹤1.1手心挂接.txt	关卡	gpka	gpka	未知飞键、非音码或读音集合未覆盖；不猜测
鲸凉鹤1.1手心挂接.txt	关凯	gpkd	gpkd	未知飞键、非音码或读音集合未覆盖；不猜测
鲸凉鹤1.1手心挂接.txt	管科	gpke	gpke	未知飞键、非音码或读音集合未覆盖；不猜测
鲸凉鹤1.1手心挂接.txt	官坑	gpkg	gpkg	未知飞键、非音码或读音集合未覆盖；不猜测
鲸凉鹤1.1手心挂接.txt	观看	gpkj	gpkj	未知飞键、非音码或读音集合未覆盖；不猜测
鲸凉鹤1.1手心挂接.txt	管控	gpks	gpks	未知飞键、非音码或读音集合未覆盖；不猜测
鲸凉鹤1.1手心挂接.txt	管库	gpku	gpku	未知飞键、非音码或读音集合未覆盖；不猜测
鲸凉鹤1.1手心挂接.txt	管窥	gpkv	gpkv	未知飞键、非音码或读音集合未覆盖；不猜测
鲸凉鹤1.1手心挂接.txt	关口	gpkz	gpkz	未知飞键、非音码或读音集合未覆盖；不猜测
鲸凉鹤1.1手心挂接.txt	管口	gpkz	gpkz	未知飞键、非音码或读音集合未覆盖；不猜测
鲸凉鹤1.1手心挂接.txt	贯口	gpkz	gpkz	未知飞键、非音码或读音集合未覆盖；不猜测
鲸凉鹤1.1手心挂接.txt	关啦	gpla	gpla	未知飞键、非音码或读音集合未覆盖；不猜测
鲸凉鹤1.1手心挂接.txt	关林	gplb	gplb	未知飞键、非音码或读音集合未覆盖；不猜测
鲸凉鹤1.1手心挂接.txt	关了	gple	gple	未知飞键、非音码或读音集合未覆盖；不猜测
鲸凉鹤1.1手心挂接.txt	灌了	gple	gple	未知飞键、非音码或读音集合未覆盖；不猜测
鲸凉鹤1.1手心挂接.txt	管廊	gplh	gplh	未知飞键、非音码或读音集合未覆盖；不猜测
鲸凉鹤1.1手心挂接.txt	管理	gpli	gpli	未知飞键、非音码或读音集合未覆盖；不猜测
鲸凉鹤1.1手心挂接.txt	惯例	gpli	gpli	未知飞键、非音码或读音集合未覆盖；不猜测
鲸凉鹤1.1手心挂接.txt	官吏	gpli	gpli	未知飞键、非音码或读音集合未覆盖；不猜测
鲸凉鹤1.1手心挂接.txt	观礼	gpli	gpli	未知飞键、非音码或读音集合未覆盖；不猜测
鲸凉鹤1.1手心挂接.txt	灌篮	gplj	gplj	未知飞键、非音码或读音集合未覆盖；不猜测
鲸凉鹤1.1手心挂接.txt	观澜	gplj	gplj	未知飞键、非音码或读音集合未覆盖；不猜测
鲸凉鹤1.1手心挂接.txt	关岭	gplk	gplk	未知飞键、非音码或读音集合未覆盖；不猜测
鲸凉鹤1.1手心挂接.txt	冠梁	gpll	gpll	未知飞键、非音码或读音集合未覆盖；不猜测
鲸凉鹤1.1手心挂接.txt	关联	gplm	gplm	未知飞键、非音码或读音集合未覆盖；不猜测
鲸凉鹤1.1手心挂接.txt	官僚	gpln	gpln	未知飞键、非音码或读音集合未覆盖；不猜测
鲸凉鹤1.1手心挂接.txt	灌流	gplq	gplq	未知飞键、非音码或读音集合未覆盖；不猜测
鲸凉鹤1.1手心挂接.txt	管路	gplu	gplu	未知飞键、非音码或读音集合未覆盖；不猜测
鲸凉鹤1.1手心挂接.txt	官路	gplu	gplu	未知飞键、非音码或读音集合未覆盖；不猜测
鲸凉鹤1.1手心挂接.txt	关磊	gplw	gplw	未知飞键、非音码或读音集合未覆盖；不猜测
鲸凉鹤1.1手心挂接.txt	管吗	gpma	gpma	未知飞键、非音码或读音集合未覆盖；不猜测
鲸凉鹤1.1手心挂接.txt	官民	gpmb	gpmb	未知飞键、非音码或读音集合未覆盖；不猜测
鲸凉鹤1.1手心挂接.txt	管帽	gpmc	gpmc	未知飞键、非音码或读音集合未覆盖；不猜测
鲸凉鹤1.1手心挂接.txt	关麦	gpmd	gpmd	未知飞键、非音码或读音集合未覆盖；不猜测
鲸凉鹤1.1手心挂接.txt	管么	gpme	gpme	未知飞键、非音码或读音集合未覆盖；不猜测
鲸凉鹤1.1手心挂接.txt	关门	gpmf	gpmf	未知飞键、非音码或读音集合未覆盖；不猜测
鲸凉鹤1.1手心挂接.txt	官迷	gpmi	gpmi	未知飞键、非音码或读音集合未覆盖；不猜测
鲸凉鹤1.1手心挂接.txt	灌满	gpmj	gpmj	未知飞键、非音码或读音集合未覆盖；不猜测
鲸凉鹤1.1手心挂接.txt	冠名	gpmk	gpmk	未知飞键、非音码或读音集合未覆盖；不猜测
鲸凉鹤1.1手心挂接.txt	官名	gpmk	gpmk	未知飞键、非音码或读音集合未覆盖；不猜测
鲸凉鹤1.1手心挂接.txt	冠冕	gpmm	gpmm	未知飞键、非音码或读音集合未覆盖；不猜测
鲸凉鹤1.1手心挂接.txt	关庙	gpmn	gpmn	未知飞键、非音码或读音集合未覆盖；不猜测
鲸凉鹤1.1手心挂接.txt	观摩	gpmo	gpmo	未知飞键、非音码或读音集合未覆盖；不猜测
鲸凉鹤1.1手心挂接.txt	灌满	gpmr	gpmr	未知飞键、非音码或读音集合未覆盖；不猜测
鲸凉鹤1.1手心挂接.txt	灌木	gpmu	gpmu	未知飞键、非音码或读音集合未覆盖；不猜测
鲸凉鹤1.1手心挂接.txt	棺木	gpmu	gpmu	未知飞键、非音码或读音集合未覆盖；不猜测
鲸凉鹤1.1手心挂接.txt	冠美	gpmw	gpmw	未知飞键、非音码或读音集合未覆盖；不猜测
鲸凉鹤1.1手心挂接.txt	灌木	gpmx	gpmx	未知飞键、非音码或读音集合未覆盖；不猜测
鲸凉鹤1.1手心挂接.txt	棺木	gpmx	gpmx	未知飞键、非音码或读音集合未覆盖；不猜测
鲸凉鹤1.1手心挂接.txt	管呢	gpne	gpne	未知飞键、非音码或读音集合未覆盖；不猜测
鲸凉鹤1.1手心挂接.txt	官能	gpng	gpng	未知飞键、非音码或读音集合未覆盖；不猜测
鲸凉鹤1.1手心挂接.txt	管你	gpni	gpni	未知飞键、非音码或读音集合未覆盖；不猜测
鲸凉鹤1.1手心挂接.txt	灌南	gpnj	gpnj	未知飞键、非音码或读音集合未覆盖；不猜测
鲸凉鹤1.1手心挂接.txt	关宁	gpnk	gpnk	未知飞键、非音码或读音集合未覆盖；不猜测
鲸凉鹤1.1手心挂接.txt	观念	gpnm	gpnm	未知飞键、非音码或读音集合未覆盖；不猜测
鲸凉鹤1.1手心挂接.txt	观鸟	gpnn	gpnn	未知飞键、非音码或读音集合未覆盖；不猜测
鲸凉鹤1.1手心挂接.txt	管弄	gpns	gpns	未知飞键、非音码或读音集合未覆盖；不猜测
鲸凉鹤1.1手心挂接.txt	馆内	gpnw	gpnw	未知飞键、非音码或读音集合未覆盖；不猜测
鲸凉鹤1.1手心挂接.txt	灌南	gpnz	gpnz	未知飞键、非音码或读音集合未覆盖；不猜测
鲸凉鹤1.1手心挂接.txt	官品	gppb	gppb	未知飞键、非音码或读音集合未覆盖；不猜测
鲸凉鹤1.1手心挂接.txt	管坯	gppe	gppe	未知飞键、非音码或读音集合未覆盖；不猜测
鲸凉鹤1.1手心挂接.txt	管坯	gppi	gppi	未知飞键、非音码或读音集合未覆盖；不猜测
鲸凉鹤1.1手心挂接.txt	官潘	gppj	gppj	未知飞键、非音码或读音集合未覆盖；不猜测
鲸凉鹤1.1手心挂接.txt	关平	gppk	gppk	未知飞键、非音码或读音集合未覆盖；不猜测
鲸凉鹤1.1手心挂接.txt	官票	gppn	gppn	未知飞键、非音码或读音集合未覆盖；不猜测
鲸凉鹤1.1手心挂接.txt	官坡	gppo	gppo	未知飞键、非音码或读音集合未覆盖；不猜测
鲸凉鹤1.1手心挂接.txt	官坡	gpps	gpps	未知飞键、非音码或读音集合未覆盖；不猜测
鲸凉鹤1.1手心挂接.txt	官配	gppw	gppw	未知飞键、非音码或读音集合未覆盖；不猜测
鲸凉鹤1.1手心挂接.txt	关平	gppx	gppx	未知飞键、非音码或读音集合未覆盖；不猜测
鲸凉鹤1.1手心挂接.txt	冠琴	gpqb	gpqb	未知飞键、非音码或读音集合未覆盖；不猜测
鲸凉鹤1.1手心挂接.txt	关起	gpqe	gpqe	未知飞键、非音码或读音集合未覆盖；不猜测
鲸凉鹤1.1手心挂接.txt	官气	gpqi	gpqi	未知飞键、非音码或读音集合未覆盖；不猜测
鲸凉鹤1.1手心挂接.txt	官腔	gpql	gpql	未知飞键、非音码或读音集合未覆盖；不猜测
鲸凉鹤1.1手心挂接.txt	管钱	gpqm	gpqm	未知飞键、非音码或读音集合未覆盖；不猜测
鲸凉鹤1.1手心挂接.txt	官桥	gpqn	gpqn	未知飞键、非音码或读音集合未覆盖；不猜测
鲸凉鹤1.1手心挂接.txt	关卡	gpqo	gpqo	未知飞键、非音码或读音集合未覆盖；不猜测
鲸凉鹤1.1手心挂接.txt	关切	gpqp	gpqp	未知飞键、非音码或读音集合未覆盖；不猜测
鲸凉鹤1.1手心挂接.txt	管球	gpqq	gpqq	未知飞键、非音码或读音集合未覆盖；不猜测
鲸凉鹤1.1手心挂接.txt	管区	gpqu	gpqu	未知飞键、非音码或读音集合未覆盖；不猜测
鲸凉鹤1.1手心挂接.txt	关卡	gpqx	gpqx	未知飞键、非音码或读音集合未覆盖；不猜测
鲸凉鹤1.1手心挂接.txt	冠群	gpqy	gpqy	未知飞键、非音码或读音集合未覆盖；不猜测
鲸凉鹤1.1手心挂接.txt	官人	gprf	gprf	未知飞键、非音码或读音集合未覆盖；不猜测
鲸凉鹤1.1手心挂接.txt	管人	gprf	gprf	未知飞键、非音码或读音集合未覆盖；不猜测
鲸凉鹤1.1手心挂接.txt	贯日	gpri	gpri	未知飞键、非音码或读音集合未覆盖；不猜测
鲸凉鹤1.1手心挂接.txt	冠荣	gprs	gprs	未知飞键、非音码或读音集合未覆盖；不猜测
鲸凉鹤1.1手心挂接.txt	灌入	gpru	gpru	未知飞键、非音码或读音集合未覆盖；不猜测
鲸凉鹤1.1手心挂接.txt	关瑞	gprv	gprv	未知飞键、非音码或读音集合未覆盖；不猜测
鲸凉鹤1.1手心挂接.txt	观赛	gpsd	gpsd	未知飞键、非音码或读音集合未覆盖；不猜测
鲸凉鹤1.1手心挂接.txt	关塞	gpsd	gpsd	未知飞键、非音码或读音集合未覆盖；不猜测
鲸凉鹤1.1手心挂接.txt	观色	gpse	gpse	未知飞键、非音码或读音集合未覆盖；不猜测
鲸凉鹤1.1手心挂接.txt	官司	gpsi	gpsi	未知飞键、非音码或读音集合未覆盖；不猜测
鲸凉鹤1.1手心挂接.txt	关锁	gpso	gpso	未知飞键、非音码或读音集合未覆盖；不猜测
鲸凉鹤1.1手心挂接.txt	管送	gpss	gpss	未知飞键、非音码或读音集合未覆盖；不猜测
鲸凉鹤1.1手心挂接.txt	管他	gpta	gpta	未知飞键、非音码或读音集合未覆盖；不猜测
鲸凉鹤1.1手心挂接.txt	馆陶	gptc	gptc	未知飞键、非音码或读音集合未覆盖；不猜测
鲸凉鹤1.1手心挂接.txt	观台	gptd	gptd	未知飞键、非音码或读音集合未覆盖；不猜测
鲸凉鹤1.1手心挂接.txt	冠特	gpte	gpte	未知飞键、非音码或读音集合未覆盖；不猜测
鲸凉鹤1.1手心挂接.txt	冠腾	gptg	gptg	未知飞键、非音码或读音集合未覆盖；不猜测
鲸凉鹤1.1手心挂接.txt	灌汤	gpth	gpth	未知飞键、非音码或读音集合未覆盖；不猜测
鲸凉鹤1.1手心挂接.txt	罐体	gpti	gpti	未知飞键、非音码或读音集合未覆盖；不猜测
鲸凉鹤1.1手心挂接.txt	关停	gptk	gptk	未知飞键、非音码或读音集合未覆盖；不猜测
鲸凉鹤1.1手心挂接.txt	官推	gptl	gptl	未知飞键、非音码或读音集合未覆盖；不猜测
鲸凉鹤1.1手心挂接.txt	官田	gptm	gptm	未知飞键、非音码或读音集合未覆盖；不猜测
鲸凉鹤1.1手心挂接.txt	管托	gpto	gpto	未知飞键、非音码或读音集合未覆盖；不猜测
鲸凉鹤1.1手心挂接.txt	贯通	gpts	gpts	未知飞键、非音码或读音集合未覆盖；不猜测
鲸凉鹤1.1手心挂接.txt	官途	gptu	gptu	未知飞键、非音码或读音集合未覆盖；不猜测
鲸凉鹤1.1手心挂接.txt	官推	gptv	gptv	未知飞键、非音码或读音集合未覆盖；不猜测
鲸凉鹤1.1手心挂接.txt	关头	gptz	gptz	未知飞键、非音码或读音集合未覆盖；不猜测
鲸凉鹤1.1手心挂接.txt	罐头	gptz	gptz	未知飞键、非音码或读音集合未覆盖；不猜测
鲸凉鹤1.1手心挂接.txt	管啥	gpua	gpua	未知飞键、非音码或读音集合未覆盖；不猜测
鲸凉鹤1.1手心挂接.txt	关涉	gpue	gpue	未知飞键、非音码或读音集合未覆盖；不猜测
鲸凉鹤1.1手心挂接.txt	官绅	gpuf	gpuf	未知飞键、非音码或读音集合未覆盖；不猜测
鲸凉鹤1.1手心挂接.txt	关胜	gpug	gpug	未知飞键、非音码或读音集合未覆盖；不猜测
鲸凉鹤1.1手心挂接.txt	关上	gpuh	gpuh	未知飞键、非音码或读音集合未覆盖；不猜测
鲸凉鹤1.1手心挂接.txt	观赏	gpuh	gpuh	未知飞键、非音码或读音集合未覆盖；不猜测
鲸凉鹤1.1手心挂接.txt	官商	gpuh	gpuh	未知飞键、非音码或读音集合未覆盖；不猜测
鲸凉鹤1.1手心挂接.txt	管事	gpui	gpui	未知飞键、非音码或读音集合未覆盖；不猜测
鲸凉鹤1.1手心挂接.txt	莞式	gpui	gpui	未知飞键、非音码或读音集合未覆盖；不猜测
鲸凉鹤1.1手心挂接.txt	关山	gpuj	gpuj	未知飞键、非音码或读音集合未覆盖；不猜测
鲸凉鹤1.1手心挂接.txt	关双	gpul	gpul	未知飞键、非音码或读音集合未覆盖；不猜测
鲸凉鹤1.1手心挂接.txt	关说	gpuo	gpuo	未知飞键、非音码或读音集合未覆盖；不猜测
鲸凉鹤1.1手心挂接.txt	关山	gpus	gpus	未知飞键、非音码或读音集合未覆盖；不猜测
鲸凉鹤1.1手心挂接.txt	灌输	gpuu	gpuu	未知飞键、非音码或读音集合未覆盖；不猜测
鲸凉鹤1.1手心挂接.txt	管束	gpuu	gpuu	未知飞键、非音码或读音集合未覆盖；不猜测
鲸凉鹤1.1手心挂接.txt	灌水	gpuv	gpuv	未知飞键、非音码或读音集合未覆盖；不猜测
鲸凉鹤1.1手心挂接.txt	关税	gpuv	gpuv	未知飞键、非音码或读音集合未覆盖；不猜测
鲸凉鹤1.1手心挂接.txt	管谁	gpuw	gpuw	未知飞键、非音码或读音集合未覆盖；不猜测
鲸凉鹤1.1手心挂接.txt	关照	gpvc	gpvc	未知飞键、非音码或读音集合未覆盖；不猜测
鲸凉鹤1.1手心挂接.txt	观照	gpvc	gpvc	未知飞键、非音码或读音集合未覆盖；不猜测
鲸凉鹤1.1手心挂接.txt	官寨	gpvd	gpvd	未知飞键、非音码或读音集合未覆盖；不猜测
鲸凉鹤1.1手心挂接.txt	关着	gpve	gpve	未知飞键、非音码或读音集合未覆盖；不猜测
鲸凉鹤1.1手心挂接.txt	管着	gpve	gpve	未知飞键、非音码或读音集合未覆盖；不猜测
鲸凉鹤1.1手心挂接.txt	惯着	gpve	gpve	未知飞键、非音码或读音集合未覆盖；不猜测
鲸凉鹤1.1手心挂接.txt	关镇	gpvf	gpvf	未知飞键、非音码或读音集合未覆盖；不猜测
鲸凉鹤1.1手心挂接.txt	馆长	gpvh	gpvh	未知飞键、非音码或读音集合未覆盖；不猜测
鲸凉鹤1.1手心挂接.txt	官职	gpvi	gpvi	未知飞键、非音码或读音集合未覆盖；不猜测
鲸凉鹤1.1手心挂接.txt	管制	gpvi	gpvi	未知飞键、非音码或读音集合未覆盖；不猜测
鲸凉鹤1.1手心挂接.txt	观战	gpvj	gpvj	未知飞键、非音码或读音集合未覆盖；不猜测
鲸凉鹤1.1手心挂接.txt	罐装	gpvl	gpvl	未知飞键、非音码或读音集合未覆盖；不猜测
鲸凉鹤1.1手心挂接.txt	冠状	gpvl	gpvl	未知飞键、非音码或读音集合未覆盖；不猜测
鲸凉鹤1.1手心挂接.txt	冠卓	gpvo	gpvo	未知飞键、非音码或读音集合未覆盖；不猜测
鲸凉鹤1.1手心挂接.txt	观众	gpvs	gpvs	未知飞键、非音码或读音集合未覆盖；不猜测
鲸凉鹤1.1手心挂接.txt	关中	gpvs	gpvs	未知飞键、非音码或读音集合未覆盖；不猜测
鲸凉鹤1.1手心挂接.txt	管仲	gpvs	gpvs	未知飞键、非音码或读音集合未覆盖；不猜测
鲸凉鹤1.1手心挂接.txt	官中	gpvs	gpvs	未知飞键、非音码或读音集合未覆盖；不猜测
鲸凉鹤1.1手心挂接.txt	关注	gpvu	gpvu	未知飞键、非音码或读音集合未覆盖；不猜测
鲸凉鹤1.1手心挂接.txt	灌注	gpvu	gpvu	未知飞键、非音码或读音集合未覆盖；不猜测
鲸凉鹤1.1手心挂接.txt	管住	gpvu	gpvu	未知飞键、非音码或读音集合未覆盖；不猜测
鲸凉鹤1.1手心挂接.txt	管锥	gpvv	gpvv	未知飞键、非音码或读音集合未覆盖；不猜测
鲸凉鹤1.1手心挂接.txt	官洲	gpvz	gpvz	未知飞键、非音码或读音集合未覆盖；不猜测
鲸凉鹤1.1手心挂接.txt	馆娃	gpwa	gpwa	未知飞键、非音码或读音集合未覆盖；不猜测
鲸凉鹤1.1手心挂接.txt	关外	gpwd	gpwd	未知飞键、非音码或读音集合未覆盖；不猜测
鲸凉鹤1.1手心挂接.txt	观望	gpwh	gpwh	未知飞键、非音码或读音集合未覆盖；不猜测
鲸凉鹤1.1手心挂接.txt	官网	gpwh	gpwh	未知飞键、非音码或读音集合未覆盖；不猜测
鲸凉鹤1.1手心挂接.txt	灌完	gpwj	gpwj	未知飞键、非音码或读音集合未覆盖；不猜测
鲸凉鹤1.1手心挂接.txt	管我	gpwo	gpwo	未知飞键、非音码或读音集合未覆盖；不猜测
鲸凉鹤1.1手心挂接.txt	关务	gpwu	gpwu	未知飞键、非音码或读音集合未覆盖；不猜测
鲸凉鹤1.1手心挂接.txt	官位	gpww	gpww	未知飞键、非音码或读音集合未覆盖；不猜测
鲸凉鹤1.1手心挂接.txt	官威	gpww	gpww	未知飞键、非音码或读音集合未覆盖；不猜测
鲸凉鹤1.1手心挂接.txt	官微	gpww	gpww	未知飞键、非音码或读音集合未覆盖；不猜测
鲸凉鹤1.1手心挂接.txt	关心	gpxb	gpxb	未知飞键、非音码或读音集合未覆盖；不猜测
鲸凉鹤1.1手心挂接.txt	冠心	gpxb	gpxb	未知飞键、非音码或读音集合未覆盖；不猜测
鲸凉鹤1.1手心挂接.txt	关系	gpxi	gpxi	未知飞键、非音码或读音集合未覆盖；不猜测
鲸凉鹤1.1手心挂接.txt	盥洗	gpxi	gpxi	未知飞键、非音码或读音集合未覆盖；不猜测
鲸凉鹤1.1手心挂接.txt	关西	gpxi	gpxi	未知飞键、非音码或读音集合未覆盖；不猜测
鲸凉鹤1.1手心挂接.txt	惯性	gpxk	gpxk	未知飞键、非音码或读音集合未覆盖；不猜测
鲸凉鹤1.1手心挂接.txt	观星	gpxk	gpxk	未知飞键、非音码或读音集合未覆盖；不猜测
鲸凉鹤1.1手心挂接.txt	管线	gpxm	gpxm	未知飞键、非音码或读音集合未覆盖；不猜测
鲸凉鹤1.1手心挂接.txt	关小	gpxn	gpxn	未知飞键、非音码或读音集合未覆盖；不猜测
鲸凉鹤1.1手心挂接.txt	关秀	gpxq	gpxq	未知飞键、非音码或读音集合未覆盖；不猜测
鲸凉鹤1.1手心挂接.txt	官学	gpxt	gpxt	未知飞键、非音码或读音集合未覆盖；不猜测
鲸凉鹤1.1手心挂接.txt	关旭	gpxu	gpxu	未知飞键、非音码或读音集合未覆盖；不猜测
鲸凉鹤1.1手心挂接.txt	管辖	gpxx	gpxx	未知飞键、非音码或读音集合未覆盖；不猜测
鲸凉鹤1.1手心挂接.txt	官浔	gpxy	gpxy	未知飞键、非音码或读音集合未覆盖；不猜测
鲸凉鹤1.1手心挂接.txt	关押	gpya	gpya	未知飞键、非音码或读音集合未覆盖；不猜测
鲸凉鹤1.1手心挂接.txt	官衙	gpya	gpya	未知飞键、非音码或读音集合未覆盖；不猜测
鲸凉鹤1.1手心挂接.txt	冠亚	gpya	gpya	未知飞键、非音码或读音集合未覆盖；不猜测
鲸凉鹤1.1手心挂接.txt	观音	gpyb	gpyb	未知飞键、非音码或读音集合未覆盖；不猜测
鲸凉鹤1.1手心挂接.txt	官印	gpyb	gpyb	未知飞键、非音码或读音集合未覆盖；不猜测
鲸凉鹤1.1手心挂接.txt	官银	gpyb	gpyb	未知飞键、非音码或读音集合未覆盖；不猜测
鲸凉鹤1.1手心挂接.txt	官窑	gpyc	gpyc	未知飞键、非音码或读音集合未覆盖；不猜测
鲸凉鹤1.1手心挂接.txt	关于	gpyg	gpyg	未知飞键、非音码或读音集合未覆盖；不猜测
鲸凉鹤1.1手心挂接.txt	关羽	gpyg	gpyg	未知飞键、非音码或读音集合未覆盖；不猜测
鲸凉鹤1.1手心挂接.txt	官样	gpyh	gpyh	未知飞键、非音码或读音集合未覆盖；不猜测
鲸凉鹤1.1手心挂接.txt	冠以	gpyi	gpyi	未知飞键、非音码或读音集合未覆盖；不猜测
鲸凉鹤1.1手心挂接.txt	观影	gpyk	gpyk	未知飞键、非音码或读音集合未覆盖；不猜测
鲸凉鹤1.1手心挂接.txt	官员	gpyr	gpyr	未知飞键、非音码或读音集合未覆盖；不猜测
鲸凉鹤1.1手心挂接.txt	管用	gpys	gpys	未知飞键、非音码或读音集合未覆盖；不猜测
鲸凉鹤1.1手心挂接.txt	惯用	gpys	gpys	未知飞键、非音码或读音集合未覆盖；不猜测
鲸凉鹤1.1手心挂接.txt	管乐	gpyt	gpyt	未知飞键、非音码或读音集合未覆盖；不猜测
鲸凉鹤1.1手心挂接.txt	观月	gpyt	gpyt	未知飞键、非音码或读音集合未覆盖；不猜测
鲸凉鹤1.1手心挂接.txt	关于	gpyu	gpyu	未知飞键、非音码或读音集合未覆盖；不猜测
鲸凉鹤1.1手心挂接.txt	关羽	gpyu	gpyu	未知飞键、非音码或读音集合未覆盖；不猜测
鲸凉鹤1.1手心挂接.txt	官运	gpyy	gpyy	未知飞键、非音码或读音集合未覆盖；不猜测
鲸凉鹤1.1手心挂接.txt	惯有	gpyz	gpyz	未知飞键、非音码或读音集合未覆盖；不猜测
鲸凉鹤1.1手心挂接.txt	灌油	gpyz	gpyz	未知飞键、非音码或读音集合未覆盖；不猜测
鲸凉鹤1.1手心挂接.txt	关在	gpzd	gpzd	未知飞键、非音码或读音集合未覆盖；不猜测
鲸凉鹤1.1手心挂接.txt	罐子	gpzi	gpzi	未知飞键、非音码或读音集合未覆盖；不猜测
鲸凉鹤1.1手心挂接.txt	管子	gpzi	gpzi	未知飞键、非音码或读音集合未覆盖；不猜测
鲸凉鹤1.1手心挂接.txt	馆子	gpzi	gpzi	未知飞键、非音码或读音集合未覆盖；不猜测
鲸凉鹤1.1手心挂接.txt	惯纵	gpzl	gpzl	未知飞键、非音码或读音集合未覆盖；不猜测
鲸凉鹤1.1手心挂接.txt	管座	gpzo	gpzo	未知飞键、非音码或读音集合未覆盖；不猜测
鲸凉鹤1.1手心挂接.txt	关总	gpzs	gpzs	未知飞键、非音码或读音集合未覆盖；不猜测
鲸凉鹤1.1手心挂接.txt	罐组	gpzu	gpzu	未知飞键、非音码或读音集合未覆盖；不猜测
鲸凉鹤1.1手心挂接.txt	灌醉	gpzv	gpzv	未知飞键、非音码或读音集合未覆盖；不猜测
鲸凉鹤1.1手心挂接.txt	惯贼	gpzw	gpzw	未知飞键、非音码或读音集合未覆盖；不猜测
鲸凉鹤1.1手心挂接.txt	灌丛	grcl	grcl	未知飞键、非音码或读音集合未覆盖；不猜测
鲸凉鹤1.1手心挂接.txt	管道	grdl	grdl	未知飞键、非音码或读音集合未覆盖；不猜测
鲸凉鹤1.1手心挂接.txt	官道	grdl	grdl	未知飞键、非音码或读音集合未覆盖；不猜测
鲸凉鹤1.1手心挂接.txt	官鬼	grgi	grgi	未知飞键、非音码或读音集合未覆盖；不猜测
鲸凉鹤1.1手心挂接.txt	管道	grjf	grjf	未知飞键、非音码或读音集合未覆盖；不猜测
鲸凉鹤1.1手心挂接.txt	官道	grjf	grjf	未知飞键、非音码或读音集合未覆盖；不猜测
鲸凉鹤1.1手心挂接.txt	关键	grjz	grjz	未知飞键、非音码或读音集合未覆盖；不猜测
鲸凉鹤1.1手心挂接.txt	管件	grjz	grjz	未知飞键、非音码或读音集合未覆盖；不猜测
鲸凉鹤1.1手心挂接.txt	灌满	grmr	grmr	未知飞键、非音码或读音集合未覆盖；不猜测
鲸凉鹤1.1手心挂接.txt	灌木	grmx	grmx	未知飞键、非音码或读音集合未覆盖；不猜测
鲸凉鹤1.1手心挂接.txt	棺木	grmx	grmx	未知飞键、非音码或读音集合未覆盖；不猜测
鲸凉鹤1.1手心挂接.txt	灌南	grnz	grnz	未知飞键、非音码或读音集合未覆盖；不猜测
鲸凉鹤1.1手心挂接.txt	管坯	grpe	grpe	未知飞键、非音码或读音集合未覆盖；不猜测
鲸凉鹤1.1手心挂接.txt	官坡	grps	grps	未知飞键、非音码或读音集合未覆盖；不猜测
鲸凉鹤1.1手心挂接.txt	关平	grpx	grpx	未知飞键、非音码或读音集合未覆盖；不猜测
鲸凉鹤1.1手心挂接.txt	关起	grqe	grqe	未知飞键、非音码或读音集合未覆盖；不猜测
鲸凉鹤1.1手心挂接.txt	关卡	grqo	grqo	未知飞键、非音码或读音集合未覆盖；不猜测
鲸凉鹤1.1手心挂接.txt	管束	grsu	grsu	未知飞键、非音码或读音集合未覆盖；不猜测
鲸凉鹤1.1手心挂接.txt	官推	grtl	grtl	未知飞键、非音码或读音集合未覆盖；不猜测
鲸凉鹤1.1手心挂接.txt	关山	grus	grus	未知飞键、非音码或读音集合未覆盖；不猜测
鲸凉鹤1.1手心挂接.txt	关于	gryg	gryg	未知飞键、非音码或读音集合未覆盖；不猜测
鲸凉鹤1.1手心挂接.txt	关羽	gryg	gryg	未知飞键、非音码或读音集合未覆盖；不猜测
鲸凉鹤1.1手心挂接.txt	惯纵	grzl	grzl	未知飞键、非音码或读音集合未覆盖；不猜测
鲸凉鹤1.1手心挂接.txt	共从	gscl	gscl	未知飞键、非音码或读音集合未覆盖；不猜测
鲸凉鹤1.1手心挂接.txt	公道	gsdl	gsdl	未知飞键、非音码或读音集合未覆盖；不猜测
鲸凉鹤1.1手心挂接.txt	攻打	gsdw	gsdw	未知飞键、非音码或读音集合未覆盖；不猜测
鲸凉鹤1.1手心挂接.txt	共轨	gsgi	gsgi	未知飞键、非音码或读音集合未覆盖；不猜测
鲸凉鹤1.1手心挂接.txt	公关	gsgp	gsgp	未知飞键、非音码或读音集合未覆盖；不猜测
鲸凉鹤1.1手心挂接.txt	公馆	gsgp	gsgp	未知飞键、非音码或读音集合未覆盖；不猜测
鲸凉鹤1.1手心挂接.txt	公道	gsjf	gsjf	未知飞键、非音码或读音集合未覆盖；不猜测
鲸凉鹤1.1手心挂接.txt	弓箭	gsjz	gsjz	未知飞键、非音码或读音集合未覆盖；不猜测
鲸凉鹤1.1手心挂接.txt	攻坚	gsjz	gsjz	未知飞键、非音码或读音集合未覆盖；不猜测
鲸凉鹤1.1手心挂接.txt	公墓	gsmx	gsmx	未知飞键、非音码或读音集合未覆盖；不猜测
鲸凉鹤1.1手心挂接.txt	公母	gsmx	gsmx	未知飞键、非音码或读音集合未覆盖；不猜测
鲸凉鹤1.1手心挂接.txt	公亩	gsmx	gsmx	未知飞键、非音码或读音集合未覆盖；不猜测
鲸凉鹤1.1手心挂接.txt	公婆	gsps	gsps	未知飞键、非音码或读音集合未覆盖；不猜测
鲸凉鹤1.1手心挂接.txt	攻破	gsps	gsps	未知飞键、非音码或读音集合未覆盖；不猜测
鲸凉鹤1.1手心挂接.txt	公平	gspx	gspx	未知飞键、非音码或读音集合未覆盖；不猜测
鲸凉鹤1.1手心挂接.txt	公屏	gspx	gspx	未知飞键、非音码或读音集合未覆盖；不猜测
鲸凉鹤1.1手心挂接.txt	拱起	gsqe	gsqe	未知飞键、非音码或读音集合未覆盖；不猜测
鲸凉鹤1.1手心挂接.txt	公推	gstl	gstl	未知飞键、非音码或读音集合未覆盖；不猜测
鲸凉鹤1.1手心挂接.txt	贡山	gsus	gsus	未知飞键、非音码或读音集合未覆盖；不猜测
鲸凉鹤1.1手心挂接.txt	公正	gsvk	gsvk	未知飞键、非音码或读音集合未覆盖；不猜测
鲸凉鹤1.1手心挂接.txt	工整	gsvk	gsvk	未知飞键、非音码或读音集合未覆盖；不猜测
鲸凉鹤1.1手心挂接.txt	公证	gsvk	gsvk	未知飞键、非音码或读音集合未覆盖；不猜测
鲸凉鹤1.1手心挂接.txt	公休	gsxo	gsxo	未知飞键、非音码或读音集合未覆盖；不猜测
鲸凉鹤1.1手心挂接.txt	工休	gsxo	gsxo	未知飞键、非音码或读音集合未覆盖；不猜测
鲸凉鹤1.1手心挂接.txt	供需	gsxt	gsxt	未知飞键、非音码或读音集合未覆盖；不猜测
鲸凉鹤1.1手心挂接.txt	公演	gsyf	gsyf	未知飞键、非音码或读音集合未覆盖；不猜测
鲸凉鹤1.1手心挂接.txt	公寓	gsyg	gsyg	未知飞键、非音码或读音集合未覆盖；不猜测
鲸凉鹤1.1手心挂接.txt	共浴	gsyg	gsyg	未知飞键、非音码或读音集合未覆盖；不猜测
鲸凉鹤1.1手心挂接.txt	孤岛	gudl	gudl	未知飞键、非音码或读音集合未覆盖；不猜测
鲸凉鹤1.1手心挂接.txt	鼓捣	gudl	gudl	未知飞键、非音码或读音集合未覆盖；不猜测
鲸凉鹤1.1手心挂接.txt	谷关	gugp	gugp	未知飞键、非音码或读音集合未覆盖；不猜测
鲸凉鹤1.1手心挂接.txt	固件	gujz	gujz	未知飞键、非音码或读音集合未覆盖；不猜测
鲸凉鹤1.1手心挂接.txt	古剑	gujz	gujz	未知飞键、非音码或读音集合未覆盖；不猜测
鲸凉鹤1.1手心挂接.txt	骨裂	gulf	gulf	未知飞键、非音码或读音集合未覆盖；不猜测
鲸凉鹤1.1手心挂接.txt	顾漫	gumr	gumr	未知飞键、非音码或读音集合未覆盖；不猜测
鲸凉鹤1.1手心挂接.txt	古墓	gumx	gumx	未知飞键、非音码或读音集合未覆盖；不猜测
鲸凉鹤1.1手心挂接.txt	姑母	gumx	gumx	未知飞键、非音码或读音集合未覆盖；不猜测
鲸凉鹤1.1手心挂接.txt	古木	gumx	gumx	未知飞键、非音码或读音集合未覆盖；不猜测
鲸凉鹤1.1手心挂接.txt	孤男	gunz	gunz	未知飞键、非音码或读音集合未覆盖；不猜测
鲸凉鹤1.1手心挂接.txt	孤僻	gupe	gupe	未知飞键、非音码或读音集合未覆盖；不猜测
鲸凉鹤1.1手心挂接.txt	姑婆	gups	gups	未知飞键、非音码或读音集合未覆盖；不猜测
鲸凉鹤1.1手心挂接.txt	谷坡	gups	gups	未知飞键、非音码或读音集合未覆盖；不猜测
鲸凉鹤1.1手心挂接.txt	股评	gupx	gupx	未知飞键、非音码或读音集合未覆盖；不猜测
鲸凉鹤1.1手心挂接.txt	鼓起	guqe	guqe	未知飞键、非音码或读音集合未覆盖；不猜测
鲸凉鹤1.1手心挂接.txt	孤山	guus	guus	未知飞键、非音码或读音集合未覆盖；不猜测
鲸凉鹤1.1手心挂接.txt	古筝	guvk	guvk	未知飞键、非音码或读音集合未覆盖；不猜测
鲸凉鹤1.1手心挂接.txt	孤雁	guyf	guyf	未知飞键、非音码或读音集合未覆盖；不猜测
鲸凉鹤1.1手心挂接.txt	古语	guyg	guyg	未知飞键、非音码或读音集合未覆盖；不猜测
鲸凉鹤1.1手心挂接.txt	谷雨	guyg	guyg	未知飞键、非音码或读音集合未覆盖；不猜测
鲸凉鹤1.1手心挂接.txt	古棕	guzl	guzl	未知飞键、非音码或读音集合未覆盖；不猜测
鲸凉鹤1.1手心挂接.txt	轨道	gvdl	gvdl	未知飞键、非音码或读音集合未覆盖；不猜测
鲸凉鹤1.1手心挂接.txt	跪倒	gvdl	gvdl	未知飞键、非音码或读音集合未覆盖；不猜测
鲸凉鹤1.1手心挂接.txt	窥度	gvdo	gvdo	未知飞键、非音码或读音集合未覆盖；不猜测
鲸凉鹤1.1手心挂接.txt	桂冠	gvgp	gvgp	未知飞键、非音码或读音集合未覆盖；不猜测
鲸凉鹤1.1手心挂接.txt	垝垣	gvhg	gvhg	未知飞键、非音码或读音集合未覆盖；不猜测
鲸凉鹤1.1手心挂接.txt	轨道	gvjf	gvjf	未知飞键、非音码或读音集合未覆盖；不猜测
鲸凉鹤1.1手心挂接.txt	鬼道	gvjf	gvjf	未知飞键、非音码或读音集合未覆盖；不猜测
鲸凉鹤1.1手心挂接.txt	贵贱	gvjz	gvjz	未知飞键、非音码或读音集合未覆盖；不猜测
鲸凉鹤1.1手心挂接.txt	龟裂	gvlf	gvlf	未知飞键、非音码或读音集合未覆盖；不猜测
鲸凉鹤1.1手心挂接.txt	鬼母	gvmx	gvmx	未知飞键、非音码或读音集合未覆盖；不猜测
鲸凉鹤1.1手心挂接.txt	贵南	gvnz	gvnz	未知飞键、非音码或读音集合未覆盖；不猜测
鲸凉鹤1.1手心挂接.txt	桂皮	gvpe	gvpe	未知飞键、非音码或读音集合未覆盖；不猜测
鲸凉鹤1.1手心挂接.txt	鬼婆	gvps	gvps	未知飞键、非音码或读音集合未覆盖；不猜测
鲸凉鹤1.1手心挂接.txt	桂平	gvpx	gvpx	未知飞键、非音码或读音集合未覆盖；不猜测
鲸凉鹤1.1手心挂接.txt	龟山	gvus	gvus	未知飞键、非音码或读音集合未覆盖；不猜测
鲸凉鹤1.1手心挂接.txt	规整	gvvk	gvvk	未知飞键、非音码或读音集合未覆盖；不猜测
鲸凉鹤1.1手心挂接.txt	闺秀	gvxo	gvxo	未知飞键、非音码或读音集合未覆盖；不猜测
鲸凉鹤1.1手心挂接.txt	鬼眼	gvyf	gvyf	未知飞键、非音码或读音集合未覆盖；不猜测
鲸凉鹤1.1手心挂接.txt	归雁	gvyf	gvyf	未知飞键、非音码或读音集合未覆盖；不猜测
鲸凉鹤1.1手心挂接.txt	贵烟	gvyf	gvyf	未知飞键、非音码或读音集合未覆盖；不猜测
鲸凉鹤1.1手心挂接.txt	桂鱼	gvyg	gvyg	未知飞键、非音码或读音集合未覆盖；不猜测
鲸凉鹤1.1手心挂接.txt	归宗	gvzl	gvzl	未知飞键、非音码或读音集合未覆盖；不猜测
鲸凉鹤1.1手心挂接.txt	给到	gwdl	gwdl	未知飞键、非音码或读音集合未覆盖；不猜测
鲸凉鹤1.1手心挂接.txt	给打	gwdw	gwdw	未知飞键、非音码或读音集合未覆盖；不猜测
鲸凉鹤1.1手心挂接.txt	给跪	gwgi	gwgi	未知飞键、非音码或读音集合未覆盖；不猜测
鲸凉鹤1.1手心挂接.txt	给删	gwus	gwus	未知飞键、非音码或读音集合未覆盖；不猜测
鲸凉鹤1.1手心挂接.txt	给眼	gwyf	gwyf	未知飞键、非音码或读音集合未覆盖；不猜测
鲸凉鹤1.1手心挂接.txt	给予	gwyg	gwyg	未知飞键、非音码或读音集合未覆盖；不猜测
鲸凉鹤1.1手心挂接.txt	挂到	gxdl	gxdl	未知飞键、非音码或读音集合未覆盖；不猜测
鲸凉鹤1.1手心挂接.txt	刮到	gxdl	gxdl	未知飞键、非音码或读音集合未覆盖；不猜测
鲸凉鹤1.1手心挂接.txt	挂冠	gxgp	gxgp	未知飞键、非音码或读音集合未覆盖；不猜测
鲸凉鹤1.1手心挂接.txt	挂哥	gxgw	gxgw	未知飞键、非音码或读音集合未覆盖；不猜测
鲸凉鹤1.1手心挂接.txt	挂件	gxjz	gxjz	未知飞键、非音码或读音集合未覆盖；不猜测
鲸凉鹤1.1手心挂接.txt	挂满	gxmr	gxmr	未知飞键、非音码或读音集合未覆盖；不猜测
鲸凉鹤1.1手心挂接.txt	刮目	gxmx	gxmx	未知飞键、非音码或读音集合未覆盖；不猜测
鲸凉鹤1.1手心挂接.txt	瓜皮	gxpe	gxpe	未知飞键、非音码或读音集合未覆盖；不猜测
鲸凉鹤1.1手心挂接.txt	瓜批	gxpe	gxpe	未知飞键、非音码或读音集合未覆盖；不猜测
鲸凉鹤1.1手心挂接.txt	鸹貔	gxpe	gxpe	未知飞键、非音码或读音集合未覆盖；不猜测
鲸凉鹤1.1手心挂接.txt	刮破	gxps	gxps	未知飞键、非音码或读音集合未覆盖；不猜测
鲸凉鹤1.1手心挂接.txt	刮平	gxpx	gxpx	未知飞键、非音码或读音集合未覆盖；不猜测
鲸凉鹤1.1手心挂接.txt	挂起	gxqe	gxqe	未知飞键、非音码或读音集合未覆盖；不猜测
鲸凉鹤1.1手心挂接.txt	刮起	gxqe	gxqe	未知飞键、非音码或读音集合未覆盖；不猜测
鲸凉鹤1.1手心挂接.txt	呱嗒	gxta	gxta	未知飞键、非音码或读音集合未覆盖；不猜测
鲸凉鹤1.1手心挂接.txt	瓜山	gxus	gxus	未知飞键、非音码或读音集合未覆盖；不猜测
鲸凉鹤1.1手心挂接.txt	挂证	gxvk	gxvk	未知飞键、非音码或读音集合未覆盖；不猜测
鲸凉鹤1.1手心挂接.txt	寡欲	gxyg	gxyg	未知飞键、非音码或读音集合未覆盖；不猜测
鲸凉鹤1.1手心挂接.txt	滚到	gydl	gydl	未知飞键、非音码或读音集合未覆盖；不猜测
鲸凉鹤1.1手心挂接.txt	滚刀	gydl	gydl	未知飞键、非音码或读音集合未覆盖；不猜测
鲸凉鹤1.1手心挂接.txt	滚打	gydw	gydw	未知飞键、非音码或读音集合未覆盖；不猜测
鲸凉鹤1.1手心挂接.txt	滚木	gymx	gymx	未知飞键、非音码或读音集合未覆盖；不猜测
鲸凉鹤1.1手心挂接.txt	滚屏	gypx	gypx	未知飞键、非音码或读音集合未覆盖；不猜测
鲸凉鹤1.1手心挂接.txt	苟从	gzcl	gzcl	未知飞键、非音码或读音集合未覆盖；不猜测
鲸凉鹤1.1手心挂接.txt	够到	gzdl	gzdl	未知飞键、非音码或读音集合未覆盖；不猜测
鲸凉鹤1.1手心挂接.txt	沟道	gzdl	gzdl	未知飞键、非音码或读音集合未覆盖；不猜测
鲸凉鹤1.1手心挂接.txt	够贵	gzgi	gzgi	未知飞键、非音码或读音集合未覆盖；不猜测
鲸凉鹤1.1手心挂接.txt	狗官	gzgp	gzgp	未知飞键、非音码或读音集合未覆盖；不猜测
鲸凉鹤1.1手心挂接.txt	构建	gzjz	gzjz	未知飞键、非音码或读音集合未覆盖；不猜测
鲸凉鹤1.1手心挂接.txt	够咯	gzlo	gzlo	未知飞键、非音码或读音集合未覆盖；不猜测
鲸凉鹤1.1手心挂接.txt	够慢	gzmr	gzmr	未知飞键、非音码或读音集合未覆盖；不猜测
鲸凉鹤1.1手心挂接.txt	狗屁	gzpe	gzpe	未知飞键、非音码或读音集合未覆盖；不猜测
鲸凉鹤1.1手心挂接.txt	勾起	gzqe	gzqe	未知飞键、非音码或读音集合未覆盖；不猜测
鲸凉鹤1.1手心挂接.txt	狗腿	gztl	gztl	未知飞键、非音码或读音集合未覆盖；不猜测
鲸凉鹤1.1手心挂接.txt	狗眼	gzyf	gzyf	未知飞键、非音码或读音集合未覆盖；不猜测
鲸凉鹤1.1手心挂接.txt	勾玉	gzyg	gzyg	未知飞键、非音码或读音集合未覆盖；不猜测
鲸凉鹤1.1手心挂接.txt	哈建	hajz	hajz	未知飞键、非音码或读音集合未覆盖；不猜测
鲸凉鹤1.1手心挂接.txt	虾蟆	hama	hama	未知飞键、非音码或读音集合未覆盖；不猜测
鲸凉鹤1.1手心挂接.txt	哈曼	hamr	hamr	未知飞键、非音码或读音集合未覆盖；不猜测
鲸凉鹤1.1手心挂接.txt	哈姆	hamx	hamx	未知飞键、非音码或读音集合未覆盖；不猜测
鲸凉鹤1.1手心挂接.txt	哈南	hanz	hanz	未知飞键、非音码或读音集合未覆盖；不猜测
鲸凉鹤1.1手心挂接.txt	哈皮	hape	hape	未知飞键、非音码或读音集合未覆盖；不猜测
鲸凉鹤1.1手心挂接.txt	哈平	hapx	hapx	未知飞键、非音码或读音集合未覆盖；不猜测
鲸凉鹤1.1手心挂接.txt	哈语	hayg	hayg	未知飞键、非音码或读音集合未覆盖；不猜测
鲸凉鹤1.1手心挂接.txt	好到	hcdl	hcdl	未知飞键、非音码或读音集合未覆盖；不猜测
鲸凉鹤1.1手心挂接.txt	好刀	hcdl	hcdl	未知飞键、非音码或读音集合未覆盖；不猜测
鲸凉鹤1.1手心挂接.txt	好屌	hcdn	hcdn	未知飞键、非音码或读音集合未覆盖；不猜测
鲸凉鹤1.1手心挂接.txt	好诶	hcei	hcei	未知飞键、非音码或读音集合未覆盖；不猜测
鲸凉鹤1.1手心挂接.txt	好贵	hcgi	hcgi	未知飞键、非音码或读音集合未覆盖；不猜测
鲸凉鹤1.1手心挂接.txt	好官	hcgp	hcgp	未知飞键、非音码或读音集合未覆盖；不猜测
鲸凉鹤1.1手心挂接.txt	好几	hcje	hcje	未知飞键、非音码或读音集合未覆盖；不猜测
鲸凉鹤1.1手心挂接.txt	好囧	hcjs	hcjs	未知飞键、非音码或读音集合未覆盖；不猜测
鲸凉鹤1.1手心挂接.txt	好贱	hcjz	hcjz	未知飞键、非音码或读音集合未覆盖；不猜测
鲸凉鹤1.1手心挂接.txt	好咧	hclf	hclf	未知飞键、非音码或读音集合未覆盖；不猜测
鲸凉鹤1.1手心挂接.txt	好咯	hclo	hclo	未知飞键、非音码或读音集合未覆盖；不猜测
鲸凉鹤1.1手心挂接.txt	好慢	hcmr	hcmr	未知飞键、非音码或读音集合未覆盖；不猜测
鲸凉鹤1.1手心挂接.txt	好难	hcnz	hcnz	未知飞键、非音码或读音集合未覆盖；不猜测
鲸凉鹤1.1手心挂接.txt	好屁	hcpe	hcpe	未知飞键、非音码或读音集合未覆盖；不猜测
鲸凉鹤1.1手心挂接.txt	好评	hcpx	hcpx	未知飞键、非音码或读音集合未覆盖；不猜测
鲸凉鹤1.1手心挂接.txt	好推	hctl	hctl	未知飞键、非音码或读音集合未覆盖；不猜测
鲸凉鹤1.1手心挂接.txt	好闪	hcus	hcus	未知飞键、非音码或读音集合未覆盖；不猜测
鲸凉鹤1.1手心挂接.txt	好正	hcvk	hcvk	未知飞键、非音码或读音集合未覆盖；不猜测
鲸凉鹤1.1手心挂接.txt	豪言	hcyf	hcyf	未知飞键、非音码或读音集合未覆盖；不猜测
鲸凉鹤1.1手心挂接.txt	好烟	hcyf	hcyf	未知飞键、非音码或读音集合未覆盖；不猜测
鲸凉鹤1.1手心挂接.txt	好于	hcyg	hcyg	未知飞键、非音码或读音集合未覆盖；不猜测
鲸凉鹤1.1手心挂接.txt	还从	hdcl	hdcl	未知飞键、非音码或读音集合未覆盖；不猜测
鲸凉鹤1.1手心挂接.txt	海盗	hddl	hddl	未知飞键、非音码或读音集合未覆盖；不猜测
鲸凉鹤1.1手心挂接.txt	海岛	hddl	hddl	未知飞键、非音码或读音集合未覆盖；不猜测
鲸凉鹤1.1手心挂接.txt	海龟	hdgi	hdgi	未知飞键、非音码或读音集合未覆盖；不猜测
鲸凉鹤1.1手心挂接.txt	海归	hdgi	hdgi	未知飞键、非音码或读音集合未覆盖；不猜测
鲸凉鹤1.1手心挂接.txt	海关	hdgp	hdgp	未知飞键、非音码或读音集合未覆盖；不猜测
鲸凉鹤1.1手心挂接.txt	还管	hdgp	hdgp	未知飞键、非音码或读音集合未覆盖；不猜测
鲸凉鹤1.1手心挂接.txt	还见	hdjz	hdjz	未知飞键、非音码或读音集合未覆盖；不猜测
鲸凉鹤1.1手心挂接.txt	还蛮	hdmr	hdmr	未知飞键、非音码或读音集合未覆盖；不猜测
鲸凉鹤1.1手心挂接.txt	还木	hdmx	hdmx	未知飞键、非音码或读音集合未覆盖；不猜测
鲸凉鹤1.1手心挂接.txt	海南	hdnz	hdnz	未知飞键、非音码或读音集合未覆盖；不猜测
鲸凉鹤1.1手心挂接.txt	海难	hdnz	hdnz	未知飞键、非音码或读音集合未覆盖；不猜测
鲸凉鹤1.1手心挂接.txt	嗨皮	hdpe	hdpe	未知飞键、非音码或读音集合未覆盖；不猜测
鲸凉鹤1.1手心挂接.txt	海平	hdpx	hdpx	未知飞键、非音码或读音集合未覆盖；不猜测
鲸凉鹤1.1手心挂接.txt	还退	hdtl	hdtl	未知飞键、非音码或读音集合未覆盖；不猜测
鲸凉鹤1.1手心挂接.txt	海山	hdus	hdus	未知飞键、非音码或读音集合未覆盖；不猜测
鲸凉鹤1.1手心挂接.txt	还整	hdvk	hdvk	未知飞键、非音码或读音集合未覆盖；不猜测
鲸凉鹤1.1手心挂接.txt	害羞	hdxo	hdxo	未知飞键、非音码或读音集合未覆盖；不猜测
鲸凉鹤1.1手心挂接.txt	海燕	hdyf	hdyf	未知飞键、非音码或读音集合未覆盖；不猜测
鲸凉鹤1.1手心挂接.txt	海域	hdyg	hdyg	未知飞键、非音码或读音集合未覆盖；不猜测
鲸凉鹤1.1手心挂接.txt	还总	hdzl	hdzl	未知飞键、非音码或读音集合未覆盖；不猜测
鲸凉鹤1.1手心挂接.txt	还赚	hdzr	hdzr	未知飞键、非音码或读音集合未覆盖；不猜测
鲸凉鹤1.1手心挂接.txt	何从	hecl	hecl	未知飞键、非音码或读音集合未覆盖；不猜测
鲸凉鹤1.1手心挂接.txt	河道	hedl	hedl	未知飞键、非音码或读音集合未覆盖；不猜测
鲸凉鹤1.1手心挂接.txt	喝道	hedl	hedl	未知飞键、非音码或读音集合未覆盖；不猜测
鲸凉鹤1.1手心挂接.txt	合规	hegi	hegi	未知飞键、非音码或读音集合未覆盖；不猜测
鲸凉鹤1.1手心挂接.txt	荷官	hegp	hegp	未知飞键、非音码或读音集合未覆盖；不猜测
鲸凉鹤1.1手心挂接.txt	喝道	hejf	hejf	未知飞键、非音码或读音集合未覆盖；不猜测
鲸凉鹤1.1手心挂接.txt	河道	hejf	hejf	未知飞键、非音码或读音集合未覆盖；不猜测
鲸凉鹤1.1手心挂接.txt	核减	hejz	hejz	未知飞键、非音码或读音集合未覆盖；不猜测
鲸凉鹤1.1手心挂接.txt	赫曼	hemr	hemr	未知飞键、非音码或读音集合未覆盖；不猜测
鲸凉鹤1.1手心挂接.txt	和睦	hemx	hemx	未知飞键、非音码或读音集合未覆盖；不猜测
鲸凉鹤1.1手心挂接.txt	河南	henz	henz	未知飞键、非音码或读音集合未覆盖；不猜测
鲸凉鹤1.1手心挂接.txt	核批	hepe	hepe	未知飞键、非音码或读音集合未覆盖；不猜测
鲸凉鹤1.1手心挂接.txt	河婆	heps	heps	未知飞键、非音码或读音集合未覆盖；不猜测
鲸凉鹤1.1手心挂接.txt	和平	hepx	hepx	未知飞键、非音码或读音集合未覆盖；不猜测
鲸凉鹤1.1手心挂接.txt	核平	hepx	hepx	未知飞键、非音码或读音集合未覆盖；不猜测
鲸凉鹤1.1手心挂接.txt	和洽	heqo	heqo	未知飞键、非音码或读音集合未覆盖；不猜测
鲸凉鹤1.1手心挂接.txt	喝退	hetl	hetl	未知飞键、非音码或读音集合未覆盖；不猜测
鲸凉鹤1.1手心挂接.txt	合推	hetl	hetl	未知飞键、非音码或读音集合未覆盖；不猜测
鲸凉鹤1.1手心挂接.txt	和善	heus	heus	未知飞键、非音码或读音集合未覆盖；不猜测
鲸凉鹤1.1手心挂接.txt	河山	heus	heus	未知飞键、非音码或读音集合未覆盖；不猜测
鲸凉鹤1.1手心挂接.txt	核善	heus	heus	未知飞键、非音码或读音集合未覆盖；不猜测
鲸凉鹤1.1手心挂接.txt	和政	hevk	hevk	未知飞键、非音码或读音集合未覆盖；不猜测
鲸凉鹤1.1手心挂接.txt	合眼	heyf	heyf	未知飞键、非音码或读音集合未覆盖；不猜测
鲸凉鹤1.1手心挂接.txt	核验	heyf	heyf	未知飞键、非音码或读音集合未覆盖；不猜测
鲸凉鹤1.1手心挂接.txt	和玉	heyg	heyg	未知飞键、非音码或读音集合未覆盖；不猜测
鲸凉鹤1.1手心挂接.txt	合纵	hezl	hezl	未知飞键、非音码或读音集合未覆盖；不猜测
鲸凉鹤1.1手心挂接.txt	何总	hezl	hezl	未知飞键、非音码或读音集合未覆盖；不猜测
鲸凉鹤1.1手心挂接.txt	很屌	hfdn	hfdn	未知飞键、非音码或读音集合未覆盖；不猜测
鲸凉鹤1.1手心挂接.txt	很贵	hfgi	hfgi	未知飞键、非音码或读音集合未覆盖；不猜测
鲸凉鹤1.1手心挂接.txt	很囧	hfjs	hfjs	未知飞键、非音码或读音集合未覆盖；不猜测
鲸凉鹤1.1手心挂接.txt	很贱	hfjz	hfjz	未知飞键、非音码或读音集合未覆盖；不猜测
鲸凉鹤1.1手心挂接.txt	很烈	hflf	hflf	未知飞键、非音码或读音集合未覆盖；不猜测
鲸凉鹤1.1手心挂接.txt	很慢	hfmr	hfmr	未知飞键、非音码或读音集合未覆盖；不猜测
鲸凉鹤1.1手心挂接.txt	很难	hfnz	hfnz	未知飞键、非音码或读音集合未覆盖；不猜测
鲸凉鹤1.1手心挂接.txt	很皮	hfpe	hfpe	未知飞键、非音码或读音集合未覆盖；不猜测
鲸凉鹤1.1手心挂接.txt	狠批	hfpe	hfpe	未知飞键、非音码或读音集合未覆盖；不猜测
鲸凉鹤1.1手心挂接.txt	很破	hfps	hfps	未知飞键、非音码或读音集合未覆盖；不猜测
鲸凉鹤1.1手心挂接.txt	很平	hfpx	hfpx	未知飞键、非音码或读音集合未覆盖；不猜测
鲸凉鹤1.1手心挂接.txt	很颓	hftl	hftl	未知飞键、非音码或读音集合未覆盖；不猜测
鲸凉鹤1.1手心挂接.txt	很闪	hfus	hfus	未知飞键、非音码或读音集合未覆盖；不猜测
鲸凉鹤1.1手心挂接.txt	很正	hfvk	hfvk	未知飞键、非音码或读音集合未覆盖；不猜测
鲸凉鹤1.1手心挂接.txt	很严	hfyf	hfyf	未知飞键、非音码或读音集合未覆盖；不猜测
鲸凉鹤1.1手心挂接.txt	横道	hgdl	hgdl	未知飞键、非音码或读音集合未覆盖；不猜测
鲸凉鹤1.1手心挂接.txt	横刀	hgdl	hgdl	未知飞键、非音码或读音集合未覆盖；不猜测
鲸凉鹤1.1手心挂接.txt	横亘	hggg	hggg	未知飞键、非音码或读音集合未覆盖；不猜测
鲸凉鹤1.1手心挂接.txt	横贯	hggp	hggp	未知飞键、非音码或读音集合未覆盖；不猜测
鲸凉鹤1.1手心挂接.txt	恒建	hgjz	hgjz	未知飞键、非音码或读音集合未覆盖；不猜测
鲸凉鹤1.1手心挂接.txt	横蛮	hgmr	hgmr	未知飞键、非音码或读音集合未覆盖；不猜测
鲸凉鹤1.1手心挂接.txt	横木	hgmx	hgmx	未知飞键、非音码或读音集合未覆盖；不猜测
鲸凉鹤1.1手心挂接.txt	衡南	hgnz	hgnz	未知飞键、非音码或读音集合未覆盖；不猜测
鲸凉鹤1.1手心挂接.txt	横批	hgpe	hgpe	未知飞键、非音码或读音集合未覆盖；不猜测
鲸凉鹤1.1手心挂接.txt	横披	hgpe	hgpe	未知飞键、非音码或读音集合未覆盖；不猜测
鲸凉鹤1.1手心挂接.txt	横坡	hgps	hgps	未知飞键、非音码或读音集合未覆盖；不猜测
鲸凉鹤1.1手心挂接.txt	横屏	hgpx	hgpx	未知飞键、非音码或读音集合未覆盖；不猜测
鲸凉鹤1.1手心挂接.txt	横评	hgpx	hgpx	未知飞键、非音码或读音集合未覆盖；不猜测
鲸凉鹤1.1手心挂接.txt	横推	hgtl	hgtl	未知飞键、非音码或读音集合未覆盖；不猜测
鲸凉鹤1.1手心挂接.txt	衡山	hgus	hgus	未知飞键、非音码或读音集合未覆盖；不猜测
鲸凉鹤1.1手心挂接.txt	恒山	hgus	hgus	未知飞键、非音码或读音集合未覆盖；不猜测
鲸凉鹤1.1手心挂接.txt	横向	hgxj	hgxj	未知飞键、非音码或读音集合未覆盖；不猜测
鲸凉鹤1.1手心挂接.txt	横纵	hgzl	hgzl	未知飞键、非音码或读音集合未覆盖；不猜测
鲸凉鹤1.1手心挂接.txt	航道	hhdl	hhdl	未知飞键、非音码或读音集合未覆盖；不猜测
鲸凉鹤1.1手心挂接.txt	巷道	hhdl	hhdl	未知飞键、非音码或读音集合未覆盖；不猜测
鲸凉鹤1.1手心挂接.txt	行规	hhgi	hhgi	未知飞键、非音码或读音集合未覆盖；不猜测
鲸凉鹤1.1手心挂接.txt	航管	hhgp	hhgp	未知飞键、非音码或读音集合未覆盖；不猜测
鲸凉鹤1.1手心挂接.txt	航道	hhjf	hhjf	未知飞键、非音码或读音集合未覆盖；不猜测
鲸凉鹤1.1手心挂接.txt	行间	hhjz	hhjz	未知飞键、非音码或读音集合未覆盖；不猜测
鲸凉鹤1.1手心挂接.txt	行列	hhlf	hhlf	未知飞键、非音码或读音集合未覆盖；不猜测
鲸凉鹤1.1手心挂接.txt	航母	hhmx	hhmx	未知飞键、非音码或读音集合未覆盖；不猜测
鲸凉鹤1.1手心挂接.txt	航南	hhnz	hhnz	未知飞键、非音码或读音集合未覆盖；不猜测
鲸凉鹤1.1手心挂接.txt	航向	hhxj	hhxj	未知飞键、非音码或读音集合未覆盖；不猜测
鲸凉鹤1.1手心挂接.txt	行研	hhyf	hhyf	未知飞键、非音码或读音集合未覆盖；不猜测
鲸凉鹤1.1手心挂接.txt	喊道	hjdl	hjdl	未知飞键、非音码或读音集合未覆盖；不猜测
鲸凉鹤1.1手心挂接.txt	旱稻	hjdl	hjdl	未知飞键、非音码或读音集合未覆盖；不猜测
鲸凉鹤1.1手心挂接.txt	喊打	hjdw	hjdw	未知飞键、非音码或读音集合未覆盖；不猜测
鲸凉鹤1.1手心挂接.txt	寒伧	hjif	hjif	未知飞键、非音码或读音集合未覆盖；不猜测
鲸凉鹤1.1手心挂接.txt	喊道	hjjf	hjjf	未知飞键、非音码或读音集合未覆盖；不猜测
鲸凉鹤1.1手心挂接.txt	罕见	hjjz	hjjz	未知飞键、非音码或读音集合未覆盖；不猜测
鲸凉鹤1.1手心挂接.txt	汉奸	hjjz	hjjz	未知飞键、非音码或读音集合未覆盖；不猜测
鲸凉鹤1.1手心挂接.txt	汗漫	hjmr	hjmr	未知飞键、非音码或读音集合未覆盖；不猜测
鲸凉鹤1.1手心挂接.txt	汉姆	hjmx	hjmx	未知飞键、非音码或读音集合未覆盖；不猜测
鲸凉鹤1.1手心挂接.txt	汉南	hjnz	hjnz	未知飞键、非音码或读音集合未覆盖；不猜测
鲸凉鹤1.1手心挂接.txt	憨批	hjpe	hjpe	未知飞键、非音码或读音集合未覆盖；不猜测
鲸凉鹤1.1手心挂接.txt	喊破	hjps	hjps	未知飞键、非音码或读音集合未覆盖；不猜测
鲸凉鹤1.1手心挂接.txt	韩平	hjpx	hjpx	未知飞键、非音码或读音集合未覆盖；不猜测
鲸凉鹤1.1手心挂接.txt	寒腿	hjtl	hjtl	未知飞键、非音码或读音集合未覆盖；不猜测
鲸凉鹤1.1手心挂接.txt	汗衫	hjus	hjus	未知飞键、非音码或读音集合未覆盖；不猜测
鲸凉鹤1.1手心挂接.txt	寒颤	hjvj	hjvj	未知飞键、非音码或读音集合未覆盖；不猜测
鲸凉鹤1.1手心挂接.txt	汗蒸	hjvk	hjvk	未知飞键、非音码或读音集合未覆盖；不猜测
鲸凉鹤1.1手心挂接.txt	含羞	hjxo	hjxo	未知飞键、非音码或读音集合未覆盖；不猜测
鲸凉鹤1.1手心挂接.txt	汗颜	hjyf	hjyf	未知飞键、非音码或读音集合未覆盖；不猜测
鲸凉鹤1.1手心挂接.txt	旱烟	hjyf	hjyf	未知飞键、非音码或读音集合未覆盖；不猜测
鲸凉鹤1.1手心挂接.txt	汉语	hjyg	hjyg	未知飞键、非音码或读音集合未覆盖；不猜测
鲸凉鹤1.1手心挂接.txt	韩语	hjyg	hjyg	未知飞键、非音码或读音集合未覆盖；不猜测
鲸凉鹤1.1手心挂接.txt	韩娱	hjyg	hjyg	未知飞键、非音码或读音集合未覆盖；不猜测
鲸凉鹤1.1手心挂接.txt	韩总	hjzl	hjzl	未知飞键、非音码或读音集合未覆盖；不猜测
鲸凉鹤1.1手心挂接.txt	坏道	hkdl	hkdl	未知飞键、非音码或读音集合未覆盖；不猜测
鲸凉鹤1.1手心挂接.txt	怀归	hkgi	hkgi	未知飞键、非音码或读音集合未覆盖；不猜测
鲸凉鹤1.1手心挂接.txt	坏件	hkjz	hkjz	未知飞键、非音码或读音集合未覆盖；不猜测
鲸凉鹤1.1手心挂接.txt	槐木	hkmx	hkmx	未知飞键、非音码或读音集合未覆盖；不猜测
鲸凉鹤1.1手心挂接.txt	淮南	hknz	hknz	未知飞键、非音码或读音集合未覆盖；不猜测
鲸凉鹤1.1手心挂接.txt	淮山	hkus	hkus	未知飞键、非音码或读音集合未覆盖；不猜测
鲸凉鹤1.1手心挂接.txt	磺胺	hlan	hlan	未知飞键、非音码或读音集合未覆盖；不猜测
鲸凉鹤1.1手心挂接.txt	黄疸	hlda	hlda	未知飞键、非音码或读音集合未覆盖；不猜测
鲸凉鹤1.1手心挂接.txt	荒岛	hldl	hldl	未知飞键、非音码或读音集合未覆盖；不猜测
鲸凉鹤1.1手心挂接.txt	黄岛	hldl	hldl	未知飞键、非音码或读音集合未覆盖；不猜测
鲸凉鹤1.1手心挂接.txt	黄贵	hlgi	hlgi	未知飞键、非音码或读音集合未覆盖；不猜测
鲸凉鹤1.1手心挂接.txt	皇冠	hlgp	hlgp	未知飞键、非音码或读音集合未覆盖；不猜测
鲸凉鹤1.1手心挂接.txt	黄建	hljz	hljz	未知飞键、非音码或读音集合未覆盖；不猜测
鲸凉鹤1.1手心挂接.txt	荒蛮	hlmr	hlmr	未知飞键、非音码或读音集合未覆盖；不猜测
鲸凉鹤1.1手心挂接.txt	黄漫	hlmr	hlmr	未知飞键、非音码或读音集合未覆盖；不猜测
鲸凉鹤1.1手心挂接.txt	荒木	hlmx	hlmx	未知飞键、非音码或读音集合未覆盖；不猜测
鲸凉鹤1.1手心挂接.txt	黄南	hlnz	hlnz	未知飞键、非音码或读音集合未覆盖；不猜测
鲸凉鹤1.1手心挂接.txt	荒僻	hlpe	hlpe	未知飞键、非音码或读音集合未覆盖；不猜测
鲸凉鹤1.1手心挂接.txt	黄陂	hlpe	hlpe	未知飞键、非音码或读音集合未覆盖；不猜测
鲸凉鹤1.1手心挂接.txt	黄婆	hlps	hlps	未知飞键、非音码或读音集合未覆盖；不猜测
鲸凉鹤1.1手心挂接.txt	荒坡	hlps	hlps	未知飞键、非音码或读音集合未覆盖；不猜测
鲸凉鹤1.1手心挂接.txt	黄瓶	hlpx	hlpx	未知飞键、非音码或读音集合未覆盖；不猜测
鲸凉鹤1.1手心挂接.txt	磺酸	hlsr	hlsr	未知飞键、非音码或读音集合未覆盖；不猜测
鲸凉鹤1.1手心挂接.txt	黄推	hltl	hltl	未知飞键、非音码或读音集合未覆盖；不猜测
鲸凉鹤1.1手心挂接.txt	荒山	hlus	hlus	未知飞键、非音码或读音集合未覆盖；不猜测
鲸凉鹤1.1手心挂接.txt	黄鳝	hlus	hlus	未知飞键、非音码或读音集合未覆盖；不猜测
鲸凉鹤1.1手心挂接.txt	黄山	hlus	hlus	未知飞键、非音码或读音集合未覆盖；不猜测
鲸凉鹤1.1手心挂接.txt	荒政	hlvk	hlvk	未知飞键、非音码或读音集合未覆盖；不猜测
鲸凉鹤1.1手心挂接.txt	谎言	hlyf	hlyf	未知飞键、非音码或读音集合未覆盖；不猜测
鲸凉鹤1.1手心挂接.txt	晃眼	hlyf	hlyf	未知飞键、非音码或读音集合未覆盖；不猜测
鲸凉鹤1.1手心挂接.txt	黄鱼	hlyg	hlyg	未知飞键、非音码或读音集合未覆盖；不猜测
鲸凉鹤1.1手心挂接.txt	黄总	hlzl	hlzl	未知飞键、非音码或读音集合未覆盖；不猜测
鲸凉鹤1.1手心挂接.txt	或从	hocl	hocl	未知飞键、非音码或读音集合未覆盖；不猜测
鲸凉鹤1.1手心挂接.txt	活到	hodl	hodl	未知飞键、非音码或读音集合未覆盖；不猜测
鲸凉鹤1.1手心挂接.txt	货到	hodl	hodl	未知飞键、非音码或读音集合未覆盖；不猜测
鲸凉鹤1.1手心挂接.txt	货柜	hogi	hogi	未知飞键、非音码或读音集合未覆盖；不猜测
鲸凉鹤1.1手心挂接.txt	火罐	hogp	hogp	未知飞键、非音码或读音集合未覆盖；不猜测
鲸凉鹤1.1手心挂接.txt	火箭	hojz	hojz	未知飞键、非音码或读音集合未覆盖；不猜测
鲸凉鹤1.1手心挂接.txt	火烈	holf	holf	未知飞键、非音码或读音集合未覆盖；不猜测
鲸凉鹤1.1手心挂接.txt	霍曼	homr	homr	未知飞键、非音码或读音集合未覆盖；不猜测
鲸凉鹤1.1手心挂接.txt	火男	honz	honz	未知飞键、非音码或读音集合未覆盖；不猜测
鲸凉鹤1.1手心挂接.txt	获批	hope	hope	未知飞键、非音码或读音集合未覆盖；不猜测
鲸凉鹤1.1手心挂接.txt	活泼	hops	hops	未知飞键、非音码或读音集合未覆盖；不猜测
鲸凉鹤1.1手心挂接.txt	获评	hopx	hopx	未知飞键、非音码或读音集合未覆盖；不猜测
鲸凉鹤1.1手心挂接.txt	火腿	hotl	hotl	未知飞键、非音码或读音集合未覆盖；不猜测
鲸凉鹤1.1手心挂接.txt	火山	hous	hous	未知飞键、非音码或读音集合未覆盖；不猜测
鲸凉鹤1.1手心挂接.txt	火焰	hoyf	hoyf	未知飞键、非音码或读音集合未覆盖；不猜测
鲸凉鹤1.1手心挂接.txt	火炎	hoyf	hoyf	未知飞键、非音码或读音集合未覆盖；不猜测
鲸凉鹤1.1手心挂接.txt	火雨	hoyg	hoyg	未知飞键、非音码或读音集合未覆盖；不猜测
鲸凉鹤1.1手心挂接.txt	或与	hoyg	hoyg	未知飞键、非音码或读音集合未覆盖；不猜测
鲸凉鹤1.1手心挂接.txt	火鬃	hozl	hozl	未知飞键、非音码或读音集合未覆盖；不猜测
鲸凉鹤1.1手心挂接.txt	换趵	hrbo	hrbo	未知飞键、非音码或读音集合未覆盖；不猜测
鲸凉鹤1.1手心挂接.txt	还从	hrcl	hrcl	未知飞键、非音码或读音集合未覆盖；不猜测
鲸凉鹤1.1手心挂接.txt	换到	hrdl	hrdl	未知飞键、非音码或读音集合未覆盖；不猜测
鲸凉鹤1.1手心挂接.txt	环岛	hrdl	hrdl	未知飞键、非音码或读音集合未覆盖；不猜测
鲸凉鹤1.1手心挂接.txt	还到	hrdl	hrdl	未知飞键、非音码或读音集合未覆盖；不猜测
鲸凉鹤1.1手心挂接.txt	环规	hrgi	hrgi	未知飞键、非音码或读音集合未覆盖；不猜测
鲸凉鹤1.1手心挂接.txt	宦官	hrgp	hrgp	未知飞键、非音码或读音集合未覆盖；不猜测
鲸凉鹤1.1手心挂接.txt	换件	hrjz	hrjz	未知飞键、非音码或读音集合未覆盖；不猜测
鲸凉鹤1.1手心挂接.txt	换咯	hrlo	hrlo	未知飞键、非音码或读音集合未覆盖；不猜测
鲸凉鹤1.1手心挂接.txt	缓慢	hrmr	hrmr	未知飞键、非音码或读音集合未覆盖；不猜测
鲸凉鹤1.1手心挂接.txt	环牧	hrmx	hrmx	未知飞键、非音码或读音集合未覆盖；不猜测
鲸凉鹤1.1手心挂接.txt	患难	hrnz	hrnz	未知飞键、非音码或读音集合未覆盖；不猜测
鲸凉鹤1.1手心挂接.txt	换皮	hrpe	hrpe	未知飞键、非音码或读音集合未覆盖；不猜测
鲸凉鹤1.1手心挂接.txt	缓坡	hrps	hrps	未知飞键、非音码或读音集合未覆盖；不猜测
鲸凉鹤1.1手心挂接.txt	环评	hrpx	hrpx	未知飞键、非音码或读音集合未覆盖；不猜测
鲸凉鹤1.1手心挂接.txt	唤起	hrqe	hrqe	未知飞键、非音码或读音集合未覆盖；不猜测
鲸凉鹤1.1手心挂接.txt	欢洽	hrqo	hrqo	未知飞键、非音码或读音集合未覆盖；不猜测
鲸凉鹤1.1手心挂接.txt	环山	hrus	hrus	未知飞键、非音码或读音集合未覆盖；不猜测
鲸凉鹤1.1手心挂接.txt	换证	hrvk	hrvk	未知飞键、非音码或读音集合未覆盖；不猜测
鲸凉鹤1.1手心挂接.txt	欢颜	hryf	hryf	未知飞键、非音码或读音集合未覆盖；不猜测
鲸凉鹤1.1手心挂接.txt	寰宇	hryg	hryg	未知飞键、非音码或读音集合未覆盖；不猜测
鲸凉鹤1.1手心挂接.txt	欢愉	hryg	hryg	未知飞键、非音码或读音集合未覆盖；不猜测
鲸凉鹤1.1手心挂接.txt	鲩鱼	hryg	hryg	未知飞键、非音码或读音集合未覆盖；不猜测
鲸凉鹤1.1手心挂接.txt	桓宗	hrzl	hrzl	未知飞键、非音码或读音集合未覆盖；不猜测
鲸凉鹤1.1手心挂接.txt	红葱	hscl	hscl	未知飞键、非音码或读音集合未覆盖；不猜测
鲸凉鹤1.1手心挂接.txt	红岛	hsdl	hsdl	未知飞键、非音码或读音集合未覆盖；不猜测
鲸凉鹤1.1手心挂接.txt	弘道	hsdl	hsdl	未知飞键、非音码或读音集合未覆盖；不猜测
鲸凉鹤1.1手心挂接.txt	红桂	hsgi	hsgi	未知飞键、非音码或读音集合未覆盖；不猜测
鲸凉鹤1.1手心挂接.txt	宏观	hsgp	hsgp	未知飞键、非音码或读音集合未覆盖；不猜测
鲸凉鹤1.1手心挂接.txt	红犼	hshz	hshz	未知飞键、非音码或读音集合未覆盖；不猜测
鲸凉鹤1.1手心挂接.txt	宏碁	hsiq	hsiq	未知飞键、非音码或读音集合未覆盖；不猜测
鲸凉鹤1.1手心挂接.txt	红箭	hsjz	hsjz	未知飞键、非音码或读音集合未覆盖；不猜测
鲸凉鹤1.1手心挂接.txt	洪烈	hslf	hslf	未知飞键、非音码或读音集合未覆盖；不猜测
鲸凉鹤1.1手心挂接.txt	红木	hsmx	hsmx	未知飞键、非音码或读音集合未覆盖；不猜测
鲸凉鹤1.1手心挂接.txt	红男	hsnz	hsnz	未知飞键、非音码或读音集合未覆盖；不猜测
鲸凉鹤1.1手心挂接.txt	红皮	hspe	hspe	未知飞键、非音码或读音集合未覆盖；不猜测
鲸凉鹤1.1手心挂接.txt	烘焙	hspw	hspw	未知飞键、非音码或读音集合未覆盖；不猜测
鲸凉鹤1.1手心挂接.txt	红瓶	hspx	hspx	未知飞键、非音码或读音集合未覆盖；不猜测
鲸凉鹤1.1手心挂接.txt	宏碁	hsqi	hsqi	未知飞键、非音码或读音集合未覆盖；不猜测
鲸凉鹤1.1手心挂接.txt	洪山	hsus	hsus	未知飞键、非音码或读音集合未覆盖；不猜测
鲸凉鹤1.1手心挂接.txt	宏正	hsvk	hsvk	未知飞键、非音码或读音集合未覆盖；不猜测
鲸凉鹤1.1手心挂接.txt	轰向	hsxj	hsxj	未知飞键、非音码或读音集合未覆盖；不猜测
鲸凉鹤1.1手心挂接.txt	红袖	hsxo	hsxo	未知飞键、非音码或读音集合未覆盖；不猜测
鲸凉鹤1.1手心挂接.txt	红颜	hsyf	hsyf	未知飞键、非音码或读音集合未覆盖；不猜测
鲸凉鹤1.1手心挂接.txt	鸿雁	hsyf	hsyf	未知飞键、非音码或读音集合未覆盖；不猜测
鲸凉鹤1.1手心挂接.txt	红眼	hsyf	hsyf	未知飞键、非音码或读音集合未覆盖；不猜测
鲸凉鹤1.1手心挂接.txt	红岩	hsyf	hsyf	未知飞键、非音码或读音集合未覆盖；不猜测
鲸凉鹤1.1手心挂接.txt	红玉	hsyg	hsyg	未知飞键、非音码或读音集合未覆盖；不猜测
鲸凉鹤1.1手心挂接.txt	扈从	hucl	hucl	未知飞键、非音码或读音集合未覆盖；不猜测
鲸凉鹤1.1手心挂接.txt	互道	hudl	hudl	未知飞键、非音码或读音集合未覆盖；不猜测
鲸凉鹤1.1手心挂接.txt	护道	hudl	hudl	未知飞键、非音码或读音集合未覆盖；不猜测
鲸凉鹤1.1手心挂接.txt	壶关	hugp	hugp	未知飞键、非音码或读音集合未覆盖；不猜测
鲸凉鹤1.1手心挂接.txt	护肩	hujz	hujz	未知飞键、非音码或读音集合未覆盖；不猜测
鲸凉鹤1.1手心挂接.txt	胡建	hujz	hujz	未知飞键、非音码或读音集合未覆盖；不猜测
鲸凉鹤1.1手心挂接.txt	胡烈	hulf	hulf	未知飞键、非音码或读音集合未覆盖；不猜测
鲸凉鹤1.1手心挂接.txt	湖南	hunz	hunz	未知飞键、非音码或读音集合未覆盖；不猜测
鲸凉鹤1.1手心挂接.txt	虎皮	hupe	hupe	未知飞键、非音码或读音集合未覆盖；不猜测
鲸凉鹤1.1手心挂接.txt	狐皮	hupe	hupe	未知飞键、非音码或读音集合未覆盖；不猜测
鲸凉鹤1.1手心挂接.txt	槲皮	hupe	hupe	未知飞键、非音码或读音集合未覆盖；不猜测
鲸凉鹤1.1手心挂接.txt	湖泊	hups	hups	未知飞键、非音码或读音集合未覆盖；不猜测
鲸凉鹤1.1手心挂接.txt	琥珀	hups	hups	未知飞键、非音码或读音集合未覆盖；不猜测
鲸凉鹤1.1手心挂接.txt	虎魄	hups	hups	未知飞键、非音码或读音集合未覆盖；不猜测
鲸凉鹤1.1手心挂接.txt	互掐	huqo	huqo	未知飞键、非音码或读音集合未覆盖；不猜测
鲸凉鹤1.1手心挂接.txt	护腿	hutl	hutl	未知飞键、非音码或读音集合未覆盖；不猜测
鲸凉鹤1.1手心挂接.txt	互推	hutl	hutl	未知飞键、非音码或读音集合未覆盖；不猜测
鲸凉鹤1.1手心挂接.txt	忽闪	huus	huus	未知飞键、非音码或读音集合未覆盖；不猜测
鲸凉鹤1.1手心挂接.txt	互删	huus	huus	未知飞键、非音码或读音集合未覆盖；不猜测
鲸凉鹤1.1手心挂接.txt	胡正	huvk	huvk	未知飞键、非音码或读音集合未覆盖；不猜测
鲸凉鹤1.1手心挂接.txt	护袖	huxo	huxo	未知飞键、非音码或读音集合未覆盖；不猜测
鲸凉鹤1.1手心挂接.txt	虎嗅	huxo	huxo	未知飞键、非音码或读音集合未覆盖；不猜测
鲸凉鹤1.1手心挂接.txt	胡言	huyf	huyf	未知飞键、非音码或读音集合未覆盖；不猜测
鲸凉鹤1.1手心挂接.txt	护眼	huyf	huyf	未知飞键、非音码或读音集合未覆盖；不猜测
鲸凉鹤1.1手心挂接.txt	呼吁	huyg	huyg	未知飞键、非音码或读音集合未覆盖；不猜测
鲸凉鹤1.1手心挂接.txt	胡总	huzl	huzl	未知飞键、非音码或读音集合未覆盖；不猜测
鲸凉鹤1.1手心挂接.txt	会从	hvcl	hvcl	未知飞键、非音码或读音集合未覆盖；不猜测
鲸凉鹤1.1手心挂接.txt	回到	hvdl	hvdl	未知飞键、非音码或读音集合未覆盖；不猜测
鲸凉鹤1.1手心挂接.txt	挥刀	hvdl	hvdl	未知飞键、非音码或读音集合未覆盖；不猜测
鲸凉鹤1.1手心挂接.txt	回归	hvgi	hvgi	未知飞键、非音码或读音集合未覆盖；不猜测
鲸凉鹤1.1手心挂接.txt	会馆	hvgp	hvgp	未知飞键、非音码或读音集合未覆盖；不猜测
鲸凉鹤1.1手心挂接.txt	回灌	hvgp	hvgp	未知飞键、非音码或读音集合未覆盖；不猜测
鲸凉鹤1.1手心挂接.txt	回道	hvjf	hvjf	未知飞键、非音码或读音集合未覆盖；不猜测
鲸凉鹤1.1手心挂接.txt	会见	hvjz	hvjz	未知飞键、非音码或读音集合未覆盖；不猜测
鲸凉鹤1.1手心挂接.txt	挥剑	hvjz	hvjz	未知飞键、非音码或读音集合未覆盖；不猜测
鲸凉鹤1.1手心挂接.txt	回见	hvjz	hvjz	未知飞键、非音码或读音集合未覆盖；不猜测
鲸凉鹤1.1手心挂接.txt	回满	hvmr	hvmr	未知飞键、非音码或读音集合未覆盖；不猜测
鲸凉鹤1.1手心挂接.txt	回目	hvmx	hvmx	未知飞键、非音码或读音集合未覆盖；不猜测
鲸凉鹤1.1手心挂接.txt	睢宁	hvnk	hvnk	未知飞键、非音码或读音集合未覆盖；不猜测
鲸凉鹤1.1手心挂接.txt	惠南	hvnz	hvnz	未知飞键、非音码或读音集合未覆盖；不猜测
鲸凉鹤1.1手心挂接.txt	灰皮	hvpe	hvpe	未知飞键、非音码或读音集合未覆盖；不猜测
鲸凉鹤1.1手心挂接.txt	回评	hvpx	hvpx	未知飞键、非音码或读音集合未覆盖；不猜测
鲸凉鹤1.1手心挂接.txt	回退	hvtl	hvtl	未知飞键、非音码或读音集合未覆盖；不猜测
鲸凉鹤1.1手心挂接.txt	回府	hvuf	hvuf	未知飞键、非音码或读音集合未覆盖；不猜测
鲸凉鹤1.1手心挂接.txt	回删	hvus	hvus	未知飞键、非音码或读音集合未覆盖；不猜测
鲸凉鹤1.1手心挂接.txt	回证	hvvk	hvvk	未知飞键、非音码或读音集合未覆盖；不猜测
鲸凉鹤1.1手心挂接.txt	挥袖	hvxo	hvxo	未知飞键、非音码或读音集合未覆盖；不猜测
鲸凉鹤1.1手心挂接.txt	睢盱	hvxu	hvxu	未知飞键、非音码或读音集合未覆盖；不猜测
鲸凉鹤1.1手心挂接.txt	慧眼	hvyf	hvyf	未知飞键、非音码或读音集合未覆盖；不猜测
鲸凉鹤1.1手心挂接.txt	汇演	hvyf	hvyf	未知飞键、非音码或读音集合未覆盖；不猜测
鲸凉鹤1.1手心挂接.txt	会与	hvyg	hvyg	未知飞键、非音码或读音集合未覆盖；不猜测
鲸凉鹤1.1手心挂接.txt	毁于	hvyg	hvyg	未知飞键、非音码或读音集合未覆盖；不猜测
鲸凉鹤1.1手心挂接.txt	汇总	hvzl	hvzl	未知飞键、非音码或读音集合未覆盖；不猜测
鲸凉鹤1.1手心挂接.txt	徽宗	hvzl	hvzl	未知飞键、非音码或读音集合未覆盖；不猜测
鲸凉鹤1.1手心挂接.txt	黑道	hwdl	hwdl	未知飞键、非音码或读音集合未覆盖；不猜测
鲸凉鹤1.1手心挂接.txt	黑鬼	hwgi	hwgi	未知飞键、非音码或读音集合未覆盖；不猜测
鲸凉鹤1.1手心挂接.txt	黑管	hwgp	hwgp	未知飞键、非音码或读音集合未覆盖；不猜测
鲸凉鹤1.1手心挂接.txt	黑道	hwjf	hwjf	未知飞键、非音码或读音集合未覆盖；不猜测
鲸凉鹤1.1手心挂接.txt	黑剑	hwjz	hwjz	未知飞键、非音码或读音集合未覆盖；不猜测
鲸凉鹤1.1手心挂接.txt	嗨咯	hwlo	hwlo	未知飞键、非音码或读音集合未覆盖；不猜测
鲸凉鹤1.1手心挂接.txt	黑幕	hwmx	hwmx	未知飞键、非音码或读音集合未覆盖；不猜测
鲸凉鹤1.1手心挂接.txt	黑皮	hwpe	hwpe	未知飞键、非音码或读音集合未覆盖；不猜测
鲸凉鹤1.1手心挂接.txt	黑屏	hwpx	hwpx	未知飞键、非音码或读音集合未覆盖；不猜测
鲸凉鹤1.1手心挂接.txt	黑山	hwus	hwus	未知飞键、非音码或读音集合未覆盖；不猜测
鲸凉鹤1.1手心挂接.txt	黑闪	hwus	hwus	未知飞键、非音码或读音集合未覆盖；不猜测
鲸凉鹤1.1手心挂接.txt	嘿咻	hwxo	hwxo	未知飞键、非音码或读音集合未覆盖；不猜测
鲸凉鹤1.1手心挂接.txt	黑烟	hwyf	hwyf	未知飞键、非音码或读音集合未覆盖；不猜测
鲸凉鹤1.1手心挂接.txt	黑眼	hwyf	hwyf	未知飞键、非音码或读音集合未覆盖；不猜测
鲸凉鹤1.1手心挂接.txt	黑炎	hwyf	hwyf	未知飞键、非音码或读音集合未覆盖；不猜测
鲸凉鹤1.1手心挂接.txt	黑鱼	hwyg	hwyg	未知飞键、非音码或读音集合未覆盖；不猜测
鲸凉鹤1.1手心挂接.txt	花丛	hxcl	hxcl	未知飞键、非音码或读音集合未覆盖；不猜测
鲸凉鹤1.1手心挂接.txt	滑倒	hxdl	hxdl	未知飞键、非音码或读音集合未覆盖；不猜测
鲸凉鹤1.1手心挂接.txt	滑到	hxdl	hxdl	未知飞键、非音码或读音集合未覆盖；不猜测
鲸凉鹤1.1手心挂接.txt	华贵	hxgi	hxgi	未知飞键、非音码或读音集合未覆盖；不猜测
鲸凉鹤1.1手心挂接.txt	划归	hxgi	hxgi	未知飞键、非音码或读音集合未覆盖；不猜测
鲸凉鹤1.1手心挂接.txt	滑跪	hxgi	hxgi	未知飞键、非音码或读音集合未覆盖；不猜测
鲸凉鹤1.1手心挂接.txt	滑轨	hxgi	hxgi	未知飞键、非音码或读音集合未覆盖；不猜测
鲸凉鹤1.1手心挂接.txt	花冠	hxgp	hxgp	未知飞键、非音码或读音集合未覆盖；不猜测
鲸凉鹤1.1手心挂接.txt	画完	hxjw	hxjw	未知飞键、非音码或读音集合未覆盖；不猜测
鲸凉鹤1.1手心挂接.txt	花剑	hxjz	hxjz	未知飞键、非音码或读音集合未覆盖；不猜测
鲸凉鹤1.1手心挂接.txt	讹谬	hxmq	hxmq	未知飞键、非音码或读音集合未覆盖；不猜测
鲸凉鹤1.1手心挂接.txt	画满	hxmr	hxmr	未知飞键、非音码或读音集合未覆盖；不猜测
鲸凉鹤1.1手心挂接.txt	花木	hxmx	hxmx	未知飞键、非音码或读音集合未覆盖；不猜测
鲸凉鹤1.1手心挂接.txt	桦木	hxmx	hxmx	未知飞键、非音码或读音集合未覆盖；不猜测
鲸凉鹤1.1手心挂接.txt	化募	hxmx	hxmx	未知飞键、非音码或读音集合未覆盖；不猜测
鲸凉鹤1.1手心挂接.txt	华南	hxnz	hxnz	未知飞键、非音码或读音集合未覆盖；不猜测
鲸凉鹤1.1手心挂接.txt	画皮	hxpe	hxpe	未知飞键、非音码或读音集合未覆盖；不猜测
鲸凉鹤1.1手心挂接.txt	滑坡	hxps	hxps	未知飞键、非音码或读音集合未覆盖；不猜测
鲸凉鹤1.1手心挂接.txt	划破	hxps	hxps	未知飞键、非音码或读音集合未覆盖；不猜测
鲸凉鹤1.1手心挂接.txt	花瓶	hxpx	hxpx	未知飞键、非音码或读音集合未覆盖；不猜测
鲸凉鹤1.1手心挂接.txt	花屏	hxpx	hxpx	未知飞键、非音码或读音集合未覆盖；不猜测
鲸凉鹤1.1手心挂接.txt	华山	hxus	hxus	未知飞键、非音码或读音集合未覆盖；不猜测
鲸凉鹤1.1手心挂接.txt	华政	hxvk	hxvk	未知飞键、非音码或读音集合未覆盖；不猜测
鲸凉鹤1.1手心挂接.txt	化验	hxyf	hxyf	未知飞键、非音码或读音集合未覆盖；不猜测
鲸凉鹤1.1手心挂接.txt	花眼	hxyf	hxyf	未知飞键、非音码或读音集合未覆盖；不猜测
鲸凉鹤1.1手心挂接.txt	话语	hxyg	hxyg	未知飞键、非音码或读音集合未覆盖；不猜测
鲸凉鹤1.1手心挂接.txt	华语	hxyg	hxyg	未知飞键、非音码或读音集合未覆盖；不猜测
鲸凉鹤1.1手心挂接.txt	花语	hxyg	hxyg	未知飞键、非音码或读音集合未覆盖；不猜测
鲸凉鹤1.1手心挂接.txt	昏倒	hydl	hydl	未知飞键、非音码或读音集合未覆盖；不猜测
鲸凉鹤1.1手心挂接.txt	混到	hydl	hydl	未知飞键、非音码或读音集合未覆盖；不猜测
鲸凉鹤1.1手心挂接.txt	混打	hydw	hydw	未知飞键、非音码或读音集合未覆盖；不猜测
鲸凉鹤1.1手心挂接.txt	魂归	hygi	hygi	未知飞键、非音码或读音集合未覆盖；不猜测
鲸凉鹤1.1手心挂接.txt	混剪	hyjz	hyjz	未知飞键、非音码或读音集合未覆盖；不猜测
鲸凉鹤1.1手心挂接.txt	婚检	hyjz	hyjz	未知飞键、非音码或读音集合未覆盖；不猜测
鲸凉鹤1.1手心挂接.txt	浑南	hynz	hynz	未知飞键、非音码或读音集合未覆盖；不猜测
鲸凉鹤1.1手心挂接.txt	混批	hype	hype	未知飞键、非音码或读音集合未覆盖；不猜测
鲸凉鹤1.1手心挂接.txt	魂魄	hyps	hyps	未知飞键、非音码或读音集合未覆盖；不猜测
鲸凉鹤1.1手心挂接.txt	婚宴	hyyf	hyyf	未知飞键、非音码或读音集合未覆盖；不猜测
鲸凉鹤1.1手心挂接.txt	混烟	hyyf	hyyf	未知飞键、非音码或读音集合未覆盖；不猜测
鲸凉鹤1.1手心挂接.txt	婚育	hyyg	hyyg	未知飞键、非音码或读音集合未覆盖；不猜测
鲸凉鹤1.1手心挂接.txt	混浴	hyyg	hyyg	未知飞键、非音码或读音集合未覆盖；不猜测
鲸凉鹤1.1手心挂接.txt	厚道	hzdl	hzdl	未知飞键、非音码或读音集合未覆盖；不猜测
鲸凉鹤1.1手心挂接.txt	吼道	hzdl	hzdl	未知飞键、非音码或读音集合未覆盖；不猜测
鲸凉鹤1.1手心挂接.txt	侯贵	hzgi	hzgi	未知飞键、非音码或读音集合未覆盖；不猜测
鲸凉鹤1.1手心挂接.txt	喉管	hzgp	hzgp	未知飞键、非音码或读音集合未覆盖；不猜测
鲸凉鹤1.1手心挂接.txt	吼道	hzjf	hzjf	未知飞键、非音码或读音集合未覆盖；不猜测
鲸凉鹤1.1手心挂接.txt	侯建	hzjz	hzjz	未知飞键、非音码或读音集合未覆盖；不猜测
鲸凉鹤1.1手心挂接.txt	後来	hzld	hzld	未知飞键、非音码或读音集合未覆盖；不猜测
鲸凉鹤1.1手心挂接.txt	侯曼	hzmr	hzmr	未知飞键、非音码或读音集合未覆盖；不猜测
鲸凉鹤1.1手心挂接.txt	后母	hzmx	hzmx	未知飞键、非音码或读音集合未覆盖；不猜测
鲸凉鹤1.1手心挂接.txt	猴男	hznz	hznz	未知飞键、非音码或读音集合未覆盖；不猜测
鲸凉鹤1.1手心挂接.txt	厚皮	hzpe	hzpe	未知飞键、非音码或读音集合未覆盖；不猜测
鲸凉鹤1.1手心挂接.txt	厚朴	hzps	hzps	未知飞键、非音码或读音集合未覆盖；不猜测
鲸凉鹤1.1手心挂接.txt	后坡	hzps	hzps	未知飞键、非音码或读音集合未覆盖；不猜测
鲸凉鹤1.1手心挂接.txt	后起	hzqe	hzqe	未知飞键、非音码或读音集合未覆盖；不猜测
鲸凉鹤1.1手心挂接.txt	后退	hztl	hztl	未知飞键、非音码或读音集合未覆盖；不猜测
鲸凉鹤1.1手心挂接.txt	后腿	hztl	hztl	未知飞键、非音码或读音集合未覆盖；不猜测
鲸凉鹤1.1手心挂接.txt	后山	hzus	hzus	未知飞键、非音码或读音集合未覆盖；不猜测
鲸凉鹤1.1手心挂接.txt	猴山	hzus	hzus	未知飞键、非音码或读音集合未覆盖；不猜测
鲸凉鹤1.1手心挂接.txt	后整	hzvk	hzvk	未知飞键、非音码或读音集合未覆盖；不猜测
鲸凉鹤1.1手心挂接.txt	后延	hzyf	hzyf	未知飞键、非音码或读音集合未覆盖；不猜测
鲸凉鹤1.1手心挂接.txt	查到	iadl	iadl	未知飞键、非音码或读音集合未覆盖；不猜测
鲸凉鹤1.1手心挂接.txt	岔道	iadl	iadl	未知飞键、非音码或读音集合未覆盖；不猜测
鲸凉鹤1.1手心挂接.txt	查柜	iagi	iagi	未知飞键、非音码或读音集合未覆盖；不猜测
鲸凉鹤1.1手心挂接.txt	茶馆	iagp	iagp	未知飞键、非音码或读音集合未覆盖；不猜测
鲸凉鹤1.1手心挂接.txt	插管	iagp	iagp	未知飞键、非音码或读音集合未覆盖；不猜测
鲸凉鹤1.1手心挂接.txt	茶几	iaje	iaje	未知飞键、非音码或读音集合未覆盖；不猜测
鲸凉鹤1.1手心挂接.txt	岔道	iajf	iajf	未知飞键、非音码或读音集合未覆盖；不猜测
鲸凉鹤1.1手心挂接.txt	插件	iajz	iajz	未知飞键、非音码或读音集合未覆盖；不猜测
鲸凉鹤1.1手心挂接.txt	插满	iamr	iamr	未知飞键、非音码或读音集合未覆盖；不猜测
鲸凉鹤1.1手心挂接.txt	茶南	ianz	ianz	未知飞键、非音码或读音集合未覆盖；不猜测
鲸凉鹤1.1手心挂接.txt	查破	iaps	iaps	未知飞键、非音码或读音集合未覆盖；不猜测
鲸凉鹤1.1手心挂接.txt	差评	iapx	iapx	未知飞键、非音码或读音集合未覆盖；不猜测
鲸凉鹤1.1手心挂接.txt	茶瓶	iapx	iapx	未知飞键、非音码或读音集合未覆盖；不猜测
鲸凉鹤1.1手心挂接.txt	茶山	iaus	iaus	未知飞键、非音码或读音集合未覆盖；不猜测
鲸凉鹤1.1手心挂接.txt	查证	iavk	iavk	未知飞键、非音码或读音集合未覆盖；不猜测
鲸凉鹤1.1手心挂接.txt	查修	iaxo	iaxo	未知飞键、非音码或读音集合未覆盖；不猜测
鲸凉鹤1.1手心挂接.txt	茶锈	iaxo	iaxo	未知飞键、非音码或读音集合未覆盖；不猜测
鲸凉鹤1.1手心挂接.txt	查验	iayf	iayf	未知飞键、非音码或读音集合未覆盖；不猜测
鲸凉鹤1.1手心挂接.txt	插眼	iayf	iayf	未知飞键、非音码或读音集合未覆盖；不猜测
鲸凉鹤1.1手心挂接.txt	茶语	iayg	iayg	未知飞键、非音码或读音集合未覆盖；不猜测
鲸凉鹤1.1手心挂接.txt	超导	icdl	icdl	未知飞键、非音码或读音集合未覆盖；不猜测
鲸凉鹤1.1手心挂接.txt	吵到	icdl	icdl	未知飞键、非音码或读音集合未覆盖；不猜测
鲸凉鹤1.1手心挂接.txt	炒到	icdl	icdl	未知飞键、非音码或读音集合未覆盖；不猜测
鲸凉鹤1.1手心挂接.txt	超屌	icdn	icdn	未知飞键、非音码或读音集合未覆盖；不猜测
鲸凉鹤1.1手心挂接.txt	超贵	icgi	icgi	未知飞键、非音码或读音集合未覆盖；不猜测
鲸凉鹤1.1手心挂接.txt	超管	icgp	icgp	未知飞键、非音码或读音集合未覆盖；不猜测
鲸凉鹤1.1手心挂接.txt	朝官	icgp	icgp	未知飞键、非音码或读音集合未覆盖；不猜测
鲸凉鹤1.1手心挂接.txt	朝见	icjz	icjz	未知飞键、非音码或读音集合未覆盖；不猜测
鲸凉鹤1.1手心挂接.txt	剿灭	icmp	icmp	未知飞键、非音码或读音集合未覆盖；不猜测
鲸凉鹤1.1手心挂接.txt	超慢	icmr	icmr	未知飞键、非音码或读音集合未覆盖；不猜测
鲸凉鹤1.1手心挂接.txt	嘲谑	icnt	icnt	未知飞键、非音码或读音集合未覆盖；不猜测
鲸凉鹤1.1手心挂接.txt	朝南	icnz	icnz	未知飞键、非音码或读音集合未覆盖；不猜测
鲸凉鹤1.1手心挂接.txt	潮男	icnz	icnz	未知飞键、非音码或读音集合未覆盖；不猜测
鲸凉鹤1.1手心挂接.txt	朝批	icpe	icpe	未知飞键、非音码或读音集合未覆盖；不猜测
鲸凉鹤1.1手心挂接.txt	焯批	icpe	icpe	未知飞键、非音码或读音集合未覆盖；不猜测
鲸凉鹤1.1手心挂接.txt	超平	icpx	icpx	未知飞键、非音码或读音集合未覆盖；不猜测
鲸凉鹤1.1手心挂接.txt	剿说	icuo	icuo	未知飞键、非音码或读音集合未覆盖；不猜测
鲸凉鹤1.1手心挂接.txt	潮汕	icus	icus	未知飞键、非音码或读音集合未覆盖；不猜测
鲸凉鹤1.1手心挂接.txt	朝政	icvk	icvk	未知飞键、非音码或读音集合未覆盖；不猜测
鲸凉鹤1.1手心挂接.txt	超正	icvk	icvk	未知飞键、非音码或读音集合未覆盖；不猜测
鲸凉鹤1.1手心挂接.txt	朝向	icxj	icxj	未知飞键、非音码或读音集合未覆盖；不猜测
鲸凉鹤1.1手心挂接.txt	超秀	icxo	icxo	未知飞键、非音码或读音集合未覆盖；不猜测
鲸凉鹤1.1手心挂接.txt	超验	icyf	icyf	未知飞键、非音码或读音集合未覆盖；不猜测
鲸凉鹤1.1手心挂接.txt	超宇	icyg	icyg	未知飞键、非音码或读音集合未覆盖；不猜测
鲸凉鹤1.1手心挂接.txt	柴刀	iddl	iddl	未知飞键、非音码或读音集合未覆盖；不猜测
鲸凉鹤1.1手心挂接.txt	柴桂	idgi	idgi	未知飞键、非音码或读音集合未覆盖；不猜测
鲸凉鹤1.1手心挂接.txt	拆冠	idgp	idgp	未知飞键、非音码或读音集合未覆盖；不猜测
鲸凉鹤1.1手心挂接.txt	拆建	idjz	idjz	未知飞键、非音码或读音集合未覆盖；不猜测
鲸凉鹤1.1手心挂接.txt	拆件	idjz	idjz	未知飞键、非音码或读音集合未覆盖；不猜测
鲸凉鹤1.1手心挂接.txt	柴草	idlc	idlc	未知飞键、非音码或读音集合未覆盖；不猜测
鲸凉鹤1.1手心挂接.txt	拆词	idli	idli	未知飞键、非音码或读音集合未覆盖；不猜测
鲸凉鹤1.1手心挂接.txt	拆修	idxi	idxi	未知飞键、非音码或读音集合未覆盖；不猜测
鲸凉鹤1.1手心挂接.txt	拆眼	idyf	idyf	未知飞键、非音码或读音集合未覆盖；不猜测
鲸凉鹤1.1手心挂接.txt	扯到	iedl	iedl	未知飞键、非音码或读音集合未覆盖；不猜测
鲸凉鹤1.1手心挂接.txt	车道	iedl	iedl	未知飞键、非音码或读音集合未覆盖；不猜测
鲸凉鹤1.1手心挂接.txt	撤到	iedl	iedl	未知飞键、非音码或读音集合未覆盖；不猜测
鲸凉鹤1.1手心挂接.txt	撤柜	iegi	iegi	未知飞键、非音码或读音集合未覆盖；不猜测
鲸凉鹤1.1手心挂接.txt	车管	iegp	iegp	未知飞键、非音码或读音集合未覆盖；不猜测
鲸凉鹤1.1手心挂接.txt	车道	iejf	iejf	未知飞键、非音码或读音集合未覆盖；不猜测
鲸凉鹤1.1手心挂接.txt	车间	iejz	iejz	未知飞键、非音码或读音集合未覆盖；不猜测
鲸凉鹤1.1手心挂接.txt	车检	iejz	iejz	未知飞键、非音码或读音集合未覆盖；不猜测
鲸凉鹤1.1手心挂接.txt	车裂	ielf	ielf	未知飞键、非音码或读音集合未覆盖；不猜测
鲸凉鹤1.1手心挂接.txt	扯皮	iepe	iepe	未知飞键、非音码或读音集合未覆盖；不猜测
鲸凉鹤1.1手心挂接.txt	车皮	iepe	iepe	未知飞键、非音码或读音集合未覆盖；不猜测
鲸凉鹤1.1手心挂接.txt	扯破	ieps	ieps	未知飞键、非音码或读音集合未覆盖；不猜测
鲸凉鹤1.1手心挂接.txt	扯平	iepx	iepx	未知飞键、非音码或读音集合未覆盖；不猜测
鲸凉鹤1.1手心挂接.txt	撤退	ietl	ietl	未知飞键、非音码或读音集合未覆盖；不猜测
鲸凉鹤1.1手心挂接.txt	扯证	ievk	ievk	未知飞键、非音码或读音集合未覆盖；不猜测
鲸凉鹤1.1手心挂接.txt	车证	ievk	ievk	未知飞键、非音码或读音集合未覆盖；不猜测
鲸凉鹤1.1手心挂接.txt	嗔道	ifdl	ifdl	未知飞键、非音码或读音集合未覆盖；不猜测
鲸凉鹤1.1手心挂接.txt	沉到	ifdl	ifdl	未知飞键、非音码或读音集合未覆盖；不猜测
鲸凉鹤1.1手心挂接.txt	陈规	ifgi	ifgi	未知飞键、非音码或读音集合未覆盖；不猜测
鲸凉鹤1.1手心挂接.txt	陈冠	ifgp	ifgp	未知飞键、非音码或读音集合未覆盖；不猜测
鲸凉鹤1.1手心挂接.txt	趻踔	ifio	ifio	未知飞键、非音码或读音集合未覆盖；不猜测
鲸凉鹤1.1手心挂接.txt	晨间	ifjz	ifjz	未知飞键、非音码或读音集合未覆盖；不猜测
鲸凉鹤1.1手心挂接.txt	陈列	iflf	iflf	未知飞键、非音码或读音集合未覆盖；不猜测
鲸凉鹤1.1手心挂接.txt	陈曼	ifmr	ifmr	未知飞键、非音码或读音集合未覆盖；不猜测
鲸凉鹤1.1手心挂接.txt	沉木	ifmx	ifmx	未知飞键、非音码或读音集合未覆盖；不猜测
鲸凉鹤1.1手心挂接.txt	陈楠	ifnz	ifnz	未知飞键、非音码或读音集合未覆盖；不猜测
鲸凉鹤1.1手心挂接.txt	陈皮	ifpe	ifpe	未知飞键、非音码或读音集合未覆盖；不猜测
鲸凉鹤1.1手心挂接.txt	晨起	ifqe	ifqe	未知飞键、非音码或读音集合未覆盖；不猜测
鲸凉鹤1.1手心挂接.txt	尘推	iftl	iftl	未知飞键、非音码或读音集合未覆盖；不猜测
鲸凉鹤1.1手心挂接.txt	衬衫	ifus	ifus	未知飞键、非音码或读音集合未覆盖；不猜测
鲸凉鹤1.1手心挂接.txt	陈正	ifvk	ifvk	未知飞键、非音码或读音集合未覆盖；不猜测
鲸凉鹤1.1手心挂接.txt	臣属	ifvu	ifvu	未知飞键、非音码或读音集合未覆盖；不猜测
鲸凉鹤1.1手心挂接.txt	沉郁	ifyg	ifyg	未知飞键、非音码或读音集合未覆盖；不猜测
鲸凉鹤1.1手心挂接.txt	沉鱼	ifyg	ifyg	未知飞键、非音码或读音集合未覆盖；不猜测
鲸凉鹤1.1手心挂接.txt	陈总	ifzl	ifzl	未知飞键、非音码或读音集合未覆盖；不猜测
鲸凉鹤1.1手心挂接.txt	称道	igdl	igdl	未知飞键、非音码或读音集合未覆盖；不猜测
鲸凉鹤1.1手心挂接.txt	撑到	igdl	igdl	未知飞键、非音码或读音集合未覆盖；不猜测
鲸凉鹤1.1手心挂接.txt	城规	iggi	iggi	未知飞键、非音码或读音集合未覆盖；不猜测
鲸凉鹤1.1手心挂接.txt	成规	iggi	iggi	未知飞键、非音码或读音集合未覆盖；不猜测
鲸凉鹤1.1手心挂接.txt	城管	iggp	iggp	未知飞键、非音码或读音集合未覆盖；不猜测
鲸凉鹤1.1手心挂接.txt	城关	iggp	iggp	未知飞键、非音码或读音集合未覆盖；不猜测
鲸凉鹤1.1手心挂接.txt	城防	ighf	ighf	未知飞键、非音码或读音集合未覆盖；不猜测
鲸凉鹤1.1手心挂接.txt	蛏子	igiz	igiz	未知飞键、非音码或读音集合未覆盖；不猜测
鲸凉鹤1.1手心挂接.txt	称道	igjf	igjf	未知飞键、非音码或读音集合未覆盖；不猜测
鲸凉鹤1.1手心挂接.txt	城建	igjz	igjz	未知飞键、非音码或读音集合未覆盖；不猜测
鲸凉鹤1.1手心挂接.txt	承建	igjz	igjz	未知飞键、非音码或读音集合未覆盖；不猜测
鲸凉鹤1.1手心挂接.txt	成列	iglf	iglf	未知飞键、非音码或读音集合未覆盖；不猜测
鲸凉鹤1.1手心挂接.txt	瞠目	igmx	igmx	未知飞键、非音码或读音集合未覆盖；不猜测
鲸凉鹤1.1手心挂接.txt	城南	ignz	ignz	未知飞键、非音码或读音集合未覆盖；不猜测
鲸凉鹤1.1手心挂接.txt	抢跑	igpc	igpc	未知飞键、非音码或读音集合未覆盖；不猜测
鲸凉鹤1.1手心挂接.txt	成批	igpe	igpe	未知飞键、非音码或读音集合未覆盖；不猜测
鲸凉鹤1.1手心挂接.txt	撑破	igps	igps	未知飞键、非音码或读音集合未覆盖；不猜测
鲸凉鹤1.1手心挂接.txt	城破	igps	igps	未知飞键、非音码或读音集合未覆盖；不猜测
鲸凉鹤1.1手心挂接.txt	成平	igpx	igpx	未知飞键、非音码或读音集合未覆盖；不猜测
鲸凉鹤1.1手心挂接.txt	撑起	igqe	igqe	未知飞键、非音码或读音集合未覆盖；不猜测
鲸凉鹤1.1手心挂接.txt	成山	igus	igus	未知飞键、非音码或读音集合未覆盖；不猜测
鲸凉鹤1.1手心挂接.txt	诚征	igvk	igvk	未知飞键、非音码或读音集合未覆盖；不猜测
鲸凉鹤1.1手心挂接.txt	成宿	igxo	igxo	未知飞键、非音码或读音集合未覆盖；不猜测
鲸凉鹤1.1手心挂接.txt	成语	igyg	igyg	未知飞键、非音码或读音集合未覆盖；不猜测
鲸凉鹤1.1手心挂接.txt	程总	igzl	igzl	未知飞键、非音码或读音集合未覆盖；不猜测
鲸凉鹤1.1手心挂接.txt	常从	ihcl	ihcl	未知飞键、非音码或读音集合未覆盖；不猜测
鲸凉鹤1.1手心挂接.txt	倡导	ihdl	ihdl	未知飞键、非音码或读音集合未覆盖；不猜测
鲸凉鹤1.1手心挂接.txt	肠道	ihdl	ihdl	未知飞键、非音码或读音集合未覆盖；不猜测
鲸凉鹤1.1手心挂接.txt	尝到	ihdl	ihdl	未知飞键、非音码或读音集合未覆盖；不猜测
鲸凉鹤1.1手心挂接.txt	长刀	ihdl	ihdl	未知飞键、非音码或读音集合未覆盖；不猜测
鲸凉鹤1.1手心挂接.txt	长屌	ihdn	ihdn	未知飞键、非音码或读音集合未覆盖；不猜测
鲸凉鹤1.1手心挂接.txt	常规	ihgi	ihgi	未知飞键、非音码或读音集合未覆盖；不猜测
鲸凉鹤1.1手心挂接.txt	伥鬼	ihgi	ihgi	未知飞键、非音码或读音集合未覆盖；不猜测
鲸凉鹤1.1手心挂接.txt	场馆	ihgp	ihgp	未知飞键、非音码或读音集合未覆盖；不猜测
鲸凉鹤1.1手心挂接.txt	娼馆	ihgp	ihgp	未知飞键、非音码或读音集合未覆盖；不猜测
鲸凉鹤1.1手心挂接.txt	常见	ihjz	ihjz	未知飞键、非音码或读音集合未覆盖；不猜测
鲸凉鹤1.1手心挂接.txt	长剑	ihjz	ihjz	未知飞键、非音码或读音集合未覆盖；不猜测
鲸凉鹤1.1手心挂接.txt	场间	ihjz	ihjz	未知飞键、非音码或读音集合未覆盖；不猜测
鲸凉鹤1.1手心挂接.txt	长坡	ihps	ihps	未知飞键、非音码或读音集合未覆盖；不猜测
鲸凉鹤1.1手心挂接.txt	昌平	ihpx	ihpx	未知飞键、非音码或读音集合未覆盖；不猜测
鲸凉鹤1.1手心挂接.txt	唱起	ihqe	ihqe	未知飞键、非音码或读音集合未覆盖；不猜测
鲸凉鹤1.1手心挂接.txt	唱喏	ihre	ihre	未知飞键、非音码或读音集合未覆盖；不猜测
鲸凉鹤1.1手心挂接.txt	长腿	ihtl	ihtl	未知飞键、非音码或读音集合未覆盖；不猜测
鲸凉鹤1.1手心挂接.txt	长衫	ihus	ihus	未知飞键、非音码或读音集合未覆盖；不猜测
鲸凉鹤1.1手心挂接.txt	长征	ihvk	ihvk	未知飞键、非音码或读音集合未覆盖；不猜测
鲸凉鹤1.1手心挂接.txt	长袖	ihxo	ihxo	未知飞键、非音码或读音集合未覆盖；不猜测
鲸凉鹤1.1手心挂接.txt	厂休	ihxo	ihxo	未知飞键、非音码或读音集合未覆盖；不猜测
鲸凉鹤1.1手心挂接.txt	常言	ihyf	ihyf	未知飞键、非音码或读音集合未覆盖；不猜测
鲸凉鹤1.1手心挂接.txt	肠炎	ihyf	ihyf	未知飞键、非音码或读音集合未覆盖；不猜测
鲸凉鹤1.1手心挂接.txt	长于	ihyg	ihyg	未知飞键、非音码或读音集合未覆盖；不猜测
鲸凉鹤1.1手心挂接.txt	鲳鱼	ihyg	ihyg	未知飞键、非音码或读音集合未覆盖；不猜测
鲸凉鹤1.1手心挂接.txt	迟到	iidl	iidl	未知飞键、非音码或读音集合未覆盖；不猜测
鲸凉鹤1.1手心挂接.txt	赤道	iidl	iidl	未知飞键、非音码或读音集合未覆盖；不猜测
鲸凉鹤1.1手心挂接.txt	持刀	iidl	iidl	未知飞键、非音码或读音集合未覆盖；不猜测
鲸凉鹤1.1手心挂接.txt	坻崿	iiee	iiee	未知飞键、非音码或读音集合未覆盖；不猜测
鲸凉鹤1.1手心挂接.txt	赤鬼	iigi	iigi	未知飞键、非音码或读音集合未覆盖；不猜测
鲸凉鹤1.1手心挂接.txt	吃惯	iigp	iigp	未知飞键、非音码或读音集合未覆盖；不猜测
鲸凉鹤1.1手心挂接.txt	赤道	iijf	iijf	未知飞键、非音码或读音集合未覆盖；不猜测
鲸凉鹤1.1手心挂接.txt	持剑	iijz	iijz	未知飞键、非音码或读音集合未覆盖；不猜测
鲸凉鹤1.1手心挂接.txt	翅尖	iijz	iijz	未知飞键、非音码或读音集合未覆盖；不猜测
鲸凉鹤1.1手心挂接.txt	齿间	iijz	iijz	未知飞键、非音码或读音集合未覆盖；不猜测
鲸凉鹤1.1手心挂接.txt	炽烈	iilf	iilf	未知飞键、非音码或读音集合未覆盖；不猜测
鲸凉鹤1.1手心挂接.txt	吃满	iimr	iimr	未知飞键、非音码或读音集合未覆盖；不猜测
鲸凉鹤1.1手心挂接.txt	迟暮	iimx	iimx	未知飞键、非音码或读音集合未覆盖；不猜测
鲸凉鹤1.1手心挂接.txt	痴男	iinz	iinz	未知飞键、非音码或读音集合未覆盖；不猜测
鲸凉鹤1.1手心挂接.txt	吃屁	iipe	iipe	未知飞键、非音码或读音集合未覆盖；不猜测
鲸凉鹤1.1手心挂接.txt	持平	iipx	iipx	未知飞键、非音码或读音集合未覆盖；不猜测
鲸凉鹤1.1手心挂接.txt	斥退	iitl	iitl	未知飞键、非音码或读音集合未覆盖；不猜测
鲸凉鹤1.1手心挂接.txt	赤山	iius	iius	未知飞键、非音码或读音集合未覆盖；不猜测
鲸凉鹤1.1手心挂接.txt	持证	iivk	iivk	未知飞键、非音码或读音集合未覆盖；不猜测
鲸凉鹤1.1手心挂接.txt	鸱鸺	iixo	iixo	未知飞键、非音码或读音集合未覆盖；不猜测
鲸凉鹤1.1手心挂接.txt	迟延	iiyf	iiyf	未知飞键、非音码或读音集合未覆盖；不猜测
鲸凉鹤1.1手心挂接.txt	吃鱼	iiyg	iiyg	未知飞键、非音码或读音集合未覆盖；不猜测
鲸凉鹤1.1手心挂接.txt	痴愚	iiyg	iiyg	未知飞键、非音码或读音集合未覆盖；不猜测
鲸凉鹤1.1手心挂接.txt	迟于	iiyg	iiyg	未知飞键、非音码或读音集合未覆盖；不猜测
鲸凉鹤1.1手心挂接.txt	禅道	ijdl	ijdl	未知飞键、非音码或读音集合未覆盖；不猜测
鲸凉鹤1.1手心挂接.txt	铲刀	ijdl	ijdl	未知飞键、非音码或读音集合未覆盖；不猜测
鲸凉鹤1.1手心挂接.txt	馋鬼	ijgi	ijgi	未知飞键、非音码或读音集合未覆盖；不猜测
鲸凉鹤1.1手心挂接.txt	掺合	ijho	ijho	未知飞键、非音码或读音集合未覆盖；不猜测
鲸凉鹤1.1手心挂接.txt	产检	ijjz	ijjz	未知飞键、非音码或读音集合未覆盖；不猜测
鲸凉鹤1.1手心挂接.txt	蝉男	ijnz	ijnz	未知飞键、非音码或读音集合未覆盖；不猜测
鲸凉鹤1.1手心挂接.txt	蟾皮	ijpe	ijpe	未知飞键、非音码或读音集合未覆盖；不猜测
鲸凉鹤1.1手心挂接.txt	产婆	ijps	ijps	未知飞键、非音码或读音集合未覆盖；不猜测
鲸凉鹤1.1手心挂接.txt	铲平	ijpx	ijpx	未知飞键、非音码或读音集合未覆盖；不猜测
鲸凉鹤1.1手心挂接.txt	澹台	ijtd	ijtd	未知飞键、非音码或读音集合未覆盖；不猜测
鲸凉鹤1.1手心挂接.txt	蝉蜕	ijtl	ijtl	未知飞键、非音码或读音集合未覆盖；不猜测
鲸凉鹤1.1手心挂接.txt	铲山	ijus	ijus	未知飞键、非音码或读音集合未覆盖；不猜测
鲸凉鹤1.1手心挂接.txt	产证	ijvk	ijvk	未知飞键、非音码或读音集合未覆盖；不猜测
鲸凉鹤1.1手心挂接.txt	僝僽	ijvz	ijvz	未知飞键、非音码或读音集合未覆盖；不猜测
鲸凉鹤1.1手心挂接.txt	禅修	ijxo	ijxo	未知飞键、非音码或读音集合未覆盖；不猜测
鲸凉鹤1.1手心挂接.txt	谗言	ijyf	ijyf	未知飞键、非音码或读音集合未覆盖；不猜测
鲸凉鹤1.1手心挂接.txt	巉岩	ijyf	ijyf	未知飞键、非音码或读音集合未覆盖；不猜测
鲸凉鹤1.1手心挂接.txt	巉眼	ijyf	ijyf	未知飞键、非音码或读音集合未覆盖；不猜测
鲸凉鹤1.1手心挂接.txt	禅语	ijyg	ijyg	未知飞键、非音码或读音集合未覆盖；不猜测
鲸凉鹤1.1手心挂接.txt	单于	ijyg	ijyg	未知飞键、非音码或读音集合未覆盖；不猜测
鲸凉鹤1.1手心挂接.txt	谄谀	ijyg	ijyg	未知飞键、非音码或读音集合未覆盖；不猜测
鲸凉鹤1.1手心挂接.txt	禅宗	ijzl	ijzl	未知飞键、非音码或读音集合未覆盖；不猜测
鲸凉鹤1.1手心挂接.txt	踹到	ikdl	ikdl	未知飞键、非音码或读音集合未覆盖；不猜测
鲸凉鹤1.1手心挂接.txt	揣满	ikmr	ikmr	未知飞键、非音码或读音集合未覆盖；不猜测
鲸凉鹤1.1手心挂接.txt	闯到	ildl	ildl	未知飞键、非音码或读音集合未覆盖；不猜测
鲸凉鹤1.1手心挂接.txt	床柜	ilgi	ilgi	未知飞键、非音码或读音集合未覆盖；不猜测
鲸凉鹤1.1手心挂接.txt	闯关	ilgp	ilgp	未知飞键、非音码或读音集合未覆盖；不猜测
鲸凉鹤1.1手心挂接.txt	创建	iljz	iljz	未知飞键、非音码或读音集合未覆盖；不猜测
鲸凉鹤1.1手心挂接.txt	窗幔	ilmr	ilmr	未知飞键、非音码或读音集合未覆盖；不猜测
鲸凉鹤1.1手心挂接.txt	床母	ilmx	ilmx	未知飞键、非音码或读音集合未覆盖；不猜测
鲸凉鹤1.1手心挂接.txt	床破	ilps	ilps	未知飞键、非音码或读音集合未覆盖；不猜测
鲸凉鹤1.1手心挂接.txt	床屏	ilpx	ilpx	未知飞键、非音码或读音集合未覆盖；不猜测
鲸凉鹤1.1手心挂接.txt	窗扇	ilus	ilus	未知飞键、非音码或读音集合未覆盖；不猜测
鲸凉鹤1.1手心挂接.txt	创正	ilvk	ilvk	未知飞键、非音码或读音集合未覆盖；不猜测
鲸凉鹤1.1手心挂接.txt	床沿	ilyf	ilyf	未知飞键、非音码或读音集合未覆盖；不猜测
鲸凉鹤1.1手心挂接.txt	窗沿	ilyf	ilyf	未知飞键、非音码或读音集合未覆盖；不猜测
鲸凉鹤1.1手心挂接.txt	戳到	iodl	iodl	未知飞键、非音码或读音集合未覆盖；不猜测
鲸凉鹤1.1手心挂接.txt	戳破	iops	iops	未知飞键、非音码或读音集合未覆盖；不猜测
鲸凉鹤1.1手心挂接.txt	辍演	ioyf	ioyf	未知飞键、非音码或读音集合未覆盖；不猜测
鲸凉鹤1.1手心挂接.txt	传到	irdl	irdl	未知飞键、非音码或读音集合未覆盖；不猜测
鲸凉鹤1.1手心挂接.txt	传导	irdl	irdl	未知飞键、非音码或读音集合未覆盖；不猜测
鲸凉鹤1.1手心挂接.txt	传道	irdl	irdl	未知飞键、非音码或读音集合未覆盖；不猜测
鲸凉鹤1.1手心挂接.txt	穿管	irgp	irgp	未知飞键、非音码或读音集合未覆盖；不猜测
鲸凉鹤1.1手心挂接.txt	传道	irjf	irjf	未知飞键、非音码或读音集合未覆盖；不猜测
鲸凉鹤1.1手心挂接.txt	穿件	irjz	irjz	未知飞键、非音码或读音集合未覆盖；不猜测
鲸凉鹤1.1手心挂接.txt	川南	irnz	irnz	未知飞键、非音码或读音集合未覆盖；不猜测
鲸凉鹤1.1手心挂接.txt	串皮	irpe	irpe	未知飞键、非音码或读音集合未覆盖；不猜测
鲸凉鹤1.1手心挂接.txt	穿破	irps	irps	未知飞键、非音码或读音集合未覆盖；不猜测
鲸凉鹤1.1手心挂接.txt	串起	irqe	irqe	未知飞键、非音码或读音集合未覆盖；不猜测
鲸凉鹤1.1手心挂接.txt	穿山	irus	irus	未知飞键、非音码或读音集合未覆盖；不猜测
鲸凉鹤1.1手心挂接.txt	川陕	irus	irus	未知飞键、非音码或读音集合未覆盖；不猜测
鲸凉鹤1.1手心挂接.txt	船政	irvk	irvk	未知飞键、非音码或读音集合未覆盖；不猜测
鲸凉鹤1.1手心挂接.txt	传言	iryf	iryf	未知飞键、非音码或读音集合未覆盖；不猜测
鲸凉鹤1.1手心挂接.txt	串演	iryf	iryf	未知飞键、非音码或读音集合未覆盖；不猜测
鲸凉鹤1.1手心挂接.txt	穿烟	iryf	iryf	未知飞键、非音码或读音集合未覆盖；不猜测
鲸凉鹤1.1手心挂接.txt	川渝	iryg	iryg	未知飞键、非音码或读音集合未覆盖；不猜测
鲸凉鹤1.1手心挂接.txt	传宗	irzl	irzl	未知飞键、非音码或读音集合未覆盖；不猜测
鲸凉鹤1.1手心挂接.txt	冲到	isdl	isdl	未知飞键、非音码或读音集合未覆盖；不猜测
鲸凉鹤1.1手心挂接.txt	重蹈	isdl	isdl	未知飞键、非音码或读音集合未覆盖；不猜测
鲸凉鹤1.1手心挂接.txt	重打	isdw	isdw	未知飞键、非音码或读音集合未覆盖；不猜测
鲸凉鹤1.1手心挂接.txt	重归	isgi	isgi	未知飞键、非音码或读音集合未覆盖；不猜测
鲸凉鹤1.1手心挂接.txt	冲关	isgp	isgp	未知飞键、非音码或读音集合未覆盖；不猜测
鲸凉鹤1.1手心挂接.txt	重装	isil	isil	未知飞键、非音码或读音集合未覆盖；不猜测
鲸凉鹤1.1手心挂接.txt	重建	isjz	isjz	未知飞键、非音码或读音集合未覆盖；不猜测
鲸凉鹤1.1手心挂接.txt	重见	isjz	isjz	未知飞键、非音码或读音集合未覆盖；不猜测
鲸凉鹤1.1手心挂接.txt	充满	ismr	ismr	未知飞键、非音码或读音集合未覆盖；不猜测
鲸凉鹤1.1手心挂接.txt	重啤	ispe	ispe	未知飞键、非音码或读音集合未覆盖；不猜测
鲸凉鹤1.1手心挂接.txt	冲破	isps	isps	未知飞键、非音码或读音集合未覆盖；不猜测
鲸凉鹤1.1手心挂接.txt	冲平	ispx	ispx	未知飞键、非音码或读音集合未覆盖；不猜测
鲸凉鹤1.1手心挂接.txt	重推	istl	istl	未知飞键、非音码或读音集合未覆盖；不猜测
鲸凉鹤1.1手心挂接.txt	崇山	isus	isus	未知飞键、非音码或读音集合未覆盖；不猜测
鲸凉鹤1.1手心挂接.txt	重整	isvk	isvk	未知飞键、非音码或读音集合未覆盖；不猜测
鲸凉鹤1.1手心挂接.txt	冲向	isxj	isxj	未知飞键、非音码或读音集合未覆盖；不猜测
鲸凉鹤1.1手心挂接.txt	重修	isxo	isxo	未知飞键、非音码或读音集合未覆盖；不猜测
鲸凉鹤1.1手心挂接.txt	重演	isyf	isyf	未知飞键、非音码或读音集合未覆盖；不猜测
鲸凉鹤1.1手心挂接.txt	虫眼	isyf	isyf	未知飞键、非音码或读音集合未覆盖；不猜测
鲸凉鹤1.1手心挂接.txt	充裕	isyg	isyg	未知飞键、非音码或读音集合未覆盖；不猜测
鲸凉鹤1.1手心挂接.txt	出道	iudl	iudl	未知飞键、非音码或读音集合未覆盖；不猜测
鲸凉鹤1.1手心挂接.txt	初到	iudl	iudl	未知飞键、非音码或读音集合未覆盖；不猜测
鲸凉鹤1.1手心挂接.txt	出刀	iudl	iudl	未知飞键、非音码或读音集合未覆盖；不猜测
鲸凉鹤1.1手心挂接.txt	出轨	iugi	iugi	未知飞键、非音码或读音集合未覆盖；不猜测
鲸凉鹤1.1手心挂接.txt	橱柜	iugi	iugi	未知飞键、非音码或读音集合未覆盖；不猜测
鲸凉鹤1.1手心挂接.txt	出柜	iugi	iugi	未知飞键、非音码或读音集合未覆盖；不猜测
鲸凉鹤1.1手心挂接.txt	出鬼	iugi	iugi	未知飞键、非音码或读音集合未覆盖；不猜测
鲸凉鹤1.1手心挂接.txt	出关	iugp	iugp	未知飞键、非音码或读音集合未覆盖；不猜测
鲸凉鹤1.1手心挂接.txt	储罐	iugp	iugp	未知飞键、非音码或读音集合未覆盖；不猜测
鲸凉鹤1.1手心挂接.txt	初几	iuje	iuje	未知飞键、非音码或读音集合未覆盖；不猜测
鲸凉鹤1.1手心挂接.txt	出道	iujf	iujf	未知飞键、非音码或读音集合未覆盖；不猜测
鲸凉鹤1.1手心挂接.txt	初见	iujz	iujz	未知飞键、非音码或读音集合未覆盖；不猜测
鲸凉鹤1.1手心挂接.txt	出剑	iujz	iujz	未知飞键、非音码或读音集合未覆盖；不猜测
鲸凉鹤1.1手心挂接.txt	锄奸	iujz	iujz	未知飞键、非音码或读音集合未覆盖；不猜测
鲸凉鹤1.1手心挂接.txt	出列	iulf	iulf	未知飞键、非音码或读音集合未覆盖；不猜测
鲸凉鹤1.1手心挂接.txt	除螨	iumr	iumr	未知飞键、非音码或读音集合未覆盖；不猜测
鲸凉鹤1.1手心挂接.txt	触目	iumx	iumx	未知飞键、非音码或读音集合未覆盖；不猜测
鲸凉鹤1.1手心挂接.txt	处男	iunz	iunz	未知飞键、非音码或读音集合未覆盖；不猜测
鲸凉鹤1.1手心挂接.txt	雏男	iunz	iunz	未知飞键、非音码或读音集合未覆盖；不猜测
鲸凉鹤1.1手心挂接.txt	触屏	iupx	iupx	未知飞键、非音码或读音集合未覆盖；不猜测
鲸凉鹤1.1手心挂接.txt	初评	iupx	iupx	未知飞键、非音码或读音集合未覆盖；不猜测
鲸凉鹤1.1手心挂接.txt	黜退	iutl	iutl	未知飞键、非音码或读音集合未覆盖；不猜测
鲸凉鹤1.1手心挂接.txt	出山	iuus	iuus	未知飞键、非音码或读音集合未覆盖；不猜测
鲸凉鹤1.1手心挂接.txt	出征	iuvk	iuvk	未知飞键、非音码或读音集合未覆盖；不猜测
鲸凉鹤1.1手心挂接.txt	除锈	iuxo	iuxo	未知飞键、非音码或读音集合未覆盖；不猜测
鲸凉鹤1.1手心挂接.txt	出演	iuyf	iuyf	未知飞键、非音码或读音集合未覆盖；不猜测
鲸凉鹤1.1手心挂接.txt	处于	iuyg	iuyg	未知飞键、非音码或读音集合未覆盖；不猜测
鲸凉鹤1.1手心挂接.txt	出于	iuyg	iuyg	未知飞键、非音码或读音集合未覆盖；不猜测
鲸凉鹤1.1手心挂接.txt	出狱	iuyg	iuyg	未知飞键、非音码或读音集合未覆盖；不猜测
鲸凉鹤1.1手心挂接.txt	初遇	iuyg	iuyg	未知飞键、非音码或读音集合未覆盖；不猜测
鲸凉鹤1.1手心挂接.txt	吹到	ivdl	ivdl	未知飞键、非音码或读音集合未覆盖；不猜测
鲸凉鹤1.1手心挂接.txt	吹倒	ivdl	ivdl	未知飞键、非音码或读音集合未覆盖；不猜测
鲸凉鹤1.1手心挂接.txt	捶打	ivdw	ivdw	未知飞键、非音码或读音集合未覆盖；不猜测
鲸凉鹤1.1手心挂接.txt	锤打	ivdw	ivdw	未知飞键、非音码或读音集合未覆盖；不猜测
鲸凉鹤1.1手心挂接.txt	吹打	ivdw	ivdw	未知飞键、非音码或读音集合未覆盖；不猜测
鲸凉鹤1.1手心挂接.txt	吹管	ivgp	ivgp	未知飞键、非音码或读音集合未覆盖；不猜测
鲸凉鹤1.1手心挂接.txt	椎车	ivie	ivie	未知飞键、非音码或读音集合未覆盖；不猜测
鲸凉鹤1.1手心挂接.txt	垂暮	ivmx	ivmx	未知飞键、非音码或读音集合未覆盖；不猜测
鲸凉鹤1.1手心挂接.txt	垂目	ivmx	ivmx	未知飞键、非音码或读音集合未覆盖；不猜测
鲸凉鹤1.1手心挂接.txt	吹破	ivps	ivps	未知飞键、非音码或读音集合未覆盖；不猜测
鲸凉鹤1.1手心挂接.txt	吹瓶	ivpx	ivpx	未知飞键、非音码或读音集合未覆盖；不猜测
鲸凉鹤1.1手心挂接.txt	吹起	ivqe	ivqe	未知飞键、非音码或读音集合未覆盖；不猜测
鲸凉鹤1.1手心挂接.txt	捶腿	ivtl	ivtl	未知飞键、非音码或读音集合未覆盖；不猜测
鲸凉鹤1.1手心挂接.txt	圌山	ivus	ivus	未知飞键、非音码或读音集合未覆盖；不猜测
鲸凉鹤1.1手心挂接.txt	吹向	ivxj	ivxj	未知飞键、非音码或读音集合未覆盖；不猜测
鲸凉鹤1.1手心挂接.txt	垂袖	ivxo	ivxo	未知飞键、非音码或读音集合未覆盖；不猜测
鲸凉鹤1.1手心挂接.txt	炊烟	ivyf	ivyf	未知飞键、非音码或读音集合未覆盖；不猜测
鲸凉鹤1.1手心挂接.txt	畅行	ixkx	ixkx	未知飞键、非音码或读音集合未覆盖；不猜测
鲸凉鹤1.1手心挂接.txt	欻拉	ixla	ixla	未知飞键、非音码或读音集合未覆盖；不猜测
鲸凉鹤1.1手心挂接.txt	蠢到	iydl	iydl	未知飞键、非音码或读音集合未覆盖；不猜测
鲸凉鹤1.1手心挂接.txt	春灌	iygp	iygp	未知飞键、非音码或读音集合未覆盖；不猜测
鲸凉鹤1.1手心挂接.txt	唇间	iyjz	iyjz	未知飞键、非音码或读音集合未覆盖；不猜测
鲸凉鹤1.1手心挂接.txt	纯碱	iyjz	iyjz	未知飞键、非音码或读音集合未覆盖；不猜测
鲸凉鹤1.1手心挂接.txt	唇裂	iylf	iylf	未知飞键、非音码或读音集合未覆盖；不猜测
鲸凉鹤1.1手心挂接.txt	纯木	iymx	iymx	未知飞键、非音码或读音集合未覆盖；不猜测
鲸凉鹤1.1手心挂接.txt	纯皮	iype	iype	未知飞键、非音码或读音集合未覆盖；不猜测
鲸凉鹤1.1手心挂接.txt	蠢婆	iyps	iyps	未知飞键、非音码或读音集合未覆盖；不猜测
鲸凉鹤1.1手心挂接.txt	春山	iyus	iyus	未知飞键、非音码或读音集合未覆盖；不猜测
鲸凉鹤1.1手心挂接.txt	纯正	iyvk	iyvk	未知飞键、非音码或读音集合未覆盖；不猜测
鲸凉鹤1.1手心挂接.txt	醇正	iyvk	iyvk	未知飞键、非音码或读音集合未覆盖；不猜测
鲸凉鹤1.1手心挂接.txt	春雨	iyyg	iyyg	未知飞键、非音码或读音集合未覆盖；不猜测
鲸凉鹤1.1手心挂接.txt	唇语	iyyg	iyyg	未知飞键、非音码或读音集合未覆盖；不猜测
鲸凉鹤1.1手心挂接.txt	纯欲	iyyg	iyyg	未知飞键、非音码或读音集合未覆盖；不猜测
鲸凉鹤1.1手心挂接.txt	倜傥	izdh	izdh	未知飞键、非音码或读音集合未覆盖；不猜测
鲸凉鹤1.1手心挂接.txt	抽到	izdl	izdl	未知飞键、非音码或读音集合未覆盖；不猜测
鲸凉鹤1.1手心挂接.txt	筹到	izdl	izdl	未知飞键、非音码或读音集合未覆盖；不猜测
鲸凉鹤1.1手心挂接.txt	抽打	izdw	izdw	未知飞键、非音码或读音集合未覆盖；不猜测
鲸凉鹤1.1手心挂接.txt	丑鬼	izgi	izgi	未知飞键、非音码或读音集合未覆盖；不猜测
鲸凉鹤1.1手心挂接.txt	瞅见	izjz	izjz	未知飞键、非音码或读音集合未覆盖；不猜测
鲸凉鹤1.1手心挂接.txt	筹建	izjz	izjz	未知飞键、非音码或读音集合未覆盖；不猜测
鲸凉鹤1.1手心挂接.txt	抽检	izjz	izjz	未知飞键、非音码或读音集合未覆盖；不猜测
鲸凉鹤1.1手心挂接.txt	筹募	izmx	izmx	未知飞键、非音码或读音集合未覆盖；不猜测
鲸凉鹤1.1手心挂接.txt	丑男	iznz	iznz	未知飞键、非音码或读音集合未覆盖；不猜测
鲸凉鹤1.1手心挂接.txt	臭屁	izpe	izpe	未知飞键、非音码或读音集合未覆盖；不猜测
鲸凉鹤1.1手心挂接.txt	梼杌	izwu	izwu	未知飞键、非音码或读音集合未覆盖；不猜测
鲸凉鹤1.1手心挂接.txt	抽烟	izyf	izyf	未知飞键、非音码或读音集合未覆盖；不猜测
鲸凉鹤1.1手心挂接.txt	抽验	izyf	izyf	未知飞键、非音码或读音集合未覆盖；不猜测
鲸凉鹤1.1手心挂接.txt	仅从	jbcl	jbcl	未知飞键、非音码或读音集合未覆盖；不猜测
鲸凉鹤1.1手心挂接.txt	进到	jbdl	jbdl	未知飞键、非音码或读音集合未覆盖；不猜测
鲸凉鹤1.1手心挂接.txt	金贵	jbgi	jbgi	未知飞键、非音码或读音集合未覆盖；不猜测
鲸凉鹤1.1手心挂接.txt	金龟	jbgi	jbgi	未知飞键、非音码或读音集合未覆盖；不猜测
鲸凉鹤1.1手心挂接.txt	尽管	jbgp	jbgp	未知飞键、非音码或读音集合未覆盖；不猜测
鲸凉鹤1.1手心挂接.txt	进气	jbiq	jbiq	未知飞键、非音码或读音集合未覆盖；不猜测
鲸凉鹤1.1手心挂接.txt	劲道	jbjf	jbjf	未知飞键、非音码或读音集合未覆盖；不猜测
鲸凉鹤1.1手心挂接.txt	近道	jbjf	jbjf	未知飞键、非音码或读音集合未覆盖；不猜测
鲸凉鹤1.1手心挂接.txt	金桔	jbju	jbju	未知飞键、非音码或读音集合未覆盖；不猜测
鲸凉鹤1.1手心挂接.txt	进站	jbjv	jbjv	未知飞键、非音码或读音集合未覆盖；不猜测
鲸凉鹤1.1手心挂接.txt	觐见	jbjz	jbjz	未知飞键、非音码或读音集合未覆盖；不猜测
鲸凉鹤1.1手心挂接.txt	进谏	jbjz	jbjz	未知飞键、非音码或读音集合未覆盖；不猜测
鲸凉鹤1.1手心挂接.txt	禁猎	jblf	jblf	未知飞键、非音码或读音集合未覆盖；不猜测
鲸凉鹤1.1手心挂接.txt	浸满	jbmr	jbmr	未知飞键、非音码或读音集合未覆盖；不猜测
鲸凉鹤1.1手心挂接.txt	禁漫	jbmr	jbmr	未知飞键、非音码或读音集合未覆盖；不猜测
鲸凉鹤1.1手心挂接.txt	金木	jbmx	jbmx	未知飞键、非音码或读音集合未覆盖；不猜测
鲸凉鹤1.1手心挂接.txt	津南	jbnz	jbnz	未知飞键、非音码或读音集合未覆盖；不猜测
鲸凉鹤1.1手心挂接.txt	紧迫	jbps	jbps	未知飞键、非音码或读音集合未覆盖；不猜测
鲸凉鹤1.1手心挂接.txt	仅凭	jbpx	jbpx	未知飞键、非音码或读音集合未覆盖；不猜测
鲸凉鹤1.1手心挂接.txt	金瓶	jbpx	jbpx	未知飞键、非音码或读音集合未覆盖；不猜测
鲸凉鹤1.1手心挂接.txt	进退	jbtl	jbtl	未知飞键、非音码或读音集合未覆盖；不猜测
鲸凉鹤1.1手心挂接.txt	尽褪	jbtl	jbtl	未知飞键、非音码或读音集合未覆盖；不猜测
鲸凉鹤1.1手心挂接.txt	金山	jbus	jbus	未知飞键、非音码或读音集合未覆盖；不猜测
鲸凉鹤1.1手心挂接.txt	进山	jbus	jbus	未知飞键、非音码或读音集合未覆盖；不猜测
鲸凉鹤1.1手心挂接.txt	金正	jbvk	jbvk	未知飞键、非音码或读音集合未覆盖；不猜测
鲸凉鹤1.1手心挂接.txt	进修	jbxo	jbxo	未知飞键、非音码或读音集合未覆盖；不猜测
鲸凉鹤1.1手心挂接.txt	锦绣	jbxo	jbxo	未知飞键、非音码或读音集合未覆盖；不猜测
鲸凉鹤1.1手心挂接.txt	禁言	jbyf	jbyf	未知飞键、非音码或读音集合未覆盖；不猜测
鲸凉鹤1.1手心挂接.txt	禁烟	jbyf	jbyf	未知飞键、非音码或读音集合未覆盖；不猜测
鲸凉鹤1.1手心挂接.txt	金鱼	jbyg	jbyg	未知飞键、非音码或读音集合未覆盖；不猜测
鲸凉鹤1.1手心挂接.txt	禁欲	jbyg	jbyg	未知飞键、非音码或读音集合未覆盖；不猜测
鲸凉鹤1.1手心挂接.txt	金樽	jbyz	jbyz	未知飞键、非音码或读音集合未覆盖；不猜测
鲸凉鹤1.1手心挂接.txt	几案	jean	jean	未知飞键、非音码或读音集合未覆盖；不猜测
鲸凉鹤1.1手心挂接.txt	几把	jeba	jeba	未知飞键、非音码或读音集合未覆盖；不猜测
鲸凉鹤1.1手心挂接.txt	几包	jebc	jebc	未知飞键、非音码或读音集合未覆盖；不猜测
鲸凉鹤1.1手心挂接.txt	几百	jebd	jebd	未知飞键、非音码或读音集合未覆盖；不猜测
鲸凉鹤1.1手心挂接.txt	几百	jebe	jebd	未知飞键、非音码或读音集合未覆盖；不猜测
鲸凉鹤1.1手心挂接.txt	几本	jebf	jebf	未知飞键、非音码或读音集合未覆盖；不猜测
鲸凉鹤1.1手心挂接.txt	几笔	jebi	jebi	未知飞键、非音码或读音集合未覆盖；不猜测
鲸凉鹤1.1手心挂接.txt	几班	jebj	jebj	未知飞键、非音码或读音集合未覆盖；不猜测
鲸凉鹤1.1手心挂接.txt	几柄	jebk	jebk	未知飞键、非音码或读音集合未覆盖；不猜测
鲸凉鹤1.1手心挂接.txt	几遍	jebm	jebm	未知飞键、非音码或读音集合未覆盖；不猜测
鲸凉鹤1.1手心挂接.txt	几波	jebo	jebo	未知飞键、非音码或读音集合未覆盖；不猜测
鲸凉鹤1.1手心挂接.txt	几拨	jebo	jebo	未知飞键、非音码或读音集合未覆盖；不猜测
鲸凉鹤1.1手心挂接.txt	几步	jebu	jebu	未知飞键、非音码或读音集合未覆盖；不猜测
鲸凉鹤1.1手心挂接.txt	几部	jebu	jebu	未知飞键、非音码或读音集合未覆盖；不猜测
鲸凉鹤1.1手心挂接.txt	几倍	jebw	jebw	未知飞键、非音码或读音集合未覆盖；不猜测
鲸凉鹤1.1手心挂接.txt	几杯	jebw	jebw	未知飞键、非音码或读音集合未覆盖；不猜测
鲸凉鹤1.1手心挂接.txt	几册	jece	jece	未知飞键、非音码或读音集合未覆盖；不猜测
鲸凉鹤1.1手心挂接.txt	几层	jecg	jecg	未知飞键、非音码或读音集合未覆盖；不猜测
鲸凉鹤1.1手心挂接.txt	几次	jeci	jeci	未知飞键、非音码或读音集合未覆盖；不猜测
鲸凉鹤1.1手心挂接.txt	几餐	jecj	jecj	未知飞键、非音码或读音集合未覆盖；不猜测
鲸凉鹤1.1手心挂接.txt	几撮	jeco	jeco	未知飞键、非音码或读音集合未覆盖；不猜测
鲸凉鹤1.1手心挂接.txt	几簇	jecu	jecu	未知飞键、非音码或读音集合未覆盖；不猜测
鲸凉鹤1.1手心挂接.txt	几寸	jecy	jecy	未知飞键、非音码或读音集合未覆盖；不猜测
鲸凉鹤1.1手心挂接.txt	几大	jeda	jeda	未知飞键、非音码或读音集合未覆盖；不猜测
鲸凉鹤1.1手心挂接.txt	几打	jeda	jeda	未知飞键、非音码或读音集合未覆盖；不猜测
鲸凉鹤1.1手心挂接.txt	几道	jedc	jedc	未知飞键、非音码或读音集合未覆盖；不猜测
鲸凉鹤1.1手心挂接.txt	几代	jedd	jedd	未知飞键、非音码或读音集合未覆盖；不猜测
鲸凉鹤1.1手心挂接.txt	几袋	jedd	jedd	未知飞键、非音码或读音集合未覆盖；不猜测
鲸凉鹤1.1手心挂接.txt	几等	jedg	jedg	未知飞键、非音码或读音集合未覆盖；不猜测
鲸凉鹤1.1手心挂接.txt	几滴	jedi	jedi	未知飞键、非音码或读音集合未覆盖；不猜测
鲸凉鹤1.1手心挂接.txt	几担	jedj	jedj	未知飞键、非音码或读音集合未覆盖；不猜测
鲸凉鹤1.1手心挂接.txt	几石	jedj	jedj	未知飞键、非音码或读音集合未覆盖；不猜测
鲸凉鹤1.1手心挂接.txt	几顶	jedk	jedk	未知飞键、非音码或读音集合未覆盖；不猜测
鲸凉鹤1.1手心挂接.txt	几道	jedl	jedl	未知飞键、非音码或读音集合未覆盖；不猜测
鲸凉鹤1.1手心挂接.txt	几点	jedm	jedm	未知飞键、非音码或读音集合未覆盖；不猜测
鲸凉鹤1.1手心挂接.txt	几吊	jedn	jedn	未知飞键、非音码或读音集合未覆盖；不猜测
鲸凉鹤1.1手心挂接.txt	几多	jedo	jedo	未知飞键、非音码或读音集合未覆盖；不猜测
鲸凉鹤1.1手心挂接.txt	几朵	jedo	jedo	未知飞键、非音码或读音集合未覆盖；不猜测
鲸凉鹤1.1手心挂接.txt	几叠	jedp	jedp	未知飞键、非音码或读音集合未覆盖；不猜测
鲸凉鹤1.1手心挂接.txt	几段	jedr	jedr	未知飞键、非音码或读音集合未覆盖；不猜测
鲸凉鹤1.1手心挂接.txt	几栋	jeds	jeds	未知飞键、非音码或读音集合未覆盖；不猜测
鲸凉鹤1.1手心挂接.txt	几度	jedu	jedu	未知飞键、非音码或读音集合未覆盖；不猜测
鲸凉鹤1.1手心挂接.txt	几对	jedv	jedv	未知飞键、非音码或读音集合未覆盖；不猜测
鲸凉鹤1.1手心挂接.txt	几堆	jedv	jedv	未知飞键、非音码或读音集合未覆盖；不猜测
鲸凉鹤1.1手心挂接.txt	几打	jedw	jedw	未知飞键、非音码或读音集合未覆盖；不猜测
鲸凉鹤1.1手心挂接.txt	几顿	jedy	jedy	未知飞键、非音码或读音集合未覆盖；不猜测
鲸凉鹤1.1手心挂接.txt	几吨	jedy	jedy	未知飞键、非音码或读音集合未覆盖；不猜测
鲸凉鹤1.1手心挂接.txt	几发	jefa	jefa	未知飞键、非音码或读音集合未覆盖；不猜测
鲸凉鹤1.1手心挂接.txt	几分	jeff	jeff	未知飞键、非音码或读音集合未覆盖；不猜测
鲸凉鹤1.1手心挂接.txt	几份	jeff	jeff	未知飞键、非音码或读音集合未覆盖；不猜测
鲸凉鹤1.1手心挂接.txt	几封	jefg	jefg	未知飞键、非音码或读音集合未覆盖；不猜测
鲸凉鹤1.1手心挂接.txt	几方	jefh	jefh	未知飞键、非音码或读音集合未覆盖；不猜测
鲸凉鹤1.1手心挂接.txt	几番	jefj	jefj	未知飞键、非音码或读音集合未覆盖；不猜测
鲸凉鹤1.1手心挂接.txt	几副	jefu	jefu	未知飞键、非音码或读音集合未覆盖；不猜测
鲸凉鹤1.1手心挂接.txt	几幅	jefu	jefu	未知飞键、非音码或读音集合未覆盖；不猜测
鲸凉鹤1.1手心挂接.txt	几个	jege	jege	未知飞键、非音码或读音集合未覆盖；不猜测
鲸凉鹤1.1手心挂接.txt	几根	jegf	jegf	未知飞键、非音码或读音集合未覆盖；不猜测
鲸凉鹤1.1手心挂接.txt	几杆	jegj	jegj	未知飞键、非音码或读音集合未覆盖；不猜测
鲸凉鹤1.1手心挂接.txt	几管	jegp	jegp	未知飞键、非音码或读音集合未覆盖；不猜测
鲸凉鹤1.1手心挂接.txt	几管	jegr	jegr	未知飞键、非音码或读音集合未覆盖；不猜测
鲸凉鹤1.1手心挂接.txt	几弓	jegs	jegs	未知飞键、非音码或读音集合未覆盖；不猜测
鲸凉鹤1.1手心挂接.txt	几股	jegu	jegu	未知飞键、非音码或读音集合未覆盖；不猜测
鲸凉鹤1.1手心挂接.txt	几挂	jegx	jegx	未知飞键、非音码或读音集合未覆盖；不猜测
鲸凉鹤1.1手心挂接.txt	几滚	jegy	jegy	未知飞键、非音码或读音集合未覆盖；不猜测
鲸凉鹤1.1手心挂接.txt	几号	jehc	jehc	未知飞键、非音码或读音集合未覆盖；不猜测
鲸凉鹤1.1手心挂接.txt	几何	jehe	jehe	未知飞键、非音码或读音集合未覆盖；不猜测
鲸凉鹤1.1手心挂接.txt	几盒	jehe	jehe	未知飞键、非音码或读音集合未覆盖；不猜测
鲸凉鹤1.1手心挂接.txt	几行	jehh	jehh	未知飞键、非音码或读音集合未覆盖；不猜测
鲸凉鹤1.1手心挂接.txt	几伙	jeho	jeho	未知飞键、非音码或读音集合未覆盖；不猜测
鲸凉鹤1.1手心挂接.txt	几乎	jehu	jehu	未知飞键、非音码或读音集合未覆盖；不猜测
鲸凉鹤1.1手心挂接.txt	几户	jehu	jehu	未知飞键、非音码或读音集合未覆盖；不猜测
鲸凉鹤1.1手心挂接.txt	几回	jehv	jehv	未知飞键、非音码或读音集合未覆盖；不猜测
鲸凉鹤1.1手心挂接.txt	几黑	jehw	jehw	未知飞键、非音码或读音集合未覆盖；不猜测
鲸凉鹤1.1手心挂接.txt	几车	jeie	jeie	未知飞键、非音码或读音集合未覆盖；不猜测
鲸凉鹤1.1手心挂接.txt	几成	jeig	jeig	未知飞键、非音码或读音集合未覆盖；不猜测
鲸凉鹤1.1手心挂接.txt	几场	jeih	jeih	未知飞键、非音码或读音集合未覆盖；不猜测
鲸凉鹤1.1手心挂接.txt	几尺	jeii	jeii	未知飞键、非音码或读音集合未覆盖；不猜测
鲸凉鹤1.1手心挂接.txt	几床	jeil	jeil	未知飞键、非音码或读音集合未覆盖；不猜测
鲸凉鹤1.1手心挂接.txt	几串	jeir	jeir	未知飞键、非音码或读音集合未覆盖；不猜测
鲸凉鹤1.1手心挂接.txt	几重	jeis	jeis	未知飞键、非音码或读音集合未覆盖；不猜测
鲸凉鹤1.1手心挂接.txt	几处	jeiu	jeiu	未知飞键、非音码或读音集合未覆盖；不猜测
鲸凉鹤1.1手心挂接.txt	几筹	jeiz	jeiz	未知飞键、非音码或读音集合未覆盖；不猜测
鲸凉鹤1.1手心挂接.txt	几斤	jejb	jejb	未知飞键、非音码或读音集合未覆盖；不猜测
鲸凉鹤1.1手心挂接.txt	几近	jejb	jejb	未知飞键、非音码或读音集合未覆盖；不猜测
鲸凉鹤1.1手心挂接.txt	几进	jejb	jejb	未知飞键、非音码或读音集合未覆盖；不猜测
鲸凉鹤1.1手心挂接.txt	几几	jeje	jeje	未知飞键、非音码或读音集合未覆盖；不猜测
鲸凉鹤1.1手心挂接.txt	几道	jejf	jejf	未知飞键、非音码或读音集合未覆盖；不猜测
鲸凉鹤1.1手心挂接.txt	几级	jeji	jeji	未知飞键、非音码或读音集合未覆盖；不猜测
鲸凉鹤1.1手心挂接.txt	几经	jejk	jejk	未知飞键、非音码或读音集合未覆盖；不猜测
鲸凉鹤1.1手心挂接.txt	几件	jejm	jejm	未知飞键、非音码或读音集合未覆盖；不猜测
鲸凉鹤1.1手心挂接.txt	几间	jejm	jejm	未知飞键、非音码或读音集合未覆盖；不猜测
鲸凉鹤1.1手心挂接.txt	几角	jejn	jejn	未知飞键、非音码或读音集合未覆盖；不猜测
鲸凉鹤1.1手心挂接.txt	几届	jejp	jejp	未知飞键、非音码或读音集合未覆盖；不猜测
鲸凉鹤1.1手心挂接.txt	几节	jejp	jejp	未知飞键、非音码或读音集合未覆盖；不猜测
鲸凉鹤1.1手心挂接.txt	几丘	jejq	jejq	未知飞键、非音码或读音集合未覆盖；不猜测
鲸凉鹤1.1手心挂接.txt	几卷	jejr	jejr	未知飞键、非音码或读音集合未覆盖；不猜测
鲸凉鹤1.1手心挂接.txt	几觉	jejt	jejt	未知飞键、非音码或读音集合未覆盖；不猜测
鲸凉鹤1.1手心挂接.txt	几句	jeju	jeju	未知飞键、非音码或读音集合未覆盖；不猜测
鲸凉鹤1.1手心挂接.txt	几局	jeju	jeju	未知飞键、非音码或读音集合未覆盖；不猜测
鲸凉鹤1.1手心挂接.txt	几家	jejx	jejx	未知飞键、非音码或读音集合未覆盖；不猜测
鲸凉鹤1.1手心挂接.txt	几架	jejx	jejx	未知飞键、非音码或读音集合未覆盖；不猜测
鲸凉鹤1.1手心挂接.txt	几件	jejz	jejz	未知飞键、非音码或读音集合未覆盖；不猜测
鲸凉鹤1.1手心挂接.txt	几间	jejz	jejz	未知飞键、非音码或读音集合未覆盖；不猜测
鲸凉鹤1.1手心挂接.txt	几开	jekd	jekd	未知飞键、非音码或读音集合未覆盖；不猜测
鲸凉鹤1.1手心挂接.txt	几颗	jeke	jeke	未知飞键、非音码或读音集合未覆盖；不猜测
鲸凉鹤1.1手心挂接.txt	几棵	jeke	jeke	未知飞键、非音码或读音集合未覆盖；不猜测
鲸凉鹤1.1手心挂接.txt	几块	jekk	jekk	未知飞键、非音码或读音集合未覆盖；不猜测
鲸凉鹤1.1手心挂接.txt	几款	jekr	jekr	未知飞键、非音码或读音集合未覆盖；不猜测
鲸凉鹤1.1手心挂接.txt	几孔	jeks	jeks	未知飞键、非音码或读音集合未覆盖；不猜测
鲸凉鹤1.1手心挂接.txt	几阕	jekv	jekv	未知飞键、非音码或读音集合未覆盖；不猜测
鲸凉鹤1.1手心挂接.txt	几捆	jeky	jeky	未知飞键、非音码或读音集合未覆盖；不猜测
鲸凉鹤1.1手心挂接.txt	几口	jekz	jekz	未知飞键、非音码或读音集合未覆盖；不猜测
鲸凉鹤1.1手心挂接.txt	几拉	jela	jela	未知飞键、非音码或读音集合未覆盖；不猜测
鲸凉鹤1.1手心挂接.txt	几列	jelf	jelf	未知飞键、非音码或读音集合未覆盖；不猜测
鲸凉鹤1.1手心挂接.txt	几粒	jeli	jeli	未知飞键、非音码或读音集合未覆盖；不猜测
鲸凉鹤1.1手心挂接.txt	几领	jelk	jelk	未知飞键、非音码或读音集合未覆盖；不猜测
鲸凉鹤1.1手心挂接.txt	几辆	jell	jell	未知飞键、非音码或读音集合未覆盖；不猜测
鲸凉鹤1.1手心挂接.txt	几摞	jelo	jelo	未知飞键、非音码或读音集合未覆盖；不猜测
鲸凉鹤1.1手心挂接.txt	几列	jelp	jelp	未知飞键、非音码或读音集合未覆盖；不猜测
鲸凉鹤1.1手心挂接.txt	几溜	jelq	jelq	未知飞键、非音码或读音集合未覆盖；不猜测
鲸凉鹤1.1手心挂接.txt	几炉	jelu	jelu	未知飞键、非音码或读音集合未覆盖；不猜测
鲸凉鹤1.1手心挂接.txt	几率	jelv	jelv	未知飞键、非音码或读音集合未覆盖；不猜测
鲸凉鹤1.1手心挂接.txt	几缕	jelv	jelv	未知飞键、非音码或读音集合未覆盖；不猜测
鲸凉鹤1.1手心挂接.txt	几累	jelw	jelw	未知飞键、非音码或读音集合未覆盖；不猜测
鲸凉鹤1.1手心挂接.txt	几轮	jely	jely	未知飞键、非音码或读音集合未覆盖；不猜测
鲸凉鹤1.1手心挂接.txt	几楼	jelz	jelz	未知飞键、非音码或读音集合未覆盖；不猜测
鲸凉鹤1.1手心挂接.txt	几码	jema	jema	未知飞键、非音码或读音集合未覆盖；不猜测
鲸凉鹤1.1手心挂接.txt	几毛	jemc	jemc	未知飞键、非音码或读音集合未覆盖；不猜测
鲸凉鹤1.1手心挂接.txt	几脉	jemd	jemd	未知飞键、非音码或读音集合未覆盖；不猜测
鲸凉鹤1.1手心挂接.txt	几门	jemf	jemf	未知飞键、非音码或读音集合未覆盖；不猜测
鲸凉鹤1.1手心挂接.txt	几米	jemi	jemi	未知飞键、非音码或读音集合未覆盖；不猜测
鲸凉鹤1.1手心挂接.txt	几名	jemk	jemk	未知飞键、非音码或读音集合未覆盖；不猜测
鲸凉鹤1.1手心挂接.txt	几面	jemm	jemm	未知飞键、非音码或读音集合未覆盖；不猜测
鲸凉鹤1.1手心挂接.txt	几秒	jemn	jemn	未知飞键、非音码或读音集合未覆盖；不猜测
鲸凉鹤1.1手心挂接.txt	几亩	jemu	jemu	未知飞键、非音码或读音集合未覆盖；不猜测
鲸凉鹤1.1手心挂接.txt	几枚	jemw	jemw	未知飞键、非音码或读音集合未覆盖；不猜测
鲸凉鹤1.1手心挂接.txt	几亩	jemx	jemx	未知飞键、非音码或读音集合未覆盖；不猜测
鲸凉鹤1.1手心挂接.txt	几年	jenm	jenm	未知飞键、非音码或读音集合未覆盖；不猜测
鲸凉鹤1.1手心挂接.txt	几女	jenv	jenv	未知飞键、非音码或读音集合未覆盖；不猜测
鲸凉鹤1.1手心挂接.txt	几泡	jepc	jepc	未知飞键、非音码或读音集合未覆盖；不猜测
鲸凉鹤1.1手心挂接.txt	几排	jepd	jepd	未知飞键、非音码或读音集合未覆盖；不猜测
鲸凉鹤1.1手心挂接.txt	几批	jepe	jepe	未知飞键、非音码或读音集合未覆盖；不猜测
鲸凉鹤1.1手心挂接.txt	几盆	jepf	jepf	未知飞键、非音码或读音集合未覆盖；不猜测
鲸凉鹤1.1手心挂接.txt	几批	jepi	jepi	未知飞键、非音码或读音集合未覆盖；不猜测
鲸凉鹤1.1手心挂接.txt	几盘	jepj	jepj	未知飞键、非音码或读音集合未覆盖；不猜测
鲸凉鹤1.1手心挂接.txt	几瓶	jepk	jepk	未知飞键、非音码或读音集合未覆盖；不猜测
鲸凉鹤1.1手心挂接.txt	几片	jepm	jepm	未知飞键、非音码或读音集合未覆盖；不猜测
鲸凉鹤1.1手心挂接.txt	几篇	jepm	jepm	未知飞键、非音码或读音集合未覆盖；不猜测
鲸凉鹤1.1手心挂接.txt	几票	jepn	jepn	未知飞键、非音码或读音集合未覆盖；不猜测
鲸凉鹤1.1手心挂接.txt	几撇	jepp	jepp	未知飞键、非音码或读音集合未覆盖；不猜测
鲸凉鹤1.1手心挂接.txt	几铺	jepu	jepu	未知飞键、非音码或读音集合未覆盖；不猜测
鲸凉鹤1.1手心挂接.txt	几瓶	jepx	jepx	未知飞键、非音码或读音集合未覆盖；不猜测
鲸凉鹤1.1手心挂接.txt	几抔	jepz	jepz	未知飞键、非音码或读音集合未覆盖；不猜测
鲸凉鹤1.1手心挂接.txt	几顷	jeqb	jeqb	未知飞键、非音码或读音集合未覆盖；不猜测
鲸凉鹤1.1手心挂接.txt	几起	jeqi	jeqi	未知飞键、非音码或读音集合未覆盖；不猜测
鲸凉鹤1.1手心挂接.txt	几千	jeqm	jeqm	未知飞键、非音码或读音集合未覆盖；不猜测
鲸凉鹤1.1手心挂接.txt	几帖	jeqp	jeqp	未知飞键、非音码或读音集合未覆盖；不猜测
鲸凉鹤1.1手心挂接.txt	几圈	jeqr	jeqr	未知飞键、非音码或读音集合未覆盖；不猜测
鲸凉鹤1.1手心挂接.txt	几拳	jeqr	jeqr	未知飞键、非音码或读音集合未覆盖；不猜测
鲸凉鹤1.1手心挂接.txt	几区	jequ	jequ	未知飞键、非音码或读音集合未覆盖；不猜测
鲸凉鹤1.1手心挂接.txt	几曲	jequ	jequ	未知飞键、非音码或读音集合未覆盖；不猜测
鲸凉鹤1.1手心挂接.txt	几群	jeqy	jeqy	未知飞键、非音码或读音集合未覆盖；不猜测
鲸凉鹤1.1手心挂接.txt	几人	jerf	jerf	未知飞键、非音码或读音集合未覆盖；不猜测
鲸凉鹤1.1手心挂接.txt	几日	jeri	jeri	未知飞键、非音码或读音集合未覆盖；不猜测
鲸凉鹤1.1手心挂接.txt	几丝	jesi	jesi	未知飞键、非音码或读音集合未覆盖；不猜测
鲸凉鹤1.1手心挂接.txt	几所	jeso	jeso	未知飞键、非音码或读音集合未覆盖；不猜测
鲸凉鹤1.1手心挂接.txt	几岁	jesv	jesv	未知飞键、非音码或读音集合未覆盖；不猜测
鲸凉鹤1.1手心挂接.txt	几艘	jesz	jesz	未知飞键、非音码或读音集合未覆盖；不猜测
鲸凉鹤1.1手心挂接.txt	几沓	jeta	jeta	未知飞键、非音码或读音集合未覆盖；不猜测
鲸凉鹤1.1手心挂接.txt	几套	jetc	jetc	未知飞键、非音码或读音集合未覆盖；不猜测
鲸凉鹤1.1手心挂接.txt	几台	jetd	jetd	未知飞键、非音码或读音集合未覆盖；不猜测
鲸凉鹤1.1手心挂接.txt	几趟	jeth	jeth	未知飞键、非音码或读音集合未覆盖；不猜测
鲸凉鹤1.1手心挂接.txt	几提	jeti	jeti	未知飞键、非音码或读音集合未覆盖；不猜测
鲸凉鹤1.1手心挂接.txt	几滩	jetj	jetj	未知飞键、非音码或读音集合未覆盖；不猜测
鲸凉鹤1.1手心挂接.txt	几坛	jetj	jetj	未知飞键、非音码或读音集合未覆盖；不猜测
鲸凉鹤1.1手心挂接.txt	几挺	jetk	jetk	未知飞键、非音码或读音集合未覆盖；不猜测
鲸凉鹤1.1手心挂接.txt	几天	jetm	jetm	未知飞键、非音码或读音集合未覆盖；不猜测
鲸凉鹤1.1手心挂接.txt	几条	jetn	jetn	未知飞键、非音码或读音集合未覆盖；不猜测
鲸凉鹤1.1手心挂接.txt	几贴	jetp	jetp	未知飞键、非音码或读音集合未覆盖；不猜测
鲸凉鹤1.1手心挂接.txt	几团	jetr	jetr	未知飞键、非音码或读音集合未覆盖；不猜测
鲸凉鹤1.1手心挂接.txt	几桶	jets	jets	未知飞键、非音码或读音集合未覆盖；不猜测
鲸凉鹤1.1手心挂接.txt	几头	jetz	jetz	未知飞键、非音码或读音集合未覆盖；不猜测
鲸凉鹤1.1手心挂接.txt	几身	jeuf	jeuf	未知飞键、非音码或读音集合未覆盖；不猜测
鲸凉鹤1.1手心挂接.txt	几声	jeug	jeug	未知飞键、非音码或读音集合未覆盖；不猜测
鲸凉鹤1.1手心挂接.txt	几十	jeui	jeui	未知飞键、非音码或读音集合未覆盖；不猜测
鲸凉鹤1.1手心挂接.txt	几时	jeui	jeui	未知飞键、非音码或读音集合未覆盖；不猜测
鲸凉鹤1.1手心挂接.txt	几扇	jeuj	jeuj	未知飞键、非音码或读音集合未覆盖；不猜测
鲸凉鹤1.1手心挂接.txt	几双	jeul	jeul	未知飞键、非音码或读音集合未覆盖；不猜测
鲸凉鹤1.1手心挂接.txt	几扇	jeus	jeus	未知飞键、非音码或读音集合未覆盖；不猜测
鲸凉鹤1.1手心挂接.txt	几束	jeuu	jeuu	未知飞键、非音码或读音集合未覆盖；不猜测
鲸凉鹤1.1手心挂接.txt	几首	jeuz	jeuz	未知飞键、非音码或读音集合未覆盖；不猜测
鲸凉鹤1.1手心挂接.txt	几手	jeuz	jeuz	未知飞键、非音码或读音集合未覆盖；不猜测
鲸凉鹤1.1手心挂接.txt	几匝	jeva	jeva	未知飞键、非音码或读音集合未覆盖；不猜测
鲸凉鹤1.1手心挂接.txt	几招	jevc	jevc	未知飞键、非音码或读音集合未覆盖；不猜测
鲸凉鹤1.1手心挂接.txt	几帧	jevf	jevf	未知飞键、非音码或读音集合未覆盖；不猜测
鲸凉鹤1.1手心挂接.txt	几阵	jevf	jevf	未知飞键、非音码或读音集合未覆盖；不猜测
鲸凉鹤1.1手心挂接.txt	几针	jevf	jevf	未知飞键、非音码或读音集合未覆盖；不猜测
鲸凉鹤1.1手心挂接.txt	几张	jevh	jevh	未知飞键、非音码或读音集合未覆盖；不猜测
鲸凉鹤1.1手心挂接.txt	几章	jevh	jevh	未知飞键、非音码或读音集合未覆盖；不猜测
鲸凉鹤1.1手心挂接.txt	几丈	jevh	jevh	未知飞键、非音码或读音集合未覆盖；不猜测
鲸凉鹤1.1手心挂接.txt	几只	jevi	jevi	未知飞键、非音码或读音集合未覆盖；不猜测
鲸凉鹤1.1手心挂接.txt	几支	jevi	jevi	未知飞键、非音码或读音集合未覆盖；不猜测
鲸凉鹤1.1手心挂接.txt	几盏	jevj	jevj	未知飞键、非音码或读音集合未覆盖；不猜测
鲸凉鹤1.1手心挂接.txt	几桩	jevl	jevl	未知飞键、非音码或读音集合未覆盖；不猜测
鲸凉鹤1.1手心挂接.txt	几幢	jevl	jevl	未知飞键、非音码或读音集合未覆盖；不猜测
鲸凉鹤1.1手心挂接.txt	几转	jevr	jevr	未知飞键、非音码或读音集合未覆盖；不猜测
鲸凉鹤1.1手心挂接.txt	几种	jevs	jevs	未知飞键、非音码或读音集合未覆盖；不猜测
鲸凉鹤1.1手心挂接.txt	几株	jevu	jevu	未知飞键、非音码或读音集合未覆盖；不猜测
鲸凉鹤1.1手心挂接.txt	几抓	jevx	jevx	未知飞键、非音码或读音集合未覆盖；不猜测
鲸凉鹤1.1手心挂接.txt	几周	jevz	jevz	未知飞键、非音码或读音集合未覆盖；不猜测
鲸凉鹤1.1手心挂接.txt	几文	jewf	jewf	未知飞键、非音码或读音集合未覆盖；不猜测
鲸凉鹤1.1手心挂接.txt	几万	jewj	jewj	未知飞键、非音码或读音集合未覆盖；不猜测
鲸凉鹤1.1手心挂接.txt	几碗	jewj	jewj	未知飞键、非音码或读音集合未覆盖；不猜测
鲸凉鹤1.1手心挂接.txt	几晚	jewj	jewj	未知飞键、非音码或读音集合未覆盖；不猜测
鲸凉鹤1.1手心挂接.txt	几窝	jewo	jewo	未知飞键、非音码或读音集合未覆盖；不猜测
鲸凉鹤1.1手心挂接.txt	几无	jewu	jewu	未知飞键、非音码或读音集合未覆盖；不猜测
鲸凉鹤1.1手心挂接.txt	几位	jeww	jeww	未知飞键、非音码或读音集合未覆盖；不猜测
鲸凉鹤1.1手心挂接.txt	几席	jexi	jexi	未知飞键、非音码或读音集合未覆盖；不猜测
鲸凉鹤1.1手心挂接.txt	几项	jexl	jexl	未知飞键、非音码或读音集合未覆盖；不猜测
鲸凉鹤1.1手心挂接.txt	几箱	jexl	jexl	未知飞键、非音码或读音集合未覆盖；不猜测
鲸凉鹤1.1手心挂接.txt	几线	jexm	jexm	未知飞键、非音码或读音集合未覆盖；不猜测
鲸凉鹤1.1手心挂接.txt	几些	jexp	jexp	未知飞键、非音码或读音集合未覆盖；不猜测
鲸凉鹤1.1手心挂接.txt	几选	jexr	jexr	未知飞键、非音码或读音集合未覆盖；不猜测
鲸凉鹤1.1手心挂接.txt	几许	jexu	jexu	未知飞键、非音码或读音集合未覆盖；不猜测
鲸凉鹤1.1手心挂接.txt	几下	jexx	jexx	未知飞键、非音码或读音集合未覆盖；不猜测
鲸凉鹤1.1手心挂接.txt	几旬	jexy	jexy	未知飞键、非音码或读音集合未覆盖；不猜测
鲸凉鹤1.1手心挂接.txt	几巡	jexy	jexy	未知飞键、非音码或读音集合未覆盖；不猜测
鲸凉鹤1.1手心挂接.txt	几引	jeyb	jeyb	未知飞键、非音码或读音集合未覆盖；不猜测
鲸凉鹤1.1手心挂接.txt	几页	jeye	jeye	未知飞键、非音码或读音集合未覆盖；不猜测
鲸凉鹤1.1手心挂接.txt	几眼	jeyf	jeyf	未知飞键、非音码或读音集合未覆盖；不猜测
鲸凉鹤1.1手心挂接.txt	几样	jeyh	jeyh	未知飞键、非音码或读音集合未覆盖；不猜测
鲸凉鹤1.1手心挂接.txt	几亿	jeyi	jeyi	未知飞键、非音码或读音集合未覆盖；不猜测
鲸凉鹤1.1手心挂接.txt	几眼	jeyj	jeyj	未知飞键、非音码或读音集合未覆盖；不猜测
鲸凉鹤1.1手心挂接.txt	几月	jeyt	jeyt	未知飞键、非音码或读音集合未覆盖；不猜测
鲸凉鹤1.1手心挂接.txt	几遭	jezc	jezc	未知飞键、非音码或读音集合未覆盖；不猜测
鲸凉鹤1.1手心挂接.txt	几载	jezd	jezd	未知飞键、非音码或读音集合未覆盖；不猜测
鲸凉鹤1.1手心挂接.txt	几则	jeze	jeze	未知飞键、非音码或读音集合未覆盖；不猜测
鲸凉鹤1.1手心挂接.txt	几座	jezo	jezo	未知飞键、非音码或读音集合未覆盖；不猜测
鲸凉鹤1.1手心挂接.txt	几宗	jezs	jezs	未知飞键、非音码或读音集合未覆盖；不猜测
鲸凉鹤1.1手心挂接.txt	几组	jezu	jezu	未知飞键、非音码或读音集合未覆盖；不猜测
鲸凉鹤1.1手心挂接.txt	几尊	jezy	jezy	未知飞键、非音码或读音集合未覆盖；不猜测
鲸凉鹤1.1手心挂接.txt	道别	jfbp	jfbp	未知飞键、非音码或读音集合未覆盖；不猜测
鲸凉鹤1.1手心挂接.txt	道德	jfde	jfde	未知飞键、非音码或读音集合未覆盖；不猜测
鲸凉鹤1.1手心挂接.txt	道钉	jfdk	jfdk	未知飞键、非音码或读音集合未覆盖；不猜测
鲸凉鹤1.1手心挂接.txt	道法	jffa	jffa	未知飞键、非音码或读音集合未覆盖；不猜测
鲸凉鹤1.1手心挂接.txt	道服	jffu	jffu	未知飞键、非音码或读音集合未覆盖；不猜测
鲸凉鹤1.1手心挂接.txt	道诡	jfgi	jfgi	未知飞键、非音码或读音集合未覆盖；不猜测
鲸凉鹤1.1手心挂接.txt	道光	jfgl	jfgl	未知飞键、非音码或读音集合未覆盖；不猜测
鲸凉鹤1.1手心挂接.txt	道果	jfgo	jfgo	未知飞键、非音码或读音集合未覆盖；不猜测
鲸凉鹤1.1手心挂接.txt	道观	jfgp	jfgp	未知飞键、非音码或读音集合未覆盖；不猜测
鲸凉鹤1.1手心挂接.txt	道馆	jfgp	jfgp	未知飞键、非音码或读音集合未覆盖；不猜测
鲸凉鹤1.1手心挂接.txt	道观	jfgr	jfgr	未知飞键、非音码或读音集合未覆盖；不猜测
鲸凉鹤1.1手心挂接.txt	道馆	jfgr	jfgr	未知飞键、非音码或读音集合未覆盖；不猜测
鲸凉鹤1.1手心挂接.txt	道诡	jfgv	jfgv	未知飞键、非音码或读音集合未覆盖；不猜测
鲸凉鹤1.1手心挂接.txt	道号	jfhc	jfhc	未知飞键、非音码或读音集合未覆盖；不猜测
鲸凉鹤1.1手心挂接.txt	道贺	jfhe	jfhe	未知飞键、非音码或读音集合未覆盖；不猜测
鲸凉鹤1.1手心挂接.txt	道行	jfhg	jfhg	未知飞键、非音码或读音集合未覆盖；不猜测
鲸凉鹤1.1手心挂接.txt	道行	jfhh	jfhh	未知飞键、非音码或读音集合未覆盖；不猜测
鲸凉鹤1.1手心挂接.txt	道场	jfih	jfih	未知飞键、非音码或读音集合未覆盖；不猜测
鲸凉鹤1.1手心挂接.txt	道出	jfiu	jfiu	未知飞键、非音码或读音集合未覆盖；不猜测
鲸凉鹤1.1手心挂接.txt	道道	jfjf	jfjf	未知飞键、非音码或读音集合未覆盖；不猜测
鲸凉鹤1.1手心挂接.txt	道教	jfjn	jfjn	未知飞键、非音码或读音集合未覆盖；不猜测
鲸凉鹤1.1手心挂接.txt	道具	jfju	jfju	未知飞键、非音码或读音集合未覆盖；不猜测
鲸凉鹤1.1手心挂接.txt	道家	jfjx	jfjx	未知飞键、非音码或读音集合未覆盖；不猜测
鲸凉鹤1.1手心挂接.txt	道君	jfjy	jfjy	未知飞键、非音码或读音集合未覆盖；不猜测
鲸凉鹤1.1手心挂接.txt	道口	jfkz	jfkz	未知飞键、非音码或读音集合未覆盖；不猜测
鲸凉鹤1.1手心挂接.txt	道来	jfld	jfld	未知飞键、非音码或读音集合未覆盖；不猜测
鲸凉鹤1.1手心挂接.txt	道理	jfli	jfli	未知飞键、非音码或读音集合未覆盖；不猜测
鲸凉鹤1.1手心挂接.txt	道路	jflu	jflu	未知飞键、非音码或读音集合未覆盖；不猜测
鲸凉鹤1.1手心挂接.txt	道侣	jflv	jflv	未知飞键、非音码或读音集合未覆盖；不猜测
鲸凉鹤1.1手心挂接.txt	道门	jfmf	jfmf	未知飞键、非音码或读音集合未覆盖；不猜测
鲸凉鹤1.1手心挂接.txt	道明	jfmk	jfmk	未知飞键、非音码或读音集合未覆盖；不猜测
鲸凉鹤1.1手心挂接.txt	道袍	jfpc	jfpc	未知飞键、非音码或读音集合未覆盖；不猜测
鲸凉鹤1.1手心挂接.txt	道旁	jfph	jfph	未知飞键、非音码或读音集合未覆盖；不猜测
鲸凉鹤1.1手心挂接.txt	道破	jfpo	jfpo	未知飞键、非音码或读音集合未覆盖；不猜测
鲸凉鹤1.1手心挂接.txt	道破	jfps	jfps	未知飞键、非音码或读音集合未覆盖；不猜测
鲸凉鹤1.1手心挂接.txt	道奇	jfqi	jfqi	未知飞键、非音码或读音集合未覆盖；不猜测
鲸凉鹤1.1手心挂接.txt	道歉	jfqm	jfqm	未知飞键、非音码或读音集合未覆盖；不猜测
鲸凉鹤1.1手心挂接.txt	道人	jfrf	jfrf	未知飞键、非音码或读音集合未覆盖；不猜测
鲸凉鹤1.1手心挂接.txt	道台	jftd	jftd	未知飞键、非音码或读音集合未覆盖；不猜测
鲸凉鹤1.1手心挂接.txt	道胎	jftd	jftd	未知飞键、非音码或读音集合未覆盖；不猜测
鲸凉鹤1.1手心挂接.txt	道题	jfti	jfti	未知飞键、非音码或读音集合未覆盖；不猜测
鲸凉鹤1.1手心挂接.txt	道统	jfts	jfts	未知飞键、非音码或读音集合未覆盖；不猜测
鲸凉鹤1.1手心挂接.txt	道童	jfts	jfts	未知飞键、非音码或读音集合未覆盖；不猜测
鲸凉鹤1.1手心挂接.txt	道上	jfuh	jfuh	未知飞键、非音码或读音集合未覆盖；不猜测
鲸凉鹤1.1手心挂接.txt	道士	jfui	jfui	未知飞键、非音码或读音集合未覆盖；不猜测
鲸凉鹤1.1手心挂接.txt	道术	jfuu	jfuu	未知飞键、非音码或读音集合未覆盖；不猜测
鲸凉鹤1.1手心挂接.txt	道长	jfvh	jfvh	未知飞键、非音码或读音集合未覆盖；不猜测
鲸凉鹤1.1手心挂接.txt	道心	jfxb	jfxb	未知飞键、非音码或读音集合未覆盖；不猜测
鲸凉鹤1.1手心挂接.txt	道喜	jfxi	jfxi	未知飞键、非音码或读音集合未覆盖；不猜测
鲸凉鹤1.1手心挂接.txt	道县	jfxm	jfxm	未知飞键、非音码或读音集合未覆盖；不猜测
鲸凉鹤1.1手心挂接.txt	道谢	jfxp	jfxp	未知飞键、非音码或读音集合未覆盖；不猜测
鲸凉鹤1.1手心挂接.txt	道玄	jfxr	jfxr	未知飞键、非音码或读音集合未覆盖；不猜测
鲸凉鹤1.1手心挂接.txt	道兄	jfxs	jfxs	未知飞键、非音码或读音集合未覆盖；不猜测
鲸凉鹤1.1手心挂接.txt	道学	jfxt	jfxt	未知飞键、非音码或读音集合未覆盖；不猜测
鲸凉鹤1.1手心挂接.txt	道印	jfyb	jfyb	未知飞键、非音码或读音集合未覆盖；不猜测
鲸凉鹤1.1手心挂接.txt	道引	jfyb	jfyb	未知飞键、非音码或读音集合未覆盖；不猜测
鲸凉鹤1.1手心挂接.txt	道爷	jfye	jfye	未知飞键、非音码或读音集合未覆盖；不猜测
鲸凉鹤1.1手心挂接.txt	道义	jfyi	jfyi	未知飞键、非音码或读音集合未覆盖；不猜测
鲸凉鹤1.1手心挂接.txt	道元	jfyr	jfyr	未知飞键、非音码或读音集合未覆盖；不猜测
鲸凉鹤1.1手心挂接.txt	道远	jfyr	jfyr	未知飞键、非音码或读音集合未覆盖；不猜测
鲸凉鹤1.1手心挂接.txt	道院	jfyr	jfyr	未知飞键、非音码或读音集合未覆盖；不猜测
鲸凉鹤1.1手心挂接.txt	道友	jfyz	jfyz	未知飞键、非音码或读音集合未覆盖；不猜测
鲸凉鹤1.1手心挂接.txt	道祖	jfzu	jfzu	未知飞键、非音码或读音集合未覆盖；不猜测
鲸凉鹤1.1手心挂接.txt	道尊	jfzy	jfzy	未知飞键、非音码或读音集合未覆盖；不猜测
鲸凉鹤1.1手心挂接.txt	即从	jicl	jicl	未知飞键、非音码或读音集合未覆盖；不猜测
鲸凉鹤1.1手心挂接.txt	击倒	jidl	jidl	未知飞键、非音码或读音集合未覆盖；不猜测
鲸凉鹤1.1手心挂接.txt	寄到	jidl	jidl	未知飞键、非音码或读音集合未覆盖；不猜测
鲸凉鹤1.1手心挂接.txt	击打	jidw	jidw	未知飞键、非音码或读音集合未覆盖；不猜测
鲸凉鹤1.1手心挂接.txt	机关	jigp	jigp	未知飞键、非音码或读音集合未覆盖；不猜测
鲸凉鹤1.1手心挂接.txt	籍贯	jigp	jigp	未知飞键、非音码或读音集合未覆盖；不猜测
鲸凉鹤1.1手心挂接.txt	基建	jijz	jijz	未知飞键、非音码或读音集合未覆盖；不猜测
鲸凉鹤1.1手心挂接.txt	极简	jijz	jijz	未知飞键、非音码或读音集合未覆盖；不猜测
鲸凉鹤1.1手心挂接.txt	击剑	jijz	jijz	未知飞键、非音码或读音集合未覆盖；不猜测
鲸凉鹤1.1手心挂接.txt	击键	jijz	jijz	未知飞键、非音码或读音集合未覆盖；不猜测
鲸凉鹤1.1手心挂接.txt	激烈	jilf	jilf	未知飞键、非音码或读音集合未覆盖；不猜测
鲸凉鹤1.1手心挂接.txt	挤满	jimr	jimr	未知飞键、非音码或读音集合未覆盖；不猜测
鲸凉鹤1.1手心挂接.txt	极慢	jimr	jimr	未知飞键、非音码或读音集合未覆盖；不猜测
鲸凉鹤1.1手心挂接.txt	积满	jimr	jimr	未知飞键、非音码或读音集合未覆盖；不猜测
鲸凉鹤1.1手心挂接.txt	积木	jimx	jimx	未知飞键、非音码或读音集合未覆盖；不猜测
鲸凉鹤1.1手心挂接.txt	继母	jimx	jimx	未知飞键、非音码或读音集合未覆盖；不猜测
鲸凉鹤1.1手心挂接.txt	济南	jinz	jinz	未知飞键、非音码或读音集合未覆盖；不猜测
鲸凉鹤1.1手心挂接.txt	极难	jinz	jinz	未知飞键、非音码或读音集合未覆盖；不猜测
鲸凉鹤1.1手心挂接.txt	暨南	jinz	jinz	未知飞键、非音码或读音集合未覆盖；不猜测
鲸凉鹤1.1手心挂接.txt	鸡皮	jipe	jipe	未知飞键、非音码或读音集合未覆盖；不猜测
鲸凉鹤1.1手心挂接.txt	急迫	jips	jips	未知飞键、非音码或读音集合未覆盖；不猜测
鲸凉鹤1.1手心挂接.txt	击破	jips	jips	未知飞键、非音码或读音集合未覆盖；不猜测
鲸凉鹤1.1手心挂接.txt	几瓶	jipx	jipx	未知飞键、非音码或读音集合未覆盖；不猜测
鲸凉鹤1.1手心挂接.txt	激起	jiqe	jiqe	未知飞键、非音码或读音集合未覆盖；不猜测
鲸凉鹤1.1手心挂接.txt	记起	jiqe	jiqe	未知飞键、非音码或读音集合未覆盖；不猜测
鲸凉鹤1.1手心挂接.txt	鸡腿	jitl	jitl	未知飞键、非音码或读音集合未覆盖；不猜测
鲸凉鹤1.1手心挂接.txt	击退	jitl	jitl	未知飞键、非音码或读音集合未覆盖；不猜测
鲸凉鹤1.1手心挂接.txt	急症	jivk	jivk	未知飞键、非音码或读音集合未覆盖；不猜测
鲸凉鹤1.1手心挂接.txt	机修	jixo	jixo	未知飞键、非音码或读音集合未覆盖；不猜测
鲸凉鹤1.1手心挂接.txt	急眼	jiyf	jiyf	未知飞键、非音码或读音集合未覆盖；不猜测
鲸凉鹤1.1手心挂接.txt	吉言	jiyf	jiyf	未知飞键、非音码或读音集合未覆盖；不猜测
鲸凉鹤1.1手心挂接.txt	鸡眼	jiyf	jiyf	未知飞键、非音码或读音集合未覆盖；不猜测
鲸凉鹤1.1手心挂接.txt	机遇	jiyg	jiyg	未知飞键、非音码或读音集合未覆盖；不猜测
鲸凉鹤1.1手心挂接.txt	觊觎	jiyg	jiyg	未知飞键、非音码或读音集合未覆盖；不猜测
鲸凉鹤1.1手心挂接.txt	际遇	jiyg	jiyg	未知飞键、非音码或读音集合未覆盖；不猜测
鲸凉鹤1.1手心挂接.txt	给予	jiyg	jiyg	未知飞键、非音码或读音集合未覆盖；不猜测
鲸凉鹤1.1手心挂接.txt	基于	jiyg	jiyg	未知飞键、非音码或读音集合未覆盖；不猜测
鲸凉鹤1.1手心挂接.txt	竟从	jkcl	jkcl	未知飞键、非音码或读音集合未覆盖；不猜测
鲸凉鹤1.1手心挂接.txt	京葱	jkcl	jkcl	未知飞键、非音码或读音集合未覆盖；不猜测
鲸凉鹤1.1手心挂接.txt	惊道	jkdl	jkdl	未知飞键、非音码或读音集合未覆盖；不猜测
鲸凉鹤1.1手心挂接.txt	精到	jkdl	jkdl	未知飞键、非音码或读音集合未覆盖；不猜测
鲸凉鹤1.1手心挂接.txt	惊到	jkdl	jkdl	未知飞键、非音码或读音集合未覆盖；不猜测
鲸凉鹤1.1手心挂接.txt	镜柜	jkgi	jkgi	未知飞键、非音码或读音集合未覆盖；不猜测
鲸凉鹤1.1手心挂接.txt	景观	jkgp	jkgp	未知飞键、非音码或读音集合未覆盖；不猜测
鲸凉鹤1.1手心挂接.txt	警官	jkgp	jkgp	未知飞键、非音码或读音集合未覆盖；不猜测
鲸凉鹤1.1手心挂接.txt	静观	jkgp	jkgp	未知飞键、非音码或读音集合未覆盖；不猜测
鲸凉鹤1.1手心挂接.txt	经管	jkgp	jkgp	未知飞键、非音码或读音集合未覆盖；不猜测
鲸凉鹤1.1手心挂接.txt	静海	jkhf	jkhf	未知飞键、非音码或读音集合未覆盖；不猜测
鲸凉鹤1.1手心挂接.txt	惊道	jkjf	jkjf	未知飞键、非音码或读音集合未覆盖；不猜测
鲸凉鹤1.1手心挂接.txt	精简	jkjz	jkjz	未知飞键、非音码或读音集合未覆盖；不猜测
鲸凉鹤1.1手心挂接.txt	精减	jkjz	jkjz	未知飞键、非音码或读音集合未覆盖；不猜测
鲸凉鹤1.1手心挂接.txt	警监	jkjz	jkjz	未知飞键、非音码或读音集合未覆盖；不猜测
鲸凉鹤1.1手心挂接.txt	颈间	jkjz	jkjz	未知飞键、非音码或读音集合未覆盖；不猜测
鲸凉鹤1.1手心挂接.txt	劲烈	jklf	jklf	未知飞键、非音码或读音集合未覆盖；不猜测
鲸凉鹤1.1手心挂接.txt	静穆	jkmx	jkmx	未知飞键、非音码或读音集合未覆盖；不猜测
鲸凉鹤1.1手心挂接.txt	敬慕	jkmx	jkmx	未知飞键、非音码或读音集合未覆盖；不猜测
鲸凉鹤1.1手心挂接.txt	京南	jknz	jknz	未知飞键、非音码或读音集合未覆盖；不猜测
鲸凉鹤1.1手心挂接.txt	精辟	jkpe	jkpe	未知飞键、非音码或读音集合未覆盖；不猜测
鲸凉鹤1.1手心挂接.txt	静僻	jkpe	jkpe	未知飞键、非音码或读音集合未覆盖；不猜测
鲸凉鹤1.1手心挂接.txt	精魄	jkps	jkps	未知飞键、非音码或读音集合未覆盖；不猜测
鲸凉鹤1.1手心挂接.txt	净瓶	jkpx	jkpx	未知飞键、非音码或读音集合未覆盖；不猜测
鲸凉鹤1.1手心挂接.txt	镜腿	jktl	jktl	未知飞键、非音码或读音集合未覆盖；不猜测
鲸凉鹤1.1手心挂接.txt	京山	jkus	jkus	未知飞键、非音码或读音集合未覆盖；不猜测
鲸凉鹤1.1手心挂接.txt	竞争	jkvk	jkvk	未知飞键、非音码或读音集合未覆盖；不猜测
鲸凉鹤1.1手心挂接.txt	净整	jkvk	jkvk	未知飞键、非音码或读音集合未覆盖；不猜测
鲸凉鹤1.1手心挂接.txt	静修	jkxo	jkxo	未知飞键、非音码或读音集合未覆盖；不猜测
鲸凉鹤1.1手心挂接.txt	精修	jkxo	jkxo	未知飞键、非音码或读音集合未覆盖；不猜测
鲸凉鹤1.1手心挂接.txt	经验	jkyf	jkyf	未知飞键、非音码或读音集合未覆盖；不猜测
鲸凉鹤1.1手心挂接.txt	惊艳	jkyf	jkyf	未知飞键、非音码或读音集合未覆盖；不猜测
鲸凉鹤1.1手心挂接.txt	鲸鱼	jkyg	jkyg	未知飞键、非音码或读音集合未覆盖；不猜测
鲸凉鹤1.1手心挂接.txt	境遇	jkyg	jkyg	未知飞键、非音码或读音集合未覆盖；不猜测
鲸凉鹤1.1手心挂接.txt	经与	jkyg	jkyg	未知飞键、非音码或读音集合未覆盖；不猜测
鲸凉鹤1.1手心挂接.txt	净赚	jkzr	jkzr	未知飞键、非音码或读音集合未覆盖；不猜测
鲸凉鹤1.1手心挂接.txt	将从	jlcl	jlcl	未知飞键、非音码或读音集合未覆盖；不猜测
鲸凉鹤1.1手心挂接.txt	姜葱	jlcl	jlcl	未知飞键、非音码或读音集合未覆盖；不猜测
鲸凉鹤1.1手心挂接.txt	讲到	jldl	jldl	未知飞键、非音码或读音集合未覆盖；不猜测
鲸凉鹤1.1手心挂接.txt	降到	jldl	jldl	未知飞键、非音码或读音集合未覆盖；不猜测
鲸凉鹤1.1手心挂接.txt	将诶	jlei	jlei	未知飞键、非音码或读音集合未覆盖；不猜测
鲸凉鹤1.1手心挂接.txt	犟龟	jlgi	jlgi	未知飞键、非音码或读音集合未覆盖；不猜测
鲸凉鹤1.1手心挂接.txt	将官	jlgp	jlgp	未知飞键、非音码或读音集合未覆盖；不猜测
鲸凉鹤1.1手心挂接.txt	蒋健	jljz	jljz	未知飞键、非音码或读音集合未覆盖；不猜测
鲸凉鹤1.1手心挂接.txt	江曼	jlmr	jlmr	未知飞键、非音码或读音集合未覆盖；不猜测
鲸凉鹤1.1手心挂接.txt	江南	jlnz	jlnz	未知飞键、非音码或读音集合未覆盖；不猜测
鲸凉鹤1.1手心挂接.txt	讲评	jlpx	jlpx	未知飞键、非音码或读音集合未覆盖；不猜测
鲸凉鹤1.1手心挂接.txt	讲起	jlqe	jlqe	未知飞键、非音码或读音集合未覆盖；不猜测
鲸凉鹤1.1手心挂接.txt	将推	jltl	jltl	未知飞键、非音码或读音集合未覆盖；不猜测
鲸凉鹤1.1手心挂接.txt	江山	jlus	jlus	未知飞键、非音码或读音集合未覆盖；不猜测
鲸凉鹤1.1手心挂接.txt	讲演	jlyf	jlyf	未知飞键、非音码或读音集合未覆盖；不猜测
鲸凉鹤1.1手心挂接.txt	疆域	jlyg	jlyg	未知飞键、非音码或读音集合未覆盖；不猜测
鲸凉鹤1.1手心挂接.txt	将于	jlyg	jlyg	未知飞键、非音码或读音集合未覆盖；不猜测
鲸凉鹤1.1手心挂接.txt	降雨	jlyg	jlyg	未知飞键、非音码或读音集合未覆盖；不猜测
鲸凉鹤1.1手心挂接.txt	见到	jmdl	jmdl	未知飞键、非音码或读音集合未覆盖；不猜测
鲸凉鹤1.1手心挂接.txt	剪刀	jmdl	jmdl	未知飞键、非音码或读音集合未覆盖；不猜测
鲸凉鹤1.1手心挂接.txt	捡到	jmdl	jmdl	未知飞键、非音码或读音集合未覆盖；不猜测
鲸凉鹤1.1手心挂接.txt	剑道	jmdl	jmdl	未知飞键、非音码或读音集合未覆盖；不猜测
鲸凉鹤1.1手心挂接.txt	见鬼	jmgi	jmgi	未知飞键、非音码或读音集合未覆盖；不猜测
鲸凉鹤1.1手心挂接.txt	监管	jmgp	jmgp	未知飞键、非音码或读音集合未覆盖；不猜测
鲸凉鹤1.1手心挂接.txt	见惯	jmgp	jmgp	未知飞键、非音码或读音集合未覆盖；不猜测
鲸凉鹤1.1手心挂接.txt	兼管	jmgp	jmgp	未知飞键、非音码或读音集合未覆盖；不猜测
鲸凉鹤1.1手心挂接.txt	谏官	jmgp	jmgp	未知飞键、非音码或读音集合未覆盖；不猜测
鲸凉鹤1.1手心挂接.txt	剑道	jmjf	jmjf	未知飞键、非音码或读音集合未覆盖；不猜测
鲸凉鹤1.1手心挂接.txt	减慢	jmmr	jmmr	未知飞键、非音码或读音集合未覆盖；不猜测
鲸凉鹤1.1手心挂接.txt	建木	jmmx	jmmx	未知飞键、非音码或读音集合未覆盖；不猜测
鲸凉鹤1.1手心挂接.txt	艰难	jmnz	jmnz	未知飞键、非音码或读音集合未覆盖；不猜测
鲸凉鹤1.1手心挂接.txt	贱批	jmpe	jmpe	未知飞键、非音码或读音集合未覆盖；不猜测
鲸凉鹤1.1手心挂接.txt	肩披	jmpe	jmpe	未知飞键、非音码或读音集合未覆盖；不猜测
鲸凉鹤1.1手心挂接.txt	健脾	jmpe	jmpe	未知飞键、非音码或读音集合未覆盖；不猜测
鲸凉鹤1.1手心挂接.txt	剪破	jmps	jmps	未知飞键、非音码或读音集合未覆盖；不猜测
鲸凉鹤1.1手心挂接.txt	简评	jmpx	jmpx	未知飞键、非音码或读音集合未覆盖；不猜测
鲸凉鹤1.1手心挂接.txt	捡起	jmqe	jmqe	未知飞键、非音码或读音集合未覆盖；不猜测
鲸凉鹤1.1手心挂接.txt	兼洽	jmqo	jmqo	未知飞键、非音码或读音集合未覆盖；不猜测
鲸凉鹤1.1手心挂接.txt	减退	jmtl	jmtl	未知飞键、非音码或读音集合未覆盖；不猜测
鲸凉鹤1.1手心挂接.txt	见证	jmvk	jmvk	未知飞键、非音码或读音集合未覆盖；不猜测
鲸凉鹤1.1手心挂接.txt	键政	jmvk	jmvk	未知飞键、非音码或读音集合未覆盖；不猜测
鲸凉鹤1.1手心挂接.txt	检修	jmxo	jmxo	未知飞键、非音码或读音集合未覆盖；不猜测
鲸凉鹤1.1手心挂接.txt	兼修	jmxo	jmxo	未知飞键、非音码或读音集合未覆盖；不猜测
鲸凉鹤1.1手心挂接.txt	剑修	jmxo	jmxo	未知飞键、非音码或读音集合未覆盖；不猜测
鲸凉鹤1.1手心挂接.txt	检验	jmyf	jmyf	未知飞键、非音码或读音集合未覆盖；不猜测
鲸凉鹤1.1手心挂接.txt	谏言	jmyf	jmyf	未知飞键、非音码或读音集合未覆盖；不猜测
鲸凉鹤1.1手心挂接.txt	监狱	jmyg	jmyg	未知飞键、非音码或读音集合未覆盖；不猜测
鲸凉鹤1.1手心挂接.txt	鉴于	jmyg	jmyg	未知飞键、非音码或读音集合未覆盖；不猜测
鲸凉鹤1.1手心挂接.txt	箭雨	jmyg	jmyg	未知飞键、非音码或读音集合未覆盖；不猜测
鲸凉鹤1.1手心挂接.txt	剑宗	jmzl	jmzl	未知飞键、非音码或读音集合未覆盖；不猜测
鲸凉鹤1.1手心挂接.txt	教导	jndl	jndl	未知飞键、非音码或读音集合未覆盖；不猜测
鲸凉鹤1.1手心挂接.txt	叫道	jndl	jndl	未知飞键、非音码或读音集合未覆盖；不猜测
鲸凉鹤1.1手心挂接.txt	交到	jndl	jndl	未知飞键、非音码或读音集合未覆盖；不猜测
鲸凉鹤1.1手心挂接.txt	交道	jndl	jndl	未知飞键、非音码或读音集合未覆盖；不猜测
鲸凉鹤1.1手心挂接.txt	娇贵	jngi	jngi	未知飞键、非音码或读音集合未覆盖；不猜测
鲸凉鹤1.1手心挂接.txt	交规	jngi	jngi	未知飞键、非音码或读音集合未覆盖；不猜测
鲸凉鹤1.1手心挂接.txt	教官	jngp	jngp	未知飞键、非音码或读音集合未覆盖；不猜测
鲸凉鹤1.1手心挂接.txt	浇灌	jngp	jngp	未知飞键、非音码或读音集合未覆盖；不猜测
鲸凉鹤1.1手心挂接.txt	娇惯	jngp	jngp	未知飞键、非音码或读音集合未覆盖；不猜测
鲸凉鹤1.1手心挂接.txt	交管	jngp	jngp	未知飞键、非音码或读音集合未覆盖；不猜测
鲸凉鹤1.1手心挂接.txt	叫道	jnjf	jnjf	未知飞键、非音码或读音集合未覆盖；不猜测
鲸凉鹤1.1手心挂接.txt	交道	jnjf	jnjf	未知飞键、非音码或读音集合未覆盖；不猜测
鲸凉鹤1.1手心挂接.txt	矫健	jnjz	jnjz	未知飞键、非音码或读音集合未覆盖；不猜测
鲸凉鹤1.1手心挂接.txt	脚尖	jnjz	jnjz	未知飞键、非音码或读音集合未覆盖；不猜测
鲸凉鹤1.1手心挂接.txt	脚裂	jnlf	jnlf	未知飞键、非音码或读音集合未覆盖；不猜测
鲸凉鹤1.1手心挂接.txt	较慢	jnmr	jnmr	未知飞键、非音码或读音集合未覆盖；不猜测
鲸凉鹤1.1手心挂接.txt	娇蛮	jnmr	jnmr	未知飞键、非音码或读音集合未覆盖；不猜测
鲸凉鹤1.1手心挂接.txt	酵母	jnmx	jnmx	未知飞键、非音码或读音集合未覆盖；不猜测
鲸凉鹤1.1手心挂接.txt	教母	jnmx	jnmx	未知飞键、非音码或读音集合未覆盖；不猜测
鲸凉鹤1.1手心挂接.txt	较难	jnnz	jnnz	未知飞键、非音码或读音集合未覆盖；不猜测
鲸凉鹤1.1手心挂接.txt	较弱	jnor	jnor	未知飞键、非音码或读音集合未覆盖；不猜测
鲸凉鹤1.1手心挂接.txt	胶皮	jnpe	jnpe	未知飞键、非音码或读音集合未覆盖；不猜测
鲸凉鹤1.1手心挂接.txt	叫破	jnps	jnps	未知飞键、非音码或读音集合未覆盖；不猜测
鲸凉鹤1.1手心挂接.txt	交迫	jnps	jnps	未知飞键、非音码或读音集合未覆盖；不猜测
鲸凉鹤1.1手心挂接.txt	骄矜	jnqb	jnqb	未知飞键、非音码或读音集合未覆盖；不猜测
鲸凉鹤1.1手心挂接.txt	焦山	jnus	jnus	未知飞键、非音码或读音集合未覆盖；不猜测
鲸凉鹤1.1手心挂接.txt	矫正	jnvk	jnvk	未知飞键、非音码或读音集合未覆盖；不猜测
鲸凉鹤1.1手心挂接.txt	校正	jnvk	jnvk	未知飞键、非音码或读音集合未覆盖；不猜测
鲸凉鹤1.1手心挂接.txt	娇羞	jnxo	jnxo	未知飞键、非音码或读音集合未覆盖；不猜测
鲸凉鹤1.1手心挂接.txt	娇艳	jnyf	jnyf	未知飞键、非音码或读音集合未覆盖；不猜测
鲸凉鹤1.1手心挂接.txt	校验	jnyf	jnyf	未知飞键、非音码或读音集合未覆盖；不猜测
鲸凉鹤1.1手心挂接.txt	椒盐	jnyf	jnyf	未知飞键、非音码或读音集合未覆盖；不猜测
鲸凉鹤1.1手心挂接.txt	教研	jnyf	jnyf	未知飞键、非音码或读音集合未覆盖；不猜测
鲸凉鹤1.1手心挂接.txt	教育	jnyg	jnyg	未知飞键、非音码或读音集合未覆盖；不猜测
鲸凉鹤1.1手心挂接.txt	骄纵	jnzl	jnzl	未知飞键、非音码或读音集合未覆盖；不猜测
鲸凉鹤1.1手心挂接.txt	街道	jpdl	jpdl	未知飞键、非音码或读音集合未覆盖；不猜测
鲸凉鹤1.1手心挂接.txt	接到	jpdl	jpdl	未知飞键、非音码或读音集合未覆盖；不猜测
鲸凉鹤1.1手心挂接.txt	借到	jpdl	jpdl	未知飞键、非音码或读音集合未覆盖；不猜测
鲸凉鹤1.1手心挂接.txt	接轨	jpgi	jpgi	未知飞键、非音码或读音集合未覆盖；不猜测
鲸凉鹤1.1手心挂接.txt	接管	jpgp	jpgp	未知飞键、非音码或读音集合未覆盖；不猜测
鲸凉鹤1.1手心挂接.txt	揭棺	jpgp	jpgp	未知飞键、非音码或读音集合未覆盖；不猜测
鲸凉鹤1.1手心挂接.txt	街道	jpjf	jpjf	未知飞键、非音码或读音集合未覆盖；不猜测
鲸凉鹤1.1手心挂接.txt	借鉴	jpjz	jpjz	未知飞键、非音码或读音集合未覆盖；不猜测
鲸凉鹤1.1手心挂接.txt	节俭	jpjz	jpjz	未知飞键、非音码或读音集合未覆盖；不猜测
鲸凉鹤1.1手心挂接.txt	接见	jpjz	jpjz	未知飞键、非音码或读音集合未覆盖；不猜测
鲸凉鹤1.1手心挂接.txt	节烈	jplf	jplf	未知飞键、非音码或读音集合未覆盖；不猜测
鲸凉鹤1.1手心挂接.txt	解列	jplf	jplf	未知飞键、非音码或读音集合未覆盖；不猜测
鲸凉鹤1.1手心挂接.txt	届满	jpmr	jpmr	未知飞键、非音码或读音集合未覆盖；不猜测
鲸凉鹤1.1手心挂接.txt	节目	jpmx	jpmx	未知飞键、非音码或读音集合未覆盖；不猜测
鲸凉鹤1.1手心挂接.txt	揭幕	jpmx	jpmx	未知飞键、非音码或读音集合未覆盖；不猜测
鲸凉鹤1.1手心挂接.txt	劫难	jpnz	jpnz	未知飞键、非音码或读音集合未覆盖；不猜测
鲸凉鹤1.1手心挂接.txt	洁癖	jppe	jppe	未知飞键、非音码或读音集合未覆盖；不猜测
鲸凉鹤1.1手心挂接.txt	揭破	jpps	jpps	未知飞键、非音码或读音集合未覆盖；不猜测
鲸凉鹤1.1手心挂接.txt	截屏	jppx	jppx	未知飞键、非音码或读音集合未覆盖；不猜测
鲸凉鹤1.1手心挂接.txt	接洽	jpqo	jpqo	未知飞键、非音码或读音集合未覆盖；不猜测
鲸凉鹤1.1手心挂接.txt	界山	jpus	jpus	未知飞键、非音码或读音集合未覆盖；不猜测
鲸凉鹤1.1手心挂接.txt	劫争	jpvk	jpvk	未知飞键、非音码或读音集合未覆盖；不猜测
鲸凉鹤1.1手心挂接.txt	介休	jpxo	jpxo	未知飞键、非音码或读音集合未覆盖；不猜测
鲸凉鹤1.1手心挂接.txt	洁修	jpxo	jpxo	未知飞键、非音码或读音集合未覆盖；不猜测
鲸凉鹤1.1手心挂接.txt	戒严	jpyf	jpyf	未知飞键、非音码或读音集合未覆盖；不猜测
鲸凉鹤1.1手心挂接.txt	戒烟	jpyf	jpyf	未知飞键、非音码或读音集合未覆盖；不猜测
鲸凉鹤1.1手心挂接.txt	介于	jpyg	jpyg	未知飞键、非音码或读音集合未覆盖；不猜测
鲸凉鹤1.1手心挂接.txt	劫狱	jpyg	jpyg	未知飞键、非音码或读音集合未覆盖；不猜测
鲸凉鹤1.1手心挂接.txt	就从	jqcl	jqcl	未知飞键、非音码或读音集合未覆盖；不猜测
鲸凉鹤1.1手心挂接.txt	酒鬼	jqgi	jqgi	未知飞键、非音码或读音集合未覆盖；不猜测
鲸凉鹤1.1手心挂接.txt	酒柜	jqgi	jqgi	未知飞键、非音码或读音集合未覆盖；不猜测
鲸凉鹤1.1手心挂接.txt	酒馆	jqgp	jqgp	未知飞键、非音码或读音集合未覆盖；不猜测
鲸凉鹤1.1手心挂接.txt	旧观	jqgp	jqgp	未知飞键、非音码或读音集合未覆盖；不猜测
鲸凉鹤1.1手心挂接.txt	九键	jqjz	jqjz	未知飞键、非音码或读音集合未覆盖；不猜测
鲸凉鹤1.1手心挂接.txt	旧件	jqjz	jqjz	未知飞键、非音码或读音集合未覆盖；不猜测
鲸凉鹤1.1手心挂接.txt	舅母	jqmx	jqmx	未知飞键、非音码或读音集合未覆盖；不猜测
鲸凉鹤1.1手心挂接.txt	救难	jqnz	jqnz	未知飞键、非音码或读音集合未覆盖；不猜测
鲸凉鹤1.1手心挂接.txt	舅婆	jqps	jqps	未知飞键、非音码或读音集合未覆盖；不猜测
鲸凉鹤1.1手心挂接.txt	酒瓶	jqpx	jqpx	未知飞键、非音码或读音集合未覆盖；不猜测
鲸凉鹤1.1手心挂接.txt	就凭	jqpx	jqpx	未知飞键、非音码或读音集合未覆盖；不猜测
鲸凉鹤1.1手心挂接.txt	救起	jqqe	jqqe	未知飞键、非音码或读音集合未覆盖；不猜测
鲸凉鹤1.1手心挂接.txt	就退	jqtl	jqtl	未知飞键、非音码或读音集合未覆盖；不猜测
鲸凉鹤1.1手心挂接.txt	就删	jqus	jqus	未知飞键、非音码或读音集合未覆盖；不猜测
鲸凉鹤1.1手心挂接.txt	纠正	jqvk	jqvk	未知飞键、非音码或读音集合未覆盖；不猜测
鲸凉鹤1.1手心挂接.txt	酒匂	jqxs	jqxs	未知飞键、非音码或读音集合未覆盖；不猜测
鲸凉鹤1.1手心挂接.txt	酒宴	jqyf	jqyf	未知飞键、非音码或读音集合未覆盖；不猜测
鲸凉鹤1.1手心挂接.txt	酒筵	jqyf	jqyf	未知飞键、非音码或读音集合未覆盖；不猜测
鲸凉鹤1.1手心挂接.txt	就与	jqyg	jqyg	未知飞键、非音码或读音集合未覆盖；不猜测
鲸凉鹤1.1手心挂接.txt	九宗	jqzl	jqzl	未知飞键、非音码或读音集合未覆盖；不猜测
鲸凉鹤1.1手心挂接.txt	卷到	jrdl	jrdl	未知飞键、非音码或读音集合未覆盖；不猜测
鲸凉鹤1.1手心挂接.txt	卷柜	jrgi	jrgi	未知飞键、非音码或读音集合未覆盖；不猜测
鲸凉鹤1.1手心挂接.txt	卷管	jrgp	jrgp	未知飞键、非音码或读音集合未覆盖；不猜测
鲸凉鹤1.1手心挂接.txt	奆佬	jrlc	jrlc	未知飞键、非音码或读音集合未覆盖；不猜测
鲸凉鹤1.1手心挂接.txt	卷皮	jrpe	jrpe	未知飞键、非音码或读音集合未覆盖；不猜测
鲸凉鹤1.1手心挂接.txt	卷起	jrqe	jrqe	未知飞键、非音码或读音集合未覆盖；不猜测
鲸凉鹤1.1手心挂接.txt	鋗人	jrrf	jrrf	未知飞键、非音码或读音集合未覆盖；不猜测
鲸凉鹤1.1手心挂接.txt	罥索	jrso	jrso	未知飞键、非音码或读音集合未覆盖；不猜测
鲸凉鹤1.1手心挂接.txt	娟秀	jrxo	jrxo	未知飞键、非音码或读音集合未覆盖；不猜测
鲸凉鹤1.1手心挂接.txt	卷烟	jryf	jryf	未知飞键、非音码或读音集合未覆盖；不猜测
鲸凉鹤1.1手心挂接.txt	卷宗	jrzl	jrzl	未知飞键、非音码或读音集合未覆盖；不猜测
鲸凉鹤1.1手心挂接.txt	囧恩	jsen	jsen	未知飞键、非音码或读音集合未覆盖；不猜测
鲸凉鹤1.1手心挂接.txt	囧妃	jsfw	jsfw	未知飞键、非音码或读音集合未覆盖；不猜测
鲸凉鹤1.1手心挂接.txt	囧哥	jsge	jsge	未知飞键、非音码或读音集合未覆盖；不猜测
鲸凉鹤1.1手心挂接.txt	囧境	jsjk	jsjk	未知飞键、非音码或读音集合未覆盖；不猜测
鲸凉鹤1.1手心挂接.txt	囧囧	jsjs	jsjs	未知飞键、非音码或读音集合未覆盖；不猜测
鲸凉鹤1.1手心挂接.txt	囧菌	jsjy	jsjy	未知飞键、非音码或读音集合未覆盖；不猜测
鲸凉鹤1.1手心挂接.txt	囧况	jskl	jskl	未知飞键、非音码或读音集合未覆盖；不猜测
鲸凉鹤1.1手心挂接.txt	囧膜	jsmo	jsmo	未知飞键、非音码或读音集合未覆盖；不猜测
鲸凉鹤1.1手心挂接.txt	囧女	jsnv	jsnv	未知飞键、非音码或读音集合未覆盖；不猜测
鲸凉鹤1.1手心挂接.txt	窘迫	jsps	jsps	未知飞键、非音码或读音集合未覆盖；不猜测
鲸凉鹤1.1手心挂接.txt	囧抢	jsql	jsql	未知飞键、非音码或读音集合未覆盖；不猜测
鲸凉鹤1.1手心挂接.txt	囧人	jsrf	jsrf	未知飞键、非音码或读音集合未覆盖；不猜测
鲸凉鹤1.1手心挂接.txt	囧死	jssi	jssi	未知飞键、非音码或读音集合未覆盖；不猜测
鲸凉鹤1.1手心挂接.txt	囧态	jstd	jstd	未知飞键、非音码或读音集合未覆盖；不猜测
鲸凉鹤1.1手心挂接.txt	囧途	jstu	jstu	未知飞键、非音码或读音集合未覆盖；不猜测
鲸凉鹤1.1手心挂接.txt	囧神	jsuf	jsuf	未知飞键、非音码或读音集合未覆盖；不猜测
鲸凉鹤1.1手心挂接.txt	囧事	jsui	jsui	未知飞键、非音码或读音集合未覆盖；不猜测
鲸凉鹤1.1手心挂接.txt	囧仙	jsxm	jsxm	未知飞键、非音码或读音集合未覆盖；不猜测
鲸凉鹤1.1手心挂接.txt	囧雪	jsxt	jsxt	未知飞键、非音码或读音集合未覆盖；不猜测
鲸凉鹤1.1手心挂接.txt	囧样	jsyh	jsyh	未知飞键、非音码或读音集合未覆盖；不猜测
鲸凉鹤1.1手心挂接.txt	囧子	jszi	jszi	未知飞键、非音码或读音集合未覆盖；不猜测
鲸凉鹤1.1手心挂接.txt	绝倒	jtdl	jtdl	未知飞键、非音码或读音集合未覆盖；不猜测
鲸凉鹤1.1手心挂接.txt	觉晧	jthc	jthc	未知飞键、非音码或读音集合未覆盖；不猜测
鲸凉鹤1.1手心挂接.txt	啫啫	jtjt	jtjt	未知飞键、非音码或读音集合未覆盖；不猜测
鲸凉鹤1.1手心挂接.txt	绝剑	jtjz	jtjz	未知飞键、非音码或读音集合未覆盖；不猜测
鲸凉鹤1.1手心挂接.txt	决裂	jtlf	jtlf	未知飞键、非音码或读音集合未覆盖；不猜测
鲸凉鹤1.1手心挂接.txt	决烈	jtlf	jtlf	未知飞键、非音码或读音集合未覆盖；不猜测
鲸凉鹤1.1手心挂接.txt	掘墓	jtmx	jtmx	未知飞键、非音码或读音集合未覆盖；不猜测
鲸凉鹤1.1手心挂接.txt	绝难	jtnz	jtnz	未知飞键、非音码或读音集合未覆盖；不猜测
鲸凉鹤1.1手心挂接.txt	绝平	jtpx	jtpx	未知飞键、非音码或读音集合未覆盖；不猜测
鲸凉鹤1.1手心挂接.txt	崛起	jtqe	jtqe	未知飞键、非音码或读音集合未覆盖；不猜测
鲸凉鹤1.1手心挂接.txt	撅起	jtqe	jtqe	未知飞键、非音码或读音集合未覆盖；不猜测
鲸凉鹤1.1手心挂接.txt	决堤	jtti	jtti	未知飞键、非音码或读音集合未覆盖；不猜测
鲸凉鹤1.1手心挂接.txt	䦆头	jttz	jttz	未知飞键、非音码或读音集合未覆盖；不猜测
鲸凉鹤1.1手心挂接.txt	噱头	jttz	jttz	未知飞键、非音码或读音集合未覆盖；不猜测
鲸凉鹤1.1手心挂接.txt	鴃舌	jtue	jtue	未知飞键、非音码或读音集合未覆盖；不猜测
鲸凉鹤1.1手心挂接.txt	绝症	jtvk	jtvk	未知飞键、非音码或读音集合未覆盖；不猜测
鲸凉鹤1.1手心挂接.txt	绝育	jtyg	jtyg	未知飞键、非音码或读音集合未覆盖；不猜测
鲸凉鹤1.1手心挂接.txt	聚到	judl	judl	未知飞键、非音码或读音集合未覆盖；不猜测
鲸凉鹤1.1手心挂接.txt	举刀	judl	judl	未知飞键、非音码或读音集合未覆盖；不猜测
鲸凉鹤1.1手心挂接.txt	巨屌	judn	judn	未知飞键、非音码或读音集合未覆盖；不猜测
鲸凉鹤1.1手心挂接.txt	桔梗	jugg	jugg	未知飞键、非音码或读音集合未覆盖；不猜测
鲸凉鹤1.1手心挂接.txt	巨贵	jugi	jugi	未知飞键、非音码或读音集合未覆盖；不猜测
鲸凉鹤1.1手心挂接.txt	桔黄	juhl	juhl	未知飞键、非音码或读音集合未覆盖；不猜测
鲸凉鹤1.1手心挂接.txt	桔红	juhs	juhs	未知飞键、非音码或读音集合未覆盖；不猜测
鲸凉鹤1.1手心挂接.txt	举荐	jujz	jujz	未知飞键、非音码或读音集合未覆盖；不猜测
鲸凉鹤1.1手心挂接.txt	巨剑	jujz	jujz	未知飞键、非音码或读音集合未覆盖；不猜测
鲸凉鹤1.1手心挂接.txt	巨舰	jujz	jujz	未知飞键、非音码或读音集合未覆盖；不猜测
鲸凉鹤1.1手心挂接.txt	剧烈	julf	julf	未知飞键、非音码或读音集合未覆盖；不猜测
鲸凉鹤1.1手心挂接.txt	剧目	jumx	jumx	未知飞键、非音码或读音集合未覆盖；不猜测
鲸凉鹤1.1手心挂接.txt	举目	jumx	jumx	未知飞键、非音码或读音集合未覆盖；不猜测
鲸凉鹤1.1手心挂接.txt	巨幕	jumx	jumx	未知飞键、非音码或读音集合未覆盖；不猜测
鲸凉鹤1.1手心挂接.txt	榉木	jumx	jumx	未知飞键、非音码或读音集合未覆盖；不猜测
鲸凉鹤1.1手心挂接.txt	粔籹	junv	junv	未知飞键、非音码或读音集合未覆盖；不猜测
鲸凉鹤1.1手心挂接.txt	莒南	junz	junz	未知飞键、非音码或读音集合未覆盖；不猜测
鲸凉鹤1.1手心挂接.txt	橘皮	jupe	jupe	未知飞键、非音码或读音集合未覆盖；不猜测
鲸凉鹤1.1手心挂接.txt	桔皮	jupe	jupe	未知飞键、非音码或读音集合未覆盖；不猜测
鲸凉鹤1.1手心挂接.txt	桔皮	jupi	jupi	未知飞键、非音码或读音集合未覆盖；不猜测
鲸凉鹤1.1手心挂接.txt	聚魄	jups	jups	未知飞键、非音码或读音集合未覆盖；不猜测
鲸凉鹤1.1手心挂接.txt	巨破	jups	jups	未知飞键、非音码或读音集合未覆盖；不猜测
鲸凉鹤1.1手心挂接.txt	拒捕	jupu	jupu	未知飞键、非音码或读音集合未覆盖；不猜测
鲸凉鹤1.1手心挂接.txt	剧评	jupx	jupx	未知飞键、非音码或读音集合未覆盖；不猜测
鲸凉鹤1.1手心挂接.txt	巨屏	jupx	jupx	未知飞键、非音码或读音集合未覆盖；不猜测
鲸凉鹤1.1手心挂接.txt	鞠萍	jupx	jupx	未知飞键、非音码或读音集合未覆盖；不猜测
鲸凉鹤1.1手心挂接.txt	举起	juqe	juqe	未知飞键、非音码或读音集合未覆盖；不猜测
鲸凉鹤1.1手心挂接.txt	锯腿	jutl	jutl	未知飞键、非音码或读音集合未覆盖；不猜测
鲸凉鹤1.1手心挂接.txt	举证	juvk	juvk	未知飞键、非音码或读音集合未覆盖；不猜测
鲸凉鹤1.1手心挂接.txt	诅咒	juvz	juvz	未知飞键、非音码或读音集合未覆盖；不猜测
鲸凉鹤1.1手心挂接.txt	巨胯	juxk	juxk	未知飞键、非音码或读音集合未覆盖；不猜测
鲸凉鹤1.1手心挂接.txt	聚秀	juxo	juxo	未知飞键、非音码或读音集合未覆盖；不猜测
鲸凉鹤1.1手心挂接.txt	居于	juyg	juyg	未知飞键、非音码或读音集合未覆盖；不猜测
鲸凉鹤1.1手心挂接.txt	龃龉	juyg	juyg	未知飞键、非音码或读音集合未覆盖；不猜测
鲸凉鹤1.1手心挂接.txt	局域	juyg	juyg	未知飞键、非音码或读音集合未覆盖；不猜测
鲸凉鹤1.1手心挂接.txt	桔子	juzi	juzi	未知飞键、非音码或读音集合未覆盖；不猜测
鲸凉鹤1.1手心挂接.txt	驾到	jxdl	jxdl	未知飞键、非音码或读音集合未覆盖；不猜测
鲸凉鹤1.1手心挂接.txt	加到	jxdl	jxdl	未知飞键、非音码或读音集合未覆盖；不猜测
鲸凉鹤1.1手心挂接.txt	嫁到	jxdl	jxdl	未知飞键、非音码或读音集合未覆盖；不猜测
鲸凉鹤1.1手心挂接.txt	夹道	jxjf	jxjf	未知飞键、非音码或读音集合未覆盖；不猜测
鲸凉鹤1.1手心挂接.txt	家规	jxgi	jxgi	未知飞键、非音码或读音集合未覆盖；不猜测
鲸凉鹤1.1手心挂接.txt	架管	jxgp	jxgp	未知飞键、非音码或读音集合未覆盖；不猜测
鲸凉鹤1.1手心挂接.txt	加减	jxjz	jxjz	未知飞键、非音码或读音集合未覆盖；不猜测
鲸凉鹤1.1手心挂接.txt	甲减	jxjz	jxjz	未知飞键、非音码或读音集合未覆盖；不猜测
鲸凉鹤1.1手心挂接.txt	加简	jxjz	jxjz	未知飞键、非音码或读音集合未覆盖；不猜测
鲸凉鹤1.1手心挂接.txt	假劣	jxlf	jxlf	未知飞键、非音码或读音集合未覆盖；不猜测
鲸凉鹤1.1手心挂接.txt	家咯	jxlo	jxlo	未知飞键、非音码或读音集合未覆盖；不猜测
鲸凉鹤1.1手心挂接.txt	假钱	jxmq	jxmq	未知飞键、非音码或读音集合未覆盖；不猜测
鲸凉鹤1.1手心挂接.txt	加满	jxmr	jxmr	未知飞键、非音码或读音集合未覆盖；不猜测
鲸凉鹤1.1手心挂接.txt	价目	jxmx	jxmx	未知飞键、非音码或读音集合未覆盖；不猜测
鲸凉鹤1.1手心挂接.txt	家母	jxmx	jxmx	未知飞键、非音码或读音集合未覆盖；不猜测
鲸凉鹤1.1手心挂接.txt	迦南	jxnz	jxnz	未知飞键、非音码或读音集合未覆盖；不猜测
鲸凉鹤1.1手心挂接.txt	假皮	jxpe	jxpe	未知飞键、非音码或读音集合未覆盖；不猜测
鲸凉鹤1.1手心挂接.txt	袷袢	jxpj	jxpj	未知飞键、非音码或读音集合未覆盖；不猜测
鲸凉鹤1.1手心挂接.txt	家婆	jxps	jxps	未知飞键、非音码或读音集合未覆盖；不猜测
鲸凉鹤1.1手心挂接.txt	家破	jxps	jxps	未知飞键、非音码或读音集合未覆盖；不猜测
鲸凉鹤1.1手心挂接.txt	架起	jxqe	jxqe	未知飞键、非音码或读音集合未覆盖；不猜测
鲸凉鹤1.1手心挂接.txt	浃洽	jxqo	jxqo	未知飞键、非音码或读音集合未覆盖；不猜测
鲸凉鹤1.1手心挂接.txt	假腿	jxtl	jxtl	未知飞键、非音码或读音集合未覆盖；不猜测
鲸凉鹤1.1手心挂接.txt	夹腿	jxtl	jxtl	未知飞键、非音码或读音集合未覆盖；不猜测
鲸凉鹤1.1手心挂接.txt	假山	jxus	jxus	未知飞键、非音码或读音集合未覆盖；不猜测
鲸凉鹤1.1手心挂接.txt	家政	jxvk	jxvk	未知飞键、非音码或读音集合未覆盖；不猜测
鲸凉鹤1.1手心挂接.txt	假证	jxvk	jxvk	未知飞键、非音码或读音集合未覆盖；不猜测
鲸凉鹤1.1手心挂接.txt	加之	jxvp	jxvp	未知飞键、非音码或读音集合未覆盖；不猜测
鲸凉鹤1.1手心挂接.txt	家宴	jxyf	jxyf	未知飞键、非音码或读音集合未覆盖；不猜测
鲸凉鹤1.1手心挂接.txt	假眼	jxyf	jxyf	未知飞键、非音码或读音集合未覆盖；不猜测
鲸凉鹤1.1手心挂接.txt	加盐	jxyf	jxyf	未知飞键、非音码或读音集合未覆盖；不猜测
鲸凉鹤1.1手心挂接.txt	驾驭	jxyg	jxyg	未知飞键、非音码或读音集合未覆盖；不猜测
鲸凉鹤1.1手心挂接.txt	甲鱼	jxyg	jxyg	未知飞键、非音码或读音集合未覆盖；不猜测
鲸凉鹤1.1手心挂接.txt	嘉鱼	jxyg	jxyg	未知飞键、非音码或读音集合未覆盖；不猜测
鲸凉鹤1.1手心挂接.txt	军刀	jydl	jydl	未知飞键、非音码或读音集合未覆盖；不猜测
鲸凉鹤1.1手心挂接.txt	军规	jygi	jygi	未知飞键、非音码或读音集合未覆盖；不猜测
鲸凉鹤1.1手心挂接.txt	军官	jygp	jygp	未知飞键、非音码或读音集合未覆盖；不猜测
鲸凉鹤1.1手心挂接.txt	军管	jygp	jygp	未知飞键、非音码或读音集合未覆盖；不猜测
鲸凉鹤1.1手心挂接.txt	军舰	jyjz	jyjz	未知飞键、非音码或读音集合未覆盖；不猜测
鲸凉鹤1.1手心挂接.txt	皲裂	jylf	jylf	未知飞键、非音码或读音集合未覆盖；不猜测
鲸凉鹤1.1手心挂接.txt	龟裂	jylf	jylf	未知飞键、非音码或读音集合未覆盖；不猜测
鲸凉鹤1.1手心挂接.txt	俊男	jynz	jynz	未知飞键、非音码或读音集合未覆盖；不猜测
鲸凉鹤1.1手心挂接.txt	俊平	jypx	jypx	未知飞键、非音码或读音集合未覆盖；不猜测
鲸凉鹤1.1手心挂接.txt	军政	jyvk	jyvk	未知飞键、非音码或读音集合未覆盖；不猜测
鲸凉鹤1.1手心挂接.txt	隽星	jyxk	jyxk	未知飞键、非音码或读音集合未覆盖；不猜测
鲸凉鹤1.1手心挂接.txt	俊秀	jyxo	jyxo	未知飞键、非音码或读音集合未覆盖；不猜测
鲸凉鹤1.1手心挂接.txt	隽秀	jyxo	jyxo	未知飞键、非音码或读音集合未覆盖；不猜测
鲸凉鹤1.1手心挂接.txt	隽秀	jyxq	jyxq	未知飞键、非音码或读音集合未覆盖；不猜测
鲸凉鹤1.1手心挂接.txt	军演	jyyf	jyyf	未知飞键、非音码或读音集合未覆盖；不猜测
鲸凉鹤1.1手心挂接.txt	贱啊	jzaa	jzaa	未知飞键、非音码或读音集合未覆盖；不猜测
鲸凉鹤1.1手心挂接.txt	兼爱	jzai	jzai	未知飞键、非音码或读音集合未覆盖；不猜测
鲸凉鹤1.1手心挂接.txt	简爱	jzai	jzai	未知飞键、非音码或读音集合未覆盖；不猜测
鲸凉鹤1.1手心挂接.txt	煎熬	jzao	jzao	未知飞键、非音码或读音集合未覆盖；不猜测
鲸凉鹤1.1手心挂接.txt	见吧	jzba	jzba	未知飞键、非音码或读音集合未覆盖；不猜测
鲸凉鹤1.1手心挂接.txt	建斌	jzbb	jzbb	未知飞键、非音码或读音集合未覆盖；不猜测
鲸凉鹤1.1手心挂接.txt	简报	jzbc	jzbc	未知飞键、非音码或读音集合未覆盖；不猜测
鲸凉鹤1.1手心挂接.txt	煎包	jzbc	jzbc	未知飞键、非音码或读音集合未覆盖；不猜测
鲸凉鹤1.1手心挂接.txt	鉴宝	jzbc	jzbc	未知飞键、非音码或读音集合未覆盖；不猜测
鲸凉鹤1.1手心挂接.txt	监本	jzbf	jzbf	未知飞键、非音码或读音集合未覆盖；不猜测
鲸凉鹤1.1手心挂接.txt	检泵	jzbg	jzbg	未知飞键、非音码或读音集合未覆盖；不猜测
鲸凉鹤1.1手心挂接.txt	肩膀	jzbh	jzbh	未知飞键、非音码或读音集合未覆盖；不猜测
鲸凉鹤1.1手心挂接.txt	贱逼	jzbi	jzbi	未知飞键、非音码或读音集合未覆盖；不猜测
鲸凉鹤1.1手心挂接.txt	贱婢	jzbi	jzbi	未知飞键、非音码或读音集合未覆盖；不猜测
鲸凉鹤1.1手心挂接.txt	简笔	jzbi	jzbi	未知飞键、非音码或读音集合未覆盖；不猜测
鲸凉鹤1.1手心挂接.txt	减半	jzbj	jzbj	未知飞键、非音码或读音集合未覆盖；不猜测
鲸凉鹤1.1手心挂接.txt	简版	jzbj	jzbj	未知飞键、非音码或读音集合未覆盖；不猜测
鲸凉鹤1.1手心挂接.txt	兼并	jzbk	jzbk	未知飞键、非音码或读音集合未覆盖；不猜测
鲸凉鹤1.1手心挂接.txt	煎饼	jzbk	jzbk	未知飞键、非音码或读音集合未覆盖；不猜测
鲸凉鹤1.1手心挂接.txt	剑柄	jzbk	jzbk	未知飞键、非音码或读音集合未覆盖；不猜测
鲸凉鹤1.1手心挂接.txt	简便	jzbm	jzbm	未知飞键、非音码或读音集合未覆盖；不猜测
鲸凉鹤1.1手心挂接.txt	渐变	jzbm	jzbm	未知飞键、非音码或读音集合未覆盖；不猜测
鲸凉鹤1.1手心挂接.txt	建波	jzbo	jzbo	未知飞键、非音码或读音集合未覆盖；不猜测
鲸凉鹤1.1手心挂接.txt	鉴别	jzbp	jzbp	未知飞键、非音码或读音集合未覆盖；不猜测
鲸凉鹤1.1手心挂接.txt	饯别	jzbp	jzbp	未知飞键、非音码或读音集合未覆盖；不猜测
鲸凉鹤1.1手心挂接.txt	肩部	jzbu	jzbu	未知飞键、非音码或读音集合未覆盖；不猜测
鲸凉鹤1.1手心挂接.txt	箭步	jzbu	jzbu	未知飞键、非音码或读音集合未覆盖；不猜测
鲸凉鹤1.1手心挂接.txt	健步	jzbu	jzbu	未知飞键、非音码或读音集合未覆盖；不猜测
鲸凉鹤1.1手心挂接.txt	兼备	jzbw	jzbw	未知飞键、非音码或读音集合未覆盖；不猜测
鲸凉鹤1.1手心挂接.txt	肩背	jzbw	jzbw	未知飞键、非音码或读音集合未覆盖；不猜测
鲸凉鹤1.1手心挂接.txt	建材	jzcd	jzcd	未知飞键、非音码或读音集合未覆盖；不猜测
鲸凉鹤1.1手心挂接.txt	剪裁	jzcd	jzcd	未知飞键、非音码或读音集合未覆盖；不猜测
鲸凉鹤1.1手心挂接.txt	剪彩	jzcd	jzcd	未知飞键、非音码或读音集合未覆盖；不猜测
鲸凉鹤1.1手心挂接.txt	搛菜	jzcd	jzcd	未知飞键、非音码或读音集合未覆盖；不猜测
鲸凉鹤1.1手心挂接.txt	检测	jzce	jzce	未知飞键、非音码或读音集合未覆盖；不猜测
鲸凉鹤1.1手心挂接.txt	监测	jzce	jzce	未知飞键、非音码或读音集合未覆盖；不猜测
鲸凉鹤1.1手心挂接.txt	渐层	jzcg	jzcg	未知飞键、非音码或读音集合未覆盖；不猜测
鲸凉鹤1.1手心挂接.txt	建仓	jzch	jzch	未知飞键、非音码或读音集合未覆盖；不猜测
鲸凉鹤1.1手心挂接.txt	减仓	jzch	jzch	未知飞键、非音码或读音集合未覆盖；不猜测
鲸凉鹤1.1手心挂接.txt	尖刺	jzci	jzci	未知飞键、非音码或读音集合未覆盖；不猜测
鲸凉鹤1.1手心挂接.txt	简词	jzci	jzci	未知飞键、非音码或读音集合未覆盖；不猜测
鲸凉鹤1.1手心挂接.txt	简餐	jzcj	jzcj	未知飞键、非音码或读音集合未覆盖；不猜测
鲸凉鹤1.1手心挂接.txt	检错	jzco	jzco	未知飞键、非音码或读音集合未覆盖；不猜测
鲸凉鹤1.1手心挂接.txt	箭簇	jzcu	jzcu	未知飞键、非音码或读音集合未覆盖；不猜测
鲸凉鹤1.1手心挂接.txt	蹇蹙	jzcu	jzcu	未知飞键、非音码或读音集合未覆盖；不猜测
鲸凉鹤1.1手心挂接.txt	健存	jzcy	jzcy	未知飞键、非音码或读音集合未覆盖；不猜测
鲸凉鹤1.1手心挂接.txt	简答	jzda	jzda	未知飞键、非音码或读音集合未覆盖；不猜测
鲸凉鹤1.1手心挂接.txt	见到	jzdc	jzdc	未知飞键、非音码或读音集合未覆盖；不猜测
鲸凉鹤1.1手心挂接.txt	剪刀	jzdc	jzdc	未知飞键、非音码或读音集合未覆盖；不猜测
鲸凉鹤1.1手心挂接.txt	捡到	jzdc	jzdc	未知飞键、非音码或读音集合未覆盖；不猜测
鲸凉鹤1.1手心挂接.txt	剑道	jzdc	jzdc	未知飞键、非音码或读音集合未覆盖；不猜测
鲸凉鹤1.1手心挂接.txt	兼得	jzde	jzde	未知飞键、非音码或读音集合未覆盖；不猜测
鲸凉鹤1.1手心挂接.txt	见得	jzde	jzde	未知飞键、非音码或读音集合未覆盖；不猜测
鲸凉鹤1.1手心挂接.txt	建党	jzdh	jzdh	未知飞键、非音码或读音集合未覆盖；不猜测
鲸凉鹤1.1手心挂接.txt	建档	jzdh	jzdh	未知飞键、非音码或读音集合未覆盖；不猜测
鲸凉鹤1.1手心挂接.txt	减低	jzdi	jzdi	未知飞键、非音码或读音集合未覆盖；不猜测
鲸凉鹤1.1手心挂接.txt	歼敌	jzdi	jzdi	未知飞键、非音码或读音集合未覆盖；不猜测
鲸凉鹤1.1手心挂接.txt	见底	jzdi	jzdi	未知飞键、非音码或读音集合未覆盖；不猜测
鲸凉鹤1.1手心挂接.txt	见地	jzdi	jzdi	未知飞键、非音码或读音集合未覆盖；不猜测
鲸凉鹤1.1手心挂接.txt	简单	jzdj	jzdj	未知飞键、非音码或读音集合未覆盖；不猜测
鲸凉鹤1.1手心挂接.txt	煎蛋	jzdj	jzdj	未知飞键、非音码或读音集合未覆盖；不猜测
鲸凉鹤1.1手心挂接.txt	坚定	jzdk	jzdk	未知飞键、非音码或读音集合未覆盖；不猜测
鲸凉鹤1.1手心挂接.txt	鉴定	jzdk	jzdk	未知飞键、非音码或读音集合未覆盖；不猜测
鲸凉鹤1.1手心挂接.txt	见到	jzdl	jzdl	未知飞键、非音码或读音集合未覆盖；不猜测
鲸凉鹤1.1手心挂接.txt	剪刀	jzdl	jzdl	未知飞键、非音码或读音集合未覆盖；不猜测
鲸凉鹤1.1手心挂接.txt	捡到	jzdl	jzdl	未知飞键、非音码或读音集合未覆盖；不猜测
鲸凉鹤1.1手心挂接.txt	检点	jzdm	jzdm	未知飞键、非音码或读音集合未覆盖；不猜测
鲸凉鹤1.1手心挂接.txt	剪掉	jzdn	jzdn	未知飞键、非音码或读音集合未覆盖；不猜测
鲸凉鹤1.1手心挂接.txt	减掉	jzdn	jzdn	未知飞键、非音码或读音集合未覆盖；不猜测
鲸凉鹤1.1手心挂接.txt	间谍	jzdp	jzdp	未知飞键、非音码或读音集合未覆盖；不猜测
鲸凉鹤1.1手心挂接.txt	简短	jzdr	jzdr	未知飞键、非音码或读音集合未覆盖；不猜测
鲸凉鹤1.1手心挂接.txt	尖端	jzdr	jzdr	未知飞键、非音码或读音集合未覆盖；不猜测
鲸凉鹤1.1手心挂接.txt	间断	jzdr	jzdr	未知飞键、非音码或读音集合未覆盖；不猜测
鲸凉鹤1.1手心挂接.txt	剪短	jzdr	jzdr	未知飞键、非音码或读音集合未覆盖；不猜测
鲸凉鹤1.1手心挂接.txt	建东	jzds	jzds	未知飞键、非音码或读音集合未覆盖；不猜测
鲸凉鹤1.1手心挂接.txt	监督	jzdu	jzdu	未知飞键、非音码或读音集合未覆盖；不猜测
鲸凉鹤1.1手心挂接.txt	建都	jzdu	jzdu	未知飞键、非音码或读音集合未覆盖；不猜测
鲸凉鹤1.1手心挂接.txt	舰队	jzdv	jzdv	未知飞键、非音码或读音集合未覆盖；不猜测
鲸凉鹤1.1手心挂接.txt	建队	jzdv	jzdv	未知飞键、非音码或读音集合未覆盖；不猜测
鲸凉鹤1.1手心挂接.txt	剑盾	jzdy	jzdy	未知飞键、非音码或读音集合未覆盖；不猜测
鲸凉鹤1.1手心挂接.txt	奸恶	jzee	jzee	未知飞键、非音码或读音集合未覆盖；不猜测
鲸凉鹤1.1手心挂接.txt	健儿	jzer	jzer	未知飞键、非音码或读音集合未覆盖；不猜测
鲸凉鹤1.1手心挂接.txt	尖儿	jzer	jzer	未知飞键、非音码或读音集合未覆盖；不猜测
鲸凉鹤1.1手心挂接.txt	剑法	jzfa	jzfa	未知飞键、非音码或读音集合未覆盖；不猜测
鲸凉鹤1.1手心挂接.txt	减法	jzfa	jzfa	未知飞键、非音码或读音集合未覆盖；不猜测
鲸凉鹤1.1手心挂接.txt	剪发	jzfa	jzfa	未知飞键、非音码或读音集合未覆盖；不猜测
鲸凉鹤1.1手心挂接.txt	减分	jzff	jzff	未知飞键、非音码或读音集合未覆盖；不猜测
鲸凉鹤1.1手心挂接.txt	剑锋	jzfg	jzfg	未知飞键、非音码或读音集合未覆盖；不猜测
鲸凉鹤1.1手心挂接.txt	剑风	jzfg	jzfg	未知飞键、非音码或读音集合未覆盖；不猜测
鲸凉鹤1.1手心挂接.txt	建房	jzfh	jzfh	未知飞键、非音码或读音集合未覆盖；不猜测
鲸凉鹤1.1手心挂接.txt	茧房	jzfh	jzfh	未知飞键、非音码或读音集合未覆盖；不猜测
鲸凉鹤1.1手心挂接.txt	见方	jzfh	jzfh	未知飞键、非音码或读音集合未覆盖；不猜测
鲸凉鹤1.1手心挂接.txt	检方	jzfh	jzfh	未知飞键、非音码或读音集合未覆盖；不猜测
鲸凉鹤1.1手心挂接.txt	简繁	jzfj	jzfj	未知飞键、非音码或读音集合未覆盖；不猜测
鲸凉鹤1.1手心挂接.txt	肩负	jzfu	jzfu	未知飞键、非音码或读音集合未覆盖；不猜测
鲸凉鹤1.1手心挂接.txt	减负	jzfu	jzfu	未知飞键、非音码或读音集合未覆盖；不猜测
鲸凉鹤1.1手心挂接.txt	奸夫	jzfu	jzfu	未知飞键、非音码或读音集合未覆盖；不猜测
鲸凉鹤1.1手心挂接.txt	减肥	jzfw	jzfw	未知飞键、非音码或读音集合未覆盖；不猜测
鲸凉鹤1.1手心挂接.txt	肩高	jzgc	jzgc	未知飞键、非音码或读音集合未覆盖；不猜测
鲸凉鹤1.1手心挂接.txt	间隔	jzge	jzge	未知飞键、非音码或读音集合未覆盖；不猜测
鲸凉鹤1.1手心挂接.txt	剑阁	jzge	jzge	未知飞键、非音码或读音集合未覆盖；不猜测
鲸凉鹤1.1手心挂接.txt	建刚	jzgh	jzgh	未知飞键、非音码或读音集合未覆盖；不猜测
鲸凉鹤1.1手心挂接.txt	见鬼	jzgi	jzgi	未知飞键、非音码或读音集合未覆盖；不猜测
鲸凉鹤1.1手心挂接.txt	箭杆	jzgj	jzgj	未知飞键、非音码或读音集合未覆盖；不猜测
鲸凉鹤1.1手心挂接.txt	见怪	jzgk	jzgk	未知飞键、非音码或读音集合未覆盖；不猜测
鲸凉鹤1.1手心挂接.txt	剑光	jzgl	jzgl	未知飞键、非音码或读音集合未覆盖；不猜测
鲸凉鹤1.1手心挂接.txt	见光	jzgl	jzgl	未知飞键、非音码或读音集合未覆盖；不猜测
鲸凉鹤1.1手心挂接.txt	见过	jzgo	jzgo	未知飞键、非音码或读音集合未覆盖；不猜测
鲸凉鹤1.1手心挂接.txt	建国	jzgo	jzgo	未知飞键、非音码或读音集合未覆盖；不猜测
鲸凉鹤1.1手心挂接.txt	坚果	jzgo	jzgo	未知飞键、非音码或读音集合未覆盖；不猜测
鲸凉鹤1.1手心挂接.txt	监国	jzgo	jzgo	未知飞键、非音码或读音集合未覆盖；不猜测
鲸凉鹤1.1手心挂接.txt	监管	jzgp	jzgp	未知飞键、非音码或读音集合未覆盖；不猜测
鲸凉鹤1.1手心挂接.txt	见惯	jzgp	jzgp	未知飞键、非音码或读音集合未覆盖；不猜测
鲸凉鹤1.1手心挂接.txt	兼管	jzgp	jzgp	未知飞键、非音码或读音集合未覆盖；不猜测
鲸凉鹤1.1手心挂接.txt	谏官	jzgp	jzgp	未知飞键、非音码或读音集合未覆盖；不猜测
鲸凉鹤1.1手心挂接.txt	监管	jzgr	jzgr	未知飞键、非音码或读音集合未覆盖；不猜测
鲸凉鹤1.1手心挂接.txt	见惯	jzgr	jzgr	未知飞键、非音码或读音集合未覆盖；不猜测
鲸凉鹤1.1手心挂接.txt	兼管	jzgr	jzgr	未知飞键、非音码或读音集合未覆盖；不猜测
鲸凉鹤1.1手心挂接.txt	谏官	jzgr	jzgr	未知飞键、非音码或读音集合未覆盖；不猜测
鲸凉鹤1.1手心挂接.txt	监工	jzgs	jzgs	未知飞键、非音码或读音集合未覆盖；不猜测
鲸凉鹤1.1手心挂接.txt	建功	jzgs	jzgs	未知飞键、非音码或读音集合未覆盖；不猜测
鲸凉鹤1.1手心挂接.txt	坚固	jzgu	jzgu	未知飞键、非音码或读音集合未覆盖；不猜测
鲸凉鹤1.1手心挂接.txt	兼顾	jzgu	jzgu	未知飞键、非音码或读音集合未覆盖；不猜测
鲸凉鹤1.1手心挂接.txt	见鬼	jzgv	jzgv	未知飞键、非音码或读音集合未覆盖；不猜测
鲸凉鹤1.1手心挂接.txt	建构	jzgz	jzgz	未知飞键、非音码或读音集合未覆盖；不猜测
鲸凉鹤1.1手心挂接.txt	贱狗	jzgz	jzgz	未知飞键、非音码或读音集合未覆盖；不猜测
鲸凉鹤1.1手心挂接.txt	减号	jzhc	jzhc	未知飞键、非音码或读音集合未覆盖；不猜测
鲸凉鹤1.1手心挂接.txt	剑豪	jzhc	jzhc	未知飞键、非音码或读音集合未覆盖；不猜测
鲸凉鹤1.1手心挂接.txt	建好	jzhc	jzhc	未知飞键、非音码或读音集合未覆盖；不猜测
鲸凉鹤1.1手心挂接.txt	建号	jzhc	jzhc	未知飞键、非音码或读音集合未覆盖；不猜测
鲸凉鹤1.1手心挂接.txt	检核	jzhe	jzhe	未知飞键、非音码或读音集合未覆盖；不猜测
鲸凉鹤1.1手心挂接.txt	剑痕	jzhf	jzhf	未知飞键、非音码或读音集合未覆盖；不猜测
鲸凉鹤1.1手心挂接.txt	建衡	jzhg	jzhg	未知飞键、非音码或读音集合未覆盖；不猜测
鲸凉鹤1.1手心挂接.txt	建行	jzhh	jzhh	未知飞键、非音码或读音集合未覆盖；不猜测
鲸凉鹤1.1手心挂接.txt	剪坏	jzhk	jzhk	未知飞键、非音码或读音集合未覆盖；不猜测
鲸凉鹤1.1手心挂接.txt	鉴黄	jzhl	jzhl	未知飞键、非音码或读音集合未覆盖；不猜测
鲸凉鹤1.1手心挂接.txt	剑皇	jzhl	jzhl	未知飞键、非音码或读音集合未覆盖；不猜测
鲸凉鹤1.1手心挂接.txt	间或	jzho	jzho	未知飞键、非音码或读音集合未覆盖；不猜测
鲸凉鹤1.1手心挂接.txt	贱货	jzho	jzho	未知飞键、非音码或读音集合未覆盖；不猜测
鲸凉鹤1.1手心挂接.txt	拣货	jzho	jzho	未知飞键、非音码或读音集合未覆盖；不猜测
鲸凉鹤1.1手心挂接.txt	减缓	jzhr	jzhr	未知飞键、非音码或读音集合未覆盖；不猜测
鲸凉鹤1.1手心挂接.txt	见红	jzhs	jzhs	未知飞键、非音码或读音集合未覆盖；不猜测
鲸凉鹤1.1手心挂接.txt	监护	jzhu	jzhu	未知飞键、非音码或读音集合未覆盖；不猜测
鲸凉鹤1.1手心挂接.txt	捡回	jzhv	jzhv	未知飞键、非音码或读音集合未覆盖；不猜测
鲸凉鹤1.1手心挂接.txt	简化	jzhx	jzhx	未知飞键、非音码或读音集合未覆盖；不猜测
鲸凉鹤1.1手心挂接.txt	检查	jzia	jzia	未知飞键、非音码或读音集合未覆盖；不猜测
鲸凉鹤1.1手心挂接.txt	监察	jzia	jzia	未知飞键、非音码或读音集合未覆盖；不猜测
鲸凉鹤1.1手心挂接.txt	检察	jzia	jzia	未知飞键、非音码或读音集合未覆盖；不猜测
鲸凉鹤1.1手心挂接.txt	煎炒	jzic	jzic	未知飞键、非音码或读音集合未覆盖；不猜测
鲸凉鹤1.1手心挂接.txt	兼差	jzid	jzid	未知飞键、非音码或读音集合未覆盖；不猜测
鲸凉鹤1.1手心挂接.txt	检车	jzie	jzie	未知飞键、非音码或读音集合未覆盖；不猜测
鲸凉鹤1.1手心挂接.txt	奸臣	jzif	jzif	未知飞键、非音码或读音集合未覆盖；不猜测
鲸凉鹤1.1手心挂接.txt	简称	jzig	jzig	未知飞键、非音码或读音集合未覆盖；不猜测
鲸凉鹤1.1手心挂接.txt	建成	jzig	jzig	未知飞键、非音码或读音集合未覆盖；不猜测
鲸凉鹤1.1手心挂接.txt	建厂	jzih	jzih	未知飞键、非音码或读音集合未覆盖；不猜测
鲸凉鹤1.1手心挂接.txt	坚持	jzii	jzii	未知飞键、非音码或读音集合未覆盖；不猜测
鲸凉鹤1.1手心挂接.txt	减持	jzii	jzii	未知飞键、非音码或读音集合未覆盖；不猜测
鲸凉鹤1.1手心挂接.txt	剑痴	jzii	jzii	未知飞键、非音码或读音集合未覆盖；不猜测
鲸凉鹤1.1手心挂接.txt	减产	jzij	jzij	未知飞键、非音码或读音集合未覆盖；不猜测
鲸凉鹤1.1手心挂接.txt	剪床	jzil	jzil	未知飞键、非音码或读音集合未覆盖；不猜测
鲸凉鹤1.1手心挂接.txt	舰船	jzir	jzir	未知飞键、非音码或读音集合未覆盖；不猜测
鲸凉鹤1.1手心挂接.txt	贱虫	jzis	jzis	未知飞键、非音码或读音集合未覆盖；不猜测
鲸凉鹤1.1手心挂接.txt	检出	jziu	jziu	未知飞键、非音码或读音集合未覆盖；不猜测
鲸凉鹤1.1手心挂接.txt	溅出	jziu	jziu	未知飞键、非音码或读音集合未覆盖；不猜测
鲸凉鹤1.1手心挂接.txt	剪除	jziu	jziu	未知飞键、非音码或读音集合未覆盖；不猜测
鲸凉鹤1.1手心挂接.txt	剑纯	jziy	jziy	未知飞键、非音码或读音集合未覆盖；不猜测
鲸凉鹤1.1手心挂接.txt	茧绸	jziz	jziz	未知飞键、非音码或读音集合未覆盖；不猜测
鲸凉鹤1.1手心挂接.txt	监禁	jzjb	jzjb	未知飞键、非音码或读音集合未覆盖；不猜测
鲸凉鹤1.1手心挂接.txt	渐进	jzjb	jzjb	未知飞键、非音码或读音集合未覆盖；不猜测
鲸凉鹤1.1手心挂接.txt	渐近	jzjb	jzjb	未知飞键、非音码或读音集合未覆盖；不猜测
鲸凉鹤1.1手心挂接.txt	剑道	jzjf	jzjf	未知飞键、非音码或读音集合未覆盖；不猜测
鲸凉鹤1.1手心挂接.txt	剪辑	jzji	jzji	未知飞键、非音码或读音集合未覆盖；不猜测
鲸凉鹤1.1手心挂接.txt	奸计	jzji	jzji	未知飞键、非音码或读音集合未覆盖；不猜测
鲸凉鹤1.1手心挂接.txt	见机	jzji	jzji	未知飞键、非音码或读音集合未覆盖；不猜测
鲸凉鹤1.1手心挂接.txt	肩颈	jzjk	jzjk	未知飞键、非音码或读音集合未覆盖；不猜测
鲸凉鹤1.1手心挂接.txt	健将	jzjl	jzjl	未知飞键、非音码或读音集合未覆盖；不猜测
鲸凉鹤1.1手心挂接.txt	尖叫	jzjn	jzjn	未知飞键、非音码或读音集合未覆盖；不猜测
鲸凉鹤1.1手心挂接.txt	建交	jzjn	jzjn	未知飞键、非音码或读音集合未覆盖；不猜测
鲸凉鹤1.1手心挂接.txt	煎饺	jzjn	jzjn	未知飞键、非音码或读音集合未覆盖；不猜测
鲸凉鹤1.1手心挂接.txt	间接	jzjp	jzjp	未知飞键、非音码或读音集合未覆盖；不猜测
鲸凉鹤1.1手心挂接.txt	简洁	jzjp	jzjp	未知飞键、非音码或读音集合未覆盖；不猜测
鲸凉鹤1.1手心挂接.txt	简介	jzjp	jzjp	未知飞键、非音码或读音集合未覆盖；不猜测
鲸凉鹤1.1手心挂接.txt	见解	jzjp	jzjp	未知飞键、非音码或读音集合未覆盖；不猜测
鲸凉鹤1.1手心挂接.txt	碱韭	jzjq	jzjq	未知飞键、非音码或读音集合未覆盖；不猜测
鲸凉鹤1.1手心挂接.txt	煎卷	jzjr	jzjr	未知飞键、非音码或读音集合未覆盖；不猜测
鲸凉鹤1.1手心挂接.txt	坚决	jzjt	jzjt	未知飞键、非音码或读音集合未覆盖；不猜测
鲸凉鹤1.1手心挂接.txt	剑诀	jzjt	jzjt	未知飞键、非音码或读音集合未覆盖；不猜测
鲸凉鹤1.1手心挂接.txt	艰巨	jzju	jzju	未知飞键、非音码或读音集合未覆盖；不猜测
鲸凉鹤1.1手心挂接.txt	间距	jzju	jzju	未知飞键、非音码或读音集合未覆盖；不猜测
鲸凉鹤1.1手心挂接.txt	检举	jzju	jzju	未知飞键、非音码或读音集合未覆盖；不猜测
鲸凉鹤1.1手心挂接.txt	兼具	jzju	jzju	未知飞键、非音码或读音集合未覆盖；不猜测
鲸凉鹤1.1手心挂接.txt	肩胛	jzjx	jzjx	未知飞键、非音码或读音集合未覆盖；不猜测
鲸凉鹤1.1手心挂接.txt	减价	jzjx	jzjx	未知飞键、非音码或读音集合未覆盖；不猜测
鲸凉鹤1.1手心挂接.txt	蒹葭	jzjx	jzjx	未知飞键、非音码或读音集合未覆盖；不猜测
鲸凉鹤1.1手心挂接.txt	监军	jzjy	jzjy	未知飞键、非音码或读音集合未覆盖；不猜测
鲸凉鹤1.1手心挂接.txt	建军	jzjy	jzjy	未知飞键、非音码或读音集合未覆盖；不猜测
鲸凉鹤1.1手心挂接.txt	渐渐	jzjz	jzjz	未知飞键、非音码或读音集合未覆盖；不猜测
鲸凉鹤1.1手心挂接.txt	尖尖	jzjz	jzjz	未知飞键、非音码或读音集合未覆盖；不猜测
鲸凉鹤1.1手心挂接.txt	剑尖	jzjz	jzjz	未知飞键、非音码或读音集合未覆盖；不猜测
鲸凉鹤1.1手心挂接.txt	剪卡	jzka	jzka	未知飞键、非音码或读音集合未覆盖；不猜测
鲸凉鹤1.1手心挂接.txt	监考	jzkc	jzkc	未知飞键、非音码或读音集合未覆盖；不猜测
鲸凉鹤1.1手心挂接.txt	剪开	jzkd	jzkd	未知飞键、非音码或读音集合未覆盖；不猜测
鲸凉鹤1.1手心挂接.txt	剑客	jzke	jzke	未知飞键、非音码或读音集合未覆盖；不猜测
鲸凉鹤1.1手心挂接.txt	健康	jzkh	jzkh	未知飞键、非音码或读音集合未覆盖；不猜测
鲸凉鹤1.1手心挂接.txt	肩扛	jzkh	jzkh	未知飞键、非音码或读音集合未覆盖；不猜测
鲸凉鹤1.1手心挂接.txt	减抗	jzkh	jzkh	未知飞键、非音码或读音集合未覆盖；不猜测
鲸凉鹤1.1手心挂接.txt	监看	jzkj	jzkj	未知飞键、非音码或读音集合未覆盖；不猜测
鲸凉鹤1.1手心挂接.txt	见刊	jzkj	jzkj	未知飞键、非音码或读音集合未覆盖；不猜测
鲸凉鹤1.1手心挂接.txt	简况	jzkl	jzkl	未知飞键、非音码或读音集合未覆盖；不猜测
鲸凉鹤1.1手心挂接.txt	简括	jzko	jzko	未知飞键、非音码或读音集合未覆盖；不猜测
鲸凉鹤1.1手心挂接.txt	肩宽	jzkr	jzkr	未知飞键、非音码或读音集合未覆盖；不猜测
鲸凉鹤1.1手心挂接.txt	渐宽	jzkr	jzkr	未知飞键、非音码或读音集合未覆盖；不猜测
鲸凉鹤1.1手心挂接.txt	监控	jzks	jzks	未知飞键、非音码或读音集合未覆盖；不猜测
鲸凉鹤1.1手心挂接.txt	键控	jzks	jzks	未知飞键、非音码或读音集合未覆盖；不猜测
鲸凉鹤1.1手心挂接.txt	艰苦	jzku	jzku	未知飞键、非音码或读音集合未覆盖；不猜测
鲸凉鹤1.1手心挂接.txt	减亏	jzkv	jzkv	未知飞键、非音码或读音集合未覆盖；不猜测
鲸凉鹤1.1手心挂接.txt	艰困	jzky	jzky	未知飞键、非音码或读音集合未覆盖；不猜测
鲸凉鹤1.1手心挂接.txt	缄口	jzkz	jzkz	未知飞键、非音码或读音集合未覆盖；不猜测
鲸凉鹤1.1手心挂接.txt	见啦	jzla	jzla	未知飞键、非音码或读音集合未覆盖；不猜测
鲸凉鹤1.1手心挂接.txt	建林	jzlb	jzlb	未知飞键、非音码或读音集合未覆盖；不猜测
鲸凉鹤1.1手心挂接.txt	监牢	jzlc	jzlc	未知飞键、非音码或读音集合未覆盖；不猜测
鲸凉鹤1.1手心挂接.txt	捡来	jzld	jzld	未知飞键、非音码或读音集合未覆盖；不猜测
鲸凉鹤1.1手心挂接.txt	见了	jzle	jzle	未知飞键、非音码或读音集合未覆盖；不猜测
鲸凉鹤1.1手心挂接.txt	捡了	jzle	jzle	未知飞键、非音码或读音集合未覆盖；不猜测
鲸凉鹤1.1手心挂接.txt	渐冷	jzlg	jzlg	未知飞键、非音码或读音集合未覆盖；不猜测
鲸凉鹤1.1手心挂接.txt	健朗	jzlh	jzlh	未知飞键、非音码或读音集合未覆盖；不猜测
鲸凉鹤1.1手心挂接.txt	坚朗	jzlh	jzlh	未知飞键、非音码或读音集合未覆盖；不猜测
鲸凉鹤1.1手心挂接.txt	建立	jzli	jzli	未知飞键、非音码或读音集合未覆盖；不猜测
鲸凉鹤1.1手心挂接.txt	简历	jzli	jzli	未知飞键、非音码或读音集合未覆盖；不猜测
鲸凉鹤1.1手心挂接.txt	监理	jzli	jzli	未知飞键、非音码或读音集合未覆盖；不猜测
鲸凉鹤1.1手心挂接.txt	剑灵	jzlk	jzlk	未知飞键、非音码或读音集合未覆盖；不猜测
鲸凉鹤1.1手心挂接.txt	见谅	jzll	jzll	未知飞键、非音码或读音集合未覆盖；不猜测
鲸凉鹤1.1手心挂接.txt	减量	jzll	jzll	未知飞键、非音码或读音集合未覆盖；不猜测
鲸凉鹤1.1手心挂接.txt	简练	jzlm	jzlm	未知飞键、非音码或读音集合未覆盖；不猜测
鲸凉鹤1.1手心挂接.txt	尖脸	jzlm	jzlm	未知飞键、非音码或读音集合未覆盖；不猜测
鲸凉鹤1.1手心挂接.txt	减料	jzln	jzln	未知飞键、非音码或读音集合未覆盖；不猜测
鲸凉鹤1.1手心挂接.txt	溅落	jzlo	jzlo	未知飞键、非音码或读音集合未覆盖；不猜测
鲸凉鹤1.1手心挂接.txt	建龙	jzls	jzls	未知飞键、非音码或读音集合未覆盖；不猜测
鲸凉鹤1.1手心挂接.txt	简略	jzlt	jzlt	未知飞键、非音码或读音集合未覆盖；不猜测
鲸凉鹤1.1手心挂接.txt	检录	jzlu	jzlu	未知飞键、非音码或读音集合未覆盖；不猜测
鲸凉鹤1.1手心挂接.txt	贱驴	jzlv	jzlv	未知飞键、非音码或读音集合未覆盖；不猜测
鲸凉鹤1.1手心挂接.txt	建磊	jzlw	jzlw	未知飞键、非音码或读音集合未覆盖；不猜测
鲸凉鹤1.1手心挂接.txt	简陋	jzlz	jzlz	未知飞键、非音码或读音集合未覆盖；不猜测
鲸凉鹤1.1手心挂接.txt	捡漏	jzlz	jzlz	未知飞键、非音码或读音集合未覆盖；不猜测
鲸凉鹤1.1手心挂接.txt	简码	jzma	jzma	未知飞键、非音码或读音集合未覆盖；不猜测
鲸凉鹤1.1手心挂接.txt	剑麻	jzma	jzma	未知飞键、非音码或读音集合未覆盖；不猜测
鲸凉鹤1.1手心挂接.txt	贱民	jzmb	jzmb	未知飞键、非音码或读音集合未覆盖；不猜测
鲸凉鹤1.1手心挂接.txt	键帽	jzmc	jzmc	未知飞键、非音码或读音集合未覆盖；不猜测
鲸凉鹤1.1手心挂接.txt	剪毛	jzmc	jzmc	未知飞键、非音码或读音集合未覆盖；不猜测
鲸凉鹤1.1手心挂接.txt	贱猫	jzmc	jzmc	未知飞键、非音码或读音集合未覆盖；不猜测
鲸凉鹤1.1手心挂接.txt	贱卖	jzmd	jzmd	未知飞键、非音码或读音集合未覆盖；不猜测
鲸凉鹤1.1手心挂接.txt	剑门	jzmf	jzmf	未知飞键、非音码或读音集合未覆盖；不猜测
鲸凉鹤1.1手心挂接.txt	舰萌	jzmg	jzmg	未知飞键、非音码或读音集合未覆盖；不猜测
鲸凉鹤1.1手心挂接.txt	剑芒	jzmh	jzmh	未知飞键、非音码或读音集合未覆盖；不猜测
鲸凉鹤1.1手心挂接.txt	减慢	jzmj	jzmj	未知飞键、非音码或读音集合未覆盖；不猜测
鲸凉鹤1.1手心挂接.txt	简明	jzmk	jzmk	未知飞键、非音码或读音集合未覆盖；不猜测
鲸凉鹤1.1手心挂接.txt	贱命	jzmk	jzmk	未知飞键、非音码或读音集合未覆盖；不猜测
鲸凉鹤1.1手心挂接.txt	剑鸣	jzmk	jzmk	未知飞键、非音码或读音集合未覆盖；不猜测
鲸凉鹤1.1手心挂接.txt	键名	jzmk	jzmk	未知飞键、非音码或读音集合未覆盖；不猜测
鲸凉鹤1.1手心挂接.txt	见面	jzmm	jzmm	未知飞键、非音码或读音集合未覆盖；不猜测
鲸凉鹤1.1手心挂接.txt	减免	jzmm	jzmm	未知飞键、非音码或读音集合未覆盖；不猜测
鲸凉鹤1.1手心挂接.txt	碱面	jzmm	jzmm	未知飞键、非音码或读音集合未覆盖；不猜测
鲸凉鹤1.1手心挂接.txt	间苗	jzmn	jzmn	未知飞键、非音码或读音集合未覆盖；不猜测
鲸凉鹤1.1手心挂接.txt	缄默	jzmo	jzmo	未知飞键、非音码或读音集合未覆盖；不猜测
鲸凉鹤1.1手心挂接.txt	建模	jzmo	jzmo	未知飞键、非音码或读音集合未覆盖；不猜测
鲸凉鹤1.1手心挂接.txt	剑魔	jzmo	jzmo	未知飞键、非音码或读音集合未覆盖；不猜测
鲸凉鹤1.1手心挂接.txt	歼灭	jzmp	jzmp	未知飞键、非音码或读音集合未覆盖；不猜测
鲸凉鹤1.1手心挂接.txt	减慢	jzmr	jzmr	未知飞键、非音码或读音集合未覆盖；不猜测
鲸凉鹤1.1手心挂接.txt	建木	jzmu	jzmu	未知飞键、非音码或读音集合未覆盖；不猜测
鲸凉鹤1.1手心挂接.txt	健美	jzmw	jzmw	未知飞键、非音码或读音集合未覆盖；不猜测
鲸凉鹤1.1手心挂接.txt	剑眉	jzmw	jzmw	未知飞键、非音码或读音集合未覆盖；不猜测
鲸凉鹤1.1手心挂接.txt	建木	jzmx	jzmx	未知飞键、非音码或读音集合未覆盖；不猜测
鲸凉鹤1.1手心挂接.txt	见您	jznb	jznb	未知飞键、非音码或读音集合未覆盖；不猜测
鲸凉鹤1.1手心挂接.txt	健脑	jznc	jznc	未知飞键、非音码或读音集合未覆盖；不猜测
鲸凉鹤1.1手心挂接.txt	箭囊	jznh	jznh	未知飞键、非音码或读音集合未覆盖；不猜测
鲸凉鹤1.1手心挂接.txt	见你	jzni	jzni	未知飞键、非音码或读音集合未覆盖；不猜测
鲸凉鹤1.1手心挂接.txt	艰难	jznj	jznj	未知飞键、非音码或读音集合未覆盖；不猜测
鲸凉鹤1.1手心挂接.txt	奸佞	jznk	jznk	未知飞键、非音码或读音集合未覆盖；不猜测
鲸凉鹤1.1手心挂接.txt	舰娘	jznl	jznl	未知飞键、非音码或读音集合未覆盖；不猜测
鲸凉鹤1.1手心挂接.txt	鲣鸟	jznn	jznn	未知飞键、非音码或读音集合未覆盖；不猜测
鲸凉鹤1.1手心挂接.txt	践诺	jzno	jzno	未知飞键、非音码或读音集合未覆盖；不猜测
鲸凉鹤1.1手心挂接.txt	犍牛	jznq	jznq	未知飞键、非音码或读音集合未覆盖；不猜测
鲸凉鹤1.1手心挂接.txt	渐浓	jzns	jzns	未知飞键、非音码或读音集合未覆盖；不猜测
鲸凉鹤1.1手心挂接.txt	剑奴	jznu	jznu	未知飞键、非音码或读音集合未覆盖；不猜测
鲸凉鹤1.1手心挂接.txt	贱内	jznw	jznw	未知飞键、非音码或读音集合未覆盖；不猜测
鲸凉鹤1.1手心挂接.txt	艰难	jznz	jznz	未知飞键、非音码或读音集合未覆盖；不猜测
鲸凉鹤1.1手心挂接.txt	简欧	jzou	jzou	未知飞键、非音码或读音集合未覆盖；不猜测
鲸凉鹤1.1手心挂接.txt	简拼	jzpb	jzpb	未知飞键、非音码或读音集合未覆盖；不猜测
鲸凉鹤1.1手心挂接.txt	舰炮	jzpc	jzpc	未知飞键、非音码或读音集合未覆盖；不猜测
鲸凉鹤1.1手心挂接.txt	减排	jzpd	jzpd	未知飞键、非音码或读音集合未覆盖；不猜测
鲸凉鹤1.1手心挂接.txt	剑派	jzpd	jzpd	未知飞键、非音码或读音集合未覆盖；不猜测
鲸凉鹤1.1手心挂接.txt	贱批	jzpe	jzpe	未知飞键、非音码或读音集合未覆盖；不猜测
鲸凉鹤1.1手心挂接.txt	肩披	jzpe	jzpe	未知飞键、非音码或读音集合未覆盖；不猜测
鲸凉鹤1.1手心挂接.txt	健脾	jzpe	jzpe	未知飞键、非音码或读音集合未覆盖；不猜测
鲸凉鹤1.1手心挂接.txt	建鹏	jzpg	jzpg	未知飞键、非音码或读音集合未覆盖；不猜测
鲸凉鹤1.1手心挂接.txt	贱批	jzpi	jzpi	未知飞键、非音码或读音集合未覆盖；不猜测
鲸凉鹤1.1手心挂接.txt	肩披	jzpi	jzpi	未知飞键、非音码或读音集合未覆盖；不猜测
鲸凉鹤1.1手心挂接.txt	健脾	jzpi	jzpi	未知飞键、非音码或读音集合未覆盖；不猜测
鲸凉鹤1.1手心挂接.txt	键盘	jzpj	jzpj	未知飞键、非音码或读音集合未覆盖；不猜测
鲸凉鹤1.1手心挂接.txt	间盘	jzpj	jzpj	未知飞键、非音码或读音集合未覆盖；不猜测
鲸凉鹤1.1手心挂接.txt	简评	jzpk	jzpk	未知飞键、非音码或读音集合未覆盖；不猜测
鲸凉鹤1.1手心挂接.txt	剪片	jzpm	jzpm	未知飞键、非音码或读音集合未覆盖；不猜测
鲸凉鹤1.1手心挂接.txt	检票	jzpn	jzpn	未知飞键、非音码或读音集合未覆盖；不猜测
鲸凉鹤1.1手心挂接.txt	剪破	jzps	jzps	未知飞键、非音码或读音集合未覆盖；不猜测
鲸凉鹤1.1手心挂接.txt	简朴	jzpu	jzpu	未知飞键、非音码或读音集合未覆盖；不猜测
鲸凉鹤1.1手心挂接.txt	俭朴	jzpu	jzpu	未知飞键、非音码或读音集合未覆盖；不猜测
鲸凉鹤1.1手心挂接.txt	简谱	jzpu	jzpu	未知飞键、非音码或读音集合未覆盖；不猜测
鲸凉鹤1.1手心挂接.txt	剑谱	jzpu	jzpu	未知飞键、非音码或读音集合未覆盖；不猜测
鲸凉鹤1.1手心挂接.txt	减配	jzpw	jzpw	未知飞键、非音码或读音集合未覆盖；不猜测
鲸凉鹤1.1手心挂接.txt	贱胚	jzpw	jzpw	未知飞键、非音码或读音集合未覆盖；不猜测
鲸凉鹤1.1手心挂接.txt	简配	jzpw	jzpw	未知飞键、非音码或读音集合未覆盖；不猜测
鲸凉鹤1.1手心挂接.txt	鞯辔	jzpw	jzpw	未知飞键、非音码或读音集合未覆盖；不猜测
鲸凉鹤1.1手心挂接.txt	简评	jzpx	jzpx	未知飞键、非音码或读音集合未覆盖；不猜测
鲸凉鹤1.1手心挂接.txt	建琴	jzqb	jzqb	未知飞键、非音码或读音集合未覆盖；不猜测
鲸凉鹤1.1手心挂接.txt	捡起	jzqe	jzqe	未知飞键、非音码或读音集合未覆盖；不猜测
鲸凉鹤1.1手心挂接.txt	捡起	jzqi	jzqi	未知飞键、非音码或读音集合未覆盖；不猜测
鲸凉鹤1.1手心挂接.txt	剑气	jzqi	jzqi	未知飞键、非音码或读音集合未覆盖；不猜测
鲸凉鹤1.1手心挂接.txt	溅起	jzqi	jzqi	未知飞键、非音码或读音集合未覆盖；不猜测
鲸凉鹤1.1手心挂接.txt	贱气	jzqi	jzqi	未知飞键、非音码或读音集合未覆盖；不猜测
鲸凉鹤1.1手心挂接.txt	减轻	jzqk	jzqk	未知飞键、非音码或读音集合未覆盖；不猜测
鲸凉鹤1.1手心挂接.txt	奸情	jzqk	jzqk	未知飞键、非音码或读音集合未覆盖；不猜测
鲸凉鹤1.1手心挂接.txt	坚强	jzql	jzql	未知飞键、非音码或读音集合未覆盖；不猜测
鲸凉鹤1.1手心挂接.txt	捡枪	jzql	jzql	未知飞键、非音码或读音集合未覆盖；不猜测
鲸凉鹤1.1手心挂接.txt	渐强	jzql	jzql	未知飞键、非音码或读音集合未覆盖；不猜测
鲸凉鹤1.1手心挂接.txt	捡钱	jzqm	jzqm	未知飞键、非音码或读音集合未覆盖；不猜测
鲸凉鹤1.1手心挂接.txt	剑桥	jzqn	jzqn	未知飞键、非音码或读音集合未覆盖；不猜测
鲸凉鹤1.1手心挂接.txt	剑鞘	jzqn	jzqn	未知飞键、非音码或读音集合未覆盖；不猜测
鲸凉鹤1.1手心挂接.txt	腱鞘	jzqn	jzqn	未知飞键、非音码或读音集合未覆盖；不猜测
鲸凉鹤1.1手心挂接.txt	兼洽	jzqo	jzqo	未知飞键、非音码或读音集合未覆盖；不猜测
鲸凉鹤1.1手心挂接.txt	剪切	jzqp	jzqp	未知飞键、非音码或读音集合未覆盖；不猜测
鲸凉鹤1.1手心挂接.txt	贱妾	jzqp	jzqp	未知飞键、非音码或读音集合未覆盖；不猜测
鲸凉鹤1.1手心挂接.txt	见切	jzqp	jzqp	未知飞键、非音码或读音集合未覆盖；不猜测
鲸凉鹤1.1手心挂接.txt	捡球	jzqq	jzqq	未知飞键、非音码或读音集合未覆盖；不猜测
鲸凉鹤1.1手心挂接.txt	健全	jzqr	jzqr	未知飞键、非音码或读音集合未覆盖；不猜测
鲸凉鹤1.1手心挂接.txt	减去	jzqu	jzqu	未知飞键、非音码或读音集合未覆盖；不猜测
鲸凉鹤1.1手心挂接.txt	捡取	jzqu	jzqu	未知飞键、非音码或读音集合未覆盖；不猜测
鲸凉鹤1.1手心挂接.txt	剪去	jzqu	jzqu	未知飞键、非音码或读音集合未覆盖；不猜测
鲸凉鹤1.1手心挂接.txt	建群	jzqy	jzqy	未知飞键、非音码或读音集合未覆盖；不猜测
鲸凉鹤1.1手心挂接.txt	坚韧	jzrf	jzrf	未知飞键、非音码或读音集合未覆盖；不猜测
鲸凉鹤1.1手心挂接.txt	贱人	jzrf	jzrf	未知飞键、非音码或读音集合未覆盖；不猜测
鲸凉鹤1.1手心挂接.txt	剑刃	jzrf	jzrf	未知飞键、非音码或读音集合未覆盖；不猜测
鲸凉鹤1.1手心挂接.txt	兼任	jzrf	jzrf	未知飞键、非音码或读音集合未覆盖；不猜测
鲸凉鹤1.1手心挂接.txt	减让	jzrh	jzrh	未知飞键、非音码或读音集合未覆盖；不猜测
鲸凉鹤1.1手心挂接.txt	间日	jzri	jzri	未知飞键、非音码或读音集合未覆盖；不猜测
鲸凉鹤1.1手心挂接.txt	渐染	jzrj	jzrj	未知飞键、非音码或读音集合未覆盖；不猜测
鲸凉鹤1.1手心挂接.txt	减弱	jzro	jzro	未知飞键、非音码或读音集合未覆盖；不猜测
鲸凉鹤1.1手心挂接.txt	箭箬	jzro	jzro	未知飞键、非音码或读音集合未覆盖；不猜测
鲸凉鹤1.1手心挂接.txt	兼容	jzrs	jzrs	未知飞键、非音码或读音集合未覆盖；不猜测
鲸凉鹤1.1手心挂接.txt	键入	jzru	jzru	未知飞键、非音码或读音集合未覆盖；不猜测
鲸凉鹤1.1手心挂接.txt	渐入	jzru	jzru	未知飞键、非音码或读音集合未覆盖；不猜测
鲸凉鹤1.1手心挂接.txt	尖锐	jzrv	jzrv	未知飞键、非音码或读音集合未覆盖；不猜测
鲸凉鹤1.1手心挂接.txt	艰涩	jzse	jzse	未知飞键、非音码或读音集合未覆盖；不猜测
鲸凉鹤1.1手心挂接.txt	兼桑	jzsh	jzsh	未知飞键、非音码或读音集合未覆盖；不猜测
鲸凉鹤1.1手心挂接.txt	茧丝	jzsi	jzsi	未知飞键、非音码或读音集合未覆盖；不猜测
鲸凉鹤1.1手心挂接.txt	剑三	jzsj	jzsj	未知飞键、非音码或读音集合未覆盖；不猜测
鲸凉鹤1.1手心挂接.txt	检索	jzso	jzso	未知飞键、非音码或读音集合未覆盖；不猜测
鲸凉鹤1.1手心挂接.txt	尖酸	jzsr	jzsr	未知飞键、非音码或读音集合未覆盖；不猜测
鲸凉鹤1.1手心挂接.txt	建松	jzss	jzss	未知飞键、非音码或读音集合未覆盖；不猜测
鲸凉鹤1.1手心挂接.txt	减速	jzsu	jzsu	未知飞键、非音码或读音集合未覆盖；不猜测
鲸凉鹤1.1手心挂接.txt	剪碎	jzsv	jzsv	未知飞键、非音码或读音集合未覆盖；不猜测
鲸凉鹤1.1手心挂接.txt	减损	jzsy	jzsy	未知飞键、非音码或读音集合未覆盖；不猜测
鲸凉鹤1.1手心挂接.txt	践踏	jzta	jzta	未知飞键、非音码或读音集合未覆盖；不猜测
鲸凉鹤1.1手心挂接.txt	检讨	jztc	jztc	未知飞键、非音码或读音集合未覆盖；不猜测
鲸凉鹤1.1手心挂接.txt	件套	jztc	jztc	未知飞键、非音码或读音集合未覆盖；不猜测
鲸凉鹤1.1手心挂接.txt	建泰	jztd	jztd	未知飞键、非音码或读音集合未覆盖；不猜测
鲸凉鹤1.1手心挂接.txt	简体	jzti	jzti	未知飞键、非音码或读音集合未覆盖；不猜测
鲸凉鹤1.1手心挂接.txt	健体	jzti	jzti	未知飞键、非音码或读音集合未覆盖；不猜测
鲸凉鹤1.1手心挂接.txt	健谈	jztj	jztj	未知飞键、非音码或读音集合未覆盖；不猜测
鲸凉鹤1.1手心挂接.txt	坚挺	jztk	jztk	未知飞键、非音码或读音集合未覆盖；不猜测
鲸凉鹤1.1手心挂接.txt	监听	jztk	jztk	未知飞键、非音码或读音集合未覆盖；不猜测
鲸凉鹤1.1手心挂接.txt	舰艇	jztk	jztk	未知飞键、非音码或读音集合未覆盖；不猜测
鲸凉鹤1.1手心挂接.txt	减退	jztl	jztl	未知飞键、非音码或读音集合未覆盖；不猜测
鲸凉鹤1.1手心挂接.txt	见天	jztm	jztm	未知飞键、非音码或读音集合未覆盖；不猜测
鲸凉鹤1.1手心挂接.txt	肩挑	jztn	jztn	未知飞键、非音码或读音集合未覆盖；不猜测
鲸凉鹤1.1手心挂接.txt	剪贴	jztp	jztp	未知飞键、非音码或读音集合未覆盖；不猜测
鲸凉鹤1.1手心挂接.txt	箭筒	jzts	jzts	未知飞键、非音码或读音集合未覆盖；不猜测
鲸凉鹤1.1手心挂接.txt	见图	jztu	jztu	未知飞键、非音码或读音集合未覆盖；不猜测
鲸凉鹤1.1手心挂接.txt	减退	jztv	jztv	未知飞键、非音码或读音集合未覆盖；不猜测
鲸凉鹤1.1手心挂接.txt	箭头	jztz	jztz	未知飞键、非音码或读音集合未覆盖；不猜测
鲸凉鹤1.1手心挂接.txt	肩头	jztz	jztz	未知飞键、非音码或读音集合未覆盖；不猜测
鲸凉鹤1.1手心挂接.txt	奸杀	jzua	jzua	未知飞键、非音码或读音集合未覆盖；不猜测
鲸凉鹤1.1手心挂接.txt	减少	jzuc	jzuc	未知飞键、非音码或读音集合未覆盖；不猜测
鲸凉鹤1.1手心挂接.txt	渐少	jzuc	jzuc	未知飞键、非音码或读音集合未覆盖；不猜测
鲸凉鹤1.1手心挂接.txt	建设	jzue	jzue	未知飞键、非音码或读音集合未覆盖；不猜测
鲸凉鹤1.1手心挂接.txt	溅射	jzue	jzue	未知飞键、非音码或读音集合未覆盖；不猜测
鲸凉鹤1.1手心挂接.txt	健身	jzuf	jzuf	未知飞键、非音码或读音集合未覆盖；不猜测
鲸凉鹤1.1手心挂接.txt	艰深	jzuf	jzuf	未知飞键、非音码或读音集合未覆盖；不猜测
鲸凉鹤1.1手心挂接.txt	剑神	jzuf	jzuf	未知飞键、非音码或读音集合未覆盖；不猜测
鲸凉鹤1.1手心挂接.txt	剑圣	jzug	jzug	未知飞键、非音码或读音集合未覆盖；不猜测
鲸凉鹤1.1手心挂接.txt	尖声	jzug	jzug	未知飞键、非音码或读音集合未覆盖；不猜测
鲸凉鹤1.1手心挂接.txt	鉴赏	jzuh	jzuh	未知飞键、非音码或读音集合未覆盖；不猜测
鲸凉鹤1.1手心挂接.txt	奸商	jzuh	jzuh	未知飞键、非音码或读音集合未覆盖；不猜测
鲸凉鹤1.1手心挂接.txt	肩上	jzuh	jzuh	未知飞键、非音码或读音集合未覆盖；不猜测
鲸凉鹤1.1手心挂接.txt	减伤	jzuh	jzuh	未知飞键、非音码或读音集合未覆盖；不猜测
鲸凉鹤1.1手心挂接.txt	见识	jzui	jzui	未知飞键、非音码或读音集合未覆盖；不猜测
鲸凉鹤1.1手心挂接.txt	监视	jzui	jzui	未知飞键、非音码或读音集合未覆盖；不猜测
鲸凉鹤1.1手心挂接.txt	箭矢	jzui	jzui	未知飞键、非音码或读音集合未覆盖；不猜测
鲸凉鹤1.1手心挂接.txt	坚实	jzui	jzui	未知飞键、非音码或读音集合未覆盖；不猜测
鲸凉鹤1.1手心挂接.txt	健硕	jzuo	jzuo	未知飞键、非音码或读音集合未覆盖；不猜测
鲸凉鹤1.1手心挂接.txt	建树	jzuu	jzuu	未知飞键、非音码或读音集合未覆盖；不猜测
鲸凉鹤1.1手心挂接.txt	简述	jzuu	jzuu	未知飞键、非音码或读音集合未覆盖；不猜测
鲸凉鹤1.1手心挂接.txt	键鼠	jzuu	jzuu	未知飞键、非音码或读音集合未覆盖；不猜测
鲸凉鹤1.1手心挂接.txt	减税	jzuv	jzuv	未知飞键、非音码或读音集合未覆盖；不猜测
鲸凉鹤1.1手心挂接.txt	见谁	jzuw	jzuw	未知飞键、非音码或读音集合未覆盖；不猜测
鲸凉鹤1.1手心挂接.txt	建顺	jzuy	jzuy	未知飞键、非音码或读音集合未覆盖；不猜测
鲸凉鹤1.1手心挂接.txt	坚守	jzuz	jzuz	未知飞键、非音码或读音集合未覆盖；不猜测
鲸凉鹤1.1手心挂接.txt	减寿	jzuz	jzuz	未知飞键、非音码或读音集合未覆盖；不猜测
鲸凉鹤1.1手心挂接.txt	兼收	jzuz	jzuz	未知飞键、非音码或读音集合未覆盖；不猜测
鲸凉鹤1.1手心挂接.txt	奸诈	jzva	jzva	未知飞键、非音码或读音集合未覆盖；不猜测
鲸凉鹤1.1手心挂接.txt	煎炸	jzva	jzva	未知飞键、非音码或读音集合未覆盖；不猜测
鲸凉鹤1.1手心挂接.txt	见着	jzve	jzve	未知飞键、非音码或读音集合未覆盖；不猜测
鲸凉鹤1.1手心挂接.txt	坚贞	jzvf	jzvf	未知飞键、非音码或读音集合未覆盖；不猜测
鲸凉鹤1.1手心挂接.txt	减震	jzvf	jzvf	未知飞键、非音码或读音集合未覆盖；不猜测
鲸凉鹤1.1手心挂接.txt	剑阵	jzvf	jzvf	未知飞键、非音码或读音集合未覆盖；不猜测
鲸凉鹤1.1手心挂接.txt	见证	jzvg	jzvg	未知飞键、非音码或读音集合未覆盖；不猜测
鲸凉鹤1.1手心挂接.txt	键政	jzvg	jzvg	未知飞键、非音码或读音集合未覆盖；不猜测
鲸凉鹤1.1手心挂接.txt	舰长	jzvh	jzvh	未知飞键、非音码或读音集合未覆盖；不猜测
鲸凉鹤1.1手心挂接.txt	见长	jzvh	jzvh	未知飞键、非音码或读音集合未覆盖；不猜测
鲸凉鹤1.1手心挂接.txt	简章	jzvh	jzvh	未知飞键、非音码或读音集合未覆盖；不猜测
鲸凉鹤1.1手心挂接.txt	肩章	jzvh	jzvh	未知飞键、非音码或读音集合未覆盖；不猜测
鲸凉鹤1.1手心挂接.txt	简直	jzvi	jzvi	未知飞键、非音码或读音集合未覆盖；不猜测
鲸凉鹤1.1手心挂接.txt	兼职	jzvi	jzvi	未知飞键、非音码或读音集合未覆盖；不猜测
鲸凉鹤1.1手心挂接.txt	监制	jzvi	jzvi	未知飞键、非音码或读音集合未覆盖；不猜测
鲸凉鹤1.1手心挂接.txt	见证	jzvk	jzvk	未知飞键、非音码或读音集合未覆盖；不猜测
鲸凉鹤1.1手心挂接.txt	键政	jzvk	jzvk	未知飞键、非音码或读音集合未覆盖；不猜测
鲸凉鹤1.1手心挂接.txt	见状	jzvl	jzvl	未知飞键、非音码或读音集合未覆盖；不猜测
鲸凉鹤1.1手心挂接.txt	健壮	jzvl	jzvl	未知飞键、非音码或读音集合未覆盖；不猜测
鲸凉鹤1.1手心挂接.txt	简装	jzvl	jzvl	未知飞键、非音码或读音集合未覆盖；不猜测
鲸凉鹤1.1手心挂接.txt	减重	jzvs	jzvs	未知飞键、非音码或读音集合未覆盖；不猜测
鲸凉鹤1.1手心挂接.txt	贱种	jzvs	jzvs	未知飞键、非音码或读音集合未覆盖；不猜测
鲸凉鹤1.1手心挂接.txt	剑冢	jzvs	jzvs	未知飞键、非音码或读音集合未覆盖；不猜测
鲸凉鹤1.1手心挂接.txt	简中	jzvs	jzvs	未知飞键、非音码或读音集合未覆盖；不猜测
鲸凉鹤1.1手心挂接.txt	建筑	jzvu	jzvu	未知飞键、非音码或读音集合未覆盖；不猜测
鲸凉鹤1.1手心挂接.txt	煎煮	jzvu	jzvu	未知飞键、非音码或读音集合未覆盖；不猜测
鲸凉鹤1.1手心挂接.txt	荐椎	jzvv	jzvv	未知飞键、非音码或读音集合未覆盖；不猜测
鲸凉鹤1.1手心挂接.txt	尖爪	jzvx	jzvx	未知飞键、非音码或读音集合未覆盖；不猜测
鲸凉鹤1.1手心挂接.txt	键准	jzvy	jzvy	未知飞键、非音码或读音集合未覆盖；不猜测
鲸凉鹤1.1手心挂接.txt	建州	jzvz	jzvz	未知飞键、非音码或读音集合未覆盖；不猜测
鲸凉鹤1.1手心挂接.txt	见外	jzwd	jzwd	未知飞键、非音码或读音集合未覆盖；不猜测
鲸凉鹤1.1手心挂接.txt	见闻	jzwf	jzwf	未知飞键、非音码或读音集合未覆盖；不猜测
鲸凉鹤1.1手心挂接.txt	健忘	jzwh	jzwh	未知飞键、非音码或读音集合未覆盖；不猜测
鲸凉鹤1.1手心挂接.txt	剪完	jzwj	jzwj	未知飞键、非音码或读音集合未覆盖；不猜测
鲸凉鹤1.1手心挂接.txt	见我	jzwo	jzwo	未知飞键、非音码或读音集合未覆盖；不猜测
鲸凉鹤1.1手心挂接.txt	奸污	jzwu	jzwu	未知飞键、非音码或读音集合未覆盖；不猜测
鲸凉鹤1.1手心挂接.txt	剑舞	jzwu	jzwu	未知飞键、非音码或读音集合未覆盖；不猜测
鲸凉鹤1.1手心挂接.txt	键位	jzww	jzww	未知飞键、非音码或读音集合未覆盖；不猜测
鲸凉鹤1.1手心挂接.txt	减为	jzww	jzww	未知飞键、非音码或读音集合未覆盖；不猜测
鲸凉鹤1.1手心挂接.txt	健胃	jzww	jzww	未知飞键、非音码或读音集合未覆盖；不猜测
鲸凉鹤1.1手心挂接.txt	坚信	jzxb	jzxb	未知飞键、非音码或读音集合未覆盖；不猜测
鲸凉鹤1.1手心挂接.txt	艰辛	jzxb	jzxb	未知飞键、非音码或读音集合未覆盖；不猜测
鲸凉鹤1.1手心挂接.txt	剑心	jzxb	jzxb	未知飞键、非音码或读音集合未覆盖；不猜测
鲸凉鹤1.1手心挂接.txt	间隙	jzxi	jzxi	未知飞键、非音码或读音集合未覆盖；不猜测
鲸凉鹤1.1手心挂接.txt	见习	jzxi	jzxi	未知飞键、非音码或读音集合未覆盖；不猜测
鲸凉鹤1.1手心挂接.txt	奸细	jzxi	jzxi	未知飞键、非音码或读音集合未覆盖；不猜测
鲸凉鹤1.1手心挂接.txt	碱性	jzxk	jzxk	未知飞键、非音码或读音集合未覆盖；不猜测
鲸凉鹤1.1手心挂接.txt	践行	jzxk	jzxk	未知飞键、非音码或读音集合未覆盖；不猜测
鲸凉鹤1.1手心挂接.txt	饯行	jzxk	jzxk	未知飞键、非音码或读音集合未覆盖；不猜测
鲸凉鹤1.1手心挂接.txt	减刑	jzxk	jzxk	未知飞键、非音码或读音集合未覆盖；不猜测
鲸凉鹤1.1手心挂接.txt	奸相	jzxl	jzxl	未知飞键、非音码或读音集合未覆盖；不猜测
鲸凉鹤1.1手心挂接.txt	艰险	jzxm	jzxm	未知飞键、非音码或读音集合未覆盖；不猜测
鲸凉鹤1.1手心挂接.txt	剑仙	jzxm	jzxm	未知飞键、非音码或读音集合未覆盖；不猜测
鲸凉鹤1.1手心挂接.txt	奸险	jzxm	jzxm	未知飞键、非音码或读音集合未覆盖；不猜测
鲸凉鹤1.1手心挂接.txt	减小	jzxn	jzxn	未知飞键、非音码或读音集合未覆盖；不猜测
鲸凉鹤1.1手心挂接.txt	见效	jzxn	jzxn	未知飞键、非音码或读音集合未覆盖；不猜测
鲸凉鹤1.1手心挂接.txt	奸笑	jzxn	jzxn	未知飞键、非音码或读音集合未覆盖；不猜测
鲸凉鹤1.1手心挂接.txt	尖啸	jzxn	jzxn	未知飞键、非音码或读音集合未覆盖；不猜测
鲸凉鹤1.1手心挂接.txt	检修	jzxo	jzxo	未知飞键、非音码或读音集合未覆盖；不猜测
鲸凉鹤1.1手心挂接.txt	兼修	jzxo	jzxo	未知飞键、非音码或读音集合未覆盖；不猜测
鲸凉鹤1.1手心挂接.txt	剑修	jzxo	jzxo	未知飞键、非音码或读音集合未覆盖；不猜测
鲸凉鹤1.1手心挂接.txt	间歇	jzxp	jzxp	未知飞键、非音码或读音集合未覆盖；不猜测
鲸凉鹤1.1手心挂接.txt	检修	jzxq	jzxq	未知飞键、非音码或读音集合未覆盖；不猜测
鲸凉鹤1.1手心挂接.txt	兼修	jzxq	jzxq	未知飞键、非音码或读音集合未覆盖；不猜测
鲸凉鹤1.1手心挂接.txt	剑修	jzxq	jzxq	未知飞键、非音码或读音集合未覆盖；不猜测
鲸凉鹤1.1手心挂接.txt	键选	jzxr	jzxr	未知飞键、非音码或读音集合未覆盖；不猜测
鲸凉鹤1.1手心挂接.txt	奸雄	jzxs	jzxs	未知飞键、非音码或读音集合未覆盖；不猜测
鲸凉鹤1.1手心挂接.txt	见血	jzxt	jzxt	未知飞键、非音码或读音集合未覆盖；不猜测
鲸凉鹤1.1手心挂接.txt	剪下	jzxx	jzxx	未知飞键、非音码或读音集合未覆盖；不猜测
鲸凉鹤1.1手心挂接.txt	简讯	jzxy	jzxy	未知飞键、非音码或读音集合未覆盖；不猜测
鲸凉鹤1.1手心挂接.txt	减压	jzya	jzya	未知飞键、非音码或读音集合未覆盖；不猜测
鲸凉鹤1.1手心挂接.txt	尖牙	jzya	jzya	未知飞键、非音码或读音集合未覆盖；不猜测
鲸凉鹤1.1手心挂接.txt	奸淫	jzyb	jzyb	未知飞键、非音码或读音集合未覆盖；不猜测
鲸凉鹤1.1手心挂接.txt	简要	jzyc	jzyc	未知飞键、非音码或读音集合未覆盖；不猜测
鲸凉鹤1.1手心挂接.txt	煎药	jzyc	jzyc	未知飞键、非音码或读音集合未覆盖；不猜测
鲸凉鹤1.1手心挂接.txt	建业	jzye	jzye	未知飞键、非音码或读音集合未覆盖；不猜测
鲸凉鹤1.1手心挂接.txt	检验	jzyf	jzyf	未知飞键、非音码或读音集合未覆盖；不猜测
鲸凉鹤1.1手心挂接.txt	谏言	jzyf	jzyf	未知飞键、非音码或读音集合未覆盖；不猜测
鲸凉鹤1.1手心挂接.txt	监狱	jzyg	jzyg	未知飞键、非音码或读音集合未覆盖；不猜测
鲸凉鹤1.1手心挂接.txt	鉴于	jzyg	jzyg	未知飞键、非音码或读音集合未覆盖；不猜测
鲸凉鹤1.1手心挂接.txt	箭雨	jzyg	jzyg	未知飞键、非音码或读音集合未覆盖；不猜测
鲸凉鹤1.1手心挂接.txt	贱样	jzyh	jzyh	未知飞键、非音码或读音集合未覆盖；不猜测
鲸凉鹤1.1手心挂接.txt	建议	jzyi	jzyi	未知飞键、非音码或读音集合未覆盖；不猜测
鲸凉鹤1.1手心挂接.txt	简易	jzyi	jzyi	未知飞键、非音码或读音集合未覆盖；不猜测
鲸凉鹤1.1手心挂接.txt	坚毅	jzyi	jzyi	未知飞键、非音码或读音集合未覆盖；不猜测
鲸凉鹤1.1手心挂接.txt	检验	jzyj	jzyj	未知飞键、非音码或读音集合未覆盖；不猜测
鲸凉鹤1.1手心挂接.txt	谏言	jzyj	jzyj	未知飞键、非音码或读音集合未覆盖；不猜测
鲸凉鹤1.1手心挂接.txt	坚硬	jzyk	jzyk	未知飞键、非音码或读音集合未覆盖；不猜测
鲸凉鹤1.1手心挂接.txt	剪影	jzyk	jzyk	未知飞键、非音码或读音集合未覆盖；不猜测
鲸凉鹤1.1手心挂接.txt	兼营	jzyk	jzyk	未知飞键、非音码或读音集合未覆盖；不猜测
鲸凉鹤1.1手心挂接.txt	剪映	jzyk	jzyk	未知飞键、非音码或读音集合未覆盖；不猜测
鲸凉鹤1.1手心挂接.txt	减员	jzyr	jzyr	未知飞键、非音码或读音集合未覆盖；不猜测
鲸凉鹤1.1手心挂接.txt	渐远	jzyr	jzyr	未知飞键、非音码或读音集合未覆盖；不猜测
鲸凉鹤1.1手心挂接.txt	兼用	jzys	jzys	未知飞键、非音码或读音集合未覆盖；不猜测
鲸凉鹤1.1手心挂接.txt	简约	jzyt	jzyt	未知飞键、非音码或读音集合未覆盖；不猜测
鲸凉鹤1.1手心挂接.txt	僭越	jzyt	jzyt	未知飞键、非音码或读音集合未覆盖；不猜测
鲸凉鹤1.1手心挂接.txt	检阅	jzyt	jzyt	未知飞键、非音码或读音集合未覆盖；不猜测
鲸凉鹤1.1手心挂接.txt	监狱	jzyu	jzyu	未知飞键、非音码或读音集合未覆盖；不猜测
鲸凉鹤1.1手心挂接.txt	鉴于	jzyu	jzyu	未知飞键、非音码或读音集合未覆盖；不猜测
鲸凉鹤1.1手心挂接.txt	箭雨	jzyu	jzyu	未知飞键、非音码或读音集合未覆盖；不猜测
鲸凉鹤1.1手心挂接.txt	煎鱼	jzyu	jzyu	未知飞键、非音码或读音集合未覆盖；不猜测
鲸凉鹤1.1手心挂接.txt	建云	jzyy	jzyy	未知飞键、非音码或读音集合未覆盖；不猜测
鲸凉鹤1.1手心挂接.txt	建有	jzyz	jzyz	未知飞键、非音码或读音集合未覆盖；不猜测
鲸凉鹤1.1手心挂接.txt	兼有	jzyz	jzyz	未知飞键、非音码或读音集合未覆盖；不猜测
鲸凉鹤1.1手心挂接.txt	间杂	jzza	jzza	未知飞键、非音码或读音集合未覆盖；不猜测
鲸凉鹤1.1手心挂接.txt	建造	jzzc	jzzc	未知飞键、非音码或读音集合未覆盖；不猜测
鲸凉鹤1.1手心挂接.txt	健在	jzzd	jzzd	未知飞键、非音码或读音集合未覆盖；不猜测
鲸凉鹤1.1手心挂接.txt	舰载	jzzd	jzzd	未知飞键、非音码或读音集合未覆盖；不猜测
鲸凉鹤1.1手心挂接.txt	简则	jzze	jzze	未知飞键、非音码或读音集合未覆盖；不猜测
鲸凉鹤1.1手心挂接.txt	渐增	jzzg	jzzg	未知飞键、非音码或读音集合未覆盖；不猜测
鲸凉鹤1.1手心挂接.txt	茧子	jzzi	jzzi	未知飞键、非音码或读音集合未覆盖；不猜测
鲸凉鹤1.1手心挂接.txt	剪子	jzzi	jzzi	未知飞键、非音码或读音集合未覆盖；不猜测
鲸凉鹤1.1手心挂接.txt	尖子	jzzi	jzzi	未知飞键、非音码或读音集合未覆盖；不猜测
鲸凉鹤1.1手心挂接.txt	毽子	jzzi	jzzi	未知飞键、非音码或读音集合未覆盖；不猜测
鲸凉鹤1.1手心挂接.txt	剑宗	jzzl	jzzl	未知飞键、非音码或读音集合未覆盖；不猜测
鲸凉鹤1.1手心挂接.txt	兼做	jzzo	jzzo	未知飞键、非音码或读音集合未覆盖；不猜测
鲸凉鹤1.1手心挂接.txt	间作	jzzo	jzzo	未知飞键、非音码或读音集合未覆盖；不猜测
鲸凉鹤1.1手心挂接.txt	剑宗	jzzs	jzzs	未知飞键、非音码或读音集合未覆盖；不猜测
鲸凉鹤1.1手心挂接.txt	箭镞	jzzu	jzzu	未知飞键、非音码或读音集合未覆盖；不猜测
鲸凉鹤1.1手心挂接.txt	减租	jzzu	jzzu	未知飞键、非音码或读音集合未覆盖；不猜测
鲸凉鹤1.1手心挂接.txt	尖嘴	jzzv	jzzv	未知飞键、非音码或读音集合未覆盖；不猜测
鲸凉鹤1.1手心挂接.txt	贱嘴	jzzv	jzzv	未知飞键、非音码或读音集合未覆盖；不猜测
鲸凉鹤1.1手心挂接.txt	奸贼	jzzw	jzzw	未知飞键、非音码或读音集合未覆盖；不猜测
鲸凉鹤1.1手心挂接.txt	间奏	jzzz	jzzz	未知飞键、非音码或读音集合未覆盖；不猜测
鲸凉鹤1.1手心挂接.txt	捡走	jzzz	jzzz	未知飞键、非音码或读音集合未覆盖；不猜测
鲸凉鹤1.1手心挂接.txt	卡规	kagi	kagi	未知飞键、非音码或读音集合未覆盖；不猜测
鲸凉鹤1.1手心挂接.txt	卡管	kagp	kagp	未知飞键、非音码或读音集合未覆盖；不猜测
鲸凉鹤1.1手心挂接.txt	卡件	kajz	kajz	未知飞键、非音码或读音集合未覆盖；不猜测
鲸凉鹤1.1手心挂接.txt	卡键	kajz	kajz	未知飞键、非音码或读音集合未覆盖；不猜测
鲸凉鹤1.1手心挂接.txt	卡曼	kamr	kamr	未知飞键、非音码或读音集合未覆盖；不猜测
鲸凉鹤1.1手心挂接.txt	卡姆	kamx	kamx	未知飞键、非音码或读音集合未覆盖；不猜测
鲸凉鹤1.1手心挂接.txt	卡破	kaps	kaps	未知飞键、非音码或读音集合未覆盖；不猜测
鲸凉鹤1.1手心挂接.txt	卡屏	kapx	kapx	未知飞键、非音码或读音集合未覆盖；不猜测
鲸凉鹤1.1手心挂接.txt	咔嗒	kata	kata	未知飞键、非音码或读音集合未覆盖；不猜测
鲸凉鹤1.1手心挂接.txt	卡推	katl	katl	未知飞键、非音码或读音集合未覆盖；不猜测
鲸凉鹤1.1手心挂接.txt	喀山	kaus	kaus	未知飞键、非音码或读音集合未覆盖；不猜测
鲸凉鹤1.1手心挂接.txt	卡证	kavk	kavk	未知飞键、非音码或读音集合未覆盖；不猜测
鲸凉鹤1.1手心挂接.txt	卡宴	kayf	kayf	未知飞键、非音码或读音集合未覆盖；不猜测
鲸凉鹤1.1手心挂接.txt	尻屄	kcbi	kcbi	未知飞键、非音码或读音集合未覆盖；不猜测
鲸凉鹤1.1手心挂接.txt	考到	kcdl	kcdl	未知飞键、非音码或读音集合未覆盖；不猜测
鲸凉鹤1.1手心挂接.txt	考倒	kcdl	kcdl	未知飞键、非音码或读音集合未覆盖；不猜测
鲸凉鹤1.1手心挂接.txt	拷打	kcdw	kcdw	未知飞键、非音码或读音集合未覆盖；不猜测
鲸凉鹤1.1手心挂接.txt	考官	kcgp	kcgp	未知飞键、非音码或读音集合未覆盖；不猜测
鲸凉鹤1.1手心挂接.txt	考咯	kclo	kclo	未知飞键、非音码或读音集合未覆盖；不猜测
鲸凉鹤1.1手心挂接.txt	烤鳗	kcmr	kcmr	未知飞键、非音码或读音集合未覆盖；不猜测
鲸凉鹤1.1手心挂接.txt	烤破	kcps	kcps	未知飞键、非音码或读音集合未覆盖；不猜测
鲸凉鹤1.1手心挂接.txt	考评	kcpx	kcpx	未知飞键、非音码或读音集合未覆盖；不猜测
鲸凉鹤1.1手心挂接.txt	靠山	kcus	kcus	未知飞键、非音码或读音集合未覆盖；不猜测
鲸凉鹤1.1手心挂接.txt	考证	kcvk	kcvk	未知飞键、非音码或读音集合未覆盖；不猜测
鲸凉鹤1.1手心挂接.txt	靠向	kcxj	kcxj	未知飞键、非音码或读音集合未覆盖；不猜测
鲸凉鹤1.1手心挂接.txt	考验	kcyf	kcyf	未知飞键、非音码或读音集合未覆盖；不猜测
鲸凉鹤1.1手心挂接.txt	考研	kcyf	kcyf	未知飞键、非音码或读音集合未覆盖；不猜测
鲸凉鹤1.1手心挂接.txt	烤鱼	kcyg	kcyg	未知飞键、非音码或读音集合未覆盖；不猜测
鲸凉鹤1.1手心挂接.txt	开导	kddl	kddl	未知飞键、非音码或读音集合未覆盖；不猜测
鲸凉鹤1.1手心挂接.txt	开刀	kddl	kddl	未知飞键、非音码或读音集合未覆盖；不猜测
鲸凉鹤1.1手心挂接.txt	开打	kddw	kddw	未知飞键、非音码或读音集合未覆盖；不猜测
鲸凉鹤1.1手心挂接.txt	开贵	kdgi	kdgi	未知飞键、非音码或读音集合未覆盖；不猜测
鲸凉鹤1.1手心挂接.txt	开关	kdgp	kdgp	未知飞键、非音码或读音集合未覆盖；不猜测
鲸凉鹤1.1手心挂接.txt	开馆	kdgp	kdgp	未知飞键、非音码或读音集合未覆盖；不猜测
鲸凉鹤1.1手心挂接.txt	开罐	kdgp	kdgp	未知飞键、非音码或读音集合未覆盖；不猜测
鲸凉鹤1.1手心挂接.txt	开行	kdhk	kdhk	未知飞键、非音码或读音集合未覆盖；不猜测
鲸凉鹤1.1手心挂接.txt	开咯	kdko	kdko	未知飞键、非音码或读音集合未覆盖；不猜测
鲸凉鹤1.1手心挂接.txt	开列	kdlf	kdlf	未知飞键、非音码或读音集合未覆盖；不猜测
鲸凉鹤1.1手心挂接.txt	开咯	kdlo	kdlo	未知飞键、非音码或读音集合未覆盖；不猜测
鲸凉鹤1.1手心挂接.txt	开满	kdmr	kdmr	未知飞键、非音码或读音集合未覆盖；不猜测
鲸凉鹤1.1手心挂接.txt	开幕	kdmx	kdmx	未知飞键、非音码或读音集合未覆盖；不猜测
鲸凉鹤1.1手心挂接.txt	凯南	kdnz	kdnz	未知飞键、非音码或读音集合未覆盖；不猜测
鲸凉鹤1.1手心挂接.txt	开辟	kdpe	kdpe	未知飞键、非音码或读音集合未覆盖；不猜测
鲸凉鹤1.1手心挂接.txt	开瓶	kdpx	kdpx	未知飞键、非音码或读音集合未覆盖；不猜测
鲸凉鹤1.1手心挂接.txt	开屏	kdpx	kdpx	未知飞键、非音码或读音集合未覆盖；不猜测
鲸凉鹤1.1手心挂接.txt	开腿	kdtl	kdtl	未知飞键、非音码或读音集合未覆盖；不猜测
鲸凉鹤1.1手心挂接.txt	开山	kdus	kdus	未知飞键、非音码或读音集合未覆盖；不猜测
鲸凉鹤1.1手心挂接.txt	开衫	kdus	kdus	未知飞键、非音码或读音集合未覆盖；不猜测
鲸凉鹤1.1手心挂接.txt	开膳	kdus	kdus	未知飞键、非音码或读音集合未覆盖；不猜测
鲸凉鹤1.1手心挂接.txt	开征	kdvk	kdvk	未知飞键、非音码或读音集合未覆盖；不猜测
鲸凉鹤1.1手心挂接.txt	开证	kdvk	kdvk	未知飞键、非音码或读音集合未覆盖；不猜测
鲸凉鹤1.1手心挂接.txt	开整	kdvk	kdvk	未知飞键、非音码或读音集合未覆盖；不猜测
鲸凉鹤1.1手心挂接.txt	开向	kdxj	kdxj	未知飞键、非音码或读音集合未覆盖；不猜测
鲸凉鹤1.1手心挂接.txt	开眼	kdyf	kdyf	未知飞键、非音码或读音集合未覆盖；不猜测
鲸凉鹤1.1手心挂接.txt	开演	kdyf	kdyf	未知飞键、非音码或读音集合未覆盖；不猜测
鲸凉鹤1.1手心挂接.txt	开宇	kdyg	kdyg	未知飞键、非音码或读音集合未覆盖；不猜测
鲸凉鹤1.1手心挂接.txt	可从	kecl	kecl	未知飞键、非音码或读音集合未覆盖；不猜测
鲸凉鹤1.1手心挂接.txt	可导	kedl	kedl	未知飞键、非音码或读音集合未覆盖；不猜测
鲸凉鹤1.1手心挂接.txt	刻刀	kedl	kedl	未知飞键、非音码或读音集合未覆盖；不猜测
鲸凉鹤1.1手心挂接.txt	可贵	kegi	kegi	未知飞键、非音码或读音集合未覆盖；不猜测
鲸凉鹤1.1手心挂接.txt	客观	kegp	kegp	未知飞键、非音码或读音集合未覆盖；不猜测
鲸凉鹤1.1手心挂接.txt	可观	kegp	kegp	未知飞键、非音码或读音集合未覆盖；不猜测
鲸凉鹤1.1手心挂接.txt	客官	kegp	kegp	未知飞键、非音码或读音集合未覆盖；不猜测
鲸凉鹤1.1手心挂接.txt	砢碜	keif	keif	未知飞键、非音码或读音集合未覆盖；不猜测
鲸凉鹤1.1手心挂接.txt	痾疢	keif	keif	未知飞键、非音码或读音集合未覆盖；不猜测
鲸凉鹤1.1手心挂接.txt	可见	kejz	kejz	未知飞键、非音码或读音集合未覆盖；不猜测
鲸凉鹤1.1手心挂接.txt	课间	kejz	kejz	未知飞键、非音码或读音集合未覆盖；不猜测
鲸凉鹤1.1手心挂接.txt	课件	kejz	kejz	未知飞键、非音码或读音集合未覆盖；不猜测
鲸凉鹤1.1手心挂接.txt	克烈	kelf	kelf	未知飞键、非音码或读音集合未覆盖；不猜测
鲸凉鹤1.1手心挂接.txt	客满	kemr	kemr	未知飞键、非音码或读音集合未覆盖；不猜测
鲸凉鹤1.1手心挂接.txt	科目	kemx	kemx	未知飞键、非音码或读音集合未覆盖；不猜测
鲸凉鹤1.1手心挂接.txt	课目	kemx	kemx	未知飞键、非音码或读音集合未覆盖；不猜测
鲸凉鹤1.1手心挂接.txt	柯南	kenz	kenz	未知飞键、非音码或读音集合未覆盖；不猜测
鲸凉鹤1.1手心挂接.txt	磕破	keps	keps	未知飞键、非音码或读音集合未覆盖；不猜测
鲸凉鹤1.1手心挂接.txt	可售	keuv	keuv	未知飞键、非音码或读音集合未覆盖；不猜测
鲸凉鹤1.1手心挂接.txt	苛政	kevk	kevk	未知飞键、非音码或读音集合未覆盖；不猜测
鲸凉鹤1.1手心挂接.txt	可证	kevk	kevk	未知飞键、非音码或读音集合未覆盖；不猜测
鲸凉鹤1.1手心挂接.txt	可向	kexj	kexj	未知飞键、非音码或读音集合未覆盖；不猜测
鲸凉鹤1.1手心挂接.txt	客休	kexo	kexo	未知飞键、非音码或读音集合未覆盖；不猜测
鲸凉鹤1.1手心挂接.txt	科研	keyf	keyf	未知飞键、非音码或读音集合未覆盖；不猜测
鲸凉鹤1.1手心挂接.txt	可言	keyf	keyf	未知飞键、非音码或读音集合未覆盖；不猜测
鲸凉鹤1.1手心挂接.txt	可与	keyg	keyg	未知飞键、非音码或读音集合未覆盖；不猜测
鲸凉鹤1.1手心挂接.txt	课余	keyg	keyg	未知飞键、非音码或读音集合未覆盖；不猜测
鲸凉鹤1.1手心挂接.txt	克总	kezl	kezl	未知飞键、非音码或读音集合未覆盖；不猜测
鲸凉鹤1.1手心挂接.txt	啃到	kfdl	kfdl	未知飞键、非音码或读音集合未覆盖；不猜测
鲸凉鹤1.1手心挂接.txt	肯于	kfyg	kfyg	未知飞键、非音码或读音集合未覆盖；不猜测
鲸凉鹤1.1手心挂接.txt	肯与	kfyg	kfyg	未知飞键、非音码或读音集合未覆盖；不猜测
鲸凉鹤1.1手心挂接.txt	坑道	kgdl	kgdl	未知飞键、非音码或读音集合未覆盖；不猜测
鲸凉鹤1.1手心挂接.txt	坑道	kgjf	kgjf	未知飞键、非音码或读音集合未覆盖；不猜测
鲸凉鹤1.1手心挂接.txt	坑木	kgmx	kgmx	未知飞键、非音码或读音集合未覆盖；不猜测
鲸凉鹤1.1手心挂接.txt	扛到	khdl	khdl	未知飞键、非音码或读音集合未覆盖；不猜测
鲸凉鹤1.1手心挂接.txt	抗打	khdw	khdw	未知飞键、非音码或读音集合未覆盖；不猜测
鲸凉鹤1.1手心挂接.txt	康冠	khgp	khgp	未知飞键、非音码或读音集合未覆盖；不猜测
鲸凉鹤1.1手心挂接.txt	康健	khjz	khjz	未知飞键、非音码或读音集合未覆盖；不猜测
鲸凉鹤1.1手心挂接.txt	抗碱	khjz	khjz	未知飞键、非音码或读音集合未覆盖；不猜测
鲸凉鹤1.1手心挂接.txt	抗裂	khlf	khlf	未知飞键、非音码或读音集合未覆盖；不猜测
鲸凉鹤1.1手心挂接.txt	康南	khnz	khnz	未知飞键、非音码或读音集合未覆盖；不猜测
鲸凉鹤1.1手心挂接.txt	糠皮	khpe	khpe	未知飞键、非音码或读音集合未覆盖；不猜测
鲸凉鹤1.1手心挂接.txt	抗暴	khpu	khpu	未知飞键、非音码或读音集合未覆盖；不猜测
鲸凉鹤1.1手心挂接.txt	康平	khpx	khpx	未知飞键、非音码或读音集合未覆盖；不猜测
鲸凉鹤1.1手心挂接.txt	扛起	khqe	khqe	未知飞键、非音码或读音集合未覆盖；不猜测
鲸凉鹤1.1手心挂接.txt	抗推	khtl	khtl	未知飞键、非音码或读音集合未覆盖；不猜测
鲸凉鹤1.1手心挂接.txt	康山	khus	khus	未知飞键、非音码或读音集合未覆盖；不猜测
鲸凉鹤1.1手心挂接.txt	抗争	khvk	khvk	未知飞键、非音码或读音集合未覆盖；不猜测
鲸凉鹤1.1手心挂接.txt	抗炎	khyf	khyf	未知飞键、非音码或读音集合未覆盖；不猜测
鲸凉鹤1.1手心挂接.txt	抗御	khyg	khyg	未知飞键、非音码或读音集合未覆盖；不猜测
鲸凉鹤1.1手心挂接.txt	康宗	khzl	khzl	未知飞键、非音码或读音集合未覆盖；不猜测
鲸凉鹤1.1手心挂接.txt	看到	kjdl	kjdl	未知飞键、非音码或读音集合未覆盖；不猜测
鲸凉鹤1.1手心挂接.txt	砍刀	kjdl	kjdl	未知飞键、非音码或读音集合未覆盖；不猜测
鲸凉鹤1.1手心挂接.txt	砍倒	kjdl	kjdl	未知飞键、非音码或读音集合未覆盖；不猜测
鲸凉鹤1.1手心挂接.txt	看打	kjdw	kjdw	未知飞键、非音码或读音集合未覆盖；不猜测
鲸凉鹤1.1手心挂接.txt	看嗯	kjen	kjen	未知飞键、非音码或读音集合未覆盖；不猜测
鲸凉鹤1.1手心挂接.txt	看鬼	kjgi	kjgi	未知飞键、非音码或读音集合未覆盖；不猜测
鲸凉鹤1.1手心挂接.txt	看管	kjgp	kjgp	未知飞键、非音码或读音集合未覆盖；不猜测
鲸凉鹤1.1手心挂接.txt	看官	kjgp	kjgp	未知飞键、非音码或读音集合未覆盖；不猜测
鲸凉鹤1.1手心挂接.txt	看惯	kjgp	kjgp	未知飞键、非音码或读音集合未覆盖；不猜测
鲸凉鹤1.1手心挂接.txt	看见	kjjz	kjjz	未知飞键、非音码或读音集合未覆盖；不猜测
鲸凉鹤1.1手心挂接.txt	坎肩	kjjz	kjjz	未知飞键、非音码或读音集合未覆盖；不猜测
鲸凉鹤1.1手心挂接.txt	看剑	kjjz	kjjz	未知飞键、非音码或读音集合未覆盖；不猜测
鲸凉鹤1.1手心挂接.txt	坎壈	kjlj	kjlj	未知飞键、非音码或读音集合未覆盖；不猜测
鲸凉鹤1.1手心挂接.txt	看咯	kjlo	kjlo	未知飞键、非音码或读音集合未覆盖；不猜测
鲸凉鹤1.1手心挂接.txt	看屁	kjpe	kjpe	未知飞键、非音码或读音集合未覆盖；不猜测
鲸凉鹤1.1手心挂接.txt	看破	kjps	kjps	未知飞键、非音码或读音集合未覆盖；不猜测
鲸凉鹤1.1手心挂接.txt	看起	kjqe	kjqe	未知飞键、非音码或读音集合未覆盖；不猜测
鲸凉鹤1.1手心挂接.txt	看腿	kjtl	kjtl	未知飞键、非音码或读音集合未覆盖；不猜测
鲸凉鹤1.1手心挂接.txt	看山	kjus	kjus	未知飞键、非音码或读音集合未覆盖；不猜测
鲸凉鹤1.1手心挂接.txt	侃山	kjus	kjus	未知飞键、非音码或读音集合未覆盖；不猜测
鲸凉鹤1.1手心挂接.txt	勘正	kjvk	kjvk	未知飞键、非音码或读音集合未覆盖；不猜测
鲸凉鹤1.1手心挂接.txt	刊正	kjvk	kjvk	未知飞键、非音码或读音集合未覆盖；不猜测
鲸凉鹤1.1手心挂接.txt	看向	kjxj	kjxj	未知飞键、非音码或读音集合未覆盖；不猜测
鲸凉鹤1.1手心挂接.txt	砍袖	kjxo	kjxo	未知飞键、非音码或读音集合未覆盖；不猜测
鲸凉鹤1.1手心挂接.txt	勘验	kjyf	kjyf	未知飞键、非音码或读音集合未覆盖；不猜测
鲸凉鹤1.1手心挂接.txt	堪舆	kjyg	kjyg	未知飞键、非音码或读音集合未覆盖；不猜测
鲸凉鹤1.1手心挂接.txt	看咱	kjza	kjza	未知飞键、非音码或读音集合未覆盖；不猜测
鲸凉鹤1.1手心挂接.txt	快从	kkcl	kkcl	未知飞键、非音码或读音集合未覆盖；不猜测
鲸凉鹤1.1手心挂接.txt	快到	kkdl	kkdl	未知飞键、非音码或读音集合未覆盖；不猜测
鲸凉鹤1.1手心挂接.txt	快刀	kkdl	kkdl	未知飞键、非音码或读音集合未覆盖；不猜测
鲸凉鹤1.1手心挂接.txt	快打	kkdw	kkdw	未知飞键、非音码或读音集合未覆盖；不猜测
鲸凉鹤1.1手心挂接.txt	快轨	kkgi	kkgi	未知飞键、非音码或读音集合未覆盖；不猜测
鲸凉鹤1.1手心挂接.txt	快关	kkgp	kkgp	未知飞键、非音码或读音集合未覆盖；不猜测
鲸凉鹤1.1手心挂接.txt	快件	kkjz	kkjz	未知飞键、非音码或读音集合未覆盖；不猜测
鲸凉鹤1.1手心挂接.txt	快咯	kklo	kklo	未知飞键、非音码或读音集合未覆盖；不猜测
鲸凉鹤1.1手心挂接.txt	快慢	kkmr	kkmr	未知飞键、非音码或读音集合未覆盖；不猜测
鲸凉鹤1.1手心挂接.txt	快男	kknz	kknz	未知飞键、非音码或读音集合未覆盖；不猜测
鲸凉鹤1.1手心挂接.txt	快起	kkqe	kkqe	未知飞键、非音码或读音集合未覆盖；不猜测
鲸凉鹤1.1手心挂接.txt	快退	kktl	kktl	未知飞键、非音码或读音集合未覆盖；不猜测
鲸凉鹤1.1手心挂接.txt	快闪	kkus	kkus	未知飞键、非音码或读音集合未覆盖；不猜测
鲸凉鹤1.1手心挂接.txt	快修	kkxo	kkxo	未知飞键、非音码或读音集合未覆盖；不猜测
鲸凉鹤1.1手心挂接.txt	鲙鱼	kkyg	kkyg	未知飞键、非音码或读音集合未覆盖；不猜测
鲸凉鹤1.1手心挂接.txt	快于	kkyg	kkyg	未知飞键、非音码或读音集合未覆盖；不猜测
鲸凉鹤1.1手心挂接.txt	快赚	kkzr	kkzr	未知飞键、非音码或读音集合未覆盖；不猜测
鲸凉鹤1.1手心挂接.txt	狂刀	kldl	kldl	未知飞键、非音码或读音集合未覆盖；不猜测
鲸凉鹤1.1手心挂接.txt	矿管	klgp	klgp	未知飞键、非音码或读音集合未覆盖；不猜测
鲸凉鹤1.1手心挂接.txt	矿道	kljf	kljf	未知飞键、非音码或读音集合未覆盖；不猜测
鲸凉鹤1.1手心挂接.txt	矿建	kljz	kljz	未知飞键、非音码或读音集合未覆盖；不猜测
鲸凉鹤1.1手心挂接.txt	狂猎	kllf	kllf	未知飞键、非音码或读音集合未覆盖；不猜测
鲸凉鹤1.1手心挂接.txt	矿难	klnz	klnz	未知飞键、非音码或读音集合未覆盖；不猜测
鲸凉鹤1.1手心挂接.txt	劻勷	klrh	klrh	未知飞键、非音码或读音集合未覆盖；不猜测
鲸凉鹤1.1手心挂接.txt	矿山	klus	klus	未知飞键、非音码或读音集合未覆盖；不猜测
鲸凉鹤1.1手心挂接.txt	匡正	klvk	klvk	未知飞键、非音码或读音集合未覆盖；不猜测
鲸凉鹤1.1手心挂接.txt	狂言	klyf	klyf	未知飞键、非音码或读音集合未覆盖；不猜测
鲸凉鹤1.1手心挂接.txt	诳言	klyf	klyf	未知飞键、非音码或读音集合未覆盖；不猜测
鲸凉鹤1.1手心挂接.txt	矿盐	klyf	klyf	未知飞键、非音码或读音集合未覆盖；不猜测
鲸凉鹤1.1手心挂接.txt	诳语	klyg	klyg	未知飞键、非音码或读音集合未覆盖；不猜测
鲸凉鹤1.1手心挂接.txt	诓语	klyg	klyg	未知飞键、非音码或读音集合未覆盖；不猜测
鲸凉鹤1.1手心挂接.txt	阔刀	kodl	kodl	未知飞键、非音码或读音集合未覆盖；不猜测
鲸凉鹤1.1手心挂接.txt	扩到	kodl	kodl	未知飞键、非音码或读音集合未覆盖；不猜测
鲸凉鹤1.1手心挂接.txt	扩管	kogp	kogp	未知飞键、非音码或读音集合未覆盖；不猜测
鲸凉鹤1.1手心挂接.txt	扩建	kojz	kojz	未知飞键、非音码或读音集合未覆盖；不猜测
鲸凉鹤1.1手心挂接.txt	扩列	kolf	kolf	未知飞键、非音码或读音集合未覆盖；不猜测
鲸凉鹤1.1手心挂接.txt	括起	koqe	koqe	未知飞键、非音码或读音集合未覆盖；不猜测
鲸凉鹤1.1手心挂接.txt	阔腿	kotl	kotl	未知飞键、非音码或读音集合未覆盖；不猜测
鲸凉鹤1.1手心挂接.txt	扩眼	koyf	koyf	未知飞键、非音码或读音集合未覆盖；不猜测
鲸凉鹤1.1手心挂接.txt	蛞蝓	koyg	koyg	未知飞键、非音码或读音集合未覆盖；不猜测
鲸凉鹤1.1手心挂接.txt	宽肩	krjz	krjz	未知飞键、非音码或读音集合未覆盖；不猜测
鲸凉鹤1.1手心挂接.txt	宽屏	krpx	krpx	未知飞键、非音码或读音集合未覆盖；不猜测
鲸凉鹤1.1手心挂接.txt	款洽	krqo	krqo	未知飞键、非音码或读音集合未覆盖；不猜测
鲸凉鹤1.1手心挂接.txt	宽腿	krtl	krtl	未知飞键、非音码或读音集合未覆盖；不猜测
鲸凉鹤1.1手心挂接.txt	宽严	kryf	kryf	未知飞键、非音码或读音集合未覆盖；不猜测
鲸凉鹤1.1手心挂接.txt	宽裕	kryg	kryg	未知飞键、非音码或读音集合未覆盖；不猜测
鲸凉鹤1.1手心挂接.txt	宽纵	krzl	krzl	未知飞键、非音码或读音集合未覆盖；不猜测
鲸凉鹤1.1手心挂接.txt	孔道	ksdl	ksdl	未知飞键、非音码或读音集合未覆盖；不猜测
鲸凉鹤1.1手心挂接.txt	空岛	ksdl	ksdl	未知飞键、非音码或读音集合未覆盖；不猜测
鲸凉鹤1.1手心挂接.txt	空刀	ksdl	ksdl	未知飞键、非音码或读音集合未覆盖；不猜测
鲸凉鹤1.1手心挂接.txt	控规	ksgi	ksgi	未知飞键、非音码或读音集合未覆盖；不猜测
鲸凉鹤1.1手心挂接.txt	空管	ksgp	ksgp	未知飞键、非音码或读音集合未覆盖；不猜测
鲸凉鹤1.1手心挂接.txt	空间	ksjz	ksjz	未知飞键、非音码或读音集合未覆盖；不猜测
鲸凉鹤1.1手心挂接.txt	控件	ksjz	ksjz	未知飞键、非音码或读音集合未覆盖；不猜测
鲸凉鹤1.1手心挂接.txt	空母	ksmx	ksmx	未知飞键、非音码或读音集合未覆盖；不猜测
鲸凉鹤1.1手心挂接.txt	空难	ksnz	ksnz	未知飞键、非音码或读音集合未覆盖；不猜测
鲸凉鹤1.1手心挂接.txt	恐难	ksnz	ksnz	未知飞键、非音码或读音集合未覆盖；不猜测
鲸凉鹤1.1手心挂接.txt	恐男	ksnz	ksnz	未知飞键、非音码或读音集合未覆盖；不猜测
鲸凉鹤1.1手心挂接.txt	恐皮	kspe	kspe	未知飞键、非音码或读音集合未覆盖；不猜测
鲸凉鹤1.1手心挂接.txt	空瓶	kspx	kspx	未知飞键、非音码或读音集合未覆盖；不猜测
鲸凉鹤1.1手心挂接.txt	控评	kspx	kspx	未知飞键、非音码或读音集合未覆盖；不猜测
鲸凉鹤1.1手心挂接.txt	空退	kstl	kstl	未知飞键、非音码或读音集合未覆盖；不猜测
鲸凉鹤1.1手心挂接.txt	空山	ksus	ksus	未知飞键、非音码或读音集合未覆盖；不猜测
鲸凉鹤1.1手心挂接.txt	控烟	ksyf	ksyf	未知飞键、非音码或读音集合未覆盖；不猜测
鲸凉鹤1.1手心挂接.txt	空余	ksyg	ksyg	未知飞键、非音码或读音集合未覆盖；不猜测
鲸凉鹤1.1手心挂接.txt	空域	ksyg	ksyg	未知飞键、非音码或读音集合未覆盖；不猜测
鲸凉鹤1.1手心挂接.txt	倥偬	kszl	kszl	未知飞键、非音码或读音集合未覆盖；不猜测
鲸凉鹤1.1手心挂接.txt	哭道	kudl	kudl	未知飞键、非音码或读音集合未覆盖；不猜测
鲸凉鹤1.1手心挂接.txt	裤管	kugp	kugp	未知飞键、非音码或读音集合未覆盖；不猜测
鲸凉鹤1.1手心挂接.txt	库管	kugp	kugp	未知飞键、非音码或读音集合未覆盖；不猜测
鲸凉鹤1.1手心挂接.txt	酷烈	kulf	kulf	未知飞键、非音码或读音集合未覆盖；不猜测
鲸凉鹤1.1手心挂接.txt	酷漫	kumr	kumr	未知飞键、非音码或读音集合未覆盖；不猜测
鲸凉鹤1.1手心挂接.txt	枯木	kumx	kumx	未知飞键、非音码或读音集合未覆盖；不猜测
鲸凉鹤1.1手心挂接.txt	苦难	kunz	kunz	未知飞键、非音码或读音集合未覆盖；不猜测
鲸凉鹤1.1手心挂接.txt	裤腿	kutl	kutl	未知飞键、非音码或读音集合未覆盖；不猜测
鲸凉鹤1.1手心挂接.txt	苦修	kuxo	kuxo	未知飞键、非音码或读音集合未覆盖；不猜测
鲸凉鹤1.1手心挂接.txt	枯朽	kuxo	kuxo	未知飞键、非音码或读音集合未覆盖；不猜测
鲸凉鹤1.1手心挂接.txt	哭咽	kuyf	kuyf	未知飞键、非音码或读音集合未覆盖；不猜测
鲸凉鹤1.1手心挂接.txt	苦于	kuyg	kuyg	未知飞键、非音码或读音集合未覆盖；不猜测
鲸凉鹤1.1手心挂接.txt	枯腴	kuyg	kuyg	未知飞键、非音码或读音集合未覆盖；不猜测
鲸凉鹤1.1手心挂接.txt	窥见	kvjz	kvjz	未知飞键、非音码或读音集合未覆盖；不猜测
鲸凉鹤1.1手心挂接.txt	愧赧	kvnz	kvnz	未知飞键、非音码或读音集合未覆盖；不猜测
鲸凉鹤1.1手心挂接.txt	窥破	kvps	kvps	未知飞键、非音码或读音集合未覆盖；不猜测
鲸凉鹤1.1手心挂接.txt	窥屏	kvpx	kvpx	未知飞键、非音码或读音集合未覆盖；不猜测
鲸凉鹤1.1手心挂接.txt	溃退	kvtl	kvtl	未知飞键、非音码或读音集合未覆盖；不猜测
鲸凉鹤1.1手心挂接.txt	奎山	kvus	kvus	未知飞键、非音码或读音集合未覆盖；不猜测
鲸凉鹤1.1手心挂接.txt	亏赚	kvzr	kvzr	未知飞键、非音码或读音集合未覆盖；不猜测
鲸凉鹤1.1手心挂接.txt	跨到	kxdl	kxdl	未知飞键、非音码或读音集合未覆盖；不猜测
鲸凉鹤1.1手心挂接.txt	夸道	kxdl	kxdl	未知飞键、非音码或读音集合未覆盖；不猜测
鲸凉鹤1.1手心挂接.txt	跨列	kxlf	kxlf	未知飞键、非音码或读音集合未覆盖；不猜测
鲸凉鹤1.1手心挂接.txt	跨屏	kxpx	kxpx	未知飞键、非音码或读音集合未覆盖；不猜测
鲸凉鹤1.1手心挂接.txt	跨域	kxyg	kxyg	未知飞键、非音码或读音集合未覆盖；不猜测
鲸凉鹤1.1手心挂接.txt	悃愊	kybi	kybi	未知飞键、非音码或读音集合未覆盖；不猜测
鲸凉鹤1.1手心挂接.txt	困到	kydl	kydl	未知飞键、非音码或读音集合未覆盖；不猜测
鲸凉鹤1.1手心挂接.txt	昆曼	kymr	kymr	未知飞键、非音码或读音集合未覆盖；不猜测
鲸凉鹤1.1手心挂接.txt	困难	kynz	kynz	未知飞键、非音码或读音集合未覆盖；不猜测
鲸凉鹤1.1手心挂接.txt	昆山	kyus	kyus	未知飞键、非音码或读音集合未覆盖；不猜测
鲸凉鹤1.1手心挂接.txt	昆玉	kyyg	kyyg	未知飞键、非音码或读音集合未覆盖；不猜测
鲸凉鹤1.1手心挂接.txt	稛载	kyzd	kyzd	未知飞键、非音码或读音集合未覆盖；不猜测
鲸凉鹤1.1手心挂接.txt	稇载	kyzd	kyzd	未知飞键、非音码或读音集合未覆盖；不猜测
鲸凉鹤1.1手心挂接.txt	叩打	kzdw	kzdw	未知飞键、非音码或读音集合未覆盖；不猜测
鲸凉鹤1.1手心挂接.txt	扣关	kzgp	kzgp	未知飞键、非音码或读音集合未覆盖；不猜测
鲸凉鹤1.1手心挂接.txt	叩关	kzgp	kzgp	未知飞键、非音码或读音集合未覆盖；不猜测
鲸凉鹤1.1手心挂接.txt	扣减	kzjz	kzjz	未知飞键、非音码或读音集合未覆盖；不猜测
鲸凉鹤1.1手心挂接.txt	叩见	kzjz	kzjz	未知飞键、非音码或读音集合未覆盖；不猜测
鲸凉鹤1.1手心挂接.txt	口癖	kzpe	kzpe	未知飞键、非音码或读音集合未覆盖；不猜测
鲸凉鹤1.1手心挂接.txt	抠破	kzps	kzps	未知飞键、非音码或读音集合未覆盖；不猜测
鲸凉鹤1.1手心挂接.txt	口羞	kzxo	kzxo	未知飞键、非音码或读音集合未覆盖；不猜测
鲸凉鹤1.1手心挂接.txt	口语	kzyg	kzyg	未知飞键、非音码或读音集合未覆盖；不猜测
鲸凉鹤1.1手心挂接.txt	口谕	kzyg	kzyg	未知飞键、非音码或读音集合未覆盖；不猜测
鲸凉鹤1.1手心挂接.txt	拉倒	ladl	ladl	未知飞键、非音码或读音集合未覆盖；不猜测
鲸凉鹤1.1手心挂接.txt	拉到	ladl	ladl	未知飞键、非音码或读音集合未覆盖；不猜测
鲸凉鹤1.1手心挂接.txt	辣到	ladl	ladl	未知飞键、非音码或读音集合未覆盖；不猜测
鲸凉鹤1.1手心挂接.txt	拉柜	lagi	lagi	未知飞键、非音码或读音集合未覆盖；不猜测
鲸凉鹤1.1手心挂接.txt	拉罐	lagp	lagp	未知飞键、非音码或读音集合未覆盖；不猜测
鲸凉鹤1.1手心挂接.txt	拉件	lajz	lajz	未知飞键、非音码或读音集合未覆盖；不猜测
鲸凉鹤1.1手心挂接.txt	拉裂	lalf	lalf	未知飞键、非音码或读音集合未覆盖；不猜测
鲸凉鹤1.1手心挂接.txt	拉满	lamr	lamr	未知飞键、非音码或读音集合未覆盖；不猜测
鲸凉鹤1.1手心挂接.txt	拉姆	lamx	lamx	未知飞键、非音码或读音集合未覆盖；不猜测
鲸凉鹤1.1手心挂接.txt	拉皮	lape	lape	未知飞键、非音码或读音集合未覆盖；不猜测
鲸凉鹤1.1手心挂接.txt	拉破	laps	laps	未知飞键、非音码或读音集合未覆盖；不猜测
鲸凉鹤1.1手心挂接.txt	拉平	lapx	lapx	未知飞键、非音码或读音集合未覆盖；不猜测
鲸凉鹤1.1手心挂接.txt	辣评	lapx	lapx	未知飞键、非音码或读音集合未覆盖；不猜测
鲸凉鹤1.1手心挂接.txt	拉起	laqe	laqe	未知飞键、非音码或读音集合未覆盖；不猜测
鲸凉鹤1.1手心挂接.txt	腊山	laus	laus	未知飞键、非音码或读音集合未覆盖；不猜测
鲸凉鹤1.1手心挂接.txt	拉延	layf	layf	未知飞键、非音码或读音集合未覆盖；不猜测
鲸凉鹤1.1手心挂接.txt	腊鱼	layg	layg	未知飞键、非音码或读音集合未覆盖；不猜测
鲸凉鹤1.1手心挂接.txt	林丛	lbcl	lbcl	未知飞键、非音码或读音集合未覆盖；不猜测
鲸凉鹤1.1手心挂接.txt	临到	lbdl	lbdl	未知飞键、非音码或读音集合未覆盖；不猜测
鲸凉鹤1.1手心挂接.txt	临桂	lbgi	lbgi	未知飞键、非音码或读音集合未覆盖；不猜测
鲸凉鹤1.1手心挂接.txt	临官	lbgp	lbgp	未知飞键、非音码或读音集合未覆盖；不猜测
鲸凉鹤1.1手心挂接.txt	林间	lbjz	lbjz	未知飞键、非音码或读音集合未覆盖；不猜测
鲸凉鹤1.1手心挂接.txt	临检	lbjz	lbjz	未知飞键、非音码或读音集合未覆盖；不猜测
鲸凉鹤1.1手心挂接.txt	凛冽	lblf	lblf	未知飞键、非音码或读音集合未覆盖；不猜测
鲸凉鹤1.1手心挂接.txt	林木	lbmx	lbmx	未知飞键、非音码或读音集合未覆盖；不猜测
鲸凉鹤1.1手心挂接.txt	临平	lbpx	lbpx	未知飞键、非音码或读音集合未覆盖；不猜测
鲸凉鹤1.1手心挂接.txt	林珊	lbus	lbus	未知飞键、非音码或读音集合未覆盖；不猜测
鲸凉鹤1.1手心挂接.txt	林正	lbvk	lbvk	未知飞键、非音码或读音集合未覆盖；不猜测
鲸凉鹤1.1手心挂接.txt	林燕	lbyf	lbyf	未知飞键、非音码或读音集合未覆盖；不猜测
鲸凉鹤1.1手心挂接.txt	淋雨	lbyg	lbyg	未知飞键、非音码或读音集合未覆盖；不猜测
鲸凉鹤1.1手心挂接.txt	淋浴	lbyg	lbyg	未知飞键、非音码或读音集合未覆盖；不猜测
鲸凉鹤1.1手心挂接.txt	吝于	lbyg	lbyg	未知飞键、非音码或读音集合未覆盖；不猜测
鲸凉鹤1.1手心挂接.txt	林总	lbzl	lbzl	未知飞键、非音码或读音集合未覆盖；不猜测
鲸凉鹤1.1手心挂接.txt	唠叨	lcdl	lcdl	未知飞键、非音码或读音集合未覆盖；不猜测
鲸凉鹤1.1手心挂接.txt	老道	lcdl	lcdl	未知飞键、非音码或读音集合未覆盖；不猜测
鲸凉鹤1.1手心挂接.txt	老鬼	lcgi	lcgi	未知飞键、非音码或读音集合未覆盖；不猜测
鲸凉鹤1.1手心挂接.txt	老关	lcgp	lcgp	未知飞键、非音码或读音集合未覆盖；不猜测
鲸凉鹤1.1手心挂接.txt	老几	lcje	lcje	未知飞键、非音码或读音集合未覆盖；不猜测
鲸凉鹤1.1手心挂接.txt	老道	lcjf	lcjf	未知飞键、非音码或读音集合未覆盖；不猜测
鲸凉鹤1.1手心挂接.txt	老茧	lcjz	lcjz	未知飞键、非音码或读音集合未覆盖；不猜测
鲸凉鹤1.1手心挂接.txt	老慢	lcmr	lcmr	未知飞键、非音码或读音集合未覆盖；不猜测
鲸凉鹤1.1手心挂接.txt	老母	lcmx	lcmx	未知飞键、非音码或读音集合未覆盖；不猜测
鲸凉鹤1.1手心挂接.txt	老难	lcnz	lcnz	未知飞键、非音码或读音集合未覆盖；不猜测
鲸凉鹤1.1手心挂接.txt	老男	lcnz	lcnz	未知飞键、非音码或读音集合未覆盖；不猜测
鲸凉鹤1.1手心挂接.txt	老皮	lcpe	lcpe	未知飞键、非音码或读音集合未覆盖；不猜测
鲸凉鹤1.1手心挂接.txt	老婆	lcps	lcps	未知飞键、非音码或读音集合未覆盖；不猜测
鲸凉鹤1.1手心挂接.txt	老平	lcpx	lcpx	未知飞键、非音码或读音集合未覆盖；不猜测
鲸凉鹤1.1手心挂接.txt	捞起	lcqe	lcqe	未知飞键、非音码或读音集合未覆盖；不猜测
鲸凉鹤1.1手心挂接.txt	老腿	lctl	lctl	未知飞键、非音码或读音集合未覆盖；不猜测
鲸凉鹤1.1手心挂接.txt	崂山	lcus	lcus	未知飞键、非音码或读音集合未覆盖；不猜测
鲸凉鹤1.1手心挂接.txt	老郑	lcvk	lcvk	未知飞键、非音码或读音集合未覆盖；不猜测
鲸凉鹤1.1手心挂接.txt	老挝	lcvx	lcvx	未知飞键、非音码或读音集合未覆盖；不猜测
鲸凉鹤1.1手心挂接.txt	老向	lcxj	lcxj	未知飞键、非音码或读音集合未覆盖；不猜测
鲸凉鹤1.1手心挂接.txt	老朽	lcxo	lcxo	未知飞键、非音码或读音集合未覆盖；不猜测
鲸凉鹤1.1手心挂接.txt	老眼	lcyf	lcyf	未知飞键、非音码或读音集合未覆盖；不猜测
鲸凉鹤1.1手心挂接.txt	老妪	lcyg	lcyg	未知飞键、非音码或读音集合未覆盖；不猜测
鲸凉鹤1.1手心挂接.txt	牢狱	lcyg	lcyg	未知飞键、非音码或读音集合未覆盖；不猜测
鲸凉鹤1.1手心挂接.txt	捞鱼	lcyg	lcyg	未知飞键、非音码或读音集合未覆盖；不猜测
鲸凉鹤1.1手心挂接.txt	老总	lczl	lczl	未知飞键、非音码或读音集合未覆盖；不猜测
鲸凉鹤1.1手心挂接.txt	来到	lddl	lddl	未知飞键、非音码或读音集合未覆盖；不猜测
鲸凉鹤1.1手心挂接.txt	来打	lddw	lddw	未知飞键、非音码或读音集合未覆盖；不猜测
鲸凉鹤1.1手心挂接.txt	来归	ldgi	ldgi	未知飞键、非音码或读音集合未覆盖；不猜测
鲸凉鹤1.1手心挂接.txt	来管	ldgp	ldgp	未知飞键、非音码或读音集合未覆盖；不猜测
鲸凉鹤1.1手心挂接.txt	来件	ldjz	ldjz	未知飞键、非音码或读音集合未覆盖；不猜测
鲸凉鹤1.1手心挂接.txt	莱曼	ldmr	ldmr	未知飞键、非音码或读音集合未覆盖；不猜测
鲸凉鹤1.1手心挂接.txt	莱姆	ldmx	ldmx	未知飞键、非音码或读音集合未覆盖；不猜测
鲸凉鹤1.1手心挂接.txt	赖皮	ldpe	ldpe	未知飞键、非音码或读音集合未覆盖；不猜测
鲸凉鹤1.1手心挂接.txt	癞皮	ldpe	ldpe	未知飞键、非音码或读音集合未覆盖；不猜测
鲸凉鹤1.1手心挂接.txt	来破	ldps	ldps	未知飞键、非音码或读音集合未覆盖；不猜测
鲸凉鹤1.1手心挂接.txt	来瓶	ldpx	ldpx	未知飞键、非音码或读音集合未覆盖；不猜测
鲸凉鹤1.1手心挂接.txt	来评	ldpx	ldpx	未知飞键、非音码或读音集合未覆盖；不猜测
鲸凉鹤1.1手心挂接.txt	来推	ldtl	ldtl	未知飞键、非音码或读音集合未覆盖；不猜测
鲸凉鹤1.1手心挂接.txt	莱山	ldus	ldus	未知飞键、非音码或读音集合未覆盖；不猜测
鲸凉鹤1.1手心挂接.txt	来之	ldvp	ldvp	未知飞键、非音码或读音集合未覆盖；不猜测
鲸凉鹤1.1手心挂接.txt	来向	ldxj	ldxj	未知飞键、非音码或读音集合未覆盖；不猜测
鲸凉鹤1.1手心挂接.txt	来修	ldxo	ldxo	未知飞键、非音码或读音集合未覆盖；不猜测
鲸凉鹤1.1手心挂接.txt	来演	ldyf	ldyf	未知飞键、非音码或读音集合未覆盖；不猜测
鲸凉鹤1.1手心挂接.txt	簕欓	ledh	ledh	未知飞键、非音码或读音集合未覆盖；不猜测
鲸凉鹤1.1手心挂接.txt	乐道	ledl	ledl	未知飞键、非音码或读音集合未覆盖；不猜测
鲸凉鹤1.1手心挂接.txt	乐观	legp	legp	未知飞键、非音码或读音集合未覆盖；不猜测
鲸凉鹤1.1手心挂接.txt	乐道	lejf	lejf	未知飞键、非音码或读音集合未覆盖；不猜测
鲸凉鹤1.1手心挂接.txt	乐见	lejz	lejz	未知飞键、非音码或读音集合未覆盖；不猜测
鲸凉鹤1.1手心挂接.txt	勒掯	lekf	lekf	未知飞键、非音码或读音集合未覆盖；不猜测
鲸凉鹤1.1手心挂接.txt	乐目	lemx	lemx	未知飞键、非音码或读音集合未覆盖；不猜测
鲸凉鹤1.1手心挂接.txt	乐平	lepx	lepx	未知飞键、非音码或读音集合未覆盖；不猜测
鲸凉鹤1.1手心挂接.txt	乐町	letk	letk	未知飞键、非音码或读音集合未覆盖；不猜测
鲸凉鹤1.1手心挂接.txt	乐山	leus	leus	未知飞键、非音码或读音集合未覆盖；不猜测
鲸凉鹤1.1手心挂接.txt	乐颜	leyf	leyf	未知飞键、非音码或读音集合未覆盖；不猜测
鲸凉鹤1.1手心挂接.txt	乐于	leyg	leyg	未知飞键、非音码或读音集合未覆盖；不猜测
鲸凉鹤1.1手心挂接.txt	猎爱	lfai	lfai	未知飞键、非音码或读音集合未覆盖；不猜测
鲸凉鹤1.1手心挂接.txt	列巴	lfba	lfba	未知飞键、非音码或读音集合未覆盖；不猜测
鲸凉鹤1.1手心挂接.txt	列宾	lfbb	lfbb	未知飞键、非音码或读音集合未覆盖；不猜测
鲸凉鹤1.1手心挂接.txt	猎豹	lfbc	lfbc	未知飞键、非音码或读音集合未覆盖；不猜测
鲸凉鹤1.1手心挂接.txt	劣币	lfbi	lfbi	未知飞键、非音码或读音集合未覆盖；不猜测
鲸凉鹤1.1手心挂接.txt	列兵	lfbk	lfbk	未知飞键、非音码或读音集合未覆盖；不猜测
鲸凉鹤1.1手心挂接.txt	裂变	lfbm	lfbm	未知飞键、非音码或读音集合未覆盖；不猜测
鲸凉鹤1.1手心挂接.txt	列表	lfbn	lfbn	未知飞键、非音码或读音集合未覆盖；不猜测
鲸凉鹤1.1手心挂接.txt	裂帛	lfbo	lfbo	未知飞键、非音码或读音集合未覆盖；不猜测
鲸凉鹤1.1手心挂接.txt	猎捕	lfbu	lfbu	未知飞键、非音码或读音集合未覆盖；不猜测
鲸凉鹤1.1手心挂接.txt	猎刀	lfdc	lfdc	未知飞键、非音码或读音集合未覆盖；不猜测
鲸凉鹤1.1手心挂接.txt	列岛	lfdc	lfdc	未知飞键、非音码或读音集合未覆盖；不猜测
鲸凉鹤1.1手心挂接.txt	劣等	lfdg	lfdg	未知飞键、非音码或读音集合未覆盖；不猜测
鲸凉鹤1.1手心挂接.txt	劣单	lfdj	lfdj	未知飞键、非音码或读音集合未覆盖；不猜测
鲸凉鹤1.1手心挂接.txt	列岛	lfdl	lfdl	未知飞键、非音码或读音集合未覆盖；不猜测
鲸凉鹤1.1手心挂接.txt	猎刀	lfdl	lfdl	未知飞键、非音码或读音集合未覆盖；不猜测
鲸凉鹤1.1手心挂接.txt	列电	lfdm	lfdm	未知飞键、非音码或读音集合未覆盖；不猜测
鲸凉鹤1.1手心挂接.txt	猎爹	lfdp	lfdp	未知飞键、非音码或读音集合未覆盖；不猜测
鲸凉鹤1.1手心挂接.txt	列东	lfds	lfds	未知飞键、非音码或读音集合未覆盖；不猜测
鲸凉鹤1.1手心挂接.txt	烈度	lfdu	lfdu	未知飞键、非音码或读音集合未覆盖；不猜测
鲸凉鹤1.1手心挂接.txt	烈毒	lfdu	lfdu	未知飞键、非音码或读音集合未覆盖；不猜测
鲸凉鹤1.1手心挂接.txt	列队	lfdv	lfdv	未知飞键、非音码或读音集合未覆盖；不猜测
鲸凉鹤1.1手心挂接.txt	裂缝	lffg	lffg	未知飞键、非音码或读音集合未覆盖；不猜测
鲸凉鹤1.1手心挂接.txt	烈风	lffg	lffg	未知飞键、非音码或读音集合未覆盖；不猜测
鲸凉鹤1.1手心挂接.txt	烈妇	lffu	lffu	未知飞键、非音码或读音集合未覆盖；不猜测
鲸凉鹤1.1手心挂接.txt	列夫	lffu	lffu	未知飞键、非音码或读音集合未覆盖；不猜测
鲸凉鹤1.1手心挂接.txt	列个	lfge	lfge	未知飞键、非音码或读音集合未覆盖；不猜测
鲸凉鹤1.1手心挂接.txt	劣根	lfgf	lfgf	未知飞键、非音码或读音集合未覆盖；不猜测
鲸凉鹤1.1手心挂接.txt	列国	lfgo	lfgo	未知飞键、非音码或读音集合未覆盖；不猜测
鲸凉鹤1.1手心挂接.txt	裂谷	lfgu	lfgu	未知飞键、非音码或读音集合未覆盖；不猜测
鲸凉鹤1.1手心挂接.txt	猎狗	lfgz	lfgz	未知飞键、非音码或读音集合未覆盖；不猜测
鲸凉鹤1.1手心挂接.txt	鬣狗	lfgz	lfgz	未知飞键、非音码或读音集合未覆盖；不猜测
鲸凉鹤1.1手心挂接.txt	列好	lfhc	lfhc	未知飞键、非音码或读音集合未覆盖；不猜测
鲸凉鹤1.1手心挂接.txt	裂痕	lfhf	lfhf	未知飞键、非音码或读音集合未覆盖；不猜测
鲸凉鹤1.1手心挂接.txt	列横	lfhg	lfhg	未知飞键、非音码或读音集合未覆盖；不猜测
鲸凉鹤1.1手心挂接.txt	烈火	lfho	lfho	未知飞键、非音码或读音集合未覆盖；不猜测
鲸凉鹤1.1手心挂接.txt	劣货	lfho	lfho	未知飞键、非音码或读音集合未覆盖；不猜测
鲸凉鹤1.1手心挂接.txt	猎户	lfhu	lfhu	未知飞键、非音码或读音集合未覆盖；不猜测
鲸凉鹤1.1手心挂接.txt	列会	lfhv	lfhv	未知飞键、非音码或读音集合未覆盖；不猜测
鲸凉鹤1.1手心挂接.txt	裂化	lfhx	lfhx	未知飞键、非音码或读音集合未覆盖；不猜测
鲸凉鹤1.1手心挂接.txt	裂魂	lfhy	lfhy	未知飞键、非音码或读音集合未覆盖；不猜测
鲸凉鹤1.1手心挂接.txt	列车	lfie	lfie	未知飞键、非音码或读音集合未覆盖；不猜测
鲸凉鹤1.1手心挂接.txt	裂成	lfig	lfig	未知飞键、非音码或读音集合未覆盖；不猜测
鲸凉鹤1.1手心挂接.txt	列成	lfig	lfig	未知飞键、非音码或读音集合未覆盖；不猜测
鲸凉鹤1.1手心挂接.txt	猎场	lfih	lfih	未知飞键、非音码或读音集合未覆盖；不猜测
鲸凉鹤1.1手心挂接.txt	裂创	lfil	lfil	未知飞键、非音码或读音集合未覆盖；不猜测
鲸凉鹤1.1手心挂接.txt	猎虫	lfis	lfis	未知飞键、非音码或读音集合未覆盖；不猜测
鲸凉鹤1.1手心挂接.txt	列出	lfiu	lfiu	未知飞键、非音码或读音集合未覆盖；不猜测
鲸凉鹤1.1手心挂接.txt	裂唇	lfiy	lfiy	未知飞键、非音码或读音集合未覆盖；不猜测
鲸凉鹤1.1手心挂接.txt	猎蝽	lfiy	lfiy	未知飞键、非音码或读音集合未覆盖；不猜测
鲸凉鹤1.1手心挂接.txt	列仇	lfiz	lfiz	未知飞键、非音码或读音集合未覆盖；不猜测
鲸凉鹤1.1手心挂接.txt	裂锦	lfjb	lfjb	未知飞键、非音码或读音集合未覆盖；不猜测
鲸凉鹤1.1手心挂接.txt	劣迹	lfji	lfji	未知飞键、非音码或读音集合未覆盖；不猜测
鲸凉鹤1.1手心挂接.txt	裂解	lfjp	lfjp	未知飞键、非音码或读音集合未覆盖；不猜测
鲸凉鹤1.1手心挂接.txt	烈酒	lfjq	lfjq	未知飞键、非音码或读音集合未覆盖；不猜测
鲸凉鹤1.1手心挂接.txt	劣酒	lfjq	lfjq	未知飞键、非音码或读音集合未覆盖；不猜测
鲸凉鹤1.1手心挂接.txt	列举	lfju	lfju	未知飞键、非音码或读音集合未覆盖；不猜测
鲸凉鹤1.1手心挂接.txt	裂甲	lfjx	lfjx	未知飞键、非音码或读音集合未覆盖；不猜测
鲸凉鹤1.1手心挂接.txt	裂开	lfkd	lfkd	未知飞键、非音码或读音集合未覆盖；不猜测
鲸凉鹤1.1手心挂接.txt	咧开	lfkd	lfkd	未知飞键、非音码或读音集合未覆盖；不猜测
鲸凉鹤1.1手心挂接.txt	列克	lfke	lfke	未知飞键、非音码或读音集合未覆盖；不猜测
鲸凉鹤1.1手心挂接.txt	列宽	lfkr	lfkr	未知飞键、非音码或读音集合未覆盖；不猜测
鲸凉鹤1.1手心挂接.txt	裂孔	lfks	lfks	未知飞键、非音码或读音集合未覆盖；不猜测
鲸凉鹤1.1手心挂接.txt	裂口	lfkz	lfkz	未知飞键、非音码或读音集合未覆盖；不猜测
鲸凉鹤1.1手心挂接.txt	裂了	lfle	lfle	未知飞键、非音码或读音集合未覆盖；不猜测
鲸凉鹤1.1手心挂接.txt	烈烈	lflf	lflf	未知飞键、非音码或读音集合未覆盖；不猜测
鲸凉鹤1.1手心挂接.txt	猎猎	lflf	lflf	未知飞键、非音码或读音集合未覆盖；不猜测
鲸凉鹤1.1手心挂接.txt	咧咧	lflf	lflf	未知飞键、非音码或读音集合未覆盖；不猜测
鲸凉鹤1.1手心挂接.txt	猎狼	lflh	lflh	未知飞键、非音码或读音集合未覆盖；不猜测
鲸凉鹤1.1手心挂接.txt	鬣羚	lflk	lflk	未知飞键、非音码或读音集合未覆盖；不猜测
鲸凉鹤1.1手心挂接.txt	列罗	lflo	lflo	未知飞键、非音码或读音集合未覆盖；不猜测
鲸凉鹤1.1手心挂接.txt	烈龙	lfls	lfls	未知飞键、非音码或读音集合未覆盖；不猜测
鲸凉鹤1.1手心挂接.txt	烈马	lfma	lfma	未知飞键、非音码或读音集合未覆盖；不猜测
鲸凉鹤1.1手心挂接.txt	劣马	lfma	lfma	未知飞键、非音码或读音集合未覆盖；不猜测
鲸凉鹤1.1手心挂接.txt	列明	lfmk	lfmk	未知飞键、非音码或读音集合未覆盖；不猜测
鲸凉鹤1.1手心挂接.txt	列名	lfmk	lfmk	未知飞键、非音码或读音集合未覆盖；不猜测
鲸凉鹤1.1手心挂接.txt	烈面	lfmm	lfmm	未知飞键、非音码或读音集合未覆盖；不猜测
鲸凉鹤1.1手心挂接.txt	猎魔	lfmo	lfmo	未知飞键、非音码或读音集合未覆盖；不猜测
鲸凉鹤1.1手心挂接.txt	列宁	lfnk	lfnk	未知飞键、非音码或读音集合未覆盖；不猜测
鲸凉鹤1.1手心挂接.txt	猎鸟	lfnn	lfnn	未知飞键、非音码或读音集合未覆盖；不猜测
鲸凉鹤1.1手心挂接.txt	列侬	lfns	lfns	未知飞键、非音码或读音集合未覆盖；不猜测
鲸凉鹤1.1手心挂接.txt	猎弩	lfnu	lfnu	未知飞键、非音码或读音集合未覆盖；不猜测
鲸凉鹤1.1手心挂接.txt	烈女	lfnv	lfnv	未知飞键、非音码或读音集合未覆盖；不猜测
鲸凉鹤1.1手心挂接.txt	劣品	lfpb	lfpb	未知飞键、非音码或读音集合未覆盖；不猜测
鲸凉鹤1.1手心挂接.txt	猎聘	lfpb	lfpb	未知飞键、非音码或读音集合未覆盖；不猜测
鲸凉鹤1.1手心挂接.txt	裂屏	lfpk	lfpk	未知飞键、非音码或读音集合未覆盖；不猜测
鲸凉鹤1.1手心挂接.txt	裂片	lfpm	lfpm	未知飞键、非音码或读音集合未覆盖；不猜测
鲸凉鹤1.1手心挂接.txt	裂屏	lfpx	lfpx	未知飞键、非音码或读音集合未覆盖；不猜测
鲸凉鹤1.1手心挂接.txt	猎奇	lfqi	lfqi	未知飞键、非音码或读音集合未覆盖；不猜测
鲸凉鹤1.1手心挂接.txt	猎枪	lfql	lfql	未知飞键、非音码或读音集合未覆盖；不猜测
鲸凉鹤1.1手心挂接.txt	列强	lfql	lfql	未知飞键、非音码或读音集合未覆盖；不猜测
鲸凉鹤1.1手心挂接.txt	趔趄	lfqp	lfqp	未知飞键、非音码或读音集合未覆盖；不猜测
鲸凉鹤1.1手心挂接.txt	猎犬	lfqr	lfqr	未知飞键、非音码或读音集合未覆盖；不猜测
鲸凉鹤1.1手心挂接.txt	烈雀	lfqt	lfqt	未知飞键、非音码或读音集合未覆盖；不猜测
鲸凉鹤1.1手心挂接.txt	猎取	lfqu	lfqu	未知飞键、非音码或读音集合未覆盖；不猜测
鲸凉鹤1.1手心挂接.txt	猎区	lfqu	lfqu	未知飞键、非音码或读音集合未覆盖；不猜测
鲸凉鹤1.1手心挂接.txt	猎人	lfrf	lfrf	未知飞键、非音码或读音集合未覆盖；不猜测
鲸凉鹤1.1手心挂接.txt	烈日	lfri	lfri	未知飞键、非音码或读音集合未覆盖；不猜测
鲸凉鹤1.1手心挂接.txt	列入	lfru	lfru	未知飞键、非音码或读音集合未覆盖；不猜测
鲸凉鹤1.1手心挂接.txt	猎隼	lfsy	lfsy	未知飞键、非音码或读音集合未覆盖；不猜测
鲸凉鹤1.1手心挂接.txt	裂天	lftm	lftm	未知飞键、非音码或读音集合未覆盖；不猜测
鲸凉鹤1.1手心挂接.txt	猎团	lftr	lftr	未知飞键、非音码或读音集合未覆盖；不猜测
鲸凉鹤1.1手心挂接.txt	劣徒	lftu	lftu	未知飞键、非音码或读音集合未覆盖；不猜测
鲸凉鹤1.1手心挂接.txt	猎头	lftz	lftz	未知飞键、非音码或读音集合未覆盖；不猜测
鲸凉鹤1.1手心挂接.txt	猎杀	lfua	lfua	未知飞键、非音码或读音集合未覆盖；不猜测
鲸凉鹤1.1手心挂接.txt	劣绅	lfuf	lfuf	未知飞键、非音码或读音集合未覆盖；不猜测
鲸凉鹤1.1手心挂接.txt	裂伤	lfuh	lfuh	未知飞键、非音码或读音集合未覆盖；不猜测
鲸凉鹤1.1手心挂接.txt	列上	lfuh	lfuh	未知飞键、非音码或读音集合未覆盖；不猜测
鲸凉鹤1.1手心挂接.txt	劣势	lfui	lfui	未知飞键、非音码或读音集合未覆盖；不猜测
鲸凉鹤1.1手心挂接.txt	烈士	lfui	lfui	未知飞键、非音码或读音集合未覆盖；不猜测
鲸凉鹤1.1手心挂接.txt	猎食	lfui	lfui	未知飞键、非音码或读音集合未覆盖；不猜测
鲸凉鹤1.1手心挂接.txt	烈山	lfuj	lfuj	未知飞键、非音码或读音集合未覆盖；不猜测
鲸凉鹤1.1手心挂接.txt	烈山	lfus	lfus	未知飞键、非音码或读音集合未覆盖；不猜测
鲸凉鹤1.1手心挂接.txt	烈属	lfuu	lfuu	未知飞键、非音码或读音集合未覆盖；不猜测
鲸凉鹤1.1手心挂接.txt	列数	lfuu	lfuu	未知飞键、非音码或读音集合未覆盖；不猜测
鲸凉鹤1.1手心挂接.txt	猎手	lfuz	lfuz	未知飞键、非音码或读音集合未覆盖；不猜测
鲸凉鹤1.1手心挂接.txt	咧着	lfve	lfve	未知飞键、非音码或读音集合未覆盖；不猜测
鲸凉鹤1.1手心挂接.txt	猎者	lfve	lfve	未知飞键、非音码或读音集合未覆盖；不猜测
鲸凉鹤1.1手心挂接.txt	列阵	lfvf	lfvf	未知飞键、非音码或读音集合未覆盖；不猜测
鲸凉鹤1.1手心挂接.txt	列账	lfvh	lfvh	未知飞键、非音码或读音集合未覆盖；不猜测
鲸凉鹤1.1手心挂接.txt	劣质	lfvi	lfvi	未知飞键、非音码或读音集合未覆盖；不猜测
鲸凉鹤1.1手心挂接.txt	列植	lfvi	lfvi	未知飞键、非音码或读音集合未覆盖；不猜测
鲸凉鹤1.1手心挂接.txt	烈斩	lfvj	lfvj	未知飞键、非音码或读音集合未覆盖；不猜测
鲸凉鹤1.1手心挂接.txt	列装	lfvl	lfvl	未知飞键、非音码或读音集合未覆盖；不猜测
鲸凉鹤1.1手心挂接.txt	猎装	lfvl	lfvl	未知飞键、非音码或读音集合未覆盖；不猜测
鲸凉鹤1.1手心挂接.txt	列传	lfvr	lfvr	未知飞键、非音码或读音集合未覆盖；不猜测
鲸凉鹤1.1手心挂接.txt	劣种	lfvs	lfvs	未知飞键、非音码或读音集合未覆盖；不猜测
鲸凉鹤1.1手心挂接.txt	猎逐	lfvu	lfvu	未知飞键、非音码或读音集合未覆盖；不猜测
鲸凉鹤1.1手心挂接.txt	裂纹	lfwf	lfwf	未知飞键、非音码或读音集合未覆盖；不猜测
鲸凉鹤1.1手心挂接.txt	列王	lfwh	lfwh	未知飞键、非音码或读音集合未覆盖；不猜测
鲸凉鹤1.1手心挂接.txt	猎物	lfwu	lfwu	未知飞键、非音码或读音集合未覆盖；不猜测
鲸凉鹤1.1手心挂接.txt	列为	lfww	lfww	未知飞键、非音码或读音集合未覆盖；不猜测
鲸凉鹤1.1手心挂接.txt	列位	lfww	lfww	未知飞键、非音码或读音集合未覆盖；不猜测
鲸凉鹤1.1手心挂接.txt	列维	lfww	lfww	未知飞键、非音码或读音集合未覆盖；不猜测
鲸凉鹤1.1手心挂接.txt	裂心	lfxb	lfxb	未知飞键、非音码或读音集合未覆盖；不猜测
鲸凉鹤1.1手心挂接.txt	列席	lfxi	lfxi	未知飞键、非音码或读音集合未覆盖；不猜测
鲸凉鹤1.1手心挂接.txt	裂隙	lfxi	lfxi	未知飞键、非音码或读音集合未覆盖；不猜测
鲸凉鹤1.1手心挂接.txt	劣习	lfxi	lfxi	未知飞键、非音码或读音集合未覆盖；不猜测
鲸凉鹤1.1手心挂接.txt	烈性	lfxk	lfxk	未知飞键、非音码或读音集合未覆盖；不猜测
鲸凉鹤1.1手心挂接.txt	劣行	lfxk	lfxk	未知飞键、非音码或读音集合未覆盖；不猜测
鲸凉鹤1.1手心挂接.txt	劣性	lfxk	lfxk	未知飞键、非音码或读音集合未覆盖；不猜测
鲸凉鹤1.1手心挂接.txt	猎枭	lfxn	lfxn	未知飞键、非音码或读音集合未覆盖；不猜测
鲸凉鹤1.1手心挂接.txt	列些	lfxp	lfxp	未知飞键、非音码或读音集合未覆盖；不猜测
鲸凉鹤1.1手心挂接.txt	猎凶	lfxs	lfxs	未知飞键、非音码或读音集合未覆盖；不猜测
鲸凉鹤1.1手心挂接.txt	列印	lfyb	lfyb	未知飞键、非音码或读音集合未覆盖；不猜测
鲸凉鹤1.1手心挂接.txt	烈焰	lfyf	lfyf	未知飞键、非音码或读音集合未覆盖；不猜测
鲸凉鹤1.1手心挂接.txt	猎艳	lfyf	lfyf	未知飞键、非音码或读音集合未覆盖；不猜测
鲸凉鹤1.1手心挂接.txt	烈炎	lfyf	lfyf	未知飞键、非音码或读音集合未覆盖；不猜测
鲸凉鹤1.1手心挂接.txt	列于	lfyg	lfyg	未知飞键、非音码或读音集合未覆盖；不猜测
鲸凉鹤1.1手心挂接.txt	烈阳	lfyh	lfyh	未知飞键、非音码或读音集合未覆盖；不猜测
鲸凉鹤1.1手心挂接.txt	烈焰	lfyj	lfyj	未知飞键、非音码或读音集合未覆盖；不猜测
鲸凉鹤1.1手心挂接.txt	猎艳	lfyj	lfyj	未知飞键、非音码或读音集合未覆盖；不猜测
鲸凉鹤1.1手心挂接.txt	烈炎	lfyj	lfyj	未知飞键、非音码或读音集合未覆盖；不猜测
鲸凉鹤1.1手心挂接.txt	猎鹰	lfyk	lfyk	未知飞键、非音码或读音集合未覆盖；不猜测
鲸凉鹤1.1手心挂接.txt	列于	lfyu	lfyu	未知飞键、非音码或读音集合未覆盖；不猜测
鲸凉鹤1.1手心挂接.txt	裂枣	lfzc	lfzc	未知飞键、非音码或读音集合未覆盖；不猜测
鲸凉鹤1.1手心挂接.txt	列在	lfzd	lfzd	未知飞键、非音码或读音集合未覆盖；不猜测
鲸凉鹤1.1手心挂接.txt	列子	lfzi	lfzi	未知飞键、非音码或读音集合未覆盖；不猜测
鲸凉鹤1.1手心挂接.txt	列宗	lfzl	lfzl	未知飞键、非音码或读音集合未覆盖；不猜测
鲸凉鹤1.1手心挂接.txt	烈祖	lfzu	lfzu	未知飞键、非音码或读音集合未覆盖；不猜测
鲸凉鹤1.1手心挂接.txt	列祖	lfzu	lfzu	未知飞键、非音码或读音集合未覆盖；不猜测
鲸凉鹤1.1手心挂接.txt	咧嘴	lfzv	lfzv	未知飞键、非音码或读音集合未覆盖；不猜测
鲸凉鹤1.1手心挂接.txt	冷柜	lggi	lggi	未知飞键、非音码或读音集合未覆盖；不猜测
鲸凉鹤1.1手心挂接.txt	冷箭	lgjz	lgjz	未知飞键、非音码或读音集合未覆盖；不猜测
鲸凉鹤1.1手心挂接.txt	冷冽	lglf	lglf	未知飞键、非音码或读音集合未覆盖；不猜测
鲸凉鹤1.1手心挂接.txt	冷男	lgnz	lgnz	未知飞键、非音码或读音集合未覆盖；不猜测
鲸凉鹤1.1手心挂接.txt	冷僻	lgpe	lgpe	未知飞键、非音码或读音集合未覆盖；不猜测
鲸凉鹤1.1手心挂接.txt	冷山	lgus	lgus	未知飞键、非音码或读音集合未覆盖；不猜测
鲸凉鹤1.1手心挂接.txt	愣怔	lgvk	lgvk	未知飞键、非音码或读音集合未覆盖；不猜测
鲸凉鹤1.1手心挂接.txt	冷袖	lgxo	lgxo	未知飞键、非音码或读音集合未覆盖；不猜测
鲸凉鹤1.1手心挂接.txt	冷眼	lgyf	lgyf	未知飞键、非音码或读音集合未覆盖；不猜测
鲸凉鹤1.1手心挂接.txt	冷艳	lgyf	lgyf	未知飞键、非音码或读音集合未覆盖；不猜测
鲸凉鹤1.1手心挂接.txt	冷遇	lgyg	lgyg	未知飞键、非音码或读音集合未覆盖；不猜测
鲸凉鹤1.1手心挂接.txt	廊道	lhdl	lhdl	未知飞键、非音码或读音集合未覆盖；不猜测
鲸凉鹤1.1手心挂接.txt	朗道	lhdl	lhdl	未知飞键、非音码或读音集合未覆盖；不猜测
鲸凉鹤1.1手心挂接.txt	琅嬛	lhhr	lhhr	未知飞键、非音码或读音集合未覆盖；不猜测
鲸凉鹤1.1手心挂接.txt	廊道	lhjf	lhjf	未知飞键、非音码或读音集合未覆盖；不猜测
鲸凉鹤1.1手心挂接.txt	浪尖	lhjz	lhjz	未知飞键、非音码或读音集合未覆盖；不猜测
鲸凉鹤1.1手心挂接.txt	榔槺	lhkh	lhkh	未知飞键、非音码或读音集合未覆盖；不猜测
鲸凉鹤1.1手心挂接.txt	浪漫	lhmr	lhmr	未知飞键、非音码或读音集合未覆盖；不猜测
鲸凉鹤1.1手心挂接.txt	朗姆	lhmx	lhmx	未知飞键、非音码或读音集合未覆盖；不猜测
鲸凉鹤1.1手心挂接.txt	狼皮	lhpe	lhpe	未知飞键、非音码或读音集合未覆盖；不猜测
鲸凉鹤1.1手心挂接.txt	郎平	lhpx	lhpx	未知飞键、非音码或读音集合未覆盖；不猜测
鲸凉鹤1.1手心挂接.txt	踉跄	lhql	lhql	未知飞键、非音码或读音集合未覆盖；不猜测
鲸凉鹤1.1手心挂接.txt	莨苕	lhtn	lhtn	未知飞键、非音码或读音集合未覆盖；不猜测
鲸凉鹤1.1手心挂接.txt	狼山	lhus	lhus	未知飞键、非音码或读音集合未覆盖；不猜测
鲸凉鹤1.1手心挂接.txt	狼烟	lhyf	lhyf	未知飞键、非音码或读音集合未覆盖；不猜测
鲸凉鹤1.1手心挂接.txt	廊檐	lhyf	lhyf	未知飞键、非音码或读音集合未覆盖；不猜测
鲸凉鹤1.1手心挂接.txt	榔榆	lhyg	lhyg	未知飞键、非音码或读音集合未覆盖；不猜测
鲸凉鹤1.1手心挂接.txt	力道	lidl	lidl	未知飞键、非音码或读音集合未覆盖；不猜测
鲸凉鹤1.1手心挂接.txt	厉鬼	ligi	ligi	未知飞键、非音码或读音集合未覆盖；不猜测
鲸凉鹤1.1手心挂接.txt	立管	ligp	ligp	未知飞键、非音码或读音集合未覆盖；不猜测
鲸凉鹤1.1手心挂接.txt	礼官	ligp	ligp	未知飞键、非音码或读音集合未覆盖；不猜测
鲸凉鹤1.1手心挂接.txt	力道	lijf	lijf	未知飞键、非音码或读音集合未覆盖；不猜测
鲸凉鹤1.1手心挂接.txt	利剑	lijz	lijz	未知飞键、非音码或读音集合未覆盖；不猜测
鲸凉鹤1.1手心挂接.txt	立睖	lilg	lilg	未知飞键、非音码或读音集合未覆盖；不猜测
鲸凉鹤1.1手心挂接.txt	沴孽	linp	linp	未知飞键、非音码或读音集合未覆盖；不猜测
鲸凉鹤1.1手心挂接.txt	罹难	linz	linz	未知飞键、非音码或读音集合未覆盖；不猜测
鲸凉鹤1.1手心挂接.txt	力劈	lipe	lipe	未知飞键、非音码或读音集合未覆盖；不猜测
鲸凉鹤1.1手心挂接.txt	力魄	lips	lips	未知飞键、非音码或读音集合未覆盖；不猜测
鲸凉鹤1.1手心挂接.txt	力破	lips	lips	未知飞键、非音码或读音集合未覆盖；不猜测
鲸凉鹤1.1手心挂接.txt	丽萍	lipx	lipx	未知飞键、非音码或读音集合未覆盖；不猜测
鲸凉鹤1.1手心挂接.txt	力推	litl	litl	未知飞键、非音码或读音集合未覆盖；不猜测
鲸凉鹤1.1手心挂接.txt	离退	litl	litl	未知飞键、非音码或读音集合未覆盖；不猜测
鲸凉鹤1.1手心挂接.txt	李珊	lius	lius	未知飞键、非音码或读音集合未覆盖；不猜测
鲸凉鹤1.1手心挂接.txt	力争	livk	livk	未知飞键、非音码或读音集合未覆盖；不猜测
鲸凉鹤1.1手心挂接.txt	立正	livk	livk	未知飞键、非音码或读音集合未覆盖；不猜测
鲸凉鹤1.1手心挂接.txt	离休	lixo	lixo	未知飞键、非音码或读音集合未覆盖；不猜测
鲸凉鹤1.1手心挂接.txt	李艳	liyf	liyf	未知飞键、非音码或读音集合未覆盖；不猜测
鲸凉鹤1.1手心挂接.txt	立于	liyg	liyg	未知飞键、非音码或读音集合未覆盖；不猜测
鲸凉鹤1.1手心挂接.txt	鲤鱼	liyg	liyg	未知飞键、非音码或读音集合未覆盖；不猜测
鲸凉鹤1.1手心挂接.txt	利于	liyg	liyg	未知飞键、非音码或读音集合未覆盖；不猜测
鲸凉鹤1.1手心挂接.txt	礼遇	liyg	liyg	未知飞键、非音码或读音集合未覆盖；不猜测
鲸凉鹤1.1手心挂接.txt	理综	lizl	lizl	未知飞键、非音码或读音集合未覆盖；不猜测
鲸凉鹤1.1手心挂接.txt	李总	lizl	lizl	未知飞键、非音码或读音集合未覆盖；不猜测
鲸凉鹤1.1手心挂接.txt	蓝岛	ljdl	ljdl	未知飞键、非音码或读音集合未覆盖；不猜测
鲸凉鹤1.1手心挂接.txt	懒鬼	ljgi	ljgi	未知飞键、非音码或读音集合未覆盖；不猜测
鲸凉鹤1.1手心挂接.txt	蓝关	ljgp	ljgp	未知飞键、非音码或读音集合未覆盖；不猜测
鲸凉鹤1.1手心挂接.txt	揽件	ljjz	ljjz	未知飞键、非音码或读音集合未覆盖；不猜测
鲸凉鹤1.1手心挂接.txt	烂漫	ljmr	ljmr	未知飞键、非音码或读音集合未覆盖；不猜测
鲸凉鹤1.1手心挂接.txt	栏目	ljmx	ljmx	未知飞键、非音码或读音集合未覆盖；不猜测
鲸凉鹤1.1手心挂接.txt	蓝屏	ljpb	ljpb	未知飞键、非音码或读音集合未覆盖；不猜测
鲸凉鹤1.1手心挂接.txt	蓝皮	ljpe	ljpe	未知飞键、非音码或读音集合未覆盖；不猜测
鲸凉鹤1.1手心挂接.txt	蓝珀	ljps	ljps	未知飞键、非音码或读音集合未覆盖；不猜测
鲸凉鹤1.1手心挂接.txt	蓝屏	ljpx	ljpx	未知飞键、非音码或读音集合未覆盖；不猜测
鲸凉鹤1.1手心挂接.txt	蓝瓶	ljpx	ljpx	未知飞键、非音码或读音集合未覆盖；不猜测
鲸凉鹤1.1手心挂接.txt	兰若	ljre	ljre	未知飞键、非音码或读音集合未覆盖；不猜测
鲸凉鹤1.1手心挂接.txt	阑珊	ljus	ljus	未知飞键、非音码或读音集合未覆盖；不猜测
鲸凉鹤1.1手心挂接.txt	懒政	ljvk	ljvk	未知飞键、非音码或读音集合未覆盖；不猜测
鲸凉鹤1.1手心挂接.txt	蓝证	ljvk	ljvk	未知飞键、非音码或读音集合未覆盖；不猜测
鲸凉鹤1.1手心挂接.txt	蓝颜	ljyf	ljyf	未知飞键、非音码或读音集合未覆盖；不猜测
鲸凉鹤1.1手心挂接.txt	蓝眼	ljyf	ljyf	未知飞键、非音码或读音集合未覆盖；不猜测
鲸凉鹤1.1手心挂接.txt	蓝雨	ljyg	ljyg	未知飞键、非音码或读音集合未覆盖；不猜测
鲸凉鹤1.1手心挂接.txt	崚嶒	lkcg	lkcg	未知飞键、非音码或读音集合未覆盖；不猜测
鲸凉鹤1.1手心挂接.txt	另从	lkcl	lkcl	未知飞键、非音码或读音集合未覆盖；不猜测
鲸凉鹤1.1手心挂接.txt	领导	lkdl	lkdl	未知飞键、非音码或读音集合未覆盖；不猜测
鲸凉鹤1.1手心挂接.txt	领到	lkdl	lkdl	未知飞键、非音码或读音集合未覆盖；不猜测
鲸凉鹤1.1手心挂接.txt	灵龟	lkgi	lkgi	未知飞键、非音码或读音集合未覆盖；不猜测
鲸凉鹤1.1手心挂接.txt	领馆	lkgp	lkgp	未知飞键、非音码或读音集合未覆盖；不猜测
鲸凉鹤1.1手心挂接.txt	领劵	lkjr	lkjr	未知飞键、非音码或读音集合未覆盖；不猜测
鲸凉鹤1.1手心挂接.txt	零件	lkjz	lkjz	未知飞键、非音码或读音集合未覆盖；不猜测
鲸凉鹤1.1手心挂接.txt	令箭	lkjz	lkjz	未知飞键、非音码或读音集合未覆盖；不猜测
鲸凉鹤1.1手心挂接.txt	凌冽	lklf	lklf	未知飞键、非音码或读音集合未覆盖；不猜测
鲸凉鹤1.1手心挂接.txt	灵幔	lkmr	lkmr	未知飞键、非音码或读音集合未覆盖；不猜测
鲸凉鹤1.1手心挂接.txt	陵墓	lkmx	lkmx	未知飞键、非音码或读音集合未覆盖；不猜测
鲸凉鹤1.1手心挂接.txt	铃木	lkmx	lkmx	未知飞键、非音码或读音集合未覆盖；不猜测
鲸凉鹤1.1手心挂接.txt	岭南	lknz	lknz	未知飞键、非音码或读音集合未覆盖；不猜测
鲸凉鹤1.1手心挂接.txt	另辟	lkpe	lkpe	未知飞键、非音码或读音集合未覆盖；不猜测
鲸凉鹤1.1手心挂接.txt	零批	lkpe	lkpe	未知飞键、非音码或读音集合未覆盖；不猜测
鲸凉鹤1.1手心挂接.txt	灵魄	lkps	lkps	未知飞键、非音码或读音集合未覆盖；不猜测
鲸凉鹤1.1手心挂接.txt	伶俜	lkpx	lkpx	未知飞键、非音码或读音集合未覆盖；不猜测
鲸凉鹤1.1手心挂接.txt	灵山	lkus	lkus	未知飞键、非音码或读音集合未覆盖；不猜测
鲸凉鹤1.1手心挂接.txt	领证	lkvk	lkvk	未知飞键、非音码或读音集合未覆盖；不猜测
鲸凉鹤1.1手心挂接.txt	灵性	lkxl	lkxl	未知飞键、非音码或读音集合未覆盖；不猜测
鲸凉鹤1.1手心挂接.txt	领袖	lkxo	lkxo	未知飞键、非音码或读音集合未覆盖；不猜测
鲸凉鹤1.1手心挂接.txt	灵秀	lkxo	lkxo	未知飞键、非音码或读音集合未覆盖；不猜测
鲸凉鹤1.1手心挂接.txt	灵验	lkyf	lkyf	未知飞键、非音码或读音集合未覆盖；不猜测
鲸凉鹤1.1手心挂接.txt	另眼	lkyf	lkyf	未知飞键、非音码或读音集合未覆盖；不猜测
鲸凉鹤1.1手心挂接.txt	领域	lkyg	lkyg	未知飞键、非音码或读音集合未覆盖；不猜测
鲸凉鹤1.1手心挂接.txt	囹圄	lkyg	lkyg	未知飞键、非音码或读音集合未覆盖；不猜测
鲸凉鹤1.1手心挂接.txt	鲮鱼	lkyg	lkyg	未知飞键、非音码或读音集合未覆盖；不猜测
鲸凉鹤1.1手心挂接.txt	灵宗	lkzl	lkzl	未知飞键、非音码或读音集合未覆盖；不猜测
鲸凉鹤1.1手心挂接.txt	两道	lldl	lldl	未知飞键、非音码或读音集合未覆盖；不猜测
鲸凉鹤1.1手心挂接.txt	两刀	lldl	lldl	未知飞键、非音码或读音集合未覆盖；不猜测
鲸凉鹤1.1手心挂接.txt	粮道	lldl	lldl	未知飞键、非音码或读音集合未覆盖；不猜测
鲸凉鹤1.1手心挂接.txt	两打	lldw	lldw	未知飞键、非音码或读音集合未覆盖；不猜测
鲸凉鹤1.1手心挂接.txt	量规	llgi	llgi	未知飞键、非音码或读音集合未覆盖；不猜测
鲸凉鹤1.1手心挂接.txt	两规	llgi	llgi	未知飞键、非音码或读音集合未覆盖；不猜测
鲸凉鹤1.1手心挂接.txt	两罐	llgp	llgp	未知飞键、非音码或读音集合未覆盖；不猜测
鲸凉鹤1.1手心挂接.txt	两关	llgp	llgp	未知飞键、非音码或读音集合未覆盖；不猜测
鲸凉鹤1.1手心挂接.txt	两道	lljf	lljf	未知飞键、非音码或读音集合未覆盖；不猜测
鲸凉鹤1.1手心挂接.txt	两件	lljz	lljz	未知飞键、非音码或读音集合未覆盖；不猜测
鲸凉鹤1.1手心挂接.txt	两间	lljz	lljz	未知飞键、非音码或读音集合未覆盖；不猜测
鲸凉鹤1.1手心挂接.txt	两肩	lljz	lljz	未知飞键、非音码或读音集合未覆盖；不猜测
鲸凉鹤1.1手心挂接.txt	亮剑	lljz	lljz	未知飞键、非音码或读音集合未覆盖；不猜测
鲸凉鹤1.1手心挂接.txt	两列	lllf	lllf	未知飞键、非音码或读音集合未覆盖；不猜测
鲸凉鹤1.1手心挂接.txt	良母	llmx	llmx	未知飞键、非音码或读音集合未覆盖；不猜测
鲸凉鹤1.1手心挂接.txt	两亩	llmx	llmx	未知飞键、非音码或读音集合未覆盖；不猜测
鲸凉鹤1.1手心挂接.txt	两难	llnz	llnz	未知飞键、非音码或读音集合未覆盖；不猜测
鲸凉鹤1.1手心挂接.txt	凉皮	llpe	llpe	未知飞键、非音码或读音集合未覆盖；不猜测
鲸凉鹤1.1手心挂接.txt	两匹	llpe	llpe	未知飞键、非音码或读音集合未覆盖；不猜测
鲸凉鹤1.1手心挂接.txt	两批	llpe	llpe	未知飞键、非音码或读音集合未覆盖；不猜测
鲸凉鹤1.1手心挂接.txt	两瓶	llpx	llpx	未知飞键、非音码或读音集合未覆盖；不猜测
鲸凉鹤1.1手心挂接.txt	亮屏	llpx	llpx	未知飞键、非音码或读音集合未覆盖；不猜测
鲸凉鹤1.1手心挂接.txt	亮起	llqe	llqe	未知飞键、非音码或读音集合未覆盖；不猜测
鲸凉鹤1.1手心挂接.txt	两腿	lltl	lltl	未知飞键、非音码或读音集合未覆盖；不猜测
鲸凉鹤1.1手心挂接.txt	梁山	llus	llus	未知飞键、非音码或读音集合未覆盖；不猜测
鲸凉鹤1.1手心挂接.txt	良善	llus	llus	未知飞键、非音码或读音集合未覆盖；不猜测
鲸凉鹤1.1手心挂接.txt	两证	llvk	llvk	未知飞键、非音码或读音集合未覆盖；不猜测
鲸凉鹤1.1手心挂接.txt	亮荘	llvl	llvl	未知飞键、非音码或读音集合未覆盖；不猜测
鲸凉鹤1.1手心挂接.txt	凉性	llxb	llxb	未知飞键、非音码或读音集合未覆盖；不猜测
鲸凉鹤1.1手心挂接.txt	两袖	llxo	llxo	未知飞键、非音码或读音集合未覆盖；不猜测
鲸凉鹤1.1手心挂接.txt	两眼	llyf	llyf	未知飞键、非音码或读音集合未覆盖；不猜测
鲸凉鹤1.1手心挂接.txt	亮眼	llyf	llyf	未知飞键、非音码或读音集合未覆盖；不猜测
鲸凉鹤1.1手心挂接.txt	良言	llyf	llyf	未知飞键、非音码或读音集合未覆盖；不猜测
鲸凉鹤1.1手心挂接.txt	梁宇	llyg	llyg	未知飞键、非音码或读音集合未覆盖；不猜测
鲸凉鹤1.1手心挂接.txt	连从	lmcl	lmcl	未知飞键、非音码或读音集合未覆盖；不猜测
鲸凉鹤1.1手心挂接.txt	镰刀	lmdl	lmdl	未知飞键、非音码或读音集合未覆盖；不猜测
鲸凉鹤1.1手心挂接.txt	练到	lmdl	lmdl	未知飞键、非音码或读音集合未覆盖；不猜测
鲸凉鹤1.1手心挂接.txt	连打	lmdw	lmdw	未知飞键、非音码或读音集合未覆盖；不猜测
鲸凉鹤1.1手心挂接.txt	连亘	lmgg	lmgg	未知飞键、非音码或读音集合未覆盖；不猜测
鲸凉鹤1.1手心挂接.txt	连贯	lmgp	lmgp	未知飞键、非音码或读音集合未覆盖；不猜测
鲸凉鹤1.1手心挂接.txt	连冠	lmgp	lmgp	未知飞键、非音码或读音集合未覆盖；不猜测
鲸凉鹤1.1手心挂接.txt	臁疮	lmil	lmil	未知飞键、非音码或读音集合未覆盖；不猜测
鲸凉鹤1.1手心挂接.txt	练剑	lmjz	lmjz	未知飞键、非音码或读音集合未覆盖；不猜测
鲸凉鹤1.1手心挂接.txt	帘幕	lmmx	lmmx	未知飞键、非音码或读音集合未覆盖；不猜测
鲸凉鹤1.1手心挂接.txt	恋母	lmmx	lmmx	未知飞键、非音码或读音集合未覆盖；不猜测
鲸凉鹤1.1手心挂接.txt	连南	lmnz	lmnz	未知飞键、非音码或读音集合未覆盖；不猜测
鲸凉鹤1.1手心挂接.txt	脸皮	lmpe	lmpe	未知飞键、非音码或读音集合未覆盖；不猜测
鲸凉鹤1.1手心挂接.txt	廉颇	lmps	lmps	未知飞键、非音码或读音集合未覆盖；不猜测
鲸凉鹤1.1手心挂接.txt	连平	lmpx	lmpx	未知飞键、非音码或读音集合未覆盖；不猜测
鲸凉鹤1.1手心挂接.txt	联袂	lmqt	lmqt	未知飞键、非音码或读音集合未覆盖；不猜测
鲸凉鹤1.1手心挂接.txt	练腿	lmtl	lmtl	未知飞键、非音码或读音集合未覆盖；不猜测
鲸凉鹤1.1手心挂接.txt	连退	lmtl	lmtl	未知飞键、非音码或读音集合未覆盖；不猜测
鲸凉鹤1.1手心挂接.txt	廉政	lmvk	lmvk	未知飞键、非音码或读音集合未覆盖；不猜测
鲸凉鹤1.1手心挂接.txt	连声	lmxg	lmxg	未知飞键、非音码或读音集合未覆盖；不猜测
鲸凉鹤1.1手心挂接.txt	连胜	lmxg	lmxg	未知飞键、非音码或读音集合未覆盖；不猜测
鲸凉鹤1.1手心挂接.txt	连升	lmxg	lmxg	未知飞键、非音码或读音集合未覆盖；不猜测
鲸凉鹤1.1手心挂接.txt	练声	lmxg	lmxg	未知飞键、非音码或读音集合未覆盖；不猜测
鲸凉鹤1.1手心挂接.txt	连休	lmxo	lmxo	未知飞键、非音码或读音集合未覆盖；不猜测
鲸凉鹤1.1手心挂接.txt	潋滟	lmyf	lmyf	未知飞键、非音码或读音集合未覆盖；不猜测
鲸凉鹤1.1手心挂接.txt	炼狱	lmyg	lmyg	未知飞键、非音码或读音集合未覆盖；不猜测
鲸凉鹤1.1手心挂接.txt	鲢鱼	lmyg	lmyg	未知飞键、非音码或读音集合未覆盖；不猜测
鲸凉鹤1.1手心挂接.txt	恋综	lmzl	lmzl	未知飞键、非音码或读音集合未覆盖；不猜测
鲸凉鹤1.1手心挂接.txt	料到	lndl	lndl	未知飞键、非音码或读音集合未覆盖；不猜测
鲸凉鹤1.1手心挂接.txt	撂倒	lndl	lndl	未知飞键、非音码或读音集合未覆盖；不猜测
鲸凉鹤1.1手心挂接.txt	聊到	lndl	lndl	未知飞键、非音码或读音集合未覆盖；不猜测
鲸凉鹤1.1手心挂接.txt	潦倒	lndl	lndl	未知飞键、非音码或读音集合未覆盖；不猜测
鲸凉鹤1.1手心挂接.txt	料管	lngp	lngp	未知飞键、非音码或读音集合未覆盖；不猜测
鲸凉鹤1.1手心挂接.txt	料件	lnjz	lnjz	未知飞键、非音码或读音集合未覆盖；不猜测
鲸凉鹤1.1手心挂接.txt	辽南	lnnz	lnnz	未知飞键、非音码或读音集合未覆盖；不猜测
鲸凉鹤1.1手心挂接.txt	撩起	lnqe	lnqe	未知飞键、非音码或读音集合未覆盖；不猜测
鲸凉鹤1.1手心挂接.txt	聊起	lnqe	lnqe	未知飞键、非音码或读音集合未覆盖；不猜测
鲸凉鹤1.1手心挂接.txt	了之	lnvp	lnvp	未知飞键、非音码或读音集合未覆盖；不猜测
鲸凉鹤1.1手心挂接.txt	廖燕	lnyf	lnyf	未知飞键、非音码或读音集合未覆盖；不猜测
鲸凉鹤1.1手心挂接.txt	疗愈	lnyg	lnyg	未知飞键、非音码或读音集合未覆盖；不猜测
鲸凉鹤1.1手心挂接.txt	落到	lodl	lodl	未知飞键、非音码或读音集合未覆盖；不猜测
鲸凉鹤1.1手心挂接.txt	裸归	logi	logi	未知飞键、非音码或读音集合未覆盖；不猜测
鲸凉鹤1.1手心挂接.txt	裸官	logp	logp	未知飞键、非音码或读音集合未覆盖；不猜测
鲸凉鹤1.1手心挂接.txt	罗裳	loih	loih	未知飞键、非音码或读音集合未覆盖；不猜测
鲸凉鹤1.1手心挂接.txt	罗建	lojz	lojz	未知飞键、非音码或读音集合未覆盖；不猜测
鲸凉鹤1.1手心挂接.txt	罗列	lolf	lolf	未知飞键、非音码或读音集合未覆盖；不猜测
鲸凉鹤1.1手心挂接.txt	落满	lomr	lomr	未知飞键、非音码或读音集合未覆盖；不猜测
鲸凉鹤1.1手心挂接.txt	罗曼	lomr	lomr	未知飞键、非音码或读音集合未覆盖；不猜测
鲸凉鹤1.1手心挂接.txt	落幕	lomx	lomx	未知飞键、非音码或读音集合未覆盖；不猜测
鲸凉鹤1.1手心挂接.txt	螺母	lomx	lomx	未知飞键、非音码或读音集合未覆盖；不猜测
鲸凉鹤1.1手心挂接.txt	落难	lonz	lonz	未知飞键、非音码或读音集合未覆盖；不猜测
鲸凉鹤1.1手心挂接.txt	裸男	lonz	lonz	未知飞键、非音码或读音集合未覆盖；不猜测
鲸凉鹤1.1手心挂接.txt	落魄	lops	lops	未知飞键、非音码或读音集合未覆盖；不猜测
鲸凉鹤1.1手心挂接.txt	裸退	lotl	lotl	未知飞键、非音码或读音集合未覆盖；不猜测
鲸凉鹤1.1手心挂接.txt	落山	lous	lous	未知飞键、非音码或读音集合未覆盖；不猜测
鲸凉鹤1.1手心挂接.txt	罗争	lovk	lovk	未知飞键、非音码或读音集合未覆盖；不猜测
鲸凉鹤1.1手心挂接.txt	裸眼	loyf	loyf	未知飞键、非音码或读音集合未覆盖；不猜测
鲸凉鹤1.1手心挂接.txt	落雁	loyf	loyf	未知飞键、非音码或读音集合未覆盖；不猜测
鲸凉鹤1.1手心挂接.txt	落雨	loyg	loyg	未知飞键、非音码或读音集合未覆盖；不猜测
鲸凉鹤1.1手心挂接.txt	罗总	lozl	lozl	未知飞键、非音码或读音集合未覆盖；不猜测
鲸凉鹤1.1手心挂接.txt	列岛	lpdl	lpdl	未知飞键、非音码或读音集合未覆盖；不猜测
鲸凉鹤1.1手心挂接.txt	猎刀	lpdl	lpdl	未知飞键、非音码或读音集合未覆盖；不猜测
鲸凉鹤1.1手心挂接.txt	烈山	lpus	lpus	未知飞键、非音码或读音集合未覆盖；不猜测
鲸凉鹤1.1手心挂接.txt	烈属	lpvu	lpvu	未知飞键、非音码或读音集合未覆盖；不猜测
鲸凉鹤1.1手心挂接.txt	烈焰	lpyf	lpyf	未知飞键、非音码或读音集合未覆盖；不猜测
鲸凉鹤1.1手心挂接.txt	猎艳	lpyf	lpyf	未知飞键、非音码或读音集合未覆盖；不猜测
鲸凉鹤1.1手心挂接.txt	烈炎	lpyf	lpyf	未知飞键、非音码或读音集合未覆盖；不猜测
鲸凉鹤1.1手心挂接.txt	列于	lpyg	lpyg	未知飞键、非音码或读音集合未覆盖；不猜测
鲸凉鹤1.1手心挂接.txt	猎食	lpyi	lpyi	未知飞键、非音码或读音集合未覆盖；不猜测
鲸凉鹤1.1手心挂接.txt	列宗	lpzl	lpzl	未知飞键、非音码或读音集合未覆盖；不猜测
鲸凉鹤1.1手心挂接.txt	流到	lqdl	lqdl	未知飞键、非音码或读音集合未覆盖；不猜测
鲸凉鹤1.1手心挂接.txt	留到	lqdl	lqdl	未知飞键、非音码或读音集合未覆盖；不猜测
鲸凉鹤1.1手心挂接.txt	溜到	lqdl	lqdl	未知飞键、非音码或读音集合未覆盖；不猜测
鲸凉鹤1.1手心挂接.txt	六道	lqdl	lqdl	未知飞键、非音码或读音集合未覆盖；不猜测
鲸凉鹤1.1手心挂接.txt	刘贵	lqgi	lqgi	未知飞键、非音码或读音集合未覆盖；不猜测
鲸凉鹤1.1手心挂接.txt	流管	lqgp	lqgp	未知飞键、非音码或读音集合未覆盖；不猜测
鲸凉鹤1.1手心挂接.txt	硫磺	lqhl	lqhl	未知飞键、非音码或读音集合未覆盖；不猜测
鲸凉鹤1.1手心挂接.txt	六道	lqjf	lqjf	未知飞键、非音码或读音集合未覆盖；不猜测
鲸凉鹤1.1手心挂接.txt	刘健	lqjz	lqjz	未知飞键、非音码或读音集合未覆盖；不猜测
鲸凉鹤1.1手心挂接.txt	六列	lqlf	lqlf	未知飞键、非音码或读音集合未覆盖；不猜测
鲸凉鹤1.1手心挂接.txt	刘曼	lqmr	lqmr	未知飞键、非音码或读音集合未覆盖；不猜测
鲸凉鹤1.1手心挂接.txt	柳木	lqmx	lqmx	未知飞键、非音码或读音集合未覆盖；不猜测
鲸凉鹤1.1手心挂接.txt	留难	lqnz	lqnz	未知飞键、非音码或读音集合未覆盖；不猜测
鲸凉鹤1.1手心挂接.txt	刘辟	lqpe	lqpe	未知飞键、非音码或读音集合未覆盖；不猜测
鲸凉鹤1.1手心挂接.txt	溜坡	lqps	lqps	未知飞键、非音码或读音集合未覆盖；不猜测
鲸凉鹤1.1手心挂接.txt	溜腿	lqtl	lqtl	未知飞键、非音码或读音集合未覆盖；不猜测
鲸凉鹤1.1手心挂接.txt	刘禅	lqus	lqus	未知飞键、非音码或读音集合未覆盖；不猜测
鲸凉鹤1.1手心挂接.txt	刘正	lqvk	lqvk	未知飞键、非音码或读音集合未覆盖；不猜测
鲸凉鹤1.1手心挂接.txt	溜之	lqvp	lqvp	未知飞键、非音码或读音集合未覆盖；不猜测
鲸凉鹤1.1手心挂接.txt	流向	lqxj	lqxj	未知飞键、非音码或读音集合未覆盖；不猜测
鲸凉鹤1.1手心挂接.txt	留言	lqyf	lqyf	未知飞键、非音码或读音集合未覆盖；不猜测
鲸凉鹤1.1手心挂接.txt	流言	lqyf	lqyf	未知飞键、非音码或读音集合未覆盖；不猜测
鲸凉鹤1.1手心挂接.txt	流域	lqyg	lqyg	未知飞键、非音码或读音集合未覆盖；不猜测
鲸凉鹤1.1手心挂接.txt	刘总	lqzl	lqzl	未知飞键、非音码或读音集合未覆盖；不猜测
鲸凉鹤1.1手心挂接.txt	乱刀	lrdl	lrdl	未知飞键、非音码或读音集合未覆盖；不猜测
鲸凉鹤1.1手心挂接.txt	乱到	lrdl	lrdl	未知飞键、非音码或读音集合未覆盖；不猜测
鲸凉鹤1.1手心挂接.txt	乱打	lrdw	lrdw	未知飞键、非音码或读音集合未覆盖；不猜测
鲸凉鹤1.1手心挂接.txt	乱箭	lrjz	lrjz	未知飞键、非音码或读音集合未覆盖；不猜测
鲸凉鹤1.1手心挂接.txt	乱建	lrjz	lrjz	未知飞键、非音码或读音集合未覆盖；不猜测
鲸凉鹤1.1手心挂接.txt	滦南	lrnz	lrnz	未知飞键、非音码或读音集合未覆盖；不猜测
鲸凉鹤1.1手心挂接.txt	乱批	lrpe	lrpe	未知飞键、非音码或读音集合未覆盖；不猜测
鲸凉鹤1.1手心挂接.txt	乱劈	lrpe	lrpe	未知飞键、非音码或读音集合未覆盖；不猜测
鲸凉鹤1.1手心挂接.txt	滦平	lrpx	lrpx	未知飞键、非音码或读音集合未覆盖；不猜测
鲸凉鹤1.1手心挂接.txt	乱推	lrtl	lrtl	未知飞键、非音码或读音集合未覆盖；不猜测
鲸凉鹤1.1手心挂接.txt	乱删	lrus	lrus	未知飞键、非音码或读音集合未覆盖；不猜测
鲸凉鹤1.1手心挂接.txt	乱整	lrvk	lrvk	未知飞键、非音码或读音集合未覆盖；不猜测
鲸凉鹤1.1手心挂接.txt	銮舆	lryg	lryg	未知飞键、非音码或读音集合未覆盖；不猜测
鲸凉鹤1.1手心挂接.txt	茏葱	lscl	lscl	未知飞键、非音码或读音集合未覆盖；不猜测
鲸凉鹤1.1手心挂接.txt	珑璁	lscl	lscl	未知飞键、非音码或读音集合未覆盖；不猜测
鲸凉鹤1.1手心挂接.txt	龙龟	lsgi	lsgi	未知飞键、非音码或读音集合未覆盖；不猜测
鲸凉鹤1.1手心挂接.txt	龙冠	lsgp	lsgp	未知飞键、非音码或读音集合未覆盖；不猜测
鲸凉鹤1.1手心挂接.txt	龙剑	lsjz	lsjz	未知飞键、非音码或读音集合未覆盖；不猜测
鲸凉鹤1.1手心挂接.txt	龙猎	lslf	lslf	未知飞键、非音码或读音集合未覆盖；不猜测
鲸凉鹤1.1手心挂接.txt	陇亩	lsmx	lsmx	未知飞键、非音码或读音集合未覆盖；不猜测
鲸凉鹤1.1手心挂接.txt	龙母	lsmx	lsmx	未知飞键、非音码或读音集合未覆盖；不猜测
鲸凉鹤1.1手心挂接.txt	龙墓	lsmx	lsmx	未知飞键、非音码或读音集合未覆盖；不猜测
鲸凉鹤1.1手心挂接.txt	龙破	lsps	lsps	未知飞键、非音码或读音集合未覆盖；不猜测
鲸凉鹤1.1手心挂接.txt	龙婆	lsps	lsps	未知飞键、非音码或读音集合未覆盖；不猜测
鲸凉鹤1.1手心挂接.txt	龙平	lspx	lspx	未知飞键、非音码或读音集合未覆盖；不猜测
鲸凉鹤1.1手心挂接.txt	隆起	lsqe	lsqe	未知飞键、非音码或读音集合未覆盖；不猜测
鲸凉鹤1.1手心挂接.txt	尨茸	lsrs	lsrs	未知飞键、非音码或读音集合未覆盖；不猜测
鲸凉鹤1.1手心挂接.txt	龙山	lsus	lsus	未知飞键、非音码或读音集合未覆盖；不猜测
鲸凉鹤1.1手心挂接.txt	龙正	lsvk	lsvk	未知飞键、非音码或读音集合未覆盖；不猜测
鲸凉鹤1.1手心挂接.txt	龙之	lsvp	lsvp	未知飞键、非音码或读音集合未覆盖；不猜测
鲸凉鹤1.1手心挂接.txt	龙眼	lsyf	lsyf	未知飞键、非音码或读音集合未覆盖；不猜测
鲸凉鹤1.1手心挂接.txt	龙颜	lsyf	lsyf	未知飞键、非音码或读音集合未覆盖；不猜测
鲸凉鹤1.1手心挂接.txt	龙岩	lsyf	lsyf	未知飞键、非音码或读音集合未覆盖；不猜测
鲸凉鹤1.1手心挂接.txt	略屌	ltdn	ltdn	未知飞键、非音码或读音集合未覆盖；不猜测
鲸凉鹤1.1手心挂接.txt	略贵	ltgi	ltgi	未知飞键、非音码或读音集合未覆盖；不猜测
鲸凉鹤1.1手心挂接.txt	略慢	ltmr	ltmr	未知飞键、非音码或读音集合未覆盖；不猜测
鲸凉鹤1.1手心挂接.txt	略语	ltyg	ltyg	未知飞键、非音码或读音集合未覆盖；不猜测
鲸凉鹤1.1手心挂接.txt	录到	ludl	ludl	未知飞键、非音码或读音集合未覆盖；不猜测
鲸凉鹤1.1手心挂接.txt	露屌	ludn	ludn	未知飞键、非音码或读音集合未覆盖；不猜测
鲸凉鹤1.1手心挂接.txt	撸屌	ludn	ludn	未知飞键、非音码或读音集合未覆盖；不猜测
鲸凉鹤1.1手心挂接.txt	陆龟	lugi	lugi	未知飞键、非音码或读音集合未覆盖；不猜测
鲸凉鹤1.1手心挂接.txt	路轨	lugi	lugi	未知飞键、非音码或读音集合未覆盖；不猜测
鲸凉鹤1.1手心挂接.txt	撸管	lugp	lugp	未知飞键、非音码或读音集合未覆盖；不猜测
鲸凉鹤1.1手心挂接.txt	六合	luhe	luhe	未知飞键、非音码或读音集合未覆盖；不猜测
鲸凉鹤1.1手心挂接.txt	路肩	lujz	lujz	未知飞键、非音码或读音集合未覆盖；不猜测
鲸凉鹤1.1手心挂接.txt	胪列	lulf	lulf	未知飞键、非音码或读音集合未覆盖；不猜测
鲸凉鹤1.1手心挂接.txt	卢曼	lumr	lumr	未知飞键、非音码或读音集合未覆盖；不猜测
鲸凉鹤1.1手心挂接.txt	鲁南	lunz	lunz	未知飞键、非音码或读音集合未覆盖；不猜测
鲸凉鹤1.1手心挂接.txt	鹿皮	lupe	lupe	未知飞键、非音码或读音集合未覆盖；不猜测
鲸凉鹤1.1手心挂接.txt	录屏	lupx	lupx	未知飞键、非音码或读音集合未覆盖；不猜测
鲸凉鹤1.1手心挂接.txt	路平	lupx	lupx	未知飞键、非音码或读音集合未覆盖；不猜测
鲸凉鹤1.1手心挂接.txt	撸起	luqe	luqe	未知飞键、非音码或读音集合未覆盖；不猜测
鲸凉鹤1.1手心挂接.txt	露腿	lutl	lutl	未知飞键、非音码或读音集合未覆盖；不猜测
鲸凉鹤1.1手心挂接.txt	庐山	luus	luus	未知飞键、非音码或读音集合未覆盖；不猜测
鲸凉鹤1.1手心挂接.txt	鹿悆	luuu	luuu	未知飞键、非音码或读音集合未覆盖；不猜测
鲸凉鹤1.1手心挂接.txt	路政	luvk	luvk	未知飞键、非音码或读音集合未覆盖；不猜测
鲸凉鹤1.1手心挂接.txt	路演	luyf	luyf	未知飞键、非音码或读音集合未覆盖；不猜测
鲸凉鹤1.1手心挂接.txt	露眼	luyf	luyf	未知飞键、非音码或读音集合未覆盖；不猜测
鲸凉鹤1.1手心挂接.txt	鲈鱼	luyg	luyg	未知飞键、非音码或读音集合未覆盖；不猜测
鲸凉鹤1.1手心挂接.txt	路遇	luyg	luyg	未知飞键、非音码或读音集合未覆盖；不猜测
鲸凉鹤1.1手心挂接.txt	鲁豫	luyg	luyg	未知飞键、非音码或读音集合未覆盖；不猜测
鲸凉鹤1.1手心挂接.txt	绿丛	lvcl	lvcl	未知飞键、非音码或读音集合未覆盖；不猜测
鲸凉鹤1.1手心挂接.txt	绿岛	lvdl	lvdl	未知飞键、非音码或读音集合未覆盖；不猜测
鲸凉鹤1.1手心挂接.txt	驴屌	lvdn	lvdn	未知飞键、非音码或读音集合未覆盖；不猜测
鲸凉鹤1.1手心挂接.txt	绿鬼	lvgi	lvgi	未知飞键、非音码或读音集合未覆盖；不猜测
鲸凉鹤1.1手心挂接.txt	旅馆	lvgp	lvgp	未知飞键、非音码或读音集合未覆盖；不猜测
鲸凉鹤1.1手心挂接.txt	铝管	lvgp	lvgp	未知飞键、非音码或读音集合未覆盖；不猜测
鲸凉鹤1.1手心挂接.txt	绿箭	lvjz	lvjz	未知飞键、非音码或读音集合未覆盖；不猜测
鲸凉鹤1.1手心挂接.txt	氯碱	lvjz	lvjz	未知飞键、非音码或读音集合未覆盖；不猜测
鲸凉鹤1.1手心挂接.txt	吕楠	lvnz	lvnz	未知飞键、非音码或读音集合未覆盖；不猜测
鲸凉鹤1.1手心挂接.txt	绿皮	lvpe	lvpe	未知飞键、非音码或读音集合未覆盖；不猜测
鲸凉鹤1.1手心挂接.txt	铝皮	lvpe	lvpe	未知飞键、非音码或读音集合未覆盖；不猜测
鲸凉鹤1.1手心挂接.txt	绿屏	lvpx	lvpx	未知飞键、非音码或读音集合未覆盖；不猜测
鲸凉鹤1.1手心挂接.txt	绿瓶	lvpx	lvpx	未知飞键、非音码或读音集合未覆盖；不猜测
鲸凉鹤1.1手心挂接.txt	绿山	lvus	lvus	未知飞键、非音码或读音集合未覆盖；不猜测
鲸凉鹤1.1手心挂接.txt	律政	lvvk	lvvk	未知飞键、非音码或读音集合未覆盖；不猜测
鲸凉鹤1.1手心挂接.txt	闾阎	lvyf	lvyf	未知飞键、非音码或读音集合未覆盖；不猜测
鲸凉鹤1.1手心挂接.txt	吕总	lvzl	lvzl	未知飞键、非音码或读音集合未覆盖；不猜测
鲸凉鹤1.1手心挂接.txt	律宗	lvzl	lvzl	未知飞键、非音码或读音集合未覆盖；不猜测
鲸凉鹤1.1手心挂接.txt	累倒	lwdl	lwdl	未知飞键、非音码或读音集合未覆盖；不猜测
鲸凉鹤1.1手心挂接.txt	雷鬼	lwgi	lwgi	未知飞键、非音码或读音集合未覆盖；不猜测
鲸凉鹤1.1手心挂接.txt	雷管	lwgp	lwgp	未知飞键、非音码或读音集合未覆盖；不猜测
鲸凉鹤1.1手心挂接.txt	肋间	lwjz	lwjz	未知飞键、非音码或读音集合未覆盖；不猜测
鲸凉鹤1.1手心挂接.txt	勒掯	lwkf	lwkf	未知飞键、非音码或读音集合未覆盖；不猜测
鲸凉鹤1.1手心挂接.txt	雷曼	lwmr	lwmr	未知飞键、非音码或读音集合未覆盖；不猜测
鲸凉鹤1.1手心挂接.txt	泪目	lwmx	lwmx	未知飞键、非音码或读音集合未覆盖；不猜测
鲸凉鹤1.1手心挂接.txt	类目	lwmx	lwmx	未知飞键、非音码或读音集合未覆盖；不猜测
鲸凉鹤1.1手心挂接.txt	雷劈	lwpe	lwpe	未知飞键、非音码或读音集合未覆盖；不猜测
鲸凉鹤1.1手心挂接.txt	累屁	lwpe	lwpe	未知飞键、非音码或读音集合未覆盖；不猜测
鲸凉鹤1.1手心挂接.txt	雷平	lwpx	lwpx	未知飞键、非音码或读音集合未覆盖；不猜测
鲸凉鹤1.1手心挂接.txt	类推	lwtl	lwtl	未知飞键、非音码或读音集合未覆盖；不猜测
鲸凉鹤1.1手心挂接.txt	雷山	lwus	lwus	未知飞键、非音码或读音集合未覆盖；不猜测
鲸凉鹤1.1手心挂接.txt	泪眼	lwyf	lwyf	未知飞键、非音码或读音集合未覆盖；不猜测
鲸凉鹤1.1手心挂接.txt	雷雨	lwyg	lwyg	未知飞键、非音码或读音集合未覆盖；不猜测
鲸凉鹤1.1手心挂接.txt	泪雨	lwyg	lwyg	未知飞键、非音码或读音集合未覆盖；不猜测
鲸凉鹤1.1手心挂接.txt	雷总	lwzl	lwzl	未知飞键、非音码或读音集合未覆盖；不猜测
鲸凉鹤1.1手心挂接.txt	轮到	lydl	lydl	未知飞键、非音码或读音集合未覆盖；不猜测
鲸凉鹤1.1手心挂接.txt	论道	lydl	lydl	未知飞键、非音码或读音集合未覆盖；不猜测
鲸凉鹤1.1手心挂接.txt	轮轨	lygi	lygi	未知飞键、非音码或读音集合未覆盖；不猜测
鲸凉鹤1.1手心挂接.txt	轮奸	lyjz	lyjz	未知飞键、非音码或读音集合未覆盖；不猜测
鲸凉鹤1.1手心挂接.txt	论剑	lyjz	lyjz	未知飞键、非音码或读音集合未覆盖；不猜测
鲸凉鹤1.1手心挂接.txt	轮牧	lymx	lymx	未知飞键、非音码或读音集合未覆盖；不猜测
鲸凉鹤1.1手心挂接.txt	论难	lynz	lynz	未知飞键、非音码或读音集合未覆盖；不猜测
鲸凉鹤1.1手心挂接.txt	抡起	lyqe	lyqe	未知飞键、非音码或读音集合未覆盖；不猜测
鲸凉鹤1.1手心挂接.txt	论起	lyqe	lyqe	未知飞键、非音码或读音集合未覆盖；不猜测
鲸凉鹤1.1手心挂接.txt	论证	lyvk	lyvk	未知飞键、非音码或读音集合未覆盖；不猜测
鲸凉鹤1.1手心挂接.txt	轮休	lyxo	lyxo	未知飞键、非音码或读音集合未覆盖；不猜测
鲸凉鹤1.1手心挂接.txt	论语	lyyg	lyyg	未知飞键、非音码或读音集合未覆盖；不猜测
鲸凉鹤1.1手心挂接.txt	楼道	lzdl	lzdl	未知飞键、非音码或读音集合未覆盖；不猜测
鲸凉鹤1.1手心挂接.txt	漏打	lzdw	lzdw	未知飞键、非音码或读音集合未覆盖；不猜测
鲸凉鹤1.1手心挂接.txt	陋规	lzgi	lzgi	未知飞键、非音码或读音集合未覆盖；不猜测
鲸凉鹤1.1手心挂接.txt	楼管	lzgp	lzgp	未知飞键、非音码或读音集合未覆盖；不猜测
鲸凉鹤1.1手心挂接.txt	瘘管	lzgp	lzgp	未知飞键、非音码或读音集合未覆盖；不猜测
鲸凉鹤1.1手心挂接.txt	楼道	lzjf	lzjf	未知飞键、非音码或读音集合未覆盖；不猜测
鲸凉鹤1.1手心挂接.txt	露肩	lzjz	lzjz	未知飞键、非音码或读音集合未覆盖；不猜测
鲸凉鹤1.1手心挂接.txt	露腿	lztl	lztl	未知飞键、非音码或读音集合未覆盖；不猜测
鲸凉鹤1.1手心挂接.txt	娄山	lzus	lzus	未知飞键、非音码或读音集合未覆盖；不猜测
鲸凉鹤1.1手心挂接.txt	漏眼	lzyf	lzyf	未知飞键、非音码或读音集合未覆盖；不猜测
鲸凉鹤1.1手心挂接.txt	露眼	lzyf	lzyf	未知飞键、非音码或读音集合未覆盖；不猜测
鲸凉鹤1.1手心挂接.txt	楼宇	lzyg	lzyg	未知飞键、非音码或读音集合未覆盖；不猜测
鲸凉鹤1.1手心挂接.txt	漏雨	lzyg	lzyg	未知飞键、非音码或读音集合未覆盖；不猜测
鲸凉鹤1.1手心挂接.txt	骂呗	mabd	mabd	未知飞键、非音码或读音集合未覆盖；不猜测
鲸凉鹤1.1手心挂接.txt	妈屄	mabi	mabi	未知飞键、非音码或读音集合未覆盖；不猜测
鲸凉鹤1.1手心挂接.txt	骂道	madl	madl	未知飞键、非音码或读音集合未覆盖；不猜测
鲸凉鹤1.1手心挂接.txt	妈诶	maei	maei	未知飞键、非音码或读音集合未覆盖；不猜测
鲸凉鹤1.1手心挂接.txt	麻蕡	maff	maff	未知飞键、非音码或读音集合未覆盖；不猜测
鲸凉鹤1.1手心挂接.txt	孖份	maff	maff	未知飞键、非音码或读音集合未覆盖；不猜测
鲸凉鹤1.1手心挂接.txt	马贵	magi	magi	未知飞键、非音码或读音集合未覆盖；不猜测
鲸凉鹤1.1手心挂接.txt	马关	magp	magp	未知飞键、非音码或读音集合未覆盖；不猜测
鲸凉鹤1.1手心挂接.txt	马倌	magp	magp	未知飞键、非音码或读音集合未覆盖；不猜测
鲸凉鹤1.1手心挂接.txt	骂道	majf	majf	未知飞键、非音码或读音集合未覆盖；不猜测
鲸凉鹤1.1手心挂接.txt	马建	majz	majz	未知飞键、非音码或读音集合未覆盖；不猜测
鲸凉鹤1.1手心挂接.txt	马列	malf	malf	未知飞键、非音码或读音集合未覆盖；不猜测
鲸凉鹤1.1手心挂接.txt	麻木	mamx	mamx	未知飞键、非音码或读音集合未覆盖；不猜测
鲸凉鹤1.1手心挂接.txt	孖女	manv	manv	未知飞键、非音码或读音集合未覆盖；不猜测
鲸凉鹤1.1手心挂接.txt	马楠	manz	manz	未知飞键、非音码或读音集合未覆盖；不猜测
鲸凉鹤1.1手心挂接.txt	马匹	mape	mape	未知飞键、非音码或读音集合未覆盖；不猜测
鲸凉鹤1.1手心挂接.txt	马屁	mape	mape	未知飞键、非音码或读音集合未覆盖；不猜测
鲸凉鹤1.1手心挂接.txt	麻婆	maps	maps	未知飞键、非音码或读音集合未覆盖；不猜测
鲸凉鹤1.1手心挂接.txt	马坡	maps	maps	未知飞键、非音码或读音集合未覆盖；不猜测
鲸凉鹤1.1手心挂接.txt	马平	mapx	mapx	未知飞键、非音码或读音集合未覆盖；不猜测
鲸凉鹤1.1手心挂接.txt	骂起	maqe	maqe	未知飞键、非音码或读音集合未覆盖；不猜测
鲸凉鹤1.1手心挂接.txt	马腿	matl	matl	未知飞键、非音码或读音集合未覆盖；不猜测
鲸凉鹤1.1手心挂接.txt	孖拖	mato	mato	未知飞键、非音码或读音集合未覆盖；不猜测
鲸凉鹤1.1手心挂接.txt	孖生	maug	maug	未知飞键、非音码或读音集合未覆盖；不猜测
鲸凉鹤1.1手心挂接.txt	麻糬	mauu	mauu	未知飞键、非音码或读音集合未覆盖；不猜测
鲸凉鹤1.1手心挂接.txt	马征	mavk	mavk	未知飞键、非音码或读音集合未覆盖；不猜测
鲸凉鹤1.1手心挂接.txt	马修	maxo	maxo	未知飞键、非音码或读音集合未覆盖；不猜测
鲸凉鹤1.1手心挂接.txt	马燕	mayf	mayf	未知飞键、非音码或读音集合未覆盖；不猜测
鲸凉鹤1.1手心挂接.txt	马玉	mayg	mayg	未知飞键、非音码或读音集合未覆盖；不猜测
鲸凉鹤1.1手心挂接.txt	马鬃	mazl	mazl	未知飞键、非音码或读音集合未覆盖；不猜测
鲸凉鹤1.1手心挂接.txt	马总	mazl	mazl	未知飞键、非音码或读音集合未覆盖；不猜测
鲸凉鹤1.1手心挂接.txt	僶俛	mbfu	mbfu	未知飞键、非音码或读音集合未覆盖；不猜测
鲸凉鹤1.1手心挂接.txt	民间	mbjz	mbjz	未知飞键、非音码或读音集合未覆盖；不猜测
鲸凉鹤1.1手心挂接.txt	民建	mbjz	mbjz	未知飞键、非音码或读音集合未覆盖；不猜测
鲸凉鹤1.1手心挂接.txt	僶俛	mbmm	mbmm	未知飞键、非音码或读音集合未覆盖；不猜测
鲸凉鹤1.1手心挂接.txt	敏木	mbmx	mbmx	未知飞键、非音码或读音集合未覆盖；不猜测
鲸凉鹤1.1手心挂接.txt	闽南	mbnz	mbnz	未知飞键、非音码或读音集合未覆盖；不猜测
鲸凉鹤1.1手心挂接.txt	岷山	mbus	mbus	未知飞键、非音码或读音集合未覆盖；不猜测
鲸凉鹤1.1手心挂接.txt	民政	mbvk	mbvk	未知飞键、非音码或读音集合未覆盖；不猜测
鲸凉鹤1.1手心挂接.txt	民谚	mbyf	mbyf	未知飞键、非音码或读音集合未覆盖；不猜测
鲸凉鹤1.1手心挂接.txt	珉宇	mbyg	mbyg	未知飞键、非音码或读音集合未覆盖；不猜测
鲸凉鹤1.1手心挂接.txt	毛管	mcgp	mcgp	未知飞键、非音码或读音集合未覆盖；不猜测
鲸凉鹤1.1手心挂接.txt	冒尖	mcjz	mcjz	未知飞键、非音码或读音集合未覆盖；不猜测
鲸凉鹤1.1手心挂接.txt	毛尖	mcjz	mcjz	未知飞键、非音码或读音集合未覆盖；不猜测
鲸凉鹤1.1手心挂接.txt	冒咯	mclo	mclo	未知飞键、非音码或读音集合未覆盖；不猜测
鲸凉鹤1.1手心挂接.txt	毛姆	mcmx	mcmx	未知飞键、非音码或读音集合未覆盖；不猜测
鲸凉鹤1.1手心挂接.txt	犛牛	mcnq	mcnq	未知飞键、非音码或读音集合未覆盖；不猜测
鲸凉鹤1.1手心挂接.txt	茂南	mcnz	mcnz	未知飞键、非音码或读音集合未覆盖；不猜测
鲸凉鹤1.1手心挂接.txt	毛皮	mcpe	mcpe	未知飞键、非音码或读音集合未覆盖；不猜测
鲸凉鹤1.1手心挂接.txt	毛坯	mcpe	mcpe	未知飞键、非音码或读音集合未覆盖；不猜测
鲸凉鹤1.1手心挂接.txt	猫婆	mcps	mcps	未知飞键、非音码或读音集合未覆盖；不猜测
鲸凉鹤1.1手心挂接.txt	茅坪	mcpx	mcpx	未知飞键、非音码或读音集合未覆盖；不猜测
鲸凉鹤1.1手心挂接.txt	冒起	mcqe	mcqe	未知飞键、非音码或读音集合未覆盖；不猜测
鲸凉鹤1.1手心挂接.txt	毷氉	mcsc	mcsc	未知飞键、非音码或读音集合未覆盖；不猜测
鲸凉鹤1.1手心挂接.txt	毛腿	mctl	mctl	未知飞键、非音码或读音集合未覆盖；不猜测
鲸凉鹤1.1手心挂接.txt	茅山	mcus	mcus	未知飞键、非音码或读音集合未覆盖；不猜测
鲸凉鹤1.1手心挂接.txt	帽衫	mcus	mcus	未知飞键、非音码或读音集合未覆盖；不猜测
鲸凉鹤1.1手心挂接.txt	昴宿	mcxo	mcxo	未知飞键、非音码或读音集合未覆盖；不猜测
鲸凉鹤1.1手心挂接.txt	冒烟	mcyf	mcyf	未知飞键、非音码或读音集合未覆盖；不猜测
鲸凉鹤1.1手心挂接.txt	猫眼	mcyf	mcyf	未知飞键、非音码或读音集合未覆盖；不猜测
鲸凉鹤1.1手心挂接.txt	帽檐	mcyf	mcyf	未知飞键、非音码或读音集合未覆盖；不猜测
鲸凉鹤1.1手心挂接.txt	帽沿	mcyf	mcyf	未知飞键、非音码或读音集合未覆盖；不猜测
鲸凉鹤1.1手心挂接.txt	冒雨	mcyg	mcyg	未知飞键、非音码或读音集合未覆盖；不猜测
鲸凉鹤1.1手心挂接.txt	冇用	mcys	mcys	未知飞键、非音码或读音集合未覆盖；不猜测
鲸凉鹤1.1手心挂接.txt	卖葱	mdcl	mdcl	未知飞键、非音码或读音集合未覆盖；不猜测
鲸凉鹤1.1手心挂接.txt	迈从	mdcl	mdcl	未知飞键、非音码或读音集合未覆盖；不猜测
鲸凉鹤1.1手心挂接.txt	买到	mddl	mddl	未知飞键、非音码或读音集合未覆盖；不猜测
鲸凉鹤1.1手心挂接.txt	卖到	mddl	mddl	未知飞键、非音码或读音集合未覆盖；不猜测
鲸凉鹤1.1手心挂接.txt	埋到	mddl	mddl	未知飞键、非音码或读音集合未覆盖；不猜测
鲸凉鹤1.1手心挂接.txt	买贵	mdgi	mdgi	未知飞键、非音码或读音集合未覆盖；不猜测
鲸凉鹤1.1手心挂接.txt	买官	mdgp	mdgp	未知飞键、非音码或读音集合未覆盖；不猜测
鲸凉鹤1.1手心挂接.txt	卖官	mdgp	mdgp	未知飞键、非音码或读音集合未覆盖；不猜测
鲸凉鹤1.1手心挂接.txt	埋管	mdgp	mdgp	未知飞键、非音码或读音集合未覆盖；不猜测
鲸凉鹤1.1手心挂接.txt	买件	mdjz	mdjz	未知飞键、非音码或读音集合未覆盖；不猜测
鲸凉鹤1.1手心挂接.txt	买满	mdmr	mdmr	未知飞键、非音码或读音集合未覆盖；不猜测
鲸凉鹤1.1手心挂接.txt	霡霂	mdmu	mdmu	未知飞键、非音码或读音集合未覆盖；不猜测
鲸凉鹤1.1手心挂接.txt	霡霂	mdmx	mdmx	未知飞键、非音码或读音集合未覆盖；不猜测
鲸凉鹤1.1手心挂接.txt	卖批	mdpe	mdpe	未知飞键、非音码或读音集合未覆盖；不猜测
鲸凉鹤1.1手心挂接.txt	买瓶	mdpx	mdpx	未知飞键、非音码或读音集合未覆盖；不猜测
鲸凉鹤1.1手心挂接.txt	买证	mdvk	mdvk	未知飞键、非音码或读音集合未覆盖；不猜测
鲸凉鹤1.1手心挂接.txt	迈向	mdxj	mdxj	未知飞键、非音码或读音集合未覆盖；不猜测
鲸凉鹤1.1手心挂接.txt	买烟	mdyf	mdyf	未知飞键、非音码或读音集合未覆盖；不猜测
鲸凉鹤1.1手心挂接.txt	卖烟	mdyf	mdyf	未知飞键、非音码或读音集合未覆盖；不猜测
鲸凉鹤1.1手心挂接.txt	买眼	mdyf	mdyf	未知飞键、非音码或读音集合未覆盖；不猜测
鲸凉鹤1.1手心挂接.txt	卖鱼	mdyg	mdyg	未知飞键、非音码或读音集合未覆盖；不猜测
鲸凉鹤1.1手心挂接.txt	埋于	mdyg	mdyg	未知飞键、非音码或读音集合未覆盖；不猜测
鲸凉鹤1.1手心挂接.txt	么见	mejz	mejz	未知飞键、非音码或读音集合未覆盖；不猜测
鲸凉鹤1.1手心挂接.txt	门道	mfdl	mfdl	未知飞键、非音码或读音集合未覆盖；不猜测
鲸凉鹤1.1手心挂接.txt	门规	mfgi	mfgi	未知飞键、非音码或读音集合未覆盖；不猜测
鲸凉鹤1.1手心挂接.txt	门馆	mfgp	mfgp	未知飞键、非音码或读音集合未覆盖；不猜测
鲸凉鹤1.1手心挂接.txt	闷罐	mfgp	mfgp	未知飞键、非音码或读音集合未覆盖；不猜测
鲸凉鹤1.1手心挂接.txt	门道	mfjf	mfjf	未知飞键、非音码或读音集合未覆盖；不猜测
鲸凉鹤1.1手心挂接.txt	扪皮	mfpe	mfpe	未知飞键、非音码或读音集合未覆盖；不猜测
鲸凉鹤1.1手心挂接.txt	门扇	mfus	mfus	未知飞键、非音码或读音集合未覆盖；不猜测
鲸凉鹤1.1手心挂接.txt	焖鱼	mfyg	mfyg	未知飞键、非音码或读音集合未覆盖；不猜测
鲸凉鹤1.1手心挂接.txt	猛从	mgcl	mgcl	未知飞键、非音码或读音集合未覆盖；不猜测
鲸凉鹤1.1手心挂接.txt	梦到	mgdl	mgdl	未知飞键、非音码或读音集合未覆盖；不猜测
鲸凉鹤1.1手心挂接.txt	猛打	mgdw	mgdw	未知飞键、非音码或读音集合未覆盖；不猜测
鲸凉鹤1.1手心挂接.txt	猛鬼	mggi	mggi	未知飞键、非音码或读音集合未覆盖；不猜测
鲸凉鹤1.1手心挂接.txt	孟关	mggp	mggp	未知飞键、非音码或读音集合未覆盖；不猜测
鲸凉鹤1.1手心挂接.txt	萌囧	mgjs	mgjs	未知飞键、非音码或读音集合未覆盖；不猜测
鲸凉鹤1.1手心挂接.txt	梦见	mgjz	mgjz	未知飞键、非音码或读音集合未覆盖；不猜测
鲸凉鹤1.1手心挂接.txt	猛烈	mglf	mglf	未知飞键、非音码或读音集合未覆盖；不猜测
鲸凉鹤1.1手心挂接.txt	濛濛	mgmg	mgmg	未知飞键、非音码或读音集合未覆盖；不猜测
鲸凉鹤1.1手心挂接.txt	蒙曼	mgmr	mgmr	未知飞键、非音码或读音集合未覆盖；不猜测
鲸凉鹤1.1手心挂接.txt	猛男	mgnz	mgnz	未知飞键、非音码或读音集合未覆盖；不猜测
鲸凉鹤1.1手心挂接.txt	蒙难	mgnz	mgnz	未知飞键、非音码或读音集合未覆盖；不猜测
鲸凉鹤1.1手心挂接.txt	蒙皮	mgpe	mgpe	未知飞键、非音码或读音集合未覆盖；不猜测
鲸凉鹤1.1手心挂接.txt	孟婆	mgps	mgps	未知飞键、非音码或读音集合未覆盖；不猜测
鲸凉鹤1.1手心挂接.txt	孟平	mgpx	mgpx	未知飞键、非音码或读音集合未覆盖；不猜测
鲸凉鹤1.1手心挂接.txt	尨茸	mgrs	mgrs	未知飞键、非音码或读音集合未覆盖；不猜测
鲸凉鹤1.1手心挂接.txt	猛推	mgtl	mgtl	未知飞键、非音码或读音集合未覆盖；不猜测
鲸凉鹤1.1手心挂接.txt	蒙山	mgus	mgus	未知飞键、非音码或读音集合未覆盖；不猜测
鲸凉鹤1.1手心挂接.txt	蒙正	mgvk	mgvk	未知飞键、非音码或读音集合未覆盖；不猜测
鲸凉鹤1.1手心挂接.txt	梦之	mgvp	mgvp	未知飞键、非音码或读音集合未覆盖；不猜测
鲸凉鹤1.1手心挂接.txt	蒙羞	mgxo	mgxo	未知飞键、非音码或读音集合未覆盖；不猜测
鲸凉鹤1.1手心挂接.txt	艋舺	mgxx	mgxx	未知飞键、非音码或读音集合未覆盖；不猜测
鲸凉鹤1.1手心挂接.txt	蒙犽	mgya	mgya	未知飞键、非音码或读音集合未覆盖；不猜测
鲸凉鹤1.1手心挂接.txt	梦魇	mgyf	mgyf	未知飞键、非音码或读音集合未覆盖；不猜测
鲸凉鹤1.1手心挂接.txt	蒙眼	mgyf	mgyf	未知飞键、非音码或读音集合未覆盖；不猜测
鲸凉鹤1.1手心挂接.txt	蒙语	mgyg	mgyg	未知飞键、非音码或读音集合未覆盖；不猜测
鲸凉鹤1.1手心挂接.txt	盲从	mhcl	mhcl	未知飞键、非音码或读音集合未覆盖；不猜测
鲸凉鹤1.1手心挂接.txt	忙到	mhdl	mhdl	未知飞键、非音码或读音集合未覆盖；不猜测
鲸凉鹤1.1手心挂接.txt	盲打	mhdw	mhdw	未知飞键、非音码或读音集合未覆盖；不猜测
鲸凉鹤1.1手心挂接.txt	盲管	mhgp	mhgp	未知飞键、非音码或读音集合未覆盖；不猜测
鲸凉鹤1.1手心挂接.txt	忙咯	mhlo	mhlo	未知飞键、非音码或读音集合未覆盖；不猜测
鲸凉鹤1.1手心挂接.txt	盲目	mhmx	mhmx	未知飞键、非音码或读音集合未覆盖；不猜测
鲸凉鹤1.1手心挂接.txt	忙迫	mhps	mhps	未知飞键、非音码或读音集合未覆盖；不猜测
鲸凉鹤1.1手心挂接.txt	盲评	mhpx	mhpx	未知飞键、非音码或读音集合未覆盖；不猜测
鲸凉鹤1.1手心挂接.txt	邙山	mhus	mhus	未知飞键、非音码或读音集合未覆盖；不猜测
鲸凉鹤1.1手心挂接.txt	盲证	mhvk	mhvk	未知飞键、非音码或读音集合未覆盖；不猜测
鲸凉鹤1.1手心挂接.txt	忙向	mhxj	mhxj	未知飞键、非音码或读音集合未覆盖；不猜测
鲸凉鹤1.1手心挂接.txt	忙于	mhyg	mhyg	未知飞键、非音码或读音集合未覆盖；不猜测
鲸凉鹤1.1手心挂接.txt	密从	micl	micl	未知飞键、非音码或读音集合未覆盖；不猜测
鲸凉鹤1.1手心挂接.txt	密道	midl	midl	未知飞键、非音码或读音集合未覆盖；不猜测
鲸凉鹤1.1手心挂接.txt	迷倒	midl	midl	未知飞键、非音码或读音集合未覆盖；不猜测
鲸凉鹤1.1手心挂接.txt	秘道	midl	midl	未知飞键、非音码或读音集合未覆盖；不猜测
鲸凉鹤1.1手心挂接.txt	米轨	migi	migi	未知飞键、非音码或读音集合未覆盖；不猜测
鲸凉鹤1.1手心挂接.txt	蜜罐	migp	migp	未知飞键、非音码或读音集合未覆盖；不猜测
鲸凉鹤1.1手心挂接.txt	蜜桔	miju	miju	未知飞键、非音码或读音集合未覆盖；不猜测
鲸凉鹤1.1手心挂接.txt	蜜饯	mijz	mijz	未知飞键、非音码或读音集合未覆盖；不猜测
鲸凉鹤1.1手心挂接.txt	迷奸	mijz	mijz	未知飞键、非音码或读音集合未覆盖；不猜测
鲸凉鹤1.1手心挂接.txt	弥漫	mimr	mimr	未知飞键、非音码或读音集合未覆盖；不猜测
鲸凉鹤1.1手心挂接.txt	迷漫	mimr	mimr	未知飞键、非音码或读音集合未覆盖；不猜测
鲸凉鹤1.1手心挂接.txt	迷男	minz	minz	未知飞键、非音码或读音集合未覆盖；不猜测
鲸凉鹤1.1手心挂接.txt	米皮	mipe	mipe	未知飞键、非音码或读音集合未覆盖；不猜测
鲸凉鹤1.1手心挂接.txt	敉平	mipx	mipx	未知飞键、非音码或读音集合未覆盖；不猜测
鲸凉鹤1.1手心挂接.txt	眯起	miqe	miqe	未知飞键、非音码或读音集合未覆盖；不猜测
鲸凉鹤1.1手心挂接.txt	密山	mius	mius	未知飞键、非音码或读音集合未覆盖；不猜测
鲸凉鹤1.1手心挂接.txt	迷之	mivp	mivp	未知飞键、非音码或读音集合未覆盖；不猜测
鲸凉鹤1.1手心挂接.txt	密修	mixo	mixo	未知飞键、非音码或读音集合未覆盖；不猜测
鲸凉鹤1.1手心挂接.txt	眯眼	miyf	miyf	未知飞键、非音码或读音集合未覆盖；不猜测
鲸凉鹤1.1手心挂接.txt	迷眼	miyf	miyf	未知飞键、非音码或读音集合未覆盖；不猜测
鲸凉鹤1.1手心挂接.txt	谜语	miyg	miyg	未知飞键、非音码或读音集合未覆盖；不猜测
鲸凉鹤1.1手心挂接.txt	密语	miyg	miyg	未知飞键、非音码或读音集合未覆盖；不猜测
鲸凉鹤1.1手心挂接.txt	蜜语	miyg	miyg	未知飞键、非音码或读音集合未覆盖；不猜测
鲸凉鹤1.1手心挂接.txt	迷踪	mizl	mizl	未知飞键、非音码或读音集合未覆盖；不猜测
鲸凉鹤1.1手心挂接.txt	密宗	mizl	mizl	未知飞键、非音码或读音集合未覆盖；不猜测
鲸凉鹤1.1手心挂接.txt	慢道	mjdl	mjdl	未知飞键、非音码或读音集合未覆盖；不猜测
鲸凉鹤1.1手心挂接.txt	曼岛	mjdl	mjdl	未知飞键、非音码或读音集合未覆盖；不猜测
鲸凉鹤1.1手心挂接.txt	蛮屌	mjdn	mjdn	未知飞键、非音码或读音集合未覆盖；不猜测
鲸凉鹤1.1手心挂接.txt	漫灌	mjgp	mjgp	未知飞键、非音码或读音集合未覆盖；不猜测
鲸凉鹤1.1手心挂接.txt	满贯	mjgp	mjgp	未知飞键、非音码或读音集合未覆盖；不猜测
鲸凉鹤1.1手心挂接.txt	漫囧	mjjs	mjjs	未知飞键、非音码或读音集合未覆盖；不猜测
鲸凉鹤1.1手心挂接.txt	满减	mjjz	mjjz	未知飞键、非音码或读音集合未覆盖；不猜测
鲸凉鹤1.1手心挂接.txt	慢件	mjjz	mjjz	未知飞键、非音码或读音集合未覆盖；不猜测
鲸凉鹤1.1手心挂接.txt	满目	mjmx	mjmx	未知飞键、非音码或读音集合未覆盖；不猜测
鲸凉鹤1.1手心挂接.txt	蛮难	mjnz	mjnz	未知飞键、非音码或读音集合未覆盖；不猜测
鲸凉鹤1.1手心挂接.txt	满破	mjps	mjps	未知飞键、非音码或读音集合未覆盖；不猜测
鲸凉鹤1.1手心挂接.txt	慢坡	mjps	mjps	未知飞键、非音码或读音集合未覆盖；不猜测
鲸凉鹤1.1手心挂接.txt	满屏	mjpx	mjpx	未知飞键、非音码或读音集合未覆盖；不猜测
鲸凉鹤1.1手心挂接.txt	满山	mjus	mjus	未知飞键、非音码或读音集合未覆盖；不猜测
鲸凉鹤1.1手心挂接.txt	漫山	mjus	mjus	未知飞键、非音码或读音集合未覆盖；不猜测
鲸凉鹤1.1手心挂接.txt	满修	mjxo	mjxo	未知飞键、非音码或读音集合未覆盖；不猜测
鲸凉鹤1.1手心挂接.txt	蔓延	mjyf	mjyf	未知飞键、非音码或读音集合未覆盖；不猜测
鲸凉鹤1.1手心挂接.txt	满眼	mjyf	mjyf	未知飞键、非音码或读音集合未覆盖；不猜测
鲸凉鹤1.1手心挂接.txt	漫延	mjyf	mjyf	未知飞键、非音码或读音集合未覆盖；不猜测
鲸凉鹤1.1手心挂接.txt	鳗鱼	mjyg	mjyg	未知飞键、非音码或读音集合未覆盖；不猜测
鲸凉鹤1.1手心挂接.txt	慢于	mjyg	mjyg	未知飞键、非音码或读音集合未覆盖；不猜测
鲸凉鹤1.1手心挂接.txt	满语	mjyg	mjyg	未知飞键、非音码或读音集合未覆盖；不猜测
鲸凉鹤1.1手心挂接.txt	名导	mkdl	mkdl	未知飞键、非音码或读音集合未覆盖；不猜测
鲸凉鹤1.1手心挂接.txt	名刀	mkdl	mkdl	未知飞键、非音码或读音集合未覆盖；不猜测
鲸凉鹤1.1手心挂接.txt	明道	mkdl	mkdl	未知飞键、非音码或读音集合未覆盖；不猜测
鲸凉鹤1.1手心挂接.txt	名贵	mkgi	mkgi	未知飞键、非音码或读音集合未覆盖；不猜测
鲸凉鹤1.1手心挂接.txt	命官	mkgp	mkgp	未知飞键、非音码或读音集合未覆盖；不猜测
鲸凉鹤1.1手心挂接.txt	明道	mkjf	mkjf	未知飞键、非音码或读音集合未覆盖；不猜测
鲸凉鹤1.1手心挂接.txt	明鉴	mkjz	mkjz	未知飞键、非音码或读音集合未覆盖；不猜测
鲸凉鹤1.1手心挂接.txt	名剑	mkjz	mkjz	未知飞键、非音码或读音集合未覆盖；不猜测
鲸凉鹤1.1手心挂接.txt	明见	mkjz	mkjz	未知飞键、非音码或读音集合未覆盖；不猜测
鲸凉鹤1.1手心挂接.txt	命贱	mkjz	mkjz	未知飞键、非音码或读音集合未覆盖；不猜测
鲸凉鹤1.1手心挂接.txt	名尅	mkkw	mkkw	未知飞键、非音码或读音集合未覆盖；不猜测
鲸凉鹤1.1手心挂接.txt	名列	mklf	mklf	未知飞键、非音码或读音集合未覆盖；不猜测
鲸凉鹤1.1手心挂接.txt	溟濛	mkmg	mkmg	未知飞键、非音码或读音集合未覆盖；不猜测
鲸凉鹤1.1手心挂接.txt	名目	mkmx	mkmx	未知飞键、非音码或读音集合未覆盖；不猜测
鲸凉鹤1.1手心挂接.txt	瞑目	mkmx	mkmx	未知飞键、非音码或读音集合未覆盖；不猜测
鲸凉鹤1.1手心挂接.txt	明目	mkmx	mkmx	未知飞键、非音码或读音集合未覆盖；不猜测
鲸凉鹤1.1手心挂接.txt	名山	mkus	mkus	未知飞键、非音码或读音集合未覆盖；不猜测
鲸凉鹤1.1手心挂接.txt	榠楂	mkva	mkva	未知飞键、非音码或读音集合未覆盖；不猜测
鲸凉鹤1.1手心挂接.txt	明证	mkvk	mkvk	未知飞键、非音码或读音集合未覆盖；不猜测
鲸凉鹤1.1手心挂接.txt	明秀	mkxo	mkxo	未知飞键、非音码或读音集合未覆盖；不猜测
鲸凉鹤1.1手心挂接.txt	名言	mkyf	mkyf	未知飞键、非音码或读音集合未覆盖；不猜测
鲸凉鹤1.1手心挂接.txt	明艳	mkyf	mkyf	未知飞键、非音码或读音集合未覆盖；不猜测
鲸凉鹤1.1手心挂接.txt	名誉	mkyg	mkyg	未知飞键、非音码或读音集合未覆盖；不猜测
鲸凉鹤1.1手心挂接.txt	棉衣	mmei	mmei	未知飞键、非音码或读音集合未覆盖；不猜测
鲸凉鹤1.1手心挂接.txt	免贵	mmgi	mmgi	未知飞键、非音码或读音集合未覆盖；不猜测
鲸凉鹤1.1手心挂接.txt	面馆	mmgp	mmgp	未知飞键、非音码或读音集合未覆盖；不猜测
鲸凉鹤1.1手心挂接.txt	免冠	mmgp	mmgp	未知飞键、非音码或读音集合未覆盖；不猜测
鲸凉鹤1.1手心挂接.txt	免检	mmjz	mmjz	未知飞键、非音码或读音集合未覆盖；不猜测
鲸凉鹤1.1手心挂接.txt	面见	mmjz	mmjz	未知飞键、非音码或读音集合未覆盖；不猜测
鲸凉鹤1.1手心挂接.txt	面目	mmmx	mmmx	未知飞键、非音码或读音集合未覆盖；不猜测
鲸凉鹤1.1手心挂接.txt	面皮	mmpe	mmpe	未知飞键、非音码或读音集合未覆盖；不猜测
鲸凉鹤1.1手心挂接.txt	面屏	mmpx	mmpx	未知飞键、非音码或读音集合未覆盖；不猜测
鲸凉鹤1.1手心挂接.txt	面洽	mmqo	mmqo	未知飞键、非音码或读音集合未覆盖；不猜测
鲸凉鹤1.1手心挂接.txt	面善	mmus	mmus	未知飞键、非音码或读音集合未覆盖；不猜测
鲸凉鹤1.1手心挂接.txt	没输	mmuu	mmuu	未知飞键、非音码或读音集合未覆盖；不猜测
鲸凉鹤1.1手心挂接.txt	免征	mmvk	mmvk	未知飞键、非音码或读音集合未覆盖；不猜测
鲸凉鹤1.1手心挂接.txt	面向	mmxj	mmxj	未知飞键、非音码或读音集合未覆盖；不猜测
鲸凉鹤1.1手心挂接.txt	免修	mmxo	mmxo	未知飞键、非音码或读音集合未覆盖；不猜测
鲸凉鹤1.1手心挂接.txt	绵延	mmyf	mmyf	未知飞键、非音码或读音集合未覆盖；不猜测
鲸凉鹤1.1手心挂接.txt	免于	mmyg	mmyg	未知飞键、非音码或读音集合未覆盖；不猜测
鲸凉鹤1.1手心挂接.txt	秒到	mndl	mndl	未知飞键、非音码或读音集合未覆盖；不猜测
鲸凉鹤1.1手心挂接.txt	妙道	mndl	mndl	未知飞键、非音码或读音集合未覆盖；不猜测
鲸凉鹤1.1手心挂接.txt	秒鬼	mngi	mngi	未知飞键、非音码或读音集合未覆盖；不猜测
鲸凉鹤1.1手心挂接.txt	廟街	mnjp	mnjp	未知飞键、非音码或读音集合未覆盖；不猜测
鲸凉鹤1.1手心挂接.txt	谬论	mnly	mnly	未知飞键、非音码或读音集合未覆盖；不猜测
鲸凉鹤1.1手心挂接.txt	妙曼	mnmr	mnmr	未知飞键、非音码或读音集合未覆盖；不猜测
鲸凉鹤1.1手心挂接.txt	秒男	mnnz	mnnz	未知飞键、非音码或读音集合未覆盖；不猜测
鲸凉鹤1.1手心挂接.txt	秒批	mnpe	mnpe	未知飞键、非音码或读音集合未覆盖；不猜测
鲸凉鹤1.1手心挂接.txt	秒评	mnpx	mnpx	未知飞键、非音码或读音集合未覆盖；不猜测
鲸凉鹤1.1手心挂接.txt	秒退	mntl	mntl	未知飞键、非音码或读音集合未覆盖；不猜测
鲸凉鹤1.1手心挂接.txt	秒删	mnus	mnus	未知飞键、非音码或读音集合未覆盖；不猜测
鲸凉鹤1.1手心挂接.txt	妙善	mnus	mnus	未知飞键、非音码或读音集合未覆盖；不猜测
鲸凉鹤1.1手心挂接.txt	秒之	mnvp	mnvp	未知飞键、非音码或读音集合未覆盖；不猜测
鲸凉鹤1.1手心挂接.txt	瞄向	mnxj	mnxj	未知飞键、非音码或读音集合未覆盖；不猜测
鲸凉鹤1.1手心挂接.txt	妙言	mnyf	mnyf	未知飞键、非音码或读音集合未覆盖；不猜测
鲸凉鹤1.1手心挂接.txt	庙宇	mnyg	mnyg	未知飞键、非音码或读音集合未覆盖；不猜测
鲸凉鹤1.1手心挂接.txt	妙语	mnyg	mnyg	未知飞键、非音码或读音集合未覆盖；不猜测
鲸凉鹤1.1手心挂接.txt	摸到	modl	modl	未知飞键、非音码或读音集合未覆盖；不猜测
鲸凉鹤1.1手心挂接.txt	磨刀	modl	modl	未知飞键、非音码或读音集合未覆盖；不猜测
鲸凉鹤1.1手心挂接.txt	魔道	modl	modl	未知飞键、非音码或读音集合未覆盖；不猜测
鲸凉鹤1.1手心挂接.txt	莫道	modl	modl	未知飞键、非音码或读音集合未覆盖；不猜测
鲸凉鹤1.1手心挂接.txt	魔鬼	mogi	mogi	未知飞键、非音码或读音集合未覆盖；不猜测
鲸凉鹤1.1手心挂接.txt	莫管	mogp	mogp	未知飞键、非音码或读音集合未覆盖；不猜测
鲸凉鹤1.1手心挂接.txt	魔道	mojf	mojf	未知飞键、非音码或读音集合未覆盖；不猜测
鲸凉鹤1.1手心挂接.txt	莫道	mojf	mojf	未知飞键、非音码或读音集合未覆盖；不猜测
鲸凉鹤1.1手心挂接.txt	魔剑	mojz	mojz	未知飞键、非音码或读音集合未覆盖；不猜测
鲸凉鹤1.1手心挂接.txt	磨剑	mojz	mojz	未知飞键、非音码或读音集合未覆盖；不猜测
鲸凉鹤1.1手心挂接.txt	魔漫	momr	momr	未知飞键、非音码或读音集合未覆盖；不猜测
鲸凉鹤1.1手心挂接.txt	陌暮	momx	momx	未知飞键、非音码或读音集合未覆盖；不猜测
鲸凉鹤1.1手心挂接.txt	磨难	monz	monz	未知飞键、非音码或读音集合未覆盖；不猜测
鲸凉鹤1.1手心挂接.txt	漠南	monz	monz	未知飞键、非音码或读音集合未覆盖；不猜测
鲸凉鹤1.1手心挂接.txt	磨破	mops	mops	未知飞键、非音码或读音集合未覆盖；不猜测
鲸凉鹤1.1手心挂接.txt	磨皮	mopx	mopx	未知飞键、非音码或读音集合未覆盖；不猜测
鲸凉鹤1.1手心挂接.txt	抹平	mopx	mopx	未知飞键、非音码或读音集合未覆盖；不猜测
鲸凉鹤1.1手心挂接.txt	磨平	mopx	mopx	未知飞键、非音码或读音集合未覆盖；不猜测
鲸凉鹤1.1手心挂接.txt	魔瓶	mopx	mopx	未知飞键、非音码或读音集合未覆盖；不猜测
鲸凉鹤1.1手心挂接.txt	摸腿	motl	motl	未知飞键、非音码或读音集合未覆盖；不猜测
鲸凉鹤1.1手心挂接.txt	嚤佗	moto	moto	未知飞键、非音码或读音集合未覆盖；不猜测
鲸凉鹤1.1手心挂接.txt	磨山	mous	mous	未知飞键、非音码或读音集合未覆盖；不猜测
鲸凉鹤1.1手心挂接.txt	魔怔	movk	movk	未知飞键、非音码或读音集合未覆盖；不猜测
鲸凉鹤1.1手心挂接.txt	莫邪	moye	moye	未知飞键、非音码或读音集合未覆盖；不猜测
鲸凉鹤1.1手心挂接.txt	莫言	moyf	moyf	未知飞键、非音码或读音集合未覆盖；不猜测
鲸凉鹤1.1手心挂接.txt	摸眼	moyf	moyf	未知飞键、非音码或读音集合未覆盖；不猜测
鲸凉鹤1.1手心挂接.txt	摸鱼	moyg	moyg	未知飞键、非音码或读音集合未覆盖；不猜测
鲸凉鹤1.1手心挂接.txt	魔芋	moyg	moyg	未知飞键、非音码或读音集合未覆盖；不猜测
鲸凉鹤1.1手心挂接.txt	墨鱼	moyg	moyg	未知飞键、非音码或读音集合未覆盖；不猜测
鲸凉鹤1.1手心挂接.txt	魔域	moyg	moyg	未知飞键、非音码或读音集合未覆盖；不猜测
鲸凉鹤1.1手心挂接.txt	魔宗	mozl	mozl	未知飞键、非音码或读音集合未覆盖；不猜测
鲸凉鹤1.1手心挂接.txt	蠛蝶	mpdp	mpdp	未知飞键、非音码或读音集合未覆盖；不猜测
鲸凉鹤1.1手心挂接.txt	蠛蠓	mpmg	mpmg	未知飞键、非音码或读音集合未覆盖；不猜测
鲸凉鹤1.1手心挂接.txt	灭屏	mppx	mppx	未知飞键、非音码或读音集合未覆盖；不猜测
鲸凉鹤1.1手心挂接.txt	乜嘢	mpye	mpye	未知飞键、非音码或读音集合未覆盖；不猜测
鲸凉鹤1.1手心挂接.txt	慢啊	mraa	mraa	未知飞键、非音码或读音集合未覆盖；不猜测
鲸凉鹤1.1手心挂接.txt	曼巴	mrba	mrba	未知飞键、非音码或读音集合未覆盖；不猜测
鲸凉鹤1.1手心挂接.txt	满鬓	mrbb	mrbb	未知飞键、非音码或读音集合未覆盖；不猜测
鲸凉鹤1.1手心挂接.txt	瞒报	mrbc	mrbc	未知飞键、非音码或读音集合未覆盖；不猜测
鲸凉鹤1.1手心挂接.txt	满百	mrbd	mrbd	未知飞键、非音码或读音集合未覆盖；不猜测
鲸凉鹤1.1手心挂接.txt	满帮	mrbh	mrbh	未知飞键、非音码或读音集合未覆盖；不猜测
鲸凉鹤1.1手心挂接.txt	漫笔	mrbi	mrbi	未知飞键、非音码或读音集合未覆盖；不猜测
鲸凉鹤1.1手心挂接.txt	慢板	mrbj	mrbj	未知飞键、非音码或读音集合未覆盖；不猜测
鲸凉鹤1.1手心挂接.txt	慢病	mrbk	mrbk	未知飞键、非音码或读音集合未覆盖；不猜测
鲸凉鹤1.1手心挂接.txt	满编	mrbm	mrbm	未知飞键、非音码或读音集合未覆盖；不猜测
鲸凉鹤1.1手心挂接.txt	满标	mrbn	mrbn	未知飞键、非音码或读音集合未覆盖；不猜测
鲸凉鹤1.1手心挂接.txt	曼波	mrbo	mrbo	未知飞键、非音码或读音集合未覆盖；不猜测
鲸凉鹤1.1手心挂接.txt	漫步	mrbu	mrbu	未知飞键、非音码或读音集合未覆盖；不猜测
鲸凉鹤1.1手心挂接.txt	慢步	mrbu	mrbu	未知飞键、非音码或读音集合未覆盖；不猜测
鲸凉鹤1.1手心挂接.txt	满布	mrbu	mrbu	未知飞键、非音码或读音集合未覆盖；不猜测
鲸凉鹤1.1手心挂接.txt	满杯	mrbw	mrbw	未知飞键、非音码或读音集合未覆盖；不猜测
鲸凉鹤1.1手心挂接.txt	蔓草	mrcc	mrcc	未知飞键、非音码或读音集合未覆盖；不猜测
鲸凉鹤1.1手心挂接.txt	满层	mrcg	mrcg	未知飞键、非音码或读音集合未覆盖；不猜测
鲸凉鹤1.1手心挂接.txt	满仓	mrch	mrch	未知飞键、非音码或读音集合未覆盖；不猜测
鲸凉鹤1.1手心挂接.txt	满次	mrci	mrci	未知飞键、非音码或读音集合未覆盖；不猜测
鲸凉鹤1.1手心挂接.txt	蛮惨	mrcj	mrcj	未知飞键、非音码或读音集合未覆盖；不猜测
鲸凉鹤1.1手心挂接.txt	蛮大	mrda	mrda	未知飞键、非音码或读音集合未覆盖；不猜测
鲸凉鹤1.1手心挂接.txt	慢待	mrdd	mrdd	未知飞键、非音码或读音集合未覆盖；不猜测
鲸凉鹤1.1手心挂接.txt	慢的	mrde	mrde	未知飞键、非音码或读音集合未覆盖；不猜测
鲸凉鹤1.1手心挂接.txt	满的	mrde	mrde	未知飞键、非音码或读音集合未覆盖；不猜测
鲸凉鹤1.1手心挂接.txt	慢得	mrde	mrde	未知飞键、非音码或读音集合未覆盖；不猜测
鲸凉鹤1.1手心挂接.txt	满当	mrdh	mrdh	未知飞键、非音码或读音集合未覆盖；不猜测
鲸凉鹤1.1手心挂接.txt	满地	mrdi	mrdi	未知飞键、非音码或读音集合未覆盖；不猜测
鲸凉鹤1.1手心挂接.txt	曼丹	mrdj	mrdj	未知飞键、非音码或读音集合未覆盖；不猜测
鲸凉鹤1.1手心挂接.txt	慢道	mrdl	mrdl	未知飞键、非音码或读音集合未覆盖；不猜测
鲸凉鹤1.1手心挂接.txt	曼岛	mrdl	mrdl	未知飞键、非音码或读音集合未覆盖；不猜测
鲸凉鹤1.1手心挂接.txt	慢点	mrdm	mrdm	未知飞键、非音码或读音集合未覆盖；不猜测
鲸凉鹤1.1手心挂接.txt	满电	mrdm	mrdm	未知飞键、非音码或读音集合未覆盖；不猜测
鲸凉鹤1.1手心挂接.txt	蛮吊	mrdn	mrdn	未知飞键、非音码或读音集合未覆盖；不猜测
鲸凉鹤1.1手心挂接.txt	蛮屌	mrdn	mrdn	未知飞键、非音码或读音集合未覆盖；不猜测
鲸凉鹤1.1手心挂接.txt	蛮多	mrdo	mrdo	未知飞键、非音码或读音集合未覆盖；不猜测
鲸凉鹤1.1手心挂接.txt	满多	mrdo	mrdo	未知飞键、非音码或读音集合未覆盖；不猜测
鲸凉鹤1.1手心挂接.txt	满舵	mrdo	mrdo	未知飞键、非音码或读音集合未覆盖；不猜测
鲸凉鹤1.1手心挂接.txt	满段	mrdr	mrdr	未知飞键、非音码或读音集合未覆盖；不猜测
鲸凉鹤1.1手心挂接.txt	蛮懂	mrds	mrds	未知飞键、非音码或读音集合未覆盖；不猜测
鲸凉鹤1.1手心挂接.txt	曼度	mrdu	mrdu	未知飞键、非音码或读音集合未覆盖；不猜测
鲸凉鹤1.1手心挂接.txt	蛮对	mrdv	mrdv	未知飞键、非音码或读音集合未覆盖；不猜测
鲸凉鹤1.1手心挂接.txt	慢炖	mrdy	mrdy	未知飞键、非音码或读音集合未覆盖；不猜测
鲸凉鹤1.1手心挂接.txt	满兜	mrdz	mrdz	未知飞键、非音码或读音集合未覆盖；不猜测
鲸凉鹤1.1手心挂接.txt	满额	mree	mree	未知飞键、非音码或读音集合未覆盖；不猜测
鲸凉鹤1.1手心挂接.txt	曼恩	mren	mren	未知飞键、非音码或读音集合未覆盖；不猜测
鲸凉鹤1.1手心挂接.txt	曼儿	mrer	mrer	未知飞键、非音码或读音集合未覆盖；不猜测
鲸凉鹤1.1手心挂接.txt	满分	mrff	mrff	未知飞键、非音码或读音集合未覆盖；不猜测
鲸凉鹤1.1手心挂接.txt	满凤	mrfg	mrfg	未知飞键、非音码或读音集合未覆盖；不猜测
鲸凉鹤1.1手心挂接.txt	慢放	mrfh	mrfh	未知飞键、非音码或读音集合未覆盖；不猜测
鲸凉鹤1.1手心挂接.txt	满帆	mrfj	mrfj	未知飞键、非音码或读音集合未覆盖；不猜测
鲸凉鹤1.1手心挂接.txt	满腹	mrfu	mrfu	未知飞键、非音码或读音集合未覆盖；不猜测
鲸凉鹤1.1手心挂接.txt	曼菲	mrfw	mrfw	未知飞键、非音码或读音集合未覆盖；不猜测
鲸凉鹤1.1手心挂接.txt	蛮高	mrgc	mrgc	未知飞键、非音码或读音集合未覆盖；不猜测
鲸凉鹤1.1手心挂接.txt	漫改	mrgd	mrgd	未知飞键、非音码或读音集合未覆盖；不猜测
鲸凉鹤1.1手心挂接.txt	慢歌	mrge	mrge	未知飞键、非音码或读音集合未覆盖；不猜测
鲸凉鹤1.1手心挂接.txt	满格	mrge	mrge	未知飞键、非音码或读音集合未覆盖；不猜测
鲸凉鹤1.1手心挂接.txt	蛮干	mrgj	mrgj	未知飞键、非音码或读音集合未覆盖；不猜测
鲸凉鹤1.1手心挂接.txt	蛮乖	mrgk	mrgk	未知飞键、非音码或读音集合未覆盖；不猜测
鲸凉鹤1.1手心挂接.txt	漫过	mrgo	mrgo	未知飞键、非音码或读音集合未覆盖；不猜测
鲸凉鹤1.1手心挂接.txt	瞒过	mrgo	mrgo	未知飞键、非音码或读音集合未覆盖；不猜测
鲸凉鹤1.1手心挂接.txt	漫灌	mrgp	mrgp	未知飞键、非音码或读音集合未覆盖；不猜测
鲸凉鹤1.1手心挂接.txt	满贯	mrgp	mrgp	未知飞键、非音码或读音集合未覆盖；不猜测
鲸凉鹤1.1手心挂接.txt	漫灌	mrgr	mrgr	未知飞键、非音码或读音集合未覆盖；不猜测
鲸凉鹤1.1手心挂接.txt	满贯	mrgr	mrgr	未知飞键、非音码或读音集合未覆盖；不猜测
鲸凉鹤1.1手心挂接.txt	慢工	mrgs	mrgs	未知飞键、非音码或读音集合未覆盖；不猜测
鲸凉鹤1.1手心挂接.txt	满弓	mrgs	mrgs	未知飞键、非音码或读音集合未覆盖；不猜测
鲸凉鹤1.1手心挂接.txt	曼谷	mrgu	mrgu	未知飞键、非音码或读音集合未覆盖；不猜测
鲸凉鹤1.1手心挂接.txt	曼哈	mrha	mrha	未知飞键、非音码或读音集合未覆盖；不猜测
鲸凉鹤1.1手心挂接.txt	蛮好	mrhc	mrhc	未知飞键、非音码或读音集合未覆盖；不猜测
鲸凉鹤1.1手心挂接.txt	满好	mrhc	mrhc	未知飞键、非音码或读音集合未覆盖；不猜测
鲸凉鹤1.1手心挂接.txt	慢嗨	mrhd	mrhd	未知飞键、非音码或读音集合未覆盖；不猜测
鲸凉鹤1.1手心挂接.txt	慢合	mrhe	mrhe	未知飞键、非音码或读音集合未覆盖；不猜测
鲸凉鹤1.1手心挂接.txt	蛮狠	mrhf	mrhf	未知飞键、非音码或读音集合未覆盖；不猜测
鲸凉鹤1.1手心挂接.txt	蛮横	mrhg	mrhg	未知飞键、非音码或读音集合未覆盖；不猜测
鲸凉鹤1.1手心挂接.txt	满含	mrhj	mrhj	未知飞键、非音码或读音集合未覆盖；不猜测
鲸凉鹤1.1手心挂接.txt	颟顸	mrhj	mrhj	未知飞键、非音码或读音集合未覆盖；不猜测
鲸凉鹤1.1手心挂接.txt	满汉	mrhj	mrhj	未知飞键、非音码或读音集合未覆盖；不猜测
鲸凉鹤1.1手心挂接.txt	满怀	mrhk	mrhk	未知飞键、非音码或读音集合未覆盖；不猜测
鲸凉鹤1.1手心挂接.txt	蛮荒	mrhl	mrhl	未知飞键、非音码或读音集合未覆盖；不猜测
鲸凉鹤1.1手心挂接.txt	慢火	mrho	mrho	未知飞键、非音码或读音集合未覆盖；不猜测
鲸凉鹤1.1手心挂接.txt	蛮火	mrho	mrho	未知飞键、非音码或读音集合未覆盖；不猜测
鲸凉鹤1.1手心挂接.txt	漫漶	mrhr	mrhr	未知飞键、非音码或读音集合未覆盖；不猜测
鲸凉鹤1.1手心挂接.txt	瞒哄	mrhs	mrhs	未知飞键、非音码或读音集合未覆盖；不猜测
鲸凉鹤1.1手心挂接.txt	蛮会	mrhv	mrhv	未知飞键、非音码或读音集合未覆盖；不猜测
鲸凉鹤1.1手心挂接.txt	漫画	mrhx	mrhx	未知飞键、非音码或读音集合未覆盖；不猜测
鲸凉鹤1.1手心挂接.txt	满昏	mrhy	mrhy	未知飞键、非音码或读音集合未覆盖；不猜测
鲸凉鹤1.1手心挂接.txt	蛮厚	mrhz	mrhz	未知飞键、非音码或读音集合未覆盖；不猜测
鲸凉鹤1.1手心挂接.txt	蛮差	mria	mria	未知飞键、非音码或读音集合未覆盖；不猜测
鲸凉鹤1.1手心挂接.txt	满朝	mric	mric	未知飞键、非音码或读音集合未覆盖；不猜测
鲸凉鹤1.1手心挂接.txt	满潮	mric	mric	未知飞键、非音码或读音集合未覆盖；不猜测
鲸凉鹤1.1手心挂接.txt	满车	mrie	mrie	未知飞键、非音码或读音集合未覆盖；不猜测
鲸凉鹤1.1手心挂接.txt	慢车	mrie	mrie	未知飞键、非音码或读音集合未覆盖；不猜测
鲸凉鹤1.1手心挂接.txt	满城	mrig	mrig	未知飞键、非音码或读音集合未覆盖；不猜测
鲸凉鹤1.1手心挂接.txt	漫长	mrih	mrih	未知飞键、非音码或读音集合未覆盖；不猜测
鲸凉鹤1.1手心挂接.txt	满场	mrih	mrih	未知飞键、非音码或读音集合未覆盖；不猜测
鲸凉鹤1.1手心挂接.txt	蛮长	mrih	mrih	未知飞键、非音码或读音集合未覆盖；不猜测
鲸凉鹤1.1手心挂接.txt	慢吃	mrii	mrii	未知飞键、非音码或读音集合未覆盖；不猜测
鲸凉鹤1.1手心挂接.txt	蛮缠	mrij	mrij	未知飞键、非音码或读音集合未覆盖；不猜测
鲸凉鹤1.1手心挂接.txt	满船	mrir	mrir	未知飞键、非音码或读音集合未覆盖；不猜测
鲸凉鹤1.1手心挂接.txt	漫川	mrir	mrir	未知飞键、非音码或读音集合未覆盖；不猜测
鲸凉鹤1.1手心挂接.txt	螨虫	mris	mris	未知飞键、非音码或读音集合未覆盖；不猜测
鲸凉鹤1.1手心挂接.txt	慢充	mris	mris	未知飞键、非音码或读音集合未覆盖；不猜测
鲸凉鹤1.1手心挂接.txt	满处	mriu	mriu	未知飞键、非音码或读音集合未覆盖；不猜测
鲸凉鹤1.1手心挂接.txt	漫出	mriu	mriu	未知飞键、非音码或读音集合未覆盖；不猜测
鲸凉鹤1.1手心挂接.txt	蛮锤	mriv	mriv	未知飞键、非音码或读音集合未覆盖；不猜测
鲸凉鹤1.1手心挂接.txt	满春	mriy	mriy	未知飞键、非音码或读音集合未覆盖；不猜测
鲸凉鹤1.1手心挂接.txt	满抽	mriz	mriz	未知飞键、非音码或读音集合未覆盖；不猜测
鲸凉鹤1.1手心挂接.txt	蛮劲	mrjb	mrjb	未知飞键、非音码或读音集合未覆盖；不猜测
鲸凉鹤1.1手心挂接.txt	蛮近	mrjb	mrjb	未知飞键、非音码或读音集合未覆盖；不猜测
鲸凉鹤1.1手心挂接.txt	蛮紧	mrjb	mrjb	未知飞键、非音码或读音集合未覆盖；不猜测
鲸凉鹤1.1手心挂接.txt	满级	mrji	mrji	未知飞键、非音码或读音集合未覆盖；不猜测
鲸凉鹤1.1手心挂接.txt	蛮急	mrji	mrji	未知飞键、非音码或读音集合未覆盖；不猜测
鲸凉鹤1.1手心挂接.txt	满绩	mrji	mrji	未知飞键、非音码或读音集合未覆盖；不猜测
鲸凉鹤1.1手心挂接.txt	满江	mrjl	mrjl	未知飞键、非音码或读音集合未覆盖；不猜测
鲸凉鹤1.1手心挂接.txt	满减	mrjm	mrjm	未知飞键、非音码或读音集合未覆盖；不猜测
鲸凉鹤1.1手心挂接.txt	慢件	mrjm	mrjm	未知飞键、非音码或读音集合未覆盖；不猜测
鲸凉鹤1.1手心挂接.txt	蛮叫	mrjn	mrjn	未知飞键、非音码或读音集合未覆盖；不猜测
鲸凉鹤1.1手心挂接.txt	满街	mrjp	mrjp	未知飞键、非音码或读音集合未覆盖；不猜测
鲸凉鹤1.1手心挂接.txt	蛮久	mrjq	mrjq	未知飞键、非音码或读音集合未覆盖；不猜测
鲸凉鹤1.1手心挂接.txt	漫卷	mrjr	mrjr	未知飞键、非音码或读音集合未覆盖；不猜测
鲸凉鹤1.1手心挂接.txt	漫囧	mrjs	mrjs	未知飞键、非音码或读音集合未覆盖；不猜测
鲸凉鹤1.1手心挂接.txt	漫剧	mrju	mrju	未知飞键、非音码或读音集合未覆盖；不猜测
鲸凉鹤1.1手心挂接.txt	蛮假	mrjx	mrjx	未知飞键、非音码或读音集合未覆盖；不猜测
鲸凉鹤1.1手心挂接.txt	满减	mrjz	mrjz	未知飞键、非音码或读音集合未覆盖；不猜测
鲸凉鹤1.1手心挂接.txt	慢件	mrjz	mrjz	未知飞键、非音码或读音集合未覆盖；不猜测
鲸凉鹤1.1手心挂接.txt	满卡	mrka	mrka	未知飞键、非音码或读音集合未覆盖；不猜测
鲸凉鹤1.1手心挂接.txt	满开	mrkd	mrkd	未知飞键、非音码或读音集合未覆盖；不猜测
鲸凉鹤1.1手心挂接.txt	满课	mrke	mrke	未知飞键、非音码或读音集合未覆盖；不猜测
鲸凉鹤1.1手心挂接.txt	慢看	mrkj	mrkj	未知飞键、非音码或读音集合未覆盖；不猜测
鲸凉鹤1.1手心挂接.txt	蛮快	mrkk	mrkk	未知飞键、非音码或读音集合未覆盖；不猜测
鲸凉鹤1.1手心挂接.txt	蛮空	mrks	mrks	未知飞键、非音码或读音集合未覆盖；不猜测
鲸凉鹤1.1手心挂接.txt	蛮酷	mrku	mrku	未知飞键、非音码或读音集合未覆盖；不猜测
鲸凉鹤1.1手心挂接.txt	曼昆	mrky	mrky	未知飞键、非音码或读音集合未覆盖；不猜测
鲸凉鹤1.1手心挂接.txt	满口	mrkz	mrkz	未知飞键、非音码或读音集合未覆盖；不猜测
鲸凉鹤1.1手心挂接.txt	曼琳	mrlb	mrlb	未知飞键、非音码或读音集合未覆盖；不猜测
鲸凉鹤1.1手心挂接.txt	满了	mrle	mrle	未知飞键、非音码或读音集合未覆盖；不猜测
鲸凉鹤1.1手心挂接.txt	慢了	mrle	mrle	未知飞键、非音码或读音集合未覆盖；不猜测
鲸凉鹤1.1手心挂接.txt	蛮冷	mrlg	mrlg	未知飞键、非音码或读音集合未覆盖；不猜测
鲸凉鹤1.1手心挂接.txt	蛮力	mrli	mrli	未知飞键、非音码或读音集合未覆盖；不猜测
鲸凉鹤1.1手心挂接.txt	满蓝	mrlj	mrlj	未知飞键、非音码或读音集合未覆盖；不猜测
鲸凉鹤1.1手心挂接.txt	蛮灵	mrlk	mrlk	未知飞键、非音码或读音集合未覆盖；不猜测
鲸凉鹤1.1手心挂接.txt	满脸	mrlm	mrlm	未知飞键、非音码或读音集合未覆盖；不猜测
鲸凉鹤1.1手心挂接.txt	曼联	mrlm	mrlm	未知飞键、非音码或读音集合未覆盖；不猜测
鲸凉鹤1.1手心挂接.txt	慢聊	mrln	mrln	未知飞键、非音码或读音集合未覆盖；不猜测
鲸凉鹤1.1手心挂接.txt	漫流	mrlq	mrlq	未知飞键、非音码或读音集合未覆盖；不猜测
鲸凉鹤1.1手心挂接.txt	满路	mrlu	mrlu	未知飞键、非音码或读音集合未覆盖；不猜测
鲸凉鹤1.1手心挂接.txt	满绿	mrlv	mrlv	未知飞键、非音码或读音集合未覆盖；不猜测
鲸凉鹤1.1手心挂接.txt	蛮累	mrlw	mrlw	未知飞键、非音码或读音集合未覆盖；不猜测
鲸凉鹤1.1手心挂接.txt	满楼	mrlz	mrlz	未知飞键、非音码或读音集合未覆盖；不猜测
鲸凉鹤1.1手心挂接.txt	谩骂	mrma	mrma	未知飞键、非音码或读音集合未覆盖；不猜测
鲸凉鹤1.1手心挂接.txt	漫猫	mrmc	mrmc	未知飞键、非音码或读音集合未覆盖；不猜测
鲸凉鹤1.1手心挂接.txt	满门	mrmf	mrmf	未知飞键、非音码或读音集合未覆盖；不猜测
鲸凉鹤1.1手心挂接.txt	蛮忙	mrmh	mrmh	未知飞键、非音码或读音集合未覆盖；不猜测
鲸凉鹤1.1手心挂接.txt	漫迷	mrmi	mrmi	未知飞键、非音码或读音集合未覆盖；不猜测
鲸凉鹤1.1手心挂接.txt	满面	mrmm	mrmm	未知飞键、非音码或读音集合未覆盖；不猜测
鲸凉鹤1.1手心挂接.txt	曼妙	mrmn	mrmn	未知飞键、非音码或读音集合未覆盖；不猜测
鲸凉鹤1.1手心挂接.txt	满魔	mrmo	mrmo	未知飞键、非音码或读音集合未覆盖；不猜测
鲸凉鹤1.1手心挂接.txt	慢慢	mrmr	mrmr	未知飞键、非音码或读音集合未覆盖；不猜测
鲸凉鹤1.1手心挂接.txt	满满	mrmr	mrmr	未知飞键、非音码或读音集合未覆盖；不猜测
鲸凉鹤1.1手心挂接.txt	漫漫	mrmr	mrmr	未知飞键、非音码或读音集合未覆盖；不猜测
鲸凉鹤1.1手心挂接.txt	满目	mrmu	mrmu	未知飞键、非音码或读音集合未覆盖；不猜测
鲸凉鹤1.1手心挂接.txt	满没	mrmw	mrmw	未知飞键、非音码或读音集合未覆盖；不猜测
鲸凉鹤1.1手心挂接.txt	满目	mrmx	mrmx	未知飞键、非音码或读音集合未覆盖；不猜测
鲸凉鹤1.1手心挂接.txt	曼娜	mrna	mrna	未知飞键、非音码或读音集合未覆盖；不猜测
鲸凉鹤1.1手心挂接.txt	满脑	mrnc	mrnc	未知飞键、非音码或读音集合未覆盖；不猜测
鲸凉鹤1.1手心挂接.txt	慢呢	mrne	mrne	未知飞键、非音码或读音集合未覆盖；不猜测
鲸凉鹤1.1手心挂接.txt	曼妮	mrni	mrni	未知飞键、非音码或读音集合未覆盖；不猜测
鲸凉鹤1.1手心挂接.txt	蛮难	mrnj	mrnj	未知飞键、非音码或读音集合未覆盖；不猜测
鲸凉鹤1.1手心挂接.txt	曼宁	mrnk	mrnk	未知飞键、非音码或读音集合未覆盖；不猜测
鲸凉鹤1.1手心挂接.txt	满娘	mrnl	mrnl	未知飞键、非音码或读音集合未覆盖；不猜测
鲸凉鹤1.1手心挂接.txt	曼诺	mrno	mrno	未知飞键、非音码或读音集合未覆盖；不猜测
鲸凉鹤1.1手心挂接.txt	蛮牛	mrnq	mrnq	未知飞键、非音码或读音集合未覆盖；不猜测
鲸凉鹤1.1手心挂接.txt	蛮难	mrnz	mrnz	未知飞键、非音码或读音集合未覆盖；不猜测
鲸凉鹤1.1手心挂接.txt	蛮怕	mrpa	mrpa	未知飞键、非音码或读音集合未覆盖；不猜测
鲸凉鹤1.1手心挂接.txt	蛮拼	mrpb	mrpb	未知飞键、非音码或读音集合未覆盖；不猜测
鲸凉鹤1.1手心挂接.txt	慢跑	mrpc	mrpc	未知飞键、非音码或读音集合未覆盖；不猜测
鲸凉鹤1.1手心挂接.txt	曼牌	mrpd	mrpd	未知飞键、非音码或读音集合未覆盖；不猜测
鲸凉鹤1.1手心挂接.txt	满盘	mrpj	mrpj	未知飞键、非音码或读音集合未覆盖；不猜测
鲸凉鹤1.1手心挂接.txt	满屏	mrpk	mrpk	未知飞键、非音码或读音集合未覆盖；不猜测
鲸凉鹤1.1手心挂接.txt	瞒骗	mrpm	mrpm	未知飞键、非音码或读音集合未覆盖；不猜测
鲸凉鹤1.1手心挂接.txt	满篇	mrpm	mrpm	未知飞键、非音码或读音集合未覆盖；不猜测
鲸凉鹤1.1手心挂接.txt	满票	mrpn	mrpn	未知飞键、非音码或读音集合未覆盖；不猜测
鲸凉鹤1.1手心挂接.txt	满破	mrpo	mrpo	未知飞键、非音码或读音集合未覆盖；不猜测
鲸凉鹤1.1手心挂接.txt	满破	mrps	mrps	未知飞键、非音码或读音集合未覆盖；不猜测
鲸凉鹤1.1手心挂接.txt	慢坡	mrps	mrps	未知飞键、非音码或读音集合未覆盖；不猜测
鲸凉鹤1.1手心挂接.txt	满铺	mrpu	mrpu	未知飞键、非音码或读音集合未覆盖；不猜测
鲸凉鹤1.1手心挂接.txt	满配	mrpw	mrpw	未知飞键、非音码或读音集合未覆盖；不猜测
鲸凉鹤1.1手心挂接.txt	满屏	mrpx	mrpx	未知飞键、非音码或读音集合未覆盖；不猜测
鲸凉鹤1.1手心挂接.txt	满勤	mrqb	mrqb	未知飞键、非音码或读音集合未覆盖；不猜测
鲸凉鹤1.1手心挂接.txt	满期	mrqi	mrqi	未知飞键、非音码或读音集合未覆盖；不猜测
鲸凉鹤1.1手心挂接.txt	满清	mrqk	mrqk	未知飞键、非音码或读音集合未覆盖；不猜测
鲸凉鹤1.1手心挂接.txt	满腔	mrql	mrql	未知飞键、非音码或读音集合未覆盖；不猜测
鲸凉鹤1.1手心挂接.txt	满潜	mrqm	mrqm	未知飞键、非音码或读音集合未覆盖；不猜测
鲸凉鹤1.1手心挂接.txt	蛮巧	mrqn	mrqn	未知飞键、非音码或读音集合未覆盖；不猜测
鲸凉鹤1.1手心挂接.txt	满秋	mrqq	mrqq	未知飞键、非音码或读音集合未覆盖；不猜测
鲸凉鹤1.1手心挂接.txt	漫圈	mrqr	mrqr	未知飞键、非音码或读音集合未覆盖；不猜测
鲸凉鹤1.1手心挂接.txt	蛮缺	mrqt	mrqt	未知飞键、非音码或读音集合未覆盖；不猜测
鲸凉鹤1.1手心挂接.txt	慢去	mrqu	mrqu	未知飞键、非音码或读音集合未覆盖；不猜测
鲸凉鹤1.1手心挂接.txt	慢热	mrre	mrre	未知飞键、非音码或读音集合未覆盖；不猜测
鲸凉鹤1.1手心挂接.txt	蛮热	mrre	mrre	未知飞键、非音码或读音集合未覆盖；不猜测
鲸凉鹤1.1手心挂接.txt	满人	mrrf	mrrf	未知飞键、非音码或读音集合未覆盖；不猜测
鲸凉鹤1.1手心挂接.txt	蛮人	mrrf	mrrf	未知飞键、非音码或读音集合未覆盖；不猜测
鲸凉鹤1.1手心挂接.txt	曼森	mrsf	mrsf	未知飞键、非音码或读音集合未覆盖；不猜测
鲸凉鹤1.1手心挂接.txt	慢死	mrsi	mrsi	未知飞键、非音码或读音集合未覆盖；不猜测
鲸凉鹤1.1手心挂接.txt	慢三	mrsj	mrsj	未知飞键、非音码或读音集合未覆盖；不猜测
鲸凉鹤1.1手心挂接.txt	蛮松	mrss	mrss	未知飞键、非音码或读音集合未覆盖；不猜测
鲸凉鹤1.1手心挂接.txt	慢速	mrsu	mrsu	未知飞键、非音码或读音集合未覆盖；不猜测
鲸凉鹤1.1手心挂接.txt	满速	mrsu	mrsu	未知飞键、非音码或读音集合未覆盖；不猜测
鲸凉鹤1.1手心挂接.txt	满岁	mrsv	mrsv	未知飞键、非音码或读音集合未覆盖；不猜测
鲸凉鹤1.1手心挂接.txt	瞒他	mrta	mrta	未知飞键、非音码或读音集合未覆盖；不猜测
鲸凉鹤1.1手心挂接.txt	瞒她	mrta	mrta	未知飞键、非音码或读音集合未覆盖；不猜测
鲸凉鹤1.1手心挂接.txt	瞒它	mrta	mrta	未知飞键、非音码或读音集合未覆盖；不猜测
鲸凉鹤1.1手心挂接.txt	曼特	mrte	mrte	未知飞键、非音码或读音集合未覆盖；不猜测
鲸凉鹤1.1手心挂接.txt	蔓藤	mrtg	mrtg	未知飞键、非音码或读音集合未覆盖；不猜测
鲸凉鹤1.1手心挂接.txt	满堂	mrth	mrth	未知飞键、非音码或读音集合未覆盖；不猜测
鲸凉鹤1.1手心挂接.txt	满体	mrti	mrti	未知飞键、非音码或读音集合未覆盖；不猜测
鲸凉鹤1.1手心挂接.txt	漫谈	mrtj	mrtj	未知飞键、非音码或读音集合未覆盖；不猜测
鲸凉鹤1.1手心挂接.txt	漫滩	mrtj	mrtj	未知飞键、非音码或读音集合未覆盖；不猜测
鲸凉鹤1.1手心挂接.txt	满婷	mrtk	mrtk	未知飞键、非音码或读音集合未覆盖；不猜测
鲸凉鹤1.1手心挂接.txt	满天	mrtm	mrtm	未知飞键、非音码或读音集合未覆盖；不猜测
鲸凉鹤1.1手心挂接.txt	漫天	mrtm	mrtm	未知飞键、非音码或读音集合未覆盖；不猜测
鲸凉鹤1.1手心挂接.txt	瞒天	mrtm	mrtm	未知飞键、非音码或读音集合未覆盖；不猜测
鲸凉鹤1.1手心挂接.txt	曼陀	mrto	mrto	未知飞键、非音码或读音集合未覆盖；不猜测
鲸凉鹤1.1手心挂接.txt	满图	mrtu	mrtu	未知飞键、非音码或读音集合未覆盖；不猜测
鲸凉鹤1.1手心挂接.txt	慢吞	mrty	mrty	未知飞键、非音码或读音集合未覆盖；不猜测
鲸凉鹤1.1手心挂接.txt	馒头	mrtz	mrtz	未知飞键、非音码或读音集合未覆盖；不猜测
鲸凉鹤1.1手心挂接.txt	满头	mrtz	mrtz	未知飞键、非音码或读音集合未覆盖；不猜测
鲸凉鹤1.1手心挂接.txt	蛮傻	mrua	mrua	未知飞键、非音码或读音集合未覆盖；不猜测
鲸凉鹤1.1手心挂接.txt	蛮少	mruc	mruc	未知飞键、非音码或读音集合未覆盖；不猜测
鲸凉鹤1.1手心挂接.txt	漫射	mrue	mrue	未知飞键、非音码或读音集合未覆盖；不猜测
鲸凉鹤1.1手心挂接.txt	满身	mruf	mruf	未知飞键、非音码或读音集合未覆盖；不猜测
鲸凉鹤1.1手心挂接.txt	曼声	mrug	mrug	未知飞键、非音码或读音集合未覆盖；不猜测
鲸凉鹤1.1手心挂接.txt	蔓生	mrug	mrug	未知飞键、非音码或读音集合未覆盖；不猜测
鲸凉鹤1.1手心挂接.txt	满上	mruh	mruh	未知飞键、非音码或读音集合未覆盖；不猜测
鲸凉鹤1.1手心挂接.txt	满是	mrui	mrui	未知飞键、非音码或读音集合未覆盖；不猜测
鲸凉鹤1.1手心挂接.txt	满山	mruj	mruj	未知飞键、非音码或读音集合未覆盖；不猜测
鲸凉鹤1.1手心挂接.txt	漫山	mruj	mruj	未知飞键、非音码或读音集合未覆盖；不猜测
鲸凉鹤1.1手心挂接.txt	蛮帅	mruk	mruk	未知飞键、非音码或读音集合未覆盖；不猜测
鲸凉鹤1.1手心挂接.txt	蛮爽	mrul	mrul	未知飞键、非音码或读音集合未覆盖；不猜测
鲸凉鹤1.1手心挂接.txt	慢说	mruo	mruo	未知飞键、非音码或读音集合未覆盖；不猜测
鲸凉鹤1.1手心挂接.txt	满山	mrus	mrus	未知飞键、非音码或读音集合未覆盖；不猜测
鲸凉鹤1.1手心挂接.txt	漫山	mrus	mrus	未知飞键、非音码或读音集合未覆盖；不猜测
鲸凉鹤1.1手心挂接.txt	蛮熟	mruu	mruu	未知飞键、非音码或读音集合未覆盖；不猜测
鲸凉鹤1.1手心挂接.txt	满树	mruu	mruu	未知飞键、非音码或读音集合未覆盖；不猜测
鲸凉鹤1.1手心挂接.txt	满水	mruv	mruv	未知飞键、非音码或读音集合未覆盖；不猜测
鲸凉鹤1.1手心挂接.txt	慢刷	mrux	mrux	未知飞键、非音码或读音集合未覆盖；不猜测
鲸凉鹤1.1手心挂接.txt	满手	mruz	mruz	未知飞键、非音码或读音集合未覆盖；不猜测
鲸凉鹤1.1手心挂接.txt	蛮兽	mruz	mruz	未知飞键、非音码或读音集合未覆盖；不猜测
鲸凉鹤1.1手心挂接.txt	瞒着	mrve	mrve	未知飞键、非音码或读音集合未覆盖；不猜测
鲸凉鹤1.1手心挂接.txt	慢着	mrve	mrve	未知飞键、非音码或读音集合未覆盖；不猜测
鲸凉鹤1.1手心挂接.txt	幔帐	mrvh	mrvh	未知飞键、非音码或读音集合未覆盖；不猜测
鲸凉鹤1.1手心挂接.txt	满值	mrvi	mrvi	未知飞键、非音码或读音集合未覆盖；不猜测
鲸凉鹤1.1手心挂接.txt	满纸	mrvi	mrvi	未知飞键、非音码或读音集合未覆盖；不猜测
鲸凉鹤1.1手心挂接.txt	慢志	mrvi	mrvi	未知飞键、非音码或读音集合未覆盖；不猜测
鲸凉鹤1.1手心挂接.txt	漫展	mrvj	mrvj	未知飞键、非音码或读音集合未覆盖；不猜测
鲸凉鹤1.1手心挂接.txt	满装	mrvl	mrvl	未知飞键、非音码或读音集合未覆盖；不猜测
鲸凉鹤1.1手心挂接.txt	满桌	mrvo	mrvo	未知飞键、非音码或读音集合未覆盖；不猜测
鲸凉鹤1.1手心挂接.txt	满转	mrvr	mrvr	未知飞键、非音码或读音集合未覆盖；不猜测
鲸凉鹤1.1手心挂接.txt	蛮重	mrvs	mrvs	未知飞键、非音码或读音集合未覆盖；不猜测
鲸凉鹤1.1手心挂接.txt	瞒住	mrvu	mrvu	未知飞键、非音码或读音集合未覆盖；不猜测
鲸凉鹤1.1手心挂接.txt	蛮准	mrvy	mrvy	未知飞键、非音码或读音集合未覆盖；不猜测
鲸凉鹤1.1手心挂接.txt	满洲	mrvz	mrvz	未知飞键、非音码或读音集合未覆盖；不猜测
鲸凉鹤1.1手心挂接.txt	满文	mrwf	mrwf	未知飞键、非音码或读音集合未覆盖；不猜测
鲸凉鹤1.1手心挂接.txt	蛮王	mrwh	mrwh	未知飞键、非音码或读音集合未覆盖；不猜测
鲸凉鹤1.1手心挂接.txt	蛮晚	mrwj	mrwj	未知飞键、非音码或读音集合未覆盖；不猜测
鲸凉鹤1.1手心挂接.txt	慢玩	mrwj	mrwj	未知飞键、非音码或读音集合未覆盖；不猜测
鲸凉鹤1.1手心挂接.txt	瞒我	mrwo	mrwo	未知飞键、非音码或读音集合未覆盖；不猜测
鲸凉鹤1.1手心挂接.txt	满屋	mrwu	mrwu	未知飞键、非音码或读音集合未覆盖；不猜测
鲸凉鹤1.1手心挂接.txt	漫无	mrwu	mrwu	未知飞键、非音码或读音集合未覆盖；不猜测
鲸凉鹤1.1手心挂接.txt	曼舞	mrwu	mrwu	未知飞键、非音码或读音集合未覆盖；不猜测
鲸凉鹤1.1手心挂接.txt	漫威	mrww	mrww	未知飞键、非音码或读音集合未覆盖；不猜测
鲸凉鹤1.1手心挂接.txt	满心	mrxb	mrxb	未知飞键、非音码或读音集合未覆盖；不猜测
鲸凉鹤1.1手心挂接.txt	蛮细	mrxi	mrxi	未知飞键、非音码或读音集合未覆盖；不猜测
鲸凉鹤1.1手心挂接.txt	满席	mrxi	mrxi	未知飞键、非音码或读音集合未覆盖；不猜测
鲸凉鹤1.1手心挂接.txt	慢性	mrxk	mrxk	未知飞键、非音码或读音集合未覆盖；不猜测
鲸凉鹤1.1手心挂接.txt	慢行	mrxk	mrxk	未知飞键、非音码或读音集合未覆盖；不猜测
鲸凉鹤1.1手心挂接.txt	蛮像	mrxl	mrxl	未知飞键、非音码或读音集合未覆盖；不猜测
鲸凉鹤1.1手心挂接.txt	蛮闲	mrxm	mrxm	未知飞键、非音码或读音集合未覆盖；不猜测
鲸凉鹤1.1手心挂接.txt	蛮小	mrxn	mrxn	未知飞键、非音码或读音集合未覆盖；不猜测
鲸凉鹤1.1手心挂接.txt	满修	mrxo	mrxo	未知飞键、非音码或读音集合未覆盖；不猜测
鲸凉鹤1.1手心挂接.txt	慢些	mrxp	mrxp	未知飞键、非音码或读音集合未覆盖；不猜测
鲸凉鹤1.1手心挂接.txt	满修	mrxq	mrxq	未知飞键、非音码或读音集合未覆盖；不猜测
鲸凉鹤1.1手心挂接.txt	蛮凶	mrxs	mrxs	未知飞键、非音码或读音集合未覆盖；不猜测
鲸凉鹤1.1手心挂接.txt	满血	mrxt	mrxt	未知飞键、非音码或读音集合未覆盖；不猜测
鲸凉鹤1.1手心挂接.txt	慢呀	mrya	mrya	未知飞键、非音码或读音集合未覆盖；不猜测
鲸凉鹤1.1手心挂接.txt	慢摇	mryc	mryc	未知飞键、非音码或读音集合未覆盖；不猜测
鲸凉鹤1.1手心挂接.txt	蛮腰	mryc	mryc	未知飞键、非音码或读音集合未覆盖；不猜测
鲸凉鹤1.1手心挂接.txt	蔓延	mryf	mryf	未知飞键、非音码或读音集合未覆盖；不猜测
鲸凉鹤1.1手心挂接.txt	满眼	mryf	mryf	未知飞键、非音码或读音集合未覆盖；不猜测
鲸凉鹤1.1手心挂接.txt	漫延	mryf	mryf	未知飞键、非音码或读音集合未覆盖；不猜测
鲸凉鹤1.1手心挂接.txt	鳗鱼	mryg	mryg	未知飞键、非音码或读音集合未覆盖；不猜测
鲸凉鹤1.1手心挂接.txt	慢于	mryg	mryg	未知飞键、非音码或读音集合未覆盖；不猜测
鲸凉鹤1.1手心挂接.txt	满语	mryg	mryg	未知飞键、非音码或读音集合未覆盖；不猜测
鲸凉鹤1.1手心挂接.txt	蛮羊	mryh	mryh	未知飞键、非音码或读音集合未覆盖；不猜测
鲸凉鹤1.1手心挂接.txt	满意	mryi	mryi	未知飞键、非音码或读音集合未覆盖；不猜测
鲸凉鹤1.1手心挂接.txt	蛮夷	mryi	mryi	未知飞键、非音码或读音集合未覆盖；不猜测
鲸凉鹤1.1手心挂接.txt	满溢	mryi	mryi	未知飞键、非音码或读音集合未覆盖；不猜测
鲸凉鹤1.1手心挂接.txt	漫溢	mryi	mryi	未知飞键、非音码或读音集合未覆盖；不猜测
鲸凉鹤1.1手心挂接.txt	蔓延	mryj	mryj	未知飞键、非音码或读音集合未覆盖；不猜测
鲸凉鹤1.1手心挂接.txt	满眼	mryj	mryj	未知飞键、非音码或读音集合未覆盖；不猜测
鲸凉鹤1.1手心挂接.txt	漫延	mryj	mryj	未知飞键、非音码或读音集合未覆盖；不猜测
鲸凉鹤1.1手心挂接.txt	满盈	mryk	mryk	未知飞键、非音码或读音集合未覆盖；不猜测
鲸凉鹤1.1手心挂接.txt	埋怨	mryr	mryr	未知飞键、非音码或读音集合未覆盖；不猜测
鲸凉鹤1.1手心挂接.txt	满园	mryr	mryr	未知飞键、非音码或读音集合未覆盖；不猜测
鲸凉鹤1.1手心挂接.txt	满员	mryr	mryr	未知飞键、非音码或读音集合未覆盖；不猜测
鲸凉鹤1.1手心挂接.txt	慢用	mrys	mrys	未知飞键、非音码或读音集合未覆盖；不猜测
鲸凉鹤1.1手心挂接.txt	满月	mryt	mryt	未知飞键、非音码或读音集合未覆盖；不猜测
鲸凉鹤1.1手心挂接.txt	鳗鱼	mryu	mryu	未知飞键、非音码或读音集合未覆盖；不猜测
鲸凉鹤1.1手心挂接.txt	慢于	mryu	mryu	未知飞键、非音码或读音集合未覆盖；不猜测
鲸凉鹤1.1手心挂接.txt	漫游	mryz	mryz	未知飞键、非音码或读音集合未覆盖；不猜测
鲸凉鹤1.1手心挂接.txt	蛮有	mryz	mryz	未知飞键、非音码或读音集合未覆盖；不猜测
鲸凉鹤1.1手心挂接.txt	蛮早	mrzc	mrzc	未知飞键、非音码或读音集合未覆盖；不猜测
鲸凉鹤1.1手心挂接.txt	满载	mrzd	mrzd	未知飞键、非音码或读音集合未覆盖；不猜测
鲸凉鹤1.1手心挂接.txt	满赠	mrzg	mrzg	未知飞键、非音码或读音集合未覆盖；不猜测
鲸凉鹤1.1手心挂接.txt	蛮子	mrzi	mrzi	未知飞键、非音码或读音集合未覆盖；不猜测
鲸凉鹤1.1手心挂接.txt	满子	mrzi	mrzi	未知飞键、非音码或读音集合未覆盖；不猜测
鲸凉鹤1.1手心挂接.txt	蛮赞	mrzj	mrzj	未知飞键、非音码或读音集合未覆盖；不猜测
鲸凉鹤1.1手心挂接.txt	满座	mrzo	mrzo	未知飞键、非音码或读音集合未覆盖；不猜测
鲸凉鹤1.1手心挂接.txt	满钻	mrzr	mrzr	未知飞键、非音码或读音集合未覆盖；不猜测
鲸凉鹤1.1手心挂接.txt	漫踪	mrzs	mrzs	未知飞键、非音码或读音集合未覆盖；不猜测
鲸凉鹤1.1手心挂接.txt	满足	mrzu	mrzu	未知飞键、非音码或读音集合未覆盖；不猜测
鲸凉鹤1.1手心挂接.txt	满族	mrzu	mrzu	未知飞键、非音码或读音集合未覆盖；不猜测
鲸凉鹤1.1手心挂接.txt	蛮族	mrzu	mrzu	未知飞键、非音码或读音集合未覆盖；不猜测
鲸凉鹤1.1手心挂接.txt	满嘴	mrzv	mrzv	未知飞键、非音码或读音集合未覆盖；不猜测
鲸凉鹤1.1手心挂接.txt	慢走	mrzz	mrzz	未知飞键、非音码或读音集合未覆盖；不猜测
鲸凉鹤1.1手心挂接.txt	木丛	mucl	mucl	未知飞键、非音码或读音集合未覆盖；不猜测
鲸凉鹤1.1手心挂接.txt	墓道	mudl	mudl	未知飞键、非音码或读音集合未覆盖；不猜测
鲸凉鹤1.1手心挂接.txt	木柜	mugi	mugi	未知飞键、非音码或读音集合未覆盖；不猜测
鲸凉鹤1.1手心挂接.txt	暮归	mugi	mugi	未知飞键、非音码或读音集合未覆盖；不猜测
鲸凉鹤1.1手心挂接.txt	幕官	mugp	mugp	未知飞键、非音码或读音集合未覆盖；不猜测
鲸凉鹤1.1手心挂接.txt	木棺	mugp	mugp	未知飞键、非音码或读音集合未覆盖；不猜测
鲸凉鹤1.1手心挂接.txt	木管	mugp	mugp	未知飞键、非音码或读音集合未覆盖；不猜测
鲸凉鹤1.1手心挂接.txt	墓道	mujf	mujf	未知飞键、非音码或读音集合未覆盖；不猜测
鲸凉鹤1.1手心挂接.txt	木剑	mujz	mujz	未知飞键、非音码或读音集合未覆盖；不猜测
鲸凉鹤1.1手心挂接.txt	母舰	mujz	mujz	未知飞键、非音码或读音集合未覆盖；不猜测
鲸凉鹤1.1手心挂接.txt	慕楠	munz	munz	未知飞键、非音码或读音集合未覆盖；不猜测
鲸凉鹤1.1手心挂接.txt	木皮	mupe	mupe	未知飞键、非音码或读音集合未覆盖；不猜测
鲸凉鹤1.1手心挂接.txt	慕言	muyf	muyf	未知飞键、非音码或读音集合未覆盖；不猜测
鲸凉鹤1.1手心挂接.txt	沐浴	muyg	muyg	未知飞键、非音码或读音集合未覆盖；不猜测
鲸凉鹤1.1手心挂接.txt	母语	muyg	muyg	未知飞键、非音码或读音集合未覆盖；不猜测
鲸凉鹤1.1手心挂接.txt	木鱼	muyg	muyg	未知飞键、非音码或读音集合未覆盖；不猜测
鲸凉鹤1.1手心挂接.txt	没从	mwcl	mwcl	未知飞键、非音码或读音集合未覆盖；不猜测
鲸凉鹤1.1手心挂接.txt	没到	mwdl	mwdl	未知飞键、非音码或读音集合未覆盖；不猜测
鲸凉鹤1.1手心挂接.txt	每到	mwdl	mwdl	未知飞键、非音码或读音集合未覆盖；不猜测
鲸凉鹤1.1手心挂接.txt	美刀	mwdl	mwdl	未知飞键、非音码或读音集合未覆盖；不猜测
鲸凉鹤1.1手心挂接.txt	每道	mwdl	mwdl	未知飞键、非音码或读音集合未覆盖；不猜测
鲸凉鹤1.1手心挂接.txt	没打	mwdw	mwdw	未知飞键、非音码或读音集合未覆盖；不猜测
鲸凉鹤1.1手心挂接.txt	玫瑰	mwgi	mwgi	未知飞键、非音码或读音集合未覆盖；不猜测
鲸凉鹤1.1手心挂接.txt	美观	mwgp	mwgp	未知飞键、非音码或读音集合未覆盖；不猜测
鲸凉鹤1.1手心挂接.txt	没管	mwgp	mwgp	未知飞键、非音码或读音集合未覆盖；不猜测
鲸凉鹤1.1手心挂接.txt	没关	mwgp	mwgp	未知飞键、非音码或读音集合未覆盖；不猜测
鲸凉鹤1.1手心挂接.txt	每道	mwjf	mwjf	未知飞键、非音码或读音集合未覆盖；不猜测
鲸凉鹤1.1手心挂接.txt	每件	mwjz	mwjz	未知飞键、非音码或读音集合未覆盖；不猜测
鲸凉鹤1.1手心挂接.txt	眉间	mwjz	mwjz	未知飞键、非音码或读音集合未覆盖；不猜测
鲸凉鹤1.1手心挂接.txt	眉尖	mwjz	mwjz	未知飞键、非音码或读音集合未覆盖；不猜测
鲸凉鹤1.1手心挂接.txt	没见	mwjz	mwjz	未知飞键、非音码或读音集合未覆盖；不猜测
鲸凉鹤1.1手心挂接.txt	每列	mwlf	mwlf	未知飞键、非音码或读音集合未覆盖；不猜测
鲸凉鹤1.1手心挂接.txt	没咯	mwlo	mwlo	未知飞键、非音码或读音集合未覆盖；不猜测
鲸凉鹤1.1手心挂接.txt	美满	mwmr	mwmr	未知飞键、非音码或读音集合未覆盖；不猜测
鲸凉鹤1.1手心挂接.txt	美漫	mwmr	mwmr	未知飞键、非音码或读音集合未覆盖；不猜测
鲸凉鹤1.1手心挂接.txt	眉目	mwmx	mwmx	未知飞键、非音码或读音集合未覆盖；不猜测
鲸凉鹤1.1手心挂接.txt	每亩	mwmx	mwmx	未知飞键、非音码或读音集合未覆盖；不猜测
鲸凉鹤1.1手心挂接.txt	美目	mwmx	mwmx	未知飞键、非音码或读音集合未覆盖；不猜测
鲸凉鹤1.1手心挂接.txt	妹摄	mwnp	mwnp	未知飞键、非音码或读音集合未覆盖；不猜测
鲸凉鹤1.1手心挂接.txt	美男	mwnz	mwnz	未知飞键、非音码或读音集合未覆盖；不猜测
鲸凉鹤1.1手心挂接.txt	魅男	mwnz	mwnz	未知飞键、非音码或读音集合未覆盖；不猜测
鲸凉鹤1.1手心挂接.txt	每批	mwpe	mwpe	未知飞键、非音码或读音集合未覆盖；不猜测
鲸凉鹤1.1手心挂接.txt	媒婆	mwps	mwps	未知飞键、非音码或读音集合未覆盖；不猜测
鲸凉鹤1.1手心挂接.txt	每瓶	mwpx	mwpx	未知飞键、非音码或读音集合未覆盖；不猜测
鲸凉鹤1.1手心挂接.txt	美腿	mwtl	mwtl	未知飞键、非音码或读音集合未覆盖；不猜测
鲸凉鹤1.1手心挂接.txt	眉山	mwus	mwus	未知飞键、非音码或读音集合未覆盖；不猜测
鲸凉鹤1.1手心挂接.txt	没整	mwvk	mwvk	未知飞键、非音码或读音集合未覆盖；不猜测
鲸凉鹤1.1手心挂接.txt	没羞	mwxo	mwxo	未知飞键、非音码或读音集合未覆盖；不猜测
鲸凉鹤1.1手心挂接.txt	没修	mwxo	mwxo	未知飞键、非音码或读音集合未覆盖；不猜测
鲸凉鹤1.1手心挂接.txt	美颜	mwyf	mwyf	未知飞键、非音码或读音集合未覆盖；不猜测
鲸凉鹤1.1手心挂接.txt	眉眼	mwyf	mwyf	未知飞键、非音码或读音集合未覆盖；不猜测
鲸凉鹤1.1手心挂接.txt	美艳	mwyf	mwyf	未知飞键、非音码或读音集合未覆盖；不猜测
鲸凉鹤1.1手心挂接.txt	媚眼	mwyf	mwyf	未知飞键、非音码或读音集合未覆盖；不猜测
鲸凉鹤1.1手心挂接.txt	眉宇	mwyg	mwyg	未知飞键、非音码或读音集合未覆盖；不猜测
鲸凉鹤1.1手心挂接.txt	美誉	mwyg	mwyg	未知飞键、非音码或读音集合未覆盖；不猜测
鲸凉鹤1.1手心挂接.txt	梅雨	mwyg	mwyg	未知飞键、非音码或读音集合未覆盖；不猜测
鲸凉鹤1.1手心挂接.txt	美玉	mwyg	mwyg	未知飞键、非音码或读音集合未覆盖；不猜测
鲸凉鹤1.1手心挂接.txt	木啊	mxaa	mxaa	未知飞键、非音码或读音集合未覆盖；不猜测
鲸凉鹤1.1手心挂接.txt	母爱	mxai	mxai	未知飞键、非音码或读音集合未覆盖；不猜测
鲸凉鹤1.1手心挂接.txt	暮霭	mxai	mxai	未知飞键、非音码或读音集合未覆盖；不猜测
鲸凉鹤1.1手心挂接.txt	幕宾	mxbb	mxbb	未知飞键、非音码或读音集合未覆盖；不猜测
鲸凉鹤1.1手心挂接.txt	母豹	mxbc	mxbc	未知飞键、非音码或读音集合未覆盖；不猜测
鲸凉鹤1.1手心挂接.txt	慕白	mxbd	mxbd	未知飞键、非音码或读音集合未覆盖；不猜测
鲸凉鹤1.1手心挂接.txt	木本	mxbf	mxbf	未知飞键、非音码或读音集合未覆盖；不猜测
鲸凉鹤1.1手心挂接.txt	母本	mxbf	mxbf	未知飞键、非音码或读音集合未覆盖；不猜测
鲸凉鹤1.1手心挂接.txt	木棒	mxbh	mxbh	未知飞键、非音码或读音集合未覆盖；不猜测
鲸凉鹤1.1手心挂接.txt	木板	mxbj	mxbj	未知飞键、非音码或读音集合未覆盖；不猜测
鲸凉鹤1.1手心挂接.txt	模板	mxbj	mxbj	未知飞键、非音码或读音集合未覆盖；不猜测
鲸凉鹤1.1手心挂接.txt	木柄	mxbk	mxbk	未知飞键、非音码或读音集合未覆盖；不猜测
鲸凉鹤1.1手心挂接.txt	募兵	mxbk	mxbk	未知飞键、非音码或读音集合未覆盖；不猜测
鲸凉鹤1.1手心挂接.txt	木匾	mxbm	mxbm	未知飞键、非音码或读音集合未覆盖；不猜测
鲸凉鹤1.1手心挂接.txt	目标	mxbn	mxbn	未知飞键、非音码或读音集合未覆盖；不猜测
鲸凉鹤1.1手心挂接.txt	墓表	mxbn	mxbn	未知飞键、非音码或读音集合未覆盖；不猜测
鲸凉鹤1.1手心挂接.txt	木钵	mxbo	mxbo	未知飞键、非音码或读音集合未覆盖；不猜测
鲸凉鹤1.1手心挂接.txt	幕布	mxbu	mxbu	未知飞键、非音码或读音集合未覆盖；不猜测
鲸凉鹤1.1手心挂接.txt	墓碑	mxbw	mxbw	未知飞键、非音码或读音集合未覆盖；不猜测
鲸凉鹤1.1手心挂接.txt	牧草	mxcc	mxcc	未知飞键、非音码或读音集合未覆盖；不猜测
鲸凉鹤1.1手心挂接.txt	木材	mxcd	mxcd	未知飞键、非音码或读音集合未覆盖；不猜测
鲸凉鹤1.1手心挂接.txt	目测	mxce	mxce	未知飞键、非音码或读音集合未覆盖；不猜测
鲸凉鹤1.1手心挂接.txt	目次	mxci	mxci	未知飞键、非音码或读音集合未覆盖；不猜测
鲸凉鹤1.1手心挂接.txt	木村	mxcy	mxcy	未知飞键、非音码或读音集合未覆盖；不猜测
鲸凉鹤1.1手心挂接.txt	木大	mxda	mxda	未知飞键、非音码或读音集合未覆盖；不猜测
鲸凉鹤1.1手心挂接.txt	木笪	mxda	mxda	未知飞键、非音码或读音集合未覆盖；不猜测
鲸凉鹤1.1手心挂接.txt	墓道	mxdc	mxdc	未知飞键、非音码或读音集合未覆盖；不猜测
鲸凉鹤1.1手心挂接.txt	木刀	mxdc	mxdc	未知飞键、非音码或读音集合未覆盖；不猜测
鲸凉鹤1.1手心挂接.txt	母带	mxdd	mxdd	未知飞键、非音码或读音集合未覆盖；不猜测
鲸凉鹤1.1手心挂接.txt	募得	mxde	mxde	未知飞键、非音码或读音集合未覆盖；不猜测
鲸凉鹤1.1手心挂接.txt	母的	mxde	mxde	未知飞键、非音码或读音集合未覆盖；不猜测
鲸凉鹤1.1手心挂接.txt	木凳	mxdg	mxdg	未知飞键、非音码或读音集合未覆盖；不猜测
鲸凉鹤1.1手心挂接.txt	目瞪	mxdg	mxdg	未知飞键、非音码或读音集合未覆盖；不猜测
鲸凉鹤1.1手心挂接.txt	目的	mxdi	mxdi	未知飞键、非音码或读音集合未覆盖；不猜测
鲸凉鹤1.1手心挂接.txt	墓地	mxdi	mxdi	未知飞键、非音码或读音集合未覆盖；不猜测
鲸凉鹤1.1手心挂接.txt	牧笛	mxdi	mxdi	未知飞键、非音码或读音集合未覆盖；不猜测
鲸凉鹤1.1手心挂接.txt	牡丹	mxdj	mxdj	未知飞键、非音码或读音集合未覆盖；不猜测
鲸凉鹤1.1手心挂接.txt	母单	mxdj	mxdj	未知飞键、非音码或读音集合未覆盖；不猜测
鲸凉鹤1.1手心挂接.txt	木钉	mxdk	mxdk	未知飞键、非音码或读音集合未覆盖；不猜测
鲸凉鹤1.1手心挂接.txt	墓顶	mxdk	mxdk	未知飞键、非音码或读音集合未覆盖；不猜测
鲸凉鹤1.1手心挂接.txt	墓道	mxdl	mxdl	未知飞键、非音码或读音集合未覆盖；不猜测
鲸凉鹤1.1手心挂接.txt	木雕	mxdn	mxdn	未知飞键、非音码或读音集合未覆盖；不猜测
鲸凉鹤1.1手心挂接.txt	木铎	mxdo	mxdo	未知飞键、非音码或读音集合未覆盖；不猜测
鲸凉鹤1.1手心挂接.txt	木段	mxdr	mxdr	未知飞键、非音码或读音集合未覆盖；不猜测
鲸凉鹤1.1手心挂接.txt	模锻	mxdr	mxdr	未知飞键、非音码或读音集合未覆盖；不猜测
鲸凉鹤1.1手心挂接.txt	木洞	mxds	mxds	未知飞键、非音码或读音集合未覆盖；不猜测
鲸凉鹤1.1手心挂接.txt	暮冬	mxds	mxds	未知飞键、非音码或读音集合未覆盖；不猜测
鲸凉鹤1.1手心挂接.txt	目睹	mxdu	mxdu	未知飞键、非音码或读音集合未覆盖；不猜测
鲸凉鹤1.1手心挂接.txt	木牍	mxdu	mxdu	未知飞键、非音码或读音集合未覆盖；不猜测
鲸凉鹤1.1手心挂接.txt	木墩	mxdy	mxdy	未知飞键、非音码或读音集合未覆盖；不猜测
鲸凉鹤1.1手心挂接.txt	木遁	mxdy	mxdy	未知飞键、非音码或读音集合未覆盖；不猜测
鲸凉鹤1.1手心挂接.txt	木豆	mxdz	mxdz	未知飞键、非音码或读音集合未覆盖；不猜测
鲸凉鹤1.1手心挂接.txt	母鹅	mxee	mxee	未知飞键、非音码或读音集合未覆盖；不猜测
鲸凉鹤1.1手心挂接.txt	沐恩	mxen	mxen	未知飞键、非音码或读音集合未覆盖；不猜测
鲸凉鹤1.1手心挂接.txt	木耳	mxer	mxer	未知飞键、非音码或读音集合未覆盖；不猜测
鲸凉鹤1.1手心挂接.txt	木筏	mxfa	mxfa	未知飞键、非音码或读音集合未覆盖；不猜测
鲸凉鹤1.1手心挂接.txt	木粉	mxff	mxff	未知飞键、非音码或读音集合未覆盖；不猜测
鲸凉鹤1.1手心挂接.txt	沐风	mxfg	mxfg	未知飞键、非音码或读音集合未覆盖；不猜测
鲸凉鹤1.1手心挂接.txt	牧放	mxfh	mxfh	未知飞键、非音码或读音集合未覆盖；不猜测
鲸凉鹤1.1手心挂接.txt	木房	mxfh	mxfh	未知飞键、非音码或读音集合未覆盖；不猜测
鲸凉鹤1.1手心挂接.txt	木方	mxfh	mxfh	未知飞键、非音码或读音集合未覆盖；不猜测
鲸凉鹤1.1手心挂接.txt	幕府	mxfu	mxfu	未知飞键、非音码或读音集合未覆盖；不猜测
鲸凉鹤1.1手心挂接.txt	母腹	mxfu	mxfu	未知飞键、非音码或读音集合未覆盖；不猜测
鲸凉鹤1.1手心挂接.txt	木斧	mxfu	mxfu	未知飞键、非音码或读音集合未覆盖；不猜测
鲸凉鹤1.1手心挂接.txt	母妃	mxfw	mxfw	未知飞键、非音码或读音集合未覆盖；不猜测
鲸凉鹤1.1手心挂接.txt	钼肥	mxfw	mxfw	未知飞键、非音码或读音集合未覆盖；不猜测
鲸凉鹤1.1手心挂接.txt	木盖	mxgd	mxgd	未知飞键、非音码或读音集合未覆盖；不猜测
鲸凉鹤1.1手心挂接.txt	牧歌	mxge	mxge	未知飞键、非音码或读音集合未覆盖；不猜测
鲸凉鹤1.1手心挂接.txt	木格	mxge	mxge	未知飞键、非音码或读音集合未覆盖；不猜测
鲸凉鹤1.1手心挂接.txt	木根	mxgf	mxgf	未知飞键、非音码或读音集合未覆盖；不猜测
鲸凉鹤1.1手心挂接.txt	母港	mxgh	mxgh	未知飞键、非音码或读音集合未覆盖；不猜测
鲸凉鹤1.1手心挂接.txt	木柜	mxgi	mxgi	未知飞键、非音码或读音集合未覆盖；不猜测
鲸凉鹤1.1手心挂接.txt	暮归	mxgi	mxgi	未知飞键、非音码或读音集合未覆盖；不猜测
鲸凉鹤1.1手心挂接.txt	木杆	mxgj	mxgj	未知飞键、非音码或读音集合未覆盖；不猜测
鲸凉鹤1.1手心挂接.txt	木怪	mxgk	mxgk	未知飞键、非音码或读音集合未覆盖；不猜测
鲸凉鹤1.1手心挂接.txt	目光	mxgl	mxgl	未知飞键、非音码或读音集合未覆盖；不猜测
鲸凉鹤1.1手心挂接.txt	暮光	mxgl	mxgl	未知飞键、非音码或读音集合未覆盖；不猜测
鲸凉鹤1.1手心挂接.txt	母国	mxgo	mxgo	未知飞键、非音码或读音集合未覆盖；不猜测
鲸凉鹤1.1手心挂接.txt	幕官	mxgp	mxgp	未知飞键、非音码或读音集合未覆盖；不猜测
鲸凉鹤1.1手心挂接.txt	木棺	mxgp	mxgp	未知飞键、非音码或读音集合未覆盖；不猜测
鲸凉鹤1.1手心挂接.txt	木管	mxgp	mxgp	未知飞键、非音码或读音集合未覆盖；不猜测
鲸凉鹤1.1手心挂接.txt	幕官	mxgr	mxgr	未知飞键、非音码或读音集合未覆盖；不猜测
鲸凉鹤1.1手心挂接.txt	木棺	mxgr	mxgr	未知飞键、非音码或读音集合未覆盖；不猜测
鲸凉鹤1.1手心挂接.txt	木管	mxgr	mxgr	未知飞键、非音码或读音集合未覆盖；不猜测
鲸凉鹤1.1手心挂接.txt	木工	mxgs	mxgs	未知飞键、非音码或读音集合未覆盖；不猜测
鲸凉鹤1.1手心挂接.txt	木弓	mxgs	mxgs	未知飞键、非音码或读音集合未覆盖；不猜测
鲸凉鹤1.1手心挂接.txt	募股	mxgu	mxgu	未知飞键、非音码或读音集合未覆盖；不猜测
鲸凉鹤1.1手心挂接.txt	暮鼓	mxgu	mxgu	未知飞键、非音码或读音集合未覆盖；不猜测
鲸凉鹤1.1手心挂接.txt	木鼓	mxgu	mxgu	未知飞键、非音码或读音集合未覆盖；不猜测
鲸凉鹤1.1手心挂接.txt	木柜	mxgv	mxgv	未知飞键、非音码或读音集合未覆盖；不猜测
鲸凉鹤1.1手心挂接.txt	暮归	mxgv	mxgv	未知飞键、非音码或读音集合未覆盖；不猜测
鲸凉鹤1.1手心挂接.txt	木瓜	mxgx	mxgx	未知飞键、非音码或读音集合未覆盖；不猜测
鲸凉鹤1.1手心挂接.txt	木棍	mxgy	mxgy	未知飞键、非音码或读音集合未覆盖；不猜测
鲸凉鹤1.1手心挂接.txt	母狗	mxgz	mxgz	未知飞键、非音码或读音集合未覆盖；不猜测
鲸凉鹤1.1手心挂接.txt	牡蒿	mxhc	mxhc	未知飞键、非音码或读音集合未覆盖；不猜测
鲸凉鹤1.1手心挂接.txt	木盒	mxhe	mxhe	未知飞键、非音码或读音集合未覆盖；不猜测
鲸凉鹤1.1手心挂接.txt	木桁	mxhg	mxhg	未知飞键、非音码或读音集合未覆盖；不猜测
鲸凉鹤1.1手心挂接.txt	慕寒	mxhj	mxhj	未知飞键、非音码或读音集合未覆盖；不猜测
鲸凉鹤1.1手心挂接.txt	木火	mxho	mxho	未知飞键、非音码或读音集合未覆盖；不猜测
鲸凉鹤1.1手心挂接.txt	牧户	mxhu	mxhu	未知飞键、非音码或读音集合未覆盖；不猜测
鲸凉鹤1.1手心挂接.txt	慕华	mxhx	mxhx	未知飞键、非音码或读音集合未覆盖；不猜测
鲸凉鹤1.1手心挂接.txt	牧魂	mxhy	mxhy	未知飞键、非音码或读音集合未覆盖；不猜测
鲸凉鹤1.1手心挂接.txt	幕后	mxhz	mxhz	未知飞键、非音码或读音集合未覆盖；不猜测
鲸凉鹤1.1手心挂接.txt	母后	mxhz	mxhz	未知飞键、非音码或读音集合未覆盖；不猜测
鲸凉鹤1.1手心挂接.txt	母猴	mxhz	mxhz	未知飞键、非音码或读音集合未覆盖；不猜测
鲸凉鹤1.1手心挂接.txt	母差	mxia	mxia	未知飞键、非音码或读音集合未覆盖；不猜测
鲸凉鹤1.1手心挂接.txt	穆超	mxic	mxic	未知飞键、非音码或读音集合未覆盖；不猜测
鲸凉鹤1.1手心挂接.txt	木柴	mxid	mxid	未知飞键、非音码或读音集合未覆盖；不猜测
鲸凉鹤1.1手心挂接.txt	木车	mxie	mxie	未知飞键、非音码或读音集合未覆盖；不猜测
鲸凉鹤1.1手心挂接.txt	牧尘	mxif	mxif	未知飞键、非音码或读音集合未覆盖；不猜测
鲸凉鹤1.1手心挂接.txt	牧场	mxih	mxih	未知飞键、非音码或读音集合未覆盖；不猜测
鲸凉鹤1.1手心挂接.txt	墓场	mxih	mxih	未知飞键、非音码或读音集合未覆盖；不猜测
鲸凉鹤1.1手心挂接.txt	木吃	mxii	mxii	未知飞键、非音码或读音集合未覆盖；不猜测
鲸凉鹤1.1手心挂接.txt	亩产	mxij	mxij	未知飞键、非音码或读音集合未覆盖；不猜测
鲸凉鹤1.1手心挂接.txt	木床	mxil	mxil	未知飞键、非音码或读音集合未覆盖；不猜测
鲸凉鹤1.1手心挂接.txt	木窗	mxil	mxil	未知飞键、非音码或读音集合未覆盖；不猜测
鲸凉鹤1.1手心挂接.txt	木船	mxir	mxir	未知飞键、非音码或读音集合未覆盖；不猜测
鲸凉鹤1.1手心挂接.txt	母畜	mxiu	mxiu	未知飞键、非音码或读音集合未覆盖；不猜测
鲸凉鹤1.1手心挂接.txt	木槌	mxiv	mxiv	未知飞键、非音码或读音集合未覆盖；不猜测
鲸凉鹤1.1手心挂接.txt	暮春	mxiy	mxiy	未知飞键、非音码或读音集合未覆盖；不猜测
鲸凉鹤1.1手心挂接.txt	木抽	mxiz	mxiz	未知飞键、非音码或读音集合未覆盖；不猜测
鲸凉鹤1.1手心挂接.txt	木槿	mxjb	mxjb	未知飞键、非音码或读音集合未覆盖；不猜测
鲸凉鹤1.1手心挂接.txt	目今	mxjb	mxjb	未知飞键、非音码或读音集合未覆盖；不猜测
鲸凉鹤1.1手心挂接.txt	母金	mxjb	mxjb	未知飞键、非音码或读音集合未覆盖；不猜测
鲸凉鹤1.1手心挂接.txt	墓道	mxjf	mxjf	未知飞键、非音码或读音集合未覆盖；不猜测
鲸凉鹤1.1手心挂接.txt	母鸡	mxji	mxji	未知飞键、非音码或读音集合未覆盖；不猜测
鲸凉鹤1.1手心挂接.txt	目击	mxji	mxji	未知飞键、非音码或读音集合未覆盖；不猜测
鲸凉鹤1.1手心挂接.txt	募集	mxji	mxji	未知飞键、非音码或读音集合未覆盖；不猜测
鲸凉鹤1.1手心挂接.txt	木屐	mxji	mxji	未知飞键、非音码或读音集合未覆盖；不猜测
鲸凉鹤1.1手心挂接.txt	目镜	mxjk	mxjk	未知飞键、非音码或读音集合未覆盖；不猜测
鲸凉鹤1.1手心挂接.txt	暮景	mxjk	mxjk	未知飞键、非音码或读音集合未覆盖；不猜测
鲸凉鹤1.1手心挂接.txt	牡荆	mxjk	mxjk	未知飞键、非音码或读音集合未覆盖；不猜测
鲸凉鹤1.1手心挂接.txt	木匠	mxjl	mxjl	未知飞键、非音码或读音集合未覆盖；不猜测
鲸凉鹤1.1手心挂接.txt	木浆	mxjl	mxjl	未知飞键、非音码或读音集合未覆盖；不猜测
鲸凉鹤1.1手心挂接.txt	木剑	mxjm	mxjm	未知飞键、非音码或读音集合未覆盖；不猜测
鲸凉鹤1.1手心挂接.txt	母舰	mxjm	mxjm	未知飞键、非音码或读音集合未覆盖；不猜测
鲸凉鹤1.1手心挂接.txt	木胶	mxjn	mxjn	未知飞键、非音码或读音集合未覆盖；不猜测
鲸凉鹤1.1手心挂接.txt	母教	mxjn	mxjn	未知飞键、非音码或读音集合未覆盖；不猜测
鲸凉鹤1.1手心挂接.txt	木姐	mxjp	mxjp	未知飞键、非音码或读音集合未覆盖；不猜测
鲸凉鹤1.1手心挂接.txt	母舅	mxjq	mxjq	未知飞键、非音码或读音集合未覆盖；不猜测
鲸凉鹤1.1手心挂接.txt	募捐	mxjr	mxjr	未知飞键、非音码或读音集合未覆盖；不猜测
鲸凉鹤1.1手心挂接.txt	模具	mxju	mxju	未知飞键、非音码或读音集合未覆盖；不猜测
鲸凉鹤1.1手心挂接.txt	木橘	mxju	mxju	未知飞键、非音码或读音集合未覆盖；不猜测
鲸凉鹤1.1手心挂接.txt	木架	mxjx	mxjx	未知飞键、非音码或读音集合未覆盖；不猜测
鲸凉鹤1.1手心挂接.txt	木甲	mxjx	mxjx	未知飞键、非音码或读音集合未覆盖；不猜测
鲸凉鹤1.1手心挂接.txt	木枷	mxjx	mxjx	未知飞键、非音码或读音集合未覆盖；不猜测
鲸凉鹤1.1手心挂接.txt	木剑	mxjz	mxjz	未知飞键、非音码或读音集合未覆盖；不猜测
鲸凉鹤1.1手心挂接.txt	母舰	mxjz	mxjz	未知飞键、非音码或读音集合未覆盖；不猜测
鲸凉鹤1.1手心挂接.txt	木刻	mxke	mxke	未知飞键、非音码或读音集合未覆盖；不猜测
鲸凉鹤1.1手心挂接.txt	木看	mxkj	mxkj	未知飞键、非音码或读音集合未覆盖；不猜测
鲸凉鹤1.1手心挂接.txt	木块	mxkk	mxkk	未知飞键、非音码或读音集合未覆盖；不猜测
鲸凉鹤1.1手心挂接.txt	木筷	mxkk	mxkk	未知飞键、非音码或读音集合未覆盖；不猜测
鲸凉鹤1.1手心挂接.txt	模块	mxkk	mxkk	未知飞键、非音码或读音集合未覆盖；不猜测
鲸凉鹤1.1手心挂接.txt	木框	mxkl	mxkl	未知飞键、非音码或读音集合未覆盖；不猜测
鲸凉鹤1.1手心挂接.txt	募款	mxkr	mxkr	未知飞键、非音码或读音集合未覆盖；不猜测
鲸凉鹤1.1手心挂接.txt	木空	mxks	mxks	未知飞键、非音码或读音集合未覆盖；不猜测
鲸凉鹤1.1手心挂接.txt	木拉	mxla	mxla	未知飞键、非音码或读音集合未覆盖；不猜测
鲸凉鹤1.1手心挂接.txt	睦邻	mxlb	mxlb	未知飞键、非音码或读音集合未覆盖；不猜测
鲸凉鹤1.1手心挂接.txt	木林	mxlb	mxlb	未知飞键、非音码或读音集合未覆盖；不猜测
鲸凉鹤1.1手心挂接.txt	木老	mxlc	mxlc	未知飞键、非音码或读音集合未覆盖；不猜测
鲸凉鹤1.1手心挂接.txt	穆勒	mxle	mxle	未知飞键、非音码或读音集合未覆盖；不猜测
鲸凉鹤1.1手心挂接.txt	慕了	mxle	mxle	未知飞键、非音码或读音集合未覆盖；不猜测
鲸凉鹤1.1手心挂接.txt	木楞	mxlg	mxlg	未知飞键、非音码或读音集合未覆盖；不猜测
鲸凉鹤1.1手心挂接.txt	母狼	mxlh	mxlh	未知飞键、非音码或读音集合未覆盖；不猜测
鲸凉鹤1.1手心挂接.txt	牡蛎	mxli	mxli	未知飞键、非音码或读音集合未覆盖；不猜测
鲸凉鹤1.1手心挂接.txt	目力	mxli	mxli	未知飞键、非音码或读音集合未覆盖；不猜测
鲸凉鹤1.1手心挂接.txt	木兰	mxlj	mxlj	未知飞键、非音码或读音集合未覆盖；不猜测
鲸凉鹤1.1手心挂接.txt	木栏	mxlj	mxlj	未知飞键、非音码或读音集合未覆盖；不猜测
鲸凉鹤1.1手心挂接.txt	木灵	mxlk	mxlk	未知飞键、非音码或读音集合未覆盖；不猜测
鲸凉鹤1.1手心挂接.txt	木梁	mxll	mxll	未知飞键、非音码或读音集合未覆盖；不猜测
鲸凉鹤1.1手心挂接.txt	母联	mxlm	mxlm	未知飞键、非音码或读音集合未覆盖；不猜测
鲸凉鹤1.1手心挂接.txt	幕僚	mxln	mxln	未知飞键、非音码或读音集合未覆盖；不猜测
鲸凉鹤1.1手心挂接.txt	木料	mxln	mxln	未知飞键、非音码或读音集合未覆盖；不猜测
鲸凉鹤1.1手心挂接.txt	木乱	mxlr	mxlr	未知飞键、非音码或读音集合未覆盖；不猜测
鲸凉鹤1.1手心挂接.txt	木龙	mxls	mxls	未知飞键、非音码或读音集合未覆盖；不猜测
鲸凉鹤1.1手心挂接.txt	木笼	mxls	mxls	未知飞键、非音码或读音集合未覆盖；不猜测
鲸凉鹤1.1手心挂接.txt	目录	mxlu	mxlu	未知飞键、非音码或读音集合未覆盖；不猜测
鲸凉鹤1.1手心挂接.txt	目露	mxlu	mxlu	未知飞键、非音码或读音集合未覆盖；不猜测
鲸凉鹤1.1手心挂接.txt	母鹿	mxlu	mxlu	未知飞键、非音码或读音集合未覆盖；不猜测
鲸凉鹤1.1手心挂接.txt	母驴	mxlv	mxlv	未知飞键、非音码或读音集合未覆盖；不猜测
鲸凉鹤1.1手心挂接.txt	木垒	mxlw	mxlw	未知飞键、非音码或读音集合未覆盖；不猜测
鲸凉鹤1.1手心挂接.txt	木楼	mxlz	mxlz	未知飞键、非音码或读音集合未覆盖；不猜测
鲸凉鹤1.1手心挂接.txt	木马	mxma	mxma	未知飞键、非音码或读音集合未覆盖；不猜测
鲸凉鹤1.1手心挂接.txt	母马	mxma	mxma	未知飞键、非音码或读音集合未覆盖；不猜测
鲸凉鹤1.1手心挂接.txt	牧马	mxma	mxma	未知飞键、非音码或读音集合未覆盖；不猜测
鲸凉鹤1.1手心挂接.txt	姆妈	mxma	mxma	未知飞键、非音码或读音集合未覆盖；不猜测
鲸凉鹤1.1手心挂接.txt	牧民	mxmb	mxmb	未知飞键、非音码或读音集合未覆盖；不猜测
鲸凉鹤1.1手心挂接.txt	募民	mxmb	mxmb	未知飞键、非音码或读音集合未覆盖；不猜测
鲸凉鹤1.1手心挂接.txt	母猫	mxmc	mxmc	未知飞键、非音码或读音集合未覆盖；不猜测
鲸凉鹤1.1手心挂接.txt	木么	mxme	mxme	未知飞键、非音码或读音集合未覆盖；不猜测
鲸凉鹤1.1手心挂接.txt	木门	mxmf	mxmf	未知飞键、非音码或读音集合未覆盖；不猜测
鲸凉鹤1.1手心挂接.txt	目盲	mxmh	mxmh	未知飞键、非音码或读音集合未覆盖；不猜测
鲸凉鹤1.1手心挂接.txt	慕名	mxmk	mxmk	未知飞键、非音码或读音集合未覆盖；不猜测
鲸凉鹤1.1手心挂接.txt	木棉	mxmm	mxmm	未知飞键、非音码或读音集合未覆盖；不猜测
鲸凉鹤1.1手心挂接.txt	木模	mxmo	mxmo	未知飞键、非音码或读音集合未覆盖；不猜测
鲸凉鹤1.1手心挂接.txt	木魅	mxmw	mxmw	未知飞键、非音码或读音集合未覆盖；不猜测
鲸凉鹤1.1手心挂接.txt	木木	mxmx	mxmx	未知飞键、非音码或读音集合未覆盖；不猜测
鲸凉鹤1.1手心挂接.txt	幕幕	mxmx	mxmx	未知飞键、非音码或读音集合未覆盖；不猜测
鲸凉鹤1.1手心挂接.txt	木那	mxna	mxna	未知飞键、非音码或读音集合未覆盖；不猜测
鲸凉鹤1.1手心挂接.txt	木乃	mxnd	mxnd	未知飞键、非音码或读音集合未覆盖；不猜测
鲸凉鹤1.1手心挂接.txt	木讷	mxne	mxne	未知飞键、非音码或读音集合未覆盖；不猜测
鲸凉鹤1.1手心挂接.txt	木囊	mxnh	mxnh	未知飞键、非音码或读音集合未覆盖；不猜测
鲸凉鹤1.1手心挂接.txt	穆尼	mxni	mxni	未知飞键、非音码或读音集合未覆盖；不猜测
鲸凉鹤1.1手心挂接.txt	慕楠	mxnj	mxnj	未知飞键、非音码或读音集合未覆盖；不猜测
鲸凉鹤1.1手心挂接.txt	暮年	mxnm	mxnm	未知飞键、非音码或读音集合未覆盖；不猜测
鲸凉鹤1.1手心挂接.txt	穆鸟	mxnn	mxnn	未知飞键、非音码或读音集合未覆盖；不猜测
鲸凉鹤1.1手心挂接.txt	母牛	mxnq	mxnq	未知飞键、非音码或读音集合未覆盖；不猜测
鲸凉鹤1.1手心挂接.txt	牧牛	mxnq	mxnq	未知飞键、非音码或读音集合未覆盖；不猜测
鲸凉鹤1.1手心挂接.txt	母女	mxnv	mxnv	未知飞键、非音码或读音集合未覆盖；不猜测
鲸凉鹤1.1手心挂接.txt	牧女	mxnv	mxnv	未知飞键、非音码或读音集合未覆盖；不猜测
鲸凉鹤1.1手心挂接.txt	慕楠	mxnz	mxnz	未知飞键、非音码或读音集合未覆盖；不猜测
鲸凉鹤1.1手心挂接.txt	木偶	mxou	mxou	未知飞键、非音码或读音集合未覆盖；不猜测
鲸凉鹤1.1手心挂接.txt	木耙	mxpa	mxpa	未知飞键、非音码或读音集合未覆盖；不猜测
鲸凉鹤1.1手心挂接.txt	木炮	mxpc	mxpc	未知飞键、非音码或读音集合未覆盖；不猜测
鲸凉鹤1.1手心挂接.txt	木牌	mxpd	mxpd	未知飞键、非音码或读音集合未覆盖；不猜测
鲸凉鹤1.1手心挂接.txt	木排	mxpd	mxpd	未知飞键、非音码或读音集合未覆盖；不猜测
鲸凉鹤1.1手心挂接.txt	木皮	mxpe	mxpe	未知飞键、非音码或读音集合未覆盖；不猜测
鲸凉鹤1.1手心挂接.txt	木盆	mxpf	mxpf	未知飞键、非音码或读音集合未覆盖；不猜测
鲸凉鹤1.1手心挂接.txt	木棚	mxpg	mxpg	未知飞键、非音码或读音集合未覆盖；不猜测
鲸凉鹤1.1手心挂接.txt	木皮	mxpi	mxpi	未知飞键、非音码或读音集合未覆盖；不猜测
鲸凉鹤1.1手心挂接.txt	木盘	mxpj	mxpj	未知飞键、非音码或读音集合未覆盖；不猜测
鲸凉鹤1.1手心挂接.txt	母盘	mxpj	mxpj	未知飞键、非音码或读音集合未覆盖；不猜测
鲸凉鹤1.1手心挂接.txt	木片	mxpm	mxpm	未知飞键、非音码或读音集合未覆盖；不猜测
鲸凉鹤1.1手心挂接.txt	模胚	mxpw	mxpw	未知飞键、非音码或读音集合未覆盖；不猜测
鲸凉鹤1.1手心挂接.txt	母亲	mxqb	mxqb	未知飞键、非音码或读音集合未覆盖；不猜测
鲸凉鹤1.1手心挂接.txt	木琴	mxqb	mxqb	未知飞键、非音码或读音集合未覆盖；不猜测
鲸凉鹤1.1手心挂接.txt	木器	mxqi	mxqi	未知飞键、非音码或读音集合未覆盖；不猜测
鲸凉鹤1.1手心挂接.txt	暮气	mxqi	mxqi	未知飞键、非音码或读音集合未覆盖；不猜测
鲸凉鹤1.1手心挂接.txt	慕青	mxqk	mxqk	未知飞键、非音码或读音集合未覆盖；不猜测
鲸凉鹤1.1手心挂接.txt	幕墙	mxql	mxql	未知飞键、非音码或读音集合未覆盖；不猜测
鲸凉鹤1.1手心挂接.txt	木墙	mxql	mxql	未知飞键、非音码或读音集合未覆盖；不猜测
鲸凉鹤1.1手心挂接.txt	慕强	mxql	mxql	未知飞键、非音码或读音集合未覆盖；不猜测
鲸凉鹤1.1手心挂接.txt	目前	mxqm	mxqm	未知飞键、非音码或读音集合未覆盖；不猜测
鲸凉鹤1.1手心挂接.txt	墓前	mxqm	mxqm	未知飞键、非音码或读音集合未覆盖；不猜测
鲸凉鹤1.1手心挂接.txt	木桥	mxqn	mxqn	未知飞键、非音码或读音集合未覆盖；不猜测
鲸凉鹤1.1手心挂接.txt	木锹	mxqn	mxqn	未知飞键、非音码或读音集合未覆盖；不猜测
鲸凉鹤1.1手心挂接.txt	暮秋	mxqq	mxqq	未知飞键、非音码或读音集合未覆盖；不猜测
鲸凉鹤1.1手心挂接.txt	母球	mxqq	mxqq	未知飞键、非音码或读音集合未覆盖；不猜测
鲸凉鹤1.1手心挂接.txt	牧犬	mxqr	mxqr	未知飞键、非音码或读音集合未覆盖；不猜测
鲸凉鹤1.1手心挂接.txt	母犬	mxqr	mxqr	未知飞键、非音码或读音集合未覆盖；不猜测
鲸凉鹤1.1手心挂接.txt	牧区	mxqu	mxqu	未知飞键、非音码或读音集合未覆盖；不猜测
鲸凉鹤1.1手心挂接.txt	墓区	mxqu	mxqu	未知飞键、非音码或读音集合未覆盖；不猜测
鲸凉鹤1.1手心挂接.txt	牧群	mxqy	mxqy	未知飞键、非音码或读音集合未覆盖；不猜测
鲸凉鹤1.1手心挂接.txt	墓群	mxqy	mxqy	未知飞键、非音码或读音集合未覆盖；不猜测
鲸凉鹤1.1手心挂接.txt	木人	mxrf	mxrf	未知飞键、非音码或读音集合未覆盖；不猜测
鲸凉鹤1.1手心挂接.txt	牧人	mxrf	mxrf	未知飞键、非音码或读音集合未覆盖；不猜测
鲸凉鹤1.1手心挂接.txt	母人	mxrf	mxrf	未知飞键、非音码或读音集合未覆盖；不猜测
鲸凉鹤1.1手心挂接.txt	木然	mxrj	mxrj	未知飞键、非音码或读音集合未覆盖；不猜测
鲸凉鹤1.1手心挂接.txt	穆然	mxrj	mxrj	未知飞键、非音码或读音集合未覆盖；不猜测
鲸凉鹤1.1手心挂接.txt	慕容	mxrs	mxrs	未知飞键、非音码或读音集合未覆盖；不猜测
鲸凉鹤1.1手心挂接.txt	母乳	mxru	mxru	未知飞键、非音码或读音集合未覆盖；不猜测
鲸凉鹤1.1手心挂接.txt	穆萨	mxsa	mxsa	未知飞键、非音码或读音集合未覆盖；不猜测
鲸凉鹤1.1手心挂接.txt	木塞	mxsd	mxsd	未知飞键、非音码或读音集合未覆盖；不猜测
鲸凉鹤1.1手心挂接.txt	暮色	mxse	mxse	未知飞键、非音码或读音集合未覆盖；不猜测
鲸凉鹤1.1手心挂接.txt	目涩	mxse	mxse	未知飞键、非音码或读音集合未覆盖；不猜测
鲸凉鹤1.1手心挂接.txt	木森	mxsf	mxsf	未知飞键、非音码或读音集合未覆盖；不猜测
鲸凉鹤1.1手心挂接.txt	慕斯	mxsi	mxsi	未知飞键、非音码或读音集合未覆盖；不猜测
鲸凉鹤1.1手心挂接.txt	钼酸	mxsr	mxsr	未知飞键、非音码或读音集合未覆盖；不猜测
鲸凉鹤1.1手心挂接.txt	目送	mxss	mxss	未知飞键、非音码或读音集合未覆盖；不猜测
鲸凉鹤1.1手心挂接.txt	木塑	mxsu	mxsu	未知飞键、非音码或读音集合未覆盖；不猜测
鲸凉鹤1.1手心挂接.txt	暮岁	mxsv	mxsv	未知飞键、非音码或读音集合未覆盖；不猜测
鲸凉鹤1.1手心挂接.txt	木榫	mxsy	mxsy	未知飞键、非音码或读音集合未覆盖；不猜测
鲸凉鹤1.1手心挂接.txt	木塔	mxta	mxta	未知飞键、非音码或读音集合未覆盖；不猜测
鲸凉鹤1.1手心挂接.txt	母胎	mxtd	mxtd	未知飞键、非音码或读音集合未覆盖；不猜测
鲸凉鹤1.1手心挂接.txt	穆特	mxte	mxte	未知飞键、非音码或读音集合未覆盖；不猜测
鲸凉鹤1.1手心挂接.txt	木糖	mxth	mxth	未知飞键、非音码或读音集合未覆盖；不猜测
鲸凉鹤1.1手心挂接.txt	母体	mxti	mxti	未知飞键、非音码或读音集合未覆盖；不猜测
鲸凉鹤1.1手心挂接.txt	木梯	mxti	mxti	未知飞键、非音码或读音集合未覆盖；不猜测
鲸凉鹤1.1手心挂接.txt	木炭	mxtj	mxtj	未知飞键、非音码或读音集合未覆盖；不猜测
鲸凉鹤1.1手心挂接.txt	木碳	mxtj	mxtj	未知飞键、非音码或读音集合未覆盖；不猜测
鲸凉鹤1.1手心挂接.txt	木梃	mxtk	mxtk	未知飞键、非音码或读音集合未覆盖；不猜测
鲸凉鹤1.1手心挂接.txt	目听	mxtk	mxtk	未知飞键、非音码或读音集合未覆盖；不猜测
鲸凉鹤1.1手心挂接.txt	牧田	mxtm	mxtm	未知飞键、非音码或读音集合未覆盖；不猜测
鲸凉鹤1.1手心挂接.txt	木条	mxtn	mxtn	未知飞键、非音码或读音集合未覆盖；不猜测
鲸凉鹤1.1手心挂接.txt	木托	mxto	mxto	未知飞键、非音码或读音集合未覆盖；不猜测
鲸凉鹤1.1手心挂接.txt	钼铁	mxtp	mxtp	未知飞键、非音码或读音集合未覆盖；不猜测
鲸凉鹤1.1手心挂接.txt	木桶	mxts	mxts	未知飞键、非音码或读音集合未覆盖；不猜测
鲸凉鹤1.1手心挂接.txt	牧童	mxts	mxts	未知飞键、非音码或读音集合未覆盖；不猜测
鲸凉鹤1.1手心挂接.txt	木图	mxtu	mxtu	未知飞键、非音码或读音集合未覆盖；不猜测
鲸凉鹤1.1手心挂接.txt	木头	mxtz	mxtz	未知飞键、非音码或读音集合未覆盖；不猜测
鲸凉鹤1.1手心挂接.txt	木啥	mxua	mxua	未知飞键、非音码或读音集合未覆盖；不猜测
鲸凉鹤1.1手心挂接.txt	木勺	mxuc	mxuc	未知飞键、非音码或读音集合未覆盖；不猜测
鲸凉鹤1.1手心挂接.txt	木神	mxuf	mxuf	未知飞键、非音码或读音集合未覆盖；不猜测
鲸凉鹤1.1手心挂接.txt	木生	mxug	mxug	未知飞键、非音码或读音集合未覆盖；不猜测
鲸凉鹤1.1手心挂接.txt	牧师	mxui	mxui	未知飞键、非音码或读音集合未覆盖；不猜测
鲸凉鹤1.1手心挂接.txt	墓室	mxui	mxui	未知飞键、非音码或读音集合未覆盖；不猜测
鲸凉鹤1.1手心挂接.txt	目视	mxui	mxui	未知飞键、非音码或读音集合未覆盖；不猜测
鲸凉鹤1.1手心挂接.txt	穆帅	mxuk	mxuk	未知飞键、非音码或读音集合未覆盖；不猜测
鲸凉鹤1.1手心挂接.txt	木说	mxuo	mxuo	未知飞键、非音码或读音集合未覆盖；不猜测
鲸凉鹤1.1手心挂接.txt	木栓	mxur	mxur	未知飞键、非音码或读音集合未覆盖；不猜测
鲸凉鹤1.1手心挂接.txt	木梳	mxuu	mxuu	未知飞键、非音码或读音集合未覆盖；不猜测
鲸凉鹤1.1手心挂接.txt	木薯	mxuu	mxuu	未知飞键、非音码或读音集合未覆盖；不猜测
鲸凉鹤1.1手心挂接.txt	母树	mxuu	mxuu	未知飞键、非音码或读音集合未覆盖；不猜测
鲸凉鹤1.1手心挂接.txt	目数	mxuu	mxuu	未知飞键、非音码或读音集合未覆盖；不猜测
鲸凉鹤1.1手心挂接.txt	牧守	mxuz	mxuz	未知飞键、非音码或读音集合未覆盖；不猜测
鲸凉鹤1.1手心挂接.txt	母兽	mxuz	mxuz	未知飞键、非音码或读音集合未覆盖；不猜测
鲸凉鹤1.1手心挂接.txt	木栅	mxva	mxva	未知飞键、非音码或读音集合未覆盖；不猜测
鲸凉鹤1.1手心挂接.txt	木吒	mxva	mxva	未知飞键、非音码或读音集合未覆盖；不猜测
鲸凉鹤1.1手心挂接.txt	牧者	mxve	mxve	未知飞键、非音码或读音集合未覆盖；不猜测
鲸凉鹤1.1手心挂接.txt	木枕	mxvf	mxvf	未知飞键、非音码或读音集合未覆盖；不猜测
鲸凉鹤1.1手心挂接.txt	木杖	mxvh	mxvh	未知飞键、非音码或读音集合未覆盖；不猜测
鲸凉鹤1.1手心挂接.txt	拇指	mxvi	mxvi	未知飞键、非音码或读音集合未覆盖；不猜测
鲸凉鹤1.1手心挂接.txt	木质	mxvi	mxvi	未知飞键、非音码或读音集合未覆盖；不猜测
鲸凉鹤1.1手心挂接.txt	木制	mxvi	mxvi	未知飞键、非音码或读音集合未覆盖；不猜测
鲸凉鹤1.1手心挂接.txt	拇战	mxvj	mxvj	未知飞键、非音码或读音集合未覆盖；不猜测
鲸凉鹤1.1手心挂接.txt	木桩	mxvl	mxvl	未知飞键、非音码或读音集合未覆盖；不猜测
鲸凉鹤1.1手心挂接.txt	木桌	mxvo	mxvo	未知飞键、非音码或读音集合未覆盖；不猜测
鲸凉鹤1.1手心挂接.txt	木砖	mxvr	mxvr	未知飞键、非音码或读音集合未覆盖；不猜测
鲸凉鹤1.1手心挂接.txt	目中	mxvs	mxvs	未知飞键、非音码或读音集合未覆盖；不猜测
鲸凉鹤1.1手心挂接.txt	墓中	mxvs	mxvs	未知飞键、非音码或读音集合未覆盖；不猜测
鲸凉鹤1.1手心挂接.txt	母猪	mxvu	mxvu	未知飞键、非音码或读音集合未覆盖；不猜测
鲸凉鹤1.1手心挂接.txt	木柱	mxvu	mxvu	未知飞键、非音码或读音集合未覆盖；不猜测
鲸凉鹤1.1手心挂接.txt	母株	mxvu	mxvu	未知飞键、非音码或读音集合未覆盖；不猜测
鲸凉鹤1.1手心挂接.txt	母锥	mxvv	mxvv	未知飞键、非音码或读音集合未覆盖；不猜测
鲸凉鹤1.1手心挂接.txt	木舟	mxvz	mxvz	未知飞键、非音码或读音集合未覆盖；不猜测
鲸凉鹤1.1手心挂接.txt	睦州	mxvz	mxvz	未知飞键、非音码或读音集合未覆盖；不猜测
鲸凉鹤1.1手心挂接.txt	木瓦	mxwa	mxwa	未知飞键、非音码或读音集合未覆盖；不猜测
鲸凉鹤1.1手心挂接.txt	木娃	mxwa	mxwa	未知飞键、非音码或读音集合未覆盖；不猜测
鲸凉鹤1.1手心挂接.txt	木纹	mxwf	mxwf	未知飞键、非音码或读音集合未覆盖；不猜测
鲸凉鹤1.1手心挂接.txt	木王	mxwh	mxwh	未知飞键、非音码或读音集合未覆盖；不猜测
鲸凉鹤1.1手心挂接.txt	木碗	mxwj	mxwj	未知飞键、非音码或读音集合未覆盖；不猜测
鲸凉鹤1.1手心挂接.txt	木玩	mxwj	mxwj	未知飞键、非音码或读音集合未覆盖；不猜测
鲸凉鹤1.1手心挂接.txt	木我	mxwo	mxwo	未知飞键、非音码或读音集合未覆盖；不猜测
鲸凉鹤1.1手心挂接.txt	木屋	mxwu	mxwu	未知飞键、非音码或读音集合未覆盖；不猜测
鲸凉鹤1.1手心挂接.txt	目无	mxwu	mxwu	未知飞键、非音码或读音集合未覆盖；不猜测
鲸凉鹤1.1手心挂接.txt	木心	mxxb	mxxb	未知飞键、非音码或读音集合未覆盖；不猜测
鲸凉鹤1.1手心挂接.txt	母系	mxxi	mxxi	未知飞键、非音码或读音集合未覆盖；不猜测
鲸凉鹤1.1手心挂接.txt	木系	mxxi	mxxi	未知飞键、非音码或读音集合未覆盖；不猜测
鲸凉鹤1.1手心挂接.txt	母性	mxxk	mxxk	未知飞键、非音码或读音集合未覆盖；不猜测
鲸凉鹤1.1手心挂接.txt	木星	mxxk	mxxk	未知飞键、非音码或读音集合未覆盖；不猜测
鲸凉鹤1.1手心挂接.txt	母星	mxxk	mxxk	未知飞键、非音码或读音集合未覆盖；不猜测
鲸凉鹤1.1手心挂接.txt	木箱	mxxl	mxxl	未知飞键、非音码或读音集合未覆盖；不猜测
鲸凉鹤1.1手心挂接.txt	木香	mxxl	mxxl	未知飞键、非音码或读音集合未覆盖；不猜测
鲸凉鹤1.1手心挂接.txt	母线	mxxm	mxxm	未知飞键、非音码或读音集合未覆盖；不猜测
鲸凉鹤1.1手心挂接.txt	木锨	mxxm	mxxm	未知飞键、非音码或读音集合未覆盖；不猜测
鲸凉鹤1.1手心挂接.txt	母校	mxxn	mxxn	未知飞键、非音码或读音集合未覆盖；不猜测
鲸凉鹤1.1手心挂接.txt	木箫	mxxn	mxxn	未知飞键、非音码或读音集合未覆盖；不猜测
鲸凉鹤1.1手心挂接.txt	木屑	mxxp	mxxp	未知飞键、非音码或读音集合未覆盖；不猜测
鲸凉鹤1.1手心挂接.txt	母蟹	mxxp	mxxp	未知飞键、非音码或读音集合未覆盖；不猜测
鲸凉鹤1.1手心挂接.txt	木鞋	mxxp	mxxp	未知飞键、非音码或读音集合未覆盖；不猜测
鲸凉鹤1.1手心挂接.txt	木楔	mxxp	mxxp	未知飞键、非音码或读音集合未覆盖；不猜测
鲸凉鹤1.1手心挂接.txt	目眩	mxxr	mxxr	未知飞键、非音码或读音集合未覆盖；不猜测
鲸凉鹤1.1手心挂接.txt	母熊	mxxs	mxxs	未知飞键、非音码或读音集合未覆盖；不猜测
鲸凉鹤1.1手心挂接.txt	墓穴	mxxt	mxxt	未知飞键、非音码或读音集合未覆盖；不猜测
鲸凉鹤1.1手心挂接.txt	暮雪	mxxt	mxxt	未知飞键、非音码或读音集合未覆盖；不猜测
鲸凉鹤1.1手心挂接.txt	苜蓿	mxxu	mxxu	未知飞键、非音码或读音集合未覆盖；不猜测
鲸凉鹤1.1手心挂接.txt	木须	mxxu	mxxu	未知飞键、非音码或读音集合未覆盖；不猜测
鲸凉鹤1.1手心挂接.txt	木匣	mxxx	mxxx	未知飞键、非音码或读音集合未覆盖；不猜测
鲸凉鹤1.1手心挂接.txt	目下	mxxx	mxxx	未知飞键、非音码或读音集合未覆盖；不猜测
鲸凉鹤1.1手心挂接.txt	母鸭	mxya	mxya	未知飞键、非音码或读音集合未覆盖；不猜测
鲸凉鹤1.1手心挂接.txt	目押	mxya	mxya	未知飞键、非音码或读音集合未覆盖；不猜测
鲸凉鹤1.1手心挂接.txt	母音	mxyb	mxyb	未知飞键、非音码或读音集合未覆盖；不猜测
鲸凉鹤1.1手心挂接.txt	牧业	mxye	mxye	未知飞键、非音码或读音集合未覆盖；不猜测
鲸凉鹤1.1手心挂接.txt	木叶	mxye	mxye	未知飞键、非音码或读音集合未覆盖；不猜测
鲸凉鹤1.1手心挂接.txt	牧野	mxye	mxye	未知飞键、非音码或读音集合未覆盖；不猜测
鲸凉鹤1.1手心挂接.txt	木业	mxye	mxye	未知飞键、非音码或读音集合未覆盖；不猜测
鲸凉鹤1.1手心挂接.txt	慕言	mxyf	mxyf	未知飞键、非音码或读音集合未覆盖；不猜测
鲸凉鹤1.1手心挂接.txt	沐浴	mxyg	mxyg	未知飞键、非音码或读音集合未覆盖；不猜测
鲸凉鹤1.1手心挂接.txt	母语	mxyg	mxyg	未知飞键、非音码或读音集合未覆盖；不猜测
鲸凉鹤1.1手心挂接.txt	木鱼	mxyg	mxyg	未知飞键、非音码或读音集合未覆盖；不猜测
鲸凉鹤1.1手心挂接.txt	沐雨	mxyg	mxyg	未知飞键、非音码或读音集合未覆盖；不猜测
鲸凉鹤1.1手心挂接.txt	模样	mxyh	mxyh	未知飞键、非音码或读音集合未覆盖；不猜测
鲸凉鹤1.1手心挂接.txt	牧羊	mxyh	mxyh	未知飞键、非音码或读音集合未覆盖；不猜测
鲸凉鹤1.1手心挂接.txt	母羊	mxyh	mxyh	未知飞键、非音码或读音集合未覆盖；不猜测
鲸凉鹤1.1手心挂接.txt	木椅	mxyi	mxyi	未知飞键、非音码或读音集合未覆盖；不猜测
鲸凉鹤1.1手心挂接.txt	木艺	mxyi	mxyi	未知飞键、非音码或读音集合未覆盖；不猜测
鲸凉鹤1.1手心挂接.txt	木易	mxyi	mxyi	未知飞键、非音码或读音集合未覆盖；不猜测
鲸凉鹤1.1手心挂接.txt	慕言	mxyj	mxyj	未知飞键、非音码或读音集合未覆盖；不猜测
鲸凉鹤1.1手心挂接.txt	母婴	mxyk	mxyk	未知飞键、非音码或读音集合未覆盖；不猜测
鲸凉鹤1.1手心挂接.txt	墓园	mxyr	mxyr	未知飞键、非音码或读音集合未覆盖；不猜测
鲸凉鹤1.1手心挂接.txt	木俑	mxys	mxys	未知飞键、非音码或读音集合未覆盖；不猜测
鲸凉鹤1.1手心挂接.txt	睦月	mxyt	mxyt	未知飞键、非音码或读音集合未覆盖；不猜测
鲸凉鹤1.1手心挂接.txt	沐浴	mxyu	mxyu	未知飞键、非音码或读音集合未覆盖；不猜测
鲸凉鹤1.1手心挂接.txt	母语	mxyu	mxyu	未知飞键、非音码或读音集合未覆盖；不猜测
鲸凉鹤1.1手心挂接.txt	木鱼	mxyu	mxyu	未知飞键、非音码或读音集合未覆盖；不猜测
鲸凉鹤1.1手心挂接.txt	沐雨	mxyu	mxyu	未知飞键、非音码或读音集合未覆盖；不猜测
鲸凉鹤1.1手心挂接.txt	暮云	mxyy	mxyy	未知飞键、非音码或读音集合未覆盖；不猜测
鲸凉鹤1.1手心挂接.txt	木有	mxyz	mxyz	未知飞键、非音码或读音集合未覆盖；不猜测
鲸凉鹤1.1手心挂接.txt	木咋	mxza	mxza	未知飞键、非音码或读音集合未覆盖；不猜测
鲸凉鹤1.1手心挂接.txt	木仔	mxzd	mxzd	未知飞键、非音码或读音集合未覆盖；不猜测
鲸凉鹤1.1手心挂接.txt	沐泽	mxze	mxze	未知飞键、非音码或读音集合未覆盖；不猜测
鲸凉鹤1.1手心挂接.txt	墓葬	mxzh	mxzh	未知飞键、非音码或读音集合未覆盖；不猜测
鲸凉鹤1.1手心挂接.txt	母子	mxzi	mxzi	未知飞键、非音码或读音集合未覆盖；不猜测
鲸凉鹤1.1手心挂接.txt	模子	mxzi	mxzi	未知飞键、非音码或读音集合未覆盖；不猜测
鲸凉鹤1.1手心挂接.txt	木簪	mxzj	mxzj	未知飞键、非音码或读音集合未覆盖；不猜测
鲸凉鹤1.1手心挂接.txt	木作	mxzo	mxzo	未知飞键、非音码或读音集合未覆盖；不猜测
鲸凉鹤1.1手心挂接.txt	木钻	mxzr	mxzr	未知飞键、非音码或读音集合未覆盖；不猜测
鲸凉鹤1.1手心挂接.txt	穆总	mxzs	mxzs	未知飞键、非音码或读音集合未覆盖；不猜测
鲸凉鹤1.1手心挂接.txt	沐足	mxzu	mxzu	未知飞键、非音码或读音集合未覆盖；不猜测
鲸凉鹤1.1手心挂接.txt	牟丛	mzcl	mzcl	未知飞键、非音码或读音集合未覆盖；不猜测
鲸凉鹤1.1手心挂接.txt	谋道	mzdl	mzdl	未知飞键、非音码或读音集合未覆盖；不猜测
鲸凉鹤1.1手心挂接.txt	某件	mzjz	mzjz	未知飞键、非音码或读音集合未覆盖；不猜测
鲸凉鹤1.1手心挂接.txt	某男	mznz	mznz	未知飞键、非音码或读音集合未覆盖；不猜测
鲸凉鹤1.1手心挂接.txt	牟平	mzpx	mzpx	未知飞键、非音码或读音集合未覆盖；不猜测
鲸凉鹤1.1手心挂接.txt	牟山	mzus	mzus	未知飞键、非音码或读音集合未覆盖；不猜测
鲸凉鹤1.1手心挂接.txt	拿到	nadl	nadl	未知飞键、非音码或读音集合未覆盖；不猜测
鲸凉鹤1.1手心挂接.txt	拿刀	nadl	nadl	未知飞键、非音码或读音集合未覆盖；不猜测
鲸凉鹤1.1手心挂接.txt	哪管	nagp	nagp	未知飞键、非音码或读音集合未覆盖；不猜测
鲸凉鹤1.1手心挂接.txt	那关	nagp	nagp	未知飞键、非音码或读音集合未覆盖；不猜测
鲸凉鹤1.1手心挂接.txt	哪几	naje	naje	未知飞键、非音码或读音集合未覆盖；不猜测
鲸凉鹤1.1手心挂接.txt	那几	naje	naje	未知飞键、非音码或读音集合未覆盖；不猜测
鲸凉鹤1.1手心挂接.txt	那道	najf	najf	未知飞键、非音码或读音集合未覆盖；不猜测
鲸凉鹤1.1手心挂接.txt	哪道	najf	najf	未知飞键、非音码或读音集合未覆盖；不猜测
鲸凉鹤1.1手心挂接.txt	那件	najz	najz	未知飞键、非音码或读音集合未覆盖；不猜测
鲸凉鹤1.1手心挂接.txt	那间	najz	najz	未知飞键、非音码或读音集合未覆盖；不猜测
鲸凉鹤1.1手心挂接.txt	纳谏	najz	najz	未知飞键、非音码或读音集合未覆盖；不猜测
鲸凉鹤1.1手心挂接.txt	那列	nalf	nalf	未知飞键、非音码或读音集合未覆盖；不猜测
鲸凉鹤1.1手心挂接.txt	娜姆	namx	namx	未知飞键、非音码或读音集合未覆盖；不猜测
鲸凉鹤1.1手心挂接.txt	那批	nape	nape	未知飞键、非音码或读音集合未覆盖；不猜测
鲸凉鹤1.1手心挂接.txt	那匹	nape	nape	未知飞键、非音码或读音集合未覆盖；不猜测
鲸凉鹤1.1手心挂接.txt	那瓶	napx	napx	未知飞键、非音码或读音集合未覆盖；不猜测
鲸凉鹤1.1手心挂接.txt	拿起	naqe	naqe	未知飞键、非音码或读音集合未覆盖；不猜测
鲸凉鹤1.1手心挂接.txt	那扇	naus	naus	未知飞键、非音码或读音集合未覆盖；不猜测
鲸凉鹤1.1手心挂接.txt	纳徵	navg	navg	未知飞键、非音码或读音集合未覆盖；不猜测
鲸凉鹤1.1手心挂接.txt	拿证	navk	navk	未知飞键、非音码或读音集合未覆盖；不猜测
鲸凉鹤1.1手心挂接.txt	纳徵	navk	navk	未知飞键、非音码或读音集合未覆盖；不猜测
鲸凉鹤1.1手心挂接.txt	钠盐	nayf	nayf	未知飞键、非音码或读音集合未覆盖；不猜测
鲸凉鹤1.1手心挂接.txt	拿烟	nayf	nayf	未知飞键、非音码或读音集合未覆盖；不猜测
鲸凉鹤1.1手心挂接.txt	那与	nayg	nayg	未知飞键、非音码或读音集合未覆盖；不猜测
鲸凉鹤1.1手心挂接.txt	那咱	naza	naza	未知飞键、非音码或读音集合未覆盖；不猜测
鲸凉鹤1.1手心挂接.txt	您到	nbdl	nbdl	未知飞键、非音码或读音集合未覆盖；不猜测
鲸凉鹤1.1手心挂接.txt	您慢	nbmr	nbmr	未知飞键、非音码或读音集合未覆盖；不猜测
鲸凉鹤1.1手心挂接.txt	闹到	ncdl	ncdl	未知飞键、非音码或读音集合未覆盖；不猜测
鲸凉鹤1.1手心挂接.txt	闹鬼	ncgi	ncgi	未知飞键、非音码或读音集合未覆盖；不猜测
鲸凉鹤1.1手心挂接.txt	脑间	ncjz	ncjz	未知飞键、非音码或读音集合未覆盖；不猜测
鲸凉鹤1.1手心挂接.txt	脑男	ncnz	ncnz	未知飞键、非音码或读音集合未覆盖；不猜测
鲸凉鹤1.1手心挂接.txt	脑皮	ncpe	ncpe	未知飞键、非音码或读音集合未覆盖；不猜测
鲸凉鹤1.1手心挂接.txt	挠破	ncps	ncps	未知飞键、非音码或读音集合未覆盖；不猜测
鲸凉鹤1.1手心挂接.txt	脑婆	ncps	ncps	未知飞键、非音码或读音集合未覆盖；不猜测
鲸凉鹤1.1手心挂接.txt	脑疝	ncus	ncus	未知飞键、非音码或读音集合未覆盖；不猜测
鲸凉鹤1.1手心挂接.txt	恼羞	ncxo	ncxo	未知飞键、非音码或读音集合未覆盖；不猜测
鲸凉鹤1.1手心挂接.txt	脑炎	ncyf	ncyf	未知飞键、非音码或读音集合未覆盖；不猜测
鲸凉鹤1.1手心挂接.txt	耐艹	ndcc	ndcc	未知飞键、非音码或读音集合未覆盖；不猜测
鲸凉鹤1.1手心挂接.txt	褦襶	nddd	nddd	未知飞键、非音码或读音集合未覆盖；不猜测
鲸凉鹤1.1手心挂接.txt	乃刀	nddl	nddl	未知飞键、非音码或读音集合未覆盖；不猜测
鲸凉鹤1.1手心挂接.txt	耐打	nddw	nddw	未知飞键、非音码或读音集合未覆盖；不猜测
鲸凉鹤1.1手心挂接.txt	奶罐	ndgp	ndgp	未知飞键、非音码或读音集合未覆盖；不猜测
鲸凉鹤1.1手心挂接.txt	氖管	ndgp	ndgp	未知飞键、非音码或读音集合未覆盖；不猜测
鲸凉鹤1.1手心挂接.txt	耐碱	ndjz	ndjz	未知飞键、非音码或读音集合未覆盖；不猜测
鲸凉鹤1.1手心挂接.txt	奈曼	ndmr	ndmr	未知飞键、非音码或读音集合未覆盖；不猜测
鲸凉鹤1.1手心挂接.txt	奶母	ndmx	ndmx	未知飞键、非音码或读音集合未覆盖；不猜测
鲸凉鹤1.1手心挂接.txt	奶皮	ndpe	ndpe	未知飞键、非音码或读音集合未覆盖；不猜测
鲸凉鹤1.1手心挂接.txt	奶瓶	ndpx	ndpx	未知飞键、非音码或读音集合未覆盖；不猜测
鲸凉鹤1.1手心挂接.txt	嫩慢	nfmr	nfmr	未知飞键、非音码或读音集合未覆盖；不猜测
鲸凉鹤1.1手心挂接.txt	嫩皮	nfpe	nfpe	未知飞键、非音码或读音集合未覆盖；不猜测
鲸凉鹤1.1手心挂接.txt	能从	ngcl	ngcl	未知飞键、非音码或读音集合未覆盖；不猜测
鲸凉鹤1.1手心挂接.txt	能到	ngdl	ngdl	未知飞键、非音码或读音集合未覆盖；不猜测
鲸凉鹤1.1手心挂接.txt	能打	ngdw	ngdw	未知飞键、非音码或读音集合未覆盖；不猜测
鲸凉鹤1.1手心挂接.txt	能关	nggp	nggp	未知飞键、非音码或读音集合未覆盖；不猜测
鲸凉鹤1.1手心挂接.txt	能见	ngjz	ngjz	未知飞键、非音码或读音集合未覆盖；不猜测
鲸凉鹤1.1手心挂接.txt	能批	ngpe	ngpe	未知飞键、非音码或读音集合未覆盖；不猜测
鲸凉鹤1.1手心挂接.txt	能破	ngps	ngps	未知飞键、非音码或读音集合未覆盖；不猜测
鲸凉鹤1.1手心挂接.txt	能退	ngtl	ngtl	未知飞键、非音码或读音集合未覆盖；不猜测
鲸凉鹤1.1手心挂接.txt	能删	ngus	ngus	未知飞键、非音码或读音集合未覆盖；不猜测
鲸凉鹤1.1手心挂接.txt	能挣	ngvk	ngvk	未知飞键、非音码或读音集合未覆盖；不猜测
鲸凉鹤1.1手心挂接.txt	能整	ngvk	ngvk	未知飞键、非音码或读音集合未覆盖；不猜测
鲸凉鹤1.1手心挂接.txt	能向	ngxj	ngxj	未知飞键、非音码或读音集合未覆盖；不猜测
鲸凉鹤1.1手心挂接.txt	能言	ngyf	ngyf	未知飞键、非音码或读音集合未覆盖；不猜测
鲸凉鹤1.1手心挂接.txt	能演	ngyf	ngyf	未知飞键、非音码或读音集合未覆盖；不猜测
鲸凉鹤1.1手心挂接.txt	能与	ngyg	ngyg	未知飞键、非音码或读音集合未覆盖；不猜测
鲸凉鹤1.1手心挂接.txt	你从	nicl	nicl	未知飞键、非音码或读音集合未覆盖；不猜测
鲸凉鹤1.1手心挂接.txt	你到	nidl	nidl	未知飞键、非音码或读音集合未覆盖；不猜测
鲸凉鹤1.1手心挂接.txt	疑点	nidm	nidm	未知飞键、非音码或读音集合未覆盖；不猜测
鲸凉鹤1.1手心挂接.txt	你屌	nidn	nidn	未知飞键、非音码或读音集合未覆盖；不猜测
鲸凉鹤1.1手心挂接.txt	你诶	niei	niei	未知飞键、非音码或读音集合未覆盖；不猜测
鲸凉鹤1.1手心挂接.txt	你管	nigp	nigp	未知飞键、非音码或读音集合未覆盖；不猜测
鲸凉鹤1.1手心挂接.txt	霓裳	niih	niih	未知飞键、非音码或读音集合未覆盖；不猜测
鲸凉鹤1.1手心挂接.txt	你见	nijz	nijz	未知飞键、非音码或读音集合未覆盖；不猜测
鲸凉鹤1.1手心挂接.txt	拟建	nijz	nijz	未知飞键、非音码或读音集合未覆盖；不猜测
鲸凉鹤1.1手心挂接.txt	你咧	nilf	nilf	未知飞键、非音码或读音集合未覆盖；不猜测
鲸凉鹤1.1手心挂接.txt	你咯	nilo	nilo	未知飞键、非音码或读音集合未覆盖；不猜测
鲸凉鹤1.1手心挂接.txt	你满	nimr	nimr	未知飞键、非音码或读音集合未覆盖；不猜测
鲸凉鹤1.1手心挂接.txt	尼姆	nimx	nimx	未知飞键、非音码或读音集合未覆盖；不猜测
鲸凉鹤1.1手心挂接.txt	呢喃	ninz	ninz	未知飞键、非音码或读音集合未覆盖；不猜测
鲸凉鹤1.1手心挂接.txt	泥坯	nipe	nipe	未知飞键、非音码或读音集合未覆盖；不猜测
鲸凉鹤1.1手心挂接.txt	泥皮	nipe	nipe	未知飞键、非音码或读音集合未覆盖；不猜测
鲸凉鹤1.1手心挂接.txt	倪萍	nipx	nipx	未知飞键、非音码或读音集合未覆盖；不猜测
鲸凉鹤1.1手心挂接.txt	逆推	nitl	nitl	未知飞键、非音码或读音集合未覆盖；不猜测
鲸凉鹤1.1手心挂接.txt	你删	nius	nius	未知飞键、非音码或读音集合未覆盖；不猜测
鲸凉鹤1.1手心挂接.txt	你挣	nivk	nivk	未知飞键、非音码或读音集合未覆盖；不猜测
鲸凉鹤1.1手心挂接.txt	泥淖	nivo	nivo	未知飞键、非音码或读音集合未覆盖；不猜测
鲸凉鹤1.1手心挂接.txt	逆向	nixj	nixj	未知飞键、非音码或读音集合未覆盖；不猜测
鲸凉鹤1.1手心挂接.txt	你秀	nixo	nixo	未知飞键、非音码或读音集合未覆盖；不猜测
鲸凉鹤1.1手心挂接.txt	泥岩	niyf	niyf	未知飞键、非音码或读音集合未覆盖；不猜测
鲸凉鹤1.1手心挂接.txt	你与	niyg	niyg	未知飞键、非音码或读音集合未覆盖；不猜测
鲸凉鹤1.1手心挂接.txt	你总	nizl	nizl	未知飞键、非音码或读音集合未覆盖；不猜测
鲸凉鹤1.1手心挂接.txt	难捱	njai	njai	未知飞键、非音码或读音集合未覆盖；不猜测
鲸凉鹤1.1手心挂接.txt	难道	njdl	njdl	未知飞键、非音码或读音集合未覆盖；不猜测
鲸凉鹤1.1手心挂接.txt	难倒	njdl	njdl	未知飞键、非音码或读音集合未覆盖；不猜测
鲸凉鹤1.1手心挂接.txt	难打	njdw	njdw	未知飞键、非音码或读音集合未覆盖；不猜测
鲸凉鹤1.1手心挂接.txt	男鬼	njgi	njgi	未知飞键、非音码或读音集合未覆盖；不猜测
鲸凉鹤1.1手心挂接.txt	南归	njgi	njgi	未知飞键、非音码或读音集合未覆盖；不猜测
鲸凉鹤1.1手心挂接.txt	难关	njgp	njgp	未知飞键、非音码或读音集合未覆盖；不猜测
鲸凉鹤1.1手心挂接.txt	难管	njgp	njgp	未知飞键、非音码或读音集合未覆盖；不猜测
鲸凉鹤1.1手心挂接.txt	难道	njjf	njjf	未知飞键、非音码或读音集合未覆盖；不猜测
鲸凉鹤1.1手心挂接.txt	难见	njjz	njjz	未知飞键、非音码或读音集合未覆盖；不猜测
鲸凉鹤1.1手心挂接.txt	南蛮	njmr	njmr	未知飞键、非音码或读音集合未覆盖；不猜测
鲸凉鹤1.1手心挂接.txt	楠木	njmx	njmx	未知飞键、非音码或读音集合未覆盖；不猜测
鲸凉鹤1.1手心挂接.txt	南皮	njpe	njpe	未知飞键、非音码或读音集合未覆盖；不猜测
鲸凉鹤1.1手心挂接.txt	难平	njpx	njpx	未知飞键、非音码或读音集合未覆盖；不猜测
鲸凉鹤1.1手心挂接.txt	难评	njpx	njpx	未知飞键、非音码或读音集合未覆盖；不猜测
鲸凉鹤1.1手心挂接.txt	男乒	njpx	njpx	未知飞键、非音码或读音集合未覆盖；不猜测
鲸凉鹤1.1手心挂接.txt	难退	njtl	njtl	未知飞键、非音码或读音集合未覆盖；不猜测
鲸凉鹤1.1手心挂接.txt	南山	njus	njus	未知飞键、非音码或读音集合未覆盖；不猜测
鲸凉鹤1.1手心挂接.txt	南征	njvk	njvk	未知飞键、非音码或读音集合未覆盖；不猜测
鲸凉鹤1.1手心挂接.txt	难整	njvk	njvk	未知飞键、非音码或读音集合未覆盖；不猜测
鲸凉鹤1.1手心挂接.txt	难挣	njvk	njvk	未知飞键、非音码或读音集合未覆盖；不猜测
鲸凉鹤1.1手心挂接.txt	南向	njxj	njxj	未知飞键、非音码或读音集合未覆盖；不猜测
鲸凉鹤1.1手心挂接.txt	难修	njxo	njxo	未知飞键、非音码或读音集合未覆盖；不猜测
鲸凉鹤1.1手心挂接.txt	难休	njxo	njxo	未知飞键、非音码或读音集合未覆盖；不猜测
鲸凉鹤1.1手心挂接.txt	难言	njyf	njyf	未知飞键、非音码或读音集合未覆盖；不猜测
鲸凉鹤1.1手心挂接.txt	难掩	njyf	njyf	未知飞键、非音码或读音集合未覆盖；不猜测
鲸凉鹤1.1手心挂接.txt	赧颜	njyf	njyf	未知飞键、非音码或读音集合未覆盖；不猜测
鲸凉鹤1.1手心挂接.txt	难于	njyg	njyg	未知飞键、非音码或读音集合未覆盖；不猜测
鲸凉鹤1.1手心挂接.txt	难遇	njyg	njyg	未知飞键、非音码或读音集合未覆盖；不猜测
鲸凉鹤1.1手心挂接.txt	宁官	nkgp	nkgp	未知飞键、非音码或读音集合未覆盖；不猜测
鲸凉鹤1.1手心挂接.txt	宁建	nkjz	nkjz	未知飞键、非音码或读音集合未覆盖；不猜测
鲸凉鹤1.1手心挂接.txt	凝目	nkmx	nkmx	未知飞键、非音码或读音集合未覆盖；不猜测
鲸凉鹤1.1手心挂接.txt	宁南	nknz	nknz	未知飞键、非音码或读音集合未覆盖；不猜测
鲸凉鹤1.1手心挂接.txt	宁平	nkpx	nkpx	未知飞键、非音码或读音集合未覆盖；不猜测
鲸凉鹤1.1手心挂接.txt	拧起	nkqe	nkqe	未知飞键、非音码或读音集合未覆盖；不猜测
鲸凉鹤1.1手心挂接.txt	宁陕	nkus	nkus	未知飞键、非音码或读音集合未覆盖；不猜测
鲸凉鹤1.1手心挂接.txt	宁宇	nkyg	nkyg	未知飞键、非音码或读音集合未覆盖；不猜测
鲸凉鹤1.1手心挂接.txt	娘道	nldl	nldl	未知飞键、非音码或读音集合未覆盖；不猜测
鲸凉鹤1.1手心挂接.txt	娘母	nlmx	nlmx	未知飞键、非音码或读音集合未覆盖；不猜测
鲸凉鹤1.1手心挂接.txt	孃孃	nlnl	nlnl	未知飞键、非音码或读音集合未覆盖；不猜测
鲸凉鹤1.1手心挂接.txt	酿皮	nlpe	nlpe	未知飞键、非音码或读音集合未覆盖；不猜测
鲸凉鹤1.1手心挂接.txt	念叨	nmdl	nmdl	未知飞键、非音码或读音集合未覆盖；不猜测
鲸凉鹤1.1手心挂接.txt	念道	nmdl	nmdl	未知飞键、非音码或读音集合未覆盖；不猜测
鲸凉鹤1.1手心挂接.txt	年关	nmgp	nmgp	未知飞键、非音码或读音集合未覆盖；不猜测
鲸凉鹤1.1手心挂接.txt	辇官	nmgp	nmgp	未知飞键、非音码或读音集合未覆盖；不猜测
鲸凉鹤1.1手心挂接.txt	念道	nmjf	nmjf	未知飞键、非音码或读音集合未覆盖；不猜测
鲸凉鹤1.1手心挂接.txt	年检	nmjz	nmjz	未知飞键、非音码或读音集合未覆盖；不猜测
鲸凉鹤1.1手心挂接.txt	年鉴	nmjz	nmjz	未知飞键、非音码或读音集合未覆盖；不猜测
鲸凉鹤1.1手心挂接.txt	年满	nmmr	nmmr	未知飞键、非音码或读音集合未覆盖；不猜测
鲸凉鹤1.1手心挂接.txt	碾平	nmpx	nmpx	未知飞键、非音码或读音集合未覆盖；不猜测
鲸凉鹤1.1手心挂接.txt	拈起	nmqe	nmqe	未知飞键、非音码或读音集合未覆盖；不猜测
鲸凉鹤1.1手心挂接.txt	年休	nmxo	nmxo	未知飞键、非音码或读音集合未覆盖；不猜测
鲸凉鹤1.1手心挂接.txt	鲶鱼	nmyg	nmyg	未知飞键、非音码或读音集合未覆盖；不猜测
鲸凉鹤1.1手心挂接.txt	鲇鱼	nmyg	nmyg	未知飞键、非音码或读音集合未覆盖；不猜测
鲸凉鹤1.1手心挂接.txt	鲶鱼	nmyu	nmyu	未知飞键、非音码或读音集合未覆盖；不猜测
鲸凉鹤1.1手心挂接.txt	尿道	nndl	nndl	未知飞键、非音码或读音集合未覆盖；不猜测
鲸凉鹤1.1手心挂接.txt	嗯对	nndv	nndv	未知飞键、非音码或读音集合未覆盖；不猜测
鲸凉鹤1.1手心挂接.txt	尿管	nngp	nngp	未知飞键、非音码或读音集合未覆盖；不猜测
鲸凉鹤1.1手心挂接.txt	尿道	nnjf	nnjf	未知飞键、非音码或读音集合未覆盖；不猜测
鲸凉鹤1.1手心挂接.txt	尿检	nnjz	nnjz	未知飞键、非音码或读音集合未覆盖；不猜测
鲸凉鹤1.1手心挂接.txt	尿碱	nnjz	nnjz	未知飞键、非音码或读音集合未覆盖；不猜测
鲸凉鹤1.1手心挂接.txt	鸟皮	nnpe	nnpe	未知飞键、非音码或读音集合未覆盖；不猜测
鲸凉鹤1.1手心挂接.txt	溺死	nnsi	nnsi	未知飞键、非音码或读音集合未覆盖；不猜测
鲸凉鹤1.1手心挂接.txt	鸟山	nnus	nnus	未知飞键、非音码或读音集合未覆盖；不猜测
鲸凉鹤1.1手心挂接.txt	鸟眼	nnyf	nnyf	未知飞键、非音码或读音集合未覆盖；不猜测
鲸凉鹤1.1手心挂接.txt	鸟语	nnyg	nnyg	未知飞键、非音码或读音集合未覆盖；不猜测
鲸凉鹤1.1手心挂接.txt	挪到	nodl	nodl	未知飞键、非音码或读音集合未覆盖；不猜测
鲸凉鹤1.1手心挂接.txt	诺冠	nogp	nogp	未知飞键、非音码或读音集合未覆盖；不猜测
鲸凉鹤1.1手心挂接.txt	诺曼	nomr	nomr	未知飞键、非音码或读音集合未覆盖；不猜测
鲸凉鹤1.1手心挂接.txt	诺言	noyf	noyf	未知飞键、非音码或读音集合未覆盖；不猜测
鲸凉鹤1.1手心挂接.txt	捏到	npdl	npdl	未知飞键、非音码或读音集合未覆盖；不猜测
鲸凉鹤1.1手心挂接.txt	孽鬼	npgi	npgi	未知飞键、非音码或读音集合未覆盖；不猜测
鲸凉鹤1.1手心挂接.txt	捏起	npqe	npqe	未知飞键、非音码或读音集合未覆盖；不猜测
鲸凉鹤1.1手心挂接.txt	摄生	npug	npug	未知飞键、非音码或读音集合未覆盖；不猜测
鲸凉鹤1.1手心挂接.txt	聂政	npvk	npvk	未知飞键、非音码或读音集合未覆盖；不猜测
鲸凉鹤1.1手心挂接.txt	嗫嚅	npxu	npxu	未知飞键、非音码或读音集合未覆盖；不猜测
鲸凉鹤1.1手心挂接.txt	孽欲	npyg	npyg	未知飞键、非音码或读音集合未覆盖；不猜测
鲸凉鹤1.1手心挂接.txt	蹑踪	npzl	npzl	未知飞键、非音码或读音集合未覆盖；不猜测
鲸凉鹤1.1手心挂接.txt	扭到	nqdl	nqdl	未知飞键、非音码或读音集合未覆盖；不猜测
鲸凉鹤1.1手心挂接.txt	牛刀	nqdl	nqdl	未知飞键、非音码或读音集合未覆盖；不猜测
鲸凉鹤1.1手心挂接.txt	牛屌	nqdn	nqdn	未知飞键、非音码或读音集合未覆盖；不猜测
鲸凉鹤1.1手心挂接.txt	牛丼	nqds	nqds	未知飞键、非音码或读音集合未覆盖；不猜测
鲸凉鹤1.1手心挂接.txt	扭打	nqdw	nqdw	未知飞键、非音码或读音集合未覆盖；不猜测
鲸凉鹤1.1手心挂接.txt	牛鬼	nqgi	nqgi	未知飞键、非音码或读音集合未覆盖；不猜测
鲸凉鹤1.1手心挂接.txt	牛倌	nqgp	nqgp	未知飞键、非音码或读音集合未覆盖；不猜测
鲸凉鹤1.1手心挂接.txt	牛腱	nqjz	nqjz	未知飞键、非音码或读音集合未覆盖；不猜测
鲸凉鹤1.1手心挂接.txt	牛虻	nqmh	nqmh	未知飞键、非音码或读音集合未覆盖；不猜测
鲸凉鹤1.1手心挂接.txt	纽曼	nqmr	nqmr	未知飞键、非音码或读音集合未覆盖；不猜测
鲸凉鹤1.1手心挂接.txt	牛腩	nqnz	nqnz	未知飞键、非音码或读音集合未覆盖；不猜测
鲸凉鹤1.1手心挂接.txt	牛皮	nqpe	nqpe	未知飞键、非音码或读音集合未覆盖；不猜测
鲸凉鹤1.1手心挂接.txt	牛批	nqpe	nqpe	未知飞键、非音码或读音集合未覆盖；不猜测
鲸凉鹤1.1手心挂接.txt	牛腿	nqtl	nqtl	未知飞键、非音码或读音集合未覆盖；不猜测
鲸凉鹤1.1手心挂接.txt	牛山	nqus	nqus	未知飞键、非音码或读音集合未覆盖；不猜测
鲸凉鹤1.1手心挂接.txt	牛争	nqvk	nqvk	未知飞键、非音码或读音集合未覆盖；不猜测
鲸凉鹤1.1手心挂接.txt	牛眼	nqyf	nqyf	未知飞键、非音码或读音集合未覆盖；不猜测
鲸凉鹤1.1手心挂接.txt	牛玉	nqyg	nqyg	未知飞键、非音码或读音集合未覆盖；不猜测
鲸凉鹤1.1手心挂接.txt	牛总	nqzl	nqzl	未知飞键、非音码或读音集合未覆盖；不猜测
鲸凉鹤1.1手心挂接.txt	暖岛	nrdl	nrdl	未知飞键、非音码或读音集合未覆盖；不猜测
鲸凉鹤1.1手心挂接.txt	暖管	nrgp	nrgp	未知飞键、非音码或读音集合未覆盖；不猜测
鲸凉鹤1.1手心挂接.txt	暖男	nrnz	nrnz	未知飞键、非音码或读音集合未覆盖；不猜测
鲸凉鹤1.1手心挂接.txt	暖瓶	nrpx	nrpx	未知飞键、非音码或读音集合未覆盖；不猜测
鲸凉鹤1.1手心挂接.txt	暖山	nrus	nrus	未知飞键、非音码或读音集合未覆盖；不猜测
鲸凉鹤1.1手心挂接.txt	暖袖	nrxo	nrxo	未知飞键、非音码或读音集合未覆盖；不猜测
鲸凉鹤1.1手心挂接.txt	暖玉	nryg	nryg	未知飞键、非音码或读音集合未覆盖；不猜测
鲸凉鹤1.1手心挂接.txt	暖棕	nrzl	nrzl	未知飞键、非音码或读音集合未覆盖；不猜测
鲸凉鹤1.1手心挂接.txt	弄到	nsdl	nsdl	未知飞键、非音码或读音集合未覆盖；不猜测
鲸凉鹤1.1手心挂接.txt	弄倒	nsdl	nsdl	未知飞键、非音码或读音集合未覆盖；不猜测
鲸凉鹤1.1手心挂接.txt	弄鬼	nsgi	nsgi	未知飞键、非音码或读音集合未覆盖；不猜测
鲸凉鹤1.1手心挂接.txt	农灌	nsgp	nsgp	未知飞键、非音码或读音集合未覆盖；不猜测
鲸凉鹤1.1手心挂接.txt	农官	nsgp	nsgp	未知飞键、非音码或读音集合未覆盖；不猜测
鲸凉鹤1.1手心挂接.txt	弄件	nsjz	nsjz	未知飞键、非音码或读音集合未覆盖；不猜测
鲸凉鹤1.1手心挂接.txt	浓烈	nslf	nslf	未知飞键、非音码或读音集合未覆盖；不猜测
鲸凉鹤1.1手心挂接.txt	弄满	nsmr	nsmr	未知飞键、非音码或读音集合未覆盖；不猜测
鲸凉鹤1.1手心挂接.txt	农牧	nsmx	nsmx	未知飞键、非音码或读音集合未覆盖；不猜测
鲸凉鹤1.1手心挂接.txt	农批	nspe	nspe	未知飞键、非音码或读音集合未覆盖；不猜测
鲸凉鹤1.1手心挂接.txt	弄破	nsps	nsps	未知飞键、非音码或读音集合未覆盖；不猜测
鲸凉鹤1.1手心挂接.txt	弄起	nsqe	nsqe	未知飞键、非音码或读音集合未覆盖；不猜测
鲸凉鹤1.1手心挂接.txt	浓烟	nsyf	nsyf	未知飞键、非音码或读音集合未覆盖；不猜测
鲸凉鹤1.1手心挂接.txt	农谚	nsyf	nsyf	未知飞键、非音码或读音集合未覆盖；不猜测
鲸凉鹤1.1手心挂接.txt	浓艳	nsyf	nsyf	未知飞键、非音码或读音集合未覆盖；不猜测
鲸凉鹤1.1手心挂接.txt	浓郁	nsyg	nsyg	未知飞键、非音码或读音集合未覆盖；不猜测
鲸凉鹤1.1手心挂接.txt	农综	nszl	nszl	未知飞键、非音码或读音集合未覆盖；不猜测
鲸凉鹤1.1手心挂接.txt	虐到	ntdl	ntdl	未知飞键、非音码或读音集合未覆盖；不猜测
鲸凉鹤1.1手心挂接.txt	虐打	ntdw	ntdw	未知飞键、非音码或读音集合未覆盖；不猜测
鲸凉鹤1.1手心挂接.txt	虐政	ntvk	ntvk	未知飞键、非音码或读音集合未覆盖；不猜测
鲸凉鹤1.1手心挂接.txt	奴婢	nubw	nubw	未知飞键、非音码或读音集合未覆盖；不猜测
鲸凉鹤1.1手心挂接.txt	怒道	nudl	nudl	未知飞键、非音码或读音集合未覆盖；不猜测
鲸凉鹤1.1手心挂接.txt	怒道	nujf	nujf	未知飞键、非音码或读音集合未覆盖；不猜测
鲸凉鹤1.1手心挂接.txt	弩箭	nujz	nujz	未知飞键、非音码或读音集合未覆盖；不猜测
鲸凉鹤1.1手心挂接.txt	怒目	numx	numx	未知飞键、非音码或读音集合未覆盖；不猜测
鲸凉鹤1.1手心挂接.txt	怒退	nutl	nutl	未知飞键、非音码或读音集合未覆盖；不猜测
鲸凉鹤1.1手心挂接.txt	怒焰	nuyf	nuyf	未知飞键、非音码或读音集合未覆盖；不猜测
鲸凉鹤1.1手心挂接.txt	女刀	nvdl	nvdl	未知飞键、非音码或读音集合未覆盖；不猜测
鲸凉鹤1.1手心挂接.txt	女屌	nvdn	nvdn	未知飞键、非音码或读音集合未覆盖；不猜测
鲸凉鹤1.1手心挂接.txt	女鬼	nvgi	nvgi	未知飞键、非音码或读音集合未覆盖；不猜测
鲸凉鹤1.1手心挂接.txt	女娲	nvgo	nvgo	未知飞键、非音码或读音集合未覆盖；不猜测
鲸凉鹤1.1手心挂接.txt	女官	nvgp	nvgp	未知飞键、非音码或读音集合未覆盖；不猜测
鲸凉鹤1.1手心挂接.txt	女红	nvgs	nvgs	未知飞键、非音码或读音集合未覆盖；不猜测
鲸凉鹤1.1手心挂接.txt	女监	nvjz	nvjz	未知飞键、非音码或读音集合未覆盖；不猜测
鲸凉鹤1.1手心挂接.txt	女男	nvnz	nvnz	未知飞键、非音码或读音集合未覆盖；不猜测
鲸凉鹤1.1手心挂接.txt	女乒	nvpx	nvpx	未知飞键、非音码或读音集合未覆盖；不猜测
鲸凉鹤1.1手心挂接.txt	女衫	nvus	nvus	未知飞键、非音码或读音集合未覆盖；不猜测
鲸凉鹤1.1手心挂接.txt	女宿	nvxo	nvxo	未知飞键、非音码或读音集合未覆盖；不猜测
鲸凉鹤1.1手心挂接.txt	女修	nvxo	nvxo	未知飞键、非音码或读音集合未覆盖；不猜测
鲸凉鹤1.1手心挂接.txt	女烟	nvyf	nvyf	未知飞键、非音码或读音集合未覆盖；不猜测
鲸凉鹤1.1手心挂接.txt	女浴	nvyg	nvyg	未知飞键、非音码或读音集合未覆盖；不猜测
鲸凉鹤1.1手心挂接.txt	女菀	nvyy	nvyy	未知飞键、非音码或读音集合未覆盖；不猜测
鲸凉鹤1.1手心挂接.txt	哪本	nwbf	nwbf	未知飞键、非音码或读音集合未覆盖；不猜测
鲸凉鹤1.1手心挂接.txt	内道	nwdl	nwdl	未知飞键、非音码或读音集合未覆盖；不猜测
鲸凉鹤1.1手心挂接.txt	内鬼	nwgi	nwgi	未知飞键、非音码或读音集合未覆盖；不猜测
鲸凉鹤1.1手心挂接.txt	哪国	nwgo	nwgo	未知飞键、非音码或读音集合未覆盖；不猜测
鲸凉鹤1.1手心挂接.txt	内管	nwgp	nwgp	未知飞键、非音码或读音集合未覆盖；不猜测
鲸凉鹤1.1手心挂接.txt	内奸	nwjz	nwjz	未知飞键、非音码或读音集合未覆盖；不猜测
鲸凉鹤1.1手心挂接.txt	那两	nwll	nwll	未知飞键、非音码或读音集合未覆盖；不猜测
鲸凉鹤1.1手心挂接.txt	那辆	nwll	nwll	未知飞键、非音码或读音集合未覆盖；不猜测
鲸凉鹤1.1手心挂接.txt	哪两	nwll	nwll	未知飞键、非音码或读音集合未覆盖；不猜测
鲸凉鹤1.1手心挂接.txt	内幕	nwmx	nwmx	未知飞键、非音码或读音集合未覆盖；不猜测
鲸凉鹤1.1手心挂接.txt	内难	nwnz	nwnz	未知飞键、非音码或读音集合未覆盖；不猜测
鲸凉鹤1.1手心挂接.txt	内皮	nwpe	nwpe	未知飞键、非音码或读音集合未覆盖；不猜测
鲸凉鹤1.1手心挂接.txt	内破	nwps	nwps	未知飞键、非音码或读音集合未覆盖；不猜测
鲸凉鹤1.1手心挂接.txt	内屏	nwpx	nwpx	未知飞键、非音码或读音集合未覆盖；不猜测
鲸凉鹤1.1手心挂接.txt	内推	nwtl	nwtl	未知飞键、非音码或读音集合未覆盖；不猜测
鲸凉鹤1.1手心挂接.txt	内退	nwtl	nwtl	未知飞键、非音码或读音集合未覆盖；不猜测
鲸凉鹤1.1手心挂接.txt	哪条	nwtn	nwtn	未知飞键、非音码或读音集合未覆盖；不猜测
鲸凉鹤1.1手心挂接.txt	内山	nwus	nwus	未知飞键、非音码或读音集合未覆盖；不猜测
鲸凉鹤1.1手心挂接.txt	内政	nwvk	nwvk	未知飞键、非音码或读音集合未覆盖；不猜测
鲸凉鹤1.1手心挂接.txt	内争	nwvk	nwvk	未知飞键、非音码或读音集合未覆盖；不猜测
鲸凉鹤1.1手心挂接.txt	内向	nwxj	nwxj	未知飞键、非音码或读音集合未覆盖；不猜测
鲸凉鹤1.1手心挂接.txt	内秀	nwxo	nwxo	未知飞键、非音码或读音集合未覆盖；不猜测
鲸凉鹤1.1手心挂接.txt	内沿	nwyf	nwyf	未知飞键、非音码或读音集合未覆盖；不猜测
鲸凉鹤1.1手心挂接.txt	内焰	nwyf	nwyf	未知飞键、非音码或读音集合未覆盖；不猜测
鲸凉鹤1.1手心挂接.txt	内娱	nwyg	nwyg	未知飞键、非音码或读音集合未覆盖；不猜测
鲸凉鹤1.1手心挂接.txt	难啊	nzaa	nzaa	未知飞键、非音码或读音集合未覆盖；不猜测
鲸凉鹤1.1手心挂接.txt	难捱	nzai	nzai	未知飞键、非音码或读音集合未覆盖；不猜测
鲸凉鹤1.1手心挂接.txt	南岸	nzan	nzan	未知飞键、非音码或读音集合未覆盖；不猜测
鲸凉鹤1.1手心挂接.txt	难安	nzan	nzan	未知飞键、非音码或读音集合未覆盖；不猜测
鲸凉鹤1.1手心挂接.txt	难按	nzan	nzan	未知飞键、非音码或读音集合未覆盖；不猜测
鲸凉鹤1.1手心挂接.txt	难熬	nzao	nzao	未知飞键、非音码或读音集合未覆盖；不猜测
鲸凉鹤1.1手心挂接.txt	南坝	nzba	nzba	未知飞键、非音码或读音集合未覆盖；不猜测
鲸凉鹤1.1手心挂接.txt	难把	nzba	nzba	未知飞键、非音码或读音集合未覆盖；不猜测
鲸凉鹤1.1手心挂接.txt	男宾	nzbb	nzbb	未知飞键、非音码或读音集合未覆盖；不猜测
鲸凉鹤1.1手心挂接.txt	难保	nzbc	nzbc	未知飞键、非音码或读音集合未覆盖；不猜测
鲸凉鹤1.1手心挂接.txt	男包	nzbc	nzbc	未知飞键、非音码或读音集合未覆盖；不猜测
鲸凉鹤1.1手心挂接.txt	南白	nzbd	nzbd	未知飞键、非音码或读音集合未覆盖；不猜测
鲸凉鹤1.1手心挂接.txt	难绷	nzbg	nzbg	未知飞键、非音码或读音集合未覆盖；不猜测
鲸凉鹤1.1手心挂接.txt	难蚌	nzbg	nzbg	未知飞键、非音码或读音集合未覆盖；不猜测
鲸凉鹤1.1手心挂接.txt	难办	nzbj	nzbj	未知飞键、非音码或读音集合未覆盖；不猜测
鲸凉鹤1.1手心挂接.txt	男伴	nzbj	nzbj	未知飞键、非音码或读音集合未覆盖；不猜测
鲸凉鹤1.1手心挂接.txt	男版	nzbj	nzbj	未知飞键、非音码或读音集合未覆盖；不猜测
鲸凉鹤1.1手心挂接.txt	男兵	nzbk	nzbk	未知飞键、非音码或读音集合未覆盖；不猜测
鲸凉鹤1.1手心挂接.txt	南边	nzbm	nzbm	未知飞键、非音码或读音集合未覆盖；不猜测
鲸凉鹤1.1手心挂接.txt	难辨	nzbm	nzbm	未知飞键、非音码或读音集合未覆盖；不猜测
鲸凉鹤1.1手心挂接.txt	男表	nzbn	nzbn	未知飞键、非音码或读音集合未覆盖；不猜测
鲸凉鹤1.1手心挂接.txt	南玻	nzbo	nzbo	未知飞键、非音码或读音集合未覆盖；不猜测
鲸凉鹤1.1手心挂接.txt	南部	nzbu	nzbu	未知飞键、非音码或读音集合未覆盖；不猜测
鲸凉鹤1.1手心挂接.txt	难卜	nzbu	nzbu	未知飞键、非音码或读音集合未覆盖；不猜测
鲸凉鹤1.1手心挂接.txt	南北	nzbw	nzbw	未知飞键、非音码或读音集合未覆盖；不猜测
鲸凉鹤1.1手心挂接.txt	难背	nzbw	nzbw	未知飞键、非音码或读音集合未覆盖；不猜测
鲸凉鹤1.1手心挂接.txt	南草	nzcc	nzcc	未知飞键、非音码或读音集合未覆盖；不猜测
鲸凉鹤1.1手心挂接.txt	南财	nzcd	nzcd	未知飞键、非音码或读音集合未覆盖；不猜测
鲸凉鹤1.1手心挂接.txt	南侧	nzce	nzce	未知飞键、非音码或读音集合未覆盖；不猜测
鲸凉鹤1.1手心挂接.txt	难测	nzce	nzce	未知飞键、非音码或读音集合未覆盖；不猜测
鲸凉鹤1.1手心挂接.txt	男厕	nzce	nzce	未知飞键、非音码或读音集合未覆盖；不猜测
鲸凉鹤1.1手心挂接.txt	南仓	nzch	nzch	未知飞键、非音码或读音集合未覆盖；不猜测
鲸凉鹤1.1手心挂接.txt	难辞	nzci	nzci	未知飞键、非音码或读音集合未覆盖；不猜测
鲸凉鹤1.1手心挂接.txt	南辞	nzci	nzci	未知飞键、非音码或读音集合未覆盖；不猜测
鲸凉鹤1.1手心挂接.txt	南村	nzcy	nzcy	未知飞键、非音码或读音集合未覆盖；不猜测
鲸凉鹤1.1手心挂接.txt	难打	nzda	nzda	未知飞键、非音码或读音集合未覆盖；不猜测
鲸凉鹤1.1手心挂接.txt	男大	nzda	nzda	未知飞键、非音码或读音集合未覆盖；不猜测
鲸凉鹤1.1手心挂接.txt	难道	nzdc	nzdc	未知飞键、非音码或读音集合未覆盖；不猜测
鲸凉鹤1.1手心挂接.txt	难倒	nzdc	nzdc	未知飞键、非音码或读音集合未覆盖；不猜测
鲸凉鹤1.1手心挂接.txt	难到	nzdc	nzdc	未知飞键、非音码或读音集合未覆盖；不猜测
鲸凉鹤1.1手心挂接.txt	男刀	nzdc	nzdc	未知飞键、非音码或读音集合未覆盖；不猜测
鲸凉鹤1.1手心挂接.txt	难带	nzdd	nzdd	未知飞键、非音码或读音集合未覆盖；不猜测
鲸凉鹤1.1手心挂接.txt	难得	nzde	nzde	未知飞键、非音码或读音集合未覆盖；不猜测
鲸凉鹤1.1手心挂接.txt	难等	nzdg	nzdg	未知飞键、非音码或读音集合未覆盖；不猜测
鲸凉鹤1.1手心挂接.txt	难当	nzdh	nzdh	未知飞键、非音码或读音集合未覆盖；不猜测
鲸凉鹤1.1手心挂接.txt	难敌	nzdi	nzdi	未知飞键、非音码或读音集合未覆盖；不猜测
鲸凉鹤1.1手心挂接.txt	南帝	nzdi	nzdi	未知飞键、非音码或读音集合未覆盖；不猜测
鲸凉鹤1.1手心挂接.txt	男滴	nzdi	nzdi	未知飞键、非音码或读音集合未覆盖；不猜测
鲸凉鹤1.1手心挂接.txt	男单	nzdj	nzdj	未知飞键、非音码或读音集合未覆盖；不猜测
鲸凉鹤1.1手心挂接.txt	男丁	nzdk	nzdk	未知飞键、非音码或读音集合未覆盖；不猜测
鲸凉鹤1.1手心挂接.txt	难顶	nzdk	nzdk	未知飞键、非音码或读音集合未覆盖；不猜测
鲸凉鹤1.1手心挂接.txt	难定	nzdk	nzdk	未知飞键、非音码或读音集合未覆盖；不猜测
鲸凉鹤1.1手心挂接.txt	南定	nzdk	nzdk	未知飞键、非音码或读音集合未覆盖；不猜测
鲸凉鹤1.1手心挂接.txt	难道	nzdl	nzdl	未知飞键、非音码或读音集合未覆盖；不猜测
鲸凉鹤1.1手心挂接.txt	难倒	nzdl	nzdl	未知飞键、非音码或读音集合未覆盖；不猜测
鲸凉鹤1.1手心挂接.txt	难点	nzdm	nzdm	未知飞键、非音码或读音集合未覆盖；不猜测
鲸凉鹤1.1手心挂接.txt	男多	nzdo	nzdo	未知飞键、非音码或读音集合未覆盖；不猜测
鲸凉鹤1.1手心挂接.txt	南端	nzdr	nzdr	未知飞键、非音码或读音集合未覆盖；不猜测
鲸凉鹤1.1手心挂接.txt	难断	nzdr	nzdr	未知飞键、非音码或读音集合未覆盖；不猜测
鲸凉鹤1.1手心挂接.txt	南段	nzdr	nzdr	未知飞键、非音码或读音集合未覆盖；不猜测
鲸凉鹤1.1手心挂接.txt	难懂	nzds	nzds	未知飞键、非音码或读音集合未覆盖；不猜测
鲸凉鹤1.1手心挂接.txt	难度	nzdu	nzdu	未知飞键、非音码或读音集合未覆盖；不猜测
鲸凉鹤1.1手心挂接.txt	南渡	nzdu	nzdu	未知飞键、非音码或读音集合未覆盖；不猜测
鲸凉鹤1.1手心挂接.txt	难读	nzdu	nzdu	未知飞键、非音码或读音集合未覆盖；不猜测
鲸凉鹤1.1手心挂接.txt	男队	nzdv	nzdv	未知飞键、非音码或读音集合未覆盖；不猜测
鲸凉鹤1.1手心挂接.txt	难打	nzdw	nzdw	未知飞键、非音码或读音集合未覆盖；不猜测
鲸凉鹤1.1手心挂接.txt	南墩	nzdy	nzdy	未知飞键、非音码或读音集合未覆盖；不猜测
鲸凉鹤1.1手心挂接.txt	南斗	nzdz	nzdz	未知飞键、非音码或读音集合未覆盖；不猜测
鲸凉鹤1.1手心挂接.txt	男一	nzei	nzyi	未知飞键、非音码或读音集合未覆盖；不猜测
鲸凉鹤1.1手心挂接.txt	男儿	nzer	nzer	未知飞键、非音码或读音集合未覆盖；不猜测
鲸凉鹤1.1手心挂接.txt	男二	nzer	nzer	未知飞键、非音码或读音集合未覆盖；不猜测
鲸凉鹤1.1手心挂接.txt	男法	nzfa	nzfa	未知飞键、非音码或读音集合未覆盖；不猜测
鲸凉鹤1.1手心挂接.txt	难分	nzff	nzff	未知飞键、非音码或读音集合未覆盖；不猜测
鲸凉鹤1.1手心挂接.txt	男粉	nzff	nzff	未知飞键、非音码或读音集合未覆盖；不猜测
鲸凉鹤1.1手心挂接.txt	南风	nzfg	nzfg	未知飞键、非音码或读音集合未覆盖；不猜测
鲸凉鹤1.1手心挂接.txt	难逢	nzfg	nzfg	未知飞键、非音码或读音集合未覆盖；不猜测
鲸凉鹤1.1手心挂接.txt	南方	nzfh	nzfh	未知飞键、非音码或读音集合未覆盖；不猜测
鲸凉鹤1.1手心挂接.txt	男方	nzfh	nzfh	未知飞键、非音码或读音集合未覆盖；不猜测
鲸凉鹤1.1手心挂接.txt	难防	nzfh	nzfh	未知飞键、非音码或读音集合未覆盖；不猜测
鲸凉鹤1.1手心挂接.txt	男饭	nzfj	nzfj	未知飞键、非音码或读音集合未覆盖；不猜测
鲸凉鹤1.1手心挂接.txt	南孚	nzfu	nzfu	未知飞键、非音码或读音集合未覆盖；不猜测
鲸凉鹤1.1手心挂接.txt	男服	nzfu	nzfu	未知飞键、非音码或读音集合未覆盖；不猜测
鲸凉鹤1.1手心挂接.txt	南非	nzfw	nzfw	未知飞键、非音码或读音集合未覆盖；不猜测
鲸凉鹤1.1手心挂接.txt	南飞	nzfw	nzfw	未知飞键、非音码或读音集合未覆盖；不猜测
鲸凉鹤1.1手心挂接.txt	难搞	nzgc	nzgc	未知飞键、非音码或读音集合未覆盖；不猜测
鲸凉鹤1.1手心挂接.txt	男高	nzgc	nzgc	未知飞键、非音码或读音集合未覆盖；不猜测
鲸凉鹤1.1手心挂接.txt	难改	nzgd	nzgd	未知飞键、非音码或读音集合未覆盖；不猜测
鲸凉鹤1.1手心挂接.txt	南陔	nzgd	nzgd	未知飞键、非音码或读音集合未覆盖；不猜测
鲸凉鹤1.1手心挂接.txt	难割	nzge	nzge	未知飞键、非音码或读音集合未覆盖；不猜测
鲸凉鹤1.1手心挂接.txt	男根	nzgf	nzgf	未知飞键、非音码或读音集合未覆盖；不猜测
鲸凉鹤1.1手心挂接.txt	南庚	nzgg	nzgg	未知飞键、非音码或读音集合未覆盖；不猜测
鲸凉鹤1.1手心挂接.txt	南岗	nzgh	nzgh	未知飞键、非音码或读音集合未覆盖；不猜测
鲸凉鹤1.1手心挂接.txt	南港	nzgh	nzgh	未知飞键、非音码或读音集合未覆盖；不猜测
鲸凉鹤1.1手心挂接.txt	男鬼	nzgi	nzgi	未知飞键、非音码或读音集合未覆盖；不猜测
鲸凉鹤1.1手心挂接.txt	南归	nzgi	nzgi	未知飞键、非音码或读音集合未覆盖；不猜测
鲸凉鹤1.1手心挂接.txt	难干	nzgj	nzgj	未知飞键、非音码或读音集合未覆盖；不猜测
鲸凉鹤1.1手心挂接.txt	难怪	nzgk	nzgk	未知飞键、非音码或读音集合未覆盖；不猜测
鲸凉鹤1.1手心挂接.txt	南广	nzgl	nzgl	未知飞键、非音码或读音集合未覆盖；不猜测
鲸凉鹤1.1手心挂接.txt	难过	nzgo	nzgo	未知飞键、非音码或读音集合未覆盖；不猜测
鲸凉鹤1.1手心挂接.txt	南国	nzgo	nzgo	未知飞键、非音码或读音集合未覆盖；不猜测
鲸凉鹤1.1手心挂接.txt	难关	nzgp	nzgp	未知飞键、非音码或读音集合未覆盖；不猜测
鲸凉鹤1.1手心挂接.txt	难管	nzgp	nzgp	未知飞键、非音码或读音集合未覆盖；不猜测
鲸凉鹤1.1手心挂接.txt	难关	nzgr	nzgr	未知飞键、非音码或读音集合未覆盖；不猜测
鲸凉鹤1.1手心挂接.txt	难管	nzgr	nzgr	未知飞键、非音码或读音集合未覆盖；不猜测
鲸凉鹤1.1手心挂接.txt	南宫	nzgs	nzgs	未知飞键、非音码或读音集合未覆盖；不猜测
鲸凉鹤1.1手心挂接.txt	男工	nzgs	nzgs	未知飞键、非音码或读音集合未覆盖；不猜测
鲸凉鹤1.1手心挂接.txt	难顾	nzgu	nzgu	未知飞键、非音码或读音集合未覆盖；不猜测
鲸凉鹤1.1手心挂接.txt	南沽	nzgu	nzgu	未知飞键、非音码或读音集合未覆盖；不猜测
鲸凉鹤1.1手心挂接.txt	男鬼	nzgv	nzgv	未知飞键、非音码或读音集合未覆盖；不猜测
鲸凉鹤1.1手心挂接.txt	南归	nzgv	nzgv	未知飞键、非音码或读音集合未覆盖；不猜测
鲸凉鹤1.1手心挂接.txt	南瓜	nzgx	nzgx	未知飞键、非音码或读音集合未覆盖；不猜测
鲸凉鹤1.1手心挂接.txt	南沟	nzgz	nzgz	未知飞键、非音码或读音集合未覆盖；不猜测
鲸凉鹤1.1手心挂接.txt	男号	nzhc	nzhc	未知飞键、非音码或读音集合未覆盖；不猜测
鲸凉鹤1.1手心挂接.txt	男孩	nzhd	nzhd	未知飞键、非音码或读音集合未覆盖；不猜测
鲸凉鹤1.1手心挂接.txt	南海	nzhd	nzhd	未知飞键、非音码或读音集合未覆盖；不猜测
鲸凉鹤1.1手心挂接.txt	难喝	nzhe	nzhe	未知飞键、非音码或读音集合未覆盖；不猜测
鲸凉鹤1.1手心挂接.txt	南横	nzhg	nzhg	未知飞键、非音码或读音集合未覆盖；不猜测
鲸凉鹤1.1手心挂接.txt	南航	nzhh	nzhh	未知飞键、非音码或读音集合未覆盖；不猜测
鲸凉鹤1.1手心挂接.txt	南韩	nzhj	nzhj	未知飞键、非音码或读音集合未覆盖；不猜测
鲸凉鹤1.1手心挂接.txt	南皇	nzhl	nzhl	未知飞键、非音码或读音集合未覆盖；不猜测
鲸凉鹤1.1手心挂接.txt	难活	nzho	nzho	未知飞键、非音码或读音集合未覆盖；不猜测
鲸凉鹤1.1手心挂接.txt	南环	nzhr	nzhr	未知飞键、非音码或读音集合未覆盖；不猜测
鲸凉鹤1.1手心挂接.txt	南红	nzhs	nzhs	未知飞键、非音码或读音集合未覆盖；不猜测
鲸凉鹤1.1手心挂接.txt	南湖	nzhu	nzhu	未知飞键、非音码或读音集合未覆盖；不猜测
鲸凉鹤1.1手心挂接.txt	难回	nzhv	nzhv	未知飞键、非音码或读音集合未覆盖；不猜测
鲸凉鹤1.1手心挂接.txt	南汇	nzhv	nzhv	未知飞键、非音码或读音集合未覆盖；不猜测
鲸凉鹤1.1手心挂接.txt	南华	nzhx	nzhx	未知飞键、非音码或读音集合未覆盖；不猜测
鲸凉鹤1.1手心挂接.txt	难混	nzhy	nzhy	未知飞键、非音码或读音集合未覆盖；不猜测
鲸凉鹤1.1手心挂接.txt	难后	nzhz	nzhz	未知飞键、非音码或读音集合未覆盖；不猜测
鲸凉鹤1.1手心挂接.txt	南岔	nzia	nzia	未知飞键、非音码或读音集合未覆盖；不猜测
鲸凉鹤1.1手心挂接.txt	南朝	nzic	nzic	未知飞键、非音码或读音集合未覆盖；不猜测
鲸凉鹤1.1手心挂接.txt	难拆	nzid	nzid	未知飞键、非音码或读音集合未覆盖；不猜测
鲸凉鹤1.1手心挂接.txt	南车	nzie	nzie	未知飞键、非音码或读音集合未覆盖；不猜测
鲸凉鹤1.1手心挂接.txt	南陈	nzif	nzif	未知飞键、非音码或读音集合未覆盖；不猜测
鲸凉鹤1.1手心挂接.txt	南昌	nzih	nzih	未知飞键、非音码或读音集合未覆盖；不猜测
鲸凉鹤1.1手心挂接.txt	难唱	nzih	nzih	未知飞键、非音码或读音集合未覆盖；不猜测
鲸凉鹤1.1手心挂接.txt	难吃	nzii	nzii	未知飞键、非音码或读音集合未覆盖；不猜测
鲸凉鹤1.1手心挂接.txt	难缠	nzij	nzij	未知飞键、非音码或读音集合未覆盖；不猜测
鲸凉鹤1.1手心挂接.txt	难产	nzij	nzij	未知飞键、非音码或读音集合未覆盖；不猜测
鲸凉鹤1.1手心挂接.txt	南窗	nzil	nzil	未知飞键、非音码或读音集合未覆盖；不猜测
鲸凉鹤1.1手心挂接.txt	南川	nzir	nzir	未知飞键、非音码或读音集合未覆盖；不猜测
鲸凉鹤1.1手心挂接.txt	南充	nzis	nzis	未知飞键、非音码或读音集合未覆盖；不猜测
鲸凉鹤1.1手心挂接.txt	男宠	nzis	nzis	未知飞键、非音码或读音集合未覆盖；不猜测
鲸凉鹤1.1手心挂接.txt	难处	nziu	nziu	未知飞键、非音码或读音集合未覆盖；不猜测
鲸凉鹤1.1手心挂接.txt	南楚	nziu	nziu	未知飞键、非音码或读音集合未覆盖；不猜测
鲸凉鹤1.1手心挂接.txt	难除	nziu	nziu	未知飞键、非音码或读音集合未覆盖；不猜测
鲸凉鹤1.1手心挂接.txt	男初	nziu	nziu	未知飞键、非音码或读音集合未覆盖；不猜测
鲸凉鹤1.1手心挂接.txt	南春	nziy	nziy	未知飞键、非音码或读音集合未覆盖；不猜测
鲸凉鹤1.1手心挂接.txt	难抽	nziz	nziz	未知飞键、非音码或读音集合未覆盖；不猜测
鲸凉鹤1.1手心挂接.txt	难进	nzjb	nzjb	未知飞键、非音码或读音集合未覆盖；不猜测
鲸凉鹤1.1手心挂接.txt	难尽	nzjb	nzjb	未知飞键、非音码或读音集合未覆盖；不猜测
鲸凉鹤1.1手心挂接.txt	难道	nzjf	nzjf	未知飞键、非音码或读音集合未覆盖；不猜测
鲸凉鹤1.1手心挂接.txt	南极	nzji	nzji	未知飞键、非音码或读音集合未覆盖；不猜测
鲸凉鹤1.1手心挂接.txt	难记	nzji	nzji	未知飞键、非音码或读音集合未覆盖；不猜测
鲸凉鹤1.1手心挂接.txt	男妓	nzji	nzji	未知飞键、非音码或读音集合未覆盖；不猜测
鲸凉鹤1.1手心挂接.txt	南京	nzjk	nzjk	未知飞键、非音码或读音集合未覆盖；不猜测
鲸凉鹤1.1手心挂接.txt	南疆	nzjl	nzjl	未知飞键、非音码或读音集合未覆盖；不猜测
鲸凉鹤1.1手心挂接.txt	难讲	nzjl	nzjl	未知飞键、非音码或读音集合未覆盖；不猜测
鲸凉鹤1.1手心挂接.txt	难见	nzjm	nzjm	未知飞键、非音码或读音集合未覆盖；不猜测
鲸凉鹤1.1手心挂接.txt	南郊	nzjn	nzjn	未知飞键、非音码或读音集合未覆盖；不猜测
鲸凉鹤1.1手心挂接.txt	难教	nzjn	nzjn	未知飞键、非音码或读音集合未覆盖；不猜测
鲸凉鹤1.1手心挂接.txt	难解	nzjp	nzjp	未知飞键、非音码或读音集合未覆盖；不猜测
鲸凉鹤1.1手心挂接.txt	南街	nzjp	nzjp	未知飞键、非音码或读音集合未覆盖；不猜测
鲸凉鹤1.1手心挂接.txt	难就	nzjq	nzjq	未知飞键、非音码或读音集合未覆盖；不猜测
鲸凉鹤1.1手心挂接.txt	难救	nzjq	nzjq	未知飞键、非音码或读音集合未覆盖；不猜测
鲸凉鹤1.1手心挂接.txt	男爵	nzjt	nzjt	未知飞键、非音码或读音集合未覆盖；不猜测
鲸凉鹤1.1手心挂接.txt	难决	nzjt	nzjt	未知飞键、非音码或读音集合未覆盖；不猜测
鲸凉鹤1.1手心挂接.txt	男举	nzju	nzju	未知飞键、非音码或读音集合未覆盖；不猜测
鲸凉鹤1.1手心挂接.txt	难句	nzju	nzju	未知飞键、非音码或读音集合未覆盖；不猜测
鲸凉鹤1.1手心挂接.txt	男家	nzjx	nzjx	未知飞键、非音码或读音集合未覆盖；不猜测
鲸凉鹤1.1手心挂接.txt	南郡	nzjy	nzjy	未知飞键、非音码或读音集合未覆盖；不猜测
鲸凉鹤1.1手心挂接.txt	难见	nzjz	nzjz	未知飞键、非音码或读音集合未覆盖；不猜测
鲸凉鹤1.1手心挂接.txt	难考	nzkc	nzkc	未知飞键、非音码或读音集合未覆盖；不猜测
鲸凉鹤1.1手心挂接.txt	南开	nzkd	nzkd	未知飞键、非音码或读音集合未覆盖；不猜测
鲸凉鹤1.1手心挂接.txt	男科	nzke	nzke	未知飞键、非音码或读音集合未覆盖；不猜测
鲸凉鹤1.1手心挂接.txt	难啃	nzkf	nzkf	未知飞键、非音码或读音集合未覆盖；不猜测
鲸凉鹤1.1手心挂接.txt	南康	nzkh	nzkh	未知飞键、非音码或读音集合未覆盖；不猜测
鲸凉鹤1.1手心挂接.txt	难看	nzkj	nzkj	未知飞键、非音码或读音集合未覆盖；不猜测
鲸凉鹤1.1手心挂接.txt	难堪	nzkj	nzkj	未知飞键、非音码或读音集合未覆盖；不猜测
鲸凉鹤1.1手心挂接.txt	南矿	nzkl	nzkl	未知飞键、非音码或读音集合未覆盖；不猜测
鲸凉鹤1.1手心挂接.txt	男款	nzkr	nzkr	未知飞键、非音码或读音集合未覆盖；不猜测
鲸凉鹤1.1手心挂接.txt	南空	nzks	nzks	未知飞键、非音码或读音集合未覆盖；不猜测
鲸凉鹤1.1手心挂接.txt	男裤	nzku	nzku	未知飞键、非音码或读音集合未覆盖；不猜测
鲸凉鹤1.1手心挂接.txt	南昆	nzky	nzky	未知飞键、非音码或读音集合未覆盖；不猜测
鲸凉鹤1.1手心挂接.txt	南林	nzlb	nzlb	未知飞键、非音码或读音集合未覆盖；不猜测
鲸凉鹤1.1手心挂接.txt	难了	nzle	nzle	未知飞键、非音码或读音集合未覆盖；不猜测
鲸凉鹤1.1手心挂接.txt	南朗	nzlh	nzlh	未知飞键、非音码或读音集合未覆盖；不猜测
鲸凉鹤1.1手心挂接.txt	难离	nzli	nzli	未知飞键、非音码或读音集合未覆盖；不猜测
鲸凉鹤1.1手心挂接.txt	男篮	nzlj	nzlj	未知飞键、非音码或读音集合未覆盖；不猜测
鲸凉鹤1.1手心挂接.txt	南陵	nzlk	nzlk	未知飞键、非音码或读音集合未覆盖；不猜测
鲸凉鹤1.1手心挂接.txt	南岭	nzlk	nzlk	未知飞键、非音码或读音集合未覆盖；不猜测
鲸凉鹤1.1手心挂接.txt	南梁	nzll	nzll	未知飞键、非音码或读音集合未覆盖；不猜测
鲸凉鹤1.1手心挂接.txt	南联	nzlm	nzlm	未知飞键、非音码或读音集合未覆盖；不猜测
鲸凉鹤1.1手心挂接.txt	难料	nzln	nzln	未知飞键、非音码或读音集合未覆盖；不猜测
鲸凉鹤1.1手心挂接.txt	南锣	nzlo	nzlo	未知飞键、非音码或读音集合未覆盖；不猜测
鲸凉鹤1.1手心挂接.txt	难留	nzlq	nzlq	未知飞键、非音码或读音集合未覆盖；不猜测
鲸凉鹤1.1手心挂接.txt	南龙	nzls	nzls	未知飞键、非音码或读音集合未覆盖；不猜测
鲸凉鹤1.1手心挂接.txt	南路	nzlu	nzlu	未知飞键、非音码或读音集合未覆盖；不猜测
鲸凉鹤1.1手心挂接.txt	南麓	nzlu	nzlu	未知飞键、非音码或读音集合未覆盖；不猜测
鲸凉鹤1.1手心挂接.txt	南楼	nzlz	nzlz	未知飞键、非音码或读音集合未覆盖；不猜测
鲸凉鹤1.1手心挂接.txt	难吗	nzma	nzma	未知飞键、非音码或读音集合未覆盖；不猜测
鲸凉鹤1.1手心挂接.txt	难民	nzmb	nzmb	未知飞键、非音码或读音集合未覆盖；不猜测
鲸凉鹤1.1手心挂接.txt	男帽	nzmc	nzmc	未知飞键、非音码或读音集合未覆盖；不猜测
鲸凉鹤1.1手心挂接.txt	难买	nzmd	nzmd	未知飞键、非音码或读音集合未覆盖；不猜测
鲸凉鹤1.1手心挂接.txt	难卖	nzmd	nzmd	未知飞键、非音码或读音集合未覆盖；不猜测
鲸凉鹤1.1手心挂接.txt	难么	nzme	nzme	未知飞键、非音码或读音集合未覆盖；不猜测
鲸凉鹤1.1手心挂接.txt	南门	nzmf	nzmf	未知飞键、非音码或读音集合未覆盖；不猜测
鲸凉鹤1.1手心挂接.txt	难觅	nzmi	nzmi	未知飞键、非音码或读音集合未覆盖；不猜测
鲸凉鹤1.1手心挂接.txt	男秘	nzmi	nzmi	未知飞键、非音码或读音集合未覆盖；不猜测
鲸凉鹤1.1手心挂接.txt	南蛮	nzmj	nzmj	未知飞键、非音码或读音集合未覆盖；不猜测
鲸凉鹤1.1手心挂接.txt	难明	nzmk	nzmk	未知飞键、非音码或读音集合未覆盖；不猜测
鲸凉鹤1.1手心挂接.txt	男名	nzmk	nzmk	未知飞键、非音码或读音集合未覆盖；不猜测
鲸凉鹤1.1手心挂接.txt	南明	nzmk	nzmk	未知飞键、非音码或读音集合未覆盖；不猜测
鲸凉鹤1.1手心挂接.txt	难免	nzmm	nzmm	未知飞键、非音码或读音集合未覆盖；不猜测
鲸凉鹤1.1手心挂接.txt	南面	nzmm	nzmm	未知飞键、非音码或读音集合未覆盖；不猜测
鲸凉鹤1.1手心挂接.txt	难眠	nzmm	nzmm	未知飞键、非音码或读音集合未覆盖；不猜测
鲸凉鹤1.1手心挂接.txt	男模	nzmo	nzmo	未知飞键、非音码或读音集合未覆盖；不猜测
鲸凉鹤1.1手心挂接.txt	南蛮	nzmr	nzmr	未知飞键、非音码或读音集合未覆盖；不猜测
鲸凉鹤1.1手心挂接.txt	楠木	nzmu	nzmu	未知飞键、非音码或读音集合未覆盖；不猜测
鲸凉鹤1.1手心挂接.txt	南美	nzmw	nzmw	未知飞键、非音码或读音集合未覆盖；不猜测
鲸凉鹤1.1手心挂接.txt	楠木	nzmx	nzmx	未知飞键、非音码或读音集合未覆盖；不猜测
鲸凉鹤1.1手心挂接.txt	难拿	nzna	nzna	未知飞键、非音码或读音集合未覆盖；不猜测
鲸凉鹤1.1手心挂接.txt	难耐	nznd	nznd	未知飞键、非音码或读音集合未覆盖；不猜测
鲸凉鹤1.1手心挂接.txt	难呢	nzne	nzne	未知飞键、非音码或读音集合未覆盖；不猜测
鲸凉鹤1.1手心挂接.txt	难能	nzng	nzng	未知飞键、非音码或读音集合未覆盖；不猜测
鲸凉鹤1.1手心挂接.txt	南妮	nzni	nzni	未知飞键、非音码或读音集合未覆盖；不猜测
鲸凉鹤1.1手心挂接.txt	南宁	nznk	nznk	未知飞键、非音码或读音集合未覆盖；不猜测
鲸凉鹤1.1手心挂接.txt	男凝	nznk	nznk	未知飞键、非音码或读音集合未覆盖；不猜测
鲸凉鹤1.1手心挂接.txt	男娘	nznl	nznl	未知飞键、非音码或读音集合未覆盖；不猜测
鲸凉鹤1.1手心挂接.txt	南娘	nznl	nznl	未知飞键、非音码或读音集合未覆盖；不猜测
鲸凉鹤1.1手心挂接.txt	难念	nznm	nznm	未知飞键、非音码或读音集合未覆盖；不猜测
鲸凉鹤1.1手心挂接.txt	南牛	nznq	nznq	未知飞键、非音码或读音集合未覆盖；不猜测
鲸凉鹤1.1手心挂接.txt	难弄	nzns	nzns	未知飞键、非音码或读音集合未覆盖；不猜测
鲸凉鹤1.1手心挂接.txt	男奴	nznu	nznu	未知飞键、非音码或读音集合未覆盖；不猜测
鲸凉鹤1.1手心挂接.txt	男女	nznv	nznv	未知飞键、非音码或读音集合未覆盖；不猜测
鲸凉鹤1.1手心挂接.txt	喃喃	nznz	nznz	未知飞键、非音码或读音集合未覆盖；不猜测
鲸凉鹤1.1手心挂接.txt	囡囡	nznz	nznz	未知飞键、非音码或读音集合未覆盖；不猜测
鲸凉鹤1.1手心挂接.txt	男男	nznz	nznz	未知飞键、非音码或读音集合未覆盖；不猜测
鲸凉鹤1.1手心挂接.txt	南欧	nzou	nzou	未知飞键、非音码或读音集合未覆盖；不猜测
鲸凉鹤1.1手心挂接.txt	难爬	nzpa	nzpa	未知飞键、非音码或读音集合未覆盖；不猜测
鲸凉鹤1.1手心挂接.txt	男频	nzpb	nzpb	未知飞键、非音码或读音集合未覆盖；不猜测
鲸凉鹤1.1手心挂接.txt	难跑	nzpc	nzpc	未知飞键、非音码或读音集合未覆盖；不猜测
鲸凉鹤1.1手心挂接.txt	男排	nzpd	nzpd	未知飞键、非音码或读音集合未覆盖；不猜测
鲸凉鹤1.1手心挂接.txt	南派	nzpd	nzpd	未知飞键、非音码或读音集合未覆盖；不猜测
鲸凉鹤1.1手心挂接.txt	难拍	nzpd	nzpd	未知飞键、非音码或读音集合未覆盖；不猜测
鲸凉鹤1.1手心挂接.txt	南皮	nzpe	nzpe	未知飞键、非音码或读音集合未覆盖；不猜测
鲸凉鹤1.1手心挂接.txt	南鹏	nzpg	nzpg	未知飞键、非音码或读音集合未覆盖；不猜测
鲸凉鹤1.1手心挂接.txt	南胖	nzph	nzph	未知飞键、非音码或读音集合未覆盖；不猜测
鲸凉鹤1.1手心挂接.txt	南皮	nzpi	nzpi	未知飞键、非音码或读音集合未覆盖；不猜测
鲸凉鹤1.1手心挂接.txt	难平	nzpk	nzpk	未知飞键、非音码或读音集合未覆盖；不猜测
鲸凉鹤1.1手心挂接.txt	难评	nzpk	nzpk	未知飞键、非音码或读音集合未覆盖；不猜测
鲸凉鹤1.1手心挂接.txt	男乒	nzpk	nzpk	未知飞键、非音码或读音集合未覆盖；不猜测
鲸凉鹤1.1手心挂接.txt	男票	nzpn	nzpn	未知飞键、非音码或读音集合未覆盖；不猜测
鲸凉鹤1.1手心挂接.txt	南坡	nzpo	nzpo	未知飞键、非音码或读音集合未覆盖；不猜测
鲸凉鹤1.1手心挂接.txt	男仆	nzpu	nzpu	未知飞键、非音码或读音集合未覆盖；不猜测
鲸凉鹤1.1手心挂接.txt	男配	nzpw	nzpw	未知飞键、非音码或读音集合未覆盖；不猜测
鲸凉鹤1.1手心挂接.txt	难平	nzpx	nzpx	未知飞键、非音码或读音集合未覆盖；不猜测
鲸凉鹤1.1手心挂接.txt	难评	nzpx	nzpx	未知飞键、非音码或读音集合未覆盖；不猜测
鲸凉鹤1.1手心挂接.txt	男乒	nzpx	nzpx	未知飞键、非音码或读音集合未覆盖；不猜测
鲸凉鹤1.1手心挂接.txt	男寝	nzqb	nzqb	未知飞键、非音码或读音集合未覆盖；不猜测
鲸凉鹤1.1手心挂接.txt	南侵	nzqb	nzqb	未知飞键、非音码或读音集合未覆盖；不猜测
鲸凉鹤1.1手心挂接.txt	南汽	nzqi	nzqi	未知飞键、非音码或读音集合未覆盖；不猜测
鲸凉鹤1.1手心挂接.txt	难请	nzqk	nzqk	未知飞键、非音码或读音集合未覆盖；不猜测
鲸凉鹤1.1手心挂接.txt	男枪	nzql	nzql	未知飞键、非音码或读音集合未覆盖；不猜测
鲸凉鹤1.1手心挂接.txt	南墙	nzql	nzql	未知飞键、非音码或读音集合未覆盖；不猜测
鲸凉鹤1.1手心挂接.txt	难抢	nzql	nzql	未知飞键、非音码或读音集合未覆盖；不猜测
鲸凉鹤1.1手心挂接.txt	南迁	nzqm	nzqm	未知飞键、非音码或读音集合未覆盖；不猜测
鲸凉鹤1.1手心挂接.txt	南桥	nzqn	nzqn	未知飞键、非音码或读音集合未覆盖；不猜测
鲸凉鹤1.1手心挂接.txt	男权	nzqr	nzqr	未知飞键、非音码或读音集合未覆盖；不猜测
鲸凉鹤1.1手心挂接.txt	男拳	nzqr	nzqr	未知飞键、非音码或读音集合未覆盖；不猜测
鲸凉鹤1.1手心挂接.txt	南拳	nzqr	nzqr	未知飞键、非音码或读音集合未覆盖；不猜测
鲸凉鹤1.1手心挂接.txt	难却	nzqt	nzqt	未知飞键、非音码或读音集合未覆盖；不猜测
鲸凉鹤1.1手心挂接.txt	南区	nzqu	nzqu	未知飞键、非音码或读音集合未覆盖；不猜测
鲸凉鹤1.1手心挂接.txt	难惹	nzre	nzre	未知飞键、非音码或读音集合未覆盖；不猜测
鲸凉鹤1.1手心挂接.txt	男人	nzrf	nzrf	未知飞键、非音码或读音集合未覆盖；不猜测
鲸凉鹤1.1手心挂接.txt	难忍	nzrf	nzrf	未知飞键、非音码或读音集合未覆盖；不猜测
鲸凉鹤1.1手心挂接.txt	难认	nzrf	nzrf	未知飞键、非音码或读音集合未覆盖；不猜测
鲸凉鹤1.1手心挂接.txt	南日	nzri	nzri	未知飞键、非音码或读音集合未覆盖；不猜测
鲸凉鹤1.1手心挂接.txt	赧然	nzrj	nzrj	未知飞键、非音码或读音集合未覆盖；不猜测
鲸凉鹤1.1手心挂接.txt	难容	nzrs	nzrs	未知飞键、非音码或读音集合未覆盖；不猜测
鲸凉鹤1.1手心挂接.txt	难如	nzru	nzru	未知飞键、非音码或读音集合未覆盖；不猜测
鲸凉鹤1.1手心挂接.txt	南瑞	nzrv	nzrv	未知飞键、非音码或读音集合未覆盖；不猜测
鲸凉鹤1.1手心挂接.txt	腩肉	nzrz	nzrz	未知飞键、非音码或读音集合未覆盖；不猜测
鲸凉鹤1.1手心挂接.txt	难色	nzse	nzse	未知飞键、非音码或读音集合未覆盖；不猜测
鲸凉鹤1.1手心挂接.txt	男色	nzse	nzse	未知飞键、非音码或读音集合未覆盖；不猜测
鲸凉鹤1.1手心挂接.txt	难死	nzsi	nzsi	未知飞键、非音码或读音集合未覆盖；不猜测
鲸凉鹤1.1手心挂接.txt	南三	nzsj	nzsj	未知飞键、非音码或读音集合未覆盖；不猜测
鲸凉鹤1.1手心挂接.txt	难算	nzsr	nzsr	未知飞键、非音码或读音集合未覆盖；不猜测
鲸凉鹤1.1手心挂接.txt	南宋	nzss	nzss	未知飞键、非音码或读音集合未覆盖；不猜测
鲸凉鹤1.1手心挂接.txt	南孙	nzsy	nzsy	未知飞键、非音码或读音集合未覆盖；不猜测
鲸凉鹤1.1手心挂接.txt	南塔	nzta	nzta	未知飞键、非音码或读音集合未覆盖；不猜测
鲸凉鹤1.1手心挂接.txt	难逃	nztc	nztc	未知飞键、非音码或读音集合未覆盖；不猜测
鲸凉鹤1.1手心挂接.txt	南台	nztd	nztd	未知飞键、非音码或读音集合未覆盖；不猜测
鲸凉鹤1.1手心挂接.txt	南特	nzte	nzte	未知飞键、非音码或读音集合未覆盖；不猜测
鲸凉鹤1.1手心挂接.txt	南唐	nzth	nzth	未知飞键、非音码或读音集合未覆盖；不猜测
鲸凉鹤1.1手心挂接.txt	南塘	nzth	nzth	未知飞键、非音码或读音集合未覆盖；不猜测
鲸凉鹤1.1手心挂接.txt	难题	nzti	nzti	未知飞键、非音码或读音集合未覆盖；不猜测
鲸凉鹤1.1手心挂接.txt	南坛	nztj	nztj	未知飞键、非音码或读音集合未覆盖；不猜测
鲸凉鹤1.1手心挂接.txt	难听	nztk	nztk	未知飞键、非音码或读音集合未覆盖；不猜测
鲸凉鹤1.1手心挂接.txt	难退	nztl	nztl	未知飞键、非音码或读音集合未覆盖；不猜测
鲸凉鹤1.1手心挂接.txt	难调	nztn	nztn	未知飞键、非音码或读音集合未覆盖；不猜测
鲸凉鹤1.1手心挂接.txt	男拖	nzto	nzto	未知飞键、非音码或读音集合未覆盖；不猜测
鲸凉鹤1.1手心挂接.txt	南铁	nztp	nztp	未知飞键、非音码或读音集合未覆盖；不猜测
鲸凉鹤1.1手心挂接.txt	男团	nztr	nztr	未知飞键、非音码或读音集合未覆盖；不猜测
鲸凉鹤1.1手心挂接.txt	男童	nzts	nzts	未知飞键、非音码或读音集合未覆盖；不猜测
鲸凉鹤1.1手心挂接.txt	男同	nzts	nzts	未知飞键、非音码或读音集合未覆盖；不猜测
鲸凉鹤1.1手心挂接.txt	南通	nzts	nzts	未知飞键、非音码或读音集合未覆盖；不猜测
鲸凉鹤1.1手心挂接.txt	男酮	nzts	nzts	未知飞键、非音码或读音集合未覆盖；不猜测
鲸凉鹤1.1手心挂接.txt	南图	nztu	nztu	未知飞键、非音码或读音集合未覆盖；不猜测
鲸凉鹤1.1手心挂接.txt	难退	nztv	nztv	未知飞键、非音码或读音集合未覆盖；不猜测
鲸凉鹤1.1手心挂接.txt	南头	nztz	nztz	未知飞键、非音码或读音集合未覆盖；不猜测
鲸凉鹤1.1手心挂接.txt	南沙	nzua	nzua	未知飞键、非音码或读音集合未覆盖；不猜测
鲸凉鹤1.1手心挂接.txt	难杀	nzua	nzua	未知飞键、非音码或读音集合未覆盖；不猜测
鲸凉鹤1.1手心挂接.txt	南邵	nzuc	nzuc	未知飞键、非音码或读音集合未覆盖；不猜测
鲸凉鹤1.1手心挂接.txt	难舍	nzue	nzue	未知飞键、非音码或读音集合未覆盖；不猜测
鲸凉鹤1.1手心挂接.txt	男神	nzuf	nzuf	未知飞键、非音码或读音集合未覆盖；不猜测
鲸凉鹤1.1手心挂接.txt	男生	nzug	nzug	未知飞键、非音码或读音集合未覆盖；不猜测
鲸凉鹤1.1手心挂接.txt	男声	nzug	nzug	未知飞键、非音码或读音集合未覆盖；不猜测
鲸凉鹤1.1手心挂接.txt	难上	nzuh	nzuh	未知飞键、非音码或读音集合未覆盖；不猜测
鲸凉鹤1.1手心挂接.txt	男上	nzuh	nzuh	未知飞键、非音码或读音集合未覆盖；不猜测
鲸凉鹤1.1手心挂接.txt	男士	nzui	nzui	未知飞键、非音码或读音集合未覆盖；不猜测
鲸凉鹤1.1手心挂接.txt	难事	nzui	nzui	未知飞键、非音码或读音集合未覆盖；不猜测
鲸凉鹤1.1手心挂接.txt	男式	nzui	nzui	未知飞键、非音码或读音集合未覆盖；不猜测
鲸凉鹤1.1手心挂接.txt	男尸	nzui	nzui	未知飞键、非音码或读音集合未覆盖；不猜测
鲸凉鹤1.1手心挂接.txt	南山	nzuj	nzuj	未知飞键、非音码或读音集合未覆盖；不猜测
鲸凉鹤1.1手心挂接.txt	男双	nzul	nzul	未知飞键、非音码或读音集合未覆盖；不猜测
鲸凉鹤1.1手心挂接.txt	难说	nzuo	nzuo	未知飞键、非音码或读音集合未覆盖；不猜测
鲸凉鹤1.1手心挂接.txt	南山	nzus	nzus	未知飞键、非音码或读音集合未覆盖；不猜测
鲸凉鹤1.1手心挂接.txt	难属	nzuu	nzuu	未知飞键、非音码或读音集合未覆盖；不猜测
鲸凉鹤1.1手心挂接.txt	男塾	nzuu	nzuu	未知飞键、非音码或读音集合未覆盖；不猜测
鲸凉鹤1.1手心挂接.txt	南水	nzuv	nzuv	未知飞键、非音码或读音集合未覆盖；不猜测
鲸凉鹤1.1手心挂接.txt	难刷	nzux	nzux	未知飞键、非音码或读音集合未覆盖；不猜测
鲸凉鹤1.1手心挂接.txt	南顺	nzuy	nzuy	未知飞键、非音码或读音集合未覆盖；不猜测
鲸凉鹤1.1手心挂接.txt	难受	nzuz	nzuz	未知飞键、非音码或读音集合未覆盖；不猜测
鲸凉鹤1.1手心挂接.txt	难守	nzuz	nzuz	未知飞键、非音码或读音集合未覆盖；不猜测
鲸凉鹤1.1手心挂接.txt	南闸	nzva	nzva	未知飞键、非音码或读音集合未覆盖；不猜测
鲸凉鹤1.1手心挂接.txt	难找	nzvc	nzvc	未知飞键、非音码或读音集合未覆盖；不猜测
鲸凉鹤1.1手心挂接.txt	难招	nzvc	nzvc	未知飞键、非音码或读音集合未覆盖；不猜测
鲸凉鹤1.1手心挂接.txt	南寨	nzvd	nzvd	未知飞键、非音码或读音集合未覆盖；不猜测
鲸凉鹤1.1手心挂接.txt	难着	nzve	nzve	未知飞键、非音码或读音集合未覆盖；不猜测
鲸凉鹤1.1手心挂接.txt	南镇	nzvf	nzvf	未知飞键、非音码或读音集合未覆盖；不猜测
鲸凉鹤1.1手心挂接.txt	南征	nzvg	nzvg	未知飞键、非音码或读音集合未覆盖；不猜测
鲸凉鹤1.1手心挂接.txt	难整	nzvg	nzvg	未知飞键、非音码或读音集合未覆盖；不猜测
鲸凉鹤1.1手心挂接.txt	难挣	nzvg	nzvg	未知飞键、非音码或读音集合未覆盖；不猜测
鲸凉鹤1.1手心挂接.txt	南漳	nzvh	nzvh	未知飞键、非音码或读音集合未覆盖；不猜测
鲸凉鹤1.1手心挂接.txt	难治	nzvi	nzvi	未知飞键、非音码或读音集合未覆盖；不猜测
鲸凉鹤1.1手心挂接.txt	南站	nzvj	nzvj	未知飞键、非音码或读音集合未覆盖；不猜测
鲸凉鹤1.1手心挂接.txt	南征	nzvk	nzvk	未知飞键、非音码或读音集合未覆盖；不猜测
鲸凉鹤1.1手心挂接.txt	难整	nzvk	nzvk	未知飞键、非音码或读音集合未覆盖；不猜测
鲸凉鹤1.1手心挂接.txt	难挣	nzvk	nzvk	未知飞键、非音码或读音集合未覆盖；不猜测
鲸凉鹤1.1手心挂接.txt	男装	nzvl	nzvl	未知飞键、非音码或读音集合未覆盖；不猜测
鲸凉鹤1.1手心挂接.txt	难赚	nzvr	nzvr	未知飞键、非音码或读音集合未覆盖；不猜测
鲸凉鹤1.1手心挂接.txt	南中	nzvs	nzvs	未知飞键、非音码或读音集合未覆盖；不猜测
鲸凉鹤1.1手心挂接.txt	男主	nzvu	nzvu	未知飞键、非音码或读音集合未覆盖；不猜测
鲸凉鹤1.1手心挂接.txt	难住	nzvu	nzvu	未知飞键、非音码或读音集合未覆盖；不猜测
鲸凉鹤1.1手心挂接.txt	难追	nzvv	nzvv	未知飞键、非音码或读音集合未覆盖；不猜测
鲸凉鹤1.1手心挂接.txt	难抓	nzvx	nzvx	未知飞键、非音码或读音集合未覆盖；不猜测
鲸凉鹤1.1手心挂接.txt	南州	nzvz	nzvz	未知飞键、非音码或读音集合未覆盖；不猜测
鲸凉鹤1.1手心挂接.txt	男娃	nzwa	nzwa	未知飞键、非音码或读音集合未覆盖；不猜测
鲸凉鹤1.1手心挂接.txt	男袜	nzwa	nzwa	未知飞键、非音码或读音集合未覆盖；不猜测
鲸凉鹤1.1手心挂接.txt	南外	nzwd	nzwd	未知飞键、非音码或读音集合未覆盖；不猜测
鲸凉鹤1.1手心挂接.txt	难闻	nzwf	nzwf	未知飞键、非音码或读音集合未覆盖；不猜测
鲸凉鹤1.1手心挂接.txt	难文	nzwf	nzwf	未知飞键、非音码或读音集合未覆盖；不猜测
鲸凉鹤1.1手心挂接.txt	难忘	nzwh	nzwh	未知飞键、非音码或读音集合未覆盖；不猜测
鲸凉鹤1.1手心挂接.txt	难玩	nzwj	nzwj	未知飞键、非音码或读音集合未覆盖；不猜测
鲸凉鹤1.1手心挂接.txt	南湾	nzwj	nzwj	未知飞键、非音码或读音集合未覆盖；不猜测
鲸凉鹤1.1手心挂接.txt	南卧	nzwo	nzwo	未知飞键、非音码或读音集合未覆盖；不猜测
鲸凉鹤1.1手心挂接.txt	男巫	nzwu	nzwu	未知飞键、非音码或读音集合未覆盖；不猜测
鲸凉鹤1.1手心挂接.txt	南无	nzwu	nzwu	未知飞键、非音码或读音集合未覆盖；不猜测
鲸凉鹤1.1手心挂接.txt	难为	nzww	nzww	未知飞键、非音码或读音集合未覆盖；不猜测
鲸凉鹤1.1手心挂接.txt	南纬	nzww	nzww	未知飞键、非音码或读音集合未覆盖；不猜测
鲸凉鹤1.1手心挂接.txt	难违	nzww	nzww	未知飞键、非音码或读音集合未覆盖；不猜测
鲸凉鹤1.1手心挂接.txt	男卫	nzww	nzww	未知飞键、非音码或读音集合未覆盖；不猜测
鲸凉鹤1.1手心挂接.txt	南信	nzxb	nzxb	未知飞键、非音码或读音集合未覆盖；不猜测
鲸凉鹤1.1手心挂接.txt	南溪	nzxi	nzxi	未知飞键、非音码或读音集合未覆盖；不猜测
鲸凉鹤1.1手心挂接.txt	南向	nzxj	nzxj	未知飞键、非音码或读音集合未覆盖；不猜测
鲸凉鹤1.1手心挂接.txt	男性	nzxk	nzxk	未知飞键、非音码或读音集合未覆盖；不猜测
鲸凉鹤1.1手心挂接.txt	男星	nzxk	nzxk	未知飞键、非音码或读音集合未覆盖；不猜测
鲸凉鹤1.1手心挂接.txt	难行	nzxk	nzxk	未知飞键、非音码或读音集合未覆盖；不猜测
鲸凉鹤1.1手心挂接.txt	男相	nzxl	nzxl	未知飞键、非音码或读音集合未覆盖；不猜测
鲸凉鹤1.1手心挂接.txt	南向	nzxl	nzxl	未知飞键、非音码或读音集合未覆盖；不猜测
鲸凉鹤1.1手心挂接.txt	男仙	nzxm	nzxm	未知飞键、非音码或读音集合未覆盖；不猜测
鲸凉鹤1.1手心挂接.txt	难消	nzxn	nzxn	未知飞键、非音码或读音集合未覆盖；不猜测
鲸凉鹤1.1手心挂接.txt	难修	nzxo	nzxo	未知飞键、非音码或读音集合未覆盖；不猜测
鲸凉鹤1.1手心挂接.txt	难休	nzxo	nzxo	未知飞键、非音码或读音集合未覆盖；不猜测
鲸凉鹤1.1手心挂接.txt	男鞋	nzxp	nzxp	未知飞键、非音码或读音集合未覆盖；不猜测
鲸凉鹤1.1手心挂接.txt	难修	nzxq	nzxq	未知飞键、非音码或读音集合未覆盖；不猜测
鲸凉鹤1.1手心挂接.txt	难休	nzxq	nzxq	未知飞键、非音码或读音集合未覆盖；不猜测
鲸凉鹤1.1手心挂接.txt	难选	nzxr	nzxr	未知飞键、非音码或读音集合未覆盖；不猜测
鲸凉鹤1.1手心挂接.txt	南雄	nzxs	nzxs	未知飞键、非音码或读音集合未覆盖；不猜测
鲸凉鹤1.1手心挂接.txt	难学	nzxt	nzxt	未知飞键、非音码或读音集合未覆盖；不猜测
鲸凉鹤1.1手心挂接.txt	男靴	nzxt	nzxt	未知飞键、非音码或读音集合未覆盖；不猜测
鲸凉鹤1.1手心挂接.txt	南徐	nzxu	nzxu	未知飞键、非音码或读音集合未覆盖；不猜测
鲸凉鹤1.1手心挂接.txt	南下	nzxx	nzxx	未知飞键、非音码或读音集合未覆盖；不猜测
鲸凉鹤1.1手心挂接.txt	男下	nzxx	nzxx	未知飞键、非音码或读音集合未覆盖；不猜测
鲸凉鹤1.1手心挂接.txt	难寻	nzxy	nzxy	未知飞键、非音码或读音集合未覆盖；不猜测
鲸凉鹤1.1手心挂接.txt	南巡	nzxy	nzxy	未知飞键、非音码或读音集合未覆盖；不猜测
鲸凉鹤1.1手心挂接.txt	南亚	nzya	nzya	未知飞键、非音码或读音集合未覆盖；不猜测
鲸凉鹤1.1手心挂接.txt	难呀	nzya	nzya	未知飞键、非音码或读音集合未覆盖；不猜测
鲸凉鹤1.1手心挂接.txt	男银	nzyb	nzyb	未知飞键、非音码或读音集合未覆盖；不猜测
鲸凉鹤1.1手心挂接.txt	男妖	nzyc	nzyc	未知飞键、非音码或读音集合未覆盖；不猜测
鲸凉鹤1.1手心挂接.txt	南野	nzye	nzye	未知飞键、非音码或读音集合未覆盖；不猜测
鲸凉鹤1.1手心挂接.txt	难言	nzyf	nzyf	未知飞键、非音码或读音集合未覆盖；不猜测
鲸凉鹤1.1手心挂接.txt	难掩	nzyf	nzyf	未知飞键、非音码或读音集合未覆盖；不猜测
鲸凉鹤1.1手心挂接.txt	赧颜	nzyf	nzyf	未知飞键、非音码或读音集合未覆盖；不猜测
鲸凉鹤1.1手心挂接.txt	难于	nzyg	nzyg	未知飞键、非音码或读音集合未覆盖；不猜测
鲸凉鹤1.1手心挂接.txt	难遇	nzyg	nzyg	未知飞键、非音码或读音集合未覆盖；不猜测
鲸凉鹤1.1手心挂接.txt	南阳	nzyh	nzyh	未知飞键、非音码或读音集合未覆盖；不猜测
鲸凉鹤1.1手心挂接.txt	南洋	nzyh	nzyh	未知飞键、非音码或读音集合未覆盖；不猜测
鲸凉鹤1.1手心挂接.txt	难养	nzyh	nzyh	未知飞键、非音码或读音集合未覆盖；不猜测
鲸凉鹤1.1手心挂接.txt	难以	nzyi	nzyi	未知飞键、非音码或读音集合未覆盖；不猜测
鲸凉鹤1.1手心挂接.txt	难易	nzyi	nzyi	未知飞键、非音码或读音集合未覆盖；不猜测
鲸凉鹤1.1手心挂接.txt	男衣	nzyi	nzyi	未知飞键、非音码或读音集合未覆盖；不猜测
鲸凉鹤1.1手心挂接.txt	难移	nzyi	nzyi	未知飞键、非音码或读音集合未覆盖；不猜测
鲸凉鹤1.1手心挂接.txt	难言	nzyj	nzyj	未知飞键、非音码或读音集合未覆盖；不猜测
鲸凉鹤1.1手心挂接.txt	难掩	nzyj	nzyj	未知飞键、非音码或读音集合未覆盖；不猜测
鲸凉鹤1.1手心挂接.txt	赧颜	nzyj	nzyj	未知飞键、非音码或读音集合未覆盖；不猜测
鲸凉鹤1.1手心挂接.txt	男婴	nzyk	nzyk	未知飞键、非音码或读音集合未覆盖；不猜测
鲸凉鹤1.1手心挂接.txt	难赢	nzyk	nzyk	未知飞键、非音码或读音集合未覆盖；不猜测
鲸凉鹤1.1手心挂接.txt	南院	nzyr	nzyr	未知飞键、非音码或读音集合未覆盖；不猜测
鲸凉鹤1.1手心挂接.txt	南苑	nzyr	nzyr	未知飞键、非音码或读音集合未覆盖；不猜测
鲸凉鹤1.1手心挂接.txt	南园	nzyr	nzyr	未知飞键、非音码或读音集合未覆盖；不猜测
鲸凉鹤1.1手心挂接.txt	难用	nzys	nzys	未知飞键、非音码或读音集合未覆盖；不猜测
鲸凉鹤1.1手心挂接.txt	男用	nzys	nzys	未知飞键、非音码或读音集合未覆盖；不猜测
鲸凉鹤1.1手心挂接.txt	男佣	nzys	nzys	未知飞键、非音码或读音集合未覆盖；不猜测
鲸凉鹤1.1手心挂接.txt	南岳	nzyt	nzyt	未知飞键、非音码或读音集合未覆盖；不猜测
鲸凉鹤1.1手心挂接.txt	南越	nzyt	nzyt	未知飞键、非音码或读音集合未覆盖；不猜测
鲸凉鹤1.1手心挂接.txt	难于	nzyu	nzyu	未知飞键、非音码或读音集合未覆盖；不猜测
鲸凉鹤1.1手心挂接.txt	难遇	nzyu	nzyu	未知飞键、非音码或读音集合未覆盖；不猜测
鲸凉鹤1.1手心挂接.txt	南云	nzyy	nzyy	未知飞键、非音码或读音集合未覆盖；不猜测
鲸凉鹤1.1手心挂接.txt	男友	nzyz	nzyz	未知飞键、非音码或读音集合未覆盖；不猜测
鲸凉鹤1.1手心挂接.txt	难有	nzyz	nzyz	未知飞键、非音码或读音集合未覆盖；不猜测
鲸凉鹤1.1手心挂接.txt	男优	nzyz	nzyz	未知飞键、非音码或读音集合未覆盖；不猜测
鲸凉鹤1.1手心挂接.txt	难在	nzzd	nzzd	未知飞键、非音码或读音集合未覆盖；不猜测
鲸凉鹤1.1手心挂接.txt	男仔	nzzd	nzzd	未知飞键、非音码或读音集合未覆盖；不猜测
鲸凉鹤1.1手心挂接.txt	男子	nzzi	nzzi	未知飞键、非音码或读音集合未覆盖；不猜测
鲸凉鹤1.1手心挂接.txt	难字	nzzi	nzzi	未知飞键、非音码或读音集合未覆盖；不猜测
鲸凉鹤1.1手心挂接.txt	难做	nzzo	nzzo	未知飞键、非音码或读音集合未覆盖；不猜测
鲸凉鹤1.1手心挂接.txt	男足	nzzu	nzzu	未知飞键、非音码或读音集合未覆盖；不猜测
鲸凉鹤1.1手心挂接.txt	难走	nzzz	nzzz	未知飞键、非音码或读音集合未覆盖；不猜测
鲸凉鹤1.1手心挂接.txt	nm	ofdw	ofdw	未知飞键、非音码或读音集合未覆盖；不猜测
鲸凉鹤1.1手心挂接.txt	μm	ofdw	ofdw	未知飞键、非音码或读音集合未覆盖；不猜测
鲸凉鹤1.1手心挂接.txt	μg	ofdw	ofdw	未知飞键、非音码或读音集合未覆盖；不猜测
鲸凉鹤1.1手心挂接.txt	嗯哼	oghg	oghg	未知飞键、非音码或读音集合未覆盖；不猜测
鲸凉鹤1.1手心挂接.txt	嗯呐	ogna	ogna	未知飞键、非音码或读音集合未覆盖；不猜测
鲸凉鹤1.1手心挂接.txt	嗯嗯	ogog	ogog	未知飞键、非音码或读音集合未覆盖；不猜测
鲸凉鹤1.1手心挂接.txt	🐂🍺	oinb	oinb	未知飞键、非音码或读音集合未覆盖；不猜测
鲸凉鹤1.1手心挂接.txt	啊哦	ojao	ojao	未知飞键、非音码或读音集合未覆盖；不猜测
鲸凉鹤1.1手心挂接.txt	阿叔	ojau	ojau	未知飞键、非音码或读音集合未覆盖；不猜测
鲸凉鹤1.1手心挂接.txt	彬彬	ojbb	ojbb	未知飞键、非音码或读音集合未覆盖；不猜测
鲸凉鹤1.1手心挂接.txt	缤纷	ojbf	ojbf	未知飞键、非音码或读音集合未覆盖；不猜测
鲸凉鹤1.1手心挂接.txt	濒危	ojbw	ojbw	未知飞键、非音码或读音集合未覆盖；不猜测
鲸凉鹤1.1手心挂接.txt	曹操	ojcc	ojcc	未知飞键、非音码或读音集合未覆盖；不猜测
鲸凉鹤1.1手心挂接.txt	草草	ojcc	ojcc	未知飞键、非音码或读音集合未覆盖；不猜测
鲸凉鹤1.1手心挂接.txt	草粉	ojcf	ojcf	未知飞键、非音码或读音集合未覆盖；不猜测
鲸凉鹤1.1手心挂接.txt	艹粉	ojcf	ojcf	未知飞键、非音码或读音集合未覆盖；不猜测
鲸凉鹤1.1手心挂接.txt	操持	ojci	ojci	未知飞键、非音码或读音集合未覆盖；不猜测
鲸凉鹤1.1手心挂接.txt	草书	ojcu	ojcu	未知飞键、非音码或读音集合未覆盖；不猜测
鲸凉鹤1.1手心挂接.txt	草树	ojcu	ojcu	未知飞键、非音码或读音集合未覆盖；不猜测
鲸凉鹤1.1手心挂接.txt	漕运	ojcy	ojcy	未知飞键、非音码或读音集合未覆盖；不猜测
鲸凉鹤1.1手心挂接.txt	呆呆	ojdd	ojdd	未知飞键、非音码或读音集合未覆盖；不猜测
鲸凉鹤1.1手心挂接.txt	代代	ojdd	ojdd	未知飞键、非音码或读音集合未覆盖；不猜测
鲸凉鹤1.1手心挂接.txt	带带	ojdd	ojdd	未知飞键、非音码或读音集合未覆盖；不猜测
鲸凉鹤1.1手心挂接.txt	袋袋	ojdd	ojdd	未知飞键、非音码或读音集合未覆盖；不猜测
鲸凉鹤1.1手心挂接.txt	呆鹅	ojde	ojde	未知飞键、非音码或读音集合未覆盖；不猜测
鲸凉鹤1.1手心挂接.txt	代持	ojdi	ojdi	未知飞键、非音码或读音集合未覆盖；不猜测
鲸凉鹤1.1手心挂接.txt	带球	ojdq	ojdq	未知飞键、非音码或读音集合未覆盖；不猜测
鲸凉鹤1.1手心挂接.txt	袋鼠	ojdu	ojdu	未知飞键、非音码或读音集合未覆盖；不猜测
鲸凉鹤1.1手心挂接.txt	代数	ojdu	ojdu	未知飞键、非音码或读音集合未覆盖；不猜测
鲸凉鹤1.1手心挂接.txt	代为	ojdw	ojdw	未知飞键、非音码或读音集合未覆盖；不猜测
鲸凉鹤1.1手心挂接.txt	代孕	ojdy	ojdy	未知飞键、非音码或读音集合未覆盖；不猜测
鲸凉鹤1.1手心挂接.txt	待孕	ojdy	ojdy	未知飞键、非音码或读音集合未覆盖；不猜测
鲸凉鹤1.1手心挂接.txt	带走	ojdz	ojdz	未知飞键、非音码或读音集合未覆盖；不猜测
鲸凉鹤1.1手心挂接.txt	饿啊	ojea	ojea	未知飞键、非音码或读音集合未覆盖；不猜测
鲸凉鹤1.1手心挂接.txt	额额	ojee	ojee	未知飞键、非音码或读音集合未覆盖；不猜测
鲸凉鹤1.1手心挂接.txt	饿饿	ojee	ojee	未知飞键、非音码或读音集合未覆盖；不猜测
鲸凉鹤1.1手心挂接.txt	呃呃	ojee	ojee	未知飞键、非音码或读音集合未覆盖；不猜测
鲸凉鹤1.1手心挂接.txt	俄航	ojeh	ojeh	未知飞键、非音码或读音集合未覆盖；不猜测
鲸凉鹤1.1手心挂接.txt	鹅翅	ojei	ojei	未知飞键、非音码或读音集合未覆盖；不猜测
鲸凉鹤1.1手心挂接.txt	屙尿	ojen	ojen	未知飞键、非音码或读音集合未覆盖；不猜测
鲸凉鹤1.1手心挂接.txt	饿哦	ojeo	ojeo	未知飞键、非音码或读音集合未覆盖；不猜测
鲸凉鹤1.1手心挂接.txt	厄运	ojey	ojey	未知飞键、非音码或读音集合未覆盖；不猜测
鲸凉鹤1.1手心挂接.txt	饿晕	ojey	ojey	未知飞键、非音码或读音集合未覆盖；不猜测
鲸凉鹤1.1手心挂接.txt	噩运	ojey	ojey	未知飞键、非音码或读音集合未覆盖；不猜测
鲸凉鹤1.1手心挂接.txt	粪草	ojfc	ojfc	未知飞键、非音码或读音集合未覆盖；不猜测
鲸凉鹤1.1手心挂接.txt	粉黛	ojfd	ojfd	未知飞键、非音码或读音集合未覆盖；不猜测
鲸凉鹤1.1手心挂接.txt	份额	ojfe	ojfe	未知飞键、非音码或读音集合未覆盖；不猜测
鲸凉鹤1.1手心挂接.txt	纷纷	ojff	ojff	未知飞键、非音码或读音集合未覆盖；不猜测
鲸凉鹤1.1手心挂接.txt	愤愤	ojff	ojff	未知飞键、非音码或读音集合未覆盖；不猜测
鲸凉鹤1.1手心挂接.txt	忿忿	ojff	ojff	未知飞键、非音码或读音集合未覆盖；不猜测
鲸凉鹤1.1手心挂接.txt	粉粉	ojff	ojff	未知飞键、非音码或读音集合未覆盖；不猜测
鲸凉鹤1.1手心挂接.txt	分行	ojfh	ojfh	未知飞键、非音码或读音集合未覆盖；不猜测
鲸凉鹤1.1手心挂接.txt	粪池	ojfi	ojfi	未知飞键、非音码或读音集合未覆盖；不猜测
鲸凉鹤1.1手心挂接.txt	分吃	ojfi	ojfi	未知飞键、非音码或读音集合未覆盖；不猜测
鲸凉鹤1.1手心挂接.txt	分块	ojfk	ojfk	未知飞键、非音码或读音集合未覆盖；不猜测
鲸凉鹤1.1手心挂接.txt	分量	ojfl	ojfl	未知飞键、非音码或读音集合未覆盖；不猜测
鲸凉鹤1.1手心挂接.txt	份量	ojfl	ojfl	未知飞键、非音码或读音集合未覆盖；不猜测
鲸凉鹤1.1手心挂接.txt	分娩	ojfm	ojfm	未知飞键、非音码或读音集合未覆盖；不猜测
鲸凉鹤1.1手心挂接.txt	粉面	ojfm	ojfm	未知飞键、非音码或读音集合未覆盖；不猜测
鲸凉鹤1.1手心挂接.txt	奋勉	ojfm	ojfm	未知飞键、非音码或读音集合未覆盖；不猜测
鲸凉鹤1.1手心挂接.txt	粪尿	ojfn	ojfn	未知飞键、非音码或读音集合未覆盖；不猜测
鲸凉鹤1.1手心挂接.txt	分球	ojfq	ojfq	未知飞键、非音码或读音集合未覆盖；不猜测
鲸凉鹤1.1手心挂接.txt	粪球	ojfq	ojfq	未知飞键、非音码或读音集合未覆盖；不猜测
鲸凉鹤1.1手心挂接.txt	坟丘	ojfq	ojfq	未知飞键、非音码或读音集合未覆盖；不猜测
鲸凉鹤1.1手心挂接.txt	分送	ojfs	ojfs	未知飞键、非音码或读音集合未覆盖；不猜测
鲸凉鹤1.1手心挂接.txt	分数	ojfu	ojfu	未知飞键、非音码或读音集合未覆盖；不猜测
鲸凉鹤1.1手心挂接.txt	分属	ojfu	ojfu	未知飞键、非音码或读音集合未覆盖；不猜测
鲸凉鹤1.1手心挂接.txt	份数	ojfu	ojfu	未知飞键、非音码或读音集合未覆盖；不猜测
鲸凉鹤1.1手心挂接.txt	焚书	ojfu	ojfu	未知飞键、非音码或读音集合未覆盖；不猜测
鲸凉鹤1.1手心挂接.txt	分为	ojfw	ojfw	未知飞键、非音码或读音集合未覆盖；不猜测
鲸凉鹤1.1手心挂接.txt	氛围	ojfw	ojfw	未知飞键、非音码或读音集合未覆盖；不猜测
鲸凉鹤1.1手心挂接.txt	分下	ojfx	ojfx	未知飞键、非音码或读音集合未覆盖；不猜测
鲸凉鹤1.1手心挂接.txt	纷纭	ojfy	ojfy	未知飞键、非音码或读音集合未覆盖；不猜测
鲸凉鹤1.1手心挂接.txt	分走	ojfz	ojfz	未知飞键、非音码或读音集合未覆盖；不猜测
鲸凉鹤1.1手心挂接.txt	更待	ojgd	ojgd	未知飞键、非音码或读音集合未覆盖；不猜测
鲸凉鹤1.1手心挂接.txt	更饿	ojge	ojge	未知飞键、非音码或读音集合未覆盖；不猜测
鲸凉鹤1.1手心挂接.txt	耿耿	ojgg	ojgg	未知飞键、非音码或读音集合未覆盖；不猜测
鲸凉鹤1.1手心挂接.txt	更迟	ojgi	ojgi	未知飞键、非音码或读音集合未覆盖；不猜测
鲸凉鹤1.1手心挂接.txt	羹匙	ojgi	ojgi	未知飞键、非音码或读音集合未覆盖；不猜测
鲸凉鹤1.1手心挂接.txt	更快	ojgk	ojgk	未知飞键、非音码或读音集合未覆盖；不猜测
鲸凉鹤1.1手心挂接.txt	更亮	ojgl	ojgl	未知飞键、非音码或读音集合未覆盖；不猜测
鲸凉鹤1.1手心挂接.txt	更凉	ojgl	ojgl	未知飞键、非音码或读音集合未覆盖；不猜测
鲸凉鹤1.1手心挂接.txt	更软	ojgr	ojgr	未知飞键、非音码或读音集合未覆盖；不猜测
鲸凉鹤1.1手心挂接.txt	更熟	ojgu	ojgu	未知飞键、非音码或读音集合未覆盖；不猜测
鲸凉鹤1.1手心挂接.txt	更为	ojgw	ojgw	未知飞键、非音码或读音集合未覆盖；不猜测
鲸凉鹤1.1手心挂接.txt	耕耘	ojgy	ojgy	未知飞键、非音码或读音集合未覆盖；不猜测
鲸凉鹤1.1手心挂接.txt	更晕	ojgy	ojgy	未知飞键、非音码或读音集合未覆盖；不猜测
鲸凉鹤1.1手心挂接.txt	行行	ojhh	ojhh	未知飞键、非音码或读音集合未覆盖；不猜测
鲸凉鹤1.1手心挂接.txt	行数	ojhu	ojhu	未知飞键、非音码或读音集合未覆盖；不猜测
鲸凉鹤1.1手心挂接.txt	行尾	ojhw	ojhw	未知飞键、非音码或读音集合未覆盖；不猜测
鲸凉鹤1.1手心挂接.txt	航运	ojhy	ojhy	未知飞键、非音码或读音集合未覆盖；不猜测
鲸凉鹤1.1手心挂接.txt	吃啊	ojia	ojia	未知飞键、非音码或读音集合未覆盖；不猜测
鲸凉鹤1.1手心挂接.txt	吃草	ojic	ojic	未知飞键、非音码或读音集合未覆盖；不猜测
鲸凉鹤1.1手心挂接.txt	痴呆	ojid	ojid	未知飞键、非音码或读音集合未覆盖；不猜测
鲸凉鹤1.1手心挂接.txt	吃粉	ojif	ojif	未知飞键、非音码或读音集合未覆盖；不猜测
鲸凉鹤1.1手心挂接.txt	吃粪	ojif	ojif	未知飞键、非音码或读音集合未覆盖；不猜测
鲸凉鹤1.1手心挂接.txt	迟迟	ojii	ojii	未知飞键、非音码或读音集合未覆盖；不猜测
鲸凉鹤1.1手心挂接.txt	痴痴	ojii	ojii	未知飞键、非音码或读音集合未覆盖；不猜测
鲸凉鹤1.1手心挂接.txt	吃吃	ojii	ojii	未知飞键、非音码或读音集合未覆盖；不猜测
鲸凉鹤1.1手心挂接.txt	嗤嗤	ojii	ojii	未知飞键、非音码或读音集合未覆盖；不猜测
鲸凉鹤1.1手心挂接.txt	吃块	ojik	ojik	未知飞键、非音码或读音集合未覆盖；不猜测
鲸凉鹤1.1手心挂接.txt	吃粮	ojil	ojil	未知飞键、非音码或读音集合未覆盖；不猜测
鲸凉鹤1.1手心挂接.txt	吃面	ojim	ojim	未知飞键、非音码或读音集合未覆盖；不猜测
鲸凉鹤1.1手心挂接.txt	吃鸟	ojin	ojin	未知飞键、非音码或读音集合未覆盖；不猜测
鲸凉鹤1.1手心挂接.txt	吃哦	ojio	ojio	未知飞键、非音码或读音集合未覆盖；不猜测
鲸凉鹤1.1手心挂接.txt	持球	ojiq	ojiq	未知飞键、非音码或读音集合未覆盖；不猜测
鲸凉鹤1.1手心挂接.txt	吃球	ojiq	ojiq	未知飞键、非音码或读音集合未覆盖；不猜测
鲸凉鹤1.1手心挂接.txt	吃软	ojir	ojir	未知飞键、非音码或读音集合未覆盖；不猜测
鲸凉鹤1.1手心挂接.txt	吃书	ojiu	ojiu	未知飞键、非音码或读音集合未覆盖；不猜测
鲸凉鹤1.1手心挂接.txt	吃下	ojix	ojix	未知飞键、非音码或读音集合未覆盖；不猜测
鲸凉鹤1.1手心挂接.txt	吃虾	ojix	ojix	未知飞键、非音码或读音集合未覆盖；不猜测
鲸凉鹤1.1手心挂接.txt	赤霞	ojix	ojix	未知飞键、非音码或读音集合未覆盖；不猜测
鲸凉鹤1.1手心挂接.txt	快啊	ojka	ojka	未知飞键、非音码或读音集合未覆盖；不猜测
鲸凉鹤1.1手心挂接.txt	快更	ojkg	ojkg	未知飞键、非音码或读音集合未覆盖；不猜测
鲸凉鹤1.1手心挂接.txt	快吃	ojki	ojki	未知飞键、非音码或读音集合未覆盖；不猜测
鲸凉鹤1.1手心挂接.txt	快快	ojkk	ojkk	未知飞键、非音码或读音集合未覆盖；不猜测
鲸凉鹤1.1手心挂接.txt	块块	ojkk	ojkk	未知飞键、非音码或读音集合未覆盖；不猜测
鲸凉鹤1.1手心挂接.txt	块面	ojkm	ojkm	未知飞键、非音码或读音集合未覆盖；不猜测
鲸凉鹤1.1手心挂接.txt	快哦	ojko	ojko	未知飞键、非音码或读音集合未覆盖；不猜测
鲸凉鹤1.1手心挂接.txt	快送	ojks	ojks	未知飞键、非音码或读音集合未覆盖；不猜测
鲸凉鹤1.1手心挂接.txt	快追	ojkv	ojkv	未知飞键、非音码或读音集合未覆盖；不猜测
鲸凉鹤1.1手心挂接.txt	快慰	ojkw	ojkw	未知飞键、非音码或读音集合未覆盖；不猜测
鲸凉鹤1.1手心挂接.txt	快下	ojkx	ojkx	未知飞键、非音码或读音集合未覆盖；不猜测
鲸凉鹤1.1手心挂接.txt	快运	ojky	ojky	未知飞键、非音码或读音集合未覆盖；不猜测
鲸凉鹤1.1手心挂接.txt	快走	ojkz	ojkz	未知飞键、非音码或读音集合未覆盖；不猜测
鲸凉鹤1.1手心挂接.txt	两鬓	ojlb	ojlb	未知飞键、非音码或读音集合未覆盖；不猜测
鲸凉鹤1.1手心挂接.txt	粮草	ojlc	ojlc	未知飞键、非音码或读音集合未覆盖；不猜测
鲸凉鹤1.1手心挂接.txt	哦哦	ojoo	ojoo	未知飞键、非音码或读音集合未覆盖；不猜测
鲸凉鹤1.1手心挂接.txt	十一	ooaa	ooaa	未知飞键、非音码或读音集合未覆盖；不猜测
鲸凉鹤1.1手心挂接.txt	十三	ooad	ooad	未知飞键、非音码或读音集合未覆盖；不猜测
鲸凉鹤1.1手心挂接.txt	十四	ooaf	ooaf	未知飞键、非音码或读音集合未覆盖；不猜测
鲸凉鹤1.1手心挂接.txt	十五	ooag	ooag	未知飞键、非音码或读音集合未覆盖；不猜测
鲸凉鹤1.1手心挂接.txt	十六	ooah	ooah	未知飞键、非音码或读音集合未覆盖；不猜测
鲸凉鹤1.1手心挂接.txt	十七	ooaj	ooaj	未知飞键、非音码或读音集合未覆盖；不猜测
鲸凉鹤1.1手心挂接.txt	十八	ooak	ooak	未知飞键、非音码或读音集合未覆盖；不猜测
鲸凉鹤1.1手心挂接.txt	十九	ooal	ooal	未知飞键、非音码或读音集合未覆盖；不猜测
鲸凉鹤1.1手心挂接.txt	十二	ooas	ooas	未知飞键、非音码或读音集合未覆盖；不猜测
鲸凉鹤1.1手心挂接.txt	八十	oobu	oobu	未知飞键、非音码或读音集合未覆盖；不猜测
鲸凉鹤1.1手心挂接.txt	三十	oodp	oodp	未知飞键、非音码或读音集合未覆盖；不猜测
鲸凉鹤1.1手心挂接.txt	四十	oodu	oodu	未知飞键、非音码或读音集合未覆盖；不猜测
鲸凉鹤1.1手心挂接.txt	二个	ooeg	ooeg	未知飞键、非音码或读音集合未覆盖；不猜测
鲸凉鹤1.1手心挂接.txt	二十	ooeu	ooeu	未知飞键、非音码或读音集合未覆盖；不猜测
鲸凉鹤1.1手心挂接.txt	四十	oofp	oofp	未知飞键、非音码或读音集合未覆盖；不猜测
鲸凉鹤1.1手心挂接.txt	五十	oogp	oogp	未知飞键、非音码或读音集合未覆盖；不猜测
鲸凉鹤1.1手心挂接.txt	六十	oohp	oohp	未知飞键、非音码或读音集合未覆盖；不猜测
鲸凉鹤1.1手心挂接.txt	初八	ooib	ooib	未知飞键、非音码或读音集合未覆盖；不猜测
鲸凉鹤1.1手心挂接.txt	初四	ooid	ooid	未知飞键、非音码或读音集合未覆盖；不猜测
鲸凉鹤1.1手心挂接.txt	初九	ooij	ooij	未知飞键、非音码或读音集合未覆盖；不猜测
鲸凉鹤1.1手心挂接.txt	初六	ooil	ooil	未知飞键、非音码或读音集合未覆盖；不猜测
鲸凉鹤1.1手心挂接.txt	初七	ooiq	ooiq	未知飞键、非音码或读音集合未覆盖；不猜测
鲸凉鹤1.1手心挂接.txt	初十	ooiu	ooiu	未知飞键、非音码或读音集合未覆盖；不猜测
鲸凉鹤1.1手心挂接.txt	初五	ooiw	ooiw	未知飞键、非音码或读音集合未覆盖；不猜测
鲸凉鹤1.1手心挂接.txt	七十	oojp	oojp	未知飞键、非音码或读音集合未覆盖；不猜测
鲸凉鹤1.1手心挂接.txt	九十	ooju	ooju	未知飞键、非音码或读音集合未覆盖；不猜测
鲸凉鹤1.1手心挂接.txt	八十	ookp	ookp	未知飞键、非音码或读音集合未覆盖；不猜测
鲸凉鹤1.1手心挂接.txt	哦咯	oolo	oolo	未知飞键、非音码或读音集合未覆盖；不猜测
鲸凉鹤1.1手心挂接.txt	九十	oolp	oolp	未知飞键、非音码或读音集合未覆盖；不猜测
鲸凉鹤1.1手心挂接.txt	六十	oolu	oolu	未知飞键、非音码或读音集合未覆盖；不猜测
鲸凉鹤1.1手心挂接.txt	喔喔	oooo	oooo	未知飞键、非音码或读音集合未覆盖；不猜测
鲸凉鹤1.1手心挂接.txt	七十	ooqu	ooqu	未知飞键、非音码或读音集合未覆盖；不猜测
鲸凉鹤1.1手心挂接.txt	四十	ooru	ooru	未知飞键、非音码或读音集合未覆盖；不猜测
鲸凉鹤1.1手心挂接.txt	二十	oosp	oosp	未知飞键、非音码或读音集合未覆盖；不猜测
鲸凉鹤1.1手心挂接.txt	三十	oosu	oosu	未知飞键、非音码或读音集合未覆盖；不猜测
鲸凉鹤1.1手心挂接.txt	十八	ooub	ooub	未知飞键、非音码或读音集合未覆盖；不猜测
鲸凉鹤1.1手心挂接.txt	十四	ooud	ooud	未知飞键、非音码或读音集合未覆盖；不猜测
鲸凉鹤1.1手心挂接.txt	十二	ooue	ooue	未知飞键、非音码或读音集合未覆盖；不猜测
鲸凉鹤1.1手心挂接.txt	十九	oouj	oouj	未知飞键、非音码或读音集合未覆盖；不猜测
鲸凉鹤1.1手心挂接.txt	十六	ooul	ooul	未知飞键、非音码或读音集合未覆盖；不猜测
鲸凉鹤1.1手心挂接.txt	十七	oouq	oouq	未知飞键、非音码或读音集合未覆盖；不猜测
鲸凉鹤1.1手心挂接.txt	十四	oour	oour	未知飞键、非音码或读音集合未覆盖；不猜测
鲸凉鹤1.1手心挂接.txt	十三	oous	oous	未知飞键、非音码或读音集合未覆盖；不猜测
鲸凉鹤1.1手心挂接.txt	十五	oouw	oouw	未知飞键、非音码或读音集合未覆盖；不猜测
鲸凉鹤1.1手心挂接.txt	十一	oouy	oouy	未知飞键、非音码或读音集合未覆盖；不猜测
鲸凉鹤1.1手心挂接.txt	之八	oovb	oovb	未知飞键、非音码或读音集合未覆盖；不猜测
鲸凉鹤1.1手心挂接.txt	之四	oovd	oovd	未知飞键、非音码或读音集合未覆盖；不猜测
鲸凉鹤1.1手心挂接.txt	之二	oove	oove	未知飞键、非音码或读音集合未覆盖；不猜测
鲸凉鹤1.1手心挂接.txt	之九	oovj	oovj	未知飞键、非音码或读音集合未覆盖；不猜测
鲸凉鹤1.1手心挂接.txt	之六	oovl	oovl	未知飞键、非音码或读音集合未覆盖；不猜测
鲸凉鹤1.1手心挂接.txt	之七	oovq	oovq	未知飞键、非音码或读音集合未覆盖；不猜测
鲸凉鹤1.1手心挂接.txt	之三	oovs	oovs	未知飞键、非音码或读音集合未覆盖；不猜测
鲸凉鹤1.1手心挂接.txt	之十	oovu	oovu	未知飞键、非音码或读音集合未覆盖；不猜测
鲸凉鹤1.1手心挂接.txt	之五	oovw	oovw	未知飞键、非音码或读音集合未覆盖；不猜测
鲸凉鹤1.1手心挂接.txt	之一	oovy	oovy	未知飞键、非音码或读音集合未覆盖；不猜测
鲸凉鹤1.1手心挂接.txt	五十	oowu	oowu	未知飞键、非音码或读音集合未覆盖；不猜测
鲸凉鹤1.1手心挂接.txt	一兆	ooyv	ooyv	未知飞键、非音码或读音集合未覆盖；不猜测
鲸凉鹤1.1手心挂接.txt	一万	ooyw	ooyw	未知飞键、非音码或读音集合未覆盖；不猜测
鲸凉鹤1.1手心挂接.txt	殴打	oudw	oudw	未知飞键、非音码或读音集合未覆盖；不猜测
鲸凉鹤1.1手心挂接.txt	欧规	ougi	ougi	未知飞键、非音码或读音集合未覆盖；不猜测
鲸凉鹤1.1手心挂接.txt	欧冠	ougp	ougp	未知飞键、非音码或读音集合未覆盖；不猜测
鲸凉鹤1.1手心挂接.txt	偶见	oujz	oujz	未知飞键、非音码或读音集合未覆盖；不猜测
鲸凉鹤1.1手心挂接.txt	欧曼	oumr	oumr	未知飞键、非音码或读音集合未覆盖；不猜测
鲸凉鹤1.1手心挂接.txt	欧姆	oumx	oumx	未知飞键、非音码或读音集合未覆盖；不猜测
鲸凉鹤1.1手心挂接.txt	欧南	ounz	ounz	未知飞键、非音码或读音集合未覆盖；不猜测
鲸凉鹤1.1手心挂接.txt	欧珊	ouus	ouus	未知飞键、非音码或读音集合未覆盖；不猜测
鲸凉鹤1.1手心挂接.txt	欧证	ouvk	ouvk	未知飞键、非音码或读音集合未覆盖；不猜测
鲸凉鹤1.1手心挂接.txt	欧燕	ouyf	ouyf	未知飞键、非音码或读音集合未覆盖；不猜测
鲸凉鹤1.1手心挂接.txt	偶遇	ouyg	ouyg	未知飞键、非音码或读音集合未覆盖；不猜测
鲸凉鹤1.1手心挂接.txt	爬到	padl	padl	未知飞键、非音码或读音集合未覆盖；不猜测
鲸凉鹤1.1手心挂接.txt	趴倒	padl	padl	未知飞键、非音码或读音集合未覆盖；不猜测
鲸凉鹤1.1手心挂接.txt	怕鬼	pagi	pagi	未知飞键、非音码或读音集合未覆盖；不猜测
鲸凉鹤1.1手心挂接.txt	怕官	pagp	pagp	未知飞键、非音码或读音集合未覆盖；不猜测
鲸凉鹤1.1手心挂接.txt	怕见	pajz	pajz	未知飞键、非音码或读音集合未覆盖；不猜测
鲸凉鹤1.1手心挂接.txt	爬满	pamr	pamr	未知飞键、非音码或读音集合未覆盖；不猜测
鲸凉鹤1.1手心挂接.txt	怕难	panz	panz	未知飞键、非音码或读音集合未覆盖；不猜测
鲸凉鹤1.1手心挂接.txt	怕屁	pape	pape	未知飞键、非音码或读音集合未覆盖；不猜测
鲸凉鹤1.1手心挂接.txt	爬坡	paps	paps	未知飞键、非音码或读音集合未覆盖；不猜测
鲸凉鹤1.1手心挂接.txt	爬起	paqe	paqe	未知飞键、非音码或读音集合未覆盖；不猜测
鲸凉鹤1.1手心挂接.txt	爬山	paus	paus	未知飞键、非音码或读音集合未覆盖；不猜测
鲸凉鹤1.1手心挂接.txt	怕羞	paxo	paxo	未知飞键、非音码或读音集合未覆盖；不猜测
鲸凉鹤1.1手心挂接.txt	嫔从	pbcl	pbcl	未知飞键、非音码或读音集合未覆盖；不猜测
鲸凉鹤1.1手心挂接.txt	频道	pbdl	pbdl	未知飞键、非音码或读音集合未覆盖；不猜测
鲸凉鹤1.1手心挂接.txt	贫道	pbdl	pbdl	未知飞键、非音码或读音集合未覆盖；不猜测
鲸凉鹤1.1手心挂接.txt	拼柜	pbgi	pbgi	未知飞键、非音码或读音集合未覆盖；不猜测
鲸凉鹤1.1手心挂接.txt	品管	pbgp	pbgp	未知飞键、非音码或读音集合未覆盖；不猜测
鲸凉鹤1.1手心挂接.txt	频道	pbjf	pbjf	未知飞键、非音码或读音集合未覆盖；不猜测
鲸凉鹤1.1手心挂接.txt	贫道	pbjf	pbjf	未知飞键、非音码或读音集合未覆盖；不猜测
鲸凉鹤1.1手心挂接.txt	贫贱	pbjz	pbjz	未知飞键、非音码或读音集合未覆盖；不猜测
鲸凉鹤1.1手心挂接.txt	品鉴	pbjz	pbjz	未知飞键、非音码或读音集合未覆盖；不猜测
鲸凉鹤1.1手心挂接.txt	品目	pbmx	pbmx	未知飞键、非音码或读音集合未覆盖；不猜测
鲸凉鹤1.1手心挂接.txt	拼皮	pbpe	pbpe	未知飞键、非音码或读音集合未覆盖；不猜测
鲸凉鹤1.1手心挂接.txt	品评	pbpx	pbpx	未知飞键、非音码或读音集合未覆盖；不猜测
鲸凉鹤1.1手心挂接.txt	品推	pbtl	pbtl	未知飞键、非音码或读音集合未覆盖；不猜测
鲸凉鹤1.1手心挂接.txt	频闪	pbus	pbus	未知飞键、非音码或读音集合未覆盖；不猜测
鲸凉鹤1.1手心挂接.txt	拼争	pbvk	pbvk	未知飞键、非音码或读音集合未覆盖；不猜测
鲸凉鹤1.1手心挂接.txt	频域	pbyg	pbyg	未知飞键、非音码或读音集合未覆盖；不猜测
鲸凉鹤1.1手心挂接.txt	跑到	pcdl	pcdl	未知飞键、非音码或读音集合未覆盖；不猜测
鲸凉鹤1.1手心挂接.txt	跑道	pcdl	pcdl	未知飞键、非音码或读音集合未覆盖；不猜测
鲸凉鹤1.1手心挂接.txt	跑刀	pcdl	pcdl	未知飞键、非音码或读音集合未覆盖；不猜测
鲸凉鹤1.1手心挂接.txt	跑打	pcdw	pcdw	未知飞键、非音码或读音集合未覆盖；不猜测
鲸凉鹤1.1手心挂接.txt	炮打	pcdw	pcdw	未知飞键、非音码或读音集合未覆盖；不猜测
鲸凉鹤1.1手心挂接.txt	炮管	pcgp	pcgp	未知飞键、非音码或读音集合未覆盖；不猜测
鲸凉鹤1.1手心挂接.txt	跑官	pcgp	pcgp	未知飞键、非音码或读音集合未覆盖；不猜测
鲸凉鹤1.1手心挂接.txt	品号	pchb	pchb	未知飞键、非音码或读音集合未覆盖；不猜测
鲸凉鹤1.1手心挂接.txt	跑道	pcjf	pcjf	未知飞键、非音码或读音集合未覆盖；不猜测
鲸凉鹤1.1手心挂接.txt	炮舰	pcjz	pcjz	未知飞键、非音码或读音集合未覆盖；不猜测
鲸凉鹤1.1手心挂接.txt	跑男	pcnz	pcnz	未知飞键、非音码或读音集合未覆盖；不猜测
鲸凉鹤1.1手心挂接.txt	跑批	pcpe	pcpe	未知飞键、非音码或读音集合未覆盖；不猜测
鲸凉鹤1.1手心挂接.txt	跑坡	pcps	pcps	未知飞键、非音码或读音集合未覆盖；不猜测
鲸凉鹤1.1手心挂接.txt	刨平	pcpx	pcpx	未知飞键、非音码或读音集合未覆盖；不猜测
鲸凉鹤1.1手心挂接.txt	跑腿	pctl	pctl	未知飞键、非音码或读音集合未覆盖；不猜测
鲸凉鹤1.1手心挂接.txt	跑山	pcus	pcus	未知飞键、非音码或读音集合未覆盖；不猜测
鲸凉鹤1.1手心挂接.txt	炮手	pcuv	pcuv	未知飞键、非音码或读音集合未覆盖；不猜测
鲸凉鹤1.1手心挂接.txt	跑向	pcxj	pcxj	未知飞键、非音码或读音集合未覆盖；不猜测
鲸凉鹤1.1手心挂接.txt	抛向	pcxj	pcxj	未知飞键、非音码或读音集合未覆盖；不猜测
鲸凉鹤1.1手心挂接.txt	袍袖	pcxo	pcxo	未知飞键、非音码或读音集合未覆盖；不猜测
鲸凉鹤1.1手心挂接.txt	炮眼	pcyf	pcyf	未知飞键、非音码或读音集合未覆盖；不猜测
鲸凉鹤1.1手心挂接.txt	泡浴	pcyg	pcyg	未知飞键、非音码或读音集合未覆盖；不猜测
鲸凉鹤1.1手心挂接.txt	拍呗	pdbd	pdbd	未知飞键、非音码或读音集合未覆盖；不猜测
鲸凉鹤1.1手心挂接.txt	拍到	pddl	pddl	未知飞键、非音码或读音集合未覆盖；不猜测
鲸凉鹤1.1手心挂接.txt	派到	pddl	pddl	未知飞键、非音码或读音集合未覆盖；不猜测
鲸凉鹤1.1手心挂接.txt	排到	pddl	pddl	未知飞键、非音码或读音集合未覆盖；不猜测
鲸凉鹤1.1手心挂接.txt	拍打	pddw	pddw	未知飞键、非音码或读音集合未覆盖；不猜测
鲸凉鹤1.1手心挂接.txt	排管	pdgp	pdgp	未知飞键、非音码或读音集合未覆盖；不猜测
鲸凉鹤1.1手心挂接.txt	排灌	pdgp	pdgp	未知飞键、非音码或读音集合未覆盖；不猜测
鲸凉鹤1.1手心挂接.txt	徘徊	pdhv	pdhv	未知飞键、非音码或读音集合未覆盖；不猜测
鲸凉鹤1.1手心挂接.txt	派件	pdjz	pdjz	未知飞键、非音码或读音集合未覆盖；不猜测
鲸凉鹤1.1手心挂接.txt	拍肩	pdjz	pdjz	未知飞键、非音码或读音集合未覆盖；不猜测
鲸凉鹤1.1手心挂接.txt	排列	pdlf	pdlf	未知飞键、非音码或读音集合未覆盖；不猜测
鲸凉鹤1.1手心挂接.txt	拍咯	pdlo	pdlo	未知飞键、非音码或读音集合未覆盖；不猜测
鲸凉鹤1.1手心挂接.txt	排满	pdmr	pdmr	未知飞键、非音码或读音集合未覆盖；不猜测
鲸凉鹤1.1手心挂接.txt	排母	pdmx	pdmx	未知飞键、非音码或读音集合未覆盖；不猜测
鲸凉鹤1.1手心挂接.txt	拍平	pdpx	pdpx	未知飞键、非音码或读音集合未覆盖；不猜测
鲸凉鹤1.1手心挂接.txt	拍腿	pdtl	pdtl	未知飞键、非音码或读音集合未覆盖；不猜测
鲸凉鹤1.1手心挂接.txt	牌证	pdvk	pdvk	未知飞键、非音码或读音集合未覆盖；不猜测
鲸凉鹤1.1手心挂接.txt	排揎	pdxr	pdxr	未知飞键、非音码或读音集合未覆盖；不猜测
鲸凉鹤1.1手心挂接.txt	排演	pdyf	pdyf	未知飞键、非音码或读音集合未覆盖；不猜测
鲸凉鹤1.1手心挂接.txt	皮埃	peai	peai	未知飞键、非音码或读音集合未覆盖；不猜测
鲸凉鹤1.1手心挂接.txt	皮袄	peao	peao	未知飞键、非音码或读音集合未覆盖；不猜测
鲸凉鹤1.1手心挂接.txt	皮包	pebc	pebc	未知飞键、非音码或读音集合未覆盖；不猜测
鲸凉鹤1.1手心挂接.txt	皮薄	pebc	pebc	未知飞键、非音码或读音集合未覆盖；不猜测
鲸凉鹤1.1手心挂接.txt	批爆	pebc	pebc	未知飞键、非音码或读音集合未覆盖；不猜测
鲸凉鹤1.1手心挂接.txt	批白	pebd	pebd	未知飞键、非音码或读音集合未覆盖；不猜测
鲸凉鹤1.1手心挂接.txt	疲敝	pebi	pebi	未知飞键、非音码或读音集合未覆盖；不猜测
鲸凉鹤1.1手心挂接.txt	批办	pebj	pebj	未知飞键、非音码或读音集合未覆盖；不猜测
鲸凉鹤1.1手心挂接.txt	皮瓣	pebj	pebj	未知飞键、非音码或读音集合未覆盖；不猜测
鲸凉鹤1.1手心挂接.txt	皮鞭	pebm	pebm	未知飞键、非音码或读音集合未覆盖；不猜测
鲸凉鹤1.1手心挂接.txt	皮弁	pebm	pebm	未知飞键、非音码或读音集合未覆盖；不猜测
鲸凉鹤1.1手心挂接.txt	皮标	pebn	pebn	未知飞键、非音码或读音集合未覆盖；不猜测
鲸凉鹤1.1手心挂接.txt	批驳	pebo	pebo	未知飞键、非音码或读音集合未覆盖；不猜测
鲸凉鹤1.1手心挂接.txt	批捕	pebu	pebu	未知飞键、非音码或读音集合未覆盖；不猜测
鲸凉鹤1.1手心挂接.txt	坯布	pebu	pebu	未知飞键、非音码或读音集合未覆盖；不猜测
鲸凉鹤1.1手心挂接.txt	疲惫	pebw	pebw	未知飞键、非音码或读音集合未覆盖；不猜测
鲸凉鹤1.1手心挂接.txt	皮草	pecc	pecc	未知飞键、非音码或读音集合未覆盖；不猜测
鲸凉鹤1.1手心挂接.txt	皮层	pecg	pecg	未知飞键、非音码或读音集合未覆盖；不猜测
鲸凉鹤1.1手心挂接.txt	批次	peci	peci	未知飞键、非音码或读音集合未覆盖；不猜测
鲸凉鹤1.1手心挂接.txt	劈刺	peci	peci	未知飞键、非音码或读音集合未覆盖；不猜测
鲸凉鹤1.1手心挂接.txt	皮脆	pecv	pecv	未知飞键、非音码或读音集合未覆盖；不猜测
鲸凉鹤1.1手心挂接.txt	皮村	pecy	pecy	未知飞键、非音码或读音集合未覆盖；不猜测
鲸凉鹤1.1手心挂接.txt	屁大	peda	peda	未知飞键、非音码或读音集合未覆盖；不猜测
鲸凉鹤1.1手心挂接.txt	劈到	pedc	pedc	未知飞键、非音码或读音集合未覆盖；不猜测
鲸凉鹤1.1手心挂接.txt	劈刀	pedc	pedc	未知飞键、非音码或读音集合未覆盖；不猜测
鲸凉鹤1.1手心挂接.txt	皮带	pedd	pedd	未知飞键、非音码或读音集合未覆盖；不猜测
鲸凉鹤1.1手心挂接.txt	皮袋	pedd	pedd	未知飞键、非音码或读音集合未覆盖；不猜测
鲸凉鹤1.1手心挂接.txt	皮的	pede	pede	未知飞键、非音码或读音集合未覆盖；不猜测
鲸凉鹤1.1手心挂接.txt	皮凳	pedg	pedg	未知飞键、非音码或读音集合未覆盖；不猜测
鲸凉鹤1.1手心挂接.txt	匹敌	pedi	pedi	未知飞键、非音码或读音集合未覆盖；不猜测
鲸凉鹤1.1手心挂接.txt	皮蛋	pedj	pedj	未知飞键、非音码或读音集合未覆盖；不猜测
鲸凉鹤1.1手心挂接.txt	吡啶	pedk	pedk	未知飞键、非音码或读音集合未覆盖；不猜测
鲸凉鹤1.1手心挂接.txt	屁颠	pedm	pedm	未知飞键、非音码或读音集合未覆盖；不猜测
鲸凉鹤1.1手心挂接.txt	劈掉	pedn	pedn	未知飞键、非音码或读音集合未覆盖；不猜测
鲸凉鹤1.1手心挂接.txt	劈吊	pedn	pedn	未知飞键、非音码或读音集合未覆盖；不猜测
鲸凉鹤1.1手心挂接.txt	皮雕	pedn	pedn	未知飞键、非音码或读音集合未覆盖；不猜测
鲸凉鹤1.1手心挂接.txt	屁多	pedo	pedo	未知飞键、非音码或读音集合未覆盖；不猜测
鲸凉鹤1.1手心挂接.txt	皮冻	peds	peds	未知飞键、非音码或读音集合未覆盖；不猜测
鲸凉鹤1.1手心挂接.txt	皮队	pedv	pedv	未知飞键、非音码或读音集合未覆盖；不猜测
鲸凉鹤1.1手心挂接.txt	疲顿	pedy	pedy	未知飞键、非音码或读音集合未覆盖；不猜测
鲸凉鹤1.1手心挂接.txt	批斗	pedz	pedz	未知飞键、非音码或读音集合未覆盖；不猜测
鲸凉鹤1.1手心挂接.txt	皮兜	pedz	pedz	未知飞键、非音码或读音集合未覆盖；不猜测
鲸凉鹤1.1手心挂接.txt	皮尔	peer	peer	未知飞键、非音码或读音集合未覆盖；不猜测
鲸凉鹤1.1手心挂接.txt	批发	pefa	pefa	未知飞键、非音码或读音集合未覆盖；不猜测
鲸凉鹤1.1手心挂接.txt	疲乏	pefa	pefa	未知飞键、非音码或读音集合未覆盖；不猜测
鲸凉鹤1.1手心挂接.txt	披发	pefa	pefa	未知飞键、非音码或读音集合未覆盖；不猜测
鲸凉鹤1.1手心挂接.txt	皮筏	pefa	pefa	未知飞键、非音码或读音集合未覆盖；不猜测
鲸凉鹤1.1手心挂接.txt	皮粉	peff	peff	未知飞键、非音码或读音集合未覆盖；不猜测
鲸凉鹤1.1手心挂接.txt	披风	pefg	pefg	未知飞键、非音码或读音集合未覆盖；不猜测
鲸凉鹤1.1手心挂接.txt	譬方	pefh	pefh	未知飞键、非音码或读音集合未覆盖；不猜测
鲸凉鹤1.1手心挂接.txt	皮肤	pefu	pefu	未知飞键、非音码或读音集合未覆盖；不猜测
鲸凉鹤1.1手心挂接.txt	匹夫	pefu	pefu	未知飞键、非音码或读音集合未覆盖；不猜测
鲸凉鹤1.1手心挂接.txt	批复	pefu	pefu	未知飞键、非音码或读音集合未覆盖；不猜测
鲸凉鹤1.1手心挂接.txt	蚍蜉	pefu	pefu	未知飞键、非音码或读音集合未覆盖；不猜测
鲸凉鹤1.1手心挂接.txt	批改	pegd	pegd	未知飞键、非音码或读音集合未覆盖；不猜测
鲸凉鹤1.1手心挂接.txt	皮革	pege	pege	未知飞键、非音码或读音集合未覆盖；不猜测
鲸凉鹤1.1手心挂接.txt	披个	pege	pege	未知飞键、非音码或读音集合未覆盖；不猜测
鲸凉鹤1.1手心挂接.txt	披哥	pege	pege	未知飞键、非音码或读音集合未覆盖；不猜测
鲸凉鹤1.1手心挂接.txt	皮干	pegj	pegj	未知飞键、非音码或读音集合未覆盖；不猜测
鲸凉鹤1.1手心挂接.txt	批过	pego	pego	未知飞键、非音码或读音集合未覆盖；不猜测
鲸凉鹤1.1手心挂接.txt	皮管	pegp	pegp	未知飞键、非音码或读音集合未覆盖；不猜测
鲸凉鹤1.1手心挂接.txt	皮管	pegr	pegr	未知飞键、非音码或读音集合未覆盖；不猜测
鲸凉鹤1.1手心挂接.txt	屁股	pegu	pegu	未知飞键、非音码或读音集合未覆盖；不猜测
鲸凉鹤1.1手心挂接.txt	鼙鼓	pegu	pegu	未知飞键、非音码或读音集合未覆盖；不猜测
鲸凉鹤1.1手心挂接.txt	披挂	pegx	pegx	未知飞键、非音码或读音集合未覆盖；不猜测
鲸凉鹤1.1手心挂接.txt	皮辊	pegy	pegy	未知飞键、非音码或读音集合未覆盖；不猜测
鲸凉鹤1.1手心挂接.txt	屁沟	pegz	pegz	未知飞键、非音码或读音集合未覆盖；不猜测
鲸凉鹤1.1手心挂接.txt	癖好	pehc	pehc	未知飞键、非音码或读音集合未覆盖；不猜测
鲸凉鹤1.1手心挂接.txt	批号	pehc	pehc	未知飞键、非音码或读音集合未覆盖；不猜测
鲸凉鹤1.1手心挂接.txt	屁孩	pehd	pehd	未知飞键、非音码或读音集合未覆盖；不猜测
鲸凉鹤1.1手心挂接.txt	批核	pehe	pehe	未知飞键、非音码或读音集合未覆盖；不猜测
鲸凉鹤1.1手心挂接.txt	皮行	pehh	pehh	未知飞键、非音码或读音集合未覆盖；不猜测
鲸凉鹤1.1手心挂接.txt	脾寒	pehj	pehj	未知飞键、非音码或读音集合未覆盖；不猜测
鲸凉鹤1.1手心挂接.txt	皮黄	pehl	pehl	未知飞键、非音码或读音集合未覆盖；不猜测
鲸凉鹤1.1手心挂接.txt	批货	peho	peho	未知飞键、非音码或读音集合未覆盖；不猜测
鲸凉鹤1.1手心挂接.txt	披红	pehs	pehs	未知飞键、非音码或读音集合未覆盖；不猜测
鲸凉鹤1.1手心挂接.txt	貔虎	pehu	pehu	未知飞键、非音码或读音集合未覆盖；不猜测
鲸凉鹤1.1手心挂接.txt	屁胡	pehu	pehu	未知飞键、非音码或读音集合未覆盖；不猜测
鲸凉鹤1.1手心挂接.txt	批灰	pehv	pehv	未知飞键、非音码或读音集合未覆盖；不猜测
鲸凉鹤1.1手心挂接.txt	批回	pehv	pehv	未知飞键、非音码或读音集合未覆盖；不猜测
鲸凉鹤1.1手心挂接.txt	屁话	pehx	pehx	未知飞键、非音码或读音集合未覆盖；不猜测
鲸凉鹤1.1手心挂接.txt	皮厚	pehz	pehz	未知飞键、非音码或读音集合未覆盖；不猜测
鲸凉鹤1.1手心挂接.txt	劈叉	peia	peia	未知飞键、非音码或读音集合未覆盖；不猜测
鲸凉鹤1.1手心挂接.txt	劈柴	peid	peid	未知飞键、非音码或读音集合未覆盖；不猜测
鲸凉鹤1.1手心挂接.txt	劈成	peig	peig	未知飞键、非音码或读音集合未覆盖；不猜测
鲸凉鹤1.1手心挂接.txt	皮城	peig	peig	未知飞键、非音码或读音集合未覆盖；不猜测
鲸凉鹤1.1手心挂接.txt	皮厂	peih	peih	未知飞键、非音码或读音集合未覆盖；不猜测
鲸凉鹤1.1手心挂接.txt	皮尺	peii	peii	未知飞键、非音码或读音集合未覆盖；不猜测
鲸凉鹤1.1手心挂接.txt	皮搋	peik	peik	未知飞键、非音码或读音集合未覆盖；不猜测
鲸凉鹤1.1手心挂接.txt	皮床	peil	peil	未知飞键、非音码或读音集合未覆盖；不猜测
鲸凉鹤1.1手心挂接.txt	皮船	peir	peir	未知飞键、非音码或读音集合未覆盖；不猜测
鲸凉鹤1.1手心挂接.txt	蜱虫	peis	peis	未知飞键、非音码或读音集合未覆盖；不猜测
鲸凉鹤1.1手心挂接.txt	劈出	peiu	peiu	未知飞键、非音码或读音集合未覆盖；不猜测
鲸凉鹤1.1手心挂接.txt	皮锤	peiv	peiv	未知飞键、非音码或读音集合未覆盖；不猜测
鲸凉鹤1.1手心挂接.txt	披垂	peiv	peiv	未知飞键、非音码或读音集合未覆盖；不猜测
鲸凉鹤1.1手心挂接.txt	皮筋	pejb	pejb	未知飞键、非音码或读音集合未覆盖；不猜测
鲸凉鹤1.1手心挂接.txt	披巾	pejb	pejb	未知飞键、非音码或读音集合未覆盖；不猜测
鲸凉鹤1.1手心挂接.txt	啤机	peji	peji	未知飞键、非音码或读音集合未覆盖；不猜测
鲸凉鹤1.1手心挂接.txt	丕基	peji	peji	未知飞键、非音码或读音集合未覆盖；不猜测
鲸凉鹤1.1手心挂接.txt	僻静	pejk	pejk	未知飞键、非音码或读音集合未覆盖；不猜测
鲸凉鹤1.1手心挂接.txt	屁精	pejk	pejk	未知飞键、非音码或读音集合未覆盖；不猜测
鲸凉鹤1.1手心挂接.txt	皮匠	pejl	pejl	未知飞键、非音码或读音集合未覆盖；不猜测
鲸凉鹤1.1手心挂接.txt	裨将	pejl	pejl	未知飞键、非音码或读音集合未覆盖；不猜测
鲸凉鹤1.1手心挂接.txt	披肩	pejm	pejm	未知飞键、非音码或读音集合未覆盖；不猜测
鲸凉鹤1.1手心挂接.txt	批件	pejm	pejm	未知飞键、非音码或读音集合未覆盖；不猜测
鲸凉鹤1.1手心挂接.txt	皮角	pejn	pejn	未知飞键、非音码或读音集合未覆盖；不猜测
鲸凉鹤1.1手心挂接.txt	皮胶	pejn	pejn	未知飞键、非音码或读音集合未覆盖；不猜测
鲸凉鹤1.1手心挂接.txt	皮杰	pejp	pejp	未知飞键、非音码或读音集合未覆盖；不猜测
鲸凉鹤1.1手心挂接.txt	啤酒	pejq	pejq	未知飞键、非音码或读音集合未覆盖；不猜测
鲸凉鹤1.1手心挂接.txt	疲倦	pejr	pejr	未知飞键、非音码或读音集合未覆盖；不猜测
鲸凉鹤1.1手心挂接.txt	批卷	pejr	pejr	未知飞键、非音码或读音集合未覆盖；不猜测
鲸凉鹤1.1手心挂接.txt	皮具	peju	peju	未知飞键、非音码或读音集合未覆盖；不猜测
鲸凉鹤1.1手心挂接.txt	皮夹	pejx	pejx	未知飞键、非音码或读音集合未覆盖；不猜测
鲸凉鹤1.1手心挂接.txt	皮甲	pejx	pejx	未知飞键、非音码或读音集合未覆盖；不猜测
鲸凉鹤1.1手心挂接.txt	批假	pejx	pejx	未知飞键、非音码或读音集合未覆盖；不猜测
鲸凉鹤1.1手心挂接.txt	披肩	pejz	pejz	未知飞键、非音码或读音集合未覆盖；不猜测
鲸凉鹤1.1手心挂接.txt	批件	pejz	pejz	未知飞键、非音码或读音集合未覆盖；不猜测
鲸凉鹤1.1手心挂接.txt	皮卡	peka	peka	未知飞键、非音码或读音集合未覆盖；不猜测
鲸凉鹤1.1手心挂接.txt	劈开	pekd	pekd	未知飞键、非音码或读音集合未覆盖；不猜测
鲸凉鹤1.1手心挂接.txt	匹克	peke	peke	未知飞键、非音码或读音集合未覆盖；不猜测
鲸凉鹤1.1手心挂接.txt	劈砍	pekj	pekj	未知飞键、非音码或读音集合未覆盖；不猜测
鲸凉鹤1.1手心挂接.txt	痞块	pekk	pekk	未知飞键、非音码或读音集合未覆盖；不猜测
鲸凉鹤1.1手心挂接.txt	批款	pekr	pekr	未知飞键、非音码或读音集合未覆盖；不猜测
鲸凉鹤1.1手心挂接.txt	皮孔	peks	peks	未知飞键、非音码或读音集合未覆盖；不猜测
鲸凉鹤1.1手心挂接.txt	皮裤	peku	peku	未知飞键、非音码或读音集合未覆盖；不猜测
鲸凉鹤1.1手心挂接.txt	批跨	pekx	pekx	未知飞键、非音码或读音集合未覆盖；不猜测
鲸凉鹤1.1手心挂接.txt	疲困	peky	peky	未知飞键、非音码或读音集合未覆盖；不猜测
鲸凉鹤1.1手心挂接.txt	劈扣	pekz	pekz	未知飞键、非音码或读音集合未覆盖；不猜测
鲸凉鹤1.1手心挂接.txt	皮扣	pekz	pekz	未知飞键、非音码或读音集合未覆盖；不猜测
鲸凉鹤1.1手心挂接.txt	屁啦	pela	pela	未知飞键、非音码或读音集合未覆盖；不猜测
鲸凉鹤1.1手心挂接.txt	毗邻	pelb	pelb	未知飞键、非音码或读音集合未覆盖；不猜测
鲸凉鹤1.1手心挂接.txt	疲劳	pelc	pelc	未知飞键、非音码或读音集合未覆盖；不猜测
鲸凉鹤1.1手心挂接.txt	劈来	peld	peld	未知飞键、非音码或读音集合未覆盖；不猜测
鲸凉鹤1.1手心挂接.txt	批了	pele	pele	未知飞键、非音码或读音集合未覆盖；不猜测
鲸凉鹤1.1手心挂接.txt	劈了	pele	pele	未知飞键、非音码或读音集合未覆盖；不猜测
鲸凉鹤1.1手心挂接.txt	劈裂	pelf	pelf	未知飞键、非音码或读音集合未覆盖；不猜测
鲸凉鹤1.1手心挂接.txt	匹狼	pelh	pelh	未知飞键、非音码或读音集合未覆盖；不猜测
鲸凉鹤1.1手心挂接.txt	霹雳	peli	peli	未知飞键、非音码或读音集合未覆盖；不猜测
鲸凉鹤1.1手心挂接.txt	仳离	peli	peli	未知飞键、非音码或读音集合未覆盖；不猜测
鲸凉鹤1.1手心挂接.txt	披沥	peli	peli	未知飞键、非音码或读音集合未覆盖；不猜测
鲸凉鹤1.1手心挂接.txt	啤梨	peli	peli	未知飞键、非音码或读音集合未覆盖；不猜测
鲸凉鹤1.1手心挂接.txt	披览	pelj	pelj	未知飞键、非音码或读音集合未覆盖；不猜测
鲸凉鹤1.1手心挂接.txt	批零	pelk	pelk	未知飞键、非音码或读音集合未覆盖；不猜测
鲸凉鹤1.1手心挂接.txt	批量	pell	pell	未知飞键、非音码或读音集合未覆盖；不猜测
鲸凉鹤1.1手心挂接.txt	劈脸	pelm	pelm	未知飞键、非音码或读音集合未覆盖；不猜测
鲸凉鹤1.1手心挂接.txt	毗连	pelm	pelm	未知飞键、非音码或读音集合未覆盖；不猜测
鲸凉鹤1.1手心挂接.txt	屁帘	pelm	pelm	未知飞键、非音码或读音集合未覆盖；不猜测
鲸凉鹤1.1手心挂接.txt	匹练	pelm	pelm	未知飞键、非音码或读音集合未覆盖；不猜测
鲸凉鹤1.1手心挂接.txt	皮料	peln	peln	未知飞键、非音码或读音集合未覆盖；不猜测
鲸凉鹤1.1手心挂接.txt	坯料	peln	peln	未知飞键、非音码或读音集合未覆盖；不猜测
鲸凉鹤1.1手心挂接.txt	劈落	pelo	pelo	未知飞键、非音码或读音集合未覆盖；不猜测
鲸凉鹤1.1手心挂接.txt	披落	pelo	pelo	未知飞键、非音码或读音集合未覆盖；不猜测
鲸凉鹤1.1手心挂接.txt	劈裂	pelp	pelp	未知飞键、非音码或读音集合未覆盖；不猜测
鲸凉鹤1.1手心挂接.txt	疲癃	pels	pels	未知飞键、非音码或读音集合未覆盖；不猜测
鲸凉鹤1.1手心挂接.txt	披露	pelu	pelu	未知飞键、非音码或读音集合未覆盖；不猜测
鲸凉鹤1.1手心挂接.txt	毗卢	pelu	pelu	未知飞键、非音码或读音集合未覆盖；不猜测
鲸凉鹤1.1手心挂接.txt	疲累	pelw	pelw	未知飞键、非音码或读音集合未覆盖；不猜测
鲸凉鹤1.1手心挂接.txt	纰漏	pelz	pelz	未知飞键、非音码或读音集合未覆盖；不猜测
鲸凉鹤1.1手心挂接.txt	僻陋	pelz	pelz	未知飞键、非音码或读音集合未覆盖；不猜测
鲸凉鹤1.1手心挂接.txt	屁民	pemb	pemb	未知飞键、非音码或读音集合未覆盖；不猜测
鲸凉鹤1.1手心挂接.txt	皮毛	pemc	pemc	未知飞键、非音码或读音集合未覆盖；不猜测
鲸凉鹤1.1手心挂接.txt	皮帽	pemc	pemc	未知飞键、非音码或读音集合未覆盖；不猜测
鲸凉鹤1.1手心挂接.txt	披靡	pemi	pemi	未知飞键、非音码或读音集合未覆盖；不猜测
鲸凉鹤1.1手心挂接.txt	蜱螨	pemj	pemj	未知飞键、非音码或读音集合未覆盖；不猜测
鲸凉鹤1.1手心挂接.txt	痞满	pemj	pemj	未知飞键、非音码或读音集合未覆盖；不猜测
鲸凉鹤1.1手心挂接.txt	皮面	pemm	pemm	未知飞键、非音码或读音集合未覆盖；不猜测
鲸凉鹤1.1手心挂接.txt	皮棉	pemm	pemm	未知飞键、非音码或读音集合未覆盖；不猜测
鲸凉鹤1.1手心挂接.txt	皮秒	pemn	pemn	未知飞键、非音码或读音集合未覆盖；不猜测
鲸凉鹤1.1手心挂接.txt	皮膜	pemo	pemo	未知飞键、非音码或读音集合未覆盖；不猜测
鲸凉鹤1.1手心挂接.txt	纰缪	pemq	pemq	未知飞键、非音码或读音集合未覆盖；不猜测
鲸凉鹤1.1手心挂接.txt	蜱螨	pemr	pemr	未知飞键、非音码或读音集合未覆盖；不猜测
鲸凉鹤1.1手心挂接.txt	痞满	pemr	pemr	未知飞键、非音码或读音集合未覆盖；不猜测
鲸凉鹤1.1手心挂接.txt	媲美	pemw	pemw	未知飞键、非音码或读音集合未覆盖；不猜测
鲸凉鹤1.1手心挂接.txt	皮娜	pena	pena	未知飞键、非音码或读音集合未覆盖；不猜测
鲸凉鹤1.1手心挂接.txt	皮嫩	penf	penf	未知飞键、非音码或读音集合未覆盖；不猜测
鲸凉鹤1.1手心挂接.txt	皮囊	penh	penh	未知飞键、非音码或读音集合未覆盖；不猜测
鲸凉鹤1.1手心挂接.txt	睥睨	peni	peni	未知飞键、非音码或读音集合未覆盖；不猜测
鲸凉鹤1.1手心挂接.txt	批你	peni	peni	未知飞键、非音码或读音集合未覆盖；不猜测
鲸凉鹤1.1手心挂接.txt	吡喃	penj	penj	未知飞键、非音码或读音集合未覆盖；不猜测
鲸凉鹤1.1手心挂接.txt	皮诺	peno	peno	未知飞键、非音码或读音集合未覆盖；不猜测
鲸凉鹤1.1手心挂接.txt	屁妞	penq	penq	未知飞键、非音码或读音集合未覆盖；不猜测
鲸凉鹤1.1手心挂接.txt	皮内	penw	penw	未知飞键、非音码或读音集合未覆盖；不猜测
鲸凉鹤1.1手心挂接.txt	吡喃	penz	penz	未知飞键、非音码或读音集合未覆盖；不猜测
鲸凉鹤1.1手心挂接.txt	屁哦	peoo	peoo	未知飞键、非音码或读音集合未覆盖；不猜测
鲸凉鹤1.1手心挂接.txt	琵琶	pepa	pepa	未知飞键、非音码或读音集合未覆盖；不猜测
鲸凉鹤1.1手心挂接.txt	枇杷	pepa	pepa	未知飞键、非音码或读音集合未覆盖；不猜测
鲸凉鹤1.1手心挂接.txt	噼啪	pepa	pepa	未知飞键、非音码或读音集合未覆盖；不猜测
鲸凉鹤1.1手心挂接.txt	皮袍	pepc	pepc	未知飞键、非音码或读音集合未覆盖；不猜测
鲸凉鹤1.1手心挂接.txt	皮牌	pepd	pepd	未知飞键、非音码或读音集合未覆盖；不猜测
鲸凉鹤1.1手心挂接.txt	屁屁	pepe	pepe	未知飞键、非音码或读音集合未覆盖；不猜测
鲸凉鹤1.1手心挂接.txt	皮皮	pepe	pepe	未知飞键、非音码或读音集合未覆盖；不猜测
鲸凉鹤1.1手心挂接.txt	皮蓬	pepg	pepg	未知飞键、非音码或读音集合未覆盖；不猜测
鲸凉鹤1.1手心挂接.txt	批判	pepj	pepj	未知飞键、非音码或读音集合未覆盖；不猜测
鲸凉鹤1.1手心挂接.txt	批评	pepk	pepk	未知飞键、非音码或读音集合未覆盖；不猜测
鲸凉鹤1.1手心挂接.txt	皮片	pepm	pepm	未知飞键、非音码或读音集合未覆盖；不猜测
鲸凉鹤1.1手心挂接.txt	匹配	pepw	pepw	未知飞键、非音码或读音集合未覆盖；不猜测
鲸凉鹤1.1手心挂接.txt	批评	pepx	pepx	未知飞键、非音码或读音集合未覆盖；不猜测
鲸凉鹤1.1手心挂接.txt	脾气	peqi	peqi	未知飞键、非音码或读音集合未覆盖；不猜测
鲸凉鹤1.1手心挂接.txt	痞气	peqi	peqi	未知飞键、非音码或读音集合未覆盖；不猜测
鲸凉鹤1.1手心挂接.txt	批墙	peql	peql	未知飞键、非音码或读音集合未覆盖；不猜测
鲸凉鹤1.1手心挂接.txt	批钱	peqm	peqm	未知飞键、非音码或读音集合未覆盖；不猜测
鲸凉鹤1.1手心挂接.txt	皮球	peqq	peqq	未知飞键、非音码或读音集合未覆盖；不猜测
鲸凉鹤1.1手心挂接.txt	皮圈	peqr	peqr	未知飞键、非音码或读音集合未覆盖；不猜测
鲸凉鹤1.1手心挂接.txt	皮裙	peqy	peqy	未知飞键、非音码或读音集合未覆盖；不猜测
鲸凉鹤1.1手心挂接.txt	批人	perf	perf	未知飞键、非音码或读音集合未覆盖；不猜测
鲸凉鹤1.1手心挂接.txt	劈人	perf	perf	未知飞键、非音码或读音集合未覆盖；不猜测
鲸凉鹤1.1手心挂接.txt	僻壤	perh	perh	未知飞键、非音码或读音集合未覆盖；不猜测
鲸凉鹤1.1手心挂接.txt	疲弱	pero	pero	未知飞键、非音码或读音集合未覆盖；不猜测
鲸凉鹤1.1手心挂接.txt	疲软	perr	perr	未知飞键、非音码或读音集合未覆盖；不猜测
鲸凉鹤1.1手心挂接.txt	皮软	perr	perr	未知飞键、非音码或读音集合未覆盖；不猜测
鲸凉鹤1.1手心挂接.txt	譬如	peru	peru	未知飞键、非音码或读音集合未覆盖；不猜测
鲸凉鹤1.1手心挂接.txt	皮肉	perz	perz	未知飞键、非音码或读音集合未覆盖；不猜测
鲸凉鹤1.1手心挂接.txt	披萨	pesa	pesa	未知飞键、非音码或读音集合未覆盖；不猜测
鲸凉鹤1.1手心挂接.txt	皮塞	pesd	pesd	未知飞键、非音码或读音集合未覆盖；不猜测
鲸凉鹤1.1手心挂接.txt	皮色	pese	pese	未知飞键、非音码或读音集合未覆盖；不猜测
鲸凉鹤1.1手心挂接.txt	劈死	pesi	pesi	未知飞键、非音码或读音集合未覆盖；不猜测
鲸凉鹤1.1手心挂接.txt	披散	pesj	pesj	未知飞键、非音码或读音集合未覆盖；不猜测
鲸凉鹤1.1手心挂接.txt	皮损	pesy	pesy	未知飞键、非音码或读音集合未覆盖；不猜测
鲸凉鹤1.1手心挂接.txt	疲沓	peta	peta	未知飞键、非音码或读音集合未覆盖；不猜测
鲸凉鹤1.1手心挂接.txt	皮套	petc	petc	未知飞键、非音码或读音集合未覆盖；不猜测
鲸凉鹤1.1手心挂接.txt	屁桃	petc	petc	未知飞键、非音码或读音集合未覆盖；不猜测
鲸凉鹤1.1手心挂接.txt	疲态	petd	petd	未知飞键、非音码或读音集合未覆盖；不猜测
鲸凉鹤1.1手心挂接.txt	坯胎	petd	petd	未知飞键、非音码或读音集合未覆盖；不猜测
鲸凉鹤1.1手心挂接.txt	皮特	pete	pete	未知飞键、非音码或读音集合未覆盖；不猜测
鲸凉鹤1.1手心挂接.txt	皮糖	peth	peth	未知飞键、非音码或读音集合未覆盖；不猜测
鲸凉鹤1.1手心挂接.txt	坯体	peti	peti	未知飞键、非音码或读音集合未覆盖；不猜测
鲸凉鹤1.1手心挂接.txt	鸊鷉	peti	peti	未知飞键、非音码或读音集合未覆盖；不猜测
鲸凉鹤1.1手心挂接.txt	䴙䴘	peti	peti	未知飞键、非音码或读音集合未覆盖；不猜测
鲸凉鹤1.1手心挂接.txt	皮艇	petk	petk	未知飞键、非音码或读音集合未覆盖；不猜测
鲸凉鹤1.1手心挂接.txt	劈腿	petl	petl	未知飞键、非音码或读音集合未覆盖；不猜测
鲸凉鹤1.1手心挂接.txt	批条	petn	petn	未知飞键、非音码或读音集合未覆盖；不猜测
鲸凉鹤1.1手心挂接.txt	皮条	petn	petn	未知飞键、非音码或读音集合未覆盖；不猜测
鲸凉鹤1.1手心挂接.txt	皮拖	peto	peto	未知飞键、非音码或读音集合未覆盖；不猜测
鲸凉鹤1.1手心挂接.txt	铍铜	pets	pets	未知飞键、非音码或读音集合未覆盖；不猜测
鲸凉鹤1.1手心挂接.txt	P图	petu	petu	未知飞键、非音码或读音集合未覆盖；不猜测
鲸凉鹤1.1手心挂接.txt	批图	petu	petu	未知飞键、非音码或读音集合未覆盖；不猜测
鲸凉鹤1.1手心挂接.txt	劈腿	petv	petv	未知飞键、非音码或读音集合未覆盖；不猜测
鲸凉鹤1.1手心挂接.txt	劈头	petz	petz	未知飞键、非音码或读音集合未覆盖；不猜测
鲸凉鹤1.1手心挂接.txt	披头	petz	petz	未知飞键、非音码或读音集合未覆盖；不猜测
鲸凉鹤1.1手心挂接.txt	皮头	petz	petz	未知飞键、非音码或读音集合未覆盖；不猜测
鲸凉鹤1.1手心挂接.txt	劈杀	peua	peua	未知飞键、非音码或读音集合未覆盖；不猜测
鲸凉鹤1.1手心挂接.txt	披沙	peua	peua	未知飞键、非音码或读音集合未覆盖；不猜测
鲸凉鹤1.1手心挂接.txt	毗沙	peua	peua	未知飞键、非音码或读音集合未覆盖；不猜测
鲸凉鹤1.1手心挂接.txt	毗舍	peue	peue	未知飞键、非音码或读音集合未覆盖；不猜测
鲸凉鹤1.1手心挂接.txt	脾肾	peuf	peuf	未知飞键、非音码或读音集合未覆盖；不猜测
鲸凉鹤1.1手心挂接.txt	皮绳	peug	peug	未知飞键、非音码或读音集合未覆盖；不猜测
鲸凉鹤1.1手心挂接.txt	披上	peuh	peuh	未知飞键、非音码或读音集合未覆盖；不猜测
鲸凉鹤1.1手心挂接.txt	批示	peui	peui	未知飞键、非音码或读音集合未覆盖；不猜测
鲸凉鹤1.1手心挂接.txt	屁事	peui	peui	未知飞键、非音码或读音集合未覆盖；不猜测
鲸凉鹤1.1手心挂接.txt	皮实	peui	peui	未知飞键、非音码或读音集合未覆盖；不猜测
鲸凉鹤1.1手心挂接.txt	皮试	peui	peui	未知飞键、非音码或读音集合未覆盖；不猜测
鲸凉鹤1.1手心挂接.txt	皮山	peuj	peuj	未知飞键、非音码或读音集合未覆盖；不猜测
鲸凉鹤1.1手心挂接.txt	劈山	peuj	peuj	未知飞键、非音码或读音集合未覆盖；不猜测
鲸凉鹤1.1手心挂接.txt	痞帅	peuk	peuk	未知飞键、非音码或读音集合未覆盖；不猜测
鲸凉鹤1.1手心挂接.txt	砒霜	peul	peul	未知飞键、非音码或读音集合未覆盖；不猜测
鲸凉鹤1.1手心挂接.txt	砒礵	peul	peul	未知飞键、非音码或读音集合未覆盖；不猜测
鲸凉鹤1.1手心挂接.txt	皮山	peus	peus	未知飞键、非音码或读音集合未覆盖；不猜测
鲸凉鹤1.1手心挂接.txt	劈山	peus	peus	未知飞键、非音码或读音集合未覆盖；不猜测
鲸凉鹤1.1手心挂接.txt	匹数	peuu	peuu	未知飞键、非音码或读音集合未覆盖；不猜测
鲸凉鹤1.1手心挂接.txt	皮水	peuv	peuv	未知飞键、非音码或读音集合未覆盖；不猜测
鲸凉鹤1.1手心挂接.txt	皮顺	peuy	peuy	未知飞键、非音码或读音集合未覆盖；不猜测
鲸凉鹤1.1手心挂接.txt	批售	peuz	peuz	未知飞键、非音码或读音集合未覆盖；不猜测
鲸凉鹤1.1手心挂接.txt	劈手	peuz	peuz	未知飞键、非音码或读音集合未覆盖；不猜测
鲸凉鹤1.1手心挂接.txt	皮渣	peva	peva	未知飞键、非音码或读音集合未覆盖；不猜测
鲸凉鹤1.1手心挂接.txt	披着	peve	peve	未知飞键、非音码或读音集合未覆盖；不猜测
鲸凉鹤1.1手心挂接.txt	皮褶	peve	peve	未知飞键、非音码或读音集合未覆盖；不猜测
鲸凉鹤1.1手心挂接.txt	皮疹	pevf	pevf	未知飞键、非音码或读音集合未覆盖；不猜测
鲸凉鹤1.1手心挂接.txt	皮张	pevh	pevh	未知飞键、非音码或读音集合未覆盖；不猜测
鲸凉鹤1.1手心挂接.txt	皮质	pevi	pevi	未知飞键、非音码或读音集合未覆盖；不猜测
鲸凉鹤1.1手心挂接.txt	皮脂	pevi	pevi	未知飞键、非音码或读音集合未覆盖；不猜测
鲸凉鹤1.1手心挂接.txt	皮制	pevi	pevi	未知飞键、非音码或读音集合未覆盖；不猜测
鲸凉鹤1.1手心挂接.txt	皮纸	pevi	pevi	未知飞键、非音码或读音集合未覆盖；不猜测
鲸凉鹤1.1手心挂接.txt	皮装	pevl	pevl	未知飞键、非音码或读音集合未覆盖；不猜测
鲸凉鹤1.1手心挂接.txt	批转	pevr	pevr	未知飞键、非音码或读音集合未覆盖；不猜测
鲸凉鹤1.1手心挂接.txt	劈砖	pevr	pevr	未知飞键、非音码或读音集合未覆盖；不猜测
鲸凉鹤1.1手心挂接.txt	劈中	pevs	pevs	未知飞键、非音码或读音集合未覆盖；不猜测
鲸凉鹤1.1手心挂接.txt	皮重	pevs	pevs	未知飞键、非音码或读音集合未覆盖；不猜测
鲸凉鹤1.1手心挂接.txt	批注	pevu	pevu	未知飞键、非音码或读音集合未覆盖；不猜测
鲸凉鹤1.1手心挂接.txt	批准	pevy	pevy	未知飞键、非音码或读音集合未覆盖；不猜测
鲸凉鹤1.1手心挂接.txt	邳州	pevz	pevz	未知飞键、非音码或读音集合未覆盖；不猜测
鲸凉鹤1.1手心挂接.txt	屁娃	pewa	pewa	未知飞键、非音码或读音集合未覆盖；不猜测
鲸凉鹤1.1手心挂接.txt	皮外	pewd	pewd	未知飞键、非音码或读音集合未覆盖；不猜测
鲸凉鹤1.1手心挂接.txt	批文	pewf	pewf	未知飞键、非音码或读音集合未覆盖；不猜测
鲸凉鹤1.1手心挂接.txt	皮纹	pewf	pewf	未知飞键、非音码或读音集合未覆盖；不猜测
鲸凉鹤1.1手心挂接.txt	屁王	pewh	pewh	未知飞键、非音码或读音集合未覆盖；不猜测
鲸凉鹤1.1手心挂接.txt	皮碗	pewj	pewj	未知飞键、非音码或读音集合未覆盖；不猜测
鲸凉鹤1.1手心挂接.txt	劈我	pewo	pewo	未知飞键、非音码或读音集合未覆盖；不猜测
鲸凉鹤1.1手心挂接.txt	披屋	pewu	pewu	未知飞键、非音码或读音集合未覆盖；不猜测
鲸凉鹤1.1手心挂接.txt	脾胃	peww	peww	未知飞键、非音码或读音集合未覆盖；不猜测
鲸凉鹤1.1手心挂接.txt	癖习	pexi	pexi	未知飞键、非音码或读音集合未覆盖；不猜测
鲸凉鹤1.1手心挂接.txt	脾性	pexk	pexk	未知飞键、非音码或读音集合未覆盖；不猜测
鲸凉鹤1.1手心挂接.txt	癖性	pexk	pexk	未知飞键、非音码或读音集合未覆盖；不猜测
鲸凉鹤1.1手心挂接.txt	皮箱	pexl	pexl	未知飞键、非音码或读音集合未覆盖；不猜测
鲸凉鹤1.1手心挂接.txt	皮相	pexl	pexl	未知飞键、非音码或读音集合未覆盖；不猜测
鲸凉鹤1.1手心挂接.txt	僻巷	pexl	pexl	未知飞键、非音码或读音集合未覆盖；不猜测
鲸凉鹤1.1手心挂接.txt	郫县	pexm	pexm	未知飞键、非音码或读音集合未覆盖；不猜测
鲸凉鹤1.1手心挂接.txt	批销	pexn	pexn	未知飞键、非音码或读音集合未覆盖；不猜测
鲸凉鹤1.1手心挂接.txt	貔貅	pexo	pexo	未知飞键、非音码或读音集合未覆盖；不猜测
鲸凉鹤1.1手心挂接.txt	皮鞋	pexp	pexp	未知飞键、非音码或读音集合未覆盖；不猜测
鲸凉鹤1.1手心挂接.txt	皮屑	pexp	pexp	未知飞键、非音码或读音集合未覆盖；不猜测
鲸凉鹤1.1手心挂接.txt	貔貅	pexq	pexq	未知飞键、非音码或读音集合未覆盖；不猜测
鲸凉鹤1.1手心挂接.txt	皮癣	pexr	pexr	未知飞键、非音码或读音集合未覆盖；不猜测
鲸凉鹤1.1手心挂接.txt	劈胸	pexs	pexs	未知飞键、非音码或读音集合未覆盖；不猜测
鲸凉鹤1.1手心挂接.txt	皮靴	pext	pext	未知飞键、非音码或读音集合未覆盖；不猜测
鲸凉鹤1.1手心挂接.txt	脾虚	pexu	pexu	未知飞键、非音码或读音集合未覆盖；不猜测
鲸凉鹤1.1手心挂接.txt	劈下	pexx	pexx	未知飞键、非音码或读音集合未覆盖；不猜测
鲸凉鹤1.1手心挂接.txt	皮下	pexx	pexx	未知飞键、非音码或读音集合未覆盖；不猜测
鲸凉鹤1.1手心挂接.txt	批下	pexx	pexx	未知飞键、非音码或读音集合未覆盖；不猜测
鲸凉鹤1.1手心挂接.txt	屁呀	peya	peya	未知飞键、非音码或读音集合未覆盖；不猜测
鲸凉鹤1.1手心挂接.txt	匹印	peyb	peyb	未知飞键、非音码或读音集合未覆盖；不猜测
鲸凉鹤1.1手心挂接.txt	辟谣	peyc	peyc	未知飞键、非音码或读音集合未覆盖；不猜测
鲸凉鹤1.1手心挂接.txt	皮业	peye	peye	未知飞键、非音码或读音集合未覆盖；不猜测
鲸凉鹤1.1手心挂接.txt	屁眼	peyf	peyf	未知飞键、非音码或读音集合未覆盖；不猜测
鲸凉鹤1.1手心挂接.txt	皮炎	peyf	peyf	未知飞键、非音码或读音集合未覆盖；不猜测
鲸凉鹤1.1手心挂接.txt	批语	peyg	peyg	未知飞键、非音码或读音集合未覆盖；不猜测
鲸凉鹤1.1手心挂接.txt	疲于	peyg	peyg	未知飞键、非音码或读音集合未覆盖；不猜测
鲸凉鹤1.1手心挂接.txt	譬喻	peyg	peyg	未知飞键、非音码或读音集合未覆盖；不猜测
鲸凉鹤1.1手心挂接.txt	皮痒	peyh	peyh	未知飞键、非音码或读音集合未覆盖；不猜测
鲸凉鹤1.1手心挂接.txt	皮衣	peyi	peyi	未知飞键、非音码或读音集合未覆盖；不猜测
鲸凉鹤1.1手心挂接.txt	披衣	peyi	peyi	未知飞键、非音码或读音集合未覆盖；不猜测
鲸凉鹤1.1手心挂接.txt	皮椅	peyi	peyi	未知飞键、非音码或读音集合未覆盖；不猜测
鲸凉鹤1.1手心挂接.txt	皮艺	peyi	peyi	未知飞键、非音码或读音集合未覆盖；不猜测
鲸凉鹤1.1手心挂接.txt	屁眼	peyj	peyj	未知飞键、非音码或读音集合未覆盖；不猜测
鲸凉鹤1.1手心挂接.txt	皮炎	peyj	peyj	未知飞键、非音码或读音集合未覆盖；不猜测
鲸凉鹤1.1手心挂接.txt	皮影	peyk	peyk	未知飞键、非音码或读音集合未覆盖；不猜测
鲸凉鹤1.1手心挂接.txt	屁哟	peyo	peyo	未知飞键、非音码或读音集合未覆盖；不猜测
鲸凉鹤1.1手心挂接.txt	僻远	peyr	peyr	未知飞键、非音码或读音集合未覆盖；不猜测
鲸凉鹤1.1手心挂接.txt	屁用	peys	peys	未知飞键、非音码或读音集合未覆盖；不猜测
鲸凉鹤1.1手心挂接.txt	批阅	peyt	peyt	未知飞键、非音码或读音集合未覆盖；不猜测
鲸凉鹤1.1手心挂接.txt	批语	peyu	peyu	未知飞键、非音码或读音集合未覆盖；不猜测
鲸凉鹤1.1手心挂接.txt	疲于	peyu	peyu	未知飞键、非音码或读音集合未覆盖；不猜测
鲸凉鹤1.1手心挂接.txt	譬喻	peyu	peyu	未知飞键、非音码或读音集合未覆盖；不猜测
鲸凉鹤1.1手心挂接.txt	皮尤	peyz	peyz	未知飞键、非音码或读音集合未覆盖；不猜测
鲸凉鹤1.1手心挂接.txt	披在	pezd	pezd	未知飞键、非音码或读音集合未覆盖；不猜测
鲸凉鹤1.1手心挂接.txt	脾脏	pezh	pezh	未知飞键、非音码或读音集合未覆盖；不猜测
鲸凉鹤1.1手心挂接.txt	痞子	pezi	pezi	未知飞键、非音码或读音集合未覆盖；不猜测
鲸凉鹤1.1手心挂接.txt	坯子	pezi	pezi	未知飞键、非音码或读音集合未覆盖；不猜测
鲸凉鹤1.1手心挂接.txt	皮座	pezo	pezo	未知飞键、非音码或读音集合未覆盖；不猜测
鲸凉鹤1.1手心挂接.txt	皮总	pezs	pezs	未知飞键、非音码或读音集合未覆盖；不猜测
鲸凉鹤1.1手心挂接.txt	批租	pezu	pezu	未知飞键、非音码或读音集合未覆盖；不猜测
鲸凉鹤1.1手心挂接.txt	喷到	pfdl	pfdl	未知飞键、非音码或读音集合未覆盖；不猜测
鲸凉鹤1.1手心挂接.txt	喷灌	pfgp	pfgp	未知飞键、非音码或读音集合未覆盖；不猜测
鲸凉鹤1.1手心挂接.txt	喷管	pfgp	pfgp	未知飞键、非音码或读音集合未覆盖；不猜测
鲸凉鹤1.1手心挂接.txt	喷溅	pfjz	pfjz	未知飞键、非音码或读音集合未覆盖；不猜测
鲸凉鹤1.1手心挂接.txt	喷瓶	pfpx	pfpx	未知飞键、非音码或读音集合未覆盖；不猜测
鲸凉鹤1.1手心挂接.txt	喷向	pfxj	pfxj	未知飞键、非音码或读音集合未覆盖；不猜测
鲸凉鹤1.1手心挂接.txt	盆浴	pfyg	pfyg	未知飞键、非音码或读音集合未覆盖；不猜测
鲸凉鹤1.1手心挂接.txt	碰到	pgdl	pgdl	未知飞键、非音码或读音集合未覆盖；不猜测
鲸凉鹤1.1手心挂接.txt	碰倒	pgdl	pgdl	未知飞键、非音码或读音集合未覆盖；不猜测
鲸凉鹤1.1手心挂接.txt	碰见	pgjz	pgjz	未知飞键、非音码或读音集合未覆盖；不猜测
鲸凉鹤1.1手心挂接.txt	蓬南	pgnz	pgnz	未知飞键、非音码或读音集合未覆盖；不猜测
鲸凉鹤1.1手心挂接.txt	彭平	pgpx	pgpx	未知飞键、非音码或读音集合未覆盖；不猜测
鲸凉鹤1.1手心挂接.txt	捧起	pgqe	pgqe	未知飞键、非音码或读音集合未覆盖；不猜测
鲸凉鹤1.1手心挂接.txt	鬅鬙	pgsg	pgsg	未知飞键、非音码或读音集合未覆盖；不猜测
鲸凉鹤1.1手心挂接.txt	彭山	pgus	pgus	未知飞键、非音码或读音集合未覆盖；不猜测
鲸凉鹤1.1手心挂接.txt	彭正	pgvk	pgvk	未知飞键、非音码或读音集合未覆盖；不猜测
鲸凉鹤1.1手心挂接.txt	彭燕	pgyf	pgyf	未知飞键、非音码或读音集合未覆盖；不猜测
鲸凉鹤1.1手心挂接.txt	彭玉	pgyg	pgyg	未知飞键、非音码或读音集合未覆盖；不猜测
鲸凉鹤1.1手心挂接.txt	旁道	phdl	phdl	未知飞键、非音码或读音集合未覆盖；不猜测
鲸凉鹤1.1手心挂接.txt	旁观	phgp	phgp	未知飞键、非音码或读音集合未覆盖；不猜测
鲸凉鹤1.1手心挂接.txt	鳑鲏	phpe	phpe	未知飞键、非音码或读音集合未覆盖；不猜测
鲸凉鹤1.1手心挂接.txt	旁证	phvk	phvk	未知飞键、非音码或读音集合未覆盖；不猜测
鲸凉鹤1.1手心挂接.txt	庞燕	phyf	phyf	未知飞键、非音码或读音集合未覆盖；不猜测
鲸凉鹤1.1手心挂接.txt	胖鱼	phyg	phyg	未知飞键、非音码或读音集合未覆盖；不猜测
鲸凉鹤1.1手心挂接.txt	吡啶	pidk	pidk	未知飞键、非音码或读音集合未覆盖；不猜测
鲸凉鹤1.1手心挂接.txt	皮管	pigp	pigp	未知飞键、非音码或读音集合未覆盖；不猜测
鲸凉鹤1.1手心挂接.txt	裨将	pijl	pijl	未知飞键、非音码或读音集合未覆盖；不猜测
鲸凉鹤1.1手心挂接.txt	披肩	pijz	pijz	未知飞键、非音码或读音集合未覆盖；不猜测
鲸凉鹤1.1手心挂接.txt	批件	pijz	pijz	未知飞键、非音码或读音集合未覆盖；不猜测
鲸凉鹤1.1手心挂接.txt	劈裂	pilf	pilf	未知飞键、非音码或读音集合未覆盖；不猜测
鲸凉鹤1.1手心挂接.txt	蜱螨	pimr	pimr	未知飞键、非音码或读音集合未覆盖；不猜测
鲸凉鹤1.1手心挂接.txt	痞满	pimr	pimr	未知飞键、非音码或读音集合未覆盖；不猜测
鲸凉鹤1.1手心挂接.txt	吡喃	pinj	pinj	未知飞键、非音码或读音集合未覆盖；不猜测
鲸凉鹤1.1手心挂接.txt	吡喃	pinz	pinz	未知飞键、非音码或读音集合未覆盖；不猜测
鲸凉鹤1.1手心挂接.txt	批捕	pipu	pipu	未知飞键、非音码或读音集合未覆盖；不猜测
鲸凉鹤1.1手心挂接.txt	批评	pipx	pipx	未知飞键、非音码或读音集合未覆盖；不猜测
鲸凉鹤1.1手心挂接.txt	鸊鷉	piti	piti	未知飞键、非音码或读音集合未覆盖；不猜测
鲸凉鹤1.1手心挂接.txt	劈腿	pitl	pitl	未知飞键、非音码或读音集合未覆盖；不猜测
鲸凉鹤1.1手心挂接.txt	P图	pitu	pitu	未知飞键、非音码或读音集合未覆盖；不猜测
鲸凉鹤1.1手心挂接.txt	劈山	pius	pius	未知飞键、非音码或读音集合未覆盖；不猜测
鲸凉鹤1.1手心挂接.txt	貔貅	pixo	pixo	未知飞键、非音码或读音集合未覆盖；不猜测
鲸凉鹤1.1手心挂接.txt	屁眼	piyf	piyf	未知飞键、非音码或读音集合未覆盖；不猜测
鲸凉鹤1.1手心挂接.txt	皮炎	piyf	piyf	未知飞键、非音码或读音集合未覆盖；不猜测
鲸凉鹤1.1手心挂接.txt	批语	piyg	piyg	未知飞键、非音码或读音集合未覆盖；不猜测
鲸凉鹤1.1手心挂接.txt	疲于	piyg	piyg	未知飞键、非音码或读音集合未覆盖；不猜测
鲸凉鹤1.1手心挂接.txt	譬喻	piyg	piyg	未知飞键、非音码或读音集合未覆盖；不猜测
鲸凉鹤1.1手心挂接.txt	裨益	piyi	piyi	未知飞键、非音码或读音集合未覆盖；不猜测
鲸凉鹤1.1手心挂接.txt	盼到	pjdl	pjdl	未知飞键、非音码或读音集合未覆盖；不猜测
鲸凉鹤1.1手心挂接.txt	盘道	pjdl	pjdl	未知飞键、非音码或读音集合未覆盖；不猜测
鲸凉鹤1.1手心挂接.txt	盼归	pjgi	pjgi	未知飞键、非音码或读音集合未覆盖；不猜测
鲸凉鹤1.1手心挂接.txt	盘柜	pjgi	pjgi	未知飞键、非音码或读音集合未覆盖；不猜测
鲸凉鹤1.1手心挂接.txt	判官	pjgp	pjgp	未知飞键、非音码或读音集合未覆盖；不猜测
鲸凉鹤1.1手心挂接.txt	盘诘	pjji	pjji	未知飞键、非音码或读音集合未覆盖；不猜测
鲸凉鹤1.1手心挂接.txt	潘建	pjjz	pjjz	未知飞键、非音码或读音集合未覆盖；不猜测
鲸凉鹤1.1手心挂接.txt	拌料	pjln	pjln	未知飞键、非音码或读音集合未覆盖；不猜测
鲸凉鹤1.1手心挂接.txt	拚命	pjmk	pjmk	未知飞键、非音码或读音集合未覆盖；不猜测
鲸凉鹤1.1手心挂接.txt	潘楠	pjnz	pjnz	未知飞键、非音码或读音集合未覆盖；不猜测
鲸凉鹤1.1手心挂接.txt	潘平	pjpx	pjpx	未知飞键、非音码或读音集合未覆盖；不猜测
鲸凉鹤1.1手心挂接.txt	盘起	pjqe	pjqe	未知飞键、非音码或读音集合未覆盖；不猜测
鲸凉鹤1.1手心挂接.txt	拚死	pjsi	pjsi	未知飞键、非音码或读音集合未覆盖；不猜测
鲸凉鹤1.1手心挂接.txt	盘腿	pjtl	pjtl	未知飞键、非音码或读音集合未覆盖；不猜测
鲸凉鹤1.1手心挂接.txt	拚杀	pjua	pjua	未知飞键、非音码或读音集合未覆盖；不猜测
鲸凉鹤1.1手心挂接.txt	蹒跚	pjus	pjus	未知飞键、非音码或读音集合未覆盖；不猜测
鲸凉鹤1.1手心挂接.txt	盘山	pjus	pjus	未知飞键、非音码或读音集合未覆盖；不猜测
鲸凉鹤1.1手心挂接.txt	攀山	pjus	pjus	未知飞键、非音码或读音集合未覆盖；不猜测
鲸凉鹤1.1手心挂接.txt	盘跚	pjus	pjus	未知飞键、非音码或读音集合未覆盖；不猜测
鲸凉鹤1.1手心挂接.txt	盘整	pjvk	pjvk	未知飞键、非音码或读音集合未覆盖；不猜测
鲸凉鹤1.1手心挂接.txt	攀岩	pjyf	pjyf	未知飞键、非音码或读音集合未覆盖；不猜测
鲸凉鹤1.1手心挂接.txt	攀沿	pjyf	pjyf	未知飞键、非音码或读音集合未覆盖；不猜测
鲸凉鹤1.1手心挂接.txt	番禺	pjyg	pjyg	未知飞键、非音码或读音集合未覆盖；不猜测
鲸凉鹤1.1手心挂接.txt	叛宗	pjzl	pjzl	未知飞键、非音码或读音集合未覆盖；不猜测
鲸凉鹤1.1手心挂接.txt	㵗㶔	pkbw	pkbw	未知飞键、非音码或读音集合未覆盖；不猜测
鲸凉鹤1.1手心挂接.txt	平道	pkdl	pkdl	未知飞键、非音码或读音集合未覆盖；不猜测
鲸凉鹤1.1手心挂接.txt	平柜	pkgi	pkgi	未知飞键、非音码或读音集合未覆盖；不猜测
鲸凉鹤1.1手心挂接.txt	瓶罐	pkgp	pkgp	未知飞键、非音码或读音集合未覆盖；不猜测
鲸凉鹤1.1手心挂接.txt	评鉴	pkjz	pkjz	未知飞键、非音码或读音集合未覆盖；不猜测
鲸凉鹤1.1手心挂接.txt	平键	pkjz	pkjz	未知飞键、非音码或读音集合未覆盖；不猜测
鲸凉鹤1.1手心挂接.txt	平列	pklf	pklf	未知飞键、非音码或读音集合未覆盖；不猜测
鲸凉鹤1.1手心挂接.txt	屏幕	pkmx	pkmx	未知飞键、非音码或读音集合未覆盖；不猜测
鲸凉鹤1.1手心挂接.txt	平南	pknz	pknz	未知飞键、非音码或读音集合未覆盖；不猜测
鲸凉鹤1.1手心挂接.txt	瓶坯	pkpe	pkpe	未知飞键、非音码或读音集合未覆盖；不猜测
鲸凉鹤1.1手心挂接.txt	平坡	pkps	pkps	未知飞键、非音码或读音集合未覆盖；不猜测
鲸凉鹤1.1手心挂接.txt	平推	pktl	pktl	未知飞键、非音码或读音集合未覆盖；不猜测
鲸凉鹤1.1手心挂接.txt	坪山	pkus	pkus	未知飞键、非音码或读音集合未覆盖；不猜测
鲸凉鹤1.1手心挂接.txt	平整	pkvk	pkvk	未知飞键、非音码或读音集合未覆盖；不猜测
鲸凉鹤1.1手心挂接.txt	凭证	pkvk	pkvk	未知飞键、非音码或读音集合未覆盖；不猜测
鲸凉鹤1.1手心挂接.txt	平衍	pkyf	pkyf	未知飞键、非音码或读音集合未覆盖；不猜测
鲸凉鹤1.1手心挂接.txt	评语	pkyg	pkyg	未知飞键、非音码或读音集合未覆盖；不猜测
鲸凉鹤1.1手心挂接.txt	骗到	pmdl	pmdl	未知飞键、非音码或读音集合未覆盖；不猜测
鲸凉鹤1.1手心挂接.txt	骗鬼	pmgi	pmgi	未知飞键、非音码或读音集合未覆盖；不猜测
鲸凉鹤1.1手心挂接.txt	偏贵	pmgi	pmgi	未知飞键、非音码或读音集合未覆盖；不猜测
鲸凉鹤1.1手心挂接.txt	偏关	pmgp	pmgp	未知飞键、非音码或读音集合未覆盖；不猜测
鲸凉鹤1.1手心挂接.txt	偏见	pmjz	pmjz	未知飞键、非音码或读音集合未覆盖；不猜测
鲸凉鹤1.1手心挂接.txt	篇目	pmmx	pmmx	未知飞键、非音码或读音集合未覆盖；不猜测
鲸凉鹤1.1手心挂接.txt	骈拇	pmmx	pmmx	未知飞键、非音码或读音集合未覆盖；不猜测
鲸凉鹤1.1手心挂接.txt	偏南	pmnz	pmnz	未知飞键、非音码或读音集合未覆盖；不猜测
鲸凉鹤1.1手心挂接.txt	偏难	pmnz	pmnz	未知飞键、非音码或读音集合未覆盖；不猜测
鲸凉鹤1.1手心挂接.txt	偏僻	pmpe	pmpe	未知飞键、非音码或读音集合未覆盖；不猜测
鲸凉鹤1.1手心挂接.txt	偏颇	pmps	pmps	未知飞键、非音码或读音集合未覆盖；不猜测
鲸凉鹤1.1手心挂接.txt	骗腿	pmtl	pmtl	未知飞键、非音码或读音集合未覆盖；不猜测
鲸凉鹤1.1手心挂接.txt	偏衫	pmus	pmus	未知飞键、非音码或读音集合未覆盖；不猜测
鲸凉鹤1.1手心挂接.txt	偏正	pmvk	pmvk	未知飞键、非音码或读音集合未覆盖；不猜测
鲸凉鹤1.1手心挂接.txt	偏向	pmxj	pmxj	未知飞键、非音码或读音集合未覆盖；不猜测
鲸凉鹤1.1手心挂接.txt	片岩	pmyf	pmyf	未知飞键、非音码或读音集合未覆盖；不猜测
鲸凉鹤1.1手心挂接.txt	偏于	pmyg	pmyg	未知飞键、非音码或读音集合未覆盖；不猜测
鲸凉鹤1.1手心挂接.txt	片语	pmyg	pmyg	未知飞键、非音码或读音集合未覆盖；不猜测
鲸凉鹤1.1手心挂接.txt	飘到	pndl	pndl	未知飞键、非音码或读音集合未覆盖；不猜测
鲸凉鹤1.1手心挂接.txt	漂到	pndl	pndl	未知飞键、非音码或读音集合未覆盖；不猜测
鲸凉鹤1.1手心挂接.txt	瞟见	pnjz	pnjz	未知飞键、非音码或读音集合未覆盖；不猜测
鲸凉鹤1.1手心挂接.txt	票件	pnjz	pnjz	未知飞键、非音码或读音集合未覆盖；不猜测
鲸凉鹤1.1手心挂接.txt	飘满	pnmr	pnmr	未知飞键、非音码或读音集合未覆盖；不猜测
鲸凉鹤1.1手心挂接.txt	漂满	pnmr	pnmr	未知飞键、非音码或读音集合未覆盖；不猜测
鲸凉鹤1.1手心挂接.txt	瓢泼	pnps	pnps	未知飞键、非音码或读音集合未覆盖；不猜测
鲸凉鹤1.1手心挂接.txt	飘屏	pnpx	pnpx	未知飞键、非音码或读音集合未覆盖；不猜测
鲸凉鹤1.1手心挂接.txt	飘起	pnqe	pnqe	未知飞键、非音码或读音集合未覆盖；不猜测
鲸凉鹤1.1手心挂接.txt	票证	pnvk	pnvk	未知飞键、非音码或读音集合未覆盖；不猜测
鲸凉鹤1.1手心挂接.txt	飘向	pnxj	pnxj	未知飞键、非音码或读音集合未覆盖；不猜测
鲸凉鹤1.1手心挂接.txt	飘雨	pnyg	pnyg	未知飞键、非音码或读音集合未覆盖；不猜测
鲸凉鹤1.1手心挂接.txt	破关	pogp	pogp	未知飞键、非音码或读音集合未覆盖；不猜测
鲸凉鹤1.1手心挂接.txt	坡道	pojf	pojf	未知飞键、非音码或读音集合未覆盖；不猜测
鲸凉鹤1.1手心挂接.txt	破茧	pojz	pojz	未知飞键、非音码或读音集合未覆盖；不猜测
鲸凉鹤1.1手心挂接.txt	泼溅	pojz	pojz	未知飞键、非音码或读音集合未覆盖；不猜测
鲸凉鹤1.1手心挂接.txt	破剑	pojz	pojz	未知飞键、非音码或读音集合未覆盖；不猜测
鲸凉鹤1.1手心挂接.txt	破裂	polf	polf	未知飞键、非音码或读音集合未覆盖；不猜测
鲸凉鹤1.1手心挂接.txt	破满	pomr	pomr	未知飞键、非音码或读音集合未覆盖；不猜测
鲸凉鹤1.1手心挂接.txt	婆母	pomx	pomx	未知飞键、非音码或读音集合未覆盖；不猜测
鲸凉鹤1.1手心挂接.txt	颇难	ponz	ponz	未知飞键、非音码或读音集合未覆盖；不猜测
鲸凉鹤1.1手心挂接.txt	破难	ponz	ponz	未知飞键、非音码或读音集合未覆盖；不猜测
鲸凉鹤1.1手心挂接.txt	泼皮	pope	pope	未知飞键、非音码或读音集合未覆盖；不猜测
鲸凉鹤1.1手心挂接.txt	破皮	pope	pope	未知飞键、非音码或读音集合未覆盖；不猜测
鲸凉鹤1.1手心挂接.txt	破屏	popx	popx	未知飞键、非音码或读音集合未覆盖；不猜测
鲸凉鹤1.1手心挂接.txt	陂陀	poto	poto	未知飞键、非音码或读音集合未覆盖；不猜测
鲸凉鹤1.1手心挂接.txt	破山	pous	pous	未知飞键、非音码或读音集合未覆盖；不猜测
鲸凉鹤1.1手心挂接.txt	破颜	poyf	poyf	未知飞键、非音码或读音集合未覆盖；不猜测
鲸凉鹤1.1手心挂接.txt	破烟	poyf	poyf	未知飞键、非音码或读音集合未覆盖；不猜测
鲸凉鹤1.1手心挂接.txt	迫于	poyg	poyg	未知飞键、非音码或读音集合未覆盖；不猜测
鲸凉鹤1.1手心挂接.txt	瞥见	ppjz	ppjz	未知飞键、非音码或读音集合未覆盖；不猜测
鲸凉鹤1.1手心挂接.txt	撇开	ppxd	ppxd	未知飞键、非音码或读音集合未覆盖；不猜测
鲸凉鹤1.1手心挂接.txt	瞥向	ppxj	ppxj	未知飞键、非音码或读音集合未覆盖；不猜测
鲸凉鹤1.1手心挂接.txt	撇向	ppxj	ppxj	未知飞键、非音码或读音集合未覆盖；不猜测
鲸凉鹤1.1手心挂接.txt	嫳屑	ppxp	ppxp	未知飞键、非音码或读音集合未覆盖；不猜测
鲸凉鹤1.1手心挂接.txt	瞥眼	ppyf	ppyf	未知飞键、非音码或读音集合未覆盖；不猜测
鲸凉鹤1.1手心挂接.txt	破案	psan	psan	未知飞键、非音码或读音集合未覆盖；不猜测
鲸凉鹤1.1手心挂接.txt	破包	psbc	psbc	未知飞键、非音码或读音集合未覆盖；不猜测
鲸凉鹤1.1手心挂接.txt	破败	psbd	psbd	未知飞键、非音码或读音集合未覆盖；不猜测
鲸凉鹤1.1手心挂接.txt	破百	psbe	psbd	未知飞键、非音码或读音集合未覆盖；不猜测
鲸凉鹤1.1手心挂接.txt	破壁	psbi	psbi	未知飞键、非音码或读音集合未覆盖；不猜测
鲸凉鹤1.1手心挂接.txt	破比	psbi	psbi	未知飞键、非音码或读音集合未覆盖；不猜测
鲸凉鹤1.1手心挂接.txt	破板	psbj	psbj	未知飞键、非音码或读音集合未覆盖；不猜测
鲸凉鹤1.1手心挂接.txt	破冰	psbk	psbk	未知飞键、非音码或读音集合未覆盖；不猜测
鲸凉鹤1.1手心挂接.txt	破边	psbm	psbm	未知飞键、非音码或读音集合未覆盖；不猜测
鲸凉鹤1.1手心挂接.txt	破表	psbn	psbn	未知飞键、非音码或读音集合未覆盖；不猜测
鲸凉鹤1.1手心挂接.txt	坡博	psbo	psbo	未知飞键、非音码或读音集合未覆盖；不猜测
鲸凉鹤1.1手心挂接.txt	破布	psbu	psbu	未知飞键、非音码或读音集合未覆盖；不猜测
鲸凉鹤1.1手心挂接.txt	破财	pscd	pscd	未知飞键、非音码或读音集合未覆盖；不猜测
鲸凉鹤1.1手心挂接.txt	叵测	psce	psce	未知飞键、非音码或读音集合未覆盖；不猜测
鲸凉鹤1.1手心挂接.txt	破词	psci	psci	未知飞键、非音码或读音集合未覆盖；不猜测
鲸凉鹤1.1手心挂接.txt	破残	pscj	pscj	未知飞键、非音码或读音集合未覆盖；不猜测
鲸凉鹤1.1手心挂接.txt	迫促	pscu	pscu	未知飞键、非音码或读音集合未覆盖；不猜测
鲸凉鹤1.1手心挂接.txt	颇大	psda	psda	未知飞键、非音码或读音集合未覆盖；不猜测
鲸凉鹤1.1手心挂接.txt	坡道	psdc	psdc	未知飞键、非音码或读音集合未覆盖；不猜测
鲸凉鹤1.1手心挂接.txt	颇带	psdd	psdd	未知飞键、非音码或读音集合未覆盖；不猜测
鲸凉鹤1.1手心挂接.txt	破的	psde	psde	未知飞键、非音码或读音集合未覆盖；不猜测
鲸凉鹤1.1手心挂接.txt	颇得	psde	psde	未知飞键、非音码或读音集合未覆盖；不猜测
鲸凉鹤1.1手心挂接.txt	坡地	psdi	psdi	未知飞键、非音码或读音集合未覆盖；不猜测
鲸凉鹤1.1手心挂接.txt	破敌	psdi	psdi	未知飞键、非音码或读音集合未覆盖；不猜测
鲸凉鹤1.1手心挂接.txt	破胆	psdj	psdj	未知飞键、非音码或读音集合未覆盖；不猜测
鲸凉鹤1.1手心挂接.txt	破蛋	psdj	psdj	未知飞键、非音码或读音集合未覆盖；不猜测
鲸凉鹤1.1手心挂接.txt	坡顶	psdk	psdk	未知飞键、非音码或读音集合未覆盖；不猜测
鲸凉鹤1.1手心挂接.txt	破定	psdk	psdk	未知飞键、非音码或读音集合未覆盖；不猜测
鲸凉鹤1.1手心挂接.txt	泼到	psdl	psdl	未知飞键、非音码或读音集合未覆盖；不猜测
鲸凉鹤1.1手心挂接.txt	坡道	psdl	psdl	未知飞键、非音码或读音集合未覆盖；不猜测
鲸凉鹤1.1手心挂接.txt	破店	psdm	psdm	未知飞键、非音码或读音集合未覆盖；不猜测
鲸凉鹤1.1手心挂接.txt	破点	psdm	psdm	未知飞键、非音码或读音集合未覆盖；不猜测
鲸凉鹤1.1手心挂接.txt	破掉	psdn	psdn	未知飞键、非音码或读音集合未覆盖；不猜测
鲸凉鹤1.1手心挂接.txt	泼掉	psdn	psdn	未知飞键、非音码或读音集合未覆盖；不猜测
鲸凉鹤1.1手心挂接.txt	颇多	psdo	psdo	未知飞键、非音码或读音集合未覆盖；不猜测
鲸凉鹤1.1手心挂接.txt	破洞	psds	psds	未知飞键、非音码或读音集合未覆盖；不猜测
鲸凉鹤1.1手心挂接.txt	坡度	psdu	psdu	未知飞键、非音码或读音集合未覆盖；不猜测
鲸凉鹤1.1手心挂接.txt	破读	psdu	psdu	未知飞键、非音码或读音集合未覆盖；不猜测
鲸凉鹤1.1手心挂接.txt	破盾	psdy	psdy	未知飞键、非音码或读音集合未覆盖；不猜测
鲸凉鹤1.1手心挂接.txt	坡陡	psdz	psdz	未知飞键、非音码或读音集合未覆盖；不猜测
鲸凉鹤1.1手心挂接.txt	破发	psfa	psfa	未知飞键、非音码或读音集合未覆盖；不猜测
鲸凉鹤1.1手心挂接.txt	颇丰	psfg	psfg	未知飞键、非音码或读音集合未覆盖；不猜测
鲸凉鹤1.1手心挂接.txt	破风	psfg	psfg	未知飞键、非音码或读音集合未覆盖；不猜测
鲸凉鹤1.1手心挂接.txt	破防	psfh	psfh	未知飞键、非音码或读音集合未覆盖；不猜测
鲸凉鹤1.1手心挂接.txt	破房	psfh	psfh	未知飞键、非音码或读音集合未覆盖；不猜测
鲸凉鹤1.1手心挂接.txt	泼妇	psfu	psfu	未知飞键、非音码或读音集合未覆盖；不猜测
鲸凉鹤1.1手心挂接.txt	破斧	psfu	psfu	未知飞键、非音码或读音集合未覆盖；不猜测
鲸凉鹤1.1手心挂接.txt	破费	psfw	psfw	未知飞键、非音码或读音集合未覆盖；不猜测
鲸凉鹤1.1手心挂接.txt	颇费	psfw	psfw	未知飞键、非音码或读音集合未覆盖；不猜测
鲸凉鹤1.1手心挂接.txt	颇高	psgc	psgc	未知飞键、非音码或读音集合未覆盖；不猜测
鲸凉鹤1.1手心挂接.txt	破格	psge	psge	未知飞键、非音码或读音集合未覆盖；不猜测
鲸凉鹤1.1手心挂接.txt	颇感	psgj	psgj	未知飞键、非音码或读音集合未覆盖；不猜测
鲸凉鹤1.1手心挂接.txt	破过	psgo	psgo	未知飞键、非音码或读音集合未覆盖；不猜测
鲸凉鹤1.1手心挂接.txt	破关	psgp	psgp	未知飞键、非音码或读音集合未覆盖；不猜测
鲸凉鹤1.1手心挂接.txt	破关	psgr	psgr	未知飞键、非音码或读音集合未覆盖；不猜测
鲸凉鹤1.1手心挂接.txt	破功	psgs	psgs	未知飞键、非音码或读音集合未覆盖；不猜测
鲸凉鹤1.1手心挂接.txt	破瓜	psgx	psgx	未知飞键、非音码或读音集合未覆盖；不猜测
鲸凉鹤1.1手心挂接.txt	破号	pshc	pshc	未知飞键、非音码或读音集合未覆盖；不猜测
鲸凉鹤1.1手心挂接.txt	颇好	pshc	pshc	未知飞键、非音码或读音集合未覆盖；不猜测
鲸凉鹤1.1手心挂接.txt	迫害	pshd	pshd	未知飞键、非音码或读音集合未覆盖；不猜测
鲸凉鹤1.1手心挂接.txt	泼悍	pshj	pshj	未知飞键、非音码或读音集合未覆盖；不猜测
鲸凉鹤1.1手心挂接.txt	颇含	pshj	pshj	未知飞键、非音码或读音集合未覆盖；不猜测
鲸凉鹤1.1手心挂接.txt	破坏	pshk	pshk	未知飞键、非音码或读音集合未覆盖；不猜测
鲸凉鹤1.1手心挂接.txt	颇坏	pshk	pshk	未知飞键、非音码或读音集合未覆盖；不猜测
鲸凉鹤1.1手心挂接.txt	破获	psho	psho	未知飞键、非音码或读音集合未覆盖；不猜测
鲸凉鹤1.1手心挂接.txt	破幻	pshr	pshr	未知飞键、非音码或读音集合未覆盖；不猜测
鲸凉鹤1.1手心挂接.txt	颇会	pshv	pshv	未知飞键、非音码或读音集合未覆盖；不猜测
鲸凉鹤1.1手心挂接.txt	泼猴	pshz	pshz	未知飞键、非音码或读音集合未覆盖；不猜测
鲸凉鹤1.1手心挂接.txt	破车	psie	psie	未知飞键、非音码或读音集合未覆盖；不猜测
鲸凉鹤1.1手心挂接.txt	破城	psig	psig	未知飞键、非音码或读音集合未覆盖；不猜测
鲸凉鹤1.1手心挂接.txt	坡长	psih	psih	未知飞键、非音码或读音集合未覆盖；不猜测
鲸凉鹤1.1手心挂接.txt	颇长	psih	psih	未知飞键、非音码或读音集合未覆盖；不猜测
鲸凉鹤1.1手心挂接.txt	破产	psij	psij	未知飞键、非音码或读音集合未覆盖；不猜测
鲸凉鹤1.1手心挂接.txt	破窗	psil	psil	未知飞键、非音码或读音集合未覆盖；不猜测
鲸凉鹤1.1手心挂接.txt	破船	psir	psir	未知飞键、非音码或读音集合未覆盖；不猜测
鲸凉鹤1.1手心挂接.txt	破除	psiu	psiu	未知飞键、非音码或读音集合未覆盖；不猜测
鲸凉鹤1.1手心挂接.txt	破处	psiu	psiu	未知飞键、非音码或读音集合未覆盖；不猜测
鲸凉鹤1.1手心挂接.txt	迫近	psjb	psjb	未知飞键、非音码或读音集合未覆盖；不猜测
鲸凉鹤1.1手心挂接.txt	坡道	psjf	psjf	未知飞键、非音码或读音集合未覆盖；不猜测
鲸凉鹤1.1手心挂接.txt	破击	psji	psji	未知飞键、非音码或读音集合未覆盖；不猜测
鲸凉鹤1.1手心挂接.txt	迫击	psji	psji	未知飞键、非音码或读音集合未覆盖；不猜测
鲸凉鹤1.1手心挂接.txt	破境	psjk	psjk	未知飞键、非音码或读音集合未覆盖；不猜测
鲸凉鹤1.1手心挂接.txt	破镜	psjk	psjk	未知飞键、非音码或读音集合未覆盖；不猜测
鲸凉鹤1.1手心挂接.txt	迫降	psjl	psjl	未知飞键、非音码或读音集合未覆盖；不猜测
鲸凉鹤1.1手心挂接.txt	坡降	psjl	psjl	未知飞键、非音码或读音集合未覆盖；不猜测
鲸凉鹤1.1手心挂接.txt	破茧	psjm	psjm	未知飞键、非音码或读音集合未覆盖；不猜测
鲸凉鹤1.1手心挂接.txt	泼溅	psjm	psjm	未知飞键、非音码或读音集合未覆盖；不猜测
鲸凉鹤1.1手心挂接.txt	破剑	psjm	psjm	未知飞键、非音码或读音集合未覆盖；不猜测
鲸凉鹤1.1手心挂接.txt	坡脚	psjn	psjn	未知飞键、非音码或读音集合未覆盖；不猜测
鲸凉鹤1.1手心挂接.txt	坡角	psjn	psjn	未知飞键、非音码或读音集合未覆盖；不猜测
鲸凉鹤1.1手心挂接.txt	破解	psjp	psjp	未知飞键、非音码或读音集合未覆盖；不猜测
鲸凉鹤1.1手心挂接.txt	破戒	psjp	psjp	未知飞键、非音码或读音集合未覆盖；不猜测
鲸凉鹤1.1手心挂接.txt	破旧	psjq	psjq	未知飞键、非音码或读音集合未覆盖；不猜测
鲸凉鹤1.1手心挂接.txt	颇觉	psjt	psjt	未知飞键、非音码或读音集合未覆盖；不猜测
鲸凉鹤1.1手心挂接.txt	颇具	psju	psju	未知飞键、非音码或读音集合未覆盖；不猜测
鲸凉鹤1.1手心挂接.txt	破局	psju	psju	未知飞键、非音码或读音集合未覆盖；不猜测
鲸凉鹤1.1手心挂接.txt	魄狙	psju	psju	未知飞键、非音码或读音集合未覆盖；不猜测
鲸凉鹤1.1手心挂接.txt	婆家	psjx	psjx	未知飞键、非音码或读音集合未覆盖；不猜测
鲸凉鹤1.1手心挂接.txt	破甲	psjx	psjx	未知飞键、非音码或读音集合未覆盖；不猜测
鲸凉鹤1.1手心挂接.txt	破军	psjy	psjy	未知飞键、非音码或读音集合未覆盖；不猜测
鲸凉鹤1.1手心挂接.txt	破茧	psjz	psjz	未知飞键、非音码或读音集合未覆盖；不猜测
鲸凉鹤1.1手心挂接.txt	泼溅	psjz	psjz	未知飞键、非音码或读音集合未覆盖；不猜测
鲸凉鹤1.1手心挂接.txt	破剑	psjz	psjz	未知飞键、非音码或读音集合未覆盖；不猜测
鲸凉鹤1.1手心挂接.txt	破卡	pska	pska	未知飞键、非音码或读音集合未覆盖；不猜测
鲸凉鹤1.1手心挂接.txt	破开	pskd	pskd	未知飞键、非音码或读音集合未覆盖；不猜测
鲸凉鹤1.1手心挂接.txt	破壳	pske	pske	未知飞键、非音码或读音集合未覆盖；不猜测
鲸凉鹤1.1手心挂接.txt	破空	psks	psks	未知飞键、非音码或读音集合未覆盖；不猜测
鲸凉鹤1.1手心挂接.txt	破溃	pskv	pskv	未知飞键、非音码或读音集合未覆盖；不猜测
鲸凉鹤1.1手心挂接.txt	破口	pskz	pskz	未知飞键、非音码或读音集合未覆盖；不猜测
鲸凉鹤1.1手心挂接.txt	泼辣	psla	psla	未知飞键、非音码或读音集合未覆盖；不猜测
鲸凉鹤1.1手心挂接.txt	迫临	pslb	pslb	未知飞键、非音码或读音集合未覆盖；不猜测
鲸凉鹤1.1手心挂接.txt	泼赖	psld	psld	未知飞键、非音码或读音集合未覆盖；不猜测
鲸凉鹤1.1手心挂接.txt	破了	psle	psle	未知飞键、非音码或读音集合未覆盖；不猜测
鲸凉鹤1.1手心挂接.txt	泼了	psle	psle	未知飞键、非音码或读音集合未覆盖；不猜测
鲸凉鹤1.1手心挂接.txt	破裂	pslf	pslf	未知飞键、非音码或读音集合未覆盖；不猜测
鲸凉鹤1.1手心挂接.txt	破浪	pslh	pslh	未知飞键、非音码或读音集合未覆盖；不猜测
鲸凉鹤1.1手心挂接.txt	魄力	psli	psli	未知飞键、非音码或读音集合未覆盖；不猜测
鲸凉鹤1.1手心挂接.txt	破例	psli	psli	未知飞键、非音码或读音集合未覆盖；不猜测
鲸凉鹤1.1手心挂接.txt	破烂	pslj	pslj	未知飞键、非音码或读音集合未覆盖；不猜测
鲸凉鹤1.1手心挂接.txt	笸篮	pslj	pslj	未知飞键、非音码或读音集合未覆盖；不猜测
鲸凉鹤1.1手心挂接.txt	破零	pslk	pslk	未知飞键、非音码或读音集合未覆盖；不猜测
鲸凉鹤1.1手心挂接.txt	迫令	pslk	pslk	未知飞键、非音码或读音集合未覆盖；不猜测
鲸凉鹤1.1手心挂接.txt	破凉	psll	psll	未知飞键、非音码或读音集合未覆盖；不猜测
鲸凉鹤1.1手心挂接.txt	破脸	pslm	pslm	未知飞键、非音码或读音集合未覆盖；不猜测
鲸凉鹤1.1手心挂接.txt	破落	pslo	pslo	未知飞键、非音码或读音集合未覆盖；不猜测
鲸凉鹤1.1手心挂接.txt	笸箩	pslo	pslo	未知飞键、非音码或读音集合未覆盖；不猜测
鲸凉鹤1.1手心挂接.txt	破锣	pslo	pslo	未知飞键、非音码或读音集合未覆盖；不猜测
鲸凉鹤1.1手心挂接.txt	婆罗	pslo	pslo	未知飞键、非音码或读音集合未覆盖；不猜测
鲸凉鹤1.1手心挂接.txt	破裂	pslp	pslp	未知飞键、非音码或读音集合未覆盖；不猜测
鲸凉鹤1.1手心挂接.txt	破乱	pslr	pslr	未知飞键、非音码或读音集合未覆盖；不猜测
鲸凉鹤1.1手心挂接.txt	破路	pslu	pslu	未知飞键、非音码或读音集合未覆盖；不猜测
鲸凉鹤1.1手心挂接.txt	坡路	pslu	pslu	未知飞键、非音码或读音集合未覆盖；不猜测
鲸凉鹤1.1手心挂接.txt	坡垒	pslw	pslw	未知飞键、非音码或读音集合未覆盖；不猜测
鲸凉鹤1.1手心挂接.txt	破楼	pslz	pslz	未知飞键、非音码或读音集合未覆盖；不猜测
鲸凉鹤1.1手心挂接.txt	破陋	pslz	pslz	未知飞键、非音码或读音集合未覆盖；不猜测
鲸凉鹤1.1手心挂接.txt	婆妈	psma	psma	未知飞键、非音码或读音集合未覆盖；不猜测
鲸凉鹤1.1手心挂接.txt	破帽	psmc	psmc	未知飞键、非音码或读音集合未覆盖；不猜测
鲸凉鹤1.1手心挂接.txt	破门	psmf	psmf	未知飞键、非音码或读音集合未覆盖；不猜测
鲸凉鹤1.1手心挂接.txt	魄门	psmf	psmf	未知飞键、非音码或读音集合未覆盖；不猜测
鲸凉鹤1.1手心挂接.txt	破密	psmi	psmi	未知飞键、非音码或读音集合未覆盖；不猜测
鲸凉鹤1.1手心挂接.txt	破满	psmj	psmj	未知飞键、非音码或读音集合未覆盖；不猜测
鲸凉鹤1.1手心挂接.txt	破名	psmk	psmk	未知飞键、非音码或读音集合未覆盖；不猜测
鲸凉鹤1.1手心挂接.txt	坡面	psmm	psmm	未知飞键、非音码或读音集合未覆盖；不猜测
鲸凉鹤1.1手心挂接.txt	破面	psmm	psmm	未知飞键、非音码或读音集合未覆盖；不猜测
鲸凉鹤1.1手心挂接.txt	破庙	psmn	psmn	未知飞键、非音码或读音集合未覆盖；不猜测
鲸凉鹤1.1手心挂接.txt	泼墨	psmo	psmo	未知飞键、非音码或读音集合未覆盖；不猜测
鲸凉鹤1.1手心挂接.txt	破魔	psmo	psmo	未知飞键、非音码或读音集合未覆盖；不猜测
鲸凉鹤1.1手心挂接.txt	破灭	psmp	psmp	未知飞键、非音码或读音集合未覆盖；不猜测
鲸凉鹤1.1手心挂接.txt	破满	psmr	psmr	未知飞键、非音码或读音集合未覆盖；不猜测
鲸凉鹤1.1手心挂接.txt	婆母	psmu	psmu	未知飞键、非音码或读音集合未覆盖；不猜测
鲸凉鹤1.1手心挂接.txt	破没	psmw	psmw	未知飞键、非音码或读音集合未覆盖；不猜测
鲸凉鹤1.1手心挂接.txt	婆母	psmx	psmx	未知飞键、非音码或读音集合未覆盖；不猜测
鲸凉鹤1.1手心挂接.txt	颇能	psng	psng	未知飞键、非音码或读音集合未覆盖；不猜测
鲸凉鹤1.1手心挂接.txt	颇难	psnj	psnj	未知飞键、非音码或读音集合未覆盖；不猜测
鲸凉鹤1.1手心挂接.txt	破难	psnj	psnj	未知飞键、非音码或读音集合未覆盖；不猜测
鲸凉鹤1.1手心挂接.txt	婆娘	psnl	psnl	未知飞键、非音码或读音集合未覆盖；不猜测
鲸凉鹤1.1手心挂接.txt	颇浓	psns	psns	未知飞键、非音码或读音集合未覆盖；不猜测
鲸凉鹤1.1手心挂接.txt	颇难	psnz	psnz	未知飞键、非音码或读音集合未覆盖；不猜测
鲸凉鹤1.1手心挂接.txt	破难	psnz	psnz	未知飞键、非音码或读音集合未覆盖；不猜测
鲸凉鹤1.1手心挂接.txt	破牌	pspd	pspd	未知飞键、非音码或读音集合未覆盖；不猜测
鲸凉鹤1.1手心挂接.txt	泼皮	pspe	pspe	未知飞键、非音码或读音集合未覆盖；不猜测
鲸凉鹤1.1手心挂接.txt	破皮	pspe	pspe	未知飞键、非音码或读音集合未覆盖；不猜测
鲸凉鹤1.1手心挂接.txt	泼皮	pspi	pspi	未知飞键、非音码或读音集合未覆盖；不猜测
鲸凉鹤1.1手心挂接.txt	破皮	pspi	pspi	未知飞键、非音码或读音集合未覆盖；不猜测
鲸凉鹤1.1手心挂接.txt	破屏	pspk	pspk	未知飞键、非音码或读音集合未覆盖；不猜测
鲸凉鹤1.1手心挂接.txt	破片	pspm	pspm	未知飞键、非音码或读音集合未覆盖；不猜测
鲸凉鹤1.1手心挂接.txt	婆婆	psps	psps	未知飞键、非音码或读音集合未覆盖；不猜测
鲸凉鹤1.1手心挂接.txt	破破	psps	psps	未知飞键、非音码或读音集合未覆盖；不猜测
鲸凉鹤1.1手心挂接.txt	酦醅	pspw	pspw	未知飞键、非音码或读音集合未覆盖；不猜测
鲸凉鹤1.1手心挂接.txt	泼醅	pspw	pspw	未知飞键、非音码或读音集合未覆盖；不猜测
鲸凉鹤1.1手心挂接.txt	破屏	pspx	pspx	未知飞键、非音码或读音集合未覆盖；不猜测
鲸凉鹤1.1手心挂接.txt	破气	psqi	psqi	未知飞键、非音码或读音集合未覆盖；不猜测
鲸凉鹤1.1手心挂接.txt	破墙	psql	psql	未知飞键、非音码或读音集合未覆盖；不猜测
鲸凉鹤1.1手心挂接.txt	破枪	psql	psql	未知飞键、非音码或读音集合未覆盖；不猜测
鲸凉鹤1.1手心挂接.txt	破千	psqm	psqm	未知飞键、非音码或读音集合未覆盖；不猜测
鲸凉鹤1.1手心挂接.txt	破钱	psqm	psqm	未知飞键、非音码或读音集合未覆盖；不猜测
鲸凉鹤1.1手心挂接.txt	迫切	psqp	psqp	未知飞键、非音码或读音集合未覆盖；不猜测
鲸凉鹤1.1手心挂接.txt	破圈	psqr	psqr	未知飞键、非音码或读音集合未覆盖；不猜测
鲸凉鹤1.1手心挂接.txt	破缺	psqt	psqt	未知飞键、非音码或读音集合未覆盖；不猜测
鲸凉鹤1.1手心挂接.txt	破去	psqu	psqu	未知飞键、非音码或读音集合未覆盖；不猜测
鲸凉鹤1.1手心挂接.txt	泼去	psqu	psqu	未知飞键、非音码或读音集合未覆盖；不猜测
鲸凉鹤1.1手心挂接.txt	破群	psqy	psqy	未知飞键、非音码或读音集合未覆盖；不猜测
鲸凉鹤1.1手心挂接.txt	迫人	psrf	psrf	未知飞键、非音码或读音集合未覆盖；不猜测
鲸凉鹤1.1手心挂接.txt	破刃	psrf	psrf	未知飞键、非音码或读音集合未覆盖；不猜测
鲸凉鹤1.1手心挂接.txt	颇让	psrh	psrh	未知飞键、非音码或读音集合未覆盖；不猜测
鲸凉鹤1.1手心挂接.txt	破日	psri	psri	未知飞键、非音码或读音集合未覆盖；不猜测
鲸凉鹤1.1手心挂接.txt	破乳	psru	psru	未知飞键、非音码或读音集合未覆盖；不猜测
鲸凉鹤1.1手心挂接.txt	泼洒	pssa	pssa	未知飞键、非音码或读音集合未覆盖；不猜测
鲸凉鹤1.1手心挂接.txt	颇似	pssi	pssi	未知飞键、非音码或读音集合未覆盖；不猜测
鲸凉鹤1.1手心挂接.txt	婆娑	psso	psso	未知飞键、非音码或读音集合未覆盖；不猜测
鲸凉鹤1.1手心挂接.txt	破碎	pssv	pssv	未知飞键、非音码或读音集合未覆盖；不猜测
鲸凉鹤1.1手心挂接.txt	破损	pssy	pssy	未知飞键、非音码或读音集合未覆盖；不猜测
鲸凉鹤1.1手心挂接.txt	破塔	psta	psta	未知飞键、非音码或读音集合未覆盖；不猜测
鲸凉鹤1.1手心挂接.txt	破题	psti	psti	未知飞键、非音码或读音集合未覆盖；不猜测
鲸凉鹤1.1手心挂接.txt	泼天	pstm	pstm	未知飞键、非音码或读音集合未覆盖；不猜测
鲸凉鹤1.1手心挂接.txt	破天	pstm	pstm	未知飞键、非音码或读音集合未覆盖；不猜测
鲸凉鹤1.1手心挂接.txt	破铁	pstp	pstp	未知飞键、非音码或读音集合未覆盖；不猜测
鲸凉鹤1.1手心挂接.txt	破团	pstr	pstr	未知飞键、非音码或读音集合未覆盖；不猜测
鲸凉鹤1.1手心挂接.txt	破土	pstu	pstu	未知飞键、非音码或读音集合未覆盖；不猜测
鲸凉鹤1.1手心挂接.txt	破图	pstu	pstu	未知飞键、非音码或读音集合未覆盖；不猜测
鲸凉鹤1.1手心挂接.txt	坡头	pstz	pstz	未知飞键、非音码或读音集合未覆盖；不猜测
鲸凉鹤1.1手心挂接.txt	破煞	psua	psua	未知飞键、非音码或读音集合未覆盖；不猜测
鲸凉鹤1.1手心挂接.txt	颇少	psuc	psuc	未知飞键、非音码或读音集合未覆盖；不猜测
鲸凉鹤1.1手心挂接.txt	泼射	psue	psue	未知飞键、非音码或读音集合未覆盖；不猜测
鲸凉鹤1.1手心挂接.txt	颇深	psuf	psuf	未知飞键、非音码或读音集合未覆盖；不猜测
鲸凉鹤1.1手心挂接.txt	破身	psuf	psuf	未知飞键、非音码或读音集合未覆盖；不猜测
鲸凉鹤1.1手心挂接.txt	坡上	psuh	psuh	未知飞键、非音码或读音集合未覆盖；不猜测
鲸凉鹤1.1手心挂接.txt	迫使	psui	psui	未知飞键、非音码或读音集合未覆盖；不猜测
鲸凉鹤1.1手心挂接.txt	破事	psui	psui	未知飞键、非音码或读音集合未覆盖；不猜测
鲸凉鹤1.1手心挂接.txt	泼屎	psui	psui	未知飞键、非音码或读音集合未覆盖；不猜测
鲸凉鹤1.1手心挂接.txt	破山	psuj	psuj	未知飞键、非音码或读音集合未覆盖；不猜测
鲸凉鹤1.1手心挂接.txt	破摔	psuk	psuk	未知飞键、非音码或读音集合未覆盖；不猜测
鲸凉鹤1.1手心挂接.txt	婆说	psuo	psuo	未知飞键、非音码或读音集合未覆盖；不猜测
鲸凉鹤1.1手心挂接.txt	破山	psus	psus	未知飞键、非音码或读音集合未覆盖；不猜测
鲸凉鹤1.1手心挂接.txt	破书	psuu	psuu	未知飞键、非音码或读音集合未覆盖；不猜测
鲸凉鹤1.1手心挂接.txt	泼水	psuv	psuv	未知飞键、非音码或读音集合未覆盖；不猜测
鲸凉鹤1.1手心挂接.txt	颇受	psuz	psuz	未知飞键、非音码或读音集合未覆盖；不猜测
鲸凉鹤1.1手心挂接.txt	破招	psvc	psvc	未知飞键、非音码或读音集合未覆盖；不猜测
鲸凉鹤1.1手心挂接.txt	破折	psve	psve	未知飞键、非音码或读音集合未覆盖；不猜测
鲸凉鹤1.1手心挂接.txt	破阵	psvf	psvf	未知飞键、非音码或读音集合未覆盖；不猜测
鲸凉鹤1.1手心挂接.txt	迫真	psvf	psvf	未知飞键、非音码或读音集合未覆盖；不猜测
鲸凉鹤1.1手心挂接.txt	破账	psvh	psvh	未知飞键、非音码或读音集合未覆盖；不猜测
鲸凉鹤1.1手心挂接.txt	破绽	psvj	psvj	未知飞键、非音码或读音集合未覆盖；不猜测
鲸凉鹤1.1手心挂接.txt	破站	psvj	psvj	未知飞键、非音码或读音集合未覆盖；不猜测
鲸凉鹤1.1手心挂接.txt	破桩	psvl	psvl	未知飞键、非音码或读音集合未覆盖；不猜测
鲸凉鹤1.1手心挂接.txt	颇重	psvs	psvs	未知飞键、非音码或读音集合未覆盖；不猜测
鲸凉鹤1.1手心挂接.txt	破竹	psvu	psvu	未知飞键、非音码或读音集合未覆盖；不猜测
鲸凉鹤1.1手心挂接.txt	破袜	pswa	pswa	未知飞键、非音码或读音集合未覆盖；不猜测
鲸凉鹤1.1手心挂接.txt	破瓦	pswa	pswa	未知飞键、非音码或读音集合未覆盖；不猜测
鲸凉鹤1.1手心挂接.txt	迫问	pswf	pswf	未知飞键、非音码或读音集合未覆盖；不猜测
鲸凉鹤1.1手心挂接.txt	皤翁	pswg	pswg	未知飞键、非音码或读音集合未覆盖；不猜测
鲸凉鹤1.1手心挂接.txt	破网	pswh	pswh	未知飞键、非音码或读音集合未覆盖；不猜测
鲸凉鹤1.1手心挂接.txt	破万	pswj	pswj	未知飞键、非音码或读音集合未覆盖；不猜测
鲸凉鹤1.1手心挂接.txt	破碗	pswj	pswj	未知飞键、非音码或读音集合未覆盖；不猜测
鲸凉鹤1.1手心挂接.txt	泼我	pswo	pswo	未知飞键、非音码或读音集合未覆盖；不猜测
鲸凉鹤1.1手心挂接.txt	破屋	pswu	pswu	未知飞键、非音码或读音集合未覆盖；不猜测
鲸凉鹤1.1手心挂接.txt	破五	pswu	pswu	未知飞键、非音码或读音集合未覆盖；不猜测
鲸凉鹤1.1手心挂接.txt	颇为	psww	psww	未知飞键、非音码或读音集合未覆盖；不猜测
鲸凉鹤1.1手心挂接.txt	破位	psww	psww	未知飞键、非音码或读音集合未覆盖；不猜测
鲸凉鹤1.1手心挂接.txt	婆媳	psxi	psxi	未知飞键、非音码或读音集合未覆盖；不猜测
鲸凉鹤1.1手心挂接.txt	颇行	psxk	psxk	未知飞键、非音码或读音集合未覆盖；不猜测
鲸凉鹤1.1手心挂接.txt	破相	psxl	psxl	未知飞键、非音码或读音集合未覆盖；不猜测
鲸凉鹤1.1手心挂接.txt	颇像	psxl	psxl	未知飞键、非音码或读音集合未覆盖；不猜测
鲸凉鹤1.1手心挂接.txt	破线	psxm	psxm	未知飞键、非音码或读音集合未覆盖；不猜测
鲸凉鹤1.1手心挂接.txt	颇显	psxm	psxm	未知飞键、非音码或读音集合未覆盖；不猜测
鲸凉鹤1.1手心挂接.txt	破晓	psxn	psxn	未知飞键、非音码或读音集合未覆盖；不猜测
鲸凉鹤1.1手心挂接.txt	破鞋	psxp	psxp	未知飞键、非音码或读音集合未覆盖；不猜测
鲸凉鹤1.1手心挂接.txt	坡下	psxx	psxx	未知飞键、非音码或读音集合未覆盖；不猜测
鲸凉鹤1.1手心挂接.txt	泼下	psxx	psxx	未知飞键、非音码或读音集合未覆盖；不猜测
鲸凉鹤1.1手心挂接.txt	破音	psyb	psyb	未知飞键、非音码或读音集合未覆盖；不猜测
鲸凉鹤1.1手心挂接.txt	破隐	psyb	psyb	未知飞键、非音码或读音集合未覆盖；不猜测
鲸凉鹤1.1手心挂接.txt	破颜	psyf	psyf	未知飞键、非音码或读音集合未覆盖；不猜测
鲸凉鹤1.1手心挂接.txt	迫于	psyg	psyg	未知飞键、非音码或读音集合未覆盖；不猜测
鲸凉鹤1.1手心挂接.txt	鄱阳	psyh	psyh	未知飞键、非音码或读音集合未覆盖；不猜测
鲸凉鹤1.1手心挂接.txt	破译	psyi	psyi	未知飞键、非音码或读音集合未覆盖；不猜测
鲸凉鹤1.1手心挂接.txt	破亿	psyi	psyi	未知飞键、非音码或读音集合未覆盖；不猜测
鲸凉鹤1.1手心挂接.txt	婆姨	psyi	psyi	未知飞键、非音码或读音集合未覆盖；不猜测
鲸凉鹤1.1手心挂接.txt	破衣	psyi	psyi	未知飞键、非音码或读音集合未覆盖；不猜测
鲸凉鹤1.1手心挂接.txt	破颜	psyj	psyj	未知飞键、非音码或读音集合未覆盖；不猜测
鲸凉鹤1.1手心挂接.txt	破影	psyk	psyk	未知飞键、非音码或读音集合未覆盖；不猜测
鲸凉鹤1.1手心挂接.txt	破月	psyt	psyt	未知飞键、非音码或读音集合未覆盖；不猜测
鲸凉鹤1.1手心挂接.txt	破约	psyt	psyt	未知飞键、非音码或读音集合未覆盖；不猜测
鲸凉鹤1.1手心挂接.txt	迫于	psyu	psyu	未知飞键、非音码或读音集合未覆盖；不猜测
鲸凉鹤1.1手心挂接.txt	破云	psyy	psyy	未知飞键、非音码或读音集合未覆盖；不猜测
鲸凉鹤1.1手心挂接.txt	颇有	psyz	psyz	未知飞键、非音码或读音集合未覆盖；不猜测
鲸凉鹤1.1手心挂接.txt	婆子	pszi	pszi	未知飞键、非音码或读音集合未覆盖；不猜测
鲸凉鹤1.1手心挂接.txt	破字	pszi	pszi	未知飞键、非音码或读音集合未覆盖；不猜测
鲸凉鹤1.1手心挂接.txt	坡子	pszi	pszi	未知飞键、非音码或读音集合未覆盖；不猜测
鲸凉鹤1.1手心挂接.txt	破嘴	pszv	pszv	未知飞键、非音码或读音集合未覆盖；不猜测
鲸凉鹤1.1手心挂接.txt	仆从	pucl	pucl	未知飞键、非音码或读音集合未覆盖；不猜测
鲸凉鹤1.1手心挂接.txt	扑倒	pudl	pudl	未知飞键、非音码或读音集合未覆盖；不猜测
鲸凉鹤1.1手心挂接.txt	铺到	pudl	pudl	未知飞键、非音码或读音集合未覆盖；不猜测
鲸凉鹤1.1手心挂接.txt	扑打	pudw	pudw	未知飞键、非音码或读音集合未覆盖；不猜测
鲸凉鹤1.1手心挂接.txt	铺轨	pugi	pugi	未知飞键、非音码或读音集合未覆盖；不猜测
鲸凉鹤1.1手心挂接.txt	铺管	pugp	pugp	未知飞键、非音码或读音集合未覆盖；不猜测
鲸凉鹤1.1手心挂接.txt	浦建	pujz	pujz	未知飞键、非音码或读音集合未覆盖；不猜测
鲸凉鹤1.1手心挂接.txt	铺满	pumr	pumr	未知飞键、非音码或读音集合未覆盖；不猜测
鲸凉鹤1.1手心挂接.txt	扑母	pumx	pumx	未知飞键、非音码或读音集合未覆盖；不猜测
鲸凉鹤1.1手心挂接.txt	普男	punz	punz	未知飞键、非音码或读音集合未覆盖；不猜测
鲸凉鹤1.1手心挂接.txt	浦南	punz	punz	未知飞键、非音码或读音集合未覆盖；不猜测
鲸凉鹤1.1手心挂接.txt	铺平	pupx	pupx	未知飞键、非音码或读音集合未覆盖；不猜测
鲸凉鹤1.1手心挂接.txt	蒲扇	puus	puus	未知飞键、非音码或读音集合未覆盖；不猜测
鲸凉鹤1.1手心挂接.txt	扑闪	puus	puus	未知飞键、非音码或读音集合未覆盖；不猜测
鲸凉鹤1.1手心挂接.txt	普正	puvk	puvk	未知飞键、非音码或读音集合未覆盖；不猜测
鲸凉鹤1.1手心挂接.txt	扑向	puxj	puxj	未知飞键、非音码或读音集合未覆盖；不猜测
鲸凉鹤1.1手心挂接.txt	普修	puxo	puxo	未知飞键、非音码或读音集合未覆盖；不猜测
鲸凉鹤1.1手心挂接.txt	仆射	puye	puye	未知飞键、非音码或读音集合未覆盖；不猜测
鲸凉鹤1.1手心挂接.txt	浦沿	puyf	puyf	未知飞键、非音码或读音集合未覆盖；不猜测
鲸凉鹤1.1手心挂接.txt	璞玉	puyg	puyg	未知飞键、非音码或读音集合未覆盖；不猜测
鲸凉鹤1.1手心挂接.txt	葡语	puyg	puyg	未知飞键、非音码或读音集合未覆盖；不猜测
鲸凉鹤1.1手心挂接.txt	陪从	pwcl	pwcl	未知飞键、非音码或读音集合未覆盖；不猜测
鲸凉鹤1.1手心挂接.txt	佩刀	pwdl	pwdl	未知飞键、非音码或读音集合未覆盖；不猜测
鲸凉鹤1.1手心挂接.txt	配到	pwdl	pwdl	未知飞键、非音码或读音集合未覆盖；不猜测
鲸凉鹤1.1手心挂接.txt	配柜	pwgi	pwgi	未知飞键、非音码或读音集合未覆盖；不猜测
鲸凉鹤1.1手心挂接.txt	配管	pwgp	pwgp	未知飞键、非音码或读音集合未覆盖；不猜测
鲸凉鹤1.1手心挂接.txt	配件	pwjz	pwjz	未知飞键、非音码或读音集合未覆盖；不猜测
鲸凉鹤1.1手心挂接.txt	佩剑	pwjz	pwjz	未知飞键、非音码或读音集合未覆盖；不猜测
鲸凉鹤1.1手心挂接.txt	配列	pwlf	pwlf	未知飞键、非音码或读音集合未覆盖；不猜测
鲸凉鹤1.1手心挂接.txt	培南	pwnz	pwnz	未知飞键、非音码或读音集合未覆盖；不猜测
鲸凉鹤1.1手心挂接.txt	配皮	pwpe	pwpe	未知飞键、非音码或读音集合未覆盖；不猜测
鲸凉鹤1.1手心挂接.txt	配平	pwpx	pwpx	未知飞键、非音码或读音集合未覆盖；不猜测
鲸凉鹤1.1手心挂接.txt	毰毸	pwsd	pwsd	未知飞键、非音码或读音集合未覆盖；不猜测
鲸凉鹤1.1手心挂接.txt	培推	pwtl	pwtl	未知飞键、非音码或读音集合未覆盖；不猜测
鲸凉鹤1.1手心挂接.txt	焙烧	pwuc	pwuc	未知飞键、非音码或读音集合未覆盖；不猜测
鲸凉鹤1.1手心挂接.txt	配膳	pwus	pwus	未知飞键、非音码或读音集合未覆盖；不猜测
鲸凉鹤1.1手心挂接.txt	培正	pwvk	pwvk	未知飞键、非音码或读音集合未覆盖；不猜测
鲸凉鹤1.1手心挂接.txt	培修	pwxo	pwxo	未知飞键、非音码或读音集合未覆盖；不猜测
鲸凉鹤1.1手心挂接.txt	培育	pwyg	pwyg	未知飞键、非音码或读音集合未覆盖；不猜测
鲸凉鹤1.1手心挂接.txt	佩玉	pwyg	pwyg	未知飞键、非音码或读音集合未覆盖；不猜测
鲸凉鹤1.1手心挂接.txt	平爱	pxai	pxai	未知飞键、非音码或读音集合未覆盖；不猜测
鲸凉鹤1.1手心挂接.txt	平安	pxan	pxan	未知飞键、非音码或读音集合未覆盖；不猜测
鲸凉鹤1.1手心挂接.txt	平坝	pxba	pxba	未知飞键、非音码或读音集合未覆盖；不猜测
鲸凉鹤1.1手心挂接.txt	屏保	pxbc	pxbc	未知飞键、非音码或读音集合未覆盖；不猜测
鲸凉鹤1.1手心挂接.txt	平白	pxbd	pxbd	未知飞键、非音码或读音集合未覆盖；不猜测
鲸凉鹤1.1手心挂接.txt	屏蔽	pxbi	pxbi	未知飞键、非音码或读音集合未覆盖；不猜测
鲸凉鹤1.1手心挂接.txt	评比	pxbi	pxbi	未知飞键、非音码或读音集合未覆盖；不猜测
鲸凉鹤1.1手心挂接.txt	平板	pxbj	pxbj	未知飞键、非音码或读音集合未覆盖；不猜测
鲸凉鹤1.1手心挂接.txt	屏边	pxbm	pxbm	未知飞键、非音码或读音集合未覆盖；不猜测
鲸凉鹤1.1手心挂接.txt	评标	pxbn	pxbn	未知飞键、非音码或读音集合未覆盖；不猜测
鲸凉鹤1.1手心挂接.txt	平博	pxbo	pxbo	未知飞键、非音码或读音集合未覆盖；不猜测
鲸凉鹤1.1手心挂接.txt	平布	pxbu	pxbu	未知飞键、非音码或读音集合未覆盖；不猜测
鲸凉鹤1.1手心挂接.txt	平辈	pxbw	pxbw	未知飞键、非音码或读音集合未覆盖；不猜测
鲸凉鹤1.1手心挂接.txt	㵗㶔	pxbw	pxbw	未知飞键、非音码或读音集合未覆盖；不猜测
鲸凉鹤1.1手心挂接.txt	平槽	pxcc	pxcc	未知飞键、非音码或读音集合未覆盖；不猜测
鲸凉鹤1.1手心挂接.txt	评测	pxce	pxce	未知飞键、非音码或读音集合未覆盖；不猜测
鲸凉鹤1.1手心挂接.txt	平层	pxcg	pxcg	未知飞键、非音码或读音集合未覆盖；不猜测
鲸凉鹤1.1手心挂接.txt	平仓	pxch	pxch	未知飞键、非音码或读音集合未覆盖；不猜测
鲸凉鹤1.1手心挂接.txt	凭此	pxci	pxci	未知飞键、非音码或读音集合未覆盖；不猜测
鲸凉鹤1.1手心挂接.txt	平次	pxci	pxci	未知飞键、非音码或读音集合未覆盖；不猜测
鲸凉鹤1.1手心挂接.txt	评残	pxcj	pxcj	未知飞键、非音码或读音集合未覆盖；不猜测
鲸凉鹤1.1手心挂接.txt	平措	pxco	pxco	未知飞键、非音码或读音集合未覆盖；不猜测
鲸凉鹤1.1手心挂接.txt	坪村	pxcy	pxcy	未知飞键、非音码或读音集合未覆盖；不猜测
鲸凉鹤1.1手心挂接.txt	屏大	pxda	pxda	未知飞键、非音码或读音集合未覆盖；不猜测
鲸凉鹤1.1手心挂接.txt	平道	pxdc	pxdc	未知飞键、非音码或读音集合未覆盖；不猜测
鲸凉鹤1.1手心挂接.txt	平带	pxdd	pxdd	未知飞键、非音码或读音集合未覆盖；不猜测
鲸凉鹤1.1手心挂接.txt	平等	pxdg	pxdg	未知飞键、非音码或读音集合未覆盖；不猜测
鲸凉鹤1.1手心挂接.txt	平地	pxdi	pxdi	未知飞键、非音码或读音集合未覆盖；不猜测
鲸凉鹤1.1手心挂接.txt	平底	pxdi	pxdi	未知飞键、非音码或读音集合未覆盖；不猜测
鲸凉鹤1.1手心挂接.txt	瓶底	pxdi	pxdi	未知飞键、非音码或读音集合未覆盖；不猜测
鲸凉鹤1.1手心挂接.txt	平淡	pxdj	pxdj	未知飞键、非音码或读音集合未覆盖；不猜测
鲸凉鹤1.1手心挂接.txt	凭单	pxdj	pxdj	未知飞键、非音码或读音集合未覆盖；不猜测
鲸凉鹤1.1手心挂接.txt	瓶胆	pxdj	pxdj	未知飞键、非音码或读音集合未覆盖；不猜测
鲸凉鹤1.1手心挂接.txt	评定	pxdk	pxdk	未知飞键、非音码或读音集合未覆盖；不猜测
鲸凉鹤1.1手心挂接.txt	平定	pxdk	pxdk	未知飞键、非音码或读音集合未覆盖；不猜测
鲸凉鹤1.1手心挂接.txt	平顶	pxdk	pxdk	未知飞键、非音码或读音集合未覆盖；不猜测
鲸凉鹤1.1手心挂接.txt	平道	pxdl	pxdl	未知飞键、非音码或读音集合未覆盖；不猜测
鲸凉鹤1.1手心挂接.txt	评点	pxdm	pxdm	未知飞键、非音码或读音集合未覆盖；不猜测
鲸凉鹤1.1手心挂接.txt	凭吊	pxdn	pxdn	未知飞键、非音码或读音集合未覆盖；不猜测
鲸凉鹤1.1手心挂接.txt	评断	pxdr	pxdr	未知飞键、非音码或读音集合未覆盖；不猜测
鲸凉鹤1.1手心挂接.txt	屏东	pxds	pxds	未知飞键、非音码或读音集合未覆盖；不猜测
鲸凉鹤1.1手心挂接.txt	平度	pxdu	pxdu	未知飞键、非音码或读音集合未覆盖；不猜测
鲸凉鹤1.1手心挂接.txt	萍儿	pxer	pxer	未知飞键、非音码或读音集合未覆盖；不猜测
鲸凉鹤1.1手心挂接.txt	平法	pxfa	pxfa	未知飞键、非音码或读音集合未覆盖；不猜测
鲸凉鹤1.1手心挂接.txt	评分	pxff	pxff	未知飞键、非音码或读音集合未覆盖；不猜测
鲸凉鹤1.1手心挂接.txt	平分	pxff	pxff	未知飞键、非音码或读音集合未覆盖；不猜测
鲸凉鹤1.1手心挂接.txt	屏风	pxfg	pxfg	未知飞键、非音码或读音集合未覆盖；不猜测
鲸凉鹤1.1手心挂接.txt	平方	pxfh	pxfh	未知飞键、非音码或读音集合未覆盖；不猜测
鲸凉鹤1.1手心挂接.txt	平房	pxfh	pxfh	未知飞键、非音码或读音集合未覆盖；不猜测
鲸凉鹤1.1手心挂接.txt	平放	pxfh	pxfh	未知飞键、非音码或读音集合未覆盖；不猜测
鲸凉鹤1.1手心挂接.txt	平凡	pxfj	pxfj	未知飞键、非音码或读音集合未覆盖；不猜测
鲸凉鹤1.1手心挂接.txt	平反	pxfj	pxfj	未知飞键、非音码或读音集合未覆盖；不猜测
鲸凉鹤1.1手心挂接.txt	平复	pxfu	pxfu	未知飞键、非音码或读音集合未覆盖；不猜测
鲸凉鹤1.1手心挂接.txt	平伏	pxfu	pxfu	未知飞键、非音码或读音集合未覆盖；不猜测
鲸凉鹤1.1手心挂接.txt	平抚	pxfu	pxfu	未知飞键、非音码或读音集合未覆盖；不猜测
鲸凉鹤1.1手心挂接.txt	平飞	pxfw	pxfw	未知飞键、非音码或读音集合未覆盖；不猜测
鲸凉鹤1.1手心挂接.txt	平高	pxgc	pxgc	未知飞键、非音码或读音集合未覆盖；不猜测
鲸凉鹤1.1手心挂接.txt	瓶盖	pxgd	pxgd	未知飞键、非音码或读音集合未覆盖；不猜测
鲸凉鹤1.1手心挂接.txt	评改	pxgd	pxgd	未知飞键、非音码或读音集合未覆盖；不猜测
鲸凉鹤1.1手心挂接.txt	平跟	pxgf	pxgf	未知飞键、非音码或读音集合未覆盖；不猜测
鲸凉鹤1.1手心挂接.txt	平柜	pxgi	pxgi	未知飞键、非音码或读音集合未覆盖；不猜测
鲸凉鹤1.1手心挂接.txt	平肝	pxgj	pxgj	未知飞键、非音码或读音集合未覆盖；不猜测
鲸凉鹤1.1手心挂接.txt	平光	pxgl	pxgl	未知飞键、非音码或读音集合未覆盖；不猜测
鲸凉鹤1.1手心挂接.txt	苹果	pxgo	pxgo	未知飞键、非音码或读音集合未覆盖；不猜测
鲸凉鹤1.1手心挂接.txt	瓶罐	pxgp	pxgp	未知飞键、非音码或读音集合未覆盖；不猜测
鲸凉鹤1.1手心挂接.txt	瓶罐	pxgr	pxgr	未知飞键、非音码或读音集合未覆盖；不猜测
鲸凉鹤1.1手心挂接.txt	评功	pxgs	pxgs	未知飞键、非音码或读音集合未覆盖；不猜测
鲸凉鹤1.1手心挂接.txt	评估	pxgu	pxgu	未知飞键、非音码或读音集合未覆盖；不猜测
鲸凉鹤1.1手心挂接.txt	平柜	pxgv	pxgv	未知飞键、非音码或读音集合未覆盖；不猜测
鲸凉鹤1.1手心挂接.txt	平海	pxhd	pxhd	未知飞键、非音码或读音集合未覆盖；不猜测
鲸凉鹤1.1手心挂接.txt	平和	pxhe	pxhe	未知飞键、非音码或读音集合未覆盖；不猜测
鲸凉鹤1.1手心挂接.txt	平衡	pxhg	pxhg	未知飞键、非音码或读音集合未覆盖；不猜测
鲸凉鹤1.1手心挂接.txt	平航	pxhh	pxhh	未知飞键、非音码或读音集合未覆盖；不猜测
鲸凉鹤1.1手心挂接.txt	平焊	pxhj	pxhj	未知飞键、非音码或读音集合未覆盖；不猜测
鲸凉鹤1.1手心挂接.txt	平活	pxho	pxho	未知飞键、非音码或读音集合未覆盖；不猜测
鲸凉鹤1.1手心挂接.txt	平缓	pxhr	pxhr	未知飞键、非音码或读音集合未覆盖；不猜测
鲸凉鹤1.1手心挂接.txt	平湖	pxhu	pxhu	未知飞键、非音码或读音集合未覆盖；不猜测
鲸凉鹤1.1手心挂接.txt	平会	pxhv	pxhv	未知飞键、非音码或读音集合未覆盖；不猜测
鲸凉鹤1.1手心挂接.txt	平滑	pxhx	pxhx	未知飞键、非音码或读音集合未覆盖；不猜测
鲸凉鹤1.1手心挂接.txt	评查	pxia	pxia	未知飞键、非音码或读音集合未覆盖；不猜测
鲸凉鹤1.1手心挂接.txt	平潮	pxic	pxic	未知飞键、非音码或读音集合未覆盖；不猜测
鲸凉鹤1.1手心挂接.txt	平车	pxie	pxie	未知飞键、非音码或读音集合未覆盖；不猜测
鲸凉鹤1.1手心挂接.txt	平成	pxig	pxig	未知飞键、非音码或读音集合未覆盖；不猜测
鲸凉鹤1.1手心挂接.txt	平常	pxih	pxih	未知飞键、非音码或读音集合未覆盖；不猜测
鲸凉鹤1.1手心挂接.txt	评唱	pxih	pxih	未知飞键、非音码或读音集合未覆盖；不猜测
鲸凉鹤1.1手心挂接.txt	平尺	pxii	pxii	未知飞键、非音码或读音集合未覆盖；不猜测
鲸凉鹤1.1手心挂接.txt	平产	pxij	pxij	未知飞键、非音码或读音集合未覆盖；不猜测
鲸凉鹤1.1手心挂接.txt	平川	pxir	pxir	未知飞键、非音码或读音集合未覆盖；不猜测
鲸凉鹤1.1手心挂接.txt	评出	pxiu	pxiu	未知飞键、非音码或读音集合未覆盖；不猜测
鲸凉鹤1.1手心挂接.txt	平畴	pxiz	pxiz	未知飞键、非音码或读音集合未覆盖；不猜测
鲸凉鹤1.1手心挂接.txt	平津	pxjb	pxjb	未知飞键、非音码或读音集合未覆盖；不猜测
鲸凉鹤1.1手心挂接.txt	评级	pxji	pxji	未知飞键、非音码或读音集合未覆盖；不猜测
鲸凉鹤1.1手心挂接.txt	平级	pxji	pxji	未知飞键、非音码或读音集合未覆盖；不猜测
鲸凉鹤1.1手心挂接.txt	凭籍	pxji	pxji	未知飞键、非音码或读音集合未覆盖；不猜测
鲸凉鹤1.1手心挂接.txt	平静	pxjk	pxjk	未知飞键、非音码或读音集合未覆盖；不猜测
鲸凉鹤1.1手心挂接.txt	瓶颈	pxjk	pxjk	未知飞键、非音码或读音集合未覆盖；不猜测
鲸凉鹤1.1手心挂接.txt	评奖	pxjl	pxjl	未知飞键、非音码或读音集合未覆盖；不猜测
鲸凉鹤1.1手心挂接.txt	评鉴	pxjm	pxjm	未知飞键、非音码或读音集合未覆盖；不猜测
鲸凉鹤1.1手心挂接.txt	平键	pxjm	pxjm	未知飞键、非音码或读音集合未覆盖；不猜测
鲸凉鹤1.1手心挂接.txt	平角	pxjn	pxjn	未知飞键、非音码或读音集合未覆盖；不猜测
鲸凉鹤1.1手心挂接.txt	评教	pxjn	pxjn	未知飞键、非音码或读音集合未覆盖；不猜测
鲸凉鹤1.1手心挂接.txt	平交	pxjn	pxjn	未知飞键、非音码或读音集合未覆盖；不猜测
鲸凉鹤1.1手心挂接.txt	凭借	pxjp	pxjp	未知飞键、非音码或读音集合未覆盖；不猜测
鲸凉鹤1.1手心挂接.txt	瓶酒	pxjq	pxjq	未知飞键、非音码或读音集合未覆盖；不猜测
鲸凉鹤1.1手心挂接.txt	评卷	pxjr	pxjr	未知飞键、非音码或读音集合未覆盖；不猜测
鲸凉鹤1.1手心挂接.txt	萍爵	pxjt	pxjt	未知飞键、非音码或读音集合未覆盖；不猜测
鲸凉鹤1.1手心挂接.txt	平局	pxju	pxju	未知飞键、非音码或读音集合未覆盖；不猜测
鲸凉鹤1.1手心挂接.txt	凭据	pxju	pxju	未知飞键、非音码或读音集合未覆盖；不猜测
鲸凉鹤1.1手心挂接.txt	评剧	pxju	pxju	未知飞键、非音码或读音集合未覆盖；不猜测
鲸凉鹤1.1手心挂接.txt	评价	pxjx	pxjx	未知飞键、非音码或读音集合未覆盖；不猜测
鲸凉鹤1.1手心挂接.txt	平价	pxjx	pxjx	未知飞键、非音码或读音集合未覆盖；不猜测
鲸凉鹤1.1手心挂接.txt	平均	pxjy	pxjy	未知飞键、非音码或读音集合未覆盖；不猜测
鲸凉鹤1.1手心挂接.txt	评鉴	pxjz	pxjz	未知飞键、非音码或读音集合未覆盖；不猜测
鲸凉鹤1.1手心挂接.txt	平键	pxjz	pxjz	未知飞键、非音码或读音集合未覆盖；不猜测
鲸凉鹤1.1手心挂接.txt	凭靠	pxkc	pxkc	未知飞键、非音码或读音集合未覆盖；不猜测
鲸凉鹤1.1手心挂接.txt	平开	pxkd	pxkd	未知飞键、非音码或读音集合未覆盖；不猜测
鲸凉鹤1.1手心挂接.txt	评课	pxke	pxke	未知飞键、非音码或读音集合未覆盖；不猜测
鲸凉鹤1.1手心挂接.txt	平康	pxkh	pxkh	未知飞键、非音码或读音集合未覆盖；不猜测
鲸凉鹤1.1手心挂接.txt	平砍	pxkj	pxkj	未知飞键、非音码或读音集合未覆盖；不猜测
鲸凉鹤1.1手心挂接.txt	平旷	pxkl	pxkl	未知飞键、非音码或读音集合未覆盖；不猜测
鲸凉鹤1.1手心挂接.txt	平阔	pxko	pxko	未知飞键、非音码或读音集合未覆盖；不猜测
鲸凉鹤1.1手心挂接.txt	凭空	pxks	pxks	未知飞键、非音码或读音集合未覆盖；不猜测
鲸凉鹤1.1手心挂接.txt	平库	pxku	pxku	未知飞键、非音码或读音集合未覆盖；不猜测
鲸凉鹤1.1手心挂接.txt	瓶口	pxkz	pxkz	未知飞键、非音码或读音集合未覆盖；不猜测
鲸凉鹤1.1手心挂接.txt	平林	pxlb	pxlb	未知飞键、非音码或读音集合未覆盖；不猜测
鲸凉鹤1.1手心挂接.txt	平乐	pxle	pxle	未知飞键、非音码或读音集合未覆盖；不猜测
鲸凉鹤1.1手心挂接.txt	平列	pxlf	pxlf	未知飞键、非音码或读音集合未覆盖；不猜测
鲸凉鹤1.1手心挂接.txt	平冷	pxlg	pxlg	未知飞键、非音码或读音集合未覆盖；不猜测
鲸凉鹤1.1手心挂接.txt	评理	pxli	pxli	未知飞键、非音码或读音集合未覆盖；不猜测
鲸凉鹤1.1手心挂接.txt	瓶里	pxli	pxli	未知飞键、非音码或读音集合未覆盖；不猜测
鲸凉鹤1.1手心挂接.txt	凭栏	pxlj	pxlj	未知飞键、非音码或读音集合未覆盖；不猜测
鲸凉鹤1.1手心挂接.txt	凭阑	pxlj	pxlj	未知飞键、非音码或读音集合未覆盖；不猜测
鲸凉鹤1.1手心挂接.txt	平陵	pxlk	pxlk	未知飞键、非音码或读音集合未覆盖；不猜测
鲸凉鹤1.1手心挂接.txt	平凉	pxll	pxll	未知飞键、非音码或读音集合未覆盖；不猜测
鲸凉鹤1.1手心挂接.txt	乒联	pxlm	pxlm	未知飞键、非音码或读音集合未覆盖；不猜测
鲸凉鹤1.1手心挂接.txt	平罗	pxlo	pxlo	未知飞键、非音码或读音集合未覆盖；不猜测
鲸凉鹤1.1手心挂接.txt	平列	pxlp	pxlp	未知飞键、非音码或读音集合未覆盖；不猜测
鲸凉鹤1.1手心挂接.txt	平流	pxlq	pxlq	未知飞键、非音码或读音集合未覆盖；不猜测
鲸凉鹤1.1手心挂接.txt	平乱	pxlr	pxlr	未知飞键、非音码或读音集合未覆盖；不猜测
鲸凉鹤1.1手心挂接.txt	平路	pxlu	pxlu	未知飞键、非音码或读音集合未覆盖；不猜测
鲸凉鹤1.1手心挂接.txt	评论	pxly	pxly	未知飞键、非音码或读音集合未覆盖；不猜测
鲸凉鹤1.1手心挂接.txt	平码	pxma	pxma	未知飞键、非音码或读音集合未覆盖；不猜测
鲸凉鹤1.1手心挂接.txt	平民	pxmb	pxmb	未知飞键、非音码或读音集合未覆盖；不猜测
鲸凉鹤1.1手心挂接.txt	平门	pxmf	pxmf	未知飞键、非音码或读音集合未覆盖；不猜测
鲸凉鹤1.1手心挂接.txt	帡幪	pxmg	pxmg	未知飞键、非音码或读音集合未覆盖；不猜测
鲸凉鹤1.1手心挂接.txt	平米	pxmi	pxmi	未知飞键、非音码或读音集合未覆盖；不猜测
鲸凉鹤1.1手心挂接.txt	平明	pxmk	pxmk	未知飞键、非音码或读音集合未覆盖；不猜测
鲸凉鹤1.1手心挂接.txt	平面	pxmm	pxmm	未知飞键、非音码或读音集合未覆盖；不猜测
鲸凉鹤1.1手心挂接.txt	平魔	pxmo	pxmo	未知飞键、非音码或读音集合未覆盖；不猜测
鲸凉鹤1.1手心挂接.txt	屏幕	pxmu	pxmu	未知飞键、非音码或读音集合未覆盖；不猜测
鲸凉鹤1.1手心挂接.txt	平煤	pxmw	pxmw	未知飞键、非音码或读音集合未覆盖；不猜测
鲸凉鹤1.1手心挂接.txt	屏幕	pxmx	pxmx	未知飞键、非音码或读音集合未覆盖；不猜测
鲸凉鹤1.1手心挂接.txt	凭你	pxni	pxni	未知飞键、非音码或读音集合未覆盖；不猜测
鲸凉鹤1.1手心挂接.txt	平南	pxnj	pxnj	未知飞键、非音码或读音集合未覆盖；不猜测
鲸凉鹤1.1手心挂接.txt	平年	pxnm	pxnm	未知飞键、非音码或读音集合未覆盖；不猜测
鲸凉鹤1.1手心挂接.txt	瓶内	pxnw	pxnw	未知飞键、非音码或读音集合未覆盖；不猜测
鲸凉鹤1.1手心挂接.txt	平南	pxnz	pxnz	未知飞键、非音码或读音集合未覆盖；不猜测
鲸凉鹤1.1手心挂接.txt	评聘	pxpb	pxpb	未知飞键、非音码或读音集合未覆盖；不猜测
鲸凉鹤1.1手心挂接.txt	平抛	pxpc	pxpc	未知飞键、非音码或读音集合未覆盖；不猜测
鲸凉鹤1.1手心挂接.txt	平拍	pxpd	pxpd	未知飞键、非音码或读音集合未覆盖；不猜测
鲸凉鹤1.1手心挂接.txt	瓶坯	pxpe	pxpe	未知飞键、非音码或读音集合未覆盖；不猜测
鲸凉鹤1.1手心挂接.txt	乒乓	pxph	pxph	未知飞键、非音码或读音集合未覆盖；不猜测
鲸凉鹤1.1手心挂接.txt	瓶坯	pxpi	pxpi	未知飞键、非音码或读音集合未覆盖；不猜测
鲸凉鹤1.1手心挂接.txt	评判	pxpj	pxpj	未知飞键、非音码或读音集合未覆盖；不猜测
鲸凉鹤1.1手心挂接.txt	平叛	pxpj	pxpj	未知飞键、非音码或读音集合未覆盖；不猜测
鲸凉鹤1.1手心挂接.txt	平盘	pxpj	pxpj	未知飞键、非音码或读音集合未覆盖；不猜测
鲸凉鹤1.1手心挂接.txt	平片	pxpm	pxpm	未知飞键、非音码或读音集合未覆盖；不猜测
鲸凉鹤1.1手心挂接.txt	凭票	pxpn	pxpn	未知飞键、非音码或读音集合未覆盖；不猜测
鲸凉鹤1.1手心挂接.txt	平坡	pxpo	pxpo	未知飞键、非音码或读音集合未覆盖；不猜测
鲸凉鹤1.1手心挂接.txt	平坡	pxps	pxps	未知飞键、非音码或读音集合未覆盖；不猜测
鲸凉鹤1.1手心挂接.txt	平铺	pxpu	pxpu	未知飞键、非音码或读音集合未覆盖；不猜测
鲸凉鹤1.1手心挂接.txt	瓶胚	pxpw	pxpw	未知飞键、非音码或读音集合未覆盖；不猜测
鲸凉鹤1.1手心挂接.txt	平平	pxpx	pxpx	未知飞键、非音码或读音集合未覆盖；不猜测
鲸凉鹤1.1手心挂接.txt	萍萍	pxpx	pxpx	未知飞键、非音码或读音集合未覆盖；不猜测
鲸凉鹤1.1手心挂接.txt	评评	pxpx	pxpx	未知飞键、非音码或读音集合未覆盖；不猜测
鲸凉鹤1.1手心挂接.txt	娉娉	pxpx	pxpx	未知飞键、非音码或读音集合未覆盖；不猜测
鲸凉鹤1.1手心挂接.txt	平齐	pxqi	pxqi	未知飞键、非音码或读音集合未覆盖；不猜测
鲸凉鹤1.1手心挂接.txt	瓶签	pxqm	pxqm	未知飞键、非音码或读音集合未覆盖；不猜测
鲸凉鹤1.1手心挂接.txt	平桥	pxqn	pxqn	未知飞键、非音码或读音集合未覆盖；不猜测
鲸凉鹤1.1手心挂接.txt	平球	pxqq	pxqq	未知飞键、非音码或读音集合未覆盖；不猜测
鲸凉鹤1.1手心挂接.txt	评球	pxqq	pxqq	未知飞键、非音码或读音集合未覆盖；不猜测
鲸凉鹤1.1手心挂接.txt	平权	pxqr	pxqr	未知飞键、非音码或读音集合未覆盖；不猜测
鲸凉鹤1.1手心挂接.txt	凭券	pxqr	pxqr	未知飞键、非音码或读音集合未覆盖；不猜测
鲸凉鹤1.1手心挂接.txt	平壤	pxrh	pxrh	未知飞键、非音码或读音集合未覆盖；不猜测
鲸凉鹤1.1手心挂接.txt	平日	pxri	pxri	未知飞键、非音码或读音集合未覆盖；不猜测
鲸凉鹤1.1手心挂接.txt	平绒	pxrs	pxrs	未知飞键、非音码或读音集合未覆盖；不猜测
鲸凉鹤1.1手心挂接.txt	平乳	pxru	pxru	未知飞键、非音码或读音集合未覆盖；不猜测
鲸凉鹤1.1手心挂接.txt	平汝	pxru	pxru	未知飞键、非音码或读音集合未覆盖；不猜测
鲸凉鹤1.1手心挂接.txt	平扫	pxsc	pxsc	未知飞键、非音码或读音集合未覆盖；不猜测
鲸凉鹤1.1手心挂接.txt	瓶塞	pxsd	pxsd	未知飞键、非音码或读音集合未覆盖；不猜测
鲸凉鹤1.1手心挂接.txt	平四	pxsi	pxsi	未知飞键、非音码或读音集合未覆盖；不猜测
鲸凉鹤1.1手心挂接.txt	屏锁	pxso	pxso	未知飞键、非音码或读音集合未覆盖；不猜测
鲸凉鹤1.1手心挂接.txt	平素	pxsu	pxsu	未知飞键、非音码或读音集合未覆盖；不猜测
鲸凉鹤1.1手心挂接.txt	屏碎	pxsv	pxsv	未知飞键、非音码或读音集合未覆盖；不猜测
鲸凉鹤1.1手心挂接.txt	凭他	pxta	pxta	未知飞键、非音码或读音集合未覆盖；不猜测
鲸凉鹤1.1手心挂接.txt	平涛	pxtc	pxtc	未知飞键、非音码或读音集合未覆盖；不猜测
鲸凉鹤1.1手心挂接.txt	平台	pxtd	pxtd	未知飞键、非音码或读音集合未覆盖；不猜测
鲸凉鹤1.1手心挂接.txt	平特	pxte	pxte	未知飞键、非音码或读音集合未覆盖；不猜测
鲸凉鹤1.1手心挂接.txt	平躺	pxth	pxth	未知飞键、非音码或读音集合未覆盖；不猜测
鲸凉鹤1.1手心挂接.txt	平替	pxti	pxti	未知飞键、非音码或读音集合未覆盖；不猜测
鲸凉鹤1.1手心挂接.txt	瓶体	pxti	pxti	未知飞键、非音码或读音集合未覆盖；不猜测
鲸凉鹤1.1手心挂接.txt	平坦	pxtj	pxtj	未知飞键、非音码或读音集合未覆盖；不猜测
鲸凉鹤1.1手心挂接.txt	平摊	pxtj	pxtj	未知飞键、非音码或读音集合未覆盖；不猜测
鲸凉鹤1.1手心挂接.txt	娉婷	pxtk	pxtk	未知飞键、非音码或读音集合未覆盖；不猜测
鲸凉鹤1.1手心挂接.txt	平推	pxtl	pxtl	未知飞键、非音码或读音集合未覆盖；不猜测
鲸凉鹤1.1手心挂接.txt	平添	pxtm	pxtm	未知飞键、非音码或读音集合未覆盖；不猜测
鲸凉鹤1.1手心挂接.txt	凭添	pxtm	pxtm	未知飞键、非音码或读音集合未覆盖；不猜测
鲸凉鹤1.1手心挂接.txt	凭条	pxtn	pxtn	未知飞键、非音码或读音集合未覆盖；不猜测
鲸凉鹤1.1手心挂接.txt	平拖	pxto	pxto	未知飞键、非音码或读音集合未覆盖；不猜测
鲸凉鹤1.1手心挂接.txt	平通	pxts	pxts	未知飞键、非音码或读音集合未覆盖；不猜测
鲸凉鹤1.1手心挂接.txt	平涂	pxtu	pxtu	未知飞键、非音码或读音集合未覆盖；不猜测
鲸凉鹤1.1手心挂接.txt	平推	pxtv	pxtv	未知飞键、非音码或读音集合未覆盖；不猜测
鲸凉鹤1.1手心挂接.txt	平头	pxtz	pxtz	未知飞键、非音码或读音集合未覆盖；不猜测
鲸凉鹤1.1手心挂接.txt	凭啥	pxua	pxua	未知飞键、非音码或读音集合未覆盖；不猜测
鲸凉鹤1.1手心挂接.txt	平舌	pxue	pxue	未知飞键、非音码或读音集合未覆盖；不猜测
鲸凉鹤1.1手心挂接.txt	平射	pxue	pxue	未知飞键、非音码或读音集合未覆盖；不猜测
鲸凉鹤1.1手心挂接.txt	屏摄	pxue	pxue	未知飞键、非音码或读音集合未覆盖；不猜测
鲸凉鹤1.1手心挂接.txt	评审	pxuf	pxuf	未知飞键、非音码或读音集合未覆盖；不猜测
鲸凉鹤1.1手心挂接.txt	平身	pxuf	pxuf	未知飞键、非音码或读音集合未覆盖；不猜测
鲸凉鹤1.1手心挂接.txt	瓶身	pxuf	pxuf	未知飞键、非音码或读音集合未覆盖；不猜测
鲸凉鹤1.1手心挂接.txt	平生	pxug	pxug	未知飞键、非音码或读音集合未覆盖；不猜测
鲸凉鹤1.1手心挂接.txt	平声	pxug	pxug	未知飞键、非音码或读音集合未覆盖；不猜测
鲸凉鹤1.1手心挂接.txt	评上	pxuh	pxuh	未知飞键、非音码或读音集合未覆盖；不猜测
鲸凉鹤1.1手心挂接.txt	平时	pxui	pxui	未知飞键、非音码或读音集合未覆盖；不猜测
鲸凉鹤1.1手心挂接.txt	平视	pxui	pxui	未知飞键、非音码或读音集合未覆盖；不猜测
鲸凉鹤1.1手心挂接.txt	平实	pxui	pxui	未知飞键、非音码或读音集合未覆盖；不猜测
鲸凉鹤1.1手心挂接.txt	坪山	pxuj	pxuj	未知飞键、非音码或读音集合未覆盖；不猜测
鲸凉鹤1.1手心挂接.txt	评说	pxuo	pxuo	未知飞键、非音码或读音集合未覆盖；不猜测
鲸凉鹤1.1手心挂接.txt	坪山	pxus	pxus	未知飞键、非音码或读音集合未覆盖；不猜测
鲸凉鹤1.1手心挂接.txt	评述	pxuu	pxuu	未知飞键、非音码或读音集合未覆盖；不猜测
鲸凉鹤1.1手心挂接.txt	评书	pxuu	pxuu	未知飞键、非音码或读音集合未覆盖；不猜测
鲸凉鹤1.1手心挂接.txt	瓶水	pxuv	pxuv	未知飞键、非音码或读音集合未覆盖；不猜测
鲸凉鹤1.1手心挂接.txt	萍水	pxuv	pxuv	未知飞键、非音码或读音集合未覆盖；不猜测
鲸凉鹤1.1手心挂接.txt	凭谁	pxuw	pxuw	未知飞键、非音码或读音集合未覆盖；不猜测
鲸凉鹤1.1手心挂接.txt	平刷	pxux	pxux	未知飞键、非音码或读音集合未覆盖；不猜测
鲸凉鹤1.1手心挂接.txt	平顺	pxuy	pxuy	未知飞键、非音码或读音集合未覆盖；不猜测
鲸凉鹤1.1手心挂接.txt	平手	pxuz	pxuz	未知飞键、非音码或读音集合未覆盖；不猜测
鲸凉鹤1.1手心挂接.txt	凭照	pxvc	pxvc	未知飞键、非音码或读音集合未覆盖；不猜测
鲸凉鹤1.1手心挂接.txt	平寨	pxvd	pxvd	未知飞键、非音码或读音集合未覆盖；不猜测
鲸凉鹤1.1手心挂接.txt	凭着	pxve	pxve	未知飞键、非音码或读音集合未覆盖；不猜测
鲸凉鹤1.1手心挂接.txt	平针	pxvf	pxvf	未知飞键、非音码或读音集合未覆盖；不猜测
鲸凉鹤1.1手心挂接.txt	平整	pxvg	pxvg	未知飞键、非音码或读音集合未覆盖；不猜测
鲸凉鹤1.1手心挂接.txt	凭证	pxvg	pxvg	未知飞键、非音码或读音集合未覆盖；不猜测
鲸凉鹤1.1手心挂接.txt	屏障	pxvh	pxvh	未知飞键、非音码或读音集合未覆盖；不猜测
鲸凉鹤1.1手心挂接.txt	凭仗	pxvh	pxvh	未知飞键、非音码或读音集合未覆盖；不猜测
鲸凉鹤1.1手心挂接.txt	平账	pxvh	pxvh	未知飞键、非音码或读音集合未覆盖；不猜测
鲸凉鹤1.1手心挂接.txt	平直	pxvi	pxvi	未知飞键、非音码或读音集合未覆盖；不猜测
鲸凉鹤1.1手心挂接.txt	评职	pxvi	pxvi	未知飞键、非音码或读音集合未覆盖；不猜测
鲸凉鹤1.1手心挂接.txt	平展	pxvj	pxvj	未知飞键、非音码或读音集合未覆盖；不猜测
鲸凉鹤1.1手心挂接.txt	平整	pxvk	pxvk	未知飞键、非音码或读音集合未覆盖；不猜测
鲸凉鹤1.1手心挂接.txt	凭证	pxvk	pxvk	未知飞键、非音码或读音集合未覆盖；不猜测
鲸凉鹤1.1手心挂接.txt	瓶装	pxvl	pxvl	未知飞键、非音码或读音集合未覆盖；不猜测
鲸凉鹤1.1手心挂接.txt	平装	pxvl	pxvl	未知飞键、非音码或读音集合未覆盖；不猜测
鲸凉鹤1.1手心挂接.txt	评传	pxvr	pxvr	未知飞键、非音码或读音集合未覆盖；不猜测
鲸凉鹤1.1手心挂接.txt	瓶中	pxvs	pxvs	未知飞键、非音码或读音集合未覆盖；不猜测
鲸凉鹤1.1手心挂接.txt	评注	pxvu	pxvu	未知飞键、非音码或读音集合未覆盖；不猜测
鲸凉鹤1.1手心挂接.txt	平准	pxvy	pxvy	未知飞键、非音码或读音集合未覆盖；不猜测
鲸凉鹤1.1手心挂接.txt	平洲	pxvz	pxvz	未知飞键、非音码或读音集合未覆盖；不猜测
鲸凉鹤1.1手心挂接.txt	平稳	pxwf	pxwf	未知飞键、非音码或读音集合未覆盖；不猜测
鲸凉鹤1.1手心挂接.txt	平纹	pxwf	pxwf	未知飞键、非音码或读音集合未覆盖；不猜测
鲸凉鹤1.1手心挂接.txt	平望	pxwh	pxwh	未知飞键、非音码或读音集合未覆盖；不猜测
鲸凉鹤1.1手心挂接.txt	评完	pxwj	pxwj	未知飞键、非音码或读音集合未覆盖；不猜测
鲸凉鹤1.1手心挂接.txt	凭我	pxwo	pxwo	未知飞键、非音码或读音集合未覆盖；不猜测
鲸凉鹤1.1手心挂接.txt	平卧	pxwo	pxwo	未知飞键、非音码或读音集合未覆盖；不猜测
鲸凉鹤1.1手心挂接.txt	平武	pxwu	pxwu	未知飞键、非音码或读音集合未覆盖；不猜测
鲸凉鹤1.1手心挂接.txt	评委	pxww	pxww	未知飞键、非音码或读音集合未覆盖；不猜测
鲸凉鹤1.1手心挂接.txt	评为	pxww	pxww	未知飞键、非音码或读音集合未覆盖；不猜测
鲸凉鹤1.1手心挂接.txt	平心	pxxb	pxxb	未知飞键、非音码或读音集合未覆盖；不猜测
鲸凉鹤1.1手心挂接.txt	平息	pxxi	pxxi	未知飞键、非音码或读音集合未覆盖；不猜测
鲸凉鹤1.1手心挂接.txt	评析	pxxi	pxxi	未知飞键、非音码或读音集合未覆盖；不猜测
鲸凉鹤1.1手心挂接.txt	平行	pxxk	pxxk	未知飞键、非音码或读音集合未覆盖；不猜测
鲸凉鹤1.1手心挂接.txt	萍乡	pxxl	pxxl	未知飞键、非音码或读音集合未覆盖；不猜测
鲸凉鹤1.1手心挂接.txt	评先	pxxm	pxxm	未知飞键、非音码或读音集合未覆盖；不猜测
鲸凉鹤1.1手心挂接.txt	屏显	pxxm	pxxm	未知飞键、非音码或读音集合未覆盖；不猜测
鲸凉鹤1.1手心挂接.txt	凭险	pxxm	pxxm	未知飞键、非音码或读音集合未覆盖；不猜测
鲸凉鹤1.1手心挂接.txt	坪效	pxxn	pxxn	未知飞键、非音码或读音集合未覆盖；不猜测
鲸凉鹤1.1手心挂接.txt	乒协	pxxp	pxxp	未知飞键、非音码或读音集合未覆盖；不猜测
鲸凉鹤1.1手心挂接.txt	瓶邪	pxxp	pxxp	未知飞键、非音码或读音集合未覆盖；不猜测
鲸凉鹤1.1手心挂接.txt	平绣	pxxq	pxxq	未知飞键、非音码或读音集合未覆盖；不猜测
鲸凉鹤1.1手心挂接.txt	评选	pxxr	pxxr	未知飞键、非音码或读音集合未覆盖；不猜测
鲸凉鹤1.1手心挂接.txt	平胸	pxxs	pxxs	未知飞键、非音码或读音集合未覆盖；不猜测
鲸凉鹤1.1手心挂接.txt	评学	pxxt	pxxt	未知飞键、非音码或读音集合未覆盖；不猜测
鲸凉鹤1.1手心挂接.txt	凭虚	pxxu	pxxu	未知飞键、非音码或读音集合未覆盖；不猜测
鲸凉鹤1.1手心挂接.txt	评下	pxxx	pxxx	未知飞键、非音码或读音集合未覆盖；不猜测
鲸凉鹤1.1手心挂接.txt	屏下	pxxx	pxxx	未知飞键、非音码或读音集合未覆盖；不猜测
鲸凉鹤1.1手心挂接.txt	平阴	pxyb	pxyb	未知飞键、非音码或读音集合未覆盖；不猜测
鲸凉鹤1.1手心挂接.txt	平遥	pxyc	pxyc	未知飞键、非音码或读音集合未覆盖；不猜测
鲸凉鹤1.1手心挂接.txt	瓶窑	pxyc	pxyc	未知飞键、非音码或读音集合未覆盖；不猜测
鲸凉鹤1.1手心挂接.txt	平野	pxye	pxye	未知飞键、非音码或读音集合未覆盖；不猜测
鲸凉鹤1.1手心挂接.txt	平衍	pxyf	pxyf	未知飞键、非音码或读音集合未覆盖；不猜测
鲸凉鹤1.1手心挂接.txt	评语	pxyg	pxyg	未知飞键、非音码或读音集合未覆盖；不猜测
鲸凉鹤1.1手心挂接.txt	平阳	pxyh	pxyh	未知飞键、非音码或读音集合未覆盖；不猜测
鲸凉鹤1.1手心挂接.txt	平移	pxyi	pxyi	未知飞键、非音码或读音集合未覆盖；不猜测
鲸凉鹤1.1手心挂接.txt	评议	pxyi	pxyi	未知飞键、非音码或读音集合未覆盖；不猜测
鲸凉鹤1.1手心挂接.txt	平易	pxyi	pxyi	未知飞键、非音码或读音集合未覆盖；不猜测
鲸凉鹤1.1手心挂接.txt	平衍	pxyj	pxyj	未知飞键、非音码或读音集合未覆盖；不猜测
鲸凉鹤1.1手心挂接.txt	平英	pxyk	pxyk	未知飞键、非音码或读音集合未覆盖；不猜测
鲸凉鹤1.1手心挂接.txt	平原	pxyr	pxyr	未知飞键、非音码或读音集合未覆盖；不猜测
鲸凉鹤1.1手心挂接.txt	平远	pxyr	pxyr	未知飞键、非音码或读音集合未覆盖；不猜测
鲸凉鹤1.1手心挂接.txt	平冤	pxyr	pxyr	未知飞键、非音码或读音集合未覆盖；不猜测
鲸凉鹤1.1手心挂接.txt	平庸	pxys	pxys	未知飞键、非音码或读音集合未覆盖；不猜测
鲸凉鹤1.1手心挂接.txt	评阅	pxyt	pxyt	未知飞键、非音码或读音集合未覆盖；不猜测
鲸凉鹤1.1手心挂接.txt	评语	pxyu	pxyu	未知飞键、非音码或读音集合未覆盖；不猜测
鲸凉鹤1.1手心挂接.txt	平云	pxyy	pxyy	未知飞键、非音码或读音集合未覆盖；不猜测
鲸凉鹤1.1手心挂接.txt	评优	pxyz	pxyz	未知飞键、非音码或读音集合未覆盖；不猜测
鲸凉鹤1.1手心挂接.txt	平仄	pxze	pxze	未知飞键、非音码或读音集合未覆盖；不猜测
鲸凉鹤1.1手心挂接.txt	瓶子	pxzi	pxzi	未知飞键、非音码或读音集合未覆盖；不猜测
鲸凉鹤1.1手心挂接.txt	评赞	pxzj	pxzj	未知飞键、非音码或读音集合未覆盖；不猜测
鲸凉鹤1.1手心挂接.txt	平总	pxzs	pxzs	未知飞键、非音码或读音集合未覆盖；不猜测
鲸凉鹤1.1手心挂接.txt	平足	pxzu	pxzu	未知飞键、非音码或读音集合未覆盖；不猜测
鲸凉鹤1.1手心挂接.txt	瓶嘴	pxzv	pxzv	未知飞键、非音码或读音集合未覆盖；不猜测
鲸凉鹤1.1手心挂接.txt	凭嘴	pxzv	pxzv	未知飞键、非音码或读音集合未覆盖；不猜测
鲸凉鹤1.1手心挂接.txt	剖验	pzyf	pzyf	未知飞键、非音码或读音集合未覆盖；不猜测
鲸凉鹤1.1手心挂接.txt	亲到	qbdl	qbdl	未知飞键、非音码或读音集合未覆盖；不猜测
鲸凉鹤1.1手心挂接.txt	擒到	qbdl	qbdl	未知飞键、非音码或读音集合未覆盖；不猜测
鲸凉鹤1.1手心挂接.txt	 耹	qbev	qbev	未知飞键、非音码或读音集合未覆盖；不猜测
鲸凉鹤1.1手心挂接.txt	亲贵	qbgi	qbgi	未知飞键、非音码或读音集合未覆盖；不猜测
鲸凉鹤1.1手心挂接.txt	琴键	qbjz	qbjz	未知飞键、非音码或读音集合未覆盖；不猜测
鲸凉鹤1.1手心挂接.txt	勤俭	qbjz	qbjz	未知飞键、非音码或读音集合未覆盖；不猜测
鲸凉鹤1.1手心挂接.txt	亲见	qbjz	qbjz	未知飞键、非音码或读音集合未覆盖；不猜测
鲸凉鹤1.1手心挂接.txt	蠄蟧	qblc	qblc	未知飞键、非音码或读音集合未覆盖；不猜测
鲸凉鹤1.1手心挂接.txt	秦烈	qblf	qblf	未知飞键、非音码或读音集合未覆盖；不猜测
鲸凉鹤1.1手心挂接.txt	钦慕	qbmx	qbmx	未知飞键、非音码或读音集合未覆盖；不猜测
鲸凉鹤1.1手心挂接.txt	亲母	qbmx	qbmx	未知飞键、非音码或读音集合未覆盖；不猜测
鲸凉鹤1.1手心挂接.txt	秦楠	qbnz	qbnz	未知飞键、非音码或读音集合未覆盖；不猜测
鲸凉鹤1.1手心挂接.txt	秦皮	qbpe	qbpe	未知飞键、非音码或读音集合未覆盖；不猜测
鲸凉鹤1.1手心挂接.txt	亲洽	qbqo	qbqo	未知飞键、非音码或读音集合未覆盖；不猜测
鲸凉鹤1.1手心挂接.txt	蠄蟝	qbqu	qbqu	未知飞键、非音码或读音集合未覆盖；不猜测
鲸凉鹤1.1手心挂接.txt	亲善	qbus	qbus	未知飞键、非音码或读音集合未覆盖；不猜测
鲸凉鹤1.1手心挂接.txt	螓首	qbuz	qbuz	未知飞键、非音码或读音集合未覆盖；不猜测
鲸凉鹤1.1手心挂接.txt	亲政	qbvk	qbvk	未知飞键、非音码或读音集合未覆盖；不猜测
鲸凉鹤1.1手心挂接.txt	勤政	qbvk	qbvk	未知飞键、非音码或读音集合未覆盖；不猜测
鲸凉鹤1.1手心挂接.txt	亲征	qbvk	qbvk	未知飞键、非音码或读音集合未覆盖；不猜测
鲸凉鹤1.1手心挂接.txt	廑注	qbvu	qbvu	未知飞键、非音码或读音集合未覆盖；不猜测
鲸凉鹤1.1手心挂接.txt	勤修	qbxo	qbxo	未知飞键、非音码或读音集合未覆盖；不猜测
鲸凉鹤1.1手心挂接.txt	亲眼	qbyf	qbyf	未知飞键、非音码或读音集合未覆盖；不猜测
鲸凉鹤1.1手心挂接.txt	勤于	qbyg	qbyg	未知飞键、非音码或读音集合未覆盖；不猜测
鲸凉鹤1.1手心挂接.txt	起爆	qebc	qebc	未知飞键、非音码或读音集合未覆盖；不猜测
鲸凉鹤1.1手心挂接.txt	起笔	qebi	qebi	未知飞键、非音码或读音集合未覆盖；不猜测
鲸凉鹤1.1手心挂接.txt	起兵	qebk	qebk	未知飞键、非音码或读音集合未覆盖；不猜测
鲸凉鹤1.1手心挂接.txt	起边	qebm	qebm	未知飞键、非音码或读音集合未覆盖；不猜测
鲸凉鹤1.1手心挂接.txt	起搏	qebo	qebo	未知飞键、非音码或读音集合未覆盖；不猜测
鲸凉鹤1.1手心挂接.txt	起步	qebu	qebu	未知飞键、非音码或读音集合未覆盖；不猜测
鲸凉鹤1.1手心挂接.txt	起草	qecc	qecc	未知飞键、非音码或读音集合未覆盖；不猜测
鲸凉鹤1.1手心挂接.txt	起到	qedc	qedc	未知飞键、非音码或读音集合未覆盖；不猜测
鲸凉鹤1.1手心挂接.txt	起订	qedk	qedk	未知飞键、非音码或读音集合未覆盖；不猜测
鲸凉鹤1.1手心挂接.txt	起点	qedm	qedm	未知飞键、非音码或读音集合未覆盖；不猜测
鲸凉鹤1.1手心挂接.txt	弃掉	qedn	qedn	未知飞键、非音码或读音集合未覆盖；不猜测
鲸凉鹤1.1手心挂接.txt	起吊	qedn	qedn	未知飞键、非音码或读音集合未覆盖；不猜测
鲸凉鹤1.1手心挂接.txt	起痘	qedz	qedz	未知飞键、非音码或读音集合未覆盖；不猜测
鲸凉鹤1.1手心挂接.txt	起风	qefg	qefg	未知飞键、非音码或读音集合未覆盖；不猜测
鲸凉鹤1.1手心挂接.txt	起伏	qefu	qefu	未知飞键、非音码或读音集合未覆盖；不猜测
鲸凉鹤1.1手心挂接.txt	起复	qefu	qefu	未知飞键、非音码或读音集合未覆盖；不猜测
鲸凉鹤1.1手心挂接.txt	起飞	qefw	qefw	未知飞键、非音码或读音集合未覆盖；不猜测
鲸凉鹤1.1手心挂接.txt	起稿	qegc	qegc	未知飞键、非音码或读音集合未覆盖；不猜测
鲸凉鹤1.1手心挂接.txt	起个	qege	qege	未知飞键、非音码或读音集合未覆盖；不猜测
鲸凉鹤1.1手心挂接.txt	起锅	qego	qego	未知飞键、非音码或读音集合未覆盖；不猜测
鲸凉鹤1.1手心挂接.txt	起鼓	qegu	qegu	未知飞键、非音码或读音集合未覆盖；不猜测
鲸凉鹤1.1手心挂接.txt	起卦	qegx	qegx	未知飞键、非音码或读音集合未覆盖；不猜测
鲸凉鹤1.1手心挂接.txt	起好	qehc	qehc	未知飞键、非音码或读音集合未覆盖；不猜测
鲸凉鹤1.1手心挂接.txt	起号	qehc	qehc	未知飞键、非音码或读音集合未覆盖；不猜测
鲸凉鹤1.1手心挂接.txt	起航	qehh	qehh	未知飞键、非音码或读音集合未覆盖；不猜测
鲸凉鹤1.1手心挂接.txt	起火	qeho	qeho	未知飞键、非音码或读音集合未覆盖；不猜测
鲸凉鹤1.1手心挂接.txt	起哄	qehs	qehs	未知飞键、非音码或读音集合未覆盖；不猜测
鲸凉鹤1.1手心挂接.txt	起床	qeil	qeil	未知飞键、非音码或读音集合未覆盖；不猜测
鲸凉鹤1.1手心挂接.txt	起初	qeiu	qeiu	未知飞键、非音码或读音集合未覆盖；不猜测
鲸凉鹤1.1手心挂接.txt	起劲	qejb	qejb	未知飞键、非音码或读音集合未覆盖；不猜测
鲸凉鹤1.1手心挂接.txt	起见	qejm	qejm	未知飞键、非音码或读音集合未覆盖；不猜测
鲸凉鹤1.1手心挂接.txt	起茧	qejm	qejm	未知飞键、非音码或读音集合未覆盖；不猜测
鲸凉鹤1.1手心挂接.txt	起脚	qejn	qejn	未知飞键、非音码或读音集合未覆盖；不猜测
鲸凉鹤1.1手心挂接.txt	起居	qeju	qeju	未知飞键、非音码或读音集合未覆盖；不猜测
鲸凉鹤1.1手心挂接.txt	起家	qejx	qejx	未知飞键、非音码或读音集合未覆盖；不猜测
鲸凉鹤1.1手心挂接.txt	起价	qejx	qejx	未知飞键、非音码或读音集合未覆盖；不猜测
鲸凉鹤1.1手心挂接.txt	起见	qejz	qejz	未知飞键、非音码或读音集合未覆盖；不猜测
鲸凉鹤1.1手心挂接.txt	起茧	qejz	qejz	未知飞键、非音码或读音集合未覆盖；不猜测
鲸凉鹤1.1手心挂接.txt	起开	qekd	qekd	未知飞键、非音码或读音集合未覆盖；不猜测
鲸凉鹤1.1手心挂接.txt	起课	qeke	qeke	未知飞键、非音码或读音集合未覆盖；不猜测
鲸凉鹤1.1手心挂接.txt	起来	qeld	qeld	未知飞键、非音码或读音集合未覆盖；不猜测
鲸凉鹤1.1手心挂接.txt	起了	qele	qele	未知飞键、非音码或读音集合未覆盖；不猜测
鲸凉鹤1.1手心挂接.txt	起立	qeli	qeli	未知飞键、非音码或读音集合未覆盖；不猜测
鲸凉鹤1.1手心挂接.txt	起落	qelo	qelo	未知飞键、非音码或读音集合未覆盖；不猜测
鲸凉鹤1.1手心挂接.txt	起雷	qelw	qelw	未知飞键、非音码或读音集合未覆盖；不猜测
鲸凉鹤1.1手心挂接.txt	起码	qema	qema	未知飞键、非音码或读音集合未覆盖；不猜测
鲸凉鹤1.1手心挂接.txt	起锚	qemc	qemc	未知飞键、非音码或读音集合未覆盖；不猜测
鲸凉鹤1.1手心挂接.txt	起卖	qemd	qemd	未知飞键、非音码或读音集合未覆盖；不猜测
鲸凉鹤1.1手心挂接.txt	起么	qeme	qeme	未知飞键、非音码或读音集合未覆盖；不猜测
鲸凉鹤1.1手心挂接.txt	起猛	qemg	qemg	未知飞键、非音码或读音集合未覆盖；不猜测
鲸凉鹤1.1手心挂接.txt	起名	qemk	qemk	未知飞键、非音码或读音集合未覆盖；不猜测
鲸凉鹤1.1手心挂接.txt	起跑	qepc	qepc	未知飞键、非音码或读音集合未覆盖；不猜测
鲸凉鹤1.1手心挂接.txt	起皮	qepe	qepe	未知飞键、非音码或读音集合未覆盖；不猜测
鲸凉鹤1.1手心挂接.txt	起皮	qepi	qepi	未知飞键、非音码或读音集合未覆盖；不猜测
鲸凉鹤1.1手心挂接.txt	起球	qeqq	qeqq	未知飞键、非音码或读音集合未覆盖；不猜测
鲸凉鹤1.1手心挂接.txt	起色	qese	qese	未知飞键、非音码或读音集合未覆盖；不猜测
鲸凉鹤1.1手心挂接.txt	起司	qesi	qesi	未知飞键、非音码或读音集合未覆盖；不猜测
鲸凉鹤1.1手心挂接.txt	起算	qesr	qesr	未知飞键、非音码或读音集合未覆盖；不猜测
鲸凉鹤1.1手心挂接.txt	起送	qess	qess	未知飞键、非音码或读音集合未覆盖；不猜测
鲸凉鹤1.1手心挂接.txt	起诉	qesu	qesu	未知飞键、非音码或读音集合未覆盖；不猜测
鲸凉鹤1.1手心挂接.txt	起酥	qesu	qesu	未知飞键、非音码或读音集合未覆盖；不猜测
鲸凉鹤1.1手心挂接.txt	起跳	qetn	qetn	未知飞键、非音码或读音集合未覆盖；不猜测
鲸凉鹤1.1手心挂接.txt	起头	qetz	qetz	未知飞键、非音码或读音集合未覆盖；不猜测
鲸凉鹤1.1手心挂接.txt	起身	qeuf	qeuf	未知飞键、非音码或读音集合未覆盖；不猜测
鲸凉鹤1.1手心挂接.txt	起始	qeui	qeui	未知飞键、非音码或读音集合未覆盖；不猜测
鲸凉鹤1.1手心挂接.txt	起手	qeuz	qeuz	未知飞键、非音码或读音集合未覆盖；不猜测
鲸凉鹤1.1手心挂接.txt	起皱	qevz	qevz	未知飞键、非音码或读音集合未覆盖；不猜测
鲸凉鹤1.1手心挂接.txt	起舞	qewu	qewu	未知飞键、非音码或读音集合未覆盖；不猜测
鲸凉鹤1.1手心挂接.txt	起薪	qexb	qexb	未知飞键、非音码或读音集合未覆盖；不猜测
鲸凉鹤1.1手心挂接.txt	起先	qexm	qexm	未知飞键、非音码或读音集合未覆盖；不猜测
鲸凉鹤1.1手心挂接.txt	起效	qexn	qexn	未知飞键、非音码或读音集合未覆盖；不猜测
鲸凉鹤1.1手心挂接.txt	起因	qeyb	qeyb	未知飞键、非音码或读音集合未覆盖；不猜测
鲸凉鹤1.1手心挂接.txt	起印	qeyb	qeyb	未知飞键、非音码或读音集合未覆盖；不猜测
鲸凉鹤1.1手心挂接.txt	起夜	qeye	qeye	未知飞键、非音码或读音集合未覆盖；不猜测
鲸凉鹤1.1手心挂接.txt	起眼	qeyf	qeyf	未知飞键、非音码或读音集合未覆盖；不猜测
鲸凉鹤1.1手心挂接.txt	起义	qeyi	qeyi	未知飞键、非音码或读音集合未覆盖；不猜测
鲸凉鹤1.1手心挂接.txt	起眼	qeyj	qeyj	未知飞键、非音码或读音集合未覆盖；不猜测
鲸凉鹤1.1手心挂接.txt	起源	qeyr	qeyr	未知飞键、非音码或读音集合未覆盖；不猜测
鲸凉鹤1.1手心挂接.txt	起早	qezc	qezc	未知飞键、非音码或读音集合未覆盖；不猜测
鲸凉鹤1.1手心挂接.txt	起赃	qezh	qezh	未知飞键、非音码或读音集合未覆盖；不猜测
鲸凉鹤1.1手心挂接.txt	起坐	qezo	qezo	未知飞键、非音码或读音集合未覆盖；不猜测
鲸凉鹤1.1手心挂接.txt	起钻	qezr	qezr	未知飞键、非音码或读音集合未覆盖；不猜测
鲸凉鹤1.1手心挂接.txt	骑从	qicl	qicl	未知飞键、非音码或读音集合未覆盖；不猜测
鲸凉鹤1.1手心挂接.txt	祈祷	qidl	qidl	未知飞键、非音码或读音集合未覆盖；不猜测
鲸凉鹤1.1手心挂接.txt	起到	qidl	qidl	未知飞键、非音码或读音集合未覆盖；不猜测
鲸凉鹤1.1手心挂接.txt	奇诡	qigi	qigi	未知飞键、非音码或读音集合未覆盖；不猜测
鲸凉鹤1.1手心挂接.txt	气柜	qigi	qigi	未知飞键、非音码或读音集合未覆盖；不猜测
鲸凉鹤1.1手心挂接.txt	芪归	qigi	qigi	未知飞键、非音码或读音集合未覆盖；不猜测
鲸凉鹤1.1手心挂接.txt	器官	qigp	qigp	未知飞键、非音码或读音集合未覆盖；不猜测
鲸凉鹤1.1手心挂接.txt	气管	qigp	qigp	未知飞键、非音码或读音集合未覆盖；不猜测
鲸凉鹤1.1手心挂接.txt	奇观	qigp	qigp	未知飞键、非音码或读音集合未覆盖；不猜测
鲸凉鹤1.1手心挂接.txt	企管	qigp	qigp	未知飞键、非音码或读音集合未覆盖；不猜测
鲸凉鹤1.1手心挂接.txt	气道	qijf	qijf	未知飞键、非音码或读音集合未覆盖；不猜测
鲸凉鹤1.1手心挂接.txt	期间	qijz	qijz	未知飞键、非音码或读音集合未覆盖；不猜测
鲸凉鹤1.1手心挂接.txt	旗舰	qijz	qijz	未知飞键、非音码或读音集合未覆盖；不猜测
鲸凉鹤1.1手心挂接.txt	其间	qijz	qijz	未知飞键、非音码或读音集合未覆盖；不猜测
鲸凉鹤1.1手心挂接.txt	齐肩	qijz	qijz	未知飞键、非音码或读音集合未覆盖；不猜测
鲸凉鹤1.1手心挂接.txt	奇烈	qilf	qilf	未知飞键、非音码或读音集合未覆盖；不猜测
鲸凉鹤1.1手心挂接.txt	其母	qimx	qimx	未知飞键、非音码或读音集合未覆盖；不猜测
鲸凉鹤1.1手心挂接.txt	启幕	qimx	qimx	未知飞键、非音码或读音集合未覆盖；不猜测
鲸凉鹤1.1手心挂接.txt	旗木	qimx	qimx	未知飞键、非音码或读音集合未覆盖；不猜测
鲸凉鹤1.1手心挂接.txt	奇楠	qinz	qinz	未知飞键、非音码或读音集合未覆盖；不猜测
鲸凉鹤1.1手心挂接.txt	起皮	qipe	qipe	未知飞键、非音码或读音集合未覆盖；不猜测
鲸凉鹤1.1手心挂接.txt	漆皮	qipe	qipe	未知飞键、非音码或读音集合未覆盖；不猜测
鲸凉鹤1.1手心挂接.txt	起批	qipe	qipe	未知飞键、非音码或读音集合未覆盖；不猜测
鲸凉鹤1.1手心挂接.txt	气魄	qips	qips	未知飞键、非音码或读音集合未覆盖；不猜测
鲸凉鹤1.1手心挂接.txt	齐平	qipx	qipx	未知飞键、非音码或读音集合未覆盖；不猜测
鲸凉鹤1.1手心挂接.txt	气瓶	qipx	qipx	未知飞键、非音码或读音集合未覆盖；不猜测
鲸凉鹤1.1手心挂接.txt	企退	qitl	qitl	未知飞键、非音码或读音集合未覆盖；不猜测
鲸凉鹤1.1手心挂接.txt	齐整	qivk	qivk	未知飞键、非音码或读音集合未覆盖；不猜测
鲸凉鹤1.1手心挂接.txt	起征	qivk	qivk	未知飞键、非音码或读音集合未覆盖；不猜测
鲸凉鹤1.1手心挂接.txt	汽修	qixo	qixo	未知飞键、非音码或读音集合未覆盖；不猜测
鲸凉鹤1.1手心挂接.txt	奇秀	qixo	qixo	未知飞键、非音码或读音集合未覆盖；不猜测
鲸凉鹤1.1手心挂接.txt	气焰	qiyf	qiyf	未知飞键、非音码或读音集合未覆盖；不猜测
鲸凉鹤1.1手心挂接.txt	起眼	qiyf	qiyf	未知飞键、非音码或读音集合未覆盖；不猜测
鲸凉鹤1.1手心挂接.txt	七言	qiyf	qiyf	未知飞键、非音码或读音集合未覆盖；不猜测
鲸凉鹤1.1手心挂接.txt	其余	qiyg	qiyg	未知飞键、非音码或读音集合未覆盖；不猜测
鲸凉鹤1.1手心挂接.txt	奇遇	qiyg	qiyg	未知飞键、非音码或读音集合未覆盖；不猜测
鲸凉鹤1.1手心挂接.txt	起于	qiyg	qiyg	未知飞键、非音码或读音集合未覆盖；不猜测
鲸凉鹤1.1手心挂接.txt	祈雨	qiyg	qiyg	未知飞键、非音码或读音集合未覆盖；不猜测
鲸凉鹤1.1手心挂接.txt	气宗	qizl	qizl	未知飞键、非音码或读音集合未覆盖；不猜测
鲸凉鹤1.1手心挂接.txt	青葱	qkcl	qkcl	未知飞键、非音码或读音集合未覆盖；不猜测
鲸凉鹤1.1手心挂接.txt	请从	qkcl	qkcl	未知飞键、非音码或读音集合未覆盖；不猜测
鲸凉鹤1.1手心挂接.txt	青岛	qkdl	qkdl	未知飞键、非音码或读音集合未覆盖；不猜测
鲸凉鹤1.1手心挂接.txt	倾倒	qkdl	qkdl	未知飞键、非音码或读音集合未覆盖；不猜测
鲸凉鹤1.1手心挂接.txt	请到	qkdl	qkdl	未知飞键、非音码或读音集合未覆盖；不猜测
鲸凉鹤1.1手心挂接.txt	轻打	qkdw	qkdw	未知飞键、非音码或读音集合未覆盖；不猜测
鲸凉鹤1.1手心挂接.txt	轻轨	qkgi	qkgi	未知飞键、非音码或读音集合未覆盖；不猜测
鲸凉鹤1.1手心挂接.txt	清规	qkgi	qkgi	未知飞键、非音码或读音集合未覆盖；不猜测
鲸凉鹤1.1手心挂接.txt	清官	qkgp	qkgp	未知飞键、非音码或读音集合未覆盖；不猜测
鲸凉鹤1.1手心挂接.txt	情关	qkgp	qkgp	未知飞键、非音码或读音集合未覆盖；不猜测
鲸凉鹤1.1手心挂接.txt	清馆	qkgp	qkgp	未知飞键、非音码或读音集合未覆盖；不猜测
鲸凉鹤1.1手心挂接.txt	青桔	qkju	qkju	未知飞键、非音码或读音集合未覆盖；不猜测
鲸凉鹤1.1手心挂接.txt	请柬	qkjz	qkjz	未知飞键、非音码或读音集合未覆盖；不猜测
鲸凉鹤1.1手心挂接.txt	请见	qkjz	qkjz	未知飞键、非音码或读音集合未覆盖；不猜测
鲸凉鹤1.1手心挂接.txt	謦欬	qkkd	qkkd	未知飞键、非音码或读音集合未覆盖；不猜测
鲸凉鹤1.1手心挂接.txt	清冽	qklf	qklf	未知飞键、非音码或读音集合未覆盖；不猜测
鲸凉鹤1.1手心挂接.txt	清洌	qklf	qklf	未知飞键、非音码或读音集合未覆盖；不猜测
鲸凉鹤1.1手心挂接.txt	腈纶	qkly	qkly	未知飞键、非音码或读音集合未覆盖；不猜测
鲸凉鹤1.1手心挂接.txt	清濛	qkmg	qkmg	未知飞键、非音码或读音集合未覆盖；不猜测
鲸凉鹤1.1手心挂接.txt	轻慢	qkmr	qkmr	未知飞键、非音码或读音集合未覆盖；不猜测
鲸凉鹤1.1手心挂接.txt	情满	qkmr	qkmr	未知飞键、非音码或读音集合未覆盖；不猜测
鲸凉鹤1.1手心挂接.txt	倾慕	qkmx	qkmx	未知飞键、非音码或读音集合未覆盖；不猜测
鲸凉鹤1.1手心挂接.txt	青木	qkmx	qkmx	未知飞键、非音码或读音集合未覆盖；不猜测
鲸凉鹤1.1手心挂接.txt	轻男	qknz	qknz	未知飞键、非音码或读音集合未覆盖；不猜测
鲸凉鹤1.1手心挂接.txt	青皮	qkpe	qkpe	未知飞键、非音码或读音集合未覆盖；不猜测
鲸凉鹤1.1手心挂接.txt	倾圮	qkpe	qkpe	未知飞键、非音码或读音集合未覆盖；不猜测
鲸凉鹤1.1手心挂接.txt	青啤	qkpe	qkpe	未知飞键、非音码或读音集合未覆盖；不猜测
鲸凉鹤1.1手心挂接.txt	青坡	qkps	qkps	未知飞键、非音码或读音集合未覆盖；不猜测
鲸凉鹤1.1手心挂接.txt	轻泼	qkps	qkps	未知飞键、非音码或读音集合未覆盖；不猜测
鲸凉鹤1.1手心挂接.txt	清屏	qkpx	qkpx	未知飞键、非音码或读音集合未覆盖；不猜测
鲸凉鹤1.1手心挂接.txt	清平	qkpx	qkpx	未知飞键、非音码或读音集合未覆盖；不猜测
鲸凉鹤1.1手心挂接.txt	请起	qkqe	qkqe	未知飞键、非音码或读音集合未覆盖；不猜测
鲸凉鹤1.1手心挂接.txt	清退	qktl	qktl	未知飞键、非音码或读音集合未覆盖；不猜测
鲸凉鹤1.1手心挂接.txt	倾颓	qktl	qktl	未知飞键、非音码或读音集合未覆盖；不猜测
鲸凉鹤1.1手心挂接.txt	轻推	qktl	qktl	未知飞键、非音码或读音集合未覆盖；不猜测
鲸凉鹤1.1手心挂接.txt	请退	qktl	qktl	未知飞键、非音码或读音集合未覆盖；不猜测
鲸凉鹤1.1手心挂接.txt	青山	qkus	qkus	未知飞键、非音码或读音集合未覆盖；不猜测
鲸凉鹤1.1手心挂接.txt	青衫	qkus	qkus	未知飞键、非音码或读音集合未覆盖；不猜测
鲸凉鹤1.1手心挂接.txt	清蒸	qkvk	qkvk	未知飞键、非音码或读音集合未覆盖；不猜测
鲸凉鹤1.1手心挂接.txt	清正	qkvk	qkvk	未知飞键、非音码或读音集合未覆盖；不猜测
鲸凉鹤1.1手心挂接.txt	轻症	qkvk	qkvk	未知飞键、非音码或读音集合未覆盖；不猜测
鲸凉鹤1.1手心挂接.txt	倾向	qkxj	qkxj	未知飞键、非音码或读音集合未覆盖；不猜测
鲸凉鹤1.1手心挂接.txt	请向	qkxj	qkxj	未知飞键、非音码或读音集合未覆盖；不猜测
鲸凉鹤1.1手心挂接.txt	清秀	qkxo	qkxo	未知飞键、非音码或读音集合未覆盖；不猜测
鲸凉鹤1.1手心挂接.txt	清修	qkxo	qkxo	未知飞键、非音码或读音集合未覆盖；不猜测
鲸凉鹤1.1手心挂接.txt	青秀	qkxo	qkxo	未知飞键、非音码或读音集合未覆盖；不猜测
鲸凉鹤1.1手心挂接.txt	青烟	qkyf	qkyf	未知飞键、非音码或读音集合未覆盖；不猜测
鲸凉鹤1.1手心挂接.txt	轻烟	qkyf	qkyf	未知飞键、非音码或读音集合未覆盖；不猜测
鲸凉鹤1.1手心挂接.txt	轻言	qkyf	qkyf	未知飞键、非音码或读音集合未覆盖；不猜测
鲸凉鹤1.1手心挂接.txt	青眼	qkyf	qkyf	未知飞键、非音码或读音集合未覆盖；不猜测
鲸凉鹤1.1手心挂接.txt	情欲	qkyg	qkyg	未知飞键、非音码或读音集合未覆盖；不猜测
鲸凉鹤1.1手心挂接.txt	轻语	qkyg	qkyg	未知飞键、非音码或读音集合未覆盖；不猜测
鲸凉鹤1.1手心挂接.txt	清淤	qkyg	qkyg	未知飞键、非音码或读音集合未覆盖；不猜测
鲸凉鹤1.1手心挂接.txt	清誉	qkyg	qkyg	未知飞键、非音码或读音集合未覆盖；不猜测
鲸凉鹤1.1手心挂接.txt	请咱	qkza	qkza	未知飞键、非音码或读音集合未覆盖；不猜测
鲸凉鹤1.1手心挂接.txt	强盗	qldl	qldl	未知飞键、非音码或读音集合未覆盖；不猜测
鲸凉鹤1.1手心挂接.txt	抢到	qldl	qldl	未知飞键、非音码或读音集合未覆盖；不猜测
鲸凉鹤1.1手心挂接.txt	呛到	qldl	qldl	未知飞键、非音码或读音集合未覆盖；不猜测
鲸凉鹤1.1手心挂接.txt	抢道	qldl	qldl	未知飞键、非音码或读音集合未覆盖；不猜测
鲸凉鹤1.1手心挂接.txt	墙柜	qlgi	qlgi	未知飞键、非音码或读音集合未覆盖；不猜测
鲸凉鹤1.1手心挂接.txt	枪管	qlgp	qlgp	未知飞键、非音码或读音集合未覆盖；不猜测
鲸凉鹤1.1手心挂接.txt	强奸	qljz	qljz	未知飞键、非音码或读音集合未覆盖；不猜测
鲸凉鹤1.1手心挂接.txt	强健	qljz	qljz	未知飞键、非音码或读音集合未覆盖；不猜测
鲸凉鹤1.1手心挂接.txt	枪尖	qljz	qljz	未知飞键、非音码或读音集合未覆盖；不猜测
鲸凉鹤1.1手心挂接.txt	强碱	qljz	qljz	未知飞键、非音码或读音集合未覆盖；不猜测
鲸凉鹤1.1手心挂接.txt	强烈	qllf	qllf	未知飞键、非音码或读音集合未覆盖；不猜测
鲸凉鹤1.1手心挂接.txt	墙裂	qllf	qllf	未知飞键、非音码或读音集合未覆盖；不猜测
鲸凉鹤1.1手心挂接.txt	强满	qlmr	qlmr	未知飞键、非音码或读音集合未覆盖；不猜测
鲸凉鹤1.1手心挂接.txt	枪男	qlnz	qlnz	未知飞键、非音码或读音集合未覆盖；不猜测
鲸凉鹤1.1手心挂接.txt	墙皮	qlpe	qlpe	未知飞键、非音码或读音集合未覆盖；不猜测
鲸凉鹤1.1手心挂接.txt	枪皮	qlpe	qlpe	未知飞键、非音码或读音集合未覆盖；不猜测
鲸凉鹤1.1手心挂接.txt	强迫	qlps	qlps	未知飞键、非音码或读音集合未覆盖；不猜测
鲸凉鹤1.1手心挂接.txt	强平	qlpx	qlpx	未知飞键、非音码或读音集合未覆盖；不猜测
鲸凉鹤1.1手心挂接.txt	强推	qltl	qltl	未知飞键、非音码或读音集合未覆盖；不猜测
鲸凉鹤1.1手心挂接.txt	强退	qltl	qltl	未知飞键、非音码或读音集合未覆盖；不猜测
鲸凉鹤1.1手心挂接.txt	强征	qlvk	qlvk	未知飞键、非音码或读音集合未覆盖；不猜测
鲸凉鹤1.1手心挂接.txt	抢修	qlxo	qlxo	未知飞键、非音码或读音集合未覆盖；不猜测
鲸凉鹤1.1手心挂接.txt	抢眼	qlyf	qlyf	未知飞键、非音码或读音集合未覆盖；不猜测
鲸凉鹤1.1手心挂接.txt	枪眼	qlyf	qlyf	未知飞键、非音码或读音集合未覆盖；不猜测
鲸凉鹤1.1手心挂接.txt	强颜	qlyf	qlyf	未知飞键、非音码或读音集合未覆盖；不猜测
鲸凉鹤1.1手心挂接.txt	强于	qlyg	qlyg	未知飞键、非音码或读音集合未覆盖；不猜测
鲸凉鹤1.1手心挂接.txt	签到	qmdl	qmdl	未知飞键、非音码或读音集合未覆盖；不猜测
鲸凉鹤1.1手心挂接.txt	迁到	qmdl	qmdl	未知飞键、非音码或读音集合未覆盖；不猜测
鲸凉鹤1.1手心挂接.txt	千岛	qmdl	qmdl	未知飞键、非音码或读音集合未覆盖；不猜测
鲸凉鹤1.1手心挂接.txt	欠打	qmdw	qmdw	未知飞键、非音码或读音集合未覆盖；不猜测
鲸凉鹤1.1手心挂接.txt	钱柜	qmgi	qmgi	未知飞键、非音码或读音集合未覆盖；不猜测
鲸凉鹤1.1手心挂接.txt	钱罐	qmgp	qmgp	未知飞键、非音码或读音集合未覆盖；不猜测
鲸凉鹤1.1手心挂接.txt	前几	qmje	qmje	未知飞键、非音码或读音集合未覆盖；不猜测
鲸凉鹤1.1手心挂接.txt	浅见	qmjz	qmjz	未知飞键、非音码或读音集合未覆盖；不猜测
鲸凉鹤1.1手心挂接.txt	前列	qmlf	qmlf	未知飞键、非音码或读音集合未覆盖；不猜测
鲸凉鹤1.1手心挂接.txt	歼灭	qmmp	qmmp	未知飞键、非音码或读音集合未覆盖；不猜测
鲸凉鹤1.1手心挂接.txt	千亩	qmmx	qmmx	未知飞键、非音码或读音集合未覆盖；不猜测
鲸凉鹤1.1手心挂接.txt	杄木	qmmx	qmmx	未知飞键、非音码或读音集合未覆盖；不猜测
鲸凉鹤1.1手心挂接.txt	钱穆	qmmx	qmmx	未知飞键、非音码或读音集合未覆盖；不猜测
鲸凉鹤1.1手心挂接.txt	黔南	qmnz	qmnz	未知飞键、非音码或读音集合未覆盖；不猜测
鲸凉鹤1.1手心挂接.txt	签批	qmpe	qmpe	未知飞键、非音码或读音集合未覆盖；不猜测
鲸凉鹤1.1手心挂接.txt	钱婆	qmps	qmps	未知飞键、非音码或读音集合未覆盖；不猜测
鲸凉鹤1.1手心挂接.txt	虔婆	qmps	qmps	未知飞键、非音码或读音集合未覆盖；不猜测
鲸凉鹤1.1手心挂接.txt	牵起	qmqe	qmqe	未知飞键、非音码或读音集合未覆盖；不猜测
鲸凉鹤1.1手心挂接.txt	前腿	qmtl	qmtl	未知飞键、非音码或读音集合未覆盖；不猜测
鲸凉鹤1.1手心挂接.txt	签退	qmtl	qmtl	未知飞键、非音码或读音集合未覆盖；不猜测
鲸凉鹤1.1手心挂接.txt	千山	qmus	qmus	未知飞键、非音码或读音集合未覆盖；不猜测
鲸凉鹤1.1手心挂接.txt	前山	qmus	qmus	未知飞键、非音码或读音集合未覆盖；不猜测
鲸凉鹤1.1手心挂接.txt	签证	qmvk	qmvk	未知飞键、非音码或读音集合未覆盖；不猜测
鲸凉鹤1.1手心挂接.txt	潜修	qmxo	qmxo	未知飞键、非音码或读音集合未覆盖；不猜测
鲸凉鹤1.1手心挂接.txt	前沿	qmyf	qmyf	未知飞键、非音码或读音集合未覆盖；不猜测
鲸凉鹤1.1手心挂接.txt	前言	qmyf	qmyf	未知飞键、非音码或读音集合未覆盖；不猜测
鲸凉鹤1.1手心挂接.txt	钱眼	qmyf	qmyf	未知飞键、非音码或读音集合未覆盖；不猜测
鲸凉鹤1.1手心挂接.txt	千言	qmyf	qmyf	未知飞键、非音码或读音集合未覆盖；不猜测
鲸凉鹤1.1手心挂接.txt	千余	qmyg	qmyg	未知飞键、非音码或读音集合未覆盖；不猜测
鲸凉鹤1.1手心挂接.txt	浅语	qmyg	qmyg	未知飞键、非音码或读音集合未覆盖；不猜测
鲸凉鹤1.1手心挂接.txt	浅棕	qmzl	qmzl	未知飞键、非音码或读音集合未覆盖；不猜测
鲸凉鹤1.1手心挂接.txt	钱总	qmzl	qmzl	未知飞键、非音码或读音集合未覆盖；不猜测
鲸凉鹤1.1手心挂接.txt	傔卒	qmzu	qmzu	未知飞键、非音码或读音集合未覆盖；不猜测
鲸凉鹤1.1手心挂接.txt	敲打	qndw	qndw	未知飞键、非音码或读音集合未覆盖；不猜测
鲸凉鹤1.1手心挂接.txt	瞧见	qnjz	qnjz	未知飞键、非音码或读音集合未覆盖；不猜测
鲸凉鹤1.1手心挂接.txt	敲键	qnjz	qnjz	未知飞键、非音码或读音集合未覆盖；不猜测
鲸凉鹤1.1手心挂接.txt	乔木	qnmx	qnmx	未知飞键、非音码或读音集合未覆盖；不猜测
鲸凉鹤1.1手心挂接.txt	桥南	qnnz	qnnz	未知飞键、非音码或读音集合未覆盖；不猜测
鲸凉鹤1.1手心挂接.txt	俏皮	qnpe	qnpe	未知飞键、非音码或读音集合未覆盖；不猜测
鲸凉鹤1.1手心挂接.txt	敲破	qnps	qnps	未知飞键、非音码或读音集合未覆盖；不猜测
鲸凉鹤1.1手心挂接.txt	翘起	qnqe	qnqe	未知飞键、非音码或读音集合未覆盖；不猜测
鲸凉鹤1.1手心挂接.txt	跷起	qnqe	qnqe	未知飞键、非音码或读音集合未覆盖；不猜测
鲸凉鹤1.1手心挂接.txt	翘腿	qntl	qntl	未知飞键、非音码或读音集合未覆盖；不猜测
鲸凉鹤1.1手心挂接.txt	跷腿	qntl	qntl	未知飞键、非音码或读音集合未覆盖；不猜测
鲸凉鹤1.1手心挂接.txt	翘筝	qnvk	qnvk	未知飞键、非音码或读音集合未覆盖；不猜测
鲸凉鹤1.1手心挂接.txt	巧言	qnyf	qnyf	未知飞键、非音码或读音集合未覆盖；不猜测
鲸凉鹤1.1手心挂接.txt	巧遇	qnyg	qnyg	未知飞键、非音码或读音集合未覆盖；不猜测
鲸凉鹤1.1手心挂接.txt	掐巴	qoba	qoba	未知飞键、非音码或读音集合未覆盖；不猜测
鲸凉鹤1.1手心挂接.txt	掐表	qobn	qobn	未知飞键、非音码或读音集合未覆盖；不猜测
鲸凉鹤1.1手心挂接.txt	恰菜	qocd	qocd	未知飞键、非音码或读音集合未覆盖；不猜测
鲸凉鹤1.1手心挂接.txt	掐菜	qocd	qocd	未知飞键、非音码或读音集合未覆盖；不猜测
鲸凉鹤1.1手心挂接.txt	恰到	qodc	qodc	未知飞键、非音码或读音集合未覆盖；不猜测
鲸凉鹤1.1手心挂接.txt	恰当	qodh	qodh	未知飞键、非音码或读音集合未覆盖；不猜测
鲸凉鹤1.1手心挂接.txt	恰到	qodl	qodl	未知飞键、非音码或读音集合未覆盖；不猜测
鲸凉鹤1.1手心挂接.txt	掐点	qodm	qodm	未知飞键、非音码或读音集合未覆盖；不猜测
鲸凉鹤1.1手心挂接.txt	掐掉	qodn	qodn	未知飞键、非音码或读音集合未覆盖；不猜测
鲸凉鹤1.1手心挂接.txt	掐断	qodr	qodr	未知飞键、非音码或读音集合未覆盖；不猜测
鲸凉鹤1.1手心挂接.txt	恰逢	qofg	qofg	未知飞键、非音码或读音集合未覆盖；不猜测
鲸凉鹤1.1手心挂接.txt	恰饭	qofj	qofj	未知飞键、非音码或读音集合未覆盖；不猜测
鲸凉鹤1.1手心挂接.txt	髂骨	qogu	qogu	未知飞键、非音码或读音集合未覆盖；不猜测
鲸凉鹤1.1手心挂接.txt	洽购	qogz	qogz	未知飞键、非音码或读音集合未覆盖；不猜测
鲸凉鹤1.1手心挂接.txt	恰好	qohc	qohc	未知飞键、非音码或读音集合未覆盖；不猜测
鲸凉鹤1.1手心挂接.txt	洽会	qohv	qohv	未知飞键、非音码或读音集合未覆盖；不猜测
鲸凉鹤1.1手心挂接.txt	恰鸡	qoji	qoji	未知飞键、非音码或读音集合未覆盖；不猜测
鲸凉鹤1.1手心挂接.txt	掐尖	qojm	qojm	未知飞键、非音码或读音集合未覆盖；不猜测
鲸凉鹤1.1手心挂接.txt	恰酒	qojq	qojq	未知飞键、非音码或读音集合未覆盖；不猜测
鲸凉鹤1.1手心挂接.txt	掐诀	qojt	qojt	未知飞键、非音码或读音集合未覆盖；不猜测
鲸凉鹤1.1手心挂接.txt	掐架	qojx	qojx	未知飞键、非音码或读音集合未覆盖；不猜测
鲸凉鹤1.1手心挂接.txt	掐尖	qojz	qojz	未知飞键、非音码或读音集合未覆盖；不猜测
鲸凉鹤1.1手心挂接.txt	掐粮	qoll	qoll	未知飞键、非音码或读音集合未覆盖；不猜测
鲸凉鹤1.1手心挂接.txt	掐灭	qomp	qomp	未知飞键、非音码或读音集合未覆盖；不猜测
鲸凉鹤1.1手心挂接.txt	恰巧	qoqn	qoqn	未知飞键、非音码或读音集合未覆盖；不猜测
鲸凉鹤1.1手心挂接.txt	恰恰	qoqo	qoqo	未知飞键、非音码或读音集合未覆盖；不猜测
鲸凉鹤1.1手心挂接.txt	洽洽	qoqo	qoqo	未知飞键、非音码或读音集合未覆盖；不猜测
鲸凉鹤1.1手心挂接.txt	恰切	qoqp	qoqp	未知飞键、非音码或读音集合未覆盖；不猜测
鲸凉鹤1.1手心挂接.txt	掐人	qorf	qorf	未知飞键、非音码或读音集合未覆盖；不猜测
鲸凉鹤1.1手心挂接.txt	恰若	qoro	qoro	未知飞键、非音码或读音集合未覆盖；不猜测
鲸凉鹤1.1手心挂接.txt	恰如	qoru	qoru	未知飞键、非音码或读音集合未覆盖；不猜测
鲸凉鹤1.1手心挂接.txt	恰似	qosi	qosi	未知飞键、非音码或读音集合未覆盖；不猜测
鲸凉鹤1.1手心挂接.txt	掐死	qosi	qosi	未知飞键、非音码或读音集合未覆盖；不猜测
鲸凉鹤1.1手心挂接.txt	掐算	qosr	qosr	未知飞键、非音码或读音集合未覆盖；不猜测
鲸凉鹤1.1手心挂接.txt	洽谈	qotj	qotj	未知飞键、非音码或读音集合未覆盖；不猜测
鲸凉鹤1.1手心挂接.txt	洽商	qouh	qouh	未知飞键、非音码或读音集合未覆盖；不猜测
鲸凉鹤1.1手心挂接.txt	恰是	qoui	qoui	未知飞键、非音码或读音集合未覆盖；不猜测
鲸凉鹤1.1手心挂接.txt	掐着	qove	qove	未知飞键、非音码或读音集合未覆盖；不猜测
鲸凉鹤1.1手心挂接.txt	掐指	qovi	qovi	未知飞键、非音码或读音集合未覆盖；不猜测
鲸凉鹤1.1手心挂接.txt	掐住	qovu	qovu	未知飞键、非音码或读音集合未覆盖；不猜测
鲸凉鹤1.1手心挂接.txt	卡住	qovu	qovu	未知飞键、非音码或读音集合未覆盖；不猜测
鲸凉鹤1.1手心挂接.txt	洽闻	qowf	qowf	未知飞键、非音码或读音集合未覆盖；不猜测
鲸凉鹤1.1手心挂接.txt	恰完	qowj	qowj	未知飞键、非音码或读音集合未覆盖；不猜测
鲸凉鹤1.1手心挂接.txt	掐我	qowo	qowo	未知飞键、非音码或读音集合未覆盖；不猜测
鲸凉鹤1.1手心挂接.txt	洽询	qoxy	qoxy	未知飞键、非音码或读音集合未覆盖；不猜测
鲸凉鹤1.1手心挂接.txt	掐腰	qoyc	qoyc	未知飞键、非音码或读音集合未覆盖；不猜测
鲸凉鹤1.1手心挂接.txt	恰要	qoyc	qoyc	未知飞键、非音码或读音集合未覆盖；不猜测
鲸凉鹤1.1手心挂接.txt	恰与	qoyg	qoyg	未知飞键、非音码或读音集合未覆盖；不猜测
鲸凉鹤1.1手心挂接.txt	恰遇	qoyg	qoyg	未知飞键、非音码或读音集合未覆盖；不猜测
鲸凉鹤1.1手心挂接.txt	恰与	qoyu	qoyu	未知飞键、非音码或读音集合未覆盖；不猜测
鲸凉鹤1.1手心挂接.txt	恰遇	qoyu	qoyu	未知飞键、非音码或读音集合未覆盖；不猜测
鲸凉鹤1.1手心挂接.txt	恰于	qoyu	qoyu	未知飞键、非音码或读音集合未覆盖；不猜测
鲸凉鹤1.1手心挂接.txt	掐晕	qoyy	qoyy	未知飞键、非音码或读音集合未覆盖；不猜测
鲸凉鹤1.1手心挂接.txt	切到	qpdl	qpdl	未知飞键、非音码或读音集合未覆盖；不猜测
鲸凉鹤1.1手心挂接.txt	切屌	qpdn	qpdn	未知飞键、非音码或读音集合未覆盖；不猜测
鲸凉鹤1.1手心挂接.txt	切管	qpgp	qpgp	未知飞键、非音码或读音集合未覆盖；不猜测
鲸凉鹤1.1手心挂接.txt	切剑	qpjz	qpjz	未知飞键、非音码或读音集合未覆盖；不猜测
鲸凉鹤1.1手心挂接.txt	且慢	qpmr	qpmr	未知飞键、非音码或读音集合未覆盖；不猜测
鲸凉鹤1.1手心挂接.txt	伽南	qpnz	qpnz	未知飞键、非音码或读音集合未覆盖；不猜测
鲸凉鹤1.1手心挂接.txt	切坡	qpps	qpps	未知飞键、非音码或读音集合未覆盖；不猜测
鲸凉鹤1.1手心挂接.txt	切迫	qpps	qpps	未知飞键、非音码或读音集合未覆盖；不猜测
鲸凉鹤1.1手心挂接.txt	且鳅	qpww	qpww	未知飞键、非音码或读音集合未覆盖；不猜测
鲸凉鹤1.1手心挂接.txt	且向	qpxj	qpxj	未知飞键、非音码或读音集合未覆盖；不猜测
鲸凉鹤1.1手心挂接.txt	切向	qpxj	qpxj	未知飞键、非音码或读音集合未覆盖；不猜测
鲸凉鹤1.1手心挂接.txt	且休	qpxo	qpxo	未知飞键、非音码或读音集合未覆盖；不猜测
鲸凉鹤1.1手心挂接.txt	切眼	qpyf	qpyf	未知飞键、非音码或读音集合未覆盖；不猜测
鲸凉鹤1.1手心挂接.txt	且与	qpyg	qpyg	未知飞键、非音码或读音集合未覆盖；不猜测
鲸凉鹤1.1手心挂接.txt	求导	qqdl	qqdl	未知飞键、非音码或读音集合未覆盖；不猜测
鲸凉鹤1.1手心挂接.txt	求道	qqdl	qqdl	未知飞键、非音码或读音集合未覆盖；不猜测
鲸凉鹤1.1手心挂接.txt	球馆	qqgp	qqgp	未知飞键、非音码或读音集合未覆盖；不猜测
鲸凉鹤1.1手心挂接.txt	求见	qqjz	qqjz	未知飞键、非音码或读音集合未覆盖；不猜测
鲸凉鹤1.1手心挂接.txt	球奸	qqjz	qqjz	未知飞键、非音码或读音集合未覆盖；不猜测
鲸凉鹤1.1手心挂接.txt	楸木	qqmx	qqmx	未知飞键、非音码或读音集合未覆盖；不猜测
鲸凉鹤1.1手心挂接.txt	丘墓	qqmx	qqmx	未知飞键、非音码或读音集合未覆盖；不猜测
鲸凉鹤1.1手心挂接.txt	裘皮	qqpe	qqpe	未知飞键、非音码或读音集合未覆盖；不猜测
鲸凉鹤1.1手心挂接.txt	求破	qqps	qqps	未知飞键、非音码或读音集合未覆盖；不猜测
鲸凉鹤1.1手心挂接.txt	Q弹	qqtj	qqtj	未知飞键、非音码或读音集合未覆盖；不猜测
鲸凉鹤1.1手心挂接.txt	求退	qqtl	qqtl	未知飞键、非音码或读音集合未覆盖；不猜测
鲸凉鹤1.1手心挂接.txt	秋山	qqus	qqus	未知飞键、非音码或读音集合未覆盖；不猜测
鲸凉鹤1.1手心挂接.txt	求删	qqus	qqus	未知飞键、非音码或读音集合未覆盖；不猜测
鲸凉鹤1.1手心挂接.txt	求证	qqvk	qqvk	未知飞键、非音码或读音集合未覆盖；不猜测
鲸凉鹤1.1手心挂接.txt	求宿	qqxo	qqxo	未知飞键、非音码或读音集合未覆盖；不猜测
鲸凉鹤1.1手心挂接.txt	秋燕	qqyf	qqyf	未知飞键、非音码或读音集合未覆盖；不猜测
鲸凉鹤1.1手心挂接.txt	秋雨	qqyg	qqyg	未知飞键、非音码或读音集合未覆盖；不猜测
鲸凉鹤1.1手心挂接.txt	求雨	qqyg	qqyg	未知飞键、非音码或读音集合未覆盖；不猜测
鲸凉鹤1.1手心挂接.txt	犰狳	qqyg	qqyg	未知飞键、非音码或读音集合未覆盖；不猜测
鲸凉鹤1.1手心挂接.txt	劝导	qrdl	qrdl	未知飞键、非音码或读音集合未覆盖；不猜测
鲸凉鹤1.1手心挂接.txt	劝道	qrdl	qrdl	未知飞键、非音码或读音集合未覆盖；不猜测
鲸凉鹤1.1手心挂接.txt	全到	qrdl	qrdl	未知飞键、非音码或读音集合未覆盖；不猜测
鲸凉鹤1.1手心挂接.txt	拳打	qrdw	qrdw	未知飞键、非音码或读音集合未覆盖；不猜测
鲸凉鹤1.1手心挂接.txt	权贵	qrgi	qrgi	未知飞键、非音码或读音集合未覆盖；不猜测
鲸凉鹤1.1手心挂接.txt	全归	qrgi	qrgi	未知飞键、非音码或读音集合未覆盖；不猜测
鲸凉鹤1.1手心挂接.txt	拳馆	qrgp	qrgp	未知飞键、非音码或读音集合未覆盖；不猜测
鲸凉鹤1.1手心挂接.txt	全关	qrgp	qrgp	未知飞键、非音码或读音集合未覆盖；不猜测
鲸凉鹤1.1手心挂接.txt	劝道	qrjf	qrjf	未知飞键、非音码或读音集合未覆盖；不猜测
鲸凉鹤1.1手心挂接.txt	全歼	qrjz	qrjz	未知飞键、非音码或读音集合未覆盖；不猜测
鲸凉鹤1.1手心挂接.txt	劝谏	qrjz	qrjz	未知飞键、非音码或读音集合未覆盖；不猜测
鲸凉鹤1.1手心挂接.txt	全裂	qrlf	qrlf	未知飞键、非音码或读音集合未覆盖；不猜测
鲸凉鹤1.1手心挂接.txt	全满	qrmr	qrmr	未知飞键、非音码或读音集合未覆盖；不猜测
鲸凉鹤1.1手心挂接.txt	劝募	qrmx	qrmx	未知飞键、非音码或读音集合未覆盖；不猜测
鲸凉鹤1.1手心挂接.txt	畎亩	qrmx	qrmx	未知飞键、非音码或读音集合未覆盖；不猜测
鲸凉鹤1.1手心挂接.txt	全木	qrmx	qrmx	未知飞键、非音码或读音集合未覆盖；不猜测
鲸凉鹤1.1手心挂接.txt	全南	qrnz	qrnz	未知飞键、非音码或读音集合未覆盖；不猜测
鲸凉鹤1.1手心挂接.txt	全皮	qrpe	qrpe	未知飞键、非音码或读音集合未覆盖；不猜测
鲸凉鹤1.1手心挂接.txt	全凭	qrpx	qrpx	未知飞键、非音码或读音集合未覆盖；不猜测
鲸凉鹤1.1手心挂接.txt	全屏	qrpx	qrpx	未知飞键、非音码或读音集合未覆盖；不猜测
鲸凉鹤1.1手心挂接.txt	劝退	qrtl	qrtl	未知飞键、非音码或读音集合未覆盖；不猜测
鲸凉鹤1.1手心挂接.txt	全删	qrus	qrus	未知飞键、非音码或读音集合未覆盖；不猜测
鲸凉鹤1.1手心挂接.txt	权证	qrvk	qrvk	未知飞键、非音码或读音集合未覆盖；不猜测
鲸凉鹤1.1手心挂接.txt	全向	qrxj	qrxj	未知飞键、非音码或读音集合未覆盖；不猜测
鲸凉鹤1.1手心挂接.txt	全休	qrxo	qrxo	未知飞键、非音码或读音集合未覆盖；不猜测
鲸凉鹤1.1手心挂接.txt	泉眼	qryf	qryf	未知飞键、非音码或读音集合未覆盖；不猜测
鲸凉鹤1.1手心挂接.txt	痊愈	qryg	qryg	未知飞键、非音码或读音集合未覆盖；不猜测
鲸凉鹤1.1手心挂接.txt	全域	qryg	qryg	未知飞键、非音码或读音集合未覆盖；不猜测
鲸凉鹤1.1手心挂接.txt	穷屌	qsdn	qsdn	未知飞键、非音码或读音集合未覆盖；不猜测
鲸凉鹤1.1手心挂接.txt	穷鬼	qsgi	qsgi	未知飞键、非音码或读音集合未覆盖；不猜测
鲸凉鹤1.1手心挂接.txt	藑茅	qsmc	qsmc	未知飞键、非音码或读音集合未覆盖；不猜测
鲸凉鹤1.1手心挂接.txt	穹幕	qsmx	qsmx	未知飞键、非音码或读音集合未覆盖；不猜测
鲸凉鹤1.1手心挂接.txt	跫然	qsrj	qsrj	未知飞键、非音码或读音集合未覆盖；不猜测
鲸凉鹤1.1手心挂接.txt	琼山	qsus	qsus	未知飞键、非音码或读音集合未覆盖；不猜测
鲸凉鹤1.1手心挂接.txt	跫音	qsyb	qsyb	未知飞键、非音码或读音集合未覆盖；不猜测
鲸凉鹤1.1手心挂接.txt	琼玉	qsyg	qsyg	未知飞键、非音码或读音集合未覆盖；不猜测
鲸凉鹤1.1手心挂接.txt	穷于	qsyg	qsyg	未知飞键、非音码或读音集合未覆盖；不猜测
鲸凉鹤1.1手心挂接.txt	却从	qtcl	qtcl	未知飞键、非音码或读音集合未覆盖；不猜测
鲸凉鹤1.1手心挂接.txt	却道	qtjf	qtjf	未知飞键、非音码或读音集合未覆盖；不猜测
鲸凉鹤1.1手心挂接.txt	鹊起	qtqe	qtqe	未知飞键、非音码或读音集合未覆盖；不猜测
鲸凉鹤1.1手心挂接.txt	瘸腿	qttl	qttl	未知飞键、非音码或读音集合未覆盖；不猜测
鲸凉鹤1.1手心挂接.txt	缺腿	qttl	qttl	未知飞键、非音码或读音集合未覆盖；不猜测
鲸凉鹤1.1手心挂接.txt	确山	qtus	qtus	未知飞键、非音码或读音集合未覆盖；不猜测
鲸凉鹤1.1手心挂接.txt	确证	qtvk	qtvk	未知飞键、非音码或读音集合未覆盖；不猜测
鲸凉鹤1.1手心挂接.txt	雀眼	qtyf	qtyf	未知飞键、非音码或读音集合未覆盖；不猜测
鲸凉鹤1.1手心挂接.txt	却与	qtyg	qtyg	未知飞键、非音码或读音集合未覆盖；不猜测
鲸凉鹤1.1手心挂接.txt	鹊羽	qtyg	qtyg	未知飞键、非音码或读音集合未覆盖；不猜测
鲸凉鹤1.1手心挂接.txt	却总	qtzl	qtzl	未知飞键、非音码或读音集合未覆盖；不猜测
鲸凉鹤1.1手心挂接.txt	确凿	qtzo	qtzo	未知飞键、非音码或读音集合未覆盖；不猜测
鲸凉鹤1.1手心挂接.txt	屈从	qucl	qucl	未知飞键、非音码或读音集合未覆盖；不猜测
鲸凉鹤1.1手心挂接.txt	渠道	qudl	qudl	未知飞键、非音码或读音集合未覆盖；不猜测
鲸凉鹤1.1手心挂接.txt	去到	qudl	qudl	未知飞键、非音码或读音集合未覆盖；不猜测
鲸凉鹤1.1手心挂接.txt	娶到	qudl	qudl	未知飞键、非音码或读音集合未覆盖；不猜测
鲸凉鹤1.1手心挂接.txt	取到	qudl	qudl	未知飞键、非音码或读音集合未覆盖；不猜测
鲸凉鹤1.1手心挂接.txt	去打	qudw	qudw	未知飞键、非音码或读音集合未覆盖；不猜测
鲸凉鹤1.1手心挂接.txt	驱鬼	qugi	qugi	未知飞键、非音码或读音集合未覆盖；不猜测
鲸凉鹤1.1手心挂接.txt	取关	qugp	qugp	未知飞键、非音码或读音集合未覆盖；不猜测
鲸凉鹤1.1手心挂接.txt	渠道	qujf	qujf	未知飞键、非音码或读音集合未覆盖；不猜测
鲸凉鹤1.1手心挂接.txt	区间	qujz	qujz	未知飞键、非音码或读音集合未覆盖；不猜测
鲸凉鹤1.1手心挂接.txt	取件	qujz	qujz	未知飞键、非音码或读音集合未覆盖；不猜测
鲸凉鹤1.1手心挂接.txt	去咯	qulo	qulo	未知飞键、非音码或读音集合未覆盖；不猜测
鲸凉鹤1.1手心挂接.txt	曲目	qumx	qumx	未知飞键、非音码或读音集合未覆盖；不猜测
鲸凉鹤1.1手心挂接.txt	枢纽	qunq	qunq	未知飞键、非音码或读音集合未覆盖；不猜测
鲸凉鹤1.1手心挂接.txt	去皮	qupe	qupe	未知飞键、非音码或读音集合未覆盖；不猜测
鲸凉鹤1.1手心挂接.txt	驱迫	qups	qups	未知飞键、非音码或读音集合未覆盖；不猜测
鲸凉鹤1.1手心挂接.txt	曲屏	qupx	qupx	未知飞键、非音码或读音集合未覆盖；不猜测
鲸凉鹤1.1手心挂接.txt	屈起	quqe	quqe	未知飞键、非音码或读音集合未覆盖；不猜测
鲸凉鹤1.1手心挂接.txt	曲腿	qutl	qutl	未知飞键、非音码或读音集合未覆盖；不猜测
鲸凉鹤1.1手心挂接.txt	去删	quus	quus	未知飞键、非音码或读音集合未覆盖；不猜测
鲸凉鹤1.1手心挂接.txt	蛐蟮	quus	quus	未知飞键、非音码或读音集合未覆盖；不猜测
鲸凉鹤1.1手心挂接.txt	取证	quvk	quvk	未知飞键、非音码或读音集合未覆盖；不猜测
鲸凉鹤1.1手心挂接.txt	取整	quvk	quvk	未知飞键、非音码或读音集合未覆盖；不猜测
鲸凉鹤1.1手心挂接.txt	去向	quxj	quxj	未知飞键、非音码或读音集合未覆盖；不猜测
鲸凉鹤1.1手心挂接.txt	趋向	quxj	quxj	未知飞键、非音码或读音集合未覆盖；不猜测
鲸凉鹤1.1手心挂接.txt	取向	quxj	quxj	未知飞键、非音码或读音集合未覆盖；不猜测
鲸凉鹤1.1手心挂接.txt	去演	quyf	quyf	未知飞键、非音码或读音集合未覆盖；不猜测
鲸凉鹤1.1手心挂接.txt	区域	quyg	quyg	未知飞键、非音码或读音集合未覆盖；不猜测
鲸凉鹤1.1手心挂接.txt	趋于	quyg	quyg	未知飞键、非音码或读音集合未覆盖；不猜测
鲸凉鹤1.1手心挂接.txt	祛瘀	quyg	quyg	未知飞键、非音码或读音集合未覆盖；不猜测
鲸凉鹤1.1手心挂接.txt	恰到	qxdl	qxdl	未知飞键、非音码或读音集合未覆盖；不猜测
鲸凉鹤1.1手心挂接.txt	掐尖	qxjz	qxjz	未知飞键、非音码或读音集合未覆盖；不猜测
鲸凉鹤1.1手心挂接.txt	恰与	qxyg	qxyg	未知飞键、非音码或读音集合未覆盖；不猜测
鲸凉鹤1.1手心挂接.txt	恰遇	qxyg	qxyg	未知飞键、非音码或读音集合未覆盖；不猜测
鲸凉鹤1.1手心挂接.txt	群岛	qydl	qydl	未知飞键、非音码或读音集合未覆盖；不猜测
鲸凉鹤1.1手心挂接.txt	群规	qygi	qygi	未知飞键、非音码或读音集合未覆盖；不猜测
鲸凉鹤1.1手心挂接.txt	群管	qygp	qygp	未知飞键、非音码或读音集合未覆盖；不猜测
鲸凉鹤1.1手心挂接.txt	群建	qyjz	qyjz	未知飞键、非音码或读音集合未覆盖；不猜测
鲸凉鹤1.1手心挂接.txt	裙裥	qyjz	qyjz	未知飞键、非音码或读音集合未覆盖；不猜测
鲸凉鹤1.1手心挂接.txt	群氓	qymg	qymg	未知飞键、非音码或读音集合未覆盖；不猜测
鲸凉鹤1.1手心挂接.txt	群满	qymr	qymr	未知飞键、非音码或读音集合未覆盖；不猜测
鲸凉鹤1.1手心挂接.txt	群起	qyqe	qyqe	未知飞键、非音码或读音集合未覆盖；不猜测
鲸凉鹤1.1手心挂接.txt	群推	qytl	qytl	未知飞键、非音码或读音集合未覆盖；不猜测
鲸凉鹤1.1手心挂接.txt	群山	qyus	qyus	未知飞键、非音码或读音集合未覆盖；不猜测
鲸凉鹤1.1手心挂接.txt	裙衫	qyus	qyus	未知飞键、非音码或读音集合未覆盖；不猜测
鲸凉鹤1.1手心挂接.txt	群演	qyyf	qyyf	未知飞键、非音码或读音集合未覆盖；不猜测
鲸凉鹤1.1手心挂接.txt	绕到	rcdl	rcdl	未知飞键、非音码或读音集合未覆盖；不猜测
鲸凉鹤1.1手心挂接.txt	绕道	rcdl	rcdl	未知飞键、非音码或读音集合未覆盖；不猜测
鲸凉鹤1.1手心挂接.txt	绕道	rcjf	rcjf	未知飞键、非音码或读音集合未覆盖；不猜测
鲸凉鹤1.1手心挂接.txt	饶平	rcpx	rcpx	未知飞键、非音码或读音集合未覆盖；不猜测
鲸凉鹤1.1手心挂接.txt	惹到	redl	redl	未知飞键、非音码或读音集合未覆盖；不猜测
鲸凉鹤1.1手心挂接.txt	热到	redl	redl	未知飞键、非音码或读音集合未覆盖；不猜测
鲸凉鹤1.1手心挂接.txt	热岛	redl	redl	未知飞键、非音码或读音集合未覆盖；不猜测
鲸凉鹤1.1手心挂接.txt	热管	regp	regp	未知飞键、非音码或读音集合未覆盖；不猜测
鲸凉鹤1.1手心挂接.txt	热键	rejz	rejz	未知飞键、非音码或读音集合未覆盖；不猜测
鲸凉鹤1.1手心挂接.txt	热烈	relf	relf	未知飞键、非音码或读音集合未覆盖；不猜测
鲸凉鹤1.1手心挂接.txt	热评	repx	repx	未知飞键、非音码或读音集合未覆盖；不猜测
鲸凉鹤1.1手心挂接.txt	热推	retl	retl	未知飞键、非音码或读音集合未覆盖；不猜测
鲸凉鹤1.1手心挂接.txt	热证	revk	revk	未知飞键、非音码或读音集合未覆盖；不猜测
鲸凉鹤1.1手心挂接.txt	热症	revk	revk	未知飞键、非音码或读音集合未覆盖；不猜测
鲸凉鹤1.1手心挂接.txt	惹眼	reyf	reyf	未知飞键、非音码或读音集合未覆盖；不猜测
鲸凉鹤1.1手心挂接.txt	人丛	rfcl	rfcl	未知飞键、非音码或读音集合未覆盖；不猜测
鲸凉鹤1.1手心挂接.txt	人道	rfdl	rfdl	未知飞键、非音码或读音集合未覆盖；不猜测
鲸凉鹤1.1手心挂接.txt	忍到	rfdl	rfdl	未知飞键、非音码或读音集合未覆盖；不猜测
鲸凉鹤1.1手心挂接.txt	人鬼	rfgi	rfgi	未知飞键、非音码或读音集合未覆盖；不猜测
鲸凉鹤1.1手心挂接.txt	壬癸	rfgi	rfgi	未知飞键、非音码或读音集合未覆盖；不猜测
鲸凉鹤1.1手心挂接.txt	任官	rfgp	rfgp	未知飞键、非音码或读音集合未覆盖；不猜测
鲸凉鹤1.1手心挂接.txt	人道	rfjf	rfjf	未知飞键、非音码或读音集合未覆盖；不猜测
鲸凉鹤1.1手心挂接.txt	人间	rfjz	rfjz	未知飞键、非音码或读音集合未覆盖；不猜测
鲸凉鹤1.1手心挂接.txt	人贱	rfjz	rfjz	未知飞键、非音码或读音集合未覆盖；不猜测
鲸凉鹤1.1手心挂接.txt	人剑	rfjz	rfjz	未知飞键、非音码或读音集合未覆盖；不猜测
鲸凉鹤1.1手心挂接.txt	人满	rfmr	rfmr	未知飞键、非音码或读音集合未覆盖；不猜测
鲸凉鹤1.1手心挂接.txt	任满	rfmr	rfmr	未知飞键、非音码或读音集合未覆盖；不猜测
鲸凉鹤1.1手心挂接.txt	人母	rfmx	rfmx	未知飞键、非音码或读音集合未覆盖；不猜测
鲸凉鹤1.1手心挂接.txt	人皮	rfpe	rfpe	未知飞键、非音码或读音集合未覆盖；不猜测
鲸凉鹤1.1手心挂接.txt	认破	rfps	rfps	未知飞键、非音码或读音集合未覆盖；不猜测
鲸凉鹤1.1手心挂接.txt	任凭	rfpx	rfpx	未知飞键、非音码或读音集合未覆盖；不猜测
鲸凉鹤1.1手心挂接.txt	人善	rfus	rfus	未知飞键、非音码或读音集合未覆盖；不猜测
鲸凉鹤1.1手心挂接.txt	仁善	rfus	rfus	未知飞键、非音码或读音集合未覆盖；不猜测
鲸凉鹤1.1手心挂接.txt	认眞	rfvf	rfvf	未知飞键、非音码或读音集合未覆盖；不猜测
鲸凉鹤1.1手心挂接.txt	认证	rfvk	rfvk	未知飞键、非音码或读音集合未覆盖；不猜测
鲸凉鹤1.1手心挂接.txt	人证	rfvk	rfvk	未知飞键、非音码或读音集合未覆盖；不猜测
鲸凉鹤1.1手心挂接.txt	仁政	rfvk	rfvk	未知飞键、非音码或读音集合未覆盖；不猜测
鲸凉鹤1.1手心挂接.txt	人烟	rfyf	rfyf	未知飞键、非音码或读音集合未覆盖；不猜测
鲸凉鹤1.1手心挂接.txt	人言	rfyf	rfyf	未知飞键、非音码或读音集合未覆盖；不猜测
鲸凉鹤1.1手心挂接.txt	人眼	rfyf	rfyf	未知飞键、非音码或读音集合未覆盖；不猜测
鲸凉鹤1.1手心挂接.txt	人欲	rfyg	rfyg	未知飞键、非音码或读音集合未覆盖；不猜测
鲸凉鹤1.1手心挂接.txt	人鱼	rfyg	rfyg	未知飞键、非音码或读音集合未覆盖；不猜测
鲸凉鹤1.1手心挂接.txt	人踪	rfzl	rfzl	未知飞键、非音码或读音集合未覆盖；不猜测
鲸凉鹤1.1手心挂接.txt	仁宗	rfzl	rfzl	未知飞键、非音码或读音集合未覆盖；不猜测
鲸凉鹤1.1手心挂接.txt	任总	rfzl	rfzl	未知飞键、非音码或读音集合未覆盖；不猜测
鲸凉鹤1.1手心挂接.txt	扔到	rgdl	rgdl	未知飞键、非音码或读音集合未覆盖；不猜测
鲸凉鹤1.1手心挂接.txt	扔闪	rgus	rgus	未知飞键、非音码或读音集合未覆盖；不猜测
鲸凉鹤1.1手心挂接.txt	扔向	rgxj	rgxj	未知飞键、非音码或读音集合未覆盖；不猜测
鲸凉鹤1.1手心挂接.txt	仍向	rgxj	rgxj	未知飞键、非音码或读音集合未覆盖；不猜测
鲸凉鹤1.1手心挂接.txt	扔烟	rgyf	rgyf	未知飞键、非音码或读音集合未覆盖；不猜测
鲸凉鹤1.1手心挂接.txt	仍与	rgyg	rgyg	未知飞键、非音码或读音集合未覆盖；不猜测
鲸凉鹤1.1手心挂接.txt	嚷道	rhdl	rhdl	未知飞键、非音码或读音集合未覆盖；不猜测
鲸凉鹤1.1手心挂接.txt	让道	rhdl	rhdl	未知飞键、非音码或读音集合未覆盖；不猜测
鲸凉鹤1.1手心挂接.txt	嚷道	rhjf	rhjf	未知飞键、非音码或读音集合未覆盖；不猜测
鲸凉鹤1.1手心挂接.txt	让道	rhjf	rhjf	未知飞键、非音码或读音集合未覆盖；不猜测
鲸凉鹤1.1手心挂接.txt	让退	rhtl	rhtl	未知飞键、非音码或读音集合未覆盖；不猜测
鲸凉鹤1.1手心挂接.txt	嚷争	rhvk	rhvk	未知飞键、非音码或读音集合未覆盖；不猜测
鲸凉鹤1.1手心挂接.txt	日岛	ridl	ridl	未知飞键、非音码或读音集合未覆盖；不猜测
鲸凉鹤1.1手心挂接.txt	日晷	rigi	rigi	未知飞键、非音码或读音集合未覆盖；不猜测
鲸凉鹤1.1手心挂接.txt	日渐	rijz	rijz	未知飞键、非音码或读音集合未覆盖；不猜测
鲸凉鹤1.1手心挂接.txt	日间	rijz	rijz	未知飞键、非音码或读音集合未覆盖；不猜测
鲸凉鹤1.1手心挂接.txt	日漫	rimr	rimr	未知飞键、非音码或读音集合未覆盖；不猜测
鲸凉鹤1.1手心挂接.txt	日暮	rimx	rimx	未知飞键、非音码或读音集合未覆盖；不猜测
鲸凉鹤1.1手心挂接.txt	日批	ripe	ripe	未知飞键、非音码或读音集合未覆盖；不猜测
鲸凉鹤1.1手心挂接.txt	日评	ripx	ripx	未知飞键、非音码或读音集合未覆盖；不猜测
鲸凉鹤1.1手心挂接.txt	日推	ritl	ritl	未知飞键、非音码或读音集合未覆盖；不猜测
鲸凉鹤1.1手心挂接.txt	日腿	ritl	ritl	未知飞键、非音码或读音集合未覆盖；不猜测
鲸凉鹤1.1手心挂接.txt	日山	rius	rius	未知飞键、非音码或读音集合未覆盖；不猜测
鲸凉鹤1.1手心挂接.txt	日正	rivk	rivk	未知飞键、非音码或读音集合未覆盖；不猜测
鲸凉鹤1.1手心挂接.txt	日向	rixj	rixj	未知飞键、非音码或读音集合未覆盖；不猜测
鲸凉鹤1.1手心挂接.txt	日炎	riyf	riyf	未知飞键、非音码或读音集合未覆盖；不猜测
鲸凉鹤1.1手心挂接.txt	日语	riyg	riyg	未知飞键、非音码或读音集合未覆盖；不猜测
鲸凉鹤1.1手心挂接.txt	然道	rjdl	rjdl	未知飞键、非音码或读音集合未覆盖；不猜测
鲸凉鹤1.1手心挂接.txt	探摸	rjmo	rjmo	未知飞键、非音码或读音集合未覆盖；不猜测
鲸凉鹤1.1手心挂接.txt	燃起	rjqe	rjqe	未知飞键、非音码或读音集合未覆盖；不猜测
鲸凉鹤1.1手心挂接.txt	染整	rjvk	rjvk	未知飞键、非音码或读音集合未覆盖；不猜测
鲸凉鹤1.1手心挂接.txt	燃向	rjxj	rjxj	未知飞键、非音码或读音集合未覆盖；不猜测
鲸凉鹤1.1手心挂接.txt	冉昱	rjyg	rjyg	未知飞键、非音码或读音集合未覆盖；不猜测
鲸凉鹤1.1手心挂接.txt	挼搓	roco	roco	未知飞键、非音码或读音集合未覆盖；不猜测
鲸凉鹤1.1手心挂接.txt	弱冠	rogp	rogp	未知飞键、非音码或读音集合未覆盖；不猜测
鲸凉鹤1.1手心挂接.txt	弱碱	rojz	rojz	未知飞键、非音码或读音集合未覆盖；不猜测
鲸凉鹤1.1手心挂接.txt	若男	ronz	ronz	未知飞键、非音码或读音集合未覆盖；不猜测
鲸凉鹤1.1手心挂接.txt	若言	royf	royf	未知飞键、非音码或读音集合未覆盖；不猜测
鲸凉鹤1.1手心挂接.txt	弱于	royg	royg	未知飞键、非音码或读音集合未覆盖；不猜测
鲸凉鹤1.1手心挂接.txt	若遇	royg	royg	未知飞键、非音码或读音集合未覆盖；不猜测
鲸凉鹤1.1手心挂接.txt	若愚	royg	royg	未知飞键、非音码或读音集合未覆盖；不猜测
鲸凉鹤1.1手心挂接.txt	软管	rrgp	rrgp	未知飞键、非音码或读音集合未覆盖；不猜测
鲸凉鹤1.1手心挂接.txt	软件	rrjz	rrjz	未知飞键、非音码或读音集合未覆盖；不猜测
鲸凉鹤1.1手心挂接.txt	软剑	rrjz	rrjz	未知飞键、非音码或读音集合未覆盖；不猜测
鲸凉鹤1.1手心挂接.txt	软木	rrmx	rrmx	未知飞键、非音码或读音集合未覆盖；不猜测
鲸凉鹤1.1手心挂接.txt	软皮	rrpe	rrpe	未知飞键、非音码或读音集合未覆盖；不猜测
鲸凉鹤1.1手心挂接.txt	软屏	rrpx	rrpx	未知飞键、非音码或读音集合未覆盖；不猜测
鲸凉鹤1.1手心挂接.txt	软岩	rryf	rryf	未知飞键、非音码或读音集合未覆盖；不猜测
鲸凉鹤1.1手心挂接.txt	软语	rryg	rryg	未知飞键、非音码或读音集合未覆盖；不猜测
鲸凉鹤1.1手心挂接.txt	软玉	rryg	rryg	未知飞键、非音码或读音集合未覆盖；不猜测
鲸凉鹤1.1手心挂接.txt	融冠	rsgp	rsgp	未知飞键、非音码或读音集合未覆盖；不猜测
鲸凉鹤1.1手心挂接.txt	融券	rsjr	rsjr	未知飞键、非音码或读音集合未覆盖；不猜测
鲸凉鹤1.1手心挂接.txt	荣建	rsjz	rsjz	未知飞键、非音码或读音集合未覆盖；不猜测
鲸凉鹤1.1手心挂接.txt	荣平	rspx	rspx	未知飞键、非音码或读音集合未覆盖；不猜测
鲸凉鹤1.1手心挂接.txt	融洽	rsqo	rsqo	未知飞键、非音码或读音集合未覆盖；不猜测
鲸凉鹤1.1手心挂接.txt	荣退	rstl	rstl	未知飞键、非音码或读音集合未覆盖；不猜测
鲸凉鹤1.1手心挂接.txt	绒衫	rsus	rsus	未知飞键、非音码或读音集合未覆盖；不猜测
鲸凉鹤1.1手心挂接.txt	容臭	rsxo	rsxo	未知飞键、非音码或读音集合未覆盖；不猜测
鲸凉鹤1.1手心挂接.txt	绒绣	rsxo	rsxo	未知飞键、非音码或读音集合未覆盖；不猜测
鲸凉鹤1.1手心挂接.txt	容颜	rsyf	rsyf	未知飞键、非音码或读音集合未覆盖；不猜测
鲸凉鹤1.1手心挂接.txt	熔岩	rsyf	rsyf	未知飞键、非音码或读音集合未覆盖；不猜测
鲸凉鹤1.1手心挂接.txt	熔盐	rsyf	rsyf	未知飞键、非音码或读音集合未覆盖；不猜测
鲸凉鹤1.1手心挂接.txt	荣誉	rsyg	rsyg	未知飞键、非音码或读音集合未覆盖；不猜测
鲸凉鹤1.1手心挂接.txt	冗余	rsyg	rsyg	未知飞键、非音码或读音集合未覆盖；不猜测
鲸凉鹤1.1手心挂接.txt	溶于	rsyg	rsyg	未知飞键、非音码或读音集合未覆盖；不猜测
鲸凉鹤1.1手心挂接.txt	融于	rsyg	rsyg	未知飞键、非音码或读音集合未覆盖；不猜测
鲸凉鹤1.1手心挂接.txt	如从	rucl	rucl	未知飞键、非音码或读音集合未覆盖；不猜测
鲸凉鹤1.1手心挂接.txt	如归	rugi	rugi	未知飞键、非音码或读音集合未覆盖；不猜测
鲸凉鹤1.1手心挂接.txt	入关	rugp	rugp	未知飞键、非音码或读音集合未覆盖；不猜测
鲸凉鹤1.1手心挂接.txt	入棺	rugp	rugp	未知飞键、非音码或读音集合未覆盖；不猜测
鲸凉鹤1.1手心挂接.txt	乳尖	rujz	rujz	未知飞键、非音码或读音集合未覆盖；不猜测
鲸凉鹤1.1手心挂接.txt	入列	rulf	rulf	未知飞键、非音码或读音集合未覆盖；不猜测
鲸凉鹤1.1手心挂接.txt	乳母	rumx	rumx	未知飞键、非音码或读音集合未覆盖；不猜测
鲸凉鹤1.1手心挂接.txt	入目	rumx	rumx	未知飞键、非音码或读音集合未覆盖；不猜测
鲸凉鹤1.1手心挂接.txt	汝南	runz	runz	未知飞键、非音码或读音集合未覆盖；不猜测
鲸凉鹤1.1手心挂接.txt	辱男	runz	runz	未知飞键、非音码或读音集合未覆盖；不猜测
鲸凉鹤1.1手心挂接.txt	如萍	rupx	rupx	未知飞键、非音码或读音集合未覆盖；不猜测
鲸凉鹤1.1手心挂接.txt	乳山	ruus	ruus	未知飞键、非音码或读音集合未覆盖；不猜测
鲸凉鹤1.1手心挂接.txt	入正	ruvk	ruvk	未知飞键、非音码或读音集合未覆盖；不猜测
鲸凉鹤1.1手心挂接.txt	入整	ruvk	ruvk	未知飞键、非音码或读音集合未覆盖；不猜测
鲸凉鹤1.1手心挂接.txt	乳臭	ruxo	ruxo	未知飞键、非音码或读音集合未覆盖；不猜测
鲸凉鹤1.1手心挂接.txt	入眼	ruyf	ruyf	未知飞键、非音码或读音集合未覆盖；不猜测
鲸凉鹤1.1手心挂接.txt	如烟	ruyf	ruyf	未知飞键、非音码或读音集合未覆盖；不猜测
鲸凉鹤1.1手心挂接.txt	入狱	ruyg	ruyg	未知飞键、非音码或读音集合未覆盖；不猜测
鲸凉鹤1.1手心挂接.txt	如玉	ruyg	ruyg	未知飞键、非音码或读音集合未覆盖；不猜测
鲸凉鹤1.1手心挂接.txt	入浴	ruyg	ruyg	未知飞键、非音码或读音集合未覆盖；不猜测
鲸凉鹤1.1手心挂接.txt	如遇	ruyg	ruyg	未知飞键、非音码或读音集合未覆盖；不猜测
鲸凉鹤1.1手心挂接.txt	瑞冠	rvgp	rvgp	未知飞键、非音码或读音集合未覆盖；不猜测
鲸凉鹤1.1手心挂接.txt	锐减	rvjz	rvjz	未知飞键、非音码或读音集合未覆盖；不猜测
鲸凉鹤1.1手心挂接.txt	锐剑	rvjz	rvjz	未知飞键、非音码或读音集合未覆盖；不猜测
鲸凉鹤1.1手心挂接.txt	瑞南	rvnz	rvnz	未知飞键、非音码或读音集合未覆盖；不猜测
鲸凉鹤1.1手心挂接.txt	锐评	rvpx	rvpx	未知飞键、非音码或读音集合未覆盖；不猜测
鲸凉鹤1.1手心挂接.txt	瑞山	rvus	rvus	未知飞键、非音码或读音集合未覆盖；不猜测
鲸凉鹤1.1手心挂接.txt	瑞正	rvvk	rvvk	未知飞键、非音码或读音集合未覆盖；不猜测
鲸凉鹤1.1手心挂接.txt	让行	rxkx	rxkx	未知飞键、非音码或读音集合未覆盖；不猜测
鲸凉鹤1.1手心挂接.txt	润健	ryjz	ryjz	未知飞键、非音码或读音集合未覆盖；不猜测
鲸凉鹤1.1手心挂接.txt	润平	rypx	rypx	未知飞键、非音码或读音集合未覆盖；不猜测
鲸凉鹤1.1手心挂接.txt	润之	ryvp	ryvp	未知飞键、非音码或读音集合未覆盖；不猜测
鲸凉鹤1.1手心挂接.txt	润颜	ryyf	ryyf	未知飞键、非音码或读音集合未覆盖；不猜测
鲸凉鹤1.1手心挂接.txt	润雨	ryyg	ryyg	未知飞键、非音码或读音集合未覆盖；不猜测
鲸凉鹤1.1手心挂接.txt	闰余	ryyg	ryyg	未知飞键、非音码或读音集合未覆盖；不猜测
鲸凉鹤1.1手心挂接.txt	肉葱	rzcl	rzcl	未知飞键、非音码或读音集合未覆盖；不猜测
鲸凉鹤1.1手心挂接.txt	柔道	rzdl	rzdl	未知飞键、非音码或读音集合未覆盖；不猜测
鲸凉鹤1.1手心挂接.txt	肉桂	rzgi	rzgi	未知飞键、非音码或读音集合未覆盖；不猜测
鲸凉鹤1.1手心挂接.txt	肉冠	rzgp	rzgp	未知飞键、非音码或读音集合未覆盖；不猜测
鲸凉鹤1.1手心挂接.txt	腬喉	rzhz	rzhz	未知飞键、非音码或读音集合未覆盖；不猜测
鲸凉鹤1.1手心挂接.txt	柔道	rzjf	rzjf	未知飞键、非音码或读音集合未覆盖；不猜测
鲸凉鹤1.1手心挂接.txt	肉碱	rzjz	rzjz	未知飞键、非音码或读音集合未覆盖；不猜测
鲸凉鹤1.1手心挂接.txt	揉肩	rzjz	rzjz	未知飞键、非音码或读音集合未覆盖；不猜测
鲸凉鹤1.1手心挂接.txt	蹂践	rzjz	rzjz	未知飞键、非音码或读音集合未覆盖；不猜测
鲸凉鹤1.1手心挂接.txt	柔曼	rzmr	rzmr	未知飞键、非音码或读音集合未覆盖；不猜测
鲸凉鹤1.1手心挂接.txt	肉皮	rzpe	rzpe	未知飞键、非音码或读音集合未覆盖；不猜测
鲸凉鹤1.1手心挂接.txt	揉腿	rztl	rztl	未知飞键、非音码或读音集合未覆盖；不猜测
鲸凉鹤1.1手心挂接.txt	肉山	rzus	rzus	未知飞键、非音码或读音集合未覆盖；不猜测
鲸凉鹤1.1手心挂接.txt	肉眼	rzyf	rzyf	未知飞键、非音码或读音集合未覆盖；不猜测
鲸凉鹤1.1手心挂接.txt	揉眼	rzyf	rzyf	未知飞键、非音码或读音集合未覆盖；不猜测
鲸凉鹤1.1手心挂接.txt	肉燕	rzyf	rzyf	未知飞键、非音码或读音集合未覆盖；不猜测
鲸凉鹤1.1手心挂接.txt	肉欲	rzyg	rzyg	未知飞键、非音码或读音集合未覆盖；不猜测
鲸凉鹤1.1手心挂接.txt	肉粽	rzzl	rzzl	未知飞键、非音码或读音集合未覆盖；不猜测
鲸凉鹤1.1手心挂接.txt	撒到	sadl	sadl	未知飞键、非音码或读音集合未覆盖；不猜测
鲸凉鹤1.1手心挂接.txt	洒到	sadl	sadl	未知飞键、非音码或读音集合未覆盖；不猜测
鲸凉鹤1.1手心挂接.txt	萨满	samr	samr	未知飞键、非音码或读音集合未覆盖；不猜测
鲸凉鹤1.1手心挂接.txt	洒满	samr	samr	未知飞键、非音码或读音集合未覆盖；不猜测
鲸凉鹤1.1手心挂接.txt	撒满	samr	samr	未知飞键、非音码或读音集合未覆盖；不猜测
鲸凉鹤1.1手心挂接.txt	萨姆	samx	samx	未知飞键、非音码或读音集合未覆盖；不猜测
鲸凉鹤1.1手心挂接.txt	撒泼	saps	saps	未知飞键、非音码或读音集合未覆盖；不猜测
鲸凉鹤1.1手心挂接.txt	糁汤	sath	sath	未知飞键、非音码或读音集合未覆盖；不猜测
鲸凉鹤1.1手心挂接.txt	撒腿	satl	satl	未知飞键、非音码或读音集合未覆盖；不猜测
鲸凉鹤1.1手心挂接.txt	洒向	saxj	saxj	未知飞键、非音码或读音集合未覆盖；不猜测
鲸凉鹤1.1手心挂接.txt	撒向	saxj	saxj	未知飞键、非音码或读音集合未覆盖；不猜测
鲸凉鹤1.1手心挂接.txt	撒盐	sayf	sayf	未知飞键、非音码或读音集合未覆盖；不猜测
鲸凉鹤1.1手心挂接.txt	扫到	scdl	scdl	未知飞键、非音码或读音集合未覆盖；不猜测
鲸凉鹤1.1手心挂接.txt	扫件	scjz	scjz	未知飞键、非音码或读音集合未覆盖；不猜测
鲸凉鹤1.1手心挂接.txt	扫墓	scmx	scmx	未知飞键、非音码或读音集合未覆盖；不猜测
鲸凉鹤1.1手心挂接.txt	骚男	scnz	scnz	未知飞键、非音码或读音集合未覆盖；不猜测
鲸凉鹤1.1手心挂接.txt	臊皮	scpe	scpe	未知飞键、非音码或读音集合未覆盖；不猜测
鲸凉鹤1.1手心挂接.txt	骚婆	scps	scps	未知飞键、非音码或读音集合未覆盖；不猜测
鲸凉鹤1.1手心挂接.txt	扫平	scpx	scpx	未知飞键、非音码或读音集合未覆盖；不猜测
鲸凉鹤1.1手心挂接.txt	扫腿	sctl	sctl	未知飞键、非音码或读音集合未覆盖；不猜测
鲸凉鹤1.1手心挂接.txt	扫眼	scyf	scyf	未知飞键、非音码或读音集合未覆盖；不猜测
鲸凉鹤1.1手心挂接.txt	赛道	sddl	sddl	未知飞键、非音码或读音集合未覆盖；不猜测
鲸凉鹤1.1手心挂接.txt	塞到	sddl	sddl	未知飞键、非音码或读音集合未覆盖；不猜测
鲸凉鹤1.1手心挂接.txt	塞规	sdgi	sdgi	未知飞键、非音码或读音集合未覆盖；不猜测
鲸凉鹤1.1手心挂接.txt	赛道	sdjf	sdjf	未知飞键、非音码或读音集合未覆盖；不猜测
鲸凉鹤1.1手心挂接.txt	塞满	sdmr	sdmr	未知飞键、非音码或读音集合未覆盖；不猜测
鲸凉鹤1.1手心挂接.txt	赛楠	sdnz	sdnz	未知飞键、非音码或读音集合未覆盖；不猜测
鲸凉鹤1.1手心挂接.txt	塞皮	sdpe	sdpe	未知飞键、非音码或读音集合未覆盖；不猜测
鲸凉鹤1.1手心挂接.txt	塞雁	sdyf	sdyf	未知飞键、非音码或读音集合未覆盖；不猜测
鲸凉鹤1.1手心挂接.txt	赛鱼	sdyg	sdyg	未知飞键、非音码或读音集合未覆盖；不猜测
鲸凉鹤1.1手心挂接.txt	色鬼	segi	segi	未知飞键、非音码或读音集合未覆盖；不猜测
鲸凉鹤1.1手心挂接.txt	渋谷	segu	segu	未知飞键、非音码或读音集合未覆盖；不猜测
鲸凉鹤1.1手心挂接.txt	色母	semx	semx	未知飞键、非音码或读音集合未覆盖；不猜测
鲸凉鹤1.1手心挂接.txt	色男	senz	senz	未知飞键、非音码或读音集合未覆盖；不猜测
鲸凉鹤1.1手心挂接.txt	色批	sepe	sepe	未知飞键、非音码或读音集合未覆盖；不猜测
鲸凉鹤1.1手心挂接.txt	色眼	seyf	seyf	未知飞键、非音码或读音集合未覆盖；不猜测
鲸凉鹤1.1手心挂接.txt	色欲	seyg	seyg	未知飞键、非音码或读音集合未覆盖；不猜测
鲸凉鹤1.1手心挂接.txt	色域	seyg	seyg	未知飞键、非音码或读音集合未覆盖；不猜测
鲸凉鹤1.1手心挂接.txt	森木	sfmx	sfmx	未知飞键、非音码或读音集合未覆盖；不猜测
鲸凉鹤1.1手心挂接.txt	森破	sfps	sfps	未知飞键、非音码或读音集合未覆盖；不猜测
鲸凉鹤1.1手心挂接.txt	森婆	sfps	sfps	未知飞键、非音码或读音集合未覆盖；不猜测
鲸凉鹤1.1手心挂接.txt	糁汤	sfth	sfth	未知飞键、非音码或读音集合未覆盖；不猜测
鲸凉鹤1.1手心挂接.txt	森山	sfus	sfus	未知飞键、非音码或读音集合未覆盖；不猜测
鲸凉鹤1.1手心挂接.txt	森严	sfyf	sfyf	未知飞键、非音码或读音集合未覆盖；不猜测
鲸凉鹤1.1手心挂接.txt	森郁	sfyg	sfyg	未知飞键、非音码或读音集合未覆盖；不猜测
鲸凉鹤1.1手心挂接.txt	僧道	sgdl	sgdl	未知飞键、非音码或读音集合未覆盖；不猜测
鲸凉鹤1.1手心挂接.txt	僧道	sgjf	sgjf	未知飞键、非音码或读音集合未覆盖；不猜测
鲸凉鹤1.1手心挂接.txt	桑木	shmx	shmx	未知飞键、非音码或读音集合未覆盖；不猜测
鲸凉鹤1.1手心挂接.txt	丧母	shmx	shmx	未知飞键、非音码或读音集合未覆盖；不猜测
鲸凉鹤1.1手心挂接.txt	桑皮	shpe	shpe	未知飞键、非音码或读音集合未覆盖；不猜测
鲸凉鹤1.1手心挂接.txt	桑椹	shvf	shvf	未知飞键、非音码或读音集合未覆盖；不猜测
鲸凉鹤1.1手心挂接.txt	桑榆	shyg	shyg	未知飞键、非音码或读音集合未覆盖；不猜测
鲸凉鹤1.1手心挂接.txt	思聪	sicl	sicl	未知飞键、非音码或读音集合未覆盖；不猜测
鲸凉鹤1.1手心挂接.txt	思悼	sidl	sidl	未知飞键、非音码或读音集合未覆盖；不猜测
鲸凉鹤1.1手心挂接.txt	死到	sidl	sidl	未知飞键、非音码或读音集合未覆盖；不猜测
鲸凉鹤1.1手心挂接.txt	四道	sidl	sidl	未知飞键、非音码或读音集合未覆盖；不猜测
鲸凉鹤1.1手心挂接.txt	厮打	sidw	sidw	未知飞键、非音码或读音集合未覆盖；不猜测
鲸凉鹤1.1手心挂接.txt	死鬼	sigi	sigi	未知飞键、非音码或读音集合未覆盖；不猜测
鲸凉鹤1.1手心挂接.txt	死贵	sigi	sigi	未知飞键、非音码或读音集合未覆盖；不猜测
鲸凉鹤1.1手心挂接.txt	四关	sigp	sigp	未知飞键、非音码或读音集合未覆盖；不猜测
鲸凉鹤1.1手心挂接.txt	寺观	sigp	sigp	未知飞键、非音码或读音集合未覆盖；不猜测
鲸凉鹤1.1手心挂接.txt	四道	sijf	sijf	未知飞键、非音码或读音集合未覆盖；不猜测
鲸凉鹤1.1手心挂接.txt	四溅	sijz	sijz	未知飞键、非音码或读音集合未覆盖；不猜测
鲸凉鹤1.1手心挂接.txt	四件	sijz	sijz	未知飞键、非音码或读音集合未覆盖；不猜测
鲸凉鹤1.1手心挂接.txt	撕裂	silf	silf	未知飞键、非音码或读音集合未覆盖；不猜测
鲸凉鹤1.1手心挂接.txt	四列	silf	silf	未知飞键、非音码或读音集合未覆盖；不猜测
鲸凉鹤1.1手心挂接.txt	死咯	silo	silo	未知飞键、非音码或读音集合未覆盖；不猜测
鲸凉鹤1.1手心挂接.txt	死慢	simr	simr	未知飞键、非音码或读音集合未覆盖；不猜测
鲸凉鹤1.1手心挂接.txt	撕漫	simr	simr	未知飞键、非音码或读音集合未覆盖；不猜测
鲸凉鹤1.1手心挂接.txt	斯曼	simr	simr	未知飞键、非音码或读音集合未覆盖；不猜测
鲸凉鹤1.1手心挂接.txt	思慕	simx	simx	未知飞键、非音码或读音集合未覆盖；不猜测
鲸凉鹤1.1手心挂接.txt	私募	simx	simx	未知飞键、非音码或读音集合未覆盖；不猜测
鲸凉鹤1.1手心挂接.txt	四目	simx	simx	未知飞键、非音码或读音集合未覆盖；不猜测
鲸凉鹤1.1手心挂接.txt	死难	sinz	sinz	未知飞键、非音码或读音集合未覆盖；不猜测
鲸凉鹤1.1手心挂接.txt	死皮	sipe	sipe	未知飞键、非音码或读音集合未覆盖；不猜测
鲸凉鹤1.1手心挂接.txt	四批	sipe	sipe	未知飞键、非音码或读音集合未覆盖；不猜测
鲸凉鹤1.1手心挂接.txt	撕破	sips	sips	未知飞键、非音码或读音集合未覆盖；不猜测
鲸凉鹤1.1手心挂接.txt	四平	sipx	sipx	未知飞键、非音码或读音集合未覆盖；不猜测
鲸凉鹤1.1手心挂接.txt	四起	siqe	siqe	未知飞键、非音码或读音集合未覆盖；不猜测
鲸凉鹤1.1手心挂接.txt	撕腿	sitl	sitl	未知飞键、非音码或读音集合未覆盖；不猜测
鲸凉鹤1.1手心挂接.txt	驷驖	sitp	sitp	未知飞键、非音码或读音集合未覆盖；不猜测
鲸凉鹤1.1手心挂接.txt	思政	sivk	sivk	未知飞键、非音码或读音集合未覆盖；不猜测
鲸凉鹤1.1手心挂接.txt	死症	sivk	sivk	未知飞键、非音码或读音集合未覆盖；不猜测
鲸凉鹤1.1手心挂接.txt	寺正	sivk	sivk	未知飞键、非音码或读音集合未覆盖；不猜测
鲸凉鹤1.1手心挂接.txt	思修	sixo	sixo	未知飞键、非音码或读音集合未覆盖；不猜测
鲸凉鹤1.1手心挂接.txt	私盐	siyf	siyf	未知飞键、非音码或读音集合未覆盖；不猜测
鲸凉鹤1.1手心挂接.txt	四眼	siyf	siyf	未知飞键、非音码或读音集合未覆盖；不猜测
鲸凉鹤1.1手心挂接.txt	死于	siyg	siyg	未知飞键、非音码或读音集合未覆盖；不猜测
鲸凉鹤1.1手心挂接.txt	私欲	siyg	siyg	未知飞键、非音码或读音集合未覆盖；不猜测
鲸凉鹤1.1手心挂接.txt	死鱼	siyg	siyg	未知飞键、非音码或读音集合未覆盖；不猜测
鲸凉鹤1.1手心挂接.txt	私语	siyg	siyg	未知飞键、非音码或读音集合未覆盖；不猜测
鲸凉鹤1.1手心挂接.txt	三从	sjcl	sjcl	未知飞键、非音码或读音集合未覆盖；不猜测
鲸凉鹤1.1手心挂接.txt	霰弹	sjdj	sjdj	未知飞键、非音码或读音集合未覆盖；不猜测
鲸凉鹤1.1手心挂接.txt	三道	sjdl	sjdl	未知飞键、非音码或读音集合未覆盖；不猜测
鲸凉鹤1.1手心挂接.txt	三刀	sjdl	sjdl	未知飞键、非音码或读音集合未覆盖；不猜测
鲸凉鹤1.1手心挂接.txt	散打	sjdw	sjdw	未知飞键、非音码或读音集合未覆盖；不猜测
鲸凉鹤1.1手心挂接.txt	三桂	sjgi	sjgi	未知飞键、非音码或读音集合未覆盖；不猜测
鲸凉鹤1.1手心挂接.txt	三观	sjgp	sjgp	未知飞键、非音码或读音集合未覆盖；不猜测
鲸凉鹤1.1手心挂接.txt	三关	sjgp	sjgp	未知飞键、非音码或读音集合未覆盖；不猜测
鲸凉鹤1.1手心挂接.txt	三管	sjgp	sjgp	未知飞键、非音码或读音集合未覆盖；不猜测
鲸凉鹤1.1手心挂接.txt	三冠	sjgp	sjgp	未知飞键、非音码或读音集合未覆盖；不猜测
鲸凉鹤1.1手心挂接.txt	三道	sjjf	sjjf	未知飞键、非音码或读音集合未覆盖；不猜测
鲸凉鹤1.1手心挂接.txt	三件	sjjz	sjjz	未知飞键、非音码或读音集合未覆盖；不猜测
鲸凉鹤1.1手心挂接.txt	三间	sjjz	sjjz	未知飞键、非音码或读音集合未覆盖；不猜测
鲸凉鹤1.1手心挂接.txt	散件	sjjz	sjjz	未知飞键、非音码或读音集合未覆盖；不猜测
鲸凉鹤1.1手心挂接.txt	三建	sjjz	sjjz	未知飞键、非音码或读音集合未覆盖；不猜测
鲸凉鹤1.1手心挂接.txt	三列	sjlf	sjlf	未知飞键、非音码或读音集合未覆盖；不猜测
鲸凉鹤1.1手心挂接.txt	散漫	sjmr	sjmr	未知飞键、非音码或读音集合未覆盖；不猜测
鲸凉鹤1.1手心挂接.txt	三亩	sjmx	sjmx	未知飞键、非音码或读音集合未覆盖；不猜测
鲸凉鹤1.1手心挂接.txt	三木	sjmx	sjmx	未知飞键、非音码或读音集合未覆盖；不猜测
鲸凉鹤1.1手心挂接.txt	三匹	sjpe	sjpe	未知飞键、非音码或读音集合未覆盖；不猜测
鲸凉鹤1.1手心挂接.txt	三批	sjpe	sjpe	未知飞键、非音码或读音集合未覆盖；不猜测
鲸凉鹤1.1手心挂接.txt	三瓶	sjpx	sjpx	未知飞键、非音码或读音集合未覆盖；不猜测
鲸凉鹤1.1手心挂接.txt	三屏	sjpx	sjpx	未知飞键、非音码或读音集合未覆盖；不猜测
鲸凉鹤1.1手心挂接.txt	三起	sjqe	sjqe	未知飞键、非音码或读音集合未覆盖；不猜测
鲸凉鹤1.1手心挂接.txt	三山	sjus	sjus	未知飞键、非音码或读音集合未覆盖；不猜测
鲸凉鹤1.1手心挂接.txt	三郑	sjvk	sjvk	未知飞键、非音码或读音集合未覆盖；不猜测
鲸凉鹤1.1手心挂接.txt	散修	sjxo	sjxo	未知飞键、非音码或读音集合未覆盖；不猜测
鲸凉鹤1.1手心挂接.txt	三眼	sjyf	sjyf	未知飞键、非音码或读音集合未覆盖；不猜测
鲸凉鹤1.1手心挂接.txt	散烟	sjyf	sjyf	未知飞键、非音码或读音集合未覆盖；不猜测
鲸凉鹤1.1手心挂接.txt	三语	sjyg	sjyg	未知飞键、非音码或读音集合未覆盖；不猜测
鲸凉鹤1.1手心挂接.txt	散瘀	sjyg	sjyg	未知飞键、非音码或读音集合未覆盖；不猜测
鲸凉鹤1.1手心挂接.txt	三纵	sjzl	sjzl	未知飞键、非音码或读音集合未覆盖；不猜测
鲸凉鹤1.1手心挂接.txt	索道	sodl	sodl	未知飞键、非音码或读音集合未覆盖；不猜测
鲸凉鹤1.1手心挂接.txt	缩到	sodl	sodl	未知飞键、非音码或读音集合未覆盖；不猜测
鲸凉鹤1.1手心挂接.txt	所到	sodl	sodl	未知飞键、非音码或读音集合未覆盖；不猜测
鲸凉鹤1.1手心挂接.txt	锁柜	sogi	sogi	未知飞键、非音码或读音集合未覆盖；不猜测
鲸凉鹤1.1手心挂接.txt	所归	sogi	sogi	未知飞键、非音码或读音集合未覆盖；不猜测
鲸凉鹤1.1手心挂接.txt	所管	sogp	sogp	未知飞键、非音码或读音集合未覆盖；不猜测
鲸凉鹤1.1手心挂接.txt	索道	sojf	sojf	未知飞键、非音码或读音集合未覆盖；不猜测
鲸凉鹤1.1手心挂接.txt	缩减	sojz	sojz	未知飞键、非音码或读音集合未覆盖；不猜测
鲸凉鹤1.1手心挂接.txt	所见	sojz	sojz	未知飞键、非音码或读音集合未覆盖；不猜测
鲸凉鹤1.1手心挂接.txt	所列	solf	solf	未知飞键、非音码或读音集合未覆盖；不猜测
鲸凉鹤1.1手心挂接.txt	所难	sonz	sonz	未知飞键、非音码或读音集合未覆盖；不猜测
鲸凉鹤1.1手心挂接.txt	所迫	sops	sops	未知飞键、非音码或读音集合未覆盖；不猜测
鲸凉鹤1.1手心挂接.txt	锁屏	sopx	sopx	未知飞键、非音码或读音集合未覆盖；不猜测
鲸凉鹤1.1手心挂接.txt	索证	sovk	sovk	未知飞键、非音码或读音集合未覆盖；不猜测
鲸凉鹤1.1手心挂接.txt	所向	soxj	soxj	未知飞键、非音码或读音集合未覆盖；不猜测
鲸凉鹤1.1手心挂接.txt	所言	soyf	soyf	未知飞键、非音码或读音集合未覆盖；不猜测
鲸凉鹤1.1手心挂接.txt	所欲	soyg	soyg	未知飞键、非音码或读音集合未覆盖；不猜测
鲸凉鹤1.1手心挂接.txt	所遇	soyg	soyg	未知飞键、非音码或读音集合未覆盖；不猜测
鲸凉鹤1.1手心挂接.txt	梭鱼	soyg	soyg	未知飞键、非音码或读音集合未覆盖；不猜测
鲸凉鹤1.1手心挂接.txt	算到	srdl	srdl	未知飞键、非音码或读音集合未覆盖；不猜测
鲸凉鹤1.1手心挂接.txt	算贵	srgi	srgi	未知飞键、非音码或读音集合未覆盖；不猜测
鲸凉鹤1.1手心挂接.txt	酸罐	srgp	srgp	未知飞键、非音码或读音集合未覆盖；不猜测
鲸凉鹤1.1手心挂接.txt	酸碱	srjz	srjz	未知飞键、非音码或读音集合未覆盖；不猜测
鲸凉鹤1.1手心挂接.txt	算咯	srlo	srlo	未知飞键、非音码或读音集合未覆盖；不猜测
鲸凉鹤1.1手心挂接.txt	蒜皮	srpe	srpe	未知飞键、非音码或读音集合未覆盖；不猜测
鲸凉鹤1.1手心挂接.txt	算起	srqe	srqe	未知飞键、非音码或读音集合未覆盖；不猜测
鲸凉鹤1.1手心挂接.txt	酸盐	sryf	sryf	未知飞键、非音码或读音集合未覆盖；不猜测
鲸凉鹤1.1手心挂接.txt	酸雨	sryg	sryg	未知飞键、非音码或读音集合未覆盖；不猜测
鲸凉鹤1.1手心挂接.txt	送到	ssdl	ssdl	未知飞键、非音码或读音集合未覆盖；不猜测
鲸凉鹤1.1手心挂接.txt	送关	ssgp	ssgp	未知飞键、非音码或读音集合未覆盖；不猜测
鲸凉鹤1.1手心挂接.txt	耸肩	ssjz	ssjz	未知飞键、非音码或读音集合未覆盖；不猜测
鲸凉鹤1.1手心挂接.txt	送检	ssjz	ssjz	未知飞键、非音码或读音集合未覆盖；不猜测
鲸凉鹤1.1手心挂接.txt	松木	ssmx	ssmx	未知飞键、非音码或读音集合未覆盖；不猜测
鲸凉鹤1.1手心挂接.txt	淞南	ssnz	ssnz	未知飞键、非音码或读音集合未覆盖；不猜测
鲸凉鹤1.1手心挂接.txt	送批	sspe	sspe	未知飞键、非音码或读音集合未覆盖；不猜测
鲸凉鹤1.1手心挂接.txt	嵩山	ssus	ssus	未知飞键、非音码或读音集合未覆盖；不猜测
鲸凉鹤1.1手心挂接.txt	松正	ssvk	ssvk	未知飞键、非音码或读音集合未覆盖；不猜测
鲸凉鹤1.1手心挂接.txt	送修	ssxo	ssxo	未知飞键、非音码或读音集合未覆盖；不猜测
鲸凉鹤1.1手心挂接.txt	送烟	ssyf	ssyf	未知飞键、非音码或读音集合未覆盖；不猜测
鲸凉鹤1.1手心挂接.txt	送与	ssyg	ssyg	未知飞键、非音码或读音集合未覆盖；不猜测
鲸凉鹤1.1手心挂接.txt	宋总	sszl	sszl	未知飞键、非音码或读音集合未覆盖；不猜测
鲸凉鹤1.1手心挂接.txt	速到	sudl	sudl	未知飞键、非音码或读音集合未覆盖；不猜测
鲸凉鹤1.1手心挂接.txt	苏打	sudw	sudw	未知飞键、非音码或读音集合未覆盖；不猜测
鲸凉鹤1.1手心挂接.txt	宿管	sugp	sugp	未知飞键、非音码或读音集合未覆盖；不猜测
鲸凉鹤1.1手心挂接.txt	素笺	sujz	sujz	未知飞键、非音码或读音集合未覆盖；不猜测
鲸凉鹤1.1手心挂接.txt	塑件	sujz	sujz	未知飞键、非音码或读音集合未覆盖；不猜测
鲸凉鹤1.1手心挂接.txt	苏曼	sumr	sumr	未知飞键、非音码或读音集合未覆盖；不猜测
鲸凉鹤1.1手心挂接.txt	肃穆	sumx	sumx	未知飞键、非音码或读音集合未覆盖；不猜测
鲸凉鹤1.1手心挂接.txt	苏南	sunz	sunz	未知飞键、非音码或读音集合未覆盖；不猜测
鲸凉鹤1.1手心挂接.txt	酥皮	supe	supe	未知飞键、非音码或读音集合未覆盖；不猜测
鲸凉鹤1.1手心挂接.txt	速洽	suqo	suqo	未知飞键、非音码或读音集合未覆盖；不猜测
鲸凉鹤1.1手心挂接.txt	速推	sutl	sutl	未知飞键、非音码或读音集合未覆盖；不猜测
鲸凉鹤1.1手心挂接.txt	苏珊	suus	suus	未知飞键、非音码或读音集合未覆盖；不猜测
鲸凉鹤1.1手心挂接.txt	苏正	suvk	suvk	未知飞键、非音码或读音集合未覆盖；不猜测
鲸凉鹤1.1手心挂接.txt	苏修	suxo	suxo	未知飞键、非音码或读音集合未覆盖；不猜测
鲸凉鹤1.1手心挂接.txt	苏绣	suxo	suxo	未知飞键、非音码或读音集合未覆盖；不猜测
鲸凉鹤1.1手心挂接.txt	素颜	suyf	suyf	未知飞键、非音码或读音集合未覆盖；不猜测
鲸凉鹤1.1手心挂接.txt	俗艳	suyf	suyf	未知飞键、非音码或读音集合未覆盖；不猜测
鲸凉鹤1.1手心挂接.txt	俗谚	suyf	suyf	未知飞键、非音码或读音集合未覆盖；不猜测
鲸凉鹤1.1手心挂接.txt	俗语	suyg	suyg	未知飞键、非音码或读音集合未覆盖；不猜测
鲸凉鹤1.1手心挂接.txt	粟裕	suyg	suyg	未知飞键、非音码或读音集合未覆盖；不猜测
鲸凉鹤1.1手心挂接.txt	随从	svcl	svcl	未知飞键、非音码或读音集合未覆盖；不猜测
鲸凉鹤1.1手心挂接.txt	隧道	svdl	svdl	未知飞键、非音码或读音集合未覆盖；不猜测
鲸凉鹤1.1手心挂接.txt	随到	svdl	svdl	未知飞键、非音码或读音集合未覆盖；不猜测
鲸凉鹤1.1手心挂接.txt	隧道	svjf	svjf	未知飞键、非音码或读音集合未覆盖；不猜测
鲸凉鹤1.1手心挂接.txt	碎裂	svlf	svlf	未知飞键、非音码或读音集合未覆盖；不猜测
鲸凉鹤1.1手心挂接.txt	碎木	svmx	svmx	未知飞键、非音码或读音集合未覆盖；不猜测
鲸凉鹤1.1手心挂接.txt	岁暮	svmx	svmx	未知飞键、非音码或读音集合未覆盖；不猜测
鲸凉鹤1.1手心挂接.txt	虽难	svnz	svnz	未知飞键、非音码或读音集合未覆盖；不猜测
鲸凉鹤1.1手心挂接.txt	碎皮	svpe	svpe	未知飞键、非音码或读音集合未覆盖；不猜测
鲸凉鹤1.1手心挂接.txt	岁破	svps	svps	未知飞键、非音码或读音集合未覆盖；不猜测
鲸凉鹤1.1手心挂接.txt	虽破	svps	svps	未知飞键、非音码或读音集合未覆盖；不猜测
鲸凉鹤1.1手心挂接.txt	碎屏	svpx	svpx	未知飞键、非音码或读音集合未覆盖；不猜测
鲸凉鹤1.1手心挂接.txt	岁起	svqe	svqe	未知飞键、非音码或读音集合未覆盖；不猜测
鲸凉鹤1.1手心挂接.txt	随删	svus	svus	未知飞键、非音码或读音集合未覆盖；不猜测
鲸凉鹤1.1手心挂接.txt	随之	svvp	svvp	未知飞键、非音码或读音集合未覆盖；不猜测
鲸凉鹤1.1手心挂接.txt	虽属	svvu	svvu	未知飞键、非音码或读音集合未覆盖；不猜测
鲸凉鹤1.1手心挂接.txt	岁修	svxo	svxo	未知飞键、非音码或读音集合未覆盖；不猜测
鲸凉鹤1.1手心挂接.txt	碎岩	svyf	svyf	未知飞键、非音码或读音集合未覆盖；不猜测
鲸凉鹤1.1手心挂接.txt	遂于	svyg	svyg	未知飞键、非音码或读音集合未覆盖；不猜测
鲸凉鹤1.1手心挂接.txt	碎玉	svyg	svyg	未知飞键、非音码或读音集合未覆盖；不猜测
鲸凉鹤1.1手心挂接.txt	碎语	svyg	svyg	未知飞键、非音码或读音集合未覆盖；不猜测
鲸凉鹤1.1手心挂接.txt	塞车	swie	swie	未知飞键、非音码或读音集合未覆盖；不猜测
鲸凉鹤1.1手心挂接.txt	塞牙	swya	swya	未知飞键、非音码或读音集合未覆盖；不猜测
鲸凉鹤1.1手心挂接.txt	损管	sygp	sygp	未知飞键、非音码或读音集合未覆盖；不猜测
鲸凉鹤1.1手心挂接.txt	笋尖	syjz	syjz	未知飞键、非音码或读音集合未覆盖；不猜测
鲸凉鹤1.1手心挂接.txt	孙曼	symr	symr	未知飞键、非音码或读音集合未覆盖；不猜测
鲸凉鹤1.1手心挂接.txt	孙楠	synz	synz	未知飞键、非音码或读音集合未覆盖；不猜测
鲸凉鹤1.1手心挂接.txt	损色	sysd	sysd	未知飞键、非音码或读音集合未覆盖；不猜测
鲸凉鹤1.1手心挂接.txt	损塞	syud	syud	未知飞键、非音码或读音集合未覆盖；不猜测
鲸凉鹤1.1手心挂接.txt	孙山	syus	syus	未知飞键、非音码或读音集合未覆盖；不猜测
鲸凉鹤1.1手心挂接.txt	孙正	syvk	syvk	未知飞键、非音码或读音集合未覆盖；不猜测
鲸凉鹤1.1手心挂接.txt	喰种	syvs	syvs	未知飞键、非音码或读音集合未覆盖；不猜测
鲸凉鹤1.1手心挂接.txt	孙宇	syyg	syyg	未知飞键、非音码或读音集合未覆盖；不猜测
鲸凉鹤1.1手心挂接.txt	孙总	syzl	syzl	未知飞键、非音码或读音集合未覆盖；不猜测
鲸凉鹤1.1手心挂接.txt	搜到	szdl	szdl	未知飞键、非音码或读音集合未覆盖；不猜测
鲸凉鹤1.1手心挂接.txt	搜检	szjz	szjz	未知飞键、非音码或读音集合未覆盖；不猜测
鲸凉鹤1.1手心挂接.txt	搜起	szqe	szqe	未知飞键、非音码或读音集合未覆盖；不猜测
鲸凉鹤1.1手心挂接.txt	搜证	szvk	szvk	未知飞键、非音码或读音集合未覆盖；不猜测
鲸凉鹤1.1手心挂接.txt	他到	tadl	tadl	未知飞键、非音码或读音集合未覆盖；不猜测
鲸凉鹤1.1手心挂接.txt	塔尖	tajz	tajz	未知飞键、非音码或读音集合未覆盖；不猜测
鲸凉鹤1.1手心挂接.txt	塌肩	tajz	tajz	未知飞键、非音码或读音集合未覆盖；不猜测
鲸凉鹤1.1手心挂接.txt	塔姆	tamx	tamx	未知飞键、非音码或读音集合未覆盖；不猜测
鲸凉鹤1.1手心挂接.txt	鳎目	tamx	tamx	未知飞键、非音码或读音集合未覆盖；不猜测
鲸凉鹤1.1手心挂接.txt	踏破	taps	taps	未知飞键、非音码或读音集合未覆盖；不猜测
鲸凉鹤1.1手心挂接.txt	踏平	tapx	tapx	未知飞键、非音码或读音集合未覆盖；不猜测
鲸凉鹤1.1手心挂接.txt	嗒然	tarj	tarj	未知飞键、非音码或读音集合未覆盖；不猜测
鲸凉鹤1.1手心挂接.txt	嗒丧	tash	tash	未知飞键、非音码或读音集合未覆盖；不猜测
鲸凉鹤1.1手心挂接.txt	塔扇	taus	taus	未知飞键、非音码或读音集合未覆盖；不猜测
鲸凉鹤1.1手心挂接.txt	塔山	taus	taus	未知飞键、非音码或读音集合未覆盖；不猜测
鲸凉鹤1.1手心挂接.txt	踏向	taxj	taxj	未知飞键、非音码或读音集合未覆盖；不猜测
鲸凉鹤1.1手心挂接.txt	踏炎	tayf	tayf	未知飞键、非音码或读音集合未覆盖；不猜测
鲸凉鹤1.1手心挂接.txt	他与	tayg	tayg	未知飞键、非音码或读音集合未覆盖；不猜测
鲸凉鹤1.1手心挂接.txt	她与	tayg	tayg	未知飞键、非音码或读音集合未覆盖；不猜测
鲸凉鹤1.1手心挂接.txt	它与	tayg	tayg	未知飞键、非音码或读音集合未覆盖；不猜测
鲸凉鹤1.1手心挂接.txt	他总	tazl	tazl	未知飞键、非音码或读音集合未覆盖；不猜测
鲸凉鹤1.1手心挂接.txt	逃到	tcdl	tcdl	未知飞键、非音码或读音集合未覆盖；不猜测
鲸凉鹤1.1手心挂接.txt	淘到	tcdl	tcdl	未知飞键、非音码或读音集合未覆盖；不猜测
鲸凉鹤1.1手心挂接.txt	套到	tcdl	tcdl	未知飞键、非音码或读音集合未覆盖；不猜测
鲸凉鹤1.1手心挂接.txt	讨打	tcdw	tcdw	未知飞键、非音码或读音集合未覆盖；不猜测
鲸凉鹤1.1手心挂接.txt	陶罐	tcgp	tcgp	未知飞键、非音码或读音集合未覆盖；不猜测
鲸凉鹤1.1手心挂接.txt	套管	tcgp	tcgp	未知飞键、非音码或读音集合未覆盖；不猜测
鲸凉鹤1.1手心挂接.txt	套间	tcjz	tcjz	未知飞键、非音码或读音集合未覆盖；不猜测
鲸凉鹤1.1手心挂接.txt	套件	tcjz	tcjz	未知飞键、非音码或读音集合未覆盖；不猜测
鲸凉鹤1.1手心挂接.txt	桃木	tcmx	tcmx	未知飞键、非音码或读音集合未覆盖；不猜测
鲸凉鹤1.1手心挂接.txt	逃难	tcnz	tcnz	未知飞键、非音码或读音集合未覆盖；不猜测
鲸凉鹤1.1手心挂接.txt	套皮	tcpe	tcpe	未知飞键、非音码或读音集合未覆盖；不猜测
鲸凉鹤1.1手心挂接.txt	桃皮	tcpe	tcpe	未知飞键、非音码或读音集合未覆盖；不猜测
鲸凉鹤1.1手心挂接.txt	套起	tcqe	tcqe	未知飞键、非音码或读音集合未覆盖；不猜测
鲸凉鹤1.1手心挂接.txt	套衫	tcus	tcus	未知飞键、非音码或读音集合未覆盖；不猜测
鲸凉鹤1.1手心挂接.txt	陶正	tcvk	tcvk	未知飞键、非音码或读音集合未覆盖；不猜测
鲸凉鹤1.1手心挂接.txt	逃向	tcxj	tcxj	未知飞键、非音码或读音集合未覆盖；不猜测
鲸凉鹤1.1手心挂接.txt	套袖	tcxo	tcxo	未知飞键、非音码或读音集合未覆盖；不猜测
鲸凉鹤1.1手心挂接.txt	讨厌	tcyf	tcyf	未知飞键、非音码或读音集合未覆盖；不猜测
鲸凉鹤1.1手心挂接.txt	逃狱	tcyg	tcyg	未知飞键、非音码或读音集合未覆盖；不猜测
鲸凉鹤1.1手心挂接.txt	抬到	tddl	tddl	未知飞键、非音码或读音集合未覆盖；不猜测
鲸凉鹤1.1手心挂接.txt	太刀	tddl	tddl	未知飞键、非音码或读音集合未覆盖；不猜测
鲸凉鹤1.1手心挂接.txt	太屌	tddn	tddn	未知飞键、非音码或读音集合未覆盖；不猜测
鲸凉鹤1.1手心挂接.txt	太贵	tdgi	tdgi	未知飞键、非音码或读音集合未覆盖；不猜测
鲸凉鹤1.1手心挂接.txt	台柜	tdgi	tdgi	未知飞键、非音码或读音集合未覆盖；不猜测
鲸凉鹤1.1手心挂接.txt	台规	tdgi	tdgi	未知飞键、非音码或读音集合未覆盖；不猜测
鲸凉鹤1.1手心挂接.txt	抬棺	tdgp	tdgp	未知飞键、非音码或读音集合未覆盖；不猜测
鲸凉鹤1.1手心挂接.txt	钛管	tdgp	tdgp	未知飞键、非音码或读音集合未覆盖；不猜测
鲸凉鹤1.1手心挂接.txt	太囧	tdjs	tdjs	未知飞键、非音码或读音集合未覆盖；不猜测
鲸凉鹤1.1手心挂接.txt	泰囧	tdjs	tdjs	未知飞键、非音码或读音集合未覆盖；不猜测
鲸凉鹤1.1手心挂接.txt	太监	tdjz	tdjz	未知飞键、非音码或读音集合未覆盖；不猜测
鲸凉鹤1.1手心挂接.txt	太贱	tdjz	tdjz	未知飞键、非音码或读音集合未覆盖；不猜测
鲸凉鹤1.1手心挂接.txt	抬肩	tdjz	tdjz	未知飞键、非音码或读音集合未覆盖；不猜测
鲸凉鹤1.1手心挂接.txt	台鉴	tdjz	tdjz	未知飞键、非音码或读音集合未覆盖；不猜测
鲸凉鹤1.1手心挂接.txt	太慢	tdmr	tdmr	未知飞键、非音码或读音集合未覆盖；不猜测
鲸凉鹤1.1手心挂接.txt	太满	tdmr	tdmr	未知飞键、非音码或读音集合未覆盖；不猜测
鲸凉鹤1.1手心挂接.txt	太难	tdnz	tdnz	未知飞键、非音码或读音集合未覆盖；不猜测
鲸凉鹤1.1手心挂接.txt	台南	tdnz	tdnz	未知飞键、非音码或读音集合未覆盖；不猜测
鲸凉鹤1.1手心挂接.txt	太皮	tdpe	tdpe	未知飞键、非音码或读音集合未覆盖；不猜测
鲸凉鹤1.1手心挂接.txt	太婆	tdps	tdps	未知飞键、非音码或读音集合未覆盖；不猜测
鲸凉鹤1.1手心挂接.txt	太破	tdps	tdps	未知飞键、非音码或读音集合未覆盖；不猜测
鲸凉鹤1.1手心挂接.txt	太平	tdpx	tdpx	未知飞键、非音码或读音集合未覆盖；不猜测
鲸凉鹤1.1手心挂接.txt	抬起	tdqe	tdqe	未知飞键、非音码或读音集合未覆盖；不猜测
鲸凉鹤1.1手心挂接.txt	抬腿	tdtl	tdtl	未知飞键、非音码或读音集合未覆盖；不猜测
鲸凉鹤1.1手心挂接.txt	泰山	tdus	tdus	未知飞键、非音码或读音集合未覆盖；不猜测
鲸凉鹤1.1手心挂接.txt	太闪	tdus	tdus	未知飞键、非音码或读音集合未覆盖；不猜测
鲸凉鹤1.1手心挂接.txt	太正	tdvk	tdvk	未知飞键、非音码或读音集合未覆盖；不猜测
鲸凉鹤1.1手心挂接.txt	抬眼	tdyf	tdyf	未知飞键、非音码或读音集合未覆盖；不猜测
鲸凉鹤1.1手心挂接.txt	太严	tdyf	tdyf	未知飞键、非音码或读音集合未覆盖；不猜测
鲸凉鹤1.1手心挂接.txt	太艳	tdyf	tdyf	未知飞键、非音码或读音集合未覆盖；不猜测
鲸凉鹤1.1手心挂接.txt	泰语	tdyg	tdyg	未知飞键、非音码或读音集合未覆盖；不猜测
鲸凉鹤1.1手心挂接.txt	台语	tdyg	tdyg	未知飞键、非音码或读音集合未覆盖；不猜测
鲸凉鹤1.1手心挂接.txt	太宗	tdzl	tdzl	未知飞键、非音码或读音集合未覆盖；不猜测
鲸凉鹤1.1手心挂接.txt	特关	tegp	tegp	未知飞键、非音码或读音集合未覆盖；不猜测
鲸凉鹤1.1手心挂接.txt	特管	tegp	tegp	未知飞键、非音码或读音集合未覆盖；不猜测
鲸凉鹤1.1手心挂接.txt	特检	tejz	tejz	未知飞键、非音码或读音集合未覆盖；不猜测
鲸凉鹤1.1手心挂接.txt	特慢	temr	temr	未知飞键、非音码或读音集合未覆盖；不猜测
鲸凉鹤1.1手心挂接.txt	特难	tenz	tenz	未知飞键、非音码或读音集合未覆盖；不猜测
鲸凉鹤1.1手心挂接.txt	特批	tepe	tepe	未知飞键、非音码或读音集合未覆盖；不猜测
鲸凉鹤1.1手心挂接.txt	特推	tetl	tetl	未知飞键、非音码或读音集合未覆盖；不猜测
鲸凉鹤1.1手心挂接.txt	特征	tevk	tevk	未知飞键、非音码或读音集合未覆盖；不猜测
鲸凉鹤1.1手心挂接.txt	特向	texj	texj	未知飞键、非音码或读音集合未覆盖；不猜测
鲸凉鹤1.1手心挂接.txt	特与	teyg	teyg	未知飞键、非音码或读音集合未覆盖；不猜测
鲸凉鹤1.1手心挂接.txt	特于	teyg	teyg	未知飞键、非音码或读音集合未覆盖；不猜测
鲸凉鹤1.1手心挂接.txt	腾贵	tggi	tggi	未知飞键、非音码或读音集合未覆盖；不猜测
鲸凉鹤1.1手心挂接.txt	藤间	tgjz	tgjz	未知飞键、非音码或读音集合未覆盖；不猜测
鲸凉鹤1.1手心挂接.txt	藤蔓	tgmr	tgmr	未知飞键、非音码或读音集合未覆盖；不猜测
鲸凉鹤1.1手心挂接.txt	藤木	tgmx	tgmx	未知飞键、非音码或读音集合未覆盖；不猜测
鲸凉鹤1.1手心挂接.txt	藤萍	tgpx	tgpx	未知飞键、非音码或读音集合未覆盖；不猜测
鲸凉鹤1.1手心挂接.txt	腾起	tgqe	tgqe	未知飞键、非音码或读音集合未覆盖；不猜测
鲸凉鹤1.1手心挂接.txt	腾退	tgtl	tgtl	未知飞键、非音码或读音集合未覆盖；不猜测
鲸凉鹤1.1手心挂接.txt	誊正	tgvk	tgvk	未知飞键、非音码或读音集合未覆盖；不猜测
鲸凉鹤1.1手心挂接.txt	腾宇	tgyg	tgyg	未知飞键、非音码或读音集合未覆盖；不猜测
鲸凉鹤1.1手心挂接.txt	躺倒	thdl	thdl	未知飞键、非音码或读音集合未覆盖；不猜测
鲸凉鹤1.1手心挂接.txt	躺到	thdl	thdl	未知飞键、非音码或读音集合未覆盖；不猜测
鲸凉鹤1.1手心挂接.txt	劏房	thfh	thfh	未知飞键、非音码或读音集合未覆盖；不猜测
鲸凉鹤1.1手心挂接.txt	躺柜	thgi	thgi	未知飞键、非音码或读音集合未覆盖；不猜测
鲸凉鹤1.1手心挂接.txt	糖罐	thgp	thgp	未知飞键、非音码或读音集合未覆盖；不猜测
鲸凉鹤1.1手心挂接.txt	唐建	thjz	thjz	未知飞键、非音码或读音集合未覆盖；不猜测
鲸凉鹤1.1手心挂接.txt	躺列	thlf	thlf	未知飞键、非音码或读音集合未覆盖；不猜测
鲸凉鹤1.1手心挂接.txt	汤姆	thmx	thmx	未知飞键、非音码或读音集合未覆盖；不猜测
鲸凉鹤1.1手心挂接.txt	躺平	thpx	thpx	未知飞键、非音码或读音集合未覆盖；不猜测
鲸凉鹤1.1手心挂接.txt	网调	thtn	thtn	未知飞键、非音码或读音集合未覆盖；不猜测
鲸凉鹤1.1手心挂接.txt	唐山	thus	thus	未知飞键、非音码或读音集合未覆盖；不猜测
鲸凉鹤1.1手心挂接.txt	唐正	thvk	thvk	未知飞键、非音码或读音集合未覆盖；不猜测
鲸凉鹤1.1手心挂接.txt	唐嫣	thyf	thyf	未知飞键、非音码或读音集合未覆盖；不猜测
鲸凉鹤1.1手心挂接.txt	汤浴	thyg	thyg	未知飞键、非音码或读音集合未覆盖；不猜测
鲸凉鹤1.1手心挂接.txt	提到	tidl	tidl	未知飞键、非音码或读音集合未覆盖；不猜测
鲸凉鹤1.1手心挂接.txt	剃刀	tidl	tidl	未知飞键、非音码或读音集合未覆盖；不猜测
鲸凉鹤1.1手心挂接.txt	踢到	tidl	tidl	未知飞键、非音码或读音集合未覆盖；不猜测
鲸凉鹤1.1手心挂接.txt	踢倒	tidl	tidl	未知飞键、非音码或读音集合未覆盖；不猜测
鲸凉鹤1.1手心挂接.txt	踢打	tidw	tidw	未知飞键、非音码或读音集合未覆盖；不猜测
鲸凉鹤1.1手心挂接.txt	踢馆	tigp	tigp	未知飞键、非音码或读音集合未覆盖；不猜测
鲸凉鹤1.1手心挂接.txt	体检	tijz	tijz	未知飞键、非音码或读音集合未覆盖；不猜测
鲸凉鹤1.1手心挂接.txt	踢毽	tijz	tijz	未知飞键、非音码或读音集合未覆盖；不猜测
鲸凉鹤1.1手心挂接.txt	提剑	tijz	tijz	未知飞键、非音码或读音集合未覆盖；不猜测
鲸凉鹤1.1手心挂接.txt	题目	timx	timx	未知飞键、非音码或读音集合未覆盖；不猜测
鲸凉鹤1.1手心挂接.txt	蹄髈	tiph	tiph	未知飞键、非音码或读音集合未覆盖；不猜测
鲸凉鹤1.1手心挂接.txt	体魄	tips	tips	未知飞键、非音码或读音集合未覆盖；不猜测
鲸凉鹤1.1手心挂接.txt	提起	tiqe	tiqe	未知飞键、非音码或读音集合未覆盖；不猜测
鲸凉鹤1.1手心挂接.txt	踢腿	titl	titl	未知飞键、非音码或读音集合未覆盖；不猜测
鲸凉鹤1.1手心挂接.txt	体征	tivk	tivk	未知飞键、非音码或读音集合未覆盖；不猜测
鲸凉鹤1.1手心挂接.txt	体修	tixo	tixo	未知飞键、非音码或读音集合未覆盖；不猜测
鲸凉鹤1.1手心挂接.txt	T恤	tixu	tixu	未知飞键、非音码或读音集合未覆盖；不猜测
鲸凉鹤1.1手心挂接.txt	体验	tiyf	tiyf	未知飞键、非音码或读音集合未覆盖；不猜测
鲸凉鹤1.1手心挂接.txt	体育	tiyg	tiyg	未知飞键、非音码或读音集合未覆盖；不猜测
鲸凉鹤1.1手心挂接.txt	谈到	tjdl	tjdl	未知飞键、非音码或读音集合未覆盖；不猜测
鲸凉鹤1.1手心挂接.txt	瘫倒	tjdl	tjdl	未知飞键、非音码或读音集合未覆盖；不猜测
鲸凉鹤1.1手心挂接.txt	叹道	tjdl	tjdl	未知飞键、非音码或读音集合未覆盖；不猜测
鲸凉鹤1.1手心挂接.txt	贪刀	tjdl	tjdl	未知飞键、非音码或读音集合未覆盖；不猜测
鲸凉鹤1.1手心挂接.txt	贪官	tjgp	tjgp	未知飞键、非音码或读音集合未覆盖；不猜测
鲸凉鹤1.1手心挂接.txt	叹道	tjjf	tjjf	未知飞键、非音码或读音集合未覆盖；不猜测
鲸凉鹤1.1手心挂接.txt	探监	tjjz	tjjz	未知飞键、非音码或读音集合未覆盖；不猜测
鲸凉鹤1.1手心挂接.txt	檀木	tjmx	tjmx	未知飞键、非音码或读音集合未覆盖；不猜测
鲸凉鹤1.1手心挂接.txt	贪慕	tjmx	tjmx	未知飞键、非音码或读音集合未覆盖；不猜测
鲸凉鹤1.1手心挂接.txt	坍圮	tjpe	tjpe	未知飞键、非音码或读音集合未覆盖；不猜测
鲸凉鹤1.1手心挂接.txt	摊平	tjpx	tjpx	未知飞键、非音码或读音集合未覆盖；不猜测
鲸凉鹤1.1手心挂接.txt	谈起	tjqe	tjqe	未知飞键、非音码或读音集合未覆盖；不猜测
鲸凉鹤1.1手心挂接.txt	弹起	tjqe	tjqe	未知飞键、非音码或读音集合未覆盖；不猜测
鲸凉鹤1.1手心挂接.txt	谭山	tjus	tjus	未知飞键、非音码或读音集合未覆盖；不猜测
鲸凉鹤1.1手心挂接.txt	谭政	tjvk	tjvk	未知飞键、非音码或读音集合未覆盖；不猜测
鲸凉鹤1.1手心挂接.txt	田湾	tjwm	tjwm	未知飞键、非音码或读音集合未覆盖；不猜测
鲸凉鹤1.1手心挂接.txt	坦言	tjyf	tjyf	未知飞键、非音码或读音集合未覆盖；不猜测
鲸凉鹤1.1手心挂接.txt	贪欲	tjyg	tjyg	未知飞键、非音码或读音集合未覆盖；不猜测
鲸凉鹤1.1手心挂接.txt	痰盂	tjyg	tjyg	未知飞键、非音码或读音集合未覆盖；不猜测
鲸凉鹤1.1手心挂接.txt	炭疽	tjzu	tjzu	未知飞键、非音码或读音集合未覆盖；不猜测
鲸凉鹤1.1手心挂接.txt	听从	tkcl	tkcl	未知飞键、非音码或读音集合未覆盖；不猜测
鲸凉鹤1.1手心挂接.txt	听到	tkdl	tkdl	未知飞键、非音码或读音集合未覆盖；不猜测
鲸凉鹤1.1手心挂接.txt	停到	tkdl	tkdl	未知飞键、非音码或读音集合未覆盖；不猜测
鲸凉鹤1.1手心挂接.txt	听打	tkdw	tkdw	未知飞键、非音码或读音集合未覆盖；不猜测
鲸凉鹤1.1手心挂接.txt	挺贵	tkgi	tkgi	未知飞键、非音码或读音集合未覆盖；不猜测
鲸凉鹤1.1手心挂接.txt	听惯	tkgp	tkgp	未知飞键、非音码或读音集合未覆盖；不猜测
鲸凉鹤1.1手心挂接.txt	听见	tkjz	tkjz	未知飞键、非音码或读音集合未覆盖；不猜测
鲸凉鹤1.1手心挂接.txt	停建	tkjz	tkjz	未知飞键、非音码或读音集合未覆盖；不猜测
鲸凉鹤1.1手心挂接.txt	听咯	tklo	tklo	未知飞键、非音码或读音集合未覆盖；不猜测
鲸凉鹤1.1手心挂接.txt	停满	tkmr	tkmr	未知飞键、非音码或读音集合未覆盖；不猜测
鲸凉鹤1.1手心挂接.txt	挺慢	tkmr	tkmr	未知飞键、非音码或读音集合未覆盖；不猜测
鲸凉鹤1.1手心挂接.txt	挺难	tknz	tknz	未知飞键、非音码或读音集合未覆盖；不猜测
鲸凉鹤1.1手心挂接.txt	听啤	tkpe	tkpe	未知飞键、非音码或读音集合未覆盖；不猜测
鲸凉鹤1.1手心挂接.txt	听凭	tkpx	tkpx	未知飞键、非音码或读音集合未覆盖；不猜测
鲸凉鹤1.1手心挂接.txt	挺起	tkqe	tkqe	未知飞键、非音码或读音集合未覆盖；不猜测
鲸凉鹤1.1手心挂接.txt	听证	tkvk	tkvk	未知飞键、非音码或读音集合未覆盖；不猜测
鲸凉鹤1.1手心挂接.txt	停休	tkxo	tkxo	未知飞键、非音码或读音集合未覆盖；不猜测
鲸凉鹤1.1手心挂接.txt	挺严	tkyf	tkyf	未知飞键、非音码或读音集合未覆盖；不猜测
鲸凉鹤1.1手心挂接.txt	听雨	tkyg	tkyg	未知飞键、非音码或读音集合未覆盖；不猜测
鲸凉鹤1.1手心挂接.txt	推啊	tlaa	tlaa	未知飞键、非音码或读音集合未覆盖；不猜测
鲸凉鹤1.1手心挂接.txt	腿癌	tlai	tlai	未知飞键、非音码或读音集合未覆盖；不猜测
鲸凉鹤1.1手心挂接.txt	推按	tlan	tlan	未知飞键、非音码或读音集合未覆盖；不猜测
鲸凉鹤1.1手心挂接.txt	退吧	tlba	tlba	未知飞键、非音码或读音集合未覆盖；不猜测
鲸凉鹤1.1手心挂接.txt	退保	tlbc	tlbc	未知飞键、非音码或读音集合未覆盖；不猜测
鲸凉鹤1.1手心挂接.txt	颓败	tlbd	tlbd	未知飞键、非音码或读音集合未覆盖；不猜测
鲸凉鹤1.1手心挂接.txt	退败	tlbd	tlbd	未知飞键、非音码或读音集合未覆盖；不猜测
鲸凉鹤1.1手心挂接.txt	退本	tlbf	tlbf	未知飞键、非音码或读音集合未覆盖；不猜测
鲸凉鹤1.1手心挂接.txt	退帮	tlbh	tlbh	未知飞键、非音码或读音集合未覆盖；不猜测
鲸凉鹤1.1手心挂接.txt	退避	tlbi	tlbi	未知飞键、非音码或读音集合未覆盖；不猜测
鲸凉鹤1.1手心挂接.txt	推板	tlbj	tlbj	未知飞键、非音码或读音集合未覆盖；不猜测
鲸凉鹤1.1手心挂接.txt	退兵	tlbk	tlbk	未知飞键、非音码或读音集合未覆盖；不猜测
鲸凉鹤1.1手心挂接.txt	蜕变	tlbm	tlbm	未知飞键、非音码或读音集合未覆盖；不猜测
鲸凉鹤1.1手心挂接.txt	褪变	tlbm	tlbm	未知飞键、非音码或读音集合未覆盖；不猜测
鲸凉鹤1.1手心挂接.txt	推波	tlbo	tlbo	未知飞键、非音码或读音集合未覆盖；不猜测
鲸凉鹤1.1手心挂接.txt	退步	tlbu	tlbu	未知飞键、非音码或读音集合未覆盖；不猜测
鲸凉鹤1.1手心挂接.txt	腿部	tlbu	tlbu	未知飞键、非音码或读音集合未覆盖；不猜测
鲸凉鹤1.1手心挂接.txt	推背	tlbw	tlbw	未知飞键、非音码或读音集合未覆盖；不猜测
鲸凉鹤1.1手心挂接.txt	退菜	tlcd	tlcd	未知飞键、非音码或读音集合未覆盖；不猜测
鲸凉鹤1.1手心挂接.txt	推测	tlce	tlce	未知飞键、非音码或读音集合未覆盖；不猜测
鲸凉鹤1.1手心挂接.txt	退仓	tlch	tlch	未知飞键、非音码或读音集合未覆盖；不猜测
鲸凉鹤1.1手心挂接.txt	推辞	tlci	tlci	未知飞键、非音码或读音集合未覆盖；不猜测
鲸凉鹤1.1手心挂接.txt	退磁	tlci	tlci	未知飞键、非音码或读音集合未覆盖；不猜测
鲸凉鹤1.1手心挂接.txt	颓残	tlcj	tlcj	未知飞键、非音码或读音集合未覆盖；不猜测
鲸凉鹤1.1手心挂接.txt	腿粗	tlcu	tlcu	未知飞键、非音码或读音集合未覆盖；不猜测
鲸凉鹤1.1手心挂接.txt	忒大	tlda	tlda	未知飞键、非音码或读音集合未覆盖；不猜测
鲸凉鹤1.1手心挂接.txt	推倒	tldc	tldc	未知飞键、非音码或读音集合未覆盖；不猜测
鲸凉鹤1.1手心挂接.txt	推导	tldc	tldc	未知飞键、非音码或读音集合未覆盖；不猜测
鲸凉鹤1.1手心挂接.txt	退到	tldc	tldc	未知飞键、非音码或读音集合未覆盖；不猜测
鲸凉鹤1.1手心挂接.txt	腿带	tldd	tldd	未知飞键、非音码或读音集合未覆盖；不猜测
鲸凉鹤1.1手心挂接.txt	退的	tlde	tlde	未知飞键、非音码或读音集合未覆盖；不猜测
鲸凉鹤1.1手心挂接.txt	退党	tldh	tldh	未知飞键、非音码或读音集合未覆盖；不猜测
鲸凉鹤1.1手心挂接.txt	推挡	tldh	tldh	未知飞键、非音码或读音集合未覆盖；不猜测
鲸凉鹤1.1手心挂接.txt	退敌	tldi	tldi	未知飞键、非音码或读音集合未覆盖；不猜测
鲸凉鹤1.1手心挂接.txt	退单	tldj	tldj	未知飞键、非音码或读音集合未覆盖；不猜测
鲸凉鹤1.1手心挂接.txt	退订	tldk	tldk	未知飞键、非音码或读音集合未覆盖；不猜测
鲸凉鹤1.1手心挂接.txt	推定	tldk	tldk	未知飞键、非音码或读音集合未覆盖；不猜测
鲸凉鹤1.1手心挂接.txt	推倒	tldl	tldl	未知飞键、非音码或读音集合未覆盖；不猜测
鲸凉鹤1.1手心挂接.txt	推导	tldl	tldl	未知飞键、非音码或读音集合未覆盖；不猜测
鲸凉鹤1.1手心挂接.txt	退到	tldl	tldl	未知飞键、非音码或读音集合未覆盖；不猜测
鲸凉鹤1.1手心挂接.txt	退佃	tldm	tldm	未知飞键、非音码或读音集合未覆盖；不猜测
鲸凉鹤1.1手心挂接.txt	推掉	tldn	tldn	未知飞键、非音码或读音集合未覆盖；不猜测
鲸凉鹤1.1手心挂接.txt	退掉	tldn	tldn	未知飞键、非音码或读音集合未覆盖；不猜测
鲸凉鹤1.1手心挂接.txt	忒多	tldo	tldo	未知飞键、非音码或读音集合未覆盖；不猜测
鲸凉鹤1.1手心挂接.txt	推断	tldr	tldr	未知飞键、非音码或读音集合未覆盖；不猜测
鲸凉鹤1.1手心挂接.txt	腿短	tldr	tldr	未知飞键、非音码或读音集合未覆盖；不猜测
鲸凉鹤1.1手心挂接.txt	推动	tlds	tlds	未知飞键、非音码或读音集合未覆盖；不猜测
鲸凉鹤1.1手心挂接.txt	腿肚	tldu	tldu	未知飞键、非音码或读音集合未覆盖；不猜测
鲸凉鹤1.1手心挂接.txt	退队	tldv	tldv	未知飞键、非音码或读音集合未覆盖；不猜测
鲸凉鹤1.1手心挂接.txt	腿抖	tldz	tldz	未知飞键、非音码或读音集合未覆盖；不猜测
鲸凉鹤1.1手心挂接.txt	推恩	tlen	tlen	未知飞键、非音码或读音集合未覆盖；不猜测
鲸凉鹤1.1手心挂接.txt	退而	tler	tler	未知飞键、非音码或读音集合未覆盖；不猜测
鲸凉鹤1.1手心挂接.txt	腿法	tlfa	tlfa	未知飞键、非音码或读音集合未覆盖；不猜测
鲸凉鹤1.1手心挂接.txt	颓风	tlfg	tlfg	未知飞键、非音码或读音集合未覆盖；不猜测
鲸凉鹤1.1手心挂接.txt	退房	tlfh	tlfh	未知飞键、非音码或读音集合未覆盖；不猜测
鲸凉鹤1.1手心挂接.txt	推翻	tlfj	tlfj	未知飞键、非音码或读音集合未覆盖；不猜测
鲸凉鹤1.1手心挂接.txt	退服	tlfu	tlfu	未知飞键、非音码或读音集合未覆盖；不猜测
鲸凉鹤1.1手心挂接.txt	退付	tlfu	tlfu	未知飞键、非音码或读音集合未覆盖；不猜测
鲸凉鹤1.1手心挂接.txt	颓废	tlfw	tlfw	未知飞键、非音码或读音集合未覆盖；不猜测
鲸凉鹤1.1手心挂接.txt	退费	tlfw	tlfw	未知飞键、非音码或读音集合未覆盖；不猜测
鲸凉鹤1.1手心挂接.txt	退稿	tlgc	tlgc	未知飞键、非音码或读音集合未覆盖；不猜测
鲸凉鹤1.1手心挂接.txt	推高	tlgc	tlgc	未知飞键、非音码或读音集合未覆盖；不猜测
鲸凉鹤1.1手心挂接.txt	退改	tlgd	tlgd	未知飞键、非音码或读音集合未覆盖；不猜测
鲸凉鹤1.1手心挂接.txt	退格	tlge	tlge	未知飞键、非音码或读音集合未覆盖；不猜测
鲸凉鹤1.1手心挂接.txt	腿根	tlgf	tlgf	未知飞键、非音码或读音集合未覆盖；不猜测
鲸凉鹤1.1手心挂接.txt	退耕	tlgg	tlgg	未知飞键、非音码或读音集合未覆盖；不猜测
鲸凉鹤1.1手心挂接.txt	退岗	tlgh	tlgh	未知飞键、非音码或读音集合未覆盖；不猜测
鲸凉鹤1.1手心挂接.txt	推柜	tlgi	tlgi	未知飞键、非音码或读音集合未覆盖；不猜测
鲸凉鹤1.1手心挂接.txt	推杆	tlgj	tlgj	未知飞键、非音码或读音集合未覆盖；不猜测
鲸凉鹤1.1手心挂接.txt	推广	tlgl	tlgl	未知飞键、非音码或读音集合未覆盖；不猜测
鲸凉鹤1.1手心挂接.txt	推过	tlgo	tlgo	未知飞键、非音码或读音集合未覆盖；不猜测
鲸凉鹤1.1手心挂接.txt	退关	tlgp	tlgp	未知飞键、非音码或读音集合未覆盖；不猜测
鲸凉鹤1.1手心挂接.txt	退关	tlgr	tlgr	未知飞键、非音码或读音集合未覆盖；不猜测
鲸凉鹤1.1手心挂接.txt	退工	tlgs	tlgs	未知飞键、非音码或读音集合未覆盖；不猜测
鲸凉鹤1.1手心挂接.txt	腿骨	tlgu	tlgu	未知飞键、非音码或读音集合未覆盖；不猜测
鲸凉鹤1.1手心挂接.txt	退股	tlgu	tlgu	未知飞键、非音码或读音集合未覆盖；不猜测
鲸凉鹤1.1手心挂接.txt	推柜	tlgv	tlgv	未知飞键、非音码或读音集合未覆盖；不猜测
鲸凉鹤1.1手心挂接.txt	推给	tlgw	tlgw	未知飞键、非音码或读音集合未覆盖；不猜测
鲸凉鹤1.1手心挂接.txt	退给	tlgw	tlgw	未知飞键、非音码或读音集合未覆盖；不猜测
鲸凉鹤1.1手心挂接.txt	退好	tlhc	tlhc	未知飞键、非音码或读音集合未覆盖；不猜测
鲸凉鹤1.1手心挂接.txt	忒狠	tlhf	tlhf	未知飞键、非音码或读音集合未覆盖；不猜测
鲸凉鹤1.1手心挂接.txt	忒坏	tlhk	tlhk	未知飞键、非音码或读音集合未覆盖；不猜测
鲸凉鹤1.1手心挂接.txt	颓坏	tlhk	tlhk	未知飞键、非音码或读音集合未覆盖；不猜测
鲸凉鹤1.1手心挂接.txt	退黄	tlhl	tlhl	未知飞键、非音码或读音集合未覆盖；不猜测
鲸凉鹤1.1手心挂接.txt	退货	tlho	tlho	未知飞键、非音码或读音集合未覆盖；不猜测
鲸凉鹤1.1手心挂接.txt	退火	tlho	tlho	未知飞键、非音码或读音集合未覆盖；不猜测
鲸凉鹤1.1手心挂接.txt	退还	tlhr	tlhr	未知飞键、非音码或读音集合未覆盖；不猜测
鲸凉鹤1.1手心挂接.txt	退换	tlhr	tlhr	未知飞键、非音码或读音集合未覆盖；不猜测
鲸凉鹤1.1手心挂接.txt	退户	tlhu	tlhu	未知飞键、非音码或读音集合未覆盖；不猜测
鲸凉鹤1.1手心挂接.txt	退回	tlhv	tlhv	未知飞键、非音码或读音集合未覆盖；不猜测
鲸凉鹤1.1手心挂接.txt	推回	tlhv	tlhv	未知飞键、非音码或读音集合未覆盖；不猜测
鲸凉鹤1.1手心挂接.txt	忒黑	tlhw	tlhw	未知飞键、非音码或读音集合未覆盖；不猜测
鲸凉鹤1.1手心挂接.txt	退化	tlhx	tlhx	未知飞键、非音码或读音集合未覆盖；不猜测
鲸凉鹤1.1手心挂接.txt	蜕化	tlhx	tlhx	未知飞键、非音码或读音集合未覆盖；不猜测
鲸凉鹤1.1手心挂接.txt	退婚	tlhy	tlhy	未知飞键、非音码或读音集合未覆盖；不猜测
鲸凉鹤1.1手心挂接.txt	退后	tlhz	tlhz	未知飞键、非音码或读音集合未覆盖；不猜测
鲸凉鹤1.1手心挂接.txt	推后	tlhz	tlhz	未知飞键、非音码或读音集合未覆盖；不猜测
鲸凉鹤1.1手心挂接.txt	忒差	tlia	tlia	未知飞键、非音码或读音集合未覆盖；不猜测
鲸凉鹤1.1手心挂接.txt	退潮	tlic	tlic	未知飞键、非音码或读音集合未覆盖；不猜测
鲸凉鹤1.1手心挂接.txt	退朝	tlic	tlic	未知飞键、非音码或读音集合未覆盖；不猜测
鲸凉鹤1.1手心挂接.txt	推车	tlie	tlie	未知飞键、非音码或读音集合未覆盖；不猜测
鲸凉鹤1.1手心挂接.txt	推陈	tlif	tlif	未知飞键、非音码或读音集合未覆盖；不猜测
鲸凉鹤1.1手心挂接.txt	退成	tlig	tlig	未知飞键、非音码或读音集合未覆盖；不猜测
鲸凉鹤1.1手心挂接.txt	退场	tlih	tlih	未知飞键、非音码或读音集合未覆盖；不猜测
鲸凉鹤1.1手心挂接.txt	腿长	tlih	tlih	未知飞键、非音码或读音集合未覆盖；不猜测
鲸凉鹤1.1手心挂接.txt	推迟	tlii	tlii	未知飞键、非音码或读音集合未覆盖；不猜测
鲸凉鹤1.1手心挂接.txt	推窗	tlil	tlil	未知飞键、非音码或读音集合未覆盖；不猜测
鲸凉鹤1.1手心挂接.txt	推崇	tlis	tlis	未知飞键、非音码或读音集合未覆盖；不猜测
鲸凉鹤1.1手心挂接.txt	退出	tliu	tliu	未知飞键、非音码或读音集合未覆盖；不猜测
鲸凉鹤1.1手心挂接.txt	推出	tliu	tliu	未知飞键、非音码或读音集合未覆盖；不猜测
鲸凉鹤1.1手心挂接.txt	退筹	tliz	tliz	未知飞键、非音码或读音集合未覆盖；不猜测
鲸凉鹤1.1手心挂接.txt	推进	tljb	tljb	未知飞键、非音码或读音集合未覆盖；不猜测
鲸凉鹤1.1手心挂接.txt	推挤	tlji	tlji	未知飞键、非音码或读音集合未覆盖；不猜测
鲸凉鹤1.1手心挂接.txt	推及	tlji	tlji	未知飞键、非音码或读音集合未覆盖；不猜测
鲸凉鹤1.1手心挂接.txt	退静	tljk	tljk	未知飞键、非音码或读音集合未覆盖；不猜测
鲸凉鹤1.1手心挂接.txt	退浆	tljl	tljl	未知飞键、非音码或读音集合未覆盖；不猜测
鲸凉鹤1.1手心挂接.txt	推荐	tljm	tljm	未知飞键、非音码或读音集合未覆盖；不猜测
鲸凉鹤1.1手心挂接.txt	退件	tljm	tljm	未知飞键、非音码或读音集合未覆盖；不猜测
鲸凉鹤1.1手心挂接.txt	腿间	tljm	tljm	未知飞键、非音码或读音集合未覆盖；不猜测
鲸凉鹤1.1手心挂接.txt	腿脚	tljn	tljn	未知飞键、非音码或读音集合未覆盖；不猜测
鲸凉鹤1.1手心挂接.txt	推介	tljp	tljp	未知飞键、非音码或读音集合未覆盖；不猜测
鲸凉鹤1.1手心挂接.txt	推究	tljq	tljq	未知飞键、非音码或读音集合未覆盖；不猜测
鲸凉鹤1.1手心挂接.txt	退卷	tljr	tljr	未知飞键、非音码或读音集合未覆盖；不猜测
鲸凉鹤1.1手心挂接.txt	推举	tlju	tlju	未知飞键、非音码或读音集合未覆盖；不猜测
鲸凉鹤1.1手心挂接.txt	退居	tlju	tlju	未知飞键、非音码或读音集合未覆盖；不猜测
鲸凉鹤1.1手心挂接.txt	腿甲	tljx	tljx	未知飞键、非音码或读音集合未覆盖；不猜测
鲸凉鹤1.1手心挂接.txt	退军	tljy	tljy	未知飞键、非音码或读音集合未覆盖；不猜测
鲸凉鹤1.1手心挂接.txt	推荐	tljz	tljz	未知飞键、非音码或读音集合未覆盖；不猜测
鲸凉鹤1.1手心挂接.txt	退件	tljz	tljz	未知飞键、非音码或读音集合未覆盖；不猜测
鲸凉鹤1.1手心挂接.txt	腿间	tljz	tljz	未知飞键、非音码或读音集合未覆盖；不猜测
鲸凉鹤1.1手心挂接.txt	退卡	tlka	tlka	未知飞键、非音码或读音集合未覆盖；不猜测
鲸凉鹤1.1手心挂接.txt	推开	tlkd	tlkd	未知飞键、非音码或读音集合未覆盖；不猜测
鲸凉鹤1.1手心挂接.txt	退开	tlkd	tlkd	未知飞键、非音码或读音集合未覆盖；不猜测
鲸凉鹤1.1手心挂接.txt	退课	tlke	tlke	未知飞键、非音码或读音集合未覆盖；不猜测
鲸凉鹤1.1手心挂接.txt	蜕壳	tlke	tlke	未知飞键、非音码或读音集合未覆盖；不猜测
鲸凉鹤1.1手心挂接.txt	退坑	tlkg	tlkg	未知飞键、非音码或读音集合未覆盖；不猜测
鲸凉鹤1.1手心挂接.txt	忒快	tlkk	tlkk	未知飞键、非音码或读音集合未覆盖；不猜测
鲸凉鹤1.1手心挂接.txt	退款	tlkr	tlkr	未知飞键、非音码或读音集合未覆盖；不猜测
鲸凉鹤1.1手心挂接.txt	腿控	tlks	tlks	未知飞键、非音码或读音集合未覆盖；不猜测
鲸凉鹤1.1手心挂接.txt	退库	tlku	tlku	未知飞键、非音码或读音集合未覆盖；不猜测
鲸凉鹤1.1手心挂接.txt	推拉	tlla	tlla	未知飞键、非音码或读音集合未覆盖；不猜测
鲸凉鹤1.1手心挂接.txt	颓老	tllc	tllc	未知飞键、非音码或读音集合未覆盖；不猜测
鲸凉鹤1.1手心挂接.txt	推来	tlld	tlld	未知飞键、非音码或读音集合未覆盖；不猜测
鲸凉鹤1.1手心挂接.txt	退了	tlle	tlle	未知飞键、非音码或读音集合未覆盖；不猜测
鲸凉鹤1.1手心挂接.txt	推了	tlle	tlle	未知飞键、非音码或读音集合未覆盖；不猜测
鲸凉鹤1.1手心挂接.txt	颓了	tlle	tlle	未知飞键、非音码或读音集合未覆盖；不猜测
鲸凉鹤1.1手心挂接.txt	忒冷	tllg	tllg	未知飞键、非音码或读音集合未覆盖；不猜测
鲸凉鹤1.1手心挂接.txt	推理	tlli	tlli	未知飞键、非音码或读音集合未覆盖；不猜测
鲸凉鹤1.1手心挂接.txt	退料	tlln	tlln	未知飞键、非音码或读音集合未覆盖；不猜测
鲸凉鹤1.1手心挂接.txt	退咯	tllo	tllo	未知飞键、非音码或读音集合未覆盖；不猜测
鲸凉鹤1.1手心挂接.txt	推流	tllq	tllq	未知飞键、非音码或读音集合未覆盖；不猜测
鲸凉鹤1.1手心挂接.txt	推龙	tlls	tlls	未知飞键、非音码或读音集合未覆盖；不猜测
鲸凉鹤1.1手心挂接.txt	退路	tllu	tllu	未知飞键、非音码或读音集合未覆盖；不猜测
鲸凉鹤1.1手心挂接.txt	忒累	tllw	tllw	未知飞键、非音码或读音集合未覆盖；不猜测
鲸凉鹤1.1手心挂接.txt	推论	tlly	tlly	未知飞键、非音码或读音集合未覆盖；不猜测
鲸凉鹤1.1手心挂接.txt	退吗	tlma	tlma	未知飞键、非音码或读音集合未覆盖；不猜测
鲸凉鹤1.1手心挂接.txt	腿毛	tlmc	tlmc	未知飞键、非音码或读音集合未覆盖；不猜测
鲸凉鹤1.1手心挂接.txt	退么	tlme	tlme	未知飞键、非音码或读音集合未覆盖；不猜测
鲸凉鹤1.1手心挂接.txt	推门	tlmf	tlmf	未知飞键、非音码或读音集合未覆盖；不猜测
鲸凉鹤1.1手心挂接.txt	退盟	tlmg	tlmg	未知飞键、非音码或读音集合未覆盖；不猜测
鲸凉鹤1.1手心挂接.txt	忒忙	tlmh	tlmh	未知飞键、非音码或读音集合未覆盖；不猜测
鲸凉鹤1.1手心挂接.txt	颓靡	tlmi	tlmi	未知飞键、非音码或读音集合未覆盖；不猜测
鲸凉鹤1.1手心挂接.txt	忒慢	tlmj	tlmj	未知飞键、非音码或读音集合未覆盖；不猜测
鲸凉鹤1.1手心挂接.txt	推免	tlmm	tlmm	未知飞键、非音码或读音集合未覆盖；不猜测
鲸凉鹤1.1手心挂接.txt	推磨	tlmo	tlmo	未知飞键、非音码或读音集合未覆盖；不猜测
鲸凉鹤1.1手心挂接.txt	腿模	tlmo	tlmo	未知飞键、非音码或读音集合未覆盖；不猜测
鲸凉鹤1.1手心挂接.txt	忒慢	tlmr	tlmr	未知飞键、非音码或读音集合未覆盖；不猜测
鲸凉鹤1.1手心挂接.txt	退没	tlmw	tlmw	未知飞键、非音码或读音集合未覆盖；不猜测
鲸凉鹤1.1手心挂接.txt	推拿	tlna	tlna	未知飞键、非音码或读音集合未覆盖；不猜测
鲸凉鹤1.1手心挂接.txt	退您	tlnb	tlnb	未知飞键、非音码或读音集合未覆盖；不猜测
鲸凉鹤1.1手心挂接.txt	推奶	tlnd	tlnd	未知飞键、非音码或读音集合未覆盖；不猜测
鲸凉鹤1.1手心挂接.txt	退你	tlni	tlni	未知飞键、非音码或读音集合未覆盖；不猜测
鲸凉鹤1.1手心挂接.txt	忒难	tlnj	tlnj	未知飞键、非音码或读音集合未覆盖；不猜测
鲸凉鹤1.1手心挂接.txt	推奴	tlnu	tlnu	未知飞键、非音码或读音集合未覆盖；不猜测
鲸凉鹤1.1手心挂接.txt	忒难	tlnz	tlnz	未知飞键、非音码或读音集合未覆盖；不猜测
鲸凉鹤1.1手心挂接.txt	退欧	tlou	tlou	未知飞键、非音码或读音集合未覆盖；不猜测
鲸凉鹤1.1手心挂接.txt	退聘	tlpb	tlpb	未知飞键、非音码或读音集合未覆盖；不猜测
鲸凉鹤1.1手心挂接.txt	腿排	tlpd	tlpd	未知飞键、非音码或读音集合未覆盖；不猜测
鲸凉鹤1.1手心挂接.txt	推牌	tlpd	tlpd	未知飞键、非音码或读音集合未覆盖；不猜测
鲸凉鹤1.1手心挂接.txt	蜕皮	tlpe	tlpe	未知飞键、非音码或读音集合未覆盖；不猜测
鲸凉鹤1.1手心挂接.txt	蜕皮	tlpi	tlpi	未知飞键、非音码或读音集合未覆盖；不猜测
鲸凉鹤1.1手心挂接.txt	推盘	tlpj	tlpj	未知飞键、非音码或读音集合未覆盖；不猜测
鲸凉鹤1.1手心挂接.txt	推平	tlpk	tlpk	未知飞键、非音码或读音集合未覆盖；不猜测
鲸凉鹤1.1手心挂接.txt	推片	tlpm	tlpm	未知飞键、非音码或读音集合未覆盖；不猜测
鲸凉鹤1.1手心挂接.txt	退票	tlpn	tlpn	未知飞键、非音码或读音集合未覆盖；不猜测
鲸凉鹤1.1手心挂接.txt	退坡	tlpo	tlpo	未知飞键、非音码或读音集合未覆盖；不猜测
鲸凉鹤1.1手心挂接.txt	退铺	tlpu	tlpu	未知飞键、非音码或读音集合未覆盖；不猜测
鲸凉鹤1.1手心挂接.txt	退赔	tlpw	tlpw	未知飞键、非音码或读音集合未覆盖；不猜测
鲸凉鹤1.1手心挂接.txt	推平	tlpx	tlpx	未知飞键、非音码或读音集合未覆盖；不猜测
鲸凉鹤1.1手心挂接.txt	退亲	tlqb	tlqb	未知飞键、非音码或读音集合未覆盖；不猜测
鲸凉鹤1.1手心挂接.txt	退钱	tlqm	tlqm	未知飞键、非音码或读音集合未覆盖；不猜测
鲸凉鹤1.1手心挂接.txt	推敲	tlqn	tlqn	未知飞键、非音码或读音集合未覆盖；不猜测
鲸凉鹤1.1手心挂接.txt	退怯	tlqp	tlqp	未知飞键、非音码或读音集合未覆盖；不猜测
鲸凉鹤1.1手心挂接.txt	推求	tlqq	tlqq	未知飞键、非音码或读音集合未覆盖；不猜测
鲸凉鹤1.1手心挂接.txt	退圈	tlqr	tlqr	未知飞键、非音码或读音集合未覆盖；不猜测
鲸凉鹤1.1手心挂接.txt	退却	tlqt	tlqt	未知飞键、非音码或读音集合未覆盖；不猜测
鲸凉鹤1.1手心挂接.txt	腿瘸	tlqt	tlqt	未知飞键、非音码或读音集合未覆盖；不猜测
鲸凉鹤1.1手心挂接.txt	推却	tlqt	tlqt	未知飞键、非音码或读音集合未覆盖；不猜测
鲸凉鹤1.1手心挂接.txt	退去	tlqu	tlqu	未知飞键、非音码或读音集合未覆盖；不猜测
鲸凉鹤1.1手心挂接.txt	褪去	tlqu	tlqu	未知飞键、非音码或读音集合未覆盖；不猜测
鲸凉鹤1.1手心挂接.txt	退群	tlqy	tlqy	未知飞键、非音码或读音集合未覆盖；不猜测
鲸凉鹤1.1手心挂接.txt	退热	tlre	tlre	未知飞键、非音码或读音集合未覆盖；不猜测
鲸凉鹤1.1手心挂接.txt	推人	tlrf	tlrf	未知飞键、非音码或读音集合未覆盖；不猜测
鲸凉鹤1.1手心挂接.txt	退让	tlrh	tlrh	未知飞键、非音码或读音集合未覆盖；不猜测
鲸凉鹤1.1手心挂接.txt	推让	tlrh	tlrh	未知飞键、非音码或读音集合未覆盖；不猜测
鲸凉鹤1.1手心挂接.txt	颓然	tlrj	tlrj	未知飞键、非音码或读音集合未覆盖；不猜测
鲸凉鹤1.1手心挂接.txt	腿软	tlrr	tlrr	未知飞键、非音码或读音集合未覆盖；不猜测
鲸凉鹤1.1手心挂接.txt	推入	tlru	tlru	未知飞键、非音码或读音集合未覆盖；不猜测
鲸凉鹤1.1手心挂接.txt	退入	tlru	tlru	未知飞键、非音码或读音集合未覆盖；不猜测
鲸凉鹤1.1手心挂接.txt	腿肉	tlrz	tlrz	未知飞键、非音码或读音集合未覆盖；不猜测
鲸凉鹤1.1手心挂接.txt	退赛	tlsd	tlsd	未知飞键、非音码或读音集合未覆盖；不猜测
鲸凉鹤1.1手心挂接.txt	褪色	tlse	tlse	未知飞键、非音码或读音集合未覆盖；不猜测
鲸凉鹤1.1手心挂接.txt	退色	tlse	tlse	未知飞键、非音码或读音集合未覆盖；不猜测
鲸凉鹤1.1手心挂接.txt	推搡	tlsh	tlsh	未知飞键、非音码或读音集合未覆盖；不猜测
鲸凉鹤1.1手心挂接.txt	颓丧	tlsh	tlsh	未知飞键、非音码或读音集合未覆盖；不猜测
鲸凉鹤1.1手心挂接.txt	退散	tlsj	tlsj	未知飞键、非音码或读音集合未覆盖；不猜测
鲸凉鹤1.1手心挂接.txt	退缩	tlso	tlso	未知飞键、非音码或读音集合未覆盖；不猜测
鲸凉鹤1.1手心挂接.txt	推算	tlsr	tlsr	未知飞键、非音码或读音集合未覆盖；不猜测
鲸凉鹤1.1手心挂接.txt	腿酸	tlsr	tlsr	未知飞键、非音码或读音集合未覆盖；不猜测
鲸凉鹤1.1手心挂接.txt	推送	tlss	tlss	未知飞键、非音码或读音集合未覆盖；不猜测
鲸凉鹤1.1手心挂接.txt	退宿	tlsu	tlsu	未知飞键、非音码或读音集合未覆盖；不猜测
鲸凉鹤1.1手心挂接.txt	推塔	tlta	tlta	未知飞键、非音码或读音集合未覆盖；不猜测
鲸凉鹤1.1手心挂接.txt	腿套	tltc	tltc	未知飞键、非音码或读音集合未覆盖；不猜测
鲸凉鹤1.1手心挂接.txt	退台	tltd	tltd	未知飞键、非音码或读音集合未覆盖；不猜测
鲸凉鹤1.1手心挂接.txt	推特	tlte	tlte	未知飞键、非音码或读音集合未覆盖；不猜测
鲸凉鹤1.1手心挂接.txt	腿疼	tltg	tltg	未知飞键、非音码或读音集合未覆盖；不猜测
鲸凉鹤1.1手心挂接.txt	颓唐	tlth	tlth	未知飞键、非音码或读音集合未覆盖；不猜测
鲸凉鹤1.1手心挂接.txt	退堂	tlth	tlth	未知飞键、非音码或读音集合未覆盖；不猜测
鲸凉鹤1.1手心挂接.txt	退庭	tltk	tltk	未知飞键、非音码或读音集合未覆盖；不猜测
鲸凉鹤1.1手心挂接.txt	推推	tltl	tltl	未知飞键、非音码或读音集合未覆盖；不猜测
鲸凉鹤1.1手心挂接.txt	退条	tltn	tltn	未知飞键、非音码或读音集合未覆盖；不猜测
鲸凉鹤1.1手心挂接.txt	推脱	tlto	tlto	未知飞键、非音码或读音集合未覆盖；不猜测
鲸凉鹤1.1手心挂接.txt	推托	tlto	tlto	未知飞键、非音码或读音集合未覆盖；不猜测
鲸凉鹤1.1手心挂接.txt	退团	tltr	tltr	未知飞键、非音码或读音集合未覆盖；不猜测
鲸凉鹤1.1手心挂接.txt	腿痛	tlts	tlts	未知飞键、非音码或读音集合未覆盖；不猜测
鲸凉鹤1.1手心挂接.txt	推图	tltu	tltu	未知飞键、非音码或读音集合未覆盖；不猜测
鲸凉鹤1.1手心挂接.txt	推土	tltu	tltu	未知飞键、非音码或读音集合未覆盖；不猜测
鲸凉鹤1.1手心挂接.txt	推头	tltz	tltz	未知飞键、非音码或读音集合未覆盖；不猜测
鲸凉鹤1.1手心挂接.txt	退啥	tlua	tlua	未知飞键、非音码或读音集合未覆盖；不猜测
鲸凉鹤1.1手心挂接.txt	退烧	tluc	tluc	未知飞键、非音码或读音集合未覆盖；不猜测
鲸凉鹤1.1手心挂接.txt	推射	tlue	tlue	未知飞键、非音码或读音集合未覆盖；不猜测
鲸凉鹤1.1手心挂接.txt	退审	tluf	tluf	未知飞键、非音码或读音集合未覆盖；不猜测
鲸凉鹤1.1手心挂接.txt	推升	tlug	tlug	未知飞键、非音码或读音集合未覆盖；不猜测
鲸凉鹤1.1手心挂接.txt	腿上	tluh	tluh	未知飞键、非音码或读音集合未覆盖；不猜测
鲸凉鹤1.1手心挂接.txt	推上	tluh	tluh	未知飞键、非音码或读音集合未覆盖；不猜测
鲸凉鹤1.1手心挂接.txt	腿伤	tluh	tluh	未知飞键、非音码或读音集合未覆盖；不猜测
鲸凉鹤1.1手心挂接.txt	颓势	tlui	tlui	未知飞键、非音码或读音集合未覆盖；不猜测
鲸凉鹤1.1手心挂接.txt	退市	tlui	tlui	未知飞键、非音码或读音集合未覆盖；不猜测
鲸凉鹤1.1手心挂接.txt	推说	tluo	tluo	未知飞键、非音码或读音集合未覆盖；不猜测
鲸凉鹤1.1手心挂接.txt	推书	tluu	tluu	未知飞键、非音码或读音集合未覆盖；不猜测
鲸凉鹤1.1手心挂接.txt	退税	tluv	tluv	未知飞键、非音码或读音集合未覆盖；不猜测
鲸凉鹤1.1手心挂接.txt	退水	tluv	tluv	未知飞键、非音码或读音集合未覆盖；不猜测
鲸凉鹤1.1手心挂接.txt	退守	tluz	tluz	未知飞键、非音码或读音集合未覆盖；不猜测
鲸凉鹤1.1手心挂接.txt	推手	tluz	tluz	未知飞键、非音码或读音集合未覆盖；不猜测
鲸凉鹤1.1手心挂接.txt	腿照	tlvc	tlvc	未知飞键、非音码或读音集合未覆盖；不猜测
鲸凉鹤1.1手心挂接.txt	推着	tlve	tlve	未知飞键、非音码或读音集合未覆盖；不猜测
鲸凉鹤1.1手心挂接.txt	推针	tlvf	tlvf	未知飞键、非音码或读音集合未覆盖；不猜测
鲸凉鹤1.1手心挂接.txt	退证	tlvg	tlvg	未知飞键、非音码或读音集合未覆盖；不猜测
鲸凉鹤1.1手心挂接.txt	退账	tlvh	tlvh	未知飞键、非音码或读音集合未覆盖；不猜测
鲸凉鹤1.1手心挂接.txt	推掌	tlvh	tlvh	未知飞键、非音码或读音集合未覆盖；不猜测
鲸凉鹤1.1手心挂接.txt	推至	tlvi	tlvi	未知飞键、非音码或读音集合未覆盖；不猜测
鲸凉鹤1.1手心挂接.txt	退职	tlvi	tlvi	未知飞键、非音码或读音集合未覆盖；不猜测
鲸凉鹤1.1手心挂接.txt	推知	tlvi	tlvi	未知飞键、非音码或读音集合未覆盖；不猜测
鲸凉鹤1.1手心挂接.txt	退证	tlvk	tlvk	未知飞键、非音码或读音集合未覆盖；不猜测
鲸凉鹤1.1手心挂接.txt	退转	tlvr	tlvr	未知飞键、非音码或读音集合未覆盖；不猜测
鲸凉鹤1.1手心挂接.txt	推中	tlvs	tlvs	未知飞键、非音码或读音集合未覆盖；不猜测
鲸凉鹤1.1手心挂接.txt	推注	tlvu	tlvu	未知飞键、非音码或读音集合未覆盖；不猜测
鲸凉鹤1.1手心挂接.txt	腿袜	tlwa	tlwa	未知飞键、非音码或读音集合未覆盖；不猜测
鲸凉鹤1.1手心挂接.txt	推文	tlwf	tlwf	未知飞键、非音码或读音集合未覆盖；不猜测
鲸凉鹤1.1手心挂接.txt	退网	tlwh	tlwh	未知飞键、非音码或读音集合未覆盖；不猜测
鲸凉鹤1.1手心挂接.txt	推完	tlwj	tlwj	未知飞键、非音码或读音集合未覆盖；不猜测
鲸凉鹤1.1手心挂接.txt	推我	tlwo	tlwo	未知飞键、非音码或读音集合未覆盖；不猜测
鲸凉鹤1.1手心挂接.txt	退伍	tlwu	tlwu	未知飞键、非音码或读音集合未覆盖；不猜测
鲸凉鹤1.1手心挂接.txt	推诿	tlww	tlww	未知飞键、非音码或读音集合未覆盖；不猜测
鲸凉鹤1.1手心挂接.txt	退位	tlww	tlww	未知飞键、非音码或读音集合未覆盖；不猜测
鲸凉鹤1.1手心挂接.txt	腿围	tlww	tlww	未知飞键、非音码或读音集合未覆盖；不猜测
鲸凉鹤1.1手心挂接.txt	退信	tlxb	tlxb	未知飞键、非音码或读音集合未覆盖；不猜测
鲸凉鹤1.1手心挂接.txt	退席	tlxi	tlxi	未知飞键、非音码或读音集合未覆盖；不猜测
鲸凉鹤1.1手心挂接.txt	腿细	tlxi	tlxi	未知飞键、非音码或读音集合未覆盖；不猜测
鲸凉鹤1.1手心挂接.txt	推向	tlxj	tlxj	未知飞键、非音码或读音集合未覆盖；不猜测
鲸凉鹤1.1手心挂接.txt	推行	tlxk	tlxk	未知飞键、非音码或读音集合未覆盖；不猜测
鲸凉鹤1.1手心挂接.txt	退行	tlxk	tlxk	未知飞键、非音码或读音集合未覆盖；不猜测
鲸凉鹤1.1手心挂接.txt	腿型	tlxk	tlxk	未知飞键、非音码或读音集合未覆盖；不猜测
鲸凉鹤1.1手心挂接.txt	腿形	tlxk	tlxk	未知飞键、非音码或读音集合未覆盖；不猜测
鲸凉鹤1.1手心挂接.txt	推向	tlxl	tlxl	未知飞键、非音码或读音集合未覆盖；不猜测
鲸凉鹤1.1手心挂接.txt	推想	tlxl	tlxl	未知飞键、非音码或读音集合未覆盖；不猜测
鲸凉鹤1.1手心挂接.txt	推线	tlxm	tlxm	未知飞键、非音码或读音集合未覆盖；不猜测
鲸凉鹤1.1手心挂接.txt	推销	tlxn	tlxn	未知飞键、非音码或读音集合未覆盖；不猜测
鲸凉鹤1.1手心挂接.txt	退休	tlxo	tlxo	未知飞键、非音码或读音集合未覆盖；不猜测
鲸凉鹤1.1手心挂接.txt	推卸	tlxp	tlxp	未知飞键、非音码或读音集合未覆盖；不猜测
鲸凉鹤1.1手心挂接.txt	退休	tlxq	tlxq	未知飞键、非音码或读音集合未覆盖；不猜测
鲸凉鹤1.1手心挂接.txt	推选	tlxr	tlxr	未知飞键、非音码或读音集合未覆盖；不猜测
鲸凉鹤1.1手心挂接.txt	退学	tlxt	tlxt	未知飞键、非音码或读音集合未覆盖；不猜测
鲸凉鹤1.1手心挂接.txt	推许	tlxu	tlxu	未知飞键、非音码或读音集合未覆盖；不猜测
鲸凉鹤1.1手心挂接.txt	退下	tlxx	tlxx	未知飞键、非音码或读音集合未覆盖；不猜测
鲸凉鹤1.1手心挂接.txt	推下	tlxx	tlxx	未知飞键、非音码或读音集合未覆盖；不猜测
鲸凉鹤1.1手心挂接.txt	褪下	tlxx	tlxx	未知飞键、非音码或读音集合未覆盖；不猜测
鲸凉鹤1.1手心挂接.txt	退押	tlya	tlya	未知飞键、非音码或读音集合未覆盖；不猜测
鲸凉鹤1.1手心挂接.txt	退隐	tlyb	tlyb	未知飞键、非音码或读音集合未覆盖；不猜测
鲸凉鹤1.1手心挂接.txt	退药	tlyc	tlyc	未知飞键、非音码或读音集合未覆盖；不猜测
鲸凉鹤1.1手心挂接.txt	推演	tlyf	tlyf	未知飞键、非音码或读音集合未覆盖；不猜测
鲸凉鹤1.1手心挂接.txt	推延	tlyf	tlyf	未知飞键、非音码或读音集合未覆盖；不猜测
鲸凉鹤1.1手心挂接.txt	推衍	tlyf	tlyf	未知飞键、非音码或读音集合未覆盖；不猜测
鲸凉鹤1.1手心挂接.txt	退养	tlyh	tlyh	未知飞键、非音码或读音集合未覆盖；不猜测
鲸凉鹤1.1手心挂接.txt	推移	tlyi	tlyi	未知飞键、非音码或读音集合未覆盖；不猜测
鲸凉鹤1.1手心挂接.txt	退役	tlyi	tlyi	未知飞键、非音码或读音集合未覆盖；不猜测
鲸凉鹤1.1手心挂接.txt	退意	tlyi	tlyi	未知飞键、非音码或读音集合未覆盖；不猜测
鲸凉鹤1.1手心挂接.txt	推演	tlyj	tlyj	未知飞键、非音码或读音集合未覆盖；不猜测
鲸凉鹤1.1手心挂接.txt	推延	tlyj	tlyj	未知飞键、非音码或读音集合未覆盖；不猜测
鲸凉鹤1.1手心挂接.txt	推衍	tlyj	tlyj	未知飞键、非音码或读音集合未覆盖；不猜测
鲸凉鹤1.1手心挂接.txt	推远	tlyr	tlyr	未知飞键、非音码或读音集合未覆盖；不猜测
鲸凉鹤1.1手心挂接.txt	颓垣	tlyr	tlyr	未知飞键、非音码或读音集合未覆盖；不猜测
鲸凉鹤1.1手心挂接.txt	忒远	tlyr	tlyr	未知飞键、非音码或读音集合未覆盖；不猜测
鲸凉鹤1.1手心挂接.txt	退佣	tlys	tlys	未知飞键、非音码或读音集合未覆盖；不猜测
鲸凉鹤1.1手心挂接.txt	退游	tlyz	tlyz	未知飞键、非音码或读音集合未覆盖；不猜测
鲸凉鹤1.1手心挂接.txt	推油	tlyz	tlyz	未知飞键、非音码或读音集合未覆盖；不猜测
鲸凉鹤1.1手心挂接.txt	推优	tlyz	tlyz	未知飞键、非音码或读音集合未覆盖；不猜测
鲸凉鹤1.1手心挂接.txt	忒早	tlzc	tlzc	未知飞键、非音码或读音集合未覆盖；不猜测
鲸凉鹤1.1手心挂接.txt	推在	tlzd	tlzd	未知飞键、非音码或读音集合未覆盖；不猜测
鲸凉鹤1.1手心挂接.txt	推责	tlze	tlze	未知飞键、非音码或读音集合未覆盖；不猜测
鲸凉鹤1.1手心挂接.txt	退赃	tlzh	tlzh	未知飞键、非音码或读音集合未覆盖；不猜测
鲸凉鹤1.1手心挂接.txt	推子	tlzi	tlzi	未知飞键、非音码或读音集合未覆盖；不猜测
鲸凉鹤1.1手心挂接.txt	腿子	tlzi	tlzi	未知飞键、非音码或读音集合未覆盖；不猜测
鲸凉鹤1.1手心挂接.txt	退租	tlzu	tlzu	未知飞键、非音码或读音集合未覆盖；不猜测
鲸凉鹤1.1手心挂接.txt	退走	tlzz	tlzz	未知飞键、非音码或读音集合未覆盖；不猜测
鲸凉鹤1.1手心挂接.txt	推走	tlzz	tlzz	未知飞键、非音码或读音集合未覆盖；不猜测
鲸凉鹤1.1手心挂接.txt	天聪	tmcl	tmcl	未知飞键、非音码或读音集合未覆盖；不猜测
鲸凉鹤1.1手心挂接.txt	天道	tmdl	tmdl	未知飞键、非音码或读音集合未覆盖；不猜测
鲸凉鹤1.1手心挂接.txt	天贵	tmgi	tmgi	未知飞键、非音码或读音集合未覆盖；不猜测
鲸凉鹤1.1手心挂接.txt	天官	tmgp	tmgp	未知飞键、非音码或读音集合未覆盖；不猜测
鲸凉鹤1.1手心挂接.txt	天关	tmgp	tmgp	未知飞键、非音码或读音集合未覆盖；不猜测
鲸凉鹤1.1手心挂接.txt	天道	tmjf	tmjf	未知飞键、非音码或读音集合未覆盖；不猜测
鲸凉鹤1.1手心挂接.txt	田间	tmjz	tmjz	未知飞键、非音码或读音集合未覆盖；不猜测
鲸凉鹤1.1手心挂接.txt	天剑	tmjz	tmjz	未知飞键、非音码或读音集合未覆盖；不猜测
鲸凉鹤1.1手心挂接.txt	填列	tmlf	tmlf	未知飞键、非音码或读音集合未覆盖；不猜测
鲸凉鹤1.1手心挂接.txt	天裂	tmlf	tmlf	未知飞键、非音码或读音集合未覆盖；不猜测
鲸凉鹤1.1手心挂接.txt	畋猎	tmlf	tmlf	未知飞键、非音码或读音集合未覆盖；不猜测
鲸凉鹤1.1手心挂接.txt	填满	tmmr	tmmr	未知飞键、非音码或读音集合未覆盖；不猜测
鲸凉鹤1.1手心挂接.txt	添满	tmmr	tmmr	未知飞键、非音码或读音集合未覆盖；不猜测
鲸凉鹤1.1手心挂接.txt	天姥	tmmu	tmmu	未知飞键、非音码或读音集合未覆盖；不猜测
鲸凉鹤1.1手心挂接.txt	天幕	tmmx	tmmx	未知飞键、非音码或读音集合未覆盖；不猜测
鲸凉鹤1.1手心挂接.txt	田亩	tmmx	tmmx	未知飞键、非音码或读音集合未覆盖；不猜测
鲸凉鹤1.1手心挂接.txt	天目	tmmx	tmmx	未知飞键、非音码或读音集合未覆盖；不猜测
鲸凉鹤1.1手心挂接.txt	天姥	tmmx	tmmx	未知飞键、非音码或读音集合未覆盖；不猜测
鲸凉鹤1.1手心挂接.txt	天南	tmnz	tmnz	未知飞键、非音码或读音集合未覆盖；不猜测
鲸凉鹤1.1手心挂接.txt	甜皮	tmpe	tmpe	未知飞键、非音码或读音集合未覆盖；不猜测
鲸凉鹤1.1手心挂接.txt	天平	tmpx	tmpx	未知飞键、非音码或读音集合未覆盖；不猜测
鲸凉鹤1.1手心挂接.txt	填平	tmpx	tmpx	未知飞键、非音码或读音集合未覆盖；不猜测
鲸凉鹤1.1手心挂接.txt	舔屏	tmpx	tmpx	未知飞键、非音码或读音集合未覆盖；不猜测
鲸凉鹤1.1手心挂接.txt	天山	tmus	tmus	未知飞键、非音码或读音集合未覆盖；不猜测
鲸凉鹤1.1手心挂接.txt	天正	tmvk	tmvk	未知飞键、非音码或读音集合未覆盖；不猜测
鲸凉鹤1.1手心挂接.txt	天秀	tmxo	tmxo	未知飞键、非音码或读音集合未覆盖；不猜测
鲸凉鹤1.1手心挂接.txt	天眼	tmyf	tmyf	未知飞键、非音码或读音集合未覆盖；不猜测
鲸凉鹤1.1手心挂接.txt	甜言	tmyf	tmyf	未知飞键、非音码或读音集合未覆盖；不猜测
鲸凉鹤1.1手心挂接.txt	天衍	tmyf	tmyf	未知飞键、非音码或读音集合未覆盖；不猜测
鲸凉鹤1.1手心挂接.txt	天宇	tmyg	tmyg	未知飞键、非音码或读音集合未覆盖；不猜测
鲸凉鹤1.1手心挂接.txt	天域	tmyg	tmyg	未知飞键、非音码或读音集合未覆盖；不猜测
鲸凉鹤1.1手心挂接.txt	天谕	tmyg	tmyg	未知飞键、非音码或读音集合未覆盖；不猜测
鲸凉鹤1.1手心挂接.txt	添雨	tmyg	tmyg	未知飞键、非音码或读音集合未覆盖；不猜测
鲸凉鹤1.1手心挂接.txt	天纵	tmzl	tmzl	未知飞键、非音码或读音集合未覆盖；不猜测
鲸凉鹤1.1手心挂接.txt	甜棕	tmzl	tmzl	未知飞键、非音码或读音集合未覆盖；不猜测
鲸凉鹤1.1手心挂接.txt	跳到	tndl	tndl	未知飞键、非音码或读音集合未覆盖；不猜测
鲸凉鹤1.1手心挂接.txt	调到	tndl	tndl	未知飞键、非音码或读音集合未覆盖；不猜测
鲸凉鹤1.1手心挂接.txt	条规	tngi	tngi	未知飞键、非音码或读音集合未覆盖；不猜测
鲸凉鹤1.1手心挂接.txt	跳关	tngp	tngp	未知飞键、非音码或读音集合未覆盖；不猜测
鲸凉鹤1.1手心挂接.txt	条件	tnjz	tnjz	未知飞键、非音码或读音集合未覆盖；不猜测
鲸凉鹤1.1手心挂接.txt	挑拣	tnjz	tnjz	未知飞键、非音码或读音集合未覆盖；不猜测
鲸凉鹤1.1手心挂接.txt	调慢	tnmr	tnmr	未知飞键、非音码或读音集合未覆盖；不猜测
鲸凉鹤1.1手心挂接.txt	条漫	tnmr	tnmr	未知飞键、非音码或读音集合未覆盖；不猜测
鲸凉鹤1.1手心挂接.txt	条目	tnmx	tnmx	未知飞键、非音码或读音集合未覆盖；不猜测
鲸凉鹤1.1手心挂接.txt	跳蝻	tnnz	tnnz	未知飞键、非音码或读音集合未覆盖；不猜测
鲸凉鹤1.1手心挂接.txt	调皮	tnpe	tnpe	未知飞键、非音码或读音集合未覆盖；不猜测
鲸凉鹤1.1手心挂接.txt	跳劈	tnpe	tnpe	未知飞键、非音码或读音集合未覆盖；不猜测
鲸凉鹤1.1手心挂接.txt	挑破	tnps	tnps	未知飞键、非音码或读音集合未覆盖；不猜测
鲸凉鹤1.1手心挂接.txt	调平	tnpx	tnpx	未知飞键、非音码或读音集合未覆盖；不猜测
鲸凉鹤1.1手心挂接.txt	跳屏	tnpx	tnpx	未知飞键、非音码或读音集合未覆盖；不猜测
鲸凉鹤1.1手心挂接.txt	挑起	tnqe	tnqe	未知飞键、非音码或读音集合未覆盖；不猜测
鲸凉鹤1.1手心挂接.txt	跳起	tnqe	tnqe	未知飞键、非音码或读音集合未覆盖；不猜测
鲸凉鹤1.1手心挂接.txt	条腿	tntl	tntl	未知飞键、非音码或读音集合未覆盖；不猜测
鲸凉鹤1.1手心挂接.txt	跳闪	tnus	tnus	未知飞键、非音码或读音集合未覆盖；不猜测
鲸凉鹤1.1手心挂接.txt	跳山	tnus	tnus	未知飞键、非音码或读音集合未覆盖；不猜测
鲸凉鹤1.1手心挂接.txt	调整	tnvk	tnvk	未知飞键、非音码或读音集合未覆盖；不猜测
鲸凉鹤1.1手心挂接.txt	调正	tnvk	tnvk	未知飞键、非音码或读音集合未覆盖；不猜测
鲸凉鹤1.1手心挂接.txt	调向	tnxj	tnxj	未知飞键、非音码或读音集合未覆盖；不猜测
鲸凉鹤1.1手心挂接.txt	调休	tnxo	tnxo	未知飞键、非音码或读音集合未覆盖；不猜测
鲸凉鹤1.1手心挂接.txt	挑檐	tnyf	tnyf	未知飞键、非音码或读音集合未覆盖；不猜测
鲸凉鹤1.1手心挂接.txt	条鱼	tnyg	tnyg	未知飞键、非音码或读音集合未覆盖；不猜测
鲸凉鹤1.1手心挂接.txt	拖到	todl	todl	未知飞键、非音码或读音集合未覆盖；不猜测
鲸凉鹤1.1手心挂接.txt	脱轨	togi	togi	未知飞键、非音码或读音集合未覆盖；不猜测
鲸凉鹤1.1手心挂接.txt	托管	togp	togp	未知飞键、非音码或读音集合未覆盖；不猜测
鲸凉鹤1.1手心挂接.txt	啴喛	tohr	tohr	未知飞键、非音码或读音集合未覆盖；不猜测
鲸凉鹤1.1手心挂接.txt	跅弛	toii	toii	未知飞键、非音码或读音集合未覆盖；不猜测
鲸凉鹤1.1手心挂接.txt	拓建	tojz	tojz	未知飞键、非音码或读音集合未覆盖；不猜测
鲸凉鹤1.1手心挂接.txt	她们	tomf	tomf	未知飞键、非音码或读音集合未覆盖；不猜测
鲸凉鹤1.1手心挂接.txt	拖慢	tomr	tomr	未知飞键、非音码或读音集合未覆盖；不猜测
鲸凉鹤1.1手心挂接.txt	托姆	tomx	tomx	未知飞键、非音码或读音集合未覆盖；不猜测
鲸凉鹤1.1手心挂接.txt	脱皮	tope	tope	未知飞键、非音码或读音集合未覆盖；不猜测
鲸凉鹤1.1手心挂接.txt	托平	topx	topx	未知飞键、非音码或读音集合未覆盖；不猜测
鲸凉鹤1.1手心挂接.txt	托起	toqe	toqe	未知飞键、非音码或读音集合未覆盖；不猜测
鲸凉鹤1.1手心挂接.txt	妥洽	toqo	toqo	未知飞键、非音码或读音集合未覆盖；不猜测
鲸凉鹤1.1手心挂接.txt	妥善	tous	tous	未知飞键、非音码或读音集合未覆盖；不猜测
鲸凉鹤1.1手心挂接.txt	拖向	toxj	toxj	未知飞键、非音码或读音集合未覆盖；不猜测
鲸凉鹤1.1手心挂接.txt	拖延	toyf	toyf	未知飞键、非音码或读音集合未覆盖；不猜测
鲸凉鹤1.1手心挂接.txt	脱狱	toyg	toyg	未知飞键、非音码或读音集合未覆盖；不猜测
鲸凉鹤1.1手心挂接.txt	唾余	toyg	toyg	未知飞键、非音码或读音集合未覆盖；不猜测
鲸凉鹤1.1手心挂接.txt	铁道	tpdl	tpdl	未知飞键、非音码或读音集合未覆盖；不猜测
鲸凉鹤1.1手心挂接.txt	贴到	tpdl	tpdl	未知飞键、非音码或读音集合未覆盖；不猜测
鲸凉鹤1.1手心挂接.txt	铁屌	tpdn	tpdn	未知飞键、非音码或读音集合未覆盖；不猜测
鲸凉鹤1.1手心挂接.txt	铁打	tpdw	tpdw	未知飞键、非音码或读音集合未覆盖；不猜测
鲸凉鹤1.1手心挂接.txt	铁轨	tpgi	tpgi	未知飞键、非音码或读音集合未覆盖；不猜测
鲸凉鹤1.1手心挂接.txt	铁柜	tpgi	tpgi	未知飞键、非音码或读音集合未覆盖；不猜测
鲸凉鹤1.1手心挂接.txt	铁管	tpgp	tpgp	未知飞键、非音码或读音集合未覆盖；不猜测
鲸凉鹤1.1手心挂接.txt	铁罐	tpgp	tpgp	未知飞键、非音码或读音集合未覆盖；不猜测
鲸凉鹤1.1手心挂接.txt	铁道	tpjf	tpjf	未知飞键、非音码或读音集合未覆盖；不猜测
鲸凉鹤1.1手心挂接.txt	铁骑	tpji	tpji	未知飞键、非音码或读音集合未覆盖；不猜测
鲸凉鹤1.1手心挂接.txt	铁剑	tpjz	tpjz	未知飞键、非音码或读音集合未覆盖；不猜测
鲸凉鹤1.1手心挂接.txt	贴满	tpmr	tpmr	未知飞键、非音码或读音集合未覆盖；不猜测
鲸凉鹤1.1手心挂接.txt	铁幕	tpmx	tpmx	未知飞键、非音码或读音集合未覆盖；不猜测
鲸凉鹤1.1手心挂接.txt	铁男	tpnz	tpnz	未知飞键、非音码或读音集合未覆盖；不猜测
鲸凉鹤1.1手心挂接.txt	铁皮	tppe	tppe	未知飞键、非音码或读音集合未覆盖；不猜测
鲸凉鹤1.1手心挂接.txt	贴平	tppx	tppx	未知飞键、非音码或读音集合未覆盖；不猜测
鲸凉鹤1.1手心挂接.txt	铁扇	tpus	tpus	未知飞键、非音码或读音集合未覆盖；不猜测
鲸凉鹤1.1手心挂接.txt	铁证	tpvk	tpvk	未知飞键、非音码或读音集合未覆盖；不猜测
鲸凉鹤1.1手心挂接.txt	贴之	tpvp	tpvp	未知飞键、非音码或读音集合未覆盖；不猜测
鲸凉鹤1.1手心挂接.txt	铁壳	tpxe	tpxe	未知飞键、非音码或读音集合未覆盖；不猜测
鲸凉鹤1.1手心挂接.txt	铁锈	tpxo	tpxo	未知飞键、非音码或读音集合未覆盖；不猜测
鲸凉鹤1.1手心挂接.txt	铁盐	tpyf	tpyf	未知飞键、非音码或读音集合未覆盖；不猜测
鲸凉鹤1.1手心挂接.txt	铁驭	tpyg	tpyg	未知飞键、非音码或读音集合未覆盖；不猜测
鲸凉鹤1.1手心挂接.txt	团岛	trdl	trdl	未知飞键、非音码或读音集合未覆盖；不猜测
鲸凉鹤1.1手心挂接.txt	团打	trdw	trdw	未知飞键、非音码或读音集合未覆盖；不猜测
鲸凉鹤1.1手心挂接.txt	团建	trjz	trjz	未知飞键、非音码或读音集合未覆盖；不猜测
鲸凉鹤1.1手心挂接.txt	团圞	trlr	trlr	未知飞键、非音码或读音集合未覆盖；不猜测
鲸凉鹤1.1手心挂接.txt	团推	trtl	trtl	未知飞键、非音码或读音集合未覆盖；不猜测
鲸凉鹤1.1手心挂接.txt	团扇	trus	trus	未知飞键、非音码或读音集合未覆盖；不猜测
鲸凉鹤1.1手心挂接.txt	团证	trvk	trvk	未知飞键、非音码或读音集合未覆盖；不猜测
鲸凉鹤1.1手心挂接.txt	团鱼	tryg	tryg	未知飞键、非音码或读音集合未覆盖；不猜测
鲸凉鹤1.1手心挂接.txt	团总	trzl	trzl	未知飞键、非音码或读音集合未覆盖；不猜测
鲸凉鹤1.1手心挂接.txt	团综	trzl	trzl	未知飞键、非音码或读音集合未覆盖；不猜测
鲸凉鹤1.1手心挂接.txt	通道	tsdl	tsdl	未知飞键、非音码或读音集合未覆盖；不猜测
鲸凉鹤1.1手心挂接.txt	同道	tsdl	tsdl	未知飞键、非音码或读音集合未覆盖；不猜测
鲸凉鹤1.1手心挂接.txt	痛打	tsdw	tsdw	未知飞键、非音码或读音集合未覆盖；不猜测
鲸凉鹤1.1手心挂接.txt	通打	tsdw	tsdw	未知飞键、非音码或读音集合未覆盖；不猜测
鲸凉鹤1.1手心挂接.txt	同归	tsgi	tsgi	未知飞键、非音码或读音集合未覆盖；不猜测
鲸凉鹤1.1手心挂接.txt	通规	tsgi	tsgi	未知飞键、非音码或读音集合未覆盖；不猜测
鲸凉鹤1.1手心挂接.txt	统归	tsgi	tsgi	未知飞键、非音码或读音集合未覆盖；不猜测
鲸凉鹤1.1手心挂接.txt	通关	tsgp	tsgp	未知飞键、非音码或读音集合未覆盖；不猜测
鲸凉鹤1.1手心挂接.txt	铜管	tsgp	tsgp	未知飞键、非音码或读音集合未覆盖；不猜测
鲸凉鹤1.1手心挂接.txt	统管	tsgp	tsgp	未知飞键、非音码或读音集合未覆盖；不猜测
鲸凉鹤1.1手心挂接.txt	通道	tsjf	tsjf	未知飞键、非音码或读音集合未覆盖；不猜测
鲸凉鹤1.1手心挂接.txt	同道	tsjf	tsjf	未知飞键、非音码或读音集合未覆盖；不猜测
鲸凉鹤1.1手心挂接.txt	通奸	tsjz	tsjz	未知飞键、非音码或读音集合未覆盖；不猜测
鲸凉鹤1.1手心挂接.txt	铜剑	tsjz	tsjz	未知飞键、非音码或读音集合未覆盖；不猜测
鲸凉鹤1.1手心挂接.txt	通鉴	tsjz	tsjz	未知飞键、非音码或读音集合未覆盖；不猜测
鲸凉鹤1.1手心挂接.txt	同列	tslf	tslf	未知飞键、非音码或读音集合未覆盖；不猜测
鲸凉鹤1.1手心挂接.txt	桐木	tsmx	tsmx	未知飞键、非音码或读音集合未覆盖；不猜测
鲸凉鹤1.1手心挂接.txt	同母	tsmx	tsmx	未知飞键、非音码或读音集合未覆盖；不猜测
鲸凉鹤1.1手心挂接.txt	童男	tsnz	tsnz	未知飞键、非音码或读音集合未覆盖；不猜测
鲸凉鹤1.1手心挂接.txt	潼南	tsnz	tsnz	未知飞键、非音码或读音集合未覆盖；不猜测
鲸凉鹤1.1手心挂接.txt	同批	tspe	tspe	未知飞键、非音码或读音集合未覆盖；不猜测
鲸凉鹤1.1手心挂接.txt	痛批	tspe	tspe	未知飞键、非音码或读音集合未覆盖；不猜测
鲸凉鹤1.1手心挂接.txt	铜皮	tspe	tspe	未知飞键、非音码或读音集合未覆盖；不猜测
鲸凉鹤1.1手心挂接.txt	捅破	tsps	tsps	未知飞键、非音码或读音集合未覆盖；不猜测
鲸凉鹤1.1手心挂接.txt	同屏	tspx	tspx	未知飞键、非音码或读音集合未覆盖；不猜测
鲸凉鹤1.1手心挂接.txt	铜退	tstl	tstl	未知飞键、非音码或读音集合未覆盖；不猜测
鲸凉鹤1.1手心挂接.txt	铁通	tstp	tstp	未知飞键、非音码或读音集合未覆盖；不猜测
鲸凉鹤1.1手心挂接.txt	铜山	tsus	tsus	未知飞键、非音码或读音集合未覆盖；不猜测
鲸凉鹤1.1手心挂接.txt	痛症	tsvk	tsvk	未知飞键、非音码或读音集合未覆盖；不猜测
鲸凉鹤1.1手心挂接.txt	通向	tsxj	tsxj	未知飞键、非音码或读音集合未覆盖；不猜测
鲸凉鹤1.1手心挂接.txt	铜臭	tsxo	tsxo	未知飞键、非音码或读音集合未覆盖；不猜测
鲸凉鹤1.1手心挂接.txt	铜锈	tsxo	tsxo	未知飞键、非音码或读音集合未覆盖；不猜测
鲸凉鹤1.1手心挂接.txt	同修	tsxo	tsxo	未知飞键、非音码或读音集合未覆盖；不猜测
鲸凉鹤1.1手心挂接.txt	童颜	tsyf	tsyf	未知飞键、非音码或读音集合未覆盖；不猜测
鲸凉鹤1.1手心挂接.txt	童言	tsyf	tsyf	未知飞键、非音码或读音集合未覆盖；不猜测
鲸凉鹤1.1手心挂接.txt	统御	tsyg	tsyg	未知飞键、非音码或读音集合未覆盖；不猜测
鲸凉鹤1.1手心挂接.txt	统驭	tsyg	tsyg	未知飞键、非音码或读音集合未覆盖；不猜测
鲸凉鹤1.1手心挂接.txt	同宗	tszl	tszl	未知飞键、非音码或读音集合未覆盖；不猜测
鲸凉鹤1.1手心挂接.txt	屠刀	tudl	tudl	未知飞键、非音码或读音集合未覆盖；不猜测
鲸凉鹤1.1手心挂接.txt	吐到	tudl	tudl	未知飞键、非音码或读音集合未覆盖；不猜测
鲸凉鹤1.1手心挂接.txt	吐蕃	tufj	tufj	未知飞键、非音码或读音集合未覆盖；不猜测
鲸凉鹤1.1手心挂接.txt	土规	tugi	tugi	未知飞键、非音码或读音集合未覆盖；不猜测
鲸凉鹤1.1手心挂接.txt	图鉴	tujz	tujz	未知飞键、非音码或读音集合未覆盖；不猜测
鲸凉鹤1.1手心挂接.txt	土建	tujz	tujz	未知飞键、非音码或读音集合未覆盖；不猜测
鲸凉鹤1.1手心挂接.txt	图列	tulf	tulf	未知飞键、非音码或读音集合未覆盖；不猜测
鲸凉鹤1.1手心挂接.txt	涂满	tumr	tumr	未知飞键、非音码或读音集合未覆盖；不猜测
鲸凉鹤1.1手心挂接.txt	土木	tumx	tumx	未知飞键、非音码或读音集合未覆盖；不猜测
鲸凉鹤1.1手心挂接.txt	图南	tunz	tunz	未知飞键、非音码或读音集合未覆盖；不猜测
鲸凉鹤1.1手心挂接.txt	土坯	tupe	tupe	未知飞键、非音码或读音集合未覆盖；不猜测
鲸凉鹤1.1手心挂接.txt	突破	tups	tups	未知飞键、非音码或读音集合未覆盖；不猜测
鲸凉鹤1.1手心挂接.txt	土坡	tups	tups	未知飞键、非音码或读音集合未覆盖；不猜测
鲸凉鹤1.1手心挂接.txt	屠屏	tupx	tupx	未知飞键、非音码或读音集合未覆盖；不猜测
鲸凉鹤1.1手心挂接.txt	突起	tuqe	tuqe	未知飞键、非音码或读音集合未覆盖；不猜测
鲸凉鹤1.1手心挂接.txt	凸起	tuqe	tuqe	未知飞键、非音码或读音集合未覆盖；不猜测
鲸凉鹤1.1手心挂接.txt	兔腿	tutl	tutl	未知飞键、非音码或读音集合未覆盖；不猜测
鲸凉鹤1.1手心挂接.txt	土山	tuus	tuus	未知飞键、非音码或读音集合未覆盖；不猜测
鲸凉鹤1.1手心挂接.txt	涂山	tuus	tuus	未知飞键、非音码或读音集合未覆盖；不猜测
鲸凉鹤1.1手心挂接.txt	秃山	tuus	tuus	未知飞键、非音码或读音集合未覆盖；不猜测
鲸凉鹤1.1手心挂接.txt	土整	tuvk	tuvk	未知飞键、非音码或读音集合未覆盖；不猜测
鲸凉鹤1.1手心挂接.txt	吐艳	tuyf	tuyf	未知飞键、非音码或读音集合未覆盖；不猜测
鲸凉鹤1.1手心挂接.txt	土语	tuyg	tuyg	未知飞键、非音码或读音集合未覆盖；不猜测
鲸凉鹤1.1手心挂接.txt	突遇	tuyg	tuyg	未知飞键、非音码或读音集合未覆盖；不猜测
鲸凉鹤1.1手心挂接.txt	推倒	tvdl	tvdl	未知飞键、非音码或读音集合未覆盖；不猜测
鲸凉鹤1.1手心挂接.txt	推导	tvdl	tvdl	未知飞键、非音码或读音集合未覆盖；不猜测
鲸凉鹤1.1手心挂接.txt	退到	tvdl	tvdl	未知飞键、非音码或读音集合未覆盖；不猜测
鲸凉鹤1.1手心挂接.txt	推柜	tvgi	tvgi	未知飞键、非音码或读音集合未覆盖；不猜测
鲸凉鹤1.1手心挂接.txt	退关	tvgp	tvgp	未知飞键、非音码或读音集合未覆盖；不猜测
鲸凉鹤1.1手心挂接.txt	推荐	tvjz	tvjz	未知飞键、非音码或读音集合未覆盖；不猜测
鲸凉鹤1.1手心挂接.txt	退件	tvjz	tvjz	未知飞键、非音码或读音集合未覆盖；不猜测
鲸凉鹤1.1手心挂接.txt	腿间	tvjz	tvjz	未知飞键、非音码或读音集合未覆盖；不猜测
鲸凉鹤1.1手心挂接.txt	退开	tvkk	tvkk	未知飞键、非音码或读音集合未覆盖；不猜测
鲸凉鹤1.1手心挂接.txt	退咯	tvlo	tvlo	未知飞键、非音码或读音集合未覆盖；不猜测
鲸凉鹤1.1手心挂接.txt	忒慢	tvmr	tvmr	未知飞键、非音码或读音集合未覆盖；不猜测
鲸凉鹤1.1手心挂接.txt	忒难	tvnz	tvnz	未知飞键、非音码或读音集合未覆盖；不猜测
鲸凉鹤1.1手心挂接.txt	蜕皮	tvpe	tvpe	未知飞键、非音码或读音集合未覆盖；不猜测
鲸凉鹤1.1手心挂接.txt	推平	tvpx	tvpx	未知飞键、非音码或读音集合未覆盖；不猜测
鲸凉鹤1.1手心挂接.txt	退佃	tvtm	tvtm	未知飞键、非音码或读音集合未覆盖；不猜测
鲸凉鹤1.1手心挂接.txt	退证	tvvk	tvvk	未知飞键、非音码或读音集合未覆盖；不猜测
鲸凉鹤1.1手心挂接.txt	推向	tvxj	tvxj	未知飞键、非音码或读音集合未覆盖；不猜测
鲸凉鹤1.1手心挂接.txt	退休	tvxo	tvxo	未知飞键、非音码或读音集合未覆盖；不猜测
鲸凉鹤1.1手心挂接.txt	推演	tvyf	tvyf	未知飞键、非音码或读音集合未覆盖；不猜测
鲸凉鹤1.1手心挂接.txt	推延	tvyf	tvyf	未知飞键、非音码或读音集合未覆盖；不猜测
鲸凉鹤1.1手心挂接.txt	推衍	tvyf	tvyf	未知飞键、非音码或读音集合未覆盖；不猜测
鲸凉鹤1.1手心挂接.txt	吞到	tydl	tydl	未知飞键、非音码或读音集合未覆盖；不猜测
鲸凉鹤1.1手心挂接.txt	臀尖	tyjz	tyjz	未知飞键、非音码或读音集合未覆盖；不猜测
鲸凉鹤1.1手心挂接.txt	沌口	tykz	tykz	未知飞键、非音码或读音集合未覆盖；不猜测
鲸凉鹤1.1手心挂接.txt	臀推	tytl	tytl	未知飞键、非音码或读音集合未覆盖；不猜测
鲸凉鹤1.1手心挂接.txt	屯邅	tyvj	tyvj	未知飞键、非音码或读音集合未覆盖；不猜测
鲸凉鹤1.1手心挂接.txt	氽稀	tyxi	tyxi	未知飞键、非音码或读音集合未覆盖；不猜测
鲸凉鹤1.1手心挂接.txt	吞咽	tyyf	tyyf	未知飞键、非音码或读音集合未覆盖；不猜测
鲸凉鹤1.1手心挂接.txt	偷盗	tzdl	tzdl	未知飞键、非音码或读音集合未覆盖；不猜测
鲸凉鹤1.1手心挂接.txt	偷到	tzdl	tzdl	未知飞键、非音码或读音集合未覆盖；不猜测
鲸凉鹤1.1手心挂接.txt	头柜	tzgi	tzgi	未知飞键、非音码或读音集合未覆盖；不猜测
鲸凉鹤1.1手心挂接.txt	头冠	tzgp	tzgp	未知飞键、非音码或读音集合未覆盖；不猜测
鲸凉鹤1.1手心挂接.txt	头道	tzjf	tzjf	未知飞键、非音码或读音集合未覆盖；不猜测
鲸凉鹤1.1手心挂接.txt	投建	tzjz	tzjz	未知飞键、非音码或读音集合未覆盖；不猜测
鲸凉鹤1.1手心挂接.txt	偷猎	tzlf	tzlf	未知飞键、非音码或读音集合未覆盖；不猜测
鲸凉鹤1.1手心挂接.txt	头目	tzmx	tzmx	未知飞键、非音码或读音集合未覆盖；不猜测
鲸凉鹤1.1手心挂接.txt	头皮	tzpe	tzpe	未知飞键、非音码或读音集合未覆盖；不猜测
鲸凉鹤1.1手心挂接.txt	透批	tzpe	tzpe	未知飞键、非音码或读音集合未覆盖；不猜测
鲸凉鹤1.1手心挂接.txt	头破	tzps	tzps	未知飞键、非音码或读音集合未覆盖；不猜测
鲸凉鹤1.1手心挂接.txt	投屏	tzpx	tzpx	未知飞键、非音码或读音集合未覆盖；不猜测
鲸凉鹤1.1手心挂接.txt	投退	tztl	tztl	未知飞键、非音码或读音集合未覆盖；不猜测
鲸凉鹤1.1手心挂接.txt	透扇	tzus	tzus	未知飞键、非音码或读音集合未覆盖；不猜测
鲸凉鹤1.1手心挂接.txt	头正	tzvk	tzvk	未知飞键、非音码或读音集合未覆盖；不猜测
鲸凉鹤1.1手心挂接.txt	投向	tzxj	tzxj	未知飞键、非音码或读音集合未覆盖；不猜测
鲸凉鹤1.1手心挂接.txt	头雁	tzyf	tzyf	未知飞键、非音码或读音集合未覆盖；不猜测
鲸凉鹤1.1手心挂接.txt	投予	tzyg	tzyg	未知飞键、非音码或读音集合未覆盖；不猜测
鲸凉鹤1.1手心挂接.txt	透雨	tzyg	tzyg	未知飞键、非音码或读音集合未覆盖；不猜测
鲸凉鹤1.1手心挂接.txt	杀到	uadl	uadl	未知飞键、非音码或读音集合未覆盖；不猜测
鲸凉鹤1.1手心挂接.txt	傻到	uadl	uadl	未知飞键、非音码或读音集合未覆盖；不猜测
鲸凉鹤1.1手心挂接.txt	傻屌	uadn	uadn	未知飞键、非音码或读音集合未覆盖；不猜测
鲸凉鹤1.1手心挂接.txt	杀鬼	uagi	uagi	未知飞键、非音码或读音集合未覆盖；不猜测
鲸凉鹤1.1手心挂接.txt	纱管	uagp	uagp	未知飞键、非音码或读音集合未覆盖；不猜测
鲸凉鹤1.1手心挂接.txt	沙曼	uamr	uamr	未知飞键、非音码或读音集合未覆盖；不猜测
鲸凉鹤1.1手心挂接.txt	纱幕	uamx	uamx	未知飞键、非音码或读音集合未覆盖；不猜测
鲸凉鹤1.1手心挂接.txt	杉木	uamx	uamx	未知飞键、非音码或读音集合未覆盖；不猜测
鲸凉鹤1.1手心挂接.txt	沙皮	uape	uape	未知飞键、非音码或读音集合未覆盖；不猜测
鲸凉鹤1.1手心挂接.txt	傻婆	uaps	uaps	未知飞键、非音码或读音集合未覆盖；不猜测
鲸凉鹤1.1手心挂接.txt	沙坪	uapx	uapx	未知飞键、非音码或读音集合未覆盖；不猜测
鲸凉鹤1.1手心挂接.txt	沙山	uaus	uaus	未知飞键、非音码或读音集合未覆盖；不猜测
鲸凉鹤1.1手心挂接.txt	啥证	uavk	uavk	未知飞键、非音码或读音集合未覆盖；不猜测
鲸凉鹤1.1手心挂接.txt	杀向	uaxj	uaxj	未知飞键、非音码或读音集合未覆盖；不猜测
鲸凉鹤1.1手心挂接.txt	傻眼	uayf	uayf	未知飞键、非音码或读音集合未覆盖；不猜测
鲸凉鹤1.1手心挂接.txt	沙眼	uayf	uayf	未知飞键、非音码或读音集合未覆盖；不猜测
鲸凉鹤1.1手心挂接.txt	砂岩	uayf	uayf	未知飞键、非音码或读音集合未覆盖；不猜测
鲸凉鹤1.1手心挂接.txt	鲨鱼	uayg	uayg	未知飞键、非音码或读音集合未覆盖；不猜测
鲸凉鹤1.1手心挂接.txt	杀鱼	uayg	uayg	未知飞键、非音码或读音集合未覆盖；不猜测
鲸凉鹤1.1手心挂接.txt	铩羽	uayg	uayg	未知飞键、非音码或读音集合未覆盖；不猜测
鲸凉鹤1.1手心挂接.txt	少从	uccl	uccl	未知飞键、非音码或读音集合未覆盖；不猜测
鲸凉鹤1.1手心挂接.txt	烧到	ucdl	ucdl	未知飞键、非音码或读音集合未覆盖；不猜测
鲸凉鹤1.1手心挂接.txt	捎到	ucdl	ucdl	未知飞键、非音码或读音集合未覆盖；不猜测
鲸凉鹤1.1手心挂接.txt	少打	ucdw	ucdw	未知飞键、非音码或读音集合未覆盖；不猜测
鲸凉鹤1.1手心挂接.txt	稍贵	ucgi	ucgi	未知飞键、非音码或读音集合未覆盖；不猜测
鲸凉鹤1.1手心挂接.txt	韶关	ucgp	ucgp	未知飞键、非音码或读音集合未覆盖；不猜测
鲸凉鹤1.1手心挂接.txt	少管	ucgp	ucgp	未知飞键、非音码或读音集合未覆盖；不猜测
鲸凉鹤1.1手心挂接.txt	🔥🐓	ucji	ucji	未知飞键、非音码或读音集合未覆盖；不猜测
鲸凉鹤1.1手心挂接.txt	少囧	ucjs	ucjs	未知飞键、非音码或读音集合未覆盖；不猜测
鲸凉鹤1.1手心挂接.txt	少见	ucjz	ucjz	未知飞键、非音码或读音集合未覆盖；不猜测
鲸凉鹤1.1手心挂接.txt	稍减	ucjz	ucjz	未知飞键、非音码或读音集合未覆盖；不猜测
鲸凉鹤1.1手心挂接.txt	稍慢	ucmr	ucmr	未知飞键、非音码或读音集合未覆盖；不猜测
鲸凉鹤1.1手心挂接.txt	少男	ucnz	ucnz	未知飞键、非音码或读音集合未覆盖；不猜测
鲸凉鹤1.1手心挂接.txt	稍难	ucnz	ucnz	未知飞键、非音码或读音集合未覆盖；不猜测
鲸凉鹤1.1手心挂接.txt	少皮	ucpe	ucpe	未知飞键、非音码或读音集合未覆盖；不猜测
鲸凉鹤1.1手心挂接.txt	烧屏	ucpx	ucpx	未知飞键、非音码或读音集合未覆盖；不猜测
鲸凉鹤1.1手心挂接.txt	烧瓶	ucpx	ucpx	未知飞键、非音码或读音集合未覆盖；不猜测
鲸凉鹤1.1手心挂接.txt	烧起	ucqe	ucqe	未知飞键、非音码或读音集合未覆盖；不猜测
鲸凉鹤1.1手心挂接.txt	哨卡	ucqo	ucqo	未知飞键、非音码或读音集合未覆盖；不猜测
鲸凉鹤1.1手心挂接.txt	少腿	uctl	uctl	未知飞键、非音码或读音集合未覆盖；不猜测
鲸凉鹤1.1手心挂接.txt	韶山	ucus	ucus	未知飞键、非音码或读音集合未覆盖；不猜测
鲸凉鹤1.1手心挂接.txt	烧山	ucus	ucus	未知飞键、非音码或读音集合未覆盖；不猜测
鲸凉鹤1.1手心挂接.txt	少挣	ucvk	ucvk	未知飞键、非音码或读音集合未覆盖；不猜测
鲸凉鹤1.1手心挂接.txt	少征	ucvk	ucvk	未知飞键、非音码或读音集合未覆盖；不猜测
鲸凉鹤1.1手心挂接.txt	韶秀	ucxo	ucxo	未知飞键、非音码或读音集合未覆盖；不猜测
鲸凉鹤1.1手心挂接.txt	少言	ucyf	ucyf	未知飞键、非音码或读音集合未覆盖；不猜测
鲸凉鹤1.1手心挂接.txt	少于	ucyg	ucyg	未知飞键、非音码或读音集合未覆盖；不猜测
鲸凉鹤1.1手心挂接.txt	少雨	ucyg	ucyg	未知飞键、非音码或读音集合未覆盖；不猜测
鲸凉鹤1.1手心挂接.txt	烧鱼	ucyg	ucyg	未知飞键、非音码或读音集合未覆盖；不猜测
鲸凉鹤1.1手心挂接.txt	晒到	uddl	uddl	未知飞键、非音码或读音集合未覆盖；不猜测
鲸凉鹤1.1手心挂接.txt	筛管	udgp	udgp	未知飞键、非音码或读音集合未覆盖；不猜测
鲸凉鹤1.1手心挂接.txt	筛检	udjz	udjz	未知飞键、非音码或读音集合未覆盖；不猜测
鲸凉鹤1.1手心挂接.txt	筛词	udli	udli	未知飞键、非音码或读音集合未覆盖；不猜测
鲸凉鹤1.1手心挂接.txt	哂纳	udna	udna	未知飞键、非音码或读音集合未覆盖；不猜测
鲸凉鹤1.1手心挂接.txt	哂笑	udxn	udxn	未知飞键、非音码或读音集合未覆盖；不猜测
鲸凉鹤1.1手心挂接.txt	晒盐	udyf	udyf	未知飞键、非音码或读音集合未覆盖；不猜测
鲸凉鹤1.1手心挂接.txt	晒烟	udyf	udyf	未知飞键、非音码或读音集合未覆盖；不猜测
鲸凉鹤1.1手心挂接.txt	骰子	udzi	udzi	未知飞键、非音码或读音集合未覆盖；不猜测
鲸凉鹤1.1手心挂接.txt	射到	uedl	uedl	未知飞键、非音码或读音集合未覆盖；不猜测
鲸凉鹤1.1手心挂接.txt	蛇岛	uedl	uedl	未知飞键、非音码或读音集合未覆盖；不猜测
鲸凉鹤1.1手心挂接.txt	社管	uegp	uegp	未知飞键、非音码或读音集合未覆盖；不猜测
鲸凉鹤1.1手心挂接.txt	射箭	uejz	uejz	未知飞键、非音码或读音集合未覆盖；不猜测
鲸凉鹤1.1手心挂接.txt	舌尖	uejz	uejz	未知飞键、非音码或读音集合未覆盖；不猜测
鲸凉鹤1.1手心挂接.txt	舍监	uejz	uejz	未知飞键、非音码或读音集合未覆盖；不猜测
鲸凉鹤1.1手心挂接.txt	舍间	uejz	uejz	未知飞键、非音码或读音集合未覆盖；不猜测
鲸凉鹤1.1手心挂接.txt	涉猎	uelf	uelf	未知飞键、非音码或读音集合未覆盖；不猜测
鲸凉鹤1.1手心挂接.txt	射猎	uelf	uelf	未知飞键、非音码或读音集合未覆盖；不猜测
鲸凉鹤1.1手心挂接.txt	射满	uemr	uemr	未知飞键、非音码或读音集合未覆盖；不猜测
鲸凉鹤1.1手心挂接.txt	蛇母	uemx	uemx	未知飞键、非音码或读音集合未覆盖；不猜测
鲸凉鹤1.1手心挂接.txt	蛇男	uenz	uenz	未知飞键、非音码或读音集合未覆盖；不猜测
鲸凉鹤1.1手心挂接.txt	蛇皮	uepe	uepe	未知飞键、非音码或读音集合未覆盖；不猜测
鲸凉鹤1.1手心挂接.txt	社评	uepx	uepx	未知飞键、非音码或读音集合未覆盖；不猜测
鲸凉鹤1.1手心挂接.txt	射劈	uepx	uepx	未知飞键、非音码或读音集合未覆盖；不猜测
鲸凉鹤1.1手心挂接.txt	摄屏	uepx	uepx	未知飞键、非音码或读音集合未覆盖；不猜测
鲸凉鹤1.1手心挂接.txt	设卡	ueqo	ueqo	未知飞键、非音码或读音集合未覆盖；不猜测
鲸凉鹤1.1手心挂接.txt	蛇蜕	uetl	uetl	未知飞键、非音码或读音集合未覆盖；不猜测
鲸凉鹤1.1手心挂接.txt	佘山	ueus	ueus	未知飞键、非音码或读音集合未覆盖；不猜测
鲸凉鹤1.1手心挂接.txt	摄政	uevk	uevk	未知飞键、非音码或读音集合未覆盖；不猜测
鲸凉鹤1.1手心挂接.txt	涉政	uevk	uevk	未知飞键、非音码或读音集合未覆盖；不猜测
鲸凉鹤1.1手心挂接.txt	射向	uexj	uexj	未知飞键、非音码或读音集合未覆盖；不猜测
鲸凉鹤1.1手心挂接.txt	设宴	ueyf	ueyf	未知飞键、非音码或读音集合未覆盖；不猜测
鲸凉鹤1.1手心挂接.txt	蛇眼	ueyf	ueyf	未知飞键、非音码或读音集合未覆盖；不猜测
鲸凉鹤1.1手心挂接.txt	摄于	ueyg	ueyg	未知飞键、非音码或读音集合未覆盖；不猜测
鲸凉鹤1.1手心挂接.txt	设于	ueyg	ueyg	未知飞键、非音码或读音集合未覆盖；不猜测
鲸凉鹤1.1手心挂接.txt	伸到	ufdl	ufdl	未知飞键、非音码或读音集合未覆盖；不猜测
鲸凉鹤1.1手心挂接.txt	神道	ufdl	ufdl	未知飞键、非音码或读音集合未覆盖；不猜测
鲸凉鹤1.1手心挂接.txt	神刀	ufdl	ufdl	未知飞键、非音码或读音集合未覆盖；不猜测
鲸凉鹤1.1手心挂接.txt	深闺	ufgi	ufgi	未知飞键、非音码或读音集合未覆盖；不猜测
鲸凉鹤1.1手心挂接.txt	神龟	ufgi	ufgi	未知飞键、非音码或读音集合未覆盖；不猜测
鲸凉鹤1.1手心挂接.txt	神鬼	ufgi	ufgi	未知飞键、非音码或读音集合未覆盖；不猜测
鲸凉鹤1.1手心挂接.txt	神官	ufgp	ufgp	未知飞键、非音码或读音集合未覆盖；不猜测
鲸凉鹤1.1手心挂接.txt	神道	ufjf	ufjf	未知飞键、非音码或读音集合未覆盖；不猜测
鲸凉鹤1.1手心挂接.txt	深囧	ufjs	ufjs	未知飞键、非音码或读音集合未覆盖；不猜测
鲸凉鹤1.1手心挂接.txt	神剑	ufjz	ufjz	未知飞键、非音码或读音集合未覆盖；不猜测
鲸凉鹤1.1手心挂接.txt	身兼	ufjz	ufjz	未知飞键、非音码或读音集合未覆盖；不猜测
鲸凉鹤1.1手心挂接.txt	神楽	ufle	ufle	未知飞键、非音码或读音集合未覆盖；不猜测
鲸凉鹤1.1手心挂接.txt	沈曼	ufmr	ufmr	未知飞键、非音码或读音集合未覆盖；不猜测
鲸凉鹤1.1手心挂接.txt	神木	ufmx	ufmx	未知飞键、非音码或读音集合未覆盖；不猜测
鲸凉鹤1.1手心挂接.txt	神墓	ufmx	ufmx	未知飞键、非音码或读音集合未覆盖；不猜测
鲸凉鹤1.1手心挂接.txt	甚难	ufnz	ufnz	未知飞键、非音码或读音集合未覆盖；不猜测
鲸凉鹤1.1手心挂接.txt	审批	ufpe	ufpe	未知飞键、非音码或读音集合未覆盖；不猜测
鲸凉鹤1.1手心挂接.txt	身披	ufpe	ufpe	未知飞键、非音码或读音集合未覆盖；不猜测
鲸凉鹤1.1手心挂接.txt	神婆	ufps	ufps	未知飞键、非音码或读音集合未覆盖；不猜测
鲸凉鹤1.1手心挂接.txt	神魄	ufps	ufps	未知飞键、非音码或读音集合未覆盖；不猜测
鲸凉鹤1.1手心挂接.txt	审评	ufpx	ufpx	未知飞键、非音码或读音集合未覆盖；不猜测
鲸凉鹤1.1手心挂接.txt	伸腿	uftl	uftl	未知飞键、非音码或读音集合未覆盖；不猜测
鲸凉鹤1.1手心挂接.txt	深山	ufus	ufus	未知飞键、非音码或读音集合未覆盖；不猜测
鲸凉鹤1.1手心挂接.txt	神山	ufus	ufus	未知飞键、非音码或读音集合未覆盖；不猜测
鲸凉鹤1.1手心挂接.txt	身正	ufvk	ufvk	未知飞键、非音码或读音集合未覆盖；不猜测
鲸凉鹤1.1手心挂接.txt	深证	ufvk	ufvk	未知飞键、非音码或读音集合未覆盖；不猜测
鲸凉鹤1.1手心挂接.txt	伸向	ufxj	ufxj	未知飞键、非音码或读音集合未覆盖；不猜测
鲸凉鹤1.1手心挂接.txt	神秀	ufxo	ufxo	未知飞键、非音码或读音集合未覆盖；不猜测
鲸凉鹤1.1手心挂接.txt	肾炎	ufyf	ufyf	未知飞键、非音码或读音集合未覆盖；不猜测
鲸凉鹤1.1手心挂接.txt	慎言	ufyf	ufyf	未知飞键、非音码或读音集合未覆盖；不猜测
鲸凉鹤1.1手心挂接.txt	神颜	ufyf	ufyf	未知飞键、非音码或读音集合未覆盖；不猜测
鲸凉鹤1.1手心挂接.txt	神域	ufyg	ufyg	未知飞键、非音码或读音集合未覆盖；不猜测
鲸凉鹤1.1手心挂接.txt	神谕	ufyg	ufyg	未知飞键、非音码或读音集合未覆盖；不猜测
鲸凉鹤1.1手心挂接.txt	甚于	ufyg	ufyg	未知飞键、非音码或读音集合未覆盖；不猜测
鲸凉鹤1.1手心挂接.txt	深棕	ufzl	ufzl	未知飞键、非音码或读音集合未覆盖；不猜测
鲸凉鹤1.1手心挂接.txt	神宗	ufzl	ufzl	未知飞键、非音码或读音集合未覆盖；不猜测
鲸凉鹤1.1手心挂接.txt	生葱	ugcl	ugcl	未知飞键、非音码或读音集合未覆盖；不猜测
鲸凉鹤1.1手心挂接.txt	声道	ugdl	ugdl	未知飞键、非音码或读音集合未覆盖；不猜测
鲸凉鹤1.1手心挂接.txt	升到	ugdl	ugdl	未知飞键、非音码或读音集合未覆盖；不猜测
鲸凉鹤1.1手心挂接.txt	省道	ugdl	ugdl	未知飞键、非音码或读音集合未覆盖；不猜测
鲸凉鹤1.1手心挂接.txt	升官	uggp	uggp	未知飞键、非音码或读音集合未覆盖；不猜测
鲸凉鹤1.1手心挂接.txt	声道	ugjf	ugjf	未知飞键、非音码或读音集合未覆盖；不猜测
鲸凉鹤1.1手心挂接.txt	省道	ugjf	ugjf	未知飞键、非音码或读音集合未覆盖；不猜测
鲸凉鹤1.1手心挂接.txt	胜券	ugjr	ugjr	未知飞键、非音码或读音集合未覆盖；不猜测
鲸凉鹤1.1手心挂接.txt	圣剑	ugjz	ugjz	未知飞键、非音码或读音集合未覆盖；不猜测
鲸凉鹤1.1手心挂接.txt	生煎	ugjz	ugjz	未知飞键、非音码或读音集合未覆盖；不猜测
鲸凉鹤1.1手心挂接.txt	晟敏	ugmb	ugmb	未知飞键、非音码或读音集合未覆盖；不猜测
鲸凉鹤1.1手心挂接.txt	升满	ugmr	ugmr	未知飞键、非音码或读音集合未覆盖；不猜测
鲸凉鹤1.1手心挂接.txt	圣母	ugmx	ugmx	未知飞键、非音码或读音集合未覆盖；不猜测
鲸凉鹤1.1手心挂接.txt	生母	ugmx	ugmx	未知飞键、非音码或读音集合未覆盖；不猜测
鲸凉鹤1.1手心挂接.txt	声母	ugmx	ugmx	未知飞键、非音码或读音集合未覆盖；不猜测
鲸凉鹤1.1手心挂接.txt	剩男	ugnz	ugnz	未知飞键、非音码或读音集合未覆盖；不猜测
鲸凉鹤1.1手心挂接.txt	生男	ugnz	ugnz	未知飞键、非音码或读音集合未覆盖；不猜测
鲸凉鹤1.1手心挂接.txt	胜男	ugnz	ugnz	未知飞键、非音码或读音集合未覆盖；不猜测
鲸凉鹤1.1手心挂接.txt	生僻	ugpe	ugpe	未知飞键、非音码或读音集合未覆盖；不猜测
鲸凉鹤1.1手心挂接.txt	生平	ugpx	ugpx	未知飞键、非音码或读音集合未覆盖；不猜测
鲸凉鹤1.1手心挂接.txt	升平	ugpx	ugpx	未知飞键、非音码或读音集合未覆盖；不猜测
鲸凉鹤1.1手心挂接.txt	升起	ugqe	ugqe	未知飞键、非音码或读音集合未覆盖；不猜测
鲸凉鹤1.1手心挂接.txt	生推	ugtl	ugtl	未知飞键、非音码或读音集合未覆盖；不猜测
鲸凉鹤1.1手心挂接.txt	圣山	ugus	ugus	未知飞键、非音码或读音集合未覆盖；不猜测
鲸凉鹤1.1手心挂接.txt	生锈	ugxo	ugxo	未知飞键、非音码或读音集合未覆盖；不猜测
鲸凉鹤1.1手心挂接.txt	盛宴	ugyf	ugyf	未知飞键、非音码或读音集合未覆盖；不猜测
鲸凉鹤1.1手心挂接.txt	生厌	ugyf	ugyf	未知飞键、非音码或读音集合未覆盖；不猜测
鲸凉鹤1.1手心挂接.txt	盛筵	ugyf	ugyf	未知飞键、非音码或读音集合未覆盖；不猜测
鲸凉鹤1.1手心挂接.txt	生腌	ugyf	ugyf	未知飞键、非音码或读音集合未覆盖；不猜测
鲸凉鹤1.1手心挂接.txt	剩余	ugyg	ugyg	未知飞键、非音码或读音集合未覆盖；不猜测
鲸凉鹤1.1手心挂接.txt	声誉	ugyg	ugyg	未知飞键、非音码或读音集合未覆盖；不猜测
鲸凉鹤1.1手心挂接.txt	生育	ugyg	ugyg	未知飞键、非音码或读音集合未覆盖；不猜测
鲸凉鹤1.1手心挂接.txt	生于	ugyg	ugyg	未知飞键、非音码或读音集合未覆盖；不猜测
鲸凉鹤1.1手心挂接.txt	圣宗	ugzl	ugzl	未知飞键、非音码或读音集合未覆盖；不猜测
鲸凉鹤1.1手心挂接.txt	伤到	uhdl	uhdl	未知飞键、非音码或读音集合未覆盖；不猜测
鲸凉鹤1.1手心挂接.txt	上到	uhdl	uhdl	未知飞键、非音码或读音集合未覆盖；不猜测
鲸凉鹤1.1手心挂接.txt	上官	uhgp	uhgp	未知飞键、非音码或读音集合未覆盖；不猜测
鲸凉鹤1.1手心挂接.txt	上道	uhjf	uhjf	未知飞键、非音码或读音集合未覆盖；不猜测
鲸凉鹤1.1手心挂接.txt	商道	uhjf	uhjf	未知飞键、非音码或读音集合未覆盖；不猜测
鲸凉鹤1.1手心挂接.txt	商检	uhjz	uhjz	未知飞键、非音码或读音集合未覆盖；不猜测
鲸凉鹤1.1手心挂接.txt	赏鉴	uhjz	uhjz	未知飞键、非音码或读音集合未覆盖；不猜测
鲸凉鹤1.1手心挂接.txt	上件	uhjz	uhjz	未知飞键、非音码或读音集合未覆盖；不猜测
鲸凉鹤1.1手心挂接.txt	上舰	uhjz	uhjz	未知飞键、非音码或读音集合未覆盖；不猜测
鲸凉鹤1.1手心挂接.txt	上满	uhmr	uhmr	未知飞键、非音码或读音集合未覆盖；不猜测
鲸凉鹤1.1手心挂接.txt	尚难	uhnz	uhnz	未知飞键、非音码或读音集合未覆盖；不猜测
鲸凉鹤1.1手心挂接.txt	上批	uhpe	uhpe	未知飞键、非音码或读音集合未覆盖；不猜测
鲸凉鹤1.1手心挂接.txt	上皮	uhpe	uhpe	未知飞键、非音码或读音集合未覆盖；不猜测
鲸凉鹤1.1手心挂接.txt	上坡	uhps	uhps	未知飞键、非音码或读音集合未覆盖；不猜测
鲸凉鹤1.1手心挂接.txt	上屏	uhpx	uhpx	未知飞键、非音码或读音集合未覆盖；不猜测
鲸凉鹤1.1手心挂接.txt	商洽	uhqo	uhqo	未知飞键、非音码或读音集合未覆盖；不猜测
鲸凉鹤1.1手心挂接.txt	上推	uhtl	uhtl	未知飞键、非音码或读音集合未覆盖；不猜测
鲸凉鹤1.1手心挂接.txt	伤退	uhtl	uhtl	未知飞键、非音码或读音集合未覆盖；不猜测
鲸凉鹤1.1手心挂接.txt	上腿	uhtl	uhtl	未知飞键、非音码或读音集合未覆盖；不猜测
鲸凉鹤1.1手心挂接.txt	上山	uhus	uhus	未知飞键、非音码或读音集合未覆盖；不猜测
鲸凉鹤1.1手心挂接.txt	上杉	uhus	uhus	未知飞键、非音码或读音集合未覆盖；不猜测
鲸凉鹤1.1手心挂接.txt	上善	uhus	uhus	未知飞键、非音码或读音集合未覆盖；不猜测
鲸凉鹤1.1手心挂接.txt	上证	uhvk	uhvk	未知飞键、非音码或读音集合未覆盖；不猜测
鲸凉鹤1.1手心挂接.txt	上演	uhyf	uhyf	未知飞键、非音码或读音集合未覆盖；不猜测
鲸凉鹤1.1手心挂接.txt	商演	uhyf	uhyf	未知飞键、非音码或读音集合未覆盖；不猜测
鲸凉鹤1.1手心挂接.txt	上沿	uhyf	uhyf	未知飞键、非音码或读音集合未覆盖；不猜测
鲸凉鹤1.1手心挂接.txt	伤眼	uhyf	uhyf	未知飞键、非音码或读音集合未覆盖；不猜测
鲸凉鹤1.1手心挂接.txt	伤愈	uhyg	uhyg	未知飞键、非音码或读音集合未覆盖；不猜测
鲸凉鹤1.1手心挂接.txt	上谕	uhyg	uhyg	未知飞键、非音码或读音集合未覆盖；不猜测
鲸凉鹤1.1手心挂接.txt	尚余	uhyg	uhyg	未知飞键、非音码或读音集合未覆盖；不猜测
鲸凉鹤1.1手心挂接.txt	尸蟞	uibp	uibp	未知飞键、非音码或读音集合未覆盖；不猜测
鲸凉鹤1.1手心挂接.txt	侍从	uicl	uicl	未知飞键、非音码或读音集合未覆盖；不猜测
鲸凉鹤1.1手心挂接.txt	师从	uicl	uicl	未知飞键、非音码或读音集合未覆盖；不猜测
鲸凉鹤1.1手心挂接.txt	失聪	uicl	uicl	未知飞键、非音码或读音集合未覆盖；不猜测
鲸凉鹤1.1手心挂接.txt	是从	uicl	uicl	未知飞键、非音码或读音集合未覆盖；不猜测
鲸凉鹤1.1手心挂接.txt	世道	uidl	uidl	未知飞键、非音码或读音集合未覆盖；不猜测
鲸凉鹤1.1手心挂接.txt	食道	uidl	uidl	未知飞键、非音码或读音集合未覆盖；不猜测
鲸凉鹤1.1手心挂接.txt	拾到	uidl	uidl	未知飞键、非音码或读音集合未覆盖；不猜测
鲸凉鹤1.1手心挂接.txt	石龟	uigi	uigi	未知飞键、非音码或读音集合未覆盖；不猜测
鲸凉鹤1.1手心挂接.txt	尸鬼	uigi	uigi	未知飞键、非音码或读音集合未覆盖；不猜测
鲸凉鹤1.1手心挂接.txt	诗鬼	uigi	uigi	未知飞键、非音码或读音集合未覆盖；不猜测
鲸凉鹤1.1手心挂接.txt	事关	uigp	uigp	未知飞键、非音码或读音集合未覆盖；不猜测
鲸凉鹤1.1手心挂接.txt	士官	uigp	uigp	未知飞键、非音码或读音集合未覆盖；不猜测
鲸凉鹤1.1手心挂接.txt	试管	uigp	uigp	未知飞键、非音码或读音集合未覆盖；不猜测
鲸凉鹤1.1手心挂接.txt	使馆	uigp	uigp	未知飞键、非音码或读音集合未覆盖；不猜测
鲸凉鹤1.1手心挂接.txt	十几	uije	uije	未知飞键、非音码或读音集合未覆盖；不猜测
鲸凉鹤1.1手心挂接.txt	世道	uijf	uijf	未知飞键、非音码或读音集合未覆盖；不猜测
鲸凉鹤1.1手心挂接.txt	食道	uijf	uijf	未知飞键、非音码或读音集合未覆盖；不猜测
鲸凉鹤1.1手心挂接.txt	时间	uijz	uijz	未知飞键、非音码或读音集合未覆盖；不猜测
鲸凉鹤1.1手心挂接.txt	实践	uijz	uijz	未知飞键、非音码或读音集合未覆盖；不猜测
鲸凉鹤1.1手心挂接.txt	事件	uijz	uijz	未知飞键、非音码或读音集合未覆盖；不猜测
鲸凉鹤1.1手心挂接.txt	世间	uijz	uijz	未知飞键、非音码或读音集合未覆盖；不猜测
鲸凉鹤1.1手心挂接.txt	是咧	uilf	uilf	未知飞键、非音码或读音集合未覆盖；不猜测
鲸凉鹤1.1手心挂接.txt	是咯	uilo	uilo	未知飞键、非音码或读音集合未覆盖；不猜测
鲸凉鹤1.1手心挂接.txt	师母	uimx	uimx	未知飞键、非音码或读音集合未覆盖；不猜测
鲸凉鹤1.1手心挂接.txt	实木	uimx	uimx	未知飞键、非音码或读音集合未覆盖；不猜测
鲸凉鹤1.1手心挂接.txt	石楠	uinz	uinz	未知飞键、非音码或读音集合未覆盖；不猜测
鲸凉鹤1.1手心挂接.txt	识破	uips	uips	未知飞键、非音码或读音集合未覆盖；不猜测
鲸凉鹤1.1手心挂接.txt	湿婆	uips	uips	未知飞键、非音码或读音集合未覆盖；不猜测
鲸凉鹤1.1手心挂接.txt	时评	uipx	uipx	未知飞键、非音码或读音集合未覆盖；不猜测
鲸凉鹤1.1手心挂接.txt	视屏	uipx	uipx	未知飞键、非音码或读音集合未覆盖；不猜测
鲸凉鹤1.1手心挂接.txt	十瓶	uipx	uipx	未知飞键、非音码或读音集合未覆盖；不猜测
鲸凉鹤1.1手心挂接.txt	拾起	uiqe	uiqe	未知飞键、非音码或读音集合未覆盖；不猜测
鲸凉鹤1.1手心挂接.txt	石山	uius	uius	未知飞键、非音码或读音集合未覆盖；不猜测
鲸凉鹤1.1手心挂接.txt	屎山	uius	uius	未知飞键、非音码或读音集合未覆盖；不猜测
鲸凉鹤1.1手心挂接.txt	市政	uivk	uivk	未知飞键、非音码或读音集合未覆盖；不猜测
鲸凉鹤1.1手心挂接.txt	时政	uivk	uivk	未知飞键、非音码或读音集合未覆盖；不猜测
鲸凉鹤1.1手心挂接.txt	实政	uivk	uivk	未知飞键、非音码或读音集合未覆盖；不猜测
鲸凉鹤1.1手心挂接.txt	施政	uivk	uivk	未知飞键、非音码或读音集合未覆盖；不猜测
鲸凉鹤1.1手心挂接.txt	驶向	uixj	uixj	未知飞键、非音码或读音集合未覆盖；不猜测
鲸凉鹤1.1手心挂接.txt	失修	uixo	uixo	未知飞键、非音码或读音集合未覆盖；不猜测
鲸凉鹤1.1手心挂接.txt	实验	uiyf	uiyf	未知飞键、非音码或读音集合未覆盖；不猜测
鲸凉鹤1.1手心挂接.txt	试验	uiyf	uiyf	未知飞键、非音码或读音集合未覆盖；不猜测
鲸凉鹤1.1手心挂接.txt	誓言	uiyf	uiyf	未知飞键、非音码或读音集合未覆盖；不猜测
鲸凉鹤1.1手心挂接.txt	饰演	uiyf	uiyf	未知飞键、非音码或读音集合未覆盖；不猜测
鲸凉鹤1.1手心挂接.txt	食欲	uiyg	uiyg	未知飞键、非音码或读音集合未覆盖；不猜测
鲸凉鹤1.1手心挂接.txt	始于	uiyg	uiyg	未知飞键、非音码或读音集合未覆盖；不猜测
鲸凉鹤1.1手心挂接.txt	失踪	uizl	uizl	未知飞键、非音码或读音集合未覆盖；不猜测
鲸凉鹤1.1手心挂接.txt	舢舨	ujbj	ujbj	未知飞键、非音码或读音集合未覆盖；不猜测
鲸凉鹤1.1手心挂接.txt	山丛	ujcl	ujcl	未知飞键、非音码或读音集合未覆盖；不猜测
鲸凉鹤1.1手心挂接.txt	山道	ujdl	ujdl	未知飞键、非音码或读音集合未覆盖；不猜测
鲸凉鹤1.1手心挂接.txt	闪到	ujdl	ujdl	未知飞键、非音码或读音集合未覆盖；不猜测
鲸凉鹤1.1手心挂接.txt	山鬼	ujgi	ujgi	未知飞键、非音码或读音集合未覆盖；不猜测
鲸凉鹤1.1手心挂接.txt	山道	ujjf	ujjf	未知飞键、非音码或读音集合未覆盖；不猜测
鲸凉鹤1.1手心挂接.txt	山间	ujjz	ujjz	未知飞键、非音码或读音集合未覆盖；不猜测
鲸凉鹤1.1手心挂接.txt	山涧	ujjz	ujjz	未知飞键、非音码或读音集合未覆盖；不猜测
鲸凉鹤1.1手心挂接.txt	删减	ujjz	ujjz	未知飞键、非音码或读音集合未覆盖；不猜测
鲸凉鹤1.1手心挂接.txt	删咯	ujlo	ujlo	未知飞键、非音码或读音集合未覆盖；不猜测
鲸凉鹤1.1手心挂接.txt	山姆	ujmx	ujmx	未知飞键、非音码或读音集合未覆盖；不猜测
鲸凉鹤1.1手心挂接.txt	山南	ujnz	ujnz	未知飞键、非音码或读音集合未覆盖；不猜测
鲸凉鹤1.1手心挂接.txt	陕南	ujnz	ujnz	未知飞键、非音码或读音集合未覆盖；不猜测
鲸凉鹤1.1手心挂接.txt	山坡	ujps	ujps	未知飞键、非音码或读音集合未覆盖；不猜测
鲸凉鹤1.1手心挂接.txt	闪屏	ujpx	ujpx	未知飞键、非音码或读音集合未覆盖；不猜测
鲸凉鹤1.1手心挂接.txt	闪退	ujtl	ujtl	未知飞键、非音码或读音集合未覆盖；不猜测
鲸凉鹤1.1手心挂接.txt	善政	ujvk	ujvk	未知飞键、非音码或读音集合未覆盖；不猜测
鲸凉鹤1.1手心挂接.txt	闪蒸	ujvk	ujvk	未知飞键、非音码或读音集合未覆盖；不猜测
鲸凉鹤1.1手心挂接.txt	删之	ujvp	ujvp	未知飞键、非音码或读音集合未覆盖；不猜测
鲸凉鹤1.1手心挂接.txt	闪秀	ujxo	ujxo	未知飞键、非音码或读音集合未覆盖；不猜测
鲸凉鹤1.1手心挂接.txt	山岩	ujyf	ujyf	未知飞键、非音码或读音集合未覆盖；不猜测
鲸凉鹤1.1手心挂接.txt	善言	ujyf	ujyf	未知飞键、非音码或读音集合未覆盖；不猜测
鲸凉鹤1.1手心挂接.txt	善于	ujyg	ujyg	未知飞键、非音码或读音集合未覆盖；不猜测
鲸凉鹤1.1手心挂接.txt	山芋	ujyg	ujyg	未知飞键、非音码或读音集合未覆盖；不猜测
鲸凉鹤1.1手心挂接.txt	擅于	ujyg	ujyg	未知飞键、非音码或读音集合未覆盖；不猜测
鲸凉鹤1.1手心挂接.txt	鳝鱼	ujyg	ujyg	未知飞键、非音码或读音集合未覆盖；不猜测
鲸凉鹤1.1手心挂接.txt	甩葱	ukcl	ukcl	未知飞键、非音码或读音集合未覆盖；不猜测
鲸凉鹤1.1手心挂接.txt	摔倒	ukdl	ukdl	未知飞键、非音码或读音集合未覆盖；不猜测
鲸凉鹤1.1手心挂接.txt	甩到	ukdl	ukdl	未知飞键、非音码或读音集合未覆盖；不猜测
鲸凉鹤1.1手心挂接.txt	摔打	ukdw	ukdw	未知飞键、非音码或读音集合未覆盖；不猜测
鲸凉鹤1.1手心挂接.txt	甩柜	ukgi	ukgi	未知飞键、非音码或读音集合未覆盖；不猜测
鲸凉鹤1.1手心挂接.txt	衰减	ukjz	ukjz	未知飞键、非音码或读音集合未覆盖；不猜测
鲸凉鹤1.1手心挂接.txt	帅男	uknz	uknz	未知飞键、非音码或读音集合未覆盖；不猜测
鲸凉鹤1.1手心挂接.txt	衰疲	ukpe	ukpe	未知飞键、非音码或读音集合未覆盖；不猜测
鲸凉鹤1.1手心挂接.txt	摔破	ukps	ukps	未知飞键、非音码或读音集合未覆盖；不猜测
鲸凉鹤1.1手心挂接.txt	衰退	uktl	uktl	未知飞键、非音码或读音集合未覆盖；不猜测
鲸凉鹤1.1手心挂接.txt	衰颓	uktl	uktl	未知飞键、非音码或读音集合未覆盖；不猜测
鲸凉鹤1.1手心挂接.txt	衰朽	ukxo	ukxo	未知飞键、非音码或读音集合未覆盖；不猜测
鲸凉鹤1.1手心挂接.txt	衰颜	ukyf	ukyf	未知飞键、非音码或读音集合未覆盖；不猜测
鲸凉鹤1.1手心挂接.txt	衰宗	ukzl	ukzl	未知飞键、非音码或读音集合未覆盖；不猜测
鲸凉鹤1.1手心挂接.txt	双刀	uldl	uldl	未知飞键、非音码或读音集合未覆盖；不猜测
鲸凉鹤1.1手心挂接.txt	爽到	uldl	uldl	未知飞键、非音码或读音集合未覆盖；不猜测
鲸凉鹤1.1手心挂接.txt	双打	uldw	uldw	未知飞键、非音码或读音集合未覆盖；不猜测
鲸凉鹤1.1手心挂接.txt	双规	ulgi	ulgi	未知飞键、非音码或读音集合未覆盖；不猜测
鲸凉鹤1.1手心挂接.txt	双轨	ulgi	ulgi	未知飞键、非音码或读音集合未覆盖；不猜测
鲸凉鹤1.1手心挂接.txt	双关	ulgp	ulgp	未知飞键、非音码或读音集合未覆盖；不猜测
鲸凉鹤1.1手心挂接.txt	双管	ulgp	ulgp	未知飞键、非音码或读音集合未覆盖；不猜测
鲸凉鹤1.1手心挂接.txt	双冠	ulgp	ulgp	未知飞键、非音码或读音集合未覆盖；不猜测
鲸凉鹤1.1手心挂接.txt	双肩	uljz	uljz	未知飞键、非音码或读音集合未覆盖；不猜测
鲸凉鹤1.1手心挂接.txt	双剑	uljz	uljz	未知飞键、非音码或读音集合未覆盖；不猜测
鲸凉鹤1.1手心挂接.txt	双列	ullf	ullf	未知飞键、非音码或读音集合未覆盖；不猜测
鲸凉鹤1.1手心挂接.txt	爽咯	ullo	ullo	未知飞键、非音码或读音集合未覆盖；不猜测
鲸凉鹤1.1手心挂接.txt	双满	ulmr	ulmr	未知飞键、非音码或读音集合未覆盖；不猜测
鲸凉鹤1.1手心挂接.txt	双目	ulmx	ulmx	未知飞键、非音码或读音集合未覆盖；不猜测
鲸凉鹤1.1手心挂接.txt	双皮	ulpe	ulpe	未知飞键、非音码或读音集合未覆盖；不猜测
鲸凉鹤1.1手心挂接.txt	双坡	ulps	ulps	未知飞键、非音码或读音集合未覆盖；不猜测
鲸凉鹤1.1手心挂接.txt	双屏	ulpx	ulpx	未知飞键、非音码或读音集合未覆盖；不猜测
鲸凉鹤1.1手心挂接.txt	双腿	ultl	ultl	未知飞键、非音码或读音集合未覆盖；不猜测
鲸凉鹤1.1手心挂接.txt	双闪	ulus	ulus	未知飞键、非音码或读音集合未覆盖；不猜测
鲸凉鹤1.1手心挂接.txt	双证	ulvk	ulvk	未知飞键、非音码或读音集合未覆盖；不猜测
鲸凉鹤1.1手心挂接.txt	双向	ulxj	ulxj	未知飞键、非音码或读音集合未覆盖；不猜测
鲸凉鹤1.1手心挂接.txt	双休	ulxo	ulxo	未知飞键、非音码或读音集合未覆盖；不猜测
鲸凉鹤1.1手心挂接.txt	双修	ulxo	ulxo	未知飞键、非音码或读音集合未覆盖；不猜测
鲸凉鹤1.1手心挂接.txt	双眼	ulyf	ulyf	未知飞键、非音码或读音集合未覆盖；不猜测
鲸凉鹤1.1手心挂接.txt	双鱼	ulyg	ulyg	未知飞键、非音码或读音集合未覆盖；不猜测
鲸凉鹤1.1手心挂接.txt	双语	ulyg	ulyg	未知飞键、非音码或读音集合未覆盖；不猜测
鲸凉鹤1.1手心挂接.txt	说道	uodl	uodl	未知飞键、非音码或读音集合未覆盖；不猜测
鲸凉鹤1.1手心挂接.txt	说到	uodl	uodl	未知飞键、非音码或读音集合未覆盖；不猜测
鲸凉鹤1.1手心挂接.txt	说惯	uogp	uogp	未知飞键、非音码或读音集合未覆盖；不猜测
鲸凉鹤1.1手心挂接.txt	说道	uojf	uojf	未知飞键、非音码或读音集合未覆盖；不猜测
鲸凉鹤1.1手心挂接.txt	说件	uojz	uojz	未知飞键、非音码或读音集合未覆盖；不猜测
鲸凉鹤1.1手心挂接.txt	说咧	uolf	uolf	未知飞键、非音码或读音集合未覆盖；不猜测
鲸凉鹤1.1手心挂接.txt	塑料	uoln	uoln	未知飞键、非音码或读音集合未覆盖；不猜测
鲸凉鹤1.1手心挂接.txt	说咯	uolo	uolo	未知飞键、非音码或读音集合未覆盖；不猜测
鲸凉鹤1.1手心挂接.txt	说满	uomr	uomr	未知飞键、非音码或读音集合未覆盖；不猜测
鲸凉鹤1.1手心挂接.txt	说难	uonz	uonz	未知飞键、非音码或读音集合未覆盖；不猜测
鲸凉鹤1.1手心挂接.txt	说屁	uope	uope	未知飞键、非音码或读音集合未覆盖；不猜测
鲸凉鹤1.1手心挂接.txt	说破	uops	uops	未知飞键、非音码或读音集合未覆盖；不猜测
鲸凉鹤1.1手心挂接.txt	说起	uoqe	uoqe	未知飞键、非音码或读音集合未覆盖；不猜测
鲸凉鹤1.1手心挂接.txt	朔玉	uoyg	uoyg	未知飞键、非音码或读音集合未覆盖；不猜测
鲸凉鹤1.1手心挂接.txt	栓皮	urpe	urpe	未知飞键、非音码或读音集合未覆盖；不猜测
鲸凉鹤1.1手心挂接.txt	山隘	usai	usai	未知飞键、非音码或读音集合未覆盖；不猜测
鲸凉鹤1.1手心挂接.txt	山坳	usao	usao	未知飞键、非音码或读音集合未覆盖；不猜测
鲸凉鹤1.1手心挂接.txt	山凹	usao	usao	未知飞键、非音码或读音集合未覆盖；不猜测
鲸凉鹤1.1手心挂接.txt	山岙	usao	usao	未知飞键、非音码或读音集合未覆盖；不猜测
鲸凉鹤1.1手心挂接.txt	删吧	usba	usba	未知飞键、非音码或读音集合未覆盖；不猜测
鲸凉鹤1.1手心挂接.txt	善报	usbc	usbc	未知飞键、非音码或读音集合未覆盖；不猜测
鲸凉鹤1.1手心挂接.txt	山包	usbc	usbc	未知飞键、非音码或读音集合未覆盖；不猜测
鲸凉鹤1.1手心挂接.txt	闪白	usbd	usbd	未知飞键、非音码或读音集合未覆盖；不猜测
鲸凉鹤1.1手心挂接.txt	山本	usbf	usbf	未知飞键、非音码或读音集合未覆盖；不猜测
鲸凉鹤1.1手心挂接.txt	善本	usbf	usbf	未知飞键、非音码或读音集合未覆盖；不猜测
鲸凉鹤1.1手心挂接.txt	山崩	usbg	usbg	未知飞键、非音码或读音集合未覆盖；不猜测
鲸凉鹤1.1手心挂接.txt	闪避	usbi	usbi	未知飞键、非音码或读音集合未覆盖；不猜测
鲸凉鹤1.1手心挂接.txt	山壁	usbi	usbi	未知飞键、非音码或读音集合未覆盖；不猜测
鲸凉鹤1.1手心挂接.txt	舢板	usbj	usbj	未知飞键、非音码或读音集合未覆盖；不猜测
鲸凉鹤1.1手心挂接.txt	栅板	usbj	usbj	未知飞键、非音码或读音集合未覆盖；不猜测
鲸凉鹤1.1手心挂接.txt	善变	usbm	usbm	未知飞键、非音码或读音集合未覆盖；不猜测
鲸凉鹤1.1手心挂接.txt	嬗变	usbm	usbm	未知飞键、非音码或读音集合未覆盖；不猜测
鲸凉鹤1.1手心挂接.txt	善辩	usbm	usbm	未知飞键、非音码或读音集合未覆盖；不猜测
鲸凉鹤1.1手心挂接.txt	陕北	usbw	usbw	未知飞键、非音码或读音集合未覆盖；不猜测
鲸凉鹤1.1手心挂接.txt	扇贝	usbw	usbw	未知飞键、非音码或读音集合未覆盖；不猜测
鲸凉鹤1.1手心挂接.txt	山草	uscc	uscc	未知飞键、非音码或读音集合未覆盖；不猜测
鲸凉鹤1.1手心挂接.txt	善财	uscd	uscd	未知飞键、非音码或读音集合未覆盖；不猜测
鲸凉鹤1.1手心挂接.txt	杉菜	uscd	uscd	未知飞键、非音码或读音集合未覆盖；不猜测
鲸凉鹤1.1手心挂接.txt	山侧	usce	usce	未知飞键、非音码或读音集合未覆盖；不猜测
鲸凉鹤1.1手心挂接.txt	删词	usci	usci	未知飞键、非音码或读音集合未覆盖；不猜测
鲸凉鹤1.1手心挂接.txt	山丛	uscl	uscl	未知飞键、非音码或读音集合未覆盖；不猜测
鲸凉鹤1.1手心挂接.txt	删错	usco	usco	未知飞键、非音码或读音集合未覆盖；不猜测
鲸凉鹤1.1手心挂接.txt	山丛	uscs	uscs	未知飞键、非音码或读音集合未覆盖；不猜测
鲸凉鹤1.1手心挂接.txt	山村	uscy	uscy	未知飞键、非音码或读音集合未覆盖；不猜测
鲸凉鹤1.1手心挂接.txt	闪存	uscy	uscy	未知飞键、非音码或读音集合未覆盖；不猜测
鲸凉鹤1.1手心挂接.txt	善存	uscy	uscy	未知飞键、非音码或读音集合未覆盖；不猜测
鲸凉鹤1.1手心挂接.txt	山大	usda	usda	未知飞键、非音码或读音集合未覆盖；不猜测
鲸凉鹤1.1手心挂接.txt	汕大	usda	usda	未知飞键、非音码或读音集合未覆盖；不猜测
鲸凉鹤1.1手心挂接.txt	山道	usdc	usdc	未知飞键、非音码或读音集合未覆盖；不猜测
鲸凉鹤1.1手心挂接.txt	闪到	usdc	usdc	未知飞键、非音码或读音集合未覆盖；不猜测
鲸凉鹤1.1手心挂接.txt	善待	usdd	usdd	未知飞键、非音码或读音集合未覆盖；不猜测
鲸凉鹤1.1手心挂接.txt	删档	usdh	usdh	未知飞键、非音码或读音集合未覆盖；不猜测
鲸凉鹤1.1手心挂接.txt	山地	usdi	usdi	未知飞键、非音码或读音集合未覆盖；不猜测
鲸凉鹤1.1手心挂接.txt	山底	usdi	usdi	未知飞键、非音码或读音集合未覆盖；不猜测
鲸凉鹤1.1手心挂接.txt	闪迪	usdi	usdi	未知飞键、非音码或读音集合未覆盖；不猜测
鲸凉鹤1.1手心挂接.txt	山丹	usdj	usdj	未知飞键、非音码或读音集合未覆盖；不猜测
鲸凉鹤1.1手心挂接.txt	山顶	usdk	usdk	未知飞键、非音码或读音集合未覆盖；不猜测
鲸凉鹤1.1手心挂接.txt	山道	usdl	usdl	未知飞键、非音码或读音集合未覆盖；不猜测
鲸凉鹤1.1手心挂接.txt	闪到	usdl	usdl	未知飞键、非音码或读音集合未覆盖；不猜测
鲸凉鹤1.1手心挂接.txt	闪电	usdm	usdm	未知飞键、非音码或读音集合未覆盖；不猜测
鲸凉鹤1.1手心挂接.txt	山巅	usdm	usdm	未知飞键、非音码或读音集合未覆盖；不猜测
鲸凉鹤1.1手心挂接.txt	删掉	usdn	usdn	未知飞键、非音码或读音集合未覆盖；不猜测
鲸凉鹤1.1手心挂接.txt	闪躲	usdo	usdo	未知飞键、非音码或读音集合未覆盖；不猜测
鲸凉鹤1.1手心挂接.txt	闪断	usdr	usdr	未知飞键、非音码或读音集合未覆盖；不猜测
鲸凉鹤1.1手心挂接.txt	山东	usds	usds	未知飞键、非音码或读音集合未覆盖；不猜测
鲸凉鹤1.1手心挂接.txt	山洞	usds	usds	未知飞键、非音码或读音集合未覆盖；不猜测
鲸凉鹤1.1手心挂接.txt	煽动	usds	usds	未知飞键、非音码或读音集合未覆盖；不猜测
鲸凉鹤1.1手心挂接.txt	闪动	usds	usds	未知飞键、非音码或读音集合未覆盖；不猜测
鲸凉鹤1.1手心挂接.txt	善妒	usdu	usdu	未知飞键、非音码或读音集合未覆盖；不猜测
鲸凉鹤1.1手心挂接.txt	善斗	usdz	usdz	未知飞键、非音码或读音集合未覆盖；不猜测
鲸凉鹤1.1手心挂接.txt	山兜	usdz	usdz	未知飞键、非音码或读音集合未覆盖；不猜测
鲸凉鹤1.1手心挂接.txt	善恶	usee	usee	未知飞键、非音码或读音集合未覆盖；不猜测
鲸凉鹤1.1手心挂接.txt	珊儿	user	user	未知飞键、非音码或读音集合未覆盖；不猜测
鲸凉鹤1.1手心挂接.txt	闪粉	usff	usff	未知飞键、非音码或读音集合未覆盖；不猜测
鲸凉鹤1.1手心挂接.txt	山坟	usff	usff	未知飞键、非音码或读音集合未覆盖；不猜测
鲸凉鹤1.1手心挂接.txt	山峰	usfg	usfg	未知飞键、非音码或读音集合未覆盖；不猜测
鲸凉鹤1.1手心挂接.txt	扇风	usfg	usfg	未知飞键、非音码或读音集合未覆盖；不猜测
鲸凉鹤1.1手心挂接.txt	山风	usfg	usfg	未知飞键、非音码或读音集合未覆盖；不猜测
鲸凉鹤1.1手心挂接.txt	膳房	usfh	usfh	未知飞键、非音码或读音集合未覆盖；不猜测
鲸凉鹤1.1手心挂接.txt	删繁	usfj	usfj	未知飞键、非音码或读音集合未覆盖；不猜测
鲸凉鹤1.1手心挂接.txt	山腹	usfu	usfu	未知飞键、非音码或读音集合未覆盖；不猜测
鲸凉鹤1.1手心挂接.txt	闪付	usfu	usfu	未知飞键、非音码或读音集合未覆盖；不猜测
鲸凉鹤1.1手心挂接.txt	山匪	usfw	usfw	未知飞键、非音码或读音集合未覆盖；不猜测
鲸凉鹤1.1手心挂接.txt	膳费	usfw	usfw	未知飞键、非音码或读音集合未覆盖；不猜测
鲸凉鹤1.1手心挂接.txt	山高	usgc	usgc	未知飞键、非音码或读音集合未覆盖；不猜测
鲸凉鹤1.1手心挂接.txt	删稿	usgc	usgc	未知飞键、非音码或读音集合未覆盖；不猜测
鲸凉鹤1.1手心挂接.txt	删改	usgd	usgd	未知飞键、非音码或读音集合未覆盖；不猜测
鲸凉鹤1.1手心挂接.txt	山歌	usge	usge	未知飞键、非音码或读音集合未覆盖；不猜测
鲸凉鹤1.1手心挂接.txt	栅格	usge	usge	未知飞键、非音码或读音集合未覆盖；不猜测
鲸凉鹤1.1手心挂接.txt	山根	usgf	usgf	未知飞键、非音码或读音集合未覆盖；不猜测
鲸凉鹤1.1手心挂接.txt	善根	usgf	usgf	未知飞键、非音码或读音集合未覆盖；不猜测
鲸凉鹤1.1手心挂接.txt	删根	usgf	usgf	未知飞键、非音码或读音集合未覆盖；不猜测
鲸凉鹤1.1手心挂接.txt	山冈	usgh	usgh	未知飞键、非音码或读音集合未覆盖；不猜测
鲸凉鹤1.1手心挂接.txt	山岗	usgh	usgh	未知飞键、非音码或读音集合未覆盖；不猜测
鲸凉鹤1.1手心挂接.txt	山鬼	usgi	usgi	未知飞键、非音码或读音集合未覆盖；不猜测
鲸凉鹤1.1手心挂接.txt	闪光	usgl	usgl	未知飞键、非音码或读音集合未覆盖；不猜测
鲸凉鹤1.1手心挂接.txt	删光	usgl	usgl	未知飞键、非音码或读音集合未覆盖；不猜测
鲸凉鹤1.1手心挂接.txt	闪过	usgo	usgo	未知飞键、非音码或读音集合未覆盖；不猜测
鲸凉鹤1.1手心挂接.txt	善功	usgs	usgs	未知飞键、非音码或读音集合未覆盖；不猜测
鲸凉鹤1.1手心挂接.txt	山谷	usgu	usgu	未知飞键、非音码或读音集合未覆盖；不猜测
鲸凉鹤1.1手心挂接.txt	扇骨	usgu	usgu	未知飞键、非音码或读音集合未覆盖；不猜测
鲸凉鹤1.1手心挂接.txt	山鬼	usgv	usgv	未知飞键、非音码或读音集合未覆盖；不猜测
鲸凉鹤1.1手心挂接.txt	山沟	usgz	usgz	未知飞键、非音码或读音集合未覆盖；不猜测
鲸凉鹤1.1手心挂接.txt	删号	ushc	ushc	未知飞键、非音码或读音集合未覆盖；不猜测
鲸凉鹤1.1手心挂接.txt	山海	ushd	ushd	未知飞键、非音码或读音集合未覆盖；不猜测
鲸凉鹤1.1手心挂接.txt	山河	ushe	ushe	未知飞键、非音码或读音集合未覆盖；不猜测
鲸凉鹤1.1手心挂接.txt	山壑	ushe	ushe	未知飞键、非音码或读音集合未覆盖；不猜测
鲸凉鹤1.1手心挂接.txt	山汉	ushj	ushj	未知飞键、非音码或读音集合未覆盖；不猜测
鲸凉鹤1.1手心挂接.txt	山火	usho	usho	未知飞键、非音码或读音集合未覆盖；不猜测
鲸凉鹤1.1手心挂接.txt	山货	usho	usho	未知飞键、非音码或读音集合未覆盖；不猜测
鲸凉鹤1.1手心挂接.txt	闪火	usho	usho	未知飞键、非音码或读音集合未覆盖；不猜测
鲸凉鹤1.1手心挂接.txt	山洪	ushs	ushs	未知飞键、非音码或读音集合未覆盖；不猜测
鲸凉鹤1.1手心挂接.txt	珊瑚	ushu	ushu	未知飞键、非音码或读音集合未覆盖；不猜测
鲸凉鹤1.1手心挂接.txt	闪回	ushv	ushv	未知飞键、非音码或读音集合未覆盖；不猜测
鲸凉鹤1.1手心挂接.txt	闪婚	ushy	ushy	未知飞键、非音码或读音集合未覆盖；不猜测
鲸凉鹤1.1手心挂接.txt	善后	ushz	ushz	未知飞键、非音码或读音集合未覆盖；不猜测
鲸凉鹤1.1手心挂接.txt	山后	ushz	ushz	未知飞键、非音码或读音集合未覆盖；不猜测
鲸凉鹤1.1手心挂接.txt	善茬	usia	usia	未知飞键、非音码或读音集合未覆盖；不猜测
鲸凉鹤1.1手心挂接.txt	山茶	usia	usia	未知飞键、非音码或读音集合未覆盖；不猜测
鲸凉鹤1.1手心挂接.txt	山车	usie	usie	未知飞键、非音码或读音集合未覆盖；不猜测
鲸凉鹤1.1手心挂接.txt	山城	usig	usig	未知飞键、非音码或读音集合未覆盖；不猜测
鲸凉鹤1.1手心挂接.txt	擅长	usih	usih	未知飞键、非音码或读音集合未覆盖；不猜测
鲸凉鹤1.1手心挂接.txt	山产	usij	usij	未知飞键、非音码或读音集合未覆盖；不猜测
鲸凉鹤1.1手心挂接.txt	擅闯	usil	usil	未知飞键、非音码或读音集合未覆盖；不猜测
鲸凉鹤1.1手心挂接.txt	扇窗	usil	usil	未知飞键、非音码或读音集合未覆盖；不猜测
鲸凉鹤1.1手心挂接.txt	山川	usir	usir	未知飞键、非音码或读音集合未覆盖；不猜测
鲸凉鹤1.1手心挂接.txt	闪充	usis	usis	未知飞键、非音码或读音集合未覆盖；不猜测
鲸凉鹤1.1手心挂接.txt	删除	usiu	usiu	未知飞键、非音码或读音集合未覆盖；不猜测
鲸凉鹤1.1手心挂接.txt	闪出	usiu	usiu	未知飞键、非音码或读音集合未覆盖；不猜测
鲸凉鹤1.1手心挂接.txt	善处	usiu	usiu	未知飞键、非音码或读音集合未覆盖；不猜测
鲸凉鹤1.1手心挂接.txt	闪进	usjb	usjb	未知飞键、非音码或读音集合未覆盖；不猜测
鲸凉鹤1.1手心挂接.txt	删尽	usjb	usjb	未知飞键、非音码或读音集合未覆盖；不猜测
鲸凉鹤1.1手心挂接.txt	山道	usjf	usjf	未知飞键、非音码或读音集合未覆盖；不猜测
鲸凉鹤1.1手心挂接.txt	闪击	usji	usji	未知飞键、非音码或读音集合未覆盖；不猜测
鲸凉鹤1.1手心挂接.txt	山鸡	usji	usji	未知飞键、非音码或读音集合未覆盖；不猜测
鲸凉鹤1.1手心挂接.txt	山脊	usji	usji	未知飞键、非音码或读音集合未覆盖；不猜测
鲸凉鹤1.1手心挂接.txt	山景	usjk	usjk	未知飞键、非音码或读音集合未覆盖；不猜测
鲸凉鹤1.1手心挂接.txt	山径	usjk	usjk	未知飞键、非音码或读音集合未覆盖；不猜测
鲸凉鹤1.1手心挂接.txt	山精	usjk	usjk	未知飞键、非音码或读音集合未覆盖；不猜测
鲸凉鹤1.1手心挂接.txt	山间	usjm	usjm	未知飞键、非音码或读音集合未覆盖；不猜测
鲸凉鹤1.1手心挂接.txt	山涧	usjm	usjm	未知飞键、非音码或读音集合未覆盖；不猜测
鲸凉鹤1.1手心挂接.txt	删减	usjm	usjm	未知飞键、非音码或读音集合未覆盖；不猜测
鲸凉鹤1.1手心挂接.txt	山脚	usjn	usjn	未知飞键、非音码或读音集合未覆盖；不猜测
鲸凉鹤1.1手心挂接.txt	删节	usjp	usjp	未知飞键、非音码或读音集合未覆盖；不猜测
鲸凉鹤1.1手心挂接.txt	善解	usjp	usjp	未知飞键、非音码或读音集合未覆盖；不猜测
鲸凉鹤1.1手心挂接.txt	山九	usjq	usjq	未知飞键、非音码或读音集合未覆盖；不猜测
鲸凉鹤1.1手心挂接.txt	善举	usju	usju	未知飞键、非音码或读音集合未覆盖；不猜测
鲸凉鹤1.1手心挂接.txt	山居	usju	usju	未知飞键、非音码或读音集合未覆盖；不猜测
鲸凉鹤1.1手心挂接.txt	闪狙	usju	usju	未知飞键、非音码或读音集合未覆盖；不猜测
鲸凉鹤1.1手心挂接.txt	善加	usjx	usjx	未知飞键、非音码或读音集合未覆盖；不猜测
鲸凉鹤1.1手心挂接.txt	山君	usjy	usjy	未知飞键、非音码或读音集合未覆盖；不猜测
鲸凉鹤1.1手心挂接.txt	山间	usjz	usjz	未知飞键、非音码或读音集合未覆盖；不猜测
鲸凉鹤1.1手心挂接.txt	山涧	usjz	usjz	未知飞键、非音码或读音集合未覆盖；不猜测
鲸凉鹤1.1手心挂接.txt	删减	usjz	usjz	未知飞键、非音码或读音集合未覆盖；不猜测
鲸凉鹤1.1手心挂接.txt	闪卡	uska	uska	未知飞键、非音码或读音集合未覆盖；不猜测
鲸凉鹤1.1手心挂接.txt	闪开	uskd	uskd	未知飞键、非音码或读音集合未覆盖；不猜测
鲸凉鹤1.1手心挂接.txt	苫块	uskk	uskk	未知飞键、非音码或读音集合未覆盖；不猜测
鲸凉鹤1.1手心挂接.txt	善款	uskr	uskr	未知飞键、非音码或读音集合未覆盖；不猜测
鲸凉鹤1.1手心挂接.txt	删空	usks	usks	未知飞键、非音码或读音集合未覆盖；不猜测
鲸凉鹤1.1手心挂接.txt	删库	usku	usku	未知飞键、非音码或读音集合未覆盖；不猜测
鲸凉鹤1.1手心挂接.txt	山葵	uskv	uskv	未知飞键、非音码或读音集合未覆盖；不猜测
鲸凉鹤1.1手心挂接.txt	山口	uskz	uskz	未知飞键、非音码或读音集合未覆盖；不猜测
鲸凉鹤1.1手心挂接.txt	删啦	usla	usla	未知飞键、非音码或读音集合未覆盖；不猜测
鲸凉鹤1.1手心挂接.txt	山林	uslb	uslb	未知飞键、非音码或读音集合未覆盖；不猜测
鲸凉鹤1.1手心挂接.txt	山姥	uslc	uslc	未知飞键、非音码或读音集合未覆盖；不猜测
鲸凉鹤1.1手心挂接.txt	删了	usle	usle	未知飞键、非音码或读音集合未覆盖；不猜测
鲸凉鹤1.1手心挂接.txt	闪了	usle	usle	未知飞键、非音码或读音集合未覆盖；不猜测
鲸凉鹤1.1手心挂接.txt	扇了	usle	usle	未知飞键、非音码或读音集合未覆盖；不猜测
鲸凉鹤1.1手心挂接.txt	山朗	uslh	uslh	未知飞键、非音码或读音集合未覆盖；不猜测
鲸凉鹤1.1手心挂接.txt	山里	usli	usli	未知飞键、非音码或读音集合未覆盖；不猜测
鲸凉鹤1.1手心挂接.txt	擅离	usli	usli	未知飞键、非音码或读音集合未覆盖；不猜测
鲸凉鹤1.1手心挂接.txt	山梨	usli	usli	未知飞键、非音码或读音集合未覆盖；不猜测
鲸凉鹤1.1手心挂接.txt	耸立	usli	usli	未知飞键、非音码或读音集合未覆盖；不猜测
鲸凉鹤1.1手心挂接.txt	山岚	uslj	uslj	未知飞键、非音码或读音集合未覆盖；不猜测
鲸凉鹤1.1手心挂接.txt	山岭	uslk	uslk	未知飞键、非音码或读音集合未覆盖；不猜测
鲸凉鹤1.1手心挂接.txt	山陵	uslk	uslk	未知飞键、非音码或读音集合未覆盖；不猜测
鲸凉鹤1.1手心挂接.txt	闪灵	uslk	uslk	未知飞键、非音码或读音集合未覆盖；不猜测
鲸凉鹤1.1手心挂接.txt	善良	usll	usll	未知飞键、非音码或读音集合未覆盖；不猜测
鲸凉鹤1.1手心挂接.txt	闪亮	usll	usll	未知飞键、非音码或读音集合未覆盖；不猜测
鲸凉鹤1.1手心挂接.txt	讪脸	uslm	uslm	未知飞键、非音码或读音集合未覆盖；不猜测
鲸凉鹤1.1手心挂接.txt	山料	usln	usln	未知飞键、非音码或读音集合未覆盖；不猜测
鲸凉鹤1.1手心挂接.txt	删咯	uslo	uslo	未知飞键、非音码或读音集合未覆盖；不猜测
鲸凉鹤1.1手心挂接.txt	山峦	uslr	uslr	未知飞键、非音码或读音集合未覆盖；不猜测
鲸凉鹤1.1手心挂接.txt	山龙	usls	usls	未知飞键、非音码或读音集合未覆盖；不猜测
鲸凉鹤1.1手心挂接.txt	闪掠	uslt	uslt	未知飞键、非音码或读音集合未覆盖；不猜测
鲸凉鹤1.1手心挂接.txt	山路	uslu	uslu	未知飞键、非音码或读音集合未覆盖；不猜测
鲸凉鹤1.1手心挂接.txt	山麓	uslu	uslu	未知飞键、非音码或读音集合未覆盖；不猜测
鲸凉鹤1.1手心挂接.txt	山铝	uslv	uslv	未知飞键、非音码或读音集合未覆盖；不猜测
鲸凉鹤1.1手心挂接.txt	善类	uslw	uslw	未知飞键、非音码或读音集合未覆盖；不猜测
鲸凉鹤1.1手心挂接.txt	删吗	usma	usma	未知飞键、非音码或读音集合未覆盖；不猜测
鲸凉鹤1.1手心挂接.txt	山民	usmb	usmb	未知飞键、非音码或读音集合未覆盖；不猜测
鲸凉鹤1.1手心挂接.txt	山猫	usmc	usmc	未知飞键、非音码或读音集合未覆盖；不猜测
鲸凉鹤1.1手心挂接.txt	山脉	usmd	usmd	未知飞键、非音码或读音集合未覆盖；不猜测
鲸凉鹤1.1手心挂接.txt	山门	usmf	usmf	未知飞键、非音码或读音集合未覆盖；不猜测
鲸凉鹤1.1手心挂接.txt	扇门	usmf	usmf	未知飞键、非音码或读音集合未覆盖；不猜测
鲸凉鹤1.1手心挂接.txt	山盟	usmg	usmg	未知飞键、非音码或读音集合未覆盖；不猜测
鲸凉鹤1.1手心挂接.txt	山明	usmk	usmk	未知飞键、非音码或读音集合未覆盖；不猜测
鲸凉鹤1.1手心挂接.txt	扇面	usmm	usmm	未知飞键、非音码或读音集合未覆盖；不猜测
鲸凉鹤1.1手心挂接.txt	闪魔	usmo	usmo	未知飞键、非音码或读音集合未覆盖；不猜测
鲸凉鹤1.1手心挂接.txt	山姆	usmu	usmu	未知飞键、非音码或读音集合未覆盖；不猜测
鲸凉鹤1.1手心挂接.txt	删没	usmw	usmw	未知飞键、非音码或读音集合未覆盖；不猜测
鲸凉鹤1.1手心挂接.txt	山姆	usmx	usmx	未知飞键、非音码或读音集合未覆盖；不猜测
鲸凉鹤1.1手心挂接.txt	山奈	usnd	usnd	未知飞键、非音码或读音集合未覆盖；不猜测
鲸凉鹤1.1手心挂接.txt	删呢	usne	usne	未知飞键、非音码或读音集合未覆盖；不猜测
鲸凉鹤1.1手心挂接.txt	疝囊	usnh	usnh	未知飞键、非音码或读音集合未覆盖；不猜测
鲸凉鹤1.1手心挂接.txt	扇你	usni	usni	未知飞键、非音码或读音集合未覆盖；不猜测
鲸凉鹤1.1手心挂接.txt	山南	usnj	usnj	未知飞键、非音码或读音集合未覆盖；不猜测
鲸凉鹤1.1手心挂接.txt	陕南	usnj	usnj	未知飞键、非音码或读音集合未覆盖；不猜测
鲸凉鹤1.1手心挂接.txt	扇娘	usnl	usnl	未知飞键、非音码或读音集合未覆盖；不猜测
鲸凉鹤1.1手心挂接.txt	善念	usnm	usnm	未知飞键、非音码或读音集合未覆盖；不猜测
鲸凉鹤1.1手心挂接.txt	闪念	usnm	usnm	未知飞键、非音码或读音集合未覆盖；不猜测
鲸凉鹤1.1手心挂接.txt	山鸟	usnn	usnn	未知飞键、非音码或读音集合未覆盖；不猜测
鲸凉鹤1.1手心挂接.txt	闪暖	usnr	usnr	未知飞键、非音码或读音集合未覆盖；不猜测
鲸凉鹤1.1手心挂接.txt	山农	usns	usns	未知飞键、非音码或读音集合未覆盖；不猜测
鲸凉鹤1.1手心挂接.txt	山内	usnw	usnw	未知飞键、非音码或读音集合未覆盖；不猜测
鲸凉鹤1.1手心挂接.txt	山南	usnz	usnz	未知飞键、非音码或读音集合未覆盖；不猜测
鲸凉鹤1.1手心挂接.txt	陕南	usnz	usnz	未知飞键、非音码或读音集合未覆盖；不猜测
鲸凉鹤1.1手心挂接.txt	山炮	uspc	uspc	未知飞键、非音码或读音集合未覆盖；不猜测
鲸凉鹤1.1手心挂接.txt	闪拍	uspd	uspd	未知飞键、非音码或读音集合未覆盖；不猜测
鲸凉鹤1.1手心挂接.txt	山旁	usph	usph	未知飞键、非音码或读音集合未覆盖；不猜测
鲸凉鹤1.1手心挂接.txt	闪盘	uspj	uspj	未知飞键、非音码或读音集合未覆盖；不猜测
鲸凉鹤1.1手心挂接.txt	闪屏	uspk	uspk	未知飞键、非音码或读音集合未覆盖；不猜测
鲸凉鹤1.1手心挂接.txt	删评	uspk	uspk	未知飞键、非音码或读音集合未覆盖；不猜测
鲸凉鹤1.1手心挂接.txt	山坡	uspo	uspo	未知飞键、非音码或读音集合未覆盖；不猜测
鲸凉鹤1.1手心挂接.txt	山坡	usps	usps	未知飞键、非音码或读音集合未覆盖；不猜测
鲸凉鹤1.1手心挂接.txt	闪屏	uspx	uspx	未知飞键、非音码或读音集合未覆盖；不猜测
鲸凉鹤1.1手心挂接.txt	山芹	usqb	usqb	未知飞键、非音码或读音集合未覆盖；不猜测
鲸凉鹤1.1手心挂接.txt	疝气	usqi	usqi	未知飞键、非音码或读音集合未覆盖；不猜测
鲸凉鹤1.1手心挂接.txt	膻气	usqi	usqi	未知飞键、非音码或读音集合未覆盖；不猜测
鲸凉鹤1.1手心挂接.txt	煽情	usqk	usqk	未知飞键、非音码或读音集合未覆盖；不猜测
鲸凉鹤1.1手心挂接.txt	山青	usqk	usqk	未知飞键、非音码或读音集合未覆盖；不猜测
鲸凉鹤1.1手心挂接.txt	山前	usqm	usqm	未知飞键、非音码或读音集合未覆盖；不猜测
鲸凉鹤1.1手心挂接.txt	山桥	usqn	usqn	未知飞键、非音码或读音集合未覆盖；不猜测
鲸凉鹤1.1手心挂接.txt	山丘	usqq	usqq	未知飞键、非音码或读音集合未覆盖；不猜测
鲸凉鹤1.1手心挂接.txt	山泉	usqr	usqr	未知飞键、非音码或读音集合未覆盖；不猜测
鲸凉鹤1.1手心挂接.txt	擅权	usqr	usqr	未知飞键、非音码或读音集合未覆盖；不猜测
鲸凉鹤1.1手心挂接.txt	山雀	usqt	usqt	未知飞键、非音码或读音集合未覆盖；不猜测
鲸凉鹤1.1手心挂接.txt	山区	usqu	usqu	未知飞键、非音码或读音集合未覆盖；不猜测
鲸凉鹤1.1手心挂接.txt	删去	usqu	usqu	未知飞键、非音码或读音集合未覆盖；不猜测
鲸凉鹤1.1手心挂接.txt	闪人	usrf	usrf	未知飞键、非音码或读音集合未覆盖；不猜测
鲸凉鹤1.1手心挂接.txt	禅让	usrh	usrh	未知飞键、非音码或读音集合未覆盖；不猜测
鲸凉鹤1.1手心挂接.txt	潸然	usrj	usrj	未知飞键、非音码或读音集合未覆盖；不猜测
鲸凉鹤1.1手心挂接.txt	善融	usrs	usrs	未知飞键、非音码或读音集合未覆盖；不猜测
鲸凉鹤1.1手心挂接.txt	擅入	usru	usru	未知飞键、非音码或读音集合未覆盖；不猜测
鲸凉鹤1.1手心挂接.txt	山色	usse	usse	未知飞键、非音码或读音集合未覆盖；不猜测
鲸凉鹤1.1手心挂接.txt	扇死	ussi	ussi	未知飞键、非音码或读音集合未覆盖；不猜测
鲸凉鹤1.1手心挂接.txt	山寺	ussi	ussi	未知飞键、非音码或读音集合未覆盖；不猜测
鲸凉鹤1.1手心挂接.txt	鳝丝	ussi	ussi	未知飞键、非音码或读音集合未覆盖；不猜测
鲸凉鹤1.1手心挂接.txt	山蒜	ussr	ussr	未知飞键、非音码或读音集合未覆盖；不猜测
鲸凉鹤1.1手心挂接.txt	闪送	usss	usss	未知飞键、非音码或读音集合未覆盖；不猜测
鲸凉鹤1.1手心挂接.txt	闪速	ussu	ussu	未知飞键、非音码或读音集合未覆盖；不猜测
鲸凉鹤1.1手心挂接.txt	膳宿	ussu	ussu	未知飞键、非音码或读音集合未覆盖；不猜测
鲸凉鹤1.1手心挂接.txt	扇他	usta	usta	未知飞键、非音码或读音集合未覆盖；不猜测
鲸凉鹤1.1手心挂接.txt	山桃	ustc	ustc	未知飞键、非音码或读音集合未覆盖；不猜测
鲸凉鹤1.1手心挂接.txt	删汰	ustd	ustd	未知飞键、非音码或读音集合未覆盖；不猜测
鲸凉鹤1.1手心挂接.txt	山特	uste	uste	未知飞键、非音码或读音集合未覆盖；不猜测
鲸凉鹤1.1手心挂接.txt	山塘	usth	usth	未知飞键、非音码或读音集合未覆盖；不猜测
鲸凉鹤1.1手心挂接.txt	山体	usti	usti	未知飞键、非音码或读音集合未覆盖；不猜测
鲸凉鹤1.1手心挂接.txt	善谈	ustj	ustj	未知飞键、非音码或读音集合未覆盖；不猜测
鲸凉鹤1.1手心挂接.txt	山亭	ustk	ustk	未知飞键、非音码或读音集合未覆盖；不猜测
鲸凉鹤1.1手心挂接.txt	闪退	ustl	ustl	未知飞键、非音码或读音集合未覆盖；不猜测
鲸凉鹤1.1手心挂接.txt	山田	ustm	ustm	未知飞键、非音码或读音集合未覆盖；不猜测
鲸凉鹤1.1手心挂接.txt	删帖	ustp	ustp	未知飞键、非音码或读音集合未覆盖；不猜测
鲸凉鹤1.1手心挂接.txt	删贴	ustp	ustp	未知飞键、非音码或读音集合未覆盖；不猜测
鲸凉鹤1.1手心挂接.txt	山童	usts	usts	未知飞键、非音码或读音集合未覆盖；不猜测
鲸凉鹤1.1手心挂接.txt	山兔	ustu	ustu	未知飞键、非音码或读音集合未覆盖；不猜测
鲸凉鹤1.1手心挂接.txt	闪退	ustv	ustv	未知飞键、非音码或读音集合未覆盖；不猜测
鲸凉鹤1.1手心挂接.txt	山头	ustz	ustz	未知飞键、非音码或读音集合未覆盖；不猜测
鲸凉鹤1.1手心挂接.txt	汕头	ustz	ustz	未知飞键、非音码或读音集合未覆盖；不猜测
鲸凉鹤1.1手心挂接.txt	珊莎	usua	usua	未知飞键、非音码或读音集合未覆盖；不猜测
鲸凉鹤1.1手心挂接.txt	闪射	usue	usue	未知飞键、非音码或读音集合未覆盖；不猜测
鲸凉鹤1.1手心挂接.txt	山神	usuf	usuf	未知飞键、非音码或读音集合未覆盖；不猜测
鲸凉鹤1.1手心挂接.txt	闪身	usuf	usuf	未知飞键、非音码或读音集合未覆盖；不猜测
鲸凉鹤1.1手心挂接.txt	山参	usuf	usuf	未知飞键、非音码或读音集合未覆盖；不猜测
鲸凉鹤1.1手心挂接.txt	善生	usug	usug	未知飞键、非音码或读音集合未覆盖；不猜测
鲸凉鹤1.1手心挂接.txt	山上	usuh	usuh	未知飞键、非音码或读音集合未覆盖；不猜测
鲸凉鹤1.1手心挂接.txt	闪失	usui	usui	未知飞键、非音码或读音集合未覆盖；不猜测
鲸凉鹤1.1手心挂接.txt	善事	usui	usui	未知飞键、非音码或读音集合未覆盖；不猜测
鲸凉鹤1.1手心挂接.txt	山石	usui	usui	未知飞键、非音码或读音集合未覆盖；不猜测
鲸凉鹤1.1手心挂接.txt	膳食	usui	usui	未知飞键、非音码或读音集合未覆盖；不猜测
鲸凉鹤1.1手心挂接.txt	闪烁	usuo	usuo	未知飞键、非音码或读音集合未覆盖；不猜测
鲸凉鹤1.1手心挂接.txt	闪闪	usus	usus	未知飞键、非音码或读音集合未覆盖；不猜测
鲸凉鹤1.1手心挂接.txt	讪讪	usus	usus	未知飞键、非音码或读音集合未覆盖；不猜测
鲸凉鹤1.1手心挂接.txt	姗姗	usus	usus	未知飞键、非音码或读音集合未覆盖；不猜测
鲸凉鹤1.1手心挂接.txt	杉树	usuu	usuu	未知飞键、非音码或读音集合未覆盖；不猜测
鲸凉鹤1.1手心挂接.txt	山水	usuv	usuv	未知飞键、非音码或读音集合未覆盖；不猜测
鲸凉鹤1.1手心挂接.txt	山楂	usva	usva	未知飞键、非音码或读音集合未覆盖；不猜测
鲸凉鹤1.1手心挂接.txt	闪照	usvc	usvc	未知飞键、非音码或读音集合未覆盖；不猜测
鲸凉鹤1.1手心挂接.txt	山寨	usvd	usvd	未知飞键、非音码或读音集合未覆盖；不猜测
鲸凉鹤1.1手心挂接.txt	闪着	usve	usve	未知飞键、非音码或读音集合未覆盖；不猜测
鲸凉鹤1.1手心挂接.txt	扇着	usve	usve	未知飞键、非音码或读音集合未覆盖；不猜测
鲸凉鹤1.1手心挂接.txt	善者	usve	usve	未知飞键、非音码或读音集合未覆盖；不猜测
鲸凉鹤1.1手心挂接.txt	山珍	usvf	usvf	未知飞键、非音码或读音集合未覆盖；不猜测
鲸凉鹤1.1手心挂接.txt	山镇	usvf	usvf	未知飞键、非音码或读音集合未覆盖；不猜测
鲸凉鹤1.1手心挂接.txt	善政	usvg	usvg	未知飞键、非音码或读音集合未覆盖；不猜测
鲸凉鹤1.1手心挂接.txt	闪蒸	usvg	usvg	未知飞键、非音码或读音集合未覆盖；不猜测
鲸凉鹤1.1手心挂接.txt	山掌	usvh	usvh	未知飞键、非音码或读音集合未覆盖；不猜测
鲸凉鹤1.1手心挂接.txt	山治	usvi	usvi	未知飞键、非音码或读音集合未覆盖；不猜测
鲸凉鹤1.1手心挂接.txt	删之	usvi	usvi	未知飞键、非音码或读音集合未覆盖；不猜测
鲸凉鹤1.1手心挂接.txt	善战	usvj	usvj	未知飞键、非音码或读音集合未覆盖；不猜测
鲸凉鹤1.1手心挂接.txt	善政	usvk	usvk	未知飞键、非音码或读音集合未覆盖；不猜测
鲸凉鹤1.1手心挂接.txt	闪蒸	usvk	usvk	未知飞键、非音码或读音集合未覆盖；不猜测
鲸凉鹤1.1手心挂接.txt	山庄	usvl	usvl	未知飞键、非音码或读音集合未覆盖；不猜测
鲸凉鹤1.1手心挂接.txt	删之	usvp	usvp	未知飞键、非音码或读音集合未覆盖；不猜测
鲸凉鹤1.1手心挂接.txt	闪赚	usvr	usvr	未知飞键、非音码或读音集合未覆盖；不猜测
鲸凉鹤1.1手心挂接.txt	山中	usvs	usvs	未知飞键、非音码或读音集合未覆盖；不猜测
鲸凉鹤1.1手心挂接.txt	善终	usvs	usvs	未知飞键、非音码或读音集合未覆盖；不猜测
鲸凉鹤1.1手心挂接.txt	膻中	usvs	usvs	未知飞键、非音码或读音集合未覆盖；不猜测
鲸凉鹤1.1手心挂接.txt	山竹	usvu	usvu	未知飞键、非音码或读音集合未覆盖；不猜测
鲸凉鹤1.1手心挂接.txt	山猪	usvu	usvu	未知飞键、非音码或读音集合未覆盖；不猜测
鲸凉鹤1.1手心挂接.txt	扇坠	usvv	usvv	未知飞键、非音码或读音集合未覆盖；不猜测
鲸凉鹤1.1手心挂接.txt	陕州	usvz	usvz	未知飞键、非音码或读音集合未覆盖；不猜测
鲸凉鹤1.1手心挂接.txt	山洼	uswa	uswa	未知飞键、非音码或读音集合未覆盖；不猜测
鲸凉鹤1.1手心挂接.txt	山外	uswd	uswd	未知飞键、非音码或读音集合未覆盖；不猜测
鲸凉鹤1.1手心挂接.txt	善忘	uswh	uswh	未知飞键、非音码或读音集合未覆盖；不猜测
鲸凉鹤1.1手心挂接.txt	删完	uswj	uswj	未知飞键、非音码或读音集合未覆盖；不猜测
鲸凉鹤1.1手心挂接.txt	山窝	uswo	uswo	未知飞键、非音码或读音集合未覆盖；不猜测
鲸凉鹤1.1手心挂接.txt	善舞	uswu	uswu	未知飞键、非音码或读音集合未覆盖；不猜测
鲸凉鹤1.1手心挂接.txt	山坞	uswu	uswu	未知飞键、非音码或读音集合未覆盖；不猜测
鲸凉鹤1.1手心挂接.txt	膻味	usww	usww	未知飞键、非音码或读音集合未覆盖；不猜测
鲸凉鹤1.1手心挂接.txt	汕尾	usww	usww	未知飞键、非音码或读音集合未覆盖；不猜测
鲸凉鹤1.1手心挂接.txt	善心	usxb	usxb	未知飞键、非音码或读音集合未覆盖；不猜测
鲸凉鹤1.1手心挂接.txt	山西	usxi	usxi	未知飞键、非音码或读音集合未覆盖；不猜测
鲸凉鹤1.1手心挂接.txt	陕西	usxi	usxi	未知飞键、非音码或读音集合未覆盖；不猜测
鲸凉鹤1.1手心挂接.txt	扇形	usxk	usxk	未知飞键、非音码或读音集合未覆盖；不猜测
鲸凉鹤1.1手心挂接.txt	山乡	usxl	usxl	未知飞键、非音码或读音集合未覆盖；不猜测
鲸凉鹤1.1手心挂接.txt	闪现	usxm	usxm	未知飞键、非音码或读音集合未覆盖；不猜测
鲸凉鹤1.1手心挂接.txt	讪笑	usxn	usxn	未知飞键、非音码或读音集合未覆盖；不猜测
鲸凉鹤1.1手心挂接.txt	山魈	usxn	usxn	未知飞键、非音码或读音集合未覆盖；不猜测
鲸凉鹤1.1手心挂接.txt	闪秀	usxo	usxo	未知飞键、非音码或读音集合未覆盖；不猜测
鲸凉鹤1.1手心挂接.txt	缮写	usxp	usxp	未知飞键、非音码或读音集合未覆盖；不猜测
鲸凉鹤1.1手心挂接.txt	删选	usxr	usxr	未知飞键、非音码或读音集合未覆盖；不猜测
鲸凉鹤1.1手心挂接.txt	善学	usxt	usxt	未知飞键、非音码或读音集合未覆盖；不猜测
鲸凉鹤1.1手心挂接.txt	山下	usxx	usxx	未知飞键、非音码或读音集合未覆盖；不猜测
鲸凉鹤1.1手心挂接.txt	闪瞎	usxx	usxx	未知飞键、非音码或读音集合未覆盖；不猜测
鲸凉鹤1.1手心挂接.txt	闪讯	usxy	usxy	未知飞键、非音码或读音集合未覆盖；不猜测
鲸凉鹤1.1手心挂接.txt	山崖	usya	usya	未知飞键、非音码或读音集合未覆盖；不猜测
鲸凉鹤1.1手心挂接.txt	山阴	usyb	usyb	未知飞键、非音码或读音集合未覆盖；不猜测
鲸凉鹤1.1手心挂接.txt	闪耀	usyc	usyc	未知飞键、非音码或读音集合未覆盖；不猜测
鲸凉鹤1.1手心挂接.txt	山药	usyc	usyc	未知飞键、非音码或读音集合未覆盖；不猜测
鲸凉鹤1.1手心挂接.txt	山腰	usyc	usyc	未知飞键、非音码或读音集合未覆盖；不猜测
鲸凉鹤1.1手心挂接.txt	山野	usye	usye	未知飞键、非音码或读音集合未覆盖；不猜测
鲸凉鹤1.1手心挂接.txt	扇叶	usye	usye	未知飞键、非音码或读音集合未覆盖；不猜测
鲸凉鹤1.1手心挂接.txt	山岩	usyf	usyf	未知飞键、非音码或读音集合未覆盖；不猜测
鲸凉鹤1.1手心挂接.txt	善言	usyf	usyf	未知飞键、非音码或读音集合未覆盖；不猜测
鲸凉鹤1.1手心挂接.txt	善于	usyg	usyg	未知飞键、非音码或读音集合未覆盖；不猜测
鲸凉鹤1.1手心挂接.txt	山芋	usyg	usyg	未知飞键、非音码或读音集合未覆盖；不猜测
鲸凉鹤1.1手心挂接.txt	擅于	usyg	usyg	未知飞键、非音码或读音集合未覆盖；不猜测
鲸凉鹤1.1手心挂接.txt	赡养	usyh	usyh	未知飞键、非音码或读音集合未覆盖；不猜测
鲸凉鹤1.1手心挂接.txt	山羊	usyh	usyh	未知飞键、非音码或读音集合未覆盖；不猜测
鲸凉鹤1.1手心挂接.txt	善意	usyi	usyi	未知飞键、非音码或读音集合未覆盖；不猜测
鲸凉鹤1.1手心挂接.txt	山岩	usyj	usyj	未知飞键、非音码或读音集合未覆盖；不猜测
鲸凉鹤1.1手心挂接.txt	善言	usyj	usyj	未知飞键、非音码或读音集合未覆盖；不猜测
鲸凉鹤1.1手心挂接.txt	善缘	usyr	usyr	未知飞键、非音码或读音集合未覆盖；不猜测
鲸凉鹤1.1手心挂接.txt	善用	usys	usys	未知飞键、非音码或读音集合未覆盖；不猜测
鲸凉鹤1.1手心挂接.txt	擅用	usys	usys	未知飞键、非音码或读音集合未覆盖；不猜测
鲸凉鹤1.1手心挂接.txt	山岳	usyt	usyt	未知飞键、非音码或读音集合未覆盖；不猜测
鲸凉鹤1.1手心挂接.txt	山月	usyt	usyt	未知飞键、非音码或读音集合未覆盖；不猜测
鲸凉鹤1.1手心挂接.txt	善于	usyu	usyu	未知飞键、非音码或读音集合未覆盖；不猜测
鲸凉鹤1.1手心挂接.txt	山芋	usyu	usyu	未知飞键、非音码或读音集合未覆盖；不猜测
鲸凉鹤1.1手心挂接.txt	擅于	usyu	usyu	未知飞键、非音码或读音集合未覆盖；不猜测
鲸凉鹤1.1手心挂接.txt	鳝鱼	usyu	usyu	未知飞键、非音码或读音集合未覆盖；不猜测
鲸凉鹤1.1手心挂接.txt	山枣	uszc	uszc	未知飞键、非音码或读音集合未覆盖；不猜测
鲸凉鹤1.1手心挂接.txt	善哉	uszd	uszd	未知飞键、非音码或读音集合未覆盖；不猜测
鲸凉鹤1.1手心挂接.txt	山泽	usze	usze	未知飞键、非音码或读音集合未覆盖；不猜测
鲸凉鹤1.1手心挂接.txt	擅自	uszi	uszi	未知飞键、非音码或读音集合未覆盖；不猜测
鲸凉鹤1.1手心挂接.txt	扇子	uszi	uszi	未知飞键、非音码或读音集合未覆盖；不猜测
鲸凉鹤1.1手心挂接.txt	擅作	uszo	uszo	未知飞键、非音码或读音集合未覆盖；不猜测
鲸凉鹤1.1手心挂接.txt	闪钻	uszr	uszr	未知飞键、非音码或读音集合未覆盖；不猜测
鲸凉鹤1.1手心挂接.txt	闪族	uszu	uszu	未知飞键、非音码或读音集合未覆盖；不猜测
鲸凉鹤1.1手心挂接.txt	山嘴	uszv	uszv	未知飞键、非音码或读音集合未覆盖；不猜测
鲸凉鹤1.1手心挂接.txt	山贼	uszw	uszw	未知飞键、非音码或读音集合未覆盖；不猜测
鲸凉鹤1.1手心挂接.txt	闪走	uszz	uszz	未知飞键、非音码或读音集合未覆盖；不猜测
鲸凉鹤1.1手心挂接.txt	树丛	uucl	uucl	未知飞键、非音码或读音集合未覆盖；不猜测
鲸凉鹤1.1手心挂接.txt	疏导	uudl	uudl	未知飞键、非音码或读音集合未覆盖；不猜测
鲸凉鹤1.1手心挂接.txt	蜀道	uudl	uudl	未知飞键、非音码或读音集合未覆盖；不猜测
鲸凉鹤1.1手心挂接.txt	梳打	uudw	uudw	未知飞键、非音码或读音集合未覆盖；不猜测
鲸凉鹤1.1手心挂接.txt	书柜	uugi	uugi	未知飞键、非音码或读音集合未覆盖；不猜测
鲸凉鹤1.1手心挂接.txt	树冠	uugp	uugp	未知飞键、非音码或读音集合未覆盖；不猜测
鲸凉鹤1.1手心挂接.txt	书馆	uugp	uugp	未知飞键、非音码或读音集合未覆盖；不猜测
鲸凉鹤1.1手心挂接.txt	束冠	uugp	uugp	未知飞键、非音码或读音集合未覆盖；不猜测
鲸凉鹤1.1手心挂接.txt	蜀道	uujf	uujf	未知飞键、非音码或读音集合未覆盖；不猜测
鲸凉鹤1.1手心挂接.txt	书简	uujz	uujz	未知飞键、非音码或读音集合未覆盖；不猜测
鲸凉鹤1.1手心挂接.txt	书剑	uujz	uujz	未知飞键、非音码或读音集合未覆盖；不猜测
鲸凉鹤1.1手心挂接.txt	书笺	uujz	uujz	未知飞键、非音码或读音集合未覆盖；不猜测
鲸凉鹤1.1手心挂接.txt	数列	uulf	uulf	未知飞键、非音码或读音集合未覆盖；不猜测
鲸凉鹤1.1手心挂接.txt	树木	uumx	uumx	未知飞键、非音码或读音集合未覆盖；不猜测
鲸凉鹤1.1手心挂接.txt	数目	uumx	uumx	未知飞键、非音码或读音集合未覆盖；不猜测
鲸凉鹤1.1手心挂接.txt	书目	uumx	uumx	未知飞键、非音码或读音集合未覆盖；不猜测
鲸凉鹤1.1手心挂接.txt	叔母	uumx	uumx	未知飞键、非音码或读音集合未覆盖；不猜测
鲸凉鹤1.1手心挂接.txt	恕难	uunz	uunz	未知飞键、非音码或读音集合未覆盖；不猜测
鲸凉鹤1.1手心挂接.txt	熟男	uunz	uunz	未知飞键、非音码或读音集合未覆盖；不猜测
鲸凉鹤1.1手心挂接.txt	蜀南	uunz	uunz	未知飞键、非音码或读音集合未覆盖；不猜测
鲸凉鹤1.1手心挂接.txt	树皮	uupe	uupe	未知飞键、非音码或读音集合未覆盖；不猜测
鲸凉鹤1.1手心挂接.txt	书皮	uupe	uupe	未知飞键、非音码或读音集合未覆盖；不猜测
鲸凉鹤1.1手心挂接.txt	鼠皮	uupe	uupe	未知飞键、非音码或读音集合未覆盖；不猜测
鲸凉鹤1.1手心挂接.txt	叔婆	uups	uups	未知飞键、非音码或读音集合未覆盖；不猜测
鲸凉鹤1.1手心挂接.txt	书评	uupx	uupx	未知飞键、非音码或读音集合未覆盖；不猜测
鲸凉鹤1.1手心挂接.txt	竖屏	uupx	uupx	未知飞键、非音码或读音集合未覆盖；不猜测
鲸凉鹤1.1手心挂接.txt	竖起	uuqe	uuqe	未知飞键、非音码或读音集合未覆盖；不猜测
鲸凉鹤1.1手心挂接.txt	数起	uuqe	uuqe	未知飞键、非音码或读音集合未覆盖；不猜测
鲸凉鹤1.1手心挂接.txt	束起	uuqe	uuqe	未知飞键、非音码或读音集合未覆盖；不猜测
鲸凉鹤1.1手心挂接.txt	束腿	uutl	uutl	未知飞键、非音码或读音集合未覆盖；不猜测
鲸凉鹤1.1手心挂接.txt	蜀山	uuus	uuus	未知飞键、非音码或读音集合未覆盖；不猜测
鲸凉鹤1.1手心挂接.txt	竖向	uuxj	uuxj	未知飞键、非音码或读音集合未覆盖；不猜测
鲸凉鹤1.1手心挂接.txt	蜀绣	uuxo	uuxo	未知飞键、非音码或读音集合未覆盖；不猜测
鲸凉鹤1.1手心挂接.txt	舒颜	uuyf	uuyf	未知飞键、非音码或读音集合未覆盖；不猜测
鲸凉鹤1.1手心挂接.txt	属于	uuyg	uuyg	未知飞键、非音码或读音集合未覆盖；不猜测
鲸凉鹤1.1手心挂接.txt	术语	uuyg	uuyg	未知飞键、非音码或读音集合未覆盖；不猜测
鲸凉鹤1.1手心挂接.txt	疏于	uuyg	uuyg	未知飞键、非音码或读音集合未覆盖；不猜测
鲸凉鹤1.1手心挂接.txt	水氹	uvdh	uvdh	未知飞键、非音码或读音集合未覆盖；不猜测
鲸凉鹤1.1手心挂接.txt	水稻	uvdl	uvdl	未知飞键、非音码或读音集合未覆盖；不猜测
鲸凉鹤1.1手心挂接.txt	睡到	uvdl	uvdl	未知飞键、非音码或读音集合未覆盖；不猜测
鲸凉鹤1.1手心挂接.txt	水鬼	uvgi	uvgi	未知飞键、非音码或读音集合未覆盖；不猜测
鲸凉鹤1.1手心挂接.txt	水管	uvgp	uvgp	未知飞键、非音码或读音集合未覆盖；不猜测
鲸凉鹤1.1手心挂接.txt	水碱	uvjz	uvjz	未知飞键、非音码或读音集合未覆盖；不猜测
鲸凉鹤1.1手心挂接.txt	水煎	uvjz	uvjz	未知飞键、非音码或读音集合未覆盖；不猜测
鲸凉鹤1.1手心挂接.txt	睡咯	uvlo	uvlo	未知飞键、非音码或读音集合未覆盖；不猜测
鲸凉鹤1.1手心挂接.txt	水漫	uvmr	uvmr	未知飞键、非音码或读音集合未覆盖；不猜测
鲸凉鹤1.1手心挂接.txt	水满	uvmr	uvmr	未知飞键、非音码或读音集合未覆盖；不猜测
鲸凉鹤1.1手心挂接.txt	水母	uvmx	uvmx	未知飞键、非音码或读音集合未覆盖；不猜测
鲸凉鹤1.1手心挂接.txt	水木	uvmx	uvmx	未知飞键、非音码或读音集合未覆盖；不猜测
鲸凉鹤1.1手心挂接.txt	水南	uvnz	uvnz	未知飞键、非音码或读音集合未覆盖；不猜测
鲸凉鹤1.1手心挂接.txt	水皮	uvpe	uvpe	未知飞键、非音码或读音集合未覆盖；不猜测
鲸凉鹤1.1手心挂接.txt	水泊	uvps	uvps	未知飞键、非音码或读音集合未覆盖；不猜测
鲸凉鹤1.1手心挂接.txt	水平	uvpx	uvpx	未知飞键、非音码或读音集合未覆盖；不猜测
鲸凉鹤1.1手心挂接.txt	水瓶	uvpx	uvpx	未知飞键、非音码或读音集合未覆盖；不猜测
鲸凉鹤1.1手心挂接.txt	水杉	uvus	uvus	未知飞键、非音码或读音集合未覆盖；不猜测
鲸凉鹤1.1手心挂接.txt	税政	uvvk	uvvk	未知飞键、非音码或读音集合未覆盖；不猜测
鲸凉鹤1.1手心挂接.txt	水秀	uvxo	uvxo	未知飞键、非音码或读音集合未覆盖；不猜测
鲸凉鹤1.1手心挂接.txt	水锈	uvxo	uvxo	未知飞键、非音码或读音集合未覆盖；不猜测
鲸凉鹤1.1手心挂接.txt	水袖	uvxo	uvxo	未知飞键、非音码或读音集合未覆盖；不猜测
鲸凉鹤1.1手心挂接.txt	水烟	uvyf	uvyf	未知飞键、非音码或读音集合未覆盖；不猜测
鲸凉鹤1.1手心挂接.txt	水淹	uvyf	uvyf	未知飞键、非音码或读音集合未覆盖；不猜测
鲸凉鹤1.1手心挂接.txt	水域	uvyg	uvyg	未知飞键、非音码或读音集合未覆盖；不猜测
鲸凉鹤1.1手心挂接.txt	谁到	uwdl	uwdl	未知飞键、非音码或读音集合未覆盖；不猜测
鲸凉鹤1.1手心挂接.txt	谁管	uwgp	uwgp	未知飞键、非音码或读音集合未覆盖；不猜测
鲸凉鹤1.1手心挂接.txt	谁道	uwjf	uwjf	未知飞键、非音码或读音集合未覆盖；不猜测
鲸凉鹤1.1手心挂接.txt	谁建	uwjz	uwjz	未知飞键、非音码或读音集合未覆盖；不猜测
鲸凉鹤1.1手心挂接.txt	谁退	uwtl	uwtl	未知飞键、非音码或读音集合未覆盖；不猜测
鲸凉鹤1.1手心挂接.txt	谁演	uwyf	uwyf	未知飞键、非音码或读音集合未覆盖；不猜测
鲸凉鹤1.1手心挂接.txt	谁与	uwyg	uwyg	未知飞键、非音码或读音集合未覆盖；不猜测
鲸凉鹤1.1手心挂接.txt	刷到	uxdl	uxdl	未知飞键、非音码或读音集合未覆盖；不猜测
鲸凉鹤1.1手心挂接.txt	刷鬼	uxgi	uxgi	未知飞键、非音码或读音集合未覆盖；不猜测
鲸凉鹤1.1手心挂接.txt	耍贱	uxjz	uxjz	未知飞键、非音码或读音集合未覆盖；不猜测
鲸凉鹤1.1手心挂接.txt	耍奸	uxjz	uxjz	未知飞键、非音码或读音集合未覆盖；不猜测
鲸凉鹤1.1手心挂接.txt	耍剑	uxjz	uxjz	未知飞键、非音码或读音集合未覆盖；不猜测
鲸凉鹤1.1手心挂接.txt	刷满	uxmr	uxmr	未知飞键、非音码或读音集合未覆盖；不猜测
鲸凉鹤1.1手心挂接.txt	刷坡	uxps	uxps	未知飞键、非音码或读音集合未覆盖；不猜测
鲸凉鹤1.1手心挂接.txt	耍泼	uxps	uxps	未知飞键、非音码或读音集合未覆盖；不猜测
鲸凉鹤1.1手心挂接.txt	刷屏	uxpx	uxpx	未知飞键、非音码或读音集合未覆盖；不猜测
鲸凉鹤1.1手心挂接.txt	耍起	uxqe	uxqe	未知飞键、非音码或读音集合未覆盖；不猜测
鲸凉鹤1.1手心挂接.txt	刷起	uxqe	uxqe	未知飞键、非音码或读音集合未覆盖；不猜测
鲸凉鹤1.1手心挂接.txt	顺从	uycl	uycl	未知飞键、非音码或读音集合未覆盖；不猜测
鲸凉鹤1.1手心挂接.txt	顺道	uydl	uydl	未知飞键、非音码或读音集合未覆盖；不猜测
鲸凉鹤1.1手心挂接.txt	顺导	uydl	uydl	未知飞键、非音码或读音集合未覆盖；不猜测
鲸凉鹤1.1手心挂接.txt	顺道	uyjf	uyjf	未知飞键、非音码或读音集合未覆盖；不猜测
鲸凉鹤1.1手心挂接.txt	瞬间	uyjz	uyjz	未知飞键、非音码或读音集合未覆盖；不猜测
鲸凉鹤1.1手心挂接.txt	顺南	uynz	uynz	未知飞键、非音码或读音集合未覆盖；不猜测
鲸凉鹤1.1手心挂接.txt	顺坡	uyps	uyps	未知飞键、非音码或读音集合未覆盖；不猜测
鲸凉鹤1.1手心挂接.txt	顺平	uypx	uypx	未知飞键、非音码或读音集合未覆盖；不猜测
鲸凉鹤1.1手心挂接.txt	顺推	uytl	uytl	未知飞键、非音码或读音集合未覆盖；不猜测
鲸凉鹤1.1手心挂接.txt	瞬闪	uyus	uyus	未知飞键、非音码或读音集合未覆盖；不猜测
鲸凉鹤1.1手心挂接.txt	顺正	uyvk	uyvk	未知飞键、非音码或读音集合未覆盖；不猜测
鲸凉鹤1.1手心挂接.txt	顺眼	uyyf	uyyf	未知飞键、非音码或读音集合未覆盖；不猜测
鲸凉鹤1.1手心挂接.txt	顺延	uyyf	uyyf	未知飞键、非音码或读音集合未覆盖；不猜测
鲸凉鹤1.1手心挂接.txt	受到	uzdl	uzdl	未知飞键、非音码或读音集合未覆盖；不猜测
鲸凉鹤1.1手心挂接.txt	收到	uzdl	uzdl	未知飞键、非音码或读音集合未覆盖；不猜测
鲸凉鹤1.1手心挂接.txt	手打	uzdw	uzdw	未知飞键、非音码或读音集合未覆盖；不猜测
鲸凉鹤1.1手心挂接.txt	首打	uzdw	uzdw	未知飞键、非音码或读音集合未覆盖；不猜测
鲸凉鹤1.1手心挂接.txt	收归	uzgi	uzgi	未知飞键、非音码或读音集合未覆盖；不猜测
鲸凉鹤1.1手心挂接.txt	收官	uzgp	uzgp	未知飞键、非音码或读音集合未覆盖；不猜测
鲸凉鹤1.1手心挂接.txt	守关	uzgp	uzgp	未知飞键、非音码或读音集合未覆盖；不猜测
鲸凉鹤1.1手心挂接.txt	手贱	uzjz	uzjz	未知飞键、非音码或读音集合未覆盖；不猜测
鲸凉鹤1.1手心挂接.txt	收件	uzjz	uzjz	未知飞键、非音码或读音集合未覆盖；不猜测
鲸凉鹤1.1手心挂接.txt	狩猎	uzlf	uzlf	未知飞键、非音码或读音集合未覆盖；不猜测
鲸凉鹤1.1手心挂接.txt	手慢	uzmr	uzmr	未知飞键、非音码或读音集合未覆盖；不猜测
鲸凉鹤1.1手心挂接.txt	守墓	uzmx	uzmx	未知飞键、非音码或读音集合未覆盖；不猜测
鲸凉鹤1.1手心挂接.txt	寿木	uzmx	uzmx	未知飞键、非音码或读音集合未覆盖；不猜测
鲸凉鹤1.1手心挂接.txt	受难	uznz	uznz	未知飞键、非音码或读音集合未覆盖；不猜测
鲸凉鹤1.1手心挂接.txt	首批	uzpe	uzpe	未知飞键、非音码或读音集合未覆盖；不猜测
鲸凉鹤1.1手心挂接.txt	兽皮	uzpe	uzpe	未知飞键、非音码或读音集合未覆盖；不猜测
鲸凉鹤1.1手心挂接.txt	受迫	uzps	uzps	未知飞键、非音码或读音集合未覆盖；不猜测
鲸凉鹤1.1手心挂接.txt	首破	uzps	uzps	未知飞键、非音码或读音集合未覆盖；不猜测
鲸凉鹤1.1手心挂接.txt	收评	uzpx	uzpx	未知飞键、非音码或读音集合未覆盖；不猜测
鲸凉鹤1.1手心挂接.txt	首评	uzpx	uzpx	未知飞键、非音码或读音集合未覆盖；不猜测
鲸凉鹤1.1手心挂接.txt	收起	uzqe	uzqe	未知飞键、非音码或读音集合未覆盖；不猜测
鲸凉鹤1.1手心挂接.txt	首推	uztl	uztl	未知飞键、非音码或读音集合未覆盖；不猜测
鲸凉鹤1.1手心挂接.txt	瘦腿	uztl	uztl	未知飞键、非音码或读音集合未覆盖；不猜测
鲸凉鹤1.1手心挂接.txt	手推	uztl	uztl	未知飞键、非音码或读音集合未覆盖；不猜测
鲸凉鹤1.1手心挂接.txt	受禅	uzus	uzus	未知飞键、非音码或读音集合未覆盖；不猜测
鲸凉鹤1.1手心挂接.txt	收山	uzus	uzus	未知飞键、非音码或读音集合未覆盖；不猜测
鲸凉鹤1.1手心挂接.txt	寿山	uzus	uzus	未知飞键、非音码或读音集合未覆盖；不猜测
鲸凉鹤1.1手心挂接.txt	手删	uzus	uzus	未知飞键、非音码或读音集合未覆盖；不猜测
鲸凉鹤1.1手心挂接.txt	守正	uzvk	uzvk	未知飞键、非音码或读音集合未覆盖；不猜测
鲸凉鹤1.1手心挂接.txt	首秀	uzxo	uzxo	未知飞键、非音码或读音集合未覆盖；不猜测
鲸凉鹤1.1手心挂接.txt	手绣	uzxo	uzxo	未知飞键、非音码或读音集合未覆盖；不猜测
鲸凉鹤1.1手心挂接.txt	寿宴	uzyf	uzyf	未知飞键、非音码或读音集合未覆盖；不猜测
鲸凉鹤1.1手心挂接.txt	手眼	uzyf	uzyf	未知飞键、非音码或读音集合未覆盖；不猜测
鲸凉鹤1.1手心挂接.txt	首演	uzyf	uzyf	未知飞键、非音码或读音集合未覆盖；不猜测
鲸凉鹤1.1手心挂接.txt	寿筵	uzyf	uzyf	未知飞键、非音码或读音集合未覆盖；不猜测
鲸凉鹤1.1手心挂接.txt	授予	uzyg	uzyg	未知飞键、非音码或读音集合未覆盖；不猜测
鲸凉鹤1.1手心挂接.txt	手语	uzyg	uzyg	未知飞键、非音码或读音集合未覆盖；不猜测
鲸凉鹤1.1手心挂接.txt	手谕	uzyg	uzyg	未知飞键、非音码或读音集合未覆盖；不猜测
鲸凉鹤1.1手心挂接.txt	兽欲	uzyg	uzyg	未知飞键、非音码或读音集合未覆盖；不猜测
鲸凉鹤1.1手心挂接.txt	首宗	uzzl	uzzl	未知飞键、非音码或读音集合未覆盖；不猜测
鲸凉鹤1.1手心挂接.txt	苲草	vacc	vacc	未知飞键、非音码或读音集合未覆盖；不猜测
鲸凉鹤1.1手心挂接.txt	苲‏	vacv	vacv	未知飞键、非音码或读音集合未覆盖；不猜测
鲸凉鹤1.1手心挂接.txt	铡刀	vadl	vadl	未知飞键、非音码或读音集合未覆盖；不猜测
鲸凉鹤1.1手心挂接.txt	扎到	vadl	vadl	未知飞键、非音码或读音集合未覆盖；不猜测
鲸凉鹤1.1手心挂接.txt	渣打	vadw	vadw	未知飞键、非音码或读音集合未覆盖；不猜测
鲸凉鹤1.1手心挂接.txt	乍见	vajz	vajz	未知飞键、非音码或读音集合未覆盖；不猜测
鲸凉鹤1.1手心挂接.txt	炸贱	vajz	vajz	未知飞键、非音码或读音集合未覆盖；不猜测
鲸凉鹤1.1手心挂接.txt	炸裂	valf	valf	未知飞键、非音码或读音集合未覆盖；不猜测
鲸凉鹤1.1手心挂接.txt	渣男	vanz	vanz	未知飞键、非音码或读音集合未覆盖；不猜测
鲸凉鹤1.1手心挂接.txt	扎啤	vape	vape	未知飞键、非音码或读音集合未覆盖；不猜测
鲸凉鹤1.1手心挂接.txt	扎破	vaps	vaps	未知飞键、非音码或读音集合未覆盖；不猜测
鲸凉鹤1.1手心挂接.txt	炸平	vapx	vapx	未知飞键、非音码或读音集合未覆盖；不猜测
鲸凉鹤1.1手心挂接.txt	乍起	vaqe	vaqe	未知飞键、非音码或读音集合未覆盖；不猜测
鲸凉鹤1.1手心挂接.txt	奓山	vaus	vaus	未知飞键、非音码或读音集合未覆盖；不猜测
鲸凉鹤1.1手心挂接.txt	扎挣	vavk	vavk	未知飞键、非音码或读音集合未覆盖；不猜测
鲸凉鹤1.1手心挂接.txt	眨眼	vayf	vayf	未知飞键、非音码或读音集合未覆盖；不猜测
鲸凉鹤1.1手心挂接.txt	扎眼	vayf	vayf	未知飞键、非音码或读音集合未覆盖；不猜测
鲸凉鹤1.1手心挂接.txt	炸鱼	vayg	vayg	未知飞键、非音码或读音集合未覆盖；不猜测
鲸凉鹤1.1手心挂接.txt	找到	vcdl	vcdl	未知飞键、非音码或读音集合未覆盖；不猜测
鲸凉鹤1.1手心挂接.txt	照到	vcdl	vcdl	未知飞键、非音码或读音集合未覆盖；不猜测
鲸凉鹤1.1手心挂接.txt	找打	vcdw	vcdw	未知飞键、非音码或读音集合未覆盖；不猜测
鲸凉鹤1.1手心挂接.txt	照打	vcdw	vcdw	未知飞键、非音码或读音集合未覆盖；不猜测
鲸凉鹤1.1手心挂接.txt	昭贵	vcgi	vcgi	未知飞键、非音码或读音集合未覆盖；不猜测
鲸凉鹤1.1手心挂接.txt	照管	vcgp	vcgp	未知飞键、非音码或读音集合未覆盖；不猜测
鲸凉鹤1.1手心挂接.txt	召见	vcjz	vcjz	未知飞键、非音码或读音集合未覆盖；不猜测
鲸凉鹤1.1手心挂接.txt	照见	vcjz	vcjz	未知飞键、非音码或读音集合未覆盖；不猜测
鲸凉鹤1.1手心挂接.txt	招满	vcmr	vcmr	未知飞键、非音码或读音集合未覆盖；不猜测
鲸凉鹤1.1手心挂接.txt	招募	vcmx	vcmx	未知飞键、非音码或读音集合未覆盖；不猜测
鲸凉鹤1.1手心挂接.txt	朝暮	vcmx	vcmx	未知飞键、非音码或读音集合未覆盖；不猜测
鲸凉鹤1.1手心挂接.txt	赵楠	vcnz	vcnz	未知飞键、非音码或读音集合未覆盖；不猜测
鲸凉鹤1.1手心挂接.txt	找屁	vcpe	vcpe	未知飞键、非音码或读音集合未覆盖；不猜测
鲸凉鹤1.1手心挂接.txt	找平	vcpx	vcpx	未知飞键、非音码或读音集合未覆盖；不猜测
鲸凉鹤1.1手心挂接.txt	罩衫	vcus	vcus	未知飞键、非音码或读音集合未覆盖；不猜测
鲸凉鹤1.1手心挂接.txt	嘲哳	vcva	vcva	未知飞键、非音码或读音集合未覆盖；不猜测
鲸凉鹤1.1手心挂接.txt	赵峥	vcvk	vcvk	未知飞键、非音码或读音集合未覆盖；不猜测
鲸凉鹤1.1手心挂接.txt	罩袖	vcxo	vcxo	未知飞键、非音码或读音集合未覆盖；不猜测
鲸凉鹤1.1手心挂接.txt	招眼	vcyf	vcyf	未知飞键、非音码或读音集合未覆盖；不猜测
鲸凉鹤1.1手心挂接.txt	赵总	vczl	vczl	未知飞键、非音码或读音集合未覆盖；不猜测
鲸凉鹤1.1手心挂接.txt	摘到	vddl	vddl	未知飞键、非音码或读音集合未覆盖；不猜测
鲸凉鹤1.1手心挂接.txt	摘桂	vdgi	vdgi	未知飞键、非音码或读音集合未覆盖；不猜测
鲸凉鹤1.1手心挂接.txt	债券	vdjr	vdjr	未知飞键、非音码或读音集合未覆盖；不猜测
鲸凉鹤1.1手心挂接.txt	翟隽	vdjy	vdjy	未知飞键、非音码或读音集合未覆盖；不猜测
鲸凉鹤1.1手心挂接.txt	债见	vdjz	vdjz	未知飞键、非音码或读音集合未覆盖；不猜测
鲸凉鹤1.1手心挂接.txt	侧棱	vdlg	vdlg	未知飞键、非音码或读音集合未覆盖；不猜测
鲸凉鹤1.1手心挂接.txt	宅男	vdnz	vdnz	未知飞键、非音码或读音集合未覆盖；不猜测
鲸凉鹤1.1手心挂接.txt	侧枝	vdvi	vdvi	未知飞键、非音码或读音集合未覆盖；不猜测
鲸凉鹤1.1手心挂接.txt	侧歪	vdwd	vdwd	未知飞键、非音码或读音集合未覆盖；不猜测
鲸凉鹤1.1手心挂接.txt	砦蟹	vdxp	vdxp	未知飞键、非音码或读音集合未覆盖；不猜测
鲸凉鹤1.1手心挂接.txt	这从	vecl	vecl	未知飞键、非音码或读音集合未覆盖；不猜测
鲸凉鹤1.1手心挂接.txt	这道	vedl	vedl	未知飞键、非音码或读音集合未覆盖；不猜测
鲸凉鹤1.1手心挂接.txt	这倒	vedl	vedl	未知飞键、非音码或读音集合未覆盖；不猜测
鲸凉鹤1.1手心挂接.txt	折刀	vedl	vedl	未知飞键、非音码或读音集合未覆盖；不猜测
鲸凉鹤1.1手心挂接.txt	折桂	vegi	vegi	未知飞键、非音码或读音集合未覆盖；不猜测
鲸凉鹤1.1手心挂接.txt	这关	vegp	vegp	未知飞键、非音码或读音集合未覆盖；不猜测
鲸凉鹤1.1手心挂接.txt	折行	vehk	vehk	未知飞键、非音码或读音集合未覆盖；不猜测
鲸凉鹤1.1手心挂接.txt	蟅虫	veis	veis	未知飞键、非音码或读音集合未覆盖；不猜测
鲸凉鹤1.1手心挂接.txt	这几	veje	veje	未知飞键、非音码或读音集合未覆盖；不猜测
鲸凉鹤1.1手心挂接.txt	这道	vejf	vejf	未知飞键、非音码或读音集合未覆盖；不猜测
鲸凉鹤1.1手心挂接.txt	这件	vejz	vejz	未知飞键、非音码或读音集合未覆盖；不猜测
鲸凉鹤1.1手心挂接.txt	这间	vejz	vejz	未知飞键、非音码或读音集合未覆盖；不猜测
鲸凉鹤1.1手心挂接.txt	折减	vejz	vejz	未知飞键、非音码或读音集合未覆盖；不猜测
鲸凉鹤1.1手心挂接.txt	这列	velf	velf	未知飞键、非音码或读音集合未覆盖；不猜测
鲸凉鹤1.1手心挂接.txt	遮瞒	vemr	vemr	未知飞键、非音码或读音集合未覆盖；不猜测
鲸凉鹤1.1手心挂接.txt	浙南	venz	venz	未知飞键、非音码或读音集合未覆盖；不猜测
鲸凉鹤1.1手心挂接.txt	这批	vepe	vepe	未知飞键、非音码或读音集合未覆盖；不猜测
鲸凉鹤1.1手心挂接.txt	这破	veps	veps	未知飞键、非音码或读音集合未覆盖；不猜测
鲸凉鹤1.1手心挂接.txt	这瓶	vepx	vepx	未知飞键、非音码或读音集合未覆盖；不猜测
鲸凉鹤1.1手心挂接.txt	折扇	veus	veus	未知飞键、非音码或读音集合未覆盖；不猜测
鲸凉鹤1.1手心挂接.txt	遮羞	vexo	vexo	未知飞键、非音码或读音集合未覆盖；不猜测
鲸凉鹤1.1手心挂接.txt	遮掩	veyf	veyf	未知飞键、非音码或读音集合未覆盖；不猜测
鲸凉鹤1.1手心挂接.txt	遮眼	veyf	veyf	未知飞键、非音码或读音集合未覆盖；不猜测
鲸凉鹤1.1手心挂接.txt	哲言	veyf	veyf	未知飞键、非音码或读音集合未覆盖；不猜测
鲸凉鹤1.1手心挂接.txt	遮雨	veyg	veyg	未知飞键、非音码或读音集合未覆盖；不猜测
鲸凉鹤1.1手心挂接.txt	这与	veyg	veyg	未知飞键、非音码或读音集合未覆盖；不猜测
鲸凉鹤1.1手心挂接.txt	真到	vfdl	vfdl	未知飞键、非音码或读音集合未覆盖；不猜测
鲸凉鹤1.1手心挂接.txt	针刀	vfdl	vfdl	未知飞键、非音码或读音集合未覆盖；不猜测
鲸凉鹤1.1手心挂接.txt	振捣	vfdl	vfdl	未知飞键、非音码或读音集合未覆盖；不猜测
鲸凉鹤1.1手心挂接.txt	振刀	vfdl	vfdl	未知飞键、非音码或读音集合未覆盖；不猜测
鲸凉鹤1.1手心挂接.txt	真屌	vfdn	vfdn	未知飞键、非音码或读音集合未覆盖；不猜测
鲸凉鹤1.1手心挂接.txt	珍贵	vfgi	vfgi	未知飞键、非音码或读音集合未覆盖；不猜测
鲸凉鹤1.1手心挂接.txt	真贵	vfgi	vfgi	未知飞键、非音码或读音集合未覆盖；不猜测
鲸凉鹤1.1手心挂接.txt	针管	vfgp	vfgp	未知飞键、非音码或读音集合未覆盖；不猜测
鲸凉鹤1.1手心挂接.txt	贞观	vfgp	vfgp	未知飞键、非音码或读音集合未覆盖；不猜测
鲸凉鹤1.1手心挂接.txt	甄嬛	vfhr	vfhr	未知飞键、非音码或读音集合未覆盖；不猜测
鲸凉鹤1.1手心挂接.txt	真囧	vfjs	vfjs	未知飞键、非音码或读音集合未覆盖；不猜测
鲸凉鹤1.1手心挂接.txt	针尖	vfjz	vfjz	未知飞键、非音码或读音集合未覆盖；不猜测
鲸凉鹤1.1手心挂接.txt	真贱	vfjz	vfjz	未知飞键、非音码或读音集合未覆盖；不猜测
鲸凉鹤1.1手心挂接.txt	阵列	vflf	vflf	未知飞键、非音码或读音集合未覆盖；不猜测
鲸凉鹤1.1手心挂接.txt	震裂	vflf	vflf	未知飞键、非音码或读音集合未覆盖；不猜测
鲸凉鹤1.1手心挂接.txt	贞烈	vflf	vflf	未知飞键、非音码或读音集合未覆盖；不猜测
鲸凉鹤1.1手心挂接.txt	真慢	vfmr	vfmr	未知飞键、非音码或读音集合未覆盖；不猜测
鲸凉鹤1.1手心挂接.txt	斟满	vfmr	vfmr	未知飞键、非音码或读音集合未覆盖；不猜测
鲸凉鹤1.1手心挂接.txt	砧木	vfmx	vfmx	未知飞键、非音码或读音集合未覆盖；不猜测
鲸凉鹤1.1手心挂接.txt	真难	vfnz	vfnz	未知飞键、非音码或读音集合未覆盖；不猜测
鲸凉鹤1.1手心挂接.txt	真皮	vfpe	vfpe	未知飞键、非音码或读音集合未覆盖；不猜测
鲸凉鹤1.1手心挂接.txt	侦破	vfps	vfps	未知飞键、非音码或读音集合未覆盖；不猜测
鲸凉鹤1.1手心挂接.txt	震破	vfps	vfps	未知飞键、非音码或读音集合未覆盖；不猜测
鲸凉鹤1.1手心挂接.txt	镇平	vfpx	vfpx	未知飞键、非音码或读音集合未覆盖；不猜测
鲸凉鹤1.1手心挂接.txt	针推	vftl	vftl	未知飞键、非音码或读音集合未覆盖；不猜测
鲸凉鹤1.1手心挂接.txt	真善	vfus	vfus	未知飞键、非音码或读音集合未覆盖；不猜测
鲸凉鹤1.1手心挂接.txt	珍膳	vfus	vfus	未知飞键、非音码或读音集合未覆盖；不猜测
鲸凉鹤1.1手心挂接.txt	真正	vfvk	vfvk	未知飞键、非音码或读音集合未覆盖；不猜测
鲸凉鹤1.1手心挂接.txt	真喺	vfxi	vfxi	未知飞键、非音码或读音集合未覆盖；不猜测
鲸凉鹤1.1手心挂接.txt	珍馐	vfxo	vfxo	未知飞键、非音码或读音集合未覆盖；不猜测
鲸凉鹤1.1手心挂接.txt	真秀	vfxo	vfxo	未知飞键、非音码或读音集合未覆盖；不猜测
鲸凉鹤1.1手心挂接.txt	真言	vfyf	vfyf	未知飞键、非音码或读音集合未覆盖；不猜测
鲸凉鹤1.1手心挂接.txt	箴言	vfyf	vfyf	未知飞键、非音码或读音集合未覆盖；不猜测
鲸凉鹤1.1手心挂接.txt	针眼	vfyf	vfyf	未知飞键、非音码或读音集合未覆盖；不猜测
鲸凉鹤1.1手心挂接.txt	阵眼	vfyf	vfyf	未知飞键、非音码或读音集合未覆盖；不猜测
鲸凉鹤1.1手心挂接.txt	阵雨	vfyg	vfyg	未知飞键、非音码或读音集合未覆盖；不猜测
鲸凉鹤1.1手心挂接.txt	臻于	vfyg	vfyg	未知飞键、非音码或读音集合未覆盖；不猜测
鲸凉鹤1.1手心挂接.txt	真宗	vfzl	vfzl	未知飞键、非音码或读音集合未覆盖；不猜测
鲸凉鹤1.1手心挂接.txt	正从	vgcl	vgcl	未知飞键、非音码或读音集合未覆盖；不猜测
鲸凉鹤1.1手心挂接.txt	挣到	vgdl	vgdl	未知飞键、非音码或读音集合未覆盖；不猜测
鲸凉鹤1.1手心挂接.txt	正规	vggi	vggi	未知飞键、非音码或读音集合未覆盖；不猜测
鲸凉鹤1.1手心挂接.txt	正轨	vggi	vggi	未知飞键、非音码或读音集合未覆盖；不猜测
鲸凉鹤1.1手心挂接.txt	争冠	vggp	vggp	未知飞键、非音码或读音集合未覆盖；不猜测
鲸凉鹤1.1手心挂接.txt	征管	vggp	vggp	未知飞键、非音码或读音集合未覆盖；不猜测
鲸凉鹤1.1手心挂接.txt	整行	vghk	vghk	未知飞键、非音码或读音集合未覆盖；不猜测
鲸凉鹤1.1手心挂接.txt	正道	vgjf	vgjf	未知飞键、非音码或读音集合未覆盖；不猜测
鲸凉鹤1.1手心挂接.txt	证道	vgjf	vgjf	未知飞键、非音码或读音集合未覆盖；不猜测
鲸凉鹤1.1手心挂接.txt	证件	vgjz	vgjz	未知飞键、非音码或读音集合未覆盖；不猜测
鲸凉鹤1.1手心挂接.txt	整件	vgjz	vgjz	未知飞键、非音码或读音集合未覆盖；不猜测
鲸凉鹤1.1手心挂接.txt	政见	vgjz	vgjz	未知飞键、非音码或读音集合未覆盖；不猜测
鲸凉鹤1.1手心挂接.txt	整间	vgjz	vgjz	未知飞键、非音码或读音集合未覆盖；不猜测
鲸凉鹤1.1手心挂接.txt	正楷	vgkk	vgkk	未知飞键、非音码或读音集合未覆盖；不猜测
鲸凉鹤1.1手心挂接.txt	整列	vglf	vglf	未知飞键、非音码或读音集合未覆盖；不猜测
鲸凉鹤1.1手心挂接.txt	正满	vgmr	vgmr	未知飞键、非音码或读音集合未覆盖；不猜测
鲸凉鹤1.1手心挂接.txt	征募	vgmx	vgmx	未知飞键、非音码或读音集合未覆盖；不猜测
鲸凉鹤1.1手心挂接.txt	正南	vgnz	vgnz	未知飞键、非音码或读音集合未覆盖；不猜测
鲸凉鹤1.1手心挂接.txt	整批	vgpe	vgpe	未知飞键、非音码或读音集合未覆盖；不猜测
鲸凉鹤1.1手心挂接.txt	征辟	vgpe	vgpe	未知飞键、非音码或读音集合未覆盖；不猜测
鲸凉鹤1.1手心挂接.txt	挣破	vgps	vgps	未知飞键、非音码或读音集合未覆盖；不猜测
鲸凉鹤1.1手心挂接.txt	整瓶	vgpx	vgpx	未知飞键、非音码或读音集合未覆盖；不猜测
鲸凉鹤1.1手心挂接.txt	正向	vgxj	vgxj	未知飞键、非音码或读音集合未覆盖；不猜测
鲸凉鹤1.1手心挂接.txt	整修	vgxo	vgxo	未知飞键、非音码或读音集合未覆盖；不猜测
鲸凉鹤1.1手心挂接.txt	睁眼	vgyf	vgyf	未知飞键、非音码或读音集合未覆盖；不猜测
鲸凉鹤1.1手心挂接.txt	正眼	vgyf	vgyf	未知飞键、非音码或读音集合未覆盖；不猜测
鲸凉鹤1.1手心挂接.txt	证言	vgyf	vgyf	未知飞键、非音码或读音集合未覆盖；不猜测
鲸凉鹤1.1手心挂接.txt	正欲	vgyg	vgyg	未知飞键、非音码或读音集合未覆盖；不猜测
鲸凉鹤1.1手心挂接.txt	正与	vgyg	vgyg	未知飞键、非音码或读音集合未覆盖；不猜测
鲸凉鹤1.1手心挂接.txt	蒸鱼	vgyg	vgyg	未知飞键、非音码或读音集合未覆盖；不猜测
鲸凉鹤1.1手心挂接.txt	正宗	vgzl	vgzl	未知飞键、非音码或读音集合未覆盖；不猜测
鲸凉鹤1.1手心挂接.txt	郑总	vgzl	vgzl	未知飞键、非音码或读音集合未覆盖；不猜测
鲸凉鹤1.1手心挂接.txt	涨到	vhdl	vhdl	未知飞键、非音码或读音集合未覆盖；不猜测
鲸凉鹤1.1手心挂接.txt	长到	vhdl	vhdl	未知飞键、非音码或读音集合未覆盖；不猜测
鲸凉鹤1.1手心挂接.txt	长屌	vhdn	vhdn	未知飞键、非音码或读音集合未覆盖；不猜测
鲸凉鹤1.1手心挂接.txt	掌柜	vhgi	vhgi	未知飞键、非音码或读音集合未覆盖；不猜测
鲸凉鹤1.1手心挂接.txt	掌掴	vhgo	vhgo	未知飞键、非音码或读音集合未覆盖；不猜测
鲸凉鹤1.1手心挂接.txt	长官	vhgp	vhgp	未知飞键、非音码或读音集合未覆盖；不猜测
鲸凉鹤1.1手心挂接.txt	掌管	vhgp	vhgp	未知飞键、非音码或读音集合未覆盖；不猜测
鲸凉鹤1.1手心挂接.txt	仗剑	vhjz	vhjz	未知飞键、非音码或读音集合未覆盖；不猜测
鲸凉鹤1.1手心挂接.txt	曱甴	vhlh	vhlh	未知飞键、非音码或读音集合未覆盖；不猜测
鲸凉鹤1.1手心挂接.txt	长满	vhmr	vhmr	未知飞键、非音码或读音集合未覆盖；不猜测
鲸凉鹤1.1手心挂接.txt	账目	vhmx	vhmx	未知飞键、非音码或读音集合未覆盖；不猜测
鲸凉鹤1.1手心挂接.txt	樟木	vhmx	vhmx	未知飞键、非音码或读音集合未覆盖；不猜测
鲸凉鹤1.1手心挂接.txt	张楠	vhnz	vhnz	未知飞键、非音码或读音集合未覆盖；不猜测
鲸凉鹤1.1手心挂接.txt	长皮	vhpe	vhpe	未知飞键、非音码或读音集合未覆盖；不猜测
鲸凉鹤1.1手心挂接.txt	涨破	vhps	vhps	未知飞键、非音码或读音集合未覆盖；不猜测
鲸凉鹤1.1手心挂接.txt	章评	vhpx	vhpx	未知飞键、非音码或读音集合未覆盖；不猜测
鲸凉鹤1.1手心挂接.txt	张珊	vhus	vhus	未知飞键、非音码或读音集合未覆盖；不猜测
鲸凉鹤1.1手心挂接.txt	张正	vhvk	vhvk	未知飞键、非音码或读音集合未覆盖；不猜测
鲸凉鹤1.1手心挂接.txt	长眼	vhyf	vhyf	未知飞键、非音码或读音集合未覆盖；不猜测
鲸凉鹤1.1手心挂接.txt	障眼	vhyf	vhyf	未知飞键、非音码或读音集合未覆盖；不猜测
鲸凉鹤1.1手心挂接.txt	章鱼	vhyg	vhyg	未知飞键、非音码或读音集合未覆盖；不猜测
鲸凉鹤1.1手心挂接.txt	丈育	vhyg	vhyg	未知飞键、非音码或读音集合未覆盖；不猜测
鲸凉鹤1.1手心挂接.txt	张总	vhzl	vhzl	未知飞键、非音码或读音集合未覆盖；不猜测
鲸凉鹤1.1手心挂接.txt	章宗	vhzl	vhzl	未知飞键、非音码或读音集合未覆盖；不猜测
鲸凉鹤1.1手心挂接.txt	只从	vicl	vicl	未知飞键、非音码或读音集合未覆盖；不猜测
鲸凉鹤1.1手心挂接.txt	直从	vicl	vicl	未知飞键、非音码或读音集合未覆盖；不猜测
鲸凉鹤1.1手心挂接.txt	指导	vidl	vidl	未知飞键、非音码或读音集合未覆盖；不猜测
鲸凉鹤1.1手心挂接.txt	直到	vidl	vidl	未知飞键、非音码或读音集合未覆盖；不猜测
鲸凉鹤1.1手心挂接.txt	知道	vidl	vidl	未知飞键、非音码或读音集合未覆盖；不猜测
鲸凉鹤1.1手心挂接.txt	指归	vigi	vigi	未知飞键、非音码或读音集合未覆盖；不猜测
鲸凉鹤1.1手心挂接.txt	直观	vigp	vigp	未知飞键、非音码或读音集合未覆盖；不猜测
鲸凉鹤1.1手心挂接.txt	只管	vigp	vigp	未知飞键、非音码或读音集合未覆盖；不猜测
鲸凉鹤1.1手心挂接.txt	至关	vigp	vigp	未知飞键、非音码或读音集合未覆盖；不猜测
鲸凉鹤1.1手心挂接.txt	之道	vijf	vijf	未知飞键、非音码或读音集合未覆盖；不猜测
鲸凉鹤1.1手心挂接.txt	知道	vijf	vijf	未知飞键、非音码或读音集合未覆盖；不猜测
鲸凉鹤1.1手心挂接.txt	之间	vijz	vijz	未知飞键、非音码或读音集合未覆盖；不猜测
鲸凉鹤1.1手心挂接.txt	只见	vijz	vijz	未知飞键、非音码或读音集合未覆盖；不猜测
鲸凉鹤1.1手心挂接.txt	指尖	vijz	vijz	未知飞键、非音码或读音集合未覆盖；不猜测
鲸凉鹤1.1手心挂接.txt	质检	vijz	vijz	未知飞键、非音码或读音集合未覆盖；不猜测
鲸凉鹤1.1手心挂接.txt	之列	vilf	vilf	未知飞键、非音码或读音集合未覆盖；不猜测
鲸凉鹤1.1手心挂接.txt	直列	vilf	vilf	未知飞键、非音码或读音集合未覆盖；不猜测
鲸凉鹤1.1手心挂接.txt	枝蔓	vimr	vimr	未知飞键、非音码或读音集合未覆盖；不猜测
鲸凉鹤1.1手心挂接.txt	之母	vimx	vimx	未知飞键、非音码或读音集合未覆盖；不猜测
鲸凉鹤1.1手心挂接.txt	之墓	vimx	vimx	未知飞键、非音码或读音集合未覆盖；不猜测
鲸凉鹤1.1手心挂接.txt	职能	vinn	vinn	未知飞键、非音码或读音集合未覆盖；不猜测
鲸凉鹤1.1手心挂接.txt	指南	vinz	vinz	未知飞键、非音码或读音集合未覆盖；不猜测
鲸凉鹤1.1手心挂接.txt	直男	vinz	vinz	未知飞键、非音码或读音集合未覆盖；不猜测
鲸凉鹤1.1手心挂接.txt	知难	vinz	vinz	未知飞键、非音码或读音集合未覆盖；不猜测
鲸凉鹤1.1手心挂接.txt	汁男	vinz	vinz	未知飞键、非音码或读音集合未覆盖；不猜测
鲸凉鹤1.1手心挂接.txt	直劈	vipe	vipe	未知飞键、非音码或读音集合未覆盖；不猜测
鲸凉鹤1.1手心挂接.txt	植皮	vipe	vipe	未知飞键、非音码或读音集合未覆盖；不猜测
鲸凉鹤1.1手心挂接.txt	纸皮	vipe	vipe	未知飞键、非音码或读音集合未覆盖；不猜测
鲸凉鹤1.1手心挂接.txt	只凭	vipx	vipx	未知飞键、非音码或读音集合未覆盖；不猜测
鲸凉鹤1.1手心挂接.txt	支起	viqe	viqe	未知飞键、非音码或读音集合未覆盖；不猜测
鲸凉鹤1.1手心挂接.txt	直推	vitl	vitl	未知飞键、非音码或读音集合未覆盖；不猜测
鲸凉鹤1.1手心挂接.txt	支腿	vitl	vitl	未知飞键、非音码或读音集合未覆盖；不猜测
鲸凉鹤1.1手心挂接.txt	直腿	vitl	vitl	未知飞键、非音码或读音集合未覆盖；不猜测
鲸凉鹤1.1手心挂接.txt	纸扇	vius	vius	未知飞键、非音码或读音集合未覆盖；不猜测
鲸凉鹤1.1手心挂接.txt	至善	vius	vius	未知飞键、非音码或读音集合未覆盖；不猜测
鲸凉鹤1.1手心挂接.txt	折枝	vive	vive	未知飞键、非音码或读音集合未覆盖；不猜测
鲸凉鹤1.1手心挂接.txt	执政	vivk	vivk	未知飞键、非音码或读音集合未覆盖；不猜测
鲸凉鹤1.1手心挂接.txt	指正	vivk	vivk	未知飞键、非音码或读音集合未覆盖；不猜测
鲸凉鹤1.1手心挂接.txt	指证	vivk	vivk	未知飞键、非音码或读音集合未覆盖；不猜测
鲸凉鹤1.1手心挂接.txt	志向	vixj	vixj	未知飞键、非音码或读音集合未覆盖；不猜测
鲸凉鹤1.1手心挂接.txt	指向	vixj	vixj	未知飞键、非音码或读音集合未覆盖；不猜测
鲸凉鹤1.1手心挂接.txt	直言	viyf	viyf	未知飞键、非音码或读音集合未覆盖；不猜测
鲸凉鹤1.1手心挂接.txt	至于	viyg	viyg	未知飞键、非音码或读音集合未覆盖；不猜测
鲸凉鹤1.1手心挂接.txt	治愈	viyg	viyg	未知飞键、非音码或读音集合未覆盖；不猜测
鲸凉鹤1.1手心挂接.txt	置于	viyg	viyg	未知飞键、非音码或读音集合未覆盖；不猜测
鲸凉鹤1.1手心挂接.txt	致郁	viyg	viyg	未知飞键、非音码或读音集合未覆盖；不猜测
鲸凉鹤1.1手心挂接.txt	站到	vjdl	vjdl	未知飞键、非音码或读音集合未覆盖；不猜测
鲸凉鹤1.1手心挂接.txt	占到	vjdl	vjdl	未知飞键、非音码或读音集合未覆盖；不猜测
鲸凉鹤1.1手心挂接.txt	栈道	vjdl	vjdl	未知飞键、非音码或读音集合未覆盖；不猜测
鲸凉鹤1.1手心挂接.txt	展柜	vjgi	vjgi	未知飞键、非音码或读音集合未覆盖；不猜测
鲸凉鹤1.1手心挂接.txt	展馆	vjgp	vjgp	未知飞键、非音码或读音集合未覆盖；不猜测
鲸凉鹤1.1手心挂接.txt	栈道	vjjf	vjjf	未知飞键、非音码或读音集合未覆盖；不猜测
鲸凉鹤1.1手心挂接.txt	占道	vjjf	vjjf	未知飞键、非音码或读音集合未覆盖；不猜测
鲸凉鹤1.1手心挂接.txt	战舰	vjjz	vjjz	未知飞键、非音码或读音集合未覆盖；不猜测
鲸凉鹤1.1手心挂接.txt	绽开	vjkk	vjkk	未知飞键、非音码或读音集合未覆盖；不猜测
鲸凉鹤1.1手心挂接.txt	绽裂	vjlf	vjlf	未知飞键、非音码或读音集合未覆盖；不猜测
鲸凉鹤1.1手心挂接.txt	战列	vjlf	vjlf	未知飞键、非音码或读音集合未覆盖；不猜测
鲸凉鹤1.1手心挂接.txt	沾满	vjmr	vjmr	未知飞键、非音码或读音集合未覆盖；不猜测
鲸凉鹤1.1手心挂接.txt	占满	vjmr	vjmr	未知飞键、非音码或读音集合未覆盖；不猜测
鲸凉鹤1.1手心挂接.txt	站满	vjmr	vjmr	未知飞键、非音码或读音集合未覆盖；不猜测
鲸凉鹤1.1手心挂接.txt	战幕	vjmx	vjmx	未知飞键、非音码或读音集合未覆盖；不猜测
鲸凉鹤1.1手心挂接.txt	詹姆	vjmx	vjmx	未知飞键、非音码或读音集合未覆盖；不猜测
鲸凉鹤1.1手心挂接.txt	斩男	vjnz	vjnz	未知飞键、非音码或读音集合未覆盖；不猜测
鲸凉鹤1.1手心挂接.txt	斩破	vjps	vjps	未知飞键、非音码或读音集合未覆盖；不猜测
鲸凉鹤1.1手心挂接.txt	斩魄	vjps	vjps	未知飞键、非音码或读音集合未覆盖；不猜测
鲸凉鹤1.1手心挂接.txt	占婆	vjps	vjps	未知飞键、非音码或读音集合未覆盖；不猜测
鲸凉鹤1.1手心挂接.txt	战平	vjpx	vjpx	未知飞键、非音码或读音集合未覆盖；不猜测
鲸凉鹤1.1手心挂接.txt	展平	vjpx	vjpx	未知飞键、非音码或读音集合未覆盖；不猜测
鲸凉鹤1.1手心挂接.txt	站起	vjqe	vjqe	未知飞键、非音码或读音集合未覆盖；不猜测
鲸凉鹤1.1手心挂接.txt	战舞	vjuw	vjuw	未知飞键、非音码或读音集合未覆盖；不猜测
鲸凉鹤1.1手心挂接.txt	战争	vjvk	vjvk	未知飞键、非音码或读音集合未覆盖；不猜测
鲸凉鹤1.1手心挂接.txt	展演	vjyf	vjyf	未知飞键、非音码或读音集合未覆盖；不猜测
鲸凉鹤1.1手心挂接.txt	展颜	vjyf	vjyf	未知飞键、非音码或读音集合未覆盖；不猜测
鲸凉鹤1.1手心挂接.txt	占验	vjyf	vjyf	未知飞键、非音码或读音集合未覆盖；不猜测
鲸凉鹤1.1手心挂接.txt	斩于	vjyg	vjyg	未知飞键、非音码或读音集合未覆盖；不猜测
鲸凉鹤1.1手心挂接.txt	谵语	vjyg	vjyg	未知飞键、非音码或读音集合未覆盖；不猜测
鲸凉鹤1.1手心挂接.txt	正安	vkan	vkan	未知飞键、非音码或读音集合未覆盖；不猜测
鲸凉鹤1.1手心挂接.txt	争霸	vkba	vkba	未知飞键、非音码或读音集合未覆盖；不猜测
鲸凉鹤1.1手心挂接.txt	郑斌	vkbb	vkbb	未知飞键、非音码或读音集合未覆盖；不猜测
鲸凉鹤1.1手心挂接.txt	整包	vkbc	vkbc	未知飞键、非音码或读音集合未覆盖；不猜测
鲸凉鹤1.1手心挂接.txt	正白	vkbd	vkbd	未知飞键、非音码或读音集合未覆盖；不猜测
鲸凉鹤1.1手心挂接.txt	整本	vkbf	vkbf	未知飞键、非音码或读音集合未覆盖；不猜测
鲸凉鹤1.1手心挂接.txt	正本	vkbf	vkbf	未知飞键、非音码或读音集合未覆盖；不猜测
鲸凉鹤1.1手心挂接.txt	正邦	vkbh	vkbh	未知飞键、非音码或读音集合未覆盖；不猜测
鲸凉鹤1.1手心挂接.txt	正比	vkbi	vkbi	未知飞键、非音码或读音集合未覆盖；不猜测
鲸凉鹤1.1手心挂接.txt	正版	vkbj	vkbj	未知飞键、非音码或读音集合未覆盖；不猜测
鲸凉鹤1.1手心挂接.txt	整版	vkbj	vkbj	未知飞键、非音码或读音集合未覆盖；不猜测
鲸凉鹤1.1手心挂接.txt	征兵	vkbk	vkbk	未知飞键、非音码或读音集合未覆盖；不猜测
鲸凉鹤1.1手心挂接.txt	争辩	vkbm	vkbm	未知飞键、非音码或读音集合未覆盖；不猜测
鲸凉鹤1.1手心挂接.txt	政变	vkbm	vkbm	未知飞键、非音码或读音集合未覆盖；不猜测
鲸凉鹤1.1手心挂接.txt	正表	vkbn	vkbn	未知飞键、非音码或读音集合未覆盖；不猜测
鲸凉鹤1.1手心挂接.txt	郑波	vkbo	vkbo	未知飞键、非音码或读音集合未覆盖；不猜测
鲸凉鹤1.1手心挂接.txt	正步	vkbu	vkbu	未知飞键、非音码或读音集合未覆盖；不猜测
鲸凉鹤1.1手心挂接.txt	整部	vkbu	vkbu	未知飞键、非音码或读音集合未覆盖；不猜测
鲸凉鹤1.1手心挂接.txt	正被	vkbw	vkbw	未知飞键、非音码或读音集合未覆盖；不猜测
鲸凉鹤1.1手心挂接.txt	整备	vkbw	vkbw	未知飞键、非音码或读音集合未覆盖；不猜测
鲸凉鹤1.1手心挂接.txt	正北	vkbw	vkbw	未知飞键、非音码或读音集合未覆盖；不猜测
鲸凉鹤1.1手心挂接.txt	蒸菜	vkcd	vkcd	未知飞键、非音码或读音集合未覆盖；不猜测
鲸凉鹤1.1手心挂接.txt	政策	vkce	vkce	未知飞键、非音码或读音集合未覆盖；不猜测
鲸凉鹤1.1手心挂接.txt	正册	vkce	vkce	未知飞键、非音码或读音集合未覆盖；不猜测
鲸凉鹤1.1手心挂接.txt	整层	vkcg	vkcg	未知飞键、非音码或读音集合未覆盖；不猜测
鲸凉鹤1.1手心挂接.txt	证词	vkci	vkci	未知飞键、非音码或读音集合未覆盖；不猜测
鲸凉鹤1.1手心挂接.txt	正餐	vkcj	vkcj	未知飞键、非音码或读音集合未覆盖；不猜测
鲸凉鹤1.1手心挂接.txt	正从	vkcl	vkcl	未知飞键、非音码或读音集合未覆盖；不猜测
鲸凉鹤1.1手心挂接.txt	整错	vkco	vkco	未知飞键、非音码或读音集合未覆盖；不猜测
鲸凉鹤1.1手心挂接.txt	正从	vkcs	vkcs	未知飞键、非音码或读音集合未覆盖；不猜测
鲸凉鹤1.1手心挂接.txt	整存	vkcy	vkcy	未知飞键、非音码或读音集合未覆盖；不猜测
鲸凉鹤1.1手心挂接.txt	睁大	vkda	vkda	未知飞键、非音码或读音集合未覆盖；不猜测
鲸凉鹤1.1手心挂接.txt	正道	vkdc	vkdc	未知飞键、非音码或读音集合未覆盖；不猜测
鲸凉鹤1.1手心挂接.txt	证道	vkdc	vkdc	未知飞键、非音码或读音集合未覆盖；不猜测
鲸凉鹤1.1手心挂接.txt	正待	vkdd	vkdd	未知飞键、非音码或读音集合未覆盖；不猜测
鲸凉鹤1.1手心挂接.txt	整袋	vkdd	vkdd	未知飞键、非音码或读音集合未覆盖；不猜测
鲸凉鹤1.1手心挂接.txt	征得	vkde	vkde	未知飞键、非音码或读音集合未覆盖；不猜测
鲸凉鹤1.1手心挂接.txt	正当	vkdh	vkdh	未知飞键、非音码或读音集合未覆盖；不猜测
鲸凉鹤1.1手心挂接.txt	政党	vkdh	vkdh	未知飞键、非音码或读音集合未覆盖；不猜测
鲸凉鹤1.1手心挂接.txt	争当	vkdh	vkdh	未知飞键、非音码或读音集合未覆盖；不猜测
鲸凉鹤1.1手心挂接.txt	政敌	vkdi	vkdi	未知飞键、非音码或读音集合未覆盖；不猜测
鲸凉鹤1.1手心挂接.txt	征地	vkdi	vkdi	未知飞键、非音码或读音集合未覆盖；不猜测
鲸凉鹤1.1手心挂接.txt	蒸蛋	vkdj	vkdj	未知飞键、非音码或读音集合未覆盖；不猜测
鲸凉鹤1.1手心挂接.txt	整单	vkdj	vkdj	未知飞键、非音码或读音集合未覆盖；不猜测
鲸凉鹤1.1手心挂接.txt	征订	vkdk	vkdk	未知飞键、非音码或读音集合未覆盖；不猜测
鲸凉鹤1.1手心挂接.txt	拽到	vkdl	vkdl	未知飞键、非音码或读音集合未覆盖；不猜测
鲸凉鹤1.1手心挂接.txt	拽倒	vkdl	vkdl	未知飞键、非音码或读音集合未覆盖；不猜测
鲸凉鹤1.1手心挂接.txt	正道	vkdl	vkdl	未知飞键、非音码或读音集合未覆盖；不猜测
鲸凉鹤1.1手心挂接.txt	整点	vkdm	vkdm	未知飞键、非音码或读音集合未覆盖；不猜测
鲸凉鹤1.1手心挂接.txt	正殿	vkdm	vkdm	未知飞键、非音码或读音集合未覆盖；不猜测
鲸凉鹤1.1手心挂接.txt	正点	vkdm	vkdm	未知飞键、非音码或读音集合未覆盖；不猜测
鲸凉鹤1.1手心挂接.txt	正典	vkdm	vkdm	未知飞键、非音码或读音集合未覆盖；不猜测
鲸凉鹤1.1手心挂接.txt	征调	vkdn	vkdn	未知飞键、非音码或读音集合未覆盖；不猜测
鲸凉鹤1.1手心挂接.txt	整掉	vkdn	vkdn	未知飞键、非音码或读音集合未覆盖；不猜测
鲸凉鹤1.1手心挂接.txt	争夺	vkdo	vkdo	未知飞键、非音码或读音集合未覆盖；不猜测
鲸凉鹤1.1手心挂接.txt	整丢	vkdq	vkdq	未知飞键、非音码或读音集合未覆盖；不猜测
鲸凉鹤1.1手心挂接.txt	争端	vkdr	vkdr	未知飞键、非音码或读音集合未覆盖；不猜测
鲸凉鹤1.1手心挂接.txt	整段	vkdr	vkdr	未知飞键、非音码或读音集合未覆盖；不猜测
鲸凉鹤1.1手心挂接.txt	挣断	vkdr	vkdr	未知飞键、非音码或读音集合未覆盖；不猜测
鲸凉鹤1.1手心挂接.txt	整栋	vkds	vkds	未知飞键、非音码或读音集合未覆盖；不猜测
鲸凉鹤1.1手心挂接.txt	正东	vkds	vkds	未知飞键、非音码或读音集合未覆盖；不猜测
鲸凉鹤1.1手心挂接.txt	争渡	vkdu	vkdu	未知飞键、非音码或读音集合未覆盖；不猜测
鲸凉鹤1.1手心挂接.txt	正对	vkdv	vkdv	未知飞键、非音码或读音集合未覆盖；不猜测
鲸凉鹤1.1手心挂接.txt	整队	vkdv	vkdv	未知飞键、非音码或读音集合未覆盖；不猜测
鲸凉鹤1.1手心挂接.txt	整顿	vkdy	vkdy	未知飞键、非音码或读音集合未覆盖；不猜测
鲸凉鹤1.1手心挂接.txt	争斗	vkdz	vkdz	未知飞键、非音码或读音集合未覆盖；不猜测
鲸凉鹤1.1手心挂接.txt	整儿	vker	vker	未知飞键、非音码或读音集合未覆盖；不猜测
鲸凉鹤1.1手心挂接.txt	蒸发	vkfa	vkfa	未知飞键、非音码或读音集合未覆盖；不猜测
鲸凉鹤1.1手心挂接.txt	征伐	vkfa	vkfa	未知飞键、非音码或读音集合未覆盖；不猜测
鲸凉鹤1.1手心挂接.txt	政法	vkfa	vkfa	未知飞键、非音码或读音集合未覆盖；不猜测
鲸凉鹤1.1手心挂接.txt	争分	vkff	vkff	未知飞键、非音码或读音集合未覆盖；不猜测
鲸凉鹤1.1手心挂接.txt	整份	vkff	vkff	未知飞键、非音码或读音集合未覆盖；不猜测
鲸凉鹤1.1手心挂接.txt	争锋	vkfg	vkfg	未知飞键、非音码或读音集合未覆盖；不猜测
鲸凉鹤1.1手心挂接.txt	正逢	vkfg	vkfg	未知飞键、非音码或读音集合未覆盖；不猜测
鲸凉鹤1.1手心挂接.txt	正方	vkfh	vkfh	未知飞键、非音码或读音集合未覆盖；不猜测
鲸凉鹤1.1手心挂接.txt	正房	vkfh	vkfh	未知飞键、非音码或读音集合未覆盖；不猜测
鲸凉鹤1.1手心挂接.txt	正反	vkfj	vkfj	未知飞键、非音码或读音集合未覆盖；不猜测
鲸凉鹤1.1手心挂接.txt	蒸饭	vkfj	vkfj	未知飞键、非音码或读音集合未覆盖；不猜测
鲸凉鹤1.1手心挂接.txt	征帆	vkfj	vkfj	未知飞键、非音码或读音集合未覆盖；不猜测
鲸凉鹤1.1手心挂接.txt	政府	vkfu	vkfu	未知飞键、非音码或读音集合未覆盖；不猜测
鲸凉鹤1.1手心挂接.txt	征服	vkfu	vkfu	未知飞键、非音码或读音集合未覆盖；不猜测
鲸凉鹤1.1手心挂接.txt	正负	vkfu	vkfu	未知飞键、非音码或读音集合未覆盖；不猜测
鲸凉鹤1.1手心挂接.txt	正副	vkfu	vkfu	未知飞键、非音码或读音集合未覆盖；不猜测
鲸凉鹤1.1手心挂接.txt	郑飞	vkfw	vkfw	未知飞键、非音码或读音集合未覆盖；不猜测
鲸凉鹤1.1手心挂接.txt	征稿	vkgc	vkgc	未知飞键、非音码或读音集合未覆盖；不猜测
鲸凉鹤1.1手心挂接.txt	蒸糕	vkgc	vkgc	未知飞键、非音码或读音集合未覆盖；不猜测
鲸凉鹤1.1手心挂接.txt	正告	vkgc	vkgc	未知飞键、非音码或读音集合未覆盖；不猜测
鲸凉鹤1.1手心挂接.txt	整改	vkgd	vkgd	未知飞键、非音码或读音集合未覆盖；不猜测
鲸凉鹤1.1手心挂接.txt	整个	vkge	vkge	未知飞键、非音码或读音集合未覆盖；不猜测
鲸凉鹤1.1手心挂接.txt	正割	vkge	vkge	未知飞键、非音码或读音集合未覆盖；不猜测
鲸凉鹤1.1手心挂接.txt	整根	vkgf	vkgf	未知飞键、非音码或读音集合未覆盖；不猜测
鲸凉鹤1.1手心挂接.txt	政纲	vkgh	vkgh	未知飞键、非音码或读音集合未覆盖；不猜测
鲸凉鹤1.1手心挂接.txt	正规	vkgi	vkgi	未知飞键、非音码或读音集合未覆盖；不猜测
鲸凉鹤1.1手心挂接.txt	正轨	vkgi	vkgi	未知飞键、非音码或读音集合未覆盖；不猜测
鲸凉鹤1.1手心挂接.txt	蒸干	vkgj	vkgj	未知飞键、非音码或读音集合未覆盖；不猜测
鲸凉鹤1.1手心挂接.txt	争光	vkgl	vkgl	未知飞键、非音码或读音集合未覆盖；不猜测
鲸凉鹤1.1手心挂接.txt	正果	vkgo	vkgo	未知飞键、非音码或读音集合未覆盖；不猜测
鲸凉鹤1.1手心挂接.txt	蒸锅	vkgo	vkgo	未知飞键、非音码或读音集合未覆盖；不猜测
鲸凉鹤1.1手心挂接.txt	争冠	vkgp	vkgp	未知飞键、非音码或读音集合未覆盖；不猜测
鲸凉鹤1.1手心挂接.txt	征管	vkgp	vkgp	未知飞键、非音码或读音集合未覆盖；不猜测
鲸凉鹤1.1手心挂接.txt	争冠	vkgr	vkgr	未知飞键、非音码或读音集合未覆盖；不猜测
鲸凉鹤1.1手心挂接.txt	征管	vkgr	vkgr	未知飞键、非音码或读音集合未覆盖；不猜测
鲸凉鹤1.1手心挂接.txt	正宫	vkgs	vkgs	未知飞键、非音码或读音集合未覆盖；不猜测
鲸凉鹤1.1手心挂接.txt	政工	vkgs	vkgs	未知飞键、非音码或读音集合未覆盖；不猜测
鲸凉鹤1.1手心挂接.txt	争功	vkgs	vkgs	未知飞键、非音码或读音集合未覆盖；不猜测
鲸凉鹤1.1手心挂接.txt	整蛊	vkgu	vkgu	未知飞键、非音码或读音集合未覆盖；不猜测
鲸凉鹤1.1手心挂接.txt	正骨	vkgu	vkgu	未知飞键、非音码或读音集合未覆盖；不猜测
鲸凉鹤1.1手心挂接.txt	正规	vkgv	vkgv	未知飞键、非音码或读音集合未覆盖；不猜测
鲸凉鹤1.1手心挂接.txt	正轨	vkgv	vkgv	未知飞键、非音码或读音集合未覆盖；不猜测
鲸凉鹤1.1手心挂接.txt	正给	vkgw	vkgw	未知飞键、非音码或读音集合未覆盖；不猜测
鲸凉鹤1.1手心挂接.txt	正挂	vkgx	vkgx	未知飞键、非音码或读音集合未覆盖；不猜测
鲸凉鹤1.1手心挂接.txt	挣够	vkgz	vkgz	未知飞键、非音码或读音集合未覆盖；不猜测
鲸凉鹤1.1手心挂接.txt	征购	vkgz	vkgz	未知飞键、非音码或读音集合未覆盖；不猜测
鲸凉鹤1.1手心挂接.txt	整哈	vkha	vkha	未知飞键、非音码或读音集合未覆盖；不猜测
鲸凉鹤1.1手心挂接.txt	正好	vkhc	vkhc	未知飞键、非音码或读音集合未覆盖；不猜测
鲸凉鹤1.1手心挂接.txt	整好	vkhc	vkhc	未知飞键、非音码或读音集合未覆盖；不猜测
鲸凉鹤1.1手心挂接.txt	证号	vkhc	vkhc	未知飞键、非音码或读音集合未覆盖；不猜测
鲸凉鹤1.1手心挂接.txt	正海	vkhd	vkhd	未知飞键、非音码或读音集合未覆盖；不猜测
鲸凉鹤1.1手心挂接.txt	整合	vkhe	vkhe	未知飞键、非音码或读音集合未覆盖；不猜测
鲸凉鹤1.1手心挂接.txt	郑和	vkhe	vkhe	未知飞键、非音码或读音集合未覆盖；不猜测
鲸凉鹤1.1手心挂接.txt	整盒	vkhe	vkhe	未知飞键、非音码或读音集合未覆盖；不猜测
鲸凉鹤1.1手心挂接.txt	争衡	vkhg	vkhg	未知飞键、非音码或读音集合未覆盖；不猜测
鲸凉鹤1.1手心挂接.txt	整行	vkhh	vkhh	未知飞键、非音码或读音集合未覆盖；不猜测
鲸凉鹤1.1手心挂接.txt	正酣	vkhj	vkhj	未知飞键、非音码或读音集合未覆盖；不猜测
鲸凉鹤1.1手心挂接.txt	整坏	vkhk	vkhk	未知飞键、非音码或读音集合未覆盖；不猜测
鲸凉鹤1.1手心挂接.txt	正黄	vkhl	vkhl	未知飞键、非音码或读音集合未覆盖；不猜测
鲸凉鹤1.1手心挂接.txt	整活	vkho	vkho	未知飞键、非音码或读音集合未覆盖；不猜测
鲸凉鹤1.1手心挂接.txt	正火	vkho	vkho	未知飞键、非音码或读音集合未覆盖；不猜测
鲸凉鹤1.1手心挂接.txt	正欢	vkhr	vkhr	未知飞键、非音码或读音集合未覆盖；不猜测
鲸凉鹤1.1手心挂接.txt	正红	vkhs	vkhs	未知飞键、非音码或读音集合未覆盖；不猜测
鲸凉鹤1.1手心挂接.txt	争辉	vkhv	vkhv	未知飞键、非音码或读音集合未覆盖；不猜测
鲸凉鹤1.1手心挂接.txt	挣回	vkhv	vkhv	未知飞键、非音码或读音集合未覆盖；不猜测
鲸凉鹤1.1手心挂接.txt	正黑	vkhw	vkhw	未知飞键、非音码或读音集合未覆盖；不猜测
鲸凉鹤1.1手心挂接.txt	正话	vkhx	vkhx	未知飞键、非音码或读音集合未覆盖；不猜测
鲸凉鹤1.1手心挂接.txt	征婚	vkhy	vkhy	未知飞键、非音码或读音集合未覆盖；不猜测
鲸凉鹤1.1手心挂接.txt	证婚	vkhy	vkhy	未知飞键、非音码或读音集合未覆盖；不猜测
鲸凉鹤1.1手心挂接.txt	症候	vkhz	vkhz	未知飞键、非音码或读音集合未覆盖；不猜测
鲸凉鹤1.1手心挂接.txt	征候	vkhz	vkhz	未知飞键、非音码或读音集合未覆盖；不猜测
鲸凉鹤1.1手心挂接.txt	正茬	vkia	vkia	未知飞键、非音码或读音集合未覆盖；不猜测
鲸凉鹤1.1手心挂接.txt	争吵	vkic	vkic	未知飞键、非音码或读音集合未覆盖；不猜测
鲸凉鹤1.1手心挂接.txt	征拆	vkid	vkid	未知飞键、非音码或读音集合未覆盖；不猜测
鲸凉鹤1.1手心挂接.txt	整车	vkie	vkie	未知飞键、非音码或读音集合未覆盖；不猜测
鲸凉鹤1.1手心挂接.txt	征尘	vkif	vkif	未知飞键、非音码或读音集合未覆盖；不猜测
鲸凉鹤1.1手心挂接.txt	征程	vkig	vkig	未知飞键、非音码或读音集合未覆盖；不猜测
鲸凉鹤1.1手心挂接.txt	整成	vkig	vkig	未知飞键、非音码或读音集合未覆盖；不猜测
鲸凉鹤1.1手心挂接.txt	正常	vkih	vkih	未知飞键、非音码或读音集合未覆盖；不猜测
鲸凉鹤1.1手心挂接.txt	整场	vkih	vkih	未知飞键、非音码或读音集合未覆盖；不猜测
鲸凉鹤1.1手心挂接.txt	争持	vkii	vkii	未知飞键、非音码或读音集合未覆盖；不猜测
鲸凉鹤1.1手心挂接.txt	正产	vkij	vkij	未知飞键、非音码或读音集合未覆盖；不猜测
鲸凉鹤1.1手心挂接.txt	争产	vkij	vkij	未知飞键、非音码或读音集合未覆盖；不猜测
鲸凉鹤1.1手心挂接.txt	挣揣	vkik	vkik	未知飞键、非音码或读音集合未覆盖；不猜测
鲸凉鹤1.1手心挂接.txt	争创	vkil	vkil	未知飞键、非音码或读音集合未覆盖；不猜测
鲸凉鹤1.1手心挂接.txt	正穿	vkir	vkir	未知飞键、非音码或读音集合未覆盖；不猜测
鲸凉鹤1.1手心挂接.txt	整船	vkir	vkir	未知飞键、非音码或读音集合未覆盖；不猜测
鲸凉鹤1.1手心挂接.txt	争宠	vkis	vkis	未知飞键、非音码或读音集合未覆盖；不猜测
鲸凉鹤1.1手心挂接.txt	怔忡	vkis	vkis	未知飞键、非音码或读音集合未覆盖；不猜测
鲸凉鹤1.1手心挂接.txt	正处	vkiu	vkiu	未知飞键、非音码或读音集合未覆盖；不猜测
鲸凉鹤1.1手心挂接.txt	整出	vkiu	vkiu	未知飞键、非音码或读音集合未覆盖；不猜测
鲸凉鹤1.1手心挂接.txt	整除	vkiu	vkiu	未知飞键、非音码或读音集合未覆盖；不猜测
鲸凉鹤1.1手心挂接.txt	争春	vkiy	vkiy	未知飞键、非音码或读音集合未覆盖；不猜测
鲸凉鹤1.1手心挂接.txt	正愁	vkiz	vkiz	未知飞键、非音码或读音集合未覆盖；不猜测
鲸凉鹤1.1手心挂接.txt	正紧	vkjb	vkjb	未知飞键、非音码或读音集合未覆盖；不猜测
鲸凉鹤1.1手心挂接.txt	正道	vkjf	vkjf	未知飞键、非音码或读音集合未覆盖；不猜测
鲸凉鹤1.1手心挂接.txt	证道	vkjf	vkjf	未知飞键、非音码或读音集合未覆盖；不猜测
鲸凉鹤1.1手心挂接.txt	征集	vkji	vkji	未知飞键、非音码或读音集合未覆盖；不猜测
鲸凉鹤1.1手心挂接.txt	政绩	vkji	vkji	未知飞键、非音码或读音集合未覆盖；不猜测
鲸凉鹤1.1手心挂接.txt	整机	vkji	vkji	未知飞键、非音码或读音集合未覆盖；不猜测
鲸凉鹤1.1手心挂接.txt	正极	vkji	vkji	未知飞键、非音码或读音集合未覆盖；不猜测
鲸凉鹤1.1手心挂接.txt	正经	vkjk	vkjk	未知飞键、非音码或读音集合未覆盖；不猜测
鲸凉鹤1.1手心挂接.txt	正将	vkjl	vkjl	未知飞键、非音码或读音集合未覆盖；不猜测
鲸凉鹤1.1手心挂接.txt	证件	vkjm	vkjm	未知飞键、非音码或读音集合未覆盖；不猜测
鲸凉鹤1.1手心挂接.txt	整件	vkjm	vkjm	未知飞键、非音码或读音集合未覆盖；不猜测
鲸凉鹤1.1手心挂接.txt	政见	vkjm	vkjm	未知飞键、非音码或读音集合未覆盖；不猜测
鲸凉鹤1.1手心挂接.txt	整间	vkjm	vkjm	未知飞键、非音码或读音集合未覆盖；不猜测
鲸凉鹤1.1手心挂接.txt	蒸饺	vkjn	vkjn	未知飞键、非音码或读音集合未覆盖；不猜测
鲸凉鹤1.1手心挂接.txt	征缴	vkjn	vkjn	未知飞键、非音码或读音集合未覆盖；不猜测
鲸凉鹤1.1手心挂接.txt	政教	vkjn	vkjn	未知飞键、非音码或读音集合未覆盖；不猜测
鲸凉鹤1.1手心挂接.txt	整洁	vkjp	vkjp	未知飞键、非音码或读音集合未覆盖；不猜测
鲸凉鹤1.1手心挂接.txt	症结	vkjp	vkjp	未知飞键、非音码或读音集合未覆盖；不猜测
鲸凉鹤1.1手心挂接.txt	正解	vkjp	vkjp	未知飞键、非音码或读音集合未覆盖；不猜测
鲸凉鹤1.1手心挂接.txt	拯救	vkjq	vkjq	未知飞键、非音码或读音集合未覆盖；不猜测
鲸凉鹤1.1手心挂接.txt	整卷	vkjr	vkjr	未知飞键、非音码或读音集合未覆盖；不猜测
鲸凉鹤1.1手心挂接.txt	正觉	vkjt	vkjt	未知飞键、非音码或读音集合未覆盖；不猜测
鲸凉鹤1.1手心挂接.txt	证据	vkju	vkju	未知飞键、非音码或读音集合未覆盖；不猜测
鲸凉鹤1.1手心挂接.txt	政局	vkju	vkju	未知飞键、非音码或读音集合未覆盖；不猜测
鲸凉鹤1.1手心挂接.txt	正剧	vkju	vkju	未知飞键、非音码或读音集合未覆盖；不猜测
鲸凉鹤1.1手心挂接.txt	整句	vkju	vkju	未知飞键、非音码或读音集合未覆盖；不猜测
鲸凉鹤1.1手心挂接.txt	正价	vkjx	vkjx	未知飞键、非音码或读音集合未覆盖；不猜测
鲸凉鹤1.1手心挂接.txt	整架	vkjx	vkjx	未知飞键、非音码或读音集合未覆盖；不猜测
鲸凉鹤1.1手心挂接.txt	整军	vkjy	vkjy	未知飞键、非音码或读音集合未覆盖；不猜测
鲸凉鹤1.1手心挂接.txt	郑钧	vkjy	vkjy	未知飞键、非音码或读音集合未覆盖；不猜测
鲸凉鹤1.1手心挂接.txt	证件	vkjz	vkjz	未知飞键、非音码或读音集合未覆盖；不猜测
鲸凉鹤1.1手心挂接.txt	整件	vkjz	vkjz	未知飞键、非音码或读音集合未覆盖；不猜测
鲸凉鹤1.1手心挂接.txt	政见	vkjz	vkjz	未知飞键、非音码或读音集合未覆盖；不猜测
鲸凉鹤1.1手心挂接.txt	证卡	vkka	vkka	未知飞键、非音码或读音集合未覆盖；不猜测
鲸凉鹤1.1手心挂接.txt	蒸烤	vkkc	vkkc	未知飞键、非音码或读音集合未覆盖；不猜测
鲸凉鹤1.1手心挂接.txt	睁开	vkkd	vkkd	未知飞键、非音码或读音集合未覆盖；不猜测
鲸凉鹤1.1手心挂接.txt	挣开	vkkd	vkkd	未知飞键、非音码或读音集合未覆盖；不猜测
鲸凉鹤1.1手心挂接.txt	正楷	vkkd	vkkd	未知飞键、非音码或读音集合未覆盖；不猜测
鲸凉鹤1.1手心挂接.txt	政客	vkke	vkke	未知飞键、非音码或读音集合未覆盖；不猜测
鲸凉鹤1.1手心挂接.txt	整颗	vkke	vkke	未知飞键、非音码或读音集合未覆盖；不猜测
鲸凉鹤1.1手心挂接.txt	正科	vkke	vkke	未知飞键、非音码或读音集合未覆盖；不猜测
鲸凉鹤1.1手心挂接.txt	郑铿	vkkg	vkkg	未知飞键、非音码或读音集合未覆盖；不猜测
鲸凉鹤1.1手心挂接.txt	正康	vkkh	vkkh	未知飞键、非音码或读音集合未覆盖；不猜测
鲸凉鹤1.1手心挂接.txt	正看	vkkj	vkkj	未知飞键、非音码或读音集合未覆盖；不猜测
鲸凉鹤1.1手心挂接.txt	整块	vkkk	vkkk	未知飞键、非音码或读音集合未覆盖；不猜测
鲸凉鹤1.1手心挂接.txt	整款	vkkr	vkkr	未知飞键、非音码或读音集合未覆盖；不猜测
鲸凉鹤1.1手心挂接.txt	整哭	vkku	vkku	未知飞键、非音码或读音集合未覆盖；不猜测
鲸凉鹤1.1手心挂接.txt	整垮	vkkx	vkkx	未知飞键、非音码或读音集合未覆盖；不猜测
鲸凉鹤1.1手心挂接.txt	整捆	vkky	vkky	未知飞键、非音码或读音集合未覆盖；不猜测
鲸凉鹤1.1手心挂接.txt	郑口	vkkz	vkkz	未知飞键、非音码或读音集合未覆盖；不猜测
鲸凉鹤1.1手心挂接.txt	正林	vklb	vklb	未知飞键、非音码或读音集合未覆盖；不猜测
鲸凉鹤1.1手心挂接.txt	挣来	vkld	vkld	未知飞键、非音码或读音集合未覆盖；不猜测
鲸凉鹤1.1手心挂接.txt	整来	vkld	vkld	未知飞键、非音码或读音集合未覆盖；不猜测
鲸凉鹤1.1手心挂接.txt	挣了	vkle	vkle	未知飞键、非音码或读音集合未覆盖；不猜测
鲸凉鹤1.1手心挂接.txt	怔了	vkle	vkle	未知飞键、非音码或读音集合未覆盖；不猜测
鲸凉鹤1.1手心挂接.txt	整了	vkle	vkle	未知飞键、非音码或读音集合未覆盖；不猜测
鲸凉鹤1.1手心挂接.txt	整列	vklf	vklf	未知飞键、非音码或读音集合未覆盖；不猜测
鲸凉鹤1.1手心挂接.txt	整理	vkli	vkli	未知飞键、非音码或读音集合未覆盖；不猜测
鲸凉鹤1.1手心挂接.txt	正立	vkli	vkli	未知飞键、非音码或读音集合未覆盖；不猜测
鲸凉鹤1.1手心挂接.txt	整粒	vkli	vkli	未知飞键、非音码或读音集合未覆盖；不猜测
鲸凉鹤1.1手心挂接.txt	郑兰	vklj	vklj	未知飞键、非音码或读音集合未覆盖；不猜测
鲸凉鹤1.1手心挂接.txt	政令	vklk	vklk	未知飞键、非音码或读音集合未覆盖；不猜测
鲸凉鹤1.1手心挂接.txt	铮亮	vkll	vkll	未知飞键、非音码或读音集合未覆盖；不猜测
鲸凉鹤1.1手心挂接.txt	征粮	vkll	vkll	未知飞键、非音码或读音集合未覆盖；不猜测
鲸凉鹤1.1手心挂接.txt	正脸	vklm	vklm	未知飞键、非音码或读音集合未覆盖；不猜测
鲸凉鹤1.1手心挂接.txt	争脸	vklm	vklm	未知飞键、非音码或读音集合未覆盖；不猜测
鲸凉鹤1.1手心挂接.txt	整列	vklp	vklp	未知飞键、非音码或读音集合未覆盖；不猜测
鲸凉鹤1.1手心挂接.txt	蒸馏	vklq	vklq	未知飞键、非音码或读音集合未覆盖；不猜测
鲸凉鹤1.1手心挂接.txt	蒸笼	vkls	vkls	未知飞键、非音码或读音集合未覆盖；不猜测
鲸凉鹤1.1手心挂接.txt	正路	vklu	vklu	未知飞键、非音码或读音集合未覆盖；不猜测
鲸凉鹤1.1手心挂接.txt	郑磊	vklw	vklw	未知飞键、非音码或读音集合未覆盖；不猜测
鲸凉鹤1.1手心挂接.txt	整俩	vklx	vklx	未知飞键、非音码或读音集合未覆盖；不猜测
鲸凉鹤1.1手心挂接.txt	争论	vkly	vkly	未知飞键、非音码或读音集合未覆盖；不猜测
鲸凉鹤1.1手心挂接.txt	政论	vkly	vkly	未知飞键、非音码或读音集合未覆盖；不猜测
鲸凉鹤1.1手心挂接.txt	郑楼	vklz	vklz	未知飞键、非音码或读音集合未覆盖；不猜测
鲸凉鹤1.1手心挂接.txt	正码	vkma	vkma	未知飞键、非音码或读音集合未覆盖；不猜测
鲸凉鹤1.1手心挂接.txt	郑码	vkma	vkma	未知飞键、非音码或读音集合未覆盖；不猜测
鲸凉鹤1.1手心挂接.txt	郑敏	vkmb	vkmb	未知飞键、非音码或读音集合未覆盖；不猜测
鲸凉鹤1.1手心挂接.txt	正唛	vkmd	vkmd	未知飞键、非音码或读音集合未覆盖；不猜测
鲸凉鹤1.1手心挂接.txt	整么	vkme	vkme	未知飞键、非音码或读音集合未覆盖；不猜测
鲸凉鹤1.1手心挂接.txt	正门	vkmf	vkmf	未知飞键、非音码或读音集合未覆盖；不猜测
鲸凉鹤1.1手心挂接.txt	郑梦	vkmg	vkmg	未知飞键、非音码或读音集合未覆盖；不猜测
鲸凉鹤1.1手心挂接.txt	正忙	vkmh	vkmh	未知飞键、非音码或读音集合未覆盖；不猜测
鲸凉鹤1.1手心挂接.txt	挣米	vkmi	vkmi	未知飞键、非音码或读音集合未覆盖；不猜测
鲸凉鹤1.1手心挂接.txt	蒸米	vkmi	vkmi	未知飞键、非音码或读音集合未覆盖；不猜测
鲸凉鹤1.1手心挂接.txt	正满	vkmj	vkmj	未知飞键、非音码或读音集合未覆盖；不猜测
鲸凉鹤1.1手心挂接.txt	证明	vkmk	vkmk	未知飞键、非音码或读音集合未覆盖；不猜测
鲸凉鹤1.1手心挂接.txt	正名	vkmk	vkmk	未知飞键、非音码或读音集合未覆盖；不猜测
鲸凉鹤1.1手心挂接.txt	争鸣	vkmk	vkmk	未知飞键、非音码或读音集合未覆盖；不猜测
鲸凉鹤1.1手心挂接.txt	正面	vkmm	vkmm	未知飞键、非音码或读音集合未覆盖；不猜测
鲸凉鹤1.1手心挂接.txt	整面	vkmm	vkmm	未知飞键、非音码或读音集合未覆盖；不猜测
鲸凉鹤1.1手心挂接.txt	征免	vkmm	vkmm	未知飞键、非音码或读音集合未覆盖；不猜测
鲸凉鹤1.1手心挂接.txt	郑淼	vkmn	vkmn	未知飞键、非音码或读音集合未覆盖；不猜测
鲸凉鹤1.1手心挂接.txt	蒸馍	vkmo	vkmo	未知飞键、非音码或读音集合未覆盖；不猜测
鲸凉鹤1.1手心挂接.txt	正满	vkmr	vkmr	未知飞键、非音码或读音集合未覆盖；不猜测
鲸凉鹤1.1手心挂接.txt	征募	vkmu	vkmu	未知飞键、非音码或读音集合未覆盖；不猜测
鲸凉鹤1.1手心挂接.txt	正妹	vkmw	vkmw	未知飞键、非音码或读音集合未覆盖；不猜测
鲸凉鹤1.1手心挂接.txt	整没	vkmw	vkmw	未知飞键、非音码或读音集合未覆盖；不猜测
鲸凉鹤1.1手心挂接.txt	征募	vkmx	vkmx	未知飞键、非音码或读音集合未覆盖；不猜测
鲸凉鹤1.1手心挂接.txt	郑某	vkmz	vkmz	未知飞键、非音码或读音集合未覆盖；不猜测
鲸凉鹤1.1手心挂接.txt	征纳	vkna	vkna	未知飞键、非音码或读音集合未覆盖；不猜测
鲸凉鹤1.1手心挂接.txt	争闹	vknc	vknc	未知飞键、非音码或读音集合未覆盖；不猜测
鲸凉鹤1.1手心挂接.txt	正能	vkng	vkng	未知飞键、非音码或读音集合未覆盖；不猜测
鲸凉鹤1.1手心挂接.txt	整你	vkni	vkni	未知飞键、非音码或读音集合未覆盖；不猜测
鲸凉鹤1.1手心挂接.txt	正南	vknj	vknj	未知飞键、非音码或读音集合未覆盖；不猜测
鲸凉鹤1.1手心挂接.txt	狰狞	vknk	vknk	未知飞键、非音码或读音集合未覆盖；不猜测
鲸凉鹤1.1手心挂接.txt	整年	vknm	vknm	未知飞键、非音码或读音集合未覆盖；不猜测
鲸凉鹤1.1手心挂接.txt	正念	vknm	vknm	未知飞键、非音码或读音集合未覆盖；不猜测
鲸凉鹤1.1手心挂接.txt	正诺	vkno	vkno	未知飞键、非音码或读音集合未覆盖；不猜测
鲸凉鹤1.1手心挂接.txt	正浓	vkns	vkns	未知飞键、非音码或读音集合未覆盖；不猜测
鲸凉鹤1.1手心挂接.txt	证奴	vknu	vknu	未知飞键、非音码或读音集合未覆盖；不猜测
鲸凉鹤1.1手心挂接.txt	正南	vknz	vknz	未知飞键、非音码或读音集合未覆盖；不猜测
鲸凉鹤1.1手心挂接.txt	正品	vkpb	vkpb	未知飞键、非音码或读音集合未覆盖；不猜测
鲸凉鹤1.1手心挂接.txt	征聘	vkpb	vkpb	未知飞键、非音码或读音集合未覆盖；不猜测
鲸凉鹤1.1手心挂接.txt	正派	vkpd	vkpd	未知飞键、非音码或读音集合未覆盖；不猜测
鲸凉鹤1.1手心挂接.txt	正牌	vkpd	vkpd	未知飞键、非音码或读音集合未覆盖；不猜测
鲸凉鹤1.1手心挂接.txt	整排	vkpd	vkpd	未知飞键、非音码或读音集合未覆盖；不猜测
鲸凉鹤1.1手心挂接.txt	整批	vkpe	vkpe	未知飞键、非音码或读音集合未覆盖；不猜测
鲸凉鹤1.1手心挂接.txt	征辟	vkpe	vkpe	未知飞键、非音码或读音集合未覆盖；不猜测
鲸凉鹤1.1手心挂接.txt	正喷	vkpf	vkpf	未知飞键、非音码或读音集合未覆盖；不猜测
鲸凉鹤1.1手心挂接.txt	整批	vkpi	vkpi	未知飞键、非音码或读音集合未覆盖；不猜测
鲸凉鹤1.1手心挂接.txt	征辟	vkpi	vkpi	未知飞键、非音码或读音集合未覆盖；不猜测
鲸凉鹤1.1手心挂接.txt	整盘	vkpj	vkpj	未知飞键、非音码或读音集合未覆盖；不猜测
鲸凉鹤1.1手心挂接.txt	整瓶	vkpk	vkpk	未知飞键、非音码或读音集合未覆盖；不猜测
鲸凉鹤1.1手心挂接.txt	整片	vkpm	vkpm	未知飞键、非音码或读音集合未覆盖；不猜测
鲸凉鹤1.1手心挂接.txt	正片	vkpm	vkpm	未知飞键、非音码或读音集合未覆盖；不猜测
鲸凉鹤1.1手心挂接.txt	整篇	vkpm	vkpm	未知飞键、非音码或读音集合未覆盖；不猜测
鲸凉鹤1.1手心挂接.txt	正篇	vkpm	vkpm	未知飞键、非音码或读音集合未覆盖；不猜测
鲸凉鹤1.1手心挂接.txt	挣破	vkpo	vkpo	未知飞键、非音码或读音集合未覆盖；不猜测
鲸凉鹤1.1手心挂接.txt	挣破	vkps	vkps	未知飞键、非音码或读音集合未覆盖；不猜测
鲸凉鹤1.1手心挂接.txt	郑璞	vkpu	vkpu	未知飞键、非音码或读音集合未覆盖；不猜测
鲸凉鹤1.1手心挂接.txt	郑培	vkpw	vkpw	未知飞键、非音码或读音集合未覆盖；不猜测
鲸凉鹤1.1手心挂接.txt	整瓶	vkpx	vkpx	未知飞键、非音码或读音集合未覆盖；不猜测
鲸凉鹤1.1手心挂接.txt	郑琴	vkqb	vkqb	未知飞键、非音码或读音集合未覆盖；不猜测
鲸凉鹤1.1手心挂接.txt	拽起	vkqe	vkqe	未知飞键、非音码或读音集合未覆盖；不猜测
鲸凉鹤1.1手心挂接.txt	整齐	vkqi	vkqi	未知飞键、非音码或读音集合未覆盖；不猜测
鲸凉鹤1.1手心挂接.txt	蒸汽	vkqi	vkqi	未知飞键、非音码或读音集合未覆盖；不猜测
鲸凉鹤1.1手心挂接.txt	争气	vkqi	vkqi	未知飞键、非音码或读音集合未覆盖；不猜测
鲸凉鹤1.1手心挂接.txt	正清	vkqk	vkqk	未知飞键、非音码或读音集合未覆盖；不猜测
鲸凉鹤1.1手心挂接.txt	争抢	vkql	vkql	未知飞键、非音码或读音集合未覆盖；不猜测
鲸凉鹤1.1手心挂接.txt	挣钱	vkqm	vkqm	未知飞键、非音码或读音集合未覆盖；不猜测
鲸凉鹤1.1手心挂接.txt	整钱	vkqm	vkqm	未知飞键、非音码或读音集合未覆盖；不猜测
鲸凉鹤1.1手心挂接.txt	正巧	vkqn	vkqn	未知飞键、非音码或读音集合未覆盖；不猜测
鲸凉鹤1.1手心挂接.txt	正桥	vkqn	vkqn	未知飞键、非音码或读音集合未覆盖；不猜测
鲸凉鹤1.1手心挂接.txt	正切	vkqp	vkqp	未知飞键、非音码或读音集合未覆盖；不猜测
鲸凉鹤1.1手心挂接.txt	征求	vkqq	vkqq	未知飞键、非音码或读音集合未覆盖；不猜测
鲸凉鹤1.1手心挂接.txt	争球	vkqq	vkqq	未知飞键、非音码或读音集合未覆盖；不猜测
鲸凉鹤1.1手心挂接.txt	证券	vkqr	vkqr	未知飞键、非音码或读音集合未覆盖；不猜测
鲸凉鹤1.1手心挂接.txt	政权	vkqr	vkqr	未知飞键、非音码或读音集合未覆盖；不猜测
鲸凉鹤1.1手心挂接.txt	争权	vkqr	vkqr	未知飞键、非音码或读音集合未覆盖；不猜测
鲸凉鹤1.1手心挂接.txt	郑琼	vkqs	vkqs	未知飞键、非音码或读音集合未覆盖；不猜测
鲸凉鹤1.1手心挂接.txt	正确	vkqt	vkqt	未知飞键、非音码或读音集合未覆盖；不猜测
鲸凉鹤1.1手心挂接.txt	正缺	vkqt	vkqt	未知飞键、非音码或读音集合未覆盖；不猜测
鲸凉鹤1.1手心挂接.txt	争取	vkqu	vkqu	未知飞键、非音码或读音集合未覆盖；不猜测
鲸凉鹤1.1手心挂接.txt	证人	vkrf	vkrf	未知飞键、非音码或读音集合未覆盖；不猜测
鲸凉鹤1.1手心挂接.txt	整人	vkrf	vkrf	未知飞键、非音码或读音集合未覆盖；不猜测
鲸凉鹤1.1手心挂接.txt	整日	vkri	vkri	未知飞键、非音码或读音集合未覆盖；不猜测
鲸凉鹤1.1手心挂接.txt	铮然	vkrj	vkrj	未知飞键、非音码或读音集合未覆盖；不猜测
鲸凉鹤1.1手心挂接.txt	蒸软	vkrr	vkrr	未知飞键、非音码或读音集合未覆盖；不猜测
鲸凉鹤1.1手心挂接.txt	整容	vkrs	vkrs	未知飞键、非音码或读音集合未覆盖；不猜测
鲸凉鹤1.1手心挂接.txt	峥嵘	vkrs	vkrs	未知飞键、非音码或读音集合未覆盖；不猜测
鲸凉鹤1.1手心挂接.txt	正容	vkrs	vkrs	未知飞键、非音码或读音集合未覆盖；不猜测
鲸凉鹤1.1手心挂接.txt	正如	vkru	vkru	未知飞键、非音码或读音集合未覆盖；不猜测
鲸凉鹤1.1手心挂接.txt	郑瑞	vkrv	vkrv	未知飞键、非音码或读音集合未覆盖；不猜测
鲸凉鹤1.1手心挂接.txt	正润	vkry	vkry	未知飞键、非音码或读音集合未覆盖；不猜测
鲸凉鹤1.1手心挂接.txt	蒸肉	vkrz	vkrz	未知飞键、非音码或读音集合未覆盖；不猜测
鲸凉鹤1.1手心挂接.txt	正赛	vksd	vksd	未知飞键、非音码或读音集合未覆盖；不猜测
鲸凉鹤1.1手心挂接.txt	正色	vkse	vkse	未知飞键、非音码或读音集合未覆盖；不猜测
鲸凉鹤1.1手心挂接.txt	整死	vksi	vksi	未知飞键、非音码或读音集合未覆盖；不猜测
鲸凉鹤1.1手心挂接.txt	争讼	vkss	vkss	未知飞键、非音码或读音集合未覆盖；不猜测
鲸凉鹤1.1手心挂接.txt	整肃	vksu	vksu	未知飞键、非音码或读音集合未覆盖；不猜测
鲸凉鹤1.1手心挂接.txt	整他	vkta	vkta	未知飞键、非音码或读音集合未覆盖；不猜测
鲸凉鹤1.1手心挂接.txt	征讨	vktc	vktc	未知飞键、非音码或读音集合未覆盖；不猜测
鲸凉鹤1.1手心挂接.txt	整套	vktc	vktc	未知飞键、非音码或读音集合未覆盖；不猜测
鲸凉鹤1.1手心挂接.txt	正太	vktd	vktd	未知飞键、非音码或读音集合未覆盖；不猜测
鲸凉鹤1.1手心挂接.txt	整台	vktd	vktd	未知飞键、非音码或读音集合未覆盖；不猜测
鲸凉鹤1.1手心挂接.txt	正特	vkte	vkte	未知飞键、非音码或读音集合未覆盖；不猜测
鲸凉鹤1.1手心挂接.txt	蒸腾	vktg	vktg	未知飞键、非音码或读音集合未覆盖；不猜测
鲸凉鹤1.1手心挂接.txt	正堂	vkth	vkth	未知飞键、非音码或读音集合未覆盖；不猜测
鲸凉鹤1.1手心挂接.txt	整体	vkti	vkti	未知飞键、非音码或读音集合未覆盖；不猜测
鲸凉鹤1.1手心挂接.txt	正题	vkti	vkti	未知飞键、非音码或读音集合未覆盖；不猜测
鲸凉鹤1.1手心挂接.txt	政体	vkti	vkti	未知飞键、非音码或读音集合未覆盖；不猜测
鲸凉鹤1.1手心挂接.txt	政坛	vktj	vktj	未知飞键、非音码或读音集合未覆盖；不猜测
鲸凉鹤1.1手心挂接.txt	正厅	vktk	vktk	未知飞键、非音码或读音集合未覆盖；不猜测
鲸凉鹤1.1手心挂接.txt	整天	vktm	vktm	未知飞键、非音码或读音集合未覆盖；不猜测
鲸凉鹤1.1手心挂接.txt	整条	vktn	vktn	未知飞键、非音码或读音集合未覆盖；不猜测
鲸凉鹤1.1手心挂接.txt	挣脱	vkto	vkto	未知飞键、非音码或读音集合未覆盖；不猜测
鲸凉鹤1.1手心挂接.txt	郑铁	vktp	vktp	未知飞键、非音码或读音集合未覆盖；不猜测
鲸凉鹤1.1手心挂接.txt	整团	vktr	vktr	未知飞键、非音码或读音集合未覆盖；不猜测
鲸凉鹤1.1手心挂接.txt	正统	vkts	vkts	未知飞键、非音码或读音集合未覆盖；不猜测
鲸凉鹤1.1手心挂接.txt	正同	vkts	vkts	未知飞键、非音码或读音集合未覆盖；不猜测
鲸凉鹤1.1手心挂接.txt	征途	vktu	vktu	未知飞键、非音码或读音集合未覆盖；不猜测
鲸凉鹤1.1手心挂接.txt	正途	vktu	vktu	未知飞键、非音码或读音集合未覆盖；不猜测
鲸凉鹤1.1手心挂接.txt	正头	vktz	vktz	未知飞键、非音码或读音集合未覆盖；不猜测
鲸凉鹤1.1手心挂接.txt	整啥	vkua	vkua	未知飞键、非音码或读音集合未覆盖；不猜测
鲸凉鹤1.1手心挂接.txt	正射	vkue	vkue	未知飞键、非音码或读音集合未覆盖；不猜测
鲸凉鹤1.1手心挂接.txt	政审	vkuf	vkuf	未知飞键、非音码或读音集合未覆盖；不猜测
鲸凉鹤1.1手心挂接.txt	正身	vkuf	vkuf	未知飞键、非音码或读音集合未覆盖；不猜测
鲸凉鹤1.1手心挂接.txt	正盛	vkug	vkug	未知飞键、非音码或读音集合未覆盖；不猜测
鲸凉鹤1.1手心挂接.txt	正式	vkui	vkui	未知飞键、非音码或读音集合未覆盖；不猜测
鲸凉鹤1.1手心挂接.txt	证实	vkui	vkui	未知飞键、非音码或读音集合未覆盖；不猜测
鲸凉鹤1.1手心挂接.txt	正视	vkui	vkui	未知飞键、非音码或读音集合未覆盖；不猜测
鲸凉鹤1.1手心挂接.txt	正是	vkui	vkui	未知飞键、非音码或读音集合未覆盖；不猜测
鲸凉鹤1.1手心挂接.txt	郑帅	vkuk	vkuk	未知飞键、非音码或读音集合未覆盖；不猜测
鲸凉鹤1.1手心挂接.txt	正说	vkuo	vkuo	未知飞键、非音码或读音集合未覆盖；不猜测
鲸凉鹤1.1手心挂接.txt	正朔	vkuo	vkuo	未知飞键、非音码或读音集合未覆盖；不猜测
鲸凉鹤1.1手心挂接.txt	证书	vkuu	vkuu	未知飞键、非音码或读音集合未覆盖；不猜测
鲸凉鹤1.1手心挂接.txt	蒸熟	vkuu	vkuu	未知飞键、非音码或读音集合未覆盖；不猜测
鲸凉鹤1.1手心挂接.txt	整数	vkuu	vkuu	未知飞键、非音码或读音集合未覆盖；不猜测
鲸凉鹤1.1手心挂接.txt	正数	vkuu	vkuu	未知飞键、非音码或读音集合未覆盖；不猜测
鲸凉鹤1.1手心挂接.txt	征税	vkuv	vkuv	未知飞键、非音码或读音集合未覆盖；不猜测
鲸凉鹤1.1手心挂接.txt	正顺	vkuy	vkuy	未知飞键、非音码或读音集合未覆盖；不猜测
鲸凉鹤1.1手心挂接.txt	征收	vkuz	vkuz	未知飞键、非音码或读音集合未覆盖；不猜测
鲸凉鹤1.1手心挂接.txt	整首	vkuz	vkuz	未知飞键、非音码或读音集合未覆盖；不猜测
鲸凉鹤1.1手心挂接.txt	正手	vkuz	vkuz	未知飞键、非音码或读音集合未覆盖；不猜测
鲸凉鹤1.1手心挂接.txt	挣扎	vkva	vkva	未知飞键、非音码或读音集合未覆盖；不猜测
鲸凉鹤1.1手心挂接.txt	征兆	vkvc	vkvc	未知飞键、非音码或读音集合未覆盖；不猜测
鲸凉鹤1.1手心挂接.txt	征召	vkvc	vkvc	未知飞键、非音码或读音集合未覆盖；不猜测
鲸凉鹤1.1手心挂接.txt	争着	vkve	vkve	未知飞键、非音码或读音集合未覆盖；不猜测
鲸凉鹤1.1手心挂接.txt	睁着	vkve	vkve	未知飞键、非音码或读音集合未覆盖；不猜测
鲸凉鹤1.1手心挂接.txt	挣着	vkve	vkve	未知飞键、非音码或读音集合未覆盖；不猜测
鲸凉鹤1.1手心挂接.txt	整张	vkvh	vkvh	未知飞键、非音码或读音集合未覆盖；不猜测
鲸凉鹤1.1手心挂接.txt	整章	vkvh	vkvh	未知飞键、非音码或读音集合未覆盖；不猜测
鲸凉鹤1.1手心挂接.txt	政治	vkvi	vkvi	未知飞键、非音码或读音集合未覆盖；不猜测
鲸凉鹤1.1手心挂接.txt	争执	vkvi	vkvi	未知飞键、非音码或读音集合未覆盖；不猜测
鲸凉鹤1.1手心挂接.txt	正直	vkvi	vkvi	未知飞键、非音码或读音集合未覆盖；不猜测
鲸凉鹤1.1手心挂接.txt	整治	vkvi	vkvi	未知飞键、非音码或读音集合未覆盖；不猜测
鲸凉鹤1.1手心挂接.txt	征战	vkvj	vkvj	未知飞键、非音码或读音集合未覆盖；不猜测
鲸凉鹤1.1手心挂接.txt	争战	vkvj	vkvj	未知飞键、非音码或读音集合未覆盖；不猜测
鲸凉鹤1.1手心挂接.txt	整整	vkvk	vkvk	未知飞键、非音码或读音集合未覆盖；不猜测
鲸凉鹤1.1手心挂接.txt	怔怔	vkvk	vkvk	未知飞键、非音码或读音集合未覆盖；不猜测
鲸凉鹤1.1手心挂接.txt	铮铮	vkvk	vkvk	未知飞键、非音码或读音集合未覆盖；不猜测
鲸凉鹤1.1手心挂接.txt	症状	vkvl	vkvl	未知飞键、非音码或读音集合未覆盖；不猜测
鲸凉鹤1.1手心挂接.txt	正装	vkvl	vkvl	未知飞键、非音码或读音集合未覆盖；不猜测
鲸凉鹤1.1手心挂接.txt	整装	vkvl	vkvl	未知飞键、非音码或读音集合未覆盖；不猜测
鲸凉鹤1.1手心挂接.txt	正传	vkvr	vkvr	未知飞键、非音码或读音集合未覆盖；不猜测
鲸凉鹤1.1手心挂接.txt	郑重	vkvs	vkvs	未知飞键、非音码或读音集合未覆盖；不猜测
鲸凉鹤1.1手心挂接.txt	正中	vkvs	vkvs	未知飞键、非音码或读音集合未覆盖；不猜测
鲸凉鹤1.1手心挂接.txt	怔住	vkvu	vkvu	未知飞键、非音码或读音集合未覆盖；不猜测
鲸凉鹤1.1手心挂接.txt	正主	vkvu	vkvu	未知飞键、非音码或读音集合未覆盖；不猜测
鲸凉鹤1.1手心挂接.txt	蒸煮	vkvu	vkvu	未知飞键、非音码或读音集合未覆盖；不猜测
鲸凉鹤1.1手心挂接.txt	郑州	vkvz	vkvz	未知飞键、非音码或读音集合未覆盖；不猜测
鲸凉鹤1.1手心挂接.txt	正文	vkwf	vkwf	未知飞键、非音码或读音集合未覆盖；不猜测
鲸凉鹤1.1手心挂接.txt	征文	vkwf	vkwf	未知飞键、非音码或读音集合未覆盖；不猜测
鲸凉鹤1.1手心挂接.txt	正往	vkwh	vkwh	未知飞键、非音码或读音集合未覆盖；不猜测
鲸凉鹤1.1手心挂接.txt	正旺	vkwh	vkwh	未知飞键、非音码或读音集合未覆盖；不猜测
鲸凉鹤1.1手心挂接.txt	整晚	vkwj	vkwj	未知飞键、非音码或读音集合未覆盖；不猜测
鲸凉鹤1.1手心挂接.txt	整完	vkwj	vkwj	未知飞键、非音码或读音集合未覆盖；不猜测
鲸凉鹤1.1手心挂接.txt	蒸完	vkwj	vkwj	未知飞键、非音码或读音集合未覆盖；不猜测
鲸凉鹤1.1手心挂接.txt	蒸碗	vkwj	vkwj	未知飞键、非音码或读音集合未覆盖；不猜测
鲸凉鹤1.1手心挂接.txt	整我	vkwo	vkwo	未知飞键、非音码或读音集合未覆盖；不猜测
鲸凉鹤1.1手心挂接.txt	正午	vkwu	vkwu	未知飞键、非音码或读音集合未覆盖；不猜测
鲸凉鹤1.1手心挂接.txt	政务	vkwu	vkwu	未知飞键、非音码或读音集合未覆盖；不猜测
鲸凉鹤1.1手心挂接.txt	证物	vkwu	vkwu	未知飞键、非音码或读音集合未覆盖；不猜测
鲸凉鹤1.1手心挂接.txt	政委	vkww	vkww	未知飞键、非音码或读音集合未覆盖；不猜测
鲸凉鹤1.1手心挂接.txt	正为	vkww	vkww	未知飞键、非音码或读音集合未覆盖；不猜测
鲸凉鹤1.1手心挂接.txt	证伪	vkww	vkww	未知飞键、非音码或读音集合未覆盖；不猜测
鲸凉鹤1.1手心挂接.txt	争位	vkww	vkww	未知飞键、非音码或读音集合未覆盖；不猜测
鲸凉鹤1.1手心挂接.txt	征信	vkxb	vkxb	未知飞键、非音码或读音集合未覆盖；不猜测
鲸凉鹤1.1手心挂接.txt	正心	vkxb	vkxb	未知飞键、非音码或读音集合未覆盖；不猜测
鲸凉鹤1.1手心挂接.txt	正席	vkxi	vkxi	未知飞键、非音码或读音集合未覆盖；不猜测
鲸凉鹤1.1手心挂接.txt	正西	vkxi	vkxi	未知飞键、非音码或读音集合未覆盖；不猜测
鲸凉鹤1.1手心挂接.txt	正戏	vkxi	vkxi	未知飞键、非音码或读音集合未覆盖；不猜测
鲸凉鹤1.1手心挂接.txt	正向	vkxj	vkxj	未知飞键、非音码或读音集合未覆盖；不猜测
鲸凉鹤1.1手心挂接.txt	整形	vkxk	vkxk	未知飞键、非音码或读音集合未覆盖；不猜测
鲸凉鹤1.1手心挂接.txt	正想	vkxl	vkxl	未知飞键、非音码或读音集合未覆盖；不猜测
鲸凉鹤1.1手心挂接.txt	争相	vkxl	vkxl	未知飞键、非音码或读音集合未覆盖；不猜测
鲸凉鹤1.1手心挂接.txt	正向	vkxl	vkxl	未知飞键、非音码或读音集合未覆盖；不猜测
鲸凉鹤1.1手心挂接.txt	正像	vkxl	vkxl	未知飞键、非音码或读音集合未覆盖；不猜测
鲸凉鹤1.1手心挂接.txt	争先	vkxm	vkxm	未知飞键、非音码或读音集合未覆盖；不猜测
鲸凉鹤1.1手心挂接.txt	正弦	vkxm	vkxm	未知飞键、非音码或读音集合未覆盖；不猜测
鲸凉鹤1.1手心挂接.txt	整修	vkxo	vkxo	未知飞键、非音码或读音集合未覆盖；不猜测
鲸凉鹤1.1手心挂接.txt	政协	vkxp	vkxp	未知飞键、非音码或读音集合未覆盖；不猜测
鲸凉鹤1.1手心挂接.txt	正邪	vkxp	vkxp	未知飞键、非音码或读音集合未覆盖；不猜测
鲸凉鹤1.1手心挂接.txt	整些	vkxp	vkxp	未知飞键、非音码或读音集合未覆盖；不猜测
鲸凉鹤1.1手心挂接.txt	整修	vkxq	vkxq	未知飞键、非音码或读音集合未覆盖；不猜测
鲸凉鹤1.1手心挂接.txt	正选	vkxr	vkxr	未知飞键、非音码或读音集合未覆盖；不猜测
鲸凉鹤1.1手心挂接.txt	争雄	vkxs	vkxs	未知飞键、非音码或读音集合未覆盖；不猜测
鲸凉鹤1.1手心挂接.txt	正序	vkxu	vkxu	未知飞键、非音码或读音集合未覆盖；不猜测
鲸凉鹤1.1手心挂接.txt	正需	vkxu	vkxu	未知飞键、非音码或读音集合未覆盖；不猜测
鲸凉鹤1.1手心挂接.txt	整下	vkxx	vkxx	未知飞键、非音码或读音集合未覆盖；不猜测
鲸凉鹤1.1手心挂接.txt	征询	vkxy	vkxy	未知飞键、非音码或读音集合未覆盖；不猜测
鲸凉鹤1.1手心挂接.txt	整牙	vkya	vkya	未知飞键、非音码或读音集合未覆盖；不猜测
鲸凉鹤1.1手心挂接.txt	正压	vkya	vkya	未知飞键、非音码或读音集合未覆盖；不猜测
鲸凉鹤1.1手心挂接.txt	正因	vkyb	vkyb	未知飞键、非音码或读音集合未覆盖；不猜测
鲸凉鹤1.1手心挂接.txt	征引	vkyb	vkyb	未知飞键、非音码或读音集合未覆盖；不猜测
鲸凉鹤1.1手心挂接.txt	正要	vkyc	vkyc	未知飞键、非音码或读音集合未覆盖；不猜测
鲸凉鹤1.1手心挂接.txt	政要	vkyc	vkyc	未知飞键、非音码或读音集合未覆盖；不猜测
鲸凉鹤1.1手心挂接.txt	整夜	vkye	vkye	未知飞键、非音码或读音集合未覆盖；不猜测
鲸凉鹤1.1手心挂接.txt	正业	vkye	vkye	未知飞键、非音码或读音集合未覆盖；不猜测
鲸凉鹤1.1手心挂接.txt	整页	vkye	vkye	未知飞键、非音码或读音集合未覆盖；不猜测
鲸凉鹤1.1手心挂接.txt	睁眼	vkyf	vkyf	未知飞键、非音码或读音集合未覆盖；不猜测
鲸凉鹤1.1手心挂接.txt	正眼	vkyf	vkyf	未知飞键、非音码或读音集合未覆盖；不猜测
鲸凉鹤1.1手心挂接.txt	证言	vkyf	vkyf	未知飞键、非音码或读音集合未覆盖；不猜测
鲸凉鹤1.1手心挂接.txt	正欲	vkyg	vkyg	未知飞键、非音码或读音集合未覆盖；不猜测
鲸凉鹤1.1手心挂接.txt	正与	vkyg	vkyg	未知飞键、非音码或读音集合未覆盖；不猜测
鲸凉鹤1.1手心挂接.txt	蒸鱼	vkyg	vkyg	未知飞键、非音码或读音集合未覆盖；不猜测
鲸凉鹤1.1手心挂接.txt	正义	vkyi	vkyi	未知飞键、非音码或读音集合未覆盖；不猜测
鲸凉鹤1.1手心挂接.txt	争议	vkyi	vkyi	未知飞键、非音码或读音集合未覆盖；不猜测
鲸凉鹤1.1手心挂接.txt	正以	vkyi	vkyi	未知飞键、非音码或读音集合未覆盖；不猜测
鲸凉鹤1.1手心挂接.txt	睁眼	vkyj	vkyj	未知飞键、非音码或读音集合未覆盖；不猜测
鲸凉鹤1.1手心挂接.txt	正眼	vkyj	vkyj	未知飞键、非音码或读音集合未覆盖；不猜测
鲸凉鹤1.1手心挂接.txt	证言	vkyj	vkyj	未知飞键、非音码或读音集合未覆盖；不猜测
鲸凉鹤1.1手心挂接.txt	正应	vkyk	vkyk	未知飞键、非音码或读音集合未覆盖；不猜测
鲸凉鹤1.1手心挂接.txt	正营	vkyk	vkyk	未知飞键、非音码或读音集合未覆盖；不猜测
鲸凉鹤1.1手心挂接.txt	正圆	vkyr	vkyr	未知飞键、非音码或读音集合未覆盖；不猜测
鲸凉鹤1.1手心挂接.txt	正缘	vkyr	vkyr	未知飞键、非音码或读音集合未覆盖；不猜测
鲸凉鹤1.1手心挂接.txt	征用	vkys	vkys	未知飞键、非音码或读音集合未覆盖；不猜测
鲸凉鹤1.1手心挂接.txt	正月	vkyt	vkyt	未知飞键、非音码或读音集合未覆盖；不猜测
鲸凉鹤1.1手心挂接.txt	整月	vkyt	vkyt	未知飞键、非音码或读音集合未覆盖；不猜测
鲸凉鹤1.1手心挂接.txt	正欲	vkyu	vkyu	未知飞键、非音码或读音集合未覆盖；不猜测
鲸凉鹤1.1手心挂接.txt	正与	vkyu	vkyu	未知飞键、非音码或读音集合未覆盖；不猜测
鲸凉鹤1.1手心挂接.txt	蒸鱼	vkyu	vkyu	未知飞键、非音码或读音集合未覆盖；不猜测
鲸凉鹤1.1手心挂接.txt	郑云	vkyy	vkyy	未知飞键、非音码或读音集合未覆盖；不猜测
鲸凉鹤1.1手心挂接.txt	正在	vkzd	vkzd	未知飞键、非音码或读音集合未覆盖；不猜测
鲸凉鹤1.1手心挂接.txt	正则	vkze	vkze	未知飞键、非音码或读音集合未覆盖；不猜测
鲸凉鹤1.1手心挂接.txt	正字	vkzi	vkzi	未知飞键、非音码或读音集合未覆盖；不猜测
鲸凉鹤1.1手心挂接.txt	正宗	vkzl	vkzl	未知飞键、非音码或读音集合未覆盖；不猜测
鲸凉鹤1.1手心挂接.txt	郑总	vkzl	vkzl	未知飞键、非音码或读音集合未覆盖；不猜测
鲸凉鹤1.1手心挂接.txt	整座	vkzo	vkzo	未知飞键、非音码或读音集合未覆盖；不猜测
鲸凉鹤1.1手心挂接.txt	正坐	vkzo	vkzo	未知飞键、非音码或读音集合未覆盖；不猜测
鲸凉鹤1.1手心挂接.txt	争做	vkzo	vkzo	未知飞键、非音码或读音集合未覆盖；不猜测
鲸凉鹤1.1手心挂接.txt	正宗	vkzs	vkzs	未知飞键、非音码或读音集合未覆盖；不猜测
鲸凉鹤1.1手心挂接.txt	整租	vkzu	vkzu	未知飞键、非音码或读音集合未覆盖；不猜测
鲸凉鹤1.1手心挂接.txt	整组	vkzu	vkzu	未知飞键、非音码或读音集合未覆盖；不猜测
鲸凉鹤1.1手心挂接.txt	争嘴	vkzv	vkzv	未知飞键、非音码或读音集合未覆盖；不猜测
鲸凉鹤1.1手心挂接.txt	正走	vkzz	vkzz	未知飞键、非音码或读音集合未覆盖；不猜测
鲸凉鹤1.1手心挂接.txt	撞到	vldl	vldl	未知飞键、非音码或读音集合未覆盖；不猜测
鲸凉鹤1.1手心挂接.txt	撞倒	vldl	vldl	未知飞键、非音码或读音集合未覆盖；不猜测
鲸凉鹤1.1手心挂接.txt	装到	vldl	vldl	未知飞键、非音码或读音集合未覆盖；不猜测
鲸凉鹤1.1手心挂接.txt	装柜	vlgi	vlgi	未知飞键、非音码或读音集合未覆盖；不猜测
鲸凉鹤1.1手心挂接.txt	撞鬼	vlgi	vlgi	未知飞键、非音码或读音集合未覆盖；不猜测
鲸凉鹤1.1手心挂接.txt	装鬼	vlgi	vlgi	未知飞键、非音码或读音集合未覆盖；不猜测
鲸凉鹤1.1手心挂接.txt	壮观	vlgp	vlgp	未知飞键、非音码或读音集合未覆盖；不猜测
鲸凉鹤1.1手心挂接.txt	装罐	vlgp	vlgp	未知飞键、非音码或读音集合未覆盖；不猜测
鲸凉鹤1.1手心挂接.txt	撞见	vljz	vljz	未知飞键、非音码或读音集合未覆盖；不猜测
鲸凉鹤1.1手心挂接.txt	壮健	vljz	vljz	未知飞键、非音码或读音集合未覆盖；不猜测
鲸凉鹤1.1手心挂接.txt	桩尖	vljz	vljz	未知飞键、非音码或读音集合未覆盖；不猜测
鲸凉鹤1.1手心挂接.txt	壮烈	vllf	vllf	未知飞键、非音码或读音集合未覆盖；不猜测
鲸凉鹤1.1手心挂接.txt	装满	vlmr	vlmr	未知飞键、非音码或读音集合未覆盖；不猜测
鲸凉鹤1.1手心挂接.txt	庄穆	vlmx	vlmx	未知飞键、非音码或读音集合未覆盖；不猜测
鲸凉鹤1.1手心挂接.txt	壮男	vlnz	vlnz	未知飞键、非音码或读音集合未覆盖；不猜测
鲸凉鹤1.1手心挂接.txt	撞破	vlps	vlps	未知飞键、非音码或读音集合未覆盖；不猜测
鲸凉鹤1.1手心挂接.txt	装瓶	vlpx	vlpx	未知飞键、非音码或读音集合未覆盖；不猜测
鲸凉鹤1.1手心挂接.txt	装起	vlqe	vlqe	未知飞键、非音码或读音集合未覆盖；不猜测
鲸凉鹤1.1手心挂接.txt	撞衫	vlus	vlus	未知飞键、非音码或读音集合未覆盖；不猜测
鲸凉鹤1.1手心挂接.txt	撞向	vlxj	vlxj	未知飞键、非音码或读音集合未覆盖；不猜测
鲸凉鹤1.1手心挂接.txt	装修	vlxo	vlxo	未知飞键、非音码或读音集合未覆盖；不猜测
鲸凉鹤1.1手心挂接.txt	庄严	vlyf	vlyf	未知飞键、非音码或读音集合未覆盖；不猜测
鲸凉鹤1.1手心挂接.txt	装烟	vlyf	vlyf	未知飞键、非音码或读音集合未覆盖；不猜测
鲸凉鹤1.1手心挂接.txt	壮言	vlyf	vlyf	未知飞键、非音码或读音集合未覆盖；不猜测
鲸凉鹤1.1手心挂接.txt	状语	vlyg	vlyg	未知飞键、非音码或读音集合未覆盖；不猜测
鲸凉鹤1.1手心挂接.txt	壮语	vlyg	vlyg	未知飞键、非音码或读音集合未覆盖；不猜测
鲸凉鹤1.1手心挂接.txt	捉到	vodl	vodl	未知飞键、非音码或读音集合未覆盖；不猜测
鲸凉鹤1.1手心挂接.txt	捉刀	vodl	vodl	未知飞键、非音码或读音集合未覆盖；不猜测
鲸凉鹤1.1手心挂接.txt	捉鬼	vogi	vogi	未知飞键、非音码或读音集合未覆盖；不猜测
鲸凉鹤1.1手心挂接.txt	卓冠	vogp	vogp	未知飞键、非音码或读音集合未覆盖；不猜测
鲸凉鹤1.1手心挂接.txt	捉奸	vojz	vojz	未知飞键、非音码或读音集合未覆盖；不猜测
鲸凉鹤1.1手心挂接.txt	拙见	vojz	vojz	未知飞键、非音码或读音集合未覆盖；不猜测
鲸凉鹤1.1手心挂接.txt	卓见	vojz	vojz	未知飞键、非音码或读音集合未覆盖；不猜测
鲸凉鹤1.1手心挂接.txt	酌减	vojz	vojz	未知飞键、非音码或读音集合未覆盖；不猜测
鲸凉鹤1.1手心挂接.txt	拙劣	volf	volf	未知飞键、非音码或读音集合未覆盖；不猜测
鲸凉鹤1.1手心挂接.txt	卓曼	vomr	vomr	未知飞键、非音码或读音集合未覆盖；不猜测
鲸凉鹤1.1手心挂接.txt	啄木	vomx	vomx	未知飞键、非音码或读音集合未覆盖；不猜测
鲸凉鹤1.1手心挂接.txt	桌屏	vopx	vopx	未知飞键、非音码或读音集合未覆盖；不猜测
鲸凉鹤1.1手心挂接.txt	斵丧	vosh	vosh	未知飞键、非音码或读音集合未覆盖；不猜测
鲸凉鹤1.1手心挂接.txt	桌腿	votl	votl	未知飞键、非音码或读音集合未覆盖；不猜测
鲸凉鹤1.1手心挂接.txt	卓正	vovk	vovk	未知飞键、非音码或读音集合未覆盖；不猜测
鲸凉鹤1.1手心挂接.txt	擢秀	voxo	voxo	未知飞键、非音码或读音集合未覆盖；不猜测
鲸凉鹤1.1手心挂接.txt	着眼	voyf	voyf	未知飞键、非音码或读音集合未覆盖；不猜测
鲸凉鹤1.1手心挂接.txt	捉鱼	voyg	voyg	未知飞键、非音码或读音集合未覆盖；不猜测
鲸凉鹤1.1手心挂接.txt	拙于	voyg	voyg	未知飞键、非音码或读音集合未覆盖；不猜测
鲸凉鹤1.1手心挂接.txt	之爱	vpai	vpai	未知飞键、非音码或读音集合未覆盖；不猜测
鲸凉鹤1.1手心挂接.txt	之暗	vpan	vpan	未知飞键、非音码或读音集合未覆盖；不猜测
鲸凉鹤1.1手心挂接.txt	之滨	vpbb	vpbb	未知飞键、非音码或读音集合未覆盖；不猜测
鲸凉鹤1.1手心挂接.txt	之宾	vpbb	vpbb	未知飞键、非音码或读音集合未覆盖；不猜测
鲸凉鹤1.1手心挂接.txt	之宝	vpbc	vpbc	未知飞键、非音码或读音集合未覆盖；不猜测
鲸凉鹤1.1手心挂接.txt	之败	vpbd	vpbd	未知飞键、非音码或读音集合未覆盖；不猜测
鲸凉鹤1.1手心挂接.txt	之白	vpbd	vpbd	未知飞键、非音码或读音集合未覆盖；不猜测
鲸凉鹤1.1手心挂接.txt	之本	vpbf	vpbf	未知飞键、非音码或读音集合未覆盖；不猜测
鲸凉鹤1.1手心挂接.txt	之邦	vpbh	vpbh	未知飞键、非音码或读音集合未覆盖；不猜测
鲸凉鹤1.1手心挂接.txt	之榜	vpbh	vpbh	未知飞键、非音码或读音集合未覆盖；不猜测
鲸凉鹤1.1手心挂接.txt	之棒	vpbh	vpbh	未知飞键、非音码或读音集合未覆盖；不猜测
鲸凉鹤1.1手心挂接.txt	之比	vpbi	vpbi	未知飞键、非音码或读音集合未覆盖；不猜测
鲸凉鹤1.1手心挂接.txt	之笔	vpbi	vpbi	未知飞键、非音码或读音集合未覆盖；不猜测
鲸凉鹤1.1手心挂接.txt	之弊	vpbi	vpbi	未知飞键、非音码或读音集合未覆盖；不猜测
鲸凉鹤1.1手心挂接.txt	之兵	vpbk	vpbk	未知飞键、非音码或读音集合未覆盖；不猜测
鲸凉鹤1.1手心挂接.txt	之病	vpbk	vpbk	未知飞键、非音码或读音集合未覆盖；不猜测
鲸凉鹤1.1手心挂接.txt	之便	vpbm	vpbm	未知飞键、非音码或读音集合未覆盖；不猜测
鲸凉鹤1.1手心挂接.txt	之变	vpbm	vpbm	未知飞键、非音码或读音集合未覆盖；不猜测
鲸凉鹤1.1手心挂接.txt	之辩	vpbm	vpbm	未知飞键、非音码或读音集合未覆盖；不猜测
鲸凉鹤1.1手心挂接.txt	之别	vpbp	vpbp	未知飞键、非音码或读音集合未覆盖；不猜测
鲸凉鹤1.1手心挂接.txt	之辈	vpbw	vpbw	未知飞键、非音码或读音集合未覆盖；不猜测
鲸凉鹤1.1手心挂接.txt	之北	vpbw	vpbw	未知飞键、非音码或读音集合未覆盖；不猜测
鲸凉鹤1.1手心挂接.txt	之草	vpcc	vpcc	未知飞键、非音码或读音集合未覆盖；不猜测
鲸凉鹤1.1手心挂接.txt	之才	vpcd	vpcd	未知飞键、非音码或读音集合未覆盖；不猜测
鲸凉鹤1.1手心挂接.txt	之财	vpcd	vpcd	未知飞键、非音码或读音集合未覆盖；不猜测
鲸凉鹤1.1手心挂接.txt	之策	vpce	vpce	未知飞键、非音码或读音集合未覆盖；不猜测
鲸凉鹤1.1手心挂接.txt	之侧	vpce	vpce	未知飞键、非音码或读音集合未覆盖；不猜测
鲸凉鹤1.1手心挂接.txt	之层	vpcg	vpcg	未知飞键、非音码或读音集合未覆盖；不猜测
鲸凉鹤1.1手心挂接.txt	之词	vpci	vpci	未知飞键、非音码或读音集合未覆盖；不猜测
鲸凉鹤1.1手心挂接.txt	之辞	vpci	vpci	未知飞键、非音码或读音集合未覆盖；不猜测
鲸凉鹤1.1手心挂接.txt	之惨	vpcj	vpcj	未知飞键、非音码或读音集合未覆盖；不猜测
鲸凉鹤1.1手心挂接.txt	之错	vpco	vpco	未知飞键、非音码或读音集合未覆盖；不猜测
鲸凉鹤1.1手心挂接.txt	之措	vpco	vpco	未知飞键、非音码或读音集合未覆盖；不猜测
鲸凉鹤1.1手心挂接.txt	之粗	vpcu	vpcu	未知飞键、非音码或读音集合未覆盖；不猜测
鲸凉鹤1.1手心挂接.txt	之脆	vpcv	vpcv	未知飞键、非音码或读音集合未覆盖；不猜测
鲸凉鹤1.1手心挂接.txt	之翠	vpcv	vpcv	未知飞键、非音码或读音集合未覆盖；不猜测
鲸凉鹤1.1手心挂接.txt	之村	vpcy	vpcy	未知飞键、非音码或读音集合未覆盖；不猜测
鲸凉鹤1.1手心挂接.txt	之大	vpda	vpda	未知飞键、非音码或读音集合未覆盖；不猜测
鲸凉鹤1.1手心挂接.txt	之道	vpdc	vpdc	未知飞键、非音码或读音集合未覆盖；不猜测
鲸凉鹤1.1手心挂接.txt	之岛	vpdc	vpdc	未知飞键、非音码或读音集合未覆盖；不猜测
鲸凉鹤1.1手心挂接.txt	之刀	vpdc	vpdc	未知飞键、非音码或读音集合未覆盖；不猜测
鲸凉鹤1.1手心挂接.txt	之岱	vpdd	vpdd	未知飞键、非音码或读音集合未覆盖；不猜测
鲸凉鹤1.1手心挂接.txt	之德	vpde	vpde	未知飞键、非音码或读音集合未覆盖；不猜测
鲸凉鹤1.1手心挂接.txt	之党	vpdh	vpdh	未知飞键、非音码或读音集合未覆盖；不猜测
鲸凉鹤1.1手心挂接.txt	之地	vpdi	vpdi	未知飞键、非音码或读音集合未覆盖；不猜测
鲸凉鹤1.1手心挂接.txt	之低	vpdi	vpdi	未知飞键、非音码或读音集合未覆盖；不猜测
鲸凉鹤1.1手心挂接.txt	之敌	vpdi	vpdi	未知飞键、非音码或读音集合未覆盖；不猜测
鲸凉鹤1.1手心挂接.txt	之胆	vpdj	vpdj	未知飞键、非音码或读音集合未覆盖；不猜测
鲸凉鹤1.1手心挂接.txt	之淡	vpdj	vpdj	未知飞键、非音码或读音集合未覆盖；不猜测
鲸凉鹤1.1手心挂接.txt	之顶	vpdk	vpdk	未知飞键、非音码或读音集合未覆盖；不猜测
鲸凉鹤1.1手心挂接.txt	之道	vpdl	vpdl	未知飞键、非音码或读音集合未覆盖；不猜测
鲸凉鹤1.1手心挂接.txt	之岛	vpdl	vpdl	未知飞键、非音码或读音集合未覆盖；不猜测
鲸凉鹤1.1手心挂接.txt	之刀	vpdl	vpdl	未知飞键、非音码或读音集合未覆盖；不猜测
鲸凉鹤1.1手心挂接.txt	之巅	vpdm	vpdm	未知飞键、非音码或读音集合未覆盖；不猜测
鲸凉鹤1.1手心挂接.txt	之典	vpdm	vpdm	未知飞键、非音码或读音集合未覆盖；不猜测
鲸凉鹤1.1手心挂接.txt	之屌	vpdn	vpdn	未知飞键、非音码或读音集合未覆盖；不猜测
鲸凉鹤1.1手心挂接.txt	之多	vpdo	vpdo	未知飞键、非音码或读音集合未覆盖；不猜测
鲸凉鹤1.1手心挂接.txt	之爹	vpdp	vpdp	未知飞键、非音码或读音集合未覆盖；不猜测
鲸凉鹤1.1手心挂接.txt	之短	vpdr	vpdr	未知飞键、非音码或读音集合未覆盖；不猜测
鲸凉鹤1.1手心挂接.txt	之冬	vpds	vpds	未知飞键、非音码或读音集合未覆盖；不猜测
鲸凉鹤1.1手心挂接.txt	之东	vpds	vpds	未知飞键、非音码或读音集合未覆盖；不猜测
鲸凉鹤1.1手心挂接.txt	之都	vpdu	vpdu	未知飞键、非音码或读音集合未覆盖；不猜测
鲸凉鹤1.1手心挂接.txt	之毒	vpdu	vpdu	未知飞键、非音码或读音集合未覆盖；不猜测
鲸凉鹤1.1手心挂接.txt	之队	vpdv	vpdv	未知飞键、非音码或读音集合未覆盖；不猜测
鲸凉鹤1.1手心挂接.txt	之盾	vpdy	vpdy	未知飞键、非音码或读音集合未覆盖；不猜测
鲸凉鹤1.1手心挂接.txt	之陡	vpdz	vpdz	未知飞键、非音码或读音集合未覆盖；不猜测
鲸凉鹤1.1手心挂接.txt	之额	vpee	vpee	未知飞键、非音码或读音集合未覆盖；不猜测
鲸凉鹤1.1手心挂接.txt	之一	vpei	vpyi	未知飞键、非音码或读音集合未覆盖；不猜测
鲸凉鹤1.1手心挂接.txt	之恩	vpen	vpen	未知飞键、非音码或读音集合未覆盖；不猜测
鲸凉鹤1.1手心挂接.txt	之二	vper	vper	未知飞键、非音码或读音集合未覆盖；不猜测
鲸凉鹤1.1手心挂接.txt	之儿	vper	vper	未知飞键、非音码或读音集合未覆盖；不猜测
鲸凉鹤1.1手心挂接.txt	之法	vpfa	vpfa	未知飞键、非音码或读音集合未覆盖；不猜测
鲸凉鹤1.1手心挂接.txt	之罚	vpfa	vpfa	未知飞键、非音码或读音集合未覆盖；不猜测
鲸凉鹤1.1手心挂接.txt	之分	vpff	vpff	未知飞键、非音码或读音集合未覆盖；不猜测
鲸凉鹤1.1手心挂接.txt	之坟	vpff	vpff	未知飞键、非音码或读音集合未覆盖；不猜测
鲸凉鹤1.1手心挂接.txt	之风	vpfg	vpfg	未知飞键、非音码或读音集合未覆盖；不猜测
鲸凉鹤1.1手心挂接.txt	之峰	vpfg	vpfg	未知飞键、非音码或读音集合未覆盖；不猜测
鲸凉鹤1.1手心挂接.txt	之方	vpfh	vpfh	未知飞键、非音码或读音集合未覆盖；不猜测
鲸凉鹤1.1手心挂接.txt	之房	vpfh	vpfh	未知飞键、非音码或读音集合未覆盖；不猜测
鲸凉鹤1.1手心挂接.txt	之烦	vpfj	vpfj	未知飞键、非音码或读音集合未覆盖；不猜测
鲸凉鹤1.1手心挂接.txt	之佛	vpfo	vpfo	未知飞键、非音码或读音集合未覆盖；不猜测
鲸凉鹤1.1手心挂接.txt	之父	vpfu	vpfu	未知飞键、非音码或读音集合未覆盖；不猜测
鲸凉鹤1.1手心挂接.txt	之夫	vpfu	vpfu	未知飞键、非音码或读音集合未覆盖；不猜测
鲸凉鹤1.1手心挂接.txt	之福	vpfu	vpfu	未知飞键、非音码或读音集合未覆盖；不猜测
鲸凉鹤1.1手心挂接.txt	之妃	vpfw	vpfw	未知飞键、非音码或读音集合未覆盖；不猜测
鲸凉鹤1.1手心挂接.txt	之高	vpgc	vpgc	未知飞键、非音码或读音集合未覆盖；不猜测
鲸凉鹤1.1手心挂接.txt	之概	vpgd	vpgd	未知飞键、非音码或读音集合未覆盖；不猜测
鲸凉鹤1.1手心挂接.txt	之歌	vpge	vpge	未知飞键、非音码或读音集合未覆盖；不猜测
鲸凉鹤1.1手心挂接.txt	之隔	vpge	vpge	未知飞键、非音码或读音集合未覆盖；不猜测
鲸凉鹤1.1手心挂接.txt	之哥	vpge	vpge	未知飞键、非音码或读音集合未覆盖；不猜测
鲸凉鹤1.1手心挂接.txt	之根	vpgf	vpgf	未知飞键、非音码或读音集合未覆盖；不猜测
鲸凉鹤1.1手心挂接.txt	之梗	vpgg	vpgg	未知飞键、非音码或读音集合未覆盖；不猜测
鲸凉鹤1.1手心挂接.txt	之纲	vpgh	vpgh	未知飞键、非音码或读音集合未覆盖；不猜测
鲸凉鹤1.1手心挂接.txt	之港	vpgh	vpgh	未知飞键、非音码或读音集合未覆盖；不猜测
鲸凉鹤1.1手心挂接.txt	之贵	vpgi	vpgi	未知飞键、非音码或读音集合未覆盖；不猜测
鲸凉鹤1.1手心挂接.txt	之鬼	vpgi	vpgi	未知飞键、非音码或读音集合未覆盖；不猜测
鲸凉鹤1.1手心挂接.txt	之感	vpgj	vpgj	未知飞键、非音码或读音集合未覆盖；不猜测
鲸凉鹤1.1手心挂接.txt	之怪	vpgk	vpgk	未知飞键、非音码或读音集合未覆盖；不猜测
鲸凉鹤1.1手心挂接.txt	之光	vpgl	vpgl	未知飞键、非音码或读音集合未覆盖；不猜测
鲸凉鹤1.1手心挂接.txt	之广	vpgl	vpgl	未知飞键、非音码或读音集合未覆盖；不猜测
鲸凉鹤1.1手心挂接.txt	之国	vpgo	vpgo	未知飞键、非音码或读音集合未覆盖；不猜测
鲸凉鹤1.1手心挂接.txt	之过	vpgo	vpgo	未知飞键、非音码或读音集合未覆盖；不猜测
鲸凉鹤1.1手心挂接.txt	之冠	vpgp	vpgp	未知飞键、非音码或读音集合未覆盖；不猜测
鲸凉鹤1.1手心挂接.txt	之官	vpgp	vpgp	未知飞键、非音码或读音集合未覆盖；不猜测
鲸凉鹤1.1手心挂接.txt	之冠	vpgr	vpgr	未知飞键、非音码或读音集合未覆盖；不猜测
鲸凉鹤1.1手心挂接.txt	之官	vpgr	vpgr	未知飞键、非音码或读音集合未覆盖；不猜测
鲸凉鹤1.1手心挂接.txt	之功	vpgs	vpgs	未知飞键、非音码或读音集合未覆盖；不猜测
鲸凉鹤1.1手心挂接.txt	之工	vpgs	vpgs	未知飞键、非音码或读音集合未覆盖；不猜测
鲸凉鹤1.1手心挂接.txt	之故	vpgu	vpgu	未知飞键、非音码或读音集合未覆盖；不猜测
鲸凉鹤1.1手心挂接.txt	之谷	vpgu	vpgu	未知飞键、非音码或读音集合未覆盖；不猜测
鲸凉鹤1.1手心挂接.txt	之贵	vpgv	vpgv	未知飞键、非音码或读音集合未覆盖；不猜测
鲸凉鹤1.1手心挂接.txt	之鬼	vpgv	vpgv	未知飞键、非音码或读音集合未覆盖；不猜测
鲸凉鹤1.1手心挂接.txt	之瓜	vpgx	vpgx	未知飞键、非音码或读音集合未覆盖；不猜测
鲸凉鹤1.1手心挂接.txt	之挂	vpgx	vpgx	未知飞键、非音码或读音集合未覆盖；不猜测
鲸凉鹤1.1手心挂接.txt	之棍	vpgy	vpgy	未知飞键、非音码或读音集合未覆盖；不猜测
鲸凉鹤1.1手心挂接.txt	之狗	vpgz	vpgz	未知飞键、非音码或读音集合未覆盖；不猜测
鲸凉鹤1.1手心挂接.txt	之好	vphc	vphc	未知飞键、非音码或读音集合未覆盖；不猜测
鲸凉鹤1.1手心挂接.txt	之海	vphd	vphd	未知飞键、非音码或读音集合未覆盖；不猜测
鲸凉鹤1.1手心挂接.txt	之害	vphd	vphd	未知飞键、非音码或读音集合未覆盖；不猜测
鲸凉鹤1.1手心挂接.txt	之和	vphe	vphe	未知飞键、非音码或读音集合未覆盖；不猜测
鲸凉鹤1.1手心挂接.txt	之核	vphe	vphe	未知飞键、非音码或读音集合未覆盖；不猜测
鲸凉鹤1.1手心挂接.txt	之河	vphe	vphe	未知飞键、非音码或读音集合未覆盖；不猜测
鲸凉鹤1.1手心挂接.txt	之恨	vphf	vphf	未知飞键、非音码或读音集合未覆盖；不猜测
鲸凉鹤1.1手心挂接.txt	之痕	vphf	vphf	未知飞键、非音码或读音集合未覆盖；不猜测
鲸凉鹤1.1手心挂接.txt	之航	vphh	vphh	未知飞键、非音码或读音集合未覆盖；不猜测
鲸凉鹤1.1手心挂接.txt	之汉	vphj	vphj	未知飞键、非音码或读音集合未覆盖；不猜测
鲸凉鹤1.1手心挂接.txt	之坏	vphk	vphk	未知飞键、非音码或读音集合未覆盖；不猜测
鲸凉鹤1.1手心挂接.txt	之皇	vphl	vphl	未知飞键、非音码或读音集合未覆盖；不猜测
鲸凉鹤1.1手心挂接.txt	之火	vpho	vpho	未知飞键、非音码或读音集合未覆盖；不猜测
鲸凉鹤1.1手心挂接.txt	之祸	vpho	vpho	未知飞键、非音码或读音集合未覆盖；不猜测
鲸凉鹤1.1手心挂接.txt	之患	vphr	vphr	未知飞键、非音码或读音集合未覆盖；不猜测
鲸凉鹤1.1手心挂接.txt	之环	vphr	vphr	未知飞键、非音码或读音集合未覆盖；不猜测
鲸凉鹤1.1手心挂接.txt	之红	vphs	vphs	未知飞键、非音码或读音集合未覆盖；不猜测
鲸凉鹤1.1手心挂接.txt	之虎	vphu	vphu	未知飞键、非音码或读音集合未覆盖；不猜测
鲸凉鹤1.1手心挂接.txt	之湖	vphu	vphu	未知飞键、非音码或读音集合未覆盖；不猜测
鲸凉鹤1.1手心挂接.txt	之辉	vphv	vphv	未知飞键、非音码或读音集合未覆盖；不猜测
鲸凉鹤1.1手心挂接.txt	之悔	vphv	vphv	未知飞键、非音码或读音集合未覆盖；不猜测
鲸凉鹤1.1手心挂接.txt	之黑	vphw	vphw	未知飞键、非音码或读音集合未覆盖；不猜测
鲸凉鹤1.1手心挂接.txt	之花	vphx	vphx	未知飞键、非音码或读音集合未覆盖；不猜测
鲸凉鹤1.1手心挂接.txt	之华	vphx	vphx	未知飞键、非音码或读音集合未覆盖；不猜测
鲸凉鹤1.1手心挂接.txt	之魂	vphy	vphy	未知飞键、非音码或读音集合未覆盖；不猜测
鲸凉鹤1.1手心挂接.txt	之后	vphz	vphz	未知飞键、非音码或读音集合未覆盖；不猜测
鲸凉鹤1.1手心挂接.txt	之侯	vphz	vphz	未知飞键、非音码或读音集合未覆盖；不猜测
鲸凉鹤1.1手心挂接.txt	之差	vpia	vpia	未知飞键、非音码或读音集合未覆盖；不猜测
鲸凉鹤1.1手心挂接.txt	之巢	vpic	vpic	未知飞键、非音码或读音集合未覆盖；不猜测
鲸凉鹤1.1手心挂接.txt	之吵	vpic	vpic	未知飞键、非音码或读音集合未覆盖；不猜测
鲸凉鹤1.1手心挂接.txt	之车	vpie	vpie	未知飞键、非音码或读音集合未覆盖；不猜测
鲸凉鹤1.1手心挂接.txt	之扯	vpie	vpie	未知飞键、非音码或读音集合未覆盖；不猜测
鲸凉鹤1.1手心挂接.txt	之臣	vpif	vpif	未知飞键、非音码或读音集合未覆盖；不猜测
鲸凉鹤1.1手心挂接.txt	之称	vpig	vpig	未知飞键、非音码或读音集合未覆盖；不猜测
鲸凉鹤1.1手心挂接.txt	之城	vpig	vpig	未知飞键、非音码或读音集合未覆盖；不猜测
鲸凉鹤1.1手心挂接.txt	之长	vpih	vpih	未知飞键、非音码或读音集合未覆盖；不猜测
鲸凉鹤1.1手心挂接.txt	之场	vpih	vpih	未知飞键、非音码或读音集合未覆盖；不猜测
鲸凉鹤1.1手心挂接.txt	之耻	vpii	vpii	未知飞键、非音码或读音集合未覆盖；不猜测
鲸凉鹤1.1手心挂接.txt	之产	vpij	vpij	未知飞键、非音码或读音集合未覆盖；不猜测
鲸凉鹤1.1手心挂接.txt	之窗	vpil	vpil	未知飞键、非音码或读音集合未覆盖；不猜测
鲸凉鹤1.1手心挂接.txt	之船	vpir	vpir	未知飞键、非音码或读音集合未覆盖；不猜测
鲸凉鹤1.1手心挂接.txt	之宠	vpis	vpis	未知飞键、非音码或读音集合未覆盖；不猜测
鲸凉鹤1.1手心挂接.txt	之虫	vpis	vpis	未知飞键、非音码或读音集合未覆盖；不猜测
鲸凉鹤1.1手心挂接.txt	之处	vpiu	vpiu	未知飞键、非音码或读音集合未覆盖；不猜测
鲸凉鹤1.1手心挂接.txt	之初	vpiu	vpiu	未知飞键、非音码或读音集合未覆盖；不猜测
鲸凉鹤1.1手心挂接.txt	之锤	vpiv	vpiv	未知飞键、非音码或读音集合未覆盖；不猜测
鲸凉鹤1.1手心挂接.txt	之春	vpiy	vpiy	未知飞键、非音码或读音集合未覆盖；不猜测
鲸凉鹤1.1手心挂接.txt	之纯	vpiy	vpiy	未知飞键、非音码或读音集合未覆盖；不猜测
鲸凉鹤1.1手心挂接.txt	之蠢	vpiy	vpiy	未知飞键、非音码或读音集合未覆盖；不猜测
鲸凉鹤1.1手心挂接.txt	之淳	vpiy	vpiy	未知飞键、非音码或读音集合未覆盖；不猜测
鲸凉鹤1.1手心挂接.txt	之仇	vpiz	vpiz	未知飞键、非音码或读音集合未覆盖；不猜测
鲸凉鹤1.1手心挂接.txt	之愁	vpiz	vpiz	未知飞键、非音码或读音集合未覆盖；不猜测
鲸凉鹤1.1手心挂接.txt	之丑	vpiz	vpiz	未知飞键、非音码或读音集合未覆盖；不猜测
鲸凉鹤1.1手心挂接.txt	之锦	vpjb	vpjb	未知飞键、非音码或读音集合未覆盖；不猜测
鲸凉鹤1.1手心挂接.txt	之紧	vpjb	vpjb	未知飞键、非音码或读音集合未覆盖；不猜测
鲸凉鹤1.1手心挂接.txt	之道	vpjf	vpjf	未知飞键、非音码或读音集合未覆盖；不猜测
鲸凉鹤1.1手心挂接.txt	之际	vpji	vpji	未知飞键、非音码或读音集合未覆盖；不猜测
鲸凉鹤1.1手心挂接.txt	之极	vpji	vpji	未知飞键、非音码或读音集合未覆盖；不猜测
鲸凉鹤1.1手心挂接.txt	之计	vpji	vpji	未知飞键、非音码或读音集合未覆盖；不猜测
鲸凉鹤1.1手心挂接.txt	之境	vpjk	vpjk	未知飞键、非音码或读音集合未覆盖；不猜测
鲸凉鹤1.1手心挂接.txt	之精	vpjk	vpjk	未知飞键、非音码或读音集合未覆盖；不猜测
鲸凉鹤1.1手心挂接.txt	之景	vpjk	vpjk	未知飞键、非音码或读音集合未覆盖；不猜测
鲸凉鹤1.1手心挂接.txt	之江	vpjl	vpjl	未知飞键、非音码或读音集合未覆盖；不猜测
鲸凉鹤1.1手心挂接.txt	之间	vpjm	vpjm	未知飞键、非音码或读音集合未覆盖；不猜测
鲸凉鹤1.1手心挂接.txt	之见	vpjm	vpjm	未知飞键、非音码或读音集合未覆盖；不猜测
鲸凉鹤1.1手心挂接.txt	之剑	vpjm	vpjm	未知飞键、非音码或读音集合未覆盖；不猜测
鲸凉鹤1.1手心挂接.txt	之箭	vpjm	vpjm	未知飞键、非音码或读音集合未覆盖；不猜测
鲸凉鹤1.1手心挂接.txt	之角	vpjn	vpjn	未知飞键、非音码或读音集合未覆盖；不猜测
鲸凉鹤1.1手心挂接.txt	之交	vpjn	vpjn	未知飞键、非音码或读音集合未覆盖；不猜测
鲸凉鹤1.1手心挂接.txt	之脚	vpjn	vpjn	未知飞键、非音码或读音集合未覆盖；不猜测
鲸凉鹤1.1手心挂接.txt	之戒	vpjp	vpjp	未知飞键、非音码或读音集合未覆盖；不猜测
鲸凉鹤1.1手心挂接.txt	之界	vpjp	vpjp	未知飞键、非音码或读音集合未覆盖；不猜测
鲸凉鹤1.1手心挂接.txt	之阶	vpjp	vpjp	未知飞键、非音码或读音集合未覆盖；不猜测
鲸凉鹤1.1手心挂接.txt	之久	vpjq	vpjq	未知飞键、非音码或读音集合未覆盖；不猜测
鲸凉鹤1.1手心挂接.txt	之咎	vpjq	vpjq	未知飞键、非音码或读音集合未覆盖；不猜测
鲸凉鹤1.1手心挂接.txt	之卷	vpjr	vpjr	未知飞键、非音码或读音集合未覆盖；不猜测
鲸凉鹤1.1手心挂接.txt	之绝	vpjt	vpjt	未知飞键、非音码或读音集合未覆盖；不猜测
鲸凉鹤1.1手心挂接.txt	之觉	vpjt	vpjt	未知飞键、非音码或读音集合未覆盖；不猜测
鲸凉鹤1.1手心挂接.txt	之诀	vpjt	vpjt	未知飞键、非音码或读音集合未覆盖；不猜测
鲸凉鹤1.1手心挂接.txt	之举	vpju	vpju	未知飞键、非音码或读音集合未覆盖；不猜测
鲸凉鹤1.1手心挂接.txt	之巨	vpju	vpju	未知飞键、非音码或读音集合未覆盖；不猜测
鲸凉鹤1.1手心挂接.txt	之句	vpju	vpju	未知飞键、非音码或读音集合未覆盖；不猜测
鲸凉鹤1.1手心挂接.txt	之家	vpjx	vpjx	未知飞键、非音码或读音集合未覆盖；不猜测
鲸凉鹤1.1手心挂接.txt	之军	vpjy	vpjy	未知飞键、非音码或读音集合未覆盖；不猜测
鲸凉鹤1.1手心挂接.txt	之君	vpjy	vpjy	未知飞键、非音码或读音集合未覆盖；不猜测
鲸凉鹤1.1手心挂接.txt	之卡	vpka	vpka	未知飞键、非音码或读音集合未覆盖；不猜测
鲸凉鹤1.1手心挂接.txt	之铠	vpkd	vpkd	未知飞键、非音码或读音集合未覆盖；不猜测
鲸凉鹤1.1手心挂接.txt	之客	vpke	vpke	未知飞键、非音码或读音集合未覆盖；不猜测
鲸凉鹤1.1手心挂接.txt	之壳	vpke	vpke	未知飞键、非音码或读音集合未覆盖；不猜测
鲸凉鹤1.1手心挂接.txt	之坑	vpkg	vpkg	未知飞键、非音码或读音集合未覆盖；不猜测
鲸凉鹤1.1手心挂接.txt	之坎	vpkj	vpkj	未知飞键、非音码或读音集合未覆盖；不猜测
鲸凉鹤1.1手心挂接.txt	之快	vpkk	vpkk	未知飞键、非音码或读音集合未覆盖；不猜测
鲸凉鹤1.1手心挂接.txt	之狂	vpkl	vpkl	未知飞键、非音码或读音集合未覆盖；不猜测
鲸凉鹤1.1手心挂接.txt	之阔	vpko	vpko	未知飞键、非音码或读音集合未覆盖；不猜测
鲸凉鹤1.1手心挂接.txt	之宽	vpkr	vpkr	未知飞键、非音码或读音集合未覆盖；不猜测
鲸凉鹤1.1手心挂接.txt	之孔	vpks	vpks	未知飞键、非音码或读音集合未覆盖；不猜测
鲸凉鹤1.1手心挂接.txt	之苦	vpku	vpku	未知飞键、非音码或读音集合未覆盖；不猜测
鲸凉鹤1.1手心挂接.txt	之亏	vpkv	vpkv	未知飞键、非音码或读音集合未覆盖；不猜测
鲸凉鹤1.1手心挂接.txt	之夸	vpkx	vpkx	未知飞键、非音码或读音集合未覆盖；不猜测
鲸凉鹤1.1手心挂接.txt	之困	vpky	vpky	未知飞键、非音码或读音集合未覆盖；不猜测
鲸凉鹤1.1手心挂接.txt	之口	vpkz	vpkz	未知飞键、非音码或读音集合未覆盖；不猜测
鲸凉鹤1.1手心挂接.txt	之拉	vpla	vpla	未知飞键、非音码或读音集合未覆盖；不猜测
鲸凉鹤1.1手心挂接.txt	之林	vplb	vplb	未知飞键、非音码或读音集合未覆盖；不猜测
鲸凉鹤1.1手心挂接.txt	之麟	vplb	vplb	未知飞键、非音码或读音集合未覆盖；不猜测
鲸凉鹤1.1手心挂接.txt	之劳	vplc	vplc	未知飞键、非音码或读音集合未覆盖；不猜测
鲸凉鹤1.1手心挂接.txt	之老	vplc	vplc	未知飞键、非音码或读音集合未覆盖；不猜测
鲸凉鹤1.1手心挂接.txt	之赖	vpld	vpld	未知飞键、非音码或读音集合未覆盖；不猜测
鲸凉鹤1.1手心挂接.txt	之列	vplf	vplf	未知飞键、非音码或读音集合未覆盖；不猜测
鲸凉鹤1.1手心挂接.txt	之烈	vplf	vplf	未知飞键、非音码或读音集合未覆盖；不猜测
鲸凉鹤1.1手心挂接.txt	之劣	vplf	vplf	未知飞键、非音码或读音集合未覆盖；不猜测
鲸凉鹤1.1手心挂接.txt	之冷	vplg	vplg	未知飞键、非音码或读音集合未覆盖；不猜测
鲸凉鹤1.1手心挂接.txt	之愣	vplg	vplg	未知飞键、非音码或读音集合未覆盖；不猜测
鲸凉鹤1.1手心挂接.txt	之狼	vplh	vplh	未知飞键、非音码或读音集合未覆盖；不猜测
鲸凉鹤1.1手心挂接.txt	之力	vpli	vpli	未知飞键、非音码或读音集合未覆盖；不猜测
鲸凉鹤1.1手心挂接.txt	之理	vpli	vpli	未知飞键、非音码或读音集合未覆盖；不猜测
鲸凉鹤1.1手心挂接.txt	之礼	vpli	vpli	未知飞键、非音码或读音集合未覆盖；不猜测
鲸凉鹤1.1手心挂接.txt	之利	vpli	vpli	未知飞键、非音码或读音集合未覆盖；不猜测
鲸凉鹤1.1手心挂接.txt	之烂	vplj	vplj	未知飞键、非音码或读音集合未覆盖；不猜测
鲸凉鹤1.1手心挂接.txt	之蓝	vplj	vplj	未知飞键、非音码或读音集合未覆盖；不猜测
鲸凉鹤1.1手心挂接.txt	之令	vplk	vplk	未知飞键、非音码或读音集合未覆盖；不猜测
鲸凉鹤1.1手心挂接.txt	之灵	vplk	vplk	未知飞键、非音码或读音集合未覆盖；不猜测
鲸凉鹤1.1手心挂接.txt	之亮	vpll	vpll	未知飞键、非音码或读音集合未覆盖；不猜测
鲸凉鹤1.1手心挂接.txt	之恋	vplm	vplm	未知飞键、非音码或读音集合未覆盖；不猜测
鲸凉鹤1.1手心挂接.txt	之脸	vplm	vplm	未知飞键、非音码或读音集合未覆盖；不猜测
鲸凉鹤1.1手心挂接.txt	之料	vpln	vpln	未知飞键、非音码或读音集合未覆盖；不猜测
鲸凉鹤1.1手心挂接.txt	之列	vplp	vplp	未知飞键、非音码或读音集合未覆盖；不猜测
鲸凉鹤1.1手心挂接.txt	之烈	vplp	vplp	未知飞键、非音码或读音集合未覆盖；不猜测
鲸凉鹤1.1手心挂接.txt	之劣	vplp	vplp	未知飞键、非音码或读音集合未覆盖；不猜测
鲸凉鹤1.1手心挂接.txt	之流	vplq	vplq	未知飞键、非音码或读音集合未覆盖；不猜测
鲸凉鹤1.1手心挂接.txt	之六	vplq	vplq	未知飞键、非音码或读音集合未覆盖；不猜测
鲸凉鹤1.1手心挂接.txt	之乱	vplr	vplr	未知飞键、非音码或读音集合未覆盖；不猜测
鲸凉鹤1.1手心挂接.txt	之龙	vpls	vpls	未知飞键、非音码或读音集合未覆盖；不猜测
鲸凉鹤1.1手心挂接.txt	之略	vplt	vplt	未知飞键、非音码或读音集合未覆盖；不猜测
鲸凉鹤1.1手心挂接.txt	之路	vplu	vplu	未知飞键、非音码或读音集合未覆盖；不猜测
鲸凉鹤1.1手心挂接.txt	之陆	vplu	vplu	未知飞键、非音码或读音集合未覆盖；不猜测
鲸凉鹤1.1手心挂接.txt	之旅	vplv	vplv	未知飞键、非音码或读音集合未覆盖；不猜测
鲸凉鹤1.1手心挂接.txt	之虑	vplv	vplv	未知飞键、非音码或读音集合未覆盖；不猜测
鲸凉鹤1.1手心挂接.txt	之类	vplw	vplw	未知飞键、非音码或读音集合未覆盖；不猜测
鲸凉鹤1.1手心挂接.txt	之泪	vplw	vplw	未知飞键、非音码或读音集合未覆盖；不猜测
鲸凉鹤1.1手心挂接.txt	之论	vply	vply	未知飞键、非音码或读音集合未覆盖；不猜测
鲸凉鹤1.1手心挂接.txt	之轮	vply	vply	未知飞键、非音码或读音集合未覆盖；不猜测
鲸凉鹤1.1手心挂接.txt	之露	vplz	vplz	未知飞键、非音码或读音集合未覆盖；不猜测
鲸凉鹤1.1手心挂接.txt	之嘛	vpma	vpma	未知飞键、非音码或读音集合未覆盖；不猜测
鲸凉鹤1.1手心挂接.txt	之民	vpmb	vpmb	未知飞键、非音码或读音集合未覆盖；不猜测
鲸凉鹤1.1手心挂接.txt	之矛	vpmc	vpmc	未知飞键、非音码或读音集合未覆盖；不猜测
鲸凉鹤1.1手心挂接.txt	之猫	vpmc	vpmc	未知飞键、非音码或读音集合未覆盖；不猜测
鲸凉鹤1.1手心挂接.txt	之脉	vpmd	vpmd	未知飞键、非音码或读音集合未覆盖；不猜测
鲸凉鹤1.1手心挂接.txt	之门	vpmf	vpmf	未知飞键、非音码或读音集合未覆盖；不猜测
鲸凉鹤1.1手心挂接.txt	之梦	vpmg	vpmg	未知飞键、非音码或读音集合未覆盖；不猜测
鲸凉鹤1.1手心挂接.txt	之猛	vpmg	vpmg	未知飞键、非音码或读音集合未覆盖；不猜测
鲸凉鹤1.1手心挂接.txt	之忙	vpmh	vpmh	未知飞键、非音码或读音集合未覆盖；不猜测
鲸凉鹤1.1手心挂接.txt	之莽	vpmh	vpmh	未知飞键、非音码或读音集合未覆盖；不猜测
鲸凉鹤1.1手心挂接.txt	之谜	vpmi	vpmi	未知飞键、非音码或读音集合未覆盖；不猜测
鲸凉鹤1.1手心挂接.txt	之秘	vpmi	vpmi	未知飞键、非音码或读音集合未覆盖；不猜测
鲸凉鹤1.1手心挂接.txt	之满	vpmj	vpmj	未知飞键、非音码或读音集合未覆盖；不猜测
鲸凉鹤1.1手心挂接.txt	之慢	vpmj	vpmj	未知飞键、非音码或读音集合未覆盖；不猜测
鲸凉鹤1.1手心挂接.txt	之蛮	vpmj	vpmj	未知飞键、非音码或读音集合未覆盖；不猜测
鲸凉鹤1.1手心挂接.txt	之名	vpmk	vpmk	未知飞键、非音码或读音集合未覆盖；不猜测
鲸凉鹤1.1手心挂接.txt	之命	vpmk	vpmk	未知飞键、非音码或读音集合未覆盖；不猜测
鲸凉鹤1.1手心挂接.txt	之鸣	vpmk	vpmk	未知飞键、非音码或读音集合未覆盖；不猜测
鲸凉鹤1.1手心挂接.txt	之面	vpmm	vpmm	未知飞键、非音码或读音集合未覆盖；不猜测
鲸凉鹤1.1手心挂接.txt	之妙	vpmn	vpmn	未知飞键、非音码或读音集合未覆盖；不猜测
鲸凉鹤1.1手心挂接.txt	之末	vpmo	vpmo	未知飞键、非音码或读音集合未覆盖；不猜测
鲸凉鹤1.1手心挂接.txt	之魔	vpmo	vpmo	未知飞键、非音码或读音集合未覆盖；不猜测
鲸凉鹤1.1手心挂接.txt	之灭	vpmp	vpmp	未知飞键、非音码或读音集合未覆盖；不猜测
鲸凉鹤1.1手心挂接.txt	之谬	vpmq	vpmq	未知飞键、非音码或读音集合未覆盖；不猜测
鲸凉鹤1.1手心挂接.txt	之满	vpmr	vpmr	未知飞键、非音码或读音集合未覆盖；不猜测
鲸凉鹤1.1手心挂接.txt	之慢	vpmr	vpmr	未知飞键、非音码或读音集合未覆盖；不猜测
鲸凉鹤1.1手心挂接.txt	之蛮	vpmr	vpmr	未知飞键、非音码或读音集合未覆盖；不猜测
鲸凉鹤1.1手心挂接.txt	之母	vpmu	vpmu	未知飞键、非音码或读音集合未覆盖；不猜测
鲸凉鹤1.1手心挂接.txt	之墓	vpmu	vpmu	未知飞键、非音码或读音集合未覆盖；不猜测
鲸凉鹤1.1手心挂接.txt	之美	vpmw	vpmw	未知飞键、非音码或读音集合未覆盖；不猜测
鲸凉鹤1.1手心挂接.txt	之妹	vpmw	vpmw	未知飞键、非音码或读音集合未覆盖；不猜测
鲸凉鹤1.1手心挂接.txt	之谋	vpmz	vpmz	未知飞键、非音码或读音集合未覆盖；不猜测
鲸凉鹤1.1手心挂接.txt	之眸	vpmz	vpmz	未知飞键、非音码或读音集合未覆盖；不猜测
鲸凉鹤1.1手心挂接.txt	之脑	vpnc	vpnc	未知飞键、非音码或读音集合未覆盖；不猜测
鲸凉鹤1.1手心挂接.txt	之闹	vpnc	vpnc	未知飞键、非音码或读音集合未覆盖；不猜测
鲸凉鹤1.1手心挂接.txt	之奶	vpnd	vpnd	未知飞键、非音码或读音集合未覆盖；不猜测
鲸凉鹤1.1手心挂接.txt	之嫩	vpnf	vpnf	未知飞键、非音码或读音集合未覆盖；不猜测
鲸凉鹤1.1手心挂接.txt	之能	vpng	vpng	未知飞键、非音码或读音集合未覆盖；不猜测
鲸凉鹤1.1手心挂接.txt	之腻	vpni	vpni	未知飞键、非音码或读音集合未覆盖；不猜测
鲸凉鹤1.1手心挂接.txt	之难	vpnj	vpnj	未知飞键、非音码或读音集合未覆盖；不猜测
鲸凉鹤1.1手心挂接.txt	之南	vpnj	vpnj	未知飞键、非音码或读音集合未覆盖；不猜测
鲸凉鹤1.1手心挂接.txt	之娘	vpnl	vpnl	未知飞键、非音码或读音集合未覆盖；不猜测
鲸凉鹤1.1手心挂接.txt	之念	vpnm	vpnm	未知飞键、非音码或读音集合未覆盖；不猜测
鲸凉鹤1.1手心挂接.txt	之年	vpnm	vpnm	未知飞键、非音码或读音集合未覆盖；不猜测
鲸凉鹤1.1手心挂接.txt	之鸟	vpnn	vpnn	未知飞键、非音码或读音集合未覆盖；不猜测
鲸凉鹤1.1手心挂接.txt	之诺	vpno	vpno	未知飞键、非音码或读音集合未覆盖；不猜测
鲸凉鹤1.1手心挂接.txt	之糯	vpno	vpno	未知飞键、非音码或读音集合未覆盖；不猜测
鲸凉鹤1.1手心挂接.txt	之牛	vpnq	vpnq	未知飞键、非音码或读音集合未覆盖；不猜测
鲸凉鹤1.1手心挂接.txt	之妞	vpnq	vpnq	未知飞键、非音码或读音集合未覆盖；不猜测
鲸凉鹤1.1手心挂接.txt	之暖	vpnr	vpnr	未知飞键、非音码或读音集合未覆盖；不猜测
鲸凉鹤1.1手心挂接.txt	之浓	vpns	vpns	未知飞键、非音码或读音集合未覆盖；不猜测
鲸凉鹤1.1手心挂接.txt	之虐	vpnt	vpnt	未知飞键、非音码或读音集合未覆盖；不猜测
鲸凉鹤1.1手心挂接.txt	之怒	vpnu	vpnu	未知飞键、非音码或读音集合未覆盖；不猜测
鲸凉鹤1.1手心挂接.txt	之奴	vpnu	vpnu	未知飞键、非音码或读音集合未覆盖；不猜测
鲸凉鹤1.1手心挂接.txt	之弩	vpnu	vpnu	未知飞键、非音码或读音集合未覆盖；不猜测
鲸凉鹤1.1手心挂接.txt	之女	vpnv	vpnv	未知飞键、非音码或读音集合未覆盖；不猜测
鲸凉鹤1.1手心挂接.txt	之内	vpnw	vpnw	未知飞键、非音码或读音集合未覆盖；不猜测
鲸凉鹤1.1手心挂接.txt	之欧	vpoo	vpoo	未知飞键、非音码或读音集合未覆盖；不猜测
鲸凉鹤1.1手心挂接.txt	之怕	vppa	vppa	未知飞键、非音码或读音集合未覆盖；不猜测
鲸凉鹤1.1手心挂接.txt	之品	vppb	vppb	未知飞键、非音码或读音集合未覆盖；不猜测
鲸凉鹤1.1手心挂接.txt	之拼	vppb	vppb	未知飞键、非音码或读音集合未覆盖；不猜测
鲸凉鹤1.1手心挂接.txt	之贫	vppb	vppb	未知飞键、非音码或读音集合未覆盖；不猜测
鲸凉鹤1.1手心挂接.txt	之牌	vppd	vppd	未知飞键、非音码或读音集合未覆盖；不猜测
鲸凉鹤1.1手心挂接.txt	之派	vppd	vppd	未知飞键、非音码或读音集合未覆盖；不猜测
鲸凉鹤1.1手心挂接.txt	之皮	vppe	vppe	未知飞键、非音码或读音集合未覆盖；不猜测
鲸凉鹤1.1手心挂接.txt	之朋	vppg	vppg	未知飞键、非音码或读音集合未覆盖；不猜测
鲸凉鹤1.1手心挂接.txt	之旁	vpph	vpph	未知飞键、非音码或读音集合未覆盖；不猜测
鲸凉鹤1.1手心挂接.txt	之胖	vpph	vpph	未知飞键、非音码或读音集合未覆盖；不猜测
鲸凉鹤1.1手心挂接.txt	之皮	vppi	vppi	未知飞键、非音码或读音集合未覆盖；不猜测
鲸凉鹤1.1手心挂接.txt	之畔	vppj	vppj	未知飞键、非音码或读音集合未覆盖；不猜测
鲸凉鹤1.1手心挂接.txt	之凭	vppk	vppk	未知飞键、非音码或读音集合未覆盖；不猜测
鲸凉鹤1.1手心挂接.txt	之篇	vppm	vppm	未知飞键、非音码或读音集合未覆盖；不猜测
鲸凉鹤1.1手心挂接.txt	之票	vppn	vppn	未知飞键、非音码或读音集合未覆盖；不猜测
鲸凉鹤1.1手心挂接.txt	之魄	vppo	vppo	未知飞键、非音码或读音集合未覆盖；不猜测
鲸凉鹤1.1手心挂接.txt	之破	vppo	vppo	未知飞键、非音码或读音集合未覆盖；不猜测
鲸凉鹤1.1手心挂接.txt	之瞥	vppp	vppp	未知飞键、非音码或读音集合未覆盖；不猜测
鲸凉鹤1.1手心挂接.txt	之魄	vpps	vpps	未知飞键、非音码或读音集合未覆盖；不猜测
鲸凉鹤1.1手心挂接.txt	之破	vpps	vpps	未知飞键、非音码或读音集合未覆盖；不猜测
鲸凉鹤1.1手心挂接.txt	之谱	vppu	vppu	未知飞键、非音码或读音集合未覆盖；不猜测
鲸凉鹤1.1手心挂接.txt	之沛	vppw	vppw	未知飞键、非音码或读音集合未覆盖；不猜测
鲸凉鹤1.1手心挂接.txt	之亲	vpqb	vpqb	未知飞键、非音码或读音集合未覆盖；不猜测
鲸凉鹤1.1手心挂接.txt	之气	vpqi	vpqi	未知飞键、非音码或读音集合未覆盖；不猜测
鲸凉鹤1.1手心挂接.txt	之期	vpqi	vpqi	未知飞键、非音码或读音集合未覆盖；不猜测
鲸凉鹤1.1手心挂接.txt	之妻	vpqi	vpqi	未知飞键、非音码或读音集合未覆盖；不猜测
鲸凉鹤1.1手心挂接.txt	之奇	vpqi	vpqi	未知飞键、非音码或读音集合未覆盖；不猜测
鲸凉鹤1.1手心挂接.txt	之情	vpqk	vpqk	未知飞键、非音码或读音集合未覆盖；不猜测
鲸凉鹤1.1手心挂接.txt	之轻	vpqk	vpqk	未知飞键、非音码或读音集合未覆盖；不猜测
鲸凉鹤1.1手心挂接.txt	之强	vpql	vpql	未知飞键、非音码或读音集合未覆盖；不猜测
鲸凉鹤1.1手心挂接.txt	之墙	vpql	vpql	未知飞键、非音码或读音集合未覆盖；不猜测
鲸凉鹤1.1手心挂接.txt	之前	vpqm	vpqm	未知飞键、非音码或读音集合未覆盖；不猜测
鲸凉鹤1.1手心挂接.txt	之浅	vpqm	vpqm	未知飞键、非音码或读音集合未覆盖；不猜测
鲸凉鹤1.1手心挂接.txt	之桥	vpqn	vpqn	未知飞键、非音码或读音集合未覆盖；不猜测
鲸凉鹤1.1手心挂接.txt	之巧	vpqn	vpqn	未知飞键、非音码或读音集合未覆盖；不猜测
鲸凉鹤1.1手心挂接.txt	之切	vpqp	vpqp	未知飞键、非音码或读音集合未覆盖；不猜测
鲸凉鹤1.1手心挂接.txt	之妾	vpqp	vpqp	未知飞键、非音码或读音集合未覆盖；不猜测
鲸凉鹤1.1手心挂接.txt	之秋	vpqq	vpqq	未知飞键、非音码或读音集合未覆盖；不猜测
鲸凉鹤1.1手心挂接.txt	之求	vpqq	vpqq	未知飞键、非音码或读音集合未覆盖；不猜测
鲸凉鹤1.1手心挂接.txt	之泉	vpqr	vpqr	未知飞键、非音码或读音集合未覆盖；不猜测
鲸凉鹤1.1手心挂接.txt	之拳	vpqr	vpqr	未知飞键、非音码或读音集合未覆盖；不猜测
鲸凉鹤1.1手心挂接.txt	之穷	vpqs	vpqs	未知飞键、非音码或读音集合未覆盖；不猜测
鲸凉鹤1.1手心挂接.txt	之缺	vpqt	vpqt	未知飞键、非音码或读音集合未覆盖；不猜测
鲸凉鹤1.1手心挂接.txt	之雀	vpqt	vpqt	未知飞键、非音码或读音集合未覆盖；不猜测
鲸凉鹤1.1手心挂接.txt	之躯	vpqu	vpqu	未知飞键、非音码或读音集合未覆盖；不猜测
鲸凉鹤1.1手心挂接.txt	之曲	vpqu	vpqu	未知飞键、非音码或读音集合未覆盖；不猜测
鲸凉鹤1.1手心挂接.txt	之趣	vpqu	vpqu	未知飞键、非音码或读音集合未覆盖；不猜测
鲸凉鹤1.1手心挂接.txt	之群	vpqy	vpqy	未知飞键、非音码或读音集合未覆盖；不猜测
鲸凉鹤1.1手心挂接.txt	之扰	vprc	vprc	未知飞键、非音码或读音集合未覆盖；不猜测
鲸凉鹤1.1手心挂接.txt	之绕	vprc	vprc	未知飞键、非音码或读音集合未覆盖；不猜测
鲸凉鹤1.1手心挂接.txt	之热	vpre	vpre	未知飞键、非音码或读音集合未覆盖；不猜测
鲸凉鹤1.1手心挂接.txt	之人	vprf	vprf	未知飞键、非音码或读音集合未覆盖；不猜测
鲸凉鹤1.1手心挂接.txt	之刃	vprf	vprf	未知飞键、非音码或读音集合未覆盖；不猜测
鲸凉鹤1.1手心挂接.txt	之日	vpri	vpri	未知飞键、非音码或读音集合未覆盖；不猜测
鲸凉鹤1.1手心挂接.txt	之然	vprj	vprj	未知飞键、非音码或读音集合未覆盖；不猜测
鲸凉鹤1.1手心挂接.txt	之燃	vprj	vprj	未知飞键、非音码或读音集合未覆盖；不猜测
鲸凉鹤1.1手心挂接.txt	之若	vpro	vpro	未知飞键、非音码或读音集合未覆盖；不猜测
鲸凉鹤1.1手心挂接.txt	之弱	vpro	vpro	未知飞键、非音码或读音集合未覆盖；不猜测
鲸凉鹤1.1手心挂接.txt	之软	vprr	vprr	未知飞键、非音码或读音集合未覆盖；不猜测
鲸凉鹤1.1手心挂接.txt	之荣	vprs	vprs	未知飞键、非音码或读音集合未覆盖；不猜测
鲸凉鹤1.1手心挂接.txt	之容	vprs	vprs	未知飞键、非音码或读音集合未覆盖；不猜测
鲸凉鹤1.1手心挂接.txt	之辱	vpru	vpru	未知飞键、非音码或读音集合未覆盖；不猜测
鲸凉鹤1.1手心挂接.txt	之润	vpry	vpry	未知飞键、非音码或读音集合未覆盖；不猜测
鲸凉鹤1.1手心挂接.txt	之柔	vprz	vprz	未知飞键、非音码或读音集合未覆盖；不猜测
鲸凉鹤1.1手心挂接.txt	之飒	vpsa	vpsa	未知飞键、非音码或读音集合未覆盖；不猜测
鲸凉鹤1.1手心挂接.txt	之嫂	vpsc	vpsc	未知飞键、非音码或读音集合未覆盖；不猜测
鲸凉鹤1.1手心挂接.txt	之色	vpse	vpse	未知飞键、非音码或读音集合未覆盖；不猜测
鲸凉鹤1.1手心挂接.txt	之涩	vpse	vpse	未知飞键、非音码或读音集合未覆盖；不猜测
鲸凉鹤1.1手心挂接.txt	之森	vpsf	vpsf	未知飞键、非音码或读音集合未覆盖；不猜测
鲸凉鹤1.1手心挂接.txt	之僧	vpsg	vpsg	未知飞键、非音码或读音集合未覆盖；不猜测
鲸凉鹤1.1手心挂接.txt	之丧	vpsh	vpsh	未知飞键、非音码或读音集合未覆盖；不猜测
鲸凉鹤1.1手心挂接.txt	之死	vpsi	vpsi	未知飞键、非音码或读音集合未覆盖；不猜测
鲸凉鹤1.1手心挂接.txt	之四	vpsi	vpsi	未知飞键、非音码或读音集合未覆盖；不猜测
鲸凉鹤1.1手心挂接.txt	之思	vpsi	vpsi	未知飞键、非音码或读音集合未覆盖；不猜测
鲸凉鹤1.1手心挂接.txt	之寺	vpsi	vpsi	未知飞键、非音码或读音集合未覆盖；不猜测
鲸凉鹤1.1手心挂接.txt	之三	vpsj	vpsj	未知飞键、非音码或读音集合未覆盖；不猜测
鲸凉鹤1.1手心挂接.txt	之所	vpso	vpso	未知飞键、非音码或读音集合未覆盖；不猜测
鲸凉鹤1.1手心挂接.txt	之算	vpsr	vpsr	未知飞键、非音码或读音集合未覆盖；不猜测
鲸凉鹤1.1手心挂接.txt	之酸	vpsr	vpsr	未知飞键、非音码或读音集合未覆盖；不猜测
鲸凉鹤1.1手心挂接.txt	之颂	vpss	vpss	未知飞键、非音码或读音集合未覆盖；不猜测
鲸凉鹤1.1手心挂接.txt	之速	vpsu	vpsu	未知飞键、非音码或读音集合未覆盖；不猜测
鲸凉鹤1.1手心挂接.txt	之诉	vpsu	vpsu	未知飞键、非音码或读音集合未覆盖；不猜测
鲸凉鹤1.1手心挂接.txt	之岁	vpsv	vpsv	未知飞键、非音码或读音集合未覆盖；不猜测
鲸凉鹤1.1手心挂接.txt	之孙	vpsy	vpsy	未知飞键、非音码或读音集合未覆盖；不猜测
鲸凉鹤1.1手心挂接.txt	之叟	vpsz	vpsz	未知飞键、非音码或读音集合未覆盖；不猜测
鲸凉鹤1.1手心挂接.txt	之塔	vpta	vpta	未知飞键、非音码或读音集合未覆盖；不猜测
鲸凉鹤1.1手心挂接.txt	之态	vptd	vptd	未知飞键、非音码或读音集合未覆盖；不猜测
鲸凉鹤1.1手心挂接.txt	之台	vptd	vptd	未知飞键、非音码或读音集合未覆盖；不猜测
鲸凉鹤1.1手心挂接.txt	之特	vpte	vpte	未知飞键、非音码或读音集合未覆盖；不猜测
鲸凉鹤1.1手心挂接.txt	之疼	vptg	vptg	未知飞键、非音码或读音集合未覆盖；不猜测
鲸凉鹤1.1手心挂接.txt	之烫	vpth	vpth	未知飞键、非音码或读音集合未覆盖；不猜测
鲸凉鹤1.1手心挂接.txt	之体	vpti	vpti	未知飞键、非音码或读音集合未覆盖；不猜测
鲸凉鹤1.1手心挂接.txt	之题	vpti	vpti	未知飞键、非音码或读音集合未覆盖；不猜测
鲸凉鹤1.1手心挂接.txt	之谈	vptj	vptj	未知飞键、非音码或读音集合未覆盖；不猜测
鲸凉鹤1.1手心挂接.txt	之甜	vptm	vptm	未知飞键、非音码或读音集合未覆盖；不猜测
鲸凉鹤1.1手心挂接.txt	之跳	vptn	vptn	未知飞键、非音码或读音集合未覆盖；不猜测
鲸凉鹤1.1手心挂接.txt	之托	vpto	vpto	未知飞键、非音码或读音集合未覆盖；不猜测
鲸凉鹤1.1手心挂接.txt	之铁	vptp	vptp	未知飞键、非音码或读音集合未覆盖；不猜测
鲸凉鹤1.1手心挂接.txt	之团	vptr	vptr	未知飞键、非音码或读音集合未覆盖；不猜测
鲸凉鹤1.1手心挂接.txt	之痛	vpts	vpts	未知飞键、非音码或读音集合未覆盖；不猜测
鲸凉鹤1.1手心挂接.txt	之徒	vptu	vptu	未知飞键、非音码或读音集合未覆盖；不猜测
鲸凉鹤1.1手心挂接.txt	之土	vptu	vptu	未知飞键、非音码或读音集合未覆盖；不猜测
鲸凉鹤1.1手心挂接.txt	之图	vptu	vptu	未知飞键、非音码或读音集合未覆盖；不猜测
鲸凉鹤1.1手心挂接.txt	之腿	vptv	vptv	未知飞键、非音码或读音集合未覆盖；不猜测
鲸凉鹤1.1手心挂接.txt	之颓	vptv	vptv	未知飞键、非音码或读音集合未覆盖；不猜测
鲸凉鹤1.1手心挂接.txt	之臀	vpty	vpty	未知飞键、非音码或读音集合未覆盖；不猜测
鲸凉鹤1.1手心挂接.txt	之头	vptz	vptz	未知飞键、非音码或读音集合未覆盖；不猜测
鲸凉鹤1.1手心挂接.txt	之傻	vpua	vpua	未知飞键、非音码或读音集合未覆盖；不猜测
鲸凉鹤1.1手心挂接.txt	之煞	vpua	vpua	未知飞键、非音码或读音集合未覆盖；不猜测
鲸凉鹤1.1手心挂接.txt	之少	vpuc	vpuc	未知飞键、非音码或读音集合未覆盖；不猜测
鲸凉鹤1.1手心挂接.txt	之晒	vpud	vpud	未知飞键、非音码或读音集合未覆盖；不猜测
鲸凉鹤1.1手心挂接.txt	之蛇	vpue	vpue	未知飞键、非音码或读音集合未覆盖；不猜测
鲸凉鹤1.1手心挂接.txt	之神	vpuf	vpuf	未知飞键、非音码或读音集合未覆盖；不猜测
鲸凉鹤1.1手心挂接.txt	之深	vpuf	vpuf	未知飞键、非音码或读音集合未覆盖；不猜测
鲸凉鹤1.1手心挂接.txt	之身	vpuf	vpuf	未知飞键、非音码或读音集合未覆盖；不猜测
鲸凉鹤1.1手心挂接.txt	之声	vpug	vpug	未知飞键、非音码或读音集合未覆盖；不猜测
鲸凉鹤1.1手心挂接.txt	之盛	vpug	vpug	未知飞键、非音码或读音集合未覆盖；不猜测
鲸凉鹤1.1手心挂接.txt	之上	vpuh	vpuh	未知飞键、非音码或读音集合未覆盖；不猜测
鲸凉鹤1.1手心挂接.txt	之殇	vpuh	vpuh	未知飞键、非音码或读音集合未覆盖；不猜测
鲸凉鹤1.1手心挂接.txt	之伤	vpuh	vpuh	未知飞键、非音码或读音集合未覆盖；不猜测
鲸凉鹤1.1手心挂接.txt	之时	vpui	vpui	未知飞键、非音码或读音集合未覆盖；不猜测
鲸凉鹤1.1手心挂接.txt	之事	vpui	vpui	未知飞键、非音码或读音集合未覆盖；不猜测
鲸凉鹤1.1手心挂接.txt	之势	vpui	vpui	未知飞键、非音码或读音集合未覆盖；不猜测
鲸凉鹤1.1手心挂接.txt	之士	vpui	vpui	未知飞键、非音码或读音集合未覆盖；不猜测
鲸凉鹤1.1手心挂接.txt	之山	vpuj	vpuj	未知飞键、非音码或读音集合未覆盖；不猜测
鲸凉鹤1.1手心挂接.txt	之善	vpuj	vpuj	未知飞键、非音码或读音集合未覆盖；不猜测
鲸凉鹤1.1手心挂接.txt	之帅	vpuk	vpuk	未知飞键、非音码或读音集合未覆盖；不猜测
鲸凉鹤1.1手心挂接.txt	之衰	vpuk	vpuk	未知飞键、非音码或读音集合未覆盖；不猜测
鲸凉鹤1.1手心挂接.txt	之双	vpul	vpul	未知飞键、非音码或读音集合未覆盖；不猜测
鲸凉鹤1.1手心挂接.txt	之爽	vpul	vpul	未知飞键、非音码或读音集合未覆盖；不猜测
鲸凉鹤1.1手心挂接.txt	之说	vpuo	vpuo	未知飞键、非音码或读音集合未覆盖；不猜测
鲸凉鹤1.1手心挂接.txt	之山	vpus	vpus	未知飞键、非音码或读音集合未覆盖；不猜测
鲸凉鹤1.1手心挂接.txt	之善	vpus	vpus	未知飞键、非音码或读音集合未覆盖；不猜测
鲸凉鹤1.1手心挂接.txt	之数	vpuu	vpuu	未知飞键、非音码或读音集合未覆盖；不猜测
鲸凉鹤1.1手心挂接.txt	之术	vpuu	vpuu	未知飞键、非音码或读音集合未覆盖；不猜测
鲸凉鹤1.1手心挂接.txt	之书	vpuu	vpuu	未知飞键、非音码或读音集合未覆盖；不猜测
鲸凉鹤1.1手心挂接.txt	之树	vpuu	vpuu	未知飞键、非音码或读音集合未覆盖；不猜测
鲸凉鹤1.1手心挂接.txt	之水	vpuv	vpuv	未知飞键、非音码或读音集合未覆盖；不猜测
鲸凉鹤1.1手心挂接.txt	之顺	vpuy	vpuy	未知飞键、非音码或读音集合未覆盖；不猜测
鲸凉鹤1.1手心挂接.txt	之瞬	vpuy	vpuy	未知飞键、非音码或读音集合未覆盖；不猜测
鲸凉鹤1.1手心挂接.txt	之舜	vpuy	vpuy	未知飞键、非音码或读音集合未覆盖；不猜测
鲸凉鹤1.1手心挂接.txt	之首	vpuz	vpuz	未知飞键、非音码或读音集合未覆盖；不猜测
鲸凉鹤1.1手心挂接.txt	之手	vpuz	vpuz	未知飞键、非音码或读音集合未覆盖；不猜测
鲸凉鹤1.1手心挂接.txt	之渣	vpva	vpva	未知飞键、非音码或读音集合未覆盖；不猜测
鲸凉鹤1.1手心挂接.txt	之诏	vpvc	vpvc	未知飞键、非音码或读音集合未覆盖；不猜测
鲸凉鹤1.1手心挂接.txt	之爪	vpvc	vpvc	未知飞键、非音码或读音集合未覆盖；不猜测
鲸凉鹤1.1手心挂接.txt	之者	vpve	vpve	未知飞键、非音码或读音集合未覆盖；不猜测
鲸凉鹤1.1手心挂接.txt	之阵	vpvf	vpvf	未知飞键、非音码或读音集合未覆盖；不猜测
鲸凉鹤1.1手心挂接.txt	之镇	vpvf	vpvf	未知飞键、非音码或读音集合未覆盖；不猜测
鲸凉鹤1.1手心挂接.txt	之争	vpvg	vpvg	未知飞键、非音码或读音集合未覆盖；不猜测
鲸凉鹤1.1手心挂接.txt	之证	vpvg	vpvg	未知飞键、非音码或读音集合未覆盖；不猜测
鲸凉鹤1.1手心挂接.txt	之政	vpvg	vpvg	未知飞键、非音码或读音集合未覆盖；不猜测
鲸凉鹤1.1手心挂接.txt	之长	vpvh	vpvh	未知飞键、非音码或读音集合未覆盖；不猜测
鲸凉鹤1.1手心挂接.txt	之杖	vpvh	vpvh	未知飞键、非音码或读音集合未覆盖；不猜测
鲸凉鹤1.1手心挂接.txt	之章	vpvh	vpvh	未知飞键、非音码或读音集合未覆盖；不猜测
鲸凉鹤1.1手心挂接.txt	之掌	vpvh	vpvh	未知飞键、非音码或读音集合未覆盖；不猜测
鲸凉鹤1.1手心挂接.txt	之至	vpvi	vpvi	未知飞键、非音码或读音集合未覆盖；不猜测
鲸凉鹤1.1手心挂接.txt	之志	vpvi	vpvi	未知飞键、非音码或读音集合未覆盖；不猜测
鲸凉鹤1.1手心挂接.txt	之职	vpvi	vpvi	未知飞键、非音码或读音集合未覆盖；不猜测
鲸凉鹤1.1手心挂接.txt	之战	vpvj	vpvj	未知飞键、非音码或读音集合未覆盖；不猜测
鲸凉鹤1.1手心挂接.txt	之斩	vpvj	vpvj	未知飞键、非音码或读音集合未覆盖；不猜测
鲸凉鹤1.1手心挂接.txt	之争	vpvk	vpvk	未知飞键、非音码或读音集合未覆盖；不猜测
鲸凉鹤1.1手心挂接.txt	之证	vpvk	vpvk	未知飞键、非音码或读音集合未覆盖；不猜测
鲸凉鹤1.1手心挂接.txt	之政	vpvk	vpvk	未知飞键、非音码或读音集合未覆盖；不猜测
鲸凉鹤1.1手心挂接.txt	之状	vpvl	vpvl	未知飞键、非音码或读音集合未覆盖；不猜测
鲸凉鹤1.1手心挂接.txt	之壮	vpvl	vpvl	未知飞键、非音码或读音集合未覆盖；不猜测
鲸凉鹤1.1手心挂接.txt	之拙	vpvo	vpvo	未知飞键、非音码或读音集合未覆盖；不猜测
鲸凉鹤1.1手心挂接.txt	之传	vpvr	vpvr	未知飞键、非音码或读音集合未覆盖；不猜测
鲸凉鹤1.1手心挂接.txt	之中	vpvs	vpvs	未知飞键、非音码或读音集合未覆盖；不猜测
鲸凉鹤1.1手心挂接.txt	之众	vpvs	vpvs	未知飞键、非音码或读音集合未覆盖；不猜测
鲸凉鹤1.1手心挂接.txt	之重	vpvs	vpvs	未知飞键、非音码或读音集合未覆盖；不猜测
鲸凉鹤1.1手心挂接.txt	之主	vpvu	vpvu	未知飞键、非音码或读音集合未覆盖；不猜测
鲸凉鹤1.1手心挂接.txt	之珠	vpvu	vpvu	未知飞键、非音码或读音集合未覆盖；不猜测
鲸凉鹤1.1手心挂接.txt	之爪	vpvx	vpvx	未知飞键、非音码或读音集合未覆盖；不猜测
鲸凉鹤1.1手心挂接.txt	之准	vpvy	vpvy	未知飞键、非音码或读音集合未覆盖；不猜测
鲸凉鹤1.1手心挂接.txt	之舟	vpvz	vpvz	未知飞键、非音码或读音集合未覆盖；不猜测
鲸凉鹤1.1手心挂接.txt	之周	vpvz	vpvz	未知飞键、非音码或读音集合未覆盖；不猜测
鲸凉鹤1.1手心挂接.txt	之娃	vpwa	vpwa	未知飞键、非音码或读音集合未覆盖；不猜测
鲸凉鹤1.1手心挂接.txt	之外	vpwd	vpwd	未知飞键、非音码或读音集合未覆盖；不猜测
鲸凉鹤1.1手心挂接.txt	之吻	vpwf	vpwf	未知飞键、非音码或读音集合未覆盖；不猜测
鲸凉鹤1.1手心挂接.txt	之文	vpwf	vpwf	未知飞键、非音码或读音集合未覆盖；不猜测
鲸凉鹤1.1手心挂接.txt	之问	vpwf	vpwf	未知飞键、非音码或读音集合未覆盖；不猜测
鲸凉鹤1.1手心挂接.txt	之王	vpwh	vpwh	未知飞键、非音码或读音集合未覆盖；不猜测
鲸凉鹤1.1手心挂接.txt	之网	vpwh	vpwh	未知飞键、非音码或读音集合未覆盖；不猜测
鲸凉鹤1.1手心挂接.txt	之握	vpwo	vpwo	未知飞键、非音码或读音集合未覆盖；不猜测
鲸凉鹤1.1手心挂接.txt	之物	vpwu	vpwu	未知飞键、非音码或读音集合未覆盖；不猜测
鲸凉鹤1.1手心挂接.txt	之舞	vpwu	vpwu	未知飞键、非音码或读音集合未覆盖；不猜测
鲸凉鹤1.1手心挂接.txt	之五	vpwu	vpwu	未知飞键、非音码或读音集合未覆盖；不猜测
鲸凉鹤1.1手心挂接.txt	之屋	vpwu	vpwu	未知飞键、非音码或读音集合未覆盖；不猜测
鲸凉鹤1.1手心挂接.txt	之位	vpww	vpww	未知飞键、非音码或读音集合未覆盖；不猜测
鲸凉鹤1.1手心挂接.txt	之威	vpww	vpww	未知飞键、非音码或读音集合未覆盖；不猜测
鲸凉鹤1.1手心挂接.txt	之味	vpww	vpww	未知飞键、非音码或读音集合未覆盖；不猜测
鲸凉鹤1.1手心挂接.txt	之心	vpxb	vpxb	未知飞键、非音码或读音集合未覆盖；不猜测
鲸凉鹤1.1手心挂接.txt	之喜	vpxi	vpxi	未知飞键、非音码或读音集合未覆盖；不猜测
鲸凉鹤1.1手心挂接.txt	之西	vpxi	vpxi	未知飞键、非音码或读音集合未覆盖；不猜测
鲸凉鹤1.1手心挂接.txt	之息	vpxi	vpxi	未知飞键、非音码或读音集合未覆盖；不猜测
鲸凉鹤1.1手心挂接.txt	之行	vpxk	vpxk	未知飞键、非音码或读音集合未覆盖；不猜测
鲸凉鹤1.1手心挂接.txt	之星	vpxk	vpxk	未知飞键、非音码或读音集合未覆盖；不猜测
鲸凉鹤1.1手心挂接.txt	之相	vpxl	vpxl	未知飞键、非音码或读音集合未覆盖；不猜测
鲸凉鹤1.1手心挂接.txt	之象	vpxl	vpxl	未知飞键、非音码或读音集合未覆盖；不猜测
鲸凉鹤1.1手心挂接.txt	之乡	vpxl	vpxl	未知飞键、非音码或读音集合未覆盖；不猜测
鲸凉鹤1.1手心挂接.txt	之香	vpxl	vpxl	未知飞键、非音码或读音集合未覆盖；不猜测
鲸凉鹤1.1手心挂接.txt	之嫌	vpxm	vpxm	未知飞键、非音码或读音集合未覆盖；不猜测
鲸凉鹤1.1手心挂接.txt	之先	vpxm	vpxm	未知飞键、非音码或读音集合未覆盖；不猜测
鲸凉鹤1.1手心挂接.txt	之限	vpxm	vpxm	未知飞键、非音码或读音集合未覆盖；不猜测
鲸凉鹤1.1手心挂接.txt	之效	vpxn	vpxn	未知飞键、非音码或读音集合未覆盖；不猜测
鲸凉鹤1.1手心挂接.txt	之小	vpxn	vpxn	未知飞键、非音码或读音集合未覆盖；不猜测
鲸凉鹤1.1手心挂接.txt	之血	vpxp	vpxp	未知飞键、非音码或读音集合未覆盖；不猜测
鲸凉鹤1.1手心挂接.txt	之邪	vpxp	vpxp	未知飞键、非音码或读音集合未覆盖；不猜测
鲸凉鹤1.1手心挂接.txt	之秀	vpxq	vpxq	未知飞键、非音码或读音集合未覆盖；不猜测
鲸凉鹤1.1手心挂接.txt	之羞	vpxq	vpxq	未知飞键、非音码或读音集合未覆盖；不猜测
鲸凉鹤1.1手心挂接.txt	之选	vpxr	vpxr	未知飞键、非音码或读音集合未覆盖；不猜测
鲸凉鹤1.1手心挂接.txt	之玄	vpxr	vpxr	未知飞键、非音码或读音集合未覆盖；不猜测
鲸凉鹤1.1手心挂接.txt	之兄	vpxs	vpxs	未知飞键、非音码或读音集合未覆盖；不猜测
鲸凉鹤1.1手心挂接.txt	之雄	vpxs	vpxs	未知飞键、非音码或读音集合未覆盖；不猜测
鲸凉鹤1.1手心挂接.txt	之血	vpxt	vpxt	未知飞键、非音码或读音集合未覆盖；不猜测
鲸凉鹤1.1手心挂接.txt	之学	vpxt	vpxt	未知飞键、非音码或读音集合未覆盖；不猜测
鲸凉鹤1.1手心挂接.txt	之需	vpxu	vpxu	未知飞键、非音码或读音集合未覆盖；不猜测
鲸凉鹤1.1手心挂接.txt	之下	vpxx	vpxx	未知飞键、非音码或读音集合未覆盖；不猜测
鲸凉鹤1.1手心挂接.txt	之夏	vpxx	vpxx	未知飞键、非音码或读音集合未覆盖；不猜测
鲸凉鹤1.1手心挂接.txt	之训	vpxy	vpxy	未知飞键、非音码或读音集合未覆盖；不猜测
鲸凉鹤1.1手心挂接.txt	之牙	vpya	vpya	未知飞键、非音码或读音集合未覆盖；不猜测
鲸凉鹤1.1手心挂接.txt	之音	vpyb	vpyb	未知飞键、非音码或读音集合未覆盖；不猜测
鲸凉鹤1.1手心挂接.txt	之印	vpyb	vpyb	未知飞键、非音码或读音集合未覆盖；不猜测
鲸凉鹤1.1手心挂接.txt	之遥	vpyc	vpyc	未知飞键、非音码或读音集合未覆盖；不猜测
鲸凉鹤1.1手心挂接.txt	之邀	vpyc	vpyc	未知飞键、非音码或读音集合未覆盖；不猜测
鲸凉鹤1.1手心挂接.txt	之要	vpyc	vpyc	未知飞键、非音码或读音集合未覆盖；不猜测
鲸凉鹤1.1手心挂接.txt	之夜	vpye	vpye	未知飞键、非音码或读音集合未覆盖；不猜测
鲸凉鹤1.1手心挂接.txt	之业	vpye	vpye	未知飞键、非音码或读音集合未覆盖；不猜测
鲸凉鹤1.1手心挂接.txt	之爷	vpye	vpye	未知飞键、非音码或读音集合未覆盖；不猜测
鲸凉鹤1.1手心挂接.txt	之言	vpyf	vpyf	未知飞键、非音码或读音集合未覆盖；不猜测
鲸凉鹤1.1手心挂接.txt	之眼	vpyf	vpyf	未知飞键、非音码或读音集合未覆盖；不猜测
鲸凉鹤1.1手心挂接.txt	之痒	vpyh	vpyh	未知飞键、非音码或读音集合未覆盖；不猜测
鲸凉鹤1.1手心挂接.txt	之样	vpyh	vpyh	未知飞键、非音码或读音集合未覆盖；不猜测
鲸凉鹤1.1手心挂接.txt	之意	vpyi	vpyi	未知飞键、非音码或读音集合未覆盖；不猜测
鲸凉鹤1.1手心挂接.txt	之一	vpyi	vpyi	未知飞键、非音码或读音集合未覆盖；不猜测
鲸凉鹤1.1手心挂接.txt	之翼	vpyi	vpyi	未知飞键、非音码或读音集合未覆盖；不猜测
鲸凉鹤1.1手心挂接.txt	之谊	vpyi	vpyi	未知飞键、非音码或读音集合未覆盖；不猜测
鲸凉鹤1.1手心挂接.txt	之言	vpyj	vpyj	未知飞键、非音码或读音集合未覆盖；不猜测
鲸凉鹤1.1手心挂接.txt	之眼	vpyj	vpyj	未知飞键、非音码或读音集合未覆盖；不猜测
鲸凉鹤1.1手心挂接.txt	之影	vpyk	vpyk	未知飞键、非音码或读音集合未覆盖；不猜测
鲸凉鹤1.1手心挂接.txt	之鹰	vpyk	vpyk	未知飞键、非音码或读音集合未覆盖；不猜测
鲸凉鹤1.1手心挂接.txt	之源	vpyr	vpyr	未知飞键、非音码或读音集合未覆盖；不猜测
鲸凉鹤1.1手心挂接.txt	之远	vpyr	vpyr	未知飞键、非音码或读音集合未覆盖；不猜测
鲸凉鹤1.1手心挂接.txt	之缘	vpyr	vpyr	未知飞键、非音码或读音集合未覆盖；不猜测
鲸凉鹤1.1手心挂接.txt	之用	vpys	vpys	未知飞键、非音码或读音集合未覆盖；不猜测
鲸凉鹤1.1手心挂接.txt	之勇	vpys	vpys	未知飞键、非音码或读音集合未覆盖；不猜测
鲸凉鹤1.1手心挂接.txt	之咏	vpys	vpys	未知飞键、非音码或读音集合未覆盖；不猜测
鲸凉鹤1.1手心挂接.txt	之约	vpyt	vpyt	未知飞键、非音码或读音集合未覆盖；不猜测
鲸凉鹤1.1手心挂接.txt	之月	vpyt	vpyt	未知飞键、非音码或读音集合未覆盖；不猜测
鲸凉鹤1.1手心挂接.txt	之余	vpyu	vpyu	未知飞键、非音码或读音集合未覆盖；不猜测
鲸凉鹤1.1手心挂接.txt	之语	vpyu	vpyu	未知飞键、非音码或读音集合未覆盖；不猜测
鲸凉鹤1.1手心挂接.txt	之于	vpyu	vpyu	未知飞键、非音码或读音集合未覆盖；不猜测
鲸凉鹤1.1手心挂接.txt	之余	vpyg	vpyg	未知飞键、非音码或读音集合未覆盖；不猜测
鲸凉鹤1.1手心挂接.txt	之语	vpyg	vpyg	未知飞键、非音码或读音集合未覆盖；不猜测
鲸凉鹤1.1手心挂接.txt	之于	vpyg	vpyg	未知飞键、非音码或读音集合未覆盖；不猜测
鲸凉鹤1.1手心挂接.txt	之韵	vpyy	vpyy	未知飞键、非音码或读音集合未覆盖；不猜测
鲸凉鹤1.1手心挂接.txt	之云	vpyy	vpyy	未知飞键、非音码或读音集合未覆盖；不猜测
鲸凉鹤1.1手心挂接.txt	之忧	vpyz	vpyz	未知飞键、非音码或读音集合未覆盖；不猜测
鲸凉鹤1.1手心挂接.txt	之友	vpyz	vpyz	未知飞键、非音码或读音集合未覆盖；不猜测
鲸凉鹤1.1手心挂接.txt	之右	vpyz	vpyz	未知飞键、非音码或读音集合未覆盖；不猜测
鲸凉鹤1.1手心挂接.txt	之杂	vpza	vpza	未知飞键、非音码或读音集合未覆盖；不猜测
鲸凉鹤1.1手心挂接.txt	之早	vpzc	vpzc	未知飞键、非音码或读音集合未覆盖；不猜测
鲸凉鹤1.1手心挂接.txt	之灾	vpzd	vpzd	未知飞键、非音码或读音集合未覆盖；不猜测
鲸凉鹤1.1手心挂接.txt	之崽	vpzd	vpzd	未知飞键、非音码或读音集合未覆盖；不猜测
鲸凉鹤1.1手心挂接.txt	之责	vpze	vpze	未知飞键、非音码或读音集合未覆盖；不猜测
鲸凉鹤1.1手心挂接.txt	之脏	vpzh	vpzh	未知飞键、非音码或读音集合未覆盖；不猜测
鲸凉鹤1.1手心挂接.txt	之子	vpzi	vpzi	未知飞键、非音码或读音集合未覆盖；不猜测
鲸凉鹤1.1手心挂接.txt	之姿	vpzi	vpzi	未知飞键、非音码或读音集合未覆盖；不猜测
鲸凉鹤1.1手心挂接.txt	之字	vpzi	vpzi	未知飞键、非音码或读音集合未覆盖；不猜测
鲸凉鹤1.1手心挂接.txt	之资	vpzi	vpzi	未知飞键、非音码或读音集合未覆盖；不猜测
鲸凉鹤1.1手心挂接.txt	之踪	vpzl	vpzl	未知飞键、非音码或读音集合未覆盖；不猜测
鲸凉鹤1.1手心挂接.txt	之作	vpzo	vpzo	未知飞键、非音码或读音集合未覆盖；不猜测
鲸凉鹤1.1手心挂接.txt	之左	vpzo	vpzo	未知飞键、非音码或读音集合未覆盖；不猜测
鲸凉鹤1.1手心挂接.txt	之踪	vpzs	vpzs	未知飞键、非音码或读音集合未覆盖；不猜测
鲸凉鹤1.1手心挂接.txt	之祖	vpzu	vpzu	未知飞键、非音码或读音集合未覆盖；不猜测
鲸凉鹤1.1手心挂接.txt	之足	vpzu	vpzu	未知飞键、非音码或读音集合未覆盖；不猜测
鲸凉鹤1.1手心挂接.txt	之罪	vpzv	vpzv	未知飞键、非音码或读音集合未覆盖；不猜测
鲸凉鹤1.1手心挂接.txt	之最	vpzv	vpzv	未知飞键、非音码或读音集合未覆盖；不猜测
鲸凉鹤1.1手心挂接.txt	之贼	vpzw	vpzw	未知飞键、非音码或读音集合未覆盖；不猜测
鲸凉鹤1.1手心挂接.txt	之尊	vpzy	vpzy	未知飞键、非音码或读音集合未覆盖；不猜测
鲸凉鹤1.1手心挂接.txt	转到	vrdl	vrdl	未知飞键、非音码或读音集合未覆盖；不猜测
鲸凉鹤1.1手心挂接.txt	赚到	vrdl	vrdl	未知飞键、非音码或读音集合未覆盖；不猜测
鲸凉鹤1.1手心挂接.txt	转道	vrdl	vrdl	未知飞键、非音码或读音集合未覆盖；不猜测
鲸凉鹤1.1手心挂接.txt	专柜	vrgi	vrgi	未知飞键、非音码或读音集合未覆盖；不猜测
鲸凉鹤1.1手心挂接.txt	转归	vrgi	vrgi	未知飞键、非音码或读音集合未覆盖；不猜测
鲸凉鹤1.1手心挂接.txt	专管	vrgp	vrgp	未知飞键、非音码或读音集合未覆盖；不猜测
鲸凉鹤1.1手心挂接.txt	转道	vrjf	vrjf	未知飞键、非音码或读音集合未覆盖；不猜测
鲸凉鹤1.1手心挂接.txt	专拣	vrjz	vrjz	未知飞键、非音码或读音集合未覆盖；不猜测
鲸凉鹤1.1手心挂接.txt	专列	vrlf	vrlf	未知飞键、非音码或读音集合未覆盖；不猜测
鲸凉鹤1.1手心挂接.txt	砖木	vrmx	vrmx	未知飞键、非音码或读音集合未覆盖；不猜测
鲸凉鹤1.1手心挂接.txt	砖坯	vrpe	vrpe	未知飞键、非音码或读音集合未覆盖；不猜测
鲸凉鹤1.1手心挂接.txt	转评	vrpx	vrpx	未知飞键、非音码或读音集合未覆盖；不猜测
鲸凉鹤1.1手心挂接.txt	转推	vrtl	vrtl	未知飞键、非音码或读音集合未覆盖；不猜测
鲸凉鹤1.1手心挂接.txt	专擅	vrus	vrus	未知飞键、非音码或读音集合未覆盖；不猜测
鲸凉鹤1.1手心挂接.txt	转正	vrvk	vrvk	未知飞键、非音码或读音集合未覆盖；不猜测
鲸凉鹤1.1手心挂接.txt	专政	vrvk	vrvk	未知飞键、非音码或读音集合未覆盖；不猜测
鲸凉鹤1.1手心挂接.txt	转向	vrxj	vrxj	未知飞键、非音码或读音集合未覆盖；不猜测
鲸凉鹤1.1手心挂接.txt	专修	vrxo	vrxo	未知飞键、非音码或读音集合未覆盖；不猜测
鲸凉鹤1.1手心挂接.txt	转眼	vryf	vryf	未知飞键、非音码或读音集合未覆盖；不猜测
鲸凉鹤1.1手心挂接.txt	专研	vryf	vryf	未知飞键、非音码或读音集合未覆盖；不猜测
鲸凉鹤1.1手心挂接.txt	颛臾	vryg	vryg	未知飞键、非音码或读音集合未覆盖；不猜测
鲸凉鹤1.1手心挂接.txt	终归	vsgi	vsgi	未知飞键、非音码或读音集合未覆盖；不猜测
鲸凉鹤1.1手心挂接.txt	中冠	vsgp	vsgp	未知飞键、非音码或读音集合未覆盖；不猜测
鲸凉鹤1.1手心挂接.txt	钟官	vsgp	vsgp	未知飞键、非音码或读音集合未覆盖；不猜测
鲸凉鹤1.1手心挂接.txt	中间	vsjz	vsjz	未知飞键、非音码或读音集合未覆盖；不猜测
鲸凉鹤1.1手心挂接.txt	中箭	vsjz	vsjz	未知飞键、非音码或读音集合未覆盖；不猜测
鲸凉鹤1.1手心挂接.txt	中建	vsjz	vsjz	未知飞键、非音码或读音集合未覆盖；不猜测
鲸凉鹤1.1手心挂接.txt	重剑	vsjz	vsjz	未知飞键、非音码或读音集合未覆盖；不猜测
鲸凉鹤1.1手心挂接.txt	忠烈	vslf	vslf	未知飞键、非音码或读音集合未覆盖；不猜测
鲸凉鹤1.1手心挂接.txt	众目	vsmx	vsmx	未知飞键、非音码或读音集合未覆盖；不猜测
鲸凉鹤1.1手心挂接.txt	中牟	vsmx	vsmx	未知飞键、非音码或读音集合未覆盖；不猜测
鲸凉鹤1.1手心挂接.txt	中南	vsnz	vsnz	未知飞键、非音码或读音集合未覆盖；不猜测
鲸凉鹤1.1手心挂接.txt	终南	vsnz	vsnz	未知飞键、非音码或读音集合未覆盖；不猜测
鲸凉鹤1.1手心挂接.txt	种皮	vspe	vspe	未知飞键、非音码或读音集合未覆盖；不猜测
鲸凉鹤1.1手心挂接.txt	中评	vspx	vspx	未知飞键、非音码或读音集合未覆盖；不猜测
鲸凉鹤1.1手心挂接.txt	中推	vstl	vstl	未知飞键、非音码或读音集合未覆盖；不猜测
鲸凉鹤1.1手心挂接.txt	中山	vsus	vsus	未知飞键、非音码或读音集合未覆盖；不猜测
鲸凉鹤1.1手心挂接.txt	众山	vsus	vsus	未知飞键、非音码或读音集合未覆盖；不猜测
鲸凉鹤1.1手心挂接.txt	重症	vsvk	vsvk	未知飞键、非音码或读音集合未覆盖；不猜测
鲸凉鹤1.1手心挂接.txt	中正	vsvk	vsvk	未知飞键、非音码或读音集合未覆盖；不猜测
鲸凉鹤1.1手心挂接.txt	忠正	vsvk	vsvk	未知飞键、非音码或读音集合未覆盖；不猜测
鲸凉鹤1.1手心挂接.txt	中袖	vsxo	vsxo	未知飞键、非音码或读音集合未覆盖；不猜测
鲸凉鹤1.1手心挂接.txt	忠言	vsyf	vsyf	未知飞键、非音码或读音集合未覆盖；不猜测
鲸凉鹤1.1手心挂接.txt	终焉	vsyf	vsyf	未知飞键、非音码或读音集合未覆盖；不猜测
鲸凉鹤1.1手心挂接.txt	中烟	vsyf	vsyf	未知飞键、非音码或读音集合未覆盖；不猜测
鲸凉鹤1.1手心挂接.txt	终于	vsyg	vsyg	未知飞键、非音码或读音集合未覆盖；不猜测
鲸凉鹤1.1手心挂接.txt	忠于	vsyg	vsyg	未知飞键、非音码或读音集合未覆盖；不猜测
鲸凉鹤1.1手心挂接.txt	重于	vsyg	vsyg	未知飞键、非音码或读音集合未覆盖；不猜测
鲸凉鹤1.1手心挂接.txt	中雨	vsyg	vsyg	未知飞键、非音码或读音集合未覆盖；不猜测
鲸凉鹤1.1手心挂接.txt	主从	vucl	vucl	未知飞键、非音码或读音集合未覆盖；不猜测
鲸凉鹤1.1手心挂接.txt	主导	vudl	vudl	未知飞键、非音码或读音集合未覆盖；不猜测
鲸凉鹤1.1手心挂接.txt	住到	vudl	vudl	未知飞键、非音码或读音集合未覆盖；不猜测
鲸凉鹤1.1手心挂接.txt	主打	vudw	vudw	未知飞键、非音码或读音集合未覆盖；不猜测
鲸凉鹤1.1手心挂接.txt	主观	vugp	vugp	未知飞键、非音码或读音集合未覆盖；不猜测
鲸凉鹤1.1手心挂接.txt	主管	vugp	vugp	未知飞键、非音码或读音集合未覆盖；不猜测
鲸凉鹤1.1手心挂接.txt	主道	vujf	vujf	未知飞键、非音码或读音集合未覆盖；不猜测
鲸凉鹤1.1手心挂接.txt	逐渐	vujz	vujz	未知飞键、非音码或读音集合未覆盖；不猜测
鲸凉鹤1.1手心挂接.txt	主见	vujz	vujz	未知飞键、非音码或读音集合未覆盖；不猜测
鲸凉鹤1.1手心挂接.txt	猪鬣	vulf	vulf	未知飞键、非音码或读音集合未覆盖；不猜测
鲸凉鹤1.1手心挂接.txt	逐列	vulf	vulf	未知飞键、非音码或读音集合未覆盖；不猜测
鲸凉鹤1.1手心挂接.txt	注满	vumr	vumr	未知飞键、非音码或读音集合未覆盖；不猜测
鲸凉鹤1.1手心挂接.txt	住满	vumr	vumr	未知飞键、非音码或读音集合未覆盖；不猜测
鲸凉鹤1.1手心挂接.txt	瞩目	vumx	vumx	未知飞键、非音码或读音集合未覆盖；不猜测
鲸凉鹤1.1手心挂接.txt	注目	vumx	vumx	未知飞键、非音码或读音集合未覆盖；不猜测
鲸凉鹤1.1手心挂接.txt	主母	vumx	vumx	未知飞键、非音码或读音集合未覆盖；不猜测
鲸凉鹤1.1手心挂接.txt	煮男	vunz	vunz	未知飞键、非音码或读音集合未覆盖；不猜测
鲸凉鹤1.1手心挂接.txt	猪皮	vupe	vupe	未知飞键、非音码或读音集合未覆盖；不猜测
鲸凉鹤1.1手心挂接.txt	主屏	vupx	vupx	未知飞键、非音码或读音集合未覆盖；不猜测
鲸凉鹤1.1手心挂接.txt	筑起	vuqe	vuqe	未知飞键、非音码或读音集合未覆盖；不猜测
鲸凉鹤1.1手心挂接.txt	助推	vutl	vutl	未知飞键、非音码或读音集合未覆盖；不猜测
鲸凉鹤1.1手心挂接.txt	主推	vutl	vutl	未知飞键、非音码或读音集合未覆盖；不猜测
鲸凉鹤1.1手心挂接.txt	猪腿	vutl	vutl	未知飞键、非音码或读音集合未覆盖；不猜测
鲸凉鹤1.1手心挂接.txt	主政	vuvk	vuvk	未知飞键、非音码或读音集合未覆盖；不猜测
鲸凉鹤1.1手心挂接.txt	主修	vuxo	vuxo	未知飞键、非音码或读音集合未覆盖；不猜测
鲸凉鹤1.1手心挂接.txt	主演	vuyf	vuyf	未知飞键、非音码或读音集合未覆盖；不猜测
鲸凉鹤1.1手心挂接.txt	朱颜	vuyf	vuyf	未知飞键、非音码或读音集合未覆盖；不猜测
鲸凉鹤1.1手心挂接.txt	茱萸	vuyg	vuyg	未知飞键、非音码或读音集合未覆盖；不猜测
鲸凉鹤1.1手心挂接.txt	主语	vuyg	vuyg	未知飞键、非音码或读音集合未覆盖；不猜测
鲸凉鹤1.1手心挂接.txt	珠玉	vuyg	vuyg	未知飞键、非音码或读音集合未覆盖；不猜测
鲸凉鹤1.1手心挂接.txt	猪鬃	vuzl	vuzl	未知飞键、非音码或读音集合未覆盖；不猜测
鲸凉鹤1.1手心挂接.txt	朱总	vuzl	vuzl	未知飞键、非音码或读音集合未覆盖；不猜测
鲸凉鹤1.1手心挂接.txt	追悼	vvdl	vvdl	未知飞键、非音码或读音集合未覆盖；不猜测
鲸凉鹤1.1手心挂接.txt	追到	vvdl	vvdl	未知飞键、非音码或读音集合未覆盖；不猜测
鲸凉鹤1.1手心挂接.txt	追打	vvdw	vvdw	未知飞键、非音码或读音集合未覆盖；不猜测
鲸凉鹤1.1手心挂接.txt	椎管	vvgp	vvgp	未知飞键、非音码或读音集合未覆盖；不猜测
鲸凉鹤1.1手心挂接.txt	追歼	vvjz	vvjz	未知飞键、非音码或读音集合未覆盖；不猜测
鲸凉鹤1.1手心挂接.txt	追猎	vvlf	vvlf	未知飞键、非音码或读音集合未覆盖；不猜测
鲸凉鹤1.1手心挂接.txt	缀满	vvmr	vvmr	未知飞键、非音码或读音集合未覆盖；不猜测
鲸凉鹤1.1手心挂接.txt	追慕	vvmx	vvmx	未知飞键、非音码或读音集合未覆盖；不猜测
鲸凉鹤1.1手心挂接.txt	赘皮	vvpe	vvpe	未知飞键、非音码或读音集合未覆盖；不猜测
鲸凉鹤1.1手心挂接.txt	追平	vvpx	vvpx	未知飞键、非音码或读音集合未覆盖；不猜测
鲸凉鹤1.1手心挂接.txt	追评	vvpx	vvpx	未知飞键、非音码或读音集合未覆盖；不猜测
鲸凉鹤1.1手心挂接.txt	赘言	vvyf	vvyf	未知飞键、非音码或读音集合未覆盖；不猜测
鲸凉鹤1.1手心挂接.txt	追踪	vvzl	vvzl	未知飞键、非音码或读音集合未覆盖；不猜测
鲸凉鹤1.1手心挂接.txt	这帮	vwbh	vwbh	未知飞键、非音码或读音集合未覆盖；不猜测
鲸凉鹤1.1手心挂接.txt	这边	vwbm	vwbm	未知飞键、非音码或读音集合未覆盖；不猜测
鲸凉鹤1.1手心挂接.txt	这遍	vwbm	vwbm	未知飞键、非音码或读音集合未覆盖；不猜测
鲸凉鹤1.1手心挂接.txt	这便	vwbm	vwbm	未知飞键、非音码或读音集合未覆盖；不猜测
鲸凉鹤1.1手心挂接.txt	这次	vwci	vwci	未知飞键、非音码或读音集合未覆盖；不猜测
鲸凉鹤1.1手心挂接.txt	这点	vwdm	vwdm	未知飞键、非音码或读音集合未覆盖；不猜测
鲸凉鹤1.1手心挂接.txt	这副	vwfu	vwfu	未知飞键、非音码或读音集合未覆盖；不猜测
鲸凉鹤1.1手心挂接.txt	这个	vwge	vwge	未知飞键、非音码或读音集合未覆盖；不猜测
鲸凉鹤1.1手心挂接.txt	这回	vwhv	vwhv	未知飞键、非音码或读音集合未覆盖；不猜测
鲸凉鹤1.1手心挂接.txt	这款	vwkr	vwkr	未知飞键、非音码或读音集合未覆盖；不猜测
鲸凉鹤1.1手心挂接.txt	这批	vwpe	vwpe	未知飞键、非音码或读音集合未覆盖；不猜测
鲸凉鹤1.1手心挂接.txt	这批	vwpi	vwpi	未知飞键、非音码或读音集合未覆盖；不猜测
鲸凉鹤1.1手心挂接.txt	这篇	vwpm	vwpm	未知飞键、非音码或读音集合未覆盖；不猜测
鲸凉鹤1.1手心挂接.txt	抓到	vxdl	vxdl	未知飞键、非音码或读音集合未覆盖；不猜测
鲸凉鹤1.1手心挂接.txt	抓鬼	vxgi	vxgi	未知飞键、非音码或读音集合未覆盖；不猜测
鲸凉鹤1.1手心挂接.txt	抓轨	vxgi	vxgi	未知飞键、非音码或读音集合未覆盖；不猜测
鲸凉鹤1.1手心挂接.txt	抓奸	vxjz	vxjz	未知飞键、非音码或读音集合未覆盖；不猜测
鲸凉鹤1.1手心挂接.txt	抓破	vxps	vxps	未知飞键、非音码或读音集合未覆盖；不猜测
鲸凉鹤1.1手心挂接.txt	抓捕	vxpu	vxpu	未知飞键、非音码或读音集合未覆盖；不猜测
鲸凉鹤1.1手心挂接.txt	抓屏	vxpx	vxpx	未知飞键、非音码或读音集合未覆盖；不猜测
鲸凉鹤1.1手心挂接.txt	抓起	vxqe	vxqe	未知飞键、非音码或读音集合未覆盖；不猜测
鲸凉鹤1.1手心挂接.txt	抓推	vxtl	vxtl	未知飞键、非音码或读音集合未覆盖；不猜测
鲸凉鹤1.1手心挂接.txt	抓鱼	vxyg	vxyg	未知飞键、非音码或读音集合未覆盖；不猜测
鲸凉鹤1.1手心挂接.txt	准建	vyjz	vyjz	未知飞键、非音码或读音集合未覆盖；不猜测
鲸凉鹤1.1手心挂接.txt	迍邅	vyvj	vyvj	未知飞键、非音码或读音集合未覆盖；不猜测
鲸凉鹤1.1手心挂接.txt	准证	vyvk	vyvk	未知飞键、非音码或读音集合未覆盖；不猜测
鲸凉鹤1.1手心挂接.txt	准予	vyyg	vyyg	未知飞键、非音码或读音集合未覆盖；不猜测
鲸凉鹤1.1手心挂接.txt	周到	vzdl	vzdl	未知飞键、非音码或读音集合未覆盖；不猜测
鲸凉鹤1.1手心挂接.txt	州官	vzgp	vzgp	未知飞键、非音码或读音集合未覆盖；不猜测
鲸凉鹤1.1手心挂接.txt	周几	vzje	vzje	未知飞键、非音码或读音集合未覆盖；不猜测
鲸凉鹤1.1手心挂接.txt	骤减	vzjz	vzjz	未知飞键、非音码或读音集合未覆盖；不猜测
鲸凉鹤1.1手心挂接.txt	周曼	vzmr	vzmr	未知飞键、非音码或读音集合未覆盖；不猜测
鲸凉鹤1.1手心挂接.txt	周目	vzmx	vzmx	未知飞键、非音码或读音集合未覆盖；不猜测
鲸凉鹤1.1手心挂接.txt	州牧	vzmx	vzmx	未知飞键、非音码或读音集合未覆盖；不猜测
鲸凉鹤1.1手心挂接.txt	周楠	vznz	vznz	未知飞键、非音码或读音集合未覆盖；不猜测
鲸凉鹤1.1手心挂接.txt	皱皮	vzpe	vzpe	未知飞键、非音码或读音集合未覆盖；不猜测
鲸凉鹤1.1手心挂接.txt	舟批	vzpe	vzpe	未知飞键、非音码或读音集合未覆盖；不猜测
鲸凉鹤1.1手心挂接.txt	粥批	vzpe	vzpe	未知飞键、非音码或读音集合未覆盖；不猜测
鲸凉鹤1.1手心挂接.txt	皱起	vzqe	vzqe	未知飞键、非音码或读音集合未覆盖；不猜测
鲸凉鹤1.1手心挂接.txt	舟山	vzus	vzus	未知飞键、非音码或读音集合未覆盖；不猜测
鲸凉鹤1.1手心挂接.txt	侜张	vzvh	vzvh	未知飞键、非音码或读音集合未覆盖；不猜测
鲸凉鹤1.1手心挂接.txt	周正	vzvk	vzvk	未知飞键、非音码或读音集合未覆盖；不猜测
鲸凉鹤1.1手心挂接.txt	周延	vzyf	vzyf	未知飞键、非音码或读音集合未覆盖；不猜测
鲸凉鹤1.1手心挂接.txt	咒语	vzyg	vzyg	未知飞键、非音码或读音集合未覆盖；不猜测
鲸凉鹤1.1手心挂接.txt	骤雨	vzyg	vzyg	未知飞键、非音码或读音集合未覆盖；不猜测
鲸凉鹤1.1手心挂接.txt	周瑜	vzyg	vzyg	未知飞键、非音码或读音集合未覆盖；不猜测
鲸凉鹤1.1手心挂接.txt	周总	vzzl	vzzl	未知飞键、非音码或读音集合未覆盖；不猜测
鲸凉鹤1.1手心挂接.txt	挖到	wadl	wadl	未知飞键、非音码或读音集合未覆盖；不猜测
鲸凉鹤1.1手心挂接.txt	瓦刀	wadl	wadl	未知飞键、非音码或读音集合未覆盖；不猜测
鲸凉鹤1.1手心挂接.txt	瓦罐	wagp	wagp	未知飞键、非音码或读音集合未覆盖；不猜测
鲸凉鹤1.1手心挂接.txt	瓦罉	waig	waig	未知飞键、非音码或读音集合未覆盖；不猜测
鲸凉鹤1.1手心挂接.txt	哇咧	walf	walf	未知飞键、非音码或读音集合未覆盖；不猜测
鲸凉鹤1.1手心挂接.txt	挖墓	wamx	wamx	未知飞键、非音码或读音集合未覆盖；不猜测
鲸凉鹤1.1手心挂接.txt	瓦批	wape	wape	未知飞键、非音码或读音集合未覆盖；不猜测
鲸凉鹤1.1手心挂接.txt	挖起	waqe	waqe	未知飞键、非音码或读音集合未覆盖；不猜测
鲸凉鹤1.1手心挂接.txt	挖眼	wayf	wayf	未知飞键、非音码或读音集合未覆盖；不猜测
鲸凉鹤1.1手心挂接.txt	瓦檐	wayf	wayf	未知飞键、非音码或读音集合未覆盖；不猜测
鲸凉鹤1.1手心挂接.txt	蛙鱼	wayg	wayg	未知飞键、非音码或读音集合未覆盖；不猜测
鲸凉鹤1.1手心挂接.txt	外道	wddl	wddl	未知飞键、非音码或读音集合未覆盖；不猜测
鲸凉鹤1.1手心挂接.txt	歪倒	wddl	wddl	未知飞键、非音码或读音集合未覆盖；不猜测
鲸凉鹤1.1手心挂接.txt	歪道	wddl	wddl	未知飞键、非音码或读音集合未覆盖；不猜测
鲸凉鹤1.1手心挂接.txt	外柜	wdgi	wdgi	未知飞键、非音码或读音集合未覆盖；不猜测
鲸凉鹤1.1手心挂接.txt	外观	wdgp	wdgp	未知飞键、非音码或读音集合未覆盖；不猜测
鲸凉鹤1.1手心挂接.txt	外道	wdjf	wdjf	未知飞键、非音码或读音集合未覆盖；不猜测
鲸凉鹤1.1手心挂接.txt	外间	wdjz	wdjz	未知飞键、非音码或读音集合未覆盖；不猜测
鲸凉鹤1.1手心挂接.txt	外检	wdjz	wdjz	未知飞键、非音码或读音集合未覆盖；不猜测
鲸凉鹤1.1手心挂接.txt	外皮	wdpe	wdpe	未知飞键、非音码或读音集合未覆盖；不猜测
鲸凉鹤1.1手心挂接.txt	歪批	wdpe	wdpe	未知飞键、非音码或读音集合未覆盖；不猜测
鲸凉鹤1.1手心挂接.txt	外婆	wdps	wdps	未知飞键、非音码或读音集合未覆盖；不猜测
鲸凉鹤1.1手心挂接.txt	外屏	wdpx	wdpx	未知飞键、非音码或读音集合未覆盖；不猜测
鲸凉鹤1.1手心挂接.txt	外推	wdtl	wdtl	未知飞键、非音码或读音集合未覆盖；不猜测
鲸凉鹤1.1手心挂接.txt	外向	wdxj	wdxj	未知飞键、非音码或读音集合未覆盖；不猜测
鲸凉鹤1.1手心挂接.txt	外延	wdyf	wdyf	未知飞键、非音码或读音集合未覆盖；不猜测
鲸凉鹤1.1手心挂接.txt	外沿	wdyf	wdyf	未知飞键、非音码或读音集合未覆盖；不猜测
鲸凉鹤1.1手心挂接.txt	外烟	wdyf	wdyf	未知飞键、非音码或读音集合未覆盖；不猜测
鲸凉鹤1.1手心挂接.txt	外焰	wdyf	wdyf	未知飞键、非音码或读音集合未覆盖；不猜测
鲸凉鹤1.1手心挂接.txt	外语	wdyg	wdyg	未知飞键、非音码或读音集合未覆盖；不猜测
鲸凉鹤1.1手心挂接.txt	外遇	wdyg	wdyg	未知飞键、非音码或读音集合未覆盖；不猜测
鲸凉鹤1.1手心挂接.txt	外域	wdyg	wdyg	未知飞键、非音码或读音集合未覆盖；不猜测
鲸凉鹤1.1手心挂接.txt	问道	wfdl	wfdl	未知飞键、非音码或读音集合未覆盖；不猜测
鲸凉鹤1.1手心挂接.txt	闻到	wfdl	wfdl	未知飞键、非音码或读音集合未覆盖；不猜测
鲸凉鹤1.1手心挂接.txt	文贵	wfgi	wfgi	未知飞键、非音码或读音集合未覆盖；不猜测
鲸凉鹤1.1手心挂接.txt	文官	wfgp	wfgp	未知飞键、非音码或读音集合未覆盖；不猜测
鲸凉鹤1.1手心挂接.txt	问道	wfjf	wfjf	未知飞键、非音码或读音集合未覆盖；不猜测
鲸凉鹤1.1手心挂接.txt	闻道	wfjf	wfjf	未知飞键、非音码或读音集合未覆盖；不猜测
鲸凉鹤1.1手心挂接.txt	文件	wfjz	wfjz	未知飞键、非音码或读音集合未覆盖；不猜测
鲸凉鹤1.1手心挂接.txt	稳健	wfjz	wfjz	未知飞键、非音码或读音集合未覆盖；不猜测
鲸凉鹤1.1手心挂接.txt	闻见	wfjz	wfjz	未知飞键、非音码或读音集合未覆盖；不猜测
鲸凉鹤1.1手心挂接.txt	问咯	wflo	wflo	未知飞键、非音码或读音集合未覆盖；不猜测
鲸凉鹤1.1手心挂接.txt	问难	wfnz	wfnz	未知飞键、非音码或读音集合未覆盖；不猜测
鲸凉鹤1.1手心挂接.txt	文痞	wfpe	wfpe	未知飞键、非音码或读音集合未覆盖；不猜测
鲸凉鹤1.1手心挂接.txt	稳婆	wfps	wfps	未知飞键、非音码或读音集合未覆盖；不猜测
鲸凉鹤1.1手心挂接.txt	文凭	wfpx	wfpx	未知飞键、非音码或读音集合未覆盖；不猜测
鲸凉鹤1.1手心挂接.txt	纹枰	wfpx	wfpx	未知飞键、非音码或读音集合未覆盖；不猜测
鲸凉鹤1.1手心挂接.txt	问起	wfqe	wfqe	未知飞键、非音码或读音集合未覆盖；不猜测
鲸凉鹤1.1手心挂接.txt	揾钱	wfqm	wfqm	未知飞键、非音码或读音集合未覆盖；不猜测
鲸凉鹤1.1手心挂接.txt	搵死	wfsi	wfsi	未知飞键、非音码或读音集合未覆盖；不猜测
鲸凉鹤1.1手心挂接.txt	文山	wfus	wfus	未知飞键、非音码或读音集合未覆盖；不猜测
鲸凉鹤1.1手心挂接.txt	文正	wfvk	wfvk	未知飞键、非音码或读音集合未覆盖；不猜测
鲸凉鹤1.1手心挂接.txt	问政	wfvk	wfvk	未知飞键、非音码或读音集合未覆盖；不猜测
鲸凉鹤1.1手心挂接.txt	闻之	wfvp	wfvp	未知飞键、非音码或读音集合未覆盖；不猜测
鲸凉鹤1.1手心挂接.txt	文秀	wfxo	wfxo	未知飞键、非音码或读音集合未覆盖；不猜测
鲸凉鹤1.1手心挂接.txt	闻言	wfyf	wfyf	未知飞键、非音码或读音集合未覆盖；不猜测
鲸凉鹤1.1手心挂接.txt	文言	wfyf	wfyf	未知飞键、非音码或读音集合未覆盖；不猜测
鲸凉鹤1.1手心挂接.txt	文娱	wfyg	wfyg	未知飞键、非音码或读音集合未覆盖；不猜测
鲸凉鹤1.1手心挂接.txt	文综	wfzl	wfzl	未知飞键、非音码或读音集合未覆盖；不猜测
鲸凉鹤1.1手心挂接.txt	文宗	wfzl	wfzl	未知飞键、非音码或读音集合未覆盖；不猜测
鲸凉鹤1.1手心挂接.txt	蓊葧	wgbo	wgbo	未知飞键、非音码或读音集合未覆盖；不猜测
鲸凉鹤1.1手心挂接.txt	蓊郁	wgyg	wgyg	未知飞键、非音码或读音集合未覆盖；不猜测
鲸凉鹤1.1手心挂接.txt	王道	whdl	whdl	未知飞键、非音码或读音集合未覆盖；不猜测
鲸凉鹤1.1手心挂接.txt	望到	whdl	whdl	未知飞键、非音码或读音集合未覆盖；不猜测
鲸凉鹤1.1手心挂接.txt	忘归	whgi	whgi	未知飞键、非音码或读音集合未覆盖；不猜测
鲸凉鹤1.1手心挂接.txt	王冠	whgp	whgp	未知飞键、非音码或读音集合未覆盖；不猜测
鲸凉鹤1.1手心挂接.txt	网管	whgp	whgp	未知飞键、非音码或读音集合未覆盖；不猜测
鲸凉鹤1.1手心挂接.txt	网关	whgp	whgp	未知飞键、非音码或读音集合未覆盖；不猜测
鲸凉鹤1.1手心挂接.txt	忘关	whgp	whgp	未知飞键、非音码或读音集合未覆盖；不猜测
鲸凉鹤1.1手心挂接.txt	王道	whjf	whjf	未知飞键、非音码或读音集合未覆盖；不猜测
鲸凉鹤1.1手心挂接.txt	望见	whjz	whjz	未知飞键、非音码或读音集合未覆盖；不猜测
鲸凉鹤1.1手心挂接.txt	网监	whjz	whjz	未知飞键、非音码或读音集合未覆盖；不猜测
鲸凉鹤1.1手心挂接.txt	忘咯	whlo	whlo	未知飞键、非音码或读音集合未覆盖；不猜测
鲸凉鹤1.1手心挂接.txt	网慢	whmr	whmr	未知飞键、非音码或读音集合未覆盖；不猜测
鲸凉鹤1.1手心挂接.txt	王母	whmx	whmx	未知飞键、非音码或读音集合未覆盖；不猜测
鲸凉鹤1.1手心挂接.txt	王墓	whmx	whmx	未知飞键、非音码或读音集合未覆盖；不猜测
鲸凉鹤1.1手心挂接.txt	往南	whnz	whnz	未知飞键、非音码或读音集合未覆盖；不猜测
鲸凉鹤1.1手心挂接.txt	王皮	whpe	whpe	未知飞键、非音码或读音集合未覆盖；不猜测
鲸凉鹤1.1手心挂接.txt	王婆	whps	whps	未知飞键、非音码或读音集合未覆盖；不猜测
鲸凉鹤1.1手心挂接.txt	网评	whpx	whpx	未知飞键、非音码或读音集合未覆盖；不猜测
鲸凉鹤1.1手心挂接.txt	网推	whtl	whtl	未知飞键、非音码或读音集合未覆盖；不猜测
鲸凉鹤1.1手心挂接.txt	望山	whus	whus	未知飞键、非音码或读音集合未覆盖；不猜测
鲸凉鹤1.1手心挂接.txt	王铮	whvk	whvk	未知飞键、非音码或读音集合未覆盖；不猜测
鲸凉鹤1.1手心挂接.txt	望向	whxj	whxj	未知飞键、非音码或读音集合未覆盖；不猜测
鲸凉鹤1.1手心挂接.txt	网眼	whyf	whyf	未知飞键、非音码或读音集合未覆盖；不猜测
鲸凉鹤1.1手心挂接.txt	亡语	whyg	whyg	未知飞键、非音码或读音集合未覆盖；不猜测
鲸凉鹤1.1手心挂接.txt	妄语	whyg	whyg	未知飞键、非音码或读音集合未覆盖；不猜测
鲸凉鹤1.1手心挂接.txt	王总	whzl	whzl	未知飞键、非音码或读音集合未覆盖；不猜测
鲸凉鹤1.1手心挂接.txt	微微	wiwi	wiwi	未知飞键、非音码或读音集合未覆盖；不猜测
鲸凉鹤1.1手心挂接.txt	弯道	wjdl	wjdl	未知飞键、非音码或读音集合未覆盖；不猜测
鲸凉鹤1.1手心挂接.txt	弯刀	wjdl	wjdl	未知飞键、非音码或读音集合未覆盖；不猜测
鲸凉鹤1.1手心挂接.txt	晚归	wjgi	wjgi	未知飞键、非音码或读音集合未覆盖；不猜测
鲸凉鹤1.1手心挂接.txt	碗柜	wjgi	wjgi	未知飞键、非音码或读音集合未覆盖；不猜测
鲸凉鹤1.1手心挂接.txt	玩鬼	wjgi	wjgi	未知飞键、非音码或读音集合未覆盖；不猜测
鲸凉鹤1.1手心挂接.txt	万贯	wjgp	wjgp	未知飞键、非音码或读音集合未覆盖；不猜测
鲸凉鹤1.1手心挂接.txt	弯管	wjgp	wjgp	未知飞键、非音码或读音集合未覆盖；不猜测
鲸凉鹤1.1手心挂接.txt	弯道	wjjf	wjjf	未知飞键、非音码或读音集合未覆盖；不猜测
鲸凉鹤1.1手心挂接.txt	卍解	wjjp	wjjp	未知飞键、非音码或读音集合未覆盖；不猜测
鲸凉鹤1.1手心挂接.txt	晚间	wjjz	wjjz	未知飞键、非音码或读音集合未覆盖；不猜测
鲸凉鹤1.1手心挂接.txt	万箭	wjjz	wjjz	未知飞键、非音码或读音集合未覆盖；不猜测
鲸凉鹤1.1手心挂接.txt	万剑	wjjz	wjjz	未知飞键、非音码或读音集合未覆盖；不猜测
鲸凉鹤1.1手心挂接.txt	纨绔	wjkx	wjkx	未知飞键、非音码或读音集合未覆盖；不猜测
鲸凉鹤1.1手心挂接.txt	顽劣	wjlf	wjlf	未知飞键、非音码或读音集合未覆盖；不猜测
鲸凉鹤1.1手心挂接.txt	玩咯	wjlo	wjlo	未知飞键、非音码或读音集合未覆盖；不猜测
鲸凉鹤1.1手心挂接.txt	完满	wjmr	wjmr	未知飞键、非音码或读音集合未覆盖；不猜测
鲸凉鹤1.1手心挂接.txt	万亩	wjmx	wjmx	未知飞键、非音码或读音集合未覆盖；不猜测
鲸凉鹤1.1手心挂接.txt	万难	wjnz	wjnz	未知飞键、非音码或读音集合未覆盖；不猜测
鲸凉鹤1.1手心挂接.txt	皖南	wjnz	wjnz	未知飞键、非音码或读音集合未覆盖；不猜测
鲸凉鹤1.1手心挂接.txt	顽皮	wjpe	wjpe	未知飞键、非音码或读音集合未覆盖；不猜测
鲸凉鹤1.1手心挂接.txt	挽起	wjqe	wjqe	未知飞键、非音码或读音集合未覆盖；不猜测
鲸凉鹤1.1手心挂接.txt	弯腿	wjtl	wjtl	未知飞键、非音码或读音集合未覆盖；不猜测
鲸凉鹤1.1手心挂接.txt	完善	wjus	wjus	未知飞键、非音码或读音集合未覆盖；不猜测
鲸凉鹤1.1手心挂接.txt	顽症	wjvf	wjvf	未知飞键、非音码或读音集合未覆盖；不猜测
鲸凉鹤1.1手心挂接.txt	完整	wjvk	wjvk	未知飞键、非音码或读音集合未覆盖；不猜测
鲸凉鹤1.1手心挂接.txt	挽袖	wjxo	wjxo	未知飞键、非音码或读音集合未覆盖；不猜测
鲸凉鹤1.1手心挂接.txt	晚修	wjxo	wjxo	未知飞键、非音码或读音集合未覆盖；不猜测
鲸凉鹤1.1手心挂接.txt	蜿蜒	wjyf	wjyf	未知飞键、非音码或读音集合未覆盖；不猜测
鲸凉鹤1.1手心挂接.txt	晚宴	wjyf	wjyf	未知飞键、非音码或读音集合未覆盖；不猜测
鲸凉鹤1.1手心挂接.txt	完颜	wjyf	wjyf	未知飞键、非音码或读音集合未覆盖；不猜测
鲸凉鹤1.1手心挂接.txt	婉言	wjyf	wjyf	未知飞键、非音码或读音集合未覆盖；不猜测
鲸凉鹤1.1手心挂接.txt	晚于	wjyg	wjyg	未知飞键、非音码或读音集合未覆盖；不猜测
鲸凉鹤1.1手心挂接.txt	晚育	wjyg	wjyg	未知飞键、非音码或读音集合未覆盖；不猜测
鲸凉鹤1.1手心挂接.txt	婉瑜	wjyg	wjyg	未知飞键、非音码或读音集合未覆盖；不猜测
鲸凉鹤1.1手心挂接.txt	我艹	wocc	wocc	未知飞键、非音码或读音集合未覆盖；不猜测
鲸凉鹤1.1手心挂接.txt	卧倒	wodl	wodl	未知飞键、非音码或读音集合未覆盖；不猜测
鲸凉鹤1.1手心挂接.txt	我倒	wodl	wodl	未知飞键、非音码或读音集合未覆盖；不猜测
鲸凉鹤1.1手心挂接.txt	我到	wodl	wodl	未知飞键、非音码或读音集合未覆盖；不猜测
鲸凉鹤1.1手心挂接.txt	卧轨	wogi	wogi	未知飞键、非音码或读音集合未覆盖；不猜测
鲸凉鹤1.1手心挂接.txt	我管	wogp	wogp	未知飞键、非音码或读音集合未覆盖；不猜测
鲸凉鹤1.1手心挂接.txt	我囧	wojs	wojs	未知飞键、非音码或读音集合未覆盖；不猜测
鲸凉鹤1.1手心挂接.txt	我见	wojz	wojz	未知飞键、非音码或读音集合未覆盖；不猜测
鲸凉鹤1.1手心挂接.txt	我咧	wolf	wolf	未知飞键、非音码或读音集合未覆盖；不猜测
鲸凉鹤1.1手心挂接.txt	我咯	wolo	wolo	未知飞键、非音码或读音集合未覆盖；不猜测
鲸凉鹤1.1手心挂接.txt	握起	woqe	woqe	未知飞键、非音码或读音集合未覆盖；不猜测
鲸凉鹤1.1手心挂接.txt	卧推	wotl	wotl	未知飞键、非音码或读音集合未覆盖；不猜测
鲸凉鹤1.1手心挂接.txt	娃娃	wowo	wowo	未知飞键、非音码或读音集合未覆盖；不猜测
鲸凉鹤1.1手心挂接.txt	哇哇	wowo	wowo	未知飞键、非音码或读音集合未覆盖；不猜测
鲸凉鹤1.1手心挂接.txt	我与	woyg	woyg	未知飞键、非音码或读音集合未覆盖；不猜测
鲸凉鹤1.1手心挂接.txt	我总	wozl	wozl	未知飞键、非音码或读音集合未覆盖；不猜测
鲸凉鹤1.1手心挂接.txt	无从	wucl	wucl	未知飞键、非音码或读音集合未覆盖；不猜测
鲸凉鹤1.1手心挂接.txt	舞蹈	wudl	wudl	未知飞键、非音码或读音集合未覆盖；不猜测
鲸凉鹤1.1手心挂接.txt	误导	wudl	wudl	未知飞键、非音码或读音集合未覆盖；不猜测
鲸凉鹤1.1手心挂接.txt	武打	wudw	wudw	未知飞键、非音码或读音集合未覆盖；不猜测
鲸凉鹤1.1手心挂接.txt	乌龟	wugi	wugi	未知飞键、非音码或读音集合未覆盖；不猜测
鲸凉鹤1.1手心挂接.txt	无关	wugp	wugp	未知飞键、非音码或读音集合未覆盖；不猜测
鲸凉鹤1.1手心挂接.txt	五官	wugp	wugp	未知飞键、非音码或读音集合未覆盖；不猜测
鲸凉鹤1.1手心挂接.txt	武馆	wugp	wugp	未知飞键、非音码或读音集合未覆盖；不猜测
鲸凉鹤1.1手心挂接.txt	武道	wujf	wujf	未知飞键、非音码或读音集合未覆盖；不猜测
鲸凉鹤1.1手心挂接.txt	悟道	wujf	wujf	未知飞键、非音码或读音集合未覆盖；不猜测
鲸凉鹤1.1手心挂接.txt	物件	wujz	wujz	未知飞键、非音码或读音集合未覆盖；不猜测
鲸凉鹤1.1手心挂接.txt	芜劣	wulf	wulf	未知飞键、非音码或读音集合未覆盖；不猜测
鲸凉鹤1.1手心挂接.txt	吴曼	wumr	wumr	未知飞键、非音码或读音集合未覆盖；不猜测
鲸凉鹤1.1手心挂接.txt	乌木	wumx	wumx	未知飞键、非音码或读音集合未覆盖；不猜测
鲸凉鹤1.1手心挂接.txt	呜喔	wuoo	wuoo	未知飞键、非音码或读音集合未覆盖；不猜测
鲸凉鹤1.1手心挂接.txt	无匹	wupe	wupe	未知飞键、非音码或读音集合未覆盖；不猜测
鲸凉鹤1.1手心挂接.txt	无皮	wupe	wupe	未知飞键、非音码或读音集合未覆盖；不猜测
鲸凉鹤1.1手心挂接.txt	巫婆	wups	wups	未知飞键、非音码或读音集合未覆盖；不猜测
鲸凉鹤1.1手心挂接.txt	无凭	wupx	wupx	未知飞键、非音码或读音集合未覆盖；不猜测
鲸凉鹤1.1手心挂接.txt	五瓶	wupx	wupx	未知飞键、非音码或读音集合未覆盖；不猜测
鲸凉鹤1.1手心挂接.txt	勿退	wutl	wutl	未知飞键、非音码或读音集合未覆盖；不猜测
鲸凉鹤1.1手心挂接.txt	无腿	wutl	wutl	未知飞键、非音码或读音集合未覆盖；不猜测
鲸凉鹤1.1手心挂接.txt	误删	wuus	wuus	未知飞键、非音码或读音集合未覆盖；不猜测
鲸凉鹤1.1手心挂接.txt	巫山	wuus	wuus	未知飞键、非音码或读音集合未覆盖；不猜测
鲸凉鹤1.1手心挂接.txt	无证	wuvk	wuvk	未知飞键、非音码或读音集合未覆盖；不猜测
鲸凉鹤1.1手心挂接.txt	午休	wuxo	wuxo	未知飞键、非音码或读音集合未覆盖；不猜测
鲸凉鹤1.1手心挂接.txt	无休	wuxo	wuxo	未知飞键、非音码或读音集合未覆盖；不猜测
鲸凉鹤1.1手心挂接.txt	无袖	wuxo	wuxo	未知飞键、非音码或读音集合未覆盖；不猜测
鲸凉鹤1.1手心挂接.txt	无修	wuxo	wuxo	未知飞键、非音码或读音集合未覆盖；不猜测
鲸凉鹤1.1手心挂接.txt	屋檐	wuyf	wuyf	未知飞键、非音码或读音集合未覆盖；不猜测
鲸凉鹤1.1手心挂接.txt	无言	wuyf	wuyf	未知飞键、非音码或读音集合未覆盖；不猜测
鲸凉鹤1.1手心挂接.txt	无烟	wuyf	wuyf	未知飞键、非音码或读音集合未覆盖；不猜测
鲸凉鹤1.1手心挂接.txt	无颜	wuyf	wuyf	未知飞键、非音码或读音集合未覆盖；不猜测
鲸凉鹤1.1手心挂接.txt	无语	wuyg	wuyg	未知飞键、非音码或读音集合未覆盖；不猜测
鲸凉鹤1.1手心挂接.txt	物语	wuyg	wuyg	未知飞键、非音码或读音集合未覆盖；不猜测
鲸凉鹤1.1手心挂接.txt	物欲	wuyg	wuyg	未知飞键、非音码或读音集合未覆盖；不猜测
鲸凉鹤1.1手心挂接.txt	无踪	wuzl	wuzl	未知飞键、非音码或读音集合未覆盖；不猜测
鲸凉鹤1.1手心挂接.txt	吴总	wuzl	wuzl	未知飞键、非音码或读音集合未覆盖；不猜测
鲸凉鹤1.1手心挂接.txt	为从	wwcl	wwcl	未知飞键、非音码或读音集合未覆盖；不猜测
鲸凉鹤1.1手心挂接.txt	猥獕	wwcv	wwcv	未知飞键、非音码或读音集合未覆盖；不猜测
鲸凉鹤1.1手心挂接.txt	味道	wwdl	wwdl	未知飞键、非音码或读音集合未覆盖；不猜测
鲸凉鹤1.1手心挂接.txt	喂到	wwdl	wwdl	未知飞键、非音码或读音集合未覆盖；不猜测
鲸凉鹤1.1手心挂接.txt	违规	wwgi	wwgi	未知飞键、非音码或读音集合未覆盖；不猜测
鲸凉鹤1.1手心挂接.txt	未归	wwgi	wwgi	未知飞键、非音码或读音集合未覆盖；不猜测
鲸凉鹤1.1手心挂接.txt	为贵	wwgi	wwgi	未知飞键、非音码或读音集合未覆盖；不猜测
鲸凉鹤1.1手心挂接.txt	围观	wwgp	wwgp	未知飞键、非音码或读音集合未覆盖；不猜测
鲸凉鹤1.1手心挂接.txt	微观	wwgp	wwgp	未知飞键、非音码或读音集合未覆盖；不猜测
鲸凉鹤1.1手心挂接.txt	为官	wwgp	wwgp	未知飞键、非音码或读音集合未覆盖；不猜测
鲸凉鹤1.1手心挂接.txt	味道	wwjf	wwjf	未知飞键、非音码或读音集合未覆盖；不猜测
鲸凉鹤1.1手心挂接.txt	卫道	wwjf	wwjf	未知飞键、非音码或读音集合未覆盖；不猜测
鲸凉鹤1.1手心挂接.txt	慰籍	wwjp	wwjp	未知飞键、非音码或读音集合未覆盖；不猜测
鲸凉鹤1.1手心挂接.txt	未见	wwjz	wwjz	未知飞键、非音码或读音集合未覆盖；不猜测
鲸凉鹤1.1手心挂接.txt	伪劣	wwlf	wwlf	未知飞键、非音码或读音集合未覆盖；不猜测
鲸凉鹤1.1手心挂接.txt	位列	wwlf	wwlf	未知飞键、非音码或读音集合未覆盖；不猜测
鲸凉鹤1.1手心挂接.txt	围猎	wwlf	wwlf	未知飞键、非音码或读音集合未覆盖；不猜测
鲸凉鹤1.1手心挂接.txt	未满	wwmr	wwmr	未知飞键、非音码或读音集合未覆盖；不猜测
鲸凉鹤1.1手心挂接.txt	帷幕	wwmx	wwmx	未知飞键、非音码或读音集合未覆盖；不猜测
鲸凉鹤1.1手心挂接.txt	为难	wwnz	wwnz	未知飞键、非音码或读音集合未覆盖；不猜测
鲸凉鹤1.1手心挂接.txt	危难	wwnz	wwnz	未知飞键、非音码或读音集合未覆盖；不猜测
鲸凉鹤1.1手心挂接.txt	畏难	wwnz	wwnz	未知飞键、非音码或读音集合未覆盖；不猜测
鲸凉鹤1.1手心挂接.txt	渭南	wwnz	wwnz	未知飞键、非音码或读音集合未覆盖；不猜测
鲸凉鹤1.1手心挂接.txt	未批	wwpe	wwpe	未知飞键、非音码或读音集合未覆盖；不猜测
鲸凉鹤1.1手心挂接.txt	威迫	wwps	wwps	未知飞键、非音码或读音集合未覆盖；不猜测
鲸凉鹤1.1手心挂接.txt	危迫	wwps	wwps	未知飞键、非音码或读音集合未覆盖；不猜测
鲸凉鹤1.1手心挂接.txt	为凭	wwpx	wwpx	未知飞键、非音码或读音集合未覆盖；不猜测
鲸凉鹤1.1手心挂接.txt	卫平	wwpx	wwpx	未知飞键、非音码或读音集合未覆盖；不猜测
鲸凉鹤1.1手心挂接.txt	未退	wwtl	wwtl	未知飞键、非音码或读音集合未覆盖；不猜测
鲸凉鹤1.1手心挂接.txt	伪善	wwus	wwus	未知飞键、非音码或读音集合未覆盖；不猜测
鲸凉鹤1.1手心挂接.txt	为善	wwus	wwus	未知飞键、非音码或读音集合未覆盖；不猜测
鲸凉鹤1.1手心挂接.txt	谓之	wwvp	wwvp	未知飞键、非音码或读音集合未覆盖；不猜测
鲸凉鹤1.1手心挂接.txt	未向	wwxj	wwxj	未知飞键、非音码或读音集合未覆盖；不猜测
鲸凉鹤1.1手心挂接.txt	维修	wwxo	wwxo	未知飞键、非音码或读音集合未覆盖；不猜测
鲸凉鹤1.1手心挂接.txt	威严	wwyf	wwyf	未知飞键、非音码或读音集合未覆盖；不猜测
鲸凉鹤1.1手心挂接.txt	胃炎	wwyf	wwyf	未知飞键、非音码或读音集合未覆盖；不猜测
鲸凉鹤1.1手心挂接.txt	魏延	wwyf	wwyf	未知飞键、非音码或读音集合未覆盖；不猜测
鲸凉鹤1.1手心挂接.txt	位于	wwyg	wwyg	未知飞键、非音码或读音集合未覆盖；不猜测
鲸凉鹤1.1手心挂接.txt	谓语	wwyg	wwyg	未知飞键、非音码或读音集合未覆盖；不猜测
鲸凉鹤1.1手心挂接.txt	喂鱼	wwyg	wwyg	未知飞键、非音码或读音集合未覆盖；不猜测
鲸凉鹤1.1手心挂接.txt	味噌	wwzg	wwzg	未知飞键、非音码或读音集合未覆盖；不猜测
鲸凉鹤1.1手心挂接.txt	妄行	wxkh	wxkh	未知飞键、非音码或读音集合未覆盖；不猜测
鲸凉鹤1.1手心挂接.txt	信从	xbcl	xbcl	未知飞键、非音码或读音集合未覆盖；不猜测
鲸凉鹤1.1手心挂接.txt	心道	xbdl	xbdl	未知飞键、非音码或读音集合未覆盖；不猜测
鲸凉鹤1.1手心挂接.txt	信道	xbdl	xbdl	未知飞键、非音码或读音集合未覆盖；不猜测
鲸凉鹤1.1手心挂接.txt	新规	xbgi	xbgi	未知飞键、非音码或读音集合未覆盖；不猜测
鲸凉鹤1.1手心挂接.txt	新贵	xbgi	xbgi	未知飞键、非音码或读音集合未覆盖；不猜测
鲸凉鹤1.1手心挂接.txt	新冠	xbgp	xbgp	未知飞键、非音码或读音集合未覆盖；不猜测
鲸凉鹤1.1手心挂接.txt	信道	xbjf	xbjf	未知飞键、非音码或读音集合未覆盖；不猜测
鲸凉鹤1.1手心挂接.txt	心道	xbjf	xbjf	未知飞键、非音码或读音集合未覆盖；不猜测
鲸凉鹤1.1手心挂接.txt	信件	xbjz	xbjz	未知飞键、非音码或读音集合未覆盖；不猜测
鲸凉鹤1.1手心挂接.txt	新建	xbjz	xbjz	未知飞键、非音码或读音集合未覆盖；不猜测
鲸凉鹤1.1手心挂接.txt	信笺	xbjz	xbjz	未知飞键、非音码或读音集合未覆盖；不猜测
鲸凉鹤1.1手心挂接.txt	心间	xbjz	xbjz	未知飞键、非音码或读音集合未覆盖；不猜测
鲸凉鹤1.1手心挂接.txt	心目	xbmx	xbmx	未知飞键、非音码或读音集合未覆盖；不猜测
鲸凉鹤1.1手心挂接.txt	新皮	xbpe	xbpe	未知飞键、非音码或读音集合未覆盖；不猜测
鲸凉鹤1.1手心挂接.txt	心脾	xbpe	xbpe	未知飞键、非音码或读音集合未覆盖；不猜测
鲸凉鹤1.1手心挂接.txt	心魄	xbps	xbps	未知飞键、非音码或读音集合未覆盖；不猜测
鲸凉鹤1.1手心挂接.txt	新平	xbpx	xbpx	未知飞键、非音码或读音集合未覆盖；不猜测
鲸凉鹤1.1手心挂接.txt	新推	xbtl	xbtl	未知飞键、非音码或读音集合未覆盖；不猜测
鲸凉鹤1.1手心挂接.txt	心善	xbus	xbus	未知飞键、非音码或读音集合未覆盖；不猜测
鲸凉鹤1.1手心挂接.txt	新政	xbvk	xbvk	未知飞键、非音码或读音集合未覆盖；不猜测
鲸凉鹤1.1手心挂接.txt	新秀	xbxo	xbxo	未知飞键、非音码或读音集合未覆盖；不猜测
鲸凉鹤1.1手心挂接.txt	新修	xbxo	xbxo	未知飞键、非音码或读音集合未覆盖；不猜测
鲸凉鹤1.1手心挂接.txt	心宿	xbxo	xbxo	未知飞键、非音码或读音集合未覆盖；不猜测
鲸凉鹤1.1手心挂接.txt	心弦	xbxr	xbxr	未知飞键、非音码或读音集合未覆盖；不猜测
鲸凉鹤1.1手心挂接.txt	心眼	xbyf	xbyf	未知飞键、非音码或读音集合未覆盖；不猜测
鲸凉鹤1.1手心挂接.txt	信誉	xbyg	xbyg	未知飞键、非音码或读音集合未覆盖；不猜测
鲸凉鹤1.1手心挂接.txt	心语	xbyg	xbyg	未知飞键、非音码或读音集合未覆盖；不猜测
鲸凉鹤1.1手心挂接.txt	像是	xeui	xeui	未知飞键、非音码或读音集合未覆盖；不猜测
鲸凉鹤1.1手心挂接.txt	系诶	xiei	xiei	未知飞键、非音码或读音集合未覆盖；不猜测
鲸凉鹤1.1手心挂接.txt	矽肺	xifw	xifw	未知飞键、非音码或读音集合未覆盖；不猜测
鲸凉鹤1.1手心挂接.txt	西归	xigi	xigi	未知飞键、非音码或读音集合未覆盖；不猜测
鲸凉鹤1.1手心挂接.txt	习惯	xigp	xigp	未知飞键、非音码或读音集合未覆盖；不猜测
鲸凉鹤1.1手心挂接.txt	吸管	xigp	xigp	未知飞键、非音码或读音集合未覆盖；不猜测
鲸凉鹤1.1手心挂接.txt	细管	xigp	xigp	未知飞键、非音码或读音集合未覆盖；不猜测
鲸凉鹤1.1手心挂接.txt	席间	xijz	xijz	未知飞键、非音码或读音集合未覆盖；不猜测
鲸凉鹤1.1手心挂接.txt	系列	xilf	xilf	未知飞键、非音码或读音集合未覆盖；不猜测
鲸凉鹤1.1手心挂接.txt	细目	ximx	ximx	未知飞键、非音码或读音集合未覆盖；不猜测
鲸凉鹤1.1手心挂接.txt	西南	xinz	xinz	未知飞键、非音码或读音集合未覆盖；不猜测
鲸凉鹤1.1手心挂接.txt	嬉皮	xipe	xipe	未知飞键、非音码或读音集合未覆盖；不猜测
鲸凉鹤1.1手心挂接.txt	西坡	xips	xips	未知飞键、非音码或读音集合未覆盖；不猜测
鲸凉鹤1.1手心挂接.txt	熄屏	xipx	xipx	未知飞键、非音码或读音集合未覆盖；不猜测
鲸凉鹤1.1手心挂接.txt	息屏	xipx	xipx	未知飞键、非音码或读音集合未覆盖；不猜测
鲸凉鹤1.1手心挂接.txt	细腿	xitl	xitl	未知飞键、非音码或读音集合未覆盖；不猜测
鲸凉鹤1.1手心挂接.txt	西退	xitl	xitl	未知飞键、非音码或读音集合未覆盖；不猜测
鲸凉鹤1.1手心挂接.txt	西山	xius	xius	未知飞键、非音码或读音集合未覆盖；不猜测
鲸凉鹤1.1手心挂接.txt	欷吁	xixu	xixu	未知飞键、非音码或读音集合未覆盖；不猜测
鲸凉鹤1.1手心挂接.txt	吸烟	xiyf	xiyf	未知飞键、非音码或读音集合未覆盖；不猜测
鲸凉鹤1.1手心挂接.txt	戏言	xiyf	xiyf	未知飞键、非音码或读音集合未覆盖；不猜测
鲸凉鹤1.1手心挂接.txt	喜宴	xiyf	xiyf	未知飞键、非音码或读音集合未覆盖；不猜测
鲸凉鹤1.1手心挂接.txt	西域	xiyg	xiyg	未知飞键、非音码或读音集合未覆盖；不猜测
鲸凉鹤1.1手心挂接.txt	细雨	xiyg	xiyg	未知飞键、非音码或读音集合未覆盖；不猜测
鲸凉鹤1.1手心挂接.txt	洗浴	xiyg	xiyg	未知飞键、非音码或读音集合未覆盖；不猜测
鲸凉鹤1.1手心挂接.txt	细说	xiyt	xiyt	未知飞键、非音码或读音集合未覆盖；不猜测
鲸凉鹤1.1手心挂接.txt	习总	xizl	xizl	未知飞键、非音码或读音集合未覆盖；不猜测
鲸凉鹤1.1手心挂接.txt	向北	xjbw	xjbw	未知飞键、非音码或读音集合未覆盖；不猜测
鲸凉鹤1.1手心挂接.txt	向导	xjdc	xjdc	未知飞键、非音码或读音集合未覆盖；不猜测
鲸凉鹤1.1手心挂接.txt	向导	xjdl	xjdl	未知飞键、非音码或读音集合未覆盖；不猜测
鲸凉鹤1.1手心挂接.txt	向东	xjds	xjds	未知飞键、非音码或读音集合未覆盖；不猜测
鲸凉鹤1.1手心挂接.txt	向佛	xjfo	xjfo	未知飞键、非音码或读音集合未覆盖；不猜测
鲸凉鹤1.1手心挂接.txt	向光	xjgl	xjgl	未知飞键、非音码或读音集合未覆盖；不猜测
鲸凉鹤1.1手心挂接.txt	向海	xjhd	xjhd	未知飞键、非音码或读音集合未覆盖；不猜测
鲸凉鹤1.1手心挂接.txt	向恒	xjhg	xjhg	未知飞键、非音码或读音集合未覆盖；不猜测
鲸凉鹤1.1手心挂接.txt	向红	xjhs	xjhs	未知飞键、非音码或读音集合未覆盖；不猜测
鲸凉鹤1.1手心挂接.txt	向后	xjhz	xjhz	未知飞键、非音码或读音集合未覆盖；不猜测
鲸凉鹤1.1手心挂接.txt	向娟	xjjr	xjjr	未知飞键、非音码或读音集合未覆盖；不猜测
鲸凉鹤1.1手心挂接.txt	向来	xjld	xjld	未知飞键、非音码或读音集合未覆盖；不猜测
鲸凉鹤1.1手心挂接.txt	向里	xjli	xjli	未知飞键、非音码或读音集合未覆盖；不猜测
鲸凉鹤1.1手心挂接.txt	向量	xjll	xjll	未知飞键、非音码或读音集合未覆盖；不猜测
鲸凉鹤1.1手心挂接.txt	向那	xjna	xjna	未知飞键、非音码或读音集合未覆盖；不猜测
鲸凉鹤1.1手心挂接.txt	向哪	xjna	xjna	未知飞键、非音码或读音集合未覆盖；不猜测
鲸凉鹤1.1手心挂接.txt	向您	xjnb	xjnb	未知飞键、非音码或读音集合未覆盖；不猜测
鲸凉鹤1.1手心挂接.txt	向你	xjni	xjni	未知飞键、非音码或读音集合未覆盖；不猜测
鲸凉鹤1.1手心挂接.txt	向南	xjnj	xjnj	未知飞键、非音码或读音集合未覆盖；不猜测
鲸凉鹤1.1手心挂接.txt	向暖	xjnr	xjnr	未知飞键、非音码或读音集合未覆盖；不猜测
鲸凉鹤1.1手心挂接.txt	向内	xjnw	xjnw	未知飞键、非音码或读音集合未覆盖；不猜测
鲸凉鹤1.1手心挂接.txt	向南	xjnz	xjnz	未知飞键、非音码或读音集合未覆盖；不猜测
鲸凉鹤1.1手心挂接.txt	向前	xjqm	xjqm	未知飞键、非音码或读音集合未覆盖；不猜测
鲸凉鹤1.1手心挂接.txt	向群	xjqy	xjqy	未知飞键、非音码或读音集合未覆盖；不猜测
鲸凉鹤1.1手心挂接.txt	向日	xjri	xjri	未知飞键、非音码或读音集合未覆盖；不猜测
鲸凉鹤1.1手心挂接.txt	向塘	xjth	xjth	未知飞键、非音码或读音集合未覆盖；不猜测
鲸凉鹤1.1手心挂接.txt	向上	xjuh	xjuh	未知飞键、非音码或读音集合未覆盖；不猜测
鲸凉鹤1.1手心挂接.txt	向善	xjuj	xjuj	未知飞键、非音码或读音集合未覆盖；不猜测
鲸凉鹤1.1手心挂接.txt	向善	xjus	xjus	未知飞键、非音码或读音集合未覆盖；不猜测
鲸凉鹤1.1手心挂接.txt	向谁	xjuw	xjuw	未知飞键、非音码或读音集合未覆盖；不猜测
鲸凉鹤1.1手心挂接.txt	向着	xjve	xjve	未知飞键、非音码或读音集合未覆盖；不猜测
鲸凉鹤1.1手心挂接.txt	向外	xjwd	xjwd	未知飞键、非音码或读音集合未覆盖；不猜测
鲸凉鹤1.1手心挂接.txt	向往	xjwh	xjwh	未知飞键、非音码或读音集合未覆盖；不猜测
鲸凉鹤1.1手心挂接.txt	向晚	xjwj	xjwj	未知飞键、非音码或读音集合未覆盖；不猜测
鲸凉鹤1.1手心挂接.txt	向我	xjwo	xjwo	未知飞键、非音码或读音集合未覆盖；不猜测
鲸凉鹤1.1手心挂接.txt	向心	xjxb	xjxb	未知飞键、非音码或读音集合未覆盖；不猜测
鲸凉鹤1.1手心挂接.txt	向西	xjxi	xjxi	未知飞键、非音码或读音集合未覆盖；不猜测
鲸凉鹤1.1手心挂接.txt	残雪	xjxt	xjxt	未知飞键、非音码或读音集合未覆盖；不猜测
鲸凉鹤1.1手心挂接.txt	向学	xjxt	xjxt	未知飞键、非音码或读音集合未覆盖；不猜测
鲸凉鹤1.1手心挂接.txt	向下	xjxx	xjxx	未知飞键、非音码或读音集合未覆盖；不猜测
鲸凉鹤1.1手心挂接.txt	向阳	xjyh	xjyh	未知飞键、非音码或读音集合未覆盖；不猜测
鲸凉鹤1.1手心挂接.txt	向右	xjyz	xjyz	未知飞键、非音码或读音集合未覆盖；不猜测
鲸凉鹤1.1手心挂接.txt	向左	xjzo	xjzo	未知飞键、非音码或读音集合未覆盖；不猜测
鲸凉鹤1.1手心挂接.txt	行到	xkdl	xkdl	未知飞键、非音码或读音集合未覆盖；不猜测
鲸凉鹤1.1手心挂接.txt	行道	xkdl	xkdl	未知飞键、非音码或读音集合未覆盖；不猜测
鲸凉鹤1.1手心挂接.txt	星轨	xkgi	xkgi	未知飞键、非音码或读音集合未覆盖；不猜测
鲸凉鹤1.1手心挂接.txt	行管	xkgp	xkgp	未知飞键、非音码或读音集合未覆盖；不猜测
鲸凉鹤1.1手心挂接.txt	行楷	xkjd	xkjd	未知飞键、非音码或读音集合未覆盖；不猜测
鲸凉鹤1.1手心挂接.txt	兴建	xkjz	xkjz	未知飞键、非音码或读音集合未覆盖；不猜测
鲸凉鹤1.1手心挂接.txt	行猎	xklf	xklf	未知飞键、非音码或读音集合未覆盖；不猜测
鲸凉鹤1.1手心挂接.txt	行咯	xklo	xklo	未知飞键、非音码或读音集合未覆盖；不猜测
鲸凉鹤1.1手心挂接.txt	刑满	xkmr	xkmr	未知飞键、非音码或读音集合未覆盖；不猜测
鲸凉鹤1.1手心挂接.txt	醒目	xkmx	xkmx	未知飞键、非音码或读音集合未覆盖；不猜测
鲸凉鹤1.1手心挂接.txt	型男	xknz	xknz	未知飞键、非音码或读音集合未覆盖；不猜测
鲸凉鹤1.1手心挂接.txt	性癖	xkpe	xkpe	未知飞键、非音码或读音集合未覆盖；不猜测
鲸凉鹤1.1手心挂接.txt	醒脾	xkpe	xkpe	未知飞键、非音码或读音集合未覆盖；不猜测
鲸凉鹤1.1手心挂接.txt	兴平	xkpx	xkpx	未知飞键、非音码或读音集合未覆盖；不猜测
鲸凉鹤1.1手心挂接.txt	性平	xkpx	xkpx	未知飞键、非音码或读音集合未覆盖；不猜测
鲸凉鹤1.1手心挂接.txt	兴起	xkqe	xkqe	未知飞键、非音码或读音集合未覆盖；不猜测
鲸凉鹤1.1手心挂接.txt	辛酸	xksr	xksr	未知飞键、非音码或读音集合未覆盖；不猜测
鲸凉鹤1.1手心挂接.txt	型腿	xktl	xktl	未知飞键、非音码或读音集合未覆盖；不猜测
鲸凉鹤1.1手心挂接.txt	行善	xkus	xkus	未知飞键、非音码或读音集合未覆盖；不猜测
鲸凉鹤1.1手心挂接.txt	性善	xkus	xkus	未知飞键、非音码或读音集合未覆盖；不猜测
鲸凉鹤1.1手心挂接.txt	行政	xkvk	xkvk	未知飞键、非音码或读音集合未覆盖；不猜测
鲸凉鹤1.1手心挂接.txt	性征	xkvk	xkvk	未知飞键、非音码或读音集合未覆盖；不猜测
鲸凉鹤1.1手心挂接.txt	姓郑	xkvk	xkvk	未知飞键、非音码或读音集合未覆盖；不猜测
鲸凉鹤1.1手心挂接.txt	星礈	xkvv	xkvv	未知飞键、非音码或读音集合未覆盖；不猜测
鲸凉鹤1.1手心挂接.txt	星宿	xkxo	xkxo	未知飞键、非音码或读音集合未覆盖；不猜测
鲸凉鹤1.1手心挂接.txt	兴修	xkxo	xkxo	未知飞键、非音码或读音集合未覆盖；不猜测
鲸凉鹤1.1手心挂接.txt	杏眼	xkyf	xkyf	未知飞键、非音码或读音集合未覆盖；不猜测
鲸凉鹤1.1手心挂接.txt	星域	xkyg	xkyg	未知飞键、非音码或读音集合未覆盖；不猜测
鲸凉鹤1.1手心挂接.txt	性欲	xkyg	xkyg	未知飞键、非音码或读音集合未覆盖；不猜测
鲸凉鹤1.1手心挂接.txt	星宇	xkyg	xkyg	未知飞键、非音码或读音集合未覆盖；不猜测
鲸凉鹤1.1手心挂接.txt	行踪	xkzl	xkzl	未知飞键、非音码或读音集合未覆盖；不猜测
鲸凉鹤1.1手心挂接.txt	想从	xlcl	xlcl	未知飞键、非音码或读音集合未覆盖；不猜测
鲸凉鹤1.1手心挂接.txt	香葱	xlcl	xlcl	未知飞键、非音码或读音集合未覆盖；不猜测
鲸凉鹤1.1手心挂接.txt	想到	xldl	xldl	未知飞键、非音码或读音集合未覆盖；不猜测
鲸凉鹤1.1手心挂接.txt	向导	xldl	xldl	未知飞键、非音码或读音集合未覆盖；不猜测
鲸凉鹤1.1手心挂接.txt	想打	xldw	xldw	未知飞键、非音码或读音集合未覆盖；不猜测
鲸凉鹤1.1手心挂接.txt	湘桂	xlgi	xlgi	未知飞键、非音码或读音集合未覆盖；不猜测
鲸凉鹤1.1手心挂接.txt	相关	xlgp	xlgp	未知飞键、非音码或读音集合未覆盖；不猜测
鲸凉鹤1.1手心挂接.txt	乡官	xlgp	xlgp	未知飞键、非音码或读音集合未覆盖；不猜测
鲸凉鹤1.1手心挂接.txt	想道	xljf	xljf	未知飞键、非音码或读音集合未覆盖；不猜测
鲸凉鹤1.1手心挂接.txt	相见	xljz	xljz	未知飞键、非音码或读音集合未覆盖；不猜测
鲸凉鹤1.1手心挂接.txt	相间	xljz	xljz	未知飞键、非音码或读音集合未覆盖；不猜测
鲸凉鹤1.1手心挂接.txt	乡间	xljz	xljz	未知飞键、非音码或读音集合未覆盖；不猜测
鲸凉鹤1.1手心挂接.txt	详见	xljz	xljz	未知飞键、非音码或读音集合未覆盖；不猜测
鲸凉鹤1.1手心挂接.txt	相埒	xllf	xllf	未知飞键、非音码或读音集合未覆盖；不猜测
鲸凉鹤1.1手心挂接.txt	详列	xllf	xllf	未知飞键、非音码或读音集合未覆盖；不猜测
鲸凉鹤1.1手心挂接.txt	相瞒	xlmr	xlmr	未知飞键、非音码或读音集合未覆盖；不猜测
鲸凉鹤1.1手心挂接.txt	项目	xlmx	xlmx	未知飞键、非音码或读音集合未覆盖；不猜测
鲸凉鹤1.1手心挂接.txt	向南	xlnz	xlnz	未知飞键、非音码或读音集合未覆盖；不猜测
鲸凉鹤1.1手心挂接.txt	橡皮	xlpe	xlpe	未知飞键、非音码或读音集合未覆盖；不猜测
鲸凉鹤1.1手心挂接.txt	乡僻	xlpe	xlpe	未知飞键、非音码或读音集合未覆盖；不猜测
鲸凉鹤1.1手心挂接.txt	响屁	xlpe	xlpe	未知飞键、非音码或读音集合未覆盖；不猜测
鲸凉鹤1.1手心挂接.txt	想破	xlps	xlps	未知飞键、非音码或读音集合未覆盖；不猜测
鲸凉鹤1.1手心挂接.txt	想起	xlqe	xlqe	未知飞键、非音码或读音集合未覆盖；不猜测
鲸凉鹤1.1手心挂接.txt	响起	xlqe	xlqe	未知飞键、非音码或读音集合未覆盖；不猜测
鲸凉鹤1.1手心挂接.txt	相思	xlsd	xlsd	未知飞键、非音码或读音集合未覆盖；不猜测
鲸凉鹤1.1手心挂接.txt	想退	xltl	xltl	未知飞键、非音码或读音集合未覆盖；不猜测
鲸凉鹤1.1手心挂接.txt	向善	xlus	xlus	未知飞键、非音码或读音集合未覆盖；不猜测
鲸凉鹤1.1手心挂接.txt	香山	xlus	xlus	未知飞键、非音码或读音集合未覆盖；不猜测
鲸凉鹤1.1手心挂接.txt	象征	xlvk	xlvk	未知飞键、非音码或读音集合未覆盖；不猜测
鲸凉鹤1.1手心挂接.txt	相争	xlvk	xlvk	未知飞键、非音码或读音集合未覆盖；不猜测
鲸凉鹤1.1手心挂接.txt	乡正	xlvk	xlvk	未知飞键、非音码或读音集合未覆盖；不猜测
鲸凉鹤1.1手心挂接.txt	想像	xlxe	xlxe	未知飞键、非音码或读音集合未覆盖；不猜测
鲸凉鹤1.1手心挂接.txt	湘绣	xlxo	xlxo	未知飞键、非音码或读音集合未覆盖；不猜测
鲸凉鹤1.1手心挂接.txt	香烟	xlyf	xlyf	未知飞键、非音码或读音集合未覆盖；不猜测
鲸凉鹤1.1手心挂接.txt	香艳	xlyf	xlyf	未知飞键、非音码或读音集合未覆盖；不猜测
鲸凉鹤1.1手心挂接.txt	相遇	xlyg	xlyg	未知飞键、非音码或读音集合未覆盖；不猜测
鲸凉鹤1.1手心挂接.txt	项羽	xlyg	xlyg	未知飞键、非音码或读音集合未覆盖；不猜测
鲸凉鹤1.1手心挂接.txt	香芋	xlyg	xlyg	未知飞键、非音码或读音集合未覆盖；不猜测
鲸凉鹤1.1手心挂接.txt	香粽	xlzl	xlzl	未知飞键、非音码或读音集合未覆盖；不猜测
鲸凉鹤1.1手心挂接.txt	先从	xmcl	xmcl	未知飞键、非音码或读音集合未覆盖；不猜测
鲸凉鹤1.1手心挂接.txt	先到	xmdl	xmdl	未知飞键、非音码或读音集合未覆盖；不猜测
鲸凉鹤1.1手心挂接.txt	先导	xmdl	xmdl	未知飞键、非音码或读音集合未覆盖；不猜测
鲸凉鹤1.1手心挂接.txt	仙道	xmdl	xmdl	未知飞键、非音码或读音集合未覆盖；不猜测
鲸凉鹤1.1手心挂接.txt	仙岛	xmdl	xmdl	未知飞键、非音码或读音集合未覆盖；不猜测
鲸凉鹤1.1手心挂接.txt	先打	xmdw	xmdw	未知飞键、非音码或读音集合未覆盖；不猜测
鲸凉鹤1.1手心挂接.txt	显贵	xmgi	xmgi	未知飞键、非音码或读音集合未覆盖；不猜测
鲸凉鹤1.1手心挂接.txt	嫌贵	xmgi	xmgi	未知飞键、非音码或读音集合未覆盖；不猜测
鲸凉鹤1.1手心挂接.txt	县官	xmgp	xmgp	未知飞键、非音码或读音集合未覆盖；不猜测
鲸凉鹤1.1手心挂接.txt	仙道	xmjf	xmjf	未知飞键、非音码或读音集合未覆盖；不猜测
鲸凉鹤1.1手心挂接.txt	仙剑	xmjz	xmjz	未知飞键、非音码或读音集合未覆盖；不猜测
鲸凉鹤1.1手心挂接.txt	先烈	xmlf	xmlf	未知飞键、非音码或读音集合未覆盖；不猜测
鲸凉鹤1.1手心挂接.txt	嫌慢	xmmr	xmmr	未知飞键、非音码或读音集合未覆盖；不猜测
鲸凉鹤1.1手心挂接.txt	羡慕	xmmx	xmmx	未知飞键、非音码或读音集合未覆盖；不猜测
鲸凉鹤1.1手心挂接.txt	鲜啤	xmpe	xmpe	未知飞键、非音码或读音集合未覆盖；不猜测
鲸凉鹤1.1手心挂接.txt	险僻	xmpe	xmpe	未知飞键、非音码或读音集合未覆盖；不猜测
鲸凉鹤1.1手心挂接.txt	先平	xmpx	xmpx	未知飞键、非音码或读音集合未覆盖；不猜测
鲸凉鹤1.1手心挂接.txt	掀起	xmqe	xmqe	未知飞键、非音码或读音集合未覆盖；不猜测
鲸凉鹤1.1手心挂接.txt	先退	xmtl	xmtl	未知飞键、非音码或读音集合未覆盖；不猜测
鲸凉鹤1.1手心挂接.txt	现正	xmvk	xmvk	未知飞键、非音码或读音集合未覆盖；不猜测
鲸凉鹤1.1手心挂接.txt	纤秀	xmxo	xmxo	未知飞键、非音码或读音集合未覆盖；不猜测
鲸凉鹤1.1手心挂接.txt	先修	xmxo	xmxo	未知飞键、非音码或读音集合未覆盖；不猜测
鲸凉鹤1.1手心挂接.txt	鲜艳	xmyf	xmyf	未知飞键、非音码或读音集合未覆盖；不猜测
鲸凉鹤1.1手心挂接.txt	显眼	xmyf	xmyf	未知飞键、非音码或读音集合未覆盖；不猜测
鲸凉鹤1.1手心挂接.txt	闲言	xmyf	xmyf	未知飞键、非音码或读音集合未覆盖；不猜测
鲸凉鹤1.1手心挂接.txt	咸鱼	xmyg	xmyg	未知飞键、非音码或读音集合未覆盖；不猜测
鲸凉鹤1.1手心挂接.txt	闲鱼	xmyg	xmyg	未知飞键、非音码或读音集合未覆盖；不猜测
鲸凉鹤1.1手心挂接.txt	限于	xmyg	xmyg	未知飞键、非音码或读音集合未覆盖；不猜测
鲸凉鹤1.1手心挂接.txt	先于	xmyg	xmyg	未知飞键、非音码或读音集合未覆盖；不猜测
鲸凉鹤1.1手心挂接.txt	仙踪	xmzl	xmzl	未知飞键、非音码或读音集合未覆盖；不猜测
鲸凉鹤1.1手心挂接.txt	仙宗	xmzl	xmzl	未知飞键、非音码或读音集合未覆盖；不猜测
鲸凉鹤1.1手心挂接.txt	咸粽	xmzl	xmzl	未知飞键、非音码或读音集合未覆盖；不猜测
鲸凉鹤1.1手心挂接.txt	咸棕	xmzl	xmzl	未知飞键、非音码或读音集合未覆盖；不猜测
鲸凉鹤1.1手心挂接.txt	小葱	xncl	xncl	未知飞键、非音码或读音集合未覆盖；不猜测
鲸凉鹤1.1手心挂接.txt	笑道	xndl	xndl	未知飞键、非音码或读音集合未覆盖；不猜测
鲸凉鹤1.1手心挂接.txt	小刀	xndl	xndl	未知飞键、非音码或读音集合未覆盖；不猜测
鲸凉鹤1.1手心挂接.txt	小打	xndw	xndw	未知飞键、非音码或读音集合未覆盖；不猜测
鲸凉鹤1.1手心挂接.txt	小鬼	xngi	xngi	未知飞键、非音码或读音集合未覆盖；不猜测
鲸凉鹤1.1手心挂接.txt	校规	xngi	xngi	未知飞键、非音码或读音集合未覆盖；不猜测
鲸凉鹤1.1手心挂接.txt	小贵	xngi	xngi	未知飞键、非音码或读音集合未覆盖；不猜测
鲸凉鹤1.1手心挂接.txt	小官	xngp	xngp	未知飞键、非音码或读音集合未覆盖；不猜测
鲸凉鹤1.1手心挂接.txt	校官	xngp	xngp	未知飞键、非音码或读音集合未覆盖；不猜测
鲸凉鹤1.1手心挂接.txt	销冠	xngp	xngp	未知飞键、非音码或读音集合未覆盖；不猜测
鲸凉鹤1.1手心挂接.txt	小罐	xngp	xngp	未知飞键、非音码或读音集合未覆盖；不猜测
鲸凉鹤1.1手心挂接.txt	硝磺	xnhl	xnhl	未知飞键、非音码或读音集合未覆盖；不猜测
鲸凉鹤1.1手心挂接.txt	笑道	xnjf	xnjf	未知飞键、非音码或读音集合未覆盖；不猜测
鲸凉鹤1.1手心挂接.txt	消减	xnjz	xnjz	未知飞键、非音码或读音集合未覆盖；不猜测
鲸凉鹤1.1手心挂接.txt	小件	xnjz	xnjz	未知飞键、非音码或读音集合未覆盖；不猜测
鲸凉鹤1.1手心挂接.txt	削尖	xnjz	xnjz	未知飞键、非音码或读音集合未覆盖；不猜测
鲸凉鹤1.1手心挂接.txt	小烈	xnlf	xnlf	未知飞键、非音码或读音集合未覆盖；不猜测
鲸凉鹤1.1手心挂接.txt	小满	xnmr	xnmr	未知飞键、非音码或读音集合未覆盖；不猜测
鲸凉鹤1.1手心挂接.txt	小牧	xnmx	xnmx	未知飞键、非音码或读音集合未覆盖；不猜测
鲸凉鹤1.1手心挂接.txt	削皮	xnpe	xnpe	未知飞键、非音码或读音集合未覆盖；不猜测
鲸凉鹤1.1手心挂接.txt	小坡	xnps	xnps	未知飞键、非音码或读音集合未覆盖；不猜测
鲸凉鹤1.1手心挂接.txt	小瓶	xnpx	xnpx	未知飞键、非音码或读音集合未覆盖；不猜测
鲸凉鹤1.1手心挂接.txt	小腿	xntl	xntl	未知飞键、非音码或读音集合未覆盖；不猜测
鲸凉鹤1.1手心挂接.txt	消退	xntl	xntl	未知飞键、非音码或读音集合未覆盖；不猜测
鲸凉鹤1.1手心挂接.txt	消褪	xntl	xntl	未知飞键、非音码或读音集合未覆盖；不猜测
鲸凉鹤1.1手心挂接.txt	小山	xnus	xnus	未知飞键、非音码或读音集合未覆盖；不猜测
鲸凉鹤1.1手心挂接.txt	小郑	xnvk	xnvk	未知飞键、非音码或读音集合未覆盖；不猜测
鲸凉鹤1.1手心挂接.txt	硝烟	xnyf	xnyf	未知飞键、非音码或读音集合未覆盖；不猜测
鲸凉鹤1.1手心挂接.txt	消炎	xnyf	xnyf	未知飞键、非音码或读音集合未覆盖；不猜测
鲸凉鹤1.1手心挂接.txt	笑颜	xnyf	xnyf	未知飞键、非音码或读音集合未覆盖；不猜测
鲸凉鹤1.1手心挂接.txt	萧炎	xnyf	xnyf	未知飞键、非音码或读音集合未覆盖；不猜测
鲸凉鹤1.1手心挂接.txt	小雨	xnyg	xnyg	未知飞键、非音码或读音集合未覆盖；不猜测
鲸凉鹤1.1手心挂接.txt	小于	xnyg	xnyg	未知飞键、非音码或读音集合未覆盖；不猜测
鲸凉鹤1.1手心挂接.txt	小宗	xnzl	xnzl	未知飞键、非音码或读音集合未覆盖；不猜测
鲸凉鹤1.1手心挂接.txt	溴苯	xobf	xobf	未知飞键、非音码或读音集合未覆盖；不猜测
鲸凉鹤1.1手心挂接.txt	休班	xobj	xobj	未知飞键、非音码或读音集合未覆盖；不猜测
鲸凉鹤1.1手心挂接.txt	锈斑	xobj	xobj	未知飞键、非音码或读音集合未覆盖；不猜测
鲸凉鹤1.1手心挂接.txt	袖标	xobn	xobn	未知飞键、非音码或读音集合未覆盖；不猜测
鲸凉鹤1.1手心挂接.txt	修表	xobn	xobn	未知飞键、非音码或读音集合未覆盖；不猜测
鲸凉鹤1.1手心挂接.txt	修补	xobu	xobu	未知飞键、非音码或读音集合未覆盖；不猜测
鲸凉鹤1.1手心挂接.txt	秀才	xocd	xocd	未知飞键、非音码或读音集合未覆盖；不猜测
鲸凉鹤1.1手心挂接.txt	修辞	xoci	xoci	未知飞键、非音码或读音集合未覆盖；不猜测
鲸凉鹤1.1手心挂接.txt	羞惭	xocj	xocj	未知飞键、非音码或读音集合未覆盖；不猜测
鲸凉鹤1.1手心挂接.txt	嗅到	xodc	xodc	未知飞键、非音码或读音集合未覆盖；不猜测
鲸凉鹤1.1手心挂接.txt	修道	xodc	xodc	未知飞键、非音码或读音集合未覆盖；不猜测
鲸凉鹤1.1手心挂接.txt	修订	xodk	xodk	未知飞键、非音码或读音集合未覆盖；不猜测
鲸凉鹤1.1手心挂接.txt	修道	xodl	xodl	未知飞键、非音码或读音集合未覆盖；不猜测
鲸凉鹤1.1手心挂接.txt	嗅到	xodl	xodl	未知飞键、非音码或读音集合未覆盖；不猜测
鲸凉鹤1.1手心挂接.txt	锈刀	xodl	xodl	未知飞键、非音码或读音集合未覆盖；不猜测
鲸凉鹤1.1手心挂接.txt	秀逗	xodz	xodz	未知飞键、非音码或读音集合未覆盖；不猜测
鲸凉鹤1.1手心挂接.txt	秀儿	xoer	xoer	未知飞键、非音码或读音集合未覆盖；不猜测
鲸凉鹤1.1手心挂接.txt	秀发	xofa	xofa	未知飞键、非音码或读音集合未覆盖；不猜测
鲸凉鹤1.1手心挂接.txt	羞愤	xoff	xoff	未知飞键、非音码或读音集合未覆盖；不猜测
鲸凉鹤1.1手心挂接.txt	秀翻	xofj	xofj	未知飞键、非音码或读音集合未覆盖；不猜测
鲸凉鹤1.1手心挂接.txt	修复	xofu	xofu	未知飞键、非音码或读音集合未覆盖；不猜测
鲸凉鹤1.1手心挂接.txt	休夫	xofu	xofu	未知飞键、非音码或读音集合未覆盖；不猜测
鲸凉鹤1.1手心挂接.txt	修改	xogd	xogd	未知飞键、非音码或读音集合未覆盖；不猜测
鲸凉鹤1.1手心挂接.txt	休怪	xogk	xogk	未知飞键、非音码或读音集合未覆盖；不猜测
鲸凉鹤1.1手心挂接.txt	修勾	xogz	xogz	未知飞键、非音码或读音集合未覆盖；不猜测
鲸凉鹤1.1手心挂接.txt	修狗	xogz	xogz	未知飞键、非音码或读音集合未覆盖；不猜测
鲸凉鹤1.1手心挂接.txt	修好	xohc	xohc	未知飞键、非音码或读音集合未覆盖；不猜测
鲸凉鹤1.1手心挂接.txt	羞红	xohs	xohs	未知飞键、非音码或读音集合未覆盖；不猜测
鲸凉鹤1.1手心挂接.txt	修护	xohu	xohu	未知飞键、非音码或读音集合未覆盖；不猜测
鲸凉鹤1.1手心挂接.txt	绣花	xohx	xohx	未知飞键、非音码或读音集合未覆盖；不猜测
鲸凉鹤1.1手心挂接.txt	羞花	xohx	xohx	未知飞键、非音码或读音集合未覆盖；不猜测
鲸凉鹤1.1手心挂接.txt	修车	xoie	xoie	未知飞键、非音码或读音集合未覆盖；不猜测
鲸凉鹤1.1手心挂接.txt	修成	xoig	xoig	未知飞键、非音码或读音集合未覆盖；不猜测
鲸凉鹤1.1手心挂接.txt	修长	xoih	xoih	未知飞键、非音码或读音集合未覆盖；不猜测
鲸凉鹤1.1手心挂接.txt	羞耻	xoii	xoii	未知飞键、非音码或读音集合未覆盖；不猜测
鲸凉鹤1.1手心挂接.txt	修船	xoir	xoir	未知飞键、非音码或读音集合未覆盖；不猜测
鲸凉鹤1.1手心挂接.txt	修道	xojf	xojf	未知飞键、非音码或读音集合未覆盖；不猜测
鲸凉鹤1.1手心挂接.txt	锈迹	xoji	xoji	未知飞键、非音码或读音集合未覆盖；不猜测
鲸凉鹤1.1手心挂接.txt	秀吉	xoji	xoji	未知飞键、非音码或读音集合未覆盖；不猜测
鲸凉鹤1.1手心挂接.txt	修建	xojm	xojm	未知飞键、非音码或读音集合未覆盖；不猜测
鲸凉鹤1.1手心挂接.txt	修剪	xojm	xojm	未知飞键、非音码或读音集合未覆盖；不猜测
鲸凉鹤1.1手心挂接.txt	修脚	xojn	xojn	未知飞键、非音码或读音集合未覆盖；不猜测
鲸凉鹤1.1手心挂接.txt	嗅觉	xojt	xojt	未知飞键、非音码或读音集合未覆盖；不猜测
鲸凉鹤1.1手心挂接.txt	休假	xojx	xojx	未知飞键、非音码或读音集合未覆盖；不猜测
鲸凉鹤1.1手心挂接.txt	修建	xojz	xojz	未知飞键、非音码或读音集合未覆盖；不猜测
鲸凉鹤1.1手心挂接.txt	修剪	xojz	xojz	未知飞键、非音码或读音集合未覆盖；不猜测
鲸凉鹤1.1手心挂接.txt	休克	xoke	xoke	未知飞键、非音码或读音集合未覆盖；不猜测
鲸凉鹤1.1手心挂接.txt	休刊	xokj	xokj	未知飞键、非音码或读音集合未覆盖；不猜测
鲸凉鹤1.1手心挂接.txt	修库	xoku	xoku	未知飞键、非音码或读音集合未覆盖；不猜测
鲸凉鹤1.1手心挂接.txt	羞愧	xokv	xokv	未知飞键、非音码或读音集合未覆盖；不猜测
鲸凉鹤1.1手心挂接.txt	袖口	xokz	xokz	未知飞键、非音码或读音集合未覆盖；不猜测
鲸凉鹤1.1手心挂接.txt	修了	xole	xole	未知飞键、非音码或读音集合未覆盖；不猜测
鲸凉鹤1.1手心挂接.txt	休了	xole	xole	未知飞键、非音码或读音集合未覆盖；不猜测
鲸凉鹤1.1手心挂接.txt	秀了	xole	xole	未知飞键、非音码或读音集合未覆盖；不猜测
鲸凉鹤1.1手心挂接.txt	锈了	xole	xole	未知飞键、非音码或读音集合未覆盖；不猜测
鲸凉鹤1.1手心挂接.txt	修理	xoli	xoli	未知飞键、非音码或读音集合未覆盖；不猜测
鲸凉鹤1.1手心挂接.txt	秀丽	xoli	xoli	未知飞键、非音码或读音集合未覆盖；不猜测
鲸凉鹤1.1手心挂接.txt	修炼	xolm	xolm	未知飞键、非音码或读音集合未覆盖；不猜测
鲸凉鹤1.1手心挂接.txt	修罗	xolo	xolo	未知飞键、非音码或读音集合未覆盖；不猜测
鲸凉鹤1.1手心挂接.txt	鸺鹠	xolq	xolq	未知飞键、非音码或读音集合未覆盖；不猜测
鲸凉鹤1.1手心挂接.txt	袖笼	xols	xols	未知飞键、非音码或读音集合未覆盖；不猜测
鲸凉鹤1.1手心挂接.txt	修路	xolu	xolu	未知飞键、非音码或读音集合未覆盖；不猜测
鲸凉鹤1.1手心挂接.txt	修论	xoly	xoly	未知飞键、非音码或读音集合未覆盖；不猜测
鲸凉鹤1.1手心挂接.txt	修毛	xomc	xomc	未知飞键、非音码或读音集合未覆盖；不猜测
鲸凉鹤1.1手心挂接.txt	修猫	xomc	xomc	未知飞键、非音码或读音集合未覆盖；不猜测
鲸凉鹤1.1手心挂接.txt	朽迈	xomd	xomd	未知飞键、非音码或读音集合未覆盖；不猜测
鲸凉鹤1.1手心挂接.txt	修门	xomf	xomf	未知飞键、非音码或读音集合未覆盖；不猜测
鲸凉鹤1.1手心挂接.txt	修满	xomj	xomj	未知飞键、非音码或读音集合未覆盖；不猜测
鲸凉鹤1.1手心挂接.txt	休眠	xomm	xomm	未知飞键、非音码或读音集合未覆盖；不猜测
鲸凉鹤1.1手心挂接.txt	修磨	xomo	xomo	未知飞键、非音码或读音集合未覆盖；不猜测
鲸凉鹤1.1手心挂接.txt	修满	xomr	xomr	未知飞键、非音码或读音集合未覆盖；不猜测
鲸凉鹤1.1手心挂接.txt	朽木	xomu	xomu	未知飞键、非音码或读音集合未覆盖；不猜测
鲸凉鹤1.1手心挂接.txt	修墓	xomu	xomu	未知飞键、非音码或读音集合未覆盖；不猜测
鲸凉鹤1.1手心挂接.txt	秀美	xomw	xomw	未知飞键、非音码或读音集合未覆盖；不猜测
鲸凉鹤1.1手心挂接.txt	秀眉	xomw	xomw	未知飞键、非音码或读音集合未覆盖；不猜测
鲸凉鹤1.1手心挂接.txt	修眉	xomw	xomw	未知飞键、非音码或读音集合未覆盖；不猜测
鲸凉鹤1.1手心挂接.txt	朽木	xomx	xomx	未知飞键、非音码或读音集合未覆盖；不猜测
鲸凉鹤1.1手心挂接.txt	修墓	xomx	xomx	未知飞键、非音码或读音集合未覆盖；不猜测
鲸凉鹤1.1手心挂接.txt	羞恼	xonc	xonc	未知飞键、非音码或读音集合未覆盖；不猜测
鲸凉鹤1.1手心挂接.txt	羞赧	xonj	xonj	未知飞键、非音码或读音集合未覆盖；不猜测
鲸凉鹤1.1手心挂接.txt	修女	xonv	xonv	未知飞键、非音码或读音集合未覆盖；不猜测
鲸凉鹤1.1手心挂接.txt	羞赧	xonz	xonz	未知飞键、非音码或读音集合未覆盖；不猜测
鲸凉鹤1.1手心挂接.txt	袖袍	xopc	xopc	未知飞键、非音码或读音集合未覆盖；不猜测
鲸凉鹤1.1手心挂接.txt	修配	xopw	xopw	未知飞键、非音码或读音集合未覆盖；不猜测
鲸凉鹤1.1手心挂接.txt	秀气	xoqi	xoqi	未知飞键、非音码或读音集合未覆盖；不猜测
鲸凉鹤1.1手心挂接.txt	休憩	xoqi	xoqi	未知飞键、非音码或读音集合未覆盖；不猜测
鲸凉鹤1.1手心挂接.txt	修葺	xoqi	xoqi	未知飞键、非音码或读音集合未覆盖；不猜测
鲸凉鹤1.1手心挂接.txt	修桥	xoqn	xoqn	未知飞键、非音码或读音集合未覆盖；不猜测
鲸凉鹤1.1手心挂接.txt	羞怯	xoqp	xoqp	未知飞键、非音码或读音集合未覆盖；不猜测
鲸凉鹤1.1手心挂接.txt	绣球	xoqq	xoqq	未知飞键、非音码或读音集合未覆盖；不猜测
鲸凉鹤1.1手心挂接.txt	羞人	xorf	xorf	未知飞键、非音码或读音集合未覆盖；不猜测
鲸凉鹤1.1手心挂接.txt	修容	xors	xors	未知飞键、非音码或读音集合未覆盖；不猜测
鲸凉鹤1.1手心挂接.txt	羞辱	xoru	xoru	未知飞键、非音码或读音集合未覆盖；不猜测
鲸凉鹤1.1手心挂接.txt	羞臊	xosc	xosc	未知飞键、非音码或读音集合未覆盖；不猜测
鲸凉鹤1.1手心挂接.txt	休赛	xosd	xosd	未知飞键、非音码或读音集合未覆盖；不猜测
鲸凉鹤1.1手心挂接.txt	羞涩	xose	xose	未知飞键、非音码或读音集合未覆盖；不猜测
鲸凉鹤1.1手心挂接.txt	羞死	xosi	xosi	未知飞键、非音码或读音集合未覆盖；不猜测
鲸凉鹤1.1手心挂接.txt	溴酸	xosr	xosr	未知飞键、非音码或读音集合未覆盖；不猜测
鲸凉鹤1.1手心挂接.txt	溴素	xosu	xosu	未知飞键、非音码或读音集合未覆盖；不猜测
鲸凉鹤1.1手心挂接.txt	袖套	xotc	xotc	未知飞键、非音码或读音集合未覆盖；不猜测
鲸凉鹤1.1手心挂接.txt	嗅探	xotj	xotj	未知飞键、非音码或读音集合未覆盖；不猜测
鲸凉鹤1.1手心挂接.txt	休庭	xotk	xotk	未知飞键、非音码或读音集合未覆盖；不猜测
鲸凉鹤1.1手心挂接.txt	秀腿	xotl	xotl	未知飞键、非音码或读音集合未覆盖；不猜测
鲸凉鹤1.1手心挂接.txt	修调	xotn	xotn	未知飞键、非音码或读音集合未覆盖；不猜测
鲸凉鹤1.1手心挂接.txt	锈铁	xotp	xotp	未知飞键、非音码或读音集合未覆盖；不猜测
鲸凉鹤1.1手心挂接.txt	袖筒	xots	xots	未知飞键、非音码或读音集合未覆盖；不猜测
鲸凉鹤1.1手心挂接.txt	修图	xotu	xotu	未知飞键、非音码或读音集合未覆盖；不猜测
鲸凉鹤1.1手心挂接.txt	秀腿	xotv	xotv	未知飞键、非音码或读音集合未覆盖；不猜测
鲸凉鹤1.1手心挂接.txt	袖头	xotz	xotz	未知飞键、非音码或读音集合未覆盖；不猜测
鲸凉鹤1.1手心挂接.txt	羞射	xoue	xoue	未知飞键、非音码或读音集合未覆盖；不猜测
鲸凉鹤1.1手心挂接.txt	修身	xouf	xouf	未知飞键、非音码或读音集合未覆盖；不猜测
鲸凉鹤1.1手心挂接.txt	修声	xoug	xoug	未知飞键、非音码或读音集合未覆盖；不猜测
鲸凉鹤1.1手心挂接.txt	绣上	xouh	xouh	未知飞键、非音码或读音集合未覆盖；不猜测
鲸凉鹤1.1手心挂接.txt	修饰	xoui	xoui	未知飞键、非音码或读音集合未覆盖；不猜测
鲸凉鹤1.1手心挂接.txt	修士	xoui	xoui	未知飞键、非音码或读音集合未覆盖；不猜测
鲸凉鹤1.1手心挂接.txt	休市	xoui	xoui	未知飞键、非音码或读音集合未覆盖；不猜测
鲸凉鹤1.1手心挂接.txt	锈蚀	xoui	xoui	未知飞键、非音码或读音集合未覆盖；不猜测
鲸凉鹤1.1手心挂接.txt	修缮	xouj	xouj	未知飞键、非音码或读音集合未覆盖；不猜测
鲸凉鹤1.1手心挂接.txt	修善	xouj	xouj	未知飞键、非音码或读音集合未覆盖；不猜测
鲸凉鹤1.1手心挂接.txt	休说	xouo	xouo	未知飞键、非音码或读音集合未覆盖；不猜测
鲸凉鹤1.1手心挂接.txt	修缮	xous	xous	未知飞键、非音码或读音集合未覆盖；不猜测
鲸凉鹤1.1手心挂接.txt	修善	xous	xous	未知飞键、非音码或读音集合未覆盖；不猜测
鲸凉鹤1.1手心挂接.txt	修书	xouu	xouu	未知飞键、非音码或读音集合未覆盖；不猜测
鲸凉鹤1.1手心挂接.txt	休书	xouu	xouu	未知飞键、非音码或读音集合未覆盖；不猜测
鲸凉鹤1.1手心挂接.txt	秀水	xouv	xouv	未知飞键、非音码或读音集合未覆盖；不猜测
鲸凉鹤1.1手心挂接.txt	袖手	xouz	xouz	未知飞键、非音码或读音集合未覆盖；不猜测
鲸凉鹤1.1手心挂接.txt	绣着	xove	xove	未知飞键、非音码或读音集合未覆盖；不猜测
鲸凉鹤1.1手心挂接.txt	修真	xovf	xovf	未知飞键、非音码或读音集合未覆盖；不猜测
鲸凉鹤1.1手心挂接.txt	袖珍	xovf	xovf	未知飞键、非音码或读音集合未覆盖；不猜测
鲸凉鹤1.1手心挂接.txt	修正	xovg	xovg	未知飞键、非音码或读音集合未覆盖；不猜测
鲸凉鹤1.1手心挂接.txt	休整	xovg	xovg	未知飞键、非音码或读音集合未覆盖；不猜测
鲸凉鹤1.1手心挂接.txt	袖章	xovh	xovh	未知飞键、非音码或读音集合未覆盖；不猜测
鲸凉鹤1.1手心挂接.txt	休止	xovi	xovi	未知飞键、非音码或读音集合未覆盖；不猜测
鲸凉鹤1.1手心挂接.txt	休战	xovj	xovj	未知飞键、非音码或读音集合未覆盖；不猜测
鲸凉鹤1.1手心挂接.txt	修正	xovk	xovk	未知飞键、非音码或读音集合未覆盖；不猜测
鲸凉鹤1.1手心挂接.txt	休整	xovk	xovk	未知飞键、非音码或读音集合未覆盖；不猜测
鲸凉鹤1.1手心挂接.txt	袖中	xovs	xovs	未知飞键、非音码或读音集合未覆盖；不猜测
鲸凉鹤1.1手心挂接.txt	修筑	xovu	xovu	未知飞键、非音码或读音集合未覆盖；不猜测
鲸凉鹤1.1手心挂接.txt	修网	xowh	xowh	未知飞键、非音码或读音集合未覆盖；不猜测
鲸凉鹤1.1手心挂接.txt	修为	xoww	xoww	未知飞键、非音码或读音集合未覆盖；不猜测
鲸凉鹤1.1手心挂接.txt	修心	xoxb	xoxb	未知飞键、非音码或读音集合未覆盖；不猜测
鲸凉鹤1.1手心挂接.txt	休息	xoxi	xoxi	未知飞键、非音码或读音集合未覆盖；不猜测
鲸凉鹤1.1手心挂接.txt	修习	xoxi	xoxi	未知飞键、非音码或读音集合未覆盖；不猜测
鲸凉鹤1.1手心挂接.txt	修行	xoxk	xoxk	未知飞键、非音码或读音集合未覆盖；不猜测
鲸凉鹤1.1手心挂接.txt	休想	xoxl	xoxl	未知飞键、非音码或读音集合未覆盖；不猜测
鲸凉鹤1.1手心挂接.txt	绣像	xoxl	xoxl	未知飞键、非音码或读音集合未覆盖；不猜测
鲸凉鹤1.1手心挂接.txt	休闲	xoxm	xoxm	未知飞键、非音码或读音集合未覆盖；不猜测
鲸凉鹤1.1手心挂接.txt	修仙	xoxm	xoxm	未知飞键、非音码或读音集合未覆盖；不猜测
鲸凉鹤1.1手心挂接.txt	羞羞	xoxo	xoxo	未知飞键、非音码或读音集合未覆盖；不猜测
鲸凉鹤1.1手心挂接.txt	咻咻	xoxo	xoxo	未知飞键、非音码或读音集合未覆盖；不猜测
鲸凉鹤1.1手心挂接.txt	秀秀	xoxo	xoxo	未知飞键、非音码或读音集合未覆盖；不猜测
鲸凉鹤1.1手心挂接.txt	嗅嗅	xoxo	xoxo	未知飞键、非音码或读音集合未覆盖；不猜测
鲸凉鹤1.1手心挂接.txt	锁血	xoxp	xoxp	未知飞键、非音码或读音集合未覆盖；不猜测
鲸凉鹤1.1手心挂接.txt	绣鞋	xoxp	xoxp	未知飞键、非音码或读音集合未覆盖；不猜测
鲸凉鹤1.1手心挂接.txt	修鞋	xoxp	xoxp	未知飞键、非音码或读音集合未覆盖；不猜测
鲸凉鹤1.1手心挂接.txt	休学	xoxt	xoxt	未知飞键、非音码或读音集合未覆盖；不猜测
鲸凉鹤1.1手心挂接.txt	修学	xoxt	xoxt	未知飞键、非音码或读音集合未覆盖；不猜测
鲸凉鹤1.1手心挂接.txt	修音	xoyb	xoyb	未知飞键、非音码或读音集合未覆盖；不猜测
鲸凉鹤1.1手心挂接.txt	休要	xoyc	xoyc	未知飞键、非音码或读音集合未覆盖；不猜测
鲸凉鹤1.1手心挂接.txt	休业	xoye	xoye	未知飞键、非音码或读音集合未覆盖；不猜测
鲸凉鹤1.1手心挂接.txt	嗅盐	xoyf	xoyf	未知飞键、非音码或读音集合未覆盖；不猜测
鲸凉鹤1.1手心挂接.txt	岫岩	xoyf	xoyf	未知飞键、非音码或读音集合未覆盖；不猜测
鲸凉鹤1.1手心挂接.txt	羞于	xoyg	xoyg	未知飞键、非音码或读音集合未覆盖；不猜测
鲸凉鹤1.1手心挂接.txt	修养	xoyh	xoyh	未知飞键、非音码或读音集合未覆盖；不猜测
鲸凉鹤1.1手心挂接.txt	休养	xoyh	xoyh	未知飞键、非音码或读音集合未覆盖；不猜测
鲸凉鹤1.1手心挂接.txt	嗅盐	xoyj	xoyj	未知飞键、非音码或读音集合未覆盖；不猜测
鲸凉鹤1.1手心挂接.txt	岫岩	xoyj	xoyj	未知飞键、非音码或读音集合未覆盖；不猜测
鲸凉鹤1.1手心挂接.txt	修远	xoyr	xoyr	未知飞键、非音码或读音集合未覆盖；不猜测
鲸凉鹤1.1手心挂接.txt	秀月	xoyt	xoyt	未知飞键、非音码或读音集合未覆盖；不猜测
鲸凉鹤1.1手心挂接.txt	羞于	xoyu	xoyu	未知飞键、非音码或读音集合未覆盖；不猜测
鲸凉鹤1.1手心挂接.txt	修造	xozc	xozc	未知飞键、非音码或读音集合未覆盖；不猜测
鲸凉鹤1.1手心挂接.txt	袖子	xozi	xozi	未知飞键、非音码或读音集合未覆盖；不猜测
鲸凉鹤1.1手心挂接.txt	胁从	xpcl	xpcl	未知飞键、非音码或读音集合未覆盖；不猜测
鲸凉鹤1.1手心挂接.txt	协从	xpcl	xpcl	未知飞键、非音码或读音集合未覆盖；不猜测
鲸凉鹤1.1手心挂接.txt	写道	xpdl	xpdl	未知飞键、非音码或读音集合未覆盖；不猜测
鲸凉鹤1.1手心挂接.txt	邪道	xpdl	xpdl	未知飞键、非音码或读音集合未覆盖；不猜测
鲸凉鹤1.1手心挂接.txt	写到	xpdl	xpdl	未知飞键、非音码或读音集合未覆盖；不猜测
鲸凉鹤1.1手心挂接.txt	谢道	xpdl	xpdl	未知飞键、非音码或读音集合未覆盖；不猜测
鲸凉鹤1.1手心挂接.txt	鞋柜	xpgi	xpgi	未知飞键、非音码或读音集合未覆盖；不猜测
鲸凉鹤1.1手心挂接.txt	协管	xpgp	xpgp	未知飞键、非音码或读音集合未覆盖；不猜测
鲸凉鹤1.1手心挂接.txt	写道	xpjf	xpjf	未知飞键、非音码或读音集合未覆盖；不猜测
鲸凉鹤1.1手心挂接.txt	邪道	xpjf	xpjf	未知飞键、非音码或读音集合未覆盖；不猜测
鲸凉鹤1.1手心挂接.txt	谢道	xpjf	xpjf	未知飞键、非音码或读音集合未覆盖；不猜测
鲸凉鹤1.1手心挂接.txt	鞋尖	xpjz	xpjz	未知飞键、非音码或读音集合未覆盖；不猜测
鲸凉鹤1.1手心挂接.txt	斜肩	xpjz	xpjz	未知飞键、非音码或读音集合未覆盖；不猜测
鲸凉鹤1.1手心挂接.txt	邪猎	xplf	xplf	未知飞键、非音码或读音集合未覆盖；不猜测
鲸凉鹤1.1手心挂接.txt	屟廊	xplh	xplh	未知飞键、非音码或读音集合未覆盖；不猜测
鲸凉鹤1.1手心挂接.txt	谢咯	xplo	xplo	未知飞键、非音码或读音集合未覆盖；不猜测
鲸凉鹤1.1手心挂接.txt	写满	xpmr	xpmr	未知飞键、非音码或读音集合未覆盖；不猜测
鲸凉鹤1.1手心挂接.txt	谢幕	xpmx	xpmx	未知飞键、非音码或读音集合未覆盖；不猜测
鲸凉鹤1.1手心挂接.txt	胁迫	xpps	xpps	未知飞键、非音码或读音集合未覆盖；不猜测
鲸凉鹤1.1手心挂接.txt	斜坡	xpps	xpps	未知飞键、非音码或读音集合未覆盖；不猜测
鲸凉鹤1.1手心挂接.txt	写起	xpqe	xpqe	未知飞键、非音码或读音集合未覆盖；不猜测
鲸凉鹤1.1手心挂接.txt	协洽	xpqo	xpqo	未知飞键、非音码或读音集合未覆盖；不猜测
鲸凉鹤1.1手心挂接.txt	蟹腿	xptl	xptl	未知飞键、非音码或读音集合未覆盖；不猜测
鲸凉鹤1.1手心挂接.txt	斜疝	xpus	xpus	未知飞键、非音码或读音集合未覆盖；不猜测
鲸凉鹤1.1手心挂接.txt	协整	xpvk	xpvk	未知飞键、非音码或读音集合未覆盖；不猜测
鲸凉鹤1.1手心挂接.txt	斜向	xpxj	xpxj	未知飞键、非音码或读音集合未覆盖；不猜测
鲸凉鹤1.1手心挂接.txt	邪修	xpxo	xpxo	未知飞键、非音码或读音集合未覆盖；不猜测
鲸凉鹤1.1手心挂接.txt	撷秀	xpxo	xpxo	未知飞键、非音码或读音集合未覆盖；不猜测
鲸凉鹤1.1手心挂接.txt	斜眼	xpyf	xpyf	未知飞键、非音码或读音集合未覆盖；不猜测
鲸凉鹤1.1手心挂接.txt	泄欲	xpyg	xpyg	未知飞键、非音码或读音集合未覆盖；不猜测
鲸凉鹤1.1手心挂接.txt	写于	xpyg	xpyg	未知飞键、非音码或读音集合未覆盖；不猜测
鲸凉鹤1.1手心挂接.txt	修道	xqdl	xqdl	未知飞键、非音码或读音集合未覆盖；不猜测
鲸凉鹤1.1手心挂接.txt	嗅到	xqdl	xqdl	未知飞键、非音码或读音集合未覆盖；不猜测
鲸凉鹤1.1手心挂接.txt	锈刀	xqdl	xqdl	未知飞键、非音码或读音集合未覆盖；不猜测
鲸凉鹤1.1手心挂接.txt	修规	xqgi	xqgi	未知飞键、非音码或读音集合未覆盖；不猜测
鲸凉鹤1.1手心挂接.txt	袖管	xqgp	xqgp	未知飞键、非音码或读音集合未覆盖；不猜测
鲸凉鹤1.1手心挂接.txt	修道	xqjf	xqjf	未知飞键、非音码或读音集合未覆盖；不猜测
鲸凉鹤1.1手心挂接.txt	修建	xqjz	xqjz	未知飞键、非音码或读音集合未覆盖；不猜测
鲸凉鹤1.1手心挂接.txt	修满	xqmr	xqmr	未知飞键、非音码或读音集合未覆盖；不猜测
鲸凉鹤1.1手心挂接.txt	朽木	xqmx	xqmx	未知飞键、非音码或读音集合未覆盖；不猜测
鲸凉鹤1.1手心挂接.txt	羞赧	xqnz	xqnz	未知飞键、非音码或读音集合未覆盖；不猜测
鲸凉鹤1.1手心挂接.txt	秀萍	xqpx	xqpx	未知飞键、非音码或读音集合未覆盖；不猜测
鲸凉鹤1.1手心挂接.txt	秀腿	xqtl	xqtl	未知飞键、非音码或读音集合未覆盖；不猜测
鲸凉鹤1.1手心挂接.txt	修缮	xqus	xqus	未知飞键、非音码或读音集合未覆盖；不猜测
鲸凉鹤1.1手心挂接.txt	修善	xqus	xqus	未知飞键、非音码或读音集合未覆盖；不猜测
鲸凉鹤1.1手心挂接.txt	修正	xqvk	xqvk	未知飞键、非音码或读音集合未覆盖；不猜测
鲸凉鹤1.1手心挂接.txt	休整	xqvk	xqvk	未知飞键、非音码或读音集合未覆盖；不猜测
鲸凉鹤1.1手心挂接.txt	岫岩	xqyf	xqyf	未知飞键、非音码或读音集合未覆盖；不猜测
鲸凉鹤1.1手心挂接.txt	嗅盐	xqyf	xqyf	未知飞键、非音码或读音集合未覆盖；不猜测
鲸凉鹤1.1手心挂接.txt	羞于	xqyg	xqyg	未知飞键、非音码或读音集合未覆盖；不猜测
鲸凉鹤1.1手心挂接.txt	璇琮	xrcl	xrcl	未知飞键、非音码或读音集合未覆盖；不猜测
鲸凉鹤1.1手心挂接.txt	宣导	xrdl	xrdl	未知飞键、非音码或读音集合未覆盖；不猜测
鲸凉鹤1.1手心挂接.txt	选到	xrdl	xrdl	未知飞键、非音码或读音集合未覆盖；不猜测
鲸凉鹤1.1手心挂接.txt	萱蕚	xree	xree	未知飞键、非音码或读音集合未覆盖；不猜测
鲸凉鹤1.1手心挂接.txt	玄关	xrgp	xrgp	未知飞键、非音码或读音集合未覆盖；不猜测
鲸凉鹤1.1手心挂接.txt	悬棺	xrgp	xrgp	未知飞键、非音码或读音集合未覆盖；不猜测
鲸凉鹤1.1手心挂接.txt	喧豗	xrhv	xrhv	未知飞键、非音码或读音集合未覆盖；不猜测
鲸凉鹤1.1手心挂接.txt	选件	xrjz	xrjz	未知飞键、非音码或读音集合未覆盖；不猜测
鲸凉鹤1.1手心挂接.txt	炫目	xrmx	xrmx	未知飞键、非音码或读音集合未覆盖；不猜测
鲸凉鹤1.1手心挂接.txt	宣平	xrpx	xrpx	未知飞键、非音码或读音集合未覆盖；不猜测
鲸凉鹤1.1手心挂接.txt	悬起	xrqe	xrqe	未知飞键、非音码或读音集合未覆盖；不猜测
鲸凉鹤1.1手心挂接.txt	宣腿	xrtl	xrtl	未知飞键、非音码或读音集合未覆盖；不猜测
鲸凉鹤1.1手心挂接.txt	宣政	xrvk	xrvk	未知飞键、非音码或读音集合未覆盖；不猜测
鲸凉鹤1.1手心挂接.txt	选修	xrxo	xrxo	未知飞键、非音码或读音集合未覆盖；不猜测
鲸凉鹤1.1手心挂接.txt	选秀	xrxo	xrxo	未知飞键、非音码或读音集合未覆盖；不猜测
鲸凉鹤1.1手心挂接.txt	宣言	xryf	xryf	未知飞键、非音码或读音集合未覆盖；不猜测
鲸凉鹤1.1手心挂接.txt	悬眼	xryf	xryf	未知飞键、非音码或读音集合未覆盖；不猜测
鲸凉鹤1.1手心挂接.txt	选育	xryg	xryg	未知飞键、非音码或读音集合未覆盖；不猜测
鲸凉鹤1.1手心挂接.txt	悬于	xryg	xryg	未知飞键、非音码或读音集合未覆盖；不猜测
鲸凉鹤1.1手心挂接.txt	玄宗	xrzl	xrzl	未知飞键、非音码或读音集合未覆盖；不猜测
鲸凉鹤1.1手心挂接.txt	兄贵	xsgi	xsgi	未知飞键、非音码或读音集合未覆盖；不猜测
鲸凉鹤1.1手心挂接.txt	雄关	xsgp	xsgp	未知飞键、非音码或读音集合未覆盖；不猜测
鲸凉鹤1.1手心挂接.txt	酗酒	xsjq	xsjq	未知飞键、非音码或读音集合未覆盖；不猜测
鲸凉鹤1.1手心挂接.txt	雄健	xsjz	xsjz	未知飞键、非音码或读音集合未覆盖；不猜测
鲸凉鹤1.1手心挂接.txt	凶蛮	xsmr	xsmr	未知飞键、非音码或读音集合未覆盖；不猜测
鲸凉鹤1.1手心挂接.txt	熊男	xsnz	xsnz	未知飞键、非音码或读音集合未覆盖；不猜测
鲸凉鹤1.1手心挂接.txt	熊罴	xspe	xspe	未知飞键、非音码或读音集合未覆盖；不猜测
鲸凉鹤1.1手心挂接.txt	熊皮	xspe	xspe	未知飞键、非音码或读音集合未覆盖；不猜测
鲸凉鹤1.1手心挂接.txt	胸痞	xspe	xspe	未知飞键、非音码或读音集合未覆盖；不猜测
鲸凉鹤1.1手心挂接.txt	雄起	xsqe	xsqe	未知飞键、非音码或读音集合未覆盖；不猜测
鲸凉鹤1.1手心挂接.txt	胸推	xstl	xstl	未知飞键、非音码或读音集合未覆盖；不猜测
鲸凉鹤1.1手心挂接.txt	凶焰	xsyf	xsyf	未知飞键、非音码或读音集合未覆盖；不猜测
鲸凉鹤1.1手心挂接.txt	熊焰	xsyf	xsyf	未知飞键、非音码或读音集合未覆盖；不猜测
鲸凉鹤1.1手心挂接.txt	熊宇	xsyg	xsyg	未知飞键、非音码或读音集合未覆盖；不猜测
鲸凉鹤1.1手心挂接.txt	学到	xtdl	xtdl	未知飞键、非音码或读音集合未覆盖；不猜测
鲸凉鹤1.1手心挂接.txt	穴道	xtdl	xtdl	未知飞键、非音码或读音集合未覆盖；不猜测
鲸凉鹤1.1手心挂接.txt	学屌	xtdn	xtdn	未知飞键、非音码或读音集合未覆盖；不猜测
鲸凉鹤1.1手心挂接.txt	血鬼	xtgi	xtgi	未知飞键、非音码或读音集合未覆盖；不猜测
鲸凉鹤1.1手心挂接.txt	血管	xtgp	xtgp	未知飞键、非音码或读音集合未覆盖；不猜测
鲸凉鹤1.1手心挂接.txt	穴道	xtjf	xtjf	未知飞键、非音码或读音集合未覆盖；不猜测
鲸凉鹤1.1手心挂接.txt	削减	xtjz	xtjz	未知飞键、非音码或读音集合未覆盖；不猜测
鲸凉鹤1.1手心挂接.txt	学满	xtmr	xtmr	未知飞键、非音码或读音集合未覆盖；不猜测
鲸凉鹤1.1手心挂接.txt	雪男	xtnz	xtnz	未知飞键、非音码或读音集合未覆盖；不猜测
鲸凉鹤1.1手心挂接.txt	学痞	xtpe	xtpe	未知飞键、非音码或读音集合未覆盖；不猜测
鲸凉鹤1.1手心挂接.txt	血泊	xtps	xtps	未知飞键、非音码或读音集合未覆盖；不猜测
鲸凉鹤1.1手心挂接.txt	血瓶	xtpx	xtpx	未知飞键、非音码或读音集合未覆盖；不猜测
鲸凉鹤1.1手心挂接.txt	削平	xtpx	xtpx	未知飞键、非音码或读音集合未覆盖；不猜测
鲸凉鹤1.1手心挂接.txt	雪山	xtus	xtus	未知飞键、非音码或读音集合未覆盖；不猜测
鲸凉鹤1.1手心挂接.txt	血症	xtvk	xtvk	未知飞键、非音码或读音集合未覆盖；不猜测
鲸凉鹤1.1手心挂接.txt	雪雁	xtyf	xtyf	未知飞键、非音码或读音集合未覆盖；不猜测
鲸凉鹤1.1手心挂接.txt	雪域	xtyg	xtyg	未知飞键、非音码或读音集合未覆盖；不猜测
鲸凉鹤1.1手心挂接.txt	鳕鱼	xtyg	xtyg	未知飞键、非音码或读音集合未覆盖；不猜测
鲸凉鹤1.1手心挂接.txt	血雨	xtyg	xtyg	未知飞键、非音码或读音集合未覆盖；不猜测
鲸凉鹤1.1手心挂接.txt	絮叨	xudl	xudl	未知飞键、非音码或读音集合未覆盖；不猜测
鲸凉鹤1.1手心挂接.txt	浒关	xugp	xugp	未知飞键、非音码或读音集合未覆盖；不猜测
鲸凉鹤1.1手心挂接.txt	絮聒	xugx	xugx	未知飞键、非音码或读音集合未覆盖；不猜测
鲸凉鹤1.1手心挂接.txt	盱眙	xuii	xuii	未知飞键、非音码或读音集合未覆盖；不猜测
鲸凉鹤1.1手心挂接.txt	序列	xulf	xulf	未知飞键、非音码或读音集合未覆盖；不猜测
鲸凉鹤1.1手心挂接.txt	徐曼	xumr	xumr	未知飞键、非音码或读音集合未覆盖；不猜测
鲸凉鹤1.1手心挂接.txt	序幕	xumx	xumx	未知飞键、非音码或读音集合未覆盖；不猜测
鲸凉鹤1.1手心挂接.txt	畜牧	xumx	xumx	未知飞键、非音码或读音集合未覆盖；不猜测
鲸凉鹤1.1手心挂接.txt	恤衫	xuus	xuus	未知飞键、非音码或读音集合未覆盖；不猜测
鲸凉鹤1.1手心挂接.txt	徐峥	xuvk	xuvk	未知飞键、非音码或读音集合未覆盖；不猜测
鲸凉鹤1.1手心挂接.txt	虚症	xuvk	xuvk	未知飞键、非音码或读音集合未覆盖；不猜测
鲸凉鹤1.1手心挂接.txt	序言	xuyf	xuyf	未知飞键、非音码或读音集合未覆盖；不猜测
鲸凉鹤1.1手心挂接.txt	虚掩	xuyf	xuyf	未知飞键、非音码或读音集合未覆盖；不猜测
鲸凉鹤1.1手心挂接.txt	须臾	xuyg	xuyg	未知飞键、非音码或读音集合未覆盖；不猜测
鲸凉鹤1.1手心挂接.txt	絮语	xuyg	xuyg	未知飞键、非音码或读音集合未覆盖；不猜测
鲸凉鹤1.1手心挂接.txt	徐总	xuzl	xuzl	未知飞键、非音码或读音集合未覆盖；不猜测
鲸凉鹤1.1手心挂接.txt	吓到	xxdl	xxdl	未知飞键、非音码或读音集合未覆盖；不猜测
鲸凉鹤1.1手心挂接.txt	吓倒	xxdl	xxdl	未知飞键、非音码或读音集合未覆盖；不猜测
鲸凉鹤1.1手心挂接.txt	侠盗	xxdl	xxdl	未知飞键、非音码或读音集合未覆盖；不猜测
鲸凉鹤1.1手心挂接.txt	下跪	xxgi	xxgi	未知飞键、非音码或读音集合未覆盖；不猜测
鲸凉鹤1.1手心挂接.txt	下官	xxgp	xxgp	未知飞键、非音码或读音集合未覆盖；不猜测
鲸凉鹤1.1手心挂接.txt	瞎管	xxgp	xxgp	未知飞键、非音码或读音集合未覆盖；不猜测
鲸凉鹤1.1手心挂接.txt	下贱	xxjz	xxjz	未知飞键、非音码或读音集合未覆盖；不猜测
鲸凉鹤1.1手心挂接.txt	下列	xxlf	xxlf	未知飞键、非音码或读音集合未覆盖；不猜测
鲸凉鹤1.1手心挂接.txt	下咯	xxlo	xxlo	未知飞键、非音码或读音集合未覆盖；不猜测
鲸凉鹤1.1手心挂接.txt	夏目	xxmx	xxmx	未知飞键、非音码或读音集合未覆盖；不猜测
鲸凉鹤1.1手心挂接.txt	虾皮	xxpe	xxpe	未知飞键、非音码或读音集合未覆盖；不猜测
鲸凉鹤1.1手心挂接.txt	下劈	xxpe	xxpe	未知飞键、非音码或读音集合未覆盖；不猜测
鲸凉鹤1.1手心挂接.txt	下批	xxpe	xxpe	未知飞键、非音码或读音集合未覆盖；不猜测
鲸凉鹤1.1手心挂接.txt	下坡	xxps	xxps	未知飞键、非音码或读音集合未覆盖；不猜测
鲸凉鹤1.1手心挂接.txt	夏平	xxpx	xxpx	未知飞键、非音码或读音集合未覆盖；不猜测
鲸凉鹤1.1手心挂接.txt	吓退	xxtl	xxtl	未知飞键、非音码或读音集合未覆盖；不猜测
鲸凉鹤1.1手心挂接.txt	唬杀	xxua	xxua	未知飞键、非音码或读音集合未覆盖；不猜测
鲸凉鹤1.1手心挂接.txt	下山	xxus	xxus	未知飞键、非音码或读音集合未覆盖；不猜测
鲸凉鹤1.1手心挂接.txt	瞎整	xxvk	xxvk	未知飞键、非音码或读音集合未覆盖；不猜测
鲸凉鹤1.1手心挂接.txt	下修	xxxo	xxxo	未知飞键、非音码或读音集合未覆盖；不猜测
鲸凉鹤1.1手心挂接.txt	瞎眼	xxyf	xxyf	未知飞键、非音码或读音集合未覆盖；不猜测
鲸凉鹤1.1手心挂接.txt	下咽	xxyf	xxyf	未知飞键、非音码或读音集合未覆盖；不猜测
鲸凉鹤1.1手心挂接.txt	下沿	xxyf	xxyf	未知飞键、非音码或读音集合未覆盖；不猜测
鲸凉鹤1.1手心挂接.txt	下雨	xxyg	xxyg	未知飞键、非音码或读音集合未覆盖；不猜测
鲸凉鹤1.1手心挂接.txt	夏雨	xxyg	xxyg	未知飞键、非音码或读音集合未覆盖；不猜测
鲸凉鹤1.1手心挂接.txt	驯从	xycl	xycl	未知飞键、非音码或读音集合未覆盖；不猜测
鲸凉鹤1.1手心挂接.txt	训导	xydl	xydl	未知飞键、非音码或读音集合未覆盖；不猜测
鲸凉鹤1.1手心挂接.txt	寻道	xydl	xydl	未知飞键、非音码或读音集合未覆盖；不猜测
鲸凉鹤1.1手心挂接.txt	循规	xygi	xygi	未知飞键、非音码或读音集合未覆盖；不猜测
鲸凉鹤1.1手心挂接.txt	勋贵	xygi	xygi	未知飞键、非音码或读音集合未覆盖；不猜测
鲸凉鹤1.1手心挂接.txt	巡管	xygp	xygp	未知飞键、非音码或读音集合未覆盖；不猜测
鲸凉鹤1.1手心挂接.txt	巡检	xyjz	xyjz	未知飞键、非音码或读音集合未覆盖；不猜测
鲸凉鹤1.1手心挂接.txt	寻见	xyjz	xyjz	未知飞键、非音码或读音集合未覆盖；不猜测
鲸凉鹤1.1手心挂接.txt	寻猎	xylf	xylf	未知飞键、非音码或读音集合未覆盖；不猜测
鲸凉鹤1.1手心挂接.txt	熏沐	xymx	xymx	未知飞键、非音码或读音集合未覆盖；不猜测
鲸凉鹤1.1手心挂接.txt	殉难	xynz	xynz	未知飞键、非音码或读音集合未覆盖；不猜测
鲸凉鹤1.1手心挂接.txt	巡捕	xypu	xypu	未知飞键、非音码或读音集合未覆盖；不猜测
鲸凉鹤1.1手心挂接.txt	荀谌	xyuf	xyuf	未知飞键、非音码或读音集合未覆盖；不猜测
鲸凉鹤1.1手心挂接.txt	巡山	xyus	xyus	未知飞键、非音码或读音集合未覆盖；不猜测
鲸凉鹤1.1手心挂接.txt	熏蒸	xyvk	xyvk	未知飞键、非音码或读音集合未覆盖；不猜测
鲸凉鹤1.1手心挂接.txt	询证	xyvk	xyvk	未知飞键、非音码或读音集合未覆盖；不猜测
鲸凉鹤1.1手心挂接.txt	荤粥	xyvz	xyvz	未知飞键、非音码或读音集合未覆盖；不猜测
鲸凉鹤1.1手心挂接.txt	巡演	xyyf	xyyf	未知飞键、非音码或读音集合未覆盖；不猜测
鲸凉鹤1.1手心挂接.txt	荀彧	xyyg	xyyg	未知飞键、非音码或读音集合未覆盖；不猜测
鲸凉鹤1.1手心挂接.txt	鲟鱼	xyyg	xyyg	未知飞键、非音码或读音集合未覆盖；不猜测
鲸凉鹤1.1手心挂接.txt	熏鱼	xyyg	xyyg	未知飞键、非音码或读音集合未覆盖；不猜测
鲸凉鹤1.1手心挂接.txt	寻踪	xyzl	xyzl	未知飞键、非音码或读音集合未覆盖；不猜测
鲸凉鹤1.1手心挂接.txt	循踪	xyzl	xyzl	未知飞键、非音码或读音集合未覆盖；不猜测
鲸凉鹤1.1手心挂接.txt	吖吖	yaaa	yaaa	未知飞键、非音码或读音集合未覆盖；不猜测
鲸凉鹤1.1手心挂接.txt	压倒	yadl	yadl	未知飞键、非音码或读音集合未覆盖；不猜测
鲸凉鹤1.1手心挂接.txt	压到	yadl	yadl	未知飞键、非音码或读音集合未覆盖；不猜测
鲸凉鹤1.1手心挂接.txt	牙关	yagp	yagp	未知飞键、非音码或读音集合未覆盖；不猜测
鲸凉鹤1.1手心挂接.txt	雅观	yagp	yagp	未知飞键、非音码或读音集合未覆盖；不猜测
鲸凉鹤1.1手心挂接.txt	牙冠	yagp	yagp	未知飞键、非音码或读音集合未覆盖；不猜测
鲸凉鹤1.1手心挂接.txt	雅间	yajz	yajz	未知飞键、非音码或读音集合未覆盖；不猜测
鲸凉鹤1.1手心挂接.txt	压裂	yalf	yalf	未知飞键、非音码或读音集合未覆盖；不猜测
鲸凉鹤1.1手心挂接.txt	亚曼	yamr	yamr	未知飞键、非音码或读音集合未覆盖；不猜测
鲸凉鹤1.1手心挂接.txt	亚楠	yanz	yanz	未知飞键、非音码或读音集合未覆盖；不猜测
鲸凉鹤1.1手心挂接.txt	雅痞	yape	yape	未知飞键、非音码或读音集合未覆盖；不猜测
鲸凉鹤1.1手心挂接.txt	压迫	yaps	yaps	未知飞键、非音码或读音集合未覆盖；不猜测
鲸凉鹤1.1手心挂接.txt	压平	yapx	yapx	未知飞键、非音码或读音集合未覆盖；不猜测
鲸凉鹤1.1手心挂接.txt	鸭腿	yatl	yatl	未知飞键、非音码或读音集合未覆盖；不猜测
鲸凉鹤1.1手心挂接.txt	压腿	yatl	yatl	未知飞键、非音码或读音集合未覆盖；不猜测
鲸凉鹤1.1手心挂接.txt	崖山	yaus	yaus	未知飞键、非音码或读音集合未覆盖；不猜测
鲸凉鹤1.1手心挂接.txt	雅正	yavk	yavk	未知飞键、非音码或读音集合未覆盖；不猜测
鲸凉鹤1.1手心挂接.txt	吖吖	yaya	yaya	未知飞键、非音码或读音集合未覆盖；不猜测
鲸凉鹤1.1手心挂接.txt	压延	yayf	yayf	未知飞键、非音码或读音集合未覆盖；不猜测
鲸凉鹤1.1手心挂接.txt	雅言	yayf	yayf	未知飞键、非音码或读音集合未覆盖；不猜测
鲸凉鹤1.1手心挂接.txt	亚于	yayg	yayg	未知飞键、非音码或读音集合未覆盖；不猜测
鲸凉鹤1.1手心挂接.txt	哑语	yayg	yayg	未知飞键、非音码或读音集合未覆盖；不猜测
鲸凉鹤1.1手心挂接.txt	引导	ybdl	ybdl	未知飞键、非音码或读音集合未覆盖；不猜测
鲸凉鹤1.1手心挂接.txt	阴道	ybdl	ybdl	未知飞键、非音码或读音集合未覆盖；不猜测
鲸凉鹤1.1手心挂接.txt	引到	ybdl	ybdl	未知飞键、非音码或读音集合未覆盖；不猜测
鲸凉鹤1.1手心挂接.txt	隐刀	ybdl	ybdl	未知飞键、非音码或读音集合未覆盖；不猜测
鲸凉鹤1.1手心挂接.txt	音轨	ybgi	ybgi	未知飞键、非音码或读音集合未覆盖；不猜测
鲸凉鹤1.1手心挂接.txt	银冠	ybgp	ybgp	未知飞键、非音码或读音集合未覆盖；不猜测
鲸凉鹤1.1手心挂接.txt	阴气	ybiq	ybiq	未知飞键、非音码或读音集合未覆盖；不猜测
鲸凉鹤1.1手心挂接.txt	阴道	ybjf	ybjf	未知飞键、非音码或读音集合未覆盖；不猜测
鲸凉鹤1.1手心挂接.txt	印囧	ybjs	ybjs	未知飞键、非音码或读音集合未覆盖；不猜测
鲸凉鹤1.1手心挂接.txt	阴间	ybjz	ybjz	未知飞键、非音码或读音集合未覆盖；不猜测
鲸凉鹤1.1手心挂接.txt	引荐	ybjz	ybjz	未知飞键、非音码或读音集合未覆盖；不猜测
鲸凉鹤1.1手心挂接.txt	淫贱	ybjz	ybjz	未知飞键、非音码或读音集合未覆盖；不猜测
鲸凉鹤1.1手心挂接.txt	隐裂	yblf	yblf	未知飞键、非音码或读音集合未覆盖；不猜测
鲸凉鹤1.1手心挂接.txt	隐瞒	ybmr	ybmr	未知飞键、非音码或读音集合未覆盖；不猜测
鲸凉鹤1.1手心挂接.txt	银幕	ybmx	ybmx	未知飞键、非音码或读音集合未覆盖；不猜测
鲸凉鹤1.1手心挂接.txt	隐僻	ybpe	ybpe	未知飞键、非音码或读音集合未覆盖；不猜测
鲸凉鹤1.1手心挂接.txt	阴坡	ybps	ybps	未知飞键、非音码或读音集合未覆盖；不猜测
鲸凉鹤1.1手心挂接.txt	银屏	ybpx	ybpx	未知飞键、非音码或读音集合未覆盖；不猜测
鲸凉鹤1.1手心挂接.txt	阴平	ybpx	ybpx	未知飞键、非音码或读音集合未覆盖；不猜测
鲸凉鹤1.1手心挂接.txt	引起	ybqe	ybqe	未知飞键、非音码或读音集合未覆盖；不猜测
鲸凉鹤1.1手心挂接.txt	隐退	ybtl	ybtl	未知飞键、非音码或读音集合未覆盖；不猜测
鲸凉鹤1.1手心挂接.txt	引退	ybtl	ybtl	未知飞键、非音码或读音集合未覆盖；不猜测
鲸凉鹤1.1手心挂接.txt	银山	ybus	ybus	未知飞键、非音码或读音集合未覆盖；不猜测
鲸凉鹤1.1手心挂接.txt	印证	ybvk	ybvk	未知飞键、非音码或读音集合未覆盖；不猜测
鲸凉鹤1.1手心挂接.txt	引证	ybvk	ybvk	未知飞键、非音码或读音集合未覆盖；不猜测
鲸凉鹤1.1手心挂接.txt	引言	ybyf	ybyf	未知飞键、非音码或读音集合未覆盖；不猜测
鲸凉鹤1.1手心挂接.txt	阴郁	ybyg	ybyg	未知飞键、非音码或读音集合未覆盖；不猜测
鲸凉鹤1.1手心挂接.txt	隐喻	ybyg	ybyg	未知飞键、非音码或读音集合未覆盖；不猜测
鲸凉鹤1.1手心挂接.txt	阴雨	ybyg	ybyg	未知飞键、非音码或读音集合未覆盖；不猜测
鲸凉鹤1.1手心挂接.txt	音域	ybyg	ybyg	未知飞键、非音码或读音集合未覆盖；不猜测
鲸凉鹤1.1手心挂接.txt	音乐	ybyo	ybyo	未知飞键、非音码或读音集合未覆盖；不猜测
鲸凉鹤1.1手心挂接.txt	隐踪	ybzl	ybzl	未知飞键、非音码或读音集合未覆盖；不猜测
鲸凉鹤1.1手心挂接.txt	音综	ybzl	ybzl	未知飞键、非音码或读音集合未覆盖；不猜测
鲸凉鹤1.1手心挂接.txt	要从	yccl	yccl	未知飞键、非音码或读音集合未覆盖；不猜测
鲸凉鹤1.1手心挂接.txt	要到	ycdl	ycdl	未知飞键、非音码或读音集合未覆盖；不猜测
鲸凉鹤1.1手心挂接.txt	要道	ycdl	ycdl	未知飞键、非音码或读音集合未覆盖；不猜测
鲸凉鹤1.1手心挂接.txt	要打	ycdw	ycdw	未知飞键、非音码或读音集合未覆盖；不猜测
鲸凉鹤1.1手心挂接.txt	要跪	ycgi	ycgi	未知飞键、非音码或读音集合未覆盖；不猜测
鲸凉鹤1.1手心挂接.txt	药柜	ycgi	ycgi	未知飞键、非音码或读音集合未覆盖；不猜测
鲸凉鹤1.1手心挂接.txt	药罐	ycgp	ycgp	未知飞键、非音码或读音集合未覆盖；不猜测
鲸凉鹤1.1手心挂接.txt	要管	ycgp	ycgp	未知飞键、非音码或读音集合未覆盖；不猜测
鲸凉鹤1.1手心挂接.txt	遥观	ycgp	ycgp	未知飞键、非音码或读音集合未覆盖；不猜测
鲸凉鹤1.1手心挂接.txt	要道	ycjf	ycjf	未知飞键、非音码或读音集合未覆盖；不猜测
鲸凉鹤1.1手心挂接.txt	妖道	ycjf	ycjf	未知飞键、非音码或读音集合未覆盖；不猜测
鲸凉鹤1.1手心挂接.txt	腰间	ycjz	ycjz	未知飞键、非音码或读音集合未覆盖；不猜测
鲸凉鹤1.1手心挂接.txt	要咯	yclo	yclo	未知飞键、非音码或读音集合未覆盖；不猜测
鲸凉鹤1.1手心挂接.txt	要么	ycmo	ycmo	未知飞键、非音码或读音集合未覆盖；不猜测
鲸凉鹤1.1手心挂接.txt	要慢	ycmr	ycmr	未知飞键、非音码或读音集合未覆盖；不猜测
鲸凉鹤1.1手心挂接.txt	要目	ycmx	ycmx	未知飞键、非音码或读音集合未覆盖；不猜测
鲸凉鹤1.1手心挂接.txt	妖男	ycnz	ycnz	未知飞键、非音码或读音集合未覆盖；不猜测
鲸凉鹤1.1手心挂接.txt	耀皮	ycpe	ycpe	未知飞键、非音码或读音集合未覆盖；不猜测
鲸凉鹤1.1手心挂接.txt	咬破	ycps	ycps	未知飞键、非音码或读音集合未覆盖；不猜测
鲸凉鹤1.1手心挂接.txt	妖婆	ycps	ycps	未知飞键、非音码或读音集合未覆盖；不猜测
鲸凉鹤1.1手心挂接.txt	药瓶	ycpx	ycpx	未知飞键、非音码或读音集合未覆盖；不猜测
鲸凉鹤1.1手心挂接.txt	要凭	ycpx	ycpx	未知飞键、非音码或读音集合未覆盖；不猜测
鲸凉鹤1.1手心挂接.txt	要评	ycpx	ycpx	未知飞键、非音码或读音集合未覆盖；不猜测
鲸凉鹤1.1手心挂接.txt	腰腿	yctl	yctl	未知飞键、非音码或读音集合未覆盖；不猜测
鲸凉鹤1.1手心挂接.txt	要争	ycvk	ycvk	未知飞键、非音码或读音集合未覆盖；不猜测
鲸凉鹤1.1手心挂接.txt	摇曳	ycvk	ycvk	未知飞键、非音码或读音集合未覆盖；不猜测
鲸凉鹤1.1手心挂接.txt	要向	ycxj	ycxj	未知飞键、非音码或读音集合未覆盖；不猜测
鲸凉鹤1.1手心挂接.txt	耀眼	ycyf	ycyf	未知飞键、非音码或读音集合未覆盖；不猜测
鲸凉鹤1.1手心挂接.txt	谣言	ycyf	ycyf	未知飞键、非音码或读音集合未覆盖；不猜测
鲸凉鹤1.1手心挂接.txt	妖艳	ycyf	ycyf	未知飞键、非音码或读音集合未覆盖；不猜测
鲸凉鹤1.1手心挂接.txt	要与	ycyg	ycyg	未知飞键、非音码或读音集合未覆盖；不猜测
鲸凉鹤1.1手心挂接.txt	药浴	ycyg	ycyg	未知飞键、非音码或读音集合未覆盖；不猜测
鲸凉鹤1.1手心挂接.txt	鳐鱼	ycyg	ycyg	未知飞键、非音码或读音集合未覆盖；不猜测
鲸凉鹤1.1手心挂接.txt	也从	yecl	yecl	未知飞键、非音码或读音集合未覆盖；不猜测
鲸凉鹤1.1手心挂接.txt	野鬼	yegi	yegi	未知飞键、非音码或读音集合未覆盖；不猜测
鲸凉鹤1.1手心挂接.txt	夜归	yegi	yegi	未知飞键、非音码或读音集合未覆盖；不猜测
鲸凉鹤1.1手心挂接.txt	也管	yegp	yegp	未知飞键、非音码或读音集合未覆盖；不猜测
鲸凉鹤1.1手心挂接.txt	业管	yegp	yegp	未知飞键、非音码或读音集合未覆盖；不猜测
鲸凉鹤1.1手心挂接.txt	夜观	yegp	yegp	未知飞键、非音码或读音集合未覆盖；不猜测
鲸凉鹤1.1手心挂接.txt	夜间	yejz	yejz	未知飞键、非音码或读音集合未覆盖；不猜测
鲸凉鹤1.1手心挂接.txt	野蛮	yemr	yemr	未知飞键、非音码或读音集合未覆盖；不猜测
鲸凉鹤1.1手心挂接.txt	夜幕	yemx	yemx	未知飞键、非音码或读音集合未覆盖；不猜测
鲸凉鹤1.1手心挂接.txt	也难	yenz	yenz	未知飞键、非音码或读音集合未覆盖；不猜测
鲸凉鹤1.1手心挂接.txt	夜魄	yeps	yeps	未知飞键、非音码或读音集合未覆盖；不猜测
鲸凉鹤1.1手心挂接.txt	也凭	yepx	yepx	未知飞键、非音码或读音集合未覆盖；不猜测
鲸凉鹤1.1手心挂接.txt	楪祈	yeqi	yeqi	未知飞键、非音码或读音集合未覆盖；不猜测
鲸凉鹤1.1手心挂接.txt	也忒	yetl	yetl	未知飞键、非音码或读音集合未覆盖；不猜测
鲸凉鹤1.1手心挂接.txt	吔屎	yeui	yeui	未知飞键、非音码或读音集合未覆盖；不猜测
鲸凉鹤1.1手心挂接.txt	野山	yeus	yeus	未知飞键、非音码或读音集合未覆盖；不猜测
鲸凉鹤1.1手心挂接.txt	叶修	yexo	yexo	未知飞键、非音码或读音集合未覆盖；不猜测
鲸凉鹤1.1手心挂接.txt	夜宴	yeyf	yeyf	未知飞键、非音码或读音集合未覆盖；不猜测
鲸凉鹤1.1手心挂接.txt	页岩	yeyf	yeyf	未知飞键、非音码或读音集合未覆盖；不猜测
鲸凉鹤1.1手心挂接.txt	夜魇	yeyf	yeyf	未知飞键、非音码或读音集合未覆盖；不猜测
鲸凉鹤1.1手心挂接.txt	业余	yeyg	yeyg	未知飞键、非音码或读音集合未覆盖；不猜测
鲸凉鹤1.1手心挂接.txt	揶揄	yeyg	yeyg	未知飞键、非音码或读音集合未覆盖；不猜测
鲸凉鹤1.1手心挂接.txt	夜雨	yeyg	yeyg	未知飞键、非音码或读音集合未覆盖；不猜测
鲸凉鹤1.1手心挂接.txt	也与	yeyg	yeyg	未知飞键、非音码或读音集合未覆盖；不猜测
鲸凉鹤1.1手心挂接.txt	叶总	yezl	yezl	未知飞键、非音码或读音集合未覆盖；不猜测
鲸凉鹤1.1手心挂接.txt	也赚	yezr	yezr	未知飞键、非音码或读音集合未覆盖；不猜测
鲸凉鹤1.1手心挂接.txt	眼癌	yfai	yfai	未知飞键、非音码或读音集合未覆盖；不猜测
鲸凉鹤1.1手心挂接.txt	烟霭	yfai	yfai	未知飞键、非音码或读音集合未覆盖；不猜测
鲸凉鹤1.1手心挂接.txt	延安	yfan	yfan	未知飞键、非音码或读音集合未覆盖；不猜测
鲸凉鹤1.1手心挂接.txt	沿岸	yfan	yfan	未知飞键、非音码或读音集合未覆盖；不猜测
鲸凉鹤1.1手心挂接.txt	盐巴	yfba	yfba	未知飞键、非音码或读音集合未覆盖；不猜测
鲸凉鹤1.1手心挂接.txt	言罢	yfba	yfba	未知飞键、非音码或读音集合未覆盖；不猜测
鲸凉鹤1.1手心挂接.txt	彦斌	yfbb	yfbb	未知飞键、非音码或读音集合未覆盖；不猜测
鲸凉鹤1.1手心挂接.txt	宴宾	yfbb	yfbb	未知飞键、非音码或读音集合未覆盖；不猜测
鲸凉鹤1.1手心挂接.txt	延保	yfbc	yfbc	未知飞键、非音码或读音集合未覆盖；不猜测
鲸凉鹤1.1手心挂接.txt	炎爆	yfbc	yfbc	未知飞键、非音码或读音集合未覆盖；不猜测
鲸凉鹤1.1手心挂接.txt	眼白	yfbd	yfbd	未知飞键、非音码或读音集合未覆盖；不猜测
鲸凉鹤1.1手心挂接.txt	赝本	yfbf	yfbf	未知飞键、非音码或读音集合未覆盖；不猜测
鲸凉鹤1.1手心挂接.txt	盐帮	yfbh	yfbh	未知飞键、非音码或读音集合未覆盖；不猜测
鲸凉鹤1.1手心挂接.txt	岩壁	yfbi	yfbi	未知飞键、非音码或读音集合未覆盖；不猜测
鲸凉鹤1.1手心挂接.txt	言毕	yfbi	yfbi	未知飞键、非音码或读音集合未覆盖；不猜测
鲸凉鹤1.1手心挂接.txt	掩鼻	yfbi	yfbi	未知飞键、非音码或读音集合未覆盖；不猜测
鲸凉鹤1.1手心挂接.txt	掩蔽	yfbi	yfbi	未知飞键、非音码或读音集合未覆盖；不猜测
鲸凉鹤1.1手心挂接.txt	严办	yfbj	yfbj	未知飞键、非音码或读音集合未覆盖；不猜测
鲸凉鹤1.1手心挂接.txt	眼病	yfbk	yfbk	未知飞键、非音码或读音集合未覆盖；不猜测
鲸凉鹤1.1手心挂接.txt	验兵	yfbk	yfbk	未知飞键、非音码或读音集合未覆盖；不猜测
鲸凉鹤1.1手心挂接.txt	演变	yfbm	yfbm	未知飞键、非音码或读音集合未覆盖；不猜测
鲸凉鹤1.1手心挂接.txt	言表	yfbn	yfbn	未知飞键、非音码或读音集合未覆盖；不猜测
鲸凉鹤1.1手心挂接.txt	烟波	yfbo	yfbo	未知飞键、非音码或读音集合未覆盖；不猜测
鲸凉鹤1.1手心挂接.txt	演播	yfbo	yfbo	未知飞键、非音码或读音集合未覆盖；不猜测
鲸凉鹤1.1手心挂接.txt	眼部	yfbu	yfbu	未知飞键、非音码或读音集合未覆盖；不猜测
鲸凉鹤1.1手心挂接.txt	咽部	yfbu	yfbu	未知飞键、非音码或读音集合未覆盖；不猜测
鲸凉鹤1.1手心挂接.txt	雁北	yfbw	yfbw	未知飞键、非音码或读音集合未覆盖；不猜测
鲸凉鹤1.1手心挂接.txt	烟草	yfcc	yfcc	未知飞键、非音码或读音集合未覆盖；不猜测
鲸凉鹤1.1手心挂接.txt	腌菜	yfcd	yfcd	未知飞键、非音码或读音集合未覆盖；不猜测
鲸凉鹤1.1手心挂接.txt	咽菜	yfcd	yfcd	未知飞键、非音码或读音集合未覆盖；不猜测
鲸凉鹤1.1手心挂接.txt	岩层	yfcg	yfcg	未知飞键、非音码或读音集合未覆盖；不猜测
鲸凉鹤1.1手心挂接.txt	掩藏	yfch	yfch	未知飞键、非音码或读音集合未覆盖；不猜测
鲸凉鹤1.1手心挂接.txt	盐仓	yfch	yfch	未知飞键、非音码或读音集合未覆盖；不猜测
鲸凉鹤1.1手心挂接.txt	言辞	yfci	yfci	未知飞键、非音码或读音集合未覆盖；不猜测
鲸凉鹤1.1手心挂接.txt	眼残	yfcj	yfcj	未知飞键、非音码或读音集合未覆盖；不猜测
鲸凉鹤1.1手心挂接.txt	严参	yfcj	yfcj	未知飞键、非音码或读音集合未覆盖；不猜测
鲸凉鹤1.1手心挂接.txt	烟囱	yfcl	yfcl	未知飞键、非音码或读音集合未覆盖；不猜测
鲸凉鹤1.1手心挂接.txt	颜厝	yfco	yfco	未知飞键、非音码或读音集合未覆盖；不猜测
鲸凉鹤1.1手心挂接.txt	烟囱	yfcs	yfcs	未知飞键、非音码或读音集合未覆盖；不猜测
鲸凉鹤1.1手心挂接.txt	盐醋	yfcu	yfcu	未知飞键、非音码或读音集合未覆盖；不猜测
鲸凉鹤1.1手心挂接.txt	酽醋	yfcu	yfcu	未知飞键、非音码或读音集合未覆盖；不猜测
鲸凉鹤1.1手心挂接.txt	阎村	yfcy	yfcy	未知飞键、非音码或读音集合未覆盖；不猜测
鲸凉鹤1.1手心挂接.txt	严打	yfda	yfda	未知飞键、非音码或读音集合未覆盖；不猜测
鲸凉鹤1.1手心挂接.txt	烟道	yfdc	yfdc	未知飞键、非音码或读音集合未覆盖；不猜测
鲸凉鹤1.1手心挂接.txt	淹到	yfdc	yfdc	未知飞键、非音码或读音集合未覆盖；不猜测
鲸凉鹤1.1手心挂接.txt	言道	yfdc	yfdc	未知飞键、非音码或读音集合未覆盖；不猜测
鲸凉鹤1.1手心挂接.txt	眼袋	yfdd	yfdd	未知飞键、非音码或读音集合未覆盖；不猜测
鲸凉鹤1.1手心挂接.txt	烟袋	yfdd	yfdd	未知飞键、非音码或读音集合未覆盖；不猜测
鲸凉鹤1.1手心挂接.txt	焉得	yfde	yfde	未知飞键、非音码或读音集合未覆盖；不猜测
鲸凉鹤1.1手心挂接.txt	演得	yfde	yfde	未知飞键、非音码或读音集合未覆盖；不猜测
鲸凉鹤1.1手心挂接.txt	淹得	yfde	yfde	未知飞键、非音码或读音集合未覆盖；不猜测
鲸凉鹤1.1手心挂接.txt	阉党	yfdh	yfdh	未知飞键、非音码或读音集合未覆盖；不猜测
鲸凉鹤1.1手心挂接.txt	眼底	yfdi	yfdi	未知飞键、非音码或读音集合未覆盖；不猜测
鲸凉鹤1.1手心挂接.txt	烟蒂	yfdi	yfdi	未知飞键、非音码或读音集合未覆盖；不猜测
鲸凉鹤1.1手心挂接.txt	炎帝	yfdi	yfdi	未知飞键、非音码或读音集合未覆盖；不猜测
鲸凉鹤1.1手心挂接.txt	燕丹	yfdj	yfdj	未知飞键、非音码或读音集合未覆盖；不猜测
鲸凉鹤1.1手心挂接.txt	烟弹	yfdj	yfdj	未知飞键、非音码或读音集合未覆盖；不猜测
鲸凉鹤1.1手心挂接.txt	验单	yfdj	yfdj	未知飞键、非音码或读音集合未覆盖；不猜测
鲸凉鹤1.1手心挂接.txt	言道	yfdl	yfdl	未知飞键、非音码或读音集合未覆盖；不猜测
鲸凉鹤1.1手心挂接.txt	唁电	yfdm	yfdm	未知飞键、非音码或读音集合未覆盖；不猜测
鲸凉鹤1.1手心挂接.txt	验电	yfdm	yfdm	未知飞键、非音码或读音集合未覆盖；不猜测
鲸凉鹤1.1手心挂接.txt	阉掉	yfdn	yfdn	未知飞键、非音码或读音集合未覆盖；不猜测
鲸凉鹤1.1手心挂接.txt	言多	yfdo	yfdo	未知飞键、非音码或读音集合未覆盖；不猜测
鲸凉鹤1.1手心挂接.txt	岩洞	yfds	yfds	未知飞键、非音码或读音集合未覆盖；不猜测
鲸凉鹤1.1手心挂接.txt	严冬	yfds	yfds	未知飞键、非音码或读音集合未覆盖；不猜测
鲸凉鹤1.1手心挂接.txt	研读	yfdu	yfdu	未知飞键、非音码或读音集合未覆盖；不猜测
鲸凉鹤1.1手心挂接.txt	盐度	yfdu	yfdu	未知飞键、非音码或读音集合未覆盖；不猜测
鲸凉鹤1.1手心挂接.txt	盐都	yfdu	yfdu	未知飞键、非音码或读音集合未覆盖；不猜测
鲸凉鹤1.1手心挂接.txt	严打	yfdw	yfdw	未知飞键、非音码或读音集合未覆盖；不猜测
鲸凉鹤1.1手心挂接.txt	烟墩	yfdy	yfdy	未知飞键、非音码或读音集合未覆盖；不猜测
鲸凉鹤1.1手心挂接.txt	烟斗	yfdz	yfdz	未知飞键、非音码或读音集合未覆盖；不猜测
鲸凉鹤1.1手心挂接.txt	厌恶	yfee	yfee	未知飞键、非音码或读音集合未覆盖；不猜测
鲸凉鹤1.1手心挂接.txt	掩耳	yfer	yfer	未知飞键、非音码或读音集合未覆盖；不猜测
鲸凉鹤1.1手心挂接.txt	研二	yfer	yfer	未知飞键、非音码或读音集合未覆盖；不猜测
鲸凉鹤1.1手心挂接.txt	研发	yffa	yffa	未知飞键、非音码或读音集合未覆盖；不猜测
鲸凉鹤1.1手心挂接.txt	盐分	yfff	yfff	未知飞键、非音码或读音集合未覆盖；不猜测
鲸凉鹤1.1手心挂接.txt	颜粉	yfff	yfff	未知飞键、非音码或读音集合未覆盖；不猜测
鲸凉鹤1.1手心挂接.txt	岩逢	yffg	yffg	未知飞键、非音码或读音集合未覆盖；不猜测
鲸凉鹤1.1手心挂接.txt	岩峰	yffg	yffg	未知飞键、非音码或读音集合未覆盖；不猜测
鲸凉鹤1.1手心挂接.txt	严防	yffh	yffh	未知飞键、非音码或读音集合未覆盖；不猜测
鲸凉鹤1.1手心挂接.txt	验房	yffh	yffh	未知飞键、非音码或读音集合未覆盖；不猜测
鲸凉鹤1.1手心挂接.txt	验方	yffh	yffh	未知飞键、非音码或读音集合未覆盖；不猜测
鲸凉鹤1.1手心挂接.txt	厌烦	yffj	yffj	未知飞键、非音码或读音集合未覆盖；不猜测
鲸凉鹤1.1手心挂接.txt	燕返	yffj	yffj	未知飞键、非音码或读音集合未覆盖；不猜测
鲸凉鹤1.1手心挂接.txt	咽饭	yffj	yffj	未知飞键、非音码或读音集合未覆盖；不猜测
鲸凉鹤1.1手心挂接.txt	烟贩	yffj	yffj	未知飞键、非音码或读音集合未覆盖；不猜测
鲸凉鹤1.1手心挂接.txt	眼福	yffu	yffu	未知飞键、非音码或读音集合未覆盖；不猜测
鲸凉鹤1.1手心挂接.txt	艳福	yffu	yffu	未知飞键、非音码或读音集合未覆盖；不猜测
鲸凉鹤1.1手心挂接.txt	严父	yffu	yffu	未知飞键、非音码或读音集合未覆盖；不猜测
鲸凉鹤1.1手心挂接.txt	烟费	yffw	yffw	未知飞键、非音码或读音集合未覆盖；不猜测
鲸凉鹤1.1手心挂接.txt	眼高	yfgc	yfgc	未知飞键、非音码或读音集合未覆盖；不猜测
鲸凉鹤1.1手心挂接.txt	眼膏	yfgc	yfgc	未知飞键、非音码或读音集合未覆盖；不猜测
鲸凉鹤1.1手心挂接.txt	烟膏	yfgc	yfgc	未知飞键、非音码或读音集合未覆盖；不猜测
鲸凉鹤1.1手心挂接.txt	掩盖	yfgd	yfgd	未知飞键、非音码或读音集合未覆盖；不猜测
鲸凉鹤1.1手心挂接.txt	严格	yfge	yfge	未知飞键、非音码或读音集合未覆盖；不猜测
鲸凉鹤1.1手心挂接.txt	阉割	yfge	yfge	未知飞键、非音码或读音集合未覆盖；不猜测
鲸凉鹤1.1手心挂接.txt	沿革	yfge	yfge	未知飞键、非音码或读音集合未覆盖；不猜测
鲸凉鹤1.1手心挂接.txt	咽哽	yfgg	yfgg	未知飞键、非音码或读音集合未覆盖；不猜测
鲸凉鹤1.1手心挂接.txt	烟缸	yfgh	yfgh	未知飞键、非音码或读音集合未覆盖；不猜测
鲸凉鹤1.1手心挂接.txt	烟鬼	yfgi	yfgi	未知飞键、非音码或读音集合未覆盖；不猜测
鲸凉鹤1.1手心挂接.txt	烟杆	yfgj	yfgj	未知飞键、非音码或读音集合未覆盖；不猜测
鲸凉鹤1.1手心挂接.txt	烟感	yfgj	yfgj	未知飞键、非音码或读音集合未覆盖；不猜测
鲸凉鹤1.1手心挂接.txt	眼光	yfgl	yfgl	未知飞键、非音码或读音集合未覆盖；不猜测
鲸凉鹤1.1手心挂接.txt	验光	yfgl	yfgl	未知飞键、非音码或读音集合未覆盖；不猜测
鲸凉鹤1.1手心挂接.txt	燕国	yfgo	yfgo	未知飞键、非音码或读音集合未覆盖；不猜测
鲸凉鹤1.1手心挂接.txt	演过	yfgo	yfgo	未知飞键、非音码或读音集合未覆盖；不猜测
鲸凉鹤1.1手心挂接.txt	腌过	yfgo	yfgo	未知飞键、非音码或读音集合未覆盖；不猜测
鲸凉鹤1.1手心挂接.txt	眼观	yfgp	yfgp	未知飞键、非音码或读音集合未覆盖；不猜测
鲸凉鹤1.1手心挂接.txt	严管	yfgp	yfgp	未知飞键、非音码或读音集合未覆盖；不猜测
鲸凉鹤1.1手心挂接.txt	烟管	yfgp	yfgp	未知飞键、非音码或读音集合未覆盖；不猜测
鲸凉鹤1.1手心挂接.txt	眼观	yfgr	yfgr	未知飞键、非音码或读音集合未覆盖；不猜测
鲸凉鹤1.1手心挂接.txt	严管	yfgr	yfgr	未知飞键、非音码或读音集合未覆盖；不猜测
鲸凉鹤1.1手心挂接.txt	烟管	yfgr	yfgr	未知飞键、非音码或读音集合未覆盖；不猜测
鲸凉鹤1.1手心挂接.txt	盐工	yfgs	yfgs	未知飞键、非音码或读音集合未覆盖；不猜测
鲸凉鹤1.1手心挂接.txt	烟鬼	yfgv	yfgv	未知飞键、非音码或读音集合未覆盖；不猜测
鲸凉鹤1.1手心挂接.txt	颜狗	yfgz	yfgz	未知飞键、非音码或读音集合未覆盖；不猜测
鲸凉鹤1.1手心挂接.txt	烟垢	yfgz	yfgz	未知飞键、非音码或读音集合未覆盖；不猜测
鲸凉鹤1.1手心挂接.txt	阉狗	yfgz	yfgz	未知飞键、非音码或读音集合未覆盖；不猜测
鲸凉鹤1.1手心挂接.txt	演好	yfhc	yfhc	未知飞键、非音码或读音集合未覆盖；不猜测
鲸凉鹤1.1手心挂接.txt	沿海	yfhd	yfhd	未知飞键、非音码或读音集合未覆盖；不猜测
鲸凉鹤1.1手心挂接.txt	沿河	yfhe	yfhe	未知飞键、非音码或读音集合未覆盖；不猜测
鲸凉鹤1.1手心挂接.txt	烟盒	yfhe	yfhe	未知飞键、非音码或读音集合未覆盖；不猜测
鲸凉鹤1.1手心挂接.txt	言和	yfhe	yfhe	未知飞键、非音码或读音集合未覆盖；不猜测
鲸凉鹤1.1手心挂接.txt	厌恨	yfhf	yfhf	未知飞键、非音码或读音集合未覆盖；不猜测
鲸凉鹤1.1手心挂接.txt	严恒	yfhg	yfhg	未知飞键、非音码或读音集合未覆盖；不猜测
鲸凉鹤1.1手心挂接.txt	严寒	yfhj	yfhj	未知飞键、非音码或读音集合未覆盖；不猜测
鲸凉鹤1.1手心挂接.txt	炎黄	yfhl	yfhl	未知飞键、非音码或读音集合未覆盖；不猜测
鲸凉鹤1.1手心挂接.txt	艳黄	yfhl	yfhl	未知飞键、非音码或读音集合未覆盖；不猜测
鲸凉鹤1.1手心挂接.txt	盐荒	yfhl	yfhl	未知飞键、非音码或读音集合未覆盖；不猜测
鲸凉鹤1.1手心挂接.txt	烟火	yfho	yfho	未知飞键、非音码或读音集合未覆盖；不猜测
鲸凉鹤1.1手心挂接.txt	焰火	yfho	yfho	未知飞键、非音码或读音集合未覆盖；不猜测
鲸凉鹤1.1手心挂接.txt	验货	yfho	yfho	未知飞键、非音码或读音集合未覆盖；不猜测
鲸凉鹤1.1手心挂接.txt	炎火	yfho	yfho	未知飞键、非音码或读音集合未覆盖；不猜测
鲸凉鹤1.1手心挂接.txt	延缓	yfhr	yfhr	未知飞键、非音码或读音集合未覆盖；不猜测
鲸凉鹤1.1手心挂接.txt	言欢	yfhr	yfhr	未知飞键、非音码或读音集合未覆盖；不猜测
鲸凉鹤1.1手心挂接.txt	眼红	yfhs	yfhs	未知飞键、非音码或读音集合未覆盖；不猜测
鲸凉鹤1.1手心挂接.txt	嫣红	yfhs	yfhs	未知飞键、非音码或读音集合未覆盖；不猜测
鲸凉鹤1.1手心挂接.txt	艳红	yfhs	yfhs	未知飞键、非音码或读音集合未覆盖；不猜测
鲸凉鹤1.1手心挂接.txt	掩护	yfhu	yfhu	未知飞键、非音码或读音集合未覆盖；不猜测
鲸凉鹤1.1手心挂接.txt	盐湖	yfhu	yfhu	未知飞键、非音码或读音集合未覆盖；不猜测
鲸凉鹤1.1手心挂接.txt	沿湖	yfhu	yfhu	未知飞键、非音码或读音集合未覆盖；不猜测
鲸凉鹤1.1手心挂接.txt	烟壶	yfhu	yfhu	未知飞键、非音码或读音集合未覆盖；不猜测
鲸凉鹤1.1手心挂接.txt	宴会	yfhv	yfhv	未知飞键、非音码或读音集合未覆盖；不猜测
鲸凉鹤1.1手心挂接.txt	烟灰	yfhv	yfhv	未知飞键、非音码或读音集合未覆盖；不猜测
鲸凉鹤1.1手心挂接.txt	烟花	yfhx	yfhx	未知飞键、非音码或读音集合未覆盖；不猜测
鲸凉鹤1.1手心挂接.txt	眼花	yfhx	yfhx	未知飞键、非音码或读音集合未覆盖；不猜测
鲸凉鹤1.1手心挂接.txt	演化	yfhx	yfhx	未知飞键、非音码或读音集合未覆盖；不猜测
鲸凉鹤1.1手心挂接.txt	咽喉	yfhz	yfhz	未知飞键、非音码或读音集合未覆盖；不猜测
鲸凉鹤1.1手心挂接.txt	延后	yfhz	yfhz	未知飞键、非音码或读音集合未覆盖；不猜测
鲸凉鹤1.1手心挂接.txt	艳后	yfhz	yfhz	未知飞键、非音码或读音集合未覆盖；不猜测
鲸凉鹤1.1手心挂接.txt	严查	yfia	yfia	未知飞键、非音码或读音集合未覆盖；不猜测
鲸凉鹤1.1手心挂接.txt	岩茶	yfia	yfia	未知飞键、非音码或读音集合未覆盖；不猜测
鲸凉鹤1.1手心挂接.txt	验钞	yfic	yfic	未知飞键、非音码或读音集合未覆盖；不猜测
鲸凉鹤1.1手心挂接.txt	燕巢	yfic	yfic	未知飞键、非音码或读音集合未覆盖；不猜测
鲸凉鹤1.1手心挂接.txt	验车	yfie	yfie	未知飞键、非音码或读音集合未覆盖；不猜测
鲸凉鹤1.1手心挂接.txt	烟尘	yfif	yfif	未知飞键、非音码或读音集合未覆盖；不猜测
鲸凉鹤1.1手心挂接.txt	严惩	yfig	yfig	未知飞键、非音码或读音集合未覆盖；不猜测
鲸凉鹤1.1手心挂接.txt	延长	yfih	yfih	未知飞键、非音码或读音集合未覆盖；不猜测
鲸凉鹤1.1手心挂接.txt	演唱	yfih	yfih	未知飞键、非音码或读音集合未覆盖；不猜测
鲸凉鹤1.1手心挂接.txt	延迟	yfii	yfii	未知飞键、非音码或读音集合未覆盖；不猜测
鲸凉鹤1.1手心挂接.txt	眼馋	yfij	yfij	未知飞键、非音码或读音集合未覆盖；不猜测
鲸凉鹤1.1手心挂接.txt	岩巉	yfij	yfij	未知飞键、非音码或读音集合未覆盖；不猜测
鲸凉鹤1.1手心挂接.txt	研创	yfil	yfil	未知飞键、非音码或读音集合未覆盖；不猜测
鲸凉鹤1.1手心挂接.txt	眼戳	yfio	yfio	未知飞键、非音码或读音集合未覆盖；不猜测
鲸凉鹤1.1手心挂接.txt	言传	yfir	yfir	未知飞键、非音码或读音集合未覆盖；不猜测
鲸凉鹤1.1手心挂接.txt	演出	yfiu	yfiu	未知飞键、非音码或读音集合未覆盖；不猜测
鲸凉鹤1.1手心挂接.txt	验出	yfiu	yfiu	未知飞键、非音码或读音集合未覆盖；不猜测
鲸凉鹤1.1手心挂接.txt	言出	yfiu	yfiu	未知飞键、非音码或读音集合未覆盖；不猜测
鲸凉鹤1.1手心挂接.txt	厌蠢	yfiy	yfiy	未知飞键、非音码或读音集合未覆盖；不猜测
鲸凉鹤1.1手心挂接.txt	眼唇	yfiy	yfiy	未知飞键、非音码或读音集合未覆盖；不猜测
鲸凉鹤1.1手心挂接.txt	眼瞅	yfiz	yfiz	未知飞键、非音码或读音集合未覆盖；不猜测
鲸凉鹤1.1手心挂接.txt	严谨	yfjb	yfjb	未知飞键、非音码或读音集合未覆盖；不猜测
鲸凉鹤1.1手心挂接.txt	严禁	yfjb	yfjb	未知飞键、非音码或读音集合未覆盖；不猜测
鲸凉鹤1.1手心挂接.txt	烟道	yfjf	yfjf	未知飞键、非音码或读音集合未覆盖；不猜测
鲸凉鹤1.1手心挂接.txt	言道	yfjf	yfjf	未知飞键、非音码或读音集合未覆盖；不猜测
鲸凉鹤1.1手心挂接.txt	演技	yfji	yfji	未知飞键、非音码或读音集合未覆盖；不猜测
鲸凉鹤1.1手心挂接.txt	烟机	yfji	yfji	未知飞键、非音码或读音集合未覆盖；不猜测
鲸凉鹤1.1手心挂接.txt	验机	yfji	yfji	未知飞键、非音码或读音集合未覆盖；不猜测
鲸凉鹤1.1手心挂接.txt	眼睛	yfjk	yfjk	未知飞键、非音码或读音集合未覆盖；不猜测
鲸凉鹤1.1手心挂接.txt	眼镜	yfjk	yfjk	未知飞键、非音码或读音集合未覆盖；不猜测
鲸凉鹤1.1手心挂接.txt	演讲	yfjl	yfjl	未知飞键、非音码或读音集合未覆盖；不猜测
鲸凉鹤1.1手心挂接.txt	岩浆	yfjl	yfjl	未知飞键、非音码或读音集合未覆盖；不猜测
鲸凉鹤1.1手心挂接.txt	沿江	yfjl	yfjl	未知飞键、非音码或读音集合未覆盖；不猜测
鲸凉鹤1.1手心挂接.txt	眼见	yfjm	yfjm	未知飞键、非音码或读音集合未覆盖；不猜测
鲸凉鹤1.1手心挂接.txt	眼睑	yfjm	yfjm	未知飞键、非音码或读音集合未覆盖；不猜测
鲸凉鹤1.1手心挂接.txt	眼尖	yfjm	yfjm	未知飞键、非音码或读音集合未覆盖；不猜测
鲸凉鹤1.1手心挂接.txt	盐碱	yfjm	yfjm	未知飞键、非音码或读音集合未覆盖；不猜测
鲸凉鹤1.1手心挂接.txt	眼角	yfjn	yfjn	未知飞键、非音码或读音集合未覆盖；不猜测
鲸凉鹤1.1手心挂接.txt	檐角	yfjn	yfjn	未知飞键、非音码或读音集合未覆盖；不猜测
鲸凉鹤1.1手心挂接.txt	燕郊	yfjn	yfjn	未知飞键、非音码或读音集合未覆盖；不猜测
鲸凉鹤1.1手心挂接.txt	眼界	yfjp	yfjp	未知飞键、非音码或读音集合未覆盖；不猜测
鲸凉鹤1.1手心挂接.txt	沿街	yfjp	yfjp	未知飞键、非音码或读音集合未覆盖；不猜测
鲸凉鹤1.1手心挂接.txt	研究	yfjq	yfjq	未知飞键、非音码或读音集合未覆盖；不猜测
鲸凉鹤1.1手心挂接.txt	烟酒	yfjq	yfjq	未知飞键、非音码或读音集合未覆盖；不猜测
鲸凉鹤1.1手心挂接.txt	厌旧	yfjq	yfjq	未知飞键、非音码或读音集合未覆盖；不猜测
鲸凉鹤1.1手心挂接.txt	厌倦	yfjr	yfjr	未知飞键、非音码或读音集合未覆盖；不猜测
鲸凉鹤1.1手心挂接.txt	烟卷	yfjr	yfjr	未知飞键、非音码或读音集合未覆盖；不猜测
鲸凉鹤1.1手心挂接.txt	严爵	yfjt	yfjt	未知飞键、非音码或读音集合未覆盖；不猜测
鲸凉鹤1.1手心挂接.txt	盐焗	yfju	yfju	未知飞键、非音码或读音集合未覆盖；不猜测
鲸凉鹤1.1手心挂接.txt	烟具	yfju	yfju	未知飞键、非音码或读音集合未覆盖；不猜测
鲸凉鹤1.1手心挂接.txt	眼距	yfju	yfju	未知飞键、非音码或读音集合未覆盖；不猜测
鲸凉鹤1.1手心挂接.txt	燕居	yfju	yfju	未知飞键、非音码或读音集合未覆盖；不猜测
鲸凉鹤1.1手心挂接.txt	严加	yfjx	yfjx	未知飞键、非音码或读音集合未覆盖；不猜测
鲸凉鹤1.1手心挂接.txt	严峻	yfjy	yfjy	未知飞键、非音码或读音集合未覆盖；不猜测
鲸凉鹤1.1手心挂接.txt	眼见	yfjz	yfjz	未知飞键、非音码或读音集合未覆盖；不猜测
鲸凉鹤1.1手心挂接.txt	眼睑	yfjz	yfjz	未知飞键、非音码或读音集合未覆盖；不猜测
鲸凉鹤1.1手心挂接.txt	眼尖	yfjz	yfjz	未知飞键、非音码或读音集合未覆盖；不猜测
鲸凉鹤1.1手心挂接.txt	盐碱	yfjz	yfjz	未知飞键、非音码或读音集合未覆盖；不猜测
鲸凉鹤1.1手心挂接.txt	验卡	yfka	yfka	未知飞键、非音码或读音集合未覆盖；不猜测
鲸凉鹤1.1手心挂接.txt	研考	yfkc	yfkc	未知飞键、非音码或读音集合未覆盖；不猜测
鲸凉鹤1.1手心挂接.txt	盐烤	yfkc	yfkc	未知飞键、非音码或读音集合未覆盖；不猜测
鲸凉鹤1.1手心挂接.txt	严苛	yfke	yfke	未知飞键、非音码或读音集合未覆盖；不猜测
鲸凉鹤1.1手心挂接.txt	眼科	yfke	yfke	未知飞键、非音码或读音集合未覆盖；不猜测
鲸凉鹤1.1手心挂接.txt	宴客	yfke	yfke	未知飞键、非音码或读音集合未覆盖；不猜测
鲸凉鹤1.1手心挂接.txt	盐坑	yfkg	yfkg	未知飞键、非音码或读音集合未覆盖；不猜测
鲸凉鹤1.1手心挂接.txt	眼看	yfkj	yfkj	未知飞键、非音码或读音集合未覆盖；不猜测
鲸凉鹤1.1手心挂接.txt	验看	yfkj	yfkj	未知飞键、非音码或读音集合未覆盖；不猜测
鲸凉鹤1.1手心挂接.txt	眼快	yfkk	yfkk	未知飞键、非音码或读音集合未覆盖；不猜测
鲸凉鹤1.1手心挂接.txt	眼眶	yfkl	yfkl	未知飞键、非音码或读音集合未覆盖；不猜测
鲸凉鹤1.1手心挂接.txt	盐矿	yfkl	yfkl	未知飞键、非音码或读音集合未覆盖；不猜测
鲸凉鹤1.1手心挂接.txt	烟款	yfkr	yfkr	未知飞键、非音码或读音集合未覆盖；不猜测
鲸凉鹤1.1手心挂接.txt	颜控	yfks	yfks	未知飞键、非音码或读音集合未覆盖；不猜测
鲸凉鹤1.1手心挂接.txt	严控	yfks	yfks	未知飞键、非音码或读音集合未覆盖；不猜测
鲸凉鹤1.1手心挂接.txt	严酷	yfku	yfku	未知飞键、非音码或读音集合未覆盖；不猜测
鲸凉鹤1.1手心挂接.txt	眼困	yfky	yfky	未知飞键、非音码或读音集合未覆盖；不猜测
鲸凉鹤1.1手心挂接.txt	燕林	yflb	yflb	未知飞键、非音码或读音集合未覆盖；不猜测
鲸凉鹤1.1手心挂接.txt	演了	yfle	yfle	未知飞键、非音码或读音集合未覆盖；不猜测
鲸凉鹤1.1手心挂接.txt	淹了	yfle	yfle	未知飞键、非音码或读音集合未覆盖；不猜测
鲸凉鹤1.1手心挂接.txt	阉了	yfle	yfle	未知飞键、非音码或读音集合未覆盖；不猜测
鲸凉鹤1.1手心挂接.txt	眼裂	yflf	yflf	未知飞键、非音码或读音集合未覆盖；不猜测
鲸凉鹤1.1手心挂接.txt	眼棱	yflg	yflg	未知飞键、非音码或读音集合未覆盖；不猜测
鲸凉鹤1.1手心挂接.txt	眼里	yfli	yfli	未知飞键、非音码或读音集合未覆盖；不猜测
鲸凉鹤1.1手心挂接.txt	严厉	yfli	yfli	未知飞键、非音码或读音集合未覆盖；不猜测
鲸凉鹤1.1手心挂接.txt	艳丽	yfli	yfli	未知飞键、非音码或读音集合未覆盖；不猜测
鲸凉鹤1.1手心挂接.txt	眼力	yfli	yfli	未知飞键、非音码或读音集合未覆盖；不猜测
鲸凉鹤1.1手心挂接.txt	延揽	yflj	yflj	未知飞键、非音码或读音集合未覆盖；不猜测
鲸凉鹤1.1手心挂接.txt	严令	yflk	yflk	未知飞键、非音码或读音集合未覆盖；不猜测
鲸凉鹤1.1手心挂接.txt	言灵	yflk	yflk	未知飞键、非音码或读音集合未覆盖；不猜测
鲸凉鹤1.1手心挂接.txt	炎凉	yfll	yfll	未知飞键、非音码或读音集合未覆盖；不猜测
鲸凉鹤1.1手心挂接.txt	颜良	yfll	yfll	未知飞键、非音码或读音集合未覆盖；不猜测
鲸凉鹤1.1手心挂接.txt	眼帘	yflm	yflm	未知飞键、非音码或读音集合未覆盖；不猜测
鲸凉鹤1.1手心挂接.txt	演练	yflm	yflm	未知飞键、非音码或读音集合未覆盖；不猜测
鲸凉鹤1.1手心挂接.txt	颜料	yfln	yfln	未知飞键、非音码或读音集合未覆盖；不猜测
鲸凉鹤1.1手心挂接.txt	腌料	yfln	yfln	未知飞键、非音码或读音集合未覆盖；不猜测
鲸凉鹤1.1手心挂接.txt	阎罗	yflo	yflo	未知飞键、非音码或读音集合未覆盖；不猜测
鲸凉鹤1.1手心挂接.txt	眼裂	yflp	yflp	未知飞键、非音码或读音集合未覆盖；不猜测
鲸凉鹤1.1手心挂接.txt	烟柳	yflq	yflq	未知飞键、非音码或读音集合未覆盖；不猜测
鲸凉鹤1.1手心挂接.txt	炎龙	yfls	yfls	未知飞键、非音码或读音集合未覆盖；不猜测
鲸凉鹤1.1手心挂接.txt	岩龙	yfls	yfls	未知飞键、非音码或读音集合未覆盖；不猜测
鲸凉鹤1.1手心挂接.txt	沿路	yflu	yflu	未知飞键、非音码或读音集合未覆盖；不猜测
鲸凉鹤1.1手心挂接.txt	颜路	yflu	yflu	未知飞键、非音码或读音集合未覆盖；不猜测
鲸凉鹤1.1手心挂接.txt	眼泪	yflw	yflw	未知飞键、非音码或读音集合未覆盖；不猜测
鲸凉鹤1.1手心挂接.txt	盐类	yflw	yflw	未知飞键、非音码或读音集合未覆盖；不猜测
鲸凉鹤1.1手心挂接.txt	言论	yfly	yfly	未知飞键、非音码或读音集合未覆盖；不猜测
鲸凉鹤1.1手心挂接.txt	闫楼	yflz	yflz	未知飞键、非音码或读音集合未覆盖；不猜测
鲸凉鹤1.1手心挂接.txt	掩码	yfma	yfma	未知飞键、非音码或读音集合未覆盖；不猜测
鲸凉鹤1.1手心挂接.txt	烟民	yfmb	yfmb	未知飞键、非音码或读音集合未覆盖；不猜测
鲸凉鹤1.1手心挂接.txt	眼毛	yfmc	yfmc	未知飞键、非音码或读音集合未覆盖；不猜测
鲸凉鹤1.1手心挂接.txt	颜貌	yfmc	yfmc	未知飞键、非音码或读音集合未覆盖；不猜测
鲸凉鹤1.1手心挂接.txt	掩埋	yfmd	yfmd	未知飞键、非音码或读音集合未覆盖；不猜测
鲸凉鹤1.1手心挂接.txt	燕麦	yfmd	yfmd	未知飞键、非音码或读音集合未覆盖；不猜测
鲸凉鹤1.1手心挂接.txt	严么	yfme	yfme	未知飞键、非音码或读音集合未覆盖；不猜测
鲸凉鹤1.1手心挂接.txt	掩门	yfmf	yfmf	未知飞键、非音码或读音集合未覆盖；不猜测
鲸凉鹤1.1手心挂接.txt	雁门	yfmf	yfmf	未知飞键、非音码或读音集合未覆盖；不猜测
鲸凉鹤1.1手心挂接.txt	眼盲	yfmh	yfmh	未知飞键、非音码或读音集合未覆盖；不猜测
鲸凉鹤1.1手心挂接.txt	严密	yfmi	yfmi	未知飞键、非音码或读音集合未覆盖；不猜测
鲸凉鹤1.1手心挂接.txt	严明	yfmk	yfmk	未知飞键、非音码或读音集合未覆盖；不猜测
鲸凉鹤1.1手心挂接.txt	言明	yfmk	yfmk	未知飞键、非音码或读音集合未覆盖；不猜测
鲸凉鹤1.1手心挂接.txt	验明	yfmk	yfmk	未知飞键、非音码或读音集合未覆盖；不猜测
鲸凉鹤1.1手心挂接.txt	颜面	yfmm	yfmm	未知飞键、非音码或读音集合未覆盖；不猜测
鲸凉鹤1.1手心挂接.txt	掩面	yfmm	yfmm	未知飞键、非音码或读音集合未覆盖；不猜测
鲸凉鹤1.1手心挂接.txt	延绵	yfmm	yfmm	未知飞键、非音码或读音集合未覆盖；不猜测
鲸凉鹤1.1手心挂接.txt	淹没	yfmo	yfmo	未知飞键、非音码或读音集合未覆盖；不猜测
鲸凉鹤1.1手心挂接.txt	研磨	yfmo	yfmo	未知飞键、非音码或读音集合未覆盖；不猜测
鲸凉鹤1.1手心挂接.txt	湮没	yfmo	yfmo	未知飞键、非音码或读音集合未覆盖；不猜测
鲸凉鹤1.1手心挂接.txt	研墨	yfmo	yfmo	未知飞键、非音码或读音集合未覆盖；不猜测
鲸凉鹤1.1手心挂接.txt	湮灭	yfmp	yfmp	未知飞键、非音码或读音集合未覆盖；不猜测
鲸凉鹤1.1手心挂接.txt	眼目	yfmu	yfmu	未知飞键、非音码或读音集合未覆盖；不猜测
鲸凉鹤1.1手心挂接.txt	烟幕	yfmu	yfmu	未知飞键、非音码或读音集合未覆盖；不猜测
鲸凉鹤1.1手心挂接.txt	眼眉	yfmw	yfmw	未知飞键、非音码或读音集合未覆盖；不猜测
鲸凉鹤1.1手心挂接.txt	艳美	yfmw	yfmw	未知飞键、非音码或读音集合未覆盖；不猜测
鲸凉鹤1.1手心挂接.txt	烟幕	yfmx	yfmx	未知飞键、非音码或读音集合未覆盖；不猜测
鲸凉鹤1.1手心挂接.txt	眼眸	yfmz	yfmz	未知飞键、非音码或读音集合未覆盖；不猜测
鲸凉鹤1.1手心挂接.txt	延纳	yfna	yfna	未知飞键、非音码或读音集合未覆盖；不猜测
鲸凉鹤1.1手心挂接.txt	厌奶	yfnd	yfnd	未知飞键、非音码或读音集合未覆盖；不猜测
鲸凉鹤1.1手心挂接.txt	严讷	yfne	yfne	未知飞键、非音码或读音集合未覆盖；不猜测
鲸凉鹤1.1手心挂接.txt	焉能	yfng	yfng	未知飞键、非音码或读音集合未覆盖；不猜测
鲸凉鹤1.1手心挂接.txt	闫妮	yfni	yfni	未知飞键、非音码或读音集合未覆盖；不猜测
鲸凉鹤1.1手心挂接.txt	厌男	yfnj	yfnj	未知飞键、非音码或读音集合未覆盖；不猜测
鲸凉鹤1.1手心挂接.txt	雁南	yfnj	yfnj	未知飞键、非音码或读音集合未覆盖；不猜测
鲸凉鹤1.1手心挂接.txt	延年	yfnm	yfnm	未知飞键、非音码或读音集合未覆盖；不猜测
鲸凉鹤1.1手心挂接.txt	验尿	yfnn	yfnn	未知飞键、非音码或读音集合未覆盖；不猜测
鲸凉鹤1.1手心挂接.txt	阉牛	yfnq	yfnq	未知飞键、非音码或读音集合未覆盖；不猜测
鲸凉鹤1.1手心挂接.txt	烟农	yfns	yfns	未知飞键、非音码或读音集合未覆盖；不猜测
鲸凉鹤1.1手心挂接.txt	阉奴	yfnu	yfnu	未知飞键、非音码或读音集合未覆盖；不猜测
鲸凉鹤1.1手心挂接.txt	厌女	yfnv	yfnv	未知飞键、非音码或读音集合未覆盖；不猜测
鲸凉鹤1.1手心挂接.txt	艳女	yfnv	yfnv	未知飞键、非音码或读音集合未覆盖；不猜测
鲸凉鹤1.1手心挂接.txt	眼内	yfnw	yfnw	未知飞键、非音码或读音集合未覆盖；不猜测
鲸凉鹤1.1手心挂接.txt	雁南	yfnz	yfnz	未知飞键、非音码或读音集合未覆盖；不猜测
鲸凉鹤1.1手心挂接.txt	赝品	yfpb	yfpb	未知飞键、非音码或读音集合未覆盖；不猜测
鲸凉鹤1.1手心挂接.txt	延聘	yfpb	yfpb	未知飞键、非音码或读音集合未覆盖；不猜测
鲸凉鹤1.1手心挂接.txt	眼泡	yfpc	yfpc	未知飞键、非音码或读音集合未覆盖；不猜测
鲸凉鹤1.1手心挂接.txt	验牌	yfpd	yfpd	未知飞键、非音码或读音集合未覆盖；不猜测
鲸凉鹤1.1手心挂接.txt	衍派	yfpd	yfpd	未知飞键、非音码或读音集合未覆盖；不猜测
鲸凉鹤1.1手心挂接.txt	衍牌	yfpd	yfpd	未知飞键、非音码或读音集合未覆盖；不猜测
鲸凉鹤1.1手心挂接.txt	眼皮	yfpe	yfpe	未知飞键、非音码或读音集合未覆盖；不猜测
鲸凉鹤1.1手心挂接.txt	烟棚	yfpg	yfpg	未知飞键、非音码或读音集合未覆盖；不猜测
鲸凉鹤1.1手心挂接.txt	眼皮	yfpi	yfpi	未知飞键、非音码或读音集合未覆盖；不猜测
鲸凉鹤1.1手心挂接.txt	研判	yfpj	yfpj	未知飞键、非音码或读音集合未覆盖；不猜测
鲸凉鹤1.1手心挂接.txt	严判	yfpj	yfpj	未知飞键、非音码或读音集合未覆盖；不猜测
鲸凉鹤1.1手心挂接.txt	岩片	yfpm	yfpm	未知飞键、非音码或读音集合未覆盖；不猜测
鲸凉鹤1.1手心挂接.txt	验票	yfpn	yfpn	未知飞键、非音码或读音集合未覆盖；不猜测
鲸凉鹤1.1手心挂接.txt	沿坡	yfpo	yfpo	未知飞键、非音码或读音集合未覆盖；不猜测
鲸凉鹤1.1手心挂接.txt	沿坡	yfps	yfps	未知飞键、非音码或读音集合未覆盖；不猜测
鲸凉鹤1.1手心挂接.txt	烟铺	yfpu	yfpu	未知飞键、非音码或读音集合未覆盖；不猜测
鲸凉鹤1.1手心挂接.txt	验配	yfpw	yfpw	未知飞键、非音码或读音集合未覆盖；不猜测
鲸凉鹤1.1手心挂接.txt	眼勤	yfqb	yfqb	未知飞键、非音码或读音集合未覆盖；不猜测
鲸凉鹤1.1手心挂接.txt	延期	yfqi	yfqi	未知飞键、非音码或读音集合未覆盖；不猜测
鲸凉鹤1.1手心挂接.txt	咽气	yfqi	yfqi	未知飞键、非音码或读音集合未覆盖；不猜测
鲸凉鹤1.1手心挂接.txt	厌弃	yfqi	yfqi	未知飞键、非音码或读音集合未覆盖；不猜测
鲸凉鹤1.1手心挂接.txt	言情	yfqk	yfqk	未知飞键、非音码或读音集合未覆盖；不猜测
鲸凉鹤1.1手心挂接.txt	宴请	yfqk	yfqk	未知飞键、非音码或读音集合未覆盖；不猜测
鲸凉鹤1.1手心挂接.txt	烟枪	yfql	yfql	未知飞键、非音码或读音集合未覆盖；不猜测
鲸凉鹤1.1手心挂接.txt	咽腔	yfql	yfql	未知飞键、非音码或读音集合未覆盖；不猜测
鲸凉鹤1.1手心挂接.txt	眼前	yfqm	yfqm	未知飞键、非音码或读音集合未覆盖；不猜测
鲸凉鹤1.1手心挂接.txt	烟钱	yfqm	yfqm	未知飞键、非音码或读音集合未覆盖；不猜测
鲸凉鹤1.1手心挂接.txt	沿桥	yfqn	yfqn	未知飞键、非音码或读音集合未覆盖；不猜测
鲸凉鹤1.1手心挂接.txt	眼球	yfqq	yfqq	未知飞键、非音码或读音集合未覆盖；不猜测
鲸凉鹤1.1手心挂接.txt	眼圈	yfqr	yfqr	未知飞键、非音码或读音集合未覆盖；不猜测
鲸凉鹤1.1手心挂接.txt	烟圈	yfqr	yfqr	未知飞键、非音码或读音集合未覆盖；不猜测
鲸凉鹤1.1手心挂接.txt	炎拳	yfqr	yfqr	未知飞键、非音码或读音集合未覆盖；不猜测
鲸凉鹤1.1手心挂接.txt	燕琼	yfqs	yfqs	未知飞键、非音码或读音集合未覆盖；不猜测
鲸凉鹤1.1手心挂接.txt	燕雀	yfqt	yfqt	未知飞键、非音码或读音集合未覆盖；不猜测
鲸凉鹤1.1手心挂接.txt	岩雀	yfqt	yfqt	未知飞键、非音码或读音集合未覆盖；不猜测
鲸凉鹤1.1手心挂接.txt	艳曲	yfqu	yfqu	未知飞键、非音码或读音集合未覆盖；不猜测
鲸凉鹤1.1手心挂接.txt	验取	yfqu	yfqu	未知飞键、非音码或读音集合未覆盖；不猜测
鲸凉鹤1.1手心挂接.txt	雁群	yfqy	yfqy	未知飞键、非音码或读音集合未覆盖；不猜测
鲸凉鹤1.1手心挂接.txt	炎热	yfre	yfre	未知飞键、非音码或读音集合未覆盖；不猜测
鲸凉鹤1.1手心挂接.txt	眼热	yfre	yfre	未知飞键、非音码或读音集合未覆盖；不猜测
鲸凉鹤1.1手心挂接.txt	阉人	yfrf	yfrf	未知飞键、非音码或读音集合未覆盖；不猜测
鲸凉鹤1.1手心挂接.txt	燕人	yfrf	yfrf	未知飞键、非音码或读音集合未覆盖；不猜测
鲸凉鹤1.1手心挂接.txt	眼仁	yfrf	yfrf	未知飞键、非音码或读音集合未覆盖；不猜测
鲸凉鹤1.1手心挂接.txt	炎日	yfri	yfri	未知飞键、非音码或读音集合未覆盖；不猜测
鲸凉鹤1.1手心挂接.txt	俨然	yfrj	yfrj	未知飞键、非音码或读音集合未覆盖；不猜测
鲸凉鹤1.1手心挂接.txt	嫣然	yfrj	yfrj	未知飞键、非音码或读音集合未覆盖；不猜测
鲸凉鹤1.1手心挂接.txt	俨若	yfro	yfro	未知飞键、非音码或读音集合未覆盖；不猜测
鲸凉鹤1.1手心挂接.txt	颜容	yfrs	yfrs	未知飞键、非音码或读音集合未覆盖；不猜测
鲸凉鹤1.1手心挂接.txt	艳容	yfrs	yfrs	未知飞键、非音码或读音集合未覆盖；不猜测
鲸凉鹤1.1手心挂接.txt	岩溶	yfrs	yfrs	未知飞键、非音码或读音集合未覆盖；不猜测
鲸凉鹤1.1手心挂接.txt	俨如	yfru	yfru	未知飞键、非音码或读音集合未覆盖；不猜测
鲸凉鹤1.1手心挂接.txt	腌肉	yfrz	yfrz	未知飞键、非音码或读音集合未覆盖；不猜测
鲸凉鹤1.1手心挂接.txt	颜色	yfse	yfse	未知飞键、非音码或读音集合未覆盖；不猜测
鲸凉鹤1.1手心挂接.txt	眼色	yfse	yfse	未知飞键、非音码或读音集合未覆盖；不猜测
鲸凉鹤1.1手心挂接.txt	眼涩	yfse	yfse	未知飞键、非音码或读音集合未覆盖；不猜测
鲸凉鹤1.1手心挂接.txt	闫森	yfsf	yfsf	未知飞键、非音码或读音集合未覆盖；不猜测
鲸凉鹤1.1手心挂接.txt	烟嗓	yfsh	yfsh	未知飞键、非音码或读音集合未覆盖；不猜测
鲸凉鹤1.1手心挂接.txt	淹死	yfsi	yfsi	未知飞键、非音码或读音集合未覆盖；不猜测
鲸凉鹤1.1手心挂接.txt	烟丝	yfsi	yfsi	未知飞键、非音码或读音集合未覆盖；不猜测
鲸凉鹤1.1手心挂接.txt	研三	yfsj	yfsj	未知飞键、非音码或读音集合未覆盖；不猜测
鲸凉鹤1.1手心挂接.txt	演算	yfsr	yfsr	未知飞键、非音码或读音集合未覆盖；不猜测
鲸凉鹤1.1手心挂接.txt	盐酸	yfsr	yfsr	未知飞键、非音码或读音集合未覆盖；不猜测
鲸凉鹤1.1手心挂接.txt	验算	yfsr	yfsr	未知飞键、非音码或读音集合未覆盖；不猜测
鲸凉鹤1.1手心挂接.txt	烟酸	yfsr	yfsr	未知飞键、非音码或读音集合未覆盖；不猜测
鲸凉鹤1.1手心挂接.txt	岩松	yfss	yfss	未知飞键、非音码或读音集合未覆盖；不猜测
鲸凉鹤1.1手心挂接.txt	严肃	yfsu	yfsu	未知飞键、非音码或读音集合未覆盖；不猜测
鲸凉鹤1.1手心挂接.txt	艳俗	yfsu	yfsu	未知飞键、非音码或读音集合未覆盖；不猜测
鲸凉鹤1.1手心挂接.txt	芫荽	yfsv	yfsv	未知飞键、非音码或读音集合未覆盖；不猜测
鲸凉鹤1.1手心挂接.txt	烟笋	yfsy	yfsy	未知飞键、非音码或读音集合未覆盖；不猜测
鲸凉鹤1.1手心挂接.txt	雁塔	yfta	yfta	未知飞键、非音码或读音集合未覆盖；不猜测
鲸凉鹤1.1手心挂接.txt	研讨	yftc	yftc	未知飞键、非音码或读音集合未覆盖；不猜测
鲸凉鹤1.1手心挂接.txt	烟台	yftd	yftd	未知飞键、非音码或读音集合未覆盖；不猜测
鲸凉鹤1.1手心挂接.txt	砚台	yftd	yftd	未知飞键、非音码或读音集合未覆盖；不猜测
鲸凉鹤1.1手心挂接.txt	眼疼	yftg	yftg	未知飞键、非音码或读音集合未覆盖；不猜测
鲸凉鹤1.1手心挂接.txt	掩体	yfti	yfti	未知飞键、非音码或读音集合未覆盖；不猜测
鲸凉鹤1.1手心挂接.txt	岩体	yfti	yfti	未知飞键、非音码或读音集合未覆盖；不猜测
鲸凉鹤1.1手心挂接.txt	颜体	yfti	yfti	未知飞键、非音码或读音集合未覆盖；不猜测
鲸凉鹤1.1手心挂接.txt	言谈	yftj	yftj	未知飞键、非音码或读音集合未覆盖；不猜测
鲸凉鹤1.1手心挂接.txt	盐滩	yftj	yftj	未知飞键、非音码或读音集合未覆盖；不猜测
鲸凉鹤1.1手心挂接.txt	艳谈	yftj	yftj	未知飞键、非音码或读音集合未覆盖；不猜测
鲸凉鹤1.1手心挂接.txt	宴厅	yftk	yftk	未知飞键、非音码或读音集合未覆盖；不猜测
鲸凉鹤1.1手心挂接.txt	盐田	yftm	yftm	未知飞键、非音码或读音集合未覆盖；不猜测
鲸凉鹤1.1手心挂接.txt	延拓	yfto	yfto	未知飞键、非音码或读音集合未覆盖；不猜测
鲸凉鹤1.1手心挂接.txt	眼贴	yftp	yftp	未知飞键、非音码或读音集合未覆盖；不猜测
鲸凉鹤1.1手心挂接.txt	盐铁	yftp	yftp	未知飞键、非音码或读音集合未覆盖；不猜测
鲸凉鹤1.1手心挂接.txt	眼瞳	yfts	yfts	未知飞键、非音码或读音集合未覆盖；不猜测
鲸凉鹤1.1手心挂接.txt	咽痛	yfts	yfts	未知飞键、非音码或读音集合未覆盖；不猜测
鲸凉鹤1.1手心挂接.txt	烟筒	yfts	yfts	未知飞键、非音码或读音集合未覆盖；不猜测
鲸凉鹤1.1手心挂接.txt	眼痛	yfts	yfts	未知飞键、非音码或读音集合未覆盖；不猜测
鲸凉鹤1.1手心挂接.txt	沿途	yftu	yftu	未知飞键、非音码或读音集合未覆盖；不猜测
鲸凉鹤1.1手心挂接.txt	岩土	yftu	yftu	未知飞键、非音码或读音集合未覆盖；不猜测
鲸凉鹤1.1手心挂接.txt	烟土	yftu	yftu	未知飞键、非音码或读音集合未覆盖；不猜测
鲸凉鹤1.1手心挂接.txt	烟头	yftz	yftz	未知飞键、非音码或读音集合未覆盖；不猜测
鲸凉鹤1.1手心挂接.txt	掩杀	yfua	yfua	未知飞键、非音码或读音集合未覆盖；不猜测
鲸凉鹤1.1手心挂接.txt	烟沙	yfua	yfua	未知飞键、非音码或读音集合未覆盖；不猜测
鲸凉鹤1.1手心挂接.txt	眼梢	yfuc	yfuc	未知飞键、非音码或读音集合未覆盖；不猜测
鲸凉鹤1.1手心挂接.txt	延烧	yfuc	yfuc	未知飞键、非音码或读音集合未覆盖；不猜测
鲸凉鹤1.1手心挂接.txt	岩烧	yfuc	yfuc	未知飞键、非音码或读音集合未覆盖；不猜测
鲸凉鹤1.1手心挂接.txt	衍射	yfue	yfue	未知飞键、非音码或读音集合未覆盖；不猜测
鲸凉鹤1.1手心挂接.txt	颜射	yfue	yfue	未知飞键、非音码或读音集合未覆盖；不猜测
鲸凉鹤1.1手心挂接.txt	眼神	yfuf	yfuf	未知飞键、非音码或读音集合未覆盖；不猜测
鲸凉鹤1.1手心挂接.txt	延伸	yfuf	yfuf	未知飞键、非音码或读音集合未覆盖；不猜测
鲸凉鹤1.1手心挂接.txt	衍生	yfug	yfug	未知飞键、非音码或读音集合未覆盖；不猜测
鲸凉鹤1.1手心挂接.txt	盐商	yfuh	yfuh	未知飞键、非音码或读音集合未覆盖；不猜测
鲸凉鹤1.1手心挂接.txt	掩上	yfuh	yfuh	未知飞键、非音码或读音集合未覆盖；不猜测
鲸凉鹤1.1手心挂接.txt	掩饰	yfui	yfui	未知飞键、非音码或读音集合未覆盖；不猜测
鲸凉鹤1.1手心挂接.txt	岩石	yfui	yfui	未知飞键、非音码或读音集合未覆盖；不猜测
鲸凉鹤1.1手心挂接.txt	演示	yfui	yfui	未知飞键、非音码或读音集合未覆盖；不猜测
鲸凉鹤1.1手心挂接.txt	燕山	yfuj	yfuj	未知飞键、非音码或读音集合未覆盖；不猜测
鲸凉鹤1.1手心挂接.txt	盐山	yfuj	yfuj	未知飞键、非音码或读音集合未覆盖；不猜测
鲸凉鹤1.1手心挂接.txt	眼霜	yful	yful	未知飞键、非音码或读音集合未覆盖；不猜测
鲸凉鹤1.1手心挂接.txt	盐霜	yful	yful	未知飞键、非音码或读音集合未覆盖；不猜测
鲸凉鹤1.1手心挂接.txt	言说	yfuo	yfuo	未知飞键、非音码或读音集合未覆盖；不猜测
鲸凉鹤1.1手心挂接.txt	演说	yfuo	yfuo	未知飞键、非音码或读音集合未覆盖；不猜测
鲸凉鹤1.1手心挂接.txt	燕山	yfus	yfus	未知飞键、非音码或读音集合未覆盖；不猜测
鲸凉鹤1.1手心挂接.txt	眼熟	yfuu	yfuu	未知飞键、非音码或读音集合未覆盖；不猜测
鲸凉鹤1.1手心挂接.txt	鼹鼠	yfuu	yfuu	未知飞键、非音码或读音集合未覆盖；不猜测
鲸凉鹤1.1手心挂接.txt	晏殊	yfuu	yfuu	未知飞键、非音码或读音集合未覆盖；不猜测
鲸凉鹤1.1手心挂接.txt	盐水	yfuv	yfuv	未知飞键、非音码或读音集合未覆盖；不猜测
鲸凉鹤1.1手心挂接.txt	淹水	yfuv	yfuv	未知飞键、非音码或读音集合未覆盖；不猜测
鲸凉鹤1.1手心挂接.txt	验收	yfuz	yfuz	未知飞键、非音码或读音集合未覆盖；不猜测
鲸凉鹤1.1手心挂接.txt	延寿	yfuz	yfuz	未知飞键、非音码或读音集合未覆盖；不猜测
鲸凉鹤1.1手心挂接.txt	严守	yfuz	yfuz	未知飞键、非音码或读音集合未覆盖；不猜测
鲸凉鹤1.1手心挂接.txt	眼熟	yfuz	yfuz	未知飞键、非音码或读音集合未覆盖；不猜测
鲸凉鹤1.1手心挂接.txt	眼罩	yfvc	yfvc	未知飞键、非音码或读音集合未覆盖；不猜测
鲸凉鹤1.1手心挂接.txt	艳照	yfvc	yfvc	未知飞键、非音码或读音集合未覆盖；不猜测
鲸凉鹤1.1手心挂接.txt	燕赵	yfvc	yfvc	未知飞键、非音码或读音集合未覆盖；不猜测
鲸凉鹤1.1手心挂接.txt	沿着	yfve	yfve	未知飞键、非音码或读音集合未覆盖；不猜测
鲸凉鹤1.1手心挂接.txt	言者	yfve	yfve	未知飞键、非音码或读音集合未覆盖；不猜测
鲸凉鹤1.1手心挂接.txt	雁阵	yfvf	yfvf	未知飞键、非音码或读音集合未覆盖；不猜测
鲸凉鹤1.1手心挂接.txt	严阵	yfvf	yfvf	未知飞键、非音码或读音集合未覆盖；不猜测
鲸凉鹤1.1手心挂接.txt	验证	yfvg	yfvg	未知飞键、非音码或读音集合未覆盖；不猜测
鲸凉鹤1.1手心挂接.txt	炎症	yfvg	yfvg	未知飞键、非音码或读音集合未覆盖；不猜测
鲸凉鹤1.1手心挂接.txt	严正	yfvg	yfvg	未知飞键、非音码或读音集合未覆盖；不猜测
鲸凉鹤1.1手心挂接.txt	颜值	yfvi	yfvi	未知飞键、非音码或读音集合未覆盖；不猜测
鲸凉鹤1.1手心挂接.txt	胭脂	yfvi	yfvi	未知飞键、非音码或读音集合未覆盖；不猜测
鲸凉鹤1.1手心挂接.txt	研制	yfvi	yfvi	未知飞键、非音码或读音集合未覆盖；不猜测
鲸凉鹤1.1手心挂接.txt	腌制	yfvi	yfvi	未知飞键、非音码或读音集合未覆盖；不猜测
鲸凉鹤1.1手心挂接.txt	延展	yfvj	yfvj	未知飞键、非音码或读音集合未覆盖；不猜测
鲸凉鹤1.1手心挂接.txt	厌战	yfvj	yfvj	未知飞键、非音码或读音集合未覆盖；不猜测
鲸凉鹤1.1手心挂接.txt	验证	yfvk	yfvk	未知飞键、非音码或读音集合未覆盖；不猜测
鲸凉鹤1.1手心挂接.txt	炎症	yfvk	yfvk	未知飞键、非音码或读音集合未覆盖；不猜测
鲸凉鹤1.1手心挂接.txt	严正	yfvk	yfvk	未知飞键、非音码或读音集合未覆盖；不猜测
鲸凉鹤1.1手心挂接.txt	眼妆	yfvl	yfvl	未知飞键、非音码或读音集合未覆盖；不猜测
鲸凉鹤1.1手心挂接.txt	艳妆	yfvl	yfvl	未知飞键、非音码或读音集合未覆盖；不猜测
鲸凉鹤1.1手心挂接.txt	眼拙	yfvo	yfvo	未知飞键、非音码或读音集合未覆盖；不猜测
鲸凉鹤1.1手心挂接.txt	严重	yfvs	yfvs	未知飞键、非音码或读音集合未覆盖；不猜测
鲸凉鹤1.1手心挂接.txt	眼中	yfvs	yfvs	未知飞键、非音码或读音集合未覆盖；不猜测
鲸凉鹤1.1手心挂接.txt	眼珠	yfvu	yfvu	未知飞键、非音码或读音集合未覆盖；不猜测
鲸凉鹤1.1手心挂接.txt	掩住	yfvu	yfvu	未知飞键、非音码或读音集合未覆盖；不猜测
鲸凉鹤1.1手心挂接.txt	严抓	yfvx	yfvx	未知飞键、非音码或读音集合未覆盖；不猜测
鲸凉鹤1.1手心挂接.txt	眼周	yfvz	yfvz	未知飞键、非音码或读音集合未覆盖；不猜测
鲸凉鹤1.1手心挂接.txt	兖州	yfvz	yfvz	未知飞键、非音码或读音集合未覆盖；不猜测
鲸凉鹤1.1手心挂接.txt	檐瓦	yfwa	yfwa	未知飞键、非音码或读音集合未覆盖；不猜测
鲸凉鹤1.1手心挂接.txt	言外	yfwd	yfwd	未知飞键、非音码或读音集合未覆盖；不猜测
鲸凉鹤1.1手心挂接.txt	眼纹	yfwf	yfwf	未知飞键、非音码或读音集合未覆盖；不猜测
鲸凉鹤1.1手心挂接.txt	衍文	yfwf	yfwf	未知飞键、非音码或读音集合未覆盖；不猜测
鲸凉鹤1.1手心挂接.txt	阎王	yfwh	yfwh	未知飞键、非音码或读音集合未覆盖；不猜测
鲸凉鹤1.1手心挂接.txt	颜王	yfwh	yfwh	未知飞键、非音码或读音集合未覆盖；不猜测
鲸凉鹤1.1手心挂接.txt	燕王	yfwh	yfwh	未知飞键、非音码或读音集合未覆盖；不猜测
鲸凉鹤1.1手心挂接.txt	演完	yfwj	yfwj	未知飞键、非音码或读音集合未覆盖；不猜测
鲸凉鹤1.1手心挂接.txt	验完	yfwj	yfwj	未知飞键、非音码或读音集合未覆盖；不猜测
鲸凉鹤1.1手心挂接.txt	眼窝	yfwo	yfwo	未知飞键、非音码或读音集合未覆盖；不猜测
鲸凉鹤1.1手心挂接.txt	燕窝	yfwo	yfwo	未知飞键、非音码或读音集合未覆盖；不猜测
鲸凉鹤1.1手心挂接.txt	厌恶	yfwu	yfwu	未知飞键、非音码或读音集合未覆盖；不猜测
鲸凉鹤1.1手心挂接.txt	烟雾	yfwu	yfwu	未知飞键、非音码或读音集合未覆盖；不猜测
鲸凉鹤1.1手心挂接.txt	延误	yfwu	yfwu	未知飞键、非音码或读音集合未覆盖；不猜测
鲸凉鹤1.1手心挂接.txt	烟味	yfww	yfww	未知飞键、非音码或读音集合未覆盖；不猜测
鲸凉鹤1.1手心挂接.txt	眼位	yfww	yfww	未知飞键、非音码或读音集合未覆盖；不猜测
鲸凉鹤1.1手心挂接.txt	燕尾	yfww	yfww	未知飞键、非音码或读音集合未覆盖；不猜测
鲸凉鹤1.1手心挂接.txt	岩心	yfxb	yfxb	未知飞键、非音码或读音集合未覆盖；不猜测
鲸凉鹤1.1手心挂接.txt	演戏	yfxi	yfxi	未知飞键、非音码或读音集合未覆盖；不猜测
鲸凉鹤1.1手心挂接.txt	宴席	yfxi	yfxi	未知飞键、非音码或读音集合未覆盖；不猜测
鲸凉鹤1.1手心挂接.txt	演习	yfxi	yfxi	未知飞键、非音码或读音集合未覆盖；不猜测
鲸凉鹤1.1手心挂接.txt	沿袭	yfxi	yfxi	未知飞键、非音码或读音集合未覆盖；不猜测
鲸凉鹤1.1手心挂接.txt	言行	yfxk	yfxk	未知飞键、非音码或读音集合未覆盖；不猜测
鲸凉鹤1.1手心挂接.txt	严刑	yfxk	yfxk	未知飞键、非音码或读音集合未覆盖；不猜测
鲸凉鹤1.1手心挂接.txt	艳星	yfxk	yfxk	未知飞键、非音码或读音集合未覆盖；不猜测
鲸凉鹤1.1手心挂接.txt	眼型	yfxk	yfxk	未知飞键、非音码或读音集合未覆盖；不猜测
鲸凉鹤1.1手心挂接.txt	宴飨	yfxl	yfxl	未知飞键、非音码或读音集合未覆盖；不猜测
鲸凉鹤1.1手心挂接.txt	艳羡	yfxm	yfxm	未知飞键、非音码或读音集合未覆盖；不猜测
鲸凉鹤1.1手心挂接.txt	沿线	yfxm	yfxm	未知飞键、非音码或读音集合未覆盖；不猜测
鲸凉鹤1.1手心挂接.txt	眼线	yfxm	yfxm	未知飞键、非音码或读音集合未覆盖；不猜测
鲸凉鹤1.1手心挂接.txt	言笑	yfxn	yfxn	未知飞键、非音码或读音集合未覆盖；不猜测
鲸凉鹤1.1手心挂接.txt	研修	yfxo	yfxo	未知飞键、非音码或读音集合未覆盖；不猜测
鲸凉鹤1.1手心挂接.txt	岩屑	yfxp	yfxp	未知飞键、非音码或读音集合未覆盖；不猜测
鲸凉鹤1.1手心挂接.txt	研修	yfxq	yfxq	未知飞键、非音码或读音集合未覆盖；不猜测
鲸凉鹤1.1手心挂接.txt	严选	yfxr	yfxr	未知飞键、非音码或读音集合未覆盖；不猜测
鲸凉鹤1.1手心挂接.txt	厌学	yfxt	yfxt	未知飞键、非音码或读音集合未覆盖；不猜测
鲸凉鹤1.1手心挂接.txt	验血	yfxt	yfxt	未知飞键、非音码或读音集合未覆盖；不猜测
鲸凉鹤1.1手心挂接.txt	研学	yfxt	yfxt	未知飞键、非音码或读音集合未覆盖；不猜测
鲸凉鹤1.1手心挂接.txt	延续	yfxu	yfxu	未知飞键、非音码或读音集合未覆盖；不猜测
鲸凉鹤1.1手心挂接.txt	眼下	yfxx	yfxx	未知飞键、非音码或读音集合未覆盖；不猜测
鲸凉鹤1.1手心挂接.txt	咽下	yfxx	yfxx	未知飞键、非音码或读音集合未覆盖；不猜测
鲸凉鹤1.1手心挂接.txt	眼瞎	yfxx	yfxx	未知飞键、非音码或读音集合未覆盖；不猜测
鲸凉鹤1.1手心挂接.txt	烟霞	yfxx	yfxx	未知飞键、非音码或读音集合未覆盖；不猜测
鲸凉鹤1.1手心挂接.txt	烟熏	yfxy	yfxy	未知飞键、非音码或读音集合未覆盖；不猜测
鲸凉鹤1.1手心挂接.txt	眼压	yfya	yfya	未知飞键、非音码或读音集合未覆盖；不猜测
鲸凉鹤1.1手心挂接.txt	艳压	yfya	yfya	未知飞键、非音码或读音集合未覆盖；不猜测
鲸凉鹤1.1手心挂接.txt	烟瘾	yfyb	yfyb	未知飞键、非音码或读音集合未覆盖；不猜测
鲸凉鹤1.1手心挂接.txt	眼瘾	yfyb	yfyb	未知飞键、非音码或读音集合未覆盖；不猜测
鲸凉鹤1.1手心挂接.txt	咽音	yfyb	yfyb	未知飞键、非音码或读音集合未覆盖；不猜测
鲸凉鹤1.1手心挂接.txt	眼药	yfyc	yfyc	未知飞键、非音码或读音集合未覆盖；不猜测
鲸凉鹤1.1手心挂接.txt	烟叶	yfye	yfye	未知飞键、非音码或读音集合未覆盖；不猜测
鲸凉鹤1.1手心挂接.txt	盐业	yfye	yfye	未知飞键、非音码或读音集合未覆盖；不猜测
鲸凉鹤1.1手心挂接.txt	咽炎	yfyf	yfyf	未知飞键、非音码或读音集合未覆盖；不猜测
鲸凉鹤1.1手心挂接.txt	艳艳	yfyf	yfyf	未知飞键、非音码或读音集合未覆盖；不猜测
鲸凉鹤1.1手心挂接.txt	炎炎	yfyf	yfyf	未知飞键、非音码或读音集合未覆盖；不猜测
鲸凉鹤1.1手心挂接.txt	言语	yfyg	yfyg	未知飞键、非音码或读音集合未覆盖；不猜测
鲸凉鹤1.1手心挂接.txt	烟雨	yfyg	yfyg	未知飞键、非音码或读音集合未覆盖；不猜测
鲸凉鹤1.1手心挂接.txt	谚语	yfyg	yfyg	未知飞键、非音码或读音集合未覆盖；不猜测
鲸凉鹤1.1手心挂接.txt	艳遇	yfyg	yfyg	未知飞键、非音码或读音集合未覆盖；不猜测
鲸凉鹤1.1手心挂接.txt	艳阳	yfyh	yfyh	未知飞键、非音码或读音集合未覆盖；不猜测
鲸凉鹤1.1手心挂接.txt	厌氧	yfyh	yfyh	未知飞键、非音码或读音集合未覆盖；不猜测
鲸凉鹤1.1手心挂接.txt	演绎	yfyi	yfyi	未知飞键、非音码或读音集合未覆盖；不猜测
鲸凉鹤1.1手心挂接.txt	演艺	yfyi	yfyi	未知飞键、非音码或读音集合未覆盖；不猜测
鲸凉鹤1.1手心挂接.txt	演义	yfyi	yfyi	未知飞键、非音码或读音集合未覆盖；不猜测
鲸凉鹤1.1手心挂接.txt	颜艺	yfyi	yfyi	未知飞键、非音码或读音集合未覆盖；不猜测
鲸凉鹤1.1手心挂接.txt	掩映	yfyk	yfyk	未知飞键、非音码或读音集合未覆盖；不猜测
鲸凉鹤1.1手心挂接.txt	眼影	yfyk	yfyk	未知飞键、非音码或读音集合未覆盖；不猜测
鲸凉鹤1.1手心挂接.txt	晏婴	yfyk	yfyk	未知飞键、非音码或读音集合未覆盖；不猜测
鲸凉鹤1.1手心挂接.txt	演员	yfyr	yfyr	未知飞键、非音码或读音集合未覆盖；不猜测
鲸凉鹤1.1手心挂接.txt	眼缘	yfyr	yfyr	未知飞键、非音码或读音集合未覆盖；不猜测
鲸凉鹤1.1手心挂接.txt	沿用	yfys	yfys	未知飞键、非音码或读音集合未覆盖；不猜测
鲸凉鹤1.1手心挂接.txt	延用	yfys	yfys	未知飞键、非音码或读音集合未覆盖；不猜测
鲸凉鹤1.1手心挂接.txt	谚曰	yfyt	yfyt	未知飞键、非音码或读音集合未覆盖；不猜测
鲸凉鹤1.1手心挂接.txt	偃月	yfyt	yfyt	未知飞键、非音码或读音集合未覆盖；不猜测
鲸凉鹤1.1手心挂接.txt	言语	yfyu	yfyu	未知飞键、非音码或读音集合未覆盖；不猜测
鲸凉鹤1.1手心挂接.txt	烟雨	yfyu	yfyu	未知飞键、非音码或读音集合未覆盖；不猜测
鲸凉鹤1.1手心挂接.txt	谚语	yfyu	yfyu	未知飞键、非音码或读音集合未覆盖；不猜测
鲸凉鹤1.1手心挂接.txt	艳遇	yfyu	yfyu	未知飞键、非音码或读音集合未覆盖；不猜测
鲸凉鹤1.1手心挂接.txt	烟云	yfyy	yfyy	未知飞键、非音码或读音集合未覆盖；不猜测
鲸凉鹤1.1手心挂接.txt	验孕	yfyy	yfyy	未知飞键、非音码或读音集合未覆盖；不猜测
鲸凉鹤1.1手心挂接.txt	烟油	yfyz	yfyz	未知飞键、非音码或读音集合未覆盖；不猜测
鲸凉鹤1.1手心挂接.txt	焉有	yfyz	yfyz	未知飞键、非音码或读音集合未覆盖；不猜测
鲸凉鹤1.1手心挂接.txt	研友	yfyz	yfyz	未知飞键、非音码或读音集合未覆盖；不猜测
鲸凉鹤1.1手心挂接.txt	烟友	yfyz	yfyz	未知飞键、非音码或读音集合未覆盖；不猜测
鲸凉鹤1.1手心挂接.txt	演砸	yfza	yfza	未知飞键、非音码或读音集合未覆盖；不猜测
鲸凉鹤1.1手心挂接.txt	眼杂	yfza	yfza	未知飞键、非音码或读音集合未覆盖；不猜测
鲸凉鹤1.1手心挂接.txt	盐藻	yfzc	yfzc	未知飞键、非音码或读音集合未覆盖；不猜测
鲸凉鹤1.1手心挂接.txt	烟灶	yfzc	yfzc	未知飞键、非音码或读音集合未覆盖；不猜测
鲸凉鹤1.1手心挂接.txt	言责	yfze	yfze	未知飞键、非音码或读音集合未覆盖；不猜测
鲸凉鹤1.1手心挂接.txt	严责	yfze	yfze	未知飞键、非音码或读音集合未覆盖；不猜测
鲸凉鹤1.1手心挂接.txt	厌憎	yfzg	yfzg	未知飞键、非音码或读音集合未覆盖；不猜测
鲸凉鹤1.1手心挂接.txt	燕子	yfzi	yfzi	未知飞键、非音码或读音集合未覆盖；不猜测
鲸凉鹤1.1手心挂接.txt	腌渍	yfzi	yfzi	未知飞键、非音码或读音集合未覆盖；不猜测
鲸凉鹤1.1手心挂接.txt	验资	yfzi	yfzi	未知飞键、非音码或读音集合未覆盖；不猜测
鲸凉鹤1.1手心挂接.txt	盐渍	yfzi	yfzi	未知飞键、非音码或读音集合未覆盖；不猜测
鲸凉鹤1.1手心挂接.txt	赝作	yfzo	yfzo	未知飞键、非音码或读音集合未覆盖；不猜测
鲸凉鹤1.1手心挂接.txt	宴坐	yfzo	yfzo	未知飞键、非音码或读音集合未覆盖；不猜测
鲸凉鹤1.1手心挂接.txt	严总	yfzs	yfzs	未知飞键、非音码或读音集合未覆盖；不猜测
鲸凉鹤1.1手心挂接.txt	餍足	yfzu	yfzu	未知飞键、非音码或读音集合未覆盖；不猜测
鲸凉鹤1.1手心挂接.txt	彦祖	yfzu	yfzu	未知飞键、非音码或读音集合未覆盖；不猜测
鲸凉鹤1.1手心挂接.txt	掩嘴	yfzv	yfzv	未知飞键、非音码或读音集合未覆盖；不猜测
鲸凉鹤1.1手心挂接.txt	烟嘴	yfzv	yfzv	未知飞键、非音码或读音集合未覆盖；不猜测
鲸凉鹤1.1手心挂接.txt	演奏	yfzz	yfzz	未知飞键、非音码或读音集合未覆盖；不猜测
鲸凉鹤1.1手心挂接.txt	雨爱	ygai	ygai	未知飞键、非音码或读音集合未覆盖；不猜测
鲸凉鹤1.1手心挂接.txt	预案	ygan	ygan	未知飞键、非音码或读音集合未覆盖；不猜测
鲸凉鹤1.1手心挂接.txt	于鏊	ygao	ygao	未知飞键、非音码或读音集合未覆盖；不猜测
鲸凉鹤1.1手心挂接.txt	浴霸	ygba	ygba	未知飞键、非音码或读音集合未覆盖；不猜测
鲸凉鹤1.1手心挂接.txt	狱霸	ygba	ygba	未知飞键、非音码或读音集合未覆盖；不猜测
鲸凉鹤1.1手心挂接.txt	预报	ygbc	ygbc	未知飞键、非音码或读音集合未覆盖；不猜测
鲸凉鹤1.1手心挂接.txt	鱼白	ygbd	ygbd	未知飞键、非音码或读音集合未覆盖；不猜测
鲸凉鹤1.1手心挂接.txt	窳败	ygbd	ygbd	未知飞键、非音码或读音集合未覆盖；不猜测
鲸凉鹤1.1手心挂接.txt	愚笨	ygbf	ygbf	未知飞键、非音码或读音集合未覆盖；不猜测
鲸凉鹤1.1手心挂接.txt	御笔	ygbi	ygbi	未知飞键、非音码或读音集合未覆盖；不猜测
鲸凉鹤1.1手心挂接.txt	玉璧	ygbi	ygbi	未知飞键、非音码或读音集合未覆盖；不猜测
鲸凉鹤1.1手心挂接.txt	语毕	ygbi	ygbi	未知飞键、非音码或读音集合未覆盖；不猜测
鲸凉鹤1.1手心挂接.txt	育碧	ygbi	ygbi	未知飞键、非音码或读音集合未覆盖；不猜测
鲸凉鹤1.1手心挂接.txt	瘀斑	ygbj	ygbj	未知飞键、非音码或读音集合未覆盖；不猜测
鲸凉鹤1.1手心挂接.txt	御坂	ygbj	ygbj	未知飞键、非音码或读音集合未覆盖；不猜测
鲸凉鹤1.1手心挂接.txt	语病	ygbk	ygbk	未知飞键、非音码或读音集合未覆盖；不猜测
鲸凉鹤1.1手心挂接.txt	预编	ygbm	ygbm	未知飞键、非音码或读音集合未覆盖；不猜测
鲸凉鹤1.1手心挂接.txt	鱼鳔	ygbn	ygbn	未知飞键、非音码或读音集合未覆盖；不猜测
鲸凉鹤1.1手心挂接.txt	鱼膘	ygbn	ygbn	未知飞键、非音码或读音集合未覆盖；不猜测
鲸凉鹤1.1手心挂接.txt	余波	ygbo	ygbo	未知飞键、非音码或读音集合未覆盖；不猜测
鲸凉鹤1.1手心挂接.txt	鱼鳖	ygbp	ygbp	未知飞键、非音码或读音集合未覆盖；不猜测
鲸凉鹤1.1手心挂接.txt	预备	ygbw	ygbw	未知飞键、非音码或读音集合未覆盖；不猜测
鲸凉鹤1.1手心挂接.txt	豫北	ygbw	ygbw	未知飞键、非音码或读音集合未覆盖；不猜测
鲸凉鹤1.1手心挂接.txt	渝北	ygbw	ygbw	未知飞键、非音码或读音集合未覆盖；不猜测
鲸凉鹤1.1手心挂接.txt	语擦	ygca	ygca	未知飞键、非音码或读音集合未覆盖；不猜测
鲸凉鹤1.1手心挂接.txt	育才	ygcd	ygcd	未知飞键、非音码或读音集合未覆盖；不猜测
鲸凉鹤1.1手心挂接.txt	豫菜	ygcd	ygcd	未知飞键、非音码或读音集合未覆盖；不猜测
鲸凉鹤1.1手心挂接.txt	预测	ygce	ygce	未知飞键、非音码或读音集合未覆盖；不猜测
鲸凉鹤1.1手心挂接.txt	预层	ygcg	ygcg	未知飞键、非音码或读音集合未覆盖；不猜测
鲸凉鹤1.1手心挂接.txt	鱼舱	ygch	ygch	未知飞键、非音码或读音集合未覆盖；不猜测
鲸凉鹤1.1手心挂接.txt	鱼刺	ygci	ygci	未知飞键、非音码或读音集合未覆盖；不猜测
鲸凉鹤1.1手心挂接.txt	于此	ygci	ygci	未知飞键、非音码或读音集合未覆盖；不猜测
鲸凉鹤1.1手心挂接.txt	遇刺	ygci	ygci	未知飞键、非音码或读音集合未覆盖；不猜测
鲸凉鹤1.1手心挂接.txt	御赐	ygci	ygci	未知飞键、非音码或读音集合未覆盖；不猜测
鲸凉鹤1.1手心挂接.txt	玉蚕	ygcj	ygcj	未知飞键、非音码或读音集合未覆盖；不猜测
鲸凉鹤1.1手心挂接.txt	郁葱	ygcl	ygcl	未知飞键、非音码或读音集合未覆盖；不猜测
鲸凉鹤1.1手心挂接.txt	玉葱	ygcl	ygcl	未知飞键、非音码或读音集合未覆盖；不猜测
鲸凉鹤1.1手心挂接.txt	遇挫	ygco	ygco	未知飞键、非音码或读音集合未覆盖；不猜测
鲸凉鹤1.1手心挂接.txt	郁葱	ygcs	ygcs	未知飞键、非音码或读音集合未覆盖；不猜测
鲸凉鹤1.1手心挂接.txt	玉葱	ygcs	ygcs	未知飞键、非音码或读音集合未覆盖；不猜测
鲸凉鹤1.1手心挂接.txt	渔村	ygcy	ygcy	未知飞键、非音码或读音集合未覆盖；不猜测
鲸凉鹤1.1手心挂接.txt	预存	ygcy	ygcy	未知飞键、非音码或读音集合未覆盖；不猜测
鲸凉鹤1.1手心挂接.txt	遇到	ygdc	ygdc	未知飞键、非音码或读音集合未覆盖；不猜测
鲸凉鹤1.1手心挂接.txt	渔岛	ygdc	ygdc	未知飞键、非音码或读音集合未覆盖；不猜测
鲸凉鹤1.1手心挂接.txt	浴袋	ygdd	ygdd	未知飞键、非音码或读音集合未覆盖；不猜测
鲸凉鹤1.1手心挂接.txt	欲得	ygde	ygde	未知飞键、非音码或读音集合未覆盖；不猜测
鲸凉鹤1.1手心挂接.txt	育德	ygde	ygde	未知飞键、非音码或读音集合未覆盖；不猜测
鲸凉鹤1.1手心挂接.txt	渔灯	ygdg	ygdg	未知飞键、非音码或读音集合未覆盖；不猜测
鲸凉鹤1.1手心挂接.txt	余党	ygdh	ygdh	未知飞键、非音码或读音集合未覆盖；不猜测
鲸凉鹤1.1手心挂接.txt	雨挡	ygdh	ygdh	未知飞键、非音码或读音集合未覆盖；不猜测
鲸凉鹤1.1手心挂接.txt	余地	ygdi	ygdi	未知飞键、非音码或读音集合未覆盖；不猜测
鲸凉鹤1.1手心挂接.txt	雨滴	ygdi	ygdi	未知飞键、非音码或读音集合未覆盖；不猜测
鲸凉鹤1.1手心挂接.txt	遇敌	ygdi	ygdi	未知飞键、非音码或读音集合未覆盖；不猜测
鲸凉鹤1.1手心挂接.txt	玉帝	ygdi	ygdi	未知飞键、非音码或读音集合未覆盖；不猜测
鲸凉鹤1.1手心挂接.txt	鱼蛋	ygdj	ygdj	未知飞键、非音码或读音集合未覆盖；不猜测
鲸凉鹤1.1手心挂接.txt	于丹	ygdj	ygdj	未知飞键、非音码或读音集合未覆盖；不猜测
鲸凉鹤1.1手心挂接.txt	预定	ygdk	ygdk	未知飞键、非音码或读音集合未覆盖；不猜测
鲸凉鹤1.1手心挂接.txt	预订	ygdk	ygdk	未知飞键、非音码或读音集合未覆盖；不猜测
鲸凉鹤1.1手心挂接.txt	遇到	ygdl	ygdl	未知飞键、非音码或读音集合未覆盖；不猜测
鲸凉鹤1.1手心挂接.txt	渔岛	ygdl	ygdl	未知飞键、非音码或读音集合未覆盖；不猜测
鲸凉鹤1.1手心挂接.txt	雨点	ygdm	ygdm	未知飞键、非音码或读音集合未覆盖；不猜测
鲸凉鹤1.1手心挂接.txt	鱼店	ygdm	ygdm	未知飞键、非音码或读音集合未覆盖；不猜测
鲸凉鹤1.1手心挂接.txt	瘀点	ygdm	ygdm	未知飞键、非音码或读音集合未覆盖；不猜测
鲸凉鹤1.1手心挂接.txt	语调	ygdn	ygdn	未知飞键、非音码或读音集合未覆盖；不猜测
鲸凉鹤1.1手心挂接.txt	玉雕	ygdn	ygdn	未知飞键、非音码或读音集合未覆盖；不猜测
鲸凉鹤1.1手心挂接.txt	愈多	ygdo	ygdo	未知飞键、非音码或读音集合未覆盖；不猜测
鲸凉鹤1.1手心挂接.txt	雨多	ygdo	ygdo	未知飞键、非音码或读音集合未覆盖；不猜测
鲸凉鹤1.1手心挂接.txt	玉牒	ygdp	ygdp	未知飞键、非音码或读音集合未覆盖；不猜测
鲸凉鹤1.1手心挂接.txt	雨蝶	ygdp	ygdp	未知飞键、非音码或读音集合未覆盖；不猜测
鲸凉鹤1.1手心挂接.txt	玉蝶	ygdp	ygdp	未知飞键、非音码或读音集合未覆盖；不猜测
鲸凉鹤1.1手心挂接.txt	语段	ygdr	ygdr	未知飞键、非音码或读音集合未覆盖；不猜测
鲸凉鹤1.1手心挂接.txt	豫东	ygds	ygds	未知飞键、非音码或读音集合未覆盖；不猜测
鲸凉鹤1.1手心挂接.txt	欲动	ygds	ygds	未知飞键、非音码或读音集合未覆盖；不猜测
鲸凉鹤1.1手心挂接.txt	玉洞	ygds	ygds	未知飞键、非音码或读音集合未覆盖；不猜测
鲸凉鹤1.1手心挂接.txt	余毒	ygdu	ygdu	未知飞键、非音码或读音集合未覆盖；不猜测
鲸凉鹤1.1手心挂接.txt	鱼肚	ygdu	ygdu	未知飞键、非音码或读音集合未覆盖；不猜测
鲸凉鹤1.1手心挂接.txt	预读	ygdu	ygdu	未知飞键、非音码或读音集合未覆盖；不猜测
鲸凉鹤1.1手心挂接.txt	喻队	ygdv	ygdv	未知飞键、非音码或读音集合未覆盖；不猜测
鲸凉鹤1.1手心挂接.txt	愚钝	ygdy	ygdy	未知飞键、非音码或读音集合未覆盖；不猜测
鲸凉鹤1.1手心挂接.txt	禹都	ygdz	ygdz	未知飞键、非音码或读音集合未覆盖；不猜测
鲸凉鹤1.1手心挂接.txt	余额	ygee	ygee	未知飞键、非音码或读音集合未覆盖；不猜测
鲸凉鹤1.1手心挂接.txt	鱼儿	yger	yger	未知飞键、非音码或读音集合未覆盖；不猜测
鲸凉鹤1.1手心挂接.txt	鱼饵	yger	yger	未知飞键、非音码或读音集合未覆盖；不猜测
鲸凉鹤1.1手心挂接.txt	育儿	yger	yger	未知飞键、非音码或读音集合未覆盖；不猜测
鲸凉鹤1.1手心挂接.txt	愈发	ygfa	ygfa	未知飞键、非音码或读音集合未覆盖；不猜测
鲸凉鹤1.1手心挂接.txt	语法	ygfa	ygfa	未知飞键、非音码或读音集合未覆盖；不猜测
鲸凉鹤1.1手心挂接.txt	郁愤	ygff	ygff	未知飞键、非音码或读音集合未覆盖；不猜测
鲸凉鹤1.1手心挂接.txt	鱼粉	ygff	ygff	未知飞键、非音码或读音集合未覆盖；不猜测
鲸凉鹤1.1手心挂接.txt	预分	ygff	ygff	未知飞键、非音码或读音集合未覆盖；不猜测
鲸凉鹤1.1手心挂接.txt	御风	ygfg	ygfg	未知飞键、非音码或读音集合未覆盖；不猜测
鲸凉鹤1.1手心挂接.txt	预防	ygfh	ygfh	未知飞键、非音码或读音集合未覆盖；不猜测
鲸凉鹤1.1手心挂接.txt	鱼贩	ygfj	ygfj	未知飞键、非音码或读音集合未覆盖；不猜测
鲸凉鹤1.1手心挂接.txt	玉佛	ygfo	ygfo	未知飞键、非音码或读音集合未覆盖；不猜测
鲸凉鹤1.1手心挂接.txt	渔夫	ygfu	ygfu	未知飞键、非音码或读音集合未覆盖；不猜测
鲸凉鹤1.1手心挂接.txt	迂腐	ygfu	ygfu	未知飞键、非音码或读音集合未覆盖；不猜测
鲸凉鹤1.1手心挂接.txt	预付	ygfu	ygfu	未知飞键、非音码或读音集合未覆盖；不猜测
鲸凉鹤1.1手心挂接.txt	鱼腹	ygfu	ygfu	未知飞键、非音码或读音集合未覆盖；不猜测
鲸凉鹤1.1手心挂接.txt	与非	ygfw	ygfw	未知飞键、非音码或读音集合未覆盖；不猜测
鲸凉鹤1.1手心挂接.txt	育肥	ygfw	ygfw	未知飞键、非音码或读音集合未覆盖；不猜测
鲸凉鹤1.1手心挂接.txt	与否	ygfz	ygfz	未知飞键、非音码或读音集合未覆盖；不猜测
鲸凉鹤1.1手心挂接.txt	预告	yggc	yggc	未知飞键、非音码或读音集合未覆盖；不猜测
鲸凉鹤1.1手心挂接.txt	与该	yggd	yggd	未知飞键、非音码或读音集合未覆盖；不猜测
鲸凉鹤1.1手心挂接.txt	渔歌	ygge	ygge	未知飞键、非音码或读音集合未覆盖；不猜测
鲸凉鹤1.1手心挂接.txt	羽根	yggf	yggf	未知飞键、非音码或读音集合未覆盖；不猜测
鲸凉鹤1.1手心挂接.txt	鱼缸	yggh	yggh	未知飞键、非音码或读音集合未覆盖；不猜测
鲸凉鹤1.1手心挂接.txt	浴缸	yggh	yggh	未知飞键、非音码或读音集合未覆盖；不猜测
鲸凉鹤1.1手心挂接.txt	浴柜	yggi	yggi	未知飞键、非音码或读音集合未覆盖；不猜测
鲸凉鹤1.1手心挂接.txt	预感	yggj	yggj	未知飞键、非音码或读音集合未覆盖；不猜测
鲸凉鹤1.1手心挂接.txt	鱼竿	yggj	yggj	未知飞键、非音码或读音集合未覆盖；不猜测
鲸凉鹤1.1手心挂接.txt	语感	yggj	yggj	未知飞键、非音码或读音集合未覆盖；不猜测
鲸凉鹤1.1手心挂接.txt	遇怪	yggk	yggk	未知飞键、非音码或读音集合未覆盖；不猜测
鲸凉鹤1.1手心挂接.txt	余光	yggl	yggl	未知飞键、非音码或读音集合未覆盖；不猜测
鲸凉鹤1.1手心挂接.txt	雨果	yggo	yggo	未知飞键、非音码或读音集合未覆盖；不猜测
鲸凉鹤1.1手心挂接.txt	鱼贯	yggp	yggp	未知飞键、非音码或读音集合未覆盖；不猜测
鲸凉鹤1.1手心挂接.txt	羽冠	yggp	yggp	未知飞键、非音码或读音集合未覆盖；不猜测
鲸凉鹤1.1手心挂接.txt	玉冠	yggp	yggp	未知飞键、非音码或读音集合未覆盖；不猜测
鲸凉鹤1.1手心挂接.txt	鱼贯	yggr	yggr	未知飞键、非音码或读音集合未覆盖；不猜测
鲸凉鹤1.1手心挂接.txt	羽冠	yggr	yggr	未知飞键、非音码或读音集合未覆盖；不猜测
鲸凉鹤1.1手心挂接.txt	玉冠	yggr	yggr	未知飞键、非音码或读音集合未覆盖；不猜测
鲸凉鹤1.1手心挂接.txt	愚公	yggs	yggs	未知飞键、非音码或读音集合未覆盖；不猜测
鲸凉鹤1.1手心挂接.txt	与共	yggs	yggs	未知飞键、非音码或读音集合未覆盖；不猜测
鲸凉鹤1.1手心挂接.txt	预估	yggu	yggu	未知飞键、非音码或读音集合未覆盖；不猜测
鲸凉鹤1.1手心挂接.txt	鱼骨	yggu	yggu	未知飞键、非音码或读音集合未覆盖；不猜测
鲸凉鹤1.1手心挂接.txt	浴柜	yggv	yggv	未知飞键、非音码或读音集合未覆盖；不猜测
鲸凉鹤1.1手心挂接.txt	雨刮	yggx	yggx	未知飞键、非音码或读音集合未覆盖；不猜测
鲸凉鹤1.1手心挂接.txt	预购	yggz	yggz	未知飞键、非音码或读音集合未覆盖；不猜测
鲸凉鹤1.1手心挂接.txt	鱼钩	yggz	yggz	未知飞键、非音码或读音集合未覆盖；不猜测
鲸凉鹤1.1手心挂接.txt	愈好	yghc	yghc	未知飞键、非音码或读音集合未覆盖；不猜测
鲸凉鹤1.1手心挂接.txt	遇害	yghd	yghd	未知飞键、非音码或读音集合未覆盖；不猜测
鲸凉鹤1.1手心挂接.txt	欲海	yghd	yghd	未知飞键、非音码或读音集合未覆盖；不猜测
鲸凉鹤1.1手心挂接.txt	愈合	yghe	yghe	未知飞键、非音码或读音集合未覆盖；不猜测
鲸凉鹤1.1手心挂接.txt	雨荷	yghe	yghe	未知飞键、非音码或读音集合未覆盖；不猜测
鲸凉鹤1.1手心挂接.txt	瘀痕	yghf	yghf	未知飞键、非音码或读音集合未覆盖；不猜测
鲸凉鹤1.1手心挂接.txt	雨痕	yghf	yghf	未知飞键、非音码或读音集合未覆盖；不猜测
鲸凉鹤1.1手心挂接.txt	玉衡	yghg	yghg	未知飞键、非音码或读音集合未覆盖；不猜测
鲸凉鹤1.1手心挂接.txt	宇航	yghh	yghh	未知飞键、非音码或读音集合未覆盖；不猜测
鲸凉鹤1.1手心挂接.txt	余杭	yghh	yghh	未知飞键、非音码或读音集合未覆盖；不猜测
鲸凉鹤1.1手心挂接.txt	御寒	yghj	yghj	未知飞键、非音码或读音集合未覆盖；不猜测
鲸凉鹤1.1手心挂接.txt	榆槐	yghk	yghk	未知飞键、非音码或读音集合未覆盖；不猜测
鲸凉鹤1.1手心挂接.txt	玉皇	yghl	yghl	未知飞键、非音码或读音集合未覆盖；不猜测
鲸凉鹤1.1手心挂接.txt	欲火	ygho	ygho	未知飞键、非音码或读音集合未覆盖；不猜测
鲸凉鹤1.1手心挂接.txt	渔获	ygho	ygho	未知飞键、非音码或读音集合未覆盖；不猜测
鲸凉鹤1.1手心挂接.txt	浴火	ygho	ygho	未知飞键、非音码或读音集合未覆盖；不猜测
鲸凉鹤1.1手心挂接.txt	迂缓	yghr	yghr	未知飞键、非音码或读音集合未覆盖；不猜测
鲸凉鹤1.1手心挂接.txt	玉环	yghr	yghr	未知飞键、非音码或读音集合未覆盖；不猜测
鲸凉鹤1.1手心挂接.txt	玉壶	yghu	yghu	未知飞键、非音码或读音集合未覆盖；不猜测
鲸凉鹤1.1手心挂接.txt	渔户	yghu	yghu	未知飞键、非音码或读音集合未覆盖；不猜测
鲸凉鹤1.1手心挂接.txt	鱼护	yghu	yghu	未知飞键、非音码或读音集合未覆盖；不猜测
鲸凉鹤1.1手心挂接.txt	迂回	yghv	yghv	未知飞键、非音码或读音集合未覆盖；不猜测
鲸凉鹤1.1手心挂接.txt	余晖	yghv	yghv	未知飞键、非音码或读音集合未覆盖；不猜测
鲸凉鹤1.1手心挂接.txt	与会	yghv	yghv	未知飞键、非音码或读音集合未覆盖；不猜测
鲸凉鹤1.1手心挂接.txt	余辉	yghv	yghv	未知飞键、非音码或读音集合未覆盖；不猜测
鲸凉鹤1.1手心挂接.txt	郁黑	yghw	yghw	未知飞键、非音码或读音集合未覆盖；不猜测
鲸凉鹤1.1手心挂接.txt	雨花	yghx	yghx	未知飞键、非音码或读音集合未覆盖；不猜测
鲸凉鹤1.1手心挂接.txt	羽化	yghx	yghx	未知飞键、非音码或读音集合未覆盖；不猜测
鲸凉鹤1.1手心挂接.txt	余华	yghx	yghx	未知飞键、非音码或读音集合未覆盖；不猜测
鲸凉鹤1.1手心挂接.txt	御魂	yghy	yghy	未知飞键、非音码或读音集合未覆盖；不猜测
鲸凉鹤1.1手心挂接.txt	雨后	yghz	yghz	未知飞键、非音码或读音集合未覆盖；不猜测
鲸凉鹤1.1手心挂接.txt	预后	yghz	yghz	未知飞键、非音码或读音集合未覆盖；不猜测
鲸凉鹤1.1手心挂接.txt	鱼叉	ygia	ygia	未知飞键、非音码或读音集合未覆盖；不猜测
鲸凉鹤1.1手心挂接.txt	郁沉	ygif	ygif	未知飞键、非音码或读音集合未覆盖；不猜测
鲸凉鹤1.1手心挂接.txt	玉成	ygig	ygig	未知飞键、非音码或读音集合未覆盖；不猜测
鲸凉鹤1.1手心挂接.txt	宇称	ygig	ygig	未知飞键、非音码或读音集合未覆盖；不猜测
鲸凉鹤1.1手心挂接.txt	渔场	ygih	ygih	未知飞键、非音码或读音集合未覆盖；不猜测
鲸凉鹤1.1手心挂接.txt	浴场	ygih	ygih	未知飞键、非音码或读音集合未覆盖；不猜测
鲸凉鹤1.1手心挂接.txt	鱼肠	ygih	ygih	未知飞键、非音码或读音集合未覆盖；不猜测
鲸凉鹤1.1手心挂接.txt	浴池	ygii	ygii	未知飞键、非音码或读音集合未覆盖；不猜测
鲸凉鹤1.1手心挂接.txt	鱼翅	ygii	ygii	未知飞键、非音码或读音集合未覆盖；不猜测
鲸凉鹤1.1手心挂接.txt	尉迟	ygii	ygii	未知飞键、非音码或读音集合未覆盖；不猜测
鲸凉鹤1.1手心挂接.txt	愚痴	ygii	ygii	未知飞键、非音码或读音集合未覆盖；不猜测
鲸凉鹤1.1手心挂接.txt	预产	ygij	ygij	未知飞键、非音码或读音集合未覆盖；不猜测
鲸凉鹤1.1手心挂接.txt	玉蟾	ygij	ygij	未知飞键、非音码或读音集合未覆盖；不猜测
鲸凉鹤1.1手心挂接.txt	渔产	ygij	ygij	未知飞键、非音码或读音集合未覆盖；不猜测
鲸凉鹤1.1手心挂接.txt	玉蝉	ygij	ygij	未知飞键、非音码或读音集合未覆盖；不猜测
鲸凉鹤1.1手心挂接.txt	宇创	ygil	ygil	未知飞键、非音码或读音集合未覆盖；不猜测
鲸凉鹤1.1手心挂接.txt	渔船	ygir	ygir	未知飞键、非音码或读音集合未覆盖；不猜测
鲸凉鹤1.1手心挂接.txt	鱼虫	ygis	ygis	未知飞键、非音码或读音集合未覆盖；不猜测
鲸凉鹤1.1手心挂接.txt	御厨	ygiu	ygiu	未知飞键、非音码或读音集合未覆盖；不猜测
鲸凉鹤1.1手心挂接.txt	育雏	ygiu	ygiu	未知飞键、非音码或读音集合未覆盖；不猜测
鲸凉鹤1.1手心挂接.txt	语出	ygiu	ygiu	未知飞键、非音码或读音集合未覆盖；不猜测
鲸凉鹤1.1手心挂接.txt	鱼锤	ygiv	ygiv	未知飞键、非音码或读音集合未覆盖；不猜测
鲸凉鹤1.1手心挂接.txt	愚蠢	ygiy	ygiy	未知飞键、非音码或读音集合未覆盖；不猜测
鲸凉鹤1.1手心挂接.txt	鱼唇	ygiy	ygiy	未知飞键、非音码或读音集合未覆盖；不猜测
鲸凉鹤1.1手心挂接.txt	预筹	ygiz	ygiz	未知飞键、非音码或读音集合未覆盖；不猜测
鲸凉鹤1.1手心挂接.txt	浴巾	ygjb	ygjb	未知飞键、非音码或读音集合未覆盖；不猜测
鲸凉鹤1.1手心挂接.txt	预计	ygji	ygji	未知飞键、非音码或读音集合未覆盖；不猜测
鲸凉鹤1.1手心挂接.txt	雨季	ygji	ygji	未知飞键、非音码或读音集合未覆盖；不猜测
鲸凉鹤1.1手心挂接.txt	虞姬	ygji	ygji	未知飞键、非音码或读音集合未覆盖；不猜测
鲸凉鹤1.1手心挂接.txt	预警	ygjk	ygjk	未知飞键、非音码或读音集合未覆盖；不猜测
鲸凉鹤1.1手心挂接.txt	语境	ygjk	ygjk	未知飞键、非音码或读音集合未覆盖；不猜测
鲸凉鹤1.1手心挂接.txt	狱警	ygjk	ygjk	未知飞键、非音码或读音集合未覆盖；不猜测
鲸凉鹤1.1手心挂接.txt	遇见	ygjm	ygjm	未知飞键、非音码或读音集合未覆盖；不猜测
鲸凉鹤1.1手心挂接.txt	预见	ygjm	ygjm	未知飞键、非音码或读音集合未覆盖；不猜测
鲸凉鹤1.1手心挂接.txt	御剑	ygjm	ygjm	未知飞键、非音码或读音集合未覆盖；不猜测
鲸凉鹤1.1手心挂接.txt	愚见	ygjm	ygjm	未知飞键、非音码或读音集合未覆盖；不猜测
鲸凉鹤1.1手心挂接.txt	预交	ygjn	ygjn	未知飞键、非音码或读音集合未覆盖；不猜测
鲸凉鹤1.1手心挂接.txt	御姐	ygjp	ygjp	未知飞键、非音码或读音集合未覆盖；不猜测
鲸凉鹤1.1手心挂接.txt	郁结	ygjp	ygjp	未知飞键、非音码或读音集合未覆盖；不猜测
鲸凉鹤1.1手心挂接.txt	预借	ygjp	ygjp	未知飞键、非音码或读音集合未覆盖；不猜测
鲸凉鹤1.1手心挂接.txt	遇救	ygjq	ygjq	未知飞键、非音码或读音集合未覆盖；不猜测
鲸凉鹤1.1手心挂接.txt	御酒	ygjq	ygjq	未知飞键、非音码或读音集合未覆盖；不猜测
鲸凉鹤1.1手心挂接.txt	于娟	ygjr	ygjr	未知飞键、非音码或读音集合未覆盖；不猜测
鲸凉鹤1.1手心挂接.txt	欲绝	ygjt	ygjt	未知飞键、非音码或读音集合未覆盖；不猜测
鲸凉鹤1.1手心挂接.txt	玉玦	ygjt	ygjt	未知飞键、非音码或读音集合未覆盖；不猜测
鲸凉鹤1.1手心挂接.txt	语句	ygju	ygju	未知飞键、非音码或读音集合未覆盖；不猜测
鲸凉鹤1.1手心挂接.txt	渔具	ygju	ygju	未知飞键、非音码或读音集合未覆盖；不猜测
鲸凉鹤1.1手心挂接.txt	豫剧	ygju	ygju	未知飞键、非音码或读音集合未覆盖；不猜测
鲸凉鹤1.1手心挂接.txt	雨具	ygju	ygju	未知飞键、非音码或读音集合未覆盖；不猜测
鲸凉鹤1.1手心挂接.txt	愈加	ygjx	ygjx	未知飞键、非音码或读音集合未覆盖；不猜测
鲸凉鹤1.1手心挂接.txt	瑜伽	ygjx	ygjx	未知飞键、非音码或读音集合未覆盖；不猜测
鲸凉鹤1.1手心挂接.txt	遇见	ygjz	ygjz	未知飞键、非音码或读音集合未覆盖；不猜测
鲸凉鹤1.1手心挂接.txt	预见	ygjz	ygjz	未知飞键、非音码或读音集合未覆盖；不猜测
鲸凉鹤1.1手心挂接.txt	御剑	ygjz	ygjz	未知飞键、非音码或读音集合未覆盖；不猜测
鲸凉鹤1.1手心挂接.txt	愚见	ygjz	ygjz	未知飞键、非音码或读音集合未覆盖；不猜测
鲸凉鹤1.1手心挂接.txt	鱼卡	ygka	ygka	未知飞键、非音码或读音集合未覆盖；不猜测
鲸凉鹤1.1手心挂接.txt	预考	ygkc	ygkc	未知飞键、非音码或读音集合未覆盖；不猜测
鲸凉鹤1.1手心挂接.txt	预科	ygke	ygke	未知飞键、非音码或读音集合未覆盖；不猜测
鲸凉鹤1.1手心挂接.txt	于康	ygkh	ygkh	未知飞键、非音码或读音集合未覆盖；不猜测
鲸凉鹤1.1手心挂接.txt	预看	ygkj	ygkj	未知飞键、非音码或读音集合未覆盖；不猜测
鲸凉鹤1.1手心挂接.txt	愉快	ygkk	ygkk	未知飞键、非音码或读音集合未覆盖；不猜测
鲸凉鹤1.1手心挂接.txt	鱼块	ygkk	ygkk	未知飞键、非音码或读音集合未覆盖；不猜测
鲸凉鹤1.1手心挂接.txt	迂阔	ygko	ygko	未知飞键、非音码或读音集合未覆盖；不猜测
鲸凉鹤1.1手心挂接.txt	余款	ygkr	ygkr	未知飞键、非音码或读音集合未覆盖；不猜测
鲸凉鹤1.1手心挂接.txt	御空	ygks	ygks	未知飞键、非音码或读音集合未覆盖；不猜测
鲸凉鹤1.1手心挂接.txt	预控	ygks	ygks	未知飞键、非音码或读音集合未覆盖；不猜测
鲸凉鹤1.1手心挂接.txt	欲哭	ygku	ygku	未知飞键、非音码或读音集合未覆盖；不猜测
鲸凉鹤1.1手心挂接.txt	雨裤	ygku	ygku	未知飞键、非音码或读音集合未覆盖；不猜测
鲸凉鹤1.1手心挂接.txt	语库	ygku	ygku	未知飞键、非音码或读音集合未覆盖；不猜测
鲸凉鹤1.1手心挂接.txt	鱼酷	ygku	ygku	未知飞键、非音码或读音集合未覆盖；不猜测
鲸凉鹤1.1手心挂接.txt	预亏	ygkv	ygkv	未知飞键、非音码或读音集合未覆盖；不猜测
鲸凉鹤1.1手心挂接.txt	预扣	ygkz	ygkz	未知飞键、非音码或读音集合未覆盖；不猜测
鲸凉鹤1.1手心挂接.txt	鱼鳞	yglb	yglb	未知飞键、非音码或读音集合未覆盖；不猜测
鲸凉鹤1.1手心挂接.txt	雨林	yglb	yglb	未知飞键、非音码或读音集合未覆盖；不猜测
鲸凉鹤1.1手心挂接.txt	玉林	yglb	yglb	未知飞键、非音码或读音集合未覆盖；不猜测
鲸凉鹤1.1手心挂接.txt	雨涝	yglc	yglc	未知飞键、非音码或读音集合未覆盖；不猜测
鲸凉鹤1.1手心挂接.txt	渔捞	yglc	yglc	未知飞键、非音码或读音集合未覆盖；不猜测
鲸凉鹤1.1手心挂接.txt	娱乐	ygle	ygle	未知飞键、非音码或读音集合未覆盖；不猜测
鲸凉鹤1.1手心挂接.txt	于勒	ygle	ygle	未知飞键、非音码或读音集合未覆盖；不猜测
鲸凉鹤1.1手心挂接.txt	欲裂	yglf	yglf	未知飞键、非音码或读音集合未覆盖；不猜测
鲸凉鹤1.1手心挂接.txt	渔猎	yglf	yglf	未知飞键、非音码或读音集合未覆盖；不猜测
鲸凉鹤1.1手心挂接.txt	窳劣	yglf	yglf	未知飞键、非音码或读音集合未覆盖；不猜测
鲸凉鹤1.1手心挂接.txt	遇冷	yglg	yglg	未知飞键、非音码或读音集合未覆盖；不猜测
鲸凉鹤1.1手心挂接.txt	余力	ygli	ygli	未知飞键、非音码或读音集合未覆盖；不猜测
鲸凉鹤1.1手心挂接.txt	雨里	ygli	ygli	未知飞键、非音码或读音集合未覆盖；不猜测
鲸凉鹤1.1手心挂接.txt	预览	yglj	yglj	未知飞键、非音码或读音集合未覆盖；不猜测
鲸凉鹤1.1手心挂接.txt	玉兰	yglj	yglj	未知飞键、非音码或读音集合未覆盖；不猜测
鲸凉鹤1.1手心挂接.txt	育龄	yglk	yglk	未知飞键、非音码或读音集合未覆盖；不猜测
鲸凉鹤1.1手心挂接.txt	御灵	yglk	yglk	未知飞键、非音码或读音集合未覆盖；不猜测
鲸凉鹤1.1手心挂接.txt	余粮	ygll	ygll	未知飞键、非音码或读音集合未覆盖；不猜测
鲸凉鹤1.1手心挂接.txt	余量	ygll	ygll	未知飞键、非音码或读音集合未覆盖；不猜测
鲸凉鹤1.1手心挂接.txt	雨量	ygll	ygll	未知飞键、非音码或读音集合未覆盖；不猜测
鲸凉鹤1.1手心挂接.txt	玉莲	yglm	yglm	未知飞键、非音码或读音集合未覆盖；不猜测
鲸凉鹤1.1手心挂接.txt	雨帘	yglm	yglm	未知飞键、非音码或读音集合未覆盖；不猜测
鲸凉鹤1.1手心挂接.txt	浴帘	yglm	yglm	未知飞键、非音码或读音集合未覆盖；不猜测
鲸凉鹤1.1手心挂接.txt	预料	ygln	ygln	未知飞键、非音码或读音集合未覆盖；不猜测
鲸凉鹤1.1手心挂接.txt	余料	ygln	ygln	未知飞键、非音码或读音集合未覆盖；不猜测
鲸凉鹤1.1手心挂接.txt	语料	ygln	ygln	未知飞键、非音码或读音集合未覆盖；不猜测
鲸凉鹤1.1手心挂接.txt	鱼疗	ygln	ygln	未知飞键、非音码或读音集合未覆盖；不猜测
鲸凉鹤1.1手心挂接.txt	雨落	yglo	yglo	未知飞键、非音码或读音集合未覆盖；不猜测
鲸凉鹤1.1手心挂接.txt	御萝	yglo	yglo	未知飞键、非音码或读音集合未覆盖；不猜测
鲸凉鹤1.1手心挂接.txt	欲裂	yglp	yglp	未知飞键、非音码或读音集合未覆盖；不猜测
鲸凉鹤1.1手心挂接.txt	渔猎	yglp	yglp	未知飞键、非音码或读音集合未覆盖；不猜测
鲸凉鹤1.1手心挂接.txt	窳劣	yglp	yglp	未知飞键、非音码或读音集合未覆盖；不猜测
鲸凉鹤1.1手心挂接.txt	预留	yglq	yglq	未知飞键、非音码或读音集合未覆盖；不猜测
鲸凉鹤1.1手心挂接.txt	余留	yglq	yglq	未知飞键、非音码或读音集合未覆盖；不猜测
鲸凉鹤1.1手心挂接.txt	鱼柳	yglq	yglq	未知飞键、非音码或读音集合未覆盖；不猜测
鲸凉鹤1.1手心挂接.txt	鱼卵	yglr	yglr	未知飞键、非音码或读音集合未覆盖；不猜测
鲸凉鹤1.1手心挂接.txt	鱼龙	ygls	ygls	未知飞键、非音码或读音集合未覆盖；不猜测
鲸凉鹤1.1手心挂接.txt	玉龙	ygls	ygls	未知飞键、非音码或读音集合未覆盖；不猜测
鲸凉鹤1.1手心挂接.txt	语录	yglu	yglu	未知飞键、非音码或读音集合未覆盖；不猜测
鲸凉鹤1.1手心挂接.txt	雨露	yglu	yglu	未知飞键、非音码或读音集合未覆盖；不猜测
鲸凉鹤1.1手心挂接.txt	伛偻	yglv	yglv	未知飞键、非音码或读音集合未覆盖；不猜测
鲸凉鹤1.1手心挂接.txt	玉律	yglv	yglv	未知飞键、非音码或读音集合未覆盖；不猜测
鲸凉鹤1.1手心挂接.txt	鱼类	yglw	yglw	未知飞键、非音码或读音集合未覆盖；不猜测
鲸凉鹤1.1手心挂接.txt	鱼雷	yglw	yglw	未知飞键、非音码或读音集合未覆盖；不猜测
鲸凉鹤1.1手心挂接.txt	舆论	ygly	ygly	未知飞键、非音码或读音集合未覆盖；不猜测
鲸凉鹤1.1手心挂接.txt	渔轮	ygly	ygly	未知飞键、非音码或读音集合未覆盖；不猜测
鲸凉鹤1.1手心挂接.txt	踰轮	ygly	ygly	未知飞键、非音码或读音集合未覆盖；不猜测
鲸凉鹤1.1手心挂接.txt	鱼篓	yglz	yglz	未知飞键、非音码或读音集合未覆盖；不猜测
鲸凉鹤1.1手心挂接.txt	渔民	ygmb	ygmb	未知飞键、非音码或读音集合未覆盖；不猜测
鲸凉鹤1.1手心挂接.txt	愚民	ygmb	ygmb	未知飞键、非音码或读音集合未覆盖；不猜测
鲸凉鹤1.1手心挂接.txt	羽毛	ygmc	ygmc	未知飞键、非音码或读音集合未覆盖；不猜测
鲸凉鹤1.1手心挂接.txt	浴帽	ygmc	ygmc	未知飞键、非音码或读音集合未覆盖；不猜测
鲸凉鹤1.1手心挂接.txt	郁闷	ygmf	ygmf	未知飞键、非音码或读音集合未覆盖；不猜测
鲸凉鹤1.1手心挂接.txt	玉门	ygmf	ygmf	未知飞键、非音码或读音集合未覆盖；不猜测
鲸凉鹤1.1手心挂接.txt	与门	ygmf	ygmf	未知飞键、非音码或读音集合未覆盖；不猜测
鲸凉鹤1.1手心挂接.txt	愚蒙	ygmg	ygmg	未知飞键、非音码或读音集合未覆盖；不猜测
鲸凉鹤1.1手心挂接.txt	羽芒	ygmh	ygmh	未知飞键、非音码或读音集合未覆盖；不猜测
鲸凉鹤1.1手心挂接.txt	玉米	ygmi	ygmi	未知飞键、非音码或读音集合未覆盖；不猜测
鲸凉鹤1.1手心挂接.txt	鱼米	ygmi	ygmi	未知飞键、非音码或读音集合未覆盖；不猜测
鲸凉鹤1.1手心挂接.txt	鱼糜	ygmi	ygmi	未知飞键、非音码或读音集合未覆盖；不猜测
鲸凉鹤1.1手心挂接.txt	誉满	ygmj	ygmj	未知飞键、非音码或读音集合未覆盖；不猜测
鲸凉鹤1.1手心挂接.txt	域名	ygmk	ygmk	未知飞键、非音码或读音集合未覆盖；不猜测
鲸凉鹤1.1手心挂接.txt	余名	ygmk	ygmk	未知飞键、非音码或读音集合未覆盖；不猜测
鲸凉鹤1.1手心挂接.txt	玉面	ygmm	ygmm	未知飞键、非音码或读音集合未覆盖；不猜测
鲸凉鹤1.1手心挂接.txt	鱼面	ygmm	ygmm	未知飞键、非音码或读音集合未覆盖；不猜测
鲸凉鹤1.1手心挂接.txt	鱼苗	ygmn	ygmn	未知飞键、非音码或读音集合未覆盖；不猜测
鲸凉鹤1.1手心挂接.txt	育苗	ygmn	ygmn	未知飞键、非音码或读音集合未覆盖；不猜测
鲸凉鹤1.1手心挂接.txt	预瞄	ygmn	ygmn	未知飞键、非音码或读音集合未覆盖；不猜测
鲸凉鹤1.1手心挂接.txt	御魔	ygmo	ygmo	未知飞键、非音码或读音集合未覆盖；不猜测
鲸凉鹤1.1手心挂接.txt	雨幕	ygmu	ygmu	未知飞键、非音码或读音集合未覆盖；不猜测
鲸凉鹤1.1手心挂接.txt	榆木	ygmu	ygmu	未知飞键、非音码或读音集合未覆盖；不猜测
鲸凉鹤1.1手心挂接.txt	余亩	ygmu	ygmu	未知飞键、非音码或读音集合未覆盖；不猜测
鲸凉鹤1.1手心挂接.txt	愚昧	ygmw	ygmw	未知飞键、非音码或读音集合未覆盖；不猜测
鲸凉鹤1.1手心挂接.txt	雨幕	ygmx	ygmx	未知飞键、非音码或读音集合未覆盖；不猜测
鲸凉鹤1.1手心挂接.txt	榆木	ygmx	ygmx	未知飞键、非音码或读音集合未覆盖；不猜测
鲸凉鹤1.1手心挂接.txt	余亩	ygmx	ygmx	未知飞键、非音码或读音集合未覆盖；不猜测
鲸凉鹤1.1手心挂接.txt	预谋	ygmz	ygmz	未知飞键、非音码或读音集合未覆盖；不猜测
鲸凉鹤1.1手心挂接.txt	于娜	ygna	ygna	未知飞键、非音码或读音集合未覆盖；不猜测
鲸凉鹤1.1手心挂接.txt	与您	ygnb	ygnb	未知飞键、非音码或读音集合未覆盖；不猜测
鲸凉鹤1.1手心挂接.txt	芋艿	ygnd	ygnd	未知飞键、非音码或读音集合未覆盖；不猜测
鲸凉鹤1.1手心挂接.txt	淤泥	ygni	ygni	未知飞键、非音码或读音集合未覆盖；不猜测
鲸凉鹤1.1手心挂接.txt	芋泥	ygni	ygni	未知飞键、非音码或读音集合未覆盖；不猜测
鲸凉鹤1.1手心挂接.txt	与你	ygni	ygni	未知飞键、非音码或读音集合未覆盖；不猜测
鲸凉鹤1.1手心挂接.txt	于你	ygni	ygni	未知飞键、非音码或读音集合未覆盖；不猜测
鲸凉鹤1.1手心挂接.txt	遇难	ygnj	ygnj	未知飞键、非音码或读音集合未覆盖；不猜测
鲸凉鹤1.1手心挂接.txt	鱼腩	ygnj	ygnj	未知飞键、非音码或读音集合未覆盖；不猜测
鲸凉鹤1.1手心挂接.txt	于宁	ygnk	ygnk	未知飞键、非音码或读音集合未覆盖；不猜测
鲸凉鹤1.1手心挂接.txt	欲念	ygnm	ygnm	未知飞键、非音码或读音集合未覆盖；不猜测
鲸凉鹤1.1手心挂接.txt	余年	ygnm	ygnm	未知飞键、非音码或读音集合未覆盖；不猜测
鲸凉鹤1.1手心挂接.txt	鱼鸟	ygnn	ygnn	未知飞键、非音码或读音集合未覆盖；不猜测
鲸凉鹤1.1手心挂接.txt	雨诺	ygno	ygno	未知飞键、非音码或读音集合未覆盖；不猜测
鲸凉鹤1.1手心挂接.txt	余孽	ygnp	ygnp	未知飞键、非音码或读音集合未覆盖；不猜测
鲸凉鹤1.1手心挂接.txt	欲孽	ygnp	ygnp	未知飞键、非音码或读音集合未覆盖；不猜测
鲸凉鹤1.1手心挂接.txt	愚弄	ygns	ygns	未知飞键、非音码或读音集合未覆盖；不猜测
鲸凉鹤1.1手心挂接.txt	欲奴	ygnu	ygnu	未知飞键、非音码或读音集合未覆盖；不猜测
鲸凉鹤1.1手心挂接.txt	玉女	ygnv	ygnv	未知飞键、非音码或读音集合未覆盖；不猜测
鲸凉鹤1.1手心挂接.txt	欲女	ygnv	ygnv	未知飞键、非音码或读音集合未覆盖；不猜测
鲸凉鹤1.1手心挂接.txt	御女	ygnv	ygnv	未知飞键、非音码或读音集合未覆盖；不猜测
鲸凉鹤1.1手心挂接.txt	域内	ygnw	ygnw	未知飞键、非音码或读音集合未覆盖；不猜测
鲸凉鹤1.1手心挂接.txt	宇内	ygnw	ygnw	未知飞键、非音码或读音集合未覆盖；不猜测
鲸凉鹤1.1手心挂接.txt	遇难	ygnz	ygnz	未知飞键、非音码或读音集合未覆盖；不猜测
鲸凉鹤1.1手心挂接.txt	鱼腩	ygnz	ygnz	未知飞键、非音码或读音集合未覆盖；不猜测
鲸凉鹤1.1手心挂接.txt	渔鸥	ygou	ygou	未知飞键、非音码或读音集合未覆盖；不猜测
鲸凉鹤1.1手心挂接.txt	玉藕	ygou	ygou	未知飞键、非音码或读音集合未覆盖；不猜测
鲸凉鹤1.1手心挂接.txt	御品	ygpb	ygpb	未知飞键、非音码或读音集合未覆盖；不猜测
鲸凉鹤1.1手心挂接.txt	浴袍	ygpc	ygpc	未知飞键、非音码或读音集合未覆盖；不猜测
鲸凉鹤1.1手心挂接.txt	鱼泡	ygpc	ygpc	未知飞键、非音码或读音集合未覆盖；不猜测
鲸凉鹤1.1手心挂接.txt	鱼排	ygpd	ygpd	未知飞键、非音码或读音集合未覆盖；不猜测
鲸凉鹤1.1手心挂接.txt	欲派	ygpd	ygpd	未知飞键、非音码或读音集合未覆盖；不猜测
鲸凉鹤1.1手心挂接.txt	鱼皮	ygpe	ygpe	未知飞键、非音码或读音集合未覆盖；不猜测
鲸凉鹤1.1手心挂接.txt	雨披	ygpe	ygpe	未知飞键、非音码或读音集合未覆盖；不猜测
鲸凉鹤1.1手心挂接.txt	浴盆	ygpf	ygpf	未知飞键、非音码或读音集合未覆盖；不猜测
鲸凉鹤1.1手心挂接.txt	雨棚	ygpg	ygpg	未知飞键、非音码或读音集合未覆盖；不猜测
鲸凉鹤1.1手心挂接.txt	雨篷	ygpg	ygpg	未知飞键、非音码或读音集合未覆盖；不猜测
鲸凉鹤1.1手心挂接.txt	鱼皮	ygpi	ygpi	未知飞键、非音码或读音集合未覆盖；不猜测
鲸凉鹤1.1手心挂接.txt	雨披	ygpi	ygpi	未知飞键、非音码或读音集合未覆盖；不猜测
鲸凉鹤1.1手心挂接.txt	预判	ygpj	ygpj	未知飞键、非音码或读音集合未覆盖；不猜测
鲸凉鹤1.1手心挂接.txt	玉盘	ygpj	ygpj	未知飞键、非音码或读音集合未覆盖；不猜测
鲸凉鹤1.1手心挂接.txt	玉屏	ygpk	ygpk	未知飞键、非音码或读音集合未覆盖；不猜测
鲸凉鹤1.1手心挂接.txt	鱼片	ygpm	ygpm	未知飞键、非音码或读音集合未覆盖；不猜测
鲸凉鹤1.1手心挂接.txt	玉片	ygpm	ygpm	未知飞键、非音码或读音集合未覆盖；不猜测
鲸凉鹤1.1手心挂接.txt	渔婆	ygpo	ygpo	未知飞键、非音码或读音集合未覆盖；不猜测
鲸凉鹤1.1手心挂接.txt	渔婆	ygps	ygps	未知飞键、非音码或读音集合未覆盖；不猜测
鲸凉鹤1.1手心挂接.txt	玉璞	ygpu	ygpu	未知飞键、非音码或读音集合未覆盖；不猜测
鲸凉鹤1.1手心挂接.txt	玉佩	ygpw	ygpw	未知飞键、非音码或读音集合未覆盖；不猜测
鲸凉鹤1.1手心挂接.txt	预配	ygpw	ygpw	未知飞键、非音码或读音集合未覆盖；不猜测
鲸凉鹤1.1手心挂接.txt	玉屏	ygpx	ygpx	未知飞键、非音码或读音集合未覆盖；不猜测
鲸凉鹤1.1手心挂接.txt	语气	ygqi	ygqi	未知飞键、非音码或读音集合未覆盖；不猜测
鲸凉鹤1.1手心挂接.txt	预期	ygqi	ygqi	未知飞键、非音码或读音集合未覆盖；不猜测
鲸凉鹤1.1手心挂接.txt	与其	ygqi	ygqi	未知飞键、非音码或读音集合未覆盖；不猜测
鲸凉鹤1.1手心挂接.txt	淤青	ygqk	ygqk	未知飞键、非音码或读音集合未覆盖；不猜测
鲸凉鹤1.1手心挂接.txt	舆情	ygqk	ygqk	未知飞键、非音码或读音集合未覆盖；不猜测
鲸凉鹤1.1手心挂接.txt	玉清	ygqk	ygqk	未知飞键、非音码或读音集合未覆盖；不猜测
鲸凉鹤1.1手心挂接.txt	遇强	ygql	ygql	未知飞键、非音码或读音集合未覆盖；不猜测
鲸凉鹤1.1手心挂接.txt	御前	ygqm	ygqm	未知飞键、非音码或读音集合未覆盖；不猜测
鲸凉鹤1.1手心挂接.txt	于谦	ygqm	ygqm	未知飞键、非音码或读音集合未覆盖；不猜测
鲸凉鹤1.1手心挂接.txt	余钱	ygqm	ygqm	未知飞键、非音码或读音集合未覆盖；不猜测
鲸凉鹤1.1手心挂接.txt	渔樵	ygqn	ygqn	未知飞键、非音码或读音集合未覆盖；不猜测
鲸凉鹤1.1手心挂接.txt	鱼乔	ygqn	ygqn	未知飞键、非音码或读音集合未覆盖；不猜测
鲸凉鹤1.1手心挂接.txt	余切	ygqp	ygqp	未知飞键、非音码或读音集合未覆盖；不猜测
鲸凉鹤1.1手心挂接.txt	欲求	ygqq	ygqq	未知飞键、非音码或读音集合未覆盖；不猜测
鲸凉鹤1.1手心挂接.txt	羽球	ygqq	ygqq	未知飞键、非音码或读音集合未覆盖；不猜测
鲸凉鹤1.1手心挂接.txt	玉泉	ygqr	ygqr	未知飞键、非音码或读音集合未覆盖；不猜测
鲸凉鹤1.1手心挂接.txt	羽泉	ygqr	ygqr	未知飞键、非音码或读音集合未覆盖；不猜测
鲸凉鹤1.1手心挂接.txt	玉琼	ygqs	ygqs	未知飞键、非音码或读音集合未覆盖；不猜测
鲸凉鹤1.1手心挂接.txt	余缺	ygqt	ygqt	未知飞键、非音码或读音集合未覆盖；不猜测
鲸凉鹤1.1手心挂接.txt	渔区	ygqu	ygqu	未知飞键、非音码或读音集合未覆盖；不猜测
鲸凉鹤1.1手心挂接.txt	鱼群	ygqy	ygqy	未知飞键、非音码或读音集合未覆盖；不猜测
鲸凉鹤1.1手心挂接.txt	语群	ygqy	ygqy	未知飞键、非音码或读音集合未覆盖；不猜测
鲸凉鹤1.1手心挂接.txt	预热	ygre	ygre	未知飞键、非音码或读音集合未覆盖；不猜测
鲸凉鹤1.1手心挂接.txt	余热	ygre	ygre	未知飞键、非音码或读音集合未覆盖；不猜测
鲸凉鹤1.1手心挂接.txt	育人	ygrf	ygrf	未知飞键、非音码或读音集合未覆盖；不猜测
鲸凉鹤1.1手心挂接.txt	与人	ygrf	ygrf	未知飞键、非音码或读音集合未覆盖；不猜测
鲸凉鹤1.1手心挂接.txt	愚人	ygrf	ygrf	未知飞键、非音码或读音集合未覆盖；不猜测
鲸凉鹤1.1手心挂接.txt	渔人	ygrf	ygrf	未知飞键、非音码或读音集合未覆盖；不猜测
鲸凉鹤1.1手心挂接.txt	与日	ygri	ygri	未知飞键、非音码或读音集合未覆盖；不猜测
鲸凉鹤1.1手心挂接.txt	愚弱	ygro	ygro	未知飞键、非音码或读音集合未覆盖；不猜测
鲸凉鹤1.1手心挂接.txt	羽绒	ygrs	ygrs	未知飞键、非音码或读音集合未覆盖；不猜测
鲸凉鹤1.1手心挂接.txt	玉容	ygrs	ygrs	未知飞键、非音码或读音集合未覆盖；不猜测
鲸凉鹤1.1手心挂接.txt	玉乳	ygru	ygru	未知飞键、非音码或读音集合未覆盖；不猜测
鲸凉鹤1.1手心挂接.txt	于睿	ygrv	ygrv	未知飞键、非音码或读音集合未覆盖；不猜测
鲸凉鹤1.1手心挂接.txt	雨润	ygry	ygry	未知飞键、非音码或读音集合未覆盖；不猜测
鲸凉鹤1.1手心挂接.txt	玉润	ygry	ygry	未知飞键、非音码或读音集合未覆盖；不猜测
鲸凉鹤1.1手心挂接.txt	鱼肉	ygrz	ygrz	未知飞键、非音码或读音集合未覆盖；不猜测
鲸凉鹤1.1手心挂接.txt	预赛	ygsd	ygsd	未知飞键、非音码或读音集合未覆盖；不猜测
鲸凉鹤1.1手心挂接.txt	鱼鳃	ygsd	ygsd	未知飞键、非音码或读音集合未覆盖；不猜测
鲸凉鹤1.1手心挂接.txt	语塞	ygse	ygse	未知飞键、非音码或读音集合未覆盖；不猜测
鲸凉鹤1.1手心挂接.txt	淤塞	ygse	ygse	未知飞键、非音码或读音集合未覆盖；不猜测
鲸凉鹤1.1手心挂接.txt	玉色	ygse	ygse	未知飞键、非音码或读音集合未覆盖；不猜测
鲸凉鹤1.1手心挂接.txt	宇森	ygsf	ygsf	未知飞键、非音码或读音集合未覆盖；不猜测
鲸凉鹤1.1手心挂接.txt	雨丝	ygsi	ygsi	未知飞键、非音码或读音集合未覆盖；不猜测
鲸凉鹤1.1手心挂接.txt	欲死	ygsi	ygsi	未知飞键、非音码或读音集合未覆盖；不猜测
鲸凉鹤1.1手心挂接.txt	雨伞	ygsj	ygsj	未知飞键、非音码或读音集合未覆盖；不猜测
鲸凉鹤1.1手心挂接.txt	寓所	ygso	ygso	未知飞键、非音码或读音集合未覆盖；不猜测
鲸凉鹤1.1手心挂接.txt	预缩	ygso	ygso	未知飞键、非音码或读音集合未覆盖；不猜测
鲸凉鹤1.1手心挂接.txt	预算	ygsr	ygsr	未知飞键、非音码或读音集合未覆盖；不猜测
鲸凉鹤1.1手心挂接.txt	鱼松	ygss	ygss	未知飞键、非音码或读音集合未覆盖；不猜测
鲸凉鹤1.1手心挂接.txt	语速	ygsu	ygsu	未知飞键、非音码或读音集合未覆盖；不猜测
鲸凉鹤1.1手心挂接.txt	语素	ygsu	ygsu	未知飞键、非音码或读音集合未覆盖；不猜测
鲸凉鹤1.1手心挂接.txt	玉髓	ygsv	ygsv	未知飞键、非音码或读音集合未覆盖；不猜测
鲸凉鹤1.1手心挂接.txt	玉碎	ygsv	ygsv	未知飞键、非音码或读音集合未覆盖；不猜测
鲸凉鹤1.1手心挂接.txt	玉笋	ygsy	ygsy	未知飞键、非音码或读音集合未覆盖；不猜测
鲸凉鹤1.1手心挂接.txt	余艘	ygsz	ygsz	未知飞键、非音码或读音集合未覆盖；不猜测
鲸凉鹤1.1手心挂接.txt	与他	ygta	ygta	未知飞键、非音码或读音集合未覆盖；不猜测
鲸凉鹤1.1手心挂接.txt	于他	ygta	ygta	未知飞键、非音码或读音集合未覆盖；不猜测
鲸凉鹤1.1手心挂接.txt	于涛	ygtc	ygtc	未知飞键、非音码或读音集合未覆盖；不猜测
鲸凉鹤1.1手心挂接.txt	语态	ygtd	ygtd	未知飞键、非音码或读音集合未覆盖；不猜测
鲸凉鹤1.1手心挂接.txt	鱼藤	ygtg	ygtg	未知飞键、非音码或读音集合未覆盖；不猜测
鲸凉鹤1.1手心挂接.txt	鱼塘	ygth	ygth	未知飞键、非音码或读音集合未覆盖；不猜测
鲸凉鹤1.1手心挂接.txt	鱼汤	ygth	ygth	未知飞键、非音码或读音集合未覆盖；不猜测
鲸凉鹤1.1手心挂接.txt	玉体	ygti	ygti	未知飞键、非音码或读音集合未覆盖；不猜测
鲸凉鹤1.1手心挂接.txt	预提	ygti	ygti	未知飞键、非音码或读音集合未覆盖；不猜测
鲸凉鹤1.1手心挂接.txt	羽坛	ygtj	ygtj	未知飞键、非音码或读音集合未覆盖；不猜测
鲸凉鹤1.1手心挂接.txt	玉檀	ygtj	ygtj	未知飞键、非音码或读音集合未覆盖；不猜测
鲸凉鹤1.1手心挂接.txt	雨停	ygtk	ygtk	未知飞键、非音码或读音集合未覆盖；不猜测
鲸凉鹤1.1手心挂接.txt	毓婷	ygtk	ygtk	未知飞键、非音码或读音集合未覆盖；不猜测
鲸凉鹤1.1手心挂接.txt	玉腿	ygtl	ygtl	未知飞键、非音码或读音集合未覆盖；不猜测
鲸凉鹤1.1手心挂接.txt	雨天	ygtm	ygtm	未知飞键、非音码或读音集合未覆盖；不猜测
鲸凉鹤1.1手心挂接.txt	玉田	ygtm	ygtm	未知飞键、非音码或读音集合未覆盖；不猜测
鲸凉鹤1.1手心挂接.txt	预调	ygtn	ygtn	未知飞键、非音码或读音集合未覆盖；不猜测
鲸凉鹤1.1手心挂接.txt	熨帖	ygtp	ygtp	未知飞键、非音码或读音集合未覆盖；不猜测
鲸凉鹤1.1手心挂接.txt	浴桶	ygts	ygts	未知飞键、非音码或读音集合未覆盖；不猜测
鲸凉鹤1.1手心挂接.txt	余同	ygts	ygts	未知飞键、非音码或读音集合未覆盖；不猜测
鲸凉鹤1.1手心挂接.txt	玉兔	ygtu	ygtu	未知飞键、非音码或读音集合未覆盖；不猜测
鲸凉鹤1.1手心挂接.txt	玉腿	ygtv	ygtv	未知飞键、非音码或读音集合未覆盖；不猜测
鲸凉鹤1.1手心挂接.txt	喻屯	ygty	ygty	未知飞键、非音码或读音集合未覆盖；不猜测
鲸凉鹤1.1手心挂接.txt	鱼头	ygtz	ygtz	未知飞键、非音码或读音集合未覆盖；不猜测
鲸凉鹤1.1手心挂接.txt	芋头	ygtz	ygtz	未知飞键、非音码或读音集合未覆盖；不猜测
鲸凉鹤1.1手心挂接.txt	羽纱	ygua	ygua	未知飞键、非音码或读音集合未覆盖；不猜测
鲸凉鹤1.1手心挂接.txt	淤沙	ygua	ygua	未知飞键、非音码或读音集合未覆盖；不猜测
鲸凉鹤1.1手心挂接.txt	愚傻	ygua	ygua	未知飞键、非音码或读音集合未覆盖；不猜测
鲸凉鹤1.1手心挂接.txt	预设	ygue	ygue	未知飞键、非音码或读音集合未覆盖；不猜测
鲸凉鹤1.1手心挂接.txt	预审	yguf	yguf	未知飞键、非音码或读音集合未覆盖；不猜测
鲸凉鹤1.1手心挂接.txt	雨神	yguf	yguf	未知飞键、非音码或读音集合未覆盖；不猜测
鲸凉鹤1.1手心挂接.txt	雨声	ygug	ygug	未知飞键、非音码或读音集合未覆盖；不猜测
鲸凉鹤1.1手心挂接.txt	余生	ygug	ygug	未知飞键、非音码或读音集合未覆盖；不猜测
鲸凉鹤1.1手心挂接.txt	鱼生	ygug	ygug	未知飞键、非音码或读音集合未覆盖；不猜测
鲸凉鹤1.1手心挂接.txt	遇上	yguh	yguh	未知飞键、非音码或读音集合未覆盖；不猜测
鲸凉鹤1.1手心挂接.txt	于是	ygui	ygui	未知飞键、非音码或读音集合未覆盖；不猜测
鲸凉鹤1.1手心挂接.txt	御史	ygui	ygui	未知飞键、非音码或读音集合未覆盖；不猜测
鲸凉鹤1.1手心挂接.txt	浴室	ygui	ygui	未知飞键、非音码或读音集合未覆盖；不猜测
鲸凉鹤1.1手心挂接.txt	预示	ygui	ygui	未知飞键、非音码或读音集合未覆盖；不猜测
鲸凉鹤1.1手心挂接.txt	羽扇	yguj	yguj	未知飞键、非音码或读音集合未覆盖；不猜测
鲸凉鹤1.1手心挂接.txt	御膳	yguj	yguj	未知飞键、非音码或读音集合未覆盖；不猜测
鲸凉鹤1.1手心挂接.txt	于帅	yguk	yguk	未知飞键、非音码或读音集合未覆盖；不猜测
鲸凉鹤1.1手心挂接.txt	玉霜	ygul	ygul	未知飞键、非音码或读音集合未覆盖；不猜测
鲸凉鹤1.1手心挂接.txt	欲说	yguo	yguo	未知飞键、非音码或读音集合未覆盖；不猜测
鲸凉鹤1.1手心挂接.txt	羽扇	ygus	ygus	未知飞键、非音码或读音集合未覆盖；不猜测
鲸凉鹤1.1手心挂接.txt	御膳	ygus	ygus	未知飞键、非音码或读音集合未覆盖；不猜测
鲸凉鹤1.1手心挂接.txt	榆树	yguu	yguu	未知飞键、非音码或读音集合未覆盖；不猜测
鲸凉鹤1.1手心挂接.txt	余数	yguu	yguu	未知飞键、非音码或读音集合未覆盖；不猜测
鲸凉鹤1.1手心挂接.txt	雨水	yguv	yguv	未知飞键、非音码或读音集合未覆盖；不猜测
鲸凉鹤1.1手心挂接.txt	遇水	yguv	yguv	未知飞键、非音码或读音集合未覆盖；不猜测
鲸凉鹤1.1手心挂接.txt	与谁	yguw	yguw	未知飞键、非音码或读音集合未覆盖；不猜测
鲸凉鹤1.1手心挂接.txt	雨刷	ygux	ygux	未知飞键、非音码或读音集合未覆盖；不猜测
鲸凉鹤1.1手心挂接.txt	预售	yguz	yguz	未知飞键、非音码或读音集合未覆盖；不猜测
鲸凉鹤1.1手心挂接.txt	玉手	yguz	yguz	未知飞键、非音码或读音集合未覆盖；不猜测
鲸凉鹤1.1手心挂接.txt	御兽	yguz	yguz	未知飞键、非音码或读音集合未覆盖；不猜测
鲸凉鹤1.1手心挂接.txt	御札	ygva	ygva	未知飞键、非音码或读音集合未覆盖；不猜测
鲸凉鹤1.1手心挂接.txt	预兆	ygvc	ygvc	未知飞键、非音码或读音集合未覆盖；不猜测
鲸凉鹤1.1手心挂接.txt	玉照	ygvc	ygvc	未知飞键、非音码或读音集合未覆盖；不猜测
鲸凉鹤1.1手心挂接.txt	御宅	ygvd	ygvd	未知飞键、非音码或读音集合未覆盖；不猜测
鲸凉鹤1.1手心挂接.txt	遇着	ygve	ygve	未知飞键、非音码或读音集合未覆盖；不猜测
鲸凉鹤1.1手心挂接.txt	愚者	ygve	ygve	未知飞键、非音码或读音集合未覆盖；不猜测
鲸凉鹤1.1手心挂接.txt	余震	ygvf	ygvf	未知飞键、非音码或读音集合未覆盖；不猜测
鲸凉鹤1.1手心挂接.txt	玉枕	ygvf	ygvf	未知飞键、非音码或读音集合未覆盖；不猜测
鲸凉鹤1.1手心挂接.txt	狱长	ygvh	ygvh	未知飞键、非音码或读音集合未覆盖；不猜测
鲸凉鹤1.1手心挂接.txt	预知	ygvi	ygvi	未知飞键、非音码或读音集合未覆盖；不猜测
鲸凉鹤1.1手心挂接.txt	阈值	ygvi	ygvi	未知飞键、非音码或读音集合未覆盖；不猜测
鲸凉鹤1.1手心挂接.txt	预支	ygvi	ygvi	未知飞键、非音码或读音集合未覆盖；不猜测
鲸凉鹤1.1手心挂接.txt	预装	ygvl	ygvl	未知飞键、非音码或读音集合未覆盖；不猜测
鲸凉鹤1.1手心挂接.txt	鱼庄	ygvl	ygvl	未知飞键、非音码或读音集合未覆盖；不猜测
鲸凉鹤1.1手心挂接.txt	玉镯	ygvo	ygvo	未知飞键、非音码或读音集合未覆盖；不猜测
鲸凉鹤1.1手心挂接.txt	雨中	ygvs	ygvs	未知飞键、非音码或读音集合未覆盖；不猜测
鲸凉鹤1.1手心挂接.txt	语种	ygvs	ygvs	未知飞键、非音码或读音集合未覆盖；不猜测
鲸凉鹤1.1手心挂接.txt	预祝	ygvu	ygvu	未知飞键、非音码或读音集合未覆盖；不猜测
鲸凉鹤1.1手心挂接.txt	雨珠	ygvu	ygvu	未知飞键、非音码或读音集合未覆盖；不猜测
鲸凉鹤1.1手心挂接.txt	宇宙	ygvz	ygvz	未知飞键、非音码或读音集合未覆盖；不猜测
鲸凉鹤1.1手心挂接.txt	渔舟	ygvz	ygvz	未知飞键、非音码或读音集合未覆盖；不猜测
鲸凉鹤1.1手心挂接.txt	鱼粥	ygvz	ygvz	未知飞键、非音码或读音集合未覆盖；不猜测
鲸凉鹤1.1手心挂接.txt	雨蛙	ygwa	ygwa	未知飞键、非音码或读音集合未覆盖；不猜测
鲸凉鹤1.1手心挂接.txt	域外	ygwd	ygwd	未知飞键、非音码或读音集合未覆盖；不猜测
鲸凉鹤1.1手心挂接.txt	语文	ygwf	ygwf	未知飞键、非音码或读音集合未覆盖；不猜测
鲸凉鹤1.1手心挂接.txt	宇文	ygwf	ygwf	未知飞键、非音码或读音集合未覆盖；不猜测
鲸凉鹤1.1手心挂接.txt	余温	ygwf	ygwf	未知飞键、非音码或读音集合未覆盖；不猜测
鲸凉鹤1.1手心挂接.txt	渔翁	ygwg	ygwg	未知飞键、非音码或读音集合未覆盖；不猜测
鲸凉鹤1.1手心挂接.txt	欲望	ygwh	ygwh	未知飞键、非音码或读音集合未覆盖；不猜测
鲸凉鹤1.1手心挂接.txt	渔网	ygwh	ygwh	未知飞键、非音码或读音集合未覆盖；不猜测
鲸凉鹤1.1手心挂接.txt	鱼丸	ygwj	ygwj	未知飞键、非音码或读音集合未覆盖；不猜测
鲸凉鹤1.1手心挂接.txt	鱼湾	ygwj	ygwj	未知飞键、非音码或读音集合未覆盖；不猜测
鲸凉鹤1.1手心挂接.txt	雨雾	ygwu	ygwu	未知飞键、非音码或读音集合未覆盖；不猜测
鲸凉鹤1.1手心挂接.txt	誉为	ygww	ygww	未知飞键、非音码或读音集合未覆盖；不猜测
鲸凉鹤1.1手心挂接.txt	鱼尾	ygww	ygww	未知飞键、非音码或读音集合未覆盖；不猜测
鲸凉鹤1.1手心挂接.txt	余威	ygww	ygww	未知飞键、非音码或读音集合未覆盖；不猜测
鲸凉鹤1.1手心挂接.txt	于心	ygxb	ygxb	未知飞键、非音码或读音集合未覆盖；不猜测
鲸凉鹤1.1手心挂接.txt	预习	ygxi	ygxi	未知飞键、非音码或读音集合未覆盖；不猜测
鲸凉鹤1.1手心挂接.txt	玉玺	ygxi	ygxi	未知飞键、非音码或读音集合未覆盖；不猜测
鲸凉鹤1.1手心挂接.txt	遇袭	ygxi	ygxi	未知飞键、非音码或读音集合未覆盖；不猜测
鲸凉鹤1.1手心挂接.txt	玉溪	ygxi	ygxi	未知飞键、非音码或读音集合未覆盖；不猜测
鲸凉鹤1.1手心挂接.txt	鱼腥	ygxk	ygxk	未知飞键、非音码或读音集合未覆盖；不猜测
鲸凉鹤1.1手心挂接.txt	欲行	ygxk	ygxk	未知飞键、非音码或读音集合未覆盖；不猜测
鲸凉鹤1.1手心挂接.txt	预想	ygxl	ygxl	未知飞键、非音码或读音集合未覆盖；不猜测
鲸凉鹤1.1手心挂接.txt	雨巷	ygxl	ygxl	未知飞键、非音码或读音集合未覆盖；不猜测
鲸凉鹤1.1手心挂接.txt	余香	ygxl	ygxl	未知飞键、非音码或读音集合未覆盖；不猜测
鲸凉鹤1.1手心挂接.txt	预先	ygxm	ygxm	未知飞键、非音码或读音集合未覆盖；不猜测
鲸凉鹤1.1手心挂接.txt	遇险	ygxm	ygxm	未知飞键、非音码或读音集合未覆盖；不猜测
鲸凉鹤1.1手心挂接.txt	鱼线	ygxm	ygxm	未知飞键、非音码或读音集合未覆盖；不猜测
鲸凉鹤1.1手心挂接.txt	余弦	ygxm	ygxm	未知飞键、非音码或读音集合未覆盖；不猜测
鲸凉鹤1.1手心挂接.txt	玉箫	ygxn	ygxn	未知飞键、非音码或读音集合未覆盖；不猜测
鲸凉鹤1.1手心挂接.txt	愚孝	ygxn	ygxn	未知飞键、非音码或读音集合未覆盖；不猜测
鲸凉鹤1.1手心挂接.txt	毓秀	ygxo	ygxo	未知飞键、非音码或读音集合未覆盖；不猜测
鲸凉鹤1.1手心挂接.txt	雨鞋	ygxp	ygxp	未知飞键、非音码或读音集合未覆盖；不猜测
鲸凉鹤1.1手心挂接.txt	羽协	ygxp	ygxp	未知飞键、非音码或读音集合未覆盖；不猜测
鲸凉鹤1.1手心挂接.txt	毓秀	ygxq	ygxq	未知飞键、非音码或读音集合未覆盖；不猜测
鲸凉鹤1.1手心挂接.txt	预选	ygxr	ygxr	未知飞键、非音码或读音集合未覆盖；不猜测
鲸凉鹤1.1手心挂接.txt	愚兄	ygxs	ygxs	未知飞键、非音码或读音集合未覆盖；不猜测
鲸凉鹤1.1手心挂接.txt	淤血	ygxt	ygxt	未知飞键、非音码或读音集合未覆盖；不猜测
鲸凉鹤1.1手心挂接.txt	雨雪	ygxt	ygxt	未知飞键、非音码或读音集合未覆盖；不猜测
鲸凉鹤1.1手心挂接.txt	语序	ygxu	ygxu	未知飞键、非音码或读音集合未覆盖；不猜测
鲸凉鹤1.1手心挂接.txt	玉虚	ygxu	ygxu	未知飞键、非音码或读音集合未覆盖；不猜测
鲸凉鹤1.1手心挂接.txt	余下	ygxx	ygxx	未知飞键、非音码或读音集合未覆盖；不猜测
鲸凉鹤1.1手心挂接.txt	鱼虾	ygxx	ygxx	未知飞键、非音码或读音集合未覆盖；不猜测
鲸凉鹤1.1手心挂接.txt	鱼汛	ygxy	ygxy	未知飞键、非音码或读音集合未覆盖；不猜测
鲸凉鹤1.1手心挂接.txt	语音	ygyb	ygyb	未知飞键、非音码或读音集合未覆盖；不猜测
鲸凉鹤1.1手心挂接.txt	余音	ygyb	ygyb	未知飞键、非音码或读音集合未覆盖；不猜测
鲸凉鹤1.1手心挂接.txt	玉音	ygyb	ygyb	未知飞键、非音码或读音集合未覆盖；不猜测
鲸凉鹤1.1手心挂接.txt	余姚	ygyc	ygyc	未知飞键、非音码或读音集合未覆盖；不猜测
鲸凉鹤1.1手心挂接.txt	鱼妖	ygyc	ygyc	未知飞键、非音码或读音集合未覆盖；不猜测
鲸凉鹤1.1手心挂接.txt	雨夜	ygye	ygye	未知飞键、非音码或读音集合未覆盖；不猜测
鲸凉鹤1.1手心挂接.txt	渔业	ygye	ygye	未知飞键、非音码或读音集合未覆盖；不猜测
鲸凉鹤1.1手心挂接.txt	语言	ygyf	ygyf	未知飞键、非音码或读音集合未覆盖；不猜测
鲸凉鹤1.1手心挂接.txt	预言	ygyf	ygyf	未知飞键、非音码或读音集合未覆盖；不猜测
鲸凉鹤1.1手心挂接.txt	寓言	ygyf	ygyf	未知飞键、非音码或读音集合未覆盖；不猜测
鲸凉鹤1.1手心挂接.txt	预演	ygyf	ygyf	未知飞键、非音码或读音集合未覆盖；不猜测
鲸凉鹤1.1手心挂接.txt	郁郁	ygyg	ygyg	未知飞键、非音码或读音集合未覆盖；不猜测
鲸凉鹤1.1手心挂接.txt	余裕	ygyg	ygyg	未知飞键、非音码或读音集合未覆盖；不猜测
鲸凉鹤1.1手心挂接.txt	玉玉	ygyg	ygyg	未知飞键、非音码或读音集合未覆盖；不猜测
鲸凉鹤1.1手心挂接.txt	育秧	ygyh	ygyh	未知飞键、非音码或读音集合未覆盖；不猜测
鲸凉鹤1.1手心挂接.txt	予以	ygyi	ygyi	未知飞键、非音码或读音集合未覆盖；不猜测
鲸凉鹤1.1手心挂接.txt	寓意	ygyi	ygyi	未知飞键、非音码或读音集合未覆盖；不猜测
鲸凉鹤1.1手心挂接.txt	羽翼	ygyi	ygyi	未知飞键、非音码或读音集合未覆盖；不猜测
鲸凉鹤1.1手心挂接.txt	雨衣	ygyi	ygyi	未知飞键、非音码或读音集合未覆盖；不猜测
鲸凉鹤1.1手心挂接.txt	语言	ygyj	ygyj	未知飞键、非音码或读音集合未覆盖；不猜测
鲸凉鹤1.1手心挂接.txt	预言	ygyj	ygyj	未知飞键、非音码或读音集合未覆盖；不猜测
鲸凉鹤1.1手心挂接.txt	寓言	ygyj	ygyj	未知飞键、非音码或读音集合未覆盖；不猜测
鲸凉鹤1.1手心挂接.txt	预演	ygyj	ygyj	未知飞键、非音码或读音集合未覆盖；不猜测
鲸凉鹤1.1手心挂接.txt	芋圆	ygyr	ygyr	未知飞键、非音码或读音集合未覆盖；不猜测
鲸凉鹤1.1手心挂接.txt	豫园	ygyr	ygyr	未知飞键、非音码或读音集合未覆盖；不猜测
鲸凉鹤1.1手心挂接.txt	御用	ygys	ygys	未知飞键、非音码或读音集合未覆盖；不猜测
鲸凉鹤1.1手心挂接.txt	愉悦	ygyt	ygyt	未知飞键、非音码或读音集合未覆盖；不猜测
鲸凉鹤1.1手心挂接.txt	预约	ygyt	ygyt	未知飞键、非音码或读音集合未覆盖；不猜测
鲸凉鹤1.1手心挂接.txt	逾越	ygyt	ygyt	未知飞键、非音码或读音集合未覆盖；不猜测
鲸凉鹤1.1手心挂接.txt	鱼跃	ygyt	ygyt	未知飞键、非音码或读音集合未覆盖；不猜测
鲸凉鹤1.1手心挂接.txt	余韵	ygyy	ygyy	未知飞键、非音码或读音集合未覆盖；不猜测
鲸凉鹤1.1手心挂接.txt	鱼油	ygyz	ygyz	未知飞键、非音码或读音集合未覆盖；不猜测
鲸凉鹤1.1手心挂接.txt	狱友	ygyz	ygyz	未知飞键、非音码或读音集合未覆盖；不猜测
鲸凉鹤1.1手心挂接.txt	育有	ygyz	ygyz	未知飞键、非音码或读音集合未覆盖；不猜测
鲸凉鹤1.1手心挂接.txt	预早	ygzc	ygzc	未知飞键、非音码或读音集合未覆盖；不猜测
鲸凉鹤1.1手心挂接.txt	玉藻	ygzc	ygzc	未知飞键、非音码或读音集合未覆盖；不猜测
鲸凉鹤1.1手心挂接.txt	预载	ygzd	ygzd	未知飞键、非音码或读音集合未覆盖；不猜测
鲸凉鹤1.1手心挂接.txt	遇则	ygze	ygze	未知飞键、非音码或读音集合未覆盖；不猜测
鲸凉鹤1.1手心挂接.txt	预增	ygzg	ygzg	未知飞键、非音码或读音集合未覆盖；不猜测
鲸凉鹤1.1手心挂接.txt	鱼籽	ygzi	ygzi	未知飞键、非音码或读音集合未覆盖；不猜测
鲸凉鹤1.1手心挂接.txt	玉子	ygzi	ygzi	未知飞键、非音码或读音集合未覆盖；不猜测
鲸凉鹤1.1手心挂接.txt	玉簪	ygzj	ygzj	未知飞键、非音码或读音集合未覆盖；不猜测
鲸凉鹤1.1手心挂接.txt	于总	ygzl	ygzl	未知飞键、非音码或读音集合未覆盖；不猜测
鲸凉鹤1.1手心挂接.txt	御座	ygzo	ygzo	未知飞键、非音码或读音集合未覆盖；不猜测
鲸凉鹤1.1手心挂接.txt	余座	ygzo	ygzo	未知飞键、非音码或读音集合未覆盖；不猜测
鲸凉鹤1.1手心挂接.txt	于总	ygzs	ygzs	未知飞键、非音码或读音集合未覆盖；不猜测
鲸凉鹤1.1手心挂接.txt	狱卒	ygzu	ygzu	未知飞键、非音码或读音集合未覆盖；不猜测
鲸凉鹤1.1手心挂接.txt	遇阻	ygzu	ygzu	未知飞键、非音码或读音集合未覆盖；不猜测
鲸凉鹤1.1手心挂接.txt	玉足	ygzu	ygzu	未知飞键、非音码或读音集合未覆盖；不猜测
鲸凉鹤1.1手心挂接.txt	鸑鷟	ygzu	ygzu	未知飞键、非音码或读音集合未覆盖；不猜测
鲸凉鹤1.1手心挂接.txt	鱼嘴	ygzv	ygzv	未知飞键、非音码或读音集合未覆盖；不猜测
鲸凉鹤1.1手心挂接.txt	余罪	ygzv	ygzv	未知飞键、非音码或读音集合未覆盖；不猜测
鲸凉鹤1.1手心挂接.txt	洋葱	yhcl	yhcl	未知飞键、非音码或读音集合未覆盖；不猜测
鲸凉鹤1.1手心挂接.txt	羊刀	yhdl	yhdl	未知飞键、非音码或读音集合未覆盖；不猜测
鲸凉鹤1.1手心挂接.txt	养到	yhdl	yhdl	未知飞键、非音码或读音集合未覆盖；不猜测
鲸凉鹤1.1手心挂接.txt	洋屌	yhdn	yhdn	未知飞键、非音码或读音集合未覆盖；不猜测
鲸凉鹤1.1手心挂接.txt	养龟	yhgi	yhgi	未知飞键、非音码或读音集合未覆盖；不猜测
鲸凉鹤1.1手心挂接.txt	样柜	yhgi	yhgi	未知飞键、非音码或读音集合未覆盖；不猜测
鲸凉鹤1.1手心挂接.txt	阳关	yhgp	yhgp	未知飞键、非音码或读音集合未覆盖；不猜测
鲸凉鹤1.1手心挂接.txt	仰观	yhgp	yhgp	未知飞键、非音码或读音集合未覆盖；不猜测
鲸凉鹤1.1手心挂接.txt	羊倌	yhgp	yhgp	未知飞键、非音码或读音集合未覆盖；不猜测
鲸凉鹤1.1手心挂接.txt	阳间	yhjz	yhjz	未知飞键、非音码或读音集合未覆盖；不猜测
鲸凉鹤1.1手心挂接.txt	杨戬	yhjz	yhjz	未知飞键、非音码或读音集合未覆盖；不猜测
鲸凉鹤1.1手心挂接.txt	样件	yhjz	yhjz	未知飞键、非音码或读音集合未覆盖；不猜测
鲸凉鹤1.1手心挂接.txt	杨曼	yhmr	yhmr	未知飞键、非音码或读音集合未覆盖；不猜测
鲸凉鹤1.1手心挂接.txt	仰慕	yhmx	yhmx	未知飞键、非音码或读音集合未覆盖；不猜测
鲸凉鹤1.1手心挂接.txt	养母	yhmx	yhmx	未知飞键、非音码或读音集合未覆盖；不猜测
鲸凉鹤1.1手心挂接.txt	杨楠	yhnz	yhnz	未知飞键、非音码或读音集合未覆盖；不猜测
鲸凉鹤1.1手心挂接.txt	羊皮	yhpe	yhpe	未知飞键、非音码或读音集合未覆盖；不猜测
鲸凉鹤1.1手心挂接.txt	阳坡	yhps	yhps	未知飞键、非音码或读音集合未覆盖；不猜测
鲸凉鹤1.1手心挂接.txt	阳平	yhpx	yhpx	未知飞键、非音码或读音集合未覆盖；不猜测
鲸凉鹤1.1手心挂接.txt	扬起	yhqe	yhqe	未知飞键、非音码或读音集合未覆盖；不猜测
鲸凉鹤1.1手心挂接.txt	羊腿	yhtl	yhtl	未知飞键、非音码或读音集合未覆盖；不猜测
鲸凉鹤1.1手心挂接.txt	杨峥	yhvk	yhvk	未知飞键、非音码或读音集合未覆盖；不猜测
鲸凉鹤1.1手心挂接.txt	扬言	yhyf	yhyf	未知飞键、非音码或读音集合未覆盖；不猜测
鲸凉鹤1.1手心挂接.txt	养眼	yhyf	yhyf	未知飞键、非音码或读音集合未覆盖；不猜测
鲸凉鹤1.1手心挂接.txt	养颜	yhyf	yhyf	未知飞键、非音码或读音集合未覆盖；不猜测
鲸凉鹤1.1手心挂接.txt	养育	yhyg	yhyg	未知飞键、非音码或读音集合未覆盖；不猜测
鲸凉鹤1.1手心挂接.txt	养鱼	yhyg	yhyg	未知飞键、非音码或读音集合未覆盖；不猜测
鲸凉鹤1.1手心挂接.txt	洋芋	yhyg	yhyg	未知飞键、非音码或读音集合未覆盖；不猜测
鲸凉鹤1.1手心挂接.txt	杨总	yhzl	yhzl	未知飞键、非音码或读音集合未覆盖；不猜测
鲸凉鹤1.1手心挂接.txt	依从	yicl	yicl	未知飞键、非音码或读音集合未覆盖；不猜测
鲸凉鹤1.1手心挂接.txt	已从	yicl	yicl	未知飞键、非音码或读音集合未覆盖；不猜测
鲸凉鹤1.1手心挂接.txt	已到	yidl	yidl	未知飞键、非音码或读音集合未覆盖；不猜测
鲸凉鹤1.1手心挂接.txt	移到	yidl	yidl	未知飞键、非音码或读音集合未覆盖；不猜测
鲸凉鹤1.1手心挂接.txt	胰岛	yidl	yidl	未知飞键、非音码或读音集合未覆盖；不猜测
鲸凉鹤1.1手心挂接.txt	一道	yidl	yidl	未知飞键、非音码或读音集合未覆盖；不猜测
鲸凉鹤1.1手心挂接.txt	衣柜	yigi	yigi	未知飞键、非音码或读音集合未覆盖；不猜测
鲸凉鹤1.1手心挂接.txt	一贯	yigp	yigp	未知飞键、非音码或读音集合未覆盖；不猜测
鲸凉鹤1.1手心挂接.txt	衣冠	yigp	yigp	未知飞键、非音码或读音集合未覆盖；不猜测
鲸凉鹤1.1手心挂接.txt	医馆	yigp	yigp	未知飞键、非音码或读音集合未覆盖；不猜测
鲸凉鹤1.1手心挂接.txt	一道	yijf	yijf	未知飞键、非音码或读音集合未覆盖；不猜测
鲸凉鹤1.1手心挂接.txt	驿道	yijf	yijf	未知飞键、非音码或读音集合未覆盖；不猜测
鲸凉鹤1.1手心挂接.txt	意见	yijz	yijz	未知飞键、非音码或读音集合未覆盖；不猜测
鲸凉鹤1.1手心挂接.txt	一件	yijz	yijz	未知飞键、非音码或读音集合未覆盖；不猜测
鲸凉鹤1.1手心挂接.txt	一间	yijz	yijz	未知飞键、非音码或读音集合未覆盖；不猜测
鲸凉鹤1.1手心挂接.txt	一列	yilf	yilf	未知飞键、非音码或读音集合未覆盖；不猜测
鲸凉鹤1.1手心挂接.txt	已满	yimr	yimr	未知飞键、非音码或读音集合未覆盖；不猜测
鲸凉鹤1.1手心挂接.txt	一幕	yimx	yimx	未知飞键、非音码或读音集合未覆盖；不猜测
鲸凉鹤1.1手心挂接.txt	姨母	yimx	yimx	未知飞键、非音码或读音集合未覆盖；不猜测
鲸凉鹤1.1手心挂接.txt	义母	yimx	yimx	未知飞键、非音码或读音集合未覆盖；不猜测
鲸凉鹤1.1手心挂接.txt	一亩	yimx	yimx	未知飞键、非音码或读音集合未覆盖；不猜测
鲸凉鹤1.1手心挂接.txt	疑难	yinz	yinz	未知飞键、非音码或读音集合未覆盖；不猜测
鲸凉鹤1.1手心挂接.txt	以南	yinz	yinz	未知飞键、非音码或读音集合未覆盖；不猜测
鲸凉鹤1.1手心挂接.txt	沂南	yinz	yinz	未知飞键、非音码或读音集合未覆盖；不猜测
鲸凉鹤1.1手心挂接.txt	一批	yipe	yipe	未知飞键、非音码或读音集合未覆盖；不猜测
鲸凉鹤1.1手心挂接.txt	一匹	yipe	yipe	未知飞键、非音码或读音集合未覆盖；不猜测
鲸凉鹤1.1手心挂接.txt	姨婆	yips	yips	未知飞键、非音码或读音集合未覆盖；不猜测
鲸凉鹤1.1手心挂接.txt	夷平	yipx	yipx	未知飞键、非音码或读音集合未覆盖；不猜测
鲸凉鹤1.1手心挂接.txt	一瓶	yipx	yipx	未知飞键、非音码或读音集合未覆盖；不猜测
鲸凉鹤1.1手心挂接.txt	一起	yiqe	yiqe	未知飞键、非音码或读音集合未覆盖；不猜测
鲸凉鹤1.1手心挂接.txt	意洽	yiqo	yiqo	未知飞键、非音码或读音集合未覆盖；不猜测
鲸凉鹤1.1手心挂接.txt	已退	yitl	yitl	未知飞键、非音码或读音集合未覆盖；不猜测
鲸凉鹤1.1手心挂接.txt	衣衫	yius	yius	未知飞键、非音码或读音集合未覆盖；不猜测
鲸凉鹤1.1手心挂接.txt	移山	yius	yius	未知飞键、非音码或读音集合未覆盖；不猜测
鲸凉鹤1.1手心挂接.txt	议政	yivk	yivk	未知飞键、非音码或读音集合未覆盖；不猜测
鲸凉鹤1.1手心挂接.txt	癔症	yivk	yivk	未知飞键、非音码或读音集合未覆盖；不猜测
鲸凉鹤1.1手心挂接.txt	臆症	yivk	yivk	未知飞键、非音码或读音集合未覆盖；不猜测
鲸凉鹤1.1手心挂接.txt	意向	yixj	yixj	未知飞键、非音码或读音集合未覆盖；不猜测
鲸凉鹤1.1手心挂接.txt	已向	yixj	yixj	未知飞键、非音码或读音集合未覆盖；不猜测
鲸凉鹤1.1手心挂接.txt	衣袖	yixo	yixo	未知飞键、非音码或读音集合未覆盖；不猜测
鲸凉鹤1.1手心挂接.txt	遗言	yiyf	yiyf	未知飞键、非音码或读音集合未覆盖；不猜测
鲸凉鹤1.1手心挂接.txt	义眼	yiyf	yiyf	未知飞键、非音码或读音集合未覆盖；不猜测
鲸凉鹤1.1手心挂接.txt	义演	yiyf	yiyf	未知飞键、非音码或读音集合未覆盖；不猜测
鲸凉鹤1.1手心挂接.txt	抑郁	yiyg	yiyg	未知飞键、非音码或读音集合未覆盖；不猜测
鲸凉鹤1.1手心挂接.txt	异域	yiyg	yiyg	未知飞键、非音码或读音集合未覆盖；不猜测
鲸凉鹤1.1手心挂接.txt	易于	yiyg	yiyg	未知飞键、非音码或读音集合未覆盖；不猜测
鲸凉鹤1.1手心挂接.txt	一宗	yizl	yizl	未知飞键、非音码或读音集合未覆盖；不猜测
鲸凉鹤1.1手心挂接.txt	遗踪	yizl	yizl	未知飞键、非音码或读音集合未覆盖；不猜测
鲸凉鹤1.1手心挂接.txt	医宗	yizl	yizl	未知飞键、非音码或读音集合未覆盖；不猜测
鲸凉鹤1.1手心挂接.txt	烟囱	yjcl	yjcl	未知飞键、非音码或读音集合未覆盖；不猜测
鲸凉鹤1.1手心挂接.txt	言道	yjdl	yjdl	未知飞键、非音码或读音集合未覆盖；不猜测
鲸凉鹤1.1手心挂接.txt	严打	yjdw	yjdw	未知飞键、非音码或读音集合未覆盖；不猜测
鲸凉鹤1.1手心挂接.txt	烟鬼	yjgi	yjgi	未知飞键、非音码或读音集合未覆盖；不猜测
鲸凉鹤1.1手心挂接.txt	眼观	yjgp	yjgp	未知飞键、非音码或读音集合未覆盖；不猜测
鲸凉鹤1.1手心挂接.txt	严管	yjgp	yjgp	未知飞键、非音码或读音集合未覆盖；不猜测
鲸凉鹤1.1手心挂接.txt	烟管	yjgp	yjgp	未知飞键、非音码或读音集合未覆盖；不猜测
鲸凉鹤1.1手心挂接.txt	烟道	yjjf	yjjf	未知飞键、非音码或读音集合未覆盖；不猜测
鲸凉鹤1.1手心挂接.txt	言道	yjjf	yjjf	未知飞键、非音码或读音集合未覆盖；不猜测
鲸凉鹤1.1手心挂接.txt	眼见	yjjz	yjjz	未知飞键、非音码或读音集合未覆盖；不猜测
鲸凉鹤1.1手心挂接.txt	眼睑	yjjz	yjjz	未知飞键、非音码或读音集合未覆盖；不猜测
鲸凉鹤1.1手心挂接.txt	眼尖	yjjz	yjjz	未知飞键、非音码或读音集合未覆盖；不猜测
鲸凉鹤1.1手心挂接.txt	盐碱	yjjz	yjjz	未知飞键、非音码或读音集合未覆盖；不猜测
鲸凉鹤1.1手心挂接.txt	眼裂	yjlf	yjlf	未知飞键、非音码或读音集合未覆盖；不猜测
鲸凉鹤1.1手心挂接.txt	烟幕	yjmx	yjmx	未知飞键、非音码或读音集合未覆盖；不猜测
鲸凉鹤1.1手心挂接.txt	雁南	yjnz	yjnz	未知飞键、非音码或读音集合未覆盖；不猜测
鲸凉鹤1.1手心挂接.txt	眼皮	yjpe	yjpe	未知飞键、非音码或读音集合未覆盖；不猜测
鲸凉鹤1.1手心挂接.txt	沿坡	yjps	yjps	未知飞键、非音码或读音集合未覆盖；不猜测
鲸凉鹤1.1手心挂接.txt	燕山	yjus	yjus	未知飞键、非音码或读音集合未覆盖；不猜测
鲸凉鹤1.1手心挂接.txt	验证	yjvk	yjvk	未知飞键、非音码或读音集合未覆盖；不猜测
鲸凉鹤1.1手心挂接.txt	炎症	yjvk	yjvk	未知飞键、非音码或读音集合未覆盖；不猜测
鲸凉鹤1.1手心挂接.txt	严正	yjvk	yjvk	未知飞键、非音码或读音集合未覆盖；不猜测
鲸凉鹤1.1手心挂接.txt	研修	yjxo	yjxo	未知飞键、非音码或读音集合未覆盖；不猜测
鲸凉鹤1.1手心挂接.txt	言语	yjyg	yjyg	未知飞键、非音码或读音集合未覆盖；不猜测
鲸凉鹤1.1手心挂接.txt	烟雨	yjyg	yjyg	未知飞键、非音码或读音集合未覆盖；不猜测
鲸凉鹤1.1手心挂接.txt	应从	ykcl	ykcl	未知飞键、非音码或读音集合未覆盖；不猜测
鲸凉鹤1.1手心挂接.txt	应道	ykdl	ykdl	未知飞键、非音码或读音集合未覆盖；不猜测
鲸凉鹤1.1手心挂接.txt	应到	ykdl	ykdl	未知飞键、非音码或读音集合未覆盖；不猜测
鲸凉鹤1.1手心挂接.txt	硬打	ykdw	ykdw	未知飞键、非音码或读音集合未覆盖；不猜测
鲸凉鹤1.1手心挂接.txt	英打	ykdw	ykdw	未知飞键、非音码或读音集合未覆盖；不猜测
鲸凉鹤1.1手心挂接.txt	英规	ykgi	ykgi	未知飞键、非音码或读音集合未覆盖；不猜测
鲸凉鹤1.1手心挂接.txt	英冠	ykgp	ykgp	未知飞键、非音码或读音集合未覆盖；不猜测
鲸凉鹤1.1手心挂接.txt	缨冠	ykgp	ykgp	未知飞键、非音码或读音集合未覆盖；不猜测
鲸凉鹤1.1手心挂接.txt	应道	ykjf	ykjf	未知飞键、非音码或读音集合未覆盖；不猜测
鲸凉鹤1.1手心挂接.txt	硬件	ykjz	ykjz	未知飞键、非音码或读音集合未覆盖；不猜测
鲸凉鹤1.1手心挂接.txt	英烈	yklf	yklf	未知飞键、非音码或读音集合未覆盖；不猜测
鲸凉鹤1.1手心挂接.txt	赢咯	yklo	yklo	未知飞键、非音码或读音集合未覆盖；不猜测
鲸凉鹤1.1手心挂接.txt	盈满	ykmr	ykmr	未知飞键、非音码或读音集合未覆盖；不猜测
鲸凉鹤1.1手心挂接.txt	樱木	ykmx	ykmx	未知飞键、非音码或读音集合未覆盖；不猜测
鲸凉鹤1.1手心挂接.txt	英男	yknz	yknz	未知飞键、非音码或读音集合未覆盖；不猜测
鲸凉鹤1.1手心挂接.txt	硬皮	ykpe	ykpe	未知飞键、非音码或读音集合未覆盖；不猜测
鲸凉鹤1.1手心挂接.txt	英魄	ykps	ykps	未知飞键、非音码或读音集合未覆盖；不猜测
鲸凉鹤1.1手心挂接.txt	影评	ykpx	ykpx	未知飞键、非音码或读音集合未覆盖；不猜测
鲸凉鹤1.1手心挂接.txt	荧屏	ykpx	ykpx	未知飞键、非音码或读音集合未覆盖；不猜测
鲸凉鹤1.1手心挂接.txt	营山	ykus	ykus	未知飞键、非音码或读音集合未覆盖；不猜测
鲸凉鹤1.1手心挂接.txt	应征	ykvk	ykvk	未知飞键、非音码或读音集合未覆盖；不猜测
鲸凉鹤1.1手心挂接.txt	嬴政	ykvk	ykvk	未知飞键、非音码或读音集合未覆盖；不猜测
鲸凉鹤1.1手心挂接.txt	映秀	ykxo	ykxo	未知飞键、非音码或读音集合未覆盖；不猜测
鲸凉鹤1.1手心挂接.txt	颖秀	ykxo	ykxo	未知飞键、非音码或读音集合未覆盖；不猜测
鲸凉鹤1.1手心挂接.txt	应验	ykyf	ykyf	未知飞键、非音码或读音集合未覆盖；不猜测
鲸凉鹤1.1手心挂接.txt	鹰眼	ykyf	ykyf	未知飞键、非音码或读音集合未覆盖；不猜测
鲸凉鹤1.1手心挂接.txt	莺燕	ykyf	ykyf	未知飞键、非音码或读音集合未覆盖；不猜测
鲸凉鹤1.1手心挂接.txt	英语	ykyg	ykyg	未知飞键、非音码或读音集合未覆盖；不猜测
鲸凉鹤1.1手心挂接.txt	盈余	ykyg	ykyg	未知飞键、非音码或读音集合未覆盖；不猜测
鲸凉鹤1.1手心挂接.txt	应与	ykyg	ykyg	未知飞键、非音码或读音集合未覆盖；不猜测
鲸凉鹤1.1手心挂接.txt	应于	ykyg	ykyg	未知飞键、非音码或读音集合未覆盖；不猜测
鲸凉鹤1.1手心挂接.txt	影踪	ykzl	ykzl	未知飞键、非音码或读音集合未覆盖；不猜测
鲸凉鹤1.1手心挂接.txt	英宗	ykzl	ykzl	未知飞键、非音码或读音集合未覆盖；不猜测
鲸凉鹤1.1手心挂接.txt	眼力	ymli	ymli	未知飞键、非音码或读音集合未覆盖；不猜测
鲸凉鹤1.1手心挂接.txt	圆葱	yrcl	yrcl	未知飞键、非音码或读音集合未覆盖；不猜测
鲸凉鹤1.1手心挂接.txt	远道	yrdl	yrdl	未知飞键、非音码或读音集合未覆盖；不猜测
鲸凉鹤1.1手心挂接.txt	圆规	yrgi	yrgi	未知飞键、非音码或读音集合未覆盖；不猜测
鲸凉鹤1.1手心挂接.txt	冤鬼	yrgi	yrgi	未知飞键、非音码或读音集合未覆盖；不猜测
鲸凉鹤1.1手心挂接.txt	远观	yrgp	yrgp	未知飞键、非音码或读音集合未覆盖；不猜测
鲸凉鹤1.1手心挂接.txt	圆管	yrgp	yrgp	未知飞键、非音码或读音集合未覆盖；不猜测
鲸凉鹤1.1手心挂接.txt	远道	yrjf	yrjf	未知飞键、非音码或读音集合未覆盖；不猜测
鲸凉鹤1.1手心挂接.txt	原道	yrjf	yrjf	未知飞键、非音码或读音集合未覆盖；不猜测
鲸凉鹤1.1手心挂接.txt	远见	yrjz	yrjz	未知飞键、非音码或读音集合未覆盖；不猜测
鲸凉鹤1.1手心挂接.txt	元件	yrjz	yrjz	未知飞键、非音码或读音集合未覆盖；不猜测
鲸凉鹤1.1手心挂接.txt	原件	yrjz	yrjz	未知飞键、非音码或读音集合未覆盖；不猜测
鲸凉鹤1.1手心挂接.txt	圆满	yrmr	yrmr	未知飞键、非音码或读音集合未覆盖；不猜测
鲸凉鹤1.1手心挂接.txt	怨男	yrnz	yrnz	未知飞键、非音码或读音集合未覆盖；不猜测
鲸凉鹤1.1手心挂接.txt	原皮	yrpe	yrpe	未知飞键、非音码或读音集合未覆盖；不猜测
鲸凉鹤1.1手心挂接.txt	原批	yrpe	yrpe	未知飞键、非音码或读音集合未覆盖；不猜测
鲸凉鹤1.1手心挂接.txt	冤魄	yrps	yrps	未知飞键、非音码或读音集合未覆盖；不猜测
鲸凉鹤1.1手心挂接.txt	原平	yrpx	yrpx	未知飞键、非音码或读音集合未覆盖；不猜测
鲸凉鹤1.1手心挂接.txt	远山	yrus	yrus	未知飞键、非音码或读音集合未覆盖；不猜测
鲸凉鹤1.1手心挂接.txt	远征	yrvk	yrvk	未知飞键、非音码或读音集合未覆盖；不猜测
鲸凉鹤1.1手心挂接.txt	怨言	yryf	yryf	未知飞键、非音码或读音集合未覆盖；不猜测
鲸凉鹤1.1手心挂接.txt	原盐	yryf	yryf	未知飞键、非音码或读音集合未覆盖；不猜测
鲸凉鹤1.1手心挂接.txt	源于	yryg	yryg	未知飞键、非音码或读音集合未覆盖；不猜测
鲸凉鹤1.1手心挂接.txt	愿与	yryg	yryg	未知飞键、非音码或读音集合未覆盖；不猜测
鲸凉鹤1.1手心挂接.txt	缘于	yryg	yryg	未知飞键、非音码或读音集合未覆盖；不猜测
鲸凉鹤1.1手心挂接.txt	用到	ysdl	ysdl	未知飞键、非音码或读音集合未覆盖；不猜测
鲸凉鹤1.1手心挂接.txt	甬道	ysdl	ysdl	未知飞键、非音码或读音集合未覆盖；不猜测
鲸凉鹤1.1手心挂接.txt	用刀	ysdl	ysdl	未知飞键、非音码或读音集合未覆盖；不猜测
鲸凉鹤1.1手心挂接.txt	永贵	ysgi	ysgi	未知飞键、非音码或读音集合未覆盖；不猜测
鲸凉鹤1.1手心挂接.txt	用惯	ysgp	ysgp	未知飞键、非音码或读音集合未覆盖；不猜测
鲸凉鹤1.1手心挂接.txt	甬道	ysjf	ysjf	未知飞键、非音码或读音集合未覆盖；不猜测
鲸凉鹤1.1手心挂接.txt	用剑	ysjz	ysjz	未知飞键、非音码或读音集合未覆盖；不猜测
鲸凉鹤1.1手心挂接.txt	永南	ysnz	ysnz	未知飞键、非音码或读音集合未覆盖；不猜测
鲸凉鹤1.1手心挂接.txt	永平	yspx	yspx	未知飞键、非音码或读音集合未覆盖；不猜测
鲸凉鹤1.1手心挂接.txt	涌起	ysqe	ysqe	未知飞键、非音码或读音集合未覆盖；不猜测
鲸凉鹤1.1手心挂接.txt	勇退	ystl	ystl	未知飞键、非音码或读音集合未覆盖；不猜测
鲸凉鹤1.1手心挂接.txt	用腿	ystl	ystl	未知飞键、非音码或读音集合未覆盖；不猜测
鲸凉鹤1.1手心挂接.txt	用膳	ysus	ysus	未知飞键、非音码或读音集合未覆盖；不猜测
鲸凉鹤1.1手心挂接.txt	雍正	ysvk	ysvk	未知飞键、非音码或读音集合未覆盖；不猜测
鲸凉鹤1.1手心挂接.txt	庸政	ysvk	ysvk	未知飞键、非音码或读音集合未覆盖；不猜测
鲸凉鹤1.1手心挂接.txt	用之	ysvp	ysvp	未知飞键、非音码或读音集合未覆盖；不猜测
鲸凉鹤1.1手心挂接.txt	涌向	ysxj	ysxj	未知飞键、非音码或读音集合未覆盖；不猜测
鲸凉鹤1.1手心挂接.txt	永修	ysxo	ysxo	未知飞键、非音码或读音集合未覆盖；不猜测
鲸凉鹤1.1手心挂接.txt	用修	ysxo	ysxo	未知飞键、非音码或读音集合未覆盖；不猜测
鲸凉鹤1.1手心挂接.txt	用眼	ysyf	ysyf	未知飞键、非音码或读音集合未覆盖；不猜测
鲸凉鹤1.1手心挂接.txt	用于	ysyg	ysyg	未知飞键、非音码或读音集合未覆盖；不猜测
鲸凉鹤1.1手心挂接.txt	勇于	ysyg	ysyg	未知飞键、非音码或读音集合未覆盖；不猜测
鲸凉鹤1.1手心挂接.txt	用语	ysyg	ysyg	未知飞键、非音码或读音集合未覆盖；不猜测
鲸凉鹤1.1手心挂接.txt	鳙鱼	ysyg	ysyg	未知飞键、非音码或读音集合未覆盖；不猜测
鲸凉鹤1.1手心挂接.txt	约到	ytdl	ytdl	未知飞键、非音码或读音集合未覆盖；不猜测
鲸凉鹤1.1手心挂接.txt	越到	ytdl	ytdl	未知飞键、非音码或读音集合未覆盖；不猜测
鲸凉鹤1.1手心挂接.txt	越轨	ytgi	ytgi	未知飞键、非音码或读音集合未覆盖；不猜测
鲸凉鹤1.1手心挂接.txt	月桂	ytgi	ytgi	未知飞键、非音码或读音集合未覆盖；不猜测
鲸凉鹤1.1手心挂接.txt	越贵	ytgi	ytgi	未知飞键、非音码或读音集合未覆盖；不猜测
鲸凉鹤1.1手心挂接.txt	月关	ytgp	ytgp	未知飞键、非音码或读音集合未覆盖；不猜测
鲸凉鹤1.1手心挂接.txt	越囧	ytjs	ytjs	未知飞键、非音码或读音集合未覆盖；不猜测
鲸凉鹤1.1手心挂接.txt	约见	ytjz	ytjz	未知飞键、非音码或读音集合未覆盖；不猜测
鲸凉鹤1.1手心挂接.txt	越肩	ytjz	ytjz	未知飞键、非音码或读音集合未覆盖；不猜测
鲸凉鹤1.1手心挂接.txt	月检	ytjz	ytjz	未知飞键、非音码或读音集合未覆盖；不猜测
鲸凉鹤1.1手心挂接.txt	越慢	ytmr	ytmr	未知飞键、非音码或读音集合未覆盖；不猜测
鲸凉鹤1.1手心挂接.txt	约满	ytmr	ytmr	未知飞键、非音码或读音集合未覆盖；不猜测
鲸凉鹤1.1手心挂接.txt	岳母	ytmx	ytmx	未知飞键、非音码或读音集合未覆盖；不猜测
鲸凉鹤1.1手心挂接.txt	悦目	ytmx	ytmx	未知飞键、非音码或读音集合未覆盖；不猜测
鲸凉鹤1.1手心挂接.txt	越南	ytnz	ytnz	未知飞键、非音码或读音集合未覆盖；不猜测
鲸凉鹤1.1手心挂接.txt	阅批	ytpe	ytpe	未知飞键、非音码或读音集合未覆盖；不猜测
鲸凉鹤1.1手心挂接.txt	月破	ytps	ytps	未知飞键、非音码或读音集合未覆盖；不猜测
鲸凉鹤1.1手心挂接.txt	乐评	ytpx	ytpx	未知飞键、非音码或读音集合未覆盖；不猜测
鲸凉鹤1.1手心挂接.txt	跃起	ytqe	ytqe	未知飞键、非音码或读音集合未覆盖；不猜测
鲸凉鹤1.1手心挂接.txt	月山	ytus	ytus	未知飞键、非音码或读音集合未覆盖；不猜测
鲸凉鹤1.1手心挂接.txt	乐正	ytvk	ytvk	未知飞键、非音码或读音集合未覆盖；不猜测
鲸凉鹤1.1手心挂接.txt	鸑鷟	ytvo	ytvo	未知飞键、非音码或读音集合未覆盖；不猜测
鲸凉鹤1.1手心挂接.txt	越秀	ytxo	ytxo	未知飞键、非音码或读音集合未覆盖；不猜测
鲸凉鹤1.1手心挂接.txt	月休	ytxo	ytxo	未知飞键、非音码或读音集合未覆盖；不猜测
鲸凉鹤1.1手心挂接.txt	粤绣	ytxo	ytxo	未知飞键、非音码或读音集合未覆盖；不猜测
鲸凉鹤1.1手心挂接.txt	月宴	ytyf	ytyf	未知飞键、非音码或读音集合未覆盖；不猜测
鲸凉鹤1.1手心挂接.txt	越狱	ytyg	ytyg	未知飞键、非音码或读音集合未覆盖；不猜测
鲸凉鹤1.1手心挂接.txt	粤语	ytyg	ytyg	未知飞键、非音码或读音集合未覆盖；不猜测
鲸凉鹤1.1手心挂接.txt	月余	ytyg	ytyg	未知飞键、非音码或读音集合未覆盖；不猜测
鲸凉鹤1.1手心挂接.txt	曱甴	ytyz	ytyz	未知飞键、非音码或读音集合未覆盖；不猜测
鲸凉鹤1.1手心挂接.txt	郁葱	yucl	yucl	未知飞键、非音码或读音集合未覆盖；不猜测
鲸凉鹤1.1手心挂接.txt	玉葱	yucl	yucl	未知飞键、非音码或读音集合未覆盖；不猜测
鲸凉鹤1.1手心挂接.txt	遇到	yudl	yudl	未知飞键、非音码或读音集合未覆盖；不猜测
鲸凉鹤1.1手心挂接.txt	渔岛	yudl	yudl	未知飞键、非音码或读音集合未覆盖；不猜测
鲸凉鹤1.1手心挂接.txt	浴柜	yugi	yugi	未知飞键、非音码或读音集合未覆盖；不猜测
鲸凉鹤1.1手心挂接.txt	鱼贯	yugp	yugp	未知飞键、非音码或读音集合未覆盖；不猜测
鲸凉鹤1.1手心挂接.txt	羽冠	yugp	yugp	未知飞键、非音码或读音集合未覆盖；不猜测
鲸凉鹤1.1手心挂接.txt	玉冠	yugp	yugp	未知飞键、非音码或读音集合未覆盖；不猜测
鲸凉鹤1.1手心挂接.txt	遇见	yujz	yujz	未知飞键、非音码或读音集合未覆盖；不猜测
鲸凉鹤1.1手心挂接.txt	预见	yujz	yujz	未知飞键、非音码或读音集合未覆盖；不猜测
鲸凉鹤1.1手心挂接.txt	御剑	yujz	yujz	未知飞键、非音码或读音集合未覆盖；不猜测
鲸凉鹤1.1手心挂接.txt	愚见	yujz	yujz	未知飞键、非音码或读音集合未覆盖；不猜测
鲸凉鹤1.1手心挂接.txt	欲裂	yulf	yulf	未知飞键、非音码或读音集合未覆盖；不猜测
鲸凉鹤1.1手心挂接.txt	渔猎	yulf	yulf	未知飞键、非音码或读音集合未覆盖；不猜测
鲸凉鹤1.1手心挂接.txt	踰轮	yuly	yuly	未知飞键、非音码或读音集合未覆盖；不猜测
鲸凉鹤1.1手心挂接.txt	雨幕	yumx	yumx	未知飞键、非音码或读音集合未覆盖；不猜测
鲸凉鹤1.1手心挂接.txt	榆木	yumx	yumx	未知飞键、非音码或读音集合未覆盖；不猜测
鲸凉鹤1.1手心挂接.txt	遇难	yunz	yunz	未知飞键、非音码或读音集合未覆盖；不猜测
鲸凉鹤1.1手心挂接.txt	鱼腩	yunz	yunz	未知飞键、非音码或读音集合未覆盖；不猜测
鲸凉鹤1.1手心挂接.txt	鱼皮	yupe	yupe	未知飞键、非音码或读音集合未覆盖；不猜测
鲸凉鹤1.1手心挂接.txt	雨披	yupe	yupe	未知飞键、非音码或读音集合未覆盖；不猜测
鲸凉鹤1.1手心挂接.txt	渔婆	yups	yups	未知飞键、非音码或读音集合未覆盖；不猜测
鲸凉鹤1.1手心挂接.txt	玉屏	yupx	yupx	未知飞键、非音码或读音集合未覆盖；不猜测
鲸凉鹤1.1手心挂接.txt	翌日	yuri	yuri	未知飞键、非音码或读音集合未覆盖；不猜测
鲸凉鹤1.1手心挂接.txt	玉腿	yutl	yutl	未知飞键、非音码或读音集合未覆盖；不猜测
鲸凉鹤1.1手心挂接.txt	羽扇	yuus	yuus	未知飞键、非音码或读音集合未覆盖；不猜测
鲸凉鹤1.1手心挂接.txt	御膳	yuus	yuus	未知飞键、非音码或读音集合未覆盖；不猜测
鲸凉鹤1.1手心挂接.txt	毓秀	yuxo	yuxo	未知飞键、非音码或读音集合未覆盖；不猜测
鲸凉鹤1.1手心挂接.txt	语言	yuyf	yuyf	未知飞键、非音码或读音集合未覆盖；不猜测
鲸凉鹤1.1手心挂接.txt	预言	yuyf	yuyf	未知飞键、非音码或读音集合未覆盖；不猜测
鲸凉鹤1.1手心挂接.txt	寓言	yuyf	yuyf	未知飞键、非音码或读音集合未覆盖；不猜测
鲸凉鹤1.1手心挂接.txt	预演	yuyf	yuyf	未知飞键、非音码或读音集合未覆盖；不猜测
鲸凉鹤1.1手心挂接.txt	于总	yuzl	yuzl	未知飞键、非音码或读音集合未覆盖；不猜测
鲸凉鹤1.1手心挂接.txt	鸑鷟	yuzu	yuzu	未知飞键、非音码或读音集合未覆盖；不猜测
鲸凉鹤1.1手心挂接.txt	云从	yycl	yycl	未知飞键、非音码或读音集合未覆盖；不猜测
鲸凉鹤1.1手心挂接.txt	晕倒	yydl	yydl	未知飞键、非音码或读音集合未覆盖；不猜测
鲸凉鹤1.1手心挂接.txt	云贵	yygi	yygi	未知飞键、非音码或读音集合未覆盖；不猜测
鲸凉鹤1.1手心挂接.txt	孕检	yyjz	yyjz	未知飞键、非音码或读音集合未覆盖；不猜测
鲸凉鹤1.1手心挂接.txt	云间	yyjz	yyjz	未知飞键、非音码或读音集合未覆盖；不猜测
鲸凉鹤1.1手心挂接.txt	运检	yyjz	yyjz	未知飞键、非音码或读音集合未覆盖；不猜测
鲸凉鹤1.1手心挂接.txt	韵母	yymx	yymx	未知飞键、非音码或读音集合未覆盖；不猜测
鲸凉鹤1.1手心挂接.txt	云母	yymx	yymx	未知飞键、非音码或读音集合未覆盖；不猜测
鲸凉鹤1.1手心挂接.txt	云南	yynz	yynz	未知飞键、非音码或读音集合未覆盖；不猜测
鲸凉鹤1.1手心挂接.txt	熨平	yypx	yypx	未知飞键、非音码或读音集合未覆盖；不猜测
鲸凉鹤1.1手心挂接.txt	云杉	yyus	yyus	未知飞键、非音码或读音集合未覆盖；不猜测
鲸凉鹤1.1手心挂接.txt	匀整	yyvk	yyvk	未知飞键、非音码或读音集合未覆盖；不猜测
鲸凉鹤1.1手心挂接.txt	运政	yyvk	yyvk	未知飞键、非音码或读音集合未覆盖；不猜测
鲸凉鹤1.1手心挂接.txt	云烟	yyyf	yyyf	未知飞键、非音码或读音集合未覆盖；不猜测
鲸凉鹤1.1手心挂接.txt	孕育	yyyg	yyyg	未知飞键、非音码或读音集合未覆盖；不猜测
鲸凉鹤1.1手心挂接.txt	云雨	yyyg	yyyg	未知飞键、非音码或读音集合未覆盖；不猜测
鲸凉鹤1.1手心挂接.txt	又从	yzcl	yzcl	未知飞键、非音码或读音集合未覆盖；不猜测
鲸凉鹤1.1手心挂接.txt	诱导	yzdl	yzdl	未知飞键、非音码或读音集合未覆盖；不猜测
鲸凉鹤1.1手心挂接.txt	又到	yzdl	yzdl	未知飞键、非音码或读音集合未覆盖；不猜测
鲸凉鹤1.1手心挂接.txt	有到	yzdl	yzdl	未知飞键、非音码或读音集合未覆盖；不猜测
鲸凉鹤1.1手心挂接.txt	有道	yzdl	yzdl	未知飞键、非音码或读音集合未覆盖；不猜测
鲸凉鹤1.1手心挂接.txt	有鬼	yzgi	yzgi	未知飞键、非音码或读音集合未覆盖；不猜测
鲸凉鹤1.1手心挂接.txt	有轨	yzgi	yzgi	未知飞键、非音码或读音集合未覆盖；不猜测
鲸凉鹤1.1手心挂接.txt	有关	yzgp	yzgp	未知飞键、非音码或读音集合未覆盖；不猜测
鲸凉鹤1.1手心挂接.txt	攸关	yzgp	yzgp	未知飞键、非音码或读音集合未覆盖；不猜测
鲸凉鹤1.1手心挂接.txt	油罐	yzgp	yzgp	未知飞键、非音码或读音集合未覆盖；不猜测
鲸凉鹤1.1手心挂接.txt	油管	yzgp	yzgp	未知飞键、非音码或读音集合未覆盖；不猜测
鲸凉鹤1.1手心挂接.txt	有道	yzjf	yzjf	未知飞键、非音码或读音集合未覆盖；不猜测
鲸凉鹤1.1手心挂接.txt	邮件	yzjz	yzjz	未知飞键、非音码或读音集合未覆盖；不猜测
鲸凉鹤1.1手心挂接.txt	右肩	yzjz	yzjz	未知飞键、非音码或读音集合未覆盖；不猜测
鲸凉鹤1.1手心挂接.txt	右键	yzjz	yzjz	未知飞键、非音码或读音集合未覆盖；不猜测
鲸凉鹤1.1手心挂接.txt	诱奸	yzjz	yzjz	未知飞键、非音码或读音集合未覆盖；不猜测
鲸凉鹤1.1手心挂接.txt	优菈	yzla	yzla	未知飞键、非音码或读音集合未覆盖；不猜测
鲸凉鹤1.1手心挂接.txt	优劣	yzlf	yzlf	未知飞键、非音码或读音集合未覆盖；不猜测
鲸凉鹤1.1手心挂接.txt	游猎	yzlf	yzlf	未知飞键、非音码或读音集合未覆盖；不猜测
鲸凉鹤1.1手心挂接.txt	右列	yzlf	yzlf	未知飞键、非音码或读音集合未覆盖；不猜测
鲸凉鹤1.1手心挂接.txt	有咯	yzlo	yzlo	未知飞键、非音码或读音集合未覆盖；不猜测
鲸凉鹤1.1手心挂接.txt	优劣	yzlt	yzlt	未知飞键、非音码或读音集合未覆盖；不猜测
鲸凉鹤1.1手心挂接.txt	又慢	yzmr	yzmr	未知飞键、非音码或读音集合未覆盖；不猜测
鲸凉鹤1.1手心挂接.txt	游牧	yzmx	yzmx	未知飞键、非音码或读音集合未覆盖；不猜测
鲸凉鹤1.1手心挂接.txt	柚木	yzmx	yzmx	未知飞键、非音码或读音集合未覆盖；不猜测
鲸凉鹤1.1手心挂接.txt	有难	yznz	yznz	未知飞键、非音码或读音集合未覆盖；不猜测
鲸凉鹤1.1手心挂接.txt	幽僻	yzpe	yzpe	未知飞键、非音码或读音集合未覆盖；不猜测
鲸凉鹤1.1手心挂接.txt	油泼	yzps	yzps	未知飞键、非音码或读音集合未覆盖；不猜测
鲸凉鹤1.1手心挂接.txt	诱迫	yzps	yzps	未知飞键、非音码或读音集合未覆盖；不猜测
鲸凉鹤1.1手心挂接.txt	油瓶	yzpx	yzpx	未知飞键、非音码或读音集合未覆盖；不猜测
鲸凉鹤1.1手心挂接.txt	右腿	yztl	yztl	未知飞键、非音码或读音集合未覆盖；不猜测
鲸凉鹤1.1手心挂接.txt	友善	yzus	yzus	未知飞键、非音码或读音集合未覆盖；不猜测
鲸凉鹤1.1手心挂接.txt	邮政	yzvk	yzvk	未知飞键、非音码或读音集合未覆盖；不猜测
鲸凉鹤1.1手心挂接.txt	优秀	yzxo	yzxo	未知飞键、非音码或读音集合未覆盖；不猜测
鲸凉鹤1.1手心挂接.txt	右眼	yzyf	yzyf	未知飞键、非音码或读音集合未覆盖；不猜测
鲸凉鹤1.1手心挂接.txt	油烟	yzyf	yzyf	未知飞键、非音码或读音集合未覆盖；不猜测
鲸凉鹤1.1手心挂接.txt	蚰蜒	yzyf	yzyf	未知飞键、非音码或读音集合未覆盖；不猜测
鲸凉鹤1.1手心挂接.txt	由于	yzyg	yzyg	未知飞键、非音码或读音集合未覆盖；不猜测
鲸凉鹤1.1手心挂接.txt	犹豫	yzyg	yzyg	未知飞键、非音码或读音集合未覆盖；不猜测
鲸凉鹤1.1手心挂接.txt	忧郁	yzyg	yzyg	未知飞键、非音码或读音集合未覆盖；不猜测
鲸凉鹤1.1手心挂接.txt	憂鬱	yzyg	yzyg	未知飞键、非音码或读音集合未覆盖；不猜测
鲸凉鹤1.1手心挂接.txt	憂鬱	yzyu	yzyu	未知飞键、非音码或读音集合未覆盖；不猜测
鲸凉鹤1.1手心挂接.txt	游踪	yzzl	yzzl	未知飞键、非音码或读音集合未覆盖；不猜测
鲸凉鹤1.1手心挂接.txt	油棕	yzzl	yzzl	未知飞键、非音码或读音集合未覆盖；不猜测
鲸凉鹤1.1手心挂接.txt	砸到	zadl	zadl	未知飞键、非音码或读音集合未覆盖；不猜测
鲸凉鹤1.1手心挂接.txt	匝道	zadl	zadl	未知飞键、非音码或读音集合未覆盖；不猜测
鲸凉鹤1.1手心挂接.txt	咱爹	zadp	zadp	未知飞键、非音码或读音集合未覆盖；不猜测
鲸凉鹤1.1手心挂接.txt	咋打	zadw	zadw	未知飞键、非音码或读音集合未覆盖；不猜测
鲸凉鹤1.1手心挂接.txt	咋管	zagp	zagp	未知飞键、非音码或读音集合未覆盖；不猜测
鲸凉鹤1.1手心挂接.txt	匝道	zajf	zajf	未知飞键、非音码或读音集合未覆盖；不猜测
鲸凉鹤1.1手心挂接.txt	咱就	zajq	zajq	未知飞键、非音码或读音集合未覆盖；不猜测
鲸凉鹤1.1手心挂接.txt	咱来	zald	zald	未知飞键、非音码或读音集合未覆盖；不猜测
鲸凉鹤1.1手心挂接.txt	咋咧	zalf	zalf	未知飞键、非音码或读音集合未覆盖；不猜测
鲸凉鹤1.1手心挂接.txt	咋咯	zalo	zalo	未知飞键、非音码或读音集合未覆盖；不猜测
鲸凉鹤1.1手心挂接.txt	咱俩	zalx	zalx	未知飞键、非音码或读音集合未覆盖；不猜测
鲸凉鹤1.1手心挂接.txt	咱妈	zama	zama	未知飞键、非音码或读音集合未覆盖；不猜测
鲸凉鹤1.1手心挂接.txt	杂木	zamx	zamx	未知飞键、非音码或读音集合未覆盖；不猜测
鲸凉鹤1.1手心挂接.txt	咱娘	zanl	zanl	未知飞键、非音码或读音集合未覆盖；不猜测
鲸凉鹤1.1手心挂接.txt	咋喃	zanz	zanz	未知飞键、非音码或读音集合未覆盖；不猜测
鲸凉鹤1.1手心挂接.txt	杂皮	zape	zape	未知飞键、非音码或读音集合未覆盖；不猜测
鲸凉鹤1.1手心挂接.txt	杂拌	zapj	zapj	未知飞键、非音码或读音集合未覆盖；不猜测
鲸凉鹤1.1手心挂接.txt	砸破	zaps	zaps	未知飞键、非音码或读音集合未覆盖；不猜测
鲸凉鹤1.1手心挂接.txt	扎破	zaps	zaps	未知飞键、非音码或读音集合未覆盖；不猜测
鲸凉鹤1.1手心挂接.txt	杂评	zapx	zapx	未知飞键、非音码或读音集合未覆盖；不猜测
鲸凉鹤1.1手心挂接.txt	扎起	zaqe	zaqe	未知飞键、非音码或读音集合未覆盖；不猜测
鲸凉鹤1.1手心挂接.txt	咱群	zaqy	zaqy	未知飞键、非音码或读音集合未覆盖；不猜测
鲸凉鹤1.1手心挂接.txt	咱让	zarh	zarh	未知飞键、非音码或读音集合未覆盖；不猜测
鲸凉鹤1.1手心挂接.txt	咋退	zatl	zatl	未知飞键、非音码或读音集合未覆盖；不猜测
鲸凉鹤1.1手心挂接.txt	咱这	zave	zave	未知飞键、非音码或读音集合未覆盖；不猜测
鲸凉鹤1.1手心挂接.txt	咋整	zavk	zavk	未知飞键、非音码或读音集合未覆盖；不猜测
鲸凉鹤1.1手心挂接.txt	杂症	zavk	zavk	未知飞键、非音码或读音集合未覆盖；不猜测
鲸凉鹤1.1手心挂接.txt	咱娃	zawa	zawa	未知飞键、非音码或读音集合未覆盖；不猜测
鲸凉鹤1.1手心挂接.txt	咱校	zaxn	zaxn	未知飞键、非音码或读音集合未覆盖；不猜测
鲸凉鹤1.1手心挂接.txt	咱也	zaye	zaye	未知飞键、非音码或读音集合未覆盖；不猜测
鲸凉鹤1.1手心挂接.txt	杂言	zayf	zayf	未知飞键、非音码或读音集合未覆盖；不猜测
鲸凉鹤1.1手心挂接.txt	杂鱼	zayg	zayg	未知飞键、非音码或读音集合未覆盖；不猜测
鲸凉鹤1.1手心挂接.txt	咱再	zazd	zazd	未知飞键、非音码或读音集合未覆盖；不猜测
鲸凉鹤1.1手心挂接.txt	皂甙	zcdd	zcdd	未知飞键、非音码或读音集合未覆盖；不猜测
鲸凉鹤1.1手心挂接.txt	遭到	zcdl	zcdl	未知飞键、非音码或读音集合未覆盖；不猜测
鲸凉鹤1.1手心挂接.txt	早稻	zcdl	zcdl	未知飞键、非音码或读音集合未覆盖；不猜测
鲸凉鹤1.1手心挂接.txt	早打	zcdw	zcdw	未知飞键、非音码或读音集合未覆盖；不猜测
鲸凉鹤1.1手心挂接.txt	早归	zcgi	zcgi	未知飞键、非音码或读音集合未覆盖；不猜测
鲸凉鹤1.1手心挂接.txt	糟践	zcjz	zcjz	未知飞键、非音码或读音集合未覆盖；不猜测
鲸凉鹤1.1手心挂接.txt	早咧	zclf	zclf	未知飞键、非音码或读音集合未覆盖；不猜测
鲸凉鹤1.1手心挂接.txt	早咯	zclo	zclo	未知飞键、非音码或读音集合未覆盖；不猜测
鲸凉鹤1.1手心挂接.txt	枣木	zcmx	zcmx	未知飞键、非音码或读音集合未覆盖；不猜测
鲸凉鹤1.1手心挂接.txt	遭难	zcnz	zcnz	未知飞键、非音码或读音集合未覆盖；不猜测
鲸凉鹤1.1手心挂接.txt	枣皮	zcpe	zcpe	未知飞键、非音码或读音集合未覆盖；不猜测
鲸凉鹤1.1手心挂接.txt	糟粕	zcps	zcps	未知飞键、非音码或读音集合未覆盖；不猜测
鲸凉鹤1.1手心挂接.txt	早起	zcqe	zcqe	未知飞键、非音码或读音集合未覆盖；不猜测
鲸凉鹤1.1手心挂接.txt	早退	zctl	zctl	未知飞键、非音码或读音集合未覆盖；不猜测
鲸凉鹤1.1手心挂接.txt	凿山	zcus	zcus	未知飞键、非音码或读音集合未覆盖；不猜测
鲸凉鹤1.1手心挂接.txt	遭遇	zcyg	zcyg	未知飞键、非音码或读音集合未覆盖；不猜测
鲸凉鹤1.1手心挂接.txt	枣粽	zczl	zczl	未知飞键、非音码或读音集合未覆盖；不猜测
鲸凉鹤1.1手心挂接.txt	再从	zdcl	zdcl	未知飞键、非音码或读音集合未覆盖；不猜测
鲸凉鹤1.1手心挂接.txt	栽倒	zddl	zddl	未知飞键、非音码或读音集合未覆盖；不猜测
鲸凉鹤1.1手心挂接.txt	再到	zddl	zddl	未知飞键、非音码或读音集合未覆盖；不猜测
鲸凉鹤1.1手心挂接.txt	再打	zddw	zddw	未知飞键、非音码或读音集合未覆盖；不猜测
鲸凉鹤1.1手心挂接.txt	再贵	zdgi	zdgi	未知飞键、非音码或读音集合未覆盖；不猜测
鲸凉鹤1.1手心挂接.txt	再管	zdgp	zdgp	未知飞键、非音码或读音集合未覆盖；不猜测
鲸凉鹤1.1手心挂接.txt	再见	zdjz	zdjz	未知飞键、非音码或读音集合未覆盖；不猜测
鲸凉鹤1.1手心挂接.txt	在建	zdjz	zdjz	未知飞键、非音码或读音集合未覆盖；不猜测
鲸凉鹤1.1手心挂接.txt	再建	zdjz	zdjz	未知飞键、非音码或读音集合未覆盖；不猜测
鲸凉鹤1.1手心挂接.txt	在列	zdlf	zdlf	未知飞键、非音码或读音集合未覆盖；不猜测
鲸凉鹤1.1手心挂接.txt	再慢	zdmr	zdmr	未知飞键、非音码或读音集合未覆盖；不猜测
鲸凉鹤1.1手心挂接.txt	在木	zdmx	zdmx	未知飞键、非音码或读音集合未覆盖；不猜测
鲸凉鹤1.1手心挂接.txt	灾难	zdnz	zdnz	未知飞键、非音码或读音集合未覆盖；不猜测
鲸凉鹤1.1手心挂接.txt	再评	zdpx	zdpx	未知飞键、非音码或读音集合未覆盖；不猜测
鲸凉鹤1.1手心挂接.txt	再退	zdtl	zdtl	未知飞键、非音码或读音集合未覆盖；不猜测
鲸凉鹤1.1手心挂接.txt	再删	zdus	zdus	未知飞键、非音码或读音集合未覆盖；不猜测
鲸凉鹤1.1手心挂接.txt	再整	zdvk	zdvk	未知飞键、非音码或读音集合未覆盖；不猜测
鲸凉鹤1.1手心挂接.txt	再向	zdxj	zdxj	未知飞键、非音码或读音集合未覆盖；不猜测
鲸凉鹤1.1手心挂接.txt	再演	zdyf	zdyf	未知飞键、非音码或读音集合未覆盖；不猜测
鲸凉鹤1.1手心挂接.txt	在于	zdyg	zdyg	未知飞键、非音码或读音集合未覆盖；不猜测
鲸凉鹤1.1手心挂接.txt	再与	zdyg	zdyg	未知飞键、非音码或读音集合未覆盖；不猜测
鲸凉鹤1.1手心挂接.txt	再遇	zdyg	zdyg	未知飞键、非音码或读音集合未覆盖；不猜测
鲸凉鹤1.1手心挂接.txt	则从	zecl	zecl	未知飞键、非音码或读音集合未覆盖；不猜测
鲸凉鹤1.1手心挂接.txt	责打	zedw	zedw	未知飞键、非音码或读音集合未覆盖；不猜测
鲸凉鹤1.1手心挂接.txt	啫喱	zeli	zeli	未知飞键、非音码或读音集合未覆盖；不猜测
鲸凉鹤1.1手心挂接.txt	咋咯	zelo	zelo	未知飞键、非音码或读音集合未覆盖；不猜测
鲸凉鹤1.1手心挂接.txt	责难	zenz	zenz	未知飞键、非音码或读音集合未覆盖；不猜测
鲸凉鹤1.1手心挂接.txt	泽被	zepe	zepe	未知飞键、非音码或读音集合未覆盖；不猜测
鲸凉鹤1.1手心挂接.txt	泽被	zepi	zepi	未知飞键、非音码或读音集合未覆盖；不猜测
鲸凉鹤1.1手心挂接.txt	泽平	zepx	zepx	未知飞键、非音码或读音集合未覆盖；不猜测
鲸凉鹤1.1手心挂接.txt	泽善	zeus	zeus	未知飞键、非音码或读音集合未覆盖；不猜测
鲸凉鹤1.1手心挂接.txt	泽燕	zeyf	zeyf	未知飞键、非音码或读音集合未覆盖；不猜测
鲸凉鹤1.1手心挂接.txt	则与	zeyg	zeyg	未知飞键、非音码或读音集合未覆盖；不猜测
鲸凉鹤1.1手心挂接.txt	泽宇	zeyg	zeyg	未知飞键、非音码或读音集合未覆盖；不猜测
鲸凉鹤1.1手心挂接.txt	怎麽	zfme	zfme	未知飞键、非音码或读音集合未覆盖；不猜测
鲸凉鹤1.1手心挂接.txt	怎木	zfmx	zfmx	未知飞键、非音码或读音集合未覆盖；不猜测
鲸凉鹤1.1手心挂接.txt	谮言	zfyf	zfyf	未知飞键、非音码或读音集合未覆盖；不猜测
鲸凉鹤1.1手心挂接.txt	怎办	zgbj	zgbj	未知飞键、非音码或读音集合未覆盖；不猜测
鲸凉鹤1.1手心挂接.txt	增到	zgdl	zgdl	未知飞键、非音码或读音集合未覆盖；不猜测
鲸凉鹤1.1手心挂接.txt	增减	zgjz	zgjz	未知飞键、非音码或读音集合未覆盖；不猜测
鲸凉鹤1.1手心挂接.txt	增建	zgjz	zgjz	未知飞键、非音码或读音集合未覆盖；不猜测
鲸凉鹤1.1手心挂接.txt	曾楠	zgnz	zgnz	未知飞键、非音码或读音集合未覆盖；不猜测
鲸凉鹤1.1手心挂接.txt	增退	zgtl	zgtl	未知飞键、非音码或读音集合未覆盖；不猜测
鲸凉鹤1.1手心挂接.txt	增删	zgus	zgus	未知飞键、非音码或读音集合未覆盖；不猜测
鲸凉鹤1.1手心挂接.txt	曾铮	zgvk	zgvk	未知飞键、非音码或读音集合未覆盖；不猜测
鲸凉鹤1.1手心挂接.txt	赠言	zgyf	zgyf	未知飞键、非音码或读音集合未覆盖；不猜测
鲸凉鹤1.1手心挂接.txt	赠予	zgyg	zgyg	未知飞键、非音码或读音集合未覆盖；不猜测
鲸凉鹤1.1手心挂接.txt	赠与	zgyg	zgyg	未知飞键、非音码或读音集合未覆盖；不猜测
鲸凉鹤1.1手心挂接.txt	怔怔	zgzg	zgzg	未知飞键、非音码或读音集合未覆盖；不猜测
鲸凉鹤1.1手心挂接.txt	藏刀	zhdl	zhdl	未知飞键、非音码或读音集合未覆盖；不猜测
鲸凉鹤1.1手心挂接.txt	赃官	zhgp	zhgp	未知飞键、非音码或读音集合未覆盖；不猜测
鲸凉鹤1.1手心挂接.txt	脏牧	zhmx	zhmx	未知飞键、非音码或读音集合未覆盖；不猜测
鲸凉鹤1.1手心挂接.txt	藏南	zhnz	zhnz	未知飞键、非音码或读音集合未覆盖；不猜测
鲸凉鹤1.1手心挂接.txt	臧否	zhpe	zhpe	未知飞键、非音码或读音集合未覆盖；不猜测
鲸凉鹤1.1手心挂接.txt	藏山	zhus	zhus	未知飞键、非音码或读音集合未覆盖；不猜测
鲸凉鹤1.1手心挂接.txt	赃证	zhvk	zhvk	未知飞键、非音码或读音集合未覆盖；不猜测
鲸凉鹤1.1手心挂接.txt	藏语	zhyg	zhyg	未知飞键、非音码或读音集合未覆盖；不猜测
鲸凉鹤1.1手心挂接.txt	葬于	zhyg	zhyg	未知飞键、非音码或读音集合未覆盖；不猜测
鲸凉鹤1.1手心挂接.txt	自从	zicl	zicl	未知飞键、非音码或读音集合未覆盖；不猜测
鲸凉鹤1.1手心挂接.txt	自导	zidl	zidl	未知飞键、非音码或读音集合未覆盖；不猜测
鲸凉鹤1.1手心挂接.txt	自打	zidw	zidw	未知飞键、非音码或读音集合未覆盖；不猜测
鲸凉鹤1.1手心挂接.txt	子规	zigi	zigi	未知飞键、非音码或读音集合未覆盖；不猜测
鲸凉鹤1.1手心挂接.txt	秭归	zigi	zigi	未知飞键、非音码或读音集合未覆盖；不猜测
鲸凉鹤1.1手心挂接.txt	资管	zigp	zigp	未知飞键、非音码或读音集合未覆盖；不猜测
鲸凉鹤1.1手心挂接.txt	自管	zigp	zigp	未知飞键、非音码或读音集合未覆盖；不猜测
鲸凉鹤1.1手心挂接.txt	自建	zijz	zijz	未知飞键、非音码或读音集合未覆盖；不猜测
鲸凉鹤1.1手心挂接.txt	自荐	zijz	zijz	未知飞键、非音码或读音集合未覆盖；不猜测
鲸凉鹤1.1手心挂接.txt	自检	zijz	zijz	未知飞键、非音码或读音集合未覆盖；不猜测
鲸凉鹤1.1手心挂接.txt	眦裂	zilf	zilf	未知飞键、非音码或读音集合未覆盖；不猜测
鲸凉鹤1.1手心挂接.txt	自满	zimr	zimr	未知飞键、非音码或读音集合未覆盖；不猜测
鲸凉鹤1.1手心挂接.txt	滋蔓	zimr	zimr	未知飞键、非音码或读音集合未覆盖；不猜测
鲸凉鹤1.1手心挂接.txt	字母	zimx	zimx	未知飞键、非音码或读音集合未覆盖；不猜测
鲸凉鹤1.1手心挂接.txt	字幕	zimx	zimx	未知飞键、非音码或读音集合未覆盖；不猜测
鲸凉鹤1.1手心挂接.txt	子母	zimx	zimx	未知飞键、非音码或读音集合未覆盖；不猜测
鲸凉鹤1.1手心挂接.txt	自评	zipx	zipx	未知飞键、非音码或读音集合未覆盖；不猜测
鲸凉鹤1.1手心挂接.txt	自洽	ziqo	ziqo	未知飞键、非音码或读音集合未覆盖；不猜测
鲸凉鹤1.1手心挂接.txt	紫赯	zith	zith	未知飞键、非音码或读音集合未覆盖；不猜测
鲸凉鹤1.1手心挂接.txt	自退	zitl	zitl	未知飞键、非音码或读音集合未覆盖；不猜测
鲸凉鹤1.1手心挂接.txt	紫衫	zius	zius	未知飞键、非音码或读音集合未覆盖；不猜测
鲸凉鹤1.1手心挂接.txt	紫杉	zius	zius	未知飞键、非音码或读音集合未覆盖；不猜测
鲸凉鹤1.1手心挂接.txt	自证	zivk	zivk	未知飞键、非音码或读音集合未覆盖；不猜测
鲸凉鹤1.1手心挂接.txt	资政	zivk	zivk	未知飞键、非音码或读音集合未覆盖；不猜测
鲸凉鹤1.1手心挂接.txt	自修	zixo	zixo	未知飞键、非音码或读音集合未覆盖；不猜测
鲸凉鹤1.1手心挂接.txt	咨讯	zixt	zixt	未知飞键、非音码或读音集合未覆盖；不猜测
鲸凉鹤1.1手心挂接.txt	字眼	ziyf	ziyf	未知飞键、非音码或读音集合未覆盖；不猜测
鲸凉鹤1.1手心挂接.txt	自研	ziyf	ziyf	未知飞键、非音码或读音集合未覆盖；不猜测
鲸凉鹤1.1手心挂接.txt	自愈	ziyg	ziyg	未知飞键、非音码或读音集合未覆盖；不猜测
鲸凉鹤1.1手心挂接.txt	赞道	zjdl	zjdl	未知飞键、非音码或读音集合未覆盖；不猜测
鲸凉鹤1.1手心挂接.txt	攒到	zjdl	zjdl	未知飞键、非音码或读音集合未覆盖；不猜测
鲸凉鹤1.1手心挂接.txt	赞道	zjjf	zjjf	未知飞键、非音码或读音集合未覆盖；不猜测
鲸凉鹤1.1手心挂接.txt	暂列	zjlf	zjlf	未知飞键、非音码或读音集合未覆盖；不猜测
鲸凉鹤1.1手心挂接.txt	暂满	zjmr	zjmr	未知飞键、非音码或读音集合未覆盖；不猜测
鲸凉鹤1.1手心挂接.txt	暂退	zjtl	zjtl	未知飞键、非音码或读音集合未覆盖；不猜测
鲸凉鹤1.1手心挂接.txt	赞誉	zjyg	zjyg	未知飞键、非音码或读音集合未覆盖；不猜测
鲸凉鹤1.1手心挂接.txt	赞语	zjyg	zjyg	未知飞键、非音码或读音集合未覆盖；不猜测
鲸凉鹤1.1手心挂接.txt	怔怔	zkzk	zkzk	未知飞键、非音码或读音集合未覆盖；不猜测
鲸凉鹤1.1手心挂接.txt	总爱	zlai	zlai	未知飞键、非音码或读音集合未覆盖；不猜测
鲸凉鹤1.1手心挂接.txt	总按	zlan	zlan	未知飞键、非音码或读音集合未覆盖；不猜测
鲸凉鹤1.1手心挂接.txt	总把	zlba	zlba	未知飞键、非音码或读音集合未覆盖；不猜测
鲸凉鹤1.1手心挂接.txt	总包	zlbc	zlbc	未知飞键、非音码或读音集合未覆盖；不猜测
鲸凉鹤1.1手心挂接.txt	总榜	zlbh	zlbh	未知飞键、非音码或读音集合未覆盖；不猜测
鲸凉鹤1.1手心挂接.txt	总比	zlbi	zlbi	未知飞键、非音码或读音集合未覆盖；不猜测
鲸凉鹤1.1手心挂接.txt	总办	zlbj	zlbj	未知飞键、非音码或读音集合未覆盖；不猜测
鲸凉鹤1.1手心挂接.txt	纵兵	zlbk	zlbk	未知飞键、非音码或读音集合未覆盖；不猜测
鲸凉鹤1.1手心挂接.txt	总兵	zlbk	zlbk	未知飞键、非音码或读音集合未覆盖；不猜测
鲸凉鹤1.1手心挂接.txt	总编	zlbm	zlbm	未知飞键、非音码或读音集合未覆盖；不猜测
鲸凉鹤1.1手心挂接.txt	总表	zlbn	zlbn	未知飞键、非音码或读音集合未覆盖；不猜测
鲸凉鹤1.1手心挂接.txt	纵波	zlbo	zlbo	未知飞键、非音码或读音集合未覆盖；不猜测
鲸凉鹤1.1手心挂接.txt	总部	zlbu	zlbu	未知飞键、非音码或读音集合未覆盖；不猜测
鲸凉鹤1.1手心挂接.txt	总不	zlbu	zlbu	未知飞键、非音码或读音集合未覆盖；不猜测
鲸凉鹤1.1手心挂接.txt	纵步	zlbu	zlbu	未知飞键、非音码或读音集合未覆盖；不猜测
鲸凉鹤1.1手心挂接.txt	总被	zlbw	zlbw	未知飞键、非音码或读音集合未覆盖；不猜测
鲸凉鹤1.1手心挂接.txt	总裁	zlcd	zlcd	未知飞键、非音码或读音集合未覆盖；不猜测
鲸凉鹤1.1手心挂接.txt	综测	zlce	zlce	未知飞键、非音码或读音集合未覆盖；不猜测
鲸凉鹤1.1手心挂接.txt	总仓	zlch	zlch	未知飞键、非音码或读音集合未覆盖；不猜测
鲸凉鹤1.1手心挂接.txt	宗祠	zlci	zlci	未知飞键、非音码或读音集合未覆盖；不猜测
鲸凉鹤1.1手心挂接.txt	总参	zlcj	zlcj	未知飞键、非音码或读音集合未覆盖；不猜测
鲸凉鹤1.1手心挂接.txt	总到	zldc	zldc	未知飞键、非音码或读音集合未覆盖；不猜测
鲸凉鹤1.1手心挂接.txt	总代	zldd	zldd	未知飞键、非音码或读音集合未覆盖；不猜测
鲸凉鹤1.1手心挂接.txt	总当	zldh	zldh	未知飞键、非音码或读音集合未覆盖；不猜测
鲸凉鹤1.1手心挂接.txt	纵荡	zldh	zldh	未知飞键、非音码或读音集合未覆盖；不猜测
鲸凉鹤1.1手心挂接.txt	宗地	zldi	zldi	未知飞键、非音码或读音集合未覆盖；不猜测
鲸凉鹤1.1手心挂接.txt	总单	zldj	zldj	未知飞键、非音码或读音集合未覆盖；不猜测
鲸凉鹤1.1手心挂接.txt	总到	zldl	zldl	未知飞键、非音码或读音集合未覆盖；不猜测
鲸凉鹤1.1手心挂接.txt	总店	zldm	zldm	未知飞键、非音码或读音集合未覆盖；不猜测
鲸凉鹤1.1手心挂接.txt	总掉	zldn	zldn	未知飞键、非音码或读音集合未覆盖；不猜测
鲸凉鹤1.1手心挂接.txt	总舵	zldo	zldo	未知飞键、非音码或读音集合未覆盖；不猜测
鲸凉鹤1.1手心挂接.txt	总段	zldr	zldr	未知飞键、非音码或读音集合未覆盖；不猜测
鲸凉鹤1.1手心挂接.txt	总动	zlds	zlds	未知飞键、非音码或读音集合未覆盖；不猜测
鲸凉鹤1.1手心挂接.txt	总督	zldu	zldu	未知飞键、非音码或读音集合未覆盖；不猜测
鲸凉鹤1.1手心挂接.txt	总队	zldv	zldv	未知飞键、非音码或读音集合未覆盖；不猜测
鲸凉鹤1.1手心挂接.txt	纵队	zldv	zldv	未知飞键、非音码或读音集合未覆盖；不猜测
鲸凉鹤1.1手心挂接.txt	总对	zldv	zldv	未知飞键、非音码或读音集合未覆盖；不猜测
鲸凉鹤1.1手心挂接.txt	总得	zldw	zldw	未知飞键、非音码或读音集合未覆盖；不猜测
鲸凉鹤1.1手心挂接.txt	总额	zlee	zlee	未知飞键、非音码或读音集合未覆盖；不猜测
鲸凉鹤1.1手心挂接.txt	总而	zler	zler	未知飞键、非音码或读音集合未覆盖；不猜测
鲸凉鹤1.1手心挂接.txt	棕发	zlfa	zlfa	未知飞键、非音码或读音集合未覆盖；不猜测
鲸凉鹤1.1手心挂接.txt	宗法	zlfa	zlfa	未知飞键、非音码或读音集合未覆盖；不猜测
鲸凉鹤1.1手心挂接.txt	总阀	zlfa	zlfa	未知飞键、非音码或读音集合未覆盖；不猜测
鲸凉鹤1.1手心挂接.txt	总分	zlff	zlff	未知飞键、非音码或读音集合未覆盖；不猜测
鲸凉鹤1.1手心挂接.txt	纵风	zlfg	zlfg	未知飞键、非音码或读音集合未覆盖；不猜测
鲸凉鹤1.1手心挂接.txt	纵缝	zlfg	zlfg	未知飞键、非音码或读音集合未覆盖；不猜测
鲸凉鹤1.1手心挂接.txt	纵放	zlfh	zlfh	未知飞键、非音码或读音集合未覆盖；不猜测
鲸凉鹤1.1手心挂接.txt	宗方	zlfh	zlfh	未知飞键、非音码或读音集合未覆盖；不猜测
鲸凉鹤1.1手心挂接.txt	宗藩	zlfj	zlfj	未知飞键、非音码或读音集合未覆盖；不猜测
鲸凉鹤1.1手心挂接.txt	总府	zlfu	zlfu	未知飞键、非音码或读音集合未覆盖；不猜测
鲸凉鹤1.1手心挂接.txt	总付	zlfu	zlfu	未知飞键、非音码或读音集合未覆盖；不猜测
鲸凉鹤1.1手心挂接.txt	综费	zlfw	zlfw	未知飞键、非音码或读音集合未覆盖；不猜测
鲸凉鹤1.1手心挂接.txt	总高	zlgc	zlgc	未知飞键、非音码或读音集合未覆盖；不猜测
鲸凉鹤1.1手心挂接.txt	总该	zlgd	zlgd	未知飞键、非音码或读音集合未覆盖；不猜测
鲸凉鹤1.1手心挂接.txt	纵膈	zlge	zlge	未知飞键、非音码或读音集合未覆盖；不猜测
鲸凉鹤1.1手心挂接.txt	总格	zlge	zlge	未知飞键、非音码或读音集合未覆盖；不猜测
鲸凉鹤1.1手心挂接.txt	总跟	zlgf	zlgf	未知飞键、非音码或读音集合未覆盖；不猜测
鲸凉鹤1.1手心挂接.txt	总纲	zlgh	zlgh	未知飞键、非音码或读音集合未覆盖；不猜测
鲸凉鹤1.1手心挂接.txt	总归	zlgi	zlgi	未知飞键、非音码或读音集合未覆盖；不猜测
鲸凉鹤1.1手心挂接.txt	总管	zlgp	zlgp	未知飞键、非音码或读音集合未覆盖；不猜测
鲸凉鹤1.1手心挂接.txt	纵观	zlgp	zlgp	未知飞键、非音码或读音集合未覆盖；不猜测
鲸凉鹤1.1手心挂接.txt	总管	zlgr	zlgr	未知飞键、非音码或读音集合未覆盖；不猜测
鲸凉鹤1.1手心挂接.txt	纵观	zlgr	zlgr	未知飞键、非音码或读音集合未覆盖；不猜测
鲸凉鹤1.1手心挂接.txt	总共	zlgs	zlgs	未知飞键、非音码或读音集合未覆盖；不猜测
鲸凉鹤1.1手心挂接.txt	总攻	zlgs	zlgs	未知飞键、非音码或读音集合未覆盖；不猜测
鲸凉鹤1.1手心挂接.txt	总归	zlgv	zlgv	未知飞键、非音码或读音集合未覆盖；不猜测
鲸凉鹤1.1手心挂接.txt	总给	zlgw	zlgw	未知飞键、非音码或读音集合未覆盖；不猜测
鲸凉鹤1.1手心挂接.txt	纵沟	zlgz	zlgz	未知飞键、非音码或读音集合未覆盖；不猜测
鲸凉鹤1.1手心挂接.txt	总耗	zlhc	zlhc	未知飞键、非音码或读音集合未覆盖；不猜测
鲸凉鹤1.1手心挂接.txt	综合	zlhe	zlhe	未知飞键、非音码或读音集合未覆盖；不猜测
鲸凉鹤1.1手心挂接.txt	总和	zlhe	zlhe	未知飞键、非音码或读音集合未覆盖；不猜测
鲸凉鹤1.1手心挂接.txt	纵横	zlhg	zlhg	未知飞键、非音码或读音集合未覆盖；不猜测
鲸凉鹤1.1手心挂接.txt	棕黄	zlhl	zlhl	未知飞键、非音码或读音集合未覆盖；不猜测
鲸凉鹤1.1手心挂接.txt	纵火	zlho	zlho	未知飞键、非音码或读音集合未覆盖；不猜测
鲸凉鹤1.1手心挂接.txt	棕红	zlhs	zlhs	未知飞键、非音码或读音集合未覆盖；不猜测
鲸凉鹤1.1手心挂接.txt	总会	zlhv	zlhv	未知飞键、非音码或读音集合未覆盖；不猜测
鲸凉鹤1.1手心挂接.txt	棕黑	zlhw	zlhw	未知飞键、非音码或读音集合未覆盖；不猜测
鲸凉鹤1.1手心挂接.txt	总称	zlig	zlig	未知飞键、非音码或读音集合未覆盖；不猜测
鲸凉鹤1.1手心挂接.txt	总成	zlig	zlig	未知飞键、非音码或读音集合未覆盖；不猜测
鲸凉鹤1.1手心挂接.txt	总厂	zlih	zlih	未知飞键、非音码或读音集合未覆盖；不猜测
鲸凉鹤1.1手心挂接.txt	总长	zlih	zlih	未知飞键、非音码或读音集合未覆盖；不猜测
鲸凉鹤1.1手心挂接.txt	总吃	zlii	zlii	未知飞键、非音码或读音集合未覆盖；不猜测
鲸凉鹤1.1手心挂接.txt	总产	zlij	zlij	未知飞键、非音码或读音集合未覆盖；不猜测
鲸凉鹤1.1手心挂接.txt	总厨	zliu	zliu	未知飞键、非音码或读音集合未覆盖；不猜测
鲸凉鹤1.1手心挂接.txt	踪迹	zlji	zlji	未知飞键、非音码或读音集合未覆盖；不猜测
鲸凉鹤1.1手心挂接.txt	总计	zlji	zlji	未知飞键、非音码或读音集合未覆盖；不猜测
鲸凉鹤1.1手心挂接.txt	总经	zljk	zljk	未知飞键、非音码或读音集合未覆盖；不猜测
鲸凉鹤1.1手心挂接.txt	宗匠	zljl	zljl	未知飞键、非音码或读音集合未覆盖；不猜测
鲸凉鹤1.1手心挂接.txt	总监	zljm	zljm	未知飞键、非音码或读音集合未覆盖；不猜测
鲸凉鹤1.1手心挂接.txt	宗教	zljn	zljn	未知飞键、非音码或读音集合未覆盖；不猜测
鲸凉鹤1.1手心挂接.txt	总结	zljp	zljp	未知飞键、非音码或读音集合未覆盖；不猜测
鲸凉鹤1.1手心挂接.txt	纵酒	zljq	zljq	未知飞键、非音码或读音集合未覆盖；不猜测
鲸凉鹤1.1手心挂接.txt	总觉	zljt	zljt	未知飞键、非音码或读音集合未覆盖；不猜测
鲸凉鹤1.1手心挂接.txt	总决	zljt	zljt	未知飞键、非音码或读音集合未覆盖；不猜测
鲸凉鹤1.1手心挂接.txt	总局	zlju	zlju	未知飞键、非音码或读音集合未覆盖；不猜测
鲸凉鹤1.1手心挂接.txt	总价	zljx	zljx	未知飞键、非音码或读音集合未覆盖；不猜测
鲸凉鹤1.1手心挂接.txt	总监	zljz	zljz	未知飞键、非音码或读音集合未覆盖；不猜测
鲸凉鹤1.1手心挂接.txt	总开	zlkd	zlkd	未知飞键、非音码或读音集合未覆盖；不猜测
鲸凉鹤1.1手心挂接.txt	总可	zlke	zlke	未知飞键、非音码或读音集合未覆盖；不猜测
鲸凉鹤1.1手心挂接.txt	总看	zlkj	zlkj	未知飞键、非音码或读音集合未覆盖；不猜测
鲸凉鹤1.1手心挂接.txt	总括	zlko	zlko	未知飞键、非音码或读音集合未覆盖；不猜测
鲸凉鹤1.1手心挂接.txt	总款	zlkr	zlkr	未知飞键、非音码或读音集合未覆盖；不猜测
鲸凉鹤1.1手心挂接.txt	总控	zlks	zlks	未知飞键、非音码或读音集合未覆盖；不猜测
鲸凉鹤1.1手心挂接.txt	总库	zlku	zlku	未知飞键、非音码或读音集合未覆盖；不猜测
鲸凉鹤1.1手心挂接.txt	总来	zlld	zlld	未知飞键、非音码或读音集合未覆盖；不猜测
鲸凉鹤1.1手心挂接.txt	纵列	zllf	zllf	未知飞键、非音码或读音集合未覆盖；不猜测
鲸凉鹤1.1手心挂接.txt	总理	zlli	zlli	未知飞键、非音码或读音集合未覆盖；不猜测
鲸凉鹤1.1手心挂接.txt	总览	zllj	zllj	未知飞键、非音码或读音集合未覆盖；不猜测
鲸凉鹤1.1手心挂接.txt	纵览	zllj	zllj	未知飞键、非音码或读音集合未覆盖；不猜测
鲸凉鹤1.1手心挂接.txt	总揽	zllj	zllj	未知飞键、非音码或读音集合未覆盖；不猜测
鲸凉鹤1.1手心挂接.txt	综览	zllj	zllj	未知飞键、非音码或读音集合未覆盖；不猜测
鲸凉鹤1.1手心挂接.txt	总领	zllk	zllk	未知飞键、非音码或读音集合未覆盖；不猜测
鲸凉鹤1.1手心挂接.txt	总量	zlll	zlll	未知飞键、非音码或读音集合未覆盖；不猜测
鲸凉鹤1.1手心挂接.txt	总聊	zlln	zlln	未知飞键、非音码或读音集合未覆盖；不猜测
鲸凉鹤1.1手心挂接.txt	总料	zlln	zlln	未知飞键、非音码或读音集合未覆盖；不猜测
鲸凉鹤1.1手心挂接.txt	纵列	zllp	zllp	未知飞键、非音码或读音集合未覆盖；不猜测
鲸凉鹤1.1手心挂接.txt	棕榈	zllv	zllv	未知飞键、非音码或读音集合未覆盖；不猜测
鲸凉鹤1.1手心挂接.txt	总类	zllw	zllw	未知飞键、非音码或读音集合未覆盖；不猜测
鲸凉鹤1.1手心挂接.txt	总论	zlly	zlly	未知飞键、非音码或读音集合未覆盖；不猜测
鲸凉鹤1.1手心挂接.txt	纵马	zlma	zlma	未知飞键、非音码或读音集合未覆盖；不猜测
鲸凉鹤1.1手心挂接.txt	鬃毛	zlmc	zlmc	未知飞键、非音码或读音集合未覆盖；不猜测
鲸凉鹤1.1手心挂接.txt	总买	zlmd	zlmd	未知飞键、非音码或读音集合未覆盖；不猜测
鲸凉鹤1.1手心挂接.txt	宗门	zlmf	zlmf	未知飞键、非音码或读音集合未覆盖；不猜测
鲸凉鹤1.1手心挂接.txt	综漫	zlmj	zlmj	未知飞键、非音码或读音集合未覆盖；不猜测
鲸凉鹤1.1手心挂接.txt	纵面	zlmm	zlmm	未知飞键、非音码或读音集合未覆盖；不猜测
鲸凉鹤1.1手心挂接.txt	宗庙	zlmn	zlmn	未知飞键、非音码或读音集合未覆盖；不猜测
鲸凉鹤1.1手心挂接.txt	综漫	zlmr	zlmr	未知飞键、非音码或读音集合未覆盖；不猜测
鲸凉鹤1.1手心挂接.txt	纵目	zlmu	zlmu	未知飞键、非音码或读音集合未覆盖；不猜测
鲸凉鹤1.1手心挂接.txt	总目	zlmu	zlmu	未知飞键、非音码或读音集合未覆盖；不猜测
鲸凉鹤1.1手心挂接.txt	总没	zlmw	zlmw	未知飞键、非音码或读音集合未覆盖；不猜测
鲸凉鹤1.1手心挂接.txt	纵目	zlmx	zlmx	未知飞键、非音码或读音集合未覆盖；不猜测
鲸凉鹤1.1手心挂接.txt	总目	zlmx	zlmx	未知飞键、非音码或读音集合未覆盖；不猜测
鲸凉鹤1.1手心挂接.txt	总拿	zlna	zlna	未知飞键、非音码或读音集合未覆盖；不猜测
鲸凉鹤1.1手心挂接.txt	总能	zlng	zlng	未知飞键、非音码或读音集合未覆盖；不猜测
鲸凉鹤1.1手心挂接.txt	总怕	zlpa	zlpa	未知飞键、非音码或读音集合未覆盖；不猜测
鲸凉鹤1.1手心挂接.txt	宗派	zlpd	zlpd	未知飞键、非音码或读音集合未覆盖；不猜测
鲸凉鹤1.1手心挂接.txt	总评	zlpk	zlpk	未知飞键、非音码或读音集合未覆盖；不猜测
鲸凉鹤1.1手心挂接.txt	综评	zlpk	zlpk	未知飞键、非音码或读音集合未覆盖；不猜测
鲸凉鹤1.1手心挂接.txt	纵坡	zlpo	zlpo	未知飞键、非音码或读音集合未覆盖；不猜测
鲸凉鹤1.1手心挂接.txt	纵坡	zlps	zlps	未知飞键、非音码或读音集合未覆盖；不猜测
鲸凉鹤1.1手心挂接.txt	宗谱	zlpu	zlpu	未知飞键、非音码或读音集合未覆盖；不猜测
鲸凉鹤1.1手心挂接.txt	总谱	zlpu	zlpu	未知飞键、非音码或读音集合未覆盖；不猜测
鲸凉鹤1.1手心挂接.txt	总陪	zlpw	zlpw	未知飞键、非音码或读音集合未覆盖；不猜测
鲸凉鹤1.1手心挂接.txt	总配	zlpw	zlpw	未知飞键、非音码或读音集合未覆盖；不猜测
鲸凉鹤1.1手心挂接.txt	总评	zlpx	zlpx	未知飞键、非音码或读音集合未覆盖；不猜测
鲸凉鹤1.1手心挂接.txt	综评	zlpx	zlpx	未知飞键、非音码或读音集合未覆盖；不猜测
鲸凉鹤1.1手心挂接.txt	宗亲	zlqb	zlqb	未知飞键、非音码或读音集合未覆盖；不猜测
鲸凉鹤1.1手心挂接.txt	总起	zlqe	zlqe	未知飞键、非音码或读音集合未覆盖；不猜测
鲸凉鹤1.1手心挂接.txt	总起	zlqi	zlqi	未知飞键、非音码或读音集合未覆盖；不猜测
鲸凉鹤1.1手心挂接.txt	纵情	zlqk	zlqk	未知飞键、非音码或读音集合未覆盖；不猜测
鲸凉鹤1.1手心挂接.txt	纵切	zlqp	zlqp	未知飞键、非音码或读音集合未覆盖；不猜测
鲸凉鹤1.1手心挂接.txt	粽球	zlqq	zlqq	未知飞键、非音码或读音集合未覆盖；不猜测
鲸凉鹤1.1手心挂接.txt	总去	zlqu	zlqu	未知飞键、非音码或读音集合未覆盖；不猜测
鲸凉鹤1.1手心挂接.txt	总群	zlqy	zlqy	未知飞键、非音码或读音集合未覆盖；不猜测
鲸凉鹤1.1手心挂接.txt	宗人	zlrf	zlrf	未知飞键、非音码或读音集合未覆盖；不猜测
鲸凉鹤1.1手心挂接.txt	纵任	zlrf	zlrf	未知飞键、非音码或读音集合未覆盖；不猜测
鲸凉鹤1.1手心挂接.txt	总让	zlrh	zlrh	未知飞键、非音码或读音集合未覆盖；不猜测
鲸凉鹤1.1手心挂接.txt	纵然	zlrj	zlrj	未知飞键、非音码或读音集合未覆盖；不猜测
鲸凉鹤1.1手心挂接.txt	纵容	zlrs	zlrs	未知飞键、非音码或读音集合未覆盖；不猜测
鲸凉鹤1.1手心挂接.txt	棕色	zlse	zlse	未知飞键、非音码或读音集合未覆盖；不猜测
鲸凉鹤1.1手心挂接.txt	总司	zlsi	zlsi	未知飞键、非音码或读音集合未覆盖；不猜测
鲸凉鹤1.1手心挂接.txt	宗寺	zlsi	zlsi	未知飞键、非音码或读音集合未覆盖；不猜测
鲸凉鹤1.1手心挂接.txt	总算	zlsr	zlsr	未知飞键、非音码或读音集合未覆盖；不猜测
鲸凉鹤1.1手心挂接.txt	总速	zlsu	zlsu	未知飞键、非音码或读音集合未覆盖；不猜测
鲸凉鹤1.1手心挂接.txt	总台	zltd	zltd	未知飞键、非音码或读音集合未覆盖；不猜测
鲸凉鹤1.1手心挂接.txt	总体	zlti	zlti	未知飞键、非音码或读音集合未覆盖；不猜测
鲸凉鹤1.1手心挂接.txt	总坛	zltj	zltj	未知飞键、非音码或读音集合未覆盖；不猜测
鲸凉鹤1.1手心挂接.txt	纵谈	zltj	zltj	未知飞键、非音码或读音集合未覆盖；不猜测
鲸凉鹤1.1手心挂接.txt	总听	zltk	zltk	未知飞键、非音码或读音集合未覆盖；不猜测
鲸凉鹤1.1手心挂接.txt	纵跳	zltn	zltn	未知飞键、非音码或读音集合未覆盖；不猜测
鲸凉鹤1.1手心挂接.txt	总跳	zltn	zltn	未知飞键、非音码或读音集合未覆盖；不猜测
鲸凉鹤1.1手心挂接.txt	总挑	zltn	zltn	未知飞键、非音码或读音集合未覆盖；不猜测
鲸凉鹤1.1手心挂接.txt	综拓	zlto	zlto	未知飞键、非音码或读音集合未覆盖；不猜测
鲸凉鹤1.1手心挂接.txt	总统	zlts	zlts	未知飞键、非音码或读音集合未覆盖；不猜测
鲸凉鹤1.1手心挂接.txt	总图	zltu	zltu	未知飞键、非音码或读音集合未覆盖；不猜测
鲸凉鹤1.1手心挂接.txt	总投	zltz	zltz	未知飞键、非音码或读音集合未覆盖；不猜测
鲸凉鹤1.1手心挂接.txt	总社	zlue	zlue	未知飞键、非音码或读音集合未覆盖；不猜测
鲸凉鹤1.1手心挂接.txt	纵身	zluf	zluf	未知飞键、非音码或读音集合未覆盖；不猜测
鲸凉鹤1.1手心挂接.txt	纵深	zluf	zluf	未知飞键、非音码或读音集合未覆盖；不猜测
鲸凉鹤1.1手心挂接.txt	纵声	zlug	zlug	未知飞键、非音码或读音集合未覆盖；不猜测
鲸凉鹤1.1手心挂接.txt	综上	zluh	zluh	未知飞键、非音码或读音集合未覆盖；不猜测
鲸凉鹤1.1手心挂接.txt	总是	zlui	zlui	未知飞键、非音码或读音集合未覆盖；不猜测
鲸凉鹤1.1手心挂接.txt	纵使	zlui	zlui	未知飞键、非音码或读音集合未覆盖；不猜测
鲸凉鹤1.1手心挂接.txt	宗师	zlui	zlui	未知飞键、非音码或读音集合未覆盖；不猜测
鲸凉鹤1.1手心挂接.txt	纵是	zlui	zlui	未知飞键、非音码或读音集合未覆盖；不猜测
鲸凉鹤1.1手心挂接.txt	总说	zluo	zluo	未知飞键、非音码或读音集合未覆盖；不猜测
鲸凉鹤1.1手心挂接.txt	总数	zluu	zluu	未知飞键、非音码或读音集合未覆盖；不猜测
鲸凉鹤1.1手心挂接.txt	总署	zluu	zluu	未知飞键、非音码或读音集合未覆盖；不猜测
鲸凉鹤1.1手心挂接.txt	综述	zluu	zluu	未知飞键、非音码或读音集合未覆盖；不猜测
鲸凉鹤1.1手心挂接.txt	总受	zluz	zluz	未知飞键、非音码或读音集合未覆盖；不猜测
鲸凉鹤1.1手心挂接.txt	总闸	zlva	zlva	未知飞键、非音码或读音集合未覆盖；不猜测
鲸凉鹤1.1手心挂接.txt	总找	zlvc	zlvc	未知飞键、非音码或读音集合未覆盖；不猜测
鲸凉鹤1.1手心挂接.txt	宗哲	zlve	zlve	未知飞键、非音码或读音集合未覆盖；不猜测
鲸凉鹤1.1手心挂接.txt	总政	zlvg	zlvg	未知飞键、非音码或读音集合未覆盖；不猜测
鲸凉鹤1.1手心挂接.txt	总账	zlvh	zlvh	未知飞键、非音码或读音集合未覆盖；不猜测
鲸凉鹤1.1手心挂接.txt	总之	zlvi	zlvi	未知飞键、非音码或读音集合未覆盖；不猜测
鲸凉鹤1.1手心挂接.txt	宗旨	zlvi	zlvi	未知飞键、非音码或读音集合未覆盖；不猜测
鲸凉鹤1.1手心挂接.txt	总值	zlvi	zlvi	未知飞键、非音码或读音集合未覆盖；不猜测
鲸凉鹤1.1手心挂接.txt	总站	zlvj	zlvj	未知飞键、非音码或读音集合未覆盖；不猜测
鲸凉鹤1.1手心挂接.txt	总政	zlvk	zlvk	未知飞键、非音码或读音集合未覆盖；不猜测
鲸凉鹤1.1手心挂接.txt	总装	zlvl	zlvl	未知飞键、非音码或读音集合未覆盖；不猜测
鲸凉鹤1.1手心挂接.txt	总之	zlvp	zlvp	未知飞键、非音码或读音集合未覆盖；不猜测
鲸凉鹤1.1手心挂接.txt	总重	zlvs	zlvs	未知飞键、非音码或读音集合未覆盖；不猜测
鲸凉鹤1.1手心挂接.txt	宗主	zlvu	zlvu	未知飞键、非音码或读音集合未覆盖；不猜测
鲸凉鹤1.1手心挂接.txt	总助	zlvu	zlvu	未知飞键、非音码或读音集合未覆盖；不猜测
鲸凉鹤1.1手心挂接.txt	纵轴	zlvz	zlvz	未知飞键、非音码或读音集合未覆盖；不猜测
鲸凉鹤1.1手心挂接.txt	总问	zlwf	zlwf	未知飞键、非音码或读音集合未覆盖；不猜测
鲸凉鹤1.1手心挂接.txt	总温	zlwf	zlwf	未知飞键、非音码或读音集合未覆盖；不猜测
鲸凉鹤1.1手心挂接.txt	总往	zlwh	zlwh	未知飞键、非音码或读音集合未覆盖；不猜测
鲸凉鹤1.1手心挂接.txt	总忘	zlwh	zlwh	未知飞键、非音码或读音集合未覆盖；不猜测
鲸凉鹤1.1手心挂接.txt	总网	zlwh	zlwh	未知飞键、非音码或读音集合未覆盖；不猜测
鲸凉鹤1.1手心挂接.txt	总玩	zlwj	zlwj	未知飞键、非音码或读音集合未覆盖；不猜测
鲸凉鹤1.1手心挂接.txt	总务	zlwu	zlwu	未知飞键、非音码或读音集合未覆盖；不猜测
鲸凉鹤1.1手心挂接.txt	总系	zlxi	zlxi	未知飞键、非音码或读音集合未覆盖；不猜测
鲸凉鹤1.1手心挂接.txt	棕溪	zlxi	zlxi	未知飞键、非音码或读音集合未覆盖；不猜测
鲸凉鹤1.1手心挂接.txt	纵向	zlxj	zlxj	未知飞键、非音码或读音集合未覆盖；不猜测
鲸凉鹤1.1手心挂接.txt	总醒	zlxk	zlxk	未知飞键、非音码或读音集合未覆盖；不猜测
鲸凉鹤1.1手心挂接.txt	总行	zlxk	zlxk	未知飞键、非音码或读音集合未覆盖；不猜测
鲸凉鹤1.1手心挂接.txt	总想	zlxl	zlxl	未知飞键、非音码或读音集合未覆盖；不猜测
鲸凉鹤1.1手心挂接.txt	纵向	zlxl	zlxl	未知飞键、非音码或读音集合未覆盖；不猜测
鲸凉鹤1.1手心挂接.txt	总像	zlxl	zlxl	未知飞键、非音码或读音集合未覆盖；不猜测
鲸凉鹤1.1手心挂接.txt	总线	zlxm	zlxm	未知飞键、非音码或读音集合未覆盖；不猜测
鲸凉鹤1.1手心挂接.txt	纵线	zlxm	zlxm	未知飞键、非音码或读音集合未覆盖；不猜测
鲸凉鹤1.1手心挂接.txt	总校	zlxn	zlxn	未知飞键、非音码或读音集合未覆盖；不猜测
鲸凉鹤1.1手心挂接.txt	总笑	zlxn	zlxn	未知飞键、非音码或读音集合未覆盖；不猜测
鲸凉鹤1.1手心挂接.txt	总选	zlxr	zlxr	未知飞键、非音码或读音集合未覆盖；不猜测
鲸凉鹤1.1手心挂接.txt	棕熊	zlxs	zlxs	未知飞键、非音码或读音集合未覆盖；不猜测
鲸凉鹤1.1手心挂接.txt	总序	zlxu	zlxu	未知飞键、非音码或读音集合未覆盖；不猜测
鲸凉鹤1.1手心挂接.txt	总辖	zlxx	zlxx	未知飞键、非音码或读音集合未覆盖；不猜测
鲸凉鹤1.1手心挂接.txt	总压	zlya	zlya	未知飞键、非音码或读音集合未覆盖；不猜测
鲸凉鹤1.1手心挂接.txt	总要	zlyc	zlyc	未知飞键、非音码或读音集合未覆盖；不猜测
鲸凉鹤1.1手心挂接.txt	总也	zlye	zlye	未知飞键、非音码或读音集合未覆盖；不猜测
鲸凉鹤1.1手心挂接.txt	粽叶	zlye	zlye	未知飞键、非音码或读音集合未覆盖；不猜测
鲸凉鹤1.1手心挂接.txt	棕眼	zlyf	zlyf	未知飞键、非音码或读音集合未覆盖；不猜测
鲸凉鹤1.1手心挂接.txt	纵欲	zlyg	zlyg	未知飞键、非音码或读音集合未覆盖；不猜测
鲸凉鹤1.1手心挂接.txt	综艺	zlyi	zlyi	未知飞键、非音码或读音集合未覆盖；不猜测
鲸凉鹤1.1手心挂接.txt	总以	zlyi	zlyi	未知飞键、非音码或读音集合未覆盖；不猜测
鲸凉鹤1.1手心挂接.txt	棕眼	zlyj	zlyj	未知飞键、非音码或读音集合未覆盖；不猜测
鲸凉鹤1.1手心挂接.txt	踪影	zlyk	zlyk	未知飞键、非音码或读音集合未覆盖；不猜测
鲸凉鹤1.1手心挂接.txt	总院	zlyr	zlyr	未知飞键、非音码或读音集合未覆盖；不猜测
鲸凉鹤1.1手心挂接.txt	总用	zlys	zlys	未知飞键、非音码或读音集合未覆盖；不猜测
鲸凉鹤1.1手心挂接.txt	纵欲	zlyu	zlyu	未知飞键、非音码或读音集合未覆盖；不猜测
鲸凉鹤1.1手心挂接.txt	总有	zlyz	zlyz	未知飞键、非音码或读音集合未覆盖；不猜测
鲸凉鹤1.1手心挂接.txt	纵有	zlyz	zlyz	未知飞键、非音码或读音集合未覆盖；不猜测
鲸凉鹤1.1手心挂接.txt	总在	zlzd	zlzd	未知飞键、非音码或读音集合未覆盖；不猜测
鲸凉鹤1.1手心挂接.txt	总则	zlze	zlze	未知飞键、非音码或读音集合未覆盖；不猜测
鲸凉鹤1.1手心挂接.txt	总增	zlzg	zlzg	未知飞键、非音码或读音集合未覆盖；不猜测
鲸凉鹤1.1手心挂接.txt	粽子	zlzi	zlzi	未知飞键、非音码或读音集合未覆盖；不猜测
鲸凉鹤1.1手心挂接.txt	总做	zlzo	zlzo	未知飞键、非音码或读音集合未覆盖；不猜测
鲸凉鹤1.1手心挂接.txt	总纂	zlzr	zlzr	未知飞键、非音码或读音集合未覆盖；不猜测
鲸凉鹤1.1手心挂接.txt	宗族	zlzu	zlzu	未知飞键、非音码或读音集合未覆盖；不猜测
鲸凉鹤1.1手心挂接.txt	宗罪	zlzv	zlzv	未知飞键、非音码或读音集合未覆盖；不猜测
鲸凉鹤1.1手心挂接.txt	做呗	zobd	zobd	未知飞键、非音码或读音集合未覆盖；不猜测
鲸凉鹤1.1手心挂接.txt	做到	zodl	zodl	未知飞键、非音码或读音集合未覆盖；不猜测
鲸凉鹤1.1手心挂接.txt	坐到	zodl	zodl	未知飞键、非音码或读音集合未覆盖；不猜测
鲸凉鹤1.1手心挂接.txt	左道	zodl	zodl	未知飞键、非音码或读音集合未覆盖；不猜测
鲸凉鹤1.1手心挂接.txt	做鬼	zogi	zogi	未知飞键、非音码或读音集合未覆盖；不猜测
鲸凉鹤1.1手心挂接.txt	做官	zogp	zogp	未知飞键、非音码或读音集合未覆盖；不猜测
鲸凉鹤1.1手心挂接.txt	坐观	zogp	zogp	未知飞键、非音码或读音集合未覆盖；不猜测
鲸凉鹤1.1手心挂接.txt	作官	zogp	zogp	未知飞键、非音码或读音集合未覆盖；不猜测
鲸凉鹤1.1手心挂接.txt	左道	zojf	zojf	未知飞键、非音码或读音集合未覆盖；不猜测
鲸凉鹤1.1手心挂接.txt	坐骑	zoji	zoji	未知飞键、非音码或读音集合未覆盖；不猜测
鲸凉鹤1.1手心挂接.txt	作践	zojz	zojz	未知飞键、非音码或读音集合未覆盖；不猜测
鲸凉鹤1.1手心挂接.txt	左肩	zojz	zojz	未知飞键、非音码或读音集合未覆盖；不猜测
鲸凉鹤1.1手心挂接.txt	左键	zojz	zojz	未知飞键、非音码或读音集合未覆盖；不猜测
鲸凉鹤1.1手心挂接.txt	左列	zolf	zolf	未知飞键、非音码或读音集合未覆盖；不猜测
鲸凉鹤1.1手心挂接.txt	坐满	zomr	zomr	未知飞键、非音码或读音集合未覆盖；不猜测
鲸凉鹤1.1手心挂接.txt	柞木	zomx	zomx	未知飞键、非音码或读音集合未覆盖；不猜测
鲸凉鹤1.1手心挂接.txt	作难	zonz	zonz	未知飞键、非音码或读音集合未覆盖；不猜测
鲸凉鹤1.1手心挂接.txt	座屏	zopx	zopx	未知飞键、非音码或读音集合未覆盖；不猜测
鲸凉鹤1.1手心挂接.txt	做起	zoqe	zoqe	未知飞键、非音码或读音集合未覆盖；不猜测
鲸凉鹤1.1手心挂接.txt	坐起	zoqe	zoqe	未知飞键、非音码或读音集合未覆盖；不猜测
鲸凉鹤1.1手心挂接.txt	佐町	zotk	zotk	未知飞键、非音码或读音集合未覆盖；不猜测
鲸凉鹤1.1手心挂接.txt	左腿	zotl	zotl	未知飞键、非音码或读音集合未覆盖；不猜测
鲸凉鹤1.1手心挂接.txt	座山	zous	zous	未知飞键、非音码或读音集合未覆盖；不猜测
鲸凉鹤1.1手心挂接.txt	作证	zovk	zovk	未知飞键、非音码或读音集合未覆盖；不猜测
鲸凉鹤1.1手心挂接.txt	佐证	zovk	zovk	未知飞键、非音码或读音集合未覆盖；不猜测
鲸凉鹤1.1手心挂接.txt	坐正	zovk	zovk	未知飞键、非音码或读音集合未覆盖；不猜测
鲸凉鹤1.1手心挂接.txt	作秀	zoxo	zoxo	未知飞键、非音码或读音集合未覆盖；不猜测
鲸凉鹤1.1手心挂接.txt	做秀	zoxo	zoxo	未知飞键、非音码或读音集合未覆盖；不猜测
鲸凉鹤1.1手心挂接.txt	做嘢	zoye	zoye	未知飞键、非音码或读音集合未覆盖；不猜测
鲸凉鹤1.1手心挂接.txt	左眼	zoyf	zoyf	未知飞键、非音码或读音集合未覆盖；不猜测
鲸凉鹤1.1手心挂接.txt	做鱼	zoyg	zoyg	未知飞键、非音码或读音集合未覆盖；不猜测
鲸凉鹤1.1手心挂接.txt	赚不	zrbu	zrbu	未知飞键、非音码或读音集合未覆盖；不猜测
鲸凉鹤1.1手心挂接.txt	钻到	zrdl	zrdl	未知飞键、非音码或读音集合未覆盖；不猜测
鲸凉鹤1.1手心挂接.txt	赚回	zrhv	zrhv	未知飞键、非音码或读音集合未覆盖；不猜测
鲸凉鹤1.1手心挂接.txt	赚来	zrld	zrld	未知飞键、非音码或读音集合未覆盖；不猜测
鲸凉鹤1.1手心挂接.txt	赚米	zrmi	zrmi	未知飞键、非音码或读音集合未覆盖；不猜测
鲸凉鹤1.1手心挂接.txt	钻木	zrmx	zrmx	未知飞键、非音码或读音集合未覆盖；不猜测
鲸凉鹤1.1手心挂接.txt	赚钱	zrqm	zrqm	未知飞键、非音码或读音集合未覆盖；不猜测
鲸凉鹤1.1手心挂接.txt	赚我	zrwo	zrwo	未知飞键、非音码或读音集合未覆盖；不猜测
鲸凉鹤1.1手心挂接.txt	纂修	zrxo	zrxo	未知飞键、非音码或读音集合未覆盖；不猜测
鲸凉鹤1.1手心挂接.txt	钻研	zryf	zryf	未知飞键、非音码或读音集合未覆盖；不猜测
鲸凉鹤1.1手心挂接.txt	总到	zsdl	zsdl	未知飞键、非音码或读音集合未覆盖；不猜测
鲸凉鹤1.1手心挂接.txt	总打	zsdw	zsdw	未知飞键、非音码或读音集合未覆盖；不猜测
鲸凉鹤1.1手心挂接.txt	总归	zsgi	zsgi	未知飞键、非音码或读音集合未覆盖；不猜测
鲸凉鹤1.1手心挂接.txt	总管	zsgp	zsgp	未知飞键、非音码或读音集合未覆盖；不猜测
鲸凉鹤1.1手心挂接.txt	纵观	zsgp	zsgp	未知飞键、非音码或读音集合未覆盖；不猜测
鲸凉鹤1.1手心挂接.txt	纵贯	zsgp	zsgp	未知飞键、非音码或读音集合未覆盖；不猜测
鲸凉鹤1.1手心挂接.txt	总监	zsjz	zsjz	未知飞键、非音码或读音集合未覆盖；不猜测
鲸凉鹤1.1手心挂接.txt	纵列	zslf	zslf	未知飞键、非音码或读音集合未覆盖；不猜测
鲸凉鹤1.1手心挂接.txt	综漫	zsmr	zsmr	未知飞键、非音码或读音集合未覆盖；不猜测
鲸凉鹤1.1手心挂接.txt	总目	zsmx	zsmx	未知飞键、非音码或读音集合未覆盖；不猜测
鲸凉鹤1.1手心挂接.txt	棕南	zsnz	zsnz	未知飞键、非音码或读音集合未覆盖；不猜测
鲸凉鹤1.1手心挂接.txt	纵坡	zsps	zsps	未知飞键、非音码或读音集合未覆盖；不猜测
鲸凉鹤1.1手心挂接.txt	总评	zspx	zspx	未知飞键、非音码或读音集合未覆盖；不猜测
鲸凉鹤1.1手心挂接.txt	总起	zsqe	zsqe	未知飞键、非音码或读音集合未覆盖；不猜测
鲸凉鹤1.1手心挂接.txt	宗山	zsus	zsus	未知飞键、非音码或读音集合未覆盖；不猜测
鲸凉鹤1.1手心挂接.txt	总政	zsvk	zsvk	未知飞键、非音码或读音集合未覆盖；不猜测
鲸凉鹤1.1手心挂接.txt	总之	zsvp	zsvp	未知飞键、非音码或读音集合未覆盖；不猜测
鲸凉鹤1.1手心挂接.txt	杂务	zswu	zswu	未知飞键、非音码或读音集合未覆盖；不猜测
鲸凉鹤1.1手心挂接.txt	纵向	zsxj	zsxj	未知飞键、非音码或读音集合未覆盖；不猜测
鲸凉鹤1.1手心挂接.txt	棕眼	zsyf	zsyf	未知飞键、非音码或读音集合未覆盖；不猜测
鲸凉鹤1.1手心挂接.txt	纵欲	zsyg	zsyg	未知飞键、非音码或读音集合未覆盖；不猜测
鲸凉鹤1.1手心挂接.txt	租到	zudl	zudl	未知飞键、非音码或读音集合未覆盖；不猜测
鲸凉鹤1.1手心挂接.txt	足道	zudl	zudl	未知飞键、非音码或读音集合未覆盖；不猜测
鲸凉鹤1.1手心挂接.txt	族规	zugi	zugi	未知飞键、非音码或读音集合未覆盖；不猜测
鲸凉鹤1.1手心挂接.txt	足管	zugp	zugp	未知飞键、非音码或读音集合未覆盖；不猜测
鲸凉鹤1.1手心挂接.txt	足道	zujf	zujf	未知飞键、非音码或读音集合未覆盖；不猜测
鲸凉鹤1.1手心挂接.txt	组建	zujz	zujz	未知飞键、非音码或读音集合未覆盖；不猜测
鲸凉鹤1.1手心挂接.txt	组件	zujz	zujz	未知飞键、非音码或读音集合未覆盖；不猜测
鲸凉鹤1.1手心挂接.txt	足见	zujz	zujz	未知飞键、非音码或读音集合未覆盖；不猜测
鲸凉鹤1.1手心挂接.txt	组满	zumr	zumr	未知飞键、非音码或读音集合未覆盖；不猜测
鲸凉鹤1.1手心挂接.txt	祖母	zumx	zumx	未知飞键、非音码或读音集合未覆盖；不猜测
鲸凉鹤1.1手心挂接.txt	祖墓	zumx	zumx	未知飞键、非音码或读音集合未覆盖；不猜测
鲸凉鹤1.1手心挂接.txt	阻难	zunz	zunz	未知飞键、非音码或读音集合未覆盖；不猜测
鲸凉鹤1.1手心挂接.txt	租赁	zupk	zupk	未知飞键、非音码或读音集合未覆盖；不猜测
鲸凉鹤1.1手心挂接.txt	祖婆	zups	zups	未知飞键、非音码或读音集合未覆盖；不猜测
鲸凉鹤1.1手心挂接.txt	祖山	zuus	zuus	未知飞键、非音码或读音集合未覆盖；不猜测
鲸凉鹤1.1手心挂接.txt	卒之	zuvp	zuvp	未知飞键、非音码或读音集合未覆盖；不猜测
鲸凉鹤1.1手心挂接.txt	足浴	zuyg	zuyg	未知飞键、非音码或读音集合未覆盖；不猜测
鲸凉鹤1.1手心挂接.txt	卒于	zuyg	zuyg	未知飞键、非音码或读音集合未覆盖；不猜测
鲸凉鹤1.1手心挂接.txt	祖宗	zuzl	zuzl	未知飞键、非音码或读音集合未覆盖；不猜测
鲸凉鹤1.1手心挂接.txt	醉倒	zvdl	zvdl	未知飞键、非音码或读音集合未覆盖；不猜测
鲸凉鹤1.1手心挂接.txt	最屌	zvdn	zvdn	未知飞键、非音码或读音集合未覆盖；不猜测
鲸凉鹤1.1手心挂接.txt	最贵	zvgi	zvgi	未知飞键、非音码或读音集合未覆盖；不猜测
鲸凉鹤1.1手心挂接.txt	醉鬼	zvgi	zvgi	未知飞键、非音码或读音集合未覆盖；不猜测
鲸凉鹤1.1手心挂接.txt	最後	zvhz	zvhz	未知飞键、非音码或读音集合未覆盖；不猜测
鲸凉鹤1.1手心挂接.txt	最囧	zvjs	zvjs	未知飞键、非音码或读音集合未覆盖；不猜测
鲸凉鹤1.1手心挂接.txt	嘴尖	zvjz	zvjz	未知飞键、非音码或读音集合未覆盖；不猜测
鲸凉鹤1.1手心挂接.txt	最烈	zvlf	zvlf	未知飞键、非音码或读音集合未覆盖；不猜测
鲸凉鹤1.1手心挂接.txt	醉咯	zvlo	zvlo	未知飞键、非音码或读音集合未覆盖；不猜测
鲸凉鹤1.1手心挂接.txt	最慢	zvmr	zvmr	未知飞键、非音码或读音集合未覆盖；不猜测
鲸凉鹤1.1手心挂接.txt	罪木	zvmx	zvmx	未知飞键、非音码或读音集合未覆盖；不猜测
鲸凉鹤1.1手心挂接.txt	最难	zvnz	zvnz	未知飞键、非音码或读音集合未覆盖；不猜测
鲸凉鹤1.1手心挂接.txt	嘴皮	zvpe	zvpe	未知飞键、非音码或读音集合未覆盖；不猜测
鲸凉鹤1.1手心挂接.txt	罪证	zvvk	zvvk	未知飞键、非音码或读音集合未覆盖；不猜测
鲸凉鹤1.1手心挂接.txt	醉眼	zvyf	zvyf	未知飞键、非音码或读音集合未覆盖；不猜测
鲸凉鹤1.1手心挂接.txt	嘴严	zvyf	zvyf	未知飞键、非音码或读音集合未覆盖；不猜测
鲸凉鹤1.1手心挂接.txt	贼盗	zwdl	zwdl	未知飞键、非音码或读音集合未覆盖；不猜测
鲸凉鹤1.1手心挂接.txt	贼贵	zwgi	zwgi	未知飞键、非音码或读音集合未覆盖；不猜测
鲸凉鹤1.1手心挂接.txt	贼贱	zwjz	zwjz	未知飞键、非音码或读音集合未覆盖；不猜测
鲸凉鹤1.1手心挂接.txt	贼慢	zwmr	zwmr	未知飞键、非音码或读音集合未覆盖；不猜测
鲸凉鹤1.1手心挂接.txt	贼婆	zwps	zwps	未知飞键、非音码或读音集合未覆盖；不猜测
鲸凉鹤1.1手心挂接.txt	贼眼	zwyf	zwyf	未知飞键、非音码或读音集合未覆盖；不猜测
鲸凉鹤1.1手心挂接.txt	遵从	zycl	zycl	未知飞键、非音码或读音集合未覆盖；不猜测
鲸凉鹤1.1手心挂接.txt	尊贵	zygi	zygi	未知飞键、非音码或读音集合未覆盖；不猜测
鲸凉鹤1.1手心挂接.txt	尊严	zyyf	zyyf	未知飞键、非音码或读音集合未覆盖；不猜测
鲸凉鹤1.1手心挂接.txt	尊颜	zyyf	zyyf	未知飞键、非音码或读音集合未覆盖；不猜测
鲸凉鹤1.1手心挂接.txt	鳟鱼	zyyg	zyyg	未知飞键、非音码或读音集合未覆盖；不猜测
鲸凉鹤1.1手心挂接.txt	走到	zzdl	zzdl	未知飞键、非音码或读音集合未覆盖；不猜测
鲸凉鹤1.1手心挂接.txt	走道	zzdl	zzdl	未知飞键、非音码或读音集合未覆盖；不猜测
鲸凉鹤1.1手心挂接.txt	走罐	zzgp	zzgp	未知飞键、非音码或读音集合未覆盖；不猜测
鲸凉鹤1.1手心挂接.txt	走道	zzjf	zzjf	未知飞键、非音码或读音集合未覆盖；不猜测
鲸凉鹤1.1手心挂接.txt	走件	zzjz	zzjz	未知飞键、非音码或读音集合未覆盖；不猜测
鲸凉鹤1.1手心挂接.txt	走咯	zzlo	zzlo	未知飞键、非音码或读音集合未覆盖；不猜测
鲸凉鹤1.1手心挂接.txt	走慢	zzmr	zzmr	未知飞键、非音码或读音集合未覆盖；不猜测
鲸凉鹤1.1手心挂接.txt	走坡	zzps	zzps	未知飞键、非音码或读音集合未覆盖；不猜测
鲸凉鹤1.1手心挂接.txt	邹平	zzpx	zzpx	未知飞键、非音码或读音集合未覆盖；不猜测
鲸凉鹤1.1手心挂接.txt	走起	zzqe	zzqe	未知飞键、非音码或读音集合未覆盖；不猜测
鲸凉鹤1.1手心挂接.txt	奏起	zzqe	zzqe	未知飞键、非音码或读音集合未覆盖；不猜测
鲸凉鹤1.1手心挂接.txt	走扇	zzus	zzus	未知飞键、非音码或读音集合未覆盖；不猜测
鲸凉鹤1.1手心挂接.txt	走向	zzxj	zzxj	未知飞键、非音码或读音集合未覆盖；不猜测
鲸凉鹤1.1手心挂接.txt	走秀	zzxo	zzxo	未知飞键、非音码或读音集合未覆盖；不猜测
鲸凉鹤1.1手心挂接.txt	走眼	zzyf	zzyf	未知飞键、非音码或读音集合未覆盖；不猜测
