类别	根	展示名	宿主	核心用字数	扩展用字数	核心用字	扩展用字
主根	横	横	横	57	106	万 上 下 事 使 俄 俶 凄 劢 叔 吏 吓 哦 嘁 奭 妻 娥 婌 寂 峨 年 忐 忑 戌 我 戚 曦 椒 榱 槭 涐 淑 爔 琡 疠 督 硪 缞 羲 莪 菽 萋 蓑 虾 虿 蛾 衰 襫 让 趸 蹙 迈 郪 锇 饿 鹅 𬇕	閇 墄 䙯 㗤 顣 縬 踧 䠞 啛 䃀 圵 蔋 裻 錖 誐 䕏 皒 鋨 餓 睋 峩 㧴 騀 䖸 鵝 鵞 䄉 䳗 䳘 珴 㫔 颪 芐 㼮 兏 仧 仩 諔 䙘 㾥 敊 埱 漃 蟻 茮 㠪 裃 垰 㤦 栃 摵 雫 㩘 惄 䦊 挊 褄 淒 䗩 鏚 慼 捿 鶈 緀 悽 慽 磩 傶 霋 棲 㰗 鞐 峠 㹬 䭄 掓 尗 㑐 鮛 䱙 杤 㕒 燨 犠 義 疜 乤 梺 圷 嬟 議 艤 䉝 䧧 㠖 嶬 轙 䣡 䴊 礒 儀 䲑 檥 鸃 剚 倳
附属根	一	一	横	833	3270	㛹 㟃 㠓 㬊 㵐 㽏 䴓 一 不 与 丏 丐 丕 丙 丛 丞 乍 乎 亍 亓 亘 亟 亲 亶 亹 伫 伺 伾 但 体 作 佩 佰 侗 侠 侯 侴 便 俅 俜 倕 候 假 傉 僖 僭 僵 儇 元 兜 兮 兰 兹 兽 册 再 写 冠 减 凳 凸 凹 刁 刑 删 刹 剅 前 剪 副 劂 劄 匐 匼 卡 卣 卫 卮 卸 卺 厥 厦 厨 厩 叚 号 司 叼 合 同 后 否 吨 呸 呼 命 咋 咔 咸 咺 哃 哈 哽 唇 唾 啬 善 喉 喊 喜 喧 喳 嗄 嗌 嗍 嗒 嗞 嗣 嗤 嘈 嘉 嘎 嘏 嘚 嘭 嘻 噎 噔 噘 嚭 囤 园 圜 坉 坏 坦 坪 坯 垂 型 垌 垕 垢 垣 垸 埂 域 埵 堠 堽 塑 塔 墕 墙 墡 壑 壹 夏 夔 夤 夹 套 奡 妍 妧 妲 姗 姘 姤 姮 姶 威 娉 娠 婕 婳 媛 媸 嫣 嫭 嫱 嬉 嬗 嬛 孅 孬 孳 完 宣 宸 宿 寁 寅 寇 富 寡 寨 寰 屏 屯 屿 岍 岞 峒 峘 峡 崴 嵅 嵖 嵫 嶝 巇 巧 师 帡 幅 幪 平 并 开 弇 弑 弼 彀 形 彧 彭 征 得 御 微 徵 德 徽 忳 怀 怍 怎 怔 怛 怦 恒 恫 恰 惑 惘 惠 惩 惬 愃 感 慈 慨 憕 憙 憾 懿 或 戛 戭 扽 抔 抨 拃 担 拜 拤 拦 拯 拷 拼 拾 拿 挟 振 捶 捷 援 揸 搠 搭 搽 摒 撅 撼 擅 擐 政 救 整 斌 新 旆 既 旦 昨 昺 昼 晅 晨 暄 暅 暇 暖 暨 暿 更 曹 朔 朦 本 朽 杀 杂 条 杯 枅 枍 枰 枵 柄 柞 查 栀 栅 栏 栟 栲 桐 桓 梗 棫 棰 楂 楦 楩 概 榇 榖 榨 槊 槽 樯 橙 橛 橞 橱 檀 檬 欤 歙 正 武 歪 殛 殪 求 汈 汧 沅 沌 沔 沛 泙 泻 洘 洞 洴 洹 洽 浃 浉 浣 浭 涄 涤 渣 渰 渲 湃 湔 湲 溉 溚 溢 溦 溯 溽 滋 滍 滹 漋 演 漕 漹 澂 澄 澍 澎 澧 澴 澶 瀔 瀣 瀹 灭 炖 炟 炳 炸 烀 烂 烔 烜 烝 烤 烷 焉 煊 煎 熹 熻 爚 爨 爰 狉 狭 狮 猴 猹 獗 獴 玙 玩 环 玶 珊 珷 球 瑄 瑕 瑗 璒 璮 璺 瓶 甏 甦 甭 画 疆 疍 疟 疸 痄 病 症 痘 痞 瘊 瘕 瘗 瘩 癃 登 百 皕 皖 益 盒 盥 盹 眄 睡 睫 睿 瞪 瞽 短 研 砘 砟 砰 砵 硎 硐 硖 硬 碍 碱 碴 碹 磁 磴 礓 礞 祚 祠 福 禧 秤 穑 穗 窀 窄 窍 窿 笄 笥 笨 笪 笮 筒 答 筛 筦 筻 箧 箭 箴 篌 篼 簪 籥 粤 粳 糇 糍 糟 縠 纯 纻 给 绠 绦 缄 缑 缓 缛 缢 缩 缮 缰 缳 罅 罔 罘 罡 翕 翦 翾 考 耠 耨 耰 聘 肆 肫 肺 胆 胙 胚 胩 胴 胼 脎 脘 膨 膳 膻 臌 舆 舞 舴 艏 艚 艨 芈 芣 芫 芾 苎 苤 苯 苹 茶 茼 荁 荆 荓 荚 莞 莼 萍 萱 葭 葳 葴 蒄 蒙 蒴 蒸 蓐 蓿 蔫 蔷 蔸 蔻 蕙 蕨 蕻 薅 薇 薤 薪 虐 蚩 蚱 蚲 蛃 蛤 蛱 蛳 蜃 蜮 蝠 螠 螬 蟛 蟪 蟮 蠓 蠲 衃 袒 袷 裘 褡 褥 觱 觳 证 评 诈 词 诟 谑 谖 谥 谫 谮 谶 豆 豇 豉 豌 貆 貊 贮 赇 赈 赋 赟 趼 跚 蹅 蹜 蹬 蹰 蹶 轷 辋 辐 辰 辱 还 远 迮 迸 逅 逆 逑 逗 逼 遐 道 遭 邢 邨 邳 邴 郃 郈 郏 鄢 鄯 酆 酢 酮 醴 量 钘 钙 钚 钝 钲 钵 钽 铏 铐 铗 铜 铩 铪 锎 锝 锤 锾 镃 镎 镒 镢 镫 镮 闩 阈 阙 阮 阼 陋 陌 陕 院 陲 隆 隘 震 霈 霞 靼 鞭 鞳 韭 顽 顿 颊 颌 颤 饕 饨 饲 饸 饼 馇 首 馗 馘 骈 骋 骺 髡 髢 髦 髫 髭 髯 髹 髻 髽 鬃 鬈 鬏 鬒 鬓 鬘 鬟 鬣 魍 鲀 鲆 鲊 鲖 鲘 鲠 鲦 鲩 鲾 鳜 鳝 鳡 鳢 鳣 鸮 鸽 鹉 鹚 鹢 鹮 鹯 鹲 鼋 鼍 鼎 鼐 鼒 鼓 鼗 鼙 齑 龛 龠 龢 𥕢 𥻗 𨭉 𨱇 𨱏 𫍣 𫍯 𫍽 𫗴 𫚕 𬂩 𬌗 𬘫 𬙂 𬣞 𬤝 𬭤 𬭳 𬳵 𬶨 𬶮	溰 䔇 䶣 䅬 皚 隑 賹 剴 獃 敳 敱 嵦 㕌 㤅 㝵 㱯 磑 凒 䑂 塧 啽 媕 葊 頇 頞 盫 囂 䆟 䫜 䦋 镺 䫨 垇 䶕 峇 㧊 䯲 髕 濱 瀕 頻 賓 顮 䨈 䚔 贇 鑌 䧬 氞 擯 鬂 鬢 髩 繽 殯 儐 檳 臏 璸 䈏 齙 䯽 嫑 虣 髱 曓 䨌 㗑 粨 竡 䪹 㓦 瓸 拝 絔 韛 栢 泍 䬱 㡷 㤓 㮺 翉 䑫 㼞 㔙 絣 㱶 伻 跰 逬 娝 㚰 煏 湢 䵗 稫 䫁 䮠 畐 髲 豍 鶝 䪐 㢶 䋔 弻 韠 愊 偪 踾 䵄 㳼 鰏 鮩 楅 腷 堛 頒 䰉 誁 苪 䔊 寎 窉 餠 鈵 鞆 鉼 餅 眪 陃 庰 抦 綆 昞 怲 倂 併 偋 䴵 幷 垪 箯 獱 缏 鞕 䁵 䪻 緶 頨 鯾 䛒 髟 㶾 爂 袹 缽 溊 蔔 犻 鉢 䬪 㩭 㼣 䢌 䰊 壆 䟛 豰 穪 㿜 癟 吥 鈈 䪔 㾱 㸬 盃 昁 㤳 䰽 桮 杮 柸 囃 䵽 㜖 褿 蓸 鏪 嶆 㯥 䏆 曺 䒑 慒 傮 䄚 䐬 鼜 䰂 粣 笧 䇲 齰 冊 䜺 䅾 䫈 艙 篬 滄 濸 蒼 獊 䅮 螥 倉 仺 鶬 䢢 賶 嵢 傖 凔 瑲 㘂 詞 嬨 䈘 濨 䓧 螆 䗹 刾 䯸 䰍 䛐 齹 甆 鶿 鷀 礠 柌 噆 㿊 蠶 䣟 朁 䍼 憯 䰈 㸑 䰌 従 顣 䙑 顇 縗 䍎 藪 㗳 呾 㜓 詚 荅 剳 㾑 鎝 畣 㿯 龖 龘 㟷 撘 㩉 䌋 䪏 䪚 䵣 㯓 匒 㙮 幬 䊭 濤 薵 㿒 隯 嶹 擣 噵 䆃 衜 衟 導 醻 儔 禱 檤 檮 軇 翿 燾 瓙 壔 艜 帯 蔕 帶 䠠 遰 㿃 螮 廗 侢 蹛 䚟 㯂 淂 鍀 㯖 棏 嬁 燈 艠 䙞 簦 䔲 䒭 竳 鐙 隥 朩 䮴 㔁 鄧 㲪 䳾 覴 豋 僜 䠬 櫈 墱 婸 簜 燙 璗 盪 蕩 蘯 瘍 䑗 崵 逿 愓 碭 偒 場 瑒 滌 蓧 慸 䩘 嵽 摕 䯼 鬄 䪘 頔 題 㦅 僀 䐭 墆 䉞 泹 澸 狚 䪴 蟺 㔊 勯 皽 㡺 髧 繵 頕 䦔 鴠 儃 觛 柦 壇 㴿 濎 薡 顁 鐤 嵿 頂 鼑 䵺 齻 癲 巓 巔 攧 顛 顚 䯾 缍 䅜 崜 鬌 綞 䫂 硾 㻔 啑 蜨 䫕 镻 䪓 籪 斷 躖 䠪 㖦 姛 詷 娻 諌 涷 菄 狪 䵔 㢥 戙 迵 䆚 蝀 崠 崬 氭 䰤 挏 駧 㨂 東 㼯 鶇 㣚 絧 䍶 衕 㓊 倲 凍 霘 鯟 棟 腖 䞒 埬 鼕 頓 䫳 韥 韣 瀩 頧 噸 鈍 庉 伅 氀 㛒 䛠 䇺 浢 荳 鋀 餖 㢄 郖 毭 㪷 㨮 㓸 鬬 鬭 闘 鬪 㤱 侸 䄈 饾 梪 脰 顎 䣞 啞 噁 遻 㖾 䛩 䑪 齶 額 頋 頟 䫷 蝁 琧 亞 悪 惡 搤 堊 㼂 齾 硆 磀 㦍 佮 僫 椏 䝈 䞩 埡 鞥 䭓 饐 奀 嬭 薾 貮 髵 爾 邇 弐 髶 趰 㛲 灋 佱 髪 髮 発 錀 䫞 鼖 灃 㵯 蘴 寷 凮 凬 鳳 㠦 豐 㒥 僼 霻 靊 麷 鄷 豊 䰃 髣 㑂 煩 薠 䪛 䫶 䪤 嘸 諨 䒄 䒇 褔 䓏 䔰 䕎 葍 䌿 䫝 冨 鍢 賦 陚 䝾 巿 㽬 輻 䭮 䯱 髴 撫 䋹 䵾 韍 䌗 䪙 䫍 頫 䞜 䑔 廃 䰁 䍨 妚 鴀 紑 嘠 韟 鼛 漑 鈣 㮣 槩 㧉 摡 㕢 䪱 槪 䐩 嘅 詥 秴 鉿 鞈 頜 㓣 鴿 韐 搿 韚 閤 鮯 㭘 匌 䪺 䫦 䫀 亙 揯 搄 㮓 骾 莄 㹴 㾘 峺 頸 刯 㪅 郠 挭 䢚 絚 緪 羮 䌄 絙 縆 恆 䱍 䱭 䱎 䱴 鯁 堩 焵 焹 罁 剛 岡 頏 鎠 犅 鋼 㟵 㟠 崗 掆 綱 碙 棡 堈 諴 㺂 䃭 鱤 鰔 噲 摑 臦 臩 㖪 嘓 幗 簂 漍 蔮 蟈 䬎 聝 䤋 䂸 慖 國 䐸 膕 観 淪 潅 䏓 癏 鵍 綸 丱 卝 關 䦎 䚪 鱞 櫬 龔 龏 髸 濲 薣 䶜 䵻 䜼 顧 䐨 穀 糓 轂 皷 皼 鼔 襘 劌 癐 劊 䐴 嶡 䮹 繪 禬 䠩 鱖 鱥 槶 檜 給 捖 㒷 䫚 㱙 睔 䎾 詬 茩 䪷 緱 韝 耉 㜌 㝅 蝦 䪽 號 呺 㙱 灝 鎒 㞻 顥 頦 㨟 還 䱺 䠽 喛 粭 齕 癋 餄 㪉 欱 敆 䢔 䶎 峆 䫘 㕡 㯊 狟 鵆 橫 䜗 㸁 頷 顩 歛 鋎 䁔 䫲 㰹 㨔 丆 顄 韓 椷 㙔 㙳 劃 黃 咟 㗲 濊 㩇 掝 旤 㦎 奯 䰥 㦯 䱛 㯉 䯘 糫 歓 䈠 㶎 藧 阛 䥧 鍰 鐶 睆 嵈 攌 轘 㣪 緩 繯 䴉 綄 羦 闤 雈 懁 䴷 鰀 鯇 䴋 㹕 環 澒 黌 彋 嘑 謼 幠 䉿 瀫 泘 苸 頶 䴣 戸 㪶 㸦 摢 軤 鬍 觷 䪝 弖 衚 乯 礐 㽇 歑 虖 戲 㦆 雽 㯛 膴 㱿 㷤 㺉 嗀 螜 壷 壺 垀 䫭 噦 嬒 諱 譮 譓 煒 燴 褘 湏 澮 潓 薈 薉 顪 獩 翽 穢 寭 㑹 會 鏸 銊 鐬 䶐 瞺 䧥 䢈 叀 恵 㣛 頮 幑 鰴 徻 韋 韢 違 憓 僡 椲 檅 璯 璤 嫿 澅 蕐 䶤 獪 竵 㓰 學 畫 繣 畵 䫟 䅱 顐 俒 梡 㖃 帿 䙈 洉 葔 䗔 㸸 銗 鍭 餱 䞀 睺 䂉 㰯 鱟 㬋 㤧 䫛 鄇 鮜 翭 鯸 㮢 䳧 腄 䞧 㰻 嗏 䓭 䶪 餷 㡸 挿 㫅 疀 鼌 鼂 齜 頙 揊 嚫 䜟 讖 䫖 襯 蔯 莀 齓 齔 䆣 㧱 䢅 螴 陳 䀼 䞋 㲀 敐 䣅 㫳 麎 曟 鷐 侲 儭 樄 桭 嗆 泟 瀓 洆 竀 鎗 阷 䧕 䫆 搶 撜 騁 䚘 懲 脀 槍 檙 頳 䞓 畼 䯴 镸 瓺 韔 暢 䱽 腸 膓 塲 鼚 嘯 湁 滯 懘 齝 㺈 䶔 齣 齒 饎 䶵 䧝 㡿 䜵 彲 䜻 䮻 驪 妛 㒆 辴 煘 襝 襢 䫮 顫 䥀 䪜 䤘 懴 懺 䑎 瘡 創 戧 剏 剙 愴 齱 齪 鑡 磭 䁣 甎 暷 傳 團 膞 寵 衝 䌬 嘼 㡡 幮 齭 齼 䶥 蟵 㕏 㕑 廚 䜴 躕 櫉 櫥 䐍 䍋 箠 菙 郵 龡 錘 顀 䫄 滣 浱 漘 䓐 芚 蒓 萅 蓴 䔚 㝄 䥎 陙 䫃 脣 旾 䣩 純 杶 嚋 䛣 嬦 譸 燽 疇 丒 籌 㿧 㐜 䌧 懤 躊 䲖 魗 㦞 嚍 嬐 嬧 燼 濜 菫 藎 齽 䶖 䭙 贐 嶜 勁 晉 兓 賮 㶳 䤐 巹 䀆 盡 䃸 䃡 儘 䫴 㯸 䐶 壗 璶 筓 䇧 虀 蔇 莋 䶩 穊 䗗 䩯 亼 曁 韲 齏 鱀 旣 䀈 塈 䀘 覬 䦇 䰏 㒫 旡 㡭 繼 屰 茍 㥛 極 櫭 檵 坖 瞉 烴 涇 荊 葝 莖 稉 痙 䪫 鋞 頚 陘 麠 剄 巠 鵛 逕 坙 弳 徑 經 俓 踁 桱 頴 脛 疅 薑 䗵 㹔 韁 䁰 顜 畺 彊 繮 殭 櫤 橿 壃 謭 㡨 譖 譾 糋 熸 瀐 瀸 減 瀳 葥 虃 薦 䶢 䄯 䶬 䘋 囏 剣 劍 劎 銒 錽 鐱 鑯 餰 劔 剱 劒 韀 韉 瞼 險 䌠 䶠 㨵 揃 擶 鬋 幵 蠒 撿 攕 戩 䵤 鳽 䫡 彅 醶 纖 緘 醎 䚊 鹸 鹼 鹹 礆 殱 殲 倹 儉 橏 椾 豣 検 檢 櫼 豜 黬 瑐 堿 瑊 㳅 灚 㽲 攪 纐 覺 誱 蓵 䇒 崨 疌 䯰 䦈 雃 㫸 倢 跲 踕 脻 頡 韮 齨 稵 廐 慦 捄 镹 㤹 柾 獧 㢧 韏 縳 蘏 蘔 燛 澃 㯋 熲 顈 䙠 灍 瘚 蟩 鐝 龣 蟨 嶥 憠 蹷 橜 鷢 欮 䁷 孒 闕 殌 爴 䐘 瑴 簍 襷 蔞 䶙 齟 寠 窶 屨 㠪 貗 䪕 擧 舉 䪶 倶 欅 櫸 婽 䕒 猳 頰 犌 䀫 麚 頬 戞 徦 貑 榎 椵 豭 腵 㪴 濬 䜭 鉲 佧 鲓 銬 䯪 攷 丂 㼥 鮳 䒓 鎧 鐦 䁗 颽 凱 豈 暟 闓 開 愷 塏 䶗 㝓 樖 龕 㕉 顆 殼 齦 頎 誙 牼 䀴 㰢 挳 硜 㘛 薟 䁍 顑 轗 輱 栞 䯤 糩 鄶 䭝 廥 鬠 儈 鱠 旝 膾 匩 頢 䯺 髺 韕 嚳 䫥 顝 蘷 虁 犪 巙 䰎 頃 䫔 頯 蹞 頍 躨 頄 䪲 髠 髨 㫻 閸 頑 壼 簆 滱 蔲 㓂 宼 窛 冦 劶 䳹 䍍 鷇 嚹 鬎 䶛 顲 䫰 䫐 壣 䝁 顟 瀬 顂 頼 脼 囇 孋 灑 䕻 䶘 穲 㿛 蝷 矖 廲 婯 鬁 叓 酈 鸝 邐 䚕 䴡 攦 麗 纚 釃 儷 禮 鱧 鱺 欐 㳕 厱 䰐 䦨 䕘 齡 領 嶺 衑 霊 靇 龗 啢 魎 糧 裲 䓣 蜽 䩫 㔝 両 輌 兩 掚 輛 緉 倆 䠃 䭪 籢 籨 㶑 澰 瀲 㶌 蘝 蘞 㺦 㪘 㰸 斂 錬 㢘 鬑 聯 䌞 羷 殮 匳 鱄 臉 镽 䝀 覼 頱 鬛 䋑 奊 澑 羀 癅 鐂 飅 畱 驑 駵 僂 䱖 橊 桺 璢 嚨 爖 籠 襱 湰 瀧 蕯 蘢 䆍 龓 㝫 竉 蠬 龒 蠪 礱 㰍 驡 鸗 㚅 㡣 䪊 聾 鑨 龍 壟 䃧 矓 贚 隴 嶐 巃 巄 龐 䏊 䮾 攏 衖 徿 曨 㦕 礲 儱 霳 躘 櫳 䡁 朧 䥢 壠 瓏 豅 䤣 䰕 顱 㭔 婁 鷜 㡞 謱 褸 漊 瘻 屢 鏤 瞜 䮫 縷 慺 樓 軁 膢 㻲 纇 頪 類 蘱 頛 禷 㖮 婨 論 㷍 䑳 䈁 溣 菕 稐 蜦 侖 陯 崘 崙 掄 輪 耣 惀 碖 磮 倫 踚 鯩 圇 棆 腀 埨 䫫 嘍 髏 䣚 㪹 甊 遱 熡 艛 㺏 䅹 螻 鞻 㟺 嶁 廔 摟 耬 㔷 䄛 䱾 䝏 塿 㜫 鬕 䪸 㝟 㧇 髳 䫉 戼 虋 䫒 䙩 溕 濛 顭 氋 鸏 䑃 冡 䥂 饛 矇 㩚 䰒 䤓 曚 懞 䴿 䵆 霥 靀 䴌 壾 䉲 籋 濔 瀰 䕳 獮 獼 鼏 䖹 瞴 㫘 擟 镾 鸍 覔 㜷 瓕 䥸 彌 㣆 羋 禰 檷 満 䒥 顢 䰋 鬗 䯶 䫤 掵 椧 㴐 汅 䫵 䀎 靣 䰓 麪 麫 帞 譕 無 㹮 蛨 銆 橅 哶 滅 烕 搣 墲 媺 嬍 矀 䜸 韎 黴 蟱 踎 嗱 䫱 䖧 鎿 脌 獶 獿 巎 嶩 夒 䃩 憹 孻 䯮 䅞 䎪 噥 譨 䁸 擃 鬞 齯 鑈 隬 縌 䦵 儞 寕 鬡 鬤 哖 姩 鵇 躎 䦊 搻 搙 嚙 囓 巕 顳 䯵 㩶 䌜 齧 煖 燶 襛 濃 蕽 㺜 䵜 穠 癑 齈 䢉 繷 醲 儂 禯 檂 農 辳 欁 膿 瘧 㖸 䅶 槈 齵 䔤 嚬 㡦 嬪 薲 蘋 顰 穦 馪 䎙 蠙 矉 驞 礗 㰋 呠 㛁 皏 輧 髼 軯 駍 鬔 鬅 䍬 䦕 閛 憉 恲 硑 匉 胓 蟚 塜 龎 炋 㳪 秠 蚽 䫌 鉟 朇 銔 岯 疈 㨽 抷 駓 髬 䲹 䫠 頗 豾 鵧 伓 魾 脴 噽 姍 盻 䰔 頖 呯 帲 幈 評 簈 䈂 箳 缾 䍈 䓑 蓱 蛢 屛 竮 䶄 䀻 岼 聠 軿 頩 郱 艵 甹 慿 鮃 甁 㻂 塀 骿 賆 騈 駢 囨 腁 顠 洦 溌 䣪 䪖 醗 櫇 擈 㒒 檏 姵 䊃 阫 㧩 䫊 馷 㤄 怌 俖 伂 肧 珮 哣 㧵 㕻 媇 瀙 藽 寴 顉 親 䫬 䜷 鬵 橬 䫏 欫 䶞 齮 㩾 䭼 䰇 鬐 炁 䫑 䟚 榿 䭫 䭬 淸 䔛 廎 慶 氫 㩩 鑋 輕 䡖 傾 䲔 櫦 靑 謒 熗 㩖 䤌 牄 羻 羥 蹌 媊 䊴 簽 籖 籤 潛 灊 茾 蚈 鎆 僉 鍼 䁮 㢛 㩮 騚 撍 鬝 鬜 攑 羬 偂 顅 頝 韒 顦 䱁 㚽 㤍 䲾 顤 籡 緁 䠍 㛏 渞 浗 莍 䆋 蛷 㞗 銶 賕 㟈 㧨 䣇 皳 巰 盚 毬 絿 㐀 殏 䟵 鰽 觩 鯄 橚 櫹 梂 丠 勧 顴 齤 権 槫 睘 㲉 愨 齲 䶚 髷 镼 衐 覻 帢 䶝 冾 䨐 㹛 擾 韌 囸 髥 䫇 朊 頌 䢇 縟 嗕 媷 鄏 㦺 顬 䇤 㲊 㪫 叡 壡 䰆 韖 䐓 瓇 䊛 㽂 摋 殺 䐹 㗷 顋 䰄 瀒 鎩 愬 闟 鬙 顙 䫙 籭 泀 蕼 螄 鉰 飼 䫢 孠 覗 䏤 糣 䈀 䫅 䫩 鬖 簑 歲 犧 摍 㪽 䯯 髿 縮 䯷 䯳 鬆 㜚 䑿 㴼 潚 㴑 㝛 㩋 驌 粛 㪩 䘘 肅 䎘 鷫 遡 㬘 䃤 鱐 樎 璛 滖 歳 穂 㞸 嵗 䯿 繐 㛐 䈹 籔 擻 櫢 侤 蹹 㯚 榙 䶀 墖 䶁 飸 㹗 䬞 縧 韜 㧹 㥂 邆 霯 膯 鼟 啺 糃 湯 漡 薚 蝪 鐋 餳 摥 㼒 踼 鼞 㗣 骵 體 䪆 髰 鬀 䌡 殢 禵 躰 軆 譠 顃 䉡 䕊 鉭 㫜 䃪 憻 䞡 頲 廳 聽 聼 䄼 㐁 㬲 䒒 齠 窱 螩 條 鎥 䟭 鰷 樤 鼉 涶 䓕 䪑 磚 鐡 䵿 䜝 嫥 䊜 糰 篿 漙 鏄 剸 鷒 㩛 專 摶 慱 檲 塼 㸗 粡 秱 痌 銅 餇 眮 峝 晍 鮦 圕 㻯 蘈 䫋 頹 頺 頽 㿗 㹠 飩 軘 㼊 旽 霕 魨 豘 黗 婾 䕱 頭 偸 䱏 箑 蔱 萐 廈 㰱 閷 榝 䝊 髾 篩 䵘 曬 㢵 韘 蜄 㜪 鋠 㰮 頣 祳 脤 䁞 䪿 鬺 䵼 丄 慯 殤 傷 禓 觴 䵰 呞 諡 謚 襹 溮 溼 蒒 丗 獅 䶡 齛 亊 鳾 䌳 旹 䌤 昰 魳 鰤 枾 師 鶳 兘 瑡 襳 灗 刪 鐥 饍 銏 䁴 繕 敾 歚 㪨 羶 磰 僐 䄠 鱔 䱇 鱣 柵 䦅 㲤 䫪 䝄 數 鎙 碩 㮶 䧠 閂 㛸 㜐 裋 䜹 術 書 䝂 豎 樹 兪 尌 璹 娷 䳠 瞚 鬊 㥧 順 獸 䭭 獣 夀 壽 譗 詐 箚 苲 宱 齄 厏 搾 䋏 醡 鮓 皶 㩟 讋 䝃 㖘 帪 誫 裖 澵 屒 敶 賑 䪾 䳲 靕 䨯 䟴 鱵 姃 証 㡠 㡧 證 炡 䈣 䇰 篜 癥 䆸 鉦 眐 㱏 聇 䡕 䥭 鬇 鴊 䋊 徰 晸 佂 襧 藢 㕄 廌 豒 巵 㯄 梔 豑 嫸 䶨 䆄 饘 氈 鸇 邅 驙 䩆 㣶 䋎 氊 䡀 旜 顡 轉 妰 䫎 䪼 蠿 斲 斵 囀 竱 顓 鄟 専 瑼 㝉 鑄 䪒 壴 諈 甀 訰 迍 籒 晝 瓲 韤 㗏 韞 闦 誷 菵 蝄 輞 網 棢 䯈 唍 䛃 蚖 鋄 貦 岏 抏 輐 卐 卍 晥 忨 翫 魭 㘤 刓 㝴 琓 齷 䰀 㦱 䮸 呉 娬 䜑 嫵 䒉 㷻 甒 䉑 橆 鷡 㵲 潕 蕪 齬 䫓 錻 廡 鵡 䍢 䑁 碔 憮 倵 儛 㒇 䟼 躌 璑 喡 喴 䜜 媁 幃 韑 媙 䉠 䙟 湋 潿 葦 癓 蝛 䥩 鍏 饖 斖 覹 颹 隇 嶶 揻 讆 讏 㣲 䘙 衛 衞 䍷 徫 緯 㦣 縅 躗 躛 韡 暐 闈 韙 愇 懀 偉 霺 頠 鰄 䵳 圍 楲 瑋 㙎 噺 興 釁 舋 㭢 顖 嚱 噏 譆 䚷 䜁 嬆 䒊 㿽 熺 糦 㸍 潝 澙 㺣 蟢 䊠 㪧 襲 翖 舃 墍 瞦 䂀 隵 䁯 㕃 璽 壐 繥 䀌 衋 㱆 䖒 㬛 憘 礂 煕 躧 鱚 䚙 䵱 橲 黖 䫣 䏩 肹 囍 㙾 歖 㚀 嬹 娙 䕟 蛵 鉶 䤯 鈃 䣆 郉 㼛 㣜 臖 䳙 侀 缿 䜶 項 啣 㘅 咞 嘕 譣 㛾 㷿 䊱 灦 䕔 䶟 獫 㺤 䆎 㿌 韱 険 嶮 麙 豏 䯭 䯹 䙹 纎 衘 銜 顕 顯 憸 䃱 韯 䲗 嚻 嘨 㕺 鴞 䊥 熽 筿 篠 簘 簫 瀟 虈 蕭 蟰 蠨 㔅 斆 歗 斅 澩 彇 襭 齘 齥 㝍 蝢 龤 㩪 擷 頁 䋶 纈 徢 䪥 韰 㒠 䥾 垥 鏥 鏽 髤 繍 繡 脙 諼 媗 諠 譞 箮 萲 蕿 蘐 翧 䳦 蝖 蠉 鍹 睻 揎 縇 愋 鰚 楥 檈 璿 塇 謔 㶅 燢 嶨 鷽 雤 㰒 㖅 幁 鄦 㵰 淢 蕦 藇 䅡 窢 䬄 嶼 䢕 鬚 嬃 須 䇓 盨 暊 惐 㑯 㚜 㰲 鱮 䎉 頊 珬 㗇 烚 煆 蕸 㾎 鍜 鏬 睱 騢 丅 䫗 㰺 夓 䪗 縀 舝 碬 祫 鰕 珨 赮 㙤 顨 㢲 巺 坃 唖 婭 齖 孲 稏 㝞 瘂 顔 錏 鐚 氬 䪵 㰳 亜 掗 襾 鵶 䢝 䃁 俹 婣 濥 蔩 䕃 齗 㝙 㪦 螾 隂 烎 䜾 縯 殥 㥼 傿 璌 讑 㵸 齩 䶧 䆙 鑰 㗼 䊦 潱 澲 亱 䧨 嶪 嶫 驜 㱉 鄴 曗 業 鸈 礏 㸣 諹 煬 蝆 鍚 鐊 䁑 陽 颺 崸 氱 揚 輰 昜 暘 䬗 敭 㦹 霷 鰑 䵮 楊 鸉 嬄 㜋 艗 頉 獈 齸 稦 螘 鏔 鎰 䞅 顗 撎 辷 郼 兿 弬 鷁 縊 貖 頥 曀 㦉 㱲 頤 弌 禕 豷 榏 顊 膉 㱅 敼 㙪 亄 㦤 鷧 㘖 噞 姸 詽 訮 篶 灔 灧 灎 灩 葕 齞 䶫 齴 䗡 顏 龑 嶖 艷 豓 豔 験 驗 揜 䍾 䢥 㿼 䖗 䊙 揅 硏 䲓 椼 黭 艶 䞛 㹵 梬 潁 穎 噮 褑 裫 笎 渆 鼝 淵 猨 円 蝯 蜵 㥐 䬧 鈨 盶 願 衏 酛 䨊 禐 棩 杬 鶢 黿 邧 䲮 鼘 顒 㜧 蘥 䶳 鸙 䡇 䠯 禴 粵 䟑 魊 喩 娯 嬩 䜡 㽣 籅 籞 籲 篽 䈅 㶛 澦 澚 蕷 蘌 蓹 㺞 穥 䍞 戫 稢 稶 㦽 龥 䥏 㠘 預 䜽 䮙 禦 與 譽 輿 歟 緎 罭 㦛 礜 轝 鸒 閾 懙 礖 㒜 楡 旟 璵 琙 齳 齫 䪳 頵 韗 奫 䨶 㚃 嚘 瀀 䥳 㱊 憂 鄾 丣 纋 羐 逌 䚃 懮 優 櫌 脜 沞 䕹 韴 雜 帀 䪞 迊 雑 䞙 㡟 䜊 㷮 栆 醩 蹧 㯾 洅 㖽 䇥 泎 葃 䶦 齚 飵 夨 捑 㻸 姉 㽧 湽 葘 鍿 鎡 輺 頿 頾 禌 鰦 鐕 㔆 兂 㣅 筰 葄 秨 㸲 鈼 䝫 岝 㤰 㑅 䞢 䰖 鬉 縦 厜 䮔 絊 齺 㔿
主根	竖	竖	竖	22	58	中 临 乎 仲 冲 呼 嫭 年 忠 忡 滹 烀 盅 种 罅 翀 肿 舯 茽 衷 轷 钟	迚 鬬 鬭 鬥 鬦 鬪 鬩 鬫 㯉 鬨 嘑 謼 䉿 泘 苸 䴣 㸦 摢 軤 乯 歑 虖 㦆 雽 垀 沖 浺 䆔 祌 䰘 䰗 鬮 亅 嚹 䤣 㭔 亇 鬧 寜 竒 嵜 䛱 㻯 㕜 亊 馽 妕 筗 衶 狆 蚛 鈡 㲴 贒 鏬 㙤 訲 㞲
附属根	丨	丨	竖	89	740	䗛 丏 个 丫 串 书 修 倏 候 兕 凸 凹 叫 吖 吲 嗤 埗 墀 声 姊 媚 媸 嵋 嶲 引 弢 悠 患 撺 收 攸 旧 曲 楣 樨 步 沔 浟 涉 渊 湄 滍 滫 漶 澧 濒 犀 瑂 眄 眉 矧 磬 秭 窜 笫 筱 纠 纼 罄 翛 聚 脩 芈 莜 薳 蚓 蚩 蛐 赳 蹿 郿 鄹 醴 镅 镩 陟 频 颦 馨 骘 骤 鳏 鳢 鹛 鼎 鼐 鼒 𪨰 𬞟	䑂 垇 髕 濱 濵 瀕 頻 賓 賔 顮 䨈 䚔 鑌 䧬 擯 鬢 髩 繽 殯 儐 㯽 檳 臏 璸 韛 䪐 韠 䵄 榌 獱 䑰 荹 㾟 捗 䪔 踄 㻉 牬 偹 屮 艸 冊 薺 䭣 趀 潨 藂 䍎 藪 㔌 䪏 眔 䪚 䳴 稲 滌 蓧 䪘 弔 濎 薡 鐤 鼑 䵺 㸃 䘟 鈟 伄 氎 㩸 䪓 躖 䙱 韥 韣 氀 㓸 鬬 鬭 鬥 鬦 鬪 啞 噁 䛩 蝁 琧 亞 悪 惡 堊 㼂 僫 椏 埡 児 灋 僼 霻 鄷 豊 䪛 飜 凣 韍 䪙 騛 飛 飝 柹 胏 髙 韟 韐 韚 亙 揯 㮓 絚 緪 恆 䱍 䱭 堩 䃶 臦 臩 瘝 䤽 卝 鰥 䵻 䅽 䡰 㯏 劌 䮹 䠩 鱥 櫰 瓌 丨 韝 撀 癋 鬩 鬫 韓 㙔 㜳 瀤 蘹 蘾 褱 耲 懷 壞 㞷 濊 奯 䍺 雈 梙 槵 鬨 䪝 芔 㯛 壷 壺 噦 諱 煒 褘 薉 顪 獩 翽 穢 鐬 韋 韢 違 椲 檅 竵 儕 乗 檙 韔 嘯 䜄 䙙 㺈 穉 㓾 遲 䧝 妛 徲 䥀 䪜 孎 賗 嘃 傭 䀺 跾 鯈 䱔 嚌 䜞 䶓 㸄 泲 濟 虀 䶩 穧 癠 齎 齌 劑 韲 齏 鑇 齊 齍 隮 䮺 擠 䍤 茍 懠 躋 霽 鱭 櫅 璾 襺 瀳 繭 薦 韀 韉 嘂 訆 㽱 糾 䰘 丯 舏 㸨 㧃 䡂 丩 䰗 鬮 朻 㺩 鐫 韏 雋 臇 燛 簍 襷 㵵 蔞 寠 窶 屨 貗 䪕 擧 舉 欅 櫸 寯 懏 㒞 儁 殸 鋛 匩 韕 㤟 㱎 閸 壼 叓 䴡 禮 鱧 㲆 㒳 濓 䥥 亷 㢘 澑 羀 癅 鐂 飅 畱 驑 僂 橊 璢 鏧 婁 鷜 㡞 謱 褸 漊 瘻 屢 鏤 瞜 䮫 縷 慺 樓 軁 膢 㻲 䫫 嘍 髏 䣚 㪹 甊 遱 熡 艛 㺏 䅹 螻 鞻 㟺 嶁 廔 摟 耬 䄛 䱾 䝏 塿 戼 茻 鼏 䖹 羋 㴐 麪 哶 䰨 煝 䉋 篃 葿 猸 蝞 睂 鎇 鶥 睸 韎 堳 脌 嶩 鬧 䃩 憹 㜨 摨 噥 譨 䁸 擃 鬞 㿦 哖 姩 鵇 㡪 燶 襛 濃 蕽 㺜 䵜 穠 癑 齈 繷 醲 儂 禯 檂 農 欁 膿 嚬 㡦 嬪 薲 蘋 顰 穦 馪 䎙 蠙 矉 驞 礗 㰋 姍 乑 慿 䪖 艩 蠐 䶒 䐡 麡 纃 䄢 臍 淸 慶 櫦 靑 謦 㷫 漀 羻 䇂 㩮 攑 荍 韒 䆋 虯 䤛 㐀 觓 橚 櫹 㑋 㼇 㖆 粬 筁 浀 䒼 髷 麯 㻃 䢗 韌 㺎 㣑 韖 䐹 䈀 歲 潚 㩋 驌 㪩 肅 䎘 鷫 㬘 䃤 鱐 璛 嵗 㻽 籔 擻 櫢 嚃 䜚 遝 闧 詜 縧 韜 㣠 絛 㫦 㲈 體 漽 䪆 䌡 軆 蓚 蓨 窱 螩 條 䖺 鋚 鎥 䩦 鞗 儵 鰷 樤 䪑 弚 䤮 韘 訠 剰 聲 䵼 丄 旹 狦 刪 柵 數 㶖 蠾 屬 虪 倐 焂 䨹 収 夀 甴 盄 齋 䀕 紖 䏖 䆈 騭 廌 徏 豑 蠿 斲 斵 䝦 衆 囑 爥 灟 劚 钃 斸 矚 䌵 䪒 曯 䠱 䬡 欘 䝒 籒 驟 韤 韞 闦 瞣 贃 卐 卍 晩 㘤 䜑 喡 媁 幃 韑 䙟 湋 潿 葦 鍏 饖 颹 讆 讏 䘙 衛 衞 䍷 徫 緯 㦣 躗 躛 韡 暐 闈 韙 愇 偉 圍 瑋 㣺 戱 煕 觹 觽 陥 䊥 熽 篠 簫 瀟 蕭 蟰 蠨 㔅 歗 彇 毊 擕 㹋 鎀 鏽 鏅 繡 樇 䐰 噓 㵰 藇 嶼 虛 鱮 㾎 丅 䪗 舝 唖 婭 孲 稏 㝞 瘂 錏 鐚 氬 㰳 亜 掗 襾 鵶 䢝 䃁 俹 婣 粌 䇙 䒡 鈏 靷 韾 䆗 鼼 㫍 蝆 稦 郼 弬 頥 禕 㷔 焔 灔 灎 艶 䞛 嬽 裫 鼝 淵 薗 円 蜵 䨊 棩 園 鼘 逺 遠 嫞 滽 䗤 鏞 䧡 㟾 鷛 牅 鱅 槦 曱 嬩 籅 㶛 㺞 穥 㠘 與 譽 歟 㦛 礜 轝 鸒 懙 礖 㒜 旟 璵 韗 奫 䨶 滺 峳 羐 㛜 牗 栆 㾅 㰎 檇 㔿 䠫
附属根	乔字底	乔字底	竖	36	122	介 价 侪 养 剂 啸 奡 尬 挤 氘 济 潇 炌 玠 界 疥 箫 肃 脐 芥 荠 萧 蚧 蛴 蟏 跻 阶 霁 骕 骱 鲚 鹔 齐 齑 𬯀 𬹼	薺 䭣 魀 夰 吤 臩 昦 妎 㜾 㑪 儕 嘯 丳 斺 哜 嚌 䜞 䶓 㸄 済 濟 䶩 穧 癠 齎 齌 剤 劑 齏 鑇 齊 齍 隮 㨈 䮺 擠 紒 䍤 懠 躋 霽 鱭 櫅 璾 㠹 䛺 畍 衸 㝏 鎅 岕 庎 䯰 砎 䲸 魪 楐 堺 琾 扴 忦 圿 艩 萕 蠐 䶒 斉 麡 緕 纃 䄢 臍 橚 櫹 奍 䐹 㴋 潚 㩋 驌 粛 㪩 肅 䎘 鷫 㬘 䃤 鱐 璛 枾 斎 齋 㘤 嘨 䊥 熽 簘 簫 瀟 蕭 蟰 蠨 㔅 歗 彇 䚸 齘 䦏 㰡 祄 鏽 繍 繡 婣 裫 鼝 淵 蜵 䨊 棩 鼘 奫
附属根	荒字底	荒字底	竖	17	24	侃 巯 慌 旒 梳 毓 流 琉 瑬 疏 硫 荒 蔬 谎 醯 鎏 锍	酼 㬻 㡃 詤 謊 㼹 巟 䀮 㤺 䐠 塃 裗 蓅 㐬 鋶 麍 旈 鯍 㡛 諐 巰 橀 艈 䖻
附属根	乔	乔	竖	11	1	乔 侨 娇 峤 桥 矫 硚 荞 轿 鞒 骄	挢
主根	撇	撇	撇	138	633	䥽 万 丢 乎 乏 亳 亹 伊 侂 侘 俄 兜 劢 升 发 吒 君 呼 咤 咿 哦 嘱 圫 垞 埏 塅 墀 夭 妖 姊 姹 娥 嫭 宅 尹 属 岙 峨 嵴 币 废 延 我 戢 托 拨 挓 捃 摔 昇 梴 椴 樨 段 沃 泛 泼 洢 涎 涐 滹 烀 烻 煅 爨 犀 率 珺 瑀 瑖 璺 疠 瘠 盥 眨 瞩 砭 硪 禹 秭 窘 笋 笑 笫 筵 篼 系 繇 纛 缎 罅 群 聚 脊 舆 莙 莪 蔸 蕺 薳 虱 虿 蛾 蜒 蟀 袄 袯 裙 诞 诧 贬 趸 跃 踽 蹐 轷 迈 郡 鄅 鄹 酦 鋈 铥 锇 锻 陞 饫 饿 骤 鲧 鲪 鲺 鹅 鹡 龋 𫄧 𫖳 𬇕	䑂 䬓 㕭 芺 翶 翺 扷 镺 鴁 㤇 颰 叐 䟦 䫾 䬛 榌 覂 疺 窆 貶 飊 飆 颷 飈 飇 颩 颮 爂 㩭 䢪 壆 䬏 牬 薺 䭣 趀 㸑 潨 藂 㔌 矺 扥 唌 誕 䩥 駳 䗺 蜑 㡯 㤞 仛 疂 銩 葮 鍛 毈 緞 㱭 碫 腶 詫 䙱 秺 㓃 䬈 䤜 㨮 鬬 誐 䕏 皒 鋨 餓 睋 峩 㧴 騀 䖸 㼂 鵝 鵞 䄉 䳗 䳘 珴 姂 諷 煈 渢 飌 猦 瘋 風 闏 碸 偑 䟪 楓 檒 堸 緐 㴀 䒦 颿 飜 柉 仸 颫 鴔 騛 飛 飝 柹 胏 獋 皐 臯 鷱 槹 橰 䃶 䬎 劌 䮹 䠩 鱥 櫰 瓌 颳 颪 鯀 嘷 噑 獔 皡 皥 䝥 暭 曍 䬝 䬖 㜳 瀤 蘹 蘾 褱 耲 懷 壞 濊 䬉 奯 㯉 䫺 䫹 軣 黌 嘑 謼 䉿 泘 苸 䬍 䴣 摢 軤 觷 乥 乯 礐 㽇 歑 虖 㦆 綔 雽 垀 噦 薉 顪 獩 翽 穢 銊 鐬 檅 學 䧰 焄 鱟 奼 䒲 䅊 秅 䤩 㢉 挿 䫿 䫸 巐 趫 儕 烢 乗 㐼 䜄 䙙 穉 㓾 遲 徲 鋋 硟 脠 孎 䖝 䣨 嚌 䜞 䶓 艥 㸄 濈 泲 濟 虀 䶩 穧 癠 蟻 齎 齌 劑 韲 齏 鑇 齊 齍 隮 嶯 䮺 擠 䍤 懠 鶺 霵 躋 霽 鱭 檝 櫅 膌 塉 璾 䬻 賎 嬌 譑 矯 簥 灚 蕎 穚 蟜 㠐 嶠 撟 轎 驕 攪 喬 敿 敽 鷮 覺 憍 僑 蹻 䚩 鱎 橋 㞏 擑 侰 僒 屩 屫 鞽 繑 勪 䁷 襷 㵵 萭 颶 聥 擧 舉 䄔 欅 櫸 抸 䇹 㴫 麏 鵘 覠 鮶 桾 颽 嚳 嚹 楽 䬋 颯 䬆 䬅 䃯 檪 栃 葻 嵐 飉 飂 颲 埓 飀 飅 䬟 䤣 㭔 䔞 繂 膟 塁 虋 緜 㰃 滅 烕 搣 䰪 㜨 摨 㩘 䢉 䨋 䫽 乑 飃 飄 䬌 艩 蠐 䶒 䐡 麡 纃 䄢 臍 銭 㩮 攑 刋 圱 谸 㦮 嘺 燆 㝯 犞 鐈 髜 㢗 䎗 䀉 礄 墧 齲 蝺 竬 宭 㿏 㟒 峮 輑 帬 㪊 裠 羣 渪 䬐 䬃 颾 渋 飋 㻭 䘮 喪 颸 㣈 歲 犧 歳 嵗 蓀 猻 孫 搎 槂 䬒 颼 䍇 闧 䬞 颱 漽 託 讬 汑 飥 馲 乇 饦 魠 杔 兎 㻯 㖔 涒 㧷 呑 䬊 㰱 颵 摂 鯅 呏 焺 竔 阩 陹 剰 枡 鵿 䬕 鯴 䘰 挻 䢦 蠾 屬 灹 䆛 䖳 齋 厇 籷 虴 抍 䆈 颭 桟 䝦 衆 囑 爥 灟 㔉 劚 钃 斸 矚 䌵 曯 䠱 䬡 欘 䝒 驟 杤 䮸 䑁 㖐 芛 饖 斖 颹 䬑 㕒 興 釁 舋 喺 吚 燨 犠 䂀 義 係 飁 䏮 㙾 嬹 䕟 臖 綖 縣 㗛 獢 䬘 斆 斅 澩 毊 飍 颴 懸 㶅 䫼 䬂 燢 嶨 鷽 雤 㰒 㖅 㵰 藇 䬄 嶼 䢕 鱮 䎉 珬 鏬 颬 夓 㙤 㜄 蔒 愻 遜 䛂 訞 蘨 薬 宎 穾 䬙 䴠 岆 䌛 殀 邎 祅 枖 颻 颺 䬗 嬟 議 艤 䉝 蛜 䧧 䬁 㠖 嶬 轙 㣇 䣡 乊 䴊 礒 儀 䲑 檥 鸃 娫 莚 狿 㝚 䀽 郔 矨 薗 䬇 縁 園 逺 遠 嬩 籅 㶛 㺞 穥 秗 㝢 飫 䬔 䫻 㠘 與 譽 輿 歟 㦛 礜 轝 鸒 㙑 懙 礖 㒜 偊 䨞 䄏 楀 旟 璵 㩈 䪳 頵 䞫 䬀 㒡 㘥 櫾 䯔 㾅 潈 䠫
附属根	丿	丿	撇	222	758	㰀 㵐 严 么 乒 亥 产 仫 俦 俨 俾 傲 判 刻 劂 劣 劾 卑 厥 叛 吵 咳 哪 啤 嗍 嗷 噘 垓 埗 埤 塑 妙 姊 姓 娑 娜 婢 婺 嬷 孩 寡 寿 少 嶅 帮 帱 庳 廒 彦 彧 性 惺 懋 戥 抄 拽 挪 挲 捭 揉 搠 撅 敖 旌 星 晐 曳 朔 杪 柔 核 桫 梆 梼 椑 楙 槊 橘 橛 步 氕 氦 沙 浐 涉 涛 渊 渺 溯 漋 潏 濒 炒 焘 煋 熬 燏 牌 牲 猩 猱 獒 獗 瑆 璈 生 甡 甥 甦 甪 畴 痧 癃 省 眇 眚 睥 睾 瞀 矛 矜 矞 砂 碑 祷 秒 秭 稗 窿 笙 笫 筹 簰 糅 糒 纱 绑 缈 耖 耰 聱 胜 胤 胲 脾 腥 茅 荄 莎 萆 萨 蒴 蕤 蕨 薳 藜 蜱 蝥 螯 蟊 袤 裟 裨 该 谚 谲 赅 赘 踌 蹂 蹶 逆 遨 遹 那 邦 郫 酽 醒 鍪 鏊 钞 铲 铸 镢 阂 阙 陔 陟 陴 隆 鞣 鞴 颏 频 颜 颦 骇 骘 骛 骜 骸 髀 鲨 鳌 鳏 鳜 鹎 鹜 鹬 麽 黎 黧 鼎 鼐 鼒 鼙 𠳐 𦰡 𫐓 𫔎 𬞟	㾢 䬵 欬 閡 硋 䠹 遃 㜜 謸 滶 蔜 獓 隞 㟼 㠂 厫 䦋 䮯 慠 磝 嗸 䫨 嫯 謷 摮 䵅 鼇 㥿 驁 鰲 鷔 䇑 髕 濱 瀕 頻 賓 顮 䨈 䚔 鑌 䧬 擯 鬢 繽 殯 儐 檳 臏 璸 㻄 粺 薭 猈 韛 䠋 逬 綁 幚 邫 垹 箄 痺 㪏 錍 鞞 崥 聛 豍 綼 貏 䵄 禆 䚜 榌 㯅 餠 倂 䴵 幷 琕 獱 䂍 別 䑰 荹 歩 㾟 捗 䴺 踄 㻉 㗗 諀 㽡 犕 鵯 牬 㣁 備 憊 㷶 㸢 䱝 㯥 艸 䴭 趀 䴾 簒 䂎 囪 縐 麁 趨 眔 䳴 嘄 陦 搗 槝 島 䚞 濎 薡 鐤 鼑 䵺 㖦 娻 諌 涷 菄 䵔 蝀 崠 崬 氭 䰤 㨂 東 㼯 鶇 䍶 倲 凍 鯟 棟 腖 埬 䣞 遻 㖾 譌 䛖 蒍 餩 磀 㦍 偽 麷 㠶 嬎 舧 飜 凢 嬔 麩 䴸 麬 麱 甶 鳬 騛 飛 飝 柹 胏 裦 嘠 姟 該 畡 㱾 賌 郂 䀭 賅 峐 絯 侅 豥 䴹 瘝 䤽 鰥 䵻 䜼 媯 嬀 潙 劌 蟡 䞈 嶡 䮹 䠩 鱖 鱥 劀 㺔 頦 㧡 駭 㤥 麧 丆 爳 䵃 濊 奯 䥧 䴷 芔 䴯 噦 噅 薉 顪 獩 翽 穢 鐬 撝 䃣 檅 噕 蘤 䴳 䂉 訬 謅 煼 粆 鈔 㥮 仯 麨 觘 䏚 蔯 螴 陳 樄 檙 誺 邌 㡿 勑 麶 䳵 㱀 簅 滻 剷 䩶 㹌 產 産 鏟 嵼 摌 䊲 㦃 䴼 㯆 䐮 嚽 䂌 㗙 媰 蒭 䅳 犓 䟞 鶵 雛 芻 䐢 篘 䓓 䪮 搊 㤽 㮲 㝻 矝 泲 屰 谻 痎 㷗 譎 䙠 灍 瘚 蟩 鐍 鐝 蟨 嶥 矡 憠 蹷 橜 鷢 䤎 繘 欮 闕 憰 璚 䰬 僪 蹫 鄒 戞 烗 䤤 輆 㚊 奒 䦱 㱎 唻 婡 箂 淶 萊 猍 䅘 㥎 錸 䧒 睞 崍 庲 騋 䋱 徠 䂾 倈 賚 顂 來 麳 郲 鶆 逨 䚅 鯠 棶 琜 嚟 䉫 菞 蔾 䊍 剓 䖿 䴻 犂 睝 錅 棃 鯬 鵹 蝷 鑗 䖥 㠟 斄 䴡 㯤 瓈 䦨 濓 䥥 亷 錬 㝺 挘 毟 㭞 湰 蕯 㝫 㚅 䃧 嶐 㦕 霳 嘜 痲 閁 蓩 䓮 鶜 務 嵍 暓 愗 堥 髳 罞 霿 㮘 柕 䮮 䨫 麥 霧 䴿 䵆 䟥 雺 茻 鼏 靣 麪 麫 麵 㠺 篎 䖢 玅 竗 紗 緲 庅 懡 䴲 㜈 鞪 䱯 楘 鶩 䋷 敄 䥐 麰 獶 蝚 縌 寕 䴴 嬝 裊 㑚 梛 糱 孼 蠥 櫱 㖻 䂇 䋴 㝹 嚬 㡦 嬪 薲 蘋 顰 穦 馪 䎙 蠙 矉 驞 礗 㰋 麭 簲 㵺 渒 輧 挷 䴶 䰦 焷 篺 䫌 㼰 朇 螷 蠯 疈 䡟 䴽 頖 帲 簈 屛 甁 騈 腁 丿 㳈 㮗 暒 甠 夝 䵁 鄡 䲵 騶 麴 麯 麮 擾 㑱 氄 苼 㲊 甤 媃 㽥 煣 渘 葇 鍒 鶔 䰆 輮 騥 韖 鰇 楺 腬 瓇 瑈 薩 虄 隡 挱 瀒 愬 㮐 逤 䓾 䔋 莏 歲 䯯 髿 䵀 魦 㴑 粛 遡 嵗 嚃 䜚 遝 闧 䴱 䂈 莵 唦 㸺 㲚 乷 硰 桬 鯊 猀 䤬 毮 閯 鯋 䒚 渉 䤮 甧 㗂 箵 渻 泩 湦 狌 㾪 䁞 鉎 鍟 鼪 貹 䴤 㼳 䚇 殅 偗 栍 䲼 珄 䵼 跩 䴮 鎙 矟 㮶 鷸 怷 䴰 朮 㪿 敶 䨯 愸 鮏 隲 騭 徏 䵂 矠 鋳 㑳 䬡 贅 诪 炿 䑼 皺 屲 㮧 匁 徃 䥑 嗚 熓 溩 螐 鎢 隖 㡔 熃 奦 䳱 嵨 騖 䨁 䡧 摀 䖚 䃖 霚 鰞 歍 鄔 烏 塢 瑦 䈧 溈 蔿 寪 饖 䧦 㬙 僞 儰 為 鄬 爲 憖 雟 卥 凞 熈 謃 篂 㝭 䗌 睲 㨘 曐 䃏 鯹 尠 尟 麲 赻 嘨 簘 蟂 梟 洩 齥 㔎 絏 繍 䆷 瞲 辥 獝 䂆 顔 湚 猌 憗 㙬 䶸 䇩 曵 壄 㖂 㹭 䄿 㡼 䴬 䎈 栧 㘖 喭 諺 齴 嵃 偐 楌 薗 䳣 園 逺 遠 㜧 噊 䜡 稶 䂊 驈 霱 鱊 䇖 䨶 嚘 瀀 䥳 㱊 憂 鄾 纋 懮 優 櫌 栆 㾅 齺 赱
附属根	反字框	𠂆	撇	44	93	䴘 卮 反 叛 后 哌 坂 垕 垢 姤 循 扳 搋 昄 板 栀 楯 殷 派 溵 版 畈 皈 盾 篪 腯 蒎 虒 褫 诟 质 贩 踬 返 逅 遁 郈 钣 锧 阪 饭 骺 鲘 𬃊	㭛 挀 䛀 粄 舨 蝂 鈑 岅 瓪 魬 汳 遞 逓 䞾 碷 踲 䝈 瞂 㽹 飯 販 䡊 㤆 仮 詬 茩 乕 㖃 洉 㸸 銗 㤧 鮜 䞧 兏 䶵 輴 鶞 䞺 劶 栃 霢 衇 脈 眽 覛 㛂 䖰 鎃 䤨 炍 眅 鋬 㧨 謕 㴲 螔 鼶 䫢 鷉 磃 傂 禠 榹 嗁 㡗 㥴 㔸 䖙 蹏 鷈 鍎 貭 巵 䚦 㯄 梔 㡒 瞃 㾷 缿 䙉 㵌 揗 䋸 偱 蒑 㐆 慇 磤 擨 歋 䛻
主根	点	点	点	52	177	㳚 䥽 不 丕 伾 偬 匆 发 否 呸 嚭 坏 坯 墀 孓 孬 嵴 废 怀 戍 抔 拨 摔 杯 樨 歪 泼 犀 狉 率 环 甭 痞 瘠 篾 罘 胚 脊 芣 苤 葱 蔑 蟀 衃 袯 蹐 还 邳 酦 钚 鹡 𬳵	翶 翺 嫑 䪹 娝 㚰 䋔 䬪 吥 鈈 盃 㤳 桮 柸 䈡 怱 茐 䗓 鍯 聦 騘 緫 繱 楤 囪 疂 䙱 奀 䓏 䯱 乀 䞜 妚 鴀 紑 獋 皐 臯 鷱 槹 橰 䃶 櫰 瓌 嘷 噑 獔 皡 皥 䝥 暭 曍 㜳 瀤 蘹 蘾 褱 耲 懷 壞 軣 㸦 䜄 䙙 穉 㓾 遲 徲 䆫 牎 孎 䖏 乁 鶺 膌 塉 劔 釼 㳅 㤜 㩀 楽 䃯 檪 䔞 繂 膟 塁 䯦 礣 鑖 㫘 㩢 覔 瀎 幭 䘊 蠛 䁾 䩏 䌩 懱 㒝 鱴 櫗 衊 䰪 踎 㜨 摨 炋 㳪 秠 蚽 鉟 銔 岯 抷 駓 髬 䲹 䫠 豾 伓 魾 脴 噽 囨 阫 䫊 怌 俖 肧 㧵 㕻 刄 靱 仭 㲓 渋 㻭 濍 揔 憽 檧 㞸 漽 摂 䢦 荗 蠾 屬 䆈 囑 爥 灟 劚 钃 斸 矚 䌵 曯 䠱 欘 襪 韈 韤 㗏 匁 卥 䏮 薬 㷓 燪 㹅 愡 赱
附属根	丶	丶	点	130	1468	㫰 㮾 丈 义 乓 书 仗 仞 仪 俅 俍 刃 勺 压 厖 叉 哟 啷 埌 塱 墚 妁 妭 娘 尥 尨 崀 廊 忍 怵 悢 惠 戢 拔 搔 救 朗 术 杈 杓 杖 桹 梁 榔 橞 求 汊 汋 沭 浪 涩 溞 灼 烺 牻 狼 玓 球 琅 瘙 的 祓 秫 稂 穗 筤 粮 粱 约 纫 绂 聚 胈 舣 良 芍 药 莨 菂 菝 蒗 蓢 蕙 蕺 薳 蚁 蚤 螂 蟪 衩 裘 议 讱 豹 赇 趵 跋 踉 轫 述 逑 郎 鄹 酌 酿 钓 钗 钹 锒 阆 韧 韨 食 飧 飨 餍 餐 餮 饔 饕 骚 骤 鬯 魃 鲅 鳏 黻 𨱇 𬤝 𬬸	㾢 䬵 餲 絠 䵅 詙 炦 茇 犮 䳊 鼥 颰 䮂 軷 紦 鮁 柭 坺 繽 飹 䪨 䭋 飽 緥 絔 䬱 絣 䋽 綳 繃 蛖 綁 紡 縍 硥 飶 饆 紴 䋔 䌟 綼 紕 縪 䵄 䬳 絆 餠 餅 綆 氷 䴵 變 編 緶 䯋 帗 袚 秡 馛 盋 餑 䬪 鈸 䭦 餺 䊿 彴 瓝 仢 䳁 肑 蛂 餢 餔 䋠 䴺 䋳 䌨 㯥 慅 鼜 縩 纔 綵 䴭 繒 艙 篬 滄 濸 蒼 獊 䅮 螥 倉 鶬 䢢 賶 嵢 傖 凔 瑲 薺 飺 䭣 絘 縒 餈 喰 爘 湌 縿 飱 飡 鹺 䴾 潨 藂 縱 総 緫 總 繱 縬 縐 紣 綷 縗 繀 㔌 䌋 眔 䳴 繨 亣 絩 䌦 紿 緿 䚞 啲 靮 扚 馰 締 㢩 約 旳 䴞 魡 䵠 餤 䭛 繵 弾 饏 紞 単 丼 飣 訋 䔙 䄪 瘹 釣 綢 㣿 飿 綞 絰 緞 㖦 娻 諌 涷 菄 䵔 蝀 崠 崬 氭 䰤 㨂 東 㼯 鶇 絧 䍶 倲 凍 鯟 棟 腖 埬 䬽 䭔 綐 䬦 餖 蒍 玀 餩 餓 䋪 偽 䭓 饐 䭡 䬶 餌 䋩 䋙 杒 㕹 沷 髮 瞂 蒶 饙 餴 紛 綘 縫 麷 鶭 舧 飯 飰 繙 䋦 䋨 䋹 纀 絥 綍 綒 緮 紨 紼 紱 韍 䌗 縛 冹 麩 䴸 麬 麱 翇 緋 餥 紑 餻 縞 絯 䬣 紇 絚 緪 䋁 䌄 絙 縆 綱 䴚 尷 飦 尶 䊻 紺 䊽 餜 綶 䴹 瘝 館 䤽 綸 䌯 鰥 糼 紅 餶 縎 媯 劌 䮹 䌆 繪 㔳 䠩 鱥 給 緺 絓 緷 緄 䬲 緱 餀 饚 䓼 餄 繳 麧 絎 㘕 嚂 蘫 㺝 餭 䌙 縨 䵃 濊 奯 藧 萈 緩 繯 綄 䴷 葒 紘 紭 綋 䭅 䭍 餬 絗 䊺 䴯 䭌 噦 譓 潓 薉 顪 獩 翽 穢 寭 鏸 銊 鐬 餯 䧥 繢 䌇 絵 韢 憓 䃣 僡 檅 璤 繣 䴳 餫 餛 緡 繉 餱 訍 㳗 芆 餷 釵 靫 扠 紁 㣾 䟕 肞 紹 綽 巣 麨 儕 䋲 蔯 螴 陳 縝 綝 樄 嗆 鎗 饓 搶 緽 絾 槍 䱽 誺 饎 飾 飭 彲 驪 絺 䊼 勑 麶 䳵 饞 緂 繟 緾 纏 纒 䴼 䴝 刅 瘡 創 戧 䭚 剏 剙 愴 刱 箹 䓎 䋘 綴 䁣 甎 暷 傳 團 膞 䌬 緟 絀 䟣 蒓 蓴 純 丒 㐜 紬 絒 䌧 䭙 饉 䌝 䋮 紟 紾 縉 䌍 鹶 嚌 䜞 䶓 艥 㸄 濈 濟 虀 䶩 穧 癠 齎 齌 劑 饑 飢 韲 齏 亽 鑇 齊 齍 隮 嶯 䮺 擠 結 績 継 繼 䋟 紒 級 紀 䍤 緝 尐 懠 霵 躋 霽 鱭 檝 櫅 璾 經 経 䋌 繮 絳 艦 襺 濫 繭 䭠 餰 䬻 剱 劒 釰 餞 䭈 鑬 鑑 賎 䭕 轞 縑 纖 緘 絸 繝 䌑 鹻 鹸 鹼 鹹 礛 譼 㔋 鍳 鑒 㯺 監 檻 餃 纐 糾 絞 䌭 卪 飷 擑 䌖 刼 䬨 慦 捄 紤 糺 繆 㤹 㪻 飬 餋 縳 絹 羂 㯞 絅 綗 蕝 虳 䶂 撧 繑 繘 㔃 㔢 絕 絶 㵵 㪺 䕑 餕 䌀 緙 餡 䭝 絋 纊 絖 髖 寬 鑧 臗 絝 餽 饋 㱎 綑 藍 蝋 繗 絡 唻 婡 箂 淶 萊 猍 䅘 錸 䧒 睞 崍 庲 騋 䋱 徠 䂾 倈 賚 顂 來 麳 郲 鶆 逨 䚅 鯠 棶 琜 餎 䯖 哴 嫏 誏 艆 蓈 䕞 㾿 㝗 䆡 蜋 鎯 斏 鋃 䀶 㟍 㢃 䡙 駺 䍚 閬 㱢 硠 㓪 勆 欴 郞 郒 䱶 樃 躴 朖 瑯 㙟 囇 孋 灑 䕻 䴻 穲 㻎 㿛 蝕 矖 厯 廲 婯 斄 酈 鸝 邐 䚕 攦 麗 綟 縭 纅 纚 釃 䋥 儷 㯤 鱺 欐 囕 㜮 爦 爁 籃 襤 灠 灆 䆾 攬 㩜 䰐 䌫 纜 繿 䦨 懢 礷 擥 覧 覽 儖 㰖 欖 壏 璼 綾 䌢 紷 鹷 㾗 綡 緉 樑 孌 攣 㜻 戀 䭑 錬 䏈 䌞 練 纞 縺 鱄 尦 繚 囉 囖 㽋 籮 蘿 㿚 鑼 饠 攞 䌱 䌴 罖 纙 羅 邏 曪 㦬 儸 剆 欏 㼈 猟 䋑 奊 埓 餾 綹 畄 㡩 䜌 㝈 孿 㱍 臠 巒 鑾 灓 曫 奱 欒 鸞 灤 䖂 虊 癴 癵 羉 圝 圞 㴳 㙙 滷 蓾 鏀 緑 䌒 纑 鹵 磠 樐 㔪 塷 㲶 絽 縷 綠 繂 縲 纝 嘜 繩 䋋 緍 緢 䋃 䮮 䨫 麥 饛 庬 䴿 䵆 䏵 哤 娏 浝 狵 痝 㟌 駹 㤶 䵨 䭧 䋛 䌕 䌏 䌐 蠻 矕 蘰 饅 縵 絻 嬵 矊 綿 緬 㒙 麪 麫 麵 檰 紗 緲 嚩 䬴 饝 饃 䭩 絈 縸 纆 䴲 滅 烕 搣 䌩 䊾 麰 䈫 蒳 㨥 納 䋾 䋻 䜀 䜧 悩 脳 䭆 饢 籾 䵑 縌 䭢 涊 㲽 䬯 䴴 䭃 䌜 䌰 䋴 紐 餪 繷 䘐 衂 餒 餧 䌔 紆 䌂 麭 蘕 纄 䴶 疈 䴽 乑 砯 縹 䣮 轡 㕻 綅 艩 蠐 䶒 䐡 麡 綨 緀 䌌 綺 綥 紪 緕 纃 䄢 臍 綪 謒 熗 䤌 牄 繈 繦 蹌 䵁 銭 䭤 縴 繾 㦮 繰 鐑 緁 㛏 浗 莍 蛷 㞗 銶 賕 㟈 䣇 皳 盚 緧 䊵 毬 紌 絿 殏 䟵 觩 鯄 梂 縓 綣 絟 槫 紶 絇 䋧 組 麴 麯 麮 饒 繞 認 㠴 訒 荵 飪 餁 㸾 牣 靭 䀔 屻 岃 扨 軔 紝 絍 綛 紉 韌 㣼 梕 躵 肕 纕 繎 㲯 緛 絨 縟 縙 繻 綏 緌 䏰 鳋 颾 騷 㲧 繅 鰠 譅 歰 瀒 澀 䔼 繬 㒊 䘮 喪 噝 籭 蕬 飴 飼 飤 絲 緦 糹 鷥 饊 繖 䔋 歲 犧 縮 䵀 餸 餗 䌚 縤 粛 玊 歳 䭉 嵗 繐 繸 蕵 薞 餿 嚃 䜚 䌈 遝 闧 飸 饀 縧 縚 綯 餹 餳 饄 䌅 䬫 䬾 䌡 緹 綈 綎 䋼 餂 䋬 飥 騨 紽 磚 䴱 飻 嫥 䊜 糰 篿 漙 鏄 剸 鷒 㩛 專 摶 慱 檲 塼 餇 綂 統 莵 兎 圡 飩 飳 緰 紏 綉 繌 剎 儍 樧 䬰 綃 繺 曬 䬷 紳 縄 緔 曏 籂 篒 襹 餙 䭄 飠 餝 繹 絁 䌳 䌤 䂖 弒 饍 繕 䴮 卛 䌮 縔 䌃 䧠 䘤 蒁 䢤 㾁 鉥 紵 術 紓 絉 綀 怷 䴰 朮 鼡 鶐 䭨 綬 獣 䋏 㕚 羄 瑵 齋 敶 䊶 縥 絼 紖 䨯 䥭 䋊 糽 䋫 愸 粀 㽴 餦 扙 䬹 䭁 紩 緻 紙 織 綕 䵂 饘 䬤 䋎 綻 戦 桟 轉 庒 烵 犳 圴 囀 䉵 籑 饌 竱 鄟 瑼 䈺 蔠 終 䝦 衆 炢 簗 䭖 䌵 絑 紸 丶 䝒 餟 縋 綧 䈙 葤 驟 䋓 紂 䴜 藴 饂 紋 緼 網 䋄 䋞 彎 灣 䘎 䥑 綰 紈 綩 壪 䁊 䀑 乄 䈧 溈 濰 䬿 餵 饖 䗽 緯 䋿 縅 維 緭 為 㣺 憖 䜁 餼 餏 䭒 䂀 繥 細 緆 縰 縘 綌 躧 怸 緈 薌 餉 饟 㗽 嚮 蠁 緗 鄉 響 饗 絴 䦳 鱜 鱶 膷 糮 䂅 絃 繊 纎 絤 線 綫 綖 㽉 麲 嘨 簘 䴛 㩪 絬 䋶 纈 繲 紲 綊 緤 絏 糔 饈 繍 綇 繡 脙 繏 縇 絢 縼 䭥 䋉 㖅 訹 䬄 䂆 䢕 續 緒 緖 続 縃 䎉 㺷 珬 縖 縀 䭀 䋸 紃 纁 畃 飮 飲 縯 䌥 絪 緸 猌 憗 㙬 葯 餆 餚 䌁 䌊 䋂 䭇 餘 餣 䭎 䭟 饁 䋵 曵 瀁 癢 䭐 䬺 攁 㔦 紻 羪 養 懩 礢 䑆 䓹 䭞 䬮 䭂 繶 䋚 縊 䬥 䴬 巌 饜 䌪 鹽 厳 䀋 䭘 䬬 䭊 䭗 纓 緓 桜 珱 喲 薗 䬧 䬼 縁 緣 園 櫞 逺 遠 䋐 礿 䋤 爩 灪 䖇 饇 飫 緎 䋖 䋭 鬰 鬱 蘊 縜 紜 繧 縕 糿 纋 栆 縡 飵 夨 捑 綜 賘 緇 紎 饡 繓 纉 纘 䌣 糭 潈 鑁 緵 緃 縦 縂 㯶 纗 絊 繜 緅 䠫 赱
附属根	冬字底	冬字底	点	71	130	㙦 买 佟 冬 卖 咚 图 头 实 寒 尽 峂 戽 抖 搀 斗 料 斛 斜 斝 斟 斠 斡 於 枣 柊 椟 槲 櫆 氡 浕 淤 渎 烬 牍 犊 疼 瘀 科 窦 终 续 荩 荬 蚪 蝌 螽 觌 读 谗 赆 赎 躐 邋 钭 镴 阏 馋 鬣 魁 黩 鼠 鼢 鼩 鼫 鼬 鼯 鼱 鼷 鼹 𫚭	鼥 㪵 仒 䶈 竄 鑹 攛 躥 䳉 鼦 㚵 笗 苳 昸 䂢 鮗 鼕 㱩 唞 乧 鈄 阧 㞳 㪷 斣 閗 鬦 枓 閼 鼣 䶅 䶃 嘝 䈸 蔛 㪶 鼲 窲 㕏 䝲 侭 呌 㪻 䶂 㪺 鼰 鼳 斚 㪴 䈖 萪 㸯 犐 嵙 䌀 爉 蠟 鑞 擸 䃳 儠 鱲 㯿 臘 炓 䉭 獵 䪉 犣 䁽 鬛 㲱 䝓 巤 䜲 䶉 鼺 㪹 䶄 㩃 䧷 鼶 厁 䀞 㣠 冭 鼮 斢 鼧 㠽 炵 䶱 鉖 庝 㤏 䔑 鼵 図 䚵 㳆 紏 鼪 斘 鼭 癙 酙 㘰 䈺 泈 蔠 㹣 鼨 終 鴤 䶆 䶇 鼤 濣 鼸 菸 鼴 唹 箊 斞 扵 鯲 棜 乻 旕 栆
主根	专	专	专	7	1	䏝 专 传 啭 抟 砖 转	䌸
主根	折	折	折	418	1545	㘎 㟃 㻬 䥽 万 与 丏 丐 丑 世 丞 乜 书 乩 买 乱 乳 亏 亡 亥 亹 伺 侉 侯 侴 俄 俜 候 假 偡 傲 僭 兕 兜 兮 写 决 凸 凹 函 刁 刳 刻 劢 劾 勘 勚 匏 卖 卣 卺 厖 厩 厾 发 叚 叫 号 司 叼 吨 吼 咳 哦 哪 喉 喋 嗣 嗷 嘏 囤 圬 坉 块 垓 垮 城 埏 堞 堠 堪 墈 墉 墕 夬 夸 妄 妞 姊 姱 娉 娜 娥 嫣 孔 孩 宬 尢 尥 尨 尪 尬 尴 局 屉 屯 屿 峨 峱 崡 崿 嵁 嶅 嶲 巧 幻 废 庸 廒 延 忘 忙 快 忳 忸 惘 愕 慌 慨 慵 憨 成 我 戡 戢 扎 扭 扽 抉 拨 拯 拷 拽 挎 挪 揕 摴 撖 收 敖 敢 斟 断 既 晐 晟 暇 暨 曦 曳 望 札 朽 杧 杻 枍 枵 栲 核 梴 椟 椹 楪 概 樗 橄 欤 殷 氓 氦 汈 汛 污 沌 沔 泄 泻 泼 洘 洿 涄 涎 涐 涵 渎 渫 湛 溉 溵 漹 澉 炔 炖 烝 烤 烻 焉 焗 煁 熬 爔 爨 牍 牒 牤 牻 犊 狃 猴 獒 玙 玦 珹 瑕 璈 璺 瓠 甚 甩 疏 疠 瘊 瘕 癿 盛 盥 盲 盹 眄 瞰 砄 砘 硪 硭 碟 磡 礼 祠 秭 窀 窍 窦 笥 笫 筵 筷 篌 篼 簖 簪 粤 粼 糇 纠 纯 纽 绁 绔 继 续 缑 缺 罔 羌 羞 羲 考 聘 聱 肓 肟 肫 胤 胯 胲 腭 舆 芒 芤 茕 茫 荄 荒 荬 莪 莼 菡 萼 葚 葭 蒸 蔫 蔬 蔸 蕺 虬 虱 虻 虿 蛾 蜒 蜣 蝶 螯 衄 袂 袯 觌 觖 讯 诀 词 诚 诞 该 读 谌 谍 谎 谔 谮 贳 赅 赎 赘 赳 趸 跨 蹀 躐 轧 辄 辋 迅 迈 遐 遨 邋 邙 那 邨 鄂 鄘 鄠 鄢 酦 鏊 钆 钙 钝 钮 铐 铖 锇 锔 锷 镛 镴 阂 阚 陋 陔 雩 霞 顿 颏 颚 饕 饨 饲 饿 馐 骇 骋 骜 骸 鬣 魍 鲀 鲺 鲽 鳄 鳌 鳙 鸮 鹅 鹗 黩 鼎 鼐 鼒 鼠 鼢 鼩 鼫 鼬 鼯 鼱 鼷 鼹 𥔲 𦰡 𫄧 𫘝 𫚭 𬇕 𬭤 𬶨	䬵 欬 㤅 閡 硋 䠹 䑂 㞄 碪 㜜 謸 滶 蔜 獓 隞 㟼 㠂 厫 䦋 䮯 抝 慠 磝 嗸 䫨 嫯 謷 摮 䵅 鼇 㥿 驁 鰲 鷔 垇 㘭 鼥 髩 鳵 韛 蛖 硥 䪐 韠 䛒 爂 溊 㞈 㝿 䶈 㩭 壆 別 䪔 㾱 牬 䅾 䤁 詞 薺 䭣 䛐 柌 趀 噆 䛹 㿊 蠶 䣟 朁 䍼 憯 竄 鑹 攛 㸑 躥 麁 䍎 膥 龖 龘 䪏 䪚 嘄 幬 䊭 濤 薵 㿒 隯 嶹 搗 擣 醻 儔 禱 槝 檮 島 軇 翿 燾 瓙 壔 艜 蔕 帶 䠠 遰 㿃 螮 廗 蹛 㯂 㥁 悳 䒭 慸 鉪 墬 嵽 摕 䪘 㦅 僀 䐭 墆 噉 啿 唌 媅 誕 䭛 䩥 駳 䗺 蜑 饏 愖 䨢 霮 黮 濎 薡 鐤 鼑 䵺 巓 槇 顚 鼦 䙤 尮 幉 諜 氎 艓 褋 鞢 㩸 揲 䪓 牃 㤴 惵 殜 㑙 鰈 㭯 㻡 籪 㫁 斷 䠪 頓 韥 韣 㱩 噸 鈍 庉 伅 腞 㨮 㓸 鬬 鬭 顎 㓵 卾 啞 㗁 咢 噁 鶚 遌 覨 䛩 諤 誐 譌 䛖 湂 蕚 䕏 蒍 齶 餩 鍔 皒 鋨 餓 睋 㟧 㠋 峩 蝁 琧 亞 惡 㧴 騀 堊 䖸 㼂 鵝 鵞 偔 僫 偽 䄉 鰐 椏 㮙 䳗 䳘 埡 堮 珴 灋 発 䪛 荂 韍 䪙 鳬 鼣 廃 柹 胏 釓 錷 軋 韟 姟 該 畡 漑 㱾 賌 郂 鈣 㮣 槩 䀭 賅 峐 乢 摡 絯 侅 豥 槪 匄 嘅 韐 韚 亙 揯 㮓 絚 緪 恆 䱍 䱭 堩 焹 尲 尷 乹 豃 叏 䊽 臦 臩 㗻 渦 濄 瘑 蝸 鍋 鐹 咼 過 楇 䐸 堝 丱 關 龔 龏 尳 䵻 媯 嬀 潙 劌 蟡 䐴 䞈 䮹 鴂 趹 䠩 鱥 赽 諣 煱 䈑 騧 緺 䫚 剮 冎 歄 㱙 踻 緱 韝 耉 蝦 䪽 號 呺 㙱 㞻 㺔 頦 㧡 駭 㤥 䓼 癋 䶅 㯊 㬻 㘚 㖤 譀 䈄 䘶 㺖 蜬 䶃 䤴 顄 闞 鬫 㦑 㒈 䨡 韓 㮀 爳 㙔 劃 㡃 詤 謊 㼹 宺 㠵 巟 朚 衁 䀮 㤺 䐠 塃 㗲 濊 㩇 旤 㦎 奯 禍 䒛 䥧 巜 黌 嫮 㸦 觷 䪝 礐 㽇 恗 綔 㯛 壺 噦 噅 諱 煒 褘 䂕 薉 顪 獩 翽 㞀 穢 㰥 銊 鐬 餯 撝 韋 韢 違 䃣 㑰 椲 檅 噕 嫿 澅 䔢 蘤 釫 摦 學 畫 繣 畵 槬 鼲 帿 䙈 葔 犼 䗔 鍭 餱 䞀 睺 䂉 鱟 㬋 䫛 鄇 翭 鯸 㮢 䳧 儕 㳧 䚢 諶 䫖 夦 㴴 齓 瘎 鍖 踸 娍 誠 筬 洆 荿 窚 鋮 䫆 郕 㼩 峸 騁 㞼 氶 絾 脀 鯎 檙 韔 嘯 卙 滯 懘 迣 䮻 鋋 䪜 㢟 硟 脠 嚽 吷 猭 剶 鶨 嘃 寵 䌬 傭 橻 㝽 䞼 䓐 芚 蒓 萅 㝄 旾 䣩 純 杶 嚋 吜 䛣 嬦 譸 燽 疇 籌 㿧 鈕 䌧 懤 躊 䲖 魗 㦞 䭙 嶜 兓 㶳 䤐 巹 䃡 䐶 嚌 䜞 䶓 艥 㸄 濈 泲 濟 虀 蔇 䶩 㞆 穊 穧 癠 蟻 齎 齌 劑 曁 韲 齏 鱀 旣 䀈 鑇 齊 齍 塈 隮 嶯 䦇 旡 䮺 擠 㡭 継 繼 䍤 丮 懠 霵 躋 霽 鱭 櫭 檵 檝 櫅 谻 璾 譖 熸 瀳 薦 䶬 䬻 韀 韉 賎 嘂 訆 灚 㽲 㽱 臫 攪 糾 覺 㡇 痎 䇒 擑 舏 㸨 廐 㧃 䡂 乆 乣 糺 丩 朻 㺩 鐫 韏 雋 臇 燛 妜 訣 決 芵 㹟 疦 蚗 䶂 鈌 䀗 䦼 駃 刔 䁷 㭈 鴃 䏐 襷 鋦 鼰 鼳 挶 駶 䪕 擧 舉 䎤 侷 巪 跼 梮 欅 櫸 䏱 婽 猳 犌 麚 徦 貑 椵 豭 腵 寯 懏 㒞 儁 鲓 銬 攷 丂 㼥 鮳 烗 䒓 䤤 輆 㚊 奒 歁 簻 薖 龕 㘛 矙 韕 錓 袴 扝 嚳 絝 郀 鮬 桍 尯 虧 䯞 咵 骻 㡁 誇 舿 銙 晇 䦱 䠸 閸 壼 爉 蠟 鑞 擸 䃳 儠 鱲 㯿 臘 亃 壣 厯 攭 䴡 劙 㼖 䗍 䤙 盠 礼 欚 栃 〇 靇 龗 㶌 㺦 㢘 聯 㞅 䊨 䇔 驘 鸁 䌱 㒩 腡 䉭 獵 䪉 犣 䁽 鬛 㲱 䝓 巤 䜲 奊 澑 羀 癅 䶉 鐂 飅 畱 驑 駵 䱖 橊 桺 璢 薍 乿 亂 嚨 爖 籠 襱 㴳 瀧 㙙 蘢 䆍 龓 竉 蠬 龒 蠪 礱 㰍 驡 鸗 㡣 䪊 聾 鑨 龍 壟 矓 贚 隴 巃 巄 龐 䏊 䮾 攏 徿 曨 礲 儱 躘 櫳 䡁 朧 壠 瓏 豅 鼺 痲 戼 虋 甿 䈍 䗈 䥰 蝱 庬 䏵 哤 娏 㡛 笀 汒 浝 狵 䅒 痝 吂 䖟 釯 鋩 杗 盳 㟐 㟌 駹 恾 㤶 䵨 铓 䛧 鼏 㴐 汅 䀎 麪 麫 滅 烕 搣 韎 䎎 䛝 㩘 侫 嬝 裊 㑚 梛 銸 帇 踂 䳖 炄 沑 莥 靵 䂇 紐 䏔 㺲 湪 䢉 䚼 䖡 䶊 䲎 啂 㳶 拋 龎 盻 䶄 䀻 甹 慿 溌 䪖 醗 㳈 䫬 鬵 橬 艩 蠐 䶒 䐡 麡 炁 纃 䄢 臍 慶 櫦 嗴 唴 㛨 溬 㳾 獇 猐 羻 羗 潛 灊 銭 䁮 㩮 撍 攑 㦮 荍 䆻 郻 韒 㚽 㤍 䲾 鄡 䠍 䆋 虯 䤛 觓 鱃 橚 櫹 玌 㷀 煢 㼇 蒛 琷 韌 㺎 㣑 㲊 粈 韖 䐹 䘮 喪 泀 鉰 飼 鼶 孠 覗 䏤 糂 糣 歲 犧 潚 㩋 驌 㪩 肅 䎘 䏋 鷫 㬘 䃤 鱐 璛 歳 嵗 㻽 䑜 侤 飸 㹗 䬞 韜 㗣 笹 屜 屟 髰 殢 朑 㽎 鼮 聼 鷆 塡 䒒 鼧 䪑 碢 䜝 褖 鼵 嶀 圕 㞂 尵 㹠 飩 軘 㼊 旽 霕 魨 豘 黗 婾 偸 䜓 葉 蠂 抴 弽 韘 㚨 籸 扟 愼 鯅 鼪 晠 墭 䵼 呞 諡 齛 貰 鼭 乨 亊 蝨 㔺 跩 鯴 䘰 挻 癙 書 疎 怷 朮 兪 璹 収 夀 壽 煠 㳐 紥 䮜 偞 紮 蚻 齋 讋 䁋 輒 鮿 䐑 㪛 鎭 眞 䇰 篜 䡕 廌 値 讝 桟 斲 斵 蒃 䧘 堟 尰 鼨 鑄 䪒 䢡 䶆 贅 撾 檛 膼 訰 迍 籒 䶇 晝 媧 瓲 韤 喎 鼤 韞 㮧 㜲 誷 菵 莣 蝄 亾 輞 網 棢 兦 卐 卍 㘤 杤 萵 猧 窩 䮸 呉 吳 嗚 䜑 熓 汚 溩 螐 鎢 隖 嵨 䡧 摀 乄 䑁 䖚 悞 䃖 鴮 鰞 杇 歍 鄔 烏 塢 瑦 喡 媁 幃 韑 䙟 䈧 湋 潿 溈 葦 蔿 㞇 寪 鍏 饖 斖 颹 䧦 㕒 讆 讏 䘙 衛 衞 䍷 徫 緯 㦣 躗 躛 韡 暐 闈 韙 㬙 愇 偉 僞 儰 為 圍 鄬 爲 瑋 䒖 阠 軐 興 釁 舋 㭄 䚷 䜁 䒊 㿽 燨 澙 䊠 襲 犠 舃 墍 䂀 義 戱 煕 觹 觽 黖 肹 㙾 嬹 䕟 臖 䳙 嘕 尠 玁 鼸 県 綖 㕺 鴞 䊥 熽 簫 瀟 蕭 蟰 蠨 蟂 㔅 斆 歗 斅 澩 彇 梟 媟 洩 䕈 齥 㝍 屧 鍱 擕 紲 緤 絏 卨 㥟 伳 枻 䥾 㐖 鏽 饈 臹 䡭 繡 㶅 疶 䫼 燢 嶨 鷽 雤 䦑 㰒 㖅 噓 謣 㵰 藇 疞 䬄 嶼 䢕 㞊 虛 㰭 鱮 䎉 珬 㗇 煆 蕸 㾎 鍜 睱 騢 䫗 㰺 夓 䪗 縀 舝 碬 鰕 赮 訊 䭀 卂 婭 劜 孲 稏 㝞 瘂 錏 鐚 氬 㰳 掗 鵶 䢝 乛 䃁 俹 䰲 䵝 圠 婣 湚 蒑 䕾 㐆 㣧 乚 慇 囙 磤 㥼 傿 㞁 䆗 鼼 䈎 䇩 䥡 䭎 䭟 枼 鐷 瞸 擛 曵 僷 䯆 呭 㖂 詍 嬟 議 艤 袣 䉝 㵩 㹭 稦 䄿 勩 靾 䧧 㠖 嶬 㡼 耴 轙 䣡 郼 弬 䴊 怈 礒 儀 䄁 跇 禕 䲑 䎈 檥 栧 鸃 亄 玴 㘙 嚴 孍 娫 䉷 篶 莚 䶫 狿 㝚 䗡 鼴 龑 䀽 巌 巖 巗 麣 乵 釅 郔 曮 礹 儼 厳 欕 壧 䞛 籝 籯 灜 䕦 贏 攍 䃷 梬 䑉 裫 鼝 淵 蜵 蝝 縁 緣 䨊 䳣 䱲 棩 櫞 鼘 逺 嫞 滽 䗤 鏞 䧡 㟾 鷛 牅 鱅 槦 䆕 䆢 粵 喩 娯 嬩 娛 籅 㶛 澚 芌 蘛 㺞 穥 㝼 陓 㠘 與 譽 輿 歟 㦛 礜 轝 鸒 懙 礖 㒜 俁 楡 旟 亐 迃 璵 㺮 韗 奫 䨶 丣 㽕 逌 䚃 牗 㞉 夨 捑 㻸 㾅 鐕 㔆 兂 㣅 㝾 䤸 潈 㰎 檇 㔿
附属根	乙	乙	折	22	61	乙 乞 乾 亿 仡 吃 呓 圪 墘 屹 忆 挖 汔 疙 矻 纥 艺 虼 讫 迄 钇 龁	阸 乼 氹 乧 呝 㧖 軶 砨 豟 戹 乶 阣 㧉 杚 犵 䩐 䬣 扢 紇 肐 漧 亁 籺 齕 麧 乥 乯 刉 䞘 㨴 乬 乫 趷 㩿 乮 朰 乪 訖 䒗 盵 䢀 㫓 䎢 忔 䰴 乺 乷 乭 䎲 乽 穵 䦍 㲸 釳 乴 乤 釔 鳦 肊 乻 乲
附属根	弓	弓	折	45	161	吲 塆 弓 引 弘 弛 张 弢 弥 弦 弧 弨 弩 弭 弯 弱 弶 弸 弹 强 弼 彀 搦 泓 涨 湾 溺 犟 猕 疆 矧 穹 粥 糨 纼 膙 芎 蒻 蔃 蚓 襁 躬 镪 鬻 𫸩	弝 墢 㢶 㢸 㢰 弻 彃 襏 潑 撥 驋 發 蹳 鱍 㢼 彆 㣁 弔 㢩 弤 弾 彈 䘟 鈟 弴 㢯 伄 㣂 㢽 蕟 醱 彂 橃 弣 䉬 䕠 癈 廢 䚨 櫠 彁 彉 彍 杛 匑 㢨 苰 宖 鞃 䩑 䡏 㢬 紭 彋 䨎 霐 弖 㢮 弪 弳 嵹 摾 謽 勥 強 䥒 彊 弜 弿 彅 惤 㢧 弮 㢾 彏 弡 彄 䰜 霛 㢳 䉲 㳽 瀰 渳 䕳 葞 獼 㟜 麛 㜷 瓕 䥸 彌 㣆 㥝 愵 嫋 糑 䚥 榒 㗶 鏺 漒 鏹 繈 繦 虇 䛪 焪 藭 宆 窮 䠻 㣄 篛 嵶 鶸 鰯 䐞 㢻 弚 弰 㢵 弽 訠 弞 矤 盄 䀕 㣀 弫 紖 䏖 漲 瘬 張 㙣 䰞 彎 灣 䘎 壪 弙 㡉 娹 誸 㢺 婱 㭹 彇 弲 㢲 粌 䇙 䒡 鈏 靷 㧈 弬 㣃 㣅
附属根	飞	飞	折	1	6	飞	榌 飜 騛 飛 飝 䬡
主根	卧人	𠂉	卧人	109	314	乍 乞 乾 仡 仵 伤 作 侮 午 卸 吃 咋 嗨 嗾 圪 墘 复 履 屹 岞 年 御 忤 怍 怎 悔 愎 拃 拖 敏 施 旃 旄 旅 旆 旋 旌 旎 族 旐 旒 旖 旗 旞 旿 昨 晦 暶 杵 柞 栴 梅 椸 榨 殇 每 毓 汔 浒 海 游 漩 炸 璇 疙 痄 矻 砟 祚 窄 笮 簇 繁 纥 胙 胣 腹 膂 舞 舴 莓 蔟 蘩 虼 蚱 蝣 蝮 覆 觞 讫 许 诈 诲 迄 迕 迤 迮 酢 酶 镞 阼 霉 饬 饰 馥 鲊 鳘 龁 𬸦	䧗 䮡 旇 䞄 輹 瘯 䃚 䑨 柂 㫊 尓 旊 䋣 䌓 緐 㶗 瀪 瀿 䋦 旛 嘸 鳆 複 澓 蕧 㬼 稪 癁 鍑 㠅 撫 復 緮 䌗 䨱 鰒 椱 㙏 玍 阣 㧉 杚 犵 䩐 䬣 扢 紇 肐 漧 尷 尶 亁 観 潅 盬 㫎 烸 塰 籺 齕 麧 斻 㘕 嚂 蘫 㺝 䮧 鶾 雗 汻 歓 許 幠 滸 膴 誨 䩈 㡸 膓 塲 粚 鉓 飾 飭 㢮 鏃 刉 莋 䞘 旍 艦 濫 鑬 鑑 㨴 轞 礛 譼 㔋 鍳 鑒 㯺 監 檻 趷 旝 㩿 藍 瀶 臨 囕 㜮 爦 爁 籃 襤 灠 灆 䆾 攬 㩜 䰐 䌫 纜 繿 懢 礷 擥 覧 覽 儖 㰖 欖 壏 璼 斿 玈 䮉 㢳 祣 㭚 膐 勄 慜 鰵 䲄 鋂 袮 瞴 譕 無 橅 娒 畮 䀲 踇 㙁 墲 䊈 毎 痗 挴 䍙 䱕 黣 脢 珻 蟱 脌 哖 姩 鵇 吘 旚 㩯 䪖 斾 訖 籏 欫 䒗 盵 䢀 㫓 䎢 忔 䰴 旂 勧 権 琁 㲯 漡 摥 䟭 袘 沲 狏 㸱 陁 駞 砤 䰿 旓 鍦 鬺 慯 殤 傷 觴 䵰 籂 箷 湤 葹 鉇 揓 絁 㒾 䗐 詐 苲 宱 厏 搾 䋏 醡 鮓 䩆 㮵 旜 妰 鷟 嫵 䒉 㷻 啎 甒 䉑 橆 鷡 㵲 潕 蕪 廡 䍢 䦍 憮 儛 㒇 躌 㬳 玝 璑 釳 啣 糮 衘 㽉 炧 嫙 㳬 蔙 蜁 鏇 䁢 颴 縼 䃠 䲂 㯀 镟 䗠 鄦 䔓 㞰 㫏 㫍 㐌 䝯 崺 暆 檹 鹽 䀋 塩 㷏 籞 篽 㶛 蘌 蓹 䥏 禦 旟 䑻 㳺 逰 遊 泎 葃 齚 飵 筰 葄 秨 㸲 鈼 䝫 岝 㤰 㑅 䞢 㵀
主根	母	母	母	26	46	乸 侮 呣 嗨 姆 悔 拇 敏 晦 梅 母 每 毒 毓 海 碡 繁 纛 莓 蘩 诲 酶 霉 鳘 𧿹 𬭁	袰 蝳 瑇 䓯 䋣 䌓 緐 㶗 瀪 瀿 䋦 㝀 烸 塰 誨 䩈 毑 勄 慜 鰵 䲄 鋂 娒 畮 牳 鉧 䀲 㟂 砪 踇 胟 㙁 坶 䊈 苺 痗 挴 䍙 䱕 栂 黣 脢 珻 㩯 䳇 㑄
附属根	毋	毋	母	2	0	毋 毐	无
附属根	毌	毌	母	4	13	惯 掼 毌 贯	罆 䗰 鏆 摜 貫 遦 慣 躀 樌 謴 瑻 毎 實
主根	亻	亻	亻	361	710	㑇 㑊 㛹 䗛 不 丕 亿 什 仁 仂 仃 仅 仆 仇 仉 仍 仔 仕 他 仗 仙 仞 仟 仡 代 仨 仪 仫 们 仰 仲 仳 仵 件 价 任 份 仿 伈 伉 伊 伋 伍 伎 伏 伐 休 优 伙 伛 伟 传 伢 伣 伤 伥 伦 伧 伪 伫 伭 伯 估 伲 伴 伶 伸 伺 似 伽 伾 佁 佃 但 位 低 住 佐 佑 体 何 佖 佗 佚 佛 作 佝 佞 佟 你 佣 佤 佩 佬 佯 佰 佳 佴 佶 佸 佺 佻 佼 佽 佾 使 侁 侂 侃 侄 侈 侉 例 侍 侏 侑 侔 侗 侘 供 依 侠 侣 侥 侦 侧 侨 侩 侪 侬 侮 侯 侵 侹 便 促 俄 俅 俊 俍 俏 俐 俑 俗 俘 俙 俚 俜 保 俟 信 俣 俦 俨 俩 俪 俫 俭 修 俯 俱 俳 俵 俶 俸 俺 俾 倌 倍 倏 倒 倓 倔 倕 倘 候 倚 倜 倞 借 倡 倥 倦 倧 倨 倩 倪 倬 倭 倮 倴 债 倻 值 倾 偁 偃 假 偈 偌 偎 偏 偓 偕 做 停 偡 健 偬 偭 偰 偲 偶 偷 偻 偾 偿 傀 傃 傅 傈 傉 傍 傒 傕 傣 傥 傧 储 傩 催 傲 傺 傻 僇 僎 像 僔 僖 僚 僦 僧 僬 僭 僮 僳 僵 僻 儆 儇 儋 儒 儡 儦 儳 儴 凭 化 华 否 呸 咻 咿 哗 喉 嗬 嚭 坏 坯 垈 垡 堠 堡 夜 孬 宿 岱 庥 怀 恁 悠 您 抔 掖 攸 晔 杯 桦 楩 歪 洑 洢 浟 液 滫 濮 烨 煲 牮 狉 猴 环 玳 甭 痞 瘊 筏 筱 篌 糇 缑 缩 罘 翛 胚 脩 腋 膺 芣 花 苤 茌 茯 茽 荏 荷 莅 莜 葆 葰 蒨 蓓 蓿 衃 袋 袱 褒 褓 讹 貅 货 贷 赁 赝 蹜 还 邳 钚 铧 阀 雁 靴 鞭 骅 髹 鸺 鹰 黛 𫢸 𬭤 𬳵	僾 儗 伌 侒 儑 㑃 茷 仈 儐 媬 藵 䭋 嫑 緥 賲 儤 䳰 佨 㙸 堢 䪹 㑟 伻 傰 娝 㚰 䋔 偪 佊 倂 傡 併 偋 箯 缏 緶 鯾 僄 䬪 僠 侼 仢 䟮 吥 鈈 㨐 佈 僕 盃 㤳 俻 偹 備 僃 憊 㷶 偝 桮 柸 傪 傮 倸 側 傖 㐸 偨 佌 儏 潀 伜 倅 侟 僤 儔 䒫 蚮 帒 貸 㐲 柋 侢 鮘 鴏 僜 儅 偒 滌 蓧 偙 僀 儥 仾 俤 伔 儃 佔 傎 伄 㒛 仛 㑙 偳 㑈 働 倲 㒔 伅 侸 吪 訛 鈋 佮 偔 僫 偽 魤 囮 奀 㒃 侕 笩 浌 䣹 閥 傠 栰 㘺 僨 偑 㒥 僼 仹 㐽 㑂 倣 仮 仏 仸 梻 襥 䓏 䯱 纀 絥 覄 偩 伕 俌 俛 鮲 栿 垘 䞜 俷 妚 鴀 紑 侅 嗰 個 佫 仠 佄 炛 僙 侊 俇 傦 僱 佹 緱 傋 茠 傐 儫 哬 佷 傼 㒈 㑵 佪 偟 沎 俰 貨 仜 俿 儶 僡 㑰 㒑 婲 誮 糀 㳸 蒊 錵 㟆 硴 杹 椛 埖 㑮 俒 倱 帿 䙈 葔 䗔 鍭 餱 䞀 睺 䂉 㬋 䫛 鄇 翭 鯸 㮢 䳧 偛 仦 仯 㑪 儕 伡 偖 俥 㒤 侲 儭 㐼 倀 侱 償 僘 儻 仩 㢋 㑜 㒆 侙 僝 傸 僢 傳 傭 偅 傗 儊 儲 偆 偢 䀺 跾 鯈 䱔 僸 伒 侭 僅 儘 莋 臮 㑧 僟 偮 仱 俓 傹 傔 倹 儉 僣 俴 㳅 僑 儌 僥 價 㑘 倢 偼 傑 倃 侰 僒 侷 僪 倶 傢 㒞 儁 㑺 佧 偘 儈 儣 㑌 俈 儠 賃 僯 僗 倈 倰 涖 蒞 㑦 儮 㒧 儷 僋 㑣 儖 倆 㜃 僆 儽 㒩 㑩 儸 僂 㑝 儱 㑼 侓 儢 侶 㒍 傫 㑍 㒦 溣 倫 㐷 㑻 傌 僶 佅 們 蘉 儚 㫘 覔 侎 僈 佲 㒙 㑤 薎 㒝 踎 䛘 拰 㤛 㑎 倷 儾 伱 㲻 儞 侽 䣸 侫 倿 儜 㒟 㑚 儺 儂 㚢 伮 㐻 㒖 倗 炋 㳪 秠 蚽 鉟 銔 岯 抷 駓 髬 䲹 䫠 豾 伓 魾 脴 噽 㐴 㺸 囨 㒒 㯷 阫 䫊 怌 俖 伂 肧 㧵 㕻 䈜 寑 倛 僛 㒅 傶 傾 儬 篟 諐 偂 儙 俔 僺 恘 㑋 㒌 儝 佉 佢 伹 㑱 姙 䇮 袵 芢 秹 銋 餁 絍 䋕 仭 亻 㶵 栠 鵀 栣 芿 㺱 㒄 偄 傇 傛 侞 㐵 䓲 㒎 僿 㒊 娰 儩 傂 㒋 俬 佀 価 俕 䈗 摍 縮 傞 倯 傱 㜚 䑿 㴼 㝛 㑉 僁 㑛 樎 㞸 倠 䈹 傁 侤 傝 㒓 縧 絛 㫦 㑷 㒗 儓 蟘 儯 傏 伖 㒉 㑽 偍 怹 倎 蓚 蓨 窱 螩 條 䖺 鋚 鎥 䩦 鞗 儵 鰷 樤 㬸 咃 侻 俀 僓 偸 倽 儍 佋 葠 敒 㑗 侺 偗 傷 佦 僐 傓 㶖 虪 㑐 俆 倐 焂 䨹 宱 偧 㒀 偞 㑿 債 偵 佂 傽 㣥 倁 儨 値 俧 偫 㑁 㒂 筗 眾 㐺 伀 佇 㑏 㑳 㚝 侜 伷 僽 㗏 㒚 仼 倇 仴 俉 伆 倵 儛 㑄 㒇 㐳 偉 僞 儰 㐰 伩 俽 喺 㑶 係 椺 侀 倖 佭 湺 苮 佡 僲 僴 僊 僩 篠 俲 侾 傚 恷 烋 㒠 伳 烌 㳜 㾋 鏥 㹋 鎀 銝 鏅 俢 鵂 鮴 樇 䏫 䐰 㗾 䛙 㑯 㑔 伃 伵 侐 偦 傄 俠 偱 侚 伨 俹 傿 㑾 偠 傜 㑸 倄 㫍 㖡 亱 䤳 鵺 僷 佒 傟 㒕 焲 䘸 蛜 伇 伿 㑥 侇 㐹 㥋 億 偯 儀 俋 棭 贋 贗 㷳 鴈 儼 偐 偣 軅 噟 譍 應 鷹 䧹 僌 㑞 偀 軈 傆 䤦 傴 㒜 偊 㒁 㑨 俁 俼 傊 伝 滺 峳 㛜 㒡 優 偤 偺 傤 儎 伬 倳 儧 儹 筰 㤰 㑅 侳 倊 傯
主根	彳	彳	彳	42	192	嘚 屐 屣 履 屦 彳 彷 役 彻 彼 往 征 徂 径 待 徇 很 徉 徊 律 徐 徒 徕 得 徘 徙 徛 徜 御 徨 循 徭 微 徵 德 徼 徽 惩 葎 蓰 薇 覆	忁 徬 徧 彴 徶 㗰 㜡 篵 漎 蓯 鏦 瞛 䰌 徖 従 從 縱 㼻 䳷 䢨 暰 樅 䐫 瑽 䓚 衜 衟 徳 㣙 彽 㣔 㣞 㣚 衕 徚 㣫 澓 蕧 癁 㠅 復 彿 䨱 䓳 鵆 㣪 衚 㣛 幑 鰴 徻 後 勶 徹 瀓 䚘 懲 徎 徲 摐 㹐 衝 徸 㞛 彶 徑 餰 㣤 徤 徺 徣 屩 屨 忂 徦 䵈 徠 彾 衑 衖 徿 箻 嵂 㜫 矀 徾 黴 㣷 徱 㣬 衐 忀 嘥 㞞 嵷 㣝 慫 聳 傱 䘘 㣵 㣠 屜 徥 㣢 彵 㞜 簁 褷 㣣 蒣 術 癥 徰 徴 藢 崻 徝 徔 憄 㣥 徏 偫 㣶 彸 徟 徍 徃 彺 暀 䉠 癓 䥩 覹 嶶 㣦 讆 讏 㣲 䘙 衛 衞 徫 㦣 躗 躛 霺 漇 㣟 徆 縰 徯 蹝 㣜 㘅 䕔 㿅 衘 銜 䲗 屧 徢 㣰 㣯 潃 㵌 㣧 䓈 垼 葕 椼 衏 籞 篽 蘌 蓹 䥏 禦 㣱 䙕 蓗 瘲 䗥 㢔 嵸 熧 㣭 縦 磫 蹤 豵 㙡
主根	人	人	人	205	801	㵐 丙 丛 亥 人 仄 从 众 佽 俎 僰 内 刻 剐 劂 劾 卒 厥 吹 呐 呙 咨 咳 唑 啐 啮 嗽 噘 噬 囚 坎 坐 坠 垓 埚 姿 娲 孅 孩 崁 崒 嵌 嵚 嵴 巫 庚 座 庾 忺 怂 恣 悴 懿 挫 捽 掀 揿 撅 昃 昺 晐 枘 枞 柄 核 橛 欠 次 欢 欣 欤 欧 欲 欸 欹 欺 欻 款 歃 歅 歆 歇 歉 歌 歙 氦 汭 泅 涡 淬 漱 炊 炳 猝 獗 瓷 疭 病 痤 瘁 瘐 瘠 瘸 盗 矬 砍 碎 祸 窝 窣 筮 簌 粢 粹 纳 纵 羡 翠 耸 肉 肭 肷 胬 胲 脊 脔 脞 脶 腐 腴 臾 芡 芮 苁 茨 荄 莝 莰 莴 萃 萸 蔌 蕨 蚋 蛃 蜗 衲 觋 认 讷 该 诬 谀 谇 谶 资 赅 赍 赓 趑 蹐 蹶 软 邴 醉 钠 钦 锅 锉 锨 镢 闪 阂 阙 队 陋 陔 颏 饮 骇 骸 髽 鳜 鹀 鹒 鹡 齿 龀 龁 龂 龃 龄 龅 龆 龇 龈 龉 龊 龋 龌 𫠜 𫷷 𬹼 𬺈 𬺓	䶣 㾢 䬵 欬 閡 硋 䠹 媼 䵅 䶕 氞 齙 勽 箆 萞 弻 䵄 苪 寎 窉 仌 鈵 鞆 眪 陃 抦 昞 怲 䴵 䴺 囃 肏 䴭 筴 齰 㞤 澬 薋 胔 㓨 蠀 䯸 絘 齹 㐸 餈 䳐 垐 䨏 栨 澨 蓌 遳 剉 夎 銼 睉 㟇 䂳 䴾 䟶 㭫 窾 㗰 㜡 篵 潀 漎 蓯 鏦 瞛 䰌 從 縱 㼻 䳷 䢨 暰 樅 䐫 瑽 䥘 踤 焠 䘹 㵏 濢 㱖 顇 綷 倅 㯜 椊 脺 膵 臎 琗 膥 䪏 盜 䚞 䏑 欿 齻 齶 餩 歞 齾 麷 㑂 麩 䴸 麬 麱 夾 姟 該 畡 㱾 賌 郂 䀭 賅 峐 絯 侅 豥 䩡 焿 菮 㹹 賡 鶊 㪅 䌄 椩 䊻 倝 䴹 䶜 䝿 嶡 鱖 㰪 㶽 䯄 㒷 歄 藃 䯐 㰩 頦 㰧 㧡 駭 㤥 齕 㰰 欱 㰤 麧 噷 㰠 顩 欦 歛 㰹 㡃 詤 䵃 閄 歓 歡 欥 䴷 歑 䴯 㰥 㱄 䔢 蕐 䶤 䴳 㰯 㰻 䶪 欩 麨 齜 䧪 㱌 讖 齓 齔 誺 齝 䶔 齣 齒 欼 㰞 勑 麶 䳵 㱀 襝 㰫 䤘 懺 䴼 䑎 䦷 䦟 摐 齱 齪 鑡 歠 歂 㹐 齭 齼 䶥 欪 歜 閦 龡 歘 嬐 齽 䶖 歏 䃸 㱈 嘰 魕 譏 䇧 䶩 穖 蟣 鐖 鞿 饑 臮 㰟 䤒 幾 㡮 耭 磯 僟 鶺 賫 禨 機 膌 㙨 䟇 璣 塉 㡨 瀸 虃 䶢 䘋 剣 劍 劎 鐱 鑯 劔 㦰 剱 劒 瞼 險 䌠 䶠 撿 攕 醶 纖 鹸 鹼 礆 殲 倹 儉 検 檢 櫼 㰾 燞 㼪 痎 䀹 掶 楶 㮞 脥 齨 乆 㺵 䙠 灍 瘚 蟩 鐝 蟨 嶥 憠 蹷 橜 鷢 欮 闕 䶙 齟 唊 䛟 裌 浹 䕛 莢 頰 郟 鵊 㿓 蛺 鋏 挾 梜 埉 烗 䤤 輆 㚊 奒 欯 歁 㵣 䶗 齦 㰢 㱂 薟 扻 㸝 䕀 窽 䥗 㱁 䲌 㯘 歀 欵 欳 㱎 䶛 唻 婡 箂 淶 萊 猍 䅘 錸 䧒 睞 崍 庲 騋 䋱 徠 䂾 倈 賚 顂 來 麳 郲 鶆 逨 䚅 鯠 棶 琜 欴 䶘 䴻 斄 㮚 㯤 厱 爧 䉹 䖅 齡 䡿 㦭 䰱 䄥 靈 䴒 䚖 欞 籢 籨 㶑 澰 瀲 蘝 蘞 㪘 㰸 斂 䌞 羷 殮 匳 臉 聗 䋑 㱍 臠 癵 臡 膐 㔷 嘜 䮮 䨫 麥 䴿 䵆 麪 麫 麵 䴲 畒 睂 氼 䰪 麰 妠 䈫 蒳 㪎 鈉 靹 㨥 抐 軜 納 豽 䟜 魶 訥 㕯 㜛 嫰 㶧 齯 簐 䴴 嚙 囓 齧 㘨 䖋 朒 氝 㨅 㐻 齵 㰶 䥲 歐 麭 歕 䴶 䴽 㰴 欽 嶔 撳 䃢 欫 缼 䶞 齮 䐡 㠌 僛 嬙 艢 薔 蘠 廧 牆 䵁 檣 墻 䊴 䇜 篏 簽 籤 僉 㢛 廞 杴 㛍 㛗 籡 篋 㤲 竊 㾜 悏 愜 㰼 㥦 匧 鮂 齤 㱋 齲 䶚 麴 麯 麮 㰦 䶝 殎 焫 秂 魜 朲 軟 䇤 笍 䄲 蜹 䉢 濇 瀒 穡 轖 擌 繬 懎 嗇 㱇 䘮 飤 傘 蜶 䵀 趖 㞞 嵷 摗 慫 聳 傱 藗 稡 㝛 㲞 樕 遬 埣 誶 睟 賥 䯿 瘶 鏉 欶 歒 歎 擹 䄼 㐁 齠 䴱 臋 㵤 䬊 㰱 閷 翜 檨 㕥 㰮 弞 䁞 簭 遾 䶡 齛 熌 襳 㴸 㨛 歚 閃 䴮 䠾 庻 䴰 愸 䵂 䶨 螤 眾 㐺 䯉 膃 㖞 溫 㝧 搵 轀 鰮 榲 桽 亾 䥑 齷 臥 誣 莁 齬 鵐 歍 焮 嬜 惞 俽 憖 焁 䚿 㱆 欷 覡 㰿 歖 赥 譣 㷿 䊱 㳄 㵪 䵌 䶟 獫 㺤 䆎 㿌 鍁 韱 険 嶮 羨 䢭 憸 麲 歊 歗 齘 齥 蠍 綊 㰡 苬 㗵 欨 歔 㰭 㰲 欰 㰨 㽠 狹 陜 陿 峽 㰺 硤 俠 㰬 齖 㰳 齗 㱃 飮 飲 猌 憗 㙬 欭 齩 䶧 㥷 擨 歋 㱉 齸 瘱 瘞 歝 毉 䴬 㰝 㱅 㦤 噞 齞 䶫 齴 験 驗 㰽 䲓 㫃 䤰 惥 㜧 諛 㳛 斔 歈 斞 歟 㬰 㥚 㔱 楰 螸 慾 熅 蒕 薀 蘊 齳 齫 氳 縕 醞 慍 㱊 䕹 雜 㳁 汄 䶦 齚 庂 諮 谘 㰣 䆅 䅆 㰷 資 秶 乲 栥 胾 趦 赼 㘴 蓙 侳 䙕 瘲 䗥 㢔 嵸 熧 緃 磫 踨 蹤 豵 㙡 箤 葅 㰵 錊 崪 䚝 䱣 噿 晬 祽 璻 齺
附属根	全字头	全字头	人	220	1513	㙦 㰀 㽏 个 介 仑 仓 仝 价 企 众 会 伞 伦 伧 佘 余 佺 侩 侴 俗 僇 全 创 刽 劄 勠 匼 叙 合 呛 命 哈 哙 啥 嗒 噙 囵 塔 壑 夐 姶 嫪 容 寥 尬 峪 廖 弇 徐 怆 恰 悆 戗 戮 抡 抢 拴 拾 拿 搭 搽 擀 擒 斜 斡 於 昣 枪 栓 桧 梌 榕 檎 欲 歙 殄 沦 沧 洽 浍 浴 涂 淤 渰 溆 溚 溶 滁 漆 漻 瀚 瀹 炌 炝 烩 熔 熻 爚 狯 狳 猞 玠 玱 珍 瑢 璆 界 畛 畬 畲 疁 疥 疮 疹 痊 瘀 瘩 瘪 瘳 盒 睿 砼 禽 稌 筌 答 籥 纶 绘 给 绤 缪 翕 翰 耠 胗 脍 膝 舍 舒 舱 艅 芥 苍 茶 荃 荟 荼 蓉 蓼 藜 蚧 蛤 蜍 袗 袷 裕 褡 论 诊 诠 谬 谷 谼 谿 豁 赊 趁 跄 轮 轸 辁 途 郃 郐 郤 酴 醛 醪 铨 铪 镎 镕 镠 阏 阶 除 隳 鞳 颌 食 飧 飨 餍 餐 餮 饔 饕 饸 骱 髎 鲙 鸧 鸽 鹆 鹨 黍 黎 黏 龛 龠 龢 𨱏 𪤗 𫭢 𬌗 𬬭 𬳿 𬹼	錒 䬵 鑀 餲 銰 鎄 啽 媕 葊 銨 䤶 錌 鉗 盫 䆟 䥝 鏕 釟 釛 鈀 䥯 峇 鑌 嘐 飹 鑤 䥤 䭋 鉋 飽 鐼 䬱 錛 錋 鏰 鎊 䵗 鉍 飶 鐴 錍 鈚 鎞 鏎 饆 鈑 䬳 鉡 鋲 餠 鈵 仒 鉼 餅 鍽 鏢 錶 鑣 鋍 餑 鉑 鉢 䬪 鈸 䥬 䭦 鎛 鑮 餺 㿜 癟 餢 鈽 鈈 餔 鋇 鉳 遪 磣 傪 䟃 鏪 鐰 撡 篸 穇 參 嵾 艙 篬 滄 濸 蒼 獊 䅮 螥 倉 仺 鑶 鶬 䢢 賶 嵢 傖 凔 瑲 飺 鈶 䭣 䰍 餈 嘇 喰 㜗 謲 㽩 爘 湌 鏒 叅 叄 摻 驂 縿 慘 飱 飡 鰺 黲 錯 銼 鋑 鑹 鏦 鍯 鏓 䥄 䥘 鏙 㗳 㜓 荅 剳 㾑 鎝 畣 㿯 鎉 鐽 㟷 撘 㩉 䌋 㯓 匒 㙮 釖 鍀 鐙 鐺 鉪 鍉 釱 鏑 餤 䭛 饏 釘 飣 鐤 錠 鋌 鈿 䔙 瘹 錭 銱 鈟 銚 釣 鋽 鑃 錞 鐸 飿 鍺 鈬 䤪 䤻 鐵 銩 鍛 鍴 䵔 塗 鑟 鍍 䟻 豄 鐓 䬽 鋭 䭔 鎚 鈗 鈍 䤜 䬦 鋀 餖 鈄 䑪 鑩 餩 鍔 鋨 餓 鈪 鈋 閼 硆 佮 䞩 鞥 䭓 饐 䭡 䬶 㚷 尒 鉺 餌 佱 鍅 饙 鈖 錀 餴 鋒 鎽 鏠 鈁 錺 鐇 飯 飰 釩 錇 鍢 鈇 鍑 鉜 鉘 鐨 䤵 餥 魀 釓 錷 鋯 鎬 餻 鈣 吤 詥 秴 鉿 鞈 頜 㓣 鉻 鎶 䬣 鉀 鎘 鴿 鎑 韐 搿 閤 鮯 㭘 匌 鎠 鋼 釭 䯎 簳 釬 飦 錎 幹 榦 檊 豃 噲 銧 鍋 鈛 錁 餜 鐹 淪 鏆 舘 錧 館 䤽 鑵 綸 銾 鑛 唂 餶 錮 鈲 鈷 䀰 逧 襘 癐 鐀 劊 䤥 繪 㔳 禬 檜 給 銛 銽 錕 睔 䎾 鈎 䬲 鉤 鎒 㬔 膠 妎 㜾 餀 饚 粭 餄 㪉 欱 鉌 敆 䢔 鑉 䶎 峆 㕡 靎 㮝 鑅 澣 鋡 顩 䥁 銲 歛 鈐 䤴 鋎 螒 㲦 谽 鐄 鎤 鍠 餭 鈥 鑊 鍃 䥧 鍰 鉮 鐶 鉷 鍧 鈜 鋐 谹 䜫 谾 焀 䭅 錿 鋘 䭍 鍸 餬 䭌 䞱 嬒 譮 燴 澮 薈 䤧 鑴 㑹 會 鏸 銊 鐬 餯 䶐 瞺 䢈 㣛 絵 徻 㻅 璯 芲 獪 釫 釪 錵 鏵 餫 餛 銗 鍭 餱 嗏 銟 鑔 鍤 餷 䤩 釵 鎈 鉏 捈 㫅 鈔 㧱 䤟 鍖 鈂 贂 醦 跈 墋 嗆 鎗 鐣 鏳 鋮 鏿 饓 搶 㓌 槍 鏛 鋿 錩 鋹 仧 䱽 䜉 湁 黐 邌 饎 䤲 鉓 飾 飭 䶵 鉹 㒆 㓼 襝 鉆 鋓 䥀 䤫 鑱 饞 鋋 鏟 斺 瘡 創 戧 䭚 愴 錣 鑡 鏃 鋜 酫 釧 銃 篨 蒢 䅷 㾻 鋤 閦 龡 錘 䥎 輇 鈕 嬐 錦 鋟 䤺 釿 釒 䭙 饉 紾 銡 錤 鐖 饑 飢 亼 鑙 亽 鏶 鍓 鑇 銈 峜 紒 㭲 㞃 谻 鋞 鏡 籛 䭠 剣 劍 劎 銒 錽 鐱 鏩 鑯 餰 鍊 劔 釼 鐧 䬻 剱 劒 釰 錢 鑳 餞 䥜 䭈 鍵 鑬 鐗 鑑 瞼 險 撿 䭕 醶 鹸 鹼 礆 倹 儉 検 檢 㶀 䀊 釥 䥞 鉸 餃 鐎 嵺 摎 轇 䰘 腳 卻 㠹 䛺 畍 衸 㝏 䥛 鍇 鉣 鍻 鎅 飷 岕 庎 䯰 砎 䲸 跲 魪 楐 堺 琾 穋 䬨 繆 剹 樛 鐫 錈 鎸 鋗 餋 銄 鐍 鐝 钁 龣 鈌 觼 䵕 鋦 鉅 鋸 鐻 䜯 鉫 鋏 鎵 䀫 扴 忦 圿 濬 餕 銁 鈞 鍕 䜭 鉲 銬 鎎 䤤 鎧 鐦 㝓 樖 鈳 龕 㕉 錹 鍞 銵 鏗 鈧 鏮 㘛 薟 餡 䯤 糩 鄶 䭝 廥 鬠 儈 鱠 旝 膾 鉱 鋛 懖 䥗 鑧 錓 餽 鑎 饋 鍨 鍷 銙 㫻 釦 鏂 鑞 滲 鏻 䵏 鐒 銠 顟 䜮 錸 餎 鎯 鋃 嚟 䉫 沴 䵓 㴝 䥶 錑 蝕 鉝 鑗 鏫 鑠 鋰 㠟 瓈 鑭 钄 厱 錂 鈴 䧙 鍄 籢 籨 㶑 澰 瀲 蘝 蘞 䥥 䭑 鎌 鐮 㪘 㰸 斂 錬 鏈 䌞 羷 殮 匳 臉 㵳 蟉 鐐 鏐 釕 賿 飂 廫 憀 蹘 鄝 䢧 豂 鏍 鑼 饠 罖 䜲 熮 鎦 鐂 餾 鉚 鋶 磟 䚧 翏 鷚 雡 釠 鑨 豅 鋢 䤣 鋝 籙 䥨 鐪 鏴 錄 録 鑥 鏀 鈩 鑪 錴 鋁 鏤 鑢 鐳 鑘 銇 鑸 㖮 婨 論 㷍 䑳 䈁 溣 菕 稐 蜦 侖 陯 崘 崙 掄 輪 耣 惀 碖 磮 倫 踚 鯩 圇 棆 腀 埨 鎷 鈱 錉 鍲 錨 鉾 鍆 䥰 鋂 䥂 饛 錳 釯 鋩 銤 䭧 鑖 鏝 饅 鏋 䜱 銘 掵 椧 䬴 銆 饝 鏌 饃 䭩 謬 鉬 䥈 鉧 鎇 鎂 嗱 鎿 鈉 㺒 鐃 錼 釢 䭆 饢 䵒 䵑 鉨 鑈 鈮 伱 䭢 鑏 䄹 䬯 鍩 搻 䇣 苶 鉩 钀 鋷 銸 䭃 錜 鎳 鑷 㮆 餪 䵜 釹 錗 餒 餧 鐞 䥲 㯡 鎃 䥋 鑝 嫓 鈹 鉟 銢 䤨 朇 釽 銔 鑻 鍂 鉕 鏺 釙 䥕 鏷 鐠 舖 舗 鋪 蠄 顉 欽 鈫 鈙 鈊 鵭 嶔 撳 䃢 䵖 珡 錡 鏚 釮 䥓 䣛 㯃 桼 謒 熗 鏹 鏘 錆 䤌 牄 蹌 䊴 簽 䵛 鉛 鎆 釺 僉 鏲 鈆 銭 鍼 䭤 鑓 㢛 廞 谸 幓 鐈 鍬 籡 鐑 䤿 鍥 氽 釚 䤛 釻 銶 䜪 姾 詮 烇 洤 鐉 牷 銓 䀬 峑 駩 絟 恮 硂 跧 藑 憌 瓊 鑺 帢 冾 䨐 饒 鈓 銋 飪 餁 鑲 鈤 䤡 嫆 䈶 褣 穃 㼸 鎔 䡥 搈 傛 銣 鑐 銳 㲊 㪫 叡 壡 鍒 鏾 㽂 鈒 㺑 鎩 鎍 鏼 銫 闟 襂 槮 鎟 鉰 飴 飼 鋖 銯 飤 鐁 鈻 鍶 銉 釲 糝 蔘 厁 饊 犙 仐 傘 䫩 毿 鬖 鎖 鎻 鏁 䛦 鎹 餸 䜬 䥔 鋉 餗 䥙 鐩 䭉 蕵 薞 鎨 鏉 䤹 鎪 餿 摉 錔 鉈 蹹 㯚 榙 䶀 墖 飸 䵚 䤾 饀 鋾 鈦 鋱 鎕 餹 鐋 餳 钂 鎲 鏜 饄 鍗 錫 鐟 䬫 䬾 銻 錟 鉭 餂 錪 鎮 䥖 飥 鉄 銕 鐡 飻 䥫 鏄 銅 餇 鉵 鉖 唋 筡 蒤 䔑 鷋 䩣 䣄 鋵 鍎 峹 嵞 鈯 䳜 釷 庩 駼 悇 凃 鵌 㻌 䞮 瑹 飩 鍮 飳 䤬 賒 倽 䬰 䵘 涻 舎 鍦 䬷 䤮 賖 捨 騇 㢵 㵕 瘮 鋠 曑 鉎 鍟 鑜 籂 篒 䤭 鈰 餙 釶 鉇 䤱 䭄 鉂 鉐 鉃 飠 鉽 餝 鐥 饍 銏 釤 䥇 剼 鏯 鎙 潻 蒣 鐲 鉥 錰 鏣 鵨 俆 䭨 譗 箚 䵙 䥷 鍘 鉊 鍣 釗 鉙 診 鎭 㐱 鉁 針 鋴 䝩 眕 㓄 䪾 抮 聄 軫 駗 䂦 鉦 錚 鏱 餦 鑕 䤠 鋕 釞 䬹 銍 䭁 䶨 饘 䬤 鐯 䉵 饌 籦 銿 鈡 鍾 鐘 䥮 钃 銖 䭖 鋳 鑄 鉒 餟 錐 鑆 鈾 銂 鎾 饂 鎓 䥑 鎫 鋄 鋺 鋔 濣 鋙 錻 鎢 䜜 䥩 鏏 䬿 鍏 鍡 餵 饖 懀 䵳 鋅 鐔 噏 嬆 潝 餼 㪧 餏 釳 䭒 釸 鎴 鏭 翖 鈢 銑 䁯 䧍 綌 㬛 厀 䏩 豀 鉶 䤯 鈃 餉 鐌 饟 饗 譣 㷿 獫 㿌 鑦 鍁 仚 䤼 䥪 鋧 険 嶮 憸 佡 䥵 銷 䚸 齘 龤 䥱 鍱 䦏 㰡 祄 垥 鏥 鎀 鏽 銝 銹 鏅 饈 讂 鉉 鍹 鏇 矎 璿 敻 䭥 漵 潊 敘 敍 䍱 烚 鎋 鎼 鍜 鏬 祫 珨 谺 鑂 䭀 䞊 錏 鐚 釾 䕃 鈝 飮 飲 鈏 銦 銀 隂 檭 讑 㵸 鑰 鎐 餆 餚 摿 䭇 餘 餣 鋣 鎁 䥟 䤳 䥡 䭎 䭟 鐷 饁 鍚 鐊 䭐 鉠 䬺 䓹 鈠 鏔 䭞 䬮 鉯 鈘 銥 釔 鐿 釴 䭂 鎰 䬥 噞 菸 䤷 饜 嶖 験 驗 揜 䲓 黭 䭘 鐛 䤝 䬬 䭊 鍈 䭗 㥐 䥉 鎱 䬧 鈨 䬼 彮 鏞 嵱 愹 鰫 塎 蘥 䶳 䤦 鉞 鸙 䥃 鈅 䠯 禴 䟑 唹 畭 籲 箊 饇 龥 䥏 鍝 鈺 鐭 飫 䘱 雓 錥 鋊 扵 輍 硢 硲 馀 鮽 鯲 棜 乻 旕 螸 慾 鵒 䤞 䥳 銪 鉔 飵 鋥 錙 鍿 釨 鎡 饡 鐕 鈼 鑚 鑽 䤸 錝 鍐 鑁 錊 鎺 銌 鐏
附属根	入	入	人	3	65	入 汆 籴	魞 肏 㒲 㞥 䨀 糴 濷 㒴 叺 圦 䓥 樠 脼 啢 魎 裲 䓣 㒳 蜽 䩫 㔝 兩 掚 輛 緉 倆 䠃 蹣 䊟 懣 滿 瞞 㨺 暪 璊 䤍 襔 蟎 顢 㒼 鏋 鬗 䝡 慲 䐽 㙢 吶 內 㒰 扖 杁 鳰 婾 偸 㚒 陝 鿃 㣣 兪 釞 兦 屳 喩 楡 込
主根	讠	讠	讠	167	8	䜣 储 槠 浒 狱 罚 蔼 计 订 讣 认 讥 讦 讧 讨 让 讪 讫 训 议 讯 记 讱 讲 讳 讴 讵 讶 讷 许 讹 论 讻 讼 讽 设 访 诀 证 诂 诃 评 诅 识 诇 诈 诉 诊 诋 诌 词 诎 诏 诐 译 诒 诓 诔 试 诖 诗 诘 诙 诚 诛 诜 话 诞 诟 诠 诡 询 诣 诤 该 详 诧 诨 诩 诫 诬 语 诮 误 诰 诱 诲 诳 说 诵 请 诸 诹 诺 读 诼 诽 课 诿 谀 谁 谂 调 谄 谅 谆 谇 谈 谊 谋 谌 谍 谎 谏 谐 谑 谒 谓 谔 谕 谖 谗 谙 谚 谛 谜 谝 谞 谟 谠 谡 谢 谣 谤 谥 谦 谧 谨 谩 谪 谫 谬 谭 谮 谯 谰 谱 谲 谳 谴 谵 谶 辩 雠 霭 𫍣 𫍯 𫍲 𫍽 𬣙 𬣞 𬣡 𬣳 𬤇 𬤊 𬤝 𬸚	诶 䜧 讬 谉 诪 讠 䜩 谘
附属根	言	言	讠	33	633	信 儋 唁 嶦 憺 檐 澹 燮 狺 瞻 蟾 襜 言 訄 訇 訚 訾 詈 詟 詹 誉 誊 誓 謇 警 譬 谵 赡 躞 霅 鞫 韂 𤫉	謁 譪 譺 諰 藹 靄 誝 諳 䜙 謸 䜒 謷 詙 訜 謗 詖 䛀 辯 誁 變 䉸 䛒 謤 諘 譒 誧 誖 諀 詞 䛐 謲 䛹 諎 誴 謥 䛤 誎 詚 詒 譡 讜 諦 諟 詆 噡 訑 譂 誕 癚 贍 擔 聸 䃫 䄡 甔 黵 膽 訂 詀 調 誂 訋 誃 詑 詄 諜 詷 諌 讀 讟 詫 読 㓃 謉 譈 譵 䜃 䛠 讍 詻 䛩 諤 誐 譌 䚰 䛖 訛 誒 誀 藅 罰 罸 傠 瞓 諷 訪 訉 諨 詂 訃 䛍 誹 誥 該 詥 謌 䛿 諽 詌 諴 詁 詭 諣 詿 謴 䜇 詬 訽 諕 䚽 譹 䜕 訸 謞 訶 詪 䛞 譀 䜗 詤 謊 諻 謋 讙 訌 謍 渹 鍧 揈 輷 護 謼 許 滸 䕶 寣 䛛 譭 䜋 詼 詯 諱 譮 譓 譿 誨 䛼 䜐 䛡 話 諙 誮 譁 諢 䛰 䛽 訍 詧 䜈 訬 謅 謿 䛸 䜠 謵 謓 䜟 讖 諶 諃 訦 誠 誯 䜄 誺 謘 䜉 謻 訵 㘜 幨 誗 諂 讇 讒 䜛 䪜 䦲 䠨 㙴 諔 詘 諸 䊰 㶆 蠩 儲 䜅 䛣 詶 譸 讐 犫 讎 謹 訐 譏 譤 䛴 誋 䛋 計 記 䜞 諅 䓽 㾵 誩 䜘 講 謽 謭 詃 諫 譖 諓 譾 譼 譑 訆 譥 詰 誡 誱 䛺 謯 䛮 㪻 譎 誳 訣 諊 詎 䛯 䛟 䕛 課 誙 誆 誑 誇 䜎 誏 讈 謧 㦒 讕 譋 詅 諒 㜃 孌 譧 攣 㜻 戀 謰 纞 䜍 㽋 㡩 䜌 㝈 孿 㱍 臠 巒 鑾 灓 曫 奱 欒 鸞 灤 䖂 虊 癴 癵 羉 圝 圞 䛚 謢 謱 讄 誄 䛶 論 䛑 詸 䛧 謎 謐 䛲 蠻 矕 謾 詺 䛉 謨 譕 謩 䜆 謬 徾 謀 䛔 詉 訤 誽 䚾 䛘 䜀 䛝 譊 訥 㯎 譨 䛏 諵 䛁 諾 諗 讘 䚼 譳 謳 䛌 謈 䚹 詊 評 諞 諚 諩 譜 誛 諆 訖 諿 諬 請 謦 謒 謙 譴 諐 譙 誚 訅 謜 譔 詮 䛪 詓 認 訒 䚮 譲 讓 訯 譅 謕 誦 訟 䛦 䛾 謖 訴 誶 䜔 譢 謏 譶 誻 䜚 䚯 謟 詜 䛬 討 謄 䛱 䜖 談 譠 譚 諪 誔 䚶 舚 説 託 䜏 䜝 䛢 讉 諭 䚵 設 䜓 蔎 讅 訠 訷 詵 譝 謪 識 䛈 試 詩 諡 謚 訕 䚲 謆 譱 卛 說 謶 藷 誰 誜 䛵 譗 譇 詐 詔 謫 讁 這 讋 謺 診 誫 証 證 諍 䛫 䛊 訨 䚳 誌 䛗 譫 讝 薝 䟋 諁 諑 諯 諥 誅 詝 註 䃴 櫧 諈 諄 訰 詋 諏 䛆 䚴 誷 彎 䛷 䛃 灣 䘎 壪 誣 䜑 誤 誈 諉 䜜 詴 謂 讆 讏 䚱 䛥 訢 䛨 訫 㘊 譆 䚿 䚷 謑 䜁 䛭 謃 詳 譣 誸 䜢 誢 䂅 誟 詨 誵 讗 爕 夑 諧 䚸 㽊 謝 䩧 㦪 㰔 讂 諼 諠 譞 蘐 詗 訩 詾 䛎 謔 譃 謣 訹 詡 䛙 訏 諝 䔓 䛅 訓 詢 䛜 訊 訙 訝 訡 讔 諲 䴦 訔 誾 圁 詏 讑 䚺 謠 謡 䛂 訞 㨱 䚻 䌛 䢣 邎 㑾 諹 詇 譯 讛 詍 訲 詣 悥 譩 訳 議 誼 娮 訁 䛳 讞 詽 諺 訮 讌 䇾 簷 䓂 曕 䂴 琂 譻 譍 䛇 䛄 詠 㝘 鸑 嶽 語 䜡 諛 䛕 獄 譽 䛻 訧 誘 䜊 譟 謮 譛 譄 諮 訿 讃 讚 詛 譐
主根	饣	饣	饣	47	8	蚀 饥 饧 饨 饩 饪 饫 饬 饭 饮 饯 饰 饱 饲 饳 饴 饵 饶 饷 饸 饹 饺 饻 饼 饽 饿 馁 馃 馄 馅 馆 馇 馈 馉 馊 馋 馌 馍 馏 馐 馑 馒 馓 馔 馕 𫗧 𫗴	馎 饤 饾 馂 䭪 饦 饣 馀
主根	艹	艹	艹	557	1343	㠓 䓖 䓛 䓨 䓫 䓬 䦃 偌 偏 偾 儆 冁 劐 劳 匾 匿 呓 哎 唠 喏 喵 喷 嗒 嗣 嗬 嘈 噶 嚄 嚆 塔 婼 媖 孽 宽 展 崂 嵘 幪 彟 惹 愤 慌 慝 懂 懑 懵 扁 捞 描 搌 搭 搽 擎 敬 曹 朦 栉 棻 槽 檠 檬 欂 涝 溁 溚 满 滢 漕 漭 潆 潇 濩 瀹 灌 煸 爇 爚 爟 犏 猫 獴 獾 瑛 璥 瓘 甍 痨 瘩 瞄 瞒 瞢 砹 硭 碥 碾 礞 礴 箬 篇 籥 糟 糵 编 罐 翩 耢 艚 艨 艺 艽 艾 艿 节 芃 芄 芊 芋 芍 芎 芏 芑 芒 芗 芘 芙 芜 芝 芟 芠 芡 芣 芤 芥 芦 芨 芩 芪 芫 芬 芭 芮 芯 芰 花 芳 芴 芷 芸 芹 芼 芽 芾 苁 苄 苇 苈 苉 苊 苋 苌 苍 苎 苏 苑 苒 苓 苔 苕 苗 苘 苛 苜 苞 苟 苠 苡 苣 苤 若 苦 苧 苫 苯 英 苴 苷 苹 苻 苾 茀 茁 茂 范 茄 茅 茆 茈 茉 茋 茌 茎 茏 茑 茓 茔 茕 茗 茚 茛 茜 茝 茧 茨 茫 茬 茭 茯 茱 茳 茴 茵 茶 茸 茹 茺 茼 茽 荀 荁 荃 荄 荆 荇 草 荏 荐 荑 荒 荓 荔 荖 荙 荚 荛 荜 荞 荟 荠 荡 荣 荤 荥 荦 荧 荨 荩 荪 荫 荬 荭 荮 药 荷 荸 荻 荼 荽 莅 莆 莉 莎 莒 莓 莘 莙 莛 莜 莝 莞 莠 莨 莩 莪 莰 莱 莲 莳 莴 莶 获 莸 莹 莺 莼 莽 莿 菀 菁 菂 菅 菇 菉 菊 菌 菍 菏 菔 菖 菘 菜 菝 菟 菠 菡 菥 菩 菪 菰 菱 菲 菹 菼 菽 萁 萃 萄 萆 萋 萌 萍 萎 萏 萑 萘 萚 萜 萝 萣 萤 营 萦 萧 萨 萩 萱 萳 萸 萹 萼 落 葆 葎 葑 葖 著 葙 葚 葛 葜 葡 董 葩 葫 葬 葭 葰 葱 葳 葴 葵 葶 葸 葺 蒂 蒄 蒇 蒈 蒉 蒋 蒌 蒎 蒐 蒗 蒙 蒜 蒟 蒡 蒨 蒯 蒱 蒲 蒴 蒸 蒹 蒺 蒻 蒽 蒿 蓁 蓂 蓄 蓇 蓉 蓊 蓍 蓏 蓐 蓑 蓓 蓖 蓝 蓟 蓠 蓢 蓣 蓥 蓬 蓰 蓼 蓿 蔀 蔃 蔈 蔊 蔌 蔑 蔓 蔗 蔚 蔟 蔡 蔫 蔬 蔷 蔸 蔹 蔺 蔻 蔼 蔽 蕃 蕈 蕉 蕊 蕖 蕗 蕙 蕞 蕤 蕨 蕰 蕲 蕴 蕹 蕺 蕻 蕾 薁 薄 薅 薇 薏 薛 薜 薢 薤 薨 薪 薮 薯 薰 薳 薷 薸 薹 薿 藁 藉 藏 藐 藓 藕 藜 藟 藠 藤 藦 藨 藩 藻 藿 蘅 蘑 蘖 蘘 蘧 蘩 蘸 蘼 蝙 蝾 螨 螬 蟏 蟒 蠓 蠖 褊 褡 警 诺 谎 谝 豮 贲 蹁 蹒 躇 躏 辗 遍 遭 鄀 醛 铹 锘 锚 锳 镬 鞯 鞳 颟 颧 骗 髋 鲼 鳊 鳠 鹋 鹱 鹲 鹳 龠 龢 𡎚 𣸣 𥕢 𦭜 𦰡 𨱏 𫇭 𫞩 𫭼 𬜬 𬜯 𬞟 𬟁	䒢 譪 濭 薆 䔇 䔽 藹 鴱 銰 㘷 壒 荌 菴 蓭 萻 葊 蔜 芺 茇 茷 䐔 㻞 蕔 藵 菢 䒔 薭 燌 獖 蟦 鐼 賁 菶 䕗 蘗 萞 蓽 斒 苪 䔊 糄 艑 㴜 藊 䒪 猵 稨 鍽 䡢 揙 徧 編 惼 牑 鯿 㲢 甂 鶣 䔸 蔢 蔔 葧 苩 萡 㞈 䥬 䪇 䭦 鑮 礡 莂 虌 㿜 癟 荹 䔒 萯 苝 藣 僃 攃 䌨 礤 㜖 褿 艹 蓸 鏪 嶆 䏆 騲 慒 愺 傮 䄚 䐬 萗 荝 萴 蓛 䔴 㨲 濸 㶓 蒼 蔵 鑶 欌 薋 茦 茲 䓧 薺 薒 蓌 莡 蒫 遳 蔖 菆 䕺 茐 蓯 䓗 蔥 藂 繱 蔍 䓚 㵏 㯜 膵 䍎 藪 㜓 荅 剳 薘 鎝 㟷 䌋 匒 菿 薵 蔕 䒫 䔲 䒭 蕩 蘯 蓧 蔋 苖 菧 蔐 藋 藡 苐 䒟 蓞 艼 薡 䓦 蒧 蕇 䔙 茤 䒳 苵 葮 嬞 菄 苳 蕫 䓯 荰 䔻 薱 躉 䕆 荳 蘁 䔾 蕚 䕏 蒍 荋 薾 蕟 藅 噴 幩 濆 蕡 蒶 葐 馩 㿎 黂 䩿 饙 錀 隫 轒 羵 㱵 憤 僨 鼖 䴅 鱝 橨 豶 膹 墳 飌 蘴 䒠 莑 淓 錺 㴀 薠 䕰 䒦 䓏 䓵 蓲 䔰 䕎 葍 荴 蕧 荂 萉 䒈 䕠 蕜 䕁 䓘 藳 菒 葢 蓋 瓂 㵧 茖 䔅 獦 擖 轕 臈 菮 莄 芉 䓙 茪 欟 蔮 菓 䙮 淪 鸛 雚 觀 鑵 矔 綸 䌯 懽 礶 鱹 權 䔈 莻 䓢 薣 苽 蘬 茥 蓕 䒷 蓘 蔉 睔 䎾 茩 芶 㺃 䒵 藃 薃 薧 茠 䜕 餀 饚 渮 澕 萂 䓇 蠚 䒩 䕣 䓼 鑉 䓳 苀 㬻 㘕 莟 䓍 䓿 䕿 蘫 蘹 蘾 謊 㼹 葟 䅿 䐠 塃 嚿 艧 萿 蒦 獲 穫 鑊 矆 擭 耯 㦜 檴 嚾 孉 讙 蒝 歡 藧 酄 䒛 萈 蠸 驩 貛 䑏 葓 苰 葒 護 䕶 萀 芐 苸 蔛 䓤 蔰 韄 頀 䪝 鱯 楛 䨼 鸌 䕇 藱 蔧 薈 薉 蘳 嘩 婲 誮 嬅 譁 糀 㳸 䔢 㭉 蘤 鷨 芲 蒊 華 蕐 錵 鏵 㠏 撶 驊 硴 㦊 椛 樺 埖 葷 葔 嗏 䕓 䓭 䒲 芆 囆 䘍 蠆 䓱 爡 莗 蔯 茞 莀 䒞 莐 薼 荿 䕝 萇 翤 菭 㔑 荎 䶵 囅 蕆 蹍 榐 䓎 荈 蒢 蕏 藸 蓫 蒭 䅷 菙 龡 䓐 芚 蒓 萅 萶 蓴 䔚 槆 菗 䔏 䓓 荕 䒺 菳 菫 蓳 藎 㴕 葪 薊 蘮 艻 蘻 苙 蕀 䕤 鄿 蘄 虀 䓽 蘎 蔇 莋 蒩 䝸 躤 䜘 荊 葝 蟼 㢣 憼 葏 莖 驚 䔔 擏 曔 葁 薑 蔣 襺 瀳 葌 藆 葥 䓸 繭 蔪 虃 蕳 䔐 薦 菺 蕑 韉 蕎 茮 芁 䕧 㩰 䌭 櫵 䕸 菨 莭 蓵 䕙 礍 舊 韮 萛 匶 欍 菤 蔨 萒 蘏 蘔 爑 芵 蕝 龣 蔞 䕮 蘜 萭 蓻 䃊 䕒 䕛 莢 䕑 䒓 䡷 萪 薖 嶱 礚 薟 䈛 蕢 䓒 㕟 䒰 葀 髖 䕀 寬 寛 鑧 臗 䔯 瘔 䕚 䕫 蘷 虁 藈 欳 菎 㩲 㫻 蔲 䖃 菈 藞 藍 䗶 䓥 䕲 菻 藺 轥 躪 䕩 藾 䓶 萊 癘 厲 薐 蓈 䕞 䊪 爄 糲 濿 茘 菞 䓞 藶 䔉 䔣 蒞 蒚 䔁 䔧 蔾 蘺 䕻 䔆 荲 䘈 蠇 蠣 犡 勵 巁 曞 礪 禲 鱱 櫔 囒 孏 爤 糷 襽 灡 灆 葻 蘭 钄 韊 礷 欗 蘦 䕘 䔖 䖅 蓤 蔆 蕶 䓣 薕 蘝 蘞 萰 蓮 櫣 藔 䒿 蘿 燤 䓟 茢 蒥 藰 蓅 䖂 薍 虊 蕯 蘢 藥 虂 蓾 蘆 䕡 藘 䔞 蘱 蔂 虆 䒹 蕌 蘽 蘲 矋 㖮 婨 論 㷍 䑳 䈁 溣 菕 稐 蜦 侖 陯 崘 崙 掄 輪 耣 惀 碖 磮 倫 踚 鯩 圇 棆 腀 埨 䯦 蔴 睰 礣 渵 蓩 䓮 萺 鶜 䅦 錨 緢 貓 蕒 勱 邁 薶 虋 菛 㜴 䙦 䙩 濛 顭 蘉 鄸 氋 莔 夢 蕄 䠢 䒐 鸏 䓝 䑃 㝱 饛 矒 矇 㩚 䰒 䤓 曚 懜 懞 儚 䵆 靀 䲛 橗 䴌 䑅 㙹 㡛 莾 䒎 䅒 蠎 鋩 䁳 㟐 㟿 㬒 恾 铓 蔝 䕷 藌 蔤 䕳 蒾 葞 鑖 㩢 澫 満 蔄 䒥 䕕 蘰 芇 葂 莬 媌 鶓 庿 㑤 瀎 莈 䒬 幭 薎 蠛 䁾 䩏 䌩 懱 㒝 鱴 櫗 衊 莯 䥈 蘪 葿 䓺 苺 蒘 蒳 蹃 搑 嫟 嬺 䕥 苨 䁥 暱 㥾 䘌 莮 䔜 䔭 薴 䖆 卄 輾 蔦 諾 逽 鍩 掿 㜸 苶 䒜 莥 蕽 㨅 藲 蕅 㒖 櫙 䔤 薲 蘋 萢 歕 翸 蘕 鑝 纄 樥 蒰 萠 䓑 蓱 媥 諞 㾫 騙 楄 㓲 㼐 騗 䕯 蒪 䔕 蓜 菣 䔷 菦 藽 㝲 藄 䓅 芞 䒗 䒻 萕 玂 䔛 㯳 薔 蘠 藖 䕭 茾 蕁 蔳 菬 荍 藮 苆 藒 蘒 莍 鰽 櫹 顴 勸 葲 虇 巏 䠰 䟒 藑 藭 蒛 䒼 䒧 菃 葋 蕘 焫 渃 荵 芢 芿 䒤 䔳 䖄 蒅 䕼 䒣 鰙 楉 䓴 媶 茙 㲨 穁 䩸 䤊 縙 傇 䠜 榵 蕠 蕋 䓲 蘂 蘃 苼 蜹 葇 躠 薩 虄 櫒 䕅 䔼 䫙 桒 蕬 䔮 䒨 蕼 蔘 䓾 䔋 莏 濍 憽 檧 囌 蘇 莤 蘓 䔎 藗 荾 芕 䔹 蓀 蕵 薞 㨚 蓃 䓠 榙 䔶 䑓 㒗 䕨 虅 䕋 蓎 薚 薙 蕛 䕊 藫 菾 萔 芀 䒒 蓚 蓨 㬸 蘀 莌 䓕 蓪 蒤 䔑 莵 鷋 瑹 藬 蘈 蓷 䕱 蘣 蔱 萐 㷹 焼 萷 䒚 䔠 莦 蕱 䜓 蔎 葉 蠂 葠 蓡 薓 䅸 㮱 蕂 蔏 蒒 葹 蒔 餝 䔪 蒣 薥 藷 荗 蒁 蠴 蕣 䕢 苲 鍣 䔝 䓆 蒖 薽 萙 蔁 淽 䓡 藢 䓋 蘵 䓌 芖 䓜 䕌 徔 㜊 薝 菚 䱼 糚 荘 莊 烵 䕴 蓔 鐯 擆 㒂 蒃 蔠 莇 䕽 芧 茿 墸 菷 葤 襪 韈 韤 藴 菵 䒽 莣 萬 莧 萖 贎 萵 雘 㠛 臒 瓁 䓊 莁 茣 蕪 蘶 苿 菋 荱 葦 藯 茟 葨 蔿 蓶 芛 䔺 韡 儰 䒖 莃 蓆 薂 蒠 蒵 葈 蕮 莕 䕟 䓷 薌 萫 䔗 苮 䕔 蘚 瀟 虈 䒕 蕭 䒝 蠨 暁 噧 䕈 䕵 藛 龤 苬 璓 蓒 萲 蕿 蘐 蔙 藼 䚭 蒆 䒸 鞾 蕦 藇 藚 䔓 蕸 蘍 蔒 薫 壦 蕥 蒑 蔩 苂 䕾 䓄 䕃 蔭 荶 䒡 蘟 䓰 讑 㵸 葽 苭 蘨 䔄 葯 薬 鑰 尭 燁 爗 䓉 䭟 鐷 皣 瞸 瞱 擛 曄 曅 僷 墷 璍 霙 楧 囈 讛 襼 㵩 䓈 䕍 藙 䔬 苅 䒾 藝 苢 䔟 䖁 䓹 芅 萟 蓺 蘙 䓃 虉 䔱 萓 䓂 蔅 葕 菸 莚 㡕 䊔 煐 渶 蘡 藀 䣐 㲟 䕦 鶧 䚆 萾 绬 蝧 䭊 鍈 韺 䁐 㢍 緓 䦫 暎 愥 碤 偀 朠 茒 葾 蒬 薗 苚 嬳 矱 籆 蘥 䶳 彠 鸙 㬦 䠯 禴 㰛 䟑 籲 蕷 蘌 萮 蕍 蓹 䖇 芌 茰 䔡 蒮 蘛 龥 䄏 蒷 蕓 荺 蒀 蒕 薀 蘊 苃 蒏 蕕 䒴 䕹 㡟 䜊 㷮 薻 醩 蹧 㯾 菑 䔂 蔶 䕉 䕪 葃 髒 塟 贜 臓 臟 葘 孶 芓 茡 茊 荢 䔘 葄 蓙 繤 燪 葼 蓗 䔃 葅 䔿
附属根	卅	卅	艹	1	21	卅	艜 蔕 帶 䠠 遰 㿃 螮 廗 蹛 㯂 慸 嵽 摕 㦅 僀 䐭 墆 滯 懘 㗣 殢
附属根	卌	卌	艹	1	30	舞	嘸 撫 䌗 幠 膴 瞴 譕 無 橅 墲 蟱 嫵 䒉 㷻 甒 䉑 橆 鷡 㵲 潕 蕪 廡 䍢 憮 儛 㒇 躌 璑 卌 鄦
附属根	带字头	带字头	艹	4	4	䗖 带 滞 𫶇	帯 丗 㛿 䙊
附属根	廾	廾	艹	62	163	倴 刑 升 卉 哢 型 奔 妍 姘 屏 岍 帡 并 开 弁 异 弃 弄 弆 弇 弈 弊 彝 形 悈 戒 拼 摒 昇 昪 枅 栟 械 汧 洴 渰 漭 瓶 研 硎 笄 算 羿 胼 舁 荆 荓 莽 葬 蟒 诫 趼 迸 邢 钘 铏 锎 锛 陞 饼 骈 𨚕	啽 媕 葊 喯 渀 錛 捹 逩 䑫 㔙 絣 跰 鮩 誁 䔊 鉼 餅 庰 併 偋 䴵 垪 㳎 䒪 䪻 峅 鴘 拚 閞 㭓 㺹 鞥 弅 餴 笲 䣲 匥 竎 㚏 祴 裓 廾 龏 㫒 䟸 駴 泋 頮 颒 巐 㐼 剏 剙 㔍 䗗 䀘 荊 㢣 㢡 䄯 䵤 鳽 豜 誡 雃 㑘 萛 鐦 開 㰢 頯 聨 硦 㛞 㳥 㟖 㢅 㑝 梇 莾 䒎 蠎 䁳 㟿 㬒 䥈 䯵 枿 挵 皏 䦕 恲 硑 鵧 幈 䈂 箳 缾 䓑 蓱 蛢 竮 聠 軿 頩 郱 艵 慿 㻂 塀 骿 賆 䮁 駢 茾 蚈 髜 筭 匴 䢠 呏 焺 竔 阩 陹 枡 鵿 䥷 抍 灷 㺛 馵 㭢 㕃 鉶 䤯 鈃 㼛 㣜 侀 咞 䙹 㖑 㳦 烎 䛂 㜒 㴒 彛 彞 彜 㰘 訮 揜 䍾 㿼 䊙 揅 黭 㑞 渆 髒 弉
主根	辶	辶	辶	160	318	叇 哒 嗵 垯 巡 慥 挝 挞 擿 旞 暹 梿 槌 涟 煺 熥 燧 琎 琏 璲 穟 笾 篷 簉 糙 缒 缝 缱 腿 荙 莲 蓬 薳 蘧 裢 褪 襚 谜 谴 跶 跹 边 辽 达 辿 迁 迂 迄 迅 过 迈 迎 运 近 迓 返 迕 还 这 进 远 违 连 迟 迢 迤 迥 迦 迨 迩 迪 迫 迭 迮 述 迳 迷 迸 迹 迺 追 退 送 适 逃 逄 逅 逆 选 逊 逋 逍 透 逐 逑 递 途 逖 逗 通 逛 逝 逞 速 造 逡 逢 逦 逭 逮 逯 逴 逵 逶 逸 逻 逼 逾 遁 遂 遄 遆 遇 遍 遏 遐 遑 遒 道 遗 遘 遛 遢 遣 遥 遨 遭 遮 遴 遵 遹 遽 避 邀 邂 邃 邈 邋 醚 链 闼 随 隧 鞑 髓 鲢 鿎 𫟦 𫟼 𬭼	遃 䢙 逩 熢 漨 逬 螁 籩 辺 邉 邊 䢌 䢪 遪 䒃 䎭 䢢 逪 遳 䢨 䢐 噠 迚 燵 薘 迖 蟽 鐽 韃 繨 䃮 迏 躂 墶 逹 達 噵 䆃 導 檤 遰 遞 曃 靆 逿 篴 藡 適 䢑 逓 䨤 㰅 䙤 迵 䢱 瀢 䭔 鎚 搥 磓 塠 遯 逇 遌 遻 迗 磀 邇 㡝 䙜 蠭 䩼 鏠 摓 縫 㦀 䢍 䢚 迀 迋 㗻 㳡 濄 鐹 過 遦 逧 璭 還 䢔 迒 㶎 逥 違 迴 轋 迠 迧 邌 迡 迣 遅 遟 遲 遫 辶 㯌 蓫 䔏 遚 䗯 進 㻱 璡 䢋 逕 䢒 迼 䢛 逈 逫 㰐 籧 簻 薖 䢯 逨 邐 漣 連 嗹 㜕 謰 褳 蓮 鏈 㦁 摙 縺 䃛 慩 僆 蹥 翴 鰱 㰈 槤 櫣 璉 遼 䢧 邏 迾 䢖 䢮 遱 遤 邁 㜆 謎 蒾 瞇 縌 遖 逽 蘕 鑝 韼 䡫 鬔 纄 槰 塳 膖 菦 迉 譴 䉦 䪈 䭤 鑓 韆 繾 遷 儙 櫏 逎 䆳 䢗 迲 遶 辸 逘 逤 選 䢠 鎹 餸 㮸 䔎 藗 遡 㯈 遬 遺 髄 䜔 嬘 譢 㵦 澻 瀡 䍁 遀 鐩 䢫 隨 䡵 繸 禭 檖 膸 瓍 嚃 嚺 䜚 㳠 澾 㺚 撻 㣵 㿹 遝 闥 闧 㒓 橽 迯 邆 逷 䢰 瓋 䓕 迱 迆 蓪 樋 迌 讉 㷟 㾼 㾽 蹆 遾 遈 辻 䢦 蒁 䢤 鶐 䢞 讁 這 遉 遧 䆈 邅 迬 䮱 鱁 㗓 䢡 縋 礈 䨨 膇 撾 檛 膼 迍 週 逜 䪋 䑊 壝 䢭 躚 䢕 蕸 遜 䭀 迿 䢝 䢣 遙 邎 辷 迻 䢥 邍 逺 遠 䢲 䢩 䢓 逳 込 迃 運 䢊 迶 逰 逌 䢟 遊 迊 䗢 㯾
附属根	廴	廴	辶	33	55	䗴 侹 健 埏 庭 延 廷 建 挺 梃 梴 楗 毽 涎 烶 烻 犍 珽 筵 腱 艇 莛 蜒 蜓 诞 踺 铤 键 霆 鞬 颋 𫄧 𬘩	廸 唌 誕 䩥 駳 䗺 蜑 鋌 廽 廻 鋋 㢟 硟 脠 煡 湕 䭈 鍵 睷 揵 徤 鰎 旔 㨩 㢠 㯬 廼 廹 騝 䯕 娗 誔 筳 涏 㹶 頲 䅍 鼮 綎 閮 䱓 榳 脡 鯅 䘰 挻 綖 廵 廴 娫 莚 狿 㝚 䀽 郔
主根	忄	忄	忄	154	382	㤘 㥄 忆 忉 忏 忖 忙 忡 忤 忧 忪 快 忭 忮 忱 忳 忸 忺 忻 忾 怀 怃 怄 怅 怆 怊 怍 怏 怔 怕 怖 怙 怛 怜 怡 怦 性 怩 怪 怫 怯 怵 怿 恂 恃 恍 恒 恓 恔 恢 恤 恨 恪 恫 恬 恰 恸 恹 恺 恻 恼 恽 悃 悄 悈 悌 悍 悒 悔 悖 悚 悛 悝 悟 悢 悦 悭 悯 悰 悱 悴 悸 悻 悼 情 惆 惇 惊 惋 惔 惕 惘 惙 惚 惛 惜 惝 惟 惦 惧 惨 惬 惭 惮 惯 惰 惴 惶 惺 愀 愃 愉 愎 愐 愔 愕 愠 愣 愤 愦 愧 愫 愭 慆 慊 慌 慎 慑 慢 慥 慨 慬 慵 慷 憎 憔 憕 憧 憬 憭 憷 憺 憾 懂 懈 懊 懒 懔 懦 懵 暅 湉 筷 罹	懓 懝 慠 㤇 怉 㤓 怭 愊 怶 悂 怑 怲 惼 懪 愽 悑 㤳 慅 慒 愺 懆 㥒 㥽 惻 憡 慚 慘 㦧 憯 㥇 憁 憱 怚 忰 慛 憚 懛 㥀 愓 㦅 怟 愖 忊 㣿 㥩 㤞 憜 墯 怢 㤴 惵 恎 憞 㤱 㦍 憤 㤋 㦀 㤃 憣 㤆 忛 㤔 㥱 㤒 忋 愅 揯 搄 㮓 緪 縆 恆 䱭 䱴 堩 忓 㤌 恠 慖 惈 慣 悺 懽 㤨 愩 愲 䈐 恑 惃 悎 㤥 愒 㥺 悙 忼 㤚 㤷 㦑 蘹 懐 懷 怳 愰 㤺 㦜 㦎 愌 懁 恗 㦆 恛 憓 懳 㤬 㦊 忶 惽 㥵 㤧 㣾 㥮 㥉 悜 憆 悵 憏 㥡 恜 懴 懺 㦃 愴 浺 㤝 慉 㤕 怞 㤽 懤 㦗 惍 㥍 懻 憿 㥛 愱 忣 懠 惤 憍 憢 㦢 㥢 㤹 慻 惓 悁 㤯 憰 戄 㤜 㥌 怇 怐 懅 懼 忦 懏 愾 愷 愘 惂 懭 忹 恇 悾 憒 悋 懍 恡 惏 憦 恅 懶 忇 㦡 㦒 㤡 悧 悷 㤦 慄 㦨 懢 㦭 憐 慩 憀 㦬 忚 懰 㦕 㦇 慺 惀 㥪 憫 怋 㦖 悗 㥃 懜 懞 恾 㤶 㥝 戂 慲 慏 懡 怽 懱 慔 恈 㤛 怓 悩 惱 憹 㥾 㦐 愵 懧 愞 惗 慪 憉 恲 㥊 㥬 慓 㤄 怌 懄 忴 㤈 悽 㥓 忔 忯 慽 悓 慳 悏 愜 恘 恮 惸 憈 㤉 㣼 懹 㦓 㥰 愢 懎 㤾 愯 憽 憟 㥞 㦏 㥭 忕 忲 㥂 戃 㥴 惿 憻 憛 憳 㥏 悿 恌 怗 慱 慟 㤏 悇 㥆 慴 懾 愼 憴 恦 慯 恀 慡 忬 㥧 㥅 㦋 慞 怾 懫 恉 懥 㤖 忟 忨 悞 悮 憮 愇 懀 愄 㥜 惞 忄 恄 憘 㤸 悕 慀 㦦 怬 㝭 憸 㦥 憪 㤊 恊 㦪 㥟 愶 愋 怰 忷 恟 怴 惐 㥠 懗 㦩 懚 㥼 怮 愮 懩 慃 懌 恞 㦉 怈 憶 愝 㤿 懨 愥 㥳 愑 悀 怺 愹 悅 恱 懙 㥥 㥚 㤤 㤢 㥔 愪 惲 慍 㤑 懮 㦫 惾 愡
附属根	心	心	忄	146	465	㴔 伈 偬 偲 勰 吣 唿 嗯 噫 埝 媳 嫕 崽 德 心 忌 忍 忐 忑 忒 志 忘 忞 忠 念 忽 忿 态 怂 怎 怒 思 怠 急 怨 总 怼 恁 恋 恐 恕 恙 恚 恝 恣 恧 恩 息 恳 恶 恿 悆 悉 悠 患 您 悫 悬 悲 惎 惑 惚 惠 惩 惫 想 惹 愁 愆 愈 愍 意 愚 感 愿 慈 慝 慧 慭 慰 憋 憙 憨 憩 憾 懋 懑 懿 戆 捻 摁 摅 撼 梽 楒 橞 沁 淴 滤 漶 焖 熄 熜 璁 甯 痣 瘛 瘾 癔 稔 稳 穗 窸 缌 耰 聪 腮 臆 芯 菍 葱 葸 蒽 蕊 蕙 薏 虑 螅 蟋 蟪 谂 跽 铽 锪 锶 镱 闷 隐 飔 骢 鳃 鳡 𠅤 𫄷 𫫇 𬤝	噯 嬡 諰 薆 皧 鑀 瞹 㤅 醷 曖 懓 僾 靉 鱫 愛 璦 㥿 㦚 憊 愂 揌 㘂 嬨 濨 㤵 䗹 礠 慙 忩 謥 焧 䈡 怱 漗 䓗 蔥 㥖 䗓 蟌 鍯 鏓 䡯 聡 聦 聰 騘 驄 総 緫 總 繱 憁 棇 楤 樬 悤 䐋 緿 㤫 恴 徳 㥁 悳 惪 㯖 脦 慸 䉞 澸 唸 腍 㥈 憝 懟 噁 悪 惡 僫 煾 䅰 䭡 㥹 怤 懯 蕜 㤎 戅 戇 䃭 鱤 㤮 悹 䪀 䎚 慐 怘 恏 惒 癋 䜗 䫲 㙳 鍃 䍺 槵 䓤 㺀 䬍 㧾 㦌 䨚 嚖 㜇 譓 譿 潓 寭 鏸 䧥 㩨 恵 韢 㬩 憓 懳 㥣 僡 櫘 璤 慁 㥲 矃 懲 㦂 懘 恥 慗 㤐 䆫 窓 窻 牎 牕 憃 櫖 惷 㵞 矁 㦞 誋 㦘 䋟 梞 鵋 㤂 憼 䉍 趝 喼 慦 憠 愳 愙 㤩 懇 㢜 轗 懬 懖 㤟 憥 㥎 悡 㜻 戀 㥕 㦁 纞 㤠 攄 爈 濾 藘 鑢 勴 慮 儢 㦄 慜 㥸 愗 㦟 燜 㵍 懣 悶 㦖 蕄 㤁 㦝 淰 獶 嬺 濘 惄 戁 嚀 嬣 澝 䔭 薴 獰 㝕 寧 㲰 寜 鸋 寍 䗿 䭢 鑏 擰 聹 鬡 㣷 儜 橣 檸 焾 艌 鲶 涊 䧔 鯰 懧 諗 敜 䭃 錜 䂼 惗 䄒 踗 㣽 憵 慿 憑 懃 鈊 抋 吢 㤈 憇 慼 慶 櫦 羻 㥶 㤍 㤲 㥦 憌 愨 慤 擾 認 荵 忎 㸾 綛 梕 棯 躵 忈 蘂 繠 惢 橤 䏰 瓇 顋 䰄 毸 愢 䚡 鰓 愬 媤 鍶 颸 騦 緦 罳 禗 恖 䉥 濍 揔 慫 憽 檧 䏋 僁 穂 繐 䈚 態 鋱 䛱 悐 惖 怹 廰 廳 聴 聽 聼 憅 㴓 㩄 㰑 怷 㥨 悊 慹 愸 娡 誌 䓌 鋕 憄 綕 俧 䏯 覟 惉 幒 僽 穏 穩 㒚 莣 惌 瞣 贃 䜑 忢 燰 藯 䡺 㦣 訫 孞 憖 杺 顖 㗭 㴧 蒠 瘜 䭒 鎴 鏭 鄎 忥 㮩 怸 惁 䜢 幰 瀗 憲 䘆 䧮 攇 㦥 贒 櫶 恷 䊝 㴽 㣰 藼 懸 愻 鐚 㡥 讔 㶏 濦 蘟 癮 隠 隱 櫽 嶾 䌥 慇 㦩 懚 䨸 憗 檼 㥯 㥷 懕 㺊 䭐 嬑 悥 譩 燱 澺 䖁 瘱 䗷 䪰 鐿 鷾 繶 㣻 憶 㥋 億 悘 檍 㦤 騐 㦔 応 應 軈 葾 㥐 㤪 慂 惥 䜡 癒 㦛 慾 嚘 瀀 滺 䥳 㱊 憂 鄾 纋 懮 優 櫌 怣 㤰 㷓 燪 㹅 惣 捴 搃 摠 縂 愡 倊 傯
附属根	必	必	忄	19	44	佖 咇 嘧 宓 密 必 毖 泌 珌 瑟 璱 祕 秘 苾 蜜 谧 邲 铋 馝	妼 袐 㵥 䖩 䩛 鉍 飶 䀣 䫾 㧙 䎵 駜 䪐 閟 怭 䟤 鴓 鮅 㘠 柲 䏟 虙 㨸 㑻 䀄 䛑 謐 䈼 淧 滵 㴵 㳴 藌 蔤 䁇 䌏 䤉 櫁 樒 榓 覕 寗 濏 飋
附属根	恭字底	⺗	忄	7	11	忝 恭 慕 掭 添 舔 隳	撡 叅 塨 䧙 㖭 婖 菾 䋬 悿 㮇 㵕
主根	扌	扌	扌	309	637	㧐 㧑 㧟 亵 势 哲 哳 啦 啪 垫 扎 扑 扒 打 扔 托 扛 扞 扣 扦 执 扩 扪 扫 扬 扭 扮 扯 扰 扳 扶 批 扺 扼 扽 找 技 抃 抄 抉 把 抑 抒 抓 抔 投 抖 抗 折 抚 抛 抟 抠 抡 抢 护 报 抨 披 抬 抱 抵 抹 抻 押 抽 抿 拂 拃 拄 担 拆 拇 拈 拉 拊 拌 拍 拎 拐 拒 拓 拔 拖 拗 拘 拙 招 拟 拢 拣 拤 拥 拦 拧 拨 择 括 拭 拮 拯 拱 拴 拶 拷 拼 拽 拾 持 挂 指 按 挎 挑 挓 挖 挚 挝 挞 挟 挠 挡 挣 挤 挥 挦 挨 挪 挫 振 挹 挺 挽 捂 捃 捅 捆 捉 捋 捌 捍 捎 捏 捐 捕 捞 损 捡 换 捣 捧 捩 捭 据 捯 捶 捷 捺 捻 捽 掀 掂 掇 授 掉 掊 掎 掏 掐 排 掖 掘 掞 掠 探 接 控 推 掩 措 掬 掭 掮 掳 掴 掷 掸 掺 掼 掾 揄 揆 揉 揍 描 提 插 揕 揖 揠 握 揣 揩 揪 揭 揳 援 揶 揸 揽 揿 搀 搁 搂 搅 搋 搌 搏 搐 搒 搓 搔 搛 搜 搞 搠 搡 搦 搪 搬 搭 携 搽 摁 摄 摅 摆 摇 摈 摊 摏 摒 摔 摘 摛 摞 摧 摭 摴 摸 摽 撂 撄 撅 撇 撑 撒 撕 撖 撙 撞 撤 撩 撬 播 撮 撰 撵 撷 撸 撺 撼 擀 擂 擅 操 擐 擒 擞 擢 擤 擦 擿 攉 攒 攘 攥 攫 攮 晢 浙 热 筘 筢 箍 箨 籀 絷 菝 萚 蒱 蛰 蜇 誓 贽 踅 逝 鞡 鸷	捱 揞 抝 扷 擙 㩠 㧊 抪 抜 擯 菢 㧳 拝 挀 擺 㨧 捹 撪 揼 㧍 捠 㧙 㨀 抦 掤 揙 拚 㧼 撥 㩭 挬 擗 㩧 䋢 撲 捬 㨐 捗 揹 攃 撡 扐 揌 採 簎 㩍 拺 㨲 㩞 摲 摻 攢 攛 拵 咑 䩢 撘 㩉 搨 㧅 搗 㨶 擣 箉 扥 㩐 擋 攩 䀿 揥 摕 扚 掋 拞 梊 擔 撢 撣 抌 掟 攧 挅 挆 㨊 㩸 揲 㩹 挕 挃 挏 㨂 揰 㧻 㨃 搥 撴 唞 㨮 䔾 㩵 擜 㧖 搹 㧴 搕 搤 㧫 捀 摓 払 荴 捊 㩤 撨 撫 㩌 㧉 摡 挌 擱 扢 擖 揯 搄 挭 掆 㧏 摑 㧔 撗 擴 挄 摜 㧽 庪 撌 㨳 㧪 摫 掛 㧓 捖 㨰 簼 搆 㩝 㧡 㨟 拸 抲 拫 㨔 㨪 揘 䉟 捇 㨯 擭 㩇 掝 搉 換 攌 揈 撔 㧦 搰 㧮 抇 摢 㧾 㨭 拻 㨹 㩨 揮 撝 㨤 搳 摦 撶 㨡 掍 捈 摖 揷 挿 扠 扱 摷 揊 烲 㨋 撦 硩 捵 揨 搶 撜 掁 撐 挰 摚 湁 抶 扡 䀸 攡 㑜 䟷 攙 摌 摐 摤 擉 㧤 拀 菗 㨨 掫 搊 㧆 搢 㨷 揤 撽 裚 撠 㧗 㨈 擠 擏 摾 摪 㨵 揃 擶 撿 攕 㨴 揀 揵 挸 捁 撟 摎 挢 挍 㩰 撹 攪 蓵 掶 擳 㨗 擑 搩 㨩 擮 掲 揂 㧃 㩆 捄 捲 挗 捔 撧 㩱 挶 㨿 拠 抅 㩀 據 㩴 揟 拁 抸 扴 挾 攈 攟 揢 掯 揁 㧶 挳 摼 摃 扻 擓 抂 葀 拡 扝 㨒 㩲 摳 菈 攋 揦 摺 擸 搚 撛 㨆 撈 㨓 㧯 㧰 攊 攭 搮 擽 攦 攔 攬 㨫 㩜 掕 掚 摙 挼 㩡 捰 攞 攎 㧜 挒 挘 㧕 攏 擄 擼 攄 摝 捛 挔 攂 掄 摟 㨸 㨉 捪 㧇 㧌 㨺 捫 㩚 掹 擝 㨠 擟 㩢 摵 攠 摱 掵 擵 搣 攗 抺 挴 㨥 抐 拰 撓 摨 搱 掜 擃 搑 擬 㩘 抳 揇 攤 抩 擰 攆 撚 掿 搙 㩶 揑 攝 挊 挵 擩 㨅 拋 挷 掽 㧸 篺 㨽 抷 㨢 鋬 㩯 擈 㧩 㧵 抙 㩒 撳 搇 捦 扲 抋 捿 掑 㩩 掅 㩖 箝 㩮 㨜 拑 撁 攐 拪 㧄 㩃 撍 攓 㩷 攑 籡 㧨 搝 扏 搼 㩁 抾 㧎 擾 捼 扨 撋 搈 㨎 扖 摋 挱 掃 掻 㩙 擌 㧲 莏 摍 䉥 摗 㨦 㩳 揔 捒 㨞 㩋 損 搎 㨚 㔼 擻 捜 摉 㧺 撻 搯 抭 䔶 擡 㧹 摥 掦 挮 㨏 擹 搷 萔 㨄 籜 蘀 挩 捝 拕 撱 㩛 摶 揬 捸 蓷 㧷 㩔 毮 䈰 㩄 捨 抴 摂 扟 揓 銴 㨛 搧 挻 掓 扌 紥 抯 搾 摣 㩟 抧 擇 捚 䇽 䓆 㝂 悊 扸 埑 晣 䏳 搸 抮 挋 䳲 抍 掙 扙 狾 㨖 擲 㨁 搘 䭁 撯 擆 㧣 撾 籒 㧚 搲 攨 抆 揾 搵 攚 捥 抏 捾 扜 摀 扤 捤 揋 揻 㩦 㨙 㩗 㨘 搟 攇 㧥 撏 撊 攜 㩪 娎 擷 拹 擕 焎 㨝 㧋 揎 㩊 㿱 乴 䱑 揗 挜 掗 㧈 㧢 㨱 揺 搖 摿 䥟 㩎 擫 擨 捓 捙 擛 揚 抰 㨾 攁 䉗 䔱 撎 兿 揜 抁 攖 攍 摬 㨕 擁 䆢 捳 抈 㧒 扵 挧 㩈 抎 抣 㳺 逰 扗 択 捑 㟛 攅 揝 㨑 捴 搃 摠 嶊 捘
附属根	手	手	扌	20	62	手 拳 拿 挈 挚 挛 挲 掌 掣 掰 搴 摩 摹 撑 擎 擘 攀 藦 襻 镎	摮 㧳 㨍 搫 㨻 撉 搿 拲 㧬 㨌 撀 㩓 摰 㧱 罉 鐣 杽 撃 擊 藆 㮮 揫 襷 擧 挙 欅 揧 擥 攣 䖂 癴 㨼 嚤 擵 嗱 拏 挐 蒘 鎿 搻 掱 䤏 鑻 㨇 撆 抙 㩮 掔 䤿 搼 㧭 䦐 揱 幥 礃 劧 摯 篫 鎼 擪 揅 㧘
附属根	举字底	举字底	扌	64	71	㛚 㶲 举 伴 佣 俑 俸 勇 半 唪 嗵 埇 墉 奉 峄 庸 怿 恿 慵 拌 拥 择 捅 捧 柈 桶 棒 榉 泮 泽 涌 熥 琫 用 甪 甬 甭 甯 畔 痈 痛 箨 糒 绊 绎 胖 芈 萚 蛹 衅 袢 译 诵 踊 通 鄘 释 铎 镛 靽 鞴 驿 鲬 鳙	韛 㷯 菶 䭰 䩬 䳞 埲 蜯 姅 䉽 秚 䬳 鉡 㪵 絆 怑 跘 坢 犕 㣁 備 僃 憊 㷶 㸢 筩 甮 溄 蕐 㪯 㵮 丮 舉 櫸 蝋 猟 眫 羋 㗈 澝 䔭 橣 淎 詊 溿 鵥 冸 牉 慿 攑 誦 蓪 㪌 㼧 硧 樋 䑕 鼡 銿 蝆 湧 慂 苚 勈 㦷 愑 悀 砽 踴 鯒 䞻
主根	氵	氵	氵	525	911	㧟 㳇 㳘 㳚 㴔 㵐 㽏 啵 嗨 墚 娑 婆 愆 懑 挲 柒 染 桫 梁 欂 氾 氿 汀 汁 汇 汈 汉 汊 汋 汐 汔 汕 汗 汛 汜 汝 江 池 污 汤 汧 汨 汩 汪 汫 汭 汰 汲 汴 汶 汹 汽 汾 沁 沂 沃 沄 沅 沆 沇 沈 沉 沌 沏 沐 沔 沘 沙 沚 沛 沟 没 沣 沤 沥 沦 沧 沨 沩 沪 沫 沭 沮 沱 河 沸 油 沺 治 沼 沽 沾 沿 泂 泃 泄 泅 泇 泊 泌 泐 泓 泔 法 泖 泗 泙 泚 泛 泜 泞 泠 泡 波 泣 泥 注 泪 泫 泮 泯 泱 泳 泷 泸 泺 泻 泼 泽 泾 洁 洄 洇 洈 洋 洌 洎 洑 洒 洓 洗 洘 洙 洚 洛 洞 洢 洣 津 洧 洨 洪 洫 洭 洮 洱 洲 洳 洴 洵 洸 洹 洺 活 洼 洽 派 洿 流 浃 浅 浇 浈 浉 浊 测 浍 济 浏 浐 浑 浒 浓 浔 浕 浙 浚 浛 浜 浞 浟 浠 浡 浣 浥 浦 浩 浪 浬 浭 浮 浯 浰 浲 浴 海 浸 浼 涂 涄 涅 消 涉 涌 涍 涎 涐 涑 涓 涔 涕 涘 涛 涝 涞 涟 涠 涡 涢 涣 涤 润 涧 涨 涩 涪 涫 涮 涯 液 涴 涵 涸 涿 淀 淄 淅 淆 淇 淋 淌 淏 淑 淖 淘 淙 淜 淝 淞 淟 淠 淡 淤 淦 淫 淬 淮 淯 深 淳 淴 混 淹 添 清 渊 渌 渍 渎 渐 渑 渔 渗 渚 渝 渟 渠 渡 渣 渤 渥 温 渫 渭 港 渰 渲 渴 游 渺 渼 湃 湄 湉 湍 湎 湑 湓 湔 湖 湘 湛 湜 湝 湟 湣 湫 湮 湲 湴 湾 湿 溁 溃 溅 溆 溇 溉 溍 溏 源 溘 溚 溜 溞 溟 溠 溢 溥 溦 溧 溪 溯 溱 溲 溴 溵 溶 溷 溹 溺 溻 溽 滁 滂 滃 滆 滇 滉 滋 滍 滏 滑 滓 滔 滗 滘 滚 滞 滟 滠 满 滢 滤 滥 滦 滧 滨 滩 滪 滫 滴 滹 漂 漆 漈 漉 漋 漏 漓 演 漕 漖 漠 漤 漩 漪 漫 漭 漯 漱 漳 漴 漶 漷 漹 漻 漼 漾 潆 潇 潋 潍 潏 潖 潘 潜 潞 潟 潢 潦 潩 潭 潮 潲 潴 潵 潸 潺 潼 潽 潾 澂 澄 澈 澉 澌 澍 澎 澛 澜 澡 澥 澧 澪 澭 澳 澴 澶 澹 澼 澽 激 濂 濉 濋 濑 濒 濞 濠 濡 濩 濮 濯 瀌 瀍 瀑 瀔 瀚 瀛 瀣 瀱 瀵 瀹 瀼 灈 灌 灏 灞 烫 瑬 痧 磲 礴 箔 簿 粱 范 茫 茳 荡 莎 菏 菠 菹 萍 落 蒎 蒗 蒲 蕖 蕰 薄 薸 藩 藻 衍 裟 酒 鋈 鎏 铴 阔 霈 霪 鲨 鸿 𣲗 𣲘 𣸣 𬇕 𬇙 𬇹 𬍡 𬭛	溾 溰 濭 䔽 洝 泑 滶 澆 㶚 汃 濱 濵 瀕 㵡 泍 渀 漨 㵒 湢 潷 㵥 滭 籓 埿 㴜 汳 㳒 㳎 㵷 淲 滮 箥 潑 淿 㴾 溊 碆 蔢 萡 䭦 鑮 㳍 㶔 測 汵 䨙 滄 濸 㵴 㶓 澬 濨 澯 淺 湌 澨 灒 潀 灇 漎 漗 潨 乼 㳃 㵏 濢 洊 澊 湊 汏 濤 盜 瀻 淂 簜 澢 燙 璗 潒 灙 盪 蕩 蘯 䑭 渧 滌 蔋 泹 澸 㴷 霮 䨵 㴿 濎 澱 㶘 淍 澤 沰 泆 涷 湩 霘 瀆 涜 塗 瀩 瀢 㳔 濧 潡 浢 湂 洏 灋 汎 沷 浌 鍅 琺 濆 渢 灃 㵯 湗 溄 汸 淓 笵 瀿 㴀 滼 䀀 盕 㜑 沕 汱 澓 泭 渄 濷 㵆 滜 漑 滒 㵧 亙 揯 㮓 絚 緪 恆 䱍 䱭 堩 溝 灨 漧 渦 㶁 漍 㳀 淉 㳡 濄 㴦 淪 潅 渱 濲 淈 泒 㲹 湀 潙 溎 渾 滾 澔 灝 滈 薃 塰 㵑 渮 澕 涥 㶇 漢 浫 涆 澣 淊 澏 㵄 灘 蘫 瀤 篊 汻 湱 濊 瀖 沎 萿 㵹 渙 汍 㶎 渹 澋 澒 汯 浤 潂 鴻 葓 霟 霐 瀫 沍 鍙 㳷 泘 滸 滬 㴶 湏 洃 沬 泋 澮 潓 瀈 滙 㒑 匯 潶 澅 㳸 涽 湷 洉 㲼 㳗 漅 㳧 㵔 瀋 㴴 莐 霃 浾 湞 泟 溗 瀓 洆 淨 浧 淐 箈 筂 湁 沶 滯 懘 菭 漸 瀺 灛 潹 滻 湹 漺 涰 汌 沖 浺 滀 㶆 滣 湻 浱 漘 㵮 㵞 㴆 濅 漌 濜 堻 䆮 寖 淁 㳵 㴕 汥 漃 㲺 濈 潗 泲 㴉 済 湒 濟 浄 瀞 涇 㵾 葏 滰 䤔 瀐 瀸 㶕 澗 㳨 減 濺 瀽 瀳 湕 涀 㵎 濫 聻 虃 䔐 餰 㶀 㳅 潐 灂 灚 䀊 潔 滐 汣 淃 浻 瀅 泬 灍 決 淗 湨 洰 泦 㵵 涺 浹 㴫 濬 汮 㵣 渇 漮 擓 況 濶 闊 䦢 涳 㵠 泏 潰 涃 潉 滱 溂 瀶 溓 澟 滲 澇 浶 瀨 瀬 淶 氻 淚 濿 瀝 涖 沴 濼 灕 灑 蒞 靋 湅 瀾 灡 浨 漣 灠 㳕 灆 淩 瀮 蔆 霗 涼 湸 樑 濓 㶑 澰 瀲 㶌 䨬 㵳 㴖 浖 澑 瀏 沠 蓅 灤 滝 㳥 㴳 湰 瀧 㙙 淥 瀂 滷 瀘 淕 漊 濾 㵢 㵽 㶟 洡 㴃 涙 灅 溣 溤 渂 潣 渵 㴘 濹 㵍 懣 滿 溕 濛 汒 浝 㳽 㵋 沵 淧 濗 滵 濔 瀰 漞 㴵 渳 灖 㳴 澫 満 澷 䕕 澠 㴐 汅 湐 瀎 莈 滅 莯 霂 沒 湈 洠 㵊 淰 㴎 渿 㴰 㶞 灢 濘 㵫 淣 灄 湳 澝 涊 㲽 㳮 篞 㴪 湼 汼 沑 渜 湪 濃 㵖 浽 㳶 漚 蕅 萢 㵺 渒 鎃 漰 淎 霶 㳪 潎 錃 洀 沜 瀊 溿 䓑 蓱 㵱 嘙 㨇 洦 溌 䨰 䈬 浿 㳈 澿 瀙 淒 漬 滊 濝 湆 鸂 湇 䓅 淸 濪 漒 溬 㳾 嬱 汘 潛 濳 灊 壍 蔳 㴥 菬 汓 渞 湭 浗 㳋 湶 洤 䈌 浀 淭 菃 蟝 㣄 䝣 璖 渃 媣 蒅 瀜 渪 潤 䦞 渘 泧 挱 濇 瀒 濏 澀 澁 渋 泀 瀃 泤 㴲 洍 溑 逤 䓾 髿 濍 㴋 潥 溸 㴼 潚 洬 泝 㴑 滖 㴚 㵦 澻 瀡 潠 涾 濕 㳠 澾 涭 溙 漛 湯 漡 漟 鐋 洟 漽 㵅 湠 㳩 潬 㶒 㴂 藫 䆱 涏 沲 汑 涶 漙 浵 涋 湥 潳 汢 蒤 涒 㳆 唦 㸺 㲚 乷 硰 㵤 桬 鯊 猀 䤬 閯 鯋 㴓 涻 㵃 渉 涁 渖 㵕 蓡 薓 渻 泩 湦 滳 溮 湤 㵓 㳏 溡 溼 㴸 灗 澘 灀 瀭 潄 潻 濖 㵂 㶖 氵 涗 涚 㴙 㳐 䈃 淛 潪 澵 潧 㴨 塣 涱 漲 瀄 淽 㴛 淔 汦 㴯 洔 洷 潌 䓋 䓜 魙 惉 霑 濁 準 㳊 汷 泈 簗 灟 濐 瀦 㵭 霔 溛 汙 漥 窪 䨟 溫 㲿 瀇 㳹 㴏 潫 灣 㘤 涹 濣 汚 㵲 洖 溩 潕 盓 窏 䵦 濻 浘 湋 潿 渨 溈 濰 㶉 渓 漝 㲸 漇 㴧 潝 澙 涬 洐 䓷 箲 灦 㳄 㵪 鍌 瀗 㳭 湺 澖 㶍 羨 㵿 瀟 㳦 㴽 㳿 瀉 㴬 洩 㴮 㵻 㳜 潃 㳬 㳙 洶 㶅 瀥 㵰 漵 潊 淢 汿 㵌 潯 㳌 漄 濥 㴈 峾 滛 湚 㶏 濦 泿 洕 垽 㵸 㴭 溔 洂 潱 澲 漜 瀁 䇵 㵝 瀷 㶠 㳖 渏 㴁 㴒 澺 浂 湙 㵩 㳑 浳 㶄 渷 㳂 灔 灧 灎 灩 葕 椼 瀯 瀴 濙 瀠 㶈 灐 濴 渶 灜 濚 㵬 溋 渆 渕 鼝 渁 灁 淵 溒 湧 㴄 滽 慂 㴩 灉 㶛 澦 湡 㳛 澚 灪 澞 漁 蕍 溳 澐 薀 奫 㴗 㳺 瀀 滺 沋 湵 沞 薻 渽 溨 洅 㳁 汄 溭 㳻 沢 泎 䕪 湽 濽 㵶 潈 㵀
附属根	水	水	氵	28	100	丞 冰 凼 卺 呇 尿 承 拯 水 汆 汞 沓 泉 泵 浆 淼 漦 烝 瑔 盥 缐 脲 腺 荥 蒸 踏 颍 鳈	揼 㳼 氷 栤 㣐 㵨 氹 埊 坔 沊 畓 㶗 瀪 濷 泴 銾 㶹 頮 颒 觨 洆 㞼 氶 脀 汖 㝽 巹 汬 漿 湬 洯 澃 㴝 砅 洜 灓 㴃 㴇 㵘 氼 㲻 㳮 㞙 銢 砯 㵗 㩩 漀 氽 湶 葲 灥 㟫 騡 闎 鰁 楾 㛥 誻 䈋 涾 䓠 㹺 錔 鞜 崉 㧺 䍝 濌 䂿 䎓 㭼 䵬 䶁 䄕 㽷 閖 䇰 篜 䡕 漐 沝 滎 䤼 線 澩 泶 沀 淾 阥 濴 潁 渁 灁 厡 囦 柡 㲾 沯 㳫
附属根	冫	冫	氵	80	213	佻 佽 兆 冮 冯 冰 冱 冲 决 况 冶 冷 冻 冼 冽 净 凄 准 凇 凉 凋 凌 减 凑 凓 凘 凛 凝 匀 咨 均 墀 姚 姿 嵴 弱 恣 懿 挑 搦 摔 旐 昀 晁 朓 桃 樨 次 洮 溺 犀 率 珧 瓷 瘠 盗 盷 眺 祧 窕 筠 粢 羡 脊 茨 蒻 蟀 资 趑 跳 蹐 逃 鋆 钧 铫 韵 鹡 鼗 𫖯 𬶐	凒 翶 翺 㓖 㓈 冫 栤 凔 澬 薋 蠀 䯸 絘 餈 䳐 垐 䨏 栨 飡 凗 絩 誂 銚 䂪 雿 凙 氎 疂 㩸 㓊 凍 䙱 凟 肦 馮 冹 頫 胐 獋 皐 臯 鷱 槹 橰 凎 䃶 䏓 㓋 凅 櫰 瓌 嘷 噑 獔 皡 皥 䝥 暭 曍 㜳 瀤 蘹 蘾 褱 耲 懷 壞 㓉 軣 冴 繉 䄻 㓌 䜄 䙙 穉 㓾 遲 徲 孎 䏛 凚 枃 鶺 膌 塉 凈 冿 㓗 楶 㮞 脧 㓏 呁 㚬 袀 汮 蚐 鈞 凜 楽 唥 䃯 檪 蓤 㓐 䔞 繂 膟 塁 䝧 冺 䑃 凕 䰪 凂 㜨 摨 愵 㓓 嫋 糑 䚥 榒 冸 凴 㵗 慿 憑 笉 㓎 凊 憌 赹 胊 冾 篛 嵶 鶸 鰯 䐞 渋 㻭 凁 咷 䑬 鞉 駣 漽 㓅 畇 艞 脁 宨 庣 聎 晀 恌 㸠 䠷 覜 趒 膧 凃 摂 檨 䢦 㕠 蠾 屬 罀 狣 䍮 鮡 垗 䆈 囑 爥 灟 劚 钃 斸 矚 䌵 曯 䠱 欘 凖 凞 䏮 㓑 㵪 䢭 鴵 㓔 伨 凐 烑 筄 薬 䖴 餆 荺 抣 諮 谘 䆅 䅆 資 秶 乲 栥 趦
附属根	氺	氺	氵	45	132	㰀 俅 傣 函 剥 叇 埭 崡 康 录 慷 救 棣 氯 求 泰 涵 渌 滕 漆 球 琭 碌 禄 箓 糠 绿 膝 菉 菡 藜 藤 裘 赇 逑 逮 逯 隶 黍 黎 黏 𡐓 𨱇 𩾌 𫘧	忁 䵗 剝 䃗 䰍 曃 霴 靆 㻖 䵔 䰁 㖤 䈄 䘶 蜬 䤴 顄 䨡 㮀 䜉 黐 邌 㓼 㐜 慦 捄 㤹 龣 䵕 嫝 漮 穅 㝩 䆲 䗧 鏮 㱂 嵻 鱇 槺 躿 㘑 嚟 䉫 䵓 䇐 鑗 㠟 隸 瓈 隷 㖨 娽 粶 䘵 簶 籙 淥 㪖 䩮 錄 録 䚄 盝 睩 㟤 䴪 䎼 騄 彔 緑 醁 㫽 䟿 祿 䎑 䱚 觮 㯟 椂 鵦 䐂 趢 綠 䵒 䵑 䵜 㯡 沗 䵖 䣛 㯃 桼 䵛 㛏 浗 莍 蛷 㞗 銶 賕 㟈 䣇 皳 盚 毬 絿 殏 䟵 觩 鯄 梂 䵚 溙 㥭 籐 漛 捸 䠈 㥆 䵘 潻 氺 䵙 䥭 㞑 厀 齂 脙 様 殔 邍
主根	木	木	木	535	1367	㭎 㭕 㮾 㰀 休 体 保 倮 傈 凇 凓 剁 剿 厢 呆 咻 哚 啉 喋 喳 嗓 嘛 噤 噪 困 垛 堞 堡 墚 夥 娴 婪 媒 嬷 孀 宋 崧 嵖 嵘 嵲 巢 床 庥 彬 怵 悃 想 憷 懋 捆 探 揉 揸 搡 摩 操 攀 晰 木 本 札 术 朳 朴 朵 朸 机 朽 权 杄 杆 杈 杉 杌 李 杏 材 村 杓 杕 杖 杙 杜 杞 杠 杧 杨 杩 杪 杭 杯 杰 杲 杳 杵 杷 杻 杼 松 板 极 构 枅 枇 枉 枋 枍 析 枕 林 枘 枚 果 枝 枞 枢 枥 枧 枨 枪 枫 枭 枯 枰 枲 枳 枵 架 枷 枸 枹 柁 柃 柄 柈 柊 柏 某 柑 柒 染 柔 柖 柘 柙 柚 柜 柝 柞 柠 柢 查 柩 柯 柰 柱 柳 柴 柷 柽 柿 栀 栅 标 栈 栉 栊 栋 栌 栎 栏 栐 树 栒 栓 栖 栗 栝 栟 校 栩 株 栲 栳 栴 样 核 根 栻 格 栽 栾 桀 桁 桂 桃 桄 桅 框 案 桉 桊 桌 桎 桐 桑 桓 桔 桕 桠 桡 桢 档 桤 桥 桦 桧 桨 桩 桫 桯 桲 桴 桶 桷 桹 梁 梃 梅 梆 梌 梏 梓 梗 梠 梢 梣 梦 梧 梨 梭 梯 械 梳 梴 梵 梼 梽 梾 梿 检 棁 棂 棉 棋 棍 棐 棒 棓 棕 棚 棠 棣 棤 棨 棪 棫 棬 森 棰 棱 棵 棹 棺 棻 棼 棽 椀 椁 椅 椆 椋 植 椎 椐 椑 椒 椓 椟 椠 椤 椪 椭 椰 椴 椸 椹 椽 椿 楂 楒 楔 楗 楙 楚 楝 楞 楠 楣 楦 楩 楪 楫 楮 楯 楷 楸 楹 楼 概 榃 榄 榅 榆 榇 榈 榉 榍 榑 榔 榕 榖 榛 榜 榧 榨 榫 榭 榰 榱 榴 榷 榻 槁 槃 槊 槌 槎 槐 槔 槚 槛 槜 槟 槠 槭 槱 槲 槽 槿 樊 樗 樘 樟 模 樨 横 樯 樱 樵 樽 樾 橄 橇 橐 橑 橘 橙 橛 橞 橡 橥 橦 橱 橹 橼 檀 檄 檎 檐 檑 檗 檞 檠 檩 檫 檬 櫆 欂 沐 沭 淅 淋 淞 深 渠 渣 渫 湘 溁 溧 滦 漆 漤 潸 澡 濋 焚 煤 煲 燊 燥 爨 牒 猱 猹 琛 琳 璪 痫 皙 相 砵 碟 碴 磉 磔 磨 磲 礵 祼 禁 秫 稞 窠 笨 箖 箱 篥 粿 糅 糜 縻 缃 缫 缲 耱 膝 臊 臬 苯 荣 菘 菥 葆 葙 蕖 藁 藦 藻 蘑 蘖 蘼 蜥 蜾 蝶 蝾 裸 裹 褒 褓 襟 襻 课 谋 谍 貅 跺 踝 蹀 蹂 蹅 躁 躲 述 郴 醾 钵 锞 镍 闲 阃 集 霖 霜 靡 鞣 颗 颡 馃 馇 骒 骦 髁 髹 魔 鲽 鸺 鹇 鹴 麓 麻 麽 麾 𣗋 𥖨 𥻗 𫐓 𫔶 𬂩 𬃊 𬘭 𬬸 𬭊 𬺓	㭿 枊 㭺 柪 梎 㭭 㭛 柭 欛 虨 霦 㯽 梹 檳 椕 媬 藵 宲 襃 䭋 緥 曓 賲 䳰 㙅 堢 栢 泍 䬱 㡷 㤓 㮺 楍 㮥 桳 翉 㭋 㮄 蘗 枈 柲 楅 柀 榌 㯅 朼 㮿 㯇 梐 棅 栤 㭓 標 檦 㯹 缽 鉢 皪 檘 䑈 㨐 柨 㰆 桮 杮 梖 柸 棑 鄵 襙 鐰 懆 䠕 棌 筞 㨲 橧 欌 䰍 㩞 偨 枱 柌 栜 栨 嬠 㭫 㸑 櫕 欑 䉘 樷 欉 樅 棇 楤 樬 㯔 㯜 椊 槯 楱 㯓 嘄 朷 椡 槝 檤 檮 柋 㯂 㯖 棏 櫈 檔 欓 梊 楴 梑 枤 㭽 樀 㰅 櫂 㯯 柦 椗 椣 槇 槙 橂 橝 㖼 㛆 㛊 䒳 尮 䤪 挅 挆 刴 朶 跥 杝 柂 椯 柮 桗 橢 躱 㻧 垜 趓 幉 諜 艓 褋 鞢 揲 牃 惵 殜 鰈 柣 槢 㭯 㻡 棟 荰 櫝 螙 樚 杸 橔 䕆 梪 枓 橷 櫮 椏 㮙 枙 樲 栭 杒 栮 橃 栰 黂 橨 燓 枌 梤 㷊 楓 檒 桻 㯐 堏 滼 䫶 橎 蠜 鐢 柉 礬 杋 棥 梻 枎 栿 椱 棴 柎 椨 柫 㭪 䕁 櫠 柹 雬 菒 槀 櫜 槹 橰 檺 㮣 槩 杚 槪 㭘 櫊 槅 㮓 椩 槓 棡 榦 桿 檊 枴 柺 櫎 欟 䙨 淉 菓 猓 錁 餜 輠 綶 褁 惈 䴹 楇 槨 腂 㮡 樌 權 櫬 㭟 栱 杛 篐 濲 榾 棝 橭 柧 㯏 椝 槼 溎 蓕 櫃 椢 槣 槶 櫷 朹 檜 櫰 槻 㯻 構 茠 椃 燺 㮫 柇 㮝 楁 㭱 㯊 㶇 鑅 橫 梒 㮀 椷 榥 楻 謋 檴 㯉 㼫 梙 槵 喖 嚛 䤕 㯛 枑 楛 槴 楜 㦿 㷄 彚 彙 檓 槥 椲 櫘 楎 檅 㕲 㭉 㚌 槬 㮯 杹 椛 樺 棔 梱 梡 㮢 餷 㮑 劋 䜈 漅 摷 轈 罺 巣 䲃 樔 勦 鄛 䟁 喍 䓱 㾹 䚢 諃 賝 綝 樄 桭 棧 椉 鏿 饓 䮪 乗 槍 朾 檙 棦 棖 橖 橕 檉 椙 䜉 杘 㥡 㓼 樆 㮛 柅 潹 榐 欃 棎 㯆 牀 㯌 樁 㮔 齼 礎 儊 䟣 榋 椘 檚 櫖 䠂 櫉 櫥 橻 璴 䊬 杶 槆 橁 櫄 杽 栦 㮲 齽 䌝 㦗 僸 凚 㯲 䫴 㱈 榗 枃 㯸 㗱 潗 鏶 㠍 㠎 䯂 檕 雧 楖 㮨 機 極 櫭 檵 㮷 梞 槉 橶 檝 櫅 㭲 樭 㙫 梷 橸 桱 槳 櫤 橿 杢 㯍 䥜 㯺 橏 椾 栫 検 檢 櫼 橺 㰄 梘 檻 㭴 樫 㩰 暞 橋 㭂 櫵 滐 嵥 搩 䌖 傑 楶 㮞 椄 㮮 楬 桝 楐 榤 柾 欍 樛 朻 杦 㯞 梋 㯋 橜 欔 㭾 㭈 㰐 榘 㮂 梮 椇 椈 欅 檋 櫸 檟 榎 椵 㮖 梜 榢 桾 棞 㮟 課 窼 樖 騍 顆 㪙 敤 䂺 榼 堁 槺 栞 㾧 桰 㯘 歀 椌 䵈 桍 樻 楑 楏 裍 涃 稇 睏 綑 閫 硱 祵 楋 柆 㯿 菻 㝝 冧 痳 崊 㨆 晽 惏 碄 䫐 檁 橉 䕩 㺐 橯 㚓 櫴 棶 楽 樂 㦡 㘄 樠 樃 㗚 濼 䔁 䔧 蔾 棃 蟍 鏫 鑠 䁻 歴 暦 厯 㟳 麜 搮 擽 轢 纅 鷅 㮚 䃯 慄 礫 躒 觻 鱳 梸 栛 棙 櫔 櫪 欚 隸 檪 櫟 㰚 栃 欐 梩 䟏 塛 瑮 瓅 㛦 浨 醂 㑣 欄 欗 㰖 欖 瀮 櫺 欞 㯪 樑 䨬 槏 㯬 㰈 槤 櫣 爍 䈷 䉓 㞅 臝 捰 欙 㰁 欏 躶 栵 㭞 㭩 橮 橊 栁 桞 桺 欒 灤 虊 圞 㰍 䙪 槞 梇 櫳 藥 㯭 㯝 㭔 㯟 椂 櫓 樐 枦 櫨 櫚 樓 㭚 䛶 櫐 蘽 櫑 樏 棆 嫲 嬤 蔴 䗫 犘 㦄 䳸 榪 㮘 枆 柕 嚒 麼 穈 椚 橗 杗 孊 䊳 灖 䕷 麿 㸏 劘 爢 䭧 䴢 㠧 攠 醿 䌕 釄 戂 櫁 樒 檷 榓 槾 榠 椧 檰 㰃 杣 櫋 㮌 嚤 髍 嚰 湐 䯢 䜆 饝 䭩 擵 䩋 懡 礳 䃺 枺 橅 櫗 炑 莯 狇 蚞 凩 楘 䊾 霂 朰 樢 槑 湈 塺 䤂 禖 㭑 栂 楳 腜 謀 䗋 䍒 㭌 桙 㮏 蝚 橈 渿 㮈 㲡 㯎 欜 棿 枏 柟 橣 檸 㭤 梛 榒 橠 㰙 㴪 鎳 臲 櫱 闑 枿 㮆 㙞 槷 㖻 䋴 檂 辳 欁 黁 檽 槈 藲 樞 櫙 㭝 榀 㰋 㯱 㯡 呠 梈 樥 槰 椖 㮰 鑻 楄 烞 櫇 㯷 樸 檏 㯁 澿 㮗 㩒 梫 橬 琹 簯 棊 棄 甈 栔 棲 檱 櫀 䣛 㟚 榿 㯃 桼 㰗 㯦 檾 㯳 櫦 棾 樈 檣 䈤 槧 檶 㯠 杴 榩 櫏 棈 喿 幧 藮 繰 僺 䱁 槗 䵲 橾 鄡 穕 恘 橚 櫹 梂 椦 楾 権 槫 儝 桏 橩 㮪 㰌 淭 蟝 㣄 䝣 㯫 欋 璖 㑱 栠 朲 栣 梕 棯 㭁 欀 媣 蒅 橪 楉 㮕 㘇 嬫 榮 爃 蠑 嶸 栄 㭜 榵 桇 杁 蘂 蘃 橤 㮃 桵 橍 媃 㽥 煣 渘 葇 鍒 鶔 䰆 輮 騥 韖 鰇 楺 腬 瑈 櫒 氉 㿋 矂 髞 繅 鱢 䈢 䨛 㮦 椮 槮 褬 鎟 顙 䡦 䫙 桒 槡 杫 蜤 㮐 榹 㭒 柶 䊉 䫅 㧲 㤾 俕 橵 㪔 鏁 璅 枀 梥 蜙 庺 鬆 硹 倯 柗 枩 檧 㮸 㕖 榡 樎 樕 櫯 㯈 梀 檖 槂 櫢 棷 䑜 㯚 榙 㭼 橽 槄 㷘 檯 䉎 㒉 榶 㭻 骵 屟 㯩 桋 躰 楟 榳 㮇 樤 驝 杔 楕 槖 檲 樋 檡 㭸 䵉 桬 剎 榝 樧 䈾 䔠 䜓 葉 蠂 弽 韘 磼 檨 欇 涁 穼 罙 罧 㚞 㰂 柛 榊 㮱 堔 剰 橳 枡 栍 榺 弒 枾 榯 榁 澘 檆 柵 椫 樿 㰑 灀 驦 䌮 縔 鸘 欆 樉 㮶 䘤 蒁 䢤 㾁 鉥 錰 術 絉 㯮 鶐 䢞 樹 橓 煠 㳐 㾴 齄 䮜 偞 紮 蚻 皶 柤 査 樝 㑿 枛 榸 䁋 䂞 㯙 㯰 樜 㭙 䐑 萙 枮 㯢 楨 樼 栕 㮳 栚 椥 櫍 櫛 㮹 栺 樴 㯄 梔 嶘 㮵 枬 桟 梉 梲 棳 櫡 㭬 槕 炢 築 簗 嵀 欘 櫧 櫫 樦 䢡 桘 㮅 檛 籕 㮧 榲 桽 㮬 㳹 棢 杤 梚 婐 枂 楃 橆 杇 杅 欈 梶 㭏 椳 楲 㭢 枔 㭡 杺 㭄 唽 葈 鈢 隟 䢄 㱤 橲 桸 厀 㯕 晳 㮩 怸 惁 榽 椞 椺 橀 莕 廂 緗 栙 楿 樣 嫻 㳭 湺 澖 䵇 䦥 閑 鷴 䨷 㰊 㮭 㭹 櫶 㯗 㭠 橌 蟂 鷍 恷 烋 㮁 梟 媟 㳿 䕈 屧 鍱 緤 㭨 㰔 枻 烌 㳜 㾋 銝 髤 鵂 鮴 樇 䏫 楥 㯀 檈 㰒 樰 桖 訹 䛙 槒 楈 㺷 梺 杊 桪 樳 椻 枒 檃 櫽 檼 栶 檭 㮒 薬 柼 楆 榣 枖 榚 䈎 漜 䥡 䭎 䭟 枼 鐷 瞸 擛 僷 枽 埜 壄 楊 様 柍 楧 鸉 㵩 䆿 寱 㓷 檹 㰘 栘 檍 棭 槸 檥 栧 椬 榏 焑 檿 樮 櫩 欕 椼 楌 濚 櫿 桜 櫻 梬 榞 棩 榬 櫞 㭇 杬 柡 槦 㜰 㰛 爩 灪 䖇 㠨 楀 楰 楡 鬰 鬱 棜 櫲 欎 欝 栯 棛 齫 枟 橒 櫾 櫌 㮋 梄 楢 襍 譟 薻 梍 㯾 趮 溨 樍 㮜 栥 椔 橴 杍 榟 㭮 桚 㯶 椶 絊 㰎 檇 樶 枠 栬 檌 黀 棸
主根	未	未	未	9	39	味 妹 嫠 寐 昧 未 漦 釐 魅	膥 㸁 沬 剺 孷 㹈 斄 犛 氂 㲠 佅 怽 眛 抺 祙 跊 㭑 䵢 䌜 擈 㒒 檏 苿 菋 䙿 鮇 㗼 澲 䧨 嶪 嶫 驜 㱉 鄴 曗 業 鸈 礏 㸣
附属根	末	末	未	7	17	抹 末 沫 秣 茉 袜 靺	妺 帓 㶬 粖 䬴 皌 眜 昩 砞 䴲 䱅 枺 䏞 唜 韎 䏋 䍪
附属根	朱	朱	未	13	22	侏 姝 朱 株 殊 洙 珠 茱 蛛 诛 邾 铢 陎	䇬 跦 趎 咮 璳 㼡 㸡 誅 袾 秼 銖 鼄 㦵 鴸 㧣 䎷 駯 䣷 絑 硃 祩 鮢
主根	耒	耒	耒	23	41	籍 耒 耔 耕 耖 耗 耘 耙 耜 耠 耢 耤 耥 耦 耧 耨 耩 耪 耰 耱 藉 藕 诔	䎨 䎬 䎱 䎧 䎭 䎯 耲 耯 耛 䎫 䋘 耡 耝 耭 䣢 躤 䎤 耟 耞 耮 筙 誄 洡 䒹 銇 頛 䣂 㼍 㑍 耣 耬 䎪 耚 䎢 䎣 䎮 耓 耫 䎦 䎩 䎰
主根	女	女	女	267	691	㙘 㛃 㛚 㛹 䁖 佞 倭 偃 偻 凄 努 呶 唼 喽 嘤 囡 垵 堰 女 奴 奶 奸 她 好 妁 如 妃 妄 妆 妇 妈 妊 妍 妒 妓 妖 妗 妘 妙 妞 妣 妤 妥 妧 妨 妩 妪 妫 妭 妮 妯 妲 妹 妻 妾 姆 姈 姊 始 姐 姑 姒 姓 委 姗 姘 姚 姜 姝 姞 姣 姤 姥 姨 姬 姮 姱 姶 姹 姻 姽 姿 娀 威 娃 娄 娅 娆 娇 娈 娉 娌 娑 娓 娘 娜 娟 娠 娣 娥 娩 娱 娲 娴 娵 娶 娼 婀 婆 婉 婊 婌 婍 婕 婘 婚 婞 婠 婢 婤 婧 婪 婫 婳 婴 婵 婶 婷 婺 婻 婼 婿 媂 媄 媆 媒 媓 媖 媚 媛 媞 媪 媭 媱 媲 媳 媵 媸 媾 嫁 嫂 嫄 嫉 嫌 嫒 嫔 嫕 嫖 嫘 嫚 嫜 嫠 嫡 嫣 嫦 嫩 嫪 嫫 嫭 嫱 嫽 嬉 嬖 嬗 嬛 嬥 嬬 嬴 嬷 嬿 孀 孅 孥 孬 安 宴 屡 屦 崴 崾 嵝 巍 帑 弩 怒 恕 按 接 揠 搂 撄 擞 数 晏 案 桉 楼 樱 氨 汝 洳 溇 漤 瀛 璎 痿 瘘 瘿 矮 砮 窭 笯 篓 絮 绥 缕 缨 耍 耧 胬 胺 腰 茹 荽 菇 萋 萎 葳 蒌 薅 薮 蝘 蝼 褛 要 诿 踒 逶 郪 郾 钕 铵 铷 镂 霎 鞍 馁 驽 髅 魏 鹦 鼹 𦝼 𩽾 𪣻 𫰛 𬸘	嬡 娭 娾 躷 咹 婩 㜝 㛺 媕 洝 荌 頞 䅁 䢿 鞌 鴳 䀂 銨 峖 㫨 侒 鮟 㜜 㜩 媼 嫯 媬 嫑 嫎 娝 妼 㚰 嬶 姅 蔢 婄 㚴 㛝 㜖 婇 嫧 嬨 姕 㜗 嬠 㜞 㛑 婃 㜡 媨 娖 娕 啛 㜠 䃀 藪 㜓 嬁 婸 媅 妉 娊 奵 㚲 婰 婝 㛆 㛊 媠 媏 姛 娻 㚵 嬞 嬻 妬 氀 㛒 妸 㛕 妿 娿 㚷 䎟 嬭 㛅 㛲 姂 妢 㛔 妦 㜂 嬏 㛯 婏 嬎 奿 覅 婦 媍 妋 娐 邚 嬔 㜑 姇 婔 婓 妚 姟 姯 嫴 媯 嬀 嫢 㜌 㚪 恏 䒵 妎 姀 䓼 妔 娢 嫨 㜳 姡 孉 娂 妅 婟 嫮 媩 孈 嬒 㜇 媈 婎 嫿 婲 嬅 㛼 奼 㜘 䒲 㼮 䧪 娍 㛵 妛 嬋 孎 婥 㛀 媰 媋 媿 嬦 嬐 嫤 嬧 婜 姫 姼 㚻 淁 㛷 妀 婛 妌 婙 葁 姦 姧 葌 䓸 嘦 嬌 嬓 嫶 孂 媘 媎 媫 嫅 菨 椄 奺 姢 妜 婅 姖 婮 簍 蔞 寠 窶 屨 貗 婽 姰 㚬 䕑 娔 嫝 嬇 㛻 嫗 㓂 宼 窛 婡 嫏 娳 孋 㛤 婯 嬾 孄 孏 㛦 㜮 婈 孁 㜃 嬚 孌 媡 嫾 㜻 㜕 挼 姴 媹 嬼 㚹 僂 㛞 娽 㜙 㛬 婁 鷜 㛎 㡞 謱 褸 漊 瘻 屢 鏤 瞜 䮫 縷 慺 樓 軁 膢 㻲 婨 䫫 嘍 髏 䣚 㪹 甊 遱 熡 艛 㺏 䅹 螻 鞻 㟺 嶁 廔 摟 耬 㥪 䄛 䱾 䝏 塿 嫲 㜫 嬤 媽 姄 媢 㜥 嫇 㜴 瓾 娏 㜆 孊 㜷 姏 㛧 䰋 姳 婂 嬵 媔 媌 嫹 妺 嫼 娒 㜈 媺 嬍 䉋 拏 挐 䋈 妠 詉 蒘 嫐 㛴 怓 妳 㜨 㜛 嫰 嫟 嬺 婗 娚 嬣 侫 倿 嬢 孃 㜤 姩 嬝 嫋 㜵 嬲 㛂 㜸 巕 奻 㣽 駑 㚢 伮 籹 㵖 釹 娞 婑 浽 錗 餒 餧 鮾 鯘 㼏 脮 腇 䘫 妑 娦 嬪 㚿 㛁 嫓 姍 媻 媥 嘙 㛘 嫳 姵 媇 嫀 娸 褄 淒 䶒 捿 鶈 緀 悽 霋 棲 嬙 㛨 媊 奷 嬱 㚽 帹 㛙 㛍 㛗 䈉 踥 鯜 㛏 㚱 媝 姾 㜹 嬈 捼 姙 㜣 媣 㚩 姌 嬫 媶 嫆 帤 桇 鴑 鴽 媷 筎 袽 蕠 㾒 銣 侞 肗 䅑 䬐 㢻 綏 緌 㮃 桵 媃 㚫 㛮 䕅 娰 㚶 媤 鋖 㛖 䓾 嫊 㜚 哸 嬘 䅗 鞖 䧌 㛐 䉤 籔 擻 櫢 㛥 嫍 嬯 㜍 㛶 婒 娗 婖 嫷 㟎 鵎 嫥 骽 娧 㞂 䫋 㞜 㱣 俀 媮 婾 妵 翣 娋 嬸 妽 㚨 姺 㜪 嬕 孇 數 㛸 㜐 㥨 娷 妱 嫬 嫃 媜 姃 㛿 㜱 妷 嬂 娡 㜼 姪 嫸 㜊 妝 娤 娺 妰 䆯 妐 妕 媑 㛩 媧 妏 㝧 㜲 㜶 唩 婐 媉 涹 㹻 䰀 娪 娬 嫵 喴 諉 媁 㛱 媙 媦 蘶 犩 䭳 覣 蜲 蝛 隇 䴧 崣 揻 㣦 䍴 縅 鰄 楲 㙎 妡 㛛 㚯 㜦 嬜 㛓 㛫 㛭 㜎 嬆 㜯 媐 嬹 娙 嫈 姠 娨 奾 妶 娹 㛾 嫻 嫺 姭 㢺 婱 㚣 婋 媟 娎 媗 嫙 㚾 蒆 㜅 姁 嬃 㜄 婭 椻 婬 婣 喓 婹 䙅 葽 䁏 騕 䌁 䳩 闄 偠 楆 㫏 姎 㛄 嬄 㚦 㜒 嬑 㚤 嬟 㜋 㛳 嫛 姲 娮 㛪 姸 孍 㚧 娫 褗 蔅 䤷 嬊 鼴 䁙 䞁 隁 嬮 騴 妟 暥 䳛 鷃 愝 匽 㰽 鶠 鰋 躽 䑍 嚶 孆 䙬 籝 瀴 蘡 䕦 孾 癭 蠳 嬰 鸚 巊 廮 攖 攍 纓 䃷 桜 櫻 䑉 珱 瓔 嬽 媴 妴 嫞 㜉 㜧 嬳 㜰 娯 嬩 媀 娛 㚥 㜏 㚺 㛣 㚭 姷 㴗 㛜 姉 㜺
主根	虫	虫	虫	199	590	䗖 䗛 䗪 䗴 嗤 媸 强 搔 斶 浊 溞 滍 烛 犟 独 瘙 糨 膙 茧 萤 蔃 虫 虬 虮 虱 虷 虸 虹 虺 虻 虼 虽 虾 虿 蚀 蚁 蚂 蚄 蚆 蚊 蚋 蚌 蚍 蚓 蚕 蚜 蚝 蚣 蚤 蚧 蚨 蚩 蚪 蚬 蚯 蚰 蚱 蚲 蚴 蚶 蚺 蛀 蛃 蛄 蛆 蛇 蛉 蛊 蛋 蛎 蛏 蛐 蛑 蛔 蛘 蛙 蛛 蛞 蛟 蛤 蛩 蛭 蛮 蛰 蛱 蛲 蛳 蛴 蛸 蛹 蛾 蜀 蜂 蜃 蜇 蜈 蜉 蜊 蜍 蜎 蜐 蜒 蜓 蜕 蜗 蜘 蜚 蜜 蜞 蜡 蜢 蜣 蜥 蜩 蜮 蜱 蜴 蜷 蜻 蜾 蜿 蝇 蝈 蝉 蝌 蝎 蝓 蝗 蝘 蝙 蝠 蝣 蝤 蝥 蝮 蝰 蝲 蝴 蝶 蝻 蝼 蝽 蝾 螂 螃 螅 螈 螋 融 螗 螟 螠 螣 螨 螫 螬 螭 螯 螱 螳 螵 螺 螽 蟀 蟆 蟊 蟋 蟏 蟑 蟒 蟛 蟠 蟥 蟪 蟫 蟮 蟹 蟾 蠃 蠊 蠋 蠓 蠕 蠖 蠡 蠢 蠲 蠹 蠼 襁 触 躅 镪 镯 闽 骚 髑 鲺 𬟽	䬓 蝹 颰 蚫 蟦 䖫 蛖 蜯 䖩 螕 蜌 䫾 䬛 螌 蝂 螁 䗒 飊 飆 颷 飈 飇 颩 颮 蚾 䗚 蛂 蟞 䬏 蛽 慅 鼜 螥 䖪 蠀 螆 䗹 蛓 䗞 䘉 蝅 蠶 蠺 䗝 䗓 蟌 蟽 虭 螮 蚮 蝳 蟷 蝃 蚳 蟺 䗺 蜑 虰 蝊 蜔 蛁 蜨 螲 蝀 噣 䙱 襡 獨 䪅 䮷 䫳 韣 㒔 螙 蠧 䬈 蜳 斣 蚅 蝁 䖸 蚠 蚡 諷 煈 渢 飌 猦 瘋 蠭 風 闏 碸 偑 楓 檒 堸 颿 蠜 蝜 䗄 蚹 蚥 蜅 颫 䘀 蛗 蜰 蛒 䗘 䘁 蝸 蟈 䬎 䗰 䗆 渱 蛌 蠱 螝 蛫 蟡 颳 颪 蚼 蝦 蠔 㰩 蠚 螛 蚵 䬝 䬖 蚢 䗙 蛿 蜭 蜬 䗣 螒 䬉 蠸 䫺 䫹 䗂 䬍 螜 蚘 䖶 蛕 蜖 螖 䗔 䫿 䫸 囆 䘍 蠆 爡 蛼 螴 䗀 蟶 蟐 䗉 䗅 㺈 蝭 蚇 䧝 螹 蟬 䥀 䩶 孎 擉 爞 痋 蟲 蝩 䖝 蠩 蟵 歜 鸀 觸 臅 䗯 蝍 蟣 䗁 䗗 螏 蟻 蟿 蟼 䗵 嵹 摾 謽 勥 強 螿 䥒 螀 襺 繭 䘋 蠒 蟜 蟭 蠽 蠞 蛣 䗻 蝔 蠘 蛶 䖭 䖼 蟩 虳 蚗 蟨 䗇 蚷 蜛 颶 螶 蛺 蜠 蚐 颽 䗧 䖱 燭 䖯 䖵 蜫 䗶 蠟 蝋 䗲 蟧 蛯 䬋 蜋 䖽 䖿 䘈 蛠 蜧 蠇 蠣 蚸 蟍 蝷 蝕 颯 䬆 䬅 䖥 攭 劙 㼖 䗍 䤙 瓥 蠫 欚 蟸 葻 嵐 蜽 螊 蟟 蟉 飉 飂 㒩 蛚 颲 䗜 飀 飅 䬟 蠬 蠪 螰 蠦 蠝 蜦 螻 蟇 䗫 螞 蠠 閩 蝐 䗈 䥰 蝱 蠎 䖟 藌 䖹 櫁 蠻 蟎 蝒 䖢 蛨 蟔 䘃 䘊 蠛 蚞 蝞 䗋 蟱 䖧 蝚 蟯 䘅 螚 蠰 蚭 蜺 蛪 䘌 䗿 蠥 䖡 蠙 䫽 䖰 蟚 蚽 螷 蠯 蛢 飃 飄 䗱 䬌 螓 蠄 蚙 螼 蜝 蚑 蚚 蚔 螧 螇 䗩 蠐 漒 鏹 繈 繦 蚈 蜸 蝵 虯 蛷 蟗 蠤 蛬 䶚 蝺 䖦 蟝 蠷 蚦 蝡 瀜 螎 蠑 曧 蜹 䬐 虄 䬃 鳋 螦 颾 掻 騒 騷 㲧 鰠 飋 蟴 螄 螔 蟖 颸 蜤 蜶 蜙 雖 䗏 䬒 颼 蜪 䬞 颱 蟘 蝪 䗊 蝏 螩 䖺 蛈 蚒 䳋 蜼 鉵 䂈 赨 蛻 䬊 颵 㵃 虵 蛥 蠂 蜄 螪 䬕 䖨 蝨 鯴 䗐 灗 䗮 薥 蠾 蠴 屬 鐲 㯮 㻿 䟉 䖳 蚻 瑵 虴 蟅 蟄 蟙 蛅 䗃 颭 濁 蠗 劅 蠿 斀 蟤 蚛 螤 囑 爥 灟 䕽 蝫 劚 钃 斸 矚 䌵 曯 䘄 䠱 欘 䖞 䘇 蚉 螡 蟁 螉 蝄 蛧 蚟 䗕 蟃 䘎 蚖 䖤 螐 蜲 蝛 蝟 颹 䬑 䗽 蟢 蠵 䖷 飁 蛵 䗌 䖮 蟓 蚃 蠁 蚿 䘆 蛝 䗾 蜆 䂅 蟰 蠨 蟂 䬘 蝢 蠍 蠏 蝑 糔 螑 飍 蝖 蜁 蠉 颴 䗠 䫼 䬂 蛡 䬄 虲 颬 㜄 䖲 䗼 蟳 螾 䖴 䬙 颻 蠮 蝆 颺 䬗 䗑 蛦 螘 䗷 蛜 䬁 䗟 䗡 䗎 螢 㶈 蠳 蝿 蠅 蝧 蛍 蝯 蜵 䖠 蝝 䬇 䗤 䗸 蚎 蚏 䗨 虶 蜟 斔 䬔 䫻 螸 蜏 䖻 䬀 䖣 䗢 蠌 蝬 䗥 蟕 蠈
附属根	贵字头	𠀐	虫	13	61	匮 愦 溃 篑 缱 聩 蒉 谴 贵 遗 遣 馈 𬯎	瀢 膭 䯣 貴 鐀 鞼 瞶 撌 匱 櫃 㙺 璝 䫭 䜋 䙡 缋 阓 靧 繢 闠 殨 㱮 圚 蕢 墤 嘳 嬇 簣 籄 䙌 潰 䕚 鑎 饋 瞆 䰎 聵 㚍 憒 樻 䠿 譴 䪈 䭤 鑓 繾 儙 遺 讉 藬 尵 穨 䅪 㿉 隤 僓 蹪 濻 䪋 䑊 壝
主根	月	月	月	204	453	㮾 䏝 䏡 䏲 䐃 䲢 刖 嗍 嘣 嘲 堋 塍 塑 塱 媵 崩 弸 搠 明 曌 月 朋 服 朏 朐 朓 朔 朕 朗 望 朝 期 朦 棚 槊 淜 淝 湖 溯 滕 潮 灞 煳 猢 玥 瑚 甩 盟 硼 筋 糊 縢 绷 肋 肌 肘 肚 肛 肝 肟 肠 股 肢 肤 肥 肪 肫 肭 肮 肱 肷 肸 肺 肼 肽 肿 胀 胁 胂 胆 胈 胍 胎 胖 胗 胙 胚 胛 胜 胝 胞 胠 胡 胣 胧 胨 胩 胪 胫 胭 胯 胰 胱 胲 胳 胴 胶 胸 胺 胼 脂 脆 脉 脍 脎 脏 脐 脑 脒 脓 脖 脘 脚 脞 脟 脬 脯 脱 脲 脶 脸 脾 脿 腆 腈 腊 腋 腌 腑 腒 腓 腔 腕 腘 腙 腚 腠 腥 腧 腨 腩 腭 腮 腯 腰 腱 腴 腹 腺 腻 腼 腽 腾 腿 膀 膈 膊 膑 膘 膙 膛 膜 膝 膦 膨 膳 膻 臃 臆 臊 臌 臑 臜 荫 菔 萌 葫 蒯 蒴 蓢 藤 蝴 螣 豚 蹦 醐 钥 镚 阴 霸 鹏 鹕 𦙶 𦝼	䑂 腤 䐿 䈈 㶚 䩗 覇 䃻 欛 壩 臏 䐔 䙀 痭 錋 鏰 綳 繃 傰 奟 䨜 塴 䏟 腷 䏢 胇 肶 䏶 朌 掤 覵 臕 膔 胉 肑 䑈 䏽 䣙 䐬 䐆 㱚 䏼 䐤 䐫 䐋 脨 膬 脺 膵 臎 脃 䐛 黱 脦 䐭 腣 䐎 膽 腅 䐷 䏙 腍 䐾 胅 腶 腖 䐗 䐁 膭 䏨 腞 遯 脰 胹 腝 䏪 膹 肨 䏎 鵬 膰 䐪 箙 萉 棴 胕 鵩 俷 蜰 胏 䏗 䐩 肐 臈 䐙 䐸 膕 腂 䐵 䐻 脵 胿 䏦 䐟 㬶 膠 䐧 䏜 胻 脝 㬻 䏷 䐄 肣 朚 奛 䐠 臛 肒 䑏 㬴 㗅 媩 箶 㾰 䩴 鍸 餬 鬍 衚 䠒 鰗 䭌 鶘 鶦 楜 膴 䐊 腄 肞 謿 䏚 䐜 肜 䏹 脭 腸 膓 脹 脪 肔 䏧 胵 腟 䑎 䐮 脠 膪 膗 朣 腏 膞 臅 䐍 䐢 䐇 䐏 䏛 荕 䐶 蘎 䐚 䐀 䐕 膌 脛 襉 㵎 蕑 鐗 瞯 繝 閒 礀 㶀 腳 膲 脻 脥 臇 朘 腃 䐘 䏐 臄 䏣 䏱 腵 胢 䐦 膾 臗 䏠 臘 朥 樃 朖 脼 朤 㙟 脷 䤚 譋 燗 䑌 朎 臁 臉 廫 膫 䊨 䇔 驘 鸁 䌱 腡 朧 䐂 臚 膢 膟 䐯 腀 霡 霢 脈 擝 橗 䑅 䏵 䐽 眀 䳟 朙 廟 䏞 䳮 胟 脄 脢 腜 䏬 脌 䐉 脳 腦 腉 膩 胒 䏔 膿 朒 脮 腇 膒 腢 褜 簲 漰 稝 剻 輣 鬅 㥊 磞 倗 胓 䏺 胮 膖 脴 䑀 䑄 腗 䏘 膍 萠 䏒 焩 腁 䈻 䔕 肧 肵 臍 鬜 膁 䐐 肍 葋 臞 䏕 肕 䑋 肰 䐞 朊 肗 䏰 膶 䐓 腬 䐹 愬 䏤 䐝 遡 膆 膸 䐣 籘 籐 䕨 虅 幐 謄 膯 騰 鰧 膅 朑 䐺 脡 䑚 胋 㬸 脫 迌 朜 㬿 䏴 脤 蕂 琞 橳 賸 勝 榺 鎙 㮶 㽰 脽 膄 䐒 䐱 䐲 䏳 䐑 㴨 㮳 䏖 㬹 㴯 䑇 胑 䐈 膱 䏯 膣 腫 膇 膼 䚴 䎳 膃 脗 肳 脕 㜲 奣 䐥 朢 仴 枂 臒 腛 㬳 腲 䑊 䏩 䐖 䐼 肹 䏮 䐅 膷 嫺 癇 撊 鷳 憪 僩 橌 臔 胘 㬵 膮 脇 膎 㵻 脙 䏫 䐰 焽 膤 䏏 臐 㿢 胦 䑆 肊 膉 㗴 䑍 臙 籝 籯 灜 㵬 䕦 贏 攍 䃷 膡 朠 䑉 蚏 鈅 岄 抈 䢁 跀 䏸 䐳 腪 脜 肬 臢 臓 臟 羘 葄 朡
附属根	青字底	⺝	月	144	411	㬚 䗛 䴖 佾 侑 俏 倩 削 前 剪 哨 唷 啃 喟 囿 圊 堉 堕 娟 婧 婿 宥 宵 屑 峭 崤 嵴 悄 情 惰 捎 捐 掮 撒 撤 散 晴 有 梢 椭 榍 氰 洧 消 涓 淆 淯 清 渭 湑 湔 滫 潲 潵 潸 澈 烠 焆 煎 煟 熊 狷 猜 猬 珛 琄 瘠 睄 睛 硝 碃 稍 筲 箐 箭 精 糈 绡 绢 翦 肓 肖 肩 肯 育 肴 肾 胃 胄 背 胤 胥 能 脊 脩 腈 膂 膏 膺 臀 臂 艄 菁 蒨 蛸 蜎 蜻 褙 诮 请 谓 谞 谫 贿 蹐 辙 逍 郁 醑 铕 销 锖 隋 随 隳 霄 霰 青 靓 靖 静 靛 鞘 馓 髓 魈 鲔 鲭 鹃 鹡 鼱 𫓶 𬒔 𬘬	絠 㱘 郩 矲 䆉 䥯 罷 䎱 襬 擺 㔥 藣 揹 䋳 偝 禙 鄁 㔨 龖 龘 㤫 趙 媠 䙃 䤻 嶞 陏 墮 㨊 鬌 憜 墯 䲊 䝐 橢 焨 㯐 㬼 膚 龔 龏 䐨 䐴 䨼 蛕 䜐 賄 䒆 瞮 勶 徹 脀 靗 磭 嘃 寵 䌬 傭 漘 䔚 䥎 脣 朞 稩 鶺 䨖 膌 塉 瀞 㵾 䝼 聙 靜 靘 鶄 靚 櫤 謭 譾 糋 葥 菺 猏 䶬 㨵 揃 擶 鬋 彅 椾 鵳 瑐 䊘 䅢 瓹 鵑 姢 裐 䅌 鋗 鞙 睊 䣺 絹 罥 羂 悁 㯞 梋 埍 㰐 揟 龕 褃 肎 錹 掯 肻 㘛 㙕 搚 靇 龗 膋 䒿 嚨 爖 籠 襱 瀧 蘢 䆍 龓 竉 蠬 龒 蠪 礱 㰍 驡 鸗 䪊 聾 鑨 龍 壟 矓 贚 隴 巃 巄 龐 䏊 䮾 攏 徿 曨 礲 儱 躘 櫳 䡁 朧 壠 瓏 豅 㡌 冐 䑵 䰪 褦 熋 䘅 螚 㴰 䏻 㔮 犤 龎 㨢 羆 䏌 湇 䏿 啨 請 濪 䞍 寈 掅 綪 儬 凊 䨝 鯖 郬 埥 錆 媊 䑶 篟 蔳 鎆 皘 騚 輤 偂 棈 顅 帩 誚 箾 㴥 鞩 䇌 陗 韒 踃 㺎 㣑 鏾 糤 䉈 饊 繖 橵 琑 碿 髄 䯝 䜔 㵦 瀡 遀 䭉 䢫 隨 膸 瓍 㻟 態 㑷 䐌 靝 靔 蓨 䜏 嫷 毻 撱 鰖 楕 堶 婾 偸 娋 䈰 䈾 萷 䔠 莦 蕱 颵 輎 髾 弰 綃 鮹 旓 䏴 腎 甧 揱 矟 䌃 兪 讋 轍 㯙 靕 崝 㛩 䶇 䑁 媦 詴 謂 䔺 䵋 痏 蝟 䬑 緭 㥜 鮪 脅 襲 臖 䨷 㲖 誵 焇 痟 銷 䴛 殽 䨭 㮁 嗋 熁 糏 脋 㴮 蝑 㞕 㨝 㣯 愶 㙝 潃 鏅 樇 䐰 㳙 䧎 駽 弲 㘣 胷 諝 䈝 稰 縃 㥠 偦 䱬 楈 壻 厭 壓 湚 洕 㣧 酳 䯚 餚 倄 嚈 擪 懕 靨 㩎 擫 浳 龑 魘 嬮 厴 饜 檿 黶 猒 㦔 懨 剈 肙 㾓 䬼 䏍 嫞 滽 䗤 鏞 䧡 㟾 鷛 牅 鱅 槦 喐 喩 焴 䘻 蘛 戫 㦽 蜟 逳 錥 䁌 㣃 䋭 㤢 㥔 俼 楡 栯 棛 哊 姷 䒴 䳑 迶 䀁 䆜 銪 峟 酭 牗 㮋 䞥
主根	口	口	口	1169	2974	㕮 㘎 㟃 㸆 㽏 䌹 䣘 䴙 中 串 乩 乱 事 亟 亶 亹 仲 伺 伽 佁 佑 佝 佶 佸 使 侃 侗 侣 俗 保 俣 倍 倘 倜 偌 傥 僖 僻 儆 儇 儳 兄 兑 党 兽 冏 冔 冲 况 冶 凋 减 凛 凳 别 刮 剅 剐 剖 副 割 劄 劈 加 劬 劭 劼 勋 勤 匐 匼 匿 卟 占 厨 口 句 另 叨 叩 只 叫 召 叭 叮 台 叱 史 右 叵 叶 号 司 叹 叻 叼 叽 吁 吃 吆 合 吉 吊 同 名 后 吏 吐 吒 吓 吕 吖 吗 君 吝 吞 吟 吠 吡 吣 否 吧 吨 吩 含 听 吭 吮 启 吱 吲 吴 吵 吸 吹 吻 吼 吽 吾 呀 呃 呆 呇 呈 告 呋 呐 呒 呓 呔 呕 呖 呗 员 呙 呛 呜 呢 呣 呤 呦 周 呱 呲 味 呵 呶 呷 呸 呻 呼 命 咀 咂 咄 咆 咇 咉 咋 和 咍 咎 咏 咐 咒 咔 咕 咖 咙 咚 咛 咝 咡 咣 咤 咥 咦 咧 咨 咩 咪 咫 咬 咯 咱 咳 咴 咸 咺 咻 咽 咿 哀 品 哂 哃 哄 哆 哇 哈 哉 哌 响 哎 哏 哐 哑 哒 哓 哔 哕 哗 哙 哚 哝 哞 哟 哢 哦 哧 哨 哩 哪 哭 哮 哱 哲 哳 哺 哼 哽 哿 唁 唆 唇 唉 唏 唐 唑 唔 唛 唝 唠 唢 唣 唤 唧 唪 唬 售 唯 唰 唱 唳 唵 唷 唼 唾 唿 啁 啃 啄 啉 啊 啐 啕 啖 啜 啡 啤 啥 啦 啧 啪 啫 啬 啭 啮 啰 啴 啵 啶 啷 啸 啻 啼 啾 喀 喁 喂 喃 善 喆 喇 喈 喉 喊 喋 喏 喑 喔 喘 喙 喜 喝 喟 喤 喧 喱 喳 喵 喷 喹 喻 喽 喾 嗄 嗅 嗉 嗌 嗍 嗐 嗑 嗒 嗓 嗔 嗖 嗜 嗝 嗞 嗟 嗡 嗣 嗤 嗥 嗦 嗨 嗪 嗫 嗬 嗯 嗲 嗳 嗵 嗷 嗽 嗾 嘀 嘁 嘈 嘉 嘌 嘎 嘘 嘚 嘛 嘞 嘟 嘡 嘣 嘤 嘧 嘬 嘭 嘱 嘲 嘴 嘶 嘹 嘻 嘿 噀 噂 噇 噌 噍 噎 噔 噗 噘 噙 噜 噢 噤 器 噩 噪 噫 噬 噱 噶 噻 噼 嚄 嚅 嚆 嚎 嚏 嚓 嚚 嚣 嚭 嚯 嚷 嚼 囔 回 圄 圆 圜 坫 坰 垌 垕 垢 埕 埙 埚 域 埫 培 堂 堇 堡 塔 塘 墐 墙 墡 壁 壑 壹 够 如 始 姞 姤 姶 娟 娱 娲 婤 婼 嫦 嫱 嬉 嬖 嬗 嬛 嬿 宫 害 容 富 寤 寰 尚 局 属 岣 峒 峪 峿 崿 嵅 嵩 嶝 巇 巉 帖 帜 帨 常 幅 店 廑 廪 弇 弨 强 彧 彭 徊 徜 忠 忡 怊 怠 怡 总 恕 恫 恬 恰 悒 悟 患 悦 惆 惑 惝 惦 惹 愕 感 慝 慥 慬 憕 憙 憩 憾 懔 懿 或 战 戢 扂 扃 扈 扣 抬 拈 拐 拘 招 括 拮 拾 拿 挹 捂 捃 捌 捐 损 掂 掊 掌 揖 搞 搪 搭 撑 撷 撺 撼 擅 操 擎 擐 擘 敌 敔 敞 敬 敲 斝 昫 昭 晗 晤 晷 智 暵 暿 朐 杏 枲 枳 枵 架 枷 枸 柖 柷 栝 桐 桔 桯 梏 梠 梧 棁 棓 棠 棫 椆 楫 榈 榕 榱 槁 槿 樘 樯 橘 橙 橱 檀 檗 檠 檩 欲 歙 殆 殒 殛 殣 殪 毡 氅 治 沼 沾 沿 泂 泃 泇 洁 洄 洞 洳 洺 活 洽 浛 浥 浩 浯 浴 涓 涡 涢 涪 淌 渑 渰 湉 溏 溚 溶 滘 漶 潏 澄 澍 澎 澡 澧 澴 澶 澼 瀹 灌 炯 炱 点 炽 烔 焆 焐 焓 焗 焙 煦 照 煲 熇 熔 熹 熻 燏 燕 燥 爚 爟 爨 牚 牾 牿 犒 犟 狗 狷 猞 猿 獾 玷 玿 珈 珵 珸 珺 琀 琄 瑀 瑢 瑭 瑾 璒 璥 璧 璪 璮 璺 瓘 瓿 甏 甓 甜 痂 痘 痞 痦 痴 瘩 瘸 癌 癖 登 皓 盅 盒 眙 瞎 瞠 瞩 瞪 瞽 矞 知 短 砧 硐 碉 碚 碱 磴 祐 祝 祠 祸 禀 福 禧 禹 种 积 秸 稆 程 税 稠 稿 穑 窖 窘 窜 窝 竘 站 竞 笞 笤 笥 笱 笳 笸 筒 答 筘 筥 筶 筼 箬 箴 篙 簉 籥 粘 糖 糙 糨 絮 织 绍 绐 结 给 绢 绤 绱 绳 绸 绺 缄 缉 缞 缟 缬 缮 缲 缳 罐 群 翀 翕 翯 翾 耇 耠 耥 职 聒 聪 肿 胎 胴 脱 脶 腭 膏 膙 膛 膨 膳 膻 臂 臊 臌 舌 舍 舐 舒 舔 舯 船 苔 苕 苘 苟 若 苫 茄 茗 茴 茹 茼 茽 莒 莙 莴 菩 萜 营 萼 葆 葴 葺 蒟 蒿 蓉 蓑 蓓 蔀 蔃 蔷 蕺 薜 薳 薹 藁 藻 虞 虽 蛔 蛞 蛤 蜈 蜎 蜕 蜗 蜘 蜩 蜮 蝇 蝠 螗 螳 蟛 蟮 衙 衰 衷 袁 袈 袷 裎 裔 裕 裙 裛 裳 褒 褓 褡 襁 襞 觇 觐 觱 觿 警 譬 识 诇 词 诏 诒 诘 话 诟 语 误 诰 说 诺 调 谔 谠 谨 谲 谷 谼 谿 豁 豆 豇 豉 豌 貂 贴 贶 贺 贻 赏 赒 赔 超 趟 跆 跏 踟 踣 踮 踽 蹚 蹬 蹰 蹿 躁 躺 轵 轺 辐 辑 辔 辕 辖 辞 辟 迢 迥 迦 迨 适 逅 逗 逞 造 逼 遹 避 邑 邕 邰 邵 郃 郈 郚 郜 郡 郢 郤 郧 部 鄀 鄂 鄅 鄌 鄗 鄙 鄞 鄯 酃 酅 酆 酩 酮 酲 酷 醅 醢 醴 鐾 钟 钷 钻 铅 铜 铝 铞 铪 铭 铷 铻 锃 锅 锆 锐 锔 锘 锫 锷 锿 镋 镎 镐 镕 镗 镩 镪 镫 镮 镵 问 闾 阅 阈 阔 阽 陨 陪 雊 雕 霹 靠 鞳 韶 颉 颌 颔 颚 颤 颧 飐 饕 饲 饴 饸 馑 馘 驶 驹 驾 骀 骂 骺 高 髫 髻 鬟 鲇 鲐 鲒 鲖 鲘 鲪 鲷 鲾 鳄 鳝 鳡 鳢 鳣 鸣 鸮 鸲 鸹 鸽 鹃 鹄 鹆 鹗 鹬 鹮 鹯 鹳 黇 黏 黠 黾 鼋 鼍 鼓 鼗 鼙 鼩 鼯 齁 龆 龉 龋 龛 龠 龢 𠳐 𣗋 𥔲 𥖨 𦭜 𨱏 𫍣 𫍯 𫍽 𫑡 𫓶 𫔎 𫖳 𫗴 𫫇 𬌗 𬜬 𬬿 𬭳 𬳶 𬶋 𬶮	噯 㗒 啀 嘊 溰 䔇 䶣 皚 鎄 隑 剴 獃 敳 敱 嵦 㱯 磑 㗨 凒 鯦 咹 啽 誝 媕 葊 盫 囂 㕭 䆟 嗸 哵 峇 㭭 巼 嘐 嚗 媬 䈏 藵 宲 襃 䭋 䯽 㲒 緥 賲 䳰 㙅 堢 唄 㗑 㠔 韛 喯 㮺 楍 嗙 鞛 㱶 琣 稖 䎧 邫 啚 嗶 娝 煏 湢 蘗 幤 䵗 稫 繴 鼊 鐴 躄 鸊 䁹 廦 䮠 畐 豍 鶝 䪐 䌟 鄨 韠 愊 㱸 偪 踾 䵄 躃 㳼 鰏 楅 腷 堛 闆 癛 稟 䁵 邉 爂 噃 㗘 蔔 糪 孹 㵨 擗 䢪 殕 檘 䞳 別 䇷 莂 㿜 咘 吥 婄 䍌 箁 篰 餢 勏 䳝 郶 䬏 廍 㨐 䪔 䴺 喸 䏽 㗗 䔒 䡶 㤳 桮 囃 䵽 鄵 䒃 襙 鐰 䎭 懆 鼜 啋 纔 䜺 艙 篬 滄 濸 蒼 獊 䅮 螥 倉 鶬 䢢 賶 嵢 傖 凔 瑲 㘂 詞 䓧 呰 啙 鈶 辝 䛐 枱 柌 囋 嘇 噆 喰 嬠 營 㸑 㗰 噈 㗤 啛 䙑 嶉 縗 吋 藪 㗳 呾 咑 噠 迚 㜓 荅 剳 㾑 鎝 畣 㿯 㟷 撘 㩉 䌋 䪏 䪚 憚 僤 㯓 匒 㙮 嘄 幬 䊭 裯 濤 薵 翢 㿒 䧂 隯 嶹 擣 噵 醻 儔 禂 禱 檮 軇 翿 燾 瓙 壔 詒 箉 軩 駘 紿 緿 懛 嬁 燈 艠 䙞 簦 䔲 竳 鐙 隥 䮴 㔁 鄧 㲪 䳾 覴 豋 僜 䠬 櫈 墱 噹 當 譡 䣣 㼕 㽆 瓽 讜 黨 艡 簹 襠 澢 灙 䣊 蟷 鐺 瞊 嵣 擋 攩 闣 礑 儅 檔 欓 壋 璫 唙 哋 啲 呧 嚁 䪘 磾 噡 㗖 啗 噉 嚪 鄲 啿 單 嘽 嘾 唌 㕪 譂 燀 䉞 簞 襌 澸 癉 蟺 㔊 勯 皽 㠆 㲷 䡲 撣 繵 彈 頕 覘 殫 儃 匰 䐷 壇 嚸 唸 㚲 詀 䍄 蒧 蕇 䀡 䩇 㓠 敁 奌 佔 跕 點 㸃 㼭 調 䂏 刟 簓 䳂 淍 㹦 㓮 彫 鵰 蛁 錭 鼦 屌 銱 䯾 軺 綢 㚋 奝 鮉 鯛 琱 喥 㖼 嚉 敓 䙤 痥 䯬 嚲 敚 奲 䠤 鮵 軃 啑 㗧 㥈 䩞 鐵 䪓 戜 㗢 㖦 姛 詷 狪 㢥 戙 迵 䆚 挏 駧 騆 㣚 絧 衕 㓊 霘 䞒 鼕 噣 韥 韣 豄 啍 兌 䬽 鋭 䬈 㟋 綐 㙂 噸 吺 氀 唗 唞 㛒 䛠 䇺 浢 荳 鋀 餖 㢄 郖 毭 㪷 闘 鬪 㤱 侸 䄈 饾 梪 脰 顎 㓵 卾 囐 啈 䣞 啞 㗁 呝 咢 噁 鶚 遌 遻 㖾 吪 覨 讍 諤 㛕 䑪 湂 蘁 妿 蕚 齶 鑩 鍔 㟧 㠋 䫷 悪 硆 㦍 佮 偔 鱷 鰐 櫮 㮙 䞩 堮 鞥 䭓 饐 㖇 唲 㕹 噴 哛 㖹 兺 鼖 㕫 灃 飌 蘴 寷 㠦 豐 㒥 僼 霻 靊 麷 鄷 豊 㕨 䪛 哹 咈 嘸 諨 䒄 䒇 褔 䓏 䓵 蓲 䔰 䕎 葍 䌿 冨 錇 鍢 㽬 輻 䋨 䋹 䵾 韍 䪙 䦣 䞸 䞤 嘠 㹢 誥 㵆 䓘 藳 㾸 吿 鋯 髙 勂 鎬 稾 槀 峼 櫜 縞 韟 暠 祮 祰 禞 鼛 䐩 㖵 嗰 吤 㗆 嘅 詥 㤎 鴐 秴 鉿 鞈 頜 㓣 鴿 韐 搿 韚 閤 戓 鮯 㭘 匌 咁 諴 㺂 㓧 䃭 鱤 鰔 豃 噲 摑 枴 柺 㫛 欟 咶 㗥 啯 㖪 嘓 㗻 㕵 幗 簂 渦 漍 濄 蔮 瘑 蝸 蟈 鍋 鐹 䬎 聝 䤋 咼 過 䂸 慖 楇 國 膕 堝 䙮 㴦 鸛 雚 觀 癏 舘 鑵 矔 䌯 懽 礶 䚪 鱞 鱹 權 嗊 㕬 莻 宮 匔 躳 嗗 唃 啒 呴 唂 薣 䶜 鵠 䀰 䜼 脵 皷 皼 鼔 逧 㸵 厬 巂 槶 郌 給 䯏 叧 啩 諣 煱 㶽 䈑 䒷 鴰 䯄 銛 銽 䀨 颳 劀 騧 緺 䫚 剮 歄 踻 䏦 趏 滾 蔉 袞 㗕 詬 訽 㽛 䑦 袧 茩 㺃 痀 蚼 䬲 鉤 䝭 軥 䪷 䵶 豿 鴝 韝 夠 區 耉 耈 鮈 坸 玽 哠 䪽 號 呺 嘷 噑 㙱 澔 滈 藃 薃 皜 䧚 㞻 聕 晧 䯫 悎 傐 鰝 㬶 嚡 㾂 㰧 㨟 還 䱺 䠽 啝 嚇 咊 喛 嗃 㗿 哬 謞 粭 燺 㵑 萂 賀 蠚 惒 螛 餄 㪉 欱 敆 䢔 䶎 䯨 鶮 峆 轄 㕡 㮫 㮝 䐧 噷 䣈 唅 哻 㘚 㖤 㘕 嚂 娢 嫨 䜗 熯 筨 漢 澏 㵄 灘 莟 䕿 馠 蛿 鋡 頷 顩 歛 㼨 䎏 㟏 㟔 岾 䫲 㰹 㨔 䣻 凾 䎯 㤷 傼 韓 梒 椷 谽 㙔 㙳 佪 炾 宺 怳 吙 咟 嚿 㗲 姡 萿 秮 秳 掝 䣶 旤 㓉 俰 䄆 䰥 禍 䱛 喚 嚾 孉 讙 糫 㶎 歡 酄 阛 蠸 鐶 攌 轘 驩 䍺 瞏 繯 䴉 貛 闤 懁 梙 槵 䴋 䑏 環 吰 呍 㖓 哅 嚝 叿 巆 彋 䃔 谹 䜫 谾 嘑 嘝 喖 嚛 㗅 熩 焀 簄 滬 蔰 頶 鋘 䧼 㨭 絗 䪝 戲 䚛 槴 嗀 壷 䞱 嘒 嚖 噦 噅 䛛 孈 諱 煒 褘 痐 䤧 鑴 㣛 韋 韢 違 恛 儶 鮰 椲 廻 迴 噕 㕷 㕦 㕲 嘩 䛡 話 蒊 舙 竵 搳 夻 䫟 㖧 㗃 䅱 焄 㖃 㗋 洉 㸸 銗 㰯 㤧 鮜 豞 䞧 㰻 嗏 劋 嘮 欩 䫿 眧 巐 紹 鼌 牊 趫 囆 喍 呫 喢 唓 䛸 揊 䋲 迠 㥉 㕴 嚫 㧱 嗆 罉 䇸 浧 㲂 蟶 鎗 鐣 鏿 饓 䧕 睈 搶 撜 撐 挰 摚 徎 悜 憆 侱 䄇 槍 橖 橕 檉 脭 嚐 甞 嘗 㦂 蟐 鏛 鋿 厰 廠 韔 闛 償 僘 儻 䠀 䱽 鱨 瑺 鼚 呹 噄 噭 嘯 喫 叺 呎 翤 呬 箈 湁 菭 齝 齣 䑛 饎 䶵 㙜 䜵 䜻 䮻 耛 㘜 㒆 丳 嚵 囅 辴 嬋 幝 讒 煘 艬 袩 襝 襢 瀺 灛 䵐 㺗 㺥 蟬 鉆 䫮 顫 鑱 饞 䂁 䧯 攙 䪜 繟 䦓 㤐 闡 㸥 禪 劖 酁 毚 欃 墠 膪 瘡 創 戧 愴 嚽 吷 㚟 㲋 賗 嘃 喠 沖 浺 䆔 祌 嘔 嘼 㗙 㡡 幮 蟵 㕏 㕑 廚 䜴 拀 貙 躕 櫉 櫥 䐍 龡 䫄 㖺 滣 㵮 嚋 吜 嬦 譸 燽 疇 籌 䔏 皗 㿧 䌧 懤 躊 䲖 魗 㦞 唫 嚍 嬐 嫤 謹 䈽 漌 菫 蓳 歏 斳 㹏 饉 㝻 覲 厪 㨷 䌍 僅 㗊 咭 喞 吇 嘰 哜 嗘 㘍 㗱 嚌 艥 䚐 箿 濈 湒 䕤 鄿 蘄 狤 㲅 銡 鞊 䩯 鍓 䁒 嶯 覬 毄 輯 結 焏 緝 茍 㥛 偮 賷 霵 極 檝 㭲 䐕 趌 郆 㞃 谻 䜘 蟼 㢣 憼 驚 競 擏 曔 梷 嵹 摾 謽 勥 䥒 減 䶢 囏 剣 劍 劎 鐱 劔 剱 劒 艱 瞼 險 䌠 䶠 撿 醶 緘 醎 鹸 鹼 鹹 礆 倹 儉 橏 検 檢 黬 堿 瑊 嘂 嘦 呌 嬌 譑 矯 簥 䙼 蕎 㹾 穚 蟜 隦 㠐 嶠 捁 撟 轎 驕 㩰 喬 敿 敽 鷮 憍 僑 蹻 䚩 鱎 橋 腳 卻 唶 喼 詰 袺 䕸 㔚 蛣 犗 擑 楶 跲 鮚 㮞 頡 迼 䛮 舏 麔 䰗 倃 呟 瓹 鵑 裐 獧 䅌 鋗 鞙 睊 韏 䣺 絹 罥 羂 悁 㯞 梋 埍 烱 浻 冋 㢠 䢛 駉 絅 綗 㤯 㓏 侰 僒 埛 啳 譎 屩 屫 鐍 鞽 龣 䤎 繑 繘 勪 憰 爴 璚 䰬 㘌 㖩 啹 簍 䈮 蔞 萭 䅓 寠 窶 鋦 屨 眗 挶 駶 聥 駒 貗 䪕 邭 䎤 怐 侷 僪 跼 蹫 䄔 跔 梮 䏱 䜯 䑝 唊 䕒 乫 毠 䂟 㚙 駕 鉫 䀫 䴥 拁 耞 鴶 㖥 呁 䇹 㴫 麏 鵘 覠 䜭 鮶 桾 呿 焅 䎋 䯪 髛 嵪 鯌 㪡 鎧 䁗 颽 凱 豈 暟 闓 愷 欯 塏 簻 薖 㝓 樖 龕 㕉 硞 㘛 薟 䁍 顑 轗 輱 偘 況 鋛 眖 貺 岲 軦 㚚 噋 筈 濶 葀 頢 懖 䯺 髺 韕 闊 䟯 桰 㗄 䧊 廤 嚳 俈 嘳 䯞 咵 䦚 㩲 嫗 釦 鏂 瞘 摳 彄 劶 敂 毆 剾 嚹 䖃 㖁 顲 瀶 澟 䕲 癝 㐭 麐 廩 悋 懍 臨 凜 檁 㗦 哰 咾 䝁 髝 䜮 唻 㖀 㘄 唥 哴 郒 唎 嚦 㕸 㘑 嚟 㗚 囄 囇 叓 㤦 禮 鱧 㘓 囒 囕 燷 燣 厱 壈 㖫 爧 䉹 蘦 䖅 麢 䡼 䡿 醽 㦭 䰱 霝 孁 䄥 靈 㪮 䴒 䚖 龗 櫺 欞 唡 喨 啢 噒 嗹 籢 籨 㶑 澰 瀲 蘝 蘞 㪘 㰸 斂 䌞 羷 殮 匲 奩 匳 臉 䝀 叾 豂 囉 囖 䊨 䇔 驘 鸁 䌱 腡 哷 䓟 䜲 㽞 嚠 綹 僂 臡 嚨 䥢 豅 㖨 嚕 嚧 䥨 婁 郘 呂 鷜 㛎 㡞 謱 焒 褸 漊 䕡 㾔 瘻 鋁 屢 鏤 瞜 捛 䮫 絽 縷 閭 慺 侶 櫚 樓 軁 膢 㻲 䨓 祱 㖮 䫫 嘍 髏 䣚 㪹 甊 遱 熡 艛 㺏 䅹 螻 鞻 㟺 嶁 廔 摟 耬 䄛 䱾 䝏 塿 嘜 㕰 嗎 駡 嚜 睰 䣖 呡 嘪 嚒 虋 哤 吂 壾 麿 幦 㗈 蔄 䜱 鳴 姳 詺 䊅 銘 眳 掵 㫥 佲 椧 喕 靣 䁧 嚤 嚰 嗼 嚩 唜 吀 哶 呅 槑 䜸 韎 踎 嗱 吶 挐 蒘 鎿 蹃 㕯 㕶 噥 㘈 嫟 嬺 䁥 暱 㥾 䘌 戁 難 攤 㬮 嚀 哖 秥 䬯 䴴 鮎 㖠 諾 逽 鍩 搻 㔮 掿 儺 㰙 喦 嵒 㖕 噛 嚙 囓 囁 㖏 㖖 㖻 㵖 㖸 啂 䘫 鐞 吘 謳 熰 䉱 䙔 筽 漚 藲 㰶 䥲 䧢 䌔 醧 慪 歐 敺 甌 鷗 樞 櫙 膒 塸 嚬 榀 㘐 呠 憉 蟚 㕩 嚊 㳪 憵 礕 鷿 疈 㨽 䫠 闢 礔 脴 䑀 噽 壀 呯 㗶 嘙 鉕 䪖 尀 舖 舗 㾦 賠 㟝 䫊 毰 轡 俖 㯁 哣 咅 犃 㰴 㧵 㕻 唚 瘽 螼 懃 㢙 䜷 吢 懄 噐 呮 唭 㖢 咠 諿 玂 䅩 憇 竒 嵜 騹 㣬 闙 唘 夡 榿 啓 啔 啟 啨 䯧 硘 㯳 嗴 啌 唴 嬙 謒 熗 艢 漒 薔 蘠 鏹 廧 䤌 牄 牆 繦 蹌 檣 墻 嗛 㗔 煔 䊴 燖 簽 蕁 鉛 僉 鍼 㢛 羬 谸 諐 檶 嘺 喿 幧 燆 菬 㝯 犞 鐈 毃 㪣 髚 髜 㢗 䎗 繰 䀉 韒 礄 碻 僺 槗 䵲 橾 墧 塙 㗫 籡 鐑 唒 㕤 㧨 叴 䜪 顴 勸 虇 巏 䠰 䟒 熍 竆 䁚 睘 瓗 㖆 㘗 葋 齲 胊 蝺 竬 嶇 驅 斪 絇 覻 鰸 翑 軀 唟 帢 䂒 硈 磍 冾 䨐 㓤 宭 㿏 㟒 峮 輑 帬 㪊 裠 羣 渃 韌 嘫 呥 䖄 䕼 䑙 㸐 鰙 楉 㘇 嫆 䈶 褣 穃 㼸 鎔 氄 䡥 搈 傛 咮 嗕 帤 桇 鴽 筎 袽 渪 蕠 㾒 銣 侞 䓲 䌼 銳 䂱 韖 㽂 氉 㿋 矂 髞 鱢 㘔 㗷 嗮 嘥 䈢 䉢 濇 瀒 穡 穯 轖 繬 闟 懎 嗇 㱇 喪 噝 㕽 泀 鉰 飴 飼 孠 覗 䏤 嗩 簑 㔯 吅 䛦 柗 䜬 囌 哸 嗺 雖 滖 䪎 損 䐣 籔 擻 櫢 嚃 嚺 咜 狧 䑜 闧 蹹 㯚 榙 䶀 墖 䶁 咷 飸 鞀 㹗 䬞 韜 㲈 㘆 嬯 炲 㷘 㸀 䈚 籉 孡 颱 㣍 擡 㬃 儓 鮐 囼 檯 坮 珆 㙵 臺 邆 霯 膯 鼟 啺 㜍 劏 煻 爣 糛 篖 䉎 漟 䕋 蓎 䅯 鎕 餹 㿩 钂 鎲 㙶 鏜 鞺 饄 䧜 矘 隚 㲥 㼺 鶶 䌅 醣 曭 磄 戃 傏 㒉 㑽 禟 榶 㭻 膅 赯 鼞 㗣 嗁 體 㖷 嚔 鷤 㖒 䛱 䣽 䪆 䌡 軆 嗿 嘆 譠 䉡 潬 䕊 舕 舑 癱 歎 擹 貚 暺 䃪 憻 憳 鞓 厛 唺 㖭 㶺 舚 䑚 甛 餂 酟 胋 䎄 萔 齠 㟘 岧 岹 㨄 祒 咃 鼉 説 莌 挩 捝 驒 䪑 碢 侻 鱓 脫 鐡 貼 驖 怗 䵿 㸗 粡 秱 痌 銅 餇 眮 峝 綂 晍 鮦 唋 莵 兎 圖 娧 蛻 駾 㖔 涒 㧷 呑 㖣 䕱 敨 㪗 頭 䱏 唦 倽 袑 卲 綤 䬰 㸛 佋 涻 䞌 舎 捨 騇 㢵 韘 㕥 㗂 呏 聖 尙 賞 鑜 鞝 贘 緔 呞 呩 㕜 簭 㳏 㹬 舓 䭄 鉂 乨 駛 兘 炶 笘 灗 痁 鐥 饍 䪌 䁴 繕 敾 歚 㪨 羶 㣌 磰 僐 䄠 鱔 鱣 檆 樿 䦅 㲤 䝄 數 哾 說 咰 㛸 㜐 裋 鵨 鷸 䜹 䝂 豎 樹 尌 璹 裞 涗 涚 稅 䭨 獸 㖟 獣 夀 壽 譗 㗬 箚 䆛 啅 妱 詔 炤 燳 䈃 巶 鉊 鍣 駋 㷖 䞴 䍉 鉙 抧 嗻 潪 啠 䝃 䠦 嚞 㖘 鱵 枮 㡠 㡧 證 塣 䆸 幥 礃 㘉 㗌 䛊 䝷 䵹 鼅 㲛 䓡 疻 㡶 豒 軹 馽 怾 倁 嗭 觶 椥 豑 䳅 胑 䟈 戰 嫸 讝 惉 䶨 䆄 蛅 饘 氈 鸇 邅 颭 驙 㣶 氊 霑 䡀 旜 趈 梲 囀 䡱 妕 筗 衶 狆 蚛 鈡 刣 㲴 囑 㔉 鑄 䪒 壴 㗓 撾 檛 膼 呪 喌 詋 郮 週 䧓 睭 賙 䎻 輖 徟 晭 霌 咓 啘 嗢 媧 韤 喎 㗏 㖞 夞 呚 韞 問 闦 脗 㜲 齆 攚 唍 㜶 瞣 贃 唩 萵 猧 窩 呉 吳 嗚 娪 誤 逜 啎 洖 䓊 茣 㹳 齬 窹 鋙 䫓 䎸 䮏 䦜 悞 悮 俉 祦 鯃 㻍 喡 喴 㖐 媁 幃 韑 䙟 湋 潿 菋 葦 蓶 鍏 斖 颹 軎 讆 讏 㣲 䘙 衛 衞 䍷 徫 緯 㦣 躗 躛 韡 暐 闈 韙 愇 偉 欈 圍 瑋 噺 㜦 襑 尋 興 釁 舋 㐰 㘊 焁 喺 㕧 㗩 唽 㗭 嚱 噏 吚 譆 嬆 㽯 熺 糦 㸍 潝 葈 㺣 蟢 蠵 㪧 翖 瞦 隵 䁯 䧍 㔒 䢄 㩦 驨 㣟 繥 雟 綌 㱆 䖒 㬛 恄 憘 礂 鱚 䵱 橲 椺 䏩 囍 歖 豀 㚀 哘 嬹 莕 䕟 臖 䊑 缿 䢽 䜶 㗽 㘋 啣 㘅 咞 嘕 哯 譣 㛾 㷿 㳭 湺 獫 玁 㿌 険 嶮 麙 豏 撏 憸 贒 铦 嚻 嘋 嘨 髇 㕺 㗛 咲 鴞 鷕 嘵 虈 獢 歊 䬘 毊 噧 㖿 㖑 嗋 讗 襭 䕵 龤 攜 擷 絬 纈 䦖 卨 垥 㐖 翓 㗜 譞 蠉 䩰 䧎 駽 弲 䚭 檈 㘣 詗 㚾 䧺 㗾 瀥 䆷 瞲 㗵 㖅 喣 噓 姁 聟 淢 獝 窢 䧁 欨 䣱 惐 㚜 㰲 㰨 㗇 烚 鶷 鎋 縖 䪗 祫 珨 谺 勛 嚑 㖊 噚 篔 潯 蔒 蟳 鄩 䠝 攳 鱘 樳 塤 壦 璕 唖 厑 聐 亜 㖗 噖 噾 㖶 䕾 荶 䜾 喓 䶸 嗂 讑 㵸 䆗 鑰 㔽 嚈 吔 㗼 嘢 㖡 䊦 潱 䭇 䱒 㘁 囈 呭 唈 㖂 嬄 訲 䇼 䉗 㵝 䕍 䓃 䔱 稦 螘 䢃 䭂 䞅 貽 顗 瓵 撎 郼 曀 㦉 伿 偯 俋 禕 豷 㱅 敼 㙪 亄 㦤 鷧 㘖 㘙 噞 嚴 喭 啱 碞 嚥 㗴 㕣 孍 䜩 讌 䉷 渷 灔 灧 灎 灩 齞 䶫 嬊 㷼 兗 酀 㬫 䴏 鷰 嵓 巖 巗 麣 嶖 艷 豓 豔 験 驗 揜 驠 釅 醼 㫟 曮 䖗 曣 礹 儼 䲓 觾 欕 黭 艶 臙 壧 塩 嚶 籝 籯 瀯 灜 䕦 㿘 㹚 贏 噟 攍 䃷 営 櫿 䑉 喲 員 剈 噮 鶰 肙 䛇 媴 褤 鼝 溒 薗 㾓 㥐 鎱 䬼 隕 轅 䬇 圓 園 榬 鼘 遠 嗈 噰 㜉 㴩 灉 彮 癰 㐯 㞲 廱 嵱 郺 愹 鰫 雝 塎 蘥 䶳 彠 鸙 閱 閲 悅 䠯 禴 䟑 噊 喅 喐 魊 喩 唹 噳 語 娯 娛 㽣 䢩 籲 䈅 澞 䍞 戫 稢 稶 㦽 䆰 㝢 䩽 饇 龥 䘱 袬 鋊 麌 驈 䜽 䮙 輍 緎 罭 㙑 閾 鸆 硲 傴 偊 㑨 俁 霱 䨞 鱊 楀 旕 䏸 螸 琙 慾 鵒 鄖 喗 䚋 㜏 㛣 熉 溳 蒷 䆬 韻 㩈 縜 頵 韗 愪 殞 磒 傊 霣 䞫 嚘 㗀 㕱 唀 哊 㤑 喒 唕 譟 煰 艁 䗢 栆 趮 渽 睵 賳 㖽 嘖 囎 鋥 諮 谘 剚 倳 趦 㘀 咗 㘴 搃 縂 哫 唨 噿 纗
主根	囗	囗	囗	119	357	䎖 䐃 临 亶 僧 凛 卣 卤 咽 啬 嗯 嘈 噌 囚 回 因 囡 团 囤 囫 园 困 围 囵 囷 囹 固 国 图 囿 圃 圄 圆 圈 圉 圊 圌 圐 圙 圜 堌 墙 增 姻 嫱 嬗 崮 嶒 帼 廪 徊 恩 悃 憎 懔 捆 掴 摁 擅 曹 曾 槽 樯 檀 檩 氤 泅 洄 洇 涠 涸 溷 漕 澶 烟 璮 甑 痼 矰 禀 穑 糟 缯 罾 胭 腘 膻 艚 茴 茵 菌 蒽 蔷 蛔 蝈 螬 赠 蹭 躐 遭 邋 鄙 鄫 铟 锢 镴 阃 颤 骃 鬣 鲴 鳣 鹯 鹾 𥕢 𫗴 𫚭 𬇹 𬘡	媼 啚 弻 㘠 癛 稟 㜖 褿 蓸 鏪 嶆 䏆 慒 傮 䄚 䐬 䉕 層 竲 䁬 驓 㣒 繒 㬝 橧 鹺 䴞 蟺 㔊 勯 皽 繵 儃 壇 㸃 䯬 囮 煾 䅰 㬟 朆 嗰 箇 個 䴚 噲 摑 啯 嘓 幗 簂 漍 蔮 蟈 慖 國 囻 囗 圀 囯 囶 膕 䓢 稒 錮 崓 㧽 䍛 凅 祻 鯝 棝 襘 癐 劊 繪 禬 椢 槶 檜 䓿 䥁 圅 佪 㘞 攌 圂 婟 䭅 絗 䛛 嬒 譮 燴 澮 薈 痐 䤧 會 䶐 瞺 䢈 徻 恛 鮰 圚 廻 迴 璯 獪 㮯 㨡 㥵 慁 梱 䆵 鏳 襢 顫 䴝 團 鹶 䇧 鹻 鹸 鹼 鹹 囝 蔨 囧 爴 㖥 箘 蜠 麕 攟 碅 棞 㻒 囥 䯤 糩 鄶 䭝 廥 鬠 儈 鱠 旝 膾 裍 涃 稛 稇 睏 綑 閫 硱 䠅 祵 爉 蠟 鑞 擸 䃳 儠 鱲 㯿 臘 顲 澟 䕲 癝 㐭 廩 懍 凜 檁 㮚 燷 燣 壈 鹷 䉭 獵 䪉 犣 䁽 鬛 㲱 䝓 巤 䜲 圝 圞 滷 蓾 鏀 鹵 硵 磠 樐 㔪 塷 㲶 䨓 圇 莔 朙 靣 䇱 笝 囜 㘝 朇 囨 圑 硘 䂩 嬙 艢 薔 蘠 廧 牆 檣 墻 鮂 鰽 圏 囸 䉢 濇 瀒 穡 穯 轖 繬 懎 嗇 㱇 鬙 䒏 㝛 囼 譠 䉡 䕊 䃪 憻 䄼 㐁 糰 㩛 団 檲 囲 圖 圕 図 圗 灗 䁴 羶 䄠 鱣 潧 䆄 饘 氈 鸇 邅 驙 㣶 氊 䡀 旜 膃 䴜 溫 搵 轀 鰮 榲 㘢 晩 㘤 䙟 潿 懀 䵳 圍 卥 㮭 䴛 禼 苬 㘣 㘡 圔 筃 裀 秵 銦 鞇 㧢 駰 絪 囙 䄄 圁 欭 栶 㔽 圛 夁 焑 㸶 鹽 珚 䀋 薗 圎 圓 囦 園 㴄 㒁 熅 蒕 薀 蘊 齫 氳 縕 醞 慍 囩 逌 䚃 㘥 㡟 䜊 㷮 醩 蹧 㯾 囎 譄 㽪 熷 䙢 贈 䰝 磳 鱛 璔
主根	宀	宀	宀	282	693	䓖 伫 佗 侘 倌 倥 倧 傧 剜 割 咛 咤 啶 喀 喧 嗐 嘧 噻 嚓 坨 垞 垵 垸 埪 塞 夤 姹 婉 婠 婶 嫁 嫔 字 宁 它 宄 宅 宇 守 安 宋 完 宏 宓 宕 宗 官 宙 定 宛 宜 宝 实 宠 审 客 宣 室 宥 宦 宧 宪 宫 宬 宰 害 宴 宵 家 宸 容 宽 宾 宿 寁 寂 寄 寅 密 寇 富 寐 寒 寓 寝 寞 察 寡 寤 寥 寨 寮 寰 崆 崇 帘 悰 惋 愃 戭 拧 按 挓 挖 控 搴 摈 撺 擦 晏 暄 曌 柁 柠 案 桉 棕 棺 椀 楦 榕 榨 槟 檫 殡 氨 沱 泞 浣 涫 涴 淀 淙 渲 溶 滓 滨 演 漴 灾 烷 煊 熔 牢 狞 狩 琔 琬 琮 琯 瑄 瑢 甯 畹 皖 瞎 砣 硿 碇 碗 碹 稼 穴 究 穷 穸 穹 空 穿 窀 突 窃 窄 窅 窈 窊 窍 窎 窑 窒 窕 窖 窗 窘 窜 窝 窟 窠 窣 窥 窦 窨 窬 窭 窳 窸 窿 筦 箜 管 箢 粽 纻 综 绽 绾 缤 缩 聍 胺 脘 腔 腕 腙 腚 膑 舵 苎 苧 茓 莞 菀 菅 菪 萣 萱 葖 蓉 蓿 蔻 蛇 蜜 蜿 褰 謇 诧 谊 豁 豌 贮 赛 跎 踪 蹇 蹜 蹿 辖 逭 邃 酡 铊 铵 锭 镓 镔 镕 镩 镲 陀 院 靛 鞍 额 馆 驼 骞 髂 髋 髌 鬃 鬓 鲩 鳤 鸵 鼹 𩽾 𬘫 𬙂 𬣞 𬭎 𬶍 𬸣	焥 咹 洝 荌 頞 䅁 䢿 鞌 鴳 䀂 銨 峖 㫨 侒 鮟 䆟 髕 濱 濵 賓 賔 顮 䨈 䚔 鑌 䧬 擯 鬢 繽 殯 儐 㯽 檳 臏 瑸 璸 寳 寶 寚 䴐 宲 窇 靌 㵥 屄 寎 窉 籩 獱 窆 邉 邊 臱 䟍 䃰 寀 筞 萗 㨲 窾 竄 鑹 攛 躥 婃 誴 䉘 孮 賨 賩 徖 碂 㝮 竁 趤 䧑 聜 䏄 埞 窞 顁 㝎 蝊 錠 掟 聢 椗 婝 㝪 窵 詑 㤞 㗧 氎 螲 㩸 㬪 䆚 詫 秺 竇 額 䆓 寷 䒇 䔰 䘾 㴦 痯 悹 鵍 窤 䗆 䩪 舘 錧 館 䪀 輨 悺 䲘 宮 窐 㨳 槣 捖 㝤 寉 螛 轄 㮫 楁 䗙 鋎 宺 䯘 䆠 寏 睆 綄 羦 䦡 䠉 䴷 鯇 䆪 焢 浤 䆖 宖 翝 竤 鋐 綋 䃔 硡 谾 寣 寭 搳 䴳 俒 梡 䕓 鑔 䤩 窲 烢 瀋 䆣 䆑 䆵 窚 竀 矃 腟 䆫 窓 窻 瑏 崈 䆔 寵 䆹 㓽 酧 濅 䆮 寖 漃 㲅 宑 穽 瀽 藆 弿 寋 騫 鑳 䮿 窌 㝏 犗 㝌 䆒 䆶 㙀 僒 泬 寠 窶 幏 糘 宊 鎵 傢 榢 寯 㝦 䘔 㪡 㝓 愙 窼 揢 愘 碦 㝩 䆲 羫 髖 窽 寬 寛 鑧 臗 涳 䅝 㲁 鵼 鞚 㸜 悾 椌 躻 㵠 窋 窺 簆 滱 蔲 宼 窛 䳹 㝝 哰 浶 窂 㟉 㨓 䜮 㝗 䆡 浨 䆾 㱨 爎 㵳 藔 竂 窷 㝋 屪 曢 㝫 竉 㨸 㑻 䡻 㝟 㝱 䀄 㝑 䈼 淧 滵 藌 蔤 㝥 䁇 宻 䌏 䣾 櫁 樒 䰋 㝠 䆩 宀 㝰 䫵 矈 矏 䰓 櫋 濘 嚀 嬣 澝 䔭 薴 獰 㝕 寕 寧 㲰 寜 䆨 鸋 寍 寗 䗿 䭢 鑏 擰 聹 鬡 㣷 儜 橣 檸 懧 㡦 嬪 薲 㺍 穦 馪 䎙 蠙 矉 驞 礗 䆺 審 諚 㝲 寑 寢 寴 寈 啌 㾤 䞿 㥶 攐 㩃 攓 㩷 㝯 䆻 竅 窯 竊 聺 䛪 熍 焪 藭 竆 宆 窮 䆳 䠻 㩁 䆽 磍 宭 嫆 䈶 褣 穃 宂 㝐 㼸 䢇 䇀 鎔 峵 䡥 搈 傛 宍 㛮 䑹 㘔 㗷 簺 賽 㩙 僿 䇁 䊉 䫅 㧲 俕 摍 縮 梥 㜚 䑿 㴼 㝛 樎 䈹 叜 䗏 䤹 䩳 䬒 廀 䮟 摉 咜 鉈 抭 䆱 寘 窴 窱 宨 袉 㼠 迱 㾃 㸰 鼧 岮 䡐 拕 駝 䍫 䪑 紽 䴱 鮀 鴕 涋 湥 鶟 鼵 㟮 揬 㻠 堗 㵃 嬸 讅 谉 渖 䆦 宷 穼 覾 㰂 㵓 實 宩 実 寔 䙾 鰘 榁 紵 瞚 㝊 垨 䆛 宱 䖳 搾 醡 瞾 㩟 寊 㡧 䆸 䥌 㗌 潌 膣 䘺 綻 䆯 窡 窧 詝 䇡 䍆 䘢 㝉 㿾 䆝 宔 竚 眝 貯 羜 㤖 佇 㑏 坾 宒 啘 溛 漥 穵 窪 搲 攨 䠚 㝧 㴏 䯛 唍 䛷 帵 䑱 䘼 䗕 惌 鋺 䝹 睕 䩊 捥 輐 綰 綩 晼 晥 倇 踠 埦 琓 窩 捾 㱧 窹 窏 寪 㔤 㝭 䜢 幰 瀗 憲 鶱 䘆 䧮 攇 㦥 櫶 宯 窙 炨 瀉 藛 㝍 寫 䥱 鏥 媗 諠 箮 藼 䆭 翧 䳦 蝖 鍹 睻 揎 縇 鰚 塇 䛎 袕 䆷 岤 䋉 坹 窢 鶷 鎋 縖 䵫 㝞 䆘 窫 噾 濥 蔩 㝙 㪦 螾 縯 殥 璌 㴭 䆙 窰 䆗 㝔 窔 宎 穾 䆞 柼 黦 誼 萓 寲 㝖 㝣 宐 䆿 寱 鏔 竩 䬁 椬 姲 㝚 䁙 騴 暥 鷃 鹓 寃 鵷 䥉 䩩 䡝 㝘 彮 嵱 愹 鰫 塎 䆕 䆢 䆰 㝢 㲾 寙 䴁 穻 鴧 鴪 䢓 㧒 軉 鴥 䆬 㩈 狖 㺠 䆜 貁 竃 竈 䔂 䏁 䮨 縡 㱰 䯔 綜 茡 荢 牸 榟 䌣 䑸 猔 骔 錝 騌 鯮 䝋 㝡 鶎
附属根	冖	冖	宀	171	544	㠓 䓨 䗖 亭 亮 亳 亹 侬 侵 停 傕 冗 写 军 农 冠 冢 冤 冥 劳 勃 叆 受 叠 哝 哱 唠 嗦 嗳 噎 嚎 嚏 埽 壑 壕 壳 壶 壸 壹 婷 嫒 孛 寝 崂 嵘 帚 带 幂 幪 彀 忱 恽 悖 悫 懵 懿 挥 捞 授 探 斝 晕 晖 暝 暧 朦 枕 桲 榖 榷 檬 殪 毂 毫 沈 沉 泻 浑 浓 浡 浸 涝 深 渟 渤 溁 溟 溹 滘 滞 滢 潆 濠 瀔 爨 爱 牵 獴 珲 琛 瑷 璺 甍 疐 痨 皲 眈 睿 瞑 瞢 瞬 礞 祲 秾 索 縠 绶 罕 翚 耢 耰 耽 脓 脖 舜 艨 茔 茕 荣 荤 荥 荦 荧 荸 莹 莺 萤 营 萦 葶 蒄 蒙 蓂 蓥 薨 薹 蝾 螟 蠓 裈 觳 诨 豪 赍 辉 郓 铹 锓 阌 隺 饽 馞 骎 鸩 鹁 鹤 鹲 𫭼 𫶇 𬘘 𬪩	噯 嬡 薆 皧 鑀 瞹 曖 懓 僾 靉 鱫 愛 璦 爂 髉 㶿 㴾 葧 㹀 䪬 鋍 餑 㟑 㩭 挬 壆 侼 㪍 郣 鵓 豰 誖 㫲 愂 㩞 辤 營 㸑 艜 帯 蔕 帶 䠠 遰 㿃 螮 廗 懛 蹛 㯂 慸 嵽 摕 㦅 僀 䐭 墆 㕪 妉 帎 衴 㴷 䪴 沊 瓭 抌 馾 髧 紞 酖 伔 黕 躭 䏙 碠 疉 㲲 䴑 畳 疂 疊 㩹 曡 読 涜 㓃 㸿 蠧 㼂 饐 婦 䒄 冨 綍 嘠 稁 檺 㕢 黆 濲 䐨 穀 糓 轂 皼 蘬 帰 歸 渾 睴 緷 㫎 璭 㜌 㝅 㨌 譹 籇 薧 蠔 䧫 㠙 㩝 儫 鶴 㿥 䮤 㕡 靏 鑅 浫 䑟 篧 搉 鯶 謍 䎕 巆 黌 瀫 㴶 觷 礐 㽇 㯛 㷤 㺉 嗀 螜 壷 壺 媈 輝 煇 瀈 㹆 彚 揮 䌇 彙 暉 禈 翬 楎 琿 學 諢 葷 顐 餫 鼲 䡣 䮝 㑮 堚 鱟 嘮 㕴 訦 䒞 莐 㽸 䤟 鈂 賝 揨 霃 䁎 滯 懘 棎 僢 㴆 濅 䆮 寖 鋟 埐 賫 賷 瞉 灚 攪 覺 熒 鎣 瀅 䁷 㲄 瑴 冣 䑝 斚 戞 濬 皸 軍 鍕 皹 䜭 䝍 㼱 殼 肎 肻 坈 冚 嚳 巋 㡓 褌 鶤 壼 㓂 冦 䍍 鷇 冧 䜎 勞 䝁 䃕 憥 簩 澇 癆 蟧 鐒 髝 嶗 撈 耮 憦 磱 僗 䲏 橯 軂 朥 喨 煷 湸 膋 䒿 敹 犖 売 虋 嫇 㜴 䙦 䉚 䙩 溕 濛 顭 蘉 鄸 氋 夢 䠢 䒐 鸏 䑃 鼆 㝱 冡 夣 䥂 饛 矒 矇 㩚 䰒 䤓 曚 懜 懞 儚 䴿 䵆 霥 靀 䲛 䴌 䑅 㙹 幎 熐 䈿 冪 冞 冖 鼏 㨠 塓 猽 䫤 鄍 䒌 覭 㟰 䏃 慏 凕 䄙 榠 薎 獶 㶶 塜 㛘 唚 誛 䈜 㱽 㝲 㾛 寑 寢 䜷 駸 綅 㓎 鮼 梫 䧵 檾 䯧 棾 牽 鏲 撁 縴 㯠 殻 焭 煢 㒌 儝 橩 確 㲉 愨 慤 擾 㘇 嬫 嵤 榮 爃 蠑 嶸 㪫 叡 壡 瓇 掃 鎍 㮦 㤾 䅴 䖛 䞽 涭 㘆 嬯 籉 䑓 擡 㒗 儓 檯 臺 㗣 嚔 䶑 殢 㽎 醓 諪 蝏 嵉 聤 楟 驝 槖 葠 蓡 薓 邥 罙 魫 堔 冟 蕣 橓 䴄 㖟 䛵 綬 㥅 萙 鴆 㓄 㼉 㛿 㜼 䡹 懥 塚 箒 菷 㫶 鯞 瘒 閿 㹙 攚 㓁 䮸 䑁 䜜 燰 斖 釁 舋 㙾 嫈 滎 䯹 斆 斅 澩 䙊 冩 䪥 䥾 璿 㶅 燢 嶨 鷽 雤 㰒 続 舝 㽦 冘 䊦 潱 嬄 冝 撎 曀 㦉 豷 㱅 㙪 亄 㦤 鷧 壱 禜 縈 螢 䁝 褮 瑩 罃 䪯 甇 鶯 覮 塋 瀯 濙 瀠 㶈 灐 濴 濚 藀 㿘 㹚 鷪 礯 櫿 蒬 醟 㹊 䥃 䜡 爩 灪 䖇 蒮 鬰 鬱 欎 喗 齳 鄆 運 䩵 賱 㟦 韗 暈 惲 腪 㚃 嚘 瀀 蒏 䥳 亴 㱊 憂 鄾 纋 懮 優 櫌
附属根	学无子	学无子	宀	9	9	喾 学 峃 搅 敩 觉 鲎 黉 𬒈	撹 覚 労 栄 鸴 泶 営 蛍 鴬
附属根	党字头	党字头	宀	25	72	䣘 偿 傥 党 嘡 堂 嫦 尝 常 掌 撑 棠 樘 牚 瞠 膛 螳 裳 谠 赏 蹚 镋 镗 鲿 𣗋	噹 當 譡 䣣 㼕 㽆 瓽 讜 黨 艡 簹 襠 澢 灙 蟷 鐺 擋 攩 闣 礑 儅 檔 欓 壋 璫 䟫 罉 鐣 鏿 饓 撐 摚 憆 橖 橕 嚐 甞 嘗 㦂 蟐 鏛 闛 償 儻 鱨 瑺 劏 坣 爣 糛 䉎 漟 㿩 钂 鎲 㙶 鏜 鞺 饄 矘 隚 曭 戃 㒉 㑽 鼞 賞 鑜 贘 㗬 幥 礃
附属根	帝字头	帝字头	宀	26	40	傍 啻 啼 塝 媂 帝 搒 旁 榜 滂 碲 磅 禘 缔 耪 膀 蒂 蒡 螃 谛 谤 蹄 遆 镑 鳑 𤧛	嗙 嵭 髈 嫎 謗 艕 㿶 䩷 鎊 䧛 騯 徬 縍 牓 諦 渧 揥 締 偙 䱱 楴 腣 䫕 鰟 膪 㡣 篣 䄘 䅭 䒍 覫 㥬 䠙 䨦 霶 褅 鍗 鶙 崹 㛳
附属根	囊字头	囊字头	宀	7	11	囊 囔 攮 橐 蠹 馕 齉	㰆 櫜 㯻 灢 饢 嚢 儾 欜 㚂 㯱 蟗
主根	尸	尸	尸	124	281	䓛 䴙 伲 倔 偓 僻 冁 刷 劈 卢 呢 唰 喔 嘱 噼 坭 垆 墀 壁 声 妮 娓 媚 嬖 孱 尉 尸 尻 尼 尾 尿 局 屁 层 屃 屈 屉 届 屋 屎 屏 屐 屑 展 屙 属 屠 屡 屣 履 屦 崛 嵋 幄 怩 慰 掘 握 搌 摒 擘 旎 昵 栌 楣 榍 樨 檗 殿 泥 泸 涮 渥 湄 漏 潺 澼 焗 熨 犀 瑂 璧 甓 癖 癜 眉 瞩 碾 磬 窟 罄 羼 胪 脲 臀 臂 舻 艉 蔚 薜 螱 襞 譬 轳 辗 辟 避 郿 鐾 铌 锔 镅 霨 霹 颅 馨 骣 鲈 鳚 鸤 鸬 鹛 龌 𬬻	㞎 濵 賔 㯽 㠔 蘗 屄 繴 鼊 鐴 躄 鸊 䁹 廦 䌟 㱸 躃 埿 偋 糪 孹 㵨 擗 檘 䡶 層 艙 篬 滄 濸 蒼 獊 䅮 螥 倉 鶬 䢢 賶 嵢 傖 凔 瑲 㞖 䲿 㞟 澱 壂 屌 䙱 㞘 屝 啒 淈 䅽 䡰 㯏 撀 戸 䅏 嗆 鎗 搶 槍 䱽 䜄 謘 䙙 穉 㓾 杘 迡 遅 遟 遲 徲 㥡 柅 囅 僝 蹍 榐 瘡 創 戧 愴 孎 䠧 㞋 㞓 㞛 隦 㞏 屆 誳 䘿 屩 屫 鶌 崫 䠇 㭾 㻕 䞷 泦 鋦 屨 㞐 凥 挶 駶 䎤 侷 跼 梮 䏱 㘲 䯌 髛 殸 㵠 堀 㞠 㲆 屪 鏧 屢 瘺 屚 幦 屘 䰨 煝 䉋 篃 葿 猸 蝞 鎇 鶥 睸 䜸 堳 㜨 摨 搱 䛏 䘦 苨 狔 秜 馜 痆 蚭 鈮 眤 㞾 抳 䝚 屔 跜 胒 㿦 輾 㳮 㞙 㡪 䌂 憵 礕 鷿 闢 礔 䑀 壀 幈 簈 箳 屛 竮 塀 㞚 迉 謦 㷫 漀 謒 熗 䤌 牄 蹌 㞗 镼 㞞 碿 㲈 漽 屜 屟 屇 潳 䣝 鷵 廜 㞜 臋 㩔 聲 屍 鳲 蠾 屬 㕞 屒 樼 稺 䆈 㜊 㞡 䬤 轏 驏 䱼 㻵 囑 爥 灟 㔉 劚 钃 斸 矚 䌵 曯 䠱 欘 媉 齷 䠎 楃 腛 箼 剭 煀 䊊 䇻 浘 荱 藯 犚 叞 褽 㞑 䬿 㷉 屗 捤 罻 䲁 梶 䞔 墛 㕧 屭 㞒 屖 䐖 䐅 趘 毊 糏 㴮 屓 屧 㞕 㨝 㣯 韾 㞔 䢃 嶎 㞌
附属根	户	户	尸	50	101	偏 匾 启 唳 妒 庐 户 戽 戾 房 扁 扂 扃 扅 扆 扇 扈 扉 扊 护 捩 掮 昈 棨 沪 炉 煸 煽 牖 犏 碥 篇 綮 编 翩 肇 肩 芦 萹 蝙 褊 谝 蹁 遍 雇 驴 骗 骟 鳊 𡎚	阸 䐔 㻞 斒 糄 艑 㴜 藊 猵 稨 鍽 䡢 揙 徧 編 惼 牑 鯿 㲢 甂 鶣 㞈 䈆 晵 呝 㧖 軶 砨 豟 戹 僱 顧 㧁 熩 粐 簄 滬 蔰 㨭 槴 帍 㦿 鳸 䋀 㧀 菺 猏 鵳 扄 淚 䓞 蜧 錑 綟 悷 㑦 棙 睙 舮 鈩 䡎 魲 枦 㪐 馿 㴃 涙 椖 媥 諞 㾫 騙 楄 㓲 㼐 騗 闙 啓 啔 䋯 啟 䁈 䁉 䏿 䋜 顅 淭 戻 㧂 戺 謆 䥇 䡪 搧 騸 傓 䦂 肁 肈 焈 㦾
附属根	戶	戶	尸	1	4	所	戶 齭 乺 㫹
附属根	尺	尺	尸	10	12	咫 尺 尽 庹 昼 浕 烬 荩 赆 迟	鈬 呎 蚇 䝲 侭 粎 釈 訳 駅 沢 択 伬
主根	禾	禾	禾	127	468	㰀 䅟 䐃 乘 倭 剩 和 啾 嗪 囷 委 季 嵇 嵊 巍 悸 愀 愁 揪 曦 楸 榛 湫 溱 潲 瀔 爔 琇 瑧 痿 盉 瞅 矮 禾 秀 私 秃 秆 秋 种 科 秒 秕 秘 租 秣 秤 秦 秧 秩 秫 秬 秭 积 称 秸 移 秽 秾 稀 稂 稃 稆 程 稌 稍 税 稑 稔 稗 稙 稚 稞 稠 稣 稳 稷 稹 稻 稼 稽 稿 穄 穆 穑 穗 穙 穜 穟 穰 簃 绣 羲 臻 莠 菌 萎 萩 蓁 藜 蝌 诱 诿 踒 透 逶 酥 锈 锹 颓 颖 香 馝 馞 馥 馧 馨 鬏 魏 鳅 鹙 麇 黍 黎 黏 黧 龢	馤 䅬 躷 䅖 馣 䅁 䆉 薭 䭰 稖 䵗 稫 䄶 秚 癛 稟 藊 稨 䅺 穮 䭯 秡 馛 穛 䭱 穪 秿 穇 䅾 䅮 穳 䆊 稲 䆃 䄪 䅜 䵔 秺 瀩 䅰 䆏 馩 秎 馚 䄱 䫝 䄮 稪 馡 藳 䆁 稁 稾 秴 䅥 㷴 稈 㿆 䆐 稒 穀 䅽 䅅 秏 啝 咊 姀 訸 萂 䒩 䅂 惒 穒 鉌 柇 䦭 馠 穔 䅣 䅿 秮 秳 穫 俰 䅏 穢 䅱 䅙 䅊 秅 㢉 䄻 稱 溗 䕝 騬 塖 䅛 謻 穉 黐 邌 種 䅷 䅳 䊬 㵞 醔 矁 偢 㳵 㴕 蒩 㛷 稘 積 穖 嵆 穊 稩 穧 癪 痵 鑙 廭 㑧 鯚 㻑 秔 稉 稴 䄯 馢 䅐 煍 穚 㡑 湬 稭 鞂 揫 稵 穋 䅢 䅌 蘔 䅃 穱 䅓 䅕 䵕 㖥 箘 蜠 麕 攈 攟 碅 棞 㻒 䈖 萪 犐 嵙 䌀 穅 穬 䅝 秙 稛 稇 䠅 澟 廩 懍 凜 檁 䅘 㥎 薐 稜 嚦 嚟 讈 爏 䉫 瀝 菞 藶 䔉 蔾 㺡 䊍 剓 䅄 䖿 䴻 䵓 犂 秝 睝 䅻 錅 棃 鯬 鵹 穲 癧 㿨 䥶 鑗 㠣 歷 厤 㻺 㠟 曆 磿 㽁 攊 轣 䍥 䍽 㱹 礰 儮 靂 靋 櫪 䟐 壢 瓑 瓈 燣 壈 秢 䆂 㟀 䄦 䅀 䆍 稤 穞 穭 稐 䅹 䅦 穈 瓾 䅒 䅼 䆀 䅞 䵒 䵑 秜 馜 秥 䄭 䄹 秊 穤 稬 䵜 穠 婑 錗 餧 鯘 腇 黁 䅶 穦 馪 稝 䅭 秛 秠 䄸 嫀 螓 䵖 䅩 諬 䅤 䅲 䄫 䵛 鍫 鍬 藒 稧 穕 秌 篍 蘒 媝 穐 蝵 䆋 龝 鶖 䨂 鞦 䎿 鰍 䐐 䅚 穘 捼 秂 秹 䄧 穣 䄾 穁 穃 䅑 䄲 䬐 㢻 緌 㮃 穡 穯 俬 䅴 犧 囌 蘇 蘓 稡 㢝 䅇 穌 櫯 䅗 穂 䵚 䅯 蕛 䄺 䅠 稊 䅍 䄼 䄽 秱 䛢 馟 鵚 禿 痜 鋵 蘈 䫋 穨 頹 頺 頽 䅪 㿗 㞜 綉 䞬 蕱 䵘 䅸 䄷 秲 潻 䢤 稅 䵙 獉 搸 轃 縥 殝 䕌 秓 稺 秖 秇 秪 䆈 秷 䆄 䕴 䅵 秼 稕 甃 㾭 僽 穏 穩 䅋 唩 涹 㹻 䰀 諉 蘶 犩 䭳 覣 蜲 䴧 崣 㣦 䍴 馫 䂀 萫 稥 麘 楿 馦 䄳 秈 䆎 褎 銹 璓 䅡 稸 稰 稄 䅉 稏 䄰 䅧 秵 熪 䔟 萟 穓 䄬 䭲 稦 䄩 䄿 穎 䅈 㷏 㐯 穥 稢 秗 䄨 稶 秐 唀 誘 秞 䅎 蜏 䆅 䅔 秄 䅆 秶 稓 秨 稯 踿 穝
主根	利	利	利	9	24	俐 利 梨 浰 犁 猁 痢 莉 蜊	誗 鋓 䂰 唎 娳 筣 䔣 䔧 䖽 鋫 㴝 悡 䱘 䵩 蟍 鏫 䬆 峲 鬁 悧 鯏 梸 脷 琍
主根	匚	匚	匚	68	172	㧟 䝙 伛 偃 匜 匝 匠 匡 匣 匦 匪 匮 匹 区 医 匼 匾 匿 叵 呕 咂 哐 堰 奁 妪 嫕 岖 怄 惬 慝 抠 揠 枢 柩 框 榧 欧 殴 汇 沤 洭 瓯 疟 眍 眶 砸 笸 筐 箍 箧 篚 繄 翳 苉 虐 蝘 讴 诓 谑 躯 郾 钷 驱 鸥 𫭟 𫸩 𬉼 𬸘	㿄 㗨 仺 匨 匰 匵 匚 匥 蓲 㥱 㔶 臦 臩 篐 匱 㔳 匭 櫃 㙺 區 㭱 㔰 匢 匫 滙 㨤 㒑 匯 嘔 貙 匞 䞪 匶 匛 燛 匷 匟 擓 誆 筺 䒰 䖱 軭 恇 劻 邼 㑌 匩 籄 䕚 鑎 嫗 鏂 瞘 摳 彄 毆 剾 匲 奩 匳 㧜 澑 羀 癅 鐂 飅 畱 驑 駵 䱖 橊 桺 璢 㔷 戼 嫟 嬺 䁥 暱 㥾 䘌 瘧 㖸 謳 熰 䉱 䙔 漚 藲 䥲 䧢 䌔 醧 慪 歐 敺 甌 鴎 鷗 樞 櫙 膒 塸 鴄 䏘 鉕 尀 檶 篋 愜 㰼 㥦 匧 嶇 驅 駆 匤 鰸 軀 㔯 匴 㔸 䑞 䡱 籒 黳 匸 煕 㔵 謔 筪 陿 椻 蠮 蘙 弬 殹 㔴 嫛 贀 鹥 䗟 毉 瞖 瑿 醫 䃜 悘 鷖 㙠 褗 䤷 鼴 䞁 隁 愝 匽 㰽 鶠 鰋 躽 嬽 䆰 䩽 饇 傴 匬 㔱 丣 鉔 㮜
附属根	凵	凵	匚	98	270	㵐 凶 凼 函 凿 劂 匈 厥 吨 啮 嗍 嗤 噘 噙 囤 坉 垴 塑 墼 婳 媸 屯 崡 弢 忳 恼 扽 搠 摛 撅 擒 朔 槊 橛 檎 汹 沌 涵 溯 滍 漓 炖 獗 璃 画 盹 砘 离 禽 窀 篱 纯 缡 肫 胸 脑 莼 菡 蒴 蓠 蕨 蚩 螭 讻 蹶 逆 邨 酗 醨 钝 镢 阙 顿 饨 鬯 鬷 魑 鲀 鳜 齿 龀 龁 龂 龃 龄 龅 龆 龇 龈 龉 龊 龋 龌 𠙶 𫠜 𬹼 𬺈 𬺓	䶣 䶕 齙 屮 艸 齰 齹 縐 趨 齻 頓 噸 鈍 庉 伅 䣞 遻 㖾 齶 齾 磀 㦍 䶜 離 嶡 鱖 齕 㖤 䈄 䘶 蜬 䤴 顄 凾 䨡 㮀 㞷 礊 哅 芔 䶤 㓰 畵 䶪 謅 煼 㥮 齜 齓 齔 㷰 齝 㺈 䶔 齣 歯 齒 黐 䧝 瞝 㡿 攡 妛 䄜 麶 樆 㱀 䥀 䩶 䎫 齱 齪 鑡 㗙 媰 蒭 齭 齼 䶥 䅳 犓 鶵 雛 芻 䐢 䓐 芚 蒓 萅 㝄 旾 䣩 純 杶 篘 䪮 搊 㮲 齽 䶖 蘻 䶩 擊 繫 蟿 轚 檕 屰 䶢 䶠 艐 屆 䁓 齨 䙠 灍 瘚 蟩 鐝 蟨 嶥 憠 蹷 橜 鷢 欮 闕 䶙 齟 鄒 䶗 齦 凵 凷 匩 䶛 囄 謧 褵 䙰 籬 灕 蘺 䶘 䅻 蝷 䍠 縭 䍦 㒿 㒧 㰚 齡 齢 茻 悩 脳 齯 縌 噛 嚙 囓 糱 孼 蠥 櫱 齧 齵 蠄 䶞 齮 罊 㧄 齤 齲 䶚 騶 䶝 愬 㴑 遡 詜 齠 㹠 飩 軘 㼊 旽 霕 魨 豘 黗 儍 䶡 齛 旹 鎙 㮶 㪿 䶨 㑳 訰 迍 䑼 皺 瓲 齷 齬 雟 䶟 齘 齥 㔎 訩 詾 洶 㐫 忷 恟 兇 胷 辥 䣴 齖 齗 齩 䶧 揺 㟅 齸 齞 䶫 齴 㜧 爩 灪 䖇 鬰 鬱 齳 齫 㚃 䶦 齚 糉 糭 䈦 葼 猣 稯 蝬 鍐 鑁 嵏 嵕 㨑 騣 鬉 㣭 䍟 緵 㚇 惾 翪 鯼 㯶 椶 朡 堫 齺
附属根	冂	冂	匚	194	550	㛚 㭎 䌹 䎃 丙 亹 侗 俑 倘 偁 偏 内 冈 冉 再 冏 刚 剐 勇 匾 南 同 呐 呙 哃 喃 嗣 嗵 嚆 坰 垌 埇 埚 埫 墉 娲 婻 媾 尚 岗 峒 嵩 嶲 庸 徜 恫 恿 惘 惝 慵 扁 扃 捅 搞 敞 敲 斠 昺 枘 柄 桐 桶 楠 槁 橘 氅 汭 泂 洞 涌 涡 淌 潏 瀹 炯 炳 烔 煸 熇 熥 燏 爚 爨 犏 犒 献 璺 甬 甯 病 痛 瘸 矞 硐 碥 祸 稿 窝 筒 篇 篙 篝 籥 糒 纲 纳 绱 编 缟 网 罔 罱 翩 翯 耥 耩 聃 肉 肭 胬 胴 脔 脶 腐 腩 膏 芮 苒 苘 茼 莴 萳 萹 蒿 藁 蚋 蚺 蛃 蛹 蜗 蝙 蝻 衲 裔 褊 觏 觿 讷 诇 诵 谝 谲 谳 趟 踊 蹁 躺 辋 迥 通 遍 遘 遹 邴 鄗 鄘 酅 酮 钠 钢 铜 锅 镐 镛 陋 鞲 鞴 骗 高 髯 魍 鲖 鲬 鳊 鳙 鹬 龠 龢 𡎚 𤩽 𪩘 𫍣 𫔎 𬳶	氞 䐔 㻞 韛 幤 斒 苪 寎 窉 鈵 鞆 眪 陃 抦 昞 怲 糄 艑 㴜 藊 猵 稨 鍽 䡢 揙 徧 編 惼 牑 鯿 㲢 甂 鶣 爂 㞈 䢪 㿜 癟 犕 㣁 備 僃 憊 㷶 㸢 肏 冊 胔 辭 㸑 膥 䪏 侢 䣊 䏑 耼 䙤 姛 詷 筩 狪 㢥 戙 迵 䆚 挏 駧 㣚 絧 衕 㓊 霘 䞒 擜 錀 㑂 藳 㾸 髙 鎬 稾 槀 縞 暠 禞 㪅 䌄 焵 焹 罁 溝 剛 岡 犅 鋼 㟠 崗 掆 㧏 綱 碙 棡 堈 㗻 渦 濄 瘑 蝸 鍋 鐹 咼 過 楇 堝 淪 綸 巂 諣 煱 㶽 䈑 䯄 劀 騧 緺 䫚 剮 冎 歄 踻 睔 䎾 㗕 㡚 煹 簼 褠 㝤 購 覯 冓 搆 韝 䃓 傋 構 䐟 滈 藃 薃 皜 䧚 䯫 傐 鰝 䯐 嗃 謞 燺 䯨 鶮 䐧 䍑 旤 禍 㱿 孈 囘 鑴 儶 竵 巐 趫 稱 㛵 䕝 㲂 爯 鋿 厰 廠 僘 䠀 翤 䶵 㙜 彲 驪 龡 講 顜 襺 繭 嬌 譑 矯 簥 蕎 穚 蟜 㠐 嶠 撟 轎 驕 喬 敿 敽 鷮 憍 僑 蹻 䚩 鱎 橋 鐫 雋 臇 烱 浻 冋 冂 㢠 䢛 駉 絅 綗 㤯 㓏 埛 譎 屩 屫 鐍 鞽 龣 䤎 繑 繘 勪 憰 璚 䰬 僪 蹫 寯 懏 㒞 儁 䯪 髛 嵪 簻 薖 䈛 㕟 欳 䯞 㫻 髝 囇 孋 灑 䕻 穲 㿛 矖 廲 婯 酈 鸝 邐 䚕 攦 麗 纚 釃 儷 鱺 欐 䈒 㒳 両 輌 覶 腡 䋑 羀 臠 薍 癵 臡 亂 膐 㖮 婨 論 㷍 䑳 䈁 溣 菕 稐 蜦 侖 陯 崘 崙 掄 輪 耣 惀 碖 磮 倫 踚 鯩 圇 棆 腀 埨 㔷 冇 冃 㧇 虋 㗈 満 吶 妠 䈫 蒳 鈉 靹 㨥 抐 軜 納 豽 䟜 魶 䋻 訥 㕯 㶧 諵 䛁 䊖 煵 畘 湳 䔜 䶲 揇 抩 暔 㓓 遖 枏 柟 澝 䔭 寗 橣 㘨 朒 內 氝 㨅 㐻 姍 媥 諞 㾫 騙 楄 㓲 㼐 騗 䐡 淸 䯧 靑 嘺 燆 㝯 犞 鐈 毃 㪣 髚 髜 㢗 䎗 䀉 礄 碻 槗 墧 塙 瓗 㼇 焫 䌾 呥 㚩 姌 衻 袡 䒣 䑙 冄 㾆 蚦 䤡 髥 䫇 珃 氄 䇤 笍 䄲 蜹 髞 籭 䈀 誦 䪎 㻽 㸀 㙵 㭻 㴂 舑 㘱 碢 㸗 粡 蓪 秱 痌 銅 餇 眮 峝 㪌 㼧 晍 硧 鮦 樋 臋 曬 尙 鞝 緔 襹 狦 刪 柵 鷸 䭨 銿 撾 檛 膼 冑 媧 喎 㖞 䰣 誷 菵 䒽 蝄 蛧 輞 網 䋄 䋞 棢 萵 猧 窩 斖 欈 興 釁 舋 㽯 蠵 㔒 㩦 驨 雟 躧 觹 觽 嬹 䕟 臖 䊑 髇 獢 歊 䬘 毊 讗 龤 攜 擕 卨 詗 瀥 䆷 瞲 獝 讑 㵸 鑰 㵝 䕍 円 湧 慂 勈 㦷 愑 悀 踴 鯒 䞻 蘥 䶳 鸙 䠯 禴 䟑 噊 籲 䍞 龥 驈 霱 鱊 洅 胾 纗 㰎 檇
附属根	门	门	匚	77	5	㘎 们 娴 悯 扪 搁 斓 榈 润 涧 澜 焖 痫 简 蔺 裥 襕 訚 谰 躏 钔 锎 锏 镧 门 闩 闪 闫 闭 问 闯 闰 闱 闲 闳 间 闵 闶 闷 闸 闹 闺 闻 闼 闽 闾 闿 阀 阁 阂 阃 阄 阅 阆 阇 阈 阉 阊 阋 阌 阍 阎 阏 阐 阑 阒 阔 阕 阖 阗 阘 阙 阚 鹇 𫔶 𬜬 𬮱	闬 阛 阓 䦷 䦶
附属根	巨	巨	匚	14	33	岠 巨 拒 柜 渠 炬 矩 磲 秬 苣 蕖 讵 距 钜	㮡 䋌 奆 㷡 煚 弡 姖 詎 粔 榘 洰 䶙 歫 蚷 鉅 駏 䣰 昛 耟 怇 螶 䢹 乬 巪 鮔 壾 菃 蟝 衐 㣄 䝣 佢 璖
附属根	勹	勹	匚	124	340	㰀 佝 儆 刨 劬 勺 勾 匀 包 匈 匍 匏 匐 句 咆 哟 啕 均 够 妁 孢 尥 岣 峋 庖 徇 恂 抱 拘 掏 掬 擎 敬 斶 旬 昀 昫 朐 杓 构 枸 枹 栒 檠 殉 汋 沟 泃 泡 洵 淘 潟 灼 炮 煦 狍 狗 玓 珣 璥 甸 疱 的 盷 竘 笱 筠 约 绚 绹 耇 胞 胸 舄 芍 苞 苟 荀 药 菂 菊 萄 葡 蒟 藜 蜀 蠋 蠲 袍 訇 警 询 豹 购 趵 跑 躅 郇 酌 鋆 钓 钧 钩 镯 陶 雊 雹 鞠 鞫 韵 飑 饱 驹 髑 鲍 鸲 麹 黎 黧 鼩 齁 龅 𫘦 𬶋	㘬 骲 笣 㵡 菢 齙 窇 蚫 䪨 袌 䥤 鉋 飽 靤 髱 㲒 怉 砲 佨 䎂 鮑 铇 勽 勹 䳈 㮄 颮 蔔 䮀 彴 瓝 瓟 仢 肑 僃 㔨 縐 趨 匒 啲 靮 扚 馰 㢩 約 旳 魡 䵠 蜔 訋 䔙 䄪 瘹 釣 㣿 噣 䙱 襡 獨 䪅 䮷 䫳 韣 㒔 斣 匎 㔩 䍖 䞤 玸 炰 匄 匌 匔 匑 呴 訽 㽛 䑦 袧 芶 㺃 痀 蚼 鈎 䬲 鉤 䝭 軥 䪷 䵶 豿 鴝 夠 耈 鮈 坸 玽 哅 渹 鍧 揈 輷 㧦 灳 豞 謅 煼 㥮 齣 邌 㱀 孎 箹 䓎 擉 㗙 媰 蒭 䅳 犓 歜 鸀 觸 鶵 雛 芻 臅 䐢 槆 橁 䏛 篘 䪮 搊 㮲 枃 茍 䜘 蟼 㢣 憼 驚 擏 曔 掲 䬨 匓 勼 虳 䶂 婅 諊 㽤 粷 䈮 淗 䕮 蘜 㹼 䅓 䗇 陱 眗 巈 驧 抅 駒 䪕 毱 邭 㥌 怐 踘 跔 䱡 椈 匊 躹 鄒 鵴 䜯 趜 呁 姰 㚬 袀 汮 蚐 銁 鈞 銞 渇 䓒 燭 敂 㥎 嚟 䉫 菞 蔾 䊍 剓 䖿 䴻 犂 睝 錅 棃 鯬 鵹 鑗 㠟 瓈 尦 㔪 䝧 歿 沒 㚿 䛌 萢 鞄 䶌 麅 軳 爮 皰 麭 㯡 褜 垉 匉 㫄 笉 䩓 㯳 憌 惸 㝁 赹 葋 胊 騶 斪 絇 麴 翑 箰 筍 㨚 䛬 裪 蜪 鋾 騊 綯 醄 祹 匋 畇 䡘 獡 咰 薥 蠾 屬 鐲 㯮 㻿 䟉 眴 烵 濁 犳 劅 斀 圴 囑 爥 灟 䕽 劚 钃 斸 矚 䌵 曯 㑳 䠱 欘 䑼 皺 匁 蕮 磶 䉣 瀉 藛 冩 寫 䥱 㕐 䘩 駨 絢 䀏 詾 洶 賯 恟 匂 胷 喣 姁 䧁 䂆 欨 䣱 㡄 詢 狥 䖲 毥 畃 侚 伨 㰬 迿 葯 䭇 匇 喲 礿 䋤 䇖 荺 抣 勻 齺
附属根	匃	匃	匚	20	48	偈 喝 噶 堨 揭 曷 歇 渴 碣 竭 羯 葛 蔼 蝎 褐 谒 遏 霭 鞨 鹖	謁 譪 䔽 藹 馤 餲 䨠 靄 毼 䔾 齃 輵 匃 䈓 㵧 猲 獦 䅥 擖 轕 騔 臈 㷎 䕣 㹇 㿣 䫘 㔠 㬞 鶡 愒 鍻 嵑 礍 楬 幆 㵣 嶱 䗶 藒 朅 㓭 蠍 䦪 䥟 䋵 暍 㡫
附属根	见二	见二	匚	36	197	兕 典 冒 冔 冕 凹 勖 咉 唤 夐 央 奂 媖 帽 怏 换 映 晪 殃 泱 涣 淟 焕 瑁 瑛 痪 盎 碘 秧 耰 腆 英 赗 锳 鞅 鸯	䇦 醠 㼜 垇 箆 萞 嘄 搗 槝 島 婰 䓦 猠 痶 敟 椣 䙤 焨 賵 鳬 嘠 罓 㗻 渦 濄 瘑 蝸 鍋 鐹 咼 過 楇 堝 諣 煱 䈑 騧 緺 㒷 䫚 剮 冎 歄 踻 旤 禍 喚 煥 渙 寏 瘓 㪱 換 㬇 愌 烉 奐 瑍 捵 囧 觼 戞 簻 薖 䯞 㒿 腡 媢 㡌 㴘 萺 蝐 㪞 毷 㒻 冐 莔 朙 艒 䑵 獶 嬝 裊 嫓 鄡 竊 䆋 㒽 藑 瓊 擾 瓇 唺 錪 睓 賟 覥 觍 䐌 㥏 倎 䠄 㙉 琠 碢 㒾 撾 檛 膼 媧 喎 㮧 萵 猧 窩 嗚 熓 溩 螐 鎢 隖 嵨 䡧 摀 䖚 䃖 鰞 歍 鄔 烏 塢 瑦 蟂 梟 卨 讂 矎 敻 㾎 襾 姎 詇 炴 鉠 眏 岟 抰 軮 駚 紻 㿮 䒋 鴦 佒 䄃 雵 霙 䱀 柍 楧 胦 坱 㡕 䊔 煐 渶 䣐 㲟 鶧 䚆 绬 蝧 䬬 䭊 鍈 韺 䁐 㢍 緓 䦫 暎 愥 碤 偀 朠 㴄 䜡 嚘 瀀 䥳 㱊 憂 鄾 纋 懮 優 櫌
附属根	門	門	匚	0	273		閡 闇 闁 閍 閟 閈 閇 閉 闆 閞 覵 闣 䦒 嚪 䦔 闍 䦠 閗 闘 閜 閼 閥 闏 䦣 擱 閤 閣 閘 櫊 關 関 闗 䦎 閨 㗿 闔 䦭 㘚 闞 䦝 閄 䦡 闤 閧 閎 闀 闂 闠 閽 闖 閶 闛 讇 灛 䦓 䦲 閳 闡 䦤 䦟 閦 䦌 䦮 簡 襇 䉍 襉 㶕 澗 㵎 蕳 蕑 鐧 䥜 鐗 瞷 瞯 繝 間 覸 閒 磵 礀 橺 墹 灍 闕 闋 閰 鐦 闓 開 閌 矙 濶 闊 䦢 闚 䦚 䦱 閸 閫 䉮 藺 轥 焛 閵 躙 躪 䕞 閬 㘓 囒 孄 孏 幱 讕 譋 爛 爤 糷 燗 籣 襴 襽 瀾 灡 蘭 䪍 斕 鑭 钄 韊 攔 䦨 闌 㦨 䃹 躝 欄 欗 䑌 瓓 閝 䥨 䕡 閭 櫚 閁 簢 潣 閩 閔 憫 燜 㵍 菛 鍆 捫 閅 悶 門 㦖 㥃 們 椚 蕄 蔄 燘 閙 䦵 闑 䦕 閛 闢 闝 䦦 闙 鬝 鬜 䦧 闎 䦬 閴 闃 撋 潤 瞤 㠈 閠 䦞 閏 橍 膶 閪 闟 䦙 閐 闒 闥 闧 躢 㶒 䦐 閮 闐 閯 閷 熌 㴸 㨛 閃 閊 䠾 閂 閖 䦛 䦯 閚 問 閺 閿 闅 闦 聞 䦜 䦍 闈 㦦 䦳 嫻 嫺 澖 癎 癇 撊 䦘 䦥 閑 鷳 鷴 鷼 憪 僴 僩 㯗 橌 䦖 䦏 䦑 䦗 閕 爓 䦪 誾 闉 闄 䦴 㗴 㶄 蔅 㿕 䌪 閹 閻 閆 櫩 壛 䦫 灁 閱 閲 閾
主根	臣	臣	臣	6	119	卧 嚚 宦 臣 臧 藏	㵴 㶓 蔵 鑶 欌 尷 尶 臦 臩 盬 㘕 嚂 蘫 㺝 䆠 茞 䢻 婜 緊 姫 艦 熞 濫 鑬 鑑 轞 䌑 礛 譼 㔋 鋻 鍳 鑒 㯺 監 堅 鰹 檻 樫 燛 烥 鏗 摼 䃘 硻 藍 瀶 臨 囕 㜮 爦 爁 籃 襤 灠 灆 䆾 攬 㩜 䰐 䌫 纜 繿 懢 礷 擥 覧 覽 儖 㰖 欖 壏 璼 䭆 䑑 菣 臤 䵖 藖 䵛 慳 掔 孯 蜸 㹂 㲯 䖙 頣 腎 㷂 竪 䝂 豎 挋 弫 䑐 栕 䛗 䥮 朢 臥 礥 凞 熈 㘋 糮 䉯 鑦 賢 贒 䁂 㽉 臔 頥 鹽 贓 贜 臓 臟
附属根	巸	巸	臣	1	3	熙	㜯 媐 巸
附属根	颐字旁	𦣞	臣	5	8	姬 宧 茝 赜 颐	䇫 洍 㺇 頤 㼢 䱌 㺿 賾
主根	豕	豕	豕	54	164	㠓 喙 噱 嚎 壕 嫁 家 幪 彖 掾 旞 朦 椽 橼 檬 溷 澽 濠 燧 燹 獴 瑑 璩 璲 礞 禒 稼 穟 篆 缘 艨 蒙 蕤 蘧 蠓 蠡 襚 豕 豚 豢 豨 豪 豮 豳 逐 遂 遽 邃 醵 镓 隧 鹲 𫟦 𬭼	豝 豩 豰 䛹 篴 墬 嶳 豴 䝐 䯟 隊 腞 遯 豟 䝈 豶 豧 檺 豥 㯻 譹 籇 蠔 䧫 㠙 㩝 儫 㹖 豲 圂 䂕 䖶 餯 豗 㑰 䝅 㮯 㨡 㥵 慁 豞 猭 剶 鶨 㯌 䝑 藸 蓫 豠 䞼 豣 豜 㷾 䝌 臄 㘌 籧 鐻 據 劇 勮 豦 懅 躆 壉 幏 糘 鎵 傢 豭 榢 䝍 豤 攭 劙 㼖 䗍 䤙 瓥 盠 欚 蟸 㒩 䝓 䝏 䙩 溕 濛 氋 鸏 䑃 冡 䥂 饛 矇 㩚 䰒 䤓 曚 懞 䴿 䵆 霥 靀 䴌 湪 塜 䆳 䆽 㯫 䟊 甤 嬘 譢 煫 䉌 㴚 澻 䔹 䍁 䥙 鐩 鐆 䡵 㒸 繸 㥞 䠔 禭 檖 嚺 褖 䝎 䀃 豘 䝊 䃍 䝕 㭬 蒃 䧘 堟 瀦 䮱 鱁 豬 䝒 櫫 墜 礈 豱 豯 㥟 㻹 烼 豛 豷 蝝 緣 䱲 櫞 䤸 䝋 豵
附属根	豸	豸	豕	15	49	䝙 藐 豸 豹 豺 貂 貅 貆 貉 貊 貌 貔 貘 邈 霾	豻 貋 貏 䝛 貀 豿 䝞 䝥 貈 䝠 貛 貙 貜 貗 貑 懇 貇 墾 䝤 蠫 貍 䫉 貓 薶 㦟 䝢 䝡 㦝 貃 豽 䝚 貎 豾 豼 䝣 貄 䝜 貚 貒 䝖 絼 䝦 貕 䝟 䝘 䝝 貖 貐 貁
附属根	豖	豖	豕	7	10	冢 啄 椓 涿 琢 瘃 诼	㞘 剢 㧻 䦠 䐁 豖 㙇 諑 硺 塚
主根	禸	禸	禸	14	26	噙 摛 擒 檎 漓 璃 离 禽 篱 缡 蓠 螭 醨 魑	離 㷰 黐 瞝 攡 䄜 麶 樆 囄 謧 褵 䙰 籬 灕 蘺 䅻 䍠 縭 䍦 㒿 㒧 㰚 蠄 竊 禸 禼
附属根	禺字底	禺字底	禸	20	63	偶 喁 嘱 寓 属 嵎 愚 瑀 瞩 禹 禺 耦 藕 踽 遇 鄅 隅 颙 髃 龋	躉 䜕 囆 䘍 蠆 爡 萭 聥 䄔 癘 厲 䊪 爄 糲 濿 䘈 蠇 蠣 犡 勵 巁 曞 礪 禲 鱱 櫔 燤 矋 勱 邁 澫 蕅 齵 㼴 㒖 腢 齲 蝺 竬 渪 㔉 萬 贎 禑 噧 䖁 顒 媀 㷒 湡 歶 㝢 䴁 鍝 庽 㙑 㬂 㥥 偊 䨞 鰅 楀 堣
主根	象	象	象	4	10	像 橡 象 豫	潒 襐 蟓 鐌 嶑 鱌 勨 䴂 䂊 櫲
主根	鬼	鬼	鬼	25	60	傀 嵬 巍 廆 愧 槐 櫆 瑰 蒐 隗 鬼 魁 魂 魃 魄 魅 魆 魇 魈 魉 魋 魍 魏 魑 魔	溾 魓 䰤 䰩 謉 魀 魐 螝 䁛 騩 䌆 䈭 褢 㠢 䰥 䰧 䕇 藱 瘣 㱱 䰟 䰫 䰡 媿 醜 魗 魕 鬾 䰬 㟴 塊 䫥 餽 聭 䃬 磈 䰱 魎 䰨 鬽 䰪 䰭 䰦 魒 魌 鬿 䰰 䰠 魙 䴜 䰣 蘶 犩 䭳 㠕 䰢 魖 䰯 魘 魊
主根	佥	佥	佥	18	1	佥 俭 剑 崄 捡 敛 检 殓 潋 猃 睑 签 脸 莶 蔹 裣 险 验	硷
主根	览字头	览字头	览字头	14	2	临 尴 揽 榄 槛 滥 监 篮 缆 蓝 褴 览 鉴 𬒗	䍀 㨫
附属根	贤字头	贤字头	览字头	8	2	坚 悭 竖 紧 肾 贤 铿 鲣	㭴 䝨
主根	兼	兼	兼	16	46	兼 嫌 廉 慊 搛 歉 濂 磏 缣 蒹 蠊 谦 赚 镰 鳒 鹣	魐 尲 凲 䯡 稴 䭠 䫡 縑 㪠 鶼 鹻 傔 鰜 㡘 溓 嬚 譧 熑 燫 簾 薕 䆂 㾾 螊 䭑 鎌 鐮 䁠 劆 鬑 㼓 㝺 槏 臁 嗛 謙 䈴 嵰 膁 賺 㺌 馦 鼸 豏 甉 隒
主根	厶	厶	厶	233	591	㬚 㭕 㳘 䅟 丢 么 云 仫 会 佁 侔 侩 俊 俟 偿 允 充 兖 公 冶 凇 刽 动 劫 勾 却 去 厾 县 叁 参 叆 叇 台 吮 咍 哙 哞 唆 唉 唷 嗑 嗡 坛 垒 埃 堉 套 妘 始 嬷 宏 尝 层 峻 崧 巯 弁 弃 弆 弘 忪 怠 怡 怯 恸 悛 悬 惨 抬 挨 掺 摆 撤 旒 昙 昪 晙 松 构 枲 桧 梭 梳 欸 殆 毓 毪 毵 沄 沇 沟 治 泓 法 流 浍 浚 涘 淞 淯 渗 溘 滃 滚 澈 炱 烩 焌 熊 牟 狁 狯 狻 珐 珫 琉 瑬 瓮 畚 畯 疏 瘆 皴 盍 眙 眸 睃 瞌 矣 砝 硫 碜 磕 磙 祛 私 竑 竣 笞 篡 糁 纭 纮 绐 绘 统 罢 罴 羧 翁 翃 耘 肆 肱 育 胎 胠 能 脍 脚 芸 苔 茺 荟 菘 葰 蓊 蔬 蕻 蚣 蛑 蜐 衮 袪 讼 诒 购 贻 跆 辙 运 迨 逡 邰 郄 郐 酝 酸 醯 鎏 钩 铥 铳 锍 闳 阖 雄 颂 饴 馌 骀 骏 骖 髡 髢 髦 髫 髭 髯 髹 髻 髽 鬃 鬈 鬏 鬒 鬓 鬘 鬟 鬣 魂 鲐 鲙 鲹 鲿 鹟 麽 黢 黪 𨚕 𬭎 𬭩	娭 㶼 濭 騃 靉 壒 陰 䦋 镺 㘬 矲 䆉 䥯 䯲 罷 䎬 䎱 鬂 鬢 髩 䯽 髱 䙓 襬 擺 㔥 奙 軬 㨧 輽 撪 㮥 桳 髲 䰉 㳒 㳎 䒪 䪻 峅 鴘 拚 閞 㭓 㺹 髟 䰊 藣 遪 磣 傪 䵽 䟃 撡 䰂 篸 穇 參 嵾 鈶 辝 䯸 䰍 枱 辭 嘇 㜗 謲 㽩 鏒 叅 叄 摻 驂 縿 慘 鰺 黲 䰈 簒 鋑 忩 焧 䓗 㥖 䰌 聡 総 棇 䐋 踆 䞭 詒 軩 駘 紿 緿 霴 靆 䯼 鬄 髧 䯾 鬌 㣞 镻 銩 丟 兊 鈗 䨺 䆓 廅 搕 鰪 㔩 誒 诶 厼 髵 髶 灋 鍅 髪 髮 琺 䂲 凨 䰃 髣 舩 笲 䉊 払 䣲 匥 仏 䭮 䯱 髴 䰁 靅 蓋 瓂 䗘 鎑 䪺 䫦 䚗 広 䙛 㕬 䲲 厷 髸 䍔 䰸 䜇 蓘 㨰 㙥 芶 鈎 㾂 饚 㰧 酼 熆 篕 鑉 闔 㥺 㧁 䖔 秮 㦯 㕕 吰 呍 汯 浤 苰 䫺 䆖 宖 翝 竤 鈜 鋐 鞃 䡌 䡏 耾 㢬 紘 紭 綋 閎 硡 䨎 霐 玜 谹 鬍 叀 絵 㻅 眃 忶 䰟 䒆 瞮 勶 徹 贂 醦 墋 䯴 镸 瓺 箈 菭 齝 耛 窓 䘪 銃 㧤 㤝 晉 㴉 䦇 䰏 叝 強 鬋 戩 踋 鉣 䀷 䯰 䦈 䂶 刦 刧 刼 镹 姢 萒 脧 朘 䖼 抅 斚 㽙 餕 陖 㕙 鵕 駿 馂 鵔 埈 呿 䡷 㕎 醘 礚 榼 䐦 鬠 鉱 絋 昿 砿 䯺 髺 拡 䦢 䰎 髠 髨 鬎 㖁 滲 厸 恡 鬁 䰐 鬑 镽 覶 鬛 䟩 裗 蓅 㐬 鋶 麍 旈 薍 亂 䰕 絫 厽 㒍 鬕 鉾 髳 玧 夣 䰒 鯍 镾 䰋 鬗 䯶 䰓 庅 懡 畆 旀 洠 劺 厶 鴾 恈 麰 桙 䏬 囜 褦 熋 䘅 螚 䯮 㴰 䏻 鬞 鬡 鬤 䦊 㔮 䯵 犤 髼 鬔 鬅 髬 㨢 羆 䰔 貵 䮁 䩓 棄 亝 䰇 鬐 嗴 溬 獇 繈 羗 鈆 鬝 鬜 幓 㹤 㾀 朅 巰 厹 㾡 㕁 詓 䒧 阹 髷 抾 镼 紶 㫢 佉 厺 麮 魼 㰦 鼁 迲 唟 夋 髥 頌 㝐 峵 䡆 䰆 㺑 䈢 䰄 襂 椮 槮 鬙 蕼 飴 㸻 竢 逘 俬 㺨 糝 蔘 犙 䫩 毿 鬖 毶 㛖 䈗 䯯 髿 鮻 痠 䝜 訟 枀 梥 蜙 庺 䯷 䯳 鬆 硹 倯 枩 㕖 荾 䯿 炲 㷘 䈚 孡 颱 㣍 態 㬃 㑷 鮐 囼 坮 珆 嚔 䶑 髰 鬀 罎 曇 墵 壜 毤 統 圗 霕 髾 㵕 瘮 鯵 乨 兘 剼 誜 䀵 鬊 轍 㯙 㓄 鬇 転 妐 炂 䇗 衳 刣 彸 伀 㛩 勜 鶲 䈵 㺋 螉 䩺 鎓 瞈 嵡 聬 暡 䱵 㮬 䐥 塕 䰀 葈 䢄 霼 橀 䯭 䯹 䨭 㳿 髤 㳙 鬚 舝 稄 賐 圔 䕃 蔭 癊 侌 隂 廕 霒 䶸 饁 慃 傟 囈 讛 襼 藝 貽 瓵 兿 㙯 㳂 灎 灩 阭 豔 抁 昖 耺 貟 贠 䏍 圎 㭇 䦾 恱 焴 艈 䘻 蘛 蜟 袬 逳 錥 㣃 䋭 㥔 俼 棛 䉙 澐 蕓 秐 抎 馻 紜 繧 伝 夽 雲 䨶 囩 枟 橒 䢵 䲰 䖻 㕗 䰖 鬉 捴 倊 䘒 捘
附属根	龴	龴	厶	21	39	㛚 俑 凝 勇 嗵 埇 嶷 恿 捅 桶 涌 熥 甬 疑 痛 薿 蛹 诵 踊 通 鲬	譺 懝 礙 儗 辭 筩 䓿 䥁 圅 癡 覶 薍 亂 㗈 㘈 㠜 擬 誦 蓪 㪌 㼧 硧 樋 銿 㮭 䰯 籎 寲 觺 㽈 湧 慂 勈 㦷 愑 悀 踴 鯒 䞻
主根	钅	钅	钅	272	18	䥽 䦃 嵚 揿 篯 衔 钆 钇 针 钉 钊 钋 钌 钍 钎 钏 钐 钒 钓 钔 钕 钖 钗 钘 钙 钚 钛 钜 钝 钞 钟 钠 钡 钢 钣 钤 钥 钦 钧 钨 钩 钪 钫 钬 钭 钮 钯 钰 钱 钲 钳 钴 钵 钷 钹 钺 钻 钼 钽 钾 钿 铀 铁 铂 铃 铄 铅 铆 铈 铉 铊 铋 铌 铍 铎 铏 铐 铑 铒 铕 铖 铗 铘 铙 铚 铛 铜 铝 铞 铟 铠 铡 铢 铣 铤 铥 铧 铨 铩 铪 铫 铬 铭 铮 铯 铰 铱 铲 铳 铴 铵 银 铷 铸 铹 铺 铻 铼 铽 链 铿 销 锁 锂 锃 锄 锅 锆 锇 锈 锉 锊 锋 锌 锍 锎 锏 锐 锑 锒 锓 锔 锕 锖 锗 锘 错 锚 锛 锜 锝 锞 锟 锡 锢 锣 锤 锥 锦 锧 锨 锩 锪 锫 锬 锭 键 锯 锰 锱 锲 锳 锴 锵 锶 锷 锸 锹 锺 锻 锼 锽 锾 锿 镀 镁 镂 镃 镄 镅 镆 镇 镈 镉 镊 镋 镌 镍 镎 镏 镐 镑 镒 镓 镔 镕 镖 镗 镘 镚 镛 镜 镝 镞 镠 镡 镢 镣 镤 镥 镦 镧 镨 镩 镪 镫 镬 镭 镮 镯 镰 镱 镲 镳 镴 镵 镶 鿏 𨱇 𨱏 𨱑 𨱔 𫓧 𫓯 𫓶 𫓹 𫔍 𫔎 𫟹 𫟼 𫷷 𬬩 𬬭 𬬮 𬬱 𬬸 𬬹 𬬻 𬬿 𬭁 𬭊 𬭎 𬭚 𬭛 𬭤 𬭩 𬭬 𬭯 𬭳 𬭶 𬭸 𬭼	铇 钸 鿔 锠 钅 䦆 钶 镙 铓 鿭 钑 䦅 䦂 铦 䥾 镟 铔 䥺
附属根	金	金	钅	17	72	崟 淦 蓥 金 鉴 銎 銮 鋆 鋈 錾 鍪 鎏 鏊 鏖 鐾 鑫 𨭉	錖 鐜 鐢 釡 凎 鍙 銐 唫 䘳 菳 䥆 䋮 惍 琻 䥒 鋻 鍳 鑒 鎣 銞 鋫 錅 嚠 嬼 䉧 瀏 藰 䬟 劉 懰 鑾 䥢 鏧 䥸 䥐 錃 鎜 鋬 鍂 鐅 㾣 㕋 捦 䦦 鑋 䥅 鍫 鐆 鋚 鎥 銴 錱 䥌 䥭 䥍 㘅 鍌 䕔 銜 䲗 淾 崯 碒 趛 灐 鑍 䤰 䥣 鑿 銺 鈭 鏨
附属根	金字底	金字底	钅	2	738	滏 釜	錒 鑀 銰 鎄 銨 䤶 錌 鉗 䥝 鏕 釟 釛 鈀 䥯 鑌 鑤 䥤 鉋 鐼 錛 錋 鏰 鎊 鉍 鐴 錍 鈚 鎞 鏎 鈑 鉡 鋲 鈵 鉼 鍽 鏢 錶 鑣 鋍 鉑 鉢 鈸 䥬 鎛 鑮 鈽 鈈 鋇 鉳 鏪 鐰 鑶 鈶 鏒 錯 銼 鋑 鑹 鏦 鍯 鏓 䥄 䥘 鏙 鎝 鎉 鐽 釖 鍀 鐙 鐺 鉪 鍉 釱 鏑 釘 鐤 錠 鋌 鈿 䔙 瘹 錭 銱 鈟 銚 釣 鋽 鑃 錞 鐸 鍺 鈬 䤪 䤻 鐵 銩 鍛 鍴 鑟 鍍 鐓 鋭 鎚 鈗 鈍 䤜 鋀 鈄 鑩 鍔 鋨 鈪 鈋 鉺 鍅 鈖 錀 鋒 鎽 鏠 鈁 錺 鐇 釩 錇 鍢 鈇 鍑 鉜 鉘 鐨 䤵 釓 錷 鋯 鎬 鈣 鉿 鉻 鎶 鉀 鎘 鎑 鎠 鋼 釭 釬 錎 銧 鍋 鈛 錁 鐹 鏆 錧 䤽 鑵 銾 鑛 錮 鈲 鈷 鐀 䤥 銛 銽 錕 鈎 鉤 鎒 鉌 鑉 靎 鑅 鋡 䥁 銲 鈐 䤴 鋎 鐄 鎤 鍠 鈥 鑊 鍃 䥧 鍰 鉮 鐶 鉷 鍧 鈜 鋐 錿 鋘 鍸 䤧 鑴 鏸 銊 鐬 釫 釪 錵 鏵 銗 鍭 銟 鑔 鍤 䤩 釵 鎈 鉏 鈔 䤟 鍖 鈂 鎗 鐣 鏳 鋮 鏿 鏛 鋿 錩 鋹 䤲 鉓 鉹 鉆 鋓 䥀 䤫 鑱 鋋 鏟 錣 鑡 鏃 鋜 釧 銃 鋤 錘 䥎 鈕 錦 鋟 䤺 釿 釒 銡 錤 鐖 鑙 鏶 鍓 鑇 銈 鋞 鏡 籛 銒 錽 鐱 鏩 鑯 鍊 釼 鐧 釰 錢 鑳 䥜 鍵 鑬 鐗 鑑 釥 䥞 鉸 鐎 䥛 鍇 鉣 鍻 鎅 鐫 錈 鎸 鋗 銄 鐍 鐝 钁 鈌 鋦 鉅 鋸 鐻 鉫 鋏 鎵 銁 鈞 鍕 鉲 銬 鎎 䤤 鎧 鐦 鈳 錹 鍞 銵 鏗 鈧 鏮 鉱 鋛 懖 䥗 鑧 錓 鑎 鍨 鍷 銙 釦 鏂 鑞 鏻 鐒 銠 錸 鎯 鋃 䥶 錑 鉝 鑗 鏫 鑠 鋰 鑭 钄 錂 鈴 鍄 䥥 鎌 鐮 錬 鏈 鐐 鏐 釕 鏍 鑼 鎦 鐂 鉚 鋶 釠 鑨 鋢 䤣 鋝 籙 䥨 鐪 鏴 錄 録 鑥 鏀 鈩 鑪 錴 鋁 鏤 鑢 鐳 鑘 銇 鑸 鎷 鈱 錉 鍲 錨 鉾 鍆 䥰 鋂 䥂 錳 釯 鋩 銤 鑖 鏝 鏋 銘 銆 鏌 鉬 䥈 鉧 鎇 鎂 鎿 鈉 鐃 錼 釢 鉨 鑈 鈮 鑏 鍩 鉩 钀 鋷 銸 錜 鎳 鑷 釹 錗 鐞 䥲 鎃 䥋 鑝 鈹 鉟 銢 䤨 釽 銔 鑻 鍂 鉕 鏺 釙 䥕 鏷 鐠 鋪 顉 欽 鈫 鈙 鈊 鵭 嶔 撳 䃢 錡 鏚 釮 䥓 鏹 鏘 錆 鉛 鎆 釺 鏲 鈆 銭 鍼 鑓 廞 鐈 鍬 鐑 䤿 鍥 釚 䤛 釻 銶 鐉 銓 憌 鑺 鈓 銋 鑲 鈤 䤡 鎔 銣 鑐 銳 鍒 鏾 鈒 鎩 鎍 鏼 銫 鎟 鉰 鋖 銯 鐁 鈻 鍶 銉 釲 鎖 鎻 鏁 鎹 䥔 鋉 䥙 鐩 鎨 鏉 䤹 鎪 錔 鉈 䤾 鋾 鈦 鋱 鎕 鐋 钂 鎲 鏜 鍗 錫 鐟 銻 錟 鉭 錪 鎮 䥖 鉄 銕 鐡 䥫 鏄 銅 鉵 鉖 鋵 鍎 鈯 釷 鍮 䤬 鍦 䤮 鋠 鉎 鍟 鑜 䤭 鈰 釶 鉇 䤱 鉂 鉐 鉃 鉽 鐥 銏 釤 䥇 鏯 鎙 鐲 鉥 錰 鏣 䥷 鍘 鉊 鍣 釗 鉙 鎭 鉁 針 鋴 鉦 錚 鏱 鑕 䤠 鋕 釞 銍 鐯 籦 銿 鈡 鍾 鐘 䥮 钃 銖 鋳 鑄 鉒 錐 鑆 鈾 銂 鎾 鎓 䥑 鎫 鋄 鋺 鋔 鋙 錻 鎢 䥩 鏏 鍏 鍡 鋅 鐔 釳 釸 鎴 鏭 鈢 銑 鉶 䤯 鈃 鐌 鑦 鍁 䤼 䥪 鋧 䥵 銷 䥱 鍱 鏥 鎀 鏽 銝 銹 鏅 鉉 鍹 鏇 鎋 鎼 鍜 鏬 鑂 錏 鐚 釾 鈝 鈏 銦 銀 檭 鑰 鎐 鋣 鎁 䥟 䤳 䥡 鐷 鍚 鐊 鉠 鈠 鏔 鉯 鈘 銥 釔 鐿 釴 鎰 䤷 鐛 䤝 鍈 䥉 鎱 鈨 鏞 䤦 鉞 䥃 鈅 䥏 鍝 鈺 鐭 錥 鋊 䤞 䥳 銪 鉔 鋥 錙 鍿 釨 鎡 鐕 鈼 鑚 鑽 䤸 錝 鍐 鑁 錊 鎺 銌 鐏
主根	纟	纟	纟	177	15	䌹 丝 咝 哟 橼 潍 纠 纡 红 纣 纤 纥 约 级 纨 纩 纪 纫 纬 纭 纮 纯 纰 纱 纲 纳 纴 纵 纶 纷 纸 纹 纺 纻 纼 纽 纾 线 绀 绁 绂 练 组 绅 细 织 终 绉 绊 绋 绌 绍 绎 经 绐 绑 绒 结 绔 绕 绖 绗 绘 给 绚 绛 络 绝 绞 统 绠 绡 绢 绣 绤 绥 绦 继 绨 绩 绪 绫 续 绮 绯 绰 绱 绲 绳 维 绵 绶 绷 绸 绹 绺 绻 综 绽 绾 绿 缀 缁 缂 缃 缄 缅 缆 缇 缈 缉 缊 缌 缎 缐 缑 缒 缓 缔 缕 编 缗 缘 缙 缚 缛 缜 缝 缞 缟 缠 缡 缢 缣 缤 缥 缦 缧 缨 缩 缪 缫 缬 缭 缮 缯 缰 缱 缲 缳 缴 缵 荭 荮 药 莼 蕴 辔 辫 鸶 𦈡 𫄧 𫄨 𫄷 𫄸 𫟅 𬘓 𬘘 𬘡 𬘩 𬘫 𬘬 𬘭 𬘯 𬙂 𬙊 𬙋	缏 䌽 缍 䌺 䌿 缋 䌷 䌸 䍀 䌾 䌼 纟 䍁 䌻 绬
附属根	糸	糸	纟	39	133	傃 嗉 嗦 嫘 彝 徽 愫 摞 攥 溹 漯 潆 瘰 系 紊 素 索 紧 紫 累 絜 絮 絷 綦 綮 縠 縢 縻 繁 繄 繇 纂 纛 缧 萦 蘩 螺 骡 鲧	繴 䌘 辮 㬧 䋢 䋣 䌓 緐 㶗 瀿 鯀 瀫 綔 䌇 䋀 䧰 噄 繛 䒺 緊 蘻 繋 繫 䌠 潔 䥛 㓗 勬 絭 顈 䋰 䏈 癳 鏍 騾 儽 欙 镙 䜌 羉 乿 䌎 纇 纍 颣 䉂 㶟 蔂 虆 㹎 絫 縲 纝 磥 㒍 傫 樏 䐯 䕷 糸 䭧 醿 緜 㰃 䋷 䋈 㵖 縏 㩯 濝 藄 櫀 䋯 䋜 䋕 蕠 繠 螦 鎍 㮦 噝 蕬 銯 絲 鷥 䅴 䖛 䞽 䛾 嫊 溸 㨞 縤 䘘 榡 膆 塐 蓀 猻 孫 搎 槂 絛 籘 䕨 綤 紥 紮 䔝 縶 潫 喺 係 䐼 縣 緳 懸 愻 遜 蘨 䌛 邎 彞 㰘 縈 瀠 礯 䋤 㒡 㘥 櫾 橴 繤
附属根	幺	幺	纟	52	770	㬎 伭 傒 兹 吆 呦 嗞 坳 奚 孳 嵫 幺 幻 幼 幽 弦 慈 拗 搐 摔 昡 泫 溪 滋 炫 玄 率 玹 畜 畿 痃 眩 磁 窈 糍 胤 舷 蓄 蚴 蟀 衒 谿 蹊 铉 镃 隰 靿 鹚 黝 鼷 𫘬 𫠊	絠 䯥 䜙 儑 泑 眑 䫜 岰 軪 抝 鴢 㑃 柪 㘭 紦 繽 緥 絔 絣 䋽 綳 繃 綁 紡 縍 紴 䋔 䌟 綼 紕 縪 絆 綆 變 編 緶 皪 䊿 䑈 䋠 䋳 䌨 縩 纔 綵 繒 㘂 嬨 䈘 濨 茲 螆 䗹 絘 甆 縒 鶿 鷀 礠 縿 縱 総 緫 總 繱 縬 縐 紣 綷 縗 繀 䌋 繨 絩 䌦 紿 緿 䩘 締 約 繵 紞 綢 綞 絰 籪 緞 㫁 斷 躖 䠪 絧 綐 玀 䋪 歞 礘 䋩 䋙 蒶 紛 綘 縫 鶭 繙 䋦 䋨 䋹 纀 絥 綍 綒 緮 紨 紼 紱 䌗 縛 緋 紑 縞 絯 紇 絚 緪 䋁 䌄 絙 縆 綱 䊻 紺 䊽 綶 綸 䌯 關 闗 糼 紅 縎 䌆 繪 給 緺 絓 緷 緄 鮌 緱 繳 絎 䌙 縨 藧 䒛 緩 繯 綄 葒 紘 紭 綋 嚛 絗 䊺 䤕 繢 䌇 絵 繣 緡 繉 後 紁 紹 綽 䋲 縝 綝 緽 絾 絺 䊼 緂 繟 緾 纏 纒 箹 䋘 綴 䌬 緟 滀 鄐 絀 慉 傗 蒓 純 紬 絒 䌧 䌝 䋮 紟 紾 縉 䌍 嘰 魕 嗘 譏 穖 蟣 鐖 鞿 饑 結 績 䤒 幾 㡮 㡭 継 繼 䋟 紒 級 紀 緝 耭 磯 僟 禨 機 檵 鷄 雞 䳶 㙨 䟇 璣 經 経 䋌 繮 絳 詃 襺 繭 縑 纖 緘 絸 繝 䌑 惤 纐 糾 絞 䌭 䌖 稵 紤 乣 糺 繆 呟 㪻 縳 絹 羂 㯞 絅 綗 蕝 撧 繑 繘 㔃 㔢 絕 絶 䕑 䌀 緙 絋 纊 絖 䵈 絝 綑 繗 壣 絡 䋱 樂 㦡 濼 鑠 䁻 擽 轢 綟 縭 纅 纚 盭 䋥 礫 躒 觻 鱳 櫟 䟏 瓅 䌫 纜 繿 綾 䌢 紷 綡 緉 孌 攣 㜻 戀 㶌 㺦 䏈 聯 聨 聫 聮 䌞 練 纞 縺 繚 囉 囖 㽋 爍 籮 蘿 㿚 鑼 饠 攞 䌱 䌴 纙 羅 邏 曪 㦬 儸 欏 㼈 䋑 綹 㡩 䜌 㝈 孿 㱍 臠 巒 鑾 灓 曫 奱 欒 鸞 灤 䖂 虊 癴 癵 羉 圝 圞 藥 玈 緑 䌒 纑 䔞 絽 縷 綠 繂 膟 縲 纝 嬤 繩 䋋 緍 緢 䋃 嚒 麼 䋛 䌕 䌏 䌐 蠻 矕 蘰 縵 絻 嬵 矊 綿 緬 㒙 檰 玅 紗 緲 嚩 絈 縸 纆 䌩 䊾 䈫 蒳 㨥 納 䋾 䋻 縌 䌜 䌰 䋴 紐 繷 䌔 紆 䌂 蘕 纄 縹 轡 綅 鸂 螇 綨 緀 䌌 綺 綥 紪 緕 纃 㬤 磎 綪 繈 繦 牽 鏲 撁 縴 繾 㯠 繰 鐑 緁 緧 䊵 紌 絿 縓 綣 絟 紶 絇 䋧 組 繞 紝 絍 綛 紉 纕 繎 緛 絨 縟 縙 繻 綏 緌 繅 繬 㻭 噝 蕬 絲 緦 糹 鷥 繖 䔋 縮 䌚 縤 繐 繸 濕 䌈 縧 縚 綯 䌅 䌡 緹 綈 綎 䋼 䋬 紽 䜝 綂 統 緰 紏 綉 繌 綃 繺 紳 縄 緔 溼 䏉 繹 絁 䌳 䌤 繕 卛 䢦 䌮 縔 䌃 紵 紓 絉 綀 綬 䋏 羄 䝃 㙷 䊶 縥 絼 紖 䋊 糽 䋫 㕄 紩 緻 紙 織 綕 䋎 綻 蠿 䈺 蔠 終 䌵 絑 紸 縋 綧 䈙 葤 䋓 紂 藴 紋 緼 網 䋄 䋞 彎 灣 䘎 綰 紈 綩 壪 濰 䗽 緯 䋿 縅 維 緭 㜎 謑 䙎 㶉 蒵 嵠 㨙 騱 繥 細 緆 縰 徯 縘 貕 綌 慀 榽 豯 䫣 㰿 豀 緈 緗 絴 㡉 妶 娹 誸 灦 蚿 䗾 䩙 䥪 韅 䂅 婱 絃 繊 纎 絤 線 綫 綖 顯 㭹 胘 鞵 㩪 絬 䋶 纈 繲 紲 綊 緤 絏 膎 㗜 繍 綇 繡 袨 㹡 玆 鉉 䲻 䝮 䮄 繏 䍗 縇 絢 縼 怰 䋉 㜅 䙒 稸 續 緒 緖 続 縃 槒 縖 縀 䋸 紃 纁 湚 縯 㣧 䌥 絪 酳 緸 䯚 詏 袎 苭 葯 狕 䌁 䌊 䋂 怮 䋵 紻 㡫 繶 䋚 縊 䌪 纓 緓 喲 縁 緣 櫞 㜰 䋐 㰛 緎 䋖 䋭 蘊 縜 紜 繧 縕 㗀 㶭 䬀 聈 㓜 糿 孧 纋 䱂 縡 綜 㽧 孶 鎡 緇 紎 禌 鰦 繓 纉 纘 䌣 緵 緃 縦 縂 纗 絊 繜 緅
附属根	乡	乡	纟	9	25	乡 壅 澭 臃 芗 蕹 雍 飨 饔	曏 罋 甕 薌 㗽 嚮 蚃 蠁 郷 鄉 鄊 鄕 響 饗 䦳 鱜 膷 㒕 噰 癕 㽫 䗸 㻾 擁 㙲
主根	马	马	马	88	4	冯 吗 妈 杩 犸 玛 码 祃 笃 羁 腾 蓦 蚂 闯 马 驭 驮 驯 驰 驱 驲 驳 驴 驵 驶 驷 驸 驹 驺 驻 驼 驽 驾 驿 骀 骁 骂 骃 骄 骅 骆 骇 骈 骉 骊 骋 验 骍 骎 骏 骐 骑 骒 骓 骕 骖 骗 骘 骙 骚 骛 骜 骝 骞 骟 骠 骡 骢 骣 骤 骥 骦 骧 𫘜 𫘝 𫘦 𫘧 𫘨 𫘪 𫘬 𫠊 𬳵 𬳶 𬳽 𬳿 𬴂 𬴃 𬴊	䯄 㐷 䯅 骔
附属根	馬	馬	马	0	307		䭹 䭺 騃 䮗 䮯 驁 䩻 䮂 駂 騯 駜 䮠 䮡 驆 驃 䮽 驫 驋 駁 駮 䮀 騲 驓 驂 騘 驄 駘 馱 䮴 馰 駳 馾 驔 駧 騆 篤 䮷 騳 驐 騀 䮘 駬 䭻 馮 䮳 颿 䭵 䧞 䮛 駙 䭸 騛 騑 騔 䮩 騩 䮹 騧 駭 駴 䮤 馯 駻 䮧 䮲 騜 騞 䭴 驩 驊 䮝 䮓 闖 騬 騁 䮪 䮖 馳 䮈 䮻 驪 騺 䮞 馸 驥 騎 䯂 䮺 羈 覊 驚 騫 䮿 驕 駉 駫 駃 騤 駶 驧 駏 駒 駕 駱 駿 騍 騉 䮼 驎 騋 䮚 駺 䮋 䮥 駖 驘 騾 䯁 䮑 騮 驑 駠 駵 驡 䮾 騄 䮉 騼 䮫 馿 驢 嗎 駡 媽 溤 驀 獁 㾺 螞 鎷 䣕 䣖 馬 遤 罵 碼 傌 禡 鰢 榪 鷌 瑪 䭷 䮮 駹 䮭 䮬 㜵 褭 㠡 䮍 䃵 㒟 䯀 駑 驞 㘐 礟 礮 駍 駓 凴 㵗 憑 騈 騙 䮁 駢 騗 駊 䮒 馷 駸 騏 䭶 䭼 騹 騚 㩷 騝 騡 駩 驅 駆 駈 騶 䭽 馹 駥 騥 馺 騒 騷 騦 駟 駷 驌 䮟 騪 騊 駣 虅 驣 駦 儯 䠮 騰 騠 㶒 䭾 駞 馲 駄 騨 驒 驝 駝 驖 䮵 駼 駾 騇 駪 馶 駛 騸 驦 騻 䮢 䮜 駋 䮰 駗 騿 隲 騭 馽 駤 驇 驏 驙 䮕 㺛 駯 馵 䮱 駐 騅 駎 駲 驟 馼 駇 䮸 騖 䮏 驨 䮎 騽 騱 騂 驤 驍 䮄 駨 駽 驉 騢 馴 駰 騕 驜 駚 㶠 䭿 驛 䮊 駅 騴 験 驗 騐 驠 騵 駌 驈 騟 馭 䮙 䮇 馻 駀 䮨 駔 騌 騣 䮔
主根	方	方	方	80	165	仿 傍 嗾 圐 坊 堃 塄 塝 妨 彷 徼 愣 房 搒 放 敫 敷 方 於 施 旁 旃 旄 旅 旆 旋 旌 旎 族 旐 旒 旖 旗 旞 昉 暶 枋 椸 楞 榜 檄 淤 游 滂 漩 激 牥 璇 璬 瘀 皦 磅 祊 簇 纺 缴 耪 肪 膀 膂 舫 芳 蒡 蔟 蚄 蝣 螃 访 谤 邀 邡 钫 镑 镞 阏 防 雱 鲂 鳑 𬸦	䚫 礉 墽 嗙 嵭 㧍 閍 髈 嫎 謗 艕 㿶 䩷 鎊 䧛 騯 徬 紡 縍 牓 㮄 旇 籩 邊 臱 䟍 䞄 瘯 䃚 埅 閼 㫊 㕫 訪 汸 淓 䄱 鈁 錺 眆 髣 鶭 昘 㤃 倣 趽 魴 鰟 堏 旊 瓬 鴋 䢍 䲱 旙 旛 㩤 懯 旉 璷 圀 㫎 繳 覈 斻 㫅 噭 斺 鏃 譤 㦘 鸄 䁶 撽 憿 旍 旔 嬓 獥 譥 㰾 䥞 曒 儌 旝 㗄 㘄 斿 旈 膐 䡻 㝑 㡢 澷 㬅 㝰 䫵 矈 矏 䰓 櫋 旀 篣 䄘 椖 䅭 䒍 㫄 覫 㥬 䠙 䨦 霶 旚 斾 簱 籏 旂 竅 躈 燩 旓 鍦 箷 湤 葹 餝 揓 㒾 䗐 旘 㮵 旜 鷟 薂 嫙 蔙 鏇 䁢 縼 䃠 䲂 㯀 镟 䗠 㫏 㫍 崺 暆 檹 旑 菸 㫃 唹 箊 㶛 鯲 棜 旟 乻 旕 䑻 䢟 遊 㵀
主根	广	广	广	119	330	䗪 侂 俯 唐 嘛 圹 垿 塘 墉 嬷 席 广 庄 庆 庇 床 庋 序 庐 庑 库 应 底 庖 店 庙 庚 府 庞 废 庠 庤 庥 度 座 庭 庱 庳 庵 庶 康 庸 庹 庼 庾 廆 廉 廊 廋 廑 廒 廓 廖 廙 廛 廨 廪 惦 慵 慷 扩 掂 搪 摩 摭 旷 桩 渡 溏 濂 瀍 犷 瑭 矿 磨 糖 糜 糠 縻 纩 缠 耱 脏 腐 腑 膺 蔗 藦 蘑 蘼 螗 蠊 裤 褯 赃 赓 踮 踱 躔 遮 邝 鄌 鄘 醾 镀 镛 镰 靡 魔 鳙 鹒 鹧 鹰 麻 麽 麾 𡐓 𩾌 𫷷	㢊 蓭 庍 㡷 廦 㯅 㢖 庰 廍 庯 捬 廁 㢀 庛 䍎 艔 廗 瞊 嵣 菧 䣌 掋 鯳 㭽 㡺 喥 剫 㡯 䩲 鍍 㢂 㢈 庉 㢄 廅 灋 黂 焤 椨 䉬 䕠 廢 廃 䨾 櫠 焿 菮 㹹 賡 鶊 椩 䂯 獷 広 廣 擴 櫎 矌 彍 鑛 礦 庪 兤 爌 㡲 嚝 䕇 䅊 㢉 㡸 㢒 䛸 䧪 廠 㢁 㢋 㡿 鄽 㢆 纏 㙻 嘃 傭 幮 廚 躕 櫥 廭 庴 瀳 薦 䭠 韀 韉 庎 掶 㨩 廄 廏 㡱 廐 㡹 嫝 漮 穅 㝩 䆲 䗧 鏮 㱂 嵻 㢜 鱇 槺 躿 廥 䊯 穬 鉱 鄺 懬 絋 纊 昿 曠 砿 懭 儣 壙 拡 褲 庫 廤 䵈 㡴 䕲 廩 庲 㢃 蝷 廲 㡵 嬚 譧 燫 簾 薕 䆂 鐮 劆 㢘 臁 㡻 廫 廇 㢅 龐 㢚 廘 廬 廔 嫲 嬤 蔴 䗫 犘 㦄 䳸 嚒 麼 穈 庬 孊 䊳 灖 䕷 麿 㸏 劘 爢 䭧 㠧 攠 醿 䌕 釄 戂 庿 廟 嚤 髍 嚰 䯢 䜆 饝 䭩 庅 擵 䩋 懡 礳 䃺 塺 黁 螷 蠯 庀 㢙 庈 㖢 廎 慶 櫦 廧 羻 㢛 廞 㢗 㺎 㣑 廝 庺 㴑 㢝 廀 㜍 煻 篖 䕋 蓎 䅯 鎕 餹 䧜 㲥 㼺 鶶 䌅 醣 磄 傏 禟 榶 膅 赯 庁 廰 廳 榳 庣 庝 庩 廜 㢑 䵉 㢏 廈 謶 䉀 㵂 鏣 庻 㡽 嗻 嫬 蟅 䩾 㢎 鷓 樜 熫 㡶 㡳 廌 庢 蹠 墌 粧 庒 䭖 㫂 㲿 瀇 廡 蓆 廂 䵇 㡾 廯 庨 緳 庘 庌 廕 㢓 㥷 㢞 庡 㡼 㚧 噟 廮 譍 応 應 㢍 鷹 䧹 軈 嫞 滽 䗤 鏞 䧡 㟾 鷛 廱 牅 鱅 槦 庽 㡰 庮 牗 庂 賘 賍 蓙 㢔 黀
附属根	厂	厂	广	151	571	㵐 䴘 仄 傉 儋 劂 危 厂 厄 厅 历 压 厌 厍 厕 厖 厘 厚 厝 原 厢 厣 厥 厦 厨 厩 厮 呃 呖 唇 唬 喱 嘘 噘 噱 坜 堐 塬 墟 姽 娠 嫄 嫠 嫭 宸 岸 峗 崖 嶦 巇 彪 恹 愿 憺 扼 振 掳 搋 摅 撅 昃 晨 枥 桅 橛 橱 檐 沥 洈 涯 源 溽 滤 滹 漦 澹 澽 瀱 猇 獗 琥 璩 甗 疬 睚 瞻 硊 篪 缛 罅 罽 羱 耨 脆 苈 苊 蓐 蕨 薅 蘧 虎 虏 虐 虑 虒 虓 虔 虚 虞 虢 虤 蜃 螈 蟾 褥 褫 襜 觑 詹 诡 谑 谵 赈 赝 赡 跪 蹰 蹶 轭 辰 辱 遽 醵 釐 镢 雁 雳 震 靥 韂 顾 餍 饕 魇 鳜 黡 齇 𫘪 𫵷 𬱟 𬶏	啀 嘊 娾 阨 䝽 㕌 厓 捱 伌 婩 錌 㱘 㟁 厈 䮗 堓 厫 虨 虣 淲 滮 厠 蔖 䣜 虘 䠡 䥄 皻 㓹 遞 厎 䞾 噡 癚 贍 擔 聸 䃫 䄡 甔 黵 膽 厧 嵟 囐 蚅 鈪 頋 屵 㩵 軛 齾 砈 枙 㕊 虙 膚 厞 㷴 㶁 詭 劌 蛫 䤥 陒 厬 嶡 䮹 㧪 䍯 恑 佹 䠩 祪 鱖 㩻 䣀 鱥 觤 垝 號 㙱 諕 虠 鎒 䝞 椃 甝 䖔 濊 奯 㯉 蒝 䝠 豲 瓛 䰧 嘑 謼 箎 萀 䗂 錿 㕆 摢 虝 歑 虖 虍 戯 戲 雐 㦆 俿 鯱 噦 薉 顪 獩 翽 穢 銊 鐬 䢈 檅 㗋 㺅 矦 㜘 㢒 莀 䆣 䢅 䀼 㲀 敐 䣅 㫳 麎 曟 鷐 侲 桭 厰 裭 䶵 辴 幨 湹 產 䣑 䪜 緾 纒 㬄 䦲 䠨 㙴 壥 磭 㡡 䶥 蟵 㕏 㕑 處 䖏 櫖 櫉 滣 浱 漘 䔚 䥎 陙 䫃 脣 厪 蘮 㓺 謯 㷾 䙠 蟩 鐝 㟲 蟨 嶥 憠 蹷 橜 鷢 臄 㘌 簴 籧 鐻 㨿 㩀 據 虡 劇 勮 豦 懅 躆 壉 㕅 㕉 㕎 尯 虧 嚹 㕇 厲 嚦 讈 爄 爏 糲 糎 濿 瀝 藶 㺡 癧 䘈 蠣 㿨 䥶 犡 竰 勵 㠣 巁 歴 歷 厤 㻺 暦 曆 磿 㽁 厯 剺 攊 轣 孷 斄 犛 氂 䍥 䍽 曞 㱹 礪 礰 儮 禲 靂 靋 鱱 櫔 櫪 兣 䟐 壢 瓑 厱 攎 嚧 髗 艣 爐 艫 籚 罏 瀘 蘆 獹 㿖 蠦 鐪 鑪 矑 㢚 㠠 廬 擄 攄 䰕 轤 纑 顱 虜 㪭 鸕 曥 盧 㱺 䲐 鱸 㯭 櫨 黸 臚 壚 瓐 爈 濾 藘 鑢 驢 㔧 勴 慮 儢 矋 䖑 滅 烕 搣 睂 䖓 嶩 䃩 憹 噥 譨 䁸 擃 鬞 搙 钀 臲 䡾 燶 襛 濃 蕽 㺜 䵜 穠 癑 齈 䢉 繷 醲 儂 禯 檂 農 辳 欁 膿 瘧 䖋 䖈 硸 㖸 䅶 槈 厐 龎 嶏 䬌 㕋 㕂 㗔 㨜 䖍 鰬 榩 厒 謜 縓 䆽 䁦 㠊 覰 覷 覻 憈 鱋 㯫 䟊 䢇 縟 嗕 媷 鄏 㦺 虩 謕 㴲 螔 鼶 䫢 鷉 磃 傂 禠 榹 歲 䖛 獻 歳 嵗 嗁 㡗 厗 㥴 㔸 䖙 蹏 鷈 厛 舚 䖘 㻯 厙 蜄 鋠 㰮 祳 脤 厔 虪 厏 摣 㪥 樝 厇 㖘 帪 誫 裖 屒 賑 䳲 䟴 㕄 䚦 譫 讝 薝 虥 虦 䱳 䟋 㹉 卼 䖚 饖 㕒 峞 頠 厃 鮠 嚱 㸍 㺣 㾷 隵 㕃 㱆 䖒 戱 覤 㚀 玁 婋 㕐 贙 謔 魖 㖅 噓 譃 䬄 䢕 驉 歔 虗 虛 䎉 珬 鎼 鏬 䖎 䖖 㙈 㙤 䞊 漄 厭 厊 厑 圧 壓 崕 䕾 䖐 䖜 嚈 擪 懕 靨 擫 擨 歋 䞅 㕈 䖌 䖊 㘙 嚴 讞 孍 簷 䉷 䶫 顏 彥 魘 嬮 贋 贗 㷳 巘 巚 巌 巖 巗 麣 厴 饜 檿 鳫 鴈 黶 釅 曕 曮 鬳 䖗 懨 礹 儼 厳 欕 軅 壧 獂 㟶 厵 願 厡 騵 㥳 傆 榞 㜧 噳 澞 䱷 䲣 鸆 㳁 䖕 厜
附属根	疒	疒	广	104	227	嫉 疔 疖 疗 疙 疚 疝 疟 疠 疡 疢 疣 疤 疥 疫 疬 疭 疮 疯 疰 疱 疲 疳 疴 疵 疸 疹 疼 疽 疾 痂 痃 痄 病 症 痈 痉 痊 痍 痒 痓 痔 痕 痘 痛 痞 痢 痣 痤 痦 痧 痨 痪 痫 痰 痱 痴 痹 痼 痿 瘀 瘁 瘃 瘅 瘆 瘊 瘌 瘐 瘕 瘗 瘘 瘙 瘛 瘟 瘠 瘢 瘤 瘥 瘦 瘩 瘪 瘫 瘭 瘰 瘳 瘴 瘵 瘸 瘼 瘾 瘿 癀 癃 癌 癍 癔 癖 癗 癜 癞 癣 癫 癯 蒺	㿄 㾢 㾨 痷 痭 痺 疕 疪 癛 疺 㿜 癟 㾟 㾱 㾊 㿊 瘄 瘯 疩 㾑 㿒 㿃 瘍 癚 癉 痶 瘨 癲 瘹 痥 㾄 痽 痾 㿎 瘋 㽹 癁 㾈 痡 癈 疿 㾸 㾘 疘 㾩 瘑 㿆 痯 瘝 癏 㾶 㽽 癐 痀 㾂 癋 㑵 㾮 癨 瘓 㾰 藱 痐 瘣 㾯 㾹 㾝 瘎 㽸 痸 癡 瘈 瘡 痋 㾻 㾥 癪 痵 㽺 㾵 癠 螏 愱 槉 痙 㽲 㽱 癤 㿍 痎 㾏 瘚 疦 㿓 㾠 㾧 瘔 癩 癝 痳 癆 癘 㾿 㾐 癧 㿛 㾖 㾉 㾗 㾾 療 癳 㿚 癅 癴 癵 㿖 㾔 瘻 㿔 瘺 痲 㾺 痻 癦 痝 㾇 痗 㾍 疓 疒 痆 癑 瘧 㿙 㾫 㾦 㾛 㾣 瘽 疧 㾤 癄 㾀 㾜 㾡 㿏 㾆 㾒 㿋 瘷 痠 瘶 痑 癱 㾃 痌 痜 瘏 㿉 㿗 㾼 㾽 㾕 瘮 㾪 痁 癙 㾁 㽷 痩 㾴 癥 㽴 痮 瘬 疻 㽻 疷 瘇 㾭 疛 瘒 㽾 癓 痏 㾙 㿇 㾷 瘜 㿌 㿅 癎 癇 痚 痟 㾚 㾋 㾌 癬 疶 疞 㽳 㾎 疜 疨 痖 瘂 癊 瘖 癮 㿑 癢 痬 瘱 瘞 㿕 㿘 癭 㾓 癕 癰 瘉 癒 㾞 㾅 瘲
主根	厉	厉	厉	5	0	励 厉 砺 粝 蛎	无
主根	干	干	干	36	104	刊 啥 垾 奸 岸 干 悍 扞 捍 擀 旰 旱 杆 汗 焊 犴 猞 玕 矸 秆 竿 罕 肝 舍 舒 蔊 虷 衎 讦 赶 轩 邗 酐 靬 顸 鼾	婩 頇 㸩 錌 㟁 厈 屽 䮗 豻 貋 堓 逬 䖫 閈 餠 倂 幷 癷 䯎 骭 㶥 筸 簳 衦 芉 稈 攼 鳱 迀 㿻 釬 飦 盰 皯 忓 仠 幹 亁 䵟 桿 檊 趕 舘 㪋 䳚 哻 䛞 浫 涆 澣 䓍 猂 䍑 闬 䧲 皔 銲 睅 軒 馯 駻 㢨 䍐 晘 䏷 乗 㶣 訐 筓 姧 䓸 麉 䶬 銒 幵 豣 栞 覝 䖹 哶 硸 輧 帲 簈 屛 甁 騈 腁 舖 倽 涻 捨 騇 剰 鵨 郉 娨 搟 蓒 䆭 揺 姸 詽 硏
附属根	千	千	干	52	136	乖 乱 仟 佸 倕 刮 千 唾 圲 垂 埵 忏 恬 憩 懂 扦 括 捶 插 敌 杄 栝 棰 歃 歼 活 湉 甜 睡 纤 聒 舌 舐 舔 芊 董 蛞 话 跹 踵 辞 迁 适 重 钎 锤 锸 锺 阔 阡 陲 鸹	缍 䅜 崜 綞 硾 㻔 㗢 嬞 箽 湩 揰 動 㣫 働 䓙 㾩 䂷 咶 䯏 䒷 鴰 銛 䀨 颳 䏦 趏 姡 萿 秳 䣶 㓉 䄆 話 舙 腄 㛼 䛽 臿 鍤 揷 偛 㮑 喢 䑛 㪓 㡖 喠 褈 種 蝩 隀 衝 䳯 緟 偅 㮔 䍋 箠 菙 郵 埀 錘 㔓 㔚 舏 㔞 筈 濶 葀 頢 懖 髺 闊 䟯 䦚 吀 䄭 䄹 秊 䙄 䅤 㩾 憇 㞚 奷 粁 汘 竏 釺 䀒 瓩 兛 忎 䑙 狧 䑜 濌 舕 舑 舚 䑚 甛 餂 涶 畽 䵯 憅 慟 䞌 舓 娷 䳠 㴙 䮢 牐 㢎 媑 諥 煄 籦 歱 尰 瘇 鍾 䱰 腫 堹 諈 甀 铦 絬 敮 薫 勲 厜 䮔
附属根	于	于	干	34	71	㙦 于 余 冔 叙 吁 圩 宇 徐 悆 斜 旴 梌 涂 溆 滁 狳 畬 盂 盱 稌 竽 纡 艅 芋 荼 蜍 迂 途 邘 酴 除 𬣙 𬳿	塗 䟻 釪 捈 篨 蒢 䅷 㾻 趶 紆 㐵 厁 唋 筡 蒤 䔑 鷋 䩣 䣄 峹 嵞 䳜 庩 駼 悇 凃 鵌 㻌 䞮 瑹 賖 蒣 俆 䵹 汙 盓 窏 扜 弙 䵦 杅 訏 漵 潊 㽳 敘 敍 䍱 䏏 餘 骬 㚥 畭 䍂 衧 㝼 䄨 穻 䢓 虶 䩒 雓 㡰 酑 䣿 硢 馀 鮽 㪀 玗 荢
主根	已	已	已	1	0	已	无
附属根	巳	巳	已	35	92	僎 刨 包 匏 咆 噀 圯 夔 孢 导 巳 巷 巽 庖 异 抱 撰 枹 汜 泡 港 炮 狍 疱 祀 胞 苞 袍 跑 雹 飑 饱 馔 鲍 龅	骲 笣 㵡 菢 齙 窇 蚫 袌 䥤 鉋 飽 靤 髱 怉 砲 佨 䎂 鮑 铇 䳈 颮 䮀 瓟 䍖 玸 炰 㱼 闀 囘 塂 㷷 襈 㷗 䕫 蘷 虁 犪 巙 躨 獿 巎 夒 㡪 㚿 䛌 萢 鞄 䶌 麅 軳 爮 皰 麭 㯡 褜 垉 䉦 韆 遷 櫏 譔 鐉 䄐 㹛 䇃 釲 選 䏋 簨 潠 㦏 戺 巶 㯢 蟤 饌 凞 煕 焈 熈 㟟 褼 僊 蹮 躚 䍻 繏 㔵 䠣 巺 㰝 攺
附属根	巴	巴	已	38	80	吧 岊 岜 巴 悒 扈 把 挹 杷 浥 淝 滟 潖 爬 爸 琶 疤 笆 筢 粑 绝 羓 耙 肥 舥 色 艳 艴 芭 葩 蚆 裛 邑 邕 钯 铯 靶 鲃	䈈 䶕 㞎 㸭 皅 鈀 䯲 㿬 弝 紦 夿 跁 䰾 豝 巼 邫 鄨 郶 脃 㛕 萉 俷 蜰 郌 䣈 熩 簄 滬 蔰 㨭 槴 蘎 靘 蕝 撧 㔃 㔢 絕 絶 郒 䣖 䒐 䒎 䒌 㛂 妑 帊 䒍 艵 濪 銫 䒏 巵 㯄 梔 齆 䒊 赩 䢽 䱒 䒋 唈 䇼 䓃 䭂 俋 灔 灧 艷 艶 嗈 㜉 㴩 灉 癰 廱 郺 雝 䵥 栬
附属根	己	己	已	28	22	凯 剀 圮 垲 妃 屺 岂 己 忌 恺 改 杞 桤 玘 皑 硙 纪 芑 觊 记 起 跽 配 铠 闿 鱾 𫖮 𬮿	䨽 忋 䪱 巹 誋 記 䓽 䋟 紀 魢 㠱 妀 梞 鵋 㞯 巻 嶏 蓜 䒻 䄫 邔 圏
附属根	㔾	㔾	已	66	94	仓 伧 倦 创 剜 卮 危 卷 卺 厄 呃 呛 圈 姽 婉 婘 宛 峗 怆 怨 惋 戗 扼 抢 枪 栀 桅 棬 椀 氾 沧 洈 涴 炝 犯 玱 琬 畹 疮 眢 硊 碗 箢 绻 脆 腕 舱 苊 苍 苑 范 菀 蜷 蜿 诡 豌 跄 跪 轭 锩 顾 鬈 鸧 鸳 𬱟 𬶏	焥 阨 伌 蚅 鈪 頋 軛 砈 䝈 枙 笵 範 䀀 㼝 詭 蛫 䤥 陒 㧪 䍯 恑 佹 祪 㩻 䣀 觤 垝 裷 闂 寋 㔾 淃 菤 蔨 錈 睠 捲 勌 惓 踡 腃 埢 啳 尯 臲 箞 䙴 䊎 䅚 犈 綣 㒽 篹 啘 䯛 䛷 帵 䑱 䘼 䗕 惌 鋺 䝹 睕 䩊 捥 綩 晼 㽜 䖤 夗 盌 倇 踠 䳃 埦 㱧 卼 峞 頠 鮠 䵫 黦 䛄 葾 鹓 鵷 䩩 䡝 㠾 妴 㤪 駌 鴛
主根	以	以	以	5	7	以 似 姒 拟 苡	㕽 娰 泤 䎣 笖 䬮 鉯
主根	变字头	变字头	变字头	15	2	变 塆 娈 孪 峦 弯 恋 挛 栾 湾 滦 脔 蛮 銮 鸾	変 鵉
附属根	亦	亦	变字头	5	7	㑊 亦 奕 弈 迹	跡 洂 亪 㴒 湙 帟 硛
附属根	亦字底	亦字底	变字头	9	28	哧 螫 赤 赦 赧 赪 赫 赭 郝	䞒 嚇 焃 爀 䓇 䚂 䬉 捇 䦝 䞑 浾 赬 頳 䞓 䤲 硳 㬄 㫱 䞕 赯 赨 䞔 㤸 赥 赩 懗 赮 䞰
主根	衣	衣	衣	36	45	亵 依 哀 扆 榱 滚 磙 缞 蓑 衣 衮 衰 衷 衾 袅 袈 袋 袤 袭 裁 裂 装 裒 裔 裘 裛 裟 裳 裴 裹 褒 褰 襞 铱 锿 饻	藵 䘡 褩 袰 褺 裻 䙨 㿆 㠢 懐 壊 袃 裚 褧 䙪 挔 嬝 䮍 䙚 裊 䘫 褜 搇 攐 裠 製 裝 䘚 褽 襲 餏 㛄 畩 㵝 㳖 䕍 䒾 銥 䧇 㕈 庡 㥋 褮 䘱 袬
附属根	衣省	𧘇	衣	27	93	侬 俵 儇 农 哝 圜 婊 嬛 寰 擐 浓 澴 猿 秾 缳 翾 脓 脿 表 袁 裱 辕 镮 鬟 鹮 𫍽 𬪩	㗒 鎄 袌 襃 䁵 諘 錶 䁃 㧼 䙑 縗 裦 䃶 褁 䙛 癏 䚪 鱞 櫰 瓌 䜇 滾 蓘 蔉 袞 㨰 㙥 還 㜳 瀤 蘹 蘾 褢 褱 耲 懷 壞 糫 㶎 阛 鐶 攌 轘 瞏 繯 䴉 闤 懁 䴋 環 彋 袲 獧 裏 嚢 嬢 醸 㜵 褭 㠡 䃵 㒟 橠 㶶 裵 㒅 睘 譲 穣 壌 簑 簔 滖 㲤 袠 㞡 㐮 䙝 衺 褻 褎 褏 譞 蠉 檈 偯 噮 媴 褤 溒 鎱 轅 榬
附属根	襄	襄	衣	15	20	儴 嚷 壤 攘 曩 瀼 瓖 瓤 禳 穰 蘘 襄 镶 骧 𬙋	㶞 蠰 鬤 孃 䖆 釀 讓 爙 䉴 獽 勷 鑲 忀 纕 懹 躟 欀 䑋 饟 驤
附属根	襄省	襄省	衣	5	5	囊 囔 攮 馕 齉	灢 饢 儾 欜 㚂
主根	行	行	行	17	17	愆 桁 珩 绗 荇 蘅 行 衍 衎 衒 衔 街 衙 衠 衡 衢 鸻	䯒 烆 鴴 胻 筕 䀪 䘕 絎 㤚 垳 䟰 䡓 䰢 哘 裄 洐 䓷
主根	立	立	立	75	254	产 亲 位 倍 僮 剖 唼 啦 噇 垃 培 妾 幢 彦 憧 拉 掊 接 撞 新 昱 曈 棓 榇 橦 泣 浐 涪 潼 焙 煜 瓿 疃 瞳 砬 碚 穜 立 竑 竖 竘 站 竞 竣 童 竦 竫 竭 端 笠 粒 翊 翌 艟 莅 菩 萨 蒟 蓓 蔀 薪 谚 赔 踣 部 醅 铲 锫 陪 霎 靖 鞡 颜 飒 𦒍	遃 䇑 䯽 竡 鞛 琣 稖 䎧 竝 傡 㦚 㵷 辧 辮 殕 䞳 婄 䍌 箁 篰 餢 勏 䳝 郶 䬏 廍 䴺 䏽 䔒 竲 竴 龖 龘 竳 竨 蕫 勭 墥 䇏 䇅 竕 錇 竎 䋨 䦣 櫬 龔 龏 攱 竓 䇋 竤 竵 䇈 㥉 嚫 襯 䞋 儭 雴 簅 滻 剷 㹌 産 鏟 嵼 摌 䊲 㦃 㯆 䐮 䚒 䭚 䃥 朣 寵 䆹 䂌 䡴 䌬 徸 罿 蹱 䝑 竐 竌 䇍 鷑 淁 苙 競 竧 䶬 菨 䇒 椄 䈮 㞐 龕 㘛 菈 㕇 㡴 㱞 翋 柆 䏠 㕸 䲞 涖 蒞 䶘 颯 鉝 䇐 鴗 竰 岦 竛 靇 龗 濓 䥥 亷 䇔 䌱 嚨 爖 篭 籠 襱 滝 瀧 蘢 䆍 龓 竉 蠬 龒 蠪 竜 礱 㰍 驡 鸗 䪊 聾 鑨 龍 壟 矓 贚 隴 巃 巄 龐 䏊 䮾 攏 徿 曨 礲 儱 躘 槞 櫳 䡁 朧 壠 瓏 豅 䇇 竗 倿 龎 竮 㸤 暜 㾦 賠 㟝 毰 㯁 咅 犃 㰴 媇 瀙 藽 寴 親 湇 竒 嵜 竏 䇂 䇌 帹 䈉 踥 鯜 䇎 竬 薩 虄 䬃 隡 竢 䇃 燑 獞 膧 氃 㼿 䴀 犝 㠉 䮵 㖣 敨 㪗 翣 㜪 竔 竍 竪 讋 澵 䠴 閚 竱 鐘 竚 䫓 噺 襲 趇 㢺 䇓 顔 霠 熤 䗑 竩 㘖 喭 諺 齴 龑 嵃 偐 楌 喅
附属根	豙	豙	立	1	4	毅	顡 䉨 藙 豙
主根	音	音	音	37	85	喑 噫 境 嫜 嶂 幛 彰 意 愔 戆 暗 暲 樟 歆 漳 獍 獐 璋 瘴 癔 窨 竟 章 臆 薏 蟑 谙 赣 鄣 镜 镱 障 音 韵 韶 黯 𫄷	醷 㛺 諳 萻 韽 鶕 䬓 隌 揞 䤃 罯 闇 腤 䪨 䪬 戅 戇 灨 贑 贛 䤗 㔶 噷 韹 䪦 頀 䪧 䪮 䔔 䪫 竸 鏡 傹 璄 糡 滰 竷 䀍 韷 韸 韼 堷 湆 樈 䪭 蔁 鏱 遧 瞕 麞 騿 慞 傽 鱆 墇 嬜 響 噾 䅧 瘖 䪩 䜾 韾 㢓 摿 嬑 譩 燱 澺 䖁 䗷 䪰 鐿 鷾 繶 憶 億 檍 偣 䪯 韺 䭗 摬 韻 韴
主根	夷	夷	夷	6	20	咦 夷 姨 痍 胰 荑	眱 挗 洟 䄺 䩟 㯩 鴺 䨑 鮧 桋 銕 㹫 蛦 䧅 峓 䮊 羠 恞 侇 跠
主根	乙	乙	乙	22	61	乙 乞 乾 亿 仡 吃 呓 圪 墘 屹 忆 挖 汔 疙 矻 纥 艺 虼 讫 迄 钇 龁	阸 乼 氹 乧 呝 㧖 軶 砨 豟 戹 乶 阣 㧉 杚 犵 䩐 䬣 扢 紇 肐 漧 亁 籺 齕 麧 乥 乯 刉 䞘 㨴 乬 乫 趷 㩿 乮 朰 乪 訖 䒗 盵 䢀 㫓 䎢 忔 䰴 乺 乷 乭 䎲 乽 穵 䦍 㲸 釳 乴 乤 釔 鳦 肊 乻 乲
主根	且	且	且	36	79	且 亹 俎 助 县 叠 咀 坥 姐 宜 寡 岨 徂 悬 殂 沮 狙 珇 疽 砠 祖 租 粗 组 苴 菹 蛆 诅 谊 趄 锄 阻 雎 驵 齇 龃	蔖 䣜 虘 䠡 䓚 麆 䣯 皻 䢐 怚 㲲 䴑 畳 疂 疊 㩹 曡 㜘 鉏 㢒 䶥 鋤 耡 耝 豠 蒩 謯 袓 飷 罝 䏣 齟 㡹 䪶 䢸 鴡 䃊 跙 䣾 䯶 笡 㚗 㸖 䈌 䁦 組 刞 覰 伹 䱉 㾴 抯 摣 㪥 柤 査 樝 㜼 筯 莇 斖 舋 勗 誼 萓 宐 冝 竩 椬 駔 䔘 唨 詛 䔃 葅 鎺 靻 䖕 爼
附属根	具字头	具字头	且	31	49	俱 值 具 嗔 埴 填 巅 惧 慎 植 殖 滇 犋 瑱 癫 直 真 瞋 矗 禛 稙 稹 纛 缜 置 衠 镇 阗 颠 飓 鬒	㥀 惪 㐤 齻 瘨 癲 厧 嵮 巔 攧 傎 蹎 顛 槙 㖵 謓 縝 㥲 䐜 颶 䋰 䡞 㮂 椇 埧 䡩 犆 寘 窴 鎮 搷 闐 磌 鷏 㯰 嫃 䈯 蒖 㣀 黰 淔 㨁 徝 憄 禃 嗭 䐈 縣 懸
主根	夕	夕	夕	86	190	䃎 侈 刿 剜 名 哆 哕 啰 嗲 夕 外 多 够 夤 夥 奓 奖 婉 宛 将 岁 嶙 怨 惋 扅 拶 桀 桨 梦 椀 椤 汐 洺 浆 涴 潾 爹 猡 琬 璘 畹 眢 眵 瞬 瞵 碗 磔 磷 移 秽 穸 箢 箩 簃 粼 罗 翙 翷 腕 膦 舛 舜 舞 苑 茗 菀 萝 蒋 蜿 豌 辚 逻 遴 酩 酱 铭 锣 锵 飧 鳉 鳞 鸳 麟 黟 𬭸 𬴊	焥 跢 㚋 誃 袳 茤 夛 陊 䫂 㻧 歺 㼝 㷇 㚉 夠 䇋 拸 㔰 䑟 謋 㚌 㶤 夦 椉 䮪 謻 㶴 鉹 袲 㢁 㢋 䮈 卶 䏧 垑 趍 荈 僢 姼 螀 䇟 滐 嵥 搩 㘶 傑 桝 榤 䑝 㚊 翗 㚚 㚍 㔂 鄰 斴 亃 㷠 燐 疄 粦 甐 䢯 䚏 獜 䗲 鏻 隣 䫰 䮼 撛 轔 驎 繗 暽 僯 蹸 䚬 鱗 橉 噒 嫾 憐 㑩 栁 桞 夘 䀤 䙦 顭 鄸 夢 㝱 夣 懜 儚 䑅 㙹 姳 詺 䊅 銘 眳 㫥 佲 䋾 㡅 橠 㐴 䡔 夡 㒅 夝 芕 蕵 摉 迯 痑 蛥 䬷 曻 斘 恀 蕣 䑞 橓 䴄 㗬 䵙 偧 䐒 㩼 啘 夞 䯛 䛷 帵 䑱 䘼 䗕 惌 鋺 䝹 睕 䩊 捥 綩 晼 㽜 䖤 夗 盌 倇 踠 䳃 埦 㱧 䒉 㵲 儛 躌 釸 邜 矽 僲 㱔 䵫 濥 䢣 黦 熪 䔟 㝖 㞔 迻 栘 匇 䛄 茒 葾 鹓 鵷 䩩 䡝 㠾 妴 駌 鴛 郺 桚
附属根	然左角	然左角	夕	3	46	炙 然 燃	䏑 㸋 䟸 䒂 䉃 蔣 摪 獎 螿 醬 漿 㢡 奬 槳 將 鱂 㯍 頯 爒 撚 蹨 鏘 嶈 墏 䵁 蹡 嘫 㜣 䔳 繎 㦓 䳿 㒄 橪 䂹 䵼 㬗 謠 㨱 搖 䚻 䌛 遙 邎 㑾 瑤
附属根	歹	歹	夕	37	111	䴕 例 冽 列 咧 夙 峛 歹 死 歼 殁 殂 殃 殄 殆 殇 殉 殊 残 殍 殒 殓 殖 殚 殛 殡 殣 殪 毙 洌 烈 葬 薤 薨 裂 趔 餮	㱯 殯 㱶 斃 㱸 殕 㱛 䉔 殘 飱 㱚 殩 殫 殦 殜 㱭 殰 殬 㱩 㱵 㱠 㱙 薧 㱱 殨 㱮 殙 銐 臰 殠 殑 殭 㳨 殱 殲 殧 殌 㱞 䶛 㱥 㱢 㾐 峢 䮋 㡂 㽝 㤡 㱹 㱫 殮 㱨 㱻 茢 䅀 蛚 颲 挒 姴 烮 劽 㤠 鮤 鴷 迾 栵 煭 㱺 㱪 㱳 歾 歿 㱟 㱦 殏 殎 肂 洬 㓘 殐 㑉 珟 薞 薚 殢 㱣 殅 㱡 殤 屍 㱜 歽 殝 殟 㱧 㱬 㱤 殈 殥 殀 殗 殔 㱲 㤪 殞 㱰 髒 塟 㘸 㱴 㰷 㭮
附属根	夜下角	夜下角	夕	4	6	夜 掖 液 腋	㖡 䤳 鵺 焲 䘸 棭
附属根	祭字头	祭字头	夕	13	20	傺 嚓 察 擦 檫 漈 瘵 磜 祭 穄 蔡 镲 𬶭	攃 䌨 䃰 礤 縩 㻮 豋 䕓 鑔 摖 詧 憏 際 暩 鰶 䏅 㗫 聺 櫒 㡜
附属根	登字头	癶	夕	20	68	凳 噔 嶝 憕 戣 揆 暌 橙 澄 璒 癸 登 睽 瞪 磴 葵 蹬 镫 阕 骙	癹 墢 襏 潑 撥 驋 發 癷 癶 蹳 鱍 㾱 嬁 燈 艠 䙞 簦 䔲 竳 鐙 隥 䮴 㔁 鄧 㲪 䳾 覴 僜 䠬 櫈 墱 蕟 醱 発 橃 䉬 䕠 癈 廢 廃 䚨 櫠 湀 猤 䤆 撜 䠏 騤 闋 䙆 藈 鍨 聧 鄈 䳫 楑 㗶 溌 鏺 醗 邆 霯 膯 鼟 㡠 㡧 證 䆸
附属根	留字头	留字头	夕	14	34	榴 溜 熘 留 瘤 籀 罶 贸 遛 镏 飗 馏 骝 鹠	㨨 䝀 嚠 媹 嬼 䉧 瀏 蒥 藰 䗜 䶉 鎦 餾 飀 䬟 嵧 廇 騮 鬸 劉 鶹 磂 懰 蹓 霤 㽌 鰡 橮 塯 瑠 貿 鄮 斵 籕
附属根	餐字头	𣦼	夕	4	12	瀣 璨 粲 餐	燦 爘 澯 薒 㛑 䝳 㣓 䱗 儏 殩 韰 㒠
主根	殳	殳	殳	44	176	塅 墼 彀 役 投 搬 椴 榖 槃 殁 殳 殴 段 殷 殿 毁 毂 毅 没 溵 瀔 煅 瑖 疫 瘢 癜 磐 磬 祋 縠 繄 缎 罄 羖 翳 股 臀 般 芟 觳 设 锻 馨 骰	㿄 㗨 癹 墢 搫 螌 褩 䈲 䰉 䃑 襏 潑 撥 驋 發 蹳 鱍 豰 澱 壂 䩔 葮 鍛 毈 緞 㱭 碫 腶 杸 吺 䬦 酘 蕟 醱 橃 䌓 䉬 䕠 癈 廢 䚨 櫠 㱾 濲 䐨 穀 糓 轂 䅽 䡰 㯏 㜌 㝅 㨌 撀 㱼 礊 瀫 㱿 㷤 㺉 嗀 螜 譭 燬 毀 毇 㩓 檓 㲀 㲂 䯴 竐 蘻 㲅 毄 撃 擊 繋 繫 蟿 轚 檕 瞉 廄 廏 㲃 匓 㲄 瑴 殼 殸 㲁 毆 䍍 鷇 㲆 鏧 莈 㿦 媻 幋 縏 鎜 鞶 盤 瀊 蒰 䰔 䃲 㗶 鏺 㱽 罊 謦 㷫 漀 毃 殻 㲉 愨 慤 㲊 䊛 摋 殺 鎩 㲈 臋 㩔 䟝 蔱 榝 樧 設 蔎 聲 軗 䝂 砓 殶 黳 殽 毊 殾 蒑 慇 磤 韾 蠮 炈 䉨 䓈 藙 蘙 鈠 䝘 垼 伇 殹 嫛 贀 鹥 䗟 毉 瞖 瑿 醫 䃜 鷖 㙠 豛 坄 䥣 鑿 糳
主根	勿	勿	勿	25	133	偬 刎 剔 勿 匆 吻 唿 囫 埸 忽 惕 惚 昒 易 淴 物 笏 芴 葱 蜴 裼 赐 踢 锡 锪	賜 䈡 怱 茐 䗓 鍯 聦 騘 緫 繱 楤 婸 簜 燙 璗 盪 蕩 蘯 瘍 䑗 崵 逿 愓 碭 偒 場 瑒 鬄 㬟 朆 甮 覅 沕 䀜 鍃 㫚 㳷 曶 䓤 㺀 䬍 㧾 虝 匢 匫 䴯 䨚 畼 暢 腸 膓 塲 䆫 牎 䖏 䐇 㩀 䀛 歾 魩 圽 瀃 儩 濍 揔 憽 檧 啺 糃 湯 漡 薚 蝪 鐋 餳 摥 㼒 踼 䞶 䯜 錫 掦 惖 逷 䵘 鬺 慯 殤 傷 禓 觴 䵰 舓 睗 脗 肳 粅 岉 伆 㛫 焬 緆 諹 煬 鍚 鐊 䁑 陽 颺 氱 揚 輰 昜 暘 䬗 敭 㦹 霷 鰑 䵮 楊 鸉 痬 晹 敡 鶍 㑥 鯣 㷓 燪 㹅 惣 愡
附属根	杨字边	𠃓	勿	20	0	场 扬 旸 杨 殇 汤 炀 烫 玚 畅 疡 砀 肠 荡 觞 钖 铴 飏 饧 𬍡	无
主根	矢	矢	矢	45	98	侯 俟 候 医 唉 喉 嗾 埃 堠 嫉 嫕 彘 挨 族 智 欸 涘 猴 疾 痴 瘊 矢 矣 知 矧 矩 矫 矬 短 矮 矰 篌 簇 糇 繄 缑 翳 蒺 蔟 蜘 踟 镞 雉 𬭤 𬸦	娭 㶼 㿄 騃 㗨 矲 瘯 䃚 䂏 誒 诶 彂 緱 㑵 䂕 㗋 帿 䙈 葔 㺅 䗔 鍭 餱 䞀 睺 䂉 㬋 䫛 鄇 矦 翭 鯸 㮢 䳧 聅 鏃 䂑 䚐 螏 愱 槉 矯 榘 䂒 䒨 㸻 竢 逘 䣽 薙 䠶 矤 䛈 笶 鉃 䂠 䀢 䀵 潪 䠦 䝷 䵹 鼅 㲛 鴙 䉜 䓡 倁 椥 垁 璏 䂐 鷟 矪 黳 䐅 䂔 聟 蠮 蘙 殹 嫛 贀 鹥 䗟 毉 瞖 瑿 醫 䃜 悘 鷖 㙠 矨 矱 㑨 㵀 㞺
附属根	失	失	矢	10	28	佚 失 帙 昳 瓞 秩 跌 轶 迭 铁	詄 泆 苵 眣 軼 镻 㲳 怢 柣 䳀 胅 趃 鴩 䰡 呹 抶 蛈 鉄 妷 袟 袠 紩 祑 䱃 翐 䭿 劮 怣
主根	兔	兔	兔	8	29	儳 兔 冤 堍 巉 菟 逸 镵	纔 婏 嬔 嚵 讒 艬 瀺 㺥 鑱 饞 䂁 䧯 攙 㸥 劖 酁 毚 欃 㕙 㝹 䨲 䖘 鵵 㭸 䪌 㜶 蒬 寃 䥉
附属根	免	免	兔	12	19	免 冕 勉 娩 挽 搀 晚 浼 谗 鞔 馋 𩾃	㛯 嬎 俛 䜛 㡈 悗 㻊 睌 絻 葂 莬 㝃 鮸 凂 脕 䅋 鋔 輓 梚
主根	卩	卩	卩	15	58	即 却 卸 卿 叩 命 唧 堲 御 报 服 脚 菔 赧 鲫	昻 蕔 報 卾 箙 棴 鵩 卶 喞 㸅 蝍 卽 皍 䳭 揤 鯽 楖 䐚 叝 踋 腳 卻 幯 節 蠞 卩 莭 卪 癤 䗻 擳 㦢 䲙 䖼 栁 夘 掵 椧 笻 卭 㾡 㕁 卹 卲 㘉 瀄 櫛 䥮 厀 啣 缷 㥐 籞 篽 蘌 蓹 䥏 禦
附属根	卬	卬	卩	5	8	仰 卬 抑 昂 迎	䒢 䩕 䀚 岇 䭹 㭿 枊 䤝
附属根	阝	阝	卩	203	385	䢺 䢼 䣘 倻 哪 啊 啷 嘟 坠 堕 娜 婀 屙 帮 廊 廓 挪 掷 揶 梆 椭 椰 榔 泐 滁 漋 漷 琊 瘾 癃 祁 窿 筇 绑 耶 荫 萨 蔀 螂 踯 邓 邗 邘 邙 邛 邝 邠 邡 邢 那 邦 邨 邪 邬 邮 邯 邰 邱 邲 邳 邴 邵 邶 邸 邹 邺 邻 邽 邾 邿 郁 郃 郄 郅 郇 郈 郊 郎 郏 郐 郑 郓 郗 郚 郛 郜 郝 郡 郢 郤 郦 郧 部 郪 郫 郭 郯 郴 郸 都 郾 郿 鄀 鄂 鄃 鄄 鄅 鄌 鄑 鄗 鄘 鄙 鄚 鄜 鄞 鄠 鄢 鄣 鄫 鄯 鄱 鄹 酂 酃 酅 酆 铘 锕 队 阡 阪 阮 阱 防 阳 阴 阵 阶 阻 阼 阽 阿 陀 陂 附 际 陆 陇 陈 陉 陋 陌 降 陎 限 陑 陔 陕 陛 陞 陟 陡 院 除 陧 陨 险 陪 陬 陲 陴 陵 陶 陷 隃 隅 隆 隈 隋 隍 随 隐 隔 隗 隘 隙 障 隧 隩 隰 隳 骘 𠳐 𦰡 𨙸 𨚕 𨟠 𨺙 𫑡 𬩽 𬮿 𬯀 𬯎	錒 隑 阸 阨 䢿 陰 隌 隞 郩 䧬 䧛 綁 幚 垹 䧗 鄪 陃 郣 篰 陠 廍 䔒 郥 䣙 鄁 鄵 䣋 䣟 酇 䣜 䧂 隝 陦 隯 隥 鄧 䠬 䣣 䣊 䧑 隄 阺 埅 墬 䣌 鄲 䦺 嶞 陊 隓 陏 墮 憜 䲊 䝐 橢 陼 隊 陮 䂙 阧 郖 䣞 痾 娿 䋪 隭 陾 隫 鄷 㯐 邚 郍 邞 陚 阝 䧞 䮛 郙 陫 郂 阣 䧄 郠 阬 㗥 槨 墎 陒 䣀 䧚 䧫 㮝 邟 邩 䁨 㨯 酄 䧆 䜐 䧥 䧰 鄇 鄛 䧪 蔯 螴 陳 䣅 䢻 樄 阷 䧕 郕 䧝 䧯 䣑 鄽 酁 隀 篨 蒢 㾻 鄐 郵 陙 䕤 鄿 際 䢳 隮 䣢 郆 陘 險 䧖 隦 䣠 階 䣤 䦼 㰐 陱 郹 郰 邭 䢸 䢹 鄒 郟 㴫 陖 鄶 鄺 邼 鞹 霩 䧊 郀 鄈 鄰 隣 䧒 郲 阞 䉄 嫏 蓈 㾿 鎯 郞 䱶 瑯 䧉 䣓 酈 䔖 阾 䧙 鄻 鄝 陸 桞 蕯 㝫 䃧 隴 嶐 㦕 霳 郘 䣂 陯 䣚 䣕 鄮 鄸 鄳 鄤 鄍 郳 隬 䧔 㑚 梛 隉 䧢 挷 阰 郱 䧤 阫 㯁 䣛 邔 郬 郻 陗 鄡 鄥 䣇 㧭 桏 阹 隢 鄏 薩 隡 䣔 䉌 瀡 䔹 䥙 䧌 鐆 䢫 隨 瓍 鄋 䧜 隚 邒 䧃 䜏 嫷 阤 陁 撱 䣄 䣝 藬 隤 綤 邥 阩 陹 曏 䦹 陝 邖 䧠 敶 陣 塦 䨯 鄭 阯 隲 騭 擲 躑 䧘 鄟 墜 郮 䧓 邷 隖 阢 鄔 濻 䔺 隇 䧦 㠕 鄬 阠 邤 郋 鄎 隵 隟 䧍 邜 䣆 郉 薌 㗽 嚮 蠁 郷 鄉 鄊 鄕 響 饗 䦳 鱜 膷 䢾 䧟 険 陥 䧮 䧋 㖿 峫 㭨 䧎 鄦 䧁 䦽 䘏 䖎 陜 陿 鄩 瑘 讔 㶏 䕃 蔭 蘟 癊 癮 隂 阥 隠 隱 檃 櫽 陻 廕 㦩 䨸 爺 䓉 鋣 鎁 鄓 䧨 捓 鄴 鐊 阦 陽 䧅 䧇 陭 䧧 䣡 郼 酀 隁 隒 阭 郔 䣍 䣐 茒 隕 邧 䧡 喐 陓 䣁 鄖 鄆 䢵 鄾 㮋 䦻 䣎 鄼 唨
附属根	节字底	节字底	卩	5	3	卫 栉 爷 疖 节	兯 厁 壭
主根	辛	辛	辛	33	80	䴙 僻 劈 噼 壁 嬖 孽 宰 擘 梓 檗 滓 澼 璧 甓 癖 糵 臂 莘 薛 薜 蘖 襞 譬 辛 辜 辞 辟 避 鐾 锌 霹 骍	㠔 蘗 繴 鼊 鐴 躄 鸊 䁹 廦 䌟 㱸 躃 㦚 㵷 辧 辮 糪 孹 㵨 擗 檘 䡶 辝 辤 辭 嫴 橭 䐻 謘 㔑 遟 隦 辢 幦 搱 㖕 㜸 巕 嶭 㖖 糱 孼 蠥 櫱 憵 礕 鷿 闢 礔 䑀 壀 㸤 㛙 躠 厗 䅸 㾕 峷 稺 䛨 鋅 屖 䢄 騂 觪 垶 㲔 㸉 㔎 辪 辥 䢃 乵 䔂 䏁 䮨 縡 㱰 榟 辠
附属根	辡	辡	辛	4	5	瓣 辨 辩 辫	辦 辬 辯 䉸 辡
附属根	辛旁	辛旁	辛	1	0	辣	无
主根	王	王	王	226	343	㻬 佺 全 凰 匡 呈 哐 哢 喤 噩 埕 媓 尪 弄 徨 徵 惶 拴 旺 望 枉 栓 框 桯 汪 洭 润 湟 澂 煌 狂 王 玎 玑 玒 玓 玕 玖 玘 玙 玚 玛 玞 玟 玠 玡 玢 玤 玥 玦 玩 玫 玭 玮 环 现 玱 玲 玳 玶 玷 玹 玻 玼 玿 珀 珂 珅 珇 珈 珉 珊 珋 珌 珍 珏 珐 珑 珒 珕 珖 珙 珛 珝 珞 珠 珢 珣 珥 珦 珧 珩 珪 珫 珰 珲 珵 珷 珸 珹 珺 珽 琀 球 琄 琅 理 琇 琈 琉 琊 琎 琏 琐 琔 琚 琛 琟 琡 琢 琤 琥 琦 琨 琪 琫 琬 琭 琮 琯 琰 琲 琳 琼 瑀 瑁 瑂 瑃 瑄 瑅 瑆 瑑 瑓 瑔 瑕 瑖 瑗 瑙 瑚 瑛 瑜 瑝 瑞 瑢 瑧 瑨 瑭 瑰 瑱 瑳 瑶 瑷 瑾 璀 璁 璃 璆 璇 璈 璋 璎 璐 璒 璘 璜 璞 璟 璠 璥 璨 璩 璪 璬 璮 璱 璲 瓀 瓒 瓖 瓘 痊 皇 眶 碧 程 筌 筐 篁 艎 荃 蝗 裎 诓 诠 诳 辁 逛 逞 遑 郢 酲 醛 铨 锃 锽 闰 隍 顼 鳇 𤧛 𤩽 𤫉 𫛭 𫞩 𬍛 𬍤	璦 玵 玐 㺴 瑸 璸 㻞 寳 寶 寚 䴐 靌 珤 㻄 琣 㻶 㻫 䔊 琕 㺹 玣 㻉 珼 瑲 珁 㻮 瑽 琗 瓙 㻖 瑇 璫 瑒 珶 玬 琱 㻧 㻔 鐵 戜 㻡 丟 瓄 琽 讍 蘁 鑩 䫷 鱷 櫮 珴 琺 琒 璷 玸 瓂 㤮 俇 迋 㕵 囯 㺬 璝 瓌 璭 玽 䬖 諻 䊗 葟 䅣 㾮 䳨 皝 皩 鍠 韹 餭 崲 揘 騜 㞷 偟 䄓 䍿 鰉 楻 䑟 䞹 堭 瓛 瑍 環 玜 㻅 璯 璤 琿 䇸 瀓 浧 蟶 睈 挰 懲 徎 悜 㓌 侱 䄇 檉 脭 瑺 琩 酫 玔 瑏 璴 珿 輇 琻 㻱 璡 璶 㻑 㻷 璣 璾 璄 瑐 珔 玪 瑊 珓 琾 㺵 㺩 㲄 瑴 璚 㻕 玾 㻒 誆 誑 䒰 鵟 㾠 䖱 抂 軖 軭 忹 恇 劻 邼 㑌 瑻 瓎 㻝 㻋 珯 琜 玏 瑯 琍 瓑 瓈 瑮 瓅 瓓 璼 㻏 琌 璉 璙 硦 㼈 瑠 璢 㛞 㳥 㟖 㢅 㑝 梇 瓏 瓐 㻲 瓃 瑪 琝 琘 瑉 㺺 璊 玧 㻊 㣆 㻰 嬍 㺳 珻 㺲 挵 㻂 㺪 珮 璂 㺫 玌 姾 詮 烇 洤 牷 銓 䀬 峑 駩 絟 恮 硂 跧 瓗 㼇 瓊 琁 琷 璖 珃 撋 瑌 潤 瞤 㠈 䦞 閏 橍 膶 瓇 瑈 㻭 㺨 瑣 璅 琑 筭 璛 珟 玊 㻽 瓍 㻪 㻟 瑫 珆 瓋 鞓 廳 聽 兲 琠 璳 驖 㻌 瑹 㻠 㻯 聖 珄 瑡 㻿 璹 瑵 珎 塣 癥 徴 藢 瓆 璏 䟈 㻵 琖 琸 瑼 珘 珳 瑥 尩 㳹 㴏 蚟 尫 彺 仼 朢 琓 瓁 㻍 玝 瑦 璑 瑋 琋 珗 現 瑎 璓 璿 頊 㺷 珬 珨 璕 瑘 㝙 璌 瑤 璍 珜 玴 㺿 琂 珚 珱 瓔 軉 璵 琙 㺮 㻀 玗 鳿 㻸 鋥 璔 㺭 瓉 瓚 璻 㻓
附属根	玨	玨	王	9	22	斑 潖 班 琴 琵 琶 瑟 璱 癍	鬬 鬭 鬥 鬦 鬪 鬩 鬫 鬨 䰘 䰗 鬮 玨 㻎 鬧 䔷 珡 琹 䥅 濏 飋 錱 噖
附属根	玉	玉	王	17	26	国 宝 帼 掴 滢 玉 玺 珏 瑬 璧 璺 腘 莹 蝈 钰 𬇹 𬍡	㻗 璗 琧 㼂 啯 椢 瀅 筺 㻺 瓕 㺸 匤 㻃 㺱 閠 㓘 琞 䌳 璽 㻹 瑿 瑩 㻾 鈺 砡 䞝
主根	匕	匕	匕	156	352	乖 乘 些 仑 仳 伦 伲 佗 佬 偕 儳 冀 剩 匕 北 匙 吡 呢 呲 哔 喈 嗜 嘴 囵 坒 坨 坭 妣 妮 姥 婫 媲 嬿 它 尼 屁 嵊 巉 庇 彘 怩 愭 批 抡 指 揩 旎 旨 昆 昵 枇 柁 柴 栳 棍 楷 榰 此 死 比 毕 毖 毗 毙 沘 沦 沱 泚 泥 混 湝 焜 熊 燕 牝 狴 玭 玼 琨 琵 疵 瘪 皆 眦 砒 砣 秕 稽 筚 篦 紫 纰 纶 绲 老 耄 耆 耋 背 能 脂 舭 舵 芘 茈 荖 荜 葬 蒈 蓍 蓖 薨 蚍 蛇 褙 觜 訾 论 诣 谐 貔 赀 跎 跐 跸 轮 辊 酡 酯 醌 铊 铌 铑 锟 锴 镵 陀 陛 颍 颎 颖 馄 驼 骥 髭 鬯 鲲 鳍 鸨 鸵 麀 龇 𫚖 𫭢 𬬭 𬶍	䥝 梎 矲 䆉 䥯 罷 䎱 巼 駂 鴇 襬 擺 㔥 䯗 㠲 㡙 粃 笓 箆 萞 疕 疪 螕 蜌 皀 鈚 鎞 粊 㿫 䘡 枈 斃 䣥 紕 悂 䃾 魮 朼 梐 䉾 肶 䏶 㘩 㙄 埿 㔡 喸 苝 藣 鉳 揹 䋳 偝 禙 鄁 軰 㔨 纔 䠕 骴 呰 啙 㠿 姕 䖪 胔 飺 䳄 鮆 鴜 㘹 䲿 皉 庛 䂣 偨 佌 䆊 巓 槇 顚 詑 兠 橷 䚰 哛 兺 䓙 㾩 䂷 窤 莻 錕 輥 緄 䃂 惃 䵪 耈 薧 蒊 䛰 䊐 䅙 餛 掍 倱 䎜 䚠 䐊 喍 䓱 祡 齜 㾹 㔭 溗 騬 塖 嚐 嘗 鱨 迡 㥡 柅 嚵 讒 艬 瀺 㺥 鑱 饞 䂁 䧯 攙 㸥 劖 酁 毚 欃 㪓 㚟 㲋 䎝 埀 臰 喞 䂑 卽 㞓 㞛 鑙 驥 㧗 懻 㮷 頴 媘 煯 稭 蝔 鍇 階 鶛 掲 䃈 堦 廏 蘏 蘔 㯋 熲 顈 箟 㼱 勓 渇 㔞 廤 尡 熴 裩 潉 菎 猑 蜫 崐 崑 騉 鵾 鯤 堒 咾 粩 䇭 狫 蛯 銠 㧯 恅 硓 䳓 鮱 珯 䴡 唜 峔 匘 褦 熋 䘅 螚 㴰 䛏 䘦 苨 狔 秜 馜 痆 蚭 鈮 眤 㞾 抳 䝚 屔 跜 胒 㔮 䖈 犤 䚹 嫓 毘 阰 庀 毞 㨢 羆 豼 磇 䠘 㮰 膍 㖢 䅲 螧 鬐 紪 鮨 鰭 䭫 䭬 㩩 丠 唟 咜 鉈 態 㑷 鷆 塡 袉 㼠 迱 㾃 㸰 鼧 岮 䡐 拕 駝 䍫 䪑 紽 䴱 鮀 鴕 㵃 愼 䙾 冟 屍 䩃 䪌 䔝 砦 鎭 眞 䘣 㴯 搘 恉 㸟 嗭 栺 鴲 璏 夞 㜶 㚛 鄕 諧 炨 㱔 㾚 龤 䡡 瑎 匂 厑 㞁 䆞 㫐 詣 䬁 壱 嚥 䜩 讌 嬊 㷼 酀 㬫 䴏 鷰 驠 醼 曣 觾 臙 潁 穎 颕 歶 旕 髒 塟 㘸 訿 貲 㧘 㰣 眥 鈭 頿 頾 㰷 橴 㭰 蟕
附属根	肄字旁	肄左	匕	5	15	凝 嶷 疑 肄 薿	譺 懝 礙 儗 癡 窽 欵 㘈 㠜 擬 䰯 籎 寲 觺 㽈
附属根	比字旁	比左	匕	63	118	仳 倾 偕 儳 吡 哔 喈 坒 妣 婫 媲 屁 巉 庇 庼 彘 批 揩 昆 枇 棍 楷 比 毕 毖 毗 毙 沘 混 湝 焜 狴 玭 琨 琵 皆 砒 秕 筚 篦 纰 绲 舭 芘 荜 蒈 蓖 蚍 谐 貔 跸 辊 邶 醌 锟 锴 镵 陛 雌 顷 馄 鲲 鹍	䯗 㡙 粃 笓 箆 萞 疪 螕 蜌 鈚 鎞 粊 㿫 䘡 枈 紕 悂 䃾 魮 梐 肶 䏶 㘩 㙄 㔡 纔 漑 槪 窤 錕 輥 緄 䃂 惃 䵪 䛰 䊐 䅙 餛 掍 倱 䚠 䐊 嚵 讒 艬 瀺 㺥 鑱 饞 䂁 䧯 攙 㸥 劖 酁 毚 欃 㚟 㲋 皍 曁 旣 媘 煯 稭 蝔 鍇 階 鶛 䃈 堦 㲃 箟 勓 頃 蹞 尡 熴 裩 潉 菎 猑 蜫 崐 崑 騉 鵾 鯤 堒 䴡 䚹 嫓 毘 阰 毞 豼 磇 䠘 㮰 膍 䔛 廎 傾 䩃 䪌 璏 㜶 墍 諧 龤 䡡 瑎 爩 灪 䖇 鬰 鬱
附属根	七	七	匕	60	259	䴘 七 亳 侂 侘 切 吒 咤 唣 唬 嘘 噱 圫 垞 墟 姹 嫭 宅 巇 彪 彻 托 挓 掳 搋 摅 柒 沏 滤 滹 澽 猇 琥 璩 甗 皂 砌 窃 篪 罅 蘧 虎 虏 虐 虑 虒 虓 虔 虚 虞 虢 虤 褫 觑 诧 谑 遽 醵 饕 齇	虨 虣 淲 滮 蔖 䣜 虘 䠡 皻 矺 遞 扥 䞾 㡯 㤞 仛 詫 秺 㓃 䤜 囐 㩵 齾 虙 膚 㶁 號 㙱 諕 虠 䝞 椃 甝 䖔 㯉 瓛 䰧 嘑 謼 箎 萀 䗂 錿 摢 虝 歑 虖 虍 戯 戲 雐 㦆 俿 鯱 奼 㜘 䒲 䅊 秅 䤩 㢉 㢒 袃 烢 裭 䶵 䶥 處 䖏 櫖 䣨 㲺 㓺 謯 㷾 臄 㘌 簴 籧 鐻 㨿 㩀 據 虡 劇 勮 豦 懅 躆 壉 虧 嚹 攎 嚧 髗 艣 爐 艫 籚 罏 瀘 蘆 獹 㿖 蠦 鐪 鑪 矑 㢚 㠠 廬 擄 攄 䰕 轤 纑 顱 虜 㪭 鸕 曥 盧 㱺 䲐 鱸 㯭 櫨 黸 臚 壚 瓐 爈 濾 藘 鑢 驢 㔧 勴 慮 儢 䖑 䖓 钀 䡾 瘧 䖋 䖈 䨋 㖸 䬌 䀙 㗔 㨜 䖍 鰬 榩 苆 䟙 䆽 䁦 㠊 覰 覷 覻 憈 鱋 㯫 䟊 虩 謕 㴲 螔 鼶 䫢 鷉 磃 傂 禠 榹 䖛 獻 嗁 㡗 㥴 㔸 䖙 蹏 鷈 託 讬 汑 飥 馲 乇 饦 魠 杔 䖘 㻯 虪 灹 䆛 䖳 摣 㪥 樝 厇 籷 虴 䚦 虥 虦 䖚 嚱 㸍 㺣 㾷 隵 㱆 䖒 戱 覤 㚀 婋 贙 謔 魖 噓 譃 驉 歔 虗 虛 鎼 鏬 䖎 䖖 㙈 㙤 䞊 䖐 䖜 擨 歋 䖌 䖊 讞 巘 巚 鬳 䖗 噳 澞 䱷 䲣 鸆 梍 䯔 䖕
附属根	化字边	𠤎	匕	14	24	化 华 叱 哗 晔 桦 烨 花 讹 货 铧 靴 骅 龀	吪 訛 鈋 魤 囮 炛 沎 貨 婲 誮 糀 㳸 芲 蒊 錵 㟆 硴 杹 椛 埖 齔 䂗 㬸 㗾
主根	习	习	习	88	206	䎃 䎖 习 僇 勠 嗡 塌 嫪 嬥 寥 嶍 廖 戮 戳 扇 擢 曜 栩 榻 歙 溻 滃 漻 濯 瀚 煽 熠 熻 珝 璆 疁 瘳 禤 缪 羽 羿 翀 翁 翂 翃 翅 翈 翊 翌 翎 翔 翕 翘 翙 翚 翛 翟 翠 翡 翥 翦 翩 翮 翯 翰 翱 翳 翷 翻 翼 翾 耀 蓊 蓼 褟 褶 诩 谬 趯 蹋 遢 醪 镠 阘 骟 髎 鳎 鳛 鹟 鹨 𦒍 𪤗 𬭩	翶 翺 嘐 䎂 翉 翍 頨 濢 翆 臎 鎉 㩉 搨 䪚 㯓 翢 䌦 翿 嚁 䊮 藋 䴞 鸐 櫂 糴 鑃 糶 㒛 鰨 槢 翇 䎔 䎚 羾 㬔 膠 䎏 䍿 䎕 翝 䎁 瀈 翽 翬 翭 翵 䎐 謵 翤 㒆 翄 翨 趐 㪬 䎝 䎌 翞 譾 㶀 䀊 嵺 摎 轇 䰘 穋 繆 剹 樛 䎋 翗 摺 磖 翋 䵏 顟 翴 㵳 蟉 鏐 賿 飂 廫 憀 蹘 鄝 䎆 䢧 豂 䎊 熮 磟 䚧 翏 鷚 雡 䎑 毣 謬 䎎 㺒 䎙 翸 翲 䎅 䌌 䎗 翹 翑 㽂 闟 䎘 䑽 䈳 䌈 毾 闒 傝 禢 蹹 躢 䎓 鮙 籊 躍 䢰 䎄 㵤 翣 翜 燿 慴 謆 䥇 䡪 搧 騸 傓 䦂 䐲 翐 䎒 㺟 蠗 䎇 勜 鶲 䈵 㺋 螉 䩺 鎓 瞈 嵡 聬 暡 䱵 㮬 䐥 塕 翫 㗩 噏 嬆 䒁 漝 潝 㿇 㪧 翖 䁯 㠄 騽 㬛 霫 飁 習 鰼 㦻 翓 翧 瀥 䎀 詡 蛡 䎉 㿑 矅 蠮 慃 傟 熤 瀷 蘙 䌻 㢞 䋚 䎈 嶖 䍾 挧 䨒 祤 䣁 翪 噿 璻
主根	日	日	日	583	1513	㛹 㫰 㬊 㬎 㬚 䎖 䓬 䦃 䲠 乾 亘 亶 但 便 借 倡 倬 倮 偃 偈 偶 储 僚 僧 僭 冥 剔 剿 匙 卓 厚 厝 咺 哽 唱 啫 喁 喝 喧 喳 嗜 嘈 嘚 嘟 嘬 嘲 嘹 噌 噜 噶 坦 垣 垾 埂 埘 埸 堤 堨 堰 堵 堾 塌 墁 墘 增 复 夥 奢 妲 姮 娼 婚 婫 媞 媪 嫚 嫽 嬗 宣 宴 寓 寮 屠 履 峋 峘 嵎 嵖 嶒 巢 幂 幌 幔 影 徇 得 怛 恂 恒 悍 悼 惕 惛 惜 惺 愃 愎 愚 愠 愭 慢 憎 憬 憭 戟 戥 戬 担 拽 指 捍 捏 掉 措 提 揠 揭 揸 撩 撮 撸 擀 擅 斡 日 旦 旧 旨 早 旬 旭 旮 旯 旰 旱 旴 旵 时 旷 旸 旺 旻 旿 昀 昂 昃 昄 昆 昇 昈 昉 昊 昌 明 昏 昒 易 昔 昕 昙 昝 星 映 昡 昣 昤 春 昧 昨 昪 昫 昭 是 昱 昳 昴 昵 昶 昺 昼 昽 显 晁 晃 晅 晊 晋 晌 晏 晐 晒 晓 晔 晕 晖 晗 晙 晚 晞 晟 晡 晢 晤 晦 晨 晪 晫 普 景 晰 晱 晴 晶 晷 智 晾 暂 暄 暅 暇 暌 暑 暕 暖 暗 暝 暧 暨 暮 暲 暵 暶 暹 暾 暿 曈 曌 曙 曛 曜 曝 曦 曩 曳 更 曷 曹 曼 曾 替 最 朝 杲 杳 果 查 栒 桌 桓 梗 棍 棤 棵 棹 椿 楂 楦 楩 楮 榅 榰 榻 槠 槽 橑 橥 橹 檀 歇 殉 氆 氇 氲 汨 沓 洵 洹 浭 涅 涧 淏 淖 混 渚 渣 温 渲 渴 湜 湣 湿 溍 溟 溻 滉 漕 漫 潜 潦 潭 潮 潴 潽 澛 澶 瀚 灏 炅 炟 烜 焊 焜 焯 煊 煋 煜 煦 照 煮 煴 燎 猎 猖 猩 猪 猹 獠 珣 琨 瑃 瑄 瑅 瑆 瑨 璟 璮 甑 甦 疍 疸 瘟 盟 睹 瞑 瞫 瞭 矰 硬 碈 碍 碏 碣 碴 碹 磹 祼 禔 禺 稞 稽 窠 竭 笪 筻 简 箸 簝 簟 簪 籍 粳 粿 糌 糟 绚 绠 绪 绰 绲 缇 缊 缗 缙 缦 缫 缭 缯 罩 罾 羯 翥 翰 者 耆 耤 耦 胆 脂 腊 腥 腹 腽 膻 艚 荀 荁 草 莳 菖 萌 萱 著 葛 蓂 蓍 蔊 蔓 蔼 蕈 蕞 蕰 蕴 藉 藕 蜡 蜴 蜾 蝎 蝘 蝮 蝽 螟 螬 蟫 蠢 袒 裥 裸 裹 裼 褐 褚 褟 覃 覆 询 诣 诸 课 谒 谩 谭 谮 谱 貆 赌 赐 赠 赭 踏 踔 踝 踢 踶 蹅 蹋 蹭 蹽 躇 辊 辒 逴 遇 遏 遢 遭 郇 都 郾 鄑 鄫 酯 醋 醌 醍 醒 量 钽 锏 锗 错 锝 锞 锟 锡 镘 镡 镣 镥 镨 间 阇 阊 阍 阘 阳 陧 隅 隙 隰 霭 靼 鞨 鞭 鞮 韩 韪 韫 颗 题 颙 颢 颤 馃 馄 馇 馒 香 馝 馞 馥 馧 馨 驲 骒 髁 髃 鬘 鲁 鲠 鲥 鲲 鲳 鳀 鳁 鳍 鳎 鳗 鳣 鹊 鹍 鹖 鹩 鹯 鼹 𥕢 𥻗 𫗴 𫘨 𬀩 𬀪 𬤊 𬸘	昻 㭿 謁 譪 䔽 藹 馤 餲 㕌 曖 昹 㝵 䨠 靄 䯥 䜙 馣 㱘 貋 㫨 晻 儑 䯠 蝹 忁 㫧 曓 䭰 嗶 魓 熚 篳 襅 滭 蓽 鏎 鞸 饆 䧗 䬛 䮡 驆 彃 縪 罼 韠 㪤 鷝 畢 㓖 蹕 㮿 㻫 䟆 綆 昞 箯 缏 鞕 緶 鯾 䭯 馛 㬥 㬧 㬍 䭱 輹 昁 㫲 㜖 褿 蓸 鏪 嶆 䏆 曺 騲 慒 愺 傮 䄚 䐬 㒲 簎 齰 䜺 䅾 䲋 䉕 層 竲 䁬 驓 㣒 曽 繒 㬝 橧 賜 噆 㿊 蠶 蠺 䣟 朁 䍼 㦧 憯 諎 襊 剒 斮 逪 錯 䱜 熶 㞱 暰 瘄 䥄 䥘 呾 詚 鎉 搨 䪚 毼 憚 僤 觰 䵣 稲 曃 䚟 淂 恴 鍀 棏 婸 簜 燙 璗 盪 蕩 蘯 瘍 䑗 崵 逿 愓 碭 偒 場 瑒 諟 鍉 隄 鬄 䪘 題 㓳 旳 㫝 㼵 碮 磾 䐎 鄲 單 嘽 嘾 譂 䊤 燀 簞 襌 泹 狚 癉 蟺 㔊 勯 皽 贉 㡺 㠆 㲷 䡲 撢 撣 繵 弾 彈 䦔 鴠 殫 儃 匰 䨵 単 禫 觛 柦 䐷 壇 㫀 㶘 蕇 驔 橝 竨 鋽 㪕 䂽 鍺 䯬 嚲 㥩 奲 䠤 軃 㷸 崼 㫼 㬪 曡 鰨 昸 帾 䈞 賭 陼 醏 暏 闍 䰩 覩 晵 䐗 琽 㬣 躉 䛖 䔾 齃 輵 歞 礘 児 㬟 馩 馚 朆 昐 凬 昘 鳆 複 澓 䕎 蕧 䫝 㬼 稪 癁 㚆 鍑 㠅 復 緮 㫙 䨱 鰒 椱 㙏 馡 曊 昲 㫵 暃 㵆 菒 暠 䈓 㵧 猲 獦 䅥 擖 轕 騔 臈 搄 㫔 骾 莄 㹴 㾘 峺 刯 郠 挭 䢚 絙 縆 䱎 䱴 鯁 㠮 筸 簳 漧 稈 幹 倝 乹 亁 榦 桿 檊 趕 噲 炚 㫛 䙨 淉 菓 猓 錁 餜 輠 綶 褁 惈 䴹 腂 窤 㫒 焸 襘 癐 劊 厬 昋 繪 禬 亀 檜 焻 錕 輥 緄 䃂 惃 䵪 灝 晧 顥 䯫 㬔 昦 暤 暭 曍 䜕 㷎 䕣 㹇 㿣 䫘 㔠 㪋 㬞 䳚 鶡 愒 狟 䦭 哻 䛞 涆 澣 䓍 猂 馠 皔 銲 睅 駻 晘 螒 㲦 韓 䮧 鶾 雗 䏷 熀 皩 鎤 朚 䁜 㨪 縨 曂 晄 愰 奛 榥 曤 䄑 欥 㬇 㼫 澋 撔 㧦 晎 㳷 曶 匫 嬒 譮 燴 㷄 澮 薈 㑹 會 彚 䶐 瞺 䢈 徻 彙 暳 㬩 暉 璯 諙 獪 㚌 㖧 㗃 䛰 焝 䊐 涽 湷 䅙 餛 睧 掍 昬 緡 閽 惽 殙 倱 䚠 棔 䐊 㫗 㬋 餷 䜈 謿 漅 巐 䮓 摷 轈 綽 罺 鼌 鼂 䎐 巣 䲃 樔 勦 鄛 趠 䟁 囆 䘍 蠆 爡 㵔 㨋 撦 偖 㔭 㫳 曟 鷐 䆵 鏳 嚐 嘗 誯 畼 裮 淐 䅛 䗉 錩 䮖 暢 晿 閶 㫤 鯧 鱨 椙 锠 腸 膓 塲 琩 熾 蝭 䜻 鶗 翨 㮛 囅 辴 嬋 幝 襢 灛 䵐 㺗 蟬 顫 繟 㬄 闡 禪 墠 䴝 婥 繛 暷 踳 諸 䊰 㶆 蕏 藸 蠩 儲 䠧 䊬 㖺 媋 箺 湻 萅 萶 䞐 㿤 睶 賰 䮞 旾 醕 䦮 暙 偆 鰆 槆 橁 䐇 䐏 惷 䭙 嶜 㬜 搢 晉 䤐 縉 㬐 䃡 榗 䐶 㫷 䈕 䚐 䕤 鄿 蘄 曁 㞓 㞛 鑙 庴 撠 暩 䣢 㦸 踖 躤 櫭 㮷 橶 趞 幜 燝 稉 亰 㬌 暻 曔 㣏 橸 譖 熸 簡 襇 㶕 澗 蕳 馢 鐧 瞷 㨴 戩 間 覸 磵 僣 橺 墹 曒 晈 暞 㬭 唶 媎 䣠 鍻 嵑 掲 徣 㫸 昅 礍 楬 㲃 煚 昛 㬬 姰 箟 銁 銞 幆 暟 課 㵣 渇 窼 嶱 騍 顆 㪙 敤 䂺 堁 䯤 糩 鄶 䭝 廥 鬠 儈 鱠 旝 膾 昿 曠 㾧 晆 晇 尡 熴 裩 潉 菎 猑 蜫 崐 崑 騉 㫻 鵾 晜 鯤 堒 䗶 䓥 暽 晽 䕩 㺐 㞠 轑 䝤 癘 厲 䊪 爄 糲 濿 䘈 蠇 蠣 犡 勵 巁 暦 曆 曞 㬏 礪 禲 鱱 櫔 㬡 糧 䭪 䜍 爎 藔 療 竂 蟟 屪 鐐 飉 嶚 嶛 䩍 镽 繚 暸 曢 爒 尞 鷯 䨅 遼 膫 㙩 璙 䉓 㞅 臝 捰 曪 躶 燤 㬯 曫 曨 㔀 嚕 艪 瀂 鑥 擼 氌 㫽 曥 魯 櫓 穞 穭 蕌 矋 渂 痻 錉 鍲 䁕 㟭 崏 㨉 捪 敯 暋 緍 旼 㬆 䃉 琝 琘 瑉 暓 㫯 勱 邁 䫒 暪 㱪 嫇 鼆 擝 曚 橗 㬒 幎 熐 䈿 㨠 㫘 䖑 㸓 塓 謾 㡢 䊡 熳 澫 澷 䕕 蘰 獌 䅼 鏝 饅 䰋 䡬 摱 㿸 䝢 縵 鄤 㬅 僈 鰻 槾 䜱 䟂 猽 㝠 䫤 鄍 䒌 覭 㟰 䏃 㫥 䳟 慏 凕 䄙 榠 廟 昩 暯 㵊 䖧 䅞 䎪 㶞 㵫 䵒 孴 馜 暱 晲 㫱 暔 㬮 䆨 㜤 䚓 㖏 篞 圼 㘿 㬉 黁 蕅 齵 㼴 㒖 腢 馪 謈 朇 㬓 䪖 昢 暼 譜 暜 鐠 䲕 䫬 昑 橬 玂 䅲 螧 䰇 鬐 暣 㫓 㬤 鮨 鰭 䭫 䭬 暒 甠 燂 潛 濳 䁮 撍 鬝 髜 藒 朅 蘒 穐 鰽 惸 㝁 皵 鵲 䧿 䇎 㫢 䒤 鈤 氜 馹 曧 曘 繅 嗮 虩 鬙 䒏 瀃 儩 糣 㪚 鏁 㪽 暛 璅 㬘 箰 筍 㨚 㛐 㛥 誻 䑽 䈋 䈳 涾 濕 䓠 㹺 錔 鞜 崉 㧺 䍝 濌 䌈 毾 闒 䂿 傝 禢 躢 䎓 㭼 䵬 䶁 㫦 䔶 㬃 旲 職 㧹 㥂 啺 糃 湯 漡 薚 蝪 鐋 餳 摥 㼒 曭 踼 䞶 䯜 㖷 鷤 褆 䅠 錫 㬱 鐟 掦 騠 徥 緹 惖 逷 惿 偍 禵 䚣 鯷 趧 譠 譚 罎 䉡 罈 潬 䕊 藫 鉭 㽑 貚 醰 曇 㫜 暺 䃪 憻 憛 䐺 壜 䞡 墰 睼 㬲 旫 晀 騨 驒 鱓 晍 潳 馟 瘏 䣝 鷵 廜 圕 旽 㬠 㷹 䵘 曬 㓭 曑 曋 昚 焺 湦 鍟 陹 縄 琞 曻 晠 鵿 鬺 曏 慯 殤 傷 禓 觴 䵰 識 䊓 煶 㵓 溡 蒔 舓 寔 睗 峕 嵵 䏉 旹 㫑 昰 遈 時 跩 鰣 榯 塒 灗 澘 䁴 羶 䄠 䱇 鱣 樿 咰 藷 書 㫹 鱪 眴 鬊 譇 齄 甴 㦋 䄍 踷 皶 啅 䑲 燳 䈇 㹿 羄 㷖 㑿 㸙 潪 䝃 晣 乽 䠦 禇 䵭 㙷 潧 䥌 晸 嬂 幟 㴯 蘵 蟙 戠 搘 織 恉 㸟 觶 栺 樴 旘 軄 鴲 膱 戰 䆄 饘 氈 鸇 邅 驙 㣶 䋎 氊 戦 䡀 旜 窧 鐯 矠 擆 鵫 㒂 斱 櫡 槕 琸 螤 濐 瀦 㵭 蝫 䰞 曯 䃴 煑 䘄 䬡 䡤 鯺 櫧 豬 櫫 墸 晝 晭 㫶 嗢 褞 藴 鎾 鞰 饂 䎽 揾 輼 緼 韞 閺 㼔 㬈 昷 殟 鰛 豱 塭 瑥 奣 暡 暀 萬 蟃 贎 晼 晥 晩 婐 濣 禑 䭳 暐 韙 㬙 懀 䵳 馫 鐔 㛫 㛭 焬 焟 隟 緆 㬛 㚛 䚙 晳 謃 篂 㝭 䗌 睲 曐 䃏 鯹 萫 稥 亯 麘 晑 楿 娨 灦 馦 癎 䗾 䥪 韅 陥 顕 顯 㫫 㬗 鷼 尟 晛 僴 䥵 暁 曉 噧 洩 齥 蠍 絏 旪 暬 媗 諠 箮 䘩 翧 䳦 蝖 鍹 睻 揎 駨 縇 絢 昍 鰚 塇 賯 焽 緒 緖 暊 勗 朂 㡄 詢 狥 䖲 毥 侚 殾 鱏 㰬 迿 厭 壓 䦪 椻 鷣 䖜 㞁 䆞 㿢 暚 㫐 嚈 爗 䇩 亱 䥟 擪 懕 靨 㩎 擫 䋵 曗 暍 曵 曄 曅 諹 煬 鍚 鐊 䁑 陽 颺 氱 揚 輰 昜 暘 䬗 敭 㦹 㬕 霷 鰑 䵮 楊 鸉 㖂 詣 衵 䖁 㹭 䭲 䄿 痬 䗑 㡼 㡫 晹 曎 暆 敡 曀 鶍 㑥 鯣 䎈 栧 㷔 焔 褗 䤷 鼴 㬫 䁙 䞁 隁 魘 嬮 厴 饜 檿 黶 騴 㫟 妟 暥 曕 猒 曮 昖 㦔 䳛 曣 鷃 愝 懨 匽 㰽 鶠 鰋 躽 蝿 䭘 鐛 暎 㐯 顒 蚎 㬦 曱 喅 媀 䛕 㷒 湡 茰 歶 䴁 鍝 䫻 庽 㬂 㬰 㥥 㤤 鰅 堣 㻀 蒀 醖 暈 喒 偺 㡟 䜊 㷮 薻 竃 醩 蹧 㯾 㳻 葃 㟙 捑 昗 囎 譛 㻸 譄 㽪 熷 䙢 贈 䰝 磳 鱛 増 璔 簮 鐕 㔆 揝 暫 㣅 稓 繓 䎰 昮 穝 晬 樶
附属根	目	目	日	136	1147	䁖 䴗 冒 勖 厢 夐 媚 孀 嵋 帽 循 想 懵 攥 攫 楣 楯 氍 泪 渺 湄 湘 濉 灈 玃 瑁 瑂 癯 目 盯 盱 盲 盷 相 盹 盼 盾 省 眄 眇 眈 眉 眊 看 眍 眙 眚 眠 眢 眦 眨 眩 眬 眭 眯 眵 眶 眷 眸 眺 眼 着 睁 睃 睄 睇 睎 睐 睑 睚 睛 睡 睢 督 睥 睦 睨 睫 睬 睹 睽 睿 瞀 瞄 瞅 瞋 瞌 瞍 瞎 瞑 瞒 瞟 瞠 瞢 瞥 瞧 瞩 瞪 瞫 瞬 瞭 瞰 瞳 瞵 瞻 瞽 瞿 矍 礵 窅 算 箱 篡 纂 缃 缈 腯 苜 葙 蠼 衢 赗 遁 郿 钼 镅 阒 霜 骦 鹛 鹴 鼎 鼐 鼒 𨟠 𪾢	䀚 瞹 䀳 賹 䝽 眑 垻 髕 濱 濵 賓 賔 顮 䨈 䚔 贇 鑌 䧬 擯 鬢 繽 殯 儐 㯽 檳 臏 璸 寳 寶 䴐 賲 靌 唄 敗 贁 䢙 燌 獖 蟦 鐼 賁 䊧 㵒 䀣 贔 貱 䁹 睤 費 鄪 眪 覍 獱 貶 䁵 覵 䁭 贆 䁃 䞄 䀯 䝵 㛝 萯 狽 蛽 㸽 鋇 貝 郥 䟺 梖 䩀 珼 礸 財 嫧 幘 䈟 測 萴 厠 廁 㥽 惻 側 䁬 賶 澬 薋 蠀 賜 囋 䝳 酇 睉 躦 襸 簒 灒 穳 㠝 䂎 巑 攢 櫕 欑 賨 賩 瞛 簤 貸 䙷 䙸 悳 覴 瞊 眱 䀿 儥 覿 娊 贍 贉 覘 㯯 濎 薡 鐤 鼑 䵺 䀡 巓 槇 顚 瞗 眣 眰 䞇 嬻 讀 讟 瀆 竇 犢 鑟 韇 賭 贕 韥 殰 䀾 凟 匵 牘 覩 櫝 黷 瓄 豄 皾 䢱 瀢 膭 碷 踲 覨 睋 貮 㒃 貳 樲 瞂 噴 幩 濆 蕡 馩 㿎 黂 䩿 饙 隫 瞓 轒 羵 㱵 憤 僨 䴅 鱝 橨 豶 膹 墳 賵 䀱 盽 眆 販 䀟 媍 蝜 賦 賻 䝾 偩 負 䒈 鐨 㩌 曊 靅 賌 䀭 賅 㕢 賡 戅 戇 槓 篢 灨 贑 贛 盰 㔶 欟 矌 罆 観 觀 䗰 䝺 鏆 矔 覌 摜 貫 遦 慣 躀 樌 櫬 嗊 幊 熕 䔈 愩 碽 貢 慐 䀜 䵻 䀦 䀰 賈 䯣 貴 嫢 鬹 槼 規 䝿 鐀 鞼 䁛 瞶 䞈 瞡 撌 摫 匱 䲅 櫃 槻 㙺 璝 䀨 謴 睔 睴 䝭 購 覯 㵑 賀 䚂 貥 䀪 睅 䁔 䁜 䀮 䁨 䂄 矆 眓 矐 貨 萈 䥧 䀓 睆 䀧 䁫 䫭 䜋 䙡 瞺 䁤 賄 睳 靧 繢 闠 殨 圚 䫟 眃 睧 睯 繉 䞀 睺 䁟 眧 䜠 瞮 嚫 襯 贂 䀼 賝 䞋 儭 䏹 湞 竀 睖 䁎 矃 睈 緽 檙 赬 償 瞝 貾 䀸 蕆 䂁 䚒 嚽 賗 䁣 㔍 䵵 睶 賰 輴 鶞 䞺 矁 䀺 覲 䝲 贐 賮 襀 䚐 積 癪 齎 䁶 䝸 䀘 䁒 廭 覬 績 賫 賷 蹟 鰿 勣 瞉 㵾 䝼 靚 䁰 筧 濺 涀 䅐 劗 鑬 瞼 瞷 賎 賤 睷 見 瞯 挸 䚊 絸 覸 㰄 梘 䙼 灚 賋 䂃 撹 攪 覺 䀷 䁓 䀹 價 萛 睠 睊 䚈 慻 㷡 煛 钁 斍 䣤 覐 䀗 矡 䁷 彏 貜 戄 匷 躩 覚 觼 欔 䦆 爠 湨 㪺 鼰 犑 鼳 狊 䀠 郹 眗 愳 䝻 鵙 鶪 㩴 忂 㬬 懼 倶 䀫 檟 濬 覠 䁗 鍞 䀴 揁 摃 䀍 矙 䁍 蕢 墤 眖 貺 髖 寬 寛 鑧 臗 嘳 嬇 簣 籄 潰 䕚 藈 窺 鑎 饋 瞆 䰎 聵 闚 㚍 憒 樻 䠿 睏 瑻 瞘 䁱 㸊 癩 攋 瓎 䚏 賃 籟 襰 瀨 藾 睞 懶 䄤 䠭 賚 䚅 䲚 櫴 賴 䀶 睝 䁻 矖 䚕 囕 嬾 爦 灠 攬 䌫 纜 僋 覧 覽 㰖 欖 䚖 䁁 䝶 䙺 覝 䁠 賿 䀩 覼 覙 覶 睙 䁽 橮 矓 贚 䚄 賂 睩 矑 瞜 矋 睰 䀛 盿 䁕 䝧 媢 㴘 萺 㝟 蝐 貿 鄮 覒 㪞 毷 㒻 䀤 霿 㺺 嘪 㜥 蕒 䁲 買 鷶 䚑 賣 瞞 㜴 䈍 䒐 䗈 矒 矇 䁅 䲛 盳 䁳 㵋 漞 蔝 䁇 鼏 眽 瞴 瞇 眫 䮭 覔 䌐 覛 覓 矕 睌 䆩 覭 眳 眀 㴐 矊 䀎 矈 矏 靦 篎 䁧 緲 艒 眜 瞐 瞙 眿 䁼 䁿 孭 䁾 覕 㾇 鉬 䀲 䰨 煝 䉋 篃 葿 猸 蝞 睂 鎇 鶥 矀 睸 眛 堳 眲 䁸 䁥 眤 㦐 膩 䚓 㡦 嬪 貧 薲 穦 馪 䎙 蠙 矉 驞 礗 歕 翸 覫 眅 盻 䀻 賆 貵 覑 闝 瞨 贌 浿 賠 瀙 藽 寴 親 漬 䀙 盵 䚉 磧 䁈 䁉 䚍 䟄 儬 藖 䀒 䁮 悓 俔 郻 賕 䀬 藑 䁚 瓊 㘗 㜹 蠷 鑺 㲘 戵 鸜 䂂 䁦 閴 闃 覰 覷 覻 䠐 躣 欋 臞 䀔 䞂 㲊 㪫 叡 壡 瞤 矂 㘔 賽 瀃 㹑 覗 儩 㮐 嗩 䣔 溑 鎖 鎻 䞆 䵀 䐝 瑣 篹 匴 遺 睟 賥 損 䐣 獺 䀞 蟘 貣 䒅 矘 嗿 䜖 㵅 貪 賧 睓 賟 睼 䀖 覥 碵 鷆 塡 璳 覜 貼 眮 鍎 讉 藬 尵 穨 㿉 隤 僓 蹪 賒 賖 覾 眒 愼 眘 㗂 箵 渻 㾪 䁞 䞉 貹 㼳 䚇 偗 賸 賞 鑜 贘 䵼 䶡 實 䙾 貰 眎 睗 䁺 眂 眡 視 覢 睒 䁴 䀐 鿃 灀 驦 䌮 鸘 䀥 襩 贖 䝪 瞚 眴 䀢 䀵 䥷 鍘 耫 瞾 簀 債 責 䁋 寊 鎭 䝩 眕 䀕 眹 賑 貞 遉 偵 禎 楨 眞 媜 幀 眐 睜 瞕 賬 㜱 䝷 筫 鑕 䞃 䝰 質 劕 貭 懫 礩 儨 値 躓 櫍 䑇 瓆 贄 覟 䁪 覱 撯 䉵 籑 賺 矚 眝 貯 䝬 贅 㡒 睭 賙 闅 㹙 瞈 莧 贎 瞣 贃 䝹 睕 貦 䁊 瞃 䀑 䜜 濻 覣 䪋 覹 䙿 䑊 壝 盺 礥 屭 瞦 䂀 䁯 覤 䨳 覡 䁄 睲 㨘 廂 緗 㘋 哯 誢 粯 䉯 蜆 鑦 鋧 県 䂅 䧋 睍 峴 䙹 䝨 晛 賢 贒 䁂 䨘 麲 臔 垷 現 燲 䝱 屓 䩤 䪥 䙽 讂 矎 䝮 睻 䁢 贙 䀏 璿 賯 敻 瞲 藚 瞁 賉 續 睱 傄 勛 篔 䙉 㵌 賐 䞊 矄 揗 䋸 偱 䠝 塤 㴭 䁏 䁘 矅 覞 䁆 瞸 瞱 䁑 眏 眻 勩 䞅 貽 䝯 貤 贀 瞖 䁙 䞁 覎 䀽 贋 贗 䢥 硯 䑍 嚶 孆 䁝 覮 䙬 籯 瀴 灜 蘡 䚆 孾 癭 蠳 贏 嬰 譻 賏 罌 鑍 䁐 甖 䴍 鷪 鸎 鸚 巊 廮 攖 纓 櫻 膡 瓔 員 鶰 隕 盶 貟 圎 圓 籰 䢲 覦 睮 䁩 䁌 軉 鄖 䚋 㜏 熉 溳 蒷 䆬 韻 賱 縜 愪 殞 磒 傊 霣 䨶 䛻 䚃 㦫 臢 睵 賳 嘖 謮 蔶 㺓 䶦 歵 皟 瞔 則 崱 㣱 賾 鰂 樍 囎 贈 賘 贓 贜 賍 貲 眥 䆅 㱴 資 㜺 讃 讚 濽 賛 鄼 贊 饡 攅 儧 儹 禶 瓉 瓚 趲 䝫 㸇 籫 繤 鑚 鑽 䡽 䰖 纉 纘 賊 蠈 戝 鱡
附属根	曰	曰	日	2	2	曰 汩	㫚 抇
主根	土	土	土	428	996	㙍 㙘 㙦 㥄 㭕 䎃 䣘 丑 丢 主 住 佳 侍 侴 倜 偁 冉 再 凋 凌 劫 卦 却 压 去 厾 吐 周 哇 哧 唑 啁 喹 嗑 嘡 噻 圉 土 圢 圣 在 圩 圪 圫 圬 圭 圮 圯 地 圲 圳 圹 场 圻 圾 址 坂 均 坉 坊 坋 坌 坍 坎 坏 坐 坑 坒 块 坚 坛 坜 坝 坞 坟 坠 坡 坤 坥 坦 坨 坩 坪 坫 坬 坭 坯 坰 坳 坷 坻 坼 坽 垃 垄 垆 垈 型 垌 垍 垎 垏 垒 垓 垕 垙 垚 垛 垞 垟 垠 垡 垢 垣 垤 垦 垧 垩 垫 垭 垮 垯 垱 垲 垴 垵 垸 垺 垾 垿 埂 埃 埆 埇 埋 埌 城 埏 埒 埔 埕 埗 埘 埙 埚 埝 域 埠 埤 埪 埫 埭 埯 埴 埵 埸 培 基 埼 埽 堂 堃 堆 堉 堋 堌 堍 堎 堐 堑 堕 堙 堞 堠 堡 堤 堧 堨 堪 堰 堲 堵 堼 堽 堾 塄 塅 塆 塌 塍 塑 塔 塘 塝 塞 塥 填 塬 塱 塾 墀 墁 境 墅 墈 墉 墐 墒 墓 墕 墘 墙 墚 增 墟 墡 墣 墦 墨 墩 墼 壁 壅 壑 壕 壤 奎 妞 娃 婞 婤 媾 寺 封 尘 峙 峱 崁 崖 崚 崶 幸 庄 庤 座 庱 廛 弆 往 待 忸 怪 怯 恃 恚 悭 悻 惆 扭 拄 持 挂 挫 捏 摆 斠 杜 杻 柱 柽 桂 桩 棱 椆 樘 歅 法 注 洼 涅 涯 湮 溘 瀍 灶 炷 煃 爇 牡 特 狃 狴 猿 珐 珪 甄 畤 畦 疆 疰 痔 痤 瘗 盍 盐 眭 睚 睦 睾 瞌 瞠 矬 砝 砫 硅 碉 磕 社 祛 祾 禋 稑 稠 筀 等 筠 篝 纽 绫 绸 罢 罴 羞 耩 聃 肚 胠 脏 脚 脞 膛 芏 苒 茔 茬 莝 莰 菱 葑 薳 蚺 蛀 蛏 蛙 蜐 蜩 蝰 螫 螳 衄 街 袁 袪 褂 觏 觟 诖 诗 调 赃 赒 赤 赦 赧 赪 赫 赭 跬 跱 蹚 躔 辕 逵 遘 邽 邿 郝 鄄 鋆 钍 钮 铥 铿 锉 镗 闺 阖 陛 陞 陧 陵 雕 鞋 鞲 馌 馐 驻 髯 髽 鲑 鲣 鲮 鲷 麈 鿍 𡎚 𡐓 𪣻 𪤗 𫓯 𫭟 𫭢 𫭼 𫮃 𬙊 𬤇 𬭊 𬮱	啀 嘊 娾 濭 䝽 厓 捱 㘷 塧 壒 堓 澆 磽 墽 㘬 垇 㘭 墺 䎬 墢 垻 坺 壩 蕔 㙸 報 㙅 堢 䙓 㷯 䋽 埄 塴 埲 㙃 幇 幫 㨍 垹 鞤 䯗 蜌 悂 㯇 梐 䏶 堛 㘩 㙄 埿 坢 垪 墂 壆 㘵 㙛 䵽 埰 墄 㘹 垐 蓌 遳 剉 夎 銼 睉 㟇 䂳 䟶 㭫 鼀 乼 墔 墫 噠 燵 薘 蟽 鐽 韃 繨 䃮 躂 㙮 墶 逹 達 裯 翢 禂 壔 侢 㩐 墱 壋 場 圵 哋 埅 墬 埊 嶳 坔 墆 坘 埞 墑 壇 䵺 㝪 壂 㼭 墊 調 簓 淍 㓮 彫 鵰 錭 䯾 綢 㚋 奝 鯛 琱 襗 澤 鐸 墮 墯 凙 䐾 㙐 垜 䞇 褺 䠟 銩 騆 䞒 埬 墥 塗 荰 靯 睪 斁 罜 殬 䲧 䜃 埻 㙂 垖 塠 墪 逇 啈 廅 搕 堊 鰪 㔩 埡 堮 灋 鍅 琺 䂲 㘺 墳 坆 篈 湗 㜂 堸 犎 堏 坲 垘 㙏 坿 玍 䆁 蓋 瓂 䗘 鎑 䪺 䫦 堩 溝 堈 罫 䂯 恠 囶 堝 墎 塨 袿 溎 茥 蓕 䅅 窐 閨 鮭 胿 㙺 㰪 㪈 䳏 垝 郌 䞨 啩 詿 掛 絓 罣 㙥 㗕 㡚 煹 簼 褠 㝤 購 覯 冓 搆 韝 䃓 傋 構 䐟 坸 㙱 㘪 嚡 塰 饚 嚇 焃 爀 熆 篕 䓇 鑉 闔 㥺 㧁 䚂 垳 䖔 㙔 㙳 蘾 壊 壞 墴 塃 堭 䬉 捇 䦝 瞏 垬 䞑 垀 瓡 㜇 㷐 蘳 毀 睳 㤬 㥣 䝅 黊 䇈 埖 堚 㳗 䰫 摰 薼 稱 塵 墋 㛵 畻 浾 䕝 䗀 睖 摚 憆 踜 爯 赬 頳 塖 埩 䞓 堘 闛 塲 㙊 烾 歭 䤲 㙜 㞿 硳 灻 垑 騺 鄽 纏 纒 㬄 㙴 墠 㙻 壥 䦷 䦟 䦌 橻 埱 㙇 吜 皗 鈕 盩 堻 埐 壗 簊 塈 銈 樭 坖 㙨 叝 㙫 塉 頚 坙 坕 経 坓 㘫 講 顜 壃 塂 熞 籈 塹 䌑 堅 鰹 㭴 樫 墹 堿 徺 憢 僥 踋 㾏 鉣 屆 䀷 䂶 㘶 刦 刧 堦 堺 刼 㙀 䚈 㢾 埢 埍 埛 䖼 䕮 蓻 埾 埧 㘲 壉 圿 埉 埈 呿 垰 䡷 塏 㕎 醘 礚 榼 䐦 堁 墾 鏗 摼 䃘 坈 埳 塪 塊 墤 凷 圦 㙕 匩 壙 䦢 堀 䯓 鍷 㨒 晆 䠑 楏 刲 䖯 㙓 㛻 堒 䁱 壣 䉄 薐 稜 䬋 䮚 輘 㱥 碐 倰 㙟 盭 壢 塛 壈 壏 㖫 婈 䈊 裬 淩 䔖 蓤 蔆 錂 掕 綾 鯪 夌 堜 㙩 䓟 䟩 奊 埓 陸 塯 㴳 㙙 壟 垅 壠 㛬 淕 錴 䡜 㓐 踛 鯥 勎 塷 鵱 圥 塶 壚 坴 壘 㠥 塁 壨 灅 蘲 鑸 㒦 㙼 埨 塿 嚜 垊 堥 䨪 濹 癦 㙹 㳴 峚 塓 㙢 鱙 爅 䘃 䁼 纆 圽 塻 㙁 坶 墲 塺 堳 䛝 譊 蟯 鐃 撓 橈 堖 䴃 䏻 㚂 堄 畘 䔜 䶲 抩 㫱 柟 寗 㖏 褹 篞 圼 㘨 㙞 槷 㘿 炄 沑 莥 靵 䂇 紐 䏔 㺲 䚼 䖡 䶊 塸 垉 塜 塳 壀 塀 舗 圤 堷 㘦 坅 埁 䥓 禥 璂 䡖 軽 埥 嬙 艢 薔 蘠 廧 牆 墏 檣 墻 壍 䕭 䵛 圱 慳 蹺 墧 顤 塙 翹 㚁 墝 趬 㛗 㹤 㾀 朅 鱃 坵 㾡 詓 䒧 阹 抾 紶 㫢 佉 麮 魼 㰦 鼁 迲 唟 圶 嬈 襓 蕘 穘 饒 隢 繞 遶 熱 壌 呥 姌 袡 㾆 䤡 珃 壖 䞕 壡 粈 簺 㩙 僿 䉢 濇 穡 穯 轖 繬 懎 嗇 㱇 䘮 喪 䦙 趖 塐 埣 澾 㺚 撻 㣵 㿹 闥 闧 㒓 橽 墖 㸀 坮 㙵 坣 糛 漟 䕋 㙶 鏜 鞺 饄 隚 㑽 赯 鼞 㴂 舑 埮 墵 壜 墰 㘱 㙉 塡 㟘 㨄 籜 蘀 堶 塼 赨 汢 釷 檡 堗 墿 圡 妵 蘣 黈 飳 燒 舎 䀅 堔 墭 嬕 詩 溡 溼 蒔 秲 鼭 䁺 嵵 繹 醳 釋 時 鰣 榯 勢 埶 塒 圸 塽 㥨 垨 䞴 垗 擇 榸 埑 㭙 謺 蟄 慹 㙷 鷙 薽 塦 䃌 㘰 塣 㙣 墇 䉅 洔 䝰 崻 㣥 偫 贄 摯 縶 䥍 坁 漐 坧 垁 執 䲀 墌 驇 粧 庒 圴 堟 塚 堹 註 䇠 㹥 宔 殶 迬 鉒 䝬 嵀 軴 駐 䪒 紸 跓 霔 樦 坾 墸 墜 㚝 郮 週 䧓 睭 賙 䎻 輖 徟 晭 霌 漥 窪 徍 䨟 劸 䵷 鼃 㝧 桽 塭 塕 暀 壪 埦 㦱 塢 烓 䞔 㙎 㙗 壝 墛 䜁 墍 壐 䙵 㤸 㙾 赥 㚀 赩 䛭 䂔 涬 皨 䁄 緈 㓑 倖 㙚 垶 㼬 㰊 垷 嘵 髐 獟 䥵 皢 驍 曉 膮 䙝 褻 㙰 垥 暬 塮 㙝 饈 䡭 塇 坹 㘧 壻 懗 㙈 赮 㙤 圷 塤 燅 壎 壦 坃 漄 圧 壓 崕 圔 圠 㖶 諲 垽 䓰 陻 垔 緸 闉 凐 㙬 㮒 䶧 㹓 嶢 嶤 堯 㙒 漜 饁 埜 壄 墷 坱 㘁 囈 譯 讛 燡 襼 㶠 藝 蓺 瘞 䭞 嶧 驛 歝 垼 䦴 曎 懌 㙠 圛 槸 坄 㙯 㙪 煙 灎 灩 䗎 豔 黫 壛 壧 䀋 塩 塋 䤰 媴 褤 溒 薗 鎱 轅 園 榬 逺 遠 㙲 塎 㙑 㒁 堬 堣 荺 亴 羐 竃 竈 洅 扗 䕉 䕪 蠌 鸅 礋 増 塟 賘 賍 㘸 㘴 蓙 侳 䞰 堫 㙡 赱
附属根	士	士	土	71	258	仕 佶 僖 劼 吉 喆 喜 嘉 嘭 嘻 噎 嚭 士 壮 声 壳 壶 壸 壹 奘 姞 嬉 彀 彭 志 悫 憙 懿 拮 撷 暿 桔 梽 榖 款 殪 毂 毐 洁 澍 澎 瀔 熹 甏 痣 瞽 磬 禧 秸 縠 结 缬 罄 膨 臌 茌 薹 蟛 装 觳 诘 颉 馨 髻 鲒 黠 鼓 鼗 鼙 𬭳 𬶮	㱶 豰 䵽 鼜 匨 窾 幬 䊭 濤 薵 㿒 隯 嶹 擣 醻 儔 禱 檮 軇 翿 燾 瓙 壔 懛 儥 覿 鼕 嬻 讀 讟 読 瀆 涜 竇 犢 鑟 韇 㸿 贕 韥 殰 凟 匵 牘 櫝 黷 瓄 豄 蠧 皾 䢱 饐 鼖 䵾 祮 鼛 濲 薣 䐨 穀 糓 轂 䅽 皷 皼 鼔 䡰 㯏 㸵 㜌 㝅 㨌 撀 瀫 㯛 㱿 㷤 㺉 嗀 螜 壷 壺 㰻 鼚 饎 䮻 幮 㕑 廚 躕 櫉 櫥 䐍 嚋 嬦 譸 燽 疇 籌 㿧 䌧 懤 躊 䲖 魗 㦞 咭 狤 銡 鞊 結 瞉 趌 郆 囏 詰 袺 䕸 蛣 鮚 頡 迼 㲄 瑴 䕒 鴶 欯 殼 殸 䕀 䥗 䲌 㯘 壼 䍍 鷇 㘑 隷 㲆 䥢 鏧 賣 売 壾 㿦 憉 蟚 噽 夡 謦 㷫 漀 殻 鐑 㲉 愨 慤 䂒 硈 㓤 壭 䶀 䶁 㹗 䬞 㲈 㘆 嬯 籉 擡 儓 檯 臺 鼟 鼞 䶑 驝 槖 䵿 聲 㛸 襩 贖 樹 尌 璹 壽 嚞 娡 誌 䓌 鋕 綕 俧 䏯 覟 糚 荘 莊 娤 焋 裝 壯 梉 壵 鑄 壴 譆 熺 糦 蟢 瞦 㣟 繥 恄 憘 礂 鱚 䵱 橲 囍 歖 毊 襭 䕵 擷 纈 䦖 㐖 翓 藚 續 続 聐 韾 䊦 潱 䭇 嬄 撎 曀 㦉 豷 夁 㱅 敼 㙪 亄 㦤 鷧 壱 鼝 鼘 㚃 銺 弉 㮜 壿
附属根	壬	壬	土	27	44	䗴 任 侹 凭 壬 妊 庭 廷 恁 挺 梃 淫 烶 珽 纴 艇 荏 莛 蜓 衽 赁 铤 霆 霪 颋 饪 𬘩	䨙 鋌 㸒 㨩 狅 軠 賃 䚾 䛘 拰 㤛 䣸 姙 䇮 袵 秹 鈓 銋 飪 餁 紝 絍 䋕 㶵 栠 鵀 祍 栣 䏕 䯕 娗 誔 筳 涏 㹶 頲 䅍 鼮 綎 閮 䱓 榳 脡 婬
主根	田	田	田	169	493	亩 佃 偎 偲 僵 儡 兽 冀 副 劓 勰 匐 喂 喟 喵 嚏 墦 备 奋 婳 嫘 富 崽 嶓 幅 幡 廙 思 惫 戴 描 搐 摞 撂 播 擂 擤 楒 榃 榴 檑 毗 沺 淄 淠 渭 溜 漯 潘 潩 濞 瀵 煟 煨 熘 燔 猥 猫 猬 璠 甥 田 男 甸 町 画 甾 畀 畈 畋 界 畎 畏 畔 畖 留 畚 畛 畜 畤 略 畦 番 畬 畯 畲 畴 畸 畹 畿 疁 疃 疆 疐 痹 瘤 瘰 癗 皤 瞄 碨 磻 礌 礓 福 稷 箅 籀 累 细 缁 缌 缧 缰 罍 罶 翻 翼 胃 腮 舅 苗 葸 蓄 蕃 蕾 藟 藩 蝠 螺 蟠 谓 谡 蹯 辎 辐 逼 遛 鄱 钿 锚 锱 锶 镏 镭 隈 雷 飔 飗 馏 骝 骡 骥 鲻 鲾 鳂 鳃 鹋 鹠 鼍 鼻 鼽 鼾 齁 齇 齉 𠅤 𫔍 𬸪	諰 㽢 䈏 㨧 輽 㮥 䨻 嬶 煏 襣 湢 䕗 䵗 稫 睤 䮠 畐 鶝 愊 偪 踾 鰏 楅 腷 堛 籓 㢖 靐 㺕 噃 譒 襎 蔔 僠 㽡 俻 偹 揌 畟 曽 㽩 㽨 䆊 畗 畣 襶 瀻 噹 當 譡 㼕 㽆 艡 簹 襠 澢 蟷 鐺 擋 闣 礑 儅 檔 壋 璫 䶍 蜔 鈿 畓 疉 㲲 氎 䴑 畳 疂 疊 㩸 㩹 齃 糞 䆏 奮 嬏 䊩 畨 䉒 䕰 鐇 䮳 轓 䪛 繙 羳 勫 飜 鷭 㸋 憣 鱕 橎 䪤 旙 旛 膰 諨 䒄 䒇 畉 褔 䔰 䕎 葍 䌿 冨 鍢 㽬 輻 䋹 膚 甶 畡 畊 㽘 䐸 㽛 䶎 劃 㗲 㩇 㦎 㾯 䶐 鼿 嫿 澅 畫 繣 畵 疀 揊 瀋 畻 畼 㽚 趩 嘼 滀 鄐 慉 傗 櫖 疇 㨨 㚻 稩 㹄 驥 兾 懻 禝 㮨 麠 畕 疅 薑 䗵 㹔 韁 畺 彊 繮 殭 橿 壃 䛺 畍 鎅 楐 堺 琾 㽤 㽙 㢜 䓒 㙕 疄 㽝 㓯 䝀 癳 鏍 騾 攎 儽 欙 镙 㽟 㽞 媹 畂 澑 蒥 羀 癅 䗜 䶉 鎦 鐂 餾 飀 飅 嵧 廇 畱 騮 驑 鬸 鶹 磂 畄 蹓 霤 㽌 鰡 橊 塯 瑠 璢 㨼 䌎 畧 㑼 嚧 髗 艣 爐 艫 籚 罏 瀘 蘆 獹 㿖 蠦 鐪 鑪 矑 㢚 㠠 廬 擄 攄 䰕 轤 纑 顱 虜 㪭 鸕 曥 盧 㱺 䲐 鱸 㯭 櫨 黸 臚 壚 瓐 爈 壘 濾 藘 鑢 㠥 驢 㔧 勴 慮 儢 讄 畾 㔣 纍 礨 䴎 櫐 鸓 塁 壨 䉪 䉂 㵢 㵽 㶟 灅 蔂 虆 蘽 蘲 㿔 蠝 鐳 鑘 鼺 㹎 鑸 攂 轠 䍣 縲 纝 礧 磥 傫 㒦 靁 䢮 鱩 櫑 樏 䐯 㙼 瓃 㥸 渵 䅦 錨 緢 貓 甿 媌 鶓 庿 㑤 畮 畒 畆 畝 畞 嫐 䐉 乪 娚 㽖 畘 莮 侽 嬲 齈 䶊 䶌 嚊 毘 疈 㨽 䑄 溿 䆺 審 㽃 綥 䲔 㩖 甽 㽭 㽥 顋 䰄 毸 愢 䚡 鰓 媤 鍶 颸 騦 緦 罳 禩 禗 謖 墖 劏 嚔 䶑 䶏 甼 畑 畇 鴫 屇 畠 䧃 䡒 䡘 鿬 䟧 㧂 鼉 畽 㴓 㩄 䄕 嬸 讅 覾 㰂 獸 獣 齄 㜼 䡹 懥 畷 籒 籕 齆 㽜 齀 㛱 媦 謂 渨 葨 㞇 蝟 鍡 餵 䬑 㟪 嵔 揋 䋿 緭 㱬 愄 㥜 鰃 椳 腲 㙗 㔤 㽯 䶋 細 齂 㗜 齅 㜅 盢 䙒 稸 槒 㽠 㽦 鼼 㙒 熼 異 畩 瀷 䔬 穓 㢞 㔴 霬 邍 㽫 畭 㽣 䁌 菑 溭 㽪 増 㽧 湽 葘 䅔 錙 鍿 崰 輜 輺 㿳 緇 䎩 鯔 椔 䣎 鶅
附属根	由	由	田	48	168	俜 夤 妯 娉 宙 寅 届 岫 庙 戭 抽 曲 柚 横 油 涄 演 潢 澧 璜 由 癀 笛 簧 聘 胄 舳 蚰 蛐 蟥 袖 轴 迪 邮 醴 釉 铀 骋 鲉 鳢 黄 黇 黉 鼬 𨱑 𪨰 𬙂 𬱖	畁 䵄 曺 苖 㣙 頔 廸 䨤 㾄 僼 霻 鄷 豊 黆 獷 廣 撗 擴 僙 櫎 趪 矌 彉 彍 鑛 磺 礦 觵 䐵 㶇 䬝 橫 兤 䊣 熿 爌 鷬 獚 穔 黃 䪄 鐄 䮲 䌙 曂 䵃 鱑 墴 嚝 黌 蘳 㑹 叀 恵 黊 㓰 騁 䵐 䛣 菗 䌷 牰 紬 怞 鮋 黅 䊘 䅢 黋 䊯 穬 鄺 懬 纊 曠 懭 儣 壙 㤟 䵏 禮 鱧 䄂 嫹 嶩 䃩 憹 噥 譨 䁸 擃 鬞 燶 襛 濃 蕽 㺜 䵜 穠 癑 齈 繷 醲 儂 禯 檂 農 欁 膿 腗 䀻 甹 㑋 㖆 粬 筁 浀 䒼 髷 麯 㻃 䢗 䜬 穂 體 䪆 䌡 軆 斢 䵎 䵊 蘣 黈 瞚 豑 専 軸 䛆 粙 䩜 鈾 䶇 駎 冑 伷 闦 瀇 䤑 䵋 䳙 䵌 褏 峀 濥 蔩 㪦 螾 縯 殥 璌 鏔 灔 灎 艶 梬 㹨 秞 㽕
附属根	甲	甲	田	13	19	匣 厣 呷 岬 押 柙 狎 甲 翈 胛 钾 闸 鸭	笚 鉀 閘 㭱 䘥 㕅 玾 䛅 炠 舺 筪 䖖 魻 㘡 㳌 䆘 庘 鴨 厴
附属根	申	申	田	20	96	伸 呻 坤 婶 审 惠 抻 橞 珅 申 畅 砷 神 穗 绅 胂 蕙 蟪 𬤝 𬬹	㯥 䗝 㖦 娻 諌 涷 菄 䵔 蝀 崠 崬 氭 䰤 㨂 東 㼯 鶇 䍶 倲 凍 鯟 棟 腖 埬 䎶 鉮 譓 潓 寭 鏸 䧥 韢 憓 僡 璤 挿 蔯 螴 陳 迧 樄 暢 䁣 甎 暷 傳 團 膞 蓴 縳 䦨 䨩 錬 鱄 槫 繐 捜 磚 嫥 䊜 糰 篿 漙 鏄 剸 鷒 㩛 專 摶 慱 檲 塼 㰱 䰠 妽 訷 谉 渖 眒 氠 紳 敒 鰰 柛 榊 䧠 痩 敶 䨯 轉 囀 竱 鄟 瑼 畃 朄
附属根	电	电	田	20	40	俺 唵 埯 奄 崦 庵 掩 淹 渑 电 绳 罨 腌 蝇 阉 鹌 黾 鼋 鼍 𫑡	醃 㡋 㽢 裺 菴 蓭 㞄 䅖 馣 痷 䤶 䎨 晻 鵪 㭺 奙 㷈 匎 亀 鼌 䋲 䰗 蘒 穐 縄 餣 䁆 殗 㪑 㛪 䛳 閹 㤿 硽 剦 䣍 䄋 黤 蝿 竃
附属根	龟字底	龟字底	田	2	5	阄 龟	電 篭 滝 竜 槞
附属根	龜	龜	田	0	8		龞 櫷 龜 䶰 鬮 䶲 龝 䶱
附属根	黽	黽	田	0	27		鼇 鼊 虌 鼈 鼀 䵶 鼂 繩 黽 僶 鼆 鄳 鱦 澠 鼁 鼉 譝 憴 䵹 鼅 鼄 䵷 鼃 蠅 䵴 黿 竈
主根	里	里	里	41	97	俚 僮 厘 哩 喱 噇 埋 墅 娌 幢 廛 悝 憧 懂 撞 曈 橦 浬 潼 瀍 狸 理 疃 瞳 穜 童 缠 艟 董 踵 躔 里 重 野 量 釐 锂 锺 霾 鲤 𦒍	㗢 嬞 箽 湩 蕫 勭 揰 動 㣫 働 墥 黒 湹 䣑 鄽 㢆 緾 纏 纒 㙻 㡖 䚒 䭚 䃥 朣 喠 褈 種 䆹 蝩 隀 䂌 䡴 衝 䳯 徸 緟 罿 偅 蹱 㮔 䝑 粴 糎 艃 裡 䔆 荲 㾖 裏 竰 鋰 䧉 䋥 貍 鯉 兣 梩 䤚 糧 䭪 薶 㦟 䨪 黙 濌 畽 䵯 燑 獞 膧 氃 㼿 䴀 犝 㠉 䮵 憅 慟 捚 榸 䱳 媑 諥 煄 籦 歱 尰 瘇 鍾 鐘 䱰 腫 堹 薫 勲 嘢
主根	丽	丽	丽	8	2	丽 俪 逦 郦 酾 骊 鲡 鹂	彨 㛤
附属根	两	两	丽	12	1	两 俩 懑 满 瞒 螨 蹒 辆 颟 魉 𫞩 𬜯	唡
主根	五	五	五	23	18	五 伍 吾 唔 圄 寤 峿 悟 捂 敔 晤 梧 浯 焐 牾 珸 痦 衙 语 郚 铻 鼯 龉	㕶 娪 忢 逜 啎 䓊 㹳 齬 窹 鋙 䎸 䮏 䦜 俉 鯃 語 䢩 䏸
主根	白	白	白	135	314	㿠 伯 佰 俾 偕 兜 凰 卑 原 唣 啤 啪 喈 喤 嗥 埤 塬 奭 婢 媓 嫄 宿 嶍 帕 帛 庳 弼 徨 徼 怕 惶 愿 拍 捭 揩 敫 柏 棉 椑 楷 槔 檄 泉 泊 湝 湟 源 激 煌 熠 牌 珀 瑔 瑝 璬 白 百 癿 皂 的 皆 皇 皈 皋 皎 皑 皓 皕 皖 皙 皛 皞 皤 皦 皭 睥 碑 碧 稗 穆 箔 篁 篼 簰 粕 绵 缐 缩 缴 羱 翱 脾 腺 舶 艎 菂 萆 葩 蒈 蓿 蔸 藐 藠 蜱 蝗 螈 裨 褶 襫 谐 貊 貌 蹜 迫 遑 邀 邈 郫 铂 锦 锴 锽 陌 陴 隍 颦 髀 魄 鲌 鳇 鳈 鳛 鹎 鼙 𫘪	皧 皚 䚫 翶 礉 梎 墽 䇑 皅 鮊 粨 粺 薭 猈 㿟 竡 䳆 㓦 瓸 絔 䠋 栢 幚 幫 箄 痺 㪏 錍 鞞 皀 崥 聛 豍 㢶 綼 貏 禆 䚜 㯅 琕 㝸 㣐 艊 袹 淿 苩 萡 狛 鉑 㼟 皪 㼣 胉 䑈 㗗 諀 㽡 鵯 䱝 皉 皠 啲 槢 兠 㨮 橷 皒 凮 㶗 瀪 滜 㚖 皐 鷎 韟 槹 漑 槪 噑 澔 獆 獔 皜 皡 皥 暤 暭 㿣 㿥 皬 繳 覈 䬖 皔 諻 䊗 葟 䅣 㾮 䳨 皝 皩 鍠 韹 餭 崲 揘 騜 偟 䄓 鰉 楻 䑟 䞹 堭 咟 蒝 䝠 豲 嚛 㪶 䤕 㕷 蘤 謵 噭 㿤 皗 㿧 錦 喞 譤 卽 皍 曁 㦘 鸄 旣 䁶 撽 憿 嬓 獥 譥 㰾 䥞 曒 儌 媘 煯 稭 蝔 鍇 階 鶛 䃈 堦 廏 㟲 勓 䕫 蘷 摺 磖 楽 樂 㦡 濼 㿨 鑠 䁻 擽 轢 纅 䃯 礫 躒 觻 鱳 檪 櫟 䟏 瓅 皊 爍 藥 㒵 㿞 皃 䡚 䛲 婂 嬵 緜 矊 矈 綿 䃇 㒙 檰 㰃 㦝 帞 湐 㹮 蛨 劰 皌 銆 絈 貃 㣎 㹸 㿦 袙 䔤 顰 簲 㵺 渒 廹 皏 䰦 焷 篺 䫌 㼰 朇 螷 蠯 䡟 䴽 皫 洦 䄸 敀 䎅 岶 砶 䞟 䌌 皘 竅 躈 謜 湶 葲 灥 㟫 騡 縓 闎 鰁 楾 燩 摍 縮 㜚 䑿 㴼 樎 䈹 㿩 畠 慴 冟 䐲 㹉 翫 㗩 䒁 漝 薂 㿇 墍 㠄 騽 䀌 衋 霫 飁 習 鰼 㦻 皨 鄕 䤼 線 㵿 皢 諧 龤 䡡 瑎 鏥 薬 㿢 皣 灁 獂 㟶 厵 願 厡 騵 㥳 傆 榞 㜰 㰛 唕 皁 梍 皟
附属根	自	自	白	39	356	劓 厦 咱 嗄 嗅 嘎 垍 夏 夔 奡 媳 嵲 息 憩 戛 擤 洎 溴 濞 熄 瘪 糗 自 臬 臭 艏 螅 道 镍 首 馗 馘 鼻 鼽 鼾 齁 齇 齉 𫔶	頇 頞 囂 翺 䫜 䫨 瀕 頻 顮 䪹 嬶 襣 䕗 䫁 頒 籩 邉 邊 臱 䪻 頨 䟍 㿜 癟 䫈 顣 顇 噵 䆃 衜 衟 導 檤 䶍 頔 題 䪴 頕 㴿 顁 嵿 頂 癲 巓 巔 攧 顛 顚 䫂 䫕 頓 䫳 瀩 頧 噸 顎 額 齃 頋 頟 䫷 㛲 䫞 煩 薠 䫶 䫝 䭮 䫍 頫 獋 臯 鷱 橰 䪱 頜 䪺 䫦 䫀 頸 頏 顧 䫚 䪷 䪽 嘷 灝 皥 䝥 顥 曍 頦 䶎 䫘 頷 顩 䫲 顄 㹕 澒 頶 䫭 詯 湏 顪 䶐 鼿 頮 䫟 顐 䫛 頙 䫖 䫆 頳 䫮 顫 顀 䫄 䫃 臰 殠 䫴 臮 頚 頴 䁰 顜 䫡 臫 纐 暞 頡 蘏 蘔 澃 㯋 熲 顈 䪶 頰 頬 榎 䯪 顆 頎 顑 頢 䫥 顝 虁 犪 巙 頃 䫔 頯 蹞 頍 躨 頄 䪲 頑 顲 䫰 䫐 顟 瀬 顂 頼 䕘 領 嶺 頱 顱 纇 頪 類 蘱 頛 禷 䫫 䡻 䪸 䫉 䫒 顭 顢 䫤 㝰 䫵 矏 䰓 櫋 䫱 獿 巎 夒 㴪 鎳 臲 顳 闑 㙞 齈 䶊 嚬 蘋 顰 㰋 䶌 嚊 䫌 䫠 頗 䑄 頖 頩 顠 櫇 䫊 顉 䫬 䫏 甈 䫑 䭫 䭬 䔛 廎 㩩 傾 顅 頝 顦 顤 渞 搝 䠗 顴 㹛 䫇 頌 顬 䐓 顋 顙 䫙 䫢 䫅 䫩 䶑 䶏 禵 顃 頲 蘈 䫋 頹 頺 頽 㿗 䕱 頭 廈 頣 䪿 䫪 碩 㥧 順 䭭 齄 䪾 顡 䫎 䪼 顓 齆 䫓 齀 頠 顖 㴧 蒠 瘜 㞒 䭒 鎴 郋 鄎 䶋 㮩 䫣 項 灦 顕 顯 嚻 虈 鷍 襭 蝢 齂 㩪 擷 頁 䋶 纈 㱗 螑 齅 幁 蕦 䅡 鬚 嬃 須 䇓 盨 暊 㑯 頊 䫗 夓 顨 顔 䪵 鼼 鄓 崸 頉 䆿 寱 㓷 顗 頥 頤 顊 㘖 顏 潁 穎 願 顒 籲 澦 蕷 龥 預 䪳 頵 脜 㖽 頿 頾 辠
附属根	臼	臼	白	52	181	倪 庾 慆 掐 插 摏 桕 歃 毁 滔 潟 焰 猊 瘐 睨 稻 腴 臼 臾 舀 舁 舂 舄 舅 萏 萸 裒 谀 谄 蹈 锸 阋 阎 陷 霓 韬 馅 鲵 鹐 麑 鼠 鼢 鼩 鼫 鼬 鼯 鼱 鼷 鼹 𨺙 𫐐 𫠜	鼥 䶈 䑘 竄 鑹 攛 躥 䑗 㗖 啗 嚪 蓞 窞 欿 鼦 唲 兒 䮘 䋩 䑔 鼣 錎 䝿 䶅 鬩 淊 蜭 䶃 䐄 嚿 㧮 譭 䛼 燬 㷐 毀 毇 㩓 檓 鼲 㛼 䛽 臿 鍤 揷 偛 㮑 喢 䢅 諂 讇 䄝 蹖 樁 憃 舊 齨 䊆 䳎 䳔 匶 欍 䶂 鼰 鼳 閰 餡 輡 轁 惂 䘓 埳 塪 䶉 鼺 誽 掜 䍲 腉 婗 䘽 淣 齯 蜺 㪒 郳 聣 輗 貎 晲 觬 鯢 棿 堄 湼 隉 揑 䶄 䙄 䅤 㞚 鵮 䦧 㡊 鼶 嫍 幍 謟 䈱 䵚 䤾 鞱 饀 搯 縚 韜 槄 瑫 鼮 鼧 鼵 鼪 鼭 㦼 獡 癙 䑕 㴙 䮢 牐 㢎 鼨 䶆 䶇 鼤 萖 澙 蕮 舃 磶 㦦 䶟 鼸 䧟 䱤 臽 䉣 瀉 藛 冩 寫 䥱 㕐 敮 爓 㜒 帠 鶂 鶃 熖 㶄 㿕 鼴 䌪 閻 燄 櫩 壛 惥 諛 㳛 斔 斞 㥚 㔱 楰 䥣 鑿 㳫 㘀 糳
附属根	叟字头	叟字头	白	14	19	叟 嗖 嫂 廋 搜 溲 瘦 瞍 艘 螋 锼 飕 馊 𫍲	遚 䱸 䕅 㥰 謏 蓃 獀 鄋 鎪 餿 颼 㟬 䏂 騪 醙 傁 㪢 膄 㵻
主根	又	又	又	262	570	㙍 㧐 㬊 䥽 亟 仅 伎 侵 俶 假 傩 凤 剟 劐 劝 努 叆 又 叉 友 双 反 发 叔 叕 取 受 变 叙 叚 叛 叟 叠 叹 吱 呶 啜 嗓 嗖 嗫 嗳 嘏 嘬 嚄 圣 坂 墁 壑 奴 妓 妭 娵 娶 婌 媛 嫂 嫒 嫚 孥 寂 寇 寝 对 屐 岐 峄 帑 幔 庋 废 度 廋 弢 弩 彟 忮 怒 怪 怼 怿 惙 慑 慢 戏 戤 扳 技 报 拔 拨 择 掇 授 援 搔 搜 搡 摄 摊 撮 攫 支 敲 昄 暇 暖 暧 曼 最 服 权 杈 板 枝 柽 树 桑 椒 楹 欢 歧 殛 汉 汊 泼 泽 浸 淑 渡 湲 溆 溞 溲 滠 滩 漫 濩 燮 爰 爱 版 玃 琡 瑕 瑗 瑷 畈 瘕 瘙 瘦 瘫 皈 盈 督 瞍 瞽 矍 砮 磉 祓 祲 笯 箨 绂 绎 绶 缀 缓 缦 翅 聂 聚 肢 胈 胬 臌 艘 艰 芰 菔 菝 菽 萚 葭 蔓 蔻 蕞 蚤 蛏 螋 蠖 蠼 衩 袯 裰 观 译 诹 谖 谩 豉 贩 赧 趣 跂 跋 踱 蹑 躞 轰 辍 返 遐 邓 鄹 酦 释 钗 钣 钹 铎 锓 锼 锾 镀 镊 镘 镬 阌 阪 陬 难 霞 韨 颞 颡 飕 饭 馊 馒 驭 驽 驿 骎 骚 骤 鬘 魃 鲅 鲰 鳗 鳠 鸡 鹱 黻 鼓 鼗 鼙 𤫉 𨙸 𫍲 𫠆	敱 詙 炦 茇 犮 䳊 鼥 颰 抜 䮂 軷 叐 䟦 鮁 柭 坺 蕔 報 㪏 䛀 粄 舨 蝂 鈑 岅 瓪 魬 汳 䯋 帗 袚 溊 秡 馛 盋 鈸 䳁 蛂 䵽 慅 鼜 䔴 䓧 辤 辭 襊 熶 菆 爜 灇 䕺 藂 叢 樷 欉 踧 㝮 㔌 艔 蔋 蝃 㪆 敁 㪕 喥 敪 敠 毲 鵽 剫 㪜 鼕 䩲 鍍 裻 錖 䀾 㳔 㩽 㕹 沷 髪 髮 瞂 鼖 㽹 飯 販 䡊 㤆 仮 箙 䵾 紱 韍 冹 䃽 翇 棴 鵩 鼛 㕢 㪅 䌄 叏 覌 薣 夃 鼔 攱 庪 攰 㩻 㪈 蝦 喛 敆 㪃 㕡 㪋 䁔 凾 艧 䉟 蒦 獲 穫 鑊 䂄 矆 擭 耯 㦜 隻 䨥 檴 䈠 藧 鍰 嵈 㣪 緩 鰀 護 䕶 韄 頀 䪝 鱯 䨼 鸌 䇈 訍 㳗 芆 釵 靫 扠 紁 㣾 䟕 肞 㷅 焣 軙 鼚 欼 鳷 翄 㪓 䦤 䴝 涰 齱 錣 歠 輟 䍳 綴 䄌 㪬 腏 諔 㾥 䜴 敊 埱 遚 掫 濅 䆮 寖 鋟 婜 緊 埐 鬾 汥 漃 㞋 䩯 䝸 鳮 焏 㥛 攲 敧 極 叝 頚 経 梷 熞 㪠 䌑 鋻 堅 鰹 樫 敥 敽 钁 䣤 逫 矡 㸕 彏 貜 戄 䟾 躩 䝌 欔 䦆 䐘 䞵 㖩 㵵 䅓 冣 郰 埾 婽 猳 犌 麚 徦 貑 椵 豭 腵 㪡 敤 鏗 摼 䃘 硻 㪁 䈛 㕟 㪂 頍 䞚 簆 滱 冦 䳹 叓 䣫 㪮 㪝 覶 薍 亂 䥢 謢 㪖 㪭 㪐 敯 㪞 蘉 宻 謾 䊡 熳 䕕 蘰 獌 䅼 鏝 饅 䡬 摱 㿸 䝢 縵 鄤 僈 鰻 槾 䜱 䟂 歿 沒 㺳 拏 䋈 詉 笝 㵊 㪎 怓 㪒 惄 㝕 䯅 鋷 踙 㘝 煖 駑 伮 敺 炍 眅 鋬 䣮 攴 唚 誛 䈜 菣 㾛 寑 寢 鈙 䜷 駸 綅 㓎 臤 䵖 鮼 梫 䅩 㩾 蚑 䡋 唘 㟚 軽 䋜 藖 䵛 慳 掔 孯 蜸 㹂 䠍 䱸 㪊 叒 鴑 㪫 叡 壡 㪪 㛮 鳋 䑹 䕅 颾 掻 騒 騷 㲧 㥰 鰠 褬 鎟 顙 䡦 槡 㪔 㨦 㩳 愯 㪩 謏 蓃 獀 叜 䗏 䤹 䩳 鄋 鎪 餿 䬒 颼 㟬 廀 䏂 䮟 捜 騪 醙 傁 棷 䶀 䶁 詜 涭 鼟 伖 鼞 㯩 䋼 䵿 㪌 㪗 㪢 葠 蓡 薓 腎 㕜 馶 㪨 孇 艭 䉶 䝄 縔 㕠 雙 欆 掓 㷂 竪 豎 䱙 㕞 㖟 䛵 㝊 痩 収 綬 㥅 膄 㪥 㕚 瑵 輙 㪛 䚳 衼 秓 㽻 㩼 㲍 䧴 娺 諁 䆯 窡 䫎 䮕 斀 罬 棳 䝒 畷 餟 醊 諏 驟 閿 闅 蟃 鋄 雘 䁊 䀑 㠛 臒 瓁 叞 礥 㪧 㘋 䉯 鑦 䯭 䯹 賢 䁂 䨷 臔 斅 㽊 䪥 㦪 㰔 糔 㵻 諼 萲 蕿 蘐 愋 楥 潊 敍 㕛 㗇 煆 蕸 敮 鍜 睱 騢 䫗 㰺 䪗 縀 碬 鰕 赮 攳 㪑 鈘 䰙 敡 敼 㵬 溋 萾 㨕 褑 鼝 猨 蝯 禐 鶢 鼘 嬳 矱 篗 籆 籰 彠 䢲 㬦 馭 苃 繓 穝 㝡 樶 箃 黀 棸 緅 䠫 鯫 㻓
附属根	夂	夂	又	102	369	㥄 䗛 佟 俊 修 倏 傻 冬 凌 务 厦 咎 咚 唆 唛 嗄 图 堎 处 备 复 夏 夐 夔 履 峂 峰 峻 崚 庱 悛 惫 愎 戆 昝 晙 晷 条 柊 梭 棱 氡 洚 浚 浲 涤 滫 漋 烽 焌 狻 畯 疼 癃 皴 睃 祾 稷 窿 竣 篷 糌 终 绛 绦 绫 绺 缝 羧 翛 耰 脩 腹 菱 葰 蓬 蜂 蝮 螽 覆 谡 赣 逄 逡 逢 酸 锋 降 陵 隆 雾 馥 骏 鬷 鲦 鲮 麦 麸 麹 黢 鿍 鿏	噯 嬡 薆 皧 鑀 瞹 曖 懓 僾 靉 鯦 鱫 愛 璦 䵅 熢 漨 埄 䧗 䮡 䵄 䴵 変 輹 䴺 俻 偹 䴭 畟 蓌 夎 䴾 鋑 踆 䞭 滌 蓧 䳉 㯯 㚵 笗 苳 昸 䂢 鮗 鼕 㛔 㡝 舽 艂 䙜 溄 莑 蠭 夆 鋒 鎽 䩼 鏠 䀱 峯 捀 摓 綘 縫 㦀 麷 桻 琒 鳆 複 澓 蕧 㬼 稪 癁 㚆 鍑 㠅 復 緮 麩 䴸 䨱 麬 麱 鰒 椱 㙏 䓘 櫜 鼛 戇 灨 贛 䤗 㔶 䴹 䇨 厬 麧 䂫 䵃 䴷 㖓 䴯 䴳 後 麨 䗀 睖 踜 麶 䴼 䎫 処 處 鯈 㻱 㹄 禝 㮨 袶 夅 絳 錽 㹾 艐 䁓 䛮 麔 倃 脧 朘 觼 㨿 拠 榎 餕 陖 㕙 鵕 駿 馂 鵔 埈 竷 䀍 䵈 䕫 蘷 虁 犪 巙 躨 麳 䉄 薐 稜 䬋 䮚 輘 㱥 碐 倰 䴻 㖫 婈 䈊 裬 淩 䔖 蓤 蔆 錂 掕 綾 鯪 夌 綹 湰 蕯 㝫 㚅 䃧 嶐 㦕 霳 嘜 蓩 務 霿 䮮 䨫 麥 霧 䴿 䵆 麪 麫 麵 麺 䴲 㜈 䥐 麰 䇱 獶 獿 巎 夒 䴴 㡪 㰶 麭 蘕 韸 鑝 韼 髼 䡫 鬔 纄 䴶 樥 槰 塳 䏺 胮 膖 䴽 䪖 慶 櫦 羻 䵁 藑 瓊 麴 麯 麮 夋 㹛 擾 䧷 瓇 虄 㛖 䈗 䵀 鮻 痠 䝜 謖 荾 夊 縧 㣠 絛 㫦 蓚 蓨 窱 螩 條 䖺 鎥 鞗 儵 鰷 樤 䴱 㠽 炵 䶱 鉖 庝 㤏 廈 繌 儍 䴮 㶖 虪 倐 䴰 䨹 誜 夈 夂 䵂 䈺 汷 泈 蔠 㹣 鼨 終 鴤 䥑 鎫 熃 奦 䳱 燰 䜶 佭 跭 栙 麲 筿 篠 夑 潃 㹋 鎀 鏅 俢 樇 䐰 讂 矎 夓 稄 賐 䴬 邍 䜡 嚘 瀀 䥳 㱊 憂 鄾 纋 懮 優 櫌 喒 偺 溭 揝 糉 糭 䈦 葼 猣 稯 蝬 鍐 鑁 嵏 嵕 㨑 騣 鬉 㣭 䍟 緵 㚇 惾 翪 鯼 㯶 椶 朡 堫 䘒 捘
附属根	攵	攵	又	128	320	㘎 㬚 做 傲 儆 嗷 墩 婺 嫠 嫩 孜 嶅 廒 弊 微 徵 徼 徽 悠 愍 憋 憨 撇 撒 撖 撤 擎 擞 收 攸 改 攻 攽 放 政 故 效 敉 敌 敏 救 敔 敕 敖 教 敛 敝 敞 敢 散 敦 敩 敫 敬 数 整 敷 暾 枚 棨 橄 檄 檠 氅 浟 溦 滧 漖 漦 潋 潵 澂 澈 澉 激 煞 熬 牧 獒 玫 璈 璥 璬 畋 皦 瞀 瞥 瞰 礅 筱 綮 繁 缴 聱 肇 致 莜 蔹 蔽 薇 薮 蘩 蝥 螫 螯 警 败 赘 赦 蹩 蹾 辙 遨 邀 釐 鍪 鏊 镦 阚 霰 馓 骛 骜 鳌 鳖 鳘 鹜 𬭯	敳 㜜 謸 滶 蔜 獓 䚫 隞 㟼 㠂 厫 䦋 䮯 慠 磝 礉 嗸 䫨 嫯 謷 摮 䵅 鼇 㥿 驁 鰲 鷔 墽 敗 贁 獙 幤 幣 䌘 獘 㢸 斃 鄨 鷩 䨆 㪤 變 㴾 㪍 襒 虌 蟞 徶 鼈 龞 彆 鱉 䠥 蓛 敇 㤵 藪 敵 噉 䭛 饏 敟 敓 敪 敚 斁 晵 譈 䔻 鐓 鐜 憝 憞 燉 潡 獤 撉 䪃 犜 䃦 墪 撴 驐 橔 敃 坆 倣 瀪 瀿 㩤 㪄 懯 璷 敋 攼 豃 䜼 㪉 繳 覈 㘚 譀 㺖 闞 鬫 㦑 㒈 幑 鰴 睯 䒆 瞮 勶 徹 敐 瀓 懲 厰 廠 僘 噭 慗 鷘 遫 嚽 䀺 跾 䱔 盩 譤 㦘 鸄 䁶 撽 憿 䜘 蟼 㢣 憼 驚 擏 曔 嬓 獥 譥 䥞 敿 曒 敎 儌 慦 攷 㪙 矙 噋 㩿 蔲 敂 剺 孷 㹈 斄 犛 氂 盭 籢 瀲 蘞 㪘 斂 敹 㜫 慜 鰵 㟩 暋 䲄 䓮 嵍 暓 愗 堥 㲠 㮘 鞪 䱯 楘 鶩 媺 嬍 矀 徾 黴 䋷 敄 敜 䲎 潎 闝 敀 㩯 䥕 嫳 撆 鐅 暼 炇 攵 闙 啓 啟 䁈 䏿 㯳 䖍 荍 䆻 竅 㪣 䃝 躈 燩 鏾 瘷 糤 䉈 㪚 饊 繖 橵 䉤 籔 擻 櫢 鋚 䩦 鷻 㬿 敨 㬠 繺 敒 敾 數 潄 焂 轍 㯙 敶 䈣 癥 徴 晸 㴛 藢 䞃 㨖 緻 䦯 㮹 讝 㳊 贅 呚 駇 㡔 騖 䨁 霚 䉠 癓 䥩 覹 嶶 㣲 霺 薂 玁 䵇 㪇 嘋 斆 傚 敻 漵 敘 䕾 㪦 憗 䚺 㫍 䍩 敭 攺 㘙 嚴 孍 䉷 䶫 巌 巖 巗 麣 釅 曮 礹 儼 厳 欕 壧 僌 䢩 䱷 䲣 䰻 㪀 滺 峳 㛜 䢟
附属根	久	久	又	6	14	久 柩 灸 玖 疚 羑	奺 汣 㝌 㡱 镹 匛 杦 畂 畝 畞 粂 湵 㕗 羐
附属根	各	各	又	36	57	各 咯 喀 垎 客 恪 搁 撂 格 洛 潞 烙 珞 璐 略 硌 络 胳 落 蕗 袼 貉 赂 路 辂 酪 铬 阁 雒 露 额 饹 骆 骼 髂 鹭	詻 額 頟 峉 㗉 茖 蛒 鉻 䧄 敋 㪾 鵅 挌 擱 臵 閣 佫 㦴 觡 鮥 櫊 狢 䅂 䶅 輅 楁 䞦 駱 䘔 衉 愙 㤩 揢 愘 碦 絡 嗠 餎 䈷 笿 䀩 㓢 峈 洜 䎊 鴼 㨼 䌎 畧 㑼 簬 簵 虂 鏴 賂 鷺 㯝
主根	小	小	小	105	193	㠇 京 亲 你 俶 倞 僚 僦 凉 刹 勍 原 叔 嘁 嘹 塬 婌 嫄 嫽 孙 寂 寨 寮 小 尔 尕 尖 尘 尜 就 弑 弥 弶 影 您 惊 愿 憬 憭 戚 掠 搽 撩 新 景 晾 杀 杂 条 椋 椒 榇 槭 橑 涤 淑 源 潦 灏 燎 狝 狲 猄 猕 獠 玺 琡 琼 璟 督 瞭 祢 称 穆 簝 纛 绦 缭 羱 脎 茶 荪 菽 薪 螈 谅 蹙 蹴 蹽 辌 迩 逊 铩 镣 隙 雀 颢 鲦 鲸 鹩 鹫 麖 黥 𫘪 𫟅	寳 靌 㝸 覍 囃 墄 噈 䙯 蹵 㗤 顣 縬 憱 踧 䠞 朩 滌 蓧 蔋 裻 錖 㚷 尓 尒 厼 櫬 灝 毜 顥 䯫 蒝 䝠 豲 澋 撔 嗏 䓭 仦 嚫 襯 䞋 儭 䟢 趂 諔 䙘 㾥 敊 埱 㘍 漃 婛 幜 燝 亰 鶁 㬌 暻 鯨 翞 茮 釥 㭂 蠽 巀 鷲 㩆 殧 熦 㟲 䕩 㞠 轑 䝤 諒 涼 㹁 鍄 䁁 䝶 輬 䣼 綡 䜍 爎 藔 療 竂 蟟 屪 鐐 飉 嶚 嶛 䩍 镽 繚 暸 曢 爒 尞 鷯 䨅 遼 膫 㙩 璙 覙 稤 剠 㔀 袮 㳽 沵 㟜 摵 尛 㣎 旀 妳 鉨 惄 伱 鿭 䦊 䇣 苶 鉩 媇 瀙 藽 寴 親 䗩 鏚 慼 慽 磩 傶 㰗 謜 縓 䊛 摋 殺 虩 鎩 歳 縧 夵 窱 螩 條 鎥 鰷 樤 蔱 閷 榝 㜪 尙 掓 尗 㑐 鮛 䱙 㩟 澵 䂧 䑐 珎 㹉 噺 䚱 県 縣 筿 篠 䒕 懸 䭘 鐛 獂 㟶 厵 願 騵 㥳 傆 榞 䕹 雜 雑
附属根	尚字头	⺌	小	79	149	㿠 䎖 俏 倘 僧 光 削 咣 哨 唢 噌 垙 垱 埫 增 宵 尚 屑 峭 嶒 幌 当 徜 恍 悄 惝 憎 挡 捎 敞 晃 曾 桄 档 梢 榍 氅 洸 消 淌 滉 潲 珖 珰 琐 甑 睄 矰 硝 稍 筜 筲 绡 绱 缯 罾 耀 耥 肖 胱 艄 蛸 裆 觥 诮 赠 趟 蹭 躺 辉 逍 鄫 铛 销 锁 霄 鞘 魈 𨐈	䨔 幤 䉕 層 竲 䁬 驓 㣒 繒 㬝 橧 䣊 趙 㬟 朆 噲 姯 茪 銧 挄 輄 硄 侊 襘 癐 劊 繪 禬 檜 兤 熀 皝 皩 鎤 䁜 㨪 縨 晄 愰 榥 䆪 嬒 譮 輝 燴 澮 薈 會 䶐 瞺 䢈 徻 璯 獪 㲂 䆵 鏳 靗 鋿 厰 廠 僘 䠀 駫 䯤 糩 鄶 䭝 廥 鬠 儈 鱠 旝 膾 䯑 黋 絖 尡 朇 帩 誚 箾 㴥 鞩 䇌 陗 韒 踃 虩 鬙 䒏 嗩 䣔 溑 鎖 䞆 䵀 䐝 瑣 琑 碿 㓥 㭻 娋 䈰 䈾 萷 䔠 莦 蕱 颵 輎 髾 弰 綃 鮹 旓 䏴 鞝 緔 揱 矟 䌃 潧 㘢 韑 懀 䵳 䊑 㲖 焇 痟 銷 䴛 䨭 糏 㴮 㨝 㣯 囎 譄 㽪 熷 䙢 贈 䰝 磳 鱛 璔
附属根	应字心	应字心	小	5	1	举 兴 应 榉 誉	挙
附属根	少三	小	小	25	59	劣 吵 妙 娑 少 抄 挲 杪 桫 沙 渺 炒 痧 省 眇 砂 秒 纱 缈 耖 莎 裟 钞 隙 鲨	歩 訬 粆 鈔 仯 麨 觘 䏚 䟞 㝻 尐 㝺 挘 毟 㭞 㠺 篎 䖢 玅 竗 紗 緲 㝹 䲵 挱 㮐 逤 䓾 䔋 莏 䯯 髿 魦 唦 㸺 㲚 乷 硰 桬 鯊 猀 䤬 毮 閯 鯋 䒚 渉 㗂 箵 渻 㾪 㼳 䚇 偗 隲 㨘 尠 尟 赻
主根	八	八	八	413	1948	㕮 㙦 㥄 㳇 䓖 䢼 举 份 余 佾 供 俊 俗 俱 倥 偡 傧 傻 僎 儋 兖 八 公 六 兮 共 兴 兵 其 具 典 冀 冏 冥 凇 凌 凘 分 勘 厮 叙 只 叭 吩 咫 哄 唆 啸 嗌 嗔 嗡 嗲 嘶 噀 噻 圙 坋 坌 埪 基 堎 堪 塞 填 墈 壑 夔 夤 嫔 容 宾 寅 寒 寡 寨 岔 峪 峻 崆 崚 崧 嵁 嶦 巅 巷 巽 帘 帜 庱 廙 廛 徐 忪 忿 恭 悆 悛 惎 惧 慎 憺 戡 戭 戴 扒 扮 拱 挖 探 控 掰 揕 搴 摈 撕 撰 撺 攽 斜 斟 斧 斯 旗 晙 晪 暝 曌 期 朳 松 枍 枳 梌 梭 棋 棱 棻 棼 椹 榉 榕 榨 槟 横 橘 檐 欲 欺 殡 殿 氛 汾 洪 浚 浜 浴 涂 淇 淞 淟 深 港 湓 湛 溆 溟 溢 溶 滁 滃 滇 滏 滘 滚 滨 演 潇 潏 潢 潩 澌 澹 瀍 瀵 炽 烘 焌 煁 熔 燏 爇 父 爷 爸 爹 犋 狳 狻 玢 珙 琛 琪 瑢 瑱 璜 瓮 甚 畬 畯 癀 癜 癫 皴 盆 益 盼 真 睃 睦 睿 瞋 瞑 瞻 矞 硔 硿 碘 磙 磡 祺 祾 禛 积 稌 稑 稷 稹 穴 究 穷 穸 穹 空 穿 窀 突 窃 窄 窅 窈 窊 窍 窎 窑 窒 窕 窖 窗 窘 窜 窝 窟 窠 窣 窥 窦 窨 窬 窭 窳 窸 窿 竣 箕 箜 箫 簧 簸 粉 粪 綦 纷 织 绤 绫 缜 缢 缤 罕 羧 翁 翂 翼 职 肃 肸 腆 腔 膑 臀 舆 艅 芬 茓 荼 菘 菱 萁 萧 葖 葚 葰 蓂 蓉 蓊 蕻 蚣 蜍 蜞 螟 螠 蟏 蟥 蟾 蠲 衠 衮 裔 裕 褰 襜 觿 詹 誉 謇 讼 识 谌 谡 谥 谲 谵 谷 谼 谿 豁 贫 赛 赡 趴 蹇 蹿 躔 轵 途 逡 逵 遹 邃 邠 郤 酅 酚 酴 酸 釜 镇 镒 镔 镕 镩 阗 除 陵 隘 韂 颁 颂 颠 飓 馔 骏 骐 骕 骞 骥 髌 鬒 鬓 鬷 鲮 鲯 鹆 鹔 鹟 鹢 鹬 麒 黄 黇 黉 黢 鼢 龚 𦭜 𨱑 𫓹 𫔎 𫟹 𬙂 𬭩 𬳿 𬸣	䅬 賹 䝽 䑂 塧 頇 頞 碪 囂 䆟 䫜 䫨 釟 仈 垻 玐 髕 訜 汃 濱 濵 瀕 頻 賓 賔 顮 䨈 䚔 贇 鑌 䧬 㟗 擯 鬂 鬢 繽 殯 砏 儐 㯽 梹 檳 椕 臏 瑸 璸 寳 寶 䴐 窇 賲 靌 唄 䒔 敗 贁 䢙 䪹 㧳 炃 燌 獖 蟦 鐼 賁 㑟 䖫 捠 㙃 䊧 㵒 屄 䫁 贔 貱 費 鄪 頒 鳻 朌 窉 鋲 籩 獱 窆 貶 邉 邊 臱 䪻 頨 䟍 贆 䞄 穪 䝵 㛝 萯 狽 蛽 㸽 鋇 貝 郥 䟺 梖 䩀 珼 礸 財 嫧 幘 畟 䈟 測 萴 厠 廁 㥽 惻 側 䫈 䤁 賶 澬 薋 蠀 賜 囋 䝳 酇 躦 襸 灒 穳 窾 竄 鋑 鑹 㠝 䂎 巑 攢 攛 躥 櫕 欑 忩 焧 䓗 㥖 賨 賩 聡 総 棇 䐋 麄 顣 鼀 䆊 竁 顇 踆 䞭 簤 襶 瀻 貸 聜 䏄 頔 題 儥 覿 噡 啿 媅 䪴 癚 窞 贍 贉 擔 聸 頕 䃫 愖 䄡 䨢 霮 甔 㯯 黵 黮 㐤 膽 㴿 顁 嵿 頂 婰 澱 䓦 猠 齻 痶 瘨 癲 壂 厧 嵮 巓 巔 攧 敟 傎 蹎 顛 椣 槇 槙 顚 窵 敓 㣞 䫂 㗧 螲 䫕 䞇 䆚 嬻 讀 讟 瀆 塗 竇 犢 鑟 韇 賭 頓 䫳 贕 韥 殰 凟 匵 䟻 牘 櫝 黷 瓄 豄 皾 䢱 兌 兊 瀩 瀢 頧 膭 噸 顎 額 䆓 頋 頟 䫷 搤 嬭 薾 貮 爾 邇 㒃 貳 樲 趰 㛲 噴 哛 㖹 幩 妢 帉 蚠 弅 兺 糞 㥹 衯 濆 蕡 蒶 葐 䆏 馩 秎 肦 馚 㿎 黂 蚡 䩿 饙 㸮 竕 鈖 隫 岎 轒 䭻 䫞 羵 紛 羒 昐 黺 㱵 憤 㤋 僨 雰 䴅 鱝 魵 橨 豶 兝 枌 梤 躮 膹 墳 賵 煩 舩 薠 販 䫶 媍 釡 䫝 蝜 䗄 蚥 賦 賻 䝾 䭸 偩 負 䫍 頫 䒈 鐨 㩌 曊 靅 賌 賅 㕢 䪱 㖵 頜 䪺 䫦 䫀 賡 頸 頏 戅 戇 䚗 槓 篢 灨 贑 贛 㔶 豃 烡 黆 獷 廣 撗 擴 僙 櫎 趪 矌 彉 彍 圀 囶 罆 䙛 窤 䗰 䝺 鏆 摜 貫 遦 慣 躀 樌 嗊 㕬 幊 䲲 熕 䔈 拲 㭟 䳍 龔 鑛 輁 髸 㤨 愩 碽 磺 礦 㓋 䱋 䰸 觵 栱 貢 慐 䐵 塨 唂 䀰 賈 顧 逧 䯣 貴 窐 䝿 鐀 鞼 瞶 䞈 巂 撌 匱 櫃 㙺 璝 劀 㒷 䫚 謴 䜇 滾 蓘 蔉 袞 㨰 㙥 䝭 購 䪷 䪽 灝 顥 頦 㵑 賀 䫘 㕡 㮝 㶇 䬝 橫 貥 浫 䗙 頷 顩 䫲 顄 谽 兤 䊣 熿 爌 篊 鷬 獚 穔 黃 䪄 鐄 䮲 䌙 曂 䵃 鱑 墴 貨 喚 煥 渙 䆠 寏 瘓 䥧 㪱 換 㬇 愌 烉 奐 㹕 瑍 嚝 娂 䆪 粠 舼 焢 澒 葓 䆖 鉷 䀧 䧆 黌 晎 閧 鬨 闀 霟 㬴 垬 玜 谹 䜫 谾 焀 鍙 頶 䞱 䫭 孈 䜋 䙡 湏 蘳 顪 鑴 賄 靧 繢 頮 闠 殨 儶 圚 黊 䴳 䫟 顐 䞀 䫛 捈 窲 䜠 頙 摰 謓 諶 䫖 夦 瘎 䆣 鍖 贂 賝 䞋 捵 縝 踸 㥲 䐜 湞 䆑 䆵 窚 竀 䗀 睖 䫆 緽 踜 赬 頳 償 卙 貾 趩 幨 䵐 蕆 䫮 顫 鄽 䪜 纏 䦲 䠨 棎 㙴 㙻 䆫 窓 窻 䎫 嚽 賗 瑏 䆔 䆹 篨 蒢 䅷 㾻 顀 䫄 賰 䫃 黅 䆮 䝲 贐 賮 䫴 帺 襀 諅 㫷 朞 簊 稘 積 癪 錤 齎 㹄 䝸 廭 驥 䦇 兾 績 㥍 懻 賫 賷 踑 蹟 禝 鰿 㠱 㮨 㭲 樭 勣 㞃 谻 穽 頚 䝼 頴 䁰 顜 塂 濺 瀽 藆 弿 寋 騫 劗 鑳 賎 賤 蠒 䮿 䫡 䚊 㰄 嘦 窌 賋 纐 腳 卻 艐 䁓 價 頡 䆒 䆶 㙀 㷷 襈 萒 脧 朘 烱 浻 蘏 蘔 䢛 綗 澃 㤯 㓏 僒 囧 㯋 熲 顈 埛 譎 泬 鐍 䤎 繘 憰 璚 䰬 簴 襷 輂 窶 鼰 颶 䝻 鵙 擧 舉 䪶 虡 䋰 䡞 㮂 僪 倶 蹫 挙 椇 欅 檋 櫸 埧 䜯 頰 頬 檟 濬 餕 陖 㕙 鵕 駿 䜭 馂 鵔 㼱 埈 䯪 歁 窼 顆 頎 鍞 䡩 揁 䆲 摃 羫 䀍 顑 蕢 墤 黋 䊯 穬 貺 鄺 懬 纊 曠 懭 儣 壙 頢 窽 涳 䅝 㲁 鵼 鞚 㸜 悾 椌 躻 㵠 窋 䫥 嘳 顝 嬇 簣 籄 潰 䕚 䕫 蘷 虁 窺 鑎 饋 犪 巙 䰎 聵 頃 䫔 㚍 憒 頯 䧶 蹞 頍 躨 樻 䠿 頄 䪲 頑 瑻 窛 㸊 癩 攋 瓎 顲 䫰 賃 䫐 䵏 窂 㨓 顟 䜮 籟 襰 瀨 瀬 藾 懶 䄤 䠭 賚 顂 䲚 櫴 賴 頼 䉄 薐 稜 䬋 䮚 輘 㱥 碐 倰 䆡 嬾 䆾 僋 㖫 婈 䈊 裬 淩 䕘 䔖 蓤 蔆 領 錂 嶺 掕 綾 鯪 夌 䝶 濓 䥥 亷 尦 竂 窷 賿 豂 覼 頱 䜲 陸 橮 竉 贚 衖 豅 㛬 淕 錴 賂 䡜 顱 㓐 踛 鯥 勎 鵱 坴 纇 頪 類 蘱 頛 禷 䫫 䝧 䡻 䪸 㒵 䫉 貿 鄮 嘪 㜥 蕒 䁲 買 鷶 䚑 賣 虋 䫒 嫇 顭 莔 鼆 幎 熐 䈿 䉲 籋 㵋 濔 瀰 䕳 獮 獼 㨠 擟 镾 鸍 㜷 瓕 䥸 彌 㣆 禰 檷 塓 顢 䜱 猽 㝠 䫤 鄍 䆩 䒌 覭 㟰 䏃 慏 凕 䄙 榠 朙 㝰 䫵 矈 矏 䰓 櫋 嫹 孭 䫱 獿 巎 夒 嚢 䕥 鑈 隬 䦵 㦐 儞 膩 䆨 嬢 醸 躎 褹 顳 㩶 槷 嚬 㡦 娦 嬪 貧 薲 蘋 㺍 顰 穦 馪 䎙 蠙 矉 驞 礗 㰋 謈 瓫 歕 翸 䫌 䫠 頗 䆺 盻 聁 頖 頩 賆 貵 顠 闝 櫇 贌 浿 賠 䫊 顉 䫬 呮 唭 魌 娸 諆 䏌 䑴 粸 䫏 簯 簱 籏 褀 剘 蜝 碁 䳢 棊 漬 濝 藄 䶞 猉 䅩 䥓 㠌 掑 騏 綨 磧 䫑 倛 僛 禥 鯕 檱 櫀 㯦 䚍 鶀 䟄 璂 䔛 廎 㩩 䡖 傾 啌 㾤 藖 䕭 䞿 㥶 鈆 㩮 攐 㩃 攓 㩷 攑 谸 顅 䆻 竅 窯 頝 顦 顤 竊 賕 䜪 譔 顴 鐉 䛪 焪 蛬 藭 竆 窮 䆳 䁚 䠻 瓗 㸖 䆽 㲘 閴 夋 㹛 熱 譲 穣 壌 䫇 䞂 頌 嫆 䈶 褣 穃 㝐 㼸 䇀 鎔 氄 䡆 䡥 搈 傛 顬 銳 㲊 㪫 叡 壡 宍 䐓 㘔 顋 簺 賽 㩙 僿 顙 䫙 燍 蟴 簛 㽄 瀃 䔮 䇁 蟖 㹑 鐁 廝 䡳 䫢 儩 㒋 禩 䲉 糂 䫅 厁 䫩 㤾 嗩 㛖 䣔 䈗 溑 鎖 鎻 䞆 䵀 鮻 䐝 瑣 痠 䝜 選 訟 枀 䛦 梥 蜙 庺 䯳 鬆 硹 倯 柗 枩 䜬 謖 㴋 遺 荾 䪎 賥 簨 潠 損 㦏 䐣 摉 獺 蟘 貣 禵 嗿 䜖 顃 㽎 㵅 䆱 貪 賧 頲 唺 舚 寘 窴 錪 鎮 睓 賟 搷 㬲 闐 覥 觍 䐌 㥏 碵 磌 倎 䠄 鷏 鷆 㙉 兲 塡 琠 璳 斢 窱 毤 挩 脫 貼 䵎 䵊 㸗 唋 筡 湥 蒤 䔑 鷋 鶟 䩣 鼵 䣄 峹 嵞 䳜 庩 㟮 駼 揬 悇 凃 鵌 㻌 䞮 瑹 㻠 堗 讉 藬 蘈 䫋 尵 穨 頹 頺 頽 㿉 㿗 蛻 隤 僓 蹪 臋 㩔 䕱 蘣 黈 頭 賒 繌 儍 賖 䆦 穼 罙 愼 頣 堔 䞉 貹 䪿 賸 賞 鑜 贘 諡 謚 簭 䶡 實 貰 䌳 䌤 勢 埶 䫪 說 碩 襩 蒣 贖 䝪 鷸 俆 涗 稅 䭨 誜 瞚 㥧 順 䭭 䆛 鍘 搾 醡 耫 瞾 䍉 簀 鉙 㩟 抧 債 責 㸙 嫃 䈯 㪛 蒖 寊 鎭 䝩 賑 䪾 㣀 貞 遉 偵 禎 㯢 楨 黰 眞 媜 幀 㡧 䆸 賬 㜱 䛊 䝷 筫 襧 潌 疻 鑕 䞃 䝰 㡶 質 劕 軹 貭 怾 懫 礩 儨 躓 櫍 䳅 䑇 胑 膣 瓆 贄 驇 譫 薝 䟋 顡 䆯 窡 窧 䫎 䪼 梲 蟤 饌 賺 顓 妐 炂 䇗 衳 彸 伀 䆝 貯 䝬 贅 賙 溛 漥 穵 窪 搲 攨 䠚 勜 鶲 䈵 㺋 螉 䩺 鎓 瞈 嵡 聬 暡 䱵 㮬 䐥 塕 尣 尩 瀇 㴏 㓁 䤑 㸘 鎫 贎 贃 䝹 貦 窩 呉 窹 窏 䫓 䜜 濻 䵋 䪋 頠 欈 䑊 壝 興 釁 礥 顖 䚷 䒊 㿽 㽯 蠵 屭 䧍 㔒 㩦 驨 璽 壐 雟 綌 㯕 䫣 肹 豀 嬹 䕟 臖 䢽 㐮 㟟 項 㘋 䉯 尠 灦 䵌 鶱 鑦 䝨 顕 顯 賢 贒 㰊 臔 嚻 虈 窙 讗 燲 襭 䝱 蝢 屓 褻 㞕 攜 㩪 擷 頁 䋶 纈 䪥 暬 䆭 䝮 䍻 繏 贙 㔵 䠣 璿 賯 䛎 袕 䆷 瞲 岤 䋉 坹 幁 㵰 漵 潊 蕦 藇 藚 獝 䅡 窢 敘 敍 賉 嶼 鬚 䍱 嬃 續 須 䇓 盨 暊 㑯 鱮 頊 㰨 䫗 夓 谺 勛 篔 稄 賐 䞊 顨 㢲 䠝 巺 塤 燅 䆘 窫 顔 䪵 噾 濥 洕 蔩 㝙 㪦 螾 縯 殥 璌 㴭 䆙 窰 䆗 窔 穾 䆞 柼 爺 餘 崸 慃 傟 囈 讛 㜋 熼 異 艗 襼 㵝 瀷 䕍 䔬 藝 蓺 頉 獈 齸 穓 䆿 鏔 勩 彛 鎰 䞅 貽 䝯 貤 㢞 顗 彜 鷁 縊 貖 頥 㱲 㔴 伿 贀 頤 霬 槸 榏 顊 膉 㙯 㘖 㕣 簷 渷 㳂 齞 顏 兗 䞁 贋 贗 曕 昖 䑍 嚶 孆 䙬 籯 瀴 灜 蘡 孾 癭 蠳 贏 嬰 譻 賏 罌 鑍 甖 䴍 鸎 鸚 巊 廮 攖 纓 櫻 潁 穎 瓔 員 鶰 隕 貟 願 圎 圓 㴄 彮 嵱 顒 愹 鰫 塎 䆕 䆢 閱 悅 恱 噊 娯 嬩 畭 籅 籲 㶛 澦 蕷 蘛 㺞 穥 䆰 穻 鴪 龥 䘱 雓 鋊 㠘 預 驈 㧒 輍 與 譽 輿 歟 㦛 礜 轝 鸒 懙 硢 礖 硲 㒜 霱 鱊 馀 鮽 旟 軉 鴥 璵 螸 慾 鵒 鄖 䚋 㜏 熉 溳 蒷 䆬 韻 賱 㩈 䪳 縜 頵 愪 殞 磒 傊 霣 狖 㺠 䆜 貁 㦫 臢 竃 竈 賳 㖽 嘖 謮 溭 蔶 㺓 䶦 歵 皟 瞔 則 崱 㣱 昗 賾 鰂 樍 囎 贈 賘 贓 贜 賍 貲 䆅 頿 頾 㱴 資 㜺 讃 讚 濽 賛 鄼 贊 饡 攅 儧 儹 禶 瓉 瓚 趲 䝫 㸇 籫 鑚 鑽 䡽 䰖 纉 纘 糉 糭 䈦 葼 猣 稯 蝬 鍐 鑁 嵏 嵕 㨑 騣 鬉 捴 㣭 䍟 緵 㚇 惾 倊 翪 鯼 㯶 椶 朡 堫 纗 䘒 賊 蠈 戝 鱡 捘
附属根	丷	丷	八	284	715	㵐 䎖 丧 丫 乎 伞 伴 侠 僔 僖 僚 僧 兑 兰 关 兹 兽 凳 判 剅 前 剪 劂 半 厥 厨 叛 吖 呼 啬 善 喜 嗌 嗍 嗞 嘉 嘭 嘹 嘻 噂 噌 噎 噔 噘 嚭 坪 塑 墙 增 墡 壹 夔 夹 奠 姘 嫭 嫱 嫽 嬉 孳 寮 尊 屏 峡 嵫 嶒 嶝 嶟 巇 帡 帨 平 并 彭 怦 总 悦 惘 惬 慈 憎 憕 憙 憭 懿 抨 拌 拦 拼 挟 掷 搠 摒 撅 撙 撩 旞 普 暿 曾 朔 朕 枰 柈 栏 栟 棁 椪 槊 樯 樽 橑 橙 橛 橱 殪 氆 泙 泮 洴 浃 湔 湴 溢 溯 滋 滹 潦 潽 澄 澍 澎 澧 烀 烂 煎 熹 燎 燧 狭 猷 獗 獠 玶 璒 璲 瓶 甏 甑 畔 痘 瘗 登 益 瞪 瞭 瞽 短 矰 砰 硖 碰 磁 磴 禧 秤 税 穑 穟 箧 箭 簝 糍 绊 缢 缭 缮 缯 罅 罔 罾 翦 联 聪 胖 胼 脱 膨 膳 臌 艏 苹 荓 荚 萍 蒴 蔷 蕨 蚲 蛱 蜕 蝤 螠 蟛 蟮 蠲 衅 袢 襚 评 说 谥 谫 谱 豆 豇 豉 豌 赠 踯 蹬 蹭 蹰 蹲 蹶 蹽 轷 辋 迸 送 逆 逗 遂 遒 道 遵 邃 郏 郑 鄫 鄯 酆 酋 醴 铗 锐 镃 镒 镢 镣 镨 镫 阅 阙 陕 隘 隧 靽 鞧 颊 饼 首 馗 馘 骈 魍 鲆 鳜 鳝 鳟 鳢 鹚 鹢 鹩 鼓 鼗 鼙 𨱔 𫟦 𬂩 𬨎 𬭳 𬭼 𬶮	溰 䔇 䶣 䅬 皚 隑 賹 剴 獃 敳 敱 嵦 㱯 磑 凒 塧 丷 䑫 㼞 㔙 絣 㱶 伻 跰 並 豍 䵄 鮩 姅 䉽 秚 䬳 鉡 㪵 絆 怑 跘 坢 誁 䔊 䗒 鉼 餅 庰 併 偋 䴵 垪 䵽 䒑 鼜 䇲 䜺 䉕 層 竲 䁬 驓 㣒 曽 繒 㬝 橧 㘂 嬨 䈘 濨 薺 螆 䗹 䭣 刾 甆 鶿 鷀 礠 従 媨 䠓 趥 澊 竴 墫 噵 䆃 衜 導 檤 嬁 燈 艠 䙞 簦 䔲 竳 鐙 隥 䮴 㔁 鄧 㲪 䳾 覴 豋 僜 䠬 櫈 墱 弾 単 㞟 磸 橂 㸃 痥 敚 鮵 鼕 䯟 䬽 鋭 䬈 隊 㟋 綐 㙂 㛒 䛠 䇺 浢 荳 鋀 餖 㢄 郖 毭 㪷 闘 鬪 㤱 侸 䄈 饾 梪 脰 䣞 遻 㖾 搤 磀 㦍 䭓 饐 㬟 朆 鼖 灃 蘴 寷 㠦 豐 㒥 僼 霻 靊 麷 鄷 豊 䰃 䭮 䵾 鼛 䐩 焵 焹 罁 剛 岡 犅 鋼 㟠 崗 掆 綱 㠮 碙 棡 堈 䤋 関 薣 䜼 皷 皼 鼔 嶡 鱖 㨟 䱺 䠽 㸁 兯 㯉 潂 嘑 謼 䉿 泘 苸 䴣 摢 軤 乥 乯 歑 虖 戲 㦆 雽 垀 竵 䅱 㰯 㰻 巣 儕 䆵 鏳 撜 鼚 熾 饎 㡿 䜵 䜻 剏 剙 㡡 幮 蟵 㕏 㕑 廚 䜴 躕 櫉 櫥 䐍 䫄 嚌 䜞 䶓 㸄 濟 虀 䶩 穧 癠 齎 齌 劑 韲 齏 鑇 齊 齍 隮 覬 䮺 擠 兾 屰 䍤 懠 躋 霽 鱭 櫅 璾 櫤 謭 譾 糋 葥 囏 㨵 揃 擶 鬋 彅 䚊 橏 椾 瑐 稵 揂 㥢 䙠 灍 瘚 蟩 鐝 蟨 嶥 憠 蹷 橜 鷢 欮 闕 䕒 頬 燇 鎧 䁗 颽 凱 豈 暟 闓 愷 塏 犪 巙 躨 嚹 蝋 䝁 䕩 㞠 轑 䝤 蝷 禮 鱧 㳕 㢘 䜍 爎 藔 療 竂 蟟 屪 鐐 飉 嶚 嶛 䩍 镽 䝀 繚 暸 曢 爒 尞 㶫 鷯 䨅 遼 膫 㙩 璙 猟 畄 䥢 䤣 㭔 祱 壾 宻 眫 䜸 悩 脳 縌 巕 䌜 㛁 皏 掽 軯 駍 䍬 䦕 閛 憉 恲 硑 踫 匉 胓 蟚 鵧 噽 詊 溿 頖 鵥 冸 牉 呯 幈 評 䈂 箳 缾 䍈 蓱 蛢 竮 䶄 岼 聠 軿 頩 郱 艵 鮃 㻂 塀 骿 賆 駢 諩 譜 鐠 擈 㒒 䲕 檏 哣 䜷 艩 蠐 䶒 䐡 麡 纃 䄢 榿 䭫 臍 媊 鎆 騚 偂 䲡 煪 渞 湭 崷 㷕 蠤 緧 鰌 覻 䓲 䌼 䂱 愬 鬙 䒏 鎹 餸 㮸 㴑 粛 遡 嬘 譢 煫 䉌 㴚 澻 䔹 䍁 䥙 鐩 鐆 䡵 㒸 繸 㥞 䠔 禭 檖 嚺 䶀 䶁 職 邆 霯 膯 鼟 鼞 體 䪆 䌡 軆 䥖 㬲 説 莌 捝 騨 侻 鐡 䵿 㻯 娧 駾 弚 䕱 頭 䱏 眘 昚 識 謚 亊 鐥 饍 繕 敾 歚 㪨 磰 僐 鱔 䦅 䝄 哾 鎙 㮶 㛸 㜐 裋 䜹 䝂 豎 鼡 樹 尌 裞 涚 䭭 獣 䃍 齋 䝃 潧 㴨 眹 㮳 栚 㡠 㡧 證 䆸 鄭 㽀 嬂 幟 蘵 蟙 戠 豒 擲 織 躑 樴 豑 旘 軄 膱 嫸 戦 壴 墜 礈 闦 誷 菵 蝄 輞 網 棢 嚱 譆 熺 糦 㸍 㺣 蟢 瞦 隵 繥 㱆 䖒 憘 礂 鱚 䵱 橲 囍 歖 㚀 䜶 豏 嘨 咲 簘 䙽 繍 鏬 傄 㙤 䜾 猶 㗼 䊦 潱 澲 䧨 嶪 嶫 驜 㱉 鄴 曗 業 鸈 礏 㸣 様 嬄 㜋 艗 浂 獈 齸 螘 鎰 顗 撎 兿 乊 鷁 縊 貖 曀 㦉 㱲 豷 榏 膉 㱅 敼 㙪 亄 㦤 鷧 灔 灧 灎 灩 巌 艷 豓 豔 厳 艶 桜 珱 渆 渕 鼝 䬇 鼘 㜧 閲 䜽 㚃 蕕 輶 偤 禉 楢 囎 譄 㽪 熷 䙢 贈 䰝 磳 鱛 増 璔 㽧 鎡 禌 鰦 搃 縦 縂 譐 罇 䔿 鐏 鷷 繜 鱒 壿
附属根	㡀	㡀	八	12	29	弊 憋 撇 敝 瞥 蔽 蹩 鳖 黹 黻 黼 𬭯	獙 㡀 幣 䌘 獘 斃 鄨 鷩 䨆 䘷 襒 虌 䭱 㢼 蟞 徶 鼈 龞 彆 䳤 鱉 䠥 黺 潎 䥕 嫳 撆 鐅 暼
主根	美字头	𦍌	美字头	18	66	姜 媄 恙 曦 渼 漾 爔 盖 禚 糕 美 羑 羔 羕 羡 羲 羹 镁	嚉 譵 襨 濧 薱 㠚 懟 㬣 對 䨴 䕏 䫞 餻 羙 羮 蟻 葁 䓺 鎂 嵄 躾 㩘 窯 犧 檨 蓔 䅵 鑆 轛 㕒 燨 犠 䂀 羛 義 㷣 觲 㙚 樣 㵪 羨 䢭 㚠 溔 㟱 榚 㺊 䭐 㨾 嬟 議 艤 䉝 䧧 㠖 嶬 轙 䣡 䴊 礒 儀 䲑 檥 鸃 湵 㕗
附属根	春字头	𡗗	美字头	29	45	䲠 俸 傣 凑 唪 嗪 堾 奉 奏 捧 揍 摏 春 棒 椿 榛 泰 溱 琫 瑃 瑧 秦 腠 臻 舂 蓁 蝽 蠢 辏	㷯 菶 䭰 䩬 䳞 埲 蜯 湊 輳 楱 䆐 湷 䄝 踳 蹖 樁 憃 㖺 媋 箺 萶 䞐 㿤 睶 賰 䮞 䦮 暙 偆 鰆 䐏 惷 淎 嫀 螓 溙 㥭 実 㦼 鬊 獉 搸 轃 縥 殝
附属根	龹	龹	美字头	24	68	䲢 倦 券 卷 圈 塍 婘 媵 拳 桊 棬 滕 眷 縢 绻 腾 藤 蜷 螣 誊 豢 锩 鬈 鲞	黱 裷 㹖 闂 畻 堘 淃 菤 蔨 錈 睠 捲 䄅 帣 劵 勌 勬 絭 䖭 弮 韏 飬 餋 巻 慻 惓 踡 腃 埢 啳 箞 䊎 䅚 犈 搼 牶 觠 奍 齤 綣 㒽 椦 圏 䒅 䲍 籘 籐 漛 䕨 虅 驣 駦 儯 䠮 幐 謄 騰 鰧 蕂 䞉 橳 賸 勝 榺 鮝 潫 膡 䅈
附属根	养字头	养字头	美字头	10	32	养 噗 墣 幞 濮 璞 穙 蹼 醭 镤	㙸 䪁 撲 轐 僕 襆 襥 纀 獛 䗱 㹒 鏷 䧤 瞨 贌 菐 㲫 䴆 䑑 㯷 樸 鯗 鱶 䭥 瀁 癢 攁 㔦 養 懩 礢 䑆
附属根	差字头	⺶	美字头	28	80	嗟 嵯 差 搓 槎 溠 瑳 瘥 着 磋 羌 羓 羖 羚 羝 羞 羟 羧 羯 羰 羱 羼 翔 蜣 蹉 馐 鲝 鹾	䍸 㿷 䟀 髊 齹 縒 䍼 㽨 蒫 䑘 嵳 䰈 醝 鹺 䴾 䐤 䍶 羵 羒 羳 䍨 䍯 䍺 羦 艖 褨 鎈 䁟 䡨 䍳 嫅 羫 錓 䍽 羷 䍲 羺 䍬 嗴 唴 㛨 溬 㳾 獇 猐 羻 羗 羥 羬 鱃 琷 羢 暛 傞 䍫 羶 羴 䕢 㷢 鮺 䱹 䍮 䍵 撯 羜 䍪 䍴 䍷 羏 鴹 饈 䡭 䍻 䍱 劷 䍩 羪 羠 羭 㞉
附属根	龵	龵	美字头	4	2	拜 掰 湃 看	㗑 搿
主根	大	大	大	261	604	䃎 䅟 䓫 买 侉 侠 俺 倚 倴 偰 傒 僚 决 刳 剞 匏 卖 叁 参 咉 咽 哒 唤 唵 喹 嗥 嗯 嘹 噢 因 块 垮 垯 埯 埼 堧 大 夬 夭 央 夯 头 夸 夹 夺 夼 奁 奂 奄 奇 奈 奋 奎 契 奓 奔 奕 奖 套 奘 奚 奠 奡 奢 奥 奭 妖 姱 姻 婍 媄 媆 媖 嫽 实 寄 寮 尖 尜 岙 峡 崎 崦 幂 庆 庵 徛 快 怏 恩 惨 惬 憭 懊 抉 挎 挞 挟 换 捺 掎 掩 掺 揳 摁 撩 攀 攥 旖 映 杕 椅 椟 楔 槔 樊 橑 欹 殃 毵 氤 沃 泱 洇 洿 浃 涣 淹 渎 渗 渼 溪 漪 潦 澳 炔 烟 焕 煃 燎 燠 爨 爽 牍 牵 犄 犊 狭 猗 猰 獠 玦 琦 瑛 瓠 畚 畸 痪 瘆 瘗 皋 皞 盎 瞭 砄 硖 碜 碶 禊 秧 窦 笑 筷 箧 篡 簝 类 糁 纂 绔 续 绮 缭 缺 罨 美 羹 翱 耷 胭 胯 腌 英 茵 荙 荚 荬 萘 葜 蒽 薁 蘅 蛱 蝰 衡 袂 袄 襫 襻 觌 觖 觭 诀 读 谿 赎 跃 跨 跶 踦 蹊 蹽 轪 达 郏 鋈 铗 铟 锛 锜 锲 锳 镁 镣 闼 阉 陕 隩 鞅 鞑 颊 饫 驮 骃 骑 骖 鲹 鸯 鹌 鹩 黩 黪 鼷 鿎 𪨶 𫘝 𫘬 𫟼 𬂩 𬘡 𬺈	䇦 醃 醠 㼜 㾨 㢊 㡋 㽢 裺 菴 蓭 㞄 䅖 馣 痷 䤶 䎨 晻 鵪 㭺 㕭 㜩 䜒 䉛 襖 芺 㠗 鿫 扷 擙 镺 鴁 㤇 嶴 奧 䴈 䐿 墺 夿 忁 曓 喯 渀 錛 奙 軬 㨧 輽 捹 撪 夲 逩 㮥 桳 奟 奰 夶 㳒 䢪 㬥 㬧 㶔 䇲 筴 㓨 刾 簒 汏 㿴 羍 䐛 軑 馱 㞭 㐲 䲦 釱 奃 㞟 磸 奌 橂 奝 奲 奪 㱩 㷈 䱮 匎 煾 䅰 奀 陾 輭 腝 餴 奮 䉊 䫶 蠜 礬 仸 荂 㚕 奜 夾 滜 㚖 鷎 韟 㤒 㚏 夰 䩡 䊽 臩 㨳 鴂 趹 槣 赽 奤 獆 昦 暤 㰰 䯨 奛 奯 喚 煥 渙 寏 瘓 㪱 換 㬇 愌 奐 瑍 恗 綔 睳 㥣 㕦 摦 夻 槬 趫 㵔 䧪 撦 喫 瘈 漺 㼽 摤 磢 傸 吷 㚟 䵵 㵮 䓐 嗘 䛴 㞆 䗁 騎 羇 覉 攲 敧 㚡 鷄 雞 躸 䳶 䐀 㣏 奬 奨 嬌 譑 矯 簥 蕎 穚 蟜 㠐 嶠 撟 轎 驕 喬 敿 敽 鷮 憍 僑 蹻 䚩 鱎 橋 㼪 䀹 脥 奆 妜 訣 決 芵 㹟 疦 蚗 屩 屫 鞽 鈌 䀗 䦼 駃 繑 刔 勪 㭈 鴃 䏐 唊 䛟 裌 浹 㚙 䕛 莢 頰 郟 鵊 㿓 蛺 鋏 頬 挾 梜 埉 奒 㚚 袴 絝 郀 鮬 桍 鍷 㨒 䫔 䠑 楏 咵 骻 㡁 誇 㛻 舿 銙 晇 䠸 䕩 㞠 轑 䝤 㚓 聫 匲 奩 䜍 爎 藔 療 竂 蟟 屪 鐐 飉 嶚 嶛 䩍 镽 繚 暸 曢 爒 尞 㶫 鷯 䨅 遼 膫 㙩 璙 㼲 聗 䱞 奱 䙪 涙 莾 蠎 峚 䆩 䓺 鎂 嵄 躾 㪎 䋾 㴎 錼 倷 㮈 㖠 稬 耎 愞 㐡 㚔 煗 䙇 渜 餪 㬉 奅 㿙 鑻 貵 裿 鸂 齮 螇 錡 㟢 綺 䚉 㥓 㱦 碕 磎 䫑 鵸 䄎 䂩 䉦 韆 䙴 遷 檶 櫏 嘺 燆 㝯 犞 鐈 㢗 䎗 䀉 礄 墧 㛍 篋 㤲 稧 㾜 鍥 㓶 悏 愜 㰼 㥦 匧 㚗 蒛 䦬 厺 䶝 殎 圶 㿵 䓴 㓴 蝡 䞂 緛 碝 偄 㮕 瑌 㨎 擌 椮 毶 篹 㳠 夵 㚐 旲 忕 冭 夳 戻 䥖 㖔 㧷 呑 㵤 䬊 翜 輋 眘 昚 㚞 鯵 㚒 陝 鿃 㣣 䔪 䫪 鷞 䗮 鏯 騻 慡 樉 塽 譇 䵙 㦋 偧 䐒 鄭 㽀 芖 擲 躑 䉵 籑 㚝 吳 奦 悞 鴮 㜎 謑 䙎 㶉 蒵 嵠 㨙 騱 徯 縘 貕 慀 㚛 䲪 榽 豯 䫣 㰿 豀 褼 䵌 僊 蹮 躚 㗛 獢 㚠 毊 褉 鞵 綊 䙽 膎 䫼 䦑 㰭 㚜 㽠 狹 陜 陿 峽 硤 傄 俠 奞 窫 䝟 筃 裀 秵 銦 鞇 㧢 駰 絪 䄄 欭 栶 訞 宎 穾 䴠 岆 殀 祅 枖 餣 䁆 㥷 殗 㪑 姎 詇 炴 鉠 眏 岟 抰 軮 駚 紻 㿮 䒋 鴦 佒 䄃 雵 霙 䱀 柍 楧 胦 坱 渏 湙 䭲 瘱 㝣 瘞 陭 輢 䝝 檹 旑 㛪 䛳 㸶 閹 㤿 硽 剦 䣍 䄋 黤 珚 㡕 䊔 煐 矨 渶 䣐 㲟 鶧 䚆 绬 蝧 䬬 䭊 鍈 韺 䁐 㢍 緓 䦫 暎 愥 碤 偀 朠 嬽 䆕 䆢 娛 秗 鐭 飫 陓 礇 俁 䄏 夽 奫 繤
附属根	犬	犬	大	46	127	䴗 伏 倏 厌 厣 吠 哭 唳 嗅 器 恹 慭 戾 捩 洑 溴 漭 然 燃 犬 状 狱 献 猷 獒 畎 突 糗 臭 茯 获 莽 葖 蟒 袱 谳 阒 靥 飙 餍 魇 默 黡 𤩽 𪩘 𬸚	獃 㱘 㺴 獘 䔸 猋 飆 䁭 贆 飇 䟮 迖 䈆 枤 囐 㩵 擜 齾 汱 絥 覄 鮲 栿 垘 鼣 猆 瓛 㺉 殠 獎 湨 犑 鼳 狊 郹 鶪 宊 淚 䓞 蜧 錑 綟 悷 㑦 棙 睙 㪐 類 蘱 禷 䒎 䁳 㟿 㬒 黙 䁿 䥈 撚 蹨 钀 䡾 搝 䠗 闃 䠐 嘫 㜣 䔳 繎 㦓 䳿 㒄 橪 肰 㺇 獻 䣭 䭾 涋 湥 鶟 鼵 㟮 揬 㻠 堗 㹷 獸 獣 狀 憖 㬗 㱗 螑 齅 㧋 盢 瞁 厭 壓 㹜 犾 猌 㙬 嚈 鄓 擪 懕 靨 㩎 擫 讞 魘 嬮 巘 巚 厴 饜 檿 黶 猒 㦔 懨 鸑 嶽 獄 紎
附属根	夫	夫	大	19	81	呋 夫 扶 撵 暵 替 潜 玞 砆 窥 肤 芙 蚨 规 趺 辇 鬶 麸 𫓧	㚘 䊿 䲋 㠝 櫕 妋 畉 衭 邞 鳺 荴 䄮 鈇 颫 䡍 酜 㫙 伕 䃿 麩 枎 羮 嫢 鬹 椝 槼 規 瞡 摫 䲅 槻 嫨 熯 漢 灘 䕿 䎯 傼 鶏 囏 艱 僣 䣠 㠸 窺 闚 鄻 輦 臡 䁧 戁 難 攤 㬮 攆 㔮 儺 㰙 巬 巭 䖄 䕼 㸐 鐟 嘆 癱 歎 擹 渓 譛 讃 簮 濽 賛 鄼 攅 儧 瓉 㸇 鑚 纉
附属根	天	天	大	37	69	䶮 俣 关 凑 吞 吴 天 奏 娱 忝 戣 掭 掷 揆 揍 昊 暌 朕 淏 添 癸 睽 祆 联 腠 舔 葵 虞 蚕 蜈 误 踯 辏 送 郑 阕 骙	䗞 䘉 蝅 蠺 湊 輳 楱 迗 鴌 関 脵 湀 猤 昋 䤆 㵄 鋘 䠏 䵡 騤 闋 䙆 藈 鍨 聧 鄈 䳫 楑 㤁 䆨 筽 沗 䙣 㪪 㒎 鎹 餸 㮸 㖭 䚶 婖 㶺 菾 䀖 䋬 悿 㮇 㴨 眹 㮳 栚 奣 誤 洖 茣 悮 祦 㻍 咲 㴁 浂 龑 渕 噳 澞 麌 鸆 䪞 䨿
附属根	太	太	大	7	10	呔 太 态 汰 肽 酞 钛	迏 軚 葢 盇 粏 舦 鈦 忲 駄 豓
主根	儿	儿	儿	115	478	㳘 佻 侁 倪 傥 僭 儿 允 兄 充 兆 先 克 兑 兖 党 兜 兢 况 冼 剋 匹 厩 吮 境 姚 宪 帨 忱 悦 慨 挑 攒 旐 既 晁 暨 朓 枕 柷 桃 棁 概 氪 沇 沈 洗 洮 溉 狁 猊 獍 珧 珫 瓒 眈 眺 睨 祝 祧 税 窕 竞 竟 筅 篼 簪 统 缵 耽 脱 臜 苉 茺 蔸 藐 蜕 诜 说 谠 谮 貌 贶 赞 趱 跣 跳 躜 逃 选 邈 酂 酰 铣 铫 铳 锐 镋 镜 阅 阋 霓 鲵 鸩 麑 鼗 𣗋 𨺙 𫐐 𫖯 𫠜 𬘘 𬳽 𬶐 𬶨	㤅 㝶 䚔 㝸 覍 覵 礸 䅾 囋 噆 㿊 蠶 䣟 朁 䍼 㦧 憯 酇 躦 襸 灒 穳 䂎 巑 攢 欑 絩 䙷 䙸 覴 覿 㕪 妉 娊 帎 衴 㴷 䪴 沊 瓭 抌 馾 髧 紞 酖 覘 黕 躭 䏙 誂 銚 䂪 雿 敓 痥 敚 㣞 鮵 䞇 読 涜 㸿 覩 兌 兊 䬽 鋭 鈗 䬈 㟋 綐 㙂 兠 㨮 橷 覨 䆓 唲 兒 䮘 䋩 児 兝 頫 漑 㮣 槩 摡 槪 嘅 灮 黆 㫛 欟 観 觀 覌 櫬 嫢 鬹 槼 規 䐴 瞡 摫 䲅 槻 覯 鬩 䚂 炾 怳 旤 萈 繉 䄻 嚫 訦 襯 䒞 莐 㽸 鈂 䞋 儭 霃 䏹 竀 兏 㰫 䚒 䘪 銃 㧤 㤝 拀 䫄 䭙 覲 嶜 兓 䤐 䃡 䐶 䚐 蔇 穊 曁 鱀 旣 䀈 塈 覬 㒫 旡 櫭 㵾 䔔 競 竸 鏡 殑 傹 靚 璄 糡 滰 譖 熸 筧 涀 䅐 劗 鑬 見 挸 䚊 絸 覸 梘 䙼 灚 撹 攪 覺 䇒 廐 萒 䚈 斍 覐 覚 㽙 覠 娔 勀 勊 尅 況 眖 貺 岲 軦 髖 寬 寛 鑧 臗 窺 闚 䚏 䚅 䚕 兣 囕 爦 灠 攬 䌫 纜 覧 覽 㰖 欖 䚖 䙺 覝 尦 覼 覙 覶 䚄 圥 祱 㝟 皃 䡚 覒 㒻 兞 䚑 売 玧 漞 䮭 覔 䌐 覛 覓 覭 靦 㦝 覕 誽 掜 䍲 腉 婗 䘽 淣 㹸 齯 蜺 㪒 郳 聣 輗 貎 晲 觬 鯢 棿 堄 䚓 覫 鴄 䏘 覑 瀙 藽 㱽 寴 親 䫬 鬵 橬 䧵 炁 䚉 䚍 儬 樈 潛 濳 灊 䁮 撍 悓 俔 兛 䦧 覰 覷 覻 䓲 䌼 銳 䂱 覗 糣 咷 䑬 鞉 駣 鎲 㬱 㽎 醓 覥 艞 脁 宨 庣 聎 晀 恌 㸠 䠷 覜 趒 説 毤 莌 挩 捝 侻 脫 綂 統 莵 禿 兎 娧 頹 蛻 駾 姺 詵 邥 覾 兟 駪 魫 㮱 䚇 㱡 䙾 視 覢 哾 說 裞 涗 涚 稅 罀 狣 䍮 鮡 垗 萙 鴆 鋴 㓄 㼉 覟 覱 梲 呪 詋 尣 尩 莧 萖 晩 覣 覹 䙿 䊠 銑 墍 覤 㦦 䨳 覡 黖 哯 誢 烍 粯 箲 鍌 蜆 㪇 䢾 鋧 䧋 睍 峴 㧥 䙹 毨 晛 䨘 麲 䚚 㭠 垷 珗 現 鴵 䩤 䙽 㾌 㚾 兇 䣴 続 冘 烑 筄 䖴 餆 覞 㟅 鶂 鶃 渷 兗 覎 阭 抁 硯 覮 䚆 䭗 摬 䬇 㭇 䦾 閱 閲 悅 恱 覦 䚋 馻 䚃 㦫 臢 㻸 㜺 讚 贊 饡 鐕 㔆 兂 㣅 儹 禶 瓚 趲 籫 鑽 䡽 䰖 纘
附属根	兀	兀	儿	49	144	㿠 兀 元 光 兕 冠 咣 园 垙 垸 妧 完 寇 屼 幌 恍 晃 杌 桄 沅 洸 浣 滉 烷 玩 珖 皖 筦 耀 胱 脘 芫 莞 蒄 蔻 虺 觥 辉 远 阮 院 靰 顽 髡 鲩 鼋 𨐈 𫐄 𬘫	澆 磽 䨌 䨔 㫁 尶 姯 茪 銧 挄 輄 硄 侊 䏓 鵍 䦎 捖 鋎 兤 熀 皝 皩 鎤 䁜 㨪 縨 晄 愰 榥 䯘 睆 綄 羦 䴷 鯇 㹕 䆪 輝 鼿 豗 俒 梡 䰫 靗 坖 徺 憢 僥 駫 㪴 䯑 黋 絖 尡 䪲 髨 頑 簆 滱 蔲 㓂 宼 窛 冦 䁱 䳹 㫯 鱙 譊 蟯 鐃 撓 橈 䴃 蹺 顤 翹 㚁 墝 趬 嬈 襓 蕘 穘 饒 隢 繞 遶 朊 䓕 焼 燒 兘 㘢 尫 䯈 唍 䛃 蚖 貦 岏 抏 輐 晥 忨 翫 魭 刓 㝴 琓 阢 卼 扤 矹 㐳 韑 嘵 髐 獟 䥵 皢 驍 暁 曉 膮 坃 䶧 㹓 嶢 嶤 尭 堯 笎 䬧 鈨 盶 衏 酛 杬 黿 邧 䲮 䡇 軏
附属根	丌	丌	儿	14	40	亓 劓 擤 淠 濞 畀 痹 箅 鼻 鼽 鼾 齁 齇 齉	嬶 襣 䕗 睤 畁 亣 䶍 齃 䶎 宺 䶐 鼿 㫅 丌 䢋 駵 䱖 桺 齈 䶊 䶌 嚊 䑄 腗 䭶 䭼 綥 䟚 䶑 䶏 齄 齆 齀 䶋 齂 齅 顨 鼼 㚦 丣
主根	几	几	几	62	172	䴘 亢 亮 仉 伉 冗 几 凫 凭 凯 凳 剁 叽 吭 咒 哚 唬 坑 垛 壳 彪 微 悫 抗 搋 朵 机 杭 沆 沉 沿 溦 炕 猇 玑 琥 矶 秃 篪 肌 肮 航 船 薇 虎 虒 虓 虢 虤 虮 褫 讥 跺 躲 钪 铅 闶 颃 颓 饕 饥 麂	骯 䭺 虣 淲 滮 遞 櫈 䞾 伔 㛊 䤪 挆 趓 瀩 㠶 舧 凣 凢 鳧 鳬 䋁 㽘 犺 頏 牨 㼚 阬 䴚 㶁 㲹 㔳 號 㙱 諕 虠 䝞 椃 妔 笐 苀 蚢 㰠 邟 䲳 迒 貥 䘕 忼 䟘 魧 斻 甝 䖔 䰧 箎 萀 䗂 錿 虝 俿 鯱 㕴 䤟 裭 䶵 処 竌 處 飢 䢳 㞦 粇 秔 芁 凥 㨿 拠 凱 殼 劥 坈 鈧 䡉 閌 砊 匟 囥 髠 喨 煷 湸 䊨 釠 㜫 䖑 媺 矀 䖓 䖋 凴 巬 䬌 棾 鉛 髚 殻 焭 㒌 橩 慤 宂 䢇 虩 謕 㴲 螔 鼶 䫢 鷉 磃 傂 禠 榹 䖛 㔯 抭 嗁 㡗 㥴 㔸 䖙 蹏 鷈 䛢 鵚 痜 鋵 䖘 蘈 穨 頽 㿗 籶 虪 䚦 虥 虦 䖚 䉠 癓 䥩 覹 嶶 霺 㾷 覤 婋 贙 䖎 䖖 㙈 䖐 䖜 擨 歋 䖌 䖊 㫟 䛇 䶳 鴧 䖕
附属根	周字框	⺆	几	33	63	㶲 丹 佣 倜 册 凋 删 周 啁 坍 姗 婤 彤 惆 拥 旃 栅 栴 椆 珊 用 甪 甭 痈 碉 稠 绸 蜩 调 赒 跚 雕 鲷	粣 笧 㥖 裯 翢 禂 鿕 䒟 刐 砃 玬 調 簓 淍 㓮 彫 鵰 錭 䯾 綢 㚋 奝 鯛 琱 騆 肦 甮 胐 䏓 鴅 皗 脧 䓟 䑃 胊 袇 烿 㳩 脁 㟘 㨄 䵊 浵 膧 蚒 銏 䞴 㮵 枬 炿 郮 週 䧓 睭 賙 䎻 輖 徟 晭 霌 雘 苚 砽
附属根	风省	⺇	几	21	117	佩 凤 凰 夙 岚 枫 沨 疯 砜 讽 风 飏 飐 飑 飒 飓 飔 飕 飗 飘 飙	䬓 颰 䫾 䬛 飊 飆 颷 飈 飚 飇 颩 颮 䬏 㶡 䬈 諷 煈 渢 㵯 飌 猦 瘋 風 凮 凨 凬 鳯 鳳 闏 碸 偑 㐽 楓 檒 堸 颿 颫 凲 䬎 颳 颪 䬝 䬖 䬉 䫺 䫹 䬍 䫿 䫸 颶 颽 蝋 䬋 颯 䬆 䬅 葻 嵐 飉 飂 猟 颲 飀 飅 䬟 凩 䫽 飃 飄 姵 䊃 㧩 珮 䬌 䬐 䬃 颾 飋 颸 洬 㓘 㑉 珟 䬒 颼 䬞 颱 䬊 颵 䬕 䑕 鼡 凧 凪 颭 颹 䬑 㚯 飁 䬘 飍 颴 䫼 䬂 䬄 颬 㜄 䬙 颻 飖 颺 䬗 䬁 䬇 䬔 䫻 䬀
附属根	凡	凡	几	11	46	凡 巩 帆 恐 梵 矾 筑 芃 蛩 銎 钒	汎 䏎 㕨 訉 舤 滼 盕 釩 䭵 軓 忛 杋 㧬 䂬 㼦 䡗 鞏 㺬 䴟 䅃 㞩 䇔 驘 鸁 䌱 竼 㺸 跫 䊄 㮪 篫 築 茿 㜲 骪 蒆 聓 籝 籯 灜 䕦 贏 攍 䃷 䑉 䖠
主根	子	子	子	105	199	乳 享 亸 仔 俘 勃 勐 厚 吼 哮 哱 垺 塾 墩 好 子 孑 孔 孕 孖 字 存 孙 孚 孛 孜 孝 孟 孢 季 孤 孥 学 孩 孪 孬 孰 孱 孳 孵 孺 孽 崞 廓 悖 悸 惇 教 敦 敩 暾 李 桲 桴 椁 殍 浡 浮 涍 淳 渤 游 漖 漷 潺 焞 熟 狲 猛 琈 礅 稃 籽 耔 脖 脬 艋 芤 荐 荪 荸 莩 菰 虸 蜉 蜢 蝣 觃 谆 蹾 逊 郛 郭 酵 醇 锰 镦 鞯 饽 馞 骣 鹁 鹑 𬘯 𬭚	㔜 㶿 㴾 葧 㹀 䪬 孹 鋍 餑 㟑 㩭 挬 侼 㪍 郣 鵓 誖 㫲 愂 㤵 孮 洊 拵 侟 弴 錞 嚲 啍 譈 䔻 䇏 鐓 鐜 憝 㨃 憞 埻 燉 潡 獤 蜳 撉 䪃 犜 䃦 墪 撴 驐 橔 哹 娐 烰 粰 艀 筟 㟊 捊 綍 綒 罦 酻 䨗 䴸 䱐 㲗 䳕 䞯 㗥 槨 墎 箛 㝅 恏 䒵 㝀 㜾 䁨 㨯 學 犼 㫗 僝 㝇 犉 㝄 鶉 鯙 吇 㳵 痵 㑧 鯚 㻑 袸 臶 囝 栫 珔 敎 噋 鞟 鞹 韕 霩 嗠 孷 斿 㝈 孿 鋢 䓝 錳 䁅 掹 鯭 屘 㝃 孭 孻 㵫 孨 孴 孼 啂 㳶 㛘 孯 䃝 踍 汓 惸 㝁 孠 箰 蓀 猻 孫 搎 槂 孡 鷻 馟 朜 㬿 䱆 䃞 㝂 樼 轏 驏 㻵 諄 稕 綧 孞 㙾 嘋 誟 㹲 宯 痚 窙 庨 斆 斅 硣 侾 賯 㶅 斈 㰒 㜿 愻 遜 孲 覎 孾 㚺 㞌 䑻 㳺 䢊 逰 孧 遊 孶 芓 茡 秄 牸 釨 䦻 㞨 矷 䰵 杍 㜽 㺭 銌
附属根	了	了	子	12	19	了 亟 亨 哼 孓 承 殛 烹 疗 辽 钌 𠙶	䓧 涥 悙 脝 凾 爳 䩯 焏 㥛 極 孒 䑠 䄦 㝋 釕 叾 䥋 㧸 梈
主根	十	十	十	290	763	㙦 䓬 丧 乾 什 仵 伎 伞 俾 倬 倴 值 偾 勃 十 午 卉 华 协 卑 卒 卓 卖 南 博 叶 吱 哉 哔 哗 哱 啐 啤 啬 喃 喷 嗔 嗥 嗦 嘲 嚏 坪 埠 埤 埴 填 墘 墙 奔 妓 婢 婻 嫜 嫱 孛 屐 岐 崒 嶂 巅 幛 平 庋 庳 彰 循 德 忤 忮 怦 悖 悴 悼 愤 慎 戆 戟 截 戴 戽 技 抖 抨 捭 捽 掉 摔 擀 支 斗 料 斛 斜 斝 斟 斠 斡 早 旿 晔 晫 暲 朝 杵 枝 枰 栽 桦 桲 棹 植 椑 椟 楠 楯 榫 槔 槲 樟 樯 櫆 歧 殖 毕 汁 汛 泙 浒 浡 淖 淬 渎 渤 溹 滇 漳 潭 潮 瀚 烨 焯 牌 牍 犊 猝 献 獐 率 玶 瑱 璋 疐 瘁 瘴 癫 皋 皞 直 盾 真 睥 瞋 瞫 瞽 矗 砰 碎 碑 磹 禛 科 秤 稗 稙 稹 穑 窣 窦 章 筚 簟 簰 粹 索 续 绰 缜 罩 置 罱 翅 翠 翰 翱 肢 肸 脖 脾 腩 腯 臌 芰 苹 茕 草 荜 荸 萃 萆 萍 萳 蔷 蕈 蚪 蚲 蜱 蝌 蝻 蟀 蟑 蟫 衠 裁 裨 覃 觌 计 讯 许 评 读 谇 谭 谳 豉 豮 质 贲 赍 赎 赣 跂 跸 踔 踬 载 迅 迕 逴 遁 郫 鄙 鄣 醉 针 钭 铧 锛 锧 镇 镡 阗 阜 陴 障 隼 韩 颠 颦 饽 馞 骅 髀 鬒 魁 鲆 鲼 鸨 鹁 鹎 黩 鼓 鼗 鼙 𣸣 𤩽 𨙸 𪩘 𫠆 𬃊	㾢 翶 翺 䵅 䇑 鳵 駂 鴇 粺 薭 猈 䠋 喯 燌 渀 獖 蟦 鐼 錛 捹 夲 逩 賁 桳 㼞 伻 啚 嗶 魓 熚 箄 篳 襅 滭 蓽 痺 㪏 錍 鞞 鏎 鞸 饆 䬛 崥 聛 豍 驆 綼 貏 彃 縪 罼 韠 㪤 鷝 畢 㓖 䵄 禆 蹕 䚜 㯅 㮿 㻫 䟆 㪵 䴵 琕 㶿 簙 㴾 葧 㹀 䪬 鋍 餑 㟑 挬 侼 㪍 郣 鵓 䴺 㗗 誖 諀 㽡 鵯 㫲 愂 䱝 䵽 騲 愺 鼜 䴭 蛓 䴾 踤 焠 粋 䘹 㳃 㵏 濢 㱖 疩 顇 紣 綷 忰 伜 倅 翆 㯜 椊 脺 膵 臎 琗 憚 僤 襶 瀻 載 䚞 徳 㥀 㥁 悳 惪 㯖 磾 鄲 單 嘽 嘾 譂 䊤 燀 簞 襌 癉 贉 㠆 㲷 䡲 撢 撣 弾 彈 殫 匰 䨵 単 禫 㐤 䐷 㶘 蕇 齻 瘨 癲 厧 嵮 巔 攧 驔 傎 蹎 顛 槙 橝 竨 鋽 㪕 䂽 䯬 嚲 奲 䠤 軃 㷸 鐵 臷 鼕 㱩 碷 踲 唞 乧 鈄 阧 㞳 㪷 斣 閗 鬦 枓 擜 㩽 瞂 噴 幩 濆 蕡 馩 㿎 黂 䩿 饙 餴 隫 轒 羵 㱵 憤 僨 鼖 䴅 鱝 橨 豶 膹 墳 麷 籵 㷆 綍 䵾 麩 䴸 䃽 麬 麱 䘀 䒈 滜 獋 皐 鷎 臯 鷱 韟 㤒 槹 橰 鼛 䘁 戅 戇 簳 灨 漧 贑 贛 䤗 㔶 幹 倝 乹 亁 榦 檊 叏 䴹 薣 攱 庪 攰 㩻 嘷 噑 獆 獔 皡 皥 䝥 暤 暭 曍 澕 麧 澣 螒 㲦 韓 䮧 鶾 雗 壊 汻 䅿 䵃 䭴 䴷 嘝 許 䈸 滸 蔛 㪶 䴯 泋 䌇 嘩 嬅 譁 鷨 華 鏵 㟆 㠏 崋 撶 驊 㦊 䴳 樺 䶪 謿 窲 䮓 綽 䎐 麨 趠 謓 䜟 縝 㥲 䐜 鼚 誺 卙 勑 麶 䳵 鳷 翄 囅 辴 嬋 幝 灛 䵐 㺗 蟬 繟 闡 懴 䴼 禪 墠 婥 繛 㕏 輴 鶞 䞺 鬾 計 汥 䕤 鄿 蘄 㾵 䝸 撠 䰏 㦸 攲 賫 賷 橶 䟌 㣏 瀐 㨴 殱 呌 䕙 蠘 嶻 擮 㪻 氒 㪺 斚 㪴 䈖 萪 㸯 犐 嵙 䌀 䡩 竷 䀍 頍 䞚 䓥 唻 婡 箂 淶 萊 猍 䅘 錸 䧒 睞 崍 庲 騋 䋱 徠 䂾 倈 賚 顂 來 麳 郲 鶆 逨 䚅 鯠 棶 琜 㔹 䴻 斄 䣫 㯤 䈒 炓 䥢 䔞 繂 膟 㪹 嘜 痲 䮮 䨫 麥 䴿 䵆 莾 蠎 麪 麫 麵 廟 䴲 畞 麰 䋻 脌 諵 䊖 煵 湳 揇 暔 㓓 遖 哖 㜤 姩 鵇 䚓 䴴 䯵 枿 吘 顰 麭 簲 㵺 渒 歕 翸 㛁 軯 駍 䍬 閛 䴶 匉 胓 䰦 焷 篺 䫌 㼰 朇 銔 螷 蠯 䡟 䴽 呯 評 䍈 䶄 岼 鮃 㛘 㳈 玂 䅩 㩾 蚑 䡋 㟚 䵁 燂 籖 䥅 㷀 煢 麴 麯 麮 䌾 瀒 鎍 㮦 㻭 䫙 桒 厁 仐 傘 䅴 蜶 䖛 䵀 䞽 稡 㲞 埣 誶 睟 賥 䯿 砕 鎨 㔼 鶽 䶀 䶁 䀞 犆 鼟 鼞 嚔 鷤 譚 罈 潬 藫 㽑 貚 醰 暺 憛 䐺 墰 廰 廳 聴 聽 聼 寘 窴 鎮 搷 闐 磌 鷏 斢 騨 驒 䴱 鱓 鐡 䥫 驖 䵿 䔑 鍎 圖 圗 㢑 䚵 㳆 紏 㷹 焼 㚨 籸 扟 曋 斘 竍 䦹 馶 蝨 卋 㔺 辻 枾 䴮 樿 卛 䢦 怷 䴰 朮 啅 䑲 䈇 㹿 羄 㯰 嫃 䈯 蒖 針 㣀 酙 黰 㘰 愸 蔁 鏱 遧 瞕 麞 騿 慞 傽 鱆 墇 䚳 衼 淔 秓 㽻 㨁 䡹 貭 徝 憄 㩼 懥 値 禃 㲍 䵂 䧴 嗭 觶 䐈 䟈 戰 戦 準 窧 鵫 琸 䘚 㡒 凖 䥑 濣 瞃 啎 㬳 玝 韡 䒖 鐔 阠 軐 憖 㭄 繊 纎 䃱 韯 麲 暁 旪 協 鞾 䔓 㞰 訊 䙉 㵌 䭀 揗 䋸 卂 偱 攳 鱏 鷣 猌 憗 㙬 㢓 尭 燁 爗 皣 瞱 曄 曅 枽 墷 璍 鈘 䰙 䴬 顊 鼝 䳒 䳣 鼘 㷏 斞 䛻 唕 皁 渽 溨 睵 賳 傤 儎 烖 酨 䵧 胾 㵶 箤 㰵 錊 崪 䚝 䱣 卆 噿 酔 晬 祽 枠 璻
附属根	左字框	𠂇	十	114	305	㬊 丈 仗 佐 佑 侑 俙 偌 匿 厖 叆 友 右 咴 唏 喏 嗳 囿 堕 妭 娀 婼 媛 嫒 宏 宥 尢 尥 尨 尪 尬 尴 崤 左 布 希 怖 恢 惰 惹 慝 戎 拔 援 晞 暖 暧 有 杖 椭 洧 浠 淆 湲 灰 炭 烠 烯 爰 爱 牻 狨 珛 瑗 瑷 瓻 盔 睎 碳 祐 祓 稀 竑 箬 纮 绂 绒 缓 羰 翃 肱 肴 胈 若 菝 诙 诺 谖 豨 贼 贿 跋 郁 郄 郗 鄀 醢 钹 铕 锘 锾 闳 隋 随 隳 雄 韨 髓 魃 鲅 鲔 黻 𫄨 𬭎	絠 㞄 郩 詙 炦 茇 犮 䳊 鼥 颰 抪 抜 䮂 軷 叐 䟦 鮁 柭 坺 逬 蛖 硥 餠 倂 幷 㦚 㵷 辧 辮 䯋 帗 袚 㞈 㝿 秡 馛 盋 鈸 䳁 蛂 咘 㚴 㳍 鈽 佈 柨 钸 㘵 㾱 㤫 媠 䙃 尮 䤻 嶞 隓 陏 墮 㨊 鬌 憜 墯 䲊 䝐 橢 㕹 沷 髪 髮 発 瞂 㯐 䘠 㬼 紱 韍 冹 翇 廃 尲 尷 㷇 厷 䍔 尳 䈐 喛 蠚 䓼 䁔 䈠 藧 鍰 嵈 㣪 緩 鰀 吰 汯 浤 䫺 䆖 翝 竤 鈜 鋐 䡌 耾 㢬 紘 綋 閎 硡 谹 詼 烣 洃 㞀 蛕 䜐 賄 拻 絺 脪 㝽 筓 㞆 䨖 銒 幵 豣 敎 䦈 㰐 䐘 㪺 栞 尯 䖃 㖁 恡 㻎 㞅 㴳 㙙 龓 睰 冇 庬 䏵 哤 娏 浝 狵 痝 㟌 駹 㤶 䵨 脄 蹃 嫟 嬺 䁥 暱 㥾 䘌 諾 逽 鍩 掿 煖 拋 輧 帲 簈 屛 甁 騈 㸤 腁 溌 醗 䣮 㟓 刋 圱 谸 槗 㕁 渃 鰙 楉 䘬 茙 䄾 峵 駥 毧 絨 羢 㭜 䯷 㣝 髄 䯝 䜔 㵦 瀡 遀 䭉 䢫 隨 膸 瓍 㻟 伖 㛶 湠 㨏 䜏 嫷 毻 撱 鰖 楕 堶 㞂 尵 狶 䤭 餙 㹷 粀 㽴 扙 尰 詴 䔺 䵋 㞇 痏 鮪 䛥 㾙 㛓 莃 䖷 䮎 悕 欷 鵗 鯑 桸 琋 郉 誵 殽 㮁 諼 萲 蕿 蘐 愋 楥 䧺 㞊 㞁 餚 倄 姸 詽 硏 褑 猨 蝯 禐 鶢 喐 戫 㝼 㦽 㤢 栯 哊 姷 苃 䒴 䳑 迶 䀁 䆜 銪 峟 酭 㤑 㮋 䞥 㞉 咗 袏 㝾 賊 蠈 鱡
附属根	在字框	在字框	十	5	9	在 存 茬 荐 鞯	洊 拵 侟 恠 袸 臶 栫 珔 銌
主根	寸	寸	寸	127	300	侍 俦 傅 傉 僔 冠 博 厨 嘚 噂 嚼 埒 埘 堼 夺 守 寸 对 寺 寻 导 寿 封 射 将 尉 尊 峙 崶 嶟 帱 庤 彟 待 得 忖 怼 恃 慰 持 挝 挦 捋 搏 撙 时 村 树 梼 榑 榭 樽 橱 欂 浔 涛 溥 溽 澍 焘 熨 爝 爵 特 狩 畤 畴 痔 皭 碍 礴 祷 等 筹 簿 纣 缚 缛 耐 耨 肘 脟 膊 荨 荮 莳 葑 蒄 蒋 蓐 蔚 薄 薅 虢 螱 衬 褥 讨 诗 谢 赙 跱 踌 蹰 蹲 辱 过 遵 邿 酎 酹 铸 锊 锝 锵 镈 霨 鲟 鲥 鳉 鳚 鳟 麝 𨱔 𬊈 𬍤 𬩽	㕌 㝶 㝵 䋽 幇 幫 㨍 鞤 㯹 㗘 髆 煿 䙏 簙 猼 䗚 䥬 䪇 䭦 䶈 鎛 鑮 餺 䰊 䍸 㬍 愽 礡 牔 馎 尃 㙛 吋 籿 澊 竴 刌 墫 幬 䊭 濤 薵 㿒 陦 隯 嶹 擣 導 醻 儔 禱 檮 軇 翿 燾 瓙 壔 䚟 淂 鍀 䙷 䙸 棏 㩐 䒭 嚉 奪 譵 襨 㳔 濧 薱 対 㠚 懟 㬣 對 䨴 闘 鬪 罸 傠 篈 湗 㜂 犎 糐 賻 䪙 縛 禣 䎔 㶁 㳡 鎒 歭 䮻 䫮 䁣 甎 暷 傳 團 膞 㡡 幮 蟵 㕑 廚 躕 櫉 櫥 蓴 嚋 嬦 譸 燽 疇 籌 䓓 㿧 䌧 酧 㤽 懤 躊 䲖 魗 㦞 䒂 䉃 蔣 摪 獎 螿 醬 漿 㢡 奬 槳 將 鱂 㯍 螀 醤 奨 灂 䂃 釂 㬭 蛶 縳 穱 㩱 燇 尅 鱄 㸹 䮑 頱 哷 㽟 浖 䟹 㭩 埓 鋝 寽 㲕 嚩 䅞 䎪 搙 䅶 鐞 槈 㵱 蒪 尀 圑 鏘 嶈 墏 䵁 蹡 燖 蕁 槫 䢇 縟 嗕 媷 鄏 㦺 䦙 討 㹗 䬞 㧹 㥂 憳 磚 嫥 䊜 糰 篿 漙 鏄 剸 鷒 㩛 專 摶 慱 団 檲 塼 䵼 詩 溡 蒔 秲 鼭 嵵 時 鰣 榯 塒 䧠 樹 尌 璹 夀 垨 壽 㭙 洔 䝰 崻 㣥 偫 轉 囀 竱 鄟 専 磗 瑼 鋳 鑄 㑏 鑆 轛 诪 䈙 葤 疛 䖞 紂 㝴 藯 犚 褽 㷉 屗 罻 䲁 墛 㜦 襑 尋 撏 謝 㴬 㓔 塮 㩊 㖊 噚 潯 蟳 鄩 攳 鱘 桪 樳 璕 彠 㠨 嶎 欎 欝 譐 罇 䔿 鐏 鷷 繜 鱒 壿
附属根	丁	丁	寸	31	99	丁 亍 亭 仃 停 厅 叮 咛 圢 婷 宁 打 拧 柠 汀 泞 渟 灯 狞 玎 町 疔 盯 耵 聍 苧 葶 订 酊 钉 顶	咑 衜 衟 奵 帄 訂 㴿 艼 虰 釘 靪 飣 䦺 嵿 頂 㣔 忊 矴 碠 䟓 饤 衕 鵆 衚 揨 䆑 䁎 矃 䚘 朾 衝 餰 衑 衖 閅 濘 嚀 嬣 薴 獰 寕 寧 㲰 鸋 䗿 䭢 鑏 擰 聹 鬡 㣷 儜 檸 懧 衐 䘘 諪 甼 蝏 嵉 庁 邒 聤 㼗 耓 㓅 楟 紵 術 糽 詝 䇡 䍆 䘢 㿾 竚 眝 貯 羜 㤖 佇 坾 㸘 讆 讏 䘙 衛 衞 㦣 躗 躛 㘅 䕔 衘 銜 䲗 葕 椼 衏
附属根	可	可	寸	50	75	䓫 何 倚 剞 可 呵 哥 哿 啊 嗬 坷 埼 奇 婀 婍 寄 屙 岢 崎 徛 掎 旖 柯 椅 欹 歌 河 漪 炣 牁 犄 猗 珂 琦 畸 疴 绮 舸 苛 荷 菏 觭 诃 踦 轲 锕 锜 阿 骑 𬺈	錒 㾨 㢊 妸 痾 娿 䋪 閜 㫊 謌 滒 䔅 牱 鎶 戨 彁 魺 鿔 鴚 笴 㨳 槣 㗿 哬 訶 鲄 袔 渮 蚵 㰤 㪃 抲 碋 䛴 㞆 䗁 騎 羇 覉 攲 敧 㚡 躸 䐀 䯊 䶗 樖 鈳 㞹 㪼 軻 砢 钶 胢 裿 齮 錡 㟢 綺 㥓 㱦 碕 䫑 鵸 䄎 酠 跒 㑸 渏 䭲 陭 輢 䝝 檹 旑
附属根	才	才	寸	7	6	团 才 材 豺 财 闭 鼒	閉 財 䴭 䞗 犲 釮
主根	力	力	力	112	241	䓖 仂 伤 伽 别 力 劝 功 加 务 劢 劣 动 助 努 劫 劬 劭 励 劲 劳 劼 劾 势 勃 勇 勉 勋 勍 勐 勒 勔 勖 勘 勚 募 勠 勤 勰 历 另 叻 呖 呦 咖 哿 唠 嘉 嘞 坜 坳 墈 夯 崂 幼 恸 抛 拐 拗 捌 捞 掳 朸 枥 架 枷 沥 泇 泐 涝 渤 珈 珕 甥 男 疬 痂 痨 瘸 磡 穷 窈 笳 笾 筋 簕 耢 肋 舅 苈 茄 荔 虏 蚴 蜐 袈 贺 跏 边 迦 铹 锄 雳 雾 靿 饬 驾 鳓 黝 𪟝 𫭼 𫵷	泑 眑 岰 軪 鴢 㑃 柪 哵 釛 㭭 㔜 㔥 㔙 辦 葧 䇷 莂 㔡 勏 㗗 㔗 愂 扐 箉 勯 㗢 勭 動 働 妿 䂲 㛯 勫 㹢 勂 㤎 鴐 柺 糼 攰 㵑 賀 㔠 㘞 嘮 勦 勶 飭 勑 䳵 勅 鶒 鋤 㔘 耡 䈥 竻 荕 劤 勁 觔 艻 㔕 勣 葝 勥 䇟 㔓 㔚 䀷 䂶 牞 劵 勌 勬 㔢 勪 勮 䕒 乫 毠 䂟 㚙 駕 鉫 䴥 拁 耞 勓 勀 勊 劥 㔞 劻 䯇 劶 搚 䜎 勞 憥 簩 澇 癆 蟧 鐒 髝 嶗 撈 耮 憦 磱 僗 労 䲏 橯 軂 朥 氻 阞 忇 㔹 鰳 玏 勆 䅄 䘈 蛠 䬅 勵 屴 䡃 栛 鳨 赲 㔝 劦 挘 劽 㭞 艣 鐪 㢚 擄 虜 䲐 㯭 勎 㔧 勴 㔣 䣦 勄 蓩 務 勱 霧 㗈 葂 劰 㜈 劺 䥐 嫐 娚 㽖 莮 侽 嬲 拋 勡 巭 懃 㢙 懄 㘦 勧 勸 椦 勷 憅 慟 蕂 橳 勝 㫑 勢 愸 劧 筯 莇 劯 劸 勜 熃 奦 䳱 㔤 脅 䏮 勨 姭 効 俲 嗋 燲 熁 䝱 拹 恊 愶 協 脇 㙝 勗 朂 勛 爋 蘍 勳 勲 劜 詏 袎 苭 狕 怮 㔦 劷 勩 劮 湧 勈 愑 踴 䞻 㶭 䬀 聈 孧 䱂 昮
附属根	为	为	力	6	0	㧑 为 伪 妫 沩 𫇭	无
附属根	办	办	力	4	0	办 协 胁 苏	无
主根	工	工	工	76	313	仝 佐 倥 冮 功 唝 嗟 噬 埪 崆 嵯 工 左 巧 巩 巫 差 式 弑 恐 惰 戆 扛 拭 控 搓 攻 曌 杠 栻 槎 毁 汞 江 溠 滘 玒 瑳 瘥 矼 砼 硿 磋 空 窍 筇 筑 筮 箜 红 缸 肛 腔 茳 荭 虹 蛩 觋 讧 试 诬 豇 贡 赣 蹉 轼 邛 銎 隋 隳 项 髓 鸿 鹀 鹾 𬕂	昻 䛒 㿷 䟀 髊 齹 縒 㽨 澨 蒫 䑘 嵳 䰈 醝 鹺 䴾 䐤 幬 䊭 濤 薵 㿒 隯 嶹 擣 醻 儔 禱 檮 軇 翿 燾 瓙 壔 䑭 聜 媠 䙃 䤻 嶞 隓 墮 㨊 鬌 憜 墯 䲊 䝐 橢 䭡 㯐 頸 疘 戅 戇 釭 㠮 槓 篢 灨 贑 贛 㔶 嗊 幊 熕 渱 䔈 銾 紅 愩 碽 䂵 羾 魟 貢 㧬 㓚 䂬 慐 㼦 䡗 鞏 叿 䆪 妅 訌 㶹 䉺 灴 焢 澒 鴻 葒 䪦 䫹 屸 仜 瓨 䲨 䜫 䞑 谾 譭 䛼 燬 㩓 䜐 檓 觨 艖 褨 鎈 䁟 䡨 䞓 䮻 恜 侙 䫮 舡 嚋 嬦 譸 燽 疇 籌 㿧 䌧 懤 躊 䲖 魗 㦞 勁 烴 涇 葝 莖 痙 䪫 鋞 陘 剄 巠 鵛 逕 弳 徑 經 俓 踁 桱 脛 䁰 匞 杢 嫅 䦈 䅃 殌 㰐 誙 牼 䀴 挳 硜 摃 羫 䀍 涳 䅝 㲁 鵼 鞚 㸜 悾 椌 躻 爧 䉹 䖅 䡿 㦭 䰱 䄥 靈 䴒 䚖 欞 湼 隉 揑 鐞 巬 巭 㞬 噐 氫 鑋 輕 啌 㾤 羥 跫 燖 蕁 㚽 㤍 䲾 巰 㒰 笻 㧭 䊄 卭 桏 㮪 暛 傞 䯝 䜔 㵦 瀡 遀 䭉 䢫 隨 膸 瓍 㻟 㹗 䬞 㳩 㴂 憳 䜏 嫷 毻 撱 鰖 楕 堶 試 烒 簭 遾 鉽 軾 弒 璹 壽 䕢 㷢 䱹 瞾 㞡 㠭 篫 笁 築 茿 鑄 穩 㒚 誣 莁 鵐 䔺 㜦 襑 尋 覡 娙 蛵 䣆 項 撏 蒆 聓 噚 潯 蟳 鄩 攳 鱘 樳 璕 㡥 讔 㶏 濦 蘟 癮 隱 檃 櫽 嶾 䌥 㦩 懚 䨸 檼 㥯 毉 㹵 彠 㞉 䥣 咗 袏 㝾 昮
附属根	轻字边	𢀖	工	18	1	刭 劲 巯 径 氢 泾 烃 痉 硁 经 羟 胫 茎 轻 迳 陉 颈 𫰛	弪
主根	刀	刀	刀	101	252	㛃 䂮 仞 份 偰 刀 刃 分 切 初 券 剪 劈 劭 叨 召 吩 坋 坌 墚 契 寡 岔 廨 弨 彻 忉 忍 忿 怊 恝 懈 扮 招 挈 掰 揳 攽 昭 柖 梁 棻 棼 楔 檞 氛 汾 沏 沼 涩 湓 澥 照 猰 獬 玢 玿 瘛 盆 盼 砌 碶 禊 窃 笤 粉 粱 絜 纫 纷 绍 翂 舠 芬 苕 葜 薢 蟹 解 讱 诏 谫 貂 贫 超 轫 轺 迢 邂 邠 邵 酚 锲 韧 韶 颁 髫 鱽 鼢 龆 𬬿	訜 㟗 砏 椕 㧳 炃 頒 鳻 朌 辺 辧 薺 䭣 麄 虭 釖 䧂 㧅 魛 朷 䂏 刟 䳂 鳭 㹦 蛁 鼦 軺 鮉 㗉 䱮 杒 哛 㖹 妢 帉 蚠 弅 兺 㥹 衯 蒶 葐 秎 肦 馚 蚡 㸮 竕 鈖 岎 䭻 紛 羒 昐 黺 㤋 雰 魵 兝 枌 梤 躮 枴 叧 屶 欩 䫿 眧 䫸 紹 牊 袃 儕 噄 喫 㔑 瘈 刅 剏 剙 刱 丒 嚌 䜞 䶓 㸄 濟 虀 䶩 穧 癠 齎 齌 劑 韲 齏 鑇 齊 齍 隮 䮺 擠 䍤 懠 躋 霽 鱭 櫅 璾 謭 劎 劔 釼 剱 劒 釰 㨵 彅 䙼 潔 㿍 䥛 嶰 洯 㓗 㮮 刧 刼 㔃 絕 䫔 㓪 刕 茘 剓 剺 樑 䛚 虋 䜀 䜧 籾 䵑 蛪 涊 㲽 囓 齧 䘐 衂 貧 瓫 聁 艩 蠐 䶒 䐡 䀙 麡 纃 栔 䚉 䄢 臍 菬 苆 稧 䤿 鍥 㓶 㼤 䟙 䦬 㓞 認 㠴 訒 刄 荵 靱 㸾 牣 靭 䀔 屻 岃 扨 軔 綛 紉 韌 㣼 仭 梕 躵 肕 䏰 譅 歰 澀 䔼 㒊 鞀 㲈 䎄 萔 芀 齠 岧 岹 旫 祒 袑 卲 綤 䬰 㸛 佋 㸷 觢 妱 詔 炤 燳 䈃 巶 鉊 鍣 駋 㷖 齋 簗 釁 䐼 灱 䉏 褉 脋 蠏 緳 㔎 繲 䲒 㙰 窫 䝟 㝣 彛 彜 㓜 糿
附属根	刂	刂	刀	103	237	䴕 例 侧 侴 倒 冽 刈 刊 刎 刑 划 刖 列 刘 则 刚 创 删 判 刨 别 刬 刭 刮 到 刳 制 刷 刹 刺 刻 刽 刿 剀 剁 剂 剃 剅 削 剋 剌 前 剐 剑 剔 剕 剖 剜 剞 剟 剡 剥 剧 剩 剪 副 割 剽 剿 劁 劂 劄 劐 劓 厕 咧 唰 喇 型 峛 恻 捌 捯 掣 洌 测 浏 涮 湔 瀱 烈 煎 班 瘌 硎 箭 罚 罽 翦 荆 莿 蒯 蓟 蝲 裂 谫 趔 辨 钊 铏 铡 鲗 𬶟	剴 哵 㭭 㓦 㠒 檦 剝 䃗 別 䇷 莂 䈟 箣 測 荝 萴 厠 廁 惻 側 㓨 刾 剒 剉 㓹 刌 㔌 剳 刂 箌 菿 椡 㔁 㓳 刐 㔊 㓠 刟 㓮 矵 剫 刴 㫼 剬 剢 㓸 㓵 刵 藅 罰 㓡 刜 㓣 刯 剛 㓧 㓚 劌 劊 劀 剮 劃 剨 㓰 䓭 劋 痸 㓾 銐 㓼 剷 剗 劖 創 剶 㓽 㔍 刉 葪 薊 蘮 剤 劑 刏 魝 䱥 荊 剄 䵞 櫤 謭 譾 糋 葥 剣 劍 劗 㨵 揃 擶 鬋 彅 㓺 㔋 椾 瑐 㓩 刦 剹 刔 㘌 劇 刲 剾 溂 䏀 揦 鬎 䶛 䱨 鯻 楋 揧 䱫 㻝 㔂 䓶 㾐 峢 䮋 劙 蠫 㡂 㽝 㔏 㤡 㓯 刢 劆 㓢 剆 茢 䅀 蛚 颲 挒 姴 烮 劽 㤠 鮤 鴷 迾 栵 煭 嚠 嬼 䉧 瀏 藰 䬟 劉 懰 剠 㔀 刡 劘 剻 㨽 㓟 鵥 㓲 剘 媊 鎆 騚 刋 偂 箾 鞩 㓶 㺫 刞 㓤 㓴 䈀 㔄 䚯 㓥 劏 剸 㓱 剎 萷 㓭 剰 䶡 刪 剼 揱 䌃 箚 䥷 鍘 釗 淛 猘 劕 䎺 鯯 製 劅 刣 㔉 劚 刓 剭 㭢 㔒 鉶 㣜 侀 㓝 灲 㔅 苅 㓷 䖌 剦 剈 渆 渕 則 崱 鰂 剚 㔆
附属根	负字头	⺈	刀	0	0		无
附属根	⺈	⺈	刀	143	395	㵐 争 你 佽 儋 儳 净 劂 危 厥 吹 咨 唤 嗽 噘 坎 夐 奂 姽 姿 尔 峗 峥 崁 嵌 嵚 嶦 巉 弥 忺 恣 您 憺 懒 懿 挣 换 掀 掐 揿 撅 桅 橛 檐 欠 次 欢 欣 欤 欧 欲 欸 欹 欺 欻 款 歃 歅 歆 歇 歉 歌 歙 洈 涣 滟 漱 澹 濑 炊 焕 焰 狝 狰 猕 獗 獭 玺 琤 瓷 痪 癞 盗 睁 瞻 砍 硊 祢 称 竫 筝 簌 籁 粢 绝 羡 肷 脆 色 艳 艴 芡 茨 莰 萏 蔌 蕨 蟾 襜 詹 诡 诤 谄 谵 负 资 赖 赡 趑 跪 蹶 软 迩 钦 铮 铯 锨 镢 镵 阄 阎 阙 陷 静 韂 饮 馅 鳜 鹐 龟 𫷷 𬱟 𬶏	欬 寳 靌 萯 纔 澬 薋 蠀 䯸 絘 㐸 餈 䳐 垐 䨏 栨 窾 脃 盜 噡 啗 嚪 癚 窞 贍 擔 聸 䃫 䄡 欿 甔 黵 膽 歞 媍 蝜 偩 負 錎 䊻 詭 蛫 䤥 陒 嶡 㧪 䍯 恑 佹 祪 亀 鱖 㩻 䣀 觤 㰪 垝 歄 藃 㰩 㰧 㰰 欱 㰤 噷 㰠 淊 蜭 欦 歛 㰹 䐄 喚 煥 歓 渙 歡 寏 瘓 㪱 換 欥 㬇 愌 烉 奐 瑍 歑 㰥 㱄 㗋 㺅 㰯 矦 㰻 欩 㱌 䟢 趂 碀 棦 埩 欼 㰞 㱀 嚵 幨 諂 讇 讒 艬 瀺 㺥 㰫 鑱 饞 䂁 䧯 攙 䪜 䦲 䠨 㸥 劖 酁 毚 欃 㙴 歠 㚟 㲋 歂 欪 歜 龡 歘 歏 㱈 㰟 婙 浄 瀞 靘 䌠 㰾 燞 楶 㮞 䰗 㺵 䙠 灍 蕝 瘚 蟩 鐝 蟨 嶥 憠 蹷 橜 鷢 撧 㔃 㔢 欮 絶 闕 觼 欯 歁 㵣 㰢 㱂 餡 扻 輡 惂 㸝 䘓 埳 䕀 窽 䥗 㱁 䲌 㯘 歀 欵 尯 欳 㱎 㸊 癩 攋 瓎 籟 襰 瀨 藾 懶 䄤 䠭 䲚 櫴 賴 欴 嬾 籨 㶑 蘝 㰸 覙 㱍 亇 䒐 䒎 㳽 沵 㟜 䒌 妳 㜛 嫰 鉨 鿭 簐 臲 㰶 䥲 歐 歕 䒍 嫓 艵 㰴 欽 嶔 撳 䃢 欫 缼 㠌 僛 濪 䇜 篏 廞 鵮 杴 㰼 蘒 穐 䆋 藑 瓊 㱋 㰦 㡊 軟 銫 㱇 䒏 摗 藗 樕 遬 瘶 鏉 欶 獺 歒 歎 擹 舚 㰱 檨 㰮 弞 䪌 歚 䂧 䑐 珎 諍 䦶 錚 鬇 䋫 䍵 䦛 踭 䱢 㬹 譫 薝 䟋 䯉 㜶 晩 卼 歍 峞 頠 厃 鮠 焮 嬜 惞 俽 焁 䚿 䒊 㱆 欷 㰿 歖 赥 赩 㳄 㵪 䶟 鍁 陥 羨 䢭 䱤 臽 歊 歗 蠍 㰡 讂 矎 敻 㗵 欨 歔 㰭 㰲 欰 㰨 㰺 爓 㰬 㰳 㱃 飮 飲 欭 擨 歋 㱉 䒋 歝 㰝 㱅 㦤 焔 簷 㶄 灔 灧 㿕 艷 䌪 曕 閻 㰽 燄 櫩 艶 壛 䤰 㜧 歈 歟 䵥 螸 慾 㱊 諮 谘 㰣 䆅 䅆 㰷 資 秶 乲 栥 趦 赼 㰵 栬
主根	角	角	角	29	73	嘴 埆 廨 懈 斛 桷 槲 檞 澥 獬 确 薢 蟹 角 觖 觚 觜 觞 觟 解 觥 触 觫 觭 觯 觱 觳 觿 邂	䚫 䚜 觕 觰 䚞 䚟 觝 觛 䚨 觡 䚗 䚪 觵 唃 䉉 觤 嘝 䈸 蔛 觷 䚛 觨 䚠 觘 䚢 䚘 觸 䈥 觔 葪 觙 䚩 鵤 㿍 嶰 㓩 觧 䇶 捔 觼 䚬 觻 䚧 觮 觬 䚥 觓 觩 觠 崅 䚡 䚣 觴 觢 䚦 觗 觶 觹 觽 䚙 觲 觪 䚚 䉏 蠏 繲 䲒 㙰 䚭 觺 觾 䚝 蟕
主根	爫	爫	爫	77	257	㬊 乳 俘 偁 傒 叆 受 嗳 嚼 垺 埒 奚 妥 媛 媱 嫒 孚 孵 徭 慆 捋 授 援 摇 暖 暧 桴 殍 浮 淫 湲 溪 滔 爝 爰 爱 爵 猺 琈 瑗 瑶 瑷 皭 瞬 稃 稻 繇 绥 绶 缓 脟 脬 舀 舜 荽 莩 虢 蜉 觅 谖 谣 谿 蹈 蹊 遥 郛 酹 锊 锾 阌 霪 韬 馁 鳐 鹞 鼷 𫘬	噯 嬡 薆 皧 鑀 瞹 曖 懓 僾 靉 鱫 愛 璦 㔜 辤 辭 稲 㗖 蓞 譌 䭡 哹 娐 烰 粰 艀 筟 㟊 捊 綒 罦 酻 䨗 䴸 䱐 㲗 䳕 䞯 㶁 嬀 潙 蟡 䞈 㺔 喛 䁔 爳 䑟 䈠 藧 鍰 嵈 㣪 緩 鰀 噅 撝 噕 蘤 稱 㛵 淨 䕝 爯 僢 嗘 鶏 鷄 雞 䳶 凈 㸒 靜 醤 奨 灂 䂃 釂 㬭 蛶 穱 㩱 䐘 䕑 轁 塪 䦱 嗠 㸹 挼 䮑 頱 覶 哷 㽟 浖 䟹 㭩 薍 乿 亂 鋢 鋝 寽 㲕 漞 䮭 䌐 㸓 覓 㡪 煖 娞 浽 餒 鮾 㼏 脮 啂 㳶 鸂 螇 磎 䅑 綏 桵 鋖 哸 鞖 䧌 嫍 幍 謟 䈱 涭 䵚 䤾 鞱 饀 搯 縚 韜 槄 瑫 㟎 鵎 馟 骽 㞂 㱣 俀 蕣 橓 䴄 㖟 䛵 綬 㥅 爫 箏 猙 睜 崢 掙 爭 穏 穩 閿 㒚 燰 蔿 寪 䧦 㬙 僞 儰 鄬 爲 㜎 謑 䙎 㶉 渓 蒵 嵠 㨙 騱 徯 縘 貕 慀 榽 豯 䫣 㰿 豀 䧟 鞵 膎 諼 萲 蕿 蘐 㩊 愋 楥 婬 㡥 讔 滛 㶏 濦 蘟 癮 隠 隱 檃 櫽 嶾 䌥 㦩 懚 䨸 檼 㥯 嗂 謡 熎 蘨 䔄 窰 鎐 䁘 䬙 揺 䌊 暚 愮 磘 傜 䠛 鰩 榣 颻 飖 鷂 熖 㷔 褑 猨 蝯 禐 鶢 㒡 㘥 櫾 䍃
附属根	采	采	爫	5	12	彩 睬 菜 踩 采	啋 婇 䌽 寀 䰂 採 綵 㥒 倸 棌 䐆 埰
附属根	釆	釆	爫	23	54	墦 嶓 幡 悉 播 潘 燔 璠 番 皤 磻 窸 翻 蕃 藩 蟋 蟠 蹯 鄱 釉 释 𫔍 𬸪	奧 籓 㢖 㺕 釆 噃 譒 襎 僠 䣋 䧽 嬏 䊩 䉒 䕰 鐇 䮳 轓 䪛 繙 羳 勫 飜 鷭 㸋 憣 鱕 橎 䪤 旙 旛 膰 瀋 敹 䆺 審 㽃 竊 僁 嬸 讅 宷 覾 㰂 釋 釈 䎹 㔤 㗭 鏭 䊝 㴽 㣰 粵
附属根	爪	爪	爫	4	9	抓 爪 爬 笊	坕 㸕 爴 沠 爮 釽 䝖 枛 䖣
附属根	瓜	瓜	爫	18	40	呱 坬 孤 弧 狐 瓜 瓞 瓠 瓢 瓣 瓤 畖 窊 窳 胍 菰 蓏 觚	㼎 瓝 瓟 㼕 䉉 笟 箛 泒 苽 蛌 鈲 軱 罛 㼋 柧 㧓 瓡 摦 槬 䱄 㼖 瓥 㼓 㼑 㼍 㼏 䩝 㼐 䕯 㼒 㼊 㼉 溛 搲 攨 䠚 㼔 寙 㼌 㺠
主根	米	米	米	117	267	䁖 偻 僳 咪 喽 噢 奥 娄 屎 屡 屦 嵝 嶙 彝 懊 掬 搂 擞 敉 数 料 断 楼 洣 渊 溇 潾 澳 瀵 燠 璘 璨 瘘 眯 瞵 磷 窭 篓 簖 米 籴 类 籼 籽 粉 粑 粒 粕 粗 粘 粜 粝 粞 粟 粢 粤 粥 粪 粮 粱 粲 粳 粹 粼 粽 精 粿 糁 糅 糇 糈 糊 糌 糍 糒 糕 糖 糗 糙 糜 糟 糠 糨 糯 糵 继 缕 翷 耧 脒 膦 菊 蒌 薁 薮 蝼 褛 谜 辚 迷 遴 醚 醾 镂 隩 鞠 髅 鬻 鳞 麋 麟 麹 𥻗 𦝼 𪣻 𬭸 𬴊	㜩 䜒 䉛 襖 㠗 鿫 擙 嶴 䴈 䐿 墺 㫧 粨 粺 䊧 粃 粊 䉾 粄 䉽 糄 糪 㬥 䊇 粣 䊂 燦 澯 薒 㣓 儏 殩 粋 䊫 籿 䊭 䊮 䨀 糴 䊤 糶 粫 糞 㥹 䆏 䊩 畨 籵 粰 糐 粓 糓 粭 籺 䊣 䊗 糫 粠 䉺 䉿 䊀 粐 毇 糀 䊐 粆 窲 䊞 粚 歯 䊲 䊰 䊬 継 粇 糡 糋 䊘 䊆 婅 諊 㽤 粷 粔 淗 䕮 蘜 㹼 䗇 陱 巈 驧 䪕 毩 毱 㥌 踘 䱡 椈 匊 躹 鵴 䜯 趜 糘 鎎 愾 糩 䊯 㔂 鄰 斴 亃 燐 疄 粦 甐 䚏 獜 䗲 鏻 隣 䫰 撛 轔 驎 繗 暽 僯 蹸 䚬 鱗 橉 粩 䊪 糲 粴 糎 䊍 糷 齢 糧 噒 嫾 憐 䉼 䊨 粶 纇 頪 類 颣 蘱 禷 㥪 䊟 詸 䛧 㜆 謎 粎 麊 䊳 蔝 蒾 㝥 冞 銤 瞇 䋛 䍘 侎 䱊 䊡 䊅 糆 粖 糢 䊈 蘪 攗 籾 䊖 糥 糑 噛 糱 籹 䊃 粸 䉻 滊 氣 暣 粁 䊴 䊎 䊄 粬 麴 粈 䊛 糤 糂 糝 糣 䊉 潥 䥔 䌚 㔄 憟 䉤 粏 糃 糛 靝 䊜 糰 粡 籶 籸 䊓 宩 糬 夈 粂 粍 籷 粀 粻 粧 糚 粙 粅 䊊 糦 熂 䊠 犔 餼 㑶 霼 䐖 䊑 䊱 粯 糮 䊥 䊝 糏 糔 粌 䊦 彛 彞 彜 㰘 䊙 䊔 澚 鐭 礇 㘀 糳 糉 糭
主根	来	来	来	11	0	俫 崃 徕 慭 来 梾 涞 睐 莱 赉 铼	无
主根	也	也	也	16	56	也 乸 他 匜 地 她 弛 拖 施 椸 池 胣 迤 酏 驰 髢	䞄 哋 訑 䑨 杝 柂 逇 粚 竾 筂 䶔 䪧 扡 馳 㢮 肔 毑 忚 牠 祂 怹 咃 袘 沲 狏 迆 㸱 阤 陁 駞 彵 砤 䰿 虵 鍦 箷 湤 葹 釶 鉇 揓 絁 㒾 䗐 䊶 灺 炧 吔 㐌 衪 䄬 䝯 貤 崺 暆 㦾
主根	古	古	古	46	71	估 做 克 兢 剋 古 咕 嘏 固 堌 姑 岵 崮 怙 故 枯 氪 沽 涸 湖 煳 牯 猢 瑚 痼 祜 糊 罟 胡 苦 菇 葫 蛄 蝴 诂 轱 辜 酤 醐 钴 锢 骷 鲴 鸪 鹕 𦙶	兝 嗰 箇 呄 個 嫴 詁 䇢 䓢 稒 㽽 錮 鈷 䀦 崓 㧽 軲 䍛 㱠 凅 盬 祻 鯝 鮕 棝 橭 怘 㼋 鴣 䀇 䐻 喖 㗅 婟 媩 䊀 箶 㾰 䭅 䩴 鍸 餬 㕆 鬍 衚 䠒 鰗 䭌 瓳 䎁 楛 鶘 鶦 楜 殑 娔 勀 勊 尅 䉐 䔯 狜 秙 瘔 跍 兣 兞 兛 鋴 㑸 夁
主根	商	商	商	3	4	商 墒 熵	謪 滳 蔏 螪
附属根	啇	啇	商	8	24	嘀 嫡 摘 擿 滴 谪 蹢 镝	蔐 藡 敵 甋 㹍 啇 鏑 適 樀 豴 㰅 墑 䁤 䊞 䙗 歒 䎮 瓋 㒀 䐱 謫 讁 䮰 䵂
主根	向	向	向	6	9	向 响 垧 晌 珦 饷	銄 扄 逈 恦 姠 䖮 餉 嚮 晑
附属根	向字框	向字框	向	7	16	噢 奥 懊 澳 燠 薁 隩	㜩 䜒 䉛 襖 㠗 鿫 擙 嶴 奧 䴈 䐿 墺 鎫 澚 鐭 礇
附属根	囱字框	囱字框	向	1	5	粤	囪 宮 呂 侶 粵
附属根	囱	囱	向	5	18	囱 熜 璁 窗 骢	謥 漗 蔥 蟌 鏓 䡯 聰 驄 總 憁 樬 悤 窻 牕 䉥 幒 摠 傯
附属根	囟	囟	向	8	22	傻 囟 媲 瑙 硇 篦 蓖 貔	㡙 螕 鎞 㔡 㛴 㺁 惱 碯 匘 腦 堖 䢉 磇 䠘 㮰 膍 恖 繌 䪿 㭡 顖 䛜
附属根	身	身	向	9	58	射 榭 谢 身 躬 躯 躲 躺 麝	躷 䠹 軇 躭 軃 躱 躮 䠵 匔 躳 匑 䠽 䠳 躸 竧 躹 銵 㧶 躿 躻 䠿 䠸 軂 躼 躴 䠲 躶 䡁 軁 躾 藭 竆 窮 䠻 軀 躵 躰 軆 䠷 䠶 裑 㑗 鯓 鵢 䠾 䠼 䠴 軄 䡀 㛛 謝 㴬 㓔 塮 躽 軅 軈 軉
主根	井	井	井	8	15	井 汫 琎 耕 肼 讲 进 阱	丼 畊 䎴 刱 妌 宑 穽 汬 坓 㘫 囲 㓝 㐩 㴁 䨍
主根	示	示	示	75	138	䏡 佘 倧 傺 凛 剽 嘌 噤 嚓 奈 嫖 宗 察 尉 崇 幖 廪 悰 慰 懔 捺 摽 擦 柰 标 棕 檩 檫 款 淙 漂 漈 漴 熛 熨 琮 瓢 畲 瘭 瘵 瞟 磜 示 祟 票 祭 禀 禁 穄 粽 综 缥 腙 膘 萘 蒜 蔈 蔚 蔡 薸 螱 螵 襟 赊 踪 镖 镲 际 霨 飘 骠 鬃 鳔 鳚 𬶭	謤 篻 褾 䅺 鏢 㟽 㠒 驃 磦 僄 鰾 標 檦 㯹 墂 攃 䌨 䃰 礤 縩 萗 䔴 㻮 窾 婃 誴 䉘 孮 賨 賩 徖 碂 㝮 䄟 䞸 䕓 鑔 摖 祡 沶 狋 憏 崈 㓽 齽 䌝 㦗 僸 凚 㯲 䫴 㱈 際 暩 鰶 頴 䄅 蘏 䕀 䥗 㱁 䲌 㯘 歀 䕲 癝 㘑 隸 隷 燷 䱞 龒 彯 䒬 㮏 㴎 渿 錼 倷 㮈 㲡 㖠 魒 㵱 䕯 飃 䴩 䏇 徱 縹 醥 顠 勡 飄 㼼 翲 㬓 慓 旚 澿 㩒 䏅 䱈 㗫 聺 䄐 櫒 祘 賒 呩 眎 斎 齋 藯 犚 叞 褽 罻 䲁 墛 㡜 㞊 䳳 禜 颕 籞 蘌 嶎 禦 綜 䑸 猔 骔 錝 騌 鯮 䝋 鶎
主根	今	今	今	28	101	今 吟 含 埝 妗 岑 念 捻 晗 梣 棽 浛 涔 焓 琀 琴 盦 矜 稔 芩 菍 衾 衿 谂 贪 钤 颔 黔	誝 㜝 韽 陰 笒 汵 䫈 硶 唸 腍 㓧 唅 娢 筨 莟 馠 蛿 鋡 頷 欦 䶃 鈐 㼨 䎏 㟏 㟔 䣻 㤷 梒 肣 谽 趻 䤫 䑤 黅 䶖 紟 鹶 砛 仱 玪 趝 㪁 僋 琌 淰 焾 艌 鲶 䧔 鯰 諗 敜 䭃 錜 䂼 惗 䄒 踗 䔷 蚙 靲 鳹 雂 㕂 庈 㮗 搇 扲 耹 昑 忴 䰼 坅 埁 赺 岒 軡 棯 嗿 㵅 貪 侺 枔 䩂 㖗 噖 訡 蔭 荶 癊 㱃 侌 酓 䪩 廕 霒 霠 䳺 䨄 騐
附属根	令	令	今	28	51	令 伶 冷 呤 囹 坽 姈 岭 怜 拎 昤 柃 泠 澪 玲 瓴 羚 翎 聆 舲 苓 蛉 邻 铃 零 领 鸰 龄	矝 旍 魿 唥 䯍 詅 炩 燯 䉁 䉖 䍅 䙥 笭 袊 䕘 蕶 狑 齡 齢 秢 㾉 領 刢 㸳 皊 竛 鈴 鴒 阾 嶺 㡵 䴫 岺 軨 駖 䌢 彾 紷 衑 㬡 閝 鹷 砱 跉 霗 䴇 㯪 䠲 朎 㲆 䎆
主根	片	片	片	7	30	片 版 牌 牍 牒 牖 簰	牓 蝂 牑 牔 㸢 牘 牊 㸥 牎 牕 牋 㸝 㲏 沜 牉 䏒 㸤 覑 魸 㸠 㸡 牐 扸 㸞 㸟 䕈 䥡 㸣 牏 牗
附属根	丬	丬	片	13	5	壮 奖 妆 寝 将 桨 浆 状 蒋 装 酱 锵 鳉	螀 醤 奨 丬 荘
附属根	爿	爿	片	7	52	奘 寐 寤 戕 爿 牁 牂	寎 匨 牃 寣 牀 䒂 䉃 蔣 摪 獎 螿 醬 漿 㢡 奬 槳 將 鱂 㯍 屫 㸜 㝱 㝥 㝲 寢 蘠 鏘 嶈 牄 牆 斨 墏 䵁 蹡 㸛 䵼 糚 莊 妝 娤 焋 狀 裝 壯 梉 窹 䆿 寱 牅 銺 弉 㮜
附属根	北字旁	北字旁	片	12	41	乖 乘 冀 剩 北 嬿 嵊 燕 背 褙 邶 骥	䉾 苝 鉳 揹 䋳 偝 禙 鄁 軰 㔨 䆊 兠 橷 髙 䓙 㾩 䂷 溗 騬 塖 㪓 埀 驥 懻 㼱 㔞 丠 嚥 䜩 讌 嬊 㷼 酀 㬫 䴏 鷰 驠 醼 曣 觾 臙
附属根	非	非	片	38	97	㸆 俳 剕 匪 啡 孅 徘 悱 悲 扉 排 斐 棐 榧 瀣 琲 痱 篚 绯 罪 翡 腓 菲 薤 蘼 蜚 裴 诽 谶 辈 霏 非 靠 靡 韭 鲱 齑 𬴂	毴 㯇 㰆 棑 䩀 㻗 輩 䊫 䪤 䫍 婔 誹 裶 渄 蕜 䕁 馡 䤵 屝 陫 䨾 厞 騑 緋 㫵 暃 㥱 䠊 鯡 婓 猆 㹃 䩁 靟 奜 餥 䨽 䜟 讖 䤘 懴 懺 䑎 䥆 䃸 虀 韲 齏 㡨 瀐 瀸 虃 䘋 鑯 攕 纖 殱 殲 櫼 韮 孊 䊳 灖 㸏 劘 爢 㠧 攠 釄 戂 䭩 䃺 猅 輫 䤏 裵 籖 籤 䙣 㪪 㒎 襳 䊱 㺤 䆎 韱 纎 䃱 韯 䪥 韰 㒠 䪞 䨿 㠑 嶵 檌
主根	降下角	㐄	降下角	25	146	嶙 桀 洚 潾 璘 瞬 瞵 磔 磷 粼 绛 翷 膦 舛 舜 舞 辚 逄 遴 降 鳞 麟 鿍 𬭸 𬴊	韛 䪐 韠 䪔 䪏 䪚 䪘 㯯 㻧 䪓 韥 韣 舽 䪛 韍 䪙 韟 韐 韚 䤗 䇨 韝 䂫 韓 㙔 䑟 謋 䪝 諱 煒 褘 韋 韢 違 椲 竵 椉 䮪 韔 䪜 荈 僢 袶 夅 絳 滐 嵥 搩 㘶 傑 桝 榤 韏 䪕 䑝 竷 韕 㐄 㔂 鄰 斴 亃 㷠 燐 疄 粦 甐 䢯 䚏 獜 䗲 鏻 隣 䫰 䮼 撛 轔 驎 繗 暽 僯 蹸 䚬 鱗 橉 噒 嫾 憐 韎 胮 䪖 韒 韌 韖 韜 䪑 韘 曻 蕣 䑞 橓 䴄 䪒 韤 韞 䒉 㵲 儛 躌 喡 媁 幃 韑 䙟 湋 潿 葦 鍏 颹 讆 䘙 衛 䍷 徫 緯 㦣 躗 韡 暐 闈 韙 愇 偉 圍 瑋 䜶 佭 跭 栙 僲 䪗 舝 稦 郼 禕 韗
主根	予	予	予	42	105	予 垿 墅 妤 婺 序 懋 抒 揉 杼 柔 楙 橘 滪 潏 燏 猱 瞀 矛 矜 矞 糅 纾 舒 茅 蓣 蝥 蟊 袤 谲 豫 蹂 遹 野 鍪 鞣 预 骛 鹜 鹬 𫐓 𫔎	䂍 䂎 裦 䜼 劀 䂉 䂌 㶦 矝 譎 鐍 矡 䤎 繘 憰 璚 䰬 僪 蹫 䖥 蓩 䓮 鶜 務 嵍 暓 愗 堥 髳 罞 霿 㮘 柕 霧 䟥 雺 㜈 鞪 䱯 楘 鶩 䋷 敄 䥐 蝚 㖻 䂇 䋴 㮗 㑱 氄 媃 㽥 煣 渘 葇 鍒 鶔 䰆 輮 騥 韖 鰇 楺 腬 瑈 䂈 矟 鷸 紓 忬 矠 芧 㡔 熃 奦 䳱 騖 䨁 霚 䆷 瞲 汿 獝 㜿 䦽 㐨 䂆 沀 伃 魣 㘧 嘢 㙒 壄 噊 澦 蕷 預 䂊 驈 䂛 霱 鱊 櫲
主根	卜	卜	卜	88	308	䴘 上 下 仆 俶 卜 卞 卟 卡 卦 卧 叔 吓 咎 咔 唬 嘁 嘘 噱 墟 处 外 婌 嫭 寂 巇 彪 忐 忑 忭 戚 扑 抃 拤 掳 搋 摅 昝 晷 朴 椒 槭 汴 淑 滤 滹 澽 猇 琡 琥 璩 甗 盐 督 篪 糌 绺 罅 胩 苄 菽 蘧 虎 虏 虐 虑 虒 虓 虔 虚 虞 虢 虤 虾 补 褂 褫 觑 讣 让 谑 赴 蹙 遽 醵 钋 饕 齇	鯦 虨 虣 閇 炞 玣 淲 滮 䟔 鳪 墄 蔖 䣜 虘 䠡 䙯 㗤 顣 縬 皻 踧 䠞 遞 圵 蔋 䞾 裻 錖 囐 㩵 齾 犿 飰 訃 虙 膚 䓘 櫜 鼛 㫔 罫 㶁 厬 啩 颪 掛 號 㙱 諕 虠 䝞 椃 㔰 甝 䖔 㯉 瓛 䰧 嘑 謼 箎 萀 芐 䗂 錿 摢 虝 歑 虖 虍 戯 戲 雐 㦆 俿 鯱 㜘 㢒 兏 仧 仩 裭 䶵 諔 䙘 䶥 㾥 敊 處 䖏 櫖 埱 漃 㓺 茮 㹾 謯 䛮 麔 倃 㷾 臄 㘌 簴 籧 鐻 㨿 㩀 據 㠪 虡 劇 勮 豦 懅 躆 壉 裃 鉲 佧 垰 虧 嚹 攎 綹 嚧 髗 艣 爐 艫 籚 罏 瀘 蘆 獹 㿖 蠦 鐪 鑪 矑 㢚 㠠 廬 擄 攄 䰕 轤 纑 顱 虜 㪭 鸕 曥 盧 㱺 䲐 鱸 㯭 櫨 黸 臚 壚 瓐 爈 濾 藘 鑢 驢 㔧 勴 慮 儢 䀤 摵 䖑 䖓 雫 䭆 惄 䦊 钀 䡾 挊 瘧 䖋 䖈 㖸 㰶 烞 釙 㺪 圤 䬌 䗩 鏚 慼 盀 慽 磩 傶 㰗 㗔 㨜 䖍 鰬 榩 䆽 䁦 㠊 覰 覷 覻 憈 鱋 㯫 䟊 鞐 峠 虩 謕 㴲 螔 鼶 䫢 鷉 磃 傂 禠 榹 䖛 獻 笇 迯 嗁 㡗 㥴 㔸 䖙 蹏 鷈 䖘 㻯 掓 尗 虪 㑐 鮛 䱙 摣 㪥 樝 䚦 虥 虦 夞 䖚 嚱 㸍 㺣 㾷 隵 㱆 䖒 戱 覤 㚀 婋 贙 謔 魖 噓 譃 驉 歔 虗 虛 疜 虲 鎼 鏬 䖎 乤 䖖 梺 㙈 㙤 圷 䞊 䖐 䖜 擨 歋 䖌 䖊 讞 巘 巚 鬳 䖗 噳 澞 䱷 䲣 鸆 喒 偺 揝 䖕
附属根	卢字头	⺊	卜	149	471	䓬 丐 乍 乩 亹 作 侦 倬 假 卓 占 卡 卢 卣 卤 叚 咋 咔 嘏 坫 垆 埏 塅 壑 套 寇 岞 帖 帧 店 延 怍 怎 悼 惦 战 扂 拃 拈 拤 掂 掉 敲 昨 晫 暇 柞 栌 桌 桢 梴 棹 椴 榨 段 毡 沾 泸 浈 涎 淖 炸 点 烻 焯 煅 爨 玷 瑕 瑖 璺 痄 瘕 盥 睿 砟 砧 祚 祯 窄 站 笮 筵 粘 绰 缎 罩 肆 胙 胩 胪 舆 舴 舻 芈 苫 萜 葭 蔻 蕻 蚱 蜒 觇 诈 诞 贞 贴 赪 踔 踮 轳 迮 逴 遐 酢 钙 钻 锻 阼 阽 霞 颅 飐 髡 髢 髦 髫 髭 髯 髹 髻 髽 鬃 鬈 鬏 鬒 鬓 鬘 鬟 鬣 鲇 鲈 鲊 鸬 鹾 黇 黏 𫄧 𬬻	敱 䑂 䦋 镺 䯲 鬂 鬢 髩 䯽 髱 㪏 髲 䰉 髟 爂 溊 㩭 䰊 壆 䰂 䯸 䰍 䰈 鹺 㸑 䰌 䯼 鬄 㪆 䴞 唌 誕 䩥 駳 髧 䗺 蜑 頕 覘 鼑 嚸 㚲 詀 䍄 蒧 䀡 䩇 㓠 敁 奌 佔 跕 點 㸃 㼭 竨 鋽 䯾 㪕 䂽 敠 㪜 鬌 㥈 䩞 镻 䪓 葮 鍛 毈 緞 㱭 碫 腶 㼂 歺 髵 髶 髪 髮 䰃 髣 䭮 䯱 髴 䰁 鈣 㕢 㪅 䌄 䴚 卝 髸 鼔 㪈 蝦 敆 㪃 㕡 㪋 岾 䥧 雈 黌 鬍 觷 礐 㽇 學 鱟 㡸 䮓 綽 趠 呫 䛸 迠 軙 湞 緽 赬 䯴 镸 瓺 袩 鉆 鋋 䦓 㤐 㢟 硟 脠 㪓 䴝 婥 㪬 繛 䜴 敊 鹶 莋 䦇 䰏 㒫 茍 㦸 敧 梷 鬋 㪠 鹻 鹸 鹼 鹹 敥 灚 攪 敽 覺 媫 㨗 䯰 䦈 偼 镹 㲃 䁷 襷 擧 舉 欅 櫸 婽 猳 犌 麚 徦 貑 椵 豭 腵 濬 䜭 鉲 佧 㪡 敤 肻 鍞 揁 㪁 䈛 鬠 㕟 䯺 髺 㪂 嚳 䰎 欳 髠 髨 簆 滱 冦 䳹 鬎 鬁 㮚 䰐 鹷 㪮 鬑 㪝 镽 敹 鬛 滷 蓾 㪖 鏀 䰕 㪭 鹵 硵 磠 樐 㪐 㔪 塷 㲶 鬕 敯 髳 㪞 虋 䰒 䖹 镾 羋 䰋 鬗 䯶 䰓 麫 哶 㺳 㪎 䯮 鬞 㪒 鬡 鬤 秥 䬯 䴴 鮎 䦊 䯵 䢉 敺 髼 鬔 鬅 髬 䰔 攴 鈙 䰇 鬐 煔 㩮 鬝 鬜 攑 竊 䠍 㐀 髷 镼 㪊 髥 㲊 㪫 叡 壡 䰆 㪪 䰄 鬙 蕼 鬖 㪔 䯯 髿 䯷 䯳 鬆 㪩 䯿 髰 鬀 酟 碵 胋 䟭 貼 怗 䵿 㪌 㪗 㷹 㪢 髾 鯅 炶 笘 䘰 痁 挻 㪨 㣌 檆 鬊 詐 苲 宱 厏 搾 䋏 醡 㪥 鮓 啅 䑲 䈇 㹿 羄 㪛 寊 貞 遉 偵 禎 枮 楨 媜 幀 鬇 惉 蛅 颭 䩆 霑 趈 妰 窧 斀 鵫 槕 琸 䴜 闅 䰀 䮸 䑁 䜜 斖 興 釁 舋 㪧 卥 㙾 嬹 䕟 臖 䯭 䯹 綖 䨷 斆 斅 澩 䴛 卨 禼 䪥 髤 璿 㶅 燢 嶨 鷽 雤 㰒 㵰 潊 藇 敍 嶼 鬚 鱮 㗇 煆 蕸 敮 鍜 睱 騢 䫗 㰺 夓 䪗 縀 碬 鰕 赮 䕃 隂 㔽 㪑 蝆 敡 敼 娫 莚 狿 㝚 䀽 郔 鹽 䀋 嬩 籅 㶛 㺞 穥 㠘 與 譽 輿 歟 㦛 礜 轝 鸒 懙 礖 㒜 旟 璵 羐 逌 䚃 泎 葃 齚 飵 筰 葄 秨 㸲 鈼 䝫 岝 㤰 㑅 䞢 䰖 鬉
主根	廿	廿	廿	45	174	䗪 世 勚 勤 喋 堇 堞 墐 嬿 屉 席 度 庶 庹 廑 廿 慬 摭 暵 楪 槿 殣 泄 渡 渫 燕 牒 瑾 碟 绁 蔗 蝶 褯 觐 谍 谨 贳 踱 蹀 遮 鄞 镀 馑 鲽 鹧	艔 鉪 喥 剫 幉 諜 艓 褋 鞢 揲 牃 惵 殜 鰈 㻡 䩲 鍍 濷 炗 橫 嫨 熯 漢 灘 䕿 䎯 傼 黃 㰥 䚢 迣 㵮 嫤 謹 䈽 漌 蓳 歏 斳 㹏 饉 㝻 覲 厪 㨷 䌍 僅 囏 艱 㢜 樠 蹣 臡 䊟 懣 滿 瞞 㨺 暪 璊 䤍 襔 蟎 顢 㒼 鏋 鬗 䝡 慲 䐽 㙢 䁧 戁 難 攤 㬮 㔮 儺 㰙 瘽 螼 懃 㢙 懄 棄 騹 䖄 䕼 㸐 䑜 笹 屜 屟 髰 朑 嘆 癱 歎 擹 䜓 葉 蠂 抴 弽 韘 齛 貰 卋 謶 䉀 㵂 鏣 庻 煠 䮜 偞 嗻 嫬 蟅 䩾 䁋 鷓 樜 䐑 熫 蹠 墌 䭖 㫂 䢡 蓆 媟 䕈 屧 鍱 紲 緤 伳 枻 疶 䈎 䥡 䭎 䭟 枼 鐷 瞸 擛 僷 枽 呭 詍 袣 㵩 勩 靾 怈 䄁 跇 玴 嚥 䜩 讌 嬊 㷼 酀 㬫 䴏 鷰 驠 醼 曣 觾 臙
附属根	龷	龷	廿	79	241	䢼 供 倕 借 僎 共 典 冀 厝 哄 唾 噀 垂 埵 巷 巽 廙 恭 惜 戴 拱 捶 措 撒 撰 散 昔 晪 棤 棰 横 殿 洪 淟 港 潢 潩 潵 瀵 烘 猎 珙 璜 癀 癜 睡 硔 碏 碘 簧 籍 粪 糒 翼 耤 腆 腊 臀 蕻 藉 蜡 蟥 谼 醋 错 锤 陲 霰 鞴 馓 馔 骥 鹊 黄 黇 黉 龚 𨱑 𫟹	韛 嗶 魓 熚 篳 襅 滭 蓽 鏎 鞸 饆 䬛 驆 彃 縪 罼 韠 㪤 鷝 畢 㓖 蹕 㮿 㻫 䟆 犕 㣁 備 憊 㷶 㸢 簎 齰 䜺 諎 剒 斮 逪 錯 䱜 瘄 䥄 䆊 襶 瀻 婰 澱 䓦 猠 痶 壂 敟 椣 缍 䅜 崜 綞 硾 㻔 糞 䆏 烡 黆 獷 廣 撗 擴 僙 櫎 趪 矌 彉 彍 拲 㭟 䳍 龔 鑛 輁 髸 㤨 磺 礦 㓋 䱋 觵 栱 䐵 塨 㶇 䬝 兤 䊣 熿 爌 篊 鷬 獚 穔 䪄 鐄 䮲 䌙 曂 䵃 鱑 墴 嚝 娂 粠 舼 葓 鉷 䀧 䧆 黌 晎 閧 鬨 闀 霟 㬴 垬 鍙 蘳 黊 腄 捵 趩 䵐 䍋 箠 菙 郵 錘 黅 庴 驥 兾 䣢 懻 踖 躤 趞 塂 唶 徣 㷷 襈 輂 檋 黋 䊯 穬 鄺 懬 纊 曠 懭 儣 壙 䵏 衖 嫹 謈 㩾 譔 鐉 蛬 皵 鵲 䧿 䇎 鏾 㗷 禩 糤 䉈 㪚 饊 繖 橵 選 簨 潠 㦏 唺 錪 睓 賟 覥 觍 䐌 㥏 倎 䠄 㙉 琠 斢 涶 䵎 䵊 臋 㩔 蘣 黈 娷 䳠 䄍 㯢 矠 蟤 饌 諈 甀 瀇 䤑 䵋 㛭 焟 䢽 㟟 䵌 䍻 繏 㔵 䠣 熼 異 瀷 䔬 穓 㢞 㔴 霬 㳻 㟙 稓 䎰 厜 䮔
附属根	甘	甘	廿	18	35	㽏 坩 媒 嵌 某 柑 泔 煤 甘 甜 疳 绀 苷 蚶 谋 邯 酣 钳	鉗 雸 玵 甙 㖼 咁 詌 粓 䇞 䲺 紺 㤌 佄 㶰 䗣 甝 魽 甞 黚 姏 湈 䤂 禖 楳 腜 謀 䗋 憇 䈤 箝 篏 拑 㽑 甛 㟛
附属根	其字头	其字头	廿	40	78	偡 其 凘 勘 厮 嘶 基 堪 墈 嵁 惎 戡 揕 撕 斟 斯 旗 期 棋 椹 欺 淇 湛 澌 煁 琪 甚 磡 祺 箕 簸 綦 萁 葚 蜞 谌 骐 鲯 麒 𫓹	碪 䤁 啿 媅 愖 䨢 霮 黮 諶 䫖 夦 瘎 鍖 踸 卙 帺 諅 㫷 朞 簊 稘 錤 㥍 踑 㠱 樭 歁 唭 魌 娸 諆 䑴 粸 䫏 簯 簱 籏 褀 剘 蜝 碁 䳢 棊 濝 藄 䶞 猉 䥓 㠌 掑 騏 綨 倛 僛 禥 鯕 檱 櫀 㯦 鶀 璂 燍 蟴 簛 㽄 䔮 蟖 鐁 廝 䡳 㒋 䲉 糂 㽎 㪛 㯕 尠 蘛
附属根	革	革	廿	41	153	勒 嘞 灞 簕 缂 羁 霸 革 靬 靰 靳 靴 靶 靸 靺 靼 靽 靿 鞁 鞅 鞋 鞍 鞑 鞒 鞔 鞘 鞠 鞡 鞣 鞧 鞨 鞫 鞬 鞭 鞮 鞯 鞲 鞳 鞴 韂 鳓	䩕 鞌 㶚 䩻 䩗 覇 䃻 欛 壩 鞛 䩬 䩷 鞤 䩛 鞞 鞸 鞆 鞕 䪇 䪁 䩢 韃 䩘 靮 䩚 䩥 靪 䩔 䩞 鞢 韇 䪅 䩲 靯 䪃 䩹 䳬 鞥 䩿 䩼 㗆 諽 鞈 䪂 䩐 䩡 鞷 韚 愅 䨣 䐙 䩪 䪀 鞏 鞼 嚡 煂 鞎 䪄 鞃 䩑 韄 䩴 靫 䩨 䩶 鞊 鞿 䩯 羇 覉 羈 覊 韁 韀 韉 鞂 鞙 鞽 蘜 巈 驧 㮖 緙 鞟 鞹 鞚 鰳 䪍 韊 䩫 㴖 䪉 䪊 䩮 鞻 鞪 靹 靵 䩝 鞄 鞶 䨰 靲 䩓 䪈 韆 鞩 鞦 鞐 靱 靭 䇀 䩸 䪎 鞖 䩳 鞜 鞀 鞱 鞉 鞺 䩟 䪆 鞓 䩦 鞗 䩣 鞝 䪌 䩱 䩾 䩜 韈 鞰 䩺 䪋 䩙 韅 䩧 鞵 䩤 䩰 㗾 鞾 靷 鞇 靾 䩩 䩽 䩒 䩵 靻
主根	冓头	𠀎	冓头	18	72	噻 塞 媾 寒 寨 搴 斠 篝 耩 褰 觏 謇 赛 蹇 遘 鞲 骞 𬸣	㷸 溝 㗕 㡚 煹 簼 褠 㝤 購 覯 冓 搆 韝 䃓 傋 構 䐟 澕 䗙 䅿 嘩 嬅 譁 鷨 華 鏵 㠏 崋 撶 驊 㦊 樺 講 顜 瀽 藆 弿 寋 騫 鑳 䮿 嚢 嬢 醸 䞿 㥶 攐 㩃 攓 㩷 譲 穣 壌 㘔 簺 賽 㩙 僿 簔 㩟 韡 㐮 鶱 鞾 燁 爗 皣 瞱 曄 曅 墷 璍
主根	及	及	及	12	24	伋 及 吸 圾 岌 极 汲 笈 级 芨 趿 靸	䑥 岋 砐 魥 㠷 䏜 扱 㽺 彶 級 忣 觙 㧀 㤂 䲯 衱 昅 㚫 訯 鈒 馺 钑 雭 䶋
主根	刍	刍	刍	16	5	㑇 㤘 㴔 刍 急 煞 瘾 皱 稳 绉 诌 趋 邹 隐 雏 驺	㛀 喼 㬠 繺 䋓
主根	竹	竹	竹	1	0	竹	无
附属根	竹头	⺮	竹	134	456	䗴 劄 噬 攥 滗 竺 竽 竿 笃 笄 笆 笈 笊 笋 笏 笑 笔 笕 笙 笛 笞 笠 笤 笥 符 笨 笪 笫 第 笮 笯 笱 笳 笸 笺 笼 笾 筀 筅 筇 等 筋 筌 筏 筐 筑 筒 答 策 筘 筚 筛 筜 筝 筠 筢 筤 筥 筦 筮 筱 筲 筵 筶 筷 筹 筻 筼 签 简 箅 箍 箐 箓 箔 箕 箖 算 箜 管 箢 箦 箧 箨 箩 箪 箫 箬 箭 箱 箴 箸 篁 篆 篇 篌 篑 篓 篙 篚 篝 篡 篥 篦 篪 篮 篯 篱 篷 篼 篾 簃 簇 簉 簋 簌 簏 簕 簖 簝 簟 簠 簧 簪 簰 簸 簿 籀 籁 籍 籥 纂 鳤 𬕂	䇦 䉛 䈈 䈏 笣 筆 箄 笓 箆 篳 潷 㻶 䈲 籓 䉸 箯 籩 篻 箥 簙 䇷 䒀 箁 篰 䈟 箣 笧 簎 䇲 筴 筞 㩍 憡 笒 篸 䉕 篬 䈘 䉔 澨 簒 䉘 篵 䈡 㗳 笚 撘 㙮 箌 簤 箉 䈆 㩐 簦 簹 簜 篴 䉞 簞 㶘 簓 䉆 篅 籪 筩 笗 箽 䈞 篤 䇺 笩 篈 䉒 笲 䉊 笵 範 筟 箙 笰 䉬 箇 䈓 篢 筸 簳 䇞 笴 簂 䲘 䇨 篐 䉉 笟 箛 䇢 䈐 䈑 簼 籇 篕 笐 筕 筨 䈄 䈭 篊 䉟 篧 䈠 箎 䇘 䈸 簄 箶 篲 筬 䇸 箈 竾 筂 䇪 簅 䇬 箹 篨 箠 㔍 䵵 箺 橁 篘 籌 䈥 竻 䈽 㸅 筓 䇧 䇫 䈕 鷑 箿 簊 䗗 䉃 櫤 䇟 簡 䉍 箋 籈 籛 筧 㶕 擶 孂 簥 䉰 笅 筊 幯 節 蠞 癤 䗻 擳 㦢 䲙 䇶 簍 簴 䈮 籧 䇹 箘 箟 䈖 簻 䈛 筺 筈 䉐 簣 籄 簆 䉮 簩 䇭 籟 筙 箂 䉄 筣 䉫 籬 䈒 籣 籃 䈊 䉹 䉁 䉖 笭 簾 籢 籨 囖 䈷 笿 䉓 籮 䉭 䉧 篭 籠 簬 簵 簶 籙 籚 箻 䉪 䉂 䈁 簢 笢 笽 笷 䈍 䉚 笀 䈿 簚 䈼 䉲 籋 篎 䘊 䉋 篃 䇱 䈫 笝 簐 䇣 篞 㩶 䉱 筽 簲 㵺 竼 篣 篺 簈 䈂 箳 䈬 䈻 䈜 笉 簯 簱 籏 檱 䊴 䈴 䇜 䈤 箝 篏 簽 籖 籤 箞 䉦 篟 箾 䈉 籡 篋 笡 篍 笻 筁 䈌 䇮 䉴 篛 䇯 䈶 筎 䇤 笍 䈢 簺 䉢 鏼 擌 簛 籭 䈀 䉈 䈗 簑 簔 笇 筭 篹 匴 䉥 䉌 簨 箰 筍 䈹 䉤 籔 䈋 䈳 㯚 䈱 䈚 籉 籘 籐 篖 䉎 笹 籊 䉡 筳 艞 籜 篿 筡 箑 䈰 䈾 篩 簁 箵 簭 籂 箷 笶 篒 遾 笘 䉶 䉀 譗 箚 䥷 䈃 䈇 簀 䇽 䈯 鱵 䈣 䇰 箏 篜 㘉 筫 䇛 䉅 䉜 瀄 櫛 籗 籱 櫡 䉵 籑 䇗 䈺 筗 籦 篫 筯 笜 䇡 笁 築 簗 䇠 樦 箒 籒 籕 䈙 䈵 笂 䉑 箼 䉠 䇻 䈧 䈪 篂 䉯 箲 䉳 㗛 筿 篠 簘 簫 䉏 䉣 箮 䈝 筪 篔 笌 䇙 筃 筄 䈎 䇩 䉨 笖 䇵 籎 䉝 䇼 䉗 䇾 簷 䉷 篶 籝 籯 笎 篗 籆 籰 籅 籞 籲 篽 䈅 箊 䇖 䉙 䇥 簮 筰 籫 䌣 䈦 箤 箃
主根	弟	弟	弟	12	21	䏲 剃 娣 弟 悌 梯 涕 睇 绨 递 锑 鹈	䑯 焍 俤 祶 珶 罤 晜 㖒 蕛 稊 䬾 銻 挮 鬀 䶏 鵜 㣢 綈 鮷 豒 豑
附属根	弟省	弟省	弟	1	1	第	苐
主根	车	车	车	33	3	军 厍 库 恽 挥 撵 晕 晖 梿 浑 涟 珲 琏 砗 翚 舆 荤 莲 裈 裢 裤 诨 车 轰 辇 辈 辉 辔 连 链 阵 鲢 𪨶	伡 䢀 䢁
附属根	东	东	车	8	1	东 冻 岽 栋 胨 陈 鸫 𬟽	㑈
附属根	车旁	车旁	车	67	1	匦 啭 堑 崭 惭 斩 暂 椠 毂 渐 皲 轧 轨 轩 轪 轫 转 轭 轮 软 轱 轲 轳 轴 轵 轶 轷 轸 轹 轺 轻 轼 载 轾 轿 辀 辁 辂 较 辄 辅 辆 辊 辋 辌 辍 辎 辏 辐 辑 辒 输 辕 辖 辗 辘 辙 辚 郓 錾 𨐈 𫐄 𫐐 𫐓 𫟦 𬨂 𬨎	傤
附属根	拣字边	𫠣	车	3	0	拣 炼 练	无
附属根	車	車	车	1	354	墼	軪 軷 軬 輽 撪 䡢 轐 輹 䡶 軰 輩 㜞 㨻 摲 慙 蹔 䳻 慚 䡯 輳 軩 軑 軚 載 軧 䡲 軺 軼 軶 輵 軛 輀 轜 輭 轒 䉊 範 轓 䡊 軓 輻 䡍 軵 輔 錷 軋 轕 輄 輠 輨 輁 䡗 軱 軲 轂 䡰 軌 匭 渾 睴 輥 緷 㫎 璭 軥 轄 輅 軒 礊 轘 鯶 輷 䡌 䡏 軣 轟 軤 媈 輝 煇 瀈 㹆 揮 暉 禈 翬 楎 琿 諢 葷 顐 餫 鼲 䡣 䮝 轋 㑮 堚 䡨 轈 唓 莗 㾝 蛼 車 硨 俥 軙 漸 獑 螹 嶄 磛 閳 䱿 輟 輲 䡴 輴 䡅 輇 蘻 毄 撃 擊 繋 繫 蟿 轚 檕 輯 䤔 聻 蔪 鏩 䟅 䭕 轞 塹 轎 轇 䡈 較 䡂 䡓 輂 䡞 檋 皸 軍 鍕 皹 䝍 輆 䡷 軻 䡩 䡉 輡 轁 轗 輱 軦 軠 軖 軭 褲 䉐 庫 廤 㡓 褌 鶤 轔 轥 轑 輘 䡙 䡃 轣 轢 漣 連 䉖 䡼 䡿 軨 輬 輌 輛 嗹 㜕 謰 褳 鄻 輦 蓮 鏈 㦁 摙 縺 䃛 慩 僆 蹥 翴 鰱 㰈 槤 櫣 璉 簵 䡎 轆 轤 䡜 轠 輪 䡑 䡻 軞 䡚 䡬 軜 㜛 輗 簐 攆 輾 䡾 軳 輫 輧 軯 䡫 輣 䡟 軿 轡 䡋 罊 軝 䡔 鑋 輕 䡖 軽 嬱 壍 㟻 軡 槧 輤 輑 軔 軟 䡆 䡥 輮 轖 䡦 䡳 䡵 䡒 䡘 䡐 軘 輎 厙 輋 軾 軕 䡪 瀭 軗 輸 轍 輙 輒 陣 塦 轃 軫 䡕 軹 䡹 輊 魙 䁪 嶃 轏 斬 輚 覱 轉 囀 䡱 転 軸 軴 䡤 轛 輖 輈 瘒 輼 轀 輞 輐 輓 䡧 軎 轊 䡺 軐 搟 䡡 䡭 蓒 䆭 轌 䡛 捙 輰 軮 輢 轙 僌 轅 䡝 䡇 軏 輍 輿 轝 喗 齳 鄆 運 䩵 賱 㟦 韗 暈 惲 腪 輏 輶 儎 輜 輺 鏨 暫 䡽
主根	甫	甫	甫	35	76	傅 匍 博 哺 圃 埔 捕 搏 敷 晡 榑 欂 浦 溥 牖 甫 礴 簠 簿 缚 脯 膊 莆 葡 蒱 蒲 薄 赙 辅 逋 酺 铺 镈 黼 𬷕	㗘 髆 煿 䙏 簙 猼 䗚 䥬 䪇 䭦 䶈 鎛 鑮 餺 䰊 䍸 㬍 愽 礡 牔 馎 誧 䊇 補 秿 餔 䀯 䝵 陠 峬 庯 䋠 䪔 悑 鯆 鵏 喸 尃 㙛 糐 㜑 痡 蜅 賻 㕊 㩤 䩉 輔 鬴 䪙 縛 俌 麱 禣 䎔 郙 乶 懯 㭪 豧 旉 盙 璷 嚩 䯙 蒪 烳 䈬 䈻 䔕 舖 舗 鋪 䮒 圑 磗
主根	付	付	付	13	27	付 俯 咐 府 拊 符 腐 腑 苻 跗 附 驸 鲋	䒀 捬 詂 䑧 袝 泭 㾈 蚹 鉜 焤 䮛 軵 駙 姇 䵾 弣 紨 怤 㤔 䂤 祔 鮒 柎 椨 䠵 胕 坿
主根	俞	俞	俞	22	34	㺄 俞 偷 喻 嵛 愈 愉 揄 榆 毹 渝 瑜 窬 腧 蝓 褕 觎 谕 输 逾 鄃 隃	䕆 踰 䤅 㡏 媮 諭 䵉 㓱 鍮 㢏 緰 瀭 䩱 輸 毺 䠼 萮 蕍 瘉 癒 歈 㼶 覦 䬔 睮 崳 䜽 騟 羭 貐 䃋 匬 牏 堬
主根	弗	弗	弗	12	33	佛 弗 怫 拂 氟 沸 狒 绋 艴 茀 费 镄	䊧 㵒 䄶 費 鄪 胇 㔗 䀟 梻 坲 咈 炥 笰 鉘 岪 髴 刜 㪄 彿 紼 砩 㚕 鮄 柫 䞞 䛍 疿 鐨 㩌 曊 昲 靅 羛
主根	卵	卵	卵	2	3	卵 孵	毈 贕 㲉
附属根	卯	卯	卵	9	14	卯 峁 昴 柳 泖 珋 聊 茆 铆	飹 窌 㗦 㟹 窷 㡻 㚹 㶯 鉚 㧕 駠 笷 乮 奅
附属根	卯字旁	卯左	卵	1	0	卿	无
附属根	印	印	卵	3	1	䲟 印 茚	鮣
附属根	印字旁	印左	卵	0	4		襃 裦 褎 褏
主根	追字心	𠂤	追字心	9	48	埠 孽 槌 糵 缒 薛 蘖 追 阜	䭔 鎚 㢂 搥 磓 頧 鴭 䏨 垖 塠 㷆 䘀 蛗 峊 蘬 歸 㔑 巋 㜸 巕 嶭 糱 孼 蠥 櫱 躠 螄 㷟 㾽 篩 溮 蒒 獅 鰤 師 鶳 瑡 帥 㗓 縋 䨨 桘 膇 㔎 辪 辥 顊 䦾
附属根	官字底	㠯	追字心	16	30	倌 婠 官 棺 涫 琯 管 绾 缱 耜 菅 谴 逭 遣 馆 鳤	䘾 痯 悹 䗆 䩪 舘 錧 館 䪀 輨 悺 䲘 䦡 䠉 㷗 譴 䪈 䭤 鑓 繾 儙 㚶 鈻 佀 㭒 綰 捾 苢 㠯 䌣
主根	无	无	无	8	0	呒 妩 庑 怃 抚 无 芜 𣲘	无
主根	戈	戈	戈	64	292	伐 俄 划 哉 哦 嘎 垡 域 娀 娥 孅 峨 巇 彧 悈 惑 戈 戎 戏 我 戒 戕 或 戗 战 戛 戟 戡 戣 戤 戥 截 戬 戭 戮 戳 戴 找 曦 栽 械 棫 涐 爔 狨 畿 硪 筏 绒 羲 莪 蛾 蜮 裁 诫 谶 贼 载 锇 阀 阈 饿 馘 鹅	茷 㳼 蛓 䉔 䙁 淺 㥇 殘 戔 䏼 襶 瀻 載 鐵 㦶 戜 臷 戙 誐 䕏 皒 鋨 餓 睋 峩 㧴 騀 䖸 鵝 鵞 䄉 䳗 䳘 珴 浌 䇅 䣹 閥 栰 㘺 嘠 祴 裓 牫 戨 䣬 戓 䘁 㦴 摑 㖪 嘓 幗 簂 漍 㳀 蔮 蟈 鈛 䬎 聝 䤋 䂸 慖 國 膕 槶 駴 㵄 掝 䰥 㦯 䄀 䱛 㡲 戯 戲 䶪 䜟 讖 棧 䧕 熾 㹽 䤘 懴 懺 剗 䴼 䑎 戧 䃸 嘰 魕 㘍 譏 穖 蟣 蟻 鐖 鞿 饑 撠 䰏 䤒 幾 㡮 耭 㦸 磯 僟 禨 機 橶 㙨 䟇 璣 䟌 㡨 帴 諓 箋 籛 瀐 瀸 濺 虃 䔐 馢 䘋 鑯 㦰 錢 餞 䧖 賤 攕 戩 纖 㣤 殱 殲 碊 俴 牋 踐 櫼 㰄 蠽 誡 䕙 蠘 巀 嶻 擮 䂝 㑘 爴 戞 簚 薎 㩘 啔 䋯 䁉 籖 籤 戵 䘬 茙 䄾 駥 毧 絨 羢 㭜 㦺 䯷 㣝 職 鐡 䥫 驖 識 襳 㦼 䴰 肈 嬂 幟 蘵 蟙 戠 聀 織 樴 旘 軄 膱 䟈 戰 菚 䗃 㟞 嶘 輚 醆 虥 虦 戦 盞 䎒 䱠 琖 㦵 㦱 㕒 嚱 㸍 燨 㺣 犠 隵 義 戱 㦻 㚀 䊱 㺤 䆎 韱 繊 纎 綫 䃱 韯 㖑 㳦 淢 窢 惐 㚜 㰲 㦹 嬟 議 艤 䉝 䧧 㠖 嶬 轙 䣡 䴊 礒 儀 䲑 檥 鸃 䳒 䳣 㦷 䤦 魊 㽣 䈅 䍞 戫 稢 稶 㦽 䮙 緎 罭 閾 琙 渽 溨 睵 賳 傤 儎 烖 酨 䵧 䰹 胾 㵶 賊 蠈 戝 鱡
附属根	弋	弋	戈	29	57	代 垈 岱 弋 式 弑 忒 拭 斌 杙 栻 武 牮 玳 珷 腻 袋 试 贰 贷 赋 赟 轼 铽 鸢 鹉 黛 𨭉 𬬩	贇 虣 䒫 蚮 帒 貸 柋 甙 鮘 鴏 脦 㢥 貮 弐 㒃 貳 弍 樲 笩 賦 陚 䝾 恜 侙 㦐 膩 㹑 弎 蟘 鋱 貣 試 烒 鉽 軾 弒 䞖 娬 錻 鵡 碔 倵 䟼 骮 㚤 䘝 浳 芅 䄩 釴 䣧 弌 䬥 䴬 隿 黓 鳶
附属根	戋	戋	戈	15	0	刬 戋 栈 残 浅 溅 盏 笺 篯 线 贱 践 钱 饯 𬣡	无
附属根	戊	戊	戈	37	102	㳚 减 咸 喊 嘁 城 威 宬 崴 嵅 感 憾 戊 戌 戍 成 戚 撼 晟 槭 珹 盛 碱 箴 篾 缄 茂 葳 葴 蒇 蔑 觱 诚 蹙 铖 鳡 𫍯	墄 蔵 䙯 㗤 顣 縬 䠞 膥 䉞 澸 蒧 諴 㺂 䃭 鱤 鰔 㧔 䜗 䫲 㰹 㨔 椷 㙳 娍 誠 筬 荿 窚 鋮 䫆 郕 㼩 峸 絾 鯎 煘 蕆 䙘 䛋 減 䶢 䌠 䶠 緘 醎 鹹 黬 堿 瑊 㤜 䁍 顑 轗 輱 䯦 礣 鑖 㩢 摵 瀎 幭 䘊 蠛 䁾 䩏 䌩 懱 㒝 鱴 櫗 衊 䗩 鏚 慼 慽 磩 傶 㰗 鍼 羬 㲓 晠 墭 荗 鱵 襪 韈 韤 喴 媙 蝛 隇 揻 縅 鰄 楲 㙎 㛾 麙 臹 䖗 臓
附属根	戉	戉	戈	4	11	樾 越 钺 魆	眓 泧 狘 䬂 㞽 怴 䎀 鉞 戉 䋐 䟠
附属根	臧字框	臧字框	戈	2	7	臧 藏	㵴 㶓 鑶 欌 贓 贜 臟
主根	气	气	气	23	36	忾 气 氕 氖 氘 氙 氚 氛 氟 氡 氢 氤 氦 氧 氨 氩 氪 氮 氯 氰 氲 汽 饩	鿫 氞 㲷 氭 䏗 刏 㔕 㰟 㡮 鎎 愾 㪂 㲶 氝 滊 芞 氣 気 暣 氫 氜 靝 靔 氠 㲴 熂 犔 餼 氥 忥 㑶 霼 氬 氱 㐹 氳
主根	文	文	文	41	64	侪 刘 剂 吝 坟 忞 悯 挤 文 斋 斌 斐 斑 斓 旻 汶 济 浏 炆 玟 癍 紊 纹 脐 芠 荠 虔 蚊 蛴 赟 跻 这 闵 雯 霁 鲚 齐 齑 𨭉 𫘜 𬯀	贇 斒 辬 対 䝺 㪱 㪯 㑪 產 哜 済 剤 㨈 㓺 斍 麐 悋 斏 斕 簢 渂 潣 盿 㞶 旼 閔 憫 砇 琝 呅 燘 鈫 萕 斉 斊 緕 㗔 㨜 鰬 榩 斎 螤 妏 䘇 蚉 螡 鼤 彣 鳼 鴍 䰚 抆 馼 紋 閺 忟 魰 珳 斖 伩 斈 顏 彥 斔
主根	丰	丰	丰	44	156	㛃 䂮 丰 偰 割 嗐 契 害 峰 彗 恝 慧 拜 挈 揳 楔 沣 浲 湃 滟 烽 猰 玤 瘛 瞎 砉 碶 禊 篷 絜 缝 艳 葜 蓬 蚌 蜂 豁 辖 逢 酆 锋 锲 𬭬 𬴃	㗑 拝 熢 漨 埄 䂜 䰷 㭋 㗉 䱮 㛔 妦 㡝 炐 艂 䙜 灃 蘴 䒠 莑 寷 蠭 夆 鋒 鎽 䩼 鏠 䀱 盽 㠦 豐 峯 捀 摓 綘 縫 㦀 㒥 仹 靊 麷 桻 肨 琒 䐸 䎚 䵻 螛 轄 㮫 劃 㗲 湱 㩇 騞 剨 㦎 㖓 嘒 嚖 譿 篲 蔧 㨹 㩨 暳 㬩 懳 槥 櫘 嫿 澅 搳 畫 繣 畵 噄 喫 瘈 㶳 㻱 㲅 潔 犗 䥛 洯 㓗 㮮 㪡 䫔 䛚 䛶 㻰 蛪 囓 齧 蘕 韸 鑝 韼 髼 䡫 鬔 纄 䴶 樥 槰 塳 㕩 䏺 膖 栔 䚉 稧 䤿 鍥 㓶 㼤 䦬 㓞 磍 圕 㸷 觢 書 豒 晝 鏏 轊 䡺 熭 䐼 䜢 幰 瀗 憲 䘆 䧮 攇 㦥 櫶 褉 緳 藼 䨮 鶷 鎋 縖 窫 䝟 㝣 灧 灩 艷 豓 豔
附属根	龶	龶	丰	106	190	䴖 俵 倩 债 傃 傲 勤 唛 啧 嗉 嗷 圊 堇 墐 姓 婊 婧 嶅 帻 廑 廒 性 情 惺 愫 慬 戥 敖 旌 星 晴 槿 殣 毒 氰 清 渍 漋 煋 熬 牲 猜 猩 獒 瑆 瑾 璈 生 甡 甥 甦 癃 眚 睛 碃 碛 碡 窿 笙 箐 箦 精 素 纛 绩 聱 胜 脿 腈 腥 菁 蒨 蕤 蜻 螯 表 裱 觐 请 谨 责 赘 赜 遨 鄞 醒 鏊 锖 隆 青 靓 靖 静 靛 馑 骜 鲭 鳌 麦 麸 麹 鼱 鿏 𪟝 𫌀 𬘬	㜜 謸 滶 蔜 獓 隞 㟼 㠂 厫 䦋 䮯 慠 磝 嗸 䫨 嫯 謷 摮 䵅 鼇 㥿 驁 鰲 鷔 諘 錶 䁃 㧼 嫧 幘 㥽 蝳 瑇 䓯 嬎 嬔 䭍 䨼 靗 簅 滻 剷 㹌 產 産 鏟 嵼 摌 䊲 㦃 㯆 䐮 嚽 繛 嫤 謹 䈽 漌 菫 蓳 歏 斳 㹏 饉 㝻 覲 厪 㨷 䌍 僅 襀 積 癪 廭 績 蹟 鰿 勣 瀞 㵾 䝼 聙 靜 靘 鶄 靚 湰 蕯 㝫 㚅 䃧 嶐 㦕 霳 麺 瘽 螼 懃 㢙 懄 漬 騹 磧 䚍 䟄 啨 請 淸 濪 䞍 寈 掅 綪 暒 甠 夝 儬 凊 䨝 鯖 郬 靑 埥 錆 䑶 篟 蔳 皘 輤 棈 苼 甤 薩 虄 隡 螦 䛾 嫊 溸 㨞 縤 䘘 榡 膆 塐 靝 靔 甧 泩 湦 狌 鉎 鍟 鼪 貹 䴤 殅 栍 䲼 珄 耫 簀 債 責 靕 崝 鮏 贅 徃 謃 篂 㝭 䗌 睲 曐 䃏 鯹 䋤 嘖 謮 蔶 㺓 䶦 歵 皟 瞔 㣱 賾 樍 㱴
主根	鹿	鹿	鹿	18	89	儦 漉 瀌 簏 藨 辘 鏖 镳 鹿 麀 麂 麇 麈 麋 麑 麓 麖 麝	爊 熝 䥝 鏕 㩠 穮 鑣 麃 䮽 臕 膔 麄 蔍 麤 麆 麁 樚 䴟 薼 麎 塵 彲 驪 麠 麉 麔 䴥 麚 麏 麕 攈 攟 麐 囇 孋 灑 䕻 穲 㿛 矖 麜 廲 酈 鸝 邐 䚕 攦 麗 纚 釃 儷 鱺 欐 麢 麍 㜙 螰 䴪 廘 摝 轆 騼 䌒 䍡 㦇 䃙 蹗 塶 麊 䴢 麛 蘪 攗 犥 麅 皫 䴩 麡 籭 曬 䴤 襹 麞 躧 麘 麙 䴦 䴠 麌
附属根	鹿旁	鹿旁	鹿	3	6	鄜 麒 麟	麤 䴣 䴫 㼾 䴧 麣
主根	龙	龙	龙	22	2	䶮 咙 垄 宠 庞 拢 昽 栊 泷 珑 眬 砻 笼 聋 胧 茏 袭 詟 陇 龙 龚 龛	垅 厐
附属根	尤	尤	龙	15	22	㠇 优 僦 尤 就 嵇 忧 扰 犹 疣 稽 莸 蹴 鱿 鹫	噈 蹵 憱 蚘 㛷 嵆 鑙 㮷 㞃 鷲 㩆 殧 諬 紌 䤞 㕱 㚭 訧 沋 駀 魷 肬
主根	石	石	石	148	338	䂮 䃅 䃎 宕 岩 拓 斫 柘 橐 泵 炻 石 矶 矸 矻 矼 矾 矿 砀 码 砂 砄 砆 砉 砌 砍 砑 砒 研 砖 砗 砘 砚 砜 砝 砟 砠 砣 砥 砧 砫 砬 砭 砮 砰 破 砵 砷 砸 砹 砺 砻 砼 砾 础 硁 硅 硇 硊 硌 硍 硎 硐 硒 硔 硕 硖 硗 硙 硚 硝 硪 硫 硬 硭 确 硼 硿 碃 碇 碈 碉 碌 碍 碎 碏 碑 碓 碗 碘 碚 碛 碜 碟 碡 碣 碥 碧 碨 碰 碱 碲 碳 碴 碶 碹 碾 磁 磅 磉 磊 磋 磏 磐 磔 磕 磙 磜 磡 磨 磬 磲 磴 磷 磹 磻 礁 礅 礌 礓 礞 礴 礵 祏 耱 菪 蘑 蠹 跖 鼫 鿎 𥔲 𥕢 𥖨 𬒈 𬒔 𬒗 𬴃	硋 磑 礙 碪 磝 礉 磽 䃻 砏 砲 揼 䂜 硥 䃑 㓈 磦 碆 䃗 礡 䃰 礤 礸 磣 硶 礠 䂣 䂳 碂 䃚 䃀 磪 矺 䃮 䦒 礑 碭 雼 趤 碮 磾 䂡 䃫 砃 矴 碠 磸 矵 䂪 䂽 䲽 沰 硾 碫 䂢 妬 䀾 蠧 䂙 磓 䃦 碷 硆 砨 砐 砈 礘 磀 䂲 碸 礬 䂤 砩 碙 䃭 䃶 䂷 䂯 硄 䂸 礶 碽 䂵 磺 礦 䂬 磆 䃂 䃓 碋 䃒 䂫 湱 礊 騞 剨 䃔 硡 礐 䃣 硴 硩 硨 碀 硳 磛 硟 磢 䃥 磭 礎 䤺 䃸 砛 䃡 磯 礆 硷 磵 碊 礀 礛 䂶 䃈 礍 砎 䂝 䃊 䂟 碅 㮟 硞 碦 砢 䂺 礚 硜 䃘 硻 砊 砿 䂗 䃬 磈 硱 藞 䂰 磖 䃳 碄 䃕 磱 硓 䂾 砳 碐 硠 磿 㔏 礪 礰 砅 䃯 礫 䃹 礷 砱 䃛 㩡 硦 㰁 磂 磟 礱 䃧 礲 硵 硉 磠 䃙 礨 礧 磥 碖 磮 礣 碼 砇 䂥 䃉 㛧 䃇 嚰 饝 砞 礳 䃺 砪 碯 䃩 䃵 䂼 硸 礗 礟 礮 硑 磞 礕 礔 磇 䃲 砯 砶 䃢 碁 唘 磧 碕 磎 磩 硘 䂩 礄 䃝 碻 䂭 硂 確 礭 硈 磍 礝 碝 䂱 磃 䂹 硹 䃤 碿 砕 䂿 磄 䃪 碵 磌 鿬 袥 驝 碢 砤 磚 槖 硧 硰 磼 䄷 䖨 鉐 乭 䂠 䂖 佦 鮖 磰 碩 䃞 䕢 䃍 砦 砓 䂞 䂧 䂦 䃌 䂻 礃 礩 砋 䞠 坧 硺 磗 劯 硃 䃴 礈 砙 碔 䃖 矹 礥 礂 矽 磶 䃏 䃱 硣 㻹 䃠 碬 硤 䃁 磤 碒 磘 䂚 礏 礢 硛 礒 䃜 啱 碞 䂴 䊙 揅 硽 硏 礹 硯 礯 碤 䃷 砽 礜 硢 礖 䃋 砡 䂛 礇 硲 磒 沯 礋 磳 矷 磫
主根	斤	斤	斤	57	158	䜣 凘 匠 厮 听 哲 哳 嘶 圻 堑 崭 忻 惭 所 折 掀 撕 斤 斧 斩 斫 断 斯 新 斶 昕 晢 晰 暂 析 椠 欣 沂 浙 淅 渐 澌 炘 皙 祈 簖 芹 菥 蕲 薪 蜇 蜥 誓 踅 近 逝 錾 锨 靳 颀 龂 𬬱	庍 䋢 㜞 㨻 摲 慙 蹔 䳻 慚 斮 䩢 䀿 梊 㫀 籪 㫁 斷 鬬 鬭 䗄 㪾 䜠 烲 硩 䀸 㑜 䟷 漸 獑 螹 嶄 磛 䱿 齭 䤺 斳 釿 劤 馸 伒 蘄 裚 䞪 䤔 聻 蔪 鏩 䟅 䭕 塹 䰺 紤 㪼 頎 斴 䉼 菦 赾 鬿 䓅 玂 蚚 岓 旂 肵 斨 嬱 壍 㸫 㟻 槧 斪 䨛 㠼 燍 蟴 簛 㽄 䔮 蟖 鐁 廝 䡳 㒋 䲉 蜤 㪽 乺 厛 㜪 䤱 銴 㫹 䇽 䓆 㝂 啠 悊 埑 㪿 晣 歽 䏳 澵 㜱 狾 鑕 質 劕 斦 䭁 懫 礩 儨 躓 櫍 䑇 瓆 魙 䁪 嶃 斬 覱 斲 斵 斱 斸 㫂 噺 妡 訢 焮 盺 邤 惞 俽 唽 㱤 㯕 晳 惁 椞 鍁 娎 焎 㿱 乴 䱑 㹞 峾 垽 䓄 齗 䖐 䇵 鏨 暫 䎰
附属根	斥	斥	斤	5	7	坼 拆 斥 柝 诉	䟟 㿭 䞣 跅 蚸 訴 泝
主根	雨	雨	雨	2	2	漏 雨	瘺 屚
附属根	雨头	⻗	雨	68	216	㸌 㻬 儒 嚅 嚯 嬬 孀 孺 懦 摴 擂 攉 樗 檑 澪 濡 灞 瓀 癗 礌 礵 糯 臑 蕾 薷 藿 蠕 襦 鄠 酃 镭 雩 雪 雯 雱 雳 零 雷 雹 雾 需 霁 霄 霅 霆 震 霈 霉 霍 霎 霏 霓 霖 霜 霞 霨 霪 霭 霰 露 霸 霹 霾 颥 骦 鳕 鹴 𦈡	靉 䨠 靄 雸 䃻 欛 壩 霦 㵡 䥤 靌 䨌 䨔 䨻 䨜 靐 䨙 䨏 霴 靆 雼 䨤 䨢 霮 䨵 電 雿 霘 䨺 䨴 隭 轜 雰 霻 靊 䨗 䨱 靅 雬 䨣 皬 靍 靎 靏 鸖 䨡 瀖 㺢 癨 矐 曤 䨥 靃 臛 霟 䨎 霐 嫮 雽 䨚 霃 雴 蘎 霵 䨖 霽 霩 靂 靋 爧 燯 䉹 䙥 瀮 蘦 䖅 蕶 麢 䴫 䡼 䡿 醽 䌢 㬡 㦭 䰱 霝 孁 䄥 靈 㪮 霗 霊 霛 䨩 䴇 䴒 䚖 靇 龗 櫺 欞 㯪 䨬 霤 㽌 霳 虂 㵢 鐳 䍣 䨓 靁 䢮 鱩 霿 䨫 霡 霢 䨪 霧 霥 靀 雺 雮 霂 雫 穤 䨋 擩 譳 獳 羺 䨲 檽 䨦 霶 䨰 霋 䨝 礭 㱋 㰌 䨐 㽭 燸 礝 壖 㹘 鑐 嶿 繻 醹 曘 䰰 顬 鱬 䞕 䨛 雭 霯 䨑 罎 曇 墵 壜 嶀 霕 灀 驦 䌮 鸘 䨹 䨯 霑 籗 籱 霔 䨨 霌 䨟 霚 霺 㘊 霼 霫 䨳 䨷 䨘 䨭 艝 轌 䨮 鱈 樰 膤 謣 霒 霠 䨸 霷 雵 霙 霬 䨍 霱 䨞 䨒 䉙 澐 蕓 繧 霣 雲 䨶 橒
附属根	而	而	雨	40	89	儒 喘 嚅 圌 堧 媆 嬬 孺 恧 惴 懦 揣 斋 湍 濡 煓 猯 瑞 瓀 端 糯 而 耍 耏 耐 耑 腨 臑 薷 蠕 襦 踹 遄 陑 需 颛 颥 鲕 鸸 𦈡	㪜 椯 㙐 媏 篅 褍 鍴 剬 㟨 偳 㖇 䎟 粫 袻 洏 荋 鴯 隭 陾 峏 㧫 聏 輀 轜 髵 輭 侕 鮞 栭 䎠 胹 腝 歂 㼷 輲 䳪 㼲 䛔 䫱 㾍 糥 穤 稬 耎 愞 㐡 煗 䙇 渜 餪 㬉 擩 譳 獳 䰭 羺 䨲 檽 㿵 㽭 燸 䓴 䎡 㓴 蝡 䞂 緛 礝 碝 偄 㮕 壖 瑌 㹘 鑐 嶿 㨎 繻 醹 曘 䰰 顬 鱬 䞕 䵎 貒 䝎 諯 顓
附属根	面	面	雨	9	28	偭 勔 圙 愐 湎 缅 腼 面 靥	靤 䩇 䩉 奤 靧 䩈 䩍 蠠 喕 媔 糆 蝒 䩄 靦 䤄 緬 麵 㮌 麺 䩋 䩏 䩅 䩌 䩃 䩆 䩊 䩂 靨
主根	山	山	山	196	572	㟃 㠇 㠓 仙 催 凯 刿 剀 哕 喘 嘣 嘧 圌 垲 密 山 屹 屺 屼 屾 屿 岁 岂 岈 岊 岌 岍 岐 岑 岔 岖 岗 岘 岙 岚 岜 岞 岠 岢 岣 岨 岩 岫 岬 岭 岱 岳 岵 岷 岸 岽 岿 峁 峂 峃 峄 峋 峒 峗 峘 峙 峛 峡 峣 峤 峥 峦 峧 峨 峪 峭 峰 峱 峻 峿 崀 崁 崂 崃 崄 崆 崇 崌 崎 崒 崔 崖 崚 崛 崞 崟 崡 崤 崦 崧 崩 崭 崮 崴 崶 崽 崾 崿 嵁 嵅 嵇 嵊 嵋 嵌 嵎 嵖 嵘 嵚 嵛 嵝 嵩 嵫 嵬 嵯 嵲 嵴 嶂 嶅 嶍 嶒 嶓 嶙 嶝 嶟 嶦 嶲 嶷 巅 巇 巉 巍 幽 微 徵 徽 恺 惴 揣 摧 旵 桤 梣 氙 汕 涔 湍 溦 漴 漼 澂 灿 炭 煓 猯 瑞 璀 疝 癌 皑 硙 碳 秽 端 籼 羰 翙 耑 腨 舢 薇 觊 觿 讪 豳 踹 蹦 辿 遄 酅 酆 铠 镚 闿 颛 𪨰 𪨶 𪩘 𫖮 𫵷 𫶇 𬮿	岇 嘊 溰 䔇 䶣 皚 隑 剴 獃 敳 敱 嵦 㱯 磑 凒 婩 錌 峖 㟁 屽 䮗 堓 䫜 岰 㟼 㠂 㠗 嶴 峇 㟗 㠔 鏰 嵭 繃 傰 塴 崥 岅 峅 㟽 㠒 㟑 峬 䣙 嶆 䫈 㞤 嵾 㞥 硶 嵢 嵳 㟇 㠝 巑 㞱 㜠 熣 獕 皠 鏙 嶉 繀 慛 磪 凗 槯 墔 㟷 嶋 嶌 嶹 搗 槝 㠀 島 㞭 嵣 崵 嵽 埊 嶳 㠆 嵿 嵮 巓 巔 嶞 㪜 崜 椯 㙐 崼 峌 媏 篅 褍 鍴 剬 㟨 偳 崠 崬 㟋 嵟 㠚 㞳 屵 峉 㟧 㠋 岋 峩 䭓 峎 峏 岎 梤 灃 溄 蘴 寷 鎽 㠦 豐 峯 㒥 靊 麷 㟊 㠅 岪 峊 峼 峐 乢 䐩 峺 焵 罁 剛 岡 犅 鋼 㟵 㟠 崗 掆 綱 碙 棡 堈 崓 巂 嶡 㞻 㠙 㨟 䱺 䠽 峆 䳽 㬞 碋 澏 㟏 㟔 岾 㠢 崲 㵹 嵈 潂 巆 屸 孈 鑴 屶 㞧 屷 幑 鰴 儶 㟆 㠏 崋 䅱 銟 巐 瀓 峸 㞼 懲 㰞 㞴 汖 㞿 岻 䤫 嶄 嵼 膗 歂 㼷 輲 崈 㓽 岀 䜅 嶜 嵆 峜 㞦 嶯 㠍 㠎 覬 嵹 㠐 嶠 嵺 嶕 嶣 嶰 嵑 崨 岕 巀 嵥 嶻 㞯 䳪 㟲 嶥 崫 巈 㞫 㒞 嵪 鎧 䁗 颽 凱 豈 暟 闓 愷 塏 㞹 嶱 嵙 嵻 冚 㟴 岲 巋 巙 䃬 熴 潉 崐 崑 崊 㟹 嶗 㟉 崍 㟍 峢 峲 屴 㠣 巁 岦 㠟 㟳 嵐 㞩 䧙 嶺 岺 琌 両 輌 㟀 嶚 嶛 峈 嵧 巒 㟖 嶐 巃 巄 㟤 峍 㠠 嵂 㠥 崘 崙 磮 㟺 嶁 㜫 㨸 㑻 㞶 㟭 崏 㟩 嵍 㟐 㟿 㟌 䈼 滵 蔤 宻 㟜 㠧 峚 䌏 樒 㛧 満 㟰 杣 㟂 峔 媺 嬍 矀 嵄 徾 黴 䛝 㞪 巎 嶩 㑎 㠜 㞾 㠡 喦 嵒 巕 嶭 硸 漰 剻 磞 岯 嶏 岼 岶 岥 㟝 嶔 㞬 埁 䒻 㟓 㠌 岓 㟢 嵜 㟚 榿 嶈 嵰 岒 㟻 㴥 崷 㟈 㟫 巏 峑 瓗 㼇 崅 嶇 㠊 岴 峠 㟒 峮 屻 岃 嵶 嵤 峵 嶸 嶿 㠈 嵷 嗺 䪎 㞸 嵗 亗 㟬 崉 䟖 崹 㛶 湠 㨏 嵉 㟘 岧 岹 㟎 岮 䵎 貒 䝎 峝 㠉 峹 嵞 㟮 嶀 㩄 輋 峷 侺 䤱 峕 嵵 訕 邖 軕 閊 䴮 圸 赸 㜐 䭨 癥 崢 崝 徴 藢 崻 豒 嶃 㟞 嶘 諯 顓 嵀 㼘 屲 嵡 岏 㠛 岉 嵨 䉠 癓 䥩 覹 㠕 崣 嶶 㟪 嵔 峞 㣲 霺 欈 㽯 蠵 㔒 㠄 嵠 驨 㩗 觽 嶑 㟟 㟄 奾 苮 秈 仚 嶮 峴 佡 屳 讗 峫 攜 峀 岤 㞽 嶨 嶼 㞰 峽 漄 崕 㖗 㴈 峾 訔 崯 嶾 岆 㟱 嶢 嶤 嶪 嶫 崸 岟 㟅 螘 顗 嶧 崺 峓 㠖 嶬 啱 灧 灩 嵓 巘 巚 巌 巖 巗 嵃 嶖 艷 豓 豔 巊 㟶 㞲 㟾 嵱 嶽 岄 捳 㠘 崳 㠨 嶎 㟦 㗀 峳 峟 崱 㟙 崰 㞨 㟛 岝 嵏 嵕 嵸 㞺 崪 嶊 㠑 嶵 纗 㰎
附属根	出	出	山	19	54	䓛 䢺 倔 出 咄 屈 崛 拙 掘 朏 础 祟 窟 粜 绌 茁 诎 饳 黜	忁 曓 䭯 㬥 㬧 䔴 㝮 糶 飿 貀 柮 胐 啒 淈 㒴 䠳 詘 炪 㔘 欪 絀 㤕 誳 䘿 袦 鶌 崫 䠇 㭾 㻕 䞷 趉 㱁 㵠 泏 窋 堀 韷 䖓 昢 蟗 䄐 䖦 镼 鈯 聉 䂐 䪼 㑁 笜 㽾 煀 㞊 䳳
主根	束	束	束	26	66	剌 喇 嗽 嫩 悚 懒 敕 整 束 涑 漱 濑 獭 瘌 癞 竦 簌 籁 蔌 蝲 觫 赖 辣 速 𫗧 𬶟	䀳 娕 誎 脨 㩽 勅 慗 鵣 鶒 鷘 遫 㸊 溂 癩 攋 䏀 揦 鬎 鯻 楋 揧 辢 䱫 瓎 㻝 㻋 籟 襰 瀨 瀬 藾 䓶 懶 䄤 䠭 䲚 櫴 賴 頼 嬾 嫰 瘷 摗 捒 駷 䔎 藗 鋉 餗 殐 㑛 樕 㯈 梀 遬 趚 瘶 鏉 凁 欶 獺 潄 䜹 疎 綀 踈
附属根	朿	朿	束	7	21	僰 刺 枣 棘 洓 策 莿	䊂 箣 蓛 㩍 拺 敇 憡 茦 㾊 㞖 㢀 朿 栜 䪂 襋 蕀 㻷 䱨 鏼 棗 㭰
附属根	柬	柬	束	12	45	斓 暕 柬 楝 澜 瑓 襕 谏 谰 镧 阑 𬶠	徚 鶫 諫 鍊 揀 㘓 囒 孄 孏 幱 讕 煉 爛 爤 糷 籣 襴 襽 湅 瀾 灡 蘭 䪍 斕 鑭 钄 韊 攔 闌 㦨 㱫 䃹 躝 欄 欗 䑌 瓓 媡 萰 練 鰊 㪝 㼑 堜 朄
主根	艮	艮	艮	55	84	㫰 俍 哏 垠 垦 埌 娘 崀 很 恨 恳 悢 根 桹 浪 烺 煺 狠 狼 珢 琅 痕 眼 硍 稂 筤 簋 粮 腿 艮 良 艰 茛 莨 蒗 裉 褪 跟 踉 退 酿 银 锒 阆 限 食 飧 飨 餍 餐 餮 饔 饕 龈 𬣳	螁 飺 餈 喰 爘 湌 飱 飡 饏 䬶 峎 餥 詪 䓳 鞎 拫 佷 䭌 艱 䭕 孂 飬 餋 齦 㸧 懇 貇 墾 豤 䯖 哴 誏 艆 䕞 㝗 䆡 蜋 斏 鋃 䀶 㟍 㢃 䡙 駺 䍚 閬 㱢 硠 郞 躴 朖 㾗 䭆 蕵 薞 飸 㾼 蹆 篒 䭁 䬤 䉵 籑 饗 鱶 蛝 㡾 䦘 䭥 泿 銀 檭 瀁 癢 攁 㔦 羪 養 懩 礢 䑆 䓹 䬥 饜
附属根	即字旁	即字旁	艮	25	246	㮾 即 卿 厩 唧 啷 嚼 堲 塱 廊 慨 既 暨 朗 概 榔 溉 爝 爵 皭 蓢 螂 郎 鲫 𬶨	䬵 餲 飹 䭋 飽 䬱 飶 鵖 饆 䬳 餠 餅 餑 䬪 䭦 餺 餢 餔 䭣 餤 䭛 飣 飿 䬽 䭔 䬦 餖 餩 餓 䭓 饐 䭡 䬶 餌 饙 餴 飯 飰 餻 㮣 槩 摡 嘅 䬣 䫀 飦 餜 館 餶 䐴 㔳 䬲 餀 饚 餄 餭 䭅 䭍 餬 餯 餫 餛 餱 餷 饓 饎 飾 飭 饞 䭚 䭙 饉 㸅 蔇 穊 蝍 饑 飢 䳭 鱀 䀈 塈 揤 鯽 楖 櫭 䐚 䭠 餰 䬻 餞 䭈 灂 餃 䂃 釂 㬭 幯 節 蠞 莭 癤 䗻 䇒 飷 擳 㦢 䲙 䬨 廄 廐 匓 穱 㩱 餕 餡 䭝 餽 饋 餎 嫏 蓈 㾿 鎯 㓪 勆 欴 郒 䱶 樃 瑯 㙟 蝕 䭑 饠 剆 餾 饛 䭧 饅 䬴 饝 饃 䭩 饢 䭢 䬯 䭃 餪 餒 餧 䭤 饒 飪 餁 飴 飼 飤 饊 餸 餗 䭉 餿 饀 餹 餳 饄 䬫 䬾 餂 飥 飻 餇 飩 飳 䬰 䬷 曏 籂 餙 䭄 飠 餝 饍 䭨 餦 㘉 瀄 䬹 櫛 饘 饌 䭖 餟 饂 䬿 餵 饖 䊠 餼 餏 䭒 薌 餉 饟 㗽 嚮 蠁 郷 鄉 響 饗 䦳 鱜 膷 饈 䭥 䭀 飮 飲 餆 餚 䭇 餘 餣 䭎 䭟 饁 䭐 䬺 䭞 䬮 䭂 䭘 䬬 䭊 䭗 䬧 䬼 饇 飫 㠨 欎 欝 飵 饡
主根	亠	亠	亠	195	512	㬚 㳘 丹 主 亡 亢 亥 亩 亶 亹 伉 伭 住 充 兖 六 冥 凛 刻 劾 卒 卞 吭 咳 唷 啐 噙 坍 坑 垓 垴 堉 壅 夜 妄 嬗 孩 崒 巯 市 廪 弃 弦 彤 往 忘 忙 忭 恼 悴 惘 慌 懔 抃 抗 拄 捽 掖 搐 摔 摛 撤 擅 擒 旃 旒 昡 晐 暝 望 杧 杭 柱 柿 栴 核 梳 檀 檎 檩 毓 氓 氦 汴 沆 注 泫 流 液 淬 淯 溟 漓 澈 澭 澶 炕 炫 炷 牤 猝 玄 率 玹 珫 琉 瑬 璃 璮 畜 疏 疰 痃 瘁 盲 眩 瞑 砫 硫 硭 碎 禀 离 禽 窣 篱 粹 统 缡 罔 翠 肓 肮 育 胲 脑 腋 膻 臃 航 舷 芒 苄 茫 茺 荄 荒 萃 蓂 蓄 蓠 蔬 蕹 虻 蛀 螟 螭 蟀 衒 该 谇 谎 赅 辋 辙 邙 醉 醨 醯 鎏 钪 铈 铉 铳 锍 闶 闹 阂 陔 雍 颃 颏 颤 饔 驻 骇 骸 魍 魑 鳣 鹯 麈 𠅤 𫗴 𫠊	骯 䭺 㗒 䬵 欬 鎄 閡 硋 䠹 袌 襃 㮄 癛 稟 炞 玣 囃 薺 䭣 㥖 踤 焠 䘹 䙑 乼 㵏 濢 㱖 顇 綷 縗 倅 㯜 椊 脺 膵 臎 琗 恴 鿕 䒟 刐 蟺 㔊 勯 皽 繵 砃 儃 玬 壇 罜 餩 犿 飰 㚆 裦 髙 姟 該 畡 㱾 賌 郂 䀭 賅 峐 絯 侅 豥 匄 䋁 㽘 焹 犺 頏 牨 㼚 阬 䴚 䃶 䙛 離 櫰 瓌 䜇 滾 蓘 蔉 袞 㨰 鮌 㙥 頦 㧡 駭 酼 㤥 妔 笐 苀 蚢 㰠 邟 䲳 迒 貥 䘕 忼 䟘 魧 㬻 㜳 瀤 蘹 蘾 褢 褱 耲 懐 懷 壞 謊 㼹 㠵 巟 朚 衁 䀮 㤺 䐠 塃 鴅 儕 䒆 瞮 勶 徹 椉 㷰 熾 黐 袲 瞝 攡 䄜 麶 樆 襢 顫 䘪 銃 㧤 㤝 滀 鄐 慉 傗 䥆 嚌 䜞 䶓 㸄 濟 虀 䶩 穧 癠 齎 齌 劑 韲 齏 鑇 齊 齍 隮 䮺 擠 䍤 懠 躋 霽 鱭 櫅 璾 粇 秔 亰 㬌 詃 惤 痎 呟 萒 烗 䤤 輆 㚊 奒 劥 鈧 䡉 閌 砊 匟 囥 䧶 顲 澟 䕲 癝 㐭 廩 懍 凜 檁 囄 謧 褵 䙰 籬 灕 蘺 䅻 裏 䍠 縭 䍦 㒿 㒧 㰚 燷 燣 壈 䊨 䇔 驘 鸁 䌱 裗 蓅 㐬 鋶 麍 旈 玈 䔞 繂 膟 嫇 甿 䈍 鼆 䗈 䥰 蝱 夣 鯍 㡛 笀 汒 䅒 吂 䖟 釯 鋩 杗 盳 㟐 恾 铓 幎 熐 䈿 㨠 塓 猽 㝠 䫤 鄍 䒌 覭 㟰 䏃 慏 凕 䄙 榠 玅 畒 畆 畝 閙 鬧 侫 嬢 醸 㜵 褭 㠡 䃵 㒟 橠 㫄 裵 蠄 艩 蠐 䶒 䐡 棄 麡 纃 㒅 䄢 臍 牽 鏲 撁 縴 㯠 髚 巰 譲 穣 壌 袇 烿 宍 㻭 簑 簔 蜶 笇 稡 㲞 埣 誶 滖 睟 賥 䯿 職 譠 䉡 㳩 䕊 䃪 憻 䵊 浵 蚒 綂 統 妵 蘣 黈 亠 飳 識 鈰 峕 灗 䁴 羶 䄠 鱣 㲤 䢦 齋 轍 㯙 嬂 幟 蘵 蟙 戠 袠 織 樴 旘 軄 膱 䆄 饘 氈 鸇 邅 驙 㣶 氊 㮵 枬 䡀 旜 註 䇠 㹥 宔 殶 迬 鉒 䝬 嵀 軴 駐 䪒 紸 跓 霔 樦 㛩 炿 㜲 罋 甕 誷 菵 莣 蝄 輞 網 暀 棢 雘 橀 㐮 㡉 妶 娹 誸 蚿 䩙 婱 絃 㭹 胘 㳿 䙝 衺 褻 㗜 褎 褏 袨 㹡 玆 鉉 䲻 䝮 䮄 䍗 怰 㐫 㜅 䙒 稸 槒 㖡 亱 䤳 鵺 㒕 焲 䘸 偯 棭 渷 兗 籝 籯 灜 䕦 贏 攍 䃷 䑉 噰 癕 㽫 䗸 㻾 擁 㙲 䶳 焴 艈 䘻 蘛 蜟 逳 錥 㣃 䋭 㥔 俼 棛 䖻 䕹 雜 昗 箤 㰵 錊 崪 䚝 䱣 噿 晬 祽 璻
主根	享字头	享字头	享字头	84	156	㠇 亨 享 京 亭 亮 亳 亸 倞 停 僦 凉 勍 哼 嚆 嚎 塾 墩 壕 婷 孰 就 崞 嵩 廓 弶 影 惇 惊 憬 掠 搞 敦 敲 景 晾 暾 椁 椋 槁 毫 淳 渟 漷 濠 灏 烹 焞 熇 熟 犒 猄 琼 璟 礅 稿 篙 缟 翯 膏 葶 蒿 藁 谅 谆 豪 蹴 蹾 辌 郭 鄗 醇 镐 镦 颢 高 鲸 鹑 鹫 麖 黥 𫟅 𬘯 𬭚	噈 蹵 憱 畗 碠 弴 錞 䯬 嚲 䈞 啍 譈 䔻 䇏 鐓 鐜 憝 㨃 憞 埻 燉 潡 獤 蜳 撉 䪃 犜 䃦 墪 撴 驐 橔 藳 㾸 稁 鎬 稾 槀 縞 暠 禞 檺 㗥 槨 墎 譹 籇 灝 滈 藃 薃 薧 蠔 皜 䧚 䧫 㠙 㩝 顥 䯫 傐 儫 鰝 嗃 謞 燺 䯨 鶮 䐧 涥 悙 脝 䁨 㨯 澋 撔 巐 揨 䁎 㙜 湻 㝇 犉 㝄 鶉 醕 鯙 婛 幜 燝 鶁 暻 鯨 翞 鷲 㩆 殧 䯪 髛 嵪 噋 鞟 鞹 韕 霩 髝 喨 諒 煷 涼 湸 㹁 鍄 䁁 䝶 輬 䣼 綡 稤 剠 㔀 䥋 㧸 梈 䯧 毃 㪣 髚 髜 碻 塙 髞 㸀 㙵 㙶 諪 蝏 嵉 聤 楟 鷻 朜 㬿 䃞 諄 稕 綧 亯 髇 歊 䬘 瀥 䭘 鐛 㐯 亴
主根	定字底	定字底	定字底	27	52	匙 啶 堤 媞 定 提 是 淀 湜 琔 瑅 碇 禔 绽 缇 腚 萣 踶 醍 锭 靛 鞮 韪 题 鳀 𫘨 𬤊	㻄 諟 鍉 䧑 隄 䪘 題 㓳 㼵 碮 䐎 埞 顁 蝊 錠 掟 聢 椗 婝 崼 㔭 蝭 䜻 鶗 翨 㮛 䈕 㱨 諚 䔶 㖷 褆 䅠 騠 徥 緹 惿 偍 禵 䚣 鯷 趧 睼 䊓 煶 㵓 寔 遈 䘺 綻 韙 尟
附属根	畏字底带横	畏下	定字底	31	98	丧 偎 傉 冁 唇 喂 娠 宸 展 振 搌 晨 溽 煨 猥 畏 碨 碾 缛 耨 蓐 薅 蜃 褥 赈 辗 辰 辱 隈 震 鳂	鎒 㾯 䢈 莀 䆣 䢅 䀼 㲀 敐 䣅 㫳 麎 曟 鷐 侲 桭 囅 辴 蹍 榐 磭 滣 浱 漘 䔚 䥎 陙 䫃 脣 嶩 䃩 憹 噥 譨 䁸 擃 鬞 輾 搙 燶 襛 濃 蕽 㺜 䵜 穠 癑 齈 䢉 繷 醲 儂 禯 檂 農 辳 欁 膿 䅶 槈 䢇 縟 嗕 媷 鄏 㦺 蜄 鋠 㰮 祳 脤 㖘 帪 誫 裖 屒 賑 䳲 䟴 㜊 䱼 㛱 渨 葨 㞇 鍡 餵 㟪 嵔 揋 䋿 㱬 愄 鰃 椳 腲 㙗 䞅
附属根	疋	疋	定字底	22	49	凝 嚏 婿 嶷 憷 旋 暶 楚 湑 漩 濋 璇 疍 疐 疑 糈 胥 薿 蛋 谞 醑 𬺓	譺 懝 礙 儗 癡 齼 礎 儊 檚 璴 揟 㘈 㠜 擬 疋 琁 䝪 㽰 䡹 懥 蝑 嫙 㳬 蔙 蜁 鏇 䁢 颴 縼 䃠 䲂 㯀 镟 䗠 諝 䈝 稰 縃 㥠 偦 䱬 楈 壻 㿿 䰯 籎 寲 觺 㽈
附属根	走下	龰	定字底	7	69	婕 寁 屣 徙 捷 睫 蓰	歨 㗰 㜡 篵 漎 蓯 鏦 瞛 䰌 従 從 縱 㼻 䳷 䢨 暰 樅 䐫 瑽 啑 蜨 疀 摐 辵 㹐 媫 誱 蓵 崨 㨗 疌 㫸 倢 偼 踕 脻 緁 嘥 㞞 嵷 慫 聳 傱 嚔 䶑 箑 萐 䝊 簁 褷 㱜 漇 縰 蹝 㿅 徢 䙕 瘲 䗥 㢔 嵸 熧 緃 縦 磫 踨 蹤 豵 㙡
主根	业	业	业	22	74	业 凿 嘘 噗 墟 墣 壶 幞 显 湿 濮 璞 穙 虚 觑 蹼 邺 醭 镤 黹 黻 黼	㙸 䪁 撲 轐 僕 爜 灇 䕺 叢 欉 嚉 譵 襨 濧 薱 㠚 懟 㬣 對 䨴 彂 黺 襆 襥 纀 㸁 戯 簴 虡 䌜 獛 䗱 㹒 鏷 䧤 瞨 贌 擈 菐 㲫 䴆 䑑 㒒 㯷 樸 檏 㠊 覷 憈 鱋 丵 鑆 轛 繊 顕 魖 譃 驉 歔 㗼 澲 䧨 嶪 嶫 驜 㱉 鄴 曗 業 鸈 礏 㸣 鑿 糳
附属根	亚	亚	业	27	22	严 亚 俨 哑 垩 垭 壸 娅 恶 戬 晋 普 桠 椪 氆 氩 湴 溍 潽 瑨 碰 缙 谱 鄑 酽 镨 𫫇	並 䗒 䰃 㠮 潂 搢 縉 㬐 榗 䴡 霊 掽 踫 諩 譜 鐠 䲕 㫫 䅉 痖 挜 铔
主根	巾	巾	巾	102	355	䗖 䴓 佩 俙 刷 匝 吊 咂 唏 唰 啻 啼 埽 媂 嫦 巾 币 市 布 帅 帆 师 希 帏 帐 帑 帔 帕 帖 帘 帙 帚 帛 帜 帝 帡 带 帧 帨 席 帮 帱 帷 常 帻 帼 帽 幂 幄 幅 幌 幔 幕 幖 幛 幞 幡 幢 幪 怖 旆 晞 柿 棉 沛 浉 浠 涮 滞 烯 狮 瓻 睎 砸 碲 禘 稀 筛 箍 绵 缔 肺 芾 萜 蒂 蛳 褯 谛 豨 蹄 遆 郗 铈 铞 锦 闹 霈 饰 𤧛 𫄨 𫚕 𫶇	㡋 㧊 抪 幚 幇 幫 㠲 㡙 幤 幣 帗 艊 淿 犻 䢌 䟛 穪 咘 㚴 㳍 鈽 佈 柨 钸 㘵 㸬 昁 䰽 杮 幘 㠿 幬 艜 帯 蔕 帶 䠠 遰 㿃 螮 廗 帒 蹛 㯂 諦 渧 慸 嵽 揥 摕 締 逓 㦅 偙 僀 䱱 楴 䐭 腣 墆 帎 帄 屌 銱 㥈 幉 䫕 帾 嬭 薾 爾 邇 趰 幩 帉 㡝 㠶 婦 巿 䑔 䍨 濷 㠷 幗 幊 篐 蘬 帰 歸 㡚 㡃 㠵 幠 乕 帍 幑 帿 銟 㦂 蟐 鏛 瑺 滯 懘 鉓 飾 絺 脪 幨 幝 膪 㡖 㡡 幮 㴆 濅 錦 㧆 帺 䶓 幜 㡨 帴 蠒 㡑 幯 㡇 㠹 帣 幏 幆 㠸 巋 㡁 㡓 㡘 樠 脼 㡂 幱 啢 魎 裲 䓣 蜽 䩫 㔝 兩 掚 輛 緉 倆 䠃 蹣 覼 㧜 㡩 㡣 㡞 㡌 㡈 䊟 懣 滿 瞞 㨺 暪 璊 㡛 幎 簚 䉲 籋 濗 濔 瀰 䕳 獮 獼 冪 幦 擟 镾 鸍 㜷 羃 瓕 䥸 彌 䤍 㣆 禰 檷 䛲 㡢 襔 䒥 蟎 顢 㒼 鏋 鬗 䝡 慲 䐽 㙢 婂 嬵 芇 緜 矊 綿 䃇 㒙 檰 㰃 㠺 帓 帞 幭 幙 閙 鬧 䕥 鑈 隬 䦵 儞 躎 㡅 㡪 㩶 帇 帊 㡦 幋 帲 幈 䣪 姵 䊃 㧩 馷 㤄 伂 斾 珮 㝲 㟓 幓 幧 帩 帹 帢 㡊 帬 㠴 帤 掃 㠼 螄 㣈 幍 幐 㗣 㡗 褅 鍗 鶙 崹 殢 㠽 㡏 篩 薓 籂 溮 蒒 狶 獅 䤭 鈰 餙 鳾 䌳 䌤 㹷 魳 鰤 師 鶳 瑡 帥 㕞 帪 幀 㡠 㡧 凧 幥 帳 㛿 幟 襧 帋 幒 㡒 㼙 箒 菷 㫶 鯞 帵 㡔 幃 讏 䘙 衞 躛 䛥 㾙 㛓 莃 蓆 䖷 䮎 璽 壐 悕 欷 鵗 鯑 桸 琋 㡉 幰 㡜 䙊 幁 㡄 㡥 㛳 帟 帠 㣇 㡕 㠾 沞 鉔 韴 帀 迊 䞙 㡟 姉
主根	争字底	争字底	争字底	33	64	争 事 伊 净 君 咿 尹 峥 庚 挣 捃 洢 狰 珺 琤 睁 窘 竫 笋 筝 群 莙 裙 诤 赓 逮 郡 铮 隶 静 鲪 鹒 𫖳	焿 菮 㹹 賡 鶊 椩 焄 淨 碀 棦 埩 婙 浄 瀞 凈 靜 掶 侰 僒 䇹 㴫 麏 鵘 覠 鮶 桾 宭 㿏 㟒 峮 輑 帬 㪊 裠 羣 涒 䭄 諍 箏 猙 䦶 錚 睜 崢 掙 鬇 䋫 䍵 䦛 踭 䱢 爭 㬹 㖐 芛 吚 蔒 蛜 㩈 䪳 頵 䞫 剚 倳
附属根	肀	肀	争字底	32	124	凄 叇 唐 啸 埭 塘 妻 婕 寁 康 慷 捷 搪 棣 溏 潇 瑭 睫 箫 糖 糠 肃 萋 萧 螗 蟏 郪 鄌 骕 鹔 𡐓 𩾌	啛 䃀 曃 霴 靆 㻖 瞊 嵣 啑 蜨 疀 㼮 嘯 嚍 嬧 燼 濜 藎 贐 賮 䀆 盡 儘 㯸 壗 璶 誱 蓵 崨 疌 㫸 倢 踕 脻 嫝 漮 穅 㝩 䆲 䗧 鏮 㱂 嵻 鱇 槺 躿 㘑 䇐 隸 隷 濓 䥥 亷 孻 褄 淒 捿 鶈 緀 悽 霋 棲 緁 橚 櫹 䐹 㴋 潚 㩋 驌 粛 㪩 肅 䎘 鷫 㬘 䃤 鱐 璛 㜍 煻 篖 䕋 蓎 䅯 鎕 餹 䧜 㲥 㼺 鶶 䌅 醣 磄 傏 禟 榶 膅 赯 捸 䠈 㥆 箑 萐 䝊 嘨 䊥 熽 簘 簫 瀟 蕭 蟰 蠨 㔅 歗 彇 齂 徢 鏽 繍 繡 殔 肀
附属根	聿	聿	争字底	18	36	健 垏 建 律 楗 毽 津 犍 珒 聿 肄 肆 肇 腱 葎 踺 键 鞬	筆 潷 㻶 煡 堻 葏 湕 䭈 鍵 睷 揵 徤 冿 鰎 旔 㖀 㯬 峍 硉 侓 箻 嵂 䢖 騝 蕼 銉 貄 肂 㡽 肁 肈 茟 䀌 衋 䮇 䋖
附属根	彐	彐	争字底	38	111	侵 垱 埽 妇 寝 寻 岿 帚 归 当 彗 彟 慧 扫 挡 挦 档 棂 殷 浔 浸 溵 灵 珰 祲 筜 荨 裆 铛 锓 雪 骎 鲟 鳕 𬊈 𬍤 𬩽 𬭬	䭡 婦 䎚 䵻 蘬 帰 歸 嘒 嚖 譿 篲 蔧 㨹 㩨 暳 㬩 懳 槥 櫘 䫮 榋 㴆 濅 䆮 寖 鋟 埐 彐 媫 㨗 偼 巋 㻏 蘉 㻰 鐞 唚 誛 䈜 㝲 㾛 寑 寢 䜷 駸 綅 㓎 鮼 梫 燖 蕁 掃 㓥 憳 葠 蓡 薓 箒 菷 㫶 鯞 穏 穩 㒚 鏏 轊 䡺 熭 㜦 襑 尋 䯹 撏 艝 轌 䨮 鱈 樰 膤 㖊 噚 潯 蟳 鄩 攳 鱘 桪 樳 璕 㡥 讔 㶏 濦 蒑 蘟 癮 隠 隱 檃 櫽 嶾 㐆 䌥 慇 磤 㦩 懚 䨸 檼 㥯 彠
附属根	录字头	录字头	争字底	12	38	剥 录 氯 渌 琭 碌 禄 箓 绿 菉 逯 𫘧	䃗 夛 䰁 彚 龣 㖨 娽 粶 䘵 簶 籙 㪖 䩮 録 䚄 盝 睩 㟤 䴪 䎼 騄 緑 醁 㫽 䟿 䎑 䱚 觮 㯟 椂 鵦 䐂 趢 㞪 彛 彞 邍 縁
附属根	彑	彑	争字底	2	15	彘 彝	剝 疉 㬪 彙 彑 淥 錄 彔 祿 綠 㣈 璏 㣇 彜 㰘
附属根	互	互	争字底	2	7	互 冱	仾 坘 䇘 沍 䊺 魱 枑
附属根	互中间	互中间	争字底	10	0	喙 彖 掾 椽 橼 瑑 禒 篆 缘 蠡	无
主根	秉	秉	秉	1	2	秉	㨀 棅
主根	交	交	交	23	35	䴔 交 佼 咬 姣 峧 恔 效 校 洨 滧 狡 皎 绞 胶 茭 蛟 跤 较 郊 铰 饺 鲛	㿰 駮 㼎 虠 骹 烄 䉰 䍊 䘨 筊 䕧 鉸 餃 鵁 䢒 賋 挍 較 纐 絞 晈 鮫 珓 㘐 礮 頝 䂭 詨 効 俲 傚 㬵 齩 㝔 窔
附属根	乂	乂	交	4	5	使 史 吏 驶	㤦 㳏 㹬 鉂 駛
附属根	㐅	㐅	交	141	316	㕮 㛹 㭎 㳇 䝙 乂 义 仪 伛 便 俙 冈 凶 刈 刚 刹 匈 区 卤 呕 哎 哽 唏 嗲 噙 垴 埂 奁 妪 岖 岗 岚 崤 希 弑 怄 恼 抠 摛 擒 攀 斧 晞 更 杀 枢 枫 梗 楩 樊 檎 欧 殴 汹 沤 沨 浠 浭 淆 滏 漓 烯 父 爷 爸 爹 爻 爽 璃 瓯 瓻 甦 疯 眍 睎 砜 砹 硬 离 禽 稀 筻 篱 粳 纲 绠 缡 网 肴 胸 脎 脑 舣 艾 蓠 蚁 螭 襻 议 讴 讻 讽 豨 赵 躐 躯 邋 郄 郗 酗 醨 釜 钢 铩 镴 鞭 风 飏 飐 飑 飒 飓 飔 飕 飗 飘 飙 驱 驳 鬣 鬯 鬷 魑 鲠 鸥 鹾 𫄨 𫚭 𫭟 𫸩 𬉼	鴱 銰 㘷 郩 綆 箯 缏 鞕 緶 鯾 飚 㩭 駁 壆 穪 鹺 䴞 嬭 薾 爾 邇 趰 燓 㐽 䫶 蠜 鐢 礬 棥 䘠 䗄 蚥 䭸 骾 莄 㹴 㾘 峺 郠 挭 䢚 鯁 㧏 䴚 罓 離 餀 䍑 哅 黌 觷 礐 㽇 學 鱟 㲼 䓭 㷰 黐 瞝 㞿 攡 絺 䄜 麶 樆 脪 䴝 漺 㼽 摤 䎫 磢 傸 鹶 稉 蠒 鹻 鹸 鹼 鹹 笅 灚 䡈 攪 覺 敎 艐 䁓 覐 䁷 嚳 爉 蠟 鑞 擸 䃳 儠 鱲 㯿 臘 㖁 恡 囄 謧 褵 䙰 籬 灕 蘺 䅻 䍠 縭 䍦 㒿 㸚 㒧 㰚 鹷 覼 䉭 獵 䪉 犣 䁽 鬛 㲱 䝓 巤 䜲 羀 䙪 滷 蓾 鏀 鹵 硵 磠 樐 㔪 塷 㲶 䉲 籋 濔 瀰 䕳 獮 獼 擟 镾 鸍 㜷 瓕 䥸 彌 㣆 禰 檷 訤 悩 脳 䕥 鑈 隬 䦵 儞 躎 㩶 鴎 礟 鑻 蠄 㟓 気 䆋 㕁 㸖 駆 䊛 摋 殺 鎩 㛐 㬲 㸗 図 蔱 剎 閷 儍 榝 樧 狶 䤭 餙 䌳 䌤 㹷 弒 䔪 䫪 鷞 䗮 鏯 騻 慡 樉 塽 㸙 襧 䴜 䰣 䒽 蛧 䋄 䋞 㸘 鎫 䮸 䑁 㐅 䛥 㚯 㾙 㛓 莃 䖷 䮎 璽 壐 悕 欷 鵗 鯑 桸 琋 㙾 誵 䒝 斆 斅 澩 䴛 殽 㤊 㮁 禼 訩 詾 洶 㐫 忷 恟 兇 胷 㶅 燢 嶨 鷽 雤 㰒 䣴 餚 䋂 䂚 倄 飖 爺 㟅 苅 䢃 䖊 㣻 鹽 䀋 䛕 爩 灪 䖇 茰 䍞 㠨 㤤 鬰 鬱 欎 欝 㻀 㚃 糉 糭 䈦 葼 猣 稯 蝬 鍐 鑁 嵏 嵕 㨑 騣 鬉 㣭 䍟 緵 㚇 惾 翪 鯼 㯶 椶 朡 堫 爼
主根	尧	尧	尧	19	0	侥 哓 娆 尧 峣 挠 晓 桡 浇 烧 硗 绕 翘 荛 蛲 跷 铙 饶 骁	无
主根	居	居	居	11	13	倨 剧 居 崌 据 椐 琚 腒 裾 踞 锯	啹 䛯 婮 艍 涺 䅕 䵕 蜛 鋸 鶋 䝻 䱟 䋧
主根	乃	乃	乃	23	51	乃 仍 奶 孕 尕 戤 扔 携 楹 槜 氖 琇 盈 秀 绣 艿 莠 诱 透 锈 镌 隽 鼐	㷪 㛆 䒳 尮 挅 刴 朶 跥 桗 躱 垜 䐪 呄 莻 夃 㚉 㞧 屷 鎸 㝦 㑺 疓 釢 䯮 㲌 䚮 芿 䄧 辸 㺱 礽 㭁 㻪 䋼 頺 綉 䞬 䱆 㩗 銹 璓 㵬 溋 萾 㨕 盁 㚺 唀 誘 䅎 蜏
主根	暴	暴	暴	4	11	暴 曝 瀑 爆	嚗 鑤 䤖 㿺 儤 襮 犦 䂍 㩧 懪 鸔
主根	黑	黑	黑	19	82	嘿 墨 黑 黔 默 黛 黜 黝 黟 黠 黡 黢 黥 黧 黩 黪 黯 𬙊 𬭶	黲 䵣 黱 䣣 讜 黨 灙 攩 欓 䵠 黵 黮 黕 嚸 點 黷 䵟 䵪 䁫 潶 㱄 儻 壥 䵵 䵞 䵡 䵤 黚 黬 䕸 䵩 黸 嚜 濹 癦 䵨 嫼 㷵 爅 蟔 䘃 䁼 纆 䁿 䆀 黴 䵢 黣 䵲 䵬 爣 㿩 钂 矘 曭 戃 儵 䵯 黗 䵰 㶖 虪 䨹 䵭 黰 黳 䵦 䵳 䵱 黖 䵫 䵝 黦 䵮 黓 黶 黤 黭 黫 䵴 䵥 䵧
附属根	熏	熏	黑	6	12	曛 熏 獯 薰 醺 𫄸	櫄 嚑 爋 燻 蘍 䗼 鑂 矄 勳 纁 臐 壎
主根	莫	莫	莫	21	24	募 墓 嫫 寞 幕 慕 摸 摹 暮 模 漠 瘼 膜 莫 蓦 蟆 谟 貘 鄚 镆 馍	㵹 蟇 驀 鬕 濗 冪 羃 嗼 謨 㷬 糢 謩 㱳 獏 鏌 饃 瞙 䮬 縸 暯 塻 幙 氁 慔
主根	毛	毛	毛	29	115	娓 尾 撬 旄 橇 毛 毡 毪 毫 毯 毳 毵 毹 毽 氅 氆 氇 氍 滗 牦 眊 笔 耄 耗 艉 芼 蚝 髦 麾	㲒 毴 㲢 毝 竁 䄟 㯔 膬 毼 㲪 毲 㲲 氎 氀 毭 毦 㲗 䩁 靟 㚪 䚽 秏 竓 毜 㘪 㲦 㦌 䅏 㲬 䶰 毩 毱 毠 氂 㲱 毟 氌 㲕 㲎 㕰 㿞 㧌 㲠 䭷 軞 䋃 酕 覒 毷 毣 兞 枆 氋 屘 魹 氁 雮 䜸 㲡 㲌 㲰 㞙 䫽 㲏 毞 㲫 毰 毬 㲘 㲯 㲨 氄 毧 㲓 㲝 氉 㲧 毢 毸 毿 毶 閐 㲞 毾 㲥 㲜 㲭 毤 毻 氃 㲚 毮 㲤 毺 粍 㲛 㲍 氈 氊 宒 䊊 䇻 浘 荱 䬿 屗 捤 梶 䞔 趘 㲔 毨 㲖 毥 㲟
主根	皮	皮	皮	25	64	啵 坡 婆 帔 彼 披 波 玻 疲 皮 皱 皲 皴 破 簸 菠 被 诐 跛 铍 陂 鞁 颇 鲏 𬭛	㿰 㿬 㿺 㿶 詖 貱 㿫 髲 㢰 紴 怶 佊 翍 柀 旇 䏢 箥 碆 蔢 㝿 蚾 䝛 骳 㿷 皻 㿯 㿴 皽 皾 麬 皯 皷 皼 㿪 㿭 䜵 鮍 皸 皹 㿸 䩅 皰 錃 狓 秛 鈹 頗 㓟 耚 㱟 嘙 㨇 岥 駊 櫇 皳 皵 㿵 㿹 皶 皺 㿱 㿮 㿳
主根	击	击	击	2	0	击 陆	无
附属根	缶	缶	击	27	85	䓨 啕 媱 徭 掏 摇 淘 猺 瑶 窑 繇 绹 缶 缸 缺 罂 罄 罅 罍 罐 萄 谣 遥 陶 鳐 鹞 𫘦	寶 寚 䴐 珤 缽 䍌 䍎 䍄 㓡 缻 缹 罁 罆 䀇 罉 䍋 䍊 䍍 嚹 䍅 罏 㯱 缾 䍈 缼 罊 厒 蒛 䍇 䛬 裪 蜪 鋾 騊 綯 醄 祹 匋 罎 罈 罀 䍉 䍆 罋 缿 缷 滛 嗂 謠 謡 熎 蘨 䔄 窰 鎐 䁘 䬙 搖 䌊 暚 愮 磘 遙 傜 䠛 鰩 榣 颻 飖 鷂 瑤 罃 罌 爩 䍂 灪 䖇 鬱 軉 㒡 㘥 櫾 䍃 䔘 罇
主根	牙	牙	牙	18	31	伢 呀 岈 牙 牚 玡 琊 砑 穿 芽 蚜 讶 迓 邪 铘 雅 鸦 𬌗	䍓 冴 撐 橕 瑏 㸧 㧎 㤉 衺 峫 㭨 疨 颬 閕 谺 訝 笌 蕥 犽 齖 䄰 釾 厊 庌 䪵 鴉 枒 䓉 鋣 捓 䥺
主根	见	见	见	37	3	伣 宽 岘 揽 搅 枧 榄 现 砚 窥 笕 缆 舰 苋 蚬 见 观 觃 规 觅 视 觇 览 觉 觊 觋 觌 觎 觏 觐 觑 靓 髋 鬶 𪾢 𬀪 𬒗	椝 䩄 觍
附属根	贝	贝	见	161	14	侦 侧 债 偾 则 勋 勚 匮 厕 呗 员 唝 唢 啧 喷 嘤 圆 坝 埙 婴 屃 帧 帻 恻 惯 愤 愦 懒 戆 损 掼 撄 攒 桢 槚 樱 殒 浈 测 涢 渍 溃 溅 濑 狈 獭 琐 璎 瓒 瘿 癞 碛 祯 筼 箦 篑 籁 绩 缨 缵 罂 聩 腻 臜 蒇 蒉 豮 贝 贞 负 贡 财 责 贤 败 账 货 质 贩 贪 贫 贬 购 贮 贯 贰 贱 贲 贳 贴 贵 贶 贷 贸 费 贺 贻 贼 贽 贾 贿 赀 赁 赂 赃 资 赅 赆 赇 赈 赉 赊 赋 赌 赍 赎 赏 赐 赑 赒 赓 赔 赕 赖 赗 赘 赙 赚 赛 赜 赝 赞 赟 赠 赡 赢 赣 赪 趱 踬 躜 遗 郧 酂 钡 铡 锁 锧 镄 陨 馈 鲗 鲼 鹦 𣸣 𪟝 𫌀 𬃊 𬇙 𬕂 𬯎	荝 䂵 缋 阓 㱮 䞐 䙌 瞆 䞍 㗷 䅪 䞌 贠 㛣
附属根	页	页	见	69	4	倾 嚣 媭 巅 庼 撷 滪 濒 灏 烦 癫 硕 缬 蓣 页 顶 顷 顸 项 顺 须 顼 顽 顾 顿 颀 颁 颂 颃 预 颅 领 颇 颈 颉 颊 颋 颌 颍 颎 颏 颐 频 颓 颔 颖 颗 题 颙 颚 颛 颜 额 颞 颟 颠 颡 颢 颤 颥 颦 颧 𫖮 𫖯 𫖳 𫠆 𬞟 𬱖 𬱟	颒 颣 㑔 颕
主根	氏	氏	氏	12	42	婚 惛 扺 昏 氏 碈 祇 纸 舐 芪 阍 𬨂	赿 銽 䄑 䛡 諙 㖧 焝 涽 睧 閽 殙 棔 㞴 氒 䯺 桰 痻 錉 崏 捪 緍 琘 䫒 䉻 衹 疧 蚔 軝 忯 䲬 㹝 眂 䟗 汦 䓋 秖 㡳 帋 紙 觗 坁 䎽
附属根	氐	氐	氏	16	35	低 坻 底 抵 柢 氐 泜 砥 祗 羝 胝 茋 诋 邸 骶 鸱	呧 詆 袛 菧 蚳 䩚 牴 阺 䣌 厎 掋 軧 㪆 䍕 弤 彽 䢑 㫝 怟 奃 䟡 觝 鯳 㭽 趆 㲳 䑛 貾 岻 鴟 䬫 眡 䓜 秪 疷
附属根	旅下角	旅下角	氏	5	16	哌 旅 派 膂 蒎	㭛 挀 玈 䮉 㢳 祣 㭚 膐 霢 衇 脈 眽 覛 䖰 鎃 䤨
主根	民	民	民	11	38	岷 愍 抿 民 氓 泯 湣 珉 眠 缗 苠	㢯 敃 囻 㗃 睯 昬 緡 惽 呡 姄 笢 鈱 鍲 䁕 㟭 䡑 㨉 䪸 刡 敯 㟩 䋋 罠 暋 㥸 鴖 㬆 䂥 怋 䃉 冺 䟨 垊 瑉 㱪 䇇 䛉 蟁
主根	至	至	至	28	67	侄 倒 偓 到 咥 喔 垤 室 屋 幄 捯 握 晊 桎 渥 痓 窒 绖 耋 至 致 臻 薹 蛭 轾 郅 铚 龌	箌 菿 椡 懛 䶍 䏄 㗧 螲 眰 峌 挃 絰 恎 㦶 耊 臷 跮 臵 䇪 荎 鵄 胵 腟 㬜 臸 臶 䌂 㘆 嬯 籉 䑓 擡 㒗 儓 檯 臺 厔 鰘 榁 㗌 姪 䘭 㴛 洷 潌 秷 䬹 銍 䞃 庢 㨖 輊 駤 緻 䦯 祬 㮹 膣 媉 齷 䠎 楃 腛 誈 箼 剭 臹
主根	瓦	瓦	瓦	15	96	佤 瓦 瓮 瓯 瓴 瓶 瓷 瓻 瓿 甄 甍 甏 甑 甓 甗	㼜 瓸 㼞 瓪 甂 㼟 㼣 甆 珁 㼻 㽆 瓽 甋 㼵 瓭 甔 㼭 㼯 旊 瓬 㼝 缻 䰛 㼚 㼦 㼨 㼹 㼫 瓨 㽇 瓳 㼮 㼩 瓺 㼽 㼷 甎 籈 㼪 瓹 㼱 㼥 甐 㽁 㽋 㼲 㽌 㼾 甊 䉚 瓾 㼴 甌 瓫 㼰 㽃 甁 㼼 甈 瓩 㼤 㼸 㽂 㽄 㼺 㼗 㼠 㼿 㼧 㼳 㼡 薽 㽀 甀 㼙 甃 咓 㼘 邷 瓲 㧚 砙 甕 甒 齀 㼛 㼬 甉 㽉 㽊 瓵 㼢 㽈 甇 甖 㼶
主根	赢字架	赢字架	赢字架	5	5	嬴 瀛 羸 蠃 赢	臝 䯁 䌴 㱻 㬯
主根	鬲	鬲	鬲	15	42	嗝 塥 滆 甗 翮 膈 融 镉 隔 鬲 鬶 鬷 鬻 鹝 𬟁	囐 䩹 㩵 搹 㣂 齾 鬴 䛿 鎘 䰛 鞷 槅 鬹 䃒 瓛 䙐 蒚 䣓 䮥 䰜 㬏 鬸 钀 䡾 鬵 灊 瀜 螎 曧 獻 鬺 䰞 䰚 䈪 虉 䰙 鷊 讞 巘 巚 鬳 䰝
主根	骨	骨	骨	23	81	滑 猾 蓇 馉 骨 骰 骱 骶 骷 骸 骺 骼 髀 髁 髂 髃 髅 髋 髌 髎 髑 髓 鹘	骯 䯥 䯠 髕 骲 髈 䯗 䯋 髉 髆 骳 髊 骴 䯟 骾 䯎 骭 嗗 鶻 尳 㾶 餶 䮩 縎 愲 磆 傦 榾 䯣 䯏 䯐 䯒 䯘 搰 䶤 螖 䱻 䯡 骹 䉰 䕧 䯌 䯊 䯤 䯑 髖 䯇 顝 䯓 䯞 骻 䯖 䯍 髗 髏 䯦 髍 䯢 骿 䯙 髄 䯝 䯜 骵 體 䯕 骽 䯉 骫 䯛 䯈 骩 骪 髇 髐 䯚 䯆 骮 骬 䯔 髒
主根	乐	乐	乐	9	2	乐 栎 泺 烁 砾 跞 轹 铄 𬍛	㧰 䀥
主根	丘	丘	丘	20	22	丘 乒 乓 傧 兵 嫔 宾 岳 摈 槟 殡 浜 滨 缤 膑 蚯 邱 镔 髌 鬓	鬂 梹 瑸 㑟 捠 㙃 鋲 拞 䂡 屔 娦 㺍 㚱 㳋 䟬 坵 岴 駈 虗 㴈 捳 茊
主根	单	单	单	21	2	䃅 亸 冁 单 啴 婵 弹 惮 掸 殚 瘅 禅 箪 蕲 蝉 觯 郸 阐 𫢸 𫮃 𬊤	褝 椫
主根	长	长	长	11	0	伥 帐 张 怅 枨 涨 胀 苌 账 长 𬬮	无
附属根	長	長	长	0	28		掁 倀 棖 萇 䗅 䩨 鋹 長 韔 悵 䠆 脹 㙊 鼚 㷃 躼 䛫 䂻 帳 粻 涱 漲 痮 瘬 餦 賬 張 㙣
主根	永	永	永	8	10	咏 昶 栐 永 泳 漾 羕 脉	昹 㫤 霡 䘑 眿 䳮 樣 㨾 詠 怺
主根	牛	牛	牛	29	65	件 侔 吽 哞 墀 廨 懈 樨 檞 毪 澥 牛 牟 牢 牮 牵 犀 犁 犇 犟 犨 獬 眸 荦 薢 蛑 蟹 解 邂	犎 㹃 吿 㹕 䜄 㽚 䙙 穉 㓾 遲 徲 㹐 犫 㿍 嶰 哰 浶 窂 㟉 㨓 䜮 䔣 䵓 犂 㹈 犛 犖 犘 鉾 洠 劺 鴾 恈 麰 㭌 桙 䏬 㜨 摨 汼 䒜 牽 鏲 撁 縴 㹂 㯠 牶 䭽 漽 㸺 㸷 䆈 犩 犚 㷣 觲 㙚 䉏 蠏 繲 䲒 㙰 鈝 牪
附属根	牜	牜	牛	21	86	牝 牡 牤 牥 牦 牧 物 牯 牲 特 牺 牻 牾 牿 犄 犇 犊 犋 犍 犏 犒	㸩 㸭 㹀 犦 㸬 㸽 犕 牬 觕 牴 㹍 犢 㸿 犜 㸮 牱 牫 牨 犅 㸵 㹇 㹖 㹆 㸸 㹌 犓 犉 㸪 牰 㹏 㹄 㹔 犗 牞 㸨 犑 犌 㸯 犐 牼 犪 犡 㸳 㹁 㸹 犣 㹎 牳 牜 犥 犤 㹒 犃 㸫 犞 犈 牷 㹛 㸾 牣 㹘 㹑 㸻 牭 犙 犧 牠 㹗 犆 㸱 㸰 犝 㹙 㹉 犔 犠 㹋 㹓 牪 㸶 㹚 㹊 牸 㸲 㹅 惣
附属根	制字旁	制字旁	牛	2	8	制 掣	㫼 痸 䱥 淛 猘 䎺 鯯 製
附属根	告字头	⺧	牛	39	79	㸆 侁 先 冼 告 喾 宪 慥 攒 梏 洗 浩 牿 瓒 皓 窖 筅 筶 簉 糙 缵 臜 诜 诰 赞 趱 跣 躜 选 造 郜 酂 酰 酷 铣 锆 靠 鹄 𬳽	礸 䒃 䎭 囋 㦧 酇 躦 襸 灒 穳 䂎 巑 攢 欑 誥 㵆 鋯 勂 峼 祰 䶜 鵠 哠 澔 聕 晧 悎 㬶 頶 䧼 䚛 㰫 䔏 劗 捁 焅 䎋 鯌 硞 䧊 嚳 俈 濳 㬱 姺 詵 兟 駪 㮱 㱡 銑 烍 箲 鍌 㪇 䢾 㧥 毨 䚚 㭠 珗 㾌 㦫 臢 艁 䗢 㜺 讚 贊 饡 儹 禶 瓚 趲 籫 鑽 䡽 䰖 纘
主根	九	九	九	21	41	九 仇 匦 宄 尻 抛 旭 旮 旯 杂 染 氿 犰 究 艽 虓 訄 轨 馗 鸠 鼽	粋 㳃 疩 紣 忰 伜 翆 㐤 軌 匭 朹 㐜 䬨 勼 鳩 㙀 泦 㘲 䯌 髛 頄 㐡 㭝 㕤 訅 釚 扏 䊵 叴 厹 肍 䜪 媣 蒅 砕 骩 亴 雑 卆 酔 枠
附属根	丸	丸	九	17	53	丸 亵 势 垫 塾 孰 执 挚 热 熟 爇 絷 纨 芄 蛰 贽 鸷	㝪 墊 䞇 褺 䠟 䎠 奿 汍 䀓 㿪 肒 摰 騺 犱 䆒 蓻 褹 槷 釻 熱 勢 埶 䃞 謺 蟄 慹 鷙 䉅 秇 贄 摯 縶 䥍 漐 執 䲀 驇 骫 笂 紈 䙝 褻 暬 訙 囈 讛 襼 藝 萟 蓺 兿 槸 㙯
主根	耂	耂	耂	56	105	䦃 佬 储 哮 啫 嗜 嘟 堵 奢 姥 孝 屠 愭 拷 教 暑 栲 栳 楮 榰 槠 橥 洘 涍 渚 漖 潴 烤 煮 猪 睹 箸 绪 翥 老 考 耄 者 耆 耇 耋 荖 著 蓍 褚 诸 赌 赭 躇 都 酵 铐 铑 锗 阇 鳍	觰 鍺 㥩 奲 耊 帾 賭 陼 醏 暏 闍 䰩 覩 䐗 琽 耉 耈 䎜 㵔 㨋 撦 偖 諸 䊰 㶆 蕏 藸 蠩 儲 䠧 䎝 媎 鲓 銬 㼥 鮳 咾 粩 䇭 狫 蛯 銠 㧯 恅 硓 耂 䳓 鮱 珯 峔 䅲 螧 䰇 鬐 鰭 䃝 踍 侤 潳 瘏 䣝 鷵 廜 藷 鱪 譇 㦋 踷 㸙 乽 禇 䵭 搘 鐯 擆 㒂 斱 櫡 濐 瀦 㵭 蝫 䰞 䃴 煑 䘄 䬡 䡤 鯺 櫧 豬 櫫 墸 嘋 誟 㹲 宯 痚 窙 庨 硣 侾 緒 緖 殾
主根	皿	皿	皿	72	263	勐 嗌 嗑 媪 孟 尴 愠 戤 楹 榅 槛 氲 温 湓 溘 溢 滥 煴 猛 瘟 皿 盂 盅 盆 盈 盉 益 盍 盎 盏 盐 监 盒 盔 盖 盗 盘 盛 盟 盥 盦 瞌 磕 篮 簋 簠 缊 缢 腽 艋 蓝 蕰 蕴 蛊 蜢 螠 蠲 褴 谥 谧 辒 醢 醯 锰 镒 阖 隘 韫 馌 馧 鳁 鹢	醠 濭 䅬 賹 塧 壒 䀂 盫 䯠 媼 蝹 㵥 盋 盃 盜 盪 蘯 廅 搕 搤 鰪 㔩 㖹 葐 䀀 盕 盙 葢 蓋 瓂 䗘 鎑 䫦 㿻 尷 尶 泴 蠱 盬 䀇 饚 熆 篕 鑉 闔 㥺 盇 㘕 嚂 蘫 㺝 䭍 矃 盩 嚍 嬧 燼 濜 藎 贐 䀆 盡 儘 㯸 壗 璶 䀈 齍 艦 濫 鑑 轞 䚊 礛 㔋 監 檻 孂 䀊 䡷 㕎 醘 礚 榼 䐦 䀍 藍 盠 盭 㜮 爁 籃 襤 灆 䍀 䆾 㨫 㩜 䰐 繿 懢 礷 儖 壏 璼 攎 嚧 髗 爐 艫 籚 罏 瀘 蘆 獹 㿖 蠦 盝 鑪 矑 㠠 廬 䰕 轤 纑 顱 㪭 鸕 曥 盧 㱺 鱸 櫨 黸 臚 壚 瓐 驢 㔧 笽 䓝 䀄 錳 䁅 掹 擝 鯭 謐 㴵 䤉 榓 孻 濘 嚀 嬣 薴 獰 寧 㲰 寜 鸋 寍 䗿 䭢 鑏 擰 聹 鬡 㣷 儜 檸 懧 盤 瀊 䰔 䃲 盀 䀉 盚 㲯 醓 䋼 㬲 䀃 䀅 墭 諡 謚 盄 盞 㿾 嗢 膃 褞 溫 藴 鎾 鞰 饂 揾 搵 輼 轀 緼 韞 㼔 㬈 昷 殟 鰛 鰮 榲 豱 塭 瑥 盌 盓 㿽 䀌 橀 糮 盢 盨 㿿 圔 饁 㜋 艗 㳑 獈 齸 鎰 鷁 縊 貖 㱲 榏 膉 灎 灩 豓 豔 㿼 鹽 䀋 塩 㵬 溋 萾 㨕 盁 䣿 熅 蒀 蒕 薀 蘊 氳 縕 醖 醞 慍 䀁
附属根	罒	罒	皿	78	371	儇 啰 嚼 圐 圜 堽 塄 墁 嫚 嬛 寰 幔 德 愣 慢 懵 摆 擐 斶 曼 椤 楞 漫 澴 瀱 爝 爵 猡 甍 皭 睾 瞢 禤 箩 篾 缦 缳 罗 罘 罚 罟 罡 罢 罨 罩 罪 置 罱 罴 罶 罹 罽 罾 羁 翾 萝 蔑 蔓 薨 蜀 蠋 蠲 詈 谩 躅 逻 锣 镘 镮 镯 馒 髑 鬘 鬟 鳏 鳗 鹮 𫍽	㝶 罯 矲 䆉 䥯 罷 䎬 䎱 䙓 襬 擺 㔥 奰 罼 䁵 㶔 藣 潀 䊫 眔 䳴 簤 徳 㥁 㯖 䍕 儥 覿 襗 澤 鐸 凙 䐾 噣 嬻 讀 讟 䙱 襡 瀆 獨 竇 犢 鑟 韇 䪅 䮷 䫳 贕 韥 睪 韣 斁 罜 殰 殬 凟 匵 㒔 牘 櫝 黷 瓄 豄 皾 䢱 斣 玀 藅 罰 罸 罦 䍖 䆁 鎠 㟵 罫 䃶 瘝 癏 䤽 䚪 鰥 鱞 䍔 䍛 罛 櫰 瓌 罣 還 䍐 㜳 瀤 蘹 蘾 褱 耲 懐 懷 壊 壞 糫 㶎 阛 鐶 攌 轘 瞏 繯 䴉 闤 懁 䴋 環 彋 䍓 蜖 廽 逥 囬 罺 孎 擉 罿 歜 鸀 觸 臅 蘮 羇 羈 䍤 譼 鑒 㯺 灂 䂃 釂 㬭 罝 獧 罥 羂 穱 㩱 燭 㗄 㱎 罤 㘄 䍚 䍥 䍠 䍦 㦒 囕 爦 灠 攬 纜 擥 覽 欖 囉 囖 籮 蘿 㿚 鑼 饠 攞 罖 纙 羅 邏 曪 㦬 㑩 儸 欏 㼈 羉 䍡 䍣 䯦 罵 礣 罠 罞 嘪 㜥 蕒 䁲 買 鷶 䚑 賣 㜴 䙦 䉚 顭 蘉 鄸 夢 䠢 䒐 㝱 夣 矒 懜 儚 䲛 䑅 㙹 簚 㵋 鑖 㩢 羃 䍘 謾 㡢 䊡 熳 澷 䕕 蘰 獌 䅼 鏝 饅 䡬 摱 㿸 䝢 縵 鄤 㬅 僈 鰻 槾 䜱 䟂 瀎 幭 薎 䘊 蠛 䁾 䩏 䌩 懱 㒝 鱴 櫗 衊 䍙 䍒 寕 犤 㿙 羆 㝲 睘 罳 嚃 嚺 䜚 䍝 遝 廰 廳 聴 聽 聼 籜 蘀 檡 圗 墿 罧 嬕 䁺 繹 醳 釋 襩 薥 蠾 屬 鐲 贖 㯮 㻿 䟉 羄 䍜 擇 㯰 濁 劅 斀 罬 眾 囑 爥 灟 䕽 劚 钃 斸 矚 䌵 曯 䠱 欘 襪 韈 韤 罒 㸘 蟃 䍢 罻 䜢 幰 瀗 憲 䘆 䧮 攇 㦥 㽉 櫶 譞 藼 蠉 㩊 䍗 檈 藚 續 㘁 譯 燡 㶠 䭞 嶧 驛 歝 䦴 曎 懌 圛 夁 噮 嬽 㠨 罭 欝 䕉 䕪 蠌 鸅 礋 潈 䍟 㠑 嶵 檌
附属根	四	四	皿	3	7	四 泗 驷	呬 訵 牭 駟 柶 怬 伵
附属根	署	署	皿	3	4	曙 署 薯	糬 濖 蠴 鱰
附属根	血	血	皿	6	27	恤 洫 血 衃 衄 衅	潨 衈 衁 䘔 衉 䘓 䘑 衇 衊 䘐 衂 卹 䝦 衆 䆝 衋 䒸 桖 烅 裇 賉 䦗 殈 侐 欰 䘏 䘒
主根	止	止	止	93	290	些 企 卸 呲 啃 啮 嘴 址 埗 堽 墕 夔 嫣 屣 征 徙 御 怔 惩 扯 政 整 斌 柴 止 正 此 步 武 歧 歪 沚 泚 涉 涩 漹 濒 焉 玼 珷 疏 疵 症 眦 祉 紫 罡 耻 肯 芷 茈 蓰 蔫 蔬 觜 訾 证 赀 赋 赟 趾 跐 鄢 钲 陟 雌 频 颦 骘 髭 鹉 齿 龀 龁 龂 龃 龄 龅 龆 龇 龈 龉 龊 龋 龌 𨭉 𫚖 𫠜 𬒔 𬞟 𬹼 𬺈 𬺓	䶣 㱘 䶕 瀕 頻 贇 齙 虣 䑰 荹 歨 歩 㾟 捗 踄 㻉 䠕 齰 骴 呰 啙 㠿 姕 䖪 胔 飺 䳄 鮆 鴜 䧳 㘹 皉 庛 齹 䂣 偨 佌 㱖 齻 齶 齾 佱 賦 陚 䝾 鎠 㟵 䶜 蘬 劌 䮹 䠩 鱥 歸 齕 㯊 濊 奯 噦 薉 顪 獩 翽 穢 鐬 檅 䶤 䶪 喍 䓱 祡 齜 㾹 頙 齓 齔 泟 竀 阷 齝 䶔 齣 歯 齒 歭 䊼 齱 齪 鑡 齭 齼 䶥 齽 䶖 䂑 䶩 峜 㧗 䶢 䶠 齨 柾 䶙 歫 齟 䶗 褃 齦 錹 掯 䕫 蘷 虁 犪 巋 巙 躨 䶛 嚦 讈 爏 瀝 藶 㺡 䶘 癧 㿨 䥶 㠣 歴 歷 攊 轣 䍥 䍽 㱹 礰 儮 靂 靋 櫪 䟐 壢 瓑 齡 齢 䜀 䜧 獿 巎 夒 齯 噛 嚙 囓 㡪 齧 齵 嚬 蘋 顰 㰋 㖢 欫 䶞 齮 紪 歬 齤 齲 䶚 䶝 㹛 囸 蕋 蘃 嘥 譅 歰 澀 澁 渋 䔼 歮 㒊 杫 歲 歳 齠 簁 渉 䤮 褷 䶡 齛 昰 疎 䔝 砦 靕 姃 証 炡 䈣 鉦 眐 㱏 聇 鴊 䋊 徰 晸 佂 訨 䇛 䘣 淽 䤠 凪 阯 騭 徏 砋 䶨 歱 㗏 齷 娬 齬 錻 鵡 碔 倵 䟼 饖 漇 縰 蹝 啣 嘕 䶟 䄳 㿅 衘 㱔 齘 齥 㾚 㱗 辪 齖 齗 㥼 傿 齩 䶧 䆙 頉 齸 篶 齞 䶫 齴 䗡 䢥 籞 篽 蘌 蓹 歶 䥏 禦 齳 齫 䇥 䶦 歵 齚 訿 貲 㧘 㰣 眥 鈭 頿 頾 橴 㭰 蟕 齺
主根	耳	耳	耳	70	261	㘎 佴 倻 取 咡 嗫 嘬 娵 娶 弭 慑 憨 戢 揖 揶 摄 撖 撮 敢 最 椰 楫 橄 洱 滠 澉 珥 瞰 缉 耳 耵 耶 耷 耸 耻 耽 耿 聂 聃 聆 聊 聋 职 聍 聒 联 聘 聚 聩 聪 聱 茸 葺 蕞 蕺 诹 趣 蹑 辄 辑 鄹 铒 镊 闻 阚 陬 颞 饵 骤 鲰	䎵 聛 䏆 襊 熶 菆 爜 灇 䕺 藂 聡 聦 聰 叢 樷 欉 㔌 㿴 䐛 聜 䏄 噉 㴷 䭛 聸 耼 饏 聢 挕 㤴 㑙 㭯 鵈 㛅 誀 䌺 鉺 餌 刵 聏 毦 䎶 駬 髶 㢽 䋙 䣵 栮 衈 䏪 䎴 豃 聝 䎾 聕 㘚 譀 㺖 闞 鬫 㦑 㒈 耾 㷅 焣 㳧 㱌 聅 㒤 蟶 檉 恥 䴝 齱 掫 艥 箿 濈 湒 鍓 䁒 嶯 輯 緝 偮 霵 檝 䐕 聙 聻 㡇 擑 褧 㖩 㵵 冣 聥 郰 埾 矙 聭 聵 聧 䏀 壣 㗦 㟹 䉁 㶌 㺦 䏈 聯 聨 聫 聮 窷 聗 聾 䏊 䎼 渳 葞 麛 㥝 䏃 㵊 䎎 眲 搑 灄 聣 䔜 聹 囁 讘 㸎 䯅 鋷 銸 鑷 顳 䯀 攝 聶 䌰 踙 踂 躡 䳖 䲎 聁 聠 䏇 耹 咠 諿 斊 䏅 㣬 䆻 聺 䎿 媶 䇯 㲨 穁 䇀 䩸 䤊 縙 傇 䠜 榵 聳 䏂 棷 職 廰 廳 聤 聴 聽 聼 聎 聑 聉 摂 懾 欇 聖 聲 䏉 襵 輙 䎲 輒 鮿 䝕 聄 聇 蘵 䎺 聀 讝 䎷 䝒 諏 䎻 驟 䎳 䎽 䎹 聞 聬 䎸 鄊 玁 㖿 䩰 聟 㷦 朂 聓 聐 瑘 䕾 爺 鎁 䉗 䔱 耴 㘙 嚴 孍 䉷 䶫 巌 巖 巗 麣 釅 曮 礹 儼 厳 欕 壧 耺 聈 䏁 繓 穝 㝡 樶 箃 黀 棸 緅 䠫 鯫 㻓
主根	西	西	西	12	10	哂 恓 晒 栖 洒 牺 硒 粞 舾 茜 西 迺	跴 廼 拪 嗮 毢 閪 䄽 氥 徆 絤
附属根	酉	酉	西	78	177	僔 噂 奠 尊 嶟 撙 槱 樽 猷 盦 蘸 蝤 蹲 遒 遵 酉 酊 酋 酌 配 酎 酏 酐 酒 酗 酚 酝 酞 酡 酢 酣 酤 酥 酦 酩 酪 酬 酮 酯 酰 酱 酲 酴 酵 酶 酷 酸 酹 酺 酽 酾 酿 醅 醇 醉 醋 醌 醍 醐 醑 醒 醚 醛 醢 醨 醪 醭 醮 醯 醴 醵 醺 醾 鞧 鳟 𨱔 𬨎 𬪩	醃 醠 醷 㜝 韽 盫 䤃 䤖 䣥 䤁 醝 媨 䣯 䠓 趥 澊 竴 墫 醻 醈 酖 㞟 磸 橂 醏 酘 䣵 醱 䣹 䣲 酜 酻 䣬 䤗 䤋 䤆 酼 䣻 䣶 䤕 醦 䤘 歠 酫 䣩 醕 䣨 醔 醜 酧 䤐 䤒 醬 醤 䤔 醶 醎 釂 揂 㥢 䣺 䤎 䣰 燇 醘 䔯 䤙 䣫 釃 醂 醽 䣼 醁 䣦 酕 虋 䤓 醿 䤍 䣾 䤉 釄 䤄 䤂 䣸 䖆 醸 釀 醲 醧 嶏 䤏 醥 䣪 醗 䣮 蓜 䤌 唒 䲡 煪 湭 崷 㷕 蠤 緧 逎 鰌 酠 䤊 醹 莤 鯂 醙 醄 䣭 醣 䣽 醰 醓 䥖 酟 䤅 醳 醡 酙 鄭 㽀 擲 躑 醆 䣷 醊 醀 䤑 釁 綇 䣱 䣴 㱃 酓 酳 猶 䣧 醫 䳺 䨄 釅 醼 酛 醟 酑 䣿 醖 醞 蒏 蕕 㾞 庮 輏 輶 酭 偤 禉 梄 楢 醩 酨 酔 譐 罇 䔿 鐏 鷷 繜 鱒 壿
附属根	覀	覀	西	51	134	㙘 傈 僳 凓 剽 嘌 堙 嫖 崾 幖 摽 栗 槚 歅 湮 溧 漂 潭 熛 瓢 甄 瘭 瞟 瞫 磹 票 禋 篥 簟 粟 缥 腰 膘 蔈 蕈 薸 螵 蟫 要 覃 覆 谭 贾 鄄 镖 镡 飘 骠 鳔 𬤇 𬮱	㶚 覇 嫑 覂 謤 篻 褾 䅺 鏢 㟽 㠒 驃 㶾 䙳 磦 僄 鰾 標 檦 㯹 墂 嘾 䊤 贉 撢 䨵 禫 㶘 驔 橝 覅 覄 賈 覈 䊲 覉 覊 籈 嘦 價 䚈 㢾 檟 㗚 䔁 㟳 麜 搮 鷅 慄 塛 瑮 彯 㜤 䚓 魒 㵱 䕯 飃 䴩 䏇 徱 縹 醥 顠 勡 飄 㼼 翲 㬓 慓 旚 燂 䉦 韆 䙴 遷 櫏 価 潥 䥔 䌚 㔄 䅇 憟 䜖 譚 罈 藫 㽑 醰 憛 䐺 墰 曋 薽 䃌 䥮 鐔 覀 䙵 褼 僲 僊 蹮 躚 鱏 㖶 諲 䓰 陻 鷣 垔 緸 闉 凐 㮒 喓 婹 䙅 葽 䁏 騕 䌁 䳩 闄 偠 楆 㫏 煙 䗎 樮 黫 㴗
主根	火	火	火	184	547	㶲 㸆 㸌 伙 倓 剡 咴 啖 啾 恢 惔 愀 愁 扊 掞 揪 晱 棂 棪 楸 欻 毯 氮 淡 湫 瀱 火 灭 灯 灰 灵 灶 灸 灼 灾 灿 炀 炅 炆 炉 炊 炌 炎 炒 炔 炕 炖 炘 炙 炜 炝 炟 炣 炫 炬 炭 炮 炯 炱 炳 炷 炸 炻 炼 炽 烀 烁 烂 烃 烊 烔 烘 烙 烛 烜 烟 烠 烤 烦 烧 烨 烩 烫 烬 烯 烶 烷 烺 烻 烽 焆 焊 焌 焐 焓 焕 焖 焗 焙 焚 焜 焞 焯 焰 焱 煁 煃 煅 煊 煋 煌 煓 煜 煟 煤 煨 煲 煳 煴 煸 煺 煽 熄 熇 熔 熘 熛 熜 熠 熥 熨 熵 熻 燃 燊 燋 燎 燏 燔 燚 燠 燥 燧 燮 燹 爆 爔 爚 爝 爟 爨 狄 琰 疢 痰 盔 瞅 碳 秋 罽 羰 耿 荧 荻 菼 萩 蔊 诙 谈 赕 躞 逖 郯 钬 锬 锹 颎 鬏 鳅 鹙 𤫉 𬉼 𬊈 𬊤	㶼 焥 爊 熝 炦 炃 燌 熢 㷯 煏 熚 炞 飊 颷 飈 飚 㶾 䙳 爂 㶿 煿 㩞 燦 爘 營 熶 㸑 爜 焧 焠 熣 㷪 㓹 燵 㶡 燈 燙 唙 焍 䯼 梑 燀 餤 醈 腅 㷸 燉 㷈 煾 燓 煈 炐 焨 煩 薠 䕰 㸋 烰 炥 㷆 焤 羙 㷴 焿 焵 焹 㶥 㷇 烡 灮 炛 炗 炚 㮡 熕 焸 䈐 煱 㶽 焻 煹 烸 焃 爀 㷎 煂 燺 熆 烆 鑅 熯 㶰 㸁 炾 熿 爌 熀 吙 邩 鈥 煥 烉 謍 㶹 䎕 灴 焢 巆 熩 焀 㷤 詼 燬 烣 煒 燴 煇 㷄 㷐 洃 㞀 拻 灳 焝 嘮 㶤 煼 㷅 爡 烢 烲 㴴 㷰 熾 㶴 烾 灻 煘 裧 㶣 緂 䓎 爞 炪 㷃 歘 燽 㵞 醔 矁 偢 㶦 煡 燼 㶳 䀆 㸅 㸄 蘮 齌 燝 烴 熸 熞 錽 煍 敥 烄 㡑 湬 煯 揫 㷷 烱 熒 鎣 瀅 㷡 煛 褧 燛 煚 熲 㷗 㷾 爑 焳 熦 烥 爠 燇 焅 炏 烗 燭 熴 㸊 爉 顲 㷠 燐 䢯 䮼 焛 䜎 勞 䝁 䃕 憥 簩 澇 癆 蟧 鐒 髝 嶗 撈 耮 憦 磱 僗 䲏 橯 軂 朥 爄 爏 燷 燣 煉 爛 爤 爦 燗 爁 爧 炩 燯 㻏 煷 熑 燫 㥕 䙺 覝 爎 炓 膋 爒 㶫 犖 爍 燤 烮 㶯 熮 爖 爐 焒 爈 㷍 熡 燜 熐 㸏 熳 㶬 㷬 㷵 爅 滅 烕 搣 炑 燘 煝 脄 熋 㶧 煵 焾 㸎 炄 煖 煗 㶶 燶 熰 炋 焷 炍 焩 烞 炇 烳 檾 㷫 熗 煔 燂 燖 䕭 燆 鍫 鍬 秌 煪 篍 媝 蝵 鶖 䨂 鞦 䎿 㷕 鰍 䐐 烇 熍 焭 焪 㷀 煢 㒌 儝 橩 燩 焫 爙 燸 䎡 㘇 嬫 嵤 烿 榮 爃 蠑 嶸 煣 㛮 䑹 燍 䂹 䢠 煫 叜 䗏 䤹 䩳 䬒 廀 䮟 炲 㷘 㸀 㬃 煻 爣 悐 㛶 婒 談 顃 㷋 㲜 㲭 湠 舕 䆱 䗊 錟 賧 㨏 埮 㶺 畑 炵 燑 㷟 㷹 燿 焼 燒 䆦 焺 煶 烒 炶 熌 覢 睒 檆 㷂 倐 焂 䑞 灹 煠 㷢 炤 燳 㷖 䲴 炡 熫 焋 烵 灷 炂 煄 爥 炢 煑 烐 炿 甃 㾭 僽 㹙 攚 鋄 㷻 熓 熃 燰 煀 烓 㷉 熭 焮 焁 熺 熂 焬 焟 㸍 燨 焈 嫈 㷣 滎 㷿 烍 㰊 灱 灲 熽 焇 爕 夑 㽊 燲 㸉 灺 炧 炨 熁 㦪 㰔 烌 蕿 焽 燢 㗵 烼 烅 㷦 烚 煆 炠 㽦 爋 爓 燻 燅 苂 烎 熎 烑 燁 爗 煬 炴 阦 炈 熼 燡 熤 熪 燱 焲 熖 㷔 焔 焑 煙 㷼 㷳 䎦 燄 樮 禜 縈 螢 䁝 褮 瑩 罃 䪯 煐 甇 鶑 鶯 覮 塋 瀯 濙 瀠 㶈 灐 濴 濚 藀 㿘 㹚 礯 㑞 櫿 醟 㷏 㷒 爩 焴 熉 熅 㶭 煰 㷮 烖 災 熷 㸇 㷓 燪 熧 踿
附属根	灬	灬	火	63	246	㬎 䗪 僬 儦 劁 噍 墕 嫣 嬿 庶 憔 摭 杰 槱 樵 漹 潟 瀌 点 烈 烝 热 烹 焉 焘 焦 然 煎 煞 煦 照 煮 熊 熙 熟 熬 熹 燃 燋 燕 爇 瞧 礁 禚 糕 罴 羔 羹 舄 蒸 蔗 蔫 蕉 藨 蘸 谯 遮 鄢 醮 镳 隰 鹧 鹪	䯥 䜙 儑 爊 㩠 穮 鑣 麃 䮽 灬 臕 穛 㷶 䍎 燾 瓙 㸃 譌 蒍 歞 礘 偽 灋 䫞 㷊 嘸 撨 撫 䌗 缹 炰 餻 羮 闗 媯 嬀 潙 蟡 䞈 㺔 㯊 爳 幠 膴 噅 撝 䃣 噕 黒 蘤 焄 焣 纒 嚍 嬧 燼 濜 藎 贐 賮 盡 儘 㯸 壗 璶 焏 瀳 薦 韀 韉 嫶 潐 蟭 鐎 嶕 嶣 䌭 㲬 燞 鷦 櫵 膲 趭 䆶 爑 䦱 㢘 聮 煭 爢 瞴 譕 無 黙 橅 墲 蟱 孻 撚 蹨 犥 䥋 羆 皫 炁 㬤 譙 藮 癄 窯 䩌 顦 熱 㶵 嘫 㜣 䔳 䖄 㸐 繎 㦓 䳿 㒄 橪 濕 㬠 繺 䏉 獡 謶 䉀 㵂 錰 鏣 燳 嗻 嫬 蟅 䩾 鷓 䝃 樜 㙷 篜 熫 廌 蹠 墌 㺘 䕴 蓔 䅵 㵭 䭖 㫂 㮧 嗚 嫵 㷻 熓 甒 䉑 鷡 溩 潕 蕪 螐 鎢 隖 嵨 廡 䡧 摀 䍢 䖚 䃖 憮 㒇 鰞 歍 鄔 烏 塢 瑦 璑 䈧 溈 蔿 寪 䧦 㬙 僞 儰 為 鄬 爲 㜯 澙 蕮 舃 磶 凞 煕 熈 稥 嘕 灦 䗾 䥪 韅 顯 㬗 㚠 烋 䉣 瀉 藛 冩 寫 䥱 㕐 焎 喣 鄦 㷦 蔒 薫 勲 㥼 傿 溔 㟱 榚 嚥 䜩 讌 篶 䗡 酀 㬫 䴏 驠 醼 曣 觾 臙
主根	足	足	足	10	35	促 捉 浞 足 趸 踅 蹇 蹙 蹩 龊	躄 蹔 莡 䛤 娖 䙯 蹵 䟟 踀 趗 䠠 䠟 躉 䟫 齪 鋜 䇍 䎌 䠂 珿 跾 瀽 鑳 䮿 蹷 㿓 䠢 㰗 跫 攓 㹱 躠 躗 躛 哫
附属根	足旁	⻊	足	103	223	潞 璐 蕗 趴 趵 趺 趼 趾 趿 跂 跃 跄 跆 跋 跌 跎 跏 跐 跑 跖 跗 跚 跛 距 跞 跟 跣 跤 跨 跪 跬 路 跱 跳 践 跶 跷 跸 跹 跺 跻 跽 踉 踊 踌 踏 踒 踔 踝 踞 踟 踢 踣 踦 踩 踪 踬 踮 踯 踱 踵 踶 踹 踺 踽 蹀 蹁 蹂 蹄 蹅 蹈 蹉 蹊 蹋 蹐 蹑 蹒 蹚 蹜 蹢 蹦 蹬 蹭 蹯 蹰 蹲 蹴 蹶 蹼 蹽 蹾 蹿 躁 躅 躇 躏 躐 躔 躜 躞 露 鹭 𧿹	䟦 跁 䠋 跰 䟤 踾 躃 蹕 跘 蹳 䟛 䟮 䟔 䠥 踄 䟺 跴 䠕 躦 䠡 䟶 躥 踧 䠓 䠞 踀 踤 踓 踆 躂 蹛 跢 䠬 䟡 䟓 跕 蹎 跿 䠤 跥 跮 躖 䠪 䟻 踲 䟪 趽 䠊 躀 䟸 趹 䠩 踻 䟘 䠉 䠒 䟕 䟢 趻 跈 踸 踜 䠀 䠆 䟷 跅 䠨 蹍 踳 蹖 蹱 踰 跦 䠧 䟣 䟞 躕 躊 跡 踑 蹟 踖 躤 䠏 躋 踁 䟰 踐 蹻 踋 跲 踕 踡 䟾 躩 䠇 跼 蹫 踘 跔 躆 跙 趷 䟯 趶 跍 蹞 躨 䠑 䠅 蹸 躙 躪 䠭 躒 躝 跉 䠃 蹣 蹥 蹘 䟩 䟹 蹓 躘 簬 虂 鏴 䟿 鷺 蹗 踛 㯝 踚 䟨 䟥 踇 跊 踎 蹃 䟜 跜 躎 蹨 踙 踂 踗 躡 踫 䠙 䠘 䟚 蹌 蹡 踍 躈 蹺 踃 踥 䟙 䠍 䠗 䟵 䟬 䠰 跧 䠐 躣 跒 躟 䠜 䠔 蹹 躢 䠮 踼 䟖 蹏 躍 䠄 䟧 䟭 䠈 蹪 蹆 䟝 䟗 跩 踈 踷 䠦 䟴 踭 躓 躑 蹠 䕽 䠱 跓 䠚 踠 䠎 䟼 躌 蹝 躧 跭 蹮 躚 䠣 䠝 䠛 跠 跇 踴 䠯 䟠 跀 蹧 踨 蹤 踿 䠫
附属根	走	走	足	20	112	徒 樾 走 赳 赴 赵 赶 起 趁 趄 超 越 趋 趑 趔 趟 趣 趯 趱 陡	䟆 䟍 䞳 䟃 䟀 䞗 趀 趥 趗 趨 趡 䞭 趤 䞾 赿 趆 趙 跿 趓 趃 唗 䞩 趰 䞸 䞯 䞤 䞜 䞞 趕 趪 赽 䞨 趏 䞦 䞹 䞱 䞧 趫 趠 䟁 䞣 趂 趩 趍 趐 趎 䞼 䞺 趌 䟇 䞘 趞 䟌 䞪 䟅 趝 趭 䞵 䞷 趉 趜 䞚 赲 䟐 䟏 趢 䟂 䞟 赾 赺 䟄 䞿 趬 䟒 赹 䟊 䞽 趖 趚 䞶 趧 䞡 趒 䞮 䞬 赸 䟉 䞖 䞴 䞠 䟈 趈 䟋 趇 趘 赻 趛 䞛 䞻 䟑 䞝 䞫 䞥 䞙 趮 趦 赼 趲 䞰 䞢 蓗 鯐
主根	之	之	之	7	17	之 乏 泛 眨 砭 芝 贬	覂 疺 窆 貶 㝎 姂 䟪 㴀 䒦 柉 鴔 椘 㞏 㞫 抸 䍇 徔
主根	隹	隹	隹	126	428	㸌 傕 傩 催 僬 准 劁 劐 售 唯 噍 嚄 嚯 堆 壅 嬥 崔 嶲 帷 彟 惟 憔 截 戳 推 携 摊 摧 擢 攉 攫 暹 曜 椎 榫 榷 槜 樵 氍 淮 滩 漼 潍 澭 濉 濩 濯 灈 灌 焦 燋 爟 犨 獾 玃 琟 璀 瓘 瘫 癯 睢 瞧 瞿 矍 碓 礁 稚 维 罐 罹 翟 耀 膺 臃 萑 蔺 蕉 蕹 藿 蘸 蠖 蠼 衢 觿 谁 谯 赝 趯 躏 酅 醮 锥 镌 镬 隹 隺 隼 隽 难 雀 雁 雄 雅 集 雇 雉 雊 雌 雍 雎 雏 雒 雕 雠 霍 颧 饔 骓 魋 鳠 鹤 鹪 鹰 鹱 鹳 𨟠	䨈 䨆 髉 穛 囃 䧳 踓 㜠 熣 㷪 獕 皠 鏙 嶉 䧽 繀 慛 磪 凗 槯 墔 趡 䌦 嚁 䊮 藋 䴞 鸐 櫂 䨀 糴 鑃 糶 㒛 奪 䜃 痽 陮 㢈 嵟 玀 奮 飌 䐪 撨 䘁 欟 䙮 観 潅 鸛 雚 觀 鑵 矔 䌯 懽 礶 鱹 權 離 僱 顧 巂 鶴 寉 㿥 皬 䳽 䮤 靍 靏 鸖 灘 䧲 雗 嚿 艧 䉟 篧 瀖 蒦 獲 㺢 穫 癨 鑊 䂄 矆 矐 擭 搉 耯 曤 㦜 隻 䨥 靃 檴 臛 嚾 孉 讙 歓 歡 酄 蠸 驩 貛 雈 䑏 護 㴶 䕶 韄 頀 䧼 䪝 雐 鱯 䨼 鸌 孈 婎 滙 鑴 㨤 儶 㒑 匯 䶪 攡 㘜 膗 㪬 雛 䜅 顀 讐 犫 讎 雔 䗯 進 璡 㘍 㗱 潗 鏶 㠍 㠎 䰏 雧 雦 雞 㙫 䟌 嫶 潐 蟭 鐎 嶕 嶣 䌭 㲬 燞 鷦 櫵 膲 趭 蠽 䕙 蠘 巀 嶻 擮 雃 䌖 舊 䆶 匶 欍 鐫 鎸 雋 臇 爑 焳 熦 钁 䣤 矡 㸕 彏 貜 戄 匷 躩 欔 䦆 爠 㩴 忂 㬬 懼 寯 㝦 懏 㒞 儁 㑺 擓 虧 䧶 㩲 䉮 藺 轥 閵 躙 躪 囄 䙰 籬 灕 蘺 䍦 㒿 㒧 㰚 䨅 囉 囖 籮 蘿 㿚 鑼 饠 攞 纙 羅 邏 曪 㦬 儸 欏 㼈 雡 臡 謢 戁 難 攤 㬮 儺 㰙 雂 䧵 譙 藮 癄 䩌 顦 穕 䨂 勧 顴 勸 虇 巏 䠰 権 䟒 瓗 㼇 䧿 㩁 確 礭 㱋 㰌 㘗 㜹 蠷 鑺 戵 鸜 䂂 躣 欋 臞 䖄 䕼 㸐 㲝 䧷 㨦 㩳 愯 嗺 雖 䪎 倠 㻽 㻪 鎨 㔼 鶽 籊 薙 躍 䢰 癱 䥫 蜼 蓷 㢑 燿 磼 孇 艭 䉶 䝄 㕠 雙 欆 誰 䭨 脽 䍜 䉜 䕌 䧴 㺘 籗 籱 準 䕴 㺟 蠗 䶆 錐 騅 醀 䳡 㮅 鵻 凖 罋 甕 雘 㠛 臒 瓁 䨁 濰 蓶 猚 䗽 維 欈 㽯 蠵 㔒 㩦 驨 㩗 雟 觹 觽 鷕 讗 攜 擕 䚭 䧺 雤 奞 壦 蕥 㿑 矅 㒕 隿 䨄 贋 㷳 軅 噟 譍 應 鷹 䧹 軈 䨊 噰 灉 癕 癰 㽫 䗸 㻾 廱 擁 雝 㙲 嬳 矱 篗 籆 籰 彠 㹊 䥃 䢲 㬦 蒮 雓 襍 䕹 雜 雥 雑 㵶 嶊 纗 㰎 檇
主根	礻	礻	礻	48	115	礼 社 祀 祁 祃 祆 祇 祈 祉 祊 祋 祎 祏 祐 祓 祕 祖 祗 祚 祛 祜 祝 神 祠 祢 祥 祧 祯 祲 祷 祸 祺 祼 祾 禄 禅 禊 禋 福 禒 禔 禘 禚 禛 禤 禧 禳 视	禆 䃾 禙 䄚 䗝 禂 禱 祶 䄡 禫 䄈 䄉 䃿 䃽 祔 禣 祮 祰 禞 祴 祻 禬 祪 䄓 䄆 禍 䄑 䄀 禈 䄇 䄜 禪 䄝 䄌 祌 禝 禨 䄔 祵 䄤 禲 禮 礼 䄥 䨩 䄂 簶 䴪 祿 祣 禷 祱 䄛 禡 禰 䄙 祙 禖 䄒 禯 䄘 䄎 䄢 禥 祍 礽 禩 禠 禗 禭 祂 禢 祹 禟 禵 祒 䄕 䀅 祳 鰰 榊 禓 礻 視 䄠 䄍 禇 禎 祑 禃 祬 祩 禑 祦 䔗 祄 祫 䄄 祅 㬕 䄃 䄁 禕 䄋 禐 禴 礿 䄏 祤 禉 禌 禶 䔃 鎺 祽
附属根	衤	衤	礻	64	230	初 补 衩 衫 衬 衲 衽 衿 袂 袄 袆 袍 袒 袖 袗 袜 袢 袪 被 袯 袱 袷 袼 裆 裈 裉 裎 裕 裙 裢 裣 裤 裥 裨 裰 裱 裸 裼 裾 褂 褊 褐 褓 褕 褙 褚 褛 褟 褡 褥 褪 褫 褯 褴 褶 襁 襕 襚 襜 襟 襦 襫 襻 𫌀	裺 襖 䙓 襬 䙀 袐 襣 襅 褾 襏 襎 袹 襮 袚 䙏 䘷 襒 補 褿 襙 䙁 襊 襸 䙯 䘹 䙑 裯 襶 䙞 襠 袛 褝 襌 衴 䘟 襗 袳 䙤 䙃 褋 褍 䙱 襡 襨 袻 衯 䙜 褔 衭 襆 襥 複 袝 䘠 裶 裓 衦 䙨 䘾 䙛 䙮 襘 袿 裷 袧 褠 袔 䕣 䘶 䙡 褘 䙈 褨 襯 裮 䙙 裭 袩 裧 襝 襢 䘪 褈 䙘 䘳 襀 襋 袶 袸 襺 襇 襉 䘨 袺 衸 衱 袓 襈 裐 䙠 䘿 袦 襷 䘥 裌 袀 裃 䙐 褃 袴 褲 䙌 䙆 褌 裍 裩 襰 褵 䙰 裡 襴 襽 襤 裬 䙥 袊 裲 褳 裗 襱 䘵 褸 䙦 䙩 袮 襔 褦 䘦 䘽 褹 䙇 襛 䉱 䙔 袙 褀 褄 䙄 裿 衹 襓 袵 袇 衻 袡 䘬 褣 袽 䙣 襂 褬 裪 褅 褆 䙗 袘 袥 袉 褖 袑 裑 褷 襹 襳 䘰 襩 裋 䘤 裞 襵 裖 袟 衼 襧 䘣 䘭 䘺 衳 衶 袾 䘢 襪 褞 䘼 䙟 襑 䙎 裄 襐 褼 䙊 襭 褉 袨 䘩 袕 䙒 裇 䙉 裀 䙅 袎 衤 衪 襼 袣 衵 䘝 䘸 褗 䙬 褑 裫 褤 衧 䘻 襍 䙢 袏 䙕
主根	犭	犭	犭	89	202	㺄 峱 橥 漪 潴 犯 犰 犴 犷 犸 犹 狁 狂 狃 狄 狈 狉 狍 狎 狐 狒 狗 狙 狝 狞 狠 狡 狨 狩 独 狭 狮 狯 狰 狱 狲 狳 狴 狷 狸 狺 狻 狼 猁 猃 猄 猇 猊 猎 猕 猖 猗 猛 猜 猝 猞 猡 猢 猥 猩 猪 猫 猬 猯 猰 猱 猴 猹 猺 猾 猿 獍 獐 獗 獠 獬 獭 獯 獴 獾 玃 荻 获 莸 诳 逖 逛 𫛭 𬸚	獓 猈 獖 獙 獱 㺕 猵 犻 狛 猼 狽 獊 獕 唙 䯼 梑 狚 猠 㹦 狪 獨 獤 玀 猦 犿 㹢 獋 犵 猲 獦 㹹 㹴 犺 㺂 㤮 獷 俇 猓 猤 㺃 獆 獔 㺔 狢 狟 猂 㺖 㺝 獚 獲 㺢 㺀 獩 獪 犼 㺅 犲 狋 㺈 獑 㹽 㺗 㺥 猭 蕏 狤 犱 猏 㹾 獥 獧 㹟 㹼 猳 誑 狅 鵟 㾠 狜 猑 獜 㺐 狫 猍 䔆 㺡 狑 㺦 獵 猟 獹 㺏 獁 狵 獮 獼 獌 猽 㹮 獏 狇 猸 獶 獿 㺒 㺁 㹸 狔 獰 莥 㺜 獳 㺍 猅 狓 獛 猉 玂 獇 猐 㹤 犭 㹱 獽 㺎 㺑 㺇 猻 獀 狧 獺 㹺 㺚 悐 㹶 狏 獞 㹠 猀 狌 狶 獅 㹝 㹬 狦 獡 狣 㹿 獉 猙 猘 狾 㺘 犳 㺟 㹣 狆 㺛 㹥 㺋 猧 㹻 㹳 猚 㺣 㺌 獫 玁 㺤 獢 㹲 獟 㹡 狘 獝 狹 狥 㹞 犽 䓄 犾 狕 猶 㺊 㹫 㹭 獈 狿 㹵 獂 猨 鸑 嶽 㺞 獄 蕕 狖 㹨 㺠 㺓 猔 猣
主根	鱼	鱼	鱼	131	10	䲟 䲠 䲢 噜 撸 橹 氇 渔 澛 癣 稣 蓟 藓 蘅 衡 镥 鱼 鱽 鱾 鱿 鲀 鲁 鲂 鲃 鲅 鲆 鲇 鲈 鲉 鲊 鲋 鲌 鲍 鲎 鲏 鲐 鲑 鲒 鲔 鲕 鲖 鲗 鲘 鲙 鲚 鲛 鲜 鲝 鲞 鲟 鲠 鲡 鲢 鲣 鲤 鲥 鲦 鲧 鲨 鲩 鲪 鲫 鲬 鲭 鲮 鲯 鲰 鲱 鲲 鲳 鲴 鲵 鲷 鲸 鲹 鲺 鲻 鲼 鲽 鲾 鲿 鳀 鳁 鳂 鳃 鳄 鳅 鳇 鳈 鳉 鳊 鳌 鳍 鳎 鳏 鳐 鳑 鳒 鳓 鳔 鳕 鳖 鳗 鳘 鳙 鳚 鳛 鳜 鳝 鳞 鳟 鳠 鳡 鳢 鳣 鳤 𩽾 𩾃 𩾌 𫚕 𫚖 𫚭 𬶋 𬶍 𬶏 𬶐 𬶟 𬶠 𬶨 𬶭 𬶮	鿕 鳆 鲄 鲓 䲞 穞 鲶 䲡 鳋 䲣
附属根	鱼省	鱼省	鱼	0	0		无
附属根	魚	魚	鱼	0	418		鯦 鱫 鮟 鰲 鮊 魞 鮁 䰾 鮑 䰷 鮅 鰏 鮩 魮 魬 鯿 鯾 鰾 鱍 鱉 鯆 䰽 䱝 䲋 鮆 䱗 鰺 䱜 魛 鮘 䱱 魡 鯳 鮉 鯛 鮵 䲊 鰨 鰈 鯟 鮗 鱷 鰐 䱮 魥 魤 鰪 鮞 鱝 魵 魴 鰟 鱕 鮲 䱐 鰒 鮒 鮄 鯡 鮯 鮥 魺 䱍 䱭 䱎 䱴 鯁 鱤 鰔 䲘 鰥 鱞 鱹 䱋 䰸 魟 鯝 鮕 鱖 鱥 䲅 鮭 鯀 鮌 鮈 鰝 䱺 魧 魽 鱑 鰉 䱛 鰀 鯶 鯇 鯱 鱯 魱 鰗 鰴 鮰 䱻 䧰 鱟 鮜 鯸 䲃 鯎 䱽 鯧 鱨 䱿 鯙 鰆 鯈 䱔 鮋 䲖 薊 鱀 鰶 鰿 魝 鯽 鯚 魢 鱭 䱥 鯨 鱂 鰜 鰎 鰹 鱎 鮫 鮚 䲙 䰺 魪 䱄 䱡 鮍 鮔 䱟 鮶 鯌 鮳 鱇 鱠 䲌 鮬 㱎 鯤 䱨 鯻 鱲 䱫 魿 鱗 䲏 鮱 䲚 鯠 鰳 䱶 䱘 鯬 鯏 鱱 鱧 鱳 鱺 鯉 鯪 鰊 鰱 鱄 鮤 䱞 鰡 䱖 嚕 艪 瀂 鑥 擼 氌 䲐 䱚 魯 魲 鱸 鯥 櫓 穭 鱩 鯩 䱾 鰢 鰵 䲄 鱦 䲛 鯍 鯭 䱊 鰻 鮸 鱙 魩 䱅 魹 鱴 䱯 䱕 魶 鯢 鮎 鯰 鮾 鯘 䲎 魾 鮃 魸 䲕 鮼 䰼 䱈 鯕 䰴 鮨 鰭 䲔 鯖 鰬 䱁 鯜 鰍 鮂 䱸 鰌 鰽 鯄 鱃 鰁 鰸 魼 鱋 魜 鰙 鰯 鱬 鰇 鰠 鱢 鰓 䇁 䲉 鮻 魦 囌 蘇 蘓 㢝 穌 鯂 鱐 䲆 櫯 鮙 鮐 䲍 鰧 鮧 鯷 鮷 䱓 鰷 䰿 魠 鱓 鮀 鰖 鮦 魨 䱏 鯊 鯋 鮹 鯓 鯵 鰰 鯅 魫 䱆 魳 鰤 鯴 鮖 鰣 鰘 鱔 䱇 鱣 䱉 鮛 䱙 鱪 鱰 鮺 䱹 鮓 鮡 鮿 鮝 鱵 䱢 鮏 鱆 鯯 䱃 䲀 䱠 䱼 䱳 䱰 鮢 鯺 鱁 鯞 魰 鰛 鰮 䱵 魭 鯃 鰞 鮇 鰃 鰄 鮠 䲁 鮪 鱚 鯑 鰼 鯹 鯗 鱜 鱌 鱶 䉳 㶍 蘚 廯 䱤 䲗 鱻 鮮 䲒 鮴 癬 鰚 䲂 鱈 䱑 鱮 魣 䱬 鰕 魻 鱏 鱘 䰲 鮣 鰩 䱒 䲜 鰑 䱀 鯣 䱌 䲑 鰋 䲓 䱲 鯒 鱅 鰫 漁 䔡 䗨 䁩 䱷 鱊 鮽 鰅 䰻 鯲 魚 鷠 䐳 䱂 魷 鰂 䰹 鱛 鯔 䰵 鰦 鯮 鯼 䱣 鱡 鱒 鯫 鯐
主根	鸟	鸟	鸟	101	5	䴓 䴔 䴕 䴖 䴗 䴘 䴙 窎 茑 莺 鸟 鸠 鸡 鸢 鸣 鸤 鸥 鸦 鸧 鸨 鸩 鸪 鸫 鸬 鸭 鸮 鸯 鸰 鸱 鸲 鸳 鸵 鸶 鸷 鸸 鸹 鸺 鸻 鸼 鸽 鸾 鸿 鹀 鹁 鹂 鹃 鹄 鹅 鹆 鹇 鹈 鹉 鹊 鹋 鹌 鹍 鹎 鹏 鹐 鹑 鹒 鹔 鹕 鹖 鹗 鹘 鹙 鹚 鹛 鹜 鹝 鹞 鹟 鹠 鹡 鹢 鹣 鹤 鹦 鹧 鹨 鹩 鹪 鹫 鹬 鹭 鹮 鹯 鹰 鹱 鹲 鹳 鹴 𫛭 𬟁 𬷕 𬸘 𬸚 𬸣 𬸦 𬸪	㭤 㶉 鸴 鹥 鹓
附属根	鸟省	鸟省	鸟	3	0	凫 枭 袅	无
附属根	乌	乌	鸟	5	0	乌 呜 坞 邬 钨	无
附属根	岛	岛	鸟	2	0	岛 捣	无
附属根	鳥	鳥	鸟	0	437		鴱 鴳 鶕 鵪 鴁 鴢 鷔 䴈 䳊 䴐 鳵 䳰 䳈 鴇 䳆 䳞 鵖 鸊 鶝 鷩 鷝 鴓 鳻 鴘 鶣 鵓 䳁 䳤 䳝 鳪 鵏 鸔 鵯 鶬 䳄 鴜 䲿 鶿 鷀 䳐 䳻 䳷 䳴 隝 嶋 嶌 㨶 㠀 鳥 䲦 鴏 䳾 鸐 䳉 鴠 鵃 䉆 䳂 鳭 鵰 窵 瞗 䲽 殦 鵽 䴑 䳀 鶇 鶫 䲧 鴭 鶚 䳬 鵈 鵝 鵞 䳗 䳘 鴯 䴅 㵯 鳯 鳳 鴌 鵬 鶭 鴋 䲱 鷭 鳺 鴔 䳕 鳧 鵩 鴀 鷎 鷱 鴐 鴿 鵅 鴚 鶊 鳱 䲺 鸛 鵍 䲲 䳍 鶻 鵠 鴣 鴂 䳏 鴰 鴝 穒 鶴 鶮 䳽 䳚 鶡 靍 靎 靏 鸖 鵆 鴴 䲳 䕿 鶾 鷬 䳨 鴅 䴉 䴋 鴻 䲨 鶘 鶦 鳸 鸌 鴩 鷨 翵 䳧 鷐 鵄 鴟 鶗 䳵 鳷 鵣 鶒 鷘 鶨 䳯 鸀 鶵 鶉 鶞 鷑 䳭 鸄 鳮 鶺 鵋 鶏 鷄 䳶 䲯 鶁 鵛 鶄 鳽 鶼 鵳 鵁 鷮 鷦 鵤 鶛 䲸 䳎 䳔 鷲 鳩 鵑 䳪 鶌 鷢 鴃 鶋 鵙 鶪 鴡 鵴 鵊 鴶 鵕 鵘 鵔 鵟 鵼 䳫 鶤 鵾 䳹 鷇 䳓 鶆 鵹 鴗 鸝 鷅 鳨 鴒 䴇 䴒 鷯 鸁 鴼 鴷 鶹 鷚 鸞 鵉 鸗 鸕 鷺 鵦 鵱 鷜 䴎 鸓 䳸 鷌 鴖 鶜 鷶 鸏 䴌 鸍 鳴 䳟 鶓 䳮 鶩 樢 鶥 鴾 䴃 鸋 鵇 蔦 䙚 䳖 鴎 鷗 鷿 䲹 鵧 鴄 鵥 䴆 鳹 鵭 䳢 鸂 鶈 鵸 鶀 䲬 鵮 䲾 鄥 鶖 鵲 䲵 鸜 鵀 䳿 鶸 鴑 鴽 鳰 鶔 鷉 鷥 鷫 鶽 鶶 鷤 鶙 鴺 鵜 鷈 鴫 鷏 鷆 鵎 鴕 鷒 鷻 䳋 䴀 鷋 鵚 鶟 䳜 鷵 鵵 鵌 鵢 鵿 䲼 鳲 鳾 鶳 鷞 鸘 鵨 鷸 鶐 䳠 䴄 鷓 鷙 䲴 鴆 䳲 鴊 鴙 䳅 鴲 鸇 鵫 鷟 鴤 鴸 䳡 鵻 鳼 鴍 鶲 䳃 鷡 䳱 鵡 䳇 鴮 鵐 鵗 䲪 䳙 鴹 䴂 鶱 鷳 鷴 鷼 鴞 鷕 鷍 鴵 䕵 鵂 䳦 䲻 鷽 䳳 鶷 鴉 鵶 鴨 鷣 䳩 鷂 鵺 鸈 鴦 鸉 虉 鶂 鷾 鷊 䴊 鷁 鶍 鷖 鳦 鸃 鶃 鷧 䳺 䴏 鷰 贗 鳫 鴈 䳛 鷃 鶠 鶑 鶯 鶧 䴍 鷪 鸎 鸚 鷹 鴬 鶰 鵷 鴛 䳒 䳣 鳶 鶢 䲮 鷛 鸑 鸙 䴁 鴧 鴪 鸒 鸆 鷠 鴥 鳿 鵒 䲰 䳑 鸅 鶅 鶎 鷷
主根	韦	韦	韦	22	1	伟 围 帏 涠 炜 玮 祎 纬 苇 袆 讳 违 闱 韦 韧 韨 韩 韪 韫 韬 𣲗 𬀩	㭏
锚定根	舟	舟	车	40	109	搬 槃 瘢 盘 磐 舟 舠 舢 舣 舥 航 舫 般 舭 舯 舰 舱 舲 舳 舴 舵 舶 舷 舸 船 舻 舾 艄 艅 艇 艉 艋 艎 艏 艘 艚 艟 艨 辀 鸼	䑫 艕 搫 螌 舨 褩 䈲 䰉 䃑 艑 艊 䒀 䑰 䒃 艙 艔 艜 艠 艡 䑭 䑯 鵃 䑨 艓 䑪 䑥 舽 艂 舩 舤 舧 䒄 䒇 艀 郍 䑧 䒈 䑦 貈 艧 舼 艖 䒆 䑣 艬 舡 䑤 艥 䒂 艦 艐 艍 舿 艆 艃 䑠 艣 艪 舮 艫 䑳 艛 艒 䑵 艌 媻 幋 縏 鎜 鞶 盤 洀 瀊 蒰 䰔 䃲 䑴 艩 艢 䑶 歬 䑹 䑿 䑽 䑬 舦 䒅 䲍 艞 艭 䑲 烐 䎇 䑼 矪 輈 侜 珘 䑱 䒉 䒁 艝 舺 艤 艗 艈 䑻 艁 䑸
锚定根	羊	羊	鹿	28	59	佯 咩 善 垟 墡 庠 徉 样 氧 洋 烊 牂 痒 癣 祥 缮 羊 群 羸 羼 膳 藓 蛘 蟮 详 鄯 鲜 鳝	噠 燵 薘 蟽 鐽 韃 繨 䃮 羍 躂 墶 達 遅 橏 觧 䯁 䌴 㱻 㬯 㮆 㿏 羣 䇁 澾 㺚 撻 㣵 㿹 闥 㒓 橽 鐥 饍 繕 譱 敾 歚 㪨 羴 磰 僐 鱔 䦅 嫸 詳 䔗 㟄 絴 䉳 㶍 蘚 廯 鮮 癬 䬺 眻 㬕 珜 羘
锚定根	南字心	南字心	鹿	18	97	凿 南 喃 圉 婞 婻 幸 悻 楠 献 睾 罱 腩 萳 蝻 谳 𤩽 𪩘	蕔 報 爜 灇 䕺 叢 欉 逹 㝪 墊 襗 澤 鐸 凙 䐾 褺 䠟 睪 斁 殬 啈 擜 䆁 䓿 䥁 圅 瓡 騺 盩 䕮 蓻 盭 䈒 䋻 諵 䊖 煵 湳 揇 暔 㓓 遖 㚔 䌾 籜 蘀 檡 墿 嬕 䁺 繹 醳 釋 擇 謺 蟄 慹 鷙 䉅 贄 摯 縶 䥍 漐 執 䲀 丵 䛭 䂔 涬 䁄 緈 㓑 倖 㼬 㮭 䙝 㘁 譯 燡 㶠 䭞 嶧 驛 歝 䦴 曎 懌 圛 㒁 鑿 䕉 䕪 蠌 鸅 礋 糳
锚定根	秉	秉	争字底	1	2	秉	㨀 棅
锚定根	二	二	横	128	450	㻬 二 亏 云 些 亹 仁 会 佞 侉 侩 偿 兰 冒 冔 冕 判 刳 刽 动 勖 匏 叆 叇 叛 哙 哪 圬 坛 垮 塅 墉 夸 套 妘 姱 娜 尝 层 崿 帽 庸 恸 愕 慵 拦 挎 挪 摴 昙 栏 桧 椴 樗 段 污 沄 洿 浍 烂 烩 煅 爨 狯 瑁 瑖 璺 瓠 盥 竺 纭 绔 绘 缎 耘 耰 肆 肟 胯 脍 腭 腻 舆 芸 荟 萼 蕻 谔 贰 赗 跨 运 那 郐 鄂 鄘 鄠 酝 锷 锻 镛 雩 颚 髡 髢 髦 髫 髭 髯 髹 髻 髽 鬃 鬈 鬏 鬒 鬓 鬘 鬟 鬣 魂 鲙 鲿 鳄 鳙 鹗 𥔲 𦰡	靉 䑂 陰 䦋 镺 䯲 鬂 鬢 髩 䯽 髱 髲 䰉 髟 爂 㩭 䰊 壆 䰂 薺 䭣 䯸 䰍 䰈 㸑 䰌 霴 靆 䯼 鬄 逓 髧 耼 㸃 䯾 鬌 镻 葮 鍛 毈 緞 㱭 碫 腶 䨺 顎 㓵 卾 㗁 咢 鶚 遌 覨 諤 湂 蕚 齶 鍔 㟧 㠋 㼂 偔 鰐 㮙 堮 髵 弐 髶 㒃 貳 弍 樲 髪 髮 焨 賵 凨 䰃 髣 荂 䭮 䯱 髴 䰁 靅 嘠 髸 呍 黌 嫮 鬍 乕 觷 礐 㽇 恗 綔 蜖 絵 廽 逥 囬 㻅 䔢 釫 摦 學 槬 眃 忶 䰟 鱟 㑪 儕 䯴 镸 瓺 嘃 傭 埀 嚌 䜞 䶓 㸄 㴉 済 濟 䶩 穧 癠 齎 齌 剤 劑 齏 鑇 齊 齍 隮 䦇 䰏 㨈 䮺 擠 䍤 懠 躋 霽 鱭 櫅 谻 璾 鬋 灚 攪 覺 䯰 䦈 镹 䁷 襷 擧 舉 欅 櫸 戞 鬠 䯺 髺 袴 扝 嚳 絝 郀 鮬 桍 䰎 虧 咵 骻 㡁 誇 舿 銙 晇 䠸 髠 髨 鬎 鬁 㒿 㳕 䰐 㢘 鬑 镽 鬛 䰕 鬕 媢 㡌 㴘 萺 冃 蝐 髳 㪞 毷 㒻 冐 虋 䰒 镾 䰋 鬗 䯶 䰓 艒 䑵 獶 䯮 鬞 㦐 膩 䛁 枏 鬡 鬤 䦊 㑚 梛 䯵 帇 䢉 髼 鬔 鬅 銢 髬 䰔 頖 艩 萕 蠐 䶒 斉 亝 麡 䰇 鬐 緕 纃 䄢 臍 㩮 鬝 鬜 攑 䆋 㒽 髷 镼 擾 芢 忈 㚩 衻 䒣 䑙 冄 蚦 髥 䫇 㺎 㣑 䰆 瓇 䰄 鬙 蕼 㹑 亖 鬖 䯯 髿 䯷 䯳 鬆 亗 䯿 䑓 夳 㒗 髰 鬀 罎 曇 墵 壜 嶀 圗 霕 髾 亊 㒾 狦 鬊 夀 鬇 転 冑 㮧 䰀 䮸 嗚 熓 汚 溩 螐 鎢 隖 嵨 䡧 摀 䑁 䖚 䃖 鴮 鰞 杇 歍 鄔 烏 塢 瑦 㷉 斖 興 釁 舋 戱 霼 㙾 嬹 䕟 臖 䯭 䯹 斆 斅 澩 䨭 㾚 髤 㶅 燢 嶨 鷽 雤 㰒 噓 謣 㵰 藇 疞 嶼 鬚 虛 㰭 鱮 夓 䕃 蔭 癊 侌 隂 廕 霒 囈 讛 襼 藝 兿 㙯 耺 嫞 滽 䗤 鏞 䧡 㟾 鷛 牅 鱅 柡 槦 嬩 䜡 籅 㶛 芌 㺞 穥 陓 㠘 與 譽 輿 歟 㦛 礜 轝 鸒 懙 礖 㒜 旟 亐 迃 璵 㺮 䉙 澐 蕓 秐 抎 紜 繧 伝 夽 雲 囩 枟 橒 勻 䢵 䲰 嚘 瀀 䥳 㱊 憂 鄾 纋 懮 優 牗 櫌 䰖 鬉
锚定根	三	三	横	21	86	三 仨 俦 叁 寿 帮 帱 承 梆 梼 涛 焘 畴 祷 筹 绑 踌 邦 铸 闫 𠳐	綁 幚 邫 垹 叄 龖 龘 嘄 陦 搗 槝 島 鳬 龔 龏 寵 䌬 䓓 㤽 䶬 䬻 賎 龕 㘛 靇 龗 嚨 爖 籠 襱 瀧 蘢 䆍 龓 竉 蠬 龒 蠪 礱 㰍 驡 鸗 㡣 䪊 聾 鑨 龍 壟 矓 贚 隴 巃 巄 龐 䏊 䮾 攏 徿 曨 礲 儱 躘 櫳 䡁 朧 壠 瓏 豅 嬝 裊 挷 龎 銭 㦮 鄡 弎 讋 桟 鋳 诪 襲 蟂 梟 様 龑 閆
锚定根	川	川	竖	9	18	圳 夼 川 氚 训 钏 顺 驯 𬘓	瞓 丱 關 汌 釧 玔 㸪 䡅 壣 㶌 㺦 聯 甽 順 訓 馴 紃 杊
锚定根	巛	巛	竖	18	124	剿 巡 巢 拶 淄 瑙 甾 缁 缫 躐 辎 邋 邕 锱 镴 鬣 鲻 𫚭	衟 頸 疀 䜈 漅 摷 轈 罺 䲃 樔 勦 鄛 䟁 䞓 巛 勁 烴 涇 葝 莖 痙 䪫 鋞 陘 剄 巠 鵛 逕 坙 弳 徑 經 俓 踁 桱 脛 㳨 殌 窼 誙 牼 䀴 挳 硜 爉 蠟 鑞 擸 䃳 儠 鱲 㯿 臘 㺐 㓯 䉭 獵 䪉 犣 䁽 㲱 䝓 巤 煭 䜲 㛴 㺁 惱 碯 㑎 匘 䐉 腦 堖 䭬 氫 鑋 輕 羥 郻 巰 繅 鎻 鏁 璅 㑿 齆 隟 娙 蛵 䣆 舝 廵 㹵 嗈 㜉 㴩 灉 癰 廱 郺 雝 㦽 薻 菑 災 湽 葘 䅔 錙 鍿 崰 輜 輺 㿳 緇 䎩 鯔 椔 㜽 䣎 鶅 㭮 桚
锚定根	师字旁	师字旁	竖	9	1	岿 帅 师 归 浉 狮 筛 蛳 𫚕	帰
锚定根	州	州	竖	3	6	州 洲 酬	詶 絒 栦 喌 銂 駲
锚定根	彡	彡	撇	85	265	䅟 修 僇 勠 厖 参 嘭 媭 嫪 寥 尨 廖 形 彤 彦 彩 彪 彬 彭 彰 影 惨 戮 掺 昣 杉 殄 毵 渗 漻 澎 牻 珍 璆 甏 畛 疁 疹 瘆 瘳 碜 穆 糁 缪 耏 胗 膨 蓼 蟛 衫 袗 诊 谚 谬 趁 轸 醪 钐 镠 须 颜 餮 骖 髎 髡 髢 髦 髫 髭 髯 髹 髻 髽 鬃 鬈 鬏 鬒 鬓 鬘 鬟 鬣 鲹 鹨 黪 𪤗	遃 䯲 鬂 鬢 髩 虨 霦 嘐 䯽 髱 㱶 蛖 硥 髲 䰉 㣐 滮 颩 髟 䰊 遪 磣 傪 䟃 䰂 毝 篸 穇 參 嵾 㣒 䯸 䰍 嘇 㜗 謲 㽩 鏒 摻 驂 縿 㣓 慘 鰺 黲 䰈 䰌 䯼 鬄 髧 簓 彫 䯾 鬌 髵 髶 髪 髮 䰃 髣 䭮 䯱 髴 䰁 髸 㬔 膠 䓼 鬍 䑣 贂 醦 跈 肜 墋 䯴 彨 彲 辵 紾 䰏 㣏 鬋 㶀 䀊 嵺 摎 轇 䰘 䯰 丯 穋 繆 剹 樛 澃 鬠 䯺 髺 䰎 髠 髨 鬎 滲 䵏 顟 沴 鬁 䰐 鬑 㵳 蟉 鏐 賿 飂 廫 憀 蹘 鄝 䢧 豂 鬛 熮 磟 䚧 翏 鷚 雡 㴳 㙙 䰕 鬕 髳 庬 䰒 䏵 哤 娏 浝 狵 痝 㟌 駹 㤶 䵨 䰋 鬗 䯶 䰓 彯 謬 㣎 鬽 㺒 䯮 鬞 鬡 鬤 䯵 髼 鬔 鬅 憉 蟚 髬 䫠 䰔 䰇 鬐 鬝 鬜 幓 髷 髥 䫇 烿 㣑 䰆 㺑 䰄 襂 椮 槮 鬙 糝 蔘 犙 䫩 毿 鬖 毶 䯯 髿 䯷 䯳 鬆 䯿 㣍 髰 鬀 蓚 飻 浵 髾 涁 瘮 曑 鯵 䚲 釤 䀐 剼 彡 㣌 鬊 診 㐱 鉁 䝩 眕 㓄 䪾 抮 聄 軫 駗 䂦 鬇 彣 珳 䰀 䤯 羏 䯭 䯹 㹋 鎀 髤 俢 蕦 鬚 嬃 須 䇓 盨 顔 㘖 喭 諺 齴 顏 彥 嵃 偐 楌 彮 爩 灪 䖇 鬰 鬱 頿 頾 䰖 鬉
