词	简码	候选位	级别
啊啊	aa	2	2
啊啊啊	aaa	1	3
啊啊啊啊	aaaa	1	4
傲岸不群	aabq	1	4
皑皑白雪	aabx	1	4
暗暗地	aad	1	3
暗暗点头	aadt	1	4
暗暗高兴	aagx	1	4
暗暗吃惊	aaij	1	4
暗暗称奇	aaiq	1	4
嗷嗷叫	aaj	1	3
暗暗佩服	aapf	1	4
暗暗祈祷	aaqd	1	4
暗暗庆幸	aaqx	1	4
暗暗思忖	aasc	2	4
矮矮实实	aauu	1	4
爱不爱	aba	1	3
阿巴阿巴	abab	1	4
安不安全	abaq	1	4
哀兵必败	abbb	1	4
安保措施	abcu	1	4
熬不动了	abdl	1	4
阿鼻地狱	abdy	1	4
熬不过	abg	1	3
拗不过	abg	2	3
熬不过去	abgq	1	4
艾宾浩斯	abhs	1	4
艾宾浩斯记忆曲线	abhx	1	4
熬不出头	abit	1	4
矮半截	abj	1	3
按比例	abl	1	3
阿波罗	abl	2	3
埃博拉	abl	3	3
鞍不离马	ablm	1	4
阿波罗登月	ably	1	4
奥巴马	abm	1	3
爱兵如子	abrz	1	4
碍不着	abv	1	3
挨不着边	abvb	1	4
俺不中嘞	abvl	1	4
敖包相会	abxh	1	4
矮矬穷	acq	1	3
爱才若渴	acrk	1	4
暗藏杀机	acuj	1	4
暗藏玄机	acxj	1	4
爱丁堡	adb	1	3
爱答不理	adbl	1	4
矮墩墩	add	1	3
安道尔	ade	1	3
阿道夫	adf	1	3
安多酚	adf	2	3
矮冬瓜	adg	1	3
爱的供养	adgy	1	4
爱德华	adh	1	3
艾迪霍尔	adhe	1	4
安定和谐	adhx	1	4
矮大紧	adj	1	3
暗地里	adl	1	3
按道理	adl	2	3
奥地利	adl	3	3
按道理讲	adlj	1	4
熬到了头	adlt	1	4
按道理说	adlu	1	4
安定区	adq	1	3
安德森	ads	1	3
熬到头	adt	1	3
爱迪生	adu	1	3
挨冻受饿	adue	1	4
爱的实验室	aduu	1	4
熬得住	adv	1	3
挨得着	adv	2	3
案牍之劳	advl	1	4
爱得要死	adys	1	4
安定有序	adyx	1	4
阿尔茨海默病	aecb	1	4
艾尔登法环	aedh	1	4
阿尔法	aef	1	3
奥尔良	ael	1	3
爱尔兰	ael	2	3
挨饿受冻	aeud	1	4
阿凡达	afd	1	3
案发地点	afdd	1	4
案发当天	afdt	1	4
埃菲尔铁塔	afet	1	4
阿房宫	afg	1	3
阿法狗	afg	2	3
阿房宫赋	afgf	1	4
阿富汗	afh	1	3
阿伏加德罗	afjl	1	4
阿伏加德罗常数	afju	1	4
安抚人心	afrx	1	4
阿凡提	aft	1	3
按方抓药	afvy	1	4
安分知足	afvz	1	4
案发现场	afxi	1	4
爱国	ag	1	2
阿哥阿妹	agam	1	4
按规定	agd	1	3
阿骨打	agd	2	3
挨个儿	age	1	3
矮个儿	age	2	3
爱国将领	agjl	1	4
挨个击破	agjp	1	4
爱国敬业诚信友善	agju	2	4
爱国教育	agjy	2	4
爱国基因	agjy	3	4
按惯例	agl	1	3
熬过来	agl	2	3
按规律	agl	3	3
爱国力量	agll	1	4
挨过去	agq	1	3
熬过去	agq	2	3
爱狗人士	agru	2	4
阿根廷	agt	1	3
爱国统一战线	agtx	1	4
爱国诗人	agur	1	4
爱国者	agv	1	3
爱国主义精神	agvu	2	4
爱国阵线	agvx	1	4
爱国之心	agvx	2	4
爱国心	agx	1	3
爱国营销	agyx	1	4
矮个子	agz	1	3
爱好	ah	2	2
啊哈啊哈	ahah	1	4
哀鸿遍地	ahbd	1	4
懊悔不已	ahby	2	4
安魂定魄	ahdp	1	4
爱护动物	ahdw	1	4
爱好广泛	ahgf	1	4
爱护公物	ahgw	1	4
啊哈哈	ahh	1	3
爱好和平	ahhp	1	4
爱恨交织	ahjv	1	4
暗黑模式	ahmu	1	4
安魂曲	ahq	1	3
安河桥	ahq	2	3
爱恨情缘	ahqy	1	4
安徽人	ahr	1	3
安好如初	ahri	1	4
暗红色	ahs	1	3
安徽省	ahu	1	3
爱好者	ahv	2	3
爱护植物	ahvw	1	4
爱吃不吃	aibi	2	4
鹌鹑蛋	aid	1	3
按常规	aig	2	3
熬肠刮肚	aigd	1	4
AI换脸	aihl	1	4
暗沉沉	aii	1	3
氨茶碱	aij	2	3
爱吃零食	ailu	1	4
熬出头	ait	2	3
AI修复	aixf	1	4
暗潮汹涌	aixy	2	4
AI作图	aizt	1	4
安静	aj	1	2
案件	aj	2	2
挨肩搭背	ajdb	1	4
按揭贷款	ajdk	1	4
安静的美男子	ajdz	1	4
安家费	ajf	1	3
按计划	ajh	1	3
按揭合同	ajht	1	4
按键冲突	ajit	1	4
爱剪辑	ajj	1	3
按键精灵	ajjl	1	4
安居客	ajk	1	3
安静了	ajl	1	3
按揭利息	ajlx	1	4
暗贱难防	ajnf	2	4
按经取穴	ajqx	1	4
安静入睡	ajru	1	4
氨基酸	ajs	1	3
按键式	aju	1	3
案件审理	ajul	1	4
按揭手续	ajux	1	4
安静下来	ajxl	1	4
暗礁险滩	ajxt	1	4
按迹循踪	ajxz	1	4
癌基因	ajy	1	3
埃及艳后	ajyh	1	4
爱看不看	akbk	1	4
拗口令	akl	1	3
阿卡丽	akl	2	3
阿卡姆	akm	1	3
阿克曼	akm	2	3
奥卡姆剃刀	akmd	1	4
爱科学	akx	1	3
阿克希亚	akxy	1	4
奥利奥	ala	1	3
阿拉伯	alb	1	3
阿鲁巴	alb	2	3
阿拉伯半岛	albd	1	4
阿拉伯联合酋长国	albg	1	4
爱来不来	albl	2	4
阿拉伯数字	albz	1	4
阿拉丁	ald	1	3
案例分析	alfx	1	4
奥利给	alg	1	3
按老规矩	algj	1	4
安理会	alh	1	3
案例教学	aljx	1	4
按理来讲	allj	1	4
奥林匹克运动会	alph	1	4
奥林匹亚先生	alpu	1	4
阿联酋	alq	1	3
爱丽丝	als	1	3
安乐死	als	2	3
俺老孙	als	3	3
Alt	alt	1	3
按理说	alu	1	3
安禄山	alu	2	3
爱立信	alx	1	3
爱莉希雅	alxy	1	4
阿里云	aly	1	3
安乐椅	aly	2	3
暗流涌动	alyd	1	4
阿里云盘	alyp	1	4
安利一下	alyx	1	4
按摩	am	1	2
爱买不买	ambm	2	4
傲慢不逊	ambx	1	4
按摩店	amd	1	3
爱玛电动车	amdi	1	4
哀莫大于心死	amds	1	4
哀莫大焉	amdy	1	4
澳门回归	amhg	1	4
澳门皇家赌场	amhi	1	4
凹面镜	amj	1	3
阿美莉卡	amlk	1	4
鞍马劳困	amlk	2	4
阿玛尼	amn	1	3
唵嘛呢叭咪吽	amnh	1	4
按摩女郎	amnl	1	4
啊米诺斯	amns	1	4
阿米诺斯	amns	2	4
安眠曲	amq	1	3
按摩器	amq	2	3
爱美人士	amru	1	4
爱猫人士	amru	2	4
阿姆斯特朗	amsl	1	4
阿姆斯壮	amsv	1	4
爱马仕	amu	1	3
按摩室	amu	2	3
鞍马之劳	amvl	1	4
爱慕之情	amvq	1	4
爱美之心，人皆有之	amvv	1	4
爱美之心人皆有之	amvv	2	4
奥妙无穷	amwq	1	4
安慕希	amx	1	3
澳门新葡京娱乐城	amxi	1	4
澳门新葡京	amxj	1	4
安眠药	amy	1	3
按摩椅	amy	2	3
爱慕已久	amyj	1	4
爱面子	amz	1	3
按钮	an	2	2
按耐不住	anbv	2	4
懊恼不已	anby	1	4
碍难从命	ancm	1	4
艹尼玛	anm	2	3
艹你妈	anm	3	3
爱你三千遍	ansb	1	4
熬年头	ant	2	3
安排	ap	1	2
安排表	apb	1	3
爱拼才会赢	apcy	1	4
安排得明明白白	apdb	1	4
安培定则	apdz	1	4
安排好	aph	1	3
安培计	apj	1	3
安贫乐贱	aplj	1	4
阿帕奇	apq	1	3
安贫若素	aprs	1	4
安排妥当	aptd	1	4
安排上	apu	1	3
安排生活	apuh	1	4
安排时间	apuj	1	4
阿婆主	apv	1	3
安排下	apx	1	3
爱情	aq	1	2
安全	aq	2	2
爱去不去	aqbq	1	4
哀其不争	aqbv	1	4
哀其不幸	aqbx	1	4
矮穷矬	aqc	1	3
安全带	aqd	1	3
挨千刀	aqd	2	3
安全岛	aqd	3	3
爱情动作片	aqdp	1	4
安琪儿	aqe	1	3
安全阀	aqf	1	3
安全感	aqg	1	3
安全管家	aqgj	1	4
爱情故事	aqgu	1	4
爱情公寓	aqgy	1	4
爱琴海	aqh	1	3
按期还款	aqhk	1	4
矮穷丑	aqi	1	3
安全出口	aqik	1	4
爱情长跑	aqip	1	4
奥奇传说	aqiu	1	4
安全出行	aqix	1	4
安全局	aqj	1	3
安全级别	aqjb	1	4
安全距离	aqjl	1	4
安琪拉	aql	1	3
安全帽	aqm	1	3
安全门	aqm	2	3
爱情买卖	aqmm	1	4
爱情片	aqp	1	3
安全期	aqq	1	3
安全区	aqq	2	3
安全起见	aqqj	1	4
安全气囊	aqqn	1	4
昂起头	aqt	1	3
安全套	aqt	2	3
安全提示	aqtu	1	4
暗区突围	aqtw	1	4
安全设备	aqub	1	4
安全事故	aqug	1	4
安全施工	aqug	2	4
安全声明	aqum	1	4
安全设施	aquu	1	4
安全使用	aquy	1	4
安全着陆	aqvl	1	4
安全卫士	aqwu	1	4
安全性	aqx	1	3
安全线	aqx	2	3
爱奇艺	aqy	1	3
安全员	aqy	2	3
安全隐患	aqyh	1	4
安全因素	aqys	1	4
安全意识	aqyu	1	4
安全运输	aqyu	2	4
安全有效	aqyx	1	4
爱如潮水	ariu	1	4
爱如己出	arji	1	4
黯然离场	arli	1	4
爱人民	arm	1	3
爱热闹	arn	1	3
安然如故	arrg	1	4
爱人如己	arrj	1	4
安然入眠	arrm	1	4
安然入睡	arru	1	4
爱如珍宝	arvb	1	4
矮人一等	aryd	2	4
昂然自得	arzd	1	4
艾斯爱慕	asam	1	4
阿斯巴甜	asbt	1	4
阿sir	asir	1	4
奥斯卡	ask	1	3
奥斯卡金像奖	askj	1	4
阿萨姆	asm	1	3
阿斯玛	asm	2	3
奥斯曼帝国	asmg	1	4
ASMR	asmr	1	4
艾特	at	1	2
凹透镜	atj	1	3
阿提拉	atl	1	3
AT力场	atli	1	4
AT领域	atly	1	4
奥特曼	atm	1	3
阿童木	atm	2	3
凹凸曼	atm	3	3
艾特全体	atqt	1	4
安兔兔	att	1	3
安徒生	atu	1	3
奥特之父	atvf	1	4
奥特之母	atvm	1	4
奥特之王	atvw	1	4
安胎药	aty	1	3
暗示	au	1	2
爱说爱笑	auax	1	4
安神补脑	aubn	1	4
爱说不说	aubu	1	4
爱睡不睡	aubu	2	4
安神定惊	audj	1	4
安神定魄	audp	1	4
安神定志	audv	1	4
捱时间	auj	1	3
爱上了	aul	1	3
奥数魔刃	aumr	1	4
爱上你	aun	1	3
爱是你我	aunw	1	4
按时起床	auqi	1	4
暗生情愫	auqs	1	4
安适如常	auri	1	4
昂首挺立	autl	1	4
爱谁谁	auu	1	3
暗示着	auv	1	3
安身之所	auvs	1	4
爱上我	auw	1	3
昂首望天	auwt	1	4
按顺序	aux	1	3
暗示性	aux	2	3
爱是一道光	auyg	1	4
昂首屹立	auyl	1	4
按照	av	1	2
安装	av	2	2
阿珍爱上了阿强	avaq	1	4
安装包	avb	1	3
安卓版	avb	2	3
安装版	avb	3	3
暗中调查	avdi	1	4
安装到位	avdw	1	4
螯肢动物	avdw	2	4
安枕而卧	avew	1	4
按照规定	avgd	1	4
暗中观察	avgi	1	4
安装过程	avgi	2	4
按照惯例	avgl	1	4
癌症患者	avhv	1	4
AV画质	avhv	2	4
按照传统	avit	1	4
安装程序	avix	1	4
安卓机	avj	1	3
按照计划	avjh	1	4
安装教程	avji	1	4
安装目录	avml	1	4
AV女优	avny	1	4
AV男优	avny	2	4
安装盘	avp	1	3
安卓平板	avpb	1	4
暗中盘算	avpo	1	4
安装软件	avrj	1	4
安卓软件	avrj	2	4
暗中算计	avsj	1	4
安卓思维	avsw	1	4
爱之深	avu	1	3
按这种	avv	1	3
安装文件	avwj	1	4
癌症晚期	avwq	1	4
安卓系统	avxt	1	4
暗中相助	avxv	1	4
暗中作梗	avzg	1	4
安慰	aw	1	2
安稳	aw	2	2
阿瓦达啃大瓜	awdg	1	4
阿瓦达索命	awdm	1	4
艾薇儿	awe	1	3
奥委会	awh	1	3
安委会	awh	2	3
安危祸福	awhf	1	4
安慰剂	awj	1	3
阿伟乱葬岗	awlg	1	4
癌晚期	awq	1	3
啊我死了	awsl	1	4
阿伟死了	awsl	2	4
暗物质	awv	1	3
爱我中华	awvh	1	4
安慰性	awx	1	3
安慰一下	awyx	1	4
爱惜	ax	1	2
爱心	ax	2	2
癌细胞	axb	1	3
阿西吧	axb	2	3
按下不表	axbb	1	4
爱信不信	axbx	1	4
奥匈帝国	axdg	1	4
安心定志	axdv	1	4
按需定制	axdv	2	4
熬心费力	axfl	1	4
爱惜公物	axgw	1	4
安心工作	axgz	1	4
按下葫芦起来瓢	axhp	1	4
按下葫芦浮起瓢	axhp	2	4
凹陷处	axi	1	3
爱心捐款	axjk	1	4
按下快门	axkm	1	4
阿修罗	axl	1	3
安心乐意	axly	1	4
安息日	axr	1	3
爱惜人才	axrc	1	4
安享天年	axtn	1	4
爱惜生命	axum	1	4
爱心助学	axvx	1	4
爱学习	axx	1	3
安下心来	axxl	1	4
按需选择	axxz	1	4
锕系元素	axys	1	4
安闲自得	axzd	1	4
爱惜自己	axzj	1	4
阿姨	ay	1	2
按一按	aya	1	3
昂扬不灭	aybm	1	4
哎哟，不错哦	aybo	1	4
奥运村	ayc	1	3
奥运冠军	aygj	1	4
爱一个人	aygr	1	4
奥运会	ayh	1	3
爱与恨	ayh	2	3
矮一截	ayj	1	3
奥运健儿	ayje	1	4
暗夜精灵	ayjl	1	4
奥运精神	ayju	1	4
哎呀妈呀	aymy	1	4
唉呀妈呀	aymy	2	4
碍于面子	aymz	1	4
按要求	ayq	1	3
遨游四海	aysh	1	4
遨游世界	ayuj	1	4
按月支付	ayvf	1	4
哎哟喂	ayw	1	3
哎呦喂	ayw	2	3
安有完卵	aywl	1	4
哎呦我去	aywq	1	4
哎呀我去	aywq	2	4
哎哟我去	aywq	3	4
按音序	ayx	1	3
阿姨洗铁路	ayxl	1	4
昂扬向上	ayxu	1	4
哎呀呀	ayy	1	3
俺也一样	ayyy	1	4
安于一隅	ayyy	2	4
阿姨压一压	ayyy	3	4
案子	az	1	2
暗自	az	2	2
艾滋病	azb	1	3
肮脏不堪	azbk	1	4
爱祖国	azg	1	3
爱走极端	azjd	1	4
按资论辈	azlb	1	4
矮子里拔将军	azlj	1	4
按资排辈	azpb	1	4
腌臜泼才	azpc	1	4
暗自庆幸	azqx	1	4
暗自思量	azsl	1	4
暗自神伤	azuu	1	4
爱咋玩	azw	1	3
凹造型	azx	1	3
爱咋咋地	azzd	1	4
爱咋咋的	azzd	2	4
白皑皑	baa	2	3
保安队	bad	2	3
不安定	bad	3	3
报案电话	badh	1	4
保安队长	badv	2	4
不安分	baf	1	3
备案号	bah	2	3
彼岸花	bah	3	3
不安好心	bahx	1	4
不爱吃	bai	2	3
不按常理	bail	1	4
不按常理出牌	baip	1	4
不爱吃肉	bair	1	4
不爱江山爱美人	bajr	1	4
不安宁	ban	2	3
被安排得明明白白	bapb	2	4
不安全	baq	1	3
不安其位	baqw	1	4
不爱听	bat	2	3
不按套路	batl	1	4
不按套路出牌	batp	2	4
不碍事	bau	1	3
不爱说话	bauh	2	4
不按顺序	baux	1	4
吧？	baw	1	3
不安稳	baw	2	3
不安心	bax	2	3
白矮星	bax	3	3
不安现状	baxv	2	4
并不	bb	2	2
爸爸	bb	3	2
不变	bb	4	2
并不比	bbb	2	3
别逼逼	bbb	3	3
白板笔	bbb	4	3
宝贝不错	bbbc	1	4
不比不知道	bbbd	1	4
版本编号	bbbh	1	4
辨别不出	bbbi	1	4
步步逼近	bbbj	1	4
表白被拒	bbbj	2	4
斑驳不堪	bbbk	2	4
半表半里	bbbl	1	4
报不报名	bbbm	1	4
百病不侵	bbbq	1	4
宝宝巴士	bbbu	1	4
不悲不喜	bbbx	1	4
包不包邮	bbby	2	4
白板擦	bbc	1	3
并不存在	bbcz	1	4
巴不得	bbd	1	3
办不到	bbd	2	3
不变的	bbd	3	3
棒棒哒	bbd	4	3
版本答案	bbda	1	4
并不代表	bbdb	1	4
变被动为主动	bbdd	2	4
并不多见	bbdj	1	4
百般抵赖	bbdl	1	4
不必多礼	bbdl	2	4
不必多虑	bbdl	3	4
不必多说	bbdu	1	4
并不都是	bbdu	2	4
不变的是	bbdu	3	4
不必当真	bbdv	1	4
不必担心	bbdx	1	4
并不等于	bbdy	2	4
不必多言	bbdy	3	4
碧波荡漾	bbdy	4	4
不被定义	bbdy	5	4
宝贝儿	bbe	1	3
奔波儿灞	bbeb	1	4
灞波儿奔	bbeb	2	4
暴毙而亡	bbew	1	4
宝贝儿子	bbez	1	4
笨办法	bbf	2	3
八宝饭	bbf	3	3
背包袱	bbf	4	3
并不反对	bbfd	1	4
并不符合	bbfh	1	4
百般奉承	bbfi	1	4
不必烦恼	bbfn	1	4
不包分配	bbfp	1	4
并不否认	bbfr	1	4
避避风头	bbft	1	4
不避风险	bbfx	1	4
并不复杂	bbfz	1	4
比不过	bbg	2	3
本不该	bbg	3	3
把把关	bbg	4	3
步步高	bbg	5	3
并不感冒	bbgm	1	4
并不公平	bbgp	1	4
不必管他	bbgt	1	4
版本更新	bbgx	1	4
并不会	bbh	1	3
不包含	bbh	2	3
并不好	bbh	3	3
版本号	bbh	4	3
白百何	bbh	5	3
百般呵护	bbhh	2	4
宝贝回家	bbhj	1	4
并不好看	bbhk	1	4
版本红利	bbhl	1	4
不抱幻想	bbhx	1	4
办不成	bbi	2	3
蹦蹦床	bbi	3	3
蹦蹦车	bbi	4	3
表白成功	bbig	2	4
不被察觉	bbij	1	4
不败传说	bbiu	3	4
八百斤	bbj	2	3
步步紧逼	bbjb	1	4
并不觉得	bbjd	1	4
步步紧跟	bbjg	1	4
八部金刚	bbjg	2	4
不必惊慌	bbjh	1	4
并不仅仅	bbjj	3	4
并不尽然	bbjr	1	4
步步惊心	bbjx	2	4
不包括	bbk	2	3
背包客	bbk	3	3
并不看好	bbkh	1	4
不被看好	bbkh	2	4
并不可靠	bbkk	1	4
并不可能	bbkn	1	4
并不可怕，	bbkp	1	4
并不可怕	bbkp	2	4
不必客气	bbkq	2	4
并不看重	bbkv	1	4
并不开心	bbkx	1	4
并不可以	bbky	1	4
比不了	bbl	2	3
不必了	bbl	3	3
八百里	bbl	4	3
冰冰凉	bbl	5	3
白白浪费	bblf	1	4
宝贝老公	bblg	1	4
步步莲花	bblh	1	4
版本落后	bblh	2	4
并不了解	bblj	1	4
不被理解	bblj	2	4
奔波劳苦	bblk	1	4
冰冰凉凉	bbll	2	4
奔波劳碌	bbll	3	4
宝贝老婆	bblp	1	4
八八六十四	bbls	1	4
并不理想	bblx	1	4
半部论语	bbly	2	4
帮帮忙	bbm	1	3
𰻝𰻝面	bbm	2	3
并不明白	bbmb	1	4
并不矛盾	bbmd	1	4
不帮忙是本分	bbmf	1	4
比表面积	bbmj	1	4
奔波忙碌	bbml	1	4
不必勉强	bbmq	1	4
不便明说	bbmu	1	4
并不满足	bbmz	1	4
并不能	bbn	2	3
并不难	bbn	3	3
宝贝女儿	bbne	1	4
别不耐烦	bbnf	1	4
并不能够	bbng	1	4
啵啵奶茶	bbni	1	4
抱不平	bbp	1	3
百白破	bbp	2	3
保不齐	bbq	1	3
北半球	bbq	2	3
并不确定	bbqd	1	4
爸爸去哪儿	bbqe	1	4
遍布全国	bbqg	2	4
并不清楚	bbqi	2	4
并不全是	bbqu	1	4
版本前瞻	bbqv	1	4
并不起眼	bbqy	1	4
百般劝阻	bbqz	1	4
并不如	bbr	1	3
被别人	bbr	2	3
播报人	bbr	3	3
兵败如山倒	bbrd	1	4
不抱任何想法	bbrf	1	4
不被认可	bbrk	1	4
并不认识	bbru	1	4
并不认为是	bbru	2	4
并不认为	bbrw	1	4
不抱任何希望	bbrw	2	4
不抱任何幻想	bbrx	1	4
并不容易	bbry	1	4
被捕入狱	bbry	2	4
棒棒糖	bbt	1	3
半边天	bbt	2	3
巴别塔	bbt	3	3
并不太好	bbth	1	4
版本T0	bbtl	1	4
不便透露	bbtl	2	4
八部天龙	bbtl	3	4
巴巴托斯	bbts	1	4
芭芭脱丝	bbts	2	4
并不同意	bbty	1	4
并不是	bbu	2	3
比不上	bbu	3	3
帮不上	bbu	4	3
摆摆手	bbu	5	3
百八十	bbu	6	3
百八十遍	bbub	1	4
百八十个	bbug	1	4
并不是一个	bbug	2	4
并不适合	bbuh	1	4
不败神话	bbuh	2	4
遍布伤痕	bbuh	3	4
步步生莲	bbul	1	4
帮不上忙	bbum	2	4
百八十人	bbur	1	4
并不是说	bbuu	2	4
并不是意味着	bbuv	1	4
并不是因为	bbuw	1	4
补办手续	bbux	1	4
补补身子	bbuz	2	4
憋不住	bbv	2	3
保不住	bbv	3	3
八宝粥	bbv	4	3
并不知	bbv	5	3
不标准	bbv	6	3
并不知道	bbvd	2	4
并不值得	bbvd	3	4
并不支持	bbvi	1	4
不便之处	bbvi	2	4
八拜至交	bbvj	2	4
绷不住了	bbvl	1	4
憋不住了	bbvl	2	4
蚌埠住了	bbvl	3	4
并不知情	bbvq	1	4
北部战区	bbvq	2	4
并不只是	bbvu	2	4
不败战神	bbvu	3	4
背部指纹	bbvw	2	4
并不重要	bbvy	3	4
版本之子	bbvz	3	4
帮帮我	bbw	1	3
并不晚	bbw	2	3
并不违背	bbwb	1	4
并不为过	bbwg	1	4
被逼无奈	bbwn	2	4
必备物品	bbwp	1	4
并不完全	bbwq	2	4
并不完全是	bbwu	1	4
并不想	bbx	1	3
并不像	bbx	2	3
百宝箱	bbx	3	3
八边形	bbx	4	3
并不习惯	bbxg	1	4
并不喜欢	bbxh	1	4
斑斑血迹	bbxj	1	4
癍癍血迹	bbxj	2	4
编不下去	bbxq	1	4
并不相同	bbxt	1	4
不便细说	bbxu	1	4
不抱希望	bbxw	1	4
并不希望	bbxw	2	4
并不需要	bbxy	1	4
并不想要	bbxy	2	4
不必要	bby	2	3
北冰洋	bby	3	3
不包邮	bby	4	3
并伴有	bby	5	3
并不一定	bbyd	1	4
不必要的	bbyd	2	4
本不应该	bbyg	1	4
被边缘化	bbyh	2	4
不拔一毛	bbym	1	4
并不一致	bbyv	2	4
并不因为	bbyw	1	4
并不意外	bbyw	2	4
并不影响	bbyx	1	4
不必言谢	bbyx	2	4
不被允许	bbyx	3	4
并不一样	bbyy	1	4
病病殃殃	bbyy	2	4
半辈子	bbz	1	3
八辈子	bbz	2	3
拜把子	bbz	3	3
摆把子兄弟	bbzd	1	4
并不在乎	bbzh	2	4
并不怎么	bbzm	1	4
八辈子血霉	bbzm	2	4
百般阻挠	bbzn	1	4
并不赞同	bbzt	1	4
并不总是	bbzu	2	4
奔波在外	bbzw	1	4
摆把子弟兄	bbzx	1	4
不必在意	bbzy	1	4
并不在于	bbzy	2	4
八辈祖宗	bbzz	1	4
不错	bc	2	2
保存	bc	3	2
并存不悖	bcbb	1	4
别踩白块	bcbk	4	4
不错的想法	bcdf	1	4
不错的主意	bcdy	1	4
本次发布	bcfb	1	4
保存回放	bchf	2	4
本次会议	bchy	1	4
彼此间	bcj	1	3
不存芥蒂	bcjd	1	4
爆粗口	bck	1	3
百草枯	bck	2	3
不错了	bcl	2	3
不曾离开	bclk	3	4
不曾离去	bclq	3	4
百辞莫辩	bcmb	2	4
本次评估	bcpg	2	4
本次评选	bcpx	1	4
不凑巧	bcq	2	3
保存期	bcq	3	3
保存期限	bcqx	1	4
保存体力	bctl	1	4
百层挑战	bctv	2	4
不曾停歇	bctx	1	4
保存设置	bcuv	3	4
彼苍者天	bcvt	1	4
保存完好	bcwh	2	4
不曾想	bcx	2	3
彼此相关	bcxg	1	4
彼此信任	bcxr	1	4
不残血不会玩	bcxw	1	4
病残孕	bcy	2	3
饱餐一顿	bcyd	1	4
不存在	bcz	2	3
不存在了	bczl	1	4
不到	bd	2	2
变得	bd	3	2
被动挨打	bdad	1	4
不得安宁	bdan	1	4
不得不	bdb	1	3
不代表	bdb	2	3
不但不	bdb	3	3
背对背	bdb	4	3
补丁包	bdb	5	3
不对吧	bdb	6	3
不得不爱	bdba	1	4
不打不成材	bdbc	1	4
不得不服	bdbf	1	4
百度百科	bdbk	4	4
不得不看	bdbk	5	4
不得不来	bdbl	2	4
表弟表妹	bdbm	3	4
病得不轻	bdbq	2	4
不得不承认	bdbr	1	4
不得不低头	bdbt	1	4
棒打不回头	bdbt	2	4
不得不说	bdbu	3	4
不打不相识	bdbu	4	4
不当不正	bdbv	1	4
保大保小	bdbx	2	4
不得不用	bdby	2	4
不得不做	bdbz	1	4
不得不走	bdbz	2	4
不叠被子	bdbz	3	4
背单词	bdc	1	3
百度词典	bdcd	2	4
不打草稿	bdcg	1	4
本地磁盘	bdcp	1	4
不断地	bdd	1	3
不单单	bdd	2	3
办得到	bdd	3	3
不地道	bdd	4	3
不道德的	bddd	3	4
别的地方	bddf	1	4
不懂道理	bddl	1	4
百度地图	bddt	1	4
不登大雅之堂	bddt	2	4
不单单是	bddu	4	4
遍地都是	bddu	5	4
别的东西	bddx	1	4
不登大雅	bddy	1	4
半点儿	bde	1	3
不断恶化	bdeh	1	4
白癜风	bdf	2	3
贝多芬	bdf	3	3
白得发光	bdfg	1	4
白的发光	bdfg	2	4
不定方程	bdfi	1	4
本地服务	bdfw	2	4
波动范围	bdfw	3	4
不断发现	bdfx	1	4
百度翻译	bdfy	3	4
白大褂	bdg	1	3
不断改变	bdgb	1	4
不懂规矩	bdgj	4	4
毕达哥拉斯	bdgs	2	4
不断改善	bdgu	2	4
不得干涉	bdgu	3	4
不大好	bdh	1	3
憋得慌	bdh	2	3
不等号	bdh	3	3
本地化	bdh	4	3
北戴河	bdh	5	3
本地话	bdh	6	3
不懂行情	bdhq	1	4
不到黄河心不死	bdhs	2	4
不大会玩	bdhw	2	4
白底黑字	bdhz	2	4
白底红字	bdhz	3	4
不动产	bdi	2	3
不对称	bdi	3	3
白帝城	bdi	4	3
摆渡车	bdi	5	3
半点差错	bdic	1	4
不到长城非好汉	bdih	1	4
不断尝试	bdiu	2	4
不对劲	bdj	1	3
不打紧	bdj	2	3
不得劲	bdj	3	3
八段锦	bdj	4	3
不多久	bdj	5	3
不定积分	bdjf	1	4
八大金刚	bdjg	2	4
不当家不知柴米贵	bdjg	3	4
不断积累	bdjl	2	4
被动技能	bdjn	1	4
勃大茎深	bdju	3	4
不懂就问	bdjw	1	4
不对口	bdk	1	3
傍大款	bdk	2	3
白豆蔻	bdk	3	3
病毒库	bdk	4	3
八度空间	bdkj	1	4
百度快照	bdkv	1	4
不打诳语	bdky	1	4
不得了	bdl	2	3
背地里	bdl	3	3
不大了解	bdlj	2	4
本地连接	bdlj	3	4
表达了作者的思乡之情	bdlq	1	4
帮倒忙	bdm	1	3
不达目的	bdmd	1	4
抱得美人归	bdmg	2	4
不动明王	bdmw	2	4
不达目的不罢休	bdmx	2	4
不达目的誓不罢休	bdmx	3	4
不但没有	bdmy	1	4
布丁奶茶	bdni	1	4
不动脑筋	bdnj	1	4
表达能力	bdnl	1	4
笨蛋奶妈	bdnm	3	4
不动脑子	bdnz	1	4
不带脑子	bdnz	2	4
彼得帕克	bdpk	3	4
必读篇目	bdpm	1	4
不定期	bdq	1	3
本地区	bdq	2	3
不断前进	bdqj	2	4
剥夺权利	bdql	2	4
本地人	bdr	1	3
不打扰	bdr	2	3
别的人	bdr	3	3
不但如此	bdrc	2	4
不当人看	bdrk	1	4
不打扰了	bdrl	1	4
不得入内	bdrn	1	4
不当人子	bdrz	2	4
不打算	bds	1	3
本打算	bds	2	3
变电所	bds	3	3
冰冻三尺，非一日之功	bdsg	1	4
冰冻三尺非一日之寒	bdsh	1	4
冰冻三尺，非一日之寒	bdsh	2	4
别的什么	bdsm	1	4
病毒扫描	bdsm	2	4
百度搜索	bdss	2	4
不对头	bdt	1	3
摆地摊	bdt	2	3
抱大腿	bdt	3	3
半导体	bdt	4	3
不等同	bdt	5	3
百度贴吧	bdtb	1	4
百度推广	bdtg	2	4
白帝托孤	bdtg	3	4
半岛铁盒	bdth	3	4
拔得头筹	bdti	1	4
比登天还难	bdtn	2	4
不断提升	bdtu	2	4
宝岛台湾	bdtw	1	4
不等同于	bdty	1	4
不大同意	bdty	2	4
比得上	bdu	1	3
不但是	bdu	2	3
不单是	bdu	3	3
表达式	bdu	4	3
不等式	bdu	5	3
病毒式传播	bdub	1	4
百度输入法	bduf	2	4
不大适合	bduh	2	4
白帝圣剑	bduj	4	4
不多说了	bdul	2	4
百度视频	bdup	1	4
别的事情	bduq	1	4
不断深入	bdur	1	4
不得少于	bduy	2	4
别当真	bdv	1	3
报到证	bdv	2	3
兵多者败	bdvb	1	4
百度知道	bdvd	2	4
不打折扣	bdvk	1	4
博德之门	bdvm	1	4
白底照片	bdvp	1	4
剥夺政治权力终身	bdvu	1	4
不带这样	bdvy	1	4
不到位	bdw	2	3
不倒翁	bdw	3	3
本单位	bdw	4	3
本地文件	bdwj	3	4
病毒文件	bdwj	4	4
百度文库	bdwk	1	4
不得无礼	bdwl	2	4
百度外卖	bdwm	1	4
百度网盘	bdwp	2	4
拔屌无情	bdwq	1	4
拔吊无情	bdwq	2	4
别的问题	bdwt	1	4
不打无把握之仗	bdwv	1	4
不打无准备之仗	bdwv	2	4
绑定微信	bdwx	1	4
不到万一	bdwy	1	4
不到万不得已	bdwy	2	4
别担心	bdx	1	3
不担心	bdx	2	3
病毒性	bdx	3	3
被动性	bdx	4	3
北斗星	bdx	5	3
不大习惯	bdxg	1	4
不端行为	bdxw	1	4
不大相信	bdxx	3	4
八大行星	bdxx	4	4
不得已	bdy	1	3
不等于	bdy	2	3
不低于	bdy	3	3
不得以	bdy	4	3
鼻窦炎	bdy	5	3
百度一下，你就知道	bdyd	1	4
百度一下你就知道	bdyd	2	4
白带异常	bdyi	4	4
弊大于利	bdyl	2	4
百度云盘	bdyp	1	4
别的意思	bdys	1	4
笨得要死	bdys	2	4
不到一天	bdyt	3	4
背地一套	bdyt	4	4
不得已而为之	bdyv	2	4
不得有误	bdyw	1	4
不得延误	bdyw	2	4
百度一下	bdyx	1	4
不断涌现	bdyx	2	4
波多野结衣	bdyy	5	4
半吊子	bdz	2	3
瘪犊子	bdz	3	3
霸道总裁	bdzc	1	4
不断增强	bdzq	2	4
拜倒在石榴裙下	bdzx	1	4
伯恩安德森	beas	1	4
倍儿棒	beb	1	3
避而不答	bebd	1	4
背恩负义	befy	1	4
巴儿狗	beg	1	3
白垩纪	bej	1	3
不二价	bej	2	3
巴尔喀什	beku	1	4
包二奶	ben	1	3
边儿去	beq	1	3
不二人选	berx	1	4
博尔特	bet	1	3
倍儿爽	beu	1	3
包耳式	beu	2	3
布尔什维克	beuk	1	4
不贰之臣	bevi	1	4
孛儿只斤	bevj	1	4
不二之选	bevx	1	4
北二外	bew	1	3
办法	bf	2	2
部分	bf	3	2
不妨碍	bfa	2	3
不方便	bfb	1	3
百分百	bfb	2	3
百分比	bfb	3	3
播放不了	bfbl	1	4
百分百参团率	bfbl	2	4
伯父伯母	bfbm	1	4
不愤不启	bfbq	1	4
不服憋着	bfbv	3	4
不服不行	bfbx	1	4
不服从	bfc	2	3
不负此生	bfcu	1	4
不反对	bfd	1	3
不发达	bfd	2	3
不封顶	bfd	3	3
百分点	bfd	4	3
不复当年	bfdn	1	4
不分敌我	bfdw	1	4
不分大小	bfdx	2	4
不分敌友	bfdy	1	4
变法儿	bfe	1	3
笨方法	bff	2	3
不复返	bff	3	3
不犯法	bff	4	3
北方方言	bffy	1	4
波分复用	bffy	2	4
不放过	bfg	1	3
饱腹感	bfg	2	3
避风港	bfg	3	3
不分高低	bfgd	2	4
白费功夫	bfgf	1	4
播放工具	bfgj	1	4
部分功能	bfgn	1	4
不分高下	bfgx	2	4
不符合	bfh	1	3
暴发户	bfh	2	3
别废话	bfh	3	3
百分号	bfh	4	3
不分好歹	bfhd	1	4
不分好坏	bfhh	2	4
不符合实际	bfhj	1	4
白发红颜	bfhy	2	4
迸发出	bfi	1	3
不费吹灰之力	bfil	1	4
不费劲	bfj	1	3
抱佛脚	bfj	2	3
白费劲	bfj	3	3
半封建	bfj	4	3
毕福剑	bfj	5	3
不服就干	bfjg	1	4
避繁就简	bfjj	2	4
步伐加快	bfjk	1	4
被罚款	bfk	2	3
不分开	bfk	3	3
并非空穴来风	bfkf	1	4
部分课程	bfki	1	4
部分科目	bfkm	1	4
播放控制	bfkv	2	4
白费苦心	bfkx	2	4
爆发力	bfl	1	3
播放量	bfl	2	3
不服老	bfl	3	3
不服来辩	bflb	1	4
八方来财	bflc	1	4
不服来干	bflg	1	4
兵分两路	bfll	1	4
不费力气	bflq	3	4
部分利润	bflr	1	4
不分老少	bflu	1	4
不服来战	bflv	1	4
白富美	bfm	1	3
不疯魔不成活	bfmh	2	4
并非没有	bfmy	1	4
北方民族	bfmz	1	4
不分南北	bfnb	1	4
不分年龄	bfnl	1	4
不分男女	bfnn	2	4
不分你我	bfnw	1	4
并非偶然	bfor	1	4
包分配	bfp	2	3
背风坡	bfp	3	3
不服气	bfq	1	3
播放器	bfq	2	3
不放弃	bfq	3	3
不分青红皂白	bfqb	1	4
拜佛求经	bfqj	1	4
白发青衫	bfqu	2	4
白发千丈	bfqv	1	4
不分轻重	bfqv	2	4
边防前线	bfqx	1	4
部分人	bfr	2	3
不否认	bfr	3	3
北方人	bfr	4	3
不负如来不负卿	bfrq	1	4
白发人送黑发人	bfrr	1	4
不分日夜	bfry	1	4
不负所托	bfst	1	4
巴菲特	bft	2	3
避风头	bft	3	3
部分通过	bftg	2	4
部分同学	bftx	1	4
并非是	bfu	1	3
比方说	bfu	2	3
不服输	bfu	3	3
蝙蝠衫	bfu	4	3
爆发式	bfu	5	3
百分数	bfu	6	3
不负韶华	bfuh	1	4
报复社会	bfuh	2	4
白费时间	bfuj	2	4
波风水门	bfum	1	4
边防哨所	bfus	1	4
半分钟	bfv	1	3
百分之	bfv	2	3
并发症	bfv	3	3
百分制	bfv	4	3
百夫长	bfv	5	3
奔赴战场	bfvi	3	4
百分之九十九	bfvj	3	4
不负重托	bfvt	2	4
别烦我	bfw	1	3
百分位	bfw	2	3
不复往日荣光	bfwg	1	4
不放心	bfx	2	3
暴风雪	bfx	3	3
蝙蝠侠	bfx	4	3
爆发性	bfx	5	3
报复性	bfx	6	3
边防线	bfx	7	3
不分先后	bfxh	1	4
不发信号	bfxh	2	4
被发现了	bfxl	5	4
暴风吸入	bfxr	1	4
白费心思	bfxs	1	4
别放心上	bfxu	1	4
暴风雨	bfy	1	3
八分音符	bfyf	1	4
播放影片	bfyp	1	4
暴风影视	bfyu	3	4
笔锋一转	bfyv	1	4
并非因为	bfyw	1	4
不费一兵一卒	bfyz	1	4
不负责	bfz	1	3
不复杂	bfz	2	3
不负责的	bfzd	1	4
办法总比困难多	bfzd	2	4
不飞则已	bfzy	4	4
不过	bg	2	2
不管	bg	3	2
不敢	bg	4	2
不够啊	bga	2	3
不顾安危	bgaw	1	4
不改变	bgb	1	3
班干部	bgb	2	3
不高不矮	bgba	1	4
不干不净吃了没病	bgbb	1	4
表哥表姐	bgbj	4	4
不肝不氪	bgbk	1	4
不管白猫黑猫	bgbm	1	4
不敢保证	bgbv	1	4
不管不问	bgbw	1	4
不光彩	bgc	1	3
别搞错	bgc	2	3
宝贵财富	bgcf	1	4
别搞错了	bgcl	1	4
不敢当	bgd	1	3
不感到	bgd	2	3
半个多	bgd	3	3
补光灯	bgd	4	3
背光灯	bgd	5	3
办公电话	bgdh	1	4
不共戴天之仇	bgdi	2	4
半个多世纪	bgdj	2	4
不敢怠慢	bgdm	1	4
半个多小时	bgdu	1	4
半个多月	bgdy	1	4
冰棍儿	bge	1	3
不过分	bgf	1	3
不辜负	bgf	2	3
保管费	bgf	3	3
不敢放弃	bgfq	1	4
白骨夫人	bgfr	1	4
变更法人	bgfr	2	4
办公费用	bgfy	1	4
包干负责	bgfz	1	4
不过关	bgg	2	3
不够格	bgg	3	3
碧根果	bgg	4	3
不敢高攀	bggp	1	4
不敢恭维	bggw	1	4
不够好	bgh	2	3
报告会	bgh	3	3
不顾后果	bghg	1	4
不过还好	bghh	1	4
办公环境	bghj	1	4
不给活路	bghl	1	4
不管黑猫白猫	bghm	1	4
不干好事	bghu	1	4
不敢或忘	bghw	1	4
不构成	bgi	1	3
报告称	bgi	2	3
半挂车	bgi	3	3
办公处	bgi	4	3
兵工厂	bgi	5	3
摆个臭脸	bgil	2	4
不改初衷	bgiv	1	4
不干净	bgj	2	3
白骨精	bgj	3	3
不干胶	bgj	4	3
不给机会	bgjh	1	4
不过就是	bgju	1	4
不敢接受	bgju	2	4
白骨教主	bgjv	2	4
不够尽兴	bgjx	1	4
宝贵经验	bgjy	1	4
不敢看	bgk	2	3
宾馆客房	bgkf	1	4
不过可以	bgky	1	4
不管了	bgl	1	3
不归路	bgl	2	3
百公里	bgl	3	3
办公楼	bgl	4	3
不给力	bgl	5	3
巴格拉斯效果	bglg	1	4
百公里加速	bgls	1	4
巴格拉斯	bgls	2	4
悲观论调	bglt	1	4
帮个忙	bgm	2	3
不感冒	bgm	3	3
不惯毛病	bgmb	1	4
不敢面对	bgmd	1	4
逼格满满	bgmm	1	4
不给面子	bgmz	1	4
不管你	bgn	2	3
布谷鸟	bgn	3	3
不管那么多	bgnd	1	4
不管你了	bgnl	2	4
不关你事	bgnu	1	4
不过脑子	bgnz	1	4
不公平	bgp	1	3
不公平的待遇	bgpy	1	4
办公区	bgq	1	3
背过气	bgq	2	3
不过去	bgq	3	3
不敢确定	bgqd	1	4
不顾前后	bgqh	1	4
不够清楚	bgqi	1	4
背过气来	bgql	2	4
背过气去	bgqq	1	4
百怪千奇	bgqq	2	4
拜鬼求神	bgqu	1	4
悲观情绪	bgqx	2	4
被告人	bgr	1	3
保管人	bgr	2	3
报告人	bgr	3	3
本国人	bgr	4	3
办公软件	bgrj	1	4
本国人民	bgrm	1	4
办公人员	bgry	1	4
不过如此而已	bgry	2	4
不告诉	bgs	1	3
本公司	bgs	2	3
不够塞牙缝的	bgsd	1	4
不够塞牙缝	bgsf	1	4
不过三秒	bgsm	1	4
不告诉你	bgsn	1	4
不管三七二十一	bgsy	1	4
包工头	bgt	2	3
表个态	bgt	3	3
办公厅	bgt	4	3
八卦图	bgt	5	3
宝盖头	bgt	6	3
悲观态度	bgtd	1	4
不给糖就捣蛋	bgtd	2	4
不管他了	bgtl	2	4
不关他的事	bgtu	1	4
不改头像	bgtx	1	4
办公室	bgu	2	3
不过是	bgu	3	3
不管是	bgu	4	3
不光是	bgu	5	3
报告书	bgu	6	3
不管事	bgu	7	3
保管室	bgu	8	3
不过是个	bgug	1	4
不敢说话	bguh	1	4
半个时辰	bgui	1	4
不够熟练	bgul	1	4
宝贵生命	bgum	1	4
不管是什么	bgum	2	4
不顾生死	bgus	3	4
不敢擅专	bguv	1	4
不敢奢望	bguw	1	4
补过拾遗	bguy	2	4
不关注	bgv	1	3
办公桌	bgv	2	3
不公正	bgv	3	3
半个钟	bgv	4	3
不归之路	bgvl	2	4
败鼓之皮	bgvp	1	4
半个钟头	bgvt	1	4
不轨之徒	bgvt	2	4
不干正事	bgvu	2	4
不敢直视	bgvu	3	4
悲观主义者	bgvv	1	4
不过这些	bgvx	2	4
别怪我	bgw	1	3
别管我	bgw	2	3
八股文	bgw	3	3
不过问	bgw	4	3
不归我管	bgwg	1	4
败国亡家	bgwj	2	4
别怪我没提醒你	bgwn	1	4
别怪我不客气	bgwq	1	4
别跟我说	bgwu	1	4
不关我事	bgwu	2	4
不甘心	bgx	1	3
不关心	bgx	2	3
不高兴	bgx	3	3
不敢想	bgx	4	3
背锅侠	bgx	5	3
不管许多	bgxd	1	4
不敢相信自己的眼睛	bgxj	1	4
闭关修炼	bgxl	1	4
不高兴了	bgxl	2	4
不感兴趣	bgxq	1	4
半个星期	bgxq	2	4
半个小时	bgxu	1	4
八个小时	bgxu	2	4
倍感欣慰	bgxw	1	4
被关小黑屋	bgxw	2	4
不敢相信	bgxx	1	4
不敢想象	bgxx	2	4
不过现在	bgxz	1	4
别高兴得太早	bgxz	2	4
半个月	bgy	2	3
不够用	bgy	3	3
不管用	bgy	4	3
不过瘾	bgy	5	3
不甘于	bgy	6	3
办公椅	bgy	7	3
不敢越雷池一步	bgyb	1	4
不够用的	bgyd	1	4
不顾一切后果	bgyg	1	4
半个月后	bgyh	1	4
宝贵意见	bgyj	2	4
倍感压力	bgyl	2	4
半个月前	bgyq	2	4
不规则	bgz	2	3
笔杆子	bgz	3	3
不够资格	bgzg	1	4
不管怎么说	bgzu	2	4
八竿子打不着	bgzv	2	4
不敢自专	bgzv	3	4
不管怎么样	bgzy	2	4
不会	bh	2	2
变化	bh	3	2
不会啊	bha	1	3
北海岸	bha	2	3
保护安全	bhaq	1	4
不会吧	bhb	2	3
不好吧	bhb	3	3
不好办	bhb	4	3
白化病	bhb	5	3
变化不大	bhbd	1	4
变化不定	bhbd	2	4
冰火不相容	bhbr	1	4
拔河比赛	bhbs	1	4
不会错	bhc	1	3
保护层	bhc	2	3
百花丛	bhc	3	3
辩护词	bhc	4	3
保护措施	bhcu	1	4
白盒测试	bhcu	2	4
不会的	bhd	2	3
饱和度	bhd	3	3
不厚道	bhd	4	3
百货店	bhd	5	3
北海道	bhd	6	3
闭合电路	bhdl	2	4
不好多说	bhdu	1	4
饱和度战士	bhdu	2	4
保护动物	bhdw	1	4
百害而无一利	bhel	2	4
百害而无一益	bhey	1	4
保护费	bhf	2	3
不合法	bhf	3	3
保护法	bhf	4	3
辩护方	bhf	5	3
不会放弃	bhfq	1	4
不合格	bhg	2	3
不好过	bhg	3	3
背黑锅	bhg	4	3
拔火罐	bhg	5	3
不会改变	bhgb	1	4
不患寡而患不均	bhgj	1	4
变化规律	bhgl	1	4
不后悔	bhh	2	3
不含糊	bhh	3	3
白花花	bhh	4	3
白晃晃	bhh	5	3
百合花	bhh	6	3
变化很大	bhhd	1	4
不会后悔	bhhh	1	4
不合乎逻辑	bhhj	2	4
不会回来	bhhl	1	4
不会很难	bhhn	1	4
不合乎要求	bhhq	1	4
不会怀孕	bhhy	2	4
不好吃	bhi	1	3
冰红茶	bhi	2	3
不合常理	bhil	1	4
不会承认	bhir	1	4
不好讲	bhj	2	3
编后记	bhj	3	3
百花奖	bhj	4	3
避祸就福	bhjf	1	4
不好交差	bhji	1	4
跋扈将军	bhjj	1	4
不好解决	bhjj	2	4
避害就利	bhjl	1	4
不会接受	bhju	1	4
保护机制	bhjv	1	4
不好看	bhk	2	3
不会开心	bhkx	1	4
不合理	bhl	2	3
白桦林	bhl	3	3
白鹤亮翅	bhli	1	4
不合逻辑	bhlj	1	4
不好理解	bhlj	2	4
不回来了	bhll	1	4
比葫芦画瓢	bhlp	1	4
冰火两重天	bhlt	1	4
碧海蓝天	bhlt	2	4
不好吗	bhm	2	3
保护膜	bhm	3	3
不会那么	bhnm	1	4
别害怕	bhp	1	3
保皇派	bhp	2	3
不活泼	bhp	3	3
不好判断	bhpd	2	4
暴虎冯河	bhph	1	4
不好评价	bhpj	1	4
不会抛弃	bhpq	1	4
不花钱	bhq	1	3
不合群	bhq	2	3
保护区	bhq	3	3
辩护权	bhq	4	3
不好确定	bhqd	1	4
不会轻易放弃	bhqq	2	4
不好惹	bhr	1	3
被害人	bhr	2	3
辩护人	bhr	3	3
不好惹的	bhrd	1	4
被害人视角	bhrj	1	4
不会容忍	bhrr	1	4
变化如神	bhru	1	4
不会认为	bhrw	1	4
不划算	bhs	1	3
保护伞	bhs	2	3
庇护所	bhs	3	3
保护色	bhs	4	3
不会思考	bhsk	1	4
不好听	bht	2	3
保护套	bht	3	3
白虎堂	bht	4	3
不好推辞	bhtc	1	4
保号套餐	bhtc	2	4
不会太好	bhth	2	4
不会太难	bhtn	1	4
不合适	bhu	1	3
不好受	bhu	2	3
保护神	bhu	3	3
白桦树	bhu	4	3
把话说明白	bhub	1	4
不会是真的吧	bhub	2	4
不好收场	bhui	1	4
不好说了	bhul	2	4
笔画输入	bhur	1	4
变坏事为好事	bhuu	1	4
拨号上网	bhuw	1	4
不好使用	bhuy	2	4
包含着	bhv	2	3
被害者	bhv	3	3
笔和纸	bhv	4	3
病患者	bhv	5	3
不会知道	bhvd	1	4
被害者视角	bhvj	2	4
不会这么	bhvm	1	4
抱憾终身	bhvu	3	4
不会这样	bhvy	2	4
不好玩	bhw	1	3
白话文	bhw	2	3
保护网	bhw	3	3
百合网	bhw	4	3
不会忘记	bhwj	2	4
拨号网络	bhwl	1	4
不会为难	bhwn	1	4
不和谐	bhx	2	3
不好笑	bhx	3	3
保护性	bhx	4	3
崩坏学园	bhxy	1	4
不会有	bhy	1	3
不好用	bhy	2	3
不欢迎	bhy	3	3
编后语	bhy	4	3
不会因此	bhyc	1	4
不会有错	bhyc	2	4
背后一刀	bhyd	1	4
不好也不坏	bhyh	2	4
扳回一城	bhyi	3	4
扳回一局	bhyj	2	4
保护眼睛	bhyj	3	4
背后有人	bhyr	1	4
保护隐私	bhys	3	4
碧海云天	bhyt	2	4
碧海银沙	bhyu	1	4
冰寒于水	bhyu	2	4
不会因为	bhyw	1	4
不会做	bhz	1	3
白胡子	bhz	2	3
不婚族	bhz	3	3
保护自己	bhzj	1	4
白胡子老头	bhzt	1	4
不会再有	bhzy	2	4
白胡子老爷爷	bhzy	3	4
保持	bi	2	2
变成	bi	3	2
保持安静	biaj	1	4
保持不变	bibb	1	4
不吃不喝	bibh	2	4
不吹不黑	bibh	3	4
奔驰宝马	bibm	2	4
不吵不闹	bibn	1	4
把持不住	bibv	1	4
包吃包住	bibv	2	4
百吃不厌	biby	1	4
不成材	bic	2	3
彼长此消	bicx	1	4
白炽灯	bid	2	3
不迟到	bid	3	3
白炽电灯	bidd	2	4
不逞多让	bidr	3	4
八尺大人	bidr	4	4
不吃东西	bidx	1	4
保持队形	bidx	2	4
不充分	bif	2	3
不重复	bif	3	3
补偿费	bif	4	3
不成反被	bifb	1	4
不超过	big	2	3
不成功	big	3	3
百尺竿头更进一步	bigb	1	4
八重宫司	bigs	3	4
病虫害	bih	2	3
把丑话说在前面	bihm	1	4
把丑话说在前头	biht	2	4
被查处	bii	2	3
不出差错	biic	1	4
保持传统	biit	2	4
保持初心	biix	1	4
不常见	bij	1	3
补偿金	bij	2	3
补差价	bij	3	3
补偿金额	bije	1	4
保持距离	bijl	3	4
备尝艰辛	bijx	3	4
不成敬意	bijy	1	4
半场开香槟	bikb	1	4
编程开发	bikf	1	4
不穿裤子	bikz	2	4
变成了	bil	1	3
不出来	bil	2	3
不成立	bil	3	3
保持冷静	bilj	2	4
不出来了	bill	2	4
保持联络	bill	3	4
保持良好的心态	bilt	1	4
保持联系	bilx	1	4
不出门	bim	1	3
不吹牛逼	binb	1	4
不穿内裤	bink	1	4
补充能量	binl	1	4
不出你所料	binl	2	4
不吃那一套	bint	1	4
搬唇弄舌	binu	1	4
憋出内伤	binu	2	4
半成品	bip	2	3
保持平衡	biph	1	4
不吃葡萄倒吐葡萄皮	bipp	1	4
不出去	biq	1	3
不差钱	biq	2	3
不成器	biq	3	3
不成气候	biqh	1	4
保持清洁	biqj	1	4
保持清醒的头脑	biqn	1	4
必承其重	biqv	1	4
不承认	bir	2	3
编程软件	birj	2	4
补充任务	birw	2	4
不承认错误	birw	3	4
抱成团	bit	2	3
补充体力	bitl	1	4
不成体系	bitx	1	4
不成熟	biu	2	3
不诚实	biu	3	3
被除数	biu	4	3
被乘数	biu	5	3
补充说明	bium	1	4
保持神秘	bium	2	4
悲春伤秋	biuq	1	4
八重神子	biuz	2	4
保持着	biv	2	3
不称职	biv	3	3
包吃住	biv	4	3
保持者	biv	5	3
不成正比	bivb	1	4
不传之秘	bivm	1	4
保持状态	bivt	2	4
不吃这一套	bivt	3	4
被称之为	bivw	1	4
变成这样	bivy	1	4
保持质疑	bivy	2	4
被称为	biw	2	3
搏出位	biw	3	3
保持稳定	biwd	1	4
不成文的规定	biwd	2	4
逼娼为娼	biwi	1	4
补充文件	biwj	2	4
不出我所料	biwl	1	4
不出我之所料	biwl	2	4
逼娼为良	biwl	3	4
不成问题	biwt	2	4
不承想	bix	2	3
八成新	bix	3	3
不吃香	bix	4	3
北朝鲜	bix	5	3
不吃香菜	bixc	3	4
报仇血恨	bixh	2	4
变成现实	bixu	3	4
边陲小镇	bixv	1	4
不常用	biy	2	3
不传谣	biy	3	3
补充液	biy	4	3
不穿衣服	biyf	1	4
摆出一副	biyf	2	4
变成一个	biyg	1	4
保持一定的距离	biyl	1	4
不齿于人	biyr	1	4
补充一下	biyx	1	4
保持友好关系	biyx	2	4
保持原样	biyy	3	4
编程语言	biyy	4	4
被称作	biz	2	3
本初子午线	bizx	1	4
比较	bj	2	2
毕竟	bj	3	2
绑架案	bja	2	3
保洁阿姨	bjay	1	4
笔记本	bjb	2	3
不仅不	bjb	3	3
不具备	bjb	4	3
编辑部	bjb	5	3
搬救兵	bjb	6	3
比较悲观	bjbg	1	4
不急不缓	bjbh	2	4
不仅不会	bjbh	3	4
笔记本电脑	bjbn	1	4
不仅不能	bjbn	2	4
比较薄弱	bjbr	1	4
包接包送	bjbs	2	4
半就半推	bjbt	1	4
八九不离十	bjbu	4	4
比较便宜	bjby	1	4
不急不躁	bjbz	2	4
保健操	bjc	1	3
不记得	bjd	1	3
不见得	bjd	2	3
比较多	bjd	3	3
比较大	bjd	4	3
不间断	bjd	5	3
背景灯	bjd	6	3
不简单	bjd	7	3
不接电话	bjdh	1	4
报警电话	bjdh	2	4
不计代价	bjdj	1	4
不记得了	bjdl	1	4
不讲道理	bjdl	2	4
边境地区	bjdq	1	4
不计得失	bjdu	2	4
白金大神	bjdu	3	4
拔尖儿	bje	2	3
比较烦	bjf	2	3
百家饭	bjf	3	3
保价费	bjf	4	3
鼻甲肥大	bjfd	1	4
比较反感	bjfg	2	4
宝剑锋从磨砺出	bjfi	1	4
不进反退	bjft	1	4
波及范围	bjfw	2	4
不加分析	bjfx	1	4
不惊反喜	bjfx	2	4
不减反增	bjfz	2	4
不及格	bjg	2	3
不经过	bjg	3	3
别见怪	bjg	4	3
比较高	bjg	5	3
北极光	bjg	6	3
比较尴尬	bjgg	1	4
不见棺材不落泪	bjgl	1	4
编辑功能	bjgn	1	4
八九个人	bjgr	1	4
保洁公司	bjgs	3	4
搬家公司	bjgs	4	4
背景故事	bjgu	1	4
八九个月	bjgy	1	4
钣金工艺	bjgy	2	4
比较好	bjh	1	3
不久后	bjh	2	3
不仅会	bjh	3	3
北极狐	bjh	4	3
白加黑	bjh	5	3
不计后果	bjhg	2	4
比较罕见	bjhj	1	4
北京户口	bjhk	1	4
比较合理	bjhl	1	4
不就好了	bjhl	2	4
北京欢迎你	bjhn	1	4
比较好听	bjht	1	4
比较合适	bjhu	2	4
比较好玩	bjhw	1	4
比较差	bji	1	3
比较长	bji	2	3
不经常	bji	3	3
不计成本	bjib	1	4
比较充分	bjif	1	4
百结愁肠	bjii	1	4
比较常见	bjij	2	4
边境冲突	bjit	1	4
并将成为	bjiw	1	4
不讲诚信	bjix	1	4
比较常用	bjiy	1	4
北京朝阳	bjiy	2	4
不仅仅	bjj	2	3
不解决	bjj	3	3
不讲究	bjj	4	3
不将就	bjj	5	3
百家讲坛	bjjt	1	4
不仅仅因为	bjjw	2	4
比较快	bjk	2	3
不健康	bjk	3	3
不积跬步	bjkb	1	4
比较开放	bjkf	1	4
半角空格	bjkg	1	4
白驹空谷	bjkg	2	4
不积跬步无以至千里	bjkl	1	4
闭卷考试	bjku	2	4
北京烤鸭	bjky	2	4
不见了	bjl	2	3
不讲理	bjl	3	3
冰激凌	bjl	4	3
边角料	bjl	5	3
棒极了	bjl	6	3
不吉利	bjl	7	3
标记了一处地点	bjld	2	4
把酒临风	bjlf	1	4
比较落后	bjlh	2	4
比较了解	bjlj	2	4
绑架勒索	bjls	2	4
比较老实	bjlu	2	4
保加利亚妖王	bjlw	1	4
比较理想	bjlx	2	4
病急乱投医	bjly	3	4
兵精粮足	bjlz	2	4
比较慢	bjm	2	3
比较忙	bjm	3	3
本杰明	bjm	4	3
不记名	bjm	5	3
表姐妹	bjm	6	3
不计免赔	bjmp	2	4
比较明显	bjmx	1	4
不仅没有	bjmy	1	4
不讲面子	bjmz	1	4
不仅能	bjn	1	3
比基尼	bjn	2	3
比较难	bjn	3	3
不拘泥	bjn	4	3
不禁能够	bjng	1	4
比较能干	bjng	2	4
败家娘们	bjnm	2	4
不拘泥于	bjny	1	4
北极鲶鱼	bjny	2	4
保健品	bjp	2	3
补给品	bjp	3	3
不久前	bjq	2	3
不进去	bjq	3	3
编辑器	bjq	4	3
不景气	bjq	5	3
报警器	bjq	6	3
表决权	bjq	7	3
拔键器	bjq	8	3
比较强大	bjqd	1	4
比较奇怪	bjqg	1	4
遍及全国	bjqg	2	4
半角全角	bjqj	1	4
比较勤快	bjqk	1	4
坂井泉水	bjqu	2	4
不兼容	bjr	1	3
北京人	bjr	2	3
不尽然	bjr	3	3
伴君如伴虎	bjrh	1	4
比较认可	bjrk	1	4
半截入土	bjrt	1	4
悲剧人物	bjrw	1	4
背景色	bjs	2	3
半决赛	bjs	3	3
毕加索	bjs	4	3
悲剧色彩	bjsc	1	4
不加思考	bjsk	1	4
不经思考	bjsk	2	4
拔剑四顾心茫然	bjsr	2	4
班集体	bjt	2	3
背景图	bjt	3	3
八骏图	bjt	4	3
贝吉塔	bjt	5	3
比较特别	bjtb	1	4
表决通过	bjtg	1	4
比较突出	bjti	1	4
比较推荐	bjtj	1	4
编辑推荐	bjtj	2	4
边界条件	bjtj	3	4
背景图片	bjtp	1	4
不叫天下人负我	bjtw	1	4
不仅是	bju	1	3
不就是	bju	2	3
比较少	bju	3	3
绊脚石	bju	4	3
芭蕉扇	bju	5	3
不接受反驳	bjub	1	4
不接受任何反驳	bjub	2	4
不忌生冷	bjul	1	4
比较顺利	bjul	2	4
比肩神明	bjum	1	4
杯酒释兵权	bjuq	1	4
不就是想	bjux	2	4
边际收益	bjuy	1	4
毕竟是要	bjuy	2	4
半截身子	bjuz	4	4
别紧张	bjv	1	3
不紧张	bjv	2	3
边检站	bjv	3	3
八进制	bjv	4	3
不羁之才	bjvc	1	4
不久之前	bjvq	1	4
背景知识	bjvu	3	4
倍加珍惜	bjvx	1	4
白金之星	bjvx	2	4
比较重要	bjvy	2	4
标记为	bjw	1	3
不讲武德	bjwd	1	4
不尽完美	bjwm	1	4
比较委婉	bjww	2	4
北极熊	bjx	1	3
百家姓	bjx	2	3
边境线	bjx	3	3
边界线	bjx	4	3
悲剧性	bjx	5	3
北极星	bjx	6	3
不禁想到	bjxd	2	4
拔尖选调	bjxd	3	4
冰肌雪肤	bjxf	1	4
败家媳妇	bjxf	2	4
比较喜欢	bjxh	1	4
颁奖现场	bjxi	2	4
比较先进	bjxj	2	4
比较现实	bjxu	2	4
不讲信用	bjxy	1	4
边际效应	bjxy	2	4
不介意	bjy	1	3
不建议	bjy	2	3
白居易	bjy	3	3
不经意	bjy	4	3
比较远	bjy	5	3
不经意的	bjyd	1	4
败局已定	bjyd	2	4
不计一切手段	bjyd	3	4
不经意间	bjyj	2	4
不计一切代价	bjyj	3	4
比较有名	bjym	1	4
不进一家门	bjym	2	4
不讲义气	bjyq	2	4
不计一切	bjyq	3	4
颁奖仪式	bjyu	2	4
比较严重	bjyv	1	4
不经一事不长一智	bjyv	2	4
不仅因为	bjyw	1	4
不禁要问	bjyw	2	4
不拘言笑	bjyx	1	4
博君一笑	bjyx	2	4
背景音乐	bjyy	3	4
败家子	bjz	1	3
包饺子	bjz	2	3
摆架子	bjz	3	3
脖颈子	bjz	4	3
不见踪迹	bjzj	1	4
编辑资料	bjzl	1	4
背景资料	bjzl	2	4
比较自然	bjzr	1	4
比较仔细	bjzx	1	4
不见踪影	bjzy	1	4
不仅在于	bjzy	2	4
包括	bk	2	2
不可	bk	3	2
背靠背	bkb	2	3
不可不	bkb	3	3
不可比	bkb	4	3
不快不慢	bkbm	4	4
不可比拟	bkbn	1	4
百看不腻	bkbn	2	4
不可不信	bkbx	1	4
不肯罢休	bkbx	2	4
百科辞典	bkcd	1	4
不可错过	bkcg	3	4
不可得	bkd	1	3
百科大全	bkdq	1	4
不可代替	bkdt	1	4
报考单位	bkdw	1	4
比克大魔王	bkdw	2	4
不可代替性	bkdx	1	4
不可掉以轻心	bkdx	2	4
包括但不限于	bkdy	2	4
不可遏制	bkev	1	4
不可遏止	bkev	2	4
冰咖啡	bkf	1	3
补考费	bkf	2	3
报考费	bkf	3	3
八块腹肌	bkfj	1	4
不可分离	bkfl	1	4
不开发票	bkfp	1	4
帮困扶贫	bkfp	2	4
不可复制	bkfv	1	4
不可改变	bkgb	1	4
不可告人的目的	bkgd	2	4
不可更换	bkgh	1	4
不可更换电池	bkgi	1	4
不可沽名学霸王	bkgw	1	4
不看好	bkh	1	3
不可活	bkh	2	3
不可回避	bkhb	1	4
不可恢复	bkhf	1	4
不可回收	bkhu	4	4
背阔肌	bkj	1	3
不可兼得	bkjd	1	4
不可加入	bkjr	1	4
不可接受	bkju	4	4
不可靠	bkk	1	3
不可控	bkk	2	3
不可考	bkk	3	3
不可克服	bkkf	1	4
不考虑	bkl	2	3
不快乐	bkl	3	3
别哭了	bkl	4	3
冰窟窿	bkl	5	3
贝克兰德	bkld	1	4
不可理解	bklj	2	4
本科论文	bklw	2	4
宝可梦	bkm	2	3
不可枚举	bkmj	1	4
不可描述	bkmu	1	4
不可没有	bkmy	1	4
不可能	bkn	2	3
不可逆	bkn	3	3
不可能吧	bknb	1	4
不可能不	bknb	2	4
不可能会	bknh	1	4
不可能事件	bknj	1	4
不可能三角	bknj	2	4
不可能是	bknu	1	4
不可能的事	bknu	2	4
不可能说	bknu	3	4
不可能挑战	bknv	2	4
不可能有	bkny	1	4
不靠谱	bkp	2	3
不客气	bkq	2	3
别客气	bkq	3	3
不可取	bkq	4	3
不可缺	bkq	5	3
不可强求	bkqq	3	4
不可全信	bkqx	1	4
不可容忍	bkrr	1	4
不可饶恕	bkru	2	4
不愧是	bks	2	3
不看僧面看佛面	bksm	1	4
报刊亭	bkt	1	3
不可替代	bktd	2	4
不看他的朋友圈	bktq	1	4
不看她的朋友圈	bktq	2	4
不可推卸的责任	bktr	2	4
别卡太死	bkts	4	4
不可天下人负我	bktw	1	4
不可推卸	bktx	1	4
不可同日而语	bkty	2	4
不愧是	bku	1	3
本科生	bku	2	3
白开水	bku	3	3
不吭声	bku	4	3
不可数	bku	5	3
不可数名词	bkuc	1	4
报刊书籍	bkuj	2	4
不愧是你	bkun	1	4
不愧是我	bkuw	1	4
半空中	bkv	2	3
不可知	bkv	3	3
报考者	bkv	4	3
不可掌控	bkvk	1	4
不可琢磨	bkvm	2	4
本科专业	bkvy	3	4
报考专业	bkvy	4	4
不愧为	bkw	1	3
不可谓	bkw	2	3
不可为	bkw	3	3
不可违背	bkwb	1	4
不可谓不	bkwb	2	4
本科文凭	bkwp	1	4
不开玩笑	bkwx	2	4
不可外扬	bkwy	2	4
不开心	bkx	1	3
不科学	bkx	2	3
不可信	bkx	3	3
不可惜	bkx	4	3
不可行	bkx	5	3
不可懈怠	bkxd	1	4
不可泄露天机	bkxj	1	4
不可小视	bkxu	2	4
不可信其无	bkxw	1	4
不可以	bky	1	3
本可以	bky	2	3
不可用	bky	3	3
不可以的	bkyd	1	4
不快也光	bkyg	1	4
半框眼镜	bkyj	3	4
不可预料	bkyl	1	4
不可原谅	bkyl	2	4
不可以吗	bkym	2	4
不可以色色	bkys	2	4
不可以涩涩	bkys	3	4
不可预知	bkyv	2	4
本科院校	bkyx	1	4
包括在	bkz	1	3
不可造次	bkzc	2	4
拨款总额	bkze	1	4
包括在内	bkzn	1	4
不可再生	bkzu	2	4
不可再生资源	bkzy	1	4
不可再生能源	bkzy	2	4
本来	bl	1	2
暴露	bl	2	2
变了	bl	3	2
玻璃杯	blb	1	3
白萝卜	blb	2	3
抱了抱	blb	3	3
哔哩哔哩干杯	blbb	1	4
拔凉拔凉的	blbd	1	4
变脸不扣豆	blbd	2	4
病理变化	blbh	1	4
变来变去	blbq	2	4
摆了摆手	blbu	1	4
不理不问	blbw	1	4
暴露本性	blbx	1	4
奔流不息	blbx	2	4
波澜不兴	blbx	3	4
不稂不莠	blby	2	4
不理睬	blc	1	3
败柳残花	blch	1	4
便利店	bld	1	3
巴厘岛	bld	2	3
白兰地	bld	3	3
宝莲灯	bld	4	3
本垒打	bld	5	3
碧蓝档案	blda	1	4
濒临倒闭	bldb	1	4
并列第二	blde	1	4
本来打算	blds	1	4
并列第三	blds	2	4
不了多少	bldu	1	4
并列第一	bldy	1	4
鼻梁儿	ble	1	3
百利而无一害	bleh	2	4
别浪费	blf	1	3
布洛芬	blf	2	3
半路返回	blfh	1	4
别浪费了	blfl	1	4
壁垒分明	blfm	2	4
比例分配	blfp	1	4
病理反射	blfu	1	4
别来烦我	blfw	1	4
伯劳飞燕	blfy	2	4
暴力犯罪	blfz	1	4
板蓝根	blg	1	3
玻璃缸	blg	2	3
鼻梁骨	blg	3	3
拨浪鼓	blg	4	3
不连贯	blg	5	3
病理改变	blgb	1	4
爸了个根	blgg	1	4
病理过程	blgi	1	4
博览古今	blgj	1	4
不露圭角	blgj	2	4
暴力革命	blgm	1	4
帮了个大忙	blgm	2	4
变了个人	blgr	1	4
臂力过人	blgr	2	4
白领公寓	blgy	1	4
不理会	blh	1	3
八零后	blh	2	3
白莲花	blh	3	3
百老汇	blh	4	3
博览会	blh	5	3
辩论会	blh	6	3
白兰花	blh	7	3
不良后果	blhg	1	4
不留痕迹	blhj	2	4
不留后路	blhl	1	4
碧落黄泉	blhq	1	4
碧蓝航线	blhx	1	4
本来还想	blhx	2	4
暴露出	bli	1	3
玻璃窗	bli	2	3
碧螺春	bli	3	3
冰绿茶	bli	4	3
爆冷出局	blij	2	4
波兰蠢驴	blil	1	4
拔类超群	bliq	1	4
步履沉重	bliv	1	4
不理朝政	bliv	2	4
不了解	blj	1	3
不理解	blj	2	3
八路军	blj	3	3
本来就	blj	4	3
玻璃胶	blj	5	3
白莲教	blj	6	3
不良记录	bljl	1	4
不了解了	bljl	2	4
暴力机器	bljq	1	4
臂力惊人	bljr	1	4
本来就是	blju	1	4
拨乱济危	bljw	1	4
本来就有	bljy	1	4
兵来将挡，水来土掩	bljy	2	4
兵来将挡水来土掩	bljy	3	4
不离开	blk	1	3
暴力狂	blk	2	3
不离口	blk	3	3
暴力抗法	blkf	1	4
不了了	bll	1	3
宝丽来	bll	2	3
巴啦啦	bll	3	3
别乱来	bll	4	3
博丽灵梦	bllm	1	4
白领丽人	bllr	1	4
巴啦啦小魔仙	bllx	1	4
不礼貌	blm	1	3
玻璃门	blm	2	3
白龙马	blm	3	3
波罗蜜	blm	4	3
贝雷帽	blm	5	3
爆冷门	blm	6	3
暴露目标	blmb	1	4
暴力摩托	blmt	1	4
暴力美学	blmx	1	4
不理你	bln	1	3
百灵鸟	bln	2	3
不理你了	blnl	1	4
暴露年龄	blnl	2	4
别来那一套	blnt	1	4
不老女神	blnu	1	4
不老男神	blnu	2	4
布洛妮娅	blny	1	4
玻璃瓶	blp	1	3
舶来品	blp	2	3
濒临破产	blpi	1	4
暴力破解	blpj	1	4
不领情	blq	1	3
玻璃球	blq	2	3
保龄球	blq	3	3
柏林墙	blq	4	3
不利情况	blqk	1	4
不留情面	blqm	1	4
病理切片	blqp	1	4
不良企图	blqt	1	4
不良情绪	blqx	1	4
暴力倾向	blqx	2	4
步履轻盈	blqy	1	4
本来如此	blrc	1	4
病来如山倒	blrd	1	4
不利索	bls	1	3
辩论赛	bls	2	3
布鲁斯	bls	3	3
濒临死亡	blsw	1	4
别理他	blt	1	3
便利贴	blt	2	3
柏拉图	blt	3	3
巴雷特	blt	4	3
表里同病	bltb	1	4
病理特点	bltd	1	4
便利贴女孩	blth	2	4
不利条件	bltj	1	4
不论是	blu	1	3
本来是	blu	2	3
半路上	blu	3	3
不老实	blu	4	3
玻璃水	blu	5	3
不离手	blu	6	3
比利时	blu	7	3
暴力手段	blud	1	4
卑劣手段	blud	2	4
不良嗜好	bluh	2	4
巴黎世家	bluj	2	4
半路杀出个程咬金	bluj	3	4
保留实力	blul	1	4
不良少年	blun	1	4
拨乱视听	blut	2	4
巴黎时装周	bluv	1	4
办理手续	blux	1	4
巴黎圣母院	bluy	1	4
避雷针	blv	1	3
不理智	blv	2	3
本来准备	blvb	1	4
别来沾边	blvb	2	4
暴力执法	blvf	1	4
半路折回	blvh	1	4
不利之处	blvi	1	4
不吝指教	blvj	1	4
玻璃制品	blvp	1	4
别来这一套	blvt	1	4
不来这一套	blvt	2	4
暴露智商	blvu	1	4
不理朝政	blvv	1	4
堡垒之夜	blvy	1	4
本来只有	blvy	2	4
不吝珠玉	blvy	3	4
不理我	blw	1	3
芭蕾舞	blw	2	3
不来往	blw	3	3
比利王	blw	4	3
宝莱坞	blw	5	3
八六五笔	blwb	1	4
不劳无获	blwh	1	4
暴力问题	blwt	1	4
本来我想	blwx	2	4
白露未晞	blwx	3	4
本来想	blx	1	3
不理想	blx	2	3
玻璃心	blx	3	3
不流行	blx	4	3
波浪线	blx	5	3
别乱想	blx	6	3
不落下风	blxf	1	4
表里相符	blxf	2	4
不良习惯	blxg	1	4
保留下来	blxl	1	4
不良习气	blxq	1	4
暴力行为	blxw	2	4
不良现象	blxx	1	4
暴露行踪	blxz	1	4
不乐意	bly	1	3
不利于	bly	2	3
毕了业	bly	3	3
变了样	bly	4	3
白鹿原	bly	5	3
不良引导	blyd	2	4
布朗运动	blyd	3	4
白龙鱼服	blyf	1	4
不留遗憾	blyh	1	4
不良诱惑	blyh	2	4
本来已经	blyj	2	4
憋了一肚子气	blyq	1	4
本来以为	blyw	1	4
不利影响	blyx	2	4
白了一眼	blyy	1	4
冰溜子	blz	1	3
半拉子	blz	2	3
保留字	blz	3	3
不论怎样	blzy	1	4
表面	bm	2	2
帮忙	bm	3	2
不明白	bmb	2	3
编码表	bmb	3	3
避免不了	bmbl	1	4
闭门不纳	bmbn	1	4
闭幕词	bmc	2	3
报名参加	bmcj	2	4
便民措施	bmcu	1	4
白名单	bmd	1	3
百慕大	bmd	2	3
报名登记	bmdj	3	4
八门遁甲	bmdj	4	4
北美大陆	bmdl	1	4
报名地址	bmdv	3	4
保密单位	bmdw	1	4
白木耳	bme	1	3
白米饭	bmf	2	3
报名费	bmf	3	3
版面费	bmf	4	3
报名方法	bmff	1	4
保密发货	bmfh	3	4
百米飞人	bmfr	1	4
不明飞行物	bmfw	2	4
部门负责	bmfz	1	4
白玫瑰	bmg	1	3
不敏感	bmg	2	3
闭门羹	bmg	3	3
不美观	bmg	4	3
表面光	bmg	5	3
表面功夫	bmgf	1	4
部门管理	bmgl	1	4
保密功能	bmgn	1	4
别卖关子	bmgz	3	4
爆米花	bmh	1	3
白忙活	bmh	2	3
表面化	bmh	3	3
闭幕会	bmh	4	3
半亩花田	bmht	1	4
保密画质	bmhv	3	4
百米冲刺	bmic	1	4
避免出错	bmic	2	4
标明出处	bmii	4	4
北面称臣	bmii	5	4
避免冲突	bmit	1	4
避免出现	bmix	2	4
表面积	bmj	2	3
别墨迹	bmj	3	3
白毛巾	bmj	4	3
保密局	bmj	5	3
薄命佳人	bmjr	1	4
保密级画质	bmjv	1	4
避免了	bml	2	3
不明朗	bml	3	3
表明立场	bmli	3	4
白茫茫	bmm	2	3
白蒙蒙	bmm	3	3
白面馍	bmm	4	3
本命年	bmn	1	3
白毛女	bmn	2	3
不美宁缺	bmnq	1	4
表面朋友	bmpy	1	4
不明确	bmq	2	3
编码器	bmq	3	3
半毛钱	bmq	4	3
不勉强	bmq	5	3
罢免权	bmq	6	3
边牧犬	bmq	7	3
不满情绪	bmqx	2	4
半毛钱关系	bmqx	3	4
膘满肉肥	bmrf	2	4
不慕荣利	bmrl	1	4
报名日期	bmrq	1	4
白马寺	bms	2	3
绊马索	bms	3	3
表面搜点	bmsd	3	4
不谋私利	bmsl	1	4
表明态度	bmtd	2	4
报名条件	bmtj	1	4
编码提示	bmtu	1	4
百万特效	bmtx	2	4
八门套九星	bmtx	3	4
表面上	bmu	2	3
变魔术	bmu	3	3
闭幕式	bmu	4	3
不陌生	bmu	5	3
八面受敌	bmud	1	4
表面上看	bmuk	2	4
编码上屏	bmup	1	4
八门神器	bmuq	1	4
不买账	bmv	2	3
北美洲	bmv	3	3
不明智	bmv	4	3
百忙中	bmv	5	3
不民主	bmv	6	3
部门主管	bmvg	3	4
不明之处	bmvi	5	4
半面之交	bmvj	1	4
百忙之中敷衍我们	bmvm	1	4
不灭之握	bmvw	1	4
背面指纹	bmvw	2	4
辨明真相	bmvx	2	4
部门职责	bmvz	3	4
弼马温	bmw	2	3
病名为爱	bmwa	1	4
表面温度	bmwd	2	4
兵马未动	bmwd	3	4
避免误会	bmwh	2	4
百米五虎	bmwh	3	4
兵马未动，粮草先行	bmwx	2	4
不明显	bmx	2	3
保密性	bmx	3	3
斑马线	bmx	4	3
表面性	bmx	5	3
表面兄弟	bmxd	1	4
报名系统	bmxt	2	4
不满现状	bmxv	1	4
保密协议	bmxy	1	4
并没有	bmy	2	3
不满意	bmy	3	3
兵马俑	bmy	4	3
比目鱼	bmy	5	3
蓖麻油	bmy	6	3
报幕员	bmy	7	3
白忙一场	bmyi	5	4
并没有什么	bmym	1	4
不满一年	bmyn	1	4
不名一钱	bmyq	1	4
不明原委	bmyw	2	4
不明意义	bmyy	1	4
不明原因	bmyy	2	4
并没有什么卵用	bmyy	3	4
不满足	bmz	2	3
被埋在	bmz	3	3
蓖麻子	bmz	4	3
不鸣则已，一鸣惊人	bmzr	2	4
不满足于	bmzy	2	4
不能	bn	2	2
半年	bn	3	2
不能按	bna	2	3
不能不	bnb	2	3
半年不到	bnbd	2	4
不年不节	bnbj	1	4
不男不女	bnbn	1	4
不能不说	bnbu	1	4
不能不说是	bnbu	2	4
不能保证	bnbv	1	4
不能错过	bncg	2	4
本能地	bnd	1	3
本年度	bnd	2	3
不能动	bnd	3	3
不能动弹	bndd	2	4
百年诞辰	bndi	2	4
不能多说	bndu	2	4
百年第一	bndy	2	4
不怒而威	bnew	1	4
不耐烦	bnf	2	3
不耐烦地	bnfd	1	4
百年奋斗	bnfd	2	4
不耐烦了	bnfl	1	4
被你发现了	bnfl	2	4
不能否认	bnfr	2	4
不难发现	bnfx	1	4
本能反应	bnfy	1	4
不能够	bng	1	3
并能够	bng	2	3
不能干	bng	3	3
别难过	bng	4	3
百年孤独	bngd	1	4
别难过了	bngl	1	4
不能苟同	bngt	1	4
半年后	bnh	1	3
百脑汇	bnh	2	3
比你好	bnh	3	3
不能呼吸	bnhx	1	4
不能吃	bni	1	3
不能超过	bnig	2	4
不能承受之重	bniv	1	4
不能成为	bniw	1	4
八年级	bnj	1	3
不能解决	bnjj	1	4
不能接受	bnju	2	4
不能肯定	bnkd	1	4
八年抗战	bnkv	1	4
不努力	bnl	2	3
别闹了	bnl	3	3
百年老店	bnld	1	4
不能理解	bnlj	2	4
不能两全	bnlq	1	4
不能乱说	bnlu	1	4
不那么	bnm	1	3
鼻粘膜	bnm	2	3
巴拿马	bnm	3	3
不难明白	bnmb	1	4
巴拿马运河	bnmh	1	4
不能没有	bnmy	1	4
包你满意	bnmy	2	4
半年内	bnn	2	3
白嫩嫩	bnn	3	3
不鸟你	bnn	4	3
保暖内衣	bnny	2	4
百年品牌	bnpp	1	4
半年前	bnq	1	3
八年前	bnq	2	3
不能确定	bnqd	1	4
不耐其烦	bnqf	1	4
拜年枪法	bnqf	2	4
不能忍	bnr	2	3
不能让我一个人	bnrr	2	4
不能忍受	bnru	1	4
避难所	bns	2	3
玻尿酸	bns	3	3
拜你所赐	bnsc	2	4
饱暖思淫欲	bnsy	2	4
编年体	bnt	1	3
不能逃避	bntb	1	4
不能同意	bnty	1	4
不能说	bnu	2	3
编年史	bnu	3	3
不能生存	bnuc	1	4
半年时间	bnuj	1	4
不能说的秘密	bnum	1	4
不能胜任	bnur	2	4
不能实现	bnux	1	4
不能使用	bnuy	1	4
不能适应	bnuy	2	4
白内障	bnv	2	3
半年中	bnv	3	3
百鸟朝凤	bnvf	2	4
半年之内	bnvn	2	4
不能直视	bnvu	2	4
不能这样说	bnvu	3	4
暴怒之下	bnvx	1	4
不能这样	bnvy	3	4
不能忘怀	bnwh	1	4
不能忘记	bnwj	1	4
比你行	bnx	2	3
百年修得同船渡	bnxd	1	4
不难想见	bnxj	1	4
不能幸免	bnxm	3	4
不能显示	bnxu	1	4
不能吸烟	bnxy	1	4
不能用	bny	2	3
保暖衣	bny	3	3
百衲衣	bny	4	3
不能原谅	bnyl	1	4
半年以内	bnyn	1	4
不能允许	bnyx	1	4
帮你一下	bnyx	2	4
白娘子	bnz	2	3
不能坐视不管	bnzg	1	4
不能自理	bnzl	1	4
不能再瞒下去了	bnzl	2	4
不拿自己当外人	bnzr	1	4
不能在一棵树上吊死	bnzs	1	4
不能自制	bnzv	1	4
不能阻止	bnzv	2	4
不能左右	bnzy	2	4
被殴打	bod	1	3
北欧神话	bouh	1	4
不怕	bp	2	2
被迫	bp	3	2
报平安	bpa	2	3
保平安	bpa	3	3
标配版	bpb	1	3
奔跑吧兄弟	bpbd	1	4
不怕不怕	bpbp	2	4
别怕别怕	bpbp	3	4
不骗不抢	bpbq	1	4
不胖不瘦	bpbu	1	4
不平等	bpd	1	3
不平等条约	bpdy	1	4
摆谱儿	bpe	1	3
不平凡	bpf	1	3
编排方式	bpfu	1	4
白苹果	bpg	1	3
包皮过长	bpgi	1	4
不怕鬼敲门	bpgm	1	4
背叛革命	bpgm	2	4
不平衡	bph	1	3
扁平化	bph	2	3
白平衡	bph	3	3
包皮环切	bphq	1	4
被迫害妄想症	bphv	1	4
不排除	bpi	1	3
被判处	bpi	2	3
剥皮抽筋	bpij	1	4
白啤酒	bpj	1	3
编排节目	bpjm	1	4
被迫叫停	bpjt	1	4
不怕苦	bpk	1	3
不怕困难	bpkn	1	4
变频空调	bpkt	1	4
不怕累	bpl	1	3
不凭良心	bplx	1	4
不怕没柴烧	bpmu	1	4
不怕你	bpn	1	3
不匹配	bpp	1	3
被抛弃	bpq	1	3
变频器	bpq	2	3
爆脾气	bpq	3	3
鞭炮齐鸣	bpqm	1	4
鞭辟入里	bprl	1	4
不怕死	bps	2	3
白葡萄	bpt	1	3
不怕她	bpt	2	3
不怕他	bpt	3	3
不怕它	bpt	4	3
帮派体系	bptx	1	4
鞭炮声	bpu	1	3
白皮书	bpu	2	3
爆破手	bpu	3	3
不怕失败	bpub	1	4
白嫖失败	bpub	2	4
半瓶水响叮当	bpud	1	4
包皮手术	bpuu	2	4
抱朴守拙	bpuv	2	4
被评为	bpw	1	3
不怕我	bpw	2	3
不便宜	bpy	2	3
爆破音	bpy	3	3
扁平疣	bpy	4	3
白跑一趟	bpyt	1	4
不配拥有	bpyy	1	4
被迫营业	bpyy	2	4
不怕一万，就怕万一	bpyy	3	4
宝瓶座	bpz	1	3
扁平足	bpz	2	3
不怕贼偷，就怕贼惦记	bpzj	1	4
不怕贼偷就怕贼惦记	bpzj	2	4
被迫自卫	bpzw	1	4
表情	bq	1	2
比起	bq	2	2
并且	bq	3	2
表情包	bqb	1	3
滨崎步	bqb	2	3
版权保护	bqbh	2	4
表情变化	bqbh	3	4
不弃不离	bqbl	1	4
不屈白银	bqby	2	4
霸气侧漏	bqcl	1	4
不确定	bqd	1	3
不恰当	bqd	2	3
棒球队	bqd	3	3
不确定的	bqdd	1	4
不确定因素	bqds	1	4
不确定性因素	bqds	2	4
不全都是	bqdu	1	4
八岐大蛇	bqdu	2	4
白求恩	bqe	1	3
不擒二毛	bqem	1	4
版权费	bqf	1	3
被欺负	bqf	2	3
不缺乏	bqf	3	3
表情丰富	bqff	1	4
表情符号	bqfh	1	4
避其锋芒	bqfm	1	4
避其锋锐	bqfr	1	4
把枪放下	bqfx	1	4
不奇怪	bqg	1	3
别去管	bqg	2	3
笔趣阁	bqg	3	3
表情管理	bqgl	1	4
表情各异	bqgy	2	4
毕其功于一役	bqgy	3	4
标签化	bqh	1	3
不求回报	bqhb	1	4
步其后尘	bqhi	1	4
不切合实际	bqhj	1	4
病情好转	bqhv	1	4
不清楚	bqi	1	3
不清楚了	bqil	1	4
白切鸡	bqj	1	3
避强击弱	bqjr	1	4
兵器技术	bqju	1	4
兵器库	bqk	1	3
比起来	bql	1	3
冰淇淋	bql	2	3
不去了	bql	3	3
绑起来	bql	4	3
八千里	bql	5	3
板起脸	bql	6	3
板起脸孔	bqlk	1	4
背起了行囊	bqln	1	4
别气馁	bqn	1	3
比丘尼	bqn	2	3
并且能够	bqng	1	4
比起你来	bqnl	1	4
表情平静	bqpj	1	4
不缺钱	bqq	1	3
不确切	bqq	2	3
不求人	bqr	1	3
避其锐气	bqrq	1	4
不期然而然	bqrr	1	4
病去如抽丝	bqrs	1	4
不轻松	bqs	1	3
包青天	bqt	1	3
扒墙头	bqt	2	3
比起她来	bqtl	1	4
比起他来	bqtl	2	4
不求同年同月同日生，只愿同年同月同日死	bqts	1	4
不求同年同月同日生	bqtu	1	4
并且是	bqu	1	3
不全是	bqu	2	3
不欠谁	bqu	3	3
辨清是非	bquf	1	4
搬起石头砸自己的脚	bquj	4	4
版权声明	bqum	1	4
棒球少年	bqun	1	4
本期视频	bqup	1	4
版权收入	bqur	1	4
搬起石头	bqut	1	4
霸气十足	bquz	1	4
办签证	bqv	1	3
比起这个	bqvg	1	4
勃起至今	bqvj	1	4
表情狰狞	bqvn	1	4
霸气外露	bqwl	1	4
比起我来	bqwl	2	4
被取消	bqx	1	3
不期修古	bqxg	1	4
不起眼	bqy	1	3
不情愿	bqy	2	3
标签页	bqy	3	3
不轻易	bqy	4	3
不抢一秒	bqym	1	4
冰清玉润	bqyr	1	4
版权意识	bqyu	1	4
悲情英雄	bqyx	1	4
不轻易相信	bqyx	2	4
补气养血	bqyx	3	4
闭起嘴巴	bqzb	1	4
八旗子弟	bqzd	1	4
不起作用	bqzy	1	4
不请自坐	bqzz	1	4
别人	br	1	2
比如	br	2	2
不如	br	3	2
被人暗算	bras	1	4
不然不	brb	1	3
帮人帮到底	brbd	1	4
般若波罗蜜多	brbd	2	4
般若波罗蜜多心经	brbj	1	4
不容错过	brcg	1	4
不如从前	brcq	1	4
别人的	brd	1	3
不认得	brd	2	3
不人道	brd	3	3
必然的结果	brdg	1	4
被人打扰	brdr	1	4
半入耳式	breu	1	4
不容分辩	brfb	1	4
甏肉干饭	brgf	1	4
必然会	brh	1	3
白热化	brh	2	3
不容回避	brhb	1	4
不入虎穴，焉得虎子	brhz	1	4
不入虎穴焉得虎子	brhz	2	4
必然产物	briw	1	4
拨冗出席	brix	1	4
薄如蝉翼	briy	1	4
别人家	brj	1	3
八人间	brj	2	3
别人家的	brjd	1	4
百人计划	brjh	1	4
别人家的孩子	brjz	1	4
不认可	brk	1	3
百日咳	brk	2	3
必然可以	brky	1	4
不入流	brl	1	3
哺乳类	brl	2	3
不忍离开	brlk	1	4
步入老年	brln	1	4
不忍离去	brlq	1	4
必然联系	brlx	1	4
被人利用	brly	1	4
白日梦	brm	1	3
被人骂	brm	2	3
甏肉米饭	brmf	1	4
白日梦想家	brmj	1	4
被任命为	brmw	1	4
不然呢	brn	1	3
哺乳期	brq	1	3
不让人	brr	1	3
不认人	brr	2	3
比热容	brr	3	3
必然如此	brrc	1	4
被人认为	brrw	1	4
被人算计	brsj	1	4
不认同	brt	1	3
半乳糖	brt	2	3
不容推翻	brtf	1	4
不让他看我的朋友圈	brtq	1	4
不如跳舞	brtw	1	4
不如她意	brty	1	4
不如他意	brty	2	4
比如说	bru	1	3
不认识	bru	2	3
不如说	bru	3	3
不认输	bru	4	3
鬓如霜	bru	5	3
不让是本分	bruf	1	4
步入社会	bruh	1	4
必然事件	bruj	1	4
不认识路	brul	1	4
不如说是	bruu	1	4
百日誓师	bruu	2	4
不如授人以渔	bruy	1	4
不认识字	bruz	1	4
不认真	brv	1	3
不认账	brv	2	3
半日制	brv	3	3
白刃战	brv	4	3
百人斩	brv	5	3
比如这个	brvg	2	4
步入中年	brvn	1	4
步入正题	brvt	1	4
不如这样	brvy	2	4
不认为	brw	1	3
被认为	brw	2	3
别让我逮到	brwd	1	4
白人问号	brwh	1	4
被认为是	brwu	1	4
不如我意	brwy	1	4
不忍心	brx	1	3
不容许	brx	2	3
包容性	brx	3	3
必然性	brx	4	3
别人笑我太疯癫	brxd	1	4
白人小哥	brxg	1	4
被人陷害	brxh	1	4
被人喜欢	brxh	2	4
不染纤尘	brxi	1	4
不让须眉	brxm	1	4
必然选择	brxz	1	4
不容易	bry	1	3
必然要	bry	2	3
必然有	bry	3	3
不如意	bry	4	3
不如愿	bry	5	3
必然要求	bryq	1	4
博人眼球	bryq	2	4
本人已死	brys	1	4
必然也是	bryu	2	4
不溶于水	bryu	3	4
不让座是本分	brzf	1	4
不让自己	brzj	1	4
不忍卒听	brzt	1	4
不忍卒视	brzu	1	4
比赛	bs	1	2
不算	bs	2	2
白色	bs	3	2
比萨饼	bsb	1	3
百思不得其解	bsbj	2	4
不松不紧	bsbj	3	4
百思不得其姐	bsbj	4	4
不塞不流	bsbl	2	4
不死不灭	bsbm	1	4
不算多	bsd	1	3
波塞冬	bsd	2	3
比赛第二	bsde	1	4
贝塞尔	bse	1	3
泊松分布	bsfb	1	4
白色风车	bsfi	1	4
濒死感	bsg	1	3
泊松过程	bsgi	1	4
不算好	bsh	1	3
比赛后	bsh	2	3
比赛场	bsi	1	3
报私仇	bsi	2	3
变速齿轮	bsil	1	4
本色出演	bsiy	1	4
本赛季	bsj	1	3
白色家电	bsjd	1	4
比赛结束	bsju	1	4
比赛开始	bsku	1	4
变色龙	bsl	1	3
波斯猫	bsm	1	3
百死莫赎	bsmu	1	4
白丝女仆	bsnp	1	4
变速器	bsq	1	3
比赛日	bsr	1	3
不遂人愿	bsry	1	4
白森森	bss	1	3
不算什么	bssm	1	4
拔丝土豆	bstd	1	4
不死图腾	bstt	1	4
不算数	bsu	1	3
百岁山	bsu	2	3
不算少	bsu	3	3
保送生	bsu	4	3
贝斯手	bsu	5	3
比赛中	bsv	1	3
伴随着	bsv	2	3
白素贞	bsv	3	3
BOSS直聘	bsvp	1	4
不死之身	bsvu	1	4
不死战神	bsvu	2	4
伴随症状	bsvv	1	4
不死心	bsx	1	3
变速箱	bsx	2	3
贝斯笑话	bsxh	1	4
比赛项目	bsxm	1	4
抱孙子	bsz	1	3
不停	bt	1	2
不同	bt	2	2
不太	bt	3	2
保土安民	btam	1	4
不太安全	btaq	1	4
比特币	btb	1	3
白天不懂夜的黑	btbh	1	4
摆脱不了	btbl	1	4
不偷不抢	btbq	1	4
拜托拜托	btbt	1	4
悲痛不止	btbv	1	4
表土层	btc	1	3
不同的	btd	1	3
不停地	btd	2	3
标题党	btd	3	3
不同点	btd	4	3
不太懂	btd	5	3
不太对	btd	6	3
拜天地	btd	7	3
不太多	btd	8	3
不太对劲儿	btde	1	4
不太对劲	btdj	2	4
白天到夜间	btdj	3	4
不同的情况	btdk	2	4
不通道理	btdl	2	4
不同的人	btdr	1	4
不同的是	btdu	1	4
别提多高兴	btdx	1	4
白天鹅	bte	1	3
抱团儿	bte	2	3
白条额度	bted	1	4
爆体而亡	btew	1	4
不同而已	btey	1	4
白头发	btf	1	3
不透风	btf	2	3
不通风	btf	3	3
补贴费	btf	4	3
不太方便	btfb	1	4
不退反进	btfj	1	4
不透风的墙	btfq	1	4
不太敢	btg	1	3
不透光	btg	2	3
不太光彩	btgc	1	4
别太过分	btgf	1	4
不同国家	btgj	1	4
不太公平	btgp	1	4
不太高兴	btgx	1	4
不太甘心	btgx	2	4
不太好	bth	1	3
不听话	bth	2	3
霸天虎	bth	3	3
本土化	bth	4	3
不太好吧	bthb	1	4
不太好办	bthb	2	4
不太好看	bthk	1	4
不太合适	bthu	1	4
不提倡	bti	1	3
拔头筹	bti	2	3
半脱产	bti	3	3
不同尺寸	btic	1	4
不同程度的	btid	2	4
不同场合	btih	1	4
不同程度上	btiu	1	4
不推荐	btj	1	3
薄透镜	btj	2	3
不同阶段	btjd	2	4
补贴金额	btje	1	4
悲痛交加	btjj	1	4
不同见解	btjj	2	4
不太健康	btjk	1	4
不太吉利	btjl	1	4
拔腿就跑	btjp	1	4
爆头机器	btjq	1	4
本台记者	btjv	1	4
补贴家用	btjy	1	4
不痛快	btk	1	3
变态狂	btk	2	3
白铁矿	btk	3	3
不同看法	btkf	1	4
不太看好	btkh	1	4
不太可能	btkn	1	4
拜托了	btl	1	3
别提了	btl	2	3
标题栏	btl	3	3
变态辣	btl	4	3
抱头乱串	btli	1	4
不太了解	btlj	1	4
不听老人言，吃亏在眼前	btlq	1	4
不听老人言吃亏在眼前	btlq	2	4
不同流俗	btls	1	4
不太理想	btlx	2	4
不听老人言	btly	1	4
半透明	btm	1	3
不透明	btm	2	3
不体面	btm	3	3
不太明白	btmb	1	4
不透明度	btmd	1	4
不太明显	btmx	1	4
不太满意	btmy	1	4
本同末异	btmy	2	4
不太难	btn	1	3
白头鸟	btn	2	3
鼻涕泡	btp	1	3
白铁皮	btp	2	3
摆脱贫困	btpk	1	4
摆脱贫穷	btpq	1	4
奔腾咆哮	btpx	1	4
不透气	btq	1	3
不听劝	btq	2	3
趵突泉	btq	3	3
不太清楚	btqi	1	4
不同情况	btqk	1	4
抱团取暖	btqn	1	4
不同情况下	btqx	1	4
不太情愿	btqy	1	4
变态人格	btrg	1	4
波涛如怒	btrn	1	4
不听人劝	btrq	2	4
不太认同	btrt	1	4
不太认识	btru	1	4
不太容易	btry	1	4
被投诉	bts	1	3
扁桃体	btt	1	3
巴头探脑	bttn	1	4
别听他那一套	bttt	1	4
扁桃体结石	bttu	1	4
不踏实	btu	1	3
半桶水	btu	2	3
不同时代	btud	2	4
不太舒服	btuf	1	4
不太适合	btuh	1	4
不听使唤	btuh	2	4
遍体生寒	btuh	3	4
半天时间	btuj	1	4
本土势力	btul	1	4
不通事理	btul	2	4
不同时期	btuq	1	4
不太熟悉	btux	1	4
不同声音	btuy	1	4
被天使吻过的嗓子	btuz	1	4
不停止	btv	1	3
不太知道	btvd	1	4
不太直观	btvg	1	4
不听指挥	btvh	1	4
不妥之处	btvi	2	4
不同主张	btvv	2	4
宝塔镇河妖	btvy	1	4
白头翁	btw	1	3
不同往常	btwi	1	4
白天晚上	btwu	1	4
不太想	btx	1	3
不太像	btx	2	3
不妥协	btx	3	3
不讨喜	btx	4	3
不停息	btx	5	3
不太习惯	btxg	1	4
不太喜欢	btxh	1	4
不太像话	btxh	2	4
不同小可	btxk	1	4
不太现实	btxu	1	4
不太想事	btxu	2	4
不同性质	btxv	1	4
不太相信	btxx	1	4
本台消息	btxx	2	4
不同意	bty	1	3
不同于	bty	2	3
不统一	bty	3	3
不太用	bty	4	3
不提也罢	btyb	2	4
不太友好	btyh	1	4
补天浴日	btyr	1	4
步调一致	btyv	1	4
不太严重	btyv	2	4
帮他一下	btyx	1	4
帮她一下	btyx	2	4
不太一样	btyy	1	4
摆摊子	btz	1	3
不是	bu	2	2
不少	bu	3	2
不是啊	bua	2	3
表示哀悼	buad	1	4
不是吧	bub	1	3
本硕博	bub	2	3
不闪不避	bubb	1	4
不是不报	bubb	2	4
不是不报，时候未到	bubd	2	4
不是白叫的	bubd	3	4
不是办法	bubf	1	4
拜神拜鬼	bubg	1	4
不受保护	bubh	2	4
不是不会	bubh	3	4
绊手绊脚	bubj	3	4
不是本人	bubr	1	4
保熟保甜	bubt	1	4
半熟不熟	bubu	4	4
不是不行	bubx	3	4
博士毕业	buby	1	4
不输不赢	buby	2	4
比上不足，比下有余	buby	3	4
比上不足比下有余	buby	4	4
不舍得	bud	1	3
不是的	bud	2	3
保守党	bud	3	3
波士顿	bud	4	3
辨识度	bud	5	3
北师大	bud	6	3
巴适得板	budb	1	4
北师大版	budb	2	4
比啥都强	budq	1	4
办事大厅	budt	2	4
博识多通	budt	3	4
不是对手	budu	1	4
八十大寿	budu	2	4
本山大叔	budu	3	4
不删档测试	budu	4	4
不是东西	budx	1	4
不舒服	buf	2	3
被说服	buf	3	3
不设防	buf	4	3
标识符	buf	5	3
不施粉黛	bufd	2	4
别说废话	bufh	4	4
不甚分明	bufm	1	4
饱受非议	bufy	1	4
不是个	bug	2	3
北上广	bug	3	3
壁上观	bug	4	3
半手工	bug	5	3
饱受诟病	bugb	1	4
别是个傻子吧	bugb	2	4
不是个省油的灯	bugd	3	4
不是个办法	bugf	1	4
不少工夫	bugf	2	4
保守估计	bugj	4	4
不是哥们	bugm	1	4
不是，哥们	bugm	2	4
布什戈门	bugm	3	4
北上广深	bugu	3	4
备受关注	bugv	2	4
倍受鼓舞	bugw	2	4
不是个东西	bugx	3	4
不是很	buh	2	3
不适合	buh	3	3
不说话	buh	4	3
博士后	buh	5	3
不识货	buh	6	3
不是很懂	buhd	2	4
不是很高	buhg	1	4
不是很差	buhi	2	4
不是很快	buhk	1	4
表示毫无压力	buhl	2	4
不是好鸟	buhn	1	4
不说话装高手	buhu	2	4
冰水混合物	buhw	2	4
不识好人心	buhx	1	4
办事处	bui	1	3
被删除	bui	2	3
不是吃素的	buid	1	4
不是长久之计	buij	1	4
八十出头	buit	1	4
不胜传说	buiu	3	4
白上吹雪	buix	2	4
必杀技	buj	1	3
保时捷	buj	2	3
不睡觉	buj	3	3
不涉及	buj	4	3
保释金	buj	5	3
不实际	buj	6	3
备受煎熬	buja	1	4
饱受煎熬	buja	2	4
不是绝对	bujd	1	4
办事机构	bujg	1	4
不说假话	bujh	1	4
饱受饥寒	bujh	2	4
不守纪律	bujl	3	4
逼上绝路	bujl	4	4
本身就是	buju	4	4
必胜客	buk	2	3
别墅靠海	bukh	2	4
笔试科目	bukm	1	4
别说了	bul	2	3
不说了	bul	3	3
不顺利	bul	4	3
鄙视链	bul	5	3
不熟练	bul	6	3
伴手礼	bul	7	3
本硕连读	buld	3	4
百世轮回	bulh	2	4
闭上了眼睛	bulj	1	4
表示理解	bulj	2	4
不甚了解	bulj	3	4
不识庐山真面目	bulm	1	4
不失礼貌	bulm	2	4
备受凌辱	bulr	1	4
碧水蓝天	bult	1	4
不识庐山真面目，只缘身在此山中	bulv	2	4
博士论文	bulw	3	4
闭上了眼	buly	2	4
不是吗	bum	1	3
不是么	bum	2	3
报上名来	buml	2	4
不是每个人	bumr	1	4
表示满意	bumy	2	4
白水泥	bun	1	3
不是你的	bund	3	4
不是那个	bung	2	4
不是那里	bunl	1	4
不是那么	bunm	1	4
八十年前	bunq	1	4
不是那么回事	bunu	1	4
不是难事	bunu	2	4
不是那样	buny	2	4
保守派	bup	2	3
不生气	buq	2	3
别生气	buq	3	3
不上去	buq	4	3
变声器	buq	5	3
变声期	buq	6	3
保税区	buq	7	3
比试切磋	buqc	1	4
不受侵犯	buqf	2	4
不少人	bur	2	3
不是人	bur	3	3
半兽人	bur	4	3
不是任何	burh	2	4
不食人间烟火	burh	3	4
变声软件	burj	2	4
八十岁	bus	1	3
别说什么	busm	1	4
毕生所学	busx	1	4
保守思想	busx	2	4
白砂糖	but	2	3
百事通	but	3	3
不是特别	butb	1	4
备受推崇	buti	2	4
本是同根生，相煎何太急	butj	3	4
表示同情	butq	2	4
别睡太死	buts	3	4
本是同根生	butu	2	4
表示同意	buty	1	4
不是说	buu	2	3
别说是	buu	3	3
博士生	buu	4	3
不顺手	buu	5	3
办实事	buu	6	3
不是省油的灯	buud	2	4
不是时候	buuh	1	4
巴氏杀菌	buuj	3	4
摆事实讲道理	buul	2	4
闭上双眼	buuy	2	4
不是指	buv	1	3
不慎重	buv	2	3
不是真的	buvd	1	4
保守治疗	buvl	2	4
备受瞩目	buvm	1	4
不是这么	buvm	2	4
八十周年	buvn	1	4
不受支配	buvp	1	4
毕生追求	buvq	1	4
百兽之王	buvw	1	4
不是这样	buvy	3	4
饱受争议	buvy	4	4
不是我	buw	1	3
八十万	buw	2	3
不失为	buw	3	3
不是我的菜	buwc	1	4
不是味儿	buwe	1	4
不食五谷	buwg	1	4
百事无成	buwi	1	4
不是为了	buwl	1	4
不是我们	buwm	2	4
不是我说你	buwn	1	4
博士文凭	buwp	1	4
不是完全	buwq	1	4
不是问题	buwt	1	4
不是我说	buwu	3	4
必输无疑	buwy	1	4
不熟悉	bux	2	3
办手续	bux	3	3
不识相	bux	4	3
半身像	bux	5	3
不顺心	bux	6	3
不是兄弟	buxd	1	4
背上行囊	buxn	4	4
不受限制	buxv	1	4
不实信息	buxx	3	4
闭上眼	buy	1	3
不属于	buy	2	3
不适应	buy	3	3
半山腰	buy	4	3
不顺眼	buy	5	3
不适用	buy	6	3
不实用	buy	7	3
不说也罢	buyb	1	4
不是有意的	buyd	2	4
不是一个	buyg	1	4
不食烟火	buyh	2	4
闭上眼睛	buyj	2	4
冰山一角	buyj	3	4
补上一课	buyk	2	4
不实言论	buyl	1	4
不是一路	buyl	2	4
搬上银幕	buym	2	4
八十一难	buyn	1	4
不是一路人	buyr	3	4
不是冤家不聚头	buyt	4	4
不受约束	buyu	4	4
不是一种	buyv	2	4
不是因为	buyw	1	4
不是以为	buyw	2	4
不受影响	buyx	1	4
不是有意	buyy	3	4
不识字	buz	1	3
倍受尊敬	buzj	1	4
表示尊重	buzv	3	4
不是滋味	buzw	1	4
不知	bv	1	2
标准	bv	2	2
帮助	bv	3	2
编者按	bva	1	3
爆炸案	bva	2	3
爆炸案件	bvaj	1	4
不着边	bvb	1	3
标准版	bvb	2	3
不置褒贬	bvbb	2	4
暴涨暴跌	bvbd	2	4
半殖半封	bvbf	1	4
备战备荒	bvbh	2	4
避战不出	bvbi	1	4
保证不打死你	bvbn	2	4
不重不轻	bvbq	1	4
不转不是中国人	bvbr	1	4
不着寸缕	bvcl	2	4
不知从何说起	bvcq	1	4
不知从何时起	bvcq	2	4
不知从什么时候开始	bvcu	1	4
本周词云	bvcy	1	4
不知道	bvd	1	3
不值得	bvd	2	3
不着调	bvd	3	3
巴掌大	bvd	4	3
不值当	bvd	5	3
包装袋	bvd	6	3
编织袋	bvd	7	3
不正当	bvd	8	3
不准动	bvd	9	3
标准答案	bvda	1	4
不知道怎么办	bvdb	1	4
不知道的	bvdd	1	4
秉烛待旦	bvdd	2	4
不知道好歹	bvdd	3	4
不知对否	bvdf	1	4
巴掌大的地方	bvdf	2	4
不知道什么时候	bvdh	2	4
不知多久	bvdj	1	4
不知当讲不当讲	bvdj	2	4
不知道了	bvdl	1	4
不知道怎么样了	bvdl	2	4
不知道为什么	bvdm	1	4
不知道呢	bvdn	1	4
不知道捏	bvdn	2	4
不知道什么时候起	bvdq	1	4
不知道从什么时候起	bvdq	2	4
不知道什么意思	bvds	1	4
不值得一提	bvdt	1	4
不知道从什么时候开始	bvdu	1	4
不争的事实	bvdu	2	4
不正当关系	bvdx	1	4
标准大气压	bvdy	1	4
不知道怎么样	bvdy	2	4
不战而屈人之兵	bveb	1	4
辩证法	bvf	1	3
补助费	bvf	2	3
包装费	bvf	3	3
编制方案	bvfa	1	4
标准方程	bvfi	1	4
标准俯卧撑	bvfi	2	4
变着法子	bvfz	1	4
不正规	bvg	1	3
不粘锅	bvg	2	3
不知高低	bvgd	1	4
兵者诡道	bvgd	2	4
本质高手	bvgu	1	4
辩证关系	bvgx	1	4
兵者诡道也	bvgy	1	4
包装盒	bvh	1	3
标准化	bvh	2	3
表彰会	bvh	3	3
抱着怀疑的态度	bvhd	2	4
不知悔改	bvhg	1	4
不知好坏	bvhh	1	4
不知何处	bvhi	1	4
不着痕迹	bvhj	1	4
别装糊涂	bvht	1	4
不知何时	bvhu	1	4
不知火舞	bvhw	1	4
屏住呼吸	bvhx	1	4
摒住呼吸	bvhx	2	4
白昼黑夜	bvhy	1	4
变着花样	bvhy	2	4
不正常	bvi	1	3
不支持	bvi	2	3
不忠诚	bvi	3	3
标准差	bvi	4	3
标准尺度	bvid	1	4
扮猪吃虎	bvih	1	4
扮猪吃老虎	bvih	2	4
不支持了	bvil	1	4
编制程序	bvix	1	4
保值储蓄	bvix	2	4
B站	bvj	1	3
不着急	bvj	2	3
别着急	bvj	3	3
不正经	bvj	4	3
保证金	bvj	5	3
标准间	bvj	6	3
补助金	bvj	7	3
标准件	bvj	8	3
白斩鸡	bvj	9	3
宾主尽欢	bvjh	1	4
标准结局	bvjj	1	4
不知进取	bvjq	2	4
不追既往	bvjw	1	4
爆炸极限	bvjx	2	4
被指控	bvk	1	3
败者寇	bvk	2	3
笔诛口伐	bvkf	2	4
标准开局	bvkj	1	4
板着脸	bvl	1	3
绷着脸	bvl	2	3
宝芝林	bvl	3	3
不知利害	bvlh	1	4
不知廉耻	bvli	1	4
不斩来使	bvlu	1	4
不知鹿死谁手	bvlu	2	4
屏住了呼吸	bvlx	1	4
被抓了现行	bvlx	2	4
不知名	bvm	1	3
本周末	bvm	2	3
不知名的	bvmd	2	4
笔诛墨伐	bvmf	1	4
半殖民地半封建社会	bvmh	1	4
半殖民地半封建	bvmj	2	4
彼之蜜糖	bvmt	1	4
报章媒体	bvmt	2	4
本周内	bvn	1	3
不知恁地	bvnd	1	4
不撞南墙不回头	bvnt	1	4
不知疲倦	bvpj	1	4
彼之砒霜	bvpu	1	4
不值钱	bvq	1	3
不知情	bvq	2	3
不争气	bvq	3	3
保质期	bvq	4	3
百褶裙	bvq	5	3
不准确	bvq	6	3
不正确	bvq	7	3
播种期	bvq	8	3
本质区别	bvqb	1	4
不知其所以然	bvqr	1	4
辨证求因	bvqy	1	4
班主任	bvr	1	3
白种人	bvr	2	3
变种人	bvr	3	3
不知如何	bvrh	1	4
不知如何是好	bvrh	2	4
不招人待见	bvrj	1	4
包装容器	bvrq	1	4
别招惹她	bvrt	1	4
标志认证	bvrv	1	4
笔者认为	bvrw	2	4
不知什么时候	bvsh	2	4
不着四六	bvsl	1	4
不知道什么	bvsm	1	4
不知所以然	bvsr	1	4
不知所谓	bvsw	2	4
爆炸头	bvt	1	3
不中听	bvt	2	3
不折腾	bvt	3	3
八阵图	bvt	4	3
饼状图	bvt	5	3
拜占庭帝国	bvtg	1	4
不知天高地厚	bvth	1	4
不中听的话	bvth	2	4
帮助他人	bvtr	1	4
本质特征	bvtv	1	4
保障体系	bvtx	1	4
不只是	bvu	1	3
本质上	bvu	2	3
不真实	bvu	3	3
爆炸声	bvu	4	3
背着手	bvu	5	3
保证书	bvu	6	3
不知什么时候	bvuh	1	4
败者食尘	bvui	1	4
伯仲叔季	bvuj	2	4
不知生死	bvus	1	4
保重身体	bvut	1	4
本质上是	bvuu	1	4
不治身亡	bvuw	1	4
闭着双眼	bvuy	1	4
不知什么原因	bvuy	2	4
标志着	bvv	1	3
包装纸	bvv	2	3
不注重	bvv	3	3
不主张	bvv	4	3
标准指法	bvvf	2	4
不知真假	bvvj	3	4
标准状况	bvvk	1	4
保证质量	bvvl	1	4
不传之秘	bvvm	1	4
不止这些	bvvx	1	4
帮助中心	bvvx	2	4
北镇中学	bvvx	3	4
不知者不罪	bvvz	1	4
爆炸物	bvw	1	3
不指望	bvw	2	3
别指望	bvw	3	3
标志物	bvw	4	3
编织物	bvw	5	3
帮助文档	bvwd	1	4
不知为何	bvwh	1	4
帮助文件	bvwj	1	4
避之唯恐不及	bvwj	2	4
败者为寇	bvwk	1	4
辩证唯物论	bvwl	1	4
不知为什么	bvwm	1	4
摆正位置	bvwv	1	4
不知为不知	bvwv	2	4
辩证唯物主义	bvwy	1	4
帮助下	bvx	1	3
标志性	bvx	2	3
爆炸性	bvx	3	3
包装箱	bvx	4	3
保障性	bvx	5	3
编织线	bvx	6	3
不知下落	bvxl	1	4
摆正心态	bvxt	1	4
保障系统	bvxt	2	4
不知虚实	bvxu	1	4
标准形式	bvxu	2	4
保证需要	bvxy	1	4
不准吸烟	bvxy	2	4
标志性动作	bvxz	1	4
不至于	bvy	1	3
不重要	bvy	2	3
不注意	bvy	3	3
不中用	bvy	4	3
不至于吧	bvyb	2	4
不只一次	bvyc	2	4
不止一个	bvyg	2	4
不沾烟火	bvyh	1	4
憋着一肚子火	bvyh	2	4
闭着眼睛	bvyj	1	4
不眨眼睛	bvyj	2	4
保障有力	bvyl	2	4
本质要求	bvyq	1	4
不值一钱	bvyq	2	4
补中益气	bvyq	3	4
秉烛夜谈	bvyt	2	4
不占优势	bvyu	1	4
白纸一张	bvyv	1	4
不止一种	bvyv	2	4
笔者以为	bvyw	2	4
备注一下	bvyx	1	4
不知缘由	bvyy	2	4
不知足	bvz	1	3
不知怎的	bvzd	1	4
不知咋的	bvzd	2	4
不知自量	bvzl	1	4
不知怎么	bvzm	2	4
不知怎么回事	bvzu	1	4
把我	bw	2	2
帮我	bw	3	2
帮我安排	bwap	1	4
保温杯	bwb	2	3
不忘本	bwb	3	3
不为别的	bwbd	1	4
把握不好	bwbh	2	4
百闻不如一见	bwbj	3	4
把握不了	bwbl	1	4
霸王本色	bwbs	1	4
并无不妥	bwbt	1	4
把握不住	bwbv	1	4
霸王餐	bwc	2	3
保温层	bwc	3	3
不枉此行	bwcx	1	4
不稳定	bwd	2	3
被问到	bwd	3	3
不稳定因素	bwds	2	4
博闻多识	bwdu	1	4
不无得意	bwdy	1	4
不玩儿	bwe	1	3
被窝儿	bwe	2	3
把握分寸	bwfc	1	4
百万粉丝	bwfs	1	4
被我发现	bwfx	1	4
百万分之一	bwfy	1	4
不畏浮云遮望眼	bwfy	2	4
博物馆	bwg	2	3
不为过	bwg	3	3
不稳固	bwg	4	3
保温柜	bwg	5	3
不无感慨	bwgk	1	4
不外乎	bwh	2	3
把握好	bwh	3	3
比我好	bwh	4	3
霸王花	bwh	5	3
不无好处	bwhi	1	4
保卫和平	bwhp	1	4
不外乎是	bwhu	1	4
霸王茶姬	bwij	1	4
百万撤离	bwil	3	4
别忘记	bwj	2	3
不畏惧	bwj	3	3
被误解	bwj	4	3
霸王举鼎	bwjd	1	4
不畏艰难	bwjn	2	4
保卫家园	bwjy	3	4
保卫科	bwk	2	3
被围困	bwk	3	3
避无可避	bwkb	1	4
不问可知	bwkv	1	4
别忘了	bwl	1	3
备忘录	bwl	2	3
霸王龙	bwl	3	3
不玩了	bwl	4	3
别忘了啊	bwla	2	4
别无良策	bwlc	1	4
不完美	bwm	2	3
不文明	bwm	3	3
不为名	bwm	4	3
ban位买房	bwmf	2	4
不为名不为利	bwml	2	4
不为牛后	bwnh	2	4
保温瓶	bwp	2	3
包围圈	bwq	2	3
比我强	bwq	3	3
不完全	bwq	4	3
不问青红皂白	bwqb	2	4
不完全统计	bwqj	2	4
别无其他	bwqt	1	4
不完全是	bwqu	2	4
不畏权势	bwqu	3	4
博闻强识	bwqv	1	4
百味人生	bwru	2	4
不外如是	bwru	3	4
不为所惑	bwsh	1	4
不为所知	bwsv	1	4
百万填词	bwtc	2	4
被委托方	bwtf	2	4
霸王条款	bwtk	2	4
别无他念	bwtn	1	4
别无他途	bwtt	1	4
病危通知书	bwtu	1	4
别无他选	bwtx	1	4
伴我同行	bwtx	2	4
别无他想	bwtx	3	4
别无他用	bwty	1	4
办完事	bwu	2	3
不完善	bwu	3	3
八位数	bwu	4	3
不外是	bwu	5	3
不问是非	bwuf	3	4
把握住	bwv	2	3
不完整	bwv	3	3
保卫战	bwv	4	3
布娃娃	bww	1	3
别问我	bww	2	3
不枉我	bww	3	3
别问我怎么知道的	bwwd	2	4
别问我为什么	bwwm	1	4
不为五斗米折腰	bwwy	1	4
别无想法	bwxf	1	4
比我想象的要好	bwxh	2	4
别往心里去	bwxq	1	4
变为现实	bwxu	1	4
霸王项羽	bwxy	1	4
别无下载	bwxz	2	4
不文雅	bwy	2	3
百万英镑	bwyb	2	4
霸王硬上弓	bwyg	1	4
不无遗憾	bwyh	2	4
百万运镜	bwyj	2	4
百无一漏	bwyl	1	4
百无一用是书生	bwyu	2	4
伴我一生	bwyu	3	4
帮我一下	bwyx	1	4
鼻洼子	bwz	2	3
百味杂陈	bwzi	4	4
必须	bx	1	2
不行	bx	2	2
不想	bx	3	2
必须把	bxb	1	3
补习班	bxb	2	3
便携版	bxb	3	3
白血病	bxb	4	3
白细胞	bxb	5	3
笔削褒贬	bxbb	2	4
表现不错	bxbc	1	4
不许百姓点灯	bxbd	2	4
边学边干	bxbg	1	4
包学包会	bxbh	1	4
本性不坏	bxbh	2	4
本性暴露	bxbl	1	4
本相毕露	bxbl	2	4
补血补气	bxbq	1	4
本虚标实	bxbu	1	4
半信不信	bxbx	1	4
报喜不报忧	bxby	2	4
包心菜	bxc	1	3
不限次数	bxcu	1	4
不晓得	bxd	1	3
不许动	bxd	2	3
表兄弟	bxd	3	3
保鲜袋	bxd	4	3
保险单	bxd	5	3
必须达到	bxdd	1	4
不晓得好歹	bxdd	2	4
不祥的预感	bxdg	1	4
不幸得很	bxdh	2	4
不惜代价	bxdj	1	4
不懈的努力	bxdl	1	4
不懈地努力	bxdl	2	4
便携电脑	bxdn	1	4
不幸的是	bxdu	2	4
不想多说	bxdu	3	4
不幸的消息	bxdx	2	4
不幸而言中	bxev	2	4
变戏法	bxf	1	3
不相符	bxf	2	3
不幸福	bxf	3	3
保险费	bxf	4	3
不嫌烦	bxf	5	3
备选方案	bxfa	1	4
必须服从	bxfc	1	4
冰雪覆盖	bxfg	1	4
不相符合	bxfh	2	4
不许反悔	bxfh	3	4
不想付出	bxfi	1	4
报销发票	bxfp	1	4
不想放弃	bxfq	1	4
表现方式	bxfu	1	4
不习惯	bxg	1	3
保险柜	bxg	2	3
不锈钢	bxg	3	3
不相干	bxg	4	3
百香果	bxg	5	3
不相关	bxg	6	3
八项规定	bxgd	2	4
报效国家	bxgj	1	4
八仙过海，各显其能	bxgn	1	4
八仙过海，各显神通	bxgt	1	4
不信鬼神	bxgu	1	4
不喜欢	bxh	1	3
不像话	bxh	2	3
不稀罕	bxh	3	3
保鲜盒	bxh	4	3
不消化	bxh	5	3
不想活	bxh	6	3
不想活了	bxhl	1	4
不喜欢你	bxhn	1	4
表现出	bxi	1	3
不寻常	bxi	2	3
不想吃	bxi	3	3
变形虫	bxi	4	3
表现出来	bxil	1	4
表现出了	bxil	2	4
必须承认	bxir	1	4
表现出色	bxis	1	4
不相冲突	bxit	1	4
笔下超生	bxiu	1	4
编写程序	bxix	1	4
步行街	bxj	1	3
保险金	bxj	2	3
变形记	bxj	3	3
碧血剑	bxj	4	3
本小姐	bxj	5	3
不想加班	bxjb	1	4
不想见到	bxjd	1	4
不像假的	bxjd	2	4
保险金额	bxje	1	4
保险机构	bxjg	2	4
必须坚持	bxji	1	4
必须加强	bxjq	2	4
必须接受	bxju	1	4
不辛苦	bxk	1	3
必修课	bxk	2	3
保修卡	bxk	3	3
白辛苦	bxk	4	3
必修课程	bxki	1	4
必须考虑	bxkl	1	4
不行了	bxl	1	3
不下来	bxl	2	3
表现力	bxl	3	3
办下来	bxl	4	3
不限量	bxl	5	3
表现良好	bxlh	1	4
不想离开	bxlk	1	4
保险理赔	bxlp	1	4
必先利其器	bxlq	1	4
八旬老人	bxlr	1	4
不行吗	bxm	1	3
保鲜膜	bxm	2	3
表兄妹	bxm	3	3
帮下忙	bxm	4	3
不像你	bxn	1	3
报喜鸟	bxn	2	3
别想那么多	bxnd	1	4
本性难改	bxng	1	4
必须能够	bxng	2	4
巴西牛排	bxnp	1	4
屏息凝神	bxnu	1	4
冰雪女王	bxnw	1	4
不削能玩	bxnw	2	4
秉性难移	bxny	2	4
必需品	bxp	1	3
保险赔付	bxpf	1	4
不消片刻	bxpk	1	4
表现平平	bxpp	1	4
不想去	bxq	1	3
不下去	bxq	2	3
保修期	bxq	3	3
白血球	bxq	4	3
边线球	bxq	5	3
保险起见	bxqj	2	4
不下去了	bxql	1	4
不信任	bxr	1	3
变性人	bxr	2	3
不相容	bxr	3	3
保险人	bxr	4	3
鼻息肉	bxr	5	3
不惜任何代价	bxrj	1	4
不相容性	bxrx	1	4
不恤人言	bxry	1	4
不逊色	bxs	1	3
保险丝	bxs	2	3
冰雪四拼	bxsp	1	4
不幸死亡	bxsw	1	4
不相同	bxt	1	3
不协调	bxt	2	3
波形图	bxt	3	3
保险套	bxt	4	3
办学条件	bxtj	1	4
不像他想象的那样	bxty	1	4
不像她想象的那样	bxty	2	4
不像是	bxu	1	3
半小时	bxu	2	3
不现实	bxu	3	3
便携式	bxu	4	3
八小时	bxu	5	3
办喜事	bxu	6	3
不许失败	bxub	1	4
不现实的	bxud	1	4
不嫌事大	bxud	2	4
半小时前	bxuq	1	4
变性手术	bxuu	1	4
必须慎重	bxuv	1	4
八小时工作制	bxuv	2	4
不幸身亡	bxuw	1	4
八小时以外	bxuw	2	4
不相适应	bxuy	1	4
被选中	bxv	1	3
八仙桌	bxv	2	3
败血症	bxv	3	3
剥削者	bxv	4	3
不屑置辩	bxvb	1	4
不想知道	bxvd	1	4
不想长大	bxvd	2	4
不像真的	bxvd	3	4
不朽之物	bxvw	1	4
不幸中的万幸	bxvx	1	4
不信这个邪	bxvx	2	4
不幸中的大幸	bxvx	3	4
宝相庄严	bxvy	1	4
不希望	bxw	1	3
抱希望	bxw	2	3
表现为	bxw	3	3
不想玩了	bxwl	1	4
不相往来	bxwl	2	4
布响丸辣	bxwl	3	4
不喜勿喷	bxwp	1	4
不喜勿入	bxwr	1	4
百星王者	bxwv	1	4
不像我想象的那样	bxwy	1	4
不相信	bxx	1	3
不小心	bxx	2	3
保险箱	bxx	3	3
不信邪	bxx	4	3
不新鲜	bxx	5	3
便携性	bxx	6	3
不惜血本	bxxb	1	4
不修小节	bxxj	1	4
不相信你	bxxn	1	4
本星系群	bxxq	1	4
不相信他	bxxt	2	4
不相信我	bxxw	1	4
必须相信	bxxx	1	4
不需要	bxy	1	3
必须要	bxy	2	3
不屑于	bxy	3	3
必须有	bxy	4	3
不逊于	bxy	5	3
不限于	bxy	6	3
不像样	bxy	7	3
表现欲	bxy	8	3
不像演的	bxyd	1	4
不孝有三无后为大	bxyd	2	4
不孝有三，无后为大	bxyd	3	4
不祥预感	bxyg	2	4
不幸遇害	bxyh	2	4
不消一会	bxyh	3	4
把心一横	bxyh	4	4
不惜一切代价	bxyj	1	4
不需要了	bxyl	1	4
不幸遇难	bxyn	1	4
不惜一切	bxyq	1	4
不像以前	bxyq	2	4
不幸言中	bxyv	2	4
表现优秀	bxyx	1	4
不羡鸳鸯不羡仙	bxyx	2	4
暴雪游戏	bxyx	3	4
必须要有	bxyy	2	4
不像样子	bxyz	1	4
不想走	bxz	1	3
表现在	bxz	2	3
不暇自哀	bxza	1	4
必须做到	bxzd	1	4
必先自宫	bxzg	2	4
表现自己	bxzj	1	4
不孝子孙	bxzs	2	4
不幸遭遇	bxzy	1	4
不要	by	1	2
不用	by	2	2
必要	by	3	2
鼻咽癌	bya	1	3
不一般	byb	1	3
搏一搏	byb	2	3
比一比	byb	3	3
避一避	byb	4	3
抱一抱	byb	5	3
暴雨般	byb	6	3
半月板	byb	7	3
百依百从	bybc	1	4
不要不要的	bybd	2	4
不愠不火	bybh	1	4
病因病机	bybj	1	4
闭眼不看	bybk	1	4
半倚半靠	bybk	2	4
巴音布鲁克	bybk	3	4
不要逼脸	bybl	1	4
不要碧莲	bybl	2	4
百亿补贴	bybt	1	4
不孕不育	byby	2	4
不要白不要	byby	3	4
并以此	byc	1	3
褒义词	byc	2	3
贬义词	byc	3	3
饱一餐饿一餐	bycc	1	4
不要错过	bycg	2	4
宾语从句	bycj	1	4
便宜从事	bycu	2	4
本月词云	bycy	1	4
不一定	byd	1	3
不由得	byd	2	3
必要的	byd	3	3
不要动	byd	4	3
比亚迪	byd	5	3
本月底	byd	6	3
榜一大哥	bydg	1	4
不一定会	bydh	1	4
必要的话	bydh	2	4
百元大钞	bydi	1	4
备用电池	bydi	2	4
包邮到家	bydj	1	4
不要多久	bydj	2	4
不远的将来	bydl	2	4
拜亚动力	bydl	3	4
不一定能	bydn	1	4
不用多说	bydu	1	4
不一定是	bydu	2	4
不要当真	bydv	1	4
不用担心	bydx	2	4
不要担心	bydx	3	4
不一定要	bydy	1	4
不一定有	bydy	2	4
不一定在	bydz	1	4
百益而无一害	byeh	1	4
白眼儿狼	byel	1	4
不以恶小而为之	byev	1	4
八月份	byf	1	3
饱眼福	byf	2	3
补邮费	byf	3	3
补运费	byf	4	3
匕瘾犯了	byfl	1	4
不要放弃	byfq	1	4
别有风趣	byfq	2	4
不应该	byg	1	3
不用管	byg	2	3
本应该	byg	3	3
不要管	byg	4	3
搬运工	byg	5	3
殡仪馆	byg	6	3
不应该的	bygd	1	4
便宜贵贱	bygj	1	4
不用管了	bygl	1	4
不应该是	bygu	1	4
不要高兴得太早	bygz	1	4
不一会	byh	1	3
毕业后	byh	2	3
不要慌	byh	3	3
八音盒	byh	4	3
边缘化	byh	5	3
冰与火	byh	6	3
不愿回答	byhd	1	4
哺育后代	byhd	2	4
冰与火之歌	byhg	1	4
表演痕迹	byhj	1	4
不要害怕	byhp	1	4
不用害怕	byhp	2	4
不一回事	byhu	1	4
抱有幻想	byhx	1	4
不要灰心	byhx	2	4
必有回响	byhx	3	4
不远处	byi	1	3
不夜城	byi	2	3
百叶窗	byi	3	3
本月初	byi	4	3
不易察觉	byij	2	4
不用吹灰之力	byil	1	4
不愿承认	byir	1	4
不要嘲笑一个有梦想的人	byir	2	4
巴以冲突	byit	1	4
不以成败论英雄	byix	2	4
暴雨成灾	byiz	1	4
不要紧	byj	1	3
不用急	byj	2	3
备用金	byj	3	3
备用机	byj	4	3
不以己悲	byjb	1	4
北影教材	byjc	1	4
边缘检测	byjc	2	4
不要见怪	byjg	1	4
半夜叫天光	byjg	2	4
不亦君子乎	byjh	1	4
奔逸绝尘	byji	2	4
半夜鸡叫	byjj	1	4
八一建军节	byjj	2	4
不宜久留	byjl	1	4
表演节目	byjm	1	4
八一军旗	byjq	1	4
边缘计算	byjs	1	4
不用解释	byju	1	4
不宜居住	byjv	1	4
不要紧张	byjv	2	4
拨云见雾	byjw	1	4
不遗巨细	byjx	1	4
不用看	byk	1	3
不愉快	byk	2	3
不依靠	byk	3	3
不用客气	bykq	1	4
不要客气	bykq	2	4
不亦快哉	bykz	1	4
不要扣我工资	bykz	2	4
不用了	byl	1	3
不要脸	byl	2	3
不要了	byl	3	3
白眼狼	byl	4	3
半夜里	byl	5	3
柏油路	byl	6	3
保有量	byl	7	3
博弈论	byl	8	3
不越雷池半步	bylb	1	4
不予理睬	bylc	1	4
不要脸的	byld	1	4
不用来了	byll	1	4
不义联盟	bylm	1	4
白云蓝天	bylt	1	4
不用劳神	bylu	1	4
不依赖于	byly	1	4
不要命	bym	1	3
本月末	bym	2	3
不要每次	bymc	1	4
不要命地	bymd	1	4
不要命的	bymd	2	4
抱有目的	bymd	3	4
不要迷恋哥	bymg	1	4
便宜没好货	bymh	1	4
把油门当刹车	bymi	1	4
不要命了	byml	1	4
柏油马路	byml	2	4
不要勉强	bymq	1	4
不要没事找事	bymu	1	4
便宜没好货好货不便宜	bymy	2	4
不要面子	bymz	1	4
不由你	byn	1	3
比翼鸟	byn	2	3
北燕南飞	bynf	2	4
不要难过	byng	1	4
不要怕	byp	1	3
不用怕	byp	2	3
被压迫	byp	3	3
标语牌	byp	4	3
备用品	byp	5	3
不予评价	bypj	2	4
白衣飘飘	bypp	1	4
不要钱	byq	1	3
不要去	byq	2	3
不要求	byq	3	3
博眼球	byq	4	3
变压器	byq	5	3
编译器	byq	6	3
布衣黔首	byqu	1	4
拔营起寨	byqv	1	4
白云千载空悠悠	byqy	1	4
边缘人	byr	1	3
暴雨如注	byrv	1	4
不要认为	byrw	1	4
不以人废言	byry	1	4
不以人的意志为转移	byry	2	4
表演赛	bys	1	3
必有所求	bysq	1	4
必有所图	byst	2	4
必有所失	bysu	1	4
不要太	byt	1	3
不要停	byt	2	3
病原体	byt	3	3
避孕套	byt	4	3
不愿透露姓名	bytm	1	4
不要太客气	bytq	1	4
不怨天不尤人	bytr	1	4
毕业通知	bytv	1	4
不要太在意	byty	1	4
不要说	byu	1	3
不用说	byu	2	3
不也是	byu	3	3
毕业生	byu	4	3
必要时	byu	5	3
白杨树	byu	6	3
不要刷屏	byub	1	4
必要手段	byud	1	4
背越式跳高	byug	1	4
不亦说乎	byuh	1	4
必要时候	byuh	2	4
白云深处	byui	1	4
拜月神教	byuj	2	4
不用说了	byul	1	4
不雅视频	byup	1	4
边远山区	byuq	2	4
布衣蔬食	byuu	2	4
不以善小而不为	byuw	2	4
本月上旬	byux	1	4
毕业实习	byux	2	4
毕业证	byv	1	3
不一致	byv	2	3
扮演者	byv	3	3
毕业照	byv	4	3
兵役制度	byvd	1	4
布衣之交	byvj	2	4
不要这么	byvm	1	4
白一阵青一阵	byvv	1	4
必有重谢	byvx	1	4
本月中旬	byvx	2	4
白夜追凶	byvx	3	4
闭一只眼	byvy	2	4
不虞之灾	byvz	1	4
本以为	byw	1	3
别以为	byw	2	3
被誉为	byw	3	3
不用问	byw	4	3
被遗忘	byw	5	3
比喻为	byw	6	3
不以物喜，不以己悲	bywb	1	4
毕业晚会	bywh	1	4
便宜无好货	bywh	2	4
不要忘记	bywj	1	4
不易忘记	bywj	2	4
不要忘了	bywl	2	4
不要问为什么	bywm	1	4
不要往心里去	bywq	2	4
不以为耻反以为荣	bywr	2	4
巴以问题	bywt	1	4
必有我师	bywu	1	4
不用我说	bywu	2	4
不意味着	bywv	1	4
白玉无瑕	bywx	1	4
不以物喜	bywx	2	4
表音文字	bywz	2	4
不允许	byx	1	3
不影响	byx	2	3
不用谢	byx	3	3
被允许	byx	4	3
不要想	byx	5	3
必要性	byx	6	3
半圆形	byx	7	3
抱有想法	byxf	1	4
表演型人格	byxg	1	4
报怨雪耻	byxi	1	4
不要小看	byxk	1	4
白眼相看	byxk	2	4
半夜醒来	byxl	1	4
帮一下忙	byxm	1	4
不养闲人	byxr	1	4
不要笑挑战	byxv	1	4
边缘行者	byxv	2	4
抱有希望	byxw	1	4
本月下旬	byxx	1	4
不要相信	byxx	2	4
不一样	byy	1	3
不愿意	byy	2	3
不亚于	byy	3	3
毕业于	byy	4	3
避孕药	byy	5	3
播音员	byy	6	3
病恹恹	byy	7	3
病怏怏	byy	8	3
不要也罢	byyb	1	4
不一样的	byyd	2	4
百亿影帝	byyd	3	4
别有一番	byyf	2	4
不亦说乎	byyh	1	4
备用钥匙	byyi	1	4
表演艺术家	byyj	1	4
不一样了	byyl	2	4
必有一死	byys	1	4
不疑有他	byyt	1	4
必有一失	byyu	2	4
不要以为	byyw	1	4
不要因为	byyw	2	4
别有一番风味	byyw	3	4
毕业院校	byyx	2	4
不要再	byz	1	3
不要走	byz	2	3
不用做	byz	3	3
病秧子	byz	4	3
白羊座	byz	5	3
摆样子	byz	6	3
必要组成部分	byzf	2	4
不要在意细节	byzj	1	4
不要在意这些细节	byzj	2	4
不用做了	byzl	1	4
不要在一棵树上吊死	byzs	1	4
不用再说	byzu	1	4
不要阻止	byzv	2	4
不要在意	byzy	2	4
本意在于	byzy	3	4
不在	bz	1	2
不再	bz	2	2
八字步	bzb	1	3
暴躁不安	bzba	1	4
不醉不归	bzbg	1	4
八字不合	bzbh	1	4
不增不减	bzbj	1	4
边走边聊	bzbl	1	4
被资本做局了	bzbl	2	4
鼻子不透气	bzbq	2	4
不作不死	bzbs	1	4
鼻子不通	bzbt	1	4
边做边像	bzbx	1	4
不在此例	bzcl	2	4
不咋地	bzd	1	3
半自动	bzd	2	3
豹子胆	bzd	3	3
步子大了容易扯着蛋	bzdd	1	4
暴走大事件	bzdj	1	4
摆在第一位	bzdw	1	4
鼻子底下	bzdx	1	4
煲仔饭	bzf	1	3
不曾放弃	bzfq	1	4
别再烦我	bzfw	1	4
不做凤尾	bzfw	2	4
步子放大些	bzfx	1	4
包租公	bzg	1	3
不在乎	bzh	1	3
不在行	bzh	2	3
巴扎黑	bzh	3	3
不走回头路	bzhl	1	4
八字还没一撇	bzhp	1	4
不做好事	bzhu	1	4
编造谎言	bzhy	1	4
不在场	bzi	1	3
不赞成	bzi	2	3
编造出	bzi	3	3
不在场证据	bzij	1	4
不在场证明	bzim	1	4
班子成员	bziy	1	4
不在家	bzj	1	3
不自觉	bzj	2	3
憋足劲	bzj	3	3
不自觉的	bzjd	1	4
不自觉地	bzjd	2	4
被做局了	bzjl	1	4
不再考虑	bzkl	1	4
不做亏心事，不怕鬼敲门	bzkm	1	4
不做亏心事不怕鬼敲门	bzkm	2	4
不做亏心事	bzku	1	4
暴走恐怖故事	bzku	2	4
不在了	bzl	1	3
不早了	bzl	2	3
暴躁老哥	bzlg	1	4
兵足粮广	bzlg	2	4
憋足了劲	bzlj	1	4
编组练习	bzlx	1	4
不怎么	bzm	1	3
八字眉	bzm	2	3
步子迈大了容易扯着蛋	bzmd	1	4
暴走漫画	bzmh	1	4
不怎么好	bzmh	2	4
别做梦了	bzml	1	4
八字没一撇	bzmp	1	4
不再满足	bzmz	1	4
宝藏女孩	bznh	1	4
宝藏男孩	bznh	2	4
不钻牛角尖	bznj	1	4
不再年轻	bznq	1	4
抱子弄孙	bzns	1	4
搬嘴弄舌	bznu	1	4
包租婆	bzp	1	3
变奏曲	bzq	1	3
不足取	bzq	2	3
变阻器	bzq	3	3
不在其位，不谋其政	bzqv	1	4
不在其位不谋其政	bzqv	2	4
不自然	bzr	1	3
不遭人妒是庸才	bzrc	1	4
不自然的	bzrd	1	4
不在人世	bzru	1	4
不作死就不会死	bzss	1	4
不赞同	bzt	1	3
豹子头	bzt	2	3
不再逃避	bztb	1	4
步子太大容易扯着蛋	bztd	1	4
必遭天谴	bztq	1	4
不再是	bzu	1	3
不做声	bzu	2	3
不早说	bzu	3	3
不作数	bzu	4	3
白噪声	bzu	5	3
不择生冷	bzul	1	4
摆在首位	bzuw	1	4
班组长	bzv	1	3
别在这里发癫	bzvd	1	4
别在这理发店	bzvd	2	4
百足之虫，死而不僵	bzvj	1	4
不走正路	bzvl	1	4
不在状态	bzvt	1	4
不再赘述	bzvu	2	4
不再只是	bzvu	3	4
不做指望	bzvw	2	4
不作为	bzw	1	3
不足为外人道	bzwd	1	4
败则为寇	bzwk	1	4
不走弯路	bzwl	2	4
不再为难	bzwn	1	4
包在我身上	bzwu	1	4
不在五行之中	bzwv	1	4
不足为外人道也	bzwy	1	4
不曾想	bzx	1	3
不自信	bzx	2	3
不仔细	bzx	3	3
不再想	bzx	4	3
不在线	bzx	5	3
不走寻常路	bzxl	1	4
憋在心里	bzxl	2	4
不再需要	bzxy	1	4
不在意	bzy	1	3
不足以	bzy	2	3
不在于	bzy	3	3
别在意	bzy	4	3
不自由	bzy	5	3
不怎样	bzy	6	3
白噪音	bzy	7	3
不赞一词	bzyc	1	4
不在一个频道	bzyd	1	4
不足以平民愤	bzyf	1	4
别赞要脸	bzyl	1	4
不足与谋	bzym	1	4
不在一起	bzyq	1	4
不再要求	bzyq	2	4
不自由毋宁死	bzys	2	4
不自由，毋宁死	bzys	3	4
不在一个频道上	bzyu	1	4
不再一一赘述	bzyu	2	4
别再犹豫	bzyy	1	4
不自在	bzz	1	3
逼崽子	bzz	2	3
残奥会	cah	2	3
从不	cb	1	2
苍白	cb	2	2
擦背挨肩	cbaj	1	4
蚕宝宝	cbb	1	3
从不曾	cbc	1	3
惨白惨白	cbcb	1	4
从百草园到三味书屋	cbcw	1	4
存不存在	cbcz	1	4
猜不到	cbd	1	3
擦不掉	cbd	2	3
从北到南	cbdn	1	4
从不放弃	cbfq	1	4
挫败感	cbg	1	3
才不会	cbh	1	3
从不会	cbh	2	3
错不悔改	cbhg	1	4
猜不出	cbi	1	3
猜不出来	cbil	1	4
从不计较得失	cbju	1	4
错不了	cbl	1	3
擦玻璃	cbl	2	3
参保率	cbl	3	3
侧边栏	cbl	4	3
从表面看	cbmk	1	4
从表面上看	cbmk	2	4
从不满足	cbmz	1	4
才不能	cbn	1	3
擦边球	cbq	1	3
参保人	cbr	1	3
苍白如纸	cbrv	1	4
从不认为	cbrw	1	4
慈悲如月	cbry	1	4
猜不透	cbt	1	3
藏宝图	cbt	2	3
猜不透摸不着	cbtv	1	4
才不是	cbu	1	3
仓禀实而知礼节	cbuj	1	4
藏不住	cbv	1	3
猜不中	cbv	2	3
参保者	cbv	3	3
慈不掌兵	cbvb	1	4
才薄智浅	cbvq	1	4
从本质上	cbvu	1	4
才不至于	cbvy	1	4
财不外露	cbwl	2	4
从北向南	cbxn	1	4
才不相信	cbxx	1	4
凑不要脸的	cbyd	1	4
错把油门当刹车	cbyi	1	4
凑不要脸	cbyl	1	4
错别字	cbz	1	3
从此	cc	2	2
猜测	cc	3	2
措辞不当	ccbd	1	4
措词不当	ccbd	2	4
层层把关	ccbg	1	4
蹭蹭不进去	ccbq	3	4
粗糙度	ccd	2	3
层层递进	ccdj	2	4
匆匆而过	cceg	1	4
层次感	ccg	1	3
匆匆告辞	ccgc	2	4
匆匆过客	ccgk	1	4
从此君王不早朝	ccji	2	4
猜猜看	cck	1	3
从此开始	ccku	1	4
猜错了	ccl	2	3
草丛里	ccl	3	3
淙淙流水	cclu	3	4
匆匆那年	ccnn	1	4
残次品	ccp	1	3
措辞强硬	ccqy	1	4
摧残人性	ccrx	1	4
层层深入	ccur	1	4
草草收尾	ccuw	1	4
仓促之间	ccvj	1	4
猜错主角	ccvj	2	4
仓促行事	ccxu	1	4
淙淙小溪	ccxx	1	4
猜到	cd	2	2
测电笔	cdb	1	3
此地不宜久留	cdbl	1	4
此订单	cdd	1	3
从低到高	cddg	2	4
从大到小	cddx	1	4
从东到西	cddx	2	4
错的话	cdh	1	3
猜得出	cdi	1	3
踩单车	cdi	2	3
猜得出来	cdil	1	4
从大处着眼	cdiy	1	4
才到家	cdj	1	3
磁带机	cdj	2	3
菜得抠脚	cdkj	1	4
猜到了	cdl	1	3
猜对了	cdl	2	3
菜单栏	cdl	3	3
菜都凉了	cdll	2	4
错得离谱	cdlp	1	4
材大难用	cdny	1	4
裁定书	cdu	1	3
此地无银三百两	cdwl	1	4
菜单项	cdx	2	3
菜得一逼	cdyb	2	4
菜的一逼	cdyb	3	4
猜对有奖	cdyj	1	4
凑到一起	cdyq	1	4
从而	ce	2	2
藏而不露	cebl	2	4
仓耳今楷	cejk	2	4
聪耳明目	cemm	2	4
侧耳倾听	ceqt	1	4
刺儿头	cet	1	3
苍耳子	cez	1	3
采访	cf	2	2
财富	cf	3	2
采访部	cfb	2	3
裁缝店	cfd	1	3
次方根	cfg	1	3
采访车	cfi	1	3
采访了	cfl	1	3
财付通	cft	2	3
侧方停车	cfti	1	4
采访时	cfu	1	3
才发现	cfx	1	3
凑份子	cfz	1	3
错过	cg	2	2
村干部	cgb	1	3
从根本上说来	cgbl	1	4
从根本上说	cgbu	2	4
采购单	cgd	1	3
从高到低	cgdd	1	4
从各方面	cgfm	1	4
篡改成绩	cgij	1	4
擦干净	cgj	1	3
踩过界	cgj	2	3
存感激恩	cgje	1	4
参观教学	cgjx	1	4
错过了	cgl	1	3
错怪了	cgl	2	3
错过了什么	cglm	1	4
错过了一个亿	cgly	1	4
错怪你了	cgnl	1	4
磁光盘	cgp	1	3
蔡国庆	cgq	1	3
才高气清	cgqq	1	4
凑个热闹	cgrn	1	4
参观团	cgt	1	3
菜根谭	cgt	2	3
才高识广	cgug	1	4
草稿纸	cgv	1	3
参观者	cgv	2	3
磁共振	cgv	3	3
参观指导	cgvd	1	4
草根文化	cgwh	2	4
草稿箱	cgx	1	3
错估形势	cgxu	1	4
采购员	cgy	2	3
磁感应	cgy	3	3
擦干眼泪	cgyl	1	4
醋罐子	cgz	2	3
才会	ch	2	2
ChatGPT	chat	1	4
采花大盗	chdd	1	4
参横斗转	chdv	1	4
从何而来	chel	1	4
策划服务	chfw	1	4
侧滑盖	chg	2	3
聪慧过人	chgr	2	4
才会出现	chix	1	4
催化剂	chj	1	3
存活率	chl	1	3
词汇量	chl	2	3
此恨绵绵无绝期	chmq	1	4
错恨难返	chnf	1	4
慈航普度	chpd	1	4
彩虹桥	chq	1	3
存活期	chq	2	3
才会让	chr	1	3
策划人	chr	2	3
彩虹糖	cht	1	3
仓皇逃窜	chtc	1	4
仓皇逃跑	chtp	1	4
从何说起	chuq	1	4
从何时起	chuq	2	4
策划者	chv	1	3
残害忠良	chvl	1	4
才会这样	chvy	1	4
从何下手	chxu	1	4
才会用	chy	1	3
此话一出	chyi	2	4
沧海一声笑	chyx	2	4
此话怎讲	chzj	1	4
财产安全	ciaq	1	4
此仇不报	cibb	1	4
参差不齐	cibq	2	4
此处不留人	cibr	1	4
摧城拔寨	cibv	1	4
参差不一	ciby	1	4
蹭吃蹭喝	cich	1	4
参差错落	cicl	1	4
参禅打坐	cidz	2	4
财产法	cif	2	3
擦出火花	cihh	1	4
从长计较	cijj	3	4
操持家务	cijw	1	4
存储卡	cik	1	3
存储空间	cikj	1	4
猜出来	cil	1	3
猜出来了	cill	1	4
财产评估	cipg	1	4
存储器	ciq	1	3
财产权	ciq	2	3
磁场强度	ciqd	1	4
财产权利	ciql	1	4
存储容量	cirl	1	4
催产素	cis	2	3
财产税	ciu	2	3
存储设备	ciub	1	4
存储数据	ciuj	2	4
财产转移	civy	1	4
存储为	ciw	2	3
此处无银三百两	ciwl	1	4
此处无声	ciwu	2	4
采茶戏	cix	2	3
此处应有掌声	ciyu	4	4
此处应有	ciyy	1	4
曾经	cj	2	2
参加	cj	3	2
参加比赛	cjbs	1	4
曾经沧海难为水	cjcu	1	4
错就错在	cjcz	1	4
菜就多练	cjdl	1	4
曾经的你	cjdn	1	4
残局大师	cjdu	3	4
采菊东篱下	cjdx	2	4
促进发展	cjfv	1	4
藏经阁	cjg	2	3
粗加工	cjg	3	3
参加高考	cjgk	1	4
参加工作	cjgz	1	4
促进会	cjh	1	3
参加活动	cjhd	3	4
菜鸡互啄	cjhv	3	4
参加会议	cjhy	1	4
踩脚裤	cjk	1	3
苍井空	cjk	2	3
参加考试	cjku	2	4
参加了	cjl	2	3
藏经楼	cjl	3	3
参加劳动	cjld	2	4
从今年	cjn	2	3
寸金难买寸光阴	cjny	1	4
残疾人	cjr	2	3
参加人	cjr	3	3
从即日起	cjrq	1	4
从今日起	cjrq	2	4
参加人数	cjru	1	4
参加人员	cjry	2	4
裁减人员	cjry	3	4
从俭入奢易	cjry	4	4
葱姜蒜	cjs	1	3
雌激素	cjs	2	3
辞旧岁	cjs	3	3
从今天开始	cjtu	1	4
曾经是	cju	1	3
错就是错	cjuc	1	4
仓颉输入法	cjuf	1	4
曾经说过	cjug	2	4
餐巾纸	cjv	1	3
残疾证	cjv	2	3
参加者	cjv	3	3
刺激战场	cjvi	2	4
踩脚袜	cjw	2	3
财经委员会	cjwh	2	4
刺激性	cjx	1	3
参加学习	cjxx	1	4
曾经有	cjy	1	3
曾经拥有	cjyy	2	4
曾经在	cjz	1	3
刺激作用	cjzy	2	4
仓颉造字	cjzz	2	4
此刻	ck	1	2
参考	ck	2	2
参考参考	ckck	1	4
存款单	ckd	1	3
参考答案	ckda	1	4
存款额	cke	1	3
采矿工程	ckgi	1	4
撮口呼	ckh	1	3
词库处理工具	ckij	1	4
词库处理	ckil	2	4
参考教材	ckjc	1	4
侧刻键帽	ckjm	1	4
参考价值	ckjv	1	4
参考链接	cklj	1	4
寸口脉	ckm	1	3
才可能	ckn	1	3
才可能是	cknu	1	4
存款人	ckr	1	3
才开始	cku	1	3
参考书	cku	2	3
参考手册	ckuc	1	4
参考书目	ckum	1	4
参考文献	ckwx	1	4
操控性	ckx	1	3
参考线	ckx	2	3
参考系	ckx	3	3
刺客信条	ckxt	1	4
才可以	cky	1	3
采矿业	cky	2	3
存款余额	ckye	1	4
参考意见	ckyj	1	4
才可以是	ckyu	1	4
存款业务	ckyw	1	4
参考意义	ckyy	1	4
从来	cl	1	2
材料	cl	2	2
从来不	clb	1	3
从来不觉	clbj	1	4
从来不看	clbk	2	4
从来不用	clby	1	4
擦了擦	clc	1	3
蹙了蹙眉	clcm	1	4
粗略地	cld	1	3
催泪弹	cld	2	3
从来都没	cldm	2	4
从来都是	cldu	1	4
从来都没有	cldy	1	4
材料费	clf	1	3
丛林法则	clfz	1	4
才略过人	clgr	1	4
草履虫	cli	1	3
材料厂	cli	2	3
从来就	clj	1	3
材料检测	cljc	1	4
从来就是	clju	1	4
从来就不是	clju	2	4
从来就没有	cljy	1	4
磁力链接	cllj	1	4
从理论上	cllu	1	4
从来没	clm	1	3
从来没有过	clmg	1	4
从来没想过	clmg	2	4
磁疗器	clq	1	3
村里人	clr	1	3
翠绿色	cls	1	3
草绿色	cls	2	3
苍老师	clu	1	3
挫裂伤	clu	2	3
此类事件	cluj	1	4
仓廪实而知礼节	cluj	2	4
草榴社区	cluq	1	4
从历史上	cluu	1	4
沧浪之水	clvu	1	4
残留物	clw	1	3
测量误差	clwi	1	4
材料物理	clwl	2	4
磁力线	clx	1	3
策略性	clx	2	3
财力雄厚	clxh	1	4
此类现象	clxx	1	4
从来也	cly	1	3
测量仪	cly	2	3
从来也没	clym	1	4
从来也没有	clyy	1	4
菜篮子	clz	1	3
聪明	cm	1	2
侧面	cm	2	2
匆忙	cm	3	2
参谋部	cmb	1	3
错买错卖	cmcm	1	4
曹孟德	cmd	1	3
慈母多败儿	cmde	1	4
聪明懂事	cmdu	1	4
猜谜儿	cme	1	3
从某方面说	cmfu	1	4
聪明反被聪明误	cmfw	1	4
从没发现	cmfx	1	4
采蘑菇	cmg	1	3
催命鬼	cmg	2	3
催眠高潮	cmgi	1	4
采蘑菇的小姑娘	cmgn	1	4
聪明过人	cmgr	1	4
草木灰	cmh	1	3
聪明好学	cmhx	1	4
参谋处	cmi	1	3
搓麻将	cmj	1	3
才貌兼备	cmjb	2	4
从没见过	cmjg	1	4
从没看过	cmkg	1	4
催眠疗法	cmlf	1	4
草帽路飞	cmlf	2	4
村民们	cmm	1	3
藏猫猫	cmm	2	3
侧面描写	cmmx	1	4
仓木麻衣	cmmy	1	4
催眠曲	cmq	1	3
从目前来看	cmqk	1	4
从目前看来	cmql	1	4
从目前情况分析	cmqx	1	4
聪明人	cmr	1	3
参谋人员	cmry	1	4
从没听过	cmtg	1	4
从明天起	cmtq	1	4
从没听说	cmtu	1	4
从明天开始	cmtu	2	4
层面上	cmu	1	3
催眠术	cmu	2	3
从没说过	cmug	1	4
参谋长	cmv	1	3
聪明之处	cmvi	1	4
从某种意义上讲	cmvj	1	4
从某种意义上	cmvu	1	4
从某种程度上	cmvu	2	4
此面向敌	cmxd	1	4
从没想过	cmxg	1	4
草帽小子	cmxz	1	4
才没有	cmy	1	3
从没有	cmy	2	3
猜谜语	cmy	3	3
催眠药	cmy	4	3
从没有过	cmyg	1	4
草帽一伙	cmyh	1	4
此门已坏	cmyh	2	4
草木鱼虫	cmyi	1	4
草木一春	cmyi	2	4
草木一秋	cmyq	1	4
催眠音声	cmyu	2	4
聪明一世糊涂一时	cmyu	3	4
从没做过	cmzg	1	4
才能	cn	1	2
才能够	cng	1	3
菜鸟裹裹	cngg	1	4
从哪里	cnl	1	3
策驽砺钝	cnld	1	4
从奴隶到将军	cnlj	1	4
从哪里来	cnll	1	4
草泥马	cnm	1	3
操你妈	cnm	2	3
艹你妈	cnm	3	3
草你妈逼	cnmb	1	4
操你妈逼	cnmb	2	4
草你妈了个逼	cnmb	3	4
艹你妈逼	cnmb	4	4
操你妈的	cnmd	1	4
艹你妈的	cnmd	2	4
草你奶奶	cnnn	1	4
操你奶奶	cnnn	2	4
从娘胎里	cntl	1	4
从那天起	cntq	1	4
催奶师	cnu	1	3
从那时候	cnuh	1	4
从你我做起	cnwq	1	4
从南向北	cnxb	1	4
猜你喜欢	cnxh	1	4
残年余力	cnyl	1	4
菜鸟驿站	cnyv	1	4
从你做起	cnzq	1	4
cosplay	cos	2	3
测评	cp	1	2
裁判	cp	2	2
词频表	cpb	1	3
擦屁股	cpg	1	3
寸屏幕	cpm	1	3
词牌名	cpm	2	3
裁判权	cpq	1	3
磁盘清理	cpql	1	4
操盘手	cpu	1	3
彩票中奖	cpvj	1	4
脆皮炸鸡	cpvj	2	4
裁判席	cpx	1	3
彩排现场	cpxi	1	4
裁判员	cpy	1	3
采取	cq	1	2
从前	cq	2	2
采取必要措施	cqbu	1	4
采取保护性措施	cqbu	2	4
采取步骤	cqbv	1	4
从前到后	cqdh	1	4
采取多种形式	cqdu	2	4
萃取而出	cqei	1	4
采取非常手段	cqfd	1	4
存钱罐	cqg	1	3
才气过人	cqgr	1	4
采取果断措施	cqgu	1	4
彩铅画	cqh	1	3
菜青虫	cqi	1	3
从轻处理	cqil	1	4
从轻处置	cqiv	1	4
此期间	cqj	1	3
此情况	cqk	1	3
存取款	cqk	2	3
藏起来	cql	1	3
才起来	cql	2	3
藏起来了	cqll	1	4
擦拳磨掌	cqmv	1	4
篡权谋位	cqmw	1	4
彩旗飘飘	cqpp	1	4
采取强制性措施	cqqu	1	4
从其所好	cqsh	1	4
采取特殊手段	cqtd	1	4
此曲只应天上有	cqvy	1	4
从前往后	cqwh	1	4
才气无双	cqwu	1	4
采取行动	cqxd	1	4
从前有座山	cqyu	1	4
藏巧于拙	cqyv	1	4
擦枪走火	cqzh	1	4
蹭热度	crd	1	3
从容冷静	crlj	1	4
从入门到放弃	crmq	1	4
从入门到精通	crmt	1	4
从入门到入土	crmt	2	4
凑热闹	crn	1	3
次日清晨	crqi	1	4
灿若桃花	crth	1	4
凑人数	cru	1	3
催乳师	cru	2	3
翠绕珠围	crvw	1	4
从任务栏取消固定	crwd	1	4
灿然一笑	cryx	2	4
才是	cs	2	2
彩色	cs	3	2
蚕丝被	csb	2	3
寸丝不挂	csbg	1	4
参赛队	csd	1	3
测速点	csd	2	3
参赛记录	csjl	2	4
财色兼收	csju	2	4
沧桑坎坷	cskk	1	4
粗饲料	csl	1	3
操碎了心	cslx	1	4
操死你	csn	1	3
屮似你	csn	2	3
参赛权	csq	1	3
参赛人	csr	2	3
参赛者	csv	1	3
参赛选手	csxu	1	4
采桑子	csz	1	3
参赛资格	cszg	1	4
餐厅	ct	1	2
错题本	ctb	1	3
从头到脚	ctdj	1	4
刺探敌情	ctdq	1	4
苍天大树	ctdu	2	4
惨痛的教训	ctdx	1	4
撮土焚香	ctfx	1	4
从头彻尾	ctiw	1	4
草薙京	ctj	1	3
刺探军情	ctjq	1	4
惨痛教训	ctjx	1	4
从头来	ctl	1	3
参团率	ctl	2	3
从头来过	ctlg	1	4
操他妈	ctm	1	3
操他妈的	ctmd	1	4
草他妈的	ctmd	2	4
艹他妈的	ctmd	3	4
粗头蛮脑	ctmn	1	4
Ctrl	ctr	1	3
Ctrl	ctrl	1	4
苍天饶过谁	ctru	1	4
从天堂到地狱	ctty	1	4
从天堂跌入地狱	ctty	2	4
从天堂掉落到深渊	ctty	3	4
藏头诗	ctu	1	3
词条数	ctu	2	3
踩踏事件	ctuj	1	4
此帖终结	ctvj	1	4
草头王	ctw	1	3
村通网	ctw	2	3
从头学起	ctxq	1	4
侧投影	cty	1	3
醋坛子	ctz	1	3
粗体字	ctz	2	3
从头做起	ctzq	1	4
苍天在上	ctzu	1	4
此时	cu	2	2
测试	cu	3	2
测试版	cub	1	3
测试版本	cubb	1	4
次世代	cud	2	3
草率地	cud	3	3
才疏德薄	cudb	1	4
测试订单	cudd	1	4
措施得力	cudl	1	4
搓手顿足	cudz	1	4
苍山洱海	cueh	1	4
草上飞	cuf	1	3
测试服	cuf	2	3
参数方程	cufi	1	4
曾说过	cug	1	3
此事古难全	cugq	1	4
才识过人	cugr	1	4
草珊瑚	cuh	1	3
踩刹车	cui	1	3
菜市场	cui	2	3
采石场	cui	3	3
慈善家	cuj	1	3
从实际出发	cujf	1	4
慈善机构	cujg	1	4
从实践中	cujv	1	4
菜市口	cuk	1	3
藏书楼	cul	2	3
参数拉满	culm	1	4
草率了事	culu	2	4
财神庙	cum	1	3
从什么时候起	cumq	1	4
从什么时候开始	cumu	1	4
催生婆	cup	1	3
粗识皮毛	cupm	1	4
厕身其间	cuqj	1	4
从奢入俭难	curn	1	4
菜少僧多	cusd	1	4
侧视图	cut	1	3
脆生生	cuu	2	3
才疏识浅	cuuq	1	4
此树是我栽	cuuz	1	4
藏身之地	cuvd	1	4
才疏志大	cuvd	2	4
藏身之处	cuvi	2	4
从实招来	cuvl	2	4
此生无憾	cuwh	1	4
此生无悔	cuwh	2	4
此时无声胜有声	cuwu	1	4
从上往下	cuwx	1	4
此生无悔入华夏	cuwx	2	4
草率行事	cuxu	1	4
次数限制	cuxv	1	4
从上向下	cuxx	2	4
财神爷	cuy	1	3
测试仪	cuy	2	3
从属于	cuy	3	3
测试员	cuy	4	3
才是一个	cuyg	1	4
测试用例	cuyl	1	4
才是一种	cuyv	1	4
测试一下	cuyx	1	4
菜是原罪	cuyz	1	4
才是最骚的	cuzd	2	4
次生灾害	cuzh	1	4
此生足矣	cuzy	1	4
挫折	cv	2	2
财政部	cvb	2	3
辞职报告	cvbg	2	4
辞职不干	cvbg	3	4
财政拨款	cvbk	1	4
从重从快	cvck	1	4
才知道	cvd	2	3
侧重点	cvd	3	3
残肢断臂	cvdb	1	4
惨重代价	cvdj	2	4
从这个	cvg	2	3
参战国	cvg	3	3
从这个角度	cvgd	1	4
从这个意义	cvgy	1	4
财政局	cvj	2	3
挫折教育	cvjy	1	4
财政开支	cvkv	1	4
辞职考研	cvky	1	4
从这里	cvl	2	3
从中谋取	cvmq	1	4
蹙着眉头	cvmt	1	4
粗制品	cvp	1	3
材质球	cvq	1	3
村主任	cvr	1	3
财政厅	cvt	1	3
材质贴图	cvtt	1	4
寸止挑战	cvtv	1	4
村支书	cvu	1	3
参展商	cvu	2	3
辞职书	cvu	3	3
辞职申请	cvuq	1	4
财政税收	cvuu	1	4
财政收支	cvuv	1	4
从中受益	cvuy	1	4
侧着身子	cvuz	3	4
财政状况	cvvk	1	4
参照物	cvw	1	3
此之外	cvw	2	3
厕纸文学	cvwx	1	4
辞职信	cvx	2	3
参照系	cvx	3	3
从众心理	cvxl	2	4
寸止系列	cvxl	3	4
从众效应	cvxy	1	4
侧重于	cvy	2	3
从中央到地方	cvyf	2	4
藏着掖着	cvyv	2	4
从中作祟	cvzs	1	4
错误	cw	1	2
从未	cw	2	2
存亡安危	cwaw	1	4
财务部	cwb	1	3
财务报表	cwbb	1	4
财务报告	cwbg	1	4
从未被超越	cwby	1	4
错误的	cwd	1	3
从外到内	cwdn	1	4
从未改变	cwgb	1	4
村委会	cwh	1	3
财务处	cwi	1	3
C位出道	cwid	1	4
蔡文姬	cwj	1	3
从未见过	cwjg	1	4
存亡继绝	cwjj	1	4
财务科	cwk	1	3
错误率	cwl	1	3
赐我力量	cwll	1	4
从未谋面	cwmm	1	4
财务年度	cwnd	1	4
错误难免	cwnm	1	4
刺猬皮	cwp	1	3
错误思想	cwsx	1	4
财务室	cwu	1	3
从未失手	cwuu	1	4
财务指标	cwvb	1	4
财务主管	cwvg	1	4
错误之处	cwvi	1	4
财务状况	cwvk	1	4
瓷娃娃	cww	1	3
策无遗算	cwys	1	4
财务自由	cwzy	1	4
才行	cx	1	2
此消彼长	cxbv	1	4
才晓得	cxd	1	3
从西到东	cxdd	2	4
从下到上	cxdu	1	4
从心而欲	cxey	1	4
磁悬浮	cxf	1	3
磁悬浮列车	cxfi	1	4
雌小鬼	cxg	1	3
雌性高潮	cxgi	1	4
才学过人	cxgr	1	4
促销活动	cxhd	1	4
从小处着手	cxiu	1	4
雌性激素	cxjs	1	4
蔡徐坤	cxk	1	3
从心里	cxl	1	3
雌雄莫辨	cxmb	1	4
此行目的	cxmd	1	4
从小美到大	cxmd	2	4
藏形匿影	cxny	1	4
曹雪芹	cxq	1	3
才想起来	cxql	1	4
参选人	cxr	1	3
粗线条	cxt	1	3
参选者	cxv	1	3
粗纤维	cxw	1	3
从下往上	cxwu	1	4
从西向东	cxxd	1	4
藏息相辅	cxxf	1	4
才需要	cxy	1	3
促销员	cxy	2	3
雌雄异体	cxyt	1	4
促膝夜谈	cxyt	2	4
从现在	cxz	1	3
从现在开始	cxzu	1	4
参与	cy	2	2
搓衣板	cyb	1	3
葱油饼	cyb	2	3
苍蝇不叮无缝的蛋	cybd	2	4
苍蝇不叮没缝的蛋	cybd	3	4
参与不了	cybl	1	4
次元壁破裂	cybl	2	4
葱油拌面	cybm	2	4
采阴补阳	cyby	1	4
采阳补阴	cyby	2	4
擦一擦	cyc	2	3
猜一猜	cyc	3	3
催一催	cyc	4	3
曾一度	cyd	1	3
餐饮店	cyd	2	3
粗衣淡饭	cydf	1	4
采样定理	cydl	1	4
从易到难	cydn	1	4
从业多年	cydn	2	4
此言得之	cydv	1	4
次要方面	cyfm	1	4
苍蝇馆	cyg	1	3
财源广进	cygj	1	4
聪颖过人	cygr	2	4
苍蝇馆子	cygz	1	4
存银行	cyh	1	3
参议会	cyh	2	3
从严处理	cyil	1	4
此言差矣	cyiy	1	4
此言差也	cyiy	2	4
词语接龙	cyjl	1	4
才有可能	cykn	1	4
从一开始	cyku	1	4
蔡依林	cyl	1	3
词语联想	cylx	1	4
踩油门	cym	1	3
曾用名	cym	2	3
苍蝇拍	cyp	2	3
蔡元培	cyp	3	3
村野匹夫	cypf	1	4
踩一捧一	cypy	1	4
苍蝇拍子	cypz	1	4
参与权	cyq	1	3
词义缩小	cysx	1	4
草原上	cyu	1	3
残余势力	cyul	1	4
此喻甚妙	cyum	1	4
此一时，彼一时	cyuu	1	4
参与者	cyv	1	3
从业者	cyv	2	3
彩云之南	cyvn	1	4
才艺展示	cyvu	2	4
彩云追月	cyvy	1	4
从右至左	cyvz	1	4
蔡英文	cyw	1	3
餐饮文化	cywh	2	4
从右往左	cywz	1	4
催一下	cyx	1	3
从右向左	cyxz	1	4
餐饮业	cyy	2	3
参议员	cyy	3	3
参议院	cyy	4	3
此言一出	cyyi	3	4
此言有理	cyyl	1	4
存有疑心	cyyx	1	4
参与游戏	cyyx	2	4
菜园子	cyz	1	3
存在	cz	2	2
操作	cz	3	2
惨遭报复	czbf	1	4
操作步骤	czbv	1	4
搓澡大汉	czdh	1	4
存在的问题	czdt	1	4
惨遭毒手	czdu	1	4
操作对象	czdx	1	4
操作符	czf	1	3
操作方法	czff	1	4
嘈杂纷乱	czfl	1	4
存在感	czg	1	3
操纵杆	czg	2	3
操作过程	czgi	2	4
操作环境	czhj	1	4
存在差距	czij	1	4
操作程序	czix	1	4
操作间	czj	1	3
搓澡巾	czj	2	3
曹贼竟是我自己	czjj	1	4
存在即合理	czjl	1	4
操作技能	czjn	1	4
从自己做起	czjq	1	4
踩在脚下	czjx	1	4
存在了	czl	1	3
从早忙到晚	czmw	1	4
藏踪蹑迹	cznj	1	4
厕足其间	czqj	1	4
操作人员	czry	1	4
操作台	czt	1	3
草字头	czt	2	3
惨遭屠戮	cztl	1	4
惨遭淘汰	cztt	1	4
操作数	czu	1	3
搓澡师傅	czuf	1	4
惨遭杀害	czuh	1	4
惨遭杀戮	czul	1	4
存在着	czv	2	3
操作者	czv	3	3
从左至右	czvy	2	4
存在物	czw	1	3
存在问题	czwt	1	4
从左往右	czwy	1	4
操作性	czx	1	3
藏在心底	czxd	1	4
藏在心里	czxl	1	4
从左向右	czxy	1	4
存在于	czy	1	3
操作员	czy	2	3
菜籽油	czy	3	3
存在一个	czyg	1	4
凑在一起	czyq	1	4
存在一种	czyv	1	4
答案	da	2	2
档案袋	dad	1	3
档案柜	dag	1	3
档案馆	dag	2	3
档案管理	dagl	2	4
冬奥会	dah	2	3
档案盒	dah	3	3
档案夹	daj	2	3
档案局	daj	3	3
打熬筋骨	dajg	1	4
答案就是	daju	3	4
档案库	dak	2	3
戴安娜	dan	2	3
答案是	dau	2	3
档案室	dau	3	3
敌暗我明	dawm	1	4
对比	db	1	2
代表	db	2	2
多巴胺	dba	1	3
都不必	dbb	1	3
东北部	dbb	2	3
都不变	dbb	3	3
大半部分	dbbf	1	4
盗版必究	dbbj	1	4
东边不亮西边亮	dbbl	1	4
第八次	dbc	1	3
都不错	dbc	2	3
大白菜	dbc	3	3
东北菜	dbc	4	3
断编残简	dbcj	1	4
得不到	dbd	1	3
动不动	dbd	2	3
对不对	dbd	3	3
对比度	dbd	4	3
懂不懂	dbd	5	3
达不到	dbd	6	3
等不到	dbd	7	3
大部队	dbd	8	3
代表队	dbd	9	3
电饼铛	dbd	10	3
大把大把	dbdb	1	4
得不到的	dbdd	1	4
打不到车	dbdi	1	4
当不当讲	dbdj	1	4
动不动就	dbdj	2	4
点兵点将	dbdj	3	4
打不动了	dbdl	2	4
钉板大帽	dbdm	1	4
定板大帽	dbdm	2	4
达不到要求	dbdq	2	4
断臂的维纳斯	dbds	1	4
独步当时	dbdu	1	4
带兵打仗	dbdv	1	4
电表倒转	dbdv	2	4
达不到标准	dbdv	3	4
打包带走	dbdz	1	4
豆瓣儿	dbe	1	3
大败而归	dbeg	1	4
大部分	dbf	1	3
的办法	dbf	2	3
大爆发	dbf	3	3
对半分	dbf	4	3
打比方	dbf	5	3
蛋白粉	dbf	6	3
东北风	dbf	7	3
蛋包饭	dbf	8	3
逮捕法办	dbfb	1	4
多不方便	dbfb	2	4
大部分的	dbfd	1	4
大部分时间	dbfj	1	4
大部分地区	dbfq	1	4
大部分人	dbfr	1	4
大部分是	dbfu	1	4
大部分都是	dbfu	2	4
对比分析	dbfx	1	4
大比分领先	dbfx	2	4
打不过	dbg	1	3
第八个	dbg	2	3
大半个	dbg	3	3
斗不过	dbg	4	3
躲不过	dbg	5	3
大表哥	dbg	6	3
抵不过	dbg	7	3
盗版光碟	dbgd	1	4
底部广告	dbgg	1	4
打不过根本打不过	dbgg	2	4
都不敢这么	dbgm	1	4
盗版光盘	dbgp	1	4
都不敢这么拍	dbgp	2	4
打不过去	dbgq	1	4
打不过就加入	dbgr	1	4
都不敢这么写	dbgx	1	4
都不会	dbh	1	3
东北虎	dbh	2	3
大白话	dbh	3	3
东北话	dbh	4	3
代表会	dbh	5	3
多包涵	dbh	6	3
低保户	dbh	7	3
第八回合	dbhh	1	4
单笔画键	dbhj	1	4
打不还手骂不还口	dbhk	1	4
多半好评	dbhp	1	4
大变活人	dbhr	1	4
多不好意思	dbhs	1	4
多边会谈	dbht	1	4
打不还手	dbhu	1	4
单板滑雪	dbhx	1	4
代表会议	dbhy	1	4
多边合作	dbhz	1	4
都不成	dbi	1	3
大巴车	dbi	2	3
打不出	dbi	3	3
代步车	dbi	4	3
搭便车	dbi	5	3
大板车	dbi	6	3
打靶场	dbi	7	3
读不出	dbi	8	3
代办处	dbi	9	3
东不成西不就	dbij	1	4
打不出来	dbil	1	4
倒拔垂杨柳	dbil	2	4
帝吧出征	dbiv	1	4
大病初愈	dbiy	1	4
得不成样子	dbiz	1	4
打不出字	dbiz	2	4
等不及	dbj	1	3
大不敬	dbj	2	3
大背景	dbj	3	3
豆瓣酱	dbj	4	3
电报局	dbj	5	3
第八届	dbj	6	3
达标检测	dbjc	1	4
大饼卷葱	dbjc	2	4
都不觉得	dbjd	1	4
打表计价	dbjj	1	4
等不及了	dbjl	1	4
打不开	dbk	1	3
躲不开	dbk	2	3
都不可	dbk	3	3
打不垮	dbk	4	3
大败亏输	dbku	1	4
都不吭声	dbku	2	4
大不了	dbl	1	3
到不了	dbl	2	3
等比例	dbl	3	3
屌爆了	dbl	4	3
达标率	dbl	5	3
大辩论	dbl	6	3
等比例缩放	dblf	1	4
大不列颠及北爱尔兰联合王国	dblg	1	4
打不了字	dblz	1	4
代表们	dbm	1	3
大波妹	dbm	2	3
电报码	dbm	3	3
都不明白	dbmb	1	4
淡薄名利	dbml	2	4
大笔买卖	dbmm	1	4
单边贸易	dbmy	2	4
都不能	dbn	1	3
但不能	dbn	2	3
大半年	dbn	3	3
蛋白尿	dbn	4	3
打包票	dbp	1	3
大比拼	dbp	2	3
德不配位	dbpw	1	4
对不起	dbq	1	3
丢不起	dbq	2	3
躲不起	dbq	3	3
东半球	dbq	4	3
夺宝奇兵	dbqb	1	4
都不清楚	dbqi	1	4
丢兵弃甲	dbqj	2	4
对不起了	dbql	1	4
倒不如	dbr	1	3
东北人	dbr	2	3
担保人	dbr	3	3
代表人	dbr	4	3
大步如飞	dbrf	1	4
盗版软件	dbrj	1	4
大白若辱	dbrr	1	4
堵不如疏	dbru	2	4
代表人物	dbrw	1	4
都不忍心	dbrx	1	4
多不容易	dbry	1	4
都不容易	dbry	2	4
东边日出西边雨	dbry	3	4
打不死	dbs	1	3
打比赛	dbs	2	3
对比色	dbs	3	3
打不死的小强	dbsq	1	4
等边三角形	dbsx	1	4
大半天	dbt	1	3
大白天	dbt	2	3
代表团	dbt	3	3
打不通	dbt	4	3
道不同不相为谋	dbtm	1	4
大被同眠	dbtm	2	4
多边谈判	dbtp	1	4
打遍天下无敌手	dbtu	1	4
地爆天星	dbtx	3	4
都不是	dbu	1	3
倒不是	dbu	2	3
对不上	dbu	3	3
大白鲨	dbu	4	3
大半生	dbu	5	3
断背山	dbu	6	3
盗版书	dbu	7	3
豆包输入法	dbuf	1	4
大把时光	dbug	1	4
大把时间	dbuj	1	4
等比数列	dbul	1	4
独臂神尼	dbun	1	4
待办事项	dbux	1	4
断背山下	dbux	2	4
代表着	dbv	1	3
挡不住	dbv	2	3
顶不住	dbv	3	3
对不住	dbv	4	3
大爆炸	dbv	5	3
蛋白质	dbv	6	3
地板砖	dbv	7	3
都不知道	dbvd	1	4
倒不知道	dbvd	2	4
导播赵干	dbvg	1	4
对不住了	dbvl	1	4
顶不住了	dbvl	2	4
东部战区	dbvq	1	4
的帮助下	dbvx	1	4
对比之下	dbvx	2	4
都不重要	dbvy	3	4
独步舞	dbw	1	3
都不为过	dbwg	1	4
德邦物流	dbwl	1	4
断臂维纳斯	dbws	1	4
都必须	dbx	1	3
代表性	dbx	2	3
电冰箱	dbx	3	3
多边形	dbx	4	3
对比性	dbx	5	3
大包小包	dbxb	1	4
都不喜欢	dbxh	1	4
待不下去	dbxq	1	4
呆不下去	dbxq	2	4
都不需要	dbxy	1	4
都不用	dby	1	3
大本营	dby	2	3
都不要	dby	3	3
大半夜	dby	4	3
打不赢	dby	5	3
大暴雨	dby	6	3
倒不一定	dbyd	1	4
大半夜的	dbyd	2	4
得便宜卖乖	dbyg	1	4
大兵压境	dbyj	1	4
东北雨姐	dbyj	2	4
淡泊以明志	dbyv	1	4
大摆筵席	dbyx	1	4
杜比音效	dbyx	2	4
都不一样	dbyy	2	4
代表作	dbz	1	3
带不走	dbz	2	3
刀把子	dbz	3	3
断步走A	dbza	1	4
当婊子立牌坊	dbzf	1	4
当婊子又立牌坊	dbzf	2	4
代表资格	dbzg	1	4
蹬鼻子上脸	dbzl	1	4
代表作品	dbzp	1	4
地表最强	dbzq	1	4
貂不足，狗尾续	dbzx	1	4
倒不在意	dbzy	1	4
对此	dc	2	2
电磁波	dcb	2	3
典藏版	dcb	3	3
对雌宝具	dcbj	4	4
打擦边球	dcbq	1	4
大慈悲不渡自绝人	dcbr	1	4
低层次	dcc	2	3
多层次	dcc	3	3
大词典	dcd	1	3
动次打次	dcdc	3	4
断层第一	dcdy	2	4
带刺儿	dce	2	3
电磁阀	dcf	2	3
打草稿	dcg	1	3
电磁干扰	dcgr	4	4
多藏厚亡	dchw	1	4
电磁场	dci	1	3
多次出现	dcix	1	4
到此结束	dcju	4	4
大词库	dck	1	3
多次考察	dcki	1	4
打错了	dcl	2	3
电磁炉	dcl	3	3
底层逻辑	dclj	2	4
断层领先	dclx	1	4
多次强调	dcqt	1	4
多次前往	dcqw	1	4
稻草人	dcr	2	3
底层人民	dcrm	1	4
电磁铁	dct	1	3
打词爽的	dcud	1	4
断层式领先	dcux	2	4
独裁者	dcv	2	3
对错之分	dcvf	1	4
大葱蘸酱	dcvj	2	4
独裁政治	dcvv	1	4
电磁线	dcx	1	3
东凑西凑	dcxc	1	4
东凑西借	dcxj	1	4
大草原	dcy	2	3
打错字	dcz	2	3
得到	dd	2	2
到底	dd	3	2
对答案	dda	1	3
点灯熬油	dday	1	4
党代表	ddb	1	3
多多包涵	ddbh	1	4
道德绑架	ddbj	5	4
当断不断，反受其乱	ddbl	1	4
担待不起	ddbq	2	4
打得半死	ddbs	1	4
单点不送	ddbs	2	4
大大不同	ddbt	2	4
抵挡不住	ddbv	1	4
多多保重	ddbv	2	4
吊带背心	ddbx	2	4
大大促进	ddcj	1	4
断点测试	ddcu	1	4
呆呆地	ddd	1	3
大得多	ddd	2	3
多得多	ddd	3	3
点对点	ddd	4	3
懂的都懂	dddd	4	4
大胆的想法	dddf	1	4
滴滴打车	dddi	1	4
端到端加密	dddm	4	4
动刀动枪	dddq	2	4
锻刀大赛	ddds	2	4
低等动物	dddw	1	4
定点单位	dddw	2	4
短笛大魔王	dddw	3	4
道德底线	dddx	2	4
大大的有	dddy	1	4
断档第一	dddy	2	4
丁达尔	dde	2	3
丁达尔效应	ddey	1	4
的地方	ddf	2	3
冻豆腐	ddf	3	3
打断复读	ddfd	1	4
大地飞歌	ddfg	1	4
等等方面	ddfm	1	4
得道飞升	ddfu	3	4
单调乏味	ddfw	2	4
大胆放心	ddfx	1	4
敌对分子	ddfz	2	4
打得过	ddg	2	3
捣蛋鬼	ddg	3	3
道德感	ddg	4	3
跌到谷底	ddgd	1	4
打断骨头连着筋	ddgj	2	4
跌打滚爬	ddgp	1	4
得道高人	ddgr	3	4
得道高僧	ddgs	3	4
多多关照	ddgv	1	4
打电话	ddh	2	3
多得很	ddh	3	3
订单号	ddh	4	3
丹顶鹤	ddh	5	3
大都会	ddh	6	3
得到缓解	ddhj	1	4
打电话来	ddhl	1	4
等得花都谢了	ddhl	2	4
得到好评	ddhp	1	4
弟弟行为	ddhw	1	4
电动车	ddi	1	3
多大仇	ddi	2	3
等待成本	ddib	1	4
带队冲锋	ddif	1	4
抖动窗口	ddik	1	4
多点触控	ddik	2	4
多点触摸	ddim	1	4
得道成仙	ddix	1	4
大大超越	ddiy	1	4
跺跺脚	ddj	2	3
等得及	ddj	3	3
电动机	ddj	4	3
东大街	ddj	5	3
低端机	ddj	6	3
大大降低	ddjd	1	4
蛋打鸡飞	ddjf	1	4
独到见解	ddjj	2	4
道德建设	ddju	2	4
等待救援	ddjy	2	4
打底裤	ddk	1	3
地对空	ddk	2	3
大渡口	ddk	3	3
得到肯定	ddkd	2	4
大胆狂徒	ddkt	1	4
打底裤袜	ddkw	1	4
得到了	ddl	2	3
达到了	ddl	3	3
多大了	ddl	4	3
懂得了	ddl	5	3
大道理	ddl	6	3
奠定了	ddl	7	3
跌到了谷底	ddld	3	4
多多了解	ddlj	1	4
瞪大了眼睛	ddlj	2	4
道德沦丧	ddls	1	4
的道路上	ddlu	2	4
躲得了初一躲不过十五	ddlw	1	4
躲得了初一	ddly	1	4
大动脉	ddm	1	3
盯裆猫	ddm	2	3
达到目标	ddmb	1	4
道德模范	ddmf	1	4
弟弟妹妹	ddmm	1	4
大屌萌妹	ddmm	2	4
多多码表编辑器	ddmq	1	4
电动摩托	ddmt	1	4
多多美言	ddmy	1	4
逗逗你	ddn	2	3
打电脑	ddn	3	3
懂电脑	ddn	4	3
逗逗你的	ddnd	1	4
动动脑子	ddnz	1	4
电灯泡	ddp	2	3
打地铺	ddp	3	3
对对碰	ddp	4	3
达到平衡	ddph	1	4
道德评价	ddpj	1	4
多多平台	ddpt	1	4
对得起	ddq	2	3
担当起	ddq	3	3
吊带裙	ddq	4	3
打蛋器	ddq	5	3
道德情操	ddqc	1	4
滴答清单	ddqd	1	4
大大强化	ddqh	1	4
颠倒乾坤	ddqk	2	4
当地人	ddr	1	3
对的人	ddr	2	3
当代人	ddr	3	3
带点人	ddr	4	3
大都如此	ddrc	1	4
得到认可	ddrk	1	4
低端人口	ddrk	2	4
打动人心	ddrx	2	4
打哆嗦	dds	1	3
大大缩短	ddsd	1	4
短道速滑	ddsh	1	4
电动三轮车	ddsi	1	4
电动三轮	ddsl	1	4
跌打损伤	ddsu	2	4
多大岁数	ddsu	3	4
点点头	ddt	2	3
多端同步	ddtb	2	4
敌对态度	ddtd	1	4
点滴体会	ddth	2	4
大胆突破	ddtp	2	4
大胆探索	ddts	1	4
大大提升	ddtu	2	4
得到体现	ddtx	1	4
大道同源	ddty	1	4
大多数	ddu	2	3
大多是	ddu	3	3
单单是	ddu	4	3
大都市	ddu	5	3
订单数	ddu	6	3
大多数的	ddud	1	4
打单爽的	ddud	2	4
多大事儿	ddue	1	4
打断施法	dduf	3	4
到底是个	ddug	1	4
低调奢华有内涵	dduh	3	4
等待时机	dduj	1	4
地底世界	dduj	2	4
大多数情况	dduk	1	4
敌对势力	ddul	1	4
道德水平	ddup	1	4
钝刀杀人	ddur	2	4
得道升天	ddut	1	4
动动手指	dduv	1	4
道德水准	dduv	2	4
低等生物	dduw	1	4
等待着	ddv	1	3
顶得住	ddv	2	3
大地震	ddv	3	3
斗地主	ddv	4	3
大队长	ddv	5	3
东道主	ddv	6	3
多动症	ddv	7	3
打吊针	ddv	8	3
多多指点	ddvd	1	4
多多指导	ddvd	2	4
道德至高点	ddvd	3	4
多多指教	ddvj	1	4
大道至简	ddvj	2	4
大打折扣	ddvk	1	4
当打之年	ddvn	1	4
大胆追求	ddvq	1	4
敌对状态	ddvt	1	4
低等植物	ddvw	1	4
等等这些	ddvx	2	4
懂得珍惜	ddvx	3	4
多多注意	ddvy	2	4
道德准则	ddvz	1	4
大帝之资	ddvz	2	4
等等我	ddw	1	3
吊带袜	ddw	2	3
敌敌畏	ddw	3	3
独断万古	ddwg	1	4
道德问题	ddwt	1	4
当代文学	ddwx	1	4
地底下	ddx	1	3
带动下	ddx	2	3
读大学	ddx	3	3
丢东西	ddx	4	3
导电性	ddx	5	3
东颠西倒	ddxd	1	4
道道霞光	ddxg	1	4
大大削弱	ddxr	1	4
敌对行为	ddxw	2	4
对赌协议	ddxy	1	4
大电影	ddy	1	3
地动仪	ddy	2	3
道地药材	ddyc	1	4
躲得远远的	ddyd	1	4
达到一个	ddyg	1	4
得到一个	ddyg	2	4
多呆一会	ddyh	1	4
瞪大眼睛	ddyj	3	4
打得一拳开	ddyk	1	4
多多原谅	ddyl	1	4
大的要来了	ddyl	2	4
打得一拳开，免得百拳来	ddyl	3	4
打得一手好算盘	ddyp	2	4
冻得要死	ddys	3	4
大电音寺	ddys	4	4
多多驿站	ddyv	1	4
道德与法制	ddyv	2	4
淡淡一笑	ddyx	1	4
道德原则	ddyz	2	4
大肚子	ddz	1	3
打底子	ddz	2	3
督导组	ddz	3	3
大大增加	ddzj	1	4
大大增强	ddzq	2	4
到底怎样	ddzy	1	4
第二	de	2	2
第二步	deb	1	3
第二部	deb	2	3
第二遍	deb	3	3
第二版	deb	4	3
第二部分	debf	2	4
大恩不言谢	debx	1	4
第二次	dec	1	3
第二层	dec	2	3
大额存单	decd	2	4
点儿词库	deck	1	4
第二次工业革命	decm	1	4
第二次科技革命	decm	2	4
第二次世界大战	decv	1	4
第二次鸦片战争	decv	2	4
第二代	ded	1	3
第二点	ded	2	3
第二大	ded	3	3
打耳洞	ded	4	3
第二定律	dedl	1	4
大耳朵图图	dedt	1	4
第二份半价	defj	1	4
第二方面	defm	1	4
第二个	deg	1	3
打耳光	deg	2	3
多尔衮	deg	3	3
第二根半价	degj	1	4
第二个月	degy	1	4
第二行	deh	2	3
大额红包	dehb	1	4
第二回合	dehh	1	4
第二场	dei	1	3
第二季	dej	1	3
第二节	dej	2	3
第二届	dej	3	3
第二集团	dejt	1	4
第二件事	deju	1	4
第二课堂	dekt	1	4
第二轮	del	1	3
第二名	dem	1	3
第二年	den	1	3
第二批	dep	1	3
第二排	dep	2	3
第二期	deq	1	3
大而全	deq	2	3
第二日	der	1	3
第二人	der	2	3
第二任	der	3	3
第二人称	deri	1	4
第二天	det	2	3
第二条	det	3	3
第二梯队	detd	1	4
第二十	deu	2	3
第二声	deu	3	3
第二时间	deuj	1	4
第二种	dev	1	3
第二章	dev	2	3
得而诛之	devv	1	4
斗而铸锥	devv	2	4
大额转账	devv	3	4
第二志愿	devy	1	4
第二位	dew	1	3
达尔文	dew	2	3
点儿五笔	dewb	1	4
多而无用	dewy	1	4
达尔文主义	dewy	2	4
当儿戏	dex	1	3
第二性征	dexv	2	4
第二页	dey	1	3
第二眼	dey	2	3
窦娥冤	dey	3	3
地方	df	2	2
对方	df	3	2
对付	df	4	2
电饭煲	dfb	1	3
打副本	dfb	2	3
对付不了	dfbl	1	4
挡风玻璃	dfbl	2	4
东方不亮西方亮	dfbl	3	4
低分辨率	dfbl	4	4
当风秉烛	dfbv	1	4
大幅标语	dfby	1	4
大幅度	dfd	1	3
东方大国	dfdg	2	4
巅峰对决	dfdj	1	4
党风党纪	dfdj	2	4
大奉打更人	dfdr	1	4
多方打听	dfdt	1	4
的份儿上	dfeu	1	4
的方法	dff	1	3
东方发白	dffb	1	4
地方法规	dffg	1	4
地方法官	dffg	2	4
地方风味	dffw	1	4
地方法院	dffy	1	4
毒副反应	dffy	2	4
地方官	dfg	1	3
大法官	dfg	2	3
电饭锅	dfg	3	3
豆腐干	dfg	4	3
大风刮来的	dfgd	1	4
地方官员	dfgy	1	4
大富豪	dfh	1	3
东方红	dfh	2	3
豆腐花了肉价	dfhj	1	4
单反毁一生	dfhu	1	4
洞房花烛夜	dfhy	2	4
当饭吃	dfi	1	3
大风车	dfi	2	3
颠覆传统	dfit	1	4
搭飞机	dfj	1	3
打飞机	dfj	2	3
大飞机	dfj	3	3
大幅降低	dfjd	1	4
多方介入	dfjr	1	4
刀法精湛	dfjv	1	4
大风降温	dfjw	1	4
打发叫花子	dfjz	1	4
豆腐块	dfk	1	3
东风快递	dfkd	1	4
多弗朗明哥	dflg	1	4
党风廉政	dflv	1	4
单方面	dfm	1	3
等方面	dfm	2	3
多方面	dfm	3	3
多方面的	dfmd	1	4
单方面的	dfmd	2	4
东方明珠塔	dfmt	1	4
豆腐脑	dfn	1	3
豆腐皮	dfp	1	3
达芬奇	dfq	1	3
担负起	dfq	2	3
挡风墙	dfq	3	3
多发期	dfq	4	3
达芬奇密码	dfqm	1	4
多方求助	dfqv	1	4
大风起兮	dfqx	1	4
对方球员	dfqy	1	4
大风起兮云飞扬	dfqy	2	4
豆腐乳	dfr	1	3
东方人	dfr	2	3
大放送	dfs	1	3
豆腐丝	dfs	2	3
电扶梯	dft	1	3
倒反天罡	dftg	1	4
大幅提高	dftg	2	4
大幅提升	dftu	1	4
电风扇	dfu	1	3
大丰收	dfu	2	3
大法师	dfu	3	3
打发时间	dfuj	1	4
东方时空	dfuk	1	4
大幅上涨	dfuv	1	4
毒发身亡	dfuw	1	4
大发神威	dfuw	2	4
大幅上扬	dfuy	1	4
东方树叶	dfuy	2	4
豆腐渣	dfv	1	3
打辅助	dfv	2	3
豆腐渣工程	dfvi	1	4
对方正在输入	dfvr	1	4
东方甄选	dfvx	1	4
巅峰之作	dfvz	1	4
大范围	dfw	1	3
大富翁	dfw	2	3
得分王	dfw	3	3
多方位	dfw	4	3
丢饭碗	dfw	5	3
东风无力百花残	dfwc	1	4
东方文明	dfwm	1	4
点份外卖	dfwm	2	4
的范围内	dfwn	1	4
大方无隅	dfwy	1	4
大方向	dfx	1	3
颠覆性	dfx	2	3
担风险	dfx	3	3
低风险	dfx	4	3
多发性	dfx	5	3
东扶西倒	dfxd	1	4
大幅下降	dfxj	2	4
豆腐西施	dfxu	1	4
丹凤眼	dfy	1	3
大飞跃	dfy	2	3
当浮一大白	dfyb	1	4
东风压倒西风	dfyf	1	4
大幅优化	dfyh	1	4
东风悦达起亚	dfyy	1	4
毒贩子	dfz	1	3
大分子	dfz	2	3
顶风作案	dfza	1	4
打翻在地	dfzd	1	4
大概	dg	2	2
大哥	dg	3	2
打狗棒	dgb	2	3
打个包	dgb	3	3
多个版本	dgbb	1	4
多国部队	dgbd	1	4
打个比方	dgbf	1	4
丢官罢职	dgbv	1	4
打个比喻	dgby	1	4
定冠词	dgc	1	3
大股东	dgd	1	3
大哥大	dgd	2	3
打个盹	dgd	3	3
动感地带	dgdd	3	4
地瓜淀粉	dgdf	1	4
打个电话	dgdh	1	4
定格动画	dgdh	2	4
打过电话	dgdh	3	4
单根独苗	dgdm	1	4
岛国动作片	dgdp	1	4
大概都是	dgdu	1	4
帝国大业	dgdy	1	4
大个儿	dge	1	3
打高尔夫	dgef	1	4
大锅饭	dgf	1	3
当官发财	dgfc	1	4
大哥哥	dgg	2	3
打广告	dgg	3	3
打光棍	dgg	4	3
顶呱呱	dgg	5	3
大国工匠	dggj	1	4
德国骨科	dggk	1	4
低功耗	dgh	2	3
动肝火	dgh	3	3
刀耕火种	dghv	3	4
胆固醇	dgi	1	3
代工厂	dgi	2	3
的过程中	dgiv	1	4
懂个锤子	dgiz	1	4
的感觉	dgj	2	3
打过交道	dgjd	1	4
大概几点	dgjd	2	4
倒挂金钩	dgjg	1	4
德国进口	dgjk	1	4
大国崛起	dgjq	1	4
大高加索	dgjs	1	4
大概就是	dgju	3	4
断根绝种	dgjv	2	4
打个胶先	dgjx	2	4
打个胶线	dgjx	3	4
的关键所在	dgjz	1	4
打狗看主人	dgkr	1	4
打狗看主	dgkv	1	4
大概率	dgl	2	3
递过来	dgl	3	3
倒过来	dgl	4	3
带沟里	dgl	5	3
大功率	dgl	6	3
底格里斯河	dglh	1	4
躲过了一劫	dglj	1	4
带沟里去	dglq	1	4
大过滤器	dglq	2	4
大规模	dgm	1	3
戴高帽	dgm	2	3
大革命	dgm	3	3
打工妹	dgm	4	3
大盖帽	dgm	5	3
都干嘛呢	dgmn	1	4
大姑娘	dgn	1	3
都怪你	dgn	2	3
多功能	dgn	3	3
带给你	dgn	4	3
大过年	dgn	5	3
大过年的	dgnd	1	4
渡过难关	dgng	2	4
导光凝胶	dgnj	1	4
大姑娘上轿	dgnj	2	4
冬瓜皮	dgp	1	3
懂个屁	dgp	2	3
岛国片	dgp	3	3
打个喷嚏	dgpt	1	4
多个品种	dgpv	1	4
丹桂飘香	dgpx	1	4
顶个屁用	dgpy	1	4
多个朋友	dgpy	2	4
递过去	dgq	2	3
打过去	dgq	3	3
道个歉	dgq	4	3
带过去	dgq	5	3
动感情	dgq	6	3
电钢琴	dgq	7	3
打感情牌	dgqp	2	4
打工人	dgr	2	3
德国人	dgr	3	3
登革热	dgr	4	3
夺冠热门	dgrm	1	4
打官司	dgs	1	3
大公司	dgs	2	3
都怪他	dgt	1	3
都怪她	dgt	2	3
调过头来	dgtl	1	4
大概是	dgu	1	3
的感受	dgu	2	3
大概是吧	dgub	1	4
帝国时代	dgud	1	4
打工是不可能打工的	dgud	2	4
动过手脚	dguj	2	4
大概是因为	dguw	1	4
打骨折	dgv	1	3
点关注	dgv	2	3
打工者	dgv	3	3
打个招呼	dgvh	1	4
顶个诸葛亮	dgvl	1	4
达观知命	dgvm	1	4
达官知命	dgvm	2	4
打过照面	dgvm	3	4
大国重器	dgvq	1	4
帝国主义列强	dgvq	2	4
帝国主义亡我之心不死	dgvs	1	4
打工战士	dgvu	4	4
逮个正着	dgvv	1	4
等过阵子	dgvz	2	4
都怪我	dgw	1	3
都给我哭	dgwk	1	4
点个外卖	dgwm	1	4
带给我们	dgwm	2	4
都给我笑	dgwx	1	4
多高兴	dgx	1	3
等高线	dgx	2	3
多管闲事多吃屁	dgxp	1	4
大概需要	dgxy	2	4
多个心眼	dgxy	3	4
大观园	dgy	2	3
导购员	dgy	3	3
地沟油	dgy	4	3
登高一呼	dgyh	1	4
躲过一劫	dgyj	2	4
大功一件	dgyj	3	4
登高远眺	dgyt	2	4
大概也是	dgyu	2	4
道高一尺，魔高一丈	dgyv	2	4
对公业务	dgyw	1	4
打个游戏	dgyx	1	4
道诡异仙	dgyx	2	4
多国语言	dgyy	2	4
打工族	dgz	2	3
大个子	dgz	3	3
打工仔	dgz	4	3
点个赞	dgz	5	3
低工资	dgz	6	3
断骨增高	dgzg	1	4
打个暂停	dgzt	1	4
的话	dh	2	2
电话	dh	3	2
多好啊	dha	1	3
东海岸	dha	2	3
电话簿	dhb	2	3
单行本	dhb	3	3
大会报告	dhbg	2	4
动画表情	dhbq	1	4
电话采访	dhcf	1	4
大坏蛋	dhd	2	3
大混蛋	dhd	3	3
单行道	dhd	4	3
订货单	dhd	5	3
大红灯笼	dhdl	2	4
等候多时	dhdu	1	4
多喝点水	dhdu	2	4
电话地址	dhdv	1	4
待会儿	dhe	1	3
等会儿	dhe	2	3
大伙儿	dhe	3	3
呆会儿	dhe	4	3
大后方	dhf	1	3
大黄蜂	dhf	2	3
电话费	dhf	3	3
等回复	dhf	4	3
都很方便	dhfb	1	4
电话服务	dhfw	2	4
电焊工	dhg	2	3
读后感	dhg	3	3
单簧管	dhg	4	3
大化改新	dhgx	1	4
对华关系	dhgx	2	4
大呼过瘾	dhgy	2	4
敌后工作	dhgz	1	4
都很好	dhh	1	3
电火花	dhh	2	3
打哈哈	dhh	3	3
大红花	dhh	4	3
大回环	dhh	5	3
但行好事	dhhu	2	4
大黑耗子	dhhz	1	4
大合唱	dhi	2	3
大货车	dhi	3	3
大获成功	dhig	2	4
电话传真	dhiv	1	4
电话查询	dhix	1	4
打火机	dhj	2	3
大环境	dhj	3	3
待会见	dhj	4	3
电话机	dhj	5	3
电焊机	dhj	6	3
碘化钾	dhj	7	3
电话计费	dhjf	1	4
大好机会	dhjh	1	4
逗号句号	dhjh	2	4
刁滑奸诈	dhjv	1	4
对话框	dhk	2	3
电话卡	dhk	3	3
点火开关	dhkg	1	4
电话空号	dhkh	1	4
大会开幕	dhkm	1	4
到后来	dhl	2	3
打呼噜	dhl	3	3
大灰狼	dhl	4	3
电话铃	dhl	5	3
大花脸	dhl	6	3
待会聊	dhl	7	3
定滑轮	dhl	8	3
动滑轮	dhl	9	3
东海龙宫	dhlg	1	4
灯火阑珊处	dhli	1	4
都回来了	dhll	3	4
电话铃声	dhlu	4	4
东海龙王	dhlw	1	4
电话联系	dhlx	1	4
到后面	dhm	1	3
兑换码	dhm	2	3
多画面	dhm	3	3
电话面试	dhmu	1	4
当红明星	dhmx	1	4
对华贸易	dhmy	1	4
都还没有	dhmy	2	4
大和民族	dhmz	1	4
大好年华	dhnh	1	4
点火尿炕	dhnk	1	4
动画片	dhp	1	3
大红袍	dhp	2	3
蛋黄派	dhp	3	3
动画片儿	dhpe	1	4
打虎拍蝇	dhpy	1	4
打哈欠	dhq	1	3
兑换券	dhq	2	3
点火器	dhq	3	3
大好前程	dhqi	3	4
大荒囚天指	dhqv	1	4
大活人	dhr	2	3
大好人	dhr	3	3
大红人	dhr	4	3
大户人家	dhrj	3	4
多喝热水	dhru	1	4
导火索	dhs	1	3
淡黄色	dhs	2	3
淡红色	dhs	3	3
多划算	dhs	4	3
胆红素	dhs	5	3
带回宿舍	dhsu	1	4
大后天	dht	2	3
电话亭	dht	3	3
大会堂	dht	4	3
多好听	dht	5	3
导航条	dht	6	3
订合同	dht	7	3
对华投资	dhtz	2	4
当回事	dhu	2	3
多喝水	dhu	3	3
打火石	dhu	4	3
电话手表	dhub	1	4
敦煌石窟	dhuk	1	4
点横竖撇捺	dhun	1	4
大火收汁	dhuv	2	4
定海神珍	dhuv	3	4
电话中	dhv	1	3
电话粥	dhv	2	3
独行者	dhv	3	3
对华政策	dhvc	1	4
打好招呼	dhvh	2	4
大会召开	dhvk	1	4
多好玩	dhw	1	3
电话线	dhx	2	3
导火线	dhx	3	3
稻花香	dhx	4	3
都很喜欢	dhxh	1	4
电话销售	dhxu	2	4
都会有	dhy	1	3
大黄鱼	dhy	2	3
导航仪	dhy	3	3
导航员	dhy	4	3
等行业	dhy	5	3
大黄鸭	dhy	6	3
东海扬尘	dhyi	1	4
大吼一声	dhyu	4	4
大喊一声	dhyu	5	4
打会游戏	dhyx	2	4
大红枣	dhz	1	3
的孩子	dhz	2	3
待会再说	dhzu	2	4
等会再说	dhzu	3	4
当初	di	2	2
低成本	dib	2	3
大酬宾	dib	3	3
打赤膊	dib	4	3
倒插笔	dib	5	3
都差不多	dibd	2	4
多重曝光	dibg	3	4
大差不差	dibi	1	4
大肠包小肠	dibi	2	4
地产板块	dibk	2	4
当场毙命	dibm	2	4
单车变摩托	dibt	1	4
大尺度	did	2	3
大仇得报	didb	2	4
到处都有	didy	1	4
当成儿戏	diex	1	4
蛋炒饭	dif	2	3
电吹风	dif	3	3
调查方法	diff	2	4
大乘佛法	diff	3	4
大乘佛教	difj	1	4
调查分析	difx	1	4
电池管理	digl	1	4
达成共识	digu	4	4
电池盒	dih	2	3
多重好礼	dihl	3	4
当场出丑	diii	1	4
倒车镜	dij	2	3
点钞机	dij	3	3
独出己见	dijj	1	4
得出结论	dijl	1	4
大乘金仙	dijx	4	4
到处可见	dikj	1	4
东床快婿	dikx	2	4
得出来	dil	2	3
打出来	dil	3	3
洞察力	dil	4	3
倒车雷达	dild	2	4
当场裂开	dilk	5	4
大处落墨	dilm	2	4
倒抽了一口冷气	dilq	2	4
倒插门	dim	2	3
蛋炒面	dim	3	3
达成目标	dimb	1	4
达成目的	dimd	2	4
电车难题	dint	1	4
大喘气	diq	2	3
电场强度	diqd	1	4
洞察其奸	diqj	1	4
当场去世	diqu	2	4
调查取证	diqv	1	4
钓成翘嘴	diqz	1	4
多重人格	dirg	1	4
倒车入库	dirk	1	4
电池损耗	dish	1	4
端茶送客	disk	2	4
当场死亡	disw	1	4
大长腿	dit	2	3
底朝天	dit	3	3
大吃特吃	diti	2	4
当场退役	dity	1	4
大城市	diu	2	3
地产商	diu	3	3
对称式	diu	4	3
多长时间	diuj	1	4
等差数列	diul	1	4
大肠湿热	diur	1	4
当场身亡	diuw	1	4
对称轴	div	2	3
到处转转	divv	2	4
吊车尾	diw	2	3
调查问卷	diwj	1	4
大出血	dix	2	3
对称性	dix	3	3
独创性	dix	4	3
单纯性	dix	5	3
大肠虚寒	dixh	1	4
东扯西扯	dixi	5	4
达成协议	dixy	1	4
得出一个	diyg	1	4
当成一个	diyg	2	4
当场殒命	diym	1	4
弹出页面	diym	2	4
洞察一切	diyq	1	4
倒抽一口冷气	diyq	2	4
多重影分身	diyu	6	4
当成一种	diyv	1	4
达成一致	diyv	2	4
倒车影像	diyx	1	4
电池组	diz	2	3
动车组	diz	3	3
大碴子	diz	4	3
到处走走	dizz	3	4
大家	dj	2	2
多久	dj	3	2
东京爱情故事	djau	1	4
第几步	djb	2	3
登记表	djb	3	3
单肩包	djb	4	3
单机版	djb	5	3
大鸡巴	djb	6	3
点击播放	djbf	3	4
等级不够	djbg	1	4
登记表格	djbg	2	4
动机不纯	djbi	2	4
当讲不当讲	djbj	3	4
东京不太热	djbr	2	4
短见薄识	djbu	2	4
大匠不斫	djbv	2	4
但绝不会缺席	djbx	1	4
第九次	djc	2	3
第几次	djc	3	3
度假村	djc	4	3
登记册	djc	5	3
单击此处	djci	3	4
递交辞呈	djci	4	4
单击此处添加标题	djct	1	4
待价藏珠	djcv	1	4
东京喰种	djcv	2	4
低级错误	djcw	1	4
大家的	djd	2	3
打交道	djd	3	3
大酒店	djd	4	3
大姐大	djd	5	3
多角度	djd	6	3
等价代换	djdh	2	4
打击对象	djdx	1	4
带劲儿	dje	2	3
大件儿	dje	3	3
冬季风	djf	2	3
独家发布	djfb	1	4
大将风度	djfd	2	4
打击犯罪	djfz	1	4
第几个	djg	1	3
大局观	djg	2	3
断句鬼才	djgc	2	4
顶级过肺	djgf	3	4
独家冠名	djgm	1	4
第几个问题	djgt	1	4
党建工作	djgz	1	4
大家好	djh	2	3
大家伙	djh	3	3
低级黑	djh	4	3
第九回合	djhh	2	4
敌军还有五秒到达战场	djhi	1	4
大家还是	djhu	1	4
打基础	dji	1	3
登记处	dji	2	3
大检查	dji	3	3
东家长西家短	djid	1	4
打简出繁	djif	2	4
大姐姐	djj	2	3
大结局	djj	3	3
大将军	djj	4	3
对讲机	djj	5	3
顶尖级	djj	6	3
豆浆机	djj	7	3
第九节	djj	8	3
第九届	djj	9	3
电锯惊魂	djjh	2	4
大家记住	djjv	1	4
对角矩阵	djjv	2	4
堆金积玉	djjy	1	4
大家快来欺负他	djkt	1	4
大家可以	djky	1	4
短距离	djl	2	3
点击率	djl	3	3
点击量	djl	4	3
吊脚楼	djl	5	3
等距离	djl	6	3
奠基礼	djl	7	3
顶级理解	djlj	3	4
断绝来往	djlw	2	4
多加练习	djlx	1	4
断绝联系	djlx	2	4
第几名	djm	1	3
打击面	djm	2	3
打鸡骂狗	djmg	1	4
单机模式	djmu	1	4
挡箭牌	djp	1	3
订机票	djp	2	3
登机牌	djp	3	3
大键盘	djp	4	3
点进去	djq	2	3
定价权	djq	3	3
代金券	djq	4	3
顶级期刊	djqk	3	4
掉进去了	djql	3	4
大叫起来	djql	4	4
当家人	djr	2	3
奠基人	djr	3	3
登记人	djr	4	3
东京热	djr	5	3
大家认为	djrw	1	4
打假赛	djs	2	3
道具赛	djs	3	3
断金碎玉	djsy	2	4
第几天	djt	1	3
大教堂	djt	2	3
第九天	djt	3	3
大家庭	djt	4	3
电吉他	djt	5	3
大集体	djt	6	3
单镜头	djt	7	3
地角天涯	djty	2	4
倒计时	dju	1	3
大街上	dju	2	3
垫脚石	dju	3	3
独角兽	dju	4	3
地级市	dju	5	3
胆结石	dju	6	3
奠基石	dju	7	3
渡劫失败	djub	1	4
点击输入文本	djub	2	4
度假胜地	djud	1	4
对就是对	djud	2	4
多久时间	djuj	2	4
待机时间	djuj	3	4
低级水平	djup	2	4
睹景伤情	djuq	1	4
登记手续	djux	2	4
等级上限	djux	3	4
电解质	djv	2	3
大决战	djv	3	3
奠基者	djv	4	3
等级制	djv	5	3
登记证	djv	6	3
第九章	djv	7	3
大家知道	djvd	1	4
多加照顾	djvg	1	4
斗酒只鸡	djvj	1	4
低价转让	djvr	1	4
待机状态	djvt	1	4
当今之事	djvu	1	4
多加注意	djvy	1	4
第几位	djw	1	3
等价物	djw	2	3
多机位	djw	3	3
电竞玩家	djwj	1	4
断绝往来	djwl	1	4
敌进我退	djwt	1	4
冬季外套	djwt	2	4
大局为重	djwv	1	4
大橘为重	djwv	2	4
等价无穷小	djwx	1	4
打鸡血	djx	2	3
独角戏	djx	3	3
对角线	djx	4	3
妒忌心	djx	5	3
低价销售	djxu	1	4
电竞选手	djxu	2	4
独家新闻	djxw	1	4
打酱油	djy	1	3
斗鸡眼	djy	2	3
都江堰	djy	3	3
大剧院	djy	4	3
等价于	djy	5	3
多见于	djy	6	3
打击乐	djy	7	3
大橘已定	djyd	2	4
冬季运动会	djyh	2	4
定睛一看	djyk	1	4
大家一起	djyq	1	4
多久以前	djyq	2	4
杜绝一切	djyq	3	4
大叫一声	djyu	1	4
大局意识	djyu	2	4
第九艺术	djyu	3	4
大记忆恢复术	djyu	4	4
单机游戏	djyx	1	4
刀剑英雄	djyx	2	4
道教用语	djyy	1	4
带节奏	djz	2	3
大舅子	djz	3	3
打击罪恶	djze	2	4
度君子之腹	djzf	1	4
打开	dk	2	2
对抗	dk	3	2
动口不动手	dkbu	2	4
大块朵颐	dkdy	3	4
低开低走	dkdz	2	4
笛卡尔	dke	2	3
贷款额	dke	3	3
贷款额度	dked	1	4
贷款方	dkf	2	3
打开方式	dkfu	1	4
大可放心	dkfx	1	4
低空飞行	dkfx	2	4
低开高走	dkgz	3	4
大客户	dkh	2	3
大括号	dkh	3	3
大口喝酒	dkhj	1	4
大卡车	dki	1	3
大客车	dki	2	3
大开城门	dkim	1	4
大口喘气	dkiq	1	4
大口吃肉	dkir	1	4
大口径	dkj	2	3
雕刻机	dkj	3	3
打孔机	dkj	4	3
多看看	dkk	2	3
打瞌睏	dkk	3	3
东看看西望望	dkkw	1	4
多亏了	dkl	1	3
抵抗力	dkl	2	3
打空了	dkl	3	3
电烤炉	dkl	4	3
断开连接	dklj	1	4
打开链接	dklj	2	4
抵抗力下降	dklj	3	4
打开了新世界的大门	dklm	1	4
抵抗力强	dklq	1	4
打开门	dkm	1	3
单孔目	dkm	2	3
都可能	dkn	1	3
迪卡侬	dkn	2	3
多亏你	dkn	3	3
抵抗能力	dknl	1	4
都可能是	dknu	1	4
的可能性	dknx	1	4
迪克牛仔	dknz	1	4
低空飘过	dkpg	2	4
读卡器	dkq	2	3
打孔器	dkq	3	3
多开器	dkq	4	3
贷款人	dkr	1	3
对抗赛	dks	2	3
大块头	dkt	1	3
打开天窗说亮话	dkth	1	4
刀口舔血	dktx	1	4
打瞌睡	dku	1	3
德克士	dku	2	3
倒苦水	dku	3	3
大开杀戒	dkuj	1	4
待客之道	dkvd	1	4
读课文	dkw	1	3
打开文件	dkwj	2	4
大块文章	dkwv	1	4
打开网页	dkwy	2	4
对抗性	dkx	2	3
电烤箱	dkx	3	3
癫狂痫	dkx	4	3
打卡下班	dkxb	2	4
打开心扉	dkxf	1	4
对抗训练	dkxl	3	4
对抗心魔	dkxm	1	4
东诓西骗	dkxp	2	4
都可以	dky	2	3
大可以	dky	3	3
大哭一场	dkyi	2	4
等宽字体	dkzt	1	4
带来	dl	1	2
到了	dl	2	2
大量	dl	3	2
道路安全法	dlaf	1	4
哆啦A梦	dlam	1	4
道路安全	dlaq	1	4
得了吧	dlb	1	3
大老板	dlb	2	3
店老板	dlb	3	3
大礼包	dlb	4	3
电路板	dlb	5	3
电流表	dlb	6	3
带来不便	dlbb	1	4
达拉崩吧	dlbb	2	4
得了便宜卖乖	dlbg	1	4
得了便宜还卖乖	dlbg	2	4
地利不如人和	dlbh	1	4
独立博客	dlbk	1	4
电力板块	dlbk	2	4
倒了八辈子霉	dlbm	1	4
倒了八辈子血霉	dlbm	2	4
得理不饶人	dlbr	1	4
等了半天	dlbt	1	4
得力帮手	dlbu	1	4
得来不易	dlby	1	4
动力不足	dlbz	1	4
第六次	dlc	1	3
大老粗	dlc	2	3
顿了顿	dld	1	3
动了动	dld	2	3
点了点	dld	3	3
大乱斗	dld	4	3
跺了跺脚	dldj	1	4
斗罗大陆	dldl	1	4
掂量掂量	dldl	2	4
踱来踱去	dldq	3	4
点了点头	dldt	1	4
定了定神	dldu	1	4
丢脸丢到国外	dldw	2	4
断了的弦	dldx	1	4
逗乐儿	dle	1	3
夺路而逃	dlet	1	4
代理费	dlf	1	3
第六感	dlg	1	3
第六个	dlg	2	3
大裂谷	dlg	3	3
打零工	dlg	4	3
段落感	dlg	5	3
独立国	dlg	6	3
跌落谷底	dlgd	1	4
打了个盹	dlgd	2	4
电量过低	dlgd	3	4
打了广告	dlgg	1	4
打了个招呼	dlgh	1	4
打了个电话	dlgh	2	4
得力干将	dlgj	1	4
打了个哈欠	dlgq	1	4
打了个喷嚏	dlgt	1	4
大炼钢铁	dlgt	2	4
大老虎	dlh	1	3
低龄化	dlh	2	3
独立化	dlh	3	3
度量衡	dlh	4	3
电老虎	dlh	5	3
第六回合	dlhh	1	4
动力火车	dlhi	1	4
等了好久	dlhj	2	4
带来和平	dlhp	1	4
代理合同	dlht	1	4
带来好运	dlhy	1	4
独轮车	dli	1	3
倒立撑	dli	2	3
代理处	dli	3	3
大路朝天，各走一边	dlib	1	4
大龄产妇	dlif	1	4
大力出奇迹	dlij	1	4
道路畅通	dlit	1	4
大量出现	dlix	1	4
独立创作	dliz	1	4
倒垃圾	dlj	1	3
第六节	dlj	2	3
第六季	dlj	3	3
电力局	dlj	4	3
第六届	dlj	5	3
多棱镜	dlj	6	3
代理机构	dljg	1	4
大力金刚	dljg	2	4
独立结构	dljg	3	4
登录就送	dljs	1	4
道路交通	dljt	1	4
大力建设	dlju	1	4
大力金刚指	dljv	1	4
打了鸡血	dljx	2	4
独立经营	dljy	1	4
灯笼裤	dlk	1	3
地理课	dlk	2	3
大力开发	dlkf	1	4
都来看看	dlkk	1	4
带来困难	dlkn	1	4
带来了	dll	1	3
滴溜溜	dll	2	3
叮铃铃	dll	3	3
低利率	dll	4	3
独乐乐不如众乐乐	dlll	1	4
丢雷楼谋	dllm	2	4
代理律师	dllu	1	4
地理老师	dllu	2	4
滴溜溜转	dllv	1	4
断了联系	dllx	1	4
第六名	dlm	1	3
大佬们	dlm	2	3
对立面	dlm	3	3
懂礼貌	dlm	4	3
戴绿帽	dlm	5	3
打卤面	dlm	6	3
哆来咪	dlm	7	3
登录名	dlm	8	3
顶礼模拜	dlmb	2	4
带来麻烦	dlmf	1	4
倒了霉了	dlml	1	4
登录密码	dlmm	1	4
独立密码	dlmm	2	4
到了没有	dlmy	1	4
大佬牛逼	dlnb	1	4
到了你家	dlnj	1	4
到了哪里	dlnl	1	4
独立女性	dlnx	1	4
独立男性	dlnx	2	4
大老婆	dlp	1	3
大脸盘	dlp	2	3
得了便宜还卖乖	dlpg	1	4
大脸盘子	dlpz	1	4
打篮球	dlq	1	3
代理权	dlq	2	3
多了去	dlq	3	3
登陆器	dlq	4	3
得来全不费工夫	dlqf	1	4
多了去了	dlql	1	4
代理人	dlr	1	3
大陆人	dlr	2	3
第六人	dlr	3	3
独立日	dlr	4	3
迪丽热巴	dlrb	1	4
独立人格	dlrg	1	4
大理寺	dls	1	3
杜蕾斯	dls	2	3
淡蓝色	dls	3	3
大冷天	dlt	1	3
第六天	dlt	2	3
电路图	dlt	3	3
大乐透	dlt	4	3
独立团	dlt	5	3
电烙铁	dlt	6	3
地理条件	dltj	1	4
大理石	dlu	1	3
大力士	dlu	2	3
代理商	dlu	3	3
大力神	dlu	4	3
电流声	dlu	5	3
冬令时	dlu	6	3
到了时候	dluh	1	4
大量生产	dlui	1	4
动了手脚	dluj	1	4
动了杀机	dluj	2	4
单联双控	dluk	1	4
跌落神坛	dlut	2	4
大力水手	dluu	1	4
大撸伤身	dluu	2	4
动力十足	dluz	1	4
顶梁柱	dlv	1	3
登陆战	dlv	2	3
点蜡烛	dlv	3	3
代理制	dlv	4	3
段落轴	dlv	5	3
独立主格	dlvg	1	4
到了之后	dlvh	1	4
打乱阵脚	dlvj	1	4
独立主权	dlvq	1	4
到了这个份上	dlvu	1	4
得力助手	dlvu	2	4
电力网	dlw	1	3
道路网	dlw	2	3
到了我家	dlwj	1	4
得力文具	dlwj	2	4
独立卫生间	dlwj	3	4
带领下	dlx	1	3
独立性	dlx	2	3
电缆线	dlx	3	3
对立性	dlx	4	3
带来幸福	dlxf	1	4
丢了西瓜	dlxg	1	4
大力宣传	dlxi	2	4
等了许久	dlxj	2	4
掉了下来	dlxl	1	4
丢了性命	dlxm	1	4
倒了血霉	dlxm	2	4
动力系统	dlxt	1	4
独立行使	dlxu	2	4
独立行事	dlxu	3	4
独立宣言	dlxy	1	4
独立学院	dlxy	2	4
到了现在	dlxz	1	4
断了线的珠子	dlxz	2	4
动力小子	dlxz	3	4
大老远	dly	1	3
独立于	dly	2	3
得力于	dly	3	3
大老爷	dly	4	3
电流音	dly	5	3
冬令营	dly	6	3
独立营	dly	7	3
打了一顿	dlyd	1	4
等了又等	dlyd	2	4
多了一个	dlyg	1	4
到了以后	dlyh	1	4
到了一定的时候	dlyh	2	4
打了一架	dlyj	1	4
跌了一跤	dlyj	2	4
打老远来	dlyl	1	4
大老远来	dlyl	2	4
打了一手好算盘	dlyp	1	4
大量涌入	dlyr	1	4
大雷音寺	dlys	1	4
道路运输	dlyu	1	4
地理优势	dlyu	2	4
独立意识	dlyu	3	4
的另一种	dlyv	1	4
独立游戏	dlyx	1	4
瞪了一眼	dlyy	1	4
达利园效应	dlyy	2	4
独立运营	dlyy	3	4
掉链子	dlz	1	3
等离子	dlz	2	3
毒龙钻	dlz	3	3
到了最后	dlzh	1	4
等离子电视	dlzu	1	4
大佬坐姿	dlzz	1	4
对面	dm	2	2
多么	dm	3	2
都没变	dmb	2	3
蹲马步	dmb	3	3
点名簿	dmb	4	3
逗猫棒	dmb	5	3
大门不出	dmbi	2	4
盗墓笔记	dmbj	4	4
独木不成林	dmbl	1	4
大门不出，二门不迈	dmbm	1	4
大门不出二门不迈	dmbm	2	4
点名表扬	dmby	1	4
但没必要	dmby	2	4
多么不容易	dmby	3	4
代名词	dmc	2	3
点名册	dmc	3	3
对没错	dmc	4	3
倒霉催	dmc	5	3
动名词	dmc	6	3
倒霉催的	dmcd	2	4
多么的	dmd	1	3
倒霉蛋	dmd	2	3
刀马旦	dmd	3	3
多么多么	dmdm	2	4
大魔导师	dmdu	2	4
当面对质	dmdv	1	4
夺门而去	dmeq	1	4
多麻烦	dmf	2	3
大米饭	dmf	3	3
打埋伏	dmf	4	3
都没发现	dmfx	2	4
大满贯	dmg	2	3
短命鬼	dmg	3	3
大拇哥	dmg	4	3
大明宫	dmg	5	3
大漠孤烟	dmgy	2	4
多么好	dmh	1	3
大麻花	dmh	2	3
大明湖	dmh	3	3
弹幕护体	dmht	1	4
大卖场	dmi	2	3
电脉冲	dmi	3	3
堆木场	dmi	4	3
斗米尺布	dmib	1	4
大面积	dmj	2	3
打麻将	dmj	3	3
底面积	dmj	4	3
淡墨惊风	dmjf	1	4
独门绝技	dmjj	1	4
夺命剪刀脚	dmjj	2	4
当面交易	dmjy	2	4
大门口	dmk	2	3
代码块	dmk	3	3
达摩克利斯之剑	dmkj	2	4
达摩克利斯	dmks	1	4
多么可笑	dmkx	1	4
倒霉了	dml	2	3
达美乐	dml	3	3
动脉瘤	dml	4	3
夺命连环	dmlh	2	4
都没力气	dmlq	2	4
堆满了笑容	dmlr	1	4
躲猫猫	dmm	1	3
大幂幂	dmm	2	3
独门秘籍	dmmj	1	4
多么迷人	dmmr	1	4
大美女	dmn	1	3
多么难	dmn	2	3
多米诺	dmn	3	3
多米诺骨牌	dmnp	1	4
大马趴	dmp	2	3
点名批评	dmpp	2	4
独木桥	dmq	1	3
到目前	dmq	2	3
导盲犬	dmq	3	3
当面请教	dmqj	1	4
到目前为止	dmqv	1	4
大忙人	dmr	2	3
大魔头	dmt	2	3
多媒体	dmt	3	3
多面体	dmt	4	3
倒霉透顶	dmtd	2	4
都没听过	dmtg	1	4
动漫图片	dmtp	2	4
多么痛的领悟	dmtw	1	4
多面手	dmu	1	3
动漫社	dmu	2	3
地面水	dmu	3	3
多谋少断	dmud	2	4
打满伤害	dmuh	3	4
夺命书生	dmuu	2	4
大拇指	dmv	1	3
独木舟	dmv	2	3
地面站	dmv	3	3
地面砖	dmv	4	3
点明主旨	dmvv	2	4
蝶梦庄周	dmvv	3	4
低眉折腰	dmvy	1	4
大魔王	dmw	2	3
弹幕网	dmw	3	3
敌明我暗	dmwa	2	4
都没问题	dmwt	1	4
地面卫星接收站	dmwv	1	4
多么像	dmx	1	3
大明星	dmx	2	3
大冒险	dmx	3	3
得民心	dmx	4	3
动脉血	dmx	5	3
都没想到	dmxd	1	4
多么幸福	dmxf	1	4
打磨细节	dmxj	1	4
多么希望	dmxw	1	4
登门谢罪	dmxz	1	4
都没有	dmy	2	3
但没有	dmy	3	3
倒没有	dmy	4	3
度蜜月	dmy	5	3
打马扬鞭	dmyb	2	4
单名一个	dmyg	1	4
都没有了	dmyl	1	4
都没有什么	dmym	1	4
当面一套，背后一套	dmyt	2	4
丢面子	dmz	2	3
大妹子	dmz	3	3
戴帽子	dmz	4	3
达摩祖师	dmzu	2	4
当年	dn	2	2
电脑	dn	3	2
电脑版	dnb	2	3
电脑包	dnb	3	3
挡泥板	dnb	4	3
待你不薄	dnbb	1	4
大难不死必有后福	dnbf	1	4
大难不死，必有后福	dnbf	2	4
对你不好	dnbh	2	4
队内不和	dnbh	3	4
大脑半球	dnbq	1	4
大脑袋	dnd	2	3
掉脑袋	dnd	3	3
电脑端	dnd	4	3
等你等待	dndd	2	4
电脑电池	dndi	1	4
动能定理	dndl	1	4
东尼大木	dndm	2	4
多年的媳妇熬成婆	dndp	1	4
队内地位	dndw	1	4
电脑电源	dndy	1	4
丹尼尔	dne	2	3
大女儿	dne	3	3
低能儿	dne	4	3
到哪儿去了	dnel	1	4
到哪儿去	dneq	1	4
对你而言	dney	1	4
东南方	dnf	1	3
东南风	dnf	2	3
毒奶粉	dnf	3	3
大脑斧	dnf	4	3
东南方向	dnfx	1	4
都能够	dng	1	3
定能够	dng	2	3
顶你个肺	dngf	1	4
电脑管家	dngj	3	4
大脑过载	dngz	2	4
多年后	dnh	2	3
大男孩	dnh	3	3
多瑙河	dnh	4	3
电脑黑客	dnhk	1	4
电脑城	dni	2	3
待你长发及腰	dniy	3	4
动脑筋	dnj	2	3
低年级	dnj	3	3
多年间	dnj	4	3
党内监督	dnjd	1	4
电脑键盘	dnjp	1	4
电脑截图	dnjt	1	4
大难将至	dnjv	1	4
电脑课	dnk	2	3
都能看出	dnki	1	4
大脑空空	dnkk	1	4
带你看看	dnkk	2	4
多年来	dnl	1	3
到哪里	dnl	2	3
到那里	dnl	3	3
大难临头各自飞	dnlf	1	4
电脑蓝屏	dnlp	2	4
到哪里去	dnlq	1	4
对你来说	dnlu	1	4
到哪里玩	dnlw	2	4
都那么	dnm	1	3
对你们	dnm	2	3
电脑迷	dnm	3	3
都能明白	dnmb	2	4
电脑模式	dnmu	1	4
电脑配件	dnpj	1	4
电脑屏幕	dnpm	1	4
多年前	dnq	1	3
到哪去	dnq	2	3
斗牛犬	dnq	3	3
电暖气	dnq	4	3
电暖器	dnq	5	3
断奶期	dnq	6	3
到哪去了	dnql	1	4
大男人	dnr	1	3
电脑软件	dnrj	1	4
掉san	dnsj	1	4
电脑死机	dnsj	2	4
丹尼斯吴	dnsw	1	4
电脑台	dnt	1	3
打娘胎里	dntl	1	4
到那时	dnu	1	3
对你说	dnu	2	3
斗牛士	dnu	3	3
到那时候	dnuh	1	4
大牛双拼	dnup	1	4
打那时起	dnuq	1	4
电脑桌	dnv	1	3
电脑主板	dnvb	1	4
多年之后	dnvh	1	4
多年之前	dnvq	1	4
逗你玩	dnw	1	3
党内外	dnw	2	3
多年未见	dnwj	1	4
电脑玩家	dnwj	2	4
电脑文件	dnwj	3	4
对那些	dnx	1	3
都能行	dnx	2	3
东南西北风	dnxf	1	4
东南西北中	dnxv	1	4
东南亚	dny	2	3
大年夜	dny	3	3
多年以后	dnyh	2	4
多年以来	dnyl	1	4
电脑硬盘	dnyp	1	4
多年以前	dnyq	1	4
懂你意思	dnys	1	4
电脑游戏	dnyx	1	4
电脑应用	dnyy	1	4
动脑子	dnz	1	3
大男子主义	dnzy	1	4
到时候	dp	2	2
的时候	dp	3	2
大瀑布	dpb	1	3
顶配版	dpb	2	3
大排档	dpd	2	3
貂皮大衣	dpdy	1	4
大炮打蚊子	dpdz	1	4
打屁股	dpg	1	3
大屁股	dpg	2	3
大盘股	dpg	3	3
大盘高开	dpgk	1	4
动平衡	dph	2	3
大排行	dph	3	3
店铺号	dph	4	3
多频合一	dphy	1	4
电瓶车	dpi	1	3
大篷车	dpi	2	3
刀片超车	dpii	1	4
打破传统	dpit	1	4
大盘鸡	dpj	2	3
单片机	dpj	3	3
打破僵局	dpjj	1	4
打破纪录	dpjl	1	4
打破记录	dpjl	2	4
大盘鸡拌面	dpjm	1	4
打扑克	dpk	1	3
短平快	dpk	2	3
大批量	dpl	1	3
得票率	dpl	2	3
多普勒	dpl	3	3
大盘蓝筹	dpli	1	4
打疲劳战	dplv	1	4
箪瓢陋巷	dplx	1	4
大屏幕	dpm	2	3
大牌明星	dpmx	1	4
大品牌	dpp	2	3
打屁屁	dpp	3	3
打乒乓球	dppq	1	4
打排球	dpq	2	3
大批人马	dprm	1	4
打喷嚏	dpt	2	3
德配天地	dptd	1	4
道破天机	dptj	1	4
东鹏特饮	dpty	2	4
打平手	dpu	1	3
打破砂锅问到底	dpud	1	4
打破沙锅问到底	dpud	2	4
单排上分	dpuf	1	4
打破砂锅	dpug	2	4
大屏手机	dpuj	1	4
打破世界纪录	dpul	1	4
大碰撞	dpv	1	3
打破质疑	dpvy	1	4
肚皮舞	dpw	1	3
敌疲我打	dpwd	1	4
地平线	dpx	1	3
东飘西泊	dpxb	1	4
独辟蹊径	dpxj	1	4
达泊西汀	dpxt	1	4
大胖小子	dpxz	1	4
大平原	dpy	2	3
得便宜卖乖	dpyg	1	4
跌破眼镜	dpyj	1	4
大胖子	dpz	2	3
端盘子	dpz	3	3
打拍子	dpz	4	3
毒品走私案	dpza	1	4
毒品走私	dpzs	1	4
的确	dq	2	2
地区	dq	3	2
盗窃案	dqa	1	3
单曲榜	dqb	1	3
单亲爸爸	dqbb	2	4
的确不错	dqbc	2	4
大巧不工	dqbg	1	4
定期报告	dqbg	2	4
的确不会	dqbh	1	4
点起笔区	dqbq	1	4
短期避孕药	dqby	1	4
底气不足	dqbz	1	4
第七次	dqc	1	3
大气层	dqc	2	3
地球村	dqc	3	3
地球磁场	dqci	1	4
定期存款	dqck	1	4
堆砌辞藻	dqcz	1	4
毒气弹	dqd	1	3
多渠道	dqd	2	3
大秦帝国	dqdg	1	4
点球大战	dqdv	1	4
逗趣儿	dqe	1	3
动圈耳机	dqej	1	4
大前锋	dqf	1	3
盗窃犯	dqf	2	3
定期复查	dqfi	1	4
对齐方式	dqfu	1	4
蹈其覆辙	dqfv	1	4
第七个	dqg	1	3
刀枪棍棒	dqgb	1	4
电气工程	dqgi	1	4
带球过人	dqgr	2	4
的确好	dqh	1	3
电气化	dqh	2	3
大气候	dqh	3	3
第七回合	dqhh	1	4
斗气化马	dqhm	1	4
打群架	dqj	1	3
打卡机	dqj	2	3
第七节	dqj	3	3
第七季	dqj	4	3
大曲酒	dqj	5	3
当且仅当	dqjd	1	4
定期检查	dqji	1	4
踮起脚尖	dqjj	2	4
氮气加速	dqjs	1	4
打起精神	dqju	1	4
定期举行	dqjx	1	4
等情况	dqk	2	3
定乾坤	dqk	3	3
对齐颗粒度	dqkd	2	4
地区开发	dqkf	1	4
的情况是	dqku	1	4
的情况下	dqkx	1	4
的确可以	dqky	1	4
打起来	dql	1	3
躲起来	dql	2	3
动起来	dql	3	3
的确良	dql	4	3
倒骑驴	dql	5	3
吊起来打	dqld	1	4
打起来了	dqll	1	4
短期利润	dqlr	1	4
当前目录	dqml	1	4
倒骑毛驴	dqml	2	4
单亲妈妈	dqmm	1	4
短期内	dqn	1	3
多情女子负心汉	dqnh	1	4
第七排	dqp	1	3
大气磅礴	dqpb	1	4
道歉赔礼	dqpl	2	4
短期培训	dqpx	1	4
荡秋千	dqq	1	3
当前情况	dqqk	1	4
的确起了	dqql	1	4
地球人	dqr	1	3
代签人	dqr	2	3
的确如此	dqrc	1	4
地球人都知道	dqrd	1	4
当前任务	dqrw	1	4
地勤人员	dqry	1	4
淡青色	dqs	1	3
大晴天	dqt	1	3
第七天	dqt	2	3
大前天	dqt	3	3
大前提	dqt	4	3
打气筒	dqt	5	3
盗窃团伙	dqth	1	4
对其他人	dqtr	1	4
的前提下	dqtx	1	4
地球同步卫星	dqtx	2	4
的确是	dqu	1	3
地球上	dqu	2	3
当枪使	dqu	3	3
大趋势	dqu	4	3
电气设备	dqub	1	4
的确是个	dqug	1	4
当前社会	dquh	1	4
夺取胜利	dqul	1	4
道歉视频	dqup	1	4
的确是这样	dquy	1	4
大千世界无奇不有	dquy	2	4
第七章	dqv	1	3
当权者	dqv	2	3
夺妻之恨	dqvh	1	4
当前状况	dqvk	1	4
带球撞人	dqvr	1	4
大清王朝	dqwi	2	4
大清完了	dqwl	1	4
大清亡了	dqwl	2	4
端起碗吃肉，放下碗骂娘	dqwn	1	4
端起碗吃肉	dqwr	3	4
当前位置	dqwv	1	4
电器维修	dqwx	1	4
地球卫星	dqwx	2	4
大清洗	dqx	1	3
大迁徙	dqx	2	3
道歉信	dqx	3	3
地区性	dqx	4	3
单曲循环	dqxh	1	4
东瞧西看	dqxk	1	4
定情信物	dqxw	1	4
的情形下	dqxx	2	4
大企业	dqy	1	3
地球仪	dqy	2	3
肚脐眼	dqy	3	3
低气压	dqy	4	3
大气压	dqy	5	3
掉钱眼里	dqyl	1	4
大气压强	dqyq	1	4
多情应笑我	dqyw	1	4
大清早	dqz	1	3
兜圈子	dqz	2	3
盗窃罪	dqz	3	3
多情自古伤离别	dqzb	1	4
的人	dr	2	2
当然	dr	3	2
堕入爱河	drah	1	4
当然不	drb	1	3
大人不记小人过	drbg	1	4
当然不会	drbh	2	4
多日不见	drbj	2	4
打人不打脸	drbl	1	4
当然不能	drbn	1	4
当然不怕	drbp	1	4
大热必死	drbs	1	4
当然不同	drbt	1	4
当然不是	drbu	1	4
当然不用	drby	1	4
大日本帝国主义	drby	2	4
断人财路	drcl	1	4
跌入低谷	drdg	1	4
大人大量	drdl	1	4
丢人丢到国外了	drdl	2	4
大润发	drf	1	3
大染坊	drf	2	3
但如果	drg	2	3
代入感	drg	3	3
大染缸	drg	4	3
跌入谷底	drgd	1	4
担任顾问	drgw	1	4
大融合	drh	1	3
多人互动	drhd	1	4
待人和善	drhu	1	4
对任何事	drhu	2	4
大人孩子	drhz	2	4
单人床	dri	1	3
到如今	drj	2	3
狄仁杰	drj	3	3
单人间	drj	4	3
端人家碗，受人家管	drjg	1	4
待人接客	drjk	1	4
大人君子	drjz	1	4
当人看	drk	2	3
冬日可爱	drka	1	4
当然可以	drky	1	4
当然了	drl	1	3
大容量	drl	2	3
打扰了	drl	3	3
大熔炉	drl	4	3
多人联机	drlj	1	4
多人聊天	drlt	1	4
大人们	drm	1	3
当然明白	drmb	1	4
堕入魔道	drmd	1	4
单人模式	drmu	2	4
多人模式	drmu	3	4
当然没有	drmy	1	4
电容屏	drp	1	3
单人旁	drp	2	3
电容器	drq	1	3
点燃起	drq	2	3
电热器	drq	3	3
淡若清风	drqf	1	4
堕入情网	drqw	1	4
得饶人处且饶人	drrr	1	4
夺人所爱	drsa	1	4
夺人所好	drsh	1	4
大热天	drt	2	3
电热毯	drt	3	3
动若脱兔	drtt	3	4
当然是	dru	1	3
当然是了	drul	1	4
当然是选择原谅她	drut	1	4
多人伤亡	druw	1	4
当然是要	druy	1	4
单人照	drv	1	3
当然知道	drvd	1	4
待人之道	drvd	2	4
担任职务	drvw	1	4
大人物	drw	1	3
都认为	drw	2	3
多任务	drw	3	3
单人舞	drw	4	3
吊人胃口	drwk	1	4
敌弱我强	drwq	1	4
得人心	drx	1	3
动人心肺	drxf	1	4
大人小孩	drxh	1	4
带入现实	drxu	2	4
当然希望	drxw	1	4
当然有	dry	2	3
当然要	dry	3	3
多人运动	dryd	2	4
当然应该	dryg	1	4
待人以诚	dryi	2	4
荡然一空	dryk	1	4
大人有大量	dryl	1	4
待人以礼	dryl	2	4
当然也是	dryu	3	4
待人友善	dryu	4	4
当然因为	dryw	1	4
单人游戏	dryx	2	4
多人游戏	dryx	3	4
电褥子	drz	1	3
的日子里	drzl	1	4
打算	ds	2	2
第三	ds	3	2
第三步	dsb	2	3
第四步	dsb	3	3
第三部	dsb	4	3
第三遍	dsb	5	3
第四部	dsb	6	3
第三版	dsb	7	3
抵死不从	dsbc	1	4
第三部分	dsbf	1	4
第四部分	dsbf	2	4
低俗不堪	dsbk	2	4
打碎玻璃	dsbl	1	4
屌丝不哭站起来撸	dsbl	2	4
打死不承认	dsbr	1	4
单丝不线	dsbx	1	4
单丝不成线	dsbx	2	4
第三次	dsc	2	3
第四次	dsc	3	3
第三次工业革命	dscm	2	4
第三次科技革命	dscm	3	4
打扫厕所	dscs	1	4
第三次世界大战	dscv	1	4
第三代	dsd	1	3
第三点	dsd	2	3
第三大	dsd	3	3
大扫荡	dsd	4	3
断送掉	dsd	5	3
大苏打	dsd	6	3
第三定律	dsdl	1	4
打死都不承认	dsdr	3	4
第三方	dsf	2	3
打扫房间	dsfj	1	4
第三方软件	dsfj	2	4
第三方库	dsfk	1	4
第三方合同	dsft	1	4
第三个	dsg	1	3
第四个	dsg	2	3
吊死鬼	dsg	3	3
大肆鼓吹	dsgi	1	4
都死光了	dsgl	1	4
第三个星期	dsgq	1	4
第三个问题	dsgt	1	4
第四官员	dsgy	1	4
第三个月	dsgy	2	4
打算好	dsh	2	3
第三回合	dshh	3	4
第四回合	dshh	4	4
大扫除	dsi	1	3
大肆吹鼓	dsig	2	4
第三节	dsj	2	3
第四节	dsj	3	3
第三季	dsj	4	3
第四季	dsj	5	3
第四届	dsj	6	3
冻死街头	dsjt	1	4
迪斯科	dsk	1	3
迪斯科米	dskm	1	4
蹬三轮	dsl	1	3
电三轮	dsl	2	3
打碎了牙往肚子里咽	dsly	2	4
第三名	dsm	2	3
第四名	dsm	3	3
大嗓门	dsm	4	3
等什么君	dsmj	2	4
第四面墙	dsmq	1	4
东萨摩亚	dsmy	1	4
第三年	dsn	1	3
第三年度	dsnd	1	4
屌丝男士	dsnu	2	4
屌丝逆袭	dsnx	1	4
迪斯尼乐园	dsny	1	4
第三批	dsp	1	3
第四批	dsp	2	3
第三排	dsp	3	3
第四排	dsp	4	3
打算盘	dsp	5	3
大肆咆哮	dspx	1	4
都算轻的	dsqd	1	4
第三人称	dsri	2	4
第三天	dst	2	3
第四天	dst	3	3
第三条	dst	4	3
第四条	dst	5	3
第三条腿	dstt	1	4
第四天灾	dstz	2	4
东三省	dsu	1	3
第三声	dsu	2	3
第四声	dsu	3	3
都算是轻的	dsud	1	4
都算是轻的了	dsul	1	4
第三种	dsv	2	3
第四种	dsv	3	3
第三者	dsv	4	3
第三章	dsv	5	3
第四章	dsv	6	3
第三位	dsw	1	3
第四位	dsw	2	3
冻死我了	dswl	1	4
逗死我了	dswl	2	4
地三鲜	dsx	2	3
定速巡航	dsxh	1	4
第三性征	dsxv	1	4
第三页	dsy	2	3
第四页	dsy	3	3
大三阳	dsy	4	3
第三宇宙速度	dsyd	1	4
对私业务	dsyw	1	4
吊嗓子	dsz	1	3
点头	dt	1	2
低头	dt	2	2
代替	dt	3	2
大踏步	dtb	1	3
跌停板	dtb	2	3
打替补	dtb	3	3
大图标	dtb	4	3
低头不见抬头见	dtbj	2	4
代替不了	dtbl	1	4
动弹不了	dtbl	2	4
点太背了	dtbl	3	4
动态变量	dtbl	4	4
动态壁纸	dtbv	1	4
大头菜	dtc	1	3
地图册	dtc	2	3
大头钉	dtd	1	3
带头大哥	dtdg	1	4
夺天地造化	dtdh	2	4
当头对面	dtdm	1	4
打听打听	dtdt	1	4
点头答应	dtdy	1	4
冬天的太阳	dtdy	2	4
大头儿子小头爸爸	dteb	1	4
动铁耳机	dtej	1	4
大体而论	dtel	1	4
对他而言	dtey	1	4
对她而言	dtey	2	4
大头儿子	dtez	1	4
掉头发	dtf	1	3
短头发	dtf	2	3
电梯房	dtf	3	3
对天发誓	dtfu	1	4
动态范围	dtfw	1	4
大头鬼	dtg	1	3
低碳钢	dtg	2	3
动态规划	dtgh	1	4
打通关节	dtgj	1	4
大庭广众之下	dtgx	1	4
电梯公寓	dtgy	1	4
大铁棍子	dtgz	1	4
地摊货	dth	1	3
洞庭湖	dth	2	3
打土豪	dth	3	3
打铁还需自身硬	dthy	3	4
带头冲锋	dtif	1	4
点头称是	dtiu	1	4
电梯间	dtj	1	3
大团结	dtj	2	3
打太极	dtj	3	3
低碳经济	dtjj	1	4
蛋疼菊紧	dtjj	2	4
大堂经理	dtjl	1	4
掉头就跑	dtjp	1	4
答题技巧	dtjq	1	4
倒头就睡	dtju	1	4
的条件下	dtjx	1	4
掉头就走	dtjz	1	4
电梯口	dtk	1	3
答题卡	dtk	2	3
大头控制小头	dtkt	1	4
到头来	dtl	1	3
弹跳力	dtl	2	3
底特律	dtl	3	3
电陶炉	dtl	4	3
地图理解	dtlj	1	4
地铁老人手机	dtlj	2	4
动态链接库	dtlk	1	4
对他来说	dtlu	1	4
对她来说	dtlu	2	4
大体老师	dtlu	3	4
登台亮相	dtlx	1	4
登徒浪子	dtlz	1	4
但他们	dtm	1	3
但她们	dtm	2	3
但它们	dtm	3	3
对他们	dtm	4	3
动态模糊	dtmh	1	4
对台贸易	dtmy	1	4
地图炮	dtp	1	3
代替品	dtp	2	3
大通铺	dtp	3	3
当头炮	dtp	4	3
打头炮	dtp	5	3
地铁跑酷	dtpk	1	4
大提琴	dtq	1	3
带头人	dtr	1	3
低头认错	dtrc	1	4
点头认可	dtrk	1	4
低头认罪	dtrz	1	4
低头思故乡	dtsx	1	4
断头台	dtt	1	3
动态图	dtt	2	3
大头贴	dtt	3	3
多谈谈	dtt	4	3
动态调频	dttp	1	4
动态图片	dttp	2	4
刀头舔血	dttx	1	4
点头同意	dtty	1	4
地头蛇	dtu	1	3
大体上	dtu	2	3
对他说	dtu	3	3
大屠杀	dtu	4	3
大逃杀	dtu	5	3
多退少补	dtub	1	4
多贴少补	dtub	2	4
低调奢华	dtuh	1	4
低碳生活	dtuh	2	4
动态数据	dtuj	2	4
动态视觉	dtuj	3	4
动态视力	dtul	2	4
多图杀猫	dtum	1	4
电獭少女	dtun	1	4
大唐盛世	dtuu	1	4
地毯式轰炸	dtuv	1	4
点头示意	dtuy	1	4
动态数组	dtuz	1	4
地铁站	dtv	1	3
打头阵	dtv	2	3
等通知	dtv	3	3
大头针	dtv	4	3
独特之处	dtvi	1	4
动态照片	dtvp	1	4
点头致意	dtvy	1	4
大逃亡	dtw	1	3
敌退我进	dtwj	1	4
当天晚上	dtwu	1	4
敌退我追	dtwv	1	4
打天下	dtx	1	3
独特性	dtx	2	3
东跳西窜	dtxc	1	4
大头小脚	dtxj	1	4
东偷西摸	dtxm	2	4
打听消息	dtxx	1	4
等同于	dty	1	3
大太阳	dty	2	3
大团圆	dty	3	3
多提意见	dtyj	2	4
低头一看	dtyk	1	4
大体一致	dtyv	1	4
单体宇宙	dtyv	2	4
打听一下	dtyx	1	4
地铁沿线	dtyx	2	4
登徒子	dtz	1	3
低头族	dtz	2	3
低头做人	dtzr	1	4
但是	du	2	2
多少	du	3	2
都是	du	4	2
大手笔	dub	2	3
多少遍	dub	3	3
大傻逼	dub	4	3
都市报	dub	5	3
读书百遍	dubb	1	4
大事不好	dubh	2	4
躲闪不及	dubj	2	4
对事不对人	dubr	1	4
大厦崩塌	dubt	1	4
抵受不住	dubv	1	4
都说不完	dubw	1	4
多少次	duc	2	3
第十次	duc	3	3
大收藏家	ducj	1	4
单手操作	ducz	1	4
多少度	dud	2	3
登山队	dud	3	3
代售点	dud	4	3
多声道	dud	5	3
丁是丁	dud	6	3
倒数第二	dude	1	4
多少地方	dudf	2	4
对谁都好	dudh	2	4
大受打击	dudj	3	4
断手断脚	dudj	4	4
定食定量	dudl	1	4
大树底下好乘凉	dudl	2	4
大叔大妈	dudm	1	4
端屎端尿	dudn	3	4
动手打人	dudr	2	4
倒数第三	duds	3	4
多少东西	dudx	1	4
倒数第一	dudy	1	4
大师傅	duf	1	3
都是浮云	dufy	1	4
多少个	dug	1	3
单身狗	dug	2	3
大使馆	dug	3	3
电视柜	dug	4	3
独上高楼	dugl	2	4
单身公寓	dugy	2	4
的时候	duh	2	3
到时候	duh	3	3
董事会	duh	4	3
大实话	duh	5	3
单身汉	duh	6	3
淡水湖	duh	7	3
地水火风	duhf	3	4
打上花火	duhh	2	4
大声呼喊	duhh	3	4
到时候再看	duhk	1	4
大事化小，小事化了	duhl	1	4
到时候再说	duhu	1	4
电视盒子	duhz	3	4
大市场	dui	2	3
大商场	dui	3	3
登神长阶	duij	2	4
大水冲了龙王庙	duim	2	4
都市传说	duiu	4	4
大世界	duj	1	3
电视剧	duj	2	3
短时间	duj	3	3
电视机	duj	4	3
大事记	duj	5	3
地税局	duj	6	3
多试几次	dujc	1	4
大商巨贾	dujg	1	4
堆山积海	dujh	2	4
短时间里	dujl	2	4
都市激情	dujq	3	4
短时间中	dujv	2	4
东山口	duk	2	3
读书看报	dukb	1	4
定时开关	dukg	1	4
单手空格	dukg	2	4
断舍离	dul	1	3
电视栏目	dulm	2	4
遁世离群	dulq	2	4
大世面	dum	1	3
大沙漠	dum	2	3
大甩卖	dum	3	3
大数目	dum	4	3
大声密谋	dumm	1	4
单手模式	dumu	2	4
电视明星	dumx	1	4
但是没有	dumy	1	4
倒是没有	dumy	2	4
多少年	dun	2	3
但是呢	dun	3	3
迪士尼	dun	4	3
独生女	dun	5	3
大事年表	dunb	1	4
都是你的错	dunc	1	4
动手能力	dunl	3	4
都是那么	dunm	1	4
多少年前	dunq	1	4
单身女人	dunr	1	4
单身男人	dunr	2	4
多少年如一日	dunr	3	4
单身女性	dunx	1	4
单身男性	dunx	2	4
都是那样	duny	1	4
迪士尼乐园	duny	2	4
单身女子	dunz	1	4
单身男子	dunz	2	4
短视频	dup	2	3
打水漂	dup	3	3
低水平	dup	4	3
第十排	dup	5	3
读书破万卷	dupj	3	4
电视屏幕	dupm	2	4
箪食瓢饮	dupy	1	4
的事情	duq	2	3
多少钱	duq	3	3
大杀器	duq	4	3
斗兽棋	duq	5	3
大石桥	duq	6	3
定时器	duq	7	3
毒鼠强	duq	8	3
短时期	duq	9	3
打是亲骂是爱	duqa	1	4
打是亲，骂是爱	duqa	2	4
大施拳脚	duqj	1	4
单身青年	duqn	1	4
地势崎岖	duqq	3	4
大圣娶亲	duqq	4	4
的事情中	duqv	1	4
读书人	dur	2	3
多少人	dur	3	3
当事人	dur	4	3
多数人	dur	5	3
低收入	dur	6	3
都是如此	durc	2	4
都是人才	durc	3	4
但是如果	durg	1	4
大声嚷嚷	durr	1	4
多少日子	durz	1	4
的士速递	dusd	2	4
大杀四方	dusf	1	4
大石碎胸口	dusk	1	4
电视台	dut	2	3
多少天	dut	3	3
大舌头	dut	4	3
电视塔	dut	5	3
顶视图	dut	6	3
都是他的错	dutc	1	4
大输特输	dutu	4	4
电视天线	dutx	2	4
电视上	duu	2	3
大声说	duu	3	3
动手术	duu	4	3
打手势	duu	5	3
大手术	duu	6	3
鼎盛时代	duud	1	4
多少时间	duuj	2	4
多少事情	duuq	1	4
鼎盛时期	duuq	2	4
大失水准	duuv	1	4
董事长	duv	2	3
打胜仗	duv	3	3
多少种	duv	4	3
当事者	duv	5	3
多少沾点	duvd	3	4
但是这个	duvg	1	4
得失之患	duvh	2	4
当时只道是寻常	duvi	3	4
都是渣渣	duvv	1	4
大神支招	duvv	2	4
顶上战争	duvv	3	4
但是这些	duvx	1	4
第十位	duw	2	3
单身汪	duw	3	3
滴水未进	duwj	2	4
但是我们	duwm	1	4
道是无晴却有晴	duwq	2	4
都是问题	duwt	1	4
多说无益	duwy	2	4
大师兄	dux	2	3
倒是想	dux	3	3
对手戏	dux	4	3
登山鞋	dux	5	3
大湿胸	dux	6	3
单双休	dux	7	3
东闪西躲	duxd	1	4
大声喧哗	duxh	1	4
丢失信号	duxh	2	4
东升西落	duxl	2	4
独上西楼	duxl	3	4
都市小说	duxu	1	4
道士下山	duxu	2	4
但是现在	duxz	1	4
的声音	duy	1	3
独属于	duy	2	3
都是有	duy	3	3
大少爷	duy	4	3
都是要	duy	5	3
淡水鱼	duy	6	3
多少有点	duyd	1	4
都是要的	duyd	2	4
都是一个	duyg	1	4
大手一挥	duyh	1	4
单双引号	duyh	2	4
大伤元气	duyq	2	4
多是一件美事	duyu	1	4
都是一种	duyv	2	4
都是因为	duyw	1	4
但是因为	duyw	2	4
多少有些	duyx	1	4
都是一些	duyx	2	4
对视一眼	duyy	1	4
都是一样	duyy	2	4
都是在	duz	2	3
大傻子	duz	3	3
独生子	duz	4	3
动手做	duz	5	3
大受赞扬	duzy	2	4
导致	dv	2	2
带着	dv	3	2
大转变	dvb	1	3
地震波	dvb	2	3
对照表	dvb	3	3
懂装不懂	dvbd	2	4
党支部书记	dvbj	2	4
对着靶子射箭	dvbj	3	4
斗智不斗力	dvbl	1	4
单指操作	dvcz	1	4
都知道	dvd	1	3
碟中谍	dvd	2	3
典中典	dvd	3	3
都知道了	dvdl	1	4
大众点评	dvdp	2	4
德之大者	dvdv	2	4
打转儿	dve	1	3
大丈夫	dvf	1	3
多种分配方式并存	dvfc	1	4
党政分开	dvfk	1	4
大丈夫何患无妻	dvfq	1	4
掉转方向	dvfx	1	4
大丈夫生居天地之间，岂能郁郁久居人下	dvfx	2	4
渎职犯罪	dvfz	1	4
对这个	dvg	1	3
对着干	dvg	2	3
动真格	dvg	3	3
党政干部	dvgb	1	4
跌至谷底	dvgd	1	4
地质工程	dvgi	1	4
掉帧攻击	dvgj	1	4
地质公园	dvgy	1	4
打招呼	dvh	1	3
地中海	dvh	2	3
大智慧	dvh	3	3
大众化	dvh	4	3
大中华	dvh	5	3
定制化	dvh	6	3
当众出丑	dvii	1	4
打针吃药	dviy	1	4
倒装句	dvj	2	3
地质结构	dvjg	3	4
点阵激光	dvjg	4	4
大战几百回合	dvjh	1	4
大展交脚	dvjj	2	4
大智近妖	dvjy	2	4
地主家的傻儿子	dvjz	1	4
打折扣	dvk	1	3
到这里	dvl	1	3
导致了	dvl	2	3
大众脸	dvl	3	3
低质量	dvl	4	3
地址栏	dvl	5	3
大赚了一笔	dvlb	1	4
地主老财	dvlc	1	4
对症良方	dvlf	1	4
大战了三百回合	dvlh	1	4
挡住了去路	dvll	1	4
读者来信	dvlx	1	4
瞪着两眼	dvly	1	4
打肿脸充胖子	dvlz	1	4
都这么	dvm	1	3
斗志满满	dvmm	2	4
淡妆浓抹总相宜	dvny	1	4
搭帐篷	dvp	2	3
豆制品	dvp	3	3
蛋制品	dvp	4	3
地转偏向力	dvpl	1	4
当者披靡	dvpm	1	4
对战平台	dvpt	1	4
带状疱疹	dvpv	1	4
等着瞧	dvq	2	3
多种渠道	dvqd	1	4
大展拳脚	dvqj	1	4
掉转枪口	dvqk	1	4
挡住去路	dvql	1	4
大众情人	dvqr	1	4
调转枪头	dvqt	1	4
掉转枪头	dvqt	2	4
大昭寺	dvs	1	3
道之所存	dvsc	1	4
大战三百回合	dvsh	1	4
低着头	dvt	2	3
吊炸天	dvt	3	3
德智体	dvt	4	3
端正态度	dvtd	2	4
德智体美劳	dvtl	1	4
得之坦然	dvtr	1	4
都只是	dvu	2	3
大致上	dvu	3	3
大专生	dvu	4	3
斗战圣佛	dvuf	1	4
大展神威	dvuw	1	4
瞪着双眼	dvuy	1	4
定妆照	dvv	1	3
打转转	dvv	2	3
大中专	dvv	3	3
丁真珍珠	dvvv	1	4
得知真相	dvvx	1	4
大猪肘子	dvvz	1	4
逗着玩	dvw	1	3
大张伟	dvw	2	3
动植物	dvw	3	3
大众文化	dvwh	2	4
得之我幸，失之我命	dvwm	1	4
敌驻我扰	dvwr	1	4
读者文摘	dvwv	1	4
得之我幸	dvwx	1	4
大闸蟹	dvx	1	3
大中小	dvx	2	3
大中型	dvx	3	3
党主席	dvx	4	3
斗争性	dvx	5	3
大致相当	dvxd	2	4
大众形音输入法	dvxf	1	4
大专学历	dvxl	2	4
大致相同	dvxt	2	4
多种形式	dvxu	1	4
瞪着眼	dvy	1	3
打主意	dvy	2	3
大宅院	dvy	3	3
大庄园	dvy	4	3
党中央	dvy	5	3
大赚一笔	dvyb	2	4
的这样一个	dvyg	1	4
大战一场	dvyi	3	4
瞪着眼睛	dvyj	2	4
大专以上	dvyu	2	4
带着一种	dvyv	1	4
掉帧严重	dvyv	2	4
的重要性	dvyx	2	4
对照组	dvz	1	3
渎职罪	dvz	2	3
单位	dw	2	2
地位	dw	3	2
德文版	dwb	1	3
动物保护	dwbh	1	4
大未必佳	dwbj	1	4
耽误不了	dwbl	2	4
大为不满	dwbm	1	4
大为不同	dwbt	1	4
动物保护组织	dwbv	1	4
第五次	dwc	1	3
淡忘掉	dwd	1	3
低纬度	dwd	2	3
第五代	dwd	3	3
吊袜带	dwd	4	3
低洼地	dwd	5	3
碘钨灯	dwd	6	3
对位单杀	dwdu	1	4
单位地址	dwdv	1	4
大腕儿	dwe	1	3
短吻鳄	dwe	2	3
对我而言	dwey	1	4
单位负责人	dwfr	1	4
单位犯罪	dwfz	1	4
第五个	dwg	1	3
对外公布	dwgb	1	4
大为感动	dwgd	1	4
大为光火	dwgh	1	4
党务工作	dwgz	1	4
党委会	dwh	2	3
短尾猴	dwh	3	3
地位很高	dwhg	1	4
第五回合	dwhh	1	4
大碗喝酒	dwhj	1	4
大碗茶	dwi	1	3
低温超导	dwid	1	4
对位处刑	dwix	1	4
待我长发及腰	dwiy	1	4
第五季	dwj	1	3
端午节	dwj	2	3
第五节	dwj	3	3
动物界	dwj	4	3
但我觉得	dwjd	1	4
对外交流	dwjl	1	4
读万卷书，行万里路	dwjl	2	4
读万卷书行万里路	dwjl	3	4
大为惊奇	dwjq	1	4
大王叫我来巡山	dwju	2	4
对外交往	dwjw	1	4
等位基因	dwjy	1	4
对外经济贸易	dwjy	2	4
吊胃口	dwk	1	3
倒胃口	dwk	2	3
大王卡	dwk	3	3
大汶口	dwk	4	3
跌无可跌	dwkd	1	4
点我开始	dwku	1	4
对外扩张	dwkv	1	4
都忘了	dwl	1	3
单位领导	dwld	1	4
弹丸论破	dwlp	1	4
达瓦里氏	dwlu	2	4
达瓦里希	dwlx	1	4
对我们	dwm	1	3
第五名	dwm	2	3
点外卖	dwm	3	3
单位面积	dwmj	1	4
当我没说	dwmu	1	4
对我们来说	dwmu	2	4
低温慢煮	dwmv	1	4
第五年	dwn	1	3
大为恼火	dwnh	1	4
动歪脑筋	dwnj	1	4
第五批	dwp	1	3
但我却	dwq	1	3
定位球	dwq	2	3
玷污清白	dwqb	1	4
第五人格	dwrg	1	4
堤外损失堤内补	dwsb	1	4
度无死角	dwsj	1	4
的问题	dwt	1	3
大问题	dwt	2	3
第五天	dwt	3	3
第五条	dwt	4	3
大舞台	dwt	5	3
大威天龙	dwtl	1	4
的问题是	dwtu	1	4
的问题上	dwtu	2	4
对我说	dwu	1	3
担误事	dwu	2	3
敌我双方	dwuf	1	4
动物世界	dwuj	3	4
地外生命	dwum	1	4
动物实验	dwuy	2	4
多维数组	dwuz	1	4
第五种	dwv	1	3
单位制	dwv	2	3
党委制	dwv	3	3
短网址	dwv	4	3
大为震惊	dwvj	2	4
单位招聘	dwvp	1	4
挡我者死	dwvs	1	4
耽误正事	dwvu	1	4
帝王之术	dwvu	2	4
帝王之学	dwvx	1	4
帝王之音	dwvy	1	4
打歪主意	dwvy	2	4
帝王之姿	dwvz	1	4
大胃王	dww	1	3
逗我玩	dww	2	3
大无畏	dww	3	3
对我胃口	dwwk	1	4
东望望西看看	dwwk	2	4
到我玩了	dwwl	1	4
点蚊香	dwx	1	3
电蚊香	dwx	2	3
等温线	dwx	3	3
弹丸小国	dwxg	1	4
东问西问	dwxw	1	4
动物园	dwy	1	3
多万元	dwy	2	3
吊威亚	dwy	3	3
对外友好协会	dwyh	1	4
帝王引擎	dwyq	1	4
懂我意思	dwys	1	4
对外援助	dwyv	1	4
动物医学	dwyx	2	4
对望一眼	dwyy	1	4
东西	dx	2	2
大小	dx	3	2
担心	dx	4	2
典型案例	dxal	2	4
大小便	dxb	1	3
掉馅饼	dxb	2	3
单细胞	dxb	3	3
癫痫病	dxb	4	3
大西北	dxb	5	3
多行不义必自毙	dxbb	1	4
东西不错	dxbc	1	4
打小报告	dxbg	1	4
大小便失禁	dxbj	2	4
对雄宝具	dxbj	3	4
大卸八块	dxbk	2	4
打西边出来	dxbl	1	4
定向爆破	dxbp	1	4
道心不稳	dxbw	1	4
灯芯草	dxc	1	3
答谢词	dxc	2	3
大刑伺候	dxch	1	4
大兄弟	dxd	1	3
地下党	dxd	2	3
单行道	dxd	3	3
大写的服	dxdf	1	4
涤瑕荡秽	dxdh	1	4
等效电路	dxdl	1	4
丹霞地貌	dxdm	1	4
担心的事	dxdu	1	4
担心的是	dxdu	2	4
店小二	dxe	1	3
地下二层	dxec	1	4
东西方	dxf	1	3
东西方文化	dxfh	1	4
刀削斧刻	dxfk	1	4
短信发送	dxfs	1	4
胆小鬼	dxg	1	3
大峡谷	dxg	2	3
电线杆	dxg	3	3
刀下鬼	dxg	4	3
单膝跪地	dxgd	1	4
低吸高抛	dxgp	1	4
地下工作者	dxgv	1	4
地下工作	dxgz	2	4
都喜欢	dxh	1	3
灯下黑	dxh	2	3
电信号	dxh	3	3
丁香花	dxh	4	3
逮虾户	dxh	5	3
地下河	dxh	6	3
担心害怕	dxhp	1	4
地下黑拳	dxhq	1	4
胆小好色	dxhs	1	4
大小合适	dxhu	1	4
大型会议	dxhy	1	4
单向好友	dxhy	2	4
大小伙子	dxhz	1	4
地下城	dxi	1	3
大学城	dxi	2	3
多线程	dxi	3	3
单线程	dxi	4	3
打小抄	dxi	5	3
大小尺寸	dxic	1	4
地下车库	dxik	1	4
断线重连	dxil	2	4
地下城与勇士	dxiu	1	4
大小姐	dxj	1	3
电信局	dxj	2	3
单项奖	dxj	3	3
地县级	dxj	4	3
低性价比	dxjb	1	4
打下基础	dxji	1	4
大型纪录片	dxjp	1	4
大限将至	dxjv	1	4
大学教育	dxjy	1	4
地下交易	dxjy	2	4
独享经验	dxjy	3	4
电信卡	dxk	1	3
多学科	dxk	2	3
大侠客	dxk	3	3
单选框	dxk	4	3
多谢款待	dxkd	1	4
电信宽带	dxkd	2	4
灯下看美人	dxkr	1	4
掉下来	dxl	1	3
多谢了	dxl	2	3
倒吸了一口气	dxlq	1	4
倒吸了一口凉气	dxlq	2	4
刀下留情	dxlq	3	4
低下了头	dxlt	1	4
打消了念头	dxlt	2	4
大学老师	dxlu	1	4
带薪拉屎	dxlu	2	4
打心理战	dxlv	1	4
答谢礼物	dxlw	1	4
单线联系	dxlx	1	4
弟兄们	dxm	1	3
大熊猫	dxm	2	3
刀削面	dxm	3	3
点线面	dxm	4	3
倒血霉了	dxml	1	4
道消魔长	dxmv	1	4
大胸妹子	dxmz	1	4
低效能	dxn	1	3
大西南	dxn	2	3
打消念头	dxnt	1	4
东西南北中	dxnv	1	4
东西欧	dxo	1	3
地下偶像	dxox	1	4
邓小平	dxp	1	3
邓小平理论	dxpl	1	4
道心破碎	dxps	1	4
掉下去	dxq	1	3
待下去	dxq	2	3
电箱琴	dxq	3	3
大学期间	dxqj	1	4
掉下去了	dxql	1	4
大笑起来	dxql	2	4
堆雪人	dxr	1	3
灯芯绒	dxr	2	3
当选人	dxr	3	3
滴血认亲	dxrq	1	4
单相思	dxs	1	3
地下三层	dxsc	1	4
大写锁定	dxsd	1	4
定向思维	dxsw	1	4
低下头	dxt	1	3
地形图	dxt	2	3
低血糖	dxt	3	3
大萧条	dxt	4	3
单选题	dxt	5	3
多选题	dxt	6	3
窦性停搏	dxtb	1	4
地下通道	dxtd	1	4
兑现天赋	dxtf	1	4
低下头来	dxtl	1	4
地下铁路	dxtl	2	4
歹戏拖棚	dxtp	1	4
短信通知	dxtv	1	4
大学同学	dxtx	1	4
大学生	dxu	1	3
地下室	dxu	2	3
地下水	dxu	3	3
大学士	dxu	4	3
多小时	dxu	5	3
电信设备	dxub	1	4
大学时代	dxud	1	4
单向收费	dxuf	1	4
典型示范	dxuf	2	4
大学时光	dxug	1	4
大学生活	dxuh	1	4
等些时候	dxuh	2	4
大型社死现场	dxui	2	4
电信手机	dxuj	1	4
等些时间	dxuj	2	4
蹲下身来	dxul	1	4
定下神来	dxul	2	4
大学水平	dxup	1	4
跌下神坛	dxut	2	4
地下水位	dxuw	1	4
的形势下	dxux	1	4
蹲下身子	dxuz	1	4
大写数字	dxuz	2	4
打雪仗	dxv	1	3
打响指	dxv	2	3
刀下之鬼	dxvg	1	4
电信诈骗	dxvp	1	4
断袖之癖	dxvp	2	4
等闲置之	dxvv	1	4
定心丸	dxw	1	3
定性为	dxw	2	3
大旋涡	dxw	3	3
地下五笔	dxwb	1	4
大学物理	dxwl	1	4
大象无形	dxwx	1	4
大猩猩	dxx	1	3
多学学	dxx	2	3
读小学	dxx	3	3
独行侠	dxx	4	3
短消息	dxx	5	3
大小写	dxx	6	3
大小相等	dxxd	2	4
单膝下跪	dxxg	1	4
东邪西毒南帝北丐	dxxg	2	4
大小写切换	dxxh	1	4
冬雪雪冬小大寒	dxxh	2	4
大学校长	dxxi	1	4
带薪休假	dxxj	1	4
窦性心律	dxxl	1	4
大学学历	dxxl	2	4
大型项目	dxxm	1	4
多项选择题	dxxt	1	4
单项选择题	dxxt	2	4
大学校园	dxxy	1	4
倒屣相迎	dxxy	2	4
单项选择	dxxz	1	4
多项选择	dxxz	2	4
都需要	dxy	1	3
都想要	dxy	2	3
大西洋	dxy	3	3
低血压	dxy	4	3
低效益	dxy	5	3
地下一层	dxyc	1	4
等下一次	dxyc	2	4
斗心眼儿	dxye	1	4
答谢宴会	dxyh	1	4
丹心玉壶	dxyh	2	4
打心眼里	dxyl	2	4
裆下一凉	dxyl	3	4
地下一年	dxyn	1	4
倒吸一口凉气	dxyq	2	4
倒吸一口冷气	dxyq	3	4
丁香医生	dxyu	2	4
地下有知	dxyv	1	4
大学英语	dxyy	1	4
到现在	dxz	1	3
但现在	dxz	2	3
到现在为止	dxzv	1	4
地下组织	dxzv	2	4
第一	dy	2	2
都有	dy	3	2
都要	dy	4	2
大要案	dya	1	3
第一步	dyb	2	3
第一部	dyb	3	3
第一笔	dyb	4	3
第一遍	dyb	5	3
第一版	dyb	6	3
地狱般	dyb	7	3
电压表	dyb	8	3
东亚杯	dyb	9	3
多有不便	dybb	1	4
动也不动	dybd	2	4
第一部分	dybf	1	4
敌友不分	dybf	2	4
东亚病夫	dybf	3	4
大英博物馆	dybg	1	4
调研报告	dybg	2	4
但愿不会	dybh	1	4
倒也罢了	dybl	1	4
答应别人	dybr	1	4
电眼逼人	dybr	2	4
赌一包辣条	dybt	2	4
倒也不是	dybu	1	4
第一次	dyc	2	3
多义词	dyc	3	3
第一次的	dycd	2	4
定语从句	dycj	1	4
第一次工业革命	dycm	1	4
第一次科技革命	dycm	2	4
第一次世界大战	dycv	1	4
第一次鸦片战争	dycv	2	4
等一等	dyd	1	3
动一动	dyd	2	3
多一点	dyd	3	3
第一代	dyd	4	3
第一大	dyd	5	3
大一点	dyd	6	3
钓鱼岛	dyd	7	3
电熨斗	dyd	8	3
抵押担保	dydb	2	4
多一点真诚	dydi	1	4
抵押贷款	dydk	1	4
第一定律	dydl	1	4
定一定神	dydu	1	4
对应的是	dydu	2	4
得意的笑	dydx	1	4
得意地笑	dydx	2	4
大眼瞪小眼	dydy	3	4
断崖第一	dydy	4	4
多有得罪	dydz	1	4
得意弟子	dydz	2	4
豆芽儿	dye	2	3
抵押房	dyf	1	3
打赢复活赛	dyfs	1	4
第一反应	dyfy	1	4
毒瘾发作	dyfz	1	4
第一个	dyg	1	3
的一个	dyg	2	3
都应该	dyg	3	3
第一关	dyg	4	3
钓鱼竿	dyg	5	3
单元格	dyg	6	3
冬泳怪鸽	dygg	1	4
东一个西一个	dygg	2	4
第一感觉	dygj	3	4
电源管理	dygl	1	4
大雁归来	dygl	2	4
地狱归来	dygl	3	4
第一个方面	dygm	1	4
第一个星期	dygq	1	4
第一个人	dygr	1	4
东亚共荣	dygr	2	4
对应关系	dygx	1	4
的一个东西	dygx	2	4
第一个月	dygy	1	4
等一会	dyh	2	3
单引号	dyh	3	3
第一号	dyh	4	3
多样化	dyh	5	3
多元化	dyh	6	3
大运河	dyh	7	3
动员会	dyh	8	3
等一会儿	dyhe	1	4
第一回合	dyhh	1	4
大有好处	dyhi	1	4
电影画面	dyhm	1	4
地狱绘图	dyht	1	4
当一回事	dyhu	1	4
得意后生	dyhu	2	4
大有好转	dyhv	1	4
第一场	dyi	1	3
打圆场	dyi	2	3
大悦城	dyi	3	3
谍影重重	dyii	1	4
对影成三人	dyir	1	4
电源插头	dyit	1	4
第一场雪	dyix	1	4
但愿长醉不复醒	dyix	2	4
大鱼吃小鱼	dyiy	2	4
第一件	dyj	2	3
第一卷	dyj	3	3
电影节	dyj	4	3
第一句	dyj	5	3
第一届	dyj	6	3
打印机	dyj	7	3
第一季	dyj	8	3
第一节	dyj	9	3
大跃进	dyj	10	3
大有进步	dyjb	2	4
导演剪辑版	dyjb	3	4
单元检测	dyjc	1	4
第一句话	dyjh	2	4
东一句西一句	dyjj	1	4
东一家西一家	dyjj	2	4
第一件事情	dyjq	2	4
第一件事	dyju	1	4
电影解说	dyju	2	4
动摇军心	dyjx	2	4
弹药库	dyk	2	3
电源开关	dykg	3	4
地狱开局	dykj	1	4
倒要看看	dykk	1	4
东一块西一块	dykk	2	4
都有可能	dykn	1	4
抖音快手	dyku	1	4
都有了	dyl	1	3
第一轮	dyl	2	3
独眼龙	dyl	3	3
钓鱼佬	dyl	4	3
掉眼泪	dyl	5	3
等于零	dyl	6	3
东一榔头西一棒	dylb	1	4
东一榔头，西一棒槌	dyli	1	4
东一榔头西一棒槌	dyli	2	4
独乐乐不如众乐乐	dyll	1	4
断崖领先	dylx	1	4
东一榔头西一棒子	dylz	1	4
第一名	dym	1	3
第一面	dym	2	3
大姨妈	dym	3	3
大银幕	dym	4	3
大檐帽	dym	5	3
打羽毛球	dymq	2	4
等于没说	dymu	2	4
电源模式	dymu	3	4
地狱模式	dymu	4	4
电影明星	dymx	1	4
第一年	dyn	2	3
地狱难度	dynd	1	4
对于那个	dyng	1	4
对于那些	dynx	1	4
第一批	dyp	1	3
第一排	dyp	2	3
电影票	dyp	3	3
单眼皮	dyp	4	3
低音炮	dyp	5	3
电影频道	dypd	2	4
大雨瓢泼	dypp	1	4
电影拍摄	dypu	1	4
第一期	dyq	2	3
多有趣	dyq	3	3
抵押权	dyq	4	3
道友请留步	dyqb	1	4
打一枪换一个地方	dyqf	1	4
大异其趣	dyqq	1	4
大有前途	dyqt	1	4
地域歧视	dyqu	1	4
动员群众	dyqv	1	4
第一人	dyr	2	3
代言人	dyr	3	3
第一任	dyr	4	3
电影人	dyr	5	3
但愿如此	dyrc	1	4
第一人称	dyri	1	4
但愿人长久	dyrj	1	4
多元认识	dyru	2	4
的意思	dys	1	3
的意思吗	dysm	1	4
的意思是	dysu	1	4
的意思是说	dysu	2	4
等腰三角形	dysx	1	4
第一天	dyt	2	3
第一条	dyt	3	3
大一统	dyt	4	3
第一套	dyt	5	3
第一梯队	dytd	1	4
第一桶金	dytj	1	4
当一天和尚撞一天钟	dytv	1	4
大赢特赢	dyty	1	4
大元帅	dyu	2	3
第一手	dyu	3	3
第一声	dyu	4	3
第一首	dyu	5	3
打油诗	dyu	6	3
大有收获	dyuh	1	4
第一时间	dyuj	1	4
第一视角	dyuj	2	4
第一生产力	dyul	1	4
第一深情	dyuq	2	4
电源适配器	dyuq	3	4
多一事不如少一事	dyuu	1	4
大意失荆州	dyuv	1	4
的一是了不在有个人这	dyuv	2	4
第一实验学校	dyux	2	4
断崖式领先	dyux	3	4
的一种	dyv	1	3
第一种	dyv	2	3
第一章	dyv	3	3
典狱长	dyv	4	3
第一张	dyv	5	3
德意志	dyv	6	3
第一周	dyv	7	3
打印纸	dyv	8	3
大洋洲	dyv	9	3
大冤种	dyv	10	3
斗鱼直播	dyvb	1	4
斗鱼主播	dyvb	2	4
大医治未病	dyvb	3	4
钓鱼执法	dyvf	1	4
对于这个	dyvg	1	4
地狱之火	dyvh	1	4
地狱之门	dyvm	1	4
地缘政治	dyvv	1	4
对于这些	dyvx	1	4
第一志愿	dyvy	2	4
大雨转暴雨	dyvy	3	4
第一位	dyw	1	3
都因为	dyw	2	3
都以为	dyw	3	3
定义为	dyw	4	3
对于我	dyw	5	3
倒也未必	dywb	1	4
但也未必	dywb	2	4
倒也无妨	dywf	1	4
多元文化	dywh	1	4
地狱无门闯进来	dywl	1	4
抵御外来侵略	dywl	2	4
对于我们	dywm	1	4
得鱼忘筌	dywq	1	4
对于我来说	dywu	2	4
大有文章可做	dywz	1	4
等一下	dyx	1	3
多一些	dyx	2	3
打游戏	dyx	3	3
第一线	dyx	4	3
多样性	dyx	5	3
电源线	dyx	6	3
地域性	dyx	7	3
单一性	dyx	8	3
抖音小店	dyxd	2	4
地狱笑话	dyxh	2	4
第一现场	dyxi	1	4
的一系列	dyxl	2	4
东洋雪莲	dyxl	3	4
的影响下	dyxx	2	4
大约需要	dyxy	1	4
的原因	dyy	1	3
都一样	dyy	2	3
得益于	dyy	3	3
但由于	dyy	4	3
电影院	dyy	5	3
第一眼	dyy	6	3
第一页	dyy	7	3
都有一个	dyyg	1	4
对于一个	dyyg	2	4
大预言家	dyyj	1	4
带预言家	dyyj	2	4
定眼一看	dyyk	1	4
多有意思	dyys	1	4
的原因是	dyyu	1	4
大隐隐于市	dyyu	2	4
地域优势	dyyu	3	4
都有一种	dyyv	1	4
多元宇宙	dyyv	2	4
第一要务	dyyw	1	4
第一印象	dyyx	1	4
对于一些	dyyx	2	4
的原因所在	dyyz	2	4
的样子	dyz	2	3
多音字	dyz	3	3
道牙子	dyz	4	3
多义字	dyz	5	3
大院子弟	dyzd	1	4
打鸭子上架	dyzj	1	4
的样子真好看	dyzk	1	4
的样子真美	dyzm	1	4
都在	dz	2	2
动作	dz	3	2
大嘴巴	dzb	1	3
电子表	dzb	2	3
电子版	dzb	3	3
大字报	dzb	4	3
底子薄	dzb	5	3
电子表格	dzbg	1	4
大字不识一个	dzbg	2	4
电子包浆	dzbj	3	4
大资本家	dzbj	4	4
电子病历	dzbl	1	4
得罪不起	dzbq	2	4
动作捕捉	dzbv	1	4
胆子不小	dzbx	1	4
大嘴巴子	dzbz	1	4
倒栽葱	dzc	1	3
多字词	dzc	2	3
电子词典	dzcd	1	4
胆子大	dzd	2	3
大字典	dzd	3	3
独自等待	dzdd	1	4
大佐的肯定	dzdd	2	4
大灾大难	dzdn	3	4
电子毒品	dzdp	1	4
动作大片	dzdp	2	4
电子电器	dzdq	1	4
电子斗蛐蛐	dzdq	2	4
肚子饿	dze	1	3
肚子饿了	dzel	2	4
当作儿戏	dzex	1	4
弟子服其劳	dzfl	1	4
电子发票	dzfp	1	4
胆子放大些	dzfx	1	4
弟子规	dzg	1	3
电子狗	dzg	2	3
到最后	dzh	1	3
大杂烩	dzh	2	3
钉子户	dzh	3	3
电子化	dzh	4	3
电子货币	dzhb	1	4
胆子好大	dzhd	1	4
对子哈特	dzht	1	4
缔造出	dzi	2	3
电子厂	dzi	3	3
动作迟缓	dzih	2	4
钉在耻辱柱上	dziu	1	4
电子宠物	dziw	1	4
电子出版物	dziw	2	4
对自己	dzj	1	3
得自己	dzj	2	3
大作家	dzj	3	3
打字机	dzj	4	3
大字集	dzj	5	3
电子计算机	dzjj	2	4
电子积木	dzjm	1	4
打字兼职	dzjv	1	4
达则兼济天下	dzjx	2	4
大宗交易	dzjy	2	4
对自己负责	dzjz	1	4
带资进组	dzjz	2	4
丁字裤	dzk	2	3
大字库	dzk	3	3
刁钻刻薄	dzkb	1	4
点赞狂魔	dzkm	1	4
电子科技大学	dzkx	1	4
肚子里	dzl	2	3
肚子里有话	dzlh	1	4
电子垃圾	dzlj	1	4
电子镣铐	dzlk	3	4
钉在了耻辱柱上	dzlu	1	4
动作描写	dzmx	1	4
电子木鱼	dzmy	1	4
大灾难	dzn	2	3
动作片	dzp	2	3
打嘴炮	dzp	3	3
电阻屏	dzp	4	3
蛋仔派对	dzpd	1	4
当做朋友	dzpy	1	4
电子盆栽	dzpz	2	4
电子琴	dzq	1	3
打砸抢	dzq	2	3
邓紫棋	dzq	3	3
电子枪	dzq	4	3
打字圈	dzq	5	3
电子钱包	dzqb	1	4
道阻且长	dzqi	2	4
电子期刊	dzqk	1	4
独自凄凉	dzql	1	4
电子签名	dzqm	1	4
挡在前面	dzqm	2	4
得罪人	dzr	2	3
大自然	dzr	3	3
担责任	dzr	4	3
独尊儒术	dzru	2	4
淡紫色	dzs	2	3
打字速度	dzsd	1	4
大总统	dzt	1	3
肚子疼	dzt	2	3
肚子痛	dzt	3	3
低姿态	dzt	4	3
电子天平	dztp	1	4
电子通讯	dztx	1	4
电子书	dzu	1	3
档子事	dzu	2	3
段子手	dzu	3	3
电子设备	dzub	1	4
带在身边	dzub	2	4
短暂失明	dzum	1	4
电子商贸	dzum	2	4
顶字上屏	dzup	1	4
大宗商品	dzup	2	4
电子书阅读器	dzuq	1	4
带在身上	dzuu	1	4
多做实事	dzuu	2	4
电子时钟	dzuv	1	4
缔造者	dzv	1	3
打嘴仗	dzv	2	3
党组织	dzv	3	3
动作指导	dzvd	1	4
胆子真大	dzvd	2	4
电子账单	dzvd	3	4
点赞之交	dzvj	1	4
点子扎手	dzvu	2	4
电子文档	dzwd	1	4
电子网络	dzwl	1	4
堵在胸口	dzxk	2	4
倒在血泊中	dzxv	1	4
大杂院	dzy	2	3
电子眼	dzy	3	3
电子烟	dzy	4	3
打字员	dzy	5	3
待在原地	dzyd	1	4
当做一个	dzyg	1	4
当作一个	dzyg	2	4
单走一个6	dzyl	1	4
单走一个六	dzyl	2	4
电子移民	dzym	1	4
独自一人	dzyr	1	4
地造一双	dzyu	2	4
当作一种	dzyv	1	4
电子阳痿	dzyw	1	4
电子邮箱	dzyx	2	4
多走走	dzz	1	3
刀子嘴	dzz	2	3
刀子嘴豆腐心	dzzx	1	4
恩爱夫妻	eafq	1	4
恩爱情仇	eaqi	1	4
二把刀	ebd	1	3
二百多个	ebdg	2	4
二八定律	ebdl	1	4
饿不饿	ebe	1	3
二比二	ebe	2	3
耳边风	ebf	1	3
二八法则	ebfz	1	4
而不会	ebh	1	3
耳鼻喉	ebh	2	3
而不会是	ebhu	1	4
而不仅仅	ebjj	1	4
而不仅仅是	ebju	1	4
二八开	ebk	1	3
饿扁了	ebl	1	3
二比零	ebl	2	3
耳不聋	ebl	3	3
耳不聋眼不花	eblh	1	4
耳不聋，眼不花	eblh	2	4
而不能	ebn	1	3
二八年华	ebnh	1	4
而不能说	ebnu	1	4
而不去	ebq	1	3
二逼青年	ebqn	1	4
饿不死	ebs	1	3
饿不死人	ebsr	1	4
而不是	ebu	1	3
二把手	ebu	2	3
二笔输入法	ebuf	1	4
而不是因为	ebuw	1	4
而不知道	ebvd	1	4
而不只是	ebvu	1	4
二百万	ebw	1	3
二百五	ebw	2	3
二本线	ebx	1	3
儿不嫌母丑	ebxi	1	4
儿不嫌母丑，狗不嫌家贫	ebxp	1	4
耳边响起	ebxq	1	4
而不用	eby	1	3
二比一	eby	2	3
而不要	eby	3	3
二步验证	ebyv	1	4
二八原则	ebyz	1	4
而不在于	ebzy	1	4
二次编码	ecbm	1	4
二次定位	ecdw	1	4
二次方	ecf	1	3
二次根号	ecgh	1	4
恩存感激	ecgj	1	4
二次加工	ecjg	1	4
二层楼	ecl	1	3
二次世界大战	ecuv	1	4
二寸照片	ecvp	1	4
二次型	ecx	1	3
二次元	ecy	1	3
二刺螈	ecy	2	3
耳朵	ed	1	2
耳朵边	edb	1	3
儿大不由娘	edbn	1	4
二等残废	edcf	1	4
额定电流	eddl	1	4
额定电压	eddy	1	4
耳朵底子	eddz	1	4
二等分	edf	1	3
二等功	edg	1	3
耳朵根	edg	2	3
耳朵根子	edgz	1	4
耳朵怀孕	edhy	1	4
二等奖	edj	1	3
鹅蛋脸	edl	1	3
二代目	edm	1	3
耳朵旁	edp	1	3
额定值	edv	1	3
耳毒性	edx	1	3
二大爷	edy	1	3
耳朵眼	edy	2	3
耳朵眼儿	edye	1	4
饿得要死	edys	1	4
饿肚子	edz	1	3
摁倒在地	edzd	1	4
嗯嗯	ee	2	2
恩恩	ee	3	2
二二八	eeb	2	3
鹅鹅鹅	eee	2	3
二二二	eee	3	3
呃呃呃呃	eeee	3	4
饿饿饭饭	eeff	1	4
二二九	eej	2	3
二二六	eel	2	3
二二七	eeq	2	3
二二三	ees	2	3
二二四	ees	3	3
二二五	eew	2	3
二二一	eey	2	3
饿莩遍野	efby	1	4
而奋斗	efd	1	3
二房东	efd	2	3
二分查找	efiv	1	4
二分钟	efv	1	3
二分之	efv	2	3
二分音符	efyf	1	4
饿鬼道	egd	1	3
阿骨打	egd	2	3
恩格尔	ege	1	3
二改二传	egei	1	4
恩格尔系数	egeu	1	4
二鬼拍门	egpm	1	4
俄国人	egr	1	3
恩格斯	egs	1	3
二锅头	egt	1	3
饿鬼投胎	egtt	1	4
恶鬼投胎	egtt	2	4
耳挂式	egu	1	3
耳挂式耳机	eguj	1	4
二更食堂	egut	1	4
二个小时	egxu	1	4
二狗子	egz	1	3
耳根子	egz	2	3
耳刮子	egz	3	3
二狗子你变了	egzl	1	4
耳根子软	egzr	1	4
恶虎不食子	ehbz	1	4
俄亥俄	ehe	1	3
恶狠狠	ehh	1	3
诶嘿嘿	ehh	2	3
恶狠狠地	ehhd	1	4
二环路	ehl	1	3
耳红面赤	ehmi	1	4
娥皇女英	ehny	1	4
饿虎扑羊	ehpy	1	4
耳后生风	ehuf	1	4
二虎相斗	ehxd	1	4
二虎相争	ehxv	1	4
二合一	ehy	1	3
儿化音	ehy	2	3
二传二改	eieg	1	4
二重唱	eii	1	3
恩仇录	eil	1	3
鄂城区	eiq	1	3
二传手	eiu	1	3
二叉树	eiu	2	3
二重奏	eiz	1	3
二尖瓣	ejb	1	3
二甲苯	ejb	2	3
二简词	ejc	1	3
二简次选	ejcx	1	4
二季度	ejd	1	3
二进宫	ejg	1	3
二极管	ejg	2	3
二级公路	ejgl	1	4
耳机接口	ejjk	1	4
耳机孔	ejk	1	3
耳机漏电	ejld	1	4
二极体	ejt	1	3
二居室	eju	1	3
二进制	ejv	1	3
二进位	ejw	1	3
二级域名	ejym	1	4
二简字	ejz	1	3
恶劣	el	1	2
而来	el	2	2
饿了吧	elb	1	3
阿拉伯语	elby	1	4
二零二	ele	1	3
二轮复习	elfx	1	4
恶劣环境	elhj	1	4
二硫化硒	elhx	1	4
二连击破	eljp	1	4
二零零	ell	1	3
饿了么	elm	1	3
二力平衡	elph	1	4
饿狼扑食	elpu	1	4
恶龙咆哮	elpx	1	4
二路汽车	elqi	1	4
俄罗斯	els	1	3
俄罗斯轮盘赌	elsd	1	4
俄罗斯方块	elsk	1	4
俄罗斯进口	elsk	2	4
俄罗斯轮盘	elsp	1	4
俄罗斯套娃	elsw	1	4
二郎腿	elt	1	3
恶劣条件	eltj	1	4
厄立特里亚	elty	1	4
二郎神	elu	1	3
鹅卵石	elu	2	3
二流水平	elup	1	4
二郎真君	elvj	1	4
二龙戏凤	elxf	1	4
二零一零	elyl	1	4
恶劣影响	elyx	2	4
二愣子	elz	1	3
二流子	elz	2	3
二溜子	elz	3	3
耳雷子	elz	4	3
二门不迈	embm	1	4
耳目闭塞	embs	1	4
耳鸣耳聋	emel	1	4
二面角	emj	1	3
噩梦降临	emjl	1	4
耳鸣目眩	emmx	1	4
峨眉山	emu	1	3
二码上屏	emup	1	4
耳目众多	emvd	1	4
而没有	emy	1	3
蛾眉月	emy	2	3
儿女共沾巾	engj	1	4
二年级	enj	1	3
儿女们	enm	1	3
Enter	ent	1	3
二年生	enu	1	3
二品大员	epdy	1	4
耳旁风	epf	1	3
阿房宫	epg	1	3
二皮脸	epl	1	3
耳皮软	epr	1	3
饿殍枕藉	epvj	1	4
而且	eq	1	2
而且不会	eqbh	1	4
而且不能	eqbn	1	4
而且都是	eqdu	1	4
而且都有	eqdy	1	4
而且还	eqh	1	3
而且会	eqh	2	3
而且还会	eqhh	1	4
而且还是	eqhu	1	4
二轻局	eqj	1	3
而且可以	eqky	1	4
而且没有	eqmy	1	4
饿其体肤	eqtf	1	4
而且是	equ	1	3
而且这个	eqvg	1	4
恶趣味	eqw	1	3
而且需要	eqxy	1	4
而且因为	eqyw	1	4
恶其余胥	eqyx	1	4
二人	er	2	2
恶人还需恶人磨	erhm	1	4
二人同心	ertx	1	4
二人转	erv	1	3
恶人先告状	erxv	1	4
二日游	ery	2	3
恶人自有恶人磨	erzm	1	4
饿死胆小的	esdd	1	4
饿死胆小的撑死胆大的	esdd	2	4
饿死鬼	esg	1	3
二三个人	esgr	1	4
饿死鬼投胎	esgt	1	4
饿死街头	esjt	1	4
饿死了	esl	1	3
儿孙绕膝	esrx	1	4
二三四	ess	1	3
二三十	esu	1	3
耳塞式	esu	2	3
饿死事小，失节事大	esud	1	4
耳塞式耳机	esuj	1	4
饿死事小	esux	1	4
饿死我了	eswl	1	4
饿死我啦	eswl	2	4
儿童	et	1	2
儿童不宜	etby	1	4
儿童读物	etdw	1	4
儿童服装	etfv	1	4
儿童发育	etfy	1	4
儿童歌曲	etgq	1	4
儿童床	eti	1	3
二踢脚	etj	1	3
儿童节	etj	2	3
儿童教育	etjy	1	4
耳听目染	etmr	1	4
儿童票	etp	1	3
儿童入学	etrx	1	4
儿童团	ett	1	3
儿童手表	etub	1	4
儿童时代	etud	1	4
二桃杀三士	etuu	1	4
耳听是虚	etux	1	4
耳听为虚，眼见为实	etwu	1	4
儿童用品	etyp	1	4
儿童医院	etyy	1	4
儿童座椅	etzy	1	4
而是	eu	1	2
二十倍	eub	1	3
耳屎扒	eub	2	3
扼杀掉	eud	1	3
二十多个	eudg	1	4
二手电脑	eudn	1	4
二是二	eue	1	3
二手房	euf	1	3
二十分钟	eufv	1	4
二手货	euh	1	3
二手车	eui	1	3
二十几	euj	1	3
恶势力	eul	1	3
二手玫瑰	eumg	1	4
而是没有	eumy	1	4
二十年代	eund	1	4
二十年前	eunq	1	4
二十日	eur	1	3
二十岁	eus	1	3
二十四节气	eusq	1	4
二十四小时	eusu	2	4
而是说	euu	1	3
二手市场	euui	1	4
而是这个	euvg	1	4
二十周年	euvn	2	4
二十万	euw	1	3
而是为了	euwl	1	4
二手物品	euwp	1	4
二师兄	eux	1	3
而是需要	euxy	1	4
而是要	euy	1	3
二手烟	euy	2	3
而是一个	euyg	1	4
而是应该	euyg	2	4
二十一世纪	euyj	1	4
二室一厅	euyt	1	4
而是一种	euyv	2	4
而是因为	euyw	1	4
二傻子	euz	1	3
二世祖	euz	2	3
扼杀在摇篮里	euzl	1	4
扼杀在摇篮	euzl	2	4
扼杀在摇篮中	euzv	1	4
二者不可得兼	evbj	1	4
遏制不住	evbv	1	4
二者必居其一	evby	1	4
饿着肚子	evdz	1	4
俄政府	evf	1	3
二战后	evh	1	3
二指禅	evi	1	3
二者兼顾	evjg	1	4
二者皆可抛	evjp	1	4
二战老兵	evlb	1	4
二战期间	evqj	1	4
二战转折点	evvd	1	4
二者之间	evvj	1	4
俄文版	ewb	1	3
耳闻不如一见	ewbj	1	4
恩威并用	ewby	1	4
俄乌冲突	ewit	2	4
俄乌局势	ewju	1	4
鄂温克	ewk	1	3
二维空间	ewkj	1	4
二维码	ewm	1	3
耳温枪	ewq	1	3
扼腕痛惜	ewtx	2	4
耳闻是虚	ewux	1	4
二维数组	ewuz	1	4
而为之	ewv	1	3
而我知道	ewvd	1	4
俄乌战争	ewvv	1	4
二五眼	ewy	1	3
二五仔	ewz	1	3
恶心	ex	1	2
二向箔	exb	1	3
Excel	exce	1	4
二相电	exd	1	3
恶向胆边生	exdu	1	4
儿媳妇	exf	1	3
恶性犯罪	exfz	1	4
二线城市	exiu	1	4
二星级	exj	1	3
二西莫夫	exmf	1	4
耳熏目染	exmr	1	4
恶心呕吐	exot	1	4
恶心人	exr	1	3
恶心死了	exsl	1	4
二项式	exu	1	3
恶性事件	exuj	1	4
二相性	exx	1	3
二选一	exy	1	3
而现在	exz	1	3
而已	ey	1	2
而言	ey	2	2
耳语般	eyb	1	3
二一八	eyb	2	3
鳄鱼的眼泪	eydl	1	4
二一二	eye	1	3
二月份	eyf	1	3
阿谀奉承	eyfi	1	4
阿谀逢迎	eyfy	1	4
二氧化	eyh	1	3
二月河	eyh	2	3
厄运重重	eyii	1	4
二一九	eyj	1	3
恶意举报	eyjb	1	4
二元结构	eyjg	1	4
恶意竞争	eyjv	1	4
二元论	eyl	1	3
二一六	eyl	2	3
二一七	eyq	1	3
恶意欺诈	eyqv	1	4
恶意软件	eyrj	1	4
二一三	eys	1	3
二一四	eys	2	3
二一添作五	eytw	1	4
恩怨是非	eyuf	1	4
二营长	eyv	1	3
恶液质	eyv	2	3
鄂豫皖	eyw	1	3
二一五	eyw	2	3
鳄鱼鞋	eyx	1	3
恶意行为	eyxw	1	4
二一一	eyy	1	3
二元一次	eyyc	1	4
恶意引导	eyyd	1	4
二元一次方程	eyyi	1	4
鳄鱼眼泪	eyyl	1	4
二刈子	eyz	1	3
二椅子	eyz	2	3
而在	ez	1	2
儿子	ez	2	2
二字词	ezc	1	3
摁在地上摩擦	ezdc	1	4
嗯造果盘	ezgp	1	4
恶作剧	ezj	1	3
嗯造米线	ezmx	1	4
而在那	ezn	1	3
ez收徒	ezut	1	4
而在于	ezy	1	3
方案	fa	2	2
妨碍公务	fagw	2	4
伏案工作	fagz	1	4
父爱如山	faru	2	4
福安市	fau	1	3
反安装	fav	1	3
肺癌晚期	fawq	1	4
方便	fb	1	2
分别	fb	2	2
发表	fb	3	2
分别比	fbb	1	3
范冰冰	fbb	2	3
帆布包	fbb	3	3
分辨不出	fbbi	1	4
翻版必究	fbbj	1	4
分布不均	fbbj	2	4
分辨不清	fbbq	1	4
分兵把守	fbbu	1	4
腐败变质	fbbv	1	4
风必摧之	fbcv	1	4
防病毒	fbd	1	3
反病毒	fbd	2	3
防波堤	fbd	3	3
芬必得	fbd	4	3
方便的话	fbdh	2	4
方便多了	fbdl	1	4
法不阿贵	fbeg	1	4
服不服	fbf	1	3
烦不烦	fbf	2	3
方不方便	fbfb	1	4
符不符合	fbfh	1	4
富不过三代	fbgd	1	4
分布广泛	fbgf	1	4
奋臂高呼	fbgh	1	4
方便顾客	fbgk	1	4
奋不顾身的爱情	fbgq	1	4
肺部感染	fbgr	1	4
发布会	fbh	1	3
粉笔灰	fbh	2	3
发表回复	fbhf	1	4
分别会见	fbhj	1	4
奋臂挥拳	fbhq	1	4
伏笔回收	fbhu	2	4
返本还源	fbhy	2	4
分不出	fbi	1	3
发不出	fbi	2	3
帆布床	fbi	3	3
法不传六耳	fbie	1	4
发不出来	fbil	1	4
发不出去	fbiq	1	4
副部级	fbj	1	3
分部积分	fbjf	1	4
封闭僵化	fbjh	2	4
防爆警察	fbji	1	4
发表解肌	fbjj	1	4
发病机制	fbjv	1	4
放不开	fbk	1	3
分不开	fbk	2	3
发表看法	fbkf	1	4
方便快捷	fbkj	1	4
封闭空间	fbkj	2	4
放不开了	fbkl	1	4
分辨率	fbl	1	3
发表了	fbl	2	3
发病率	fbl	3	3
非暴力	fbl	4	3
犯不了	fbl	5	3
发表论文	fblw	1	4
风暴龙王	fblw	2	4
凤表龙姿	fblz	1	4
方便面	fbm	1	3
肤白貌美	fbmm	1	4
斐波那契数列	fbnl	1	4
斐波那契	fbnq	1	4
放鞭炮	fbp	1	3
分不清	fbq	1	3
发布区	fbq	2	3
扶不起的阿斗	fbqd	1	4
分不清楚	fbqi	1	4
方便起见	fbqj	1	4
分不清现实	fbqu	1	4
方便群众	fbqv	1	4
反不如	fbr	1	3
福布斯	fbs	1	3
福布斯排行榜	fbsb	1	4
分布图	fbt	1	3
副标题	fbt	2	3
腐败透顶	fbtd	1	4
分别是	fbu	1	3
犯不上	fbu	2	3
封闭式	fbu	3	3
分布式	fbu	4	3
佛本是道	fbud	2	4
封闭施工	fbug	1	4
匪帮说唱	fbui	1	4
发表社论	fbul	1	4
发表声明	fbum	1	4
扶不上墙	fbuq	1	4
分布式服务器	fbuq	2	4
分步实施	fbuu	1	4
福不双至	fbuv	1	4
犯不着	fbv	1	3
副部长	fbv	2	3
非标准	fbv	3	3
封闭针	fbv	4	3
防病治病	fbvb	1	4
反不正当竞争法	fbvf	1	4
发表重要讲话	fbvh	1	4
封闭状态	fbvt	1	4
风暴之主	fbvv	2	4
分宾主落坐	fbvz	1	4
分别为	fbw	1	3
反包围	fbw	2	3
富比王侯	fbwh	1	4
放不下	fbx	1	3
帆布鞋	fbx	2	3
封闭性	fbx	3	3
赋比兴	fbx	4	3
反驳型人格	fbxg	1	4
放不下心来	fbxl	1	4
方便行人	fbxr	1	4
放不下心	fbxx	1	4
翻白眼	fby	1	3
服兵役	fby	2	3
反编译	fby	3	3
非本意	fby	4	3
方便用户	fbyh	1	4
发表演说	fbyu	1	4
方便一下	fbyx	1	4
分别在	fbz	1	3
诽谤罪	fbz	2	3
粉笔字	fbz	3	3
飞边子	fbz	4	3
讽刺	fc	1	2
服从	fc	2	2
服从安排	fcap	1	4
非此不可	fcbk	1	4
分层次	fcc	1	3
发财了	fcl	1	3
发错了	fcl	2	3
服从命令	fcml	1	4
芳草萋萋	fcqq	1	4
服从调剂	fctj	1	4
翡翠石	fcu	1	3
副村长	fcv	1	3
分餐制	fcv	2	3
服从指令	fcvl	1	4
服从整体	fcvt	1	4
犯错误	fcw	1	3
讽刺挖苦	fcwk	1	4
服从性	fcx	1	3
讽刺性	fcx	2	3
服从性测试	fcxu	1	4
服从于	fcy	1	3
风采依旧	fcyj	1	4
方寸已乱	fcyl	1	4
发财要命	fcym	1	4
讽刺意味的是	fcyu	1	4
讽刺意味	fcyw	1	4
服从组织安排	fczp	1	4
服从组织分配	fczp	2	4
服从组织	fczv	1	4
奋斗	fd	1	2
反对	fd	2	2
贩毒案	fda	1	3
发电报	fdb	1	3
辅导班	fdb	2	3
副代表	fdb	3	3
飞叠杯	fdb	4	3
负担不起	fdbq	1	4
反倒不如	fdbr	1	4
逢赌必输	fdbu	1	4
发大财	fdc	1	3
肥嘟嘟	fdd	1	3
粉嘟嘟	fdd	2	3
反导弹	fdd	3	3
反对党	fdd	4	3
奋斗到底	fddd	1	4
发动地鸣	fddm	1	4
法定代表人	fddr	1	4
放到地上	fddu	1	4
樊登读书	fddu	2	4
辅导费	fdf	1	3
反帝反封	fdff	1	4
反帝反封建	fdfj	1	4
反动分子	fdfz	1	4
贩毒分子	fdfz	2	4
梵蒂冈	fdg	1	3
犯嘀咕	fdg	2	3
飞得更高	fdgg	1	4
分担工作	fdgz	2	4
凫短鹤长	fdhi	1	4
放到后面	fdhm	1	4
分段函数	fdhu	1	4
翻斗花园	fdhy	1	4
房地产	fdi	1	3
发电厂	fdi	2	3
防盗窗	fdi	3	3
非对称	fdi	4	3
翻斗车	fdi	5	3
房贷车贷	fdid	1	4
房地产市场	fdii	1	4
发动机	fdj	1	3
发电机	fdj	2	3
放大镜	fdj	3	3
复读机	fdj	4	3
佛得角	fdj	5	3
防冻剂	fdj	6	3
否定句	fdj	7	3
辅导机构	fdjg	2	4
浮点计算机	fdjj	1	4
非打即骂	fdjm	1	4
法定节日	fdjr	1	4
法定节假日	fdjr	2	4
反动集团	fdjt	1	4
辅导课	fdk	1	3
费德勒	fdl	1	3
发电量	fdl	2	3
反登陆	fdl	3	3
反的来	fdl	4	3
辅导老师	fdlu	1	4
富得流油	fdly	1	4
伏地魔	fdm	1	3
防盗门	fdm	2	3
肺动脉	fdm	3	3
扶弟魔	fdm	4	3
福大命大	fdmd	1	4
肥遯鸣高	fdmg	1	4
非但没有	fdmy	1	4
伐地那非	fdnf	1	4
反对派	fdp	1	3
反对票	fdp	2	3
反动派	fdp	3	3
放大器	fdq	1	3
防盗器	fdq	2	3
放到前面	fdqm	1	4
发动群众	fdqv	1	4
非但如此	fdrc	1	4
防盗锁	fds	1	3
放大缩小	fdsx	1	4
法度森严	fdsy	1	4
方大同	fdt	1	3
房东太太	fdtt	1	4
反倒是	fdu	1	3
福鼎市	fdu	2	3
发大水	fdu	3	3
发毒誓	fdu	4	3
辅导书	fdu	5	3
犯得上	fdu	6	3
粉底霜	fdu	7	3
佛挡杀佛	fduf	1	4
费点时间	fduj	2	4
附带说一句	fduj	3	4
反动势力	fdul	1	4
扶大厦之将倾	fduq	1	4
风大闪了舌头	fdut	1	4
防弹少年团	fdut	2	4
方得始终	fduv	1	4
犯得着	fdv	1	3
反对者	fdv	2	3
副队长	fdv	3	3
发电站	fdv	4	3
负担重	fdv	5	3
否定之否定	fdvd	1	4
奋斗终身	fdvu	1	4
奋斗终生	fdvu	2	4
发动战争	fdvv	1	4
防盗网	fdw	1	3
发到网上	fdwu	1	4
反对无效	fdwx	1	4
发短信	fdx	1	3
放得下	fdx	2	3
非典型	fdx	3	3
法定休息日	fdxr	1	4
浮点小数	fdxu	1	4
非典型肺炎	fdxy	1	4
非典型性肺炎	fdxy	2	4
非得要	fdy	1	3
辅导员	fdy	2	3
防弹衣	fdy	3	3
粉底液	fdy	4	3
风大雨大	fdyd	1	4
反对意见	fdyj	1	4
反动言论	fdyl	1	4
分担压力	fdyl	2	4
反对一切	fdyq	1	4
佛渡有缘人	fdyr	1	4
烦得要死	fdys	1	4
法定义务	fdyw	1	4
釜底游鱼	fdyy	1	4
服毒自尽	fdzj	1	4
服毒自杀	fdzu	1	4
反而	fe	1	2
反而不好	febh	2	4
反而不成	febi	1	4
肥而不腻	febn	1	4
反而不能	febn	2	4
反而不妥	febt	1	4
富二代	fed	1	3
伏尔加	fej	1	3
逢二进一	fejy	1	4
斐尔可	fek	1	3
梵婀玲	fel	1	3
飞儿乐团	felt	1	4
飞蛾扑灯	fepd	1	4
凡尔赛	fes	1	3
伏尔泰	fet	1	3
反而是	feu	1	3
反而无用	fewy	1	4
飞儿乐团	feyt	1	4
方法	ff	2	2
丰富	ff	3	2
付费挨骂	ffam	1	4
反腐败	ffb	2	3
方法不错	ffbc	3	4
凡夫不可语道	ffbd	2	4
反复鞭尸	ffbu	4	4
反复操练	ffcl	1	4
防范措施	ffcu	1	4
非法操作	ffcz	2	4
反复操作	ffcz	3	4
纷纷地	ffd	2	3
反复多次	ffdc	3	4
付费点击	ffdj	2	4
发放贷款	ffdk	1	4
非法堕胎	ffdt	1	4
发奋读书	ffdu	2	4
负负得正	ffdv	3	4
付费订阅	ffdy	2	4
纷纷而至	ffev	1	4
非法贩卖	fffm	1	4
付费方式	fffu	3	4
反复发作	fffz	3	4
反复观察	ffgi	1	4
反复观看	ffgk	1	4
付费功能	ffgn	1	4
非法改装	ffgv	1	4
非法雇佣	ffgy	1	4
发放工资	ffgz	2	4
非法活动	ffhd	1	4
反复横跳	ffht	1	4
非法出版	ffib	1	4
非凡成就	ffij	1	4
非法出口	ffik	1	4
防腐处理	ffil	3	4
非法出版物	ffiw	1	4
非法传销	ffix	1	4
防腐剂	ffj	2	3
反封建	ffj	3	3
非法拘禁	ffjj	1	4
付费节目	ffjm	2	4
付费加入	ffjr	2	4
防范机制	ffjv	1	4
非法集资	ffjz	1	4
负反馈	ffk	1	3
夫妇俩	ffl	1	3
发福利	ffl	2	3
方法论	ffl	3	3
防风林	ffl	4	3
反分裂	ffl	5	3
发发牢骚	ffls	1	4
反复练习	fflx	1	4
非法利益	ffly	1	4
付费模式	ffmu	3	4
丰富内涵	ffnh	1	4
非法内容	ffnr	1	4
附凤攀龙	ffpl	1	4
反复强调	ffqd	1	4
反复确认	ffqr	3	4
反复强调	ffqt	1	4
反复去世	ffqu	2	4
愤愤然	ffr	2	3
非法入侵	ffrq	1	4
付费入群	ffrq	2	4
凡夫肉眼	ffry	2	4
反复思考	ffsk	1	4
反复讨论	fftl	1	4
反复提示	fftu	2	4
反复提醒	fftx	1	4
反复说	ffu	1	3
防辐射	ffu	2	3
非法手段	ffud	1	4
付费视角	ffuj	2	4
付费视频	ffup	1	4
防风手套	ffut	1	4
非法生意	ffuy	1	4
分分钟	ffv	1	3
放风筝	ffv	2	3
反复琢磨	ffvm	1	4
分分钟教你做人	ffvr	1	4
非负整数	ffvu	1	4
发放完毕	ffwb	1	4
反方向	ffx	2	3
丰富性	ffx	3	3
放飞心情	ffxq	2	4
反方向的钟	ffxv	1	4
反法西斯战争	ffxv	2	4
发愤学习	ffxx	1	4
副反应	ffy	2	3
非法移民	ffym	1	4
反复要求	ffyq	1	4
非法组队	ffzd	1	4
反复再三	ffzs	1	4
仿佛在说	ffzu	3	4
非法组织	ffzv	1	4
放飞自我	ffzw	1	4
覆盖	fg	2	2
富贵安康	fgak	1	4
富国安民	fgam	1	4
富贵病	fgb	2	3
反光板	fgb	3	3
富贵不骄	fgbj	1	4
分工不同	fgbt	1	4
富贵不能淫	fgby	2	4
风光不再	fgbz	1	4
覆盖层	fgc	1	3
仿古瓷	fgc	2	3
封官赐爵	fgcj	1	4
反光灯	fgd	2	3
法国队	fgd	3	3
风光大葬	fgdz	2	4
分隔符	fgf	2	3
非官方	fgf	3	3
复工复产	fgfi	1	4
发光发亮	fgfl	2	4
发光发热	fgfr	1	4
风高放火天	fgft	1	4
覆盖范围	fgfw	1	4
分工负责	fgfz	1	4
风格化	fgh	2	3
富贵花开	fghk	1	4
富贵长命	fgim	1	4
法规出台	fgit	1	4
反光镜	fgj	2	3
房管局	fgj	3	3
分光镜	fgj	4	3
副国级	fgj	5	3
法国进口	fgjk	3	4
房管科	fgk	2	3
反过来	fgl	1	3
发过来	fgl	2	3
覆盖率	fgl	3	3
放高利贷	fgld	1	4
翻过来倒过去	fglq	2	4
凤骨龙姿	fglz	1	4
覆盖面	fgm	2	3
反革命	fgm	3	3
分工明确	fgmq	1	4
发给你	fgn	2	3
肺功能	fgn	3	3
风干牛肉干	fgng	2	4
放个屁	fgp	1	3
放狗屁	fgp	2	3
法国人	fgr	2	3
反干扰	fgr	3	3
发稿人	fgr	4	3
富贵人家	fgrj	1	4
分工如下	fgrx	1	4
分公司	fgs	2	3
房管所	fgs	3	3
富贵思淫欲	fgsy	1	4
发给他	fgt	2	3
发给她	fgt	3	3
翻跟头	fgt	4	3
发光体	fgt	5	3
发高烧	fgu	1	3
费改税	fgu	2	3
佛骨舍利	fgul	2	4
副馆长	fgv	1	3
附骨之蛆	fgvq	1	4
放过我	fgw	2	3
发给我	fgw	3	3
发光物	fgw	4	3
发个文	fgw	5	3
风光无两	fgwl	1	4
风光无限	fgwx	1	4
发个微信	fgwx	2	4
分割线	fgx	2	3
分隔线	fgx	3	3
富贵险中求	fgxq	1	4
发个信息	fgxx	1	4
反戈相向	fgxx	2	4
分工协作	fgxz	1	4
非国有	fgy	2	3
非惯用手	fgyu	4	4
发工资	fgz	2	3
放鸽子	fgz	3	3
放歌纵酒	fgzj	1	4
富贵尊荣	fgzr	1	4
返回	fh	2	2
发挥	fh	3	2
发红包	fhb	1	3
复合板	fhb	2	3
防化兵	fhb	3	3
反汇编	fhb	4	3
符号表情	fhbq	1	4
复活吧，我的爱人	fhbr	1	4
复活吧，额滴爱人	fhbr	2	4
废话不多说	fhbu	2	4
符合标准	fhbv	1	4
分毫不差	fhbx	1	4
封侯拜相	fhbx	2	4
饭后百步走	fhbz	1	4
返回舱	fhc	2	3
发横财	fhc	3	3
复合词	fhc	4	3
发挥才能	fhcn	1	4
防护措施	fhcu	1	4
分号次选	fhcx	1	4
防洪堤	fhd	2	3
发货单	fhd	3	3
防护堤	fhd	4	3
防护服	fhf	2	3
防寒服	fhf	3	3
复合肥	fhf	4	3
防火阀	fhf	5	3
防火防盗	fhfd	1	4
防火防盗防闺蜜	fhfm	1	4
泛函分析	fhfx	1	4
符合规定	fhgd	2	4
符合规范	fhgf	2	4
符合规律	fhgl	2	4
符合国情	fhgq	1	4
非好汉	fhh	1	3
非核化	fhh	2	3
发挥出	fhi	2	3
防火窗	fhi	3	3
凤凰城	fhi	4	3
繁华唱遍	fhib	1	4
发挥出来	fhil	1	4
符合常理	fhil	2	4
凤凰传奇	fhiq	1	4
繁华盛世	fhiu	3	4
符合程序	fhix	1	4
放寒假	fhj	2	3
分号键	fhj	3	3
复活节	fhj	4	3
蜂皇浆	fhj	5	3
非黑即白	fhjb	3	4
防滑脚垫	fhjd	2	4
分红计划	fhjh	1	4
粉红骷髅	fhkl	2	4
防护口罩	fhkv	1	4
符号看象限	fhkx	1	4
风火轮	fhl	1	3
肺活量	fhl	2	3
防护栏	fhl	3	3
防护林	fhl	4	3
孵化率	fhl	5	3
放化疗	fhl	6	3
防滑链	fhl	7	3
繁华落尽	fhlj	1	4
丰厚利润	fhlr	1	4
防火门	fhm	2	3
防护门	fhm	3	3
防护膜	fhm	4	3
凤凰男	fhn	1	3
飞鹤奶粉	fhnf	1	4
绯红女巫	fhnw	1	4
发货票	fhp	2	3
防火墙	fhq	2	3
孵化器	fhq	3	3
发货人	fhr	1	3
符合人设	fhru	2	4
粉红色	fhs	2	3
烽火台	fht	2	3
复合体	fht	3	3
犯糊涂	fht	4	3
访华团	fht	5	3
饭后甜点	fhtd	2	4
发挥特长	fhtv	1	4
符合题意	fhty	1	4
凤凰山	fhu	1	3
缝合术	fhu	2	3
非婚生	fhu	3	3
发挥失常	fhui	4	4
废话少说	fhuu	4	4
符华上仙	fhux	2	4
防护罩	fhv	2	3
副会长	fhv	3	3
副行长	fhv	4	3
返回值	fhv	5	3
防护网	fhw	1	3
复合物	fhw	2	3
凤凰网	fhw	3	3
氟化物	fhw	4	3
发挥稳定	fhwd	2	4
符合无可置疑原则	fhwz	1	4
复合型	fhx	2	3
缝合线	fhx	3	3
反和谐	fhx	4	3
烽火戏诸侯	fhxh	1	4
发挥想象	fhxx	2	4
放回原处	fhyi	2	4
防患于未然	fhyr	3	4
发挥优势	fhyu	2	4
防护意识	fhyu	3	4
符合原著	fhyv	1	4
饭后一支烟	fhyy	1	4
非常	fi	1	2
发出	fi	2	2
付出	fi	3	2
非常昂贵	fiag	1	4
非常安静	fiaj	1	4
非常安全	fiaq	1	4
非常棒	fib	1	3
反差婊	fib	2	3
非常不错	fibc	1	4
非常悲观	fibg	1	4
非常不好	fibh	1	4
废黜百家	fibj	1	4
非常抱歉	fibq	1	4
非常不同	fibt	1	4
粉尘爆炸	fibv	1	4
非常不幸	fibx	1	4
非常必要	fiby	1	4
非常便宜	fiby	2	4
非常聪明	ficm	1	4
非常脆弱	ficr	1	4
非常错误	ficw	1	4
非常大	fid	1	3
非常多	fid	2	3
发传单	fid	3	3
飞车党	fid	4	3
非常大的	fidd	1	4
翻肠倒肚	fidd	2	4
非常大的变化	fidh	1	4
付出代价	fidj	1	4
非常担心	fidx	1	4
非常得意	fidy	1	4
飞驰而过	fieg	1	4
飞驰而来	fiel	1	4
非常恶劣	fiel	2	4
飞驰而去	fieq	1	4
非处方	fif	1	3
非常方便	fifb	1	4
非常发达	fifd	1	4
非常非常的	fifd	2	4
非常丰富	fiff	1	4
非常非常	fifi	1	4
防尘防水	fifu	1	4
方差分析	fifx	1	4
非常复杂	fifz	1	4
非常高	fig	1	3
非常尴尬	figg	1	4
非常关键	figj	1	4
非常感激	figj	2	4
房产管理	figl	1	4
非常感兴趣	figq	1	4
非常关注	figv	1	4
非常好	fih	1	3
非常坏	fih	2	3
反串黑	fih	3	3
防撤回	fih	4	3
非常火爆	fihb	1	4
非常好的	fihd	1	4
付出很多	fihd	2	4
付出行动	fihd	3	4
非常好看	fihk	1	4
非常合理	fihl	1	4
非常好奇	fihq	1	4
非常合适	fihu	1	4
发出号召	fihv	1	4
非常好笑	fihx	1	4
非常活跃	fihy	1	4
非常差	fii	1	3
付出沉重的代价	fiij	1	4
非常出色	fiis	1	4
副处级	fij	1	3
反冲击	fij	2	3
放长假	fij	3	3
腓肠肌	fij	4	3
非常骄傲	fija	1	4
非常简单	fijd	1	4
非常激动	fijd	2	4
发出惊呼	fijh	1	4
非蠢即坏	fijh	2	4
非常讲究	fijj	1	4
非常积极	fijj	2	4
非常激烈	fijl	1	4
非常坚强	fijq	1	4
非常惊人	fijr	1	4
非常棘手	fiju	1	4
非常紧张	fijv	1	4
非常绝望	fijw	1	4
非常快	fik	1	3
妇产科	fik	2	3
非常可爱	fika	1	4
非常恐怖	fikb	1	4
非常肯定	fikd	1	4
丰巢快递	fikd	2	4
丰巢快递柜	fikg	1	4
非常可恨	fikh	1	4
非常看好	fikh	2	4
非常快乐	fikl	1	4
非常困难	fikn	1	4
非常苦恼	fikn	2	4
非常可惜	fikx	1	4
非常可笑	fikx	2	4
发出了	fil	1	3
付出了	fil	2	3
分岔路	fil	3	3
非常冷	fil	4	3
反潮流	fil	5	3
付出劳动	fild	2	4
非常乐观	filg	1	4
非常厉害	filh	1	4
非常落后	filh	2	4
非常理解	filj	1	4
非常了解	filj	2	4
风尘碌碌	fill	1	4
非常了不起	filq	1	4
负重练习	filx	1	4
非常乐意	fily	1	4
废长立幼	fily	2	4
分成两组	filz	1	4
非常慢	fim	1	3
非常忙	fim	2	3
防沉迷	fim	3	3
反差萌	fim	4	3
非常明白	fimb	1	4
非常矛盾	fimd	1	4
非常敏感	fimg	1	4
非常漫长	fimi	1	4
房产面积	fimj	1	4
非常美丽	fiml	1	4
房产买卖	fimm	1	4
非常密切	fimq	1	4
非常明确	fimq	2	4
防沉迷系统	fimt	1	4
非常陌生	fimu	1	4
非常难	fin	1	3
非常难过	fing	1	4
非常恼火	finh	1	4
非常年轻	finq	1	4
非常难受	finu	1	4
非常难忘	finw	1	4
扶持农业	finy	1	4
副产品	fip	1	3
非常普遍	fipb	1	4
非常佩服	fipf	1	4
非常平静	fipj	1	4
非常迫切	fipq	1	4
非常普通	fipt	1	4
非常朴实	fipu	1	4
非常平稳	fipw	1	4
非常强	fiq	1	3
发出去	fiq	2	3
房产权	fiq	3	3
非常强大	fiqd	1	4
非常气愤	fiqf	1	4
非常奇怪	fiqg	1	4
非常奇妙	fiqm	1	4
非常轻松	fiqs	1	4
非常热	fir	1	3
非常人	fir	2	3
非常任理事国	firg	1	4
非常热烈	firl	1	4
非常热闹	firn	1	4
非常认同	firt	1	4
非常认真	firv	1	4
非常荣幸	firx	1	4
非常容易	firy	1	4
纺锤丝	fis	1	3
非常随便	fisb	1	4
废除死刑	fisx	1	4
非传统	fit	1	3
纺锤体	fit	2	3
丰产田	fit	3	3
非常特别	fitb	1	4
非常突出	fiti	1	4
非常痛苦	fitk	1	4
非常特殊	fitu	1	4
非常痛心	fitx	1	4
非常少	fiu	1	3
方程式	fiu	2	3
房产商	fiu	3	3
房产税	fiu	4	3
非常手段	fiud	1	4
非常少的	fiud	2	4
非常设机构	fiug	1	4
非常适合	fiuh	1	4
付出生命的代价	fiuj	1	4
非常深刻	fiuk	1	4
非常时刻	fiuk	2	4
非常生气	fiuq	2	4
非常深入	fiur	1	4
非常熟悉	fiux	1	4
发出声音	fiuy	1	4
复仇者	fiv	1	3
非常之	fiv	2	3
房产证	fiv	3	3
副处长	fiv	4	3
防尘罩	fiv	5	3
副厂长	fiv	6	3
非常值得	fivd	1	4
非常重要的	fivd	2	4
非常之好	fivh	1	4
非常之处	fivi	1	4
房产中介	fivj	2	4
覆巢之下安有完卵	fivl	1	4
复仇者联盟	fivm	1	4
非常正确	fivq	1	4
非常准确	fivq	2	4
非常之时	fivu	2	4
非常之行	fivx	1	4
覆巢之下	fivx	2	4
非常稳定	fiwd	1	4
发出文件	fiwj	1	4
覆巢无完卵	fiwl	1	4
非常完美	fiwm	1	4
非常危险	fiwx	1	4
非常小	fix	1	3
非常想	fix	2	3
非常像	fix	3	3
放长线	fix	4	3
非常兴奋	fixf	1	4
非常喜欢	fixh	1	4
非常辛苦	fixk	1	4
非常信任	fixr	1	4
非常吸引人	fixr	2	4
非常相似	fixs	1	4
非常欣赏	fixu	1	4
非常细致	fixv	1	4
非常希望	fixw	1	4
非常向往	fixw	2	4
反常现象	fixx	1	4
非常小心	fixx	2	4
非常需要	fixy	1	4
非常幸运	fixy	2	4
放长线钓大鱼	fixy	3	4
丰川祥子	fixz	1	4
非常应该	fiyg	2	4
非常遗憾	fiyh	1	4
非常友好	fiyh	2	4
非常优美	fiym	1	4
非常有名	fiym	2	4
付出一切	fiyq	1	4
非常有趣	fiyq	2	4
非常严肃	fiys	2	4
非常有限	fiyx	1	4
非常优秀	fiyx	2	4
非常有用	fiyy	2	4
非常用字	fiyz	1	4
方程组	fiz	1	3
父传子	fiz	2	3
非常糟糕	fizg	1	4
非常自然	fizr	1	4
非常仔细	fizx	2	4
房间	fj	2	2
附近	fj	3	2
飞机杯	fjb	2	3
斐济杯	fjb	3	3
分斤掰两	fjbl	1	4
附加保险	fjbx	2	4
分筋错骨	fjcg	1	4
分筋错骨手	fjcu	1	4
分阶段	fjd	1	3
反间谍	fjd	2	3
分界点	fjd	3	3
翻筋斗	fjd	4	3
风景党	fjd	5	3
风景点	fjd	6	3
防静电	fjd	7	3
飞机大炮	fjdp	1	4
附近的人	fjdr	1	4
发酒疯	fjf	2	3
翻几番	fjf	3	3
附加费	fjf	4	3
分节符	fjf	5	3
附加服务	fjfw	3	4
房间隔	fjg	2	3
副交感神经	fjgj	3	4
房间号	fjh	1	3
肺结核	fjh	2	3
放假回家	fjhj	3	4
房间号码	fjhm	1	4
飞机场	fji	1	3
风紧扯呼	fjih	4	4
坊间传闻	fjiw	1	4
反间计	fjj	2	3
反季节	fjj	3	3
飞将军	fjj	4	3
副局级	fjj	5	3
发酵剂	fjj	6	3
风纪扣	fjk	2	3
飞机库	fjk	3	3
房间里	fjl	1	3
副经理	fjl	2	3
费尽了心	fjlx	1	4
肺静脉	fjm	2	3
非镜面屏	fjmp	2	4
风景迷人	fjmr	1	4
飞机模型	fjmx	2	4
富家女	fjn	2	3
附加内容	fjnr	1	4
费尽脑子	fjnz	1	4
飞机票	fjp	2	3
放进去	fjq	1	3
风景区	fjq	2	3
否决权	fjq	3	3
费尽钱财	fjqc	1	4
飞机起飞	fjqf	1	4
放假期间	fjqj	2	4
发件人	fjr	2	3
附加赛	fjs	1	3
罚酒三杯	fjsb	1	4
费尽思量	fjsl	1	4
腹肌撕裂	fjsl	2	4
封建思想	fjsx	2	4
佛教徒	fjt	2	3
分镜头	fjt	3	3
风急天高	fjtg	2	4
附加条件	fjtj	3	4
封建统治	fjtv	1	4
副驾驶	fju	1	3
福建省	fju	2	3
副教授	fju	3	3
非金属	fju	4	3
附加税	fju	5	3
封建时代	fjud	2	4
封建时期	fjuq	2	4
飞机失事	fjuu	3	4
反击战	fjv	2	3
副局长	fjv	3	3
附加值	fjv	4	3
封建制	fjv	5	3
翻旧账	fjv	6	3
反间之计	fjvj	3	4
非静止画面	fjvm	1	4
封建专制	fjvv	3	4
封建主义思想	fjvx	2	4
封见主义	fjvy	2	4
飞机制造	fjvz	2	4
封建王朝	fjwi	1	4
分界线	fjx	2	3
发际线	fjx	3	3
风景线	fjx	4	3
房价下跌	fjxd	1	4
放假以后	fjyh	1	4
反将一军	fjyj	3	4
丰俭由人	fjyr	1	4
佛教用语	fjyy	3	4
封建糟粕	fjzp	2	4
防君子不防小人	fjzr	1	4
疯狂	fk	1	2
分开	fk	2	2
放开	fk	3	2
疯狂暗示	fkau	1	4
妇科病	fkb	1	3
疯狂般	fkb	2	3
逢考必过	fkbg	1	4
发刊词	fkc	1	3
飞快地	fkd	1	3
防空洞	fkd	2	3
发快递	fkd	3	3
罚款单	fkd	4	3
疯狂打电话	fkdh	1	4
疯狂动物城	fkdi	1	4
浮夸的演技	fkdj	1	4
放空大脑	fkdn	1	4
反恐斗争	fkdv	1	4
封口费	fkf	1	3
付款方式	fkfu	1	4
方括号	fkh	1	3
反恐合作	fkhz	1	4
罚款处理	fkil	1	4
凡客诚品	fkip	1	4
翻空出奇	fkiq	1	4
副科级	fkj	1	3
防空警报	fkjb	1	4
访客记录	fkjl	1	4
佛靠金装	fkjv	1	4
反恐精英	fkjy	1	4
防空旅	fkl	1	3
防空雷达	fkld	1	4
福克兰群岛	fkld	2	4
付款码	fkm	1	3
放空脑子	fknz	1	4
防空炮	fkp	1	3
放空炮	fkp	2	3
俯瞰全场	fkqi	1	4
福克斯	fks	1	3
放开思想	fksx	1	4
飞科剃须刀	fktd	1	4
付款通道	fktd	2	4
放开手	fku	1	3
罚款数额	fkue	1	4
疯狂输出	fkui	1	4
放开手脚	fkuj	1	4
佛口蛇心	fkux	1	4
佛口圣心	fkux	2	4
方可使用	fkuy	1	4
分开使用	fkuy	2	4
反抗者	fkv	1	3
副科长	fkv	2	3
放宽心	fkx	1	3
反科学	fkx	2	3
疯狂星期四	fkxs	1	4
法克鱿	fky	1	3
反馈意见	fkyj	1	4
反抗压迫	fkyp	1	4
疯狂原始人	fkyr	1	4
妇科炎症	fkyv	1	4
疯狂英语	fkyy	1	4
方块字	fkz	1	3
分类	fl	1	2
发了	fl	2	2
法律	fl	3	2
氟利昂	fla	1	3
菲律宾	flb	1	3
分类表	flb	2	3
法律保护	flbh	1	4
费力不讨好	flbh	2	4
翻录必究	flbj	2	4
分类标签	flbq	1	4
翻脸不认	flbr	1	4
翻脸不认人	flbr	2	4
法律保障	flbv	1	4
翻脸不认账	flbv	2	4
犯了错	flc	1	3
发了财	flc	2	3
翡冷翠	flc	3	3
分类词库	flck	1	4
福利彩票	flcp	1	4
法拉第	fld	1	3
反垄断	fld	2	3
发了大财	fldc	1	4
犯了大忌	fldj	1	4
符拉迪沃斯托克	fldk	1	4
飞离地面	fldm	1	4
峰峦叠嶂	fldv	1	4
法律地位	fldw	1	4
福利待遇	fldy	1	4
弗雷尔卓德	fled	1	4
焚林而田	flet	1	4
翻了翻	flf	1	3
发了疯	flf	2	3
犯了法	flf	3	3
翻两番	flf	4	3
分类法	flf	5	3
风力发电	flfd	1	4
奋力反抗	flfk	1	4
法律服务	flfw	1	4
纷乱复杂	flfz	1	4
放了个	flg	1	3
犯了个	flg	2	3
翻了个	flg	3	3
佛朗哥	flg	4	3
法律规定	flgd	1	4
分裂国家	flgj	1	4
放了个屁	flgp	1	4
翻了个底朝天	flgt	1	4
犯了个错误	flgw	1	4
风凉话	flh	1	3
发了火	flh	2	3
飞轮海	flh	3	3
发来贺电	flhd	1	4
福利活动	flhd	2	4
法律环境	flhj	1	4
风林火山	flhu	1	4
翻了船	fli	1	3
翻了车	fli	2	3
福利厂	fli	3	3
翻脸成仇	flii	1	4
分离重码	flim	1	4
法律常识	fliu	1	4
法律程序	flix	2	4
福利姬	flj	1	3
费老劲	flj	2	3
放冷箭	flj	3	3
法律界	flj	4	3
风流绝代	fljd	1	4
分类价格	fljg	1	4
福利基金	fljj	1	4
费了九牛二虎之力	fljl	1	4
分裂间期	fljq	1	4
傅雷家书	flju	1	4
法律解释	flju	2	4
奋力角逐	fljv	1	4
封狼居胥	fljx	1	4
弗兰克	flk	1	3
分流孔	flk	2	3
风流快活	flkh	1	4
发来看看	flkk	1	4
弗兰肯斯坦	flkt	1	4
法律空子	flkz	1	4
法拉利	fll	1	3
腐烂了	fll	2	3
佛罗里达半岛	flld	2	4
分类垃圾	fllj	1	4
费了老劲	fllj	2	4
风里来，雨里去	fllq	1	4
风里来雨里去	fllq	2	4
佛罗里达不养闲人	fllr	1	4
佛罗里达州	fllv	1	4
费力劳心	fllx	1	4
弗莱明	flm	1	3
弗洛姆	flm	2	3
福临门	flm	3	3
弗罗姆	flm	4	3
犯了毛病	flmb	1	4
风流名士	flmu	1	4
服了你了	flnl	1	4
飞利浦	flp	1	3
菲利普	flp	2	3
防狼喷剂	flpj	1	4
防狼喷雾	flpw	1	4
法律培训	flpx	1	4
费力气	flq	1	3
发令枪	flq	2	3
分离器	flq	3	3
风流千古	flqg	1	4
奋力抢救	flqj	1	4
法律权威	flqw	1	4
法兰绒	flr	1	3
峰峦如聚	flrj	1	4
风流儒雅	flry	1	4
发牢骚	fls	1	3
法律诉讼	flss	1	4
翻了天	flt	1	3
非流通	flt	2	3
分类讨论	fltl	1	4
法律条例	fltl	2	4
犯了天条	fltt	2	4
法律条文	fltw	1	4
法律上	flu	1	3
翻了身	flu	2	3
法律手段	flud	2	4
福禄双全	fluq	1	4
放量上涨	fluv	1	4
风流水转	fluv	2	4
福禄寿喜	flux	1	4
福禄寿禧	flux	2	4
福利事业	fluy	1	4
分裂症	flv	1	3
翻老账	flv	2	3
涪陵榨菜	flvc	2	4
法律制度	flvd	1	4
奋力追赶	flvg	1	4
飞流直下三千尺	flvi	1	4
分离重码	flvm	1	4
犯了众怒	flvn	1	4
法令纹	flw	1	3
发论文	flw	2	3
法律委员会	flwh	1	4
法律文件	flwj	1	4
翻脸无情	flwq	1	4
法律文书	flwu	2	4
分类网站	flwv	1	4
法兰西	flx	1	3
非理性	flx	2	3
法律系	flx	3	3
反理性	flx	4	3
放量下跌	flxd	2	4
法兰西玫瑰	flxg	1	4
奋力向前	flxq	2	4
福利院	fly	1	3
奋力一搏	flyb	1	4
翻了一倍	flyb	2	4
发了一个	flyg	1	4
风浪越大鱼越贵	flyg	2	4
傅里叶变换	flyh	1	4
法律依据	flyj	1	4
傅立叶展开	flyk	1	4
法律援助	flyv	1	4
风灵月影	flyy	1	4
犯了罪	flz	1	3
负离子	flz	2	3
父母	fm	1	2
方面	fm	2	2
抚摸	fm	3	2
犯毛病	fmb	1	3
负面报道	fmbd	1	4
放明白点	fmbd	2	4
锋芒逼人	fmbr	1	4
放慢点	fmd	1	3
佛门弟子	fmdz	1	4
粉木耳	fme	1	3
父母官	fmg	1	3
放马过来	fmgl	1	4
飞沫传播	fmib	1	4
发明家	fmj	1	3
发明奖	fmj	2	3
放慢脚步	fmjb	1	4
佛门净地	fmjd	1	4
放慢进度	fmjd	2	4
封茗囧菌	fmjj	1	4
佛门戒律	fmjl	1	4
佛门净土	fmjt	1	4
发明了	fml	1	3
饭米粒	fml	2	3
敷面膜	fmm	1	3
风马牛不相及	fmnj	1	4
非卖品	fmp	1	3
负面评价	fmpj	1	4
负面评论	fmpl	1	4
父母亲	fmq	1	3
蜂鸣器	fmq	2	3
发明权	fmq	3	3
夫目前犯	fmqf	1	4
风靡全国	fmqg	1	4
风貌全国	fmqg	2	4
风靡全球	fmqq	1	4
肥马轻裘	fmqq	2	4
负面情绪	fmqx	1	4
发明人	fmr	1	3
飞毛腿	fmt	1	3
封面图	fmt	2	3
分明是	fmu	1	3
父母双亡	fmuw	1	4
发明者	fmv	1	3
粉末状	fmv	2	3
反民主	fmv	3	3
父母之恩	fmve	1	4
父母之命	fmvm	1	4
分泌物	fmw	1	3
反面无情	fmwq	1	4
父母心	fmx	1	3
父母兄弟	fmxd	1	4
伐毛洗髓	fmxs	1	4
奉命行事	fmxu	1	4
负面新闻	fmxw	1	4
驸马爷	fmy	1	3
腹膜炎	fmy	2	3
非贸易	fmy	3	3
负面因素	fmys	1	4
负面影响	fmyx	1	4
蜂蜜柚子	fmyz	1	4
飞马座	fmz	1	3
负面作用	fmzy	1	4
愤怒	fn	1	2
烦恼	fn	2	2
妇女	fn	3	2
疯牛病	fnb	1	3
非你不可	fnbk	1	4
妇女代表	fndb	1	4
妇女大会	fndh	1	4
愤怒的小鸟	fndn	1	4
非牛顿流体	fndt	1	4
妇女地位	fndw	1	4
份内份外	fnfw	1	4
肥醲甘脆	fngc	1	4
父女关系	fngx	1	4
飞鸟和蝉	fnhi	1	4
佛怒火莲	fnhl	1	4
费脑筋	fnj	1	3
妇女节	fnj	2	3
飞鸟尽良弓藏	fnjc	1	4
飞鸟尽，良弓藏	fnjc	2	4
妇女健康	fnjk	1	4
烦恼皆因强出头	fnjt	1	4
负能量	fnl	1	3
父女俩	fnl	2	3
妇女联合会	fnlh	1	4
父女两人	fnlr	1	4
放你妈狗屁	fnmp	1	4
非你莫属	fnmu	1	4
粉嫩嫩	fnn	1	3
分男女	fnn	2	3
放你娘的屁	fnnp	1	4
妇女权利	fnql	1	4
父女情深	fnqu	1	4
妇女权益	fnqy	1	4
佛怒唐莲	fntl	1	4
妇女团体	fntt	1	4
肺脓肿	fnv	1	3
份内之事	fnvu	2	4
妇女之友	fnvy	1	4
放牛娃	fnw	1	3
妇女卫生	fnwu	1	4
非农业	fny	1	3
放你一马	fnym	2	4
发疟子	fnz	1	3
妇女组织	fnzv	1	4
非欧几何	fojh	1	4
分配	fp	1	2
风评被害	fpbh	1	4
分批次	fpc	1	3
分配方案	fpfa	1	4
分配方式	fpfu	1	4
风评反转	fpfv	1	4
分配给	fpg	1	3
分配公平	fpgp	1	4
发泡剂	fpj	1	3
扶贫开发	fpkf	1	4
放跑了	fpl	1	3
废品率	fpl	2	3
翻篇了	fpl	3	3
分配律	fpl	4	3
分配利润	fplr	1	4
法平面	fpm	1	3
疯批美人	fpmr	1	4
发脾气	fpq	1	3
分配权	fpq	2	3
分配器	fpq	3	3
分配情况	fpqk	1	4
分配任务	fprw	1	4
反派人物	fprw	2	4
氟哌酸	fps	1	3
反派死于话多	fpsd	1	4
分配土地	fptd	1	4
分配体制	fptv	1	4
幅频特性	fptx	1	4
抚平伤口	fpuk	1	4
反叛者	fpv	1	3
废品站	fpv	2	3
肥胖症	fpv	3	3
分配政策	fpvc	1	4
分配完毕	fpwb	1	4
幅频响应	fpxy	1	4
分配原则	fpyz	1	4
疯婆子	fpz	1	3
翻牌子	fpz	2	3
覆盆子	fpz	3	3
父亲	fq	1	2
放弃	fq	2	2
夫妻	fq	3	2
分歧不大	fqbd	1	4
饭前便后	fqbh	1	4
非去不可	fqbk	1	4
肺气不宣	fqbx	1	4
风前残烛	fqcv	1	4
夫妻店	fqd	1	3
放弃抵抗	fqdk	1	4
反其道而行之	fqdv	1	4
反其道而行	fqdx	1	4
分清敌友	fqdy	1	4
夫妻恩爱	fqea	1	4
分期付	fqf	1	3
富强发达	fqfd	1	4
奋起反抗	fqfk	2	4
夫妻肺片	fqfp	2	4
番茄工作法	fqgf	1	4
夫妻感情	fqgq	1	4
夫妻关系	fqgx	1	4
凤求凰	fqh	1	3
发起话题	fqht	1	4
分清楚	fqi	1	3
番茄炒蛋	fqid	1	4
风起潮涌	fqiy	1	4
负气出走	fqiz	1	4
番茄酱	fqj	1	3
父亲节	fqj	2	3
夫妻间	fqj	3	3
发起进攻	fqjg	1	4
分情况	fqk	1	3
分期开发	fqkf	1	4
分情况讨论	fqkl	1	4
放弃了	fql	1	3
夫妻俩	fql	2	3
飞起来	fql	3	3
浮起来	fql	4	3
飞起来了	fqll	1	4
番茄连招	fqlv	1	4
父亲母亲	fqmq	1	4
富强民主	fqmv	1	4
分期免息	fqmx	1	4
富强民主文明和谐	fqmx	2	4
扶清灭洋	fqmy	1	4
反犬旁	fqp	1	3
发情期	fqq	1	3
发起人	fqr	1	3
放轻松	fqs	1	3
放轻松点	fqsd	1	4
反窃听	fqt	1	3
番茄土豆	fqtd	1	4
非全贴合	fqth	1	4
非全贴合屏幕	fqtm	1	4
发起投票	fqtp	1	4
发起偷袭	fqtx	1	4
风琴手	fqu	1	3
福清市	fqu	2	3
夫妻双方	fquf	2	4
风情少妇	fquf	3	4
夫妻生活	fquh	1	4
夫妻双双把家还	fquh	2	4
肺气上逆	fqun	1	4
夫妻双双	fquu	1	4
番茄汁	fqv	1	3
副区长	fqv	2	3
肺气肿	fqv	3	3
番茄钟	fqv	4	3
夫妻之间	fqvj	2	4
放弃治疗	fqvl	1	4
废弃物	fqw	1	3
房前屋后	fqwh	1	4
饭圈文化	fqwh	2	4
非请勿进	fqwj	1	4
非请勿入	fqwr	1	4
发起位置共享	fqwx	1	4
夫妻相	fqx	1	3
反倾销	fqx	2	3
肺气虚	fqx	3	3
番茄小说	fqxu	1	4
饭前洗手	fqxu	2	4
发群消息	fqxx	1	4
枫桥夜泊	fqyb	1	4
风清云淡	fqyd	2	4
夫妻一场	fqyi	1	4
飞起一脚	fqyj	1	4
分区压力	fqyl	2	4
风趣幽默	fqym	1	4
放弃一切	fqyq	1	4
飞墙走壁	fqzb	1	4
负起责任	fqzr	1	4
夫人	fr	1	2
妇人	fr	2	2
否认	fr	3	2
法人变更	frbg	2	4
逢人便说	frbu	1	4
凡人不可貌相	frbx	1	4
服软不服硬	frby	2	4
非人道	frd	1	3
肥肉大酒	frdj	1	4
法人地位	frdw	1	4
繁荣发展	frfv	1	4
附儒风雅	frfy	1	4
凡人歌	frg	1	3
法人股	frg	2	3
肥肉厚酒	frhj	1	4
缝纫机	frj	1	3
妇人家	frj	2	3
福人居福地	frjd	1	4
繁荣经济	frjj	1	4
富人家庭	frjt	1	4
逢人就说	frju	1	4
放入口中	frkv	1	4
非人类	frl	1	3
反人类	frl	2	3
发热量	frl	3	3
反人类罪	frlz	1	4
芙蓉女儿诔	frnl	1	4
逢人且说三分话	frqh	1	4
发人所未发	frsf	1	4
否认三连	frsl	1	4
法人身份	fruf	1	4
疯人说疯话	fruh	1	4
否认事实	fruu	2	4
发人深省	frux	1	4
逢人只说三分话	frvh	1	4
凡人之躯，比肩神明	frvm	1	4
凡人之躯	frvq	1	4
防人之心不可无	frvw	1	4
芙蓉王	frw	1	3
繁荣文化	frwh	1	4
芙蓉王源	frwy	1	4
妇人心肠	frxi	1	4
飞入寻常百姓家	frxj	1	4
凡人修仙传	frxv	1	4
凡人修真	frxv	2	4
凡人修仙	frxx	1	4
疯人院	fry	1	3
否认一切	fryq	2	4
弗如远甚	fryu	1	4
富人游戏	fryx	1	4
方枘圆凿	fryz	1	4
非人哉	frz	1	3
放任自由	frzy	1	4
凡人遭殃	frzy	2	4
放松	fs	1	2
发送	fs	2	2
发送到	fsd	1	3
放松点	fsd	2	3
富三代	fsd	3	3
奋死抵抗	fsdk	1	4
分散对齐	fsdq	1	4
发送短信	fsdx	1	4
发送方	fsf	1	3
放松放松	fsfs	1	4
飞速发展	fsfv	1	4
分散风险	fsfx	1	4
复色光	fsg	1	3
发思古之幽情	fsgq	1	4
发送给朋友	fsgy	1	4
风俗画	fsh	1	3
粉丝互动	fshd	1	4
粉丝画像	fshx	1	4
粉碎机	fsj	1	3
夫斯基	fsj	2	3
分色镜	fsj	3	3
粉丝见面会	fsjh	1	4
非死即伤	fsju	1	4
烦死了	fsl	1	3
副司令	fsl	2	3
粉丝列表	fslb	1	4
粉丝滤镜	fslj	1	4
粉丝粘度	fsnd	1	4
粉丝黏性	fsnx	1	4
烦死人	fsr	1	3
烦死人了	fsrl	1	4
发散思维	fssw	1	4
粉丝团	fst	1	3
福斯特	fst	2	3
仿宋体	fst	3	3
付丧神	fsu	1	3
发送失败	fsub	1	4
放松身心	fsux	1	4
副所长	fsv	1	3
范思哲	fsv	2	3
肤色正确	fsvq	1	4
烦死我了	fswl	1	4
方遂吾愿	fswy	1	4
封锁线	fsx	1	3
粉碎性	fsx	2	3
发散性	fsx	3	3
飞速行驶	fsxu	1	4
粉碎性骨折	fsxv	1	4
封锁消息	fsxx	1	4
父死子继	fszj	1	4
沸腾	ft	1	2
繁体版	ftb	1	3
伏特表	ftb	2	3
坟头蹦迪	ftbd	1	4
非他不嫁	ftbj	1	4
非他不可	ftbk	1	4
非她不娶	ftbq	1	4
粪土不如	ftbr	1	4
坟头草	ftc	1	3
分田地	ftd	1	3
反台独	ftd	2	3
飞天大草	ftdc	1	4
飞天遁地	ftdd	1	4
分田到户	ftdh	2	4
非同等闲	ftdx	1	4
腹痛腹胀	ftfv	1	4
非通归字	ftgz	1	4
法塔赫	fth	1	3
伏特加	ftj	1	3
副厅级	ftj	2	3
反贪局	ftj	3	3
反突击	ftj	4	3
分体键盘	ftjp	1	4
非条件反射	ftju	1	4
反坦克	ftk	1	3
发帖量	ftl	1	3
访谈录	ftl	2	3
飞天茅台	ftmt	1	4
非他莫属	ftmu	1	4
非她莫属	ftmu	2	4
芬太尼	ftn	1	3
扶她奶茶	ftni	1	4
反突破	ftp	1	3
附图片	ftp	2	3
佛跳墙	ftq	1	3
沸腾期待	ftqd	1	4
粪土墙壁不可刷	ftqu	1	4
法庭认定	ftrd	1	4
飞天入地	ftrd	2	4
凡胎肉眼	ftry	1	4
法庭调查	ftti	1	4
法庭调解	fttj	1	4
风头上	ftu	1	3
法庭上见	ftuj	1	4
发帖时间	ftuj	2	4
副团长	ftv	1	3
焚天煮海	ftvh	1	4
风头正盛	ftvu	1	4
繁体中文	ftvw	1	4
反贪污	ftw	1	3
肥田沃地	ftwd	1	4
范特西	ftx	1	3
分头行动	ftxd	1	4
法天象地	ftxd	2	4
犯天下之大不韪	ftxw	1	4
非同于	fty	1	3
非特异	fty	2	3
放他一马	ftym	1	4
非同以往	ftyw	1	4
繁体字	ftz	1	3
发帖子	ftz	2	3
发生	fu	2	2
方式	fu	3	2
封神榜	fub	2	3
风湿病	fub	3	3
风沙暴	fub	4	3
防水表	fub	5	3
肥水不外流	fubl	1	4
肥水不流外人田	fubt	1	4
伏尸遍野	fuby	1	4
防水材料	fucl	1	4
发生错误	fucw	1	4
防守端	fud	2	3
副食店	fud	3	3
放声大喊	fudh	2	4
放声大哭	fudk	2	4
反射定律	fudl	1	4
发生的一切	fudq	1	4
放声大笑	fudx	1	4
负手而立	fuel	1	4
飞逝而去	fueq	3	4
分手费	fuf	2	3
冯绍峰	fuf	3	3
发顺丰	fuf	4	3
缚手缚脚	fufj	3	4
费时费力	fufl	1	4
风水泛滥	fufl	2	4
发生过	fug	2	3
附属国	fug	3	3
发生改变	fugb	1	4
放声高歌	fugg	2	4
放声歌唱	fugi	1	4
发烧感冒	fugm	1	4
俯首甘为孺子牛	fugn	3	4
法属圭亚那	fugn	4	4
发生关系	fugx	1	4
发生后	fuh	2	3
反射弧	fuh	3	3
反社会	fuh	4	3
浮世绘	fuh	5	3
腹式呼吸	fuhx	4	4
反射出	fui	2	3
发生冲突	fuit	1	4
法术穿透	fuit	2	4
副书记	fuj	2	3
费时间	fuj	3	3
发神经	fuj	4	3
放暑假	fuj	5	3
风声紧	fuj	6	3
发射机	fuj	7	3
腐蚀剂	fuj	8	3
防水卷材	fujc	1	4
焚烧秸秆	fujg	1	4
复式结构	fujg	2	4
逢十进一	fujy	3	4
放射科	fuk	2	3
富士康	fuk	3	3
风湿科	fuk	4	3
反手可得	fukd	1	4
发生口角	fukj	4	4
分手快乐	fukl	3	4
逢山开路遇水搭桥	fukq	1	4
逢山开路，遇水搭桥	fukq	2	4
发生了	ful	2	3
分水岭	ful	3	3
凡士林	ful	4	3
番石榴	ful	5	3
防沙林	ful	6	3
福寿螺	ful	7	3
泛神论	ful	8	3
丰水梨	ful	9	3
风水轮流转	fulv	1	4
凡事留一线	fulx	1	4
樊胜美	fum	2	3
法式面包	fumb	2	4
发生矛盾	fumd	1	4
复试名单	fumd	2	4
废什么话	fumh	1	4
放射免疫	fumy	1	4
丰收年	fun	2	3
辐射能	fun	3	3
凡是那些	funx	1	4
附属品	fup	2	3
副食品	fup	3	3
发射器	fuq	2	3
发生器	fuq	3	3
风声起	fuq	4	3
房山区	fuq	5	3
福寿齐天	fuqt	1	4
风湿热	fur	2	3
丰神如玉	fury	1	4
肺栓塞	fus	2	3
附属三院	fusy	1	4
发射塔	fut	2	3
俯视图	fut	3	3
富士通	fut	4	3
佛山市	fuu	2	3
分身术	fuu	3	3
富士山	fuu	4	3
防晒霜	fuu	5	3
防身术	fuu	6	3
发生什么事了	fuul	1	4
浮上水面	fuum	1	4
飞身上马	fuum	2	4
风声水起	fuuq	2	4
发生着	fuv	2	3
副市长	fuv	3	3
翻身仗	fuv	4	3
副省长	fuv	5	3
肺水肿	fuv	6	3
飞上枝头	fuvt	1	4
淝水之战	fuvv	1	4
封神之战	fuvv	2	4
附属中学	fuvx	1	4
凡是这些	fuvx	2	4
附属物	fuw	2	3
佛山无影脚	fuwj	2	4
防身武器	fuwq	3	4
发生问题	fuwt	1	4
发射卫星	fuwx	1	4
发生危险	fuwx	2	4
翻手为云，覆手为雨	fuwy	3	4
福生无量天尊	fuwz	1	4
腐蚀性	fux	2	3
放射性	fux	3	3
分数线	fux	4	3
翻身下马	fuxm	5	4
放射性元素	fuxs	2	4
浮上心头	fuxt	3	4
风湿性关节炎	fuxy	1	4
发生于	fuy	2	3
发烧友	fuy	3	3
辐射源	fuy	4	3
放射源	fuy	5	3
方世玉	fuy	6	3
浮水印	fuy	7	3
凡事预则立不预则废	fuyf	1	4
凡事预则立	fuyl	2	4
俯拾仰取	fuyq	1	4
发生意外	fuyw	1	4
肺肾阴虚	fuyx	2	4
发生在	fuz	2	3
分数最高	fuzg	4	4
翻身做主人	fuzr	1	4
翻身做主	fuzv	3	4
发生作用	fuzy	2	4
发展	fv	1	2
反正	fv	2	2
分钟	fv	3	2
副主编	fvb	1	3
分之八	fvb	2	3
腹中兵甲	fvbj	1	4
肺朝百脉	fvbm	1	4
反正不是	fvbu	1	4
繁征博引	fvby	1	4
发展才是硬道理	fvcl	1	4
防治措施	fvcu	1	4
发展到	fvd	1	3
服装店	fvd	2	3
仿真度	fvd	3	3
发展党员	fvdy	1	4
反正都一样	fvdy	2	4
分之二	fve	1	3
发展而来	fvel	1	4
反政府	fvf	1	3
反证法	fvf	2	3
发之肺腑	fvff	1	4
方正飞腾	fvft	1	4
发展方式	fvfu	1	4
非政府组织	fvfv	1	4
反政府武装	fvfv	2	4
方正飞翔	fvfx	2	4
非正规	fvg	1	3
纺织工	fvg	2	3
发展观	fvg	3	3
纺织工业部	fvgb	1	4
法制轨道	fvgd	1	4
纺织工程	fvgi	2	4
非洲国家	fvgj	2	4
法治观念	fvgn	2	4
防止感染	fvgr	1	4
服装公司	fvgs	1	4
发展过程中	fvgv	1	4
发展规划纲要	fvgy	2	4
粉转黑	fvh	1	3
发展缓慢	fvhm	1	4
服装厂	fvi	1	3
纺织厂	fvi	2	3
反侦察	fvi	3	3
非正常	fvi	4	3
非正常拍摄	fviu	1	4
纺织机	fvj	1	3
粉针剂	fvj	2	3
分之九	fvj	3	3
防治疾病	fvjb	1	4
发展进步	fvjb	2	4
风中劲草	fvjc	1	4
辅助解封	fvjf	1	4
分支机构	fvjg	1	4
发展计划	fvjh	1	4
发展机会	fvjh	2	4
辅助检查	fvji	1	4
发展较快	fvjk	1	4
非洲进口	fvjk	2	4
发展机遇期	fvjq	1	4
仿真技术	fvju	2	4
发展空间	fvkj	1	4
肥宅快乐水	fvku	1	4
非主流	fvl	1	3
废纸篓	fvl	2	3
附着力	fvl	3	3
粉转路	fvl	4	3
分之六	fvl	5	3
防止浪费	fvlf	1	4
泛着泪光	fvlg	1	4
发展历程	fvli	1	4
复制链接	fvlj	1	4
风中凌乱	fvll	2	4
发展理念	fvln	1	4
饭桌礼仪	fvly	1	4
辅助码	fvm	1	3
发展模式	fvmu	1	4
分钟内	fvn	1	3
非智能	fvn	2	3
非转农	fvn	3	3
非智能手机	fvnj	2	4
仿制品	fvp	1	3
复制品	fvp	2	3
纺织品	fvp	3	3
反转片	fvp	4	3
法制频道	fvpd	1	4
服装批发	fvpf	1	4
防止破坏	fvph	1	4
肺主皮毛	fvpm	1	4
服装品牌	fvpp	1	4
分钟前	fvq	1	3
分之七	fvq	2	3
发展潜力	fvql	1	4
发展起来	fvql	2	4
反治其身	fvqu	2	4
负重前行	fvqx	2	4
扶正祛邪	fvqy	1	4
副主任	fvr	1	3
非洲人	fvr	2	3
粉蒸肉	fvr	3	3
副主任医师	fvru	1	4
分之三	fvs	1	3
分之四	fvs	2	3
放之四海而皆准	fvsv	1	4
放诸四海而皆准	fvsv	2	4
法治思维	fvsw	1	4
发展思想	fvsx	1	4
非正统	fvt	1	3
防撞桶	fvt	2	3
仿真图	fvt	3	3
发展体育运动	fvtd	1	4
仿制图章工具	fvtj	1	4
仿制图章	fvtv	1	4
发展史	fvu	1	3
福州市	fvu	2	3
非正式	fvu	3	3
房中术	fvu	4	3
服装商	fvu	5	3
辅助设备	fvub	1	4
方正书版	fvub	2	4
辅助手段	fvud	1	4
法治社会	fvuh	1	4
辅助设计	fvuj	2	4
发展生产力	fvul	1	4
发展是硬道理	fvul	2	4
发展水平	fvup	1	4
发展时期	fvuq	1	4
发展势头	fvut	1	4
发展中	fvv	1	3
副镇长	fvv	2	3
发展壮大	fvvd	1	4
发展中国家	fvvj	1	4
复制这段内容后打开	fvvk	1	4
复制这条信息后打开	fvvk	2	4
风烛之年	fvvn	1	4
复制这段内容	fvvr	1	4
复制粘贴	fvvt	1	4
副主治医师	fvvu	2	4
复制这条消息	fvvx	1	4
发展中国特色社会主义	fvvy	2	4
附着物	fvw	1	3
副政委	fvw	2	3
粉状物	fvw	3	3
分之五	fvw	4	3
复制为纯文本	fvwb	1	4
法制委员会	fvwh	1	4
反正我不信	fvwx	1	4
副主席	fvx	1	3
付诸行动	fvxd	1	4
繁枝细节	fvxj	1	4
负重训练	fvxl	2	4
发展迅猛	fvxm	1	4
服装鞋帽	fvxm	2	4
发展下去	fvxq	1	4
发展下线	fvxx	1	4
附赘悬疣	fvxy	1	4
附赘悬肬	fvxy	2	4
付诸于	fvy	1	3
非专业	fvy	2	3
分之一	fvy	3	3
纺织业	fvy	4	3
范仲淹	fvy	5	3
方仲永	fvy	6	3
非正义	fvy	7	3
付诸于行动	fvyd	1	4
疯痔瘀瘩痨	fvyl	1	4
发展要求	fvyq	2	4
纺织印染	fvyr	2	4
反正也是	fvyu	1	4
辅助验证	fvyv	2	4
反之也行	fvyx	3	4
佛争一炷香	fvyx	4	4
釜中游鱼	fvyy	1	4
方舟子	fvz	1	3
服务	fw	2	2
范围	fw	3	2
发微博	fwb	2	3
服务部	fwb	3	3
富文本	fwb	4	3
防伪标识	fwbu	2	4
分文不收	fwbu	3	4
防伪标志	fwbv	3	4
方位词	fwc	2	3
服务端	fwd	2	3
服务队	fwd	3	3
服务电话	fwdh	1	4
服务到位	fwdw	1	4
服务对象	fwdx	1	4
废物点心	fwdx	2	4
房屋抵押	fwdy	1	4
服务费	fwf	1	3
服务方案	fwfa	2	4
符文法师	fwfu	3	4
服务费用	fwfy	1	4
氛围感	fwg	1	3
凤尾菇	fwg	2	3
防卫过当	fwgd	1	4
房屋公摊	fwgt	1	4
服务好	fwh	2	3
服务号	fwh	3	3
房屋合同	fwht	1	4
俯卧撑	fwi	2	3
服务处	fwi	3	3
服务窗口	fwik	1	4
服务承诺	fwin	2	4
服务产品	fwip	1	4
放我出去	fwiq	1	4
服务产业	fwiy	1	4
蜂王浆	fwj	2	3
反围剿	fwj	3	3
反问句	fwj	4	3
抚慰金	fwj	5	3
访问记录	fwjl	2	4
服务经理	fwjl	3	4
凤舞九天	fwjt	1	4
房屋建筑	fwjv	1	4
范围扩大	fwkd	1	4
法外狂徒	fwkt	1	4
访问量	fwl	1	3
服务铃	fwl	2	3
服务列表	fwlb	3	4
分为两派	fwlp	1	4
分为两种	fwlv	2	4
服务类型	fwlx	1	4
废物利用	fwly	3	4
蜂窝煤	fwm	1	3
非我莫属	fwmu	1	4
服务贸易	fwmy	1	4
范围内	fwn	2	3
范围内的	fwnd	1	4
服务能力	fwnl	1	4
服务内容	fwnr	1	4
绯闻女友	fwny	1	4
绯闻男友	fwny	2	4
番外篇	fwp	1	3
反文旁	fwp	2	3
服务器	fwq	1	3
服务区	fwq	2	3
访问期间	fwqj	1	4
扶我起来	fwql	1	4
服务区内	fwqn	1	4
访问人次	fwrc	1	4
方为人上人	fwrr	1	4
访问人数	fwru	2	4
防伪认证	fwrv	1	4
服务人员	fwry	1	4
服务台	fwt	2	3
访问团	fwt	3	3
方位图	fwt	4	3
防卫厅	fwt	5	3
访问调查	fwti	1	4
服务投诉	fwts	1	4
服务体系	fwtx	1	4
服务生	fwu	1	3
服务社	fwu	2	3
服务商	fwu	3	3
方文山	fwu	4	3
奉为上宾	fwub	1	4
访问深度	fwud	1	4
服务时间	fwuj	1	4
房屋设计	fwuj	2	4
蜂窝数据	fwuj	3	4
奉为神明	fwum	1	4
服务上门	fwum	2	4
服务水平	fwup	1	4
反物质	fwv	2	3
服务站	fwv	3	3
副外长	fwv	4	3
服务者	fwv	5	3
非物质	fwv	6	3
访问者	fwv	7	3
凤尾竹	fwv	8	3
房屋证	fwv	9	3
服务周到	fwvd	3	4
范围之广	fwvg	1	4
非物质文化	fwvh	2	4
非物质文化遗产	fwvi	3	4
房屋中介	fwvj	1	4
服务状况	fwvk	1	4
范围之内	fwvn	2	4
符文战士	fwvu	3	4
犯我中华者	fwvv	2	4
犯我中华者虽远必诛	fwvv	3	4
俯卧位	fww	2	3
服务网	fww	3	3
发微信	fwx	2	3
放卫星	fwx	3	3
服务性	fwx	4	3
反卫星	fwx	5	3
服务需求	fwxq	1	4
服务系统	fwxt	2	4
服务员	fwy	2	3
服务于	fwy	3	3
服务业	fwy	4	3
凤尾鱼	fwy	5	3
服务一流	fwyl	1	4
放我嘴里	fwzl	3	4
防卫姿态	fwzt	1	4
风闻奏事	fwzu	1	4
非我族类，其心必异	fwzy	2	4
分享	fx	1	2
发现	fx	2	2
放心	fx	3	2
芳心暗许	fxax	1	4
奉献爱心	fxax	2	4
放心吧	fxb	1	3
发行版	fxb	2	3
风向标	fxb	3	3
肺心病	fxb	4	3
分析报告	fxbg	1	4
分析比较	fxbj	1	4
放心不了	fxbl	1	4
方向不明	fxbm	1	4
放学别跑	fxbp	1	4
负心薄幸	fxbx	2	4
放学别走	fxbz	1	4
发现不足	fxbz	2	4
发小财	fxc	1	3
发现错误	fxcw	1	4
反向操作	fxcz	1	4
风险大	fxd	1	3
分享到	fxd	2	3
方向舵	fxd	3	3
发祥地	fxd	4	3
犯下大错	fxdc	1	4
放心大胆	fxdd	2	4
放下电话	fxdh	1	4
发现端倪	fxdn	1	4
分享到朋友圈	fxdq	2	4
分享到微信朋友圈	fxdq	3	4
负心多是读书人	fxdr	1	4
夫西地酸	fxds	1	4
分享动态	fxdt	1	4
反向大招	fxdv	1	4
分享到微信	fxdx	1	4
风险抵押	fxdy	1	4
放下担子	fxdz	1	4
发小儿	fxe	1	3
风险防范	fxff	1	4
费心费力	fxfl	1	4
分享发文	fxfw	1	4
复习复习	fxfx	1	4
方向感	fxg	1	3
反斜杠	fxg	2	3
分析过	fxg	3	3
风险高	fxg	4	3
冯小刚	fxg	5	3
复习功课	fxgk	1	4
风险管理	fxgl	1	4
负心汉	fxh	1	3
发信号	fxh	2	3
凤仙花	fxh	3	3
风险很大	fxhd	1	4
福兮祸所伏	fxhf	1	4
福兮祸之所伏	fxhf	2	4
芳香化湿	fxhu	1	4
芳香化浊	fxhv	1	4
福兮祸所致	fxhv	2	4
分析化学	fxhx	1	4
福兮祸所依	fxhy	1	4
浮现出	fxi	1	3
罚下场	fxi	2	3
抚恤金	fxj	1	3
方向键	fxj	2	3
付现金	fxj	3	3
发行价	fxj	4	3
费心机	fxj	5	3
分享经验	fxjy	1	4
复选框	fxk	1	3
防汛抗旱	fxkh	1	4
复习考试	fxku	1	4
风险控制	fxkv	1	4
发现了	fxl	1	3
放心了	fxl	2	3
分析了	fxl	3	3
犯下了	fxl	4	3
发行量	fxl	5	3
负心郎	fxl	6	3
焚香礼拜	fxlb	1	4
分享链接	fxlj	1	4
反向链接	fxlj	2	4
发现了新大陆	fxll	1	4
飞雪连天射白鹿	fxll	2	4
浮小麦	fxm	1	3
呒虾米	fxm	2	3
反响抹零	fxml	1	4
繁星满天	fxmt	1	4
焚香沐浴	fxmy	1	4
发现没有	fxmy	2	4
分析能力	fxnl	1	4
芳香浓郁	fxny	1	4
方向盘	fxp	1	3
芳香扑鼻	fxpb	1	4
分析判断	fxpd	1	4
风险评估	fxpg	1	4
飞行器	fxq	1	3
分析器	fxq	2	3
防锈漆	fxq	3	3
分线器	fxq	4	3
飞行棋	fxq	5	3
发现情况	fxqk	1	4
反响强烈	fxql	1	4
复习全书	fxqu	1	4
防汛抢险	fxqx	1	4
负心人	fxr	1	3
发信人	fxr	2	3
发行人	fxr	3	3
分析软件	fxrj	1	4
发行日期	fxrq	1	4
飞行任务	fxrw	1	4
赴险如夷	fxry	1	4
分析人员	fxry	2	4
费心思	fxs	1	3
法西斯	fxs	2	3
飞行速度	fxsd	1	4
法修散打	fxsd	2	4
繁星似锦	fxsj	1	4
反向搜图	fxst	1	4
法西斯主义	fxsy	1	4
复习题	fxt	1	3
方向图	fxt	2	3
风险太大	fxtd	2	4
法相天地	fxtd	3	4
放下屠刀，立地成佛	fxtf	1	4
反向套路	fxtl	1	4
分析天平	fxtp	1	4
风行天下	fxtx	1	4
犯下滔天罪行	fxtx	2	4
烦心事	fxu	1	3
俯下身	fxu	2	3
分析师	fxu	3	3
分销商	fxu	4	3
发行商	fxu	5	3
发薪水	fxu	6	3
法新社	fxu	7	3
俯下身去	fxuq	1	4
繁星闪烁	fxuu	2	4
放心使用	fxuy	1	4
放心食用	fxuy	2	4
俯下身子	fxuz	1	4
伏下身子	fxuz	2	4
副校长	fxv	1	3
副县长	fxv	2	3
发现者	fxv	3	3
复写纸	fxv	4	3
副乡长	fxv	5	3
放下助人情结	fxvj	2	4
分享知识	fxvu	1	4
放下助人情结，尊重他人命运	fxvy	1	4
飞行物	fxw	1	3
放下碗骂娘	fxwn	1	4
发现问题	fxwt	1	4
分析问题	fxwt	2	4
负心违愿	fxwy	1	4
发消息	fxx	1	3
放下心	fxx	2	3
风险性	fxx	3	3
非线性	fxx	4	3
方向性	fxx	5	3
风险小	fxx	6	3
方向相反	fxxf	1	4
风萧萧兮易水寒	fxxh	1	4
反向宣传	fxxi	1	4
放下心来	fxxl	1	4
发现新大陆	fxxl	2	4
飞行性能	fxxn	1	4
分析系统	fxxt	1	4
风险系数	fxxu	1	4
发现行踪	fxxz	1	4
飞行员	fxy	1	3
法学院	fxy	2	3
分析员	fxy	3	3
分析仪	fxy	4	3
佛学院	fxy	5	3
飞向远方	fxyf	1	4
反向优化	fxyh	1	4
放学以后	fxyh	2	4
分析研究	fxyj	1	4
发现一个问题	fxyt	1	4
风险意识	fxyu	2	4
分析原因	fxyy	1	4
风信子	fxz	1	3
芳香族	fxz	2	3
放心早餐	fxzc	1	4
风险自担	fxzd	1	4
赋闲在家	fxzj	1	4
复习资料	fxzl	1	4
分形杂色	fxzs	1	4
抚心自问	fxzw	1	4
反应	fy	1	2
反映	fy	2	2
费用	fy	3	2
福原爱	fya	1	3
富有爱心	fyax	1	4
风云榜	fyb	1	3
非一般	fyb	2	3
分一杯羹	fybg	2	4
非要不可	fybk	1	4
发育不良	fybl	1	4
反应不过来	fybl	2	4
风雨变迁	fybq	1	4
服硬不服软	fybr	2	4
放一百个心	fybx	1	4
妇幼保健院	fyby	1	4
反义词	fyc	1	3
发洋财	fyc	2	3
飞燕草	fyc	3	3
法院裁定	fycd	1	4
风雨沧桑	fycs	1	4
风言醋语	fycy	1	4
反应堆	fyd	1	3
发源地	fyd	2	3
斧钺刀叉	fydi	1	4
发扬蹈厉	fydl	1	4
风雨大作	fydz	1	4
放一放	fyf	1	3
翻一番	fyf	2	3
抚养费	fyf	3	3
分页符	fyf	4	3
分音符	fyf	5	3
服药方法	fyff	1	4
费一番脑筋	fyfj	1	4
费一番周折	fyfv	1	4
发言稿	fyg	1	3
附庸国	fyg	2	3
幅员广大	fygd	2	4
斧钺钩叉	fygi	1	4
反应过来	fygl	1	4
放言高论	fygl	2	4
反应过敏	fygm	1	4
防御功能	fygn	1	4
富有感情	fygq	1	4
鲱鱼罐头	fygt	1	4
负优化	fyh	1	3
反引号	fyh	2	3
反应很大	fyhd	1	4
反引号键	fyhj	1	4
蜉蝣撼大树	fyhu	1	4
富于幻想	fyhx	1	4
翻译成	fyi	1	3
反映出	fyi	2	3
反应迟钝	fyid	2	4
富有成果	fyig	1	4
发育迟缓	fyih	1	4
反映出来	fyil	1	4
抚养成人	fyir	1	4
发邮件	fyj	1	3
复印件	fyj	2	3
风油精	fyj	3	3
放映机	fyj	4	3
翻译家	fyj	5	3
复印机	fyj	6	3
妇炎洁	fyj	7	3
翻页键	fyj	8	3
法医鉴定	fyjd	1	4
费用金额	fyje	1	4
封印解除	fyji	2	4
分忧解愁	fyji	3	4
反应激烈	fyjl	1	4
分忧解难	fyjn	1	4
防御机制	fyjv	1	4
封印卷轴	fyjv	2	4
富有经验	fyjy	2	4
反应快	fyk	1	3
费用扣除	fyki	1	4
放眼看去	fykq	1	4
防御力	fyl	1	3
反映了	fyl	2	3
非盈利	fyl	3	3
非营利	fyl	4	3
风雨雷电	fyld	1	4
反应良好	fylh	1	4
反应灵敏	fylm	1	4
奉养老人	fylr	1	4
非营利组织	fylv	1	4
反应慢	fym	1	3
复韵母	fym	2	3
发扬民主	fymv	1	4
费用明细	fymx	1	4
富有内涵	fynh	1	4
反应能力	fynl	2	4
负一屏	fyp	1	3
翻译片	fyp	2	3
奋勇拼搏	fypb	1	4
发言权	fyq	1	3
抚养权	fyq	2	3
服役期	fyq	3	3
反应器	fyq	4	3
费玉清	fyq	5	3
奋勇前进	fyqj	1	4
反映情况	fyqk	1	4
反应强烈	fyql	1	4
反映强烈	fyql	2	4
发言人	fyr	1	3
抚养人	fyr	2	3
反应热	fyr	3	3
非一日之功	fyrg	1	4
非一日之寒	fyrh	2	4
翻译软件	fyrj	1	4
飞也似	fys	1	3
风雅颂	fys	2	3
反应速度	fysd	1	4
飞也似的	fysd	2	4
飞耀速录	fysl	1	4
烽烟四起	fysq	1	4
菲亚特	fyt	1	3
风雨突变	fytb	2	4
法眼通天	fytt	1	4
富于同情心	fytx	1	4
复印室	fyu	1	3
奋勇杀敌	fyud	1	4
腹有诗书气自华	fyuh	1	4
方圆十里	fyul	1	4
繁衍生息	fyux	1	4
俯仰生姿	fyuz	1	4
风雨中	fyv	1	3
副院长	fyv	2	3
复印纸	fyv	3	3
防御战	fyv	4	3
缝衣针	fyv	5	3
防疫站	fyv	6	3
防疫针	fyv	7	3
扶摇直上九万里	fyvl	1	4
非要我	fyw	1	3
敷衍我	fyw	2	3
扶摇万里	fywl	1	4
放眼未来	fywl	2	4
敷衍我们	fywm	1	4
放眼望去	fywq	1	4
反以为荣	fywr	1	4
反映问题	fywt	1	4
妇幼卫生	fywu	1	4
防御性	fyx	1	3
发一下	fyx	2	3
法医学	fyx	3	3
泛用性	fyx	4	3
分以下	fyx	5	3
肺阴虚	fyx	6	3
肺源性心脏病	fyxb	1	4
浮语虚辞	fyxc	1	4
飞扬小鹤	fyxh	1	4
分引选重	fyxi	1	4
富有想象力	fyxl	1	4
富于想象力	fyxl	2	4
奋勇向前	fyxq	1	4
负有刑事责任	fyxr	1	4
防御系统	fyxt	1	4
发源于	fyy	1	3
发语音	fyy	2	3
沸羊羊	fyy	3	3
反咬一口	fyyk	1	4
俯仰由人	fyyr	1	4
富有营养	fyyy	1	4
飞叶子	fyz	1	3
飞鹰走狗	fyzg	1	4
服药自尽	fyzj	1	4
费用自理	fyzl	1	4
翻译作品	fyzp	1	4
纷纭杂沓	fyzt	1	4
服药自杀	fyzu	2	4
负责	fz	2	2
放在	fz	3	2
否则	fz	4	2
犯罪案件	fzaj	1	4
副总编	fzb	1	3
非做不可	fzbk	1	4
负责部门	fzbm	1	4
佛祖保佑	fzby	1	4
烦躁不已	fzby	2	4
分赃不匀	fzby	3	4
副总裁	fzc	1	3
复杂度	fzd	1	3
复杂多变	fzdb	1	4
复杂得多	fzdd	1	4
犯罪动机	fzdj	1	4
放在地上	fzdu	1	4
放在第一位	fzdw	1	4
房租费	fzf	1	3
痱子粉	fzf	2	3
肥皂粉	fzf	3	3
发自肺腑	fzff	1	4
分子分母	fzfm	1	4
负罪感	fzg	1	3
负责管理	fzgl	1	4
父子关系	fzgx	1	4
复杂化	fzh	1	3
分组会	fzh	2	3
犯罪行为	fzhw	1	4
负资产	fzi	1	3
犯罪成本	fzib	1	4
肥皂剧	fzj	1	3
负载均衡	fzjh	1	4
犯罪记录	fzjl	2	4
犯罪既遂	fzjs	1	4
犯罪集团	fzjt	2	4
分组教学	fzjx	1	4
父子俩	fzl	1	3
犯罪率	fzl	2	3
副总理	fzl	3	3
分子量	fzl	4	3
分子链	fzl	5	3
父子两人	fzlr	1	4
夫子庙	fzm	1	3
房祖名	fzm	2	3
复杂矛盾	fzmd	1	4
肥皂泡	fzp	1	3
放在旁边	fzpb	1	4
份子钱	fzq	1	3
发作期	fzq	2	3
夫尊妻贵	fzqg	1	4
犯罪前科	fzqk	1	4
父子情深	fzqu	1	4
负责人	fzr	1	3
负责任	fzr	2	3
负责任的	fzrd	1	4
分组赛	fzs	1	3
副总司令	fzsl	1	4
副总统	fzt	1	3
反遭天谴	fztq	1	4
负责同志	fztv	1	4
分子式	fzu	1	3
分子束	fzu	2	3
犯罪数额	fzue	1	4
分组数据	fzuj	1	4
富在深山有远亲	fzuq	1	4
犯罪事实	fzuu	1	4
放在首位	fzuw	1	4
分子生物学	fzux	1	4
副组长	fzv	1	3
负增长	fzv	2	3
负责制	fzv	3	3
分子质量	fzvl	1	4
发纵指示	fzvu	1	4
犯罪未遂	fzws	1	4
复杂性	fzx	1	3
发作性	fzx	2	3
犯罪现场	fzxi	1	4
放在心里	fzxl	1	4
犯罪心理	fzxl	2	4
佛祖心中留	fzxl	3	4
犯罪嫌疑人	fzxr	1	4
犯罪心理学	fzxx	2	4
犯罪嫌疑	fzxy	1	4
副作用	fzy	1	3
反作用	fzy	2	3
负作用	fzy	3	3
放在一块	fzyk	1	4
放在一起	fzyq	1	4
防噪音耳塞	fzys	1	4
反作用于	fzyy	1	4
关爱	ga	2	2
公安部	gab	1	3
国安部	gab	2	3
港澳办	gab	3	3
国奥队	gad	2	3
个案分析	gafx	1	4
敢爱敢恨	gagh	2	4
公安处	gai	1	3
公安局	gaj	1	3
古埃及	gaj	2	3
国安局	gaj	3	3
公安民警	gamj	1	4
高矮胖瘦	gapu	1	4
各安其业	gaqy	1	4
谷氨酸	gas	1	3
甘氨酸	gas	2	3
胱氨酸	gas	3	3
港澳台	gat	1	3
公安厅	gat	2	3
各安天命	gatm	1	4
港澳通行证	gatv	1	4
公安执法	gavf	1	4
关爱智障	gavv	1	4
公安战线	gavx	1	4
高岸为谷	gawg	1	4
肝癌晚期	gawq	1	4
隔岸相望	gaxw	1	4
关爱有加	gayj	1	4
苟安一隅	gayy	1	4
高傲自大	gazd	1	4
根本	gb	1	2
关闭	gb	2	2
改变	gb	3	2
干巴巴	gbb	1	3
改编不是乱编	gbbb	1	4
根本不知道	gbbd	1	4
根本变化	gbbh	1	4
根本不会	gbbh	2	4
改变不了	gbbl	1	4
根本不可能	gbbn	2	4
根本不是	gbbu	1	4
根本保证	gbbv	1	4
根本保障	gbbv	2	4
丐帮帮主	gbbv	3	4
根本不用	gbby	1	4
根本不需要	gbby	2	4
根本不存在	gbbz	1	4
嘎嘣脆	gbc	1	3
广播操	gbc	2	3
敢不从命	gbcm	1	4
怪不得	gbd	1	3
顾不得	gbd	2	3
搞不懂	gbd	3	3
搞不定	gbd	4	3
干不掉	gbd	5	3
改不掉	gbd	6	3
公布答案	gbda	1	4
广播电影电视部	gbdb	1	4
个别地方	gbdf	2	4
功不抵过	gbdg	1	4
干部大会	gbdh	1	4
过不多久	gbdj	1	4
根本的原因	gbdy	1	4
棍棒底下出孝子	gbdz	1	4
个办法	gbf	1	3
各部分	gbf	2	3
工本费	gbf	3	3
根本法	gbf	4	3
个百分点	gbfd	1	4
概不负责	gbfz	1	4
敢不敢	gbg	1	3
够不够	gbg	2	3
该不该	gbg	3	3
干不过	gbg	4	3
给不给	gbg	5	3
干不干	gbg	6	3
高不高	gbg	7	3
管不管	gbg	8	3
怪不怪	gbg	9	3
搁笔供奉	gbgf	1	4
顾不过来	gbgl	1	4
改不过来	gbgl	2	4
告别过去	gbgq	1	4
告不告诉	gbgs	2	4
拐不过弯	gbgw	1	4
高不高兴	gbgx	1	4
干部工作	gbgz	1	4
搞不好	gbh	1	3
该不会	gbh	2	3
更不会	gbh	3	3
工笔画	gbh	4	3
该不会是个傻子吧	gbhb	1	4
敢把皇帝拉下马	gbhm	1	4
赶不回去	gbhq	1	4
该不会是	gbhu	1	4
根本好转	gbhv	1	4
构不成	gbi	1	3
改编成	gbi	2	3
搞不成	gbi	3	3
高不成	gbi	4	3
光标处	gbi	5	3
高不成低不就	gbij	1	4
根本就	gbj	1	3
赶不及	gbj	2	3
广播剧	gbj	3	3
高倍镜	gbj	4	3
根本就不	gbjb	1	4
宫爆鸡丁	gbjd	2	4
广播讲话	gbjh	1	4
根本解决	gbjj	1	4
根本就不能	gbjn	1	4
根本就是	gbju	1	4
根本就不是	gbju	2	4
根本就不行	gbjx	1	4
根本就没有	gbjy	1	4
根本就不用	gbjy	2	4
根本就不存在	gbjz	1	4
贵宾卡	gbk	1	3
改变看法	gbkf	1	4
干部考核	gbkh	1	4
国不可一日无君	gbkj	2	4
光标控制键区	gbkq	1	4
改变了	gbl	1	3
哥布林	gbl	2	3
管不了	gbl	3	3
过不了	gbl	4	3
给不了	gbl	5	3
改不了	gbl	6	3
顾不了	gbl	7	3
高鼻梁	gbl	8	3
狗不理	gbl	9	3
个把礼拜	gblb	1	4
顾不了那么多	gbld	1	4
顾不了许多	gbld	2	4
过不了关	gblg	1	4
过不了多久	gblj	1	4
顾不了那么多了	gbll	1	4
过不了审	gblu	1	4
隔壁老王	gblw	1	4
改变路线	gblx	2	4
哥布林语	gbly	2	4
狗不理包子	gblz	1	4
各部门	gbm	1	3
官兵们	gbm	2	3
国标码	gbm	3	3
搞不明白	gbmb	1	4
根本目的	gbmd	1	4
改变面貌	gbmm	1	4
根本没戏	gbmx	1	4
根本没有	gbmy	1	4
改变命运	gbmy	2	4
更不能	gbn	1	3
根本难不倒	gbnd	1	4
胳膊拧不过大腿	gbnt	1	4
根本难不倒他	gbnt	2	4
割包皮	gbp	1	3
归并排序	gbpx	1	4
过不去	gbq	1	3
搞不清	gbq	2	3
贵宾犬	gbq	3	3
姑表亲	gbq	4	3
港北区	gbq	5	3
根本区别	gbqb	1	4
搞不清楚	gbqi	2	4
关闭其他页面	gbqm	1	4
告白气球	gbqq	1	4
个别人	gbr	1	3
锅包肉	gbr	2	3
敢不如命	gbrm	1	4
告别人世	gbru	1	4
更别提	gbt	1	3
胳膊腿	gbt	2	3
搞半天	gbt	3	3
各不同	gbt	4	3
戈壁滩	gbt	5	3
广播台	gbt	6	3
改变态度	gbtd	1	4
果宝特攻	gbtg	1	4
根本途径	gbtj	1	4
根本停不下来	gbtl	1	4
更别说	gbu	1	3
顾不上	gbu	2	3
跟不上	gbu	3	3
更不是	gbu	4	3
赶不上	gbu	5	3
根本上	gbu	6	3
过半数	gbu	7	3
钢笔水	gbu	8	3
跟不上时代	gbud	1	4
改变世界	gbuj	1	4
跟不上了	gbul	1	4
高壁深垒	gbul	2	4
跟不上节奏	gbuz	1	4
挂不住	gbv	1	3
胳膊肘	gbv	2	3
管不着	gbv	3	3
够不着	gbv	4	3
管不住	gbv	5	3
广播站	gbv	6	3
高标准	gbv	7	3
高保真	gbv	8	3
各部长	gbv	9	3
干部制度	gbvd	1	4
胳膊肘往外拐	gbvg	1	4
干部职工	gbvg	2	4
攻彼之长	gbvi	1	4
谷丙转氨酶	gbvm	1	4
个把钟头	gbvt	1	4
干部战士	gbvu	1	4
改变主意	gbvy	1	4
各部委	gbw	1	3
广播网	gbw	2	3
官本位	gbw	3	3
根本无法	gbwf	1	4
胳膊往外拐	gbwg	1	4
改变未来	gbwl	1	4
胳膊腕子	gbwz	2	4
鬼把戏	gbx	1	3
根本性	gbx	2	3
高帮鞋	gbx	3	3
姑表兄弟	gbxd	1	4
肝败吓疯	gbxf	2	4
鬼不像鬼	gbxg	1	4
各不相干	gbxg	2	4
狗不嫌家贫	gbxp	1	4
个把星期	gbxq	1	4
干不下去	gbxq	2	4
个把小时	gbxu	1	4
个半小时	gbxu	2	4
改变现状	gbxv	1	4
个别现象	gbxx	1	4
公办学校	gbxx	2	4
棍棒下面出孝子	gbxz	1	4
更不要	gby	1	3
更不用	gby	2	3
个把月	gby	3	3
过把瘾	gby	4	3
广播员	gby	5	3
公布于	gby	6	3
各霸一方	gbyf	1	4
改变一切	gbyq	2	4
更不要说	gbyu	2	4
各表一枝	gbyv	3	4
狗鼻子	gbz	1	3
光膀子	gbz	2	3
盖被子	gbz	3	3
赶不走	gbz	4	3
改编自	gbz	5	3
改变自己	gbzj	1	4
卦不走空	gbzk	1	4
干部子女	gbzn	1	4
刚才	gc	2	2
干脆	gc	3	2
棺材板	gcb	1	3
公测版	gcb	2	3
棺材板压不住了	gcbl	1	4
棺材板都压不住了	gcbl	2	4
高层次	gcc	2	3
光灿灿	gcc	3	3
观测到	gcd	2	3
歌词大意	gcdy	1	4
构词法	gcf	1	3
高层交往	gcjw	1	4
供参考	gck	2	3
搞错了	gcl	2	3
干脆面	gcm	1	3
各从其志	gcqv	1	4
锅从天上来	gctl	1	4
歌词烫嘴	gctz	3	4
高材生	gcu	2	3
观测站	gcv	1	3
共存亡	gcw	2	3
高层往来	gcwl	1	4
感到	gd	2	2
更多	gd	3	2
高蛋白	gdb	2	3
古德拜	gdb	3	3
刮大白	gdb	4	3
古登堡	gdb	5	3
感到不安	gdba	2	4
固定不变	gdbb	1	4
固定不动	gdbd	1	4
干点别的	gdbd	2	4
狗都不看	gdbk	1	4
鼓大包了	gdbl	1	4
高低不平	gdbp	1	4
各大报纸	gdbv	1	4
过度包装	gdbv	2	4
狗都不玩	gdbw	2	4
哥德巴赫猜想	gdbx	1	4
感动不已	gdby	1	4
高档次	gdc	1	3
广东菜	gdc	2	3
古董瓷	gdc	3	3
过度操劳	gdcl	1	4
高端操作	gdcz	1	4
搞得定	gdd	1	3
孤单单	gdd	2	3
高端大气上档次	gddc	2	4
高德地图持续为您导航	gddh	3	4
更多的人	gddr	1	4
更多的是	gddu	2	4
高等动物	gddw	1	4
哥德尔	gde	1	3
鬼地方	gdf	1	3
个地方	gdf	2	3
各地方	gdf	3	3
干豆腐	gdf	4	3
高度发达	gdfd	1	4
高度负责	gdfz	1	4
港独分子	gdfz	2	4
搞的鬼	gdg	1	3
孤独感	gdg	2	3
郭德纲	gdg	3	3
高低杠	gdg	4	3
广大干部	gdgb	1	4
更多更好	gdgh	1	4
过得更好	gdgh	2	4
敢打敢拼	gdgp	1	4
古典钢琴	gdgq	1	4
高度关注	gdgv	2	4
搞东搞西	gdgx	2	4
固定工作	gdgz	2	4
该多好	gdh	1	3
公道话	gdh	2	3
挂电话	gdh	3	3
股东会	gdh	4	3
广东话	gdh	5	3
固定化	gdh	6	3
硌得慌	gdh	7	3
高端黑	gdh	8	3
高端会所	gdhs	1	4
干电池	gdi	2	3
割地称臣	gdii	1	4
跟打成绩	gdij	1	4
耕读传家	gdij	2	4
关灯吃面	gdim	1	4
共度春宵	gdix	1	4
赶得及	gdj	1	3
高等级	gdj	2	3
顾大局	gdj	3	3
供电局	gdj	4	3
高端机	gdj	5	3
广电局	gdj	6	3
感到骄傲	gdja	1	4
过度解读	gdjd	1	4
怪盗基德	gdjd	2	4
孤岛惊魂	gdjh	1	4
高度警觉	gdjj	1	4
共度佳节	gdjj	2	4
果断拒绝	gdjj	3	4
高度警惕	gdjt	1	4
古典吉他	gdjt	2	4
固定句式	gdju	1	4
高度集中	gdjv	1	4
高度紧张	gdjv	2	4
感到惊讶	gdjy	2	4
管得宽	gdk	2	3
高度肯定	gdkd	1	4
感到困惑	gdkh	1	4
感到快乐	gdkl	2	4
感到困难	gdkn	1	4
高大魁梧	gdkw	1	4
感到了	gdl	1	3
搞定了	gdl	2	3
挂掉了电话	gdlh	1	4
过度劳累	gdll	2	4
光打雷不下雨	gdly	2	4
关帝庙	gdm	1	3
各大媒体	gdmt	1	4
搞点明堂	gdmt	2	4
关弹幕保智商	gdmu	1	4
古典名著	gdmv	1	4
感到满意	gdmy	1	4
搞定没有	gdmy	2	4
感到满足	gdmz	1	4
过大年	gdn	2	3
共渡难关	gdng	1	4
共度难关	gdng	2	4
感到难堪	gdnk	1	4
规定年限	gdnx	1	4
GDP	gdp	2	3
各党派	gdp	3	3
肝胆脾	gdp	4	3
高低频	gdp	5	3
干的漂亮	gdpl	1	4
干得漂亮	gdpl	2	4
过得去	gdq	2	3
鬼打墙	gdq	3	3
过渡期	gdq	4	3
各地区	gdq	5	3
该地区	gdq	6	3
跟打器	gdq	7	3
跟打群	gdq	8	3
孤独求败	gdqb	1	4
高低起伏	gdqf	1	4
感到奇怪	gdqg	2	4
割地求和	gdqh	1	4
股东权利	gdql	1	4
挂到期了	gdql	2	4
广大青年	gdqn	1	4
更多情况下	gdqx	1	4
更多人	gdr	1	3
古代人	gdr	2	3
滚刀肉	gdr	3	3
广东人	gdr	4	3
高端人口	gdrk	1	4
广大人民	gdrm	1	4
广大人民群众	gdrv	1	4
感到荣幸	gdrx	1	4
过段日子	gdrz	1	4
供电所	gds	1	3
干点什么	gdsm	1	4
滚动条	gdt	2	3
规定条件	gdtj	1	4
感到痛苦	gdtk	1	4
跪地痛哭	gdtk	2	4
各地天气	gdtq	1	4
顾得上	gdu	1	3
广东省	gdu	2	3
赶得上	gdu	3	3
跟得上	gdu	4	3
搞到手	gdu	5	3
够得上	gdu	6	3
工读生	gdu	7	3
古代社会	gduh	2	4
过段时间	gduj	2	4
规定时间	gduj	3	4
广大市民	gdum	1	4
固定收入	gdur	1	4
鬼打熟人	gdur	2	4
管道疏通	gdut	1	4
广东深圳	gduv	2	4
够得着	gdv	2	3
管得着	gdv	3	3
关东煮	gdv	4	3
孤独症	gdv	5	3
供电站	gdv	6	3
攻敌之短	gdvd	1	4
感动中国	gdvg	2	4
股东账户	gdvh	2	4
孤独终老	gdvl	2	4
扛鼎之力	gdvl	3	4
广岛之恋	gdvl	4	4
故地重游	gdvy	2	4
各单位	gdw	1	3
该单位	gdw	2	3
广电网	gdw	3	3
高大威猛	gdwm	2	4
感到为难	gdwn	1	4
固定位置	gdwv	1	4
孤独无助	gdwv	2	4
古代文学	gdwx	2	4
狗东西	gdx	2	3
个东西	gdx	3	3
公德心	gdx	4	3
搞对象	gdx	5	3
过渡性	gdx	6	3
固定性	gdx	7	3
高等学府	gdxf	1	4
感到幸福	gdxf	2	4
赶到现场	gdxi	1	4
个多小时	gdxu	1	4
古典小说	gdxu	2	4
干瞪眼	gdy	1	3
个多月	gdy	2	3
功大于过	gdyg	1	4
广大员工	gdyg	2	4
孤独摇滚	gdyg	3	4
功德一件	gdyj	2	4
鬼刀一开看不见	gdyj	3	4
过得愉快	gdyk	1	4
古典音乐	gdyl	1	4
肝胆胰脾	gdyp	1	4
官大一级压死人	gdyr	2	4
共度一生	gdyu	1	4
更大意义上	gdyu	2	4
高度一致	gdyv	1	4
咯噔一下	gdyx	3	4
古典音乐	gdyy	1	4
工地英语	gdyy	2	4
滚犊子	gdz	2	3
鬼点子	gdz	3	3
跪倒在地	gdzd	1	4
感到自豪	gdzh	1	4
功到自然成	gdzi	3	4
公道自在人心	gdzx	1	4
高度赞扬	gdzy	1	4
公道自然在	gdzz	1	4
感恩	ge	2	2
过二百	geb	2	3
光而不耀	geby	1	4
官二代	ged	1	3
狗耳朵	ged	2	3
感恩的心	gedx	1	4
高尔夫	gef	2	3
高额回报	gehb	1	4
感恩节	gej	2	3
高尔基	gej	3	3
哥儿俩	gel	2	3
高额利润	gelr	1	4
高额利益	gely	1	4
哥儿们	gem	2	3
哥儿们义气	gemq	1	4
改恶向善	gexu	1	4
孤儿院	gey	2	3
关二爷	gey	3	3
恭而有礼	geyl	1	4
狗耳月牙	geyy	2	4
干儿子	gez	1	3
龟儿子	gez	2	3
广泛	gf	2	2
功夫	gf	3	2
官方版	gfb	1	3
国防部	gfb	2	3
功夫不好	gfbh	1	4
巭孬嫑莪	gfbh	2	4
巭孬嫑夯昆勥茓	gfbh	3	4
巭孬嫑烎	gfbh	4	4
巭孬嫑夯莪	gfbh	5	4
古法编程	gfbi	1	4
高分辨率	gfbl	1	4
功夫不负有心人	gfbr	1	4
广泛地	gfd	1	3
各方代表	gfdb	1	4
各分东西	gfdx	1	4
国服第一	gfdy	1	4
官方公告	gfgg	1	4
国防工程	gfgi	1	4
广泛关注	gfgv	1	4
苟富贵，勿相忘	gfgw	1	4
苟富贵勿相忘	gfgw	2	4
搞风搞雨	gfgy	2	4
规范化	gfh	2	3
高仿号	gfh	3	3
官方合作伙伴	gfhb	1	4
广泛好评	gfhp	1	4
购房合同	gfht	1	4
高峰会议	gfhy	1	4
官方合作	gfhz	1	4
工夫茶	gfi	1	3
郭富城	gfi	2	3
广泛传播	gfib	1	4
辜负春心	gfix	1	4
鼓风机	gfj	1	3
赶飞机	gfj	2	3
国防军	gfj	3	3
官翻机	gfj	4	3
过分解读	gfjd	1	4
官方结局	gfjj	1	4
古肥今瘠	gfjj	2	4
官方解释	gfju	3	4
高附加值	gfjv	1	4
购房款	gfk	1	3
国防科学技术	gfku	1	4
国防科工委	gfkw	1	4
国防科技大学	gfkx	1	4
过分了	gfl	1	3
辜负了	gfl	2	3
鼓风炉	gfl	3	3
过分了啊	gfla	1	4
官方联动	gfld	1	4
广泛流传	gfli	1	4
过分劳累	gfll	1	4
国防力量	gfll	2	4
广泛流行	gflx	1	4
公费旅游	gfly	1	4
各方利益	gfly	2	4
各方面	gfm	1	3
个方面	gfm	2	3
国富民丰	gfmf	1	4
过分敏感	gfmg	1	4
各方面的因素	gfms	1	4
寡妇年	gfn	2	3
高分屏	gfp	1	3
高峰期	gfq	1	3
高发期	gfq	2	3
管风琴	gfq	3	3
各方情况	gfqk	1	4
国服前三	gfqs	2	4
过分强调	gfqt	1	4
国服前十	gfqu	1	4
国服前五	gfqw	1	4
贵妇人	gfr	1	3
广泛认同	gfrt	1	4
官方认证	gfrv	1	4
咖啡色	gfs	1	3
官方通报	gftb	1	4
官方吐槽	gftc	1	4
高富帅	gfu	1	3
国防生	gfu	2	3
肝腹水	gfu	3	3
广泛深入	gfur	1	4
广泛使用	gfuy	1	4
股份制	gfv	1	3
规范执法	gfvf	1	4
官方账号	gfvh	1	4
攻防转换	gfvh	2	4
广泛征求意见	gfvj	1	4
高风险	gfx	2	3
广泛性	gfx	3	3
规范性	gfx	4	3
官方宣布	gfxb	1	4
赶赴现场	gfxi	2	4
广泛兴趣	gfxq	1	4
过分渲染	gfxr	1	4
搞副业	gfy	1	3
官匪一家	gfyj	1	4
过分要求	gfyq	1	4
股份有限公司	gfys	1	4
攻防一体	gfyt	1	4
高飞远走	gfyz	2	4
盖房子	gfz	1	3
高分子	gfz	2	3
贵妃醉酒	gfzj	1	4
官方赞助	gfzv	1	4
高分子化合物	gfzw	1	4
高分子化学	gfzx	1	4
哥哥	gg	2	2
刚刚	gg	3	2
各个	gg	4	2
公共安全	ggaq	1	4
公关部	ggb	2	3
各个部分	ggbf	1	4
故宫博物馆	ggbg	1	4
亘古不灭	ggbm	1	4
狗改不了吃屎	ggbu	2	4
故宫博物院	ggby	1	4
广告词	ggc	1	3
公共财产	ggci	1	4
各个层面	ggcm	1	4
公共厕所	ggcs	1	4
刚刚到	ggd	1	3
乖乖地	ggd	2	3
各国代表	ggdb	1	4
港港单单	ggdd	3	4
给个答复	ggdf	2	4
高攻低防	ggdf	3	4
公共电话	ggdh	1	4
各个地区	ggdq	1	4
谷歌地球	ggdq	2	4
谷歌地图	ggdt	1	4
高贵得体	ggdt	2	4
功过得失	ggdu	2	4
个个都有	ggdy	1	4
高个儿	gge	2	3
光棍儿	gge	3	3
尴尬而不失礼貌	ggem	1	4
高跟儿鞋	ggex	1	4
广告费	ggf	1	3
广告法	ggf	2	3
改革发展稳定	ggfd	1	4
改革发展	ggfv	1	4
骨干分子	ggfz	1	4
滚滚滚	ggg	1	3
咕咕嘎嘎	gggg	3	4
瓜瓜果果	gggg	4	4
各个国家	gggj	1	4
公共管理	gggl	1	4
更高更快更强	gggq	2	4
广告公司	gggs	1	4
功高盖主	gggv	1	4
更高更远	gggy	1	4
刚刚好	ggh	2	3
规格化	ggh	3	3
滚滚红尘	gghi	1	4
各个环节	gghj	1	4
过个好年	gghn	2	4
给个好评	gghp	1	4
归国华侨	gghq	1	4
改革春风吹满地	ggid	1	4
给个差评	ggip	1	4
滚滚长江东逝水	ggiu	1	4
滚滚长江东逝水，浪花淘尽英雄	ggix	1	4
改革创新	ggix	2	4
骨干成员	ggiy	1	4
咕咕叫	ggj	2	3
光棍节	ggj	3	3
更关键	ggj	4	3
呱呱叫	ggj	5	3
个国家	ggj	6	3
骨骼肌	ggj	7	3
公共机构	ggjg	1	4
给个机会	ggjh	1	4
哥哥姐姐	ggjj	4	4
公共健康	ggjk	1	4
各个角落	ggjl	1	4
骨骼惊奇	ggjq	1	4
盖格计数器	ggjq	2	4
骨干教师	ggju	3	4
格格娇笑	ggjx	2	4
归国家所有	ggjy	1	4
观光客	ggk	1	3
刮刮卡	ggk	2	3
公共课	ggk	3	3
改革开放政策	ggkc	1	4
广告客户	ggkh	1	4
改革开放以来	ggkl	1	4
改革开放以前	ggkq	1	4
改革开放之前	ggkq	2	4
滚过来	ggl	1	3
公告栏	ggl	2	3
改过来	ggl	3	3
刮刮乐	ggl	4	3
高句丽	ggl	5	3
狗管理	ggl	6	3
刮骨疗毒	ggld	2	4
功高劳苦	gglk	1	4
刮骨疗伤	gglu	2	4
汩汩流血	gglx	1	4
观光旅游	ggly	3	4
干革命	ggm	1	3
关公面前耍大刀	ggmd	1	4
给个面子	ggmz	1	4
乖乖女	ggn	2	3
肝功能	ggn	3	3
冈格尼尔	ggne	1	4
公关能力	ggnl	2	4
高估你了	ggnl	3	4
公告内容	ggnr	1	4
国共内战	ggnv	1	4
广告牌	ggp	1	3
改革派	ggp	2	3
谷歌拼音输入法	ggpf	1	4
高高飘扬	ggpy	1	4
谷歌拼音	ggpy	2	4
赶过去	ggq	2	3
刚刚起步	ggqb	1	4
骨骼清奇	ggqq	2	4
公共汽车站	ggqv	1	4
贵公司	ggs	2	3
该公司	ggs	3	3
谷歌搜索	ggss	2	4
哥哥嫂子	ggsz	2	4
观光团	ggt	2	3
狗骨头	ggt	3	3
公关团队	ggtd	1	4
功盖天地	ggtd	2	4
广告投放	ggtf	1	4
股骨头坏死	ggts	1	4
鬼故事	ggu	1	3
广告商	ggu	2	3
供观赏	ggu	3	3
高光时刻	gguk	1	4
搞怪视频	ggup	1	4
关谷神奇	gguq	1	4
公共事务	gguw	1	4
公共事业	gguy	1	4
光顾着	ggv	1	3
改革者	ggv	2	3
观光者	ggv	3	3
感光纸	ggv	4	3
乖乖站好	ggvh	1	4
关公战秦琼	ggvq	1	4
广告植入	ggvr	1	4
公共主页	ggvy	1	4
拐个弯	ggw	1	3
亘古未变	ggwb	1	4
公共卫生间	ggwj	1	4
广告位招租	ggwz	1	4
高跟鞋	ggx	1	3
广告学	ggx	2	3
刚刚下班	ggxb	2	4
功过相抵	ggxd	1	4
谷歌相机	ggxj	2	4
各个学科	ggxk	1	4
攻关项目	ggxm	1	4
滚滚向前	ggxq	1	4
灌溉系统	ggxt	1	4
广告效应	ggxy	1	4
归功于	ggy	2	3
过过瘾	ggy	3	3
广告语	ggy	4	3
逛公园	ggy	5	3
杠杆原理	ggyl	2	4
尴尬又不失礼貌	ggym	1	4
高高跃起	ggyq	2	4
更高要求	ggyq	3	4
广告有限公司	ggys	1	4
改革与发展	ggyv	1	4
尴尬又不失礼貌的微笑	ggyx	2	4
过过眼瘾	ggyy	2	4
高个子	ggz	1	3
鬼谷子	ggz	2	3
高干子弟	ggzd	1	4
公共自行车	ggzi	2	4
个工作日内	ggzn	1	4
个工作日	ggzr	1	4
孤高自许	ggzx	2	4
公共资源	ggzy	1	4
杠杆作用	ggzy	2	4
更好	gh	2	2
刚好	gh	3	2
规划	gh	4	2
高回报	ghb	2	3
高海拔	ghb	3	3
骨灰拌饭	ghbf	2	4
果核剥壳	ghbk	1	4
干活不累	ghbl	2	4
公侯伯子男	ghbn	1	4
公侯伯子男骑	ghbq	1	4
隔行词	ghc	1	3
更好地	ghd	2	3
更好点	ghd	3	3
刮胡刀	ghd	4	3
光辉典范	ghdf	1	4
刚回到家	ghdj	2	4
刮胡刀片	ghdp	2	4
干旱地区	ghdq	1	4
共和党人	ghdr	1	4
恭候多时	ghdu	2	4
国会大厦	ghdu	3	4
干活儿	ghe	1	3
过会儿	ghe	2	3
鬼画符	ghf	1	3
挂号费	ghf	2	3
过户费	ghf	3	3
规划方案	ghfa	2	4
肝火犯肺	ghff	1	4
广寒宫	ghg	1	3
共和国	ghg	2	3
桂花糕	ghg	3	3
观后感	ghg	4	3
搞好关系	ghgx	1	4
骨灰盒	ghh	1	3
勾画出	ghi	1	3
骨灰级	ghj	2	3
规划局	ghj	3	3
固化剂	ghj	4	3
更好记	ghj	5	3
官换机	ghj	6	3
光环加顶	ghjd	1	4
恭候佳音	ghjy	1	4
更何况	ghk	2	3
高呼口号	ghkh	1	4
更何况是	ghku	1	4
赶回来	ghl	2	3
更好了	ghl	3	3
惯坏了	ghl	4	3
更合理	ghl	5	3
钢化膜	ghm	1	3
辜鸿铭	ghm	2	3
干货满满	ghmm	1	4
共患难	ghn	1	3
刚好碰上	ghpu	1	4
赶回去	ghq	1	3
隔行如隔山	ghru	1	4
规划人生	ghru	2	4
各花入各眼	ghry	1	4
光辉岁月	ghsy	1	4
公号私用	ghsy	2	4
官号私用	ghsy	3	4
关怀体贴	ghtt	1	4
干坏事	ghu	1	3
供货商	ghu	2	3
光华深处	ghui	2	4
光辉事迹	ghuj	1	4
鬼火少年	ghun	1	4
规划实施	ghuu	1	4
国货之光	ghvg	2	4
共和政体	ghvt	1	4
工会主席	ghvx	2	4
肝火旺	ghw	2	3
挂号信	ghx	1	3
关怀下	ghx	2	3
刚好相反	ghxf	1	4
各行业	ghy	2	3
古汉语	ghy	3	3
更好一点	ghyd	1	4
更好一些	ghyx	1	4
国会议员	ghyy	1	4
古惑仔	ghz	2	3
乖孩子	ghz	3	3
刮胡子	ghz	4	3
过河卒	ghz	5	3
沟壑纵横	ghzh	1	4
过程	gi	1	2
观察	gi	2	2
工程部	gib	1	3
工程兵	gib	2	3
高成本	gib	3	3
高处不胜寒	gibh	1	4
过场CG	gicg	1	4
贯穿苍穹	gicq	1	4
共产党	gid	1	3
鬼吹灯	gid	2	3
观察到	gid	3	3
工程队	gid	4	3
滚床单	gid	5	3
滚床单不	gidb	1	4
贯彻到底	gidd	1	4
过场动画	gidh	1	4
国产动画	gidh	2	4
干柴搭湿柴	gidi	1	4
过程当中	gidv	1	4
共产党宣言	gidy	2	4
构成犯罪	gifz	1	4
该成果	gig	1	3
管吃管喝	gigh	1	4
工程管理	gigl	1	4
管吃管住	gigv	1	4
国产化	gih	1	3
工程车	gii	1	3
国产车	gii	2	3
工程处	gii	3	3
该吃吃，该喝喝	giih	1	4
该吃吃该喝喝	giih	2	4
歌唱家	gij	1	3
国产机	gij	2	3
工程机	gij	3	3
工程进度	gijd	1	4
工程技术人员	gijy	1	4
各厂矿	gik	1	3
改成了	gil	1	3
构成了	gil	2	3
观察力	gil	3	3
赶出来	gil	4	3
工程量	gil	5	3
钢产量	gil	6	3
赶潮流	gil	7	3
干沉默了	giml	1	4
观察能力	ginl	1	4
鼓唇弄舌	ginu	1	4
国产品	gip	1	3
国产品牌	gipp	1	4
感触颇深	gipu	1	4
敢吃螃蟹	gipx	1	4
滚出去	giq	1	3
构成侵权	giqq	1	4
国产软件	girj	1	4
观察所	gis	1	3
鬼畜素材	gisc	1	4
高产似那啥	gisu	1	4
高产似母猪	gisv	1	4
Github	git	1	3
高产田	git	2	3
工程师	giu	1	3
狗吃屎	giu	2	3
观察室	giu	3	3
该出手	giu	4	3
鬼缠身	giu	5	3
高城深池	giui	1	4
各种事情	giuq	1	4
公车上锁	gius	1	4
公车上书	giuu	2	4
贯彻始终	giuv	1	4
贯穿始终	giuv	2	4
过程中	giv	1	3
观察者	giv	2	3
观察站	giv	3	3
弓长张	giv	4	3
工程招标	givb	1	4
共产主义运动	givd	1	4
国产之光	givg	1	4
滚出中国	givg	2	4
共产主义社会	givh	1	4
工程质量	givl	1	4
共产主义青年团	givt	1	4
过程之中	givv	1	4
共产主义者	givv	2	4
广场舞	giw	1	3
刚吃完	giw	2	3
刚吃完饭	giwf	1	4
高产稳产	giwi	1	4
国潮外卖	giwm	1	4
构成威胁	giwx	1	4
工程学	gix	1	3
工程系	gix	2	3
供产销	gix	3	3
贯穿星辰	gixi	1	4
贯穿于	giy	1	3
观察员	giy	2	3
构成要件	giyj	1	4
肝肠欲裂	giyl	1	4
该吃药了	giyl	2	4
共处一室	giyu	1	4
攻城野战	giyv	1	4
观察一下	giyx	1	4
国产游戏	giyx	2	4
个锤子	giz	1	3
歌唱祖国	gizg	1	4
工程造价	gizj	1	4
国产自拍	gizp	1	4
观察仔细	gizx	1	4
感觉	gj	2	2
更加	gj	3	2
宫颈癌	gja	1	3
国家安全部	gjab	1	4
国际奥委会	gjah	1	4
国家安全委员会	gjah	2	4
高脚杯	gjb	2	3
关禁闭	gjb	3	3
高级版	gjb	4	3
国际版	gjb	5	3
工具包	gjb	6	3
裹脚布	gjb	7	3
冠军杯	gjb	8	3
感觉不错	gjbc	1	4
感觉不到	gjbd	1	4
感觉不好	gjbh	1	4
光讲不练	gjbl	1	4
恭敬不如从命	gjbm	4	4
感觉不如	gjbr	1	4
攻击别人	gjbr	2	4
国家补贴	gjbt	1	4
感觉不同	gjbt	2	4
高居榜首	gjbu	2	4
根基不稳	gjbw	2	4
关键不在于	gjby	2	4
估计不足	gjbz	1	4
国家宝藏	gjbz	2	4
关键词	gjc	1	3
割韭菜	gjc	2	3
各阶层	gjc	3	3
供给侧	gjc	4	3
供给侧改革	gjcg	1	4
国家测绘局	gjcj	1	4
高价彩礼	gjcl	1	4
感觉错了	gjcl	2	4
感觉到	gjd	2	3
关键点	gjd	3	3
国家队	gjd	4	3
根据地	gjd	5	3
高精度	gjd	6	3
各级地方政府	gjdf	1	4
格局打开	gjdk	1	4
感觉到了	gjdl	2	4
格局大了	gjdl	3	4
公鸡打鸣	gjdm	3	4
高价低配	gjdp	2	4
国际单位制	gjdv	1	4
国家大剧院	gjdy	1	4
够劲儿	gje	2	3
国家二级	gjej	1	4
国家二级演员	gjey	1	4
盖浇饭	gjf	1	3
国际范	gjf	2	3
过节费	gjf	3	3
公检法	gjf	4	3
国际法	gjf	5	3
更加方便	gjfb	1	4
国家法律	gjfl	1	4
国家分配	gjfp	1	4
国家繁荣	gjfr	1	4
国际发展合作署	gjfu	2	4
攻击范围	gjfw	1	4
国家副主席	gjfx	1	4
哥几个	gjg	2	3
国际歌	gjg	3	3
各级干部	gjgb	1	4
国家干部	gjgb	2	4
诡谲怪诞	gjgd	1	4
改建工程	gjgi	1	4
国际冠军	gjgj	1	4
国家公祭日	gjgr	4	4
国际广播电台	gjgt	1	4
高级官员	gjgy	2	4
国际关系准则	gjgz	2	4
感觉好	gjh	1	3
国际化	gjh	2	3
管教好	gjh	3	3
高级黑	gjh	4	3
感觉很好	gjhh	1	4
感觉还好	gjhh	2	4
更加合理	gjhl	1	4
国家和地区	gjhq	1	4
国家或地区	gjhq	2	4
钢筋混凝土	gjht	1	4
关键还是	gjhu	1	4
感觉还是	gjhu	2	4
国家号召	gjhv	2	4
国际货币基金组织	gjhv	3	4
国际互联网	gjhw	1	4
公交车	gji	1	3
鬼见愁	gji	2	3
钢卷尺	gji	3	3
国际场合	gjih	2	4
国际长途	gjit	2	4
公交车站	gjiv	1	4
过家家	gjj	2	3
国家级	gjj	3	3
公积金	gjj	4	3
广角镜	gjj	5	3
古巨基	gjj	6	3
郭晶晶	gjj	7	3
国际酒店	gjjd	1	4
高级酒店	gjjd	2	4
过激举动	gjjd	3	4
高级军官	gjjg	3	4
攻击间隔	gjjg	4	4
国家教育委员会	gjjh	1	4
国家计划委员会	gjjh	2	4
国家经济	gjjj	2	4
国际季军	gjjj	3	4
工匠精神	gjju	2	4
国际巨星	gjjx	2	4
关键就在	gjjz	1	4
公交卡	gjk	1	3
国家开放	gjkf	1	4
更加快捷	gjkj	1	4
攻坚克难	gjkn	1	4
高级考试	gjku	3	4
攻击力	gjl	2	3
高架路	gjl	3	3
工具类	gjl	4	3
工具栏	gjl	5	3
供给量	gjl	6	3
各级领导干部	gjlb	2	4
硅基流动	gjld	2	4
感觉良好	gjlh	1	4
更加厉害	gjlh	2	4
国际领先水平	gjlp	2	4
国家领导人	gjlr	1	4
国际联网	gjlw	2	4
广积粮缓称王	gjlw	3	4
工具理性	gjlx	2	4
广结良缘	gjly	2	4
关节面	gjm	2	3
郭敬明	gjm	3	3
盖浇面	gjm	4	3
干酵母	gjm	5	3
高筋面粉	gjmf	1	4
国家民族事务委员会	gjmh	2	4
宫颈糜烂	gjml	2	4
国际名牌	gjmp	1	4
国进民退	gjmt	1	4
国际贸易组织	gjmv	2	4
国际明星	gjmx	1	4
更加明显	gjmx	2	4
干将莫邪	gjmy	2	4
国际漫游	gjmy	3	4
国家民族	gjmz	1	4
过几年	gjn	1	3
关节囊	gjn	2	3
根据内容	gjnr	1	4
管家婆	gjp	2	3
跪键盘	gjp	3	3
高架桥	gjq	2	3
够交情	gjq	3	3
高级群	gjq	4	3
各军区	gjq	5	3
轨迹球	gjq	6	3
更加强大	gjqd	1	4
感觉器官	gjqg	1	4
高洁情怀	gjqh	1	4
国家前途	gjqt	2	4
工具人	gjr	2	3
公祭日	gjr	3	3
贵极人臣	gjri	1	4
工具软件	gjrj	2	4
国际认可	gjrk	1	4
甘居人下	gjrx	1	4
国际日期变更线	gjrx	2	4
高级人民法院	gjry	1	4
冠军赛	gjs	2	3
高加索	gjs	3	3
国家三级	gjsj	1	4
管见所及	gjsj	2	4
高级搜索	gjss	2	4
国际赛事	gjsu	3	4
过几天	gjt	2	3
观景台	gjt	3	3
关节痛	gjt	4	3
硅胶套	gjt	5	3
感极涕零	gjtl	2	4
古今同梦	gjtm	3	4
关键是	gju	1	3
感觉上	gju	2	3
弓箭手	gju	3	3
国际上	gju	4	3
贵金属	gju	5	3
工具书	gju	6	3
赶紧收藏	gjuc	2	4
规矩是死的	gjud	1	4
高技术力	gjul	2	4
高级水平	gjup	2	4
关键时期	gjuq	1	4
共济失调	gjut	1	4
高级设置	gjuv	2	4
股价上涨	gjuv	3	4
国际视野	gjuy	2	4
公交站	gjv	2	3
关键帧	gjv	3	3
攻坚战	gjv	4	3
国际章	gjv	5	3
供给制	gjv	6	3
根据真实事件改编	gjvb	1	4
关键指标	gjvb	2	4
国际知名	gjvm	1	4
公交站牌	gjvp	1	4
感激之情	gjvq	2	4
公交站台	gjvt	1	4
国际政治	gjvv	1	4
感觉这样	gjvy	2	4
更加重要	gjvy	3	4
归结为	gjw	2	3
干家务	gjw	3	3
归咎为	gjw	4	3
赶集网	gjw	5	3
硅胶碗	gjw	6	3
构建物	gjw	7	3
共进午餐	gjwc	2	4
国家卫生健康委员会	gjwh	2	4
干就完了	gjwl	1	4
更加完善	gjwu	2	4
国际玩笑	gjwx	1	4
根据我的经验	gjwy	1	4
攻击性	gjx	2	3
工具箱	gjx	3	3
关键性	gjx	4	3
国境线	gjx	5	3
国际性	gjx	6	3
公鸡下蛋	gjxd	1	4
国际刑警	gjxj	1	4
国家信访局	gjxj	2	4
格局小了	gjxl	3	4
公交线路	gjxl	4	4
国际信托投资公司	gjxs	1	4
根据需要	gjxy	1	4
归咎于	gjy	2	3
归结于	gjy	3	3
关节炎	gjy	4	3
歌剧院	gjy	5	3
根茎叶	gjy	6	3
宫颈炎	gjy	7	3
观今宜鉴古	gjyg	1	4
国家一级	gjyj	3	4
国际亚军	gjyj	4	4
国际舆论	gjyl	2	4
过激言论	gjyl	3	4
国际一流水平	gjyp	1	4
关键因素	gjys	1	4
更加严重	gjyv	1	4
刚极易折	gjyv	2	4
国家意志	gjyv	3	4
国际要闻	gjyw	2	4
关键原因	gjyy	1	4
古今异义	gjyy	2	4
国家一级演员	gjyy	3	4
国家一级运动员	gjyy	4	4
关键字	gjz	2	3
关键在	gjz	3	3
官架子	gjz	4	3
国际资本	gjzb	1	4
共进早餐	gjzc	3	4
干净做事	gjzu	1	4
公开	gk	2	2
赶快	gk	3	2
感慨悲歌	gkbg	1	4
光看不说	gkbu	1	4
刚看到	gkd	1	3
公开道歉	gkdq	1	4
高开低走	gkdz	1	4
公开发表	gkfb	1	4
顾客反馈	gkfk	1	4
高考分数	gkfu	1	4
高空飞行	gkfx	1	4
观看广告	gkgg	1	4
更快更高更强	gkgq	1	4
高开高走	gkgz	1	4
公开化	gkh	1	3
更可恨	gkh	2	3
公开活动	gkhd	1	4
隔空喊话	gkhh	1	4
公开喊话	gkhh	2	4
高考成绩	gkij	1	4
公开处刑	gkix	1	4
高科技	gkj	1	3
刚看见	gkj	2	3
更快捷	gkj	3	3
高科技人才	gkjc	1	4
顾客就是上帝	gkjd	1	4
高考机器	gkjq	1	4
高科技产业	gkjy	1	4
公开课	gkk	1	3
赶快来	gkl	2	3
怪可怜	gkl	3	3
高考落榜	gklb	1	4
怪可怜的	gkld	2	4
公开露面	gklm	2	4
高考录取	gklq	1	4
顾客们	gkm	1	3
公开秘密	gkmm	1	4
攻克难关	gkng	1	4
更可怕	gkp	1	3
赶快跑	gkp	2	3
广口瓶	gkp	3	3
公开曝光	gkpg	1	4
公开批评	gkpp	1	4
高空抛物	gkpw	1	4
赶快去	gkq	1	3
港口区	gkq	2	3
国库券	gkq	3	3
顾客群体	gkqt	1	4
更可气的是	gkqu	1	4
公开赛	gks	1	3
高考体检	gktj	2	4
公开透明	gktm	1	4
顾客投诉	gkts	1	4
高空跳伞	gkts	2	4
刚开始	gku	1	3
各科室	gku	2	3
共克时艰	gkuj	1	4
高考试题	gkut	1	4
港口设施	gkuu	1	4
公开招标	gkvb	1	4
管窥之见	gkvj	1	4
高空坠物	gkvw	1	4
高考状元	gkvy	1	4
果壳网	gkw	2	3
公开信	gkx	1	3
概括性	gkx	2	3
公开宣传	gkxi	1	4
刮开有奖	gkyj	1	4
观看影片	gkyp	1	4
工科院校	gkyx	1	4
赶快走	gkz	1	3
高考作文	gkzw	1	4
过来	gl	2	2
管理	gl	3	2
哥伦布	glb	2	3
过两百	glb	3	3
佝偻病	glb	4	3
古里八怪	glbg	1	4
给脸不要脸	glbl	1	4
搞了半天	glbt	1	4
过了半天	glbt	2	4
管理层	glc	1	3
关联词	glc	2	3
干了错事	glcu	1	4
高利贷	gld	1	3
隔离带	gld	2	3
过滤掉	gld	3	3
鼓励大家	gldj	1	4
过了多久	gldj	2	4
各路大神	gldu	4	4
功力大增	gldz	1	4
过路费	glf	1	3
管理费	glf	2	3
锅炉房	glf	3	3
格列佛	glf	4	3
过量服药	glfy	1	4
逛了逛	glg	2	3
龟苓膏	glg	3	3
管理规定	glgd	1	4
各论各的	glgd	2	4
旮旯给木	glgm	1	4
改来改去	glgq	2	4
灌篮高手	glgu	3	4
公路干线	glgx	1	4
苟利国家生死以	glgy	2	4
过了会	glh	2	3
嘎拉哈	glh	3	3
光临惠顾	glhg	1	4
旮旯胡同	glht	2	4
葛立恒数	glhu	1	4
勾勒出	gli	1	3
果粒橙	gli	2	3
公路车	gli	3	3
管理处	gli	4	3
高龄产妇	glif	1	4
古老传统	glit	1	4
高露洁	glj	1	3
管理局	glj	2	3
古兰经	glj	3	3
公路局	glj	4	3
过了几个世纪	gljj	1	4
过了几秒	gljm	2	4
过了几年	gljn	3	4
过了几个时辰	gljo	1	4
过了几日	gljr	1	4
过了几天	gljt	1	4
过了几个钟头	gljt	2	4
过了几个小时	glju	1	4
过了几周	gljv	2	4
过了几个月	gljy	2	4
各类考试	glku	1	4
过来了	gll	1	3
孤零零	gll	2	3
光溜溜	gll	3	3
橄榄绿	gll	4	3
高利率	gll	5	3
骨碌碌	gll	6	3
骨灵冷火	gllh	1	4
过了两天	gllt	1	4
格莱美	glm	1	3
古罗马	glm	2	3
高粱面	glm	3	3
高粱米	glm	4	3
过路买卖	glmm	2	4
管理模式	glmu	2	4
给了没有	glmy	1	4
古老民族	glmz	1	4
过两年	gln	1	3
龚琳娜	gln	2	3
格林尼治时间	glnj	2	4
给了你多少钱	glnq	1	4
古力娜扎	glnv	2	4
改良派	glp	1	3
瓜蒌皮	glp	2	3
规律排精	glpj	2	4
过了片刻	glpk	2	4
管理器	glq	1	3
橄榄球	glq	2	3
过滤器	glq	3	3
过来人	glr	1	3
管理人	glr	2	3
过路人	glr	3	3
高利润	glr	4	3
更阑人静	glrj	1	4
各路人马	glrm	1	4
归来仍是少年	glrn	1	4
过劳死	gls	2	3
管理所	gls	3	3
干了什么	glsm	1	4
过两天	glt	2	3
格兰特	glt	3	3
观礼台	glt	4	3
格林童话	glth	1	4
勾栏听曲	gltq	1	4
公路上	glu	1	3
橄榄树	glu	2	3
公里数	glu	3	3
隔离霜	glu	4	3
格律诗	glu	5	3
高丽参	glu	6	3
功力深厚	gluh	1	4
古来圣贤皆寂寞	glum	1	4
跟了上去	gluq	1	4
各路神仙	glux	1	4
桂林山水甲天下	glux	2	4
管理者	glv	2	3
橄榄枝	glv	3	3
过两招	glv	4	3
过了这个村就没这个店	glvd	2	4
鼓励支持	glvi	1	4
过了这个村就没这个店了	glvl	1	4
管理知识	glvu	2	4
公路网	glw	1	3
管理委员会	glwh	1	4
勾栏瓦肆	glws	1	4
各类问题	glwt	1	4
勾栏瓦舍	glwu	2	4
过了些	glx	1	3
各类型	glx	2	3
管理学	glx	3	3
规律性	glx	4	3
鼓励消费	glxf	1	4
管理系统	glxt	2	4
管理员	gly	1	3
橄榄油	gly	2	3
鼓浪屿	gly	3	3
孤老院	gly	4	3
过了一会儿	glye	1	4
过了一会	glyh	1	4
过了一小会	glyh	2	4
管理员权限	glyx	1	4
过路阴阳	glyy	2	4
个例子	glz	1	3
过滤嘴	glz	2	3
膏粱子弟	glzd	1	4
官僚作风	glzf	1	4
公路自行车	glzi	2	4
官僚资产阶级	glzj	1	4
关老子屁事	glzu	1	4
官僚资本主义	glzy	1	4
干嘛	gm	1	2
购买	gm	2	2
赶忙	gm	3	2
搞明白	gmb	1	3
冠名播出	gmbi	1	4
灌木丛	gmc	1	3
高密度	gmd	1	3
国民党	gmd	2	3
革命党	gmd	3	3
光明大道	gmdd	1	4
革命道路	gmdl	1	4
古明地恋	gmdl	2	4
国民党反动派	gmdp	1	4
革命斗争	gmdv	1	4
革命队伍	gmdw	1	4
光敏癫痫	gmdx	1	4
关门弟子	gmdz	1	4
哥们儿	gme	1	3
赶明儿	gme	2	3
哥们儿义气	gmeq	1	4
拐卖儿童	gmet	1	4
归谬法	gmf	1	3
关门放狗	gmfg	2	4
感冒发烧	gmfu	1	4
鬼门关	gmg	1	3
革命干部	gmgb	1	4
各忙各的	gmgd	1	4
革命根据地	gmgd	2	4
干没干过	gmgg	1	4
国民革命军	gmgj	1	4
国民闺女	gmgn	1	4
各门各派	gmgp	1	4
购买过的店铺	gmgp	2	4
革命歌曲	gmgq	1	4
革命工作	gmgz	1	4
规模化	gmh	1	3
观摩会	gmh	2	3
赶庙会	gmh	3	3
革命化	gmh	4	3
规模宏大	gmhd	1	4
沟满壕平	gmhp	1	4
灌迷魂汤	gmht	1	4
革命军	gmj	1	3
革命家	gmj	2	3
国民军	gmj	3	3
购买记录	gmjl	1	4
伽马矫正	gmjv	1	4
观摩课	gmk	1	3
规模空前	gmkq	1	4
过马路	gml	1	3
根目录	gml	2	3
购买力	gml	3	3
感冒灵	gml	4	3
革命烈士	gmlu	1	4
革命领袖	gmlx	1	4
革命理想	gmlx	2	4
古墓丽影	gmly	1	4
诡秘莫测	gmmc	1	4
干嘛呢	gmn	1	3
购买能力	gmnl	1	4
果咩那塞	gmns	1	4
国民女神	gmnu	1	4
国民男神	gmnu	2	4
光明女神	gmnu	3	4
国民女婿	gmnx	1	4
擀面皮	gmp	1	3
革命派	gmp	2	3
冠名权	gmq	1	3
公民权	gmq	2	3
广袤千里	gmql	1	4
郭沫若	gmr	1	3
革命任务	gmrw	1	4
鬼迷日眼	gmry	1	4
肛门松弛	gmsi	1	4
国民素质	gmsv	1	4
各媒体	gmt	1	3
关木通	gmt	2	3
鬼明堂	gmt	3	3
革命史	gmu	1	3
购买设备	gmub	1	4
伽马射线暴	gmub	2	4
革命尚未成功	gmug	1	4
革命尚未成功，同志仍需努力	gmul	1	4
国民生产总值	gmuv	1	4
鬼马双星	gmux	2	4
估摸着	gmv	1	3
擀面杖	gmv	2	3
购买者	gmv	3	3
告密者	gmv	4	3
规模之大	gmvd	2	4
高明之处	gmvi	1	4
过命之交	gmvj	1	4
各民主党派	gmvp	1	4
革命政权	gmvq	1	4
鬼灭之刃	gmvr	1	4
擀面杖吹火一窍不通	gmvt	1	4
诡秘之主	gmvv	2	4
关门捉贼	gmvz	1	4
广袤无边	gmwb	1	4
个毛线	gmx	1	3
革命性	gmx	2	3
国民性	gmx	3	3
光敏性癫痫	gmxx	1	4
关门歇业	gmxy	1	4
过敏性鼻炎	gmxy	2	4
更没有	gmy	1	3
感冒药	gmy	2	3
过敏原	gmy	3	3
关美颜	gmy	4	3
国民岳父	gmyf	1	4
狗命要紧	gmyj	1	4
干冒烟了	gmyl	1	4
哥们义气	gmyq	1	4
革命意志	gmyv	1	4
给面子	gmz	1	3
高帽子	gmz	2	3
各民族	gmz	3	3
关贸总协定	gmzd	1	4
割脉自杀	gmzu	1	4
给你	gn	1	2
姑娘	gn	2	2
功能	gn	3	2
跟你比	gnb	1	3
工农兵	gnb	2	3
功能表	gnb	3	3
钙奶饼干	gnbg	1	4
敢怒不敢言	gnby	1	4
狗奴才	gnc	1	3
国难财	gnc	2	3
功能测试	gncu	1	4
高难度	gnd	1	3
高浓度	gnd	2	3
给你点	gnd	3	3
给你点赞	gndz	1	4
干女儿	gne	1	3
敢怒而不敢言	gney	1	4
归纳法	gnf	1	3
国内法	gnf	2	3
概念股	gng	1	3
国内国际	gngj	2	4
过年好	gnh	1	3
概念化	gnh	2	3
高能耗	gnh	3	3
国内环境	gnhj	2	4
给你好看	gnhk	1	4
隔年皇历	gnhl	1	4
狗拿耗子多管闲事	gnhu	1	4
归纳出	gni	1	3
国内产品	gnip	1	4
国内长途	gnit	1	4
观念创新	gnix	1	4
跟你讲	gnj	1	3
高年级	gnj	2	3
功能机	gnj	3	3
各年级	gnj	4	3
功能键	gnj	5	3
给你机会你不中用啊	gnja	1	4
姑娘家家的	gnjd	1	4
国内经济	gnjj	1	4
姑娘家家	gnjj	2	4
功能减退	gnjt	1	4
国内竞争	gnjv	1	4
国内空白	gnkb	1	4
国内客户	gnkh	1	4
贾乃亮	gnl	1	3
国内流量	gnll	1	4
国内领先	gnlx	1	4
干你妈	gnm	1	3
滚你妹的	gnmd	1	4
跟你们说	gnmu	1	4
跟你没关系	gnmx	1	4
国内贸易	gnmy	1	4
给你没有	gnmy	2	4
给你面子	gnmz	1	4
姑奶奶	gnn	1	3
狗男女	gnn	2	3
搁哪呢	gnn	3	3
干你娘	gnn	4	3
关你鸟事	gnnu	1	4
跟你闹着玩	gnnw	1	4
国内排名	gnpm	1	4
关你屁事	gnpu	1	4
更年期	gnq	1	3
功能强大	gnqd	1	4
归纳起来	gnql	1	4
功能齐全	gnqq	1	4
更年期综合征	gnqv	1	4
国内人才	gnrc	1	4
关你什么事	gnsu	1	4
功能图	gnt	1	3
归纳推理	gntl	1	4
跟你说	gnu	1	3
够你受	gnu	2	3
功能上	gnu	3	3
观念上	gnu	4	3
弓弩手	gnu	5	3
够你受的	gnud	1	4
国内首创	gnui	2	4
关你啥事	gnuu	1	4
搁你身上	gnuu	2	4
国内生产总值	gnuv	1	4
官能症	gnv	1	3
功能障碍	gnva	1	4
国楠蒸虾头	gnvt	1	4
功能主治	gnvv	1	4
国内外	gnw	1	3
归纳为	gnw	2	3
功能维护	gnwh	1	4
工农万岁	gnws	1	4
功能性	gnx	1	3
概念性	gnx	2	3
功能型	gnx	3	3
跟你相比	gnxb	1	4
国内形势	gnxu	1	4
工农业	gny	1	3
国内游	gny	2	3
给你一个	gnyg	1	4
给你一次机会	gnyh	1	4
工农业生产	gnyi	1	4
高能预警	gnyj	1	4
跟你一起	gnyq	1	4
国内要闻	gnyw	1	4
归纳演绎	gnyy	1	4
跟你一样	gnyy	2	4
国内最大	gnzd	1	4
归纳总结	gnzj	1	4
Google	goog	1	4
公平	gp	1	2
跟着	gp	2	2
高配版	gpb	1	3
光盘版	gpb	2	3
高攀不上	gpbu	2	4
各凭本事	gpbu	3	4
高频词	gpc	1	3
高频词汇	gpch	1	4
供配电	gpd	1	3
公平对决	gpdj	1	4
割袍断义	gpdy	1	4
公屏打字	gpdz	1	4
狗屁倒灶	gpdz	2	4
股票分红	gpfh	1	4
光屁股	gpg	1	3
狗皮膏	gpg	2	3
公平公正公开	gpgk	1	4
公平公正	gpgv	1	4
搞破坏	gph	1	3
搞破坏活动	gphd	2	4
跟屁虫	gpi	1	3
公平秤	gpi	2	3
跟平常一样	gpiy	1	4
股票价格	gpjg	1	4
公平竞技	gpjj	1	4
股票基金	gpjj	2	4
光盘加密	gpjm	1	4
股票交易所	gpjs	1	4
股票价值指数	gpju	1	4
高频考点	gpkd	1	4
公派留学	gplx	1	4
瓜皮帽	gpm	1	3
龟派气功波	gpqb	1	4
龟派气功	gpqg	1	4
高炮团	gpt	1	3
管培生	gpu	1	3
龟派神功	gpug	1	4
各派势力	gpul	1	4
挂牌上市	gpuu	1	4
高品质	gpv	1	3
光凭这一点	gpvd	1	4
股票指数	gpvu	1	4
公平正义	gpvy	1	4
高品位	gpw	1	3
高品味	gpw	2	3
公平无私	gpws	1	4
公平性	gpx	1	3
光谱学	gpx	2	3
股票型	gpx	3	3
够朋友	gpy	1	3
孤篇压全唐	gpyt	1	4
挂牌营业	gpyy	1	4
公平原则	gpyz	1	4
挂牌子	gpz	1	3
高频字	gpz	2	3
感情	gq	1	2
过去	gq	2	2
跟前	gq	3	2
观其变化	gqbh	2	4
顾前不顾后	gqbh	3	4
姑且不提	gqbt	1	4
观棋不语	gqby	1	4
观棋不语真君子	gqbz	1	4
过去的	gqd	1	3
高强度	gqd	2	3
高起点	gqd	3	3
钢琴弹唱	gqdi	1	4
过去的一年	gqdn	1	4
高强度自搜	gqds	1	4
高清电视	gqdu	1	4
过去的事	gqdu	2	4
高清电影	gqdy	1	4
股权分置	gqfv	1	4
国企改革	gqgg	1	4
肝气横逆	gqhn	1	4
搞清楚	gqi	1	3
感情冲动	gqid	1	4
搞清楚了	gqil	1	4
高清重制	gqiv	1	4
钢琴家	gqj	1	3
国庆节	gqj	2	3
宫崎骏	gqj	3	3
感情纠葛	gqjg	1	4
感情交流	gqjl	1	4
国庆假期	gqjq	1	4
过去进行时	gqju	1	4
过去了	gql	1	3
关起来	gql	2	3
更全面	gqm	1	3
关起门	gqm	2	3
鬼敲门	gqm	3	3
供求矛盾	gqmd	1	4
关起门来打狗	gqmg	1	4
隔墙瞄人	gqmr	1	4
过桥米线	gqmx	1	4
感情牌	gqp	1	3
感情破裂	gqpl	1	4
岗前培训	gqpx	1	4
钢琴曲	gqq	1	3
归侨侨眷	gqqj	1	4
更确切地说	gqqu	1	4
更确切的说	gqqu	2	4
感情融洽	gqrq	1	4
感情色彩	gqsc	1	4
公器私用	gqsy	1	4
共青团	gqt	1	3
钢琴弹唱	gqti	1	4
共青团组织	gqtv	1	4
共青团中央	gqty	2	4
感情投资	gqtz	1	4
过去时	gqu	1	3
感情上	gqu	2	3
感情深厚	gquh	1	4
感情生活	gquh	2	4
感情世界	gquj	1	4
寡情少义	gquy	1	4
感情真好	gqvh	1	4
刚枪指挥	gqvh	2	4
贵圈真乱	gqvl	1	4
关切之情	gqvq	1	4
苟且之事	gqvu	1	4
苟且之心	gqvx	1	4
感情稳定	gqwd	1	4
过气网红	gqwh	1	4
感情危机	gqwj	1	4
过去未来	gqwl	1	4
高清无码	gqwm	1	4
过去完成时	gqwu	1	4
高清晰度	gqxd	1	4
高清修复	gqxf	1	4
苟全性命于乱世	gqxu	1	4
国庆阅兵	gqyb	1	4
国企员工	gqyg	1	4
宫崎英高	gqyg	2	4
肝气郁结	gqyj	1	4
过去一年	gqyn	1	4
过期药品	gqyp	1	4
肝气郁滞	gqyv	2	4
钢琴演奏	gqyz	1	4
高清杂志网	gqzw	2	4
个人	gr	2	2
果然	gr	3	2
个人爱好	grah	1	4
光荣榜	grb	2	3
个人版	grb	3	3
果然不错	grbc	3	4
果然不出所料	grbl	1	4
公若不弃	grbq	1	4
个人词库	grck	1	4
隔热材料	grcl	1	4
狗日的	grd	1	3
工人党	grd	2	3
个人档案	grda	1	4
高人点拨	grdb	1	4
过人的本领	grdl	1	4
个人电脑	grdn	2	4
个人得失	grdu	2	4
贵人多忘事	grdu	3	4
给人的印象	grdx	1	4
公然反对	grfd	1	4
个人防护	grfh	3	4
骨肉分离	grfl	1	4
个人观点	grgd	3	4
个人感觉	grgj	2	4
光荣革命	grgm	1	4
个人感情	grgq	1	4
供热公司	grgs	3	4
感人故事	grgu	1	4
个人感受	grgu	2	4
管人痴	gri	2	3
个人成分	grif	1	4
个人成绩	grij	1	4
个人成就	grij	2	4
古人诚不我欺	griq	1	4
古人诚不欺我	griw	1	4
个人觉得	grjd	1	4
个人简介	grjj	2	4
个人见解	grjj	3	4
个人竞技	grjj	4	4
个人经历	grjl	2	4
个人简历	grjl	3	4
个人建议	grjy	3	4
感染力	grl	2	3
感染率	grl	3	3
个人魅力	grml	1	4
各人民团体	grmt	1	4
个人名誉	grmy	1	4
个人名义	grmy	2	4
赶热闹	grn	1	3
个人能力	grnl	1	4
个人评价	grpj	1	4
共荣圈	grq	2	3
干扰球	grq	3	3
骨肉情	grq	4	3
个人热点	grrd	1	4
个人认为	grrw	1	4
个人荣誉	grry	1	4
故入人罪	grrz	1	4
果如所料	grsl	1	4
个人所得税	grsu	1	4
果然是	gru	2	3
个人史	gru	3	3
光荣使命	grum	1	4
个人收入	grur	1	4
感染者	grv	1	3
高人指点	grvd	1	4
个人追求	grvq	2	4
个人主页	grvy	2	4
公认为	grw	1	3
赶任务	grw	2	3
个人物品	grwp	1	4
工人万岁	grws	1	4
个人卫生	grwu	1	4
个人网站	grwv	1	4
感染性	grx	2	3
干扰项	grx	3	3
光荣下播	grxb	2	4
个人喜好	grxh	1	4
怪人协会	grxh	2	4
勾人心魄	grxp	1	4
贵人相助	grxv	1	4
个人信息	grxx	2	4
个人选择	grxz	1	4
更容易	gry	2	3
古人云	gry	3	3
个人眼光	gryg	1	4
个人意见	gryj	1	4
个人业绩	gryj	2	4
个人愚见	gryj	3	4
个人养老	gryl	1	4
个人隐私	grys	3	4
给人一种	gryv	1	4
个人意志	gryv	2	4
个人英雄	gryx	1	4
个人邮箱	gryx	2	4
个人原因	gryy	2	4
个人意愿	gryy	3	4
个人英雄主义	gryy	4	4
过日子	grz	2	3
个人资料	grzl	1	4
各人自扫门前雪	grzx	1	4
个人自由	grzy	1	4
告诉	gs	2	2
公司	gs	3	2
过三百	gsb	1	3
过四百	gsb	2	3
光速变脸	gsbl	1	4
告诉别人	gsbr	1	4
公孙策	gsc	1	3
该死的	gsd	2	3
敢死队	gsd	3	3
高速度	gsd	4	3
公司倒闭	gsdb	1	4
告诉对方	gsdf	1	4
公司地址	gsdv	1	4
公司法	gsf	2	3
高斯分布	gsfb	1	4
光速飞船	gsfi	1	4
高速发展	gsfv	1	4
高斯过程	gsgi	1	4
公司规模	gsgm	1	4
赶死赶命	gsgm	2	4
敢扫敢赔	gsgp	1	4
光速滑跪	gshg	1	4
光速回家	gshj	2	4
姑苏城	gsi	2	3
钢丝床	gsi	3	3
光速出警	gsij	3	4
公司产品	gsip	1	4
公网IP	gsip	2	4
鼓瑟吹笙	gsiu	3	4
隔三差五	gsiw	2	4
赶森超载	gsiz	1	4
公司经营	gsjy	2	4
告诉了	gsl	2	3
高速路	gsl	3	3
公司利润	gslr	1	4
公司老总	gslz	1	4
干什么	gsm	2	3
干什么的	gsmd	1	4
搞什么鬼	gsmg	1	4
高斯模糊	gsmh	1	4
干什么呢	gsmn	1	4
各扫门前雪	gsmx	1	4
干什么用	gsmy	1	4
告诉你	gsn	1	3
告诉你们	gsnm	1	4
钢丝球	gsq	1	3
光速切割	gsqg	1	4
跟随其后	gsqh	1	4
龟速前进	gsqj	1	4
鼓瑟齐鸣	gsqm	2	4
光速去世	gsqu	4	4
公诉人	gsr	1	3
告诉人们	gsrm	1	4
归私人所有	gsry	2	4
告诉他	gst	1	3
告诉她	gst	2	3
公司团建	gstj	2	4
告诉他们	gstm	2	4
钢丝绳	gsu	1	3
甘肃省	gsu	2	3
高速神言	gsuy	2	4
高素质	gsv	2	3
公司制	gsv	3	3
公司职员	gsvy	1	4
告诉我	gsw	2	3
硅酸盐	gsy	1	3
高僧预测	gsyc	2	4
公司员工	gsyg	1	4
公司业绩	gsyj	2	4
骨髓移植	gsyv	1	4
公司业务	gsyw	1	4
告诉自己	gszj	1	4
给他	gt	1	2
共同	gt	2	2
沟通	gt	3	2
给他爱	gta	1	3
共同爱好	gtah	1	4
灌汤包	gtb	1	3
跟他比	gtb	2	3
钢铁般	gtb	3	3
改天吧	gtb	4	3
跟她比	gtb	5	3
国台办	gtb	6	3
光头疤	gtb	7	3
顾头不顾腚	gtbd	1	4
狗头保命	gtbm	1	4
狗头表情	gtbq	1	4
更谈不上	gtbu	1	4
顾头不顾尾	gtbw	1	4
感叹不已	gtby	1	4
感叹词	gtc	1	3
改套餐	gtc	2	3
共同参与	gtcy	1	4
共同点	gtd	1	3
鬼图打码	gtdm	2	4
广庭大众	gtdv	1	4
个头儿	gte	1	3
赶趟儿	gte	2	3
高挑儿	gte	3	3
哥特风	gtf	1	3
刮台风	gtf	2	3
宫廷风	gtf	3	3
故态复发	gtff	1	4
共同繁荣	gtfr	1	4
共同关注	gtgv	1	4
港台歌星	gtgx	1	4
感叹号	gth	1	3
个体户	gth	2	3
罐头盒	gth	3	3
过头话	gth	4	3
钢铁洪流	gthl	1	4
给条活路	gthl	2	4
共同话题	gtht	1	4
光天化日之下	gthx	1	4
共同好友	gthy	2	4
钢铁厂	gti	1	3
共同处	gti	2	3
个体差异	gtiy	1	4
跟他讲	gtj	1	3
感叹句	gtj	2	3
固体胶	gtj	3	3
骨头架	gtj	4	3
港台剧	gtj	5	3
国土局	gtj	6	3
改天继续	gtjx	1	4
工藤静香	gtjx	2	4
骨头架子	gtjz	2	4
国通快递	gtkd	1	4
共同开发	gtkf	1	4
改天聊	gtl	1	3
古天乐	gtl	2	3
个体劳动	gtld	1	4
狗头萝莉	gtll	1	4
个体劳动者	gtlv	1	4
给他们	gtm	1	3
给她们	gtm	2	3
鬼推磨	gtm	3	3
公摊面积	gtmj	1	4
过屠门而大嚼	gtmj	2	4
跟他们说	gtmu	1	4
跟她没关系	gtmx	1	4
跟他没关系	gtmx	2	4
给他没有	gtmy	1	4
给她没有	gtmy	2	4
管他呢	gtn	1	3
干他娘的	gtnd	1	4
光头强	gtq	1	3
港台腔	gtq	2	3
感天泣地	gtqd	1	4
共同签署	gtqu	1	4
高投入	gtr	1	3
共同任务	gtrw	1	4
古铜色	gts	1	3
管他三七二十一	gtsy	1	4
光秃秃	gtt	1	3
共同体	gtt	2	3
鬼探头	gtt	3	3
官太太	gtt	4	3
共同提高	gttg	1	4
共同推出	gtti	1	4
高台跳水	gttu	1	4
跟他说	gtu	1	3
跟她说	gtu	2	3
哥特式	gtu	3	3
够他受	gtu	4	3
够她受	gtu	5	3
古体诗	gtu	6	3
钢铁是怎样炼成的	gtud	1	4
够他受的	gtud	2	4
够她受的	gtud	3	4
共同生活	gtuh	1	4
共同声明	gtum	1	4
罐头食品	gtup	1	4
光腿神器	gtuq	1	4
高铁站	gtv	1	3
高通胀	gtv	2	3
钢铁直男	gtvn	1	4
钢铁直女	gtvn	2	4
寡头政治	gtvv	1	4
各条战线	gtvx	1	4
共同维护	gtwh	1	4
共同完成	gtwi	1	4
钢铁侠	gtx	1	3
共同性	gtx	2	3
观天象	gtx	3	3
高筒靴	gtx	4	3
钙铁锌	gtx	5	3
跟他相比	gtxb	1	4
共同行动	gtxd	1	4
哥谭小丑	gtxi	1	4
高通骁龙	gtxl	1	4
罐头笑声	gtxu	1	4
钙铁锌硒	gtxx	1	4
工藤新一	gtxy	1	4
共同心愿	gtxy	2	4
沟通协作	gtxz	1	4
宫廷玉液酒	gtyj	1	4
固体饮料	gtyl	1	4
固态硬盘	gtyp	1	4
干他一票	gtyp	2	4
跟他一起	gtyq	2	4
跟他一样	gtyy	2	4
跟她一样	gtyy	3	4
跟它一样	gtyy	4	4
狗腿子	gtz	1	3
改天再	gtz	2	3
国土资源部	gtzb	1	4
改天再说	gtzu	1	4
国土资源	gtzy	1	4
感受	gu	2	2
故事	gu	3	2
给双倍	gub	2	3
感受不到	gubd	1	4
过时不候	gubh	1	4
故事背景	gubj	3	4
光说不练	gubl	2	4
工商部门	gubm	1	4
管杀不管埋	gubm	2	4
割舍不去	gubq	2	4
狗屎不如	gubr	1	4
高烧不退	gubt	2	4
该说不说	gubu	1	4
光说不练假把式	gubu	2	4
工伤保险	gubx	1	4
割舍不下	gubx	2	4
管生不管养	guby	1	4
光说不做	gubz	1	4
古诗词	guc	2	3
更深层	guc	3	3
隔水层	guc	4	3
感受到	gud	2	3
归属地	gud	3	3
逛商店	gud	4	3
观赏度	gud	5	3
各市地	gud	6	3
感受到的	gudd	2	4
公式打法	gudf	1	4
故事大纲	gudg	3	4
感受到了	gudl	2	4
故事的开头	gudt	1	4
古神低语	gudy	1	4
拱手而降	guej	1	4
工时费	guf	2	3
高帅富	guf	3	3
高手风范	guff	4	4
赶上风口	gufk	1	4
干湿分离	gufl	1	4
关上房门	gufm	1	4
告上法庭	guft	1	4
过失犯罪	gufz	1	4
归属感	gug	1	3
故事梗概	gugg	1	4
格式工厂	gugi	1	4
公说公有理，婆说婆有理	gugl	2	4
高手过招	gugv	1	4
更适合	guh	2	3
古时候	guh	3	3
格式化	guh	4	3
故事会	guh	5	3
公式化	guh	6	3
工商户	guh	7	3
高声呼喊	guhh	1	4
广受好评	guhp	2	4
股市行情	guhq	1	4
工商行政	guhv	2	4
广受欢迎	guhy	2	4
过山车	gui	2	3
关上窗户	guih	3	4
赶时间	guj	1	3
工商局	guj	2	3
国税局	guj	3	3
工商界	guj	4	3
古是今非	gujf	1	4
高尚精神	guju	2	4
观赏价值	gujv	1	4
宫商角徵羽	gujy	2	4
更深刻	guk	2	3
挂绳孔	guk	3	3
杠上开花	gukh	1	4
概率论	gul	1	3
感受力	gul	2	3
工商联	gul	3	3
跟谁俩呢	guln	2	4
怪石嶙峋	gulx	1	4
干什么	gum	2	3
搞什么	gum	3	3
赶时髦	gum	4	3
高水平	gup	2	3
高射炮	gup	3	3
故事片	gup	4	3
公示牌	gup	5	3
高尚品格	gupg	1	4
高尚品质	gupv	1	4
搞事情	guq	1	3
个事情	guq	2	3
搞上去	guq	3	3
公示期	guq	4	3
高尚情操	guqc	2	4
故事情节	guqj	1	4
干啥去了	guql	1	4
过生日	gur	2	3
更深入	gur	3	3
高收入	gur	4	3
改善人民生活	gurh	1	4
高手如林	gurl	1	4
狗是人类最好的朋友	gury	2	4
高山上	guu	2	3
怪蜀黍	guu	3	3
怪叔叔	guu	4	3
格式刷	guu	5	3
各省市	guu	6	3
跟上时代	guud	1	4
改善生活	guuh	2	4
高尚是高尚者的墓志铭	guum	1	4
感受着	guv	2	3
更甚者	guv	3	3
干涉者	guv	4	3
给事中	guv	5	3
攻守转换	guvh	4	4
古生物	guw	2	3
古诗文	guw	3	3
盖世武功	guwg	1	4
国士无双	guwu	4	4
干啥玩意	guwy	1	4
观赏性	gux	2	3
故事性	gux	3	3
共时性	gux	4	3
各市县	gux	5	3
感受性	gux	6	3
高山峡谷	guxg	1	4
狗屎运	guy	2	3
高收益	guy	3	3
更适应	guy	4	3
观世音	guy	5	3
工商业	guy	6	3
观赏鱼	guy	7	3
更深一步	guyb	1	4
共侍一夫	guyf	1	4
更上一层楼	guyl	1	4
观世音菩萨	guys	3	4
更是一种	guyv	2	4
感受一下	guyx	2	4
攻守易形	guyx	3	4
高山族	guz	2	3
高手在民间	guzj	1	4
公式做题就是快	guzk	1	4
干啥子哦	guzo	2	4
公式做题	guzt	1	4
该是怎样就怎样	guzy	1	4
关注	gv	2	2
各种	gv	3	2
港珠澳	gva	2	3
共筑爱巢	gvai	1	4
公主抱	gvb	1	3
公主病	gvb	2	3
高中部	gvb	3	3
各种版本	gvbb	2	4
各种不同的	gvbd	2	4
刚正不阿	gvbe	1	4
各种办法	gvbf	1	4
各种不同	gvbt	1	4
各种不同类型	gvbx	1	4
高中毕业	gvby	1	4
光着膀子	gvbz	1	4
鬼知道	gvd	2	3
关注度	gvd	3	3
关注点	gvd	4	3
公正地	gvd	5	3
冠状动脉粥样硬化	gvdh	2	4
国之栋梁	gvdl	1	4
故纸堆里	gvdl	2	4
刚中带柔	gvdr	1	4
公制单位	gvdw	1	4
公主殿下	gvdx	1	4
跟真的一样	gvdy	1	4
钩直饵咸	gvex	1	4
各种方法	gvff	1	4
甘旨肥浓	gvfn	1	4
归真返璞	gvfp	1	4
各种方式	gvfu	3	4
公正法治	gvfv	1	4
冠状沟	gvg	2	3
各种规格	gvgg	2	4
跟着感觉	gvgj	2	4
各找各妈	gvgm	1	4
贵州贵阳	gvgy	2	4
跟着感觉走	gvgz	1	4
公众号	gvh	1	3
改朝换代	gvhd	2	4
公证处	gvi	2	3
革职查办	gvib	1	4
公众场合	gvih	1	4
光着脚	gvj	2	3
干着急	gvj	3	3
根状茎	gvj	4	3
高中阶段	gvjd	1	4
公证机关	gvjg	1	4
高知家庭	gvjt	3	4
贵重金属	gvju	2	4
高质量	gvl	2	3
关之琳	gvl	3	3
感召力	gvl	4	3
关注列表	gvlb	2	4
公主连结	gvlj	1	4
各种类型	gvlx	1	4
各种理由	gvly	1	4
公众利益	gvly	2	4
观众老爷	gvly	3	4
各种矛盾	gvmd	1	4
古装美女	gvmn	1	4
古装美男	gvmn	2	4
甘蔗没有两头甜	gvmt	1	4
跟这没关系	gvmx	1	4
高中没毕业	gvmy	2	4
隔着屏幕	gvpm	3	4
公众平台	gvpt	1	4
观众朋友	gvpy	1	4
改正缺点	gvqd	1	4
各种情况	gvqk	1	4
各种情形	gvqx	1	4
公证人	gvr	2	3
各种人	gvr	3	3
广州人	gvr	4	3
观者如潮	gvri	1	4
公众人物	gvrw	1	4
个中三昧	gvsm	1	4
观众台	gvt	2	3
公忠体国	gvtg	1	4
公众投票	gvtp	3	4
高中同学	gvtx	1	4
广州市	gvu	1	3
高中生	gvu	2	3
公证书	gvu	3	3
国中生	gvu	4	3
高中生活	gvuh	2	4
各种事情	gvuq	1	4
哥只是个传说	gvuu	2	4
公众事物	gvuw	1	4
个正着	gvv	1	3
故障诊断	gvvd	2	4
股掌之间	gvvj	1	4
股掌之中	gvvv	1	4
各种职业	gvvy	1	4
光锥之内，皆是命运	gvvy	2	4
胳肢窝	gvw	2	3
歌者文明	gvwm	1	4
各种问题	gvwt	2	4
公众微信	gvwx	1	4
观众席	gvx	1	3
感召下	gvx	2	3
公正性	gvx	3	3
古装戏	gvx	4	3
各种想法	gvxf	1	4
高中学历	gvxl	2	4
更重要	gvy	2	3
弓着腰	gvy	3	3
更重要的	gvyd	1	4
更主要的	gvyd	2	4
各种诱惑	gvyh	2	4
公众舆论	gvyl	1	4
各种因素	gvys	2	4
更重要的因素	gvys	3	4
更重要的是	gvyu	3	4
公之与众	gvyv	3	4
个中原委	gvyw	1	4
高职院校	gvyx	1	4
关注一下	gvyx	2	4
各种原因	gvyy	1	4
过阵子	gvz	2	3
管住嘴	gvz	3	3
各种做法	gvzf	1	4
管住嘴迈开腿	gvzt	1	4
给我	gw	2	2
跟我	gw	3	2
各位	gw	4	2
公文包	gwb	1	3
狗尾巴	gwb	2	3
岗位补贴	gwbt	1	4
高温补贴	gwbt	2	4
歌舞表演	gwby	1	4
狗尾草	gwc	1	3
购物袋	gwd	1	3
高纬度	gwd	2	3
公文袋	gwd	3	3
各位代表	gwdb	1	4
关我屌事	gwdu	1	4
鼓舞斗志	gwdv	1	4
够味儿	gwe	1	3
过五关	gwg	1	3
各玩各的	gwgd	1	4
购物广场	gwgi	1	4
过五关斩六将	gwgj	1	4
各位观众	gwgv	2	4
管委会	gwh	1	3
古文化	gwh	2	3
高位厚禄	gwhl	1	4
购物车	gwi	1	3
高温超导	gwid	1	4
公务缠身	gwiu	2	4
歌舞剧	gwj	1	3
港务局	gwj	2	3
歌舞伎町	gwjt	3	4
高位截肢	gwjv	1	4
各位看官	gwkg	1	4
国外客户	gwkh	1	4
购物狂欢节	gwkj	1	4
怪我咯	gwl	1	3
跟我来	gwl	2	3
各位领导	gwld	1	4
高危漏洞	gwld	2	4
敢问路在何方	gwlf	1	4
更为灵活	gwlh	1	4
怪物猎人	gwlr	1	4
各位老师	gwlu	1	4
广为流传	gwlv	1	4
更为理想	gwlx	1	4
给我们	gwm	1	3
古文明	gwm	2	3
跟我们说	gwmu	1	4
更为浓厚	gwnh	1	4
关我鸟事	gwnu	1	4
更为迫切	gwpq	1	4
购物平台	gwpt	1	4
关我屁事	gwpu	1	4
各位朋友	gwpy	1	4
购物券	gwq	1	3
国务卿	gwq	2	3
光污染	gwr	1	3
高危人群	gwrq	1	4
甘为人梯	gwrt	1	4
拐弯让直行	gwrx	3	4
公务人员	gwry	1	4
格瓦斯	gws	1	3
个问题	gwt	1	3
歌舞厅	gwt	2	3
歌舞团	gwt	3	3
顾问团	gwt	4	3
各位同学	gwtx	1	4
敢为天下先	gwtx	2	4
跟我说	gwu	1	3
岗位上	gwu	2	3
个位数	gwu	3	3
搞卫生	gwu	4	3
够我受	gwu	5	3
贵我双方	gwuf	1	4
购物商场	gwui	2	4
过往甚密	gwum	1	4
鼓舞士气	gwuq	1	4
搁我身上	gwuu	1	4
关我神马事	gwuu	2	4
干我这行	gwvh	1	4
光武中兴	gwvx	2	4
格外注意	gwvy	2	4
沟洼洼	gww	1	3
该我玩了	gwwl	1	4
过往行人	gwxr	1	4
更为显著	gwxv	1	4
格外小心	gwxx	1	4
公务员	gwy	1	3
国务院	gwy	2	3
宫外孕	gwy	3	3
国务院对台办	gwyb	1	4
给我一个	gwyg	1	4
国务院宗教事务局	gwyj	1	4
国务院总理	gwyl	1	4
跟我一起	gwyq	1	4
国外友人	gwyr	1	4
国务院办公厅	gwyt	1	4
国务院特殊津贴	gwyt	2	4
更为严重	gwyv	2	4
国务院发展研究中心	gwyx	1	4
跟我有什么关系	gwyx	2	4
跟我一样	gwyy	1	4
过往云烟	gwyy	2	4
瓜娃子	gwz	1	3
古文字	gwz	2	3
古玩字画	gwzh	1	4
割腕自杀	gwzu	2	4
关系	gx	2	2
关心	gx	3	2
关心爱护	gxah	1	4
干细胞	gxb	1	3
共享版	gxb	2	3
冠心病	gxb	3	3
工信部	gxb	4	3
肝细胞	gxb	5	3
关系不错	gxbc	1	4
关系不大	gxbd	1	4
关系不好	gxbh	1	4
光学变焦	gxbj	2	4
高兴不起来	gxbl	1	4
关心别人	gxbr	1	4
供血不足	gxbz	1	4
各项措施	gxcu	1	4
关系到	gxd	2	3
鬼晓得	gxd	3	3
高兴地	gxd	4	3
高兴得	gxd	5	3
干洗店	gxd	6	3
公信度	gxd	7	3
搞笑担当	gxdd	1	4
各项贷款	gxdk	1	4
惯性定律	gxdl	1	4
高姓大名	gxdm	1	4
高兴的是	gxdu	1	4
国学大师	gxdu	2	4
个性短语	gxdy	1	4
搞小动作	gxdz	1	4
感谢大自然的馈赠	gxdz	2	4
关系恶化	gxeh	1	4
高兴而来	gxel	1	4
高消费	gxf	1	3
光学防抖	gxfd	1	4
刚下飞机	gxfj	1	4
股息分配	gxfp	1	4
关系非常密切	gxfq	1	4
关系匪浅	gxfq	2	4
管辖范围	gxfw	1	4
感谢分享	gxfx	1	4
各项规定	gxgd	1	4
更新公告	gxgg	2	4
更新观念	gxgn	1	4
高兴过头	gxgt	1	4
更喜欢	gxh	2	3
关系好	gxh	3	3
关系户	gxh	4	3
个性化	gxh	5	3
个性化推荐	gxhj	1	4
高兴坏了	gxhl	1	4
个性化推送	gxhs	3	4
关小黑屋	gxhw	1	4
搞宣传	gxi	2	3
高峡出平湖	gxih	1	4
盥洗间	gxj	1	3
裹小脚	gxj	2	3
硅橡胶	gxj	3	3
高兴极了	gxjl	1	4
供需见面	gxjm	2	4
高新技术开发区	gxjq	1	4
更相减损	gxjs	1	4
工薪家庭	gxjt	1	4
各学科	gxk	1	3
共享宽带	gxkd	1	4
更新了	gxl	1	3
公信力	gxl	2	3
古希腊	gxl	3	3
高效率	gxl	4	3
高学历	gxl	5	3
感谢老板	gxlb	1	4
广西老表	gxlb	2	4
古希腊掌管	gxlg	1	4
高下立见	gxlj	1	4
高下立判	gxlp	1	4
感谢楼主分享	gxlx	1	4
高效利用	gxly	1	4
供需矛盾	gxmd	1	4
感谢你	gxn	1	3
高性能	gxn	2	3
过新年	gxn	3	3
高效能	gxn	4	3
肝性脑病	gxnb	1	4
隔靴挠痒	gxny	1	4
革新派	gxp	1	3
感谢陪伴	gxpb	1	4
关系平等	gxpd	2	4
干性皮肤	gxpf	1	4
更新频率	gxpl	1	4
高薪聘请	gxpq	1	4
肝心脾肺肾	gxpu	1	4
感兴趣	gxq	1	3
个星期	gxq	2	3
滚雪球	gxq	3	3
高新区	gxq	4	3
各县区	gxq	5	3
固线器	gxq	6	3
管辖权	gxq	7	3
高兴起来	gxql	2	4
个性签名	gxqm	2	4
怪吓人	gxr	1	3
广西人	gxr	2	3
公休日	gxr	3	3
故乡人	gxr	4	3
关系融洽	gxrq	1	4
更新日志	gxrv	1	4
高校认证	gxrv	2	4
过些日子	gxrz	1	4
干休所	gxs	1	3
高晓松	gxs	2	3
惯性思维	gxsw	1	4
过些天	gxt	2	3
高血糖	gxt	3	3
关系图	gxt	4	3
观象台	gxt	5	3
归西天	gxt	6	3
关晓彤	gxt	7	3
关系挺好	gxth	1	4
个性突出	gxti	1	4
个性推荐	gxtj	2	4
关心体贴	gxtt	1	4
个性特征	gxtv	1	4
光纤通信	gxtx	2	4
更像是	gxu	2	3
个小时	gxu	3	3
管闲事	gxu	4	3
盥洗室	gxu	5	3
供销社	gxu	6	3
关系式	gxu	7	3
感谢上帝	gxud	1	4
顾小失大	gxud	2	4
搞笑视频	gxup	1	4
高血脂	gxv	2	3
攻心战	gxv	3	3
固弦锥	gxv	4	3
各项指标	gxvb	1	4
各项政策	gxvc	1	4
各项制度	gxvd	1	4
关系重大	gxvd	2	4
共享账号	gxvh	2	4
广西壮族自治区	gxvq	1	4
功勋卓著	gxvv	2	4
关系网	gxw	2	3
更新完毕	gxwb	1	4
更新文件	gxwj	1	4
共享文件	gxwj	2	4
感谢信	gxx	1	3
怪现象	gxx	2	3
光学显微镜	gxxj	1	4
革心洗面	gxxm	2	4
更需要	gxy	1	3
高血压	gxy	2	3
管弦乐	gxy	3	3
工学院	gxy	4	3
高效益	gxy	5	3
高血压病	gxyb	1	4
管弦乐队	gxyd	1	4
高薪养廉	gxyl	1	4
感谢有你	gxyn	1	4
更弦易辙	gxyv	2	4
更新游戏	gxyx	2	4
工薪族	gxz	1	3
关心则乱	gxzl	1	4
共享资料	gxzl	2	4
共享资源	gxzy	1	4
个性资源	gxzy	2	4
关于	gy	2	2
过于	gy	3	2
雇佣兵	gyb	1	3
过一遍	gyb	2	3
滚一边	gyb	3	3
过一百	gyb	4	3
供应部	gyb	5	3
工业部	gyb	6	3
公益宝贝	gybb	1	4
过硬本领	gybl	1	4
滚一边去	gybq	2	4
歌咏比赛	gybs	1	4
过一本线	gybx	1	4
故意不小心	gybx	2	4
各有不足	gybz	2	4
各一次	gyc	1	3
卦爻辞	gyc	2	3
国有财产	gyci	2	4
各有侧重	gycv	1	4
高一点	gyd	1	3
过一段	gyd	2	3
高压电	gyd	3	3
高与低	gyd	4	3
古印度	gyd	5	3
国语对白	gydb	1	4
工业大国	gydg	1	4
该有多好	gydh	2	4
过一段时间	gydj	2	4
感应电流	gydl	2	4
故意刁难	gydn	1	4
广义地说	gydu	1	4
国有大中型企业	gydy	1	4
该有的样子	gydz	1	4
故意而为之	gyev	1	4
皈依佛门	gyfm	1	4
古一法师	gyfu	1	4
故意放水	gyfu	2	4
工业发展	gyfv	1	4
干一番事业	gyfy	2	4
故意犯罪	gyfz	1	4
过一个	gyg	1	3
更应该	gyg	2	3
逛一逛	gyg	3	3
改一改	gyg	4	3
高压锅	gyg	5	3
狗咬狗	gyg	6	3
工业国	gyg	7	3
各有各的	gygd	1	4
国有国法	gygf	1	4
公益广告	gygg	1	4
各有各好	gygh	1	4
工业工程	gygi	1	4
各有各的好处	gygi	2	4
工业国家	gygj	1	4
国与国之间	gygj	2	4
狗咬狗一嘴毛	gygm	2	4
工业光魔	gygm	3	4
雇佣工人	gygr	1	4
孤言寡语	gygy	2	4
过一会	gyh	1	3
工业化	gyh	2	3
肝硬化	gyh	3	3
歌友会	gyh	4	3
国有化	gyh	5	3
公有化	gyh	6	3
归一化	gyh	7	3
过氧化	gyh	8	3
公益活动	gyhd	1	4
干一行爱一行	gyhh	1	4
各有好处	gyhi	1	4
关云长	gyi	1	3
鬼压床	gyi	2	3
隔夜仇	gyi	3	3
隔夜茶	gyi	4	3
各有长处	gyii	1	4
赶英超美	gyim	1	4
工业产品	gyip	1	4
工业城市	gyiu	1	4
敢于尝试	gyiu	2	4
鬼影缠身	gyiu	3	4
雇佣军	gyj	2	3
冠亚军	gyj	3	3
工业级	gyj	4	3
柜员机	gyj	5	3
工业局	gyj	6	3
公益金	gyj	7	3
给予警告	gyjg	1	4
格言警句	gyjj	2	4
惯用伎俩	gyjl	1	4
狗眼看人低	gykd	2	4
过于苛刻	gykk	1	4
狗眼看人	gykr	1	4
供应链	gyl	1	3
供应量	gyl	2	3
公寓楼	gyl	3	3
狗咬吕洞宾	gylb	3	4
过于落后	gylh	1	4
工业垃圾	gylj	1	4
桂圆莲子八宝粥	gylv	1	4
狗咬吕洞宾，不识好人心	gylx	1	4
狗咬吕洞宾不识好人心	gylx	2	4
观音庙	gym	1	3
搞阴谋	gym	2	3
诡异莫测	gymc	1	4
光耀门楣	gymm	1	4
光耀门庭	gymt	1	4
鬼影迷踪	gymz	1	4
顾影弄姿	gynz	1	4
工艺品	gyp	1	3
工业品	gyp	2	3
干一票	gyp	3	3
干一票大的	gypd	1	4
归于平静	gypj	1	4
观音菩萨	gyps	1	4
关音菩萨	gyps	2	4
公元前	gyq	1	3
感应器	gyq	2	3
工业区	gyq	3	3
光耀千古	gyqg	1	4
公元前后	gyqh	1	4
国有企事业单位	gyqw	1	4
工银瑞信	gyrx	1	4
够意思	gys	1	3
国育速录	gysl	1	4
各有所取	gysq	1	4
葛优躺	gyt	1	3
挂羊头	gyt	2	3
各有特点	gytd	1	4
雇佣童工	gytg	1	4
归园田居	gytj	1	4
工业糖精	gytj	2	4
挂羊头卖狗肉	gytr	1	4
过一天算一天	gytt	1	4
更衣室	gyu	1	3
供应商	gyu	2	3
公约数	gyu	3	3
归于失败	gyub	1	4
工业时代	gyud	1	4
高压手段	gyud	2	4
工业社会	gyuh	1	4
工业设计	gyuj	1	4
肝阳上亢	gyuk	1	4
高压水枪	gyuq	1	4
工欲善其事，必先利其器	gyuq	2	4
故意杀人	gyur	1	4
公用设施	gyuu	1	4
工欲善其事	gyuu	2	4
故意杀人罪	gyuz	1	4
故意伤害罪	gyuz	2	4
更严重	gyv	1	3
过一阵	gyv	2	3
概言之	gyv	3	3
公有制	gyv	4	3
国有制	gyv	5	3
高压政策	gyvc	1	4
公有制经济	gyvj	1	4
光翼展开	gyvk	1	4
过于真实	gyvu	2	4
工业战线	gyvx	1	4
高压中心	gyvx	2	4
关于我	gyw	1	3
过一些	gyx	1	3
改一下	gyx	2	3
逛一下	gyx	3	3
更有效	gyx	4	3
公益性	gyx	5	3
各院校	gyx	6	3
高优先级	gyxj	2	4
过于先进	gyxj	3	4
广义相对论	gyxl	1	4
高原现象	gyxx	2	4
个原因	gyy	2	3
归因于	gyy	3	3
高圆圆	gyy	4	3
工业园	gyy	5	3
更优越	gyy	6	3
惯用语	gyy	7	3
各有优点	gyyd	1	4
各有用处	gyyi	1	4
各有优劣	gyyl	1	4
工业原料	gyyl	2	4
固有一死	gyys	1	4
更有意思	gyys	2	4
工业用水	gyyu	1	4
共饮一江水	gyyu	2	4
歌以咏志	gyyv	2	4
割以永治	gyyv	3	4
更有意义	gyyy	3	4
故意作对	gyzd	1	4
赶鸭子上架	gyzj	1	4
观音坐莲	gyzl	2	4
公约组织	gyzv	1	4
工作	gz	2	2
各自	gz	3	2
个子矮	gza	1	3
工作安排	gzap	1	4
工资表	gzb	2	3
工作表	gzb	3	3
工作簿	gzb	4	3
个子不高	gzbg	2	4
工资不高	gzbg	3	4
工作部署	gzbu	1	4
工作餐	gzc	1	3
狗仔队	gzd	2	3
工作队	gzd	3	3
工资单	gzd	4	3
故作多情	gzdq	1	4
功在当代利在千秋	gzdq	2	4
跪在地上	gzdu	1	4
更糟的是	gzdu	2	4
瓜子二手车直卖网	gzew	1	4
工作服	gzf	2	3
公租房	gzf	3	3
工作方针	gzfv	1	4
工作负责	gzfz	1	4
公子哥	gzg	1	3
够资格	gzg	2	3
更糟糕	gzg	3	3
个子高	gzg	4	3
个子高高	gzgg	1	4
工资管理	gzgl	1	4
规则怪谈	gzgt	1	4
工作关系	gzgx	1	4
国字号	gzh	1	3
冠字号	gzh	2	3
个子很高	gzhg	1	4
工资很高	gzhg	2	4
工作环境	gzhj	1	4
构造函数	gzhu	1	4
工作处	gzi	1	3
给自己	gzj	2	3
跟自己	gzj	3	3
国子监	gzj	4	3
工作间	gzj	5	3
果子酒	gzj	6	3
干燥剂	gzj	7	3
干燥机	gzj	8	3
果子酱	gzj	9	3
贵族积分	gzjf	1	4
工作机会	gzjh	2	4
工作经历	gzjl	1	4
关在家里	gzjl	2	4
光子精灵	gzjl	3	4
故作坚强	gzjq	1	4
狗坐轿子	gzjz	1	4
工作狂	gzk	2	3
工资卡	gzk	3	3
工作狂魔	gzkm	1	4
骨子里	gzl	1	3
工作量	gzl	2	3
国字脸	gzl	3	3
瓜子脸	gzl	4	3
果子狸	gzl	5	3
工作力度	gzld	1	4
工作流程	gzli	2	4
狗嘴里吐不出象牙	gzly	1	4
给足了面子	gzlz	1	4
该怎么	gzm	2	3
该怎么办	gzmb	1	4
该怎么样	gzmy	1	4
给足面子	gzmz	1	4
工作难度	gznd	1	4
工作能力	gznl	1	4
工作内容	gznr	1	4
工作年限	gznx	1	4
庚子赔款	gzpk	1	4
工作区	gzq	1	3
干燥器	gzq	2	3
故作清高	gzqg	1	4
工作情况	gzqk	1	4
各族群众	gzqv	1	4
工作日	gzr	2	3
瓜子仁	gzr	3	3
工作日内	gzrn	2	4
工作日志	gzrv	1	4
改造思想	gzsx	1	4
工作台	gzt	2	3
高姿态	gzt	3	3
工作态度	gztd	1	4
工作通知	gztv	2	4
狗嘴吐不出象牙	gzty	1	4
工作室	gzu	1	3
刽子手	gzu	2	3
工作上	gzu	3	3
格子衫	gzu	4	3
工作生活	gzuh	1	4
工作顺利	gzul	1	4
鼓足士气	gzuq	1	4
工资收入	gzur	1	4
公子世无双	gzuu	3	4
工作者	gzv	2	3
工作中	gzv	3	3
狗杂种	gzv	4	3
工作证	gzv	5	3
高增长	gzv	6	3
工作站	gzv	7	3
故作镇定	gzvd	2	4
故作镇静	gzvj	1	4
贵在真实	gzvu	3	4
工作之余	gzvy	1	4
干燥箱	gzx	2	3
工作性质	gzxv	1	4
工作学习	gzxx	1	4
该怎样	gzy	2	3
归罪于	gzy	3	3
过嘴瘾	gzy	4	3
各走一边	gzyb	2	4
贵族运动	gzyd	1	4
工作原理	gzyl	1	4
工作压力	gzyl	2	4
工作要求	gzyq	2	4
顾左右而言他	gzyt	1	4
顾左右而言它	gzyt	2	4
刚则易折	gzyv	1	4
工作原因	gzyy	1	4
该怎样就怎样	gzyy	2	4
工作原则	gzyz	4	4
工作组	gzz	2	3
狗崽子	gzz	3	3
挂在嘴边	gzzb	1	4
贵族子弟	gzzd	3	4
工作责任	gzzr	1	4
挂在嘴上	gzzu	1	4
黑暗	ha	2	2
哈！	haa	1	3
好啊好啊	haha	2	4
黑暗降临	hajl	1	4
黑暗料理	hall	1	4
皇阿玛	ham	2	3
黑暗面	ham	3	3
黑暗模式	hamu	2	4
核按钮	han	1	3
黑暗森林	hasl	1	4
毫安时	hau	1	3
淮安市	hau	2	3
黑暗中	hav	1	3
昏暗中	hav	2	3
黑暗之魂	havh	1	4
哈？	haw	1	3
海岸线	hax	1	3
惠安县	hax	2	3
何必	hb	1	2
好吧	hb	2	2
毫不	hb	3	2
好棒啊	hba	1	3
好宝贝	hbb	1	3
汉堡包	hbb	2	3
黑板报	hbb	3	3
黑斑病	hbb	4	3
厚彼薄此	hbbc	1	4
后半部分	hbbf	2	4
毫不保留	hbbl	1	4
环保部门	hbbm	1	4
货币贬值	hbbv	1	4
还不错	hbc	1	3
很不错	hbc	2	3
黑板擦	hbc	3	3
很不错的	hbcd	1	4
河北彩花	hbch	1	4
很不错了	hbcl	1	4
恨不得	hbd	1	3
回不到	hbd	2	3
还不到	hbd	3	3
后半段	hbd	4	3
活不到	hbd	5	3
荷包蛋	hbd	6	3
还不定	hbd	7	3
货不对板	hbdb	1	4
很不得劲	hbdj	1	4
黑帮大佬	hbdl	1	4
号被盗了	hbdl	2	4
货不对路	hbdl	3	4
话不多说	hbdu	1	4
黑白电视	hbdu	2	4
何必当真	hbdv	1	4
货币单位	hbdw	1	4
黑白电影	hbdy	2	4
好办法	hbf	1	3
好不方便	hbfb	1	4
很不方便	hbfb	2	4
化悲愤为力量	hbfl	2	4
花呗分期	hbfq	1	4
毫不放松	hbfs	1	4
还不够	hbg	1	3
活不过	hbg	2	3
哈巴狗	hbg	3	3
悔不该	hbg	4	3
花不光	hbg	5	3
海拔高度	hbgd	1	4
很不规范	hbgf	1	4
悔不该当初	hbgi	1	4
回不过神来	hbgl	1	4
缓不过气来	hbgl	2	4
缓不过气	hbgq	1	4
互不干扰	hbgr	1	4
合并感染	hbgr	2	4
互不干涉内政	hbgv	1	4
伙伴关系	hbgx	1	4
很不高兴	hbgx	2	4
汇报工作	hbgz	1	4
会不会	hbh	1	3
好不好	hbh	2	3
很不好	hbh	3	3
还不好	hbh	4	3
货比货	hbh	5	3
汇报会	hbh	6	3
好不好啊	hbha	1	4
好吧好吧	hbhb	1	4
黑帮火并	hbhb	2	4
很不好过	hbhg	1	4
毫不含糊	hbhh	1	4
好不好吃	hbhi	1	4
好不好记	hbhj	1	4
好不好看	hbhk	1	4
很不合理	hbhl	1	4
货币回笼	hbhl	2	4
好不好嘛	hbhm	1	4
好不好呢	hbhn	1	4
害不害怕	hbhp	1	4
花不花钱	hbhq	1	4
很不划算	hbhs	1	4
货币换算	hbhs	2	4
会不会是	hbhu	1	4
合不合适	hbhu	2	4
好不好玩	hbhw	1	4
会不会玩	hbhw	2	4
好不好用	hbhy	2	4
喝杯茶	hbi	1	3
后半场	hbi	2	3
活不长	hbi	3	3
滑板车	hbi	4	3
黄包车	hbi	5	3
旱冰场	hbi	6	3
还不迟	hbi	7	3
花不出去	hbiq	1	4
汇编程序	hbix	1	4
会比较	hbj	1	3
后半句	hbj	2	3
红白机	hbj	3	3
环保局	hbj	4	3
活不久	hbj	5	3
好不讲理	hbjl	1	4
谎报军情	hbjq	1	4
活不见人	hbjr	1	4
货币金融	hbjr	2	4
祸不及家人	hbjr	3	4
后不见来者	hbjv	1	4
讳病忌医	hbjy	2	4
还不快	hbk	1	3
还包括	hbk	2	3
后半块	hbk	3	3
回报可观	hbkg	1	4
环保科技	hbkj	1	4
好不快乐	hbkl	1	4
很不客气	hbkq	2	4
毫不夸张	hbkv	1	4
好不开心	hbkx	1	4
很不开心	hbkx	2	4
回不来	hbl	1	3
划不来	hbl	2	3
花不了	hbl	3	3
回报率	hbl	4	3
合不拢	hbl	5	3
合不来	hbl	6	3
忽必烈	hbl	7	3
互不理睬	hblc	1	4
黑白两道	hbld	1	4
河坝老哥	hblg	1	4
回不来了	hbll	2	4
合不拢了	hbll	3	4
环保理念	hbln	1	4
毫不吝啬	hbls	1	4
回不了头	hblt	4	4
合不拢腿	hblt	5	4
还不了手	hblu	1	4
伙伴们	hbm	1	3
还不明白	hbmb	1	4
还不明确	hbmq	1	4
很不满意	hbmy	1	4
还不满意	hbmy	2	4
还不能	hbn	1	3
恨不能	hbn	2	3
何必呢	hbn	3	3
还不能肯定	hbnd	1	4
活不耐烦	hbnf	1	4
何必那么	hbnm	1	4
话不能那么说	hbnu	1	4
挥兵南下	hbnx	1	4
何必那样	hbny	1	4
还不怕	hbp	1	3
黑白片	hbp	2	3
很抱歉	hbq	1	3
回不去	hbq	2	3
还不清	hbq	3	3
挥不去	hbq	4	3
后半期	hbq	5	3
黑背犬	hbq	6	3
毫不奇怪	hbqg	1	4
还不清楚	hbqi	1	4
很不清楚	hbqi	2	4
汇报情况	hbqk	1	4
回不去了	hbql	1	4
何必强求	hbqq	1	4
火遍全球	hbqq	2	4
火遍全网	hbqw	1	4
火爆全网	hbqw	2	4
很不情愿	hbqy	2	4
还不如	hbr	1	3
互不让步	hbrb	1	4
何必如此	hbrc	1	4
好不热闹	hbrn	1	4
还不如说	hbru	1	4
互不认识	hbru	2	4
很不容易	hbry	2	4
灰白色	hbs	1	3
好不随便	hbsb	1	4
火变三态广二米	hbsm	1	4
还不死心	hbsx	1	4
好半天	hbt	1	3
好变态	hbt	2	3
夯嫑停	hbt	3	3
海豹突击队	hbtd	1	4
话不投机半句多	hbtd	2	4
黑白通吃	hbti	1	4
海豹突击	hbtj	2	4
化悲痛为力量	hbtl	1	4
合并同类项	hbtx	1	4
还不是	hbu	1	3
红宝石	hbu	2	3
后半生	hbu	3	3
好帮手	hbu	4	3
红白事	hbu	5	3
河北省	hbu	6	3
红宝书	hbu	7	3
湖北省	hbu	8	3
虎不食儿	hbue	1	4
很不舒服	hbuf	1	4
毫不设防	hbuf	2	4
回报社会	hbuh	1	4
很不适合	hbuh	2	4
还不睡觉	hbuj	1	4
火遍世界	hbuj	2	4
何不食肉糜	hbum	1	4
还不是因为你	hbun	1	4
核爆神曲	hbuq	1	4
毫不示弱	hbur	1	4
毫不手软	hbur	2	4
黑白双煞	hbuu	2	4
环比上涨	hbuv	1	4
还不是因为	hbuw	1	4
很不适应	hbuy	1	4
还不属于	hbuy	2	4
还不知	hbv	1	3
还不止	hbv	2	3
黑白照	hbv	3	3
核爆炸	hbv	4	3
货币政策	hbvc	1	4
还不知道	hbvd	1	4
后不着店	hbvd	2	4
很不正常	hbvi	1	4
黑白照片	hbvp	1	4
毫不知情	hbvq	1	4
虎贲之师	hbvu	1	4
环保主义者	hbvv	1	4
还不至于	hbvy	2	4
花不完	hbw	1	3
汉堡王	hbw	2	3
还不晚	hbw	3	3
很不稳定	hbwd	1	4
毫不畏惧	hbwj	1	4
哈勃望远镜	hbwj	2	4
悍不畏死	hbws	1	4
河北卫视	hbwu	2	4
海捕文书	hbwu	3	4
后备箱	hbx	1	3
还不行	hbx	2	3
还必须	hbx	3	3
很不幸	hbx	4	3
互补性	hbx	5	3
滑板鞋	hbx	6	3
旱冰鞋	hbx	7	3
滑冰鞋	hbx	8	3
环比下跌	hbxd	1	4
很不喜欢	hbxh	1	4
黑白相间	hbxj	1	4
还不行吗	hbxm	1	4
活不下去	hbxq	1	4
互不相欠	hbxq	2	4
互不相容	hbxr	2	4
毫不逊色	hbxs	1	4
恨不相逢未嫁时	hbxu	3	4
狠不下心	hbxx	1	4
合并消息	hbxx	2	4
后半夜	hby	1	3
很必要	hby	2	3
汉白玉	hby	3	3
好榜样	hby	4	3
红包雨	hby	5	3
很不一般	hbyb	2	4
还不一定	hbyd	1	4
很不应该	hbyg	1	4
话不要说绝	hbyj	1	4
毫不隐瞒	hbym	1	4
含悲饮泣	hbyq	1	4
话不要说得那么难听	hbyt	1	4
互不影响	hbyx	1	4
后背隐藏能源	hbyy	3	4
活靶子	hbz	1	3
环比增长	hbzi	1	4
货币组织	hbzv	1	4
毫不作为	hbzw	1	4
还不足以	hbzy	1	4
毫不在意	hbzy	2	4
汗涔涔	hcc	1	3
黄灿灿	hcc	2	3
荒草丛生	hccu	2	4
宏才大略	hcdl	1	4
划词翻译	hcfy	1	4
还凑合	hch	2	3
好菜好饭	hchf	2	4
好刺激	hcj	1	3
海词库	hck	1	3
话糙理不糙	hclc	2	4
花丛老手	hclu	1	4
很聪明	hcm	2	3
和从前一样	hcqy	1	4
荤菜素价	hcsj	2	4
好彩头	hct	2	3
好词添加群	hctq	1	4
喝彩声	hcu	2	3
获此殊荣	hcur	1	4
何错之有	hcvy	1	4
鹤草芽	hcy	2	3
花残月缺	hcyq	1	4
好的	hd	2	2
回到	hd	3	2
很多	hd	4	2
河对岸	hda	1	3
很多遍	hdb	2	3
画大饼	hdb	3	3
合订本	hdb	4	3
黑道白道	hdbd	1	4
好歹不分	hdbf	2	4
很大变化	hdbh	1	4
皇帝不急太监急	hdbj	2	4
回答不来	hdbl	1	4
滑动变阻器	hdbq	2	4
皇帝陛下	hdbx	1	4
很多不足	hdbz	1	4
虎毒不食子	hdbz	2	4
很多次	hdc	2	3
好多次	hdc	3	3
喝倒彩	hdc	4	3
活动策划	hdch	1	4
灰度测试	hdcu	1	4
好得多	hdd	1	3
好端端	hdd	2	3
黄赌毒	hdd	3	3
黑洞洞	hdd	4	3
核导弹	hdd	5	3
厚墩墩	hdd	6	3
坏得多	hdd	7	3
好东东	hdd	8	3
很多地方	hddf	1	4
好多地方	hddf	2	4
黑道大哥	hddg	1	4
很大的变化	hddh	2	4
很大打击	hddj	2	4
很多的人	hddr	1	4
很大的问题	hddt	1	4
互动地图	hddt	2	4
很多的事	hddu	1	4
皇帝的新装	hddv	1	4
很多东西	hddx	1	4
好多东西	hddx	2	4
很多都有	hddy	1	4
好大的胆子	hddz	1	4
好地方	hdf	1	3
好打发	hdf	2	3
好的方法	hdff	2	4
货到付款	hdfk	1	4
很多方面	hdfm	1	4
很多个	hdg	1	3
好多个	hdg	2	3
花点功夫	hdgf	2	4
很多国家	hdgj	2	4
很大概率	hdgl	1	4
恒定功率	hdgl	2	4
回到过去	hdgq	1	4
欢度国庆	hdgq	2	4
很大关系	hdgx	1	4
好得很	hdh	2	3
好的话	hdh	3	3
划等号	hdh	4	3
鹤顶红	hdh	5	3
很多很多	hdhd	1	4
好多好多	hdhd	2	4
很多坏处	hdhi	1	4
好的环境	hdhj	2	4
获得好评	hdhp	2	4
旱的旱死	hdhs	1	4
旱的旱死，涝的涝死	hdhs	2	4
汗滴禾下土	hdht	1	4
忽大忽小	hdhx	1	4
海盗船	hdi	2	3
换电池	hdi	3	3
核电厂	hdi	4	3
很大程度	hdid	1	4
获得成功	hdig	2	4
很大成绩	hdij	2	4
画地成牢	hdil	2	4
换代产品	hdip	1	4
很大程度上	hdiu	3	4
很大差异	hdiy	1	4
回到家	hdj	1	3
蝴蝶结	hdj	2	3
换档键	hdj	3	3
核打击	hdj	4	3
幻灯机	hdj	5	3
红灯记	hdj	6	3
活动经费	hdjf	1	4
很多机会	hdjh	1	4
很大机会	hdjh	2	4
回到家后	hdjh	3	4
回到家里	hdjl	2	4
回到解放前	hdjq	1	4
回到家中	hdjv	1	4
好的建议	hdjy	2	4
好的开始是成功的一半	hdkb	1	4
好的开端	hdkd	2	4
很大可能	hdkn	1	4
回到了	hdl	1	3
海底捞	hdl	2	3
好多了	hdl	3	3
魂斗罗	hdl	4	3
红灯笼	hdl	5	3
核动力	hdl	6	3
耗电量	hdl	7	3
蝴蝶兰	hdl	8	3
会当凌绝顶	hdld	2	4
活动流程	hdli	4	4
回到了家	hdlj	2	4
混蛋逻辑	hdlj	3	4
皇帝轮流坐，明年到我家	hdlj	4	4
活到老学到老	hdll	2	4
坏得流脓	hdln	1	4
横断面	hdm	1	3
滑动摩擦	hdmc	1	4
横断面积	hdmj	1	4
很多年	hdn	2	3
好多年	hdn	3	3
好的呢	hdn	4	3
很大难度	hdnd	1	4
很多年后	hdnh	1	4
很多年了	hdnl	1	4
好多年了	hdnl	2	4
活动能力	hdnl	3	4
很多年前	hdnq	1	4
好多年前	hdnq	2	4
活动内容	hdnr	1	4
好的哦	hdo	1	3
幻灯片	hdp	1	3
喝断片	hdp	2	3
荒诞派	hdp	3	3
黑得漂亮	hdpl	1	4
活动评选	hdpx	1	4
很多朋友	hdpy	1	4
很多钱	hdq	1	3
花点钱	hdq	2	3
红灯区	hdq	3	3
好多钱	hdq	4	3
活动期间	hdqj	1	4
很多情况下	hdqx	1	4
很多人	hdr	2	3
好多人	hdr	3	3
活动日	hdr	4	3
很多人的	hdrd	1	4
很多时候	hdsh	1	4
很多天	hdt	1	3
红地毯	hdt	2	3
核弹头	hdt	3	3
好多天	hdt	4	3
很大提高	hdtg	1	4
很多同学	hdtx	1	4
互动体验	hdty	2	4
很多事	hdu	2	3
还得是	hdu	3	3
活动室	hdu	4	3
行动上	hdu	5	3
好多事	hdu	6	3
互动式	hdu	7	3
很多时候	hduh	3	4
活动时间	hduj	1	4
海底世界	hduj	2	4
还得是你	hdun	1	4
很多事情	hduq	2	4
横倒竖歪	hduw	1	4
很多事项	hdux	1	4
很多种	hdv	2	3
获得者	hdv	3	3
核电站	hdv	4	3
海底针	hdv	5	3
好动症	hdv	6	3
红底照片	hdvp	1	4
回答正确	hdvq	1	4
皇帝诏曰	hdvy	1	4
核弹炸蚊子	hdvz	1	4
很到位	hdw	1	3
很多问题	hdwt	1	4
很大问题	hdwt	2	4
好东西	hdx	1	3
坏东西	hdx	2	3
互动性	hdx	3	3
活动性	hdx	4	3
好的想法	hdxf	1	4
很多想法	hdxf	2	4
花都谢了	hdxl	4	4
活动项目	hdxm	3	4
憨豆先生	hdxu	2	4
获得性免疫缺陷综合征	hdxv	1	4
很大希望	hdxw	1	4
获得学位	hdxw	2	4
蝴蝶效应	hdxy	1	4
活到现在	hdxz	1	4
回到现在	hdxz	2	4
慌得一逼	hdyb	1	4
回到原点	hdyd	1	4
很大一部分	hdyf	1	4
很大压力	hdyl	1	4
慌得一批	hdyp	1	4
慌得一匹	hdyp	2	4
很多要求	hdyq	1	4
很大影响	hdyx	1	4
很多原因	hdyy	2	4
护犊子	hdz	1	3
黄段子	hdz	2	3
话到嘴边	hdzb	1	4
昏倒在地	hdzd	2	4
活到最后	hdzh	2	4
回到最初	hdzi	4	4
很大作用	hdzy	1	4
哈尔滨	heb	2	3
哈尔滨工业大学	hebx	1	4
花儿朵朵	hedd	2	4
花儿都谢了	hedl	1	4
皇恩浩荡	hehd	2	4
华尔街	hej	2	3
猴儿精	hej	3	3
华尔街日报	hejb	2	4
荷尔蒙	hem	2	3
皇额娘	hen	2	3
孩儿王	hew	2	3
海尔兄弟	hexd	1	4
花儿谢了	hexl	1	4
霍尔效应	hexy	4	4
花儿与少年	heyn	1	4
华尔兹	hez	1	3
回复	hf	2	2
恢复	hf	3	2
很方便	hfb	1	3
好方便	hfb	2	3
花费不少工夫	hfbf	1	4
恢复本来面目	hfbm	1	4
好饭不怕晚	hfbw	1	4
黑发不知勤学早	hfbz	1	4
回复惨案	hfca	1	4
合法财产	hfci	1	4
恢复到	hfd	2	3
还房贷	hfd	3	3
核发电	hfd	4	3
话费单	hfd	5	3
好方法	hff	1	3
后付费	hff	2	3
合法夫妻	hffq	1	4
恢复分区	hffq	2	4
回防高地	hfgd	1	4
火凤凰	hfh	1	3
黄飞鸿	hfh	2	3
合法化	hfh	3	3
核防护	hfh	4	3
混饭吃	hfi	1	3
划分出	hfi	2	3
化粪池	hfi	3	3
化肥厂	hfi	4	3
恢复出厂	hfii	1	4
恢复出厂设置	hfiv	1	4
混分巨首	hfju	1	4
合法经营	hfjy	1	4
红粉骷髅	hfkl	1	4
恢复了	hfl	1	3
核废料	hfl	2	3
黑凤梨	hfl	3	3
寒风凛冽	hfll	2	4
寒风凛凛	hfll	3	4
合法萝莉	hfll	4	4
话分两头	hflt	1	4
恢复理智	hflv	1	4
合法利益	hfly	1	4
火凤燎原	hfly	2	4
霍夫曼	hfm	1	3
恢复默认	hfmr	1	4
哈夫曼树	hfmu	1	4
恢复默认设置	hfmv	1	4
恢复名誉	hfmy	1	4
黄蜂女	hfn	1	3
护肤品	hfp	1	3
好风凭借力	hfpl	1	4
恢复期	hfq	1	3
合法权利	hfql	2	4
何方人氏	hfru	1	4
回复如下	hfrx	1	4
护发素	hfs	2	3
海飞丝	hfs	3	3
鹤发松姿	hfsz	1	4
画风突变	hftb	1	4
恢复体力	hftl	1	4
黑粉头子	hftz	2	4
核辐射	hfu	1	3
合肥市	hfu	2	3
红富士	hfu	3	3
合法收入	hfur	1	4
何方神圣	hfuu	1	4
黑非洲	hfv	2	3
恢复中华	hfvh	1	4
恢复正常	hfvi	1	4
恢复主权	hfvq	1	4
胡肥钟瘦	hfvu	1	4
划分为	hfw	1	3
祸福无门	hfwm	1	4
化腐为奇	hfwq	1	4
虎父无犬子	hfwz	1	4
后防线	hfx	1	3
合法性	hfx	2	3
挥发性	hfx	3	3
化腐朽为神奇	hfxq	1	4
祸福相生	hfxu	1	4
荒废学业	hfxy	3	4
核反应	hfy	1	3
挥发油	hfy	2	3
话费余额	hfye	1	4
恢复元气	hfyq	1	4
恢复原状	hfyv	2	4
恢复原样	hfyy	1	4
护肤养颜	hfyy	2	4
很复杂	hfz	1	3
韩非子	hfz	2	3
好复杂	hfz	3	3
很负责任	hfzr	1	4
回归	hg	2	2
化工部	hgb	1	3
好狗不挡道	hgbd	1	4
好狗不挡路	hgbl	1	4
还搞不清	hgbq	1	4
后果不堪设想	hgbx	1	4
好感度	hgd	1	3
花骨朵	hgd	2	3
哈工大	hgd	3	3
弧光灯	hgd	4	3
换个地方	hgdf	1	4
火锅底料	hgdl	1	4
活该倒霉	hgdm	2	4
后宫动漫	hgdm	3	4
横贯东西	hgdx	1	4
火罐儿	hge	1	3
黑寡妇	hgf	1	3
换个方法	hgff	1	4
荷官发牌	hgfp	1	4
涵盖范围	hgfw	2	4
回归分析	hgfx	1	4
好哥哥	hgg	2	3
化干戈为玉帛	hggb	1	4
魂归故里	hggl	1	4
回顾过去	hggq	1	4
话赶话	hgh	2	3
回个话	hgh	3	3
换个话题	hght	1	4
后果很严重	hghv	1	4
化工厂	hgi	1	3
化工产品	hgip	1	4
合格产品	hgip	2	4
火光冲天	hgit	1	4
很关键	hgj	1	3
缓过劲	hgj	2	3
烘干机	hgj	3	3
宏观角度	hgjd	1	4
换个角度	hgjd	2	4
缓过劲儿	hgje	1	4
海关检查	hgji	2	4
缓过劲来	hgjl	1	4
海蛤壳	hgk	2	3
回归开头	hgkt	1	4
换个口味	hgkw	1	4
缓过来	hgl	1	3
花光了	hgl	2	3
红高粱	hgl	3	3
喝高了	hgl	4	3
很给力	hgl	5	3
合格率	hgl	6	3
华冠丽服	hglf	1	4
混个脸熟	hglu	2	4
魂归来兮	hglx	1	4
好哥们	hgm	1	3
会过面	hgm	2	3
横膈膜	hgm	3	3
还给你	hgn	1	3
灰姑娘	hgn	2	3
花姑娘	hgn	3	3
含垢纳污	hgnw	1	4
合格品	hgp	1	3
回归片头	hgpt	1	4
昏过去	hgq	1	3
缓过气来	hgql	1	4
昏过去了	hgql	2	4
昏古七了	hgql	3	4
画个圈圈诅咒你	hgqn	1	4
韩国人	hgr	1	3
回锅肉	hgr	2	3
会过日子	hgrz	2	4
核苷酸	hgs	1	3
红骨髓	hgs	2	3
环顾四周	hgsv	1	4
回过头	hgt	2	3
还给他	hgt	3	3
划过天际	hgtj	1	4
回过头去	hgtq	1	4
火光通天	hgtt	2	4
宏观调控体系	hgtx	1	4
回过神	hgu	2	3
花果山	hgu	3	3
回过身	hgu	4	3
花岗石	hgu	5	3
悔过书	hgu	6	3
黄果树	hgu	7	3
怀古伤今	hguj	3	4
回过神来	hgul	1	4
缓过神来	hgul	2	4
护国神山	hguu	2	4
合格证	hgv	1	3
还给我	hgw	1	3
回过味	hgw	2	3
回归玩家	hgwj	1	4
回过味来	hgwl	1	4
换个位置	hgwv	1	4
很高兴	hgx	2	3
很关心	hgx	3	3
很感谢	hgx	4	3
好高兴	hgx	5	3
回归线	hgx	6	3
宏观性	hgx	7	3
很高兴的	hgxd	1	4
回国效力	hgxl	2	4
很高兴见到你	hgxn	2	4
很过瘾	hgy	1	3
花岗岩	hgy	2	3
核工业	hgy	3	3
化工业	hgy	4	3
缓过一口气	hgyq	1	4
好钢用在刀刃上	hgyu	1	4
后果严重	hgyv	1	4
回顾一下	hgyx	1	4
汉高祖	hgz	2	3
好果子吃	hgzi	1	4
回顾总结	hgzj	1	4
回归自然	hgzr	1	4
好好	hh	2	2
哈哈	hh	3	2
还好吧	hhb	2	3
豪华版	hhb	3	3
好伙伴	hhb	4	3
汉化版	hhb	5	3
黄褐斑	hhb	6	3
汉化补丁	hhbd	2	4
后悔不该	hhbg	1	4
豪横跋扈	hhbh	1	4
好汉不吃眼前亏	hhbk	1	4
惶惶不可终日	hhbr	1	4
还好不是	hhbu	1	4
豪华别墅	hhbu	2	4
好汉不提当年勇	hhby	1	4
好货不便宜	hhby	2	4
黄花菜	hhc	1	3
好坏参半	hhcb	1	4
黄花菜都凉了	hhcl	1	4
黑盒测试	hhcu	1	4
好好的	hhd	1	3
狠狠地	hhd	2	3
霍华德	hhd	3	3
花蝴蝶	hhd	4	3
混合动力	hhdl	1	4
黄花大闺女	hhdn	1	4
恢弘大气	hhdq	1	4
恢宏大气	hhdq	2	4
活活打死	hhds	1	4
好好读书	hhdu	2	4
好活当赏	hhdu	3	4
呵呵大笑	hhdx	2	4
红孩儿	hhe	1	3
哼哈二将	hhej	1	4
活活饿死	hhes	1	4
缓缓而行	hhex	1	4
换行符	hhf	1	3
何海峰	hhf	2	3
绘画风格	hhfg	1	4
好好反思	hhfs	1	4
化合反应	hhfy	1	4
红河谷	hhg	1	3
黄花岗	hhg	2	3
好好管管	hhgg	1	4
合乎规律	hhgl	1	4
黄花姑娘	hhgn	2	4
好好改造，重新做人	hhgr	1	4
好好改造	hhgz	2	4
好好好	hhh	2	3
哈哈哈	hhh	3	3
嘿嘿嘿	hhh	4	3
呵呵呵	hhh	5	3
黑乎乎	hhh	6	3
黑糊糊	hhh	7	3
合欢花	hhh	8	3
画虎画皮难画骨	hhhg	1	4
哈哈哈哈哈嗝	hhhg	2	4
好合好散	hhhs	1	4
好好活着	hhhv	1	4
很好吃	hhi	1	3
好好吃	hhi	2	3
划火柴	hhi	3	3
好好吃饭	hhif	1	4
辉煌成就	hhij	1	4
活活撑死	hhis	1	4
行行出状元	hhiy	2	4
恍惚间	hhj	2	3
航海家	hhj	3	3
哈哈镜	hhj	4	3
很好记	hhj	5	3
护航舰	hhj	6	3
活化剂	hhj	7	3
化合价	hhj	8	3
护航舰队	hhjd	1	4
花花轿子人抬人	hhjr	1	4
鸿鹄将至	hhjv	1	4
很好看	hhk	2	3
好好看	hhk	3	3
还好看	hhk	4	3
好好款待	hhkd	1	4
好好看看	hhkk	2	4
换换口味	hhkw	1	4
黄鹤楼	hhl	1	3
红黄蓝	hhl	2	3
黄昏恋	hhl	3	3
挥毫落笔	hhlb	1	4
缓缓流动	hhld	1	4
挥霍浪费	hhlf	1	4
画虎类狗	hhlg	1	4
很好理解	hhlj	2	4
活活累死	hhls	1	4
好好利用	hhly	2	4
缓和矛盾	hhmd	1	4
混合模式	hhmu	2	4
寒号鸟	hhn	2	3
黄花女儿	hhne	1	4
好好努力	hhnl	1	4
皇后娘娘	hhnn	1	4
换换脑子	hhnz	1	4
好好配合	hhph	1	4
混合器	hhq	1	3
活活气死	hhqs	1	4
合伙人	hhr	1	3
昏昏入睡	hhru	1	4
混合溶液	hhry	2	4
很划算	hhs	1	3
红褐色	hhs	2	3
黄褐色	hhs	3	3
胡汉三	hhs	4	3
火花塞	hhs	5	3
混合色	hhs	6	3
火花四溅	hhsj	1	4
后悔死了	hhsl	1	4
挥毫洒墨	hhsm	1	4
很好听	hht	1	3
好好听	hht	2	3
混合体	hht	3	3
好糊涂	hht	4	3
好好听啊	hhta	1	4
豪华套房	hhtf	1	4
黑虎掏心	hhtx	1	4
挥挥手	hhu	1	3
欢呼声	hhu	2	3
活化石	hhu	3	3
花和尚	hhu	4	3
后汉书	hhu	5	3
混合双打	hhud	1	4
好好说话	hhuh	1	4
婚后生活	hhuh	2	4
洪荒世界	hhuj	2	4
好好睡觉	hhuj	3	4
昏昏睡去	hhuq	1	4
活活烧死	hhus	1	4
浩浩汤汤	hhuu	2	4
护花使者	hhuv	1	4
呵呵傻笑	hhux	1	4
虎鹤双形	hhux	2	4
还活着	hhv	2	3
回合制	hhv	3	3
悔恨之泪	hhvl	2	4
黄河之水天上来	hhvl	3	4
合乎周礼	hhvl	4	4
合乎粥礼	hhvl	5	4
悔恨终生	hhvu	1	4
好好珍惜	hhvx	1	4
好好玩	hhw	1	3
化合物	hhw	2	3
很好玩	hhw	3	3
混合物	hhw	4	3
还好玩	hhw	5	3
赫赫威名	hhwm	1	4
毁坏文物	hhww	1	4
哈哈笑	hhx	1	3
好好学	hhx	2	3
很好笑	hhx	3	3
狠狠心	hhx	4	3
厚黑学	hhx	5	3
豪华型	hhx	6	3
浩瀚星空	hhxk	3	4
好好享受	hhxu	2	4
好好学习，天天向上	hhxu	3	4
好好学习天天向上	hhxu	4	4
好好学习	hhxx	2	4
好好想想	hhxx	3	4
后花园	hhy	1	3
黑火药	hhy	2	3
很好用	hhy	3	3
后悔药	hhy	4	3
还好用	hhy	5	3
红花油	hhy	6	3
黄花鱼	hhy	7	3
皇后乐队	hhyd	1	4
黄鹤一去不复返	hhyf	1	4
辉煌业绩	hhyj	1	4
祸害遗千年	hhyn	1	4
合乎要求	hhyq	2	4
哈哈一笑	hhyx	1	4
嘿嘿一笑	hhyx	2	4
呵呵一笑	hhyx	3	4
挥挥衣袖	hhyx	4	4
好孩子	hhz	1	3
坏孩子	hhz	2	3
汉化组	hhz	3	3
好好做做	hhzz	1	4
好吃	hi	1	2
好处	hi	2	2
何尝不	hib	1	3
后撤步	hib	2	3
火柴棒	hib	3	3
何尝不是如此	hibc	1	4
好吃不贵	hibg	1	4
何尝不是	hibu	1	4
好吃不过饺子	hibz	1	4
合成词	hic	1	3
何出此言	hicy	1	4
缓冲带	hid	1	3
合唱队	hid	2	3
好吃点	hid	3	3
还车贷	hid	4	3
好处多多	hidd	1	4
混吃等死	hids	1	4
话茬儿	hie	1	3
很充分	hif	1	3
好处费	hif	2	3
很成功	hig	1	3
火柴棍	hig	2	3
红尘滚滚	higg	1	4
护城河	hih	1	3
黑吃黑	hih	2	3
化成灰	hih	3	3
火柴盒	hih	4	3
或长或短	hihd	1	4
红橙黄绿青蓝紫	hihz	1	4
红橙黄绿蓝靛紫	hihz	2	4
或迟或早	hihz	3	4
黑沉沉	hii	1	3
昏沉沉	hii	2	3
黄澄澄	hii	3	3
红澄澄	hii	4	3
灰沉沉	hii	5	3
好成绩	hij	1	3
回车键	hij	2	3
缓冲剂	hij	3	3
行车记录仪	hijy	1	4
红尘客栈	hikv	1	4
缓冲力	hil	1	3
横穿马路	himl	1	4
怀揣梦想	himx	1	4
好吃你就多吃点	hind	1	4
火车票	hip	1	3
海产品	hip	2	3
皇城PK	hipk	1	4
豁出去	hiq	1	3
缓冲区	hiq	2	3
缓冲期	hiq	3	3
缓冲器	hiq	4	3
会场气氛	hiqf	1	4
豁出去了	hiql	2	4
寒蝉凄切	hiqq	1	4
汗出如浆	hirj	1	4
货车司机	hisj	1	4
火车头	hit	1	3
合唱团	hit	2	3
火车上	hiu	1	3
候车室	hiu	2	3
很长时间	hiuj	1	4
好长时间	hiuj	2	4
火车站	hiv	1	3
怀揣着	hiv	2	3
黑长直	hiv	3	3
回春之术	hivu	1	4
活出真我	hivw	1	4
很成问题	hiwt	1	4
红尘万丈	hiwv	1	4
还处于	hiy	1	3
很诧异	hiy	2	3
还差一点	hiyd	1	4
横插一刀	hiyd	2	4
横插一杠	hiyg	1	4
很长一段时间	hiyj	1	4
好长一段时间	hiyj	2	4
回嗔作喜	hizx	1	4
回家	hj	2	2
环境	hj	3	2
核聚变	hjb	2	3
好几遍	hjb	3	3
罕见病	hjb	4	3
火箭班	hjb	5	3
黄金版	hjb	6	3
洪金宝	hjb	7	3
环境变量	hjbl	2	4
好久不见甚是想念	hjbn	1	4
缓解病情	hjbq	2	4
海景别墅	hjbu	1	4
挥军北上	hjbu	2	4
黄金白银	hjby	1	4
后劲不足	hjbz	1	4
好景不常在	hjbz	2	4
好几次	hjc	2	3
很简单	hjd	1	3
还记得	hjd	2	3
火箭弹	hjd	3	3
火箭队	hjd	4	3
皇家赌场	hjdi	3	4
获奖典礼	hjdl	1	4
还记得吗	hjdm	2	4
还记得我吗	hjdm	3	4
惠及大众	hjdv	1	4
环境恶化	hjeh	1	4
环境恶劣	hjel	1	4
划江而治	hjev	1	4
胡椒粉	hjf	1	3
海景房	hjf	2	3
后继乏力	hjfl	1	4
火箭发射	hjfu	3	4
皇家翻译	hjfy	1	4
好几个	hjg	2	3
活见鬼	hjg	3	3
后脚跟	hjg	4	3
寒假工	hjg	5	3
合金钢	hjg	6	3
黑金古刀	hjgd	2	4
回家过年	hjgn	1	4
获奖感言	hjgy	1	4
好几个月	hjgy	2	4
好家伙	hjh	2	3
好机会	hjh	3	3
好几回	hjh	4	3
坏家伙	hjh	5	3
合家欢	hjh	6	3
好酒好菜	hjhc	1	4
好借好还	hjhh	2	4
很久很久	hjhj	2	4
花见花开	hjhk	1	4
很久很久以前	hjhq	2	4
很久很久之前	hjhq	3	4
坏就坏在	hjhz	2	4
话家常	hji	2	3
好交差	hji	3	3
化茧成蝶	hjid	1	4
回家吃饭	hjif	2	4
好解决	hjj	1	3
汗津津	hjj	2	3
好几句	hjj	3	3
活久见	hjj	4	3
黄家驹	hjj	5	3
行间距	hjj	6	3
好几句话	hjjh	1	4
喝假酒了	hjjl	3	4
豪俊金曲	hjjq	1	4
黄金矿工	hjkg	1	4
回家看看	hjkk	1	4
含金量	hjl	2	3
环境里	hjl	3	3
好极了	hjl	4	3
后脊梁	hjl	5	3
海军陆战队	hjld	1	4
哈基米	hjm	2	3
火鸡面	hjm	3	3
伙计们	hjm	4	3
横截面	hjm	5	3
胡椒面	hjm	6	3
好寂寞	hjm	7	3
化解矛盾	hjmd	1	4
获奖名单	hjmd	2	4
哈基米南北绿豆	hjmd	3	4
横截面积	hjmj	1	4
好久没见	hjmj	2	4
皇家马德里	hjml	1	4
环境描写	hjmx	1	4
很久没有	hjmy	1	4
好几年	hjn	1	3
还就那个	hjng	1	4
挥军南下	hjnx	1	4
火箭炮	hjp	2	3
好酒配好菜	hjpc	1	4
缓解疲劳	hjpl	1	4
浑金璞玉	hjpy	1	4
好价钱	hjq	2	3
缓解期	hjq	3	3
环境气候	hjqh	2	4
环境清洁	hjqj	1	4
皇家骑士	hjqu	1	4
缓急轻重	hjqv	1	4
好几日	hjr	2	3
华军软件园	hjry	1	4
狠角色	hjs	1	3
婚介所	hjs	2	3
荤价素菜	hjsc	1	4
黄金三章	hjsv	1	4
黄金岁月	hjsy	1	4
好几天	hjt	2	3
火箭筒	hjt	3	3
候机厅	hjt	4	3
话剧团	hjt	5	3
很健谈	hjt	6	3
胡锦涛	hjt	7	3
好酒贪杯	hjtb	1	4
环境太差	hjti	1	4
候机室	hju	1	3
火炬手	hju	2	3
核技术	hju	3	3
好几十年	hjun	2	4
海角社区	hjuq	2	4
寒极生热	hjur	1	4
环境中	hjv	2	3
好几种	hjv	3	3
很紧张	hjv	4	3
获奖者	hjv	5	3
后继者	hjv	6	3
黄金周	hjv	7	3
回家种地	hjvd	1	4
很久之后	hjvh	1	4
很久之前	hjvq	1	4
好久之前	hjvq	2	4
黄金镇魂曲	hjvq	3	4
缓急止痛	hjvt	1	4
呼叫转移	hjvy	1	4
虎踞中原	hjvy	2	4
好几位	hjw	2	3
黄金屋	hjw	3	3
祸及无辜	hjwg	1	4
后继无力	hjwl	1	4
黄金万两	hjwl	2	4
环境问题	hjwt	1	4
沪江网校	hjwx	1	4
怀瑾握瑜	hjwy	1	4
环境下	hjx	2	3
好记性	hjx	3	3
换届选举	hjxj	1	4
花尽心思	hjxs	1	4
呼叫系统	hjxt	2	4
好几样	hjy	2	3
还将有	hjy	3	3
混经验	hjy	4	3
好记忆	hjy	5	3
黄金一代	hjyd	1	4
很久以后	hjyh	4	4
很久以来	hjyl	2	4
环境优美	hjym	1	4
很久以前	hjyq	1	4
好久以前	hjyq	2	4
环境因素	hjys	2	4
缓解一下	hjyx	1	4
行家一出手，就知有没有	hjyy	1	4
花架子	hjz	2	3
还健在	hjz	3	3
后劲足	hjz	4	3
横加阻拦	hjzl	1	4
寒假作业	hjzy	1	4
环境资源	hjzy	2	4
何况	hk	2	2
很快	hk	3	2
很可爱	hka	1	3
好可爱	hka	2	3
好看爱看	hkak	1	4
很恐怖	hkb	2	3
户口本	hkb	3	3
户口簿	hkb	4	3
很可悲	hkb	5	3
花开不败	hkbb	1	4
好看不火	hkbh	1	4
好看不好吃	hkbi	1	4
话可不能这么说	hkbu	1	4
红口白牙	hkby	2	4
很快地	hkd	1	3
很肯定	hkd	2	3
汇款单	hkd	3	3
黑客帝国	hkdg	1	4
好看的皮囊千篇一律	hkdl	1	4
喝咖啡	hkf	1	3
后空翻	hkf	2	3
黑咖啡	hkf	3	3
混口饭	hkf	4	3
混口饭吃	hkfi	1	4
很可观	hkg	1	3
航空港	hkg	2	3
很快过去	hkgq	1	4
户口关系	hkgx	1	4
喊口号	hkh	1	3
花括号	hkh	2	3
航空航天	hkht	1	4
航空航天大学	hkhx	4	4
横看成岭侧成峰	hkif	1	4
很快就	hkj	1	3
黑科技	hkj	2	3
航空局	hkj	3	3
很快就好	hkjh	1	4
很快就会	hkjh	2	4
很快就来	hkjl	1	4
很快就能	hkjn	1	4
很快结束	hkju	3	4
划开界线	hkjx	1	4
很可靠	hkk	1	3
划框框	hkk	2	3
害苦了	hkl	1	3
花开两朵	hkld	1	4
花开两朵，各表一枝	hklv	1	4
花开两朵各表一枝	hklv	2	4
何苦来哉	hklz	1	4
很可能	hkn	1	3
还可能	hkn	2	3
何苦乃尔	hkne	1	4
很可能会	hknh	1	4
很可能就	hknj	2	4
很可能是	hknu	1	4
很可怕	hkp	1	3
好可怕	hkp	2	3
海阔凭鱼跃	hkpy	1	4
缓口气	hkq	1	3
航空器	hkq	2	3
还款日	hkr	1	3
汇款人	hkr	2	3
何苦如此	hkrc	1	4
好开森	hks	1	3
花开四季	hksj	1	4
海克斯科技	hksj	2	4
会客厅	hkt	1	3
红框挑战	hktv	1	4
何况是	hku	2	3
会客室	hku	3	3
喝口水	hku	4	3
好客山东	hkud	1	4
好客山东欢迎你	hkun	1	4
昏聩无能	hkwn	1	4
很开心	hkx	1	3
很可惜	hkx	2	3
好开心	hkx	3	3
还可以	hky	1	3
很可以	hky	2	3
航空业	hky	3	3
汇款余额	hkye	1	4
黑框眼镜	hkyj	1	4
还可以这样	hkyy	2	4
回来	hl	2	2
后来	hl	3	2
海来阿木	hlam	1	4
合理安排	hlap	1	4
胡萝卜	hlb	2	3
好了吧	hlb	3	3
核裂变	hlb	4	3
红萝卜	hlb	5	3
护理部	hlb	6	3
花了不少工夫	hlbf	1	4
混乱不堪	hlbk	1	4
呼伦贝尔盟	hlbm	1	4
囫囵半片	hlbp	1	4
很了不起	hlbq	1	4
花了不少	hlbu	3	4
衡量标准	hlbv	2	4
火力不足恐惧症	hlbv	3	4
花了不少心血	hlbx	1	4
呼伦贝尔大草原	hlby	1	4
火力不足	hlbz	1	4
活力不足	hlbz	2	4
含量测定	hlcd	1	4
红绿灯	hld	2	3
欢乐豆	hld	3	3
火力点	hld	4	3
哈啰单车	hldi	4	4
很蓝的啦	hldl	1	4
合理搭配	hldp	2	4
欢乐斗地主	hldv	1	4
欢乐豆效应	hldy	1	4
挥泪而别	hleb	1	4
何乐而不为	hlew	1	4
活雷锋	hlf	1	3
火力发电厂	hlfi	1	4
很浪费时间	hlfj	1	4
火龙果	hlg	2	3
欢乐谷	hlg	3	3
护理工	hlg	4	3
挥泪告别	hlgb	1	4
红脸关公	hlgg	2	4
缓了过来	hlgl	2	4
狐狸给鸡拜年	hlgn	2	4
昏了过去	hlgq	1	4
互利共赢	hlgy	1	4
欢乐谷效应	hlgy	2	4
晃了晃	hlh	2	3
很厉害	hlh	3	3
好厉害	hlh	4	3
合理化	hlh	5	3
画龙画虎难画骨	hlhg	2	4
晃了晃头	hlht	3	4
挥了挥手	hlhu	3	4
呼兰河传	hlhv	2	4
黄绿合战	hlhv	3	4
合理化建议	hlhy	2	4
互利合作	hlhz	2	4
豁了出去	hliq	1	4
好了疮疤忘了痛	hlit	1	4
回炉重造	hliz	1	4
黑龙江	hlj	1	3
红领巾	hlj	2	3
回老家	hlj	3	3
狐狸精	hlj	4	3
回笼觉	hlj	5	3
红辣椒	hlj	6	3
喝了假酒	hljj	1	4
惑乱军心	hljx	2	4
海陆空	hlk	2	3
后来看到	hlkd	1	4
合理开发	hlkf	1	4
毁林开荒	hlkh	1	4
呼了口气	hlkq	1	4
赫拉克利特	hlkt	1	4
赫拉克里特	hlkt	2	4
喝了口水	hlku	1	4
回来了	hll	1	3
好利来	hll	2	3
轰隆隆	hll	3	3
哗啦啦	hll	4	3
灰溜溜	hll	5	3
火辣辣	hll	6	3
黑溜溜	hll	7	3
回来了，都回来了	hlll	4	4
合理利用	hlly	2	4
葫芦里卖的什么药	hlly	3	4
合理利用规则	hllz	1	4
好了吗	hlm	2	3
红楼梦	hlm	3	3
回来没	hlm	4	3
好了没	hlm	5	3
活力满满	hlmm	3	4
好了没有	hlmy	1	4
火烈鸟	hln	2	3
后两年	hln	3	3
获利能力	hlnl	1	4
虎老娘们	hlnm	2	4
厚脸皮	hlp	2	3
黄脸婆	hlp	3	3
侯亮平	hlp	4	3
获利颇丰	hlpf	1	4
虎落平阳被犬欺	hlpq	1	4
花力气	hlq	2	3
呼啦圈	hlq	3	3
火力圈	hlq	4	3
火力全开	hlqk	1	4
好了起来	hlql	2	4
喊了起来	hlql	3	4
后来人	hlr	2	3
护理人员	hlry	1	4
黄绿色	hls	2	3
欢乐颂	hls	3	3
葫芦丝	hls	4	3
黄连素	hls	5	3
红绿色盲	hlsm	1	4
昏了头	hlt	1	3
胡辣汤	hlt	2	3
后浪推前浪	hltl	1	4
黑历史	hlu	2	3
华莱士	hlu	3	3
轰隆声	hlu	4	3
花露水	hlu	5	3
海狸鼠	hlu	6	3
横拉竖挡	hlud	1	4
会来事儿	hlue	1	4
慌了手脚	hluj	5	4
好了伤疤忘了疼	hlut	1	4
好了伤疤忘了痛	hlut	2	4
合理使用	hluy	1	4
互利双赢	hluy	2	4
后来者	hlv	2	3
荷兰猪	hlv	3	3
虎狼之词	hlvc	1	4
毫厘之间	hlvj	1	4
混乱状态	hlvt	1	4
虎狼之师	hlvu	1	4
慌乱之中	hlvv	2	4
混乱之中	hlvv	3	4
虎狼之威	hlvw	1	4
虎狼之穴	hlvx	1	4
虎狼之心	hlvx	2	4
何陋之有	hlvy	1	4
互联网	hlw	1	3
好莱坞	hlw	2	3
葫芦娃	hlw	3	3
火力网	hlw	4	3
后来我就	hlwj	1	4
狐狸尾巴藏不了	hlwl	2	4
互联网公司	hlws	1	4
互联网嘴替	hlwt	1	4
互联网没有记忆	hlwy	1	4
葫芦娃救爷爷	hlwy	2	4
合理性	hlx	2	3
厚礼蟹	hlx	3	3
厚礼谢	hlx	4	3
葫芦兄弟	hlxd	1	4
后来先到	hlxd	2	4
花了许多时间	hlxj	1	4
厚里谢特	hlxt	1	4
护理员	hly	2	3
翰林院	hly	3	3
海洛因	hly	4	3
火了一把	hlyb	2	4
好良言难劝该死鬼	hlyg	3	4
喝了一口	hlyk	1	4
红鲤鱼与绿鲤鱼与驴	hlyl	1	4
喉咙一甜	hlyt	1	4
红了樱桃	hlyt	2	4
哼了一声	hlyu	2	4
火力优势	hlyu	3	4
喊了一声	hlyu	4	4
换了一种	hlyv	1	4
火力压制	hlyv	2	4
坏了一锅粥	hlyv	3	4
魂类游戏	hlyx	1	4
哈喇子	hlz	2	3
滑轮组	hlz	3	3
话篓子	hlz	4	3
洪涝灾害	hlzh	1	4
旱涝灾害	hlzh	2	4
回炉再造	hlzz	1	4
还没	hm	1	2
后面	hm	2	2
画面	hm	3	2
很明白	hmb	1	3
坏毛病	hmb	2	3
毫米波	hmb	3	3
号码簿	hmb	4	3
好马不吃回头草	hmbc	1	4
好梦不长	hmbi	1	4
黑猫白猫	hmbm	1	4
好马不回头	hmbt	1	4
花名册	hmc	1	3
还没到	hmd	1	3
黑名单	hmd	2	3
还没定	hmd	3	3
很慢地	hmd	4	3
还没达到	hmdd	1	4
还没等到	hmdd	2	4
还没到时候	hmdh	1	4
毁灭殆尽	hmdj	1	4
合目的性	hmdx	1	4
黑木耳	hme	1	3
很麻烦	hmf	1	3
好麻烦	hmf	2	3
很敏感	hmg	1	3
画面感	hmg	2	3
哈密瓜	hmg	3	3
红玫瑰	hmg	4	3
黄玫瑰	hmg	5	3
画面过曝	hmgb	1	4
毁灭高潮	hmgi	1	4
毫米汞柱	hmgv	1	4
荒漠化	hmh	1	3
还没吃完	hmiw	1	4
护目镜	hmj	1	3
喝闷酒	hmj	2	3
黄焖鸡	hmj	3	3
黄焖鸡米饭	hmjf	1	4
黑猫警长	hmji	1	4
红木家具	hmjj	1	4
虹膜解锁	hmjs	1	4
豪门巨室	hmju	1	4
黑猫警长	hmjv	1	4
汗毛孔	hmk	1	3
毫毛孔	hmk	2	3
还没看到	hmkd	1	4
哈曼卡顿	hmkd	2	4
花木兰	hml	1	3
话密了嗷	hmla	1	4
汉莫拉比	hmlb	1	4
汉莫拉比法典	hmld	2	4
还没来得及	hmlj	1	4
很明了了	hmll	1	4
缓慢流淌	hmlt	3	4
虹猫蓝兔七侠传	hmlv	1	4
横眉冷对千夫指	hmlv	2	4
横眉冷眼	hmly	1	4
灰蒙蒙	hmm	1	3
黑蒙蒙	hmm	2	3
黑茫茫	hmm	3	3
好妹妹乐队	hmmd	1	4
画眉鸟	hmn	1	3
好梦难成	hmni	1	4
好马配好鞍	hmpa	1	4
很明确	hmq	1	3
回马枪	hmq	2	3
豁免权	hmq	3	3
豪门千金	hmqj	1	4
还没让	hmr	1	3
很茫然	hmr	2	3
红霉素	hms	1	3
海绵体	hmt	1	3
海马体	hmt	2	3
河漫滩	hmt	3	3
画面太美我不敢看	hmtk	1	4
画面太美	hmtm	1	4
轰鸣声	hmu	1	3
好名声	hmu	2	3
坏名声	hmu	3	3
红墨水	hmu	4	3
喝墨水	hmu	5	3
好谋善断	hmud	1	4
好谋少决	hmuj	2	4
毫末之利	hmvl	1	4
慌忙之中	hmvv	1	4
还没完	hmw	1	3
海明威	hmw	2	3
很明显	hmx	1	3
毁灭性	hmx	2	3
黄梅戏	hmx	3	3
还没想好	hmxh	1	4
毁灭性打击	hmxj	1	4
缓慢行驶	hmxu	1	4
很明显是	hmxu	2	4
还没有	hmy	1	3
很满意	hmy	2	3
鸿门宴	hmy	3	3
黄梅雨	hmy	4	3
很满意了	hmyl	1	4
豪迈有力	hmyl	2	4
怀民亦未寝	hmyq	1	4
很没意思	hmys	1	4
回眸一笑百媚生	hmyu	1	4
画面一转	hmyv	1	4
还没有完	hmyw	1	4
很满足	hmz	1	3
红帽子	hmz	2	3
怀念	hn	1	2
还能	hn	2	2
很难	hn	3	2
汉尼拔	hnb	1	3
好男不跟女斗	hnbd	1	4
好男不与女斗	hnbd	2	4
很难不支持	hnbi	2	4
河南拔智齿	hnbi	3	4
很难比较	hnbj	1	4
很难避免	hnbm	1	4
还能不能	hnbn	1	4
很难辨认	hnbr	1	4
很难保证	hnbv	1	4
很难把握	hnbw	1	4
湖南菜	hnc	1	3
海内存知己	hncj	1	4
很难得	hnd	1	3
海南岛	hnd	2	3
黄牛党	hnd	3	3
很难对付	hndf	1	4
好男儿	hne	1	3
好男儿志在四方	hnef	1	4
好女费汉	hnfh	1	4
很难发觉	hnfj	1	4
很难发现	hnfx	1	4
还能够	hng	1	3
好你个	hng	2	3
很难过	hng	3	3
很能干	hng	4	3
很能够	hng	5	3
很难改变	hngb	1	4
华南虎	hnh	1	3
花鸟画	hnh	2	3
坏男孩	hnh	3	3
糊弄糊弄	hnhn	1	4
患难何曾见一人	hnhr	1	4
喝奶茶	hni	1	3
婚内出轨	hnig	1	4
湖南长沙	hniu	1	4
很难承受	hniu	2	4
回娘家	hnj	1	3
患难见真情	hnjq	1	4
很难接受	hnju	1	4
很难解释	hnju	2	4
很难驾驭	hnjy	1	4
很难看	hnk	1	3
好难看	hnk	2	3
贺年卡	hnk	3	3
很难开口	hnkk	1	4
很难控制	hnkv	1	4
活腻了	hnl	1	3
很努力	hnl	2	3
很难理解	hnlj	1	4
滑腻腻	hnn	1	3
贺年片	hnp	1	3
很难判断	hnpd	1	4
很难区别	hnqb	1	4
很难确定	hnqd	1	4
很难区分	hnqf	1	4
好男人	hnr	1	3
好女人	hnr	2	3
呵男人	hnr	3	3
呵女人	hnr	4	3
混凝土	hnt	1	3
很难听	hnt	2	3
很难听到	hntd	1	4
很难突破	hntp	1	4
很难统一	hnty	1	4
后脑勺	hnu	1	3
很难说	hnu	2	3
很难受	hnu	3	3
河南省	hnu	4	3
湖南省	hnu	5	3
海南省	hnu	6	3
很难收场	hnui	1	4
很难实现	hnux	1	4
很难知道	hnvd	1	4
还能这样	hnvy	1	4
海内外	hnw	1	3
河南卫视	hnwu	2	4
很难相信	hnxx	2	4
还能用	hny	1	3
后娘养的	hnyd	1	4
很难应付	hnyf	1	4
核能预警	hnyj	1	4
画女硬说男	hnyn	1	4
画男硬说女	hnyn	2	4
和你一起	hnyq	1	4
和你一样	hnyy	1	4
还能再	hnz	1	3
淮南子	hnz	2	3
还能咋地	hnzd	1	4
很难做到	hnzd	2	4
还能怎样	hnzy	1	4
害怕	hp	1	2
和平	hp	2	2
活泼	hp	3	2
很普遍	hpb	1	3
横排版	hpb	2	3
黄牌儿	hpe	1	3
很佩服	hpf	1	3
黄皮肤	hpf	2	3
和平发展道路	hpfl	1	4
和平发展	hpfv	1	4
红牌罚下	hpfx	1	4
好评返现	hpfx	2	4
红苹果	hpg	1	3
和平鸽	hpg	2	3
黑苹果	hpg	3	3
和平过渡	hpgd	2	4
和平共处五项原则	hpgz	1	4
活泼好动	hphd	1	4
嗨皮嗨皮	hphp	1	4
红皮车	hpi	1	3
黄牌车	hpi	2	3
和平常一样	hpiy	1	4
喝啤酒	hpj	1	3
黄浦江	hpj	2	3
和平奖	hpj	3	3
猴皮筋	hpj	4	3
海帕杰顿	hpjd	1	4
和平精英	hpjy	1	4
后排靠窗	hpki	1	4
害怕了	hpl	1	3
很漂亮	hpl	2	3
好漂亮	hpl	3	3
和平利用	hply	1	4
海平面	hpm	1	3
横剖面	hpm	2	3
和平年代	hpnd	1	4
虎扑女神	hpnu	1	4
红扑扑	hpp	1	3
好怕怕	hpp	2	3
虎扑评分	hppf	1	4
喝瓶啤酒	hppj	1	4
好脾气	hpq	1	3
坏脾气	hpq	2	3
害怕起来	hpql	1	4
好评如潮	hpri	1	4
活菩萨	hps	1	3
琥珀色	hps	2	3
很普通	hpt	1	3
黑皮体育生	hptu	1	4
红皮书	hpu	1	3
黄皮书	hpu	2	3
获批准	hpv	1	3
合浦珠还	hpvh	1	4
和平外交政策	hpwc	1	4
和平稳定	hpwd	1	4
和平外交	hpwj	1	4
海平线	hpx	1	3
海螵蛸	hpx	2	3
和平相处	hpxi	1	4
好朋友	hpy	1	3
很便宜	hpy	2	3
好盆友	hpy	3	3
和平友好	hpyh	1	4
红皮鸭子	hpyz	1	4
后排座	hpz	1	3
后排座位	hpzw	1	4
回去	hq	1	2
好奇	hq	2	2
回去吧	hqb	1	3
霍去病	hqb	2	3
华强北	hqb	3	3
后勤部	hqb	4	3
红旗不倒	hqbd	1	4
后勤部门	hqbm	1	4
横起笔区	hqbq	1	4
好巧不巧	hqbq	2	4
好奇宝宝在线提问	hqbw	1	4
活期存款	hqck	1	4
很强大	hqd	1	3
很期待	hqd	2	3
好期待	hqd	3	3
何其多	hqd	4	3
何其毒也	hqdy	1	4
回迁房	hqf	1	3
获取方式	hqfu	1	4
行情分析	hqfx	1	4
很奇怪	hqg	1	3
好奇怪	hqg	2	3
花千骨	hqg	3	3
好奇怪啊	hqga	1	4
婚庆公司	hqgs	1	4
后勤工作	hqgz	1	4
好奇害死猫	hqhm	1	4
华侨华人	hqhr	1	4
或轻或重	hqhv	1	4
很清楚	hqi	1	3
好去处	hqi	2	3
豪气冲天	hqit	1	4
后勤基地	hqjd	1	4
婚前检查	hqji	1	4
护妻狂魔	hqkm	1	4
回去了	hql	1	3
合起来	hql	2	3
黄泉路	hql	3	3
好起来	hql	4	3
嗨起来	hql	5	3
何弃疗	hql	6	3
好起来了	hqll	1	4
火钳刘明	hqlm	1	4
火前留名	hqlm	2	4
红墙绿瓦	hqlw	1	4
环球旅行	hqlx	1	4
缓期两年执行	hqlx	2	4
横切面	hqm	1	3
黄曲霉	hqm	2	3
花钱买罪受	hqmu	1	4
唤起民众	hqmv	1	4
黑漆抹乌	hqmw	1	4
花钱买教训	hqmx	2	4
黑漆漆	hqq	1	3
黑黢黢	hqq	2	3
弧圈球	hqq	3	3
花钱如流水	hqru	1	4
花青素	hqs	1	3
核潜艇	hqt	1	3
红蜻蜓	hqt	2	3
婚前同居	hqtj	1	4
获取途径	hqtj	2	4
火枪手	hqu	1	3
换气扇	hqu	2	3
很清爽	hqu	3	3
红旗手	hqu	4	3
环球时报	hqub	2	4
和泉纱雾	hquw	1	4
回去之前	hqvq	1	4
后期制作	hqvz	1	4
回去问问	hqww	1	4
好奇心	hqx	1	3
好清闲	hqx	2	3
何其相似乃尔	hqxe	1	4
好奇心害死猫	hqxm	1	4
寒气袭人	hqxr	1	4
何其相似	hqxs	1	4
花拳秀腿	hqxt	2	4
好奇心重	hqxv	1	4
婚前性行为	hqxw	1	4
行情预测	hqyc	1	4
花前月下有情人	hqyr	1	4
虎躯一震	hqyv	1	4
豪情在天	hqzt	1	4
回去再说	hqzu	1	4
好人	hr	2	2
忽然	hr	3	2
黄热病	hrb	2	3
黑热病	hrb	3	3
好人不长命	hrbm	1	4
涣然冰释	hrbu	2	4
华容道	hrd	1	3
何润东	hrd	2	3
忽然发现	hrfx	1	4
花入各眼	hrgy	1	4
活人还能被尿憋死	hrhs	1	4
活人还能让尿憋死	hrhs	2	4
害人虫	hri	2	3
忽然间	hrj	2	3
好人家	hrj	3	3
害人精	hrj	4	3
忽然觉得	hrjd	1	4
好人卡	hrk	2	3
核燃料	hrl	2	3
好人没好报	hrmb	1	4
好热闹	hrn	2	3
好人难做	hrnz	1	4
混入其中	hrqv	1	4
恍然若失	hrru	1	4
何人所为	hrsw	1	4
忽然听见	hrtj	1	4
后入式	hru	1	3
很认真	hrv	2	3
好认真	hrv	3	3
忽然之间	hrvj	1	4
害人终害己	hrvj	2	4
害人之心不可有，防人之心不可无	hrvw	1	4
害人之心不可有	hrvy	1	4
还认为	hrw	2	3
黑人问号	hrwh	1	4
恍若未闻	hrww	3	4
黑人兄弟	hrxd	1	4
黑人小哥	hrxg	2	4
忽然像是	hrxu	1	4
很容易	hry	2	3
好容易	hry	3	3
好人一生平安	hrya	3	4
好人有好报	hryb	1	4
黑人牙膏	hryg	1	4
忽如一夜春风来	hryl	1	4
含乳饮料	hryl	2	4
好人有好梦	hrym	2	4
黑人音乐	hryy	1	4
好日子	hrz	1	3
混日子	hrz	2	3
憨人自有憨人福	hrzf	1	4
赫然在目	hrzm	1	4
红色	hs	2	2
黑色	hs	3	2
黑死病	hsb	2	3
海森堡	hsb	3	3
好死不如赖活	hsbh	2	4
好死不如赖活着	hsbv	1	4
虎死不倒威	hsbw	2	4
红丝带	hsd	2	3
荤素搭配	hsdp	1	4
核算单位	hsdw	1	4
黄色废料	hsfl	1	4
毁三观	hsg	2	3
火速赶到	hsgd	1	4
昏死过去	hsgq	1	4
欢送会	hsh	2	3
核酸检测	hsjc	1	4
横死街头	hsjt	2	4
红色精神	hsju	2	4
哈萨克斯坦	hskt	2	4
还算可以	hsky	1	4
黑松露	hsl	1	3
猴赛雷	hsl	2	3
黑丝美腿	hsmt	1	4
晦涩难懂	hsnd	1	4
会所嫩模	hsnm	1	4
黑丝女仆	hsnp	1	4
贺岁片	hsp	2	3
何所求	hsq	1	3
害死人	hsr	2	3
活死人肉白骨	hsrg	1	4
害死人了	hsrl	1	4
骇死人了	hsrl	2	4
害死人不偿命	hsrm	1	4
黑色人种	hsrv	1	4
黑森森	hss	1	3
黑色素	hss	2	3
灰色收入	hsur	1	4
红色炸弹	hsvd	1	4
互诉衷肠	hsvi	2	4
红色政权	hsvq	1	4
话虽这么说	hsvu	2	4
汗酸味	hsw	2	3
骇死我了	hswl	1	4
害死我了	hswl	2	4
黄色网站	hswv	1	4
黑色玩笑	hswx	1	4
黄色笑话	hsxh	1	4
黑色笑话	hsxh	2	4
会死星人	hsxr	1	4
毁所有	hsy	1	3
活塞运动	hsyd	1	4
红色预警	hsyj	4	4
齁嗓子	hsz	1	3
回头	ht	1	2
后退	ht	2	2
话题	ht	3	2
很特别	htb	1	3
航天部	htb	2	3
还挺不错	htbc	1	4
好铁不打钉	htbd	1	4
恨铁不成钢	htbg	1	4
后天八卦	htbg	2	4
好听不火	htbh	1	4
皇天不负有心人	htbr	1	4
红透半边天	htbt	1	4
换汤不换药	htby	1	4
横挑鼻子竖挑眼	htby	2	4
回头草	htc	1	3
黑土地	htd	1	3
糊涂蛋	htd	2	3
黄土地	htd	3	3
宏图大略	htdl	1	4
宏图大展	htdv	2	4
哄堂大孝	htdx	2	4
黑天鹅事件	htej	1	4
黑头发	htf	1	3
红头发	htf	2	3
黄头发	htf	3	3
合同法	htf	4	3
合同范本	htfb	1	4
合同工	htg	1	3
猴头菇	htg	2	3
恨天高	htg	3	3
糊涂官	htg	4	3
航天工业部	htgb	1	4
回天改命	htgm	1	4
黄土高坡	htgp	1	4
航天工业	htgy	2	4
皇太后	hth	1	3
很听话	hth	2	3
海棠花	hth	3	3
后庭花	hth	4	3
合同合法	hthf	1	4
航天航空	hthk	1	4
灰头灰脸	hthl	1	4
猴头猴脑	hthn	3	4
核糖核苷酸	hths	2	4
好听好听	htht	2	4
火腿肠	hti	1	3
糊涂虫	hti	2	3
活态传承	htii	1	4
合同成交	htij	1	4
后台处理	htil	1	4
回头见	htj	1	3
回趟家	htj	2	3
航天局	htj	3	3
皇太极	htj	4	3
火头军	htj	5	3
猴头菌	htj	6	3
合同金额	htje	1	4
合同纠纷	htjf	1	4
护体金光	htjg	1	4
红糖姜茶	htji	1	4
好听就是好头	htjt	1	4
会谈纪要	htjy	1	4
回头看	htk	1	3
回头客	htk	2	3
褐铁矿	htk	3	3
汇通快递	htkd	1	4
回头看看	htkk	1	4
化痰开窍	htkq	1	4
荒唐可笑	htkx	1	4
回头路	htl	1	3
灰太狼	htl	2	3
恨透了	htl	3	3
滑铁卢	htl	4	3
回头率	htl	5	3
河图洛书	htlu	1	4
好听吗	htm	1	3
毁天灭地	htmd	1	4
毁童年	htn	1	3
哄抬批价	htpj	1	4
环太平洋	htpy	2	4
好天气	htq	1	3
合同期	htq	2	3
航天器	htq	3	3
互通情报	htqb	1	4
合同签订	htqd	2	4
合同期间	htqj	1	4
合同期内	htqn	1	4
很突然	htr	1	3
核桃仁	htr	2	3
胡桃肉	htr	3	3
皇太孙	hts	1	3
后台私信	htsx	1	4
活脱脱	htt	1	3
核弹头	htt	2	3
红彤彤	htt	3	3
糊涂透顶	httd	1	4
灰头土面	httm	1	4
伙同他人	httr	1	4
荒唐事	htu	1	3
红糖水	htu	2	3
红塔山	htu	3	3
合同书	htu	4	3
孩提时代	htud	1	4
合同双方	htuf	1	4
合同生效	htux	1	4
航天事业	htuy	1	4
怀胎十月	htuy	2	4
活体实验	htuy	3	4
糊涂账	htv	1	3
很天真	htv	2	3
合同制	htv	3	3
荒唐之举	htvj	1	4
化痰止咳	htvk	1	4
秽土转生	htvu	1	4
后天中午	htvw	1	4
回头望去	htwq	1	4
后天晚上	htwu	2	4
回头望月	htwy	1	4
虎跳峡	htx	1	3
后天性	htx	2	3
换头像	htx	3	3
黑天瞎地	htxd	2	4
滑天下之大稽	htxj	1	4
后天下之乐而乐	htxl	1	4
烘托渲染	htxr	1	4
后天下午	htxw	1	4
回头想想	htxx	1	4
合同协议	htxy	1	4
航天员	hty	1	3
海豚音	hty	2	3
红太阳	hty	3	3
回头一看	htyk	1	4
和他一起	htyq	1	4
和她一起	htyq	2	4
荷塘月色	htys	2	4
糊涂一时	htyu	1	4
回头一笑百媚生	htyu	2	4
回头一望	htyw	2	4
和他一样	htyy	1	4
和她一样	htyy	2	4
和它一样	htyy	3	4
回头再	htz	1	3
皇太子	htz	2	3
黑体字	htz	3	3
后天早晨	htzi	1	4
回头再说	htzu	1	4
华佗再世	htzu	2	4
后天早上	htzu	3	4
华佗在世	htzu	4	4
还是	hu	2	2
很少	hu	3	2
沪上阿姨	huay	1	4
和氏璧	hub	2	3
很失败	hub	3	3
护舒宝	hub	4	3
火山爆发	hubf	1	4
横生变故	hubg	1	4
还是不行	hubh	2	4
还是比较	hubj	1	4
海水不可斗量	hubl	1	4
昏睡百年	hubn	1	4
还说不清	hubq	2	4
好事不从忙中起	hubq	3	4
喝水不忘挖井人	hubr	1	4
还说不准	hubv	2	4
还是不行	hubx	1	4
黑手党	hud	2	3
华盛顿	hud	3	3
划时代	hud	4	3
华氏度	hud	5	3
华盛顿邮报	hudb	1	4
划上等号	hudh	1	4
浑身哆嗦	huds	2	4
火山地震	hudv	2	4
回声定位	hudw	1	4
很舒服	huf	1	3
好舒服	huf	2	3
护身符	huf	3	3
伙食费	huf	4	3
还舒服	huf	5	3
滑石粉	huf	6	3
含水分	huf	7	3
浑身发抖	hufd	1	4
还是非常	hufi	1	4
喉舌分离	hufl	1	4
还是个	hug	2	3
活守寡	hug	3	3
挥手告别	hugb	1	4
黄沙滚滚	hugg	1	4
还是个谜	hugm	1	4
很受鼓舞	hugw	1	4
还是个孩子	hugz	1	4
很适合	huh	2	3
好说话	huh	3	3
黑社会	huh	4	3
火山灰	huh	5	3
好是好	huh	6	3
昏睡红茶	huhi	1	4
黑神话悟空	huhk	1	4
很少回去	huhq	2	4
很傻很天真	huhv	2	4
化湿和胃	huhw	1	4
会声会影	huhy	1	4
好收成	hui	2	3
火烧赤壁	huib	1	4
坏事传千里	huil	1	4
很少出现	huix	1	4
后视镜	huj	2	3
很少见	huj	3	3
花时间	huj	4	3
花生酱	huj	5	3
寒暑假	huj	6	3
海事局	huj	7	3
皇上驾到	hujd	1	4
合适就好	hujh	2	4
夯实基础	huji	2	4
护士姐姐	hujj	1	4
好事将近	hujj	2	4
横尸街头	hujt	2	4
还是建议	hujy	2	4
很深刻	huk	1	3
火山口	huk	2	3
寒湿困脾	hukp	1	4
回收开头	hukt	1	4
还是可以	huky	1	4
很顺利	hul	2	3
黄鼠狼	hul	3	3
好商量	hul	4	3
和事佬	hul	5	3
很熟练	hul	6	3
黑势力	hul	7	3
含水量	hul	8	3
回收率	hul	9	3
好生了得	huld	3	4
花式撸管	hulg	1	4
衡水老白干	hulg	2	4
画上了圆满的句号	hulh	2	4
黄鼠狼给鸡拜年	huln	1	4
回收利用	huly	4	4
花生米	hum	2	3
和尚庙	hum	3	3
函数名	hum	4	3
火烧眉毛顾眼前	humq	1	4
海上明珠	humv	2	4
还是能	hun	2	3
还是你	hun	3	3
还是那个	hung	1	4
还是能够	hung	2	4
和尚念经	hunj	2	4
红烧牛肉面	hunm	3	4
还是你皮	hunp	1	4
红烧牛肉	hunr	1	4
浑身难受	hunu	1	4
挥师南下	hunx	1	4
还是那样	huny	1	4
红烧排骨	hupg	1	4
幻兽帕鲁	hupl	1	4
横竖撇捺	hupn	1	4
横竖撇点折	hupv	2	4
横竖撇捺折	hupv	3	4
哈士奇	huq	2	3
很生气	huq	3	3
好事情	huq	4	3
坏事情	huq	5	3
回收期	huq	6	3
好生奇怪	huqg	1	4
很是奇怪	huqg	2	4
何事秋风悲画扇	huqu	3	4
红烧茄子	huqz	1	4
红烧肉	hur	2	3
话事人	hur	3	3
很少人	hur	4	3
花生仁	hur	5	3
还是如此	hurc	1	4
海上日出	huri	1	4
环视四周	husv	1	4
很少听到	hutd	2	4
海神唐三	huts	3	4
函数图像	hutx	1	4
函数图象	hutx	2	4
活生生	huu	2	3
护手霜	huu	3	3
浑身是宝	huub	1	4
会是谁呢	huun	1	4
黑市商人	huur	1	4
何时是个头	huut	1	4
浑身湿透	huut	2	4
浑身上下	huux	1	4
回收站	huv	2	3
婚纱照	huv	3	3
获胜者	huv	4	3
好事者	huv	5	3
护士长	huv	6	3
胡适之	huv	7	3
华山之巅	huvd	2	4
还手之力	huvl	2	4
话是这么说	huvu	5	4
衡水中学	huvx	2	4
回收主线	huvx	3	4
还是这样	huvy	1	4
颔首致意	huvy	2	4
何首乌	huw	2	3
华氏温标	huwb	1	4
华氏温度	huwd	2	4
火水未济	huwj	2	4
浑身无力	huwl	1	4
化身万千	huwq	1	4
还剩下	hux	2	3
很熟悉	hux	3	3
活神仙	hux	4	3
红双喜	hux	5	3
何时休	hux	6	3
很是喜欢	huxh	1	4
还是要	huy	2	3
还是有	huy	3	3
好声音	huy	4	3
火烧云	huy	5	3
花生油	huy	6	3
火山岩	huy	7	3
红烧鱼	huy	8	3
荒山野地	huyd	1	4
还是一个	huyg	1	4
很少有人	huyr	2	4
还是一种	huyv	1	4
还是因为	huyw	1	4
还是一样	huyy	1	4
红石音乐	huyy	2	4
还是在	huz	2	3
活受罪	huz	3	3
红十字	huz	4	3
坏事做尽	huzj	1	4
坏事做绝	huzj	2	4
祸首罪魁	huzk	1	4
或者	hv	2	2
活着	hv	3	2
红纸包	hvb	2	3
回执表	hvb	3	3
回执编号	hvbh	3	4
会者不难	hvbn	3	4
怀中抱妹杀	hvbu	1	4
黑纸白字	hvbz	2	4
还值得	hvd	2	3
划重点	hvd	3	3
回执单	hvd	4	3
黑转粉	hvf	1	3
换种方式	hvfu	3	4
好战分子	hvfz	1	4
合众国	hvg	2	3
火之高兴	hvgx	1	4
混账话	hvh	2	3
画中画	hvh	3	3
互助会	hvh	4	3
活着回来	hvhl	4	4
画质好评	hvhp	1	4
活着回去	hvhq	2	4
很正常	hvi	1	3
绘制出	hvi	2	3
轰炸机	hvj	2	3
灰指甲	hvj	3	3
河住江翻	hvjf	1	4
活着就是为了改变世界	hvjj	1	4
好这口	hvk	2	3
黑着脸	hvl	2	3
红着脸	hvl	3	3
号召力	hvl	4	3
含着泪	hvl	5	3
花枝乱颤	hvli	3	4
画质拉满	hvlm	1	4
蕙质兰心	hvlx	1	4
黑芝麻	hvm	2	3
后缀名	hvm	3	3
晃着脑袋	hvnd	1	4
化妆品	hvp	2	3
海蜇皮	hvp	3	3
恨之切	hvq	2	3
黄种人	hvr	2	3
黑种人	hvr	3	3
杭州人	hvr	4	3
含着热泪	hvrl	1	4
好兆头	hvt	2	3
幻肢痛	hvt	3	3
或者说	hvu	2	3
或者是	hvu	3	3
还真是	hvu	4	3
化妆师	hvu	5	3
杭州市	hvu	6	3
化妆室	hvu	7	3
候诊室	hvu	8	3
画中世界	hvuj	2	4
后置摄像头	hvut	1	4
或者是因为	hvuw	1	4
核战争	hvv	1	3
核装置	hvv	2	3
好之者不如乐之者	hvvv	2	4
横折弯钩	hvwg	1	4
化妆舞会	hvwh	2	4
胡主席	hvx	2	3
行政许可	hvxk	2	4
很重要	hvy	2	3
好主意	hvy	3	3
会这样	hvy	4	3
坏主意	hvy	5	3
互助友爱	hvya	1	4
很重要的	hvyd	2	4
呼之欲出	hvyi	4	4
含着眼泪	hvyl	1	4
恨之欲之死	hvys	1	4
悔之已晚	hvyw	1	4
合辙押韵	hvyy	1	4
汗珠子	hvz	2	3
好玩	hw	2	2
毫无	hw	3	2
海外版	hwb	1	3
红卫兵	hwb	2	3
后五百	hwb	3	3
毫无波动	hwbd	2	4
毫无变化	hwbh	2	4
花无百日红	hwbh	3	4
华为不卡	hwbk	1	4
毫无波澜	hwbl	3	4
海外博主	hwbv	1	4
毫无必要	hwby	1	4
好玩不过嫂子	hwbz	1	4
很稳定	hwd	1	3
护卫队	hwd	2	3
汉武帝	hwd	3	3
汉文帝	hwd	4	3
还未达到	hwdd	2	4
汉武大帝	hwdd	3	4
毫无抵抗力	hwdl	2	4
核外电子	hwdz	2	4
好玩儿	hwe	1	3
毫无恶意	hwey	1	4
毫无防备	hwfb	1	4
毫无负担	hwfd	1	4
混碗饭吃	hwfi	1	4
毫无反应	hwfy	1	4
环卫工	hwg	1	3
红外光	hwg	2	3
环卫工人	hwgr	2	4
毫无痕迹	hwhj	2	4
毫无还手之力	hwhl	2	4
很晚回来	hwhl	3	4
华为盒子	hwhz	1	4
环卫处	hwi	1	3
毫无察觉	hwij	1	4
猴王出世	hwiu	1	4
和往常一样	hwiy	2	4
护卫舰	hwj	1	3
好望角	hwj	2	3
寒武纪	hwj	3	3
核危机	hwj	4	3
毫无结果	hwjg	1	4
海外机构	hwjg	2	4
毫无价值	hwjv	1	4
毫无进展	hwjv	2	4
毫无节制	hwjv	3	4
恨屋及乌	hwjw	1	4
毫无可取之处	hwki	1	4
很无聊	hwl	1	3
好无聊	hwl	2	3
婚外恋	hwl	3	3
黑五类	hwl	4	3
红五类	hwl	5	3
话务量	hwl	6	3
毫无卵用	hwly	2	4
很完美	hwm	1	3
好玩吗	hwm	2	3
很微妙	hwm	3	3
毫微米	hwm	4	3
毫微秒	hwm	5	3
毫无目标	hwmb	2	4
海外媒体	hwmt	1	4
很无奈	hwn	1	3
毫无难度	hwnd	1	4
毫无能力	hwnl	1	4
毫无PS痕迹	hwpj	1	4
核武器	hwq	1	3
婚外情	hwq	2	3
恒温器	hwq	3	3
毫无牵挂	hwqg	1	4
含污忍垢	hwrg	1	4
壕无人性	hwrx	2	4
毫无所觉	hwsj	1	4
海外同胞	hwtb	1	4
核威慑	hwu	1	3
好为事端	hwud	1	4
和我说了	hwul	1	4
和我商量	hwul	2	4
毫无水平	hwup	1	4
毫无生气	hwuq	1	4
毫无胜算	hwus	1	4
话未说完	hwuw	1	4
毫无准备	hwvb	1	4
毫无章法	hwvf	1	4
毫无知觉	hwvj	1	4
毫无违和感	hwwg	1	4
和我无关	hwwg	2	4
很危险	hwx	1	3
红外线	hwx	2	3
海王星	hwx	3	3
后卫线	hwx	4	3
核威胁	hwx	5	3
毫无训练痕迹	hwxj	1	4
毫无悬念	hwxn	1	4
毫无兴趣	hwxq	2	4
货物销售	hwxu	1	4
毫无希望	hwxw	1	4
河外星系	hwxx	1	4
画外音	hwy	1	3
话务员	hwy	2	3
户外运动	hwyd	1	4
毫无压力	hwyl	1	4
毫无鸭梨	hwyl	2	4
户外用品	hwyp	1	4
和我一起	hwyq	1	4
合为一体	hwyt	2	4
毫无意外	hwyw	2	4
和我一样	hwyy	4	4
绘文字	hwz	1	3
海外资本	hwzb	1	4
毫无作用	hwzy	1	4
好像	hx	2	2
或许	hx	3	2
还行吧	hxb	2	3
回旋镖	hxb	3	3
滑雪板	hxb	4	3
红细胞	hxb	5	3
坏血病	hxb	6	3
后续版本	hxbb	1	4
好心不得好报	hxbb	2	4
含胸拔背	hxbb	3	4
化学变化	hxbh	1	4
核心部门	hxbm	4	4
好心办坏事	hxbu	5	4
还需不需要	hxby	1	4
含羞草	hxc	2	3
候选词	hxc	3	3
互相残杀	hxcu	2	4
好兄弟	hxd	2	3
汉献帝	hxd	3	3
后现代	hxd	4	3
茴香豆	hxd	5	3
好心当成驴肝肺	hxdf	1	4
好心当驴肝肺	hxdf	2	4
回想当初	hxdi	1	4
含羞带怯	hxdq	1	4
呼吸道感染	hxdr	1	4
化学递质	hxdv	1	4
红心大战	hxdv	2	4
核心地位	hxdw	1	4
滑雪大冒险	hxdx	1	4
混血儿	hxe	1	3
火星儿	hxe	2	3
呼啸而来	hxel	1	4
华夏儿女	hxen	1	4
呼啸而至	hxev	1	4
黑旋风	hxf	2	3
祸兮福所倚	hxfy	2	4
好习惯	hxg	1	3
何仙姑	hxg	2	3
坏习惯	hxg	3	3
很习惯	hxg	4	3
虹吸管	hxg	5	3
狠下功夫	hxgf	1	4
互相鼓励	hxgl	2	4
混淆概念	hxgn	1	4
互相干扰	hxgr	2	4
互相沟通	hxgt	1	4
互相关心	hxgx	1	4
湖心公园	hxgy	2	4
后续工作	hxgz	1	4
核心工作	hxgz	2	4
或许会	hxh	2	3
很喜欢	hxh	3	3
好喜欢	hxh	4	3
和谐号	hxh	5	3
核心环节	hxhj	1	4
好学好记	hxhj	2	4
花谢花开	hxhk	1	4
好戏还在后面	hxhm	1	4
好戏还在后头	hxht	1	4
互相合作	hxhz	1	4
滑雪场	hxi	1	3
狠心肠	hxi	2	3
候选窗	hxi	3	3
互相垂直	hxiv	1	4
核心出装	hxiv	2	4
核心成员	hxiy	1	4
或许就	hxj	1	3
滑翔机	hxj	2	3
呼吸机	hxj	3	3
化学家	hxj	4	3
呼吸急促	hxjc	1	4
化学结构	hxjg	1	4
核心价值观	hxjg	2	4
或许就会	hxjh	1	4
或许就是	hxju	4	4
核心价值	hxjv	1	4
火星救援	hxjy	2	4
火线精英	hxjy	3	4
呼吸科	hxk	2	3
好辛苦	hxk	3	3
候选框	hxk	4	3
核心科技	hxkj	2	4
呼吸困难	hxkn	1	4
活下来	hxl	1	3
候选栏	hxl	2	3
花心萝卜	hxlb	1	4
互相理解	hxlj	2	4
核心理念	hxln	2	4
化学老师	hxlu	1	4
蕙心兰质	hxlv	1	4
互相来往	hxlw	2	4
横向联系	hxlx	1	4
火星老仙	hxlx	2	4
核心利益	hxly	2	4
互相利用	hxly	3	4
黑心棉	hxm	1	3
护心毛	hxm	2	3
黄晓明	hxm	3	3
好心没好报	hxmb	1	4
户型面积	hxmj	2	4
红星美凯龙	hxml	1	4
和谐美满	hxmm	2	4
唤醒民众	hxmv	1	4
好像没有	hxmy	1	4
华夏民族	hxmz	1	4
和稀泥	hxn	2	3
好想你	hxn	3	3
核心内容	hxnr	1	4
化学品	hxp	1	3
核心平台	hxpt	1	4
互相碰撞	hxpv	1	4
呼吸平稳	hxpw	1	4
活下去	hxq	1	3
回想起	hxq	2	3
核心区	hxq	3	3
好心情	hxq	4	3
弧线球	hxq	5	3
幻想曲	hxq	6	3
横行其道	hxqd	1	4
核心期刊	hxqk	2	4
回想起来	hxql	3	4
互相欺骗	hxqp	1	4
很显然	hxr	2	3
候选人	hxr	3	3
好心人	hxr	4	3
火星人	hxr	5	3
互相让步	hxrb	1	4
核心人物	hxrw	1	4
花心思	hxs	1	3
火星四溅	hxsj	1	4
核心思想	hxsx	1	4
花香四溢	hxsy	1	4
核心素养	hxsy	2	4
活性炭	hxt	1	3
户型图	hxt	2	3
含胸驼背	hxtb	1	4
红袖添香	hxtx	2	4
和谐统一	hxty	1	4
好像是	hxu	1	3
好学生	hxu	2	3
海鲜市场	hxui	9	4
呼吸衰竭	hxuj	2	4
幻想时间	hxuj	3	4
或许是因为	hxuw	1	4
好像是有	hxuy	1	4
后下手遭殃	hxuy	2	4
好像是在	hxuz	2	4
幻想着	hxv	2	3
回形针	hxv	3	3
哈希值	hxv	4	3
很想知道	hxvd	2	4
好想知道	hxvd	3	4
互相支持	hxvi	3	4
藿香正气胶囊	hxvn	1	4
藿香正气软胶囊	hxvn	2	4
或许只是	hxvu	3	4
户型展示	hxvu	4	4
藿香正气水	hxvu	5	4
藿香正气丸	hxvw	1	4
很希望	hxw	2	3
火星文	hxw	3	3
化学物	hxw	4	3
虎嗅网	hxw	5	3
互相往来	hxwl	1	4
华夏文明	hxwm	1	4
化学污染	hxwr	1	4
好消息	hxx	2	3
坏消息	hxx	3	3
黑猩猩	hxx	4	3
很小心	hxx	5	3
候选项	hxx	6	3
呼吸兴奋	hxxf	1	4
和谐相处	hxxi	3	4
核心显卡	hxxk	3	4
好消息是	hxxu	2	4
坏消息是	hxxu	3	4
黑熊瞎子打立正	hxxv	1	4
还需要	hxy	1	3
好像有	hxy	2	3
很需要	hxy	3	3
互相依存	hxyc	1	4
好像有点	hxyd	2	4
很小一部分	hxyf	1	4
化学阉割	hxyg	1	4
呼吸一滞	hxyv	1	4
或许因为	hxyw	1	4
回想一下	hxyx	2	4
好像在	hxz	2	3
花仙子	hxz	3	3
好小子	hxz	4	3
话匣子	hxz	5	3
黑匣子	hxz	6	3
坏小子	hxz	7	3
候选字	hxz	8	3
还想咋地	hxzd	2	4
华夏子孙	hxzs	1	4
好戏在后头	hxzt	1	4
化学作用	hxzy	1	4
还有	hy	2	2
还要	hy	3	2
鸿雁哀鸣	hyam	1	4
喝一杯	hyb	2	3
很一般	hyb	3	3
黑与白	hyb	4	3
红眼病	hyb	5	3
火一把	hyb	6	3
好一般	hyb	7	3
胡彦斌	hyb	8	3
行业标杆	hybg	1	4
怀冤抱屈	hybq	1	4
谎言不会伤人	hybr	1	4
还有不少	hybu	1	4
婚姻不顺	hybu	2	4
很有帮助	hybv	1	4
行业标准	hybv	2	4
还要不要	hyby	3	4
还有必要	hyby	4	4
厚养薄葬	hybz	1	4
很有才	hyc	2	3
欢迎词	hyc	3	3
汉语词典	hycd	2	4
话音才落	hycl	1	4
很有才能	hycn	1	4
好一点	hyd	2	3
活跃度	hyd	3	3
化验单	hyd	4	3
旱烟袋	hyd	5	3
后一段	hyd	6	3
好又多	hyd	7	3
好一点点	hydd	1	4
怀疑的眼光	hydg	1	4
欢迎大家	hydj	5	4
荒野大镖客	hydk	2	4
很有道理	hydl	1	4
好有道理	hydl	2	4
还有的人	hydr	2	4
鸿运当头	hydt	1	4
好友动态	hydt	2	4
黄杨钿甜	hydt	3	4
还有多少	hydu	2	4
海洋动物	hydw	1	4
怀疑对象	hydx	2	4
怀有敌意	hydy	2	4
好样儿	hye	1	3
祸因恶积	hyej	1	4
和衣而睡	hyeu	1	4
换衣服	hyf	1	3
婚姻法	hyf	2	3
弘扬佛法	hyff	1	4
黑云翻滚	hyfg	1	4
行业发展	hyfv	1	4
火郁发之	hyfv	2	4
会员服务	hyfw	1	4
和一个	hyg	2	3
还有个	hyg	3	3
好一个	hyg	4	3
换一个	hyg	5	3
怀疑过	hyg	6	3
还应该	hyg	7	3
互有高低	hygd	1	4
很有感触	hygi	1	4
很有感觉	hygj	1	4
行业股票	hygp	1	4
回阳固脱	hygt	1	4
还有高手	hygu	1	4
很有关系	hygx	2	4
很有个性	hygx	3	4
好友关系	hygx	4	4
红眼果蝇	hygy	2	4
好一会	hyh	1	3
很遗憾	hyh	2	3
缓一缓	hyh	3	3
挥一挥	hyh	4	3
欢迎会	hyh	5	3
后援会	hyh	6	3
红与黑	hyh	7	3
还有很多	hyhd	2	4
还有好多	hyhd	3	4
好一会儿	hyhe	2	4
行有行规	hyhg	1	4
欢迎惠顾	hyhg	2	4
很有好处	hyhi	1	4
忽远忽近	hyhj	1	4
欢迎回来	hyhl	2	4
很有活力	hyhl	3	4
会阴处	hyi	1	3
黄莺出谷	hyig	2	4
沪爷冲击	hyij	1	4
花有重开日，人无再少年	hyin	1	4
花有重开日	hyir	1	4
花月成双	hyiu	2	4
很有成效	hyix	1	4
汉语成语	hyiy	2	4
欢迎乘坐	hyiz	1	4
货源充足	hyiz	2	4
霍元甲	hyj	2	3
合约机	hyj	3	3
黑眼睛	hyj	4	3
海洋局	hyj	5	3
还原剂	hyj	6	3
后援军	hyj	7	3
活页夹	hyj	8	3
会议决定	hyjd	2	4
华语教父	hyjf	1	4
还有几个	hyjg	1	4
还有机会	hyjh	2	4
行业健康	hyjk	1	4
会议记录	hyjl	1	4
欢迎加入	hyjr	1	4
活要见人	hyjr	2	4
婚姻家庭	hyjt	2	4
很有精神	hyju	2	4
活要见人死要见尸	hyju	3	4
会议结束	hyju	4	4
很有价值	hyjv	1	4
会员卡	hyk	2	3
火药库	hyk	3	3
好游快爆	hykb	1	4
会议开幕	hykm	1	4
很有可能	hykn	1	4
还有可能	hykn	2	4
还有脸	hyl	1	3
好眼力	hyl	2	3
回忆录	hyl	3	3
好运来	hyl	4	3
耗油量	hyl	5	3
红颜料	hyl	6	3
好友列表	hylb	1	4
互有利弊	hylb	2	4
会员礼包	hylb	3	4
获益良多	hyld	1	4
很有乐趣	hylq	1	4
行业龙头	hylt	1	4
好友聊天	hylt	2	4
还有吗	hym	1	3
薅羊毛	hym	2	3
好友名单	hymd	1	4
行业冥灯	hymd	2	4
行业门户	hymh	1	4
婚姻美满	hymm	1	4
护眼模式	hymu	1	4
还有没有	hymy	1	4
欢迎你	hyn	2	3
欢迎您	hyn	3	3
还有哪个	hyng	1	4
还有那个	hyng	2	4
还有那么	hynm	1	4
好意难却	hynq	1	4
会议内容	hynr	1	4
还用你说	hynu	1	4
还要你说	hynu	2	4
还有哪些	hynx	1	4
还有那些	hynx	2	4
行业排名	hypm	1	4
会议批准	hypv	1	4
话语权	hyq	1	3
回忆起	hyq	2	3
黑眼圈	hyq	3	3
很有趣	hyq	4	3
好运气	hyq	5	3
红缨枪	hyq	6	3
火药枪	hyq	7	3
活跃气氛	hyqf	1	4
鸿运齐天蛊	hyqg	1	4
行业翘楚	hyqi	2	4
会议期间	hyqj	1	4
皓月千里	hyql	1	4
很有起色	hyqs	1	4
很有前途	hyqt	1	4
鸿运齐天	hyqt	2	4
荒野求生	hyqu	2	4
很有气势	hyqu	3	4
华语群星	hyqx	1	4
合营企业	hyqy	2	4
会员权益	hyqy	3	4
荒野起源	hyqy	4	4
还有人	hyr	1	3
怀疑人生	hyru	3	4
好意思	hys	1	3
还有什么	hysm	1	4
好意思说	hysu	2	4
会议厅	hyt	1	3
火药桶	hyt	2	3
后援团	hyt	3	3
很有特点	hytd	1	4
很有同感	hytg	1	4
华语天后	hyth	1	4
好友推荐	hytj	1	4
幻影坦克	hytk	1	4
后仰跳投	hytt	1	4
活跃天数	hytu	1	4
会议通知	hytv	1	4
华语天王	hytw	1	4
会议室	hyu	1	3
火焰山	hyu	2	3
还用说	hyu	3	3
化验室	hyu	4	3
红药水	hyu	5	3
互有胜负	hyuf	2	4
还有时间	hyuj	1	4
环游世界	hyuj	2	4
很有实力	hyul	2	4
话又说回来	hyul	3	4
话又说回来了	hyul	4	4
还用说吗	hyum	1	4
慧眼识英雄	hyux	1	4
欢迎使用	hyuy	1	4
怀孕生子	hyuz	2	4
后遗症	hyv	1	3
换言之	hyv	2	3
好一阵	hyv	3	3
会议桌	hyv	4	3
很严重	hyv	5	3
换一种	hyv	6	3
黑眼珠	hyv	7	3
货运站	hyv	8	3
虎牙直播	hyvb	1	4
虎牙主播	hyvb	2	4
后有追兵	hyvb	3	4
合议制度	hyvd	1	4
还有这个	hyvg	1	4
会议指出	hyvi	1	4
婚姻状况	hyvk	1	4
还有这么	hyvm	1	4
弘扬正气	hyvq	1	4
混元珍珠伞	hyvs	1	4
婚姻状态	hyvt	1	4
会议主题	hyvt	2	4
会员制餐厅	hyvt	3	4
还有这事	hyvu	1	4
行业知识	hyvu	2	4
还有这样	hyvy	2	4
好一阵子	hyvz	1	4
还以为	hyw	2	3
火药味	hyw	3	3
还用问	hyw	4	3
何意味	hyw	5	3
会议文件	hywj	1	4
好逸恶劳	hywl	2	4
海洋污染	hywr	1	4
很有问题	hywt	1	4
还以为是	hywu	1	4
回忆往事	hywu	2	4
秽言污语	hywy	1	4
还有些	hyx	2	3
好一些	hyx	3	3
还原性	hyx	4	3
还有许多	hyxd	2	4
很有效果	hyxg	1	4
会议现场	hyxi	1	4
狐妖小红娘	hyxn	2	4
很有兴趣	hyxq	2	4
还有些人	hyxr	2	4
欢迎新人	hyxr	3	4
还有心思	hyxs	1	4
还有些事	hyxu	2	4
会议形式	hyxu	3	4
还有希望	hyxw	2	4
很有信心	hyxx	1	4
黑压压	hyy	1	3
很愿意	hyy	2	3
很遥远	hyy	3	3
晃悠悠	hyy	4	3
黑黝黝	hyy	5	3
红艳艳	hyy	6	3
化验员	hyy	7	3
黑油油	hyy	8	3
还有一次	hyyc	1	4
还有一点	hyyd	2	4
还有一个	hyyg	1	4
会有一个	hyyg	2	4
话音一落	hyyl	1	4
红颜易老	hyyl	2	4
怀疑一切	hyyq	1	4
很有意思	hyys	4	4
很有一套	hyyt	2	4
华语乐坛	hyyt	3	4
还有一种	hyyv	1	4
好友验证	hyyv	2	4
还有一些	hyyx	1	4
回忆一下	hyyx	2	4
旱鸭子	hyz	2	3
好样子	hyz	3	3
会意字	hyz	4	3
汉语字典	hyzd	1	4
汉英字典	hyzd	2	4
会议资料	hyzl	1	4
欢迎再来	hyzl	2	4
花样作死	hyzs	1	4
婚姻自主	hyzv	2	4
很有作用	hyzy	1	4
还在	hz	2	2
孩子	hz	3	2
孩子般	hzb	1	3
汇总表	hzb	2	3
横坐标	hzb	3	3
孩子的	hzd	2	3
活字典	hzd	3	3
合作方	hzf	2	3
合作方式	hzfu	1	4
很糟糕	hzg	1	3
合作共赢	hzgy	1	4
合作伙伴	hzhb	1	4
猴子猴孙	hzhs	1	4
孩子还小	hzhx	2	4
很早很早	hzhz	3	4
火葬场	hzi	2	3
猴子称大王	hziw	1	4
和自己	hzj	1	3
画自己	hzj	2	3
孩子家	hzj	3	3
合作基础	hzji	4	4
后坐力	hzl	1	3
好再来	hzl	2	3
猴子捞月	hzly	2	4
孩子们	hzm	1	3
会怎么样	hzmy	1	4
好在哪里	hznl	2	4
活罪难逃	hznt	1	4
孩子脾气	hzpq	1	4
化作泡影	hzpy	1	4
孩子气	hzq	1	3
合作前景	hzqj	1	4
很自然	hzr	2	3
汉族人	hzr	3	3
孩子他爸	hztb	1	4
孩子他妈	hztm	2	4
猴子偷桃	hztt	1	4
合作社	hzu	2	3
黑子说话	hzuh	3	4
合作事宜	hzuy	1	4
合作者	hzv	2	3
还在这里	hzvl	1	4
黑泽志玲	hzvl	2	4
很早之前	hzvq	1	4
红嘴朱雀	hzvq	2	4
海贼王	hzw	1	3
孩子王	hzw	2	3
合作完成	hzwi	1	4
耗子尾汁	hzwv	2	4
很仔细	hzx	1	3
何曾想	hzx	2	3
汉字系统	hzxt	2	4
耗子药	hzy	2	3
壕做友	hzy	3	3
惠泽一方	hzyf	1	4
合作愉快	hzyk	1	4
混在一起	hzyq	2	4
合作意识	hzyu	4	4
横遭意外	hzyw	1	4
合作意向	hzyx	1	4
好自在	hzz	1	3
合作组	hzz	2	3
含在嘴里	hzzl	1	4
长安街	iaj	2	3
出埃及记	iajj	1	4
吃俺老孙一棒	ialb	1	4
长安区	iaq	2	3
长按扫码	iasm	1	4
纯爱战神	iavu	1	4
纯爱战士	iavu	2	4
成本	ib	1	2
差别	ib	2	2
传播	ib	3	2
吃不饱	ibb	1	3
吃不饱饭	ibbf	1	4
吃不饱穿不暖	ibbn	1	4
差不多	ibd	1	3
差别大	ibd	2	3
传帮带	ibd	3	3
承包地	ibd	4	3
差不多得了	ibdl	2	4
吃不到葡萄说葡萄酸	ibds	1	4
吃不到葡萄就说葡萄酸	ibds	2	4
吃饱饭	ibf	1	3
吃白饭	ibf	2	3
承包费	ibf	3	3
赤壁赋	ibf	4	3
穿便服	ibf	5	3
承包方	ibf	6	3
初步方案	ibfa	1	4
丑八怪	ibg	1	3
吃不惯	ibg	2	3
超不过	ibg	3	3
持悲观态度	ibgd	1	4
插播广告	ibgg	1	4
喘不过气来	ibgl	1	4
成本管理	ibgl	2	4
床边故事	ibgu	1	4
长臂管辖	ibgx	1	4
船舶工业	ibgy	1	4
筹备会	ibh	1	3
承包户	ibh	2	3
撤不回	ibh	3	3
差别很大	ibhd	1	4
撤不回了	ibhl	1	4
承包合同	ibht	1	4
差别很小	ibhx	1	4
成不成	ibi	1	3
查不出	ibi	2	3
吃不吃	ibi	3	3
抽不出	ibi	4	3
怵不怵	ibi	5	3
出不出来	ibil	1	4
承不承认	ibir	1	4
初步成效	ibix	1	4
成本价	ibj	1	3
储备金	ibj	2	3
出版界	ibj	3	3
重磅嘉宾	ibjb	1	4
吃百家饭	ibjf	1	4
储备基金	ibjj	1	4
初步建立	ibjl	1	4
尘白禁区	ibjq	1	4
吃不开	ibk	1	3
承包空屏	ibkp	1	4
承包空瓶	ibkp	2	4
成本控制	ibkv	1	4
吃饱了	ibl	1	3
出不来	ibl	2	3
吃不了	ibl	3	3
差不了	ibl	4	3
差不离	ibl	5	3
储备粮	ibl	6	3
窗玻璃	ibl	7	3
成比例	ibl	8	3
吃不来	ibl	9	3
串并联	ibl	10	3
吃饱了撑的	ibld	1	4
吃饱了饭	iblf	1	4
吃饱了才有力气减肥	iblf	2	4
吃饱了没事干	iblg	1	4
成不了气候	iblh	1	4
吃饱了才有力气干活	iblh	2	4
吃饱了撑	ibli	1	4
丑不拉几	iblj	1	4
持保留意见	iblj	2	4
出不来了	ibll	1	4
秤不离砣	iblt	1	4
差不了多少	iblu	1	4
吃饱了撑着	iblv	1	4
成败论英雄	iblx	1	4
吃不了兜着走	iblz	1	4
川贝母	ibm	1	3
臣卜木曹	ibmc	1	4
插标卖首	ibmu	1	4
穿不暖	ibn	1	3
吃不胖	ibp	1	3
初步判断	ibpd	1	4
出不去	ibq	1	3
吃不起	ibq	2	3
穿不起	ibq	3	3
初步确定	ibqd	1	4
吃不起饭	ibqf	1	4
出不去了	ibql	1	4
春播秋收	ibqu	1	4
诚不欺我	ibqw	1	4
承包人	ibr	1	3
创办人	ibr	2	3
承办人	ibr	3	3
茶不思饭不想	ibsx	1	4
穿不透	ibt	1	3
吃不透	ibt	2	3
吃遍天	ibt	3	3
差不太多	ibtd	1	4
持不同看法	ibtf	1	4
传播途径	ibtj	1	4
初步统计	ibtj	2	4
称不上	ibu	1	3
出版社	ibu	2	3
承包商	ibu	3	3
插班生	ibu	4	3
吃白食	ibu	5	3
长白山	ibu	6	3
出版商	ibu	7	3
吃不上饭	ibuf	1	4
插不上话	ibuh	1	4
喘不上气来	ibul	1	4
喘不上气	ibuq	2	4
唱不上去	ibuq	3	4
称不上是	ibuu	1	4
撑不住	ibv	1	3
吃不准	ibv	2	3
崇拜者	ibv	3	3
传播者	ibv	4	3
承包制	ibv	5	3
撑不住了	ibvl	1	4
吃不着葡萄说葡萄酸	ibvs	1	4
吃不着葡萄就说葡萄酸	ibvs	2	4
赤壁之战	ibvv	1	4
蝉不知雪	ibvx	1	4
吃不完	ibw	1	3
楚霸王	ibw	2	3
出版物	ibw	3	3
吃不消	ibx	1	3
吃不下	ibx	2	3
传播学	ibx	3	3
超薄型	ibx	4	3
吃不下饭	ibxf	1	4
传不习乎	ibxh	1	4
吃不香睡不好	ibxh	2	4
初步形成	ibxi	1	4
吃不消了	ibxl	1	4
吃不下了	ibxl	2	4
除弊兴利	ibxl	3	4
撑不下去	ibxq	1	4
吃不下去	ibxq	2	4
长臂猿	iby	1	3
称霸一方	ibyf	1	4
翅膀硬了	ibyl	2	4
臭婊子	ibz	1	3
筹备组	ibz	2	3
成败在此一举	ibzj	1	4
成倍增加	ibzj	2	4
尺寸	ic	2	2
查词典	icd	1	3
春蚕到死丝方尽	icdj	2	4
初次分配	icfp	1	4
屮艸芔茻	ichm	1	4
纯粹出于	iciy	1	4
除草剂	icj	2	3
初次接触	icji	3	4
纯粹就是	icju	2	4
谄词令色	icls	1	4
吃错了药	icly	1	4
查词频	icp	2	3
喘粗气	icq	2	3
冲厕所	ics	1	3
茶餐厅	ict	1	3
纯粹是	icu	1	3
储藏室	icu	2	3
纯粹性	icx	1	3
川藏线	icx	2	3
吃错药	icy	1	3
吃错药了	icyl	1	4
程度	id	2	2
彻底	id	3	2
充电宝	idb	1	3
触电般	idb	2	3
吃得饱	idb	3	3
超大杯	idb	4	3
承担不了	idbl	2	4
承担不起	idbq	1	4
差点背过气去	idbq	2	4
程度不同	idbt	1	4
长短不一	idby	2	4
彻底摧毁	idch	1	4
尺短寸长	idci	1	4
超电磁炮	idcp	1	4
彻底地	idd	1	3
沉甸甸	idd	2	3
锄大地	idd	3	3
传动带	idd	4	3
彻底颠覆	iddf	1	4
充电电池	iddi	1	4
抽刀断水水更流	iddl	1	4
长度单位	iddw	1	4
超导电性	iddx	1	4
吃点东西	iddx	2	4
差点儿	ide	2	3
长点儿心吧	ideb	1	4
差点儿背过气去	ideq	1	4
差点儿没背过气去	ideq	2	4
长点儿心	idex	1	4
吃顿饭	idf	2	3
臭豆腐	idf	3	3
吃豆腐	idf	4	3
车贷房贷	idfd	1	4
彻底翻车	idfi	1	4
超大附件	idfj	1	4
彻底疯狂	idfk	1	4
彻底放弃	idfq	1	4
触底反弹	idft	1	4
承担风险	idfx	1	4
重点工作	idgz	2	4
长得好	idh	1	3
吃点好的	idhd	1	4
柴多火旺	idhw	1	4
差得很远	idhy	1	4
超大城市	idiu	2	4
长短句	idj	1	3
差点就被	idjb	1	4
出道即巅峰	idjf	1	4
船到江心补漏迟	idji	2	4
彻底绝望	idjw	1	4
赤道几内亚	idjy	2	4
吃大亏	idk	2	3
吃点亏	idk	3	3
吃得开	idk	4	3
吃点苦	idk	5	3
超低空	idk	6	3
吃得苦中苦	idkk	1	4
差点哭了	idkl	1	4
吃大亏了	idkl	2	4
吃得苦中苦，方为人上人	idkr	1	4
吃多了	idl	1	3
承担了	idl	2	3
差多了	idl	3	3
储电量	idl	4	3
彻底凉凉	idll	1	4
尝到了甜头	idlt	1	4
陈道明	idm	1	3
差点没背过气去	idmq	1	4
炒地皮	idp	1	3
彻底破坏	idph	1	4
承担赔偿	idpi	1	4
充电器	idq	1	3
承担起	idq	2	3
吃得起	idq	3	3
超短裙	idq	4	3
持刀抢劫	idqj	1	4
拆东墙补西墙	idqq	1	4
拆东墙，补西墙	idqq	2	4
船到桥头	idqt	1	4
id劝退	idqt	2	4
船到桥头自然直	idqv	1	4
吃豆人	idr	1	3
充当人质	idrv	1	4
场地赛	ids	2	3
蠢得死	ids	3	3
重打赛文	idsw	1	4
乘电梯	idt	1	3
超导体	idt	2	3
充电头	idt	3	3
戳到痛处	idti	1	4
尝到甜头	idtt	1	4
吹得天花乱坠	idtv	1	4
成都市	idu	1	3
称得上	idu	2	3
差多少	idu	3	3
程度上	idu	4	3
吃独食	idu	5	3
传达室	idu	6	3
传道士	idu	7	3
冲动是魔鬼	idug	1	4
抽点时间	iduj	1	4
场地设计	iduj	2	4
车到山前必有路	idul	1	4
充电视频	idup	1	4
持刀杀人	idur	1	4
持刀伤人	idur	2	4
称得上是	iduu	1	4
传道受业	iduy	2	4
撑得住	idv	1	3
充电桩	idv	2	3
倡导者	idv	3	3
超大质量黑洞	idvd	1	4
拆弹专家	idvj	1	4
沉得住气	idvq	1	4
超度众生	idvu	1	4
床第之事	idvu	2	4
车底战神	idvu	3	4
传动装置	idvv	1	4
超低温	idw	1	3
沉淀物	idw	2	3
彻底完成	idwi	1	4
差点忘了	idwl	1	4
彻底完了	idwl	2	4
超度亡灵	idwl	3	4
出大问题	idwt	1	4
充电五分钟，通话两小时	idwu	1	4
吃东西	idx	2	3
超大型	idx	3	3
床底下	idx	4	3
吃得下	idx	5	3
吃得消	idx	6	3
唱大戏	idx	7	3
充电线	idx	8	3
重定向	idx	9	3
传导性	idx	10	3
陈独秀	idx	11	3
冲动消费	idxf	1	4
充当先锋	idxf	2	4
触动心灵	idxl	2	4
掺东西了	idxl	3	4
传动系统	idxt	1	4
传递信息	idxx	2	4
差得远	idy	1	3
抽大烟	idy	2	3
长大以后	idyh	1	4
差得远了	idyl	1	4
差点意思	idys	1	4
蠢得要死	idys	2	4
产大于销	idyx	1	4
传达一下	idyx	2	4
扯犊子	idz	1	3
出点子	idz	2	3
承担责任	idzr	1	4
迟到早退	idzt	1	4
穿搭自由	idzy	1	4
吹耳边风	iebf	2	4
痴儿呆女	iedn	3	4
唇腭裂	iel	2	3
查尔斯	ies	1	3
超额完成	iewi	1	4
丑恶嘴脸	iezl	1	4
吃饭	if	2	2
充分	if	3	2
成反比	ifb	2	3
充分表达	ifbd	1	4
触发被动	ifbd	2	4
充分必要条件	ifbj	1	4
充分表明	ifbm	2	4
串反并同	ifbt	1	4
充分表现	ifbx	1	4
充分必要	ifby	1	4
唱反调	ifd	2	3
出发点	ifd	3	3
充分地	ifd	4	3
出发地	ifd	5	3
充分的准备	ifdb	1	4
持否定态度	ifdd	1	4
持反对意见	ifdj	1	4
春风得意马蹄疾	ifdj	2	4
尘封多年	ifdn	2	4
春风荡漾	ifdy	2	4
吃饭饭	iff	1	3
差分方程	iffi	1	4
触犯法律	iffl	1	4
春风拂面	iffm	1	4
充分发展	iffv	1	4
成分复杂	iffz	1	4
触发关键词	ifgc	1	4
乘法公式	ifgu	2	4
超负荷	ifh	2	3
春风吹又生	ifiu	1	4
重复出现	ifix	1	4
吹风机	ifj	2	3
乘飞机	ifj	3	3
处罚金	ifj	4	3
处方笺	ifj	5	3
除非己莫为	ifjw	1	4
长发及腰	ifjy	1	4
出风口	ifk	2	3
朝外看	ifk	3	3
炒房客	ifk	4	3
充分开发	ifkf	1	4
乘法口诀	ifkj	1	4
充分考虑	ifkl	1	4
吃饭了	ifl	2	3
长方脸	ifl	3	3
出发了没	iflm	2	4
触发连招	iflv	1	4
出发没有	ifmy	1	4
重复内容	ifnr	1	4
嘲风弄月	ifny	1	4
长风破浪会有时，直挂云帆济沧海	ifph	1	4
长发飘飘	ifpp	1	4
长风破浪会有时	ifpu	1	4
冲锋枪	ifq	2	3
出发前	ifq	3	3
吃饭去	ifq	4	3
触发器	ifq	5	3
吃饭去了	ifql	1	4
重返赛场	ifsi	2	4
春风送暖	ifsn	1	4
出风头	ift	1	3
唱反调	ift	2	3
长方体	ift	3	3
吵翻天	ift	4	3
充分条件	iftj	1	4
充分听取	iftq	1	4
除非是	ifu	2	3
重复上屏	ifub	1	4
吃饭睡觉打豆豆	ifud	1	4
吃饭睡觉	ifuj	2	4
吃饭时间	ifuj	3	4
春风十里	iful	1	4
乘风转舵	ifvd	1	4
充分证明	ifvm	1	4
充分挖掘	ifwj	1	4
重返未来	ifwl	1	4
重返舞台	ifwt	1	4
茶饭无心	ifwx	1	4
长方形	ifx	1	3
惩罚性	ifx	2	3
充分性	ifx	3	3
充分信任	ifxr	1	4
充分行使	ifxu	1	4
冲锋衣	ify	1	3
处方药	ify	2	3
春风又绿江南岸	ifya	1	4
重复一次	ifyc	1	4
充分意识到	ifyd	2	4
乘风扬帆	ifyf	1	4
尘封已久	ifyj	2	4
重复再来	ifzl	1	4
冲锋在前	ifzq	1	4
成功	ig	2	2
超过	ig	3	2
吃瓜不嫌事多	igbd	3	4
陈古不化	igbh	2	4
出工不出力	igbl	1	4
长跪不起	igbq	2	4
成功地	igd	2	3
崇高的敬意	igdy	1	4
成个儿	ige	2	3
垂拱而治	igev	1	4
吃个饭	igf	2	3
吃过饭	igf	3	3
吃干饭	igf	4	3
抽工夫	igf	5	3
成果斐然	igfr	1	4
成果丰硕	igfu	3	4
出国访问	igfw	2	4
赤果果	igg	2	3
唱国歌	igg	3	3
出国护照	ighv	1	4
吃瓜吃到自己家	igij	1	4
超广角	igj	1	3
成果鉴定	igjd	1	4
超管警告	igjg	1	4
崇高精神	igju	1	4
常规教学	igjx	2	4
超高空	igk	2	3
出国考察	igki	1	4
唇干口燥	igkz	2	4
成功了	igl	2	3
超过了	igl	3	3
成功率	igl	4	3
吃过了	igl	5	3
车轱辘	igl	6	3
插个楼	igl	7	3
出国留学	iglx	2	4
出国旅游	igly	1	4
崇高目标	igmb	1	4
吃干抹净	igmj	2	4
闯关模式	igmu	2	4
场馆内	ign	2	3
超高频	igp	1	3
炒股票	igp	2	3
成功破获	igph	1	4
崇高品质	igpv	1	4
冲过去	igq	2	3
闯过去	igq	3	3
传感器	igq	4	3
喘过气来	igql	3	4
春光融融	igrr	1	4
成功人士	igru	2	4
常规赛	igs	2	3
超高速	igs	3	3
吃官司	igs	4	3
车管所	igs	5	3
撑竿跳	igt	2	3
唱高调	igt	3	3
乘高铁	igt	4	3
唱歌跳舞	igtw	1	4
臭狗屎	igu	2	3
炒股失败	igub	1	4
出国深造	iguz	2	4
成功者	igv	2	3
初高中	igv	3	3
成功之母	igvm	1	4
春光乍泄	igvx	1	4
超高温	igw	2	3
持观望态度	igwd	2	4
成功卫冕	igwm	1	4
驰高鹜远	igwy	1	4
成功学	igx	1	3
陈冠希	igx	2	3
产供销	igx	3	3
抽根烟	igy	1	3
超高压	igy	2	3
春光旖旎	igyn	1	4
冲冠一怒	igyn	2	4
常规要求	igyq	1	4
传国玉玺	igyx	1	4
冲冠一怒为红颜	igyy	2	4
肠梗阻	igz	1	3
陈谷子烂芝麻	igzm	1	4
尺规作图	igzt	1	4
成功在望	igzw	1	4
窗户	ih	2	2
钗横鬓乱	ihbl	1	4
差很多	ihd	1	3
闯红灯	ihd	2	3
晨昏颠倒	ihdd	2	4
重回巅峰	ihdf	1	4
唱红打黑	ihdh	1	4
传唤调查	ihdi	3	4
穿红戴绿	ihdl	1	4
穿红带绿	ihdl	2	4
吃坏肚子	ihdz	3	4
充话费	ihf	2	3
炒河粉	ihf	3	3
茶壶盖	ihg	2	3
长恨歌	ihg	3	3
冲皇冠	ihg	4	3
臭烘烘	ihh	2	3
茶话会	ihh	3	3
乘火车	ihi	2	3
超乎常人	ihir	2	4
传呼机	ihj	1	3
超合金黑光	ihjg	1	4
常回家看看	ihjk	3	4
出海口	ihk	2	3
吃回扣	ihk	3	3
查户口	ihk	4	3
出货量	ihl	1	3
唱红脸	ihl	2	3
吃皇粮	ihl	3	3
抄后路	ihl	4	3
忏悔录	ihl	5	3
成活率	ihl	6	3
蠢话连篇	ihlp	2	4
长河落日	ihlr	1	4
吃喝拉撒	ihls	2	4
冲昏了头	ihlt	1	4
撤回了一条消息	ihlx	1	4
城隍庙	ihm	1	3
茶花女	ihn	2	3
吃红牌	ihp	2	3
扯虎皮拉大旗	ihpq	1	4
锄禾日当午	ihrw	2	4
橙红色	ihs	2	3
橙黄色	ihs	3	3
茶褐色	ihs	4	3
扯后腿	iht	1	3
传话筒	iht	2	3
查号台	iht	3	3
传话太监	ihtj	5	4
成何体统	ihtt	1	4
畅怀痛饮	ihty	1	4
撤回失败	ihub	1	4
吃花生米	ihum	1	4
丑话说前面	ihum	2	4
丑话说在前头	ihut	1	4
丑话说前头	ihut	2	4
重回视野	ihuy	3	4
窗户纸	ihv	2	3
城会玩	ihw	2	3
出乎我的意料	ihwl	2	4
晨昏线	ihx	2	3
车祸现场	ihxi	3	4
重获新生	ihxu	2	4
超乎想象	ihxx	2	4
差很远	ihy	2	3
持怀疑态度	ihyd	1	4
吃喝用度	ihyd	2	4
出乎意料之外	ihyw	2	4
产后抑郁	ihyy	2	4
吹胡子瞪眼	ihzy	1	4
常常	ii	2	2
传出	ii	3	2
超出部分	iibf	1	4
出厂编号	iibh	2	4
迟迟不见	iibj	2	4
迟迟不来	iibl	1	4
重重包围	iibw	2	4
出差错	iic	2	3
长长的	iid	1	3
痴痴的	iid	2	3
痴痴地	iid	3	3
传唱度	iid	4	3
处处都是	iidu	2	4
出场费	iif	2	3
吹吹风	iif	3	3
超常发挥	iifh	1	4
超出范围	iifw	1	4
出成果	iig	2	3
超常规	iig	3	3
重重关卡	iigk	1	4
出车祸	iih	2	3
赤橙黄绿	iihl	2	4
常常会有	iihy	2	4
赤橙黄绿青蓝紫	iihz	2	4
初长成	iii	2	3
处处掣肘	iiiv	1	4
出厂价	iij	2	3
抽出空	iik	2	3
吃吃苦	iik	3	3
肠穿孔	iik	4	3
楚楚可人	iikr	1	4
超出了	iil	2	3
冲出来	iil	3	3
查出来	iil	4	3
潺潺流淌	iili	2	4
乘车码	iim	2	3
垂垂暮年	iimn	1	4
迟迟没有	iimy	1	4
长城内外	iinw	2	4
吃差评	iip	2	3
处处碰壁	iipb	3	4
传出去	iiq	2	3
冲出去	iiq	3	3
出出气	iiq	4	3
除尘器	iiq	5	3
常常如此	iirc	1	4
出厂日期	iirq	1	4
常春藤	iit	2	3
长春市	iiu	2	3
常常是	iiu	3	3
陈楚生	iiu	4	3
驰骋沙场	iiui	2	4
抽出时间	iiuj	1	4
沉沉睡去	iiuq	1	4
出差申请	iiuq	2	4
痴痴傻傻	iiuu	3	4
出厂设置	iiuv	4	4
长城守望	iiuw	1	4
成长值	iiv	2	3
唇齿之邦	iivb	1	4
处处针对	iivd	2	4
扯扯拽拽	iivv	1	4
超出之外	iivw	1	4
成长为	iiw	2	3
车窗外	iiw	3	3
传承文明	iiwm	2	4
成长性	iix	2	3
尝尝鲜	iix	3	3
串串香	iix	4	3
传承性	iix	5	3
超出预期	iiyq	1	4
长出一口气	iiyq	2	4
串成一气	iiyq	3	4
常常因为	iiyw	1	4
出岔子	iiz	2	3
常见	ij	2	2
场景	ij	3	2
冲击波	ijb	2	3
传家宝	ijb	3	3
常见病	ijb	4	3
初级班	ijb	5	3
超级本	ijb	6	3
臭鸡巴	ijb	7	3
处惊不变	ijbb	1	4
察觉不出	ijbi	1	4
陈旧不堪	ijbk	1	4
川剧变脸	ijbl	1	4
出简不出全	ijbq	1	4
超级变态	ijbt	2	4
超级变换形态	ijbt	3	4
长久不衰	ijbu	1	4
超级不爽	ijbu	2	4
超级版主	ijbv	1	4
吃惊不已	ijby	1	4
乘坚策肥	ijcf	1	4
出嫁从夫	ijcf	2	4
常见错误	ijcw	2	4
察觉到	ijd	2	3
触及到	ijd	3	3
穿甲弹	ijd	4	3
成绩单	ijd	5	3
炒鸡蛋	ijd	6	3
超级大爆	ijdb	1	4
察觉到了	ijdl	2	4
超级电脑	ijdn	3	4
成就大我	ijdw	1	4
长街短巷	ijdx	1	4
穿金戴银	ijdy	2	4
成交额	ije	1	3
冲劲儿	ije	2	3
出尽风头	ijft	1	4
成就感	ijg	1	3
处级干部	ijgb	1	4
超级感动	ijgd	1	4
处境尴尬	ijgg	1	4
重见光明	ijgm	2	4
陈旧观念	ijgn	1	4
城际高铁	ijgt	1	4
沉静寡言	ijgy	1	4
抄家伙	ijh	2	3
车架号	ijh	3	3
楚界汉河	ijhh	1	4
长江后浪推前浪	ijhl	1	4
超级火山	ijhu	1	4
超级会员	ijhy	1	4
春江花月夜	ijhy	2	4
察觉出	iji	2	3
成绩差	iji	3	3
初级产品	ijip	1	4
出简出全	ijiq	1	4
车接车送	ijis	2	4
初具雏形	ijix	2	4
成交价	ijj	2	3
城建局	ijj	3	3
超级加倍	ijjb	2	4
超级加辈	ijjb	3	4
超级街霸	ijjb	4	4
成交金额	ijje	1	4
超级计算机	ijjj	1	4
拆机键帽	ijjm	3	4
超级矿工	ijkg	1	4
超级快充	ijki	1	4
春节快乐	ijkl	1	4
初级考试	ijku	1	4
唇焦口燥	ijkz	1	4
冲击力	ijl	2	3
长距离	ijl	3	3
长颈鹿	ijl	4	3
成交量	ijl	5	3
抄近路	ijl	6	3
创纪录	ijl	7	3
创记录	ijl	8	3
春节联欢晚会	ijlh	1	4
超级链接	ijlj	1	4
吃尽了苦	ijlk	1	4
吃尽了苦头	ijlt	1	4
掣襟露肘	ijlv	2	4
出家门	ijm	2	3
常见毛病	ijmb	1	4
超级敏感	ijmg	1	4
超级玛丽	ijml	1	4
醇酒美人	ijmr	1	4
超级模特	ijmt	1	4
超级明星	ijmx	1	4
成就梦想	ijmx	2	4
超级女声	ijnu	1	4
插进去	ijq	2	3
超级群	ijq	3	3
出家人	ijr	2	3
出简让全	ijrq	1	4
耻居人下	ijrx	2	4
出家人不打诳语	ijry	1	4
超级赛亚人	ijsr	1	4
长镜头	ijt	1	3
长截图	ijt	2	3
插句题外话	ijth	2	4
成绩统计	ijtj	1	4
超级推荐	ijtj	2	4
长江天险	ijtx	1	4
车技太逊	ijtx	2	4
超级兔子	ijtz	2	4
纯净水	iju	2	3
传教士	iju	3	3
沉浸式	iju	4	3
唇焦舌敝	ijub	1	4
差距甚大	ijud	2	4
长见识了	ijul	1	4
唇尖舌利	ijul	2	4
吃惊受怕	ijup	1	4
初级水平	ijup	2	4
长江上游	ijuy	1	4
成就事业	ijuy	2	4
沉浸式体验	ijuy	3	4
持久战	ijv	2	3
超级战队	ijvd	1	4
厂家直发	ijvf	2	4
春节祝福	ijvf	3	4
厂家直供	ijvg	1	4
初级职称	ijvi	2	4
超级战舰	ijvj	2	4
车间主任	ijvr	1	4
察己知人	ijvr	2	4
成绩卓著	ijvv	1	4
沉肩坠肘	ijvv	2	4
厂家直销	ijvx	2	4
超级碗	ijw	2	3
沉积物	ijw	3	3
超级五笔	ijwb	1	4
尺籍伍符	ijwf	1	4
春节晚会	ijwh	1	4
超级玩家	ijwj	1	4
出家为僧	ijws	1	4
常见问题	ijwt	1	4
传记文学	ijwx	1	4
长记性	ijx	2	3
持久性	ijx	3	3
纯洁性	ijx	4	3
超级细菌	ijxj	1	4
长江学者	ijxv	1	4
出家修行	ijxx	2	4
长江下游	ijxy	1	4
冲激响应	ijxy	2	4
沉浸于	ijy	2	3
常见于	ijy	3	3
创建于	ijy	4	3
持家有道	ijyd	1	4
长久以来	ijyl	1	4
超级月亮	ijyl	2	4
出简又出全	ijyq	1	4
成绩优秀	ijyx	2	4
超级英雄	ijyx	3	4
沉浸在	ijz	2	3
斥巨资	ijz	3	3
臭架子	ijz	4	3
查看	ik	2	2
出口	ik	3	2
长宽比	ikb	1	3
赤口白舌	ikbu	1	4
出口不逊	ikbx	1	4
创刊词	ikc	1	3
诚恳地	ikd	1	3
拆快递	ikd	2	3
窗口抖动	ikdd	1	4
持肯定态度	ikdd	2	4
敞开大门	ikdm	1	4
诚恳待人	ikdr	1	4
窗口单位	ikdw	1	4
吃空额	ike	1	3
出口额	ike	2	3
吃口饭	ikf	1	3
长宽高	ikg	1	3
出口国	ikg	2	3
沉疴痼疾	ikgj	1	4
出口规模	ikgm	1	4
敞开供应	ikgy	1	4
创刊号	ikh	2	3
出口货	ikh	3	3
岔开话题	ikht	1	4
扯开话题	ikht	2	4
出口货物	ikhw	1	4
出口处	iki	1	3
常看常新	ikix	1	4
出口成脏	ikiz	1	4
穿孔机	ikj	1	3
出口量	ikl	2	3
闯空门	ikm	1	3
初窥门径	ikmj	1	4
出口贸易	ikmy	1	4
沉疴难起	iknq	1	4
触控屏	ikp	1	3
喘口气	ikq	1	3
出口气	ikq	2	3
窗口期	ikq	3	3
查看全部	ikqb	1	4
持卡人	ikr	1	3
冲开人群	ikrq	1	4
沉疴宿疾	iksj	1	4
扯开嗓子	iksz	1	4
吃苦头	ikt	1	3
创可贴	ikt	2	3
吹空调	ikt	3	3
创口贴	ikt	4	3
敞开天窗说亮话	ikth	1	4
出口退税	iktu	1	4
吹口哨	iku	1	3
出口商	iku	2	3
逞口舌之利	ikul	1	4
出口转内销	ikvx	1	4
长空万里	ikwl	1	4
敞开心扉	ikxf	1	4
敞开胸怀	ikxh	1	4
出口项目	ikxm	1	4
吃糠咽菜	ikyc	1	4
产科医生	ikyu	1	4
抽卡游戏	ikyx	1	4
吃亏在眼前	ikzq	2	4
除了	il	2	2
出来	il	3	2
处理	il	4	2
出来挨打	ilad	1	4
吃了暗亏	ilak	1	4
传令兵	ilb	1	3
吃老本	ilb	2	3
吃了豹子胆	ilbd	1	4
吃力不讨好	ilbh	1	4
吃了不少苦	ilbk	1	4
吃粮不管事	ilbu	1	4
扯卵蛋	ild	1	3
出了点毛病	ildb	1	4
吃了顿饭	ildf	1	4
车辆登记	ildj	2	4
成了定局	ildj	3	4
吃了大亏	ildk	1	4
豺狼当路	ildl	1	4
拆了东墙补西墙	ildq	1	4
出了点问题	ildt	1	4
出了点事	ildu	1	4
出了大事	ildu	2	4
车轮大战	ildv	2	4
初恋对象	ildx	1	4
掺了东西	ildx	2	4
迟来的正义	ildy	1	4
茶卤儿	ile	1	3
传来噩耗	ileh	1	4
炒冷饭	ilf	1	3
吹冷风	ilf	2	3
差旅费	ilf	3	3
吃冷饭	ilf	4	3
车旅费	ilf	5	3
出离愤怒	ilfn	1	4
处理方式	ilfu	1	4
陈列馆	ilg	1	3
出了鬼	ilg	2	3
持乐观态度	ilgd	1	4
吃了个饭	ilgf	1	4
车轮滚滚	ilgg	1	4
处理干净	ilgj	1	4
处理工具	ilgj	2	4
车辆管理	ilgl	1	4
冲了过去	ilgq	1	4
穿了过去	ilgq	2	4
长流跟打器	ilgq	3	4
出冷汗	ilh	2	3
处理好	ilh	3	3
出来混	ilh	4	3
出了很多	ilhd	1	4
出了好多	ilhd	2	4
瞅了瞅	ili	2	3
戳了戳	ili	3	3
尝了尝	ili	4	3
查了查	ili	5	3
出了差错	ilic	1	4
齿轮传动	ilid	1	4
出来吃饭	ilif	1	4
出了车祸	ilih	1	4
冲了出来	ilil	1	4
传了出来	ilil	2	4
冲了出去	iliq	1	4
车辆出入	ilir	1	4
车来车往	iliw	2	4
超链接	ilj	1	3
臭老九	ilj	2	3
处理结果	iljg	1	4
车力巨人	iljr	1	4
查理九世	ilju	2	4
乘龙佳婿	iljx	3	4
吃了亏	ilk	1	3
岔路口	ilk	2	3
喘了口气	ilkq	1	4
出了口气	ilkq	2	4
出了口恶气	ilkq	3	4
吹了口气	ilkq	4	4
出来了	ill	1	3
传来了	ill	2	3
赤裸裸	ill	3	3
车流量	ill	4	3
纯理论	ill	5	3
处理逻辑	illj	1	4
出来了吗	illm	3	4
出来了没有	illy	1	4
吃了吗	ilm	1	3
出了名	ilm	2	3
臭流氓	ilm	3	3
吃了没	ilm	4	3
吃了没病	ilmb	1	4
出了毛病	ilmb	2	4
出了名的	ilmd	1	4
长路漫漫	ilmm	2	4
吃了没有	ilmy	1	4
出来没有	ilmy	2	4
处理能力	ilnl	1	4
出了那些	ilnx	1	4
出了哪些	ilnx	2	4
初恋女友	ilny	1	4
初恋男友	ilny	2	4
陈列品	ilp	1	3
处理品	ilp	2	3
扯赖皮	ilp	3	3
车辆牌照	ilpv	1	4
处理器	ilq	1	3
出老千	ilq	2	3
吃了枪子	ilqz	1	4
城里人	ilr	1	3
纯利润	ilr	2	3
出了什么	ilsm	1	4
出了事	ilu	1	3
长乐市	ilu	2	3
吃零食	ilu	3	3
陈列室	ilu	4	3
赤练蛇	ilu	5	3
吃了上餐没下餐	iluc	1	4
吃了上顿没下顿	ilud	1	4
吃了上顿愁下顿	ilud	2	4
创历史新高	ilug	2	4
出了事情	iluq	1	4
出了什么事	iluu	1	4
处理事务	iluw	1	4
车轮战	ilv	1	3
创立者	ilv	2	3
处理中	ilv	3	3
除了这个	ilvg	1	4
除了这个外	ilvw	1	4
除了这个以外	ilvw	2	4
除了这些	ilvx	1	4
豺狼之心	ilvx	2	4
除了我	ilw	2	3
出来玩	ilw	3	3
出了问题	ilwt	1	4
处理问题	ilwt	2	4
车辆违章	ilwv	1	4
楚留香	ilx	1	3
吃了熊心豹子胆	ilxd	1	4
撤离现场	ilxi	2	4
吃了小亏	ilxk	1	4
沉了下来	ilxl	2	4
成立于	ily	1	3
出了一点	ilyd	1	4
出了一身冷汗	ilyh	1	4
吃了一惊	ilyj	3	4
吵了一架	ilyj	4	4
吃了哑巴亏	ilyk	1	4
出了一口气	ilyq	1	4
喘了一口气	ilyq	2	4
出了一点问题	ilyt	1	4
成了一种	ilyv	1	4
出了一些	ilyx	1	4
处理一下	ilyx	2	4
瞅了一眼	ilyy	1	4
炒了鱿鱼	ilyy	2	4
出乱子	ilz	1	3
车厘子	ilz	2	3
川楝子	ilz	3	3
出门	im	1	2
沉默	im	2	2
充满	im	3	2
充满爱	ima	1	3
臭毛病	imb	1	3
出毛病	imb	2	3
触摸板	imb	3	3
出毛病了	imbl	1	4
沉默不说	imbu	1	4
城门不失	imbu	2	4
沉迷不醒	imbx	1	4
春眠不觉晓	imbx	2	4
重码词	imc	1	3
长明灯	imd	1	3
楚门的世界	imdj	1	4
沉默的大多数	imdu	1	4
沉默的羔羊	imdy	1	4
串门儿	ime	1	3
瞠目而视	imeu	1	4
瞋目而视	imeu	2	4
车马费	imf	1	3
臭母狗	img	1	3
出面干涉	imgu	1	4
承蒙关照	imgv	1	4
场面话	imh	1	3
承蒙厚爱	imha	1	4
充满欢乐	imhl	2	4
充满好奇	imhq	1	4
车门焊死	imhs	1	4
沉没成本	imib	1	4
吃没吃过	imig	1	4
传媒界	imj	1	3
沉湎酒色	imjs	2	4
充满恐惧	imkj	2	4
充满坎坷	imkk	1	4
充满快乐	imkl	2	4
充满渴望	imkw	1	4
充满了	iml	1	3
重码率	iml	2	3
车马劳顿	imld	1	4
超美丽3D	imld	2	4
出卖灵魂	imlh	1	4
充满力量	imll	1	4
愁眉泪眼	imly	1	4
重命名	imm	1	3
撑门面	imm	2	3
吃嘛嘛香	immx	1	4
虫鸣鸟叫	imnj	1	4
沉迷女色	imns	1	4
沉迷男色	imns	2	4
充满耐心	imnx	1	4
触摸屏	imp	1	3
穿名牌	imp	2	3
成名曲	imq	1	3
沉迷其中	imqv	1	4
充满热情	imrq	1	4
臣门如市	imru	1	4
超媒体	imt	1	3
触摸式	imu	1	3
驰名商标	imub	1	4
触目伤怀	imuh	2	4
沉迷手机	imuj	3	4
城门失火，殃及池鱼	imuy	1	4
充满着	imv	1	3
盛名之下，其实难副	imvf	1	4
成名之战	imvv	2	4
查明真相	imvx	1	4
愁眉皱眼	imvy	1	4
成名之作	imvz	1	4
城门外	imw	1	3
除魔卫道	imwd	1	4
春末夏初	imxi	1	4
充满希望	imxw	1	4
沉迷于	imy	1	3
沉湎于	imy	2	3
长眠于	imy	3	3
肠鸣音	imy	4	3
臭骂一顿	imyd	1	4
出门右拐	imyg	1	4
柴米油盐酱醋茶	imyi	1	4
车没油了	imyl	1	4
出门右转	imyv	1	4
沉迷游戏	imyx	1	4
长眠于地下	imyx	2	4
长门有希	imyx	3	4
成名作	imz	1	3
串门子	imz	2	3
长毛贼	imz	3	3
重码字	imz	4	3
出门左转	imzv	1	4
充满自信	imzx	1	4
成年	in	1	2
承诺	in	2	2
吹牛逼	inb	1	3
吹牛不打草稿	inbg	1	4
吹牛逼不打草稿	inbg	2	4
趁你病要你命	inbm	1	4
传男不传女	inbn	1	4
传女不传男	inbn	2	4
常年不懈	inbx	1	4
趁你不在	inbz	1	4
吃奶的劲	indj	1	4
刹那间	inj	1	3
陈年旧事	inju	1	4
陈年旧账	injv	1	4
场内交易	injy	1	4
超能力	inl	1	3
吹牛老爹	inld	1	4
陈年老酒	inlj	1	4
陈年老图	inlt	1	4
超能力者	inlv	1	4
陈年老账	inlv	2	4
处女膜	inm	1	3
纯牛奶	inn	1	3
成年男子	innz	1	4
吹牛皮	inp	1	3
成年人	inr	1	3
超浓缩	ins	1	3
出难题	int	1	3
承诺书	inu	1	3
馋你身子	inuz	1	4
刹那之间	invj	1	4
处女之身	invu	1	4
除你之外	invw	1	4
除你武器	inwq	1	4
陈年往事	inwu	1	4
处女秀	inx	1	3
沉溺于	iny	1	3
出纳员	iny	2	3
成年仪式	inyu	1	4
除那以外	inyw	1	4
除你以外	inyw	2	4
处女作	inz	1	3
处女座	inz	2	3
成年组	inz	3	3
瞅你咋的	inzd	1	4
瞅你咋地	inzd	2	4
常年在外	inzw	1	4
长年在外	inzw	2	4
产品	ip	1	2
陈平不等式	ipbu	1	4
触碰到	ipd	1	3
IP地址	ipdv	1	4
产品分类	ipfl	1	4
冲破樊篱	ipfl	2	4
产品规格	ipgg	1	4
车牌号	iph	1	3
车牌号码	iphm	1	4
敞篷车	ipi	1	3
产品出口	ipik	1	4
产品创新	ipix	1	4
臭皮匠	ipj	1	3
产品价格	ipjg	1	4
产品简介	ipjj	1	4
产品经理	ipjl	1	4
产品介绍	ipju	1	4
产品交易	ipjy	1	4
产品开发	ipkf	1	4
长篇阔论	ipkl	1	4
岔劈了	ipl	1	3
长袍马褂	ipmg	1	4
产品名称	ipmi	1	4
产品目录	ipml	1	4
臭婆娘	ipn	1	3
产品评测	ippc	1	4
持批评态度	ippd	1	4
产品批号	ipph	1	4
臭脾气	ipq	1	3
差评如潮	ipri	1	4
产品认证	iprv	1	4
陈佩斯	ips	1	3
吃葡萄不吐葡萄皮	iptp	1	4
产品特色	ipts	1	4
差评师	ipu	1	3
产品税	ipu	2	3
成批生产	ipui	1	4
产品数量	ipul	1	4
车牌照	ipv	1	3
ip正确	ipvq	1	4
长平之战	ipvv	1	4
吃螃蟹	ipx	1	3
产品型号	ipxh	1	4
成品油	ipy	1	3
产品研发	ipyf	1	4
长期	iq	1	2
出去	iq	2	2
传奇	iq	3	2
趁其不备	iqbb	2	4
长期不断	iqbd	1	4
产权保护	iqbh	2	4
长期不懈	iqbx	1	4
车前草	iqc	1	3
长期存在	iqcz	1	4
超强度	iqd	1	3
超前点播	iqdb	1	4
重启大法	iqdf	1	4
重启电脑	iqdn	1	4
长期打算	iqds	1	4
春秋鼎盛	iqdu	1	4
春秋冬夏	iqdx	1	4
春情荡漾	iqdy	2	4
超强二笔	iqeb	1	4
茶前饭后	iqfh	1	4
超前发展	iqfv	1	4
长期发展	iqfv	2	4
唱起歌	iqg	1	3
城区规划	iqgh	1	4
产权关系	iqgx	1	4
成气候	iqh	1	3
拆迁户	iqh	2	3
长期化	iqh	3	3
长期合同	iqht	1	4
吃青春饭	iqif	1	4
逞强充能	iqin	1	4
出奇迹	iqj	1	3
长期积累	iqjl	1	4
产权交易	iqjy	1	4
出气孔	iqk	1	3
宠妻狂魔	iqkm	1	4
长期困扰	iqkr	1	4
出去了	iql	1	3
充其量	iql	2	3
出勤率	iql	3	3
臭棋篓子	iqlz	2	4
床前明月光	iqmg	1	4
车前马后	iqmh	1	4
产权明晰	iqmx	1	4
痴情女子	iqnz	1	4
春秋繁露	iqpl	1	4
串亲戚	iqq	1	3
乘轻驱肥	iqqf	1	4
产权人	iqr	1	3
长期如此	iqrc	1	4
重启人生	iqru	1	4
传奇色彩	iqsc	1	4
出气筒	iqt	1	3
常青藤	iqt	2	3
长期提供	iqtg	1	4
长期投资	iqtz	1	4
常青树	iqu	1	3
重庆市	iqu	2	3
成千上万的	iqud	1	4
长期实践	iquj	2	4
持枪视角	iquj	3	4
重启试试	iquu	1	4
长期使用	iquy	1	4
产权证	iqv	1	3
产权制度	iqvd	1	4
出去玩	iqw	1	3
称其为	iqw	2	3
春秋五霸	iqwb	1	4
超强五笔	iqwb	2	4
重庆卫视	iqwu	1	4
充气娃娃	iqww	1	4
除却巫山不是云	iqwy	1	4
长期性	iqx	1	3
超前性	iqx	2	3
长期下去	iqxq	1	4
超前享受	iqxu	1	4
出去一趟	iqyt	1	4
超前意识	iqyu	1	4
出奇一致	iqyv	1	4
出去一下	iqyx	1	4
车前子	iqz	1	3
臣妾做不到啊	iqza	1	4
臣妾做不到	iqzd	1	4
长期在外	iqzw	1	4
出去走走	iqzz	1	4
承认	ir	2	2
成人	ir	3	2
传染病	irb	1	3
冲任不固	irbg	1	4
成人本科	irbk	1	4
吃人不吐骨头	irbt	1	4
吃软不吃硬	irby	1	4
肠蠕动	ird	1	3
出入登记	irdj	2	4
超然度外	irdw	1	4
成人电影	irdy	1	4
吃软饭	irf	2	3
超融合	irh	2	3
齿如瓠犀	irhx	2	4
承认差距	irij	1	4
出入境	irj	1	3
出让金	irj	2	3
插入键	irj	3	3
吃人家的嘴短	irjd	1	4
吃人家饭，受人家管	irjg	1	4
初入江湖	irjh	1	4
仇人见面	irjm	2	4
出入口	irk	2	3
成人礼	irl	2	3
出人命	irm	1	3
长绒棉	irm	2	3
出入平安	irpa	1	4
插入排序	irpx	1	4
吃软怕硬	irpy	1	4
产褥期	irq	1	3
春荣秋枯	irqk	2	4
诚如斯言	irsy	1	4
怆然涕下	irtx	1	4
耻辱柱	irv	1	3
出入证	irv	2	3
插入文本	irwb	1	4
传入我国	irwg	1	4
成人网站	irwv	1	4
传染性	irx	1	3
耻辱下播	irxb	3	4
成人笑话	irxh	1	4
仇人相见，分外眼红	irxh	2	4
仇人相见	irxj	1	4
宠辱偕忘	irxw	1	4
传染源	iry	2	3
插入语	iry	3	3
成人用品	iryp	2	4
春日野穹	iryq	1	4
成人仪式	iryu	2	4
春日野悠	iryy	2	4
吃人嘴软	irzr	1	4
出入自由	irzy	1	4
臭三八	isb	2	3
成色不错	isbc	1	4
垂死病中惊坐起	isbq	1	4
传送带	isd	1	3
初速度	isd	2	3
撑死胆大的	isdd	1	4
陈思诚	isi	2	3
长三角	isj	1	3
重塑金身	isju	1	4
沉思良久	islj	1	4
传送门	ism	2	3
吵什么吵	ismi	2	4
瞅什么瞅	ismi	3	4
春色满园关不住	ismv	1	4
重塑肉身	isru	2	4
沉思熟虑	isul	1	4
出馊主意	isvy	1	4
垂死挣扎	isvz	2	4
出色完成	iswi	1	4
愁死我了	iswl	1	4
臭死我了	iswl	2	4
处死刑	isx	2	3
超速行驶	isxu	2	4
橙色预警	isyj	3	4
传统	it	1	2
冲突	it	2	2
春天	it	3	2
插图本	itb	1	3
传统版	itb	2	3
趁他病，要他命	itbm	1	4
长痛不如短痛	itbt	1	4
趁她不在	itbz	1	4
趁他不在	itbz	2	4
差太多	itd	1	3
春天的芭蕾	itdl	1	4
吹弹得破	itdp	1	4
冲天而起	iteq	1	4
长头发	itf	1	3
穿堂风	itf	2	3
钗头凤	itf	3	3
床头柜	itg	1	3
车同轨	itg	2	3
差天共地	itgd	1	4
吹弹歌舞	itgw	1	4
常态化	ith	1	3
长途车	iti	1	3
传统产业	itiy	1	4
出天际	itj	1	3
铲土机	itj	2	3
唱跳俱佳	itjj	1	4
传统节目	itjm	1	4
赤铁矿	itk	1	3
长途客车	itki	1	4
吹弹可破	itkp	1	4
长途客运	itky	1	4
穿透力	itl	1	3
出台了	itl	2	3
长途列车	itli	1	4
赤兔马	itm	1	3
出头鸟	itn	1	3
纯天然	itr	1	3
唱，跳，rap，篮球	itrq	1	4
茶荼散尽	itsj	1	4
秤砣虽小压千斤	itsj	2	4
传统思维	itsw	1	4
传统思想	itsx	1	4
赤条条	itt	1	3
出头天	itt	2	3
传统上	itu	1	3
传统社会	ituh	1	4
传统市场	itui	1	4
传统手艺	ituy	1	4
传统生意	ituy	2	4
长筒袜	itw	1	3
传统文明	itwm	1	4
城通网盘	itwp	1	4
传统武术	itwu	1	4
穿透性	itx	1	3
长筒靴	itx	2	3
长条形	itx	3	3
闯天下	itx	4	3
差太远	ity	1	3
初体验	ity	2	3
出太阳	ity	3	3
差太远了	ityl	1	4
抽屉原理	ityl	2	4
传统艺能	ityn	1	4
长叹一声	ityu	1	4
长途运输	ityu	2	4
传统医学	ityx	1	4
传统意义	ityy	1	4
穿同一条裤子	ityz	1	4
出庭作证	itzv	1	4
产生	iu	2	2
城市	iu	3	2
常熟阿诺	iuan	1	4
谄上傲下	iuax	1	4
潮水般	iub	2	3
超声波	iub	3	3
叉烧包	iub	4	3
炊事班	iub	5	3
出师表	iub	6	3
查水表	iub	7	3
产生变化	iubh	1	4
创世兵魂	iubh	2	4
处事不惊	iubj	3	4
承受不起	iubq	1	4
吃水不忘挖井人	iubr	1	4
承受不住	iubv	1	4
成事不足，败事有余	iuby	1	4
成事不足败事有余	iuby	2	4
产生错觉	iucj	1	4
出生地	iud	1	3
成熟度	iud	2	3
长生殿	iud	3	3
冲绳岛	iud	4	3
出事地点	iudd	2	4
乘胜追击	iudj	2	4
城市道路	iudl	1	4
承受得起	iudq	1	4
垂手而立	iuel	1	4
抽身而去	iueq	1	4
长舌妇	iuf	2	3
冲水阀	iuf	3	3
处事方法	iuff	3	4
产生分歧	iufq	3	4
城市发展	iufv	1	4
承受范围	iufw	2	4
尝试过	iug	2	3
臭水沟	iug	3	3
铲屎官	iug	4	3
纯手工	iug	5	3
出水管	iug	6	3
床上功夫	iugf	2	4
城市管理	iugl	1	4
产生共鸣	iugm	1	4
城市规模	iugm	2	4
城市化	iuh	1	3
初始化	iuh	2	3
城市户口	iuhk	1	4
出身寒门	iuhm	1	4
出身寒微	iuhw	1	4
瞅啥瞅	iui	1	3
插上翅膀	iuib	1	4
纯属扯淡	iuid	3	4
长时间	iuj	2	3
穿山甲	iuj	3	3
抽时间	iuj	4	3
创世纪	iuj	5	3
茶水间	iuj	6	3
抽水机	iuj	7	3
尘世间	iuj	8	3
陈述句	iuj	9	3
传世经典	iujd	1	4
初始阶段	iujd	2	4
常设机构	iujg	1	4
成熟击键	iujj	2	4
传授经验	iujy	5	4
出水口	iuk	2	3
出手阔绰	iuki	1	4
诚实可靠	iukk	1	4
产生抗体	iukt	1	4
产生了	iul	2	3
承受力	iul	3	3
出生率	iul	4	3
超市里烧货	iulh	2	4
城市猎人	iulr	1	4
吃什么	ium	2	3
陈世美	ium	3	3
初始密码	iumm	2	4
初生牛犊	iund	1	4
出生年份	iunf	1	4
初生牛犊不怕虎	iunh	1	4
出生年月日	iunr	1	4
纯属偶然	iuor	1	4
长视频	iup	2	3
超水平	iup	3	3
出身贫寒	iuph	1	4
超水平发挥	iuph	2	4
冲上去	iuq	2	3
成熟期	iuq	3	3
传上去	iuq	4	3
长时期	iuq	5	3
纯属巧合	iuqh	1	4
插手其中	iuqv	1	4
谄上欺下	iuqx	2	4
创始人	iur	2	3
纯收入	iur	3	3
成双入对	iurd	2	4
出生日期	iurq	1	4
传声筒	iut	1	3
垂首贴耳	iute	1	4
城市铁路	iutl	1	4
超世脱俗	iuts	2	4
长沙市	iuu	2	3
吃手手	iuu	3	3
承受伤害	iuuh	1	4
城市社区	iuuq	2	4
出手杀人	iuur	1	4
出手伤人	iuur	2	4
城市生态	iuut	1	4
诚实守信	iuux	1	4
传说中	iuv	2	3
承受着	iuv	3	3
出生证	iuv	4	3
创始者	iuv	5	3
陈述者	iuv	6	3
创世主	iuv	7	3
传说中的	iuvd	1	4
处世之道	iuvd	2	4
重赏之下必有勇夫	iuvf	4	4
成神之路	iuvl	1	4
朝圣之路	iuvl	2	4
常山赵子龙	iuvl	3	4
出生证明	iuvm	1	4
初始状态	iuvt	1	4
创始之柱	iuvv	1	4
处世哲学	iuvx	1	4
差生文具多	iuwd	3	4
陈胜吴广	iuwg	1	4
出师未捷	iuwj	1	4
传输文件	iuwj	2	4
城市污染	iuwr	1	4
出师未捷身先死	iuws	1	4
成熟稳重	iuwv	1	4
陈胜吴广起义	iuwy	1	4
吃水线	iux	1	3
传输线	iux	2	3
传说限定	iuxd	1	4
出手相救	iuxj	1	4
出手相助	iuxv	2	4
畜生行为	iuxw	1	4
出生行为	iuxw	2	4
重拾信心	iuxx	2	4
传输协议	iuxy	3	4
出生于	iuy	2	3
出身于	iuy	3	3
产生于	iuy	4	3
炊事员	iuy	5	3
纯收益	iuy	6	3
潮水一般	iuyb	2	4
重申一遍	iuyb	3	4
床上运动	iuyd	1	4
穿上衣服	iuyf	1	4
纯属娱乐	iuyl	2	4
纯属意外	iuyw	1	4
冲上云霄	iuyx	1	4
产生影响	iuyx	2	4
城市越野	iuyy	4	4
处事原则	iuyz	3	4
出生在	iuz	2	3
处事作风	iuzf	1	4
成长	iv	2	2
穿着	iv	3	2
成正比	ivb	1	3
重制版	ivb	2	3
初中部	ivb	3	3
初中毕业	ivby	1	4
查找边缘	ivby	2	4
城中村	ivc	1	3
沉舟侧畔千帆过	ivcg	1	4
喘着粗气	ivcq	1	4
传真电话	ivdh	1	4
沉重代价	ivdj	1	4
扯着蛋了	ivdl	1	4
吃着地沟油的命	ivdm	1	4
重装电脑	ivdn	2	4
超重低音	ivdy	1	4
诚挚的谢意	ivdy	2	4
除之而后快	ivek	1	4
初装费	ivf	2	3
惩治腐败	ivfb	1	4
沉重负担	ivfd	1	4
充值返现	ivfx	1	4
唱着歌	ivg	1	3
除这个外	ivgw	1	4
重振国威	ivgw	2	4
城镇化	ivh	1	3
查证核实	ivhu	1	4
重整河山	ivhu	2	4
传真机	ivj	1	3
唱主角	ivj	2	3
常驻机构	ivjg	1	4
初中教师	ivju	2	4
充值卡	ivk	2	3
程朱理学	ivlx	1	4
长这么大	ivmd	1	4
揣着明白装糊涂	ivmt	1	4
陈芝麻烂谷子	ivmz	1	4
纯真年代	ivnd	1	4
吃斋念佛	ivnf	1	4
趁着年轻	ivnq	2	4
沉住气	ivq	1	3
承重墙	ivq	2	3
纯属巧合	ivqh	1	4
垂直起降	ivqj	1	4
传之其人	ivqr	1	4
弛张热	ivr	2	3
重装软件	ivrj	1	4
成长日记	ivrj	2	4
常住人口	ivrk	1	4
城镇人口	ivrk	2	4
垂直入坑	ivrk	3	4
传纸条	ivt	1	3
查找替换	ivth	1	4
初中同学	ivtx	1	4
初中生	ivu	1	3
垂直鼠标	ivub	1	4
初中生活	ivuh	1	4
长知识了	ivul	1	4
查证属实	ivuu	1	4
传真照片	ivvp	1	4
池中之物	ivvw	1	4
称之为	ivw	2	3
斥之为	ivw	3	3
楚庄王	ivw	4	3
池中物	ivw	5	3
纯中文	ivw	6	3
垂直握把	ivwb	1	4
吃着碗里的看着锅里的	ivwd	1	4
吃着碗里的，看着锅里的	ivwd	2	4
吃着碗里的，望着锅里的	ivwd	3	4
成者王侯	ivwh	1	4
成者王侯败者寇	ivwk	1	4
成者王败者寇	ivwk	2	4
吃着碗里	ivwl	1	4
成者为王	ivww	2	4
垂直线	ivx	1	3
戳中笑点	ivxd	1	4
查找下一个	ivxg	1	4
初中学历	ivxl	2	4
重装系统	ivxt	2	4
充值系统	ivxt	3	4
垂直向下	ivxx	2	4
诚挚谢意	ivxy	2	4
出主意	ivy	1	3
沉着应对	ivyd	1	4
吃这一套	ivyt	1	4
沉着应战	ivyv	1	4
除这以外	ivyw	1	4
成为	iw	1	2
称为	iw	2	2
肠胃病	iwb	1	3
纯文本	iwb	2	3
超文本	iwb	3	3
初闻不知曲中意，再闻已是曲中人	iwbr	1	4
肠胃不适	iwbu	1	4
趁我不注意	iwby	1	4
初闻不知曲中意	iwby	2	4
趁我不在	iwbz	1	4
吃午餐	iwc	1	3
车尾灯	iwd	1	3
吃完饭	iwf	1	3
吃晚饭	iwf	2	3
吃完饭了	iwfl	1	4
吃完饭没	iwfm	1	4
成文法系	iwfx	1	4
储物柜	iwg	1	3
储物罐	iwg	2	3
常委会	iwh	1	3
常温常压	iwiy	1	4
储物间	iwj	1	3
储物架	iwj	2	3
出外景	iwj	3	3
传文件	iwj	4	3
长尾夹	iwj	5	3
场外交易	iwjy	1	4
成为可能	iwkn	1	4
成为了	iwl	1	3
吃完了	iwl	2	3
冲我来的	iwld	1	4
吃完了没	iwlm	1	4
超威蓝猫	iwlm	2	4
常务理事	iwlu	1	4
成为那个	iwng	1	4
出污泥而不染	iwnr	1	4
臭味难闻	iwnw	1	4
成为朋友	iwpy	1	4
出问题	iwt	1	3
成问题	iwt	2	3
出问题了	iwtl	1	4
宠物食品	iwup	1	4
馋我身子	iwuz	1	4
厨王争霸	iwvb	1	4
春晚直播	iwvb	2	4
场外指导	iwvd	1	4
除我之外	iwvw	1	4
颤巍巍	iww	1	3
储物箱	iwx	1	3
常温下	iwx	2	3
传为笑柄	iwxb	1	4
成为现实	iwxu	1	4
乘务员	iwy	1	3
肠胃炎	iwy	2	3
成为一个	iwyg	1	4
场外因素	iwys	1	4
宠物医生	iwyu	1	4
成为一种	iwyv	1	4
场外援助	iwyv	2	4
除我以外	iwyw	1	4
重新	ix	1	2
出现	ix	2	2
创新	ix	3	2
重新安排	ixap	1	4
出行安全	ixaq	1	4
插线板	ixb	1	3
程序包	ixb	2	3
持续不断	ixbd	1	4
痴心不改	ixbg	1	4
赤心报国	ixbg	2	4
痴心不悔	ixbh	1	4
重新编辑	ixbj	1	4
重心不稳	ixbw	1	4
程序编写	ixbx	1	4
垂涎不已	ixby	1	4
持续到	ixd	1	3
出血点	ixd	2	3
车行道	ixd	3	3
诚信度	ixd	4	3
产销地	ixd	5	3
吃香的喝辣的	ixdd	2	4
闯下大祸	ixdh	1	4
初现端倪	ixdn	1	4
持续多年	ixdn	2	4
出现端倪	ixdn	3	4
重新定义	ixdy	2	4
储蓄额	ixe	1	3
吃闲饭	ixf	1	3
冲洗阀	ixf	2	3
出现分歧	ixfq	1	4
出现过	ixg	1	3
创新高	ixg	2	3
储蓄罐	ixg	3	3
出新高度	ixgd	1	4
城乡规划	ixgh	1	4
出席观看	ixgk	1	4
抽象概念	ixgn	1	4
出现故障	ixgv	1	4
持续关注	ixgv	2	4
超喜欢	ixh	1	3
程序化	ixh	2	3
畅销货	ixh	3	3
出席活动	ixhd	1	4
重新获得	ixhd	2	4
潮汐海灵	ixhl	2	4
产销合同	ixht	1	4
出席会议	ixhy	1	4
呈现出	ixi	1	3
陈小春	ixi	2	3
超线程	ixi	3	3
吃现成饭	ixif	1	4
撤消处分	ixif	2	4
创新成果	ixig	1	4
查询成绩	ixij	1	4
呈现出来	ixil	1	4
畅销产品	ixip	1	4
辰戌丑未	ixiw	1	4
重新振作	ixiz	1	4
长须鲸	ixj	1	3
春夏季	ixj	2	3
城乡结合部	ixjb	1	4
撤销决定	ixjd	1	4
痴心绝对	ixjd	2	4
城乡结合	ixjh	2	4
城乡经济	ixjj	1	4
程序接口	ixjk	1	4
创新纪录	ixjl	2	4
长效机制	ixjv	1	4
创新机制	ixjv	2	4
诚信经营	ixjy	1	4
储蓄卡	ixk	1	3
重新开始	ixku	1	4
出现了	ixl	1	3
产销量	ixl	2	3
抽象类	ixl	3	3
陈翔六点半	ixlb	1	4
重新来过	ixlg	1	4
敞胸露怀	ixlh	1	4
重新连接	ixlj	1	4
船形帽	ixm	1	3
纯形码	ixm	2	3
春心萌动	ixmd	1	4
扯线木偶	ixmo	1	4
车厢内	ixn	1	3
吃相难看	ixnk	1	4
创新能力	ixnl	1	4
抽象派	ixp	1	3
畅销品	ixp	2	3
吃下去	ixq	1	3
畅想曲	ixq	2	3
重新启动	ixqd	2	4
创新驱动	ixqd	3	4
出现奇迹	ixqj	1	4
出现情况	ixqk	1	4
撤销起诉	ixqs	1	4
出席人	ixr	1	3
朝鲜人	ixr	2	3
创新人才	ixrc	1	4
城乡人民	ixrm	1	4
出席人数	ixru	2	4
长相思	ixs	1	3
储蓄所	ixs	2	3
长相厮守	ixsu	1	4
传销团伙	ixth	1	4
城乡统筹	ixti	1	4
吃相太难看	ixtk	1	4
传销头子	ixtz	1	4
畅销书	ixu	1	3
超现实	ixu	2	3
承销商	ixu	3	3
持续输出	ixui	1	4
重新上传	ixui	2	4
持续时间	ixuj	2	4
畅销商品	ixup	1	4
重新输入	ixur	1	4
持续上升	ixuu	1	4
超现实主义	ixuy	1	4
初学者	ixv	1	3
出新招	ixv	2	3
重新支付	ixvf	2	4
除夕祝福	ixvf	3	4
储蓄账户	ixvh	1	4
朝鲜战场	ixvi	1	4
喘息之间	ixvj	2	4
初学乍练	ixvl	1	4
城下之辱	ixvr	1	4
撤消职务	ixvw	1	4
程序正义	ixvy	3	4
持续为您导航	ixwh	1	4
出现问题	ixwt	1	4
超新星	ixx	1	3
持续性	ixx	2	3
穿小鞋	ixx	3	3
超小型	ixx	4	3
创新型	ixx	5	3
程序性	ixx	6	3
沉下心	ixx	7	3
沉下心来	ixxl	1	4
重新洗牌	ixxp	1	4
持续下去	ixxq	1	4
成像系统	ixxt	1	4
查询系统	ixxt	2	4
超星系团	ixxt	3	4
超新星爆炸	ixxv	2	4
程序员	ixy	1	3
除夕夜	ixy	2	3
丑小鸭	ixy	3	3
出现异常	ixyi	1	4
春宵一刻值千金	ixyj	2	4
诚信友善	ixyu	1	4
出现意外	ixyw	1	4
抽象意义	ixyy	2	4
出现在	ixz	1	3
臭小子	ixz	2	3
趁现在	ixz	3	3
呈现在	ixz	4	3
吃小灶	ixz	5	3
重新组合	ixzh	1	4
重新再来	ixzl	1	4
重新做人	ixzr	1	4
成员	iy	2	2
处于	iy	3	2
出于爱好	iyah	1	4
出于爱护	iyah	2	4
出言安慰	iyaw	1	4
出于爱心	iyax	1	4
差一步	iyb	2	3
创业板	iyb	3	3
成与败	iyb	4	3
产业部	iyb	5	3
彻夜不归	iybg	1	4
彻夜不绝	iybj	2	4
成员变量	iybl	1	4
川渝暴龙	iybl	2	4
产业部门	iybm	3	4
出于本能	iybn	2	4
吃硬不吃软	iybr	1	4
彻夜不停	iybt	2	4
愁云不展	iybv	1	4
沉吟不语	iyby	1	4
臭氧层	iyc	1	3
吃一餐	iyc	2	3
常用词	iyc	3	3
差一点	iyd	1	3
吃一顿	iyd	2	3
茶叶蛋	iyd	3	3
常言道	iyd	4	3
穿衣打扮	iydb	1	4
成语典故	iydg	1	4
差一点就	iydj	2	4
抽样定理	iydl	1	4
穿衣搭配	iydp	1	4
吃药打针	iydv	1	4
沉冤得雪	iydx	1	4
穿衣服	iyf	1	3
楚云飞	iyf	2	3
陈一发	iyf	3	3
臭要饭的	iyfd	1	4
常用方法	iyff	2	4
处以罚款	iyfk	1	4
出一份力	iyfl	1	4
长远发展	iyfv	1	4
传言非虚	iyfx	1	4
成一个	iyg	2	3
成员国	iyg	3	3
储油罐	iyg	4	3
插一杠	iyg	5	3
出于公道	iygd	1	4
创意工坊	iygf	1	4
长远规划	iygh	1	4
产业构成	iygi	1	4
冲晕过去	iygq	2	4
出于关心	iygx	2	4
春雨贵如油	iygy	1	4
插一杠子	iygz	1	4
差异化	iyh	1	3
产业化	iyh	2	3
车友会	iyh	3	3
抽烟喝酒	iyhj	3	4
差以毫厘	iyhl	2	4
出于好奇	iyhq	1	4
抽烟喝酒烫头	iyht	1	4
成员函数	iyhu	1	4
出于好意	iyhy	1	4
查一查	iyi	2	3
尝一尝	iyi	3	3
戳一戳	iyi	4	3
称一称	iyi	5	3
初养成	iyi	6	3
穿衣吃饭	iyif	1	4
创业成功	iyig	2	4
彻夜长谈	iyit	2	4
插一脚	iyj	2	3
重阳节	iyj	3	3
程咬金	iyj	4	3
柴油机	iyj	5	3
穿云箭	iyj	6	3
穿衣镜	iyj	7	3
惩一警百	iyjb	2	4
产业经济	iyjj	1	4
春雨惊春清谷天	iyjt	1	4
产业结构调整	iyjv	1	4
重要进展	iyjv	2	4
抽样检验	iyjy	1	4
成一家言	iyjy	2	4
吃一口	iyk	2	3
长远看来	iykl	1	4
喘一口气	iykq	1	4
差远了	iyl	1	3
产业链	iyl	2	3
超一流	iyl	3	3
扯远了	iyl	4	3
纯音乐	iyl	5	3
垂杨柳	iyl	6	3
成员列表	iylb	1	4
出于礼貌	iylm	2	4
处于劣势	iylu	3	4
长远来说	iylu	4	4
臭鱼烂虾	iylx	1	4
出远门	iym	2	3
纯爷们	iym	3	3
纯羊毛	iym	4	3
诚意满满	iymm	3	4
出淤泥而不染	iynr	2	4
谗言佞语	iyny	1	4
抽样判决	iypj	1	4
沉吟片刻	iypk	1	4
创业平台	iypt	1	4
超预期	iyq	1	3
朝阳区	iyq	2	3
出言劝告	iyqg	1	4
吃一堑，长一智	iyqv	1	4
吃一堑长一智	iyqv	2	4
持有人	iyr	1	3
出于人道	iyrd	1	4
耻言人过	iyrg	1	4
春雨如油	iyry	1	4
超音速	iys	2	3
尺有所短，寸有所长	iysi	1	4
尺有所长	iysi	2	4
超音速飞机	iysj	1	4
超音速录	iysl	1	4
臭丫头	iyt	2	3
充要条件	iytj	1	4
穿一条裤子	iytz	1	4
车钥匙	iyu	2	3
常言说	iyu	3	3
倡议书	iyu	4	3
创业史	iyu	5	3
产业升级	iyuj	1	4
创意设计	iyuj	2	4
穿越时空	iyuk	1	4
逞一时之快	iyuk	2	4
持有者	iyv	1	3
创业者	iyv	2	3
长远之策	iyvc	2	4
朝野震动	iyvd	1	4
长远之计	iyvj	1	4
处以斩首	iyvu	2	4
出言制止	iyvv	1	4
沉冤昭雪	iyvx	1	4
出意外	iyw	1	3
创业未半	iywb	1	4
抽样误差	iywi	1	4
初音未来	iywl	1	4
出音味来	iywl	2	4
尘缘未了	iywl	3	4
彻夜无眠	iywm	2	4
查一下	iyx	2	3
陈奕迅	iyx	3	3
吃夜宵	iyx	4	3
差异性	iyx	5	3
出洋相	iyx	6	3
创意性	iyx	7	3
常压下	iyx	8	3
超意兴快餐	iyxc	1	4
创意性地	iyxd	1	4
处于下风	iyxf	1	4
成也萧何，败也萧何	iyxh	2	4
穿衣显瘦	iyxu	1	4
产业园	iyy	2	3
颤悠悠	iyy	3	3
炒鱿鱼	iyy	4	3
常用语	iyy	5	3
常用字	iyz	1	3
常用作	iyz	2	3
超越自我	iyzw	1	4
穿衣自由	iyzy	1	4
创作	iz	2	2
创造	iz	3	2
橙子便利	izbl	1	4
吃罪不起	izbq	1	4
吃早餐	izc	2	3
吃早点	izd	1	3
查字典	izd	2	3
纯自动	izd	3	3
长足的进步	izdb	1	4
肠子都悔青了	izdl	2	4
迟早的事情	izdq	1	4
迟早的事	izdu	2	4
迟早都要	izdy	1	4
重足而立	izel	1	4
创造发明	izfm	1	4
迟早会	izh	1	3
乘坐火车	izhi	1	4
常在河边走	izhz	1	4
出租车	izi	1	3
创造出	izi	2	3
出租车司机	izij	1	4
创造出来	izil	1	4
创造出了	izil	2	4
重子重孙	izis	2	4
创造机会	izjh	2	4
创作激励	izjl	2	4
创作激情	izjq	1	4
创作机器	izjq	2	4
重组家庭	izjt	1	4
创造价值	izjv	1	4
锤子科技	izkj	1	4
创造力	izl	1	3
查资料	izl	2	3
创造历史	izlu	1	4
创造了历史	izlu	2	4
车仔面	izm	1	3
创作瓶颈	izpj	1	4
创造奇迹	izqj	1	4
沉醉其中	izqv	1	4
超自然	izr	2	3
承租人	izr	3	3
炒枣仁	izr	4	3
创作热情	izrq	1	4
超自然现象	izrx	1	4
出租司机	izsj	1	4
迟早是	izu	1	3
长姿势	izu	2	3
迟则生变	izub	1	4
锤子手机	izuj	1	4
创造者	izv	1	3
床笫之欢	izvh	1	4
床笫之间	izvj	1	4
出在这里	izvl	1	4
床笫之私	izvs	2	4
处子之身	izvu	1	4
成则为王，败则为寇	izwk	1	4
种族问题	izwt	1	4
成则为王	izww	2	4
创造性	izx	1	3
创造需求	izxq	1	4
车载系统	izxt	2	4
重走西游	izxy	1	4
出自于	izy	2	3
沉醉于	izy	3	3
吹奏乐	izy	4	3
迟早要还的	izyd	1	4
创造一个	izyg	1	4
迟早有一天	izyt	1	4
迟早要完	izyw	1	4
创作欲望	izyw	2	4
吃枣药丸	izyw	3	4
车载音乐	izyy	2	4
吃粽子	izz	2	3
成字字根	izzg	1	4
骄傲	ja	1	2
骄傲地	jad	1	3
敬爱的老师	jadu	1	4
兼爱非攻	jafg	1	4
静安区	jaq	1	3
建安七子	jaqz	1	4
静安寺	jas	1	3
精氨酸	jas	2	3
捷安特	jat	1	3
骄傲使人落后	jauh	1	4
紧挨着	jav	1	3
聚氨酯	jav	2	3
倨傲无礼	jawl	1	4
基本	jb	2	2
肩膀	jb	3	2
紧巴巴	jbb	2	3
紧绷绷	jbb	3	3
季报表	jbb	4	3
局部变量	jbbl	1	4
基本保障	jbbv	2	4
绝不罢休	jbbx	2	4
基本操作	jbcz	2	4
脚本操作	jbcz	3	4
见不到	jbd	2	3
记不得	jbd	3	3
见不得	jbd	4	3
据报道	jbd	5	3
基本点	jbd	6	3
警备队	jbd	7	3
卷笔刀	jbd	8	3
夹逼定理	jbdl	2	4
剪不断，理还乱	jbdl	3	4
记不大清	jbdq	2	4
借不到钱	jbdq	3	4
菊部地区	jbdq	4	4
基本单位	jbdw	2	4
局部多云	jbdy	2	4
加班费	jbf	2	3
基本法	jbf	3	3
几部分	jbf	4	3
既病防变	jbfb	1	4
绝不放弃	jbfq	2	4
决不否认	jbfr	1	4
绝不放手	jbfu	1	4
几百个	jbg	2	3
基本功	jbg	3	3
级别高	jbg	4	3
基本格局	jbgj	1	4
基本功能	jbgn	1	4
基本概念	jbgn	2	4
极不公平	jbgp	2	4
基本国情	jbgq	3	4
绝不会	jbh	2	3
就不会	jbh	3	3
决不会	jbh	4	3
简笔画	jbh	5	3
金不换	jbh	6	3
拒不悔改	jbhg	1	4
绝不含糊	jbhh	3	4
几百回合	jbhh	4	4
极不合理	jbhl	2	4
就不会有	jbhy	3	4
竞标成功	jbig	6	4
嫁不出去	jbiq	1	4
拒不承认	jbir	1	4
疾病缠身	jbiu	4	4
基本程序	jbix	1	4
基本成型	jbix	2	4
加把劲	jbj	2	3
肩并肩	jbj	3	3
搅拌机	jbj	4	3
交杯酒	jbj	5	3
交白卷	jbj	6	3
进步奖	jbj	7	3
记不记得	jbjd	3	4
觉不觉得	jbjd	4	4
经不经过	jbjg	1	4
就比较好	jbjh	1	4
紧不紧张	jbjv	2	4
惊不惊喜，意不意外	jbjw	1	4
惊不惊喜意不意外	jbjw	2	4
惊不惊喜	jbjx	4	4
绝不可	jbk	2	3
解不开	jbk	3	3
决不可	jbk	4	3
绝不肯	jbk	5	3
进步空间	jbkj	1	4
基本框架	jbkj	2	4
机不可失，时不再来	jbkl	3	4
绝不可能	jbkn	2	4
家不可一日无主	jbkv	2	4
绝不可以	jbky	2	4
具备了	jbl	2	3
进不来	jbl	3	3
加把力	jbl	4	3
进不了门	jblm	2	4
基本理念	jbln	2	4
脚步踉跄	jblq	1	4
近百米	jbm	2	3
基本面	jbm	3	3
鸡巴毛	jbm	4	3
基本模式	jbmu	2	4
基本没有	jbmy	2	4
就不能	jbn	2	3
几百年	jbn	3	3
绝不能	jbn	4	3
近百年	jbn	5	3
既不能	jbn	6	3
决不能够	jbng	1	4
几百年前	jbnq	2	4
基本农田	jbnt	2	4
奇变偶不变	jbob	1	4
基本盘	jbp	1	3
聚宝盆	jbp	2	3
拒不配合	jbph	2	4
极不平衡	jbph	3	4
基本普及	jbpj	1	4
进不去	jbq	1	3
经不起	jbq	2	3
记不清	jbq	3	3
禁不起	jbq	4	3
警报器	jbq	5	3
警备区	jbq	6	3
搅拌器	jbq	7	3
降半旗	jbq	8	3
计步器	jbq	9	3
记不清了	jbql	3	4
进不去门	jbqm	3	4
绝不轻饶	jbqr	1	4
经不起折腾	jbqt	2	4
极不情愿	jbqy	3	4
九八七六五四三二一	jbqy	4	4
接班人	jbr	2	3
举报人	jbr	3	3
决不让	jbr	4	3
经办人	jbr	5	3
久病入络	jbrl	1	4
举办日期	jbrq	1	4
基本人权	jbrq	2	4
绝不容忍	jbrr	2	4
基本任务	jbrw	2	4
绝版人物	jbrw	3	4
间不容息	jbrx	2	4
锦标赛	jbs	2	3
渐变色	jbs	3	3
基本思路	jbsl	1	4
基本思想	jbsx	1	4
基本素养	jbsy	2	4
讲不通	jbt	2	3
基本特点	jbtd	1	4
基本途径	jbtj	3	4
家被偷了	jbtl	1	4
金榜题名时	jbtu	1	4
结伴同行	jbtx	1	4
几把套子	jbtz	4	4
即便是	jbu	2	3
基本上	jbu	3	3
脚步声	jbu	4	3
就不是	jbu	5	3
绝不是	jbu	6	3
基本是	jbu	7	3
几本书	jbu	8	3
决不是	jbu	9	3
假把式	jbu	10	3
竞标失败	jbub	1	4
脊背生寒	jbuh	2	4
加笔上屏	jbup	1	4
进步神速	jbus	1	4
紧闭双眼	jbuy	3	4
绝不食言	jbuy	4	4
禁不住	jbv	1	3
架不住	jbv	2	3
记不住	jbv	3	3
经不住	jbv	4	3
见不着	jbv	5	3
近百种	jbv	6	3
酒吧驻场	jbvi	6	4
基本职能	jbvn	1	4
戒备状态	jbvt	1	4
接不住戏	jbvx	2	4
夹逼准则	jbvz	2	4
几百万	jbw	2	3
极不稳定	jbwd	1	4
绝不为过	jbwg	1	4
基本完成	jbwi	1	4
几百万年	jbwn	1	4
劲爆尾杀	jbwu	4	4
久病无孝子	jbwz	1	4
就必须	jbx	2	3
举报信	jbx	3	3
聚丙烯	jbx	4	3
局部性	jbx	5	3
九边形	jbx	6	3
箭不虚发	jbxf	1	4
家暴现场	jbxi	3	4
基本形式	jbxu	1	4
基本信息	jbxx	2	4
静不下心	jbxx	3	4
就不要	jby	2	3
捡便宜	jby	3	3
贾宝玉	jby	4	3
绝不要	jby	5	3
就不一定	jbyd	1	4
鸡巴硬了	jbyl	2	4
技不压身	jbyu	4	4
基本一致	jbyv	1	4
金杯玉盏	jbyv	2	4
几辈子	jbz	2	3
基本组成	jbzi	4	4
基本组织	jbzv	1	4
酒不醉人人自醉	jbzz	3	4
经常	jc	1	2
精彩	jc	2	2
几次	jc	3	2
假慈悲	jcb	1	3
举措不当	jcbd	2	4
就此别过	jcbg	1	4
决策部门	jcbm	1	4
就此罢手	jcbu	1	4
就此罢休	jcbx	1	4
精彩表演	jcby	1	4
急匆匆	jcc	1	3
金灿灿	jcc	2	3
决策层	jcc	3	3
精彩对局	jcdj	1	4
就此打住	jcdv	1	4
决策方案	jcfa	1	4
就此放弃	jcfq	1	4
基层法院	jcfy	1	4
基层管理	jcgl	1	4
建材公司	jcgs	1	4
基层工作	jcgz	1	4
精彩回放	jchf	1	4
韭菜盒子	jchz	1	4
寄存处	jci	1	3
洁厕剂	jcj	1	3
见词就打	jcjd	1	4
韭菜鸡蛋	jcjd	2	4
精彩节目	jcjm	1	4
精彩镜头	jcjt	1	4
就此结束	jcju	1	4
基层建设	jcju	2	4
精彩击杀	jcju	3	4
饥餐渴饮	jcky	1	4
记错了	jcl	1	3
洁厕灵	jcl	2	3
就此了断	jcld	1	4
脚踩两只船	jcli	1	4
就此了结	jclj	1	4
纠错码	jcm	1	3
检错码	jcm	2	3
精彩内容	jcnr	1	4
检测器	jcq	1	3
监测器	jcq	2	3
寄存器	jcq	3	3
基层群众	jcqv	1	4
决策人	jcr	1	3
节操碎了一地	jcsd	1	4
积草囤粮	jctl	2	4
就此停止	jctv	1	4
精彩时刻	jcuk	1	4
紧蹙双眉	jcum	1	4
决策水平	jcup	1	4
就此收尾	jcuw	1	4
决策者	jcv	1	3
监测站	jcv	2	3
精彩之极	jcvj	1	4
检测中心	jcvx	1	4
建材王哥	jcwg	2	4
就此完结	jcwj	1	4
基操勿六	jcwl	1	4
建此伟业	jcwy	1	4
结草衔环	jcxh	1	4
仅次于	jcy	1	3
均采用	jcy	2	3
仅此一次	jcyc	1	4
仅此一家	jcyj	1	4
仅此一人	jcyr	1	4
仅此一位	jcyw	1	4
就此一项	jcyx	1	4
韭菜子	jcz	1	3
就此作罢	jczb	1	4
简单	jd	1	2
见到	jd	2	2
觉得	jd	3	2
脚底板	jdb	1	3
九点半	jdb	2	3
鸡蛋饼	jdb	3	3
街道办	jdb	4	3
仅代表	jdb	5	3
谨代表	jdb	6	3
进度表	jdb	7	3
军代表	jdb	8	3
加多宝	jdb	9	3
鸡蛋白	jdb	10	3
觉得不错	jdbc	1	4
绝对不会	jdbh	2	4
街道办事处	jdbi	1	4
剪刀包袱锤	jdbi	2	4
捡到宝了	jdbl	1	4
旧的不去新的不来	jdbl	2	4
旧的不去，新的不来	jdbl	3	4
监督部门	jdbm	1	4
极度不满	jdbm	2	4
绝对不能	jdbn	1	4
绝对不可能	jdbn	2	4
旧的不去	jdbq	1	4
绝大部分人	jdbr	1	4
京东白条	jdbt	1	4
绝对不同	jdbt	2	4
技多不压身	jdbu	2	4
绝对不行	jdbx	1	4
绝对不小	jdbx	2	4
绝对不要	jdby	4	4
简单粗暴	jdcb	1	4
鸡肚菜花	jdch	1	4
经典操作	jdcz	1	4
极大地	jdd	1	3
降低到	jdd	2	3
简单点	jdd	3	3
将达到	jdd	4	3
娇滴滴	jdd	5	3
讲道德	jdd	6	3
绝大多数的	jddd	1	4
近的地方	jddf	1	4
巨大的变化	jddh	1	4
急得跺脚	jddj	1	4
绝大多数情况	jddk	1	4
叫地地不灵	jddl	1	4
基底动脉	jddm	1	4
既当爹又当妈	jddm	2	4
静电电容	jddr	1	4
绝大多数人	jddr	2	4
接待大厅	jddt	1	4
记得戴套	jddt	2	4
绝对定位	jddw	1	4
巨大的影响	jddx	1	4
绝大多数情况下	jddx	2	4
建党大业	jddy	1	4
巨大的作用	jddy	2	4
角度刁钻	jddz	1	4
简单鹤	jde	1	3
鉴定费	jdf	1	3
借东风	jdf	2	3
酱豆腐	jdf	3	3
借贷方	jdf	4	3
交党费	jdf	5	3
较大幅度	jdfd	1	4
假道伐虢	jdfg	1	4
绝代风华	jdfh	1	4
焦点访谈	jdft	1	4
绝地逢生	jdfu	1	4
既定方针	jdfv	1	4
降低风险	jdfx	1	4
戒断反应	jdfy	1	4
几多风雨	jdfy	2	4
绝对防御	jdfy	3	4
见到过	jdg	1	3
见到鬼	jdg	2	3
鸡蛋羹	jdg	3	3
鸡蛋糕	jdg	4	3
记大过	jdg	5	3
鸡蛋灌饼	jdgb	1	4
巨大改变	jdgb	2	4
降低高度	jdgd	2	4
间谍过家家	jdgj	1	4
监督管理	jdgl	1	4
酒店管理	jdgl	2	4
绝顶高手	jdgu	1	4
巨大贡献	jdgx	1	4
静电感应	jdgy	1	4
接待工作	jdgz	1	4
接电话	jdh	1	3
简单鹤	jdh	2	3
简单化	jdh	3	3
鸡蛋黄	jdh	4	3
近代化	jdh	5	3
机顶盒	jdh	6	3
鉴定会	jdh	7	3
绝对化	jdh	8	3
经典回顾	jdhg	1	4
经典好歌	jdhg	2	4
觉得好笑	jdhx	2	4
教导处	jdi	1	3
集大成	jdi	2	3
机动车	jdi	3	3
据调查	jdi	4	3
巨大成功	jdig	1	4
嫁得出去	jdiq	1	4
介电常数	jdiu	1	4
监督程序	jdix	1	4
基督教	jdj	1	3
剪刀脚	jdj	2	3
监督局	jdj	3	3
鸡蛋煎饼	jdjb	1	4
将大局逆转吧	jdjb	2	4
监督机构	jdjg	1	4
监督检查	jdji	1	4
就地解决	jdjj	2	4
加大剂量	jdjl	1	4
鉴定结论	jdjl	2	4
静电键盘	jdjp	1	4
觉得惊奇	jdjq	1	4
军队建设	jdju	1	4
尖端技术	jdju	2	4
监督机制	jdjv	1	4
监督矩阵	jdjv	2	4
坚定决心	jdjx	1	4
鸡蛋壳	jdk	1	3
假大空	jdk	2	3
极度匮乏	jdkf	1	4
尖端科技	jdkj	1	4
经典开局	jdkj	2	4
极端困难	jdkn	1	4
极度困难	jdkn	2	4
简单可行	jdkx	2	4
绝对可以	jdky	1	4
见到了	jdl	1	3
讲道理	jdl	2	3
就对了	jdl	3	3
久等了	jdl	4	3
几点了	jdl	5	3
姐弟恋	jdl	6	3
加大力度	jdld	2	4
经典老番	jdlf	1	4
经典老歌	jdlg	2	4
机动灵活	jdlh	1	4
简单来讲	jdlj	1	4
绝对路径	jdlj	2	4
巨大力量	jdll	1	4
绝对力量	jdll	2	4
经典老图	jdlt	1	4
鸡蛋里挑骨头	jdlt	2	4
鸡蛋里找骨头	jdlt	3	4
简单来说	jdlu	1	4
既得利益者	jdlv	1	4
经典力学	jdlx	1	4
绝对领域	jdly	2	4
颈动脉	jdm	1	3
鸡蛋面	jdm	2	3
季度末	jdm	3	3
既定目标	jdmb	1	4
京东秒送	jdms	1	4
就当没说	jdmu	1	4
绝对没有	jdmy	1	4
脚底抹油	jdmy	2	4
决定命运	jdmy	3	4
见到你	jdn	1	3
降低难度	jdnd	1	4
简单男孩	jdnh	1	4
极端女权	jdnq	1	4
鸡蛋碰石头	jdpt	1	4
接地气	jdq	1	3
经得起	jdq	2	3
决定权	jdq	3	3
监督权	jdq	4	3
继电器	jdq	5	3
巨大潜力	jdql	1	4
角度清奇	jdqq	1	4
绝地求生	jdqu	1	4
经得起考验	jdqy	1	4
几代人	jdr	1	3
鉴定人	jdr	2	3
近代人	jdr	3	3
接待日	jdr	4	3
静电容	jdr	5	3
觉得如何	jdrh	1	4
交代任务	jdrw	1	4
戒毒所	jds	1	3
夹带私货	jdsh	1	4
掘地三尺	jdsi	1	4
进度条	jdt	1	3
基督徒	jdt	2	3
挤地铁	jdt	3	3
简答题	jdt	4	3
加大投入	jdtr	1	4
绝对是	jdu	1	3
就当是	jdu	2	3
节度使	jdu	3	3
角斗士	jdu	4	3
接待室	jdu	5	3
近代史	jdu	6	3
鉴定书	jdu	7	3
绝对数	jdu	8	3
剪刀石头布	jdub	1	4
脚底生风	jduf	1	4
决定胜负	jduf	2	4
嫉妒使人面目全非	jduf	3	4
绝对是个	jdug	2	4
几点睡觉	jduj	2	4
极度舒适	jduu	1	4
既定事实	jduu	2	4
交待事实	jduu	3	4
简单实用	jduy	1	4
经得住	jdv	1	3
景德镇	jdv	2	3
几点钟	jdv	3	3
禁得住	jdv	4	3
教导主任	jdvr	1	4
惊呆众人	jdvr	2	4
鉴定证书	jdvu	1	4
就得这样	jdvy	2	4
尽地主之谊	jdvy	3	4
见到我	jdw	1	3
记得我	jdw	2	3
鉴定为	jdw	3	3
鉴定完毕	jdwb	1	4
降低温度	jdwd	2	4
经典物理	jdwl	1	4
记得我吗	jdwm	2	4
京东外卖	jdwm	3	4
解答问题	jdwt	1	4
绝地武士	jdwu	1	4
就当我没说	jdwu	2	4
极度危险	jdwx	1	4
近代文学	jdwx	2	4
家电维修	jdwx	3	4
键道万古如长夜	jdwy	1	4
机动性	jdx	1	3
阶段性	jdx	2	3
绝对性	jdx	3	3
嫉妒心	jdx	4	3
决定性	jdx	5	3
间断性	jdx	6	3
惊掉下巴	jdxb	1	4
阶段性成果	jdxg	1	4
几度夕阳红	jdxh	1	4
坚定信念	jdxn	1	4
绝对信任	jdxr	1	4
决定性因素	jdxs	2	4
积德行善	jdxu	1	4
经典小说	jdxu	2	4
九大行星	jdxx	2	4
决定性作用	jdxy	3	4
就等于	jdy	1	3
教导员	jdy	2	3
筋斗云	jdy	3	3
军大衣	jdy	4	3
就读于	jdy	5	3
监督员	jdy	6	3
决定于	jdy	7	3
加碘盐	jdy	8	3
简单易懂	jdyd	2	4
绝对音感	jdyg	1	4
经典永流传	jdyi	1	4
机电与信息工程	jdyi	2	4
决定一切	jdyq	1	4
降低要求	jdyq	2	4
绝对因素	jdys	3	4
坚定意志	jdyv	1	4
就当做	jdz	1	3
假动作	jdz	2	3
就当作	jdz	3	3
脚蹬子	jdz	4	3
经典作品	jdzp	1	4
尽到责任	jdzr	1	4
极端自私	jdzs	1	4
就当作是	jdzu	1	4
极端组织	jdzv	2	4
交待罪行	jdzx	1	4
绝对自信	jdzx	2	4
巨大作用	jdzy	2	4
金额	je	1	2
饥饿	je	2	2
金额不限	jebx	1	4
交而不泄	jebx	2	4
鸡儿梆硬	jeby	1	4
巨额财富	jecf	1	4
巨额财产	jeci	1	4
金二代	jed	1	3
今儿个	jeg	1	3
饥饿感	jeg	2	3
金耳环	jeh	1	3
假恶丑	jei	1	3
剪恶除奸	jeij	1	4
吉尔吉斯斯坦	jejt	1	4
巨额利润	jelr	1	4
惊谔失色	jeus	1	4
巨额债务	jevw	1	4
加尔文	jew	1	3
惊愕万分	jewf	1	4
饥饿营销	jeyx	1	4
饥饿游戏	jeyx	2	4
不知道	jf	1	2
解放	jf	2	2
几分	jf	3	2
纠纷案	jfa	1	3
积分榜	jfb	1	3
计分表	jfb	2	3
甲方爸爸	jfbb	1	4
交封不杀	jfbu	1	4
经费爆炸	jfbv	1	4
金发碧眼	jfby	2	4
经费不足	jfbz	1	4
记分册	jfc	1	3
金沸草	jfc	2	3
见封滚	jfg	1	3
军阀割据	jfgj	1	4
鸡飞狗叫	jfgj	2	4
加法公式	jfgu	1	4
鸡飞狗走	jfgz	1	4
解放后	jfh	1	3
金凤凰	jfh	2	3
警匪换边	jfhb	1	4
军阀混战	jfhv	1	4
机帆船	jfi	1	3
解放初	jfi	2	3
交费处	jfi	3	3
解放初期	jfiq	1	4
绝非常人	jfir	1	4
吉房出租	jfiz	1	4
解放军	jfj	1	3
见风就是雨	jfjy	1	4
九分裤	jfk	1	3
进风口	jfk	2	3
缴费卡	jfk	3	3
经费困难	jfkn	1	4
军费开支	jfkv	1	4
经费开销	jfkx	1	4
激发了	jfl	1	3
解放了	jfl	2	3
减肥了	jfl	3	3
解放路	jfl	4	3
健腹轮	jfl	5	3
夹缝里求生存	jflc	1	4
街坊邻居	jflj	1	4
几方面	jfm	1	3
加菲猫	jfm	2	3
就服你	jfn	1	3
金发女郎	jfnl	1	4
绝非偶然	jfor	1	4
警匪片	jfp	1	3
肩负起	jfq	1	3
解放前	jfq	2	3
禁飞区	jfq	3	3
接发球	jfq	4	3
解放区	jfq	5	3
激发潜能	jfqn	1	4
夹缝求生	jfqu	1	4
结发妻子	jfqz	1	4
疾风扫落叶	jfsy	1	4
简繁通打	jftd	1	4
简繁同体	jftt	1	4
紧肤水	jfu	1	3
假分数	jfu	2	3
夹缝生存	jfuc	1	4
积分商城	jfui	2	4
尖峰时刻	jfuk	1	4
绝非善类	jful	1	4
解放生产力	jful	2	4
极负盛名	jfum	2	4
解放双手	jfuu	1	4
见风是雨	jfuy	1	4
交付使用	jfuy	2	4
几分钟	jfv	1	3
肩负着	jfv	2	3
夹缝中	jfv	3	3
解放者	jfv	4	3
九分之	jfv	5	3
疾风知劲草	jfvc	1	4
夹缝中求生存	jfvc	2	4
几分钟后	jfvh	1	4
简繁转换	jfvh	2	4
几分钟前	jfvq	1	4
肌肤之亲	jfvq	2	4
经费战士	jfvu	1	4
酒逢知己千杯少	jfvu	2	4
金饭碗	jfw	1	3
见分晓	jfx	1	3
加分项	jfx	2	3
减分项	jfx	3	3
据分析	jfx	4	3
精分现场	jfxi	2	4
几分相似	jfxs	1	4
经风雨	jfy	1	3
甲方乙方	jfyf	2	4
解放以来	jfyl	2	4
决非易事	jfyu	2	4
均方意义	jfyy	1	4
绝非有意	jfyy	2	4
酒疯子	jfz	1	3
捡肥皂	jfz	2	3
经费在燃烧	jfzu	1	4
经过	jg	1	2
结果	jg	2	2
见过	jg	3	2
价格昂贵	jgag	1	4
金箍棒	jgb	1	3
极个别	jgb	2	3
激光笔	jgb	3	3
鸡公煲	jgb	4	3
极个别的	jgbd	1	4
价格不菲	jgbf	1	4
金刚不坏	jgbh	1	4
结果表明	jgbm	2	4
巾帼不让须眉	jgbm	3	4
极个别人	jgbr	1	4
极个别的人	jgbr	2	4
叫个不停	jgbt	1	4
金刚不坏之身	jgbu	1	4
久攻不下	jgbx	2	4
杰哥不要	jgby	1	4
价格便宜	jgby	2	4
几个词	jgc	1	3
谨供参考	jgck	2	4
价格刺客	jgck	3	4
聚光灯	jgd	1	3
价格低	jgd	2	3
近光灯	jgd	3	3
激光刀	jgd	4	3
见高低	jgd	5	3
金光大道	jgdd	1	4
将功抵过	jgdg	1	4
接个电话	jgdh	1	4
几个东西	jgdx	1	4
九个多月	jgdy	2	4
加工而成	jgei	1	4
揭棺而起	jgeq	2	4
加工费	jgf	1	3
几个方面	jgfm	1	4
角弓反张	jgfv	1	4
九宫格	jgg	1	3
价格贵	jgg	2	3
举高高	jgg	3	3
接广告	jgg	4	3
结构钢	jgg	5	3
结构光	jgg	6	3
价格公道	jggd	1	4
价格感人	jggr	1	4
建国后	jgh	1	3
结过婚	jgh	2	3
鸡冠花	jgh	3	3
间隔号	jgh	4	3
几个回合	jghh	1	4
接过话茬	jghi	1	4
建国后不许成精	jghj	1	4
举国欢庆	jghq	1	4
加个好友	jghy	2	4
加工厂	jgi	1	3
军工厂	jgi	2	3
建国初期	jgiq	1	4
金刚经	jgj	1	3
肩关节	jgj	2	3
挤公交	jgj	3	3
据估计	jgj	4	3
聚光镜	jgj	5	3
鞠躬尽瘁死而后已	jgjy	1	4
鞠躬尽瘁，死而后已	jgjy	2	4
经过了	jgl	1	3
叫过来	jgl	2	3
见鬼了	jgl	3	3
见惯了	jgl	4	3
金刚狼	jgl	5	3
敬个礼	jgl	6	3
举个例	jgl	7	3
及格率	jgl	8	3
几个礼拜	jglb	1	4
几个来回	jglh	1	4
进攻路线	jglx	3	4
举个例子	jglz	1	4
举个栗子	jglz	2	4
见过面	jgm	1	3
见个面	jgm	2	3
金拱门	jgm	3	3
紧赶慢赶	jgmg	1	4
击鼓鸣金	jgmj	1	4
交给你	jgn	1	3
结果呢	jgn	2	3
嫁给你	jgn	3	3
交给你了	jgnl	1	4
经过努力	jgnl	2	4
巾帼女子	jgnz	1	4
机关炮	jgp	1	3
加工品	jgp	2	3
价格偏高	jgpg	1	4
经过批准	jgpv	1	4
价格平稳	jgpw	1	4
交个朋友	jgpy	1	4
吉光片羽	jgpy	2	4
几个钱	jgq	1	3
机关枪	jgq	2	3
见鬼去	jgq	3	3
静观其便	jgqb	2	4
家国情怀	jgqh	1	4
价格区间	jgqj	1	4
结果却是	jgqu	1	4
军工企业	jgqy	1	4
几个人	jgr	1	3
结果如何	jgrh	1	4
劲歌热舞	jgrw	1	4
就个人而言	jgry	2	4
家给人足	jgrz	1	4
见光死	jgs	1	3
经过思考	jgsk	1	4
机关算尽太聪明	jgsm	1	4
结构图	jgt	1	3
贱骨头	jgt	2	3
截个图	jgt	3	3
伽刚特尔	jgte	1	4
机关团体	jgtt	1	4
家国天下	jgtx	1	4
结果是	jgu	1	3
讲故事	jgu	2	3
金刚石	jgu	3	3
井冈山	jgu	4	3
均告失败	jgub	1	4
见鬼说鬼话	jguh	1	4
几个时辰	jgui	1	4
几个世纪	jguj	2	4
间隔时间	jguj	3	4
见过世面	jgum	1	4
紧跟时事	jguu	3	4
进攻是最好的防守	jguu	4	4
敬鬼神而远之	jguv	2	4
机关事务	jguw	1	4
紧跟着	jgv	1	3
紧箍咒	jgv	2	3
价格战	jgv	3	3
军功章	jgv	4	3
监管者	jgv	5	3
经国之才	jgvc	1	4
监管制度	jgvd	1	4
价高者得	jgvd	2	4
就该知道	jgvd	3	4
几个钟头	jgvt	1	4
尽管这样	jgvy	2	4
就该这样	jgvy	3	4
交给我	jgw	1	3
嫁给我	jgw	2	3
甲骨文	jgw	3	3
坚固无比	jgwb	1	4
叫个外卖	jgwm	1	4
加个微信	jgwx	1	4
及格线	jgx	1	3
进攻性	jgx	2	3
金龟婿	jgx	3	3
结构性	jgx	4	3
京广线	jgx	5	3
经过训练	jgxl	1	4
几个星期	jgxq	1	4
几个小时	jgxu	1	4
九个小时	jgxu	2	4
结果显示	jgxu	3	4
几个月	jgy	1	3
节骨眼	jgy	2	3
九个月	jgy	3	3
坚果云	jgy	4	3
几个意思啊	jgya	1	4
经过一次	jgyc	1	4
价格有点贵	jgyg	1	4
建国以后	jgyh	1	4
几个月后	jgyh	2	4
建国以后不许成精	jgyj	3	4
仅供娱乐	jgyl	2	4
见过一面	jgym	1	4
几个月前	jgyq	2	4
几个意思	jgys	1	4
节骨眼上	jgyu	1	4
经过一番周折	jgyv	1	4
几个原因	jgyy	1	4
几个字	jgz	1	3
金刚钻	jgz	2	3
金龟子	jgz	3	3
鸡冠子	jgz	4	3
叫个暂停	jgzt	1	4
结果怎样	jgzy	1	4
计划	jh	1	2
机会	jh	2	2
几乎	jh	3	2
就好比	jhb	1	3
记号笔	jhb	2	3
计划表	jhb	3	3
精华版	jhb	4	3
结合部	jhb	5	3
结核病	jhb	6	3
几乎不会	jhbh	2	4
计划不如变化快	jhbk	1	4
几乎不可能	jhbn	1	4
就好比说	jhbu	1	4
家花不如野花香	jhbx	1	4
叫好不叫座	jhbz	1	4
较好地	jhd	1	3
极好地	jhd	2	3
交汇点	jhd	3	3
结合点	jhd	4	3
机会多多	jhdd	1	4
集合地点	jhdd	2	4
交货地点	jhdd	3	4
见货打货	jhdh	1	4
京杭大运河	jhdh	2	4
狡猾的狐狸	jhdl	2	4
狡猾的人	jhdr	1	4
几乎都是	jhdu	1	4
结婚对象	jhdx	1	4
绝活儿	jhe	1	3
江湖儿女	jhen	1	4
江湖恩怨	jhey	1	4
交话费	jhf	1	3
缴话费	jhf	2	3
几何分布	jhfb	1	4
金猴奋起千钧棒	jhfb	2	4
机会丰富	jhff	1	4
近乎疯狂	jhfk	1	4
久旱逢甘霖	jhfl	1	4
久旱逢甘露	jhfl	2	4
计划分配	jhfp	1	4
交互方式	jhfu	1	4
交货方式	jhfu	2	4
今后发展	jhfv	1	4
久旱逢甘雨	jhfy	1	4
脚后跟	jhg	1	3
进行规范	jhgf	1	4
计划赶不上变化	jhgh	1	4
江湖规矩	jhgj	1	4
激活工具	jhgj	2	4
计划供应	jhgy	1	4
今后工作	jhgz	1	4
金晃晃	jhh	1	3
几何画板	jhhb	1	4
积化和差	jhhi	1	4
净化环境	jhhj	1	4
江河湖泊	jhhp	1	4
救护车	jhi	1	3
菊花茶	jhi	2	3
救火车	jhi	3	3
计划处	jhi	4	3
机会成本	jhib	1	4
交换场地	jhid	1	4
江户川柯南	jhin	1	4
几乎就	jhj	1	3
急行军	jhj	2	3
叫花鸡	jhj	3	3
交换机	jhj	4	3
井号键	jhj	5	3
句号键	jhj	6	3
就会觉得	jhjd	2	4
酒后驾车	jhji	1	4
江湖救急	jhjj	2	4
结婚纪念日	jhjr	1	4
今后几天	jhjt	1	4
计划经济体制	jhjv	2	4
敬候佳音	jhjy	2	4
军火库	jhk	1	3
交换看法	jhkf	1	4
酒后开车	jhki	1	4
军火库展示	jhku	1	4
就好了	jhl	1	3
酒葫芦	jhl	2	3
进化论	jhl	3	3
近乎零	jhl	4	3
禁韩令	jhl	5	3
今后两年	jhln	1	4
今后两天	jhlt	1	4
江湖郎中	jhlv	1	4
结婚领证	jhlv	2	4
酒后乱性	jhlx	1	4
激活码	jhm	1	3
聚合酶	jhm	2	3
激化矛盾	jhmd	1	4
计划没有变化快	jhmk	1	4
机会渺茫	jhmm	1	4
家花没有野花香	jhmx	1	4
几乎没有	jhmy	1	4
计划内	jhn	1	3
机会难得	jhnd	1	4
交换女友	jhny	1	4
净化器	jhq	1	3
监护权	jhq	2	3
交换器	jhq	3	3
均衡器	jhq	4	3
交换情侣	jhql	1	4
就会让	jhr	1	3
监护人	jhr	2	3
江湖人称	jhri	1	4
江湖人士	jhru	1	4
就很容易	jhry	1	4
季后赛	jhs	1	3
金黄色	jhs	2	3
绛红色	jhs	3	3
聚划算	jhs	4	3
今后三年	jhsn	1	4
今后三天	jhst	1	4
集合体	jht	1	3
结合体	jht	2	3
计划通	jht	3	3
菊花台	jht	4	3
精华帖	jht	5	3
襟怀坦荡	jhtd	1	4
教会徒弟饿死师傅	jhtf	1	4
酒后吐真言	jhty	1	4
几乎是	jhu	1	3
将会是	jhu	2	3
计划书	jhu	3	3
军火商	jhu	4	3
交互式	jhu	5	3
鉴黄师	jhu	6	3
计划失败	jhub	1	4
交换设备	jhub	2	4
激活失败	jhub	3	4
几乎是一个	jhug	1	4
旧货市场	jhui	1	4
交互设计	jhuj	2	4
姜还是老的辣	jhul	1	4
结合时事	jhuu	2	4
计划实施	jhuu	3	4
简化手续	jhux	1	4
进行中	jhv	1	3
结婚证	jhv	2	3
结婚照	jhv	3	3
讲话中	jhv	4	3
计划指标	jhvb	1	4
江淮准静止锋	jhvf	1	4
就好这口	jhvk	1	4
计划周密	jhvm	1	4
结婚证书	jhvu	1	4
军火展示	jhvu	2	4
近海之王	jhvw	1	4
江湖之远	jhvy	2	4
聚合物	jhw	1	3
计划外	jhw	2	3
几乎为零	jhwl	1	4
近乎完美	jhwm	1	4
家和万事兴	jhwx	1	4
就好像	jhx	1	3
几何学	jhx	2	3
计划性	jhx	3	3
旧换新	jhx	4	3
京沪线	jhx	5	3
江湖险恶	jhxe	1	4
计划性报废	jhxf	2	4
驾鹤西去	jhxq	1	4
就好像是	jhxu	1	4
精华消息	jhxx	1	4
驾鹤西游	jhxy	1	4
就会有	jhy	1	3
加好友	jhy	2	3
加害于	jhy	3	3
嫁祸于	jhy	4	3
交好运	jhy	5	3
计划有变	jhyb	1	4
救火扬沸	jhyf	1	4
菊花一紧	jhyj	2	4
惊鸿一面	jhym	1	4
加好友吗	jhym	2	4
捡回一命	jhym	3	4
嫁祸于你	jhyn	1	4
江湖医生	jhyu	2	4
嫁祸于我	jhyw	1	4
集会游行	jhyx	2	4
交互英语	jhyy	1	4
将会在	jhz	1	3
叫花子	jhz	2	3
接孩子	jhz	3	3
简化字	jhz	4	3
江湖再见	jhzj	1	4
结合在一起	jhzq	1	4
基础	ji	2	2
坚持	ji	3	2
剧场版	jib	2	3
交叉步	jib	3	3
揭疮疤	jib	4	3
接触不到	jibd	4	4
基础不好	jibh	1	4
觉察不出	jibi	3	4
检查不出	jibi	4	4
接触不良	jibl	2	4
基础不牢	jibl	3	4
基础薄弱	jibr	1	4
机场巴士	jibu	5	4
家丑不可外扬	jiby	5	4
基础不牢，地动山摇	jiby	6	4
家常菜	jic	2	3
接触到	jid	2	3
觉察到	jid	3	3
交叉点	jid	4	3
纠察队	jid	5	3
集成度	jid	6	3
坚持到底	jidd	2	4
家常豆腐	jidf	1	4
进场动画	jidh	2	4
金翅大鹏	jidp	2	4
九齿钉耙	jidp	3	4
机场大厅	jidt	1	4
疾驰而过	jieg	1	4
疾驰而来	jiel	1	4
绝尘而去	jieq	1	4
基础分	jif	2	3
家常饭	jif	3	3
继承法	jif	4	3
奖惩分明	jifm	1	4
继承发展	jifv	1	4
坚持访问	jifw	6	4
继承发扬	jify	1	4
解除封印	jify	2	4
检察官	jig	2	3
鸡肠狗肚	jigd	2	4
杰出贡献	jigx	2	4
检查更新	jigx	3	4
经常会	jih	2	3
经常化	jih	3	3
交叉火力	jihl	2	4
解除合同	jiht	1	4
解除好友	jihy	3	4
计程车	jii	2	3
经常出现	jiix	1	4
警察局	jij	2	3
监察局	jij	3	3
进出境	jij	4	3
检查结果	jijg	2	4
解除警戒	jijj	2	4
坚持就是胜利	jijl	3	4
检查机制	jijv	2	4
结城结弦	jijx	5	4
继承家业	jijy	4	4
解除禁言	jijy	5	4
进出口	jik	2	3
交叉口	jik	3	3
基础课	jik	4	3
基础课程	jiki	1	4
继承了	jil	2	3
交出来	jil	3	3
揪出来	jil	4	3
讲出来	jil	5	3
交叉路	jil	6	3
交叉路口	jilk	3	4
九重魔鹤	jime	1	4
九重魔鹤	jimh	2	4
接触面积	jimj	3	4
九尺男儿	jine	1	4
继承权	jiq	2	3
嫁出去	jiq	3	3
接触器	jiq	4	3
杰出青年	jiqn	3	4
继承人	jir	2	3
经常如此	jirc	1	4
杰出人才	jirc	2	4
坚持认为	jirw	2	4
旧仇宿怨	jisy	1	4
九重天	jit	2	3
检察厅	jit	3	3
检查团	jit	4	3
截长图	jit	5	3
警察同志	jitv	3	4
进场特效	jitx	1	4
基础上	jiu	2	3
经常是	jiu	3	3
基础上的	jiud	1	4
九出十三归	jiug	3	4
接触生活	jiuh	3	4
进场时机	jiuj	1	4
精虫上脑	jiun	1	4
检查身体	jiut	1	4
继承者	jiv	2	3
检查站	jiv	3	3
交叉着	jiv	4	3
进程中	jiv	5	3
锯齿状	jiv	6	3
检察长	jiv	7	3
劫持者	jiv	8	3
奖惩制度	jivd	1	4
检查治疗	jivl	2	4
金池长老	jivl	3	4
纠缠之缘	jivy	3	4
将成为	jiw	2	3
简称为	jiw	3	3
金城武	jiw	4	3
检查完毕	jiwb	1	4
家丑外扬	jiwy	5	4
经常性	jix	2	3
九成新	jix	3	3
基础性	jix	4	3
竭诚相待	jixd	1	4
金疮药	jiy	2	3
检察院	jiy	3	3
极常用	jiy	4	3
坚持与努力	jiyl	1	4
检查一下	jiyx	1	4
检查组	jiz	2	3
解决	jj	1	2
渐渐	jj	2	2
拒绝	jj	3	2
紧急安排	jjap	1	4
经济安全	jjaq	1	4
胶卷安全	jjaq	2	4
交接棒	jjb	1	3
交接班	jjb	2	3
精简版	jjb	3	3
焦急不安	jjba	1	4
经济白洞	jjbd	1	4
解决办法	jjbf	1	4
借机报复	jjbf	2	4
即将爆发	jjbf	3	4
居家办公	jjbg	1	4
久假不归	jjbg	2	4
急剧变化	jjbh	2	4
经济补偿	jjbi	1	4
即将变成	jjbi	2	4
久久不能平静	jjbj	1	4
敬酒不吃吃罚酒	jjbj	2	4
几经比较	jjbj	3	4
决计不可	jjbk	1	4
解决不了	jjbl	1	4
句句不离	jjbl	2	4
仅仅表明	jjbm	1	4
久久不能	jjbn	1	4
九九八十一难	jjbn	2	4
救急不救贫	jjbp	1	4
救急不救穷	jjbq	2	4
岌岌不可终日	jjbr	1	4
久久不散	jjbs	1	4
九九八十一天	jjbt	2	4
几经波折	jjbv	1	4
紧急避险	jjbx	2	4
九九八十一	jjby	1	4
坚决不要	jjby	2	4
久久不语	jjby	3	4
紧急避孕	jjby	4	4
经济舱	jjc	1	3
积极参加	jjcj	1	4
荆棘丛生	jjcu	2	4
静静地	jjd	1	3
聚居地	jjd	2	3
间接地	jjd	3	3
交警队	jjd	4	3
酒精灯	jjd	5	3
将军肚	jjd	6	3
经济大国	jjdg	1	4
急救电话	jjdh	1	4
奸计得逞	jjdi	2	4
经济独立	jjdl	3	4
进击的巨人	jjdr	2	4
金角大王	jjdw	1	4
精尽而亡	jjew	1	4
踽踽而行	jjex	2	4
激将法	jjf	1	3
加减法	jjf	2	3
坚决反对	jjfd	1	4
经济负担	jjfd	2	4
经济发达	jjfd	3	4
解决方法	jjff	1	4
几经反复	jjff	2	4
借机发挥	jjfh	1	4
借机发难	jjfn	1	4
瘠己肥人	jjfr	2	4
经济复苏	jjfs	1	4
经济封锁	jjfs	2	4
拒绝访问	jjfw	1	4
家境富裕	jjfy	2	4
肩胛骨	jjg	1	3
酒精肝	jjg	2	3
九九歌	jjg	3	3
坚决贯彻	jjgi	1	4
进京赶考	jjgk	1	4
居家隔离	jjgl	2	4
酒精过敏	jjgm	1	4
经济规模	jjgm	2	4
紧急关头	jjgt	2	4
吉吉国王	jjgw	1	4
交接工作	jjgz	1	4
几句话	jjh	1	3
基金会	jjh	2	3
交际花	jjh	3	3
经济化	jjh	4	3
阶级化	jjh	5	3
经济黑洞	jjhd	1	4
经济和信息化	jjhh	2	4
几家欢喜几家愁	jjhi	1	4
紧急呼叫	jjhj	2	4
经济合同	jjht	1	4
寂静欢喜	jjhx	1	4
解解馋	jji	1	3
竞技场	jji	2	3
交界处	jji	3	3
急救车	jji	4	3
军机处	jji	5	3
经济成分	jjif	1	4
经济处罚	jjif	2	4
紧急出口	jjik	1	4
拒绝承认	jjir	1	4
即将成为	jjiw	1	4
建军节	jjj	1	3
救济金	jjj	2	3
金鸡奖	jjj	3	3
京津冀	jjj	4	3
拒绝交待	jjjd	1	4
检举揭发	jjjf	2	4
击节叫好	jjjh	1	4
经济计划	jjjh	2	4
纪检监察	jjji	3	4
几斤几两	jjjl	1	4
经济交流	jjjl	2	4
积极进取	jjjq	1	4
经济机制	jjjv	2	4
经济交往	jjjw	1	4
间接接吻	jjjw	2	4
间接经验	jjjy	1	4
紧急戒严	jjjy	2	4
仅仅靠	jjk	1	3
借记卡	jjk	2	3
救济款	jjk	3	3
经济开放	jjkf	2	4
几经考虑	jjkl	1	4
即将开幕	jjkm	1	4
基建狂魔	jjkm	2	4
经济困难	jjkn	1	4
解决困难	jjkn	2	4
经济开发区	jjkq	1	4
即将开始	jjku	1	4
几经考验	jjky	2	4
解决了	jjl	1	3
近距离	jjl	2	3
救济粮	jjl	3	3
经济落后	jjlh	1	4
即将来临	jjll	2	4
紧紧拉住	jjlv	1	4
居家旅行	jjlx	1	4
经济联系	jjlx	2	4
即将来袭	jjlx	3	4
经济来源	jjly	2	4
姐姐们	jjm	1	3
见见面	jjm	2	3
解解闷	jjm	3	3
颈静脉	jjm	4	3
交际面	jjm	5	3
经济目标	jjmb	1	4
积极面对	jjmd	2	4
夹击妹抖	jjmd	3	4
久经磨炼	jjml	2	4
酒精棉球	jjmq	1	4
竞技模式	jjmu	1	4
近几年	jjn	1	3
经济能力	jjnl	2	4
激进派	jjp	1	3
救济品	jjp	2	3
经济频道	jjpd	1	4
经济评估	jjpg	1	4
家境贫寒	jjph	1	4
积极配合	jjph	2	4
金句频出	jjpi	1	4
家境贫困	jjpk	1	4
竞价排名	jjpm	1	4
竞价拍卖	jjpm	2	4
经济疲软	jjpr	1	4
节节攀升	jjpu	1	4
急剧膨胀	jjpv	1	4
狙击枪	jjq	1	3
交际圈	jjq	2	3
经济圈	jjq	3	3
经济区	jjq	4	3
讲价钱	jjq	5	3
经济情报	jjqb	1	4
经济起飞	jjqf	1	4
经济全球化	jjqh	1	4
紧急情况	jjqk	1	4
倔强青铜	jjqt	1	4
几经曲折	jjqv	1	4
积极情绪	jjqx	1	4
仅仅取决于	jjqy	1	4
经纪人	jjr	1	3
节假日	jjr	2	3
近几日	jjr	3	3
寄件人	jjr	4	3
检举人	jjr	5	3
急急如律令	jjrl	1	4
间接任意球	jjrq	1	4
急急如丧家之犬	jjrq	2	4
精尽人亡	jjrw	1	4
艰巨任务	jjrw	2	4
久居人下	jjrx	1	4
精简人员	jjry	1	4
晋级赛	jjs	1	3
嫁鸡随鸡嫁狗随狗	jjsg	1	4
嫁鸡随鸡，嫁狗随狗	jjsg	2	4
尽己所能	jjsn	2	4
荆棘塞途	jjst	1	4
紧急送医	jjsy	1	4
技惊四座	jjsz	1	4
近几天	jjt	1	3
加鸡腿	jjt	2	3
结晶体	jjt	3	3
积极推动	jjtd	1	4
积极态度	jjtd	2	4
拣精剔肥	jjtf	1	4
即将推出	jjti	1	4
经济条件	jjtj	1	4
解决途径	jjtj	2	4
经济调控	jjtk	1	4
近几天来	jjtl	2	4
经济头脑	jjtn	1	4
积极探索	jjts	1	4
竞技体育	jjty	1	4
仅仅是	jju	1	3
究竟是	jju	2	3
狙击手	jju	3	3
尖叫声	jju	4	3
旧金山	jju	5	3
蒋介石	jju	6	3
据介绍	jju	7	3
佳洁士	jju	8	3
经济手段	jjud	2	4
仅仅是个	jjug	1	4
仅仅是一个	jjug	2	4
经济实惠	jjuh	2	4
紧急事件	jjuj	1	4
积极上进	jjuj	2	4
纪检书记	jjuj	3	4
绝佳时机	jjuj	4	4
见见世面	jjum	1	4
近几十年	jjun	1	4
经济水平	jjup	1	4
经济实体	jjut	1	4
经济渗透	jjut	2	4
急剧上升	jjuu	2	4
句句属实	jjuu	3	4
仅仅是一种	jjuv	1	4
仅仅是因为	jjuw	1	4
经济上行	jjux	1	4
经济适用	jjuy	1	4
仅仅是这样	jjuy	2	4
紧接着	jjv	1	3
佼佼者	jjv	2	3
金戒指	jjv	3	3
搅局者	jjv	4	3
禁忌症	jjv	5	3
结晶状	jjv	6	3
急救站	jjv	7	3
禁忌之爱	jjva	1	4
解决战斗	jjvd	2	4
交警支队	jjvd	3	4
酒精中毒	jjvd	4	4
借酒装疯	jjvf	1	4
甲级战犯	jjvf	2	4
经济转轨	jjvg	1	4
基金账户	jjvh	1	4
竭尽忠诚	jjvi	2	4
阶级之间	jjvj	1	4
籍籍之名	jjvm	1	4
及笄之年	jjvn	1	4
仅仅只能	jjvn	2	4
积极争取	jjvq	1	4
仅仅只是	jjvu	2	4
紧接着说	jjvu	3	4
假假真真	jjvv	3	4
紧紧掌握	jjvw	1	4
锦江之星	jjvx	3	4
救救我	jjw	1	3
教教我	jjw	2	3
降降温	jjw	3	3
交际舞	jjw	4	3
纪检委	jjw	5	3
焦急万分	jjwf	1	4
经济文化	jjwh	1	4
坚决维护	jjwh	2	4
经济往来	jjwl	1	4
究竟为了什么	jjwm	2	4
讲究卫生	jjwu	1	4
接近尾声	jjwu	2	4
警戒线	jjx	1	3
积极性	jjx	2	3
经济学	jjx	3	3
季节性	jjx	4	3
阶级性	jjx	5	3
艰巨性	jjx	6	3
简洁性	jjx	7	3
积极行动	jjxd	1	4
紧急行动	jjxd	2	4
借鸡下蛋	jjxd	3	4
积极心态	jjxt	1	4
经济萧条	jjxt	2	4
渐渐消失	jjxu	3	4
经济下行	jjxx	1	4
积极响应	jjxy	2	4
经济协作	jjxz	1	4
接近于	jjy	1	3
仅仅有	jjy	2	3
讲解员	jjy	3	3
经检验	jjy	4	3
肌腱炎	jjy	5	3
鞠婧祎	jjy	6	3
紧急预案	jjya	1	4
积极应对	jjyd	1	4
几近于道	jjyd	2	4
家家有本难念的经	jjyj	1	4
酒精饮料	jjyl	1	4
建交以来	jjyl	2	4
坚决要求	jjyq	1	4
解决一切	jjyq	2	4
阶级跃迁	jjyq	3	4
交接仪式	jjyu	2	4
家境殷实	jjyu	3	4
仅仅意味着	jjyv	1	4
仅仅因为	jjyw	2	4
仅仅在	jjz	1	3
绝绝子	jjz	2	3
经济增长	jjzi	1	4
句句在理	jjzl	1	4
经济责任	jjzr	1	4
荆棘载途	jjzt	1	4
击节赞叹	jjzt	2	4
击节赞赏	jjzu	1	4
仅仅在于	jjzy	2	4
健康	jk	2	2
尽快	jk	3	2
久看不厌	jkby	2	4
荆轲刺秦	jkcq	1	4
荆轲刺秦王	jkcw	1	4
监控对象	jkdx	1	4
捐款额	jke	2	3
进口额	jke	3	3
讲课费	jkf	2	3
尽可放心	jkfx	1	4
进口国	jkg	2	3
健康工作五十年	jkgn	1	4
进可攻，退可守	jkgu	2	4
进口货	jkh	1	3
尖括号	jkh	2	3
艰苦环境	jkhj	2	4
甲壳虫	jki	1	3
进口车	jki	2	3
进口产品	jkip	1	4
健康成长	jkiv	1	4
加快脚步	jkjb	3	4
加快进度	jkjd	1	4
救苦救难观世音菩萨	jkjs	1	4
捐款捐物	jkjw	1	4
旧框框	jkk	2	3
加快开发	jkkf	1	4
据可靠消息	jkkx	1	4
加快了	jkl	2	3
进口量	jkl	3	3
监考老师	jklu	1	4
架空历史	jklu	2	4
尽快落实	jklu	3	4
几可乱真	jklv	1	4
艰苦磨炼	jkml	1	4
进口贸易	jkmy	1	4
尽可能	jkn	1	3
就可能	jkn	2	3
就看你	jkn	3	3
尽可能的	jknd	1	4
卷款跑路	jkpl	2	4
几块钱	jkq	2	3
即刻起	jkq	3	3
即刻启程	jkqi	6	4
健康情况	jkqk	2	4
卷款潜逃	jkqt	2	4
借款人	jkr	1	3
捐款人	jkr	2	3
监考人	jkr	3	3
健康人	jkr	4	3
健康人群	jkrq	1	4
健康人生	jkru	2	4
监控人员	jkry	1	4
加快速度	jksd	3	4
艰苦岁月	jksy	1	4
就看他	jkt	2	3
就看她	jkt	3	3
渐亏凸月	jkty	2	4
就开始	jku	2	3
教科书	jku	3	3
夹克衫	jku	4	3
进口税	jku	5	3
进口商	jku	6	3
教科书级别	jkub	1	4
教科书般	jkub	2	4
健康是福	jkuf	4	4
惊恐失色	jkus	1	4
健康证	jkv	2	3
据考证	jkv	3	3
疾控中心	jkvx	1	4
接口文档	jkwd	2	4
教科文组织	jkwv	2	4
杰克逊	jkx	2	3
讲科学	jkx	3	3
健康险	jkx	4	3
健康幸福	jkxf	1	4
就可以	jky	2	3
既可以	jky	3	3
尽可以	jky	4	3
进可以攻	jkyg	2	4
既可以是一个	jkyg	3	4
既可以是一种	jkyv	2	4
即可拥有	jkyy	2	4
进来	jl	2	2
经历	jl	3	2
俱乐部	jlb	2	3
加勒比	jlb	3	3
健力宝	jlb	4	3
接力棒	jlb	5	3
记录本	jlb	6	3
记录簿	jlb	7	3
加勒比海盗	jlbd	2	4
纪录保持	jlbi	1	4
加量不加价	jlbj	1	4
尽量避免	jlbm	2	4
纪录保持者	jlbv	1	4
尽量不要	jlby	1	4
揭老底	jld	2	3
家里蹲	jld	3	3
交流电	jld	4	3
金銮殿	jld	5	3
卷帘大将	jldj	1	4
极乐迪斯科	jldk	1	4
借力打力	jldl	2	4
将来打算	jlds	2	4
交流电源	jldy	1	4
距离多远	jldy	2	4
结庐而居	jlej	1	4
家乐福	jlf	2	3
降落凡尘	jlfi	1	4
锦鲤附体	jlft	1	4
接连发生	jlfu	4	4
交流方式	jlfu	5	4
加利福尼亚	jlfy	1	4
加了个	jlg	1	3
经历过	jlg	2	3
脊梁骨	jlg	3	3
距离感	jlg	4	3
机灵鬼	jlg	5	3
接了个电话	jlgh	2	4
截了个图	jlgt	1	4
精力过剩	jlgu	1	4
交流会	jlh	1	3
九零后	jlh	2	3
结了婚	jlh	3	3
建立后	jlh	4	3
尽量回避	jlhb	1	4
交流活动	jlhd	2	4
解铃还须系铃人	jlhr	1	4
几路车	jli	2	3
涓流充电	jlid	1	4
蛟龙出海	jlih	2	4
距离产生美	jlim	1	4
捡垃圾	jlj	2	3
讲了讲	jlj	3	3
据了解	jlj	4	3
奖励金额	jlje	1	4
激烈交火	jljh	1	4
激励计划	jljh	2	4
橘里橘气	jljq	3	4
娇兰佳人	jljr	1	4
极乐净土	jljt	1	4
将来进行时	jlju	2	4
激烈竞争	jljv	1	4
精力集中	jljv	2	4
交流经验	jljy	2	4
吉良吉影	jljy	3	4
积累经验	jljy	4	4
进料口	jlk	1	3
近来可好	jlkh	1	4
进来看看	jlkk	1	4
经历坎坷	jlkk	2	4
竭力控制	jlkv	1	4
经历了	jll	1	3
建立了	jll	2	3
积累了	jll	3	3
尽力了	jll	4	3
伽利略	jll	5	3
建立连接	jllj	1	4
经历了什么	jllm	1	4
叫了两声	jllu	2	4
见了面	jlm	2	3
家里面	jlm	3	3
卷帘门	jlm	4	3
讲礼貌	jlm	5	3
距离美	jlm	6	3
激烈矛盾	jlmd	1	4
家里没矿	jlmk	2	4
经历磨难	jlmn	1	4
建立模型	jlmx	1	4
近两年	jln	2	3
近两年来	jlnl	1	4
纪录片	jlp	2	3
交流平台	jlpt	1	4
建立起	jlq	1	3
就来气	jlq	2	3
交了钱	jlq	3	3
交流群	jlq	4	3
计量器	jlq	5	3
戒律清规	jlqg	1	4
计量器具	jlqj	1	4
叫了起来	jlql	1	4
焦虑情绪	jlqx	1	4
家里人	jlr	1	3
净利润	jlr	2	3
经理人	jlr	3	3
记录人	jlr	4	3
监理人	jlr	5	3
举例如下	jlrx	1	4
监理人员	jlry	1	4
降落伞	jls	1	3
拘留所	jls	2	3
接力赛	jls	3	3
交流思想	jlsx	1	4
建立索引	jlsy	2	4
几两碎银	jlsy	3	4
交流讨论	jltl	1	4
捡了条命	jltm	1	4
浇冷水	jlu	1	3
举例说	jlu	2	3
将来时	jlu	3	3
吉林省	jlu	4	3
交了实底	jlud	1	4
记录数据	jluj	3	4
脚镣手铐	jluk	2	4
军令状	jlv	2	3
绝了种	jlv	3	3
奖励制度	jlvd	1	4
久留之地	jlvd	2	4
捡了芝麻，丢了西瓜	jlvg	1	4
捡了芝麻丢了西瓜	jlvg	2	4
叫了只炸鸡	jlvj	1	4
金兰之交	jlvj	2	4
捡了芝麻	jlvm	2	4
尽量争取	jlvq	1	4
既来之，则安之	jlvv	1	4
巨鹿之战	jlvv	2	4
精灵五笔	jlwb	1	4
精力旺盛	jlwu	1	4
亟来问讯	jlwx	1	4
纪律委员	jlwy	3	4
纪律性	jlx	2	3
记录仪	jly	2	3
记录员	jly	3	3
教练员	jly	4	3
敬老院	jly	5	3
金龙鱼	jly	6	3
剧烈运动	jlyd	1	4
建立一个	jlyg	1	4
净莲妖火	jlyh	1	4
接了一句	jlyj	3	4
家里有矿	jlyk	2	4
捡了一条命	jlym	2	4
建立一种	jlyv	1	4
尽了义务	jlyw	1	4
精力有限	jlyx	1	4
记录一下	jlyx	2	4
建立在	jlz	1	3
举例子	jlz	2	3
尽量做到	jlzd	1	4
积累资金	jlzj	1	4
军旅作家	jlzj	2	4
尽了最大的努力	jlzl	1	4
见面	jm	2	2
急忙	jm	3	2
讲明白	jmb	2	3
价目表	jmb	3	3
健美操	jmc	2	3
简码词	jmc	3	3
加盟店	jmd	2	3
节目单	jmd	3	3
精密度	jmd	4	3
救命稻草	jmdc	5	4
就没打算	jmds	2	4
绝命毒师	jmdu	2	4
姐们儿	jme	2	3
加盟费	jmf	2	3
鸡米饭	jmf	3	3
卷毛狒狒	jmff	2	4
经贸发展	jmfv	1	4
加密狗	jmg	2	3
加盟共和国	jmgg	1	4
界门纲目科属种	jmgv	3	4
紧密关系	jmgx	2	4
见面会	jmh	2	3
姐妹花	jmh	3	3
加密货币	jmhb	1	4
积满灰尘	jmhi	1	4
救命毫毛	jmhm	1	4
旧貌换新颜	jmhy	3	4
绝命火焰	jmhy	4	4
旧梦重温	jmiw	1	4
酵母菌	jmj	2	3
假面具	jmj	3	3
截面积	jmj	4	3
家门口	jmk	2	3
寂寞空虚冷	jmkl	2	4
见面礼	jml	2	3
姐妹俩	jml	3	3
居民楼	jml	4	3
将面临	jml	5	3
精美礼品	jmlp	1	4
经贸领域	jmly	2	4
姐妹们	jmm	2	3
镜面魔方	jmmf	2	4
寂寞难耐	jmnn	1	4
绝密内容	jmnr	1	4
镜面屏	jmp	2	3
举目破败	jmpb	2	4
紧密配合	jmph	1	4
就目前	jmq	2	3
居民区	jmq	3	3
姐妹情	jmq	4	3
救命钱	jmq	5	3
解码器	jmq	6	3
经贸洽谈	jmqt	2	4
假面骑士	jmqu	3	4
就目前而言	jmqy	2	4
掘墓人	jmr	2	3
洁面乳	jmr	3	3
寂寞如雪	jmrx	1	4
金霉素	jms	1	3
九门提督	jmtd	1	4
加密通话	jmth	1	4
禁漫天堂	jmtt	1	4
加密通信	jmtx	1	4
警民同心	jmtx	2	4
街面上	jmu	2	3
绝命书	jmu	3	3
减免税	jmu	4	3
寂寞少妇	jmuf	3	4
居民收入	jmur	1	4
金木水火土	jmut	1	4
静脉输液	jmuy	1	4
几秒钟	jmv	2	3
歼灭战	jmv	3	3
巨魔战将	jmvj	2	4
旧民主主义革命	jmvm	1	4
节目主持人	jmvr	1	4
几面之缘	jmvy	1	4
机密文件	jmwj	1	4
经贸往来	jmwl	2	4
就没问题	jmwt	1	4
加冕为王	jmww	5	4
将门无犬子	jmwz	1	4
姐妹兄弟	jmxd	1	4
居民消费	jmxf	1	4
节目效果	jmxg	1	4
紧密相关	jmxg	2	4
紧密相连	jmxl	1	4
剑眉星目	jmxm	4	4
节目效果拉满	jmxm	5	4
绝密信息	jmxx	3	4
节目需要	jmxy	2	4
就没有	jmy	2	3
既没有	jmy	3	3
绝没有	jmy	4	3
结膜炎	jmy	5	3
角膜炎	jmy	6	3
健美运动	jmyd	1	4
金马影帝	jmyd	2	4
救民于水火	jmyh	3	4
见面以后	jmyh	4	4
聚美优品	jmyp	1	4
军民一致	jmyv	1	4
节目组	jmz	2	3
决明子	jmz	3	3
键名字	jmz	4	3
精满自溢	jmzy	1	4
今年	jn	2	2
艰难	jn	3	2
今年安排	jnap	1	4
纪念碑	jnb	2	3
纪念版	jnb	3	3
纪念币	jnb	4	3
纪念册	jnc	2	3
加拿大	jnd	1	3
节能灯	jnd	2	3
纪念大会	jndh	1	4
九牛二虎之力	jnel	1	4
就能够	jng	2	3
纪念馆	jng	3	3
杰尼龟	jng	4	3
叫你过来	jngl	2	4
几年后	jnh	2	3
嘉年华	jnh	3	3
纪念会	jnh	4	3
节能环保	jnhb	1	4
就你会玩	jnhw	2	4
今年初	jni	2	3
几年间	jnj	2	3
几年级	jnj	3	3
九年级	jnj	4	3
节能减排	jnjp	4	4
机能减退	jnjt	2	4
借你吉言	jnjy	1	4
借您吉言	jnjy	2	4
今年开春	jnki	1	4
机能亢进	jnkj	1	4
近年来	jnl	2	3
几年来	jnl	3	3
技能冷却	jnlq	2	4
基努李维斯	jnls	2	4
挤奶龙抓手	jnlu	3	4
技能冷却中	jnlv	2	4
就那么	jnm	2	3
机能磨损	jnms	1	4
节能模式	jnmu	3	4
技能描述	jnmu	4	4
今年内	jnn	2	3
舅奶奶	jnn	3	3
纪念品	jnp	2	3
加农炮	jnp	3	3
就你皮	jnp	4	3
江南皮革厂	jnpi	2	4
技能培训	jnpx	1	4
技能培养	jnpy	1	4
几年前	jnq	1	3
俊男倩女	jnqn	2	4
艰难取胜	jnqu	3	4
酱牛肉	jnr	2	3
纪念日	jnr	3	3
局内人	jnr	4	3
吉尼斯	jns	1	3
吉尼斯世界纪录	jnsl	1	4
吉尼斯纪录	jnsl	2	4
尽你所能	jnsn	1	4
纪念堂	jnt	1	3
鸡你太美	jntm	1	4
济南市	jnu	2	3
就你事多	jnud	1	4
几年时间	jnuj	1	4
技能升级	jnuj	2	4
纪念章	jnv	2	3
倦鸟知还	jnvh	3	4
几年之内	jnvn	3	4
境内外	jnw	2	3
艰难无比	jnwb	1	4
加你微信	jnwx	1	4
纪念性	jnx	2	3
节能型	jnx	3	3
技能训练	jnxl	3	4
几年下来	jnxl	4	4
奸佞小人	jnxr	3	4
就那样	jny	2	3
拘泥于	jny	3	3
纪念仪式	jnyu	2	4
九年义务	jnyw	2	4
纪念意义	jnyy	3	4
九年义务教育	jnyy	4	4
金牛座	jnz	2	3
佳偶天成	joti	1	4
建瓯市	jou	1	3
键盘	jp	2	2
金牌榜	jpb	2	3
简配版	jpb	3	3
减配版	jpb	4	3
精品店	jpd	2	3
极品飞车	jpfi	1	4
紧迫感	jpg	2	3
金苹果	jpg	3	3
卷铺盖	jpg	4	3
胶皮管	jpg	5	3
卷铺盖卷	jpgj	3	4
卷铺盖走人	jpgr	2	4
经皮给药	jpgy	1	4
键盘宏	jph	2	3
精品好帖	jpht	1	4
吉普车	jpi	2	3
讲排场	jpi	3	3
金牌奖	jpj	2	3
金牌讲师	jpju	4	4
检票进站	jpjv	1	4
检票口	jpk	2	3
精品课程	jpki	1	4
捡破烂	jpl	2	3
极漂亮	jpl	3	3
金瓶梅	jpm	2	3
键盘膜	jpm	3	3
键盘泥	jpn	2	3
挤破脑袋	jpnd	1	4
急脾气	jpq	2	3
节拍器	jpq	3	3
精品区	jpq	4	3
吉普赛	jps	2	3
挤破头	jpt	2	3
精品帖	jpt	3	3
键盘图	jpt	4	3
金牌调解	jptj	3	4
井喷式	jpu	2	3
键盘鼠标	jpub	1	4
柬埔寨	jpv	2	3
旧瓶装新酒	jpvj	2	4
就怕猪一样的队友	jpvy	2	4
健脾胃	jpw	2	3
精品屋	jpw	3	3
极品五笔	jpwb	1	4
就怕万一	jpwy	1	4
键盘侠	jpx	2	3
接盘侠	jpx	3	3
解剖学	jpx	4	3
紧迫性	jpx	5	3
交朋友	jpy	2	3
酒瓶子	jpz	2	3
就怕贼惦记	jpzj	1	4
进去	jq	2	2
机器	jq	3	2
加强安全	jqaq	2	4
加强版	jqb	2	3
金钱豹	jqb	3	3
脚气病	jqb	4	3
剪切板	jqb	5	3
金枪不倒	jqbd	4	4
极其宝贵	jqbg	1	4
究其背后	jqbh	1	4
旌旗蔽日	jqbr	1	4
就轻避重	jqbv	2	4
金钱草	jqc	1	3
极其残忍	jqcr	1	4
精确到	jqd	2	3
尽情地	jqd	3	3
精确度	jqd	4	3
坚强地	jqd	5	3
截拳道	jqd	6	3
夹七带八	jqdb	2	4
金钱地位	jqdw	1	4
极其恶劣	jqel	1	4
极其丰富	jqff	3	4
加强防范	jqff	4	4
健全法制	jqfv	2	4
几千个	jqg	2	3
究其根本	jqgb	1	4
激起公愤	jqgf	1	4
居全国首位	jqgw	1	4
坚强后盾	jqhd	1	4
极其害怕	jqhp	1	4
加强合作	jqhz	2	4
讲清楚	jqi	2	3
激情唱响	jqix	1	4
金球奖	jqj	2	3
军情局	jqj	3	3
极其简单	jqjd	1	4
近亲结婚	jqjh	1	4
敬请见谅	jqjl	4	4
进气口	jqk	1	3
进去看看	jqkk	1	4
极其可怕	jqkp	1	4
娇俏可人	jqkr	2	4
加起来	jql	2	3
捡起来	jql	3	3
尽全力	jql	4	3
举起来	jql	5	3
坚强领导	jqld	2	4
敬请谅解	jqlj	1	4
记起来了	jqll	2	4
金钱利益	jqly	1	4
敬请留意	jqly	2	4
讲情面	jqm	1	3
机器猫	jqm	2	3
节气门	jqm	3	3
近期目标	jqmb	2	4
激起民愤	jqmf	2	4
娇妻美妾	jqmq	1	4
几千年	jqn	2	3
近期内	jqn	3	3
较去年	jqn	4	3
几千年后	jqnh	1	4
几千年来	jqnl	2	4
几千年前	jqnq	2	4
腱鞘囊肿	jqnv	1	4
剧情片	jqp	1	3
极其平常	jqpi	1	4
加权平均	jqpj	1	4
卷钱跑路	jqpl	2	4
静悄悄	jqq	2	3
敬请期待	jqqd	1	4
极其缺乏	jqqf	1	4
极其强烈	jqql	1	4
坚强起来	jqql	2	4
机器人	jqr	1	3
剑气如虹	jqrh	2	4
季前赛	jqs	2	3
及其他	jqt	1	3
姬圈天菜	jqtc	1	4
九球天后	jqth	1	4
加强天道超	jqti	2	4
减轻疼痛	jqtt	1	4
精气神	jqu	2	3
举起手	jqu	3	3
机器设备	jqub	1	4
交情甚笃	jqud	2	4
敬请收看	jquk	1	4
举起手来	jqul	1	4
举起双手	jquu	4	4
九曲十八弯	jquw	1	4
讲求实效	jqux	1	4
敬启者	jqv	1	3
近期召开	jqvk	1	4
几千万	jqw	2	3
几千万年	jqwn	1	4
接洽为盼	jqwp	2	4
减轻污染	jqwr	1	4
极其危险	jqwx	1	4
几千万元	jqwy	1	4
进取心	jqx	1	3
技巧性	jqx	2	3
加强型	jqx	3	3
精确性	jqx	4	3
交强险	jqx	5	3
加强训练	jqxl	4	4
尽情享受	jqxu	2	4
机器学习	jqxx	1	4
急切需要	jqxy	2	4
剧情需要	jqxy	3	4
借钱消灾	jqxz	1	4
几千元	jqy	2	3
金枪鱼	jqy	3	3
寄情于	jqy	4	3
腱鞘炎	jqy	5	3
究其原理	jqyl	1	4
坚强有力	jqyl	2	4
九浅一深	jqyu	2	4
坚强意志	jqyv	1	4
极其严重	jqyv	2	4
究其原委	jqyw	1	4
及其影响	jqyx	1	4
酱茄子	jqz	2	3
夹七杂八	jqzb	1	4
进入	jr	2	2
居然	jr	3	2
见人矮三分	jraf	1	4
巨人般	jrb	2	3
金融部门	jrbm	1	4
居然不是	jrbu	1	4
今日词云	jrcy	1	4
进入到	jrd	1	3
接入点	jrd	2	3
巨人的肩膀	jrdb	1	4
金融大鳄	jrde	1	4
见人打卦	jrdg	1	4
今日得见	jrdj	1	4
惊人的一幕	jrdm	1	4
惊人的相似	jrds	2	4
巨人的肩膀上	jrdu	1	4
接人待物	jrdw	1	4
计日而待	jred	1	4
今日份	jrf	2	3
金融风暴	jrfb	1	4
肌肉发达	jrfd	1	4
简入繁出	jrfi	1	4
瘠人肥己	jrfj	1	4
截然分开	jrfk	1	4
进入方式	jrfu	1	4
金融服务	jrfw	1	4
今日方知我是我	jrfw	2	4
节日氛围	jrfw	3	4
金融风险	jrfx	1	4
金融犯罪	jrfz	1	4
精日分子	jrfz	2	4
金融改革	jrgg	1	4
金融工具	jrgj	1	4
金融寡头	jrgt	1	4
今日工作	jrgz	1	4
竟然还	jrh	2	3
竟然会	jrh	3	3
居然还	jrh	4	3
居然会	jrh	5	3
金融环境	jrhj	1	4
节日欢乐	jrhl	1	4
嫁入豪门	jrhm	1	4
居然还可以	jrhy	2	4
竟然还可以这样	jrhy	3	4
惊人尺寸	jric	1	4
卷入车底	jrid	1	4
酒肉穿肠过	jrig	2	4
叫人吃惊	jrij	1	4
君辱臣死	jris	1	4
加入成员	jriy	1	4
绞肉机	jrj	2	3
金融界	jrj	3	3
金融家	jrj	4	3
假日酒店	jrjd	1	4
金融经济	jrjj	2	4
嘉然今天吃什么	jrjm	2	4
加入进去	jrjq	1	4
贱人就是矫情	jrjq	2	4
今日今时	jrju	2	4
肌肉记忆	jrjy	2	4
计日可待	jrkd	1	4
即溶咖啡	jrkf	1	4
计日可期	jrkq	1	4
进入课堂	jrkt	1	4
居然可以	jrky	1	4
竟然可以	jrky	2	4
进入了	jrl	2	3
近日来	jrl	3	3
加热炉	jrl	4	3
肌肉力量	jrll	1	4
既然来了	jrll	2	4
肌肉拉伤	jrlu	1	4
节日礼物	jrlw	1	4
金融领域	jrly	1	4
家人们	jrm	1	3
竟然没	jrm	2	3
家人们谁懂啊	jrma	1	4
居然没词	jrmc	2	4
肌肉猛男	jrmn	1	4
进入梦乡	jrmx	1	4
假如没有	jrmy	1	4
居然没有	jrmy	2	4
家人们谁懂呀	jrmy	3	4
竟然能	jrn	1	3
居然能	jrn	2	3
肌肉男	jrn	3	3
近日内	jrn	4	3
竟然能够	jrng	1	4
居然能够	jrng	2	4
既然你诚心诚意的问了	jrnl	1	4
尖锐批评	jrpp	1	4
家人朋友	jrpy	2	4
即日起	jrq	1	3
肌肉群	jrq	2	3
加热器	jrq	3	3
节日气氛	jrqf	1	4
节日期间	jrqj	1	4
加入其中	jrqv	1	4
拒人千里之外	jrqw	1	4
救人如救火	jrrh	1	4
今日人品	jrrp	1	4
肌肉松弛	jrsi	1	4
就如同	jrt	1	3
今日天气	jrtq	1	4
今日头条	jrtt	1	4
竟然是	jru	1	3
既然是	jru	2	3
居然是	jru	3	3
假如说	jru	4	3
敬如上宾	jrub	1	4
金融时报	jrub	2	4
今日首绷	jrub	3	4
接入设备	jrub	4	4
居然是词	jruc	1	4
竟然是词	jruc	2	4
疾如闪电	jrud	1	4
今日说法	jruf	1	4
见人说人话	jruh	1	4
尽人事听天命	jrum	2	4
假如生活欺骗了你	jrun	1	4
继任者	jrv	2	3
加入者	jrv	3	3
巨人症	jrv	4	3
节日祝福	jrvf	1	4
即日执行	jrvh	1	4
进入直播间	jrvj	2	4
进入正片	jrvp	1	4
金融证券	jrvq	1	4
进入状态	jrvt	1	4
金融中心	jrvx	1	4
既然这样	jrvy	1	4
惊人之语	jrvy	2	4
就认为	jrw	1	3
鸡肉味	jrw	2	3
近日无仇	jrwi	1	4
既然我们	jrwm	1	4
兼容性	jrx	1	3
酒肉兄弟	jrxd	1	4
嘉然小姐	jrxj	1	4
金融系统	jrxt	1	4
肌肉线条	jrxt	2	4
假如需要	jrxy	1	4
竟然有	jry	1	3
居然有	jry	2	3
就容易	jry	3	3
较容易	jry	4	3
极容易	jry	5	3
竟然有词	jryc	1	4
居然有词	jryc	2	4
见人有份	jryf	1	4
见人有分	jryf	2	4
既然已经	jryj	2	4
节日愉快	jryk	1	4
救人一命	jrym	1	4
救人一命，胜造七级浮屠	jryt	1	4
救人一命胜造七级浮屠	jryt	2	4
金融业务	jryw	1	4
今日要闻	jryw	2	4
拒人于千里之外	jryw	3	4
军人优先	jryx	2	4
佳人有约	jryy	2	4
近日在	jrz	2	3
紧日子	jrz	3	3
吉人自有天相	jrzx	1	4
就算	js	2	2
角色	js	3	2
戒色吧	jsb	2	3
己所不欲，勿施于人	jsbr	1	4
己所不欲勿施于人	jsbr	2	4
角色扮演	jsby	2	4
急速地	jsd	1	3
加速度	jsd	2	3
集散地	jsd	3	3
贾斯丁比伯	jsdb	1	4
结算动画	jsdh	1	4
竞赛大佬	jsdl	1	4
金色大厅	jsdt	1	4
计算单位	jsdw	1	4
金色的雨	jsdy	1	4
教唆犯	jsf	1	3
教唆粉丝	jsfs	1	4
极速跟打器	jsgq	1	4
计算公式	jsgu	1	4
金丝猴	jsh	1	3
脊髓灰质炎	jshy	1	4
计算尺	jsi	2	3
金色传说	jsiu	1	4
计算机	jsj	2	3
金三角	jsj	3	3
计算结果	jsjg	1	4
计算机网络	jsjl	1	4
结算界面	jsjm	1	4
解锁技能	jsjn	1	4
计算机科学与技术	jsju	1	4
计算机技术	jsju	2	4
计算机科学	jsjx	1	4
加速卡	jsk	1	3
就算了	jsl	1	3
急死了	jsl	2	3
鸡饲料	jsl	3	3
叫什么	jsm	1	3
极速秒传	jsmi	1	4
绝色美人	jsmr	1	4
紧锁眉头	jsmt	1	4
减速慢行	jsmx	1	4
金丝鸟	jsn	1	3
金色年华	jsnh	1	4
锦瑟年华	jsnh	2	4
惊悚片	jsp	1	3
金三胖	jsp	2	3
绞丝旁	jsp	3	3
极速攀升	jspu	1	4
计算器	jsq	2	3
金丝雀	jsq	3	3
加速器	jsq	4	3
决赛圈	jsq	5	3
减速器	jsq	6	3
紧随其后	jsqh	1	4
见色起意	jsqy	1	4
急死人	jsr	1	3
急死人了	jsrl	1	4
计算题	jst	2	3
就算是	jsu	1	3
精算师	jsu	2	3
江苏省	jsu	3	3
寄宿生	jsu	4	3
紧随时事	jsuu	1	4
寄宿制	jsv	1	3
近似值	jsv	2	3
将死之人	jsvr	1	4
疾速追杀	jsvu	1	4
集散中心	jsvx	1	4
就算这样	jsvy	1	4
急死我了	jswl	1	4
见色忘义	jswy	1	4
见色忘友	jswy	2	4
境随心转	jsxv	1	4
金丝燕	jsy	1	3
金锁玉关	jsyg	1	4
结算页面	jsym	1	4
景色旖旎	jsyn	1	4
景色宜人	jsyr	1	4
计算有误	jsyw	1	4
金嗓子	jsz	1	3
假嗓子	jsz	2	3
金嗓子喉宝	jszb	1	4
今天	jt	2	2
具体	jt	3	2
具体安排	jtap	1	4
剪贴板	jtb	2	3
家庭版	jtb	3	3
脚踏板	jtb	4	3
鸡腿堡	jtb	5	3
交通部	jtb	6	3
交通不便	jtbb	2	4
家庭背景	jtbj	2	4
几天不见	jtbj	3	4
交通便利	jtbl	2	4
急头白脸	jtbl	3	4
静态变量	jtbl	4	4
筋头巴脑	jtbn	2	4
今天白天	jtbt	1	4
交通补贴	jtbt	2	4
交通标志	jtbv	1	4
街头霸王	jtbw	1	4
接头霸王	jtbw	2	4
今天傍晚	jtbw	3	4
惊叹不已	jtby	1	4
据推测	jtc	2	3
街头采访	jtcf	1	4
家庭财产	jtci	1	4
践踏草坪	jtcp	1	4
具体措施	jtcu	1	4
进退存亡	jtcw	1	4
具体到	jtd	2	3
惊天地	jtd	3	3
交通灯	jtd	4	3
接头地点	jtdd	3	4
惊天大瓜	jtdg	1	4
交通堵塞	jtds	1	4
惊天地泣鬼神	jtdu	1	4
家庭地址	jtdv	2	4
家庭地位	jtdw	1	4
家庭弟位	jtdw	2	4
监听耳机	jtej	1	4
具体而言	jtey	1	4
剪头发	jtf	2	3
交通费	jtf	3	3
津贴费	jtf	4	3
交通方便	jtfb	1	4
家庭负担	jtfd	1	4
交通发达	jtfd	2	4
具体方法	jtff	1	4
晶体管	jtg	2	3
姜太公	jtg	3	3
镜头盖	jtg	4	3
姜太公钓鱼愿者上钩	jtgg	2	4
解题过程	jtgi	1	4
家庭观念	jtgn	2	4
家庭关系	jtgx	1	4
姜太公钓鱼	jtgy	1	4
几天后	jth	2	3
惊叹号	jth	3	3
具体化	jth	4	3
集体化	jth	5	3
集体活动	jthd	1	4
家庭和睦	jthm	1	4
今天好像	jthx	1	4
家庭婚姻	jthy	2	4
脚踏车	jti	1	3
据调查	jti	2	3
经调查	jti	3	3
旧调重弹	jtid	1	4
集体沉默	jtim	1	4
交替出现	jtix	1	4
几条街	jtj	2	3
讲条件	jtj	3	3
据统计	jtj	4	3
家庭聚餐	jtjc	1	4
集体决策	jtjc	2	4
家庭纠纷	jtjf	1	4
剧透警告	jtjg	1	4
晶体结构	jtjg	2	4
倔头犟脑	jtjn	3	4
阶梯教室	jtju	3	4
仅退款	jtk	2	3
家庭困难	jtkn	1	4
加特林	jtl	2	3
几天来	jtl	3	3
几条路	jtl	4	3
集体劳动	jtld	1	4
鸡汤来咯	jtlg	2	4
脚踏两条船	jtli	1	4
脚踏两只船	jtli	2	4
具体流程	jtli	3	4
据她了解	jtlj	1	4
据他了解	jtlj	2	4
家庭联产承包责任制	jtlv	1	4
交通路线	jtlx	1	4
具体例子	jtlz	1	4
惊堂木	jtm	2	3
卷铁门	jtm	3	3
剪贴蒙版	jtmb	1	4
家庭矛盾	jtmd	1	4
接听免费	jtmf	2	4
具体名称	jtmi	2	4
家庭美满	jtmm	1	4
惊天秘密	jtmm	2	4
街头卖艺	jtmy	2	4
几天内	jtn	2	3
吉他谱	jtp	1	3
家庭贫困	jtpk	1	4
家庭朋友	jtpy	1	4
几天前	jtq	2	3
军体拳	jtq	3	3
监听器	jtq	4	3
解调器	jtq	5	3
具体情况具体分析	jtqx	1	4
具体任务	jtrw	1	4
解题思路	jtsl	1	4
举头三尺有神明	jtsm	1	4
狡兔死走狗烹	jtsp	1	4
家庭琐事	jtsu	2	4
家庭条件	jttj	1	4
具体条件	jttj	2	4
叫天天不应，叫地地不灵	jttl	1	4
叫天天不应叫地地不灵	jttl	2	4
具体体现	jttx	1	4
叫天天不应	jtty	1	4
街头涂鸦	jtty	2	4
检讨书	jtu	1	3
降头术	jtu	2	3
姜糖水	jtu	3	3
九天神兵	jtub	1	4
具体数额	jtue	1	4
家庭收入	jtur	1	4
净坛使者	jtuv	1	4
具体事项	jtux	1	4
劲头十足	jtuz	2	4
集体照	jtv	2	3
简体中文版	jtvb	1	4
集体智慧	jtvh	1	4
家庭状况	jtvk	1	4
交通肇事	jtvu	2	4
家庭住址	jtvv	1	4
今天中午	jtvw	1	4
简体中文	jtvw	2	4
交通网	jtw	2	3
集体舞	jtw	3	3
交通网络	jtwl	1	4
今天我们	jtwm	2	4
今天晚上	jtwu	3	4
具体问题具体分析	jtwx	1	4
警惕性	jtx	2	3
甲天下	jtx	3	3
家天下	jtx	4	3
家庭幸福	jtxf	1	4
交通信号	jtxh	1	4
具体型号	jtxh	2	4
几天下来	jtxl	2	4
九天玄女	jtxn	2	4
交通系统	jtxt	2	4
具体信息	jtxx	2	4
具体行踪	jtxz	2	4
交通员	jty	2	3
金田一	jty	3	3
加藤鹰	jty	4	3
金太阳	jty	5	3
几天以后	jtyh	2	4
今天夜间	jtyj	3	4
交通要塞	jtys	2	4
今天夜间到明天	jtyt	1	4
镜头一转	jtyv	1	4
加藤鹰之指	jtyv	2	4
具体应用	jtyy	3	4
镜头语言	jtyy	4	4
简体字	jtz	2	3
今天早晨	jtzi	2	4
今天早上	jtzu	1	4
就是	ju	2	2
解释	ju	3	2
就是啊	jua	2	3
精神病	jub	2	3
几十倍	jub	3	3
记事本	jub	4	3
技术部	jub	5	3
计生办	jub	6	3
杰士邦	jub	7	3
据实禀告	jubg	1	4
及时报告	jubg	2	4
精神不正常	jubi	1	4
举手表决	jubj	3	4
接受不了	jubl	1	4
解释不了	jubl	2	4
技术壁垒	jubl	3	4
就是不能	jubn	1	4
经受不起	jubq	1	4
今时不同往日	jubr	2	4
建设兵团	jubt	2	4
井水不犯河水	jubu	5	4
技术标准	jubv	2	4
技术爆炸	jubv	3	4
就是不一样	juby	2	4
驾驶舱	juc	2	3
解说词	juc	3	3
接受采访	jucf	2	4
金属材料	jucl	1	4
精神错乱	jucl	2	4
技术层面	jucm	1	4
技术措施	jucu	2	4
及时地	jud	2	3
减少到	jud	3	3
旧时代	jud	4	3
见上帝	jud	5	3
金士顿	jud	6	3
精神氮泵	judb	2	4
旧时代的残党	judd	2	4
江诗丹顿	judd	3	4
局势大好	judh	1	4
橘势大好	judh	2	4
接受调查	judi	2	4
江山代有才人出	judi	3	4
九十度角	judj	1	4
绝世独立	judl	2	4
技术大牛	judn	1	4
经受得起	judq	2	4
健身达人	judr	2	4
金山打字通	judt	1	4
解释的通	judt	2	4
九十大寿	judu	4	4
介绍对象	judx	1	4
就是等于	judy	1	4
健身房	juf	2	3
夹生饭	juf	3	3
僵尸粉	juf	4	3
接收方	juf	5	3
技术方案	jufa	3	4
旧伤复发	juff	1	4
精神风貌	jufm	1	4
技术封锁	jufs	1	4
几十分钟	jufv	1	4
精神分裂症	jufv	2	4
及时发现	jufx	1	4
举手发言	jufy	1	4
精神富足	jufz	1	4
就是个	jug	2	3
几十个	jug	3	3
搅屎棍	jug	4	3
既视感	jug	5	3
几首歌	jug	6	3
嚼舌根	jug	7	3
及时赶到	jugd	2	4
近身格斗	jugd	3	4
精神股东	jugd	4	4
技术骨干	jugg	1	4
建设规划	jugh	1	4
坚守国门	jugm	2	4
举世公认	jugr	2	4
绝世高人	jugr	3	4
技术公司	jugs	3	4
绝世高手	jugu	1	4
精神鼓舞	jugw	2	4
技术更新	jugx	2	4
技术过硬	jugy	3	4
搅屎棍子	jugz	2	4
结束后	juh	2	3
就是好	juh	3	3
军事化	juh	4	3
旧社会	juh	5	3
及时汇报	juhb	1	4
及时回复	juhf	2	4
绝世好活	juhh	2	4
寄生虫	jui	2	3
急刹车	jui	3	3
建设成	jui	4	3
揭示出	jui	5	3
经审查	jui	6	3
节省成本	juib	2	4
技术储备	juib	3	4
精神出轨	juig	3	4
净身出户	juih	3	4
及时处理	juil	1	4
介绍产品	juip	1	4
建设成为	juiw	1	4
教师节	juj	2	3
脚手架	juj	3	3
尖沙咀	juj	4	3
精神疾病	jujb	4	4
交手机费	jujf	1	4
金属加工	jujg	2	4
晋升机会	jujh	1	4
军事计划	jujh	2	4
健身计划	jujh	3	4
戒杀戒嗔	juji	5	4
技术技能	jujn	4	4
举世皆浊我独清	jujq	2	4
精神枷锁	jujs	1	4
精神寄托	jujt	3	4
精神紧张	jujv	2	4
加深记忆	jujy	1	4
紧身裤	juk	2	3
精神科	juk	3	3
技术科	juk	4	3
精神可嘉	jukj	1	4
计时开始	juku	1	4
金蛇狂舞	jukw	2	4
接受考验	juky	1	4
结束了	jul	2	3
减少了	jul	3	3
家属楼	jul	4	3
降水量	jul	5	3
鉴赏力	jul	6	3
警示录	jul	7	3
技术落后	julh	3	4
结束了罪恶的一生	julu	3	4
精神领袖	julx	1	4
军事路线	julx	2	4
近水楼台先得月	july	2	4
计深虑远	july	3	4
叫什么	jum	2	3
急什么	jum	3	3
见世面	jum	4	3
精神满满	jumm	3	4
绝世美女	jumn	1	4
驾驶模式	jumu	4	4
金氏脉学	jumx	1	4
即使没有	jumy	2	4
几十年	jun	2	3
技术难度	jund	2	4
就是那个	jung	2	4
几十年后	junh	2	4
几十年间	junj	2	4
鉴赏能力	junl	2	4
就是那么	junm	1	4
几十年前	junq	1	4
九十年前	junq	2	4
几十年如一日	junr	1	4
技术能手	junu	1	4
就是那些	junx	1	4
假声男高音	juny	1	4
接生婆	jup	1	3
警示牌	jup	2	3
精神赔偿	jupi	2	4
金属疲劳	jupl	1	4
技术配套	jupt	1	4
计数排序	jupx	2	4
监视器	juq	2	3
计时器	juq	3	3
接收器	juq	4	3
解释权	juq	5	3
净水器	juq	6	3
计数器	juq	7	3
加湿器	juq	8	3
见识浅薄	juqb	1	4
健身器材	juqc	1	4
经世奇才	juqc	2	4
旧石器时代	juqd	1	4
健身气功	juqg	1	4
解释清楚	juqi	3	4
决胜千里之外	juqw	1	4
介绍人	jur	2	3
经手人	jur	3	3
净收入	jur	4	3
久石让	jur	5	3
江山如故	jurg	1	4
江山如此多娇	jurj	2	4
精神日本人	jurr	1	4
接受任务	jurw	3	4
九十岁	jus	2	3
加时赛	jus	3	3
金山寺	jus	4	3
金属丝	jus	5	3
介绍所	jus	6	3
精神损失费	jusf	1	4
军事素质	jusv	2	4
精神头	jut	2	3
救生艇	jut	3	3
积水潭	jut	4	3
捡尸体	jut	5	3
金圣叹	jut	6	3
君士坦丁堡	jutb	1	4
绝世天才	jutc	1	4
绝世唐门	jutm	1	4
技术突破	jutp	1	4
键鼠套装	jutv	1	4
即时通讯	jutx	2	4
接收天线	jutx	3	4
举手投降	jutx	4	4
击杀特效	jutx	5	4
即使是	juu	2	3
就是说	juu	3	3
极少数	juu	4	3
驾驶室	juu	5	3
精神上	juu	6	3
技术上	juu	7	3
举双手双脚支持	juui	9	4
节省时间	juuj	2	4
江山社稷	juuj	3	4
精神胜利	juul	2	4
解释说明	juum	1	4
剪水双瞳	juut	1	4
精神实质	juuv	1	4
技术受限	juux	1	4
建设事业	juuy	1	4
就是说呀	juuy	2	4
救世主	juv	2	3
就是指	juv	3	3
驾驶证	juv	4	3
金手指	juv	5	3
借书证	juv	6	3
结束战斗	juvd	4	4
坚守阵地	juvd	5	4
精神振奋	juvf	2	4
就是直接	juvj	1	4
技术专家	juvj	2	4
接受治疗	juvl	2	4
就是这么	juvm	2	4
九十周年	juvn	1	4
具身智能	juvn	2	4
积善之家，必有余庆	juvq	1	4
即使只是	juvu	3	4
就是这些	juvx	1	4
几十万	juw	2	3
晋升为	juw	3	3
居首位	juw	4	3
爵士舞	juw	5	3
绝世武功	juwg	1	4
绝杀无解	juwj	1	4
接收文件	juwj	2	4
就是为了	juwl	1	4
技术问题	juwt	1	4
绝世王者	juwv	1	4
纪实文学	juwx	1	4
介绍信	jux	2	3
技术性	jux	3	3
建设性	jux	4	3
及时性	jux	5	3
精神小伙	juxh	3	4
技术先进	juxj	1	4
精神小妹	juxm	3	4
净水系统	juxt	3	4
接受现实	juxu	2	4
谨慎行事	juxu	3	4
技术性调整	juxv	2	4
就是现在	juxz	1	4
技术协作	juxz	2	4
精神续作	juxz	3	4
驾驶员	juy	2	3
几十亿	juy	3	3
技术员	juy	4	3
解说员	juy	5	3
紧身衣	juy	6	3
家属院	juy	7	3
近视眼	juy	8	3
结束语	juy	9	3
爵士乐	juy	10	3
就是一个	juyg	2	4
精神压力	juyl	1	4
既生瑜何生亮	juyl	2	4
技术移民	juym	1	4
见上一面	juym	2	4
计生用品	juyp	1	4
精神药品	juyp	2	4
决胜因素	juys	1	4
即时演算	juys	2	4
江山一统	juyt	2	4
金山银山	juyu	4	4
就是一种	juyv	1	4
精神一震	juyv	2	4
军事援助	juyv	3	4
就是以为	juyw	3	4
解释一下	juyx	2	4
加深印象	juyx	3	4
仅适用于	juyy	2	4
江山易改本性难移	juyy	3	4
江山易改，本性难移	juyy	4	4
就是在	juz	2	3
及时足额	juze	1	4
教师资格	juzg	2	4
技术总工	juzg	3	4
技术暂停	juzt	2	4
教师资格证	juzv	1	4
节省资源	juzy	1	4
价值	jv	1	2
紧张	jv	2	2
接着	jv	3	2
颈椎病	jvb	1	3
捡装备	jvb	2	3
焦灼不安	jvba	1	4
金主爸爸	jvbb	1	4
静止不动	jvbd	2	4
举止不凡	jvbf	1	4
价值不菲	jvbf	2	4
接踵比肩	jvbj	1	4
急诊病人	jvbr	1	4
简直不要太	jvbt	1	4
脚正不怕鞋歪	jvbw	1	4
简直不敢相信	jvbx	1	4
角质层	jvc	1	3
绛珠草	jvc	2	3
记者采访	jvcf	1	4
紧张刺激	jvcj	1	4
精准踩雷	jvcl	2	4
禁止参赛	jvcs	1	4
纠正错误	jvcw	1	4
脊柱侧弯	jvcw	2	4
绝知此事要躬行	jvcx	1	4
就知道	jvd	1	3
讲真的	jvd	2	3
集中到	jvd	3	3
居住地	jvd	4	3
截止到	jvd	5	3
建筑队	jvd	6	3
尽职调查	jvdi	1	4
九转大肠	jvdi	2	4
就知道了	jvdl	1	4
就职典礼	jvdl	2	4
居中对齐	jvdq	1	4
截至当日	jvdr	1	4
举证倒置	jvdv	1	4
兼职打字	jvdz	1	4
较真儿	jve	1	3
金正恩	jve	2	3
鸡争鹅斗	jved	1	4
精制而成	jvei	1	4
赍志而没	jvem	1	4
军政府	jvf	1	3
驾照分	jvf	2	3
建筑风格	jvfg	1	4
精准扶贫	jvfp	1	4
近战法师	jvfu	1	4
记账方式	jvfu	2	4
九州风神	jvfu	3	4
家政服务	jvfw	1	4
集中反映	jvfy	1	4
价值观	jvg	1	3
脊椎骨	jvg	2	3
教职工	jvg	3	3
金针菇	jvg	4	3
九寨沟	jvg	5	3
交战国	jvg	6	3
旧中国	jvg	7	3
就这个吧	jvgb	1	4
建筑工程	jvgi	1	4
集中供暖	jvgn	2	4
机智过人	jvgr	1	4
建筑工人	jvgr	2	4
建筑工业	jvgy	1	4
江浙沪	jvh	1	3
记者会	jvh	2	3
镜中花	jvh	3	3
金盏花	jvh	4	3
九转还魂丹	jvhd	1	4
九转还魂	jvhh	1	4
九转回肠	jvhi	1	4
居住环境	jvhj	1	4
进展缓慢	jvhm	1	4
绝症患者	jvhv	1	4
江浙沪皖	jvhw	1	4
镜中花水中月	jvhy	1	4
价值尺度	jvid	1	4
假正经	jvj	1	3
剪指甲	jvj	2	3
脚趾甲	jvj	3	3
奖助金	jvj	4	3
九转金丹	jvjd	1	4
就这几个	jvjg	2	4
集中精力	jvjl	2	4
尽忠竭力	jvjl	3	4
紧张局面	jvjm	1	4
矩阵键盘	jvjp	1	4
机制健全	jvjq	1	4
集中精神	jvju	1	4
九蒸九晒	jvju	2	4
简直就像	jvjx	1	4
禁止交易	jvjy	1	4
基础教育	jvjy	2	4
急诊科	jvk	1	3
进站口	jvk	2	3
脚趾扣地	jvkd	1	4
记住了	jvl	1	3
竞争力	jvl	2	3
简直了	jvl	3	3
浸猪笼	jvl	4	3
加州理工	jvlg	1	4
加州旅馆	jvlg	2	4
价值理念	jvln	1	4
见证历史	jvlu	1	4
集中力量办大事	jvlu	2	4
君主立宪制	jvlv	2	4
酒桌礼仪	jvly	1	4
甲种粒子	jvlz	1	4
就这么	jvm	1	3
就这么办	jvmb	1	4
就这么简单	jvmd	1	4
居住面积	jvmj	2	4
截至目前	jvmq	1	4
紧皱眉头	jvmt	1	4
就这么说	jvmu	1	4
就这么做	jvmz	1	4
就只能	jvn	1	3
急诊内科	jvnk	1	4
记住你了	jvnl	2	4
精致女生	jvnu	2	4
价值评估	jvpg	1	4
建筑群	jvq	1	3
居住区	jvq	2	3
举止轻浮	jvqf	1	4
见证奇迹	jvqj	2	4
截至去年	jvqn	1	4
见证人	jvr	1	3
截止日	jvr	2	3
剧中人	jvr	3	3
金正日	jvr	4	3
禁止入内	jvrn	1	4
健壮如牛	jvrn	2	4
截止日期	jvrq	2	4
机智如我	jvrw	1	4
酒壮怂人胆	jvsd	1	4
九洲四海	jvsh	1	4
脚趾头	jvt	1	3
晶状体	jvt	2	3
夹竹桃	jvt	3	3
居住条件	jvtj	1	4
急支糖浆	jvtj	2	4
集中讨论	jvtl	2	4
居中调停	jvtt	1	4
记者提问	jvtw	1	4
集中体现	jvtx	2	4
价值体系	jvtx	3	4
举止投足	jvtz	1	4
简直是	jvu	1	3
就只是	jvu	2	3
接着说	jvu	3	3
急诊室	jvu	4	3
建筑师	jvu	5	3
竞争手段	jvud	1	4
接着说道	jvud	2	4
交战双方	jvuf	1	4
建筑施工	jvug	1	4
竞争上岗	jvug	2	4
建筑设计	jvuj	1	4
截止时间	jvuj	2	4
进展顺利	jvul	1	4
简直是一种	jvuv	2	4
节制生育	jvuy	1	4
建筑式样	jvuy	2	4
截止至	jvv	1	3
金钟罩	jvv	2	3
居住证	jvv	3	3
救助站	jvv	4	3
脚趾抓地	jvvd	1	4
近朱者赤，近墨者黑	jvvh	1	4
激战正酣	jvvh	2	4
进制转换	jvvh	3	4
集中注意力	jvvl	1	4
金钟罩铁布衫	jvvu	2	4
建筑物	jvw	1	3
急转弯	jvw	2	3
夹着尾巴	jvwb	1	4
贱者无敌	jvwd	1	4
夹着尾巴做人	jvwr	1	4
接着往下	jvwx	1	4
就这些	jvx	1	3
尽整些	jvx	2	3
集装箱	jvx	3	3
甲状腺	jvx	4	3
竞争性	jvx	5	3
居住小区	jvxq	1	4
甲状腺激素	jvxs	2	4
甲状腺功能减退	jvxt	1	4
建筑形式	jvxu	1	4
街知巷闻	jvxw	2	4
就这样	jvy	1	3
借助于	jvy	2	3
集中营	jvy	3	3
肩周炎	jvy	4	3
教职员	jvy	5	3
脊柱炎	jvy	6	3
就这样吧	jvyb	1	4
仅止于此	jvyc	1	4
江浙一带	jvyd	1	4
就这样的	jvyd	2	4
见者有分	jvyf	2	4
就这一个	jvyg	2	4
夹着眼睛	jvyj	1	4
就这样了	jvyl	1	4
聚众淫乱	jvyl	2	4
机智幽默	jvym	1	4
剪纸艺术	jvyu	2	4
京中有善口技者	jvyv	1	4
紧张有序	jvyx	1	4
精准营销	jvyx	2	4
就知有没有	jvyy	2	4
就这样子	jvyz	1	4
今朝有酒今朝醉	jvyz	2	4
集中在	jvz	1	3
居住在	jvz	2	3
噘着嘴	jvz	3	3
鸡爪子	jvz	4	3
酱肘子	jvz	5	3
句斟字酌	jvzv	1	4
接着奏乐接着舞	jvzw	1	4
接着奏乐，接着舞	jvzw	2	4
极为	jw	1	2
今晚	jw	2	2
巨无霸	jwb	1	3
久闻不知其臭	jwbi	1	4
极为不利	jwbl	1	4
极为不满	jwbm	1	4
较为薄弱	jwbr	1	4
既往病史	jwbu	1	4
据我猜测	jwcc	1	4
举枉措直	jwcv	1	4
据我猜想	jwcx	1	4
绝无此意	jwcy	1	4
警卫队	jwd	1	3
经纬度	jwd	2	3
较稳定	jwd	3	3
据外电报道	jwdd	1	4
据我的看法	jwdf	1	4
降维打击	jwdj	1	4
几无敌手	jwdu	1	4
净网大师	jwdu	2	4
惊闻噩耗	jweh	1	4
极为恶劣	jwel	1	4
极为方便	jwfb	1	4
极为发达	jwfd	1	4
较为丰富	jwff	1	4
极为反感	jwfg	1	4
极为愤怒	jwfn	1	4
紧握扶手	jwfu	1	4
几万个	jwg	1	3
极为尴尬	jwgg	1	4
居委会	jwh	1	3
家务活	jwh	2	3
结完婚	jwh	3	3
酒文化	jwh	4	3
极为罕见	jwhj	1	4
加为好友	jwhy	1	4
加我好友	jwhy	2	4
教务处	jwi	1	3
金无赤金	jwij	1	4
极为出色	jwis	1	4
教无常师	jwiu	1	4
家无长物	jwiw	1	4
禁卫军	jwj	1	3
鸡尾酒	jwj	2	3
境外机构	jwjg	1	4
极为艰苦	jwjk	1	4
极为惊人	jwjr	1	4
教务科	jwk	1	3
极为恐怖	jwkb	1	4
巨物恐惧	jwkj	1	4
结为伉俪	jwkl	2	4
绝无可能	jwkn	1	4
极为可怕	jwkp	1	4
巨物恐惧症	jwkv	1	4
就为了	jwl	1	3
见闻录	jwl	2	3
肌无力	jwl	3	3
据我了解	jwlj	1	4
皆为利来	jwll	1	4
就我来说	jwlu	1	4
皆为利往	jwlw	1	4
境外旅游	jwly	1	4
戒为良药	jwly	2	4
就我们	jwm	1	3
叫外卖	jwm	2	3
讲文明	jwm	3	3
精武门	jwm	4	3
极为敏感	jwmg	1	4
境外媒体	jwmt	1	4
极为满意	jwmy	1	4
几万年	jwn	1	3
就问你	jwn	2	3
较往年	jwn	3	3
极为难看	jwnk	1	4
就问你怕不怕	jwnp	1	4
就问你气不气	jwnq	1	4
家无宁日	jwnr	1	4
极为普通	jwpt	1	4
极为强大	jwqd	1	4
经外奇穴	jwqx	1	4
局外人	jwr	1	3
极为热情	jwrq	1	4
极为认真	jwrv	1	4
警务人员	jwry	1	4
计无所出	jwsi	1	4
见闻色霸气	jwsq	1	4
见物思人	jwsr	1	4
计无所施	jwsu	1	4
就我所知	jwsv	2	4
劲舞团	jwt	1	3
键位图	jwt	2	3
极为痛苦	jwtk	1	4
极为挑剔	jwtt	1	4
境外投资	jwtz	1	4
家务事	jwu	1	3
讲卫生	jwu	2	3
几位数	jwu	3	3
九位数	jwu	4	3
既往史	jwu	5	3
纪委书记	jwuj	1	4
境外水军	jwuj	2	4
境外势力	jwul	1	4
就完事了	jwul	2	4
较为深入	jwur	1	4
健忘症	jwv	1	3
局外之人	jwvr	1	4
敬畏之心	jwvx	1	4
吉娃娃	jww	1	3
加微信	jwx	1	3
基围虾	jwx	2	3
经纬线	jwx	3	3
净网行动	jwxd	1	4
极为先进	jwxj	1	4
进网许可	jwxk	1	4
健胃消食片	jwxp	1	4
健胃消食	jwxu	1	4
君无戏言	jwxy	1	4
警卫员	jwy	1	3
几万元	jwy	2	3
俱往矣	jwy	3	3
绝味鸭脖	jwyb	1	4
举无遗策	jwyc	1	4
较为有利	jwyl	1	4
竟无一人	jwyr	1	4
劲往一处使	jwyu	1	4
境外资本	jwzb	1	4
进行	jx	2	2
继续	jx	3	2
精心安排	jxap	1	4
敬贤爱士	jxau	1	4
机械表	jxb	2	3
急性病	jxb	3	3
接线板	jxb	4	3
记性不错	jxbc	2	4
进行比对	jxbd	1	4
惊喜不断	jxbd	2	4
夹心饼干	jxbg	2	4
记性不好	jxbh	2	4
精心编排	jxbp	1	4
酒香不怕巷子深	jxbu	1	4
即兴表演	jxby	3	4
卷心菜	jxc	1	3
蒹霞苍苍	jxcc	1	4
教学参考	jxck	1	4
假想敌	jxd	1	3
近现代	jxd	2	3
集训队	jxd	3	3
解析度	jxd	4	3
教学大楼	jxdl	1	4
精心打造	jxdz	1	4
继续恶化	jxeh	1	4
急先锋	jxf	2	3
交学费	jxf	3	3
机械风暴	jxfb	1	4
继续奋斗	jxfd	1	4
即兴发挥	jxfh	4	4
键线分离	jxfl	1	4
进行分配	jxfp	2	4
极限翻盘	jxfp	3	4
机械飞升	jxfu	2	4
继续发展	jxfv	2	4
叫醒服务	jxfw	3	4
进行分析	jxfx	1	4
继续发扬	jxfy	1	4
急性发作	jxfz	1	4
聚贤阁	jxg	2	3
旧习惯	jxg	3	3
机械革命	jxgm	1	4
机械化	jxh	2	3
记性好	jxh	3	3
家乡话	jxh	4	3
接线盒	jxh	5	3
举行会谈	jxht	1	4
加下好友	jxhy	2	4
居心何在	jxhz	2	4
机械厂	jxi	2	3
精心筹备	jxib	1	4
捡现成的	jxid	2	4
教学成果	jxig	2	4
竞选成功	jxig	3	4
军训成果	jxig	4	4
奖学金	jxj	1	3
金像奖	jxj	2	3
绞刑架	jxj	3	3
精选集	jxj	4	3
教学进度	jxjd	1	4
教学计划	jxjh	2	4
机械键盘	jxjp	4	4
机械降神	jxju	6	4
渐行渐远	jxjy	2	4
见效快	jxk	2	3
军械库	jxk	3	3
接下来	jxl	1	3
教学楼	jxl	2	3
静下来	jxl	3	3
金项链	jxl	4	3
纪晓岚	jxl	5	3
接下来的	jxld	1	4
极限拉扯	jxli	4	4
积蓄力量	jxll	3	4
脚下留情	jxlq	2	4
敬贤礼士	jxlu	1	4
教学论文	jxlw	2	4
结下了梁子	jxlz	1	4
结下梁子	jxlz	2	4
见效慢	jxm	2	3
机械瞄准	jxmv	1	4
近些年	jxn	2	3
觉醒年代	jxnd	1	4
教学难点	jxnd	2	4
锦绣年华	jxnh	1	4
继续努力	jxnl	2	4
鲸吸牛饮	jxny	1	4
急需品	jxp	2	3
精选评论	jxpl	1	4
尽显疲态	jxpt	1	4
精心培养	jxpy	1	4
接下去	jxq	1	3
阶下囚	jxq	2	3
交响曲	jxq	3	3
进行曲	jxq	4	3
见习期	jxq	5	3
集线器	jxq	6	3
竭心全力	jxql	2	4
继续前行	jxqx	1	4
寄信人	jxr	2	3
觉醒人士	jxru	4	4
检修人员	jxry	2	4
教学人员	jxry	3	4
吉祥三宝	jxsb	1	4
夹心糖	jxt	2	3
见下图	jxt	3	3
觉醒天赋	jxtf	1	4
继续推进	jxtj	1	4
极限偷家	jxtj	2	4
进行投票	jxtp	2	4
界限突破	jxtp	3	4
教学特色	jxts	1	4
极限逃生	jxtu	2	4
尽显颓势	jxtu	3	4
极限挑战	jxtv	3	4
进行调整	jxtv	4	4
津血同源	jxty	1	4
就像是	jxu	1	3
几小时	jxu	2	3
经销商	jxu	3	3
江西省	jxu	4	3
机械手表	jxub	2	4
降下神罚	jxuf	2	4
觉醒时刻	jxuk	2	4
今夕是何年	jxun	1	4
教学水平	jxup	1	4
教学视频	jxup	2	4
继续深造	jxuz	3	4
继续着	jxv	2	3
降血脂	jxv	3	3
机械轴	jxv	4	3
接线柱	jxv	5	3
精心准备	jxvb	1	4
简谐振动	jxvd	2	4
纪湘战四郎	jxvl	4	4
觉醒之战	jxvv	1	4
吉祥物	jxw	2	3
寄希望	jxw	3	3
救心丸	jxw	4	3
家乡味	jxw	5	3
惊险无比	jxwb	2	4
继续完成	jxwi	1	4
继续维持	jxwi	2	4
降下帷幕	jxwm	1	4
锦绣文章	jxwv	1	4
碱性物质	jxwv	2	4
寄希望在	jxwz	1	4
局限性	jxx	2	3
假惺惺	jxx	3	3
静下心	jxx	4	3
间歇性	jxx	5	3
静下心来	jxxl	4	4
侥幸心理	jxxl	5	4
继续下去	jxxq	2	4
积习相沿	jxxy	2	4
稷下学院	jxxy	3	4
就需要	jxy	2	3
仅限于	jxy	3	3
局限于	jxy	4	3
交响乐	jxy	5	3
接线员	jxy	6	3
讲信用	jxy	7	3
九选一	jxy	8	3
机械运动	jxyd	1	4
极限运动	jxyd	2	4
简谐运动	jxyd	3	4
就像一个	jxyg	1	4
机械原理	jxyl	1	4
机械硬盘	jxyp	2	4
教学要求	jxyq	1	4
尽显英雄本色	jxys	2	4
极限一换一	jxyy	2	4
急性咽炎	jxyy	3	4
就现在	jxz	2	3
局限在	jxz	3	3
急性子	jxz	4	3
假小子	jxz	5	3
甲硝唑	jxz	6	3
节选自	jxz	7	3
巨蟹座	jxz	8	3
经验	jy	2	2
建议	jy	3	2
决议案	jya	2	3
建议案	jya	3	3
进一步	jyb	2	3
近一半	jyb	3	3
甲乙丙	jyb	4	3
金元宝	jyb	5	3
教育部	jyb	6	3
九一八	jyb	7	3
教育版	jyb	8	3
九一八事变	jybb	1	4
检验报告	jybg	1	4
进一步提高	jybg	2	4
借一步说话	jybh	1	4
进一步加强	jybq	2	4
迥异不同	jybt	1	4
九阴白骨爪	jybv	1	4
就业报到证	jybv	2	4
经验不足	jybz	2	4
鉴于此	jyc	2	3
近义词	jyc	3	3
据预测	jyc	4	3
集邮册	jyc	5	3
精于此道	jycd	2	4
经营策略	jycl	2	4
记忆错乱	jycl	3	4
竟有此事	jycu	1	4
就一定	jyd	1	3
救援队	jyd	2	3
金腰带	jyd	3	3
积阴德	jyd	4	3
解疑答惑	jydh	1	4
就一定会	jydh	2	4
极有道理	jydl	1	4
就一定能	jydn	1	4
家用电脑	jydn	2	4
加油打气	jydq	2	4
教育电视台	jydt	1	4
经营单位	jydw	1	4
鸡鸭鹅	jye	1	3
交易额	jye	2	3
饥鹰饿虎	jyeh	1	4
家有儿女	jyen	1	4
几月份	jyf	2	3
九月份	jyf	3	3
敬业福	jyf	4	3
举一废百	jyfb	1	4
均匀分布	jyfb	2	4
瘠义肥辞	jyfc	1	4
交易份额	jyfe	1	4
简约风格	jyfg	1	4
军用飞机	jyfj	1	4
降妖伏魔	jyfm	1	4
假一罚十	jyfu	2	4
经营风险	jyfx	1	4
加以分析	jyfx	2	4
假药贩子	jyfz	1	4
就应该	jyg	2	3
挤牙膏	jyg	3	3
景阳冈	jyg	4	3
记忆宫殿	jygd	2	4
霁月光风	jygf	1	4
技艺高超	jygi	2	4
加以改进	jygj	1	4
据有关人士透露	jygl	2	4
经营规模	jygm	1	4
具有国际先进水平	jygp	1	4
加以改正	jygv	2	4
就业岗位	jygw	1	4
举一个例子	jygz	2	4
交易会	jyh	1	3
金银花	jyh	2	3
记忆恢复	jyhf	2	4
就业环境	jyhj	1	4
经营合同	jyht	1	4
就业合同	jyht	2	4
基岩后台	jyht	3	4
金钥匙	jyi	2	3
卷烟厂	jyi	3	3
经营成本	jyib	1	4
积忧成疾	jyij	1	4
京爷冲击	jyij	2	4
迥异常人	jyir	1	4
聚一聚	jyj	1	3
静一静	jyj	2	3
教育局	jyj	3	3
金鹰奖	jyj	4	3
精英阶层	jyjc	1	4
基因检测	jyjc	2	4
家有家规	jyjg	1	4
教育机构	jyjg	2	4
教育计划	jyjh	2	4
经验加成	jyji	5	4
交易记录	jyjl	2	4
经验积累	jyjl	3	4
节约金钱	jyjq	1	4
交易截图	jyjt	1	4
记忆金属	jyju	3	4
加以纠正	jyjv	2	4
经营教育	jyjy	2	4
加油卡	jyk	2	3
基因库	jyk	3	3
精油开背	jykb	2	4
家用空调	jykd	1	4
娇艳可人	jykr	1	4
节约开支	jykv	1	4
教育考试院	jyky	1	4
记忆力	jyl	2	3
节约了	jyl	3	3
交易量	jyl	4	3
降雨量	jyl	5	3
就业率	jyl	6	3
将遇良才	jylc	2	4
经营理念	jyln	1	4
记忆力率退	jylt	1	4
记忆力衰退	jylt	2	4
节约粮食	jylu	1	4
加以利用	jyly	3	4
见一面	jym	1	3
剪羊毛	jym	2	3
剑与魔法	jymf	2	4
椒盐蘑菇	jymg	1	4
记忆模糊	jymh	1	4
经营模式	jymu	1	4
静音模式	jymu	2	4
近一年	jyn	1	3
就依你	jyn	2	3
就依你的	jynd	1	4
记忆能力	jynl	2	4
军用品	jyp	2	3
假一赔百	jypb	2	4
假一赔三	jypo	1	4
假一赔三	jyps	1	4
假一赔十	jypu	1	4
加以培养	jypy	1	4
急用钱	jyq	2	3
经营权	jyq	3	3
加以区别	jyqb	1	4
尽一切努力	jyql	1	4
交易日	jyr	2	3
解压软件	jyrj	1	4
就业人口	jyrk	1	4
交易日期	jyrq	2	4
锦衣肉食	jyru	1	4
精英人士	jyru	2	4
交易所	jys	2	3
静夜思	jys	3	3
解压缩	jys	4	3
$ddcmd(　　　静夜思·李白\r\r床前明月光，疑是地上霜。\r举头望明月，低头思故乡。\r,『静夜思·李白』)	jysi	2	4
精于算计	jysj	1	4
记忆碎片	jysp	2	4
九又四分之三站台	jyst	1	4
金银铜	jyt	1	3
绝缘体	jyt	2	3
基因突变	jytb	2	4
精油推背	jytb	3	4
禁言套餐	jytc	2	4
加以提高	jytg	1	4
金银铜铁	jytt	2	4
教育体系	jytx	1	4
集英社	jyu	1	3
揭阳市	jyu	2	3
建议书	jyu	3	3
经营商	jyu	4	3
教育失败	jyub	1	4
节约时间	jyuj	1	4
记忆深刻	jyuk	1	4
简要说明	jyum	1	4
加以使用	jyuy	2	4
记忆中	jyv	2	3
加油站	jyv	3	3
简言之	jyv	4	3
皆有之	jyv	5	3
监狱长	jyv	6	3
结业证	jyv	7	3
检疫站	jyv	8	3
金银珠宝	jyvb	1	4
经营之道	jyvd	1	4
降央卓玛	jyvm	1	4
加油助威	jyvw	2	4
将有助于	jyvy	2	4
就因为	jyw	1	3
就以为	jyw	2	3
竟以为	jyw	3	3
局域网	jyw	4	3
尽义务	jyw	5	3
锦衣卫	jyw	6	3
教育网	jyw	7	3
就依我的	jywd	1	4
静音微动	jywd	2	4
解压文件	jywj	1	4
机要文件	jywj	2	4
今夜无眠	jywm	1	4
就意味着	jywv	1	4
激扬文字	jywz	1	4
军用物资	jywz	2	4
救援物资	jywz	3	4
加一下	jyx	2	3
聚乙烯	jyx	3	3
精英小队	jyxd	1	4
加以修改	jyxg	1	4
记忆消除	jyxi	1	4
九曜星君	jyxj	2	4
经营许可	jyxk	1	4
加一下你	jyxn	2	4
金银细软	jyxr	1	4
加以限制	jyxv	1	4
寄予希望	jyxw	2	4
竞业协议	jyxy	2	4
交易员	jyy	2	3
降压药	jyy	3	3
舅爷爷	jyy	4	3
检验员	jyy	5	3
静幽幽	jyy	6	3
经营有方	jyyf	1	4
就有一个	jyyg	2	4
给予迎头痛击	jyyj	2	4
节约用纸	jyyv	1	4
剑与远征	jyyv	2	4
锦衣夜行	jyyx	3	4
教育意义	jyyy	2	4
既要又要	jyyy	3	4
脚丫子	jyz	1	3
基因组	jyz	2	3
经验做法	jyzf	1	4
几欲作呕	jyzo	1	4
节约资源	jyzy	1	4
教育资源	jyzy	2	4
就在	jz	1	2
节奏	jz	2	2
酱紫啊	jza	1	3
君子爱财	jzac	1	4
君子爱财，取之有道	jzad	1	4
酒糟鼻	jzb	1	3
尖子班	jzb	2	3
极坐标	jzb	3	3
焦躁不安	jzba	1	4
君子不夺人所好	jzbh	1	4
剪子包袱锤	jzbi	2	4
君子报仇	jzbq	2	4
尽在不言中	jzbv	1	4
君子报仇，十年不晚	jzbw	1	4
极坐标系	jzbx	1	4
君子不立危墙之下	jzbx	2	4
就在此刻	jzck	1	4
就在此时	jzcu	1	4
尽最大努力	jzdl	1	4
节奏大师	jzdu	1	4
君子动口不动手	jzdu	2	4
君子风度	jzfd	1	4
及早发现	jzfx	1	4
就足够	jzg	1	3
节奏感	jzg	2	3
架子鼓	jzg	3	3
就在刚才	jzgc	1	4
就在刚刚	jzgg	1	4
局座高见	jzgj	1	4
就足够了	jzgl	1	4
京藏公路	jzgl	2	4
净资产	jzi	1	3
君子成人之美	jzim	1	4
谨遵教诲	jzjh	1	4
尽自己所能	jzjn	1	4
救灾救难	jzjn	2	4
精子库	jzk	1	3
就走了	jzl	1	3
镜子里	jzl	2	3
君子兰	jzl	3	3
尖嘴利舌	jzlu	1	4
君子论迹不论心	jzlx	1	4
就怎么	jzm	1	3
江泽民	jzm	2	3
橘子皮	jzp	1	3
君子翩翩	jzpp	1	4
间奏曲	jzq	1	3
橘子汽水	jzqu	1	4
就在其中	jzqv	2	4
家族企业	jzqy	1	4
捐赠人	jzr	1	3
尽责任	jzr	2	3
见字如面	jzrm	1	4
剧组人员	jzry	2	4
绛紫色	jzs	1	3
金字塔	jzt	1	3
君子坦荡荡	jztd	1	4
尖子生	jzu	1	3
家族史	jzu	2	3
加载失败	jzub	1	4
急则生变	jzub	2	4
就在身边	jzub	3	4
君子慎独	jzud	1	4
君子世无双	jzuu	1	4
橘子汁	jzv	1	3
就在这个时候	jzvh	1	4
假作真时真亦假	jzvj	2	4
就在这里	jzvl	1	4
就在这时	jzvu	1	4
君子之交淡如水	jzvu	2	4
教子无方	jzwf	1	4
节奏性	jzx	1	3
箭在弦上，不得不发	jzxf	1	4
箭在弦上不得不发	jzxf	2	4
记在心里	jzxl	1	4
急在心里	jzxl	2	4
酒醉心明	jzxm	1	4
记在心上	jzxu	2	4
记在心中	jzxv	1	4
就在于	jzy	1	3
就足以	jzy	2	3
姜子牙	jzy	3	3
交作业	jzy	4	3
就在于此	jzyc	1	4
家族遗传	jzyi	1	4
君子远庖厨	jzyi	2	4
就在眼前	jzyq	2	4
聚在一起	jzyq	3	4
挤作一团	jzyt	1	4
君子一言，驷马难追	jzyv	1	4
君子一言驷马难追	jzyv	2	4
君子以厚德载物	jzyw	1	4
君子以自强不息	jzyx	1	4
可爱	ka	2	2
可爱多	kad	1	3
可爱单推	kadt	1	4
可爱超了	kail	1	4
可爱捏	kan	1	3
可爱香草	kaxc	1	4
可爱想操	kaxc	2	4
可爱想日	kaxr	1	4
恐怖	kb	1	2
空白	kb	2	2
看不到	kbd	1	3
看不懂	kbd	2	3
看不得	kbd	3	3
空包弹	kbd	4	3
抗病毒	kbd	5	3
看不到了	kbdl	1	4
开辟道路	kbdl	2	4
阔别多年	kbdn	1	4
可悲的是	kbdu	1	4
空白对照	kbdv	1	4
口不对心	kbdx	1	4
恐怖电影	kbdy	1	4
靠边儿站	kbev	1	4
可不敢	kbg	1	3
看不惯	kbg	2	3
可不管	kbg	3	3
看不过	kbg	4	3
考不过	kbg	5	3
恐怖谷	kbg	6	3
看不过来	kbgl	1	4
看不过去	kbgq	1	4
阔步高谈	kbgt	1	4
恐怖故事	kbgu	1	4
可不敢乱说	kbgu	2	4
可别怪我	kbgw	1	4
恐怖谷效应	kbgy	1	4
狂暴鸿儒	kbhr	1	4
看不出	kbi	1	3
空白处	kbi	2	3
看不出来	kbil	1	4
看不见	kbj	1	3
看不见的	kbjd	1	4
可不就是	kbju	1	4
看不见摸不着	kbjv	1	4
看不见，摸不着	kbjv	2	4
看不见我	kbjw	1	4
肯不肯	kbk	1	3
看不看	kbk	2	3
开不开	kbk	3	3
快不快	kbk	4	3
苦不苦	kbk	5	3
快不快乐	kbkl	1	4
考不考虑	kbkl	2	4
困不困难	kbkn	2	4
靠不靠谱	kbkp	1	4
开不开心	kbkx	1	4
酷毙了	kbl	1	3
开不了口	kblk	1	4
可避免	kbm	1	3
跨部门	kbm	2	3
可表明	kbm	3	3
看不明白	kbmb	1	4
可不能	kbn	1	3
可把你	kbn	2	3
看把你乐的	kbnd	1	4
可把你牛逼坏了	kbnl	1	4
恐怖片	kbp	1	3
可不便宜	kbpy	1	4
看不起	kbq	1	3
看不清	kbq	2	3
看不清楚	kbqi	1	4
看不起我	kbqw	1	4
靠别人	kbr	1	3
恐怖如斯	kbrs	1	4
可不认为	kbrw	1	4
看不透	kbt	1	3
开白条	kbt	2	3
捆绑套餐	kbtc	1	4
看不太懂	kbtd	1	4
可不太好	kbth	1	4
看不太清楚	kbti	1	4
靠边停车	kbti	2	4
口碑太差	kbti	3	4
看不太清	kbtq	1	4
可不是	kbu	1	3
看不上	kbu	2	3
考不上	kbu	3	3
可不是吗	kbum	1	4
看不上你	kbun	1	4
快步上前	kbuq	1	4
扛不住	kbv	1	3
靠不住	kbv	2	3
靠边站	kbv	3	3
可不知道	kbvd	1	4
可悲之处	kbvi	1	4
恐怖之处	kbvi	2	4
扛不住了	kbvl	1	4
快别这么说	kbvu	1	4
恐怖主义者	kbvv	1	4
恐怖直立猿	kbvy	2	4
可比性	kbx	1	3
口碑下滑	kbxh	1	4
快不行了	kbxl	1	4
看不下去了	kbxl	2	4
看不下去	kbxq	1	4
抗败血素	kbxs	1	4
恐怖小说	kbxu	1	4
捆绑销售	kbxu	2	4
可不要	kby	1	3
可不一定	kbyd	1	4
可别怨我们	kbym	1	4
空不异色	kbys	1	4
可别怨我	kbyw	1	4
刻板印象	kbyx	2	4
恐怖游戏	kbyx	3	4
扛把子	kbz	1	3
哭鼻子	kbz	2	3
可变资本	kbzb	1	4
可不咋的	kbzd	2	4
快餐店	kcd	1	3
哭错坟了	kcfl	1	4
库存货物	kchw	1	4
库存充足	kciz	1	4
看错了	kcl	2	3
库存量	kcl	3	3
口灿莲花	kclh	1	4
快餐厅	kct	1	3
可曾知道	kcvd	1	4
可擦写	kcx	1	3
可采用	kcy	1	3
烤瓷牙	kcy	2	3
可操作	kcz	1	3
看到	kd	2	2
肯定	kd	3	2
课代表	kdb	1	3
科代表	kdb	2	3
肯定不够	kdbg	1	4
肯定不会	kdbh	1	4
看都不看	kdbk	1	4
肯定不能	kdbn	2	4
肯定不要	kdby	1	4
看得到	kdd	1	3
空荡荡	kdd	2	3
扩大到	kdd	3	3
看得懂	kdd	4	3
快得多	kdd	5	3
快递单	kdd	6	3
空洞洞	kdd	7	3
空荡荡的	kddd	1	4
快递地址	kddv	1	4
卡顿掉帧	kddv	2	4
快递单子	kddz	1	4
空当儿	kde	1	3
快递费	kdf	1	3
快递分拣	kdfj	2	4
亏大发了	kdfl	1	4
看到过	kdg	1	3
看得惯	kdg	2	3
快递柜	kdg	3	3
扩大规模	kdgm	1	4
扩大共识	kdgu	1	4
肯定会	kdh	1	3
快得很	kdh	2	3
看得出	kdi	1	3
开倒车	kdi	2	3
卡丁车	kdi	3	3
苦丁茶	kdi	4	3
刻度尺	kdi	5	3
扩大出口	kdik	1	4
看得见	kdj	1	3
肯德基	kdj	2	3
客单价	kdj	3	3
肯定就会	kdjh	1	4
口袋精灵	kdjl	3	4
宽带接入	kdjr	2	4
看得见摸得着	kdjv	1	4
肯定就要	kdjy	1	4
看得开	kdk	2	3
开裆裤	kdk	3	3
空对空	kdk	4	3
可丁可卯	kdkm	1	4
肯定可以	kdky	2	4
看到了	kdl	2	3
看多了	kdl	3	3
看到了吧	kdlb	1	4
困顿潦倒	kdld	2	4
宽带连接	kdlj	1	4
科迪勒拉山系	kdlx	1	4
空打雷不下雨	kdly	3	4
肯定没问题	kdmt	1	4
肯定没有问题	kdmt	2	4
肯定没有	kdmy	1	4
开达膜原	kdmy	2	4
肯定能	kdn	1	3
开动脑筋	kdnj	1	4
扩大内需	kdnx	2	4
刻度盘	kdp	1	3
看得起	kdq	1	3
看得清	kdq	2	3
跨地区	kdq	3	3
客大欺店	kdqd	1	4
康定情歌	kdqg	1	4
看得清楚	kdqi	2	4
抗毒素	kds	1	3
可代替	kdt	2	3
看得太重	kdtv	2	4
可代替性	kdtx	1	4
肯定是	kdu	1	3
可都是	kdu	2	3
靠的是	kdu	3	3
看得上	kdu	4	3
看电视	kdu	5	3
侃大山	kdu	6	3
扩大生产	kdui	4	4
扩大市场	kdui	5	4
夸大事实	kduu	2	4
肯定是要	kduy	1	4
扛得住	kdv	1	3
靠得住	kdv	2	3
快刀斩乱麻	kdvm	1	4
堪当重任	kdvr	1	4
扛鼎之作	kdvz	1	4
蝌蚪文	kdw	2	3
宽带网	kdw	3	3
快到碗里来	kdwl	1	4
可读性	kdx	2	3
肯定性	kdx	3	3
抗毒性	kdx	4	3
快递小哥	kdxg	1	4
扩大销售	kdxu	1	4
看电影	kdy	2	3
肯定要	kdy	3	3
快递员	kdy	4	3
坑队友	kdy	5	3
肯定有	kdy	6	3
看得远	kdy	7	3
肯定要比	kdyb	2	4
看到一个	kdyg	1	4
口袋妖怪	kdyg	2	4
肯定有问题	kdyt	1	4
肯定也是	kdyu	1	4
看到一些	kdyx	1	4
扩大影响	kdyx	2	4
看到最后	kdzh	1	4
嗑CP	kecp	1	4
渴而穿井	keij	1	4
开发	kf	2	2
开放	kf	3	2
咖啡杯	kfb	1	3
克服不了	kfbl	1	4
看法不同	kfbt	1	4
口伐笔诛	kfbv	1	4
咖啡店	kfd	1	3
咖啡豆	kfd	2	3
客服代表	kfdb	1	4
开发大脑	kfdn	1	4
开放地区	kfdq	1	4
狂风大作	kfdz	1	4
开发费用	kffy	1	4
咖啡馆	kfg	1	3
开放搞活	kfgh	1	4
开发工具	kfgj	2	4
开发规模	kfgm	1	4
开放购买	kfgm	2	4
空腹高心	kfgx	1	4
口服给药	kfgy	1	4
开发工作	kfgz	1	4
咖啡壶	kfh	2	3
开发环境	kfhj	1	4
狂风呼啸	kfhx	1	4
开发出	kfi	1	3
跨凤乘鸾	kfil	1	4
开房间	kfj	1	3
咖啡机	kfj	2	3
可分解	kfj	3	3
狂风巨浪	kfjl	1	4
跨服交流	kfjl	2	4
开放口岸	kfka	1	4
考风考纪	kfkj	1	4
跨服聊天	kflt	1	4
开发面积	kfmj	1	4
开发票	kfp	1	3
开发平台	kfpt	1	4
开发区	kfq	1	3
克服缺点	kfqd	1	4
开赴前线	kfqx	1	4
客服热线	kfrx	1	4
开发人员	kfry	1	4
客服人员	kfry	2	4
口服溶液	kfry	3	4
咖啡色	kfs	1	3
咖啡厅	kft	1	3
开发商	kfu	2	3
开放式	kfu	3	3
开放世界	kfuj	1	4
砍伐树木	kfum	1	4
开发者	kfv	1	3
可防止	kfv	2	3
康复治疗	kfvl	1	4
开发智力	kfvl	2	4
开发中心	kfvx	1	4
可分为	kfw	1	3
咖啡屋	kfw	2	3
开服玩家	kfwj	1	4
开封王婆	kfwp	1	4
开放性	kfx	1	3
抗风险	kfx	2	3
扣分项	kfx	3	3
开放型	kfx	4	3
康复训练	kfxl	1	4
开发项目	kfxm	1	4
开发协议	kfxy	1	4
康复新液	kfxy	2	4
口服液	kfy	1	3
咖啡因	kfy	2	3
开服元老	kfyl	1	4
口服药物	kfyw	1	4
康复医学	kfyx	1	4
孔夫子	kfz	1	3
开方子	kfz	2	3
开放资本	kfzb	1	4
开发资源	kfzy	1	4
看过	kg	2	2
宽高比	kgb	1	3
客观标准	kgbv	1	4
可供参考	kgck	1	4
可观测宇宙	kgcv	1	4
考古队	kgd	1	3
可耕地	kgd	2	3
开工典礼	kgdl	1	4
可观的收入	kgdr	1	4
看个电影	kgdy	1	4
开关电源	kgdy	2	4
K歌	kge	1	3
控股方	kgf	1	3
考古发掘	kgfj	1	4
客观分析	kgfx	1	4
看个够	kgg	1	3
客观公允	kggy	1	4
口感好	kgh	2	3
开国皇帝	kghd	2	4
客观环境	kghj	1	4
空谷传声	kgiu	1	4
看个锤子	kgiz	1	4
髋关节	kgj	2	3
空格键	kgj	3	3
开关机	kgj	4	3
旷古绝今	kgjj	1	4
看个究竟	kgjj	2	4
口感绝佳	kgjj	3	4
旷古绝伦	kgjl	1	4
开工建设	kgju	1	4
开国际玩笑	kgjx	1	4
考公靠编	kgkb	1	4
看过来	kgl	1	3
看过了	kgl	2	3
苦瓜脸	kgl	3	3
可观利润	kglr	1	4
抗过敏	kgm	1	3
开弓没有回头箭	kgmj	1	4
客观评价	kgpj	1	4
开过去	kgq	1	3
砍瓜切菜	kgqc	1	4
客观全面	kgqm	2	4
旷古奇闻	kgqw	1	4
空谷跫音	kgqy	1	4
抗干扰	kgr	1	3
抗感染	kgr	2	3
开公司	kgs	1	3
啃骨头	kgt	1	3
卡冈图雅	kgty	1	4
客观上	kgu	1	3
客观世界	kguj	2	4
开馆授徒	kgut	1	4
可供使用	kguy	1	4
客观实在	kguz	2	4
恐高症	kgv	1	3
刻骨之恨	kgvh	1	4
可贵之处	kgvi	1	4
抗高温	kgw	1	3
开个玩笑	kgwx	1	4
考公务员	kgwy	2	4
考古学	kgx	1	3
客观性	kgx	2	3
客观许可	kgxk	1	4
开工项目	kgxm	1	4
客观现实	kgxu	1	4
可供选择	kgxz	1	4
客观要求	kgyq	1	4
客观因素	kgys	1	4
开棺验尸	kgyu	1	4
客观允许	kgyx	2	4
酷狗音乐	kgyy	2	4
嗑瓜子	kgz	1	3
跨国资本	kgzb	1	4
开高走低	kgzd	1	4
狂歌醉舞	kgzw	1	4
开会	kh	2	2
困惑不已	khby	1	4
客户端	khd	2	3
可汗大点兵	khdb	2	4
葵花点穴手	khdu	2	4
开怀大孝	khdx	2	4
开户费	khf	2	3
苦哈哈	khh	1	3
开户行	khh	2	3
口号喊得震天响	khhx	1	4
考核成绩	khij	1	4
亢害承制	khiv	1	4
狂欢节	khj	1	3
开花节节高	khjg	2	4
考核奖惩	khji	2	4
夸海口	khk	2	3
哭红了眼睛	khlj	1	4
课后练习	khlx	1	4
看花了眼	khly	1	4
哭红了眼	khly	2	4
开后门	khm	1	3
开户名	khm	2	3
考核内容	khnr	1	4
科幻片	khp	1	3
考核评比	khpb	1	4
考核评定	khpd	1	4
开黄腔	khq	1	3
客户群	khq	2	3
开花期	khq	3	3
开户人	khr	2	3
苦行僧	khs	1	3
课后题	kht	2	3
开会讨论	khtl	1	4
可回收	khu	1	3
考核指标	khvb	1	4
可恨之处	khvi	1	4
跨行转账	khvv	1	4
科幻文学	khwx	1	4
刻画无盐	khwy	1	4
可还行	khx	1	3
空欢喜	khx	2	3
恐吓信	khx	3	3
客户协议	khxy	1	4
看花眼	khy	2	3
狂欢夜	khy	3	3
看孩子	khz	1	3
葵花籽	khz	2	3
看出	ki	1	2
开车	ki	2	2
课程安排	kiap	1	4
开场白	kib	1	3
课程表	kib	2	3
开车不喝酒	kibj	1	4
口齿不清	kibq	1	4
课程标准	kibv	1	4
开场表演	kiby	1	4
口出此言	kicy	1	4
快车道	kid	1	3
可穿戴	kid	2	3
考察队	kid	3	3
考察对象	kidx	1	4
开出发票	kifp	1	4
卡成狗	kig	1	3
考察工作	kigz	1	4
扣除成本	kiib	1	4
开除出党	kiid	1	4
空城计	kij	1	3
空巢家庭	kijt	1	4
开窗口	kik	1	3
堪称楷模	kikm	1	4
看出来	kil	1	3
看穿了	kil	2	3
开创了	kil	3	3
看出来了	kill	2	4
空巢老人	kilr	1	4
哭成泪人	kilr	2	4
口齿留香	kilx	1	4
开除女籍	kinj	1	4
开除男籍	kinj	2	4
看出破绽	kipv	1	4
开车去	kiq	1	3
开出去	kiq	2	3
开车前	kiq	3	3
口齿清晰	kiqx	1	4
客车司机	kisj	1	4
卡车司机	kisj	2	4
快充头	kit	1	3
考察团	kit	2	3
苦差事	kiu	1	3
可承受	kiu	2	3
哭出声	kiu	3	3
课程设计	kiuj	1	4
哭出声来	kiul	1	4
口齿生香	kiux	1	4
堪称完美	kiwm	1	4
口出污言	kiwy	1	4
可持续	kix	1	3
开创性	kix	2	3
开场戏	kix	3	3
可耻下场	kixi	1	4
开除学籍	kixj	1	4
可持续发展	kixv	1	4
堪称一流	kiyl	1	4
看穿一切	kiyq	1	4
开出租	kiz	1	3
开出租车	kizi	1	4
客场作战	kizv	1	4
看见	kj	2	2
空间	kj	3	2
靠近	kj	4	2
空降兵	kjb	1	3
空军部队	kjbd	1	4
开局暴击	kjbj	2	4
空间背景	kjbj	3	4
空间不足	kjbz	1	4
课间操	kjc	1	3
可见度	kjd	1	3
抗击打	kjd	2	3
可降低	kjd	3	3
抗静电	kjd	4	3
氪金大佬	kjdl	1	4
跨境电商	kjdu	1	4
科技队伍	kjdw	1	4
坎肩儿	kje	1	3
空间分布	kjfb	1	4
科技发达	kjfd	1	4
空间复杂度	kjfd	2	4
科技扶贫	kjfp	1	4
科技发展	kjfv	1	4
科技服务	kjfw	1	4
恐惧感	kjg	2	3
看见过	kjg	3	3
可见光	kjg	4	3
科技馆	kjg	5	3
看家狗	kjg	6	3
空间轨道	kjgd	2	4
科技攻关	kjgg	1	4
科技工作者	kjgv	1	4
跨界歌王	kjgw	1	4
空间构型	kjgx	1	4
科技工作	kjgz	1	4
科技狠活	kjhh	1	4
铠甲合体	kjht	1	4
科技合作	kjhz	1	4
抗锯齿	kji	1	3
开家长会	kjih	2	4
快捷键	kjj	2	3
哭唧唧	kjj	3	3
开机键	kjj	4	3
快捷酒店	kjjd	2	4
框架结构	kjjg	2	4
科技交流	kjjl	1	4
空间技术	kjju	2	4
科技教育	kjjy	1	4
锟斤拷	kjk	2	3
快捷快递	kjkd	2	4
克俭克勤	kjkq	1	4
可惊可叹	kjkt	1	4
快进快退	kjkt	2	4
科举考试	kjku	1	4
看见了	kjl	1	3
酷极了	kjl	2	3
科技领域	kjly	1	4
卡介苗	kjm	2	3
开机密码	kjmm	1	4
科技美学	kjmx	1	4
看见没有	kjmy	1	4
框架内	kjn	1	3
空间扭曲	kjnq	1	4
科技情报	kjqb	1	4
开机启动	kjqd	1	4
开机启动项	kjqx	1	4
可进入	kjr	1	3
苦酒入喉心作痛	kjrt	1	4
抗菌素	kjs	1	3
快镜头	kjt	2	3
科技推广	kjtg	2	4
科技投入	kjtr	1	4
科技图书	kjtu	2	4
可就是	kju	1	3
会计师	kju	2	3
会计室	kju	3	3
快即是慢	kjum	1	4
空即是色	kjus	1	4
空间站	kjv	1	3
恐惧症	kjv	2	3
科举制	kjv	3	3
可居住	kjv	4	3
科举制度	kjvd	1	4
快捷指令	kjvl	1	4
开机状态	kjvt	1	4
科技战线	kjvx	1	4
科技中心	kjvx	2	4
恪尽职责	kjvz	1	4
开局王炸	kjwv	1	4
框架下	kjx	2	3
科技园	kjy	2	3
科技研发	kjyf	1	4
看见一个	kjyg	2	4
科技与狠活	kjyh	3	4
宽进严出	kjyi	1	4
铠甲勇士	kjyu	2	4
空架子	kjz	1	3
快节奏	kjz	2	3
开机自启	kjzq	1	4
看看	kk	2	2
开口	kk	3	2
开口绷	kkb	1	3
可靠保证	kkbv	1	4
空口白牙	kkby	1	4
开口道	kkd	1	3
开阔地	kkd	2	3
科考队	kkd	3	3
看开点	kkd	4	3
苦苦等待	kkdd	2	4
苦苦等候	kkdh	2	4
看看对面	kkdm	2	4
卡酷动漫	kkdm	3	4
看看而已	kkey	1	4
苦咖啡	kkf	2	3
可控范围	kkfw	1	4
开口跪	kkg	2	3
开口呼	kkh	2	3
可控核聚变	kkhb	1	4
开垦荒地	kkhd	1	4
开快车	kki	1	3
可靠程度	kkid	1	4
看看就好	kkjh	1	4
开口讲话	kkjh	2	4
看看价钱	kkjq	1	4
快快快	kkk	1	3
扣扣空间	kkkj	2	4
坎坷路	kkl	2	3
卡卡罗特	kklt	1	4
看看你的	kknd	1	4
刻苦努力	kknl	2	4
看看批	kkp	1	3
扣扣群	kkq	1	3
看看情况	kkqk	1	4
开口说	kku	1	3
开口说话	kkuh	1	4
空口说白话	kkuh	2	4
看看实力	kkul	1	4
开阔视野	kkuy	1	4
苦苦追求	kkvq	1	4
苦苦挣扎	kkvv	1	4
苦苦追寻	kkvx	1	4
看看我的	kkwd	1	4
可靠性	kkx	2	3
卡卡西	kkx	3	3
可控性	kkx	4	3
苦苦相逼	kkxb	1	4
看看行不	kkxb	2	4
苦苦相求	kkxq	1	4
慷慨相助	kkxv	1	4
口快心直	kkxv	2	4
开开眼	kky	2	3
可卡因	kky	3	3
开口子	kkz	1	3
看看再说	kkzu	1	4
刻苦钻研	kkzy	1	4
快乐	kl	2	2
看来	kl	3	2
考虑	kl	4	2
可丽饼	klb	2	3
可了不得	klbd	1	4
看了半天	klbt	1	4
看来不是	klbu	1	4
考虑到	kld	2	3
开绿灯	kld	3	3
可拉倒吧	kldb	1	4
开朗大方	kldf	1	4
可怜的娃	kldw	1	4
快乐大本营	kldy	2	4
考虑范围	klfw	2	4
考虑过	klg	1	3
看了个呆	klgd	1	4
恐龙扛狼	klgl	1	4
刻录光盘	klgp	1	4
快来个人	klgr	1	4
开了个好头	klgt	1	4
快来个人陪我	klgw	1	4
开了个玩笑	klgx	1	4
考虑好	klh	2	3
抗老化	klh	3	3
考虑后果	klhg	3	4
可怜虫	kli	1	3
快乐崇拜	klib	1	4
靠脸吃饭	klif	2	4
快乐成长	klii	1	4
刻录机	klj	2	3
可了劲的	kljd	1	4
开了就是关了	kljl	1	4
看了进去	kljq	2	4
可理解为	kljw	1	4
看了看	klk	1	3
恐龙快打	klkd	1	4
考虑考虑	klkl	2	4
客流量	kll	1	3
卡路里	kll	2	3
空落落	kll	3	3
快乐老家	kllj	2	4
科罗拉多州	kllv	2	4
看了吗	klm	1	3
烤冷面	klm	2	3
克里姆林宫	klmg	1	4
克拉马依	klmy	2	4
科罗娜	kln	2	3
看来那次	klnc	1	4
可怜女子	klnz	1	4
可怜男子	klnz	2	4
卡拉OK	klok	1	4
刻录盘	klp	1	3
考虑清楚	klqi	1	4
哭了起来	klql	1	4
可怜人	klr	2	3
克隆人	klr	3	3
快来人啊	klra	1	4
刻录软件	klrj	1	4
快乐人生	klru	1	4
克里斯	kls	2	3
克鲁斯卡尔	klse	1	4
克里斯蒂娜	klsn	1	4
快乐似神仙	klsx	1	4
骷髅头	klt	2	3
可怜天下父母心	kltx	1	4
看来是	klu	1	3
昆仑山	klu	2	3
看来是的	klud	1	4
看了上来	klul	1	4
开颅手术	kluu	1	4
看来这次	klvc	1	4
考虑周到	klvd	1	4
可怜之处	klvi	3	4
可怜之人必有可恨之处	klvi	4	4
看来只能	klvn	1	4
可怜之人	klvr	1	4
酷冷至尊	klvz	1	4
看了下	klx	1	3
开了先河	klxh	1	4
快乐向前冲	klxi	2	4
快乐星球	klxq	1	4
快乐学习	klxx	2	4
可利用	kly	1	3
窟窿眼	kly	2	3
可怜样	kly	3	3
看了一遍	klyb	2	4
快了一步	klyb	3	4
看了又看	klyk	1	4
克莱因瓶	klyp	1	4
看了一圈	klyq	2	4
开了一个好头	klyt	1	4
看来也是	klyu	2	4
看了一下	klyx	1	4
考虑一下	klyx	2	4
看了一眼	klyy	1	4
亏了一个亿	klyy	2	4
啃老族	klz	2	3
考虑在内	klzn	1	4
考虑再三	klzs	1	4
开门	km	1	2
看明白	kmb	1	3
烤面包	kmb	2	3
康忙北鼻	kmbb	1	4
看明白了	kmbl	1	4
开幕词	kmc	1	3
孔明灯	kmd	1	3
快没电了	kmdl	2	4
空码顶屏	kmdp	1	4
科目二	kme	1	3
抠门儿	kme	2	3
看门狗	kmg	1	3
坑蒙拐骗偷	kmgt	1	4
开门红	kmh	1	3
烤面筋	kmj	1	3
快马加编	kmjb	2	4
开门见史	kmju	2	4
看没看到	kmkd	1	4
看没看过	kmkg	1	4
看没看见	kmkj	1	4
科目考试	kmku	1	4
奎木狼	kml	1	3
可没料到	kmld	1	4
开幕雷击	kmlj	1	4
开麦骂人	kmmr	1	4
孔庙祈福	kmqf	1	4
开门请当心	kmqx	1	4
看门人	kmr	1	3
凯美瑞	kmr	2	3
科目三	kms	1	3
科目四	kms	2	3
快门速度	kmsd	1	4
枯木死灰	kmsh	1	4
孔孟思想	kmsx	1	4
开麦叹气	kmtq	1	4
开幕式	kmu	1	3
口没遮拦	kmvl	1	4
快马弯刀	kmwd	1	4
可没想到	kmxd	1	4
可没有	kmy	1	3
科目一	kmy	2	3
空忙一场	kmyi	2	4
渴慕已久	kmyj	1	4
抗美援朝	kmyv	1	4
扣帽子	kmz	1	3
可能	kn	1	2
困难	kn	2	2
可能吧	knb	1	3
可能不会	knbh	1	4
可能不是	knbu	1	4
可能不行	knbx	1	4
跨年度	knd	1	3
可能的话	kndh	1	4
可能都有	kndy	1	4
看你干的好事	kngu	1	4
可能会	knh	1	3
困难户	knh	2	3
可能还会	knhh	1	4
可能还有	knhy	1	4
可能会有	knhy	2	4
可能成为	kniw	1	4
可能出现	knix	1	4
可能就	knj	1	3
可能就得	knjd	1	4
可能就会	knjh	1	4
可能就是	knju	1	4
扣你几哇	knjw	1	4
可能就要	knjy	1	4
可能就在	knjz	1	4
看腻了	knl	1	3
可能吗	knm	1	3
可能没有	knmy	1	4
困难群众	knqv	1	4
可能是	knu	1	3
可能是吧	knub	1	4
可能是个	knug	1	4
可能事件	knuj	1	4
困难时期	knuq	1	4
咳逆上气	knuq	2	4
恐难胜任	knur	1	4
可能是因为	knuw	1	4
可能是在	knuz	1	4
可能知道	knvd	1	4
可能只是	knvu	1	4
可能只有	knvy	1	4
可能性	knx	1	3
康乃馨	knx	2	3
可能性不大	knxd	1	4
可能性很大	knxd	2	4
可能需要	knxy	1	4
可能有	kny	1	3
可能要	kny	2	3
跨年夜	kny	3	3
可能也会	knyh	1	4
可能已经	knyj	1	4
可能引起	knyq	1	4
可能也是	knyu	1	4
可能因为	knyw	1	4
可能在	knz	1	3
可怕	kp	1	2
恐怕	kp	2	2
卡皮巴拉	kpbl	1	4
看破不说破	kpbp	1	4
可怕的是	kpdu	1	4
卡牌大师	kpdu	2	4
宽袍大袖	kpdx	1	4
开平方	kpf	1	3
开盘价	kpj	1	3
拷屏键	kpj	2	3
卡片机	kpj	3	3
恐怕就是	kpju	1	4
科普教育	kpjy	1	4
开辟了	kpl	1	3
恐怕没有	kpmy	1	4
跨平台	kpt	1	3
考评体系	kptx	1	4
恐怕是	kpu	1	3
酷品世家	kpuj	1	4
科普视频	kpup	1	4
跨屏输入	kpur	1	4
考评制度	kpvd	1	4
科普知识	kpvu	1	4
科普宣传	kpxi	1	4
卡片相机	kpxj	1	4
卡片消息	kpxx	1	4
开篇伊始	kpyu	1	4
开派祖师	kpzu	1	4
空气	kq	1	2
客气	kq	2	2
开启	kq	3	2
狂犬病	kqb	1	3
空气不好	kqbh	1	4
空枪保号	kqbh	2	4
口气不善	kqbu	1	4
恳切地	kqd	1	3
空气对流	kqdl	1	4
可气的是	kqdu	1	4
看群公告	kqgg	1	4
客气话	kqh	1	3
空前活跃	kqhy	1	4
看清楚	kqi	1	3
开汽车	kqi	2	3
看清楚了	kqil	1	4
考勤机	kqj	1	3
渴求进步	kqjb	1	4
看清局面	kqjm	1	4
空气净化器	kqjq	1	4
看情况	kqk	1	3
口腔科	kqk	2	3
快去快回	kqkh	1	4
快去快来	kqkl	1	4
孔雀开屏	kqkp	1	4
客气客气	kqkq	1	4
口腔溃疡	kqky	1	4
看起来	kql	1	3
哭起来	kql	2	3
括起来	kql	3	3
孔雀绿	kql	4	3
空气刘海	kqlh	1	4
科权禄忌	kqlj	1	4
空气流通	kqlt	1	4
看起来容易	kqly	1	4
看前面	kqm	1	3
空气清新	kqqx	1	4
口气清新	kqqx	2	4
卡其色	kqs	1	3
考前突击	kqtj	1	4
空气突然安静	kqtj	2	4
矿泉水	kqu	1	3
快枪手	kqu	2	3
口轻舌薄	kqub	1	4
康乾盛世	kquu	1	4
考勤制度	kqvd	1	4
空气炸锅	kqvg	1	4
可取之处	kqvi	1	4
看清真相	kqvx	1	4
空气稀薄	kqxb	1	4
苦其心智	kqxv	1	4
烤全羊	kqy	1	3
跨区域	kqy	2	3
孔雀鱼	kqy	3	3
客气一点	kqyd	1	4
看齐意识	kqyu	1	4
口腔医学	kqyx	1	4
口腔医院	kqyy	1	4
阚清子	kqz	1	3
客人	kr	2	2
困扰	kr	3	2
宽容度	krd	1	3
看人打卦	krdg	1	4
狂热粉丝	krfs	1	4
狂热分子	krfz	1	4
刻入骨髓	krgs	1	4
溘然过世	krgu	2	4
可如今	krj	1	3
苦肉计	krj	2	3
看人家	krj	3	3
抗日剧	krj	4	3
可溶解	krj	5	3
刻入灵魂	krlh	1	4
旷日离久	krlj	2	4
抗日民族统一战线	krmx	1	4
看热闹	krn	1	3
可容纳	krn	2	3
看热闹不嫌事大	krnd	1	4
抗日奇侠	krqx	1	4
狂人日记	krrj	1	4
孔融让梨	krrl	1	4
快如闪电	krud	1	4
看人说话	kruh	1	4
溘然逝去	kruq	1	4
困扰着	krv	1	3
狂热者	krv	2	3
看人真准	krvv	2	4
可燃物	krw	1	3
可溶性	krx	1	3
可燃性	krx	2	3
看人下菜	krxc	1	4
看人下菜碟	krxd	1	4
看人行事	krxu	1	4
苦日子	krz	1	3
看似	ks	2	2
快速	ks	3	2
哭丧棒	ksb	1	3
亏损额	kse	2	3
快速发展	ksfv	1	4
开锁公司	ksgs	1	4
快速充电	ksid	1	4
快速持续	ksix	1	4
开锁匠	ksj	2	3
凯瑟琳	ksl	2	3
克苏鲁	ksl	3	3
开塞露	ksl	4	3
快速路	ksl	5	3
看似矛盾	ksmd	1	4
看什么看	ksmk	3	4
开什么玩笑	ksmx	2	4
快速排序	kspx	1	4
亏损企业	ksqy	1	4
看似容易	ksry	1	4
快速通道	kstd	1	4
快速推进	kstj	2	4
快速提升	kstu	1	4
渴死我了	kswl	1	4
可塑性	ksx	1	3
扩散性	ksx	2	3
快速行动	ksxd	1	4
口似悬河	ksxh	1	4
快速响应	ksxy	1	4
快速眼动	ksyd	1	4
客似云来	ksyl	1	4
开头	kt	1	2
空调病	ktb	1	3
开题报告	ktbg	1	4
课堂笔记	ktbj	1	4
口吐白沫	ktbm	1	4
看透不说透	ktbt	1	4
看他不顺眼	ktby	1	4
可替代	ktd	1	3
可推断	ktd	2	3
卡塔尔	kte	1	3
口吐芬芳	ktff	1	4
可通过	ktg	1	3
可提供	ktg	2	3
客套话	kth	1	3
口头禅	kti	1	3
开天窗	kti	2	3
空调车	kti	3	3
课题成果	ktig	1	4
空条承太郎	ktil	1	4
课题经费	ktjf	1	4
课堂纪律	ktjl	2	4
开拓精神	ktju	1	4
开头结尾	ktjw	1	4
客套客套	ktkt	1	4
客厅里	ktl	1	3
开通了	ktl	2	3
口吐莲花	ktlh	1	4
卡秃噜皮	ktlp	1	4
枯藤老树	ktlu	1	4
课堂练习	ktlx	1	4
开头难	ktn	1	3
卡通片	ktp	1	3
捆腿跑	ktp	2	3
开天辟地	ktpd	2	4
磕头碰脑	ktpn	1	4
慷他人之慨	ktrk	1	4
开通热线	ktrx	1	4
口吐人言	ktry	1	4
阔太太	ktt	1	3
看图填空	kttk	1	4
口头通知	kttv	1	4
课堂提问	kttw	1	4
口头上	ktu	1	3
课题申报	ktub	1	4
看图说话	ktuh	1	4
开拓市场	ktui	1	4
开庭审理	ktul	1	4
开拓视野	ktuy	1	4
看图识字	ktuz	1	4
开拓者	ktv	1	3
口吐珠玑	ktvj	1	4
空天战机	ktvj	2	4
空谈误国	ktwg	1	4
看图写话	ktxh	1	4
课题项目	ktxm	1	4
口吐鲜血	ktxx	1	4
口头协议	ktxy	1	4
口头语	kty	1	3
看透一切	ktyq	1	4
开脱罪责	ktzz	1	4
可是	ku	2	2
开始	ku	3	2
开始按钮	kuan	1	4
考试安排	kuap	1	4
开始吧	kub	1	3
考试必过	kubg	1	4
口授笔录	kubl	1	4
考试报名	kubm	2	4
看山不是山	kubu	1	4
开始表演	kuby	2	4
开始菜单	kucd	2	4
空手道	kud	1	3
跨时代	kud	2	3
困兽斗	kud	3	3
考试地点	kudd	3	4
考试大纲	kudg	2	4
快手抖音	kudy	1	4
空手而回	kueh	2	4
康师傅	kuf	1	3
课时费	kuf	2	3
考试辅导	kufd	1	4
考试分数	kufu	1	4
考试范围	kufw	1	4
口水歌	kug	1	3
可视化	kuh	2	3
考试合格	kuhg	1	4
开始慌了	kuhl	2	4
看山还是山	kuhu	1	4
瞌睡虫	kui	2	3
可生产	kui	3	3
考试成绩	kuij	1	4
跨世纪	kuj	2	3
考试卷	kuj	3	3
开始阶段	kujd	1	4
枯水季节	kujj	1	4
考试机器	kujq	2	4
空手接白刃	kujr	1	4
开始进入	kujr	2	4
枯树开花	kukh	1	4
考试科目	kukm	1	4
叩石垦壤	kukr	1	4
开始了	kul	1	3
抗衰老	kul	2	3
看傻了眼	kuly	2	4
开山老祖	kulz	2	4
看什么	kum	1	3
开始明白	kumb	1	4
可数名词	kumc	1	4
可是没有	kumy	1	4
可是那	kun	2	3
看上你	kun	3	3
酷暑难当	kund	1	4
恪守女德	kund	2	4
恪守男德	kund	3	4
看上你了	kunl	1	4
看视频	kup	1	3
开视频	kup	2	3
瞌睡碰到枕头	kupt	1	4
昆山片玉	kupy	1	4
扣屎盆子	kupz	1	4
看上去	kuq	1	3
开始前	kuq	2	3
孔圣人	kur	1	3
可是如果	kurg	1	4
考试日期	kurq	1	4
看守所	kus	1	3
抗生素	kus	2	3
看上他	kut	1	3
看上她	kut	2	3
考试题	kut	3	3
开始同步	kutb	1	4
空手套白狼	kutl	1	4
看上他了	kutl	2	4
看上她了	kutl	3	4
开始时	kuu	2	3
可说是	kuu	3	3
考试说明	kuum	1	4
开始使用	kuuy	1	4
可是这	kuv	1	3
口水仗	kuv	2	3
口舌之便	kuvb	1	4
可是这个	kuvg	1	4
开设账户	kuvh	1	4
口舌之快	kuvk	1	4
口舌之利	kuvl	2	4
考试指南	kuvn	1	4
科室主任	kuvr	1	4
开始着手	kuvu	2	4
开始执行	kuvx	1	4
可是这些	kuvx	2	4
开山之作	kuvz	1	4
开山之祖	kuvz	2	4
看上我	kuw	1	3
看上我了	kuwl	1	4
可是我们	kuwm	1	4
开始行动	kuxd	1	4
可是现在	kuxz	1	4
看傻眼	kuy	1	3
开始吟唱	kuyi	2	4
看傻眼了	kuyl	1	4
昆山玉碎	kuys	1	4
开始游戏	kuyx	1	4
可是又有	kuyy	2	4
考试作弊	kuzb	1	4
控制	kv	2	2
看着	kv	3	2
看着办	kvb	2	3
控制变量法	kvbf	3	4
控制不住自己	kvbj	1	4
控制不了	kvbl	1	4
控制变量	kvbl	2	4
控制病情	kvbq	1	4
空中巴士	kvbu	2	4
控制不住	kvbv	1	4
克制不住	kvbv	2	4
抗旨不遵	kvbz	2	4
抗旨不尊	kvbz	3	4
扩展槽	kvc	2	3
可知道	kvd	2	3
柯震东	kvd	3	3
铠装电缆	kvdl	1	4
看着都疼	kvdt	1	4
空中飞人	kvfr	1	4
控制杆	kvg	1	3
看着锅里的	kvgd	1	4
控制工程	kvgi	1	4
看着锅里	kvgl	1	4
空中管制	kvgv	1	4
客制化	kvh	2	3
开展活动	kvhd	1	4
空中花园	kvhy	1	4
控制成本	kvib	1	4
开张吃三年	kvin	1	4
控制键	kvj	1	3
空中加油	kvjy	2	4
扩展卡	kvk	1	3
控制开关	kvkg	1	4
哭着哭着就笑了	kvkl	1	4
看这看那	kvkn	1	4
控制力	kvl	2	3
控制论	kvl	3	3
开证明	kvm	2	3
扩展名	kvm	3	3
苛政猛于虎	kvmh	1	4
孔仲尼	kvn	2	3
控制权	kvq	2	3
控制器	kvq	3	3
控制区	kvq	4	3
科主任	kvr	2	3
控制人口	kvrk	2	4
开枝散叶	kvsy	2	4
控制台	kvt	2	3
控制室	kvu	1	3
哭着说	kvu	2	3
哭着说道	kvud	1	4
看着舒服	kvuf	1	4
夸张手法	kvuf	2	4
抗战胜利	kvul	1	4
抗战时期	kvuq	1	4
控制住	kvv	1	3
空中转体	kvvt	1	4
控制中心	kvvx	1	4
扩展坞	kvw	2	3
扩展性	kvx	2	3
控制线	kvx	3	3
控制箱	kvx	4	3
开展宣传	kvxi	1	4
可执行文件	kvxj	2	4
空中巡逻	kvxl	1	4
控制芯片	kvxp	1	4
宽窄巷子	kvxz	2	4
控制欲	kvy	2	3
课桌椅	kvy	3	3
苦中有乐	kvyl	1	4
控制原理	kvyl	2	4
苦中有甜	kvyt	1	4
看着眼熟	kvyu	1	4
控制饮食	kvyu	2	4
开展业务	kvyw	1	4
可追踪	kvz	2	3
看完	kw	2	2
渴望	kw	3	2
可望不可即	kwbj	1	4
可望不可及	kwbj	2	4
开胃菜	kwc	1	3
口味独特	kwdt	1	4
看我动态	kwdt	2	4
课外读物	kwdw	1	4
可望而不可即	kwej	1	4
可望而不可及	kwej	2	4
课外辅导	kwfd	1	4
开完会	kwh	1	3
快问快答	kwkd	1	4
快完了	kwl	1	3
苦无良策	kwlc	1	4
课外练习	kwlx	1	4
苦味酸	kws	1	3
看问题	kwt	1	3
可谓是	kwu	1	3
考完试	kwu	2	3
课外书	kwu	3	3
口吻生花	kwuh	1	4
开胃生津	kwuj	1	4
矿物质	kwv	1	3
空位置	kwv	2	3
口味重	kwv	3	3
看望慰问	kwww	1	4
开玩笑	kwx	1	3
可玩性	kwx	2	3
开胃小菜	kwxc	1	4
开玩笑的	kwxd	1	4
卡哇伊	kwy	1	3
渴望已久	kwyj	1	4
看我眼色	kwys	1	4
看我眼色行事	kwyu	1	4
口歪眼斜	kwyx	1	4
酷我音乐	kwyy	1	4
口味一样	kwyy	2	4
口歪嘴斜	kwzx	1	4
课外作业	kwzy	1	4
可惜	kx	2	2
开心	kx	3	2
开学报道	kxbd	2	4
可惜不是你	kxbn	1	4
可惜不是	kxbu	2	4
空心菜	kxc	1	3
可信度	kxd	1	3
科学道理	kxdl	2	4
可笑的是	kxdu	2	4
可惜的是	kxdu	3	4
开心的笑	kxdx	1	4
可想而之	kxev	2	4
可行方案	kxfa	1	4
科学方法	kxff	1	4
科学发展观	kxfg	1	4
科学发明	kxfm	1	4
科学发展	kxfv	1	4
科学发现	kxfx	2	4
开心果	kxg	1	3
科学规范	kxgf	1	4
科学高峰	kxgf	2	4
科学根据	kxgj	1	4
科学顾问	kxgw	1	4
看笑话	kxh	1	3
开先河	kxh	2	3
看小孩	kxh	3	3
开小差	kxi	1	3
科学成果	kxig	1	4
科学家	kxj	1	3
科学界	kxj	2	3
开心就好	kxjh	1	4
空虚寂寞	kxjm	1	4
科学计算	kxjs	1	4
科学技术大学	kxjx	1	4
开箱即用	kxjy	2	4
跨学科	kxk	1	3
可喜可贺	kxkh	1	4
科学考察	kxki	1	4
可惜了	kxl	2	3
可信赖	kxl	3	3
空心萝卜	kxlb	1	4
科学论断	kxld	1	4
科学理论	kxll	2	4
科学论证	kxlv	1	4
科学论文	kxlw	1	4
凯旋门	kxm	1	3
可惜没如果	kxmg	1	4
开心麻花	kxmh	1	4
卡西欧	kxo	1	3
科学普及	kxpj	1	4
看下去	kxq	1	3
狂想曲	kxq	2	3
扩胸器	kxq	3	3
可信任	kxr	1	3
苦行僧	kxs	1	3
开心死了	kxsl	1	4
科学思想	kxsx	1	4
口香糖	kxt	2	3
科学态度	kxtd	2	4
科学探索	kxts	1	4
口嫌体正直	kxtv	1	4
空心汤圆	kxty	1	4
亏心事	kxu	1	3
看小说	kxu	2	3
空闲时间	kxuj	1	4
科学实践	kxuj	2	4
胯下受辱	kxur	1	4
跨下受辱	kxur	2	4
科学上网	kxuw	1	4
科学试验	kxuy	2	4
空心砖	kxv	2	3
可喜之处	kxvi	1	4
可笑之极	kxvj	1	4
科学证明	kxvm	1	4
科学之母	kxvm	2	4
开学之前	kxvq	1	4
科学种田	kxvt	1	4
科学著作	kxvz	1	4
科学无国界	kxwj	1	4
科学文献	kxwx	1	4
可行性	kxx	1	3
快醒醒	kxx	2	3
可信性	kxx	3	3
科学院	kxy	1	3
空喜一场	kxyi	1	4
开心一刻	kxyk	1	4
胯下一凉	kxyl	1	4
科学仪器	kxyq	1	4
科学有效	kxyx	1	4
开小灶	kxz	2	3
可选择	kxz	3	3
开小灶了	kxzl	1	4
可以	ky	2	2
快要	ky	3	2
可以啊	kya	1	3
可以吧	kyb	1	3
可以把	kyb	2	3
可以不	kyb	3	3
看一遍	kyb	4	3
快一步	kyb	5	3
窥一斑而知全豹	kybb	1	4
口语表达	kybd	2	4
考研必过	kybg	1	4
抗压背锅	kybg	2	4
看也不看	kybk	1	4
科研部门	kybm	2	4
可遇不可求	kybq	1	4
可以不用	kyby	1	4
可以不要	kyby	2	4
可一不可再	kybz	1	4
快一点	kyd	1	3
裤腰带	kyd	2	3
可移动	kyd	3	3
可以得到	kydd	1	4
可以达到	kydd	2	4
可以的话	kydh	1	4
开业典礼	kydl	1	4
可移动磁盘	kydp	1	4
可以断言	kydy	2	4
可遇而不可求	kyeq	1	4
可以分	kyf	1	3
开药方	kyf	2	3
可预付	kyf	3	3
可以发挥	kyfh	1	4
可以发现	kyfx	1	4
可疑分子	kyfz	1	4
考验干部	kygb	1	4
口语化	kyh	1	3
抗氧化	kyh	2	3
开洋荤	kyh	3	3
可以缓解	kyhj	2	4
可以承受	kyiu	1	4
可以尝试	kyiu	2	4
可以成为	kyiw	1	4
开眼界	kyj	1	3
括约肌	kyj	2	3
孔乙己	kyj	3	3
可预见	kyj	4	3
扩音机	kyj	5	3
可以见到	kyjd	2	4
刻意解读	kyjd	3	4
括约肌松弛	kyji	1	4
科研基金	kyjj	1	4
口语交际	kyjj	2	4
看一看	kyk	2	3
哭一哭	kyk	3	3
侃一侃	kyk	4	3
可以看到	kykd	1	4
可以肯定	kykd	2	4
可以克服	kykf	1	4
可以看出	kyki	1	4
可以看见	kykj	1	4
开眼看世界	kykj	2	4
可以考虑	kykl	1	4
可盐可甜	kykt	3	4
可以肯定的是	kyku	2	4
可以可以	kyky	3	4
可以了	kyl	2	3
苦与乐	kyl	3	3
客运量	kyl	4	3
可以理解	kylj	1	4
可要了命了	kyll	1	4
可以了吗	kylm	1	4
刻意练习	kylx	1	4
可以吗	kym	1	3
可以么	kym	2	3
刻意模仿	kymf	1	4
开源免费	kymf	2	4
刻意抹黑	kymh	1	4
可以瞑目	kymm	1	4
可以去	kyq	2	3
扩音器	kyq	3	3
抗压强度	kyqd	1	4
可以确定	kyqd	2	4
刻意求工	kyqg	1	4
可以确认	kyqr	1	4
开源软件	kyrj	1	4
可以容忍	kyrr	1	4
可以忍受	kyru	1	4
可以入手	kyru	2	4
快意人生	kyru	3	4
考验人性	kyrx	1	4
可疑人员	kyry	2	4
科研所	kys	2	3
可以说	kyu	2	3
可以是	kyu	3	3
可以使	kyu	4	3
看医生	kyu	5	3
课余时间	kyuj	2	4
可以说是	kyuu	1	4
可以试试	kyuu	2	4
开元盛世	kyuu	3	4
可以实现	kyux	1	4
可以是可以	kyuy	1	4
抗议者	kyv	1	3
客运站	kyv	2	3
可抑制	kyv	3	3
可移植	kyv	4	3
可以知道	kyvd	1	4
可以这么	kyvm	1	4
枯鱼之肆	kyvs	1	4
考验智商	kyvu	3	4
客运中心	kyvx	1	4
可以这样	kyvy	1	4
可以为	kyw	2	3
康有为	kyw	3	3
可以完成	kywi	1	4
口眼歪斜	kywx	1	4
看一下	kyx	1	3
可以先	kyx	2	3
快一些	kyx	3	3
可以向	kyx	4	3
抗药性	kyx	5	3
抗压性	kyx	6	3
可以相处	kyxi	1	4
可以想见	kyxj	2	4
开源项目	kyxm	2	4
苦言相劝	kyxq	1	4
可以想象	kyxx	1	4
可以想像	kyxx	2	4
可以休矣	kyxy	1	4
开源协议	kyxy	2	4
可以选择	kyxz	1	4
可以用	kyy	2	3
看一眼	kyy	3	3
可以有	kyy	4	3
可用于	kyy	5	3
可以呀	kyy	6	3
可饮用	kyy	7	3
可应用	kyy	8	3
可以预见	kyyj	1	4
可以原谅	kyyl	1	4
刻意隐瞒	kyym	1	4
可引用性	kyyx	2	4
考研英语	kyyy	1	4
可应用于	kyyy	2	4
看样子	kyz	2	3
哭晕在厕所	kyzs	1	4
靠在	kz	2	2
裤子	kz	3	2
快走不送	kzbs	1	4
稇载而归	kzeg	1	4
蚵仔煎	kzj	1	3
快嘴快舌	kzku	2	4
快哉快哉	kzkz	1	4
快走快走	kzkz	2	4
卡姿兰	kzl	2	3
卡姿兰大眼睛	kzlj	2	4
裤子拉链	kzll	2	4
看走了眼	kzly	1	4
筷子筒	kzt	1	3
看作是	kzu	1	3
可再生	kzu	2	3
看在上帝的份上	kzuu	2	4
可再生资源	kzuy	1	4
可再生能源	kzuy	2	4
可造之才	kzvc	2	4
可造之材	kzvc	3	4
筷子兄弟	kzxd	1	4
看走眼	kzy	1	3
抠字眼	kzy	2	3
看在眼底	kzyd	1	4
看走眼了	kzyl	2	4
恋爱	la	2	2
立案调查	ladi	2	4
恋爱大师	ladu	2	4
两岸关系	lagx	1	4
柳暗花明又一村	lahc	1	4
懒癌患者	lahv	1	4
立案查处	laii	1	4
另案处理	lail	2	4
撸啊撸	lal	1	3
恋爱模拟	lamn	1	4
恋爱脑	lan	1	3
两岸人民	larm	1	4
两岸统一	laty	1	4
懒癌晚期	lawq	1	4
离岸信托	laxt	1	4
两岸猿声啼不住	layv	1	4
两边	lb	2	2
老板	lb	3	2
淋巴癌	lba	2	3
冷冰冰	lbb	2	3
拉粑粑	lbb	3	3
老版本	lbb	4	3
老伯伯	lbb	5	3
李冰冰	lbb	6	3
萝卜白菜各有所爱	lbba	2	4
两鬓斑白	lbbb	1	4
萝卜白菜	lbbc	2	4
老八辈子	lbbz	1	4
凉拌菜	lbc	2	3
辣白菜	lbc	3	3
聊表寸心	lbcx	2	4
了不得	lbd	2	3
轮不到	lbd	3	3
冷不丁	lbd	4	3
冷板凳	lbd	5	3
冷不丁地	lbdd	2	4
连奔带跑	lbdp	2	4
老板大气	lbdq	1	4
鲁班大师	lbdu	2	4
领兵打仗	lbdv	1	4
轮不到我	lbdw	1	4
两不耽误	lbdw	2	4
连本带息	lbdx	1	4
洛必达法则	lbdz	1	4
老伴儿	lbe	2	3
礼拜二	lbe	3	3
冷不防	lbf	2	3
两部分	lbf	3	3
老办法	lbf	4	3
冷不防地	lbfd	1	4
冷不防的	lbfd	2	4
老白干	lbg	2	3
两倍工资	lbgz	1	4
老本行	lbh	2	3
喇叭花	lbh	3	3
脸不红	lbh	4	3
鲁冰花	lbh	5	3
老板换碟	lbhd	3	4
老兵回归	lbhg	1	4
脸不红气不喘	lbhi	1	4
老板糊涂	lbht	1	4
脸不红心不跳	lbht	2	4
溜冰场	lbi	1	3
练兵场	lbi	2	3
力保城门不失	lbiu	1	4
来不及	lbj	2	3
礼拜几	lbj	3	3
零部件	lbj	4	3
淋巴结	lbj	5	3
老北京	lbj	6	3
老板键	lbj	7	3
来不及了	lbjl	2	4
略表敬意	lbjy	1	4
离不开	lbk	2	3
拉不开	lbk	3	3
凉白开	lbk	4	3
喇叭裤	lbk	5	3
列表框	lbk	6	3
礼不可废	lbkf	2	4
老不看三国	lbkg	1	4
萝卜开会	lbkh	1	4
拉不开差距	lbkj	1	4
离不开了	lbkl	2	4
来不来	lbl	2	3
累不累	lbl	3	3
冷暴力	lbl	4	3
礼拜六	lbl	5	3
厉不厉害	lblh	2	4
老爸老妈	lblm	1	4
淋病梅毒	lbmd	1	4
落榜美术生	lbmu	2	4
老板娘	lbn	2	3
了不起	lbq	2	3
冷兵器	lbq	3	3
拎不清	lbq	4	3
篮板球	lbq	5	3
萝卜青菜，各有所爱	lbqa	1	4
萝卜青菜各有所爱	lbqa	2	4
劣币驱逐良币	lbqb	2	4
萝卜青菜	lbqc	1	4
鲁班七号	lbqh	1	4
两不情愿	lbqy	1	4
礼拜日	lbr	2	3
拎包入住	lbrv	1	4
老不死	lbs	2	3
萝卜丝	lbs	3	3
雷布斯	lbs	4	3
礼拜三	lbs	5	3
礼拜四	lbs	6	3
鲁滨孙	lbs	7	3
老不死的	lbsd	1	4
鲁邦三世	lbsu	2	4
罗伯特	lbt	1	3
老半天	lbt	2	3
路边摊	lbt	3	3
萝卜头	lbt	4	3
流鼻涕	lbt	5	3
礼拜天	lbt	6	3
蓝白条纹	lbtw	1	4
蓝宝石	lbu	1	3
绿宝石	lbu	2	3
连不上	lbu	3	3
老把式	lbu	4	3
两笔输入法	lbuf	2	4
老板身体欠肛	lbug	2	4
力拔山河	lbuh	1	4
老板身体健康	lbuk	1	4
力拔山兮气盖世	lbuu	1	4
礼部尚书	lbuu	2	4
两把刷子	lbuz	1	4
拦不住	lbv	2	3
留不住	lbv	3	3
拉不住	lbv	4	3
老班长	lbv	5	3
腊八粥	lbv	6	3
拦不住的	lbvd	1	4
留不住的	lbvd	2	4
老不正经	lbvj	2	4
老蚌珠胎	lbvt	1	4
两不误	lbw	1	3
礼拜五	lbw	2	3
刘伯温	lbw	3	3
卢本伟牛逼	lbwb	2	4
老百姓	lbx	2	3
六边形	lbx	3	3
流鼻血	lbx	4	3
鲁滨逊	lbx	5	3
溜冰鞋	lbx	6	3
淋巴腺	lbx	7	3
两不相干	lbxg	2	4
鲁滨逊漂流记	lbxj	1	4
拉不下脸	lbxl	2	4
两不相欠	lbxq	1	4
六边形战士	lbxu	1	4
聊表谢意	lbxy	2	4
聊表心意	lbxy	3	4
礼拜一	lby	2	3
两步验证	lbyv	1	4
老鼻子	lbz	2	3
连笔字	lbz	3	3
略表尊敬	lbzj	1	4
两次	lc	2	2
两侧	lc	3	2
绿葱葱	lcc	1	3
楞次定律	lcdl	1	4
流窜犯	lcf	2	3
冷藏柜	lcg	1	3
来次够	lcg	2	3
冷藏车	lci	2	3
理财产品	lcip	1	4
冷藏库	lck	2	3
冷藏室	lcu	1	3
另存为	lcw	1	3
上老王论坛当老王	lcwh	2	4
冷藏箱	lcx	2	3
刘慈欣	lcx	3	3
粮草先行	lcxx	2	4
连词消字	lcxz	1	4
联词消字	lcxz	2	4
流窜作案	lcza	1	4
领导	ld	2	2
来到	ld	3	2
劳动	ld	4	2
拉倒吧	ldb	2	3
吕洞宾	ldb	3	3
朗读版	ldb	4	3
脸都白了	ldbl	2	4
来得不巧	ldbq	1	4
累得半死	ldbs	1	4
利多弊少	ldbu	2	4
领导层	ldc	1	3
粮多草广	ldcg	1	4
领导才能	ldcn	1	4
量大从优	ldcy	1	4
老搭档	ldd	1	3
懒得动	ldd	2	3
落地灯	ldd	3	3
劳动党	ldd	4	3
来的都是客	lddk	1	4
两端对齐	lddq	1	4
领导地位	lddw	1	4
垄断地位	lddw	2	4
伶仃大醉	lddz	1	4
脸蛋儿	lde	1	3
老地方	ldf	2	3
劳动法	ldf	3	3
老豆腐	ldf	4	3
领导方法	ldff	1	4
两地分居	ldfj	2	4
领导负责	ldfz	1	4
老大哥	ldg	1	3
立大功	ldg	2	3
绿豆糕	ldg	3	3
驴打滚	ldg	4	3
量大管饱	ldgb	2	4
伶仃孤苦	ldgk	1	4
劳动果实	ldgu	1	4
领导岗位	ldgw	1	4
劳动工资	ldgz	2	4
来电话	ldh	1	3
刘德华	ldh	2	3
来电话了	ldhl	1	4
来电号码	ldhm	1	4
流动红旗	ldhq	1	4
落地窗	ldi	2	3
锂电池	ldi	3	3
劳动成果	ldig	1	4
落地成盒	ldih	1	4
劳动产品	ldip	1	4
懒得出奇	ldiq	1	4
龙的传人	ldir	1	4
领导成员	ldiy	1	4
来得及	ldj	1	3
劳动节	ldj	2	3
烂大街	ldj	3	3
鹿鼎记	ldj	4	3
老大姐	ldj	5	3
劳动局	ldj	6	3
领导机构	ldjg	2	4
领导讲话	ldjh	1	4
雷电将军	ldjj	2	4
来电记录	ldjl	2	4
劳动技能	ldjn	1	4
来得及时	ldju	1	4
凛冬将至	ldjv	1	4
劳动价值	ldjv	2	4
料敌机先	ldjx	1	4
来得快	ldk	2	3
李达康	ldk	3	3
离得开	ldk	4	3
来到了	ldl	1	3
劳动力	ldl	2	3
领导力	ldl	3	3
聊得来	ldl	4	3
劳动量	ldl	5	3
脸对脸	ldl	6	3
懒得理会	ldlh	2	4
乱丢垃圾	ldlj	2	4
六丁六甲	ldlj	3	4
领导力量	ldll	1	4
来都来了	ldll	2	4
垄断利润	ldlr	1	4
涝的涝死	ldls	1	4
来电铃声	ldlu	2	4
来得慢	ldm	1	3
留点面子	ldmz	1	4
老大娘	ldn	1	3
领导能力	ldnl	2	4
拉动内需	ldnx	1	4
榴弹炮	ldp	2	3
立刀旁	ldp	3	3
懒得去	ldq	2	3
拎得清	ldq	3	3
领导权	ldq	4	3
乱弹琴	ldq	5	3
来得巧	ldq	6	3
老店欺客	ldqk	1	4
留得青山在不怕没柴烧	ldqu	2	4
留得青山在，不怕没柴烧	ldqu	3	4
留得青山在	ldqz	1	4
领导人	ldr	2	3
劳动日	ldr	3	3
理当如此	ldrc	1	4
礼多人不怪	ldrg	1	4
落得如此下场	ldri	2	4
来得容易去得快	ldrk	2	4
狼多肉少	ldru	1	4
流动人员	ldry	2	4
来点什么	ldsm	1	4
聊点什么	ldsm	2	4
绿豆汤	ldt	1	3
雷达图	ldt	2	3
老大徒伤悲	ldtb	1	4
来得太快	ldtk	1	4
龙的天空	ldtk	2	4
领导同志	ldtv	1	4
鲁大师	ldu	2	3
绿豆沙	ldu	3	3
掠夺式	ldu	4	3
落地式	ldu	5	3
落地扇	ldu	6	3
老的少的	ldud	1	4
陆地神仙境	lduj	1	4
烂到手里	ldul	1	4
落地实施	lduu	1	4
陆地神仙	ldux	1	4
领导者	ldv	1	3
雷达站	ldv	2	3
劳动者	ldv	3	3
绿豆粥	ldv	4	3
李大钊	ldv	5	3
劳动仲裁	ldvc	1	4
领导致辞	ldvc	2	4
力大砖飞	ldvf	2	4
来电转接	ldvj	1	4
来到这里	ldvl	1	4
蓝底照片	ldvp	1	4
拉丁文	ldw	1	3
拉丁舞	ldw	2	3
落袋为安	ldwa	1	4
老大无成	ldwi	1	4
轮到我了	ldwl	1	4
劳动卫生	ldwu	2	4
劳动委员	ldwy	1	4
领导下	ldx	2	3
老东西	ldx	3	3
流动性	ldx	4	3
绿灯侠	ldx	5	3
冷冻箱	ldx	6	3
拉动消费	ldxf	1	4
老大爷	ldy	2	3
林黛玉	ldy	3	3
离得远	ldy	4	3
拉丁语	ldy	5	3
老掉牙	ldy	6	3
略懂一二	ldye	1	4
老掉牙了	ldyl	1	4
来大姨妈	ldym	1	4
乱点鸳鸯谱	ldyp	1	4
累得要死	ldys	1	4
领地意识	ldyu	2	4
拉肚子	ldz	1	3
来得早	ldz	2	3
垄断资本	ldzb	1	4
领导作风	ldzf	1	4
牢底坐穿	ldzi	4	4
来得早不如来得巧	ldzq	1	4
连带责任	ldzr	1	4
老而不死	lebs	1	4
两耳不闻窗外事	lebu	1	4
来而不往非礼也	leby	2	4
老二次元	lecy	1	4
老二刺螈	lecy	2	4
铃儿响叮当	lexd	1	4
浪费	lf	1	2
裂缝	lf	2	2
理发店	lfd	1	3
聊复尔尔	lfee	1	4
乱纷纷	lff	1	3
卢浮宫	lfg	1	3
乱坟岗	lfg	2	3
立方根	lfg	3	3
浪费感情	lfgq	1	4
烂番出神曲	lfiq	1	4
录放机	lfj	1	3
立法机构	lfjg	2	4
龙凤吉祥	lfjx	1	4
乱罚款	lfk	1	3
联发科	lfk	2	3
浪费可耻	lfki	1	4
两房两厅	lflt	1	4
立方米	lfm	1	3
两方面	lfm	2	3
m³	lfm	3	3
龙凤配	lfp	1	3
老父亲	lfq	1	3
老夫妻	lfq	2	3
浪费青春	lfqi	1	4
恋父情结	lfqj	1	4
洛夫斯基	lfsj	1	4
了凡四训	lfsx	1	4
立方体	lft	1	3
雷峰塔	lft	2	3
龙凤胎	lft	3	3
浪费天赋	lftf	1	4
理发师	lfu	1	3
类风湿	lfu	2	3
浪费生命	lfum	1	4
轮番上阵	lfuv	1	4
类风湿性关节炎	lfuy	1	4
两分钟	lfv	1	3
六分之	lfv	2	3
来访者	lfv	3	3
落发为僧	lfws	1	4
拉风箱	lfx	1	3
凉风习习	lfxx	1	4
老佛爷	lfy	1	3
两房一厅	lfyt	1	4
流风遗韵	lfyy	2	4
老夫子	lfz	1	3
老房子	lfz	2	3
零分作文	lfzw	1	4
两个	lg	2	2
留给	lg	3	2
立国安邦	lgab	1	4
楼管阿姨	lgay	1	4
两个半	lgb	1	3
老干部	lgb	2	3
流感病毒	lgbd	1	4
两个部分	lgbf	1	4
六根不净	lgbj	1	4
老胳膊老腿	lgbt	1	4
两个半小时	lgbu	1	4
老古董	lgd	1	3
理工大	lgd	2	3
连锅端	lgd	3	3
老疙瘩	lgd	4	3
拉个垫背的	lgdd	1	4
立棍单打	lgdd	2	4
留个电话	lgdh	1	4
轮毂电机	lgdj	2	4
乱棍打死	lgds	2	4
两个多小时	lgdu	1	4
两个多月	lgdy	1	4
六个多月	lgdy	2	4
劳改犯	lgf	1	3
驴肝肺	lgf	2	3
两个方面	lgfm	1	4
龙肝凤脑	lgfn	1	4
六宫粉黛无颜色	lgfs	2	4
老公公	lgg	1	3
两个概念	lggn	1	4
离过婚	lgh	1	3
六个核桃	lght	1	4
类固醇	lgi	1	3
凉宫春日	lgir	1	4
老规矩	lgj	1	3
螺杆菌	lgj	2	3
两国交兵	lgjb	2	4
两个极端	lgjd	2	4
乐高积木	lgjm	2	4
留个纪念	lgjn	2	4
脸滚键盘	lgjp	1	4
两国交战	lgjv	1	4
老顾客	lgk	1	3
理工科	lgk	2	3
流过泪	lgl	1	3
了过来	lgl	2	3
利滚利	lgl	3	3
炼钢炉	lgl	4	3
两个礼拜	lglb	1	4
灵感来源	lgly	1	4
冷锅冷灶	lglz	1	4
老干妈	lgm	1	3
老革命	lgm	2	3
擂鼓鸣金	lgmj	1	4
老公骂我	lgmw	2	4
镂骨铭心	lgmx	1	4
留个念想	lgnx	1	4
录个屏	lgp	1	3
卢沟桥	lgq	1	3
了过去	lgq	2	3
卢沟桥事变	lgqb	1	4
两个人	lgr	1	3
来个人	lgr	2	3
两个人的	lgrd	1	4
粮管所	lgs	1	3
老骨头	lgt	2	3
懒骨头	lgt	3	3
乐观态度	lgtd	2	4
炉甘石	lgu	1	3
零关税	lgu	2	3
两个世界	lguj	2	4
牢固树立	lgul	2	4
罗贯中	lgv	1	3
刘关张	lgv	2	3
两国之间	lgvj	2	4
两个钟头	lgvt	1	4
了个正着	lgvv	2	4
乐观主义者	lgvv	3	4
雷公助我	lgvw	1	4
灵光乍现	lgvx	1	4
留给我	lgw	1	3
遛个弯	lgw	2	3
里勾外联	lgwl	2	4
拉杆箱	lgx	1	3
拉关系	lgx	2	3
劣根性	lgx	3	3
连贯性	lgx	4	3
两个星期	lgxq	1	4
两个小时	lgxu	2	4
六个小时	lgxu	3	4
留个心眼	lgxy	1	4
两个月	lgy	2	3
六个月	lgy	3	3
略高于	lgy	4	3
留个影	lgy	5	3
两个月内	lgyn	1	4
灵光一闪	lgyu	3	4
路过一下	lgyx	2	4
两个字	lgz	1	3
烂谷子	lgz	2	3
老公早安	lgza	1	4
灵魂	lh	2	2
厉害	lh	3	2
龙虎榜	lhb	2	3
领红包	lhb	3	3
脸红脖子粗	lhbc	2	4
灵魂伴侣	lhbl	1	4
六合彩	lhc	1	3
兰花草	lhc	2	3
老虎苍蝇	lhcy	1	4
绿化带	lhd	1	3
旅行袋	lhd	2	3
老虎凳	lhd	3	3
龙虎斗	lhd	4	3
灵活多变	lhdb	1	4
老虎的屁股摸不得	lhdd	1	4
连喊带叫	lhdj	1	4
落后地区	lhdq	1	4
了会儿	lhe	1	3
领盒饭	lhf	1	3
零回复	lhf	2	3
零回复惨案	lhfa	1	4
联合发布	lhfb	1	4
良好风气	lhfq	1	4
灵魂附体	lhft	1	4
老虎发威	lhfw	2	4
联合发文	lhfw	3	4
灵魂发问	lhfw	4	4
良好反应	lhfy	1	4
联合国	lhg	2	3
罗汉果	lhg	3	3
老黄瓜	lhg	4	3
脸红个泡泡茶壶	lhgh	1	4
绿化工程	lhgi	1	4
落后国家	lhgj	1	4
联合国秘书长	lhgv	2	4
良好关系	lhgx	2	4
乐呵呵	lhh	2	3
乱哄哄	lhh	3	3
联合会	lhh	4	3
连环画	lhh	5	3
联欢会	lhh	6	3
亮晃晃	lhh	7	3
流汗黄豆	lhhd	2	4
联欢活动	lhhd	3	4
良好环境	lhhj	1	4
灵魂画家	lhhj	2	4
灵魂画师	lhhu	1	4
灵魂画手	lhhu	2	4
旅行车	lhi	1	3
令狐冲	lhi	2	3
灵魂出壳	lhik	1	4
灵活处理	lhil	2	4
老好吃了	lhil	3	4
联合出台	lhit	2	4
老花镜	lhj	1	3
铝合金	lhj	2	3
老虎机	lhj	3	3
连环计	lhj	4	3
氯化钾	lhj	5	3
落后就要挨打	lhjd	2	4
量化间隔	lhjg	1	4
良好局面	lhjm	2	4
良好教育	lhjy	3	4
乱花渐欲迷人眼	lhjy	4	4
量化交易	lhjy	5	4
留活口	lhk	2	3
陆海空	lhk	3	3
灵魂拷问	lhkw	1	4
了回来	lhl	1	3
厉害了	lhl	2	3
老狐狸	lhl	3	3
脸红了	lhl	4	3
累坏了	lhl	5	3
老黄历	lhl	6	3
拉黑了	lhl	7	3
领回来	lhl	8	3
留后路	lhl	9	3
老皇历	lhl	10	3
厉害了我的哥	lhlg	1	4
乱喊乱叫	lhlj	1	4
离婚冷静期	lhlq	2	4
老火靓汤	lhlt	1	4
路虎揽胜	lhlu	2	4
癞蛤蟆	lhm	2	3
狸花猫	lhm	3	3
癞蛤蟆想吃天鹅肉	lhmr	1	4
老黄牛	lhn	1	3
氯化钠	lhn	2	3
连环炮	lhp	1	3
刘海屏	lhp	2	3
老虎屁股摸不得	lhpd	1	4
零花钱	lhq	2	3
了回去	lhq	3	3
老虎钳	lhq	4	3
离合器	lhq	5	3
联合酋长国	lhqg	1	4
两会期间	lhqj	1	4
良好前景	lhqj	2	4
连花清瘟	lhqw	1	4
老好人	lhr	2	3
刘昊然	lhr	3	3
老糊涂	lht	2	3
老寒腿	lht	3	3
拉后腿	lht	4	3
老汉推车	lhti	1	4
良好条件	lhtj	1	4
老糊涂了	lhtl	1	4
林海听涛	lhtt	1	4
浪花淘尽英雄	lhtx	1	4
两回事	lhu	1	3
龙虎山	lhu	2	3
老和尚	lhu	3	3
理化生	lhu	4	3
灵魂深处	lhui	1	4
联合收割机	lhuj	1	4
落花时节	lhuj	2	4
例会时间	lhuj	3	4
良好市民	lhum	2	4
屡获殊荣	lhur	1	4
良好势头	lhut	1	4
连环杀手	lhuu	1	4
兰花指	lhv	2	3
李鸿章	lhv	3	3
离婚证	lhv	4	3
蓝孩纸	lhv	5	3
罹患重病	lhvb	1	4
理化指标	lhvb	2	4
轮回之境	lhvj	1	4
落后状况	lhvk	1	4
良好状况	lhvk	2	4
冷汗直流	lhvl	1	4
冷汗直冒	lhvm	1	4
六合之内	lhvn	1	4
炉灰渣子	lhvz	1	4
硫化物	lhw	2	3
络合物	lhw	3	3
流行性	lhx	2	3
灵活性	lhx	3	3
轮滑鞋	lhx	4	3
龙虎相斗	lhxd	1	4
蓝海项目	lhxm	1	4
两害相权取其轻	lhxq	1	4
脸红心跳	lhxt	1	4
拉回现实	lhxu	1	4
灵魂写手	lhxu	2	4
落后于	lhy	2	3
领航员	lhy	3	3
老花眼	lhy	4	3
林徽因	lhy	5	3
理货员	lhy	6	3
来回运费	lhyf	1	4
流行音乐	lhyl	1	4
落后愚昧	lhym	1	4
良好愿望	lhyw	1	4
零和游戏	lhyx	1	4
联合演习	lhyx	2	4
灵活运用	lhyy	2	4
猎户座	lhz	1	3
狼孩子	lhz	2	3
露出	li	2	2
里程碑	lib	2	3
绿茶婊	lib	3	3
离愁别恨	libh	2	4
临床表现	libx	2	4
驴唇不对马嘴	libz	1	4
老出错	lic	2	3
拉扯大	lid	2	3
理查德	lid	3	3
廉耻道德	lidd	2	4
落成典礼	lidl	1	4
连吃带拿	lidn	1	4
连吹带捧	lidp	1	4
旅差费	lif	2	3
临场反应	lify	2	4
落差感	lig	2	3
累成狗	lig	3	3
拉仇恨	lih	2	3
乱掺和	lih	3	3
流传很广	lihg	1	4
临床护理	lihl	1	4
脸朝黄土背朝天	liht	1	4
流淌出来	liil	1	4
凌迟处死	liis	1	4
联产承包责任制	liiv	2	4
连城诀	lij	2	3
立场坚定	lijd	2	4
露出鸡脚	lijj	1	4
屡创佳绩	lijj	2	4
了出来	lil	1	3
露出来	lil	2	3
流出来	lil	3	3
冷处理	lil	4	3
灵长类	lil	5	3
历朝历代	lild	2	4
凌晨两点	lild	3	4
流出来了	lill	2	4
露出来了	lill	3	4
临床疗效	lilx	1	4
俐齿伶牙	lily	3	4
露出马脚	limj	3	4
林产品	lip	2	3
露出破绽	lipv	1	4
了出去	liq	2	3
老城区	liq	3	3
鲤城区	liq	4	3
凌晨三点	lisd	1	4
凌晨四点	lisd	2	4
临床死亡	lisw	1	4
流程图	lit	2	3
两重天	lit	3	3
列车上	liu	2	3
历程中	liv	2	3
柳传志	liv	3	3
流传至今	livj	2	4
临床症状	livv	1	4
临床治愈	livy	1	4
梁朝伟	liw	2	3
龙场悟道	liwd	3	4
流程文件	liwj	2	4
立场问题	liwt	1	4
屡创新高	lixg	1	4
累创新高	lixg	2	4
露出笑意	lixy	1	4
列车员	liy	2	3
来迟一步	liyb	2	4
凌晨一点	liyd	1	4
乱成一锅粥	liyv	1	4
临床医学	liyx	2	4
流传作案	liza	1	4
了解	lj	2	2
理解	lj	3	2
廉价版	ljb	2	3
累觉不爱	ljba	2	4
劣迹斑斑	ljbb	1	4
另据报道	ljbd	2	4
逻辑闭环	ljbh	1	4
临近不惑	ljbh	2	4
路见不平一声吼	ljbh	3	4
理解不了	ljbl	1	4
理解不能	ljbn	1	4
累见不鲜	ljbx	2	4
路经此地	ljcd	1	4
廉洁从政	ljcv	1	4
逻辑错误	ljcw	1	4
乱箭攒心	ljcx	1	4
了解到	ljd	2	3
临界点	ljd	3	3
落脚点	ljd	4	3
连接到	ljd	5	3
垃圾堆	ljd	6	3
垃圾袋	ljd	7	3
立脚点	ljd	8	3
零九大法	ljdf	1	4
两军对垒	ljdl	1	4
链接地址	ljdv	2	4
垃圾短信	ljdx	1	4
龙卷风	ljf	1	3
六间房	ljf	2	3
龙驹凤雏	ljfi	1	4
棱角分明	ljfm	1	4
两极反转	ljfv	1	4
逻辑分析	ljfx	1	4
路径分析	ljfx	2	4
垃圾广告	ljgg	1	4
逻辑关系	ljgx	1	4
老家伙	ljh	1	3
两句话	ljh	2	3
老江湖	ljh	3	3
乱讲话	ljh	4	3
邻近海域	ljhy	1	4
零基础	lji	1	3
垃圾场	lji	2	3
龙井茶	lji	3	3
垃圾车	lji	4	3
唠家常	lji	5	3
李嘉诚	lji	6	3
连接出错	ljic	1	4
老将出马，一个顶俩	ljil	1	4
老将出马	ljim	1	4
连接超时	ljiu	2	4
亮晶晶	ljj	2	3
林俊杰	ljj	3	3
辣椒酱	ljj	4	3
老肩巨滑	ljjh	3	4
历尽艰苦	ljjk	2	4
立即进入	ljjr	1	4
两军交战	ljjv	1	4
勒紧裤腰带	ljkd	1	4
六角括号	ljkh	1	4
历尽苦难	ljkn	1	4
六级考试	ljku	1	4
勒紧裤腰带过日子	ljkz	2	4
了解了	ljl	2	3
了进来	ljl	3	3
理解了	ljl	4	3
拉进来	ljl	5	3
零距离	ljl	6	3
垃圾篓	ljl	7	3
领进来	ljl	8	3
蓝精灵	ljl	9	3
刘嘉玲	ljl	10	3
来就来吧	ljlb	1	4
零距离接触	ljli	1	4
了解了解	ljlj	3	4
廉价劳动力	ljll	1	4
旅进旅退	ljlt	1	4
录节目	ljm	1	3
辣椒面	ljm	2	3
林觉民	ljm	3	3
路径名	ljm	4	3
恋酒迷花	ljmh	1	4
历经磨炼	ljml	1	4
历尽磨难	ljmn	1	4
联机模式	ljmu	2	4
邻家女孩	ljnh	1	4
理解能力	ljnl	1	4
立交桥	ljq	1	3
了进去	ljq	2	3
老交情	ljq	3	3
连接器	ljq	4	3
量角器	ljq	5	3
立即启动	ljqd	1	4
量价齐跌	ljqd	2	4
累建奇功	ljqg	2	4
垃圾清理	ljql	1	4
拉进群里	ljql	2	4
来拒去留	ljql	3	4
恋奸情热	ljqr	2	4
领军企业	ljqy	1	4
绿巨人	ljr	2	3
梁静茹	ljr	3	3
垃圾人	ljr	4	3
里脊肉饼	ljrb	1	4
劳教所	ljs	1	3
历经岁月	ljsy	2	4
垃圾桶	ljt	1	3
领奖台	ljt	2	3
两件套	ljt	3	3
恋酒贪杯	ljtb	1	4
离家太远	ljty	2	4
两件事	lju	2	3
炼金术	lju	3	3
老教授	lju	4	3
辣椒水	lju	5	3
两居室	lju	6	3
留几手	lju	7	3
累计数	lju	8	3
乱嚼舌根	ljug	3	4
了解世界	ljuj	2	4
牢记使命	ljum	2	4
垃圾食品	ljup	2	4
立即生效	ljux	1	4
链接失效	ljux	2	4
拉锯战	ljv	1	3
临界值	ljv	2	3
垃圾站	ljv	3	3
绿军装	ljv	4	3
路径追踪	ljvz	2	4
理解为	ljw	2	3
零九五笔	ljwb	1	4
六键无冲	ljwi	1	4
垃圾文件	ljwj	1	4
理解万岁	ljws	1	4
了解问题	ljwt	1	4
垃圾箱	ljx	2	3
逻辑性	ljx	3	3
六角形	ljx	4	3
逻辑学	ljx	5	3
连接线	ljx	6	3
绿箭侠	ljx	7	3
牢记心中	ljxv	1	4
了结心愿	ljxy	1	4
立即下载	ljxz	1	4
凌驾于	ljy	2	3
卢俊义	ljy	3	3
辣椒油	ljy	4	3
两脚一蹬	ljyd	2	4
略举一二	ljye	1	4
路径依赖	ljyl	1	4
立即引起	ljyq	1	4
劣迹艺人	ljyr	1	4
理解一下	ljyx	1	4
了解一下	ljyx	2	4
垃圾游戏	ljyx	3	4
陆家嘴	ljz	1	3
尥蹶子	ljz	2	3
逻辑自洽	ljzq	1	4
牢记在心	ljzx	1	4
牢记在胸	ljzx	2	4
连接资源	ljzy	1	4
立刻	lk	2	2
离开	lk	3	2
立可白	lkb	2	3
拉开比分	lkbf	1	4
力可拔山	lkbu	1	4
零库存	lkc	2	3
理亏词穷	lkcq	2	4
劳苦大众	lkdv	2	4
乱扣费	lkf	2	3
录口供	lkg	2	3
拉开差距	lkij	1	4
凌空抽射	lkiu	1	4
旅客机	lkj	2	3
立刻就要	lkjy	2	4
老框框	lkk	2	3
零宽空格	lkkg	1	4
离开了	lkl	1	3
拉开了	lkl	2	3
乐开了花	lklh	2	4
两块钱	lkq	2	3
冷空气	lkq	3	3
李克勤	lkq	4	3
烂柯棋缘	lkqy	1	4
离开人间	lkrj	1	4
离开人世	lkru	2	4
劳科所	lks	1	3
流口水	lku	2	3
理科生	lku	3	3
凉开水	lku	4	3
理科数学	lkux	1	4
两口之家	lkvj	1	4
拉开战幕	lkvm	1	4
理科状元	lkvy	1	4
连裤袜	lkw	1	3
刘恺威	lkw	2	3
两口子	lkz	2	3
来了	ll	2	2
力量	ll	3	2
履历表	llb	2	3
流量包	llb	3	3
理论部分	llbf	2	4
累累白骨	llbg	2	4
绿了芭蕉	llbj	3	4
力量薄弱	llbr	1	4
罗里吧嗦	llbs	2	4
浪里白条	llbt	1	4
联络点	lld	2	3
领略到	lld	3	3
啦啦队	lld	4	3
力量对比	lldb	1	4
留了电话	lldh	2	4
流量大户	lldh	3	4
流浪地球	lldq	1	4
连连点头	lldt	1	4
老来得子	lldz	2	4
流浪儿	lle	2	3
乱了分寸	llfc	2	4
乱了方寸	llfc	3	4
恋恋风尘	llfi	2	4
联络方式	llfu	1	4
理论分析	llfx	2	4
落了个	llg	1	3
流浪狗	llg	2	3
劳累过度	llgd	2	4
理论根据	llgj	2	4
联络工具	llgj	3	4
流量管家	llgj	4	4
录了个屏	llgp	1	4
联络感情	llgq	1	4
流浪歌手	llgu	1	4
零零后	llh	1	3
流浪汉	llh	2	3
拦路虎	llh	3	3
老龄化	llh	4	3
流泪黄豆	llhd	1	4
淋漓酣畅	llhi	1	4
邻里和睦	llhm	1	4
料理后事	llhu	1	4
联络处	lli	1	3
琉璃厂	lli	2	3
勒勒车	lli	3	3
泪流成河	llih	1	4
李连杰	llj	2	3
来例假	llj	3	3
李隆基	llj	4	3
两两角	llj	5	3
寥寥几个	lljg	2	4
寥寥几句	lljj	1	4
粒粒皆辛苦	lljk	1	4
浏览记录	lljl	2	4
流落街头	lljt	1	4
流浪街头	lljt	2	4
老两口	llk	1	3
萝莉控	llk	2	3
唠唠嗑	llk	3	3
流量卡	llk	4	3
理论课	llk	5	3
连连看	llk	6	3
拉拉裤	llk	7	3
愣了愣	lll	1	3
来来来	lll	2	3
捋了捋	lll	3	3
六六六	lll	4	3
啦啦啦	lll	5	3
狼来了	lll	6	3
刘姥姥	lll	7	3
浏览量	lll	8	3
来了老弟	llld	1	4
聊来聊去	lllq	2	4
力量流失	lllu	2	4
姥姥姥爷	llly	1	4
刘姥姥进大观园	llly	2	4
流浪猫	llm	1	3
老流氓	llm	2	3
理论码长	llmi	2	4
浏览模式	llmu	3	4
流量明星	llmx	1	4
理论模型	llmx	2	4
连累你们	llnm	2	4
路两旁	llp	2	3
伦理片	llp	3	3
拉了泡屎	llpu	1	4
浏览器	llq	2	3
老来俏	llq	3	3
拉力器	llq	4	3
力量强大	llqd	1	4
屡立奇功	llqg	2	4
拦路抢劫	llqj	1	4
流浪乞讨	llqt	1	4
朗朗青天	llqt	2	4
联络人	llr	1	3
老腊肉	llr	2	3
历来如此	llrc	1	4
老龄人口	llrk	1	4
泪流如雨	llry	1	4
拉力赛	lls	1	3
聊聊天	llt	2	3
洛丽塔	llt	3	3
乱了套	llt	4	3
瘌痢头	llt	5	3
氯雷他定	lltd	2	4
琳琅天上	lltu	2	4
流落天涯	llty	2	4
理论上	llu	2	3
练练手	llu	3	3
劳力士	llu	4	3
隆隆声	llu	5	3
拦路石	llu	6	3
累累硕果	llug	1	4
理论水平	llup	1	4
寥寥数人	llur	1	4
老了十岁	llus	2	4
琉璃神社	lluu	3	4
理论数学	llux	1	4
寥寥数语	lluy	1	4
连理枝	llv	1	3
联络站	llv	2	3
沦落至此	llvc	2	4
莅临指导	llvd	2	4
拉了壮丁	llvd	3	4
屡立战功	llvg	1	4
乱了阵脚	llvj	3	4
邻里之间	llvj	4	4
理论证明	llvm	1	4
老来这一套	llvt	1	4
理论知识	llvu	3	4
林林种种	llvv	1	4
牢牢掌握	llvw	2	4
另立中央	llvy	1	4
联络网	llw	2	3
兰陵王	llw	3	3
琉璃瓦	llw	4	3
理论物理	llwl	1	4
理论问题	llwt	1	4
理论务虚	llwx	1	4
力量型	llx	2	3
理论性	llx	3	3
力量雄厚	llxh	1	4
蓝绿修改器	llxq	2	4
乱了心神	llxu	1	4
流量小生	llxu	2	4
两利相权取其重	llxv	1	4
联络员	lly	1	3
来了一个	llyg	1	4
老脸一红	llyh	2	4
离离原上谱	llyp	1	4
来了一批	llyp	2	4
留了一手	llyu	1	4
流落异乡	llyx	1	4
洛伦兹力	llzl	1	4
裸露在外	llzw	1	4
猎猎作响	llzx	1	4
理论最优	llzy	1	4
里面	lm	2	2
连忙	lm	3	2
老毛病	lmb	2	3
雷鸣般	lmb	3	3
雷鸣八卦	lmbg	1	4
两面包夹	lmbj	3	4
两面包夹芝士	lmbu	4	4
栏目包装	lmbv	1	4
连绵词	lmc	2	3
黎曼猜想	lmcx	1	4
灵敏度	lmd	1	3
连蒙带猜	lmdc	3	4
连蒙带唬	lmdh	1	4
连蒙带骗	lmdp	1	4
礼貌待人	lmdr	1	4
连名带姓	lmdx	1	4
联袂而至	lmev	1	4
劳民费财	lmfc	1	4
罗马法系	lmfx	1	4
蓝玫瑰	lmg	2	3
绿毛龟	lmg	3	3
冷门歌手	lmgu	1	4
廉明公正	lmgv	1	4
狸猫换太子	lmhz	2	4
另谋出路	lmil	3	4
老母鸡	lmj	2	3
露马脚	lmj	3	3
联名举报	lmjb	3	4
两面夹攻	lmjg	1	4
黎曼几何	lmjh	1	4
老面孔	lmk	2	3
联名卡	lmk	3	3
撸猫看戏	lmkx	1	4
来没来	lml	2	3
来没来过	lmlg	1	4
来嘛来嘛	lmlm	3	4
老马恋栈	lmlv	2	4
冷眉冷眼	lmly	2	4
林妹妹	lmm	2	3
路漫漫	lmm	3	3
两茫茫	lmm	4	3
乱麻麻	lmm	5	3
路漫漫其修远兮	lmmx	1	4
铃木美咲	lmmx	2	4
刘姥姥进大观园	lmmy	1	4
罗密欧	lmo	2	3
两面派	lmp	2	3
老面皮	lmp	3	3
老母亲	lmq	1	3
两毛钱	lmq	2	3
黎明前的黑暗	lmqa	1	4
恋母情结	lmqj	1	4
恋妹情结	lmqj	2	4
六名七相八敬神九交贵人十养生	lmqu	2	4
猎魔人	lmr	2	3
罗马人	lmr	3	3
流氓软件	lmrj	1	4
流媒体	lmt	2	3
流氓兔	lmt	3	3
六面体	lmt	4	3
蓝猫淘气三千问	lmtw	1	4
连忙说	lmu	2	3
两码事	lmu	3	3
罗马仕	lmu	4	3
黎明曙光	lmug	3	4
老母猪	lmv	2	3
龙门阵	lmv	3	3
两面针	lmv	4	3
冷漠无情	lmwq	1	4
两面性	lmx	2	3
六芒星	lmx	3	3
灵敏性	lmx	4	3
流氓习气	lmxq	2	4
柳眉杏眼	lmxy	1	4
了没有	lmy	2	3
临门一脚	lmyj	2	4
老毛子	lmz	1	3
绿帽子	lmz	2	3
老妈子	lmz	3	3
栏目组	lmz	4	3
辣妹子	lmz	5	3
罗马字母	lmzm	1	4
冷门资源	lmzy	1	4
两年	ln	2	2
理念	ln	3	2
两年半	lnb	2	3
临难不惧	lnbj	1	4
两年多	lnd	2	3
两年多来	lndl	1	4
老年得子	lndz	2	4
老年妇女	lnfn	1	4
烂泥扶不上墙	lnfq	1	4
力能扛鼎	lngd	1	4
颅内高潮	lngi	1	4
老年公寓	lngy	1	4
两年后	lnh	2	3
老男孩	lnh	3	3
烂泥糊不上墙	lnhq	1	4
老牛吃嫩草	lnic	1	4
老年痴呆症	lniv	1	4
辽宁朝阳	lniy	1	4
六年级	lnj	2	3
老年机	lnj	3	3
老年健康	lnjk	1	4
老年卡	lnk	2	3
来年开春	lnki	1	4
两年来	lnl	2	3
老娘们	lnm	1	3
老农民	lnm	2	3
驴年马月	lnmy	1	4
老奶奶	lnn	2	3
两年前	lnq	2	3
六年前	lnq	3	3
老年人	lnr	2	3
老年人口	lnrk	1	4
冷凝水	lnu	2	3
辽宁省	lnu	3	3
雷诺氏病	lnub	1	4
路怒症	lnv	2	3
六年制	lnv	3	3
历年真题	lnvt	1	4
里嫩外焦	lnwj	1	4
鲁难未已	lnwy	1	4
老年性	lnx	2	3
濑尿虾	lnx	3	3
两女一杯	lnyb	1	4
老年医学	lnyx	1	4
老婆	lp	2	2
离谱	lp	3	2
脸皮薄	lpb	2	3
老婆大人	lpdr	1	4
脸盘儿	lpe	1	3
老匹夫	lpf	1	3
立牌坊	lpf	2	3
零排放	lpf	3	3
礼品发放	lpff	1	4
乱披风锤法	lpff	2	4
落配凤凰不如鸡	lpfj	1	4
癞皮狗	lpg	2	3
冷屁股	lpg	3	3
脸皮厚	lph	2	3
礼品盒	lph	3	3
脸谱化	lph	4	3
老婆孩子热炕头	lpht	1	4
老婆孩子	lphz	2	4
绿皮车	lpi	1	3
蓝牌车	lpi	2	3
绿牌车	lpi	3	3
烂片出神曲	lpiq	1	4
零配件	lpj	1	3
离谱了	lpl	2	3
拉普拉斯妖	lply	3	4
懒婆娘	lpn	2	3
老婆婆	lpp	1	3
乱蓬蓬	lpp	2	3
来瓶啤酒	lppj	1	4
良品铺子	lppz	1	4
礼品券	lpq	1	3
录屏软件	lprj	1	4
拉皮条	lpt	2	3
莲蓬头	lpt	3	3
脸皮太薄	lptb	1	4
脸皮太厚	lpth	1	4
鲁珀特之泪	lptl	1	4
六盘山	lpu	1	3
蓝皮书	lpu	2	3
绿皮书	lpu	3	3
累趴下	lpx	1	3
老朋友	lpy	2	3
老牌子	lpz	2	3
老婆子	lpz	3	3
亮牌子	lpz	4	3
冷僻字	lpz	5	3
老婆早安	lpza	1	4
力气	lq	2	2
离去	lq	3	2
老前辈	lqb	2	3
六七八	lqb	3	3
录取办法	lqbf	1	4
屡劝不改	lqbg	2	4
篮球比赛	lqbs	3	4
六七次	lqc	2	3
篮球裁判	lqcp	2	4
了却残生	lqcu	1	4
篮球队	lqd	1	3
刘强东	lqd	2	3
乱拳打死老师傅	lqdf	1	4
留取丹心照汗青	lqdq	1	4
来去方便	lqfb	1	4
灵气复苏	lqfs	1	4
六七个	lqg	2	3
六七个人	lqgr	1	4
六七个月	lqgy	1	4
力气活	lqh	1	3
亮起红灯	lqhd	2	4
篮球场	lqi	1	3
梁启超	lqi	2	3
冷却剂	lqj	2	3
禄权科忌	lqkj	1	4
录取考生	lqku	2	4
留起来	lql	2	3
了起来	lql	3	3
连起来	lql	4	3
拉起来	lql	5	3
录取率	lql	6	3
两栖类	lql	7	3
聊起来了	lqll	2	4
留情面	lqm	2	3
录取名单	lqmd	1	4
六期免息	lqmx	1	4
两千年	lqn	2	3
六七年	lqn	3	3
录取批次	lqpc	1	4
离亲叛众	lqpv	1	4
冷清清	lqq	1	3
礼轻情意重	lqqv	1	4
来去如风	lqrf	2	4
两情若是久长时	lqru	2	4
录取人员	lqry	1	4
篮球赛	lqs	2	3
离奇死亡	lqsw	1	4
罗圈腿	lqt	1	3
录取通知书	lqtu	2	4
录取通知	lqtv	1	4
理清头绪	lqtx	1	4
龙骑士	lqu	1	3
六七十分	lquf	3	4
临期食品	lqup	1	4
李清照	lqv	2	3
六亲无助	lqwv	1	4
录取线	lqx	1	3
林青霞	lqx	2	3
撸起袖子加油干	lqxg	1	4
撸起袖子	lqxz	1	4
六七月	lqy	1	3
另起一行	lqyh	3	4
猎犬座	lqz	1	3
良禽择木而栖	lqzq	1	4
来去自如	lqzr	1	4
两人	lr	2	2
老人	lr	3	2
令人安慰	lraw	1	4
老人斑	lrb	2	3
列入白名单	lrbd	2	4
利润不大	lrbd	3	4
利人不利己	lrbj	2	4
令人不快	lrbk	1	4
老弱病残孕	lrby	1	4
录入错误	lrcw	1	4
连人带	lrd	1	3
令人胆寒	lrdh	2	4
令人担心的是	lrdu	1	4
令人担心	lrdx	1	4
泪人儿	lre	1	3
利润额	lre	2	3
令人扼腕	lrew	1	4
卤肉饭	lrf	1	3
令人反感	lrfg	2	4
令人愤慨	lrfk	1	4
令人烦恼	lrfn	1	4
令人愤怒	lrfn	2	4
利润分配	lrfp	1	4
落入法网	lrfw	2	4
令人尴尬	lrgg	1	4
令人感慨	lrgk	1	4
令人感叹	lrgt	1	4
令人高兴	lrgx	1	4
李荣浩	lrh	1	3
列入黑名单	lrhd	1	4
令人害怕	lrhp	1	4
令人回味	lrhw	1	4
令人怀疑	lrhy	1	4
令人吃惊	lrij	1	4
令人瞠目	lrim	1	4
利刃出鞘	lriq	2	4
老人家	lrj	2	3
路人甲	lrj	3	3
老人机	lrj	4	3
六人间	lrj	5	3
令人骄傲	lrja	1	4
令人激动	lrjd	1	4
列入计划	lrjh	1	4
令人叫绝	lrjj	2	4
令人敬佩	lrjp	1	4
令人惊叹	lrjt	2	4
令人敬畏	lrjw	1	4
令人惊喜	lrjx	1	4
令人惊讶	lrjy	2	4
老人卡	lrk	1	3
利润率	lrl	1	3
连日来	lrl	2	3
乱扔垃圾	lrlj	2	4
老人们	lrm	1	3
乱如麻	lrm	2	3
卤肉面	lrm	3	3
令人目眩	lrmx	1	4
令人难过	lrng	1	4
令人恼火	lrnh	1	4
令人难堪	lrnk	1	4
令人难以置信	lrnx	1	4
令人难以	lrny	1	4
令人期待	lrqd	1	4
令人气愤	lrqf	1	4
领如蝤蛴	lrqq	1	4
零容忍	lrr	1	3
乐融融	lrr	2	3
绿茸茸	lrr	3	3
礼让三分	lrsf	1	4
两人三脚	lrsj	1	4
落入俗套	lrst	1	4
令人头疼	lrtt	1	4
令人头秃	lrtt	2	4
令人叹为观止	lrtv	1	4
令人痛心	lrtx	1	4
令人讨厌	lrty	1	4
狼人杀	lru	1	3
懒人屎尿多	lrud	1	4
两人世界	lruj	1	4
利润水平	lrup	1	4
令人失望	lruw	2	4
令人震撼	lrvh	1	4
两人之间	lrvj	2	4
令人震惊	lrvj	3	4
凛然正气	lrvq	1	4
令人震惊的是	lrvu	1	4
令人窒息	lrvx	1	4
令人窒息的操作	lrvz	1	4
丽人网	lrw	1	3
利润微薄	lrwb	1	4
令人无法	lrwf	1	4
恋人未满	lrwm	1	4
令人兴奋	lrxf	2	4
令人心寒	lrxh	1	4
寥若星辰	lrxi	1	4
令人欣慰的是	lrxu	1	4
令人心折	lrxv	1	4
令人向往	lrxw	1	4
令人欣慰	lrxw	2	4
令人遐想	lrxx	1	4
路人乙	lry	1	3
类人猿	lry	2	3
老人院	lry	3	3
录入员	lry	4	3
懒人有懒福	lryf	1	4
令人遗憾	lryh	2	4
落日余晖	lryh	3	4
令人厌倦	lryj	1	4
令人忧伤	lryu	1	4
令人意外	lryw	1	4
令人厌恶	lryw	2	4
令人尊敬	lrzj	1	4
懒人自有妙计	lrzj	2	4
令人赞叹	lrzt	1	4
利润增长	lrzv	1	4
淋溶作用	lrzy	1	4
类似	ls	2	2
脸色	ls	3	2
硫酸铵	lsa	1	3
绿色版	lsb	2	3
勒索病毒	lsbd	3	4
两三百个	lsbg	1	4
老死不相往来	lsbl	1	4
理所不容	lsbr	1	4
两三次	lsc	1	3
脸色苍白	lscb	1	4
脸色惨白	lscb	2	4
里三层外三层	lscc	1	4
螺丝钉	lsd	2	3
螺丝刀	lsd	3	3
连锁店	lsd	4	3
两三点	lsd	5	3
脸色大变	lsdb	1	4
泪洒当场	lsdi	1	4
绿色对局	lsdj	4	4
螺蛳粉	lsf	1	3
两三分钟	lsfv	1	4
两三个	lsg	2	3
吝啬鬼	lsg	3	3
绿色革命	lsgm	1	4
两三个人	lsgr	1	4
两三个钟	lsgv	2	4
两三个月	lsgy	1	4
拉丝工艺	lsgy	2	4
两三个字	lsgz	1	4
络腮胡	lsh	2	3
牢骚话	lsh	3	3
两三回	lsh	4	3
绿色环保	lshb	1	4
罗斯柴尔德	lsid	1	4
拉三扯四	lsis	1	4
罗斯柴尔德家族	lsiz	1	4
老司机	lsj	1	3
两三句	lsj	2	3
连锁酒店	lsjd	1	4
两三句话	lsjh	1	4
露宿街头	lsjt	2	4
老司机带带我	lsjw	1	4
连锁经营	lsjy	1	4
赖死赖活	lslh	2	4
啰嗦老太婆	lslp	1	4
了什么	lsm	1	3
螺丝帽	lsm	2	3
两三年	lsn	1	3
力所能为	lsnw	1	4
老色批	lsp	2	3
临死前	lsq	2	3
勒索钱财	lsqc	1	4
累死人	lsr	2	3
绿色软件	lsrj	1	4
两三岁	lss	2	3
冷飕飕	lss	3	3
凉飕飕	lss	4	3
两三天	lst	1	3
罗宋汤	lst	2	3
绿色通道	lstd	1	4
脸色铁青	lstq	1	4
脸色煞白	lsub	1	4
连锁商店	lsud	1	4
离散数学	lsux	1	4
朗诵者	lsv	2	3
类似之处	lsvi	1	4
脸色微变	lswb	1	4
累死我了	lswl	1	4
乐死我了	lswl	2	4
拉斯维加斯	lsws	1	4
类似问题	lswt	1	4
老思想	lsx	2	3
绿色消费	lsxf	1	4
两三小时	lsxu	2	4
类似现象	lsxx	2	4
类似于	lsy	1	3
磷酸盐	lsy	2	3
脸色一变	lsyb	2	4
六四运动	lsyd	2	4
脸色阴沉	lsyi	2	4
蓝色预警	lsyj	4	4
两天	lt	2	2
聊天	lt	3	2
六条边	ltb	1	3
两头不讨好	ltbh	1	4
两头不是人	ltbr	1	4
老天不负有心人	ltbr	2	4
留图不留种	ltbv	1	4
雷霆半月斩	ltbv	2	4
来头不小	ltbx	1	4
离土不离乡	ltbx	2	4
蓝天白云	ltby	1	4
老天保佑	ltby	2	4
驴头不对马嘴	ltbz	1	4
两头大	ltd	1	3
两条道路	ltdl	1	4
连头带脑	ltdn	1	4
聊天打屁	ltdp	1	4
连汤带水	ltdu	2	4
理塘丁真	ltdv	1	4
连头带尾	ltdw	1	4
两头大中间小	ltdx	1	4
老头儿	lte	2	3
聊天儿	lte	3	3
愣头儿青	lteq	1	4
老头发力	ltfl	1	4
楼梯扶手	ltfu	1	4
聊天方式	ltfu	2	4
立体感	ltg	1	3
聊天鬼才	ltgc	1	4
搂头盖脸	ltgl	1	4
流通股票	ltgp	1	4
立体化	lth	1	3
流通货币	lthb	1	4
留条后路	lthl	1	4
留条活路	lthl	2	4
两头害怕	lthp	1	4
炼铁厂	lti	1	3
拉土车	lti	2	3
聊天窗口	ltik	1	4
龙头产品	ltip	1	4
楼梯间	ltj	1	3
落汤鸡	ltj	2	3
立体几何	ltjh	1	4
聊天记录	ltjl	1	4
露头就秒	ltjm	1	4
兰亭集序	ltjx	2	4
楼梯口	ltk	2	3
联通卡	ltk	3	3
立体开发	ltkf	1	4
老天开眼	ltky	2	4
两条路	ltl	2	3
乱套了	ltl	3	3
老头乐	ltl	4	3
龙头老大	ltld	1	4
乱停乱放	ltlf	1	4
乱涂乱画	ltlh	1	4
旅途劳累	ltll	1	4
两条路线	ltlx	2	4
老铁们	ltm	1	3
露天煤矿	ltmk	1	4
灵堂卖片	ltmp	1	4
另投明主	ltmv	1	4
老太婆	ltp	1	3
榴弹炮	ltp	2	3
乐天派	ltp	3	3
恋童癖	ltp	4	3
愣头青	ltq	1	3
乱弹琴	ltq	2	3
连通器	ltq	3	3
龙体欠安	ltqa	1	4
龙头企业	ltqy	1	4
领头人	ltr	1	3
聊天软件	ltrj	1	4
论坛人气	ltrq	1	4
灵通人士	ltru	1	4
擂台赛	lts	1	3
老坛酸菜	ltsc	1	4
两梯三户	ltsh	1	4
六韬三略	ltsl	1	4
老坛酸菜牛肉面	ltsm	1	4
老太太	ltt	1	3
两条腿	ltt	2	3
龙抬头	ltt	3	3
立体图	ltt	4	3
两条腿走路	lttl	1	4
流通体制	lttv	1	4
聊天室	ltu	1	3
老同事	ltu	2	3
立体声	ltu	3	3
路透社	ltu	4	3
流通手段	ltud	1	4
雷霆手段	ltud	2	4
两头受气	ltuq	1	4
炼铜术士	ltuu	1	4
流通市值	ltuv	1	4
论坛首页	ltuy	2	4
老同志	ltv	1	3
领土主权	ltvq	1	4
量体温	ltw	2	3
立陶宛	ltw	3	3
里通外合	ltwh	1	4
良田万顷	ltwq	1	4
老同学	ltx	1	3
两头小	ltx	2	3
流通性	ltx	3	3
莱特兄弟	ltxd	1	4
骆驼祥子	ltxz	1	4
老天爷	lty	1	3
领头羊	lty	2	3
洛天依	lty	3	3
乱投医	lty	4	3
聋天哑地	ltyd	1	4
离他远点	ltyd	2	4
连体婴儿	ltye	1	4
老天爷赏饭	ltyf	1	4
老天爷追着喂饭	ltyf	2	4
两天以后	ltyh	2	4
老天爷赏饭吃	ltyi	1	4
雷霆一击	ltyj	1	4
旅途愉快	ltyk	2	4
雷霆雨露	ltyl	1	4
两弹一星	ltyx	1	4
老头子	ltz	1	3
烂摊子	ltz	2	3
撂挑子	ltz	3	3
历史	lu	2	2
老师	lu	3	2
老鼠爱大米	luam	1	4
凌霜傲雪	luax	1	4
梁山泊	lub	2	3
梁山伯	lub	3	3
零售版	lub	4	3
临时抱佛脚	lubj	4	4
历史必然	lubr	1	4
梁山伯与祝英台	lubt	2	4
屡试不中	lubv	1	4
敛声屏息	lubx	1	4
流水淙淙	lucc	1	4
老实点	lud	1	3
零售店	lud	2	3
老树兜	lud	3	3
孪生弟弟	ludd	1	4
来说的话	ludh	2	4
连说带唱	ludi	3	4
历史地理	ludl	1	4
落实到人	ludr	2	4
六十大寿	ludu	1	4
历史地位	ludw	1	4
雷声大雨点小	ludx	1	4
雷声大，雨点小	ludx	2	4
历史第一	ludy	2	4
历史底蕴	ludy	3	4
留守儿童	luet	1	4
老师傅	luf	2	3
律师费	luf	3	3
乱收费	luf	4	3
略施粉黛	lufd	1	4
历史发展	lufv	1	4
临时工	lug	2	3
领事馆	lug	3	3
落水狗	lug	4	3
理事国	lug	5	3
老鼠过街人人喊打	lugd	1	4
孪生哥哥	lugg	1	4
历史规律	lugl	1	4
历史贡献	lugx	1	4
隶属关系	lugx	2	4
临时工作	lugz	1	4
理事会	luh	2	3
老师好	luh	3	3
律师函	luh	4	3
老实回答	luhd	2	4
历史回顾	luhg	1	4
律师函警告	luhg	2	4
六十花甲	luhj	2	4
老鼠和猫	luhm	1	4
炼神还虚	luhx	2	4
拉手刹	lui	1	3
留守处	lui	2	3
临时成绩	luij	1	4
六十出头	luit	2	4
炉石传说	luiu	3	4
流式传输	luiu	4	4
乱世出英雄	luix	1	4
零售价	luj	2	3
洛杉矶	luj	3	3
留声机	luj	4	3
老实交代	lujd	1	4
历史阶段	lujd	2	4
连声叫好	lujh	1	4
孪生姐姐	lujj	1	4
历史记录	lujl	2	4
历史价值	lujv	2	4
历史经验	lujy	3	4
历史记载	lujz	3	4
历史课	luk	2	3
了上来	lul	2	3
龙舌兰	lul	3	3
泪水涟涟	lull	1	4
留守老人	lulr	1	4
楼上楼下	lulx	1	4
了什么	lum	2	3
李世民	lum	3	3
老师们	lum	4	3
罗生门	lum	5	3
历史名城	lumi	1	4
烈士暮年	lumn	1	4
历史名人	lumr	2	4
历史命运	lumy	1	4
六十年	lun	1	3
六十年前	lunq	1	4
恋尸癖	lup	2	3
庐山瀑布	lupb	1	4
敛声屏气	lupq	1	4
历史篇章	lupv	1	4
临时拼音	lupy	1	4
临时拼音生僻字	lupz	2	4
了上去	luq	2	3
乱十七	luq	3	3
两受其害	luqh	1	4
老熟人	lur	2	3
老实人	lur	3	3
零输入响应	lury	1	4
六十岁	lus	2	3
论述题	lut	2	3
拉山头	lut	3	3
雷神托尔	lute	1	4
历史投稿	lutg	1	4
老少通吃	luti	2	4
临时停车	luti	3	4
临时停靠	lutk	1	4
利水通淋	lutl	1	4
历史上	luu	2	3
老实说	luu	3	3
老鼠屎	luu	4	3
亮闪闪	luu	5	3
刘诗诗	luu	6	3
零售市场	luui	3	4
历史数据	luuj	4	4
老师上课	luuk	1	4
历史时刻	luuk	2	4
历史上的今天	luut	1	4
两手抓	luv	2	3
李时珍	luv	3	3
流水账	luv	4	3
两手准备	luvb	1	4
临时准备	luvb	2	4
落实政策	luvc	1	4
乱世重典	luvd	1	4
临时账户	luvh	2	4
楼上正解	luvj	2	4
历史状况	luvk	1	4
庐山真面目	luvm	3	4
六十周年	luvn	1	4
历史传统	luvt	1	4
历史转折	luvv	1	4
历史政治	luvv	2	4
乱世之中	luvv	3	4
历史正文	luvw	2	4
历史真相	luvx	1	4
落实执行	luvx	2	4
乐视网	luw	2	3
临时维护	luwh	2	4
临时文件	luwj	1	4
老少无欺	luwq	2	4
历史舞台	luwt	3	4
历史唯一	luwy	2	4
历史唯物主义	luwy	3	4
流水线	lux	2	3
历史性	lux	3	3
历史系	lux	4	3
流水席	lux	5	3
临时性	lux	6	3
老寿星	lux	7	3
历史新低	luxd	2	4
历史新高	luxg	2	4
历史性时刻	luxk	1	4
利水消肿	luxv	1	4
历史性会晤	luxw	1	4
历史虚无主义	luxy	3	4
铃声下载	luxz	1	4
隶属于	luy	2	3
老山羊	luy	3	3
零售业	luy	4	3
老鼠药	luy	5	3
李商隐	luy	6	3
历史沿革	luyg	2	4
撸上一管	luyg	3	4
脸上一红	luyh	1	4
历史遗迹	luyj	3	4
历史遗留	luyl	1	4
历史遗留问题	luyt	2	4
劳师远征	luyv	1	4
烂熟于胸	luyx	3	4
冷水澡	luz	2	3
历史最高	luzg	1	4
律师资格	luzg	2	4
来世再见	luzj	1	4
历史最佳	luzj	2	4
历史责任	luzr	1	4
历史总是惊人的相似	luzs	1	4
乱世造英雄	luzx	1	4
老神在在	luzz	2	4
两种	lv	2	2
拉着	lv	3	2
立正挨打	lvad	1	4
来者不善，善者不来	lvbl	1	4
赖着不走	lvbz	1	4
两者都	lvd	1	3
亮着灯	lvd	2	3
陆战队	lvd	3	3
连枝带叶	lvdy	1	4
路转粉	lvf	2	3
龙章凤姿	lvfz	2	4
立战功	lvg	1	3
两只胳膊	lvgb	1	4
留着过年	lvgn	1	4
廉政公署	lvgu	1	4
论证会	lvh	2	3
来者何人	lvhr	1	4
卤煮火烧	lvhu	1	4
劣质产品	lvip	1	4
两只脚	lvj	2	3
领证结婚	lvjh	1	4
两者皆可抛	lvjp	1	4
隆重举行	lvjx	1	4
理智看待	lvkd	1	4
连州跨郡	lvkj	1	4
两种可能	lvkn	1	4
隆重开业	lvky	1	4
流着泪	lvl	2	3
林志玲	lvl	3	3
离职率	lvl	4	3
楼中楼	lvl	5	3
兰州拉面	lvlm	1	4
烂芝麻	lvm	1	3
临阵磨刀	lvmd	1	4
笼中鸟	lvn	1	3
两周年	lvn	2	3
老照片	lvp	1	3
连珠炮	lvp	2	3
铝制品	lvp	3	3
卤制品	lvp	4	3
临终前	lvq	1	3
陆战棋	lvq	2	3
六指琴魔	lvqm	1	4
乱中取胜	lvqu	1	4
零帧起手	lvqu	2	4
隆重庆祝	lvqv	2	4
老丈人	lvr	2	3
卤猪肉	lvr	3	3
零状态	lvt	2	3
聆竹听风	lvtf	1	4
隆重推出	lvti	1	4
临阵退缩	lvts	1	4
临阵逃脱	lvtt	2	4
离职通知	lvtv	1	4
两只手	lvu	2	3
鲁智深	lvu	3	3
连轴转	lvv	2	3
亮铮铮	lvv	3	3
狼蜘蛛	lvv	4	3
临终之际	lvvj	2	4
离职证明	lvvm	1	4
留之无用	lvwy	1	4
林志炫	lvx	2	3
罗志祥	lvx	3	3
老战友	lvy	1	3
老中医	lvy	2	3
雷阵雨	lvy	3	3
林志颖	lvy	4	3
两只眼睛	lvyj	1	4
来者犹可追	lvyv	1	4
两位	lw	2	2
另外	lw	3	2
露尾巴	lwb	2	3
莱维贝贝	lwbb	1	4
临危不顾	lwbg	2	4
里外不是人	lwbr	1	4
领悟到	lwd	2	3
芦苇荡	lwd	3	3
六味地黄丸	lwdw	1	4
遛弯儿	lwe	2	3
离我而去	lweq	1	4
劳务费	lwf	2	3
论文发表	lwfb	1	4
力微饭否	lwff	1	4
力微，饭否？	lwff	2	4
来我房间	lwfj	2	4
老乌龟	lwg	1	3
老顽固	lwg	2	3
螺纹钢	lwg	3	3
龙王归来	lwgl	2	4
列文虎克	lwhk	2	4
劳务合同	lwht	1	4
狼窝虎穴	lwhx	2	4
论文查重	lwii	2	4
略微出手	lwiu	2	4
论文集	lwj	2	3
了无惧意	lwjy	2	4
捞外快	lwk	2	3
论文库	lwk	3	3
恋无可恋	lwkl	2	4
来晚了	lwl	2	3
烂尾楼	lwl	3	3
了无乐趣	lwlq	2	4
龙王庙	lwm	2	3
利为民所谋	lwmm	1	4
领悟能力	lwnl	1	4
蓝纹奶酪	lwnl	2	4
令我难以	lwny	1	4
恋物癖	lwp	2	3
劳务派遣	lwpq	1	4
了无牵挂	lwqg	1	4
老无所靠	lwsk	1	4
老无所依	lwsy	1	4
瞭望塔	lwt	2	3
瞭望台	lwt	3	3
老顽童	lwt	4	3
老问题	lwt	5	3
两位数	lwu	1	3
六位数	lwu	2	3
列为重点	lwvd	1	4
泪汪汪	lww	2	3
两万五千里长征	lwwv	1	4
沦为笑柄	lwxb	1	4
聊慰心灵	lwxl	1	4
另外一	lwy	1	3
阑尾炎	lwy	2	3
来往于	lwy	3	3
龙王爷	lwy	4	3
来无影	lwy	5	3
来晚一步	lwyb	1	4
另外一个	lwyg	1	4
另外一方面	lwym	1	4
另外一个人	lwyr	1	4
另外一种	lwyv	1	4
另外一些	lwyx	1	4
了无音讯	lwyx	2	4
来无影去无踪	lwyz	1	4
来无影，去无踪	lwyz	2	4
来无踪去无影	lwzy	1	4
留下	lx	2	2
联系	lx	3	2
练习簿	lxb	1	3
流行榜	lxb	2	3
流行病	lxb	3	3
良心不安	lxba	1	4
理想抱负	lxbf	1	4
另想办法	lxbf	2	4
连续播放	lxbf	3	4
两相比较	lxbj	3	4
老朽不堪	lxbk	1	4
良心被狗吃了	lxbl	1	4
联系不上	lxbu	1	4
冷笑不语	lxby	1	4
龙性本淫	lxby	2	4
略显不足	lxbz	1	4
略嫌不足	lxbz	2	4
练习册	lxc	1	3
联想到	lxd	1	3
录像带	lxd	2	3
刘玄德	lxd	3	3
落雪打冻	lxdd	1	4
龙行龘龘	lxdd	2	4
联想到了	lxdl	1	4
连续登录	lxdl	2	4
联想电脑	lxdn	1	4
连续多年	lxdn	2	4
离线地图	lxdt	1	4
领先地位	lxdw	2	4
连想都不敢想	lxdx	1	4
露馅儿	lxe	1	3
离席而去	lxeq	1	4
两小儿辨日	lxer	1	4
路西法	lxf	1	3
陆小凤	lxf	2	3
留下伏笔	lxfb	1	4
路线方针政策	lxfc	1	4
离线发送	lxfs	1	4
劳心费神	lxfu	2	4
路线方针	lxfv	1	4
良性发展	lxfv	2	4
良心发现	lxfx	1	4
量小非君子	lxfz	1	4
老戏骨	lxg	1	3
理想国	lxg	2	3
蜡像馆	lxg	3	3
离休干部	lxgb	1	4
另行规定	lxgd	1	4
连续高潮	lxgi	1	4
螺旋杆菌	lxgj	1	4
流行感冒	lxgm	1	4
两性关系	lxgx	1	4
连续工作	lxgz	1	4
冷笑话	lxh	1	3
理想化	lxh	2	3
李寻欢	lxh	3	3
老相好	lxh	4	3
柳下惠	lxh	5	3
老小孩	lxh	6	3
炼虚合道	lxhd	1	4
立下汗马功劳	lxhl	1	4
流下悔恨之泪	lxhl	2	4
六星好评	lxhp	1	4
履行合同	lxht	1	4
例行会议	lxhy	1	4
另寻出路	lxil	1	4
另行处理	lxil	2	4
螺旋桨	lxj	1	3
老学究	lxj	2	3
录像机	lxj	3	3
连续剧	lxj	4	3
历险记	lxj	5	3
零星几点	lxjd	1	4
理想境界	lxjj	1	4
旅行吉他	lxjt	2	4
良性竞争	lxjv	2	4
老乡见老乡，两眼泪汪汪	lxjw	1	4
老乡见老乡	lxjx	1	4
蓝翔技校	lxjx	2	4
洛希极限	lxjx	3	4
理性看待	lxkd	1	4
良宵苦短	lxkd	2	4
流行看法	lxkf	1	4
留下了	lxl	1	3
了下来	lxl	2	3
留下来	lxl	3	3
落下来	lxl	4	3
流下来	lxl	5	3
拉下脸	lxl	6	3
李小龙	lxl	7	3
李小璐	lxl	8	3
留下来的	lxld	2	4
来信来访	lxlf	1	4
连下两城	lxli	1	4
拉下脸来	lxll	1	4
六旬老人	lxlr	1	4
流下了悔恨的泪水	lxlu	1	4
联系联系	lxlx	1	4
留下烙印	lxly	1	4
拉下马	lxm	1	3
龙须面	lxm	2	3
留下买路财	lxmc	1	4
留下买路钱	lxmq	1	4
连续内射	lxnu	1	4
履行诺言	lxny	1	4
录像片	lxp	1	3
六线谱	lxp	2	3
零星片段	lxpd	1	4
流血漂橹	lxpl	1	4
联想起	lxq	1	3
了下去	lxq	2	3
刘晓庆	lxq	3	3
老校区	lxq	4	3
留学期间	lxqj	1	4
恋兄情结	lxqj	2	4
联系起来	lxql	1	4
领袖群伦	lxql	2	4
联系人	lxr	1	3
林心如	lxr	2	3
郎心似铁	lxst	1	4
灵形速影	lxsy	1	4
路线图	lxt	1	3
旅行团	lxt	2	3
练习题	lxt	3	3
录像厅	lxt	4	3
聊闲天	lxt	5	3
螺旋体	lxt	6	3
另寻他处	lxti	1	4
两小时	lxu	1	3
留学生	lxu	2	3
老先生	lxu	3	3
老相识	lxu	4	3
拉下水	lxu	5	3
旅行社	lxu	6	3
乱序双编	lxub	1	4
流血事件	lxuj	2	4
领先水平	lxup	1	4
利息收入	lxur	1	4
螺旋升天	lxut	1	4
冷血杀手	lxuu	1	4
隆胸手术	lxuu	2	4
联系上下文	lxuw	1	4
老想着	lxv	1	3
旅行者	lxv	2	3
立下战功	lxvg	1	4
连续中出	lxvi	1	4
两性之间	lxvj	2	4
连续榨精	lxvj	3	4
陆续展开	lxvk	1	4
理想状态	lxvt	1	4
理想主义者	lxvv	1	4
凉血止血	lxvx	1	4
履行职责	lxvz	1	4
螺旋稳	lxw	1	3
恋新忘旧	lxwj	1	4
离线文件	lxwj	2	4
落下帷幕	lxwm	1	4
良心未泯	lxwm	2	4
连续性	lxx	1	3
旅行箱	lxx	2	3
螺旋线	lxx	3	3
鲁西西	lxx	4	3
理性消费	lxxf	1	4
理想信念	lxxn	1	4
六畜兴旺	lxxw	1	4
离线消息	lxxx	1	4
联想小新	lxxx	2	4
两心相悦	lxxy	2	4
流星雨	lxy	1	3
李逍遥	lxy	2	3
亮瞎眼	lxy	3	3
流行于	lxy	4	3
流行语	lxy	5	3
六选一	lxy	6	3
领先一步	lxyb	1	4
另行约定	lxyd	1	4
落霞与孤鹜齐飞	lxyf	1	4
留下遗憾	lxyh	1	4
六险一金	lxyj	1	4
立项依据	lxyj	2	4
流下眼泪	lxyl	1	4
亮瞎眼了	lxyl	2	4
礼下于人	lxyr	1	4
理性因素	lxys	1	4
镧系元素	lxys	2	4
冷笑一声	lxyu	1	4
履行义务	lxyw	2	4
留下阴影	lxyy	1	4
流行音乐	lxyy	2	4
两下子	lxz	1	3
离弦走板	lxzb	1	4
联系在一起	lxzq	1	4
连续作战	lxzv	1	4
了一	ly	2	2
另一	ly	3	2
利用	ly	4	2
理由	ly	5	2
立业安邦	lyab	1	4
另有安排	lyap	1	4
另一边	lyb	2	3
狼牙棒	lyb	3	3
老一辈	lyb	4	3
另一半	lyb	5	3
录音笔	lyb	6	3
留言板	lyb	7	3
留言簿	lyb	8	3
立于不败之地	lybd	2	4
礼乐崩坏	lybh	1	4
来源不明	lybm	2	4
林业部门	lybm	3	4
路遇不平	lybp	1	4
略有不同	lybt	2	4
略有不足	lybz	1	4
唠一辈子	lybz	2	4
了一次	lyc	1	3
另一侧	lyc	2	3
另一次	lyc	3	3
来也匆匆	lycc	1	4
录音磁带	lycd	1	4
柳叶刀	lyd	1	3
老一代	lyd	2	3
录音带	lyd	3	3
录影带	lyd	4	3
冷饮店	lyd	5	3
林荫大道	lydd	1	4
雷雨大风	lydf	1	4
路有冻死骨	lydg	1	4
龙与地下城	lydi	2	4
另有打算	lyds	2	4
领域大神	lydu	2	4
六一儿童节	lyej	2	4
略有耳闻	lyew	1	4
另一方	lyf	2	3
六月份	lyf	3	3
来一发	lyf	4	3
晾衣服	lyf	5	3
刘亦菲	lyf	6	3
李易峰	lyf	7	3
罗玉凤	lyf	8	3
两眼翻白	lyfb	1	4
两眼发呆	lyfd	2	4
泪雨纷飞	lyff	2	4
两眼放光	lyfg	1	4
两眼发光	lyfg	2	4
龙吟凤哕	lyfh	1	4
两眼发黑	lyfh	2	4
六月飞霜	lyfu	1	4
两眼发直	lyfv	1	4
六月飞雪	lyfx	1	4
六眼飞鱼	lyfy	3	4
了一个	lyg	2	3
另一个	lyg	3	3
晾衣杆	lyg	4	3
连云港	lyg	5	3
旅游观光	lygg	2	4
旅游攻略	lygl	1	4
另一个方面	lygm	1	4
另一个人	lygr	1	4
利益关系	lygx	1	4
了一会	lyh	1	3
利用好	lyh	2	3
老用户	lyh	3	3
联谊会	lyh	4	3
莱茵河	lyh	5	3
李彦宏	lyh	6	3
了一会儿	lyhe	1	4
老眼昏花	lyhh	1	4
烈焰红唇	lyhi	1	4
蓝印户口	lyhk	1	4
另一回事	lyhu	1	4
老爷车	lyi	1	3
绿茵场	lyi	2	3
李宇春	lyi	3	3
理由充分	lyif	1	4
利益冲突	lyit	1	4
录音机	lyj	2	3
另一家	lyj	3	3
林业局	lyj	4	3
晾衣架	lyj	5	3
旅游局	lyj	6	3
羚羊角	lyj	7	3
来月经	lyj	8	3
另一句话	lyjh	2	4
累月经年	lyjn	1	4
蓝牙键盘	lyjp	1	4
旅游景区	lyjq	1	4
利益集团	lyjt	2	4
利益均摊	lyjt	3	4
利用价值	lyjv	2	4
临渊结网	lyjw	1	4
良药苦口利于病	lykb	1	4
留有空间	lykj	1	4
聊一聊	lyl	2	3
李云龙	lyl	3	3
利用率	lyl	4	3
流眼泪	lyl	5	3
另一类	lyl	6	3
蓝月亮	lyl	7	3
临渊履薄	lylb	1	4
两眼泪汪汪	lylw	1	4
蓝银领域	lyly	2	4
另一名	lym	1	3
老爷们	lym	2	3
另一面	lym	3	3
柳叶眉	lym	4	3
泪眼模糊	lymh	1	4
两眼摸黑	lymh	2	4
流域面积	lymj	1	4
蓝牙模块	lymk	1	4
泪眼朦胧	lyml	1	4
略有磨损	lyms	1	4
卵用没有	lymy	1	4
领域内	lyn	1	3
良言难劝该死鬼	lyng	1	4
录音棚	lyp	1	3
老妖婆	lyp	2	3
另一批	lyp	3	3
来一盘	lyp	4	3
泪眼婆娑	lypo	1	4
泪眼婆娑	lyps	1	4
泪雨滂沱	lypt	1	4
了一起	lyq	1	3
连衣裙	lyq	2	3
零用钱	lyq	3	3
路由器	lyq	4	3
旅游区	lyq	5	3
录音器	lyq	6	3
滥用权力	lyql	1	4
另有企图	lyqt	1	4
利益驱使	lyqu	1	4
旅游签证	lyqv	1	4
聋哑人	lyr	1	3
理应如此	lyrc	1	4
里约热内卢	lyrl	1	4
旅游热线	lyrx	1	4
理由如下	lyrx	2	4
另有任用	lyry	1	4
路易斯	lys	1	3
露易丝	lys	2	3
灵隐寺	lys	3	3
疗养所	lys	4	3
裸眼3D	lysd	2	4
略有所成	lysi	1	4
利益诉求	lysq	2	4
略有所闻	lysw	2	4
另一头	lyt	2	3
老油条	lyt	3	3
另一套	lyt	4	3
老一套	lyt	5	3
旅游团	lyt	6	3
另一天	lyt	7	3
另有图谋	lytm	1	4
鲤鱼跳龙门	lytm	2	4
另有他意	lyty	1	4
另有他用	lyty	2	4
了一声	lyu	1	3
露一手	lyu	2	3
理由是	lyu	3	3
录音室	lyu	4	3
留一手	lyu	5	3
蓝牙鼠标	lyub	1	4
卵与石斗	lyud	2	4
灵异事件	lyuj	1	4
老艺术家	lyuj	2	4
零溢事件	lyuj	3	4
恋与深空	lyuk	1	4
裸眼视力	lyul	1	4
了一种	lyv	1	3
另一种	lyv	2	3
另一只	lyv	3	3
龙阳之好	lyvh	2	4
老鹰捉小鸡	lyvj	2	4
蓝颜知己	lyvj	3	4
老鹰抓小鸡	lyvj	4	4
领域展开	lyvk	1	4
路遥知马力	lyvl	2	4
铃芽之旅	lyvl	3	4
利用职权	lyvq	3	4
另一种人	lyvr	3	4
恋与制作人	lyvr	4	4
利益主体	lyvt	1	4
流言止于智者	lyvv	3	4
利用职务	lyvw	1	4
另一位	lyw	1	3
另有文章	lywv	1	4
了一下	lyx	1	3
了一些	lyx	2	3
另一些	lyx	3	3
捋一下	lyx	4	3
旅游鞋	lyx	5	3
利益相关	lyxg	2	4
另有新欢	lyxh	1	4
略有小成	lyxi	2	4
礼仪小姐	lyxj	1	4
略有下降	lyxj	2	4
乐意效劳	lyxl	1	4
旅游线路	lyxl	2	4
另一些人	lyxr	1	4
灵异现象	lyxx	2	4
了一眼	lyy	1	3
了一样	lyy	2	3
来源于	lyy	3	3
老爷爷	lyy	4	3
懒洋洋	lyy	5	3
疗养院	lyy	6	3
旅游业	lyy	7	3
绿油油	lyy	8	3
泪盈盈	lyy	9	3
绿茵茵	lyy	10	3
两眼一闭	lyyb	1	4
两眼一黑	lyyh	1	4
两眼一抹黑	lyyh	2	4
亮有一计	lyyj	1	4
蓝牙已连接	lyyj	2	4
留有余力	lyyl	1	4
老演员了	lyyl	2	4
鲤鱼跃龙门	lyym	1	4
良言一句三冬暖	lyyn	1	4
另有隐情	lyyq	1	4
利有攸往	lyyw	1	4
滥用药物	lyyw	2	4
蓝牙音箱	lyyx	1	4
留意一下	lyyx	2	4
鲁豫有约	lyyy	1	4
另有原因	lyyy	2	4
老样子	lyz	1	3
老爷子	lyz	2	3
老油子	lyz	3	3
路牙子	lyz	4	3
聊以卒岁	lyzs	1	4
聊以自娱	lyzy	1	4
留在	lz	2	2
来自	lz	3	2
另作安排	lzap	1	4
量子波动	lzbd	2	4
立足本职	lzbv	1	4
立足点	lzd	2	3
烂在肚子里	lzdl	1	4
落在地上	lzdu	1	4
林子大了，什么鸟都有	lzdy	1	4
林子大了什么鸟都有	lzdy	2	4
烂在肚子	lzdz	3	4
廉租房	lzf	2	3
莲子羹	lzg	1	3
零杂工	lzg	2	3
劳资关系	lzgx	1	4
乱葬岗子	lzgz	1	4
老字号	lzh	2	3
连字号	lzh	3	3
涝灾害	lzh	4	3
路在何方	lzhf	1	4
浪子回头金不换	lzhh	1	4
落在后面	lzhm	1	4
劳资纠纷	lzjf	1	4
离子交换	lzjh	1	4
量子纠缠	lzji	1	4
量子计算机	lzjj	2	4
留作纪念	lzjn	1	4
路在脚下	lzjx	2	4
路走宽了	lzkl	1	4
留在了	lzl	2	3
量子理论	lzll	1	4
龙子龙孙	lzls	1	4
愣在那里	lznl	1	4
恋足癖	lzp	2	3
临走前	lzq	2	3
来踪去迹	lzqj	1	4
禄在其中	lzqv	2	4
乐子人	lzr	2	3
链子锁	lzs	2	3
量子速读	lzsd	1	4
粒子特效	lztx	1	4
量子通信	lztx	2	4
另作他用	lzty	1	4
老子天下第一	lzty	2	4
李宗盛	lzu	2	3
烂在手里	lzul	1	4
零增长	lzv	2	3
留在这里	lzvl	2	4
路走窄了	lzvl	3	4
赖在这里	lzvl	4	4
赖在这里不走	lzvz	2	4
落子无悔	lzwh	2	4
立字为据	lzwj	1	4
量子物理	lzwl	1	4
良作无人	lzwr	1	4
老在想	lzx	2	3
林则徐	lzx	3	3
留在心上	lzxu	1	4
来自于	lzy	2	3
立足于	lzy	3	3
柳宗元	lzy	4	3
晾在一边	lzyb	2	4
立足于不败之地	lzyd	1	4
量子幽灵	lzyl	1	4
连在一起	lzyq	1	4
咧嘴一笑	lzyx	2	4
老祖宗	lzz	1	3
乱糟糟	lzz	2	3
乐滋滋	lzz	3	3
亮锃锃	lzz	4	3
明暗对比	madb	1	4
民安国泰	magt	1	4
没安好心	mahx	2	4
莫挨老子	malz	1	4
吗……	mas	2	3
马鞍山	mau	2	3
免安装	mav	2	3
吗？	maw	1	3
目标	mb	2	2
明白	mb	3	2
面部表情	mbbq	2	4
蛮不错	mbc	2	3
忙不迭	mbd	1	3
买不到	mbd	2	3
抹不掉	mbd	3	3
门不当户不对	mbdd	1	4
目标达成	mbdi	1	4
摩拜单车	mbdi	2	4
面部代偿	mbdi	3	4
没别的意思	mbds	1	4
末班地铁	mbdt	1	4
明摆的事	mbdu	1	4
描边大师	mbdu	2	4
膜拜大神	mbdu	3	4
目标定位	mbdw	1	4
摸不到头绪	mbdx	1	4
没办法	mbf	2	3
没白费	mbf	3	3
每部分	mbf	4	3
没办法啊	mbfa	2	4
没办法的	mbfd	1	4
没办法了	mbfl	1	4
秘不发丧	mbfs	1	4
马保国	mbg	2	3
命不该绝	mbgj	2	4
没背过气去	mbgq	1	4
面不改色心不跳	mbgt	1	4
满不高兴	mbgx	2	4
没变化	mbh	2	3
迈巴赫	mbh	3	3
命不好	mbh	4	3
猫薄荷	mbh	5	3
目标函数	mbhu	2	4
面包车	mbi	1	3
木板床	mbi	2	3
末班车	mbi	3	3
卖不出去	mbiq	1	4
貌不出众	mbiv	1	4
名不见经传	mbji	1	4
面部解锁	mbjs	1	4
名不见经传	mbjv	1	4
目标价位	mbjw	1	4
命不久矣	mbjy	1	4
抹不开	mbk	1	3
密保卡	mbk	2	3
目标客户	mbkh	1	4
密保卡果子	mbkz	1	4
明白了	mbl	2	3
免不了	mbl	3	3
没白来	mbl	4	3
毛玻璃	mbl	5	3
明白了吧	mblb	1	4
免不了的	mbld	1	4
目标利润	mblr	1	4
民办老师	mblu	3	4
买不买	mbm	1	3
忙不忙	mbm	2	3
美不美	mbm	3	3
明不明白	mbmb	1	4
目标明确	mbmq	1	4
没病没灾	mbmz	1	4
妈宝男	mbn	1	3
鸣不平	mbp	1	3
慢半拍	mbp	2	3
貌比潘安	mbpa	1	4
买不起	mbq	2	3
漫步其中	mbqv	1	4
弥补缺陷	mbqx	1	4
明白人	mbr	1	3
没别人	mbr	2	3
莫不如	mbr	3	3
目标人选	mbrx	1	4
面壁思过	mbsg	1	4
摸不透	mbt	1	3
绵白糖	mbt	2	3
面部特写	mbtx	1	4
目标是	mbu	2	3
莫不是	mbu	3	3
门把手	mbu	4	3
马背上	mbu	5	3
没本事	mbu	6	3
末笔识别	mbub	1	4
面部识别	mbub	2	4
目标市场	mbui	2	4
明白事理	mbul	1	4
末笔识别码	mbum	1	4
面壁十年	mbun	1	4
目标实现	mbux	1	4
明摆着	mbv	1	3
摸不着	mbv	2	3
漫步者	mbv	3	3
命比纸薄	mbvb	1	4
明摆着的	mbvd	2	4
绵薄之力	mbvl	1	4
瞒不住了	mbvl	2	4
摸不着头脑	mbvn	1	4
名不正言不顺	mbvu	2	4
明辨真伪	mbvw	2	4
摸不着头绪	mbvx	1	4
没把握	mbw	2	3
忙不完	mbw	3	3
莫比乌斯环	mbwh	2	4
明白无误	mbww	2	4
卖保险	mbx	2	3
面包屑	mbx	3	3
买保险	mbx	4	3
抹不下脸	mbxl	2	4
民办学校	mbxx	1	4
没必要	mby	2	3
没毕业	mby	3	3
没必要吧	mbyb	1	4
民不与官斗	mbyd	1	4
目标用户	mbyh	1	4
漫步在	mbz	1	3
抹脖子	mbz	2	3
毛笔字	mbz	3	3
每次	mc	2	2
没错	mc	3	2
没猜错的话	mcch	1	4
茅厕顿开	mcdk	3	4
每次都是	mcdu	2	4
每次都要	mcdy	3	4
没错儿	mce	2	3
迷彩服	mcf	1	3
木材厂	mci	1	3
买菜车	mci	2	3
妙脆角	mcj	2	3
名词解释	mcju	2	4
梅菜扣肉	mckr	1	4
摩擦力	mcl	2	3
买彩票	mcp	2	3
名存千古	mcqg	1	4
梅菜肉	mcr	1	3
木村拓哉	mctz	3	4
茅草屋	mcw	2	3
没曾想	mcx	2	3
摩擦阻力	mczl	1	4
目的	md	2	2
面对	md	3	2
没得比	mdb	1	3
木地板	mdb	2	3
迈大步	mdb	3	3
妈的逼	mdb	4	3
磨刀不误砍柴工	mdbg	1	4
目的不纯	mdbi	1	4
秒懂百科	mdbk	1	4
免得百拳来	mdbl	1	4
目的不同	mdbt	1	4
冒大不韪	mdbw	1	4
面对错误	mdcw	1	4
目的地	mdd	1	3
没多大区别	mddb	1	4
满地打滚	mddg	1	4
谋定而动	mded	1	4
谋定而后动	mded	2	4
没地方	mdf	1	3
霉豆腐	mdf	2	3
命大福大	mdfd	1	4
没动过	mdg	1	3
牡丹花	mdh	2	3
忙得很	mdh	3	3
马大哈	mdh	4	3
慢得很	mdh	5	3
末代皇帝	mdhd	2	4
妙到毫巅	mdhd	3	4
没到火候	mdhh	2	4
牡丹花下死，做鬼也风流	mdhl	1	4
牡丹花下死	mdhs	1	4
没当回事	mdhu	1	4
矛盾重重	mdii	1	4
麻豆传媒	mdim	1	4
矛盾冲突	mdit	1	4
美得出水	mdiu	3	4
没多久	mdj	1	3
没动静	mdj	2	3
满大街	mdj	3	3
牡丹江	mdj	4	3
没得救	mdj	5	3
买到就是赚到	mdjd	1	4
矛盾激化	mdjh	1	4
矛盾加剧	mdjj	1	4
马达加斯加	mdjj	2	4
矛盾激烈	mdjl	1	4
目的就是	mdju	1	4
没得空	mdk	2	3
摸底考试	mdku	1	4
麦当劳	mdl	1	3
没道理	mdl	2	3
没电了	mdl	3	3
曼德拉	mdl	4	3
马丁路德金	mdlj	1	4
没得聊了	mdll	1	4
买定离手	mdlu	1	4
曼德拉效应	mdly	1	4
没掉链子	mdlz	2	4
面对面	mdm	1	3
马冬梅	mdm	2	3
慢点慢点	mdmd	3	4
摩多摩多	mdmd	4	4
猛打猛冲	mdmi	2	4
没爹没娘	mdmn	2	4
目的明确	mdmq	2	4
门都没有	mdmy	1	4
摩登女郎	mdnl	1	4
没带脑子	mdnz	1	4
牡丹皮	mdp	2	3
买得起	mdq	1	3
免打扰	mdr	1	3
毛多弱火	mdrh	1	4
美杜莎	mds	1	3
名刀孙膑	mdsb	1	4
名动四方	mdsf	1	4
名刀司命	mdsm	1	4
面对死亡	mdsw	1	4
矛盾体	mdt	2	3
名动天下	mdtx	1	4
没多少	mdu	1	3
目的是	mdu	2	3
没得说	mdu	3	3
美杜莎	mdu	4	3
魔导士	mdu	5	3
磨刀石	mdu	6	3
摩登时代	mdud	1	4
某段时间	mduj	1	4
没得商量	mdul	2	4
面对着	mdv	2	3
摸得着	mdv	3	3
秒到账	mdv	4	3
每到这个时候	mdvh	2	4
麻袋装钱	mdvq	1	4
魔道中人	mdvr	2	4
妈的智障	mdvv	1	4
名单之外	mdvw	1	4
满地找牙	mdvy	1	4
矛盾转移	mdvy	2	4
买东西	mdx	2	3
目的性	mdx	3	3
卖东西	mdx	4	3
没得洗	mdx	5	3
门店销售	mdxu	2	4
卖队友	mdy	1	3
棉大衣	mdy	2	3
没戴眼镜	mdyj	1	4
忙得要死	mdys	2	4
莫得意思	mdys	3	4
猛地一怔	mdyv	1	4
慢动作	mdz	1	3
米袋子	mdz	2	3
魔道祖师	mdzu	1	4
目的在于	mdzy	1	4
名额	me	2	2
么！	mea	1	3
猫耳朵	med	1	3
摩尔定律	medl	1	4
门儿都没有	medy	1	4
明儿个	meg	1	3
谋而后动	mehd	1	4
泯恩仇	mei	1	3
猫儿腻	men	1	3
门儿清	meq	1	3
么……	mes	1	3
摩尔斯电码	mesm	1	4
买二送一	mesy	1	4
迷而知返	mevf	1	4
马尔扎哈	mevh	1	4
么？	mew	1	3
猫儿眼	mey	1	3
买二赠一	mezy	1	4
麻烦	mf	2	2
免费	mf	3	2
没法比	mfb	2	3
免费版	mfb	3	3
麻风病	mfb	4	3
密封舱	mfc	1	3
民法典	mfd	1	3
美发店	mfd	2	3
免费的午餐	mfdc	2	4
魔法对轰	mfdh	1	4
墨菲定律	mfdl	1	4
麻烦大了	mfdl	2	4
模范带头	mfdt	1	4
没法儿	mfe	1	3
没法过	mfg	2	3
没法过了	mfgl	1	4
命赴黄泉	mfhq	1	4
没饭吃	mfi	1	3
民风淳朴	mfip	1	4
民风纯朴	mfip	2	4
没法交流	mfjl	3	4
每逢佳节倍思亲	mfjq	2	4
免费空间	mfkj	3	4
麻烦了	mfl	2	3
谋福利	mfl	3	3
某方面	mfm	1	3
每方面	mfm	2	3
没房没车	mfmi	1	4
买房买车	mfmi	2	4
民风民俗	mfms	1	4
麻烦你了	mfnl	1	4
麻烦您了	mfnl	2	4
密封圈	mfq	1	3
免费软件	mfrj	1	4
免费入库	mfrk	1	4
模范人物	mfrw	1	4
免费入学	mfrx	1	4
马翻人仰	mfry	1	4
魔法师	mfs	1	3
麻烦死了	mfsl	1	4
莫非是	mfu	1	3
麻烦事	mfu	2	3
魔法师	mfu	3	3
美发师	mfu	4	3
漫反射	mfu	5	3
末法时代	mfud	1	4
魔法伤害	mfuh	2	4
免费升级	mfuj	2	4
魔法少女	mfun	1	4
免费试玩	mfuw	1	4
每分钟	mfv	1	3
魔法阵	mfv	2	3
谋发展	mfv	3	3
免费注册	mfvc	1	4
马蜂窝	mfw	2	3
没法玩	mfw	3	3
毛发无损	mfws	1	4
没发现	mfx	1	3
冒风险	mfx	2	3
模仿秀	mfx	3	3
没法想象	mfxx	2	4
免费下载	mfxz	1	4
没反应	mfy	1	3
满腹疑惑	mfyh	1	4
免费邮箱	mfyx	1	4
眉飞眼笑	mfyx	2	4
没法子	mfz	1	3
牧夫座空洞	mfzd	1	4
免费赠送	mfzs	1	4
满分作文	mfzw	1	4
每个	mg	2	2
目光	mg	3	2
每个班	mgb	1	3
蒙古包	mgb	2	3
魔改版	mgb	3	3
忙个不停	mgbt	1	4
敏感词	mgc	2	3
没搞懂	mgd	1	3
敏感度	mgd	2	3
镁光灯	mgd	3	3
每个地方	mgdf	2	4
魔功大成	mgdi	2	4
目光呆滞	mgdv	1	4
美国队长	mgdv	2	4
某个东西	mgdx	1	4
美国大选	mgdx	2	4
没工夫	mgf	1	3
某个方面	mgfm	1	4
买个放心	mgfx	1	4
每个国家	mggj	1	4
美国公民	mggm	1	4
玫瑰花	mgh	2	3
没搞好	mgh	3	3
湄公河	mgh	4	3
玫瑰红	mgh	5	3
玫瑰花的葬礼	mghl	1	4
卖个好价钱	mghq	1	4
敏感话题	mght	1	4
玫瑰花园	mghy	3	4
美国好声音	mghy	4	4
梦工厂	mgi	1	3
某个程度	mgid	1	4
慢工出细活	mgih	1	4
目光长远	mgiy	1	4
没感觉	mgj	2	3
没规矩	mgj	3	3
每公斤	mgj	4	3
玫瑰金	mgj	5	3
某个角度	mgjd	1	4
每个阶段	mgjd	2	4
美国经济	mgjj	2	4
美国进口	mgjk	2	4
魔鬼教练	mgjl	2	4
没关就是开了	mgjl	3	4
魔鬼筋肉人	mgjr	1	4
魔鬼肌肉人	mgjr	2	4
玫瑰金色	mgjs	1	4
莫高窟	mgk	2	3
美国佬	mgl	1	3
面广量大	mgld	1	4
卖个萌	mgm	2	3
美国梦	mgm	3	3
没搞明白	mgmb	1	4
美国内战	mgnv	1	4
冒个泡	mgp	1	3
没搞清楚	mgqi	1	4
每个人	mgr	1	3
某个人	mgr	2	3
美国人	mgr	3	3
卖狗肉	mgr	4	3
命该如此	mgrc	1	4
每个人都	mgrd	2	4
美国人民	mgrm	1	4
母公司	mgs	1	3
玫瑰色	mgs	2	3
目光所及	mgsj	1	4
芒果台	mgt	1	3
蘑菇头	mgt	2	3
猫罐头	mgt	3	3
漫过头顶	mgtd	1	4
美国甜心	mgtx	1	4
美国士兵	mgub	1	4
魔鬼身材	mguc	1	4
蒙古上单	mgud	1	4
美国社会	mguh	2	4
敏感时期	mguq	1	4
某个事情	mguq	2	4
目光闪烁	mguu	1	4
每股收益	mguy	1	4
免冠照	mgv	2	3
每个周末	mgvm	1	4
免冠照片	mgvp	1	4
目光灼灼	mgvv	2	4
没个正型	mgvx	1	4
没个正形	mgvx	2	4
没个完	mgw	1	3
名古屋	mgw	2	3
铭感五内	mgwn	1	4
某个问题	mgwt	1	4
敏感问题	mgwt	2	4
没关系	mgx	2	3
免贵姓	mgx	3	3
敏感性	mgx	4	3
蒙古下单	mgxd	2	4
没关系吗	mgxm	1	4
每个星期	mgxq	3	4
每个小时	mgxu	1	4
每个月	mgy	2	3
莫过于	mgy	3	3
蘑菇云	mgy	4	3
穆桂英	mgy	5	3
目光远大	mgyd	2	4
没过一会	mgyh	1	4
美国影片	mgyp	1	4
卖关子	mgz	1	3
命根子	mgz	2	3
每个字	mgz	3	3
卖国贼	mgz	4	3
埋锅造饭	mgzf	1	4
美好	mh	2	2
模糊	mh	3	2
梦幻般	mhb	2	3
马虎不得	mhbd	1	4
幕后布局	mhbj	2	4
幕后策划	mhch	1	4
曼哈顿	mhd	1	3
模糊地	mhd	2	3
梦回巅峰	mhdf	1	4
门户大开	mhdk	1	4
幕后大佬	mhdl	1	4
萌混过关	mhgg	2	4
明晃晃	mhh	1	3
美化环境	mhhj	2	4
满怀豪情	mhhq	1	4
幕后黑手	mhhu	2	4
幕后花絮	mhhx	1	4
美好幻想	mhhx	2	4
美好回忆	mhhy	1	4
没怀好意	mhhy	2	4
卖火柴的小女孩	mhih	2	4
猛虎出山	mhiu	1	4
模糊查询	mhix	1	4
漫画家	mhj	2	3
美好记忆	mhjy	1	4
美好家园	mhjy	2	4
买回来	mhl	1	3
梅花鹿	mhl	2	3
闷葫芦	mhl	3	3
梦幻联动	mhld	1	4
明后两天	mhlt	1	4
猫和老鼠	mhlu	2	4
美好理想	mhlx	1	4
美好明天	mhmt	1	4
明后年	mhn	1	3
美好年华	mhnh	1	4
马后炮	mhp	2	3
猛虎扑食	mhpu	1	4
没好气	mhq	1	3
灭火器	mhq	2	3
磨合期	mhq	3	3
没花钱	mhq	4	3
没好气地	mhqd	1	4
满怀期待	mhqd	2	4
美好前程	mhqi	2	4
貌合情离	mhql	1	4
美好前途	mhqt	1	4
满怀期望	mhqw	1	4
孟浩然	mhr	1	3
米黄色	mhs	2	3
麻黄素	mhs	3	3
眠花宿柳	mhsl	1	4
棉花糖	mht	1	3
明后天	mht	2	3
猕猴桃	mht	3	3
迷魂汤	mht	4	3
马化腾	mht	5	3
幕后推手	mhtu	1	4
没话说	mhu	1	3
没好事	mhu	2	3
梦回时分	mhuf	1	4
美好时光	mhug	1	4
迷惑事件	mhuj	2	4
没话说了	mhul	2	4
迷惑视听	mhut	1	4
迷魂阵	mhv	2	3
蛮荒之地	mhvd	1	4
美好祝福	mhvf	1	4
没话找话	mhvh	2	4
梦幻之旅	mhvl	2	4
幕后真凶	mhvx	1	4
蛮好玩	mhw	1	3
美猴王	mhw	2	3
门户网站	mhwv	1	4
迷惑性	mhx	2	3
闽侯县	mhx	3	3
面和心不和	mhxh	1	4
梅花香自苦寒来	mhxl	2	4
魔幻现实	mhxu	2	4
满怀希望	mhxw	1	4
迷惑行为	mhxw	2	4
梦幻西游	mhxy	1	4
蒙汗药	mhy	1	3
马虎眼	mhy	2	3
迷魂药	mhy	3	3
米哈游	mhy	4	3
没好意	mhy	5	3
模糊音	mhy	6	3
梅花易数	mhyu	2	4
没活硬整	mhyv	2	4
美好愿望	mhyw	1	4
幕后英雄	mhyx	1	4
名称	mi	2	2
漫长	mi	3	2
没吃饱	mib	2	3
谋朝篡位	micw	1	4
面朝大海	midh	1	4
面朝大海，春暖花开	midk	2	4
没差多少	midu	2	4
没吃饭	mif	1	3
忙成狗	mig	1	3
没吃过猪肉，还没见过猪跑	migp	1	4
没吃过猪肉还没见过猪跑	migp	2	4
名垂后世	mihu	3	4
秒出警	mij	1	3
没穿裤子	mikz	1	4
梅川酷子	mikz	2	4
冒出来	mil	1	3
名场面	mim	2	3
没吃没喝	mimh	2	4
没穿内裤	mink	1	4
梅川内酷	mink	2	4
卖出去	miq	2	3
莫愁前路无知己	miqj	1	4
面沉如水	miru	1	4
民淳俗厚	mish	1	4
马齿徒增	mitz	2	4
没处说理	miul	1	4
满朝文武	miww	1	4
没承想	mix	2	3
没出息	mix	3	3
没出现过	mixg	1	4
卖出信号	mixh	1	4
盲肠炎	miy	1	3
没穿衣服	miyf	1	4
名臣勇将	miyj	3	4
面积	mj	2	2
面具	mj	3	2
毛巾被	mjb	2	3
名家辈出	mjbi	2	4
没节操	mjc	2	3
没觉得	mjd	2	3
妈见打	mjd	3	3
民进党	mjd	4	3
满级大佬误入新手村	mjdc	4	4
满级大佬回新手村	mjdc	5	4
没见到过	mjdg	1	4
名家大赏	mjdu	3	4
没见过	mjg	1	3
没几个	mjg	2	3
没见过世面	mjgm	1	4
民间工艺	mjgy	1	4
每句话	mjh	1	3
没机会	mjh	2	3
满江红	mjh	3	3
没解决	mjj	2	3
民间疾苦	mjjk	1	4
民间交往	mjjw	1	4
每节课	mjk	2	3
门禁卡	mjk	3	3
面积扩大	mjkd	1	4
敏捷开发	mjkf	1	4
密集恐惧	mjkj	1	4
密集恐惧症	mjkv	1	4
没救了	mjl	1	3
孟加拉	mjl	2	3
民间力量	mjll	1	4
每家每户	mjmh	1	4
没几年	mjn	2	3
孟姜女	mjn	3	3
毛脚女婿	mjnx	1	4
麻将牌	mjp	2	3
美酒飘香	mjpx	1	4
满级人类	mjrl	1	4
没见人影	mjry	1	4
买就送	mjs	1	3
磨叽死了	mjsl	1	4
没几天	mjt	2	3
慢镜头	mjt	3	3
木吉他	mjt	4	3
墨迹天气	mjtq	2	4
某件事	mju	1	3
没精神	mju	2	3
每件事	mju	3	3
慢即是快	mjuk	2	4
某件事情	mjuq	1	4
每件事情	mjuq	2	4
灭绝师太	mjut	1	4
每件事物	mjuw	1	4
目击者	mjv	1	3
面巾纸	mjv	2	3
目击证人	mjvr	1	4
卖家旺旺	mjww	2	4
冒金星	mjx	2	3
马甲线	mjx	3	3
卖家秀	mjx	4	3
买家秀	mjx	5	3
米津玄师	mjxu	1	4
摸金校尉	mjxw	1	4
慢嚼细咽	mjxy	1	4
摩羯座	mjz	2	3
灭九族	mjz	3	3
慢节奏	mjz	4	3
民间资本	mjzb	1	4
磨剪子抢菜刀	mjzd	2	4
募集资金	mjzj	1	4
没交作业	mjzy	1	4
门口	mk	2	2
迈克阿瑟	mkas	2	4
马克杯	mkb	2	3
妙控板	mkb	3	3
玛卡巴卡	mkbk	1	4
没可比性	mkbx	1	4
没看错	mkc	1	3
毛孔粗大	mkcd	2	4
没看错的话	mkch	1	4
没看错人	mkcr	1	4
没看到	mkd	1	3
没看懂	mkd	2	3
没看到人	mkdr	2	4
猫科动物	mkdw	1	4
迈克尔杰克逊	mkex	1	4
麦克风	mkf	1	3
门坎费	mkf	2	3
门框范围内	mkfn	1	4
门框范围以内	mkfn	2	4
门框范围	mkfw	1	4
模块化	mkh	2	3
猫哭耗子假慈悲	mkhb	1	4
满口胡言	mkhy	3	4
没看出来	mkil	1	4
没看见	mkj	1	3
没看见过	mkjg	1	4
卖苦力	mkl	1	3
马卡龙	mkl	2	3
猫哭老鼠假慈悲	mklb	1	4
没考虑到	mkld	1	4
没空理你	mkln	1	4
没空理我	mklw	1	4
没可能	mkn	1	3
马克思	mks	1	3
马克思主义	mksy	1	4
迈开腿	mkt	1	3
没看太懂	mktd	1	4
梦开始的地方	mkuf	1	4
没控制住	mkvv	1	4
没看完	mkw	1	3
没苦硬吃	mkyi	3	4
门框子	mkz	1	3
美丽	ml	1	2
满脸	ml	2	2
命令	ml	3	2
马里奥	mla	1	3
马路边	mlb	1	3
煤老板	mlb	2	3
没了办法	mlbf	1	4
满脸错愕	mlce	1	4
面露菜色	mlcs	1	4
没料到	mld	1	3
猛烈地	mld	2	3
名列第八	mldb	1	4
名列第二	mlde	1	4
麻辣豆腐	mldf	1	4
没来得及	mldj	1	4
美丽动人	mldr	1	4
名列第三	mlds	1	4
名列第十	mldu	1	4
满脸堆笑	mldx	1	4
美丽的风景线	mldx	2	4
美丽的谎言	mldy	2	4
弥勒佛	mlf	1	3
梅兰芳	mlf	2	3
买了佛冷	mlfl	1	4
买了否冷	mlfl	2	4
美丽富饶	mlfr	1	4
买了个	mlg	1	3
妈了个逼	mlgb	1	4
马勒戈壁	mlgb	2	4
妈了个蛋	mlgd	1	4
妈了个巴子的	mlgd	2	4
马了个巴子的	mlgd	3	4
猛龙过江	mlgj	1	4
妈了个鸡	mlgj	2	4
猫了个咪	mlgm	1	4
喵了个咪	mlgm	2	4
妈了个巴子	mlgz	1	4
马了个巴子	mlgz	2	4
母老虎	mlh	1	3
命令行	mlh	2	3
茉莉花	mlh	3	3
镁铝合金	mlhj	1	4
卖了换钱	mlhq	1	4
牧濑红莉栖	mlhq	2	4
满脸横肉	mlhr	1	4
美联储	mli	1	3
满脸潮红	mlih	1	4
满脸春色	mlis	1	4
没理解	mlj	1	3
美利坚	mlj	2	3
美利坚合众国	mljg	2	4
目力惊人	mljr	2	4
马六甲海峡	mljx	1	4
名流巨子	mljz	1	4
末路狂花	mlkh	1	4
面临困难	mlkn	1	4
迷路了	mll	1	3
迷了路	mll	2	3
毛利率	mll	3	3
没流量	mll	4	3
免流量	mll	5	3
梦里老家	mllj	1	4
玛丽莲梦露	mlll	1	4
摸了摸	mlm	1	3
没礼貌	mlm	2	3
没脸没皮	mlmp	1	4
摸来摸去	mlmq	1	4
没老没少	mlmu	1	4
眯了眯眼	mlmy	1	4
买了没有	mlmy	2	4
抿了抿嘴	mlmz	1	4
妙龄女郎	mlnl	1	4
满脸怒容	mlnr	1	4
美丽女子	mlnz	1	4
面临破产	mlpi	1	4
卖力气	mlq	1	3
买路钱	mlq	2	3
名列其中	mlqv	1	4
玛丽乔亚	mlqy	1	4
毛利润	mlr	1	3
陌路人	mlr	2	3
马来人	mlr	3	3
猛龙入江	mlrj	1	4
美丽人生	mlru	1	4
马拉松	mls	1	3
墨绿色	mls	2	3
玛丽苏	mls	3	3
马拉松比赛	mlss	1	4
麻辣烫	mlt	1	3
命令提示符	mltf	2	4
麻辣兔头	mltt	1	4
马路上	mlu	1	3
马铃薯	mlu	2	3
米老鼠	mlu	3	3
没留神	mlu	4	3
命令式	mlu	5	3
魅力时刻	mluk	1	4
妙龄少女	mlun	1	4
马路杀手	mluu	2	4
马力十足	mluz	1	4
面临着	mlv	1	3
麦粒肿	mlv	2	3
满脸稚气	mlvq	1	4
陌路之人	mlvr	1	4
米粒之珠	mlvv	1	4
满脸皱纹	mlvw	1	4
没了主意	mlvy	2	4
螟蛉之子	mlvz	1	4
满脸褶子	mlvz	2	4
命里无时莫强求	mlwq	1	4
面临问题	mlwt	1	4
没良心	mlx	1	3
没联系	mlx	2	3
昧良心	mlx	3	3
没良心的	mlxd	1	4
没了想法	mlxf	2	4
慢了下来	mlxl	1	4
美丽心灵	mlxl	2	4
没了性命	mlxm	1	4
满脸笑容	mlxr	1	4
面露喜色	mlxs	1	4
麻辣小龙虾	mlxx	1	4
没理由	mly	1	3
玛利亚	mly	2	3
没来由	mly	3	3
没两样	mly	4	3
没卵用	mly	5	3
盲聋哑	mly	6	3
慢了一步	mlyb	1	4
骂了一顿	mlyd	2	4
没来由的	mlyd	3	4
买了一个	mlyg	1	4
马里亚纳海沟	mlyg	2	4
骂了一句	mlyj	1	4
瞄了一眼	mlyy	1	4
命里有时终须有	mlyy	2	4
妈妈	mm	2	2
慢慢	mm	3	2
没毛病	mmb	2	3
没明白	mmb	3	3
木马病毒	mmbd	2	4
明灭不定	mmbd	3	4
买卖不分	mmbf	1	4
密码保护	mmbh	1	4
买卖不成仁义在	mmbz	1	4
满目苍凉	mmcl	1	4
盲目从众	mmcv	1	4
密码错误	mmcw	1	4
默默地	mmd	1	3
慢慢地	mmd	2	3
萌萌哒	mmd	3	3
么么哒	mmd	4	3
美美哒	mmd	5	3
茫茫大海	mmdh	1	4
密码登录	mmdl	1	4
美妙动听	mmdt	2	4
慢慢都是	mmdu	1	4
没门儿	mme	1	3
面命耳提	mmet	1	4
门面房	mmf	2	3
麻麻烦烦	mmff	2	4
盲目发展	mmfv	1	4
默默奉献	mmfx	1	4
没摸过	mmg	1	3
绵绵瓜瓞	mmgd	1	4
盲目跟风	mmgf	1	4
猫猫狗狗	mmgg	1	4
蒙面歌王	mmgw	1	4
默默耕耘	mmgy	1	4
名门公子	mmgz	1	4
命门火衰	mmhu	2	4
眉毛胡子一把抓	mmhv	1	4
秘密会议	mmhy	1	4
秘密花园	mmhy	2	4
毛毛虫	mmi	1	3
慢慢吃	mmi	2	3
莫名戳中笑点	mmid	1	4
蒙面唱将	mmij	1	4
漫漫长路	mmil	1	4
蒙面超人	mmir	1	4
满面愁容	mmir	2	4
默默承受	mmiu	2	4
满门抄斩	mmiv	2	4
密码重置	mmiv	3	4
木马程序	mmix	1	4
明明就	mmj	2	3
秘密基地	mmjd	2	4
慢慢接触	mmji	3	4
磨磨唧唧	mmjj	2	4
慢慢看	mmk	1	3
棉毛裤	mmk	2	3
卖萌可耻	mmki	1	4
明明可以	mmky	1	4
慢慢来	mml	1	3
蒙蒙亮	mml	2	3
磨没了	mml	3	3
慢慢来吧	mmlb	3	4
默默离去	mmlq	2	4
买买买	mmm	1	3
喵喵喵	mmm	2	3
某某某	mmm	3	3
妈妈咪呀	mmmy	1	4
明明没有	mmmy	2	4
面目扭曲	mmnq	1	4
妈卖批	mmp	1	3
满目凄凉	mmql	2	4
秘密潜入	mmqr	1	4
眉目清秀	mmqx	2	4
某某人	mmr	2	3
茫茫然	mmr	3	3
冒冒然	mmr	4	3
埋没人才	mmrc	1	4
茫茫人海	mmrh	2	4
漫漫人生路	mmrl	1	4
泯灭人性	mmrx	1	4
密码锁	mms	1	3
妈妈桑	mms	2	3
梦寐所求	mmsq	2	4
摸摸头	mmt	1	3
买买提	mmt	2	3
每亩田	mmt	3	3
明目退翳	mmty	1	4
明明是	mmu	1	3
明面上	mmu	2	3
慢慢说	mmu	3	3
棉毛衫	mmu	4	3
明面上的	mmud	1	4
妈妈生的	mmud	2	4
买卖双方	mmuf	1	4
明明是个	mmug	2	4
满目山河	mmuh	3	4
名门世家	mmuj	2	4
明明是你	mmun	1	4
密码输入	mmur	1	4
慢慢熟悉	mmux	1	4
弥漫着	mmv	2	3
冥冥中	mmv	3	3
每秒钟	mmv	4	3
萌妹纸	mmv	5	3
明明知道	mmvd	2	4
免密支付	mmvf	1	4
默默祝福	mmvf	2	4
名门之后	mmvh	2	4
名门正派	mmvp	1	4
密码正确	mmvq	2	4
门面转让	mmvr	2	4
冥冥之中自有定数	mmvu	2	4
灭门之罪	mmvz	1	4
命名为	mmw	2	3
秘密武器	mmwq	1	4
密码箱	mmx	1	3
盲目性	mmx	2	3
秘密行动	mmxd	1	4
每每想到	mmxd	2	4
美满幸福	mmxf	1	4
密码泄漏	mmxl	3	4
慢慢消失	mmxu	3	4
盲目相信	mmxx	1	4
毛毛细雨	mmxy	2	4
毛毛雨	mmy	2	3
茫茫夜色	mmys	1	4
密码验证	mmyv	1	4
没面子	mmz	2	3
萌妹子	mmz	3	3
盲目自信	mmzx	1	4
每年	mn	2	2
美女	mn	3	2
猛男必看	mnbk	1	4
萌娘百科	mnbk	2	4
明年底	mnd	1	3
美年达	mnd	2	3
米诺地尔	mnde	1	4
模拟对抗	mndk	1	4
魔女斗篷	mndp	1	4
没你的事	mndu	1	4
模拟电子	mndz	1	4
母女二人	mner	1	4
模拟分析	mnfx	1	4
没能够	mng	1	3
没那个胆	mngd	1	4
没那工夫	mngf	1	4
母女盖饭	mngf	2	4
泌尿感染	mngr	1	4
母女关系	mngx	1	4
木讷寡言	mngy	1	4
没那个必要	mngy	2	4
闽南话	mnh	2	3
美女荷官	mnhg	1	4
没你好果子吃	mnhi	1	4
米诺环素	mnhs	2	4
没那回事	mnhu	1	4
明年初	mni	1	3
马奶酒	mnj	2	3
明年今日	mnjr	1	4
模拟经营	mnjy	1	4
模拟交易	mnjy	2	4
泌尿科	mnk	1	3
模拟考场	mnki	1	4
模拟卡车	mnki	2	4
模拟考试	mnku	1	4
母女俩	mnl	2	3
没能力	mnl	3	3
模拟恋爱	mnla	1	4
猛男落泪	mnll	1	4
母女两人	mnlr	1	4
模拟练习	mnlx	1	4
蒙娜丽莎的微笑	mnlx	2	4
没那么	mnm	1	3
没弄明白	mnmb	1	4
没那么多	mnmd	1	4
没那么简单	mnmd	2	4
没那么好	mnmh	2	4
没那么快	mnmk	1	4
某年某月某日	mnmr	1	4
某年某月	mnmy	1	4
没那么容易	mnmy	2	4
没能耐	mnn	1	3
明年年底	mnnd	1	4
明年年初	mnni	1	4
泌尿内科	mnnk	1	4
美女你谁	mnnu	1	4
没男朋友	mnpy	1	4
没女朋友	mnpy	2	4
模拟器	mnq	2	3
迷你裙	mnq	3	3
模拟人生	mnru	1	4
美女如云	mnry	1	4
模拟题	mnt	1	3
模拟通信	mntx	1	4
没你事	mnu	1	3
美女帅哥	mnug	1	4
模拟生活	mnuh	1	4
模拟输出	mnui	2	4
每年收入	mnur	1	4
模拟试题	mnut	1	4
泌尿生殖	mnuv	1	4
模拟实验	mnuy	1	4
模拟山羊	mnuy	2	4
美女主播	mnvb	1	4
美女找茬	mnvi	1	4
没内味	mnw	1	3
泌尿外科	mnwk	1	4
没耐心	mnx	2	3
迷你型	mnx	3	3
没那闲工夫	mnxf	1	4
模拟信号	mnxh	1	4
模拟系统	mnxt	2	4
没那闲心	mnxx	1	4
木乃伊	mny	1	3
闽南语	mny	2	3
马牛羊	mny	3	3
每年一度	mnyd	1	4
卖男鬻女	mnyn	1	4
满脑子	mnz	2	3
美男子	mnz	3	3
木偶戏	mox	2	3
名片	mp	2	2
没碰到过	mpdg	2	4
名牌大学	mpdx	1	4
毛坯房	mpf	1	3
每平方米	mpfm	1	4
冒泡防踢	mpft	1	4
冒牌货	mph	2	3
门牌号	mph	3	3
名牌货	mph	4	3
门牌号码	mphm	1	4
马屁精	mpj	1	3
没跑了	mpl	1	3
卖破烂	mpl	2	3
卖破烂的	mpld	1	4
每平米	mpm	1	3
没凭没据	mpmj	1	4
冒泡排序	mppx	1	4
没脾气	mpq	1	3
孟婆汤	mpt	1	3
蒙骗无知	mpwv	1	4
名牌效应	mpxy	1	4
没朋友	mpy	1	3
母凭子贵	mpzg	1	4
磨破嘴皮	mpzp	1	4
母亲	mq	2	2
目前	mq	3	2
面前	mq	4	2
没区别	mqb	1	3
每期必看	mqbk	1	4
谋权篡位	mqcw	1	4
没抢到	mqd	1	3
面墙而立	mqel	1	4
鸣琴而治	mqev	1	4
煤气费	mqf	1	3
明确反对	mqfd	1	4
明确分工	mqfg	1	4
明确方向	mqfx	1	4
没去过	mqg	1	3
煤气罐	mqg	2	3
煤气管	mqg	3	3
煤气管道	mqgd	2	4
勉强够格	mqgg	1	4
密切观察	mqgi	1	4
密切关注	mqgv	1	4
母亲河	mqh	1	3
没钱花	mqh	2	3
没钱花了	mqhl	1	4
密切合作	mqhz	2	4
没去成	mqi	1	3
明确承认	mqir	1	4
母亲节	mqj	2	3
勉强及格	mqjg	1	4
明确记载	mqjz	1	4
目前看来	mqkl	1	4
勉强可以一战	mqkv	1	4
明确了	mql	1	3
没钱了	mql	2	3
忙起来	mql	3	3
米其林	mql	4	3
煤气炉	mql	5	3
目前来看	mqlk	1	4
莫欺老年穷	mqlq	1	4
目前利润	mqlr	1	4
目前来说	mqlu	1	4
密切联系群众	mqlv	1	4
谋取利益	mqly	2	4
明确目标	mqmb	1	4
明确目的	mqmd	1	4
没权没势	mqmu	1	4
明前奶绿	mqnl	1	4
目前普遍	mqpb	1	4
密切平面	mqpm	1	4
莫强求	mqq	1	3
目前确定	mqqd	1	4
目前情况	mqqk	1	4
摸清情况	mqqk	2	4
没钱认命	mqrm	1	4
满腔热枕	mqrv	1	4
明确任务	mqrw	1	4
麻雀虽小，五脏俱全	mqsq	1	4
目前条件	mqtj	1	4
买气受	mqu	1	3
明清时期	mquq	1	4
莫欺少年穷	mquq	2	4
眯起双眼	mquy	1	4
煤气中毒	mqvd	1	4
莫欺中年穷	mqvq	1	4
密切注意	mqvy	1	4
门前屋后	mqwh	1	4
勉强维持	mqwi	1	4
明确性	mqx	1	3
明确宣布	mqxb	1	4
明确信号	mqxh	1	4
煤气泄漏	mqxl	1	4
慕强心理	mqxl	2	4
马前小卒	mqxz	1	4
密切协作	mqxz	2	4
冒青烟	mqy	1	3
明枪易躲	mqyd	1	4
明枪易躲暗箭难防	mqyf	1	4
眯起眼睛	mqyj	1	4
勉强一战	mqyv	1	4
墨奇音形	mqyx	1	4
马前卒	mqz	1	3
煤气灶	mqz	2	3
明确责任	mqzr	1	4
没人	mr	1	2
每人	mr	2	2
猛然	mr	3	2
盲人按摩	mram	1	4
美容按摩	mram	2	4
默认安装	mrav	1	4
茫然不知所措	mrbc	1	4
骂人不揭短	mrbd	1	4
明人不说暗话	mrbh	1	4
魔人布欧	mrbo	1	4
茫然不知	mrbv	1	4
每日壁纸	mrbv	2	4
盲人把烛	mrbv	3	4
骂人不带脏字	mrbz	1	4
命如草芥	mrcj	1	4
默认词库	mrck	1	4
骂人的话	mrdh	1	4
磨人的小妖精	mrdj	1	4
每日大赛	mrds	1	4
美人儿	mre	1	3
瞄人缝	mrf	1	3
明日复明日	mrfr	1	4
明日方舟	mrfv	1	4
没人管	mrg	1	3
美人关	mrg	2	3
美髯公	mrg	3	3
慢如龟爬	mrgp	1	4
每日更新	mrgx	1	4
猛如虎	mrh	1	3
美如画	mrh	2	3
名人荟萃	mrhc	1	4
面如寒霜	mrhu	2	4
靡然成风	mrif	1	4
没认出来	mril	1	4
猛然间	mrj	1	3
美人计	mrj	2	3
麦乳精	mrj	3	3
美容觉	mrj	4	3
美人尖	mrj	5	3
面容姣好	mrjh	1	4
末日降临	mrjl	1	4
没人来	mrl	1	3
没人拦	mrl	2	3
没人理	mrl	3	3
名人录	mrl	4	3
每日礼包	mrlb	1	4
没人理睬	mrlc	1	4
没人拦你	mrln	1	4
末日乐园	mrly	1	4
猫人码表	mrmb	1	4
每人每次	mrmc	1	4
每人每年	mrmn	1	4
每人每天	mrmt	1	4
名人名言	mrmy	2	4
名人名作	mrmz	1	4
貌若潘安	mrpa	1	4
默认皮肤	mrpf	1	4
美人胚子	mrpz	1	4
每日签到	mrqd	1	4
毛茸茸	mrr	1	3
每日任务	mrrw	1	4
美人如玉	mrry	1	4
泌乳素	mrs	1	3
茫然四顾	mrsg	1	4
面如桃花	mrth	2	4
每日推荐	mrtj	1	4
每日挑战	mrtv	1	4
美如天仙	mrtx	3	4
美容师	mru	1	3
没惹谁	mru	2	3
末日审判	mrup	1	4
贸然上前	mruq	1	4
默认设置	mruv	1	4
盲人说象	mrux	1	4
没忍住	mrv	1	3
美人痣	mrv	2	3
默认值	mrv	3	3
没人知道	mrvd	1	4
魅人之处	mrvi	1	4
泯然众人	mrvr	1	4
默认状态	mrvt	1	4
美容中心	mrvx	2	4
美容整型	mrvx	3	4
泯然众人矣	mrvy	1	4
面如重枣	mrvz	1	4
没人味	mrw	1	3
默认网关	mrwg	1	4
毛绒玩具	mrwj	1	4
没人问起	mrwq	1	4
茫然无知	mrwv	2	4
迷人微笑	mrwx	1	4
默然无语	mrwy	1	4
母乳喂养	mrwy	2	4
没人性	mrx	1	3
敏锐性	mrx	2	3
慢热型	mrx	3	3
默然相爱	mrxa	1	4
贸然行动	mrxd	1	4
买入信号	mrxh	1	4
昴日星君	mrxj	2	4
迷人笑容	mrxr	1	4
名人效应	mrxy	1	4
美人鱼	mry	1	3
没人要	mry	2	3
美容院	mry	3	3
每人一份	mryf	1	4
每日一题	mryt	1	4
名人轶事	mryu	1	4
美容养生	mryu	2	4
每日一水	mryu	3	4
美容养颜	mryy	1	4
默认应用	mryy	2	4
美人在骨不在皮	mrzp	1	4
马上	ms	1	2
美索不达米亚	msby	2	4
面色苍白	mscb	1	4
摩斯电码	msdm	1	4
马赛回旋	mshx	1	4
摸索出	msi	1	3
面色潮红	msih	1	4
免死金牌	msjp	1	4
马赛克	msk	1	3
莫斯科	msk	2	3
马斯克	msk	3	3
喵斯快跑	mskp	1	4
没事了	msl	1	3
穆斯林	msl	2	3
忙死了	msl	3	3
没什么	msm	1	3
没什么好说的	msmd	2	4
没什么看法	msmf	1	4
没什么变化	msmh	1	4
卖死卖活	msmh	2	4
没什么意见	msmj	1	4
没什么空	msmk	1	4
没什么大不了	msml	1	4
没什么道理	msml	2	4
摩斯密码	msmm	1	4
没什么了不起	msmq	1	4
没什么关系	msmx	1	4
没什么用	msmy	1	4
没什么建议	msmy	2	4
面色凝重	msnv	1	4
貌似潘安	mspa	1	4
面色如土	msrt	1	4
面色铁青	mstq	1	4
貌似是	msu	1	3
没素质	msv	1	3
没所谓	msw	1	3
冒死相救	msxj	1	4
明骚易躲	msyd	1	4
明骚易躲暗贱难防	msyf	1	4
面色一沉	msyi	1	4
埋三怨四	msys	1	4
明天	mt	1	2
每天	mt	2	2
媒体	mt	3	2
明推暗就	mtaj	1	4
媒体报道	mtbd	1	4
苗头不对	mtbd	2	4
满头白发	mtbf	1	4
明天白天	mtbt	1	4
每天傍晚	mtbw	1	4
明天傍晚	mtbw	2	4
没听错	mtc	1	3
没听错吧	mtcb	1	4
没听到	mtd	1	3
没听懂	mtd	2	3
没太大区别	mtdb	1	4
满天都是	mtdu	2	4
蒙头大睡	mtdu	3	4
母胎单身	mtdu	4	4
漫天大雪	mtdx	1	4
模特儿	mte	1	3
满天飞	mtf	1	3
没天赋	mtf	2	3
木桶饭	mtf	3	3
漫天风沙	mtfu	1	4
满天繁星	mtfx	2	4
没听过	mtg	1	3
没停过	mtg	2	3
马桶盖	mtg	3	3
米田共	mtg	4	3
木头疙瘩	mtgd	1	4
弥天盖地	mtgd	2	4
麦田怪圈	mtgq	1	4
莫谈国事	mtgu	1	4
莫谈国是	mtgu	2	4
明天会	mth	1	3
明天回	mth	2	3
满堂红	mth	3	3
每天黄昏	mthh	1	4
明天黄昏	mthh	2	4
明天会更好	mthh	3	4
明天和意外哪个先来	mthl	1	4
明天和意外	mthw	1	4
漫天花雨	mthy	2	4
摩托车	mti	1	3
木糖醇	mti	2	3
马桶搋子	mtiz	1	4
没听见	mtj	1	3
明天见	mtj	2	3
茅台酒	mtj	3	3
眉头紧蹙	mtjc	1	4
眉头紧锁	mtjs	1	4
馒头夹火腿	mtjt	1	4
眉头紧皱	mtjv	1	4
媒体记者	mtjv	2	4
美图看看	mtkk	1	4
明天开始	mtku	1	4
曼陀罗	mtl	1	3
摩天轮	mtl	2	3
每天凌晨	mtli	1	4
明天凌晨	mtli	2	4
每天黎明	mtlm	1	4
明天黎明	mtlm	2	4
没听明白	mtmb	1	4
秒天秒地	mtmd	1	4
漫天漫地	mtmd	2	4
秒天秒地秒空气	mtmq	1	4
明天你好	mtnh	1	4
没头脑和不高兴	mtnx	1	4
没头脑不高兴	mtnx	2	4
媒体披露	mtpl	1	4
没听清	mtq	1	3
蒙太奇	mtq	2	3
马头琴	mtq	3	3
没听清楚	mtqi	1	4
每天清晨	mtqi	2	4
明天清晨	mtqi	3	4
每天起床第一句	mtqj	1	4
木头人	mtr	1	3
母胎solo	mtsl	2	4
慢吞吞	mtt	1	3
摩托艇	mtt	2	3
慢腾腾	mtt	3	3
马桶台	mtt	4	3
没听说	mtu	1	3
摸头杀	mtu	2	3
马蹄声	mtu	3	3
每天上班	mtub	1	4
没听说过	mtug	1	4
没图说个	mtug	2	4
满头是汗	mtuh	1	4
每天上午	mtuw	2	4
描图纸	mtv	1	3
庙堂之上	mtvu	1	4
每天中午	mtvw	1	4
明天中午	mtvw	2	4
眉头微蹙	mtwc	1	4
美团外卖	mtwm	1	4
每天晚上	mtwu	2	4
明天晚上	mtwu	3	4
眉头微皱	mtwv	1	4
满天下	mtx	1	3
满天星	mtx	2	3
没头绪	mtx	3	3
每天下班	mtxb	1	4
满天星光	mtxg	1	4
毛头小伙	mtxh	1	4
媒体宣传	mtxi	1	4
每天下午	mtxw	2	4
马太效应	mtxy	1	4
木桶效应	mtxy	2	4
猫头鹰	mty	1	3
明天要	mty	2	3
明天有	mty	3	3
每天一部	mtyb	1	4
牧童遥指杏花村	mtyc	1	4
满头银发	mtyf	1	4
木桶原理	mtyl	1	4
每天夜晚	mtyw	1	4
明天夜晚	mtyw	2	4
明天一早	mtyz	1	4
明太祖	mtz	1	3
每天早晨	mtzi	1	4
明天早晨	mtzi	2	4
每天早上	mtzu	1	4
明天早上	mtzu	2	4
明天再说	mtzu	3	4
命题作文	mtzw	1	4
马上	mu	2	2
模式	mu	3	2
谋杀案	mua	1	3
名声不好	mubh	2	4
美式霸凌	mubl	2	4
迷失本性	mubx	2	4
没啥必要	muby	3	4
没收财产	muci	1	4
没事的	mud	1	3
没收到	mud	2	3
茅山道士	mudu	2	4
没啥大事	mudu	3	4
没剩多少	mudu	4	4
名声大震	mudv	2	4
没事儿	mue	1	3
没声儿	mue	2	3
谋杀犯	muf	2	3
门市房	muf	3	3
闷声发大财	mufc	1	4
魔术方块	mufk	1	4
民事法律	mufl	2	4
藐视法庭	muft	2	4
没啥反应	mufy	1	4
美式发音	mufy	2	4
没事干	mug	1	3
陌生感	mug	2	3
面试官	mug	3	3
美术馆	mug	4	3
没试过	mug	5	3
每首歌	mug	6	3
冒失鬼	mug	7	3
没说过话	mugh	1	4
没啥感觉	mugj	2	4
名师高徒	mugt	1	4
没上过学	mugx	2	4
名声赫赫	muhh	1	4
马上回来	muhl	1	4
民事行为能力	muhl	2	4
美声唱法	muif	1	4
面试成功	muig	2	4
没说出口	muik	1	4
名师出高徒	muit	1	4
没时间	muj	1	3
满世界	muj	2	3
美食家	muj	3	3
美食街	muj	4	3
马杀鸡	muj	5	3
马上就到	mujd	1	4
民事纠纷	mujf	1	4
没事就好	mujh	1	4
美式居合	mujh	2	4
没时间了	mujl	2	4
美式九球	mujq	1	4
美式截停	mujt	1	4
名师讲堂	mujt	2	4
马上就行	mujx	2	4
马上就要	mujy	2	4
马上就走	mujz	1	4
美术课	muk	2	3
猫屎咖啡	mukf	1	4
没事可干	mukg	1	4
马上看花	mukh	1	4
马上开始	muku	1	4
没啥可说	muku	2	4
没事了	mul	2	3
迷失了	mul	3	3
没谁了	mul	4	3
没商量	mul	5	3
默示录	mul	6	3
玛莎拉蒂	muld	1	4
美术老师	mulu	2	4
梅山六圣	mulu	3	4
麻省理工大学	mulx	1	4
没啥两样	muly	1	4
没啥理由	muly	2	4
麻省理工学院	muly	3	4
没什么	mum	2	3
买什么	mum	3	3
忙什么	mum	4	3
魔术帽	mum	5	3
没啥毛病	mumb	2	4
没什么错	mumc	3	4
忙手忙脚	mumj	2	4
没什么用	mumy	1	4
美少女	mun	1	3
美少年	mun	2	3
名实难副	munf	1	4
美少女万华镜	munj	1	4
妙手偶得之	muov	1	4
没水平	mup	2	3
墨水屏	mup	3	3
猫砂盆	mup	4	3
貌胜潘安	mupa	1	4
民事赔偿	mupi	2	4
美术培训	mupx	1	4
卖身契	muq	2	3
没事情	muq	3	3
莫生气	muq	4	3
没啥区别	muqb	3	4
目视前方	muqf	2	4
陌生人	mur	1	3
毛收入	mur	2	3
骂上热搜	murs	2	4
陌上人如玉	mury	1	4
名声扫地	musd	2	4
蒙受损失	musu	1	4
面试题	mut	2	3
魔术贴	mut	3	3
民事调解	mutj	2	4
密室逃脱	mutt	2	4
美食特写	mutx	1	4
魔术师	muu	1	3
莫伸手	muu	2	3
魔兽世界	muuj	1	4
美术设计	muuj	2	4
秘书长	muv	2	3
闷声赚大钱	muvq	1	4
闷声赚钱	muvq	2	4
满是皱纹	muvw	1	4
米十五笔	muwb	1	4
卖身为奴	muwn	1	4
没啥问题	muwt	1	4
描述性	mux	2	3
马上行动	muxd	1	4
梅山兄弟	muxd	2	4
名声显赫	muxh	1	4
民事行为	muxw	1	4
马上又	muy	1	3
没啥用	muy	2	3
没使用过	muyg	2	4
没啥用处	muyi	1	4
美式幽默	muym	1	4
猫鼠游戏	muyx	1	4
陌生又熟悉	muyx	2	4
蒙上阴影	muyy	1	4
没啥意义	muyy	2	4
美式英语	muyy	3	4
没事做	muz	2	3
母狮子	muz	3	3
谋杀罪	muz	4	3
美术字	muz	5	3
陌生字	muz	6	3
谋事在人，成事在天	muzt	1	4
迷失自我	muzw	2	4
梦中	mv	1	2
某种	mv	2	2
忙着	mv	3	2
美洲豹	mvb	1	3
门诊部	mvb	2	3
民政部	mvb	3	3
民政部部长	mvbi	2	4
每周必看	mvbk	1	4
明知不可为而为之	mvbv	2	4
明知不可为	mvbw	1	4
谋朝篡位	mvcw	1	4
民众参与	mvcy	1	4
明知道	mvd	1	3
没找到	mvd	2	3
梦之队	mvd	3	3
民主党	mvd	4	3
慢着点	mvd	5	3
面朝大海	mvdh	1	4
美洲大陆	mvdl	1	4
门诊大楼	mvdl	2	4
美洲大蠊	mvdl	3	4
明知道是	mvdu	1	4
某种东西	mvdx	2	4
明智的选择	mvdz	1	4
没准儿	mve	1	3
美洲鳄	mve	2	3
铭诸肺腑	mvff	1	4
某种方法	mvff	2	4
某种方式	mvfu	1	4
民主法制	mvfv	2	4
满洲国	mvg	1	3
蜜汁尴尬	mvgg	2	4
面罩共鸣	mvgm	2	4
没这个必要	mvgy	1	4
美洲虎	mvh	1	3
民主化	mvh	2	3
满纸荒唐言，一把辛酸泪	mvhl	1	4
满纸荒唐言一把辛酸泪	mvhl	2	4
蜜汁好听	mvht	1	4
面朝黄土背朝天	mvht	2	4
没这回事	mvhu	1	4
忙中出错	mvic	1	4
忙中出乱	mvil	1	4
马中赤兔	mvit	1	4
某种程度上	mviu	1	4
蜜汁叉烧	mviu	2	4
瞄准镜	mvj	1	3
民政局	mvj	2	3
瞄中间架两边	mvjb	1	4
民主决策	mvjc	1	4
木质结构	mvjg	1	4
民主建国会	mvjh	1	4
木制吉他	mvjt	1	4
民主集中制	mvjv	2	4
梦中惊醒	mvjx	1	4
满纸空文	mvkw	1	4
满纸空言	mvky	1	4
命中率	mvl	1	3
没辙了	mvl	2	3
迷住了	mvl	3	3
麦哲伦	mvl	4	3
没招了	mvl	5	3
没治了	mvl	6	3
每周礼包	mvlb	1	4
摸着良心说话	mvlh	1	4
猫捉老鼠	mvlu	1	4
摸着良心	mvlx	2	4
没这么	mvm	1	3
墓志铭	mvm	2	3
命中目标	mvmb	1	4
忙这忙那	mvmn	1	4
买这买那	mvmn	2	4
忙着忙着	mvmv	1	4
忙着呢	mvn	1	3
木制品	mvp	1	3
木制品厂	mvpi	1	4
MVP结算页面	mvpm	1	4
秒钟前	mvq	1	3
民主权	mvq	2	3
每周签到	mvqd	1	4
某种情况	mvqk	1	4
梦中情猫	mvqm	1	4
梦中情人	mvqr	1	4
卖主求荣	mvqr	2	4
目指气使	mvqu	1	4
某种情况下	mvqx	1	4
梦中人	mvr	1	3
魔怔人	mvr	2	3
冒着热气	mvrq	1	4
每周任务	mvrw	1	4
满周岁	mvs	1	3
门诊所	mvs	2	3
满招损，谦受益	mvsy	1	4
满招损谦受益	mvsy	2	4
民政厅	mvt	1	3
忙中添乱	mvtl	1	4
名侦探柯南	mvtn	1	4
蜜汁凸起	mvtq	1	4
门诊室	mvu	1	3
美洲狮	mvu	2	3
明知山有虎	mvuh	2	4
摸着石头过河	mvuh	3	4
蜜汁视角	mvuj	1	4
某种事物	mvuw	1	4
冒着生命危险	mvux	1	4
明知山有虎偏向虎山行	mvux	2	4
明知山有虎，偏向虎山行	mvux	3	4
民主社会主义	mvuy	1	4
没找着	mvv	1	3
民主制	mvv	2	3
民主政权	mvvq	1	4
民主政体	mvvt	1	4
瞒着我	mvw	1	3
没指望	mvw	2	3
拇指外翻	mvwf	1	4
墨汁未干	mvwg	1	4
满朝文武	mvww	1	4
迷之微笑	mvwx	2	4
蜜汁微笑	mvwx	3	4
毛主席	mvx	1	3
民主选举	mvxj	1	4
民主形式	mvxu	1	4
民主协商	mvxu	2	4
民主宪政	mvxv	1	4
眯着眼	mvy	1	3
没注意	mvy	2	3
猫着腰	mvy	3	3
没长眼	mvy	4	3
美汁源	mvy	5	3
忙中有错	mvyc	1	4
眯着眼睛	mvyj	1	4
蒙住眼睛	mvyj	2	4
迷之自信	mvzx	1	4
蜜汁自信	mvzx	2	4
名为	mw	2	2
马尾辫	mwb	2	3
门外汉	mwh	1	3
没文化	mwh	2	3
没文化真可怕	mwhp	1	4
迷雾重重	mwii	1	4
蛮王冲撞	mwiv	1	4
慢无可慢	mwkm	1	4
骂我可以	mwky	1	4
没问清楚	mwqi	3	4
莫问前程	mwqi	4	4
没问题	mwt	1	3
没问题了	mwtl	1	4
末位淘汰	mwtt	1	4
门卫室	mwu	2	3
莫文蔚	mww	1	3
冥王星	mwx	2	3
漫威宇宙	mwyv	1	4
渺无音信	mwyx	2	4
梦想	mx	1	2
某些	mx	2	2
明显	mx	3	2
慢性病	mxb	1	3
明细表	mxb	2	3
蜜雪冰城	mxbi	1	4
买新不买旧	mxbj	1	4
暮雪白头	mxbt	2	4
明显不是	mxbu	1	4
萌新爆照	mxbv	1	4
没想到	mxd	1	3
没想到吧	mxdb	1	4
某些地方	mxdf	1	4
面向大海	mxdh	1	4
没想到的是	mxdu	1	4
明显的错误	mxdw	1	4
面向对象	mxdx	1	4
某些东西	mxdx	2	4
门下弟子	mxdz	1	4
米歇尔	mxe	1	3
没想法	mxf	1	3
埋下伏笔	mxfb	1	4
满血复活	mxfh	1	4
明显符合无可置疑原则	mxfz	1	4
没想过	mxg	1	3
墨西哥	mxg	2	3
没学过	mxg	3	3
没效果	mxg	4	3
毛细管	mxg	5	3
某些国家	mxgj	1	4
明显改善	mxgu	1	4
没想好	mxh	1	3
没信号	mxh	2	3
迷信活动	mxhd	1	4
冒险活动	mxhd	2	4
明显好转	mxhv	1	4
没戏唱	mxi	1	3
冒险家	mxj	1	3
明显降低	mxjd	1	4
明显加快	mxjk	1	4
明显减弱	mxjr	1	4
门线技术	mxju	1	4
冒险精神	mxju	2	4
买下来	mxl	1	3
慢下来	mxl	2	3
没想明白	mxmb	1	4
每学年	mxn	1	3
没想那么多	mxnd	1	4
明信片	mxp	1	3
梦想破灭	mxpm	1	4
没兴趣	mxq	1	3
没心情	mxq	2	3
每星期	mxq	3	3
每学期	mxq	4	3
免息期	mxq	5	3
没兴趣的	mxqd	1	4
萌新求带	mxqd	2	4
没想清楚	mxqi	1	4
没想起来	mxql	1	4
迷信权威	mxqw	1	4
某些情况下	mxqx	1	4
某些人	mxr	1	3
喵星人	mxr	2	3
木樨肉	mxr	3	3
没心思	mxs	1	3
慢性死亡	mxsw	1	4
迷信思想	mxsx	2	4
马戏团	mxt	1	3
明显提升	mxtu	1	4
明显是	mxu	1	3
每小时	mxu	2	3
某些事	mxu	3	3
梦醒时分	mxuf	1	4
某些时候	mxuh	2	4
母系社会	mxuh	3	4
面向市场	mxui	1	4
面向世界	mxuj	1	4
某些事情	mxuq	1	4
买凶杀人	mxur	1	4
慢性肾衰	mxuu	1	4
母系氏族	mxuz	1	4
木樨柿子	mxuz	2	4
冒险者	mxv	1	3
没想着	mxv	2	3
明星主播	mxvb	1	4
明修栈道，暗度陈仓	mxvc	1	4
明修栈道暗度陈仓	mxvc	2	4
没希望	mxw	1	3
毛血旺	mxw	2	3
没下文	mxw	3	3
某些问题	mxwt	1	4
慢性胃炎	mxwy	1	4
没信心	mxx	1	3
没休息	mxx	2	3
明星选手	mxxu	1	4
满心希望	mxxw	1	4
莫须有	mxy	1	3
毛线衣	mxy	2	3
没响应	mxy	3	3
庙小妖风大	mxyd	1	4
命悬一发	mxyf	1	4
面向用户	mxyh	1	4
梦想有一天	mxyt	1	4
明仙宇宙	mxyv	1	4
某些原因	mxyy	1	4
慢性咽炎	mxyy	2	4
慢性子	mxz	1	3
门下走狗	mxzg	1	4
明显增加	mxzj	1	4
没有	my	1	2
每一	my	2	2
满意	my	3	2
蚂蚁阿福	myaf	1	4
每一步	myb	1	3
没有变	myb	2	3
慢一步	myb	3	3
每一遍	myb	4	3
没有别的	mybd	2	4
某一部分	mybf	2	4
贸易保护	mybh	1	4
没有变化	mybh	2	4
绵延不绝	mybj	1	4
美颜暴击	mybj	2	4
没有白来	mybl	2	4
没有不透风的墙	mybq	1	4
没有别的意思	mybs	1	4
没有不同	mybt	1	4
名誉博士	mybu	1	4
没有把握	mybw	1	4
没有不散的筵席	mybx	1	4
没有不散的宴席	mybx	2	4
每一次	myc	1	3
没有错	myc	2	3
每一层	myc	3	3
蚂蚁财富	mycf	1	4
没有猜错的话	mych	1	4
没有错误	mycw	1	4
每一道	myd	1	3
慢一点	myd	2	3
每一代	myd	3	3
煤油灯	myd	4	3
每一段	myd	5	3
满意度	myd	6	3
没有答案	myda	1	4
没有大碍	myda	2	4
没有得到	mydd	1	4
命运的齿轮开始转动	mydd	2	4
某一地方	mydf	1	4
没有地方	mydf	2	4
没遇到过	mydg	1	4
没有到过	mydg	2	4
没有的话	mydh	1	4
没有对比就没有伤害	mydh	2	4
没有动静	mydj	1	4
玛雅大姐	mydj	2	4
没有道理	mydl	1	4
蛮有道理	mydl	2	4
命运的齿轮	mydl	3	4
没有调查就没有发言权	mydq	1	4
面有得色	myds	1	4
没有多大意思	myds	2	4
霉运当头	mydt	1	4
没有多少	mydu	1	4
没有的事	mydu	2	4
木郁达之	mydv	2	4
没有定性	mydx	1	4
没有东西	mydx	2	4
莫予毒也	mydy	1	4
没有大用	mydy	2	4
没有恶意	myey	1	4
每一分	myf	1	3
每一份	myf	2	3
买衣服	myf	3	3
某一方	myf	4	3
卖衣服	myf	5	3
梅艳芳	myf	6	3
免运费	myf	7	3
没有防备	myfb	1	4
没有分寸	myfc	1	4
没有方法	myff	1	4
民用飞机	myfj	1	4
每一方面	myfm	2	4
每一分每一秒	myfm	3	4
没有否认	myfr	1	4
没有发展前途	myft	2	4
没有发生	myfu	1	4
磨牙费舌	myfu	2	4
每一分钟	myfv	1	4
没有发现	myfx	1	4
没有反应	myfy	1	4
没有法子	myfz	1	4
每一个	myg	1	3
某一个	myg	2	3
没有过	myg	3	3
没用过	myg	4	3
磨洋工	myg	5	3
没眼光	myg	6	3
眉眼高低	mygd	1	4
魔音灌耳	myge	1	4
没有共产党就没有新中国	mygg	1	4
没有搞好	mygh	1	4
没有感觉	mygj	1	4
没有过不去的坎	mygk	1	4
没有规律	mygl	1	4
没有功劳也有苦劳	mygl	2	4
免疫功能	mygn	1	4
没有耕坏的地，只有累死的牛	mygn	2	4
没有感情	mygq	1	4
木易跟打器	mygq	2	4
每一个人	mygr	1	4
某一个人	mygr	2	4
命运共同体	mygt	1	4
绵阳高中	mygv	1	4
忙于公务	mygw	1	4
贸易关系	mygx	2	4
每一个月	mygy	1	4
没有规矩不成方圆	mygy	2	4
每一个字	mygz	1	4
没有工作	mygz	2	4
每一行	myh	1	3
民营化	myh	2	3
贸易伙伴	myhb	1	4
蚂蚁花呗	myhb	2	4
没有获得	myhd	1	4
眯一会儿	myhe	1	4
没有好处	myhi	1	4
没有好果子吃	myhi	2	4
没有回头路	myhl	1	4
没有还手之力	myhl	2	4
没有好人	myhr	1	4
猛一回头	myht	1	4
没有话说	myhu	1	4
没有好事	myhu	2	4
名扬海外	myhw	1	4
名誉会员	myhy	1	4
没有好言	myhy	2	4
母夜叉	myi	1	3
美与丑	myi	2	3
民用船	myi	3	3
没有差别	myib	1	4
满意程度	myid	1	4
没有成功	myig	1	4
没有成见	myij	1	4
民用产品	myip	2	4
没有成为	myiw	1	4
没有出息	myix	1	4
没有出现	myix	2	4
贸易赤字	myiz	1	4
眉宇间	myj	1	3
没意见	myj	2	3
每一件	myj	3	3
每一句	myj	4	3
每一届	myj	5	3
没有救	myj	6	3
没有家	myj	7	3
马英九	myj	8	3
蚂蚁借呗	myjb	1	4
没有见到	myjd	1	4
蚂蚁金服	myjf	1	4
没有结果	myjg	1	4
没有经过	myjg	2	4
每一句话	myjh	1	4
没有机会	myjh	2	4
民用机场	myji	1	4
名言警句	myjj	2	4
漫游记录	myjl	1	4
没有精力	myjl	2	4
每一件事情	myjq	2	4
没有尽头	myjt	1	4
没有几天	myjt	2	4
每一件事	myju	1	4
名誉教授	myju	2	4
民用建筑	myjv	1	4
没有见着	myjv	2	4
没有界限	myjx	1	4
明月几时有	myjy	3	4
没有金刚钻	myjz	1	4
每一块	myk	1	3
每一颗	myk	2	3
某一刻	myk	3	3
每一刻	myk	4	3
没有空	myk	5	3
没有可比	mykb	1	4
没有看错	mykc	1	4
没有看到	mykd	1	4
没有考虑到	mykd	2	4
没有看法	mykf	1	4
没有考虑好	mykh	1	4
没有看错的话	mykh	2	4
没有看出	myki	1	4
马雅可夫斯基	mykj	2	4
蔓延开来	mykl	1	4
没有可能	mykn	1	4
没有困难	mykn	2	4
没有客气	mykq	1	4
没有看错人	mykr	1	4
面有愧色	myks	1	4
没有看头	mykt	1	4
蚂蚁啃骨头	mykt	2	4
没有可说	myku	1	4
没有可比性	mykx	1	4
没有了	myl	1	3
免疫力	myl	2	3
沐浴露	myl	3	3
满意率	myl	4	3
马伊琍	myl	5	3
每月礼包	mylb	1	4
没有料到	myld	1	4
没有来得及	mylj	1	4
没有理论根据	mylj	2	4
没有礼貌	mylm	1	4
没有了吗	mylm	2	4
没有利用价值	mylv	2	4
没有联系	mylx	1	4
没有理由	myly	1	4
没有两样	myly	2	4
每一名	mym	1	3
摸一摸	mym	2	3
每一秒	mym	3	3
蔓越莓	mym	4	3
没有明白	mymb	1	4
没有目标	mymb	2	4
贸易摩擦	mymc	1	4
没有免费的午餐	mymc	2	4
没有买卖就没有杀害	mymh	1	4
名言名句	mymj	1	4
名烟名酒	mymj	2	4
某月某日	mymr	1	4
没有明堂	mymt	1	4
每一秒钟	mymv	1	4
没有面子	mymz	1	4
没有你	myn	1	3
每一年	myn	2	3
没有难度	mynd	1	4
没有能够	myng	1	4
没有那个	myng	2	4
没有能力	mynl	1	4
免疫能力	mynl	2	4
没有那么	mynm	1	4
没有内味	mynw	1	4
没有耐心	mynx	1	4
闷油瓶	myp	1	3
慢一拍	myp	2	3
每一批	myp	3	3
美颜拍逼	mypb	1	4
贸易平衡	myph	1	4
绵阳普明中学	mypx	1	4
没有钱	myq	1	3
没有去	myq	2	3
牧羊犬	myq	3	3
名誉权	myq	4	3
没有区别	myqb	1	4
免疫球蛋白	myqb	2	4
没有确定	myqd	1	4
每月签到	myqd	2	4
绵延起伏	myqf	2	4
没有去过	myqg	1	4
卖友求荣	myqr	1	4
没有前途	myqt	1	4
没有企图	myqt	2	4
没有趣味	myqw	1	4
没有人	myr	1	3
明眼人	myr	2	3
牧羊人	myr	3	3
没有人知道	myrd	1	4
没有如果	myrg	1	4
没有任何	myrh	1	4
明月入怀	myrh	2	4
没有然后了	myrl	1	4
木有然后了	myrl	2	4
没有人能	myrn	1	4
媚眼如丝	myrs	1	4
每月任务	myrw	1	4
没有人可以	myry	1	4
没有任何理由	myry	2	4
没意思	mys	1	3
每一艘	mys	2	3
没有思想准备	mysb	1	4
没有丝毫	mysh	2	4
没有什么交集	mysj	1	4
没意思了	mysl	1	4
蚂蚁森林	mysl	2	4
没有什么	mysm	1	4
没有素质	mysv	1	4
每一天	myt	1	3
某一天	myt	2	3
麦芽糖	myt	3	3
梅雨天	myt	4	3
没有太大区别	mytb	1	4
没有听到	mytd	1	4
没有听说过	mytg	1	4
民意调查	myti	1	4
没有听见	mytj	1	4
没有条件	mytj	2	4
没有退路	mytl	1	4
贸易谈判	mytp	1	4
没有调查就没有发言权	mytq	1	4
母仪天下	mytx	2	4
蜜语甜言	myty	1	4
没有他意	myty	2	4
没有说	myu	1	3
名义上	myu	2	3
没有谁	myu	3	3
贸易商	myu	4	3
没意识到	myud	1	4
没有收到	myud	2	4
没有说过	myug	1	4
没有说话	myuh	1	4
没有时间	myuj	1	4
命运石之门	myum	1	4
木有事情	myuq	2	4
民以食为天	myut	1	4
蚂蚁上树	myuu	1	4
名誉市长	myuv	1	4
麻衣神相	myux	1	4
磨牙吮血	myux	2	4
没有声音	myuy	1	4
每一种	myv	1	3
每一只	myv	2	3
每一张	myv	3	3
某一种	myv	4	3
贸易战	myv	5	3
芈月传	myv	6	3
梦游症	myv	7	3
满月照	myv	8	3
没有准备	myvb	1	4
没有找到	myvd	2	4
没有这个	myvg	1	4
眉宇之间	myvj	1	4
没有止境	myvj	2	4
名誉长老	myvl	1	4
没有这么	myvm	1	4
明艳照人	myvr	1	4
美元指数	myvu	1	4
没有知识	myvu	2	4
没有指望	myvw	2	4
没有之一	myvy	1	4
没有这样	myvy	2	4
每一位	myw	1	3
某一位	myw	2	3
蚂蚁窝	myw	3	3
卖油翁	myw	4	3
没有完成	mywi	1	4
没有忘记	mywj	1	4
玛雅文明	mywm	1	4
没有为什么	mywm	2	4
没有污染	mywr	1	4
没有问题	mywt	1	4
美玉无瑕	mywx	1	4
每一下	myx	1	3
某一些	myx	2	3
每一项	myx	3	3
免疫性	myx	4	3
蚂蚁线	myx	5	3
没有想法	myxf	1	4
没有想过	myxg	1	4
没有效果	myxg	2	4
没有信号	myxh	1	4
没有想好	myxh	2	4
名誉校长	myxi	1	4
母语羞耻	myxi	2	4
没有兴趣	myxq	1	4
没有心情	myxq	2	4
没有心思	myxs	1	4
免疫系统	myxt	1	4
没有学上	myxu	1	4
没有硝烟的战争	myxv	1	4
没有希望	myxw	2	4
没有信心	myxx	1	4
没有下限	myxx	2	4
魔焰猩猩	myxx	3	4
没有需要	myxy	1	4
没有用	myy	1	3
慢悠悠	myy	2	3
没意义	myy	3	3
没营养	myy	4	3
谜一样	myy	5	3
没有一次	myyc	1	4
没有一点	myyd	1	4
免疫应答	myyd	2	4
没有一个	myyg	2	4
没有遗憾	myyh	1	4
没有优惠	myyh	2	4
没有用处	myyi	1	4
没有意见	myyj	1	4
没有压力	myyl	1	4
母婴用品	myyp	1	4
没有勇气	myyq	1	4
没有一个人	myyr	1	4
蛮有一套	myyt	1	4
母语优势	myyu	1	4
美衣玉食	myyu	2	4
没有一种	myyv	1	4
免疫抑制	myyv	2	4
没有疑问	myyw	1	4
没有因为	myyw	2	4
没有影响	myyx	1	4
没有印象	myyx	2	4
没有音讯	myyx	3	4
没有意义	myyy	1	4
没有原因	myyy	2	4
没原则	myz	1	3
明一早	myz	2	3
牡羊座	myz	3	3
民营资本	myzb	1	4
没有做好	myzh	1	4
没有作声	myzu	1	4
买一赠一	myzy	1	4
没有作用	myzy	2	4
满足	mz	2	2
名字	mz	3	2
满足不了	mzbl	1	4
民族败类	mzbl	2	4
慢走不送	mzbs	1	4
没做到	mzd	2	3
马自达	mzd	3	3
毛泽东	mzd	4	3
民族地区	mzdq	1	4
毛泽东思想	mzdx	2	4
民族大学	mzdx	3	4
民族大义	mzdy	1	4
民族风	mzf	2	3
民族分裂	mzfl	1	4
没资格	mzg	1	3
满足感	mzg	2	3
没做过	mzg	3	3
米字格	mzg	4	3
面子工程	mzgi	1	4
民族国家	mzgj	2	4
民族感情	mzgq	1	4
面子果实	mzgu	1	4
民族关系	mzgx	1	4
母子关系	mzgx	2	4
民族仇恨	mzih	1	4
名字叫	mzj	2	3
麻醉剂	mzj	3	3
铆足劲	mzj	4	3
免遭劫难	mzjn	1	4
麻醉科	mzk	1	3
满足了	mzl	1	3
母子俩	mzl	2	3
木子李	mzl	3	3
卯足了劲	mzlj	1	4
铆足了劲	mzlj	2	4
民族乐器	mzlq	1	4
母子连心	mzlx	1	4
没怎么	mzm	2	3
没滋没味	mzmw	1	4
美则美矣	mzmy	1	4
民族命运	mzmy	2	4
磨嘴皮	mzp	1	3
满嘴喷粪	mzpf	1	4
满嘴跑火车	mzpi	1	4
民族品牌	mzpp	1	4
麻醉枪	mzq	2	3
母子情	mzq	3	3
民族区域自治制度	mzqd	1	4
民族气节	mzqj	1	4
母子情深	mzqu	3	4
马走日	mzr	1	3
民族融合	mzrh	1	4
民族素质	mzsv	1	4
满足私欲	mzsy	1	4
莫扎特	mzt	2	3
民族统一	mzty	1	4
面子上	mzu	1	3
麻醉师	mzu	2	3
买罪受	mzu	3	3
魅族手机	mzuj	2	4
免责声明	mzum	1	4
帽子叔叔	mzuu	1	4
没在身上	mzuu	2	4
民族性	mzx	1	3
埋在心底	mzxd	1	4
没在意	mzy	1	3
满足于	mzy	2	3
麻醉药	mzy	3	3
每走一步	mzyb	1	4
美滋滋	mzz	1	3
满嘴脏话	mzzh	1	4
民族自豪	mzzh	2	4
民族宗教	mzzj	1	4
哪边	nab	1	3
哪次	nac	1	3
哪儿	nae	1	3
哪个	nag	2	3
哪里	nal	2	3
哪年	nan	1	3
哪天	nat	1	3
南安市	nau	2	3
哪种	nav	2	3
哪位	naw	1	3
哪些	nax	2	3
哪有	nay	1	3
那边	nb	2	2
内部	nb	3	2
暖宝宝	nbb	1	3
你被捕了	nbbl	1	4
你并不是	nbbu	1	4
你别不信	nbbx	1	4
内部财务	nbcw	1	4
拿不到	nbd	1	3
你不懂	nbd	2	3
难不倒	nbd	3	3
弄不到	nbd	4	3
弄不懂	nbd	5	3
挪不动	nbd	6	3
拿不定	nbd	7	3
牛逼的很	nbdh	2	4
您拨打的电话是空号	nbdh	3	4
你不对劲	nbdj	1	4
您拨打的电话已关机	nbdj	2	4
您拨打的电话已停机	nbdj	3	4
难比登天	nbdt	1	4
您拨打的电话暂时无人接听	nbdt	2	4
拿不定主意	nbdy	1	4
诺贝尔	nbe	1	3
尼泊尔	nbe	2	3
那部分	nbf	1	3
哪部分	nbf	2	3
南北方	nbf	3	3
那不废话	nbfh	1	4
内部分配	nbfp	1	4
你比方说	nbfu	1	4
内部管理	nbgl	1	4
那不过是	nbgu	1	4
内部构造	nbgz	1	4
弄不好	nbh	1	3
捏把汗	nbh	2	3
牛逼哄哄	nbhh	1	4
内部环境	nbhj	1	4
牛逼坏了	nbhl	1	4
难不成	nbi	1	3
拿不出	nbi	2	3
南北朝	nbi	3	3
南北差距	nbij	1	4
拿不出来	nbil	1	4
拿不出手	nbiu	1	4
难不成是	nbiu	2	4
南北差异	nbiy	1	4
那不就	nbj	1	3
南北极	nbj	2	3
脑白金	nbj	3	3
牛板筋	nbj	4	3
你不觉得	nbjd	1	4
那不就行了	nbjl	1	4
内部交流	nbjl	2	4
那不就是	nbju	1	4
那不就行	nbjx	1	4
内部空间	nbkj	1	4
那不可能	nbkn	1	4
牛逼克拉斯	nbks	1	4
内部刊物	nbkw	1	4
泥巴路	nbl	1	3
南北两侧	nblc	2	4
南北绿豆	nbld	1	4
内部流出	nbli	1	4
鸟不拉屎	nblu	1	4
南北美	nbm	1	3
弄不明白	nbmb	1	4
闹不明白	nbmb	2	4
你币没了	nbml	1	4
能不能	nbn	1	3
闹别扭	nbn	2	3
难不难	nbn	3	3
弄不弄	nbn	4	3
能不能够	nbng	1	4
努不努力	nbnl	1	4
男不男女不女	nbnn	1	4
能不能用	nbny	1	4
你被骗了	nbpl	1	4
弄不清	nbq	1	3
南半球	nbq	2	3
逆变器	nbq	3	3
你不确定	nbqd	1	4
弄不清楚	nbqi	1	4
馕包肉	nbr	1	3
内部人士	nbru	1	4
你比如说	nbru	2	4
内部人员	nbry	1	4
你不仁我不义	nbry	2	4
你爸死了	nbsl	1	4
闹半天	nbt	1	3
内部条件	nbtj	1	4
南北通衢	nbtq	1	4
南北通透	nbtt	1	4
那不是	nbu	1	3
你别说	nbu	2	3
那便是	nbu	3	3
尿不湿	nbu	4	3
你不是一个人在战斗	nbud	1	4
农本商末	nbum	1	4
南部山区	nbuq	1	4
你不是一个人	nbur	1	4
拿不准	nbv	1	3
耐不住	nbv	2	3
你不知道	nbvd	1	4
能不知道	nbvd	2	4
耐不住寂寞	nbvm	1	4
南部战区	nbvq	1	4
难辨真伪	nbvw	1	4
耐不住性子	nbvz	1	4
内部网	nbw	1	3
南北纬	nbw	2	3
你别忘记	nbwj	1	4
内部文件	nbwj	2	4
你别忘了	nbwl	1	4
那必须	nbx	1	3
那不行	nbx	2	3
那必须的	nbxd	1	4
内部消化	nbxh	1	4
你不希望	nbxw	1	4
内部消息	nbxx	1	4
你不要	nby	1	3
努比亚	nby	2	3
南冰洋	nby	3	3
那不一定	nbyd	1	4
女不养狗	nbyg	1	4
男不养猫	nbym	1	4
你不也是	nbyu	1	4
那不一样	nbyy	1	4
牛鼻子	nbz	1	3
哪辈子	nbz	2	3
牛蒡子	nbz	3	3
内部资料	nbzl	1	4
你不早说	nbzu	1	4
内部资源	nbzy	1	4
那次	nc	2	2
农村	nc	3	2
内测版	ncb	2	3
农村保险	ncbx	1	4
内存不足	ncbz	1	4
纳粹党	ncd	1	3
农村地区	ncdq	1	4
脑残粉	ncf	1	3
农村妇女	ncfn	1	4
农村户口	nchk	1	4
内存储器	nciq	1	4
内错角	ncj	2	3
内存卡	nck	2	3
弄错了	ncl	2	3
男才女貌	ncnm	1	4
农村群众	ncqv	1	4
农村人	ncr	1	3
农村人口	ncrk	1	4
女厕所	ncs	1	3
男厕所	ncs	2	3
内存条	nct	2	3
那才是	ncu	1	3
宁财神	ncu	2	3
内存释放	ncuf	1	4
你猜我画	ncwh	3	4
内测玩家	ncwj	1	4
内存泄漏	ncxl	1	4
怒从心头起	ncxq	1	4
内测邀请	ncyq	1	4
内测资格	nczg	1	4
你的	nd	2	2
难道	nd	3	2
难道不	ndb	1	3
脑电波	ndb	2	3
女代表	ndb	3	3
那倒不一定	ndbd	2	4
南帝北丐	ndbg	2	4
那倒不会	ndbh	1	4
女大不中留	ndbl	1	4
脑袋被驴踢了	ndbl	2	4
难道不行吗	ndbm	1	4
难道不是吗	ndbm	2	4
难道不能	ndbn	1	4
女大不由娘	ndbn	2	4
难道不怕	ndbp	1	4
那倒不如	ndbr	1	4
那倒不是	ndbu	1	4
难道不是	ndbu	2	4
难道不可以	ndby	1	4
扭断脖子	ndbz	1	4
难得聪明	ndcm	1	4
难当此任	ndcr	1	4
年度财务	ndcw	1	4
你懂得	ndd	1	3
难度大	ndd	2	3
年度第二	ndde	1	4
难得的机会	nddh	2	4
拿刀动枪	nddq	1	4
难当大任	nddr	1	4
年度第三	ndds	1	4
难登大雅之堂	nddt	1	4
年度第一	nddy	1	4
难度动作	nddz	1	4
那点儿	nde	2	3
闹洞房	ndf	2	3
那顿饭	ndf	3	3
脑袋瓜	ndg	1	3
难度高	ndg	2	3
脑袋瓜子	ndgz	1	4
难道还	ndh	1	3
难得很	ndh	2	3
难度很大	ndhd	1	4
难度很高	ndhg	1	4
年代后期	ndhq	1	4
你滴寒王	ndhw	1	4
难度很小	ndhx	1	4
难道还要	ndhy	1	4
难道还有	ndhy	2	4
拿得出	ndi	1	3
年代初	ndi	2	3
拿得出手	ndiu	1	4
南大街	ndj	1	3
内地警方	ndjf	1	4
虐待狂	ndk	1	3
脑袋空空	ndkk	1	4
难道可以	ndky	1	4
拿到了	ndl	1	3
年度利润	ndlr	1	4
年代末	ndm	1	3
年代末期	ndmq	1	4
难道没有	ndmy	1	4
你的名字	ndmz	1	4
难道你	ndn	2	3
难道能	ndn	3	3
年度内	ndn	4	3
男的女的	ndnd	2	4
女大难留	ndnl	2	4
难道你是	ndnu	1	4
男多女少	ndnu	2	4
你的那些	ndnx	1	4
年底前后	ndqh	1	4
拿得起放得下	ndqx	1	4
拿得起，放得下	ndqx	2	4
那当然	ndr	2	3
那当然了	ndrl	1	4
那当然是	ndru	1	4
女屌丝	nds	1	3
男屌丝	nds	2	3
你爹死了	ndsl	1	4
女大三抱金砖	ndsv	1	4
脑电图	ndt	1	3
难道说	ndu	1	3
那倒是	ndu	2	3
难道是	ndu	3	3
你倒是	ndu	4	3
女大十八变	ndub	1	4
那段时间	nduj	1	4
牛刀杀鸡	nduj	2	4
难道是因为	nduw	1	4
年度爽文	nduw	2	4
那都是些	ndux	1	4
年度收益	nduy	1	4
你等着	ndv	2	3
耐得住	ndv	3	3
尿毒症	ndv	4	3
拿得准	ndv	5	3
你得知道	ndvd	1	4
耐得住寂寞	ndvm	1	4
难道只能	ndvn	1	4
年代中期	ndvq	1	4
尿毒症晚期	ndvq	2	4
你的这些	ndvx	1	4
拿定主意	ndvy	1	4
难道只有	ndvy	2	4
难道我	ndw	1	3
耐低温	ndw	2	3
年底完成	ndwi	1	4
你的问题	ndwt	1	4
你对我说	ndwu	1	4
那东西	ndx	2	3
女大学生	ndxu	3	4
难度系数	ndxu	4	4
你的心中	ndxv	2	4
难道需要	ndxy	2	4
难度选择	ndxz	1	4
你大爷	ndy	1	3
难道有	ndy	2	3
哪都有	ndy	3	3
呢大衣	ndy	4	3
男低音	ndy	5	3
女低音	ndy	6	3
尿道炎	ndy	7	3
你大爷的	ndyd	1	4
难道应该	ndyg	1	4
难倒英雄汉	ndyh	1	4
难得有空	ndyk	1	4
年代以来	ndyl	1	4
哪都有你	ndyn	1	4
脑袋有泡	ndyp	1	4
你的意思	ndys	2	4
那倒也是	ndyu	1	4
你的意思是	ndyu	2	4
那倒也行	ndyx	1	4
年度游戏	ndyx	2	4
闹肚子	ndz	1	3
年度最佳	ndzj	1	4
年度总结	ndzj	2	4
那档子事	ndzu	1	4
那儿	ne	2	2
女儿	ne	3	2
呢！	nea	1	3
哪儿的话	nedh	1	4
男儿当自强	nedq	1	4
你二大爷	nedy	1	4
女儿国	neg	1	3
女儿红	neh	2	3
娘儿俩	nel	1	3
哪儿来的	neld	1	4
娘儿们	nem	1	3
女儿女婿	nenx	1	4
哪儿去了	neql	1	4
呢……	nes	1	3
女儿身	neu	1	3
男儿志在四方	nevf	1	4
呢？	new	1	3
您二位	new	2	3
男儿膝下有黄金	nexj	1	4
男儿有泪不轻弹	neyt	1	4
能否	nf	2	2
那份	nf	3	2
能否按照	nfav	1	4
难分彼此	nfbc	1	4
能否保持	nfbi	1	4
女房东	nfd	1	3
怒放的生命	nfdm	1	4
南方地区	nfdq	1	4
那副德性	nfdx	1	4
年方二八	nfeb	1	4
能否遏制	nfev	1	4
能否符合	nffh	1	4
逆风翻盘	nffp	1	4
能否发展	nffv	1	4
女法官	nfg	1	3
能否改变	nfgb	1	4
难分高低	nfgd	1	4
能否获得	nfhd	1	4
农夫和蛇	nfhu	1	4
年费会员	nfhy	1	4
弄饭吃	nfi	1	3
能否成为	nfiw	1	4
能否持续	nfix	1	4
暖风机	nfj	1	3
能否坚持	nfji	1	4
南方口音	nfky	1	4
闹翻了	nfl	1	3
闹翻了天	nflt	1	4
能否落实	nflu	1	4
哪方面	nfm	1	3
那方面	nfm	2	3
内分泌	nfm	3	3
逆否命题	nfmt	1	4
能否满足	nfmz	1	4
奶粉钱	nfq	1	3
能否取得	nfqd	1	4
南方人	nfr	1	3
女粉丝	nfs	1	3
男粉丝	nfs	2	3
闹翻天	nft	1	3
内啡肽	nft	2	3
南方谈话	nfth	1	4
能否突破	nftp	1	4
耐腐蚀	nfu	1	3
难分胜负	nfuf	1	4
难分上下	nfux	1	4
难分仲伯	nfvb	1	4
能否知道	nfvd	1	4
泥饭碗	nfw	1	3
内服外敷	nfwf	1	4
能否完成	nfwi	1	4
南方卫视	nfwu	1	4
女服务生	nfwu	2	4
你放心	nfx	1	3
那封信	nfx	2	3
能否享受	nfxu	1	4
难分轩轾	nfxv	1	4
女飞行员	nfxy	1	4
逆反应	nfy	1	3
农夫与蛇	nfyu	1	4
那个	ng	2	2
能够	ng	3	2
尼姑庵	nga	1	3
能够按照	ngav	1	4
女干部	ngb	1	3
那个不错	ngbc	1	4
那个部分	ngbf	1	4
那个办法	ngbf	2	4
能够保持	ngbi	1	4
能够摆脱	ngbt	1	4
那个不是	ngbu	2	4
你管不着	ngbv	1	4
哪个不知	ngbv	2	4
年过八旬	ngbx	1	4
哪根葱	ngc	1	3
尼古丁	ngd	1	3
能够得到	ngdd	1	4
那个地方	ngdf	1	4
哪个地方	ngdf	2	4
能够带给	ngdg	1	4
那该多好	ngdh	2	4
拈弓搭箭	ngdj	1	4
能够打破	ngdp	1	4
哪个地区	ngdq	1	4
那个大人	ngdr	1	4
那个东西	ngdx	1	4
你个二逼	ngeb	1	4
你个二货	ngeh	1	4
能够覆盖	ngfg	1	4
那个房间	ngfj	1	4
女鬼放产假	ngfj	2	4
哪个方面	ngfm	1	4
能够放弃	ngfq	1	4
那个过程	nggi	1	4
哪个国家	nggj	2	4
能够更快	nggk	1	4
哪个好	ngh	2	3
你敢吼我	nghw	1	4
女歌唱家	ngij	1	4
能够出来	ngil	1	4
你个畜生	ngiu	1	4
女管家	ngj	1	3
凝固剂	ngj	2	3
那个角度	ngjd	1	4
能够解决	ngjj	1	4
能够健康	ngjk	1	4
农杆菌素	ngjs	1	4
能够接受	ngju	1	4
能够克服	ngkf	1	4
能够看出	ngki	1	4
能够可靠	ngkk	1	4
能够控制	ngkv	1	4
尼古拉	ngl	1	3
能够理解	nglj	1	4
能够离开	nglk	1	4
尼古拉特斯拉	ngll	2	4
闹够了没	nglm	1	4
钮钴禄氏	nglu	1	4
能够连续	nglx	1	4
你干嘛	ngm	1	3
男闺蜜	ngm	2	3
女闺蜜	ngm	3	3
你干嘛啊	ngma	1	4
那个没有	ngmy	1	4
农耕民族	ngmz	1	4
那个年代	ngnd	2	4
能够拿出	ngni	1	4
那个男人	ngnr	1	4
那个女人	ngnr	2	4
能够平安	ngpa	1	4
哪个怕哪个	ngpg	1	4
内购破解	ngpj	1	4
脑干缺失	ngqu	1	4
那个人	ngr	1	3
哪个人	ngr	2	3
能够如此	ngrc	1	4
那个人的	ngrd	1	4
你告诉她	ngst	1	4
你告诉他	ngst	2	4
年过三十	ngsu	1	4
你告诉我	ngsw	1	4
扭过头	ngt	1	3
你个头	ngt	2	3
脑瓜疼	ngt	3	3
能够体会	ngth	1	4
能够提出	ngti	1	4
能够突破	ngtp	1	4
能够提前	ngtq	1	4
你跟他说	ngtu	1	4
你跟她说	ngtu	2	4
那个是	ngu	1	3
哪个是	ngu	2	3
那个啥	ngu	3	3
那个谁	ngu	4	3
女歌手	ngu	5	3
男歌手	ngu	6	3
农工商	ngu	7	3
你个傻逼	ngub	1	4
那个时代	ngud	1	4
那个时候	nguh	1	4
哪个时候	nguh	2	4
那个世界	nguj	1	4
那个事情	nguq	1	4
那个时期	nguq	2	4
那个声音	nguy	1	4
男高中生	ngvu	2	4
那个只是	ngvu	3	4
内顾之忧	ngvy	1	4
你管我	ngw	1	3
耐高温	ngw	2	3
农耕文明	ngwm	1	4
那个问题	ngwt	1	4
哪个问题	ngwt	2	4
你跟我说	ngwu	1	4
哪个学校	ngxx	1	4
那个需要	ngxy	1	4
那个月	ngy	1	3
年羹尧	ngy	2	3
女高音	ngy	3	3
男高音	ngy	4	3
那个意思	ngys	2	4
那个也是	ngyu	1	4
那个游戏	ngyx	1	4
那个样子	ngyz	2	4
脑瓜子	ngz	1	3
那个字	ngz	2	3
南瓜子	ngz	3	3
脑瓜子嗡嗡	ngzw	1	4
你好	nh	2	2
女孩	nh	3	2
男孩	nh	4	2
你好啊	nha	2	3
南海岸	nha	3	3
那好吧	nhb	1	3
那还不错	nhbc	1	4
哪壶不开提哪壶	nhbh	1	4
你会不会	nhbh	2	4
奈何不了	nhbl	1	4
那还不如	nhbr	1	4
你还别说	nhbu	1	4
霓虹灯	nhd	1	3
农户贷款	nhdk	1	4
那还得了	nhdl	1	4
浓厚的兴趣	nhdq	1	4
内涵段子	nhdz	1	4
女孩儿	nhe	1	3
男孩儿	nhe	2	3
拈花而笑	nhex	1	4
内涵丰富	nhff	1	4
浓厚氛围	nhfw	1	4
那还好	nhh	2	3
闹哄哄	nhh	3	3
黏糊糊	nhh	4	3
那很好了	nhhl	1	4
那很坏了	nhhl	2	4
拿回家	nhj	1	3
年货节	nhj	2	3
黏合剂	nhj	3	3
农行卡	nhk	1	3
内行看门道	nhkd	1	4
脑海里	nhl	2	3
拿回来	nhl	3	3
脑回路	nhl	4	3
弄好了	nhl	5	3
那还了得	nhld	1	4
你好厉害	nhlh	1	4
你很厉害	nhlh	2	4
脑回路清奇	nhlq	1	4
你好吗	nhm	1	3
哪壶没开提哪壶	nhmh	1	4
奈何明月照沟渠	nhmq	1	4
你好牛逼	nhnb	1	4
你好你好	nhnh	1	4
男孩女孩	nhnh	2	4
你吼那么大声干什么嘛	nhnm	1	4
拿回去	nhq	2	3
奈何桥	nhq	3	3
农户签订	nhqd	1	4
牛磺酸	nhs	1	3
你好骚啊	nhsa	1	4
年华似水	nhsu	1	4
女护士	nhu	1	3
那回事	nhu	2	3
那回事儿	nhue	1	4
那还是人	nhur	1	4
脑海中	nhv	1	3
你还真别说	nhvu	2	4
你和我	nhw	1	3
你画我猜	nhwc	1	4
你好我好	nhwh	1	4
你好我好大家好	nhwh	2	4
耐寒性	nhx	1	3
内环线	nhx	2	3
怒吼一声	nhyu	2	4
内化于心	nhyx	2	4
你还要我怎样	nhyy	1	4
女孩子	nhz	1	3
男孩子	nhz	2	3
女汉子	nhz	3	3
男孩子的	nhzd	1	4
女孩子的	nhzd	2	4
女孩子家家	nhzj	1	4
你很在意	nhzy	1	4
奈何做贼	nhzz	1	4
拿出	ni	2	2
奶茶婊	nib	2	3
酿成大错	nidc	1	4
能撑多久	nidj	1	4
难成大器	nidq	1	4
能成大事	nidu	1	4
弄潮儿	nie	2	3
尿常规	nig	2	3
亻尔女子	nihc	2	4
怒冲冲	nii	1	3
拿出来	nil	2	3
年产量	nil	3	3
你吃了吗	nilm	1	4
闹出乱子	nilz	1	4
能吃吗	nim	1	3
奶茶妹妹	nimm	1	4
能吃能喝	ninh	1	4
能吃能睡	ninu	1	4
农产品	nip	2	3
拿出去	niq	2	3
能出其右	niqy	2	4
能承受	niu	1	3
你瞅啥	niu	2	3
农场主	niv	2	3
年产值	niv	3	3
脑出血	nix	2	3
内出血	nix	3	3
南朝鲜	nix	4	3
脑充血	nix	5	3
拿出勇气	niyq	1	4
拧成一股绳	niyu	2	4
霓裳羽衣舞	niyw	1	4
逆臣贼子	nizz	2	4
年纪	nj	2	2
女嘉宾	njb	1	3
男嘉宾	njb	2	3
年近半百	njbb	2	4
那就不知道	njbd	2	4
那就不清楚	njbi	1	4
脑浆迸裂	njbl	1	4
脑浆崩裂	njbl	2	4
你觉得	njd	1	3
那绝对	njd	2	3
年纪大	njd	3	3
能见度	njd	4	3
那就对了	njdl	1	4
年纪大了	njdl	2	4
你觉得呢	njdn	1	4
年级第一	njdy	1	4
农家肥	njf	1	3
怒极反笑	njfx	1	4
那几个	njg	1	3
哪几个	njg	2	3
内家功夫	njgf	2	4
那就好	njh	2	3
那句话	njh	3	3
闹饥荒	njh	4	3
那就好了	njhl	1	4
那就好办了	njhl	2	4
那就好咯	njhl	3	4
那就很难	njhn	1	4
女警察	nji	1	3
你就宠着他吧	njib	1	4
你就宠着她吧	njib	2	4
你舅宠着他爸	njib	3	4
鸟叫蝉鸣	njim	1	4
牛角尖	njj	1	3
那几句	njj	2	3
难接近	njj	3	3
那几句话	njjh	1	4
脑机接口	njjk	2	4
脑筋急转弯	njjw	1	4
那就可能	njkn	1	4
那就可以	njky	1	4
凝聚力	njl	1	3
农家乐	njl	2	3
女经理	njl	3	3
南京路	njl	4	3
凝聚力量	njll	1	4
那就没有	njmy	1	4
那几年	njn	1	3
农家女	njn	2	3
哪家强	njq	2	3
南郊区	njq	3	3
南极圈	njq	4	3
那就奇怪	njqg	2	4
南京人	njr	1	3
女军人	njr	2	3
凝聚人心	njrx	1	4
那就算了	njsl	1	4
那几天	njt	2	3
那就是	nju	1	3
南京市	nju	2	3
那件事	nju	3	3
女教师	nju	4	3
脑积水	nju	5	3
尿结石	nju	6	3
那就说明	njum	1	4
那件事情	njuq	1	4
哪件事情	njuq	2	4
那就是因为	njuw	1	4
那几张	njv	2	3
哪几种	njv	3	3
女记者	njv	4	3
南极洲	njv	5	3
逆境中	njv	6	3
那就这样吧	njvb	1	4
你就知道	njvd	1	4
那就只能	njvn	1	4
年级主任	njvr	1	4
你就这么一听	njvt	1	4
那就这样	njvy	2	4
您几位	njw	1	3
那就完了	njwl	1	4
难及万一	njwy	1	4
那就行	njx	2	3
耐久性	njx	3	3
南极星	njx	4	3
那就行了	njxl	2	4
匿迹销声	njxu	1	4
南极仙翁	njxw	1	4
年纪小小	njxx	2	4
农家小院	njxy	3	4
那就要	njy	1	3
诺基亚	njy	2	3
难驾驭	njy	3	3
那叫一个地道	njyd	1	4
年交易额	njye	1	4
那叫一个	njyg	1	4
那就要看	njyk	2	4
脑筋一转	njyv	1	4
宁静以致远	njyy	1	4
年级组	njz	2	3
尿褯子	njz	3	3
难看	nk	2	2
那可不	nkb	2	3
那可不成	nkbi	2	4
那可不是	nkbu	1	4
那可不行	nkbx	1	4
宁可不要	nkby	2	4
宁可错杀一千	nkcq	1	4
能看得到	nkdd	1	4
能克服	nkf	2	3
宁可放弃	nkfq	1	4
能看出来	nkil	2	4
内窥镜	nkj	1	3
你看看	nkk	1	3
你看看你	nkkn	1	4
你可拉倒吧	nklb	1	4
你看你	nkn	1	3
那可能是	nknu	1	4
暖空气	nkq	1	3
宁可忍受	nkru	1	4
囊括四海	nksh	1	4
难看死了	nksl	1	4
奈克瑟斯	nkss	1	4
诺克萨斯	nkss	2	4
脑壳疼	nkt	1	3
脑壳痛	nkt	2	3
那可是	nku	1	3
讷口少言	nkuy	1	4
你看着办	nkvb	1	4
内科主任	nkvr	1	4
你可知罪	nkvz	1	4
宁可我负天下人	nkwr	1	4
宁可牺牲	nkxu	1	4
宁可信其有，不可信其无	nkxw	1	4
宁可信其有不可信其无	nkxw	2	4
宁可信其有	nkxy	2	4
你可以	nky	1	3
农科院	nky	2	3
你看又急	nkyj	1	4
你可以去	nkyq	1	4
内科医生	nkyu	1	4
尿裤子	nkz	1	3
你看怎么样	nkzy	2	4
努力	nl	2	2
那里	nl	3	2
能力	nl	4	2
那里边	nlb	1	3
能力不够	nlbg	1	4
哪里不好	nlbh	1	4
捏了把汗	nlbh	2	4
努力保持	nlbi	1	4
能连不交	nlbj	1	4
哪里不会点哪里	nlbl	1	4
努力避免	nlbm	1	4
拿来吧你	nlbn	1	4
能力薄弱	nlbr	1	4
年龄不饶人	nlbr	2	4
南粮北调	nlbt	1	4
闹了半天	nlbt	2	4
年龄不小	nlbx	1	4
能力不足	nlbz	1	4
年龄层	nlc	1	3
哪里错	nlc	2	3
能力测试	nlcu	1	4
那里的	nld	1	3
年龄段	nld	2	3
努力打拼	nldp	1	4
内陆地区	nldq	1	4
哪里都是	nldu	1	4
闹里打转	nldv	1	4
能量代谢	nldx	1	4
哪来的自信	nldx	2	4
哪里都一样	nldy	1	4
能力发挥	nlfh	1	4
能力范畴	nlfi	1	4
努力付出	nlfi	2	4
能力发展	nlfv	1	4
能力范围	nlfw	1	4
努力方向	nlfx	1	4
能力分析	nlfx	2	4
那两个	nlg	1	3
南理工	nlg	2	3
努力改变	nlgb	1	4
尿路感染	nlgr	1	4
努力改善	nlgu	1	4
努力工作	nlgz	1	4
闹离婚	nlh	1	3
尼罗河	nlh	2	3
那路或多	nlhd	1	4
你脸红个泡泡茶壶	nlhh	1	4
能力很差	nlhi	1	4
你脸红啦	nlhl	1	4
能力差	nli	1	3
逆流成河	nlih	1	4
能力出色	nlis	1	4
努力坚持	nlji	1	4
拿了鸡毛当令箭	nljj	1	4
努力开辟	nlkb	1	4
能力考核	nlkh	1	4
努力开创	nlki	1	4
哪凉快哪呆着去	nlkq	1	4
努力开拓	nlkt	1	4
年利率	nll	1	3
努力练习	nllx	2	4
那里面	nlm	1	3
女流氓	nlm	2	3
纳了闷了	nlml	1	4
捏了捏	nln	1	3
挠了挠	nln	2	3
努了努	nln	3	3
农历年	nln	4	3
哪里哪里	nlnl	2	4
闹来闹去	nlnq	1	4
弄来弄去	nlnq	2	4
挠了挠头	nlnt	1	4
男来女往	nlnw	1	4
能里能外	nlnw	2	4
努力拼搏	nlpb	1	4
能力评估	nlpg	1	4
能力评价	nlpj	1	4
能力培训	nlpx	1	4
能力培养	nlpy	1	4
哪里去	nlq	1	3
能力强	nlq	2	3
哪里去了	nlql	1	4
哪里人	nlr	1	3
年利润	nlr	2	3
您老人家	nlrj	1	4
你老人家	nlrj	2	4
年龄人口	nlrk	1	4
难凉热血	nlrx	1	4
浓硫酸	nls	1	3
尼龙丝	nls	2	3
能力所及	nlsj	1	4
能力所限	nlsx	1	4
能力突出	nlti	1	4
努力推进	nltj	1	4
努力拓宽	nltk	1	4
尼龙绳	nlu	1	3
牛栏山	nlu	2	3
能量守恒	nluh	2	4
内力深厚	nluh	3	4
能力水平	nlup	1	4
努力适应	nluy	1	4
奴隶主	nlv	1	3
奴隶制	nlv	2	3
女流之辈	nlvb	1	4
哪里知道	nlvd	2	4
你来真的	nlvd	3	4
努力争取	nlvq	1	4
努力赚钱	nlvq	2	4
努力之下	nlvx	1	4
尼龙袜	nlw	1	3
努力无悔	nlwh	1	4
努力完成	nlwi	1	4
你来我去	nlwq	1	4
努力微笑	nlwx	1	4
牛郎星	nlx	1	3
年龄性别	nlxb	1	4
能量消耗	nlxh	1	4
能力训练	nlxl	1	4
哪里有	nly	1	3
扭了腰	nly	2	3
能力一般	nlyb	1	4
能力越大，责任越大	nlyd	1	4
能力越大责任越大	nlyd	2	4
捏了一把汗	nlyh	1	4
哪里有卖	nlym	1	4
纳兰嫣然	nlyr	1	4
能力有限	nlyx	1	4
能力越小，责任越小	nlyx	2	4
闹乱子	nlz	1	3
努力做到	nlzd	1	4
你们	nm	2	2
那么	nm	3	2
那么矮	nma	1	3
弄明白	nmb	1	3
你忙吧	nmb	2	3
你麻痹	nmb	3	3
尼玛币	nmb	4	3
你妈逼	nmb	5	3
农民伯伯	nmbb	1	4
你妈逼的	nmbd	2	4
你们不会	nmbh	1	4
你妈逼你	nmbn	2	4
你们不是	nmbu	1	4
那么便宜	nmby	2	4
糯米糍	nmc	1	3
纳木措湖	nmch	1	4
耐磨材料	nmcl	2	4
那么多	nmd	2	3
那么大	nmd	3	3
闹矛盾	nmd	4	3
你妈的	nmd	5	3
那么短	nmd	6	3
诺曼底	nmd	7	3
诺曼底登陆	nmdl	1	4
那么多年	nmdn	1	4
那么多人	nmdr	1	4
那么多天	nmdt	1	4
脑门儿	nme	1	3
纳闷儿	nme	2	3
内马尔	nme	3	3
南无阿弥陀佛	nmef	1	4
糯米饭	nmf	1	3
脑满肥肠	nmfi	1	4
内蒙古	nmg	2	3
农民工	nmg	3	3
那么高	nmg	4	3
糯米糕	nmg	5	3
你妈个逼	nmgb	1	4
你们够了	nmgl	2	4
农民革命	nmgm	1	4
内蒙古自治区	nmgq	1	4
纳米工艺	nmgy	1	4
你们好	nmh	1	3
那么好	nmh	2	3
难免会	nmh	3	3
柠檬黄	nmh	4	3
那么好的	nmhd	1	4
那么长	nmi	1	3
柠檬茶	nmi	2	3
农牧场	nmi	3	3
你妈臭逼	nmib	1	4
你妈臭比	nmib	2	4
牛魔酬宾	nmib	3	4
那么就	nmj	2	3
那么久	nmj	3	3
那么近	nmj	4	3
纳米级	nmj	5	3
你们觉得	nmjd	1	4
那么简单	nmjd	2	4
那么几个	nmjg	1	4
那么就会	nmjh	1	4
娘们唧唧	nmjj	2	4
那么久了	nmjl	1	4
农民家庭	nmjt	1	4
那么几天	nmjt	2	4
那么就是	nmju	2	4
那么快	nmk	1	3
那美克星	nmkx	1	4
你们俩	nml	2	3
你妈了个逼	nmlb	1	4
你妈了个臭逼	nmlb	2	4
你们两个	nmlg	1	4
那么厉害	nmlh	2	4
驽马恋栈	nmlv	2	4
你妈卖批	nmmp	1	4
那么难	nmn	2	3
你忙你的	nmnd	1	4
男默女泪	nmnl	1	4
农牧区	nmq	1	3
农民群众	nmqv	1	4
南蛮入侵	nmrq	1	4
那么容易	nmry	1	4
柠檬酸	nms	1	3
你妈死了	nmsl	1	4
你没听错	nmtc	2	4
女秘书	nmu	1	3
那么说	nmu	2	3
那么少	nmu	3	3
你没事吧	nmub	1	4
你没事吧？	nmub	2	4
你们说过	nmug	2	4
那没事了	nmul	1	4
农民收入	nmur	1	4
南美洲	nmv	1	3
柠檬汁	nmv	2	3
浓墨重彩的一笔	nmvb	1	4
那么这个	nmvg	1	4
那么长时间	nmvj	1	4
你妈炸了	nmvl	1	4
那么这样	nmvy	2	4
牛魔王	nmw	2	3
那么问题来了	nmwl	1	4
那么我们	nmwm	1	4
农民问题	nmwt	1	4
那么小	nmx	2	3
那么些	nmx	3	3
女明星	nmx	4	3
匿名信	nmx	5	3
耐磨性	nmx	6	3
那么喜欢	nmxh	1	4
内幕消息	nmxx	2	4
匿名消息	nmxx	3	4
那么样	nmy	2	3
那么远	nmy	3	3
难民营	nmy	4	3
脑膜炎	nmy	5	3
那么一次	nmyc	1	4
那么一点	nmyd	2	4
那么一个	nmyg	1	4
那么一种	nmyv	2	4
那么一些	nmyx	1	4
哪门子	nmz	2	3
脑门子	nmz	3	3
能满足	nmz	4	3
你们自己	nmzj	1	4
哪门子事	nmzu	2	4
那你	nn	2	2
男女	nn	3	2
你那边	nnb	1	3
忸怩不安	nnba	1	4
男女不限	nnbx	1	4
念念不忘，必有回响	nnbx	2	4
浓浓的	nnd	1	3
喃喃道	nnd	2	3
奶奶的	nnd	3	3
暖暖的	nnd	4	3
男女对唱	nndi	1	4
难念的经	nndj	2	4
男女对立	nndl	1	4
男女搭配	nndp	1	4
喃喃地说	nndu	1	4
尿尿分叉	nnfi	1	4
奶奶个腿	nngt	1	4
奶奶个熊	nngx	1	4
男女混合双打	nnhd	2	4
袅袅炊烟	nniy	1	4
那你就去	nnjq	1	4
那年今日	nnjr	1	4
努努力	nnl	1	3
诺诺连声	nnlu	3	4
你能奈我何	nnnh	2	4
哪年哪月	nnny	1	4
袅袅娉娉	nnpp	1	4
男女朋友	nnpy	1	4
娘娘腔	nnq	1	3
年年如此	nnrc	1	4
你娘死了	nnsl	1	4
年年岁岁花相似	nnss	2	4
男女通吃	nnti	2	4
南宁市	nnu	1	3
男女双打	nnud	1	4
那年十八，站着如喽啰	nnul	1	4
男女授受不亲	nnuq	1	4
农奴制	nnv	2	3
男女之别	nnvb	2	4
男女之分	nnvf	1	4
男女之间	nnvj	1	4
男女之事	nnvu	1	4
能奈我何	nnwh	1	4
你侬我侬	nnwn	1	4
那你问我	nnww	2	4
闹哪样	nny	2	3
年年有今日	nnyr	1	4
努努嘴	nnz	1	3
那时候	np	2	2
哪怕	np	3	2
脑皮层	npc	1	3
内胚层	npc	2	3
扭屁股	npg	1	3
拧瓶盖	npg	2	3
涅槃重生	npiu	1	4
牛皮筋	npj	1	3
年平均	npj	2	3
女怕嫁错郎	npjl	1	4
拿破仑	npl	2	3
鸟嘌呤	npl	3	3
那片蓝天	nplt	2	4
尿频尿急	npnj	1	4
闹脾气	npq	1	3
牛脾气	npq	2	3
男怕入错行	nprh	1	4
泥菩萨	nps	1	3
女菩萨	nps	2	3
泥菩萨过河	npsh	1	4
泥菩萨过江	npsj	1	4
你凭什么	npsm	1	4
你怕什么	npsm	2	4
南派三叔	npsu	1	4
那片天空	nptk	1	4
哪怕是	npu	1	3
南平市	npu	2	3
牛皮纸	npv	1	3
牛皮癣	npx	2	3
女朋友	npy	2	3
男朋友	npy	3	3
女盆友	npy	4	3
男盆友	npy	5	3
年轻	nq	2	2
拿起	nq	3	2
拿钱办事	nqbu	1	4
那岂不是	nqbu	2	4
怒其不争	nqbv	1	4
你确定	nqd	1	3
暖气费	nqf	1	3
年轻夫妇	nqff	2	4
你去干掉	nqgd	1	4
年轻化	nqh	1	3
牛气哄哄	nqhh	1	4
弄清楚	nqi	1	3
弄清楚了	nqil	1	4
拿起来	nql	2	3
哪去了	nql	3	3
闹起来	nql	4	3
内驱力	nql	5	3
年轻老师	nqlu	1	4
南拳妈妈	nqmm	2	4
男青年	nqn	1	3
女青年	nqn	2	3
你去哪里	nqnl	1	4
年轻男女	nqnn	1	4
年轻女子	nqnz	1	4
年轻男子	nqnz	2	4
暖气片	nqp	1	3
年轻人	nqr	1	3
女强人	nqr	2	3
女寝室	nqu	1	3
男寝室	nqu	2	3
年轻生命	nqum	1	4
年轻少女	nqun	1	4
年轻真好	nqvh	1	4
您七位	nqw	1	3
你抢我夺	nqwd	1	4
怒气未消	nqwx	1	4
你情我愿	nqwy	1	4
闹情绪	nqx	1	3
脑缺血	nqx	2	3
年轻小伙	nqxh	1	4
年轻学生	nqxu	1	4
内切圆	nqy	1	3
女权运动	nqyd	2	4
怒气已消	nqyx	1	4
女人	nr	2	2
男人	nr	3	2
你若安好	nrah	1	4
女人不爱	nrba	1	4
内容不多	nrbd	1	4
诺如病毒	nrbd	2	4
男人不坏	nrbh	1	4
能人辈出	nrbi	1	4
内容包括	nrbk	1	4
男人本色	nrbs	1	4
内容不详	nrbx	1	4
纳入财政	nrcv	1	4
纳入地方	nrdf	1	4
内容大于形式	nrdu	1	4
内容丰富	nrff	1	4
内容分发	nrff	2	4
牛肉干	nrg	1	3
牛肉粿条	nrgt	1	4
内容过于真实	nrgu	1	4
拟人化	nrh	1	3
内燃机	nrj	1	3
拿人家的手软	nrjr	1	4
内容可能引起不适	nrku	1	4
牛肉拉面	nrlm	1	4
牛肉面	nrm	1	3
女人们	nrm	2	3
男人们	nrm	3	3
拿人钱财	nrqc	1	4
那人却在灯火阑珊处	nrqi	2	4
纳入其中	nrqv	1	4
那人却在	nrqz	1	4
暖融融	nrr	1	3
闹嚷嚷	nrr	2	3
女人如衣服	nrrf	1	4
内容如下	nrrx	1	4
拿人手短	nrud	1	4
女人是水做的	nrud	2	4
内容审核	nruh	1	4
你若盛开	nruk	1	4
男人装	nrv	1	3
男人至死是少女	nrvn	1	4
内容摘要	nrvy	1	4
你认为	nrw	1	3
女人味	nrw	2	3
男人味	nrw	3	3
懦弱无能	nrwn	1	4
女人心	nrx	1	3
内容详实	nrxu	1	4
女人心海底针	nrxv	1	4
女人缘	nry	1	3
纳入医保	nryb	1	4
内容引起不适已举报	nryb	2	4
懦人有懦人福	nryf	1	4
内容引起舒适	nryu	1	4
能人异士	nryu	2	4
懦人自有懦人福	nrzf	1	4
能忍则忍	nrzr	1	4
宁死不从	nsbc	2	4
宁死不降	nsbj	2	4
能散不连	nsbl	1	4
浓缩都是精华	nsdh	1	4
你死定了	nsdl	1	4
拿死工资	nsgz	1	4
女司机	nsj	1	3
你算老几	nslj	1	4
拿什么	nsm	1	3
你所热爱的，就是你的生活	nsrh	1	4
年三十	nsu	1	3
女宿舍	nsu	2	3
男宿舍	nsu	3	3
脑死亡	nsw	2	3
您三位	nsw	3	3
您四位	nsw	4	3
那天	nt	2	2
念头	nt	3	2
男同胞	ntb	1	3
女同胞	ntb	2	3
纳头便拜	ntbb	1	4
你逃不掉的	ntbd	1	4
你逃不掉	ntbd	2	4
农田保护	ntbh	1	4
那天傍晚	ntbw	1	4
牛头不对马嘴	ntbz	1	4
年头儿	nte	1	3
逆天而行	ntex	1	4
那套房子	ntfz	1	4
牛头梗	ntg	1	3
农田灌溉	ntgg	1	4
逆天改命	ntgm	1	4
那挺好	nth	1	3
泥头车	nti	1	3
泥头车居合	ntih	1	4
扭头就跑	ntjp	1	4
难逃劫数	ntju	1	4
扭头就走	ntjz	1	4
那天看到	ntkd	1	4
那天看见	ntkj	1	4
扭头看看	ntkk	1	4
扭头看去	ntkq	1	4
那天开始	ntku	1	4
那条路	ntl	1	3
娘胎里	ntl	2	3
那天凌晨	ntli	1	4
那条路上	ntlu	1	4
南天门	ntm	1	3
你他妈	ntm	2	3
你他妈逼	ntmb	1	4
你他妈比	ntmb	2	4
你他妈的	ntmd	1	4
你特么的	ntmd	2	4
你他妈的在逗我	ntmw	1	4
你他娘的	ntnd	1	4
你他娘的意大利炮呢	ntnn	1	4
闹腾闹腾	ntnt	1	4
那天起	ntq	1	3
那天清晨	ntqi	1	4
难逃其咎	ntqj	1	4
牛头人	ntr	1	3
娜塔莎	nts	2	3
宁停三分	ntsf	1	4
难听死了	ntsl	1	4
念头通达	nttd	1	4
女同事	ntu	1	3
男同事	ntu	2	3
那天上午	ntuw	1	4
女同志	ntv	1	3
男同志	ntv	2	3
那天中午	ntvw	1	4
昵图网	ntw	1	3
那天晚上	ntwu	1	4
你听我说	ntwu	2	4
女同学	ntx	1	3
男同学	ntx	2	3
能体现出	ntxi	1	4
那天下午	ntxw	1	4
你太有才	ntyc	1	4
那套衣服	ntyf	1	4
那天以后	ntyh	1	4
难逃一劫	ntyj	1	4
扭头一看	ntyk	1	4
那天夜里	ntyl	1	4
你太有才了	ntyl	2	4
年头月尾	ntyw	1	4
泥腿子	ntz	1	3
那天早晨	ntzi	2	4
那天早上	ntzu	1	4
那是	nu	2	2
难受	nu	3	2
你谁啊	nua	1	3
暖手宝	nub	1	3
那是不可能的	nubd	2	4
凝神屏气	nubq	1	4
你是不是	nubu	1	4
你说不说	nubu	2	4
你是不想	nubx	1	4
拟声词	nuc	1	3
暖水袋	nud	1	3
你说的对	nudd	1	4
你说得对	nudd	2	4
纳税大户	nudh	1	4
年少多金	nudj	1	4
那是多么	nudm	1	4
那是当然	nudr	1	4
你说的是	nudu	1	4
你说的对，但是	nudu	2	4
逆势而行	nuex	1	4
女神范	nuf	2	3
那是个	nug	1	3
那首歌	nug	2	3
那是过去	nugq	1	4
女生公寓	nugy	1	4
男生公寓	nugy	2	4
那时候	nuh	1	3
哪时候	nuh	2	3
农商行	nuh	3	3
能说出口	nuik	1	4
年生产能力	nuil	1	4
脑神经	nuj	1	3
女生节	nuj	2	3
纳什均衡	nujh	1	4
男上加男	nujn	2	4
那时开始	nuku	1	4
南山可移	nuky	1	4
泥石流	nul	1	3
拿上来	nul	2	3
耐受力	nul	3	3
弄啥嘞	nul	4	3
你是来搞笑的吗	nulm	1	4
那什么	num	1	3
女士们	num	2	3
女士们先生们	numm	1	4
难上难	nun	1	3
能伸能屈	nunq	2	4
男生女体	nunt	1	4
男生女相	nunx	2	4
女生男相	nunx	3	4
暖水瓶	nup	1	3
逆市飘红	nuph	1	4
凝神屏息	nupx	1	4
闹市区	nuq	1	3
能说清楚	nuqi	2	4
年收入	nur	2	3
纳税人	nur	3	3
鸟兽散	nus	1	3
脑栓塞	nus	2	3
难受死了	nusl	1	4
你说什么	nusm	1	4
那是什么	nusm	2	4
你是什么	nusm	3	4
女生宿舍	nusu	1	4
男生宿舍	nusu	2	4
你是谁	nuu	1	3
你是谁啊	nuua	1	4
纳税申报	nuub	1	4
年少时光	nuug	1	4
逆势上涨	nuuv	1	4
溺水身亡	nuuw	1	4
凝视深渊	nuuy	1	4
逆时针	nuv	1	3
闹事者	nuv	2	3
逆生长	nuv	3	3
女市长	nuv	4	3
内射中出	nuvi	1	4
难受之极	nuvj	1	4
你是真的皮	nuvp	1	4
逆时针方向	nuvx	1	4
那是我逝去的青春	nuwi	1	4
那是为了	nuwl	1	4
女生外向	nuwx	1	4
拿手戏	nux	1	3
耐水性	nux	2	3
逆势下跌	nuxd	1	4
女生宿舍	nuxu	1	4
那是一次	nuyc	1	4
你是有多	nuyd	1	4
那是一个	nuyg	2	4
女神异闻录	nuyl	1	4
那是一个问题	nuyt	1	4
那是一种	nuyv	1	4
那是因为	nuyw	1	4
年少有为	nuyw	2	4
那是一些	nuyx	1	4
女士优先	nuyx	2	4
虐杀原形	nuyx	3	4
你是最棒的	nuzd	1	4
那是自然	nuzr	1	4
能省则省	nuzu	2	4
女生自用99新	nuzx	1	4
女生自用	nuzy	1	4
男生自用	nuzy	2	4
那种	nv	2	2
拿着	nv	3	2
女主播	nvb	1	3
男主播	nvb	2	3
南征北伐	nvbf	1	4
那种办法	nvbf	2	4
难者不会	nvbh	1	4
捏着把汗	nvbh	2	4
你这不是	nvbu	1	4
南瞻部洲	nvbv	2	4
捻转补泻	nvbx	1	4
捏着鼻子	nvbz	1	4
逆转裁判	nvcp	1	4
你知道	nvd	1	3
哪知道	nvd	2	3
脑震荡	nvd	3	3
女招待	nvd	4	3
你知道不	nvdb	1	4
你知道吧	nvdb	2	4
你知道的	nvdd	1	4
那种地方	nvdf	1	4
女装大佬	nvdl	2	4
你知道吗	nvdm	2	4
那种东西	nvdx	1	4
你值得拥有	nvdy	1	4
农转非	nvf	1	3
呢制服	nvf	2	3
你这个	nvg	1	3
女职工	nvg	2	3
你这个糟老头子坏得很	nvgh	1	4
那种感觉	nvgj	1	4
那种感情	nvgq	1	4
那种关系	nvgx	1	4
那种话	nvh	1	3
女主持人	nvir	1	4
男主持人	nvir	2	4
女主角	nvj	1	3
男主角	nvj	2	3
年终奖	nvj	3	3
乃至今后	nvjh	1	4
年终奖金	nvjj	1	4
拿着鸡毛当令箭	nvjj	2	4
扭转局面	nvjm	1	4
那种激情	nvjq	1	4
鸟之将死	nvjs	1	4
扭转局势	nvju	1	4
你指尖跃动的电光，是我此生不灭的信仰	nvjy	1	4
那只能	nvn	1	3
哪朝哪代	nvnd	1	4
哪吒闹海	nvnh	1	4
奶制品	nvp	1	3
年终盘点	nvpd	2	4
那种情况下	nvqx	1	4
那种人	nvr	1	3
女主人	nvr	2	3
男主人	nvr	3	3
男主人公	nvrg	2	4
那种热情	nvrq	1	4
囊中所有	nvsy	1	4
那真是	nvu	1	3
那只是	nvu	2	3
那种事	nvu	3	3
女战士	nvu	4	3
那种事情	nvuq	1	4
能征善战	nvuv	1	4
扭转战局	nvvj	1	4
逆之者亡	nvvw	2	4
闹着玩	nvw	1	3
囊中物	nvw	2	3
闹着玩的	nvwd	2	4
内政外交	nvwj	1	4
那种问题	nvwt	1	4
你知我知	nvwv	1	4
南朝鲜	nvx	1	3
那种想法	nvxf	1	4
闹钟响了	nvxl	2	4
你着相了	nvxl	3	4
那种心情	nvxq	1	4
那种心态	nvxt	1	4
能者先享	nvxx	2	4
耐着性子	nvxz	1	4
乃至于	nvy	1	3
拿主意	nvy	2	3
捏着一把汗	nvyh	1	4
那种压力	nvyl	1	4
那阵子	nvz	1	3
那位	nw	2	2
难忘	nw	3	2
南无阿弥陀佛	nwaf	1	4
内务部	nwb	1	3
那我不管	nwbg	1	4
那我不会	nwbh	1	4
那我不去	nwbq	1	4
女娲毕设	nwbu	2	4
那我不要	nwby	1	4
纳污藏垢	nwcg	2	4
你无敌了	nwdl	1	4
女王大人	nwdr	1	4
那位大人	nwdr	2	4
内外妇儿	nwfe	1	4
那我过去	nwgq	1	4
南无观世音菩萨	nwgs	3	4
奈我何	nwh	1	3
那我还不	nwhb	1	4
那我还得	nwhd	2	4
那我还没	nwhm	1	4
那我还能	nwhn	1	4
那我回去	nwhq	1	4
内外呼应	nwhy	1	4
内网穿透	nwit	1	4
能忘记	nwj	1	3
女玩家	nwj	2	3
男玩家	nwj	3	3
泥瓦匠	nwj	4	3
那我觉得	nwjd	1	4
内外结合	nwjh	1	4
内外夹击	nwjj	1	4
你我皆是黑马	nwjm	2	4
年味渐浓	nwjn	2	4
那我就大发慈悲的告诉你	nwjn	3	4
宁为鸡头	nwjt	1	4
难忘今宵	nwjx	3	4
那我就要	nwjy	1	4
脑外科	nwk	1	3
那我可不	nwkb	1	4
那我肯定	nwkd	1	4
那我可就	nwkj	1	4
那我看看	nwkk	1	4
那我可能	nwkn	1	4
那吾克热	nwkr	1	4
拿我开涮	nwku	2	4
那我可以	nwky	1	4
那我们	nwm	1	3
内外矛盾	nwmd	1	4
难为你	nwn	1	3
那我宁可	nwnk	1	4
那我宁愿	nwny	1	4
难为情	nwq	1	3
你我他	nwt	1	3
那位是	nwu	1	3
女武神	nwu	2	3
女娲氏	nwu	3	3
女卫生间	nwuj	2	4
鸟为食亡	nwuw	1	4
你我之间	nwvj	2	4
那我只能	nwvn	1	4
那我只有	nwvy	1	4
你问我	nww	1	3
您五位	nww	2	3
你问我答	nwwd	2	4
南无无量寿佛	nwwf	2	4
那我问你	nwwn	1	4
你玩我呢	nwwn	2	4
那我相信	nwxx	1	4
那我现在	nwxz	1	4
那我应该	nwyg	1	4
宁为玉碎不为瓦全	nwyq	1	4
哪些	nx	1	2
那些	nx	2	2
内心	nx	3	2
宁心安神	nxau	1	4
脑细胞	nxb	1	3
男性病	nxb	2	3
内心不安	nxba	1	4
那些办法	nxbf	1	4
哪些变化	nxbh	1	4
拿下比赛	nxbs	1	4
年薪百万	nxbw	1	4
你想不想	nxbx	1	4
你信不信	nxbx	2	4
哪些措施	nxcu	1	4
纳西妲	nxd	1	3
内心独白	nxdb	1	4
耐心等待	nxdd	1	4
那些地方	nxdf	1	4
哪些地方	nxdf	2	4
你先等会	nxdh	1	4
内线电话	nxdh	2	4
你想多了	nxdl	1	4
你想到哪里去了	nxdl	2	4
你想得美	nxdm	1	4
那些东西	nxdx	1	4
难驯服	nxf	1	3
那些方法	nxff	1	4
哪些方面	nxfm	1	4
那些个	nxg	1	3
脑血管	nxg	2	3
那些国家	nxgj	1	4
那些关系	nxgx	1	4
那些话	nxh	1	3
闹笑话	nxh	2	3
女性化	nxh	3	3
男性化	nxh	4	3
内心毫无波动	nxhd	1	4
那些花儿	nxhe	1	4
哪些好处	nxhi	1	4
内心毫无波澜	nxhl	1	4
宁夏回族自治区	nxhq	1	4
那些回忆	nxhy	1	4
那些孩子	nxhz	2	4
闹新春	nxi	1	3
内心充满	nxim	1	4
农畜产品	nxip	1	4
年休假	nxj	1	3
女性健康	nxjk	1	4
耐心解释	nxju	1	4
那些记忆	nxjy	1	4
你先开的	nxkd	1	4
内心空虚	nxkx	1	4
你心里	nxl	1	3
年销量	nxl	2	3
女性力量	nxll	1	4
男性力量	nxll	2	4
你信吗	nxm	1	3
凝血酶	nxm	2	3
那些年	nxn	1	3
那些哪次	nxnc	1	4
内心OS	nxos	1	4
你细品	nxp	1	3
女性频道	nxpd	1	4
内心平静	nxpj	1	4
女性朋友	nxpy	1	4
男性朋友	nxpy	2	4
拿下去	nxq	1	3
哪些情况	nxqk	1	4
拿小拳拳捶你胸口	nxqk	2	4
年薪千万	nxqw	1	4
那些人	nxr	1	3
哪些人	nxr	2	3
那些人的	nxrd	1	4
那些日子	nxrz	1	4
逆向思维	nxsw	1	4
哪些条件	nxtj	1	4
内心痛苦	nxtk	1	4
耐心听取	nxtq	1	4
那些同事	nxtu	1	4
那些事	nxu	1	3
哪些事	nxu	2	3
女学生	nxu	3	3
男学生	nxu	4	3
脑血栓	nxu	5	3
年销售额	nxue	1	4
那些事儿	nxue	2	4
那些时候	nxuh	1	4
女洗手间	nxuj	2	4
男洗手间	nxuj	3	4
那些事情	nxuq	1	4
奴性十足	nxuz	1	4
年薪制	nxv	1	3
女校长	nxv	2	3
你希望	nxw	1	3
女性玩家	nxwj	1	4
男性玩家	nxwj	2	4
哪些问题	nxwt	1	4
那些问题	nxwt	2	4
你想想	nxx	1	3
内心戏	nxx	2	3
内向型	nxx	3	3
内心想法	nxxf	1	4
内向性格	nxxg	1	4
你想想看	nxxk	1	4
逆向行驶	nxxu	1	4
你需要	nxy	1	3
你想要	nxy	2	3
那需要	nxy	3	3
农学院	nxy	4	3
农信银行	nxyh	1	4
你现在	nxz	1	3
你小子	nxz	2	3
那小子	nxz	3	3
那现在	nxz	4	3
您想怎么办	nxzb	1	4
你想怎样	nxzy	1	4
你也	ny	1	2
那样	ny	2	2
难以	ny	3	2
那样安静	nyaj	1	4
能源安全	nyaq	1	4
那一步	nyb	1	3
哪一步	nyb	2	3
能源部	nyb	3	3
农业部	nyb	4	3
你有病吧	nybb	1	4
难以表达	nybd	1	4
你也不知道	nybd	2	4
那一部分	nybf	1	4
你也不清楚	nybi	1	4
能源板块	nybk	1	4
你已被移出群聊	nybl	2	4
哪也不去	nybq	1	4
难以辨认	nybr	2	4
你也不是	nybu	1	4
那也不行	nybx	2	4
哪有不湿鞋	nybx	3	4
那一次	nyc	1	3
哪一次	nyc	2	3
那样才会	nych	1	4
匿影藏形	nycx	1	4
哪有此意	nycy	1	4
那样的	nyd	1	3
那一点	nyd	2	3
那也得	nyd	3	3
能愿动词	nydc	1	4
难以达到	nydd	1	4
难以对付	nydf	1	4
奶油蛋糕	nydg	1	4
那样的一个	nydg	2	4
那样的话	nydh	1	4
农业贷款	nydk	1	4
那样的呢	nydn	1	4
那样的人	nydr	1	4
难于度日	nydr	2	4
年夜饭	nyf	1	3
难以分辨	nyfb	1	4
难以防范	nyff	1	4
难以发挥	nyfh	1	4
哪一方面	nyfm	1	4
那一方面	nyfm	2	4
难以抚平	nyfp	1	4
农业丰收	nyfu	1	4
难以服众	nyfv	2	4
农业服务	nyfw	1	4
难以发现	nyfx	1	4
哪一个	nyg	1	3
那一个	nyg	2	3
你应该	nyg	3	3
那应该	nyg	4	3
牛油果	nyg	5	3
扭秧歌	nyg	6	3
难以改变	nygb	1	4
难以根除	nygi	1	4
难以估计	nygj	1	4
农用工具	nygj	2	4
挪用公款	nygk	1	4
难以估量	nygl	1	4
那一个人	nygr	2	4
难以割舍	nygu	1	4
年一贯制	nygv	1	4
能源供应	nygy	1	4
那以后	nyh	1	3
女一号	nyh	2	3
哪一回	nyh	3	3
那有何妨	nyhf	1	4
你有何干	nyhg	1	4
能源化工	nyhg	2	4
农业户口	nyhk	1	4
农用车	nyi	1	3
疟原虫	nyi	2	3
难易程度	nyid	1	4
弄月嘲风	nyif	1	4
疑云重重	nyii	1	4
难以察觉	nyij	1	4
那一刹那	nyin	1	4
难以承受	nyiu	1	4
农业产值	nyiv	1	4
难以成为	nyiw	1	4
农业产业	nyiy	1	4
那一句	nyj	1	3
农业局	nyj	2	3
能源结构	nyjg	1	4
你已急哭	nyjk	1	4
娘要嫁人	nyjr	1	4
难以接受	nyju	2	4
难以驾驭	nyjy	1	4
你已经成功引起了我的注意	nyjy	2	4
难以抉择	nyjz	1	4
那一刻	nyk	1	3
内衣裤	nyk	2	3
哪一款	nyk	3	3
难以克服	nykf	1	4
难以抗拒	nykj	2	4
难以开口	nykk	1	4
那有可能	nykn	1	4
那样可怕	nykp	1	4
难以控制	nykv	1	4
农业科学	nykx	1	4
你赢了	nyl	1	3
那一类	nyl	2	3
年以来	nyl	3	3
能源浪费	nylf	1	4
难以落实	nylu	1	4
能源领域	nyly	1	4
那也没办法	nymf	1	4
难以描述	nymu	1	4
你也没有	nymy	2	4
那一年	nyn	1	3
哪一年	nyn	2	3
弄一弄	nyn	3	3
你也配	nyp	1	3
耐用品	nyp	2	3
农业频道	nypd	1	4
难以平复	nypf	1	4
奶油泡芙	nypf	2	4
难以平衡	nyph	1	4
难以平静	nypj	1	4
那一切	nyq	1	3
能言巧辩	nyqb	1	4
难以取得	nyqd	1	4
难以区分	nyqf	1	4
难以企及	nyqj	1	4
难以亲近	nyqj	2	4
你有权保持沉默	nyqm	1	4
你要去哪	nyqn	1	4
难以取舍	nyqu	1	4
牛羊肉	nyr	1	3
哪一日	nyr	2	3
年月日	nyr	3	3
那又如何	nyrh	1	4
农业人口	nyrk	1	4
难以入眠	nyrm	1	4
难以容忍	nyrr	1	4
难以入睡	nyru	2	4
那样容易	nyry	1	4
难以诉说	nysu	1	4
那一天	nyt	1	3
哪一天	nyt	2	3
难以替代	nytd	1	4
难以提高	nytg	1	4
那样痛苦	nytk	1	4
农业投入	nytr	1	4
难以提升	nytu	1	4
难掩颓势	nytu	2	4
农业投资	nytz	1	4
那也是	nyu	1	3
你也是	nyu	2	3
纽约市	nyu	3	3
难以适从	nyuc	1	4
农业社会	nyuh	1	4
难以释怀	nyuh	2	4
那一瞬间	nyuj	1	4
哪有时间	nyuj	2	4
农业生产资料	nyul	1	4
那一霎那	nyun	1	4
难以胜任	nyur	1	4
难于上青天	nyut	1	4
难以实现	nyux	1	4
难以使用	nyuy	1	4
难以适应	nyuy	2	4
哪一种	nyv	1	3
那一种	nyv	2	3
那一站	nyv	3	3
哪一站	nyv	4	3
你要知道	nyvd	1	4
宁有种乎	nyvh	1	4
难以招架	nyvj	1	4
难以捉摸	nyvm	1	4
难以琢磨	nyvm	2	4
那也只是	nyvu	1	4
你也只是	nyvu	2	4
那也只有	nyvy	2	4
你以为	nyw	1	3
那一位	nyw	2	3
哪一位	nyw	3	3
难以望其项背	nywb	1	4
你以为你以为的就是你以为的	nywd	1	4
难以完成	nywi	1	4
难以忘记	nywj	2	4
能源危机	nywj	3	4
农业文明	nywm	1	4
你以为呢	nywn	1	4
能源问题	nywt	1	4
拿一下	nyx	1	3
弄一下	nyx	2	3
那一些	nyx	3	3
那也行	nyx	4	3
脑溢血	nyx	5	3
耐药性	nyx	6	3
闹元宵	nyx	7	3
难以消除	nyxi	1	4
难以形容	nyxr	1	4
难以相信	nyxx	2	4
难以下咽	nyxy	1	4
挠痒痒	nyy	1	3
哪一样	nyy	2	3
那一夜	nyy	3	3
女演员	nyy	4	3
男演员	nyy	5	3
暖洋洋	nyy	6	3
难以预测	nyyc	1	4
囊萤夜读	nyyd	1	4
那样一个	nyyg	1	4
难以言传	nyyi	1	4
你有意见	nyyj	1	4
你永远都无法叫醒一个装睡的人	nyyr	1	4
能有一天	nyyt	1	4
你也有今天	nyyt	2	4
难以言说	nyyu	1	4
那样一种	nyyv	2	4
难以言选	nyyx	2	4
农业院校	nyyx	3	4
难以言喻	nyyy	1	4
难以逾越	nyyy	2	4
那样子	nyz	1	3
那样做	nyz	2	3
难以做到	nyzd	1	4
那又怎么了	nyzl	1	4
那又咋了	nyzl	2	4
你又咋了	nyzl	3	4
难以琢磨	nyzm	1	4
难有作为	nyzw	1	4
你要自信	nyzx	1	4
那又怎样	nyzy	1	4
那又怎么样	nyzy	2	4
难以自抑	nyzy	3	4
脑子	nz	2	2
女子	nz	3	2
男子	nz	4	2
那咋办	nzb	1	3
脑子被驴踢了	nzbl	1	4
你咋不上天呢	nzbn	1	4
你咋不上天	nzbt	1	4
脑子不好使	nzbu	1	4
拿走不谢	nzbx	1	4
你在逗我	nzdw	1	4
呢子大衣	nzdy	1	4
能走多远	nzdy	2	4
内增高	nzg	1	3
内在规律	nzgl	1	4
你在干嘛	nzgm	1	4
脑子灌了水	nzgu	1	4
男子汉	nzh	1	3
闹灾荒	nzh	2	3
男子汉大丈夫	nzhf	1	4
牛仔很忙	nzhm	1	4
你自己	nzj	1	3
娘子军	nzj	2	3
女作家	nzj	3	3
你自己的	nzjd	1	4
你自己心里清楚	nzji	1	4
能在今年	nzjn	1	4
宁做鸡头	nzjt	1	4
脑子进水	nzju	1	4
脑子进了水	nzju	2	4
你在教我做事	nzju	3	4
内在价值	nzjv	1	4
宁做鸡头不做凤尾	nzjw	1	4
牛仔裤	nzk	1	3
你走开	nzk	2	3
脑子空白	nzkb	1	4
脑子里	nzl	1	3
弄脏了	nzl	2	3
你怎么	nzm	1	3
那怎么	nzm	2	3
你在吗	nzm	3	3
内在美	nzm	4	3
那怎么办	nzmb	1	4
那怎么会	nzmh	2	4
你怎么看	nzmk	1	4
你怎么了	nzml	1	4
那怎么了	nzml	2	4
那怎么是	nzmu	1	4
你怎么样	nzmy	1	4
你在哪	nzn	1	3
你走你的阳关道	nznd	1	4
你在哪里	nznl	1	4
你走你的阳关道，我过我的独木桥	nznq	1	4
你走你的阳关道，我走我的独木桥	nznq	2	4
男左女右	nzny	2	4
怒则气上	nzqu	1	4
脑子让驴踢了	nzrl	1	4
女总统	nzt	1	3
脑子太笨	nztb	1	4
女子跳水	nztu	1	4
男子跳水	nztu	2	4
捏造事实	nzuu	1	4
脑子是个好东西	nzux	2	4
那咋整	nzv	1	3
年增长	nzv	2	3
脑组织	nzv	3	3
你咋知道	nzvd	1	4
你自找的	nzvd	2	4
农作物	nzw	1	3
女子无才便是德	nzwd	1	4
女子校生	nzxu	1	4
你再想想	nzxx	1	4
女子学校	nzxx	2	4
脑子有病	nzyb	1	4
脑子一片空白	nzyb	2	4
脑子有洞	nzyd	1	4
女子乐队	nzyd	2	4
脑子有坑	nzyk	1	4
脑子有泡	nzyp	1	4
内在要求	nzyq	1	4
黏在一起	nzyq	2	4
脑子一热	nzyr	1	4
脑子有问题	nzyt	1	4
脑子有屎	nzyu	1	4
！！	oaa	1	3
！！！	oaaa	1	4
！”	oac	1	3
$ddcmd(config(/do anjianshezhi),[按键定义])	oaj	1	3
！……	oas	1	3
！？	oaw	1	3
八百万	obbw	1	4
八千万	obqw	1	4
欧巴桑	obs	1	3
”“	ocz	1	3
四百万	odbw	1	4
四千万	odqw	1	4
二百万	oebw	1	4
偶尔发生	oefu	1	4
偶尔发现	oefx	1	4
偶尔出去	oeiq	1	4
偶尔出现	oeix	1	4
偶尔经过	oejg	1	4
偶尔看到	oekd	1	4
偶尔看见	oekj	1	4
偶尔可以	oeky	1	4
偶尔路过	oelg	1	4
偶尔碰到	oepd	1	4
偶尔听到	oetd	1	4
偶尔想到	oexd	1	4
偶尔想起	oexq	1	4
偶尔一次	oeyc	1	4
偶尔遇到	oeyd	1	4
$ddcmd(newkey(ofbd),bd\\2标点\\3、，。)	of	1	2
$ddcmd(newkey(ofpp),pp\\2偏旁\\3亻彳讠)	of	2	2
$ddcmd(newkey(ofdw),dw\\2单位\\3㎎㎏㎜)	of	3	2
$ddcmd(newkey(ofpy),py\\2拼音\\3āōē)	of	4	2
$ddcmd(newkey(ofjt),jt\\2箭头\\3←→↑)	of	5	2
$ddcmd(newkey(ofyu),yu\\2圆圈数字\\3①②③)	of	6	2
$ddcmd(newkey(ofku),ku\\2括号数字\\3⑴⑵⑶)	of	7	2
$ddcmd(newkey(ofdu),du\\2点号数字\\3⒈⒉⒊)	of	8	2
$ddcmd(newkey(ofvu),vu\\2中文数字\\3㈠㈡㈢)	of	9	2
$ddcmd(newkey(ofld),ld\\2罗马大写\\3ⅠⅡⅢ)	of	10	2
$ddcmd(newkey(oflx),lx\\2罗马小写\\3ⅰⅱⅲ)	of	11	2
$ddcmd(newkey(ofub),ub\\2上标\\3¹²³)	of	12	2
$ddcmd(newkey(ofxb),xb\\2下标\\3₁₂₃)	of	13	2
$ddcmd(newkey(oftu),tu\\2特殊符号\\3℃°‰)	of	14	2
$ddcmd(newkey(ofux),ux\\2数学符号\\3＋－＜)	of	15	2
$ddcmd(newkey(ofhb),hb\\2货币符号\\3€＄￠)	of	16	2
$ddcmd(newkey(ofvb),vb\\2制表符号\\3┌└┐)	of	17	2
$ddcmd(newkey(ofvy),vy\\2注音符号\\3ㄅㄆㄇ)	of	18	2
$ddcmd(newkey(ofxd),xd\\2希腊大写\\3ΑΒΓ)	of	19	2
$ddcmd(newkey(ofxx),xx\\2希腊小写\\3αβγ)	of	20	2
$ddcmd(newkey(ofed),ed\\2俄文大写\\3АБВ)	of	21	2
$ddcmd(newkey(ofex),ex\\2俄文小写\\3абв)	of	22	2
$ddcmd(newkey(ofrd),rd\\2日文大写\\3ァアィ)	of	23	2
$ddcmd(newkey(ofrx),rx\\2日文小写\\3ぁあぃ)	of	24	2
$ddcmd(newkey(ofbd),d\\2标点\\3、，。)	ofb	1	3
$ddcmd(newkey(ofdw),w\\2单位\\3㎎㎏㎜)	ofd	1	3
$ddcmd(newkey(ofdu),u\\2点号数字\\3⒈⒉⒊)	ofd	2	3
$ddcmd(newkey(ofed),d\\2俄文大写\\3АБВ)	ofe	1	3
$ddcmd(newkey(ofex),x\\2俄文小写\\3абв)	ofe	2	3
$ddcmd(newkey(ofhb),b\\2货币符号\\3€＄￠)	ofh	1	3
$ddcmd(config(/do 剪贴板反查),[复制反查])	ofi	1	3
$ddcmd(config(/do shuchufancha),[输出反查])	ofi	2	3
$ddcmd(newkey(ofjt),t\\2箭头\\3←→↑)	ofj	1	3
$ddcmd(newkey(ofku),u\\2括号数字\\3⑴⑵⑶)	ofk	1	3
$ddcmd(newkey(ofld),d\\2罗马大写\\3ⅠⅡⅢ)	ofl	1	3
$ddcmd(newkey(oflx),x\\2罗马小写\\3ⅰⅱⅲ)	ofl	2	3
$ddcmd(newkey(ofpp),p\\2偏旁\\3亻彳讠)	ofp	1	3
$ddcmd(newkey(ofpy),y\\2拼音\\3āōē)	ofp	2	3
$ddcmd(newkey(ofrd),d\\2日文大写\\3ァアィ)	ofr	1	3
$ddcmd(newkey(ofrx),x\\2日文小写\\3ぁあぃ)	ofr	2	3
$ddcmd(newkey(oftu),u\\2特殊符号\\3℃°‰)	oft	1	3
$ddcmd(newkey(ofub),b\\2上标\\3¹²³)	ofu	1	3
$ddcmd(newkey(ofux),x\\2数学符号\\3＋－＜)	ofu	2	3
偶发事件	ofuj	1	4
$ddcmd(newkey(ofvu),u\\2中文数字\\3㈠㈡㈢)	ofv	1	3
$ddcmd(newkey(ofvb),b\\2制表符号\\3┌└┐)	ofv	2	3
$ddcmd(newkey(ofvy),y\\2注音符号\\3ㄅㄆㄇ)	ofv	3	3
$ddcmd(newkey(ofxb),b\\2下标\\3₁₂₃)	ofx	1	3
$ddcmd(newkey(ofxd),d\\2希腊大写\\3ΑΒΓ)	ofx	2	3
$ddcmd(newkey(ofxx),x\\2希腊小写\\3αβγ)	ofx	3	3
偶发性	ofx	4	3
$ddcmd(newkey(ofyu),u\\2圆圈数字\\3①②③)	ofy	1	3
。”	og	1	2
。”“	ogc	1	3
偶感风寒	ogfh	1	4
$ddcmd(config(/do gaojishezhi),[高级设置])	ogj	1	3
$ddcmd(config(/do 高级),[高级项])	ogj	2	3
$ddcmd(config(/do about),[关于项])	ogy	1	3
。”“	ogz	1	3
藕荷色	ohs	1	3
偶函数	ohu	1	3
哦齁淫叫	ohyj	1	4
$ddcmd(set([-IME设置-],隐藏候选窗口=切换),[显隐候选窗])	oic	1	3
九百万	ojbw	1	4
$ddcmd(config(/do 在线加词),[加词])	ojc	1	3
$ddcmd(convert(繁体输出,切换),[简繁切换])	ojf	1	3
欧金金	ojj	1	3
$ddcmd(config(/do 界面),[界面项])	ojm	1	3
九千万	ojqw	1	4
OK	ok	1	2
👌🏻	ok	2	2
两百万	olbw	1	4
六百万	olbw	2	4
两千万	olqw	1	4
六千万	olqw	2	4
欧莱雅	oly	1	3
$ddcmd(config(/do 码表),[码表项])	omb	1	3
欧美地区	omdq	1	4
欧美电影	omdy	1	4
欧美风情	omfq	1	4
噢买尬	omg	1	3
欧米伽	omg	2	3
欧美国家	omgj	1	4
欧米茄	omj	1	3
欧内的手	ondu	1	4
欧尼酱	onj	1	3
嗯呐嗯呐	onon	1	4
八十八	oobb	1	4
八十四	oobd	1	4
八十二	oobe	1	4
八十九	oobj	1	4
八十六	oobl	1	4
八十七	oobq	1	4
八十三	oobs	1	4
八十五	oobw	1	4
八十一	ooby	1	4
四十八	oodb	1	4
四十四	oodd	1	4
四十二	oode	1	4
四十九	oodj	1	4
四十六	oodl	1	4
四十七	oodq	1	4
四十三	oods	1	4
四十五	oodw	1	4
四十一	oody	1	4
二十八	ooeb	1	4
二十四	ooed	1	4
二十二	ooee	1	4
二十九	ooej	1	4
二十六	ooel	1	4
二十七	ooeq	1	4
二十三	ooes	1	4
二十五	ooew	1	4
二十一	ooey	1	4
九十八	oojb	1	4
九十四	oojd	1	4
九十二	ooje	1	4
九十九	oojj	1	4
九十六	oojl	1	4
九十七	oojq	1	4
九十三	oojs	1	4
九十五	oojw	1	4
九十一	oojy	1	4
六十八	oolb	1	4
六十四	oold	1	4
六十二	oole	1	4
六十九	oolj	1	4
六十六	ooll	1	4
六十七	oolq	1	4
六十三	ools	1	4
六十五	oolw	1	4
六十一	ooly	1	4
七十八	ooqb	1	4
七十四	ooqd	1	4
七十二	ooqe	1	4
七十九	ooqj	1	4
七十六	ooql	1	4
七十七	ooqq	1	4
七十三	ooqs	1	4
七十五	ooqw	1	4
七十一	ooqy	1	4
三十八	oosb	1	4
三十四	oosd	1	4
三十二	oose	1	4
三十九	oosj	1	4
三十六	oosl	1	4
三十七	oosq	1	4
三十三	ooss	1	4
三十五	oosw	1	4
三十一	oosy	1	4
五十八	oowb	1	4
五十四	oowd	1	4
五十二	oowe	1	4
五十九	oowj	1	4
五十六	oowl	1	4
五十七	oowq	1	4
五十三	oows	1	4
五十五	ooww	1	4
五十一	oowy	1	4
：“	oq	1	2
$ddcmd(convert(全半角,切换),[全半角切换])	oqb	1	3
七百万	oqbw	1	4
七千万	oqqw	1	4
偶然地	ord	1	3
偶然的机会	ordh	1	4
偶然发现	orfx	1	4
偶然出现	orix	1	4
偶然间	orj	1	3
偶然看到	orkd	1	4
偶然看见	orkj	1	4
偶然路过	orlg	1	4
偶然碰到	orpd	1	4
$ddcmd(<date.yyyy>年<date.m>月<date.d>日, <date.yyyy>年<date.m>月<date.d>日)	orq	1	3
$ddcmd(<date.yyyy>-<date.mm>-<date.dd>, <date.yyyy>-<date.mm>-<date.dd>)	orq	2	3
偶然情况	orqk	1	4
偶然事件	oruj	1	4
偶然性	orx	1	3
偶然想到	orxd	1	4
偶然想起	orxq	1	4
偶然现象	orxx	1	4
偶然相遇	orxy	1	4
偶然因素	orys	1	4
……	os	1	2
……！	osa	1	3
三百万	osbw	1	4
……”	osc	1	3
@163.com	ot	1	2
@gmail.com	ot	2	2
@qq.com	ot	3	2
@126.com	ot	4	2
呕吐不止	otbv	1	4
$ddcmd(<time.h>:<time.mm> <date.Z>, <time.h>:<time.mm> <date.Z>)	ouj	1	3
欧式几何	oujh	1	4
——	ov	1	2
——！	ova	1	3
欧洲杯	ovb	1	3
——”	ovc	1	3
欧洲进口	ovjk	1	4
欧洲人	ovr	1	3
？！	owa	1	3
五百万	owbw	1	4
？”	owc	1	3
五千万	owqw	1	4
？……	ows	1	3
？？	oww	1	3
？？？	owww	1	4
\\	ox	1	2
**	ox	2	2
偶像包袱	oxbf	1	4
偶像化	oxh	1	3
偶像崇拜	oxib	1	4
偶像派	oxp	1	3
偶像天团	oxtt	1	4
**	oxx	1	3
（八）	oyb	1	3
-8	oyb	2	3
$ddcmd(set([-IME设置-],隐藏候选窗口=切换),[显隐候选窗])	oyc	1	3
（四）	oyd	1	3
-4	oyd	2	3
（二）	oye	1	3
-2	oye	2	3
呕哑嘲哳	oyiv	1	4
（九）	oyj	1	3
-9	oyj	2	3
（六）	oyl	1	3
-6	oyl	2	3
（七）	oyq	1	3
-7	oyq	2	3
一千万	oyqw	1	4
（三）	oys	1	3
-3	oys	2	3
哦呀斯密	oysm	1	4
（10）	oyu	1	3
（十）	oyu	2	3
（五）	oyw	1	3
-5	oyw	2	3
欧阳修	oyx	1	3
（一）	oyy	1	3
-1	oyy	2	3
“”	ozc	1	3
平安	pa	2	2
平安归来	pagl	1	4
平安就好	pajh	1	4
偏爱之物	pavw	1	4
平安夜	pay	1	3
旁边	pb	2	2
陪伴	pb	3	2
排班表	pbb	1	3
漂泊不定	pbbd	1	4
屏蔽词	pbc	2	3
跑不掉	pbd	1	3
平板电脑	pbdn	1	4
平步登天	pbdt	1	4
漂白粉	pbf	1	3
普遍反映	pbfy	1	4
排病反应	pbfy	2	4
普遍法则	pbfz	1	4
皮包骨	pbg	2	3
排版功能	pbgn	1	4
瀑布汗	pbh	1	3
屏蔽环	pbh	2	3
评比活动	pbhd	1	4
破冰行动	pbhd	2	4
破冰船	pbi	1	3
平板车	pbi	2	3
跑步机	pbj	1	3
排比句	pbj	2	3
破壁机	pbj	3	3
漂白剂	pbj	4	3
破壁计划	pbjh	1	4
拼搏精神	pbju	2	4
跑不了	pbl	2	3
骗不了	pbl	3	3
瀑布流	pbl	4	3
炮兵连	pbl	5	3
跑不了了	pbll	1	4
跑不了庙	pblm	1	4
赔本买卖	pbmm	1	4
怕不怕	pbp	1	3
漂不漂亮	pbpl	1	4
赔不起	pbq	1	3
屏蔽器	pbq	2	3
跑步前进	pbqj	1	4
配备齐全	pbqq	1	4
平白如话	pbrh	1	4
普遍认同	pbrt	1	4
炮兵团	pbt	1	3
普遍推广	pbtg	1	4
普遍推行	pbtx	1	4
脾不统血	pbtx	2	4
怕不是	pbu	1	3
配不上	pbu	2	3
凭本事	pbu	3	3
赔不是	pbu	4	3
陪伴是最长情的告白	pbub	1	4
派不上用场	pbui	1	4
怕不是石乐志	pbuv	1	4
怕不是个傻子	pbuz	1	4
拍巴掌	pbv	1	3
蓬勃朝气	pbvq	1	4
漂泊无定	pbwd	1	4
普遍性	pbx	2	3
跑步鞋	pbx	3	3
皮薄馅大	pbxd	1	4
皮薄馅多	pbxd	2	4
破冰行动	pbxd	3	4
炮兵营	pby	1	3
漂白液	pby	2	3
普遍原理	pbyl	1	4
漂泊异乡	pbyx	1	4
碰鼻子	pbz	2	3
蓬荜增辉	pbzh	1	4
漂泊在外	pbzw	1	4
嘭嚓嚓	pcc	1	3
碰瓷儿	pce	1	3
皮草行	pch	2	3
盘仓库	pck	1	3
骗财骗色	pcpo	1	4
骗财骗色	pcps	1	4
评测室	pcu	2	3
破财消灾	pcxz	1	4
跑到	pd	2	2
碰到	pd	3	2
拍电报	pdb	2	3
屁都不放一个	pdbg	1	4
贫道不孤	pdbg	2	4
普渡慈航	pdch	1	4
判断错误	pdcw	1	4
拼多多	pdd	1	3
胖嘟嘟	pdd	2	3
胖墩墩	pdd	3	3
跑滴滴	pdd	4	3
皮蛋豆腐	pddf	1	4
批斗大会	pddh	4	4
平等待人	pddr	1	4
屁大点事	pddu	2	4
平等地位	pddw	1	4
泡打粉	pdf	2	3
平底锅	pdg	1	3
碰到鬼	pdg	2	3
攀登高峰	pdgf	1	4
判断过程	pdgi	1	4
排队购买	pdgm	1	4
品德高尚	pdgu	2	4
平等公正	pdgv	1	4
平等关系	pdgx	1	4
胖大海	pdh	2	3
批斗会	pdh	3	3
彭德怀	pdh	4	3
判断句	pdj	1	3
品德教育	pdjy	2	4
跑得快	pdk	1	3
炮弹壳	pdk	2	3
碰到了	pdl	2	3
潘多拉	pdl	3	3
判断力	pdl	4	3
皮带轮	pdl	5	3
潘多拉魔盒	pdlh	1	4
跑得了和尚跑不了庙	pdlm	2	4
跑得了和尚，跑不了庙	pdlm	3	4
跑断了腿	pdlt	1	4
跑得了和尚	pdlu	1	4
潘多拉盒子	pdlz	2	4
碰到麻烦	pdmf	2	4
抛到脑后	pdnh	1	4
碰到难题	pdnt	1	4
跑东跑西	pdpx	1	4
浦东区	pdq	1	3
排队枪毙	pdqb	1	4
坡道起步	pdqb	2	4
平地起高楼	pdql	1	4
平淡如水	pdru	2	4
平淡日子	pdrz	1	4
判断题	pdt	1	3
配得上	pdu	2	3
怕的是	pdu	3	3
平顶山	pdu	4	3
皮蛋瘦肉	pdur	1	4
皮蛋瘦肉粥	pduv	2	4
判断失误	pduw	1	4
碰到问题	pdwt	1	4
平底鞋	pdx	2	3
配电箱	pdx	3	3
拍电影	pdy	2	3
皮大衣	pdy	3	3
怕得要命	pdym	1	4
怕得要死	pdys	1	4
排毒养颜	pdyy	1	4
碰钉子	pdz	1	3
排队自首	pdzu	1	4
平等自愿	pdzy	1	4
破而不立	pebl	1	4
破而后立	pehl	1	4
普洱茶	pei	1	3
佩恩六道	peld	1	4
炮二平五	pepw	1	4
皮肤	pf	2	2
平凡	pf	3	2
皮肤癌	pfa	2	3
皮肤暗沉	pfai	1	4
皮肤病	pfb	2	3
批发部	pfb	3	3
评分表	pfb	4	3
贫富不均	pfbj	1	4
评分标准	pfbv	1	4
匹夫不可夺志	pfbv	2	4
频繁地	pfd	1	3
佩服得五体投地	pfdd	1	4
平凡的世界	pfdj	1	4
频分多址	pfdv	1	4
票房毒药	pfdy	1	4
排放法规	pffg	1	4
贫富分化	pffh	1	4
频分复用	pffy	1	4
平方根	pfg	1	3
皮肤过敏	pfgm	1	4
平方和	pfh	1	3
皮肤护理	pfhl	1	4
剖腹产	pfi	1	3
平方尺	pfi	2	3
平方差	pfi	3	3
批发价	pfj	1	3
评分解禁	pfjj	1	4
皮肤科	pfk	1	3
排放量	pfl	1	3
贫富两极分化	pflh	1	4
批发零售	pflu	1	4
平方米	pfm	1	3
佩服佩服	pfpf	1	4
匍匐前进	pfqj	1	4
排放情况	pfqk	1	4
脾肺气虚	pfqx	1	4
偏方气死名医	pfqy	1	4
抛夫弃子	pfqz	1	4
平凡人生	pfru	2	4
皮肤松弛	pfsi	1	4
皮肤碎片	pfsp	1	4
皮肤瘙痒	pfsy	1	4
批发商	pfu	1	3
排风扇	pfu	2	3
颇负盛名	pfum	1	4
票房收入	pfur	1	4
平凡之路	pfvl	2	4
皮肤粘膜	pfvm	1	4
皮肤正确	pfvq	1	4
排放污染	pfwr	1	4
排放污水	pfwu	2	4
平分线	pfx	1	3
排放许可	pfxk	1	4
颇费心思	pfxs	1	4
匹夫一怒	pfyn	1	4
批发业务	pfyw	1	4
票贩子	pfz	1	3
评估报告	pgbg	1	4
陪个不是	pgbu	2	4
捧高踩低	pgcd	1	4
屁股蛋	pgd	1	3
屁股蹲	pgd	2	3
苹果电脑	pgdn	1	4
屁股底下	pgdx	1	4
跑个分	pgf	1	3
偏根怪根	pggg	1	4
品格高尚	pggu	1	4
捧个场	pgi	1	3
盘根查底	pgid	1	4
怕个锤子	pgiz	1	4
凭感觉	pgj	2	3
平光镜	pgj	3	3
苹果肌	pgj	4	3
苹果机	pgj	5	3
抛光机	pgj	6	3
屁股决定脑袋	pgjd	3	4
攀高结贵	pgjg	1	4
排骨教主	pgjv	2	4
盘古开天地	pgkd	1	4
跑过来	pgl	2	3
爬过来	pgl	3	3
陪个礼	pgl	4	3
破格录取	pglq	1	4
批改练习	pglx	1	4
怕个毛线	pgmx	1	4
拼个你死我活	pgnh	1	4
评估内容	pgnr	1	4
怕个屁	pgp	1	3
苹果派	pgp	2	3
跑过去	pgq	1	3
爬过去	pgq	2	3
平肝潜阳	pgqy	1	4
捧个人场	pgri	1	4
苹果软件	pgrj	3	4
跑过头了	pgtl	1	4
苹果树	pgu	2	3
碰狗屎	pgu	3	3
苹果手表	pgub	1	4
爬高上低	pgud	1	4
苹果手机	pguj	1	4
旁观者	pgv	2	3
攀高枝	pgv	3	3
评估指标	pgvb	1	4
攀高枝儿	pgve	2	4
评估专家	pgvj	1	4
破瓜之痛	pgvt	1	4
平肝息风	pgxf	1	4
评估项目	pgxm	1	4
蒲公英	pgy	1	3
苹果园	pgy	2	3
跑官要官	pgyg	1	4
苹果用户	pgyh	1	4
评估意见	pgyj	1	4
评估业务	pgyw	1	4
叛国罪	pgz	1	3
破罐子破摔	pgzu	2	4
破坏	ph	2	2
配合	ph	3	2
排行榜	phb	2	3
徘徊不前	phbq	1	4
平衡点	phd	1	3
破坏队形	phdx	1	4
排好队形	phdx	2	4
排行第一	phdy	2	4
拼好饭	phf	1	3
平衡杆	phg	1	3
配合工作	phgz	1	4
胖乎乎	phh	1	3
噗哈哈	phh	2	3
破坏活动	phhd	1	4
破坏环境	phhj	1	4
破坏婚姻	phhy	1	4
皮魂合一	phhy	2	4
平衡车	phi	2	3
跑火车	phi	3	3
平滑肌	phj	2	3
破坏军婚	phjh	1	4
配合教学	phjx	1	4
破坏力	phl	1	3
平衡木	phm	2	3
配合默契	phmq	1	4
平衡能力	phnl	1	4
喷火器	phq	2	3
破坏气氛	phqf	1	4
彷徨四顾	phsg	1	4
皮划艇	pht	1	3
平衡态	pht	2	3
破坏神	phu	2	3
彷徨失措	phuc	1	4
破坏社会	phuh	1	4
破坏生态	phut	1	4
配合使用	phuy	1	4
破坏者	phv	2	3
配合治疗	phvl	2	4
攀花折柳	phvl	3	4
配合无间	phwj	1	4
破坏性	phx	1	3
平衡性	phx	2	3
平滑细分	phxf	1	4
破坏现场	phxi	2	4
破坏行为	phxw	1	4
平常	pi	2	2
平常不过	pibg	1	4
赔偿标准	pibv	1	4
破产边缘	piby	1	4
怕出错	pic	2	3
破产倒闭	pidb	1	4
排除法	pif	2	3
赔偿费	pif	3	3
排除干扰	pigr	2	4
排除故障	pigv	1	4
赔偿金	pij	2	3
潘长江	pij	3	3
赔偿金额	pije	1	4
派出机构	pijg	1	4
怕吃苦	pik	2	3
跑出来	pil	2	3
爬出来	pil	3	3
批处理	pil	4	3
劈成两半	pilb	2	4
抛出了橄榄枝	pilv	1	4
偏出门框	pimk	1	4
偏出门柱	pimv	1	4
骗吃骗喝	piph	2	4
跑出去	piq	2	3
爬出去	piq	3	3
排查清楚	piqi	3	4
泼出去的水	piqu	1	4
平常人	pir	1	3
平常日子	pirz	2	4
派出所	pis	2	3
赔偿损失	pisu	1	4
排出体外	pitw	1	4
排除危害	piwh	1	4
平常心	pix	2	3
破除心魔	pixm	2	4
破窗效应	pixy	1	4
排成一行	piyh	2	4
排除隐患	piyh	3	4
排成一列	piyl	1	4
排成一排	piyp	2	4
扑哧一笑	piyx	1	4
赔偿原则	piyz	1	4
皮搋子	piz	2	3
排除在外	pizw	1	4
平静	pj	2	2
平均	pj	3	2
破解版	pjb	2	3
片甲不存	pjbc	2	4
判决被告	pjbg	1	4
评价标准	pjbv	1	4
旁击侧敲	pjcq	1	4
啤酒肚	pjd	1	3
普及度	pjd	2	3
普吉岛	pjd	3	3
披枷戴锁	pjds	1	4
普及读物	pjdw	1	4
普降大雪	pjdx	1	4
平均分	pjf	1	3
贫贱夫妻百事哀	pjfa	3	4
平均分配	pjfp	1	4
评价方式	pjfu	3	4
啤酒花	pjh	1	3
评价很高	pjhg	1	4
配件厂	pji	1	3
平均产量	pjil	1	4
评价机制	pjjv	1	4
皮夹克	pjk	1	3
普及开来	pjkl	1	4
破纪录	pjl	1	3
潘金莲	pjl	2	3
普及率	pjl	3	3
庞加莱猜想	pjlx	2	4
片假名	pjm	2	3
平假名	pjm	3	3
平静面对	pjmd	2	4
平均每年	pjmn	1	4
平均每人	pjmr	1	4
平均每天	pjmt	1	4
评价模式	pjmu	1	4
评价模型	pjmx	1	4
破镜难圆	pjny	1	4
啤酒瓶	pjp	2	3
迫击炮	pjp	3	3
跑进跑出	pjpi	1	4
瓶颈期	pjq	2	3
拼尽全力	pjql	1	4
平静如水	pjru	1	4
平均人数	pjru	2	4
判决如下	pjrx	1	4
帕金森	pjs	1	3
牝鸡司晨	pjsi	2	4
判决条件	pjtj	2	4
评价体系	pjtx	1	4
判决书	pju	2	3
平均数	pju	3	3
撇家舍业	pjuy	1	4
平均收益	pjuy	2	4
平均值	pjv	2	3
评价指标	pjvb	1	4
炮舰政策	pjvc	1	4
平均涨幅	pjvf	1	4
平静下来	pjxl	2	4
平均学历	pjxl	3	4
评价一下	pjyx	1	4
皮夹子	pjz	2	3
片刻	pk	2	2
贫困	pk	3	2
贫困儿童	pket	1	4
抛开烦恼	pkfn	2	4
片刻功夫	pkgf	2	4
贫困户	pkh	1	3
凭空出现	pkix	2	4
片刻间	pkj	1	3
贫苦家庭	pkjt	1	4
抛开剂量谈毒性	pkjx	3	4
扑克脸	pkl	1	3
扑克牌	pkp	2	3
怕苦怕累	pkpl	1	4
贫困人口	pkrk	1	4
皮克斯	pks	1	3
贫困生	pku	1	3
贫苦生活	pkuh	1	4
抛开事实不谈	pkut	1	4
片刻之后	pkvh	3	4
片刻之间	pkvj	2	4
贫困问题	pkwt	1	4
贫困县	pkx	2	3
偏口鱼	pky	2	3
凭空臆造	pkyz	2	4
漂亮	pl	1	2
破裂	pl	2	2
评论	pl	3	2
纰漏百出	plbi	1	4
平流层	plc	1	3
普罗丢撒	plds	1	4
扑棱蛾子	plez	1	4
凭栏而坐	plez	2	4
赔了夫人又折兵	plfb	1	4
疲劳感	plg	1	3
扑了个空	plgk	1	4
跑了过来	plgl	1	4
漂亮话	plh	1	3
霹雳火	plh	2	3
跑了和尚跑不了庙	plhm	1	4
评论家	plj	1	3
漂亮姐姐	pljj	1	4
跑了进来	pljl	1	4
排列紧密	pljm	1	4
疲劳驾驶	plju	1	4
霹雳娇娃	pljw	1	4
普朗克	plk	1	3
普朗克长度	plkd	1	4
普朗克常数	plku	1	4
拼了老命	pllm	1	4
拼了命	plm	1	3
婆罗门	plm	2	3
拼了命地	plmd	1	4
漂亮妹妹	plmm	1	4
漂亮美眉	plmm	2	4
普罗米修斯	plms	2	4
暴力美学	plmx	1	4
普罗米亚	plmy	1	4
漂亮女孩	plnh	1	4
漂亮男孩	plnh	2	4
拍了拍	plp	1	3
瞥了瞥	plp	2	3
漂流瓶	plp	3	3
跑来跑去	plpq	1	4
飘来飘去	plpq	2	4
拍了拍手	plpu	1	4
撇了撇嘴	plpz	1	4
评论区	plq	1	3
排卵期	plq	2	3
频来入梦	plrm	1	4
判了死刑	plsx	1	4
爬楼梯	plt	1	3
跑龙套	plt	2	3
普拉提	plt	3	3
泼冷水	plu	1	3
铺路石	plu	2	3
排列顺序	plux	1	4
偏离正轨	plvg	1	4
疲劳战术	plvu	1	4
普罗之主	plvv	1	4
炮烙之刑	plvx	1	4
蒲柳之姿	plvz	1	4
霹雳舞	plw	1	3
评论文章	plwv	1	4
凭良心	plx	1	3
凭良心说话	plxh	1	4
凭良心讲	plxj	1	4
蓬莱仙境	plxj	2	4
凭良心谈	plxt	1	4
凭良心说	plxu	1	4
评论员	ply	1	3
跑了一个	plyg	1	4
碰了一鼻子灰	plyh	1	4
瞥了一眼	plyy	1	4
瞟了一眼	plyy	2	4
排列组合	plzh	1	4
屏幕	pm	2	2
拼命	pm	3	2
排名榜	pmb	1	3
屏幕保护	pmbh	1	4
蓬门荜户	pmbh	2	4
拍马不及	pmbj	1	4
跑马灯	pmd	2	3
破门得分	pmdf	1	4
拼命抵抗	pmdk	1	4
排名第一	pmdy	1	4
怕麻烦	pmf	2	3
平民愤	pmf	3	3
品貌非凡	pmff	2	4
拼命工作	pmgz	1	4
拍卖会	pmh	1	3
平民化	pmh	2	3
片面化	pmh	3	3
拍卖会上	pmhu	2	4
品貌出众	pmiv	1	4
平面镜	pmj	1	3
屏幕键盘	pmjp	1	4
屏幕截图	pmjt	1	4
屏幕镜像	pmjx	2	4
拍卖交易	pmjy	1	4
贫民窟	pmk	1	3
排名靠前	pmkq	1	4
屏幕快照	pmkv	1	4
庞麦郎	pml	1	3
排面拉满	pmlm	1	4
屏幕录制	pmlv	1	4
屏幕录像	pmlx	1	4
跑买卖	pmm	1	3
平面模特	pmmt	1	4
铺眉蒙眼	pmmy	1	4
拍马难及	pmnj	2	4
拍马难追	pmnv	1	4
拍马屁	pmp	1	3
破门破壁	pmpb	1	4
贫民区	pmq	1	3
排名情况	pmqk	1	4
片面强调	pmqt	1	4
缥缈如云	pmry	1	4
屏幕素质	pmsv	1	4
平面图	pmt	2	3
跑码头	pmt	3	3
屏幕上	pmu	1	3
屏幕识别	pmub	1	4
泡沫时代	pmud	1	4
屏幕上方	pmuf	1	4
平面设计	pmuj	1	4
拍卖商品	pmup	1	4
拍卖收入	pmur	1	4
平民玩家	pmwj	1	4
泡面文学	pmwx	1	4
泡沫箱	pmx	1	3
片面性	pmx	2	3
怕毛线	pmx	3	3
屏幕下方	pmxf	1	4
拍卖行业	pmxy	1	4
抛媚眼	pmy	1	3
排名优化	pmyh	1	4
陪你	pn	2	2
匹诺曹	pnc	2	3
陪你到老	pndl	1	4
拍摄技巧	pnjq	1	4
陪你聊天	pnlt	1	4
跑哪去了	pnql	1	4
睥睨群雄	pnqx	1	4
暴虐无道	pnwd	1	4
偏偏	pp	2	2
批评	pp	3	2
琵琶别抱	ppbb	2	4
偏旁部首	ppbu	1	4
评判标准	ppbv	1	4
偏偏不信	ppbx	1	4
胖胖的	ppd	1	3
啪啪打脸	ppdl	2	4
品牌电脑	ppdn	1	4
偏僻地区	ppdq	1	4
频频点头	ppdt	1	4
平平淡淡才是真	ppdv	1	4
频频发生	ppfu	1	4
品牌服装	ppfv	1	4
拍屁股走人	ppgr	1	4
品牌公司	ppgs	1	4
频谱函数	pphu	1	4
碰碰车	ppi	1	3
泡泡茶壶	ppih	1	4
品牌产品	ppip	1	4
频频出现	ppix	1	4
批评家	ppj	1	3
品牌机	ppj	2	3
批判继承	ppji	1	4
品牌建设	ppju	1	4
匹配机制	ppjv	1	4
品牌价值	ppjv	2	4
批评教育	ppjy	1	4
品牌开发	ppkf	1	4
跑跑卡丁车	ppki	1	4
评评理	ppl	1	3
泡泡龙	ppl	2	3
皮皮鲁	ppl	3	3
品牌理念	ppln	1	4
怦怦乱跳	pplt	1	4
品牌名称	ppmi	1	4
拍拍马屁	ppmp	1	4
泡泡玛特	ppmt	1	4
砰砰砰	ppp	1	3
啪啪啪	ppp	2	3
噗噗噗	ppp	3	3
呸呸呸	ppp	4	3
拍拍屁股	pppg	1	4
拍拍屁股走人	pppr	1	4
乒乓球	ppq	1	3
品牌汽车	ppqi	2	4
乒乓球网	ppqw	2	4
品牌企业	ppqy	1	4
飘飘然	ppr	2	3
批评人士	ppru	1	4
泡泡糖	ppt	1	3
呯呯跳	ppt	2	3
品牌推广	pptg	1	4
品牌推出	ppti	1	4
品牌提升	pptu	1	4
拍拍手	ppu	1	3
皮皮鳝	ppu	2	3
批判社会	ppuh	1	4
爬坡上坎	ppuk	1	4
怦怦直跳	ppvt	1	4
泡泡网	ppw	1	3
皮皮虾	ppx	2	3
砰砰响	ppx	3	3
批判性	ppx	4	3
拍拍胸脯	ppxf	1	4
品牌消费	ppxf	2	4
品牌项目	ppxm	1	4
澎湃新闻	ppxw	1	4
品牌形象	ppxx	2	4
品牌效应	ppxy	1	4
枇杷叶	ppy	1	3
批评意见	ppyj	1	4
品牌溢价	ppyj	2	4
碰碰运气	ppyq	1	4
泡泡游戏	ppyx	2	4
撇撇嘴	ppz	1	3
劈啪作响	ppzx	1	4
脾气	pq	1	2
贫穷	pq	2	2
脾气不好	pqbh	1	4
撇起笔区	pqbq	1	4
脾气暴躁	pqbz	1	4
排球队	pqd	1	3
攀亲道故	pqdg	1	4
排气管	pqg	1	3
盆腔共鸣	pqgm	1	4
脾气好	pqh	1	3
赔钱货	pqh	2	3
爬墙虎	pqh	3	3
脾气火爆	pqhb	1	4
脾气很大	pqhd	1	4
排球场	pqi	1	3
喷气机	pqj	1	3
派遣机构	pqjg	1	4
赔钱机场	pqji	1	4
骠骑将军	pqjj	1	4
脾气急躁	pqjz	1	4
排气口	pqk	1	3
爬起来	pql	1	3
抛弃了	pql	2	3
排气量	pql	3	3
聘请律师	pqlu	1	4
屏气敛息	pqlx	1	4
抛妻离子	pqlz	1	4
屏气凝神	pqnu	1	4
皮卡丘	pqq	1	3
骗取钱财	pqqc	1	4
迫切期待	pqqd	1	4
排球赛	pqs	1	3
爬起身	pqu	1	3
排气扇	pqu	2	3
喷气式	pqu	3	3
判清是非	pquf	1	4
喷气式飞机	pquj	1	4
派遣证	pqv	1	3
排球网	pqw	1	3
迫切性	pqx	1	3
脾气虚	pqx	2	3
脾气性格	pqxg	1	4
贫穷限制了我的想象力	pqxl	1	4
迫切希望	pqxw	1	4
脾气下陷	pqxx	1	4
贫穷限制了我的想象	pqxx	2	4
盆腔炎	pqy	1	3
脾气躁	pqz	1	3
骗人	pr	1	2
派人	pr	2	2
派人参加	prcj	1	4
飘然而过	preg	1	4
飘然而去	preq	1	4
飘然而至	prev	2	4
烹饪法	prf	1	3
烹饪方法	prff	1	4
飘若浮云	prfy	1	4
派人过来	prgl	1	4
派人过去	prgq	1	4
判若鸿沟	prhg	1	4
聘任合同	prht	1	4
烹饪技巧	prjq	1	4
旁人看来	prkl	1	4
平日里	prl	1	3
沛然莫御	prmy	1	4
骗人钱财	prqc	1	4
派人前去	prqq	1	4
派人前往	prqw	2	4
派人调查	prti	1	4
譬如说	pru	1	3
皮肉伤	pru	2	3
骗人是小狗	prug	1	4
皮肉生意	pruy	1	4
聘任制	prv	1	3
皮肉之苦	prvk	1	4
聘任职务	prvw	1	4
怕人笑	prx	1	3
怕人笑话	prxh	1	4
旁搜博采	psbc	1	4
破损不堪	psbk	1	4
菩萨保佑	psby	1	4
朴素大方	psdf	1	4
拼死抵抗	psdk	1	4
菩萨低眉	psdm	1	4
配送费	psf	1	3
配送范围	psfw	1	4
蒲松龄	psl	1	3
凭什么	psm	1	3
怕什么	psm	2	3
菩萨庙	psm	3	3
扑簌簌	pss	1	3
帕萨特	pst	1	3
配送时间	psuj	1	4
婆娑世界	psuj	2	4
盘算着	psv	1	3
判死刑	psx	1	3
破碎虚空	psxk	1	4
配送员	psy	1	3
拼死一搏	psyb	1	4
破嗓子	psz	1	3
普通	pt	1	2
平台	pt	2	2
普通班	ptb	1	3
排头兵	ptb	2	3
配套办法	ptbf	1	4
配套部件	ptbj	1	4
菩提本无树	ptbu	1	4
普通百姓	ptbx	2	4
配套措施	ptcu	1	4
泼天的富贵	ptdg	2	4
泼天大祸	ptdh	1	4
蟠桃大会	ptdh	2	4
普通党员	ptdy	2	4
娉婷婀娜	pten	1	4
破涕而笑	ptex	1	4
葡萄干	ptg	1	3
皮套狗	ptg	2	3
配套改革	ptgg	1	4
配套工程	ptgi	1	4
普通攻击	ptgj	1	4
蓬头垢脸	ptgl	2	4
普通高中	ptgv	1	4
普通高校	ptgx	1	4
平台规则	ptgz	1	4
普通话	pth	1	3
破天荒	pth	2	3
碰头会	pth	3	3
破天荒地	pthd	1	4
破天荒的	pthd	2	4
葡萄酒	ptj	1	3
普通键盘	ptjp	1	4
普通家庭	ptjt	1	4
配套技术	ptju	1	4
疲态尽显	ptjx	1	4
普通快递	ptkd	1	4
平台开发	ptkf	1	4
平坦宽阔	ptkk	1	4
泡汤了	ptl	1	3
泼天流量	ptll	2	4
抛头颅洒热血	ptlx	1	4
普通老百姓	ptlx	2	4
普通民众	ptmv	1	4
娉婷袅娜	ptnn	1	4
普通朋友	ptpy	1	4
片头曲	ptq	1	3
普通群	ptq	2	3
普通青年	ptqn	1	4
配套齐全	ptqq	1	4
普通群众	ptqv	1	4
普通全日制	ptqv	2	4
配套企业	ptqy	1	4
普通人	ptr	1	3
皮套人	ptr	2	3
普通人员	ptry	1	4
葡萄糖	ptt	1	3
偏头痛	ptt	2	3
葡萄糖酸钙	pttg	1	4
配套条件	pttj	1	4
菩提树	ptu	1	3
莆田市	ptu	2	3
普陀山	ptu	3	3
旁听生	ptu	4	3
披头士	ptu	5	3
配套设备	ptub	1	4
配套生产	ptui	1	4
配套商品	ptup	1	4
普通水平	ptup	2	4
普天率土	ptut	1	4
配套设施	ptuu	1	4
蟠桃盛宴	ptuy	1	4
葡萄汁	ptv	1	3
平台支持	ptvi	1	4
平头正脸	ptvl	1	4
普通中学	ptvx	2	4
骈体文	ptw	1	3
普通玩家	ptwj	1	4
普通外科	ptwk	1	4
配套完善	ptwu	1	4
陪同下	ptx	1	3
排他性	ptx	2	3
普天下	ptx	3	3
普通型	ptx	4	3
莆田系	ptx	5	3
旁听席	ptx	6	3
莆田系医院	ptxy	1	4
蟠桃园	pty	1	3
葡萄牙	pty	2	3
葡萄园	pty	3	3
胖头鱼	pty	4	3
普通用户	ptyh	1	4
扑通一声	ptyu	1	4
破涕一笑	ptyx	1	4
批条子	ptz	1	3
炮筒子	ptz	2	3
配套资金	ptzj	1	4
菩提祖师	ptzu	1	4
平时	pu	2	2
派生词	puc	1	3
披霜带露	pudl	1	4
葡式蛋挞	pudt	1	4
拍摄电影	pudy	1	4
破事儿	pue	2	3
破伤风	puf	2	3
破伤风之刃	pufr	1	4
排水沟	pug	2	3
排水管	pug	3	3
普世观	pug	4	3
排水工程	pugi	2	4
拍摄功能	pugn	1	4
平时关系	pugx	1	4
爬山虎	puh	2	3
颇受好评	puhp	1	4
喷水池	pui	1	3
泼水节	puj	1	3
普世价值	pujv	1	4
排水量	pul	2	3
凭实力	pul	3	3
凭实力说话	pulh	1	4
怕啥来啥	pulu	2	4
凭实力单身	pulu	3	4
披上绿装	pulv	1	4
脾肾两虚	pulx	1	4
凭什么	pum	2	3
怕什么	pum	3	3
拍摄模式	pumu	1	4
屁事没有	pumy	1	4
婆说婆有理	pupl	1	4
拼手气	puq	2	3
拼手气红包	puqb	1	4
排水渠过弯	puqw	1	4
平生所好	push	1	4
平生所愿	pusy	1	4
陪审团	put	2	3
评审团	put	3	3
皮手套	put	4	3
破事水	puu	1	3
平时上班	puub	1	4
平时上课	puuk	1	4
平实质朴	puvp	1	4
喷射战士	puvu	1	4
平生之志	puvv	1	4
平生之愿	puvy	1	4
披上外衣	puwy	1	4
拍摄效果	puxg	1	4
平时喜欢	puxh	2	4
平时训练	puxl	2	4
排水系统	puxt	1	4
陪审员	puy	1	3
平舌音	puy	2	3
派上用场	puyi	2	4
排山压卵	puyl	1	4
平时在家	puzj	1	4
品质	pv	1	2
陪着	pv	2	2
屏占比	pvb	1	3
平装本	pvb	2	3
配置比例	pvbl	1	4
批准部门	pvbm	1	4
品质保证	pvbv	1	4
盘中餐	pvc	1	3
批准逮捕	pvdb	1	4
批准登记	pvdj	1	4
脾之大络	pvdl	1	4
批准单位	pvdw	1	4
排众而出	pvei	1	4
品质恶劣	pvel	1	4
批准发布	pvfb	1	4
品种繁多	pvfd	1	4
品种丰富	pvff	1	4
配置方式	pvfu	1	4
批准发行	pvfx	1	4
破折号	pvh	1	3
攀枝花	pvh	2	3
品种很多	pvhd	1	4
屏住呼吸	pvhx	1	4
炮制出	pvi	1	3
品质超群	pviq	1	4
拍照角度	pvjd	1	4
配置基金	pvjj	1	4
批准进口	pvjk	1	4
脾主肌肉	pvjr	1	4
配置机制	pvjv	1	4
偏执狂	pvk	1	3
铺展开	pvk	2	3
品种开发	pvkf	1	4
批准开工	pvkg	1	4
铺展开来	pvkl	1	4
品质良好	pvlh	1	4
拼着老命	pvlm	1	4
膨胀螺丝	pvls	1	4
凭着良心	pvlx	1	4
抛诸脑后	pvnh	2	4
拍照片	pvp	1	3
怕只怕	pvp	2	3
品种齐全	pvqq	1	4
培植亲信	pvqx	1	4
脾主四肢	pvsv	1	4
碰撞体积	pvtj	1	4
品竹弹丝	pvts	1	4
批准书	pvu	1	3
碰撞事故	pvug	1	4
拍照手机	pvuj	1	4
脾主升清	pvuq	1	4
批准执行	pvvx	1	4
批准文号	pvwh	1	4
配置文件	pvwj	1	4
皮脂腺	pvx	1	3
拍着胸脯	pvxf	1	4
配置系统	pvxt	1	4
皮脂腺囊肿	pvxv	1	4
偏重于	pvy	1	3
脾主运化	pvyh	1	4
披着羊皮的狼	pvyl	2	4
皮这一下我很开心	pvyx	1	4
陪我	pw	2	2
泡网吧	pwb	2	3
潘玮柏	pwb	3	3
颇为不易	pwby	1	4
评委点评	pwdp	1	4
偏微分	pwf	2	3
平稳发展	pwfv	1	4
平稳过渡	pwgd	1	4
颇为尴尬	pwgg	1	4
颇为感慨	pwgk	1	4
评委会	pwh	2	3
破瓦寒窑	pwhy	1	4
喷雾剂	pwj	2	3
拍外景	pwj	3	3
评委禁止参赛	pwjs	1	4
破妄金瞳	pwjt	2	4
颇为紧张	pwjv	1	4
排污口	pwk	2	3
评委老师	pwlu	1	4
排位连胜	pwlu	2	4
颇为满意	pwmy	1	4
泡温泉	pwq	1	3
片尾曲	pwq	2	3
喷雾器	pwq	3	3
颇为期待	pwqd	1	4
排位赛	pws	2	3
平稳推进	pwtj	1	4
评委投票	pwtp	1	4
颇为头疼	pwtt	1	4
皮外伤	pwu	1	3
脾胃湿热	pwur	1	4
颇为微妙	pwwm	1	4
抛物线	pwx	1	3
脾胃虚寒	pwxh	1	4
脾胃虚弱	pwxr	1	4
破玩意	pwy	1	3
盼望已久	pwyj	1	4
平稳运行	pwyx	1	4
脾胃阳虚	pwyx	2	4
平行	px	1	2
培训班	pxb	1	3
品行不端	pxbd	1	4
爬行垫	pxd	1	3
盘旋而上	pxeu	1	4
盘膝而坐	pxez	1	4
培训费	pxf	1	3
培训公司	pxgs	1	4
婆媳关系	pxgx	1	4
培训工作	pxgz	1	4
偏向虎山行	pxhx	1	4
培训成果	pxig	1	4
批小将	pxj	1	3
培训基地	pxjd	1	4
培训机构	pxjg	1	4
培训课程	pxki	1	4
平行空间	pxkj	1	4
赔笑脸	pxl	1	3
培训老师	pxlu	1	4
婆媳矛盾	pxmd	1	4
平息怒火	pxnh	1	4
拍胸脯	pxp	1	3
抛绣球	pxq	1	3
皮笑肉不笑	pxrx	1	4
平行四边形	pxsx	1	4
配享太庙	pxtm	1	4
破晓时分	pxuf	1	4
平行世界	pxuj	1	4
平行时空	pxuk	1	4
平息争端	pxvd	1	4
屏下指纹	pxvw	1	4
排泄物	pxw	1	3
评选为	pxw	2	3
平行线	pxx	1	3
拼夕夕	pxx	2	3
盼星星	pxx	3	3
平息下来	pxxl	1	4
培训项目	pxxm	1	4
培训学校	pxxx	1	4
平行宇宙	pxyv	1	4
胖小子	pxz	1	3
朋友	py	1	2
便宜	py	2	2
培养	py	3	2
碰一鼻子灰	pybh	1	4
偏远地区	pydq	1	4
喷涌而出	pyei	1	4
培养费	pyf	1	3
培养方案	pyfa	1	4
培养方法	pyff	1	4
培养方向	pyfx	1	4
培养感情	pygq	1	4
朋友关注	pygv	1	4
朋友关系	pygx	1	4
便宜货	pyh	1	3
拼音化	pyh	2	3
颇有好感	pyhg	1	4
聘用合同	pyht	1	4
培养出	pyi	1	3
配钥匙	pyi	2	3
培养成本	pyib	1	4
培养出来	pyil	1	4
颇有成效	pyix	1	4
培养机构	pyjg	1	4
朋友聚会	pyjh	2	4
拼音加加	pyjj	1	4
频移键控	pyjk	1	4
凭一己之力	pyjl	1	4
凭亿近人	pyjr	2	4
朋友介绍	pyju	1	4
py交易	pyjy	1	4
屁眼交易	pyjy	2	4
培养教育	pyjy	3	4
盼月亮	pyl	1	3
偏移量	pyl	2	3
朋友来访	pylf	1	4
破衣褴衫	pylu	2	4
朋友们	pym	1	3
培养皿	pym	2	3
便宜没好货	pymh	1	4
培养模式	pymu	1	4
朋友难当	pynd	1	4
评一评	pyp	1	3
辟谣跑断腿	pypt	1	4
培养培养	pypy	1	4
朋友圈	pyq	1	3
碰运气	pyq	2	3
皮痒求锤	pyqi	1	4
拼音全键	pyqj	1	4
朋友妻不可欺	pyqq	1	4
朋友圈子	pyqz	1	4
培养人才	pyrc	1	4
聘用人员	pyry	1	4
跑一趟	pyt	1	3
颇有天赋	pytf	1	4
颇有同感	pytg	1	4
朋友推荐	pytj	1	4
胖与瘦	pyu	1	3
朋友身边	pyub	1	4
拼音输入法	pyuf	1	4
培育市场	pyui	1	4
迫于生计	pyuj	1	4
拼音首字母	pyum	1	4
偏远山区	pyuq	1	4
拼音输入	pyur	1	4
聘用制	pyv	1	3
平庸之辈	pyvb	1	4
跑业务	pyw	1	3
颇有微词	pywc	1	4
便宜无好货	pywh	1	4
迫于无奈	pywn	1	4
颇以为然	pywr	1	4
皮影戏	pyx	1	3
皮一下	pyx	2	3
颇有心得	pyxd	1	4
旁逸斜出	pyxi	1	4
迫于形势	pyxu	1	4
皮一下很开心	pyxx	1	4
彭于晏	pyy	1	3
疲于应付	pyyf	1	4
迫于压力	pyyl	1	4
配音演员	pyyy	1	4
喷油嘴	pyz	1	3
烹羊宰牛	pyzn	1	4
胖子	pz	2	2
骗子	pz	3	2
趴在地上	pzdu	1	4
抛在脑后	pznh	1	4
陪葬品	pzp	1	3
骗子死全家	pzsj	1	4
泼脏水	pzu	1	3
捧在手里	pzul	1	4
捧在手心	pzux	1	4
亲爱	qa	1	2
气昂昂	qaa	1	3
亲爱的	qad	1	3
亲爱哒	qad	2	3
亲爱的同学们	qadm	1	4
亲爱的朋友	qady	1	4
去暗投明	qatm	2	4
求安慰	qaw	1	3
区别	qb	2	2
全部	qb	3	2
情报部	qbb	2	3
千百遍	qbb	3	3
前半部	qbb	4	3
轻薄本	qbb	5	3
区别不大	qbbd	1	4
前半部分	qbbf	2	4
千般不好	qbbh	1	4
全部变成	qbbi	2	4
情报部门	qbbm	1	4
千杯不醉	qbbz	1	4
前半辈子	qbbz	2	4
千百次	qbc	2	3
起不到	qbd	1	3
钱不多	qbd	2	3
铅笔刀	qbd	3	3
却不得不	qbdb	1	4
气不打一处来	qbdl	1	4
抢班夺权	qbdq	1	4
全部都有	qbdy	1	4
全部都在	qbdz	2	4
七百二十度	qbed	1	4
七八分	qbf	2	3
气不忿儿	qbfe	1	4
全部符合	qbfh	2	4
全部返还	qbfh	3	4
七八个	qbg	2	3
气不过	qbg	3	3
千百个	qbg	4	3
千不该万不该	qbgg	1	4
岂不更好	qbgh	1	4
七八个人	qbgr	1	4
七八个月	qbgy	1	4
情报工作	qbgz	2	4
全部工作	qbgz	3	4
岂不怪哉	qbgz	4	4
铅笔盒	qbh	2	3
铅笔画	qbh	3	3
区别很大	qbhd	2	4
区别很小	qbhx	2	4
瞧不出	qbi	2	3
情报处	qbi	3	3
前半场	qbi	4	3
瞧不出来	qbil	1	4
前不久	qbj	1	3
起步价	qbj	2	3
请病假	qbj	3	3
七八九	qbj	4	3
全半角	qbj	5	3
全部家当	qbjd	1	4
起步阶段	qbjd	2	4
情报机构	qbjg	1	4
卿本佳人	qbjr	2	4
全部结束	qbju	2	4
切不可	qbk	2	3
前半块	qbk	3	3
区别开来	qbkl	1	4
却不可能	qbkn	1	4
岂不可惜	qbkx	1	4
岂不快哉	qbkz	2	4
去不了	qbl	2	3
起不来	qbl	3	3
起不来了	qbll	3	4
齐柏林飞艇	qblt	2	4
情报来源	qbly	1	4
岂不美哉	qbmz	1	4
却不能	qbn	1	3
千百年	qbn	2	3
前半年	qbn	3	3
却不能够	qbng	1	4
瞧不起	qbq	1	3
去不去	qbq	2	3
请不起	qbq	3	3
起搏器	qbq	4	3
奇不奇怪	qbqg	1	4
亲笔签名	qbqm	1	4
瞧不起你	qbqn	1	4
轻不轻松	qbqs	2	4
岂不轻松	qbqs	3	4
强不强壮	qbqv	1	4
瞧不起我	qbqw	1	4
妻不如妾	qbrq	1	4
妾不如偷	qbrt	1	4
乔布斯	qbs	1	3
七八岁	qbs	2	3
情报搜集	qbsj	1	4
求本索源	qbsy	1	4
丘比特	qbt	1	3
丘比特之箭	qbtj	1	4
全班同学	qbtx	1	4
岂不是	qbu	1	3
却不是	qbu	2	3
且不说	qbu	3	3
前半生	qbu	4	3
齐白石	qbu	5	3
七步诗	qbu	6	3
七八十分	qbuf	2	4
抢步上前	qbuq	1	4
气不摄血	qbux	1	4
穷不失义	qbuy	1	4
却不知	qbv	1	3
岂不知	qbv	2	3
情报站	qbv	3	3
曲别针	qbv	4	3
全币种	qbv	5	3
却不知道	qbvd	1	4
前不着村，后不着店	qbvd	2	4
确保质量	qbvl	1	4
情不知所起	qbvq	1	4
情报中心	qbvx	1	4
确保正宗	qbvz	2	4
情报网	qbw	1	3
千百万	qbw	2	3
起步晚	qbw	3	3
全包围	qbw	4	3
千遍万遍	qbwb	1	4
全部完成	qbwi	1	4
轻薄无礼	qbwl	1	4
亲笔信	qbx	2	3
铅笔芯	qbx	3	3
七边形	qbx	4	3
轻便型	qbx	5	3
切比雪夫	qbxf	1	4
全部消失	qbxu	1	4
请不要	qby	2	3
区别于	qby	3	3
情报员	qby	4	3
前半夜	qby	5	3
求不应供	qbyg	2	4
情报有误	qbyw	1	4
全部用完	qbyw	2	4
卡脖子	qbz	2	3
抢不走	qbz	3	3
翘辫子	qbz	4	3
齐步走	qbz	5	3
起步早	qbz	6	3
清白做人	qbzr	1	4
区别在于	qbzy	2	4
其次	qc	1	2
千层饼	qcb	1	3
曲错币无	qcbw	1	4
全村的希望	qcdw	1	4
七彩丹霞	qcdx	1	4
七彩虹	qch	1	3
清仓查库	qcik	1	4
请参考	qck	1	3
千层浪	qcl	1	3
青菜萝卜各有所爱	qcla	1	4
青菜萝卜	qclb	1	4
清脆明亮	qcml	1	4
切磋切磋	qcqc	1	4
全村人	qcr	1	3
青葱岁月	qcsy	1	4
千层套路	qctl	1	4
其次是	qcu	1	3
轻财重义	qcvy	1	4
清仓挖潜	qcwq	1	4
青藏线	qcx	1	3
七彩祥云	qcxy	1	4
请参阅	qcy	1	3
全瓷牙	qcy	2	3
取材与	qcy	3	3
清脆悦耳	qcye	1	4
七彩阳光	qcyg	1	4
亲测有效	qcyx	1	4
全村最后的希望	qczw	1	4
确定	qd	1	2
强大	qd	2	2
期待	qd	3	2
七逗八逗	qdbd	2	4
请多包涵	qdbh	1	4
确定不了	qdbl	1	4
全都不是人	qdbr	1	4
气得半死	qdbs	1	4
全都不是	qdbu	1	4
确定不是	qdbu	2	4
曲对币有	qdby	1	4
强得多	qdd	1	3
骑电动车	qddi	1	4
请多多指教	qddj	1	4
取得贷款	qddk	1	4
驱动电路	qddl	2	4
千订大佬	qddl	3	4
确定的是	qddu	1	4
请多多关照	qddv	1	4
穷得叮当响	qddx	1	4
缺德带冒烟	qddy	1	4
清道夫	qdf	1	3
穷大方	qdf	2	3
裙带风	qdf	3	3
气得发抖	qdfd	1	4
确定方向	qdfx	1	4
缺德鬼	qdg	1	3
确定感	qdg	2	3
请多关照	qdgv	1	4
确定关系	qdgx	2	4
驱动更新	qdgx	3	4
七大姑八大姨	qdgy	1	4
巧得很	qdh	1	3
器大活好	qdhh	1	4
期待很久	qdhj	2	4
启动画面	qdhm	1	4
签订合同	qdht	1	4
气垫船	qdi	1	3
取得成功	qdig	1	4
枪打出头鸟	qdin	1	4
启动超级变换形态	qdit	1	4
秋冬季	qdj	1	3
取得进步	qdjb	1	4
抢到就是赚到	qdjd	1	4
启动经费	qdjf	1	4
确定价格	qdjg	1	4
启动界面	qdjm	1	4
启动机器	qdjq	1	4
强打精神	qdju	1	4
取得进展	qdjv	1	4
请大家放心	qdjx	1	4
前端开发	qdkf	1	4
七度空间	qdkj	1	4
请打开麦克风交流	qdkl	1	4
强得可怕	qdkp	1	4
取得了	qdl	1	3
强多了	qdl	2	3
起到了	qdl	3	3
气抖冷	qdl	4	3
驱动力	qdl	5	3
糗大了	qdl	6	3
取得了成功	qdlg	1	4
强盗逻辑	qdlj	1	4
强大力量	qdll	1	4
取得联络	qdll	2	4
强对流天气	qdlq	1	4
取得联系	qdlx	1	4
敲代码	qdm	1	3
全都没有	qdmy	1	4
千叮咛万嘱咐	qdnf	1	4
情到浓时	qdnu	1	4
驱动盘	qdp	1	3
启动盘	qdp	2	3
瞧得起	qdq	1	3
驱动器	qdq	2	3
启动器	qdq	3	3
全地区	qdq	4	3
期待期待	qdqd	2	4
全党全军	qdqj	1	4
签到签退	qdqt	1	4
签订契约	qdqy	1	4
驱动软件	qdrj	1	4
确定日期	qdrq	1	4
取得荣誉	qdry	1	4
前段日子	qdrz	1	4
穷屌丝	qds	1	3
抢答题	qdt	1	3
求大同	qdt	2	3
取得突破	qdtp	1	4
全都是	qdu	1	3
青岛市	qdu	2	3
缺德事	qdu	3	3
情到深处	qdui	1	4
启动市场	qdui	2	4
取得胜利	qdul	1	4
钱多事少	qduu	1	4
气大伤身	qduu	2	4
期待着	qdv	1	3
抢地主	qdv	2	3
起点站	qdv	3	3
七大洲	qdv	4	3
强大之处	qdvi	1	4
请多指教	qdvj	1	4
墙倒众人推	qdvt	1	4
起点中文网	qdvw	1	4
起点中文	qdvw	2	4
启东中学	qdvx	1	4
确定为	qdw	1	3
强大威力	qdwl	1	4
强大武器	qdwq	1	4
确定性	qdx	1	3
启动项	qdx	2	3
取得效果	qdxg	1	4
起到效果	qdxg	2	4
抢得先机	qdxj	1	4
强大需求	qdxq	1	4
取得信任	qdxr	1	4
全都要	qdy	1	3
全都有	qdy	2	3
千多元	qdy	3	3
秋刀鱼	qdy	4	3
确定一定以及肯定	qdyd	1	4
去掉一个最高分	qdyf	1	4
去掉一个最低分	qdyf	2	4
钱到月底不够花	qdyh	1	4
期待已久	qdyj	2	4
求道于盲	qdym	1	4
气得要死	qdys	1	4
启动仪式	qdyu	1	4
清淡饮食	qdyu	2	4
请等一下	qdyx	2	4
轻度抑郁	qdyy	1	4
起得早	qdz	1	3
启动资金	qdzj	1	4
圈地自萌	qdzm	1	4
求而不得	qebd	2	4
全额拨款	qebk	1	4
全额保险	qebx	1	4
全额担保	qedb	1	4
全额返还	qefh	1	4
全额奖学金	qejj	1	4
切尔诺贝利	qenl	1	4
全额赔偿	qepi	1	4
倾耳倾听	qeqt	1	4
亲耳听到	qetd	1	4
全额退款	qetk	1	4
全额支付	qevf	1	4
群二维码	qewm	1	4
切尔西	qex	1	3
亲儿子	qez	1	3
气氛	qf	1	2
前方	qf	2	2
缺乏	qf	3	2
缺乏爱心	qfax	1	4
全封闭	qfb	1	3
气愤不过	qfbg	1	4
区分不了	qfbl	1	4
庆父不死	qfbs	1	4
侵犯财产	qfci	1	4
千分点	qfd	1	3
前方低能	qfdn	1	4
前方到站	qfdv	1	4
群发单显	qfdx	1	4
区分大小	qfdx	2	4
全服第一	qfdy	2	4
清风拂山冈	qffg	1	4
清风拂面	qffm	1	4
前方高能预警	qfgj	1	4
缺乏规模	qfgm	1	4
前方高能	qfgn	1	4
奇峰怪石	qfgu	1	4
勤奋工作	qfgz	1	4
千分号	qfh	1	3
气氛很好	qfhh	1	4
请扶好坐好	qfhh	2	4
缺乏活力	qfhl	1	4
前方核能	qfhn	1	4
勤奋好学	qfhx	1	4
轻纺产品	qfip	1	4
祛风除湿	qfiu	1	4
祛风解表	qfjb	1	4
缺乏监督	qfjd	1	4
前方记者	qfjv	1	4
缺乏经验	qfjy	1	4
区分开	qfk	1	3
七分裤	qfk	2	3
区分开来	qfkl	1	4
清风楼	qfl	1	3
欺负老实人	qflr	1	4
全方面	qfm	1	3
气氛浓厚	qfnh	1	4
巧妇难为无米之炊	qfni	1	4
潜伏期	qfq	1	3
起飞前	qfq	2	3
恰逢其会	qfqh	1	4
缺乏情趣	qfqq	1	4
缺乏人才	qfrc	1	4
请佛容易送佛难	qfrn	1	4
侵犯人权	qfrq	1	4
切分碎盖	qfsg	1	4
秋风瑟瑟	qfss	1	4
秋风送爽	qfsu	1	4
秋风扫落叶	qfsy	1	4
欠费停机	qftj	1	4
求发展	qfv	1	3
骑缝章	qfv	2	3
千分之	qfv	3	3
七分之	qfv	4	3
千夫指	qfv	5	3
千夫长	qfv	6	3
缺乏证据	qfvj	1	4
清风阵阵	qfvv	1	4
欠费中心	qfvx	1	4
全方位	qfw	1	3
千分位	qfw	2	3
却发现	qfx	1	3
请放心	qfx	2	3
启发性	qfx	3	3
清风徐来	qfxl	1	4
缺乏想象力	qfxl	2	4
缺乏信任	qfxr	1	4
秋风萧瑟	qfxs	1	4
勤奋学习	qfxx	1	4
屈服于	qfy	1	3
起反应	qfy	2	3
缺乏勇气	qfyq	1	4
奇峰异石	qfyu	2	4
缺乏营养	qfyy	1	4
清风自来	qfzl	1	4
缺乏责任	qfzr	1	4
缺乏自信	qfzx	1	4
起反作用	qfzy	1	4
情感	qg	1	2
全国	qg	2	2
奇怪	qg	3	2
气个半死	qgbs	1	4
缺胳膊少腿	qgbt	1	4
穷光蛋	qgd	1	3
奇怪得很	qgdh	1	4
全国代表大会	qgdh	2	4
情歌对唱	qgdi	1	4
全国大赛	qgds	1	4
奇怪的是	qgdu	1	4
气功大师	qgdu	2	4
墙根底下	qgdx	1	4
全国第一	qgdy	1	4
七个多月	qgdy	2	4
起个大早	qgdz	1	4
曲肱而枕	qgev	1	4
前滚翻	qgf	1	3
全国范围内	qgfn	1	4
全国范围	qgfw	1	4
气鼓鼓	qgg	1	3
群公告	qgg	2	3
全国公安	qgga	1	4
全国高考	qggk	1	4
全国各族人民	qggm	1	4
求根公式	qggu	1	4
庆功会	qgh	1	3
钱够花	qgh	2	3
去国怀乡	qghx	1	4
全过程	qgi	1	3
切割机	qgj	1	3
缺根筋	qgj	2	3
千古绝对	qgjd	2	4
全国解放	qgjf	1	4
全国经济	qgjj	1	4
全国季军	qgjj	2	4
全国纪录	qgjl	2	4
强弓劲弩	qgjn	1	4
全国可飞	qgkf	1	4
奇怪了	qgl	1	3
去过了	qgl	2	3
全攻略	qgl	3	3
全国联保	qglb	1	4
全国绿化	qglh	1	4
全国流量	qgll	1	4
全国劳模	qglm	1	4
千古留名	qglm	2	4
全国连锁	qgls	2	4
强国论坛	qglt	1	4
全国联网	qglw	1	4
清锅冷灶	qglz	1	4
秋高马肥	qgmf	1	4
千古名句	qgmj	1	4
清肝明目	qgmm	2	4
俏姑娘	qgn	1	3
全国农村	qgnc	1	4
全国农民	qgnm	1	4
全国农业	qgny	1	4
全国排名	qgpm	1	4
曲棍球	qgq	1	3
全高清	qgq	2	3
泉港区	qgq	3	3
强国强种	qgqv	1	4
全国前五	qgqw	2	4
且歌且行	qgqx	1	4
亲骨肉	qgr	1	3
倾盖如故	qgrg	1	4
全国人民代表大会	qgrh	1	4
全国人口	qgrk	1	4
全国统考	qgtk	1	4
全国天气	qgtq	1	4
全国统一	qgty	1	4
全国通用	qgty	2	4
情感生活	qguh	1	4
情感世界	qguj	1	4
轻功水上漂	qgup	1	4
全国首位	qguw	1	4
全国上下	qgux	1	4
起锅烧油	qguy	1	4
求关注	qgv	1	3
情感障碍	qgva	1	4
琴歌指弹	qgvd	1	4
情感专家	qgvj	1	4
千古真理	qgvl	1	4
千古无二	qgwe	1	4
窃格瓦拉	qgwl	2	4
全国闻名	qgwm	1	4
奇功伟业	qgwy	1	4
前古未有	qgwy	2	4
全国性	qgx	1	3
缺根弦	qgx	2	3
趋光性	qgx	3	3
群共享	qgx	4	3
全国宣传	qgxi	1	4
全国先进	qgxj	1	4
七个小时	qgxu	1	4
全国新闻	qgxw	1	4
求购信息	qgxx	1	4
庆功宴	qgy	1	3
七个月	qgy	2	3
轻工业	qgy	3	3
妻管严	qgy	4	3
气管炎	qgy	5	3
青光眼	qgy	6	3
奇功一件	qgyj	1	4
全国亚军	qgyj	2	4
强弓硬弩	qgyn	1	4
器官移植	qgyv	2	4
强国有我	qgyw	1	4
潜规则	qgz	1	3
枪杆子	qgz	2	3
其怪自败	qgzb	1	4
岂敢造次	qgzc	1	4
全国最大	qgzd	1	4
枪杆子里出政权	qgzq	1	4
枪杆子里面出政权	qgzq	2	4
起过作用	qgzy	1	4
前后	qh	1	2
强化	qh	2	2
抢红包	qhb	1	3
敲黑板	qhb	2	3
气化不利	qhbl	1	4
前后不一	qhby	1	4
前后奔走	qhbz	1	4
青花瓷	qhc	1	3
契合度	qhd	1	3
切换到	qhd	2	3
秦皇岛	qhd	3	3
切合点	qhd	4	3
权衡得失	qhdu	1	4
秋后的蚂蚱	qhdv	1	4
气候恶劣	qhel	1	4
全画幅	qhf	1	3
气候反常	qhfi	1	4
强化服务	qhfw	1	4
齐桓公	qhg	1	3
气候干旱	qhgh	1	4
强化管理	qhgl	1	4
期货公司	qhgs	1	4
求和公式	qhgu	1	4
气呼呼	qhh	1	3
欠火候	qhh	2	3
气候环境	qhhj	1	4
前后呼应	qhhy	2	4
前后脚	qhj	1	3
切换键	qhj	2	3
券后价	qhj	3	3
氰化钾	qhj	4	3
期货监管	qhjg	1	4
前后夹击	qhjj	1	4
全会精神	qhju	1	4
强行解释	qhju	2	4
强行加戏	qhjx	1	4
期货交易	qhjy	1	4
亲和力	qhl	1	3
钱货两清	qhlq	1	4
前后留神	qhlu	1	4
前后联系	qhlx	1	4
取货码	qhm	1	3
前后矛盾	qhmd	1	4
雀魂麻将	qhmj	1	4
秋后蚂蚱	qhmv	1	4
清华南都	qhnd	1	4
黢黑黢黑	qhqh	1	4
气候情况	qhqk	1	4
侵华日军	qhrj	1	4
枪灰色	qhs	1	3
签合同	qht	1	3
恰好是	qhu	1	3
青海省	qhu	2	3
气候湿润	qhur	1	4
侵华战争	qhvv	1	4
氰化物	qhw	1	3
前后文	qhw	2	3
千好万好	qhwh	2	4
千呼万唤始出来	qhwl	1	4
秋后问斩	qhwv	1	4
牵红线	qhx	1	3
强化训练	qhxl	1	4
前后相属	qhxu	1	4
全行业	qhy	1	3
清华园	qhy	2	3
气候异常	qhyi	1	4
漆黑一片	qhyp	1	4
气候宜人	qhyr	1	4
前后一致	qhyv	1	4
清楚	qi	2	2
青春	qi	3	2
青春宝贵	qibg	2	4
汽车保险	qibx	1	4
全尺寸	qic	2	3
牵扯到	qid	2	3
虔诚地	qid	3	3
青春痘	qid	4	3
清茶淡饭	qidf	1	4
前朝的剑，斩本朝的官	qidg	2	4
清楚得很	qidh	1	4
汽车导航	qidh	2	4
求锤得锤	qidi	3	4
气冲斗牛	qidn	2	4
气沉丹田	qidt	1	4
情场得意	qidy	1	4
亲传弟子	qidz	1	4
弃城而逃	qiet	1	4
情仇恩怨	qiey	1	4
请吃饭	qif	2	3
青春饭	qif	3	3
去吃饭了	qifl	2	4
全程高能	qign	1	4
汽车工业	qigy	2	4
清除缓存	qihc	2	4
清朝画质	qihv	2	4
气冲冲	qii	2	3
气喘喘	qii	3	3
全场沉默	qiim	1	4
驱虫剂	qij	2	3
清楚了	qil	1	3
取出来	qil	2	3
起床了	qil	3	3
清朝老兵	qilb	2	4
清朝老片	qilp	1	4
全程录像	qilx	1	4
七尺男儿	qine	1	4
青春年华	qinh	2	4
青春偶像	qiox	1	4
汽车票	qip	2	3
全程陪同	qipt	2	4
青春期	qiq	1	3
起床气	qiq	2	3
驱车前往	qiqw	1	4
青春气息	qiqx	1	4
枪出如龙	qirl	1	4
清澈如水	qiru	2	4
切成臊子	qisz	1	4
强出头	qit	2	3
切除术	qiu	2	3
屈臣氏	qiu	3	3
请查收	qiu	4	3
清除数据	qiuj	2	4
情场失意	qiuy	2	4
汽车站	qiv	2	3
倾城之恋	qivl	2	4
全场瞩目	qivm	1	4
切齿之痛	qivt	1	4
起床战争	qivv	2	4
奇臭无比	qiwb	3	4
汽车尾灯	qiwd	2	4
千穿万穿	qiwi	1	4
群除我佬	qiwl	2	4
前尘往事	qiwu	4	4
青春文学	qiwx	1	4
前程无忧	qiwy	1	4
七成新	qix	2	3
清除血迹	qixj	1	4
群成员	qiy	2	3
驱虫药	qiy	3	3
前程远大	qiyd	1	4
汽车洋房	qiyf	1	4
汽车养护	qiyh	3	4
清除异己	qiyj	3	4
青出于蓝而胜于蓝	qiyl	2	4
前朝遗老	qiyl	3	4
棋差一着	qiyv	3	4
青春永驻	qiyv	4	4
全场最佳	qizj	1	4
期间	qj	1	2
前进	qj	2	2
奇迹	qj	3	2
抢劫案	qja	1	3
枪击案	qja	2	3
强奸案	qja	3	3
奇迹般	qjb	1	3
旗舰版	qjb	2	3
七借八凑	qjbc	1	4
奇迹般的	qjbd	2	4
全家不饿	qjbe	1	4
千金不换	qjbh	2	4
全角半角	qjbj	1	4
全局变量	qjbl	1	4
青筋暴露	qjbl	2	4
青筋暴起	qjbq	1	4
抢救病人	qjbr	1	4
前几次	qjc	1	3
清君侧	qjc	2	3
区间测速	qjcs	1	4
旗舰店	qjd	1	3
全聚德	qjd	2	3
千斤顶	qjd	3	3
亲姐弟	qjd	4	3
屈居第二	qjde	1	4
千金大小姐	qjdj	2	4
群居动物	qjdw	1	4
切金断玉	qjdy	2	4
丘吉尔	qje	1	3
情节恶劣	qjel	1	4
气绝而亡	qjew	1	4
全家福	qjf	1	3
抢劫犯	qjf	2	3
穷举法	qjf	3	3
强奸犯	qjf	4	3
全角符号	qjfh	1	4
穷家富路	qjfl	1	4
抢尽风头	qjft	2	4
清洁服务	qjfw	1	4
前进方向	qjfx	1	4
戚继光	qjg	1	3
其结果	qjg	2	3
前几个	qjg	3	3
清洁工	qjg	4	3
亲家公	qjg	5	3
区级干部	qjgb	1	4
全局观念	qjgn	1	4
全局高刷	qjgu	1	4
全局光照	qjgv	1	4
请教各位	qjgw	1	4
前几个月	qjgy	1	4
前脚刚走	qjgz	1	4
全家火葬场	qjhi	1	4
侨居海外	qjhw	1	4
前街后巷	qjhx	1	4
抢救出	qji	1	3
全接触	qji	2	3
全军出击	qjij	2	4
旗舰产品	qjip	1	4
去解决	qjj	1	3
清洁剂	qjj	2	3
旗舰机	qjj	3	3
情景剧	qjj	4	3
强筋健骨	qjjg	1	4
强军计划	qjjh	1	4
敲金击石	qjju	1	4
全角空格	qjkg	1	4
清洁空气	qjkq	1	4
前景堪忧	qjky	1	4
瞧见了	qjl	1	3
请见谅	qjl	2	3
轻解罗裳	qjli	1	4
全家老小	qjlx	1	4
勤加练习	qjlx	2	4
七舅姥爷	qjly	1	4
前几名	qjm	1	3
取件码	qjm	2	3
亲姐妹	qjm	3	3
亲家母	qjm	4	3
清洁面部	qjmb	1	4
情景模拟	qjmn	1	4
情景模式	qjmu	1	4
千金买笑	qjmx	1	4
千斤买笑	qjmx	2	4
劝君莫惜金缕衣	qjmy	2	4
前几年	qjn	1	3
千金难买心头好	qjnh	1	4
奇迹暖暖	qjnn	1	4
千金难求	qjnq	1	4
清洁能源	qjny	1	4
敲键盘	qjp	1	3
全键盘	qjp	2	3
清洁皮肤	qjpf	1	4
取景器	qjq	1	3
轻机枪	qjq	2	3
七进七出	qjqi	1	4
切记切记	qjqj	1	4
倾尽全力	qjql	1	4
前几日	qjr	1	3
全家人	qjr	2	3
其疾如风	qjrf	1	4
前景如何	qjrh	1	4
屈节辱命	qjrm	1	4
拳击赛	qjs	1	3
穷极思变	qjsb	1	4
千金散尽	qjsj	1	4
千金散尽还复来	qjsl	1	4
七局四胜	qjsu	1	4
前几天	qjt	1	3
请假条	qjt	2	3
全家桶	qjt	3	3
全景图	qjt	4	3
抢镜头	qjt	5	3
全景天窗	qjti	1	4
全军突击	qjtj	1	4
情节特别严重	qjtv	1	4
拳击手	qju	1	3
抢救室	qju	2	3
起居室	qju	3	3
强降水	qju	4	3
旗舰手机	qjuj	1	4
枪击事件	qjuj	2	4
起脚射门	qjum	1	4
拳击手套	qjut	1	4
全剧终	qjv	1	3
敲警钟	qjv	2	3
千斤重担	qjvd	1	4
千钧重负	qjvf	1	4
千斤之力	qjvl	2	4
强军之路	qjvl	3	4
青筋直冒	qjvm	1	4
强奸致死	qjvs	1	4
青筋直跳	qjvt	1	4
千金之子	qjvz	2	4
请叫我	qjw	1	3
全键无冲	qjwi	1	4
请教下	qjx	1	3
全局性	qjx	2	3
取决于	qjy	1	3
趋近于	qjy	2	3
强加于	qjy	3	3
强降雨	qjy	4	3
齐集于此	qjyc	1	4
千斤一发	qjyf	2	4
千金一刻	qjyk	1	4
清洁用品	qjyp	1	4
穷尽一生	qjyu	1	4
起居饮食	qjyu	2	4
千金一掷	qjyv	1	4
情节严重	qjyv	2	4
请教一下	qjyx	1	4
勤俭自强	qjzq	1	4
强极则辱	qjzr	1	4
奇迹再现	qjzx	1	4
情况	qk	2	2
清空	qk	3	2
敲可爱	qka	2	3
情况不对	qkbd	3	4
情况不妙	qkbm	3	4
情况不同	qkbt	1	4
轻口薄舌	qkbu	1	4
情况不详	qkbx	1	4
清库存	qkc	2	3
清空弹匣	qkdx	1	4
乾坤大挪移	qkdy	2	4
情况恶化	qkeh	1	4
前空翻	qkf	2	3
求口饭吃	qkfi	1	4
情况分析	qkfx	1	4
情况反映	qkfy	1	4
情况复杂	qkfz	2	4
情况改变	qkgb	1	4
清空购物车	qkgi	1	4
情况很好	qkhh	1	4
请客喝酒	qkhj	2	4
请客吃饭	qkif	2	4
情况处理	qkil	1	4
顷刻间	qkj	2	3
取款机	qkj	3	3
群空间	qkj	4	3
欠款金额	qkje	1	4
情况紧急	qkjj	1	4
情况简介	qkjj	2	4
巧克力	qkl	1	3
欠考虑	qkl	2	3
区块链	qkl	3	3
情况良好	qklh	4	4
顷刻炼化	qklh	5	4
巧克力与香子兰	qkll	4	4
巧克力糖	qklt	1	4
青稞面	qkm	2	3
切克闹	qkn	1	3
求科普	qkp	1	3
情况如何	qkrh	1	4
穷苦人家	qkrj	1	4
轻狂岁月	qksy	1	4
情况通报	qktb	1	4
情况突然	qktr	2	4
全靠同行衬托	qktt	1	4
茄克衫	qku	2	3
请开始你的表演	qkuy	1	4
取卡针	qkv	1	3
情况之下	qkvx	1	4
乾坤未定	qkwd	1	4
乾坤未定，你我皆是黑马	qkwm	1	4
情况危险	qkwx	1	4
情况下	qkx	2	3
穷开心	qkx	3	3
请看下集	qkxj	1	4
情况有变	qkyb	3	4
全框眼镜	qkyj	3	4
情况严重	qkyv	2	4
情况怎样	qkzy	1	4
起来	ql	2	2
强烈	ql	3	2
请留步	qlb	1	3
麒麟臂	qlb	2	3
抢篮板	qlb	3	3
曲里八拐	qlbg	1	4
前来拜见	qlbj	3	4
强烈鄙视	qlbu	2	4
权利保障	qlbv	1	4
七老八小	qlbx	1	4
千里奔袭	qlbx	2	4
前两次	qlc	1	3
前来参观	qlcg	1	4
强力措施	qlcu	1	4
枪榴弹	qld	1	3
丘陵地	qld	2	3
丘陵地带	qldd	2	4
全力对付	qldf	1	4
强龙斗不过地头蛇	qldu	2	4
权力斗争	qldv	2	4
全力打造	qldz	1	4
千里耳	qle	1	3
千里鹅毛	qlem	1	4
倾力而为	qlew	1	4
清凉峰	qlf	1	3
权力腐败	qlfb	1	4
强烈反弹	qlfd	2	4
强烈反差	qlfi	1	4
曲率飞船	qlfi	2	4
强烈反抗	qlfk	1	4
权力分配	qlfp	1	4
全力发展	qlfv	1	4
强烈反应	qlfy	1	4
前两个	qlg	2	3
潜力股	qlg	3	3
奇了怪	qlg	4	3
禽流感	qlg	5	3
曲里拐弯儿	qlge	2	4
全力搞好	qlgh	1	4
奇了怪了	qlgl	3	4
确立关系	qlgx	1	4
情侣关系	qlgx	2	4
起了个大早	qlgz	2	4
秋老虎	qlh	2	3
齐刘海	qlh	3	3
七零后	qlh	4	3
情侣号	qlh	5	3
潜力很大	qlhd	2	4
樯橹灰飞烟灭	qlhm	1	4
强撸灰飞烟灭	qlhm	2	4
签了合同	qlht	1	4
清理好友	qlhy	2	4
全力出击	qlij	1	4
千里传音	qliy	1	4
起落架	qlj	1	3
轻量级	qlj	2	3
侵略军	qlj	3	3
强力胶	qlj	4	3
潜力巨大	qljd	1	4
情侣酒店	qljd	2	4
权力机构	qljg	2	4
凄厉叫声	qlju	1	4
青莲居士	qlju	2	4
千里江山	qlju	3	4
强烈建议	qljy	2	4
骑驴看唱本	qlkb	1	4
全力开火	qlkh	1	4
强力开火	qlkh	2	4
情侣空间	qlkj	1	4
强冷空气	qlkq	1	4
侵略扩张	qlkv	2	4
强烈渴望	qlkw	1	4
起来了	qll	2	3
清理垃圾	qllj	1	4
去留两难	qlln	1	4
千里马	qlm	2	3
前两名	qlm	3	3
签了名	qlm	4	3
前六名	qlm	5	3
确立目标	qlmb	1	4
清理门户	qlmh	1	4
轻拢慢捻	qlmn	1	4
前两年	qln	2	3
去了哪里	qlnl	1	4
青楼女子	qlnz	1	4
全力拼搏	qlpb	1	4
强烈批评	qlpp	1	4
敲了敲	qlq	1	3
瞧了瞧	qlq	2	3
亲了亲	qlq	3	3
强烈期待	qlqd	1	4
全力抢救	qlqj	2	4
敲了敲门	qlqm	1	4
情侣气泡	qlqp	1	4
墙里墙外	qlqw	2	4
浅蓝色	qls	1	3
千里送鹅毛	qlsm	1	4
前两天	qlt	2	3
群论坛	qlt	3	3
情侣套餐	qltc	2	4
千里同风	qltf	1	4
强烈推荐	qltj	3	4
全力推进	qltj	4	4
清利头目	qltm	1	4
情侣套装	qltv	2	4
情侣头像	qltx	1	4
情侣树	qlu	2	3
情侣手表	qlub	1	4
骑脸输出	qlui	2	4
清凉爽口	qluk	1	4
千里始于足下	qlux	1	4
侵略者	qlv	2	3
七龙珠	qlv	3	3
情侣装	qlv	4	3
全力抓好	qlvh	1	4
清理助手	qlvu	2	4
千里之外	qlvw	1	4
千里之行，始于足下	qlvx	2	4
千里之行始于足下	qlvx	3	4
千里之足	qlvz	1	4
千恋万花	qlwh	1	4
全力完成	qlwi	1	4
清理卫生	qlwu	2	4
潜力无限	qlwx	1	4
潜龙勿用	qlwy	3	4
前列腺	qlx	2	3
七里香	qlx	3	3
前列腺高潮	qlxi	3	4
前列腺按摩	qlxm	4	4
权力寻租	qlxz	1	4
千里眼	qly	1	3
青龙偃月刀	qlyd	2	4
去了一个	qlyg	2	4
千里姻缘一线牵	qlyq	2	4
强拉硬拽	qlyv	1	4
欠了一屁股债	qlyv	2	4
权利义务	qlyw	1	4
强烈欲望	qlyw	2	4
权力游戏	qlyx	1	4
清理一下	qlyx	2	4
棋类游戏	qlyx	3	4
千里走单骑	qlzq	1	4
前面	qm	2	2
全面	qm	3	2
亲密度	qmd	2	3
签名档	qmd	3	3
全民大炼钢铁	qmdt	1	4
全民动员	qmdy	1	4
全面二孩	qmeh	1	4
全免费	qmf	2	3
亲密付	qmf	3	3
全面发挥	qmfh	2	4
全面放开	qmfk	1	4
亲妈发牌	qmfp	1	4
全面分析	qmfx	1	4
全满贯	qmg	1	3
全面改革	qmgg	2	4
乞悯告怜	qmgl	1	4
全面恢复	qmhf	1	4
全面衡量	qmhl	2	4
全面和平	qmhp	1	4
全面合作	qmhz	2	4
全面彻底	qmid	1	4
全面撤退	qmit	1	4
全面创新	qmix	1	4
清明节	qmj	2	3
球面镜	qmj	3	3
全面建成小康社会	qmjh	2	4
球面几何	qmjh	3	4
亲密接触	qmji	1	4
全面兼容	qmjr	1	4
阡陌交通	qmjt	1	4
全民健身	qmju	4	4
全面禁止	qmjv	2	4
勤勉尽责	qmjz	1	4
全民K歌	qmkg	1	4
全面客观	qmkg	2	4
全面考核	qmkh	2	4
全面考察	qmki	1	4
全面开拓	qmkt	1	4
期末考试	qmku	2	4
全面开战	qmkv	1	4
全面开展	qmkv	2	4
全民抗战	qmkv	3	4
卡梅隆	qml	2	3
卡梅伦	qml	3	3
却没料到	qmld	2	4
全民联赛	qmls	3	4
启蒙老师	qmlu	2	4
全面履行	qmlx	1	4
悄咪咪	qmm	2	3
全麦面包	qmmb	1	4
清末民初	qmmi	2	4
千磨万难	qmmn	1	4
全面能力	qmnl	1	4
全面碾压	qmny	1	4
全面屏	qmp	2	3
曲面屏	qmp	3	3
群名片	qmp	4	3
荞麦皮	qmp	5	3
全面评估	qmpg	1	4
全面排查	qmpi	2	4
全面铺开	qmpk	1	4
全面剖析	qmpx	1	4
去没去	qmq	1	3
球门球	qmq	2	3
去没去过	qmqg	1	4
青霉素	qms	2	3
启蒙思想	qmsx	1	4
骑摩托	qmt	2	3
全面突破	qmtp	1	4
全面投入	qmtr	1	4
敲门声	qmu	1	3
秋名山	qmu	2	3
悄没声	qmu	3	3
清明上河图	qmut	1	4
伽马射线	qmux	1	4
全面实现	qmux	2	4
敲门砖	qmv	2	3
荨麻疹	qmv	3	3
全面展开	qmvk	1	4
全面准确	qmvq	1	4
轻蔑之色	qmvs	1	4
球墨铸铁	qmvt	1	4
全面战争	qmvv	2	4
全面掌握	qmvw	1	4
全码无重	qmwi	1	4
千磨万难	qmwn	1	4
其妙无穷	qmwq	1	4
全明星	qmx	2	3
全面性	qmx	3	3
全民性	qmx	4	3
气门芯	qmx	5	3
却没想到	qmxd	1	4
却没想过	qmxg	2	4
全面下降	qmxj	1	4
全面小康	qmxk	4	4
全明星赛	qmxs	2	4
全民修仙	qmxx	3	4
却没有	qmy	2	3
球门员	qmy	3	3
其鸣也哀	qmya	1	4
骑马与砍杀	qmyu	2	4
全民义务	qmyw	1	4
起名字	qmz	1	3
全民族	qmz	2	3
全码字	qmz	3	3
阡陌纵横	qmzh	2	4
期末作业	qmzy	1	4
去年	qn	2	2
青年	qn	3	2
青年报	qnb	2	3
去年勃起至今	qnbj	3	4
请你保重	qnbv	2	4
去你的	qnd	2	3
去年底	qnd	3	3
青年队	qnd	4	3
去你的吧	qndb	1	4
千年等一回	qndh	1	4
强扭的瓜不甜	qndt	1	4
青年大学习	qndx	1	4
千年第一	qndy	2	4
去哪儿	qne	2	3
清南二号	qneh	1	4
去哪儿网	qnew	1	4
请你放心	qnfx	1	4
请您放心	qnfx	2	4
青年宫	qng	2	3
青年干部	qngb	1	4
擒拿格斗	qngd	1	4
青年工人	qngr	1	4
青年公寓	qngy	2	4
全年工作	qngz	1	4
牵牛花	qnh	1	3
去哪吃	qni	2	3
千年虫	qni	3	3
去哪吃饭	qnif	1	4
全年级	qnj	2	3
青年节	qnj	3	3
七年级	qnj	4	3
青年教师	qnju	2	4
潜能开发	qnkf	1	4
去年开始	qnku	1	4
墙内开花墙外香	qnkx	1	4
去哪里	qnl	2	3
去哪了	qnl	3	3
求你了	qnl	4	3
千年来	qnl	5	3
千年老二	qnle	1	4
去哪里了	qnll	2	4
青年旅舍	qnlu	1	4
青年旅社	qnlu	2	4
千年灵芝	qnlv	1	4
千年老妖	qnly	2	4
去你妹	qnm	2	3
去你妈	qnm	3	3
去你妈逼	qnmb	2	4
去你妈了个逼	qnmb	3	4
去年买了个表	qnmb	4	4
去你妈的	qnmd	2	4
去你妹的	qnmd	3	4
去年年底	qnnd	1	4
去年年初	qnni	1	4
去年年末	qnnm	1	4
去你奶奶	qnnn	1	4
青年男女	qnnn	2	4
千年难遇	qnny	1	4
青年男子	qnnz	1	4
去年排名	qnpm	1	4
取暖器	qnq	2	3
青年人	qnr	1	3
圈内人	qnr	2	3
青年人才	qnrc	1	4
圈内人士	qnru	1	4
全年任务	qnrw	1	4
青年团	qnt	2	3
去年同期	qntq	1	4
擒拿术	qnu	2	3
全能神	qnu	3	3
青年时代	qnud	1	4
瞧你说的	qnud	2	4
青年时期	qnuq	2	4
钱乃身外之物	qnuw	1	4
七年之痒	qnvy	1	4
全能王	qnw	1	3
千年王八	qnwb	1	4
青年文摘	qnwv	1	4
全年无休	qnwx	2	4
全能型	qnx	2	3
牵牛星	qnx	3	3
去年夏天	qnxt	1	4
倾囊相助	qnxv	1	4
前女友	qny	2	3
前男友	qny	3	3
倩女幽魂	qnyh	1	4
千年一见	qnyj	2	4
强尼银手	qnyu	2	4
情绪	qo	1	2
取消	qo	2	2
欺骗	qp	2	2
强迫	qp	3	2
七平八稳	qpbw	1	4
全票当选	qpdx	1	4
裘皮大衣	qpdy	2	4
倾盆而下	qpex	1	4
全盘否定	qpfd	1	4
全盘否认	qpfr	1	4
起跑反应	qpfy	1	4
青苹果	qpg	1	3
俏皮话	qph	1	3
前排出售	qpiu	2	4
俏皮可爱	qpka	1	4
全盘考虑	qpkl	1	4
七匹狼	qpl	1	3
前排留名	qplm	1	4
全屏幕	qpm	1	3
强迫命令	qpml	1	4
轻飘飘	qpp	1	3
请批评指正	qppv	1	4
起跑器	qpq	1	3
枪炮齐鸣	qpqm	1	4
轻颦浅笑	qpqx	1	4
全平台	qpt	2	3
清平调	qpt	3	3
全票通过	qptg	1	4
枪炮声	qpu	1	3
棋牌室	qpu	2	3
奇葩说	qpu	3	3
清平世界	qpuj	1	4
拳怕少壮	qpuv	1	4
强迫症	qpv	1	3
起跑线	qpx	2	3
欺骗性	qpx	3	3
起跑线上	qpxu	1	4
强迫行为	qpxw	1	4
期盼已久	qpyj	1	4
轻轻	qq	2	2
请求	qq	3	2
轻骑兵	qqb	2	3
跷跷板	qqb	3	3
七巧板	qqb	4	3
侵权必究	qqbj	2	4
全球变暖	qqbn	1	4
枪枪爆头	qqbt	1	4
QQ步数	qqbu	1	4
请求帮助	qqbv	1	4
前期表现	qqbx	1	4
区区此心	qqcx	1	4
青青草原	qqcy	1	4
轻轻地	qqd	2	3
悄悄地	qqd	3	3
亲切地	qqd	4	3
全球第二	qqde	2	4
轻轻打开	qqdk	1	4
全球第六	qqdl	2	4
拳拳到肉	qqdr	1	4
QQ达人	qqdr	2	4
全球第三	qqds	2	4
全球第四	qqds	3	4
确切的说	qqdu	2	4
全球第五	qqdw	1	4
全球第一	qqdy	2	4
蛐蛐儿	qqe	2	3
群起而攻之	qqev	1	4
全球范围内	qqfn	1	4
倾情奉献	qqfx	1	4
全球发行	qqfx	2	4
前期费用	qqfy	2	4
亲切感	qqg	2	3
全球各地	qqgd	1	4
全球公敌	qqgd	2	4
亲切关怀	qqgh	1	4
前期工程	qqgi	1	4
群起攻之	qqgv	1	4
悄悄关注	qqgv	2	4
全球高武	qqgw	1	4
千秋功业	qqgy	1	4
前期工作	qqgz	2	4
悄悄话	qqh	1	3
全球化	qqh	2	3
亲情号	qqh	3	3
请求互动	qqhd	2	4
前情回顾	qqhg	1	4
妻妾成群	qqiq	1	4
请求超时	qqiu	2	4
秦齐楚燕韩赵魏	qqiw	1	4
权倾朝野	qqiy	1	4
群情激昂	qqja	1	4
情趣酒店	qqjd	1	4
取其精华	qqjh	1	4
去去就回	qqjh	2	4
全球经济	qqjj	1	4
取其精华，去其糟粕	qqjp	2	4
全球金融	qqjr	1	4
恰恰就像	qqjx	1	4
去取快递	qqkd	1	4
前期开发	qqkf	1	4
全球客户	qqkh	1	4
QQ空间	qqkj	1	4
请求宽恕	qqku	3	4
悄悄来到	qqld	1	4
悄悄离去	qqlq	1	4
七窍流血	qqlx	1	4
全球领先	qqlx	2	4
七擒孟获	qqmh	1	4
强抢民女	qqmn	1	4
求求你	qqn	2	3
求求你了	qqnl	1	4
情趣内衣	qqny	1	4
全球票房	qqpf	1	4
圈钱跑路	qqpl	1	4
全球排名	qqpm	1	4
全球品牌	qqpp	3	4
亲戚朋友	qqpy	1	4
QQ拼音	qqpy	2	4
氢气球	qqq	1	3
轻悄悄	qqq	2	3
恰恰如此	qqrc	2	4
全球人口	qqrk	1	4
确切日期	qqrq	1	4
卡其色	qqs	2	3
群情骚动	qqsd	2	4
全取三分	qqsf	1	4
七七四十九	qqsj	1	4
七七四十九天	qqst	1	4
锵锵三人行	qqsx	1	4
全球通	qqt	1	3
全球同步	qqtb	1	4
全情投入	qqtr	2	4
QQ头像	qqtx	2	4
全球统一	qqty	1	4
前情提要	qqty	2	4
恰恰是	qqu	1	3
全球首富	qquf	2	4
全球首发	qquf	3	4
恰恰是因为	qquw	1	4
区区之见	qqvj	2	4
请求支援	qqvy	1	4
千千万	qqw	2	3
亲情网	qqw	3	3
全球闻名	qqwm	1	4
全球问题	qqwt	1	4
七桥问题	qqwt	2	4
情趣娃娃	qqww	3	4
全球性	qqx	2	3
确切性	qqx	3	3
鹊桥相会	qqxh	1	4
侵权行为	qqxw	1	4
确切消息	qqxx	1	4
倾情于	qqy	2	3
轻轻一按	qqya	1	4
亲切友好	qqyh	1	4
情趣用品	qqyp	1	4
芊芊玉手	qqyu	3	4
请求援助	qqyv	1	4
QQ音乐	qqyy	1	4
轻轻一跃	qqyy	2	4
千千音乐	qqyy	3	4
去其糟粕	qqzp	1	4
恰恰在于	qqzy	1	4
确认	qr	2	2
亲人	qr	3	2
清热安胎	qrat	1	4
全然不觉	qrbj	2	4
全然不惧	qrbj	3	4
求人不如求己	qrbj	4	4
弃若敝履	qrbl	1	4
弃如敝履	qrbl	2	4
全然不同	qrbt	1	4
求人办事	qrbu	2	4
切入点	qrd	2	3
强弱电	qrd	3	3
悄然而来	qrel	1	4
悄然而去	qreq	1	4
悄然而逝	qreu	1	4
悄然而至	qrev	2	4
确认过眼神	qrgu	2	4
亲如骨血	qrgx	1	4
轻若鸿毛	qrhm	2	4
清热化痰	qrht	1	4
确认产权	qriq	1	4
悄然出现	qrix	1	4
情人节	qrj	2	3
气溶胶	qrj	3	3
亲如姐弟	qrjd	2	4
穷人家庭	qrjt	1	4
清热开窍	qrkq	1	4
全人类	qrl	1	3
氢燃料	qrl	2	3
清热凉血	qrlx	1	4
确认目标	qrmb	2	4
全然没有	qrmy	1	4
前任女友	qrny	1	4
前任男友	qrny	2	4
亲日派	qrp	2	3
千人群	qrq	2	3
千人千面	qrqm	3	4
确认签字	qrqz	1	4
强人锁男	qrsn	2	4
确认提交	qrtj	2	4
侵入体内	qrtn	1	4
确认投资	qrtz	2	4
嵌入式	qru	1	3
确认收货	qruh	2	4
强忍着	qrv	1	3
强忍住	qrv	2	3
全日制	qrv	3	3
千人斩	qrv	4	3
其人之道	qrvd	1	4
确认支付	qrvf	4	4
确认为	qrw	1	3
去日无多	qrwd	2	4
全然忘记	qrwj	1	4
确认无误	qrww	3	4
情如兄弟	qrxd	2	4
确认相关	qrxg	2	4
清热泻火	qrxh	1	4
取人性命	qrxm	4	4
亲如兄妹	qrxm	5	4
悄然兴起	qrxq	1	4
强弱悬殊	qrxu	2	4
确认信息	qrxx	1	4
确认一遍	qryb	3	4
奇人异事	qryu	2	4
情人眼里出西施	qryu	3	4
确认一下	qryx	1	4
泣如雨下	qryx	2	4
穷日子	qrz	2	3
前人栽树，后人乘凉	qrzl	1	4
轻松	qs	2	2
去死吧	qsb	1	3
七色板	qsb	2	3
青丝白发	qsbf	1	4
求死不能	qsbn	1	4
七损八益	qsby	1	4
轻松点	qsd	1	3
轻松度	qsd	2	3
轻松感	qsg	2	3
全损画质	qshv	1	4
轻松筹	qsi	2	3
穷思极想	qsjx	1	4
钱色交易	qsjy	1	4
权色交易	qsjy	2	4
气死了	qsl	1	3
前苏联	qsl	2	3
前三名	qsm	1	3
前四名	qsm	2	3
起司猫	qsm	3	3
浅色模式	qsmu	1	4
恰似那	qsn	1	3
气死偶咧	qsol	1	4
情色片	qsp	1	3
秋色平分	qspf	1	4
琴瑟琵琶	qspp	1	4
穷酸气	qsq	1	3
全速前进	qsqj	1	4
气死人	qsr	2	3
清算人	qsr	3	3
前些天	qst	1	3
起诉书	qsu	1	3
缺三少四	qsus	1	4
取死之道	qsvd	1	4
琴瑟之好	qsvh	1	4
清算账目	qsvm	1	4
气死我了	qswl	2	4
千算万算	qsws	1	4
牵丝戏	qsx	2	3
起色心	qsx	3	3
气随血脱	qsxt	1	4
轻松写意	qsxy	1	4
轻松愉快	qsyk	1	4
全损音质	qsyv	1	4
轻松自如	qszr	1	4
其他	qt	2	2
前途暗淡	qtad	1	4
桥头堡	qtb	1	3
其他办法	qtbf	1	4
前天傍晚	qtbw	2	4
墙头草	qtc	1	3
潜台词	qtc	2	3
全体代表	qtdb	1	4
其他地方	qtdf	1	4
其它地方	qtdf	2	4
抢滩登陆	qtdl	1	4
其他地区	qtdq	1	4
其他的人	qtdr	1	4
其它的人	qtdr	2	4
其他东西	qtdx	1	4
全体党员	qtdy	1	4
晴天多云	qtdy	2	4
青天大老爷	qtdy	3	4
强台风	qtf	1	3
其它方面	qtfm	2	4
且听风吟	qtfy	1	4
其他国家	qtgj	1	4
其它国家	qtgj	2	4
清汤挂面	qtgm	1	4
全体公民	qtgm	2	4
全体工作人员	qtgy	1	4
全天候	qth	1	3
洽谈会	qth	2	3
全贴合	qth	3	3
清汤火锅	qthg	1	4
前凸后翘	qthq	1	4
全体会员	qthy	2	4
前台处理	qtil	1	4
全体船员	qtiy	2	4
Q弹	qtj	2	3
钦天监	qtj	3	3
钱塘江	qtj	4	3
前台接待	qtjd	1	4
情同姐妹	qtjm	2	4
其他技能	qtjn	2	4
全体禁言	qtjy	1	4
囚徒困境	qtkj	1	4
前天开始	qtku	1	4
轻体力活	qtlh	1	4
泣涕涟涟	qtll	2	4
且听龙吟	qtly	1	4
祛痰利咽	qtly	2	4
清汤面	qtm	2	3
去他妈	qtm	3	3
去他妈的	qtmd	1	4
穷途末录	qtml	2	4
前途渺茫	qtmm	1	4
前途命运	qtmy	2	4
群体免疫	qtmy	3	4
去他娘	qtn	1	3
去他娘的	qtnd	1	4
气体排放	qtpf	1	4
企图破坏	qtph	1	4
青铜器	qtq	1	3
窃听器	qtq	2	3
秋田犬	qtq	3	3
其他情况	qtqk	1	4
全体起立	qtql	1	4
其他人	qtr	2	3
其他人的	qtrd	1	4
其它任何	qtrh	2	4
气体燃料	qtrl	1	4
全体人民	qtrm	1	4
其他人员	qtry	1	4
全体人员	qtry	2	4
七天退换	qtth	1	4
前提条件	qttj	1	4
全体同学	qttx	1	4
前提是	qtu	1	3
气头上	qtu	2	3
洽谈室	qtu	3	3
青铜时代	qtud	1	4
其他时间	qtuj	1	4
其他事情	qtuq	1	4
缺头少尾	qtuw	1	4
前天上午	qtuw	2	4
其他事项	qtux	1	4
擎天柱	qtv	1	3
群通知	qtv	2	3
穷途之哭	qtvk	1	4
青藤之恋	qtvl	1	4
擎天之柱	qtvv	1	4
前天中午	qtvw	1	4
前提之下	qtvx	1	4
全体职员	qtvy	1	4
祁同伟	qtw	2	3
千图网	qtw	3	3
清谈误国	qtwg	2	4
七天无理由退货	qtwh	1	4
气吞万里如虎	qtwh	2	4
七天无理由退款	qtwk	1	4
七天无理由退货退款	qtwk	2	4
其他问题	qtwt	1	4
前天晚上	qtwu	2	4
前途无限	qtwx	2	4
千挑万选	qtwx	3	4
全天无休	qtwx	4	4
七天无理由	qtwy	1	4
前提下	qtx	1	3
全天下	qtx	2	3
群头像	qtx	3	3
情同兄弟	qtxd	1	4
其他想法	qtxf	1	4
且听下回分解	qtxj	1	4
请听下回分解	qtxj	2	4
前天下午	qtxw	1	4
企图玄学	qtxx	2	4
其他信息	qtxx	3	4
其他选项	qtxx	4	4
强调一遍	qtyb	1	4
全体员工	qtyg	1	4
炁体源流	qtyl	1	4
其他因素	qtys	1	4
轻叹一声	qtyu	1	4
擎天一柱	qtyv	1	4
擎天玉柱	qtyv	2	4
洽谈业务	qtyw	1	4
其他一些	qtyx	1	4
其它一些	qtyx	2	4
其他原因	qtyy	1	4
前天早晨	qtzi	3	4
前天早上	qtzu	1	4
其实	qu	2	2
确实	qu	3	2
欺霜傲雪	quax	1	4
青石板	qub	2	3
潜水版	qub	3	3
求生不得	qubd	1	4
泉水蹦迪	qubd	2	4
求神拜佛	qubf	1	4
青山不改	qubg	2	4
请示报告	qubg	3	4
弃帅保车	qubi	1	4
糗事百科	qubk	3	4
求生不得求死不能	qubn	1	4
轻伤不下火线	qubx	2	4
请稍等	qud	2	3
轻声地	qud	3	3
牵涉到	qud	4	3
全市第二	qude	2	4
七十大寿	qudu	2	4
全市第一	qudy	2	4
气势大增	qudz	1	4
穷山恶水出刁民	quem	1	4
螓首蛾眉	quem	2	4
亲生儿子	quez	2	4
清水房	quf	1	3
全身发抖	qufd	1	4
全身发冷	qufl	1	4
穷山沟	qug	2	3
全手工	qug	3	3
全省各地	qugd	1	4
强势归来	qugl	2	4
亲属关系	qugx	1	4
秦始皇	quh	1	3
签售会	quh	2	3
请稍后	quh	3	3
请稍候	quh	4	3
抢手货	quh	5	3
全社会	quh	6	3
群山环抱	quhb	1	4
强势互补	quhb	2	4
强势回归	quhg	1	4
其实还是	quhu	1	4
其实还有	quhy	1	4
牵手成功	quig	1	4
全身赤裸	quil	1	4
清水出芙蓉	quir	1	4
七十出头	quit	1	4
全世界	quj	2	3
抢时间	quj	3	3
七十几	quj	4	3
祈使句	quj	5	3
起始键	quj	6	3
全世界的	qujd	1	4
切实解决	qujj	1	4
气数将尽	qujj	2	4
其实就是	quju	3	4
前世界纪录保持者	qujv	1	4
请收看	quk	2	3
情深伉俪	qukl	1	4
确实可以	quky	1	4
其实可以	quky	2	4
启示录	qul	1	3
确实厉害	qulh	1	4
强手裂颅	qull	1	4
情商拉满	qulm	2	4
全身力气	qulq	2	4
墙上芦苇	qulw	1	4
前十名	qum	2	3
牵涉面	qum	3	3
巧施妙计	qumj	1	4
亲生母亲	qumq	2	4
确实没有	qumy	2	4
其实没有	qumy	3	4
全身麻醉	qumz	2	4
青少年	qun	1	3
寝食难安	quna	1	4
确实牛逼	qunb	1	4
雀实牛逼	qunb	2	4
其势难当	qund	2	4
亲生女儿	qune	1	4
其实那个	qung	1	4
千山鸟飞绝	qunj	1	4
七十年前	qunq	1	4
青少年模式	qunu	1	4
群视频	qup	2	3
气势磅礴	qupb	1	4
全身皮肤	qupf	1	4
强势品种	qupv	1	4
翘首盼望	qupw	1	4
泉水泡澡	qupz	1	4
钱生钱	quq	2	3
翘首期盼	quqp	1	4
全始全终	quqv	1	4
请输入文本	qurb	1	4
确实如此	qurc	1	4
其实如果	qurg	1	4
请神容易送神难	qurn	2	4
强手如云	qury	1	4
七十岁	qus	2	3
亲生孙女	qusn	1	4
欺霜赛雪	qusx	1	4
亲生孙子	qusz	1	4
潜水艇	qut	2	3
切实提高	qutg	1	4
亲身体会	quth	2	4
全身体检	qutj	3	4
全是套路	qutl	1	4
全省天气	qutq	1	4
全身投入	qutr	1	4
亲身体验	quty	1	4
确实是	quu	2	3
其实是	quu	3	3
齐刷刷	quu	4	3
怯生生	quu	5	3
轻声识别	quub	1	4
钱少事多	quud	1	4
齐刷刷地	quud	2	4
情深深雨濛濛	quum	1	4
全盛时期	quuq	1	4
全胜时期	quuq	2	4
请神上身	quuu	2	4
其实是因为	quuw	1	4
全身上下	quux	1	4
其实是要	quuy	1	4
其实是有	quuy	2	4
求生者	quv	2	3
栖身之地	quvd	1	4
缺少证据	quvj	1	4
求生之路	quvl	1	4
七十周年	quvn	1	4
其实只是	quvu	2	4
雀鼠之争	quvv	1	4
其实只要	quvy	1	4
穷山窝	quw	2	3
求师问道	quwd	2	4
切实维护	quwh	1	4
情势危急	quwj	1	4
千树万树梨花开	quwk	1	4
全身无力	quwl	1	4
其实我们	quwm	1	4
气煞我也	quwy	2	4
秋收万颗子	quwz	1	4
全属性	qux	2	3
全身心	qux	3	3
前首相	qux	4	3
亲水性	qux	5	3
全身心地	quxd	1	4
请收下我的膝盖	quxg	1	4
全身心投入	quxr	1	4
前摄像头	quxt	2	4
气势雄伟	quxw	2	4
其实需要	quxy	3	4
其实现在	quxz	1	4
确实有	quy	2	3
求生欲	quy	3	3
潜水员	quy	4	3
翘舌音	quy	5	3
其实也不	quyb	1	4
其实一个	quyg	1	4
却是一个	quyg	2	4
气数已尽	quyj	1	4
求生欲拉满	quym	2	4
情深缘浅	quyq	2	4
求生欲望	quyw	1	4
切实有效	quyx	2	4
前世有缘	quyy	1	4
青山依旧在	quyz	1	4
亲生子女	quzn	1	4
强身自卫	quzw	1	4
群众	qv	1	2
其中	qv	2	2
气质	qv	3	2
全障碍交流	qval	1	4
群众安全	qvaq	1	4
前瞻版本	qvbb	1	4
气质不错	qvbc	1	4
其中不乏	qvbf	1	4
欠债不还	qvbh	1	4
其中包括	qvbk	2	4
牵着鼻子走	qvbz	1	4
牵着鼻子	qvbz	2	4
圈重点	qvd	1	3
铅中毒	qvd	2	3
起征点	qvd	3	3
群众的眼睛是雪亮的	qvdd	1	4
强者电量	qvdl	1	4
区政府	qvf	1	3
清政府	qvf	2	3
前政府	qvf	3	3
取值范围	qvfw	1	4
强者发型	qvfx	1	4
群众反映	qvfy	1	4
敲竹杠	qvg	1	3
全中国	qvg	2	3
强制高潮	qvgi	1	4
强中更有强中手	qvgu	1	4
强制更新	qvgx	2	4
群众工作	qvgz	1	4
千纸鹤	qvh	1	3
前中后	qvh	2	3
强者画风	qvhf	1	4
前瞻后顾	qvhg	1	4
欠账还钱	qvhq	2	4
秦砖汉瓦	qvhw	1	4
清障车	qvi	1	3
驱逐出境	qvij	1	4
骑着车子	qviz	1	4
请指教	qvj	1	3
驱逐舰	qvj	2	3
起重机	qvj	3	3
全职家丁	qvjd	2	4
其中几个	qvjg	1	4
群众疾苦	qvjk	1	4
青轴键盘	qvjp	1	4
强制记忆	qvjy	1	4
千兆宽带	qvkd	1	4
驱逐令	qvl	1	3
强制力	qvl	2	3
权志龙	qvl	3	3
群众来访	qvlf	1	4
其中两个	qvlg	1	4
骑着驴找驴	qvll	1	4
全职猎人	qvlr	1	4
群众里面有坏人	qvlr	2	4
其中两位	qvlw	1	4
清蒸鲈鱼	qvly	2	4
骑着毛驴看唱本	qvmb	1	4
清朝末年	qvmn	1	4
其中某些	qvmx	1	4
群众满意	qvmy	1	4
却只能	qvn	1	3
青壮年	qvn	2	3
弃之脑后	qvnh	1	4
轻装前进	qvqj	1	4
且战且退	qvqt	1	4
前朱雀后玄武	qvqw	1	4
圈中人	qvr	1	3
弃之如敝屣	qvrx	1	4
强者如云	qvry	1	4
清真寺	qvs	1	3
屈指算来	qvsl	1	4
七政四余	qvsy	1	4
穷折腾	qvt	1	3
全站推广	qvtg	1	4
强制退出	qvti	1	4
强制退场	qvti	2	4
全职太太	qvtt	1	4
群众团体	qvtt	2	4
岂止是	qvu	1	3
泉州市	qvu	2	3
牵着手	qvu	3	3
钱钟书	qvu	4	3
群助手	qvu	5	3
球状闪电	qvud	1	4
强制手段	qvud	2	4
抢占市场	qvui	1	4
起止时间	qvuj	1	4
前置摄像头	qvut	1	4
缺肢少腿	qvut	2	4
求职者	qvv	1	3
群众中	qvv	2	3
强制征兵	qvvb	1	4
全职主妇	qvvf	1	4
强制榨精	qvvj	1	4
求职招聘	qvvp	1	4
切指之痛	qvvt	1	4
强者之运	qvvy	2	4
球状物	qvw	1	3
全中文	qvw	2	3
千兆网	qvw	3	3
群众文化	qvwh	1	4
千宅万户	qvwh	2	4
取之无尽	qvwj	1	4
千兆网络	qvwl	1	4
强者为王	qvww	1	4
曲折蜿蜒	qvwy	1	4
强制性	qvx	1	3
前瞻性	qvx	2	3
求职信	qvx	3	3
群众性	qvx	4	3
请知悉	qvx	5	3
群众信访	qvxf	1	4
抢占先机	qvxj	1	4
强装笑脸	qvxl	1	4
趋众心理	qvxl	2	4
欺诈行为	qvxw	1	4
气滞血瘀	qvxy	1	4
强直性脊柱炎	qvxy	2	4
请注意	qvy	1	3
其中有	qvy	2	3
求知欲	qvy	3	3
求助于	qvy	4	3
取之于	qvy	5	3
晴转阴	qvy	6	3
取之有道	qvyd	2	4
其中一个	qvyg	1	4
奇珍异果	qvyg	2	4
取之于蓝	qvyl	1	4
取之于蓝而胜于蓝	qvyl	2	4
掐指一算	qvys	2	4
轻舟已过万重山	qvyu	2	4
其中有诈	qvyv	1	4
其中一种	qvyv	2	4
其中一位	qvyw	1	4
求知欲望	qvyw	2	4
其中一些	qvyx	1	4
琼枝玉叶	qvyy	1	4
群众演员	qvyy	2	4
前阵子	qvz	1	3
牵着走	qvz	2	3
强中自有强中手	qvzu	1	4
枪支自由	qvzy	2	4
千万	qw	1	2
前往	qw	2	2
请问	qw	3	2
趣味盎然	qwar	1	4
前五百	qwb	1	3
翘尾巴	qwb	2	3
七歪八倒	qwbd	1	4
请勿泊车	qwbi	1	4
千万不可	qwbk	1	4
权威部门	qwbm	2	4
千万不能	qwbn	2	4
全文背诵	qwbs	1	4
千万不要	qwby	1	4
前往参观	qwcg	1	4
轻微地	qwd	1	3
强无敌	qwd	2	3
请勿打扰	qwdr	1	4
权威地位	qwdw	1	4
弃我而去	qweq	1	4
千万分	qwf	1	3
全微分	qwf	2	3
千万粉丝	qwfs	1	4
全网封锁	qwfs	2	4
全网封杀	qwfu	1	4
穷文富武	qwfw	2	4
千万分之一	qwfy	2	4
千万个	qwg	1	3
全文公布	qwgb	1	4
前无古人，后无来者	qwgv	1	4
前无古人后无来者	qwgv	2	4
轻微骨折	qwgv	3	4
前挽后推	qwht	1	4
情为何物	qwhw	1	4
请勿触摸	qwim	1	4
群文件	qwj	1	3
潜望镜	qwj	2	3
气温计	qwj	3	3
权威机构	qwjg	1	4
请勿进入	qwjr	1	4
全文检索	qwjs	1	4
千万记住	qwjv	1	4
情未了	qwl	1	3
全文链接	qwlj	1	4
去外面	qwm	1	3
前五名	qwm	2	3
请勿模仿	qwmf	1	4
权威媒体	qwmt	1	4
情为民所系	qwmx	1	4
权为民所用	qwmy	1	4
前五年	qwn	1	3
期望能够	qwng	1	4
起舞弄清影	qwny	1	4
轻武器	qwq	1	3
驱蚊器	qwq	2	3
请勿入内	qwrn	1	4
秦王绕柱	qwrv	1	4
全文如下	qwrx	1	4
全网通	qwt	1	3
曲婉婷	qwt	2	3
七位数	qwu	1	3
轻微伤	qwu	2	3
千瓦时	qwu	3	3
全网首播	qwub	1	4
全网首发	qwuf	1	4
权威说法	qwuf	2	4
区委书记	qwuj	1	4
全网首杀	qwuu	1	4
全无声息	qwux	2	4
期望值	qwv	1	3
权威专家	qwvj	1	4
勤王之师	qwvu	1	4
千万注意	qwvy	2	4
权威性	qwx	1	3
趣味性	qwx	2	3
趣味相投	qwxt	2	4
千万小心	qwxx	1	4
请勿吸烟	qwxy	1	4
全文下载	qwxz	1	4
千万要	qwy	1	3
千万元	qwy	2	3
全文阅读	qwyd	1	4
请问有什么可以帮到您的吗	qwym	1	4
奇闻轶事	qwyu	2	4
趣闻轶事	qwyu	3	4
请问一下	qwyx	1	4
千万要小心	qwyx	2	4
千万要注意	qwyy	1	4
情绪	qx	2	2
清晰	qx	3	2
取消	qx	4	2
清心安神	qxau	1	4
全新版本	qxbb	1	4
情绪波动	qxbd	1	4
全险半挂	qxbg	1	4
情绪变化	qxbh	2	4
情绪崩溃	qxbk	1	4
全线崩溃	qxbk	2	4
取象比类	qxbl	1	4
其心必异	qxby	1	4
穷秀才	qxc	1	3
群相册	qxc	2	3
亲兄弟	qxd	1	3
清晰度	qxd	2	3
栖息地	qxd	3	3
倾斜度	qxd	4	3
全校第二	qxde	1	4
全县第二	qxde	2	4
情绪低落	qxdl	1	4
庆幸的是	qxdu	1	4
亲兄弟明算账	qxdv	1	4
全校第一	qxdy	1	4
全县第一	qxdy	2	4
取消订阅	qxdy	3	4
娶媳妇	qxf	1	3
权限分配	qxfp	1	4
抢先发售	qxfu	1	4
权限狗	qxg	1	3
情绪高昂	qxga	1	4
全线贯通	qxgt	1	4
情绪高涨	qxgv	2	4
取消关注	qxgv	3	4
潜心贯注	qxgv	4	4
情绪化	qxh	1	3
抢险车	qxi	1	3
取消成绩	qxij	1	4
七夕节	qxj	1	3
强心剂	qxj	2	3
七星级	qxj	3	3
气象局	qxj	4	3
情绪激昂	qxja	1	4
情绪激动	qxjd	2	4
曲线积分	qxjf	1	4
曲线救国	qxjg	1	4
敲响警钟	qxjv	2	4
前线记者	qxjv	3	4
强行加戏	qxjx	3	4
其心可鉴	qxkj	2	4
权限控制	qxkv	2	4
情绪控制	qxkv	3	4
取消了	qxl	2	3
气血两燔	qxlf	1	4
全新理念	qxln	1	4
七旬老人	qxlr	1	4
求新立异	qxly	2	4
去心邻域	qxly	3	4
亲兄妹	qxm	1	3
曲线美	qxm	2	3
前些年	qxn	1	3
七仙女	qxn	2	3
千禧年	qxn	3	3
潜形匿迹	qxnj	1	4
全新内容	qxnr	1	4
卡西欧	qxo	1	3
全心全意为人民服务	qxqw	1	4
且行且珍惜	qxqx	2	4
前些日	qxr	1	3
其臭如兰	qxrl	1	4
清醒认识	qxru	2	4
枪响人亡	qxrw	1	4
前些日子	qxrz	1	4
钱学森	qxs	1	3
钱学森弹道	qxsd	1	4
前些天	qxt	1	3
曲线图	qxt	2	3
气象台	qxt	3	3
全系统	qxt	4	3
前胸贴后背	qxtb	1	4
全线通车	qxti	1	4
弃械投降	qxtj	2	4
清醒头脑	qxtn	1	4
全线投入	qxtr	1	4
清新脱俗	qxts	1	4
情绪调整	qxtv	1	4
群系统消息	qxtx	1	4
全息投影	qxty	1	4
抢先体验	qxty	2	4
全新体验	qxty	3	4
轻小说	qxu	2	3
气血双补	qxub	1	4
情绪失控	qxuk	1	4
气血失调	qxut	1	4
全校师生	qxuu	1	4
权限设置	qxuv	1	4
强心针	qxv	1	3
气象站	qxv	2	3
潜行者	qxv	3	3
裙下之臣	qxvi	2	4
求学之路	qxvl	2	4
潜心专研	qxvy	1	4
轻型握把	qxwb	1	4
情绪稳定	qxwd	1	4
求学问道	qxwd	2	4
气息微弱	qxwr	1	4
倾向性	qxx	2	3
群消息	qxx	3	3
气汹汹	qxx	4	3
气吁吁	qxx	5	3
情绪宣泄	qxxx	1	4
倾向于	qxy	1	3
缺心眼	qxy	2	3
趋向于	qxy	3	3
潜心于	qxy	4	3
七选一	qxy	5	3
抢先一步	qxyb	1	4
曲线运动	qxyd	2	4
清晰易懂	qxyd	3	4
潜心研究	qxyj	1	4
谦逊有礼	qxyl	1	4
七星娱乐	qxyl	2	4
起星欲了	qxyl	3	4
起性欲了	qxyl	4	4
轻笑一声	qxyu	2	4
请选择	qxz	1	3
清新自然	qxzr	1	4
请选择你的英雄	qxzx	1	4
潜心钻研	qxzy	1	4
其余	qy	2	2
企业	qy	3	2
前一百	qyb	1	3
去一边	qyb	2	3
七月半	qyb	3	3
晴雨表	qyb	4	3
气压表	qyb	5	3
企业版	qyb	6	3
其余部分	qybf	2	4
七晕八拐	qybg	1	4
权益保护	qybh	1	4
青眼白龙	qybl	1	4
奇异博士	qybu	2	4
欺压百姓	qybx	1	4
跫音不响	qybx	2	4
前言不搭后语	qyby	2	4
乔伊波伊	qyby	3	4
前一次	qyc	1	3
全一册	qyc	2	3
去也匆匆	qycc	1	4
确有此事	qycu	1	4
企业财务	qycw	1	4
弃医从文	qycw	2	4
轻易地	qyd	1	3
前一段	qyd	2	3
前一段时间	qydj	1	4
区域代理	qydl	1	4
企业单位	qydw	1	4
全员恶人	qyer	1	4
七月份	qyf	1	3
企业法	qyf	2	3
全音符	qyf	3	3
全员发挥	qyfh	2	4
曲意奉承	qyfi	1	4
轻言放弃	qyfq	1	4
轻易放弃	qyfq	2	4
牵一发而动全身	qyfu	2	4
轻易放手	qyfu	3	4
企业发展	qyfv	1	4
曲意奉迎	qyfy	2	4
前一个	qyg	1	3
奇异果	qyg	2	3
签约国	qyg	3	3
前摇过长	qygi	1	4
企业改制	qygv	2	4
奇言怪语	qygy	1	4
抢银行	qyh	1	3
群英会	qyh	2	3
全运会	qyh	3	3
区域化	qyh	4	3
企业化	qyh	5	3
氢氧化	qyh	6	3
犬夜叉	qyi	1	3
牵引车	qyi	2	3
情与仇	qyi	3	3
却已经	qyj	1	3
企业家	qyj	2	3
千元机	qyj	3	3
汽油机	qyj	4	3
企业级	qyj	5	3
奇遇记	qyj	6	3
群邮件	qyj	7	3
亲眼见到	qyjd	2	4
前一阶段	qyjd	3	4
企业级理解	qyjj	2	4
起夜急李姐	qyjj	3	4
全员加速	qyjs	1	4
企业精神	qyju	3	4
契约精神	qyju	4	4
亲眼见证	qyjv	1	4
全员禁言	qyjy	1	4
亲眼看到	qykd	1	4
亲眼看见	qykj	1	4
青一块紫一块	qykk	1	4
其言可恕	qyku	2	4
请原谅	qyl	1	3
强有力	qyl	2	3
牵引力	qyl	3	3
轻移莲步	qylb	1	4
企业老板	qylb	2	4
企业利润	qylr	1	4
请原谅我	qylw	1	4
气阴两虚	qylx	1	4
群友们	qym	1	3
千亿美元	qymy	1	4
区域内	qyn	1	3
全员内鬼	qyng	1	4
企业年金	qynj	1	4
奇痒难耐	qynn	2	4
奇痒难忍	qynr	1	4
强硬派	qyp	1	3
前一排	qyp	2	3
趋于平衡	qyph	1	4
企业破产	qypi	1	4
欠一屁股债	qypv	1	4
欠一屁股账	qypv	2	4
瞧一瞧	qyq	1	3
敲一敲	qyq	2	3
亲一亲	qyq	3	3
千与千寻	qyqx	1	4
千余人	qyr	1	3
前一日	qyr	2	3
妾意如棉	qyrm	1	4
企业融资	qyrz	1	4
清一色	qys	1	3
青一色	qys	2	3
亲眼所见	qysj	1	4
穷源溯流	qysl	1	4
前一天	qyt	2	3
亲友团	qyt	3	3
汽油桶	qyt	4	3
曲艺团	qyt	5	3
强硬态度	qytd	1	4
窃玉偷香	qytx	1	4
潜意识	qyu	2	3
请愿书	qyu	3	3
七言诗	qyu	4	3
轻易上当	qyud	1	4
缺衣少吃	qyui	1	4
潜意识里	qyul	1	4
迁延时日	qyur	1	4
区域生态	qyut	1	4
潜意识中	qyuv	1	4
请以实物为准	qyuv	2	4
七月十五	qyuw	1	4
前一阵	qyv	1	3
前一种	qyv	2	3
前沿阵地	qyvd	1	4
企业状况	qyvk	1	4
祛瘀止痛	qyvt	1	4
企业证书	qyvu	3	4
气压中心	qyvx	1	4
前一阵子	qyvz	1	4
窃以为	qyw	1	3
趋于稳定	qywd	1	4
全员卧底	qywd	2	4
企业文化	qywh	2	4
企业微信	qywx	1	4
起疑心	qyx	1	3
请允许	qyx	2	3
区域性	qyx	3	3
群邮箱	qyx	4	3
犬牙相错	qyxc	1	4
青眼相加	qyxj	1	4
琼瑶小说	qyxu	1	4
犬牙相制	qyxv	2	4
请允许我	qyxw	1	4
起源于	qyy	1	3
其原因	qyy	2	3
去意已定	qyyd	1	4
穷于应付	qyyf	1	4
取悦于民	qyym	1	4
求爷爷告奶奶	qyyn	1	4
其言也善	qyyu	1	4
犬牙鹰爪	qyyv	1	4
企业邮箱	qyyx	1	4
其义自见	qyzj	1	4
企业责任	qyzr	1	4
区域自治	qyzv	1	4
亲自	qz	1	2
妻子	qz	2	2
裙子	qz	3	2
签字笔	qzb	1	3
弃卒保车	qzbi	1	4
启奏陛下	qzbx	1	4
亲自操刀	qzcd	1	4
亲自参加	qzcj	1	4
全自动	qzd	1	3
亲自到场	qzdi	1	4
亲自动手	qzdu	1	4
穷则独善其身	qzdu	2	4
亲自督阵	qzdv	1	4
枪子儿	qze	1	3
妻子儿女	qzen	1	4
群租房	qzf	1	3
亲自负责	qzfz	1	4
勤杂工	qzg	1	3
潜在顾客	qzgk	1	4
签字盖章	qzgv	1	4
亲子关系	qzgx	1	4
青藏高原	qzgy	1	4
启奏皇上	qzhu	1	4
签字画押	qzhy	1	4
强作欢颜	qzhy	2	4
千足虫	qzi	1	3
亲子鉴定	qzjd	1	4
潜在客户	qzkh	1	4
圈子里	qzl	1	3
前总理	qzl	2	3
潜在力量	qzll	1	4
权责明确	qzmq	1	4
穷在闹市无人问	qznw	1	4
亲自陪同	qzpt	1	4
浅紫色	qzs	1	3
前总统	qzt	1	3
亲自指挥	qzvh	1	4
轻罪重判	qzvp	1	4
弃子争先	qzvx	1	4
千字文	qzw	1	3
潜在危机	qzwj	1	4
潜在危险	qzwx	1	4
潜在性	qzx	1	3
骑自行车	qzxi	1	4
擒贼先擒王	qzxw	1	4
起作用	qzy	1	3
潜在用户	qzyh	1	4
蜷作一团	qzyt	1	4
前奏一响	qzyx	2	4
热爱	ra	1	2
热爱国家	ragj	1	4
热爱工作	ragz	1	4
热爱和平	rahp	1	4
热爱家乡	rajx	1	4
热爱劳动	rald	1	4
热爱人民	rarm	1	4
热爱生活	rauh	1	4
仁爱之心	ravx	1	4
热爱祖国	razg	1	4
日本	rb	1	2
日报表	rbb	1	3
容不得	rbd	1	3
日本队	rbd	2	3
朊病毒	rbd	3	3
入不抵出	rbdi	1	4
容不得人	rbdr	1	4
日本帝国主义	rbdy	1	4
揉不得沙子	rbdz	1	4
热备份	rbf	1	3
人不犯我，我不犯人	rbfr	1	4
人不犯我	rbfw	1	4
日本国	rbg	1	3
绕不过来	rbgl	1	4
绕不过去	rbgq	1	4
日本鬼子	rbgz	1	4
日本海	rbh	1	3
人比花娇	rbhj	1	4
日本和牛	rbhn	1	4
人比黄花瘦	rbhu	1	4
认不出	rbi	1	3
认不出来	rbil	1	4
日本沉没	rbim	1	4
日本进口	rbjk	1	4
若不及时	rbju	1	4
人不可貌相，海水不可斗量	rbkl	1	4
人不可貌相	rbkx	1	4
忍不了	rbl	1	3
饶不了	rbl	2	3
弱爆了	rbl	3	3
日不落	rbl	4	3
然并卵	rbl	5	3
软暴力	rbl	6	3
仍不乐观	rblg	1	4
日不落帝国	rblg	2	4
饶不了你	rbln	1	4
仍保留着	rblv	1	4
日本麻将	rbmj	1	4
若不能	rbn	1	3
仍不能	rbn	2	3
惹不起	rbq	1	3
热兵器	rbq	2	3
认不清	rbq	3	3
肉便器	rbq	4	3
仍不清楚	rbqi	1	4
惹不起还躲不起吗	rbqm	1	4
人不轻狂枉少年	rbqn	1	4
惹不起我还躲不起	rbqq	1	4
日本人	rbr	1	3
让不让	rbr	2	3
人不人鬼不鬼	rbrg	1	4
人不人，鬼不鬼	rbrg	2	4
让不让人	rbrr	1	4
人比人气死人	rbrr	2	4
认不认识	rbru	1	4
容不容易	rbry	1	4
让别人无路可走	rbrz	1	4
乳白色	rbs	1	3
日本天皇	rbth	1	4
若不是	rbu	1	3
仍不是	rbu	2	3
软笔书法	rbuf	1	4
日本首相	rbux	1	4
忍不住	rbv	1	3
肉搏战	rbv	2	3
软包装	rbv	3	3
人不知鬼不觉	rbvj	1	4
忍不住了	rbvl	1	4
如臂指使	rbvu	1	4
人不知而不愠	rbvy	2	4
人不为己，天诛地灭	rbwm	1	4
容不下	rbx	1	3
忍不下	rbx	2	3
日不暇给	rbxj	1	4
人不像人	rbxr	1	4
揉不下沙子	rbxz	1	4
日本语	rby	1	3
肉包子	rbz	1	3
肉饼子	rbz	2	3
肉包子打狗	rbzg	1	4
人不走时	rbzu	1	4
如此	rc	2	2
人才	rc	3	2
人材辈出	rcbi	2	4
如此灿烂	rccl	1	4
如此才能	rccn	1	4
人才档案	rcda	1	4
如此地步	rcdb	1	4
如此大胆	rcdd	2	4
如此动人	rcdr	1	4
人才队伍	rcdw	1	4
人才待遇	rcdy	1	4
如此恶毒	rced	1	4
如此恶劣	rcel	1	4
如此反复	rcff	1	4
人参果	rcg	1	3
如此规模	rcgm	1	4
如此感人	rcgr	1	4
如此关心	rcgx	1	4
人才公寓	rcgy	1	4
人才荟萃	rchc	1	4
如此辉煌	rchh	1	4
如此害怕	rchp	1	4
人才储备	rcib	1	4
如此成功	rcig	2	4
人才建设	rcju	1	4
容错机制	rcjv	1	4
人才库	rck	1	3
如此肯定	rckd	2	4
如此可见	rckj	1	4
如此快乐	rckl	2	4
如此困难	rckn	1	4
如此可怕	rckp	1	4
如此宽容	rckr	1	4
如此渴望	rckw	1	4
如此开心	rckx	1	4
如此了得	rcld	2	4
人才流失	rclu	2	4
容错码	rcm	1	3
如此美好	rcmh	1	4
如此漫长	rcmi	1	4
如此美妙	rcmm	1	4
惹草拈花	rcnh	1	4
软磁盘	rcp	1	3
如此平淡	rcpd	1	4
如此平凡	rcpf	1	4
如此漂亮	rcpl	1	4
人才培训	rcpx	1	4
人才强国	rcqg	1	4
认错人	rcr	1	3
如此热情	rcrq	1	4
认错态度	rctd	1	4
如此痛苦	rctk	1	4
如此突然	rctr	1	4
如此体贴	rctt	1	4
如此甚好	rcuh	1	4
如此之	rcv	1	3
如此之多	rcvd	1	4
如此之大	rcvd	2	4
如此之高	rcvg	1	4
如此之好	rcvh	1	4
冗词赘句	rcvj	2	4
如此之快	rcvk	1	4
如此之深	rcvu	1	4
如此往复	rcwf	1	4
人材外流	rcwl	2	4
如此完美	rcwm	1	4
如此温暖	rcwn	1	4
人才选拔	rcxb	2	4
如此幸福	rcxf	1	4
如此喜欢	rcxh	1	4
如此下去	rcxq	1	4
如此形容	rcxr	1	4
人才信息	rcxx	1	4
如此下作	rcxz	1	4
人菜瘾大	rcyd	1	4
如此一番	rcyf	1	4
人才引进	rcyj	1	4
如此用心	rcyx	1	4
人才资源	rczy	1	4
人的	rd	1	2
扔到	rd	2	2
弱点	rd	3	2
热度不减	rdbj	1	4
荣登榜首	rdbu	1	4
肉嘟嘟	rdd	1	3
任督二脉	rdem	1	4
热带风暴	rdfb	1	4
燃灯古佛	rdgf	1	4
惹的祸	rdh	1	3
人多好干活	rdhh	1	4
人大会议	rdhy	1	4
人道酬诚	rdii	1	4
人道酬善	rdiu	1	4
人大常委	rdiw	1	4
让大家	rdj	1	3
入党积极分子	rdjz	1	4
热得快	rdk	1	3
肉豆蔻	rdk	2	3
日德兰	rdl	1	3
人多力量大	rdld	1	4
人大立法	rdlf	1	4
认倒霉	rdm	1	3
认定目标	rdmb	1	4
人都麻了	rdml	1	4
瑞典人	rdr	1	3
人淡如菊	rdrj	1	4
人多热闹	rdrn	1	4
人大提案	rdta	1	4
人大通过	rdtg	1	4
人多事烦	rduf	1	4
人单势孤	rdug	1	4
入党申请	rduq	1	4
认定事实	rduu	2	4
入党申请书	rduu	3	4
认定手续	rdux	1	4
人多事杂	rduz	1	4
忍得住	rdv	1	3
热电站	rdv	2	3
人多智广	rdvg	1	4
认定为	rdw	1	3
人多为患	rdwh	1	4
软底鞋	rdx	1	3
人地相关	rdxg	1	4
热岛效应	rdxy	1	4
热带鱼	rdy	1	3
忍得一时之气	rdyq	1	4
惹得一身骚	rdys	1	4
热得要死	rdys	2	4
人的一生	rdyu	1	4
人多眼杂	rdyz	1	4
软刀子	rdz	1	3
软钉子	rdz	2	3
然而	re	2	2
日耳曼	rem	1	3
亻尔女子	renz	1	4
入耳式	reu	1	3
让二追三	revs	2	4
人而无信	rewx	1	4
染发剂	rfj	2	3
热风炉	rfl	1	3
热风枪	rfq	1	3
热辐射	rfu	2	3
润肤霜	rfu	3	3
乳房下垂	rfxi	1	4
日防夜防	rfyf	1	4
软饭硬吃	rfyi	4	4
日复一日，年复一年	rfyn	1	4
人贩子	rfz	2	3
如果	rg	2	2
如果把	rgb	1	3
软骨病	rgb	2	3
柔光布	rgb	3	3
如果不会	rgbh	1	4
如果不能	rgbn	1	4
如果不是	rgbu	2	4
如果不是这样	rgby	1	4
人格测试	rgcu	1	4
日光灯	rgd	1	3
柔光灯	rgd	2	3
如果大家	rgdj	1	4
人工费	rgf	1	3
人格分裂	rgfl	1	4
若干方面	rgfm	1	4
认购方式	rgfu	1	4
人工复审	rgfu	2	4
人工繁殖	rgfv	2	4
人工服务	rgfw	1	4
人格分析	rgfx	1	4
人工翻译	rgfy	1	4
若干个	rgg	1	3
软广告	rgg	2	3
热滚滚	rgg	3	3
荣归故里	rggl	1	4
人格高尚	rggu	1	4
人工湖	rgh	1	3
人格化	rgh	2	3
人工合成	rghi	1	4
人工成本	rgib	1	4
如果觉得	rgjd	1	4
认购价格	rgjg	1	4
如果仅仅	rgjj	1	4
人工客服	rgkf	1	4
人过留名	rglm	1	4
热干面	rgm	1	3
人格魅力	rgml	1	4
如果没有	rgmy	1	4
如果能	rgn	1	3
若干年	rgn	2	3
如果能够	rgng	2	4
若干年后	rgnh	1	4
如果你们	rgnm	1	4
若干年前	rgnq	1	4
如果你是	rgnu	1	4
如果你有	rgny	1	4
柔光屏	rgp	1	3
绕过去	rgq	1	3
扔过去	rgq	2	3
绕个圈	rgq	3	3
人鬼情未了	rgql	1	4
人格缺陷	rgqx	1	4
如果认为	rgrw	1	4
软骨头	rgt	1	3
人工台	rgt	2	3
如果他们	rgtm	1	4
如果他是	rgtu	1	4
如果他有	rgty	1	4
如果是	rgu	1	3
如果说	rgu	2	3
如果是这样的话	rguh	1	4
人鬼殊途	rgut	1	4
如果说是	rguu	2	4
热锅上的蚂蚁	rguy	1	4
如果是这样	rguy	2	4
如果实在	rguz	1	4
柔光罩	rgv	1	3
如果这都不算爱	rgva	1	4
如果这个	rgvg	1	4
弱冠之年	rgvn	2	4
如果只是	rgvu	1	4
人工智障	rgvv	1	4
如果这些	rgvx	1	4
如果只有	rgvy	1	4
如果这样	rgvy	2	4
如果我	rgw	1	3
弱国无外交	rgwj	1	4
如果我们	rgwm	1	4
如果我是	rgwu	1	4
如果想	rgx	1	3
柔光箱	rgx	2	3
如果需要	rgxy	1	4
如果想要	rgxy	2	4
人工选择	rgxz	1	4
如果现在	rgxz	2	4
人工心脏	rgxz	3	4
如果有	rgy	1	3
如果要	rgy	2	3
日光浴	rgy	3	3
如果一个	rgyg	1	4
若干意见	rgyj	1	4
人各有命	rgym	1	4
人贵有自知之明	rgym	2	4
人固有一死	rgys	1	4
如果要想	rgyx	1	4
日拱一卒	rgyz	3	4
日工资	rgz	1	3
认购资本	rgzb	1	4
如果自己	rgzj	1	4
人贵自立	rgzl	1	4
人工造林	rgzl	2	4
人格尊严	rgzy	1	4
如何	rh	2	2
任何	rh	3	2
然后	rh	4	2
然后被	rhb	2	3
任何办法	rhbf	1	4
任何变化	rhbh	1	4
如何才能	rhcn	1	4
如何操作	rhcz	1	4
任何地点	rhdd	1	4
任何地方	rhdf	1	4
任何的人	rhdr	1	4
任何的事	rhdu	2	4
任何东西	rhdx	1	4
任何方面	rhfm	1	4
任何方式	rhfu	1	4
任何关系	rhgx	1	4
软乎乎	rhh	2	3
热乎乎	rhh	3	3
人狠话不多	rhhd	1	4
日后好相见	rhhj	1	4
人还活着	rhhv	1	4
然后就	rhj	1	3
润滑剂	rhj	2	3
热乎劲	rhj	3	3
乳化剂	rhj	4	3
如何见得	rhjd	1	4
如何解决	rhjj	1	4
然后就没然后了	rhjl	1	4
然后就没有然后了	rhjl	2	4
然后就是	rhju	1	4
如何解释	rhju	2	4
任何建议	rhjy	1	4
入海口	rhk	1	3
如何看待	rhkd	2	4
熔化炉	rhl	2	3
如花美眷	rhmj	2	4
人海茫茫	rhmm	1	4
然后呢	rhn	2	3
如何呢	rhn	3	3
如何能够	rhng	1	4
如何评价	rhpj	1	4
任何情况下	rhqx	1	4
任何人	rhr	1	3
任何人的	rhrd	1	4
人和人之间	rhrj	1	4
如花似朵	rhsd	1	4
任何事	rhu	2	3
日环食	rhu	3	3
如何使得	rhud	1	4
人红事非多	rhud	2	4
任何时间	rhuj	1	4
任何时刻	rhuk	1	4
任何事情	rhuq	1	4
任何事物	rhuw	1	4
任何事项	rhux	1	4
人后受罪	rhuz	1	4
润滑脂	rhv	1	3
热火朝天	rhvt	1	4
如何掌握	rhvw	1	4
任何问题	rhwt	1	4
日后想起	rhxq	1	4
任何形式	rhxu	1	4
如花笑靥	rhxy	1	4
润滑油	rhy	1	3
润滑液	rhy	2	3
任何一次	rhyc	1	4
如何应对	rhyd	1	4
任何一方	rhyf	1	4
任何一个	rhyg	1	4
人活一口气	rhyq	1	4
任何一个人	rhyr	1	4
人活一世	rhyu	1	4
任何一种	rhyv	1	4
任何一位	rhyw	1	4
任何意义	rhyy	1	4
然后怎么办	rhzb	1	4
日后再说	rhzu	1	4
然后怎样	rhzy	1	4
日常	ri	2	2
认出	ri	3	2
日程安排	riap	1	4
日程表	rib	1	3
热插拔	rib	2	3
蠕虫病毒	ribd	1	4
人畜不分	ribf	2	4
日常办公	ribg	1	4
日常操作	ricz	1	4
热传导	rid	1	3
日出东方	ridf	1	4
日常对话	ridh	1	4
入场动画	ridh	2	4
入场费	rif	1	3
肉炒饭	rif	2	3
日常费用	rify	1	4
润唇膏	rig	1	3
日常活动	rihd	1	4
人车合一	rihy	1	4
入出境	rij	1	3
日出江花红胜火	rijh	1	4
日常检查	riji	2	4
日常交流	rijl	1	4
日常记录	rijl	2	4
人丑就要多读书	riju	2	4
日常交往	rijw	1	4
日常开支	rikv	1	4
认出来	ril	1	3
热处理	ril	2	3
日产量	ril	3	3
热潮列车	rili	3	4
认出来了	rill	1	4
入场券	riq	1	3
榕城区	riq	2	3
人传人	rir	1	3
人传人现象	rirx	1	4
人潮如涌	riry	1	4
日出三竿	risg	1	4
润肠通便	ritb	1	4
忍唱挑战	ritv	1	4
如潮水般	riub	1	4
日常生活中	riuv	1	4
日常事务	riuw	1	4
日常使用	riuy	1	4
日常支出	rivi	2	4
人畜无害	riwh	1	4
日常训练	rixl	1	4
日常行为	rixw	1	4
人潮汹涌	rixy	1	4
仍处于	riy	1	3
日常用品	riyp	1	4
绕场一周	riyv	2	4
日常业务	riyw	1	4
日长一线	riyx	1	4
人家	rj	2	2
如今	rj	3	2
日记本	rjb	2	3
软件部	rjb	3	3
软件包	rjb	4	3
人教版	rjb	5	3
热结膀胱	rjbg	1	4
人间悲剧	rjbj	2	4
人间百态	rjbt	1	4
任君采撷	rjcx	1	4
溶解度	rjd	1	3
软件发布	rjfb	1	4
人机分离	rjfl	1	4
人间凡品	rjfp	1	4
人均分配	rjfp	2	4
热加工	rjg	1	3
软件管家	rjgj	1	4
人际沟通	rjgt	1	4
软件工程师	rjgu	1	4
人剑合一	rjhy	1	4
人机合一	rjhy	2	4
人家孩子	rjhz	2	4
软件盒子	rjhz	3	4
人均产值	rjiv	1	4
软件产业	rjiy	1	4
人间极乐	rjjl	1	4
软件界面	rjjm	2	4
人均GDP	rjjp	1	4
人间极品	rjjp	2	4
人间绝色	rjjs	1	4
人际交往	rjjw	1	4
日久见人心	rjjx	1	4
软件漏洞	rjld	1	4
日渐临近	rjlj	1	4
人间冷暖	rjln	3	4
人均利润	rjlr	2	4
人间理想	rjlx	1	4
肉夹馍	rjm	2	3
仍将面临	rjml	1	4
日间模式	rjmu	1	4
人间美味	rjmw	3	4
软胶囊	rjn	2	3
软键盘	rjp	1	3
热结旁流	rjpl	1	4
乳胶漆	rjq	1	3
日进千金	rjqj	1	4
人见人爱花见花开	rjrk	1	4
软坚散结	rjsj	1	4
人间四月天	rjst	1	4
儒家思想	rjsx	1	4
热极生风	rjuf	1	4
人间失格	rjug	1	4
热极生寒	rjuh	2	4
软件市场	rjui	1	4
人均寿命	rjum	1	4
人均水平	rjup	1	4
日渐式微	rjuw	1	4
软件站	rjv	1	3
人间正道	rjvd	1	4
人间正道是沧桑	rjvs	1	4
人间真实	rjvu	2	4
儒家文化	rjwh	1	4
人敬我一尺	rjwi	1	4
日进万金	rjwj	1	4
软脚虾	rjx	2	3
日界线	rjx	3	3
人均消费	rjxf	1	4
人间仙境	rjxj	1	4
人间凶器	rjxq	1	4
儒家学说	rjxu	1	4
软件学院	rjxy	1	4
软件下载	rjxz	1	4
任君选择	rjxz	2	4
软件园	rjy	1	3
软件研发	rjyf	1	4
日精月华	rjyh	2	4
日就月将	rjyj	1	4
入境游客	rjyk	1	4
人机验证	rjyv	2	4
人间尤物	rjyw	1	4
热加载	rjz	1	3
人间自有真情在	rjzz	1	4
认可	rk	1	2
入口	rk	2	2
人口比例	rkbl	1	4
人口爆炸	rkbv	1	4
认可度	rkd	1	3
人口大国	rkdg	1	4
人口分布	rkfb	1	4
人口构成	rkgi	1	4
人口规模	rkgm	1	4
人口过剩	rkgu	1	4
瑞克和莫蒂	rkhd	1	4
入口处	rki	1	3
认可程度	rkid	1	4
人口稠密	rkim	1	4
人口结构	rkjg	1	4
人口基数	rkju	1	4
人口控制	rkkv	1	4
绕口令	rkl	1	3
人口流动	rkld	1	4
人口密度	rkmd	1	4
人口密集	rkmj	1	4
热空气	rkq	1	3
人口迁移	rkqy	1	4
人口锐减	rkrj	1	4
让开让开	rkrk	1	4
人口容量	rkrl	1	4
人口素质	rksv	1	4
热炕头	rkt	1	3
人口数	rku	1	3
人口数量	rkul	1	4
人口众多	rkvd	1	4
人口问题	rkwt	1	4
人口稀少	rkxu	1	4
人靠衣装马靠鞍	rkya	1	4
人口压力	rkyl	1	4
人靠衣装	rkyv	1	4
人口总数	rkzu	1	4
人口资源	rkzy	1	4
人类	rl	1	2
热烈	rl	2	2
认了吧	rlb	1	3
燃料舱	rlc	1	3
人力财力	rlcl	1	4
人类的伟大就是勇气的伟大	rldd	2	4
人类的赞歌是勇气的赞歌	rldg	1	4
人类的悲欢并不相通	rldt	1	4
如来佛	rlf	1	3
弱柳扶风	rlff	1	4
如来佛祖	rlfz	1	4
人类返祖	rlfz	2	4
日了狗	rlg	1	3
人类公敌	rlgd	1	4
热浪滚滚	rlgg	1	4
日了狗了	rlgl	1	4
热力公司	rlgs	1	4
热辣滚烫	rlgt	1	4
热烈鼓掌	rlgv	1	4
人类高质量男性	rlgx	1	4
人老花黄	rlhh	1	4
人力车	rli	1	3
人力成本	rlib	1	4
人老成精	rlij	1	4
人来车往	rliw	1	4
扔垃圾	rlj	1	3
人类进步	rljb	1	4
人类健康	rljk	1	4
饶了几圈	rljq	1	4
绕了几圈	rljq	2	4
人脸解锁	rljs	1	4
人类精神	rlju	1	4
人类极限	rljx	1	4
人流量	rll	1	3
人老了	rll	2	3
热辣辣	rll	3	3
日利率	rll	4	3
人类劳动	rlld	1	4
人类历史	rllu	1	4
人类历史上	rllu	2	4
人类命运共同体	rlmt	1	4
人类群星闪耀时	rlqu	1	4
热烈庆祝	rlqv	1	4
揉了揉	rlr	1	3
绕来绕去	rlrq	1	4
人流如织	rlrv	1	4
软懒散	rls	1	3
热脸贴冷屁股	rltg	1	4
让梨推枣	rltz	1	4
入殓师	rlu	1	3
人类世界	rluj	1	4
日落时间	rluj	2	4
肉类食品	rlup	1	4
扰乱视听	rlut	1	4
如来神掌	rluv	1	4
热恋中	rlv	1	3
热量炸弹	rlvd	1	4
热烈祝贺	rlvh	2	4
人力物力财力	rlwl	2	4
人类文明	rlwm	1	4
燃料箱	rlx	1	3
人类学	rlx	2	3
日落西沉	rlxi	1	4
人离乡贱	rlxj	1	4
人老心不老	rlxl	1	4
人力需求	rlxq	1	4
燃料油	rly	1	3
人类一败涂地	rlyd	1	4
绕了一圈	rlyq	1	4
绕了一大圈	rlyq	2	4
绕了一个大圈	rlyq	3	4
日来月往	rlyw	1	4
容量有限	rlyx	1	4
人类幼崽	rlyz	1	4
人们	rm	1	2
人民	rm	2	2
热门	rm	3	2
人民币	rmb	1	3
人面不知何处去	rmbq	1	4
人民财产	rmci	1	4
人们的	rmd	1	3
人民代表大会	rmdh	1	4
人没到齐	rmdq	1	4
热门单曲	rmdq	2	4
人民大会堂	rmdt	1	4
如蒙大赦	rmdu	1	4
人民大众	rmdv	1	4
人民当家作主	rmdv	2	4
热敏电阻	rmdz	1	4
惹麻烦	rmf	1	3
惹麻烦了	rmfl	1	4
人民共和国	rmgg	1	4
人脉关系	rmgx	1	4
热门货	rmh	1	3
人民军	rmj	1	3
容貌焦虑	rmjl	1	4
人民教师	rmju	1	4
人民教育	rmjy	1	4
入门课	rmk	1	3
入门课程	rmki	1	4
惹毛了	rml	1	3
人没了	rml	2	3
人麻了	rml	3	3
人民路	rml	4	3
人满了	rml	5	3
人民利益	rmly	1	4
软绵绵	rmm	1	3
容嬷嬷	rmm	2	3
绒毛膜	rmm	3	3
软媒魔方	rmmf	1	4
人民民主专政	rmmv	2	4
人民内部	rmnb	1	4
热门评论	rmpl	1	4
软木塞	rms	1	3
任命书	rmu	1	3
人们说	rmu	2	3
人马兽	rmu	3	3
软妹纸	rmv	1	3
入幕之宾	rmvb	1	4
人民网	rmw	1	3
热门微博	rmwb	1	4
人美心善	rmxu	1	4
日暮西山	rmxu	2	4
让梦想照进现实	rmxu	3	4
若没有	rmy	1	3
人民艺术家	rmyj	1	4
扰民有术	rmyu	2	4
软妹子	rmz	1	3
人马座	rmz	2	3
人民子弟兵	rmzb	2	4
人脉资源	rmzy	1	4
热门资源	rmzy	2	4
让你	rn	1	2
热闹	rn	2	2
忍耐	rn	3	2
容纳不下	rnbx	1	4
人挪活树挪死	rnhs	1	4
忍耐力	rnl	1	3
让你们	rnm	1	3
日你妈	rnm	2	3
日你麻痹	rnmb	1	4
日你妈逼	rnmb	2	4
日你妈的	rnmd	1	4
日你妹的	rnmd	2	4
让你满意	rnmy	1	4
让您满意	rnmy	2	4
日你奶奶	rnnn	1	4
若能如此	rnrc	1	4
热闹热闹	rnrn	1	4
如你所想	rnsx	1	4
如你所愿	rnsy	1	4
如您所愿	rnsy	2	4
任你挑选	rntx	1	4
惹你生气	rnuq	1	4
如你这般	rnvb	1	4
日内瓦	rnw	1	3
日内完成	rnwi	1	4
日你仙人板板	rnxb	1	4
日你先人板板	rnxb	2	4
日你爷爷	rnyy	1	4
弱女子	rnz	1	3
人品爆发	rpbf	1	4
人品低下	rpdx	1	4
人品过硬	rpgy	1	4
热平衡	rph	1	3
人皮合一	rphy	1	4
人怕出名	rpim	1	4
人品出众	rpiv	1	4
人怕出名猪怕壮	rpiv	2	4
日平均	rpj	1	3
软盘机	rpj	2	3
软趴趴	rpp	1	3
肉蒲团	rpt	1	3
日偏食	rpu	1	3
热膨胀	rpv	1	3
人品问题	rpwt	1	4
任凭宰割	rpzg	1	4
人群	rq	1	2
热情	rq	2	2
日期	rq	3	2
日前报道	rqbd	1	4
热情奔放	rqbf	1	4
热情帮助	rqbv	1	4
人气不旺	rqbw	1	4
热切地	rqd	1	3
软启动	rqd	2	3
日趋恶化	rqeh	1	4
日趋丰富	rqff	1	4
如蛆附骨	rqfg	1	4
人球分过	rqfg	2	4
热情粉丝	rqfs	1	4
人情风俗	rqfs	2	4
日前发生	rqfu	1	4
日前公布	rqgb	1	4
日趋规范	rqgf	1	4
热情关怀	rqgh	1	4
日前购买	rqgm	1	4
热情高涨	rqgv	1	4
人情关系	rqgx	1	4
人气火爆	rqhb	1	4
日前获得	rqhd	1	4
热情很高	rqhg	1	4
热情好客	rqhk	1	4
日趋合理	rqhl	1	4
日前获悉	rqhx	1	4
热情欢迎	rqhy	1	4
日趋成熟	rqiu	1	4
燃气具	rqj	1	3
日前举办	rqjb	1	4
热情接待	rqjd	1	4
人群健康	rqjk	1	4
日趋激烈	rqjl	1	4
日期计算	rqjs	1	4
如期举行	rqjx	1	4
日趋扩大	rqkd	1	4
热情开朗	rqkl	1	4
人情练达	rqld	1	4
燃起来了	rqll	1	4
如其名	rqm	1	3
人群密集	rqmj	1	4
人前卖弄	rqmn	1	4
日趋密切	rqmq	1	4
人气偶像	rqox	1	4
人气排行	rqph	1	4
日前披露	rqpl	1	4
热气球	rqq	1	3
日清日高	rqrg	1	4
如漆似胶	rqsj	1	4
日前透露	rqtl	1	4
日全食	rqu	1	3
日期时间	rquj	1	4
人情事理	rqul	1	4
如期实现	rqux	1	4
人群中	rqv	1	3
入侵者	rqv	2	3
人情债	rqv	3	3
日前召开	rqvk	1	4
人穷志不穷	rqvq	1	4
人情味	rqw	1	3
人气旺	rqw	2	3
如期完工	rqwg	1	4
如期完成	rqwi	1	4
人情往来	rqwl	1	4
人权问题	rqwt	1	4
日趋完善	rqwu	1	4
柔情无限	rqwx	1	4
人取我与	rqwy	1	4
日前宣布	rqxb	1	4
人前显贵	rqxg	1	4
融洽相处	rqxi	1	4
日趋下降	rqxj	1	4
认清形势	rqxu	1	4
人前显圣	rqxu	2	4
认清现实	rqxu	3	4
热切希望	rqxw	1	4
人前显贵，人后受罪	rqxz	1	4
日趋严重	rqyv	1	4
绕圈子	rqz	1	3
燃气灶	rqz	2	3
认清自己	rqzj	1	4
人气作品	rqzp	1	4
汝妻子吾养之	rqzv	1	4
让人	rr	2	2
仍然	rr	3	2
如若不成	rrbi	1	4
让人不解	rrbj	2	4
如若不肯	rrbk	1	4
仍然不能	rrbn	1	4
弱弱的	rrd	1	3
容忍度	rrd	2	3
人人都能	rrdn	1	4
人肉盾牌	rrdp	1	4
荣辱得失	rrdu	1	4
人人得而诛之	rrdv	1	4
融入段位	rrdw	1	4
让人担心	rrdx	1	4
让人烦	rrf	1	3
融入分段	rrfd	1	4
让人犯愁	rrfi	1	4
人若犯我，我必犯人	rrfr	1	4
人若犯我	rrfw	1	4
荣辱观	rrg	2	3
日入过百	rrgb	1	4
让人感到	rrgd	1	4
日入过千	rrgq	1	4
日入过万	rrgw	1	4
仍然会	rrh	1	3
人人喊打	rrhd	1	4
软弱涣散	rrhs	1	4
让人家	rrj	1	3
让人纠心	rrjx	1	4
仍然可以	rrky	1	4
热容量	rrl	1	3
惹人怜爱	rrla	1	4
让人唠一辈子	rrlz	1	4
让人们	rrm	1	3
仍然没有	rrmy	1	4
让人难以	rrny	1	4
柔弱女子	rrnz	1	4
扰人清梦	rrqm	2	4
忍辱求全	rrqq	1	4
人肉搜索	rrss	1	4
让人头痛	rrtt	1	4
仍然是	rru	1	3
人人生而平等	rrud	1	4
融入社会	rruh	1	4
冉冉升起	rruq	1	4
冉冉上升	rruu	1	4
让人失望	rruw	1	4
人人桌面	rrvm	2	4
惹人注意	rrvy	1	4
人人网	rrw	1	3
让人无法	rrwf	2	4
如入无人之境	rrwj	1	4
人人为我，我为人人	rrwr	1	4
人人为我	rrww	1	4
柔韧性	rrx	1	3
热入心包	rrxb	1	4
让人笑话	rrxh	1	4
柔软细腻	rrxn	1	4
让人心疼	rrxt	1	4
荣辱兴衰	rrxu	1	4
惹人厌	rry	1	3
如人愿	rry	2	3
人人有份	rryf	1	4
日入一千	rryq	1	4
任人鱼肉	rryr	1	4
人人影视	rryu	4	4
让人意外	rryw	1	4
日入一万	rryw	2	4
仍然在	rrz	2	3
人算不如天算	rsbs	1	4
人死不能复生	rsbu	2	4
热搜第一	rsdy	1	4
乳酸菌	rsj	2	3
热死了	rsl	1	3
软色情	rsq	1	3
人死如灯灭	rsrm	1	4
润色润色	rsrs	2	4
染色体	rst	1	3
热死我了	rswl	1	4
热塑性	rsx	2	3
让他	rt	1	2
如同	rt	2	2
让她	rt	3	2
如同白昼	rtbv	1	4
人体彩绘	rtch	1	4
如同登天	rtdt	1	4
如同地狱	rtdy	1	4
如同儿戏	rtex	1	4
肉体凡胎	rtft	1	4
认同感	rtg	1	3
人体工程	rtgi	1	4
人体工程学	rtgx	1	4
人体工学	rtgx	2	4
人体辉光	rthg	1	4
人体健康	rtjk	1	4
人体机能	rtjn	1	4
人体解剖	rtjp	1	4
人体科学	rtkx	1	4
人头落地	rtld	1	4
让他们	rtm	1	3
让她们	rtm	2	3
人头马	rtm	3	3
日他妈	rtm	4	3
人体模特	rtmt	1	4
人体内	rtn	1	3
乳头内陷	rtnx	1	4
热天气	rtq	1	3
人体器官	rtqg	1	4
如图所示	rtsu	1	4
如她所愿	rtsy	1	4
如他所愿	rtsy	2	4
热腾腾	rtt	1	3
任天堂	rtt	2	3
软塌塌	rtt	3	3
日吞吐量	rttl	1	4
人头税	rtu	1	3
如同筛糠	rtuk	1	4
人体摄影	rtuy	1	4
人体实验	rtuy	2	4
如他这般	rtvb	1	4
人体炸弹	rtvd	1	4
人体蜈蚣	rtwg	1	4
认同危机	rtwj	1	4
如汤沃雪	rtwx	1	4
人体细胞	rtxb	1	4
如听仙乐耳暂明	rtxm	1	4
人头汹涌	rtxy	1	4
如他意	rty	1	3
饶他一命	rtym	1	4
人体艺术	rtyu	1	4
人头攒动	rtzd	1	4
人体自燃	rtzr	1	4
人体组织	rtzv	1	4
乳头自慰	rtzw	1	4
认识	ru	2	2
人生	ru	3	2
人身安全	ruaq	1	4
人事部	rub	2	3
软设备	rub	3	3
认识不到	rubd	2	4
认识不久	rubj	1	4
人生不如意事十之八九	rubj	2	4
人声本家	rubj	3	4
人设崩了	rubl	2	4
人善被人欺	rubq	1	4
人生不言弃	rubq	2	4
人生百态	rubt	2	4
忍受不住	rubv	2	4
人事不醒	rubx	2	4
人手不足	rubz	2	4
认识不足	rubz	3	4
人身财产	ruci	2	4
认识错误	rucw	1	4
认识到	rud	1	3
燃烧弹	rud	2	3
热水袋	rud	3	3
人事档案	ruda	1	4
人生巅峰	rudf	2	4
人生得意须尽欢	rudh	3	4
忍受得了	rudl	1	4
人生道路	rudl	2	4
入室盗窃	rudq	1	4
认识的人	rudr	1	4
人生地不熟	rudu	1	4
人生导师	rudu	2	4
肉食动物	rudw	1	4
弱势地位	rudw	2	4
人生得意	rudy	1	4
人生得一知己足矣	rudy	2	4
入室弟子	rudz	1	4
如是而已	ruey	1	4
热伤风	ruf	2	3
人生奋斗	rufd	1	4
如数奉还	rufh	2	4
人声分离	rufl	2	4
人事分配	rufp	1	4
认识肤浅	rufq	1	4
肉身翻墙	rufq	2	4
如实反映	rufy	1	4
妊娠反应	rufy	2	4
人生观	rug	2	3
人事干部	rugb	1	4
人生规划	rugh	2	4
乳首高潮	rugi	1	4
人生轨迹	rugj	2	4
人生感慨	rugk	1	4
人事管理	rugl	1	4
仍是个谜	rugm	1	4
人神共怒	rugn	1	4
人生观念	rugn	2	4
人生感悟	rugw	1	4
人事关系	rugx	1	4
人事工作	rugz	2	4
热水壶	ruh	2	3
热升华	ruh	3	3
如实汇报	ruhb	1	4
人生何处不相逢	ruhf	1	4
人事处	rui	1	3
认识程度	ruid	1	4
肉身成圣	ruiu	2	4
人世间	ruj	2	3
人事局	ruj	3	3
让世界充满爱	ruja	1	4
瑞士军刀	rujd	1	4
如实交待	rujd	2	4
人生几何	rujh	1	4
人生经历	rujl	2	4
人生价值	rujv	2	4
人生苦短	rukd	1	4
人生坎坷	rukk	1	4
肉身开团	rukt	1	4
认识了	rul	1	3
软实力	rul	2	3
人生路	rul	3	3
认识论	rul	4	3
人生旅途	rult	1	4
人生路上	rulu	1	4
人生目标	rumb	1	4
惹上麻烦	rumf	2	4
认识模糊	rumh	1	4
人生梦想	rumx	1	4
人生难得	rund	1	4
人生难得一知己	runj	1	4
认识能力	runl	2	4
热水瓶	rup	1	3
肉食品	rup	2	3
人事培训	rupx	1	4
热水器	ruq	1	3
妊娠期	ruq	2	3
人傻钱多	ruqd	1	4
入室抢劫	ruqj	1	4
弱势群体	ruqt	1	4
人生七十古来稀	ruqx	1	4
人身权益	ruqy	2	4
人上人	rur	1	3
日事日毕	rurb	1	4
人生若只如初见	rurj	3	4
人生日历	rurl	1	4
人生如棋	rurq	1	4
认识认识	ruru	1	4
热身赛	rus	2	3
弱水三千只取一瓢饮	rusy	2	4
燃烧弹	rut	1	3
如上图	rut	2	3
人生态度	rutd	1	4
人是铁饭是钢	rutg	1	4
人生体验	ruty	1	4
如是说	ruu	2	3
认识上	ruu	3	3
人身伤害	ruuh	2	4
认识社会	ruuh	3	4
如数上交	ruuj	1	4
认识水平	ruup	1	4
弱水时砂	ruuu	3	4
人事时地物	ruuw	1	4
人生中	ruv	1	3
肉食者	ruv	2	3
如使指臂	ruvb	1	4
燃烧脂肪	ruvf	2	4
如受重击	ruvj	1	4
如实招来	ruvl	1	4
人生追求	ruvq	1	4
容身之所	ruvs	1	4
肉食主义者	ruvv	2	4
人事专员	ruvy	2	4
若是这样	ruvy	3	4
人谁无过	ruwg	1	4
人生无常	ruwi	1	4
燃烧我的卡路里	ruwl	1	4
认识问题	ruwt	1	4
人身威胁	ruwx	1	4
榕树下	rux	2	3
肉食性	rux	3	3
人寿险	rux	4	3
人生信念	ruxn	2	4
人手一本	ruyb	2	4
人手一份	ruyf	1	4
人生赢家	ruyj	3	4
人生阅历	ruyl	2	4
人数优势	ruyu	3	4
人是衣妆	ruyv	1	4
认识一下	ruyx	1	4
软柿子	ruz	2	3
热水澡	ruz	3	3
认识字	ruz	4	3
如实作答	ruzd	1	4
人生自古谁无死	ruzs	1	4
乳首自慰	ruzw	1	4
认真	rv	2	2
忍着	rv	3	2
仁者爱人	rvar	1	4
仁者爱山	rvau	1	4
入站必刷	rvbu	2	4
入驻B站	rvbv	1	4
肉中刺	rvc	1	3
任重才轻	rvcq	1	4
忍着点	rvd	1	3
认真地	rvd	2	3
扔炸弹	rvd	3	3
认真对待	rvdd	1	4
柔中带刚	rvdg	1	4
任职单位	rvdw	1	4
入驻抖音	rvdy	2	4
弱智儿童	rvet	1	4
任重而道远	rvey	1	4
认知范围	rvfw	1	4
认证服务	rvfw	2	4
认知功能	rvgn	1	4
入职合同	rvht	1	4
热者寒之	rvhv	1	4
认证产品	rvip	1	4
人至察则无徒	rvit	1	4
人之初，性本善	rviu	2	4
人至贱者无敌	rvjd	1	4
人之将死	rvjs	1	4
人之将死其言也善	rvju	1	4
人之将死，其言也善	rvju	2	4
仁者见仁智者见智	rvjv	1	4
仁者见仁，智者见智	rvjv	2	4
入站考核	rvkh	1	4
认真考虑	rvkl	1	4
入驻快手	rvku	1	4
软着陆	rvl	1	3
人中龙	rvl	2	3
人中吕布	rvlb	1	4
肉制品	rvp	1	3
乳制品	rvp	2	3
软重启	rvq	1	3
任职期间	rvqj	1	4
如琢如磨	rvrm	1	4
仁者人也	rvry	1	4
认真听取	rvtq	1	4
忍者神龟	rvug	1	4
认知障碍	rvva	1	4
入主中原	rvvy	1	4
绕着弯	rvw	1	3
仁者无敌	rvwd	1	4
认真完成	rvwi	1	4
人证物证	rvwv	1	4
绕着弯子	rvwz	1	4
认证系统	rvxt	2	4
日照香炉生紫烟	rvxy	1	4
热衷于	rvy	1	3
任职于	rvy	2	3
认真研究	rvyj	2	4
人争一口气	rvyq	1	4
仁者乐山	rvyu	1	4
人证一致	rvyv	1	4
绕着走	rvz	1	3
任职资格	rvzg	2	4
认真总结	rvzj	1	4
认真仔细	rvzx	1	4
让我	rw	1	2
认为	rw	2	2
任务	rw	3	2
攘外安内	rwan	1	4
任务安排	rwap	1	4
日文版	rwb	1	3
攘外必先安内	rwbn	1	4
人为地	rwd	1	3
人物等级	rwdj	1	4
任务道具	rwdj	2	4
人文地理	rwdl	1	4
人为刀俎，我为鱼肉	rwdr	1	4
让我独享经验	rwdy	1	4
人味儿	rwe	1	3
任务繁重	rwfv	1	4
让我访问	rwfw	1	4
人文关怀	rwgh	1	4
人往高处走，水往低处流	rwgl	1	4
任务管理器	rwgq	1	4
人为干扰	rwgr	1	4
人往高处走	rwgz	1	4
人物画	rwh	1	3
人无横财不富	rwhf	1	4
人文环境	rwhj	1	4
人文景观	rwjg	1	4
任务艰巨	rwjj	1	4
让我进入	rwjr	1	4
让我加入	rwjr	2	4
任务结束	rwju	1	4
人文精神	rwju	2	4
人物刻画	rwkh	1	4
让我看看	rwkk	1	4
让我康康	rwkk	2	4
让我来	rwl	1	3
任务栏	rwl	2	3
任务落实	rwlu	1	4
让我们	rwm	1	3
任务目标	rwmb	1	4
让我难以	rwny	1	4
人为破坏	rwph	1	4
人物群像	rwqx	1	4
扰我清修	rwqx	2	4
人五人六	rwrl	1	4
人文素质	rwsv	1	4
人文素养	rwsy	1	4
人物图片	rwtp	1	4
让我听听	rwtt	1	4
认为是	rwu	1	3
任务书	rwu	2	3
任务失败	rwub	1	4
人文社会	rwuh	1	4
任务重	rwv	1	3
绕弯弯	rww	1	3
乳味未干	rwwg	1	4
任务完成	rwwi	1	4
任我行	rwx	1	3
人文学科	rwxk	1	4
人无信不立	rwxl	1	4
润物细无声	rwxu	1	4
让我想想	rwxx	1	4
让位于	rwy	1	3
饶我一命	rwym	1	4
人为因素	rwys	1	4
人外有人天外有天	rwyt	2	4
人为原因	rwyy	1	4
人无远虑，必有近忧	rwyy	2	4
让我再	rwz	1	3
绕弯子	rwz	2	3
让我走	rwz	3	3
若为自由故	rwzg	1	4
人无再少年	rwzn	1	4
入围作品	rwzp	1	4
热心	rx	1	2
如下	rx	2	2
乳腺癌	rxa	1	3
人心安定	rxad	1	4
人性本恶	rxbe	1	4
人性本善	rxbu	1	4
热心帮助	rxbv	1	4
人心不足蛇吞象	rxbx	1	4
如下操作	rxcz	1	4
人行道	rxd	1	3
人心都是肉长的	rxdd	1	4
人性的扭曲还是道德的沦丧	rxds	1	4
热心读者	rxdv	1	4
人心浮动	rxfd	1	4
如下方法	rxff	1	4
热线服务	rxfw	1	4
人小鬼大	rxgd	1	4
人性关怀	rxgh	1	4
人心隔肚皮	rxgp	1	4
热心观众	rxgv	1	4
热血高校	rxgx	1	4
人性化	rxh	1	3
热循环	rxh	2	3
热心肠	rxi	1	3
软心肠	rxi	2	3
入学成绩	rxij	1	4
热销产品	rxip	1	4
如下几种	rxjv	1	4
瑞幸咖啡	rxkf	1	4
入学考试	rxku	1	4
日销量	rxl	1	3
入学率	rxl	2	3
热线联系	rxlx	1	4
人心莫测	rxmc	1	4
人血馒头	rxmt	1	4
热血男儿	rxne	1	4
仍须努力	rxnl	1	4
绕线器	rxq	1	3
任贤齐	rxq	2	3
如下情况	rxqk	1	4
热血青年	rxqn	1	4
热心群众	rxqv	1	4
任选其一	rxqy	1	4
人心齐泰山移	rxqy	2	4
热心人	rxr	1	3
人下人	rxr	2	3
人性弱点	rxrd	2	4
柔心弱骨	rxrg	1	4
人心如面	rxrm	1	4
人心思乱	rxsl	1	4
如下图	rxt	1	3
如下特点	rxtd	1	4
人形坦克	rxtk	1	4
入戏太深	rxtu	1	4
入学通知书	rxtu	2	4
入学通知	rxtv	1	4
日心说	rxu	1	3
瑞星杀毒	rxud	1	4
人心是肉长的	rxud	2	4
日销售额	rxue	1	4
热心市民	rxum	1	4
如下说明	rxum	2	4
入学申请	rxuq	1	4
容膝之地	rxvd	1	4
热心支持	rxvi	1	4
瑞雪兆丰年	rxvn	1	4
荣幸之至	rxvv	1	4
日下午	rxw	1	3
人心稳定	rxwd	1	4
乳臭未干	rxwg	1	4
人畜无害	rxwh	1	4
热心网友	rxwy	1	4
人心向善	rxxu	1	4
热心于	rxy	1	3
如下要求	rxyq	1	4
日行一善	rxyu	1	4
入选作品	rxzp	1	4
容易	ry	2	2
人员	ry	3	2
如有不妥	rybt	1	4
容易把握	rybw	1	4
如有必要	ryby	1	4
日月蹉跎	ryct	1	4
容易操作	rycz	1	4
容易得多	rydd	3	4
绕一大圈	rydq	1	4
人缘儿	rye	1	3
日益恶化	ryeh	1	4
如蚁附膻	ryfd	1	4
肉眼凡夫	ryff	1	4
任意发挥	ryfh	1	4
如蚁附膻	ryfu	2	4
日夜奋战	ryfv	1	4
荣誉感	ryg	1	3
容易感到	rygd	1	4
锐意改革	rygg	1	4
日益巩固	rygg	2	4
日月光华	rygh	1	4
人员构成	rygi	1	4
容易感冒	rygm	1	4
人缘好	ryh	1	3
日月合壁	ryhb	1	4
人与环境	ryhj	1	4
日益活跃	ryhy	1	4
日益猖獗	ryij	1	4
荣誉出品	ryip	1	4
日益成为	ryiw	1	4
容易出现	ryix	1	4
软硬件	ryj	1	3
荣誉奖	ryj	2	3
燃油机	ryj	3	3
如意金箍棒	ryjb	1	4
人员经费	ryjf	1	4
荣耀积分	ryjf	2	4
日益加剧	ryjj	1	4
日益加快	ryjk	1	4
日益激烈	ryjl	1	4
日益紧密	ryjm	1	4
日益健全	ryjq	2	4
人用金试	ryju	2	4
如意吉祥	ryjx	1	4
仁义君子	ryjz	1	4
日益扩大	rykd	1	4
容易看出	ryki	1	4
肉眼可见	rykj	1	4
日月可鉴	rykj	2	4
软饮料	ryl	1	3
容易理解	rylj	2	4
人要脸树要皮	rylp	1	4
如有雷同	rylt	1	4
日月丽天	rylt	2	4
仁义礼智信	rylx	1	4
容易明白	rymb	1	4
如有冒犯	rymf	2	4
人员密集	rymj	1	4
日益密切	rymq	1	4
容易么我	rymw	1	4
容易吗我	rymw	2	4
日益明显	rymx	1	4
容易满足	rymz	1	4
日用品	ryp	1	3
日益普及	rypj	1	4
绕一圈	ryq	1	3
任意球	ryq	2	3
日月齐光	ryqg	1	4
日夜牵挂	ryqg	2	4
日益强烈	ryql	1	4
忍一忍	ryr	1	3
让一让	ryr	2	3
人与人	ryr	3	3
如一日	ryr	4	3
人与人之间	ryrj	1	4
人言人殊	ryru	1	4
若要人不知	ryrv	1	4
若要人不知除非己莫为	ryrw	2	4
若要人不知，除非己莫为	ryrw	3	4
热因热用	ryry	1	4
儒雅随和	rysh	1	4
人有三急	rysj	1	4
日有所思，夜有所梦	rysm	1	4
日有所思夜有所梦	rysm	2	4
日夜思念	rysn	1	4
日月潭	ryt	1	3
日益提高	rytg	1	4
日益突出	ryti	1	4
燃油税	ryu	1	3
任意时间	ryuj	1	4
荣耀水晶	ryuj	2	4
忍一时风平浪静	ryuj	3	4
人妖殊途	ryut	1	4
如有神助	ryuv	1	4
人员伤亡	ryuw	1	4
让一追二	ryve	1	4
日月重光	ryvg	1	4
荣誉证书	ryvu	2	4
容易忘	ryw	2	3
儒以文乱法	rywf	1	4
人员往来	rywl	1	4
如有问题	rywt	1	4
如烟往事	rywu	2	4
荣耀王者	rywv	1	4
软玉温香	rywx	1	4
让一下	ryx	1	3
忍一下	ryx	2	3
容易些	ryx	3	3
人鱼线	ryx	4	3
容易想到	ryxd	1	4
任意修改	ryxg	1	4
日益显露	ryxl	1	4
日用消费品	ryxp	1	4
荣誉勋章	ryxv	2	4
日益显现	ryxx	1	4
如有需要	ryxy	1	4
如有一宝	ryyb	1	4
任意一个	ryyg	1	4
人员优化	ryyh	1	4
任意一款	ryyk	1	4
容颜易老	ryyl	2	4
容易引起	ryyq	1	4
若有一天	ryyt	2	4
任意一天	ryyt	3	4
日益严重	ryyv	1	4
人要衣装	ryyv	2	4
人云也云	ryyy	2	4
日益月滋	ryyz	1	4
日益增多	ryzd	1	4
如有再犯	ryzf	1	4
日益增强	ryzq	1	4
人与自然	ryzr	1	4
日益增长	ryzv	1	4
人言啧啧	ryzz	1	4
仍在	rz	2	2
日子	rz	3	2
让子弹飞	rzdf	1	4
人走灯灭	rzdm	3	4
容祖儿	rze	2	3
认罪服法	rzff	1	4
人造飞船	rzfi	1	4
如醉方醒	rzfx	1	4
人造革	rzg	1	3
融资功能	rzgn	1	4
日子过去	rzgq	1	4
人造黑洞	rzhd	1	4
认罪悔过	rzhg	1	4
润燥化痰	rzht	1	4
让自己	rzj	1	3
人在江湖，身不由己	rzjj	1	4
人在江湖身不由己	rzjj	2	4
日子久了	rzjl	2	4
人在囧途	rzjt	1	4
人在家中坐	rzjz	1	4
日租卡	rzk	1	3
融资困难	rzkn	1	4
日子里	rzl	2	3
如遭雷击	rzlj	1	4
日早两竖与虫依	rzly	1	4
人在美国刚下飞机	rzmj	1	4
孺子牛	rzn	1	3
日子难熬	rzna	1	4
日子难过	rzng	1	4
认罪认罚	rzrf	2	4
人造丝	rzs	2	3
人字拖	rzt	1	3
润燥通便	rztb	1	4
忍字头上一把刀	rztd	1	4
人在天涯	rzty	1	4
人造太阳	rzty	2	4
让座是情分	rzuf	2	4
软组织	rzv	1	3
人在屋檐下，不得不低头	rzwt	1	4
人在屋檐下	rzwx	2	4
人字形	rzx	1	3
日在校园	rzxy	1	4
人择原理	rzyl	1	4
日滋月益	rzyy	1	4
人在做天在看	rzzk	1	4
人在做，天在看	rzzk	2	4
随便	sb	1	2
上班	sb	2	2
傻逼	sb	3	2
三步并作两步	sbbb	1	4
伞兵部队	sbbd	1	4
算不得	sbd	1	3
斯巴达	sbd	2	3
三班倒	sbd	3	3
搜不到	sbd	4	3
散步的鹤	sbdh	1	4
死不带去	sbdq	1	4
斯巴达勇士	sbdu	1	4
随波荡漾	sbdy	1	4
死不答应	sbdy	2	4
三板斧	sbf	1	3
三八妇女节	sbfj	1	4
随便翻开	sbfk	1	4
随便放弃	sbfq	1	4
三不管	sbg	1	3
三八国际妇女节	sbgj	1	4
三倍工资	sbgz	1	4
三把火	sbh	1	3
三百回合	sbhh	1	4
三八红旗手	sbhu	1	4
所不齿	sbi	1	3
死不承认	sbir	1	4
思不出位	sbiw	1	4
所不及	sbj	1	3
三八节	sbj	2	3
三杯酒	sbj	3	3
散播焦虑	sbjl	1	4
死不见尸	sbju	1	4
随便看看	sbkk	1	4
死不了	sbl	1	3
算不了	sbl	2	3
算不来	sbl	3	3
三比零	sbl	4	3
酸不溜丢	sbld	1	4
三百六十度	sbld	2	4
三百六十行	sblh	1	4
酸不拉几	sblj	2	4
算不了什么	sblm	1	4
塞班论坛	sblt	1	4
三百六十五天	sblt	2	4
三波六折	sblv	1	4
三百六十五	sblw	1	4
斯巴拉西	sblx	1	4
三百六十行行行出状元	sbly	1	4
三边贸易	sbmy	1	4
随便你	sbn	1	3
撒贝宁	sbn	2	3
所不能	sbn	3	3
随便你了	sbnl	1	4
赛博朋克	sbpk	1	4
三部曲	sbq	1	3
死不认错	sbrc	1	4
死不认账	sbrv	1	4
算不算	sbs	1	3
赛博算命	sbsm	1	4
三病四痛	sbst	1	4
算不算是	sbsu	1	4
算不算数	sbsu	2	4
三胞胎	sbt	1	3
苏炳添	sbt	2	3
死变态	sbt	3	3
所不同的是	sbtu	1	4
算不上	sbu	1	3
三把手	sbu	2	3
三八式	sbu	3	3
随便说说	sbuu	1	4
算不上是	sbuu	2	4
赛博神医	sbuy	1	4
三不沾	sbv	1	3
三班制	sbv	2	3
虽不中亦不远矣	sbvy	1	4
桑巴舞	sbw	1	3
随便问问	sbww	1	4
所必需	sbx	1	3
四边形	sbx	2	3
四不像	sbx	3	3
所必须	sbx	4	3
扫把星	sbx	5	3
三八线	sbx	6	3
三边形	sbx	7	3
所必需的	sbxd	1	4
死不旋踵	sbxv	1	4
三比一	sby	1	3
随便一个	sbyg	1	4
三步一岗	sbyg	2	4
色不异空	sbyk	1	4
死不要脸	sbyl	1	4
随便一说	sbyu	1	4
三步一岗，五步一哨	sbyu	2	4
三本院校	sbyx	1	4
散布谣言	sbyy	2	4
腮帮子	sbz	1	3
三蹦子	sbz	2	3
素包子	sbz	3	3
色彩	sc	2	2
三寸不烂之舌	scbu	1	4
四次方	scf	1	3
三次根号	scgh	1	4
素材荤价	schj	1	4
三寸金莲	scjl	1	4
酸菜牛肉面	scnm	2	4
似曾相识燕归来	scxl	1	4
似曾相熟	scxu	2	4
色彩鲜艳	scxy	1	4
三次元	scy	1	3
四次元	scy	2	3
酸菜鱼	scy	3	3
四菜一汤	scyt	1	4
三菜一汤	scyt	2	4
骚操作	scz	2	3
送到	sd	2	2
速度	sd	3	2
骚动不安	sdba	1	4
三打白骨精	sdbj	2	4
死都不肯	sdbk	1	4
死都不怕	sdbp	1	4
死都不承认	sdbr	1	4
死都不信	sdbx	1	4
死都不要	sdby	1	4
死得不冤	sdby	2	4
死得惨	sdc	1	3
四大才子	sdcz	1	4
宋丹丹	sdd	1	3
随地大小便	sddb	1	4
随地大小变	sddb	2	4
四大恶人	sder	2	4
三等分	sdf	1	3
斯蒂芬	sdf	2	3
四等分	sdf	3	3
所答非所问	sdfw	1	4
三等功	sdg	1	3
斯德哥尔摩	sdgm	1	4
斯德哥尔摩综合征	sdgv	1	4
苏丹红	sdh	2	3
死得很惨	sdhc	1	4
缩地成寸	sdic	1	4
四渡赤水	sdiu	2	4
扫大街	sdj	1	3
酸豆角	sdj	2	3
三大件	sdj	3	3
三等奖	sdj	4	3
四等奖	sdj	5	3
苏东剧变	sdjb	2	4
四大金刚	sdjg	1	4
三大金刚	sdjg	2	4
缩短距离	sdjl	2	4
扫地机器人	sdjr	1	4
三大纪律八项注意	sdjy	1	4
四大家族	sdjz	1	4
速冻饺子	sdjz	2	4
速度快	sdk	1	3
死得快	sdk	2	3
死定了	sdl	1	3
随大流	sdl	2	3
斯大林	sdl	3	3
苏打绿	sdl	4	3
所带来的	sdld	1	4
斯大林格勒	sdll	1	4
速度慢	sdm	1	3
三代目	sdm	2	3
萨达姆	sdm	3	3
死爹妈	sdm	4	3
锁定目标	sdmb	1	4
死的明白	sdmb	2	4
四大名旦	sdmd	1	4
死打蛮缠	sdmi	1	4
四大美女	sdmn	1	4
死得难看	sdnk	1	4
苏东坡	sdp	1	3
三代人	sdr	1	3
扫地僧	sds	1	3
随到随学	sdsx	2	4
死对头	sdt	1	3
随地吐痰	sdtt	1	4
三点透视	sdtu	1	4
四大天王	sdtw	1	4
速冻汤圆	sdty	1	4
算得上	sdu	1	3
苏打水	sdu	2	3
死读书	sdu	3	3
三点式	sdu	4	3
所得税	sdu	5	3
三点水	sdu	6	3
锁定胜局	sduj	1	4
速冻水饺	sduj	2	4
算得上是	sduu	1	4
所导致的	sdvd	1	4
速度之快	sdvk	1	4
速度真快	sdvk	2	4
私底下	sdx	1	3
四大洋	sdy	2	3
死道友不死贫道	sdyd	1	4
三岛由纪夫	sdyf	1	4
搔到痒处	sdyi	1	4
三短一长选最长	sdyi	2	4
三短一长	sdyi	3	4
速度与激情	sdyq	1	4
死得冤枉	sdyw	1	4
思而不学则殆	sebd	1	4
色而不淫	seby	1	4
丝恩发怨	sefy	1	4
赛尔号	seh	1	3
速尔快递	sekd	1	4
索尔仁尼琴	serq	1	4
死而无怨	sewy	2	4
三二一	sey	1	3
散发	sf	2	2
司法部	sfb	1	3
四方步	sfb	2	3
私房菜	sfc	1	3
四方大脸	sfdl	1	4
三分逗七分捧	sfdp	1	4
随风而动	sfed	1	4
似非而是	sfeu	2	4
司法官	sfg	1	3
三方会谈	sfht	1	4
散发出	sfi	1	3
随风吹	sfi	2	3
司法程序	sfix	1	4
司法局	sfj	1	3
司法鉴定	sfjd	1	4
司法救济	sfjj	1	4
司法解释	sfju	1	4
司法救助	sfjv	1	4
四方脸	sfl	1	3
三方面	sfm	1	3
随风飘荡	sfpd	1	4
随风飘动	sfpd	2	4
随风飘散	sfps	1	4
随风飘扬	sfpy	1	4
私房钱	sfq	1	3
三分球	sfq	2	3
司法权	sfq	3	3
燧发枪	sfq	4	3
散发气味	sfqw	1	4
嫂夫人	sfr	1	3
三方软件	sfrj	2	4
送佛送到西	sfsx	1	4
三伏天	sft	1	3
送分题	sft	2	3
三分天注定	sftd	1	4
三分天下	sftx	1	4
算法设计	sfuj	1	4
三分钟	sfv	1	3
死肥宅	sfv	2	3
四分之	sfv	3	3
三分钟热度	sfvd	2	4
司法制度	sfvd	3	4
三分真七分假	sfvj	1	4
三分真，七分假	sfvj	2	4
三分治七分养	sfvy	3	4
三坟五典	sfwd	1	4
三分线	sfx	1	3
四方形	sfx	2	3
三分像人七分像鬼	sfxg	1	4
三分像人，七分像鬼	sfxg	2	4
三方协议	sfxy	1	4
索菲亚	sfy	1	3
四分音符	sfyf	1	4
三房一厅	sfyt	1	4
随风摇曳	sfyy	1	4
随份子	sfz	1	3
三个	sg	2	2
送给	sg	3	2
宿管阿姨	sgay	1	4
三个部分	sgbf	1	4
三观不同	sgbt	1	4
三个半小时	sgbu	1	4
三观不正	sgbv	1	4
三顾草庐	sgcl	1	4
三更灯火五更鸡	sgdj	1	4
三国鼎立	sgdl	1	4
宿管大妈	sgdm	1	4
三个多小时	sgdu	1	4
三个多钟	sgdv	1	4
三个代表重要思想	sgdx	1	4
三个多月	sgdy	1	4
四个多月	sgdy	2	4
宿管大爷	sgdy	3	4
三个方面	sgfm	1	4
四个方面	sgfm	2	4
三个和尚没水喝	sghh	1	4
三个和尚没水吃	sghi	1	4
赛过活神仙	sghx	1	4
三个臭皮匠	sgij	1	4
三观冲击	sgij	2	4
三个臭皮匠，赛过诸葛亮	sgil	1	4
三个臭皮匠顶个诸葛亮	sgil	2	4
三个臭皮匠，顶个诸葛亮	sgil	3	4
三跪九拜	sgjb	1	4
随高就低	sgjd	1	4
三观尽毁	sgjh	1	4
四国军棋	sgjq	2	4
三过家门而不入	sgjr	1	4
撒狗粮	sgl	1	3
岁高龄	sgl	2	3
苏格兰	sgl	3	3
丝瓜络	sgl	4	3
撕肝裂胆	sgld	2	4
三国两晋南北朝	sgli	1	4
仨瓜俩枣	sglz	1	4
宋公明	sgm	1	3
死个明白	sgmb	1	4
四格漫画	sgmh	1	4
塑钢门窗	sgmi	1	4
四顾茫然	sgmr	1	4
三个面向	sgmx	1	4
送给你	sgn	1	3
撒个尿	sgn	2	3
三个女人一台戏	sgnx	1	4
算个屁	sgp	1	3
搜狗拼音输入法	sgpf	1	4
搜狗拼音	sgpy	1	4
三个人	sgr	1	3
四个人	sgr	2	3
死贵死贵	sgsg	1	4
三国杀	sgu	1	3
搜狗输入法	sguf	1	4
三更时分	sguf	2	4
搜狗输入	sgur	1	4
三国志	sgv	1	3
三个钟	sgv	2	3
所关注的	sgvd	1	4
赛过诸葛亮	sgvl	1	4
思古之幽情	sgvq	1	4
三个钟头	sgvt	1	4
送给我	sgw	1	3
搜狗五笔	sgwb	1	4
搜狗五笔输入法	sgwf	1	4
三个问题	sgwt	1	4
三个星期	sgxq	1	4
三个小时	sgxu	1	4
四个小时	sgxu	2	4
三国小镇	sgxv	1	4
三个月	sgy	1	3
四个月	sgy	2	3
死过一次	sgyc	1	4
三个有利于	sgyy	2	4
死工资	sgz	1	3
三个字	sgz	2	3
四个字	sgz	3	3
三杆子挨不着	sgzv	1	4
说话	sh	2	2
时候	sh	3	2
似乎	sh	4	2
丝毫不减	shbj	1	4
死活不肯	shbk	1	4
死活不承认	shbr	1	4
丝毫不输	shbu	1	4
死活不信	shbx	1	4
赛后采访	shcf	1	4
松花蛋	shd	1	3
送货单	shd	2	3
四海鼎沸	shdf	2	4
送货到家	shdj	2	4
三和大神	shdu	1	4
撒欢儿	she	1	3
死灰槁木	shgm	1	4
Shift	shi	1	3
送货车	shi	2	3
扫黑除恶	shie	1	4
Shift	shif	1	4
送回家	shj	2	3
松花江	shj	3	3
三花聚顶	shjd	1	4
四海皆兄弟	shjd	2	4
送回来	shl	2	3
三环路	shl	3	3
孙红雷	shl	4	3
四环路	shl	5	3
撒哈拉	shl	6	3
撒哈拉沙漠	shlm	1	4
丝滑连招	shlv	1	4
丝毫没有	shmy	1	4
森海塞尔	shse	1	4
斯哈斯哈	shsh	1	4
嘶哈嘶哈	shsh	2	4
死胡同	sht	1	3
似乎是	shu	1	3
俗话说	shu	2	3
死火山	shu	3	3
三幻神	shu	4	3
俗话说得好	shuh	1	4
索贿受贿	shuh	2	4
孙行者	shv	1	3
四海之内皆兄弟	shvd	1	4
四海之内	shvn	1	4
散寒止痛	shvt	1	4
三回五次	shwc	1	4
撒花完结	shwj	2	4
三和弦	shx	1	3
四海兄弟	shxd	1	4
丝滑小连招	shxv	1	4
随后又	shy	1	3
四合院	shy	2	3
三合一	shy	3	3
似乎有点	shyd	1	4
似乎有些	shyx	1	4
孙猴子	shz	1	3
送孩子	shz	2	3
四处	si	2	2
送出	si	3	2
速成班	sib	2	3
赛程表	sib	3	3
虽迟但到	sidd	2	4
四处打听	sidt	1	4
三重否定	sifd	1	4
搜查官	sig	1	3
四川话	sih	2	3
丝绸厂	sii	1	3
三重唱	sii	2	3
四川成都	siid	1	4
三叉戟	sij	2	3
三岔口	sik	2	3
搜查令	sil	2	3
三岔路	sil	3	3
三茶六饭	silf	1	4
四川麻将	simj	1	4
私闯民宅	simv	1	4
四处漂泊	sipb	1	4
四处碰壁	sipb	2	4
四川人	sir	2	3
所产生	siu	2	3
四川省	siu	3	3
赛车手	siu	4	3
骚出水	siu	5	3
所产生的	siud	1	4
搜查证	siv	2	3
三重奏	siv	3	3
四重奏	siv	4	3
四处张望	sivw	1	4
四处寻找	sixv	1	4
三长一短选最短	siyd	1	4
三长一短	siyd	2	4
四处摇人	siyr	3	4
缩成一团	siyt	3	4
实际	sj	2	2
手机	sj	3	2
#$(Year)年$(month)月$(day)日 $(Hour):$(minute):$(second) $(week_cn)	sj	4	2
$ddcmd(<date.yyyy>-<date.mm>-<date.dd> <time.h>:<time.mm>:<time.ss> <date.Z>, <date.yyyy>-<date.mm>-<date.dd> <time.h>:<time.mm>:<time.ss> <date.Z>)	sj	5	2
农历 #$(year_ln)$(month_ln)$(day_ln)	sj	6	2
#$(Year)-$(month)-$(day_dd) $(Hour):$(minute):$(second) $(week_cn)	sj	7	2
三角板	sjb	1	3
苏教版	sjb	2	3
所具备的	sjbd	2	4
随机播放	sjbf	1	4
四脚八叉	sjbi	1	4
思君不见	sjbj	1	4
随机变量	sjbl	1	4
三级标题	sjbt	1	4
赛季报销	sjbx	1	4
三简词	sjc	1	3
四季豆	sjd	2	3
松紧带	sjd	3	3
酸碱度	sjd	4	3
死记呆背	sjdb	1	4
随机弹道	sjdd	2	4
三角地带	sjdd	3	4
三角定位	sjdw	1	4
俗家弟子	sjdz	2	4
伺机而动	sjed	1	4
撒酒疯	sjf	1	3
四季分明	sjfm	1	4
随机附赠	sjfz	1	4
丧家狗	sjg	2	3
随机过程	sjgi	1	4
三句话	sjh	1	3
锁精环	sjh	2	3
四角号码检字法	sjhf	1	4
三句话不离本行	sjhh	1	4
四角号码	sjhm	1	4
三教合一	sjhy	2	4
私家车	sji	1	3
三角尺	sji	2	3
四季常春	sjii	2	4
随机抽取	sjiq	2	4
随机抽样	sjiy	2	4
三脚架	sjj	1	3
三角肌	sjj	2	3
所见即所得	sjjd	1	4
三句剪一句	sjjj	1	4
三剑客	sjk	1	3
三角裤	sjk	2	3
四级考试	sjku	1	4
三角恋	sjl	1	3
三角龙	sjl	2	3
四角恋	sjl	3	3
三脚猫	sjm	2	3
思杰马克丁	sjmd	1	4
三脚猫功夫	sjmf	2	4
三阶魔方	sjmf	3	4
四阶魔方	sjmf	4	4
三驾马车	sjmi	1	4
撒娇卖俏	sjmq	2	4
49年入国军	sjnj	1	4
四九年入国军	sjnj	2	4
三级片	sjp	1	3
四季平安	sjpa	1	4
酸碱平衡	sjph	1	4
四键平台	sjpt	1	4
丧家犬	sjq	1	3
三角区	sjq	2	3
搜集情报	sjqb	1	4
三基色	sjs	1	3
耸肩缩背	sjsb	1	4
三江四海	sjsh	1	4
三进三出	sjsi	3	4
三巨头	sjt	2	3
三件套	sjt	3	3
三级跳	sjt	4	3
三九天	sjt	5	3
三角铁	sjt	6	3
所接受	sju	1	3
四脚蛇	sju	2	3
三居室	sju	3	3
随机数	sju	4	3
随机生成	sjui	4	4
随机属性	sjux	1	4
三角洲	sjv	1	3
三角债	sjv	2	3
搜集整理	sjvl	2	4
四脚朝天	sjvt	1	4
私家侦探	sjvt	2	4
三界之外	sjvw	1	4
三角握把	sjwb	1	4
三江五湖	sjwh	1	4
三角形	sjx	1	3
随机性	sjx	2	3
酸碱性	sjx	3	3
随机循环	sjxh	2	4
随机信号	sjxh	3	4
三家性奴	sjxn	1	4
三角眼	sjy	1	3
速记员	sjy	2	3
三军用命	sjym	1	4
三简字	sjz	1	3
伺机作案	sjza	1	4
思考	sk	1	2
松开	sk	2	2
苏卡不列	skbl	1	4
送快递	skd	1	3
送快递的	skdd	2	4
思考方法	skff	1	4
三口两口	sklk	1	4
松口气	skq	1	3
思考人生	skru	1	4
萨克斯	sks	1	3
思考题	skt	1	3
死库水	sku	1	3
随口说说	skuu	1	4
三口之家	skvj	1	4
四口之家	skvj	2	4
思考问题	skwt	1	4
三克油	sky	1	3
随口一说	skyu	1	4
思考一下	skyx	1	4
思考再三	skzs	1	4
算了	sl	1	2
实力	sl	2	2
死了	sl	3	2
算了吧	slb	1	3
散了吧	slb	2	3
司令部	slb	3	3
塑料布	slb	4	3
酸萝卜别吃	slbi	1	4
四两拨千斤	slbj	1	4
酸了吧唧	slbj	2	4
森林冰火人	slbr	1	4
缩略词	slc	1	3
森萝财团	slct	1	4
塑料袋	sld	1	3
森林大火	sldh	1	4
洒泪当场	sldi	1	4
思路打开	sldk	1	4
四轮定位	sldw	1	4
塑料袋子	sldz	1	4
溯流而上	sleu	1	4
酸辣粉	slf	1	3
三轮复习	slfx	1	4
司令官	slg	1	3
三连冠	slg	2	3
塑料管	slg	3	3
三连跪	slg	4	3
缩了回去	slhq	1	4
三轮车	sli	1	3
塑料厂	sli	2	3
四连超凡	slif	1	4
塑料产品	slip	1	4
算老几	slj	1	3
三连击	slj	2	3
三棱镜	slj	3	3
三六九	slj	4	3
四六级	slj	5	3
骚浪贱	slj	6	3
速录机	slj	7	3
骚浪贱货	sljh	1	4
塑料姐妹花	sljh	2	4
思路决定出路	sljl	1	4
死了就当睡着了	sljl	2	4
塑料姐妹	sljm	1	4
苏联解体	sljt	1	4
三连决胜	slju	1	4
四六级考试	slju	2	4
四六开	slk	1	3
松了口气	slkq	1	4
酸溜溜	sll	1	3
三连了	sll	2	3
所罗门	slm	1	3
赛里木	slm	2	3
死了没埋	slmm	1	4
扫落马下	slmx	1	4
塑料瓶	slp	1	3
思路清晰	slqx	1	4
溯流穷源	slqy	1	4
算了算	sls	1	3
试了试	sls	2	3
耸了耸肩膀	slsb	1	4
三磷酸腺苷	slsg	1	4
耸了耸肩	slsj	1	4
死了算了	slsl	1	4
算了算了	slsl	2	4
算来算去	slsq	1	4
缩略图	slt	1	3
酸辣汤	slt	2	3
三里屯	slt	3	3
死老太婆	sltp	1	4
塑料托盘	sltp	2	4
死老头子	sltz	1	4
三连胜	slu	1	3
赛龙舟	slv	1	3
塑料纸	slv	2	3
算老账	slv	3	3
私立中学	slvx	1	4
死了这条心	slvx	2	4
送礼物	slw	1	3
三两下	slx	1	3
死了心	slx	2	3
塑料兄弟	slxd	1	4
斯拉雪麦格	slxg	1	4
苏联笑话	slxh	1	4
耸了下肩	slxj	1	4
塑料兄弟情	slxq	2	4
苏联笑话永不过时	slxu	1	4
私立学校	slxx	1	4
司令员	sly	1	3
色拉油	sly	2	3
速录员	sly	3	3
碎了一地	slyd	1	4
松了一口气	slyq	1	4
扫了一眼	slyy	1	4
什么	sm	1	2
上面	sm	2	2
生命	sm	3	2
什么啊	sma	1	3
扫描病毒	smbd	1	4
什么办法	smbf	2	4
什么B动静	smbj	1	4
碎面包屑	smbx	1	4
什么都	smd	1	3
什么的	smd	2	3
思密达	smd	3	3
什么地点	smdd	1	4
什么都不知道	smdd	2	4
所面对的	smdd	3	4
什么都会	smdh	1	4
四码定长	smdi	1	4
什么动静	smdj	1	4
扫描电镜	smdj	2	4
宿命对决	smdj	3	4
扫码登录	smdl	2	4
扫码登陆	smdl	3	4
什么东西	smdx	1	4
死妈东西	smdx	2	4
什么都有	smdy	1	4
什么都没有	smdy	2	4
死马当活马医	smdy	3	4
什么都不做	smdz	1	4
嗓门儿	sme	1	3
扫描二维码	smem	1	4
什么方案	smfa	1	4
什么方法	smff	1	4
私密发货	smfh	1	4
扫码付款	smfk	1	4
什么方面	smfm	1	4
什么方式	smfu	1	4
什么反应	smfy	1	4
什么鬼	smg	1	3
司马光	smg	2	3
什么勾巴	smgb	1	4
司马光砸缸	smgg	1	4
什么感觉	smgj	1	4
什么跟什么	smgm	1	4
什么概念	smgn	1	4
扫码关注	smgv	1	4
什么关系	smgx	1	4
什么工作	smgz	1	4
什么规则	smgz	2	4
什么话	smh	1	3
所迷惑	smh	2	3
四面环山	smhu	1	4
三面环山	smhu	2	4
赛马场	smi	1	3
什么程度	smid	1	4
什么叫	smj	1	3
扫描件	smj	2	3
什么价格	smjg	1	4
榫卯结构	smjg	2	4
私募基金	smjj	1	4
什么建议	smjy	1	4
什么看法	smkf	1	4
四面开花	smkh	1	4
塞满了	sml	1	3
所面临	sml	2	3
宋美龄	sml	3	3
索马里	sml	4	3
宿命论	sml	5	3
扫码领红包	smlb	1	4
索马里海盗	smld	1	4
四面漏风	smlf	1	4
扫码领取	smlq	1	4
什么来着	smlv	1	4
宋明理学	smlx	1	4
什么理由	smly	1	4
司马老贼	smlz	1	4
色眯眯	smm	1	3
什么毛病	smmb	1	4
什么目的	smmd	1	4
什么眉目	smmm	1	4
私密马赛	smms	1	4
什么名字	smmz	1	4
什么呢	smn	1	3
赛马娘	smn	2	3
什么年代	smnd	1	4
岁末年关	smng	1	4
扫描器	smq	1	3
司马迁	smq	2	3
赛码器	smq	3	3
什么区别	smqb	1	4
三脉七轮	smql	1	4
什么情况下	smqx	1	4
什么人	smr	1	3
什么人的	smrd	1	4
什么是	sms	1	3
似梦似幻	smsh	2	4
什么什么	smsm	1	4
什么时候是个头	smst	1	4
酸梅汤	smt	1	3
送命题	smt	2	3
什么态度	smtd	1	4
岁暮天寒	smth	1	4
什么条件	smtj	1	4
什么事	smu	1	3
三明市	smu	2	3
什么事啊	smua	1	4
四面树敌	smud	2	4
什么时候	smuh	1	4
什么时间	smuj	1	4
什么水平	smup	1	4
什么事情	smuq	1	4
什么声音	smuy	1	4
三秒钟	smv	1	3
司马昭	smv	2	3
三明治	smv	3	3
宿命之敌	smvd	1	4
扫码支付	smvf	1	4
三昧真火	smvh	1	4
什么状况	smvk	1	4
素面朝天	smvt	1	4
司马昭之心路人皆知	smvv	1	4
司马昭之心，路人皆知	smvv	2	4
司马昭之心	smvx	1	4
什么味道	smwd	2	4
什么玩意儿	smwe	1	4
什么位置	smwv	1	4
什么玩意	smwy	1	4
死妈玩意	smwy	2	4
丧门星	smx	1	3
三门峡	smx	2	3
随母姓	smx	3	3
四目相接	smxj	1	4
算命先生	smxu	1	4
什么样	smy	1	3
什么用	smy	2	3
司马懿	smy	3	3
扫描仪	smy	4	3
萨摩耶	smy	5	3
所没有	smy	6	3
什么样的	smyd	1	4
什么也不懂	smyd	2	4
所没有的	smyd	3	4
什么样的人	smyr	1	4
什么意思	smys	1	4
什么也没说	smyu	1	4
什么影响	smyx	1	4
什么意义	smyy	2	4
什么样子	smyz	1	4
四码字	smz	1	3
什么资格	smzg	1	4
思念	sn	1	2
随你便	snb	1	3
三年不鸣	snbm	1	4
三年不开张	snbv	1	4
缩脑袋	snd	1	3
随你的便	sndb	1	4
索尼大法	sndf	1	4
思念对方	sndf	2	4
索尼大法好	sndh	1	4
算你倒霉	sndm	1	4
算你倒楣	sndm	2	4
孙女儿	sne	1	3
算你狠	snh	1	3
塞纳河	snh	2	3
死脑筋	snj	1	3
三年级	snj	2	3
四年级	snj	3	3
思念家乡	snjx	1	4
三娘教子	snjz	1	4
三年困难时期	snkq	1	4
三年来	snl	1	3
四年来	snl	2	3
三年六班	snlb	1	4
三年两载	snlz	1	4
三年模拟	snmn	1	4
酸牛奶	snn	1	3
撒尿牛丸	snnw	1	4
丝纽旁	snp	1	3
三年前	snq	1	3
四年前	snq	2	3
思念亲人	snqr	1	4
所能提供	sntg	1	4
思念是一种病	snub	1	4
三年时间	snuj	1	4
四年时间	snuj	2	4
送你上去	snuq	1	4
死难者	snv	1	3
三年之艾	snva	1	4
算你行	snx	1	3
孙女婿	snx	2	3
所能形容	snxr	1	4
三年血赚	snxv	1	4
桑拿浴	sny	1	3
苏宁易购	snyg	1	4
三男一狗	snyg	2	4
算你运气好	snyh	1	4
送你一程	snyi	1	4
算你走运	snzy	1	4
碎片	sp	1	2
三品大员	spdy	1	4
斯皮尔伯格	speg	1	4
碎片化	sph	1	3
食品厂	spi	1	3
撕皮出道	spid	1	4
撕破脸	spl	1	3
算盘落空	splk	1	4
撒泡尿	spn	1	3
死婆娘	spn	2	3
三陪女	spn	3	3
撒泡尿照照自己	spnj	1	4
三陪女郎	spnl	1	4
撒泡尿照照	spnv	1	4
撒泡尿照照镜子	spnz	1	4
酸葡萄	spt	1	3
撒泼耍赖	spul	1	4
碎屏险	spx	1	3
三陪小姐	spxj	1	4
死胖子	spz	1	3
色情	sq	1	2
死去	sq	2	2
色情暴力	sqbl	2	4
三拳不敌四手	sqbu	1	4
俗气得很	sqdh	1	4
色情电影	sqdy	1	4
撒切尔夫人	sqer	1	4
三七二十一	sqey	1	4
三千烦恼丝	sqfs	1	4
随其发展	sqfv	1	4
斯琴高丽	sqgl	1	4
斯琴格日乐	sqgl	2	4
算清楚	sqi	1	3
四驱车	sqi	2	3
三千宠爱在一身	sqiu	1	4
色情成瘾	sqiy	1	4
死全家	sqj	1	3
三七开	sqk	1	3
算起来	sql	1	3
宋庆龄	sql	2	3
三千雷动	sqld	1	4
宋齐梁陈	sqli	1	4
三期免息	sqmx	1	4
色情明星	sqmx	2	4
虽千万人吾往矣	sqmy	1	4
三千年	sqn	1	3
死翘翘	sqq	1	3
速去速回	sqsh	1	4
三起三落	sqsl	1	4
三请四邀	sqsy	1	4
色情图片	sqtp	1	4
色情视频	squp	1	4
赛前准备	sqvb	1	4
丧亲之痛	sqvt	1	4
色情网站	sqwv	1	4
四气五味	sqww	1	4
虽千万人吾往矣	sqwy	1	4
虽千万人，吾往矣	sqwy	2	4
四驱兄弟	sqxd	1	4
色情小说	sqxu	1	4
三缺一	sqy	1	3
私企员工	sqyg	1	4
色情淫秽	sqyh	1	4
死人	sr	2	2
虽然	sr	3	2
虽然不	srb	1	3
四人帮	srb	2	3
损人不利己	srbj	2	4
死人不偿命	srbm	1	4
虽然不能	srbn	1	4
虽然不是	srbu	1	4
虽然并没有什么卵用	srby	1	4
虽如此	src	1	3
私人财产	srci	1	4
骚扰电话	srdh	1	4
虽然但是	srdu	2	4
私人恩怨	srey	1	4
私人飞机	srfj	1	4
虽然过去	srgq	1	4
私人关系	srgx	2	4
私人化	srh	1	3
虽然很好	srhh	1	4
虽然还没	srhm	1	4
虽然很难	srhn	1	4
虽然害怕	srhp	1	4
私人会所	srhs	1	4
三人成众	sriv	1	4
四人间	srj	1	3
三人间	srj	2	3
散热孔	srk	1	3
虽然看到	srkd	1	4
私人空间	srkj	1	4
虽然可能	srkn	1	4
虽然开始	srku	2	4
虽然可以	srky	1	4
私人老板	srlb	1	4
骚扰拦截	srlj	2	4
虽然离开	srlk	1	4
三日两日	srlr	1	4
虽然没	srm	1	3
虽然忙碌	srml	1	4
虽然没能	srmn	2	4
私人秘书	srmu	1	4
虽然没有	srmy	1	4
虽然年轻	srnq	1	4
散热片	srp	1	3
送人情	srq	1	3
散热器	srq	2	3
虽然如此	srrc	1	4
送人头	srt	1	3
虽然痛苦	srtk	1	4
三人同心	srtx	1	4
虽然是	sru	1	3
虽然说	sru	2	3
私人生活	sruh	2	4
私人时间	sruj	1	4
私人住宅	srvv	1	4
私人物品	srwp	1	4
三人行	srx	2	3
虽然辛苦	srxk	2	4
三人行必有我师	srxu	1	4
三人行，必有我师	srxu	2	4
私人笑声	srxu	3	4
私人性质	srxv	1	4
私人行为	srxw	1	4
私人信息	srxx	1	4
私人学校	srxx	2	4
三人行必有我师焉	srxy	2	4
虽然有	sry	1	3
三日游	sry	2	3
四日游	sry	3	3
死人一个	sryg	1	4
三人一狗	sryg	2	4
损人益己	sryj	1	4
悚然一惊	sryj	2	4
私人医生	sryu	2	4
斯人已逝	sryu	3	4
私人影院	sryy	1	4
私人医院	sryy	2	4
试试	ss	2	2
搜索	ss	3	2
散散步	ssb	2	3
四散奔逃	ssbt	3	4
三四次	ssc	2	3
死死地	ssd	2	3
丝丝点点	ssdd	2	4
四色定理	ssdl	2	4
三思而后行	ssex	2	4
诉讼费	ssf	1	3
随俗浮沉	ssfi	1	4
三四分钟	ssfv	1	4
琐碎繁杂	ssfz	1	4
三四个	ssg	2	3
三四个人	ssgr	1	4
三四个月	ssgy	1	4
色素沉淀	ssid	1	4
色素沉着	ssiv	1	4
耸耸肩	ssj	1	3
三色堇	ssj	2	3
搜索结果	ssjg	1	4
搜索建议	ssjy	1	4
算什么	ssm	1	3
酥酥麻麻	ssmm	1	4
碎碎念	ssn	1	3
岁岁年年人不同	ssnt	1	4
碎碎平安	sspa	2	4
思索片刻	sspk	2	4
三色旗	ssq	1	3
酸酸乳	ssr	1	3
嗖嗖嗖	sss	1	3
三四岁	sss	2	3
搜索算法	sssf	3	4
三四天	sst	1	3
三四十	ssu	1	3
三三制	ssv	1	3
搜索指数	ssvu	2	4
三四五	ssw	1	3
虽死无憾	sswh	2	4
散散心	ssx	2	3
丝丝小雨	ssxy	1	4
岁岁有今朝	ssyv	1	4
搜索一下	ssyx	1	4
思索再三	sszs	1	4
随他吧	stb	1	3
蒜头鼻	stb	2	3
三天不打	stbd	2	4
三天不打上房揭瓦	stbw	1	4
随堂测验	stcy	1	4
三天打鱼两天晒网	stdw	1	4
三天打鱼，两天晒网	stdw	2	4
斯坦福	stf	1	3
所托非人	stfr	1	4
斯坦福大学	stfx	1	4
所提供	stg	1	3
算他狠	sth	1	3
三堂会审	sthu	1	4
撒腿就跑	stjp	1	4
斯塔克	stk	1	3
酸甜苦辣咸	stkx	1	4
三条路	stl	1	3
三头六面	stlm	1	4
三头两绪	stlx	1	4
桑塔纳	stn	1	3
随他去	stq	1	3
随它去	stq	2	3
随他去吧	stqb	1	4
三天三夜说不完	stsw	1	4
四条腿	stt	1	3
扫堂腿	stt	2	3
三天之内	stvn	1	4
三天之内杀了你	stvn	2	4
扫榻相迎	stxy	1	4
三通一达	styd	2	4
宋太祖	stz	1	3
宋体字	stz	2	3
损失	su	2	2
随时	su	3	2
算是吧	sub	2	3
算是不错	subc	2	4
所剩不多	subd	2	4
丧尸病毒	subd	3	4
四十不惑	subh	1	4
死伤遍野	suby	2	4
损失惨重	sucv	2	4
随身带	sud	2	3
三十多个	sudg	1	4
四十多个	sudg	2	4
所说的话	sudh	1	4
苏珊大妈	sudm	1	4
三十多年	sudn	1	4
所说的一切	sudq	2	4
所属单位	sudw	1	4
随时都有	sudy	2	4
随时都可以	sudy	3	4
桑葚儿	sue	2	3
撒手而去	sueq	1	4
三十分	suf	2	3
四十分	suf	3	3
琐事繁多	sufd	2	4
随书附送	sufs	1	4
似睡非睡	sufu	1	4
三十分钟	sufv	1	4
四十分钟	sufv	2	4
随书附赠	sufz	1	4
随时恭候	sugh	2	4
随手关门	sugm	1	4
随时会	suh	2	3
私生活	suh	3	3
三十好几	suhj	2	4
私生活混乱	suhl	1	4
洒水车	sui	2	3
三十出头	suit	1	4
四十出头	suit	2	4
所涉及	suj	2	3
三十几	suj	3	3
四十几	suj	4	3
三十几岁	sujs	1	4
所受教育	sujy	3	4
随时可能	sukn	1	4
四十开外	sukw	1	4
随时可以	suky	1	4
宿舍楼	sul	1	3
三十六变	sulb	1	4
三十六计走为上策	sulc	1	4
死神来了	sull	1	4
三十六计走为上	sulu	2	4
算什么	sum	1	3
送上门	sum	2	3
送上门的	sumd	1	4
送上门来	suml	1	4
私生女	sun	2	3
三十年	sun	3	3
四十年	sun	4	3
三十年代	sund	1	4
四十年代	sund	2	4
三十年河东	sund	3	4
随时能够	sung	1	4
三十年前	sunq	1	4
四十年前	sunq	2	4
三十年河东三十年河西	sunx	1	4
三十年河西	sunx	2	4
损失赔偿	supi	2	4
三审判决	supj	1	4
虽说如此	surc	1	4
四十如虎	surh	2	4
三十如狼	surl	1	4
似水柔情	surq	1	4
三十岁	sus	1	3
四十岁	sus	2	3
三生三世十里桃花	sush	1	4
三十三天	sust	1	4
随身听	sut	1	3
三视图	sut	2	3
四视图	sut	3	3
虽说是	suu	1	3
随时受不了	suul	1	4
素食者	suv	1	3
宿舍长	suv	2	3
随时准备	suvb	1	4
三十周年	suvn	1	4
四十周年	suvn	2	4
素食主义者	suvv	1	4
虽说这样	suvy	1	4
素食主义	suvy	2	4
扫射转移	suvy	3	4
死神之子	suvz	3	4
死水微澜	suwl	1	4
随身物品	suwp	2	4
死伤无数	suwu	2	4
四十五分钟	suwv	1	4
三生万物	suww	2	4
丧失信心	suxx	1	4
所使用的	suyd	1	4
死生由命	suym	2	4
三上悠亚	suyy	2	4
私生子	suz	2	3
四周	sv	2	2
随着	sv	3	2
所知不多	svbd	1	4
四肢不全	svbq	1	4
死猪不怕开水烫	svbt	1	4
四柱八字	svbz	1	4
所知道	svd	2	3
素质低	svd	3	3
死战到底	svdd	1	4
素质低下	svdx	1	4
色中饿鬼	sveg	1	4
随之而出	svei	1	4
死忠粉	svf	1	3
四肢发达	svfd	1	4
四肢乏力	svfl	1	4
诉诸法律	svfl	2	4
赛诸葛	svg	2	3
san值归零	svgl	1	4
苏州河	svh	2	3
四诊合参	svhc	1	4
四肢抽搐	svii	1	4
四肢拘急	svjj	1	4
四肢健全	svjq	1	4
丝竹空	svk	2	3
san值狂掉	svkd	1	4
孙仲谋	svm	1	3
所占面积	svmj	1	4
四肢麻木	svmm	1	4
三周年	svn	1	3
四周年	svn	2	3
丝织品	svp	2	3
散装啤酒	svpj	1	4
三战全胜	svqu	1	4
素质三连	svsl	1	4
三只松鼠	svsu	2	4
苏州市	svu	2	3
孙中山	svu	3	3
三只手	svu	4	3
随着时间	svuj	1	4
所知甚少	svuu	2	4
随着时间的推移	svuy	2	4
随着时间推移	svuy	3	4
四周围	svw	2	3
死者为大	svwd	1	4
四肢无力	svwl	2	4
丧钟为谁而鸣	svwm	1	4
扫帚星	svx	2	3
碎纸屑	svx	3	3
馊主意	svy	2	3
四只眼	svy	3	3
苏州园林	svyl	2	4
三朝元老	svyl	3	4
桑椹子	svz	1	3
思维	sw	1	2
死亡	sw	2	2
所谓	sw	3	2
苏维埃	swa	1	3
死亡芭比	swbb	1	4
死亡笔记	swbj	1	4
斯文败类	swbl	1	4
死亡半区	swbq	1	4
四五次	swc	1	3
所谓的	swd	1	3
四五点	swd	2	3
隋文帝	swd	3	3
三维动画	swdh	1	4
塞翁得马	swdm	1	4
算我倒霉	swdm	2	4
思维导图	swdt	1	4
思维定势	swdu	1	4
思维定式	swdu	2	4
死亡倒计时	swdu	3	4
所无法	swf	1	3
思维风暴	swfb	1	4
思维负担	swfd	1	4
思维方法	swff	1	4
思维发散	swfs	1	4
思维方式	swfu	1	4
三五分钟	swfv	1	4
四五个	swg	1	3
三湾改编	swgb	1	4
思维固化	swgh	1	4
死亡公路	swgl	1	4
死亡搁浅	swgq	1	4
四五个人	swgr	1	4
四五个月	swgy	1	4
死亡回放	swhf	1	4
所为何故	swhg	1	4
所为何来	swhl	1	4
所为何事	swhu	1	4
三无产品	swip	1	4
俗务缠身	swiu	1	4
散文集	swj	1	3
散文家	swj	2	3
酸文假醋	swjc	1	4
缩微胶卷	swjj	1	4
三维建模软件	swjj	2	4
三维建模	swjm	1	4
死亡竞赛	swjs	1	4
孙悟空	swk	1	3
丝袜控	swk	2	3
三维空间	swkj	2	4
死亡率	swl	1	3
四五六	swl	2	3
思维逻辑	swlj	1	4
三维立体	swlt	1	4
送外卖	swm	1	3
死亡名单	swmd	1	4
思维敏捷	swmj	1	4
思维模式	swmu	1	4
三维模型	swmx	1	4
三五年	swn	1	3
四五年	swn	2	3
送温暖	swn	3	3
丝袜奶茶	swni	1	4
嗦我牛牛	swnn	1	4
死亡凝视	swnu	1	4
嗦我牛子	swnz	1	4
思维判断	swpd	1	4
三维软件	swrj	1	4
三无人员	swry	1	4
四五岁	sws	1	3
三五天	swt	1	3
四五天	swt	2	3
三维弹球	swtq	1	4
三维贴图	swtt	1	4
随我同行	swtx	1	4
三位数	swu	1	3
四位数	swu	2	3
算我输	swu	3	3
四五十	swu	4	3
散文诗	swu	5	3
塞翁失马，安知非福	swuf	1	4
死亡视角	swuj	1	4
死亡时间	swuj	2	4
送我上去	swuq	1	4
死亡诗社	swuu	1	4
三维数组	swuz	1	4
四维数组	swuz	2	4
三味真火	swvh	1	4
死亡证明	swvm	1	4
死亡之组	swvz	1	4
死亡威胁	swwx	1	4
死亡线	swx	1	3
思维习惯	swxg	1	4
死亡陷阱	swxj	1	4
死亡小组	swxz	1	4
三文鱼	swy	1	3
四五月	swy	2	3
算无遗策	swyc	1	4
思维运动	swyd	1	4
所谓伊人	swyr	1	4
死无葬身之地	swzd	1	4
塞我嘴里	swzl	1	4
思想	sx	1	2
实现	sx	2	2
缩小	sx	3	2
思乡病	sxb	1	3
思想包袱	sxbf	1	4
死性不改	sxbg	1	4
三叶草	sxc	1	3
素袖藏金	sxcj	1	4
三星堆	sxd	1	3
三相电	sxd	2	3
所幸的是	sxdu	1	4
三渲二	sxe	1	3
伺隙而动	sxed	1	4
扫兴而归	sxeg	1	4
死刑犯	sxf	1	3
孙媳妇	sxf	2	3
思想负担	sxfd	1	4
丝血反杀	sxfu	1	4
宋襄公	sxg	1	3
思想高度	sxgd	1	4
三仙归洞	sxgd	2	4
思想观念	sxgn	1	4
三星高照	sxgv	1	4
四下观望	sxgw	1	4
思想钢印	sxgy	1	4
死循环	sxh	1	3
思想汇报	sxhb	1	4
四下环顾	sxhg	1	4
思想混乱	sxhl	1	4
死刑核准	sxhv	1	4
思想活跃	sxhy	1	4
孙笑川	sxi	1	3
思想成熟	sxiu	1	4
三星级	sxj	1	3
四星级	sxj	2	3
思想家	sxj	3	3
思想境界	sxjj	1	4
三姓家奴	sxjn	1	4
三旬九食	sxju	1	4
思想觉悟	sxjw	1	4
速效救心丸	sxjw	2	4
速效救心	sxjx	1	4
思想开放	sxkf	1	4
私下里	sxl	1	3
算下来	sxl	2	3
四下里	sxl	3	3
四小龙	sxl	4	3
思想理论	sxll	1	4
三下两下	sxlx	2	4
思想矛盾	sxmd	1	4
思想品德	sxpd	1	4
随想曲	sxq	1	3
思想启蒙	sxqm	1	4
思乡情切	sxqq	1	4
送信人	sxr	1	3
思贤如渴	sxrk	1	4
三兄四弟	sxsd	1	4
三小时	sxu	1	3
四小时	sxu	2	3
思想上	sxu	3	3
赛西施	sxu	4	3
思想束缚	sxuf	1	4
思想深刻	sxuk	1	4
思想实验	sxuy	1	4
算下账	sxv	1	3
思想准备	sxvb	1	4
三相之力	sxvl	1	4
思乡之情	sxvq	1	4
思想政治	sxvv	1	4
色香味	sxw	1	3
蒜香味	sxw	2	3
三下五除二	sxwe	1	4
色香味俱全	sxwq	2	4
四喜丸子	sxwz	1	4
四禧丸子	sxwz	2	4
思想性	sxx	1	3
松下幸之助	sxxv	1	4
所吸引	sxy	1	3
所需要	sxy	2	3
死心眼	sxy	3	3
三选一	sxy	4	3
四选一	sxy	5	3
所需要的	sxyd	1	4
思想压力	sxyl	1	4
思想意识	sxyu	1	4
死心眼子	sxyz	1	4
所以	sy	2	2
所有	sy	3	2
使用	sy	4	2
死于安乐	syal	1	4
死一般	syb	1	3
四野八荒	sybh	1	4
思源笔记	sybj	2	4
岁月变迁	sybq	1	4
死一边去	sybq	2	4
岁月不饶人	sybr	1	4
虽远必诛	sybv	1	4
所言不虚	sybx	1	4
死因不详	sybx	2	4
四叶草	syc	1	3
三叶草	syc	2	3
宿雨餐风	sycf	1	4
所以才会	sych	1	4
岁月催人老	sycl	1	4
岁月从不败美人	sycr	1	4
所有的	syd	1	3
隋炀帝	syd	2	3
所有地方	sydf	1	4
所有的一切	sydq	1	4
所有的人	sydr	1	4
所有东西	sydx	1	4
所以动心忍性	sydx	2	4
肆意而为	syew	1	4
三月份	syf	1	3
四月份	syf	2	3
塞牙缝	syf	3	3
四一分推	syft	1	4
肆意非为	syfw	1	4
所言非虚	syfx	2	4
所有费用	syfy	1	4
四羊方尊	syfz	1	4
所有国家	sygj	2	4
私有化	syh	1	3
所蕴含的	syhd	2	4
死于话多	syhd	3	4
肆意横流	syhl	1	4
似有还无	syhw	1	4
三叶虫	syi	1	3
酥油茶	syi	2	3
私营成分	syif	1	4
所有经过	syjg	1	4
私有经济	syjj	2	4
所言极是	syju	2	4
死要见尸	syju	3	4
松一口气	sykq	1	4
岁月留痕	sylh	1	4
撒哟啦啦	syll	1	4
岁月流逝	sylu	1	4
所有利益	syly	2	4
岁月漫长	symv	1	4
死要面子活受罪	symz	2	4
所以呢	syn	1	3
所以那个	syng	2	4
撒由那拉	synl	1	4
所以那样	syny	1	4
死硬派	syp	1	3
苏有朋	syp	2	3
所有权	syq	1	3
所有钱	syq	2	3
所要求	syq	3	3
所有情况	syqk	1	4
四有青年	syqn	1	4
所有人	syr	2	3
赛亚人	syr	3	3
所以然	syr	4	3
所有人的	syrd	1	4
缩阳入腹	syrf	2	4
所以如果	syrg	1	4
所有人员	syry	1	4
试一试	sys	1	3
算一算	sys	2	3
扫一扫	sys	3	3
三原色	sys	4	3
似有似无	sysw	1	4
死丫头	syt	1	3
所有条件	sytj	1	4
嗓音甜美	sytm	1	4
所以说	syu	1	3
三亚市	syu	2	3
四言诗	syu	3	3
岁月是把杀猪刀	syud	1	4
苏伊士运河	syuh	2	4
所有时间	syuj	1	4
所以说呢	syun	1	4
所有事情	syuq	1	4
所言甚是	syuu	1	4
岁月史书	syuu	2	4
所有事项	syux	1	4
所有者	syv	2	3
私有制	syv	3	3
所有制	syv	4	3
三英战吕布	syvb	1	4
所以知道	syvd	1	4
所以这个	syvg	2	4
所有制经济	syvj	1	4
所以这是	syvu	1	4
所以这样	syvy	1	4
私以为	syw	1	3
所以我	syw	2	3
所以我就	sywj	1	4
所以我们	sywm	1	4
岁月无情	sywq	1	4
所有问题	sywt	1	4
肆意妄行	sywx	1	4
死亦为鬼雄	sywx	2	4
所以我在	sywz	1	4
扫一下	syx	2	3
随意性	syx	3	3
所以现在	syxz	1	4
死鱼眼	syy	1	3
饲养员	syy	2	3
所拥有	syy	3	3
所拥有的	syyd	1	4
所有一切	syyq	1	4
所有原因	syyy	1	4
撒丫子	syz	1	3
孙燕姿	syz	2	3
死鸭子嘴硬	syzy	1	4
所在	sz	2	2
死在	sz	3	2
三字词	szc	1	3
四字词	szc	2	3
四字词语	szcy	1	4
所在地	szd	1	3
所在的	szd	2	3
四字弟弟	szdd	1	4
所在地址	szdv	1	4
宋祖儿	sze	2	3
丧葬费	szf	1	3
似醉非醉	szfz	1	4
四则混合运算	szhs	1	4
所造成	szi	1	3
所造成的	szid	1	4
所做出的	szid	2	4
四字成语	sziy	1	4
三字经	szj	1	3
死罪可免	szkm	1	4
死罪可免，活罪难逃	szkt	1	4
臊子面	szm	2	3
算在内	szn	2	3
酸枣仁	szr	1	3
色字头上一把刀	sztd	1	4
随嘴说	szu	1	3
嗓子沙哑	szuy	1	4
算总账	szv	1	3
所在之处	szvi	1	4
死在这里	szvl	1	4
所做之事	szvu	1	4
似曾相识燕归来	szxl	1	4
似曾相识	szxu	1	4
嗓子眼	szy	2	3
同案犯	taf	1	3
天安门	tam	2	3
天安门广场	tami	1	4
天安门事件	tamj	1	4
天安门城楼	taml	1	4
疼爱有加	tayj	1	4
凸凹有致	tayv	1	4
逃避	tb	1	2
特别	tb	2	2
同步	tb	3	2
铁臂阿童木	tbam	1	4
特别报道	tbbd	1	4
逃避不掉	tbbd	2	4
逃避不了	tbbl	1	4
特别不同	tbbt	1	4
通臂白猿	tbby	1	4
挺不错	tbc	1	3
挺不错的	tbcd	1	4
天不从人愿	tbcy	1	4
听不懂	tbd	1	3
听不到	tbd	2	3
逃不掉	tbd	3	3
淘宝店	tbd	4	3
特别多	tbd	5	3
听不大懂	tbdd	2	4
逃不掉的	tbdd	3	4
坦白地讲	tbdj	1	4
淘宝店铺	tbdp	1	4
太不懂事	tbdu	1	4
填饱肚子	tbdz	1	4
土办法	tbf	1	3
逃不过	tbg	1	3
通不过	tbg	2	3
听不惯	tbg	3	3
听不够	tbg	4	3
秃宝盖	tbg	5	3
填补国内空白	tbgb	1	4
特别规定	tbgd	1	4
透不过气来	tbgl	1	4
跳不过去	tbgq	2	4
特别高兴	tbgx	1	4
同步更新	tbgx	2	4
特别好	tbh	1	3
唐伯虎	tbh	2	3
特别好看	tbhk	1	4
特别好评	tbhp	1	4
唐伯虎点秋香	tbhx	1	4
听不出	tbi	1	3
逃不出	tbi	2	3
踏板车	tbi	3	3
投畀豺虎	tbih	1	4
替补出场	tbii	1	4
听不出来	tbil	1	4
逃不出来	tbil	2	4
逃不出去	tbiq	1	4
腾不出手	tbiu	1	4
替补出战	tbiv	1	4
听不见	tbj	1	3
听不进	tbj	2	3
特别奖	tbj	3	3
坦白交代	tbjd	1	4
他不觉得	tbjd	2	4
特别讲究	tbjj	1	4
太不讲究	tbjj	2	4
太不讲道理	tbjl	1	4
特别节目	tbjm	1	4
同胞姐妹	tbjm	2	4
听不进去	tbjq	1	4
投标竞争	tbjv	1	4
头把交椅	tbjy	1	4
贴补家用	tbjy	2	4
添兵减灶	tbjz	1	4
逃不开	tbk	1	3
脱不开	tbk	2	3
淘宝客	tbk	3	3
淘宝客服	tbkf	1	4
天崩开局	tbkj	1	4
填补空缺	tbkq	1	4
脱不开身	tbku	1	4
特别看重	tbkv	1	4
痛并快乐着	tbkv	2	4
太棒了	tbl	1	3
逃不了	tbl	2	3
谈不拢	tbl	3	3
填补了	tbl	4	3
听不了	tbl	5	3
谈不来	tbl	6	3
甜不辣	tbl	7	3
逃避劳动	tbld	1	4
砣不离秤	tbli	1	4
脱不了壳	tblk	1	4
淘宝联盟	tblm	1	4
脱不了身	tblu	1	4
徒步旅行	tblx	1	4
脱不了干系	tblx	2	4
徒步旅游	tbly	1	4
同胞们	tbm	1	3
淘宝买家	tbmj	1	4
淘宝卖家	tbmj	2	4
特别鸣谢	tbmx	1	4
特别难受	tbnu	1	4
天不怕地不怕	tbpp	2	4
提不起	tbq	1	3
听不清	tbq	2	3
通鼻窍	tbq	3	3
他不确定	tbqd	2	4
听不清楚	tbqi	1	4
提不起劲	tbqj	1	4
提不起干劲	tbqj	2	4
通报情况	tbqk	1	4
抬不起头来	tbql	1	4
提不起兴趣	tbqq	1	4
抬不起头	tbqt	1	4
特别强调	tbqt	2	4
提不起精神	tbqu	1	4
替补球员	tbqy	1	4
探本穷源	tbqy	2	4
投保人	tbr	1	3
投标人	tbr	2	3
汤不热	tbr	3	3
倘不如此	tbrc	1	4
挺不容易	tbry	1	4
特别容易	tbry	2	4
太不容易	tbry	3	4
天不遂人愿	tbsy	2	4
听不听	tbt	1	3
疼不疼	tbt	2	3
痛不痛	tbt	3	3
听不太懂	tbtd	1	4
妥不妥当	tbtd	2	4
同比提高	tbtg	1	4
太变态了	tbtl	1	4
听不太清	tbtq	2	4
停杯投箸	tbtv	1	4
同班同学	tbtx	1	4
同不同意	tbty	1	4
特别是	tbu	1	3
谈不上	tbu	2	3
坦白说	tbu	3	3
土拨鼠	tbu	4	3
铁布衫	tbu	5	3
铁板烧	tbu	6	3
谈不上好	tbuh	1	4
淘宝商城	tbui	1	4
替补上场	tbui	2	4
太不是个东西了	tbul	1	4
特别声明	tbum	1	4
铁板神数	tbuu	1	4
天不生我	tbuw	1	4
特别是在	tbuz	1	4
挺不住	tbv	1	3
停不住	tbv	2	3
脱北者	tbv	3	3
头部主播	tbvb	1	4
特别之处	tbvi	2	4
鲐背之年	tbvn	1	4
同步助手	tbvu	1	4
特别注意	tbvy	1	4
特别重要	tbvy	2	4
填报志愿	tbvy	3	4
淘宝网	tbw	1	3
听不完	tbw	2	3
同步完成	tbwi	1	4
替补席	tbx	1	3
投币箱	tbx	2	3
徒步鞋	tbx	3	3
特别效果	tbxg	1	4
特别喜欢	tbxh	2	4
同比下降	tbxj	1	4
停不下来	tbxl	2	4
特别行政区	tbxq	1	4
他不希望	tbxw	1	4
太不小心	tbxx	1	4
特别需要	tbxy	1	4
太不像样	tbxy	2	4
特别小组	tbxz	1	4
听不厌	tby	1	3
通臂猿猴	tbyh	1	4
同病异治	tbyv	2	4
特别影响	tbyx	1	4
铁板鱿鱼	tbyy	1	4
太不一样	tbyy	2	4
土包子	tbz	1	3
同比增长	tbzi	2	4
同比增加	tbzj	1	4
逃避责任	tbzr	1	4
逃避罪责	tbzz	1	4
推测	tc	2	2
天才	tc	3	2
体操队	tcd	2	3
天材地宝	tcdb	1	4
天残地缺	tcdq	1	4
逃窜犯	tcf	1	3
题材广泛	tcgf	1	4
调仓换股	tchg	1	4
听错了	tcl	2	3
太惨了	tcl	3	3
太菜了	tcl	4	3
糖醋里脊	tclj	2	4
挺聪明	tcm	1	3
图层蒙版	tcmb	1	4
糖醋排骨	tcpg	1	4
探测器	tcq	1	3
提词器	tcq	2	3
天蚕土豆	tctd	2	4
特此声明	tcum	1	4
天才少年	tcun	1	4
土财主	tcv	2	3
特此证明	tcvm	1	4
调词序	tcx	2	3
题材新颖	tcxy	1	4
糖醋鱼	tcy	1	3
吐槽一句	tcyj	2	4
听到	td	2	2
他的	td	3	2
特大杯	tdb	2	3
铁道部	tdb	3	3
铁道兵	tdb	4	3
糖蛋白	tdb	5	3
天地不仁以万物为刍狗	tdbg	1	4
贪多不易嚼烂	tdbl	1	4
特大暴雨	tdby	1	4
头等舱	tdc	2	3
听得懂	tdd	1	3
听得到	tdd	2	3
坦荡荡	tdd	3	3
铁打的营盘流水的兵	tddb	1	4
天大的笑话	tddh	2	4
头都大了	tddl	1	4
提灯定损	tdds	3	4
天地大同	tddt	1	4
态度恶劣	tdel	1	4
甜到发齁	tdfh	1	4
贴地飞行	tdfx	1	4
偷得浮生半日闲	tdfx	2	4
台独分子	tdfz	1	4
土地公	tdg	1	3
土地公公	tdgg	2	4
痛断肝肠	tdgi	1	4
特大号	tdh	1	3
通电话	tdh	2	3
天地会	tdh	3	3
态度和蔼	tdha	1	4
太当回事儿	tdhe	3	4
态度很好	tdhh	1	4
态度很差	tdhi	1	4
特定环境	tdhj	1	4
跳到黄河洗不清	tdhq	1	4
太当回事	tdhu	2	4
天妒红颜	tdhy	1	4
团队合作	tdhz	3	4
听得出	tdi	2	3
土地承包	tdib	2	4
听得出来	tdil	2	4
土地出让	tdir	1	4
特大城市	tdiu	3	4
听得见	tdj	1	3
特等奖	tdj	2	3
头等奖	tdj	3	3
天地间	tdj	4	3
态度坚决	tdjj	1	4
团队竞技	tdjj	2	4
团队经理	tdjl	2	4
贪多嚼不烂	tdjl	3	4
偷渡客	tdk	2	3
土地开发	tdkf	1	4
天地可鉴	tdkj	1	4
听到了	tdl	2	3
太多了	tdl	3	3
太大了	tdl	4	3
太对了	tdl	5	3
推动力	tdl	6	3
挑大梁	tdl	7	3
谈得来	tdl	8	3
痛打落水狗	tdlg	2	4
太对了哥	tdlg	3	4
天打雷轰	tdlh	3	4
提到了嗓子眼	tdly	1	4
土地庙	tdm	1	3
头顶冒汗	tdmh	2	4
太倒霉了	tdml	1	4
土地买卖	tdmm	2	4
态度明确	tdmq	1	4
听到没有	tdmy	1	4
土豆泥	tdn	2	3
替代品	tdp	1	3
团队配合	tdph	2	4
托毒排脓	tdpn	1	4
土地批租	tdpz	1	4
提得起	tdq	1	3
听得清	tdq	2	3
舔犊情深	tdqu	1	4
态度强硬	tdqy	2	4
坦荡如砥	tdrd	1	4
特定人群	tdrq	1	4
土豆丝	tds	1	3
太嘚瑟了	tdsl	1	4
挺大岁数	tdsu	2	4
逃的逃	tdt	2	3
通地铁	tdt	3	3
踢到铁板	tdtb	1	4
太多太多	tdtd	2	4
天地同寿	tdtu	2	4
头顶上	tdu	1	3
跳大神	tdu	2	3
谈得上	tdu	3	3
头戴式	tdu	4	3
荼毒生灵	tdul	1	4
土地审批	tdup	1	4
态度生硬	tduy	1	4
挺得住	tdv	2	3
听党指挥	tdvh	3	4
天地之间	tdvj	1	4
听得真切	tdvq	1	4
土地转让	tdvr	2	4
听懂掌声	tdvu	3	4
同等重要	tdvy	1	4
土豆网	tdw	1	3
佟大为	tdw	2	3
头大无比	tdwb	1	4
团队文化	tdwh	1	4
天打五雷轰	tdwh	2	4
天地为证	tdwv	1	4
天底下	tdx	2	3
偷东西	tdx	3	3
泰迪熊	tdx	4	3
甜点心	tdx	5	3
特定性	tdx	6	3
天地玄黄	tdxh	2	4
恬淡虚无	tdxw	1	4
特大喜讯	tdxx	2	4
团队协作	tdxz	1	4
土地爷	tdy	2	3
调度员	tdy	3	3
投递员	tdy	4	3
痛打一顿	tdyd	1	4
他大爷的	tdyd	2	4
天道有轮回	tdyh	3	4
天地银行	tdyh	4	4
调大音量	tdyl	1	4
疼得要命	tdym	1	4
疼得要死	tdys	1	4
太大影响	tdyx	1	4
腿肚子	tdz	2	3
天地造化	tdzh	2	4
添丁增口	tdzk	1	4
土地资源	tdzy	2	4
痛而不言	teby	1	4
胎儿发育	tefy	1	4
天鹅湖	teh	1	3
土耳其	teq	1	3
退而求其次	teqc	1	4
天鹅绒	ter	1	3
天鹅肉	ter	2	3
托儿所	tes	1	3
同恶相助	texv	1	4
兔儿爷	tey	1	3
天鹅座	tez	1	3
挺而走险	tezx	2	4
头发	tf	1	2
天赋	tf	2	2
挺方便	tfb	1	3
挺方便的	tfbd	1	4
特发此状	tfcv	1	4
特发此证	tfcv	2	4
投反对票	tfdp	1	4
土方儿	tfe	1	3
突发恶疾	tfej	1	4
通风管	tfg	1	3
头发昏	tfh	1	3
头发长见识短	tfid	1	4
推翻重来	tfil	1	4
徒费唇舌	tfiu	1	4
天赋出众	tfiv	1	4
太费劲	tfj	1	3
挺费劲	tfj	2	3
通风机	tfj	3	3
突发疾病	tfjb	1	4
统分结合	tfjh	1	4
天赋觉醒	tfjx	1	4
听风就是雨	tfjy	1	4
通风口	tfk	1	3
托福考试	tfku	1	4
图费口舌	tfku	2	4
天妇罗	tfl	1	3
通风良好	tflh	1	4
掏粪男孩	tfnh	1	4
跳发球	tfq	1	3
突发情况	tfqk	1	4
天赋权利	tfql	1	4
突发奇想	tfqx	1	4
天赋人权	tfrq	1	4
头发丝	tfs	1	3
通风条件	tftj	1	4
同父同母	tftm	1	4
投放市场	tfui	1	4
听风是雨	tfuy	1	4
田馥甄	tfv	1	3
突发状况	tfvk	1	4
托付终生	tfvu	1	4
托付终身	tfvu	2	4
铁饭碗	tfw	1	3
铁废物	tfw	2	3
突发性	tfx	1	3
徒费心神	tfxu	1	4
土肥圆	tfy	1	3
台风眼	tfy	2	3
剃发易服	tfyf	1	4
同分异构	tfyg	1	4
同分异构体	tfyt	2	4
太复杂	tfz	1	3
提高	tg	2	2
通过	tg	3	2
台港澳	tga	1	3
特供版	tgb	1	3
团干部	tgb	2	3
同工不同酬	tgbi	1	4
通关存档	tgcd	1	4
提供参考	tgck	1	4
提高到	tgd	1	3
讨公道	tgd	2	3
特攻队	tgd	3	3
天罡地煞	tgdu	1	4
泰戈尔	tge	1	3
腾格尔	tge	2	3
踏歌而去	tgeq	1	4
踏歌而行	tgex	1	4
太过分	tgf	1	3
提供方便	tgfb	1	4
提高幅度	tgfd	1	4
通过付款	tgfk	1	4
太过分了	tgfl	1	4
铁杆粉丝	tgfs	1	4
推广方式	tgfu	1	4
提供服务	tgfw	2	4
提供给	tgg	1	3
头盖骨	tgg	2	3
讨个公道	tggd	1	4
跳过广告	tggg	1	4
托古改制	tggv	1	4
退耕还牧	tghm	1	4
天高皇帝远	tghy	1	4
天狗吃月亮	tgil	1	4
提供产品	tgip	1	4
铁公鸡	tgj	1	3
退格键	tgj	2	3
铁公鸡一毛不拔	tgjb	1	4
体格检查	tgji	1	4
探个究竟	tgjj	1	4
提高技术	tgju	1	4
通过决议	tgjy	1	4
通过率	tgl	1	3
提高了	tgl	2	3
图个乐	tgl	3	3
铁拐李	tgl	4	3
腾格里沙漠	tglm	1	4
图个乐子	tglz	1	4
铁哥们	tgm	1	3
贪功冒进	tgmj	2	4
天刚蒙蒙亮	tgml	1	4
提高能力	tgnl	1	4
通过努力	tgnl	2	4
通过评估	tgpg	1	4
提供平台	tgpt	1	4
弹钢琴	tgq	1	3
挺过去	tgq	2	3
唐国强	tgq	3	3
退改签	tgq	4	3
通观全局	tgqj	1	4
投稿人	tgr	2	3
天高任鸟飞	tgrf	1	4
剃光头	tgt	1	3
痛贯天灵	tgtl	1	4
图个啥	tgu	1	3
同根生	tgu	2	3
退格数	tgu	3	3
讨个说法	tguf	1	4
听歌识曲	tguq	1	4
通过申请	tguq	2	4
同归殊途	tgut	1	4
铁棍山药	tguy	1	4
天狗食月	tguy	2	4
提供者	tgv	2	3
体感温度	tgwd	1	4
通关文牒	tgwd	2	4
提个醒	tgx	2	3
托关系	tgx	3	3
挺高兴	tgx	4	3
挺搞笑	tgx	5	3
太感谢了	tgxl	2	4
提高性能	tgxn	1	4
挺感兴趣	tgxq	1	4
弹冠相庆	tgxq	2	4
提供线索	tgxs	1	4
透过现象看本质	tgxv	1	4
通过学习	tgxx	1	4
太过于	tgy	1	3
铁观音	tgy	2	3
涂改液	tgy	3	3
体感游戏	tgyx	1	4
拖工资	tgz	1	3
提供资金	tgzj	1	4
谈话	th	2	2
体会	th	3	2
天花板	thb	2	3
童话般	thb	3	3
特惠版	thb	4	3
体会不出	thbi	2	4
体会到	thd	2	3
土皇帝	thd	3	3
弹簧刀	thd	4	3
桃花岛	thd	5	3
提货单	thd	6	3
体会到了	thdl	3	4
头号敌人	thdr	1	4
同行的衬托	thdt	1	4
天回地转	thdv	1	4
童话大王	thdw	1	4
通话费	thf	2	3
听候发落	thfl	2	4
桃花夫人	thfr	1	4
头号粉丝	thfs	1	4
碳化硅	thg	2	3
讨回公道	thgd	2	4
头号公敌	thgd	3	4
偷换概念	thgn	1	4
天潢贵胄	thgv	2	4
退换货	thh	2	3
太好喝了	thhl	2	4
通话号码	thhm	1	4
汰换合同	thht	2	4
挺好吃	thi	2	3
弹簧秤	thi	3	3
挺好吃的	thid	1	4
同化成功	thig	1	4
退货成功	thig	2	4
太好吃了	thil	3	4
同行衬托	thit	2	4
钛合金	thj	1	3
土豪金	thj	2	3
天行健	thj	3	3
通话记录	thjl	2	4
挺好看	thk	2	3
挺好看的	thkd	1	4
天胡开局	thkj	2	4
太好看了	thkl	1	4
太好了	thl	2	3
糖葫芦	thl	3	3
太坏了	thl	4	3
退货率	thl	5	3
通话录音	thly	1	4
挑花了眼	thly	2	4
天皇老子	thlz	1	4
提货码	thm	2	3
讨好卖乖	thmg	1	4
弹簧片	thp	1	3
铁汉柔情	thrq	1	4
头号人物	thrw	1	4
痰火扰心	thrx	1	4
痛何如哉	thrz	1	4
土黄色	ths	2	3
褪黑素	ths	3	3
拖后腿	tht	2	3
挺好听的	thtd	1	4
退货退款	thtk	1	4
太好听了	thtl	1	4
拖后腿了	thtl	2	4
听话听音	thty	1	4
太行山	thu	1	3
趟浑水	thu	2	3
同花顺	thu	3	3
挺好使	thu	4	3
同行是冤家	thuj	2	4
通行证	thv	2	3
拓荒者	thv	3	3
天黑之前	thvq	1	4
挺好玩	thw	1	3
挺好玩的	thwd	1	4
头号玩家	thwj	3	4
太好玩了	thwl	1	4
挺好笑	thx	1	3
停火协议	thxy	1	4
同呼吸共命运	thxy	2	4
同呼吸，共命运	thxy	3	4
桃花运	thy	1	3
同行业	thy	2	3
桃花源	thy	3	3
天海翼	thy	4	3
挺好用的	thyd	1	4
桃花依旧笑春风	thyf	1	4
太好用了	thyl	1	4
调和营卫	thyw	1	4
体会一下	thyx	2	4
天珩字库	thzk	1	4
同化作用	thzy	1	4
退出	ti	2	2
提出	ti	3	2
调查表	tib	2	3
坦诚布公	tibg	1	4
调查报告	tibg	2	4
太长不看	tibk	1	4
通常不是	tibu	2	4
突出表现	tibx	1	4
突出点	tid	1	3
调查的结果	tidg	2	4
通常都会	tidh	2	4
退出登录	tidl	1	4
退出登陆	tidl	2	4
统筹发展	tifv	1	4
同城服务	tifw	1	4
调查发现	tifx	1	4
调查分析	tifx	2	4
通常会	tih	2	3
调查会	tih	3	3
停车场	tii	2	3
贪嗔痴	tii	3	3
退出重进	tiij	1	4
铁杵成针	tiiv	1	4
腿抽筋	tij	2	3
调查局	tij	3	3
退出键	tij	4	3
调查结果	tijg	2	4
退出江湖	tijh	1	4
停车库	tik	2	3
提出看法	tikf	1	4
提出控告	tikg	1	4
腾出空间	tikj	1	4
突出困难	tikn	1	4
腾出空位	tikw	1	4
提出抗议	tiky	1	4
跳出来	til	2	3
提出了	til	3	3
提出来	til	4	3
掏出来	til	5	3
太差了	til	6	3
太迟了	til	7	3
突出了	til	8	3
太丑了	til	9	3
太扯了	til	10	3
通常来讲	tilj	2	4
弹窗拦截	tilj	3	4
退出历史舞台	tilt	1	4
通常来说	tilu	1	4
退出历史	tilu	2	4
挑出毛病	timb	1	4
调查摸底	timd	1	4
突出矛盾	timd	2	4
体察民情	timq	1	4
铁杵磨成针	timv	1	4
停车坪	tip	1	3
提出赔偿	tipi	1	4
提出批评	tipp	1	4
脱产培训	tipx	1	4
弹出去	tiq	2	3
退出群聊	tiql	2	4
踢出群聊	tiql	3	4
跳出三界之外，不在五行之中	tisv	1	4
跳出三界之外	tisw	1	4
提出条件	titj	2	4
探出头来	titl	1	4
同吃同住	titv	2	4
突出体现	titx	1	4
通常是	tiu	2	3
贪吃蛇	tiu	3	3
特长生	tiu	4	3
天朝上国	tiug	3	4
腾出时间	tiuj	2	4
挺长时间	tiuj	3	4
太长时间	tiuj	4	4
腾出手来	tiul	1	4
天朝上品	tiup	1	4
提出申请	tiuq	1	4
逃出生天	tiut	1	4
通常是指	tiuv	2	4
突出重点	tivd	1	4
退出直播间	tivj	1	4
突出主题	tivt	1	4
突出重围	tivw	1	4
停车位	tiw	1	3
统称为	tiw	2	3
填充物	tiw	3	3
铜臭味	tiw	4	3
调查问卷	tiwj	1	4
突出问题	tiwt	1	4
提出问题	tiwt	2	4
停车位置	tiwv	1	4
腾出位置	tiwv	2	4
通常性	tix	2	3
提出需求	tixq	1	4
统筹协调	tixt	1	4
调查小组	tixz	1	4
调查员	tiy	2	3
踏出一步	tiyb	1	4
提出意见	tiyj	3	4
推出一款	tiyk	2	4
汤臣一品	tiyp	1	4
提出要求	tiyq	1	4
推迟一天	tiyt	1	4
同处一室	tiyu	2	4
退出游戏	tiyx	1	4
提出异议	tiyy	1	4
调查组	tiz	2	3
天秤座	tiz	3	3
同城自提	tizt	1	4
条件	tj	2	2
推荐	tj	3	2
统计表	tjb	2	3
头颈部	tjb	3	3
淘金币	tjb	4	3
统计报表	tjbb	1	4
天机不可泄露	tjbl	1	4
天机不可泄漏	tjbl	2	4
偷鸡不着蚀把米	tjbm	1	4
偷鸡不成蚀把米	tjbm	2	4
突击步枪	tjbq	1	4
田径比赛	tjbs	1	4
条件不允许	tjbx	1	4
特技表演	tjby	1	4
突击测试	tjcu	1	4
统计错误	tjcw	1	4
他觉得	tjd	2	3
她觉得	tjd	3	3
太简单	tjd	4	3
突击队	tjd	5	3
台积电	tjd	6	3
土鸡蛋	tjd	7	3
太简单了	tjdl	1	4
团结带领	tjdl	2	4
田间地头	tjdt	1	4
特级大师	tjdu	1	4
通缉犯	tjf	2	3
团结奋斗	tjfd	1	4
统计方法	tjff	2	4
田甲方框四车力	tjfl	1	4
跳狙飞人	tjfr	2	4
偷井盖	tjg	2	3
厅级干部	tjgb	1	4
条件格式	tjgu	1	4
套近乎	tjh	2	3
条件好	tjh	3	3
条件很差	tjhi	1	4
跳进黄河洗不清	tjhq	2	4
推荐好友	tjhy	2	4
田径场	tji	1	3
添加剂	tjj	2	3
推进剂	tjj	3	3
甜津津	tjj	4	3
统计结果	tjjg	1	4
突击检查	tjji	3	4
统计加估计	tjjj	1	4
团结就是力量	tjjl	1	4
铁将军把门	tjjm	2	4
调节机制	tjjv	1	4
推荐机制	tjjv	2	4
推己及物	tjjw	1	4
天将降大任于斯人也	tjjy	1	4
梯级开发	tjkf	1	4
条件苛刻	tjkk	1	4
塔吉克斯坦	tjkt	1	4
听见了	tjl	2	3
通缉令	tjl	3	3
太假了	tjl	4	3
投简历	tjl	5	3
谈今论古	tjlg	2	4
听见了吗	tjlm	2	4
推荐名额	tjme	1	4
推荐免试	tjmu	3	4
推进民主	tjmv	1	4
头几年	tjn	1	3
统计年报	tjnb	1	4
统计年鉴	tjnj	1	4
同居女友	tjny	1	4
同居男友	tjny	2	4
铁匠铺	tjp	1	3
停机坪	tjp	2	3
特价票	tjp	3	3
特级品	tjp	4	3
团结拼搏	tjpb	1	4
推荐品牌	tjpp	1	4
天纪排盘	tjpp	2	4
天将破晓	tjpx	1	4
推荐朋友	tjpy	1	4
推进器	tjq	2	3
太极拳	tjq	3	3
调节器	tjq	4	3
团结起来	tjql	1	4
听进去了	tjql	2	4
团结群众	tjqv	1	4
调解人	tjr	2	3
提交日期	tjrq	1	4
条件如下	tjrx	1	4
统计人员	tjry	1	4
田径赛	tjs	2	3
唐家三少	tjsu	2	4
条件所限	tjsx	2	4
退居三线	tjsx	3	4
头几天	tjt	2	3
统计图	tjt	3	3
弹吉他	tjt	4	3
太极图	tjt	5	3
铜浇铁铸	tjtv	2	4
突击提问	tjtw	1	4
统计特性	tjtx	1	4
团结统一	tjty	1	4
天津市	tju	2	3
调酒师	tju	3	3
突击手	tju	4	3
推荐使用微信支付	tjuf	2	4
太谨慎了	tjul	1	4
提交事务	tjuw	1	4
碳基生物	tjuw	2	4
推荐使用	tjuy	1	4
投机者	tjv	1	3
厅局长	tjv	2	3
他就知道	tjvd	1	4
她就知道	tjvd	2	4
天假之年	tjvn	1	4
天降正义	tjvy	1	4
天津卫	tjw	1	3
土鸡瓦狗	tjwg	1	4
停机维护	tjwh	2	4
痛击我的队友	tjwy	1	4
条件下	tjx	2	3
推荐信	tjx	3	3
天际线	tjx	4	3
统计学	tjx	5	3
铁甲小宝	tjxb	3	4
田间小道	tjxd	1	4
条件限制	tjxv	1	4
提建议	tjy	2	3
统计员	tjy	3	3
听君一席话	tjyh	1	4
条件允许的话	tjyh	2	4
推荐一款	tjyk	1	4
调节音量	tjyl	1	4
胎教音乐	tjyl	2	4
脱缰野马	tjym	1	4
条件有限	tjyx	2	4
统计意义	tjyy	1	4
条件优越	tjyy	2	4
抬轿子	tjz	2	3
踢毽子	tjz	3	3
通假字	tjz	4	3
痛苦	tk	2	2
天空	tk	3	2
挺可爱	tka	1	3
太可爱了	tkal	1	4
太恐怖	tkb	2	3
太可悲	tkb	3	3
坦克兵	tkb	4	3
痛苦不堪	tkbk	1	4
太恐怖了	tkbl	1	4
填空补缺	tkbq	1	4
太空舱	tkc	2	3
太空电梯	tkdt	1	4
瞳孔地震	tkdv	2	4
太空服	tkf	2	3
贪口腹	tkf	3	3
瞳孔放大	tkfd	1	4
讨口饭吃	tkfi	1	4
腾空飞脚	tkfj	2	4
腿控福利	tkfl	1	4
太空歌剧	tkgj	1	4
痛快话	tkh	2	3
特困户	tkh	3	3
太空海盗	tkhd	2	4
太空船	tki	1	3
坦克车	tki	2	3
提款机	tkj	2	3
腾空间	tkj	3	3
太苛刻	tkk	2	3
太快了	tkl	1	3
太可怜	tkl	2	3
淘口令	tkl	3	3
塔克拉玛干	tklg	2	4
太可怜了	tkll	2	4
塔克拉玛干沙漠	tklm	1	4
摊开来说	tklu	2	4
太空旅行	tklx	1	4
拓宽领域	tkly	1	4
太空棉	tkm	2	3
太空漫步	tkmb	1	4
痛苦面具	tkmj	2	4
痛苦难耐	tknn	1	4
条款内容	tknr	1	4
太可怕	tkp	1	3
特靠谱	tkp	2	3
挺可怕	tkp	3	3
太可怕了	tkpl	1	4
太可怕啦	tkpl	2	4
体亏屁思	tkps	1	4
叹口气	tkq	1	3
掏空钱包	tkqb	1	4
拓宽渠道	tkqd	1	4
太客气了	tkql	1	4
太空人	tkr	2	3
太空梭	tks	2	3
田框四车甲单底	tksd	2	4
拓宽思路	tksl	1	4
填空题	tkt	2	3
铁矿石	tku	2	3
特困生	tku	3	3
铁口神断	tkud	1	4
坦克世界	tkuj	1	4
退款说明	tkum	1	4
太空史诗	tkuu	2	4
天空中	tkv	1	3
太空站	tkv	2	3
铁口直断	tkvd	2	4
拓宽知识面	tkvm	1	4
痛苦万分	tkwf	2	4
瞳孔微缩	tkws	1	4
脱口秀	tkx	2	3
挺开心	tkx	3	3
痛哭一场	tkyi	1	4
偷窥隐私	tkys	2	4
脱裤子	tkz	2	3
脱裤子放屁	tkzp	1	4
听了	tl	1	2
讨论	tl	2	2
谈恋爱	tla	1	3
偷来暗去	tlaq	1	4
塔利班	tlb	1	3
螳螂捕蝉，黄雀在后	tlbh	1	4
土了吧唧	tlbj	1	4
条理不清	tlbq	1	4
听了半天	tlbt	1	4
体力不支	tlbv	1	4
听力测试	tlcu	1	4
图灵测试	tlcu	2	4
屠龙刀	tld	1	3
套路贷	tld	2	3
图拉丁	tld	3	3
坦率地讲	tldj	1	4
泰勒定理	tldl	1	4
吐鲁番	tlf	1	3
透露风声	tlfu	1	4
秃噜反账	tlfv	1	4
秃撸反账	tlfv	2	4
讨论范围	tlfw	1	4
天灵盖	tlg	1	3
铁栏杆	tlg	2	3
脱了钩	tlg	3	3
铁路公安	tlga	1	4
天雷滚滚	tlgg	1	4
天雷勾地火	tlgh	1	4
天雷勾动地火	tlgh	2	4
铁路工程	tlgi	1	4
脱离关系	tlgx	2	4
挺厉害	tlh	1	3
太厉害	tlh	2	3
体力活	tlh	3	3
讨论会	tlh	4	3
太厉害了	tlhl	2	4
太厉害啦	tlhl	3	4
天凉好个秋	tlhq	1	4
讨论好词群	tlhq	2	4
拖了后腿	tlht	1	4
讨论话题	tlht	2	4
讨论会上	tlhu	1	4
天理何在	tlhz	2	4
透露出	tli	1	3
跳脸嘲讽	tlif	1	4
同类产品	tlip	2	4
逃了出去	tliq	1	4
拖拉机	tlj	1	3
铁路局	tlj	2	3
跳楼价	tlj	3	3
屯粮积草	tljc	1	4
讨论决定	tljd	1	4
通令嘉奖	tljj	2	4
太垃圾了	tljl	2	4
涕泪交零	tljl	3	4
铁路交通	tljt	1	4
铁路建设	tlju	1	4
铁路口岸	tlka	1	4
贴脸开大	tlkd	1	4
同理可得	tlkd	2	4
脱离苦海	tlkh	1	4
脱离困境	tlkj	1	4
脱了裤子放屁	tlkp	1	4
叹了口气	tlkq	1	4
吐了口气	tlkq	2	4
贴脸空枪	tlkq	3	4
特兰克斯	tlks	1	4
听力考试	tlku	1	4
太累了	tll	1	3
天亮了	tll	2	3
铁路旅客	tllk	1	4
讨论来讨论去	tllq	1	4
天伦乐事	tllu	1	4
捅了老鼠窝	tllw	1	4
捅了老窝	tllw	2	4
脱离了低级趣味	tllw	3	4
推拉门	tlm	1	3
土老冒	tlm	2	3
捅了马蜂窝	tlmw	1	4
桃李满天下	tlmx	1	4
头两年	tln	1	3
同林鸟	tln	2	3
太离谱	tlp	1	3
塔罗牌	tlp	2	3
特朗普	tlp	3	3
秃噜皮	tlp	4	3
太离谱了	tlpl	1	4
秃噜皮了	tlpl	2	4
弹力球	tlq	1	3
跳了起来	tlql	1	4
抬了起来	tlql	2	4
条理清晰	tlqx	1	4
同龄人	tlr	1	3
同路人	tlr	2	3
铁律如山	tlru	1	4
同龄人中	tlrv	1	4
天理人心	tlrx	1	4
泰拉瑞亚	tlry	2	4
天蓝色	tls	1	3
太啰嗦	tls	2	3
特仑苏	tls	3	3
泰勒斯	tls	4	3
泰勒斯威夫特	tlst	1	4
舔了舔	tlt	1	3
头两天	tlt	2	3
捅了捅	tlt	3	3
听了听	tlt	4	3
讨论通过	tltg	1	4
讨论探究	tltj	1	4
讨论讨论	tltl	1	4
挑了挑眉	tltm	1	4
摊了摊手	tltu	1	4
同龄退休	tltx	1	4
铁路投资	tltz	1	4
套路深	tlu	1	3
挺老实	tlu	2	3
铜锣烧	tlu	3	3
弹力绳	tlu	4	3
脱离生活	tluh	1	4
透露实情	tluq	1	4
同卵双胞胎	tlut	1	4
同卵双生	tluu	1	4
体力值	tlv	1	3
听力障碍	tlva	1	4
套路直播	tlvb	1	4
脱离主战场	tlvi	1	4
脱离战局	tlvj	2	4
泰勒展开	tlvk	1	4
屠龙者终成恶龙	tlvl	2	4
吐露真情	tlvq	1	4
天籁之声	tlvu	1	4
天理昭彰	tlvv	2	4
倘来之物	tlvw	1	4
天籁之音	tlvy	1	4
铜锣湾	tlw	1	3
铁路网	tlw	2	3
徒劳往返	tlwf	2	4
讨论问题	tlwt	1	4
脱离危险	tlwx	1	4
铜锣湾扛把子	tlwz	1	4
铁了心	tlx	1	3
体谅下	tlx	2	3
天狼星	tlx	3	3
同类型	tlx	4	3
同理心	tlx	5	3
条理性	tlx	6	3
同类项	tlx	7	3
脱落细胞	tlxb	1	4
袒露心扉	tlxf	1	4
体力消耗	tlxh	1	4
逃离现场	tlxi	2	4
脱离险境	tlxj	1	4
停了下来	tlxl	1	4
铁路项目	tlxm	1	4
同力协契	tlxq	1	4
退了下去	tlxq	2	4
听了想打人	tlxr	1	4
铁路系统	tlxt	1	4
吐露心声	tlxu	1	4
脱离现实	tlxu	2	4
袒露心声	tlxu	3	4
通力协作	tlxz	1	4
陀螺仪	tly	1	3
唐老鸭	tly	2	3
佟丽娅	tly	3	3
徒留遗憾	tlyh	1	4
讨论研究	tlyj	1	4
特洛伊木马	tlym	1	4
叹了一口气	tlyq	1	4
吐了一口气	tlyq	2	4
叹了一声	tlyu	2	4
通辽宇宙	tlyv	1	4
铁路沿线	tlyx	1	4
讨论一下	tlyx	2	4
推拉摇移	tlyy	1	4
停留在	tlz	1	3
铁笼子	tlz	2	3
讨论组	tlz	3	3
捅娄子	tlz	4	3
跳楼自杀	tlzu	1	4
他们	tm	2	2
它们	tm	3	2
甜蜜爱情	tmaq	1	4
挑毛病	tmb	2	3
听明白	tmb	3	3
他妈逼	tmb	4	3
他妈逼的	tmbd	1	4
听明白了	tmbl	1	4
天命不可违	tmbw	1	4
他们的	tmd	1	3
他妈的	tmd	2	3
它们的	tmd	3	3
透明度	tmd	4	3
甜蜜的爱情	tmdq	1	4
推门而入	tmer	1	4
添麻烦	tmf	1	3
太麻烦	tmf	2	3
挺麻烦的	tmfd	1	4
太麻烦了	tmfl	1	4
添麻烦了	tmfl	2	4
太敏感	tmg	2	3
同盟国	tmg	3	3
套马杆	tmg	4	3
透明化	tmh	1	3
同盟会	tmh	2	3
唾沫横飞	tmhf	1	4
探明储量	tmil	2	4
透明胶	tmj	1	3
桃木剑	tmj	2	3
甜面酱	tmj	3	3
同盟军	tmj	4	3
凸面镜	tmj	5	3
透明胶带	tmjd	1	4
他们觉得	tmjd	2	4
拖慢进度	tmjd	3	4
土木结构	tmjg	2	4
透明窟窿	tmkl	1	4
汤姆克鲁斯	tmks	3	4
他们俩	tml	2	3
她们俩	tml	3	3
太慢了	tml	4	3
太忙了	tml	5	3
太猛了	tml	6	3
太美了	tml	7	3
天马流星拳	tmlq	1	4
太没良心	tmlx	1	4
脱敏练习	tmlx	2	4
甜蜜蜜	tmm	2	3
听妈妈的话	tmmh	2	4
天猫魔盒	tmmh	3	4
他们没有	tmmy	1	4
天命难违	tmnw	1	4
提名人	tmr	1	3
唐马儒	tmr	2	3
他们认为	tmrw	2	4
提名人选	tmrx	1	4
托马斯	tms	1	3
汤姆森	tms	2	3
汤姆斯	tms	3	3
透明体	tmt	2	3
听没听过	tmtg	1	4
通明透亮	tmtl	1	4
体貌特征	tmtv	1	4
同名同姓	tmtx	1	4
他们是	tmu	1	3
他们说	tmu	2	3
它们是	tmu	3	3
她们说	tmu	4	3
他们说过	tmug	2	4
甜蜜双排	tmup	1	4
同门师兄	tmux	1	4
投名状	tmv	2	3
提名者	tmv	3	3
她们知道	tmvd	1	4
他们之间	tmvj	1	4
脱帽致敬	tmvj	2	4
同名专辑	tmvj	3	4
天命之年	tmvn	1	4
天命昭昭	tmvv	1	4
天命之子	tmvz	1	4
太明显	tmx	1	3
太冒险	tmx	2	3
脱敏训练	tmxl	3	4
贪慕虚荣	tmxr	2	4
听命行事	tmxu	1	4
同名小说	tmxu	2	4
唾沫星子	tmxz	1	4
听命于	tmy	1	3
挺满意	tmy	2	3
天命有所归	tmyg	2	4
同命运共患难	tmyn	1	4
同码一行	tmyx	1	4
他们自己	tmzj	1	4
她们自己	tmzj	2	4
体内	tn	2	2
糖尿病	tnb	1	3
太牛逼了	tnbl	1	4
头脑不清	tnbq	1	4
体能测试	tncu	1	4
听你的	tnd	2	3
他娘的	tnd	3	3
童年噩梦	tnem	1	4
头脑风暴	tnfb	1	4
头脑发达	tnfd	1	4
太难过	tng	2	3
挺能干	tng	3	3
童年回忆	tnhy	1	4
套你猴子	tnhz	1	4
体能储备	tnib	1	4
头脑简单	tnjd	1	4
太难看	tnk	1	3
太难堪	tnk	2	3
太难了	tnl	2	3
太牛了	tnl	3	3
头脑里	tnl	4	3
兔女郎	tnl	5	3
泰诺林	tnl	6	3
头脑灵活	tnlh	1	4
托尼老师	tnlu	1	4
桃乃木香奈	tnmn	1	4
天怒民怨	tnmy	1	4
甜腻腻	tnn	2	3
他奶奶的	tnnd	1	4
太年轻了	tnql	2	4
同年同日	tntr	1	4
同年同月同日	tntr	2	4
同年同月同日死	tnts	2	4
同年同月同日生	tntu	1	4
同年同月	tnty	1	4
听你说	tnu	2	3
体内水分	tnuf	2	4
体内射精	tnuj	1	4
太难受了	tnul	1	4
太那啥了	tnul	2	4
头脑中	tnv	2	3
天女下凡	tnxf	1	4
同你一起	tnyq	1	4
童年阴影	tnyy	3	4
铁娘子	tnz	2	3
图片	tp	2	2
突破	tp	3	2
图片保存	tpbc	1	4
图片编辑	tpbj	2	4
投票表决	tpbj	3	4
突破点	tpd	1	3
谈判代表	tpdb	1	4
贴片电阻	tpdz	1	4
太频繁	tpf	1	3
通配符	tpf	2	3
头皮发麻	tpfm	1	4
头皮发炸	tpfv	1	4
突破防线	tpfx	1	4
舔屁股	tpg	1	3
同频共振	tpgv	3	4
套牌车	tpi	1	3
套皮出道	tpid	1	4
图片成绩	tpij	2	4
太平间	tpj	1	3
太平军	tpj	2	3
跳皮筋	tpj	3	3
图片集	tpj	4	3
投票决定	tpjd	1	4
投票结果	tpjg	1	4
逃跑计划	tpjh	1	4
图片仅供参考	tpjk	1	4
特派记者	tpjv	1	4
图片仅供参考，请以实物为准	tpjv	2	4
突破口	tpk	1	3
图片库	tpk	2	3
通盘考虑	tpkl	2	4
投票开始	tpku	1	4
挺漂亮	tpl	2	3
挺漂亮的	tpld	1	4
图片里的	tpld	2	4
太漂亮了	tpll	1	4
图片另存为	tplw	1	4
图片类型	tplx	1	4
逃跑路线	tplx	2	4
突破难关	tpng	1	4
淘票票	tpp	1	3
投票权	tpq	1	3
踢皮球	tpq	2	3
头破七分	tpqf	1	4
投票日	tpr	1	3
踏破铁鞋无觅处，得来全不费工夫	tptf	1	4
踏破铁鞋无觅处	tpti	2	4
突破天际	tptj	1	4
投票数	tpu	1	3
谈判双方	tpuf	2	4
偷拍摄像头	tput	1	4
谈判桌	tpv	1	3
图片展	tpv	2	3
突破性	tpx	2	3
头皮屑	tpx	3	3
铁皮箱	tpx	4	3
投票箱	tpx	5	3
图片下载	tpxz	1	4
贪便宜	tpy	1	3
太平洋	tpy	2	3
特派员	tpy	3	3
太便宜了	tpyl	1	4
天蓬元帅	tpyu	1	4
提前	tq	1	2
同情	tq	2	2
天气	tq	3	2
提前安排	tqap	1	4
天气不错	tqbc	1	4
天气不好	tqbh	1	4
图穷匕首见	tqbj	2	4
提取编码	tqbm	1	4
提前半年	tqbn	1	4
提前半天	tqbt	1	4
套期保值	tqbv	1	4
图穷匕见	tqbx	1	4
提取存款	tqck	1	4
跆拳道	tqd	1	3
特遣队	tqd	2	3
通衢大道	tqdd	1	4
同仇敌慨	tqdk	1	4
挑起对立	tqdl	2	4
天气恶劣	tqel	1	4
同情分	tqf	1	3
提取方法	tqff	1	4
提前付款	tqfk	1	4
淘气鬼	tqg	1	3
淘抢购	tqg	2	3
挺奇怪的	tqgd	1	4
太奇怪了	tqgl	2	4
头腔共鸣	tqgm	1	4
臀腔共鸣	tqgm	2	4
提起公诉	tqgs	1	4
拖欠工资	tqgz	1	4
天气好	tqh	1	3
挑起祸端	tqhd	1	4
天气很好	tqhh	1	4
兔起鹘落	tqhl	1	4
天气寒冷	tqhl	2	4
天气回暖	tqhn	1	4
天气好热	tqhr	1	4
天气很热	tqhr	2	4
提取货物	tqhw	1	4
听清楚	tqi	1	3
通勤车	tqi	2	3
提前出发	tqif	1	4
探亲假	tqj	1	3
听泉鉴宝	tqjb	1	4
提前交卷	tqjj	2	4
天气降温	tqjw	1	4
提前进组	tqjz	1	4
听起来	tql	1	3
太强了	tql	2	3
跳起来	tql	3	3
天气冷	tql	4	3
通情理	tql	5	3
钛镪钌	tql	6	3
太强了吧	tqlb	1	4
太巧了吧	tqlb	2	4
提前来到	tqld	1	4
提前离开	tqlk	1	4
疼起来真要命	tqlm	1	4
抬起了头	tqlt	1	4
提取码	tqm	1	3
抬起目光	tqmg	1	4
台前幕后	tqmh	1	4
抬起脑袋	tqnd	1	4
提前批	tqp	1	3
太奇葩了	tqpl	1	4
提前跑路	tqpl	2	4
听取批评	tqpp	1	4
体前屈	tqq	1	3
天气晴好	tqqh	1	4
天气情况	tqqk	1	4
天气晴朗	tqql	2	4
提前确认	tqqr	1	4
天气热	tqr	1	3
吐气如兰	tqrl	1	4
他强任他强	tqrq	1	4
同情弱者	tqrv	1	4
提起诉讼	tqss	1	4
抬起头	tqt	1	3
铜雀台	tqt	2	3
天气太热	tqtr	1	4
提前通知	tqtv	1	4
提前退休	tqtx	1	4
铁器时代	tqud	1	4
谈钱伤感情	tquq	1	4
同期收入	tqur	1	4
提枪上阵	tquv	1	4
提请审议	tquy	1	4
探求真理	tqvl	1	4
天气之子	tqvz	1	4
提取物	tqw	1	3
提前完工	tqwg	1	4
提前完成	tqwi	1	4
提取文件	tqwj	1	4
天气温暖	tqwn	1	4
听取蛙声一片	tqwp	1	4
提起往事	tqwu	1	4
同情心	tqx	1	3
天桥下	tqx	2	3
挺起胸	tqx	3	3
透气性	tqx	4	3
提前下班	tqxb	1	4
抬起下巴	tqxb	2	4
提前消费	tqxf	1	4
提起兴趣	tqxq	2	4
偷窃行为	tqxw	1	4
挺起腰板	tqyb	2	4
提前预定	tqyd	1	4
天气异常	tqyi	1	4
听取意见	tqyj	1	4
天气已晴	tqyq	1	4
天气炎热	tqyr	1	4
听其言观其行	tqyx	1	4
听其言而观其行	tqyx	2	4
天气原因	tqyy	1	4
提前走	tqz	1	3
天琴座	tqz	2	3
同期增长	tqzi	1	4
投入	tr	2	2
突然	tr	3	2
投入到	trd	1	3
突然地	trd	2	3
天然呆	trd	3	3
突然发生	trfu	1	4
突然发现	trfx	1	4
天人共鉴	trgj	2	4
土壤改良	trgl	1	4
天然浑成	trhi	1	4
突然好想你	trhn	1	4
投入产出比	trib	1	4
突然出现	trix	1	4
突然间	trj	1	3
唐人街	trj	2	3
唐人街探案	trja	1	4
突然觉得	trjd	1	4
投入金额	trje	1	4
天人交感	trjg	1	4
听人介绍	trju	2	4
天人交战	trjv	1	4
投入机制	trjv	2	4
天人吉相	trjx	1	4
同仁们	trm	1	3
甜如蜜	trm	2	3
天然萌	trm	3	3
坦然面对	trmd	1	4
天然免疫	trmy	1	4
天然屏障	trpv	1	4
天然气	trq	2	3
托人情	trq	3	3
听人劝，吃饱饭	trqf	1	4
天如人愿	trry	1	4
突然死亡	trsw	1	4
铁人三项	trsx	1	4
同仁堂	trt	1	3
听人说	tru	1	3
土壤水	tru	2	3
土壤水分	truf	1	4
踏入社会	truh	1	4
投入实践	truj	2	4
他认识你	trun	1	4
她认识你	trun	2	4
坦然受之	truv	1	4
投入实战	truv	2	4
太认真	trv	2	3
突然之间	trvj	2	4
天人五衰	trwu	1	4
突然性	trx	1	3
讨人嫌	trx	2	3
突然行动	trxd	1	4
突然想到	trxd	2	4
天人相隔	trxg	1	4
突然想起	trxq	1	4
同人小说	trxu	2	4
替人消灾	trxz	1	4
突然又	try	1	3
太容易	try	2	3
讨人厌	try	3	3
挺容易	try	4	3
天然氧吧	tryb	1	4
挺容易的	tryd	1	4
痰热壅肺	tryf	1	4
天人永隔	tryg	1	4
太容易了	tryl	1	4
天若有情天亦老	tryl	2	4
投入运行	tryx	1	4
通融一下	tryx	2	4
投入运营	tryy	1	4
特色	ts	2	2
调色板	tsb	2	3
太随便	tsb	3	3
天色不早	tsbz	1	4
唐三彩	tsc	2	3
探索发现	tsfx	1	4
替死鬼	tsg	2	3
碳酸钙	tsg	3	3
碳素钢	tsg	4	3
田所浩二	tshe	1	4
通俗唱法	tsif	2	4
铁三角	tsj	2	3
兔斯基	tsj	3	3
提速降费	tsjf	1	4
碳酸教父	tsjf	2	4
探索精神	tsju	2	4
推送机制	tsjv	1	4
天色渐晚	tsjw	1	4
探索科学	tskx	1	4
特斯拉	tsl	2	3
填塞料	tsl	3	3
通俗来讲	tslj	2	4
调色盘	tsp	1	3
铁索桥	tsq	2	3
田三七	tsq	3	3
调速器	tsq	4	3
投诉人	tsr	2	3
陀思妥耶夫斯基	tstj	1	4
太岁头上动土	tstt	1	4
探索世界	tsuj	1	4
唐僧师徒	tsut	1	4
天色尚早	tsuz	1	4
探索者	tsv	1	3
铁丝网	tsw	2	3
投诉信	tsx	2	3
太岁星君	tsxj	1	4
桃色新闻	tsxw	1	4
唐宋元明清	tsyq	1	4
天色已晚	tsyw	1	4
唐三藏	tsz	2	3
菟丝子	tsz	3	3
抬头	tt	1	2
偷偷	tt	2	2
疼痛	tt	3	2
天天爱消除	ttai	1	4
拖脱靶	ttb	1	3
逃脱不掉	ttbd	1	4
谈吐不凡	ttbf	1	4
抬头不见低头见	ttbj	3	4
逃脱不了	ttbl	2	4
天庭饱满	ttbm	1	4
团体比赛	ttbs	1	4
通天本事	ttbu	1	4
团团包围	ttbw	1	4
团体保险	ttbx	1	4
贪图便宜	ttby	1	4
疼痛不已	ttby	2	4
团体操	ttc	1	3
偷偷地	ttd	1	3
妥妥的	ttd	2	3
剃头刀	ttd	3	3
饕餮大餐	ttdc	1	4
堂堂登场	ttdi	1	4
条条道路通北京	ttdj	1	4
条条大路通北京	ttdj	2	4
条条大路	ttdl	1	4
条条大路通罗马	ttdm	1	4
天天都能	ttdn	1	4
天天动听	ttdt	1	4
头痛的问题	ttdt	2	4
体态婀娜	tten	1	4
贪图富贵	ttfg	1	4
天天飞车	ttfi	1	4
天天风之旅	ttfl	1	4
体态丰盈	ttfy	1	4
退堂鼓	ttg	1	3
团体冠军	ttgj	1	4
天天高兴	ttgx	1	4
退田还湖	tthh	2	4
退田还湿	tthu	1	4
套他猴子	tthz	1	4
土特产	tti	1	3
淘汰出局	ttij	1	4
团体成绩	ttij	2	4
团体成员	ttiy	1	4
天天见	ttj	1	3
推土机	ttj	2	3
凸透镜	ttj	3	3
天台见	ttj	4	3
团体奖	ttj	5	3
天台集合	ttjh	2	4
同台竞技	ttjj	2	4
滔天巨浪	ttjl	1	4
天天见面	ttjm	1	4
天天静听	ttjt	1	4
谭谈交通	ttjt	2	4
滔滔江水	ttju	1	4
铁桶江山	ttju	2	4
通天教主	ttjv	1	4
贪图口腹	ttkf	1	4
太痛苦了	ttkl	1	4
天天酷跑	ttkp	1	4
偷偷看片	ttkp	2	4
天天开心	ttkx	1	4
体坛快讯	ttkx	2	4
淘汰了	ttl	1	3
弹跳力	ttl	2	3
淘汰率	ttl	3	3
桃太郎	ttl	4	3
天天连萌	ttlm	1	4
托塔李天王	ttlw	1	4
榻榻米	ttm	1	3
天堂鸟	ttn	1	3
兔兔那么可爱	ttna	1	4
听听你的	ttnd	1	4
滔天怒火	ttnh	1	4
泰坦尼克号	ttnh	2	4
吞吐能力	ttnl	1	4
天天那样	ttny	1	4
同台PK	ttpk	1	4
提桶跑路	ttpl	1	4
透透气	ttq	1	3
甜甜圈	ttq	2	3
贴图区	ttq	3	3
贪图钱财	ttqc	1	4
吞炭漆身	ttqu	1	4
体态轻盈	ttqy	1	4
太突然	ttr	1	3
天天如此	ttrc	1	4
挺突然的	ttrd	1	4
挺秃然的	ttrd	2	4
太突然了	ttrl	1	4
推推嚷嚷	ttrr	1	4
淘汰赛	tts	1	3
团体赛	tts	2	3
头疼死了	ttsl	2	4
通天塔	ttt	1	3
踢踢腿	ttt	2	3
天梯图	ttt	3	3
铜头铁臂	tttb	1	4
吞天吐海	ttth	1	4
忐忐忑忑	tttt	2	4
托塔天王	tttw	1	4
剃头挑子	tttz	1	4
提提神	ttu	1	3
通体舒畅	ttui	1	4
通透世界	ttuj	1	4
吐吐舌头	ttut	1	4
通体舒泰	ttut	2	4
饕餮盛宴	ttuy	1	4
团团转	ttv	1	3
头痛之极	ttvj	1	4
天天这样	ttvy	1	4
滔天之罪	ttvz	1	4
天堂制造	ttvz	2	4
抬头纹	ttw	1	3
踢踏舞	ttw	2	3
疼痛万分	ttwf	1	4
天体物理	ttwl	1	4
体贴温柔	ttwr	1	4
探讨问题	ttwt	1	4
头天晚上	ttwu	1	4
抬头望月	ttwy	1	4
谈谈心	ttx	1	3
通透性	ttx	2	3
滔滔雄辩	ttxb	1	4
贪图享乐	ttxl	1	4
贪图小利	ttxl	2	4
天塌下来	ttxl	3	4
天天象棋	ttxq	1	4
头痛项强	ttxq	2	4
头条新闻	ttxw	1	4
天体运动	ttyd	1	4
同台演出	ttyi	1	4
头痛医头，脚痛医脚	ttyj	1	4
头痛医头脚痛医脚	ttyj	2	4
抬头一看	ttyk	1	4
头痛欲裂	ttyl	2	4
通同一气	ttyq	1	4
天堂有路你不走	ttyz	1	4
唐太宗	ttz	1	3
抬头做事，低头做人	ttzr	1	4
抬头做事	ttzu	1	4
同时	tu	2	2
特殊	tu	3	2
贴身保镖	tubb	1	4
天上不会掉馅饼	tubb	2	4
特殊办法	tubf	1	4
妥善保管	tubg	1	4
天时不如地利	tubl	1	4
贴上标签	tubq	1	4
探视病人	tubr	1	4
听声辨位	tubw	1	4
他是不想	tubx	1	4
天生不足	tubz	1	4
提示词	tuc	2	3
特殊材料	tucl	1	4
同时存在	tucz	1	4
同时代	tud	1	3
坦率地	tud	2	3
天上掉馅饼	tudb	1	4
天时地利人和	tudh	1	4
提升等级	tudj	1	4
摊上大事了	tudl	2	4
摊上大事	tudu	2	4
唐山大地震	tudv	2	4
天上地下	tudx	2	4
听说而已	tuey	1	4
天上飞	tuf	1	3
停尸房	tuf	2	3
提示符	tuf	3	3
讨说法	tuf	4	3
提升幅度	tufd	1	4
特殊符号	tufh	2	4
特使夫人	tufr	1	4
听说过	tug	2	3
图书馆	tug	3	3
他山攻错	tugc	2	4
天使光环	tugh	1	4
替身攻击	tugj	2	4
跳水冠军	tugj	3	4
铁扇公主	tugv	1	4
特殊工种	tugv	2	4
特殊功效	tugx	1	4
图书管理员	tugy	1	4
太上皇	tuh	2	3
讨生活	tuh	3	3
挺适合	tuh	4	3
特殊化	tuh	5	3
痛失韩国市场	tuhi	1	4
泰山鸿毛	tuhm	1	4
碳水化合物	tuhw	1	4
特殊含义	tuhy	1	4
徒手画圆	tuhy	2	4
投石车	tui	2	3
头上长草	tuic	1	4
特殊场合	tuih	2	4
头上长疱	tuip	1	4
同声传译	tuiy	2	4
同时间	tuj	1	3
拖时间	tuj	2	3
台式机	tuj	3	3
偷食禁果	tujg	1	4
特殊津贴	tujt	2	4
特殊句式	tuju	2	4
徒手健身	tuju	3	4
同时进行	tujx	2	4
通商口岸	tuka	1	4
提升空间	tukj	1	4
太少了	tul	1	3
太帅了	tul	2	3
头上流脓	tuln	2	4
天上龙肉，地下驴肉	tulr	1	4
图什么	tum	1	3
提示码	tum	2	3
图书目录	tuml	1	4
天生蛮力	tuml	2	4
贴身秘书	tumu	2	4
调试模式	tumu	3	4
头上冒烟	tumy	1	4
提手旁	tup	1	3
特殊癖好	tuph	1	4
听上去	tuq	1	3
同时期	tuq	2	3
太神奇	tuq	3	3
弹射起步	tuqb	1	4
特殊情形	tuqx	1	4
特殊人才	turc	1	4
提上日程	turi	1	4
特殊任务	turw	1	4
唐诗宋词	tusc	1	4
头上三尺有神明	tusm	1	4
同生死共患难	tusn	1	4
脱水死亡	tusw	1	4
吐舌头	tut	2	3
同是天涯沦落人	tutr	2	4
土生土长	tutv	1	4
同上同下	tutx	2	4
天上太阳	tuty	1	4
他是谁	tuu	2	3
她是谁	tuu	3	3
摊上事	tuu	4	3
图省事	tuu	5	3
听谁说的	tuud	1	4
特殊手段	tuud	2	4
摊上事儿	tuue	3	4
特殊身份	tuuf	1	4
天生神力	tuul	1	4
摊上事了	tuul	2	4
贴身侍女	tuun	1	4
特殊时期	tuuq	1	4
透视视图	tuut	1	4
台上十分钟	tuuv	1	4
铁砂掌	tuv	2	3
图书证	tuv	3	3
特殊照顾	tuvg	1	4
特殊之处	tuvi	3	4
坦率直言	tuvy	1	4
他山之石，可以攻玉	tuvy	2	4
他山之石可以攻玉	tuvy	3	4
痛失网名	tuwm	1	4
太上忘情	tuwq	1	4
天生万物	tuww	2	4
替身娃娃	tuww	3	4
天生我材必有用	tuwy	1	4
天生我才必有用	tuwy	2	4
天使吻过的嗓子	tuwz	1	4
特殊性	tux	2	3
太熟悉	tux	3	3
天神下凡	tuxf	1	4
天使下凡	tuxf	2	4
天山雪莲	tuxl	2	4
提升性能	tuxn	3	4
特殊需求	tuxq	1	4
天神下凡一锤四	tuxs	1	4
天上星星	tuxx	1	4
特殊需要	tuxy	1	4
偷师学艺	tuxy	2	4
同时也	tuy	1	3
提示音	tuy	2	3
谈生意	tuy	3	3
太师椅	tuy	4	3
提示语	tuy	5	3
天生一对	tuyd	2	4
他是一个	tuyg	1	4
它是一个	tuyg	2	4
提上议程	tuyi	1	4
天上月亮	tuyl	1	4
同时也能	tuyn	1	4
投上一票	tuyp	1	4
特殊用途	tuyt	1	4
天上一天	tuyt	2	4
天生异瞳	tuyt	3	4
它是一种	tuyv	1	4
台上一分钟	tuyv	2	4
天生尤物	tuyw	1	4
特殊意义	tuyy	1	4
特殊原因	tuyy	2	4
替身演员	tuyy	3	4
同时在	tuz	1	3
挺实在	tuz	2	3
特殊字符	tuzf	1	4
唐氏综合征	tuzv	1	4
提升自我	tuzw	1	4
头上做窝	tuzw	2	4
调整	tv	2	2
听着	tv	3	2
特种兵	tvb	1	3
团支部	tvb	2	3
团支部书记	tvbj	1	4
太长不看	tvbk	2	4
挑战不可能	tvbn	1	4
体制编制	tvbv	1	4
特征词	tvc	1	3
调整词序	tvcx	1	4
天知道	tvd	1	3
探照灯	tvd	2	3
通知单	tvd	3	3
调整弹道	tvdd	2	4
天朝地府	tvdf	1	4
天真的想法	tvdf	2	4
同轴电缆	tvdl	1	4
同桌的你	tvdn	3	4
他真的，我哭死	tvds	2	4
他真的我哭死	tvds	3	4
天照大神	tvdu	2	4
统治地位	tvdw	1	4
调整幅度	tvfd	1	4
调整风帆	tvff	1	4
停止发货	tvfh	2	4
特征方程	tvfi	1	4
通胀风险	tvfx	1	4
通知规定	tvgd	1	4
通知顾客	tvgk	1	4
停止工作	tvgz	1	4
调整好	tvh	1	3
听证会	tvh	2	3
同质化	tvh	3	3
体制化	tvh	4	3
听政会	tvh	5	3
拖住后腿	tvht	1	4
同质化严重	tvhv	3	4
停止呼吸	tvhx	3	4
挺正常	tvi	1	3
体重秤	tvi	2	3
体脂秤	tvi	3	3
天主教	tvj	1	3
弹指间	tvj	2	3
调整计划	tvjh	2	4
天之骄女	tvjn	2	4
挑战极限	tvjx	1	4
同指跨排	tvkp	1	4
停止了	tvl	2	3
腆着脸	tvl	3	3
偷着乐	tvl	4	3
同指连击	tvlj	1	4
停止录制	tvlv	1	4
停止了呼吸	tvlx	1	4
同志们	tvm	2	3
同志们好	tvmh	1	4
挑战模式	tvmu	1	4
特征明显	tvmx	1	4
体制内	tvn	1	3
头撞南墙	tvnq	1	4
听众朋友们	tvpm	1	4
听众朋友	tvpy	1	4
听诊器	tvq	1	3
统治权	tvq	2	3
土著人	tvr	2	3
弹指如飞	tvrf	1	4
同志仍需努力	tvrl	1	4
调整图层	tvtc	1	4
他追她逃	tvtt	1	4
通知书	tvu	2	3
桶装水	tvu	3	3
团支书	tvu	4	3
统招生	tvu	5	3
停止施工	tvug	2	4
太真实了	tvul	1	4
统治者	tvv	2	3
挑战者	tvv	3	3
调整站位	tvvw	1	4
通知中心	tvvx	1	4
通知我	tvw	2	3
体制外	tvw	3	3
他真我哭	tvwk	1	4
天助我也	tvwy	1	4
挑战性	tvx	1	3
统治下	tvx	2	3
特征性	tvx	3	3
调整心态	tvxt	2	4
停战协议	tvxy	1	4
停止响应	tvxy	2	4
太重要	tvy	1	3
挺重要	tvy	2	3
团中央	tvy	3	3
挺直腰板	tvyb	2	4
挺重要的	tvyd	1	4
添置衣服	tvyf	1	4
弹指一挥间	tvyj	3	4
太重要了	tvyl	1	4
听着音乐	tvyl	2	4
通知要求	tvyq	1	4
躺着也中枪	tvyq	2	4
通知一声	tvyu	1	4
天真幼稚	tvyv	1	4
听者有心	tvyx	1	4
停止营业	tvyy	2	4
听者有意	tvyy	3	4
台柱子	tvz	1	3
挑战自我	tvzw	1	4
调整坐姿	tvzz	2	4
听完	tw	1	2
跳舞	tw	2	2
贪污案	twa	1	3
贪污案件	twaj	1	4
退伍兵	twb	1	3
调味包	twb	2	3
体温变化	twbh	1	4
胎位不正	twbv	1	4
台湾岛	twd	1	3
台湾当局	twdj	1	4
台湾地区领导人	twdr	1	4
投喂动物	twdw	2	4
图文打印	twdy	1	4
贪污犯	twf	1	3
贪污腐败	twfb	1	4
滕王阁	twg	1	3
天文馆	twg	2	3
条未过半	twgb	1	4
天王盖地虎	twgh	1	4
滕王阁序	twgx	1	4
题外话	twh	1	3
提问环节	twhj	2	4
贪污贿赂	twhl	1	4
图文混排	twhp	1	4
同往常一样	twiy	1	4
体温计	twj	1	3
调味剂	twj	2	3
跳舞机	twj	3	3
头文件	twj	4	3
图文教程	twji	1	4
天无绝人之路	twjl	1	4
听我解释	twju	1	4
退无可退	twkt	1	4
太晚了	twl	1	3
听完了	twl	2	3
调味料	twl	3	3
太无聊	twl	4	3
贪污浪费	twlf	1	4
天外来物	twlw	1	4
贪玩蓝月	twly	1	4
天王老爷	twly	2	4
突围模式	twmu	1	4
腿玩年	twn	1	3
天威难测	twnc	1	4
天无宁日	twnr	1	4
调味品	twp	1	3
土味情话	twqh	1	4
台湾人	twr	1	3
台湾人民	twrm	1	4
天文台	twt	1	3
提问题	twt	2	3
跳舞厅	twt	3	3
台湾台北	twtb	2	4
铁腕统治	twtv	1	4
听我说	twu	1	3
台湾省	twu	2	3
贪污数额	twue	1	4
同文输入法	twuf	1	4
体温升高	twug	1	4
团委书记	twuj	1	4
体外受精	twuj	2	4
土味视频	twup	1	4
台湾事务办公室	twuu	1	4
逃亡者	twv	1	3
图文无关	twwg	1	4
天文望远镜	twwj	1	4
天文物理学	twwx	1	4
天文学	twx	1	3
天王星	twx	2	3
弹丸小国	twxg	1	4
体外循环	twxh	1	4
天文学科	twxk	1	4
天外陨铁	twyt	2	4
托物言志	twyv	1	4
贪污罪	twz	1	3
提醒	tx	1	2
同学	tx	2	2
天下	tx	3	2
通讯兵	txb	1	3
通讯簿	txb	2	3
天线宝宝	txbb	1	4
天下霸唱	txbi	1	4
贪小便宜吃大亏	txbk	1	4
通宵不眠	txbm	1	4
天下本无事	txbu	1	4
贪心不足蛇吞象	txbx	1	4
天性不足	txbz	2	4
天下苍生	txcu	1	4
天晓得	txd	1	3
探险队	txd	2	3
堂兄弟	txd	3	3
剃须刀	txd	4	3
提醒对方	txdf	1	4
天下第一武道会	txdh	1	4
碳性电池	txdi	1	4
天下大平	txdp	1	4
天下大势	txdu	2	4
铁血丹心	txdx	1	4
天下独一	txdy	2	4
偷心盗贼	txdz	1	4
通心粉	txf	1	3
通行费	txf	2	3
退休费	txf	3	3
调戏妇女	txfn	1	4
退休干部	txgb	1	4
同心共利	txgl	1	4
退休工人	txgr	1	4
挺喜欢	txh	1	3
太喜欢	txh	2	3
同学会	txh	3	3
同乡会	txh	4	3
铁血皇城	txhi	1	4
太喜欢了	txhl	2	4
腾讯会议	txhy	1	4
腾讯会员	txhy	2	4
体现出	txi	1	3
体现出了	txil	1	4
图像处理	txil	2	4
推销产品	txip	1	4
听信谗言	txiy	1	4
探险家	txj	1	3
谈笑间	txj	2	3
退休金	txj	3	3
停下脚步	txjb	1	4
同学聚会	txjh	1	4
通信技术	txju	2	4
体现价值	txjv	1	4
同性交友	txjy	1	4
图形卡	txk	1	3
天下苦秦久矣	txky	1	4
停下来	txl	1	3
跳下来	txl	2	3
同性恋	txl	3	3
退下来	txl	4	3
透心凉	txl	5	3
体现了	txl	6	3
通讯录	txl	7	3
同学录	txl	8	3
坦胸露背	txlb	2	4
头悬梁锥刺股	txlg	1	4
头悬梁，锥刺股	txlg	2	4
通信联络	txll	2	4
袒胸露乳	txlr	1	4
同学们	txm	1	3
条形码	txm	2	3
天下没有白吃的午餐	txmc	1	4
天下没有免费的午餐	txmc	2	4
同学们好	txmh	1	4
提线木偶	txmo	1	4
天下没有不散的筵席	txmx	1	4
天下没有不散的宴席	txmx	2	4
天心难测	txnc	1	4
同学你好	txnh	1	4
天仙配	txp	1	3
体形庞大	txpd	1	4
贪小便宜吃大亏	txpk	1	4
贪小便宜	txpy	1	4
同性朋友	txpy	2	4
跳下去	txq	1	3
听下去	txq	2	3
通讯器材	txqc	1	4
同学群体	txqt	1	4
天下奇闻	txqw	1	4
同小取小	txqx	1	4
偷香窃玉	txqy	1	4
挑选人才	txrc	1	4
通讯软件	txrj	1	4
太吓人了	txrl	1	4
推贤让能	txrn	1	4
填写日期	txrq	1	4
天下壤壤	txrr	1	4
天下攘攘	txrr	2	4
天下攘攘皆为利往	txrw	1	4
退休人员	txry	1	4
谈性色变	txsb	1	4
忒修斯之船	txsi	1	4
条形图	txt	1	3
贴心贴肺	txtf	2	4
体现特色	txts	1	4
挺胸抬头	txtt	1	4
同喜同喜	txtx	1	4
拖下水	txu	1	3
通信设备	txub	1	4
通讯设备	txub	2	4
台下十年功	txug	1	4
天下谁人不识君	txuj	1	4
腾讯视频	txup	1	4
天性使然	txur	1	4
同学生日	txur	2	4
痛下杀手	txuu	1	4
通信设施	txuu	2	4
退休手续	txux	1	4
通行证	txv	1	3
谈笑之间	txvj	1	4
图像质量	txvl	1	4
特效炸裂	txvl	2	4
天选之女	txvn	1	4
天选之人	txvr	1	4
天选之子	txvz	1	4
特效制作	txvz	2	4
提醒我	txw	1	3
碳纤维	txw	2	3
土腥味	txw	3	3
通讯网	txw	4	3
腾讯网	txw	5	3
腾讯文档	txwd	2	4
天下武功	txwg	2	4
天下乌鸦一般黑	txwh	2	4
天下文章一大抄	txwi	1	4
天下武功，唯快不破	txwp	1	4
天下无不散之筵席	txwx	1	4
掏心窝子	txwz	2	4
天下无贼	txwz	3	4
太相信	txx	1	3
提醒下	txx	2	3
特效小哥	txxg	1	4
同性相斥	txxi	1	4
通信线路	txxl	2	4
踏雪寻梅	txxm	1	4
图形渲染	txxr	1	4
通信系统	txxt	1	4
腾讯新闻	txxw	2	4
躺下休息	txxx	1	4
天下熙熙	txxx	2	4
通信协议	txxy	1	4
特效药	txy	1	3
推销员	txy	2	3
通讯员	txy	3	3
同心圆	txy	4	3
腾讯云	txy	5	3
腾讯元宝	txyb	1	4
谈笑有鸿儒，往来无白丁	txyd	1	4
调小音量	txyl	1	4
通信原理	txyl	2	4
谈笑有鸿儒	txyr	1	4
叹息一声	txyu	1	4
他乡遇故知	txyv	1	4
提醒一下	txyx	1	4
铁血英雄	txyx	2	4
特型演员	txyy	1	4
啼笑因缘	txyy	2	4
体现在	txz	1	3
唐玄宗	txz	2	3
天蝎座	txz	3	3
填写资料	txzl	1	4
天下足球	txzq	1	4
同样	ty	2	2
讨厌	ty	3	2
统一安排	tyap	1	4
退一步	tyb	1	3
掏腰包	tyb	2	3
体育部	tyb	3	3
头也不回	tybh	1	4
天涯比邻	tybl	1	4
同样不能	tybn	1	4
涂鸦表情	tybq	1	4
体育比赛	tybs	1	4
头也不抬	tybt	1	4
统一标准	tybv	2	4
统一包装	tybv	3	4
天有不测风云	tyby	1	4
天有不测之风云	tyby	2	4
头一次	tyc	2	3
同义词	tyc	3	3
同音词	tyc	4	3
太阳从西边出	tyci	1	4
头一次见	tycj	1	4
太有才了	tycl	1	4
太阳从西边出来	tycl	2	4
体育彩票	tycp	1	4
同样地	tyd	1	3
同样多	tyd	2	3
体验店	tyd	3	3
特邀代表	tydb	2	4
同一地点	tydd	2	4
同样的话	tydh	1	4
同样道理	tydl	2	4
太阳打西边出来	tydl	3	4
天已大亮	tydl	4	4
太阳底下	tydx	1	4
统一大业	tydy	1	4
脱衣服	tyf	1	3
团圆饭	tyf	2	3
托运费	tyf	3	3
统一发货	tyfh	1	4
统一分配	tyfp	1	4
太阳辐射	tyfu	2	4
统一服装	tyfv	1	4
同一个	tyg	1	3
头一个	tyg	2	3
太阳光	tyg	3	3
体育馆	tyg	4	3
统一规定	tygd	1	4
同一个地方	tygf	1	4
统一规划	tygh	1	4
体育广场	tygi	1	4
体育过程	tygi	2	4
同一个人	tygr	1	4
天涯共此时	tygu	1	4
太阳高照	tygv	1	4
同一个世界同一个梦想	tygx	1	4
同一个世界，同一个梦想	tygx	2	4
头一回	tyh	1	3
头一昏	tyh	2	3
太阳花	tyh	3	3
通用化	tyh	4	3
天涯何处无芳草	tyhc	1	4
头一回见	tyhj	2	4
脱氧核糖核酸	tyhs	1	4
脱氧核糖核苷酸	tyhs	2	4
脱氧核糖	tyht	1	4
体育场	tyi	2	3
天眼查	tyi	3	3
统一价	tyj	1	3
头一句	tyj	2	3
提意见	tyj	3	3
太阳镜	tyj	4	3
投影机	tyj	5	3
体育界	tyj	6	3
特邀嘉宾	tyjb	2	4
同一级别	tyjb	3	4
脱衣解带	tyjd	1	4
体育健儿	tyje	1	4
同样结果	tyjg	1	4
统一计划	tyjh	4	4
添衣加裤	tyjk	1	4
体育健康	tyjk	2	4
童颜巨乳	tyjr	2	4
统一计算	tyjs	2	4
体育精神	tyju	2	4
同一件事	tyju	3	4
特约记者	tyjv	1	4
统一进行	tyjx	1	4
特约经销	tyjx	2	4
体育教学	tyjx	3	4
体育课	tyk	1	3
统一口令	tykl	1	4
叹一口气	tykq	1	4
体验卡到期	tykq	2	4
抬眼看向	tykx	1	4
同样可以	tyky	1	4
同意了	tyl	1	3
太远了	tyl	2	3
听音乐	tyl	3	3
图一乐	tyl	4	3
同一类	tyl	5	3
谭咏麟	tyl	6	3
听雨两笔	tylb	1	4
体育老师教的	tyld	2	4
天雨流芳	tylf	1	4
体育老师	tylu	1	4
太阳落山	tylu	2	4
同一类型	tylx	1	4
太阳帽	tym	1	3
陶渊明	tym	2	3
天涯明月刀	tymd	1	4
田园牧歌	tymg	1	4
体育明星	tymx	2	4
它有没有	tymy	2	4
太阳能	tyn	2	3
头一年	tyn	3	3
天意弄人	tynr	1	4
天意难违	tynw	1	4
拖油瓶	typ	1	3
体育频道	typd	2	4
贴邮票处	typi	1	4
特约评论员	typy	1	4
挺有趣	tyq	2	3
调音器	tyq	3	3
统一全国	tyqg	1	4
团员青年	tyqn	1	4
同一起跑线上	tyqu	1	4
通义千问	tyqw	1	4
同样情形	tyqx	1	4
腿一软	tyr	2	3
同样如此	tyrc	1	4
天涯若比邻	tyrl	1	4
统一认识	tyru	1	4
太阳伞	tys	1	3
逃也似的	tysd	1	4
逃也似地	tysd	2	4
逃逸速度	tysd	3	4
逃逸司机	tysj	1	4
讨厌死了	tysl	1	4
体育赛事	tysu	1	4
桃园三结义	tysy	1	4
谈一谈	tyt	2	3
头一天	tyt	3	3
听一听	tyt	4	3
同一天	tyt	5	3
调一调	tyt	6	3
椭圆体	tyt	7	3
藤原拓海	tyth	1	4
同样条件	tytj	1	4
图样图森破	tytp	1	4
头晕头痛	tytt	1	4
体育特长生	tytu	2	4
同样条件下	tytx	2	4
同样是	tyu	2	3
太阳神	tyu	3	3
调音师	tyu	4	3
同意书	tyu	5	3
填鸭式	tyu	6	3
田园诗	tyu	7	3
同一首歌	tyug	2	4
同一时间	tyuj	1	4
拖延时间	tyuj	2	4
图一时之快	tyuk	1	4
同一时期	tyuq	1	4
天涯神贴	tyut	1	4
体育设施	tyuu	2	4
太乙神数	tyuu	3	4
同一事物	tyuw	1	4
同样适用	tyuy	2	4
填鸭式教育	tyuy	3	4
同一种	tyv	2	3
太严重	tyv	3	3
拖延症	tyv	4	3
同意支付	tyvf	1	4
统一指挥	tyvh	1	4
统一指令	tyvl	1	4
檀渊之盟	tyvm	1	4
同意这门婚事	tyvu	1	4
同样重要	tyvy	2	4
涂鸦之作	tyvz	1	4
脱衣舞	tyw	1	3
谈业务	tyw	2	3
退一万步讲	tywj	2	4
退一万步说	tywu	1	4
同一屋檐下	tywx	1	4
体育委员	tywy	1	4
投医问药	tywy	2	4
太阳穴	tyx	1	3
太阳系	tyx	2	3
童养媳	tyx	3	3
通用性	tyx	4	3
统一性	tyx	5	3
椭圆形	tyx	6	3
特异性	tyx	7	3
统一行动	tyxd	1	4
痛痒相关	tyxg	1	4
体育训练	tyxl	1	4
体育项目	tyxm	2	4
天要下雨，娘要嫁人	tyxr	1	4
同样形式	tyxu	1	4
跳跃性思维	tyxw	2	4
天要下雨	tyxy	2	4
投影仪	tyy	2	3
同样要	tyy	3	3
听音乐	tyy	4	3
同样一个	tyyg	1	4
脱衣有肉	tyyr	1	4
挺有意思	tyys	1	4
太有意思	tyys	2	4
同样也是	tyyu	1	4
体验一下	tyyx	1	4
统一一下	tyyx	2	4
同音字	tyz	1	3
天鹰座	tyz	2	3
太阳灶	tyz	3	3
统一祖国	tyzg	1	4
统一组织	tyzv	1	4
他在	tz	2	2
它在	tz	3	2
兔子不吃窝边草	tzbc	3	4
投资比例	tzbl	1	4
吐字不清	tzbq	1	4
通则不痛	tzbt	1	4
天资聪慧	tzch	1	4
天资聪明	tzcm	1	4
天资聪颖	tzcy	2	4
太子党	tzd	1	3
天字第一号	tzdh	2	4
躺在地上	tzdu	4	4
头足倒置	tzdv	1	4
投资额	tze	1	3
太子妃	tzf	2	3
投资方	tzf	3	3
徒增烦恼	tzfn	1	4
投资方式	tzfu	2	4
投资风险	tzfx	1	4
童子功	tzg	1	3
田字格	tzg	2	3
投资规划	tzgh	1	4
投资管理	tzgl	2	4
天资过人	tzgr	1	4
天字号	tzh	1	3
投资回报	tzhb	1	4
投资合同	tzht	1	4
屠宰场	tzi	1	3
投资成本	tzib	1	4
提早出发	tzif	1	4
投资产品	tzip	1	4
投赞成票	tzip	2	4
躺在床上	tziu	2	4
他自己	tzj	1	3
她自己	tzj	2	3
它自己	tzj	3	3
童子鸡	tzj	4	3
童子军	tzj	5	3
投资决策	tzjc	1	4
投资机会	tzjh	1	4
投资基金	tzjj	1	4
天子脚下	tzjx	1	4
投资客	tzk	1	3
逃走了	tzl	2	3
太早了	tzl	3	3
筒子楼	tzl	4	3
投资理财	tzlc	1	4
投资理念	tzln	2	4
投资利润	tzlr	1	4
同在蓝天下	tzlx	1	4
天作孽犹可恕	tznu	2	4
天作孽犹可违	tznw	1	4
投资品种	tzpv	1	4
踢足球	tzq	1	3
投资渠道	tzqd	1	4
投资气氛	tzqf	1	4
吐字清晰	tzqx	1	4
投资人	tzr	1	3
投子认负	tzrf	1	4
投资入股	tzrg	1	4
投子认输	tzru	3	4
投资商	tzu	2	3
投资水平	tzup	1	4
团组织	tzv	1	3
天纵之才	tzvc	2	4
兔子尾巴长不了	tzwl	1	4
替罪羊	tzy	1	3
天纵英才	tzyc	2	4
天造一对	tzyd	1	4
贴在一起	tzyq	1	4
投资业务	tzyw	1	4
投资意向	tzyx	1	4
兔崽子	tzz	1	3
甜滋滋	tzz	2	3
深谙此道	uacd	1	4
上俺家	uaj	2	3
涉案金额	uaje	3	4
深谙其道	uaqd	1	4
深谙人心	uarx	1	4
神爱世人	uaur	1	4
涉案者	uav	1	3
失败	ub	1	2
身边	ub	2	2
顺便	ub	3	2
数百倍	ubb	1	3
上半部	ubb	2	3
十八般	ubb	3	3
申报表	ubb	4	3
上半部分	ubbf	1	4
尚不包括	ubbk	1	4
十八般兵器	ubbq	1	4
十八般武艺	ubby	1	4
是不错	ubc	1	3
设备采购	ubcg	1	4
恕不从命	ubcm	1	4
十八层地狱	ubcy	1	4
说不定	ubd	1	3
说不得	ubd	2	3
舍不得	ubd	3	3
使不得	ubd	4	3
收不到	ubd	5	3
鼠标垫	ubd	6	3
甩不掉	ubd	7	3
说白道黑	ubdh	1	4
舍不得孩子套不住狼	ubdl	2	4
生不带来	ubdl	3	4
上不得台面	ubdm	1	4
舍不得你	ubdn	1	4
生不带来死不带去	ubdq	1	4
生不带来，死不带去	ubdq	2	4
舍不得面子赚不到钱	ubdq	3	4
身边的人	ubdr	1	4
势比登天	ubdt	1	4
傻逼东西	ubdx	2	4
叔伯弟兄	ubdx	3	4
舍不得孩子	ubdz	1	4
少部分	ubf	1	3
甩包袱	ubf	2	3
十步芳草	ubfc	1	4
上不封顶	ubfd	1	4
恕不奉告	ubfg	1	4
上百个	ubg	1	3
数百个	ubg	2	3
说不过	ubg	3	3
上半个	ubg	4	3
十八拐	ubg	5	3
耍笔杆	ubg	6	3
是不够的	ubgd	1	4
十八姑娘一朵花	ubgh	1	4
鼠标滚轮	ubgl	1	4
数不过来	ubgl	2	4
帅不过三秒	ubgm	1	4
识别功能	ubgn	1	4
设备管理器	ubgq	3	4
双倍工资	ubgz	1	4
是不会	ubh	1	3
势必会	ubh	2	3
说不好	ubh	3	3
谁不会	ubh	4	3
世博会	ubh	5	3
收保护费	ubhf	1	4
睡不好觉	ubhj	1	4
水不涵木	ubhm	1	4
双边会谈	ubht	1	4
实变函数	ubhu	1	4
双板滑雪	ubhx	1	4
收兵回营	ubhy	1	4
双边合作	ubhz	1	4
说不出	ubi	1	3
上半场	ubi	2	3
设备厂	ubi	3	3
说不出的	ubid	1	4
说不出话	ubih	1	4
设备陈旧	ubij	1	4
说不出来	ubil	1	4
说不出话来	ubil	2	4
设备产品	ubip	1	4
伤病缠身	ubiu	1	4
说不出的滋味	ubiw	1	4
数不尽	ubj	1	3
十八禁	ubj	2	3
社保局	ubj	3	3
使把劲	ubj	4	3
熟不拘礼	ubjl	1	4
时不久留	ubjl	2	4
胜不骄，败不馁	ubjn	1	4
胜不骄败不馁	ubjn	2	4
鼠标键盘	ubjp	1	4
十八九岁	ubjs	1	4
鼠标加速	ubjs	2	4
十步九回头	ubjt	1	4
少不看水浒老不看三国	ubkg	1	4
少不看水浒	ubkh	1	4
双倍快乐	ubkl	1	4
是不可能	ubkn	1	4
伤病困扰	ubkr	2	4
申报课题	ubkt	1	4
傻逼克高手	ubku	1	4
说白了	ubl	1	3
受不了	ubl	2	3
少不了	ubl	3	3
上不了	ubl	4	3
说不来	ubl	5	3
识别率	ubl	6	3
十八里	ubl	7	3
硕博连读	ubld	2	4
受不了的	ubld	3	4
上不了台面	ublm	1	4
受不了你	ubln	1	4
上不来气	ublq	2	4
稍不留神	ublu	2	4
树碑立传	ublv	1	4
上不了网	ublw	1	4
双边领域	ubly	1	4
数百名	ubm	1	3
识别码	ubm	2	3
声笔码	ubm	3	3
说不明白	ubmb	1	4
说不明道不白	ubmb	2	4
神笔马良	ubml	2	4
尚不明确	ubmq	1	4
上班摸鱼	ubmy	2	4
数百年	ubn	1	3
上半年	ubn	2	3
十八年	ubn	3	3
尚不能	ubn	4	3
受不鸟	ubn	5	3
数百年来	ubnl	1	4
受不鸟了	ubnl	2	4
失败乃成功之母	ubnm	1	4
肾不纳气	ubnq	1	4
胜败乃兵家常事	ubnu	2	4
说不清	ubq	1	3
数不清	ubq	2	3
输不起	ubq	3	3
上不去	ubq	4	3
上半区	ubq	5	3
商标权	ubq	6	3
鼠标器	ubq	7	3
说不清道不白	ubqb	1	4
说不清，道不白	ubqb	2	4
数不清的	ubqd	1	4
尚不清楚	ubqi	2	4
上不去了	ubql	1	4
上不去下不来	ubql	2	4
说不清道不明	ubqm	2	4
设备齐全	ubqq	1	4
深表歉意	ubqy	1	4
数百人	ubr	1	3
少不入川	ubri	1	4
十八岁	ubs	1	3
杀不死	ubs	2	3
十八岁姑娘一朵花	ubsh	1	4
双胞胎	ubt	1	3
说不通	ubt	2	3
傻白甜	ubt	3	3
上半天	ubt	4	3
书报亭	ubt	5	3
双胞胎弟弟	ubtd	1	4
双胞胎哥哥	ubtg	1	4
士兵突击	ubtj	2	4
双胞胎姐姐	ubtj	3	4
双胞胎妹妹	ubtm	1	4
识别图中二维码	ubtm	2	4
睡不踏实	ubtu	1	4
识别图中文字	ubtz	1	4
是不是	ubu	1	3
时不时	ubu	2	3
上半身	ubu	3	3
手臂上	ubu	4	3
说不上	ubu	5	3
手把手	ubu	6	3
申报书	ubu	7	3
是不是啊	ubua	1	4
是褒是贬	ubub	1	4
是不是词	ubuc	1	4
舒不舒服	ubuf	1	4
是不是个	ubug	2	4
适不适合	ubuh	1	4
上班时间	ubuj	2	4
使不上力	ubul	2	4
失败是成功之母	ubum	1	4
生不生气	ubuq	1	4
是不是玩不起	ubuq	2	4
十步杀一人	ubur	1	4
是不是因为	ubuw	1	4
顺便说一下	ubux	2	4
是不是有	ubuy	1	4
适不适用	ubuy	2	4
说不准	ubv	1	3
殊不知	ubv	2	3
睡不着	ubv	3	3
失败者	ubv	4	3
收不住	ubv	5	3
数百种	ubv	6	3
孰不知	ubv	7	3
谁不知道	ubvd	1	4
睡不着觉	ubvj	1	4
神不知鬼不觉	ubvj	2	4
鼠标中键	ubvj	3	4
睡不着了	ubvl	1	4
申报专利	ubvl	2	4
书本知识	ubvu	1	4
鼠标指针	ubvv	1	4
山不转水转	ubvv	2	4
圣杯战争	ubvv	3	4
稍不注意	ubvy	2	4
生病住院	ubvy	3	4
数百万	ubw	1	3
上百万	ubw	2	3
说不完	ubw	3	3
鼠标微动	ubwd	2	4
摔杯为号	ubwh	1	4
设备维护	ubwh	2	4
说不完的话	ubwh	3	4
使不完的劲	ubwj	1	4
使不完的力	ubwl	1	4
使不完的力气	ubwq	1	4
誓不为人	ubwr	1	4
设备维修	ubwx	1	4
时不我与	ubwy	1	4
识别文字	ubwz	1	4
谁不想	ubx	1	3
睡不醒	ubx	2	3
双保险	ubx	3	3
耍把戏	ubx	4	3
受剥削	ubx	5	3
是不行的	ubxd	1	4
叔伯兄弟	ubxd	2	4
上北下南左西右东	ubxd	3	4
谁不喜欢	ubxh	1	4
瘦不下来	ubxl	1	4
上北下南	ubxn	1	4
识别系统	ubxt	1	4
上蹦下跳	ubxt	2	4
深表谢意	ubxy	2	4
数百亿	uby	1	3
石斑鱼	uby	2	3
上半夜	uby	3	3
鼠标右键菜单	ubyd	1	4
山不厌高	ubyg	1	4
鼠标右键	ubyj	2	4
鼠标引擎	ubyq	1	4
恕不远送	ubys	1	4
食不厌精，脍不厌细	ubyx	1	4
是不一样	ubyy	1	4
上辈子	ubz	1	3
上班族	ubz	2	3
山不在高	ubzg	1	4
鼠标左键	ubzj	1	4
胜败在此一举	ubzj	2	4
申报资料	ubzl	3	4
水不在深	ubzu	1	4
上辈子拯救了银河系	ubzx	1	4
耍膀子卖艺	ubzy	1	4
上次	uc	2	2
身材	uc	3	2
深层次	ucc	1	3
说曹操曹操就到	uccd	2	4
说曹操曹操到	uccd	3	4
手残党	ucd	2	3
恃才放旷	ucfk	1	4
生存方式	ucfu	2	4
身材高大	ucgd	1	4
身材管理	ucgl	3	4
深藏功与名	ucgm	1	4
身材好	uch	2	3
说错话	uch	3	3
水彩画	uch	4	3
身材火辣	uchl	2	4
收藏夹	ucj	2	3
受刺激	ucj	3	3
收藏家	ucj	4	3
恃才居傲	ucja	1	4
收藏夹吃灰	ucjh	2	4
收藏价值	ucjv	2	4
生存竞争	ucjv	3	4
生存空间	uckj	1	4
身材魁梧	uckw	1	4
说错了	ucl	2	3
生存率	ucl	3	3
身材苗条	ucmt	1	4
守财奴	ucn	1	3
烧菜弄饭	ucnf	1	4
上次那个	ucng	1	4
生存能力	ucnl	1	4
收藏品	ucp	1	3
闪存盘	ucp	2	3
生存权	ucq	2	3
深层清洁	ucqj	1	4
伤残人	ucr	2	3
嗜财如命	ucrm	1	4
视财如命	ucrm	2	4
上层人士	ucru	1	4
伤残人士	ucru	2	4
上厕所	ucs	2	3
生存所迫	ucsp	3	4
生存条件	uctj	2	4
剩菜剩饭	ucuf	2	4
省财政	ucv	1	3
身残志不残	ucvc	1	4
生存之道	ucvd	2	4
省财政厅	ucvt	1	4
谁曾想	ucx	2	3
适才相戏耳	ucxe	1	4
身材匀称	ucyi	1	4
生存压力	ucyl	1	4
受此影响	ucyx	1	4
实测有效	ucyx	2	4
生存游戏	ucyx	3	4
深层原因	ucyy	2	4
恃才自傲	ucza	1	4
刷存在感	uczg	1	4
说道	ud	2	2
受到	ud	3	2
收到	ud	4	2
是的啊	uda	1	3
食道癌	uda	2	3
闪电般	udb	1	3
上等兵	udb	2	3
水电部	udb	3	3
试电笔	udb	4	3
谁都不爱	udba	1	4
书读百遍	udbb	1	4
说的不错	udbc	1	4
说得不错	udbc	2	4
说短不短	udbd	2	4
啥都不会	udbh	1	4
受到保护	udbh	2	4
声带闭合	udbh	3	4
时代变了	udbl	1	4
食大便了	udbl	2	4
伤得不轻	udbq	1	4
伤敌八百，自损一千	udbq	2	4
说的比唱的好听	udbt	1	4
说的比唱的还好听	udbt	2	4
啥都别说	udbu	1	4
上帝保佑	udby	2	4
上档次	udc	1	3
手段残忍	udcr	1	4
删档测试	udcu	1	4
说到底	udd	1	3
说得对	udd	2	3
少得多	udd	3	3
手动挡	udd	4	3
说的都对	uddd	1	4
适当的时候	uddh	1	4
手段毒辣	uddl	1	4
说的道理	uddl	2	4
时代的眼泪	uddl	3	4
谁带的妹	uddm	1	4
说到点子上	uddu	1	4
试点单位	uddw	1	4
霜打的茄子	uddz	1	4
手段恶劣	udel	1	4
水电费	udf	1	3
史蒂芬	udf	2	3
史蒂夫	udf	3	3
士大夫	udf	4	3
时代峰俊	udfj	1	4
时代风貌	udfm	1	4
是敌非友	udfy	1	4
十多个	udg	1	3
傻大个	udg	2	3
时代感	udg	3	3
水电工	udg	4	3
圣诞歌	udg	5	3
说的过去	udgq	2	4
受到感染	udgr	1	4
十大高手	udgu	2	4
湿地公园	udgy	1	4
说的话	udh	1	3
说得好	udh	2	3
少得很	udh	3	3
说大话	udh	4	3
瘆得慌	udh	5	3
说得好听一点	udhd	1	4
说得很好	udhh	1	4
上大号说话	udhh	2	4
水多活好	udhh	3	4
树大好乘凉	udhl	1	4
说得很有道理	udhl	2	4
受到好评	udhp	2	4
树倒猢狲散	udhs	1	4
说得好听	udht	1	4
说的好听	udht	2	4
山地车	udi	1	3
水滴筹	udi	2	3
水电厂	udi	3	3
受到惩罚	udif	1	4
说得出口	udik	1	4
熟读成诵	udis	1	4
神盾局	udj	1	3
圣诞节	udj	2	3
睡大觉	udj	3	3
受打击	udj	4	3
湿度计	udj	5	3
水电局	udj	6	3
上档键	udj	7	3
说得简单	udjd	1	4
束带结发	udjf	1	4
输得精光	udjg	1	4
神盾局特工	udjg	2	4
生旦净丑	udji	3	4
十大九不亏	udjk	1	4
手动加速	udjs	1	4
说的就是	udju	2	4
十赌九输	udju	3	4
术到极致	udjv	1	4
圣诞卡	udk	1	3
上岛咖啡	udkf	1	4
手动开关	udkg	1	4
实地考查	udki	2	4
少得可怜	udkl	2	4
受到了	udl	1	3
收到了	udl	2	3
受得了	udl	3	3
帅呆了	udl	4	3
说得来	udl	5	3
说多了都是泪	udll	1	4
圣诞礼品	udlp	1	4
省点力气	udlq	1	4
失独老人	udlr	2	4
剩蛋老人	udlr	3	4
摔断了腿	udlt	3	4
圣诞礼物	udlw	1	4
山东蓝翔	udlx	1	4
实弹练习	udlx	2	4
霜打了的茄子	udlz	1	4
上帝粒子	udlz	2	4
是多么	udm	1	3
说得没错	udmc	1	4
是多么的	udmd	1	4
省得麻烦	udmf	1	4
省电模式	udmu	1	4
竖大拇指	udmv	1	4
收到没有	udmy	2	4
是的呢	udn	1	3
十多年	udn	2	3
说得难听一点	udnd	1	4
善待农民工	udng	1	4
十多年来	udnl	1	4
十多年前	udnq	1	4
说得难听	udnt	1	4
蜀道难，难于上青天	udnt	2	4
说得那么容易	udny	1	4
是的哦	udo	1	3
耍大牌	udp	1	3
上等品	udp	2	3
水滴屏	udp	3	3
受到破坏	udph	1	4
稍等片刻	udpk	1	4
稍待片刻	udpk	2	4
受到批评	udpp	1	4
受到普遍欢迎	udpy	1	4
省点钱	udq	1	3
实地取材	udqc	1	4
受到侵害	udqh	1	4
双洞齐开	udqk	1	4
受到牵连	udql	2	4
说得轻巧	udqq	1	4
说得轻松	udqs	1	4
舍短取长	udqv	1	4
时代气息	udqx	1	4
霜打茄子	udqz	1	4
上等人	udr	2	3
山东人	udr	3	3
杀毒软件	udrj	3	4
嗜赌如命	udrm	1	4
深度思考	udsk	1	4
深度思索	udss	1	4
手电筒	udt	1	3
十多天	udt	2	3
说得通	udt	3	3
识大体	udt	4	3
说到头	udt	5	3
手动剃须刀	udtd	2	4
上得厅堂下得厨房	udtf	1	4
时代特色	udts	1	4
上得厅堂	udtt	1	4
上达天听	udtt	2	4
深度体验	udty	1	4
实打实	udu	1	3
数得上	udu	2	3
圣斗士	udu	3	3
山东省	udu	4	3
圣诞树	udu	5	3
是对是错	uduc	1	4
孰对孰错	uduc	2	4
实打实的	udud	1	4
首都师范	uduf	1	4
上刀山，下火海	uduh	2	4
上帝视角	uduj	1	4
深度睡眠	udum	1	4
沙雕视频	udup	2	4
手动输入	udur	1	4
时代少年团	udut	1	4
神挡杀神	uduu	1	4
胜读十年书	uduu	2	4
圣斗士星矢	uduu	3	4
是敌是友	uduy	1	4
睡得着	udv	1	3
数得着	udv	2	3
闪电战	udv	3	3
水电站	udv	4	3
史地政	udv	5	3
上帝之鞭	udvb	1	4
谁都知道	udvd	1	4
睡得着觉	udvj	1	4
时代周刊	udvk	1	4
说到这里	udvl	1	4
上帝之手	udvu	1	4
睡得正香	udvx	1	4
史蒂文	udw	1	3
山大王	udw	2	3
睡得晚	udw	3	3
闪电五连鞭	udwb	2	4
生的伟大	udwd	1	4
射电望远镜	udwj	1	4
受到污染	udwr	1	4
生的伟大，死的光荣	udwr	2	4
山东卫视	udwu	1	4
受到威胁	udwx	2	4
手底下	udx	1	3
上大学	udx	2	3
闪电侠	udx	3	3
树袋熊	udx	4	3
声带小结	udxj	1	4
圣地巡礼	udxl	2	4
升斗小民	udxm	1	4
闪电旋风劈	udxp	1	4
生动形象	udxx	2	4
圣地巡游	udxy	1	4
世代相沿	udxy	2	4
沙丁鱼	udy	1	3
圣诞夜	udy	2	3
伤敌一千，自损八百	udyb	1	4
伤敌一千自损八百	udyb	2	4
说得也对	udyd	1	4
使动用法	udyf	1	4
盛大宴会	udyh	1	4
世代友好	udyh	2	4
射雕英雄传	udyi	2	4
守得云开见月明	udym	1	4
生动有趣	udyq	1	4
杀敌一千	udyq	2	4
示敌以弱	udyr	1	4
深度优先搜索	udys	1	4
傻得要死	udys	2	4
说的也是	udyu	1	4
书到用时方恨少	udyu	2	4
十大元帅	udyu	3	4
稍等一下	udyx	1	4
实弹演习	udyx	2	4
上帝与你同在	udyz	1	4
书呆子	udz	1	3
睡得早	udz	2	3
受到阻碍	udza	1	4
摔倒在地	udzd	2	4
手动再见	udzj	1	4
上吊自杀	udzu	1	4
睡到自然醒	udzx	1	4
事儿逼	ueb	2	3
生而不同	uebt	1	4
帅而不自知	uebv	1	4
食而不知其味	uebw	2	4
数额不限	uebx	1	4
少儿不宜	ueby	1	4
十二点	ued	1	3
善恶到头终有报	uedb	1	4
少儿读物	uedw	1	4
十二分	uef	1	3
十二分精力	uefl	1	4
善恶分明	uefm	1	4
时而感到	uegd	1	4
十二个月	uegy	2	4
少而精	uej	1	3
十二经络	uejl	1	4
少儿节目	uejm	4	4
十二经脉	uejm	5	4
少儿频道	uepd	1	4
生而平等	uepd	2	4
十二期	ueq	1	3
十二日	uer	1	3
十二岁	ues	2	3
十二三岁	uess	2	4
生二胎	uet	2	3
十二天王	uetw	1	4
十二属相	ueux	2	4
十二指肠溃疡	uevy	1	4
视而未见	uewj	1	4
十二小时	uexu	1	4
十二星座	uexz	1	4
十二月	uey	2	3
仕而优则学	ueyx	1	4
十分	uf	2	2
身份	uf	3	2
是非不辨	ufbb	1	4
伤风败德	ufbd	1	4
是非不分	ufbf	1	4
十分宝贵	ufbg	1	4
是福不是祸，是祸躲不过	ufbg	2	4
是福不是祸	ufbh	1	4
身份背景	ufbj	4	4
少妇白洁	ufbj	5	4
十分不利	ufbl	1	4
十分悲痛	ufbt	1	4
收费标准	ufbv	1	4
十分把握	ufbw	1	4
十分必要	ufby	2	4
爽翻白眼	ufby	3	4
施法材料	ufcl	1	4
顺丰次日	ufcr	1	4
始发地	ufd	2	3
事发地点	ufdd	2	4
事发当天	ufdt	1	4
十分独特	ufdt	2	4
身份地位	ufdw	1	4
身份低下	ufdx	2	4
十分得意	ufdy	2	4
示范动作	ufdz	1	4
顺风耳	ufe	2	3
十分恩爱	ufea	1	4
顺风而呼	ufeh	1	4
十分丰富	ufff	2	4
十分反感	uffg	1	4
十分愤怒	uffn	1	4
双方分歧	uffq	1	4
十分繁荣	uffr	1	4
收费服务	uffw	1	4
时分复用	uffy	1	4
十分复杂	uffz	1	4
是非观	ufg	2	3
神烦狗	ufg	3	3
是否关闭	ufgb	1	4
杀伐果断	ufgd	2	4
始发改签	ufgq	1	4
省分公司	ufgs	3	4
十分感谢	ufgx	2	4
少废话	ufh	2	3
十分好	ufh	3	3
说反话	ufh	4	3
水粉画	ufh	5	3
是非好歹	ufhd	2	4
释放出	ufi	2	3
顺风车	ufi	3	3
沙发床	ufi	4	3
收费处	ufi	5	3
始发车	ufi	6	3
十分猖獗	ufij	1	4
是非成败转头空	ufik	1	4
煞风景	ufj	2	3
上飞机	ufj	3	3
书法家	ufj	4	3
舒肤佳	ufj	5	3
生发剂	ufj	6	3
杀伐决断	ufjd	1	4
示范基地	ufjd	2	4
十分艰巨	ufjj	2	4
十分激烈	ufjl	1	4
是否接受	ufju	2	4
上房揭瓦	ufjw	1	4
说风就是雨	ufjy	2	4
示范课	ufk	2	3
十分恐怖	ufkb	1	4
顺丰快递	ufkd	2	4
十分看好	ufkh	1	4
十分快乐	ufkl	1	4
十分困难	ufkn	1	4
十分可能	ufkn	2	4
十分可怕	ufkp	2	4
十分渴望	ufkw	1	4
是否可以	ufky	1	4
说服力	ufl	1	3
十分了得	ufld	2	4
十分乐观	uflg	1	4
十分了解	uflj	2	4
师傅领进门	uflm	1	4
师傅领进门，修行靠个人	uflr	1	4
数风流人物	uflw	1	4
时分秒	ufm	2	3
是否明白	ufmb	1	4
十分麻烦	ufmf	2	4
十分明确	ufmq	1	4
十分明显	ufmx	1	4
十分满意	ufmy	1	4
十分难	ufn	2	3
烧饭弄菜	ufnc	2	4
十分难得	ufnd	1	4
胜负难分	ufnf	1	4
十分难过	ufng	1	4
十分难看	ufnk	1	4
胜负难料	ufnl	2	4
十分普遍	ufpb	2	4
十分漂亮	ufpl	1	4
手风琴	ufq	2	3
示范区	ufq	3	3
十分确定	ufqd	1	4
双方签订	ufqd	2	4
十分奇怪	ufqg	1	4
十分钦佩	ufqp	3	4
双方确认	ufqr	2	4
十分轻松	ufqs	1	4
首发球员	ufqy	1	4
双方球员	ufqy	2	4
十分热闹	ufrn	1	4
十分荣幸	ufrx	2	4
十分如意	ufry	1	4
顺丰速运	ufsy	1	4
爽翻天	uft	2	3
双峰驼	uft	3	3
事发突然	uftr	1	4
收发室	ufu	2	3
双丰收	ufu	3	3
首发式	ufu	4	3
收复失地	ufud	1	4
十方世界	ufuj	3	4
是否属实	ufuu	3	4
十分熟悉	ufux	1	4
十分钟	ufv	2	3
身份证	ufv	3	3
十分之	ufv	4	3
收费站	ufv	5	3
始发站	ufv	6	3
书法展	ufv	7	3
是否准备	ufvb	1	4
十方诸佛	ufvf	2	4
是否支持	ufvi	6	4
身份证件	ufvj	2	4
十分震惊	ufvj	3	4
是非只为多开口	ufvk	1	4
身份证号码	ufvm	1	4
十分正确	ufvq	1	4
首发阵容	ufvr	2	4
十分重要	ufvy	2	4
示范文本	ufwb	1	4
十分完美	ufwm	1	4
胜负未知	ufwv	1	4
十分危险	ufwx	1	4
十分想	ufx	2	3
示范性	ufx	3	3
十分喜爱	ufxa	1	4
十分喜欢	ufxh	1	4
十分详尽	ufxj	2	4
十分相似	ufxs	2	4
十分迅速	ufxs	3	4
双方协商	ufxu	2	4
十分欣慰	ufxw	1	4
十分想往	ufxw	2	4
十分相像	ufxx	3	4
神妃仙子	ufxz	1	4
双飞燕	ufy	2	3
收发员	ufy	3	3
十分严格	ufyg	1	4
十分严厉	ufyl	1	4
十分严密	ufym	1	4
十分有趣	ufyq	1	4
收发由心	ufyx	2	4
水分子	ufz	2	3
烧饭做菜	ufzc	2	4
十分自然	ufzr	2	4
是个	ug	2	2
说过	ug	3	2
食管癌	uga	1	3
市公安局	ugaj	1	4
省公安厅	ugat	1	4
是个宝	ugb	1	3
申公豹	ugb	2	3
石膏板	ugb	3	3
傻瓜版	ugb	4	3
上个版本	ugbb	1	4
石锅拌饭	ugbf	2	4
十个八个	ugbg	1	4
身高臂长	ugbi	1	4
说个不停	ugbt	1	4
上个厕所	ugcs	1	4
手工操作	ugcz	1	4
施工队	ugd	1	3
闪光灯	ugd	2	3
水果刀	ugd	3	3
闪光点	ugd	4	3
闪光弹	ugd	5	3
水果店	ugd	6	3
傻瓜蛋	ugd	7	3
施工地点	ugdd	3	4
事故多发地	ugdd	4	4
事故多发	ugdf	1	4
砂锅豆腐	ugdf	2	4
神功大成	ugdi	3	4
时光倒流	ugdl	1	4
时隔多年	ugdn	3	4
水过地皮湿	ugdu	1	4
十个多月	ugdy	1	4
善贾而沽	ugeg	1	4
神鬼二相性	ugex	2	4
石膏粉	ugf	1	3
施工方案	ugfa	2	4
收购废品	ugfp	1	4
谁敢放肆	ugfs	1	4
施工范围	ugfw	1	4
生根发芽	ugfy	1	4
瘦高个	ugg	2	3
水果罐头	uggt	1	4
栅格化	ugh	1	3
睡个好觉	ughj	1	4
是个好人	ughr	2	4
施工合同	ught	1	4
神功护体	ught	2	4
身高差	ugi	1	3
生稿成绩	ugij	3	4
说个锤子	ugiz	2	4
收割机	ugj	2	3
收购价	ugj	3	3
时光机	ugj	4	3
少根筋	ugj	5	3
水果机	ugj	6	3
耍诡计	ugj	7	3
上个季度	ugjd	1	4
收购计划	ugjh	1	4
受国家保护	ugjh	2	4
时光胶囊	ugjn	4	4
时光机器	ugjq	4	4
上古卷轴	ugjv	1	4
受够了	ugl	1	3
山沟里	ugl	2	3
山旮旯	ugl	3	3
说惯了	ugl	4	3
收购量	ugl	5	3
手工劳动	ugld	2	4
疏肝理气	uglq	1	4
诗歌朗诵	ugls	2	4
睡过了头	uglt	2	4
时光流逝	uglu	2	4
上古老物	uglw	1	4
伸个懒腰	ugly	2	4
手擀面	ugm	1	3
是个谜	ugm	2	3
帅哥美女	ugmn	2	4
视功名如粪土	ugmt	1	4
说个没完	ugmw	2	4
肾功能	ugn	1	3
陕甘宁地区	ugnq	1	4
是个男人	ugnr	1	4
帅哥你谁	ugnu	2	4
顺杆爬	ugp	2	3
石拱桥	ugq	2	3
伤感情	ugq	3	3
升国旗	ugq	4	3
施工期	ugq	5	3
水管卡	ugq	6	3
睡过去了	ugql	1	4
手感全无	ugqw	1	4
深感歉意	ugqy	1	4
事故认定	ugrd	1	4
时光如水	ugru	2	4
水果忍者	ugrv	1	4
施工日志	ugrv	2	4
是个人物	ugrw	2	4
深感荣幸	ugrx	1	4
施工人员	ugry	1	4
少管所	ugs	1	3
时光隧道	ugsd	2	4
诗歌散文	ugsw	1	4
睡过头	ugt	2	3
摔跟头	ugt	3	3
水果摊	ugt	4	3
是个头	ugt	5	3
水果糖	ugt	6	3
施工图	ugt	7	3
施工团队	ugtd	2	4
瘦高挑儿	ugte	1	4
手感太差	ugti	3	4
睡过头了	ugtl	1	4
身高体重	ugtv	1	4
谁跟谁	ugu	1	3
谁跟谁啊	ugua	1	4
熟高熟低	ugud	2	4
水果沙拉	ugul	1	4
上古时期	uguq	1	4
山高水远	uguy	1	4
上赶着	ugv	2	3
收购站	ugv	3	3
上高中	ugv	4	3
帅哥主播	ugvb	1	4
上赶着不是买卖	ugvm	1	4
收官之战	ugvv	2	4
手工制作	ugvz	2	4
双冠王	ugw	2	3
时光未老	ugwl	1	4
深谷为陵	ugwl	2	4
是个问题	ugwt	1	4
伤感文学	ugwx	1	4
烧高香	ugx	1	3
石膏像	ugx	2	3
傻瓜型	ugx	3	3
实干兴邦	ugxb	2	4
十个小时	ugxu	2	4
少管闲事	ugxu	3	4
上个月	ugy	2	3
十个月	ugy	3	3
手工业	ugy	4	3
手工艺	ugy	5	3
施工员	ugy	6	3
双关语	ugy	7	3
说过一次	ugyc	2	4
试过一次	ugyc	3	4
上个月的	ugyd	1	4
是故意的还是不小心的	ugyd	2	4
胜过一切	ugyq	1	4
瘦个子	ugz	1	3
深感自豪	ugzh	1	4
生活	uh	2	2
社会	uh	3	2
伤害	uh	4	2
受贿案	uha	1	3
神话般	uhb	1	3
时候不到	uhbd	2	4
社会背景	uhbj	2	4
生活不能自理	uhbl	1	4
生活必需品	uhbp	1	4
水火不侵	uhbq	1	4
水火不相容	uhbr	2	4
生活保障	uhbv	2	4
伤害爆炸	uhbv	3	4
生活不易	uhby	2	4
生活不如意	uhby	3	4
上海菜	uhc	1	3
始皇帝	uhd	1	3
珊瑚岛	uhd	2	3
说黑道白	uhdb	1	4
说话带刺	uhdc	2	4
社会底层	uhdc	3	4
社会大哥	uhdg	3	4
是何道理	uhdl	2	4
时候到了	uhdl	3	4
生活费	uhf	2	3
神回复	uhf	3	3
社会风貌	uhfm	1	4
生活方面	uhfm	2	4
社会分配	uhfp	2	4
社会抚养	uhfy	2	4
山海关	uhg	2	3
烧火棍	uhg	3	3
守活寡	uhg	4	3
社会工程	uhgi	1	4
史海钩沉	uhgi	2	4
实话告诉你	uhgn	1	4
社会公平	uhgp	1	4
摄魂勾魄	uhgp	2	4
神话故事	uhgu	2	4
社会工程学	uhgx	2	4
社会公约	uhgy	1	4
傻乎乎	uhh	1	3
傻呵呵	uhh	2	3
湿乎乎	uhh	3	3
说好话	uhh	4	3
说胡话	uhh	5	3
说坏话	uhh	6	3
社会化大生产	uhhi	1	4
珊瑚虫	uhi	2	3
生活成本	uhib	1	4
善后处理	uhil	2	4
神话传说	uhiu	2	4
说话间	uhj	2	3
山海经	uhj	3	3
珊瑚礁	uhj	4	3
售货机	uhj	5	3
书画家	uhj	6	3
社会结构	uhjg	1	4
社会经济	uhjj	2	4
水火既济	uhjj	3	4
生活经历	uhjl	2	4
伤害减免	uhjm	2	4
社会集团	uhjt	1	4
社会救助	uhjv	1	4
身患绝症	uhjv	2	4
审核机制	uhjv	3	4
社会交往	uhjw	1	4
上海交通大学	uhjx	5	4
生活经验	uhjy	1	4
社会经验	uhjy	2	4
社会精英	uhjy	3	4
社会恐慌	uhkh	2	4
生活空间	uhkj	1	4
深海恐惧	uhkj	2	4
生活困难	uhkn	1	4
社会科学院	uhky	1	4
说好了	uhl	2	3
伤害了	uhl	3	3
双黄连	uhl	4	3
收获良多	uhld	2	4
生活乐趣	uhlq	2	4
施华洛世奇	uhlq	3	4
社会矛盾	uhmd	1	4
收获满满	uhmm	2	4
生活美满	uhmm	3	4
生化魔人	uhmr	1	4
生化母体	uhmt	1	4
爽滑慢舔	uhmt	2	4
霜花满天	uhmt	3	4
社会民主	uhmv	1	4
生活片	uhp	1	3
收获颇丰	uhpf	1	4
生活贫困	uhpk	2	4
删号跑路	uhpl	1	4
神话破灭	uhpm	2	4
山河破碎	uhps	1	4
生活品质	uhpv	1	4
生活品位	uhpw	1	4
生活区	uhq	2	3
伤和气	uhq	3	3
少花钱	uhq	4	3
耍花枪	uhq	5	3
生活圈	uhq	6	3
耍花腔	uhq	7	3
生活起居	uhqj	2	4
生活情趣	uhqq	2	4
收货人	uhr	2	3
受害人	uhr	3	3
社会人	uhr	4	3
上海人	uhr	5	3
生活融洽	uhrq	1	4
深红色	uhs	1	3
深灰色	uhs	2	3
深褐色	uhs	3	3
社会思潮	uhsi	2	4
首行缩进	uhsj	1	4
水花四溅	uhsj	2	4
生活所迫	uhsp	1	4
生活琐事	uhsu	4	4
山河四省	uhsu	5	4
上海滩	uht	2	3
耍滑头	uht	3	3
手绘图	uht	4	3
山核桃	uht	5	3
售货亭	uht	6	3
售货摊	uht	7	3
生活态度	uhtd	2	4
生活体验	uhty	1	4
上海市	uhu	1	3
守护神	uhu	2	3
生活上	uhu	3	3
说话声	uhu	4	3
沙和尚	uhu	5	3
涉黑涉恶	uhue	2	4
上海世博会	uhuh	3	4
社会生产力	uhul	1	4
神话生物	uhuw	1	4
社会事务	uhuw	2	4
社会实验	uhuy	1	4
说话声音	uhuy	2	4
税后收益	uhuy	3	4
生活中	uhv	1	3
受害者	uhv	2	3
水浒传	uhv	3	3
守护者	uhv	4	3
耍花招	uhv	5	3
生还者	uhv	6	3
生活照	uhv	7	3
书画展	uhv	8	3
身患重病	uhvb	2	4
事后诸葛	uhvg	2	4
受害者视角	uhvj	3	4
生活状况	uhvk	1	4
生活质量	uhvl	2	4
事后诸葛亮	uhvl	3	4
受害者有罪论	uhvl	4	4
社会主义革命	uhvm	1	4
社会主义精神文明	uhvm	2	4
社会招聘	uhvp	1	4
社会主义接班人	uhvr	2	4
生活状态	uhvt	1	4
升华主题	uhvt	2	4
社会主义现代化建设	uhvu	1	4
社会主义市场经济体制	uhvv	2	4
社会转型	uhvx	2	4
社会主义阵营	uhvy	2	4
受害者有罪	uhvz	3	4
社会我	uhw	2	3
社会稳定	uhwd	1	4
时候未到	uhwd	2	4
生化危机	uhwj	4	4
生化武器	uhwq	2	4
山呼万岁	uhws	1	4
生活问题	uhwt	2	4
伤痕文学	uhwx	3	4
生活委员	uhwy	1	4
生活物资	uhwz	1	4
深呼吸	uhx	1	3
社会学	uhx	2	3
社会性	uhx	3	3
晒后修复	uhxf	1	4
蚀魂销骨	uhxg	2	4
社会心理	uhxl	3	4
社会需求	uhxq	1	4
生活需求	uhxq	2	4
社会习俗	uhxs	1	4
社会现实	uhxu	3	4
社会性质	uhxv	1	4
社会现状	uhxv	2	4
生活小妙招	uhxv	3	4
社会行为	uhxw	1	4
社会性死亡	uhxw	2	4
社会现象	uhxx	2	4
社会形象	uhxx	3	4
受欢迎	uhy	1	3
售货员	uhy	2	3
耍花样	uhy	3	3
石灰岩	uhy	4	3
石灰窑	uhy	5	3
是何缘故	uhyg	1	4
伤害溢出	uhyi	3	4
审核意见	uhyj	3	4
生活愉快	uhyk	2	4
生活压力	uhyl	2	4
树活一张皮	uhyp	2	4
抒怀言志	uhyv	1	4
社会运行机制	uhyv	2	4
社会影响	uhyx	1	4
社会意义	uhyy	1	4
是何用意	uhyy	2	4
是何原因	uhyy	3	4
生活在	uhz	2	3
生孩子	uhz	3	3
傻孩子	uhz	4	3
受贿罪	uhz	5	3
生活作风	uhzf	1	4
生火做饭	uhzf	2	4
稍后再看	uhzk	1	4
生活自理	uhzl	2	4
耍孩子脾气	uhzq	1	4
社会责任	uhzr	1	4
稍后再试	uhzu	1	4
稍后再说	uhzu	2	4
生活作息	uhzx	1	4
社会资源	uhzy	1	4
生产	ui	2	2
市场	ui	3	2
受宠爱	uia	2	3
沙尘暴	uib	2	3
手抄本	uib	3	3
市场部	uib	4	3
市场波动	uibd	2	4
审查报告	uibg	1	4
伤春悲秋	uibq	1	4
市场策划	uich	1	4
上传词提	uict	1	4
生产队	uid	2	3
生产队的驴	uidl	1	4
恃宠而骄	uiej	1	4
受处分	uif	2	3
双重否定	uifd	1	4
事出反常	uifi	1	4
市场繁荣	uifr	1	4
生产发展	uifv	1	4
市场发展	uifv	2	4
市场风险	uifx	2	4
事出反常必有妖	uify	2	4
生产国	uig	2	3
输出国	uig	3	3
生产规模	uigm	2	4
时常跟着	uigv	2	4
烧成灰	uih	2	3
什刹海	uih	3	3
市场化	uih	4	3
山川河流	uihl	3	4
山岔岔	uii	2	3
生产车间	uiij	3	4
市场价	uij	2	3
杀虫剂	uij	3	3
删除键	uij	4	3
矢车菊	uij	5	3
市场经济体制	uijv	3	4
说出口	uik	2	3
生产科	uik	3	3
输出框	uik	4	3
市场开放	uikf	1	4
视触叩听	uikt	1	4
双厨狂喜	uikx	1	4
说出来	uil	2	3
生产力	uil	3	3
说穿了	uil	4	3
生产量	uil	5	3
生产劳动	uild	3	4
说出来的话	uilh	3	4
生产力水平	uilp	3	4
说出来你可能不信	uilx	1	4
奢侈品	uip	2	3
水产品	uip	3	3
市场评估	uipg	1	4
市场疲软	uipr	1	4
说出去	uiq	2	3
生长期	uiq	3	3
市场前景	uiqj	1	4
身处其中	uiqv	1	4
生产企业	uiqy	3	4
双重人格	uirg	2	4
生产日期	uirq	1	4
市长热线	uirx	1	4
师出同门	uitm	2	4
市场调研	uity	2	4
伸出手	uiu	2	3
市场上	uiu	3	3
生产商	uiu	4	3
生产设备	uiub	1	4
输出设备	uiub	2	4
上床睡觉	uiuj	3	4
伸出手来	uiul	1	4
山重水复疑无路	uiul	2	4
生产水平	uiup	1	4
伸出双手	uiuu	8	4
生产设施	uiuu	9	4
市场中	uiv	2	3
生产者	uiv	3	3
上初中	uiv	4	3
事成之前	uivq	1	4
市场主体	uivt	1	4
双城之战	uivv	1	4
生产秩序	uivx	1	4
市场秩序	uivx	2	4
生成物	uiw	2	3
渗出物	uiw	3	3
上传文件	uiwj	3	4
删除文件	uiwj	4	4
生产线	uix	2	3
双重性	uix	3	3
输出信号	uixh	1	4
身处险境	uixj	1	4
生产许可证	uixv	1	4
上床下桌	uixv	2	4
杀虫药	uiy	2	3
水产业	uiy	3	3
时辰已到	uiyd	1	4
杀出一条血路	uiyl	1	4
双重压力	uiyl	2	4
伸出援手	uiyu	5	4
伸出援助之手	uiyu	6	4
市场运营	uiyy	7	4
水池子	uiz	2	3
蛇床子	uiz	3	3
瞬间	uj	2	2
数据	uj	3	2
世间安得双全法	ujaf	1	4
世间安得两全法	ujaf	2	4
世界安静了	ujal	1	4
时间安排	ujap	1	4
神经病	ujb	2	3
手机版	ujb	3	3
世界杯	ujb	4	3
时间表	ujb	5	3
升级版	ujb	6	3
数据包	ujb	7	3
数据表	ujb	8	3
升级包	ujb	9	3
说鸡不说巴	ujbb	3	4
数据保存	ujbc	3	4
时间不多	ujbd	1	4
时间宝贵	ujbg	2	4
尸检报告	ujbg	3	4
数据保护	ujbh	1	4
时机不好	ujbh	2	4
说句不好听的话	ujbh	3	4
手脚冰凉	ujbl	1	4
时间不早了	ujbl	2	4
闪击波兰	ujbl	3	4
十九八七	ujbq	1	4
时间不等人	ujbr	1	4
世界杯预选赛	ujbs	2	4
世间百态	ujbt	1	4
市井百态	ujbt	2	4
手机壁纸	ujbv	3	4
瞬间爆炸	ujbv	4	4
手脚并用	ujby	2	4
时间不早	ujbz	1	4
身价倍增	ujbz	2	4
时间仓促	ujcc	1	4
时间刺客	ujck	1	4
事急从权	ujcq	1	4
神经脆弱	ujcr	1	4
实际参数	ujcu	1	4
社稷次之	ujcv	1	4
涉及到	ujd	2	3
时间段	ujd	3	3
时间到	ujd	4	3
时间短	ujd	5	3
手机店	ujd	6	3
时局动荡	ujdd	2	4
世界第二	ujde	1	4
数据对接	ujdj	2	4
双击打开	ujdk	2	4
时间到了	ujdl	1	4
时间倒流	ujdl	2	4
手机电脑	ujdn	2	4
世界第三	ujds	6	4
世界大赛	ujds	7	4
神经大条	ujdt	1	4
世界地图	ujdt	2	4
伤筋动骨一百天	ujdt	3	4
数据丢失	ujdu	2	4
手机电视	ujdu	3	4
神经递质	ujdv	2	4
时间单位	ujdw	1	4
时间地点人物	ujdw	2	4
世家大族	ujdz	1	4
使劲儿	uje	2	3
书剑恩仇录	ujel	1	4
十九分	ujf	1	3
手机费	ujf	2	3
时间复杂度	ujfd	1	4
时间丰富	ujff	1	4
升降浮沉	ujfi	1	4
受击反馈	ujfk	1	4
世界妇女	ujfn	1	4
世界范围内	ujfn	2	4
数据分析	ujfx	1	4
十几个	ujg	2	3
世界观	ujg	3	3
双截棍	ujg	4	3
输精管	ujg	5	3
省级干部	ujgb	1	4
市级干部	ujgb	2	4
说句公道话	ujgh	3	4
上交国家	ujgj	3	4
杀鸡给猴看	ujgk	1	4
上缴国库	ujgk	2	4
时间管理	ujgl	2	4
时间观念	ujgn	2	4
时间过去	ujgq	1	4
十佳歌手	ujgu	2	4
神经官能症	ujgv	2	4
时间关系	ujgx	1	4
身家过亿	ujgy	1	4
上架感言	ujgy	2	4
时间够用	ujgy	3	4
升级改造	ujgz	2	4
手机号	ujh	1	3
十几号	ujh	2	3
说句话	ujh	3	3
说假话	ujh	4	3
升级后	ujh	5	3
删节号	ujh	6	3
双剑合璧	ujhb	1	4
实践活动	ujhd	2	4
社交活动	ujhd	3	4
数据恢复	ujhf	1	4
社交悍匪	ujhf	2	4
手机话费	ujhf	3	4
世界环境	ujhj	1	4
手机号码	ujhm	1	4
时间差	uji	2	3
时间长	uji	3	3
时间戳	uji	4	3
世纪初	uji	5	3
时间成本	ujib	1	4
视距传播	ujib	2	4
手机充电	ujid	1	4
时间长短	ujid	2	4
神经冲动	ujid	3	4
世纪宠儿	ujie	2	4
睡觉吃饭	ujif	1	4
时间充分	ujif	2	4
实践成果	ujig	2	4
设计初稿	ujig	3	4
书记处书记	ujij	1	4
时间长了	ujil	3	4
时间差不多咯	ujil	4	4
实践充分证明	ujim	2	4
时机成熟	ujiu	3	4
数据传输	ujiu	4	4
实践出真知	ujiv	1	4
手机充值	ujiv	2	4
实践创新	ujix	1	4
时间充裕	ujiy	1	4
时间充足	ujiz	1	4
世界级	ujj	2	3
时间紧	ujj	3	3
睡觉觉	ujj	4	3
时间紧促	ujjc	1	4
时间节点	ujjd	1	4
数据结构	ujjg	1	4
实践经历	ujjl	2	4
时间紧迫	ujjp	2	4
时间就是金钱	ujjq	1	4
删减剧情	ujjq	2	4
手机截图	ujjt	1	4
时间静止	ujjv	1	4
手机静音	ujjy	1	4
升级经验	ujjy	2	4
数据库	ujk	2	3
手机壳	ujk	3	3
手机卡	ujk	4	3
神经科	ujk	5	3
手脚快	ujk	6	3
时间跨度	ujkd	2	4
设计开发	ujkf	1	4
少讲空话	ujkh	2	4
手机快没电了	ujkl	1	4
实际困难	ujkn	1	4
十几块钱	ujkq	1	4
上机考试	ujku	1	4
实际控制	ujkv	2	4
社交恐惧症	ujkv	3	4
社交恐怖分子	ujkz	2	4
受教了	ujl	2	3
受精卵	ujl	3	3
守纪律	ujl	4	3
数据流	ujl	5	3
赏金猎人	ujlr	2	4
数据录入	ujlr	3	4
手机论坛	ujlt	1	4
手机聊天	ujlt	2	4
时间流逝	ujlu	3	4
实机录制	ujlv	1	4
数据类型	ujlx	1	4
世界领先	ujlx	2	4
社交礼仪	ujly	1	4
稍加留意	ujly	2	4
手机录音	ujly	3	4
世纪末	ujm	2	3
手机膜	ujm	3	3
涉及面	ujm	4	3
世界名画	ujmh	2	4
手机没信号	ujmh	3	4
实际面积	ujmj	1	4
神经募集	ujmj	2	4
手脚麻利	ujml	1	4
上级目录	ujml	2	4
手机没电了	ujml	3	4
世界名牌	ujmp	1	4
世纪末期	ujmq	1	4
世界末日	ujmr	1	4
社交媒体	ujmt	1	4
世界名著	ujmv	1	4
世界贸易组织	ujmv	2	4
数据模型	ujmx	1	4
世界贸易	ujmy	1	4
数据漫游	ujmy	2	4
十级美颜	ujmy	3	4
世界民族	ujmz	1	4
十几年	ujn	2	3
十几年后	ujnh	1	4
神经内科	ujnk	1	4
世界那么大，我想去看看	ujnk	2	4
社交能力	ujnl	2	4
实践能力	ujnl	3	4
实际年龄	ujnl	4	4
石矶娘娘	ujnn	1	4
十几年前	ujnq	1	4
删减内容	ujnr	1	4
设计内容	ujnr	2	4
世界难题	ujnt	1	4
世纪难题	ujnt	2	4
手机闹钟	ujnv	1	4
社交牛逼症	ujnv	2	4
手机屏	ujp	2	3
守旧派	ujp	3	3
手机配件	ujpj	2	4
视觉疲劳	ujpl	1	4
世界排名	ujpm	1	4
手机屏幕	ujpm	2	4
手机平台	ujpt	2	4
时间排序	ujpx	1	4
水晶球	ujq	2	3
社交圈	ujq	3	3
世界气象组织	ujqv	1	4
身家千万	ujqw	2	4
十几人	ujr	2	3
收件人	ujr	3	3
十九日	ujr	4	3
身娇肉贵	ujrg	1	4
手机软件	ujrj	2	4
世界人口	ujrk	1	4
时间日期	ujrq	1	4
时间如梭	ujrs	2	4
尸积如山	ujru	2	4
善解人衣	ujry	2	4
十几岁	ujs	2	3
世锦赛	ujs	3	3
时间隧道	ujsd	1	4
视角锁定	ujsd	2	4
设计思路	ujsl	1	4
设计思想	ujsx	1	4
设计图	ujt	2	3
升降台	ujt	3	3
瘦金体	ujt	4	3
手机套	ujt	5	3
数据同步	ujtb	1	4
杀鸡屠狗	ujtg	1	4
伤筋痛骨	ujtg	2	4
说句题外话	ujth	2	4
时间太长	ujti	2	4
数据统计	ujtj	2	4
世纪同框	ujtk	1	4
时间太快	ujtk	2	4
手机贴膜	ujtm	1	4
时间停止	ujtv	2	4
设计图纸	ujtv	3	4
实际体验	ujty	1	4
时间推移	ujty	2	4
视觉体验	ujty	3	4
实际上	uju	2	3
世界上	uju	3	3
设计师	uju	4	3
试金石	uju	5	3
数据上报	ujub	1	4
设计手册	ujuc	1	4
失节事大	ujud	1	4
世界首富	ujuf	3	4
舌尖上的中国	ujug	1	4
说句实话	ujuh	2	4
书接上回	ujuh	3	4
失敬失敬	ujuj	4	4
实际上呢	ujun	1	4
实际水平	ujup	1	4
世界水平	ujup	2	4
实际收入	ujur	2	4
书籍是人类进步的阶梯	ujut	1	4
实际上是	ujuu	2	4
实践是检验真理的唯一标准	ujuv	3	4
世界首位	ujuw	1	4
时间顺序	ujux	1	4
世间少有	ujuy	1	4
视觉盛宴	ujuy	2	4
输就输在	ujuz	1	4
十几种	ujv	2	3
神经质	ujv	3	3
实践中	ujv	4	3
石家庄	ujv	5	3
十进制	ujv	6	3
世界之大	ujvd	2	4
手机震动	ujvd	3	4
世界之巅	ujvd	4	4
手机支付	ujvf	3	4
视觉中国	ujvg	1	4
数据支撑	ujvi	2	4
收集证据	ujvj	2	4
手机支架	ujvj	3	4
水晶之恋	ujvl	2	4
世界著名	ujvm	2	4
嗜痂之癖	ujvp	1	4
身肩重任	ujvr	1	4
手机助手	ujvu	3	4
世界政治	ujvv	1	4
世纪之战	ujvv	2	4
稍加注意	ujvy	1	4
世界之最	ujvz	1	4
手机网	ujw	2	3
省纪委	ujw	3	3
市教委	ujw	4	3
时间未到	ujwd	2	4
时机未到	ujwd	3	4
伤及无辜	ujwg	3	4
实际完成	ujwi	1	4
世界文化遗产	ujwi	2	4
神经外科	ujwk	1	4
神经网络	ujwl	2	4
世界文明	ujwm	2	4
世界五百强	ujwq	1	4
视觉污染	ujwr	2	4
世界舞台	ujwt	2	4
世间万物	ujww	3	4
山脚下	ujx	2	3
上进心	ujx	3	3
数据线	ujx	4	3
神经性	ujx	5	3
收件箱	ujx	6	3
视觉效果	ujxg	1	4
实际效果	ujxg	2	4
时间循环	ujxh	2	4
手机信号	ujxh	3	4
谁家小孩	ujxh	4	4
神级现场	ujxi	3	4
上绞刑架	ujxj	1	4
市井小民	ujxm	3	4
世界先进水平	ujxp	2	4
市井小人	ujxr	1	4
数据显示	ujxu	1	4
世界形势	ujxu	2	4
时间线收束	ujxu	3	4
时间限制	ujxv	1	4
神经纤维	ujxw	1	4
神经元	ujy	2	3
书记员	ujy	3	3
始建于	ujy	4	3
受教育	ujy	5	3
水经验	ujy	6	3
世界语	ujy	7	3
时间一到	ujyd	2	4
瞬间移动	ujyd	3	4
时机已到	ujyd	4	4
杀鸡焉用牛刀	ujyd	5	4
时间一长	ujyi	2	4
世界遗产	ujyi	3	4
时间一久	ujyj	3	4
世界一流	ujyl	2	4
手机验证码	ujym	1	4
世界一流水平	ujyp	1	4
时间一分一秒地过去	ujyq	1	4
实机演示	ujyu	4	4
身居要职	ujyv	1	4
身居要位	ujyw	1	4
时间有限	ujyx	1	4
实际应用	ujyy	3	4
手机应用	ujyy	4	4
世界坐标	ujzb	1	4
是金子总会发光的	ujzd	3	4
是金子总会发光	ujzg	1	4
设计总监	ujzj	1	4
视觉暂留	ujzl	1	4
世界足球先生	ujzu	2	4
世界坐标系	ujzx	1	4
暑假作业	ujzy	1	4
实际作用	ujzy	2	4
上机作业	ujzy	3	4
时刻	uk	2	2
深刻	uk	3	2
时刻表	ukb	1	3
时刻保持	ukbi	2	4
舒克贝塔	ukbt	1	4
深刻把握	ukbw	2	4
时刻保持联系	ukbx	1	4
甩开膀子	ukbz	1	4
深刻地	ukd	1	3
收快递	ukd	2	3
深刻的变化	ukdh	1	4
时刻都在	ukdz	1	4
首开风气	ukfq	1	4
深刻反思	ukfs	1	4
蛇口蜂针	ukfv	1	4
说空话	ukh	1	3
深空灰	ukh	2	3
书刊号	ukh	3	3
时空回溯	ukhs	1	4
舒克和贝塔	ukht	1	4
伤口处	uki	1	3
时空穿越	ukiy	1	4
收款机	ukj	1	3
刷卡机	ukj	2	3
授课计划	ukjh	1	4
数控机床	ukji	1	4
时空警察	ukji	2	4
首开纪录	ukjl	1	4
深刻记忆	ukjy	1	4
闪客快打	ukkd	2	4
说开了	ukl	2	3
屎壳郎	ukl	3	3
顺口溜	ukl	4	3
上课铃	ukl	5	3
深刻领会	uklh	1	4
深刻理解	uklj	1	4
收款码	ukm	2	3
是可能	ukn	2	3
是可能的	uknd	1	4
时刻陪伴	ukpb	1	4
删库跑路	ukpl	1	4
说开去	ukq	1	3
收款人	ukr	1	3
是可忍，孰不可忍	ukrr	1	4
是可忍孰不可忍	ukrr	2	4
绳捆索绑	uksb	1	4
时空隧道	uksd	1	4
深刻思想	uksx	1	4
伤口撒盐	uksy	1	4
时刻提醒	uktx	1	4
烧开水	uku	1	3
漱口水	uku	2	3
双卡双待	ukud	1	4
士可杀不可辱	ukur	1	4
矧可射思	ukus	1	4
伤口上撒盐	ukuy	1	4
受控制	ukv	2	3
实况转播	ukvb	1	4
时刻准备	ukvb	2	4
生克制化	ukvh	1	4
声卡战士	ukvu	1	4
时刻准备着	ukvv	1	4
省科委	ukw	1	3
深刻性	ukx	1	3
上框线	ukx	2	3
刷卡消费	ukxf	1	4
是可以	uky	1	3
手快有	uky	2	3
是可以的	ukyd	1	4
矧可射思	ukys	1	4
手快有手慢无	ukyw	1	4
深刻印象	ukyx	1	4
手口足病	ukzb	1	4
书刊杂志	ukzv	2	4
上来	ul	2	2
数量	ul	3	2
审理案件	ulaj	1	4
上礼拜	ulb	2	3
视力表	ulb	3	3
上两百	ulb	4	3
生理变化	ulbh	1	4
傻了吧唧	ulbj	2	4
双链笔记	ulbj	3	4
师老兵疲	ulbp	1	4
实力不强	ulbq	1	4
实力不容小觑	ulbq	2	4
说了不算	ulbs	2	4
实力不俗	ulbs	3	4
十里不同俗	ulbs	4	4
说了半天	ulbt	1	4
生理不适	ulbu	1	4
说了白说	ulbu	2	4
实力暴涨	ulbv	2	4
上梁不正下梁歪	ulbw	3	4
实力不允许	ulbx	2	4
十里不同音	ulby	2	4
数量词	ulc	2	3
说来惭愧	ulck	1	4
熟练度	uld	1	3
手榴弹	uld	2	3
熟练地	uld	3	3
水帘洞	uld	4	3
市领导	uld	5	3
顺利到达	uldd	2	4
杀戮地带	uldd	3	4
闪亮登场	uldi	1	4
熟练得让人心疼	uldt	1	4
熟练的让人心疼	uldt	2	4
实力倒退	uldt	3	4
上了大学	uldx	1	4
实力大增	uldz	1	4
适龄儿童	ulet	1	4
水立方	ulf	1	3
失了分寸	ulfc	1	4
上了飞机	ulfj	1	4
事了拂衣去，深藏功与名	ulfm	1	4
事了拂衣去	ulfq	1	4
上了发条	ulft	1	4
顺利发展	ulfv	1	4
十来个	ulg	1	3
失落感	ulg	2	3
少了个	ulg	3	3
熟练工	ulg	4	3
输卵管	ulg	5	3
水落归槽	ulgc	2	4
十六宫格	ulgg	1	4
顺利过关	ulgg	2	4
睡了个觉	ulgj	1	4
双料冠军	ulgj	2	4
生理功能	ulgn	1	4
摔了个狗啃泥	ulgn	2	4
摔了个大马趴	ulgp	1	4
杀了个回马枪	ulgq	1	4
使了个颜色	ulgs	2	4
数量关系	ulgx	1	4
伸了个懒腰	ulgy	1	4
商量好	ulh	1	3
省略号	ulh	2	3
数理化	ulh	3	3
受了寒	ulh	4	3
生理活动	ulhd	2	4
睡了会儿	ulhe	3	4
数理化政史地生	ulhu	1	4
狩猎场	uli	1	3
售楼处	uli	2	3
熟练程度	ulid	1	4
十里长亭	ulit	1	4
数量级	ulj	2	3
睡懒觉	ulj	3	3
士力架	ulj	4	3
省略句	ulj	5	3
收录机	ulj	6	3
水利局	ulj	7	3
生理健康	uljk	2	4
胜利结算	uljs	1	4
杀戮尖塔	uljt	3	4
上来就是	ulju	2	4
神龙见首不见尾	uljw	1	4
顺利举行	uljx	4	4
十聋九哑	uljy	1	4
史料记载	uljz	1	4
上来看	ulk	1	3
十六开	ulk	2	3
数量可观	ulkg	1	4
史莱克七怪	ulkg	2	4
舒了口气	ulkq	1	4
顺利开展	ulkv	1	4
胜利凯旋	ulkx	1	4
湿漉漉	ull	1	3
水灵灵	ull	2	3
湿淋淋	ull	3	3
神里绫华的狗	ullg	1	4
山里灵活的狗	ullg	2	4
神里绫华	ullh	2	4
山里灵活	ullh	3	4
水里来火里去	ullq	2	4
树立理想	ullx	1	4
水陆两用	ully	2	4
说漏了嘴	ullz	1	4
睡了吗	ulm	1	3
史莱姆	ulm	2	3
耍流氓	ulm	3	3
视力模糊	ulmh	2	4
十来年	uln	2	3
上了年纪	ulnj	1	4
手里拿着	ulnv	1	4
实力派	ulp	1	3
耍赖皮	ulp	2	3
十里坡剑神	ulpu	1	4
手里捧着	ulpv	1	4
说来巧	ulq	1	3
生理期	ulq	2	3
石榴裙	ulq	3	3
神乐七奈	ulqn	2	4
神楽七奈	ulqn	3	4
十六七岁	ulqs	1	4
石榴裙下	ulqx	1	4
收揽人心	ulrx	1	4
说来容易	ulry	1	4
说了算	uls	1	3
少林寺	uls	2	3
十六岁	uls	3	3
深蓝色	uls	4	3
十来岁	uls	5	3
上了锁	uls	6	3
少啰嗦	uls	7	3
水龙头	ult	1	3
十来天	ult	2	3
矢量图	ult	3	3
省略图	ult	4	3
顺利通过	ultg	1	4
十里桃花	ulth	1	4
数理统计	ultj	1	4
顺利推进	ultj	2	4
说来听听	ultt	2	4
生理特征	ultv	2	4
神罗天征	ultv	3	4
上来说	ulu	1	3
受了伤	ulu	2	3
试了试	ulu	3	3
数了数	ulu	4	3
说了说	ulu	5	3
手拉手	ulu	6	3
生理上	ulu	7	3
顺利上岸	ulua	2	4
收了神通吧	ulub	1	4
十连双黄	uluh	2	4
谁来谁死	ulus	2	4
少林圣僧	ulus	3	4
收了神通	ulut	1	4
顺利实现	ulux	2	4
胜利者	ulv	1	3
狩猎者	ulv	2	3
石乐志	ulv	3	3
瘦脸针	ulv	4	3
数量众多	ulvd	1	4
说了这么多	ulvd	2	4
势利之交	ulvj	1	4
胜利召开	ulvk	1	4
生理周期	ulvq	2	4
少来这一套	ulvt	1	4
手拉着手	ulvu	2	4
审理之中	ulvv	1	4
熟练掌握	ulvw	1	4
收敛止血	ulvx	1	4
刷礼物	ulw	1	3
受了委屈	ulwq	1	4
商量下	ulx	1	3
试了下	ulx	2	3
双螺旋	ulx	3	3
生了锈	ulx	4	3
神劳形瘁	ulxc	1	4
实力相当	ulxd	1	4
售楼小姐	ulxj	2	4
生理需求	ulxq	3	4
势利小人	ulxr	2	4
生理需要	ulxy	1	4
傻了眼	uly	1	3
伸懒腰	uly	2	3
势利眼	uly	3	3
上了瘾	uly	4	3
少了一个	ulyg	1	4
说了一句	ulyj	2	4
睡了一觉	ulyj	3	4
摔了一跤	ulyj	4	4
上了一课	ulyk	2	4
湿了眼眶	ulyk	3	4
输了赢了	ulyl	1	4
说来也巧	ulyq	1	4
生理因素	ulys	3	4
试了一下	ulyx	1	4
商量一下	ulyx	2	4
手留余香	ulyx	3	4
省立医院	ulyy	1	4
伸了一个懒腰	ulyy	2	4
说漏嘴	ulz	2	3
甩脸子	ulz	3	3
树林子	ulz	4	3
舍利子	ulz	5	3
上了贼船	ulzi	2	4
是骡子是马拉出来遛遛	ulzl	1	4
是骡子是马，拉出来溜溜	ulzl	2	4
是骡子是马	ulzm	1	4
矢量字体	ulzt	1	4
水力资源	ulzy	1	4
水利资源	ulzy	2	4
说明	um	1	2
神秘	um	2	2
什么啊	uma	1	3
上门按摩	umam	1	4
生命安全	umaq	1	4
说明白	umb	1	3
圣母婊	umb	2	3
书面表达	umbd	1	4
使命必达	umbd	2	4
说明白点	umbd	3	4
什么办法	umbf	1	4
数码变焦	umbj	1	4
生命不止	umbv	1	4
睡眠不足	umbz	1	4
什么错	umc	1	3
书面材料	umcl	1	4
生命财产安全	umcq	1	4
双盲测试	umcu	1	4
什么都	umd	1	3
神秘大奖	umdj	1	4
水墨丹青	umdq	1	4
神马东西	umdx	1	4
神马东锡	umdx	2	4
神马都是浮云	umdy	3	4
升米恩斗米仇	umei	2	4
双盲法	umf	1	3
神秘复苏	umfs	1	4
什么鬼	umg	1	3
神秘感	umg	2	3
审美观	umg	3	3
使命感	umg	4	3
水磨功夫	umgf	1	4
实名观看	umgk	1	4
神秘顾客	umgk	2	4
审美过时	umgu	1	4
水墨画	umh	1	3
说梦话	umh	2	3
书名号	umh	3	3
沙漠化	umh	4	3
神秘化	umh	5	3
声名赫赫	umhh	1	4
神秘海域	umhy	1	4
什么仇	umi	1	3
商贸城	umi	2	3
寿命长	umi	3	3
生命诚可贵	umig	1	4
什么叫	umj	1	3
湿毛巾	umj	2	3
双面胶	umj	3	3
实名举报	umjb	1	4
神秘嘉宾	umjb	2	4
睡眠监测	umjc	1	4
双眉紧蹙	umjc	2	4
双面间谍	umjd	1	4
实木家具	umjj	1	4
审美降级	umjj	2	4
说没就没	umjm	1	4
生命尽头	umjt	1	4
数码技术	umju	2	4
生命迹象	umjx	1	4
审美畸形	umjx	2	4
书面记载	umjz	1	4
生面孔	umk	1	3
生命可贵	umkg	1	4
数码科技	umkj	1	4
生命力	uml	1	3
说明了	uml	2	3
手慢了	uml	3	3
睡梦罗汉	umlh	1	4
神秘老人	umlr	1	4
沙漠骆驼	umlt	1	4
生命力旺盛	umlu	1	4
说明理由	umly	1	4
说明来意	umly	2	4
神秘面纱	ummu	1	4
圣母玛丽亚	ummy	1	4
什么呢	umn	1	3
盛名难却	umnq	1	4
上门女婿	umnx	1	4
神秘女子	umnz	1	4
神秘男子	umnz	2	4
树莓派	ump	1	3
审美疲劳	umpl	1	4
舍命陪君子	umpz	1	4
署名权	umq	1	3
水煤气	umq	2	3
上门取件	umqj	1	4
神马情况	umqk	1	4
上门乞讨	umqt	1	4
生命起源	umqy	1	4
什么人	umr	1	3
睡美人	umr	2	3
双面人	umr	3	3
神目如电	umrd	1	4
双目如炬	umrj	2	4
实名认证	umrv	1	4
收买人心	umrx	1	4
史密斯	ums	1	3
史密斯专员	umsy	1	4
生命体	umt	1	3
杀马特	umt	2	3
水蜜桃	umt	3	3
睡眠瘫痪	umth	1	4
生命体征	umtv	1	4
书面通知	umtv	2	4
水蜜桃轴	umtv	3	4
神庙逃亡	umtw	1	4
实迷途其未远	umty	1	4
什么是	umu	1	3
什么事	umu	2	3
市面上	umu	3	3
说明书	umu	4	3
说没说过	umug	1	4
甚么时候	umuh	1	4
神马事情	umuq	1	4
实名上网	umuw	1	4
双盲实验	umuy	1	4
神秘失踪	umuz	1	4
生命值	umv	1	3
睡梦中	umv	2	3
生命中	umv	3	3
实名制	umv	4	3
生命中的	umvd	1	4
生米煮成熟饭	umvf	1	4
生命之歌	umvg	1	4
上面这个	umvg	2	4
睡眠质量	umvl	1	4
沙漠之狼	umvl	2	4
生命周期	umvq	1	4
省民政厅	umvt	1	4
盛名之下无虚士	umvu	1	4
上面这种	umvv	1	4
上面这些	umvx	1	4
盛名之下	umvx	2	4
生命之源	umvy	2	4
舒眉展眼	umvy	3	4
双马尾	umw	1	3
手慢无	umw	2	3
说明文	umw	3	3
说明文档	umwd	1	4
说明文件	umwj	1	4
双目微眯	umwm	1	4
说明问题	umwt	1	4
生命危险	umwx	1	4
石墨烯	umx	1	3
生命线	umx	2	3
说明性	umx	3	3
舍命相救	umxj	2	4
数码相框	umxk	1	4
实名羡慕	umxm	1	4
神秘现象	umxx	2	4
是没有	umy	1	3
什么样	umy	2	3
什么也	umy	3	3
守门员	umy	4	3
枢密院	umy	5	3
圣母院	umy	6	3
书面语	umy	7	3
舍命一击	umyj	1	4
受命于天	umyt	1	4
双目圆睁	umyv	1	4
声名远扬	umyy	1	4
数目字	umz	1	3
生命在于运动	umzd	1	4
生米做成熟饭	umzf	1	4
上门自提	umzt	1	4
鼠眉贼眼	umzy	1	4
十年	un	1	2
少女	un	2	2
少年	un	3	2
施耐庵	una	1	3
少年阿宾	unab	1	4
少年班	unb	1	3
史努比	unb	2	3
水泥板	unb	3	3
少年不知精子贵	unbg	1	4
商女不知亡国恨	unbh	1	4
神农本草经	unbj	1	4
少年不努力	unbl	1	4
十年不开张	unbv	1	4
十年不晚	unbw	1	4
少年不识愁滋味	unbw	2	4
手脑并用	unby	1	4
少年队	und	1	3
上年度	und	2	3
水泥钉	und	3	3
少年得志	undv	1	4
少年犯	unf	1	3
少年夫妻老来伴	unfb	1	4
尚能饭否	unff	1	4
少年夫妻一枝花	unfh	1	4
水泥封心	unfx	1	4
是那个	ung	1	3
是哪个	ung	2	3
是能够	ung	3	3
谁能够	ung	4	3
少年宫	ung	5	3
少年感	ung	6	3
圣女果	ung	7	3
输尿管	ung	8	3
是那个吗	ungm	1	4
水泥工业	ungy	1	4
数年后	unh	1	3
少女怀春	unhi	2	4
鼠牛虎兔龙蛇马羊猴鸡狗猪	unhv	1	4
十年寒窗无人问	unhw	1	4
十年河东，十年河西	unhx	1	4
水泥厂	uni	1	3
神农尝百草	unic	1	4
水泥产量	unil	1	4
霎那间	unj	1	3
伤脑筋	unj	2	3
数年间	unj	3	3
上年纪	unj	4	3
神农架	unj	5	3
少女卷轴	unjv	1	4
十年九不遇	unjy	1	4
受虐狂	unk	1	3
施虐狂	unk	2	3
室内空气	unkq	1	4
是哪里	unl	1	3
是那里	unl	2	3
少年郎	unl	3	3
水泥路	unl	4	3
十年老兵	unlb	1	4
十年老粉	unlf	1	4
说哪里话	unlh	1	4
少女萝莉	unll	1	4
十年老粉不请自来	unll	2	4
山南路远	unly	1	4
是那么	unm	1	3
是你吗	unm	2	3
是那么的	unmd	1	4
睡你麻痹起来嗨	unmh	1	4
睡你妈逼起来嗨	unmh	2	4
十年磨一剑	unmj	2	4
少奶奶	unn	1	3
神女劈观	unpg	1	4
是你飘了还是我握不住刀了	unpl	1	4
十年怕井绳	unpu	1	4
十年前	unq	1	3
数年前	unq	2	3
少女祈祷	unqd	1	4
少年强则国强	unqq	1	4
上哪去找	unqv	1	4
少女祈祷中	unqv	2	4
受虐倾向	unqx	1	4
少女前线	unqx	2	4
少年人	unr	1	3
受难日	unr	2	3
十年如一日	unrr	1	4
树挪死，人挪活	unsh	1	4
树挪死人挪活	unsh	2	4
士女图	unt	1	3
上年同期	untq	1	4
水逆退散	unts	1	4
室内天线	untx	1	4
神农氏	unu	1	3
少女时代	unud	1	4
室内设计	unuj	1	4
十年生死两茫茫	unum	2	4
十年树木，百年树人	unur	1	4
耍弄手腕	unuw	1	4
孰难孰易	unuy	1	4
生男生女都一样	unuy	2	4
是哪种	unv	1	3
受难者	unv	2	3
霎那之间	unvj	1	4
盛怒之下	unvx	1	4
十年之约	unvy	1	4
是哪位	unw	1	3
室内外	unw	2	3
省内外	unw	3	3
室内污染	unwr	1	4
恕你无罪	unwz	1	4
是那些	unx	1	3
少女心	unx	2	3
谁能想到	unxd	1	4
室内效果	unxg	1	4
谁能相信	unxx	1	4
是那样	uny	1	3
少年游	uny	2	3
十年饮冰	unyb	1	4
少女乐队	unyd	1	4
是那样的	unyd	2	4
受你影响	unyx	1	4
十年饮冰，难凉热血	unyx	2	4
室女座	unz	1	3
水能载舟	unzv	1	4
水能载舟亦能覆舟	unzv	2	4
杀牛宰羊	unzy	1	4
时间	uo	2	2
世界	uo	3	2
说：“	uo	4	2
视频	up	1	2
水平	up	2	2
商品	up	3	2
食品安全	upaq	1	4
沙坪坝	upb	1	3
审批表	upb	2	3
竖排版	upb	3	3
视频播放	upbf	1	4
伤皮不伤骨	upbg	1	4
视频编辑	upbj	1	4
视频播放器	upbq	1	4
视频裁判	upcp	1	4
蛇皮袋	upd	1	3
食品店	upd	2	3
视频电话	updh	1	4
售票大厅	updt	1	4
商品房	upf	1	3
审判方式	upfu	1	4
审判官	upg	1	3
晒屁股	upg	2	3
晒屁股了	upgl	1	4
食品公司	upgs	1	4
视频工作者	upgv	1	4
审批工作	upgz	1	4
商品化	uph	1	3
受迫害	uph	2	3
食品化工	uphg	1	4
视频会议	uphy	1	4
视频会员	uphy	2	4
售票处	upi	1	3
食品厂	upi	2	3
刷跑车	upi	3	3
刷跑车加微信	upix	1	4
U盘	upj	1	3
受排挤	upj	2	3
收盘价	upj	3	3
商品价格	upjg	1	4
审判机关	upjg	2	4
商品交易会	upjh	2	4
视频教程	upji	1	4
生平仅见	upjj	2	4
视频剪辑	upjj	3	4
双拼加形	upjx	1	4
诗朋酒友	upjy	1	4
售票口	upk	1	3
适配卡	upk	2	3
视频卡	upk	3	3
食品科学	upkx	1	4
收破烂	upl	1	3
上坡路	upl	2	3
拾破烂	upl	3	3
收破烂的	upld	1	4
拾破烂的	upld	2	4
上坡路段	upld	3	4
说漂亮话	uplh	1	4
审批流程	upli	1	4
视频聊天	uplt	2	4
视频录像	uplx	1	4
水平面	upm	1	3
商品名	upm	2	3
双皮奶	upn	1	3
双拼奶茶	upni	1	4
商品拍卖	uppm	1	4
耍脾气	upq	1	3
适配器	upq	2	3
审判日	upr	1	3
审批人	upr	2	3
水平如镜	uprj	1	4
视频软件	uprj	2	4
上屏速度	upsd	1	4
售票厅	upt	1	3
耍派头	upt	2	3
视频通话	upth	1	4
食品添加剂	uptj	2	4
山坡上	upu	1	3
谁怕谁	upu	2	3
水平上	upu	3	3
商品税	upu	4	3
双排上分	upuf	1	4
视频时长	upui	1	4
视频申诉	upus	1	4
视频水印	upuy	1	4
up主	upv	1	3
审判长	upv	2	3
视频制作	upvz	1	4
视频文件	upwj	1	4
食品污染	upwr	1	4
视频网站	upwv	1	4
水平线	upx	1	3
视平线	upx	2	3
顺坡下驴	upxl	1	4
射频消融	upxr	1	4
商品销售	upxu	1	4
视频下载	upxz	1	4
售票员	upy	1	3
审判员	upy	2	3
受聘于	upy	3	3
水平仪	upy	4	3
食品药品监督管理局	upyj	1	4
食品药品	upyp	1	4
双聘院士	upyu	1	4
水平有限	upyx	1	4
生僻字	upz	1	3
水瓶座	upz	2	3
屎盆子	upz	3	3
耍贫嘴	upz	4	3
蛇皮走位	upzw	1	4
事情	uq	1	2
上去	uq	2	2
失去	uq	3	2
受气包	uqb	1	3
申请表	uqb	2	3
神奇般	uqb	3	3
神奇宝贝	uqbb	2	4
申请报告	uqbg	1	4
事情败露	uqbl	1	4
申请办理	uqbl	2	4
事情暴露	uqbl	3	4
上气不接下气	uqbq	1	4
帅气逼人	uqbr	1	4
十七八岁	uqbs	1	4
收钱办事	uqbu	1	4
视钱财如粪土	uqct	1	4
深情地	uqd	1	3
事情到了这步田地	uqdd	1	4
深仇大恨	uqdh	1	4
申请登记	uqdj	1	4
上强度了	uqdl	2	4
士气大振	uqdv	1	4
竖起大拇指	uqdv	2	4
申请单位	uqdw	2	4
士气大增	uqdz	1	4
竖起耳朵	uqed	1	4
申请额度	uqed	2	4
受启发	uqf	1	3
授权发布	uqfb	1	4
授权方式	uqfu	1	4
顺其发展	uqfv	2	4
社区服务	uqfw	1	4
收取费用	uqfy	1	4
上千个	uqg	1	3
数千个	uqg	2	3
暑期工	uqg	3	3
失去高光	uqgg	1	4
失去感觉	uqgj	1	4
数千公里	uqgl	1	4
申请购买	uqgm	1	4
睡前故事	uqgu	1	4
士气高涨	uqgv	1	4
失去光泽	uqgz	1	4
双枪会给出答案	uqha	1	4
申请互动	uqhd	1	4
失去活力	uqhl	1	4
说起话来	uqhl	2	4
生擒活拿	uqhn	1	4
生取活拿	uqhn	2	4
生擒活捉	uqhv	1	4
说清楚	uqi	1	3
杀气冲天	uqit	1	4
盛情接待	uqjd	1	4
神情激愤	uqjf	1	4
十亲九故	uqjg	1	4
事情经过	uqjg	2	4
失去机会	uqjh	1	4
申请加入	uqjr	1	4
社区建设	uqju	1	4
神情矍铄	uqju	2	4
啥情况	uqk	1	3
视情况	uqk	2	3
省钱快报	uqkb	1	4
申请开办	uqkb	2	4
晒妻狂魔	uqkm	1	4
时崎狂三	uqks	1	4
申请课题	uqkt	1	4
失去控制	uqkv	1	4
说起来	uql	1	3
失去了	uql	2	3
收起来	uql	3	3
受牵连	uql	4	3
失去灵魂	uqlh	1	4
失去了知觉	uqlj	2	4
失去连接	uqlj	3	4
删前留名	uqlm	1	4
神情落寞	uqlm	2	4
说起来容易做起来难	uqln	1	4
失去理智	uqlv	2	4
失去联系	uqlx	1	4
失去理性	uqlx	2	4
数千名	uqm	1	3
沙琪玛	uqm	2	3
失去目标	uqmb	1	4
失去目的	uqmd	1	4
数千年	uqn	1	3
时期内	uqn	2	3
耍枪弄棒	uqnb	1	4
使枪弄棒	uqnb	2	4
数千年来	uqnl	1	4
事情闹大了	uqnl	2	4
双拳难敌四手	uqnu	1	4
神奇女侠	uqnx	1	4
失去平衡	uqph	1	4
申请赔偿	uqpi	1	4
申请批准	uqpv	1	4
申请取得	uqqd	1	4
杀妻求将	uqqj	1	4
十去其九	uqqj	2	4
恃强欺弱	uqqr	1	4
神清气闲	uqqx	1	4
申请人	uqr	1	3
授权人	uqr	2	3
尚且如此	uqrc	1	4
食其肉寝其皮	uqrp	1	4
申请日期	uqrq	1	4
深切认识	uqru	1	4
孀妻弱子	uqrz	1	4
十七岁	uqs	1	3
数千条	uqt	1	3
设圈套	uqt	2	3
申请条件	uqtj	1	4
申请退款	uqtk	1	4
事情突然	uqtr	1	4
神枪手	uqu	1	3
申请书	uqu	2	3
手牵手	uqu	3	3
授权书	uqu	4	3
圣骑士	uqu	5	3
说七说八	uqub	1	4
石器时代	uqud	1	4
生前视频	uqup	1	4
孰强孰弱	uqur	1	4
双栖双宿	uqus	1	4
失去知觉	uqvj	1	4
申请专利	uqvl	1	4
手牵着手	uqvu	1	4
神情专注	uqvv	1	4
上千万	uqw	1	3
数千万	uqw	2	3
社区文化	uqwh	1	4
士气旺盛	uqwu	1	4
双曲线	uqx	1	3
上七下八	uqxb	1	4
失去兴趣	uqxq	1	4
收起笑容	uqxr	1	4
失去笑容	uqxr	2	4
失去信心	uqxx	1	4
授权协议	uqxy	1	4
社区学院	uqxy	2	4
上千元	uqy	1	3
数千亿	uqy	2	3
生前友好	uqyh	1	4
失去意识	uqyu	1	4
升旗仪式	uqyu	2	4
身轻言微	uqyw	1	4
受其影响	uqyx	1	4
失去意义	uqyy	1	4
失去自由	uqzy	1	4
杀人	ur	2	2
收入	ur	3	2
杀人案	ura	1	3
时日不多	urbd	1	4
杀人不过头点地	urbd	2	4
首日补丁	urbd	3	4
收入不菲	urbf	1	4
霜染白发	urbf	2	4
视若不见	urbj	1	4
视如敝屣	urbx	1	4
杀人不见血	urbx	2	4
杀人不眨眼	urby	1	4
省人大	urd	1	3
杀人夺宝	urdb	1	4
生日蛋糕	urdg	1	4
深入敌后	urdh	1	4
深入调查	urdi	1	4
食肉动物	urdw	1	4
视若等闲	urdx	1	4
上任鹅城	urei	1	4
输入法	urf	1	3
杀人犯	urf	2	3
双人房	urf	3	3
输入方案	urfa	1	4
深入腹地	urfd	1	4
杀人父母	urfm	1	4
视如粪土	urft	1	4
深入分析	urfx	1	4
输入国	urg	1	3
使人感到	urgd	1	4
输入功能	urgn	1	4
深入贯彻落实	urgu	1	4
说人话	urh	1	3
山容海纳	urhn	1	4
摄人魂魄	urhp	1	4
双人床	uri	1	3
收入差距	urij	1	4
深入持久	urij	2	4
杀人偿命，欠债还钱	uriq	1	4
杀人成性	urix	1	4
双人成行	urix	2	4
双刃剑	urj	1	3
双人间	urj	2	3
瘦肉精	urj	3	3
深入交流	urjl	1	4
杀人机器	urjq	1	4
熟人介绍	urju	1	4
十人九痔	urjv	2	4
圣人君子	urjz	1	4
输入框	urk	1	3
视如寇仇	urki	1	4
输入口令	urkl	2	4
摄入量	url	2	3
深入理解	urlj	2	4
势如累卵	urll	1	4
生日礼品	urlp	1	4
生日礼物	urlw	1	4
收入来源	urly	1	4
输入密码	urmm	1	4
世人面前	urmq	1	4
双人模式	urmu	1	4
圣人模式	urmu	2	4
数日内	urn	1	3
收入囊中	urnv	1	4
湿热内蕴	urny	1	4
双人旁	urp	1	3
生日派对	urpd	1	4
输入平台	urpt	1	4
杀人抛尸	urpu	1	4
收入情况	urqk	1	4
收容遣送	urqs	1	4
受让人	urr	1	3
手如柔荑	urry	1	4
收容所	urs	1	3
上热搜	urs	2	3
受人所托	urst	1	4
受人唆使	ursu	1	4
十日谈	urt	1	3
收入提高	urtg	1	4
深入调查	urti	1	4
深入探讨	urtt	1	4
输入体验	urty	1	4
时日尚短	urud	1	4
是人是鬼	urug	1	4
输入输出	urui	1	4
市容市貌	urum	1	4
深入实施	uruu	1	4
熟人熟事	uruu	2	4
水软山温	uruw	1	4
是人是鬼都在秀	urux	1	4
杀人者	urv	2	3
十人斩	urv	3	3
视若珍宝	urvb	2	4
生日祝福	urvf	1	4
收入状况	urvk	1	4
商人重利轻别离	urvl	1	4
受人支配	urvp	1	4
受人之托	urvt	1	4
受人指使	urvu	1	4
输入中文	urvw	1	4
杀人诛心	urvx	1	4
十日终焉	urvy	1	4
双人舞	urw	2	3
时日无多	urwd	2	4
收入稳定	urwd	3	4
诗人握持	urwi	1	4
是人我吃	urwi	2	4
生人勿进	urwj	1	4
诗人握特	urwt	1	4
深入我心	urwx	1	4
摄人心魂	urxh	1	4
生如夏花	urxh	2	4
熟人相轻	urxq	1	4
输入系统	urxt	1	4
杀人凶手	urxu	1	4
深入细致	urxv	1	4
食人鱼	ury	1	3
水溶液	ury	2	3
傻人有傻福	uryf	1	4
顺人应天	uryt	1	4
杀人游戏	uryx	1	4
熟稔于心	uryx	2	4
授人以鱼，不如授人以渔	uryy	2	4
杀人罪	urz	1	3
双人座	urz	2	3
熟人作案	urza	1	4
受人尊敬	urzj	1	4
山人自有妙计	urzj	2	4
人生自古谁无死	urzs	1	4
生死	us	1	2
杀死	us	2	2
收缩	us	3	2
时速表	usb	1	3
上三百	usb	2	3
上四百	usb	3	3
誓死不从	usbc	1	4
生死不顾	usbg	1	4
誓死不降	usbj	1	4
生死不明	usbm	1	4
杀死比赛	usbs	1	4
生死不知	usbv	1	4
生死边缘	usby	2	4
上溯到	usd	1	3
输送带	usd	2	3
瘦死的骆驼比马大	usdd	1	4
生死对决	usdj	1	4
世俗的偏见	usdj	2	4
手撕大狙	usdj	3	4
失散多年	usdn	1	4
身死道消	usdx	1	4
食宿费	usf	1	3
疏散风邪	usfx	1	4
生死观	usg	1	3
睡死过去	usgq	1	4
少私寡欲	usgy	1	4
深似海	ush	1	3
世俗化	ush	2	3
世所罕见	ushj	1	4
神色慌张	ushv	1	4
生死局	usj	1	3
生死狙击	usjj	1	4
说散就散	usjs	1	4
生死抉择	usjz	1	4
生死看淡	uskd	1	4
生死看淡，不服就干	uskg	1	4
爽死了	usl	1	3
神速力	usl	2	3
生死恋	usl	3	3
十三陵	usl	4	3
瘦死骆驼比马大	usld	1	4
生死轮回	uslh	1	4
神色凛然	uslr	1	4
是什么	usm	1	3
说什么	usm	2	3
是什么啊	usma	1	4
慎思明辨	usmb	1	4
深色模式	usmu	1	4
生死难料	usnl	1	4
神色凝重	usnv	1	4
双色球	usq	1	3
拾色器	usq	2	3
上诉人	usr	1	3
神色如常	usri	1	4
十三岁	uss	1	3
十三四岁	usss	1	4
上岁数	usu	1	3
上岁数了	usul	2	4
双宿双栖	usuq	1	4
生死战	usv	1	3
生死状	usv	2	3
世俗之见	usvj	2	4
生死之战	usvv	1	4
食髓知味	usvw	1	4
世俗之物	usvw	2	4
双色温	usw	1	3
十四五岁	usws	1	4
十死无生	uswu	2	4
十三香	usx	1	3
生死线	usx	2	3
伸缩性	usx	3	3
生死相伴	usxb	1	4
生死相搏	usxb	2	4
社死现场	usxi	1	4
生死相随	usxs	1	4
生死线上	usxu	1	4
生死相许	usxx	1	4
少司缘	usy	1	3
神色一黯	usya	1	4
生死一搏	usyb	1	4
生死予夺	usyd	1	4
神色严峻	usyj	1	4
生死一劫	usyj	2	4
生死有命	usym	2	4
生死有命，富贵在天	usyt	1	4
数死早	usz	1	3
身体	ut	1	2
尸体	ut	2	2
石头	ut	3	2
沙特阿拉伯	utab	1	4
手提包	utb	1	3
神同步	utb	2	3
身体倍棒	utbb	1	4
身体不好	utbh	1	4
上天不负有心人	utbr	1	4
身体不适	utbu	1	4
十天半月	utby	1	4
上天保佑	utby	2	4
胜天半子	utbz	1	4
神吐槽	utc	1	3
手提袋	utd	1	3
实体店	utd	2	3
双通道	utd	3	3
身体锻炼	utdl	1	4
伸腿瞪眼丸	utdw	1	4
伸腿瞪眼	utdy	1	4
石头缝	utf	1	3
受托方	utf	2	3
身体发肤，受之父母	utfm	1	4
身体发肤受之父母	utfm	2	4
身体放松	utfs	1	4
事态发展	utfv	1	4
生态工程	utgi	1	4
水调歌头	utgt	1	4
师徒关系	utgx	1	4
身体好	uth	1	3
生态环境部	uthb	2	4
身体恢复	uthf	1	4
山体滑坡	uthp	1	4
是条汉子	uthz	1	4
手推车	uti	1	3
社团成员	utiy	1	4
手头紧	utj	1	3
上台阶	utj	2	3
实体键	utj	3	3
石头记	utj	4	3
佘太君	utj	5	3
石头剪子布	utjb	1	4
石头剪刀布	utjb	2	4
视听结合	utjh	1	4
身体接触	utji	1	4
身体检查	utji	2	4
身体机能	utjn	1	4
视同缴纳	utjn	2	4
尸体解剖	utjp	1	4
实体键盘	utjp	2	4
说停就停	utjt	1	4
手头紧张	utjv	1	4
史塔克	utk	1	3
申通快递	utkd	1	4
手头宽裕	utky	1	4
身体里	utl	1	3
生态链	utl	2	3
伤透了	utl	3	3
史泰龙	utl	4	3
石头路	utl	5	3
豕突狼奔	utlb	1	4
生态廊道	utld	1	4
伤透了脑筋	utlj	1	4
伤透了心	utlx	2	4
使他们	utm	1	3
上台面	utm	2	3
神他妈	utm	3	3
视同陌路	utml	1	4
势头明显	utmx	1	4
数天内	utn	1	3
伤透脑筋	utnj	1	4
生态农业	utny	1	4
沙滩排球	utpq	1	4
生态屏障	utpv	1	4
手提皮箱	utpx	1	4
数天前	utq	1	3
身体器官	utqg	1	4
身体欠肛	utqg	2	4
身体情况	utqk	1	4
水太清则无鱼	utqy	1	4
身体弱	utr	1	3
师徒四人	utsr	1	4
身体素质	utsv	1	4
实体图	utt	1	3
生态体系	uttx	1	4
身体上	utu	1	3
手头上	utu	2	3
实体书	utu	3	3
史铁生	utu	4	3
手提式	utu	5	3
视听设备	utub	1	4
事态升级	utuj	1	4
身体是革命的本钱	utuq	1	4
试探试探	utut	1	4
视听盛宴	utuy	1	4
身体状况	utvk	1	4
势头正猛	utvm	1	4
生态文化	utwh	1	4
生态危机	utwj	1	4
生态文明	utwm	1	4
上天无路入地无门	utwm	2	4
上天无路，入地无门	utwm	3	4
水体污染	utwr	1	4
实体娃娃	utww	1	4
少头无尾	utww	2	4
伤痛文学	utwx	1	4
手提箱	utx	1	3
试探性	utx	2	3
蛇吞象	utx	3	3
伤透心	utx	4	3
渗透性	utx	5	3
是他先动手的	utxd	2	4
水天相接	utxj	1	4
身体虚弱	utxr	1	4
是他先动的手	utxu	1	4
生态效益	utxy	1	4
晒太阳	uty	1	3
手头有点紧	utyj	1	4
深田咏美	utym	1	4
生态养殖	utyv	1	4
事态严重	utyv	2	4
试探一下	utyx	1	4
身体语言	utyy	1	4
石头子	utz	1	3
身上	uu	2	2
事实	uu	3	2
叔叔阿姨	uuay	1	4
数十倍	uub	2	3
甩手不干	uubg	2	4
水上芭蕾	uubl	1	4
谁说不是呢	uubn	2	4
伤势不轻	uubq	3	4
伸手不打笑脸人	uubr	1	4
双手抱头	uubt	1	4
伸手不见五指	uubv	1	4
实属不易	uuby	2	4
莎士比亚	uuby	3	4
上上策	uuc	1	3
收拾残局	uucj	1	4
世事沧桑	uucs	2	4
深深地	uud	2	3
摄氏度	uud	3	3
深深的	uud	4	3
手术刀	uud	5	3
舒适度	uud	6	3
少食多餐	uudc	3	4
说啥都行	uudh	2	4
上升到了	uudl	1	4
世事洞明	uudm	3	4
啥事都没	uudm	4	4
生杀大权	uudq	2	4
顺手的事	uudu	3	4
世事洞明皆学问	uudw	1	4
收拾东西	uudx	1	4
深山大泽	uudz	2	4
双十二	uue	2	3
说说而已	uuey	1	4
手术费	uuf	2	3
受束缚	uuf	3	3
爽身粉	uuf	4	3
绅士风度	uufd	1	4
傻傻分不清楚	uufi	1	4
收拾房间	uufj	2	4
闪闪发亮	uufl	1	4
身首分离	uufl	2	4
生身父母	uufm	1	4
傻傻分不清	uufq	1	4
少数服从多数	uufu	4	4
上十个	uug	2	3
数十个	uug	3	3
食尸鬼	uug	4	3
生石膏	uug	5	3
深受感动	uugd	1	4
深深感到	uugd	2	4
手上功夫	uugf	2	4
深受鼓舞	uugw	2	4
师生关系	uugx	1	4
实时更新	uugx	2	4
事事关心	uugx	3	4
说实话	uuh	1	3
啥时候	uuh	2	3
是时候	uuh	3	3
说说话	uuh	4	3
山水画	uuh	5	3
生石灰	uuh	6	3
受伤害	uuh	7	3
神圣化	uuh	8	3
熟石灰	uuh	9	3
是时候了	uuhl	2	4
收受贿赂	uuhl	3	4
双手合十	uuhu	3	4
深受欢迎	uuhy	1	4
双手插兜	uuid	2	4
说时迟，那时快	uuik	1	4
说时迟那时快	uuik	2	4
实时处理	uuil	1	4
实时传输	uuiu	3	4
身受重伤	uuiu	4	4
山上彻也	uuiy	1	4
霎时间	uuj	2	3
杀手锏	uuj	3	3
史诗级	uuj	4	3
上世纪	uuj	5	3
视神经	uuj	6	3
肾衰竭	uuj	7	3
史诗级过肺	uujf	2	4
身手矫健	uujj	2	4
删删减减	uujj	3	4
实时监控	uujk	4	4
上世纪末	uujm	2	4
史诗级加强	uujq	3	4
试试就逝世	uuju	3	4
甩身就走	uujz	1	4
试试看	uuk	2	3
说说看	uuk	3	3
漱漱口	uuk	4	3
双手空格	uukg	1	4
树上开花	uukh	1	4
上升空间	uukj	3	4
杀伤力	uul	2	3
收视率	uul	3	3
师生恋	uul	4	3
硕士论文	uulw	3	4
水上乐园	uuly	3	4
是什么	uum	2	3
说什么	uum	3	3
是什么呢	uumn	2	4
生身母亲	uumq	1	4
少数民族地区	uumq	2	4
盛世美颜	uumy	1	4
数十年	uun	2	3
逝水年华	uunh	1	4
数十年如一日	uunr	1	4
少数派	uup	2	3
时事评论	uupl	2	4
舒适区	uuq	2	3
上上签	uuq	3	3
书生气	uuq	4	3
师生情	uuq	5	3
省市区	uuq	6	3
深受启发	uuqf	2	4
深受其扰	uuqr	1	4
上升趋势	uuqu	2	4
事实确凿	uuqz	1	4
少数人	uur	2	3
事实如此	uurc	1	4
事实认定	uurd	1	4
声声入耳	uure	2	4
水上人家	uurj	2	4
上山容易下山难	uurn	1	4
上市日期	uurq	2	4
顺手人情	uurq	3	4
书是人类进步的阶梯	uurt	1	4
狮身人面像	uurx	1	4
世事如棋局局新	uurx	2	4
瞬时速度	uusd	1	4
舍身饲虎	uush	1	4
手术台	uut	2	3
伤身体	uut	3	3
上视图	uut	4	3
收拾停当	uutd	2	4
失声痛哭	uutk	3	4
神神叨叨	uutt	2	4
事实上	uuu	2	3
手术室	uuu	3	3
试试水	uuu	4	3
神射手	uuu	5	3
事实胜于雄辩	uuub	1	4
双手双脚	uuuj	3	4
神圣使命	uuum	1	4
是生是死	uuus	1	4
世殊事异	uuuy	1	4
顺时针	uuv	2	3
受伤者	uuv	3	3
杀声震天	uuvt	1	4
说是这么说	uuvu	2	4
水生植物	uuvw	1	4
事实真相	uuvx	1	4
上上之选	uuvx	2	4
数十万	uuw	2	3
识时务	uuw	3	3
上升为	uuw	4	3
耍手腕	uuw	5	3
摄氏温标	uuwb	2	4
谁是卧底	uuwd	2	4
双生武魂	uuwh	1	4
识时务者为俊杰	uuwj	2	4
少说为妙	uuwm	1	4
实属无奈	uuwn	1	4
上述问题	uuwt	1	4
世上无难事	uuwu	3	4
伤势未愈	uuwy	1	4
收拾屋子	uuwz	1	4
杀伤性	uux	2	3
收收心	uux	3	3
肾上腺	uux	4	3
数十项	uux	5	3
省市县	uux	6	3
尸山血海	uuxh	1	4
声势显赫	uuxh	2	4
收拾行囊	uuxn	1	4
甚是想念	uuxn	2	4
数十亿	uuy	2	3
双十一	uuy	3	3
水蛇腰	uuy	4	3
湿身诱惑	uuyh	3	4
睡上一觉	uuyj	1	4
双双殒命	uuym	1	4
山上有个庙	uuym	2	4
世上已千年	uuyn	1	4
伸手要钱	uuyq	2	4
双手运球	uuyq	3	4
是啥意思	uuys	1	4
实时演算	uuys	2	4
伤势严重	uuyv	1	4
深受影响	uuyx	1	4
说实在	uuz	2	3
射手座	uuz	3	3
史上最贵	uuzg	1	4
说实在话	uuzh	2	4
双手赞成	uuzi	3	4
史上最佳	uuzj	1	4
说声再见	uuzj	2	4
史上最牛	uuzn	2	4
史上最强	uuzq	2	4
史上最全	uuzq	3	4
沙沙作响	uuzx	1	4
时势造英雄	uuzx	2	4
甚至	uv	2	2
手中	uv	3	2
霜之哀伤	uvau	1	4
逝者安息	uvax	1	4
手抓饼	uvb	1	3
山寨版	uvb	2	3
甚至不知道	uvbd	1	4
述职报告	uvbg	2	4
施展不开	uvbk	2	4
善者不来	uvbl	1	4
少壮不努力	uvbl	2	4
数值爆炸	uvbv	1	4
身正不怕影子歪	uvbw	3	4
身正不怕影子斜	uvbx	2	4
舍证从脉	uvcm	1	4
谁知道	uvd	2	3
杀猪刀	uvd	3	3
市重点	uvd	4	3
省重点	uvd	5	3
是真的吗	uvdm	2	4
谁知道呢	uvdn	2	4
失之淡然	uvdr	1	4
市制单位	uvdw	1	4
市政府	uvf	1	3
省政府	uvf	2	3
手抓饭	uvf	3	3
上阵父子兵	uvfb	1	4
上涨幅度	uvfd	1	4
山中方一日	uvfr	1	4
施政方针	uvfv	1	4
数值分析	uvfx	1	4
是这个	uvg	1	3
双职工	uvg	2	3
施政纲领	uvgl	2	4
生殖隔离	uvgl	3	4
是这个理	uvgl	4	4
是这个吗	uvgm	1	4
是这个意思	uvgs	2	4
说真话	uvh	1	3
神州行	uvh	2	3
深圳欢乐谷	uvhg	1	4
神志恍惚	uvhh	1	4
甚至还想笑	uvhx	2	4
上战场	uvi	1	3
生殖崇拜	uvib	1	4
谁支持，谁反对	uvid	1	4
谁主沉浮	uvif	1	4
舌绽春雷	uvil	2	4
盛装出席	uvix	1	4
甚至出现	uvix	2	4
石中剑	uvj	1	3
手指甲	uvj	2	3
山寨机	uvj	3	3
湿纸巾	uvj	4	3
升职记	uvj	5	3
说正经的	uvjd	2	4
始终坚持	uvji	2	4
设置界面	uvjm	1	4
升职加薪	uvjx	2	4
始终坚信	uvjx	3	4
实战经验	uvjy	2	4
双周刊	uvk	1	3
升值空间	uvkj	1	4
睡着了	uvl	1	3
是这里	uvl	2	3
商住楼	uvl	3	3
商住两用房	uvlf	1	4
舌绽莲花	uvlh	1	4
水中捞月一场空	uvlk	2	4
十指连弹	uvlt	1	4
神之领域	uvly	2	4
是这么	uvm	1	3
受折磨	uvm	2	3
上周末	uvm	3	3
施展魔法	uvmf	2	4
是这么个	uvmg	3	4
始终没有	uvmy	1	4
十周年	uvn	1	3
肾主纳气	uvnq	2	4
实质内容	uvnr	2	4
受支配	uvp	1	3
水蒸气	uvq	2	3
生殖器	uvq	3	3
试轴器	uvq	4	3
生殖器官	uvqg	1	4
施展拳脚	uvqj	1	4
慎重起见	uvqj	2	4
收支情况	uvqk	1	4
受众群体	uvqt	1	4
始终强调	uvqt	2	4
水至清则无鱼	uvqy	3	4
石钟乳	uvr	1	3
室主任	uvr	2	3
逝者如斯夫	uvrf	1	4
水煮肉片	uvrp	1	4
始终认为	uvrw	1	4
生长素	uvs	1	3
手指头	uvt	1	3
梳妆台	uvt	2	3
树状图	uvt	3	3
深圳通	uvt	4	3
上肢瘫痪	uvth	2	4
上知天文，下知地理	uvtl	1	4
上知天文下知地理	uvtl	2	4
闪展腾挪	uvtn	1	4
甚至是	uvu	1	3
始终是	uvu	2	3
实质上	uvu	3	3
受重视	uvu	4	3
孰重孰轻	uvuq	1	4
谁重谁轻	uvuq	2	4
说着说着	uvuv	1	4
神之使者	uvuv	2	4
竖中指	uvv	1	3
善战者无赫赫之功	uvvg	1	4
生长周期	uvvq	2	4
视之为	uvw	2	3
摄政王	uvw	3	3
商纣王	uvw	4	3
胜者王	uvw	5	3
说着玩的	uvwd	1	4
山中无老虎	uvwh	2	4
失之我命	uvwm	1	4
食之无味	uvww	2	4
山中无老虎，猴子称大王	uvww	3	4
胜者为王	uvww	4	4
说者无心	uvwx	1	4
食之无味，弃之可惜	uvwx	2	4
食之无味弃之可惜	uvwx	3	4
顺着网线	uvwx	4	4
说者无意	uvwy	1	4
说者无心，听者有意	uvwy	2	4
说者无心听者有意	uvwy	3	4
胜者王侯败者贼	uvwz	1	4
市中心	uvx	1	3
手掌心	uvx	2	3
实质性	uvx	3	3
上中下	uvx	4	3
时装秀	uvx	5	3
市政协	uvx	6	3
省政协	uvx	7	3
实质性进展	uvxv	1	4
说着笑着	uvxv	2	4
甚至于	uvy	1	3
是这样	uvy	2	3
受制于	uvy	3	3
始终有	uvy	4	3
水煮鱼	uvy	5	3
水中月	uvy	6	3
是这样的	uvyd	1	4
水中月镜中花	uvyh	3	4
吮指原味鸡	uvyj	3	4
是这样吗	uvym	1	4
神之一手	uvyu	5	4
参政议政	uvyv	1	4
身之以往	uvyw	1	4
省中医院	uvyy	3	4
生长因子	uvyz	2	4
摄制组	uvz	1	3
书中自有千钟粟	uvzs	1	4
书中自有黄金屋	uvzw	1	4
书中自有颜如玉	uvzy	1	4
杀猪宰羊	uvzy	2	4
失望	uw	2	2
上午	uw	3	2
商务部	uwb	1	3
事务部	uwb	2	3
杀威棒	uwb	3	3
数位板	uwb	4	3
上网本	uwb	5	3
十万八千里	uwbl	1	4
视物不清	uwbq	2	4
上位捕食者	uwbv	1	4
殊为不易	uwby	1	4
事无不可对人言	uwby	2	4
稍微不足	uwbz	1	4
商务舱	uwc	1	3
伤亡惨重	uwcv	1	4
身无彩凤双飞翼	uwcy	1	4
生物电	uwd	1	3
十五大	uwd	2	3
尚未达到	uwdd	1	4
上网导航	uwdh	1	4
尚无定论	uwdl	1	4
水往低处流	uwdl	2	4
商务大厦	uwdu	2	4
书无店烧	uwdu	3	4
声威大震	uwdv	1	4
生物多样性	uwdx	1	4
十五的月亮十六圆	uwdy	1	4
书无店砸	uwdz	3	4
是味儿	uwe	1	3
耍威风	uwf	1	3
手无缚鸡之力	uwfl	1	4
十万伏特	uwft	1	4
十五分钟	uwfv	1	4
上万个	uwg	1	3
数万个	uwg	2	3
竖弯钩	uwg	3	3
十万个冷笑话	uwgh	1	4
十万个为什么	uwgm	1	4
首尾贯通	uwgt	1	4
十五个吊桶打水	uwgu	1	4
收尾工作	uwgz	1	4
上午好	uwh	1	3
涉外活动	uwhd	1	4
生物合成	uwhi	1	4
首尾呼应	uwhy	1	4
商务合作	uwhz	1	4
生完孩子	uwhz	2	4
室温超导	uwid	1	4
身无长处	uwii	1	4
上屋抽梯	uwit	1	4
事无常师	uwiu	2	4
市委常委	uwiw	2	4
睡午觉	uwj	1	3
税务局	uwj	2	3
事务局	uwj	3	3
生物界	uwj	4	3
商务局	uwj	5	3
收尾阶段	uwjd	2	4
事无绝对	uwjd	3	4
涉外经济	uwjj	1	4
爽文剧情	uwjq	1	4
尚武精神	uwju	2	4
售完即止	uwjv	1	4
收为己用	uwjy	1	4
生物课	uwk	1	3
上网卡	uwk	2	3
上网卡顿	uwkd	1	4
爽文开局	uwkj	1	4
尚未可知	uwkv	1	4
事未可知	uwkv	2	4
身位控制	uwkv	3	4
是为了	uwl	1	3
说完了	uwl	2	3
失望了	uwl	3	3
食物链	uwl	4	3
耍无赖	uwl	5	3
生物链	uwl	6	3
食物链顶端	uwld	1	4
十五六岁	uwls	1	4
上网聊天	uwlt	1	4
生物老师	uwlu	1	4
是我们	uwm	1	3
使我们	uwm	2	3
视网膜	uwm	3	3
生物膜	uwm	4	3
商务目的	uwmd	1	4
生物灭绝	uwmj	1	4
恕我冒昧	uwmm	1	4
十五年	uwn	1	3
殊为难得	uwnd	1	4
谁问你了	uwnl	1	4
受窝囊气	uwnq	1	4
爽文男主	uwnv	1	4
爽文女主	uwnv	2	4
使我难忘	uwnw	1	4
商务培训	uwpx	1	4
受委屈	uwq	1	3
生物圈	uwq	2	3
沙湾区	uwq	3	3
水文气象	uwqx	1	4
涉外企业	uwqy	1	4
上万人	uwr	1	3
数万人	uwr	2	3
十五日	uwr	3	3
受侮辱	uwr	4	3
水污染	uwr	5	3
伤亡人数	uwru	1	4
十五日均线	uwrx	1	4
事务所	uws	1	3
税务所	uws	2	3
啥问题	uwt	1	3
生物体	uwt	2	3
受委托	uwt	3	3
十五天	uwt	4	3
实物图	uwt	5	3
失望透顶	uwtd	1	4
商务谈判	uwtp	1	4
水文特征	uwtv	1	4
室外天线	uwtx	1	4
食物特写	uwtx	2	4
杀无赦	uwu	1	3
十位数	uwu	2	3
身外身法	uwuf	1	4
恕我失礼	uwul	1	4
声闻数里	uwul	2	4
省卫生厅	uwut	1	4
守望者	uwv	1	3
生物钟	uwv	2	3
示威者	uwv	3	3
事务长	uwv	4	3
视为至宝	uwvb	1	4
士为知己者死	uwvs	1	4
生物制药	uwvy	2	4
爽歪歪	uww	1	3
水汪汪	uww	2	3
尚未完成	uwwi	1	4
视为无效	uwwx	1	4
生物学	uwx	1	3
生物系	uwx	2	3
生物性	uwx	3	3
上闻下达	uwxd	1	4
守望先锋	uwxf	1	4
首尾相接	uwxj	2	4
商务信息	uwxx	1	4
生物信息	uwxx	2	4
啥玩意	uwy	1	3
上万元	uwy	2	3
数万亿	uwy	3	3
稍微有点	uwyd	1	4
稍微有点儿	uwye	2	4
商务印书馆	uwyg	1	4
生物医学工程	uwyi	1	4
身微言轻	uwyq	1	4
数万雨丝	uwys	1	4
生我养我	uwyw	1	4
生物医学	uwyx	2	4
受我影响	uwyx	3	4
生物医药	uwyy	1	4
商务英语	uwyy	2	4
射我嘴里	uwzl	1	4
熟悉	ux	2	2
首先	ux	3	2
上下班	uxb	1	3
水性笔	uxb	2	3
手写板	uxb	3	3
水洗布	uxb	4	3
双向奔赴	uxbf	2	4
实习报告	uxbg	1	4
实训报告	uxbg	2	4
失信被执行人	uxbr	1	4
说小不小	uxbx	1	4
稍嫌不足	uxbz	1	4
烧仙草	uxc	2	3
首选词	uxc	3	3
生性猜忌	uxcj	1	4
伤心惨目	uxcm	2	4
山乡村野	uxcy	1	4
剩下的	uxd	1	3
师兄弟	uxd	2	3
伤心地	uxd	3	3
少先队	uxd	4	3
梳洗打扮	uxdb	1	4
上下颠倒	uxdd	1	4
诗兴大发	uxdf	1	4
兽性大发	uxdf	2	4
神仙打架	uxdj	2	4
上行带宽	uxdk	1	4
上下打量	uxdl	2	4
肾虚短小男	uxdn	2	4
熟悉的陌生人	uxdr	1	4
上下倒置	uxdv	1	4
是兄弟就来砍我	uxdw	1	4
生性多疑	uxdy	2	4
首席弟子	uxdz	1	4
率性而为	uxew	1	4
失心疯	uxf	1	3
手续费	uxf	2	3
树新风	uxf	3	3
上下分屏	uxfb	1	4
上下浮动	uxfd	1	4
上下翻滚	uxfg	1	4
蛇心佛口	uxfk	1	4
实现方式	uxfu	1	4
神仙反应	uxfy	2	4
涉嫌犯罪	uxfz	1	4
神仙妃子	uxfz	2	4
肾小管	uxg	1	3
鼠须管	uxg	2	3
摄像管	uxg	3	3
失血过多	uxgd	1	4
伤心过度	uxgd	2	4
双膝跪地	uxgd	3	4
数学归纳法	uxgf	1	4
数学公式	uxgu	1	4
说闲话	uxh	2	3
说瞎话	uxh	3	3
说笑话	uxh	4	3
帅小伙	uxh	5	3
水仙花	uxh	6	3
生小孩	uxh	7	3
水循环	uxh	8	3
双循环	uxh	9	3
失信黑名单	uxhd	1	4
耍小孩子脾气	uxhq	1	4
诗向会人吟	uxhy	1	4
双线程	uxi	1	3
实行承包	uxib	1	4
摄像机	uxj	1	3
上下级	uxj	2	3
数学家	uxj	3	3
绍兴酒	uxj	4	3
市县级	uxj	5	3
神形兼备	uxjb	1	4
神仙精怪	uxjg	1	4
数形结合	uxjh	2	4
身陷绝境	uxjj	1	4
神仙姐姐	uxjj	2	4
舍小家为大家	uxjj	3	4
上下交困	uxjk	2	4
实习经历	uxjl	2	4
刷新记录	uxjl	3	4
数学建模	uxjm	1	4
身心俱疲	uxjp	1	4
身心俱损	uxjs	1	4
上线就送	uxjs	2	4
身形健硕	uxju	1	4
实习经验	uxjy	1	4
数学课	uxk	1	3
实习课	uxk	2	3
双显卡	uxk	3	3
双向开关	uxkg	1	4
首席科学家	uxkj	1	4
升学考试	uxku	2	4
实现了	uxl	1	3
生下来	uxl	2	3
手心里	uxl	3	3
升学率	uxl	4	3
刷新率	uxl	5	3
双性恋	uxl	6	3
生性凉薄	uxlb	1	4
上下撸动	uxld	2	4
少小离家老大回	uxlh	2	4
时下流行	uxlh	3	4
双向链接	uxlj	2	4
伤心落泪	uxll	1	4
深吸了一口气	uxlq	2	4
实现利润	uxlr	1	4
上下楼梯	uxlt	1	4
数学老师	uxlu	2	4
书写历史	uxlu	3	4
实现理想	uxlx	1	4
实现目标	uxmb	1	4
少心没肺	uxmf	1	4
手心冒汗	uxmh	1	4
蛇蝎美人	uxmr	1	4
数学模型	uxmx	1	4
实现梦想	uxmx	2	4
伤心难过	uxng	1	4
神仙难救	uxnj	1	4
上下铺	uxp	1	3
试销品	uxp	2	3
身心疲惫	uxpb	1	4
首先排除	uxpi	1	4
说下去	uxq	1	3
实习期	uxq	2	3
上星期	uxq	3	3
上学期	uxq	4	3
市辖区	uxq	5	3
双向情感障碍	uxqa	1	4
上下起伏	uxqf	1	4
闪现迁坟	uxqf	2	4
审讯期间	uxqj	1	4
实习期间	uxqj	2	4
上学期间	uxqj	3	4
手续齐全	uxqq	1	4
上下求索	uxqs	1	4
设下圈套	uxqt	1	4
深陷其中	uxqv	1	4
数学期望	uxqw	1	4
肾小球肾炎	uxqy	1	4
双休日	uxr	1	3
收信人	uxr	2	3
生效日	uxr	3	3
生效日期	uxrq	1	4
摄像头	uxt	1	3
数学题	uxt	2	3
上西天	uxt	3	3
树形图	uxt	4	3
手写体	uxt	5	3
双系统	uxt	6	3
上下跳动	uxtd	1	4
实现突破	uxtp	1	4
事先通知	uxtv	1	4
水系特征	uxtv	2	4
实习生	uxu	1	3
伤心事	uxu	2	3
省辖市	uxu	3	3
手心手背	uxub	1	4
手心输入法	uxuf	1	4
涉嫌受贿	uxuh	1	4
师兄师姐	uxuj	1	4
省心省力	uxul	1	4
事先声明	uxum	1	4
水秀山明	uxum	2	4
手写输入	uxur	1	4
手心手背都是肉	uxur	2	4
受限制	uxv	1	3
书写纸	uxv	2	3
身陷桎梏	uxvg	1	4
首席执行官	uxvg	2	4
伤心之处	uxvi	1	4
上下之间	uxvj	2	4
伤心之事	uxvu	1	4
蛇蝎之心	uxvx	1	4
实现中华民族伟大复兴	uxvx	2	4
上下文	uxw	1	3
双学位	uxw	2	3
少小无猜	uxwc	1	4
涉嫌违规	uxwg	1	4
收下我的膝盖	uxwg	2	4
上下五千年	uxwn	1	4
世袭罔替	uxwt	1	4
蛇蝎为心	uxwx	1	4
时效性	uxx	1	3
上小学	uxx	2	3
数学系	uxx	3	3
首选项	uxx	4	3
上下型	uxx	5	3
绍兴县	uxx	6	3
上行下达	uxxd	1	4
沙县小吃	uxxi	3	4
双星系统	uxxt	1	4
实习协议	uxxy	1	4
是需要	uxy	1	3
首先要	uxy	2	3
受限于	uxy	3	3
上下游	uxy	4	3
十选一	uxy	5	3
守信用	uxy	6	3
商学院	uxy	7	3
水性扬花	uxyh	2	4
升学压力	uxyl	1	4
刷新页面	uxym	3	4
深吸一口气	uxyq	1	4
失信于人	uxyr	1	4
神仙颜值	uxyv	2	4
熟悉业务	uxyw	1	4
傻小子	uxz	1	3
神仙作息	uxzx	1	4
师心自用	uxzy	2	4
声音	uy	2	2
属于	uy	3	2
上一步	uyb	1	3
上夜班	uyb	2	3
事业编	uyb	3	3
试用版	uyb	4	3
实验班	uyb	5	3
事业部	uyb	6	3
商业部	uyb	7	3
输油泵	uyb	8	3
谁也不爱	uyba	1	4
谁也不知道	uybd	1	4
啥也不懂	uybd	2	4
商鞅变法	uybf	1	4
实验报告	uybg	1	4
啥也不管	uybg	2	4
啥也不会	uybh	1	4
谁也不清楚	uybi	1	4
山由贝骨下框里	uybl	1	4
时运不齐	uybq	2	4
啥也不是	uybu	2	4
事业编制	uybv	2	4
商业保险	uybx	2	4
神一般的存在	uybz	2	4
上一次	uyc	1	3
是一次	uyc	2	3
上一层	uyc	3	3
神预测	uyc	4	3
疏油层	uyc	5	3
山野村夫	uycf	1	4
生意参谋	uycm	1	4
事有凑巧	uycq	1	4
谁言寸草心	uycx	1	4
是有点	uyd	1	3
上一代	uyd	2	3
十一点	uyd	3	3
水银灯	uyd	4	3
省油灯	uyd	5	3
省油的灯	uydd	2	4
商业大亨	uydh	2	4
石油大亨	uydh	3	4
是有多大仇	uydi	1	4
沈阳大街	uydj	1	4
商业贷款	uydk	1	4
实验大楼	uydl	1	4
少一点套路	uydl	2	4
是有多么	uydm	1	4
双语对照	uydv	1	4
首要地位	uydw	2	4
善意的谎言	uydy	1	4
食欲大增	uydz	1	4
十一二岁	uyes	1	4
授业恩师	uyeu	1	4
顺意而为	uyew	1	4
上幼儿园	uyey	1	4
十月份	uyf	1	3
使用费	uyf	2	3
收衣服	uyf	3	3
试衣服	uyf	4	3
赡养费	uyf	5	3
晒衣服	uyf	6	3
是与非	uyf	7	3
煽阴风	uyf	8	3
深夜放毒	uyfd	1	4
是友非敌	uyfd	2	4
十月分娩	uyfm	1	4
事业发展	uyfv	1	4
声音发哑	uyfy	1	4
是一个	uyg	1	3
上一个	uyg	2	3
是应该	uyg	3	3
数亿个	uyg	4	3
输油管	uyg	5	3
使用过度	uygd	1	4
手淫过度	uygd	2	4
使用规定	uygd	3	4
生涯规划	uygh	1	4
石油工程	uygi	2	4
生育工具	uygj	1	4
使用功能	uygn	1	4
是一个问题	uygt	1	4
深有感受	uygu	1	4
实验高中	uygv	1	4
杀意感知	uygv	2	4
十一个月	uygy	2	4
使用后	uyh	2	3
上一回	uyh	3	3
睡一会	uyh	4	3
双引号	uyh	5	3
山羊胡	uyh	6	3
商业化	uyh	7	3
书友会	uyh	8	3
商业活动	uyhd	1	4
霜叶红于二月花	uyhh	1	4
商业互吹	uyhi	1	4
睡意昏沉	uyhi	2	4
适应环境	uyhj	1	4
使用痕迹	uyhj	2	4
商业互捧	uyhp	1	4
十月怀胎	uyht	1	4
声音好听	uyht	2	4
石油化工大学	uyhx	3	4
山羊胡子	uyhz	1	4
生意场	uyi	1	3
失业潮	uyi	2	3
稍有差池	uyii	1	4
使用场景	uyij	2	4
尚有差距	uyij	3	4
顺应潮流	uyil	1	4
师夷长技以自强	uyiq	1	4
实用程序	uyix	1	4
师夷长技以制夷	uyiy	1	4
是一件	uyj	1	3
睡一觉	uyj	2	3
摄影机	uyj	3	3
收音机	uyj	4	3
试衣间	uyj	5	3
商业街	uyj	6	3
摄影家	uyj	7	3
食用菌	uyj	8	3
试用阶段	uyjd	2	4
剩余金额	uyje	1	4
商业巨鳄	uyje	2	4
深一脚浅一脚	uyjj	1	4
上一节课	uyjk	2	4
深渊巨口	uyjk	3	4
实验结论	uyjl	1	4
使用记录	uyjl	2	4
声乐教练	uyjl	3	4
商业机密	uyjm	2	4
使用技巧	uyjq	1	4
生育机器	uyjq	2	4
摄影技巧	uyjq	3	4
商业价值	uyjv	3	4
树欲静而风不止	uyjv	4	4
上一课	uyk	1	3
实验课	uyk	2	3
双月刊	uyk	3	3
上衣口袋	uykd	1	4
视野开阔	uykk	1	4
石油勘探	uykt	1	4
使用了	uyl	1	3
适应力	uyl	2	3
使用率	uyl	3	3
失业率	uyl	4	3
双一流	uyl	5	3
实验楼	uyl	6	3
受益良多	uyld	2	4
鲨鱼辣椒	uylj	1	4
剩余劳力	uyll	1	4
剩余劳动力	uyll	2	4
商业利润	uylr	1	4
赡养老人	uylr	2	4
上有老下有小	uylx	1	4
双一流高校	uylx	2	4
是一名	uym	2	3
声韵母	uym	3	3
首要目标	uymb	2	4
山医命相卜	uymb	3	4
睡眼朦胧	uyml	1	4
睡眼矇眬	uyml	2	4
双眼朦胧	uyml	3	4
商业秘密	uymm	1	4
商业模式	uymu	1	4
啥也没有	uymy	1	4
谁也没有	uymy	2	4
顺应民意	uymy	3	4
上一年	uyn	1	3
十余年	uyn	2	3
生育能力	uynl	2	4
水饮内停	uynt	1	4
深渊凝视	uynu	1	4
使用年限	uynx	1	4
试验品	uyp	1	3
双眼皮	uyp	2	3
生鱼片	uyp	3	3
试用品	uyp	4	3
商业片	uyp	5	3
摄影棚	uyp	6	3
山羊皮	uyp	7	3
使用频率	uypl	1	4
漱玉平民	uypm	1	4
树影婆娑	uyps	1	4
双眼皮贴	uypt	1	4
商业配套	uypt	2	4
使用培训	uypx	1	4
试用期	uyq	2	3
商业区	uyq	3	3
使用权	uyq	4	3
使用期	uyq	5	3
商业圈	uyq	6	3
实验区	uyq	7	3
试验区	uyq	8	3
摄影穷三代	uyqd	1	4
说也奇怪	uyqg	1	4
试用期间	uyqj	2	4
双影奇境	uyqj	3	4
神乐七奈	uyqn	1	4
说一千道一万	uyqw	2	4
使用期限	uyqx	1	4
商业气息	uyqx	2	4
涮羊肉	uyr	1	3
生意人	uyr	2	3
受益人	uyr	3	3
十一日	uyr	4	3
使用人	uyr	5	3
山萸肉	uyr	6	3
事已如此	uyrc	1	4
谁言人族无大帝	uyrd	1	4
失业人口	uyrk	1	4
失业人数	uyru	1	4
使用人数	uyru	2	4
首要任务	uyrw	1	4
失业人员	uyry	2	4
啥意思	uys	1	3
使眼色	uys	2	3
是药三分毒	uysd	1	4
食用色素	uyss	1	4
生于斯长于斯	uyss	2	4
深有所悟	uysw	1	4
傻丫头	uyt	1	3
收银台	uyt	2	3
示意图	uyt	3	3
声音太大	uytd	2	4
摄影团队	uytd	3	4
上有天堂下有苏杭	uyth	2	4
上有天堂，下有苏杭	uyth	3	4
寿与天齐	uytq	1	4
是一条船上的人	uytr	1	4
上有天堂	uytt	2	4
神游天外	uytw	1	4
神游太虚	uytx	1	4
使用体验	uyty	1	4
属于是	uyu	1	3
实验室	uyu	2	3
试一试	uyu	3	3
摄影师	uyu	4	3
说一说	uyu	5	3
实验设备	uyub	2	4
谁用谁知道	uyud	1	4
石油输出国	uyug	1	4
适应社会	uyuh	1	4
实验数据	uyuj	1	4
谁优谁劣	uyul	2	4
神瑛侍者	uyuv	2	4
世易时移	uyuy	2	4
是一种	uyv	1	3
使用者	uyv	2	3
受益者	uyv	3	3
使用中	uyv	4	3
适应症	uyv	5	3
失语症	uyv	6	3
摄影展	uyv	7	3
上有政策	uyvc	2	4
谁与争锋	uyvf	1	4
术有专攻	uyvg	1	4
善游者溺	uyvn	1	4
受用终身	uyvu	2	4
试验装置	uyvv	1	4
实用主义者	uyvv	2	4
商业中心	uyvx	2	4
是因为	uyw	1	3
是一位	uyw	2	3
圣遗物	uyw	3	3
石油危机	uywj	2	4
使用武力	uywl	1	4
是因为什么	uywm	1	4
受益无穷	uywq	1	4
双眼无神	uywu	1	4
商业网站	uywv	1	4
首要位置	uywv	2	4
说一下	uyx	1	3
试一下	uyx	2	3
是一些	uyx	3	3
实用性	uyx	4	3
试运行	uyx	5	3
适应性	uyx	6	3
事业心	uyx	7	3
适用性	uyx	8	3
实验性	uyx	9	3
商业性	uyx	10	3
实用型	uyx	11	3
实业兴邦	uyxb	2	4
使用习惯	uyxg	2	4
使用效果	uyxg	3	4
使用许可	uyxk	2	4
适应性训练	uyxl	2	4
上一星期	uyxq	1	4
事有蹊跷	uyxq	2	4
睡眼惺松	uyxs	2	4
商业系统	uyxt	1	4
商业行为	uyxw	1	4
首因效应	uyxy	1	4
适用于	uyy	1	3
十一月	uyy	2	3
上一页	uyy	3	3
收银员	uyy	4	3
食用油	uyy	5	3
试营业	uyy	6	3
是一样的	uyyd	1	4
神一样的	uyyd	2	4
善意引导	uyyd	3	4
商业用电	uyyd	4	4
诗与远方	uyyf	2	4
术业有专攻	uyyg	1	4
生于忧患	uyyh	2	4
实验仪器	uyyq	1	4
山肴野蔌	uyys	1	4
商业用途	uyyt	1	4
施以援手	uyyu	1	4
赡养义务	uyyw	2	4
深远影响	uyyx	2	4
深远意义	uyyy	1	4
上原亚衣	uyyy	2	4
神一样的存在	uyyz	1	4
啥样子	uyz	1	3
双鱼座	uyz	2	3
实验组	uyz	3	3
试用资格	uyzg	1	4
是又怎样	uyzy	1	4
是又怎么样	uyzy	2	4
实在	uz	2	2
身子	uz	3	2
狮子般	uzb	1	3
实在不行	uzbx	2	4
双字词	uzc	1	3
身在曹营心在汉	uzch	2	4
狮子大开口	uzdk	2	4
熵增定律	uzdl	1	4
师资队伍	uzdw	1	4
啥子东西	uzdx	1	4
数字电子	uzdz	2	4
身在福中不知福	uzff	2	4
身子骨	uzg	2	3
水族馆	uzg	3	3
啥子关系	uzgx	2	4
实在话	uzh	1	3
数字化	uzh	2	3
狮子吼	uzh	3	3
实在好	uzh	4	3
是最好的	uzhd	2	4
身在何处	uzhi	1	4
实在很难	uzhn	1	4
实则慌得一批	uzhp	1	4
实则慌得一匹	uzhp	2	4
上嘴唇	uzi	2	3
十字架	uzj	2	3
数字键	uzj	3	3
使足劲	uzj	4	3
十字军	uzj	5	3
擅自决定	uzjd	1	4
擅自加入	uzjr	3	4
始祖巨人	uzjr	4	4
十字军东征	uzjv	1	4
说走就走的旅行	uzjx	3	4
说走就走	uzjz	1	4
数字控制	uzkv	1	4
沙子路	uzl	2	3
是怎么	uzm	2	3
首字母	uzm	3	3
实在没办法	uzmf	2	4
受灾面积	uzmj	2	4
是怎么了	uzml	1	4
数字媒体	uzmt	1	4
是怎么样	uzmy	1	4
实在没有	uzmy	2	4
始祖鸟	uzn	2	3
实则内心慌得一逼	uznb	1	4
实在难得	uznd	1	4
实则内心慌得一匹	uznp	1	4
耍嘴皮	uzp	1	3
身子轻	uzq	1	3
手足情	uzq	2	3
数字区	uzq	3	3
涉足其间	uzqj	1	4
胜造七级浮屠	uzqt	1	4
身在其中	uzqv	1	4
湿阻气滞	uzqv	2	4
失踪人口回归	uzrg	1	4
失踪人口	uzrk	1	4
是最骚的	uzsd	1	4
数字锁定键	uzsj	1	4
狮子头	uzt	1	3
数字囤积	uztj	2	4
实在是	uzu	2	3
啥子事	uzu	3	3
数字式	uzu	4	3
实在是高	uzug	3	4
数字生命	uzum	1	4
失足少女	uzun	1	4
数字视频	uzup	1	4
失踪者	uzv	2	3
失足者	uzv	3	3
十字柱	uzv	4	3
数字振动	uzvd	1	4
善自珍重	uzvi	6	4
擅作主张	uzvv	1	4
世子之争	uzvv	2	4
狮子王	uzw	1	3
狮子舞	uzw	2	3
数字尾巴	uzwb	1	4
实则稳如老狗	uzwg	1	4
善自为谋	uzwm	1	4
双子星	uzx	1	3
上自习	uzx	2	3
十字绣	uzx	3	3
十字形	uzx	4	3
水族箱	uzx	5	3
手足相残	uzxc	1	4
手足兄弟	uzxd	1	4
数字信号	uzxh	1	4
数字相机	uzxj	1	4
数字小键盘	uzxp	2	4
稍作休整	uzxv	1	4
是怎样	uzy	1	3
受阻于	uzy	2	3
始作俑	uzy	3	3
水资源	uzy	4	3
是怎样的	uzyd	1	4
身子一缩	uzys	2	4
身子一震	uzyv	2	4
伤自尊	uzz	1	3
狮子座	uzz	2	3
双子座	uzz	3	3
障碍	va	2	2
真爱粉	vaf	2	3
治安管理	vagl	1	4
治安处罚	vaif	1	4
治安警	vaj	2	3
长按加速	vajs	1	4
治安科	vak	2	3
张爱玲	val	2	3
障碍赛	vas	2	3
至暗时刻	vauk	1	4
治安状况	vavk	1	4
障碍物	vaw	2	3
致癌物	vaw	3	3
致癌物质	vawv	1	4
障碍性	vax	1	3
障碍性贫血	vaxx	1	4
治安员	vay	2	3
钟爱有加	vayj	3	4
重案组	vaz	1	3
专案组	vaz	2	3
准备	vb	1	2
这边	vb	2	2
装备	vb	3	2
皱巴巴	vbb	1	3
治标不治本	vbbb	1	4
纸包不住火	vbbh	1	4
这波不亏	vbbk	1	4
主办部门	vbbm	1	4
这并不是	vbbu	1	4
重兵把守	vbbu	2	4
准备不足	vbbz	1	4
真不错	vbc	1	3
战败CG	vbcg	1	4
准备材料	vbcl	1	4
找不到	vbd	1	3
指不定	vbd	2	3
抓不到	vbd	3	3
长不大	vbd	4	3
珠宝店	vbd	5	3
转不动	vbd	6	3
找不到北	vbdb	1	4
战败动画	vbdh	2	4
找不到了	vbdl	1	4
装逼打脸	vbdl	2	4
找不到出路	vbdl	3	4
扎不多德勒	vbdl	4	4
周边地区	vbdq	1	4
中部地区	vbdq	2	4
铸币大头	vbdt	1	4
主办单位	vbdw	1	4
准备动作	vbdz	1	4
找不到工作	vbdz	2	4
战败而逃	vbet	1	4
这部分	vbf	1	3
主办方	vbf	2	3
枕边风	vbf	3	3
制表符	vbf	4	3
质壁分离	vbfl	1	4
这部分人	vbfr	1	4
逐步发展	vbfv	1	4
只不过	vbg	1	3
这不过	vbg	2	3
真不该	vbg	3	3
战败国	vbg	4	3
抓捕归案	vbga	1	4
张榜公布	vbgb	1	4
直播鬼才	vbgc	1	4
周边国家	vbgj	1	4
占卜工具	vbgj	2	4
这把高端局	vbgj	3	4
转变观念	vbgn	1	4
这不公平	vbgp	1	4
真不够意思	vbgs	1	4
这不过是	vbgu	2	4
转不过弯	vbgw	1	4
真不敢相信	vbgx	1	4
准备好	vbh	1	3
章北海	vbh	2	3
终不悔	vbh	3	3
准备活动	vbhd	1	4
直播回放	vbhf	1	4
周边环境	vbhj	1	4
准备好了	vbhl	1	4
找不回来	vbhl	2	4
整不会了	vbhl	3	4
准备好没	vbhm	1	4
准备好了吗	vbhm	2	4
准备好了没有	vbhy	1	4
真白花音	vbhy	2	4
找不出	vbi	1	3
周笔畅	vbi	2	3
准备充分	vbif	1	4
准备出发	vbif	2	4
重磅出击	vbij	1	4
找不出来	vbil	1	4
直播吃屎	vbiu	1	4
逐步成为	vbiw	1	4
直播吃翔	vbix	1	4
直播处刑	vbix	2	4
准备充足	vbiz	1	4
直播间	vbj	1	3
猪八戒	vbj	2	3
这不就	vbj	3	3
织布机	vbj	4	3
制表键	vbj	5	3
真不简单	vbjd	1	4
逐步降低	vbjd	2	4
骤不及防	vbjf	1	4
猪八戒背媳妇	vbjf	2	4
这不仅仅	vbjj	1	4
逐步解决	vbjj	2	4
转变经济	vbjj	3	4
装备精良	vbjl	1	4
智不及谋	vbjm	1	4
战败结算	vbjs	1	4
这不就是	vbju	1	4
这不仅是	vbju	2	4
猪八戒照镜子	vbjz	1	4
睁不开	vbk	1	3
窄边框	vbk	2	3
逐步扩大	vbkd	1	4
主瓣宽度	vbkd	2	4
睁不开眼睛	vbkj	1	4
这不可能	vbkn	1	4
真不愧是	vbku	1	4
准备开始	vbku	2	4
这不科学	vbkx	1	4
睁不开眼	vbky	1	4
这不可以	vbky	2	4
张不开嘴	vbkz	1	4
准备了	vbl	1	3
找遍了	vbl	2	3
卓别林	vbl	3	3
正比例	vbl	4	3
粥吧老哥	vblg	1	4
直布罗陀海峡	vblx	2	4
这表明	vbm	1	3
朝避猛虎	vbmh	1	4
这般模样	vbmy	1	4
真不能	vbn	1	3
这不能不	vbnb	1	4
这般年纪	vbnj	1	4
周扒皮	vbp	1	3
占卜婆婆	vbpp	1	4
直播平台	vbpt	1	4
真不巧	vbq	1	3
转播权	vbq	2	3
主办权	vbq	3	3
治病求本	vbqb	1	4
站不起来	vbql	1	4
逐步取消	vbqx	1	4
这帮人	vbr	1	3
枕边人	vbr	2	3
执笔人	vbr	3	3
制表人	vbr	4	3
长别人志气	vbrq	1	4
争霸赛	vbs	1	3
周伯通	vbt	1	3
直播天才	vbtc	1	4
准备妥当	vbtd	1	4
转变态度	vbtd	2	4
这步田地	vbtd	3	4
逐步提高	vbtg	1	4
逐步推广	vbtg	2	4
逐步推出	vbti	1	4
逐步推进	vbtj	1	4
这不是	vbu	1	3
真不是	vbu	2	3
追不上	vbu	3	3
真本事	vbu	4	3
值班室	vbu	5	3
整本书	vbu	6	3
直播室	vbu	7	3
赵本山	vbu	8	3
针贬时弊	vbub	2	4
这不是个办法	vbuf	1	4
直播事故	vbug	1	4
真不是个	vbug	2	4
这不是去幼儿园的车	vbui	1	4
直板手机	vbuj	2	4
丈八蛇矛	vbum	1	4
正版授权	vbuq	1	4
逐步深入	vbur	1	4
真不是人	vbur	2	4
这不是说	vbuu	1	4
真不是我说	vbuu	2	4
正版受害者	vbuv	1	4
逐步实现	vbux	1	4
止不住	vbv	1	3
抓不住	vbv	2	3
找不着	vbv	3	3
站不住	vbv	4	3
争霸战	vbv	5	3
指北针	vbv	6	3
张柏芝	vbv	7	3
纸包装	vbv	8	3
找不着北	vbvb	2	4
真不知道	vbvd	2	4
找不着调	vbvd	3	4
支不支持	vbvi	1	4
照搬照抄	vbvi	2	4
逐步展开	vbvk	1	4
值不值得买	vbvm	1	4
准不准确	vbvq	1	4
中部战区	vbvq	2	4
直奔主题	vbvt	2	4
竹板这么一打呀	vbvy	1	4
转变为	vbw	1	3
制表位	vbw	2	3
朝八晚六	vbwl	1	4
逐步完善	vbwu	2	4
朝八晚五	vbww	1	4
真不想	vbx	1	3
装不下	vbx	2	3
这必须	vbx	3	3
直播效果	vbxg	1	4
抓捕现场	vbxi	2	4
直播仙人	vbxr	1	4
重磅消息	vbxx	1	4
这不需要	vbxy	1	4
直播修音	vbxy	2	4
止步于	vby	1	3
值班员	vby	2	3
止步于此	vbyc	1	4
真不要脸	vbyl	1	4
准备一切	vbyq	1	4
这不也是	vbyu	2	4
准备一下	vbyx	1	4
这不一样	vbyy	1	4
致病因子	vbyz	1	4
这辈子	vbz	1	3
猪鼻子	vbz	2	3
志不在此	vbzc	1	4
猪鼻子插葱	vbzc	2	4
这辈子不可能打工的	vbzd	1	4
主不在乎	vbzh	1	4
这辈子有了	vbzl	1	4
这辈子不可能	vbzn	1	4
这辈子都不可能	vbzn	2	4
装逼遭雷劈	vbzp	1	4
逐步走向	vbzx	1	4
整不自信	vbzx	2	4
找不自在	vbzz	1	4
这次	vc	2	2
注册	vc	3	2
注册表	vcb	2	3
注册版	vcb	3	3
这次不是	vcbu	2	4
中层次	vcc	1	3
政策措施	vccu	1	4
主菜单	vcd	2	3
站错队	vcd	3	3
找错地方	vcdf	1	4
注册登录	vcdl	1	4
这才对嘛	vcdm	1	4
这词都有	vcdy	1	4
注册费	vcf	1	3
主次分明	vcfm	1	4
这才发现	vcfx	1	4
中餐馆	vcg	1	3
这次估计	vcgj	1	4
注册号	vch	2	3
注册机	vcj	1	3
知错就改	vcjg	1	4
知错即改	vcjg	2	4
注册会计师	vcku	1	4
招财猫	vcm	2	3
种草莓	vcm	3	3
注册码	vcm	4	3
中彩票	vcp	2	3
主裁判	vcp	3	3
贮存器	vcq	2	3
注册人	vcr	2	3
注册认证	vcrv	1	4
这次任务	vcrw	1	4
真彩色	vcs	2	3
中餐厅	vct	1	3
这才是	vcu	1	3
贮藏室	vcu	2	3
注册商标	vcub	1	4
注册失败	vcub	2	4
周村烧饼	vcub	3	4
斩草为马	vcwm	1	4
政策性	vcx	1	3
震仓洗盘	vcxp	1	4
这才像样	vcxy	2	4
仲裁协议	vcxy	3	4
中草药	vcy	2	3
仲裁员	vcy	3	3
这次一定	vcyd	1	4
珍藏已久	vcyj	3	4
政策因素	vcys	1	4
至此，已成艺术	vcyu	1	4
至此已成艺术	vcyu	2	4
注册资金	vczj	1	4
知道	vd	2	2
找到	vd	3	2
真的	vd	4	2
忠党爱国	vdag	1	4
重大案件	vdaj	1	4
真的爱你	vdan	1	4
重点班	vdb	1	3
震动棒	vdb	2	3
抓到把柄	vdbb	2	4
真的不错	vdbc	1	4
长得不错	vdbc	2	4
中道崩殂	vdbc	3	4
真的不知道	vdbd	1	4
知道不知道	vdbd	2	4
重大变化	vdbh	2	4
战斗堡垒	vdbl	1	4
这都被你发现了	vdbl	2	4
只多不少	vdbu	1	4
这倒不是	vdbu	2	4
渣都不剩	vdbu	3	4
招待不周	vdbv	1	4
制度保障	vdbv	2	4
制定标准	vdbv	3	4
照打不误	vdbw	1	4
真的不想	vdbx	1	4
这都不重要	vdby	1	4
致悼词	vdc	1	3
助动词	vdc	2	3
只读存储器	vdcq	1	4
正当此时	vdcu	2	4
志当存高远	vdcy	1	4
找得到	vdd	1	3
直盯盯	vdd	2	3
直瞪瞪	vdd	3	3
中低档	vdd	4	3
中低端	vdd	5	3
找到答案	vdda	1	4
这等地步	vddb	2	4
正道的光	vddg	1	4
准点打卡	vddk	1	4
置顶动态	vddt	1	4
占大多数	vddu	1	4
指导地位	vddw	2	4
钟点儿	vde	2	3
这地方	vdf	1	3
这顿饭	vdf	2	3
占地方	vdf	3	3
钟点房	vdf	4	3
涨跌幅	vdf	5	3
招待费	vdf	6	3
战斗方法	vdff	1	4
制定法律	vdfl	1	4
诸多方面	vdfm	1	4
重大方面	vdfm	2	4
值得反思	vdfs	1	4
战斗方式	vdfu	2	4
重大发现	vdfx	2	4
质的飞跃	vdfy	1	4
沾点光	vdg	1	3
钟点工	vdg	2	3
主打歌	vdg	3	3
制度改革	vdgg	1	4
找到感觉	vdgj	1	4
知道个屁	vdgp	1	4
注定孤独一生	vdgu	1	4
重点高校	vdgx	2	4
站得高看得远	vdgy	1	4
站得高，看得远	vdgy	2	4
指导工作	vdgz	1	4
制定规则	vdgz	2	4
真的很	vdh	1	3
真的好	vdh	2	3
这段话	vdh	3	3
长大后	vdh	4	3
追悼会	vdh	5	3
招待会	vdh	6	3
真的很棒	vdhb	1	4
真的很不错	vdhc	1	4
真的很丑	vdhi	1	4
真的好吃	vdhi	2	4
妆都花了	vdhl	2	4
真的很美	vdhm	1	4
真的好吗	vdhm	2	4
值得怀念	vdhn	1	4
遮挡号牌	vdhp	1	4
止跌回升	vdhu	2	4
值得回味	vdhw	1	4
值得回忆	vdhy	1	4
折叠成	vdi	2	3
折叠床	vdi	3	3
折叠车	vdi	4	3
轴对称	vdi	5	3
助动车	vdi	6	3
值得崇拜	vdib	1	4
装订成册	vdic	2	4
值得称道	vdid	1	4
主动出击	vdij	1	4
重大成就	vdij	2	4
主动承认	vdir	2	4
祝大家	vdj	1	3
战斗机	vdj	2	3
终端机	vdj	3	3
中低级	vdj	4	3
镇定剂	vdj	5	3
中大奖	vdj	6	3
指导价	vdj	7	3
值得骄傲	vdja	1	4
重大疾病	vdjb	2	4
重大决策	vdjc	2	4
真的假的	vdjd	1	4
重大交通事故	vdjg	1	4
知道就好	vdjh	1	4
值得借鉴	vdjj	1	4
这段经历	vdjl	1	4
整顿纪律	vdjl	2	4
真的假不了	vdjl	3	4
重点建设项目	vdjm	1	4
折叠键盘	vdjp	2	4
制度健全	vdjq	1	4
直到今日	vdjr	1	4
直到今天	vdjt	2	4
指弹吉他	vdjt	3	4
指导教师	vdju	2	4
战地记者	vdjv	2	4
知道就行	vdjx	1	4
值得肯定	vdkd	1	4
整段垮掉	vdkd	2	4
值得考虑	vdkl	1	4
重点考虑	vdkl	2	4
这都可以	vdky	1	4
真的可以	vdky	2	4
知道了	vdl	2	3
找到了	vdl	3	3
睁大了	vdl	4	3
战斗力	vdl	5	3
知道了吧	vdlb	1	4
长大了嘴巴	vdlb	2	4
重大立功	vdlg	1	4
找到了个	vdlg	2	4
债多了不愁	vdli	1	4
睁大了眼睛	vdlj	1	4
知道了吗	vdlm	1	4
抓到老鼠就是好猫	vdlm	2	4
真的了不起	vdlq	1	4
置顶聊天	vdlt	1	4
正当理由	vdly	2	4
找点乐子	vdlz	2	4
知道吗	vdm	2	3
真的吗	vdm	3	3
真倒霉	vdm	4	3
值得买	vdm	5	3
主动脉	vdm	6	3
占地面积	vdmj	2	4
振动模式	vdmu	1	4
中岛美雪	vdmx	1	4
真的没有	vdmy	1	4
这倒没有	vdmy	2	4
战斗民族	vdmz	1	4
这顶帽子	vdmz	2	4
真的能	vdn	1	3
这都能	vdn	2	3
正当年	vdn	3	3
真的能够	vdng	1	4
知道你很急但你先别急	vdnj	2	4
这都能赢	vdny	1	4
整顿内娱	vdny	2	4
中等偏下	vdpx	1	4
主动权	vdq	1	3
主导权	vdq	2	3
赚大钱	vdq	3	3
煮蛋器	vdq	4	3
制动器	vdq	5	3
振荡器	vdq	6	3
值得期待	vdqd	1	4
值得庆贺	vdqh	1	4
纸短情长	vdqi	2	4
斩钉切铁	vdqt	1	4
纸短情长	vdqv	1	4
止跌企稳	vdqw	1	4
值得庆幸	vdqx	1	4
主动请缨	vdqy	1	4
掌舵人	vdr	1	3
炸弹人	vdr	2	3
账单日	vdr	3	3
只得如此	vdrc	1	4
值得人们	vdrm	1	4
煮豆燃豆萁	vdrq	2	4
重大任务	vdrw	1	4
这段日子	vdrz	1	4
招待所	vds	2	3
置顶帖	vdt	1	3
这当头	vdt	2	3
置顶贴	vdt	3	3
值得推广	vdtg	2	4
涨得通红	vdth	1	4
真的挺好	vdth	2	4
中东土豪	vdth	3	4
值得讨论	vdtl	1	4
重大突破	vdtp	1	4
直达天听	vdtt	1	4
正道坦途	vdtt	2	4
质的提升	vdtu	1	4
中毒太深	vdtu	2	4
战地天使	vdtu	3	4
真的是	vdu	1	3
这都是	vdu	2	3
这倒是	vdu	3	3
指的是	vdu	4	3
注定是	vdu	5	3
占多数	vdu	6	3
诊断书	vdu	7	3
中等身材	vduc	1	4
这都是词	vduc	2	4
正当手段	vdud	1	4
掌灯时分	vduf	1	4
真的是个	vdug	2	4
这段时间	vduj	2	4
这点时间	vduj	3	4
这段时间以来	vdul	1	4
这段时间里	vdul	2	4
正当盛年	vdun	1	4
中等水平	vdup	1	4
值得商榷	vduq	1	4
值多少钱	vduq	2	4
中等收入	vdur	2	4
值得深思	vdus	1	4
这都是啥	vduu	1	4
中毒身亡	vduw	1	4
重大失误	vduw	2	4
这都是因为	vduw	3	4
重大事项	vdux	2	4
遮挡视线	vdux	3	4
睁大双眼	vduy	1	4
诸多事宜	vduy	2	4
找点事做	vduz	1	4
真的是在	vduz	2	4
争夺战	vdv	1	3
终点站	vdv	2	3
直盯着	vdv	3	3
抓得住	vdv	4	3
站得住	vdv	5	3
中队长	vdv	6	3
支队长	vdv	7	3
镇店之宝	vdvb	1	4
制导炸弹	vdvd	2	4
真的真的	vdvd	3	4
中的战斗机	vdvj	2	4
针对这种情况	vdvk	1	4
直到这天	vdvt	1	4
值得珍惜	vdvx	1	4
重点中学	vdvx	2	4
诊断为	vdw	1	3
直到我的膝盖中了一箭	vdwj	1	4
赚点外快	vdwk	1	4
值得我们	vdwm	1	4
制度文明	vdwm	2	4
诸多问题	vdwt	2	4
争夺王位	vdww	1	4
针对性	vdx	1	3
主动性	vdx	2	3
指导性	vdx	3	3
重点线	vdx	4	3
主导性	vdx	5	3
长点心吧	vdxb	3	4
真的想法	vdxf	1	4
值得信赖	vdxl	1	4
沾点喜气	vdxq	1	4
值得信任	vdxr	2	4
诊断系统	vdxt	1	4
战斗系统	vdxt	2	4
这点小事	vdxu	1	4
重大嫌疑	vdxy	1	4
注定要	vdy	1	3
指导员	vdy	2	3
撞大运	vdy	3	3
战斗员	vdy	4	3
折叠椅	vdy	5	3
招待员	vdy	6	3
重低音	vdy	7	3
长得一般	vdyb	2	4
这都有词	vdyc	2	4
真的有点	vdyd	1	4
找到一个	vdyg	1	4
真的应该	vdyg	2	4
终端用户	vdyh	1	4
指导意见	vdyj	2	4
值得一看	vdyk	1	4
正当要求	vdyq	1	4
值得一去	vdyq	2	4
诸多因素	vdys	2	4
直到有一天	vdyt	3	4
这倒也是	vdyu	2	4
值得一提的是	vdyu	3	4
值得一试	vdyu	4	4
值得一玩	vdyw	1	4
战斗英雄	vdyx	2	4
值得拥有	vdyy	1	4
重大意义	vdyy	2	4
重度抑郁	vdyy	3	4
指导原则	vdyz	1	4
张大嘴	vdz	1	3
正电子	vdz	2	3
直到最后	vdzh	1	4
知道自己	vdzj	1	4
这档子事	vdzu	1	4
这儿	ve	2	2
中二病	veb	2	3
直而不肆	vebs	1	4
这儿的	ved	2	3
猪耳朵	ved	3	3
折耳根	veg	1	3
中俄关系	vegx	1	4
丈二和尚摸不着头脑	vehn	1	4
转而看好	vekh	1	4
周恩来	vel	2	3
折耳猫	vem	1	3
中二时期	veuq	1	4
中耳炎	vey	1	3
振耳欲聋	veyl	2	4
政府	vf	2	2
丈夫	vf	3	2
政府安排	vfap	1	4
这份爱情	vfaq	1	4
支付宝	vfb	2	3
政府颁布	vfbb	1	4
政府报告	vfbg	1	4
执法不公	vfbg	2	4
这份报告	vfbg	3	4
支付宝账号	vfbh	2	4
住房补贴	vfbt	1	4
政府补贴	vfbt	2	4
住房保障	vfbv	1	4
支付宝转账	vfbv	2	4
支付宝微信	vfbx	1	4
支付宝还是微信	vfbx	2	4
政府措施	vfcu	1	4
蒸发掉	vfd	2	3
政府代表	vfdb	1	4
知法懂法	vfdf	1	4
这副德性	vfdx	2	4
招风耳	vfe	2	3
支付给	vfg	2	3
执法官	vfg	3	3
脂肪肝	vfg	4	3
政府工作报告	vfgg	1	4
政府干预	vfgy	2	4
追风赶月	vfgy	3	4
这番话	vfh	1	3
这幅画	vfh	2	3
正负号	vfh	3	3
住房和城乡建设部	vfhb	1	4
支付货款	vfhk	2	4
转发抽奖	vfij	2	4
纸飞机	vfj	2	3
正负极	vfj	3	3
执法局	vfj	4	3
执法记录仪	vfjy	2	4
正反馈	vfk	2	3
政府开发	vfkf	1	4
涨粉狂魔	vfkm	1	4
支付款项	vfkx	1	4
蒸发量	vfl	2	3
执法力度	vfld	1	4
支付流程	vfli	3	4
正反两面	vflm	1	4
这方面	vfm	2	3
正反面	vfm	3	3
诸方面	vfm	4	3
知夫莫如妇	vfmf	1	4
支付密码	vfmm	1	4
住房难	vfn	2	3
真服你了	vfnl	1	4
执法权	vfq	2	3
转发器	vfq	3	3
支付企业	vfqy	1	4
招蜂惹蝶	vfrd	1	4
执法人员	vfry	1	4
脂肪酸	vfs	2	3
正方体	vft	2	3
直方图	vft	3	3
正房太太	vftt	1	4
征服世界	vfuj	1	4
政府首脑	vfun	1	4
转发说说	vfuu	2	4
正反手教学	vfux	1	4
执法者	vfv	2	3
征服者	vfv	3	3
政府主席	vfvx	1	4
照方抓药	vfvy	2	4
政法委	vfw	2	3
政府委派	vfwp	1	4
正方形	vfx	2	3
这封信	vfx	3	3
支付现金	vfxj	1	4
执法效能	vfxn	1	4
祝福语	vfy	2	3
战俘营	vfy	3	3
制服诱惑	vfyh	1	4
支付业务	vfyw	2	4
陟罚臧否	vfzp	1	4
政府组织	vfzv	1	4
照方子抓药	vfzy	1	4
这个	vg	2	2
整个	vg	3	2
遮光板	vgb	1	3
这个不错	vgbc	1	4
找个班上	vgbu	3	4
照顾不周	vgbv	1	4
中高层	vgc	2	3
中关村	vgc	3	3
中国菜	vgc	4	3
战国策	vgc	5	3
职工餐厅	vgct	1	4
这个才是	vgcu	1	4
制高点	vgd	2	3
主干道	vgd	3	3
中高档	vgd	4	3
中国队	vgd	5	3
这个地步	vgdb	2	4
种瓜得瓜，种豆得豆	vgdd	3	4
这个地方	vgdf	1	4
找个地方	vgdf	2	4
这个道理	vgdl	1	4
中国大陆	vgdl	2	4
中国地图	vgdt	1	4
这个倒是	vgdu	1	4
珍贵的礼物	vgdw	2	4
这个东西	vgdx	2	4
争个第一	vgdy	3	4
准噶尔	vge	1	3
中国风	vgf	1	3
真功夫	vgf	2	3
州官放火	vgfh	3	4
这个方面	vgfm	1	4
这个范围	vgfw	1	4
跖狗吠尧	vgfy	1	4
直勾勾	vgg	1	3
胀鼓鼓	vgg	2	3
这个锅我不背	vggb	1	4
中国共产党	vggd	2	4
中国功夫	vggf	1	4
中国工商银行	vggh	2	4
这个过程	vggi	1	4
整个过程	vggi	2	4
中国公民	vggm	2	4
中国国情	vggq	1	4
这个好	vgh	1	3
正规化	vgh	2	3
中国话	vgh	3	3
中国画	vgh	4	3
中国汉堡	vghb	1	4
战功赫赫	vghh	1	4
这个还好	vghh	2	4
这个话题	vght	1	4
这个好说	vghu	1	4
中国好声音	vghy	3	4
中港城	vgi	1	3
遮光窗帘	vgil	2	4
终古常新	vgix	1	4
只感觉	vgj	1	3
正规军	vgj	2	3
指关节	vgj	3	3
中高级	vgj	4	3
中国结	vgj	5	3
这个角度	vgjd	2	4
这个机会	vgjh	1	4
找个机会	vgjh	2	4
中国建设银行	vgjh	3	4
中国经济	vgjj	1	4
转轨经济	vgjj	2	4
周公解梦	vgjm	4	4
转过来	vgl	2	3
诸葛亮	vgl	3	3
张果老	vgl	4	3
主干路	vgl	5	3
朱古力	vgl	6	3
这个礼拜	vglb	1	4
珍贵礼物	vglw	1	4
这个例子	vglz	1	4
重感冒	vgm	1	3
中国梦	vgm	2	3
这个目标	vgmb	1	4
这个没有	vgmy	1	4
这个名字	vgmz	1	4
这个民族	vgmz	2	4
知更鸟	vgn	2	3
这个年代	vgnd	1	4
中国农业银行	vgnh	1	4
这个年纪	vgnj	2	4
主观能动性	vgnx	1	4
主观评价	vgpj	2	4
治国平天下	vgpx	1	4
转过去	vgq	2	3
中国区	vgq	3	3
斩瓜切菜	vgqc	1	4
这个情况下	vgqx	2	4
这个人	vgr	2	3
整个人	vgr	3	3
中国人	vgr	4	3
张国荣	vgr	5	3
撰稿人	vgr	6	3
正该如此	vgrc	1	4
中国人的	vgrd	1	4
这个人的	vgrd	2	4
中国人民共和国	vgrg	1	4
中国人民银行	vgrh	1	4
这该如何是好	vgrh	2	4
中国人民解放军	vgrj	1	4
整个人都不好了	vgrl	1	4
这个日期	vgrq	2	4
中国人不骗中国人	vgrr	1	4
中国人民政治协商会议	vgry	1	4
转过头	vgt	1	3
主观题	vgt	2	3
主观条件	vgtj	2	4
中国特色社会主义道路	vgtl	2	4
转过头去	vgtq	1	4
中国特色社会主义伟大旗帜	vgtv	1	4
中国特色社会主义理论体系	vgtx	2	4
中国特色社会主义	vgty	1	4
转过身	vgu	2	3
这个是	vgu	3	3
这个事	vgu	4	3
正赶上	vgu	5	3
主观上	vgu	6	3
主攻手	vgu	7	3
注孤生	vgu	8	3
中国式	vgu	9	3
这个时代	vgud	1	4
中国首富	vguf	2	4
这个时候	vguh	2	4
这个社会	vguh	3	4
这个世界	vguj	2	4
整个世界	vguj	3	4
找个时间	vguj	4	4
转过身来	vgul	1	4
这个是吗	vgum	1	4
这个事情	vguq	1	4
转过身去	vguq	2	4
转过身体	vgut	1	4
这个世界上	vguu	4	4
中国式家长	vguv	2	4
转过身子	vguz	3	4
追光者	vgv	2	3
镇馆之宝	vgvb	1	4
镇国之宝	vgvb	2	4
周公之礼	vgvl	3	4
中共中央办公厅	vgvt	1	4
抓个正着	vgvv	2	4
转个弯	vgw	1	3
这锅我背	vgwb	1	4
这锅我不背	vgwb	2	4
烛光晚餐	vgwc	1	4
中国文化	vgwh	1	4
这个我是真喜欢	vgwh	2	4
这个我会	vgwh	3	4
中国武警	vgwj	2	4
中国玩家	vgwj	3	4
转过弯来	vgwl	1	4
这锅我背了	vgwl	2	4
中国文明	vgwm	1	4
这个问题	vgwt	1	4
终归无效	vgwx	2	4
烛光晚宴	vgwy	1	4
主观唯心主义	vgwy	2	4
找关系	vgx	2	3
主观性	vgx	3	3
这个想法	vgxf	1	4
朝过夕改	vgxg	2	4
这个系列	vgxl	4	4
中国选手	vgxu	2	4
抓个现行	vgxx	1	4
长个心眼	vgxy	3	4
这个月	vgy	2	3
重工业	vgy	3	3
中国烟草	vgyc	4	4
这个应该	vgyg	1	4
赚个吆喝	vgyh	3	4
直挂云帆济沧海	vgyh	4	4
只顾眼前	vgyq	2	4
这个意思	vgys	2	4
中国邮政	vgyv	1	4
珍贵影像	vgyx	1	4
朝歌夜弦	vgyx	2	4
这个原因	vgyy	2	4
这个样子	vgyz	3	4
这个字	vgz	1	3
找工作	vgz	2	3
涨工资	vgz	3	3
正好	vh	2	2
之后	vh	3	2
真好啊	vha	2	3
这好办	vhb	2	3
指挥部	vhb	3	3
指挥棒	vhb	4	3
这还不够	vhbg	1	4
这还不算	vhbs	1	4
这还不是	vhbu	2	4
只换不修	vhbx	1	4
主航道	vhd	2	3
主河道	vhd	3	3
中华大地	vhdd	1	4
这还得了	vhdl	1	4
这会儿	vhe	2	3
转会费	vhf	2	3
中和反应	vhfy	1	4
指挥官	vhg	2	3
诸侯国	vhg	3	3
抓获归案	vhga	1	4
这很好	vhh	1	3
这很合理	vhhl	2	4
这恒河里	vhhl	3	4
真好吃	vhi	2	3
转化成	vhi	3	3
转换成	vhi	4	3
甄嬛传	vhi	5	3
中后场	vhi	6	3
这还差不多	vhid	1	4
中华传统	vhit	1	4
之后成为	vhiw	1	4
找回场子	vhiz	1	4
致幻剂	vhj	1	3
粘合剂	vhj	2	3
战忽局	vhj	3	3
智慧结晶	vhjj	1	4
指挥交通	vhjt	1	4
真好看	vhk	1	3
转户口	vhk	2	3
转化率	vhl	1	3
震撼力	vhl	2	3
这还了得	vhld	1	4
涨红了脸	vhll	3	4
战痕累累	vhll	4	4
这合理吗	vhlm	2	4
这河里吗	vhlm	3	4
照葫芦画瓢	vhlp	1	4
忠厚老实	vhlu	1	4
震撼来袭	vhlx	1	4
账户名称	vhmi	1	4
账号密码	vhmm	2	4
找回密码	vhmm	3	4
账户密码	vhmm	4	4
中华民族伟大复兴	vhmx	1	4
找回面子	vhmz	2	4
正合你意	vhny	1	4
值回票价	vhpj	1	4
指挥权	vhq	2	3
中后期	vhq	3	3
转换器	vhq	4	3
追欢取乐	vhql	1	4
证婚人	vhr	1	3
只好如此	vhrc	2	4
中华人民共和国	vhrg	1	4
智慧人生	vhru	1	4
指挥所	vhs	2	3
装糊涂	vht	1	3
真好听	vht	2	3
章回体	vht	3	3
中华田园犬	vhtq	1	4
这还是	vhu	1	3
这回事	vhu	2	3
正合适	vhu	3	3
这话说的	vhud	1	4
这话说得	vhud	2	4
昭和时代	vhud	3	4
这回事儿	vhue	1	4
震撼首发	vhuf	1	4
这还是个	vhug	2	4
这话说的有理	vhul	1	4
这还是人吗	vhum	1	4
中华上下五千年	vhun	1	4
智慧识屏	vhup	1	4
这还是人	vhur	1	4
指挥长	vhv	2	3
真好玩	vhw	1	3
转化为	vhw	2	3
中后卫	vhw	3	3
执行文件	vhwj	1	4
智慧型	vhx	1	3
正好相反	vhxf	1	4
震撼心灵	vhxl	2	4
转换效率	vhxl	3	4
郑和下西洋	vhxy	1	4
真好用	vhy	2	3
指挥员	vhy	3	3
中海油	vhy	4	3
周鸿祎	vhy	5	3
账户余额	vhye	2	4
指挥有方	vhyf	1	4
这话一出	vhyi	2	4
这还用说	vhyu	2	4
这还用问	vhyw	1	4
这孩子	vhz	2	3
只好作罢	vhzb	1	4
主很在乎	vhzh	1	4
中和作用	vhzy	1	4
正常	vi	2	2
支持	vi	3	2
直肠癌	via	2	3
展翅翱翔	viax	1	4
侦察兵	vib	2	3
专插本	vib	3	3
职场霸凌	vibl	1	4
支撑不住	vibv	1	4
支持不住	vibv	2	4
忠臣不事二主	vibv	3	4
争吵不休	vibx	1	4
支撑材料	vicl	1	4
指出错误	vicw	1	4
正常操作	vicz	1	4
支撑点	vid	2	3
忠诚度	vid	3	3
主持大局	vidj	1	4
终成大器	vidq	1	4
职场得意	vidy	1	4
找碴儿	vie	2	3
正常儿童	viet	1	4
知耻而后勇	viey	2	4
正常发挥	vifh	3	4
正常范围内	vifn	1	4
展翅飞翔	vifx	1	4
郑成功	vig	2	3
主持公道	vigd	2	4
支持国产	vigi	1	4
正常关系	vigx	1	4
主持工作	vigz	2	4
正常化	vih	2	3
朱唇皓齿	vihi	1	4
张敞画眉	vihm	1	4
知耻后勇	vihy	2	4
周处除三害	viih	4	4
侦察机	vij	2	3
正处级	vij	3	3
支撑脚	vij	4	3
侦查机关	vijg	1	4
专车接送	vijs	1	4
照常进行	vijx	5	4
知耻近乎勇	vijy	2	4
正常开展	vikv	1	4
站出来	vil	2	3
找出来	vil	3	3
指出来	vil	4	3
炸出来	vil	5	3
支持率	vil	6	3
争长论短	vild	3	4
找出来了	vill	3	4
炸出来了	vill	4	4
中超联赛	vils	1	4
正常来说	vilu	4	4
职场礼仪	vily	3	4
支持媒体	vimt	1	4
正常模式	vimu	2	4
中出内射	vinu	1	4
中长跑	vip	2	3
中差评	vip	3	3
支持平台	vipt	2	4
中长期	viq	2	3
正常渠道	viqd	1	4
正常情况下	viqx	1	4
主持人	vir	2	3
正常人	vir	3	3
直冲天灵盖	vitg	3	4
正常体温	vitw	1	4
摘除术	viu	2	3
逐出师门	vium	1	4
支持者	viv	2	3
照抄照搬	vivb	1	4
支持正版	vivb	2	4
主持召开	vivk	2	4
支持中文	vivw	1	4
转嗔为喜	viwx	1	4
支持下	vix	2	3
主程序	vix	3	3
周传雄	vix	4	3
中长线	vix	5	3
中垂线	vix	6	3
真诚相待	vixd	1	4
职场新人	vixr	1	4
中场休息	vixx	6	4
正处于	viy	2	3
中成药	viy	3	3
侦察员	viy	4	3
支持一波	viyb	5	4
争创一流	viyl	1	4
主场优势	viyu	6	4
支持一下	viyx	2	4
直肠子	viz	2	3
主场作战	vizv	3	4
直接	vj	2	2
之间	vj	3	2
忠君爱国	vjag	1	4
镇惊安神	vjau	1	4
宅急便	vjb	2	3
装甲兵	vjb	3	3
质检部	vjb	4	3
主机板	vjb	5	3
专接本	vjb	6	3
浙教版	vjb	7	3
逐渐变得	vjbd	2	4
装甲部队	vjbd	3	4
榨精病栋	vjbd	4	4
忠君报国	vjbg	1	4
政见不合	vjbh	2	4
只进不出	vjbi	2	4
直接变成	vjbi	3	4
战绩不佳	vjbj	3	4
真金不怕火炼	vjbl	1	4
质监部门	vjbm	2	4
质检标准	vjbv	2	4
终极兵王	vjbw	2	4
震惊不已	vjby	2	4
证据不足	vjbz	1	4
中间层	vjc	1	3
祝酒词	vjc	2	3
蘸酱菜	vjc	3	3
助记词	vjc	4	3
真假参半	vjcb	1	4
拯救苍生	vjcu	1	4
直接参与	vjcy	1	4
只记得	vjd	2	3
逐渐地	vjd	3	3
煮鸡蛋	vjd	4	3
宅基地	vjd	5	3
指甲刀	vjd	6	3
庄稼地	vjd	7	3
直接点踩	vjdc	4	4
主角登场	vjdi	3	4
终极对决	vjdj	1	4
这就对了	vjdl	1	4
阵脚大乱	vjdl	2	4
针尖对麦芒	vjdm	3	4
拯救地球	vjdq	1	4
斩将夺旗	vjdq	2	4
中间对齐	vjdq	3	4
之间的关系	vjdx	2	4
折旧费	vjf	2	3
中介方	vjf	3	3
政教分离	vjfl	1	4
追究法律责任	vjfr	1	4
中介服务	vjfw	1	4
直接费用	vjfy	2	4
这几个	vjg	1	3
指甲盖	vjg	2	3
真见鬼	vjg	3	3
芝加哥	vjg	4	3
逐渐改变	vjgb	1	4
直接关系到	vjgd	1	4
指甲盖儿	vjge	2	4
主角光环	vjgh	2	4
这就够了	vjgl	2	4
真菌感染	vjgr	2	4
直接关系	vjgx	2	4
这家伙	vjh	1	3
这句话	vjh	2	3
找机会	vjh	3	3
这就好	vjh	4	3
庄稼汉	vjh	5	3
纸巾盒	vjh	6	3
张家辉	vjh	7	3
征集活动	vjhd	1	4
直接忽略	vjhl	1	4
终极火力	vjhl	2	4
中奖号码	vjhm	1	4
终究还是	vjhu	1	4
专家会诊	vjhv	2	4
政教合一	vjhy	2	4
转角处	vji	2	3
装甲车	vji	3	3
竹节虫	vji	4	3
张家长李家短	vjid	1	4
政纪处分	vjif	1	4
昭君出塞	vjis	1	4
终将成为	vjiw	2	4
重金酬谢	vjix	1	4
这就叫	vjj	2	3
这几句	vjj	3	3
镇静剂	vjj	4	3
专家级	vjj	5	3
张家界	vjj	6	3
战兢兢	vjj	7	3
中介机构	vjjg	1	4
这几句话	vjjh	1	4
直接接触	vjji	3	4
逐渐加快	vjjk	3	4
逐渐减小	vjjx	3	4
这就叫作	vjjz	1	4
这就叫做	vjjz	2	4
找借口	vjk	1	3
这节课	vjk	2	3
转接口	vjk	3	3
张继科	vjk	4	3
战绩可查	vjki	1	4
逐渐开始	vjku	1	4
中级考试	vjku	2	4
周杰伦	vjl	2	3
主教练	vjl	3	3
证据链	vjl	4	3
装机量	vjl	5	3
章金莱	vjl	6	3
终极猎手	vjlu	1	4
逐渐沦为	vjlw	1	4
煮酒论英雄	vjlx	1	4
筑基灵液	vjly	1	4
炸酱面	vjm	2	3
主界面	vjm	3	3
专家们	vjm	4	3
着急忙慌	vjmh	2	4
证件名称	vjmi	1	4
招军买马	vjmm	1	4
皱紧眉头	vjmt	1	4
真假美猴王	vjmw	1	4
至今没有	vjmy	1	4
斋戒沐浴	vjmy	2	4
这几年	vjn	2	3
站街女	vjn	3	3
知己难求	vjnq	1	4
捉奸拿双	vjnu	1	4
中间派	vjp	1	3
主键盘	vjp	2	3
贞节牌坊	vjpf	1	4
主机平台	vjpt	1	4
中继器	vjq	2	3
指甲钳	vjq	3	3
转接器	vjq	4	3
重金求子	vjqz	2	4
中间人	vjr	2	3
正经人	vjr	3	3
召集人	vjr	4	3
庄稼人	vjr	5	3
主讲人	vjr	6	3
中介人	vjr	7	3
直接任意球	vjrq	1	4
直教人生死相许	vjrx	2	4
中级人民法院	vjry	1	4
宅急送	vjs	2	3
证交所	vjs	3	3
直角三角形	vjsx	1	4
震惊四座	vjsz	1	4
这几天	vjt	1	3
炸鸡腿	vjt	2	3
转接头	vjt	3	3
指尖陀螺	vjtl	1	4
针灸推拿	vjtn	1	4
仗剑天涯	vjty	1	4
执剑天涯	vjty	2	4
这就是	vju	1	3
这件事	vju	2	3
正经事	vju	3	3
重金属	vju	4	3
中间商	vju	5	3
浙江省	vju	6	3
长见识	vju	7	3
这就是爱	vjua	2	4
正经事儿	vjue	1	4
忠奸善恶	vjue	2	4
占据上风	vjuf	2	4
这就是个	vjug	2	4
抓紧时间	vjuj	2	4
震惊世界	vjuj	3	4
拯救世界	vjuj	4	4
涨见识了	vjul	1	4
长见识了	vjul	2	4
重金收买	vjum	2	4
这件事情	vjuq	1	4
整句输入	vjur	1	4
逐渐上升	vjuu	3	4
这就是因为	vjuw	1	4
这几种	vjv	2	3
证件照	vjv	3	3
终结者	vjv	4	3
准静止锋	vjvf	2	4
招架之力	vjvl	2	4
正经职业	vjvy	2	4
转急弯	vjw	1	3
证监委	vjw	2	3
直角握把	vjwb	1	4
震惊万分	vjwf	2	4
重剑无锋	vjwf	3	4
终极威慑	vjwu	2	4
长记性	vjx	2	3
主机箱	vjx	3	3
重疾险	vjx	4	3
中继线	vjx	5	3
逐渐形成	vjxi	1	4
捉奸现场	vjxi	2	4
占尽先机	vjxj	1	4
逐渐下降	vjxj	2	4
长记性了	vjxl	1	4
直击心灵	vjxl	2	4
这就行了	vjxl	3	4
折节下士	vjxu	1	4
这就要	vjy	2	3
终究要	vjy	3	3
指甲油	vjy	4	3
转基因	vjy	5	3
质检员	vjy	6	3
转角遇到爱	vjya	1	4
终究要有个	vjyg	1	4
直击要害	vjyh	2	4
真假音变换	vjyh	3	4
长久以来	vjyl	1	4
转基因食品	vjyp	1	4
这就意味着	vjyv	1	4
转基因植物	vjyw	1	4
转基因生物	vjyw	2	4
直接影响	vjyx	1	4
照镜子	vjz	1	3
专家组	vjz	2	3
真君子	vjz	3	3
直角坐标	vjzb	1	4
逐渐增大	vjzd	2	4
逐渐增多	vjzd	3	4
捉奸在床	vjzi	3	4
追究责任	vjzr	2	4
直角坐标系	vjzx	1	4
仗剑走天涯	vjzy	1	4
状况	vk	2	2
展开	vk	3	2
真可爱	vka	1	3
占空比	vkb	1	3
招考办	vkb	2	3
这可不好	vkbh	1	4
张口闭眼男	vkbn	1	4
这可不是	vkbu	1	4
真空包装	vkbv	1	4
中看不中用	vkby	1	4
专科毕业	vkby	2	4
张口闭眼	vkby	3	4
只看到	vkd	1	3
真空袋	vkd	2	3
中科大	vkd	3	3
主客颠倒	vkdd	1	4
主考官	vkg	1	3
真空管	vkg	2	3
炸开花	vkh	1	3
中括号	vkh	2	3
止咳化痰	vkht	1	4
召开会议	vkhy	1	4
折扣价	vkj	1	3
正科级	vkj	2	3
占空间	vkj	3	3
张口就来	vkjl	1	4
战况激烈	vkjl	2	4
章口就莱	vkjl	3	4
众口交赞	vkjz	1	4
展开了	vkl	1	3
睁开了	vkl	2	3
召开了	vkl	3	3
逐客令	vkl	4	3
只考虑	vkl	5	3
炸开了锅	vklg	1	4
睁开了眼睛	vklj	1	4
睁开了眼	vkly	1	4
张开了嘴	vklz	1	4
这可能	vkn	1	3
只可能	vkn	2	3
这可能是	vknu	1	4
真可怕	vkp	1	3
这恐怕是	vkpu	1	4
这口气	vkq	1	3
争口气	vkq	2	3
制空权	vkq	3	3
掌控全场	vkqi	1	4
主考人	vkr	1	3
这可如何是好	vkrh	1	4
这块热土	vkrt	1	4
众口如一	vkry	1	4
中控台	vkt	1	3
真空胎	vkt	2	3
这可是	vku	1	3
中控室	vku	2	3
专科生	vku	3	3
这可是个	vkug	1	4
众口烁金	vkuj	2	4
张开双腿	vkut	1	4
中考试题	vkut	2	4
针孔摄像头	vkut	3	4
针孔摄像	vkux	1	4
睁开双眼	vkuy	1	4
准考证	vkv	1	3
准考证号	vkvh	1	4
真可谓	vkw	1	3
重口味	vkw	2	3
专科文凭	vkwp	1	4
真可谓是	vkwu	1	4
只可惜	vkx	1	3
真可惜	vkx	2	3
真开心	vkx	3	3
主控芯片	vkxp	1	4
睁开眼	vky	1	3
赵匡胤	vky	2	3
中科院	vky	3	3
只可远观	vkyg	1	4
只可意会，不可言传	vkyi	1	4
只可意会不可言传	vkyi	2	4
张开眼睛	vkyj	2	4
睁开眼来	vkyl	1	4
这可由不得你	vkyn	1	4
这可以是	vkyu	1	4
这可以说	vkyu	2	4
张开嘴	vkz	1	3
张开嘴巴	vkzb	1	4
这可怎么办	vkzb	2	4
这里	vl	2	2
质量	vl	3	2
这里边	vlb	1	3
周立波	vlb	2	3
质量不好	vlbh	2	4
真了不起	vlbq	1	4
战力不详，遇强则强	vlbq	2	4
战力不详	vlbx	2	4
质量不行	vlbx	3	4
政令不一	vlby	1	4
猪笼草	vlc	1	3
智力残疾	vlcj	1	4
整理材料	vlcl	1	4
这里的	vld	2	3
中了毒	vld	3	3
着力点	vld	4	3
直流电	vld	5	3
着陆点	vld	6	3
指路灯	vld	7	3
拙劣的模仿	vldf	1	4
竹篮打水一场空	vldk	3	4
质量单位	vldw	2	4
整理东西	vldx	2	4
智力低下	vldx	3	4
质量第一	vldy	1	4
治疗费	vlf	1	3
种类繁多	vlfd	1	4
这两个	vlg	1	3
展览馆	vlg	2	3
中立国	vlg	3	3
猪流感	vlg	4	3
战略高度	vlgd	1	4
治理工程	vlgi	1	4
中立国家	vlgj	1	4
钟楼怪人	vlgr	3	4
转了个身	vlgu	2	4
战略构想	vlgx	1	4
抓了个现行	vlgx	2	4
重力感应	vlgy	1	4
真厉害	vlh	1	3
纸老虎	vlh	2	3
质量好	vlh	3	3
展览会	vlh	4	3
专利号	vlh	5	3
质量差	vli	1	3
助力车	vli	2	3
站了出来	vlil	1	4
重量级	vlj	1	3
战列舰	vlj	2	3
主力军	vlj	3	3
侏罗纪	vlj	4	3
战略家	vlj	5	3
专利局	vlj	6	3
战略决策	vljc	1	4
质量监督	vljd	1	4
重力加速度	vljd	2	4
战略进攻	vljg	1	4
质量技术监督局	vljj	2	4
转了几圈	vljq	1	4
钟离假死	vljs	1	4
治理机制	vljv	1	4
占领空屏	vlkb	1	4
占领空屏	vlkp	1	4
占领空瓶	vlkp	2	4
直流口水	vlku	2	4
直愣愣	vll	2	3
直溜溜	vll	3	3
战略利益	vlly	1	4
这里面	vlm	1	3
这里面的	vlmd	2	4
朝令暮改	vlmg	1	4
真理面前	vlmq	1	4
主流媒体	vlmt	1	4
斩落马下	vlmx	1	4
助力梦想	vlmx	2	4
装聋卖哑	vlmy	2	4
中老年	vln	2	3
中老年妇女	vlnn	4	4
真离谱	vlp	1	3
战利品	vlp	2	3
展览品	vlp	3	3
指路牌	vlp	4	3
质量评比	vlpb	1	4
整理平台	vlpt	1	4
主流配置	vlpv	1	4
专利权	vlq	1	3
正蓝旗	vlq	2	3
占领区	vlq	3	3
蒸馏器	vlq	4	3
站了起来	vlql	3	4
皱了起来	vlql	4	4
智力缺陷	vlqx	1	4
这类人	vlr	1	3
周六日	vlr	2	3
质量认证	vlrv	1	4
战略任务	vlrw	1	4
整理素材	vlsc	1	4
这两天	vlt	1	3
这里头	vlt	2	3
展览厅	vlt	3	3
指了条明路	vltl	1	4
逐鹿天下	vltx	1	4
真龙天子	vltz	1	4
这里是	vlu	1	3
照理说	vlu	2	3
战略上	vlu	3	3
诊疗室	vlu	4	3
蒸馏水	vlu	5	3
占了上风	vluf	1	4
震楼神器	vluq	1	4
坠楼身亡	vluw	1	4
招揽生意	vluy	1	4
指了指	vlv	1	3
眨了眨	vlv	2	3
皱了皱	vlv	3	3
占领者	vlv	4	3
智力障碍	vlva	1	4
皱了皱鼻	vlvb	1	4
眨了眨眼睛	vlvj	1	4
张了张口	vlvk	1	4
整理整理	vlvl	4	4
皱了皱眉	vlvm	1	4
真理只在大炮射程之内	vlvn	1	4
智联招聘	vlvp	1	4
周六周日	vlvr	2	4
皱了皱眉头	vlvt	1	4
招了招手	vlvu	3	4
涿鹿之战	vlvv	1	4
眨了眨眼	vlvy	2	4
张了张嘴	vlvz	2	4
壮了壮胆子	vlvz	3	4
皱了皱鼻子	vlvz	4	4
主流文化	vlwh	1	4
照亮未来	vlwl	1	4
这类问题	vlwt	1	4
只留下	vlx	1	3
战略性	vlx	2	3
中了邪	vlx	3	3
众里寻他千百度	vlxd	1	4
指令性计划	vlxh	1	4
质量下降	vlxj	1	4
指令性文件	vlxj	2	4
壮烈牺牲	vlxu	2	4
抓了现行	vlxx	1	4
质量效应	vlxy	1	4
战略协议	vlxy	2	4
战略协作	vlxz	1	4
致力于	vly	1	3
朱丽叶	vly	2	3
治疗仪	vly	3	3
赵丽颖	vly	4	3
张靓颖	vly	5	3
占了一半	vlyb	1	4
战略眼光	vlyg	1	4
重力异常	vlyi	1	4
转了一圈	vlyq	1	4
肿瘤医院	vlyy	2	4
找乐子	vlz	1	3
正离子	vlz	2	3
整理资源	vlzy	2	4
证明	vm	1	2
这么	vm	2	2
专门	vm	3	2
这么办	vmb	1	3
这么笨	vmb	2	3
肿么办	vmb	3	3
真没办法	vmbf	1	4
执迷不悔	vmbh	1	4
著名表演艺术家	vmbj	2	4
琢磨不透	vmbt	2	4
周密部署	vmbu	1	4
执迷不醒	vmbx	1	4
真没必要	vmby	1	4
知命不忧	vmby	2	4
捉迷藏	vmc	1	3
专门从事	vmcu	1	4
纸面参数	vmcu	2	4
这么多	vmd	1	3
这么大	vmd	2	3
这么点	vmd	3	3
知名度	vmd	4	3
殖民地	vmd	5	3
专卖店	vmd	6	3
照明弹	vmd	7	3
这么多次	vmdc	1	4
这么多的	vmdd	1	4
这么大的	vmdd	2	4
这么多个	vmdg	1	4
致命打击	vmdj	1	4
中门对狙	vmdj	2	4
致命打鸡	vmdj	3	4
这么多年	vmdn	1	4
这么多人	vmdr	1	4
这么多天	vmdt	1	4
钟鸣鼎食	vmdu	1	4
这么多种	vmdv	1	4
照面儿	vme	1	3
找麻烦	vmf	1	3
芝麻分	vmf	2	3
肿么肥事	vmfu	1	4
指明方向	vmfx	1	4
这么个	vmg	1	3
这么高	vmg	2	3
这么贵	vmg	3	3
正面刚	vmg	4	3
芝麻官	vmg	5	3
证明过程	vmgi	1	4
这么个情况	vmgk	1	4
这么高兴	vmgx	2	4
这么好	vmh	1	3
这么坏	vmh	2	3
殖民化	vmh	3	3
这么好的	vmhd	1	4
沾满灰尘	vmhi	1	4
这么好看	vmhk	1	4
这门婚事	vmhu	2	4
这么差	vmi	1	3
这么长	vmi	2	3
这么丑	vmi	3	3
致命处	vmi	4	3
注明出处	vmii	1	4
这么长时间	vmij	1	4
桌面窗口	vmik	1	4
这么重要	vmiy	1	4
这么久	vmj	1	3
这么近	vmj	2	3
芝麻酱	vmj	3	3
这么简单	vmjd	1	4
正面交锋	vmjf	1	4
砖木结构	vmjg	2	4
周密计划	vmjh	1	4
朱门酒肉臭	vmji	1	4
正面几乎全是屏幕	vmjm	1	4
专门技术	vmju	1	4
彰明较著	vmjv	1	4
诛灭九族	vmjz	1	4
致命节奏	vmjz	2	4
这么快	vmk	1	3
芝麻开花节节高	vmkg	1	4
这么快就	vmkj	1	4
直面恐惧	vmkj	2	4
真没看出来	vmkl	1	4
芝麻开门	vmkm	1	4
致命空枪	vmkq	1	4
证明了	vml	1	3
注目礼	vml	2	3
这么懒	vml	3	3
肿么了	vml	4	3
珠穆朗玛峰	vmlf	1	4
中美两国	vmlg	1	4
直冒冷汗	vmlh	1	4
这么厉害	vmlh	2	4
钟鸣漏尽	vmlj	1	4
这么离谱	vmlp	1	4
真面目	vmm	1	3
这么慢	vmm	2	3
装门面	vmm	3	3
准妈妈	vmm	4	3
这么麻烦	vmmf	1	4
这么难	vmn	1	3
丈母娘	vmn	2	3
啄木鸟	vmn	3	3
这么牛逼	vmnb	1	4
这么难过	vmng	1	4
这么拼	vmp	1	3
这么胖	vmp	2	3
这么漂亮	vmpl	1	4
知名品牌	vmpp	1	4
这么便宜	vmpy	1	4
这么强	vmq	1	3
这么巧	vmq	2	3
这门亲事	vmqu	1	4
致命缺陷	vmqx	1	4
掌门人	vmr	1	3
折磨人	vmr	2	3
证明人	vmr	3	3
专门人才	vmrc	1	4
致命弱点	vmrd	1	4
这么容易	vmry	1	4
詹姆斯	vms	1	3
真没素质	vmsv	1	4
众目四望	vmsw	1	4
皱眉头	vmt	1	3
蒸馒头	vmt	2	3
煮面条	vmt	3	3
抓苗头	vmt	4	3
专门调查	vmti	1	4
直面天命	vmtm	1	4
这么说	vmu	1	3
这么少	vmu	2	3
桌面上	vmu	3	3
致命伤	vmu	4	3
证明书	vmu	5	3
这么说的	vmud	1	4
驻美使馆	vmug	1	4
逐梦韶华	vmuh	1	4
这么说来	vmul	1	4
致命失误	vmuw	1	4
展眉舒眼	vmuy	1	4
正忙着	vmv	1	3
这么着	vmv	2	3
殖民者	vmv	3	3
正面战场	vmvi	1	4
众妙之门	vmvm	2	4
正面指纹	vmvw	1	4
真名真姓	vmvx	1	4
这么重要	vmvy	2	4
这么晚	vmw	1	3
知名网红	vmwh	1	4
这么晚了	vmwl	1	4
昭明文选	vmwx	1	4
这么想	vmx	1	3
这么小	vmx	2	3
这么些	vmx	3	3
芝麻信用分	vmxf	1	4
这么喜欢	vmxh	1	4
证明效力	vmxl	1	4
这么些年	vmxn	1	4
这么下去	vmxq	1	4
芝麻信用	vmxy	1	4
这么样	vmy	1	3
这么远	vmy	2	3
织毛衣	vmy	3	3
正忙于	vmy	4	3
张曼玉	vmy	5	3
这么一次	vmyc	1	4
这么一点	vmyd	1	4
这么样的	vmyd	2	4
账面余额	vmye	1	4
这么一个	vmyg	1	4
致命一击	vmyj	1	4
专门研究	vmyj	2	4
桌面音频	vmyp	1	4
真没意思	vmys	1	4
这么一说	vmyu	1	4
这么一种	vmyv	1	4
这么一些	vmyx	1	4
琢磨一下	vmyx	2	4
这么做	vmz	1	3
这么早	vmz	2	3
著名作家	vmzj	1	4
证明自己	vmzj	2	4
只能	vn	1	2
之内	vn	2	2
直男癌	vna	1	3
真牛啊	vna	2	3
智能ABC	vnac	1	4
真牛逼	vnb	1	3
中南部	vnb	2	3
占内存	vnc	1	3
智能电话	vndh	1	4
指哪打哪	vndn	1	4
中年大叔	vndu	1	4
智能对象	vndx	1	4
中年得子	vndz	1	4
知男而上	vneu	2	4
中年夫妇	vnff	1	4
中年发福	vnff	2	4
中年妇女	vnfn	1	4
只能够	vng	1	3
质能关系	vngx	1	4
猪脑过载	vngz	1	4
智能化	vnh	1	3
中南海	vnh	2	3
祝你好运	vnhy	1	4
真能吹	vni	1	3
指南车	vni	2	3
祝你成功	vnig	1	4
只能讲	vnj	1	3
智能机	vnj	2	3
滞纳金	vnj	3	3
智能检测	vnjc	1	4
智能家居	vnjj	1	4
祝你健康	vnjk	1	4
周年纪念	vnjn	1	4
周年纪念日	vnjr	1	4
只能靠	vnk	1	3
纸尿裤	vnk	2	3
智能卡	vnk	3	3
祝你快乐	vnkl	1	4
正能量	vnl	1	3
住哪里	vnl	2	3
张娜拉	vnl	3	3
中年老登	vnld	1	4
这尼玛	vnm	1	3
智能模块	vnmk	1	4
智能门锁	vnms	1	4
中年男人	vnnr	1	4
众怒难违	vnnw	1	4
中年男子	vnnz	1	4
中年女子	vnnz	2	4
周年庆	vnq	1	3
重农轻商	vnqu	1	4
中年人	vnr	1	3
捉弄人	vnr	2	3
只能如此	vnrc	1	4
招你惹你	vnrn	1	4
真男人从不回头看爆炸	vnrv	1	4
智能锁	vns	1	3
这年头	vnt	1	3
智囊团	vnt	2	3
只能说	vnu	1	3
只能是	vnu	2	3
钟南山	vnu	3	3
智能手表	vnub	1	4
只能胜不能败	vnub	2	4
智能输入法	vnuf	1	4
只能是个	vnug	1	4
智能手环	vnuh	1	4
祝您生活愉快	vnuk	1	4
祝你生日快乐	vnul	1	4
只能说明	vnum	1	4
智能双拼	vnup	1	4
智能输入	vnur	1	4
真乃神人	vnur	2	4
真乃神人也	vnuy	1	4
指南针	vnv	1	3
智能终端	vnvd	1	4
质能转换	vnvh	1	4
宅男宅女	vnvn	1	4
智能助手	vnvu	1	4
只能这样	vnvy	1	4
樟脑丸	vnw	1	3
中年危机	vnwj	1	4
织女星	vnx	1	3
招女婿	vnx	2	3
智能型	vnx	3	3
中你下怀	vnxh	1	4
智能选重	vnxi	1	4
逐年下降	vnxj	1	4
祝你新年快乐	vnxl	1	4
只能用	vny	1	3
只能有	vny	2	3
这你也	vny	3	3
助你一臂之力	vnyl	1	4
中年油腻	vnyn	1	4
转念一想	vnyx	1	4
这你也信	vnyx	2	4
智能音箱	vnyx	3	4
只能在	vnz	1	3
只能做	vnz	2	3
只能作罢	vnzb	1	4
照片	vp	1	2
这时候	vp	2	2
只怕	vp	3	2
诈骗案	vpa	1	3
招聘部门	vpbm	1	4
招牌菜	vpc	1	3
正片叠底	vpdd	1	4
支配地位	vpdw	1	4
诈骗犯	vpf	1	3
猪排骨	vpg	1	3
招聘公司	vpgs	1	4
招聘岗位	vpgw	1	4
猪朋狗友	vpgy	1	4
招聘会	vph	1	3
制片厂	vpi	1	3
招聘经理	vpjl	1	4
正片结束	vpju	1	4
正片开始	vpku	1	4
招聘考试	vpku	2	4
真漂亮	vpl	1	3
主屏幕	vpm	1	3
招聘培训	vppx	1	4
支配权	vpq	1	3
招聘启事	vpqu	1	4
智谱清言	vpqy	1	4
制片人	vpr	1	3
纸片人	vpr	2	3
招聘人才	vprc	1	4
招聘人员	vpry	1	4
撞破头	vpt	1	3
这片土地	vptd	1	4
诈骗团伙	vpth	1	4
治贫脱困	vptk	1	4
招牌式	vpu	1	3
真皮沙发	vpuf	1	4
诈骗者	vpv	1	3
这篇文章	vpwv	1	4
只怕万一	vpwy	1	4
装配线	vpx	1	3
招聘现场	vpxi	1	4
占便宜	vpy	1	3
招聘要求	vpyq	1	4
只怕有心人	vpyr	1	4
只配做	vpz	1	3
诈骗罪	vpz	2	3
真皮组织	vpzv	1	4
正确	vq	1	2
追求	vq	2	2
之前	vq	3	2
追求爱情	vqaq	1	4
正确安装	vqav	1	4
周期表	vqb	1	3
蒸汽波	vqb	2	3
只强不弱	vqbr	1	4
争其必然	vqbr	2	4
知其不可而为之	vqbv	1	4
知其不可为而为之	vqbv	2	4
中气不足	vqbz	1	4
追求刺激	vqcj	1	4
正气存内	vqcn	1	4
正确的	vqd	1	3
争取到	vqd	2	3
准确度	vqd	3	3
正确答案	vqda	1	4
准确地说	vqdu	1	4
准确的说	vqdu	2	4
战前动员	vqdy	2	4
壮起胆子	vqdz	1	4
正前方	vqf	1	3
正确方法	vqff	1	4
政企分开	vqfk	1	4
职权范围	vqfw	1	4
正确方向	vqfx	1	4
真奇怪	vqg	1	3
支气管	vqg	2	3
装清高	vqg	3	3
真情告白	vqgb	1	4
摘取桂冠	vqgg	1	4
主权国家	vqgj	1	4
追求光明	vqgm	1	4
证券公司	vqgs	1	4
追妻火葬场	vqhi	1	4
蒸汽火车	vqhi	2	4
周期函数	vqhu	2	4
沼气池	vqi	1	3
重拳出击	vqij	1	4
中秋节	vqj	1	3
这期间	vqj	2	3
蒸汽机	vqj	3	3
中情局	vqj	4	3
值千金	vqj	5	3
证券机构	vqjg	1	4
追求极致	vqjv	1	4
追求极限	vqjx	1	4
种情况	vqk	1	3
撞枪口	vqk	2	3
正确看待	vqkd	1	4
中秋快乐	vqkl	1	4
撞枪口上了	vqkl	2	4
撞枪口上	vqku	1	4
追求科学	vqkx	1	4
站起来	vql	1	3
抓起来	vql	2	3
准确率	vql	3	3
正确率	vql	4	3
周期律	vql	5	3
准确来讲	vqlj	2	4
真情流露	vqll	1	4
站起来了	vqll	2	4
皱起了眉头	vqlt	1	4
准确来说	vqlu	1	4
正确路线	vqlx	1	4
濯清涟而不妖	vqly	1	4
找窍门	vqm	1	3
皱起眉头	vqmt	1	4
中青年	vqn	1	3
正确评估	vqpg	1	4
蒸汽朋克	vqpk	1	4
知情权	vqq	1	3
这群人	vqr	1	3
知情人	vqr	2	3
知其然	vqr	3	3
债权人	vqr	4	3
知其然而不知其所以然	vqrr	1	4
知其然不知其所以然	vqrr	2	4
知情人士	vqru	2	4
追求速度	vqsd	1	4
赵钱孙李	vqsl	1	4
知其所以然	vqsr	1	4
竹蜻蜓	vqt	1	3
证券投资	vqtz	1	4
站起身	vqu	1	3
蒸汽时代	vqud	2	4
正确示范	vquf	1	4
争取时间	vquj	1	4
站起身来	vqul	1	4
争取胜利	vqul	2	4
这期视频	vqup	1	4
知情识趣	vquq	1	4
追求事业	vquy	2	4
中气十足	vquz	1	4
这其中	vqv	1	3
知情者	vqv	2	3
中秋祝福	vqvf	1	4
追求真理	vqvl	1	4
争取争取	vqvq	1	4
重情重义	vqvy	1	4
准确性	vqx	1	3
正确性	vqx	2	3
周期性	vqx	3	3
致歉信	vqx	4	3
追求幸福	vqxf	1	4
周期信号	vqxh	1	4
追求效率	vqxu	1	4
之前有	vqy	1	3
正确引导	vqyd	1	4
知其一不知其二	vqye	1	4
赚钱养家	vqyj	2	4
挣钱养家	vqyj	3	4
只取一瓢饮	vqyy	1	4
争取在	vqz	1	3
追求责任	vqzr	1	4
装腔作态	vqzt	1	4
正确姿势	vqzu	2	4
主人	vr	2	2
众人	vr	3	2
坠入爱河	vrah	1	4
专业版	vrb	2	3
终日奔波	vrbb	1	4
真人不露相	vrbx	1	4
众人侧目	vrcm	1	4
猪肉大葱	vrdc	4	4
阵容搭配	vrdp	1	4
沾染毒品	vrdp	2	4
猪肉炖粉条	vrdt	1	4
转入地下	vrdx	1	4
招人烦	vrf	2	3
转让费	vrf	3	3
周润发	vrf	4	3
状若疯癫	vrfd	1	4
主人公	vrg	2	3
中日韩	vrh	2	3
真人出道	vrid	1	4
主人家	vrj	2	3
助燃剂	vrj	3	3
转让金	vrj	4	3
众人皆醉	vrjz	2	4
真人快打	vrkd	2	4
沾染了	vrl	2	3
注入灵魂	vrlh	1	4
知荣明耻	vrmi	1	4
准入门槛	vrmk	2	4
这人能处	vrni	1	4
阵容庞大	vrpd	1	4
之日起	vrq	1	3
阵容强大	vrqd	1	4
重如千钧	vrqj	1	4
重若千钧	vrqj	2	4
坠入情网	vrqw	1	4
真让人	vrr	2	3
钟乳石	vru	1	3
值日生	vru	2	3
众人拾柴火焰高	vrug	2	4
坠入深渊	vruy	3	4
侏儒症	vrv	2	3
知人知面不知心	vrvx	2	4
直人直语	vrvy	1	4
整日整夜	vrvy	2	4
主人翁	vrw	1	3
助燃物	vrw	2	3
主人翁精神	vrwu	1	4
正如我意	vrwy	1	4
真人秀	vrx	2	3
招人喜欢	vrxh	1	4
招人稀罕	vrxh	2	4
整日酗酒	vrxj	1	4
置人于死地	vryd	1	4
致人于死地	vryd	2	4
沾染因果	vryg	1	4
直入云霄	vryx	1	4
整容医院	vryy	2	4
这是	vs	2	2
只是	vs	3	2
至死不变	vsbb	1	4
正四边形	vsbx	1	4
住所地	vsd	1	3
知三当三	vsds	3	4
住宿费	vsf	2	3
张三丰	vsf	3	3
折损过半	vsgb	1	4
珠三角	vsj	2	3
致死量	vsl	1	3
装死卖活	vsmh	2	4
着什么急	vsmj	2	4
着色器	vsq	2	3
追索权	vsq	3	3
诸色人等	vsrd	1	4
这算什么	vssm	1	4
这酸爽	vsu	1	3
战死沙场	vsui	7	4
追随者	vsv	2	3
正所谓	vsw	2	3
之所以	vsy	1	3
朝思夜想	vsyx	1	4
昼思夜想	vsyx	2	4
之所在	vsz	2	3
装孙子	vsz	3	3
状态	vt	1	2
整天	vt	2	2
整体	vt	3	2
珠胎暗结	vtaj	1	4
涨停板	vtb	1	3
状态不好	vtbh	1	4
主题笔记	vtbj	1	4
折腾半天	vtbt	1	4
主题词	vtc	1	3
只听得	vtd	1	3
主通道	vtd	2	3
中听的话	vtdh	2	4
主题党日	vtdr	1	4
准提道人	vtdr	2	4
整天到晚	vtdw	1	4
肢体动作	vtdz	1	4
整天都在	vtdz	2	4
竹筒倒豆子	vtdz	3	4
整体风格	vtfg	1	4
整体房价	vtfj	1	4
粘贴复制	vtfv	1	4
主题歌	vtg	1	3
整体感	vtg	2	3
转托管	vtg	3	3
主题广场	vtgi	1	4
主体工程	vtgi	2	4
整体感觉	vtgj	1	4
整体观念	vtgn	1	4
主题公园	vtgy	1	4
专题汇报	vthb	1	4
直通车	vti	1	3
渣土车	vti	2	3
整体出口	vtik	1	4
整体出让	vtir	1	4
中途辍学	vtix	1	4
只听见	vtj	1	3
朝天椒	vtj	2	3
主体结构	vtjg	1	4
专题节目	vtjm	1	4
转头就跑	vtjp	1	4
主体间性	vtjx	1	4
正太控	vtk	1	3
这条路	vtl	1	3
状态栏	vtl	2	3
重体力活	vtlh	1	4
状态拉满	vtlm	1	4
这条路上	vtlu	1	4
整体来说	vtlu	2	4
专题论文	vtlw	1	4
主题乐园	vtly	1	4
真他妈	vtm	1	3
知天命	vtm	2	3
真他妈的	vtmd	1	4
这他妈的	vtmd	2	4
猪突猛进	vtmj	1	4
指条明路	vtml	1	4
主题明确	vtmq	1	4
主题模式	vtmu	1	4
止疼片	vtp	1	3
止痛片	vtp	2	3
站台票	vtp	3	3
整体配合	vtph	1	4
整体疲软	vtpr	1	4
主题曲	vtq	1	3
助听器	vtq	2	3
助推器	vtq	3	3
朝廷钦犯	vtqf	1	4
猪头肉	vtr	1	3
长他人志气	vtrq	1	4
主题思想	vtsx	1	4
直挺挺	vtt	1	3
枕头套	vtt	2	3
状态条	vtt	3	3
整体提高	vttg	1	4
专题调查	vtti	1	4
整体提升	vttu	1	4
整体上	vtu	1	3
这套说辞	vtuc	1	4
主题升华	vtuh	1	4
这天上午	vtuw	1	4
朝堂之上	vtvu	1	4
占统治地位	vtvw	1	4
诸天万界	vtwj	1	4
周陶王林	vtwl	1	4
这天晚上	vtwu	1	4
状态下	vtx	1	3
重头戏	vtx	2	3
整体性	vtx	3	3
中筒靴	vtx	4	3
主体性	vtx	5	3
整体效果	vtxg	1	4
整体下滑	vtxh	1	4
状态下滑	vtxh	2	4
主题鲜明	vtxm	1	4
整体性能	vtxn	2	4
这天下午	vtxw	1	4
真讨厌	vty	1	3
止疼药	vty	2	3
止痛药	vty	3	3
专题研讨	vtyt	1	4
整体优势	vtyu	1	4
主体意识	vtyu	2	4
真太阳时	vtyu	3	4
猪蹄子	vtz	1	3
正体字	vtz	2	3
这天早上	vtzu	1	4
竹筒粽子	vtzz	1	4
这是	vu	2	2
只是	vu	3	2
正式版	vub	2	3
招生办	vub	3	3
专升本	vub	4	3
正式版本	vubb	1	4
正式颁布	vubb	2	4
这说不定	vubd	1	4
装神扮鬼	vubg	2	4
只守不攻	vubg	3	4
终身不娶	vubq	3	4
指数爆炸	vubv	1	4
终身不忘	vubw	2	4
诸事不宜	vuby	2	4
着实不易	vuby	3	4
中上层	vuc	2	3
至善词库	vuck	1	4
真实存在	vucz	1	4
知识点	vud	2	3
指示灯	vud	3	3
这是对的	vudd	1	4
纸上得来终觉浅	vudq	2	4
逐水而居	vuej	1	4
正上方	vuf	2	3
占上风	vuf	3	3
真舒服	vuf	4	3
注释符	vuf	5	3
正式发布	vufb	1	4
制胜法宝	vufb	2	4
指数分布	vufb	3	4
知识丰富	vuff	3	4
忠实粉丝	vufs	1	4
这是个	vug	2	3
只是个	vug	3	3
真是个	vug	4	3
这首歌	vug	5	3
真实感	vug	6	3
正式工	vug	7	3
战胜国	vug	8	3
展示馆	vug	9	3
真实故事改编	vugb	1	4
忠实顾客	vugk	2	4
证书过期	vugq	1	4
这是个问题	vugt	1	4
只是个时间问题	vugt	2	4
真实感受	vugu	2	4
真实故事	vugu	3	4
众神归位	vugw	1	4
知识改变命运	vugy	3	4
正式工作	vugz	2	4
这时候	vuh	2	3
真是好	vuh	3	3
中石化	vuh	4	3
张韶涵	vuh	5	3
朱砂红	vuh	6	3
展示活动	vuhd	2	4
诸神黄昏	vuhh	1	4
战术喝水	vuhu	2	4
咒术回战	vuhv	1	4
战术后仰	vuhy	2	4
正式会员	vuhy	3	4
展示出	vui	1	3
知识储备	vuib	1	4
正式出版	vuib	2	4
智商差距	vuij	3	4
终身成就	vuij	4	4
这时迟那时快	vuik	1	4
战术撤退	vuit	1	4
正式成为	vuiw	1	4
转世重修	vuix	1	4
直升机	vuj	2	3
转瞬间	vuj	3	3
中世纪	vuj	4	3
注射剂	vuj	5	3
植树节	vuj	6	3
只是近黄昏	vujh	1	4
终身监禁	vujj	3	4
真实经历	vujl	4	4
只身进入	vujr	1	4
知识竞赛	vujs	1	4
终生禁赛	vujs	2	4
招生简章	vujv	1	4
转身就走	vujz	1	4
知识库	vuk	2	3
中式恐怖	vukb	1	4
专属客服	vukf	1	4
正式开幕	vukm	1	4
战胜困难	vukn	1	4
纸上空谈	vukt	2	4
正式开通	vukt	3	4
正式开始	vuku	1	4
招生考试	vuku	2	4
真实可信	vukx	1	4
展示了	vul	2	3
真是厉害	vulh	2	4
至上励合	vulh	3	4
转身离开	vulk	1	4
这说明	vum	2	3
找上门	vum	3	3
知识面	vum	4	3
真善美	vum	5	3
终身免费	vumf	2	4
着什么急	vumj	2	4
战术目镜	vumj	3	4
知识盲区	vumq	1	4
中式美学	vumx	1	4
只是没有	vumy	2	4
这是你的	vund	1	4
这是哪个	vung	2	4
这是哪里	vunl	1	4
真实年龄	vunl	2	4
撞上南墙	vunq	1	4
战术挠头	vunt	1	4
终生难忘	vunw	1	4
终身难忘	vunw	2	4
装饰品	vup	2	3
众生平等	vupd	3	4
这事情	vuq	2	3
注射器	vuq	3	3
指示器	vuq	4	3
郑少秋	vuq	5	3
装饰器	vuq	6	3
知识青年	vuqn	1	4
置身其中	vuqv	1	4
置身其外	vuqw	1	4
正式启用	vuqy	2	4
知识迁移	vuqy	3	4
肇事人	vur	2	3
周树人	vur	3	3
真善忍	vur	4	3
正是如此	vurc	1	4
真是人才	vurc	2	4
展示容错	vurc	3	4
掌声如雷	vurl	1	4
招谁惹谁了	vurl	2	4
这是人性的扭曲还是道德的沦丧	vurs	1	4
招谁惹谁	vuru	4	4
正式入职	vurv	1	4
震慑人心	vurx	1	4
肇事司机	vusj	1	4
这是什么	vusm	1	4
注射死刑	vusx	1	4
这十天	vut	2	3
展示厅	vut	3	3
正视图	vut	4	3
主视图	vut	5	3
智商太低	vutd	2	4
知识图谱	vutp	3	4
只是听说	vutu	2	4
知识体系	vutx	1	4
肇事逃逸	vuty	1	4
只是说	vuu	2	3
智商税	vuu	3	3
招生数	vuu	4	3
真实事件改编	vuub	1	4
真实身份	vuuf	3	4
壮士十年归	vuug	2	4
正是时候	vuuh	2	4
真实伤害	vuuh	3	4
真实数据	vuuj	2	4
真实事件	vuuj	3	4
真实水平	vuup	1	4
知识水平	vuup	2	4
诸事顺遂	vuus	1	4
只是时间问题	vuut	1	4
诸事顺心	vuux	1	4
终生受益	vuuy	1	4
终生事业	vuuy	2	4
这盛世如你所愿	vuuy	3	4
注视着	vuv	2	3
中山装	vuv	3	3
肇事者	vuv	4	3
准生证	vuv	5	3
重赏之下，必有勇夫	vuvf	2	4
转瞬之间	vuvj	3	4
只手遮天	vuvt	2	4
诸神之战	vuvv	2	4
众神之战	vuvv	3	4
众神之王	vuvw	1	4
重赏之下	vuvx	1	4
真是这样	vuvy	1	4
只是这样	vuvy	2	4
战神之弈	vuvy	3	4
装饰物	vuw	1	3
这是我的	vuwd	2	4
直射温度	vuwd	3	4
这山望着那山高	vuwg	1	4
终身未婚	vuwh	2	4
终身未嫁	vuwj	1	4
这是为了	vuwl	1	4
只是为了	vuwl	2	4
这是我们	vuwm	1	4
这是为什么	vuwm	2	4
终身未娶	vuwq	1	4
这是为啥	vuwu	1	4
真水无香	vuwx	1	4
指鼠为鸭	vuwy	1	4
只剩下	vux	2	3
真实性	vux	3	3
众生相	vux	4	3
指数型	vux	5	3
正式宣布	vuxb	3	4
芝士雪豹	vuxb	4	4
斩首行动	vuxd	1	4
真实想法	vuxf	1	4
直抒胸怀	vuxh	1	4
真实需求	vuxq	3	4
知识星球	vuxq	4	4
主摄像头	vuxt	2	4
正视现实	vuxu	2	4
真实写照	vuxv	1	4
正山小种	vuxv	2	4
只是希望	vuxw	1	4
终身学习	vuxx	3	4
至少需要	vuxy	4	4
置身于	vuy	2	3
只属于	vuy	3	3
中上游	vuy	4	3
中石油	vuy	5	3
注射液	vuy	6	3
知识渊博	vuyb	3	4
壮士一去兮不复返	vuyf	1	4
这是一个	vuyg	1	4
只是一个	vuyg	2	4
正事要紧	vuyj	3	4
正式页面	vuym	1	4
掌声有请	vuyq	1	4
真实意图	vuyt	2	4
这是一种	vuyv	1	4
只是一种	vuyv	2	4
这是因为	vuyw	1	4
只是因为	vuyw	2	4
真实有效	vuyx	1	4
直上云霄	vuyx	2	4
正式营业	vuyy	3	4
中式英语	vuyy	4	4
这是自然	vuzr	1	4
战术暂停	vuzt	1	4
正是在下	vuzx	1	4
这种	vv	2	2
真正	vv	3	2
智者爱水	vvau	1	4
重镇安神	vvau	2	4
正准备	vvb	1	3
掌中宝	vvb	2	3
站着不动	vvbd	1	4
这种办法	vvbf	1	4
政治庇护	vvbh	1	4
智者不入爱河	vvbh	2	4
只赚不赔	vvbp	1	4
重症病人	vvbr	1	4
政治把戏	vvbx	2	4
置之不用	vvby	2	4
政治错误	vvcw	1	4
这种操作	vvcz	1	4
只知道	vvd	1	3
真正地	vvd	2	3
转折点	vvd	3	3
执政党	vvd	4	3
着重点	vvd	5	3
着重地	vvd	6	3
这种地步	vvdb	1	4
这种地方	vvdf	3	4
中值定理	vvdl	1	4
这种东西	vvdx	1	4
壮着胆子	vvdz	1	4
壮壮胆子	vvdz	2	4
扺掌而谈	vvet	1	4
镇政府	vvf	1	3
政治犯	vvf	2	3
执政府	vvf	3	3
折衷方案	vvfa	1	4
展转反侧	vvfc	2	4
这种方法	vvff	1	4
掌中佛国	vvfg	3	4
政治方面	vvfm	1	4
这种方式	vvfu	1	4
执政方式	vvfu	2	4
逐帧分析	vvfx	1	4
政治方向	vvfx	2	4
执政官	vvg	2	3
珍珠港	vvg	3	3
债转股	vvg	4	3
这种感觉	vvgj	2	4
逐帧观看	vvgk	1	4
柱着拐杖	vvgv	1	4
这种关系	vvgx	1	4
蜘蛛感应	vvgy	1	4
这之后	vvh	1	3
渣渣辉	vvh	2	3
政治化	vvh	3	3
着重号	vvh	4	3
政治黑暗	vvha	1	4
政治活动	vvhd	3	4
这种环境	vvhj	1	4
政治环境	vvhj	2	4
终止合同	vvht	1	4
真正含义	vvhy	2	4
只支持	vvi	1	3
转折处	vvi	2	3
主战场	vvi	3	3
政治处	vvi	4	3
这种程度	vvid	1	4
整装出发	vvif	1	4
郑重承诺	vvin	1	4
怔怔出神	vviu	1	4
真正成为	vviw	1	4
支柱产业	vviy	1	4
正中间	vvj	2	3
站住脚	vvj	3	3
张仲景	vvj	4	3
榨汁机	vvj	5	3
周转金	vvj	6	3
政治经济制度	vvjd	2	4
站住脚跟	vvjg	2	4
抓住机会	vvjh	2	4
战争机器	vvjq	3	4
直至今日	vvjr	1	4
政治集团	vvjt	1	4
政治觉悟	vvjw	1	4
种种迹象	vvjx	3	4
照照镜子	vvjz	1	4
政治课	vvk	2	3
这种可能	vvkn	1	4
住宅楼	vvl	1	3
周转量	vvl	2	3
政治领导	vvld	1	4
政治立场	vvli	1	4
政治理论	vvll	1	4
政治力量	vvll	2	4
政治老师	vvlu	1	4
政治历史	vvlu	2	4
智者乐水	vvlu	3	4
政治路线	vvlx	1	4
皱着眉	vvm	1	3
皱皱眉	vvm	2	3
政治目的	vvmd	2	4
种植面积	vvmj	2	4
政治面貌	vvmm	3	4
皱着眉头	vvmt	1	4
皱皱眉头	vvmt	2	4
照这么说	vvmu	2	4
占着茅坑不拉屎	vvmu	3	4
征召模式	vvmu	4	4
政治民主	vvmv	1	4
战争迷雾	vvmw	1	4
珍珠奶茶	vvni	1	4
壮志难酬	vvni	2	4
主战派	vvp	2	3
战争片	vvp	3	3
纸制品	vvp	4	3
针织品	vvp	5	3
政治派别	vvpb	1	4
政治迫害	vvph	1	4
战争破坏	vvph	2	4
这之前	vvq	1	3
住宅区	vvq	2	3
只知其一不知其二	vvqe	1	4
种种情况	vvqk	2	4
着重强调	vvqt	1	4
智者千虑，必有一失	vvqu	2	4
这种情况下	vvqx	1	4
这种人	vvr	1	3
中之人	vvr	2	3
直至如今	vvrj	1	4
站着如喽啰	vvrl	1	4
直指人心	vvrx	1	4
专职人员	vvry	1	4
置之死地而后快	vvsk	1	4
智者所见略同	vvst	1	4
置之死地而后生	vvsu	3	4
柱状图	vvt	1	3
政治逃犯	vvtf	1	4
政治条件	vvtj	1	4
站长推荐	vvtj	2	4
主战坦克	vvtk	1	4
政治头脑	vvtn	1	4
这种事	vvu	1	3
这只是	vvu	2	3
真正是	vvu	3	3
长知识	vvu	4	3
中专生	vvu	5	3
正整数	vvu	6	3
照直说	vvu	7	3
只准胜不准败	vvub	1	4
政治手段	vvud	1	4
这种说法	vvuf	1	4
这种时候	vvuh	2	4
政治审查	vvui	1	4
站桩输出	vvui	2	4
中专说唱	vvui	3	4
抓住时机	vvuj	1	4
找准时机	vvuj	2	4
政治事件	vvuj	3	4
涨知识了	vvul	1	4
长知识了	vvul	2	4
政治生命	vvum	2	4
政治水平	vvup	2	4
这种事情	vvuq	1	4
站着说话不腰疼	vvut	1	4
注重实效	vvux	1	4
政治生涯	vvuy	1	4
中转站	vvv	1	3
执政者	vvv	2	3
镇宅之宝	vvvb	1	4
镇站之宝	vvvb	2	4
着重指出	vvvi	1	4
注重质量	vvvl	1	4
正值壮年	vvvn	1	4
转账支票	vvvp	1	4
政治正确	vvvq	1	4
蜘蛛侦探	vvvt	2	4
止战之殇	vvvu	2	4
战至终章	vvvv	3	4
政治哲学	vvvx	2	4
蜘蛛网	vvw	2	3
针织物	vvw	3	3
政治文化	vvwh	2	4
政治危机	vvwj	1	4
朝中无人	vvwr	1	4
壮志未酬身先死	vvws	2	4
这种问题	vvwt	1	4
政治舞台	vvwt	2	4
知之为知之	vvwv	1	4
蜘蛛侠	vvx	1	3
中轴线	vvx	2	3
这种想法	vvxf	1	4
辗转相除	vvxi	1	4
政治宣传	vvxi	2	4
珍珠项链	vvxl	1	4
沾沾喜气	vvxq	1	4
这种现象	vvxx	1	4
壮志雄心	vvxx	2	4
中专学校	vvxx	3	4
终止协议	vvxy	2	4
眨眨眼	vvy	1	3
专注于	vvy	2	3
正中央	vvy	3	3
种植园	vvy	4	3
着重于	vvy	5	3
中州韵	vvy	6	3
真正意义上的	vvyd	2	4
置之于死地	vvyd	3	4
正中要害	vvyh	1	4
睁着眼睛说瞎话	vvyh	2	4
睁着眼睛	vvyj	1	4
眨着眼睛	vvyj	2	4
战争遗迹	vvyj	3	4
政治阴谋	vvym	1	4
照着要求	vvyq	1	4
照这样下去	vvyq	2	4
这种颜色	vvys	1	4
重重有赏	vvyu	2	4
种种疑问	vvyw	1	4
政治野心	vvyx	2	4
真正意义	vvyy	2	4
睁只眼闭只眼	vvyy	3	4
这种样子	vvyz	2	4
这阵子	vvz	1	3
猪肘子	vvz	2	3
周转资金	vvzj	1	4
浊者自浊	vvzv	1	4
智珠在握	vvzw	1	4
政治资源	vvzy	1	4
周围	vw	1	2
这位	vw	2	2
中午	vw	3	2
中文版	vwb	1	3
主谓宾	vwb	2	3
中五百	vwb	3	3
中文标点	vwbd	1	4
转弯半径	vwbj	1	4
知无不尽	vwbj	2	4
战无不克	vwbk	1	4
掌握本领	vwbl	1	4
中午不睡	vwbu	2	4
正五边形	vwbx	1	4
正为此事	vwcu	1	4
掌握大权	vwdq	1	4
植物大战僵尸	vwdu	1	4
驻外大使	vwdu	2	4
朝闻道夕死可矣	vwdy	1	4
朝闻道，夕死可矣	vwdy	2	4
中文打字	vwdz	1	4
占位符	vwf	1	3
砖瓦房	vwf	2	3
掌握分寸	vwfc	1	4
掌握方向	vwfx	1	4
贮物柜	vwg	1	3
债务国	vwg	2	3
这位更是重量级	vwgj	1	4
政务公开	vwgk	1	4
中午好	vwh	1	3
铸我辉煌	vwhh	1	4
砖瓦厂	vwi	1	3
置物架	vwj	1	3
张无忌	vwj	2	3
砖瓦结构	vwjg	2	4
中文键盘	vwjp	1	4
职务津贴	vwjt	1	4
中文解释	vwju	1	4
阵亡将士	vwju	2	4
中外记者	vwjv	1	4
占为己有	vwjy	1	4
赚外快	vwk	1	3
掌握科学	vwkx	1	4
掌握了	vwl	1	3
中文名	vwm	1	3
真伪莫辩	vwmb	2	4
掌握命运	vwmy	1	4
指望你	vwn	1	3
真伪难辨	vwnb	1	4
这位女士	vwnu	1	4
折文旁	vwp	1	3
掌握平衡	vwph	1	4
中文平台	vwpt	1	4
重武器	vwq	1	3
只闻其名，未见其人	vwqr	1	4
植物人	vwr	1	3
债务人	vwr	2	3
指纹锁	vws	1	3
这问题	vwt	1	3
指望他	vwt	2	3
指望她	vwt	3	3
植物体	vwt	4	3
周王陶林	vwtl	1	4
朝闻天下	vwtx	1	4
这位是	vwu	1	3
中位数	vwu	2	3
指纹识别	vwub	1	4
正午时分	vwuf	1	4
驻外使节	vwuj	1	4
周围事物	vwuw	1	4
占位置	vwv	1	3
战五渣	vwv	2	3
职务之便	vwvb	2	4
掌握主动	vwvd	1	4
掌握之中	vwvv	1	4
周吴郑王	vwvw	1	4
抓娃娃	vww	1	3
周文王	vww	2	3
周武王	vww	3	3
抓娃娃机	vwwj	1	4
中文网站	vwwv	1	4
中文系	vwx	1	3
这我学集贸啊	vwxa	1	4
朝闻夕改	vwxg	1	4
朝闻夕死	vwxs	1	4
中文系统	vwxt	1	4
中文信息	vwxx	1	4
这玩意	vwy	1	3
植物油	vwy	2	3
植物园	vwy	3	3
政务院	vwy	4	3
砖瓦窑	vwy	5	3
助我一臂之力	vwyl	1	4
中文域名	vwym	1	4
指纹验证	vwyv	1	4
掌握在	vwz	1	3
中文字	vwz	2	3
中文字幕	vwzm	1	4
这些	vx	2	2
中心	vx	3	2
遮羞布	vxb	1	3
中性笔	vxb	2	3
中西部	vxb	3	3
针线包	vxb	4	3
真想不到	vxbd	2	4
这些办法	vxbf	1	4
征信报告	vxbg	1	4
真相败露	vxbl	1	4
正邪不两立	vxbl	2	4
整型变量	vxbl	3	4
忠孝不能两全	vxbq	2	4
这些不同	vxbt	1	4
遮羞蔽体	vxbt	2	4
中学毕业	vxby	2	4
窒息孢子	vxbz	1	4
中下层	vxc	1	3
中性词	vxc	2	3
真相才是快刀	vxcd	1	4
锥心刺骨	vxcg	1	4
中心点	vxd	1	3
只晓得	vxd	2	3
只想到	vxd	3	3
真心地	vxd	4	3
转向灯	vxd	5	3
装卸队	vxd	6	3
铸下大错	vxdc	2	4
周旋到底	vxdd	1	4
中心地带	vxdd	2	4
这些地方	vxdf	1	4
助学贷款	vxdk	1	4
真香定律	vxdl	2	4
这些都是	vxdu	2	4
专项斗争	vxdv	1	4
这些东西	vxdx	1	4
崭新的一页	vxdy	1	4
窒息而死	vxes	1	4
正下方	vxf	1	3
正相反	vxf	2	3
中西方	vxf	3	3
真心付出	vxfi	1	4
这些方面	vxfm	1	4
这些个	vxg	1	3
主心骨	vxg	2	3
照相馆	vxg	3	3
执行官	vxg	4	3
遮瑕膏	vxg	5	3
众星拱北	vxgb	1	4
中小股东	vxgd	1	4
这些国家	vxgj	1	4
装修公司	vxgs	1	4
执行公务	vxgw	1	4
衷心感谢	vxgx	1	4
这些话	vxh	1	3
真心话	vxh	2	3
针线活	vxh	3	3
展销会	vxh	4	3
针线盒	vxh	5	3
中心环节	vxhj	1	4
注销户口	vxhk	1	4
秩序混乱	vxhl	1	4
这些话题	vxht	1	4
真心话大冒险	vxhx	1	4
真心换真心	vxhx	2	4
知行合一	vxhy	1	4
这些孩子	vxhz	1	4
展现出	vxi	1	3
周星驰	vxi	2	3
直心肠	vxi	3	3
主线程	vxi	4	3
只许成功不许失败	vxib	1	4
只许成功，不许失败	vxib	2	4
只许成功	vxig	1	4
崭新出厂	vxii	1	4
崭新出品	vxip	1	4
崭新出土	vxit	1	4
政协常委	vxiw	1	4
照相机	vxj	1	3
哲学家	vxj	2	3
助学金	vxj	3	3
中学阶段	vxjd	1	4
专项经费	vxjf	1	4
真香警告	vxjg	1	4
中西结合	vxjh	1	4
专项计划	vxjh	2	4
专项检查	vxji	2	4
知心姐姐	vxjj	1	4
征信记录	vxjl	1	4
直线距离	vxjl	2	4
主线剧情	vxjq	2	4
支线剧情	vxjq	3	4
忠孝节悌	vxjt	1	4
这下可好	vxkh	2	4
执行力	vxl	1	3
主旋律	vxl	2	3
折现率	vxl	3	3
忠孝两难全	vxlq	2	4
扎心了老铁	vxlt	1	4
中学老师	vxlu	1	4
专项练习	vxlx	1	4
崭新面貌	vxmm	2	4
珍馐美味	vxmw	1	4
这些年	vxn	2	3
抓心挠肺	vxnf	1	4
抓心挠肝	vxng	1	4
忠孝难两全	vxnq	1	4
中心内容	vxnr	1	4
滞销品	vxp	1	3
止血钳	vxq	1	3
中心区	vxq	2	3
转型期	vxq	3	3
赚小钱	vxq	4	3
转向器	vxq	5	3
这些情况	vxqk	1	4
这些人	vxr	1	3
知心人	vxr	2	3
这些人的	vxrd	1	4
宅心仁厚	vxrh	1	4
主线任务	vxrw	3	4
支线任务	vxrw	4	4
这些日子	vxrz	1	4
这些天	vxt	1	3
主席台	vxt	2	3
抓小偷	vxt	3	3
折线图	vxt	4	3
这些天来	vxtl	1	4
这下听懂了	vxtl	2	4
中学同学	vxtx	2	4
这些事	vxu	1	3
这些是	vxu	2	3
只想说	vxu	3	3
中学生	vxu	4	3
占星术	vxu	5	3
住校生	vxu	6	3
中学时代	vxud	1	4
这些时候	vxuh	2	4
珍惜时间	vxuj	1	4
珍惜生命	vxum	1	4
中学水平	vxup	1	4
这些事情	vxuq	1	4
直线上升	vxuu	1	4
整形手术	vxuu	2	4
正想着	vxv	1	3
执行者	vxv	2	3
张献忠	vxv	3	3
只想知道	vxvd	1	4
只许州官放火，不许百姓点灯	vxvd	2	4
衷心祝福	vxvf	1	4
真相只有一个	vxvg	1	4
只许州官放火	vxvh	2	4
主显账号	vxvh	3	4
朝鲜战场	vxvi	1	4
专项整治	vxvv	2	4
衷心祝愿	vxvy	2	4
仲夏之夜	vxvy	3	4
只希望	vxw	1	3
中西文	vxw	2	3
智械危机	vxwj	1	4
整形外科	vxwk	1	4
中学文凭	vxwp	1	4
这些问题	vxwt	2	4
抓现行	vxx	1	3
中小型	vxx	2	3
中小学	vxx	3	3
中下旬	vxx	4	3
中心线	vxx	5	3
直线下降	vxxj	1	4
直系血亲	vxxq	1	4
正邪相争	vxxv	1	4
衷心希望	vxxw	1	4
专心学习	vxxx	3	4
只需要	vxy	1	3
只限于	vxy	2	3
中下游	vxy	3	3
张学友	vxy	4	3
终须一别	vxyb	2	4
直心眼儿	vxye	1	4
治学严谨	vxyj	1	4
征询意见	vxyj	2	4
众星云集	vxyj	3	4
摘下眼镜	vxyj	4	4
这厢有礼	vxyl	1	4
仲夏夜之梦	vxym	1	4
中学语文	vxyw	1	4
只羡鸳鸯不羡仙	vxyx	1	4
这些原因	vxyy	1	4
这小子	vxz	1	3
这下子	vxz	2	3
纸箱子	vxz	3	3
直性子	vxz	4	3
追星族	vxz	5	3
专项资金	vxzj	1	4
珍稀资源	vxzy	1	4
之一	vy	2	2
只有	vy	3	2
这样	vy	4	2
只要	vy	5	2
这样啊	vya	1	3
注意安全	vyaq	1	4
这样吧	vyb	1	3
这一步	vyb	2	3
炸药包	vyb	3	3
住院部	vyb	4	3
职业病	vyb	5	3
专业版	vyb	6	3
这样不对	vybd	2	4
重要部分	vybf	1	4
主要部分	vybf	2	4
重要报告	vybg	2	4
专业八级	vybj	1	4
主要包括	vybk	1	4
专业不对口	vybk	2	4
助一臂之力	vybl	1	4
专业壁垒	vybl	2	4
住院病人	vybr	1	4
昼夜不停	vybt	1	4
只要不是	vybu	1	4
眨也不眨	vybv	2	4
眨眼补帧	vybv	3	4
重要部位	vybw	2	4
中央部委	vybw	3	4
众愿不可违	vybw	4	4
这也不行	vybx	1	4
这样不行	vybx	2	4
主要表现在	vybz	2	4
这一次	vyc	1	3
真有才	vyc	2	3
中药材	vyc	3	3
这样才对	vycd	1	4
这一次的	vycd	2	4
中英词典	vycd	3	4
状语从句	vycj	1	4
主语从句	vycj	2	4
这样才能	vycn	1	4
职业操守	vycu	2	4
真有此事	vycu	3	4
中央财政	vycv	1	4
正有此意	vycy	1	4
这样的	vyd	2	3
重要的	vyd	3	3
注意到	vyd	4	3
这一点	vyd	5	3
这一带	vyd	6	3
专营店	vyd	7	3
重要的事情说三遍	vydb	1	4
重要得多	vydd	2	4
昼夜颠倒	vydd	3	4
只要胆子大	vydd	4	4
周瑜打黄盖	vydg	1	4
这样倒好	vydh	2	4
这一段时间	vydj	1	4
只要胆子大，女鬼放产假	vydj	2	4
质押贷款	vydk	2	4
注意到了	vydl	2	4
争议地区	vydq	2	4
这样的人	vydr	1	4
重要的因素	vyds	1	4
中央电视台	vydt	1	4
这样的问题	vydt	2	4
重要的是	vydu	2	4
中英对照	vydv	1	4
正义斗争	vydv	2	4
重要地位	vydw	1	4
这样都行	vydx	2	4
重要的意义	vydy	1	4
重要的原因	vydy	2	4
专业动作	vydz	1	4
这样儿	vye	1	3
障眼法	vyf	1	3
住院费	vyf	2	3
中药房	vyf	3	3
转义符	vyf	4	3
主要方面	vyfm	2	4
真有福气	vyfq	1	4
主要负责人	vyfr	1	4
主要方式	vyfu	1	4
重要方式	vyfu	2	4
指引方向	vyfx	1	4
终于发现	vyfx	2	4
专业方向	vyfx	3	4
主要负责	vyfz	1	4
这一个	vyg	1	3
找一个	vyg	2	3
正义感	vyg	3	3
转业干部	vygb	1	4
主要观点	vygd	1	4
转眼工夫	vygf	1	4
眨眼工夫	vygf	2	4
职业规划	vygh	1	4
制药工程	vygi	1	4
主要管理	vygl	1	4
重要关头	vygt	1	4
只要功夫深，铁杵磨成针	vygv	2	4
只要功夫深铁杵磨成针	vygv	3	4
置业顾问	vygw	1	4
卓越贡献	vygx	2	4
主要工作	vygz	2	4
这一回	vyh	1	3
这样会	vyh	2	3
这以后	vyh	3	3
职业化	vyh	4	3
专业化	vyh	5	3
专业户	vyh	6	3
这样很好	vyhh	1	4
这样好了	vyhl	1	4
这样好吗	vyhm	1	4
这有何难	vyhn	1	4
转移话题	vyht	1	4
主要还是	vyhu	1	4
制药厂	vyi	2	3
制衣厂	vyi	3	3
主要成分	vyif	1	4
止于唇齿	vyii	1	4
斩妖除魔	vyim	1	4
这一刹那	vyin	2	4
中央常委	vyiw	1	4
眨眼间	vyj	2	3
转眼间	vyj	3	3
中央军	vyj	4	3
志愿军	vyj	5	3
郑渊洁	vyj	6	3
郑伊健	vyj	7	3
状元及第	vyjd	1	4
只有几个	vyjg	2	4
这样就好	vyjh	2	4
注意进场时机	vyjj	1	4
注意进厂时机	vyjj	2	4
专业技能	vyjn	2	4
昼夜交替	vyjt	2	4
这已经是	vyju	1	4
注意节制	vyjv	1	4
主要机制	vyjv	2	4
注意脚下	vyjx	2	4
重要经验	vyjy	1	4
这一刻	vyk	2	3
乍一看	vyk	3	3
专业课	vyk	4	3
主要看	vyk	5	3
这样看	vyk	6	3
这样可好	vykh	1	4
专业课程	vyki	1	4
睁眼看世界	vykj	1	4
这样看来	vykl	1	4
主要考虑	vykl	2	4
真有可能	vykn	1	4
这有可能	vykn	2	4
这也可能	vykn	3	4
只要肯登攀	vykp	1	4
这样可以	vyky	1	4
终于可以	vyky	2	4
注意力	vyl	1	3
这一类	vyl	2	3
这一来	vyl	3	3
状元郎	vyl	4	3
治愈率	vyl	5	3
占有率	vyl	6	3
占有量	vyl	7	3
中央领导	vyld	1	4
只有累死的牛，没有耕坏的地	vyld	2	4
这样来看	vylk	1	4
主要力量	vyll	1	4
职业联赛	vyls	2	4
注意力分散	vyls	3	4
只有累死的牛，没有耕坏的田	vylt	1	4
这样来说	vylu	1	4
这一路上	vylu	2	4
注意力不集中	vylv	1	4
专业领域	vyly	1	4
主要理由	vyly	2	4
主要来自	vylz	1	4
这一幕	vym	1	3
至于吗	vym	2	3
遮阳帽	vym	3	3
真要命	vym	4	3
张艺谋	vym	5	3
主要目标	vymb	1	4
战云密布	vymb	2	4
主要目的	vymd	2	4
转移矛盾	vymd	3	4
专业目录	vyml	1	4
枝叶茂盛	vymu	1	4
斩于马下	vymx	1	4
朝云暮雨	vymy	1	4
这一年	vyn	1	3
这也能	vyn	2	3
张怡宁	vyn	3	3
占用内存	vync	1	4
真有你的	vynd	1	4
这也难怪	vyng	2	4
中医内科	vynk	1	4
职业能力	vynl	1	4
知音难觅	vynm	1	4
知音难求	vynq	1	4
这一难题	vynt	1	4
这一年中	vynv	1	4
忠言逆耳利于行	vynx	1	4
知音难寻	vynx	2	4
职业女性	vynx	3	4
这样那样	vyny	1	4
遮阳篷	vyp	1	3
枝源派本	vypb	1	4
这一切	vyq	1	3
竹叶青	vyq	2	3
重义气	vyq	3	3
专营权	vyq	4	3
张雨绮	vyq	5	3
正义切割	vyqg	1	4
重要情况	vyqk	1	4
正义群殴	vyqo	1	4
真有其人	vyqr	1	4
重友轻色	vyqs	1	4
真有其事	vyqu	1	4
职业拳手	vyqu	2	4
朝阳群众	vyqv	1	4
质疑权威	vyqw	1	4
战意全无	vyqw	2	4
主要人	vyr	1	3
正因如此	vyrc	1	4
专业人士	vyru	2	4
这意思	vys	1	3
这也算	vys	2	3
职业赛场	vysi	1	4
专业四级	vysj	1	4
这有什么	vysm	1	4
庄严肃穆	vysm	2	4
置于死地而后生	vysu	1	4
专业素质	vysv	1	4
中庸思想	vysx	2	4
职业素养	vysy	1	4
专业素养	vysy	2	4
这一天	vyt	1	3
这一条	vyt	2	3
这一套	vyt	3	3
祝英台	vyt	4	3
支原体	vyt	5	3
专业团队	vytd	2	4
征用土地	vytd	3	4
这样挺好	vyth	1	4
重要条件	vytj	1	4
主要途径	vytj	2	4
直咽唾沫	vytm	1	4
只愿同年同月同日死	vyts	1	4
折翼天使	vytu	2	4
这也是	vyu	1	3
主要是	vyu	2	3
只要是	vyu	3	3
这样说	vyu	4	3
这又是	vyu	5	3
占优势	vyu	6	3
吱一声	vyu	7	3
这样说吧	vyub	2	4
这也是词	vyuc	2	4
震源深度	vyud	1	4
这样说道	vyud	2	4
正义史官	vyug	2	4
这一首歌	vyug	3	4
睁眼说瞎话	vyuh	1	4
这一瞬间	vyuj	1	4
重要事件	vyuj	2	4
周游世界	vyuj	3	4
这样说来	vyul	1	4
展眼舒眉	vyum	1	4
专业水平	vyup	1	4
忠勇双全	vyuq	2	4
注意身体	vyut	1	4
正义使者	vyuv	1	4
只缘身在此山中	vyuv	2	4
主要是因为	vyuw	2	4
坠崖身亡	vyuw	3	4
重要事项	vyux	2	4
职业生涯	vyuy	1	4
专业术语	vyuy	2	4
这一招	vyv	2	3
朱元璋	vyv	3	3
志愿者	vyv	4	3
转运站	vyv	5	3
赵雅芝	vyv	6	3
专用章	vyv	7	3
正义制裁	vyvc	1	4
职业战队	vyvd	2	4
转移支付	vyvf	2	4
肘腋之患	vyvh	1	4
眨眼之间	vyvj	3	4
转移注意力	vyvl	1	4
住院治疗	vyvl	2	4
重要战略	vyvl	3	4
直言正色	vyvs	1	4
职业中转	vyvv	2	4
只有这些	vyvx	1	4
正义执行	vyvx	2	4
睁一只眼闭一只眼	vyvy	4	4
睁一只眼，闭一只眼	vyvy	5	4
正因为	vyw	1	3
这一位	vyw	2	3
只因为	vyw	3	3
中英文	vyw	4	3
中原五白	vywb	2	4
正因为如此	vywc	1	4
只因未到伤心处	vywi	1	4
昼夜温差	vywi	2	4
中央王朝	vywi	3	4
职业玩家	vywj	2	4
中医外科	vywk	1	4
主要为了	vywl	1	4
质疑问难	vywn	1	4
这一问题	vywt	2	4
注意卫生	vywu	1	4
重要文献	vywx	2	4
正因为这样	vywy	2	4
这一下	vyx	1	3
这也行	vyx	2	3
重要性	vyx	3	3
专业性	vyx	4	3
职业性	vyx	5	3
专用线	vyx	6	3
只有想不到	vyxd	1	4
直言相告	vyxg	1	4
注意细节	vyxj	1	4
专业训练	vyxl	1	4
这一系列	vyxl	2	4
重要项目	vyxm	2	4
这样下去	vyxq	1	4
职业选手	vyxu	2	4
这一现象	vyxx	2	4
脂溢性皮炎	vyxy	2	4
占有欲	vyy	1	3
着眼于	vyy	2	3
壮阳药	vyy	3	3
只有一次	vyyc	1	4
猪一样的	vyyd	1	4
只有一点	vyyd	2	4
这样一个	vyyg	1	4
只有一个	vyyg	2	4
重要依据	vyyj	2	4
睁眼一看	vyyk	1	4
只有一种可能	vyyn	1	4
终有一日	vyyr	2	4
真有意思	vyys	2	4
终有一天	vyyt	1	4
执业医师	vyyu	2	4
这样一说	vyyu	3	4
这样一种	vyyv	1	4
只有一种	vyyv	2	4
忠于原著	vyyv	3	4
主要因为	vyyw	1	4
这样也行	vyyx	2	4
展颜一笑	vyyx	3	4
职业院校	vyyx	4	4
重要原因	vyyy	3	4
睁一眼闭一眼	vyyy	4	4
这样做	vyz	1	3
这样子	vyz	2	3
装样子	vyz	3	3
这样子啊	vyza	1	4
这样子的	vyzd	1	4
重要组成部分	vyzf	1	4
只有自己	vyzj	1	4
注意嘴脸	vyzl	1	4
这样子吗	vyzm	1	4
珠玉在前	vyzq	1	4
正在	vz	2	2
站在	vz	3	2
至尊宝	vzb	2	3
正在播出	vzbi	2	4
只增不减	vzbj	2	4
拙嘴笨腮	vzbs	1	4
正则表达式	vzbu	2	4
照做不误	vzbw	1	4
重在参与	vzcy	2	4
沼泽地	vzd	2	3
中子弹	vzd	3	3
甄子丹	vzd	4	3
正在调查	vzdi	1	4
众醉独醒	vzdx	1	4
制作而成	vzei	1	4
重足而立	vzel	1	4
种子发芽	vzfy	2	4
站在高处	vzgi	1	4
驻足观看	vzgk	1	4
种族观念	vzgn	1	4
志在高远	vzgy	1	4
栀子花	vzh	2	3
正在缓冲	vzhi	1	4
栀子花开	vzhk	1	4
种族毁灭	vzhm	1	4
专做坏事	vzhu	1	4
制造厂	vzi	2	3
正在充电	vzid	1	4
正宗传人	vzir	1	4
知足常足	vziz	1	4
宅在家	vzj	2	3
宅在家里	vzjl	2	4
张嘴就来	vzjl	3	4
制作精良	vzjl	4	4
宅在家中	vzjv	1	4
正在考虑	vzkl	1	4
赵子龙	vzl	1	3
周总理	vzl	2	3
张作霖	vzl	3	3
这怎么办	vzmb	1	4
制造矛盾	vzmd	1	4
这怎么敢当	vzmd	2	4
知子莫若父	vzmf	1	4
种族灭绝	vzmj	1	4
这怎么了	vzml	1	4
这怎么行	vzmx	1	4
这怎么样	vzmy	1	4
站在那里	vznl	1	4
捉贼拿赃	vznz	1	4
只字片言	vzpy	2	4
重灾区	vzq	2	3
著作权	vzq	3	3
朱自清	vzq	4	3
重罪轻判	vzqp	1	4
制作人	vzr	2	3
著作人	vzr	3	3
制作人员	vzry	1	4
竹字头	vzt	1	3
章泽天	vzt	2	3
种族天赋	vztf	1	4
转载投自制	vztv	1	4
制造商	vzu	1	3
找罪受	vzu	2	3
涨姿势	vzu	3	3
智子视角	vzuj	2	4
正在升级	vzuj	3	4
涨姿势了	vzul	1	4
正在输入	vzur	1	4
制造者	vzv	2	3
制作者	vzv	3	3
执子之手，与子偕老	vzvl	2	4
执子之手与子偕老	vzvl	3	4
长子长孙	vzvs	1	4
壮哉我	vzw	1	3
只字未改	vzwg	1	4
中子星	vzx	2	3
之字形	vzx	3	3
止增笑耳	vzxe	1	4
制造业	vzy	2	3
章子怡	vzy	3	3
站在原地	vzyd	1	4
站在一起	vzyq	1	4
粘在一起	vzyq	2	4
晚安	wa	2	2
午安	wa	3	2
慰安妇	waf	2	3
为爱发电	wafd	1	4
我爱发明	wafm	1	4
为爱鼓掌	wagv	1	4
为爱痴狂	waik	1	4
万艾可	wak	1	3
五爱论坛	walt	1	4
我爱你	wan	1	3
吾爱破解	wapj	1	4
王安石	wau	2	3
未谙世事	wauu	1	4
我爱我家	wawj	1	4
胃癌晚期	wawq	1	4
无比	wb	1	2
未必	wb	2	2
五笔	wb	3	2
我并不	wbb	1	3
喂不饱	wbb	2	3
歪比巴卜	wbbb	1	4
万般不好	wbbh	1	4
未必不可	wbbk	1	4
未必不能	wbbn	1	4
文本编辑器	wbbq	2	4
我并不是	wbbu	1	4
万般不舍	wbbu	2	4
我并不认为	wbbw	1	4
万变不离其宗	wbbz	1	4
窝边草	wbc	1	3
忘不掉	wbd	1	3
王八蛋	wbd	2	3
我不到啊	wbda	1	4
望不到边	wbdb	1	4
我不打搅	wbdj	1	4
我不对劲	wbdj	2	4
王八犊子	wbdz	1	4
我不服	wbf	1	3
无比丰富	wbff	1	4
我不犯人	wbfr	1	4
我必犯人	wbfr	2	4
我不放心	wbfx	1	4
我不敢	wbg	1	3
我不敢看	wbgk	1	4
无比广阔	wbgk	2	4
完本感言	wbgy	1	4
我不会	wbh	1	3
未必会	wbh	2	3
五保户	wbh	3	3
五笔画	wbh	4	3
无比怀念	wbhn	1	4
微博话题	wbht	1	4
微博会员	wbhy	1	4
完不成	wbi	1	3
微博超话	wbih	1	4
文本处理	wbil	1	4
违背常理	wbil	2	4
未被承认	wbir	1	4
王八吃秤砣	wbit	1	4
无比沉重	wbiv	1	4
我不记得	wbjd	2	4
五笔加加	wbjj	1	4
五笔九键	wbjj	2	4
王不见王	wbjw	1	4
我不介意	wbjy	1	4
无不可	wbk	1	3
文本框	wbk	2	3
微不可察	wbki	1	4
微不可见	wbkj	1	4
吾辈楷模	wbkm	1	4
我辈楷模	wbkm	2	4
我不可能	wbkn	1	4
我不可以	wbky	1	4
我本可以	wbky	2	4
忘不了	wbl	1	3
微波炉	wbl	2	3
万宝路	wbl	3	3
无不良引导	wbld	1	4
无不良嗜好	wblh	1	4
我保留意见	wblj	1	4
万般留恋	wbll	2	4
五笔联盟	wblm	1	4
微波炉适用	wbly	2	4
为避免	wbm	1	3
未标明	wbm	2	3
我不明白	wbmb	1	4
外部矛盾	wbmd	1	4
无比美好	wbmh	1	4
温补命门	wbmm	1	4
我不满意	wbmy	1	4
违背民意	wbmy	2	4
我不能	wbn	1	3
我帮你	wbn	2	3
五百年	wbn	3	3
我保你	wbn	4	3
五百年前是一家	wbnj	1	4
五百年前	wbnq	1	4
我不怕	wbp	1	3
温补脾肾	wbpu	1	4
温补脾胃	wbpw	1	4
五笔拼音	wbpy	1	4
我不去	wbq	1	3
微表情	wbq	2	3
玩不起	wbq	3	3
王八拳	wbq	4	3
王宝强	wbq	5	3
我不确定	wbqd	1	4
无比强大	wbqd	2	4
无比期待	wbqd	3	4
我不清楚	wbqi	1	4
五笔全键	wbqj	2	4
玩不起了	wbql	1	4
卧冰求鲤	wbql	2	4
我本人	wbr	1	3
未必如此	wbrc	1	4
无不如此	wbrc	2	4
未被认可	wbrk	1	4
我不认识	wbru	1	4
我不认为	wbrw	1	4
我不入地狱谁入地狱	wbry	1	4
我不入地狱，谁入地狱	wbry	2	4
五比三	wbs	1	3
五弊三缺	wbsq	1	4
无标题	wbt	1	3
温病条辨	wbtb	1	4
物宝天华	wbth	1	4
58同城	wbti	1	4
稳步推进	wbtj	1	4
外部条件	wbtj	2	4
无比痛苦	wbtk	1	4
我不同意	wbty	1	4
我不是	wbu	1	3
未必是	wbu	2	3
无不是	wbu	3	3
外表上	wbu	4	3
五步蛇	wbu	5	3
挖鼻屎	wbu	6	3
五笔输入法	wbuf	1	4
我不说话	wbuh	1	4
外部世界	wbuj	1	4
外表上看	wbuk	1	4
外部势力	wbul	1	4
无本生利	wbul	2	4
我不是那个意思	wbus	1	4
稳步上升	wbuu	1	4
我不是药神	wbuu	2	4
无本生意	wbuy	2	4
我保证	wbv	1	3
玩不转	wbv	2	3
外包装	wbv	3	3
我不知道	wbvd	1	4
微薄之力	wbvl	1	4
我不中了	wbvl	2	4
我不知道为什么	wbvm	2	4
我保证不打死你	wbvn	1	4
王霸之气	wbvq	1	4
未必正确	wbvq	2	4
我不这样认为	wbvw	1	4
我不这么认为	wbvw	2	4
无本之源	wbvy	1	4
微博之夜	wbvy	2	4
五百万	wbw	1	3
玩不玩	wbw	2	3
晚不晚	wbw	3	3
歪比歪比	wbwb	1	4
文本文档	wbwd	1	4
稳不稳定	wbwd	2	4
位卑未敢忘忧国	wbwg	1	4
无不无聊	wbwl	1	4
温饱问题	wbwt	1	4
无悲无喜	wbwx	1	4
万般无奈之下	wbwx	2	4
无病无灾	wbwz	1	4
我不想	wbx	1	3
我必须	wbx	2	3
我不信	wbx	3	3
五边形	wbx	4	3
我不想知道	wbxd	1	4
未病先防	wbxf	1	4
我不喜欢	wbxh	1	4
我不行了	wbxl	1	4
玩不下去了	wbxl	2	4
外部需求	wbxq	1	4
五边形战士	wbxu	1	4
完本小说	wbxu	2	4
我不希望	wbxw	1	4
我不相信	wbxx	1	4
五笔学习	wbxx	2	4
我不需要	wbxy	1	4
我不要	wby	1	3
务必要	wby	2	3
我不一定	wbyd	1	4
外部压力	wbyl	1	4
位卑言轻	wbyq	1	4
我不愿意	wbyy	1	4
外部资本	wbzb	1	4
五笔字根	wbzg	1	4
无比自豪	wbzh	2	4
无病自灸	wbzj	1	4
违背自然	wbzr	1	4
违背祖宗	wbzz	1	4
卧槽	wc	1	2
未曾	wc	2	2
我草	wc	3	2
我从不	wcb	1	3
无从得知	wcdv	1	4
为此而来	wcel	1	4
文采斐然	wcfr	1	4
文采飞扬	wcfy	1	4
无参函数	wchu	1	4
外存储器	wciq	1	4
文才出众	wciv	1	4
我曾经	wcj	1	3
外错角	wcj	2	3
外层空间	wckj	1	4
我从来	wcl	1	3
未曾谋面	wcmm	1	4
卧槽牛逼	wcnb	1	4
我草牛逼	wcnb	2	4
我操你妈	wcnm	1	4
我艹你妈	wcnm	2	4
我草泥马	wcnm	3	4
卧槽泥马	wcnm	4	4
午餐肉	wcr	1	3
无猜扫雷	wcsl	1	4
我草死你	wcsn	1	4
我操死你	wcsn	2	4
我屮似你	wcsn	3	4
我操他妈	wctm	1	4
未曾设想的道路	wcul	1	4
未曾设想	wcux	1	4
无从知道	wcvd	1	4
无从知晓	wcvx	1	4
万磁王	wcw	1	3
卧槽卧槽	wcwc	1	4
无才无德	wcwd	1	4
我从未见过有如此厚颜无耻之人	wcwr	1	4
未曾想	wcx	1	3
未曾想过	wcxg	1	4
无从想起	wcxq	1	4
无从选择	wcxz	1	4
五菜一汤	wcyt	1	4
无此雅兴	wcyx	1	4
无此一项	wcyx	2	4
误操作	wcz	1	3
稳操左券	wczq	1	4
我的	wd	2	2
味道	wd	3	2
无大碍	wda	1	3
为代表	wdb	1	3
温度表	wdb	2	3
无担保	wdb	3	3
我都不知道	wdbd	2	4
无毒不丈夫	wdbf	1	4
吾道不孤	wdbg	1	4
味道不好	wdbh	1	4
五毒不侵	wdbq	1	4
我都不想	wdbx	1	4
我的错	wdc	1	3
无底洞	wdd	1	3
我带点儿	wdde	1	4
韦达定理	wddl	1	4
万订大佬	wddl	2	4
我的地盘我作主	wddv	1	4
王德发	wdf	1	3
稳定发挥	wdfh	3	4
稳定发展	wdfv	1	4
万达广场	wdgi	1	4
万道光芒	wdgm	1	4
稳定更新	wdgx	2	4
稳定工作	wdgz	2	4
外地工作	wdgz	3	4
味道好	wdh	1	3
玩得好	wdh	2	3
玩得很开	wdhk	2	4
伟大航路	wdhl	1	4
王大锤	wdi	1	3
外地出差	wdii	2	4
稳定产出	wdii	3	4
武德充沛	wdip	1	4
蚊叮虫咬	wdiy	1	4
为代价	wdj	1	3
温度计	wdj	2	3
舞蹈家	wdj	3	3
稳定剂	wdj	4	3
万吨级	wdj	5	3
豌豆荚	wdj	6	3
温带季风	wdjf	1	4
万道金光	wdjg	1	4
玩的就是心跳	wdjt	1	4
为的就是	wdju	1	4
稳定局势	wdju	2	4
伟大精神	wdju	3	4
无敌金身	wdju	4	4
忘打卡	wdk	1	3
五道口	wdk	2	3
玩得开心	wdkx	1	4
外地口音	wdky	1	4
我都可以	wdky	2	4
完蛋了	wdl	1	3
闻到了	wdl	2	3
我到了	wdl	3	3
我带了	wdl	4	3
忘掉了	wdl	5	3
武大郎	wdl	6	3
王道乐土	wdlt	1	4
伟大领袖	wdlx	1	4
伟大理想	wdlx	2	4
无端联想	wdlx	3	4
我的妈	wdm	1	3
伟大目标	wdmb	1	4
我的梦想	wdmx	1	4
外道魔像	wdmx	2	4
我的妈呀	wdmy	1	4
五斗米折腰	wdmy	2	4
我的名字	wdmz	1	4
玩电脑	wdn	2	3
微电脑	wdn	3	3
我叼你妈的	wdnd	1	4
我带你们打	wdnd	2	4
WDNMD	wdnd	3	4
我赌你的枪里没有子弹	wdnd	4	4
我顶你个肺	wdnf	1	4
我带你飞	wdnf	2	4
忘到脑后	wdnh	1	4
我的那些	wdnx	1	4
武打片	wdp	1	3
稳定平衡	wdph	1	4
我的朋友	wdpy	1	4
外地人	wdr	1	3
稳定人心	wdrx	1	4
挖地三尺	wdsi	1	4
我的天	wdt	1	3
问答题	wdt	2	3
我的天啊	wdta	1	4
玩的挺花	wdth	1	4
温度调节	wdtj	2	4
我的天呐	wdtn	2	4
我的天哪	wdtn	3	4
我的同事	wdtu	2	4
无敌天下	wdtx	1	4
我的同学	wdtx	2	4
我的天呀	wdty	1	4
望断天涯	wdty	2	4
为的是	wdu	1	3
我都是	wdu	2	3
问的是	wdu	3	3
武当山	wdu	4	3
无胆鼠辈	wdub	1	4
未定事件簿	wdub	2	4
我的上帝	wdud	1	4
稳定输出	wdui	3	4
我的世界	wduj	1	4
我的手机	wduj	2	4
我的事情	wduq	1	4
稳定收入	wdur	1	4
豌豆射手	wduu	1	4
我带着	wdv	1	3
我等着	wdv	2	3
五大洲	wdv	3	3
我都知道	wdvd	2	4
污点证人	wdvr	1	4
无端指责	wdvz	1	4
万订之姿	wdvz	2	4
我的文档	wdwd	1	4
无毒无害	wdwh	2	4
我的问题	wdwt	1	4
无大无小	wdwx	2	4
伟大无需多言	wdwy	1	4
味大无需多盐	wdwy	2	4
我的心	wdx	1	3
稳定性	wdx	2	3
无底线	wdx	3	3
误导性	wdx	4	3
我的想法	wdxf	1	4
万道霞光	wdxg	1	4
我的膝盖	wdxg	2	4
味道鲜美	wdxm	4	4
为点小事	wdxu	2	4
我倒希望	wdxw	1	4
我到现在	wdxz	1	4
我大约	wdy	2	3
微电影	wdy	3	3
无敌于世间	wdyj	2	4
外地游客	wdyk	1	4
稳得一批	wdyp	1	4
稳的一批	wdyp	2	4
我的意思	wdys	2	4
我的意思是	wdyu	3	4
无敌于天下	wdyx	1	4
完犊子	wdz	1	3
歪点子	wdz	2	3
误当作	wdz	3	3
我的祖国	wdzg	1	4
武道宗师	wdzu	2	4
五大贼王	wdzw	2	4
往肚子里咽	wdzy	1	4
巍峨	we	1	2
忘恩背义	weby	1	4
挖耳朵	wed	1	3
外耳道	wed	2	3
玩儿命	wem	1	3
沃尔玛	wem	2	3
挖耳勺	weu	1	3
威尔史密斯	weus	1	4
万恶之首	wevu	1	4
沃尔沃	wew	1	3
威尔逊	wex	1	3
王二小	wex	2	3
望而兴叹	wext	1	4
万恶淫为首	weyu	1	4
莞尔一笑	weyx	1	4
我儿子	wez	1	3
无法	wf	2	2
无法安排	wfap	1	4
无法按时	wfau	1	4
无法按照	wfav	1	4
无法安心	wfax	1	4
违法办案	wfba	3	4
万夫不当	wfbd	2	4
无法变更	wfbg	1	4
无法保护	wfbh	1	4
无风不起浪	wfbl	1	4
无法避免	wfbm	2	4
无法比拟	wfbn	1	4
万分抱歉	wfbq	1	4
无法摆脱	wfbt	1	4
无法保证	wfbv	1	4
无氟冰箱	wfbx	1	4
无法比喻	wfby	2	4
我佛慈悲	wfcb	1	4
我反对	wfd	1	3
无法达到	wfdd	2	4
无法对付	wfdf	1	4
无法抵抗	wfdk	3	4
喂饭到嘴里	wfdl	1	4
汪峰定律	wfdl	2	4
无法代替	wfdt	1	4
我反对这门亲事	wfdu	3	4
无法反驳	wffb	1	4
无法分辨	wffb	2	4
违反法定	wffd	1	4
无法发出	wffi	2	4
无防腐剂	wffj	1	4
微风拂面	wffm	1	4
无法放弃	wffq	1	4
无法否认	wffr	1	4
无法发送	wffs	1	4
无法访问	wffw	1	4
无法发现	wffx	1	4
违犯规定	wfgd	2	4
枉费工夫	wfgf	1	4
无法更改	wfgg	1	4
无法观看	wfgk	1	4
无法估量	wfgl	1	4
无法沟通	wfgt	1	4
万分感谢	wfgx	1	4
万法归宗	wfgz	1	4
晚饭后	wfh	2	3
无法回避	wfhb	1	4
无法回答	wfhd	1	4
外附魂骨	wfhg	1	4
无法化解	wfhj	3	4
无法忽略	wfhl	1	4
无法回头	wfht	1	4
温肺化饮	wfhy	1	4
违法成本	wfib	1	4
无法成为	wfiw	1	4
无法超越	wfiy	1	4
万佛朝宗	wfiz	2	4
王府井	wfj	2	3
往复锯	wfj	3	3
无法决定	wfjd	1	4
违法金额	wfje	1	4
无法解除	wfji	3	4
无法解决	wfjj	1	4
无法拒绝	wfjj	2	4
违反纪律	wfjl	2	4
违犯纪律	wfjl	3	4
无法交流	wfjl	4	4
往返机票	wfjp	1	4
无法进去	wfjq	2	4
万分沮丧	wfjs	2	4
无法解脱	wfjt	2	4
无非就是	wfju	4	4
无法解释	wfju	5	4
无法集中	wfjv	1	4
万分景仰	wfjy	1	4
未付款	wfk	1	3
无法克服	wfkf	1	4
无法看出	wfki	1	4
无法抗拒	wfkj	1	4
无法开启	wfkq	1	4
枉费口舌	wfku	2	4
无法跨越的大山	wfku	3	4
无法控制	wfkv	1	4
无法可想	wfkx	1	4
无法跨越	wfky	2	4
我服了	wfl	1	3
我佛了	wfl	2	3
往返路费	wflf	1	4
无法理解	wflj	2	4
无法连接	wflj	3	4
无法领取	wflq	1	4
无法领悟	wflw	1	4
无法利用	wfly	2	4
外分泌	wfm	2	3
无法弥补	wfmb	1	4
无法面对	wfmd	4	4
无法满足	wfmz	1	4
无法判断	wfpd	1	4
无法平衡	wfph	1	4
无法平静	wfpj	1	4
无法平息	wfpx	1	4
无法确定	wfqd	1	4
无法区分	wfqf	1	4
无缝切换	wfqh	1	4
无法企及	wfqj	1	4
违法情节	wfqj	2	4
我放弃了	wfql	2	4
无法确认	wfqr	2	4
无法认定	wfrd	1	4
无法忍耐	wfrn	1	4
无法忍受	wfru	2	4
万分荣幸	wfrx	1	4
违法所得	wfsd	3	4
微分碎盖	wfsg	1	4
无风三尺浪	wfsl	1	4
无法逃避	wftb	1	4
无法替代	wftd	2	4
无法体会	wfth	1	4
无法统计	wftj	2	4
往返徒劳	wftl	1	4
舞法天女	wftn	1	4
无法逃脱	wftt	2	4
无法停止	wftv	1	4
无非是	wfu	1	3
无法生存	wfuc	1	4
无法释怀	wfuh	1	4
唯分数论	wful	1	4
无法说明	wfum	1	4
违法审判	wfup	1	4
违法收入	wfur	1	4
无法实现	wfux	1	4
无法适应	wfuy	2	4
五分钟	wfv	1	3
违法者	wfv	2	3
万分之	wfv	3	3
五分之	wfv	4	3
无法知道	wfvd	2	4
无法执行	wfvh	3	4
违反直觉	wfvj	3	4
温肺止咳	wfvk	1	4
无法直视	wfvu	2	4
无法战胜	wfvu	3	4
无法掌握	wfvw	1	4
万分位	wfw	2	3
无法稳定	wfwd	1	4
无法挽回	wfwh	4	4
无法忘怀	wfwh	5	4
无法完成	wfwi	1	4
无房无车	wfwi	2	4
无法忘记	wfwj	3	4
我发现	wfx	2	3
无风险	wfx	3	3
无缝衔接	wfxj	2	4
无法形容	wfxr	2	4
枉费心思	wfxs	2	4
无福消受	wfxu	2	4
无法选中	wfxv	1	4
无法想象	wfxx	2	4
无法选择	wfxz	1	4
无法应对	wfyd	1	4
无法逾越的高峰	wfyf	1	4
无法逾越的鸿沟	wfyg	1	4
无法预料	wfyl	1	4
无法言明	wfym	1	4
无法要求	wfyq	1	4
无法言说	wfyu	2	4
无法预知	wfyv	1	4
无法逾越	wfyy	1	4
无法言喻	wfyy	2	4
违反原则	wfyz	3	4
无法阻挡	wfzd	2	4
无风自动	wfzd	3	4
无法阻止	wfzv	2	4
无法左右	wfzy	2	4
我国	wg	2	2
外国	wg	3	2
无关	wg	4	2
为根本	wgb	2	3
无功不受禄	wgbl	1	4
无官不贪	wgbt	1	4
五官不正	wgbv	1	4
我敢保证	wgbv	2	4
违规操作	wgcz	1	4
我感到	wgd	1	3
五官端正	wgdv	1	4
五个多月	wgdy	1	4
无功而退	wget	1	4
无果而终	wgev	1	4
未果而终	wgev	2	4
温故而知新	wgex	1	4
晚高峰	wgf	1	3
误工费	wgf	2	3
外感风寒	wgfh	1	4
无根浮萍	wgfp	1	4
外感风热	wgfr	1	4
忘光光	wgg	1	3
武功高强	wggq	1	4
温哥华	wgh	2	3
无公害	wgh	3	3
外国货	wgh	4	3
王冠会掉	wghd	1	4
网关超时	wgiu	1	4
我刚吃完	wgiw	1	4
玩个锤子	wgiz	1	4
我感觉	wgj	1	3
我估计	wgj	2	3
腕关节	wgj	3	3
乌骨鸡	wgj	4	3
外国籍	wgj	5	3
无国籍	wgj	6	3
万公斤	wgj	7	3
我感觉到	wgjd	1	4
武功尽废	wgjf	1	4
违规记录	wgjl	1	4
我刚进来	wgjl	2	4
无骨鸡柳	wgjl	3	4
无骨鸡爪	wgjv	1	4
五官科	wgk	2	3
玩够了	wgl	1	3
万公里	wgl	2	3
外国佬	wgl	3	3
歪个楼	wgl	4	3
万古留芳	wglf	2	4
五谷轮回	wglh	1	4
万国来朝	wgli	1	4
无规律可循	wglx	1	4
问个明白	wgmb	1	4
武功秘籍	wgmj	1	4
外国媒体	wgmt	1	4
我跟你	wgn	1	3
我管你	wgn	2	3
我姑娘	wgn	3	3
亡国奴	wgn	4	3
我管你这那的	wgnd	1	4
违规昵称	wgni	1	4
我跟你讲	wgnj	1	4
我跟你急	wgnj	2	4
我跟你说	wgnu	1	4
我给你说	wgnu	2	4
外国朋友	wgpy	1	4
万公顷	wgq	1	3
问个清楚	wgqi	1	4
文革期间	wgqj	1	4
围观群众	wgqv	2	4
外国人	wgr	1	3
我个人	wgr	2	3
歪果仁	wgr	3	3
未感染	wgr	4	3
外国人才	wgrc	1	4
无关人等	wgrd	1	4
我国人民	wgrm	1	4
外国人少	wgru	1	4
我个人认为	wgrw	1	4
万古如长夜	wgry	2	4
我告诉	wgs	1	3
我告诉你	wgsn	1	4
我告诉他	wgst	1	4
我告诉她	wgst	2	4
我跟他急	wgtj	1	4
玩个痛快	wgtk	1	4
我刚躺下	wgtx	1	4
外国投资	wgtz	1	4
我敢说	wgu	1	3
握个手	wgu	2	3
外挂式	wgu	3	3
武功山	wgu	4	3
未改善	wgu	5	3
玩梗适度	wgud	1	4
弯弓射雕	wgud	2	4
我跟谁急	wguj	2	4
外国商人	wgur	1	4
罔顾事实	wguu	1	4
我刚睡醒	wgux	1	4
弯弓射月	wguy	1	4
伟光正	wgv	1	3
瓦岗寨	wgv	2	3
为官之道	wgvd	1	4
亡国之君	wgvj	2	4
无骨炸鸡	wgvj	3	4
亡国之器	wgvq	1	4
无根之水	wgvu	1	4
卫国战争	wgvv	1	4
无关政治	wgvv	2	4
乌龟王八	wgwb	1	4
乌龟王八蛋	wgwd	1	4
外国文化	wgwh	1	4
玩归玩，闹归闹	wgwn	1	4
外公外婆	wgwp	1	4
我过我的独木桥	wgwq	1	4
问个问题	wgwt	1	4
外国文学	wgwx	1	4
万古无长夜	wgwy	1	4
无关系	wgx	2	3
顽固性	wgx	3	3
外国小哥	wgxg	2	4
为国效力	wgxl	1	4
外国血统	wgxt	1	4
五个小时	wgxu	1	4
我刚想说	wgxu	2	4
违规行为	wgxw	1	4
五个月	wgy	1	3
我刚要	wgy	2	3
外国语	wgy	3	3
无硅油	wgy	4	3
为官一任造福一方	wgyf	1	4
外国游客	wgyk	1	4
无官一身轻	wgyq	1	4
外国友人	wgyr	2	4
外国语大学	wgyx	1	4
外国语学校	wgyx	2	4
外国语学院	wgyy	1	4
五个字	wgz	1	3
捂盖子	wgz	2	3
为工作	wgz	3	3
我该怎么办	wgzb	1	4
我该怎么	wgzm	1	4
外挂字幕	wgzm	2	4
外国作品	wgzp	1	4
违规作业	wgzy	1	4
为何	wh	2	2
文化	wh	3	2
无孩爱猫女	whan	1	4
文化部	whb	2	3
文化不高	whbg	2	4
威化饼干	whbg	3	4
武侯祠	whc	2	3
文化层	whc	3	3
万花丛中一点红	whch	1	4
文化大革命	whdm	3	4
玩会电脑	whdn	2	4
文化底蕴	whdy	1	4
玩会儿	whe	2	3
晚会儿	whe	3	3
为黑而黑	wheh	1	4
为何而来	whel	1	4
未婚夫	whf	1	3
往后翻	whf	2	3
乌黑发亮	whfl	1	4
违和感	whg	1	3
无花果	whg	2	3
文化馆	whg	3	3
文化宫	whg	4	3
文化广场	whgi	1	4
无后顾之忧	whgy	1	4
娃哈哈	whh	1	3
哇哈哈	whh	2	3
万户侯	whh	3	3
无害化	whh	4	3
外行话	whh	5	3
无核化	whh	6	3
文化环境	whhj	1	4
文化荒漠	whhm	1	4
我还差	whi	1	3
文化冲击	whij	1	4
我会出手	whiu	2	4
文化常识	whiu	3	4
文化产业	whiy	1	4
文化创造	whiz	1	4
问号键	whj	1	3
文化节	whj	2	3
王侯将相宁有种乎	whjh	1	4
误会解除	whji	3	4
危害健康	whjk	3	4
问候家人	whjr	1	4
文化课	whk	1	3
往回看	whk	2	3
外行看热闹	whkn	1	4
往火坑里推	whkt	1	4
文化考试	whku	2	4
我喝口水	whku	3	4
网红脸	whl	1	3
问号脸	whl	2	3
我好厉害	whlh	2	4
我很厉害	whlh	3	4
往好里说	whlu	2	4
文化绿洲	whlv	1	4
文火慢炖	whmd	1	4
我和你	whn	1	3
为何你如此优秀	whnx	1	4
我害怕	whp	2	3
温和派	whp	3	3
文化牌	whp	4	3
未婚妻	whq	2	3
文化圈	whq	3	3
外汇券	whq	4	3
五行缺	whq	5	3
雾化器	whq	6	3
万壑千岩	whqy	1	4
文化人	whr	1	3
五花肉	whr	2	3
外行人	whr	3	3
武汉人	whr	4	3
武魂融合技	whrj	3	4
文化认同	whrt	1	4
挽回损失	whsu	2	4
文化素养	whsy	3	4
往后退	wht	1	3
往后推	wht	2	3
万花筒	wht	3	3
我糊涂了	whtl	1	4
我还是	whu	2	3
文化衫	whu	3	3
文化输出	whui	3	4
五虎上将	whuj	1	4
文化沙漠	whum	1	4
危害生命	whum	2	4
维护世界和平	whup	2	4
我很生气	whuq	1	4
外汇收入	whur	1	4
维护者	whv	2	3
玩花招	whv	3	3
外行指导内行	whvh	1	4
万壑争流	whvl	3	4
武魂真身	whvu	2	4
文化战线	whvx	2	4
为何物	whw	2	3
维护完成	whwi	1	4
我和我的小伙伴们都惊呆了	whwl	1	4
未婚未育	whwy	2	4
我好像	whx	1	3
为核心	whx	2	3
危害性	whx	3	3
外环线	whx	4	3
我好想你	whxn	2	4
文化形式	whxu	1	4
我怀疑	why	1	3
玩花样	why	2	3
问候语	why	3	3
为害一方	whyf	1	4
往后余生	whyu	3	4
我还以为	whyw	1	4
挽回影响	whyx	1	4
我很愿意	whyy	1	4
往回走	whz	1	3
文化造纸	whzv	1	4
文化自信	whzx	1	4
完成	wi	1	2
维持	wi	2	2
无处安放	wiaf	1	4
无处安身	wiau	1	4
完成安装	wiav	1	4
无差别	wib	1	3
我差不多	wibd	1	4
无差别攻击	wibj	2	4
未尝不利	wibl	1	4
未尝不是	wibu	1	4
外出参观	wicg	1	4
无处藏身	wicu	1	4
无处存身	wicu	2	4
我差点	wid	1	3
我彻底	wid	2	3
胃肠道	wid	3	3
无处躲藏	widc	1	4
无处遁形	widx	1	4
围城打援	widy	1	4
吴承恩	wie	1	3
物产丰富	wiff	1	4
WiFi	wifi	1	4
忘川风华录	wifl	1	4
无偿服务	wifw	1	4
完成后	wih	1	3
无耻行径	wihj	1	4
完成合同	wiht	1	4
玩出花样	wihy	1	4
我查查	wii	1	3
维持长久	wiij	1	4
王传君	wij	1	3
维持局面	wijm	1	4
无产阶级专政	wijv	1	4
完成交易	wijy	1	4
外出考察	wiki	1	4
无处可去	wikq	1	4
无处可寻	wikx	1	4
无处可走	wikz	1	4
完成了	wil	1	3
完成率	wil	2	3
完成论文	wilw	1	4
无耻谰言	wily	1	4
无重码	wim	1	3
未成年	win	1	3
Windows	win	2	3
未成年人保护法	winf	1	4
未成年退款	wink	1	4
未成年人模式	winu	1	4
外弛内张	winv	1	4
维持平衡	wiph	1	4
围成圈	wiq	1	3
我承认	wir	1	3
我承认我有赌的成分	wirf	1	4
无处容身	wiru	1	4
无长途	wit	1	3
误闯天家	witj	1	4
未成熟	wiu	1	3
维持生活	wiuh	1	4
维持生计	wiuj	1	4
完成使命	wium	1	4
维持生命	wium	2	4
无偿使用	wiuy	1	4
望穿双眼	wiuy	2	4
维持着	wiv	1	3
无产者	wiv	2	3
万乘之国	wivg	1	4
无耻至极	wivj	1	4
维持秩序	wivx	1	4
闻出味道	wiwd	2	4
文臣武将	wiwj	1	4
无拆无修	wiwx	1	4
我超喜欢	wixh	1	4
维持现场	wixi	1	4
无耻下流	wixl	1	4
完成项目	wixm	1	4
无处寻觅	wixm	2	4
维持下去	wixq	1	4
无耻小人	wixr	1	4
无处下手	wixu	1	4
无耻行为	wixw	1	4
无偿献血	wixx	1	4
卧床休息	wixx	2	4
胃肠炎	wiy	1	3
未尝一败	wiyb	1	4
我差一点	wiyd	1	4
完成以后	wiyh	1	4
我超勇的好不好	wiyh	2	4
外出游历	wiyl	1	4
围成一圈	wiyq	1	4
维持原状	wiyv	1	4
无偿援助	wiyv	2	4
维持在	wiz	1	3
文件	wj	2	2
忘记	wj	3	2
我骄傲	wja	1	3
外交部	wjb	2	3
物价表	wjb	3	3
温家宝	wjb	4	3
维基百科	wjbk	1	4
无级变速	wjbs	1	4
我就蹭蹭	wjcc	1	4
未检测到	wjcd	1	4
危急存亡之秋	wjcq	1	4
我就蹭蹭不进去	wjcq	2	4
问及此事	wjcu	1	4
万军丛中	wjcv	2	4
我觉得	wjd	2	3
我记得	wjd	3	3
我决定	wjd	4	3
文件袋	wjd	5	3
无间道	wjd	6	3
玩具店	wjd	7	3
五金店	wjd	8	3
文具店	wjd	9	3
无尽的爱	wjda	2	4
我谨代表	wjdb	1	4
我将带队冲锋	wjdf	1	4
我将带头冲锋	wjdf	2	4
未接电话	wjdh	2	4
无甲大狙	wjdj	2	4
文件打开	wjdk	1	4
忘记打卡	wjdk	2	4
我惊呆了	wjdl	2	4
五金电器	wjdq	1	4
我觉得是	wjdu	1	4
文件大小	wjdx	1	4
无间地狱	wjdy	2	4
稳居第一	wjdy	3	4
维吉尔	wje	1	3
微积分	wjf	1	3
渭泾分明	wjfm	1	4
忘记烦恼	wjfn	1	4
文件发送	wjfs	1	4
握紧扶手	wjfu	2	4
物价飞涨	wjfv	1	4
危机感	wjg	2	3
外交官	wjg	3	3
文件柜	wjg	4	3
武警官兵	wjgb	1	4
文件规定	wjgd	1	4
危机公关	wjgg	1	4
文件管理	wjgl	1	4
无级滚轮	wjgl	2	4
忘记过去	wjgq	1	4
危急关头	wjgt	1	4
危机关头	wjgt	2	4
戊己庚辛	wjgx	2	4
文具盒	wjh	1	3
无计划	wjh	2	3
外交活动	wjhd	1	4
为基础	wji	2	3
玩具车	wji	3	3
五金厂	wji	4	3
妄加揣测	wjic	2	4
五金产品	wjip	1	4
文件传输	wjiu	3	4
文件传输助手	wjiu	4	4
文件夹	wjj	2	3
挖掘机	wjj	3	3
未解决	wjj	4	3
文件架	wjj	5	3
无奖竞猜	wjjc	1	4
五金加工	wjjg	1	4
外交解决	wjjj	1	4
文件加密	wjjm	2	4
外接键盘	wjjp	3	4
挖掘机技术哪家强	wjjq	2	4
微机课	wjk	1	3
王俊凯	wjk	2	3
网际快车	wjki	2	4
忘记了	wjl	2	3
王健林	wjl	3	3
无纪律	wjl	4	3
胃痉挛	wjl	5	3
我尽力了	wjll	1	4
伪记录片	wjlp	2	4
五脊六兽	wjlu	2	4
文件名	wjm	2	3
文件名称	wjmi	2	4
文件目录	wjml	1	4
忘记密码	wjmm	1	4
我舅姥爷	wjmy	1	4
违禁品	wjp	2	3
妄加评论	wjpl	1	4
未经批准	wjpv	2	4
物价平稳	wjpw	1	4
未经人事	wjru	2	4
外交人员	wjry	1	4
完结撒花	wjsh	1	4
未经思考	wjsk	1	4
五局三胜	wjsu	1	4
物及所需	wjsx	1	4
为己所用	wjsy	1	4
为己所有	wjsy	2	4
文件头	wjt	2	3
温经通络	wjtl	1	4
温经通脉	wjtm	1	4
未经同意	wjty	1	4
我就是	wju	1	3
万卷书	wju	2	3
微机室	wju	3	3
往届生	wju	4	3
外交使节	wjuj	2	4
外交事件	wjuj	3	4
危急时刻	wjuk	1	4
危及生命	wjum	1	4
我就说嘛	wjum	2	4
未经授权	wjuq	1	4
吾将上下而求索	wjus	1	4
外交使团	wjut	1	4
无尽深渊	wjuy	2	4
无甲沙鹰	wjuy	3	4
无节制	wjv	2	3
我就知道	wjvd	2	4
武警中队	wjvd	3	4
无脊椎动物	wjvw	1	4
温酒斩华雄	wjvx	1	4
我就只想	wjvx	2	4
卫健委	wjw	1	3
无机物	wjw	2	3
汪精卫	wjw	3	3
王家卫	wjw	4	3
文件尾	wjw	5	3
我竟无言以对	wjwd	1	4
无惊无险	wjwx	2	4
五角星	wjx	2	3
文件下发	wjxf	1	4
我就笑笑不说话	wjxh	1	4
违纪行为	wjxw	1	4
我就要	wjy	2	3
我建议	wjy	3	3
万金油	wjy	4	3
无机盐	wjy	5	3
外接圆	wjy	6	3
微机原理	wjyl	2	4
文具用品	wjyp	1	4
外界因素	wjys	2	4
危机意识	wjyv	1	4
未经允许	wjyx	1	4
我就在	wjz	2	3
伪君子	wjz	3	3
文件资料	wjzl	1	4
我可不	wkb	1	3
文科班	wkb	2	3
温控表	wkb	3	3
胃口不错	wkbc	1	4
胃口变大	wkbd	1	4
我可不敢	wkbg	1	4
我可不管	wkbg	2	4
唯恐避之不及	wkbj	3	4
我可不能	wkbn	2	4
唯快不破	wkbp	1	4
我可不想	wkbx	1	4
我可不信	wkbx	2	4
胃口不小	wkbx	3	4
胃口变小	wkbx	4	4
我可不要	wkby	1	4
碗口粗细	wkcx	1	4
顽抗到底	wkdd	1	4
胃口大开	wkdk	1	4
我看到了	wkdl	1	4
无可改变	wkgb	1	4
未开化	wkh	1	3
无可回避	wkhb	1	4
我开车	wki	1	3
无刻键帽	wkjm	1	4
我看看	wkk	1	3
哇咔咔	wkk	2	3
无可抗拒	wkkj	1	4
我看看怎么个事	wkku	1	4
乌克兰	wkl	1	3
我困了	wkl	2	3
我哭了	wkl	3	3
挽狂澜于既倒	wkld	1	4
我可能	wkn	1	3
我可能会	wknh	2	4
无可奈何花落去	wknq	1	4
吴克群	wkq	1	3
我哭死	wks	1	3
五棵松	wks	2	3
唯恐天下不乱	wktl	1	4
我可是	wku	1	3
文科生	wku	2	3
温开水	wku	3	3
文科数学	wkux	1	4
五口之家	wkvj	1	4
无可置疑原则	wkvz	2	4
我渴望	wkw	1	3
我看未必	wkwb	1	4
无愧我心	wkwx	1	4
我看行	wkx	1	3
我看悬	wkx	2	3
伪科学	wkx	3	3
我可以	wky	1	3
无愧于	wky	2	3
胃溃疡	wky	3	3
外科医生	wkyu	1	4
外科医师	wkyu	2	4
为了	wl	1	2
未来	wl	2	2
无论	wl	3	2
为了爱	wla	1	3
我来吧	wlb	1	3
忘了吧	wlb	2	3
网络版	wlb	3	3
外联部	wlb	4	3
网络不是法外之地	wlbd	1	4
物理变化	wlbh	2	4
网络暴力	wlbl	1	4
为了表明	wlbm	1	4
网恋奔现	wlbx	1	4
无利不起早	wlbz	2	4
五六次	wlc	1	3
乌拉草	wlc	2	3
网络测速	wlcs	1	4
我懒得	wld	1	3
窝里斗	wld	2	3
忘了带	wld	3	3
微粒贷	wld	4	3
蔚蓝档案	wlda	1	4
为了达到	wldd	1	4
为了得到	wldd	2	4
外来打工	wldg	1	4
为了大家	wldj	1	4
外来的和尚好念经	wldj	2	4
网络带宽	wldk	1	4
无论到哪	wldn	1	4
网络电视	wldu	1	4
晚礼服	wlf	1	3
窝里反	wlf	2	3
卧龙凤雏	wlfi	1	4
无力感	wlg	1	3
我嘞个	wlg	2	3
五六个	wlg	3	3
五连冠	wlg	4	3
我勒个擦	wlgc	1	4
我了个草	wlgc	2	4
我嘞个豆	wlgd	1	4
我勒个豆	wlgd	2	4
我勒个骚刚	wlgg	1	4
网络工程	wlgi	1	4
温良恭俭	wlgj	1	4
物理规律	wlgl	1	4
我嘞个去	wlgq	1	4
我勒个去	wlgq	2	4
我了个去	wlgq	3	4
网络歌曲	wlgq	4	4
五六个人	wlgr	1	4
温良恭俭让	wlgr	2	4
武林高手	wlgu	1	4
网络歌手	wlgu	2	4
网络共享	wlgx	1	4
五六个月	wlgy	1	4
屋漏更遭连夜雨	wlgy	2	4
为了工作	wlgz	1	4
外来户	wlh	1	3
窝里横	wlh	2	3
网络化	wlh	3	3
王力宏	wlh	4	3
无赖汉	wlh	5	3
外来货	wlh	6	3
无刘海	wlh	7	3
蔚蓝海岸	wlha	1	4
无论何地	wlhd	2	4
网络环境	wlhj	1	4
万两黄金	wlhj	2	4
外来和尚好念经	wlhj	3	4
网络黑客	wlhk	1	4
网络红人	wlhr	1	4
往来寒热	wlhr	2	4
无论何时	wlhu	1	4
万里河山	wlhu	2	4
为了好玩	wlhw	1	4
为了孩子	wlhz	1	4
无聊盒子	wlhz	2	4
乌龙茶	wli	1	3
万里长征第一步	wlib	1	4
物理超度	wlid	1	4
万里长空	wlik	1	4
王老吉	wlj	1	3
网络机顶盒	wljh	1	4
武力解决	wljj	2	4
为了健康	wljk	1	4
为了将来	wljl	1	4
为了加强	wljq	1	4
无脸见人	wljr	1	4
文理兼通	wljt	1	4
五连绝世	wlju	2	4
为了竞争	wljv	1	4
物理降温	wljw	1	4
网络教育	wljy	1	4
物理课	wlk	1	3
往来款	wlk	2	3
网络卡顿	wlkd	1	4
网络课程	wlki	1	4
无量空处	wlki	2	4
王力口乐	wlkl	1	4
未来可期	wlkq	1	4
无路可寻	wlkx	1	4
我来了	wll	1	3
我溜了	wll	2	3
我聋了	wll	3	3
万里路	wll	4	3
乌溜溜	wll	5	3
网络连接	wllj	1	4
网络流量	wlll	1	4
未来两年	wlln	1	4
网络聊天	wllt	2	4
网络论坛	wllt	3	4
瓦罗兰特	wllt	4	4
物理老师	wllu	1	4
网络连接无响应	wlly	1	4
网络连接未响应	wlly	2	4
完了吗	wlm	1	3
无理码	wlm	2	3
问了没啊	wlma	1	4
无脸面对	wlmd	1	4
为了明天	wlmt	1	4
无良媒体	wlmt	2	4
为了谋生	wlmu	1	4
问了没有	wlmy	1	4
为了你	wln	1	3
为了能	wln	2	3
为了能够	wlng	1	4
为了你好	wlnh	1	4
为了你们	wlnm	1	4
外冷内热	wlnr	1	4
伪劣品	wlp	1	3
网络平台	wlpt	1	4
屋漏偏逢连夜雨	wlpy	1	4
网络喷子	wlpz	1	4
乌龙球	wlq	1	3
五六七	wlq	2	3
网络乞丐	wlqg	1	4
万里晴空	wlqk	1	4
外来侵略	wlql	1	4
位列其中	wlqv	1	4
为了让	wlr	1	3
外来人	wlr	2	3
屋里人	wlr	3	3
网络热词	wlrc	1	4
网络人才	wlrc	2	4
蔚蓝色	wls	1	3
五六岁	wls	2	3
威令四方	wlsf	1	4
无聊死了	wlsl	1	4
为了他	wlt	1	3
为了她	wlt	2	3
为了它	wlt	3	3
无厘头	wlt	4	3
无力吐槽	wltc	1	4
无聊透顶	wltd	1	4
蔚蓝天空	wltk	1	4
为了他们	wltm	1	4
乌兰托娅	wlty	2	4
无量天尊	wltz	1	4
无论是	wlu	1	3
无论谁	wlu	2	3
五六十	wlu	3	3
无理数	wlu	4	3
为了生存	wluc	1	4
无论是从	wluc	2	4
网络时代	wlud	1	4
网络生活	wluh	1	4
物理伤害	wluh	2	4
未来世界	wluj	1	4
无良商家	wluj	2	4
为了胜利	wlul	1	4
网络实名	wlum	1	4
网络神曲	wluq	1	4
网络适配器	wluq	2	4
未来收入	wlur	1	4
五六十岁	wlus	1	4
无论是谁	wluu	1	4
为了实现	wlux	1	4
物理实验	wluy	1	4
外来者	wlv	1	3
违令者	wlv	2	3
挽留住	wlv	3	3
瓦楞纸	wlv	4	3
无立锥之地	wlvd	1	4
网络终端	wlvd	2	4
物理诊断	wlvd	3	4
网络支付	wlvf	1	4
无力支付	wlvf	2	4
为了这个	wlvg	1	4
往来账户	wlvh	1	4
无聊至极	wlvj	1	4
无聊之极	wlvj	2	4
未来之路	wlvl	1	4
为了争取胜利	wlvl	2	4
往来账目	wlvm	1	4
我来助你	wlvn	1	4
网络诈骗	wlvp	1	4
为了争取	wlvq	1	4
为了这一切	wlvq	2	4
我老丈人	wlvr	1	4
网络知识	wlvu	1	4
万里长征	wlvv	1	4
未来之星	wlvx	1	4
网络中心	wlvx	2	4
万里之遥	wlvy	2	4
望了望	wlw	1	3
闻了闻	wlw	2	3
握了握	wlw	3	3
问了问	wlw	4	3
物联网	wlw	5	3
王老五	wlw	6	3
无例外	wlw	7	3
往来无白丁	wlwd	1	4
诬良为盗	wlwd	2	4
外来务工	wlwg	1	4
物理外挂	wlwg	2	4
网络维护	wlwh	1	4
为了我自己	wlwj	2	4
威利旺卡	wlwk	1	4
哇凉哇凉	wlwl	1	4
为了我们	wlwm	1	4
威力无穷	wlwq	1	4
武林外传	wlwv	1	4
威力无限	wlwx	2	4
物理学	wlx	1	3
位列仙班	wlxb	1	4
为了幸福	wlxf	1	4
物理效果	wlxg	2	4
物理学不存在了	wlxl	1	4
网络系统	wlxt	1	4
网络小说	wlxu	3	4
物理现象	wlxx	1	4
物流信息	wlxx	2	4
我乐意	wly	1	3
无理由	wly	2	3
五粮液	wly	3	3
万灵药	wly	4	3
外来语	wly	5	3
晚了一步	wlyb	1	4
晚来一步	wlyb	2	4
物理意义上的	wlyd	1	4
为了一个	wlyg	1	4
为了以后	wlyh	1	4
围炉夜话	wlyh	2	4
网络延迟	wlyi	1	4
网络异常	wlyi	2	4
问了一句	wlyj	1	4
网络硬盘	wlyp	1	4
无理要求	wlyq	1	4
物理引擎	wlyq	2	4
武林夜市	wlyu	1	4
问了一下	wlyx	2	4
望了一眼	wlyy	1	4
物理意义	wlyy	2	4
网络用语	wlyy	3	4
无论在	wlz	1	3
瓦楞子	wlz	2	3
为了做到	wlzd	1	4
为了做好	wlzh	1	4
为了自己	wlzj	1	4
无论怎么	wlzm	1	4
未来走向	wlzx	1	4
涡轮增压	wlzy	2	4
我们	wm	1	2
外面	wm	2	2
完美	wm	3	2
我明白	wmb	1	3
为目标	wmb	2	3
我们班	wmb	3	3
外贸部	wmb	4	3
顽冥不化	wmbh	1	4
微妙变化	wmbh	2	4
完美闭环	wmbh	3	4
我们不能	wmbn	1	4
万码奔腾	wmbt	2	4
我们不是	wmbu	1	4
我们必须	wmbx	1	4
我们不要	wmby	1	4
我们不约	wmby	2	4
我们才能	wmcn	1	4
我们的	wmd	1	3
我们都	wmd	2	3
为目的	wmd	3	3
无目的	wmd	4	3
吴孟达	wmd	5	3
五毛党	wmd	6	3
我们的爱	wmda	1	4
无目的地	wmdd	1	4
我们都知道	wmdd	2	4
我们都会	wmdh	1	4
五码定长	wmdi	1	4
我们大家	wmdj	1	4
外面的世界	wmdj	2	4
外卖到了	wmdl	1	4
妩媚动人	wmdr	1	4
我们当然	wmdr	2	4
我们都是	wmdu	1	4
我们当中	wmdv	1	4
我们单位	wmdw	2	4
我们都要	wmdy	1	4
我们对于	wmdy	2	4
为民服务	wmfw	1	4
我们发现	wmfx	1	4
外蒙古	wmg	1	3
完美告白	wmgb	1	4
文明观猴	wmgh	1	4
卫冕冠军	wmgj	2	4
文明观球	wmgq	1	4
外贸公司	wmgs	1	4
文明观赛	wmgs	2	4
万码归一	wmgy	1	4
我们会	wmh	1	3
无名火	wmh	2	3
威名赫赫	wmhh	1	4
无名火起	wmhq	1	4
文明和谐	wmhx	1	4
我们还要	wmhy	1	4
文明乘车	wmii	1	4
文明城市	wmiu	1	4
我们就	wmj	1	3
我们家	wmj	2	3
我们将	wmj	3	3
万美金	wmj	4	3
我们几个	wmjg	1	4
我们就会	wmjh	1	4
我们将会	wmjh	2	4
我们经常	wmji	1	4
完美结局	wmjj	1	4
完美解决	wmjj	2	4
我们今天	wmjt	1	4
我们就是	wmju	1	4
我们就说	wmju	2	4
我们将要	wmjy	1	4
我们就要	wmjy	2	4
玩命加载	wmjz	1	4
我们看	wmk	1	3
无门槛	wmk	2	3
无密可保	wmkb	1	4
我们看到	wmkd	1	4
完美开局	wmkj	1	4
我们可能	wmkn	1	4
我们开始	wmku	1	4
我们可是	wmku	2	4
我们可以	wmky	1	4
我们俩	wml	1	3
唯名论	wml	2	3
我们两个	wmlg	1	4
我们联合	wmlh	1	4
无码流出	wmli	1	4
我迷路了	wmll	1	4
万亩良田	wmlt	1	4
我们老师	wmlu	1	4
未命名	wmm	1	3
雾蒙蒙	wmm	2	3
雾茫茫	wmm	3	3
我们没有	wmmy	1	4
我们能	wmn	1	3
武媚娘	wmn	2	3
我们能够	wmng	1	4
我们那个	wmng	2	4
外贸逆差	wmni	1	4
王母娘娘	wmnn	1	4
文明你我他	wmnt	1	4
无名女尸	wmnu	1	4
无名男尸	wmnu	2	4
我们能赢	wmny	1	4
雾面屏	wmp	1	3
完美平台	wmpt	1	4
闻名全国	wmqg	1	4
闻名全球	wmqq	1	4
寤寐求之	wmqv	1	4
文明人	wmr	1	3
我们如果	wmrg	1	4
我们仍然	wmrr	1	4
我们仨	wms	1	3
亡命徒	wmt	1	3
伪命题	wmt	2	3
我没听错吧	wmtb	1	4
我没听错	wmtc	1	4
文墨天机	wmtj	1	4
万民同乐	wmtl	1	4
外面天气	wmtq	1	4
闻名天下	wmtx	1	4
五毛特效	wmtx	2	4
我们同样	wmty	2	4
我们是	wmu	1	3
我没事	wmu	2	3
我马上	wmu	3	3
我们说	wmu	4	3
无名氏	wmu	5	3
无名鼠辈	wmub	1	4
完美闪避	wmub	2	4
我没说过	wmug	1	4
完美收官	wmug	2	4
文明生产	wmui	1	4
闻名世界	wmuj	1	4
完美世界	wmuj	2	4
我们是冠军	wmuj	3	4
完美时刻	wmuk	1	4
我们这	wmv	1	3
无名指	wmv	2	3
我们知道	wmvd	1	4
我们这儿	wmve	1	4
文明执法	wmvf	1	4
我们中国	wmvg	2	4
微妙之处	wmvi	2	4
我们之间	wmvj	1	4
我们终将	wmvj	2	4
我们这里	wmvl	1	4
我们只能	wmvn	1	4
我们只是	wmvu	1	4
我们之中	wmvv	1	4
我们这种	wmvv	2	4
完美主义者	wmvv	3	4
我们这些	wmvx	1	4
位面之子	wmvz	1	4
完没完	wmw	1	3
王码五笔	wmwb	1	4
无名无份	wmwf	1	4
玩没玩过	wmwg	1	4
无门无派	wmwp	1	4
我没问题	wmwt	1	4
我没想到	wmxd	2	4
外卖小哥	wmxg	1	4
完美谢幕	wmxm	1	4
我们需要	wmxy	1	4
我们现在	wmxz	2	4
我没有	wmy	1	3
我们要	wmy	2	3
我们也	wmy	3	3
我们有	wmy	4	3
外卖员	wmy	5	3
万美元	wmy	6	3
无漫游	wmy	7	3
威名远播	wmyb	1	4
我们一定	wmyd	1	4
我们也会	wmyh	1	4
无明业火	wmyh	2	4
我们已经	wmyj	1	4
我没意见	wmyj	2	4
我们一起	wmyq	1	4
我命由我不由天	wmyt	1	4
我们一直	wmyv	1	4
我们以为	wmyw	1	4
我们也许	wmyx	2	4
文明用语	wmyy	1	4
我们意念合一	wmyy	2	4
我们在	wmz	1	3
为母则刚	wmzg	1	4
我们自己	wmzj	1	4
我们总是	wmzu	1	4
为民做主	wmzv	1	4
我能	wn	1	2
温暖	wn	2	2
无奈	wn	3	2
为哪般	wnb	1	3
万能表	wnb	2	3
万年不变	wnbb	1	4
往年不同	wnbt	1	4
为你等待	wndd	1	4
未能得逞	wndi	1	4
问牛答马	wndm	1	4
我女儿	wne	1	3
为你而来	wnel	1	4
往哪儿跑	wnep	1	4
窝囊废	wnf	1	3
无奈放弃	wnfq	1	4
为您服务	wnfw	1	4
往哪搁	wng	1	3
无内鬼	wng	2	3
五年高考	wngk	1	4
五年高考三年模拟	wngn	1	4
万能充	wni	1	3
吴牛喘月	wniy	1	4
忘年交	wnj	1	3
五年级	wnj	2	3
万能胶	wnj	3	3
万能键	wnj	4	3
为你骄傲	wnja	1	4
五内俱崩	wnjb	1	4
万念俱寂	wnjj	1	4
无能狂怒	wnkn	1	4
五年来	wnl	1	3
万年历	wnl	2	3
五年老兵	wnlb	1	4
万年灵芝	wnlv	1	4
为你们	wnm	1	3
王尼玛	wnm	2	3
胃黏膜	wnm	3	3
未能满足	wnmz	1	4
玩弄女性	wnnx	1	4
五年前	wnq	1	3
窝囊气	wnq	2	3
万年青	wnq	3	3
玩弄权术	wnqu	1	4
畏难情绪	wnqx	1	4
威尼斯	wns	1	3
维纳斯	wns	2	3
维纳斯的断臂	wnsb	1	4
我能说	wnu	1	3
无难事	wnu	2	3
无脑输出	wnui	1	4
五年制	wnv	1	3
无奈之举	wnvj	2	4
五年中考三年模拟	wnvn	1	4
无奈之下	wnvx	1	4
为你着想	wnvx	2	4
未能完成	wnwi	1	4
舞弄文墨	wnwm	1	4
万能险	wnx	1	3
往年相比	wnxb	1	4
未能幸免	wnxm	1	4
万宁象棋	wnxq	1	4
无奈选择	wnxz	1	4
万能钥匙	wnyi	1	4
玩弄于股掌之间	wnyj	1	4
万能遥控	wnyk	1	4
万能钥匙	wnyu	1	4
玩弄于股掌之中	wnyv	1	4
为你自豪	wnzh	1	4
万念杂陈	wnzi	1	4
唯女子与小人难养也	wnzy	1	4
臣卜木曹	wocc	1	4
玩偶姐姐	wojj	1	4
Word	word	1	4
物品	wp	1	2
王牌部队	wpbd	1	4
我跑到	wpd	1	3
王牌对王牌	wpdp	1	4
万平方米	wpfm	1	4
唯品会	wph	1	3
乌篷船	wpi	1	3
王牌机师	wpju	1	4
网盘拉新	wplx	1	4
宛平南路	wpnl	1	4
卧铺票	wpp	1	3
我盼望	wpw	1	3
五皮饮	wpy	1	3
为朋友两肋插刀	wpyd	1	4
完全	wq	1	2
武器	wq	2	2
委屈	wq	3	2
完全按照	wqav	1	4
万顷碧波	wqbb	2	4
完全不知道	wqbd	1	4
完全不符	wqbf	1	4
完全不顾	wqbg	1	4
完全不会	wqbh	1	4
完全不能	wqbn	1	4
完全不可能	wqbn	2	4
无巧不巧	wqbq	2	4
完全不是人	wqbr	1	4
万泉部诗人	wqbr	2	4
完全不同	wqbt	1	4
完全不是	wqbu	1	4
无巧不成书	wqbu	2	4
完全不像	wqbx	1	4
完全错误	wqcw	1	4
我确定	wqd	1	3
无穷大	wqd	2	3
未确定	wqd	3	3
万全的准备	wqdb	1	4
完全达到	wqdd	1	4
无情打击	wqdj	1	4
亡妻斗罗	wqdl	1	4
武器大师	wqdu	1	4
武器弹药	wqdy	1	4
往前飞	wqf	1	3
王权富贵	wqfg	1	4
完全符合	wqfh	1	4
完全放心	wqfx	1	4
外企公司	wqgs	1	4
外戚干政	wqgv	1	4
往期回顾	wqhg	1	4
无情哈拉少	wqhu	1	4
往前冲	wqi	1	3
问清楚	wqi	2	3
网球场	wqi	3	3
完全彻底	wqid	1	4
无情嘲讽	wqif	1	4
完全成为	wqiw	1	4
挖墙脚	wqj	1	3
无穷尽	wqj	2	3
完全就是	wqju	2	4
往前开	wqk	1	3
武器库	wqk	2	3
我去看看	wqkk	1	4
完全可以	wqky	1	4
吴奇隆	wql	1	3
五亲六眷	wqlj	1	4
为期两年	wqln	1	4
无穷乐趣	wqlq	1	4
万顷良田	wqlt	1	4
歪曲历史	wqlu	1	4
雾气笼罩	wqlv	1	4
往前面	wqm	1	3
伪球迷	wqm	2	3
完全免费	wqmf	1	4
乌漆嘛黑	wqmh	1	4
乌漆抹黑	wqmh	2	4
围裙妈妈	wqmm	2	4
完全没有	wqmy	1	4
完全满足	wqmz	1	4
五千年	wqn	1	3
完全能	wqn	2	3
我去你的	wqnd	1	4
完全能够	wqng	1	4
五千年来	wqnl	1	4
我去你妈	wqnm	1	4
我劝你们	wqnm	2	4
我去你妹	wqnm	3	4
无情殴打	wqod	1	4
往前跑	wqp	1	3
无球跑动	wqpd	1	4
完全平方	wqpf	1	4
尾气排放	wqpf	2	4
网球赛	wqs	1	3
为情所伤	wqsu	1	4
为前提	wqt	1	3
无情铁手	wqtu	1	4
完全统一	wqty	2	4
完全是	wqu	1	3
忘情水	wqu	2	3
歪七竖八	wqub	1	4
完全胜利	wqul	1	4
我去睡了	wqul	2	4
围棋少年	wqun	1	4
胃气上逆	wqun	2	4
完全是因为	wquw	1	4
务求实效	wqux	1	4
完全照搬	wqvb	2	4
完全知道	wqvd	1	4
无缺完好	wqwh	1	4
完全忘记	wqwj	2	4
我请问了	wqwl	1	4
无气无力	wqwl	2	4
完全忘了	wqwl	3	4
我请问呢	wqwn	1	4
我且问你	wqwn	2	4
网球王子	wqwz	1	4
文曲星	wqx	1	3
五禽戏	wqx	2	3
无穷小	wqx	3	3
无期限	wqx	4	3
外倾性	wqx	5	3
完全相反	wqxf	1	4
文曲星下凡	wqxf	2	4
完全信任	wqxr	1	4
完全相同	wqxt	1	4
完全消失	wqxu	1	4
完全相信	wqxx	2	4
完全响应	wqxy	1	4
温泉浴	wqy	1	3
无球掩护	wqyh	1	4
为期一年	wqyn	1	4
我妻由乃	wqyn	2	4
完全一致	wqyv	1	4
卫气营血	wqyx	1	4
完全一样	wqyy	1	4
往前走	wqz	1	3
吴桥杂技	wqzj	1	4
挖潜增效	wqzx	1	4
围绕	wr	1	2
温柔	wr	2	2
无肉不欢	wrbh	1	4
为人不善	wrbu	1	4
无人不知无人不晓	wrbx	2	4
万人次	wrc	1	3
稳如CD	wrcd	1	4
万人敌	wrd	1	3
温柔大方	wrdf	1	4
为人父	wrf	1	3
为人夫	wrf	2	3
无人反对	wrfd	1	4
无人飞机	wrfj	1	4
无人防守	wrfu	1	4
为人方正	wrfv	1	4
污染防治	wrfv	2	4
稳如狗	wrg	1	3
污染工业	wrgy	1	4
无任何	wrh	1	3
为人厚道	wrhd	1	4
无人回答	wrhd	2	4
万人合唱	wrhi	1	4
无任何时	wrhu	1	4
为人称道	wrid	1	4
污染程度	wrid	2	4
污染处理	wril	1	4
无人机	wrj	1	3
无人监管	wrjg	1	4
温热经纬	wrjw	1	4
五日均线	wrjx	1	4
温柔可爱	wrka	1	4
无人可比	wrkb	1	4
无人可挡	wrkd	1	4
无人可敌	wrkd	2	4
为人开朗	wrkl	1	4
污染空气	wrkq	1	4
无人看守	wrku	1	4
无人可用	wrky	1	4
我认了	wrl	1	3
无人理睬	wrlc	1	4
污染浪费	wrlf	1	4
稳如老狗	wrlg	1	4
无人理会	wrlh	1	4
万人迷	wrm	1	3
为人民	wrm	2	3
为人母	wrm	3	3
万人民币	wrmb	1	4
温柔美丽	wrml	1	4
我人麻了	wrml	2	4
我人没了	wrml	3	4
为人民服务	wrmw	1	4
无人能挡	wrnd	2	4
我日你妈	wrnm	1	4
我日你妹	wrnm	2	4
我日你娘	wrnn	1	4
我日你奶奶	wrnn	2	4
无人能出其右	wrny	1	4
我日你爷爷	wrny	2	4
无人匹敌	wrpd	1	4
污染排放	wrpf	1	4
温柔漂亮	wrpl	1	4
微软拼音	wrpy	1	4
无人区	wrq	1	3
为人妻	wrq	2	3
万人骑	wrq	3	3
万人群	wrq	4	3
污染区	wrq	5	3
污染情况	wrqk	1	4
外人前面	wrqm	1	4
往日荣光	wrrg	1	4
无任如何	wrrh	1	4
温柔如水	wrru	2	4
温润如玉	wrry	1	4
为人所不齿	wrsi	1	4
文人骚客	wrsk	1	4
吾日三省吾身	wrsu	1	4
温柔似水	wrsu	2	4
吾日三省	wrsx	1	4
无人替代	wrtd	1	4
宛若天成	wrti	1	4
污染调查	wrti	2	4
温柔甜美	wrtm	1	4
温柔体贴	wrtt	1	4
我认识	wru	1	3
为人师	wru	2	3
委任书	wru	3	3
无容身之地	wrud	1	4
污染事故	wrug	1	4
无人生还	wruh	1	4
污染事件	wruj	1	4
无人深空	wruk	1	4
我人傻了	wrul	1	4
我认输了	wrul	2	4
无人售票	wrup	1	4
污染生态	wrut	1	4
为人熟知	wruv	1	4
为人说项	wrux	1	4
围绕着	wrv	1	3
委任状	wrv	2	3
无人值班	wrvb	1	4
无人直播	wrvb	2	4
无人知道	wrvd	2	4
为人忠厚	wrvh	1	4
污染状况	wrvk	1	4
污染治理	wrvl	1	4
危如朝露	wrvl	2	4
万人瞩目	wrvm	1	4
为人正派	wrvp	1	4
无人值守	wrvu	2	4
侮辱智商	wrvu	3	4
为人着想	wrvx	2	4
我认为	wrw	1	3
误认为	wrw	2	3
污染物	wrw	3	3
无人问	wrw	4	3
微软五笔	wrwb	1	4
污染问题	wrwt	1	4
往日无怨	wrwy	2	4
温柔乡	wrx	1	3
无人性	wrx	2	3
污染项目	wrxm	1	4
温柔细腻	wrxn	1	4
污染源	wry	1	3
五日游	wry	2	3
五仁月饼	wryb	1	4
微软雅黑	wryh	1	4
文人雅士	wryu	1	4
微弱优势	wryu	2	4
无人在意	wrzy	1	4
无所	ws	1	2
无所不	wsb	1	3
文丝不动	wsbd	2	4
无所不用其极	wsbj	3	4
王思聪	wsc	1	3
钨丝灯	wsd	1	3
武松打虎	wsdh	1	4
猥琐大叔	wsdu	1	4
无所屌谓	wsdw	1	4
无丝分裂	wsfl	1	4
无私分享	wsfx	2	4
猥琐发育	wsfy	1	4
无所挂碍	wsga	1	4
我思故我在	wsgz	2	4
无死角	wsj	1	3
无所忌讳	wsjh	1	4
无所愧疚	wskj	1	4
往死里	wsl	1	3
往死里打	wsld	1	4
往死里干	wslg	1	4
往死里搞	wslg	2	4
往死里弄	wsln	2	4
往死里整	wslv	1	4
为什么	wsm	1	3
为什么不	wsmb	1	4
我什么都会做的	wsmd	1	4
文思敏捷	wsmj	1	4
为什么呢	wsmn	1	4
为什么不能	wsmn	2	4
我送你	wsn	1	3
外孙女	wsn	2	3
猥琐男	wsn	3	3
我扫你	wsn	4	3
雾淞拼音	wspy	1	4
无所牵挂	wsqg	1	4
五四青年节	wsqj	1	4
万岁千秋	wsqq	1	4
文思泉涌	wsqy	1	4
文思如泉涌	wsry	1	4
五四三二一	wssy	1	4
无所他求	wstq	1	4
无丝竹之乱耳	wsve	1	4
无所谓	wsw	1	3
无所谓了	wswl	2	4
物色物色	wsws	1	4
万岁爷	wsy	1	3
无损于	wsy	2	3
无所依傍	wsyb	2	4
五四以来	wsyl	1	4
无损音乐	wsyl	2	4
无损压缩	wsys	1	4
万死一生	wsyu	1	4
无私援助	wsyv	1	4
无损音质	wsyv	2	4
我所欲也	wsyy	1	4
外孙子	wsz	1	3
问题	wt	1	2
舞台	wt	2	2
物体	wt	3	2
无头案	wta	1	3
乌托邦	wtb	1	3
问题不大	wtbd	1	4
无头苍蝇	wtcy	1	4
问题答案	wtda	1	4
问题的关键	wtdj	1	4
问题的关键是	wtdu	1	4
问题导向	wtdx	1	4
问题的关键在于	wtdy	1	4
委托方	wtf	1	3
沃特法克	wtfk	1	4
无痛分娩	wtfm	1	4
勿谈国事	wtgu	1	4
问题根源	wtgy	1	4
卧谈会	wth	1	3
委托函	wth	2	3
文体活动	wthd	1	4
吴涛鸿儒	wthr	1	4
无套轰入	wthr	2	4
问题还是	wthu	1	4
问题何在	wthz	1	4
味太冲	wti	1	3
无套抽插	wtii	1	4
问题产品	wtip	1	4
问题产生	wtiu	1	4
问题出现	wtix	1	4
问题出在	wtiz	1	4
无条件	wtj	1	3
舞台剧	wtj	2	3
挖土机	wtj	3	3
问题解答	wtjd	1	4
问题解决	wtjj	1	4
外太空	wtk	1	3
文体两开花	wtlh	1	4
问题来了	wtll	1	4
委托律师	wtlu	1	4
我他妈	wtm	1	3
维他命	wtm	2	3
委托买卖	wtmm	1	4
问题描述	wtmu	1	4
外台秘要	wtmy	1	4
无套内射	wtnu	1	4
无头女尸	wtnu	2	4
无头男尸	wtnu	3	4
为突破口	wtpk	1	4
稳妥起见	wtqj	1	4
无头骑士	wtqu	1	4
委托人	wtr	1	3
无痛人流	wtrl	1	4
问题人物	wtrw	1	4
为他人着想	wtrx	1	4
我突然释怀地笑	wtrx	2	4
为他人做嫁衣	wtry	1	4
为他人作嫁衣	wtry	2	4
问题所在	wtsz	1	4
稳妥推进	wttj	1	4
问题讨论	wttl	1	4
问题探讨	wttt	1	4
委托投资	wttz	1	4
我听说	wtu	1	3
问题是	wtu	2	3
舞台上	wtu	3	3
问题上	wtu	4	3
梧桐树	wtu	5	3
五台山	wtu	6	3
委托书	wtu	7	3
歪头杀	wtu	8	3
委托手续	wtux	1	4
卧榻之侧	wtvc	1	4
无套中出	wtvi	1	4
卧榻之旁	wtvp	1	4
卧榻之上	wtvu	1	4
畏头畏尾	wtww	2	4
无图无真相	wtwx	2	4
我挺想	wtx	1	3
文天祥	wtx	2	3
为天下先	wtxx	1	4
我同意	wty	1	3
我讨厌	wty	2	3
无图言屌	wtyd	1	4
无图言吊	wtyd	2	4
为统一起见	wtyj	1	4
舞台艺术	wtyu	1	4
我同意这门婚事	wtyu	2	4
问题意识	wtyv	1	4
问题严重	wtyv	2	4
无数	wu	2	2
晚上	wu	3	2
无数遍	wub	2	3
卫生部	wub	3	3
五十步笑百步	wubb	1	4
无事不登三宝殿	wubd	4	4
无事不起卦	wubg	3	4
我说不好	wubh	2	4
无商不奸	wubj	2	4
往事不堪	wubk	4	4
万事不求人	wubr	1	4
卫生标准	wubv	1	4
我是不想	wubx	1	4
无数次	wuc	2	3
武士道	wud	2	3
武术队	wud	3	3
温湿度	wud	4	3
文身断发	wudf	1	4
网上代购	wudg	4	4
外甥打灯笼	wudl	1	4
顽石点头	wudt	2	4
五十而知天命	wuem	1	4
五十分	wuf	2	3
武术服	wuf	3	3
无说服力	wufl	1	4
无事发生	wufu	3	4
无视风险安装	wufv	1	4
无视风险	wufx	1	4
无数个	wug	2	3
网上购买	wugm	1	4
务实高效	wugx	1	4
晚上好	wuh	2	3
问事处	wui	2	3
五十出头	wuit	1	4
万圣节	wuj	2	3
卫生间	wuj	3	3
玩手机	wuj	4	3
威士忌	wuj	5	3
卫生巾	wuj	6	3
卫生局	wuj	7	3
五十几	wuj	8	3
未删减版	wujb	4	4
万事俱备，只欠东风	wujf	1	4
污水净化	wujh	1	4
万事皆空	wujk	3	4
问世间情为何物	wujw	1	4
网上交易	wujy	2	4
卫食健字	wujz	1	4
万事开头难	wukn	1	4
往伤口撒盐	wuky	2	4
无事可做	wukz	2	4
威慑力	wul	2	3
我输了	wul	3	3
无神论	wul	4	3
五十铃	wul	5	3
威摄力	wul	6	3
我是雷锋	wulf	2	4
网上聊天	wult	2	4
五十六个民族	wulz	2	4
为什么	wum	2	3
五十米	wum	3	3
乌纱帽	wum	4	3
卫生棉	wum	5	3
未说明	wum	6	3
卫生棉条	wumt	1	4
无上美味	wumw	4	4
外甥女	wun	2	3
五十年	wun	3	3
五十年代	wund	2	4
五十年前	wunq	1	4
往上爬	wup	2	3
污水排放	wupf	1	4
望山跑死马	wupm	1	4
卫生球	wuq	2	3
温室气体	wuqt	2	4
无数人	wur	2	3
外省人	wur	3	3
往事如梦	wurm	1	4
往事如烟	wury	2	4
维生素	wus	2	3
五十岁	wus	3	3
卫生所	wus	4	3
往事随风	wusf	1	4
未上锁的房间	wusj	2	4
午时三刻	wusk	1	4
无伤速通	wust	1	4
万事通	wut	2	3
无事退朝	wuti	3	4
网上投诉	wuts	4	4
我说停停	wutt	2	4
无绳跳绳	wutu	3	4
为时太晚	wutw	1	4
外设天下	wutx	1	4
我是说	wuu	2	3
我是谁	wuu	3	3
我试试	wuu	4	3
外省市	wuu	5	3
网上书店	wuud	1	4
唯手熟尔	wuue	3	4
无手射精	wuuj	3	4
万事胜意	wuuy	1	4
万事顺意	wuuy	2	4
无数种	wuv	1	3
卫生纸	wuv	2	3
武术指导	wuvd	2	4
完善制度	wuvd	3	4
五十知天命	wuvm	1	4
五十周年	wuvn	1	4
万兽之王	wuvw	1	4
温水煮青蛙	wuvw	2	4
五十万	wuw	2	3
微生物	wuw	3	3
魏蜀吴	wuw	4	3
晚睡晚起	wuwq	2	4
雾山五行	wuwx	3	4
卫生委员	wuwy	2	4
无实物表演	wuwy	3	4
无时无刻不在	wuwz	1	4
我是想	wux	2	3
为实现	wux	3	3
无事献殷勤，非奸即盗	wuxd	1	4
无事献殷勤	wuxq	3	4
委身现状	wuxv	1	4
温声细语	wuxy	3	4
卫生院	wuy	2	3
无水印	wuy	3	3
午时已到	wuyd	1	4
我是一个	wuyg	1	4
吾谁与归	wuyg	2	4
晚上有空	wuyk	2	4
无事一身轻	wuyq	1	4
我试一下	wuyx	1	4
往事已矣	wuyy	5	4
我上早八	wuzb	1	4
位置	wv	1	2
完整	wv	2	2
望着	wv	3	2
无障碍	wva	1	3
无障碍通道	wvad	1	4
无障碍交流	wval	1	4
我这边	wvb	1	3
我准备	wvb	2	3
完整版	wvb	3	3
武装部	wvb	4	3
文章本天成	wvbi	1	4
为知笔记	wvbj	2	4
王之宝库	wvbk	1	4
稳赚不赔	wvbp	1	4
危重病人	wvbr	1	4
物质保障	wvbv	1	4
文章本天成，妙手偶得之	wvbv	2	4
我这辈子	wvbz	1	4
物质层面	wvcm	1	4
为之侧目	wvcm	2	4
违章操作	wvcz	1	4
我知道	wvd	1	3
为重点	wvd	2	3
物主代词	wvdc	1	4
稳重大方	wvdf	1	4
武装到牙齿	wvdi	1	4
我找到了	wvdl	2	4
物质的量	wvdl	3	4
外置大脑	wvdn	1	4
物质代谢	wvdx	1	4
为之动心	wvdx	2	4
物质待遇	wvdy	1	4
捂着肚子	wvdz	1	4
无政府	wvf	1	3
伪政府	wvf	2	3
我祝福	wvf	3	3
为之奋斗	wvfd	1	4
王者风范	wvff	1	4
误中副车	wvfi	1	4
违者罚款	wvfk	1	4
违章罚款	wvfk	2	4
万种风情	wvfq	1	4
无政府状态	wvft	1	4
无政府主义	wvfy	1	4
武装分子	wvfz	1	4
我这个	wvg	1	3
我真搞不懂	wvgd	1	4
文中广告	wvgg	1	4
王者归来	wvgl	1	4
物质鼓励	wvgl	2	4
万丈光芒	wvgm	1	4
外置光驱	wvgq	1	4
万丈高楼平地起	wvgq	2	4
文章盖世	wvgu	1	4
位置共享	wvgx	1	4
物质供应	wvgy	1	4
我只会	wvh	1	3
我只好	wvh	2	3
我这会	wvh	3	3
稳准狠	wvh	4	3
无纸化	wvh	5	3
围着火炉吃西瓜	wvhg	1	4
万丈红尘	wvhi	1	4
为中华之崛起而读书	wvhu	1	4
违章超车	wvii	1	4
武装冲突	wvit	1	4
我这就	wvj	1	3
王昭君	wvj	2	3
无止境	wvj	3	3
我只觉得	wvjd	1	4
物质交换	wvjh	1	4
无证驾驶	wvju	1	4
无照经营	wvjy	1	4
无证经营	wvjy	2	4
万兆宽带	wvkd	1	4
我这里	wvl	1	3
吾之蜜糖	wvmt	1	4
王之蔑视	wvmu	1	4
我只能	wvn	1	3
我祝你	wvn	2	3
五周年	wvn	3	3
王者农药	wvny	1	4
万智牌	wvp	1	3
文章评论	wvpl	1	4
吾之砒霜	wvpu	1	4
违章拍照	wvpv	1	4
伪政权	wvq	1	3
万众期待	wvqd	1	4
武装侵略	wvql	1	4
物种起源	wvqy	2	4
屋主人	wvr	1	3
温州人	wvr	2	3
武装入侵	wvrq	1	4
武装人员	wvry	2	4
武装色霸气	wvsq	1	4
威震天	wvt	1	3
为主体	wvt	2	3
纹状体	wvt	3	3
违章停车	wvti	1	4
武装挑衅	wvtx	2	4
我只是	wvu	1	3
我真是	wvu	2	3
未知数	wvu	3	3
五指山	wvu	4	3
无证上岗	wvug	1	4
物质生产	wvui	1	4
物质世界	wvuj	1	4
网站设计	wvuj	2	4
胃主受纳	wvun	1	4
物质水平	wvup	1	4
无招胜有招	wvuv	1	4
文章中	wvv	1	3
文绉绉	wvv	2	3
望周知	wvv	3	3
违章者	wvv	4	3
握爪爪	wvv	5	3
无主之地	wvvd	1	4
文章指出	wvvi	1	4
为之震惊	wvvj	1	4
王者之气	wvvq	1	4
文章主题	wvvt	1	4
王者之师	wvvu	1	4
无职转生	wvvu	2	4
无知者无畏	wvvw	1	4
王中王	wvw	1	3
网状物	wvw	2	3
问这问那	wvwn	1	4
无知无畏	wvww	1	4
万中无一	wvwy	1	4
为中心	wvx	1	3
我只想	wvx	2	3
我真心	wvx	3	3
完整性	wvx	4	3
望知悉	wvx	5	3
无秩序	wvx	6	3
物质性	wvx	7	3
为之心动	wvxd	1	4
王者峡谷	wvxg	1	4
物质消耗	wvxh	2	4
未战先怯	wvxq	1	4
物质形态	wvxt	1	4
物质享受	wvxu	1	4
万丈雄心	wvxx	1	4
我正要	wvy	1	3
歪主意	wvy	2	3
我注意	wvy	3	3
五丈原	wvy	4	3
为之一亮	wvyl	1	4
外置硬盘	wvyp	1	4
无债一身轻	wvyq	1	4
未之有也	wvyy	2	4
我正在	wvz	1	3
违章作业	wvzy	2	4
微微	ww	2	2
往往	ww	3	2
往往把	wwb	2	3
唯物辩证法	wwbf	2	4
文物保护	wwbh	1	4
万万不能	wwbn	2	4
威武霸气	wwbq	3	4
娃娃菜	wwc	2	3
微微蹙眉	wwcm	1	4
微微蹙起	wwcq	1	4
稳稳地	wwd	2	3
微微地	wwd	3	3
慰问电	wwd	4	3
文无第一，武无第二	wwde	2	4
汪汪队立大功	wwdg	3	4
哇哇大叫	wwdj	2	4
哇哇大哭	wwdk	2	4
微微点头	wwdt	2	4
唯我独醒	wwdx	3	4
文无第一	wwdy	2	4
维吾尔	wwe	2	3
为我而来	wwel	1	4
无往而不利	wwel	2	4
无往而不胜	wweu	1	4
万物复苏	wwfs	1	4
往外拐	wwg	2	3
勿忘国耻	wwgi	1	4
为我高兴	wwgx	1	4
往往会	wwh	2	3
无外乎	wwh	3	3
未闻花名	wwhm	1	4
未完成	wwi	2	3
往外冲	wwi	3	3
微微颤抖	wwid	1	4
往往就	wwj	2	3
哇哇叫	wwj	3	3
慰问金	wwj	4	3
文物局	wwj	5	3
往往就会	wwjh	1	4
往往就是	wwju	4	4
五五开	wwk	1	3
往外看	wwk	2	3
文物考古	wwkg	1	4
往往可以	wwky	2	4
娃娃脸	wwl	1	3
玩完了	wwl	2	3
往外流	wwl	3	3
唯物论	wwl	4	3
唯唯连声	wwlu	2	4
物我两忘	wwlw	2	4
为我们	wwm	1	3
万万没想到	wwmd	1	4
万万没有想到	wwmd	2	4
万万没有	wwmy	1	4
往往没有	wwmy	2	4
我问你	wwn	1	3
外围女	wwn	2	3
我问你答	wwnd	2	4
舞文弄法	wwnf	1	4
往外跑	wwp	2	3
慰问品	wwp	3	3
五味瓶	wwp	4	3
文物普查	wwpi	1	4
文物拍卖	wwpm	1	4
娃娃亲	wwq	2	3
兀兀穷年	wwqn	2	4
无畏契约	wwqy	2	4
万物起源	wwqy	3	4
弯弯绕	wwr	2	3
未亡人	wwr	3	3
无污染	wwr	4	3
往外扔	wwr	5	3
我为人人	wwrr	3	4
温婉柔雅	wwry	2	4
万万岁	wws	2	3
外围赛	wws	3	3
问问题	wwt	2	3
窝窝头	wwt	3	3
慰问团	wwt	4	3
往往是	wwu	2	3
五位数	wwu	3	3
握握手	wwu	4	3
万万使不得	wwud	1	4
无畏时刻	wwuk	1	4
为万世开太平	wwup	1	4
往往只能	wwvn	1	4
亡我之心不死	wwvs	3	4
喂喂喂	www	2	3
汪汪汪	www	3	3
勿忘我	www	4	3
万维网	www	5	3
万物为刍狗	wwwg	1	4
未为晚也	wwwy	1	4
嗡嗡响	wwx	2	3
慰问信	wwx	3	3
无问西东	wwxd	1	4
万万想不到	wwxd	2	4
万万行不通	wwxt	1	4
威武雄壮	wwxv	2	4
往往需要	wwxy	3	4
往往要	wwy	2	3
往往有	wwy	3	3
娃娃鱼	wwy	4	3
娃娃音	wwy	5	3
微微一荡	wwyd	1	4
魏武遗风	wwyf	1	4
微微一笑很倾城	wwyi	9	4
万物有灵	wwyl	1	4
微微一怔	wwyv	4	4
微微一皱	wwyv	5	4
往往因为	wwyw	1	4
微微一笑	wwyx	1	4
我问一下	wwyx	2	4
勿谓言之不预	wwyy	5	4
往往在	wwz	2	3
五味子	wwz	3	3
嗡嗡作响	wwzx	1	4
我想	wx	1	2
微笑	wx	2	2
危险	wx	3	2
往下按	wxa	1	3
我宣布	wxb	1	3
维修部	wxb	2	3
吴秀波	wxb	3	3
无下巴	wxb	4	3
我想不到	wxbd	1	4
无限不循环	wxbh	1	4
微信步数	wxbu	1	4
无限宝石	wxbu	2	4
微笑不语	wxby	1	4
无限次	wxc	1	3
无线电	wxd	1	3
我想到	wxd	2	3
无限大	wxd	3	3
维修点	wxd	4	3
无想的一刀	wxdd	1	4
我想到了	wxdl	2	4
妄下定论	wxdl	3	4
无效打码	wxdm	1	4
无线电静默	wxdm	2	4
无限点券	wxdq	1	4
无需多说	wxdu	1	4
无形的大手	wxdu	2	4
无形当中	wxdv	1	4
无需多言	wxdy	1	4
妄下断语	wxdy	2	4
无线耳机	wxej	1	4
我媳妇	wxf	1	3
王熙凤	wxf	2	3
维修费	wxf	3	3
无暇分身	wxfu	1	4
无性繁殖	wxfv	1	4
我习惯	wxg	1	3
维修工	wxg	2	3
卫星广播	wxgb	1	4
微信公众号	wxgh	1	4
无限感激	wxgj	2	4
无限感慨	wxgk	1	4
闻讯赶来	wxgl	1	4
维修工人	wxgr	1	4
无心过问	wxgw	1	4
玩笑归玩笑	wxgx	2	4
我喜欢	wxh	1	3
玩笑话	wxh	2	3
微信号	wxh	3	3
无信号	wxh	4	3
未消化	wxh	5	3
外循环	wxh	6	3
乌须黑发	wxhf	1	4
无限火力	wxhl	1	4
五星好市民	wxhm	1	4
我喜欢你	wxhn	1	4
五星好评	wxhp	1	4
无性婚姻	wxhy	1	4
微信好友	wxhy	2	4
维修厂	wxi	1	3
微型车	wxi	2	3
卫星城	wxi	3	3
胃下垂	wxi	4	3
无限重打	wxid	2	4
维修车间	wxij	1	4
文学成就	wxij	2	4
无限猖狂	wxik	1	4
无心插柳	wxil	1	4
文学常识	wxiu	1	4
无线传输	wxiu	2	4
无心插柳柳成荫	wxiy	1	4
五星级	wxj	1	3
文学奖	wxj	2	3
文学界	wxj	3	3
文学家	wxj	4	3
无限金币	wxjb	1	4
无限进步	wxjb	2	4
危险境地	wxjd	2	4
维修经费	wxjf	1	4
无暇兼顾	wxjg	1	4
我想静静	wxjj	1	4
妄下结论	wxjl	1	4
无线键盘	wxjp	1	4
无线接入	wxjr	1	4
文献检索	wxjs	1	4
无线键鼠	wxju	1	4
危险驾驶	wxju	2	4
无序竞争	wxjv	1	4
往下看	wxk	1	3
无限恐怖	wxkb	1	4
无线宽带	wxkd	1	4
无懈可乘	wxki	2	4
外星科技	wxkj	2	4
无限空间	wxkj	3	4
我先看看	wxkk	1	4
文学刊物	wxkw	1	4
我心里	wxl	1	3
我先来	wxl	2	3
无限量	wxl	3	3
我笑了	wxl	4	3
唯心论	wxl	5	3
万向轮	wxl	6	3
王心凌	wxl	7	3
无限乱斗	wxld	1	4
文学理论	wxll	1	4
无限流量	wxll	2	4
往心里去	wxlq	1	4
无线路由器	wxlq	2	4
无线路由	wxly	2	4
尾形码	wxm	1	3
微笑面对	wxmd	1	4
文学名著	wxmv	1	4
我想你	wxn	1	3
我信你个鬼	wxng	1	4
我想你了	wxnl	1	4
武侠片	wxp	1	3
危险品	wxp	2	3
五线谱	wxp	3	3
维新派	wxp	4	3
文学批评	wxpp	1	4
微信朋友圈	wxpq	1	4
无线平台	wxpt	1	4
我先去	wxq	1	3
微信群	wxq	2	3
我想起	wxq	3	3
外星球	wxq	4	3
危险期	wxq	5	3
无限期	wxq	6	3
王下七武海	wxqh	1	4
外星人	wxr	1	3
外乡人	wxr	2	3
汪星人	wxr	3	3
无限热爱	wxra	1	4
维修人员	wxry	1	4
微信扫码	wxsm	1	4
我笑他人看不穿	wxti	1	4
完形填空	wxtk	1	4
无限体力	wxtl	1	4
温馨提示	wxtu	1	4
无限套娃	wxtw	1	4
微信头像	wxtx	1	4
万象天引	wxty	1	4
我想说	wxu	1	3
五小时	wxu	2	3
位小数	wxu	3	3
文学社	wxu	4	3
文学史	wxu	5	3
无线鼠标	wxub	1	4
我小时候	wxuh	2	4
五星上将	wxuj	1	4
无限生命	wxum	1	4
外星生命	wxum	2	4
五星市民	wxum	3	4
我想说的是	wxuu	1	4
无形中	wxv	1	3
无限制	wxv	2	3
王羲之	wxv	3	3
妄想症	wxv	4	3
无休止	wxv	5	3
维修站	wxv	6	3
望悉知	wxv	7	3
卫星转播	wxvb	1	4
无形装逼	wxvb	2	4
我想知道	wxvd	1	4
无限制格斗	wxvd	2	4
微信支付	wxvf	1	4
微信账号	wxvh	1	4
无心之举	wxvj	1	4
无心之失	wxvu	1	4
无形之手	wxvu	2	4
无形之中	wxvv	1	4
微信转账	wxvv	2	4
维修中心	wxvx	1	4
无心之言	wxvy	2	4
违心之言	wxvy	3	4
文学著作	wxvz	1	4
无暇之作	wxvz	2	4
我希望	wxw	1	3
我想问	wxw	2	3
无线网	wxw	3	3
危险物	wxw	4	3
无喜无悲	wxwb	2	4
无小无大	wxwd	1	4
外星文明	wxwm	1	4
无形威压	wxwy	1	4
无形无影	wxwy	2	4
我相信	wxx	1	3
危险性	wxx	2	3
威胁性	wxx	3	3
无限小	wxx	4	3
无限性	wxx	5	3
无限循环	wxxh	1	4
卫星信号	wxxh	2	4
我相信你	wxxn	1	4
微信消息	wxxx	1	4
微信小程序	wxxx	2	4
文学修养	wxxy	1	4
我需要	wxy	1	3
我想要	wxy	2	3
弯下腰	wxy	3	3
五选一	wxy	4	3
无限元宝	wxyb	1	4
维系于此	wxyc	1	4
无限月读	wxyd	2	4
我心永恒	wxyh	1	4
温馨一刻	wxyk	2	4
卫星云图	wxyt	1	4
微信语音	wxyy	1	4
文心一言	wxyy	2	4
我现在	wxz	1	3
我选择	wxz	2	3
无须再忍	wxzr	1	4
我现在是	wxzu	1	4
文献综述	wxzu	2	4
无限钻石	wxzu	3	4
我也	wy	1	2
唯一	wy	2	2
万一	wy	3	2
我有	wy	4	2
我要	wy	5	2
唯一爱好	wyah	1	4
晚一步	wyb	1	3
网页版	wyb	2	3
万英镑	wyb	3	3
无一不备	wybb	1	4
握有把柄	wybb	2	4
我也不知道	wybd	1	4
我有办法	wybf	1	4
我也不会	wybh	1	4
我也不清楚	wybi	1	4
无一不知	wybv	1	4
唯一标准	wybv	2	4
我也不想	wybx	2	4
文艺表演	wyby	1	4
无一不在	wybz	1	4
忘忧草	wyc	1	3
无语苍天	wyct	1	4
晚一点	wyd	1	3
我有点	wyd	2	3
我也得	wyd	3	3
无影灯	wyd	4	3
无应答	wyd	5	3
问与答	wyd	6	3
万用电表	wydb	1	4
谓语动词	wydc	1	4
我有点儿	wyde	1	4
唯一的办法	wydf	1	4
我一定会	wydh	2	4
无意点开	wydk	1	4
唯一的选择	wydz	1	4
玩意儿	wye	1	3
畏影恶迹	wyej	1	4
勿以恶小而为之	wyev	1	4
五月份	wyf	1	3
物业费	wyf	2	3
吴亦凡	wyf	3	3
唯一方式	wyfu	1	4
我应该	wyg	1	3
我有个	wyg	2	3
无用功	wyg	3	3
我有感觉	wygj	1	4
武艺高强	wygq	1	4
我一个人	wygr	1	4
玩于股掌之上	wygu	1	4
文艺工作者	wygv	1	4
我也会	wyh	1	3
委员会	wyh	2	3
万元户	wyh	3	3
五月花	wyh	4	3
文娱活动	wyhd	1	4
无氧呼吸	wyhx	1	4
网约车	wyi	1	3
未演出	wyi	2	3
我已出舱	wyic	1	4
我已出舱，感觉良好	wyih	1	4
网约车司机	wyij	1	4
五一长假	wyij	2	4
唯一出路	wyil	1	4
文艺创作	wyiz	1	4
我已经	wyj	1	3
无意间	wyj	2	3
望远镜	wyj	3	3
违约金	wyj	4	3
文艺界	wyj	5	3
五一节	wyj	6	3
无影脚	wyj	7	3
我也觉得	wyjd	1	4
婉言拒绝	wyjj	2	4
我已急哭	wyjk	1	4
文艺节目	wyjm	1	4
我已经是	wyju	1	4
外语教学	wyjx	1	4
外语课	wyk	1	3
无药可解	wykj	2	4
网易考拉	wykl	1	4
我有可能	wykn	1	4
无药可治	wykv	1	4
唯一可行	wykx	1	4
无药可医	wyky	1	4
唯一可以	wyky	2	4
无语了	wyl	1	3
我赢了	wyl	2	3
无压力	wyl	3	3
五颜六彩	wylc	1	4
未预料到	wyld	2	4
物以类聚人以群分	wylf	1	4
物以类聚，人以群分	wylf	2	4
文艺理论	wyll	1	4
乌云笼罩	wylv	1	4
王阳明	wym	1	3
委员们	wym	2	3
无烟煤	wym	3	3
王永民	wym	4	3
乌云密布	wymb	1	4
无颜面对	wymd	1	4
无意冒犯	wymf	1	4
午夜梦回	wymh	1	4
万亿美元	wymy	1	4
我也没有	wymy	2	4
我也能	wyn	1	3
我要你	wyn	2	3
我与你	wyn	3	3
维也纳	wyn	4	3
唯一能够	wyng	1	4
我要闹了	wynl	2	4
无语凝噎	wyny	1	4
文艺片	wyp	1	3
我以前	wyq	1	3
文艺圈	wyq	2	3
稳压器	wyq	3	3
唯一确定	wyqd	1	4
蜿蜒起伏	wyqf	1	4
蜿蜒曲折	wyqv	1	4
万余人	wyr	1	3
无语死了	wysl	1	4
唯一所能	wysn	1	4
网页搜索	wyss	1	4
我与他	wyt	1	3
我与她	wyt	2	3
为依托	wyt	3	3
五月天	wyt	4	3
弯腰驼背	wytb	1	4
文艺团体	wytt	1	4
我也是	wyu	1	3
无疑是	wyu	2	3
万一是	wyu	3	3
无意识	wyu	4	3
我要说	wyu	5	3
武夷山	wyu	6	3
万言书	wyu	7	3
五言诗	wyu	8	3
无约束	wyu	9	3
玩原神玩的	wyud	1	4
午夜时分	wyuf	1	4
网瘾少女	wyun	2	4
未诣世事	wyuu	1	4
勿以善小而不为	wyuw	1	4
文艺事业	wyuy	1	4
无意中	wyv	1	3
我一直	wyv	2	3
我也知道	wyvd	1	4
唯一指定	wyvd	2	4
闻一知二	wyve	1	4
无用之功	wyvg	1	4
无意之间	wyvj	1	4
握有证据	wyvj	2	4
无以至千里	wyvl	1	4
妄议朝廷	wyvt	1	4
毋庸赘述	wyvu	2	4
唯一真神	wyvu	3	4
唯一真史	wyvu	4	4
乌有之乡	wyvx	1	4
我以为	wyw	1	3
问一问	wyw	2	3
误以为	wyw	3	3
玩一玩	wyw	4	3
闻一闻	wyw	5	3
文言文	wyw	6	3
巫妖王	wyw	7	3
网易微博	wywb	2	4
无用武之地	wywd	1	4
玩原玩的	wywd	2	4
网鱼网咖	wywk	2	4
我以为是	wywu	2	4
危言危行	wywx	2	4
无以为业	wywy	1	4
问一下	wyx	1	3
玩游戏	wyx	2	3
屋檐下	wyx	3	3
唯一性	wyx	4	3
为伊消得人憔悴	wyxc	1	4
物以稀为贵	wyxg	1	4
我也喜欢	wyxh	1	4
午夜凶铃	wyxl	1	4
无一幸免	wyxm	1	4
问一下你	wyxn	1	4
问一下他	wyxt	2	4
未予显示	wyxu	1	4
网易新闻	wyxw	1	4
问一下我	wyxw	2	4
唯一想要	wyxy	2	4
唯一选择	wyxz	1	4
我愿意	wyy	1	3
无异于	wyy	2	3
我也要	wyy	3	3
无异议	wyy	4	3
网易云	wyy	5	3
万亿元	wyy	6	3
乌油油	wyy	7	3
唯一一次	wyyc	1	4
惟一一次	wyyc	2	4
无颜以对	wyyd	2	4
无氧运动	wyyd	3	4
我有一个大胆的想法	wyyf	1	4
我有一个	wyyg	1	4
唯一一个	wyyg	2	4
我意已决	wyyj	1	4
我有意见	wyyj	2	4
我有一计	wyyj	3	4
为有源头活水来	wyyl	2	4
网易云课堂	wyyt	1	4
无以言说	wyyu	1	4
我有一种	wyyv	2	4
网易邮箱	wyyx	1	4
网易严选	wyyx	2	4
网易云音乐	wyyy	1	4
我有一个朋友	wyyy	2	4
乌鸦嘴	wyz	1	3
吴彦祖	wyz	2	3
无原则	wyz	3	3
无烟灶	wyz	4	3
乌鸦坐飞机	wyzj	1	4
唯有责任	wyzr	1	4
屋子	wz	1	2
我在	wz	2	2
文字	wz	3	2
物资部	wzb	1	3
我做不到	wzbd	1	4
文字表情	wzbq	1	4
乌兹别克斯坦	wzbt	1	4
文字表述	wzbu	1	4
五字不行	wzbx	1	4
污渍不行	wzbx	2	4
稳坐钓鱼台	wzdt	1	4
无责底薪	wzdx	2	4
外祖父	wzf	1	3
万字符	wzf	2	3
文字符号	wzfh	1	4
为祖国	wzg	1	3
外增高	wzg	2	3
物资管理	wzgl	1	4
物资公司	wzgs	1	4
文字工作者	wzgv	1	4
物资供应	wzgy	1	4
我赞成	wzi	1	3
我自己	wzj	1	3
我最近	wzj	2	3
我自己的	wzjd	1	4
五脏俱焚	wzjf	1	4
外资机构	wzjg	1	4
往自己脸上贴金	wzjj	1	4
蜗在家里	wzjl	1	4
万字解析	wzjx	1	4
屋子里	wzl	1	3
我走了	wzl	2	3
王祖蓝	wzl	3	3
温总理	wzl	4	3
物资流通	wzlt	1	4
歪嘴龙王	wzlw	1	4
我怎么	wzm	1	3
外祖母	wzm	2	3
外在美	wzm	3	3
我怎么办	wzmb	1	4
未曾谋面	wzmm	1	4
文字描述	wzmu	1	4
旺仔牛奶	wznn	1	4
五子棋	wzq	1	3
畏罪潜逃	wzqt	1	4
外族人	wzr	1	3
无责任	wzr	2	3
蚊子肉也是肉	wzrr	1	4
我在思考	wzsk	1	4
丸子头	wzt	1	3
武则天	wzt	2	3
蚊子腿也是肉	wztr	1	4
无字天书	wztu	1	4
文字识别	wzub	1	4
无罪释放	wzuf	1	4
未做说明	wzum	2	4
我在这	wzv	1	3
我作主	wzv	2	3
问责制	wzv	3	3
文字直播	wzvb	1	4
王佐之才	wzvc	1	4
王子战法	wzvf	1	4
我尊重你	wzvn	1	4
歪嘴战神	wzvu	2	4
无作为	wzw	1	3
稳扎稳打	wzwd	1	4
我走我的独木桥	wzwq	1	4
我在想	wzx	1	3
晚自习	wzx	2	3
我在线上	wzxu	1	4
文字狱	wzy	1	3
外资银行	wzyh	1	4
外在要求	wzyq	1	4
文字游戏	wzyx	1	4
畏罪自杀	wzzu	1	4
喜爱	xa	1	2
心爱	xa	2	2
兴安岭	xal	1	3
西安门	xam	1	3
小矮人	xar	1	3
小爱同学	xatx	1	4
西安市	xau	1	3
心爱之人	xavr	1	4
献爱心	xax	1	3
相爱相杀	xaxu	1	4
喜爱夜蒲	xayp	1	4
下班	xb	2	2
宣布	xb	3	2
心不安	xba	2	3
小宝宝	xbb	1	3
小宝贝	xbb	2	3
新版本	xbb	3	3
凶巴巴	xbb	4	3
西北部	xbb	5	3
性别比	xbb	6	3
下半部分	xbbf	1	4
小本本记下来	xbbl	1	4
细胞表面	xbbm	2	4
宣布比赛	xbbs	1	4
雪豹闭嘴	xbbz	2	4
小白菜	xbc	2	3
想不到	xbd	2	3
小不点	xbd	3	3
宪兵队	xbd	4	3
新病毒	xbd	5	3
想不到吧	xbdb	1	4
想不到你是这样的	xbdd	2	4
性别对立	xbdl	1	4
细胞凋亡	xbdw	1	4
性别多元	xbdy	2	4
新兵蛋子	xbdz	2	4
性本恶	xbe	1	3
相伴而行	xbeh	1	4
小布尔乔亚	xbey	2	4
想办法	xbf	2	3
小部分	xbf	3	3
西北风	xbf	4	3
新办法	xbf	5	3
卸包袱	xbf	6	3
下不封底	xbfd	2	4
细胞分裂	xbfl	1	4
宣布放弃	xbfq	1	4
小部分人	xbfr	1	4
信不过	xbg	1	3
小报告	xbg	2	3
下半个	xbg	3	3
杏鲍菇	xbg	4	3
心不甘	xbg	5	3
醒不过来	xbgl	1	4
先别管了	xbgl	2	4
行不更名	xbgm	1	4
行不改名	xbgm	2	4
细胞功能	xbgn	1	4
行不更名，坐不改姓	xbgx	1	4
心不甘情不愿	xbgy	1	4
学不会	xbh	1	3
想必会	xbh	2	3
细胞核	xbh	3	3
徐悲鸿	xbh	4	3
笑不活了	xbhl	2	4
学不会了	xbhl	3	4
细胞坏死	xbhs	1	4
下班很晚	xbhw	2	4
想不出	xbi	1	3
下半场	xbi	2	3
薛宝钗	xbi	3	3
小便池	xbi	4	3
心不诚	xbi	5	3
想不出来	xbil	1	4
笑不出来	xbil	2	4
写不出来	xbil	3	4
想不出个所以然	xbir	2	4
想不出一个所以然	xbir	3	4
夕避长蛇	xbiu	2	4
下笔成文	xbiw	1	4
相比较	xbj	1	3
西北角	xbj	2	3
享不尽	xbj	3	3
香槟酒	xbj	4	3
心不静	xbj	5	3
学不进去	xbjq	2	4
想必就是	xbju	3	4
想不开	xbk	2	3
星巴克	xbk	3	3
西部开发	xbkf	1	4
邪不可干	xbkg	1	4
笑比哭好	xbkh	1	4
宣布开幕	xbkm	1	4
选拔考试	xbku	2	4
西部快枪手	xbku	3	4
小白脸	xbl	1	3
下不来	xbl	2	3
乡巴佬	xbl	3	3
稀巴烂	xbl	4	3
性伴侣	xbl	5	3
新百伦	xbl	6	3
兴邦立国	xblg	2	4
行百里者半九十	xblu	3	4
朝不虑夕	xblx	1	4
下不了决心	xblx	2	4
细胞膜	xbm	1	3
小保姆	xbm	2	3
想不明白	xbmb	2	4
下半年	xbn	1	3
性本能	xbn	2	3
心病难医	xbny	1	4
箱包皮具	xbpj	2	4
星标朋友	xbpy	1	4
选拔培养	xbpy	2	4
想不起	xbq	2	3
西半球	xbq	3	3
宣布启动	xbqd	1	4
想不清楚	xbqi	3	4
下不去口	xbqk	2	4
想不起来	xbql	2	4
性别歧视	xbqu	2	4
下不去手	xbqu	3	4
新标签页	xbqy	4	4
选拔人才	xbrc	1	4
洗白弱三分	xbrf	4	4
幸不辱命	xbrm	1	4
小不忍则乱大谋	xbrm	2	4
性别认同	xbrt	1	4
下笔如有神	xbru	2	4
选拔任用	xbry	2	4
惜兵如子	xbrz	1	4
小瘪三	xbs	2	3
心不死	xbs	3	3
选拔赛	xbs	4	3
小别赛新婚	xbsh	1	4
想不通	xbt	2	3
行不通	xbt	3	3
小白兔	xbt	4	3
想不透	xbt	5	3
擤鼻涕	xbt	6	3
小标题	xbt	7	3
下半天	xbt	8	3
性变态	xbt	9	3
雄霸天下	xbtx	1	4
想必是	xbu	1	3
下半身	xbu	2	3
小白鼠	xbu	3	3
下半生	xbu	4	3
性本善	xbu	5	3
小别胜新婚	xbuh	3	4
西部数据	xbuj	2	4
先不说了	xbul	1	4
细胞水平	xbup	1	4
刑部尚书	xbuu	3	4
闲不住	xbv	1	3
小吧主	xbv	2	3
下不着地	xbvd	1	4
西部战区	xbvq	1	4
歇逼阵容	xbvr	1	4
小霸王	xbw	1	3
小白文	xbw	2	3
小步舞曲	xbwq	1	4
行不行	xbx	2	3
信不信	xbx	3	3
想不想	xbx	4	3
像不像	xbx	5	3
小把戏	xbx	6	3
小百姓	xbx	7	3
幸不幸福	xbxf	1	4
习不习惯	xbxg	1	4
向壁虚构	xbxg	2	4
喜不喜欢	xbxh	1	4
想不想看	xbxk	5	4
信不信由你	xbxn	3	4
写不下去	xbxq	3	4
学不下去	xbxq	4	4
希不希望	xbxw	1	4
信不信我	xbxw	2	4
相不相信	xbxx	2	4
需不需要	xbxy	2	4
想不想要	xbxy	3	4
下不下雨	xbxy	4	4
相比于	xby	2	3
先不要	xby	3	3
西班牙	xby	4	3
下半夜	xby	5	3
下半月	xby	6	3
下辈子	xbz	1	3
小辫子	xbz	2	3
小婊砸	xbz	3	3
下辈子吧	xbzb	1	4
下班走人	xbzr	1	4
细胞增殖	xbzv	2	4
小逼崽子	xbzz	1	4
下次	xc	1	2
乡村	xc	2	2
乡村爱情	xcaq	1	4
下次吧	xcb	1	3
小葱拌豆腐	xcbf	1	4
心存不轨	xcbg	1	4
下次不敢	xcbg	2	4
下次不敢了	xcbl	1	4
西餐馆	xcg	1	3
心存感恩	xcge	1	4
心存感激	xcgj	1	4
虚词诡说	xcgu	1	4
下次还敢	xchg	1	4
下次回家	xchj	1	4
喜从何来	xchl	1	4
下次见	xcj	1	3
心存敬畏	xcjw	1	4
小词库	xck	1	3
想错了	xcl	1	3
写错了	xcl	2	3
新材料	xcl	3	3
小聪明	xcm	1	3
心慈面善	xcmu	1	4
惜财如命	xcrm	1	4
西餐厅	xct	1	3
选词填空	xctk	1	4
心存善念	xcun	1	4
下次试试	xcuu	1	4
小崔说事	xcuu	2	4
心存善意	xcuy	1	4
幸存者	xcv	1	3
幸存者偏差	xcvi	1	4
乡村振兴	xcvx	1	4
瞎操心	xcx	1	3
幸存下来	xcxl	1	4
心存希望	xcxw	1	4
小菜一碟	xcyd	2	4
下次一定	xcyd	3	4
心存疑虑	xcyl	1	4
性从业者	xcyv	1	4
写错字	xcz	1	3
小册子	xcz	2	3
下次再来	xczl	1	4
兄弟	xd	1	2
想到	xd	2	2
许多	xd	3	2
相对安静	xdaj	1	4
相对安全	xdaq	1	4
相对比	xdb	1	3
兄弟般	xdb	2	3
修订版	xdb	3	3
修订本	xdb	4	3
行动不便	xdbb	1	4
相当不错	xdbc	1	4
心动不如行动	xdbd	1	4
想到办法	xdbf	1	4
兄弟不和	xdbh	1	4
新的不来	xdbl	1	4
笑对八十一难	xdbn	1	4
想都别想	xdbx	1	4
想都不要想	xdbx	2	4
想都不用想	xdbx	3	4
想到此	xdc	1	3
许多次	xdc	2	3
修订草案	xdca	1	4
消毒餐具	xdcj	1	4
想得到	xdd	1	3
小弟弟	xdd	2	3
小得多	xdd	3	3
响当当	xdd	4	3
羞答答	xdd	5	3
吸顶灯	xdd	6	3
许多地方	xddf	1	4
相对独立	xddl	1	4
想得倒美	xddm	1	4
寻道大千	xddq	1	4
小洞大人	xddr	1	4
闲得蛋疼	xddt	1	4
闲的蛋疼	xddt	2	4
先动的手	xddu	1	4
行得端坐得正	xddv	1	4
行得端，坐得正	xddv	2	4
相对定位	xddw	1	4
许多东西	xddx	1	4
新的东西	xddx	2	4
薛定谔	xde	1	3
信贷额度	xded	1	4
薛定谔的猫	xdem	1	4
兄弟二人	xder	1	4
新东方	xdf	1	3
限定返场	xdfi	2	4
兄弟反目	xdfm	2	4
相当复杂	xdfz	1	4
信得过	xdg	1	3
想到过	xdg	2	3
相当高	xdg	3	3
消毒柜	xdg	4	3
修订稿	xdg	5	3
许多国家	xdgj	1	4
现代国家	xdgj	2	4
行动纲领	xdgl	1	4
信贷管理	xdgl	2	4
相当规模	xdgm	1	4
相对公平	xdgp	1	4
心动过速	xdgs	1	4
行动规划	xdgx	1	4
心电感应	xdgy	2	4
喜得贵子	xdgz	1	4
许多工作	xdgz	2	4
相当好	xdh	1	3
闲的慌	xdh	2	3
先等会	xdh	3	3
现代化	xdh	4	3
现代汉语词典	xdhd	1	4
新的活力	xdhl	1	4
心都化了	xdhl	2	4
行动缓慢	xdhm	1	4
先大后小	xdhx	1	4
笑得合不拢嘴	xdhz	1	4
想当初	xdi	1	3
想得出	xdi	2	3
蓄电池	xdi	3	3
相当长	xdi	4	3
相抵触	xdi	5	3
训导处	xdi	6	3
相当程度	xdid	1	4
下得厨房	xdif	1	4
许多场合	xdih	1	4
心的出口	xdik	1	4
想得出来	xdil	1	4
笑到岔气	xdiq	1	4
相当程度上	xdiu	1	4
寻短见	xdj	1	3
洗涤剂	xdj	2	3
消毒剂	xdj	3	3
新的阶段	xdjd	1	4
笑点解析	xdjx	3	4
相当快	xdk	1	3
想得开	xdk	2	3
相当困难	xdkn	1	4
许多困难	xdkn	2	4
炫动卡通	xdkt	1	4
想得开心	xdkx	2	4
新店开业	xdky	1	4
想到了	xdl	1	3
想多了	xdl	2	3
学到了	xdl	3	3
兄弟俩	xdl	4	3
新大陆	xdl	5	3
雪地里	xdl	6	3
相对论	xdl	7	3
学到老	xdl	8	3
兄弟连	xdl	9	3
辛德勒	xdl	10	3
相对落后	xdlh	1	4
笑到了最后	xdlh	2	4
侠盗列车	xdli	1	4
相对来讲	xdlj	1	4
相对路径	xdlj	2	4
心都凉了	xdll	1	4
下定了决心	xdlx	1	4
兄弟们	xdm	1	3
想得美	xdm	2	3
斜对面	xdm	3	3
写代码	xdm	4	3
相当慢	xdm	5	3
相当麻烦	xdmf	1	4
现代牧场	xdmi	1	4
闲的没事	xdmu	1	4
闲得没事	xdmu	2	4
想都没想	xdmx	1	4
相当满意	xdmy	1	4
兄弟民族	xdmz	1	4
想当年	xdn	1	3
许多年	xdn	2	3
修电脑	xdn	3	3
许多年后	xdnh	2	4
许多年来	xdnl	1	4
吓到你了	xdnl	2	4
行动能力	xdnl	3	4
许多年前	xdnq	1	4
心动女生	xdnu	1	4
兄弟你好香	xdnx	1	4
相当普遍	xdpb	2	4
新的篇章	xdpv	1	4
霰弹枪	xdq	1	3
想得起	xdq	2	3
许多情况	xdqk	1	4
新的情况	xdqk	2	4
行动起来	xdql	1	4
兄弟妻，不可欺	xdqq	1	4
兄弟情谊	xdqy	1	4
许多人	xdr	1	3
现代人	xdr	2	3
想当然	xdr	3	3
下等人	xdr	4	3
小大人	xdr	5	3
许多人的	xdrd	1	4
小大人儿	xdre	1	4
兄弟如手足，女人如衣服	xdrf	1	4
相当热闹	xdrn	1	4
下达任务	xdrw	1	4
相当容易	xdry	1	4
兄弟如手足	xdrz	1	4
心都碎了	xdsl	1	4
虚度岁月	xdsy	1	4
小短腿	xdt	1	3
心电图	xdt	2	3
行得通	xdt	3	3
许多天	xdt	4	3
新动态	xdt	5	3
想得太多	xdtd	1	4
新的台阶	xdtj	1	4
兄弟同心	xdtx	1	4
雪地上	xdu	1	3
许多事	xdu	2	3
下毒手	xdu	3	3
小点声	xdu	4	3
现代诗	xdu	5	3
修道士	xdu	6	3
相当少	xdu	7	3
现代史	xdu	8	3
相对失败	xdub	1	4
虚度时光	xdug	1	4
许多时候	xduh	1	4
现代社会	xduh	2	4
小的时候	xduh	3	4
心底深处	xdui	2	4
许多时间	xduj	1	4
许多事情	xduq	1	4
许多事项	xdux	1	4
想到这	xdv	1	3
许多种	xdv	2	3
小队长	xdv	3	3
携带者	xdv	4	3
殉道者	xdv	5	3
吸毒者	xdv	6	3
相对值	xdv	7	3
想得周到	xdvd	1	4
想到这儿	xdve	1	4
想到这里	xdvl	1	4
行动指南	xdvn	1	4
现代战争	xdvv	1	4
小动物	xdw	1	3
现代舞	xdw	2	3
现代文	xdw	3	3
校党委	xdw	4	3
相对稳定	xdwd	1	4
闲得无聊	xdwl	1	4
休得无理	xdwl	2	4
吓到我了	xdwl	3	4
许多问题	xdwt	1	4
新的问题	xdwt	2	4
相对位置	xdwv	1	4
瞎打误撞	xdwv	2	4
小东西	xdx	1	3
些东西	xdx	2	3
新东西	xdx	3	3
写东西	xdx	4	3
相当小	xdx	5	3
雪地靴	xdx	6	3
相对性	xdx	7	3
兄弟相残	xdxc	1	4
先到先得	xdxd	1	4
许多许多	xdxd	2	4
兄弟媳妇	xdxf	1	4
新的想法	xdxf	2	4
小岛秀夫	xdxf	3	4
学弟学妹	xdxm	1	4
行动缓慢	xdxm	2	4
行动迅速	xdxs	1	4
相对性状	xdxv	1	4
习得性无助	xdxv	2	4
想东想西	xdxx	2	4
相当于	xdy	1	3
相对于	xdy	2	3
下地狱	xdy	3	3
修道院	xdy	4	3
相对应	xdy	5	3
小电影	xdy	6	3
消毒液	xdy	7	3
下定义	xdy	8	3
消毒药	xdy	9	3
相当一部分	xdyf	1	4
想到一个	xdyg	1	4
先导预告	xdyg	2	4
新的一年	xdyn	1	4
秀得一批	xdyp	1	4
秀的一批	xdyp	2	4
许多要求	xdyq	1	4
小赌怡情	xdyq	2	4
吓得要死	xdys	1	4
闲的要死	xdys	2	4
相对一笑	xdyx	1	4
新的一页	xdyy	1	4
小动作	xdz	1	3
小肚子	xdz	2	3
血滴子	xdz	3	3
笑到最后	xdzh	1	4
笑得最好	xdzh	2	4
兄弟姊妹	xdzm	1	4
邪恶	xe	1	2
秀恩爱	xea	1	3
秀恩爱死得快	xeak	1	4
秀而不实	xebu	1	4
学而不思则罔	xebw	1	4
笑而不语	xeby	2	4
希尔顿	xed	1	3
小额贷款	xedk	1	4
小额红包	xehb	1	4
小儿痴呆	xeid	1	4
小而精	xej	1	3
小儿科	xek	1	3
小儿麻痹症	xemv	1	4
小而全	xeq	1	3
小儿推拿	xetn	1	4
小额投资	xetz	1	4
小额支付	xevf	1	4
学而知之	xevv	1	4
小额转账	xevv	2	4
小儿夜啼	xeyt	1	4
学而优则仕	xeyu	1	4
玄而又玄	xeyx	1	4
险恶用心	xeyx	2	4
幸福	xf	1	2
想法	xf	2	2
兴奋	xf	3	2
新方案	xfa	1	3
新法案	xfa	2	3
媳妇熬成婆	xfap	1	4
行方便	xfb	1	3
想法不错	xfbc	1	4
想法不对	xfbd	1	4
西方不亮东方亮	xfbl	1	4
消防部门	xfbm	1	4
想法不一样	xfby	2	4
宪法草案	xfca	1	4
消费层次	xfcc	1	4
小幅度	xfd	1	3
小分队	xfd	2	3
消防队	xfd	3	3
先锋队	xfd	4	3
兴奋度	xfd	5	3
消防大队	xfdd	1	4
先富带动后富	xfdf	1	4
消费贷款	xfdk	1	4
兄肥弟瘦	xfdu	1	4
消费对象	xfdx	1	4
媳妇儿	xfe	1	3
消费额	xfe	2	3
新方法	xff	1	3
心肺复苏	xffs	1	4
消费方式	xffu	1	4
消费范围	xffw	1	4
幸福感	xfg	1	3
洗发膏	xfg	2	3
消防官兵	xfgb	1	4
宪法规定	xfgd	1	4
消防工程	xfgi	1	4
小飞棍来咯	xfgl	1	4
消费观念	xfgn	1	4
心肺功能	xfgn	2	4
兴奋过头	xfgt	1	4
消费公众	xfgv	1	4
相符合	xfh	1	3
修复画笔	xfhb	1	4
宣肺化痰	xfht	1	4
消防车	xfi	1	3
悬浮窗	xfi	2	3
心房颤动	xfid	1	4
消费产品	xfip	1	4
西方传统	xfit	1	4
修复程序	xfix	1	4
兴奋剂	xfj	1	3
消防局	xfj	2	3
洗发精	xfj	3	3
吸附剂	xfj	4	3
信访局	xfj	5	3
兴奋激动	xfjd	1	4
消费积分	xfjf	1	4
学法减分	xfjf	2	4
消费降级	xfjj	1	4
西方极乐世界	xfjj	2	4
消费记录	xfjl	1	4
消费卡	xfk	1	3
雪佛兰	xfl	1	3
洗发露	xfl	2	3
消费量	xfl	3	3
西方垄断	xfld	1	4
新发明	xfm	1	3
小发明	xfm	2	3
幸福美好	xfmh	1	4
幸福美满	xfmm	1	4
乡风民俗	xfms	2	4
西方媒体	xfmt	1	4
西方民主	xfmv	1	4
西方美学	xfmx	1	4
小肥牛	xfn	1	3
消费能力	xfnl	1	4
消费品	xfp	1	3
幸福平安	xfpa	1	4
心房扑动	xfpd	1	4
消费疲软	xfpr	1	4
小幅攀升	xfpu	1	4
悬浮球	xfq	1	3
新风气	xfq	2	3
消费群	xfq	3	3
秀翻全场	xfqi	1	4
消费群体	xfqt	1	4
西方人	xfr	1	3
信访人	xfr	2	3
消费热点	xfrd	1	4
修复软件	xfrj	1	4
幸福人生	xfru	1	4
西方人士	xfru	2	4
消防艇	xft	1	3
消防通道	xftd	1	4
想法太多	xftd	2	4
削峰填谷	xftg	1	4
幸福甜蜜	xftm	1	4
心扉停止	xftv	1	4
洗发水	xfu	1	3
消防栓	xfu	2	3
消费税	xfu	3	3
新风尚	xfu	4	3
相反数	xfu	5	3
信奉上帝	xfud	1	4
讯飞输入法	xfuf	2	4
幸福时光	xfug	1	4
西方社会	xfuh	2	4
细分市场	xfui	2	4
幸福时刻	xfuk	1	4
西风瘦马	xfum	1	4
西风瘦码	xfum	2	4
消费者	xfv	1	3
新发展	xfv	2	3
学分制	xfv	3	3
宣肺止咳	xfvk	1	4
心腹之人	xfvr	2	4
心肺骤停	xfvt	1	4
幸福指数	xfvu	1	4
心腹爪牙	xfvy	2	4
小范围	xfw	1	3
悬浮物	xfw	2	3
性服务	xfw	3	3
幸福无比	xfwb	1	4
西方文化	xfwh	1	4
西方文明	xfwm	1	4
小范围内	xfwn	2	4
削发为僧	xfws	1	4
新发现	xfx	1	3
写封信	xfx	2	3
小飞侠	xfx	3	3
消费信贷	xfxd	1	4
消费陷阱	xfxj	1	4
消费项目	xfxm	1	4
消防员	xfy	1	3
小肥羊	xfy	2	3
仙凡有别	xfyb	1	4
消费诱导	xfyd	1	4
幸福永久	xfyj	1	4
先发优势	xfyu	1	4
相逢一笑	xfyx	1	4
心烦意燥	xfyz	1	4
想法子	xfz	1	3
习惯	xg	1	2
相关	xg	2	2
效果	xg	3	2
星光黯淡	xgad	1	4
星光暗淡	xgad	2	4
相关案件	xgaj	2	4
小跟班	xgb	1	3
修改版	xgb	2	3
乡干部	xgb	3	3
下个版本	xgbb	2	4
效果不错	xgbc	1	4
相关报道	xgbd	2	4
想个办法	xgbf	1	4
相关部分	xgbf	2	4
相关报告	xgbg	1	4
性格不合	xgbh	1	4
效果拔群	xgbq	1	4
笑梗不笑人	xgbr	1	4
吓个半死	xgbs	1	4
习惯不同	xgbt	1	4
响个不停	xgbt	2	4
相关标准	xgbv	1	4
性格暴躁	xgbz	1	4
小高层	xgc	1	3
修改草案	xgca	1	4
新高度	xgd	1	3
香港岛	xgd	2	3
西工大	xgd	3	3
星光大道	xgdd	1	4
香菇炖鸡	xgdj	3	4
修改代码	xgdm	1	4
下岗多年	xgdn	1	4
小股敌人	xgdr	1	4
小官大贪	xgdt	1	4
想干点啥	xgdu	1	4
星光大赏	xgdu	2	4
闲工夫	xgf	1	3
下功夫	xgf	2	3
修改方案	xgfa	1	4
行个方便	xgfb	1	4
相关法规	xgfg	1	4
相关附件	xgfj	1	4
新贵妃醉酒	xgfj	2	4
相关反馈	xgfk	1	4
相关法律	xgfl	1	4
习惯方式	xgfu	1	4
小广告	xgg	1	3
小哥哥	xgg	2	3
小乖乖	xgg	3	3
膝盖骨	xgg	4	3
修改稿	xgg	5	3
相关规定	xggd	1	4
效果更好	xggh	1	4
橡果国际	xggj	1	4
相关管理	xggl	1	4
性格怪僻	xggp	1	4
相关工作	xggz	1	4
香港回归	xghg	1	4
性感荷官	xghg	2	4
效果很好	xghh	1	4
相关函数	xghu	1	4
辛甘化阳	xghy	1	4
像个孩子	xghz	1	4
小高潮	xgi	1	3
性高潮	xgi	2	3
相关成本	xgib	1	4
相关程度	xgid	1	4
相关处罚	xgif	1	4
习惯成自然	xgir	1	4
洗干净	xgj	1	3
膝关节	xgj	2	3
小公举	xgj	3	3
香港脚	xgj	4	3
习惯就好	xgjh	1	4
性格坚强	xgjq	1	4
相干解调	xgjt	1	4
小官巨贪	xgjt	2	4
相关介绍	xgju	1	4
宣告结束	xgju	2	4
小鬼僵尸	xgju	3	4
相隔久远	xgjy	1	4
性格决定命运	xgjy	2	4
性格急躁	xgjz	1	4
相关课程	xgki	1	4
效果控件	xgkj	1	4
性格开朗	xgkl	1	4
相关科目	xgkm	1	4
习惯了	xgl	1	3
醒过来	xgl	2	3
小概率	xgl	3	3
相关联	xgl	4	3
血管瘤	xgl	5	3
限购令	xgl	6	3
下个礼拜	xglb	1	4
雪国列车	xgli	1	4
相关链接	xglj	1	4
小概率事件	xglj	2	4
醒过来了	xgll	2	4
效果拉满	xglm	1	4
修改论文	xglw	1	4
想干嘛	xgm	1	3
小规模	xgm	2	3
西格玛	xgm	3	3
西瓜帽	xgm	4	3
想个明白	xgmb	1	4
西格玛男人	xgmr	1	4
性感模特	xgmt	1	4
宣告灭亡	xgmw	1	4
效果明显	xgmx	1	4
小姑娘	xgn	1	3
新功能	xgn	2	3
性功能	xgn	3	3
新概念	xgn	4	3
小鬼难缠	xgni	1	4
小姑娘家家	xgnj	1	4
相关内容	xgnr	1	4
性格内向	xgnx	1	4
小钢炮	xgp	1	3
西瓜皮	xgp	2	3
学狗爬	xgp	3	3
效果评价	xgpj	1	4
相关培训	xgpx	1	4
修改器	xgq	1	3
效果器	xgq	2	3
想个清楚	xgqi	1	4
相关情况	xgqk	1	4
相隔千里	xgql	1	4
斜杠青年	xgqn	1	4
性格气质	xgqv	1	4
性格缺陷	xgqx	1	4
香港人	xgr	1	3
相关人	xgr	2	3
相关软件	xgrj	1	4
侠骨柔情	xgrq	1	4
性格软弱	xgrr	1	4
相关人员	xgry	1	4
下岗人员	xgry	2	4
想干什么	xgsm	1	4
宣告死亡	xgsw	1	4
习惯思维	xgsw	2	4
效果图	xgt	1	3
西瓜头	xgt	2	3
细高挑	xgt	3	3
香港同胞	xgtb	1	4
细高挑儿	xgte	1	4
相关推荐	xgtj	1	4
香港特别行政区	xgtq	2	4
西瓜投手	xgtu	1	4
性格特征	xgtv	1	4
膝盖上	xgu	1	3
小故事	xgu	2	3
习惯上	xgu	3	3
西瓜霜	xgu	4	3
像个傻瓜	xgug	1	4
新官上任三把火	xguh	1	4
小狗失落	xgul	1	4
西瓜视频	xgup	1	4
小鹳双拼	xgup	2	4
星光闪闪	xguu	1	4
相关设施	xguu	2	4
性格爽直	xguv	1	4
相关事宜	xguy	1	4
小公主	xgv	1	3
西瓜汁	xgv	2	3
寻根追底	xgvd	1	4
兴国之魂	xgvh	1	4
效果炸裂	xgvl	1	4
兴国之要	xgvy	1	4
先干为敬	xgwj	1	4
血管外科	xgwk	1	4
相隔万里	xgwl	1	4
性格温柔	xgwr	1	4
习惯问题	xgwt	2	4
霞光万丈	xgwv	1	4
相关网站	xgwv	2	4
性格外向	xgwx	1	4
相关文献	xgwx	2	4
相顾无言	xgwy	1	4
习惯性	xgx	1	3
相关性	xgx	2	3
性关系	xgx	3	3
新干线	xgx	4	3
习惯性地	xgxd	1	4
形槁心灰	xgxh	1	4
校规校纪	xgxj	1	4
学哥学姐	xgxj	2	4
相关系数	xgxu	1	4
效果显著	xgxv	1	4
习惯行为	xgxw	1	4
相关新闻	xgxw	2	4
心肝血虚	xgxx	1	4
相关信息	xgxx	2	4
相关协议	xgxy	1	4
下个月	xgy	1	3
习惯于	xgy	2	3
新工艺	xgy	3	3
修改意见	xgyj	1	4
献歌一首	xgyu	1	4
性感尤物	xgyw	1	4
修改一下	xgyx	1	4
星光熠熠	xgyy	2	4
洗个澡	xgz	1	3
小个子	xgz	2	3
洗过澡	xgz	3	3
下馆子	xgz	4	3
新规则	xgz	5	3
西瓜籽	xgz	6	3
习惯做法	xgzf	1	4
相关资料	xgzl	1	4
性工作者	xgzv	1	4
相关资质	xgzv	2	4
洗个澡先	xgzx	1	4
下岗再就业	xgzy	1	4
喜欢	xh	1	2
学会	xh	2	2
小孩	xh	3	2
西海岸	xha	1	3
小伙伴	xhb	1	3
香火不断	xhbd	1	4
循环播放	xhbf	1	4
信号不好	xhbh	1	4
消化不良	xhbl	1	4
小伙伴们	xhbm	2	4
相互帮助	xhbv	1	4
杏花村	xhc	1	3
仙鹤草	xhc	2	3
凶狠残暴	xhcb	1	4
新华词典	xhcd	1	4
小荷才露尖尖角	xhcj	2	4
星汉灿烂	xhcl	1	4
相互残杀	xhcu	1	4
小坏蛋	xhd	1	3
信号灯	xhd	2	3
信号弹	xhd	3	3
消化道	xhd	4	3
小虎队	xhd	5	3
邪乎到家必有鬼	xhdg	1	4
西河大鼓	xhdg	2	4
消耗殆尽	xhdj	2	4
小孩都馋哭了	xhdl	1	4
喜欢的人	xhdr	1	4
巡航导弹	xhdt	1	4
信号丢失	xhdu	1	4
小孩儿	xhe	1	3
歇会儿	xhe	2	3
心怀恶意	xhey	1	4
心怀二意	xhey	2	4
小黑粉	xhf	1	3
新婚夫妇	xhff	2	4
喜获丰收	xhfu	1	4
小鹤飞扬	xhfy	1	4
下颌骨	xhg	1	3
雪花膏	xhg	2	3
鞋后跟	xhg	3	3
鲜活感	xhg	4	3
心怀感恩	xhge	1	4
血汗工厂	xhgi	1	4
心怀感激	xhgj	1	4
吓昏过去	xhgq	1	4
吓昏古七	xhgq	2	4
笑呵呵	xhh	1	3
小混混	xhh	2	3
笑哈哈	xhh	3	3
小红花	xhh	4	3
心慌慌	xhh	5	3
小混混儿	xhhe	1	4
信号很差	xhhi	1	4
先横后竖	xhhu	1	4
心怀好意	xhhy	1	4
小货车	xhi	1	3
小黄车	xhi	2	3
信号差	xhi	3	3
向何处去	xhiq	1	4
相互承认	xhir	1	4
相互冲突	xhit	1	4
信号传输	xhiu	1	4
鲜花插在牛粪上	xhiu	2	4
相互间	xhj	1	3
想回家	xhj	2	3
新环境	xhj	3	3
雄黄酒	xhj	4	3
星号键	xhj	5	3
衔环结草	xhjc	1	4
新欢旧好	xhjh	1	4
喜欢就好	xhjh	2	4
闲话家常	xhji	1	4
相互借鉴	xhjj	2	4
信号接口	xhjk	1	4
相互交流	xhjl	1	4
先后进入	xhjr	1	4
相互竞争	xhjv	1	4
心怀侥幸	xhjx	1	4
向后看	xhk	1	3
胸怀宽广	xhkg	1	4
新婚快乐	xhkl	1	4
学会宽容	xhkr	1	4
相互克制	xhkv	1	4
学会了	xhl	1	3
想好了	xhl	2	3
吓坏了	xhl	3	3
写好了	xhl	4	3
心好累	xhl	5	3
消耗量	xhl	6	3
西葫芦	xhl	7	3
心花路放	xhlf	1	4
相互了解	xhlj	2	4
羞红了脸	xhll	2	4
鲜花礼品	xhlp	1	4
信号流图	xhlt	1	4
循环论证	xhlv	1	4
相互利用	xhly	2	4
小火苗	xhm	1	3
小红帽	xhm	2	3
消化酶	xhm	3	3
相互矛盾	xhmd	1	4
西湖美景	xhmj	1	4
心怀梦想	xhmx	1	4
喜欢你	xhn	1	3
想和你	xhn	2	3
瞎胡闹	xhn	3	3
循环内科	xhnk	1	4
消耗能量	xhnl	1	4
续航能力	xhnl	2	4
猩红女巫	xhnw	1	4
消耗能源	xhny	1	4
消耗品	xhp	1	3
相互配合	xhph	1	4
小孩脾气	xhpq	1	4
相互碰撞	xhpv	1	4
香火钱	xhq	1	3
血汗钱	xhq	2	3
信号枪	xhq	3	3
相互区别	xhqb	1	4
信号强度	xhqd	2	4
消化器官	xhqg	1	4
玄乎其玄	xhqx	1	4
吓唬人	xhr	1	3
小黄人	xhr	2	3
猩红热	xhr	3	3
相互让步	xhrb	1	4
循环冗余	xhry	1	4
鲜红色	xhs	1	3
循环赛	xhs	2	3
巡回赛	xhs	3	3
新花色	xhs	4	3
学会思考	xhsk	1	4
喜欢什么	xhsm	1	4
想喝什么	xhsm	2	4
喜欢他	xht	1	3
喜欢她	xht	2	3
寻呼台	xht	3	3
消耗体能	xhtn	1	4
先后投入	xhtr	1	4
鲜花坦途	xhtt	2	4
喜欢上	xhu	1	3
小红书	xhu	2	3
西红柿	xhu	3	3
小和尚	xhu	4	3
小护士	xhu	5	3
新华社	xhu	6	3
消火栓	xhu	7	3
相互识别	xhub	1	4
西红柿鸡蛋	xhud	2	4
西红柿炒鸡蛋	xhud	3	4
续航时间	xhuj	1	4
鲜花盛开	xhuk	1	4
西红柿鸡蛋面	xhum	1	4
西红柿面	xhum	2	4
喜欢上你	xhun	1	4
小鹤双拼	xhup	1	4
西红柿鸡蛋汤	xhut	1	4
闲话少说	xhuu	1	4
先后顺序	xhux	1	4
心火上炎	xhuy	1	4
向后转	xhv	1	3
熊孩纸	xhv	2	3
小孩纸	xhv	3	3
绣花针	xhv	4	3
消耗战	xhv	5	3
巡回展	xhv	6	3
相互转告	xhvg	1	4
相互转化	xhvh	1	4
相互支持	xhvi	1	4
巡回展出	xhvi	2	4
巡回展览	xhvl	1	4
携号转网	xhvw	1	4
闲话终日有，不听自然无	xhvw	2	4
新婚之喜	xhvx	1	4
新婚之夜	xhvy	1	4
相互制约	xhvy	2	4
相互指责	xhvz	1	4
喜欢我	xhw	1	3
小黑屋	xhw	2	3
性行为	xhw	3	3
新华网	xhw	4	3
学海无边	xhwb	1	4
先后完成	xhwi	1	4
悬壶问世	xhwu	1	4
学会为止	xhwv	1	4
学海无涯苦作舟	xhwv	2	4
绣花鞋	xhx	1	3
下狠心	xhx	2	3
下划线	xhx	3	3
小浣熊	xhx	4	3
小户型	xhx	5	3
性幻想	xhx	6	3
消化腺	xhx	7	3
幸会幸会	xhxh	1	4
现货现卖	xhxm	1	4
相互信任	xhxr	1	4
玄幻小说	xhxu	1	4
循环小数	xhxu	2	4
相互学习	xhxx	1	4
邂逅相遇	xhxy	1	4
新花样	xhy	1	3
相呼应	xhy	2	3
歇后语	xhy	3	3
相互拥抱	xhyb	1	4
相互依靠	xhyk	1	4
洗护用品	xhyp	1	4
虚晃一招	xhyv	2	4
小鹤音形	xhyx	2	4
小隺鸟音开彡	xhyx	3	4
小孩子	xhz	1	3
小伙子	xhz	2	3
熊孩子	xhz	3	3
小黑子	xhz	4	3
小孩子过家家	xhzj	2	4
小孩子脾气	xhzq	1	4
小孩子才做选择题	xhzt	1	4
相互尊重	xhzv	1	4
消耗资源	xhzy	2	4
小孩子才做选择	xhzz	1	4
现场	xi	2	2
形成	xi	3	2
行程安排	xiap	2	4
行车安全	xiaq	1	4
现场版	xib	2	3
宣传部	xib	3	3
哮喘病	xib	4	3
夏虫不可语冰	xibb	1	4
心肠不坏	xibh	1	4
宣传部门	xibm	3	4
现场报名	xibm	4	4
西楚霸王	xibw	2	4
相差不小	xibx	2	4
寻常百姓	xibx	3	4
宣传标语	xiby	2	4
现场采访	xicf	1	4
宣传单	xid	2	3
小吃店	xid	3	3
宣传队	xid	4	3
瞎扯蛋	xid	5	3
性冲动	xid	6	3
鲜橙多	xid	7	3
心肠歹毒	xidd	3	4
宣传大使	xidu	3	4
想吃饭	xif	2	3
夏常服	xif	3	3
先吃饭吧	xifb	1	4
小乘佛教	xifj	2	4
羞耻感	xig	2	3
血常规	xig	3	3
新成果	xig	4	3
学成归来	xigl	2	4
小城故事	xigu	3	4
现场观众	xigv	1	4
现场工作	xigz	2	4
现场会	xih	2	3
宣传画	xih	3	3
心肠坏	xih	4	3
宣传活动	xihd	1	4
现场互动	xihd	2	4
学成回国	xihg	1	4
先尝后买	xihm	1	4
兴冲冲	xii	2	3
形成传统	xiit	1	4
小吃街	xij	2	3
小长假	xij	3	3
新成就	xij	4	3
县处级	xij	5	3
小丑竟是我自己	xijj	2	4
现场解决	xijj	3	4
行车记录	xijl	3	4
现场教学	xijx	2	4
宣传科	xik	2	3
修车库	xik	3	3
宣传口号	xikh	2	4
新春快乐	xikl	2	4
形成了	xil	2	3
写出来	xil	3	3
消除了	xil	4	3
想出来	xil	5	3
献丑了	xil	6	3
宣传栏	xil	7	3
新潮流	xil	8	3
宣传力度	xild	2	4
笑出了猪叫	xilj	2	4
咸吃萝卜淡操心	xilx	1	4
小丑面具	ximj	1	4
香车美女	ximn	2	4
小处男	xin	2	3
西城男孩	xinh	1	4
宣传片	xip	2	3
新产品	xip	3	3
香肠派对	xipd	2	4
消除疲劳	xipl	1	4
现场拍卖	xipm	2	4
小插曲	xiq	2	3
吸尘器	xiq	3	3
笑岔气	xiq	4	3
笑出强大	xiqd	1	4
孝出强大	xiqd	2	4
形成气候	xiqh	2	4
寻常人	xir	2	3
心肠软	xir	3	3
相处融洽	xirq	1	4
想吃什么	xism	1	4
相冲突	xit	2	3
行差踏错	xitc	2	4
笑出声	xiu	2	3
小城市	xiu	3	3
性成熟	xiu	4	3
宣传手册	xiuc	2	4
宣传手段	xiud	2	4
下沉市场	xiui	7	4
献出生命	xium	1	4
心弛神往	xiuw	2	4
相差甚远	xiuy	2	4
现场收音	xiuy	3	4
新长征	xiv	2	3
消除障碍	xiva	1	4
新春祝福	xivf	1	4
笑出猪叫	xivj	3	4
携程网	xiw	2	3
羞耻心	xix	2	3
小程序	xix	3	3
宣传性	xix	4	3
新成员	xiy	2	3
宣传员	xiy	3	3
心肠硬	xiy	4	3
形成一种	xiyv	1	4
宣传作用	xizy	1	4
小姐	xj	1	2
细节	xj	2	2
下降	xj	3	2
性价比	xjb	1	3
瞎几把	xjb	2	3
心机婊	xjb	3	3
湘教版	xjb	4	3
锈迹斑斑	xjbb	2	4
性价比低	xjbd	1	4
虚假报道	xjbd	2	4
想尽办法	xjbf	1	4
解决办法	xjbf	2	4
性价比高	xjbg	1	4
相交不拆	xjbi	1	4
瞎鸡巴扯	xjbi	2	4
消极比赛	xjbs	1	4
星级标准	xjbv	1	4
下酒菜	xjc	1	3
下基层	xjc	2	3
新举措	xjc	3	3
谢绝参观	xjcg	1	4
现阶段	xjd	1	3
下降到	xjd	2	3
刑警队	xjd	3	3
小家电	xjd	4	3
新阶段	xjd	5	3
咸鸡蛋	xjd	6	3
新旧对比	xjdb	1	4
刑警大队	xjdd	1	4
小鸡炖蘑菇	xjdg	2	4
现金大奖	xjdj	1	4
先进典型	xjdx	1	4
小件东西	xjdx	2	4
心旌动摇	xjdy	1	4
相继而出	xjei	1	4
席卷而去	xjeq	2	4
选举法	xjf	1	3
夏季风	xjf	2	3
性解放	xjf	3	3
消极腐败	xjfb	1	4
显尽风采	xjfc	1	4
星级饭店	xjfd	1	4
想尽方法	xjff	1	4
先进方法	xjff	2	4
孝敬父母	xjfm	1	4
现金分期	xjfq	1	4
小酒馆	xjg	1	3
县级干部	xjgb	1	4
乡级干部	xjgb	2	4
细菌感染	xjgr	2	4
先进工作者	xjgv	1	4
锡接过线	xjgx	1	4
小家伙	xjh	1	3
相结合	xjh	2	3
戏剧化	xjh	3	3
瞎搅和	xjh	4	3
相煎何太急	xjhj	2	4
先奸后杀	xjhu	1	4
相距很远	xjhy	1	4
小轿车	xji	1	3
洗剪吹	xji	2	3
行军床	xji	3	3
心急吃不了热豆腐	xjif	1	4
迅捷斥候	xjih	1	4
相继出现	xjix	1	4
星际穿越	xjiy	1	4
小姐姐	xjj	1	3
洗洁精	xjj	2	3
小鸡鸡	xjj	3	3
小九九	xjj	4	3
雄赳赳，气昂昂	xjja	1	4
雄赳赳气昂昂	xjja	2	4
细节决定成败	xjjb	1	4
星级酒店	xjjd	1	4
现金奖励	xjjl	1	4
相继进入	xjjr	1	4
现金结算	xjjs	1	4
相机镜头	xjjt	3	4
现金交易	xjjy	1	4
先进经验	xjjy	2	4
小金库	xjk	1	3
下节课	xjk	2	3
性饥渴	xjk	3	3
性健康	xjk	4	3
胸襟开阔	xjkk	1	4
行迹可疑	xjky	2	4
小精灵	xjl	1	3
下降了	xjl	2	3
现金流	xjl	3	3
下结论	xjl	4	3
下九流	xjl	5	3
新纪录	xjl	6	3
下脚料	xjl	7	3
想尽了	xjl	8	3
徐静蕾	xjl	9	3
想尽了一切办法	xjlf	2	4
星级旅馆	xjlg	1	4
嗅觉灵敏	xjlm	1	4
细节拉满	xjlm	2	4
星际联盟	xjlm	3	4
先进理念	xjln	1	4
孝敬老人	xjlr	1	4
现金流入	xjlr	2	4
新局面	xjm	1	3
星际迷航	xjmh	1	4
行将灭亡	xjmw	1	4
下降明显	xjmx	1	4
相机模组	xjmz	1	4
新技能	xjn	1	3
新嫁娘	xjn	2	3
陷进泥土	xjnt	1	4
寻机闹事	xjnu	1	4
新加坡	xjp	1	3
喜剧片	xjp	2	3
香蕉皮	xjp	3	3
洗脚盆	xjp	4	3
小键盘	xjp	5	3
小键盘区	xjpq	1	4
陷进去	xjq	1	3
选举权	xjq	2	3
橡胶圈	xjq	3	3
现金券	xjq	4	3
席卷全国	xjqg	1	4
仙剑奇侠传	xjqi	1	4
相继去世	xjqu	1	4
消极情绪	xjqx	1	4
选举人	xjr	1	3
新疆人	xjr	2	3
雄激素	xjs	1	3
性激素	xjs	2	3
小家庭	xjt	1	3
心绞痛	xjt	2	3
新教徒	xjt	3	3
小集团	xjt	4	3
下降头	xjt	5	3
萧敬腾	xjt	6	3
戏剧团	xjt	7	3
消极态度	xjtd	1	4
学界泰斗	xjtd	2	4
选举通过	xjtg	1	4
星际拓荒	xjth	1	4
学究天人	xjtr	1	4
新旧体制	xjtv	1	4
新技术	xju	1	3
县级市	xju	2	3
香蕉水	xju	3	3
先进设备	xjub	1	4
修脚师傅	xjuf	1	4
心机深沉	xjui	1	4
先进生产力	xjul	1	4
现金收入	xjur	1	4
现金收支	xjuv	1	4
相距甚远	xjuy	1	4
袭击者	xjv	1	3
选举制	xjv	2	3
细菌战	xjv	3	3
星际争霸	xjvb	1	4
现金支付	xjvf	1	4
小鸡啄米	xjvm	2	4
星际殖民	xjvm	3	4
现金支票	xjvp	1	4
虚骄之气	xjvq	1	4
性急之人	xjvr	1	4
席卷之势	xjvu	1	4
喜剧之王	xjvw	1	4
橡胶碗	xjw	1	3
新疆舞	xjw	2	3
血溅五步	xjwb	1	4
新建文本文档	xjwd	1	4
新建文件夹	xjwj	1	4
闲极无聊	xjwl	1	4
新疆维吾尔自治区	xjwq	2	4
细节问题	xjwt	1	4
新疆卫视	xjwu	2	4
下决心	xjx	1	3
戏剧性	xjx	2	3
先进性	xjx	3	3
现金消费	xjxf	1	4
喜剧效果	xjxg	1	4
相机型号	xjxh	1	4
虚假宣传	xjxi	1	4
许久许久	xjxj	1	4
乡间小路	xjxl	1	4
相较于	xjy	1	3
新纪元	xjy	2	3
新家园	xjy	3	3
性教育	xjy	4	3
性经验	xjy	5	3
西江月	xjy	6	3
心肌炎	xjy	7	3
想尽一切办法	xjyf	1	4
细节优化	xjyh	1	4
新建用户	xjyh	2	4
希捷银河	xjyh	3	4
蓄精养锐	xjyr	1	4
消极影响	xjyx	1	4
喜剧演员	xjyy	2	4
小舅子	xjz	1	3
心静自然凉	xjzl	1	4
消极作用	xjzy	1	4
辛苦	xk	2	2
彳亍	xk	3	2
小可爱	xka	2	3
斜挎包	xkb	1	3
新课标	xkb	2	3
小开不算开	xkbk	3	4
夏枯草	xkc	2	3
想开点	xkd	1	3
辛苦费	xkf	1	3
性亢奋	xkf	2	3
学科分类	xkfl	1	4
学科发展	xkfv	1	4
学科方向	xkfx	1	4
笑看风云	xkfy	1	4
选框工具	xkgj	3	4
相抗衡	xkh	1	3
下课后	xkh	2	3
小括号	xkh	3	3
先快后慢	xkhm	1	4
小客车	xki	1	3
新课程	xki	2	3
孝口常开	xkik	2	4
新款车型	xkix	1	4
小口径	xkj	2	3
新科技	xkj	3	3
许可进入	xkjr	1	4
小康家庭	xkjt	1	4
先看看	xkk	1	3
辛苦了	xkl	2	3
心坎里	xkl	3	3
下课铃	xkl	4	3
星空两笔	xklb	2	4
休克疗法	xklf	1	4
辛苦劳累	xkll	1	4
新开楼盘	xklp	2	4
相看两不厌	xkly	1	4
想看哪个	xkng	2	4
辛苦你了	xknl	1	4
小看你了	xknl	2	4
学科排名	xkpm	2	4
辛苦钱	xkq	2	3
歇口气	xkq	3	3
许可权限	xkqx	1	4
虚空索敌	xksd	1	4
休克死亡	xksw	1	4
新课题	xkt	2	3
心宽体肥	xktf	1	4
新款式	xku	1	3
新款上市	xkuu	5	4
许可证	xkv	2	3
新开张	xkv	3	3
学科知识	xkvu	2	4
寻开心	xkx	2	3
小咖秀	xkx	3	3
下框线	xkx	4	3
辛苦辛苦	xkxk	8	4
相克相生	xkxu	2	4
先看一遍	xkyb	2	4
下课以后	xkyh	2	4
胸口一热	xkyr	2	4
下来	xl	2	2
系列	xl	3	2
心理暗示	xlau	1	4
心理安慰	xlaw	1	4
下礼拜	xlb	2	3
小笼包	xlb	3	3
小喇叭	xlb	4	3
小老板	xlb	5	3
限量版	xlb	6	3
训练班	xlb	7	3
线路板	xlb	8	3
行李包	xlb	9	3
修理部	xlb	10	3
心里不安	xlba	1	4
迅雷不及掩耳	xlbe	1	4
洗了把脸	xlbl	1	4
迅雷不及掩耳盗铃	xlbl	2	4
心律不齐	xlbq	2	4
心里不忍	xlbr	2	4
想了半天	xlbt	1	4
心理变态	xlbt	2	4
迅雷不及掩耳之势	xlbu	3	4
迅雷不及掩耳盗铃之势	xlbu	4	4
血流不止	xlbv	1	4
学历层次	xlcc	2	4
下拉菜单	xlcd	4	4
行令猜拳	xlcq	1	4
心理测试	xlcu	1	4
系列丛书	xlcu	2	4
小老弟	xld	2	3
巡逻队	xld	3	3
校领导	xld	4	3
修罗道	xld	5	3
性冷淡	xld	6	3
喜来登	xld	7	3
详略得当	xldd	2	4
心里打鼓	xldg	2	4
效率低下	xldx	1	4
学雷锋	xlf	2	3
洗理费	xlf	3	3
心理负担	xlfd	1	4
小李飞刀	xlfd	2	4
下了飞机	xlfj	4	4
心里烦恼	xlfn	1	4
心裂肺炸	xlfv	1	4
贤良方正	xlfv	2	4
心理防线	xlfx	1	4
心理分析	xlfx	2	4
心理反应	xlfy	1	4
修理费用	xlfy	2	4
新郎官	xlg	2	3
修理工	xlg	3	3
效率高	xlg	4	3
犀利哥	xlg	5	3
下列规定	xlgd	1	4
想了个办法	xlgf	1	4
线路规划	xlgh	2	4
心灵沟通	xlgt	1	4
心灵感应	xlgy	1	4
瞎了狗眼	xlgy	2	4
洗了个澡	xlgz	2	4
心里话	xlh	2	3
序列号	xlh	3	3
小狼毫	xlh	4	3
西兰花	xlh	5	3
想了很久	xlhj	2	4
想了好久	xlhj	3	4
训练痕迹	xlhj	4	4
心里害怕	xlhp	1	4
训练场	xli	2	3
修理厂	xli	3	3
行李车	xli	4	3
修炼成精	xlij	1	4
心理承受能力	xlil	1	4
心理冲突	xlit	1	4
心理创伤	xliu	3	4
训练家	xlj	2	3
小辣椒	xlj	3	3
心里急	xlj	4	3
系列剧	xlj	5	3
洗脸巾	xlj	6	3
行李架	xlj	7	3
行李寄存	xljc	3	4
行李寄存处	xlji	4	4
小鹿姐姐	xljj	2	4
心理健康	xljk	2	4
心灵鸡汤	xljt	2	4
心理建设	xlju	3	4
心理教师	xlju	4	4
心理价位	xljw	1	4
小两口	xlk	2	3
下拉框	xlk	3	3
线路开关	xlkg	1	4
训练科目	xlkm	1	4
吸了口气	xlkq	1	4
吁了口气	xlkq	2	4
小萝莉	xll	2	3
血淋淋	xll	3	3
心领了	xll	4	3
惜老怜贫	xllp	2	4
心理老师	xllu	2	4
小鹿乱撞	xllv	1	4
心里面	xlm	2	3
小流氓	xlm	3	3
心灵美	xlm	4	3
泄了密	xlm	5	3
心里明白	xlmb	2	4
心里没底	xlmd	1	4
心里没谱	xlmp	1	4
心理描写	xlmx	1	4
小龙女	xln	2	3
希腊奶	xln	3	3
心理年龄	xlnl	1	4
心理扭曲	xlnq	1	4
训练内容	xlnr	1	4
下列内容	xlnr	2	4
心里难受	xlnu	1	4
信了你的邪	xlnx	1	4
瞎了你的狗眼	xlny	1	4
小老婆	xlp	2	3
小礼品	xlp	3	3
洗脸盆	xlp	4	3
系列片	xlp	5	3
心理平衡	xlph	1	4
想了片刻	xlpk	1	4
系列品牌	xlpp	1	4
心理品质	xlpv	1	4
系列品种	xlpv	2	4
泄了气	xlq	1	3
学龄前	xlq	2	3
训练强度	xlqd	1	4
下利清谷	xlqg	1	4
心里清楚	xlqi	5	4
仙露琼浆	xlqj	1	4
想了起来	xlql	1	4
笑了起来	xlql	2	4
响了起来	xlql	3	4
下列情形	xlqx	1	4
心理缺陷	xlqx	2	4
心理倾向	xlqx	3	4
希腊人	xlr	2	3
系铃人	xlr	3	3
向来如此	xlrc	2	4
心理弱点	xlrd	1	4
祥林嫂	xls	2	3
相类似	xls	3	3
心理素质	xlsv	2	4
心里头	xlt	1	3
巡逻艇	xlt	2	3
小灵通	xlt	3	3
线路图	xlt	4	3
泻立停	xlt	5	3
小脸通红	xlth	1	4
心里突突跳	xltt	1	4
心理上	xlu	2	3
心里说	xlu	3	3
血泪史	xlu	4	3
夏令时	xlu	5	3
心理疏导	xlud	1	4
心理上的	xlud	2	4
心灵上的	xlud	3	4
心乱神迷	xlum	1	4
降龙十八掌	xluv	3	4
下列事项	xlux	1	4
洗脸刷牙	xluy	1	4
心理战	xlv	1	3
霰粒肿	xlv	2	3
心理障碍	xlva	1	4
心理准备	xlvb	1	4
醒来之后	xlvh	3	4
心里着急	xlvj	2	4
心理治疗	xlvl	2	4
心理状态	xlvt	1	4
心理战术	xlvu	3	4
小礼物	xlw	2	3
写论文	xlw	3	3
希腊文	xlw	4	3
下流无耻	xlwi	1	4
学历文凭	xlwp	1	4
新浪微群	xlwq	2	4
心理问题	xlwt	1	4
吓了我一跳	xlwt	2	4
心理卫生	xlwu	2	4
系列文章	xlwv	1	4
笑了笑	xlx	2	3
想了想	xlx	3	3
相联系	xlx	4	3
心里想	xlx	5	3
小龙虾	xlx	6	3
心理学	xlx	7	3
行李箱	xlx	8	3
下了血本	xlxb	3	4
心理性别	xlxb	4	4
新郎新娘	xlxn	2	4
狭路相逢勇者胜	xlxu	2	4
戏里戏外	xlxw	1	4
瞎了眼	xly	1	3
叙利亚	xly	2	3
训练营	xly	3	3
夏令营	xly	4	3
效力于	xly	5	3
新领域	xly	6	3
希腊语	xly	7	3
心里一动	xlyd	1	4
心里有底	xlyd	2	4
心里有鬼	xlyg	1	4
想了一个	xlyg	2	4
想了一会	xlyh	5	4
心里一沉	xlyi	3	4
心理阴影面积	xlyj	3	4
吸了一口	xlyk	3	4
心理压力	xlyl	1	4
旋律优美	xlym	1	4
小撸怡情，大撸伤身，强撸灰飞烟灭	xlym	2	4
吸了一口气	xlyq	1	4
小撸怡情	xlyq	2	4
心理因素	xlys	3	4
吓了一大跳	xlyt	4	4
心理医生	xlyu	6	4
想了一下	xlyx	1	4
笑了一下	xlyx	2	4
心理阴影	xlyy	2	4
心里痒痒	xlyy	3	4
小李子	xlz	1	3
新路子	xlz	2	3
学历造假	xlzj	2	4
希腊字母	xlzm	1	4
心理咨询	xlzx	1	4
心理作用	xlzy	1	4
下面	xm	2	2
羡慕	xm	3	2
项目安排	xmap	1	4
想明白	xmb	2	3
小目标	xmb	3	3
小卖部	xmb	4	3
小面包	xmb	5	3
西门豹	xmb	6	3
项目表	xmb	7	3
性命不保	xmbb	1	4
项目编号	xmbh	1	4
项目背景	xmbj	3	4
想明白了	xmbl	1	4
小马宝莉	xmbl	2	4
血脉贲张	xmbv	1	4
羡慕不已	xmby	1	4
朽木不可雕也	xmby	2	4
心脉痹阻	xmbz	1	4
新名词	xmc	2	3
项目策划	xmch	1	4
项目财务	xmcw	1	4
消灭掉	xmd	2	3
小迷弟	xmd	3	3
相矛盾	xmd	4	3
鲜明对比	xmdb	1	4
鲜明的对比	xmdb	2	4
醒目担当	xmdd	2	4
姓名电话	xmdh	3	4
消磨殆尽	xmdj	5	4
项目对接	xmdj	6	4
小猫钓鱼	xmdy	2	4
玄冥二老	xmel	1	4
小麻烦	xmf	2	3
项目符号	xmfh	2	4
虚名浮利	xmfl	1	4
项目负责人	xmfr	1	4
朽木粪土	xmft	1	4
血脉偾张	xmfv	2	4
项目费用	xmfy	2	4
小蘑菇	xmg	2	3
小马哥	xmg	3	3
小马过河	xmgh	1	4
项目工程	xmgi	1	4
选美冠军	xmgj	1	4
项目管理	xmgl	2	4
兄妹关系	xmgx	1	4
笑面虎	xmh	1	3
小毛孩	xmh	2	3
瞎忙活	xmh	3	3
选美皇后	xmhh	1	4
先慢后快	xmhk	1	4
相貌出众	xmiv	1	4
刑满出狱	xmiy	2	4
羡慕嫉妒	xmjd	1	4
项目金额	xmje	1	4
羡慕嫉妒恨	xmjh	1	4
项目介绍	xmju	3	4
血脉觉醒	xmjx	4	4
项目经验	xmjy	2	4
校门口	xmk	2	3
新面孔	xmk	3	3
项目开发	xmkf	1	4
项目开工	xmkg	3	4
下命令	xml	2	3
小毛驴	xml	3	3
心目里	xml	4	3
小马拉大车	xmli	4	4
醒目留言	xmly	3	4
小妹妹	xmm	2	3
笑眯眯	xmm	3	3
小迷妹	xmm	4	3
新面貌	xmm	5	3
小美眉	xmm	6	3
休眠模式	xmmu	2	4
项目描述	xmmu	3	4
小美女	xmn	2	3
洗面奶	xmn	3	3
性命难保	xmnb	1	4
项目内容	xmnr	1	4
下面那种	xmnv	2	4
下面那些	xmnx	1	4
小卖铺	xmp	2	3
小米平板	xmpb	2	4
相貌平凡	xmpf	1	4
项目评估	xmpg	1	4
相貌平平	xmpp	1	4
瞎猫碰到死耗子	xmpz	1	4
瞎猫碰上死耗子	xmpz	2	4
西门庆	xmq	2	3
休眠期	xmq	3	3
胸闷气短	xmqd	1	4
迅猛前进	xmqj	1	4
项目确认	xmqr	3	4
兄妹情深	xmqu	3	4
项目任务	xmrw	1	4
项目如下	xmrx	1	4
席梦思	xms	2	3
朽木死灰	xmsh	1	4
羡慕死了	xmsl	1	4
新媒体	xmt	2	3
星鸣特工	xmtg	1	4
厦门市	xmu	2	3
项目施工	xmug	3	4
消磨时间	xmuj	3	4
小米手机	xmuj	4	4
项目设计	xmuj	5	4
项目审批	xmup	1	4
项目申请	xmuq	1	4
心目中	xmv	2	3
小拇指	xmv	3	3
小米粥	xmv	4	3
项目主管	xmvg	3	4
新民主主义革命	xmvm	1	4
项目指南	xmvn	1	4
下面这种	xmvv	1	4
谢幕之战	xmvv	2	4
下面这些	xmvx	1	4
性命之忧	xmvy	1	4
新民主主义	xmvy	2	4
下马威	xmw	2	3
项目文档	xmwd	3	4
小魔仙	xmx	2	3
修满学分	xmxf	1	4
想没想过	xmxg	1	4
血脉相连	xmxl	3	4
小蛮腰	xmy	2	3
小绵羊	xmy	3	3
畜牧业	xmy	4	3
细毛羊	xmy	5	3
奚梦瑶	xmy	6	3
虾米音乐	xmyl	2	4
小米有品	xmyp	1	4
小码音托	xmyt	3	4
血脉压制	xmyv	1	4
邪魅一笑	xmyx	1	4
虾米音乐	xmyy	2	4
项目组	xmz	2	3
西门子	xmz	3	3
项目责任	xmzr	1	4
想念	xn	2	2
喜怒哀惧	xnaj	1	4
西南部	xnb	2	3
仙女棒	xnb	3	3
性能不好	xnbh	2	4
喜怒不形于色	xnbs	1	4
性能标准	xnbv	3	4
性能表现	xnbx	1	4
新农村	xnc	2	3
性能参数	xncu	1	4
性能测试	xncu	2	4
学年度	xnd	2	3
性虐待	xnd	3	3
血浓度	xnd	4	3
香奈儿	xne	1	3
想哪儿去了	xnel	1	4
小脑斧	xnf	2	3
西南风	xnf	3	3
小奶狗	xng	2	3
新年广场	xngi	1	4
虚拟歌姬	xngj	2	4
性能过剩	xngu	3	4
小女孩	xnh	2	3
小男孩	xnh	3	3
新年好	xnh	4	3
虚拟化	xnh	5	3
虚拟货币	xnhb	2	4
校内活动	xnhd	2	4
小女孩儿	xnhe	3	4
小男孩儿	xnhe	4	4
虚拟环境	xnhj	3	4
新年贺卡	xnhk	1	4
先难后易	xnhy	4	4
学年成绩	xnij	2	4
虚拟产品	xnip	1	4
性能差异	xniy	2	4
虚拟机	xnj	2	3
虚拟键盘	xnjp	7	4
吓尿了	xnl	1	3
性能力	xnl	2	3
星女郎	xnl	3	3
仙女落泪	xnll	2	4
小奶猫	xnm	2	3
小男娘	xnn	2	3
小内内	xnn	3	3
虚拟内存	xnnc	3	4
像你那样	xnny	1	4
虚拟偶像	xnox	1	4
小女人	xnr	2	3
小男人	xnr	3	3
新内容	xnr	4	3
小女生	xnu	1	3
喧闹声	xnu	2	3
虚拟式	xnu	3	3
虚拟世界	xnuj	3	4
虚拟商品	xnup	1	4
小牛双拼	xnup	2	4
虚拟社区	xnuq	1	4
洗脑神曲	xnuq	2	4
贤内助	xnv	2	3
学年制	xnv	3	3
虚拟主播	xnvb	1	4
新年祝福	xnvf	2	4
校内网	xnw	1	3
虚拟网	xnw	2	3
性能稳定	xnwd	2	4
小脑萎缩	xnws	1	4
仙女下凡	xnxf	1	4
洗脑循环	xnxh	1	4
新年新气象	xnxx	2	4
新能源	xny	2	3
小年夜	xny	3	3
现女友	xny	4	3
现男友	xny	5	3
小鸟游六花	xnyh	2	4
虚拟语气	xnyq	1	4
虚拟仪器	xnyq	2	4
像你一样	xnyy	2	4
小女子	xnz	1	3
新娘子	xnz	2	3
小妮子	xnz	3	3
仙女座	xnz	4	3
下去	xo	1	2
想起	xo	2	2
西欧国家	xogj	1	4
小时候	xp	2	2
笑贫不笑娼	xpbi	1	4
细皮白肉	xpbr	1	4
橡皮擦	xpc	2	3
吓破胆	xpd	2	3
相匹敌	xpd	3	3
新品发布	xpfb	1	4
新品发布会	xpfh	3	4
小苹果	xpg	2	3
橡皮管	xpg	3	3
小屁孩	xph	2	3
相配合	xph	3	3
相平衡	xph	4	3
先撇后捺	xphn	1	4
小屁孩子	xphz	2	4
修配厂	xpi	2	3
橡皮筋	xpj	2	3
新葡京娱乐城	xpji	1	4
新品开发	xpkf	1	4
下坡路	xpl	2	3
吓破了胆	xpld	1	4
相媲美	xpm	2	3
橡皮泥	xpn	2	3
香喷喷	xpp	2	3
相匹配	xpp	3	3
小屁屁	xpp	4	3
香飘飘	xpp	5	3
小脾气	xpq	2	3
橡皮圈	xpq	3	3
小鹏汽车	xpqi	3	4
辛普森	xps	2	3
新片速递	xpsd	1	4
须菩提	xpt	2	3
橡皮艇	xpt	3	3
橡皮糖	xpt	4	3
相配套	xpt	5	3
香飘十里	xpul	1	4
新品上市	xpuu	4	4
新品种	xpv	2	3
新篇章	xpv	3	3
新瓶装旧酒	xpvj	1	4
小品文	xpw	2	3
宣判无罪	xpwz	1	4
小朋友	xpy	1	3
小便宜	xpy	2	3
新朋友	xpy	3	3
小胖子	xpz	2	3
芯片组	xpz	3	3
虾爬子	xpz	4	3
心情	xq	2	2
下去	xq	3	2
想起	xq	4	2
兴趣爱好	xqah	1	4
兴趣爱好者	xqav	1	4
学前班	xqb	2	3
小气包	xqb	3	3
心情不错	xqbc	1	4
心气不高	xqbg	1	4
心情不好	xqbh	1	4
掀起波澜	xqbl	2	4
兴趣部落	xqbl	3	4
心情不爽	xqbu	2	4
寻求帮助	xqbv	2	4
性情暴躁	xqbz	1	4
需求层次	xqcc	1	4
先遣测试	xqcu	1	4
先遣队	xqd	1	3
需求点	xqd	2	3
心情大好	xqdh	1	4
想起当初	xqdi	1	4
心情低落	xqdl	1	4
星球大战	xqdv	1	4
相亲对象	xqdx	1	4
星期二	xqe	2	3
小企鹅	xqe	3	3
心情恶劣	xqel	1	4
学区房	xqf	2	3
小前锋	xqf	3	3
享清福	xqf	4	3
性侵犯	xqf	5	3
小区附近	xqfj	1	4
乡亲父老	xqfl	1	4
血气沸腾	xqft	1	4
心情烦躁	xqfz	1	4
小气鬼	xqg	2	3
性器官	xqg	3	3
兴趣广泛	xqgf	1	4
性情刚烈	xqgl	1	4
需求规模	xqgm	1	4
胸腔共鸣	xqgm	2	4
小启跟打器	xqgq	1	4
想起个事	xqgu	1	4
心情好	xqh	2	3
瞎起哄	xqh	3	3
性侵害	xqh	4	3
性情豪爽	xqhu	2	4
想清楚	xqi	2	3
小汽车	xqi	3	3
写清楚	xqi	4	3
星期几	xqj	2	3
辛弃疾	xqj	3	3
向前进	xqj	4	3
猩球崛起	xqjq	1	4
性情急躁	xqjz	1	4
向前看	xqk	2	3
新情况	xqk	3	3
向钱看	xqk	4	3
心情开朗	xqkl	1	4
想起了	xql	1	3
星期六	xql	2	3
响起了	xql	3	3
想起来	xql	4	3
笑起来	xql	5	3
需求量	xql	6	3
想起来的	xqld	2	4
需求量大	xqld	3	4
小桥流水人家	xqlj	1	4
想起来了	xqll	2	4
辛勤劳作	xqlz	1	4
乡亲们	xqm	2	3
小窍门	xqm	3	3
学期末	xqm	4	3
效犬马之劳	xqml	1	4
凶禽猛兽	xqmu	2	4
小青年	xqn	2	3
兴趣浓厚	xqnh	1	4
辛勤努力	xqnl	1	4
香气浓郁	xqny	1	4
戏曲频道	xqpd	1	4
仙气飘飘	xqpp	1	4
心情澎湃	xqpp	2	4
小区配套	xqpt	1	4
先瞧瞧	xqq	1	3
喜庆气氛	xqqf	1	4
小拳拳捶你胸口	xqqk	1	4
学期期末	xqqm	1	4
兴趣全无	xqqw	1	4
星期日	xqr	1	3
心情日记	xqrj	1	4
星期三	xqs	2	3
星期四	xqs	3	3
兴趣索然	xqsr	1	4
星期天	xqt	1	3
星穹铁道	xqtd	1	4
心气挺高	xqtg	1	4
写情书	xqu	2	3
新趋势	xqu	3	3
消遣时间	xquj	3	4
兴趣使然	xqur	1	4
兴趣是最好的老师	xquu	3	4
新奇事物	xquw	1	4
先驱者	xqv	1	3
星期五	xqw	2	3
限期完成	xqwi	1	4
小清新	xqx	1	3
性取向	xqx	2	3
小确幸	xqx	3	3
新气象	xqx	4	3
喜迁新居	xqxj	1	4
相亲相爱一家人	xqxr	1	4
香气袭人	xqxr	2	4
兴趣相投	xqxt	3	4
洗清嫌疑	xqxy	1	4
兴趣小组	xqxz	1	4
详情页	xqy	2	3
星期一	xqy	3	3
雪茄烟	xqy	4	3
心情愉悦	xqyy	2	4
小圈子	xqz	1	3
稀缺资源	xqzy	1	4
笑容	xr	2	2
显然	xr	3	2
小日本	xrb	2	3
先人板板	xrbb	1	4
新人报到	xrbd	1	4
写入保护	xrbh	1	4
显然不能	xrbn	2	4
显然不同	xrbt	1	4
显然不是	xrbu	2	4
新人爆照	xrbv	1	4
显然不行	xrbx	1	4
形容词	xrc	2	3
显然错误	xrcw	1	4
县人大	xrd	2	3
洗染店	xrd	3	3
熏肉大饼	xrdb	2	4
羞人答答	xrdd	1	4
陷入低谷	xrdg	3	4
陷入低迷	xrdm	1	4
欣然答应	xrdy	1	4
小人儿	xre	2	3
小人儿书	xreu	1	4
血肉丰满	xrfm	1	4
细如发丝	xrfs	1	4
信任感	xrg	2	3
小人国	xrg	3	3
形容缟素	xrgs	2	4
雪绒花	xrh	2	3
新人红包	xrhb	1	4
陷入昏迷	xrhm	1	4
显然很难	xrhn	3	4
信任程度	xrid	1	4
陷入沉默	xrim	1	4
小人长戚戚	xriq	1	4
陷入沉思	xris	2	4
陷入重围	xriw	1	4
现如今	xrj	2	3
写日记	xrj	3	3
吓人家	xrj	4	3
陷入绝境	xrjj	2	4
欣然接受	xrju	2	4
陷入绝望	xrjw	1	4
向日葵	xrk	2	3
形容枯槁	xrkg	1	4
陷入困惑	xrkh	1	4
形如枯木	xrkm	1	4
陷入困难	xrkn	1	4
血肉苦弱	xrkr	1	4
陷入了	xrl	1	3
昔日里	xrl	2	3
新人类	xrl	3	3
吸入疗法	xrlf	1	4
陷入了低谷	xrlg	1	4
性如烈火	xrlh	1	4
陷入两难	xrln	2	4
陷入矛盾	xrmd	2	4
陷入麻烦	xrmf	2	4
心如明镜	xrmj	1	4
闲人免进	xrmj	2	4
笑容凝固	xrng	1	4
渲染农场	xrni	1	4
现任男友	xrny	1	4
仙人球	xrq	2	3
渲染器	xrq	3	3
陷入其中	xrqv	1	4
瞎嚷嚷	xrr	2	3
戏如人生	xrru	2	4
心如死水	xrsu	1	4
仙人跳	xrt	2	3
渲染图	xrt	3	3
杏仁体	xrt	4	3
陷入停顿	xrtd	1	4
陷入痛苦	xrtk	2	4
心如铁石	xrtu	1	4
欣然同意	xrty	1	4
显然是	xru	2	3
小人书	xru	3	3
仙人掌	xrv	2	3
笑容逐渐消失	xrvu	2	4
虾仁猪心	xrvx	2	4
笑容转移	xrvy	1	4
小人物	xrw	1	3
新任务	xrw	2	3
信任危机	xrwj	2	4
陷入危机	xrwj	3	4
写入文件	xrwj	4	4
细如蚊呐	xrwn	1	4
细若蚊呐	xrwn	2	4
陷入误区	xrwq	1	4
虚荣心	xrx	2	3
吸入性	xrx	3	3
雪人兄弟	xrxd	1	4
笑容消失	xrxu	2	4
笑容消失术	xrxu	3	4
闲人一个	xryg	1	4
旭日阳刚	xryg	2	4
昔人已去	xryq	2	4
细若游丝	xrys	2	4
夏日炎炎	xryy	2	4
小日子	xrz	2	3
现实	xs	2	2
迅速	xs	3	2
相思病	xsb	2	3
挟私报复	xsbf	1	4
心思不好	xsbh	1	4
吓死宝宝了	xsbl	1	4
见素抱朴	xsbp	1	4
还是不行	xsbx	1	4
迅速采取行动	xscd	2	4
形色仓皇	xsch	1	4
小兄弟	xsd	2	3
相似度	xsd	3	3
小苏打	xsd	4	3
相思豆	xsd	5	3
相思断肠红	xsdh	2	4
心思单纯	xsdi	2	4
想死的心都有了	xsdl	2	4
新四大发明	xsdm	2	4
想死的心	xsdx	1	4
迅速恶化	xseh	1	4
泄私愤	xsf	1	3
迅速反应	xsfy	1	4
吓死个人	xsgr	2	4
险死还生	xshu	1	4
相思成灾	xsiz	1	4
新四军	xsj	1	3
细思极恐	xsjk	2	4
心似狂潮	xski	1	4
夕死可矣	xsky	1	4
下三滥	xsl	1	3
吓死了	xsl	2	3
笑死了	xsl	3	3
新思路	xsl	4	3
下三烂	xsl	5	3
寻思了半晌	xslu	2	4
些什么	xsm	1	3
想什么	xsm	2	3
像素墨镜	xsmj	1	4
硝酸钠	xsn	2	3
相思鸟	xsn	3	3
想死你了	xsnl	1	4
小算盘	xsp	2	3
稀松平常	xspi	2	4
悬索桥	xsq	1	3
徇私情	xsq	2	3
吓死人	xsr	1	3
笑死人	xsr	2	3
性骚扰	xsr	3	3
小酥肉	xsr	4	3
心素如简	xsrj	1	4
吓死人了	xsrl	1	4
笑死人不偿命	xsrm	1	4
心丧若死	xsrs	1	4
闲散人员	xsry	1	4
心塞塞	xss	2	3
辛酸史	xsu	1	3
心碎时刻	xsuk	1	4
心思慎密	xsum	1	4
相似之处	xsvi	1	4
心思缜密	xsvm	1	4
悬丝诊脉	xsvm	2	4
吓死我	xsw	2	3
笑死我	xsw	3	3
吓死我了	xswl	1	4
笑死我了	xswl	2	4
孝死我了	xswl	3	4
相似性	xsx	2	3
新思想	xsx	3	3
相似形	xsx	4	3
迅速行动	xsxd	1	4
细丝细纱	xsxu	1	4
逊色于	xsy	1	3
相似于	xsy	2	3
硝酸盐	xsy	3	3
硝酸银	xsy	4	3
小三阳	xsy	5	3
像素游戏	xsyx	1	4
潇洒走一回	xszh	1	4
迅速增加	xszj	1	4
窸窣作响	xszx	1	4
相同	xt	2	2
系统	xt	3	2
系统安全	xtaq	1	4
小图标	xtb	1	3
新台币	xtb	2	3
相同部分	xtbf	2	4
协同办公	xtbg	3	4
心态不好	xtbh	1	4
系统崩溃	xtbk	2	4
心态崩溃	xtbk	3	4
心态崩了	xtbl	2	4
系统变量	xtbl	3	4
协调部门	xtbm	1	4
虚头巴脑	xtbn	1	4
心态崩塌	xtbt	1	4
心态爆炸	xtbv	1	4
喜头悲尾	xtbw	1	4
雄图霸业	xtby	1	4
习题册	xtc	2	3
系统词库	xtck	1	4
系统测试	xtcu	1	4
系统参数	xtcu	2	4
想太多	xtd	2	3
新天地	xtd	3	3
相同点	xtd	4	3
夏天的风	xtdf	1	4
心头大患	xtdh	1	4
系统代理	xtdl	1	4
相同的人	xtdr	1	4
心头荡漾	xtdy	1	4
小天鹅	xte	1	3
小偷儿	xte	2	3
小兔儿	xte	3	3
兴头儿上	xteu	1	4
小摊贩	xtf	1	3
谢霆锋	xtf	2	3
系统繁忙	xtfm	1	4
膝跳反射	xtfu	2	4
系统分析	xtfx	1	4
膝跳反应	xtfy	1	4
洗头膏	xtg	2	3
协调沟通	xtgt	1	4
心态好	xth	2	3
系统化	xth	3	3
心头火起	xthq	1	4
系统函数	xthu	2	4
信托产品	xtip	1	4
系统程序	xtix	1	4
下台阶	xtj	1	3
习题集	xtj	2	3
新途径	xtj	3	3
县团级	xtj	4	3
信托计划	xtjh	1	4
信托基金	xtjj	1	4
心跳加快	xtjk	2	4
心跳加速	xtjs	1	4
协调机制	xtjv	1	4
相同价位	xtjw	1	4
小头控制大头	xtkt	1	4
想通了	xtl	2	3
希特勒	xtl	3	3
雪铁龙	xtl	4	3
心田里	xtl	5	3
修铁路	xtl	6	3
系统逻辑	xtlj	1	4
小透明	xtm	2	3
形同陌路	xtml	1	4
系统目录	xtml	2	4
像他那样	xtny	1	4
像它那样	xtny	2	4
新突破	xtp	1	3
系统盘	xtp	2	3
心态平和	xtph	1	4
协调配合	xtph	2	4
系统平台	xtpt	1	4
系统配置	xtpv	1	4
系统培训	xtpx	1	4
小提琴	xtq	1	3
小淘气	xtq	2	3
星条旗	xtq	3	3
乡土情结	xtqj	3	4
协调起来	xtql	1	4
系统全面	xtqm	2	4
心头肉	xtr	1	3
心太软	xtr	2	3
系统日期	xtrq	1	4
小团体	xtt	1	3
小甜甜	xtt	2	3
心跳声	xtu	1	3
兴头上	xtu	2	3
吸铁石	xtu	3	3
小贴士	xtu	4	3
相谈甚欢	xtuh	1	4
心态失衡	xtuh	2	4
系统时间	xtuj	2	4
系统说明	xtum	1	4
系统中	xtv	1	3
系统之家	xtvj	2	4
心态炸了	xtvl	1	4
信天翁	xtw	1	3
校团委	xtw	2	3
先天性	xtx	2	3
系统性	xtx	3	3
小甜心	xtx	4	3
小提箱	xtx	5	3
系统修复	xtxf	1	4
小摊小贩	xtxf	2	4
先天下之忧而忧，后天下之乐而乐	xtxl	1	4
系统性能	xtxn	2	4
血条消失术	xtxu	2	4
先天下之忧而忧	xtxy	1	4
协同效应	xtxy	2	4
小太阳	xty	2	3
县太爷	xty	3	3
协调员	xty	4	3
血糖仪	xty	5	3
心头一动	xtyd	1	4
新添雨跟打器	xtyq	2	4
心头一热	xtyr	5	4
心头一跳	xtyt	1	4
协调一致	xtyv	1	4
像他一样	xtyy	1	4
像她一样	xtyy	2	4
像它一样	xtyy	3	4
小兔子	xtz	1	3
挟天子以令诸侯	xtzh	1	4
系统组件	xtzj	1	4
协同作战	xtzv	1	4
协同作用	xtzy	1	4
系统资源	xtzy	2	4
显示	xu	2	2
消失	xu	3	2
凶杀案	xua	2	3
刑事案	xua	3	3
销售部	xub	2	3
现实版	xub	3	3
现世报	xub	4	3
学术不端	xubd	3	4
学术报告	xubg	1	4
新手保护	xubh	1	4
显示不出	xubi	1	4
消失不见	xubj	1	4
携手并进	xubj	2	4
显示不了	xubl	2	4
消受不起	xubq	2	4
新手保护期	xubq	3	4
先手必胜	xubu	2	4
戏说不是胡说	xubu	3	4
西蜀霸王	xubw	2	4
还是不行	xubx	1	4
先手必赢	xuby	2	4
新手村	xuc	2	3
象声词	xuc	3	3
序数词	xuc	4	3
新手村教程	xuci	3	4
形式参数	xucu	1	4
限时促销	xucx	1	4
新手村教学	xucx	2	4
小声点	xud	2	3
小数点	xud	3	3
下水道	xud	4	3
新时代	xud	5	3
新生代	xud	6	3
小说大纲	xudg	1	4
形势大好	xudh	1	4
小数点后	xudh	2	4
消失殆尽	xudj	1	4
新神登基	xudj	2	4
学术妲己	xudj	3	4
新手大礼	xudl	1	4
限时点券	xudq	2	4
销售地区	xudq	3	4
想说的是	xudu	2	4
下属单位	xudw	2	4
先生大义	xudy	2	4
新生儿	xue	2	3
销售额	xue	3	3
小商贩	xuf	1	3
学士服	xuf	2	3
学生服	xuf	3	3
刑事犯	xuf	4	3
销售份额	xufe	1	4
雪山飞狐	xufh	2	4
刑事法律	xufl	1	4
形势发展	xufv	1	4
学术氛围	xufw	3	4
学术访问	xufw	4	4
小时工	xug	2	3
学生狗	xug	3	3
学生干部	xugb	1	4
下水管道	xugd	1	4
悉数归还	xugh	1	4
先手攻击	xugj	1	4
心生感慨	xugk	1	4
行事诡秘	xugm	2	4
学生公寓	xugy	1	4
小时候	xuh	2	3
学生会	xuh	3	3
性生活	xuh	4	3
新生活	xuh	5	3
形式化	xuh	6	3
小事化大	xuhd	1	4
厢式货车	xuhi	1	4
销售合同	xuht	1	4
斜升函数	xuhu	1	4
学生会长	xuhv	1	4
学生会主席	xuhx	3	4
心神合一	xuhy	3	4
显示出	xui	1	3
蓄水池	xui	2	3
小升初	xui	3	3
刑事处罚	xuif	1	4
学术成就	xuij	2	4
显示出了	xuil	2	4
先上车后补票	xuip	1	4
携手出线	xuix	1	4
洗手间	xuj	2	3
新世界	xuj	3	3
新世纪	xuj	4	3
学术界	xuj	5	3
小说家	xuj	6	3
洗漱间	xuj	7	3
新视角	xuj	8	3
形神兼备	xujb	1	4
先射箭，后画靶	xujb	2	4
先射箭后画靶	xujb	3	4
销售金额	xuje	1	4
新手教程	xuji	3	4
协商解决	xujj	1	4
形神俱灭	xujm	2	4
向上兼容	xujr	1	4
学生家长	xujv	2	4
学术价值	xujv	3	4
新手教学	xujx	2	4
心生惧意	xujy	1	4
学生卡	xuk	2	3
肖申克	xuk	3	3
显示卡	xuk	4	3
销售客户	xukh	1	4
现实可能	xukn	1	4
肖申克的救赎	xuku	1	4
学术刊物	xukw	1	4
消失了	xul	1	3
销售量	xul	2	3
蓄水量	xul	3	3
新手礼包	xulb	1	4
现实落差	xuli	3	4
学术垃圾	xulj	2	4
喜事连连	xull	2	4
销售利润	xulr	1	4
学术论坛	xult	1	4
些什么	xum	1	3
想什么	xum	2	3
先生们	xum	3	3
小师妹	xum	4	3
小数目	xum	5	3
小市民	xum	6	3
学士帽	xum	7	3
限时免费	xumf	1	4
欣赏美景	xumj	1	4
消声灭迹	xumj	2	4
限时秒杀	xumu	4	4
小时内	xun	1	3
显示内存	xunc	1	4
小说女主	xunv	1	4
小说男主	xunv	2	4
信守诺言	xuny	1	4
显示屏	xup	2	3
小视频	xup	3	3
向上爬	xup	4	3
牺牲品	xup	5	3
学生票	xup	6	3
销售排行	xuph	2	4
小睡片刻	xupk	1	4
羡煞旁人	xupr	2	4
销售平台	xupt	1	4
学生培训	xupx	1	4
显示器	xuq	2	3
新手区	xuq	3	3
新时期	xuq	4	3
新石器	xuq	5	3
新市区	xuq	6	3
箱说全	xuq	7	3
销售渠道	xuqd	2	4
下手轻点	xuqd	3	4
限时抢购	xuqg	1	4
先生千古	xuqg	2	4
学术欺诈	xuqv	1	4
向上取整	xuqv	2	4
携手前行	xuqx	1	4
心上人	xur	2	3
现实如此	xurc	1	4
惜时如金	xurj	1	4
显示日期	xurq	1	4
项上人头	xurt	1	4
新手任务	xurw	1	4
学生入学	xurx	1	4
销售人员	xury	1	4
形势所迫	xusp	1	4
学术搜索	xuss	4	4
学生宿舍	xusu	1	4
学术思想	xusx	1	4
洗漱台	xut	2	3
下视图	xut	3	3
限时特惠	xuth	1	4
悉数退回	xuth	2	4
学术讨论	xutl	1	4
相识太晚	xutw	2	4
小手术	xuu	2	3
形式上	xuu	3	3
驯兽师	xuu	4	3
销售商	xuu	5	3
学生时代	xuud	1	4
小声说道	xuud	2	4
吸收水分	xuuf	2	4
销售市场	xuui	3	4
现实世界	xuuj	2	4
显示数据	xuuj	3	4
新手上路	xuul	1	4
学术水平	xuup	1	4
学生社团	xuut	1	4
学生食堂	xuut	2	4
性少数群体	xuut	3	4
笑书神侠倚碧鸳	xuuy	1	4
学生守则	xuuz	1	4
现实中	xuv	2	3
享受着	xuv	3	3
牺牲者	xuv	4	3
行驶证	xuv	5	3
学生证	xuv	6	3
夏商周	xuv	7	3
学生装	xuv	8	3
吸收障碍	xuva	1	4
新手装备	xuvb	2	4
销售指标	xuvb	3	4
稀世之才	xuvc	1	4
限时折扣	xuvk	1	4
学术争鸣	xuvm	1	4
稀世珍品	xuvp	2	4
行使职权	xuvq	1	4
学术专著	xuvv	2	4
销售中心	xuvx	1	4
销售专员	xuvy	3	4
新事物	xuw	2	3
销售网	xuw	3	3
销售网点	xuwd	1	4
销售网络	xuwl	1	4
欣生恶死	xuws	1	4
享受舞台	xuwt	2	4
形势下	xux	2	3
学术性	xux	3	3
吸水性	xux	4	3
学生姓名	xuxm	3	4
形势喜人	xuxr	2	4
喜上心头	xuxt	1	4
学士学位	xuxw	1	4
牺牲小我	xuxw	2	4
牺牲小我，成就大我	xuxw	3	4
销售员	xuy	1	3
巡视员	xuy	2	3
洗手液	xuy	3	3
谢师宴	xuy	4	3
小山羊	xuy	5	3
相适应	xuy	6	3
咸水鱼	xuy	7	3
学识渊博	xuyb	1	4
形势与政策	xuyc	3	4
新生婴儿	xuye	1	4
欣赏音乐	xuyl	1	4
血手幽灵	xuyl	2	4
嘘声一片	xuyp	2	4
行胜于言	xuyy	2	4
消失在	xuz	2	3
小叔子	xuz	3	3
形声字	xuz	4	3
牺牲自己	xuzj	2	4
销售总监	xuzj	3	4
小说作家	xuzj	4	4
学术造假	xuzj	5	4
洗刷罪名	xuzm	1	4
绣十字绣	xuzx	1	4
学术自由	xuzy	1	4
旋转	xv	1	2
寻找	xv	2	2
心中	xv	3	2
修正案	xva	1	3
小众爱好	xvah	1	4
兴致盎然	xvar	1	4
心中暗喜	xvax	1	4
歇着吧	xvb	1	3
行政部	xvb	2	3
修正版	xvb	3	3
西装笔挺	xvbt	1	4
西装暴徒	xvbt	2	4
显著标志	xvbv	1	4
新政策	xvc	1	3
想知道	xvd	1	3
学着点	xvd	2	3
限制登录	xvdl	2	4
悬着的心终于死了	xvdl	3	4
心中大怒	xvdn	1	4
谐振电容	xvdr	1	4
行政单位	xvdw	1	4
显著地位	xvdw	2	4
悬着的心	xvdx	1	4
下周二	xve	1	3
性质恶劣	xvel	1	4
县政府	xvf	1	3
休止符	xvf	2	3
乡政府	xvf	3	3
行政法规	xvfg	1	4
行政复议	xvfy	1	4
新中国	xvg	1	3
卸妆膏	xvg	2	3
修正稿	xvg	3	3
肖战哥哥	xvgg	1	4
瞎指挥	xvh	1	3
先涨后降	xvhj	1	4
雪中悍刀行	xvhx	1	4
行政处罚	xvif	2	4
寻找出路	xvil	1	4
新专辑	xvj	1	3
限制级	xvj	2	3
行政机构	xvjg	2	4
寻找机会	xvjh	1	4
心智健全	xvjq	1	4
新账旧账一起算	xvjs	1	4
星之卡比	xvkb	1	4
下周六	xvl	1	3
限制了	xvl	2	3
喜之郎	xvl	3	3
西装领带	xvld	1	4
谢主隆恩	xvle	1	4
谢主龙恩	xvle	2	4
先兆流产	xvli	1	4
笑着流泪	xvll	2	4
新账老账一起算	xvls	1	4
下周末	xvm	1	3
徐志摩	xvm	2	3
限制名单	xvmd	1	4
闲着没事干	xvmg	1	4
闲着没事	xvmu	1	4
贤者模式	xvmu	2	4
细斟慢酌	xvmv	1	4
新照片	xvp	1	3
小猪佩奇	xvpq	1	4
行政区	xvq	1	3
薛之谦	xvq	2	3
泄殖腔	xvq	3	3
兴致缺缺	xvqq	1	4
险中求胜	xvqu	1	4
行政区划	xvqx	1	4
下周日	xvr	1	3
系主任	xvr	2	3
熏猪肉	xvr	3	3
仙之人兮列如麻	xvrm	1	4
心止如水	xvru	1	4
行政人员	xvry	1	4
下周三	xvs	1	3
下周四	xvs	2	3
心之所向	xvsx	1	4
心中所想	xvsx	2	4
瞎折腾	xvt	1	3
小纸条	xvt	2	3
小正太	xvt	3	3
形状图层	xvtc	1	4
显著特点	xvtd	1	4
下肢瘫痪	xvth	1	4
下周同一时间	xvtj	1	4
笑着说	xvu	1	3
下战书	xvu	2	3
咸猪手	xvu	3	3
新知识	xvu	4	3
性知识	xvu	5	3
香樟树	xvu	6	3
新战士	xvu	7	3
笑着说道	xvud	1	4
细枝硕果	xvug	1	4
限制时间	xvuj	1	4
贤者时间	xvuj	2	4
贤者时刻	xvuk	1	4
心主神明	xvum	1	4
新装置	xvv	1	3
旋转轴	xvv	2	3
下周五	xvw	1	3
项庄舞剑意在沛公	xvwg	1	4
项庄舞剑，意在沛公	xvwg	2	4
象征性	xvx	1	3
新秩序	xvx	2	3
限制性	xvx	3	3
习主席	xvx	4	3
行政许可	xvxk	1	4
笑着笑着就哭了	xvxl	1	4
心主血脉	xvxm	1	4
想着想着	xvxv	1	4
下周一	xvy	1	3
先这样	xvy	2	3
卸妆油	xvy	3	3
修正液	xvy	4	3
卸妆液	xvy	5	3
先这样吧	xvyb	1	4
心中一动	xvyd	1	4
心中有愧	xvyk	3	4
先这样了	xvyl	2	4
小酌怡情	xvyq	1	4
心中一热	xvyr	1	4
心中一痛	xvyt	1	4
心中一跳	xvyt	2	4
闲着也是闲着	xvyv	1	4
象征意义	xvyy	1	4
掀桌子	xvz	1	3
小镇做题家	xvzj	1	4
行止坐卧	xvzw	1	4
希望	xw	1	2
行为	xw	2	2
下午	xw	3	2
兴味盎然	xwar	1	4
相违背	xwb	1	3
希望不大	xwbd	3	4
下午崩溃	xwbk	1	4
新闻标题	xwbt	1	4
行为标准	xwbv	1	4
下无寸土	xwct	1	4
幸无大碍	xwda	1	4
纤维蛋白	xwdb	1	4
希望得到	xwdd	1	4
新王登基	xwdj	2	4
新闻动态	xwdt	1	4
新闻单位	xwdw	1	4
心无二想	xwex	1	4
心无二意	xwey	2	4
学位房	xwf	1	3
新闻发布	xwfb	1	4
新闻发布会	xwfh	1	4
行为方式	xwfu	1	4
新闻服务	xwfw	1	4
新闻稿	xwg	1	3
学武功	xwg	2	3
洗碗工	xwg	3	3
新闻广播	xwgb	2	4
行为规范	xwgf	1	4
行为古怪	xwgg	1	4
新闻公告	xwgg	2	4
新闻稿件	xwgj	1	4
新闻工作者	xwgv	1	4
行为乖张	xwgv	2	4
新闻工作	xwgz	1	4
下午好	xwh	1	3
相吻合	xwh	2	3
纤维化	xwh	3	3
新文化	xwh	4	3
校外活动	xwhd	1	4
新文化运动	xwhd	2	4
先外后内	xwhn	1	4
向往和平	xwhp	1	4
下午茶	xwi	1	3
细微差别	xwib	2	4
新闻传媒	xwim	1	4
行伍出身	xwiu	1	4
希望成为	xwiw	1	4
希望出现	xwix	1	4
像往常一样	xwiy	1	4
显微镜	xwj	1	3
洗碗机	xwj	2	3
小五金	xwj	3	3
新闻机构	xwjg	1	4
相忘江湖	xwjh	1	4
新闻节目	xwjm	1	4
行为举止	xwjv	2	4
小巫见大巫	xwjw	1	4
希望看到	xwkd	1	4
想歪了	xwl	1	3
学位论文	xwlw	1	4
玄武门	xwm	1	3
信我没错	xwmc	1	4
腥味猫罐	xwmg	1	4
相位猛冲	xwmi	1	4
希望渺茫	xwmm	1	4
漩涡鸣人	xwmr	1	4
行为模式	xwmu	1	4
性无能	xwn	1	3
行为能力	xwnl	1	4
像我那样	xwny	1	4
香味扑鼻	xwpb	1	4
新闻频道	xwpd	1	4
新闻排行	xwph	1	4
新闻评论	xwpl	1	4
新闻评选	xwpx	1	4
寻物启事	xwqu	1	4
行为倾向	xwqx	1	4
行为人	xwr	1	3
希望如此	xwrc	1	4
希望人没事	xwru	1	4
新闻热线	xwrx	1	4
香味四溢	xwsy	1	4
小问题	xwt	1	3
新问题	xwt	2	3
想问题	xwt	3	3
下位替代	xwtd	1	4
响尾蛇	xwu	1	3
新闻社	xwu	2	3
新闻事业	xwuy	1	4
写文章	xwv	1	3
学位证	xwv	2	3
细微之处	xwvi	1	4
雄伟壮丽	xwvl	1	4
习武之人	xwvr	1	4
学位证书	xwvu	1	4
像我这样	xwvy	3	4
行为准则	xwvz	1	4
心窝窝	xww	1	3
霞鹜文楷	xwwk	1	4
心外无物	xwww	1	4
新文学	xwx	1	3
虚无性	xwx	2	3
行为习惯	xwxg	1	4
新闻宣传	xwxi	1	4
臭味相投	xwxt	1	4
系外行星	xwxx	2	4
相偎相依	xwxy	2	4
小玩意	xwy	1	3
夏威夷	xwy	2	3
新玩意	xwy	3	3
弦外音	xwy	4	3
相忘于江湖	xwyh	1	4
向往已久	xwyj	1	4
新闻舆论	xwyl	1	4
吓我一跳	xwyt	1	4
想问一问	xwyw	1	4
想问一下	xwyx	1	4
心往一处想	xwyx	2	4
像我一样	xwyy	1	4
洗完澡	xwz	1	3
小王子	xwz	2	3
心窝子	xwz	3	3
小丸子	xwz	4	3
新闻资料	xwzl	1	4
炫我嘴里	xwzl	2	4
新闻自由	xwzy	2	4
学习	xx	2	2
相信	xx	3	2
小心	xx	4	2
下血本	xxb	1	3
学习班	xxb	2	3
血小板	xxb	3	3
先行版	xxb	4	3
旭旭宝宝	xxbb	3	4
想象不到	xxbd	3	4
信息不对等	xxbd	4	4
想想办法	xxbf	1	4
小熊饼干	xxbg	2	4
学习报告	xxbg	3	4
休息不好	xxbh	1	4
学习不好	xxbh	2	4
笑笑不说话	xxbh	3	4
想象不出	xxbi	2	4
血腥暴力	xxbl	2	4
下血本了	xxbl	3	4
信心爆棚	xxbp	1	4
消息闭塞	xxbs	1	4
信息不实	xxbu	4	4
现行标准	xxbv	1	4
絮絮不止	xxbv	2	4
孝心变质	xxbv	3	4
心系百姓	xxbx	1	4
学习不行	xxbx	2	4
唏嘘不已	xxby	2	4
小学毕业	xxby	3	4
信心倍增	xxbz	1	4
信心不足	xxbz	2	4
下下策	xxc	2	3
新鲜菜	xxc	3	3
猩猩草	xxc	4	3
小溪淙淙	xxcc	1	4
心系苍生	xxcu	1	4
详细参数	xxcu	2	4
小兄弟	xxd	1	3
小心点	xxd	2	3
小心地	xxd	3	3
详细地	xxd	4	3
细心地	xxd	5	3
修仙党	xxd	6	3
吸星大法	xxdf	1	4
心下嘀咕	xxdg	2	4
谢谢大家	xxdj	3	4
下行带宽	xxdk	2	4
下晓地理	xxdl	2	4
嬉笑打闹	xxdn	1	4
馨香祷祝	xxdv	1	4
细心的网友	xxdy	3	4
信心大增	xxdz	1	4
小媳妇	xxf	2	3
休闲服	xxf	3	3
喜相逢	xxf	4	3
现行犯	xxf	5	3
信息发布	xxfb	1	4
学习方法	xxff	1	4
线性方程	xxfi	1	4
信息服务	xxfw	2	4
谢谢分享	xxfx	1	4
详细分析	xxfx	2	4
线性分析	xxfx	3	4
新鲜感	xxg	2	3
吸血鬼	xxg	3	3
心血管	xxg	4	3
显像管	xxg	5	3
信息工程	xxgi	1	4
信息公开	xxgk	1	4
谢谢光临	xxgl	5	4
先行告退	xxgt	1	4
信息沟通	xxgt	2	4
谢谢观赏	xxgu	3	4
谢谢各位	xxgw	1	4
线性关系	xxgx	1	4
下下个月	xxgy	1	4
学习工作	xxgz	1	4
行行好	xxh	2	3
肖像画	xxh	3	3
信息化	xxh	4	3
形象化	xxh	5	3
先息后本	xxhb	1	4
谢谢惠顾	xxhg	1	4
细心呵护	xxhh	2	4
学习环境	xxhj	1	4
新兴行业	xxhy	3	4
谢谢合作	xxhz	2	4
显现出	xxi	1	3
信息差	xxi	2	3
吸血虫	xxi	3	3
学习成本	xxib	2	4
信息传递	xxid	1	4
小心触电	xxid	2	4
学习成绩	xxij	1	4
新鲜出炉	xxil	2	4
休闲场所	xxis	2	4
信息查询	xxix	1	4
叙叙旧	xxj	2	3
歇歇脚	xxj	3	3
醒醒酒	xxj	4	3
现象级	xxj	5	3
西厢记	xxj	6	3
学习机	xxj	7	3
小型机	xxj	8	3
学习进步	xxjb	1	4
详细交代	xxjd	1	4
学校机房	xxjf	2	4
细心教诲	xxjh	1	4
心血洁净	xxjj	2	4
消息记录	xxjl	3	4
学习技巧	xxjq	2	4
雄性激素	xxjs	1	4
小学教育	xxjy	1	4
详细记载	xxjz	1	4
想想看	xxk	1	3
选修课	xxk	2	3
信息库	xxk	3	3
休闲裤	xxk	4	3
徐霞客	xxk	5	3
选项卡	xxk	6	3
心胸宽广	xxkg	1	4
详细考查	xxki	1	4
谢谢夸奖	xxkj	2	4
选修科目	xxkm	1	4
修行靠个人	xxkr	3	4
相信科学	xxkx	2	4
想象力	xxl	1	3
谢谢了	xxl	2	3
信息量	xxl	3	3
信息流	xxl	4	3
新西兰	xxl	5	3
西西里	xxl	6	3
消息列表	xxlb	1	4
谢谢老板	xxlb	2	4
下下礼拜	xxlb	3	4
学校领导	xxld	2	4
信息量大	xxld	3	4
想象力丰富	xxlf	1	4
熊熊烈火	xxlh	1	4
详细流程	xxli	4	4
谢谢理解	xxlj	1	4
先行离开	xxlk	2	4
心下栗栗	xxll	5	4
欷歔流涕	xxlt	2	4
谢谢联系	xxlx	1	4
消息来源	xxly	1	4
新项目	xxm	2	3
小熊猫	xxm	3	3
小心没大错	xxmc	1	4
信息密度	xxmd	2	4
线性马达	xxmd	3	4
信心满满	xxmm	3	4
详细描述	xxmu	1	4
休闲模式	xxmu	2	4
小学没毕业	xxmy	1	4
谢谢你	xxn	2	3
谢谢您	xxn	3	3
小仙女	xxn	4	3
小小年纪	xxnj	1	4
学习能力	xxnl	1	4
详细内容	xxnr	1	4
许下诺言	xxny	1	4
细细品尝	xxpi	2	4
休息片刻	xxpk	1	4
信息披露	xxpl	1	4
细细品味	xxpw	2	4
学习培训	xxpx	1	4
下星期	xxq	2	3
下学期	xxq	3	3
休息区	xxq	4	3
肖像权	xxq	5	3
休闲区	xxq	6	3
新校区	xxq	7	3
消息渠道	xxqd	1	4
小心轻放	xxqf	1	4
享享清福	xxqf	2	4
形象气质	xxqv	1	4
向下取整	xxqv	2	4
细嗅蔷薇	xxqw	1	4
学习曲线	xxqx	1	4
宣泄情绪	xxqx	2	4
悻悻然	xxr	2	3
小鲜肉	xxr	3	3
乡下人	xxr	4	3
休息日	xxr	5	3
香香软软	xxrr	2	4
相协调	xxt	1	3
虚心听取	xxtq	1	4
絮絮叨叨	xxtt	1	4
香香甜甜	xxtt	2	4
血腥屠杀	xxtu	2	4
徐徐图之	xxtv	2	4
心系天下	xxtx	2	4
小学生	xxu	1	3
休息室	xxu	2	3
新鲜事	xxu	3	3
写小说	xxu	4	3
先下手	xxu	5	3
洗洗睡吧	xxub	1	4
形象生动	xxud	1	4
闲暇时光	xxug	1	4
学习生活	xxuh	2	4
小心驶得万年船	xxui	4	4
闲暇时间	xxuj	2	4
洗洗睡了	xxul	1	4
详细说明	xxum	1	4
先下手为强	xxuq	1	4
详细说说	xxuu	5	4
新鲜事物	xxuw	1	4
新兴事物	xxuw	2	4
线下试玩	xxuw	3	4
学习使用	xxuy	2	4
信心十足	xxuz	3	4
想象中	xxv	2	3
休闲装	xxv	3	3
先行者	xxv	4	3
线性轴	xxv	5	3
学习者	xxv	6	3
宵小之辈	xxvb	1	4
现行政策	xxvc	2	4
下下之策	xxvc	3	4
现行制度	xxvd	2	4
谢谢指教	xxvj	2	4
下乡支教	xxvj	3	4
欣喜之情	xxvq	1	4
宵小之徒	xxvt	1	4
学习知识	xxvu	3	4
线下真实	xxvu	4	4
欣喜之余	xxvy	2	4
相信我	xxw	2	3
血腥味	xxw	3	3
学信网	xxw	4	3
凶险无比	xxwb	1	4
欣喜万分	xxwf	2	4
小学文化	xxwh	2	4
雄心万丈	xxwv	2	4
学习委员	xxwy	1	4
笑嘻嘻	xxx	1	3
小星星	xxx	2	3
新消息	xxx	3	3
休闲鞋	xxx	4	3
小行星	xxx	5	3
心胸狭隘	xxxa	1	4
学习心得	xxxd	1	4
学习习惯	xxxg	2	4
小学学历	xxxl	3	4
现学现卖	xxxm	4	4
学习新思想，争做新青年	xxxn	2	4
学习兴趣	xxxq	1	4
详细信息	xxxx	4	4
新鲜血液	xxxy	3	4
现学现用	xxxy	4	4
小心眼	xxy	2	3
新学员	xxy	3	3
下弦月	xxy	4	3
星象仪	xxy	5	3
心相印	xxy	6	3
先行一步	xxyb	1	4
先下一城	xxyi	4	4
学习压力	xxyl	2	4
宣泄压力	xxyl	3	4
鲜虾鱼板面	xxym	1	4
学习用品	xxyp	1	4
晓行夜住	xxyv	1	4
线下约战	xxyv	2	4
纤纤玉指	xxyv	3	4
想象一下	xxyx	2	4
休息一下	xxyx	3	4
小巷子	xxz	2	3
熊瞎子	xxz	3	3
小性子	xxz	4	3
象形字	xxz	5	3
欣欣自得	xxzd	2	4
学习作风	xxzf	1	4
相信自己	xxzj	1	4
学习总结	xxzj	2	4
休息在家	xxzj	3	4
学习资料	xxzl	1	4
详细资料	xxzl	2	4
小写字母	xxzm	1	4
修行在个人	xxzr	1	4
线下自证	xxzv	1	4
学校组织	xxzv	2	4
信息资源	xxzy	1	4
学习咋样	xxzy	2	4
学习资源	xxzy	3	4
需要	xy	2	2
想要	xy	3	2
笑意盎然	xyar	1	4
下一步	xyb	2	3
血友病	xyb	3	3
洗衣板	xyb	4	3
蓄意报复	xybf	1	4
西一棒槌	xybi	2	4
校园暴力	xybl	2	4
校园霸凌	xybl	3	4
心有不忍	xybr	1	4
心阳暴脱	xybt	1	4
需要帮助	xybv	1	4
想也不想	xybx	1	4
需要不需要	xyby	2	4
西一棒子	xybz	1	4
下一次	xyc	2	3
薰衣草	xyc	3	3
幸运草	xyc	4	3
协议草案	xyca	2	4
乡野村妇	xycf	1	4
需要采取	xycq	2	4
相应措施	xycu	1	4
下一代	xyd	2	3
新一代	xyd	3	3
咸鸭蛋	xyd	4	3
洗衣店	xyd	5	3
小夜灯	xyd	6	3
小雨点	xyd	7	3
信用度	xyd	8	3
信誉度	xyd	9	3
悬崖陡壁	xydb	1	4
需要的话	xydh	1	4
心远地偏	xydp	2	4
吓一大跳	xydt	1	4
幸运儿	xye	2	3
心眼儿	xye	3	3
像样儿	xye	4	3
汹涌而出	xyei	1	4
汹涌而来	xyel	1	4
洗衣服	xyf	1	3
嫌疑犯	xyf	2	3
洗衣粉	xyf	3	3
西药房	xyf	4	3
洗衣房	xyf	5	3
细腰蜂	xyf	6	3
信用分	xyf	7	3
信誉分	xyf	8	3
降妖伏魔	xyfm	1	4
虚意逢迎	xyfy	1	4
嫌疑分子	xyfz	1	4
下一个	xyg	2	3
像一个	xyg	3	3
想一个	xyg	4	3
笑一个	xyg	5	3
小鱼干	xyg	6	3
谐音梗	xyg	7	3
萧炎哥哥	xygg	2	4
心有感触	xygi	1	4
享誉国际	xygj	1	4
血缘关系	xygx	1	4
雪域高原	xygy	2	4
歇一会	xyh	2	3
下一回	xyh	3	3
小于号	xyh	4	3
向阳花	xyh	5	3
夕阳红	xyh	6	3
校运会	xyh	7	3
校友会	xyh	8	3
西洋画	xyh	9	3
先用后付	xyhf	1	4
现已恢复	xyhf	2	4
需要花费	xyhf	3	4
先易后难	xyhn	1	4
先验货后签收	xyhu	2	4
享誉海内外	xyhw	1	4
先抑后扬	xyhy	1	4
下一处	xyi	1	3
胸有城府	xyif	2	4
想一出是一出	xyii	3	4
小鱼吃虾米	xyim	2	4
校园春色	xyis	1	4
夕阳产业	xyiy	1	4
下一季	xyj	2	3
西游记	xyj	3	3
洗衣机	xyj	4	3
小妖精	xyj	5	3
新一届	xyj	6	3
轩辕剑	xyj	7	3
巡洋舰	xyj	8	3
信誉积分	xyjf	1	4
信仰加成	xyji	3	4
下一节课	xyjk	2	4
羞于见人	xyjr	3	4
新垣结衣	xyjy	1	4
下一刻	xyk	1	3
信用卡	xyk	2	3
向右看	xyk	3	3
校园卡	xyk	4	3
逍遥快活	xykh	1	4
歇一口气	xykq	1	4
需要宽容	xykr	1	4
学业考试	xyku	1	4
吸引了	xyl	2	3
吸引力	xyl	3	3
新一轮	xyl	4	3
匈牙利	xyl	5	3
协议离婚	xylh	2	4
咸鱼腊肉	xylr	2	4
心有灵犀一点通	xylt	1	4
吸引了我	xylw	2	4
下一秒	xym	1	3
喜盈门	xym	2	3
形音码	xym	3	3
心有猛虎	xymh	1	4
蓄意谋杀	xymu	1	4
心有猛虎，细嗅蔷薇	xymw	2	4
想也没想	xymx	1	4
下一年	xyn	2	3
校园内	xyn	3	3
血药浓度	xynd	1	4
想要哪个	xyng	1	4
想要那个	xyng	2	4
心痒难禁	xynj	2	4
血液内科	xynk	1	4
心痒难耐	xynn	2	4
幸运女神	xynu	1	4
鲜衣怒马少年时	xynu	2	4
下一批	xyp	1	3
学院派	xyp	2	3
洗衣盆	xyp	3	3
消炎片	xyp	4	3
稀有品种	xypv	1	4
献殷勤	xyq	2	3
消音器	xyq	3	3
小夜曲	xyq	4	3
休渔期	xyq	5	3
协议签订	xyqd	1	4
享誉全球	xyqq	2	4
心有戚戚	xyqq	3	4
新约全书	xyqu	1	4
下一任	xyr	2	3
嫌疑人	xyr	3	3
吸引人	xyr	4	3
新月如钩	xyrg	1	4
笑靥如花	xyrh	1	4
现有人口	xyrk	1	4
细语柔声	xyru	1	4
小意思	xys	1	3
响应速度	xysd	1	4
心有所触	xysi	4	4
心有所恋	xysl	1	4
想要什么	xysm	1	4
需要什么	xysm	2	4
心有所属	xysu	2	4
心有所想	xysx	1	4
吓一跳	xyt	2	3
小丫头	xyt	3	3
下雨天	xyt	4	3
西雅图	xyt	5	3
象牙塔	xyt	6	3
需要通过	xytg	1	4
协议条款	xytk	1	4
悬疑推理	xytl	1	4
血液透析	xytx	1	4
下意识	xyu	2	3
下一首	xyu	3	3
下一世	xyu	4	3
信用社	xyu	5	3
协议书	xyu	6	3
响一声	xyu	7	3
西洋参	xyu	8	3
下意识地	xyud	1	4
下意识的	xyud	2	4
闲余时光	xyug	2	4
校园生活	xyuh	1	4
星月神话	xyuh	2	4
享誉世界	xyuj	2	4
闲言少叙	xyux	2	4
修养身心	xyux	3	4
幸运数字	xyuz	4	4
吸引住	xyv	2	3
向右转	xyv	3	3
小语种	xyv	4	3
行医者	xyv	5	3
相一致	xyv	6	3
信用证	xyv	7	3
吸烟者	xyv	8	3
校园治安	xyva	2	4
吸引注意力	xyvl	1	4
校园招聘	xyvp	1	4
稀有轴体	xyvt	2	4
信誉至上	xyvu	1	4
幸运之神	xyvu	2	4
享誉中外	xyvw	1	4
咸鱼之王	xyvw	2	4
洗浴中心	xyvx	1	4
需要注意	xyvy	2	4
信仰之跃	xyvy	3	4
下一位	xyw	2	3
校园网	xyw	3	3
夕阳无限好	xywh	1	4
现已完成	xywi	2	4
信仰危机	xywj	1	4
心愿未了	xywl	1	4
性欲旺盛	xywu	2	4
显要位置	xywv	2	4
想一想	xyx	2	3
想一下	xyx	3	3
笑一笑	xyx	4	3
小游戏	xyx	5	3
幸运星	xyx	6	3
新颖性	xyx	7	3
萧亚轩	xyx	8	3
血液循环	xyxh	1	4
狭义相对论	xyxl	2	4
心意相通	xyxt	1	4
相由心生	xyxu	2	4
相依相偎	xyxw	1	4
需要休息	xyxx	2	4
下一页	xyy	2	3
笑盈盈	xyy	3	3
县医院	xyy	4	3
消炎药	xyy	5	3
洗衣液	xyy	6	3
喜羊羊	xyy	7	3
需要一个	xyyg	1	4
吸烟有害健康	xyyk	1	4
心愿已了	xyyl	2	4
喜羊羊与灰太狼	xyyl	3	4
新鸳鸯蝴蝶梦	xyym	2	4
洗浴用品	xyyp	1	4
吸引眼球	xyyq	2	4
下雨阴天	xyyt	1	4
需要一种	xyyv	1	4
系于一线	xyyx	2	4
笑意盈盈	xyyy	2	4
心有余而力不足	xyyz	2	4
小姨子	xyz	1	3
小燕子	xyz	2	3
小鸭子	xyz	3	3
洗衣做饭	xyzf	1	4
幸运字符	xyzf	2	4
炫耀自己	xyzj	1	4
相应责任	xyzr	1	4
信仰自由	xyzy	1	4
选择	xz	1	2
现在	xz	2	2
下载	xz	3	2
险遭暗算	xzas	1	4
心脏病	xzb	1	3
写字板	xzb	2	3
现在变成	xzbi	1	4
现在不行	xzbx	1	4
现在的	xzd	1	3
戏子当道	xzdd	1	4
选择大于努力	xzdl	1	4
险遭毒手	xzdu	1	4
现在都是	xzdu	2	4
下载地址	xzdv	1	4
协作单位	xzdw	1	4
心在滴血	xzdx	1	4
小组第一	xzdy	1	4
薪资待遇	xzdy	2	4
小作坊	xzf	1	3
学杂费	xzf	2	3
选择方案	xzfa	1	4
薪资范围	xzfw	1	4
现在还	xzh	1	3
小组会	xzh	2	3
现在还不行	xzhx	1	4
先左后右	xzhy	1	4
小组合作	xzhz	1	4
下嘴唇	xzi	1	3
小资产阶级	xzij	1	4
新增产能	xzin	1	4
卸载重装	xziv	1	4
小组出线	xzix	2	4
现在就	xzj	1	3
洗澡间	xzj	2	3
薪资结构	xzjg	1	4
现在就是	xzju	1	4
现在进行时	xzju	2	4
行走江湖	xzjx	1	4
想做就做	xzjz	1	4
向左看	xzk	1	3
现在看来	xzkl	1	4
选择困难	xzkn	1	4
选择困难症	xzkv	1	4
选择恐惧症	xzkv	2	4
现在可以	xzky	1	4
选择了	xzl	1	3
写字楼	xzl	2	3
蝎子莱莱	xzll	1	4
现在来说	xzlu	1	4
瞎琢磨	xzm	1	3
小嘴抹了蜜	xzmm	1	4
须佐能乎	xznh	1	4
殉葬品	xzp	1	3
瞎子碰到鬼	xzpg	1	4
瞎子碰到狗屎	xzpu	1	4
现在起	xzq	1	3
选择权	xzq	2	3
协奏曲	xzq	3	3
选择器	xzq	4	3
小资情调	xzqd	1	4
写在前面	xzqm	1	4
现在人	xzr	1	3
小组赛	xzs	1	3
选择题	xzt	1	3
写字台	xzt	2	3
写作提纲	xztg	1	4
现在是	xzu	1	3
洗澡水	xzu	2	3
现在时	xzu	3	3
习总书记	xzuj	1	4
现在是我的了	xzul	2	4
虚则实之	xzuv	1	4
向左转	xzv	1	3
小组长	xzv	2	3
现在只能	xzvn	1	4
心脏骤停	xzvt	1	4
卸载纸上	xzvu	1	4
现在这些	xzvx	1	4
现在这样	xzvy	1	4
写作文	xzw	1	3
戏子误国	xzwg	1	4
现在我们	xzwm	1	4
现在完成时	xzwu	1	4
现在为止	xzwv	1	4
选择性	xzx	1	3
现做现结	xzxj	1	4
现做现卖	xzxm	1	4
现在需要	xzxy	1	4
选择性失忆	xzxy	2	4
现在有	xzy	1	3
写作业	xzy	2	3
想怎样	xzy	3	3
信则有	xzy	4	3
先走一步	xzyb	1	4
虚左以待	xzyd	2	4
现在已经	xzyj	1	4
仙姿玉貌	xzym	1	4
信则有不信则无	xzyw	1	4
信则有，不信则无	xzyw	2	4
新自由主义	xzyy	1	4
小崽子	xzz	1	3
小祖宗	xzz	2	3
喜滋滋	xzz	3	3
销赃罪	xzz	4	3
写在最后	xzzh	1	4
西藏自治区	xzzq	1	4
现在暂时	xzzu	1	4
现在怎样	xzzy	1	4
银鞍白马	yabm	2	4
用爱发电	yafd	1	4
阴暗处	yai	1	3
阴暗潮湿	yaiu	1	4
阴暗面	yam	2	3
有安全感	yaqg	1	4
有安全保障	yaqv	1	4
延安市	yau	2	3
因爱生恨	yauh	1	4
由爱生恨	yauh	2	4
有案在身	yazu	2	4
一般	yb	2	2
一边	yb	3	2
一半	yb	4	2
拥抱	yb	5	2
原本	yb	6	2
一步步	ybb	2	3
眼巴巴	ybb	3	3
一般般	ybb	4	3
一遍遍	ybb	5	3
硬邦邦	ybb	6	3
硬梆梆	ybb	7	3
以不变应万变	ybbb	1	4
一百八一杯	ybbb	2	4
右半部分	ybbf	2	4
一般般	ybbj	2	4
一把鼻涕一把泪	ybbl	1	4
一把鼻涕一把眼泪	ybbl	2	4
也不必说	ybbu	2	4
以备不时之需	ybbx	1	4
也不错	ybc	2	3
圆白菜	ybc	3	3
已不错	ybc	4	3
洋白菜	ybc	5	3
一步错，步步错	ybcc	2	4
一步错步步错	ybcc	3	4
扬鞭催马	ybcm	2	4
由不得	ybd	2	3
用不到	ybd	3	3
一百多	ybd	4	3
一把刀	ybd	5	3
怨不得	ybd	6	3
要不得	ybd	7	3
一边倒	ybd	8	3
也不代表	ybdb	1	4
一笔订单	ybdd	3	4
迎宾大道	ybdd	4	4
一百多个	ybdg	2	4
已拨电话	ybdh	2	4
由不得你	ybdn	2	4
演播大厅	ybdt	3	4
也不多说	ybdu	4	4
一边呆着	ybdv	1	4
一边待着	ybdv	2	4
由不得我	ybdw	2	4
一步到胃	ybdw	3	4
一般大小	ybdx	1	4
野比大雄	ybdx	2	4
永不凋谢	ybdx	3	4
一比二	ybe	2	3
一部分	ybf	1	3
有办法	ybf	2	3
也并非	ybf	3	3
一百分	ybf	4	3
也不妨	ybf	5	3
永不分离	ybfl	1	4
永不放弃	ybfq	2	4
一部分人	ybfr	1	4
也不过	ybg	2	3
一百个	ybg	3	3
一杯羹	ybg	4	3
迎宾馆	ybg	5	3
一遍过	ybg	6	3
已不够	ybg	7	3
一般规定	ybgd	1	4
一比高低	ybgd	2	4
一般过得去	ybgq	1	4
也不过是	ybgu	2	4
永不过时	ybgu	3	4
一比高下	ybgx	2	4
也不会	ybh	2	3
又不会	ybh	3	3
一把火	ybh	4	3
一把汗	ybh	5	3
眼不花	ybh	6	3
言必行	ybh	7	3
一报还一报	ybhb	1	4
移步换景	ybhj	3	4
一把好牌	ybhp	1	4
野百合也有春天	ybht	1	4
一把好手	ybhu	4	4
异变横生	ybhu	5	4
一杯茶	ybi	2	3
隐蔽处	ybi	3	3
硬板床	ybi	4	3
夜班车	ybi	5	3
哑巴吃黄连有苦说不出	ybii	1	4
哑巴吃黄连，有苦说不出	ybii	2	4
一并处理	ybil	1	4
哑巴吃黄连	ybil	2	4
衣钵传人	ybir	2	4
又被称为	ybiw	1	4
又被称作	ybiz	1	4
也比较	ybj	2	3
一杯酒	ybj	3	3
远不及	ybj	4	3
眼不见	ybj	5	3
页边距	ybj	6	3
元部件	ybj	7	3
也不见得	ybjd	2	4
阴兵借道	ybjd	3	4
眼不见，心不烦	ybjf	1	4
眼不见心不烦	ybjf	2	4
养不教父之过	ybjg	1	4
眼不见为净	ybjj	2	4
也不尽然	ybjr	2	4
语不惊人死不休	ybjx	1	4
一边看	ybk	2	3
医保卡	ybk	3	3
哑巴亏	ybk	4	3
游标卡尺	ybki	1	4
永不空军	ybkj	3	4
也不可能	ybkn	2	4
已不可能	ybkn	3	4
一鼻孔出气	ybkq	1	4
一百块钱	ybkq	2	4
预备开始	ybku	1	4
幽闭恐惧症	ybkv	1	4
一百块都不给我	ybkw	1	4
一笔开销	ybkx	1	4
也不可以	ybky	1	4
用不了	ybl	2	3
赢不了	ybl	3	3
要不了	ybl	4	3
也不赖	ybl	5	3
一波流	ybl	6	3
一比零	ybl	7	3
用不了多久	yblj	2	4
哑巴老六	ybll	6	4
永不落幕	yblm	2	4
已被领取	yblq	2	4
一边凉快去	yblq	3	4
一包辣条	yblt	1	4
眼波流转	yblv	2	4
有背良心	yblx	1	4
有被冒犯	ybmf	1	4
永不瞑目	ybmm	3	4
御坂美琴	ybmq	1	4
一本满足	ybmz	2	4
也不能	ybn	1	3
一百年	ybn	2	3
又不能	ybn	3	3
已不能	ybn	4	3
也不能够	ybng	1	4
一把年纪	ybnj	1	4
应变能力	ybnl	1	4
一百年前	ybnq	1	4
药不能停	ybnt	1	4
也不能说	ybnu	1	4
仪表盘	ybp	2	3
犹抱琵琶半遮面	ybpm	2	4
也不怕你	ybpn	2	4
用不抛弃	ybpq	1	4
一边去	ybq	2	3
一笔钱	ybq	3	3
养不起	ybq	4	3
用不起	ybq	5	3
引爆器	ybq	6	3
预备期	ybq	7	3
迎宾曲	ybq	8	3
也不确定	ybqd	1	4
也不清楚	ybqi	5	4
引爆全场	ybqi	6	4
养不起你	ybqn	3	4
养兵千日，用兵一时	ybqu	2	4
因病去世	ybqu	3	4
一般情况下	ybqx	1	4
以表歉意	ybqy	1	4
要不然	ybr	2	3
一般人	ybr	3	3
远不如	ybr	4	3
一帮人	ybr	5	3
又比如	ybr	6	3
一班人	ybr	7	3
衣不如新，人不如故	ybrg	1	4
要不然的话	ybrh	1	4
要不然呢	ybrn	2	4
一般认为	ybrw	1	4
衣不如新	ybrx	1	4
也不容易	ybry	1	4
也不算	ybs	2	3
银白色	ybs	3	3
一百岁	ybs	4	3
一比三	ybs	5	3
一蹦三尺高	ybsg	2	4
一步三回头	ybst	1	4
也不太	ybt	2	3
也不同	ybt	3	3
有不同	ybt	4	3
一百天	ybt	5	3
一拜天地	ybtd	2	4
有不同的看法	ybtf	1	4
一不偷二不抢	ybtq	1	4
永不停息	ybtx	1	4
永不停歇	ybtx	2	4
拥抱太阳	ybty	1	4
也不是	ybu	2	3
要不是	ybu	3	3
又不是	ybu	4	3
一本书	ybu	5	3
一把手	ybu	6	3
一杯水	ybu	7	3
演播室	ybu	8	3
预备生	ybu	9	3
一半时间	ybuj	3	4
也不是什么	ybum	1	4
又不是什么	ybum	2	4
一把屎一把尿	ybun	1	4
有不少人	ybur	1	4
也不失为	ybuw	1	4
要不是因为	ybuw	2	4
也不是不行	ybux	2	4
也不知	ybv	2	3
一巴掌	ybv	3	3
用不着	ybv	4	3
压不住	ybv	5	3
一把抓	ybv	6	3
远不止	ybv	7	3
永不止步	ybvb	2	4
有本质上的区别	ybvb	3	4
也不知道	ybvd	3	4
一百周年	ybvn	1	4
用不着你	ybvn	2	4
玉不琢，不成器	ybvq	1	4
玉不琢不成器	ybvq	2	4
也不只是	ybvu	2	4
夜半钟声	ybvu	3	4
以彼之道还治其人之身	ybvu	4	4
一把抓住	ybvv	1	4
永不止息	ybvx	1	4
一百万	ybw	2	3
有把握	ybw	3	3
用不完	ybw	4	3
演变为	ybw	5	3
永不为奴	ybwn	1	4
一百万个可能	ybwn	2	4
也不完全	ybwq	2	4
一波未平一波又起	ybwq	3	4
一波未平，一波又起	ybwq	4	4
永不五杀	ybwu	2	4
也不想	ybx	2	3
也不行	ybx	3	3
隐蔽性	ybx	4	3
咽不下	ybx	5	3
一本线	ybx	6	3
一般性	ybx	7	3
样板戏	ybx	8	3
已不小	ybx	9	3
言必行行必果	ybxg	1	4
言必信，行必果	ybxg	2	4
言必信行必果	ybxg	3	4
用不习惯	ybxg	4	4
鹬蚌相争，渔翁得利	ybxl	5	4
咽不下这口气	ybxq	1	4
也不逊色	ybxs	1	4
一比吓一跳	ybxt	1	4
永不休止	ybxv	3	4
也不想想	ybxx	3	4
要不要	yby	2	3
有必要	yby	3	3
也不用	yby	4	3
也不要	yby	5	3
预备役	yby	6	3
有别于	yby	7	3
有悖于	yby	8	3
一遍又一遍	ybyb	5	4
永不言败	ybyb	6	4
也不一定	ybyd	1	4
有必要的	ybyd	2	4
也不应该	ybyg	1	4
应不应该	ybyg	2	4
一笔一画	ybyh	2	4
腰板硬了	ybyl	1	4
有必要吗	ybym	1	4
越帮越忙	ybym	2	4
又白又胖	ybyp	1	4
永不言弃	ybyq	2	4
阅兵仪式	ybyu	5	4
冤不冤枉	ybyw	2	4
允不允许	ybyx	2	4
有悲有喜	ybyx	3	4
一本院校	ybyx	4	4
言必有信	ybyx	5	4
愿不愿意	ybyy	6	4
一兵一卒	ybyz	3	4
一辈子	ybz	2	3
鸭脖子	ybz	3	3
硬笔字	ybz	4	3
一败再败	ybzb	1	4
一步走错	ybzc	1	4
有鼻子有眼儿	ybze	1	4
也不怎么	ybzm	1	4
一部作品	ybzp	1	4
一棒子打死	ybzs	1	4
已不再是	ybzu	1	4
易边再战	ybzv	2	4
一不做，二不休	ybzx	1	4
一不做二不休	ybzx	2	4
有鼻子有眼	ybzy	1	4
也不在意	ybzy	2	4
一次	yc	2	2
因此	yc	3	2
一次次	ycc	1	3
一层层	ycc	2	3
阴恻恻	ycc	3	3
一次次的	yccd	2	4
隐藏地图	ycdt	1	4
一次到位	ycdw	1	4
一词多义	ycdy	1	4
以词定字	ycdz	2	4
一撮儿	yce	2	3
应采儿	yce	3	3
一次方	ycf	2	3
一次方程	ycfi	2	4
一次过	ycg	2	3
一寸光阴一寸金	ycgj	3	4
隐藏关卡	ycgk	2	4
烟草公司	ycgs	2	4
也才会	ych	2	3
油菜花	ych	3	3
压舱货	ych	4	3
隐藏成就	ycij	1	4
一寸长，一寸强	yciq	2	4
一层窗户纸	yciv	1	4
一次机会	ycjh	1	4
严词拒绝	ycjj	2	4
隐藏结局	ycjj	3	4
言辞激烈	ycjl	1	4
隐藏技能	ycjn	1	4
隐藏剧情	ycjq	2	4
一猜就是	ycju	3	4
依次进行	ycjx	2	4
由此可见一般	yckb	1	4
由此可见一斑	yckb	2	4
言辞恳切	yckq	1	4
原材料	ycl	2	3
一次两次	yclc	1	4
一次满足	ycmz	1	4
也才能	ycn	2	3
有才能	ycn	3	3
也才能够	ycng	1	4
隐藏能源	ycny	1	4
英寸屏	ycp	1	3
英寸屏幕	ycpm	2	4
要采取	ycq	2	3
隐藏人物	ycrw	1	4
隐藏任务	ycrw	2	4
洋葱头	yct	2	3
隐藏实力	ycul	1	4
隐藏属性	ycux	1	4
预测值	ycv	2	3
忧从中来	ycvl	2	4
一寸照片	ycvp	1	4
以此为	ycw	1	3
依次为	ycw	2	3
有才无德	ycwd	1	4
以此为基础	ycwi	1	4
要从娃娃抓起	ycwq	2	4
以此为证	ycwv	2	4
以此为由	ycwy	1	4
以此为满足	ycwz	1	4
一次性	ycx	2	3
与此相比	ycxb	1	4
一次性的	ycxd	1	4
一次性地	ycxd	2	4
严慈相济	ycxj	1	4
言辞犀利	ycxl	4	4
一次性用品	ycxp	3	4
一次性口罩	ycxv	1	4
一次性拖鞋	ycxx	1	4
一次性筷子	ycxz	1	4
异次元	ycy	2	3
烟草业	ycy	3	3
一次又一次	ycyc	4	4
又粗又长	ycyi	5	4
又菜又爱玩	ycyw	1	4
越挫越勇	ycyy	2	4
隐藏在	ycz	2	3
油菜籽	ycz	3	3
隐藏字符	yczf	1	4
有错在先	yczx	1	4
言辞凿凿	yczz	2	4
一定	yd	2	2
一旦	yd	3	2
一点	yd	4	2
有点	yd	5	2
印第安	yda	1	3
印度阿三	ydas	1	4
一大半	ydb	1	3
一大笔	ydb	2	3
一大把	ydb	3	3
一大步	ydb	4	3
一大帮	ydb	5	3
一大波	ydb	6	3
鱼肚白	ydb	7	3
邮电部	ydb	8	3
预答辩	ydb	9	3
言多必败	ydbb	1	4
有点不便	ydbb	2	4
一动不动是王八	ydbb	3	4
一点不错	ydbc	1	4
一顿饱餐	ydbc	2	4
一大部分	ydbf	1	4
一点办法	ydbf	2	4
有点不应该	ydbg	1	4
一定不会	ydbh	1	4
已读不回	ydbh	2	4
雨打芭蕉	ydbj	1	4
一点不假	ydbj	2	4
一动不如一静	ydbj	3	4
一定比例	ydbl	2	4
一点不留	ydbl	3	4
演都不演了	ydbl	4	4
一刀毙命	ydbm	2	4
一定不能	ydbn	1	4
邮电部诗人	ydbr	1	4
有点不是人	ydbr	2	4
有点不同	ydbt	1	4
有点不妥	ydbt	2	4
一定不是	ydbu	2	4
一滴不剩	ydbu	3	4
有得必有失	ydbu	4	4
原地爆炸	ydbv	1	4
运动博主	ydbv	2	4
有代表性	ydbx	1	4
一定不想	ydbx	2	4
一定不要	ydby	3	4
有点不足	ydbz	1	4
一顿操作猛如虎	ydch	1	4
应对措施	ydcu	2	4
一定存在	ydcz	1	4
一顿操作	ydcz	2	4
一点点	ydd	1	3
一大堆	ydd	2	3
一丁点	ydd	3	3
一道道	ydd	4	3
一朵朵	ydd	5	3
一代代	ydd	6	3
一丢丢	ydd	7	3
一堆堆	ydd	8	3
一点都不	yddb	1	4
一点都不错	yddc	1	4
一点点的	yddd	1	4
有的地方	yddf	1	4
远的地方	yddf	2	4
一点都不好	yddh	2	4
原地等候	yddh	3	4
有多大仇	yddi	1	4
移动挡拆	yddi	2	4
有点道理	yddl	1	4
异地登录	yddl	2	4
一滴都不剩了	yddl	3	4
又当爹又当妈	yddm	3	4
原地掉头	yddt	1	4
勇斗歹徒	yddt	2	4
一定都是	yddu	1	4
一滴都不剩	yddu	2	4
夜的第七章	yddv	1	4
有点东西	yddx	1	4
邮电大学	yddx	2	4
移动电源	yddy	1	4
勇夺第一	yddy	2	4
有多大必要	yddy	3	4
有点儿	yde	1	3
一点儿	yde	2	3
一点儿也不	ydeb	1	4
约德尔调	yded	1	4
运动耳机	ydej	1	4
一点儿也	ydey	1	4
一顿饭	ydf	1	3
有点烦	ydf	2	3
运动服	ydf	3	3
羊癫疯	ydf	4	3
油豆腐	ydf	5	3
鱼豆腐	ydf	6	3
印度飞饼	ydfb	1	4
一顿饭功夫	ydff	1	4
原地复活	ydfh	1	4
一定范围内	ydfn	1	4
一对夫妻	ydfq	2	4
一定范围	ydfw	1	4
有点复杂	ydfz	1	4
遇到过	ydg	1	3
有点怪	ydg	2	3
一等功	ydg	3	3
一大过	ydg	4	3
有点过分	ydgf	1	4
勇夺桂冠	ydgg	1	4
御弟哥哥	ydgg	2	4
有待观察	ydgi	1	4
有的国家	ydgj	1	4
有点感觉	ydgj	2	4
一等公民	ydgm	1	4
以点概面	ydgm	2	4
移动公司	ydgs	1	4
诱导公式	ydgu	1	4
有点固执	ydgv	1	4
有点搞笑	ydgx	1	4
一道光线	ydgx	2	4
一定会	ydh	1	3
一定很	ydh	2	3
也都会	ydh	3	3
一段话	ydh	4	3
运动会	ydh	5	3
一朵花	ydh	6	3
印度河	ydh	7	3
有点后悔	ydhh	1	4
有点好处	ydhi	1	4
移动互联	ydhl	1	4
有点害怕	ydhp	1	4
移动互联网	ydhw	1	4
一定会有	ydhy	1	4
一大串	ydi	1	3
运动场	ydi	2	3
有得吃	ydi	3	3
运动场地	ydid	2	4
疑点重重	ydii	1	4
移动长城	ydii	2	4
以动衬静	ydij	1	4
业道酬精	ydij	2	4
一顿臭骂	ydim	1	4
有点冲突	ydit	1	4
一定程度上	ydiu	1	4
应当成为	ydiw	1	4
一大截	ydj	1	3
元旦节	ydj	2	3
永动机	ydj	3	3
一等奖	ydj	4	3
邮电局	ydj	5	3
影碟机	ydj	6	3
一定阶段	ydjd	1	4
一段佳话	ydjh	1	4
原定计划	ydjh	2	4
原地结婚	ydjh	3	4
一定基础	ydji	1	4
瘾大技术差	ydji	2	4
有待解决	ydjj	2	4
有道精品课	ydjk	2	4
有点距离	ydjl	1	4
有待加强	ydjq	1	4
一大家子人	ydjr	1	4
移动角色	ydjs	1	4
原地解散	ydjs	2	4
一点就通	ydjt	1	4
一点就透	ydjt	2	4
一定就是	ydju	1	4
缘定今生	ydju	2	4
一点就着	ydjv	1	4
有点紧张	ydjv	2	4
一大口	ydk	1	3
一大块	ydk	2	3
有点卡	ydk	3	3
运动裤	ydk	4	3
移动卡	ydk	5	3
阴道口	ydk	6	3
有点恐怖	ydkb	1	4
韵达快递	ydkd	1	4
有点看法	ydkf	1	4
一点看法	ydkf	2	4
异度空间	ydkj	1	4
有待开垦	ydkk	1	4
元旦快乐	ydkl	1	4
遇到困难	ydkn	1	4
有点困难	ydkn	2	4
一点宽容	ydkr	1	4
有点夸张	ydkv	1	4
有点可惜	ydkx	1	4
一定可以	ydky	1	4
有道理	ydl	1	3
遇到了	ydl	2	3
意大利	ydl	3	3
一段路	ydl	4	3
有点累	ydl	5	3
运动量	ydl	6	3
异地恋	ydl	7	3
原动力	ydl	8	3
用电量	ydl	9	3
硬道理	ydl	10	3
有道理的	ydld	2	4
玉帝老儿	ydle	1	4
已读乱回	ydlh	1	4
阅读理解	ydlj	1	4
意大利进口	ydlk	1	4
移动流量	ydll	1	4
意大利罗马	ydlm	2	4
有点离谱	ydlp	2	4
移动联通	ydlt	1	4
远大理想	ydlx	1	4
有端联想	ydlx	2	4
一点灵犀	ydlx	3	4
有多么	ydm	1	3
有点慢	ydm	2	3
源代码	ydm	3	3
有点忙	ydm	4	3
一代目	ydm	5	3
运动帽	ydm	6	3
远大目标	ydmb	1	4
有点毛病	ydmb	2	4
有点矛盾	ydmd	2	4
有点麻烦	ydmf	1	4
遇到麻烦	ydmf	2	4
运动模糊	ydmh	1	4
有的忙了	ydml	1	4
有点迷茫	ydmm	1	4
有点茫然	ydmr	1	4
移动梦网	ydmw	1	4
一定没有	ydmy	1	4
樱岛麻衣	ydmy	2	4
一顶帽子	ydmz	1	4
一定能	ydn	1	3
雅典娜	ydn	2	3
有点难	ydn	3	3
有点难办	ydnb	1	4
有点难度	ydnd	1	4
一定难度	ydnd	2	4
有点难处	ydni	1	4
有点难堪	ydnk	1	4
遇到难题	ydnt	1	4
一道难题	ydnt	2	4
运动内衣	ydny	1	4
印度尼西亚	ydny	2	4
一大片	ydp	1	3
一大批	ydp	2	3
有点怕	ydp	3	3
一大盘	ydp	4	3
移动盘	ydp	5	3
一等品	ydp	6	3
一大批人	ydpr	1	4
一顿胖揍	ydpz	1	4
一大群	ydq	1	3
一大圈	ydq	2	3
一刀切	ydq	3	3
阅读器	ydq	4	3
原地区	ydq	5	3
右对齐	ydq	6	3
运动器材	ydqc	1	4
原地起飞	ydqf	1	4
有点情况	ydqk	1	4
月底清零	ydql	1	4
一朵奇葩	ydqp	1	4
以多取胜	ydqu	1	4
阅读全文	ydqw	1	4
一定情况下	ydqx	2	4
悦达起亚	ydqy	1	4
有的人	ydr	1	3
一代人	ydr	2	3
印度人	ydr	3	3
也都如此	ydrc	1	4
有的人说	ydru	1	4
一段日子	ydrz	1	4
胰岛素	yds	1	3
邮电所	yds	2	3
移动速度	ydsd	1	4
阴道松弛	ydsi	2	4
缘定三生	ydsu	1	4
一大损失	ydsu	2	4
冤大头	ydt	1	3
一大跳	ydt	2	3
有点甜	ydt	3	3
一大套	ydt	4	3
阅读题	ydt	5	3
袁大头	ydt	6	3
原地踏步	ydtb	1	4
有点特别	ydtb	2	4
一顿痛打	ydtd	1	4
有待提高	ydtg	2	4
一代天骄	ydtj	2	4
有点头脑	ydtn	1	4
原地tp	ydtp	1	4
有待提升	ydtu	1	4
异地他乡	ydtx	2	4
一定条件下	ydtx	3	4
一定是	ydu	1	3
有多少	ydu	2	3
有的是	ydu	3	3
有道是	ydu	4	3
用得上	ydu	5	3
有点事	ydu	6	3
优等生	ydu	7	3
移动设备	ydub	1	4
运动手表	ydub	2	4
有多少次	yduc	1	4
有点舍不得	ydud	1	4
一定是极好的	ydud	2	4
有的是办法	yduf	1	4
有多少个	ydug	1	4
一段时光	ydug	2	4
有的时候	yduh	1	4
运动手环	yduh	2	4
一段时间	yduj	1	4
有段时间	yduj	2	4
一点时间	yduj	3	4
一定数量	ydul	1	4
赢得生前身后名	ydum	1	4
一定水平	ydup	1	4
有待商榷	yduq	1	4
一段时期	yduq	2	4
有多少人	ydur	2	4
原地社死	ydus	1	4
原地升天	ydut	1	4
要多少有多少	yduu	1	4
有多少要多少	yduu	2	4
一代身份证	yduv	1	4
有点失望	yduw	1	4
印度神油	yduy	1	4
一定是有	yduy	2	4
用得着	ydv	1	3
应对之策	ydvc	1	4
移动支付	ydvf	1	4
元旦祝福	ydvf	2	4
亚当重锤	ydvi	1	4
运动中枢	ydvu	1	4
阅读指数	ydvu	2	4
一党专政	ydvv	1	4
一大碗	ydw	1	3
原单位	ydw	2	3
一打五	ydw	3	3
欲戴王冠	ydwg	1	4
元旦晚会	ydwh	1	4
移动网络	ydwl	1	4
羊大为美	ydwm	1	4
有点问题	ydwt	1	4
遇到问题	ydwt	2	4
欲戴王冠，必承其重	ydwv	1	4
欲戴王冠必承其重	ydwv	2	4
以德为先	ydwx	1	4
一点问题都没有	ydwy	1	4
有点像	ydx	1	3
运动鞋	ydx	2	3
压倒性	ydx	3	3
眼底下	ydx	4	3
引导性	ydx	5	3
有点心动	ydxd	1	4
有的兄弟	ydxd	2	4
异地相逢	ydxf	1	4
有点想法	ydxf	2	4
一朵鲜花	ydxh	1	4
运动相机	ydxj	1	4
一代新人换旧人	ydxr	2	4
一点小事	ydxu	2	4
由东向西	ydxx	1	4
一点心意	ydxy	1	4
一定要	ydy	1	3
运动员	ydy	2	3
一对一	ydy	3	3
伊甸园	ydy	4	3
印度洋	ydy	5	3
邮递员	ydy	6	3
阴道炎	ydy	7	3
愿打愿挨	ydya	1	4
一定要把	ydyb	2	4
一动也不动	ydyd	3	4
以贷养贷	ydyd	4	4
意动用法	ydyf	1	4
越多越好	ydyh	1	4
有点遗憾	ydyh	2	4
一搭一唱	ydyi	1	4
有点异常	ydyi	2	4
有道云笔记	ydyj	1	4
印度运镜	ydyj	2	4
有待研究	ydyj	3	4
越打越快	ydyk	1	4
又当又立	ydyl	2	4
越打越慢	ydym	1	4
有的一拼	ydyp	2	4
一刀一枪	ydyq	2	4
有点意思	ydys	1	4
阅读原文	ydyw	1	4
一大一小	ydyx	1	4
愿得一人心	ydyx	2	4
一定要有	ydyy	1	4
一定意义	ydyy	2	4
有多远滚多远	ydyy	3	4
一大早	ydz	1	3
一肚子	ydz	2	3
一定在	ydz	3	3
已点赞	ydz	4	3
晕倒在地	ydzd	1	4
一肚子火	ydzh	1	4
一肚子话	ydzh	2	4
饮弹自尽	ydzj	1	4
应对自如	ydzr	1	4
一睹尊容	ydzr	2	4
一肚子坏水	ydzu	2	4
余额宝	yeb	2	3
眼耳鼻喉	yebh	2	4
婴儿般的水面	yebm	1	4
一儿半女	yebn	1	4
艳而不俗	yebs	1	4
咬耳朵	yed	2	3
婴儿肥	yef	2	3
养儿方知父母恩	yefe	1	4
婴儿车	yei	1	3
婴儿床	yei	2	3
余额查询	yeix	1	4
一二九运动	yejd	1	4
爷儿俩	yel	2	3
一二三	yes	2	3
一二三四五六七八	yesb	1	4
一二三四五六七八九	yesj	1	4
一二三四五六	yesl	1	4
一二三四五六七	yesq	1	4
一二三四五六七八九十	yesu	3	4
一二三四五	yesw	1	4
壹贰叁肆伍	yesw	2	4
压耳式	yeu	1	3
有二说二	yeue	1	4
压耳式耳机	yeuj	2	4
有耳闻	yew	2	3
幼儿向	yex	1	3
幼儿园	yey	1	3
一二一	yey	2	3
婴儿用品	yeyp	1	4
幺蛾子	yez	2	3
一而再	yez	3	3
一而再再而三	yezs	1	4
一而再，再而三	yezs	2	4
衣服	yf	1	2
一份	yf	2	2
一副	yf	3	2
远方	yf	4	2
一份爱心	yfax	1	4
原发病	yfb	1	3
一发不可收拾	yfbu	1	4
一发不可收	yfbu	2	4
依法保障	yfbv	1	4
以防不时之需	yfbx	1	4
一方霸业	yfby	2	4
预防措施	yfcu	1	4
语法错误	yfcw	1	4
依法逮捕	yfdb	1	4
要风得风	yfdf	1	4
一夫当关，万夫莫开	yfdk	1	4
要风得风，要雨得雨	yfdy	1	4
一发而不可收拾	yfeu	1	4
一幅幅	yff	1	3
预付费	yff	2	3
诱发犯罪	yffz	1	4
一份关爱	yfga	1	4
有福共享有难同当	yfgd	1	4
一番功夫	yfgf	1	4
一分耕耘，一分收获	yfgh	1	4
一分耕耘一分收获	yfgh	2	4
越发感觉	yfgj	1	4
永放光芒	yfgm	1	4
一份感情	yfgq	1	4
引发关注	yfgv	1	4
有福共享	yfgx	1	4
一番话	yfh	1	3
一幅画	yfh	2	3
一番好意	yfhy	1	4
有饭吃	yfi	1	3
研发成本	yfib	1	4
有付出就有回报	yfib	2	4
研发成果	yfig	1	4
依法查处	yfii	1	4
依法惩处	yfii	2	4
忧愤成疾	yfij	1	4
依法处理	yfil	1	4
依法惩治	yfiv	1	4
严父出孝子	yfiz	1	4
一方巨擘	yfjb	1	4
越发觉得	yfjd	1	4
应付金额	yfje	1	4
依法监管	yfjg	1	4
一分价钱一分货	yfjh	1	4
迎风见长	yfji	1	4
医方集解	yfjj	1	4
一分价钱	yfjq	1	4
一反既往	yfjw	1	4
预付款	yfk	1	3
应付款	yfk	2	3
一份宽容	yfkr	1	4
一番口舌	yfku	1	4
一番苦心	yfkx	1	4
引发了	yfl	1	3
有份量	yfl	2	3
易腐烂	yfl	3	3
野辅联动	yfld	2	4
幼发拉底河	yflh	1	4
英法联军	yflj	1	4
应付了事	yflu	1	4
以法律为准绳	yflu	2	4
有法律保障	yflv	1	4
一份礼物	yflw	1	4
一方面	yfm	1	3
养父母	yfm	2	3
英法美	yfm	3	3
一方面是	yfmu	1	4
迎风冒雨	yfmy	1	4
研发能力	yfnl	1	4
依法纳税	yfnu	1	4
亚非欧	yfo	1	3
迎风坡	yfp	1	3
依法赔偿	yfpi	1	4
研发平台	yfpt	1	4
依法批准	yfpv	2	4
迎风飘扬	yfpy	1	4
一分钱	yfq	1	3
运费券	yfq	2	3
依法取缔	yfqd	1	4
一份牵挂	yfqg	1	4
扬帆起航	yfqh	1	4
一分钱一分货	yfqh	2	4
一分钱难倒英雄汉	yfqh	3	4
用非其人	yfqr	1	4
一番劝说	yfqu	1	4
一发入魂	yfrh	1	4
以凡人之躯，比肩神明	yfrm	1	4
以凡人之躯比肩神明	yfrm	2	4
研发人员	yfry	1	4
已发送	yfs	1	3
有负所托	yfst	1	4
一幅图	yft	1	3
一份提案	yfta	1	4
有福同享，有难同当	yftd	1	4
有福同享有难同当	yftd	2	4
一份调查	yfti	1	4
异父同母	yftm	1	4
一幅图片	yftp	1	4
一份通知	yftv	1	4
遇佛杀佛	yfuf	1	4
一分收获	yfuh	1	4
一方水土养一方人	yfur	1	4
一分钟	yfv	1	3
以防止	yfv	2	3
预防针	yfv	3	3
依法制裁	yfvc	1	4
以法治国	yfvg	2	4
依法追究	yfvj	1	4
应付账款	yfvk	1	4
以父之名	yfvm	1	4
一分钟内	yfvn	1	4
一分钟前	yfvq	1	4
一番折腾	yfvt	1	4
阴风阵阵	yfvv	2	4
依法执行	yfvx	2	4
疑犯追踪	yfvz	1	4
又分为	yfw	1	3
云服务	yfw	2	3
一份文件	yfwj	1	4
也发现	yfx	1	3
又发现	yfx	2	3
一封信	yfx	3	3
预防性	yfx	4	3
运费险	yfx	5	3
押赴刑场	yfxi	1	4
依法行使	yfxu	1	4
依法行事	yfxu	2	4
依法行政	yfxv	1	4
依附于	yfy	1	3
有房有车	yfyi	1	4
以房养老	yfyl	1	4
一分一厘	yfyl	2	4
一分一秒	yfym	1	4
岳父岳母	yfym	2	4
一房一厅	yfyt	1	4
一反一顺	yfyu	1	4
一夫一妻制	yfyv	1	4
阴奉阳违	yfyw	2	4
以贩养吸	yfyx	1	4
吟风咏月	yfyy	2	4
一分子	yfz	1	3
遗腹子	yfz	2	3
药贩子	yfz	3	3
御夫座	yfz	4	3
一犯再犯	yfzf	1	4
一个	yg	2	2
一股	yg	3	2
一根	yg	4	2
一共	yg	5	2
应该	yg	6	2
有关	yg	7	2
粤港澳	yga	1	3
一个爱好	ygah	1	4
严格按照	ygav	1	4
应该把	ygb	1	3
一个半	ygb	2	3
荧光棒	ygb	3	3
阉割版	ygb	4	3
鹰钩鼻	ygb	5	3
夜光杯	ygb	6	3
荧光笔	ygb	7	3
夜光表	ygb	8	3
乙肝病毒	ygbd	1	4
一个部分	ygbf	1	4
一个办法	ygbf	2	4
一个比一个	ygbg	2	4
应该不会	ygbh	2	4
严格把控	ygbk	1	4
一个不落	ygbl	1	4
一个不留	ygbl	2	4
应该不能	ygbn	2	4
一个不缺	ygbq	1	4
一个鼻孔出气	ygbq	2	4
应该不是	ygbu	1	4
一个半小时	ygbu	2	4
一个不少	ygbu	3	4
一概不知	ygbv	3	4
一个巴掌拍不响	ygbx	2	4
一个半月	ygby	2	4
一共才	ygc	1	3
一个词	ygc	2	3
阳光灿烂	ygcl	1	4
欲购从速	ygcs	1	4
一个错误	ygcw	1	4
应该的	ygd	1	3
一个点	ygd	2	3
一锅端	ygd	3	3
勇敢地	ygd	4	3
远光灯	ygd	5	3
曳光弹	ygd	6	3
阳关道	ygd	7	3
荧光灯	ygd	8	3
一个多礼拜	ygdb	1	4
阳光大道	ygdd	3	4
一个地方	ygdf	1	4
有个地方	ygdf	2	4
有轨电车	ygdi	1	4
油干灯尽	ygdj	1	4
有关当局	ygdj	2	4
眼光毒辣	ygdl	1	4
一个顶俩	ygdl	2	4
一个道理	ygdl	3	4
一个地区	ygdq	1	4
一个多星期	ygdq	2	4
一个抵三	ygds	1	4
燕国地图	ygdt	1	4
一个多小时	ygdu	1	4
严格地说	ygdu	2	4
一个多钟	ygdv	2	4
一个东西	ygdx	1	4
一个地下	ygdx	2	4
一个多月	ygdy	1	4
一个都没有	ygdy	2	4
压根儿	yge	1	3
由感而发	ygef	2	4
一个二个	ygeg	1	4
一公分	ygf	1	3
杨贵妃	ygf	2	3
荧光粉	ygf	3	3
硬功夫	ygf	4	3
有关法规	ygfg	1	4
一个房间	ygfj	2	4
有关法律	ygfl	1	4
油光发亮	ygfl	2	4
一个方面	ygfm	2	4
异国风情	ygfq	1	4
月高风轻	ygfq	2	4
因公负伤	ygfu	1	4
一贯方针	ygfv	1	4
一个方向	ygfx	1	4
一个疯子	ygfz	1	4
一个个	ygg	1	3
一根根	ygg	2	3
一股股	ygg	3	3
圆滚滚	ygg	4	3
圆鼓鼓	ygg	5	3
一个敢问，一个敢答	yggd	2	4
一个国家	yggj	2	4
严格管理	yggl	1	4
英国广播公司	yggs	1	4
一个故事	yggu	1	4
一个关系	yggx	2	4
应该会	ygh	1	3
一锅烩	ygh	2	3
一个好汉三个帮	yghb	1	4
有个好处	yghi	1	4
一个和尚挑水吃	yghi	2	4
一根毫毛	yghm	1	4
一根汗毛	yghm	2	4
因果函数	yghu	1	4
一个孩子	yghz	1	4
云贵川	ygi	1	3
牙膏厂	ygi	2	3
一个唱红脸，一个唱白脸	ygil	1	4
一改初衷	ygiv	1	4
远隔重洋	ygiy	1	4
阳光充足	ygiz	1	4
应该就	ygj	1	3
一个劲	ygj	2	3
一根筋	ygj	3	3
一股劲	ygj	4	3
有根据	ygj	5	3
一个箭步	ygjb	1	4
牙关紧闭	ygjb	2	4
一个劲地	ygjd	1	4
一个角度	ygjd	2	4
一个接一个	ygjg	1	4
一个机会	ygjh	1	4
英国进口	ygjk	1	4
严格纪律	ygjl	1	4
压根就没	ygjm	1	4
应该就是	ygju	2	4
严格教育	ygjy	1	4
阳光开朗大男孩	ygkh	1	4
阳光开朗	ygkl	1	4
亿格科威	ygkw	1	4
应该可以	ygky	1	4
有规律	ygl	1	3
英格兰	ygl	2	3
因果律	ygl	3	3
油橄榄	ygl	4	3
一个礼拜	yglb	1	4
一个来礼拜	yglb	2	4
英国伦敦	ygld	2	4
一个萝卜一个坑儿	ygle	1	4
眼观六路，耳听八方	yglf	1	4
一个两个	yglg	1	4
一个来回	yglh	1	4
阴沟里翻船	ygli	1	4
严格来讲	yglj	1	4
应该来讲	yglj	2	4
一个萝卜一个坑	yglk	1	4
因果率武器	yglq	1	4
严格来说	yglu	2	4
一国两智	yglv	2	4
有规律可循	yglx	1	4
一个来月	ygly	1	4
一个例子	yglz	1	4
有个例子	yglz	2	4
压根没	ygm	1	3
要干嘛	ygm	2	3
有个毛	ygm	3	3
又干嘛	ygm	4	3
一个模子刻出来的	ygmd	1	4
一个模子出来的	ygmd	2	4
一个模子里出来的	ygmd	3	4
一个名额	ygme	1	4
应该没问题	ygmt	1	4
一个没少	ygmu	1	4
应该没有	ygmy	1	4
有个毛用	ygmy	2	4
一个没有	ygmy	3	4
一个模子	ygmz	1	4
一个民族	ygmz	2	4
应该能	ygn	1	3
一股脑	ygn	2	3
一股脑地	ygnd	1	4
勇敢牛牛	ygnn	1	4
勇敢牛牛，不怕困难	ygnn	2	4
英国女王	ygnw	1	4
预告片	ygp	1	3
有个屁	ygp	2	3
荧光屏	ygp	3	3
一个频道	ygpd	1	4
阳光普照	ygpv	1	4
一丨丿丶乙	ygpy	1	4
晕过去	ygq	1	3
雨刮器	ygq	2	3
月光曲	ygq	3	3
异国情调	ygqd	1	4
严格区分	ygqf	1	4
有关情况	ygqk	1	4
一个情况	ygqk	2	4
一杆清台	ygqt	1	4
一个人	ygr	1	3
有个人	ygr	2	3
英国人	ygr	3	3
羊羔绒	ygr	4	3
腰杆软	ygr	5	3
应该如此	ygrc	1	4
一贯如此	ygrc	2	4
一个人的	ygrd	2	4
艺高人胆大	ygrd	3	4
应该如何	ygrh	1	4
易感人群	ygrq	1	4
月光如水	ygru	1	4
有关人士	ygru	2	4
以个人名义	ygry	2	4
远古素材	ygsc	1	4
艳光四射	ygsu	1	4
硬骨头	ygt	1	3
异构体	ygt	2	3
一个天一个地	ygtd	1	4
一个头两个大	ygtd	2	4
一根藤上的瓜	ygtg	1	4
一个条件	ygtj	1	4
有个条件	ygtj	2	4
越共探头	ygtt	1	4
冤鬼投胎	ygtt	2	4
一个天上	ygtu	1	4
夜观天象	ygtx	2	4
一个天上一个地下	ygtx	3	4
有共同语言	ygty	1	4
一个是	ygu	1	3
应该是	ygu	2	3
应该说	ygu	3	3
一共是	ygu	4	3
有故事	ygu	5	3
一个事	ygu	6	3
应该是吧	ygub	1	4
一个设备	ygub	2	4
远古时代	ygud	2	4
掩过饰非	yguf	1	4
应该是个	ygug	1	4
应该是一个	ygug	2	4
一个社会	yguh	2	4
一个时辰	ygui	1	4
一个世纪	yguj	1	4
一个世界	yguj	2	4
严格说来	ygul	1	4
应该是了	ygul	2	4
引鬼上门	ygum	1	4
远古时期	yguq	1	4
一个事情	yguq	2	4
阳光升起	yguq	3	4
有故事的人	ygur	1	4
一个手指头	ygut	1	4
一根手指头	ygut	2	4
应该说是	yguu	1	4
英国绅士	yguu	2	4
一个手指	yguv	1	4
应该是一种	yguv	2	4
一个上午	yguw	1	4
有关事项	ygux	1	4
英国首相	ygux	2	4
有关事宜	yguy	1	4
应该是这样	yguy	2	4
也跟着	ygv	1	3
一锅粥	ygv	2	3
衣冠冢	ygv	3	3
余光中	ygv	4	3
一个钟	ygv	5	3
一锅煮	ygv	6	3
应该知道	ygvd	1	4
一个中心两个基本点	ygvd	2	4
严格执法	ygvf	1	4
一个中国	ygvg	1	4
有过之而无不及	ygvj	1	4
一国之君	ygvj	2	4
一个照面	ygvm	1	4
勇敢追求	ygvq	2	4
一个钟头	ygvt	1	4
由攻转守	ygvu	2	4
言归正传	ygvv	1	4
一贯主张	ygvv	2	4
严格执行	ygvx	2	4
应该这样	ygvy	1	4
央广网	ygw	1	3
忧国忘家	ygwj	4	4
一贯为人	ygwr	1	4
一个晚上	ygwu	2	4
阳光万丈	ygwv	1	4
有个万一	ygwy	1	4
有关系	ygx	1	3
阳光下	ygx	2	3
一贯性	ygx	3	3
有感想	ygx	4	3
有关系的	ygxd	1	4
一个想法	ygxf	1	4
因果循环	ygxh	1	4
一个星期后	ygxh	2	4
严格训练	ygxl	1	4
有关系吗	ygxm	1	4
一个星期	ygxq	1	4
一个学期	ygxq	2	4
一个小时	ygxu	1	4
因公牺牲	ygxu	2	4
严格限制	ygxv	2	4
一个下午	ygxw	1	4
夜观星相	ygxx	1	4
夜观星象	ygxx	2	4
应该需要	ygxy	1	4
云宫迅音	ygxy	2	4
一个月	ygy	1	3
一共有	ygy	2	3
应该有	ygy	3	3
有关于	ygy	4	3
一个亿	ygy	5	3
一根烟	ygy	6	3
一个样	ygy	7	3
远高于	ygy	8	3
有感于	ygy	9	3
摇滚乐	ygy	10	3
一个愿挨	ygya	1	4
一个愿打，一个愿挨	ygya	2	4
严格意义上的	ygyd	3	4
应该应分	ygyf	1	4
一个又一个	ygyg	2	4
一个月后	ygyh	2	4
有规有矩	ygyj	3	4
又肝又氪	ygyk	1	4
有个依靠	ygyk	2	4
又甘又刻	ygyk	3	4
阳光雨露	ygyl	1	4
一公一母	ygym	2	4
一个月内	ygyn	1	4
一个月前	ygyq	2	4
一个意思	ygys	2	4
一个眼神	ygyu	2	4
严格意义上	ygyu	3	4
有个疑问	ygyw	2	4
一个原因	ygyy	1	4
严格意义	ygyy	2	4
牙根痒痒	ygyy	3	4
一个样子	ygyz	1	4
一股子	ygz	1	3
一个字	ygz	2	3
洋鬼子	ygz	3	3
腰杆子	ygz	4	3
药罐子	ygz	5	3
月工资	ygz	6	3
月光族	ygz	7	3
应该做的	ygzd	1	4
一竿子到底	ygzd	2	4
一贯作风	ygzf	1	4
一贯做法	ygzf	2	4
阳光总在风雨后	ygzh	1	4
一个字母	ygzm	1	4
一棍子打死	ygzs	1	4
一行	yh	2	2
以后	yh	3	2
也会	yh	4	2
也好办	yhb	2	3
音画不同步	yhbb	2	4
有何办法	yhbf	2	4
有何不好	yhbh	2	4
有何不妥	yhbt	1	4
有何不同	yhbt	2	4
誉毁参半	yhcb	1	4
英汉词典	yhcd	2	4
有很多	yhd	1	3
也很多	yhd	2	3
也会对	yhd	3	3
有好多	yhd	4	3
亚寒带	yhd	5	3
与会代表	yhdb	1	4
樱花大道	yhdd	2	4
有很大机会	yhdh	1	4
银行贷款	yhdk	1	4
有很多人	yhdr	1	4
友好代表团	yhdt	1	4
有很大帮助	yhdv	1	4
羽化登仙	yhdx	1	4
银河倒泻	yhdx	2	4
一会儿	yhe	1	3
一会儿工夫	yhef	1	4
一晃而过	yheg	1	4
一会儿见	yhej	2	4
一轰而散	yhes	2	4
又何妨	yhf	2	3
有何妨	yhf	3	3
宇航服	yhf	4	3
有何吩咐	yhff	2	4
用户反馈	yhfk	2	4
与或非门	yhfm	1	4
已婚妇女	yhfn	1	4
有好感	yhg	2	3
烟灰缸	yhg	3	3
氧化钙	yhg	4	3
一会功夫	yhgf	1	4
有何贵干	yhgg	2	4
有好果子吃	yhgi	1	4
有何高见	yhgj	2	4
用户管理	yhgl	2	4
有何感受	yhgu	1	4
有何感想	yhgx	1	4
友好关系	yhgx	2	4
优化改造	yhgz	2	4
一行行	yhh	2	3
也很好	yhh	3	3
晕乎乎	yhh	4	3
圆乎乎	yhh	5	3
优惠活动	yhhd	1	4
晕乎乎的	yhhd	2	4
要好好的	yhhd	3	4
银行汇款	yhhk	2	4
银行汇票	yhhp	1	4
有话好好说	yhhu	3	4
用户画像	yhhx	2	4
英汉互译	yhhy	3	4
有好处	yhi	2	3
萤火虫	yhi	3	3
雨后初晴	yhiq	1	4
羽化成仙	yhix	1	4
一会见	yhj	1	3
优惠价	yhj	2	3
氧化剂	yhj	3	3
宇航局	yhj	4	3
轧花机	yhj	5	3
引号键	yhj	6	3
油猴脚本	yhjb	1	4
与会嘉宾	yhjb	2	4
也很简单	yhjd	1	4
阅后即焚	yhjf	1	4
一会就好	yhjh	2	4
有何见教	yhjj	1	4
友好交流	yhjl	3	4
有话就说	yhju	2	4
银行卡	yhk	2	3
有何看法	yhkf	1	4
银行卡号	yhkh	1	4
优化空间	yhkj	3	4
有何困难	yhkn	1	4
艺画开天	yhkt	2	4
有话快说	yhku	1	4
诱惑力	yhl	2	3
咬合力	yhl	3	3
用户量	yhl	4	3
有活力	yhl	5	3
氧化铝	yhl	6	3
友好邻邦	yhlb	1	4
与会领导	yhld	2	4
眼含泪花	yhlh	1	4
遗憾离场	yhli	3	4
依葫芦画瓢	yhlp	1	4
银行流水	yhlu	2	4
用户流失	yhlu	3	4
友好来往	yhlw	1	4
烟花柳巷	yhlx	1	4
用户名	yhm	2	3
氧化酶	yhm	3	3
与狐谋皮	yhmp	2	4
易货贸易	yhmy	1	4
有何难	yhn	2	3
约翰内斯堡	yhnb	1	4
疑惑难决	yhnj	2	4
欲火难耐	yhnn	2	4
烟花女子	yhnz	1	4
优惠券	yhq	2	3
液化气	yhq	3	3
义和拳	yhq	4	3
一泓清泉	yhqq	2	4
用户群体	yhqt	1	4
又好气又好笑	yhqx	1	4
也会如此	yhrc	1	4
一户人家	yhrj	2	4
遗恨人间	yhrj	3	4
眼含热泪	yhrl	1	4
迎合人心	yhrx	1	4
殷红如血	yhrx	2	4
银灰色	yhs	2	3
烟灰色	yhs	3	3
叶黄素	yhs	4	3
杨辉三角	yhsj	4	4
淫秽色情	yhsq	1	4
烟花三月	yhsy	1	4
一回头	yht	2	3
宴会厅	yht	3	3
氧化铁	yht	4	3
义和团	yht	5	3
友好讨论	yhtl	1	4
雨后天晴	yhtq	1	4
一回事	yhu	2	3
也还是	yhu	3	3
抑或是	yhu	4	3
也很少	yhu	5	3
也会是	yhu	6	3
有话说	yhu	7	3
用户数	yhu	8	3
银环蛇	yhu	9	3
印花税	yhu	10	3
野火烧不尽	yhuj	2	4
永恒世界	yhuj	3	4
用户数量	yhul	1	4
淫秽视频	yhup	1	4
液化石油气	yhuq	1	4
月黑杀人	yhur	1	4
一回生二回熟	yhuu	4	4
月黑杀人夜	yhuy	1	4
一虎杀两羊	yhuy	2	4
又或者	yhv	1	3
拥护者	yhv	2	3
一合之敌	yhvd	2	4
有何指教	yhvj	1	4
银河战舰	yhvj	2	4
一壶浊酒	yhvj	3	4
有话直说	yhvu	2	4
也很重要	yhvy	1	4
氧化物	yhw	2	3
有害物	yhw	3	3
焰火晚会	yhwh	3	4
也还行	yhx	1	3
银河系	yhx	2	3
约翰逊	yhx	3	3
圆弧形	yhx	4	3
烟花巷	yhx	5	3
引火线	yhx	6	3
氧化锌	yhx	7	3
氧化性	yhx	8	3
鱼和熊掌不可兼得	yhxd	1	4
有何想法	yhxf	1	4
有何相干	yhxg	1	4
用户需求	yhxq	1	4
雨后小故事	yhxu	3	4
也会有	yhy	1	3
御花园	yhy	2	3
宇航员	yhy	3	3
怡红院	yhy	4	3
颐和园	yhy	5	3
咽喉炎	yhy	6	3
又好又快	yhyk	2	4
有何颜面	yhym	1	4
也会有人	yhyr	1	4
一呼一吸	yhyx	1	4
养孩子	yhz	1	3
牙花子	yhz	2	3
硬汉子	yhz	3	3
用户组	yhz	4	3
英汉字典	yhzd	1	4
有何做法	yhzf	2	4
以后再看	yhzk	1	4
以后再说	yhzu	2	4
迂回作战	yhzv	1	4
一场	yi	2	2
异常	yi	3	2
异常安静	yiaj	1	4
遗传病	yib	2	3
异常报错	yibc	4	4
有仇报仇	yibi	2	4
溢出屏幕	yibm	5	4
遗传病史	yibu	5	4
一朝被蛇咬，十年怕井绳	yibu	6	4
遗传变异	yiby	3	4
延迟毕业	yiby	4	4
远程操控	yick	1	4
原产地	yid	2	3
一插到底	yidd	5	4
一场大火	yidh	3	4
已成定局	yidj	2	4
一超多强	yidq	2	4
硬茬儿	yie	2	3
一差二错	yiec	1	4
一触而发	yief	1	4
一场恶梦	yiem	1	4
已超过	yig	2	3
原创歌手	yigu	5	4
演唱会	yih	2	3
迎春花	yih	3	3
烟尘灰	yih	4	3
银柴胡	yih	5	3
异常火爆	yihb	1	4
养成好习惯	yihg	1	4
远程会诊	yihv	6	4
一出好戏	yihx	2	4
一串串	yii	2	3
一场场	yii	3	3
阴沉沉	yii	4	3
运钞车	yii	5	3
有差距	yij	2	3
印钞机	yij	3	3
验钞机	yij	4	3
一触就破	yijp	5	4
遗传基因	yijy	4	4
一场空	yik	2	3
钥匙扣	yik	3	3
养成了	yil	2	3
预处理	yil	3	3
月产量	yil	4	3
一场恋爱	yila	1	4
远程连接	yilj	2	4
溢出来了	yill	5	4
要出来了	yill	6	4
预处理器	yilq	4	4
一场旅行	yilx	1	4
一场梦	yim	2	3
阳春面	yim	3	3
一车面包人	yimr	1	4
延迟满足	yimz	1	4
一刹那	yin	2	3
原厂配件	yipj	2	4
预产期	yiq	2	3
异常情况	yiqk	3	4
移出群聊	yiql	4	4
遗臭千年	yiqn	1	4
乙醇汽油	yiqy	4	4
有出入	yir	2	3
异常热闹	yirn	1	4
因吹丝厅	yist	4	4
永雏塔菲	yitf	1	4
一朝天子一朝臣	yiti	5	4
延迟退休	yitx	1	4
勇闯天涯	yity	1	4
一朝天子	yitz	2	4
一出手	yiu	2	3
一传十十传百	yiub	1	4
远程施法	yiuf	3	4
延长时间	yiuj	3	4
一场胜利	yiul	3	4
延迟上屏	yiup	1	4
有偿使用	yiuy	3	4
眼瞅着	yiv	2	3
也称之	yiv	3	3
演唱者	yiv	4	3
愚蠢至极	yivj	5	4
异常状况	yivk	1	4
阴沉着脸	yivl	3	4
远程桌面	yivm	1	4
一场战争	yivv	2	4
一城之主	yivv	3	4
也称之为	yivw	1	4
异常占用	yivy	3	4
已成为	yiw	2	3
又称为	yiw	3	3
也称为	yiw	4	3
远程网	yiw	5	3
以丑为美	yiwm	2	4
勇闯无人区	yiwq	1	4
遗传性	yix	2	3
延长线	yix	3	3
遗传学	yix	4	3
原创性	yix	5	3
养成习惯	yixg	2	4
一场虚惊	yixj	2	4
遗传性状	yixv	1	4
一场雨	yiy	2	3
有创意	yiy	3	3
原产于	yiy	4	3
杨超越	yiy	5	3
有车有房	yiyf	1	4
一车一杆	yiyg	1	4
又臭又长	yiyi	8	4
已成艺术	yiyu	8	4
越扯越远	yiyy	3	4
一锤子	yiz	2	3
一锤子买卖	yizm	1	4
原创作品	yizp	1	4
一件	yj	2	2
一句	yj	3	2
眼睛	yj	4	2
已经	yj	5	2
已经不	yjb	2	3
已经把	yjb	3	3
有进步	yjb	4	3
羊角辫	yjb	5	3
一级棒	yjb	6	3
意见簿	yjb	7	3
永久保存	yjbc	2	4
研究报告	yjbg	2	4
业界标杆	yjbg	3	4
也就不会	yjbh	2	4
也就罢了	yjbl	2	4
研究表明	yjbm	4	4
一击毙命	yjbm	5	4
一见不日	yjbr	2	4
月经不调	yjbt	2	4
意见不同	yjbt	3	4
已经不是	yjbu	2	4
一击必杀	yjbu	3	4
应届毕业生	yjbu	4	4
已经不再	yjbz	1	4
有几把刷子	yjbz	2	4
有节操	yjc	2	3
一简词	yjc	3	3
右键菜单	yjcd	2	4
一脚踩空	yjck	1	4
应急措施	yjcu	1	4
也觉得	yjd	2	3
预见到	yjd	3	3
游击队	yjd	4	3
应急灯	yjd	5	3
一镜到底	yjdd	6	4
有简打简	yjdj	1	4
引颈待戮	yjdl	1	4
已经到了	yjdl	2	4
犹记当年	yjdn	3	4
眼睛盯着	yjdv	1	4
银角大王	yjdw	1	4
研究对象	yjdx	2	4
一记耳光	yjeg	1	4
羊角风	yjf	2	3
移机费	yjf	3	3
应急方案	yjfa	2	4
与己方便	yjfb	1	4
予己方便	yjfb	2	4
一家饭店	yjfd	1	4
应急分队	yjfd	2	4
严加防范	yjff	3	4
永久封禁	yjfj	2	4
意见反馈	yjfk	1	4
演技浮夸	yjfk	2	4
已经放弃	yjfq	1	4
业绩斐然	yjfr	1	4
永久反弹	yjft	2	4
研究发现	yjfx	1	4
研究方向	yjfx	2	4
应激反应	yjfy	1	4
有几个	yjg	2	3
遇见过	yjg	3	3
演讲稿	yjg	4	3
意见稿	yjg	5	3
远近高低	yjgd	2	4
一将功成万骨枯	yjgk	1	4
依据惯例	yjgl	3	4
眼睛干涩	yjgs	1	4
远近高低各不同	yjgt	1	4
已经过时	yjgu	2	4
一较高下	yjgx	3	4
冶金工业	yjgy	1	4
一句话	yjh	2	3
有机会	yjh	3	3
有计划	yjh	4	3
原计划	yjh	5	3
研究会	yjh	6	3
月季花	yjh	7	3
演讲会	yjh	8	3
一级缓存	yjhc	1	4
一键恢复	yjhf	2	4
永劫回归	yjhg	1	4
已经很久	yjhj	2	4
有句话不知当讲不当讲	yjhj	3	4
应节合拍	yjhp	1	4
月经后期	yjhq	1	4
一计害三贤	yjhx	7	4
欲拒还迎	yjhy	1	4
永久会员	yjhy	2	4
一键还原	yjhy	3	4
也经常	yji	2	3
养鸡场	yji	3	3
应急车道	yjid	1	4
应急出口	yjik	2	4
已经成了	yjil	1	4
已经承诺	yjin	1	4
掩卷沉思	yjis	1	4
已经成熟	yjiu	3	4
一举成名天下知	yjiv	1	4
一举成为	yjiw	2	4
一箭穿心	yjix	1	4
已经出现	yjix	2	4
一件件	yjj	2	3
一句句	yjj	3	3
一家家	yjj	4	3
易筋经	yjj	5	3
杨家将	yjj	6	3
药监局	yjj	7	3
银监局	yjj	8	3
有奖竞猜	yjjc	1	4
研究决定	yjjd	2	4
永久居住权	yjjq	3	4
硬件加速	yjjs	1	4
一击即中	yjjv	1	4
研究价值	yjjv	2	4
圆角矩形	yjjx	3	4
意见建议	yjjy	3	4
要加快	yjk	2	3
一节课	yjk	3	3
亚健康	yjk	4	3
一九开	yjk	5	3
研究开发	yjkf	1	4
严加看管	yjkg	1	4
眼界开阔	yjkk	2	4
研究课题	yjkt	1	4
严峻考验	yjky	1	4
眼睛里	yjl	2	3
遇见了	yjl	3	3
远距离	yjl	4	3
易建联	yjl	5	3
已经来到	yjld	2	4
有句老话	yjlh	1	4
用尽力气	yjlq	2	4
悠久历史	yjlu	2	4
一键连招	yjlv	3	4
业界良心	yjlx	2	4
研究领域	yjly	2	4
一进门	yjm	2	3
眼睫毛	yjm	3	3
一剪梅	yjm	4	3
眼角膜	yjm	5	3
音节码	yjm	6	3
已经没了	yjml	1	4
夜间模式	yjmu	3	4
已经没有	yjmy	1	4
也就没有	yjmy	2	4
也就能	yjn	2	3
已经拿到	yjnd	1	4
已经能够	yjng	2	4
有家难回	yjnh	1	4
桜井宁宁	yjnn	2	4
研究内容	yjnr	2	4
也就那样	yjny	1	4
液晶屏	yjp	1	3
眼镜片	yjp	2	3
腰间盘	yjp	3	3
一键排版	yjpb	3	4
腰间盘突出	yjpi	2	4
液晶屏幕	yjpm	1	4
硬件平台	yjpt	1	4
一角钱	yjq	2	3
月经期	yjq	3	3
远郊区	yjq	4	3
已经确定	yjqd	1	4
一键签到	yjqd	2	4
用尽全力	yjql	2	4
沿街乞讨	yjqt	2	4
远近亲疏	yjqu	1	4
一家人	yjr	2	3
已进入	yjr	3	3
一家人不说两家话	yjrh	1	4
有简让全	yjrq	1	4
一家人不认一家人	yjrr	3	4
由俭入奢	yjru	2	4
引君入瓮	yjrw	1	4
由俭入奢易	yjry	3	4
研究所	yjs	2	3
云计算	yjs	3	3
一家三口	yjsk	2	4
一家四口	yjsk	3	4
一己私利	yjsl	1	4
一键三连	yjsl	2	4
一己私欲	yjsy	1	4
有几天	yjt	2	3
异教徒	yjt	3	3
有机体	yjt	4	3
一脚踏空	yjtk	2	4
与肩同宽	yjtk	3	4
一击脱离	yjtl	1	4
用脚投票	yjtp	2	4
一脚踢死	yjts	4	4
研究探讨	yjtt	1	4
迎接挑战	yjtv	1	4
邮件通知	yjtv	2	4
一家团圆	yjty	1	4
也就是	yju	1	3
一件事	yju	2	3
有件事	yju	3	3
研究生	yju	4	3
眼镜蛇	yju	5	3
应届生	yju	6	3
药剂师	yju	7	3
研究室	yju	8	3
意见书	yju	9	3
有机蔬菜	yjuc	2	4
有机水果	yjug	2	4
友军伤害	yjuh	2	4
有机食品	yjup	1	4
应急食品	yjup	2	4
一件事情	yjuq	1	4
有件事情	yjuq	2	4
跃居首位	yjuw	1	4
一觉睡到自然醒	yjux	1	4
已经使用	yjuy	2	4
有价值	yjv	2	3
研究者	yjv	3	3
游击战	yjv	4	3
演讲者	yjv	5	3
有节制	yjv	6	3
一举中标	yjvb	1	4
欲加之罪何患无辞	yjvc	3	4
欲加之罪，何患无辞	yjvc	4	4
以静制动	yjvd	2	4
演技炸裂	yjvl	4	4
研究证明	yjvm	1	4
一击致命	yjvm	2	4
月经周期	yjvq	2	4
研经铸史	yjvu	4	4
原教旨主义者	yjvv	2	4
有奖征文	yjvw	1	4
也就这样	yjvy	2	4
原教旨主义	yjvy	3	4
有机物	yjw	2	3
已经完成	yjwi	1	4
永劫无间	yjwj	1	4
一家五口	yjwk	1	4
已经晚了	yjwl	3	4
月经紊乱	yjwl	4	4
鹰角网络	yjwl	5	4
有简无全	yjwq	1	4
已经完全	yjwq	2	4
以进为退	yjwt	2	4
衣角微脏	yjwz	2	4
要继续	yjx	2	3
郁金香	yjx	3	3
永久性	yjx	4	3
预见性	yjx	5	3
雨夹雪	yjx	6	3
意见箱	yjx	7	3
永久下架	yjxj	2	4
一觉醒来	yjxl	1	4
英俊潇洒	yjxs	1	4
一件小事	yjxu	2	4
意见相左	yjxz	1	4
有经验	yjy	2	3
研究员	yjy	3	3
研究院	yjy	4	3
影剧院	yjy	5	3
应急预案	yjya	2	4
一进一出	yjyi	4	4
冤家宜解不宜结	yjyj	3	4
已经有了	yjyl	2	4
一机一码	yjym	1	4
一级域名	yjym	2	4
又惊又怕	yjyp	2	4
又急又气	yjyq	2	4
一见杨过误终身	yjyu	6	4
越加以为	yjyw	1	4
一级演员	yjyy	3	4
已经在	yjz	2	3
一家子	yjz	3	3
瘾君子	yjz	4	3
一简字	yjz	5	3
有机组成部分	yjzf	1	4
牙尖嘴利	yjzl	2	4
一家子人	yjzr	3	4
抑菌作用	yjzy	3	4
一块	yk	2	2
愉快	yk	3	2
一刻不停	ykbt	1	4
一看便知	ykbv	1	4
一客不烦二主	ykbv	2	4
洋快餐	ykc	1	3
一看到	ykd	1	3
要看到	ykd	2	3
医科大	ykd	3	3
有空的话	ykdh	2	4
一块儿	yke	1	3
一哭二闹三上吊	yked	1	4
一哭二闹	yken	1	4
一口恶气	ykeq	1	4
掩口而笑	ykex	1	4
御空而行	ykex	2	4
一口饭	ykf	1	3
一口否认	ykfr	1	4
圆括号	ykh	2	3
掩口葫芦	ykhl	2	4
优酷会员	ykhy	2	4
遥控车	yki	1	3
一口吃成胖子	ykiz	2	4
一口吃成个胖子	ykiz	3	4
一口吃不成个胖子	ykiz	4	4
一看见	ykj	2	3
一口价	ykj	3	3
一看就知道	ykjd	1	4
一看就会	ykjh	1	4
一看究竟	ykjj	1	4
一看就是	ykju	3	4
一看就知	ykjv	1	4
眼看就要	ykjy	3	4
一开口	ykk	2	3
一颗颗	ykk	3	3
一块块	ykk	4	3
一棵棵	ykk	5	3
亚克力	ykl	2	3
一颗老鼠屎坏了一锅粥	yklv	1	4
一口老血	yklx	1	4
一口闷	ykm	2	3
一颗明珠	ykmv	1	4
有可能	ykn	1	3
也可能	ykn	2	3
有困难	ykn	3	3
有可能的	yknd	1	4
有口难分	yknf	1	4
有可能会	yknh	1	4
有可能是	yknu	1	4
也可能是	yknu	2	4
一口气	ykq	2	3
遥控器	ykq	3	3
一块钱	ykq	4	3
一刻千金	ykqj	1	4
迎客松	yks	2	3
一开头	ykt	2	3
一卡通	ykt	3	3
一开始	yku	1	3
也开始	yku	2	3
又开始	yku	3	3
一棵树	yku	4	3
一口水	yku	5	3
一块石头落地	ykud	1	4
一块石头落了地	ykud	2	4
有苦说不出	ykui	6	4
一开始就	ykuj	2	4
一棵树上吊死	ykus	1	4
眼看着	ykv	2	3
一刻钟	ykv	3	3
夜空中最亮的星	ykvx	2	4
优酷网	ykw	2	3
遥控玩具	ykwj	1	4
一颗心	ykx	2	3
右框线	ykx	3	3
也可以	yky	1	3
又可以	yky	2	3
也可以的	ykyd	2	4
一口一个	ykyg	1	4
一开一关	ykyg	2	4
眼眶一红	ykyh	3	4
又快又好	ykyh	4	4
又苦又累	ykyl	1	4
又可以是一种	ykyv	1	4
又哭又笑	ykyx	1	4
有空再聊	ykzl	1	4
有空子可钻	ykzz	3	4
有了	yl	1	2
以来	yl	2	2
原来	yl	3	2
一两百	ylb	1	3
银铃般	ylb	2	3
引力波	ylb	3	3
易拉宝	ylb	4	3
英联邦	ylb	5	3
预览版	ylb	6	3
娱乐版	ylb	7	3
压力表	ylb	8	3
疑虑不安	ylba	1	4
有利必有弊	ylbb	1	4
意料不到	ylbd	1	4
屹立不倒	ylbd	2	4
娱乐八卦	ylbg	1	4
一两百个	ylbg	2	4
有理不在声高	ylbg	3	4
眼泪巴叉	ylbi	1	4
一鳞半甲	ylbj	1	4
医疗保健	ylbj	2	4
音乐播放器	ylbq	1	4
于理不容	ylbr	1	4
一路飙升	ylbu	1	4
原来不是	ylbu	2	4
一脸鄙夷	ylby	1	4
有两把刷子	ylbz	1	4
一两次	ylc	1	3
一脸错愕	ylce	1	4
欲练此功	ylcg	1	4
欲练此功，必先自宫	ylcg	2	4
雅鲁藏布江	ylcj	1	4
犹怜草木青	ylcq	1	4
一脸菜色	ylcs	1	4
有力措施	ylcu	1	4
压力测试	ylcu	2	4
原来的	yld	1	3
预料到	yld	2	3
有了点	yld	3	3
一两点	yld	4	3
养乐多	yld	5	3
压力大	yld	6	3
医疗队	yld	7	3
有力地	yld	8	3
迎来大变	yldb	1	4
有了点儿	ylde	1	4
引力弹弓	yldg	1	4
舆论大哗	yldh	1	4
以老大自居	yldj	2	4
娱乐大师	yldu	1	4
医疗单位	yldw	1	4
由里到外	yldw	2	4
一流大学	yldx	2	4
月亮代表我的心	yldx	3	4
一掠而过	yleg	1	4
扬了二正	ylev	1	4
引领而望	ylew	2	4
医疗费	ylf	1	3
英伦风	ylf	2	3
养路费	ylf	3	3
阅历丰富	ylff	2	4
原路返回	ylfh	1	4
一两分钟	ylfv	1	4
一轮复习	ylfx	1	4
医疗费用	ylfy	2	4
一两个	ylg	1	3
易拉罐	ylg	2	3
压力锅	ylg	3	3
引流狗	ylg	4	3
用力过度	ylgd	1	4
舆论工具	ylgj	1	4
一路过来	ylgl	1	4
一浪高过一浪	ylgl	2	4
用力过猛	ylgm	1	4
一两个人	ylgr	1	4
一两个钟	ylgv	1	4
一两个月	ylgy	1	4
羊了个羊	ylgy	2	4
一两个字	ylgz	1	4
一两回	ylh	1	3
音乐会	ylh	2	3
音乐盒	ylh	3	3
玉兰花	ylh	4	3
油老虎	ylh	5	3
颜料盒	ylh	6	3
一礼还一拜	ylhb	1	4
压力很大	ylhd	2	4
一路火花带闪电	ylhd	3	4
远来和尚好看经	ylhj	1	4
羊落虎口	ylhk	1	4
预留号码	ylhm	1	4
赢了会所嫩模	ylhm	2	4
有了好转	ylhv	1	4
一脸坏笑	ylhx	1	4
原来还有	ylhy	1	4
一连串	yli	1	3
一辆车	yli	2	3
游乐场	yli	3	3
冶炼厂	yli	4	3
游览车	yli	5	3
娱乐场	yli	6	3
以乐衬哀	ylia	1	4
因利乘便	ylib	1	4
一力承当	ylid	1	4
月里嫦娥	ylie	1	4
严厉处罚	ylif	1	4
预览窗格	ylig	1	4
疑虑重重	ylii	1	4
引领潮流	ylil	1	4
有力出力	ylil	2	4
游乐场所	ylis	2	4
一路畅通	ylit	2	4
阴冷潮湿	yliu	1	4
严厉惩治	yliv	1	4
远离尘嚣	ylix	1	4
一两句	ylj	1	3
养老金	ylj	2	3
压路机	ylj	3	3
眼力见儿	ylje	2	4
医疗纠纷	yljf	1	4
月亮姐姐	yljj	2	4
有利局面	yljm	1	4
以乐景衬哀情	yljq	1	4
雨露均沾	yljv	1	4
有力见证	yljv	2	4
原力觉醒	yljx	1	4
音乐课	ylk	1	3
伊拉克	ylk	2	3
医疗卡	ylk	3	3
银联卡	ylk	4	3
音乐库	ylk	5	3
语料库	ylk	6	3
一路狂奔	ylkb	1	4
易洛魁族式取火法	ylkf	1	4
忧劳可以兴国	ylkg	1	4
咽了口唾沫	ylkm	1	4
援老抗美	ylkm	2	4
原理框图	ylkt	2	4
压力克数	ylku	1	4
伊拉克战争	ylkv	1	4
一脸苦相	ylkx	1	4
一缕缕	yll	1	3
又来了	yll	2	3
迎来了	yll	3	3
要来了	yll	4	3
一辆辆	yll	5	3
圆溜溜	yll	6	3
一绺绺	yll	7	3
园林绿化	yllh	1	4
一脸冷漠	yllm	1	4
要了老命	yllm	2	4
幽灵猎手	yllu	1	4
一粒老鼠屎	yllu	2	4
一粒老鼠屎，坏了一锅粥	yllv	1	4
一粒老鼠屎坏了一锅粥	yllv	2	4
一路领先	yllx	1	4
一厘米	ylm	1	3
有礼貌	ylm	2	3
一两名	ylm	3	3
优乐美	ylm	4	3
跃龙门	ylm	5	3
一脸懵逼	ylmb	1	4
英伦玫瑰	ylmg	1	4
一脸迷惑	ylmh	1	4
要了命了	ylml	2	4
一脸迷茫	ylmm	1	4
压力马斯内	ylmn	1	4
一脸茫然	ylmr	1	4
娱乐模式	ylmu	1	4
娱乐明星	ylmx	1	4
有了没有	ylmy	1	4
原来没有	ylmy	2	4
渔猎民族	ylmz	1	4
一两年	yln	1	3
依了你	yln	2	3
阳历年	yln	3	3
阴历年	yln	4	3
一路逆风	ylnf	1	4
原来那个	ylng	1	4
一两年内	ylnn	1	4
原来你也	ylny	1	4
一路碾压	ylny	2	4
饮料瓶	ylp	1	3
袁隆平	ylp	2	3
娱乐片	ylp	3	3
杨丽萍	ylp	4	3
音乐频道	ylpd	1	4
娱乐频道	ylpd	2	4
严厉批评	ylpp	1	4
一路攀升	ylpu	1	4
娱乐圈	ylq	1	3
摇篮曲	ylq	2	3
一辆汽车	ylqi	1	4
玉露琼浆	ylqj	1	4
要留清白在人间	ylqj	2	4
要了亲命	ylqm	2	4
医疗器械	ylqx	1	4
一缕青烟	ylqy	1	4
音乐人	ylr	1	3
一路人	ylr	2	3
伊朗人	ylr	3	3
缘来如此	ylrc	2	4
一脸认真	ylrv	1	4
眼里容不得沙子	ylrz	1	4
眼里揉不下沙子	ylrz	2	4
一两岁	yls	1	3
医疗所	yls	2	3
叶绿素	yls	3	3
原谅色	yls	4	3
亚里斯多德	ylsd	2	4
亚利桑那州	ylsv	2	4
依赖思想	ylsx	1	4
一两天	ylt	1	3
音乐厅	ylt	2	3
鱼雷艇	ylt	3	3
娱乐厅	ylt	4	3
预览图	ylt	5	3
有力推动	yltd	1	4
舆论调查	ylti	1	4
音量调节	yltj	2	4
以雷霆万钧之势	yltu	2	4
一路同行	yltx	1	4
原来是	ylu	1	3
一路上	ylu	2	3
阅览室	ylu	3	3
圆领衫	ylu	4	3
有理数	ylu	5	3
伊丽莎白	ylub	1	4
原来是词	yluc	1	4
压力山大	ylud	2	4
亚里士多德	ylud	3	4
有利时机	yluj	1	4
涌了上来	ylul	1	4
赢了输了	ylul	2	4
以例说明	ylum	2	4
原来是你	ylun	1	4
一流水平	ylup	1	4
有理说不清	yluq	1	4
异卵双胞胎	ylut	1	4
源濑氏佐田	ylut	2	4
娱乐设施	yluu	1	4
游乐设施	yluu	2	4
医疗设施	yluu	3	4
于勒叔叔	yluu	4	4
原来是这样	yluy	1	4
意料中	ylv	1	3
优劣之分	ylvf	1	4
英烈忠魂	ylvh	1	4
有力证据	ylvj	1	4
有了转机	ylvj	2	4
一脸震惊	ylvj	3	4
眼泪直流	ylvl	1	4
一路终老	ylvl	2	4
意料之内	ylvn	1	4
娱乐至死	ylvs	1	4
优良传统	ylvt	1	4
原来只是	ylvu	1	4
意料中事	ylvu	2	4
娱乐至上	ylvu	3	4
影流之主	ylvv	3	4
引流之主	ylvv	4	4
娱乐中心	ylvx	1	4
一览众山小	ylvx	2	4
原来这样	ylvy	1	4
原来这样子	ylvz	1	4
一粒种子	ylvz	2	4
元流之子	ylvz	3	4
原谅我	ylw	1	3
阎罗王	ylw	2	3
议论文	ylw	3	3
杨利伟	ylw	4	3
一脸无辜	ylwg	1	4
有利无害	ylwh	3	4
原谅我不厚道的笑了	ylwl	2	4
一脸无奈	ylwn	1	4
有来无去	ylwq	1	4
遗留问题	ylwt	1	4
游乐王子	ylwz	1	4
一两下	ylx	1	3
有良心	ylx	2	3
依赖性	ylx	3	3
娱乐性	ylx	4	3
有理想	ylx	5	3
夜来香	ylx	6	3
营利性	ylx	7	3
一路向北	ylxb	1	4
以类相从	ylxc	1	4
有了想法	ylxf	2	4
眼露凶光	ylxg	1	4
一力降十会	ylxh	1	4
一路下滑	ylxh	2	4
一流学科	ylxk	1	4
遗留下来	ylxl	1	4
以泪洗脸	ylxl	2	4
一路小跑	ylxp	1	4
一溜小跑	ylxp	2	4
一路向前	ylxq	1	4
一脸嫌弃	ylxq	2	4
咽了下去	ylxq	3	4
一两小时	ylxu	1	4
游龙戏珠	ylxv	1	4
娱乐新闻	ylxw	1	4
医疗行为	ylxw	2	4
一路向西	ylxx	2	4
越来越	yly	1	3
有利于	yly	2	3
游乐园	yly	3	3
有理由	yly	4	3
一溜烟	yly	5	3
养老院	yly	6	3
愈来愈	yly	7	3
依赖于	yly	8	3
越来越暗	ylya	1	4
又冷又饿	ylye	1	4
一楼一凤	ylyf	1	4
有了一个	ylyg	1	4
越来越高	ylyg	2	4
有来有回	ylyh	3	4
越来越差	ylyi	1	4
越来越长	ylyi	2	4
越来越近	ylyj	4	4
越来越快	ylyk	1	4
又累又困	ylyk	2	4
一愣一愣	ylyl	2	4
越来越慢	ylym	1	4
一帘幽梦	ylym	2	4
越来越难	ylyn	1	4
愈来愈浓	ylyn	2	4
越来越强	ylyq	2	4
游来游去	ylyq	3	4
越来越热	ylyr	1	4
一冷一热	ylyr	2	4
有利因素	ylys	2	4
摇了摇头	ylyt	1	4
原来也是	ylyu	3	4
月亮与六便士	ylyu	4	4
有零有整	ylyv	1	4
越来越像	ylyx	2	4
咬了咬牙	ylyy	3	4
越来越远	ylyy	4	4
越来越糟	ylyz	1	4
原力与你同在	ylyz	2	4
野路子	ylz	1	3
一揽子	ylz	2	3
阳离子	ylz	3	3
阴离子	ylz	4	3
一路走高	ylzg	1	4
一路走好	ylzh	1	4
一路走到黑	ylzh	2	4
雅鲁藏布江	ylzj	1	4
一路走来	ylzl	1	4
以利再战	ylzv	1	4
也没	ym	1	2
一名	ym	2	2
郁闷	ym	3	2
要么	ym	4	2
一米八	ymb	1	3
有毛病	ymb	2	3
亚麻布	ymb	3	3
玉米棒	ymb	4	3
也没办法	ymbf	1	4
一秒变脸	ymbl	1	4
圆满闭幕	ymbm	1	4
也没必要	ymby	1	4
油麦菜	ymc	1	3
益母草	ymc	2	3
一面倒	ymd	1	3
也没得	ymd	2	3
一亩地	ymd	3	3
烟幕弹	ymd	4	3
雅蠛蝶	ymd	5	3
已买到的宝贝	ymdb	1	4
有目的的	ymdd	1	4
玉米淀粉	ymdf	1	4
幽冥地府	ymdf	2	4
圆满的句号	ymdh	1	4
油门当刹车	ymdi	2	4
颜面丢尽	ymdj	1	4
以命抵命	ymdm	1	4
一命抵一命	ymdm	2	4
越陌度阡	ymdq	1	4
郁闷的是	ymdu	1	4
油焖大虾	ymdx	2	4
爷们儿	yme	1	3
伊妹儿	yme	2	3
一命二运三风水四积阴德五读书	ymeu	1	4
英美法	ymf	1	3
移民法	ymf	2	3
英美法系	ymfx	1	4
幽默感	ymg	1	3
雁门关	ymg	2	3
玉门关	ymg	3	3
野玫瑰	ymg	4	3
欲买桂花同载酒	ymgj	2	4
妖魔鬼怪快离开	ymgk	1	4
一码归一码	ymgm	1	4
也没关系	ymgx	2	4
幽门梗阻	ymgz	1	4
一抹黑	ymh	1	3
妖魔化	ymh	2	3
雅马哈	ymh	3	3
俞敏洪	ymh	4	3
优美环境	ymhj	1	4
幽默滑稽	ymhj	2	4
以命换命	ymhm	1	4
油门焊死	ymhs	1	4
腰马合一	ymhy	1	4
羊毛出在羊身上	ymiu	1	4
一名成员	ymiy	1	4
也没见	ymj	1	3
一米九	ymj	2	3
衣帽间	ymj	3	3
移民局	ymj	4	3
姨妈巾	ymj	5	3
亿美金	ymj	6	3
圆面积	ymj	7	3
幺母绞丝弓三匕	ymjb	1	4
英明决策	ymjc	1	4
圆满解决	ymjj	2	4
悦米机械键盘	ymjp	1	4
颜面尽失	ymju	1	4
要么就是	ymju	2	4
幽默机智	ymjv	1	4
愚民教育	ymjy	1	4
阴谋论	yml	1	3
一米六	yml	2	3
有门路	yml	3	3
玉米粒	yml	4	3
压马路	yml	5	3
掩面泪奔	ymlb	1	4
愚昧落后	ymlh	1	4
幽门螺杆菌	ymlj	2	4
圆满落幕	ymlm	1	4
一抹亮色	ymls	1	4
亚美利加洲	ymlv	1	4
扬名立腕	ymlw	2	4
一枚枚	ymm	1	3
一幕幕	ymm	2	3
一面面	ymm	3	3
有眉目	ymm	4	3
玉米面	ymm	5	3
游牧民	ymm	6	3
夜茫茫	ymm	7	3
元末明初	ymmi	1	4
原末鸣初	ymmi	2	4
倚门卖俏	ymmq	1	4
榆木脑袋	ymnd	1	4
愚木脑袋	ymnd	2	4
野蛮女友	ymny	2	4
一名男子	ymnz	1	4
也蛮拼的	ympd	1	4
迎面扑来	ympl	1	4
衣袂飘飘	ympp	1	4
一米七	ymq	1	3
一毛钱	ymq	2	3
有名气	ymq	3	3
羽毛球	ymq	4	3
元明清	ymq	5	3
延绵起伏	ymqf	1	4
一面旗帜	ymqv	1	4
野蛮人	ymr	1	3
虞美人	ymr	2	3
一亩三分地	ymsd	2	4
郁闷死了	ymsl	1	4
也没什么	ymsm	1	4
一亩三分田	ymst	1	4
一命速通	ymst	2	4
玉米糁子	ymsz	1	4
羊毛毯	ymt	1	3
一亩田	ymt	2	3
一命通关	ymtg	1	4
玉米投手	ymtu	1	4
要么是	ymu	1	3
也没啥	ymu	2	3
也没说	ymu	3	3
一码事	ymu	4	3
羊毛衫	ymu	5	3
验明身份	ymuf	1	4
野蛮生长	ymui	1	4
页面设计	ymuj	1	4
辕门射戟	ymuj	2	4
沂蒙山小调	ymut	1	4
隐瞒事实	ymuu	1	4
野蛮生长	ymuv	1	4
页面设置	ymuv	2	4
英明神武	ymuw	1	4
玉面手雷王	ymuw	2	4
一秒钟	ymv	1	3
夜明珠	ymv	2	3
夜盲症	ymv	3	3
隐秘之处	ymvi	2	4
仰慕之情	ymvq	1	4
一秒钟前	ymvq	2	4
仰面朝天	ymvt	1	4
以某种方式	ymvu	2	4
揠苗助长	ymvv	1	4
一米五	ymw	1	3
妖魔外道	ymwd	1	4
野马无缰	ymwj	1	4
以梦为马	ymwm	1	4
游牧文明	ymwm	2	4
也没问题	ymwt	1	4
圆满完成任务	ymww	2	4
亚马逊	ymx	1	3
夜幕下	ymx	2	3
夜魔侠	ymx	3	3
玉米须	ymx	4	3
一米线	ymx	5	3
以命相搏	ymxb	1	4
也没想到	ymxd	1	4
游民星空	ymxk	1	4
英美新批评	ymxp	1	4
有没有	ymy	1	3
也没有	ymy	2	3
又没有	ymy	3	3
也没用	ymy	4	3
已没有	ymy	5	3
有木有	ymy	6	3
圆明园	ymy	7	3
亿美元	ymy	8	3
玉米油	ymy	9	3
一马一鞍	ymya	1	4
英名永存	ymyc	1	4
有没有搞错	ymyc	2	4
有没有办法	ymyf	1	4
有没有一个	ymyg	1	4
越描越黑	ymyh	1	4
仰慕已久	ymyj	1	4
愿买愿卖	ymym	1	4
有没有什么	ymym	2	4
有没有可能	ymyn	1	4
有没有人	ymyr	1	4
也没有人	ymyr	2	4
要命一条	ymyt	1	4
有没有问题	ymyt	2	4
英明一世	ymyu	1	4
驭民有术	ymyu	2	4
有没有完	ymyw	1	4
有没有关系	ymyx	2	4
要面子	ymz	1	3
夜猫子	ymz	2	3
一码字	ymz	3	3
裕民足国	ymzg	1	4
以免造成	ymzi	1	4
迎面走来	ymzl	1	4
以免造成不必要的损失	ymzu	1	4
一年	yn	2	2
又能	yn	3	2
一年半	ynb	1	3
疑难病	ynb	2	3
芋泥啵啵	ynbb	1	4
有奶便是娘	ynbn	2	4
疑难病症	ynbv	1	4
有女不玩	ynbw	1	4
有男不玩	ynbw	2	4
一年被蛇咬	ynby	2	4
一年多	ynd	1	3
由南到北	yndb	1	4
油腻的师姐	yndj	1	4
有你的世界	yndj	2	4
业内大佬	yndl	2	4
迎男而上	yneu	2	4
亦能覆舟	ynfv	1	4
也能够	yng	1	3
也难怪	yng	2	3
有哪个	yng	3	3
要你管	yng	4	3
已能够	yng	5	3
用脑过度	yngd	1	4
一年后	ynh	1	3
有内涵	ynh	2	3
与你何干	ynhg	1	4
于你何干	ynhg	2	4
有你好果子吃	ynhi	1	4
有你好受	ynhu	1	4
要你何用	ynhy	1	4
意念合一	ynhy	2	4
有难处	yni	1	3
一念成魔	ynim	1	4
阴囊潮湿	yniu	1	4
遇难成祥	ynix	1	4
遇难呈祥	ynix	2	4
一年级	ynj	1	3
伊能静	ynj	2	3
有奶就是娘	ynjn	1	4
依你看	ynk	1	3
有能力	ynl	1	3
一年来	ynl	2	3
一年里	ynl	3	3
一年两年	ynln	1	4
越努力越幸运	ynly	1	4
有那么	ynm	1	3
又那么	ynm	2	3
有那么多	ynmd	1	4
有那么一个	ynmg	1	4
有那么好	ynmh	1	4
有那么一种	ynmv	1	4
有你没我	ynmw	1	4
有那么一些	ynmx	1	4
有能耐	ynn	1	3
一年内	ynn	2	3
姨奶奶	ynn	3	3
一年年	ynn	4	3
油腻腻	ynn	5	3
意难平	ynp	1	3
夜尿频多	ynpd	1	4
有男朋友	ynpy	1	4
有女朋友	ynpy	2	4
一年前	ynq	1	3
越南人	ynr	1	3
洋女人	ynr	2	3
又能如何	ynrh	1	4
业内人士分析	ynrx	1	4
有年头	ynt	1	3
遇难同胞	yntb	1	4
有年头了	yntl	1	4
要你说	ynu	1	3
云南省	ynu	2	3
幼年时代	ynud	1	4
意念输入法	ynuf	1	4
一年时间	ynuj	1	4
一念神魔	ynum	1	4
幼年时期	ynuq	1	4
一年收入	ynur	1	4
意念输入	ynur	2	4
遇难者	ynv	1	3
一年之后	ynvh	1	4
一年之计在于春	ynvi	2	4
一念之间	ynvj	1	4
依你之见	ynvj	2	4
一年之内	ynvn	1	4
一年之前	ynvq	1	4
有内味	ynw	1	3
院内外	ynw	2	3
与你无关	ynwg	1	4
与女无瓜	ynwg	2	4
有内味了	ynwl	1	4
以你为荣	ynwr	1	4
云南卫视	ynwu	1	4
阅男无数	ynwu	2	4
余怒未消	ynwx	1	4
有哪些	ynx	1	3
隐匿性	ynx	2	3
一年一次	ynyc	1	4
一年以后	ynyh	1	4
有难言之隐	ynyy	1	4
有你在	ynz	1	3
一女子	ynz	2	3
一男子	ynz	3	3
又能怎样	ynzy	1	4
有没有	yoy	1	3
要不要	yoy	2	3
一个人	yp	2	2
一片	yp	3	2
一会儿	yp	4	2
有时候	yp	5	2
一片爱心	ypax	1	4
一篇报道	ypbd	1	4
音频播放	ypbf	1	4
一片冰心在玉壶	ypbh	1	4
音频播放器	ypbq	1	4
眼皮打架	ypdj	1	4
一拍大腿	ypdt	1	4
眼皮底下	ypdx	3	4
一品大员	ypdy	1	4
有谱儿	ype	1	3
一拍而散	ypes	1	4
一仆二主	ypev	1	4
一平方米	ypfm	1	4
一片繁荣	ypfr	1	4
一片沸腾	ypft	1	4
压迫感	ypg	1	3
一屁股	ypg	2	3
一批干部	ypgb	1	4
一片光明	ypgm	1	4
一屁股债	ypgv	1	4
应聘岗位	ypgw	1	4
一品红	yph	1	3
银蓬花	yph	2	3
一片黑暗	ypha	1	4
一片火海	yphh	1	4
一片混乱	yphl	1	4
一盘很大的棋	yphq	1	4
一片哗然	yphr	1	4
一片欢腾	ypht	2	4
一片好心	yphx	1	4
一派胡言	yphy	1	4
一瓶酒	ypj	1	3
羊皮卷	ypj	2	3
月平均	ypj	3	3
硬盘机	ypj	4	3
有屁就放	ypjf	1	4
一片寂静	ypjj	1	4
应聘技巧	ypjq	1	4
月票卡	ypk	1	3
一片空白	ypkb	1	4
有屁快放	ypkf	1	4
一篇课文	ypkw	1	4
有魄力	ypl	1	3
压迫力	ypl	2	3
一片乱麻	yplm	1	4
一批录取	yplq	1	4
一盆冷水	yplu	1	4
一盆凉水	yplu	2	4
一炮两响	yplx	1	4
一平米	ypm	1	3
油泼面	ypm	2	3
一片茫茫	ypmm	1	4
一片茫然	ypmr	1	4
一片迷雾	ypmw	1	4
一泡尿	ypn	1	3
亚平宁半岛	ypnd	1	4
一票难求	ypnq	1	4
一片片	ypp	1	3
一排排	ypp	2	3
一批批	ypp	3	3
一篇篇	ypp	4	3
药品批号	ypph	1	4
一盘棋	ypq	1	3
一片漆黑	ypqh	1	4
一批人	ypr	1	3
一篇日记	yprj	1	4
应聘人员	ypry	1	4
一片死寂	ypsj	1	4
一炮三响	ypsx	1	4
一片天	ypt	1	3
眼皮跳	ypt	2	3
云平台	ypt	3	3
一片坦途	yptt	1	4
一瓶水	ypu	1	3
月偏食	ypu	2	3
以排山倒海之势	ypuu	1	4
羊皮纸	ypv	1	3
应聘者	ypv	2	3
一拼之力	ypvl	1	4
一片真心	ypvx	1	4
一片忠心	ypvx	2	4
扬葩振藻	ypvz	1	4
阅片无数	ypwu	1	4
一篇文章	ypwv	1	4
一片心意	ypxy	1	4
硬碰硬	ypy	1	3
越跑越	ypy	2	3
一颦一簇	ypyc	1	4
以朋友相待	ypyd	1	4
一片一片	ypyp	1	4
一批又一批	ypyp	2	4
应聘要求	ypyq	1	4
有赔有赚	ypyv	1	4
眼皮子	ypz	1	3
右撇子	ypz	2	3
一瓶子不满半瓶子晃荡	ypzd	1	4
有朋自远方来	ypzl	1	4
一瓶子不满	ypzm	1	4
眼皮子底下	ypzx	1	4
要求	yq	1	2
一起	yq	2	2
一切	yq	3	2
以前	yq	4	2
眼前	yq	5	2
一切安好	yqah	1	4
一起案件	yqaj	1	4
一切安排	yqap	1	4
燕雀安知鸿鹄之志	yqav	1	4
有区别	yqb	1	3
运气爆表	yqbb	1	4
运气不错	yqbc	1	4
要求不大	yqbd	2	4
一去不复返	yqbf	2	4
宴请八方	yqbf	3	4
运气不好	yqbh	2	4
一去不还	yqbh	3	4
运气不会太差	yqbi	1	4
远亲不如近邻	yqbl	2	4
欲求不满	yqbm	1	4
引起不满	yqbm	2	4
一枪毙命	yqbm	3	4
一起奔跑	yqbp	1	4
英气逼人	yqbr	1	4
一去不回头	yqbt	2	4
引起不适	yqbu	1	4
语气不善	yqbu	2	4
有钱不赚	yqbv	2	4
友情变质	yqbv	3	4
要求不严	yqby	2	4
语气词	yqc	1	3
一切从实际出发	yqcf	1	4
一切从简	yqcj	1	4
一切从严	yqcy	1	4
一切都	yqd	1	3
一千多	yqd	2	3
优缺点	yqd	3	3
有缺点	yqd	4	3
洋枪队	yqd	5	3
一千多个	yqdg	1	4
一切都好	yqdh	1	4
一切都正常	yqdi	1	4
有钱多金	yqdj	1	4
玉砌雕阑	yqdl	1	4
一切都有可能	yqdn	1	4
一切都是最好的安排	yqdp	1	4
一骑当千	yqdq	1	4
一切的一切	yqdq	2	4
有趣的是	yqdu	1	4
元气大伤	yqdu	2	4
一切东西	yqdx	1	4
有趣的灵魂万里挑一	yqdy	1	4
一切的恐惧都来源于火力不足	yqdz	1	4
右前方	yqf	1	3
缘浅福薄	yqfb	1	4
义气风发	yqff	2	4
引起反感	yqfg	1	4
延期付款	yqfk	1	4
逾期付款	yqfk	2	4
疫情防控	yqfk	3	4
要恰饭的嘛	yqfm	1	4
引起反响	yqfx	1	4
友情奉献	yqfx	2	4
一切费用	yqfy	1	4
一亲芳泽	yqfz	1	4
有其父必有其子	yqfz	2	4
一千个	yqg	1	3
要求高	yqg	2	3
硬气功	yqg	3	3
油漆工	yqg	4	3
益气固表	yqgb	1	4
引起公愤	yqgf	1	4
要求过分	yqgf	2	4
要求过高	yqgg	1	4
要求更高	yqgg	2	4
一期工程	yqgi	1	4
一切过程	yqgi	2	4
引起共鸣	yqgm	1	4
一起过去	yqgq	1	4
引起广泛关注	yqgv	1	4
友情贡献	yqgx	1	4
要求过严	yqgy	1	4
引起广泛注意	yqgy	2	4
运气好	yqh	1	3
邀请函	yqh	2	3
有钱花	yqh	3	3
爷青回	yqh	4	3
杨千嬅	yqh	5	3
引起轰动	yqhd	2	4
一切花费	yqhf	1	4
一切后果	yqhg	1	4
要求很高	yqhg	2	4
以前还好	yqhh	1	4
运气好好	yqhh	2	4
运气好差	yqhi	2	4
一气化三清	yqhq	1	4
一起回去	yqhq	2	4
油腔滑调	yqht	1	4
一骑红尘妃子笑	yqhx	1	4
一起吃饭	yqif	1	4
孕期出轨	yqig	1	4
有钱出钱	yqiq	1	4
一起出现	yqix	1	4
友情出演	yqiy	1	4
友情价	yqj	1	3
爷青结	yqj	2	3
元器件	yqj	3	3
言情剧	yqj	4	3
有钱捡	yqj	5	3
引起纠纷	yqjf	1	4
一切经过	yqjg	1	4
牙签搅大缸	yqjg	2	4
一骑绝尘	yqji	1	4
遥墙机场	yqji	2	4
一起解决	yqjj	1	4
一切皆空	yqjk	1	4
一切皆有可能	yqjn	1	4
引起极度不适	yqju	1	4
引起极度舒适	yqju	2	4
一切尽在不言中	yqjv	1	4
有钱就是任性	yqjx	1	4
有且仅有	yqjy	1	4
右倾机会主义	yqjy	2	4
有情况	yqk	1	3
以前看到	yqkd	1	4
友情客串	yqki	1	4
勇气可嘉	yqkj	1	4
一切可能	yqkn	1	4
邀请客人	yqkr	1	4
一起开始	yqku	1	4
一切开支	yqkv	1	4
一切开销	yqkx	1	4
引起了	yql	1	3
一起来	yql	2	3
用起来	yql	3	3
有权利	yql	4	3
已弃疗	yql	5	3
一拳撂倒	yqld	1	4
友情链接	yqlj	1	4
一切力量	yqll	1	4
一起聊天	yqlt	1	4
一去了之	yqlv	1	4
一千零一夜	yqly	2	4
一千米	yqm	1	3
邀请码	yqm	2	3
预期目的	yqmd	1	4
元气满满	yqmm	1	4
有其母必有其女	yqmn	1	4
言轻莫劝人	yqmr	1	4
有其名无其实	yqmu	1	4
要钱没有	yqmy	1	4
一千年	yqn	1	3
与去年相比	yqnb	1	4
有钱能使磨推鬼	yqng	1	4
有钱能使鬼推磨	yqnm	1	4
一千年前	yqnq	1	4
有钱难买老来瘦	yqnu	1	4
以前那样	yqny	1	4
氧气瓶	yqp	1	3
言情片	yqp	2	3
眼浅皮薄	yqpb	1	4
一起拼搏	yqpb	2	4
一起去	yqq	1	3
一圈圈	yqq	2	3
一群群	yqq	3	3
欲穷千里目，更上一层楼	yqql	1	4
欲穷千里目	yqqm	1	4
缘浅情深	yqqu	1	4
一起庆祝	yqqv	1	4
殷切期望	yqqw	1	4
一群人	yqr	1	3
有钱人	yqr	2	3
眼前人	yqr	3	3
邀请人	yqr	4	3
牙签肉	yqr	5	3
以其人之道	yqrd	1	4
一切如常	yqri	1	4
有钱人家	yqrj	1	4
以其人之道，还治其人之身	yqru	2	4
有情人终成眷属	yqru	3	4
以其人之道还治其人之身	yqru	4	4
一腔热血	yqrx	1	4
有钱任性	yqrx	2	4
有起色	yqs	1	3
邀请赛	yqs	2	3
引起骚动	yqsd	1	4
因缺思厅	yqst	1	4
一切随缘	yqsy	1	4
友情岁月	yqsy	2	4
仰起头	yqt	1	3
有前途	yqt	2	3
运气挺背	yqtb	1	4
运气太好	yqth	1	4
运气太差	yqti	1	4
异曲同工之处	yqti	2	4
异曲同工之妙	yqtm	1	4
友情提示	yqtu	2	4
以其他方式	yqtu	3	4
尤其是	yqu	1	3
也确实	yqu	2	3
一起上	yqu	3	3
与其说	yqu	4	3
摇钱树	yqu	5	3
月全食	yqu	6	3
已签收	yqu	7	3
一切顺利	yqul	1	4
益气生脉	yqum	1	4
尤其是你	yqun	1	4
元气少女	yqun	2	4
一切事情	yquq	1	4
尤其是他	yqut	1	4
尤其是她	yqut	2	4
音阙诗听	yqut	3	4
与其说是	yquu	1	4
引起舒适	yquu	2	4
尤其是我	yquw	1	4
勇气十足	yquz	1	4
有气质	yqv	1	3
一起抓	yqv	2	3
运气真背	yqvb	1	4
有请主角儿	yqve	1	4
运气真好	yqvh	2	4
有钱真好	yqvh	3	4
有钱赚没命花	yqvh	4	4
一切正常	yqvi	1	4
引起众怒	yqvn	1	4
引起重视	yqvu	2	4
有钱真的可以为所欲为	yqvw	1	4
引起注意	yqvy	1	4
尤其重要	yqvy	2	4
引起争议	yqvy	3	4
与其这样	yqvy	4	4
有且只有	yqvy	5	4
一千万	yqw	1	3
一千五	yqw	2	3
有气味	yqw	3	3
野蔷薇	yqw	4	3
引起误会	yqwh	2	4
余情未了	yqwl	2	4
一切问题	yqwt	1	4
一切为了孩子	yqwz	1	4
有缺陷	yqx	1	3
已取消	yqx	2	3
涌泉穴	yqx	3	3
邀请信	yqx	4	3
意气消沉	yqxi	1	4
越权行事	yqxu	1	4
有求于	yqy	1	3
一千亿	yqy	2	3
尤其要	yqy	3	3
眼前一暗	yqya	1	4
仪器仪表	yqyb	1	4
一起一伏	yqyf	1	4
要求严格	yqyg	2	4
眼前一黑	yqyh	3	4
又气又恨	yqyh	4	4
又气又急	yqyj	2	4
一起一落	yqyl	3	4
缘起缘灭	yqym	2	4
有求于你	yqyn	1	4
阴晴圆缺	yqyq	2	4
有求于他	yqyt	1	4
一轻一重	yqyv	2	4
有求于我	yqyw	1	4
又气又羞	yqyx	2	4
有钱有闲	yqyx	3	4
有情有义	yqyy	2	4
一清早	yqz	1	3
羽泉组合	yqzh	1	4
又岂在朝朝暮暮	yqzm	1	4
遇强则强	yqzq	1	4
有人	yr	2	2
依然	yr	3	2
鸭绒被	yrb	2	3
依然不能	yrbn	1	4
一日不见如隔三秋	yrbq	2	4
用人不疑，疑人不用	yrby	3	4
亚热带	yrd	1	3
一人得道，鸡犬升天	yrdt	1	4
一人得道鸡犬升天	yrdt	2	4
悦人耳目	yrem	2	4
羽绒服	yrf	1	3
予人方便	yrfb	2	4
一日夫妻百日恩	yrfe	1	4
越人肥瘠	yrfj	1	4
有人发现	yrfx	1	4
诱人犯罪	yrfz	1	4
月如钩	yrg	2	3
有人过来	yrgl	2	4
月入过千	yrgq	2	4
月入过万	yrgw	2	4
又如何	yrh	2	3
有人会	yrh	3	3
有人欢喜有人愁	yrhi	1	4
羊入虎口	yrhk	1	4
羊入虎群	yrhq	1	4
羊肉串	yri	2	3
一人吃饱	yrib	1	4
一人吃饱，全家不饿	yrie	1	4
一人成军	yrij	2	4
一人传虚	yrix	1	4
愚人节	yrj	2	3
毅然决定	yrjd	1	4
一荣俱荣，一损俱损	yrjs	1	4
悠然见南山	yrju	2	4
一日看尽长安花	yrkh	1	4
羊肉面	yrm	2	3
已然明白	yrmb	1	4
亿人民币	yrmb	2	4
予人玫瑰	yrmg	3	4
予人玫瑰，手留余香	yrmx	1	4
一日女友	yrny	1	4
一日男友	yrny	2	4
羊肉片	yrp	2	3
易燃品	yrp	3	3
有人认为	yrrw	1	4
有人送礼	yrsl	1	4
有辱斯文	yrsw	1	4
艳如桃李	yrtl	1	4
艳若桃李	yrtl	2	4
雨热同期	yrtq	1	4
有人提醒	yrtx	1	4
有人提议	yrty	1	4
有人说	yru	1	3
易容术	yru	2	3
羊绒衫	yru	3	3
油然升起	yruq	2	4
有如神助	yruv	1	4
月入十万	yruw	1	4
因人事兴	yrux	2	4
用人之际	yrvj	1	4
一人之力	yrvl	3	4
有人指使	yrvu	6	4
有人问	yrw	1	3
易燃物	yrw	2	3
一日为师终生为父	yrwf	2	4
一日为师，终生为父	yrwf	3	4
腌入味了	yrwl	2	4
有人问了	yrwl	3	4
一如往昔	yrwx	1	4
疑人勿用	yrwy	2	4
一人我饮酒醉	yrwz	2	4
野人献曝	yrxp	1	4
引人遐思	yrxs	2	4
与人消灾	yrxz	1	4
有人要	yry	1	3
越容易	yry	2	3
颜如玉	yry	3	3
一日游	yry	4	3
羽绒衣	yry	5	3
仪容仪表	yryb	5	4
一日一次	yryc	2	4
一人一狗	yryg	1	4
有人要问了	yryl	2	4
耀人眼目	yrym	1	4
一人一票	yryp	1	4
一人做事一人当	yrzd	4	4
遇弱则弱	yrzr	3	4
怡然自若	yrzr	4	4
有人赞同	yrzt	1	4
庸人自扰之	yrzv	2	4
一丝	ys	2	2
意思	ys	3	2
颜色	ys	4	2
有所安排	ysap	1	4
压缩包	ysb	2	3
压缩比	ysb	3	3
意思不大	ysbd	2	4
一死百了	ysbl	3	4
有所不取	ysbq	1	4
疑似病人	ysbr	3	4
要死不死	ysbs	1	4
有所帮助	ysbv	2	4
预算不足	ysbz	2	4
有所得	ysd	1	3
压缩袋	ysd	2	3
音色断层	ysdc	3	4
以赛代练	ysdl	1	4
元素对象	ysdx	1	4
有所耳闻	ysew	1	4
约瑟夫	ysf	2	3
有所防范	ysff	1	4
因私废公	ysfg	2	4
元素符号	ysfh	2	4
云散风流	ysfl	4	4
有所发明	ysfm	1	4
运算放大器	ysfq	1	4
有所发展	ysfv	1	4
有所发现	ysfx	2	4
有所反应	ysfy	1	4
预算费用	ysfy	2	4
元素反应	ysfy	3	4
押三付一	ysfy	4	4
一扫光	ysg	1	3
有所改变	ysgb	1	4
要素过多	ysgd	1	4
有所改观	ysgg	1	4
预算管理	ysgl	2	4
颜色革命	ysgm	1	4
有所感悟	ysgw	1	4
有时候	ysh	2	3
罂粟花	ysh	3	3
约瑟翰	ysh	4	3
有所好转	yshv	1	4
有所成就	ysij	1	4
要素察觉	ysij	2	4
有所察觉	ysij	3	4
严肃处理	ysil	2	4
压缩机	ysj	1	3
御三家	ysj	2	3
有所降低	ysjd	2	4
有所警觉	ysjj	1	4
有所加强	ysjq	3	4
要素集齐	ysjq	4	4
意思就是	ysju	2	4
有所建树	ysju	3	4
有所进展	ysjv	1	4
阴森恐怖	yskb	1	4
有所看法	yskf	1	4
有所考虑	yskl	2	4
阴森可怕	yskp	1	4
压缩开支	yskv	1	4
以死抗争	yskv	2	4
要死了	ysl	2	3
以色列	ysl	3	3
要死啦	ysl	4	3
伊斯兰	ysl	5	3
压死骆驼的最后一根稻草	yslc	1	4
音色流氓	yslm	2	4
夜色撩人	yslr	2	4
伊斯兰教徒	yslt	1	4
有什么	ysm	2	3
有什么区别	ysmb	1	4
有什么大不了的	ysmd	1	4
要什么自行车	ysmi	1	4
夜色迷离	ysml	2	4
有什么问题	ysmt	1	4
有什么事	ysmu	1	4
有什么用	ysmy	1	4
预算内	ysn	1	3
预算内资金	ysnj	2	4
忧思难忘	ysnw	1	4
易碎品	ysp	1	3
压岁钱	ysq	2	3
有所求	ysq	3	3
隐私权	ysq	4	3
有所期待	ysqd	1	4
优酸乳	ysr	2	3
压缩软件	ysrj	1	4
一丝丝	yss	2	3
一艘艘	yss	3	3
阴森森	yss	4	3
有所图	yst	2	3
易碎贴	yst	3	3
伊斯坦布尔	yste	1	4
有所突破	ystp	2	4
腰酸腿软	ystr	1	4
腰酸腿疼	ystt	2	4
有所提升	ystu	2	4
一扫颓势	ystu	3	4
也算是	ysu	1	3
意思是	ysu	2	3
有所失	ysu	3	3
有所失必有所得	ysud	1	4
有所收获	ysuh	3	4
野蔌山肴	ysuy	2	4
有素质	ysv	2	3
元素周期表	ysvb	2	4
预算指标	ysvb	3	4
匀速直线运动	ysvd	1	4
元素周期律	ysvl	2	4
月色真美	ysvm	1	4
有所追求	ysvq	1	4
元素周期	ysvq	2	4
颜色正确	ysvq	3	4
有所悟	ysw	1	3
有所为	ysw	2	3
预算外	ysw	3	3
因私枉法	yswf	2	4
压缩文件	yswj	2	4
烟锁雾罩	yswv	1	4
有所为有所不为	ysww	2	4
严肃性	ysx	1	3
以死相逼	ysxb	3	4
有所想法	ysxf	1	4
饮食习惯	ysxg	2	4
有所下降	ysxj	1	4
有所牺牲	ysxu	2	4
严肃小说	ysxu	3	4
夜宿晓行	ysxx	2	4
一丝笑意	ysxy	1	4
有损于	ysy	2	3
一丝云	ysy	3	3
匀速运动	ysyd	1	4
匀速圆周运动	ysyd	2	4
又酸又疼	ysyt	2	4
意思一下	ysyx	2	4
有所影响	ysyx	3	4
伊索寓言	ysyy	1	4
咬碎牙往肚里咽	ysyy	2	4
语死早	ysz	2	3
欲速则不达	yszd	2	4
一天	yt	2	2
摇头	yt	3	2
云同步	ytb	2	3
研讨班	ytb	3	3
牙疼不是病	ytbb	1	4
一题不会	ytbh	2	4
一天不差	ytbi	1	4
一天不练	ytbl	1	4
一天比一天	ytbt	2	4
樱桃白轴	ytbv	1	4
一榻沧然	ytcr	1	4
一听到	ytd	2	3
易推倒	ytd	3	3
依托答辩	ytdb	1	4
一坨大便	ytdb	2	4
一图读懂	ytdd	2	4
仪态大方	ytdf	1	4
一条道跑到黑	ytdh	1	4
仪态端庄	ytdv	2	4
炎头队长	ytdv	3	4
英特尔	yte	2	3
英特尔公司	ytes	1	4
迎头而上	yteu	1	4
一天二十四小时	yteu	2	4
有天赋	ytf	1	3
也挺方便	ytfb	1	4
印堂发黑	ytfh	1	4
樱桃粉轴	ytfv	1	4
一同分享	ytfx	1	4
要通过	ytg	2	3
有同感	ytg	3	3
一条广告	ytgg	1	4
硬通货	yth	2	3
研讨会	yth	3	3
一体化	yth	4	3
亚投行	yth	5	3
于她何干	ythg	1	4
玉体横陈	ythi	1	4
有他好看	ythk	1	4
言谈话语	ythy	1	4
仰天长啸	ytix	2	4
一听见	ytj	2	3
一条街	ytj	3	3
有条件	ytj	4	3
一体机	ytj	5	3
倚天剑	ytj	6	3
犹太教	ytj	7	3
有条件的	ytjd	1	4
一团浆糊	ytjh	2	4
一探究竟	ytjj	1	4
预调鸡尾酒	ytjj	2	4
遗体捐献	ytjx	3	4
遗体捐赠	ytjz	1	4
圆通快递	ytkd	1	4
亚托克斯	ytks	1	4
一条裤子	ytkz	1	4
一条路	ytl	1	3
一条龙	ytl	2	3
有条理	ytl	3	3
一通乱打	ytld	2	4
一梯两户	ytlh	1	4
一条路走到黑	ytlh	2	4
一团乱麻	ytlm	1	4
一体两面	ytlm	2	4
一同离去	ytlq	1	4
亚特兰蒂斯	ytls	1	4
一天两天	ytlt	1	4
樱桃绿轴	ytlv	1	4
一条龙服务	ytlw	1	4
圆头耄耋	ytmd	1	4
有头没脑	ytmn	2	4
犹太民族	ytmz	1	4
一头牛	ytn	1	3
液态奶	ytn	2	3
英特纳雄耐尔	ytne	1	4
月台票	ytp	2	3
一提起	ytq	2	3
有特权	ytq	3	3
与同期相比	ytqb	2	4
由他去吧	ytqb	3	4
以头抢地	ytqd	1	4
樱桃青轴	ytqv	1	4
一同前往	ytqw	1	4
一头热	ytr	2	3
犹太人	ytr	3	3
有特色	yts	1	3
一天三顿	ytsd	2	4
以图搜图	ytst	1	4
一天天	ytt	1	3
一条条	ytt	2	3
一团团	ytt	3	3
一趟趟	ytt	4	3
姨太太	ytt	5	3
一天天的	yttd	2	4
愿天堂没有病痛	yttt	1	4
愿天堂没有	ytty	1	4
一滩水	ytu	1	3
一坨屎	ytu	2	3
一条蛇	ytu	3	3
一天时间	ytuj	2	4
幼态审美	ytum	1	4
窈窕淑女，君子好逑	ytuq	1	4
窈窕淑女君子好逑	ytuq	2	4
一条绳上的蚂蚱	ytuv	1	4
樱桃轴	ytv	2	3
原图直出	ytvi	1	4
言谈之中	ytvv	2	4
有挑战性	ytvx	2	4
一条直线	ytvx	3	4
摇头丸	ytw	2	3
因特网	ytw	3	3
以太网	ytw	4	3
有头无脑	ytwn	1	4
有天无日	ytwr	1	4
一天晚上	ytwu	2	4
以汤沃雪	ytwx	1	4
一条心	ytx	1	3
一台戏	ytx	2	3
一坨翔	ytx	3	3
一条小河	ytxh	1	4
以天下为己任	ytxr	1	4
一条消息	ytxx	2	4
阴天下雨	ytxy	1	4
樱桃小嘴	ytxz	1	4
樱桃小丸子	ytxz	2	4
也同样	yty	1	3
一条鱼	yty	2	3
一天一次	ytyc	1	4
一套一套的	ytyd	3	4
一天一充	ytyi	1	4
一天一宿	ytyx	1	4
有图有真相	ytyx	2	4
有条有序	ytyx	3	4
一天一夜	ytyy	2	4
一团糟	ytz	2	3
一摊子	ytz	3	3
一沓子	ytz	4	3
异体字	ytz	5	3
一拖再拖	ytzt	1	4
也是	yu	2	2
于是	yu	3	2
原生安卓	yuav	1	4
硬设备	yub	2	3
样式表	yub	3	3
意识不到	yubd	2	4
有啥不一样的	yubd	3	4
一时半会儿	yube	1	4
玉石不分	yubf	2	4
眼神不好	yubh	4	4
与时并进	yubj	1	4
遇事不决	yubj	2	4
一身本领	yubl	2	4
意识不清	yubq	1	4
意识薄弱	yubr	1	4
有啥不同	yubt	1	4
衣衫不整	yubv	2	4
以失败告终	yubv	3	4
掩饰不住	yubv	4	4
一试便知	yubv	5	4
一睡不醒	yubx	2	4
有啥不一样	yuby	2	4
衍生词	yuc	2	3
一手策划	yuch	2	4
远胜从前	yucq	2	4
一手操作	yucz	1	4
一手操纵	yucz	2	4
意识到	yud	2	3
延伸到	yud	3	3
运输队	yud	4	3
原声带	yud	5	3
验伤单	yud	6	3
意识淡泊	yudb	1	4
应声倒地	yudd	2	4
原声大碟	yudd	3	4
以水代酒	yudj	2	4
已是定局	yudj	3	4
意识到了	yudl	3	4
眼神躲闪	yudu	3	4
应声而倒	yued	1	4
一式二份	yuef	1	4
依山而建	yuej	1	4
右上方	yuf	2	3
御膳房	yuf	3	3
运输费	yuf	4	3
有说服力	yufl	1	4
雨水丰沛	yufp	1	4
以身犯险	yufx	1	4
运输费用	yufy	1	4
英式发音	yufy	2	4
也是个	yug	2	3
一首歌	yug	3	3
艺术馆	yug	4	3
原始股	yug	5	3
有失公道	yugd	2	4
一山更比一山高	yugg	2	4
影视广告	yugg	3	4
运输工具	yugj	7	4
妖声怪气	yugq	1	4
有伤感情	yugq	2	4
也是个问题	yugt	1	4
有失公正	yugv	1	4
一时高兴	yugx	1	4
有时候	yuh	2	3
于是乎	yuh	3	3
夜生活	yuh	4	3
一身汗	yuh	5	3
养生会馆	yuhg	1	4
优势火力	yuhl	3	4
一手好牌	yuhp	1	4
一手好算盘	yuhp	2	4
有伤和气	yuhq	1	4
一生何求	yuhq	2	4
一时糊涂	yuht	1	4
医生护士	yuhu	1	4
以商会友	yuhy	2	4
衍生出	yui	2	3
运输船	yui	3	3
已删除	yui	4	3
因势乘便	yuib	2	4
一时冲动	yuid	2	4
元神出窍	yuiq	1	4
严师出高徒	yuit	1	4
一声长叹	yuit	2	4
一瞬间	yuj	2	3
右上角	yuj	3	3
艺术家	yuj	4	3
一时间	yuj	5	3
益生菌	yuj	6	3
饮水机	yuj	7	3
运输机	yuj	8	3
有舍就有得	yujd	1	4
影视飓风	yujf	2	4
饮食结构	yujg	1	4
以示警告	yujg	2	4
艺术加工	yujg	3	4
一手交钱，一手交货	yujh	1	4
一手交钱一手交货	yujh	2	4
一声惊呼	yujh	3	4
以时间换空间	yujj	2	4
远水解不了近渴	yujk	5	4
一石激起千层浪	yujl	2	4
有时间吗	yujm	5	4
以示纪念	yujn	2	4
一手交钱	yujq	2	4
约束机制	yujv	2	4
艺术就是爆炸	yujv	3	4
央视记者	yujv	4	4
有手就行	yujx	5	4
应试教育	yujy	1	4
隐世家族	yujz	1	4
应收款	yuk	2	3
袁世凯	yuk	3	3
预收款	yuk	4	3
眼神空洞	yukd	1	4
隐身可见	yukj	1	4
一时口快	yukk	2	4
由上可知	yukv	2	4
一上来	yul	2	3
硬实力	yul	3	3
夜深了	yul	4	3
约束力	yul	5	3
意识流	yul	6	3
用水量	yul	7	3
运输量	yul	8	3
一身冷汗	yulh	1	4
一尸两命	yulm	2	4
眼神拉丝	yuls	3	4
优生劣汰	yult	2	4
有什么	yum	2	3
用什么	yum	3	3
要什么	yum	4	3
鸭舌帽	yum	5	3
一扇门	yum	6	3
有什么区别	yumb	3	4
有什么错	yumc	3	4
眼神迷离	yuml	2	4
艺术魅力	yuml	3	4
也是没谁了	yuml	4	4
有声没气	yumq	1	4
有事没事	yumu	2	4
影视明星	yumx	1	4
烟视媚行	yumx	2	4
有谁能	yun	2	3
一霎那	yun	3	3
有时能	yun	4	3
已属难得	yund	1	4
玉石难分	yunf	1	4
易守难攻	yung	2	4
远水难救近火	yunh	1	4
一山难容二虎	yunh	2	4
远水难解近渴	yunk	1	4
应试能力	yunl	1	4
永生难忘	yunw	1	4
永世难忘	yunw	2	4
又是那样	yuny	1	4
艺术品	yup	2	3
衍生品	yup	3	3
印刷品	yup	4	3
音视频	yup	5	3
一生平安	yupa	1	4
一审判决	yupj	3	4
也是拼了	yupl	1	4
延时喷雾	yupw	2	4
有事情	yuq	2	3
影视圈	yuq	3	3
扬声器	yuq	4	3
一身轻	yuq	5	3
雨刷器	yuq	6	3
有啥区别	yuqb	2	4
以示清白	yuqb	3	4
野兽前辈	yuqb	4	4
原神启动	yuqd	1	4
饮食清淡	yuqd	2	4
已识乾坤大	yuqd	3	4
余生请多指教	yuqj	3	4
艺术气息	yuqx	1	4
原始人	yur	2	3
月收入	yur	3	3
由奢入俭	yurj	2	4
以身入局	yurj	3	4
由奢入俭难	yurn	2	4
有谁认识	yuru	1	4
艺术人生	yuru	2	4
又双叒叕	yurv	1	4
一身骚	yus	2	3
一生所爱	yusa	3	4
一式三份	yusf	1	4
以身饲虎	yush	2	4
豫时孙摩	yusm	1	4
以上所言	yusy	3	4
原生态	yut	2	3
印刷体	yut	3	3
仰视图	yut	4	3
右视图	yut	5	3
雅舍谈吃	yuti	3	4
一手托天	yutt	1	4
元始天尊	yutz	3	4
硬生生	yuu	2	3
一双双	yuu	3	3
隐身术	yuu	4	3
印刷术	yuu	5	3
运输设备	yuub	2	4
一石数鸟	yuun	1	4
艺术水平	yuup	2	4
余生顺遂	yuus	1	4
一时失手	yuuu	5	4
有事说事	yuuu	6	4
有事烧纸	yuuv	3	4
有失水准	yuuv	4	4
以身涉险	yuux	2	4
延时摄影	yuuy	1	4
一生中	yuv	2	3
优胜者	yuv	3	3
厌食症	yuv	4	3
艺术照	yuv	5	3
艺术展	yuv	6	3
预设值	yuv	7	3
一生之敌	yuvd	2	4
由守转攻	yuvg	2	4
一时之间	yuvj	2	4
一时之快	yuvk	1	4
引上正路	yuvl	3	4
也是这么	yuvm	1	4
有事找你	yuvn	3	4
有事找她	yuvt	2	4
一手掌握	yuvw	1	4
野生植物	yuvw	2	4
以上这些	yuvx	3	4
也是我	yuw	2	3
一上午	yuw	3	3
衍生物	yuw	4	3
语数外	yuw	5	3
央视网	yuw	6	3
永失我爱	yuwa	2	4
永失吾爱	yuwa	3	4
一时无二	yuwe	1	4
演示文稿	yuwg	2	4
有事外出	yuwi	2	4
有市无价	yuwj	3	4
一时无两	yuwl	2	4
也是我们	yuwm	1	4
永世无穷	yuwq	1	4
以上问题	yuwt	1	4
有啥问题	yuwt	2	4
饮食卫生	yuwu	3	4
衣食无忧	yuwy	1	4
艺术性	yux	2	3
运输线	yux	3	3
一双鞋	yux	4	3
幼升小	yux	5	3
艺术细胞	yuxb	1	4
野兽先辈	yuxb	2	4
一时想法	yuxf	1	4
饮食习惯	yuxg	3	4
艺术细菌	yuxj	1	4
延时训练	yuxl	3	4
一时兴起	yuxq	1	4
有事相求	yuxq	2	4
有事相扰	yuxr	2	4
涌上心头	yuxt	5	4
有声小说	yuxu	3	4
野兽先生	yuxu	4	4
右手小指	yuxv	2	4
央视新闻	yuxw	2	4
夜视仪	yuy	2	3
也是一个	yuyg	3	4
以示友好	yuyh	3	4
越少越好	yuyh	4	4
艺术已成	yuyi	9	4
一世英名	yuym	1	4
一生要强	yuyq	2	4
也是一种	yuyv	2	4
又是一种	yuyv	3	4
也是因为	yuyw	1	4
远胜于我	yuyw	2	4
一上一下	yuyx	3	4
也是一样	yuyy	5	4
也是在	yuz	2	3
艺术字	yuz	3	3
吟诗作赋	yuzf	1	4
吟诗作画	yuzh	1	4
一失足成千古恨	yuzh	2	4
一手造成	yuzi	2	4
咬舌自尽	yuzj	2	4
野生字幕	yuzm	1	4
影视作品	yuzp	2	4
以示尊重	yuzv	2	4
优势在我	yuzw	1	4
有啥子关系	yuzx	1	4
一直	yv	2	2
一种	yv	3	2
一阵	yv	4	2
一只	yv	5	2
严重	yv	6	2
眼中	yv	7	2
有障碍	yva	1	3
月之暗面	yvam	2	4
阳宅爱众	yvav	1	4
宇智波	yvb	1	3
有准备	yvb	2	3
油纸包	yvb	3	3
圆珠笔	yvb	4	3
硬指标	yvb	5	3
亚洲杯	yvb	6	3
有准备地	yvbd	1	4
有准备的	yvbd	2	4
一种办法	yvbf	1	4
一直被模仿	yvbf	2	4
扬州八怪	yvbg	1	4
有志不在年高	yvbg	2	4
一招毙命	yvbm	2	4
一直不能	yvbn	1	4
一朝被蛇咬，十年怕井绳	yvbu	3	4
抑制不住	yvbv	1	4
一张白纸	yvbv	2	4
一眨不眨	yvbv	3	4
一朝被蛇咬	yvby	2	4
眼中刺	yvc	1	3
引锥刺股	yvcg	1	4
严重错误	yvcw	1	4
一直存在	yvcz	1	4
要知道	yvd	1	3
也知道	yvd	2	3
一直到	yvd	3	3
一直都	yvd	4	3
悠着点	yvd	5	3
眼中钉	yvd	6	3
仪仗队	yvd	7	3
眼中钉，肉中刺	yvdc	1	4
眼中钉肉中刺	yvdc	2	4
一直等到	yvdd	1	4
一站到底	yvdd	2	4
颜值担当	yvdd	3	4
悠着点儿	yvde	1	4
颜值巅峰	yvdf	1	4
严重低估	yvdg	1	4
眼中带泪	yvdl	1	4
一直到今天	yvdt	1	4
一直都是	yvdu	1	4
有这等事	yvdu	2	4
宇宙大爆炸	yvdv	1	4
一致对外	yvdw	1	4
英制单位	yvdw	2	4
一种东西	yvdx	2	4
一直都有	yvdy	2	4
一直到现在	yvdz	1	4
一阵儿	yve	1	3
烟中恶鬼	yveg	1	4
烟中饿鬼	yveg	2	4
义重恩深	yveu	1	4
一阵风	yvf	1	3
已转发	yvf	2	3
一种方法	yvff	2	4
欲振乏力	yvfl	1	4
一朝分娩	yvfm	1	4
一战封神	yvfu	1	4
翼装飞行	yvfx	1	4
医者父母心	yvfx	2	4
有种放学别走	yvfz	1	4
有这个	yvg	1	3
一整个	yvg	2	3
用这个	yvg	3	3
一只胳膊	yvgb	1	4
有这个想法	yvgf	1	4
依照惯例	yvgl	2	4
有这个可能	yvgn	1	4
有这个意思	yvgs	1	4
一转攻势	yvgu	1	4
远瞩高瞻	yvgv	1	4
一纸公文	yvgw	1	4
一种关系	yvgx	2	4
有中国特色的社会主义	yvgy	1	4
也只好	yvh	1	3
一战后	yvh	2	3
一枝花	yvh	3	3
养殖户	yvh	4	3
胭脂红	yvh	5	3
优质回答	yvhd	1	4
玉置浩二	yvhe	1	4
宇宙洪荒	yvhh	1	4
已臻化境	yvhj	1	4
眼中含泪	yvhl	2	4
一致好评	yvhp	2	4
一阵后怕	yvhp	3	4
一朝回到解放前	yvhq	1	4
一朝怀胎	yvht	1	4
有这回事	yvhu	1	4
一直怀疑	yvhy	2	4
养殖场	yvi	1	3
一盏茶	yvi	2	3
养猪场	yvi	3	3
研制出	yvi	4	3
一指禅	yvi	5	3
严重程度	yvid	1	4
一盏茶工夫	yvif	1	4
一盏茶的工夫	yvif	2	4
一战成功	yvig	2	4
一阵抽搐	yvii	1	4
一盏茶的时间	yvij	1	4
一支穿云箭	yvij	2	4
一战成硕	yviu	1	4
颜值出众	yviv	1	4
渔舟唱晚	yviw	1	4
邮政储蓄	yvix	1	4
严重超载	yviz	1	4
一只脚	yvj	1	3
一着急	yvj	2	3
一整局	yvj	3	3
有主见	yvj	4	3
邮政局	yvj	5	3
远征军	yvj	6	3
一直觉得	yvjd	1	4
意志坚定	yvjd	2	4
一阵劲风	yvjf	1	4
严重警告	yvjg	1	4
亚洲基础设施投资银行	yvjh	1	4
有志竟成	yvji	1	4
腰椎间盘突出	yvji	2	4
援助交际	yvjj	2	4
亚洲纪录	yvjl	1	4
原著居民	yvjm	1	4
原住居民	yvjm	2	4
一至九品	yvjp	2	4
意志坚强	yvjq	1	4
亚洲剧情	yvjq	2	4
严正交涉	yvju	1	4
有证据显示	yvju	2	4
银质奖章	yvjv	1	4
颜值即正义	yvjy	1	4
一整块	yvk	1	3
缘之空	yvk	2	3
邮政快递	yvkd	1	4
研制开发	yvkf	1	4
与之抗衡	yvkh	1	4
一种快乐	yvkl	1	4
严重困难	yvkn	1	4
一种可能	yvkn	2	4
幼稚可笑	yvkx	2	4
意志力	yvl	1	3
圆周率	yvl	2	3
硬着陆	yvl	3	3
异指连击	yvlj	1	4
一种理念	yvln	1	4
有这么	yvm	1	3
也这么	yvm	2	3
验证码	yvm	3	3
原住民	yvm	4	3
雨中漫步	yvmb	1	4
有这么大	yvmd	1	4
有这么一个	yvmg	2	4
有这么好	yvmh	1	4
掩住面孔	yvmk	1	4
寅支卯粮	yvml	1	4
有这么难	yvmn	1	4
有这么一种	yvmv	1	4
有这么一些	yvmx	1	4
一直没有	yvmy	1	4
一阵满足	yvmz	1	4
也只能	yvn	1	3
一周年	yvn	2	3
一转念	yvn	3	3
应召女郎	yvnl	1	4
一种偶然	yvor	1	4
与之匹敌	yvpd	1	4
严重破坏	yvph	1	4
意志品质	yvpv	1	4
有志气	yvq	1	3
阴转晴	yvq	2	3
硬重启	yvq	3	3
愚者千虑，必有一得	yvqd	1	4
严重缺乏	yvqf	1	4
愚者千虑	yvql	1	4
有志青年	yvqn	1	4
一朝权在手	yvqu	3	4
圆锥曲线	yvqx	1	4
一朝权在手，便把令来行	yvqx	2	4
一种人	yvr	1	3
亚洲人	yvr	2	3
意中人	yvr	3	3
益智仁	yvr	4	3
运指如飞	yvrf	1	4
一致认可	yvrk	1	4
一直忍耐	yvrn	1	4
一致认同	yvrt	1	4
应征入伍	yvrw	2	4
医者仁心	yvrx	1	4
油纸伞	yvs	1	3
亚洲色情	yvsq	1	4
严重损失	yvsu	1	4
一整天	yvt	1	3
一整套	yvt	2	3
摇着头	yvt	3	3
圆柱体	yvt	4	3
圆锥体	yvt	5	3
易中天	yvt	6	3
一种推测	yvtc	1	4
验证通过	yvtg	2	4
赢者通吃	yvti	1	4
一朝天子一朝臣	yvti	2	4
一只手	yvu	1	3
一直是	yvu	2	3
一转身	yvu	3	3
一站式	yvu	4	3
也正是如此	yvuc	1	4
胭脂水粉	yvuf	1	4
言志抒怀	yvuh	1	4
刖趾适屦	yvuj	1	4
严正声明	yvum	1	4
油炸食品	yvup	1	4
一种事情	yvuq	1	4
以正视听	yvut	1	4
移植手术	yvuu	2	4
言之尚早	yvuz	1	4
一阵阵	yvv	1	3
眼睁睁	yvv	2	3
一只只	yvv	3	3
一张张	yvv	4	3
一支支	yvv	5	3
一桩桩	yvv	6	3
一针针	yvv	7	3
颜值主播	yvvb	1	4
原装正版	yvvb	2	4
一招制敌	yvvd	1	4
月中折桂	yvvg	1	4
一战之后	yvvh	1	4
养猪专业户	yvvh	2	4
有志者，事竟成	yvvi	1	4
有志者事竟成	yvvi	2	4
一战之力	yvvl	1	4
一招致命	yvvm	1	4
援助之手	yvvu	2	4
一沾枕头就着	yvvv	2	4
勇者之心	yvvx	2	4
一直这样	yvvy	2	4
一中午	yvw	1	3
勇者无敌	yvwd	1	4
宇宙万法	yvwf	1	4
严重危害	yvwh	1	4
严重违纪	yvwj	1	4
勇者无惧	yvwj	2	4
一纸文凭	yvwp	1	4
一直往前	yvwq	2	4
云遮雾绕	yvwr	1	4
严重问题	yvwt	1	4
云遮雾罩	yvwv	1	4
言者无心	yvwx	1	4
言者无心，听者有意	yvwy	1	4
一炷香	yvx	1	3
有这些	yvx	2	3
严重性	yvx	3	3
圆柱形	yvx	4	3
延展性	yvx	5	3
一致性	yvx	6	3
压轴戏	yvx	7	3
已知悉	yvx	8	3
邮政小包	yvxb	2	4
影只形单	yvxd	1	4
与之相反	yvxf	1	4
意志消沉	yvxi	2	4
一炷香时间	yvxj	1	4
一炷香的时间	yvxj	2	4
一直向前	yvxq	1	4
一招鲜吃遍天	yvxt	1	4
一招鲜，吃遍天	yvxt	2	4
验证系统	yvxt	3	4
一桩心事	yvxu	1	4
一种享受	yvxu	2	4
验证消息	yvxx	1	4
验证信息	yvxx	2	4
阴转小雨	yvxy	1	4
由着性子	yvxz	1	4
以至于	yvy	1	3
有助于	yvy	2	3
一转眼	yvy	3	3
一眨眼	yvy	4	3
幼稚园	yvy	5	3
养殖业	yvy	6	3
一抓一大把	yvyb	1	4
一周一次	yvyc	1	4
义正严词	yvyc	2	4
一正一负	yvyf	1	4
一眨眼功夫	yvyf	2	4
一转眼的功夫	yvyf	3	4
一直有个	yvyg	2	4
应知应会	yvyh	1	4
邮政银行	yvyh	2	4
一致意见	yvyj	2	4
用之于民	yvym	1	4
羊脂玉佩	yvyp	1	4
一重一轻	yvyq	2	4
一至于斯	yvys	1	4
幼稚园杀手	yvyu	2	4
一阵一阵	yvyv	2	4
一直在	yvz	1	3
一阵子	yvz	2	3
一张嘴	yvz	3	3
眼珠子	yvz	4	3
一直在说	yvzu	1	4
一直在想	yvzx	1	4
抑制作用	yvzy	1	4
因为	yw	1	2
一位	yw	2	2
以为	yw	3	2
意外	yw	4	2
因为爱情	ywaq	1	4
异维A酸	ywas	1	4
眼窝凹陷	ywax	1	4
也未必	ywb	1	3
英文版	ywb	2	3
义务兵	ywb	3	3
医务部	ywb	4	3
英文标点	ywbd	2	4
业务部门	ywbm	2	4
也未必能	ywbn	1	4
言无不听	ywbt	1	4
一问便知	ywbv	2	4
意外保险	ywbx	1	4
有无必要	ywby	1	4
以我残躯化烈火	ywch	1	4
意外地	ywd	1	3
烟雾弹	ywd	2	3
阎王殿	ywd	3	3
英伟达	ywd	4	3
愿望单	ywd	5	3
疑问代词	ywdc	1	4
英文单词	ywdc	2	4
有望达到	ywdd	1	4
一文读懂	ywdd	2	4
一万多个	ywdg	1	4
一苇渡江	ywdj	2	4
仰望大佬	ywdl	2	4
阎王点名	ywdm	1	4
阎王点卯	ywdm	2	4
意外的发现	ywdx	1	4
英文打字	ywdz	1	4
尤为短暂	ywdz	2	4
由外而内	ywen	1	4
于我而言	ywey	1	4
也无妨	ywf	1	3
一窝蜂	ywf	2	3
燕尾服	ywf	3	3
疑问副词	ywfc	1	4
亿万富豪	ywfh	1	4
以武犯禁	ywfj	1	4
业务繁忙	ywfm	1	4
言文方点谁人去	ywfq	1	4
永无翻身之日	ywfr	1	4
业务发展	ywfv	1	4
业务范围	ywfw	2	4
意外发现	ywfx	1	4
英文翻译	ywfy	1	4
言文方点在四一	ywfy	2	4
一万个	ywg	1	3
英文歌	ywg	2	3
越王勾践	ywgj	1	4
业务管理	ywgl	1	4
药物过量	ywgl	2	4
以往惯例	ywgl	3	4
业务规模	ywgm	1	4
英文歌曲	ywgq	1	4
有文化	ywh	1	3
亚文化	ywh	2	3
鸢尾花	ywh	3	3
意外获得	ywhd	1	4
与我何干	ywhg	1	4
于我何干	ywhg	2	4
有我好看	ywhk	1	4
有文化真可怕	ywhp	1	4
冤枉好人	ywhr	1	4
以为憾事	ywhu	1	4
欲望回声	ywhu	2	4
以舞会友	ywhy	3	4
意外怀孕	ywhy	4	4
业务合作	ywhz	1	4
已完成	ywi	1	3
医务处	ywi	2	3
药物成分	ywif	1	4
有违常理	ywil	1	4
永无出头之日	ywir	1	4
要务缠神	ywiu	1	4
一无长物	ywiw	1	4
疑问句	ywj	1	3
叶文洁	ywj	2	3
源文件	ywj	3	3
业务经理	ywjl	1	4
英文解释	ywju	1	4
意外惊喜	ywjx	1	4
依我看	ywk	1	3
医务科	ywk	2	3
语文课	ywk	3	3
英文课	ywk	4	3
一维空间	ywkj	1	4
阎王夸我好身体	ywkt	1	4
引为口实	ywku	1	4
也未可知	ywkv	1	4
犹未可知	ywkv	2	4
冤枉路	ywl	1	3
业务量	ywl	2	3
以文乱法	ywlf	1	4
业务逻辑	ywlj	1	4
依我来看	ywlk	2	4
烟雾缭绕	ywlr	1	4
云雾缭绕	ywlr	2	4
语文老师	ywlu	1	4
药物滥用	ywly	1	4
与我们	ywm	1	3
有我们	ywm	2	3
要我们	ywm	3	3
英文名	ywm	4	3
有我没你	ywmn	1	4
因为没有	ywmy	1	4
因为你	ywn	1	3
以为你	ywn	2	3
一万年	ywn	3	3
亿万年	ywn	4	3
因为那个	ywng	1	4
因为你的缘故	ywng	2	4
业务能力	ywnl	1	4
因为那样	ywny	1	4
洋务派	ywp	1	3
业务培训	ywpx	1	4
冤枉钱	ywq	1	3
一文钱	ywq	2	3
圆舞曲	ywq	3	3
愿望清单	ywqd	1	4
一文钱难倒英雄汉	ywqh	1	4
一味迁就	ywqj	1	4
意外情况	ywqk	1	4
欲望强烈	ywql	2	4
有为青年	ywqn	1	4
野外求生	ywqu	2	4
以为然	ywr	1	3
因为如此	ywrc	1	4
尤为如此	ywrc	2	4
亿万人民	ywrm	1	4
异位妊娠	ywru	1	4
医务所	yws	1	3
因为什么	ywsm	1	4
以文搜图	ywst	1	4
一问三不知	ywsv	2	4
也无所谓	ywsw	1	4
因为所以	ywsy	2	4
有问题	ywt	1	3
有问题的	ywtd	1	4
有望提高	ywtg	1	4
尤为突出	ywti	1	4
有问题吗	ywtm	1	4
域外天魔	ywtm	2	4
因为是	ywu	1	3
以为是	ywu	2	3
一晚上	ywu	3	3
要我说	ywu	4	3
医务室	ywu	5	3
野外生存	ywuc	1	4
以为是个	ywug	2	4
意外伤害	ywuh	1	4
意外收获	ywuh	2	4
由我守护	ywuh	3	4
意外事件	ywuj	1	4
于无声处听惊雷	ywul	1	4
一碗水端平	ywup	2	4
眼窝深陷	ywux	1	4
意外伤害险	ywux	2	4
意味深远	ywuy	1	4
一维数组	ywuz	1	4
意味着	ywv	1	3
遗忘症	ywv	2	3
意外之财	ywvc	1	4
因为知道	ywvd	2	4
因为这个	ywvg	1	4
业务主管	ywvg	2	4
依我之见	ywvj	2	4
贻误战机	ywvj	3	4
药物治疗	ywvl	1	4
意味着什么	ywvm	1	4
一位位	yww	1	3
洋娃娃	yww	2	3
鱼尾纹	yww	3	3
与我无关	ywwg	1	4
因为我的缘故	ywwg	2	4
因为我对这土地爱得深沉	ywwi	1	4
业务往来	ywwl	1	4
与我无缘	ywwy	2	4
噫呜呜噫	ywwy	3	4
有危险	ywx	1	3
意外险	ywx	2	3
于无形	ywx	3	3
仰望星空	ywxk	1	4
一万小时定律	ywxl	1	4
尤为显著	ywxv	2	4
一物降一物	ywxw	1	4
业务学习	ywxx	2	4
因为有	ywy	1	3
因为要	ywy	2	3
阎王爷	ywy	3	3
业务员	ywy	4	3
扬雾运动	ywyd	3	4
因为一个	ywyg	1	4
冤枉一场	ywyi	1	4
药物依赖	ywyl	1	4
幼吾幼以及人之幼	ywyy	1	4
颜文字	ywz	1	3
英文字	ywz	2	3
亿万资产	ywzi	1	4
英文字母	ywzm	1	4
英文字幕	ywzm	2	4
要务在身	ywzu	1	4
阳痿早泄	ywzx	1	4
野外作业	ywzy	2	4
一下	yx	2	2
一些	yx	3	2
有些	yx	4	2
胰腺癌	yxa	1	3
一下吧	yxb	1	3
一小半	yxb	2	3
也行吧	yxb	3	3
也许吧	yxb	4	3
游戏币	yxb	5	3
疑心病	yxb	6	3
营销部	yxb	7	3
医学部	yxb	8	3
银屑病	yxb	9	3
有些不便	yxbb	2	4
影响不大	yxbd	3	4
以小博大	yxbd	4	4
游戏补丁	yxbd	5	4
一星半点儿	yxbe	1	4
一小部分	yxbf	1	4
有些不舒服	yxbf	2	4
影响不好	yxbh	1	4
印象不好	yxbh	2	4
英雄不问出处	yxbi	2	4
印象笔记	yxbj	1	4
运行不了	yxbl	2	4
意想不到的事情	yxbq	1	4
影响别人	yxbr	2	4
有些不同	yxbt	1	4
医学博士	yxbu	1	4
有些不是	yxbu	2	4
有效保障	yxbv	1	4
一蟹不如一蟹	yxbx	1	4
一心不能二用	yxby	3	4
一小撮	yxc	1	3
鱼腥草	yxc	2	3
腌咸菜	yxc	3	3
釉下彩	yxc	4	3
异形词	yxc	5	3
一想到	yxd	1	3
影响到	yxd	2	3
有许多	yxd	3	3
压箱底	yxd	4	3
有效地	yxd	5	3
养心殿	yxd	6	3
也许都不	yxdb	2	4
压箱底的宝贝	yxdb	3	4
由西到东	yxdd	2	4
也许都会	yxdh	2	4
影响大局	yxdj	2	4
余弦定理	yxdl	2	4
遥想当年	yxdn	1	4
也许都能	yxdn	2	4
有许多人	yxdr	1	4
游戏大厅	yxdt	1	4
有新动态	yxdt	2	4
也许都是	yxdu	2	4
邮箱地址	yxdv	2	4
优秀的匹配机制	yxdv	3	4
有些东西	yxdx	1	4
一些东西	yxdx	2	4
也许都要	yxdy	1	4
也许都有	yxdy	2	4
鸭行鹅步	yxeb	1	4
应弦而倒	yxed	1	4
一笑而过	yxeg	1	4
有线耳机	yxej	1	4
优秀儿女	yxen	1	4
有想法	yxf	1	3
右下方	yxf	2	3
雨雪霏霏	yxff	1	4
有效发挥	yxfh	1	4
云霄飞车	yxfi	1	4
一小方块	yxfk	1	4
一些方面	yxfm	1	4
有些方面	yxfm	2	4
鸭血粉丝	yxfs	1	4
以下犯上	yxfu	1	4
雨雪风霜	yxfu	2	4
游戏辅助	yxfv	2	4
影响范围	yxfw	1	4
游戏蜂窝	yxfw	2	4
优秀分子	yxfz	1	4
一些个	yxg	1	3
有些个	yxg	2	3
一小股	yxg	3	3
右斜杠	yxg	4	3
优秀干部	yxgb	2	4
运行轨道	yxgd	2	4
有些过分	yxgf	1	4
腋下管理	yxgl	1	4
延禧攻略	yxgl	2	4
月薪过万	yxgw	1	4
游戏规则	yxgz	1	4
影响工作	yxgz	2	4
有些话	yxh	1	3
也许会	yxh	2	3
也喜欢	yxh	3	3
一席话	yxh	4	3
一小会	yxh	5	3
英雄汉	yxh	6	3
也许会迟到	yxhd	2	4
一小会儿	yxhe	1	4
影响很坏	yxhh	2	4
影响很差	yxhi	1	4
有些好处	yxhi	2	4
以新换旧	yxhj	2	4
游戏画面	yxhm	2	4
有些害怕	yxhp	1	4
一星好评	yxhp	2	4
阴虚火旺	yxhw	1	4
以血还血	yxhx	1	4
用心何在	yxhz	1	4
涌现出	yxi	1	3
运行成本	yxib	1	4
优秀成果	yxig	1	4
英雄出少年	yxin	1	4
一线城市	yxiu	1	4
游戏厂商	yxiu	2	4
有线传输	yxiu	3	4
右下角	yxj	1	3
优先级	yxj	2	3
元宵节	yxj	3	3
游戏机	yxj	4	3
医学家	yxj	5	3
优秀奖	yxj	6	3
研学基地	yxjd	3	4
元凶巨恶	yxje	1	4
一学就废	yxjf	2	4
以下几个	yxjg	1	4
一学就会	yxjh	2	4
元宵佳节	yxjj	2	4
元宵节快乐	yxjl	1	4
有先见之明	yxjm	2	4
游戏键盘	yxjp	1	4
也许就是	yxju	2	4
游戏结束	yxju	3	4
阴险狡诈	yxjv	3	4
音信皆无	yxjw	1	4
一小块	yxk	1	3
有些困难	yxkn	1	4
有些可惜	yxkx	1	4
游戏科学	yxkx	2	4
也许可以	yxky	1	4
一系列	yxl	1	3
印象里	yxl	2	3
影响力	yxl	3	3
游戏类	yxl	4	3
月销量	yxl	5	3
异性恋	yxl	6	3
一系列的	yxld	1	4
研学旅行	yxlh	1	4
英雄落泪	yxll	1	4
英雄联盟	yxlm	1	4
优先录取	yxlq	1	4
一系列问题	yxlt	1	4
以迅雷不及掩耳之势	yxlu	2	4
一心两用	yxly	1	4
音形码	yxm	1	3
英雄模范	yxmf	1	4
有些麻烦	yxmf	2	4
英雄莫问出处	yxmi	1	4
一笑泯恩仇	yxmi	2	4
英雄末路	yxml	1	4
邮箱密码	yxmm	2	4
一宿没睡	yxmu	1	4
也许能	yxn	1	3
有些难	yxn	2	3
运行内存	yxnc	1	4
有些难度	yxnd	1	4
也许那个	yxng	1	4
也许能够	yxng	2	4
英雄难过美人关	yxng	3	4
阳虚内寒	yxnh	1	4
易学难精	yxnj	1	4
阴虚内热	yxnr	1	4
有些年头	yxnt	1	4
以下内容可能会引起不适	yxnu	1	4
野性难驯	yxnx	1	4
印象派	yxp	1	3
油性皮肤	yxpf	1	4
游戏平衡	yxph	1	4
游戏平台	yxpt	1	4
优秀品质	yxpv	1	4
异性朋友	yxpy	1	4
一心扑在	yxpz	1	4
有兴趣	yxq	1	3
一想起	yxq	2	3
一星期	yxq	3	3
有需求	yxq	4	3
优先权	yxq	5	3
有效期	yxq	6	3
鱼翔浅底	yxqd	2	4
英雄气概	yxqg	1	4
贻笑千古	yxqg	2	4
一星期后	yxqh	1	4
有兴趣的话	yxqh	2	4
一雪前耻	yxqi	2	4
医学奇迹	yxqj	2	4
一些情况	yxqk	1	4
愿效犬马之劳	yxql	2	4
异形全面屏	yxqp	1	4
一心求死	yxqs	1	4
欲先取之	yxqv	1	4
影响情绪	yxqx	1	4
鱼香茄子	yxqz	1	4
有些人	yxr	1	3
一些人	yxr	2	3
有心人	yxr	3	3
一行人	yxr	4	3
异乡人	yxr	5	3
隐形人	yxr	6	3
一向如此	yxrc	2	4
一些人的	yxrd	2	4
以小人之心，度君子之腹	yxrf	2	4
有些人走着走着就散了	yxrl	1	4
饮血茹毛	yxrm	1	4
游戏人生	yxru	1	4
一向认为	yxrw	2	4
以小人之心	yxrx	1	4
营销人员	yxry	1	4
一些日子	yxrz	1	4
养血润燥	yxrz	2	4
预选赛	yxs	1	3
亚硝酸	yxs	2	3
英雄碎片	yxsp	1	4
英雄所见略同	yxst	1	4
有心算无心	yxsx	1	4
游戏厅	yxt	1	3
一线天	yxt	2	3
影响太坏	yxth	1	4
有效途径	yxtj	1	4
雨雪天气	yxtq	1	4
印象特别深	yxtu	1	4
游戏体验	yxty	1	4
也许是	yxu	1	3
有些事	yxu	2	3
一小时	yxu	3	3
一些事	yxu	4	3
银杏树	yxu	5	3
游戏室	yxu	6	3
也许是吧	yxub	1	4
游戏鼠标	yxub	2	4
有线鼠标	yxub	3	4
有效手段	yxud	2	4
月销售额	yxue	1	4
阳虚水泛	yxuf	1	4
疑心生暗鬼	yxug	1	4
有些时候	yxuh	1	4
一些时候	yxuh	2	4
有效射程	yxui	1	4
英雄时刻	yxuk	2	4
影响睡眠	yxum	1	4
一小时内	yxun	1	4
一些事情	yxuq	1	4
有些事情	yxuq	2	4
隐性收入	yxur	1	4
影响身体	yxut	1	4
有性生殖	yxuv	1	4
也许是因为	yxuw	2	4
影响深远	yxuy	1	4
影响声誉	yxuy	2	4
有效数字	yxuz	1	4
印象中	yxv	1	3
运行中	yxv	2	3
影响着	yxv	3	3
要学着	yxv	4	3
有效值	yxv	5	3
游戏主播	yxvb	1	4
游戏装备	yxvb	2	4
预先指定	yxvd	2	4
依宪治国	yxvg	1	4
一线之差	yxvi	1	4
一夕之间	yxvj	1	4
有效证件	yxvj	2	4
也许只能	yxvn	1	4
有新照片	yxvp	1	4
也许只是	yxvu	1	4
一心只读圣贤书	yxvu	2	4
一向主张	yxvv	2	4
有希望	yxw	1	3
一下午	yxw	2	3
影响我	yxw	3	3
鱼腥味	yxw	4	3
有学问	yxw	5	3
英雄无用武之地	yxwd	1	4
迎新晚会	yxwh	1	4
优秀文化	yxwh	2	4
一心为民	yxwm	1	4
英雄无觅	yxwm	2	4
有些问题	yxwt	2	4
一心无二想	yxwx	1	4
一心无二意	yxwy	1	4
一下下	yxx	1	3
有信心	yxx	2	3
要小心	yxx	3	3
有消息	yxx	4	3
一心想	yxx	5	3
一项项	yxx	6	3
延续性	yxx	7	3
有效性	yxx	8	3
噫吁嚱	yxx	9	3
有限性	yxx	10	3
由西向东	yxxd	1	4
有些想法	yxxf	1	4
优秀学生	yxxu	2	4
异性相吸	yxxx	1	4
影响学习	yxxx	2	4
也许需要	yxxy	2	4
一心想要	yxxy	3	4
有需要	yxy	1	3
也需要	yxy	2	3
又需要	yxy	3	3
也许有	yxy	4	3
医学院	yxy	5	3
胰腺炎	yxy	6	3
有先有后	yxyh	1	4
隐性遗传	yxyi	1	4
又羞又愧	yxyk	1	4
越想越气	yxyq	1	4
硬性要求	yxyq	2	4
影响因素	yxys	3	4
又香又甜	yxyt	1	4
亚细亚洲	yxyv	2	4
医学影像	yxyx	1	4
优先用血	yxyx	2	4
影响因子	yxyz	1	4
以下原则	yxyz	2	4
一下子	yxz	1	3
羊蝎子	yxz	2	3
英仙座	yxz	3	3
异形字	yxz	4	3
一些做法	yxzf	1	4
有效做法	yxzf	2	4
隐形字符	yxzf	3	4
有效载荷	yxzh	1	4
有形资产	yxzi	1	4
有心栽花花不开	yxzk	1	4
影像资料	yxzl	1	4
音像资料	yxzl	2	4
有仙则名	yxzm	1	4
优先择偶	yxzo	1	4
优先择偶权	yxzq	1	4
有限责任	yxzr	1	4
有限责任公司	yxzs	1	4
印象最深	yxzu	1	4
一眼	yy	2	2
一样	yy	3	2
原因	yy	4	2
予以安排	yyap	1	4
业余爱好者	yyav	1	4
演员表	yyb	2	3
验孕棒	yyb	3	3
营业部	yyb	4	3
语音包	yyb	5	3
应用宝	yyb	6	3
英译本	yyb	7	3
亿英镑	yyb	8	3
语音播报	yybb	3	4
有一部分	yybf	3	4
一夜暴富	yybf	4	4
阴阳八卦	yybg	2	4
永远不会	yybh	2	4
一夜爆红	yybh	3	4
有冤报冤有仇报仇	yybi	2	4
有冤报冤，有仇报仇	yybi	3	4
远远不及	yybj	4	4
意义不明	yybm	1	4
踊跃报名	yybm	2	4
永远不能	yybn	2	4
远远不如	yybr	1	4
友谊比赛	yybs	1	4
一夜白头	yybt	2	4
语言不通	yybt	3	4
有眼不识泰山	yybu	2	4
压抑不住	yybv	1	4
远远不止	yybv	2	4
郁郁不得志	yybv	3	4
营养不足	yybz	2	4
远远不足	yybz	3	4
有一次	yyc	2	3
又一次	yyc	3	3
亚运村	yyc	4	3
英语词典	yycd	3	4
踊跃参加	yycj	1	4
应邀参加	yycj	2	4
已有词组	yycz	1	4
一样的	yyd	2	3
有一点	yyd	3	3
有一定	yyd	4	3
圆圆的	yyd	5	3
一样大	yyd	6	3
一样多	yyd	7	3
鸳鸯刀	yyd	8	3
以一敌百	yydb	3	4
英语单词	yydc	3	4
有一点点	yydd	2	4
有一搭没一搭	yydd	3	4
有一顿没一顿	yydd	4	4
友谊的小船说翻就翻	yydf	2	4
愿意的话	yydh	2	4
友谊地久天长	yydi	1	4
一一道来	yydl	2	4
以一当千	yydq	1	4
有用的人	yydr	2	4
营业大厅	yydt	1	4
永远的神	yydu	2	4
一眼丁真	yydv	1	4
义眼丁真	yydv	2	4
一样东西	yydx	1	4
语言大学	yydx	2	4
一一对应	yydy	2	4
友谊第一	yydy	3	4
营业额	yye	2	3
婴幼儿	yye	3	3
一元二次	yyec	1	4
一言而定	yyed	1	4
一元二次方程	yyei	2	4
郁郁而终	yyev	1	4
有意而为之	yyev	2	4
有意而为	yyew	1	4
一跃而下	yyex	1	4
有一份	yyf	1	3
医药费	yyf	2	3
一月份	yyf	3	3
有缘分	yyf	4	3
演绎法	yyf	5	3
抑音符	yyf	6	3
押一付二	yyfe	1	4
一夜夫妻百日恩	yyfe	2	4
淫雨霏霏	yyff	1	4
语言风格	yyfg	2	4
一元方程	yyfi	1	4
一夜风流	yyfl	1	4
羽翼丰满	yyfm	1	4
异域风情	yyfq	1	4
一夜夫妻	yyfq	2	4
养一方人	yyfr	1	4
以言废人	yyfr	2	4
押一付三	yyfs	2	4
玉音放送	yyfs	3	4
英勇奋战	yyfv	2	4
原因分析	yyfx	1	4
踊跃发言	yyfy	1	4
英语翻译	yyfy	2	4
押一付一	yyfy	3	4
有一个	yyg	1	3
又一个	yyg	2	3
也应该	yyg	3	3
有一股	yyg	4	3
要有个	yyg	5	3
优越感	yyg	6	3
有眼光	yyg	7	3
游泳馆	yyg	8	3
鸳鸯锅	yyg	9	3
应用广泛	yygf	1	4
予以公告	yygg	3	4
英语国家	yygj	1	4
演绎归纳	yygn	1	4
有一个人	yygr	2	4
有一个问题	yygt	1	4
褕衣甘食	yygu	2	4
一一过问	yygw	1	4
也有关系	yygx	2	4
阴阳割昏晓	yygx	3	4
远远高于	yygy	1	4
有一个朋友	yygy	2	4
一样好	yyh	2	3
有一回	yyh	3	3
杨玉环	yyh	4	3
音乐会	yyh	5	3
音乐盒	yyh	6	3
亚运会	yyh	7	3
游园会	yyh	8	3
运营活动	yyhd	2	4
养颜护肤	yyhf	1	4
语音合成	yyhi	1	4
依样画葫芦	yyhl	1	4
依样画瓢	yyhp	2	4
一夜回到解放前	yyhq	1	4
欲语还休	yyhx	1	4
有一处	yyi	2	3
孕育出	yyi	3	3
越野车	yyi	4	3
游泳池	yyi	5	3
有用处	yyi	6	3
疑云重重	yyii	4	4
优异成绩	yyij	1	4
应用场景	yyij	2	4
囿于成见	yyij	3	4
亦有差距	yyij	4	4
营运车辆	yyil	1	4
予以处理	yyil	2	4
语言处理	yyil	3	4
一夜成名	yyim	1	4
勇于承认	yyir	4	4
一跃成为	yyiw	2	4
牙龈出血	yyix	2	4
医药产业	yyiy	1	4
也已经	yyj	2	3
有一件	yyj	3	3
有意见	yyj	4	3
预言家	yyj	5	3
一夜间	yyj	6	3
音乐家	yyj	7	3
压压惊	yyj	8	3
油烟机	yyj	9	3
音乐节	yyj	10	3
犹豫就会败北	yyjb	3	4
阴阳交错	yyjc	2	4
音乐教父	yyjf	2	4
又有几个	yyjg	1	4
妖艳贱货	yyjh	3	4
由远及近	yyjj	2	4
运营经理	yyjl	1	4
游泳教练	yyjl	2	4
预言家刀了	yyjl	3	4
烟雨江南	yyjn	2	4
样样俱全	yyjq	2	4
一语惊醒梦中人	yyjr	2	4
样样精通	yyjt	3	4
也有今天	yyjt	4	4
有一件事	yyju	1	4
营养价值	yyjv	1	4
一言既出，驷马难追	yyjv	2	4
玉叶金枝	yyjv	3	4
英勇就义	yyjy	2	4
英语课	yyk	1	3
优衣库	yyk	2	3
游泳裤	yyk	3	3
英勇抗敌	yykd	1	4
应用开发	yykf	1	4
狺狺狂吠	yykf	2	4
一眼看穿	yyki	1	4
也有可能	yykn	1	4
远远看去	yykq	1	4
勇于开拓	yykt	1	4
营养快线	yykx	2	4
一样可以	yyky	1	4
远远快于	yyky	2	4
永远可以	yyky	3	4
有眼力	yyl	2	3
有一类	yyl	3	3
有一利必有一弊	yylb	1	4
阴阳两隔	yylg	1	4
遥遥落后	yylh	1	4
岳阳楼记	yylj	4	4
炎炎烈日	yylr	2	4
语音聊天	yylt	1	4
银样镴枪头	yylt	2	4
烟雨楼台	yylt	3	4
英语老师	yylu	1	4
音乐老师	yylu	2	4
有意联系	yylx	2	4
一眼沦陷	yylx	3	4
应用领域	yyly	1	4
元婴老祖	yylz	2	4
有用吗	yym	1	3
有一名	yym	2	3
又要马儿不吃草	yymc	1	4
疑云满腹	yymf	1	4
阴影面积	yymj	1	4
阴雨绵绵	yymm	1	4
烟雨蒙蒙	yymm	2	4
意义明确	yymq	1	4
有用没用	yymy	2	4
英语母语	yymy	3	4
有一年	yyn	2	3
痒痒挠	yyn	3	3
也有那个	yyng	2	4
语言能力	yynl	2	4
永远年轻	yynq	1	4
依依难舍	yynu	2	4
要有耐心	yynx	1	4
有一拼	yyp	2	3
有一片	yyp	3	3
营养品	yyp	4	3
又一批	yyp	5	3
岳云鹏	yyp	6	3
阴阳屏	yyp	7	3
一夜暴富	yypf	1	4
阴阳平衡	yyph	1	4
有勇气	yyq	2	3
演艺圈	yyq	3	3
游泳圈	yyq	4	3
一夜情	yyq	5	3
月牙泉	yyq	6	3
艳压群芳	yyqf	1	4
有缘千里来相逢	yyqf	2	4
因缘巧合	yyqh	1	4
有缘千里来相会	yyqh	2	4
艳压全场	yyqi	4	4
运营情况	yyqk	1	4
玉宇琼楼	yyql	1	4
一夜七次郎	yyql	2	4
药药切克闹	yyqn	1	4
样样齐全	yyqq	2	4
也有人	yyr	2	3
又有人	yyr	3	3
有缘人	yyr	4	3
音乐人	yyr	5	3
悠悠然	yyr	6	3
薏苡仁	yyr	7	3
永远如此	yyrc	2	4
一眼认出	yyri	1	4
永远热泪盈眶	yyrk	1	4
原因如下	yyrx	2	4
营业人员	yyry	2	4
运营人员	yyry	3	4
有意思	yys	1	3
友谊赛	yys	2	3
营养素	yys	3	3
越野赛	yys	4	3
要有思想准备	yysb	1	4
有意思的	yysd	1	4
一隅三反	yysf	2	4
英语四级	yysj	2	4
谣言四起	yysq	1	4
有意思的是	yysu	2	4
意有所指	yysv	2	4
夜有所想	yysx	1	4
悠悠岁月	yysy	2	4
原因所在	yysz	1	4
愉悦送走	yysz	2	4
意义所在	yysz	3	4
有一天	yyt	2	3
摇摇头	yyt	3	3
有一套	yyt	4	3
有一腿	yyt	5	3
一言堂	yyt	6	3
营业厅	yyt	7	3
艳阳天	yyt	8	3
应用题	yyt	9	3
音乐厅	yyt	10	3
衣原体	yyt	11	3
应予通报	yytb	1	4
一夜天光	yytg	1	4
语音通话	yyth	2	4
月牙天冲	yyti	2	4
应用推荐	yytj	1	4
冤有头，债有主	yytv	1	4
冤有头债有主	yytv	2	4
应用统计学	yytx	1	4
有一手	yyu	1	3
有意识	yyu	2	3
运营商	yyu	3	3
饮用水	yyu	4	3
营养师	yyu	5	3
眼药水	yyu	6	3
应用商店	yyud	1	4
夜夜笙歌	yyug	2	4
应用市场	yyui	3	4
意义上看	yyuk	1	4
有约束力	yyul	1	4
予以说明	yyum	1	4
有一事相求	yyuq	1	4
语音输入	yyur	1	4
营业收入	yyur	2	4
吟游诗人	yyur	3	4
逸一时，误一世	yyuu	3	4
燕云十六声	yyuu	4	4
应用数学	yyux	1	4
哑言失笑	yyux	2	4
营业声线	yyux	3	4
有一说一	yyuy	1	4
引喻失义	yyuy	2	4
意义深远	yyuy	3	4
有一种	yyv	2	3
洋溢着	yyv	3	3
抑郁症	yyv	4	3
一阳指	yyv	5	3
有意者	yyv	6	3
忧郁症	yyv	7	3
语言障碍	yyva	3	4
一一照办	yyvb	1	4
易与之辈	yyvb	2	4
意义重大	yyvd	3	4
云雨之欢	yyvh	1	4
言语之间	yyvj	3	4
悠悠众口	yyvk	1	4
运营助理	yyvl	1	4
阴影质量	yyvl	2	4
勇于追求	yyvq	2	4
有缘之人	yyvr	2	4
以一知万	yyvw	1	4
雨一直下	yyvx	1	4
阴影之下	yyvx	2	4
原因之一	yyvy	1	4
应有之义	yyvy	2	4
月圆之夜	yyvy	3	4
有一阵子	yyvz	1	4
音乐制作	yyvz	2	4
语音转文字	yyvz	3	4
原以为	yyw	2	3
有一位	yyw	3	3
又因为	yyw	4	3
有义务	yyw	5	3
有疑问	yyw	6	3
引以为	yyw	7	3
应用文	yyw	8	3
一眼望不到边	yywb	2	4
圆月弯刀	yywd	2	4
有一无二	yywe	1	4
焉有完卵	yywl	1	4
一夜无眠	yywm	2	4
一眼万年	yywn	1	4
愿意为你	yywn	2	4
一眼望去	yywq	2	4
远远望去	yywq	3	4
一眼望不到头	yywt	1	4
一眼望不到尽头	yywt	2	4
有烟无伤	yywu	3	4
有要务在身	yywu	4	4
营养物质	yywv	2	4
阴阳五行	yywx	1	4
有印象	yyx	2	3
有一些	yyx	3	3
有影响	yyx	4	3
优越性	yyx	5	3
语言学	yyx	6	3
营养学	yyx	7	3
应用性	yyx	8	3
易用性	yyx	9	3
鱼与熊掌不可兼得	yyxd	2	4
语言习惯	yyxg	1	4
阴阳相隔	yyxg	2	4
有印象了	yyxl	1	4
愿意效劳	yyxl	2	4
冤冤相报何时了	yyxl	3	4
炎炎夏日	yyxr	2	4
悠悠醒转	yyxv	1	4
一叶小舟	yyxv	2	4
野原新之助	yyxv	3	4
玉殒香消	yyxx	2	4
欲抑先扬	yyxy	3	4
咬咬牙	yyy	1	3
有一样	yyy	2	3
摇一摇	yyy	3	3
有意义	yyy	4	3
一样样	yyy	5	3
应用于	yyy	6	3
营业员	yyy	7	3
运用于	yyy	8	3
一月一次	yyyc	1	4
有氧运动	yyyd	1	4
也有一点	yyyd	2	4
云雨一番	yyyf	1	4
又有一个	yyyg	1	4
也有一个	yyyg	2	4
永远也不会	yyyh	4	4
育有一女	yyyn	1	4
婴幼用品	yyyp	1	4
月有阴晴圆缺	yyyq	1	4
一月一日	yyyr	1	4
优雅永不过时	yyyu	4	4
一言以蔽之	yyyv	3	4
盈盈一握	yyyw	1	4
盈盈一笑	yyyx	3	4
永野一夏	yyyx	4	4
吚吚呀呀	yyyy	3	4
育有一子	yyyz	2	4
羊腰子	yyz	2	3
也应在	yyz	3	3
样样在行	yyzh	2	4
有缘再见	yyzj	1	4
英语字母	yyzm	1	4
有孕在身	yyzu	1	4
原因在于	yyzy	2	4
意义在于	yyzy	3	4
也在	yz	2	2
样子	yz	3	2
原子笔	yzb	2	3
杨宗保	yzb	3	3
验资报告	yzbg	3	4
有总比没有好	yzbh	2	4
一字不落	yzbl	2	4
疑罪从无	yzcw	1	4
疑罪从有	yzcy	2	4
要做到	yzd	2	3
原子弹	yzd	3	3
以租代购	yzdg	3	4
扬子鳄	yze	2	3
易子而食	yzeu	1	4
月租费	yzf	2	3
圆凿方枘	yzfr	1	4
有资格	yzg	1	3
有则改之无则加勉	yzgm	1	4
一则故事	yzgu	3	4
夜总会	yzh	2	3
原子核	yzh	3	3
一字长蛇	yziu	1	4
一字长蛇阵	yziv	2	4
要自己	yzj	2	3
鱼子酱	yzj	3	3
演奏家	yzj	4	3
院子里	yzl	1	3
亚足联	yzl	2	3
运足力气	yzlq	1	4
燕子李三	yzls	2	4
要怎么	yzm	2	3
又怎么	yzm	3	3
一字马	yzm	4	3
又怎么了	yzml	1	4
又怎么能	yzmn	3	4
又怎么样	yzmy	1	4
原子能	yzn	2	3
言字旁	yzp	2	3
一再强调	yzqt	1	4
有责任	yzr	2	3
与子同袍	yztp	1	4
远在天边，近在眼前	yztq	1	4
远在天边近在眼前	yztq	2	4
与子同裳	yztu	2	4
远在他乡	yztx	2	4
原则上	yzu	2	3
椰子树	yzu	3	3
鸭嘴兽	yzu	4	3
永载史册	yzuc	1	4
影子输入法	yzuf	3	4
一组数据	yzuj	2	4
一再说明	yzum	1	4
有组织	yzv	2	3
原作者	yzv	3	3
演奏者	yzv	4	3
以子之矛，攻子之盾	yzvd	2	4
一族之长	yzvv	1	4
一字之差	yzvx	1	4
有滋味	yzw	1	3
杨宗纬	yzw	2	3
原则问题	yzwt	1	4
有嘴无心	yzwx	1	4
原则性	yzx	2	3
有贼心没贼胆	yzxd	2	4
影子系统	yzxt	2	4
与子偕行	yzxx	3	4
源自于	yzy	2	3
越走越	yzy	3	3
要怎样	yzy	4	3
又怎样	yzy	5	3
演奏员	yzy	6	3
游子吟	yzy	7	3
也在于此	yzyc	2	4
一走一过	yzyg	1	4
越走越近	yzyj	7	4
又脏又累	yzyl	1	4
又怎样呢	yzyn	1	4
越走越偏	yzyp	3	4
一再要求	yzyq	1	4
妍姿艳质	yzyv	1	4
一字一珠	yzyv	2	4
一左一右	yzyy	1	4
越走越远	yzyy	2	4
一座座	yzz	1	3
一组组	yzz	2	3
早安	za	2	2
最爱的	zad	1	3
作案动机	zadj	1	4
作案对象	zadx	1	4
作案分子	zafz	1	4
作案工具	zagj	1	4
作案人员	zary	1	4
作案现场	zaxi	1	4
作案嫌疑	zaxy	1	4
走啊走	zaz	1	3
嘴巴	zb	1	2
坐不安席	zbax	1	4
左半部	zbb	1	3
增补本	zbb	2	3
自爆步兵	zbbb	1	4
左半部分	zbbf	2	4
做不到	zbd	1	3
走不动	zbd	2	3
嘴巴嘟嘟	zbdd	1	4
再不多话	zbdh	1	4
走不动了	zbdl	2	4
总部大楼	zbdl	3	4
罪不当死	zbds	1	4
做不得声	zbdu	1	4
总比分	zbf	1	3
最不发达国家	zbfj	1	4
作弊封禁	zbfj	2	4
再不疯狂我们就老了	zbfl	1	4
再比方说	zbfu	1	4
自卑感	zbg	1	3
作报告	zbg	2	3
资本构成	zbgi	1	4
资本管理	zbgl	1	4
资本规模	zbgm	1	4
总不会	zbh	1	3
做不好	zbh	2	3
资本回报	zbhb	1	4
做不出	zbi	1	3
做不成	zbi	2	3
在别处	zbi	3	3
早班车	zbi	4	3
再不济	zbj	1	3
资本家	zbj	2	3
做笔记	zbj	3	3
总编辑	zbj	4	3
增白剂	zbj	5	3
凿壁借光	zbjg	1	4
在不久的将来	zbjl	1	4
走不开	zbk	1	3
自爆卡车	zbki	1	4
总不可能	zbkn	1	4
做不了	zbl	1	3
走不了	zbl	2	3
资本论	zbl	3	3
作不了怪	zblg	1	4
脏不拉叽	zblj	1	4
做不了主	zblv	1	4
走遍美国	zbmg	1	4
总不能	zbn	1	3
再不能	zbn	2	3
最不能	zbn	3	3
早八男大	zbnd	1	4
总不能说	zbnu	1	4
滋补品	zbp	1	3
坐便器	zbq	1	3
再比如	zbr	1	3
再不然	zbr	2	3
做白日梦	zbrm	1	4
嘴不饶人	zbrr	1	4
再比如说	zbru	1	4
最不容易	zbry	2	4
走不脱	zbt	1	3
早半天儿	zbte	1	4
在不同情况下	zbtx	1	4
自白书	zbu	1	3
资本社会	zbuh	1	4
资本输出	zbui	2	4
坐不住	zbv	1	3
遭不住	zbv	2	3
自闭症	zbv	3	3
坐标轴	zbv	4	3
坐标纸	zbv	5	3
罪不至此	zbvc	1	4
咋不知道	zbvd	1	4
资本主义制度	zbvd	2	4
资本主义社会	zbvh	1	4
暂不支持	zbvi	1	4
资本主义国家	zbvj	1	4
坐不住了	zbvl	1	4
资本主义道路	zbvl	2	4
坐北朝南	zbvn	1	4
罪不至死	zbvs	1	4
兹不赘述	zbvu	1	4
做不完	zbw	1	3
自摆乌龙	zbwl	1	4
坐标系	zbx	1	3
自卑心理	zbxl	1	4
自北向南	zbxn	1	4
坐标系统	zbxt	1	4
遭报应	zby	1	3
走不远	zby	2	3
再不要	zby	3	3
左闭右开	zbyk	1	4
在不远的将来	zbyl	1	4
嘴巴一张	zbyv	1	4
资本运营	zbyy	1	4
资本运作	zbyz	1	4
在不在	zbz	1	3
走不走	zbz	2	3
嘴巴子	zbz	3	3
扎辫子	zbz	4	3
自编自导	zbzd	1	4
贼不走空	zbzk	1	4
咋不早说	zbzu	1	4
在不在线	zbzx	1	4
自编自导自演	zbzy	2	4
再次	zc	2	2
自从	zc	3	2
紫菜包饭	zcbf	1	4
字词避重	zcbi	1	4
在此不一一赘述	zcbu	1	4
遭此不幸	zcbx	1	4
子菜单	zcd	2	3
紫菜蛋花汤	zcdt	1	4
字词分离	zcfl	1	4
再次发生	zcfu	2	4
走错方向	zcfx	1	4
遵从规律	zcgl	1	4
再次感谢	zcgx	1	4
总策划	zch	2	3
字词混频	zchp	1	4
再次出现	zcix	1	4
字词句	zcj	2	3
在此基础	zcji	1	4
字词解释	zcju	4	4
在此基础上	zcju	5	4
组策略	zcl	1	3
总参谋	zcm	1	3
总裁判	zcp	2	3
走错片场了	zcpl	1	4
再次强调	zcqt	1	4
自残倾向	zcqx	1	4
做错事	zcu	1	3
总裁助理	zcvl	2	4
走错一步	zcyb	2	4
遭此意外	zcyw	1	4
作词作曲	zczq	1	4
做到	zd	2	2
走到	zd	3	2
子弟兵	zdb	1	3
总代表	zdb	2	3
增订本	zdb	3	3
自动保存	zdbc	1	4
做得不错	zdbc	2	4
做的不错	zdbc	3	4
自动扳机	zdbj	2	4
自动补全	zdbq	2	4
贼胆包天	zdbt	1	4
最低保障	zdbv	1	4
最毒不过妇人心	zdbx	1	4
遭到报应	zdby	1	4
做得不怎样	zdby	2	4
最底层	zdc	1	3
最低层	zdc	2	3
遭到挫折	zdcv	1	4
再等等	zdd	1	3
做得到	zdd	2	3
做得对	zdd	3	3
自动挡	zdd	4	3
最低点	zdd	5	3
自动断电	zddd	1	4
自动对焦	zddj	1	4
自动登录	zddl	1	4
最大的问题	zddt	1	4
坐到地上	zddu	3	4
子弹短信	zddx	1	4
在大多数情况下	zddx	2	4
早点儿	zde	1	3
早点儿睡	zdeu	1	4
最低分	zdf	2	3
最毒妇人心	zdfx	1	4
自动关闭	zdgb	1	4
自动滚屏	zdgp	1	4
自动跟随	zdgs	1	4
最大公约数	zdgu	1	4
自动更新	zdgx	1	4
做点贡献	zdgx	2	4
走得更远	zdgy	1	4
早得贵子	zdgz	1	4
最低工资	zdgz	2	4
做得好	zdh	1	3
最大化	zdh	2	3
自动化	zdh	3	3
做得很不错	zdhc	2	4
自动回复	zdhf	1	4
自动换行	zdhh	1	4
坐地还钱	zdhq	1	4
早点回去	zdhq	2	4
自带混响	zdhx	3	4
最大程度	zdid	1	4
最低价	zdj	1	3
尊嘟假嘟	zdjd	1	4
最低价格	zdjg	1	4
自动加速	zdjs	1	4
子弹壳	zdk	1	3
自动开关	zdkg	1	4
自动控制原理	zdkl	1	4
最大可能	zdkn	1	4
走到了	zdl	1	3
做到了	zdl	2	3
遭到了	zdl	3	3
咋的了	zdl	4	3
总代理	zdl	5	3
自动门	zdm	1	3
藏地密码	zdmm	2	4
子盗母气	zdmq	1	4
最大努力	zdnl	1	4
走到哪里	zdnl	2	4
走到哪算哪	zdnn	2	4
坐地排卵	zdpl	1	4
左对齐	zdq	1	3
自动求和	zdqh	1	4
早点起床	zdqi	1	4
自动清除	zdqi	2	4
自带气场	zdqi	3	4
坐地起价	zdqj	1	4
自动取款机	zdqj	2	4
自动清理	zdql	2	4
早点起来	zdql	3	4
最低气温	zdqw	1	4
自动取消	zdqx	1	4
坐地日行八万里	zdrl	1	4
最大速度	zdsd	1	4
自动锁定	zdsd	2	4
自动锁敌	zdsd	3	4
做点什么	zdsm	1	4
坐地铁	zdt	1	3
子弹头	zdt	2	3
早稻田	zdt	3	3
最大特点	zdtd	1	4
自动退出	zdti	2	4
自动填充	zdti	3	4
自动调节	zdtj	1	4
自动调频	zdtp	1	4
自动跳转	zdtv	1	4
自动停止	zdtv	2	4
早点睡	zdu	1	3
做点事	zdu	2	3
走读生	zdu	3	3
最大数	zdu	4	3
遭到失败	zdub	1	4
早点睡吧	zdub	2	4
早点睡觉	zduj	1	4
最短时间	zduj	2	4
子弹时间	zduj	3	4
自动上屏	zdup	1	4
自动拾取	zduq	1	4
组队申请	zduq	2	4
自动输入	zdur	1	4
子弹上膛	zdut	1	4
最低生活保障	zduv	2	4
在多数情况下	zdux	2	4
总舵主	zdv	1	3
作斗争	zdv	2	3
最大值	zdv	3	3
最大障碍	zdva	1	4
自动追击	zdvj	2	4
最多只能	zdvn	1	4
走得正行得直	zdvv	1	4
最低温	zdw	1	3
自带碗筷	zdwk	1	4
最大问题	zdwt	1	4
脏东西	zdx	1	3
紫丁香	zdx	2	3
最低限度	zdxd	2	4
最低限额	zdxe	1	4
自动寻路	zdxl	2	4
自动消失	zdxu	2	4
自动选中	zdxv	1	4
自动旋转	zdxv	2	4
自东向西	zdxx	3	4
最大心愿	zdxy	1	4
自动修音	zdxy	2	4
自定义	zdy	2	3
总动员	zdy	3	3
走大运	zdy	4	3
兹定于	zdy	5	3
阻断药	zdy	6	3
自动隐藏	zdyc	2	4
左等右等	zdyd	1	4
走到一个	zdyg	1	4
再等一会	zdyh	3	4
左等右盼	zdyp	1	4
最低要求	zdyq	1	4
组队邀请	zdyq	2	4
走动一下	zdyx	1	4
自定义短语	zdyy	2	4
自动造词	zdzc	2	4
自动作废	zdzf	1	4
做大做强	zdzq	1	4
总打总算	zdzs	1	4
杂而不精	zebj	1	4
杂而不乱	zebl	2	4
坐而待毙	zedb	1	4
左耳朵进右耳朵出	zedi	1	4
左耳朵进，右耳朵出	zedi	2	4
左耳朵进	zedj	1	4
罪恶感	zeg	1	3
昨儿个	zeg	2	3
罪恶勾当	zegd	1	4
总额巨大	zejd	1	4
足额领取	zelq	1	4
罪恶王冠	zewg	1	4
蕞尔小国	zexg	1	4
罪恶行径	zexj	1	4
做法	zf	2	2
做饭	zf	3	2
造福百姓	zfbx	1	4
最发达	zfd	2	3
自费购买	zfgm	1	4
宗法观念	zfgn	1	4
作风过硬	zfgy	1	4
租房合同	zfht	1	4
字符串	zfi	1	3
坐飞机	zfj	1	3
字符集	zfj	2	3
自罚两杯	zflb	1	4
自费留学	zflx	1	4
祖父母	zfm	1	3
祖坟冒青烟	zfmy	1	4
再分配	zfp	1	3
造反派	zfp	2	3
造福人类	zfrl	1	4
造福人民	zfrm	1	4
自罚三杯	zfsb	1	4
走访调查	zfti	1	4
自费生	zfu	1	3
总方针	zfv	1	3
作风正派	zfvp	1	4
砸饭碗	zfw	1	3
自废武功	zfwg	1	4
做俯卧撑	zfwi	1	4
自发性	zfx	1	3
总复习	zfx	2	3
自发宣传	zfxi	1	4
总费用	zfy	1	3
子非鱼	zfy	2	3
自罚一杯	zfyb	2	4
再发一遍	zfyb	3	4
作风优良	zfyl	1	4
作赋吟诗	zfyu	1	4
字符样式	zfyu	2	4
在发言中	zfyv	1	4
租房子	zfz	1	3
祖父祖母	zfzm	1	4
造福子孙	zfzs	1	4
足够	zg	2	2
走过	zg	3	2
子宫癌	zga	2	3
最根本	zgb	1	3
字根表	zgb	2	3
最根本的	zgbd	2	4
最高标准	zgbv	1	4
在个别情况下	zgbx	2	4
最高层	zgc	2	3
造个词	zgc	3	3
足够多	zgd	1	3
足够大	zgd	2	3
最高点	zgd	3	3
自古道	zgd	4	3
自古到今	zgdj	1	4
糟糕的是	zgdu	1	4
最高的山	zgdu	2	4
自古对波左边输	zgdu	3	4
自个儿	zge	1	3
最高峰	zgf	1	3
最高分	zgf	2	3
早高峰	zgf	3	3
曾国藩	zgf	4	3
做广告	zgg	1	3
奏国歌	zgg	2	3
祖国各地	zggd	1	4
走个过场	zggi	1	4
最高纲领	zggl	2	4
足够好	zgh	1	3
总工会	zgh	2	3
做个好梦	zghm	1	4
自古红蓝出cp	zghp	1	4
走过场	zgi	1	3
坐观成败	zgib	1	4
自甘沉沦	zgil	1	4
总感觉	zgj	2	3
最关键	zgj	3	3
总冠军	zgj	4	3
最高级	zgj	5	3
最高检	zgj	6	3
最高奖	zgj	7	3
子宫颈	zgj	8	3
增高架	zgj	9	3
最关键的	zgjd	1	4
最高境界	zgjj	1	4
再过几年	zgjn	1	4
再过几天	zgjt	1	4
字根键位图	zgjt	2	4
最关键的是	zgju	1	4
做工精致	zgjv	1	4
资格考试	zgku	1	4
走过来	zgl	1	3
足够了	zgl	2	3
走过了	zgl	3	3
做鬼脸	zgl	4	3
最给力	zgl	5	3
走过来的	zgld	1	4
做个了断	zgld	2	4
走过路过	zglg	1	4
走过路过不要错过	zglg	2	4
走过路过千万不要错过	zglg	3	4
做个了结	zglj	1	4
再过两年	zgln	1	4
最高领导人	zglr	1	4
尊贵礼物	zglw	1	4
最高理想	zglx	1	4
在干嘛	zgm	1	3
总规模	zgm	2	3
在干嘛呢	zgmn	1	4
在国内	zgn	1	3
自耕农	zgn	2	3
走过去	zgq	1	3
在过去	zgq	2	3
子宫切除	zgqi	1	4
做个人吧	zgrb	1	4
早该如此	zgrc	1	4
祖国人民	zgrm	1	4
最高人民法院	zgry	1	4
最高人民检察院	zgry	2	4
子公司	zgs	1	3
总公司	zgs	2	3
走钢丝	zgs	3	3
资格赛	zgs	4	3
最高速度	zgsd	1	4
栽跟头	zgt	1	3
坐高铁	zgt	2	3
字根图	zgt	3	3
糟糕透顶	zgtd	1	4
子宫脱垂	zgti	1	4
糟糕透了	zgtl	1	4
总干事	zgu	1	3
最高时速	zgus	1	4
做个实验	zguy	1	4
走狗屎运	zguy	2	4
资格证	zgv	1	3
糟糕之极	zgvj	1	4
最高指令	zgvl	1	4
自古正邪不两立	zgvl	2	4
最高战力	zgvl	3	4
资格证明	zgvm	1	4
最高指示	zgvu	1	4
资格证书	zgvu	2	4
最高温	zgw	1	3
作贡献	zgx	1	3
最高学府	zgxf	1	4
最感兴趣	zgxq	1	4
最关心的问题	zgxt	1	4
走个形式	zgxu	1	4
子宫炎	zgy	1	3
做鬼也风流	zgyl	2	4
自古英雄出少年	zgyn	1	4
做个样子	zgyz	1	4
自顾自	zgz	2	3
做工作	zgz	3	3
总会	zh	2	2
最后	zh	3	2
纵火案	zha	1	3
最好不过	zhbg	2	4
做好笔记	zhbj	1	4
走好不送	zhbs	1	4
综合表现	zhbx	1	4
最好不要	zhby	1	4
杂货店	zhd	1	3
自豪地	zhd	2	3
最后的晚餐	zhdc	1	4
最好的办法	zhdf	1	4
在很多时候	zhdh	1	4
在很多方面	zhdm	1	4
在很短的时间内	zhdn	1	4
作何打算	zhds	1	4
最坏打算	zhds	2	4
在很大程度上	zhdu	1	4
最后的希望	zhdw	1	4
最后的波纹	zhdw	2	4
纵火犯	zhf	1	3
做好防范	zhff	1	4
组合方式	zhfu	2	4
作何反应	zhfy	1	4
自豪感	zhg	1	3
组合柜	zhg	2	3
综合规划	zhgh	1	4
最后关键	zhgj	1	4
最后关头	zhgt	1	4
作何感想	zhgx	1	4
脏乎乎	zhh	1	3
自行车	zhi	1	3
坐火车	zhi	2	3
做好充分准备	zhib	1	4
最好成绩	zhij	1	4
灾后重建	zhij	2	4
走回家	zhj	1	3
组合键	zhj	2	3
作何决定	zhjd	1	4
最后结果	zhjg	1	4
最后机会	zhjh	2	4
做好计划	zhjh	3	4
作何解释	zhju	1	4
做好觉悟	zhjw	1	4
最后将要	zhjy	1	4
最好看	zhk	1	3
综合考察	zhki	1	4
最好可以	zhky	1	4
综合楼	zhl	1	3
载货量	zhl	2	3
做好了准备	zhlb	1	4
字海两分	zhlf	1	4
脏活累活	zhlh	1	4
综合来说	zhlu	1	4
走后门	zhm	1	3
再好没有	zhmy	1	4
最后没有	zhmy	2	4
最好能	zhn	2	3
最好能够	zhng	1	4
最后难关	zhng	2	4
综合能力	zhnl	1	4
皂滑弄人	zhnr	2	4
杂货铺	zhp	1	3
综合评价	zhpj	1	4
作何评价	zhpj	2	4
最后却	zhq	1	3
组合拳	zhq	2	3
最后期限	zhqx	1	4
自毁倾向	zhqx	2	4
怎会如此	zhrc	1	4
紫红色	zhs	1	3
枣红色	zhs	2	3
做好思想准备	zhsb	1	4
综合素质	zhsv	1	4
综合体	zht	1	3
嘴好甜	zht	2	3
咋回事	zhu	1	3
最好是	zhu	2	3
最合适	zhu	3	3
做好事	zhu	4	3
做坏事	zhu	5	3
组合式	zhu	6	3
综合商店	zhud	1	4
自花授粉	zhuf	2	4
再合适不过	zhug	1	4
最后时刻	zhuk	1	4
综合实力	zhul	1	4
最后胜利	zhul	2	4
综合收益	zhuy	1	4
综合症	zhv	1	3
做好准备	zhvb	1	4
作何准备	zhvb	2	4
最后只能	zhvn	1	4
在河之洲	zhvv	1	4
最好这样	zhvy	1	4
做好准备工作	zhvz	2	4
最后问题	zhwt	1	4
综合性	zhx	2	3
自画像	zhx	3	3
杂合型	zhx	4	3
做好心理准备	zhxb	1	4
综合信息	zhxx	2	4
作何选择	zhxz	1	4
最后一	zhy	1	3
总会有	zhy	2	3
最后一遍	zhyb	1	4
最后一步	zhyb	2	4
最后一波	zhyb	3	4
最后一次	zhyc	1	4
最后一点	zhyd	1	4
最后一段	zhyd	2	4
最后一个	zhyg	1	4
最后一行	zhyh	1	4
最后一环	zhyh	2	4
最后一击	zhyj	1	4
最后一句	zhyj	2	4
最后一刻	zhyk	1	4
最后一公里	zhyl	1	4
最后一秒	zhym	1	4
最后一名	zhym	2	4
最后一张牌	zhyp	1	4
最后一口气	zhyq	1	4
最后一天	zhyt	1	4
最后一首	zhyu	2	4
最后一种	zhyv	1	4
最后一分钟	zhyv	2	4
最后一张	zhyv	3	4
最后一位	zhyw	1	4
综合医院	zhyy	1	4
最后一眼	zhyy	2	4
造成	zi	2	2
组成	zi	3	2
总成本	zib	2	3
增长点	zid	2	3
走出低谷	zidg	1	4
最长的河	zidh	2	4
坐吃等死	zids	2	4
早产儿	zie	2	3
造成恶果	zieg	1	4
藏传佛教	zifj	2	4
做出反馈	zifk	1	4
做出规定	zigd	2	4
作出规定	zigd	3	4
走出国门	zigm	1	4
做出贡献	zigx	1	4
作出贡献	zigx	2	4
做出恢复	zihf	1	4
增长缓慢	zihm	1	4
做出回应	zihy	1	4
造船厂	zii	2	3
资产处	zii	3	3
做出承诺	ziin	2	4
最常见	zij	2	3
总成绩	zij	3	3
做出决定	zijd	1	4
祖传技能	zijn	2	4
资产阶级专政	zijv	2	4
走出考场	ziki	1	4
走出困境	zikj	2	4
做出了	zil	1	3
走出来	zil	2	3
造成了	zil	3	3
做出来	zil	4	3
作出了	zil	5	3
总产量	zil	6	3
嘴臭老哥	zilg	1	4
资产流失	zilu	2	4
最初目的	zimd	1	4
泽城美雪	zimx	1	4
滋长蔓延	zimy	1	4
做出努力	zinl	1	4
作出努力	zinl	2	4
赞成票	zip	1	3
做出判断	zipd	3	4
祖传配方	zipf	1	4
资产评估	zipg	1	4
造成破坏	ziph	1	4
作出评价	zipj	1	4
走出去	ziq	2	3
增长趋势	ziqu	2	4
造成损害	zish	1	4
增长态势	zitu	1	4
自称是	ziu	1	3
造成事故	ziug	4	4
增长势头	ziut	1	4
总产值	ziv	1	3
资产注入	zivr	3	4
字丑勿怪	ziwg	2	4
子程序	zix	2	3
增长性	zix	3	3
再创新低	zixd	1	4
再创新高	zixg	1	4
做出选择	zixz	1	4
作出选择	zixz	2	4
最重要	ziy	2	3
造船业	ziy	3	3
走出阴霾	ziym	2	4
组成元素	ziys	2	4
造成影响	ziyx	1	4
砸场子	ziz	2	3
再创造	ziz	3	3
自己	zj	2	2
增加	zj	3	2
最近	zj	4	2
最基本	zjb	1	3
贼鸡巴	zjb	2	3
最基本的	zjbd	1	4
最近半年的朋友圈	zjbq	2	4
早就不是	zjbu	2	4
最佳辩手	zjbu	3	4
杂技表演	zjby	1	4
左脚踩右脚	zjcj	1	4
左脚踩右脚上天	zjct	1	4
自己的	zjd	2	3
总觉得	zjd	3	3
自觉地	zjd	4	3
做决定	zjd	5	3
最简单	zjd	6	3
增加到	zjd	7	3
走极端	zjd	8	3
租借地	zjd	9	3
最简单的	zjdd	1	4
尊敬的领导	zjdd	2	4
再经典不过	zjdg	1	4
自己动手	zjdu	1	4
最佳的选择	zjdz	1	4
总金额	zje	2	3
贼鸡儿	zje	3	3
自建房	zjf	1	3
自己方便	zjfb	1	4
最佳方法	zjff	1	4
最佳方式	zjfu	1	4
造价高	zjg	2	3
总机构	zjg	3	3
资金规模	zjgm	1	4
在家干嘛	zjgm	2	4
增进感情	zjgq	1	4
走江湖	zjh	2	3
紫荆花	zjh	3	3
总结会	zjh	4	3
宗教活动	zjhd	1	4
纵酒欢歌	zjhg	1	4
资金回笼	zjhl	2	4
在家好种田	zjht	1	4
座机画质	zjhv	1	4
紫禁城	zji	2	3
再基础不过	zjig	2	4
最接近	zjj	1	3
走捷径	zjj	2	3
遭拒绝	zjj	3	3
字间距	zjj	4	3
自己决定	zjjd	1	4
最近几天	zjjt	1	4
总结教训	zjjx	2	4
字迹娟秀	zjjx	3	4
自己看	zjk	1	3
最近可好	zjkh	1	4
自己控制不住自己	zjkj	1	4
在京开幕	zjkm	1	4
走近科学	zjkx	1	4
早就可以	zjky	1	4
走进了	zjl	2	3
在家里	zjl	3	3
增加了	zjl	4	3
走进来	zjl	5	3
总经理	zjl	6	3
资金链	zjl	7	3
总教练	zjl	8	3
走近路	zjl	9	3
字迹潦草	zjlc	1	4
资金链断裂	zjll	2	4
走进门	zjm	1	3
在家吗	zjm	2	3
紫极魔瞳	zjmt	1	4
在今年	zjn	1	3
增加难度	zjnd	1	4
在杰难逃	zjnt	2	4
资金盘	zjp	1	3
走脚旁	zjp	2	3
钻井平台	zjpt	1	4
走进去	zjq	2	3
钻进去	zjq	3	3
自家球门	zjqm	2	4
踪迹全无	zjqw	1	4
自己人	zjr	2	3
自家人	zjr	3	3
自家人打自家人	zjrr	1	4
早就认识	zjru	1	4
宗教人士	zjru	2	4
早就认为	zjrw	1	4
最佳人选	zjrx	1	4
总结如下	zjrx	2	4
再就是	zjs	1	3
总决赛	zjs	2	3
最近三天的朋友圈	zjsq	1	4
杂技团	zjt	1	3
字节跳动	zjtd	1	4
宗教体系	zjtx	1	4
增加投资	zjtz	1	4
再加上	zju	1	3
再就是	zju	2	3
早就是	zju	3	3
字节数	zju	4	3
杂交水稻	zjud	1	4
最近删除	zjui	2	4
最佳时机	zjuj	1	4
左键双击	zjuj	2	4
嘴尖舌快	zjuk	1	4
嘴尖舌头快	zjuk	2	4
最具说服力	zjul	1	4
增加收入	zjur	1	4
咱就是说	zjuu	1	4
尊敬师长	zjuv	1	4
自己手中	zjuv	2	4
宗教事务	zjuw	1	4
嘴角上扬	zjuy	1	4
最近使用	zjuy	2	4
在家中	zjv	1	3
总价值	zjv	2	3
阻击战	zjv	3	3
杂交种	zjv	4	3
增加值	zjv	5	3
早就知道	zjvd	1	4
紫禁之巅	zjvd	2	4
总角之交	zjvj	1	4
早就知道了	zjvl	1	4
最佳状态	zjvt	1	4
作家助手	zjvu	3	4
自荐枕席	zjvx	1	4
早就这样	zjvy	1	4
资金外流	zjwl	1	4
早九晚五	zjww	2	4
总结性	zjx	1	3
自觉性	zjx	2	3
自荐信	zjx	3	3
自己心里清楚	zjxi	1	4
自己吓自己	zjxj	1	4
早就有	zjy	1	3
做嫁衣	zjy	2	3
自驾游	zjy	3	3
再教育	zjy	4	3
再就业	zjy	5	3
早就应该如此	zjyc	1	4
自觉一点	zjyd	2	4
早就应该	zjyg	1	4
早就已经	zjyj	1	4
最近一段时间	zjyj	2	4
走近一看	zjyk	1	4
最近以来	zjyl	1	4
自绝于民	zjym	1	4
自己一个人	zjyr	1	4
自己一人	zjyr	2	4
最佳优先搜索	zjys	2	4
最佳优先	zjyx	1	4
杂技演员	zjyy	1	4
自觉遵守	zjzu	1	4
宗教组织	zjzv	1	4
宗教自由	zjzy	2	4
自给自足	zjzz	3	4
最快	zk	1	2
走开	zk	2	2
足控福利	zkfl	1	4
做苦工	zkg	1	3
总开关	zkg	2	3
坐困愁城	zkii	1	4
再看看	zkk	1	3
在考虑	zkl	1	3
自控力	zkl	2	3
则可能	zkn	1	3
最困难	zkn	2	3
最可怕的	zkpd	1	4
最可气的是	zkqu	1	4
最快速度	zksd	1	4
最开始	zku	1	3
躁狂症	zkv	1	3
总开销	zkx	1	3
左框线	zkx	2	3
则可以	zky	1	3
再看一遍	zkyb	1	4
左开右闭	zkyb	2	4
左看右看	zkyk	1	4
再看一眼	zkyy	1	4
钻空子	zkz	1	3
走开走开	zkzk	1	4
再苦再累	zkzl	1	4
赃款赃物	zkzw	1	4
做了	zl	1	2
走了	zl	2	2
做礼拜	zlb	1	3
做了错饭	zlcf	1	4
做了错事	zlcu	1	4
自留地	zld	1	3
做了对饭	zldf	1	4
总揽大局	zldj	1	4
总揽大权	zldq	1	4
遭了毒手	zldu	1	4
最靓的仔	zldz	1	4
总理府	zlf	1	3
做零工	zlg	1	3
总领馆	zlg	2	3
走了过来	zlgl	1	4
做了个梦	zlgm	1	4
走了过去	zlgq	1	4
栽了跟头	zlgt	1	4
资料共享	zlgx	1	4
增量更新	zlgx	2	4
走了狗屎运	zlgy	1	4
资料盒	zlh	1	3
赞零回复惨案	zlha	1	4
最厉害的	zlhd	1	4
租赁合同	zlht	1	4
脏乱差	zli	1	3
租赁承包	zlib	1	4
走了出来	zlil	1	4
钻了出来	zlil	2	4
走了出去	zliq	1	4
资料查询	zlix	1	4
资料夹	zlj	1	3
自流井	zlj	2	3
走了几步	zljb	1	4
杂粮煎饼	zljb	2	4
走了进来	zljl	1	4
资料介绍	zlju	1	4
资料库	zlk	1	3
钻了空子	zlkz	1	4
紫罗兰	zll	1	3
贼溜溜	zll	2	3
走老路	zll	3	3
走了两步	zllb	1	4
走漏了风声	zllu	1	4
资料来源	zlly	1	4
遭了老罪	zllz	1	4
在里面	zlm	1	3
走路瞄地	zlmd	1	4
在两年后	zlnh	1	4
自理能力	zlnl	1	4
资料片	zlp	1	3
遭雷劈	zlp	2	3
左轮枪	zlq	1	3
资力浅	zlq	2	3
坐了起来	zlql	1	4
走了起来	zlql	2	4
糟老头	zlt	1	3
棕榈炭	zlt	2	3
糟老头子	zltz	1	4
在路上	zlu	1	3
自来熟	zlu	2	3
自来水	zlu	3	3
啫喱水	zlu	4	3
资料室	zlu	5	3
总领事	zlu	6	3
做了手脚	zluj	1	4
造了什么孽	zlun	1	4
自立山头	zlut	1	4
自乱阵脚	zlvj	1	4
总揽朝政	zlvv	1	4
藻类植物	zlvw	1	4
自立为王	zlww	1	4
最理想	zlx	1	3
自律性	zlx	2	3
总路线	zlx	3	3
字里行间	zlxj	1	4
坐了下来	zlxl	1	4
走漏消息	zlxx	1	4
再利用	zly	1	3
坐落于	zly	2	3
藏羚羊	zly	3	3
再来一遍	zlyb	1	4
再来亿遍	zlyb	2	4
再来一次	zlyc	1	4
揍了一顿	zlyd	1	4
做了一个	zlyg	1	4
走了一个	zlyg	2	4
坐了一会	zlyh	1	4
在另一方面	zlym	1	4
再来一瓶	zlyp	1	4
嘴里一套	zlyt	1	4
走了走	zlz	1	3
坐落在	zlz	2	3
造轮子	zlz	3	3
咋啦咋啦	zlzl	1	4
遭老罪了	zlzl	2	4
走来走去	zlzq	1	4
自立自强	zlzq	2	4
自律组织	zlzv	1	4
怎么	zm	1	2
咱们	zm	2	2
字母	zm	3	2
曾母暗沙	zmau	1	4
怎么办	zmb	1	3
怎么不	zmb	2	3
怎么把	zmb	3	3
咱们班	zmb	4	3
走猫步	zmb	5	3
字母表	zmb	6	3
总目标	zmb	7	3
怎么办啊	zmba	1	4
怎么不知道	zmbd	1	4
怎么办才好	zmbh	1	4
怎么办呢	zmbn	1	4
怎么不能	zmbn	2	4
琢磨不透	zmbt	1	4
怎么不是	zmbu	1	4
怎么不行	zmbx	1	4
攒眉蹙额	zmce	1	4
怎么才能	zmcn	1	4
怎么操作	zmcz	1	4
怎么都	zmd	1	3
走马灯	zmd	2	3
怎么的	zmd	3	3
咱们的	zmd	4	3
怎么读	zmd	5	3
怎么地吧	zmdb	1	4
做梦都没想到	zmdd	1	4
做梦都没有想到	zmdd	2	4
怎么都是	zmdu	1	4
做梦都想	zmdx	1	4
做梦都能笑醒	zmdx	2	4
罪莫大焉	zmdy	2	4
择木而栖	zmeq	1	4
怎么肥四	zmfs	1	4
怎么肥事	zmfu	1	4
怎么个	zmg	1	3
怎么搞	zmg	2	3
怎么干	zmg	3	3
怎么过	zmg	4	3
怎么改	zmg	5	3
怎么搞的	zmgd	1	4
怎么敢当	zmgd	2	4
怎么感觉	zmgj	1	4
怎么个事	zmgu	1	4
怎么会	zmh	1	3
怎么还	zmh	2	3
怎么好	zmh	3	3
姊妹花	zmh	4	3
怎么还不	zmhb	1	4
怎么会呢	zmhn	1	4
怎么回事呢	zmhn	2	4
怎么会是呢	zmhn	3	4
怎么会是	zmhu	2	4
怎么会这样	zmhy	1	4
怎么还有	zmhy	2	4
怎么会有	zmhy	3	4
怎么还在	zmhz	1	4
怎么会在	zmhz	2	4
在某处	zmi	1	3
怎么称呼	zmih	2	4
怎么处理	zmil	2	4
怎么就	zmj	1	3
怎么讲	zmj	2	3
总面积	zmj	3	3
字母键	zmj	4	3
怎么解决	zmjj	1	4
怎么进入	zmjr	1	4
怎么解释	zmju	1	4
怎么看	zmk	1	3
怎么可能	zmkn	1	4
怎么可以	zmky	1	4
怎么可以这样	zmky	2	4
怎么了	zml	1	3
怎么啦	zml	2	3
祖母绿	zml	3	3
子目录	zml	4	3
怎么了啊	zmla	1	4
怎么了得	zmld	1	4
怎么来着	zmlv	1	4
做买卖	zmm	1	3
做梦没想到	zmmd	1	4
怎么没有	zmmy	1	4
怎么能	zmn	1	3
怎么弄	zmn	2	3
怎么能够	zmng	1	4
怎么你了	zmnl	1	4
怎么那么	zmnm	1	4
怎么能是	zmnu	1	4
怎么破	zmp	1	3
姊妹篇	zmp	2	3
奏鸣曲	zmq	1	3
自贸区	zmq	2	3
最密切	zmq	3	3
字母区	zmq	4	3
怎么让	zmr	1	3
在某人看来	zmrl	1	4
怎么忍心	zmrx	1	4
怎么算	zms	1	3
怎么死的	zmsd	1	4
怎么死的都不知道	zmsd	2	4
自媒体	zmt	1	3
赞美太阳	zmty	1	4
怎么是	zmu	1	3
字面上	zmu	2	3
怎么说	zmu	3	3
做某事	zmu	4	3
怎么说的	zmud	1	4
最萌身高差	zmui	1	4
宗庙社稷	zmuj	1	4
怎么说呢	zmun	1	4
怎么着	zmv	1	3
怎么知道	zmvd	1	4
怎么知道的	zmvd	2	4
髭毛乍鬼	zmvg	1	4
怎么着了	zmvl	1	4
怎么这么	zmvm	1	4
在某种程度上	zmvu	1	4
在某种意义上	zmvu	2	4
在某种情况下	zmvx	1	4
怎么这样	zmvy	2	4
怎么玩	zmw	1	3
锃明瓦亮	zmwl	1	4
字母文字	zmwz	1	4
怎么行	zmx	1	3
怎么写	zmx	2	3
怎么想的	zmxd	1	4
在某些人看来	zmxl	1	4
在某些方面	zmxm	1	4
在某些情况下	zmxx	1	4
造梦西游	zmxy	1	4
怎么现在	zmxz	1	4
怎么样	zmy	1	3
怎么也	zmy	2	3
怎么又	zmy	3	3
怎么用	zmy	4	3
怎么样啊	zmya	1	4
怎么样的	zmyd	1	4
怎么有点	zmyd	2	4
做梦也没想到	zmyd	3	4
最末一个	zmyg	1	4
怎么样了	zmyl	1	4
怎么样呢	zmyn	1	4
怎么也能	zmyn	2	4
字面意思	zmys	1	4
怎么又是	zmyu	1	4
怎么也是	zmyu	2	4
赞美愚者	zmyv	1	4
怎么也在	zmyz	1	4
怎么做	zmz	1	3
怎么走	zmz	2	3
字幕组	zmz	3	3
怎么做到	zmzd	1	4
做没做过	zmzg	1	4
怎么怎么	zmzm	1	4
早买早享受	zmzu	1	4
坐没坐相	zmzx	1	4
灾难	zn	1	2
在内	zn	2	2
在那边	znb	1	3
在内的	znd	1	3
在哪都一样	zndy	1	4
在哪儿	zne	1	3
在那儿	zne	2	3
最能反映	znfy	1	4
在那个	zng	1	3
在哪个	zng	2	3
最能够	zng	3	3
在你跟前	zngq	1	4
早年间	znj	1	3
自虐狂	znk	1	3
在你看来	znkl	1	4
在那里	znl	1	3
在哪里	znl	2	3
在哪里啊	znla	1	4
在哪里跌倒	znld	1	4
在哪里呢	znln	1	4
贼你妈	znm	1	3
在你面前	znmq	1	4
在哪呢	znn	1	3
祖奶奶	znn	2	3
在你那边	znnb	1	4
灾难片	znp	1	3
在你旁边	znpb	1	4
子女入学	znrx	1	4
在娘胎里	zntl	1	4
在那时	znu	1	3
怎能说	znu	2	3
最拿手	znu	3	3
在你身边	znub	1	4
在你身旁	znup	1	4
遭难者	znv	1	3
阻尼振动	znvd	1	4
在那之后	znvh	1	4
在那之前	znvq	1	4
在那种情况下	znvx	1	4
灾难性	znx	1	3
走内线	znx	2	3
自南向北	znxb	1	4
最难消受美人恩	znxe	1	4
在那些人	znxr	1	4
子女玉帛	znyb	1	4
在那以后	znyh	1	4
在你眼里	znyl	1	4
在那一年	znyn	1	4
在那以前	znyq	1	4
在你眼前	znyq	2	4
在那一天	znyt	1	4
择偶标准	zobv	1	4
择偶条件	zotj	2	4
作品	zp	1	2
在旁边	zpb	1	3
字频表	zpb	2	3
自频道	zpd	1	3
作品点评	zpdp	1	4
走偏锋	zpf	1	3
自拍杆	zpg	1	3
总排行	zph	1	3
再平常不过	zpig	1	4
作品集	zpj	1	3
杂牌军	zpj	2	3
走偏了	zpl	1	3
总排名	zpm	1	3
子品牌	zpp	1	3
做品牌	zpp	2	3
作品评价	zppj	1	4
在旁人看来	zprl	1	4
作品题材	zptc	1	4
作品展	zpv	1	3
作品选	zpx	1	3
做朋友	zpy	1	3
嘴皮子	zpz	1	3
左撇子	zpz	2	3
增强	zq	1	2
早期	zq	2	2
增强版	zqb	1	3
足球宝贝	zqbb	1	4
足球比赛	zqbs	1	4
暂且不提	zqbt	1	4
足球队	zqd	1	3
自启动	zqd	2	3
早起的鸟儿有虫吃	zqdi	1	4
早起的虫儿被鸟吃	zqdi	2	4
最强大脑	zqdn	1	4
左前方	zqf	1	3
在全国	zqg	1	3
在全国范围内	zqgn	1	4
最奇怪的是	zqgu	1	4
纵情歌舞	zqgw	1	4
增强活力	zqhl	1	4
最清楚	zqi	1	3
足球场	zqi	2	3
坐汽车	zqi	3	3
再清楚不过	zqig	1	4
作曲家	zqj	1	3
遭枪击	zqj	2	3
纵情酒色	zqjs	1	4
坐起来	zql	1	3
增强了	zql	2	3
燥起来	zql	3	3
左青龙右白虎	zqlh	1	4
总起来看	zqlk	1	4
最起码	zqm	1	3
最前面	zqm	2	3
最全面	zqm	3	3
最起码的	zqmd	1	4
走亲戚	zqq	1	3
自取其乐	zqql	1	4
足球赛	zqs	1	3
藏青色	zqs	2	3
在气头上	zqtu	1	4
增强体质	zqtv	1	4
在其他情况下	zqtx	1	4
纵情山水	zquu	1	4
择其善者而从之	zquv	1	4
足球之夜	zqvy	1	4
在其位	zqw	1	3
最强王者	zqwv	1	4
嘴强王者	zqwv	2	4
在其位谋其政	zqwv	3	4
最强音	zqy	1	3
足窍阴	zqy	2	3
做强做大	zqzd	1	4
早去早归	zqzg	1	4
早期作品	zqzp	1	4
早起早睡	zqzu	1	4
纵情恣欲	zqzy	1	4
责任	zr	2	2
自然	zr	3	2
遭人暗算	zras	1	4
责任比例	zrbl	1	4
自然保护区	zrbq	2	4
择日不如撞日	zrbr	1	4
自然村	zrc	1	3
昨日词云	zrcy	1	4
自然带	zrd	1	3
自然段	zrd	2	3
做人道理	zrdl	1	4
做人的道理	zrdl	2	4
责任到人	zrdr	1	4
责任单位	zrdw	1	4
责任底薪	zrdx	1	4
载人登月	zrdy	1	4
择人而噬	zreu	1	4
自然风	zrf	1	3
责任分配	zrfp	1	4
自然发生	zrfu	1	4
择日飞升	zrfu	2	4
自然发展	zrfv	1	4
责任风险	zrfx	1	4
责任感	zrg	1	3
自然光	zrg	2	3
自然感	zrg	3	3
责任公司	zrgs	1	4
自然会	zrh	1	3
再然后	zrh	2	3
在任何时候	zrhh	2	4
再然后呢	zrhn	1	4
载人航天	zrht	1	4
在任何情况下	zrhx	1	4
责任承担	zrid	1	4
在日常生活中	zriv	1	4
遭人耻笑	zrix	1	4
昨日重现	zrix	2	4
在人间	zrj	2	3
自然界	zrj	3	3
阻燃剂	zrj	4	3
自然景观	zrjg	1	4
自然就是	zrju	2	4
总人口	zrk	1	3
自然课	zrk	2	3
早日康复	zrkf	1	4
责任考核	zrkh	2	4
责任领导	zrld	1	4
自然晾干	zrlg	1	4
责任落实	zrlu	1	4
在人类历史上	zrlu	2	4
做人留一线	zrlx	1	4
自然美	zrm	1	3
自然码	zrm	2	3
责任明确	zrmq	1	4
赠人玫瑰，手有余香	zrmx	1	4
赠人玫瑰手有余香	zrmx	2	4
自然免疫	zrmy	1	4
责任内阁	zrng	1	4
自然拼音	zrpy	1	4
责任区	zrq	1	3
自然奇观	zrqg	1	4
自然人	zrr	2	3
责任人	zrr	3	3
责任认定	zrrd	1	4
责任田	zrt	1	3
责任条款	zrtk	1	4
在人体内	zrtn	1	4
责任体系	zrtx	1	4
自然是	zru	1	3
纵然是	zru	2	3
总人数	zru	3	3
自然数	zru	4	3
责任书	zru	5	3
自然生长	zrui	2	4
自然双拼	zrup	1	4
滋扰生事	zruu	1	4
在人生的道路上	zruu	2	4
早日实现	zrux	1	4
责任制	zrv	1	3
自然哲学	zrvx	1	4
昨日之星	zrvx	2	4
自认为	zrw	1	3
总认为	zrw	2	3
做任务	zrw	3	3
再让我	zrw	4	3
最让我	zrw	5	3
总任务	zrw	6	3
早日完成	zrwi	1	4
责任心	zrx	1	3
自然醒	zrx	2	3
遭人陷害	zrxh	1	4
最容易	zry	1	3
自然遗产	zryi	1	4
自然因素	zrys	1	4
责任有限公司	zrys	2	4
责任自负	zrzf	1	4
责任在你	zrzn	1	4
责任在他	zrzt	1	4
责任在她	zrzt	2	4
做人做事	zrzu	1	4
责任在我	zrzw	1	4
总算	zs	2	2
自私	zs	3	2
走私案	zsa	1	3
走私案件	zsaj	1	4
自损八百	zsbb	1	4
葬送掉	zsd	2	3
走私毒品	zsdp	1	4
走私犯	zsf	2	3
走四方	zsf	3	3
姿色过人	zsgr	5	4
走私车	zsi	2	3
最速传说	zsiu	1	4
增塑剂	zsj	2	3
再三交代	zsjd	1	4
再三考虑	zskl	1	4
再三恳求	zskq	1	4
总司令	zsl	1	3
足三里	zsl	2	3
做什么	zsm	1	3
子孙满堂	zsmt	1	4
姿色平平	zspp	1	4
再三强调	zsqd	1	4
再三请求	zsqq	1	4
再三确认	zsqr	1	4
再三强调	zsqt	1	4
祖孙三代	zssd	1	4
子孙三代	zssd	2	4
再三思考	zssk	1	4
再三思索	zsss	1	4
再三说明	zsum	1	4
在死亡的边缘疯狂试探	zswt	1	4
紫色心情	zsxq	1	4
再三要求	zsyq	1	4
早死早超生	zszu	2	4
昨天	zt	1	2
暂停	zt	2	2
姿态	zt	3	2
总体布局	ztbj	1	4
总体把握	ztbw	1	4
自提点	ztd	1	3
钻天打洞	ztdd	1	4
总统大选	ztdx	1	4
走调儿	zte	1	3
总统府	ztf	1	3
在逃犯	ztf	2	3
总体方案	ztfa	1	4
暂停服务	ztfw	1	4
自提柜	ztg	1	3
在逃公主	ztgv	1	4
昨天还	zth	1	3
座谈会	zth	2	3
最痛恨	zth	3	3
走桃花运	zthy	1	4
暂停成功	ztig	1	4
在通常情况下	ztix	1	4
暂停键	ztj	1	3
座头鲸	ztj	2	3
昨天今天明天	ztjt	1	4
字体库	ztk	1	3
组团开黑	ztkh	1	4
在他看来	ztkl	1	4
在她看来	ztkl	2	4
在讨论	ztl	1	3
增添了	ztl	2	3
糟蹋了	ztl	3	3
糟透了	ztl	4	3
总体来看	ztlk	1	4
总体来说	ztlu	1	4
扎铁了老心	ztlx	1	4
总体目标	ztmb	1	4
增添麻烦	ztmf	2	4
遭天谴	ztq	1	3
字体驱动	ztqd	1	4
总投入	ztr	1	3
在他人看来	ztrl	1	4
在逃人员	ztry	1	4
紫铜色	zts	1	3
总体思路	ztsl	1	4
总统套房	zttf	1	4
总体上	ztu	1	3
总体上讲	ztuj	1	4
总体说来	ztul	1	4
总体水平	ztup	1	4
总体上说	ztuu	1	4
昨天上午	ztuw	1	4
在特殊情况下	ztux	1	4
昨天中午	ztvw	1	4
姿态万千	ztwq	2	4
昨天晚上	ztwu	1	4
暂停学	ztx	1	3
暂停学表情	ztxq	1	4
昨天下午	ztxw	1	4
自掏腰包	ztyb	1	4
最讨厌了	ztyl	2	4
在天愿做比翼鸟	ztyn	1	4
总体要求	ztyq	1	4
左挑右选	ztyx	1	4
总投资	ztz	1	3
再探再报	ztzb	1	4
自弹自唱	ztzi	1	4
昨天早晨	ztzi	2	4
昨天早上	ztzu	1	4
总是	zu	2	2
暂时	zu	3	2
再说吧	zub	1	3
在身边	zub	2	3
座上宾	zub	3	3
在上边	zub	4	3
作声不得	zubd	1	4
做声不得	zubd	2	4
再熟不过	zubg	2	4
暂时不能	zubn	1	4
嘴上不饶人	zubr	1	4
暂时不是	zubu	2	4
暂时不行	zubx	1	4
字数不限	zubx	2	4
走肾不走心	zubx	3	4
暂时不需要	zuby	1	4
自身不足	zubz	1	4
遭受到	zud	2	3
左声道	zud	3	3
葬身大海	zudh	2	4
自身定位	zudw	1	4
杂食动物	zudw	2	4
走神儿	zue	1	3
左上方	zuf	1	3
增删改	zug	2	3
左竖钩	zug	3	3
坐山观虎斗	zugd	1	4
嘴上功夫	zugf	2	4
增删改查	zugi	1	4
遵守规矩	zugj	1	4
总是感觉	zugj	2	4
遵守规则	zugz	3	4
早上好	zuh	1	3
最适合	zuh	2	3
紫砂壶	zuh	3	3
早生华发	zuhf	1	4
葬身火海	zuhh	1	4
遵守合同	zuht	1	4
在社会上	zuhu	2	4
最受欢迎	zuhy	1	4
再生产	zui	1	3
增删查改	zuig	2	4
左上角	zuj	1	3
做手脚	zuj	2	3
总书记	zuj	3	3
总是觉得	zujd	1	4
昨是今非	zujf	1	4
遵守纪律	zujl	1	4
走上绝路	zujl	2	4
遵守交通规则	zujz	1	4
最深刻	zuk	2	3
再说了	zul	1	3
走上了	zul	2	3
坐上来自己动	zuld	2	4
暂时落后	zulh	1	4
暂时领先	zulx	1	4
自身利益	zuly	1	4
在上面	zum	1	3
做什么	zum	2	3
最上面	zum	3	3
暂时没空	zumk	1	4
暂时没有	zumy	1	4
自身免疫	zumy	2	4
在室内	zun	1	3
总是那么	zunm	2	4
自恃清高	zuqg	2	4
最受青睐	zuql	2	4
走上前去	zuqq	2	4
总收入	zur	1	3
资深人士	zuru	1	4
做事认真	zurv	1	4
走势图	zut	1	3
左视图	zut	2	3
做手术	zuu	2	3
嘴上说	zuu	3	3
做实事	zuu	4	3
怎生是好	zuuh	2	4
自杀式攻击	zuuj	1	4
自杀式袭击	zuuj	2	4
走上神坛	zuut	2	4
嘴上说说	zuuu	1	4
自杀身亡	zuuw	1	4
走上正轨	zuvg	1	4
总是这么	zuvm	1	4
暂时只能	zuvn	1	4
赞赏照片	zuvp	2	4
总是这样	zuvy	1	4
左手指月	zuvy	2	4
自述文件	zuwj	1	4
再世为人	zuwr	1	4
钻石王老五	zuww	2	4
再说下	zux	2	3
暂时性	zux	3	3
杂食性	zux	4	3
再熟悉不过	zuxg	1	4
走上邪路	zuxl	1	4
最熟悉的陌生人	zuxr	1	4
字数限制	zuxv	1	4
做生意	zuy	2	3
祖师爷	zuy	3	3
做实验	zuy	4	3
自适应	zuy	5	3
再说一遍	zuyb	2	4
再说一次	zuyc	1	4
祖上有德	zuyd	1	4
总是要还的	zuyd	2	4
在水一方	zuyf	2	4
燥湿运脾	zuyp	2	4
自身引起	zuyq	1	4
嘴上一套	zuyt	3	4
自树一帜	zuyv	1	4
则是因为	zuyw	1	4
做是做	zuz	2	3
早睡早起身体好	zuzh	2	4
组织	zv	2	2
最终	zv	3	2
做准备	zvb	1	3
在这边	zvb	2	3
组织部	zvb	3	3
最终版	zvb	4	3
杂志报刊	zvbk	1	4
最终兵器	zvbq	1	4
在这次	zvc	1	3
自助餐	zvc	2	3
组织才能	zvcn	1	4
最终测试	zvcu	1	4
早知道	zvd	1	3
在指定地点	zvdd	1	4
早知道还是	zvdu	1	4
组织动员	zvdy	1	4
在这儿	zve	2	3
自住房	zvf	1	3
在这方面	zvfm	1	4
组织分配	zvfp	1	4
增值服务	zvfw	1	4
最终发现	zvfx	1	4
组织犯罪	zvfz	1	4
在这个	zvg	1	3
宗主国	zvg	2	3
在职干部	zvgb	1	4
尊重规律	zvgl	1	4
组织观念	zvgn	1	4
最终归宿	zvgs	1	4
在这个世界上	zvgu	1	4
在这个基础上	zvgu	2	4
在这个情况下	zvgx	2	4
总指挥	zvh	2	3
组织化	zvh	3	3
子账号	zvh	4	3
组织活动	zvhd	1	4
自助火锅	zvhg	1	4
再铸辉煌	zvhh	1	4
增长缓慢	zvhm	1	4
最终还是	zvhu	1	4
自主呼吸	zvhx	2	4
最终幻想	zvhx	3	4
总支出	zvi	1	3
造纸厂	zvi	2	3
再正常不过	zvig	1	4
最终成果	zvig	2	4
最终成为	zviw	1	4
自主创新	zvix	1	4
在正常情况下	zvix	2	4
自主创业	zviy	2	4
组装机	zvj	1	3
最终决定	zvjd	1	4
最终结果	zvjg	2	4
作战计划	zvjh	1	4
早知今日，何必当初	zvji	2	4
最终解释权	zvjq	3	4
早知今日	zvjr	1	4
最终决战	zvjv	2	4
最终解释权归本人所有	zvjy	2	4
走着看	zvk	1	3
在这里	zvl	1	3
自制力	zvl	2	3
载重量	zvl	3	3
增长率	zvl	4	3
自制力差	zvli	2	4
自知理亏	zvlk	1	4
自制力弱	zvlr	1	4
尊重历史	zvlu	1	4
咋这么	zvm	1	3
兹证明	zvm	2	3
最终目标	zvmb	1	4
最终目的	zvmd	1	4
自找没趣	zvmq	1	4
再这么下去	zvmq	2	4
自主命题	zvmt	1	4
早着呢	zvn	1	3
组织能力	zvnl	1	4
走之旁	zvp	1	3
组织培养	zvpy	1	4
资质平庸	zvpy	2	4
自主权	zvq	1	3
走着瞧	zvq	2	3
自治区	zvq	3	3
走着瞧吧	zvqb	2	4
自证清白	zvqb	3	4
组织群众	zvqv	1	4
尊重人	zvr	1	3
早知如此	zvrc	1	4
尊重人格	zvrg	1	4
早知如此，何必当初	zvri	1	4
早知如此何必当初	zvri	2	4
暂住人口	zvrk	1	4
资质认证	zvrv	1	4
自传体	zvt	1	3
尊重他人	zvtr	1	4
自助天助	zvtv	1	4
尊重他人命运	zvty	1	4
再者说	zvu	1	3
组织上	zvu	2	3
赞助商	zvu	3	3
杂志社	zvu	4	3
做正事	zvu	5	3
增值税	zvu	6	3
尊重生命	zvum	1	4
尊重事实	zvuu	1	4
坐直身子	zvuz	2	4
在这种	zvv	1	3
组织者	zvv	2	3
暂住证	zvv	3	3
自治州	zvv	4	3
尊重祝福	zvvf	1	4
资质证明	zvvm	2	4
自主知识产权	zvvq	2	4
增长知识	zvvu	2	4
资质证书	zvvu	3	4
在这种情况下	zvvx	1	4
早中晚	zvw	1	3
组织文化	zvwh	1	4
自主性	zvx	2	3
组织性	zvx	3	3
自治县	zvx	4	3
自助下单	zvxd	1	4
自证陷阱	zvxj	1	4
卒章显志	zvxv	1	4
最重要	zvy	1	3
在这样	zvy	2	3
最主要	zvy	3	3
左中右	zvy	4	3
自助游	zvy	5	3
最重要的	zvyd	1	4
最主要的	zvyd	2	4
自主研发	zvyf	1	4
在这样一个	zvyg	1	4
在这一刻	zvyk	2	4
组织严密	zvym	1	4
在这以前	zvyq	1	4
再这样下去	zvyq	2	4
最重要的是	zvyu	1	4
尊重原著	zvyv	1	4
增值业务	zvyw	1	4
在这样的情况下	zvyx	1	4
组织语言	zvyy	1	4
自证预言	zvyy	2	4
走着走着就散了	zvzl	1	4
尊重自然	zvzr	1	4
自斟自饮	zvzy	1	4
作为	zw	2	2
自我	zw	3	2
自我暗示	zwau	1	4
自我安慰	zwaw	1	4
在外奔波	zwbb	2	4
自我贬低	zwbd	1	4
作为报答	zwbd	2	4
自我保护	zwbh	1	4
自我保护意识	zwbu	1	4
自我催眠	zwcm	1	4
自我测试	zwcu	1	4
自卫队	zwd	1	3
最伟大	zwd	2	3
作为代价	zwdj	2	4
早晚的事	zwdu	2	4
再无斗志	zwdv	1	4
在我耳边	zweb	1	4
自我封闭	zwfb	1	4
坐稳扶好	zwfh	1	4
自我防护	zwfh	2	4
自卫反击	zwfj	1	4
自我发展	zwfv	1	4
紫外光	zwg	1	3
自我感动	zwgd	1	4
自我感觉良好	zwgh	1	4
自我感觉	zwgj	1	4
组委会	zwh	1	3
自我毁灭	zwhm	1	4
自我怀疑	zwhy	1	4
早晚会有	zwhy	2	4
总务处	zwi	1	3
最为成功	zwig	1	4
杂物间	zwj	1	3
最为精彩	zwjc	1	4
自我监督	zwjd	1	4
自我极意功	zwjg	1	4
作为交换	zwjh	1	4
自我检查	zwji	2	4
自我简介	zwjj	1	4
子文件夹	zwjj	2	4
再无交集	zwjj	3	4
自我奖励	zwjl	1	4
自我激励	zwjl	2	4
作为纪念	zwjn	1	4
作文竞赛	zwjs	1	4
自我检讨	zwjt	1	4
自我介绍	zwju	1	4
自我救赎	zwju	2	4
自我价值	zwjv	1	4
赠完即止	zwjv	2	4
作文结尾	zwjw	1	4
自我极意	zwjy	1	4
总务科	zwk	1	3
自我肯定	zwkd	1	4
做完了	zwl	1	3
走完了	zwl	2	3
走弯路	zwl	3	3
早忘了	zwl	4	3
砸瓦鲁多	zwld	1	4
子午流注	zwlv	1	4
在外面	zwm	1	3
在我们	zwm	2	3
在我们的	zwmd	1	4
在我们看来	zwml	1	4
在我面前	zwmq	1	4
造物弄人	zwnr	1	4
暂无评分	zwpf	1	4
自我评价	zwpj	1	4
足慰平生	zwpu	1	4
自我膨胀	zwpv	1	4
自慰器	zwq	1	3
在我前面	zwqm	1	4
自我欺骗	zwqp	1	4
自我认知	zwrv	1	4
最为突出	zwti	1	4
自我调节	zwtj	1	4
坐位体前屈	zwtq	1	4
自我提升	zwtu	1	4
座位上	zwu	1	3
再往上	zwu	2	3
在网上	zwu	3	3
昨晚上	zwu	4	3
在我身边	zwub	1	4
自我胜利	zwul	1	4
自我实现	zwux	1	4
自我设限	zwux	2	4
在我这	zwv	1	3
造物主	zwv	2	3
做文章	zwv	3	3
作伪证	zwv	4	3
作为重点	zwvd	1	4
醉翁之意不在酒	zwvj	1	4
在我这里	zwvl	1	4
最为致命	zwvm	1	4
在我之上	zwvu	1	4
自我中心	zwvx	1	4
赠完为止	zwwv	1	4
紫外线	zwx	1	3
子午线	zwx	2	3
最危险的地方就是最安全的地方	zwxf	1	4
在我心里	zwxl	2	4
自我欣赏	zwxu	2	4
在我心中	zwxv	1	4
自我修养	zwxy	1	4
早晚要	zwy	2	3
灶王爷	zwy	3	3
作为一个	zwyg	1	4
在我眼里	zwyl	1	4
子网掩码	zwym	1	4
作为一名	zwym	2	4
自我要求	zwyq	1	4
再闻已是曲中人	zwyr	1	4
早晚有一天	zwyt	1	4
自我意识	zwyu	1	4
自我约束	zwyu	2	4
自我意识过剩	zwyu	3	4
作为一种	zwyv	1	4
在我眼中	zwyv	2	4
左问右问	zwyw	1	4
再问自杀	zwzu	1	4
仔细	zx	1	2
自信	zx	2	2
走向	zx	3	2
最新版	zxb	1	3
总行吧	zxb	2	3
在下边	zxb	3	3
尊享版	zxb	4	3
足协杯	zxb	5	3
最新版本	zxbb	1	4
自行百度	zxbd	1	4
最新报道	zxbd	2	4
再想办法	zxbf	2	4
贼心不改	zxbg	1	4
早霞不出门	zxbm	1	4
自信爆棚	zxbp	1	4
仔细地	zxd	1	3
在线等	zxd	2	3
扎线带	zxd	3	3
总协定	zxd	4	3
宰相肚里能撑船	zxdi	1	4
扎西德勒	zxdl	1	4
自行代入	zxdr	1	4
最新动态	zxdt	1	4
座下弟子	zxdz	1	4
最小二乘法	zxef	1	4
左下方	zxf	1	3
罪刑法定	zxfd	2	4
在线发牌	zxfp	1	4
左斜杠	zxg	1	3
自选股	zxg	2	3
做小工	zxg	3	3
在线观看	zxgk	1	4
最小公倍数	zxgu	1	4
最喜欢	zxh	1	3
总喜欢	zxh	2	3
最小化	zxh	3	3
最喜欢的一集	zxhj	1	4
自信回头	zxht	1	4
自行车	zxi	1	3
在现场	zxi	2	3
自行车灯	zxid	1	4
走向成功	zxig	1	4
自行处理	zxil	1	4
左下角	zxj	1	3
自行解决	zxjj	1	4
在线监控	zxjk	1	4
最新进展	zxjv	1	4
在线教学	zxjx	1	4
在线解压	zxjy	1	4
自习课	zxk	1	3
在线客服	zxkf	1	4
资讯科技	zxkj	1	4
仔细看看	zxkk	1	4
仔细考虑	zxkl	1	4
自学考试	zxku	1	4
坐下来	zxl	1	3
扎心了	zxl	2	3
自行了断	zxld	1	4
嘴下留德	zxld	2	4
在下面	zxm	1	3
最下面	zxm	2	3
最炫民族风	zxmf	1	4
自信满满	zxmm	1	4
早些年	zxn	1	3
走下去	zxq	1	3
做下去	zxq	2	3
坐下去	zxq	3	3
总需求	zxq	4	3
在校期间	zxqj	1	4
仔细瞧瞧	zxqq	1	4
再续前缘	zxqy	1	4
仔细认真	zxrv	1	4
咨询热线	zxrx	1	4
做些什么	zxsm	1	4
仔细搜索	zxss	1	4
自行搜索	zxss	2	4
子系统	zxt	1	3
走下台	zxt	2	3
坐享天成	zxti	1	4
暂行条例	zxtl	1	4
仔细推敲	zxtq	1	4
自行调整	zxtv	1	4
在线提问	zxtw	1	4
在相同条件下	zxtx	1	4
在线体验	zxty	1	4
在校生	zxu	1	3
自习室	zxu	2	3
咨询师	zxu	3	3
走形式	zxu	4	3
走向社会	zxuh	2	4
自行设计	zxuj	3	4
在线视频	zxup	1	4
自信收枪	zxuq	1	4
走下神坛	zxut	1	4
仔细筛选	zxux	1	4
最小值	zxv	1	3
在线支付	zxvf	1	4
仔细琢磨	zxvm	1	4
在线状态	zxvt	1	4
仔细斟酌	zxvv	1	4
做学问	zxw	1	3
总希望	zxw	2	3
在线文档	zxwd	1	4
钻心剜骨	zxwg	1	4
再想想	zxx	1	3
在学校	zxx	2	3
自信心	zxx	3	3
脏兮兮	zxx	4	3
醉醺醺	zxx	5	3
自西向东	zxxd	1	4
作息习惯	zxxg	1	4
在学校里	zxxl	1	4
最新显示	zxxu	1	4
仔细想想	zxxx	2	4
最需要	zxy	1	3
醉心于	zxy	2	3
在线阅读	zxyd	1	4
仔细阅读	zxyd	2	4
再下一城	zxyi	1	4
仔细研究	zxyj	1	4
仔细一看	zxyk	1	4
在线预览	zxyl	1	4
左行右立	zxyl	2	4
最新一期	zxyq	1	4
在下一盘很大的棋	zxyq	2	4
自行研制	zxyv	1	4
仔细一想	zxyx	1	4
在现有的条件下	zxyx	2	4
在现在	zxz	1	3
怎样	zy	2	2
左右	zy	3	2
重要	zy	4	2
自有安排	zyap	2	4
自由翱翔	zyax	1	4
再也不	zyb	1	3
走一步	zyb	2	3
作业本	zyb	3	3
走一波	zyb	4	3
走一步看一步	zybb	1	4
走一步算一步	zybb	2	4
遭遇不测	zybc	1	4
作用不大	zybd	1	4
自有办法	zybf	1	4
左右不分	zybf	2	4
自由奔放	zybf	3	4
再也不敢	zybg	1	4
再也不会	zybh	1	4
再也不见	zybj	1	4
自由搏击	zybj	2	4
再也不能	zybn	1	4
再也不可能	zybn	2	4
再也不是	zybu	1	4
早已不是	zybu	2	4
在一般情况下	zybx	1	4
再也不用	zyby	1	4
再也不要	zyby	2	4
再一次	zyc	1	3
最右侧	zyc	2	3
再一次证明	zycm	1	4
怎样才能	zycn	1	4
早有此意	zycy	1	4
怎样的	zyd	1	3
早一点	zyd	2	3
自由度	zyd	3	3
遭遇到	zyd	4	3
做一点	zyd	5	3
综艺大观	zydg	1	4
怎样的一个	zydg	2	4
自有大儒为我辩经	zydj	1	4
在一定范围内	zydn	1	4
怎样的人	zydr	1	4
早有打算	zyds	1	4
在一定程度上	zydu	1	4
自有定数	zydu	2	4
总有刁民想害朕	zydv	1	4
字眼儿	zye	1	3
早有耳闻	zyew	1	4
在押犯	zyf	2	3
造谣诽谤	zyfb	1	4
早有防备	zyfb	2	4
左右分屏	zyfb	3	4
自有分寸	zyfc	1	4
早有防范	zyff	2	4
自由发挥	zyfh	1	4
资源分配	zyfp	1	4
自由分配	zyfp	2	4
自愿放弃	zyfq	1	4
自由飞翔	zyfx	1	4
在一个	zyg	1	3
做一个	zyg	2	3
再一个	zyg	3	3
自由港	zyg	4	3
总有个	zyg	5	3
纵欲过度	zygd	1	4
资源管理器	zygq	1	4
在严格意义上	zygu	1	4
早应该这样	zygy	1	4
在以后	zyh	2	3
自由化	zyh	3	3
左引号	zyh	4	3
左右互搏	zyhb	1	4
自由活动	zyhd	1	4
资源环境	zyhj	1	4
左右互击	zyhj	2	4
总用户数	zyhu	1	4
在远处	zyi	1	3
作业场所	zyis	2	4
早已成为	zyiw	1	4
早已经	zyj	1	3
早已将	zyj	2	3
最要紧	zyj	3	3
最优解	zyj	4	3
自由基	zyj	5	3
自愿加班	zyjb	1	4
足以见得	zyjd	1	4
最要紧的	zyjd	2	4
左右夹攻	zyjg	1	4
早有计划	zyjh	1	4
昨夜今晨	zyji	2	4
早有警觉	zyjj	1	4
左右击键	zyjj	2	4
综艺节目	zyjm	1	4
纵有疾风起	zyjq	1	4
尊严尽丧	zyjs	1	4
作用就是	zyju	1	4
早已经是	zyju	2	4
资源节约	zyjy	1	4
曾轶可	zyk	2	3
早有看法	zykf	1	4
早有考虑	zykl	1	4
自由扩散	zyks	1	4
作用力	zyl	2	3
最有力	zyl	3	3
遭遇了不测	zylc	2	4
早已料到	zyld	1	4
自由落体运动	zyld	2	4
总有理由	zyly	3	4
龇牙裂嘴	zylz	2	4
自由民	zym	1	3
座右铭	zym	2	3
自有妙计	zymj	1	4
自由美利坚	zymj	2	4
醉意朦胧	zyml	1	4
再也没能	zymn	1	4
再也没有	zymy	2	4
早乙女	zyn	1	3
在一旁	zyp	1	3
自由派	zyp	2	3
综艺频道	zypd	1	4
自由平等	zypd	2	4
资源配置	zypv	1	4
自由平等公正法治	zypv	2	4
在一起	zyq	1	3
最有钱	zyq	2	3
自由权	zyq	3	3
在一起的	zyqd	1	4
自有乾坤	zyqk	1	4
增益其所不能	zyqn	1	4
滋阴清热	zyqr	1	4
最有权威	zyqw	1	4
滋阴潜阳	zyqy	1	4
总有人	zyr	1	3
自由人	zyr	2	3
再也忍不住了	zyrl	1	4
总有人说	zyru	1	4
再也忍不住	zyrv	1	4
择优任用	zyry	1	4
滋阴润燥	zyrz	1	4
总预算	zys	1	3
作业题	zyt	1	3
自有天收	zytu	1	4
早有听说	zytu	2	4
做一天和尚撞一天钟	zytv	1	4
早已是	zyu	1	3
左右手	zyu	2	3
自由身	zyu	3	3
自由式	zyu	4	3
紫药水	zyu	5	3
择优上岗	zyug	1	4
在一瞬间	zyuj	1	4
怎样使用	zyuy	1	4
自由摄影	zyuy	2	4
在一种	zyv	1	3
遵医嘱	zyv	2	3
遭遇战	zyv	3	3
早有准备	zyvb	1	4
足以支撑	zyvi	2	4
自由职业者	zyvv	1	4
自以为	zyw	1	3
总以为	zyw	2	3
在野外	zyw	3	3
自由五笔	zywb	1	4
再也无法	zywf	1	4
早已忘记	zywj	1	4
自由往来	zywl	1	4
早已忘了	zywl	2	4
做一些	zyx	1	3
作用下	zyx	2	3
总有些	zyx	3	3
做游戏	zyx	4	3
最优秀	zyx	5	3
最有效	zyx	6	3
早有心理准备	zyxb	1	4
早有想法	zyxf	1	4
资源消耗	zyxh	1	4
嘴硬心软	zyxr	1	4
最有希望	zyxw	1	4
自由选择	zyxz	1	4
作用于	zyy	2	3
祖爷爷	zyy	3	3
自由泳	zyy	4	3
总医院	zyy	5	3
子欲养而亲不待	zyyd	2	4
总有一个	zyyg	1	4
左摇右晃	zyyh	1	4
早有预谋	zyym	1	4
最有意思	zyys	2	4
总有一天	zyyt	1	4
总有一种	zyyv	2	4
总有一些	zyyx	1	4
造谣一张嘴	zyyz	1	4
自愿原则	zyyz	2	4
走一遭	zyz	1	3
走一走	zyz	2	3
坐一坐	zyz	3	3
坐月子	zyz	4	3
做一做	zyz	5	3
做样子	zyz	6	3
自由组合	zyzh	1	4
自怨自艾	zyzy	2	4
坐在	zz	2	2
走在	zz	3	2
早做安排	zzap	1	4
脏脏包	zzb	1	3
纵坐标	zzb	2	3
在再不分	zzbf	2	4
做早餐	zzc	2	3
做早操	zzc	3	3
自造词	zzc	4	3
在座的	zzd	2	3
在座的各位都是垃圾	zzdj	1	4
再作道理	zzdl	1	4
早作打算	zzds	2	4
坐在地上	zzdu	2	4
在座的各位	zzdw	1	4
在座的有	zzdy	1	4
早早儿	zze	2	3
曾祖父	zzf	1	3
自在飞扬	zzfy	1	4
总座高见	zzgj	2	4
咋咋呼呼	zzhh	1	4
做最坏的打算	zzhs	2	4
总资产	zzi	2	3
祖宗成法	zzif	1	4
攒足劲	zzj	1	3
自在极意功	zzjg	1	4
栽赃嫁祸	zzjh	1	4
砸自己的脚	zzjj	3	4
走自己的路	zzjl	1	4
自在极意	zzjy	1	4
字字铿锵	zzkq	1	4
攒足了劲	zzlj	1	4
再怎么	zzm	1	3
在做梦	zzm	2	3
曾祖母	zzm	3	3
再怎么好	zzmh	1	4
再怎么说	zzmu	1	4
再怎么样	zzmy	1	4
自作孽	zzn	1	3
自作孽不可活	zznh	1	4
自作孽，不可活	zznh	2	4
坐在那里	zznl	1	4
走资派	zzp	2	3
仄仄平平	zzpp	1	4
在最前	zzq	1	3
祖宗三代	zzsd	1	4
左宗棠	zzt	1	3
祖宗十八代	zzud	1	4
早作准备	zzvb	1	4
祖宗之法不可变	zzvb	2	4
祖宗之法	zzvf	1	4
孜孜追求	zzvq	1	4
最最重要	zzvy	1	4
字字箴言	zzvy	2	4
自尊心	zzx	1	3
早自习	zzx	2	3
自在逍遥	zzxy	1	4
做作业	zzy	2	3
钻字眼	zzy	3	3
坐在一边	zzyb	2	4
再走一步	zzyb	3	4
坐在原地	zzyd	1	4
足足有余	zzyy	2	4
做做样子	zzyz	1	4
啧啧啧	zzz	1	3
早早早	zzz	2	3
自尊自爱	zzza	1	4
总在最前	zzzq	1	4
